assistance_award_unique_key,award_id_fain,award_id_uri,sai_number,disaster_emergency_fund_codes,outlayed_amount_from_COVID-19_supplementals,obligated_amount_from_COVID-19_supplementals,outlayed_amount_from_IIJA_supplemental,obligated_amount_from_IIJA_supplemental,award_latest_action_date,award_latest_action_date_fiscal_year,total_obligated_amount,total_outlayed_amount,indirect_cost_federal_share_amount,total_non_federal_funding_amount,total_funding_amount,total_face_value_of_loan,total_loan_subsidy_cost,award_base_action_date,award_base_action_date_fiscal_year,period_of_performance_start_date,period_of_performance_current_end_date,awarding_agency_code,awarding_agency_name,awarding_sub_agency_code,awarding_sub_agency_name,awarding_office_code,awarding_office_name,funding_agency_code,funding_agency_name,funding_sub_agency_code,funding_sub_agency_name,funding_office_code,funding_office_name,treasury_accounts_funding_this_award,federal_accounts_funding_this_award,object_classes_funding_this_award,program_activities_funding_this_award,recipient_uei,recipient_duns,recipient_name,recipient_name_raw,recipient_parent_uei,recipient_parent_duns,recipient_parent_name,recipient_country_code,recipient_country_name,recipient_address_line_1,recipient_address_line_2,recipient_city_code,recipient_city_name,prime_award_summary_recipient_county_fips_code,recipient_county_name,prime_award_summary_recipient_state_fips_code,recipient_state_code,recipient_state_name,recipient_zip_code,recipient_zip_last_4_code,prime_award_summary_recipient_cd_original,prime_award_summary_recipient_cd_current,recipient_foreign_city_name,recipient_foreign_province_name,recipient_foreign_postal_code,primary_place_of_performance_scope,primary_place_of_performance_country_code,primary_place_of_performance_country_name,primary_place_of_performance_code,primary_place_of_performance_city_name,prime_award_summary_place_of_performance_county_fips_code,primary_place_of_performance_county_name,prime_award_summary_place_of_performance_state_fips_code,primary_place_of_performance_state_name,primary_place_of_performance_zip_4,prime_award_summary_place_of_performance_cd_original,prime_award_summary_place_of_performance_cd_current,primary_place_of_performance_foreign_location,cfda_numbers_and_titles,funding_opportunity_number,funding_opportunity_goals_text,assistance_type_code,assistance_type_description,prime_award_base_transaction_description,business_funds_indicator_code,business_funds_indicator_description,business_types_code,business_types_description,record_type_code,record_type_description,highly_compensated_officer_1_name,highly_compensated_officer_1_amount,highly_compensated_officer_2_name,highly_compensated_officer_2_amount,highly_compensated_officer_3_name,highly_compensated_officer_3_amount,highly_compensated_officer_4_name,highly_compensated_officer_4_amount,highly_compensated_officer_5_name,highly_compensated_officer_5_amount,usaspending_permalink,last_modified_date
ASST_NON_1274038001_073,1274038001,,SAI EXEMPT,O: Non-emergency P.L. 116-136|Non-emergency P.L. 116-139|Non-emergency P.L. 116-260|Non-emergency P.L. 117-2,,0.00,,,2020-08-27,2020,0.00,0.00,,,0.00,0.00,0.00,2020-06-22,2020,,,073,Small Business Administration,7300,Small Business Administration,737010,OFC OF CAPITAL ACCESS,073,Small Business Administration,7300,Small Business Administration,737010,OFC OF CAPITAL ACCESS,073-2020/2021-1154-000,073-1154,"41.0: Grants, subsidies, and contributions",0702: LOAN GUARANTEE SUBSIDY,,,DAN V AUTO REPAIR,DAN V AUTO REPAIR,,,,USA,UNITED STATES,2006 LAGOON RD W,,57792,PLEASANTON,06001,ALAMEDA,06,CA,CALIFORNIA,94566,,CA-15,CA-14,,,,COUNTY-WIDE,USA,UNITED STATES,CA**001,,06001,ALAMEDA,06,CALIFORNIA,,CA-15,CA-90,,59.073: PAYCHECK PROTECTION LOAN PROGRAM (PPP),,,08,GUARANTEED/INSURED LOAN (F),TO AID SMALL BUSINESSES IN MAINTAINING WORK FORCE DURING COVID-19 PANDEMIC.,NON,NOT RECOVERY ACT,R,SMALL BUSINESS,2,NON-AGGREGATE RECORD,,,,,,,,,,,https://www.usaspending.gov/award/ASST_NON_1274038001_073/,2021-01-06 03:33:53.27803+00
ASST_NON_1408087408_073,1408087408,,SAI EXEMPT,O: Non-emergency P.L. 116-136|Non-emergency P.L. 116-139|Non-emergency P.L. 116-260|Non-emergency P.L. 117-2,135592.76,135592.76,,,2020-08-27,2020,0.00,135592.76,,,0.00,133300.00,135592.76,2020-05-04,2020,,,073,Small Business Administration,7300,Small Business Administration,737010,OFC OF CAPITAL ACCESS,073,Small Business Administration,7300,Small Business Administration,737010,OFC OF CAPITAL ACCESS,073-2020/2021-1154-000,073-1154,"41.0: Grants, subsidies, and contributions",0702: LOAN GUARANTEE SUBSIDY,,,"HUB FINANCIAL MANAGEMENT, INC","HUB FINANCIAL MANAGEMENT, INC",,,,USA,UNITED STATES,115 W CANON PERDIDO ST,,69070,SANTA BARBARA,06083,SANTA BARBARA,06,CA,CALIFORNIA,93101,,CA-24,CA-24,,,,COUNTY-WIDE,USA,UNITED STATES,CA**083,,06083,SANTA BARBARA,06,CALIFORNIA,,CA-24,CA-24,,59.073: PAYCHECK PROTECTION LOAN PROGRAM (PPP),,,08,GUARANTEED/INSURED LOAN (F),TO AID SMALL BUSINESSES IN MAINTAINING WORK FORCE DURING COVID-19 PANDEMIC.,NON,NOT RECOVERY ACT,R,SMALL BUSINESS,2,NON-AGGREGATE RECORD,,,,,,,,,,,https://www.usaspending.gov/award/ASST_NON_1408087408_073/,2021-01-06 03:33:53.27803+00
ASST_NON_1754088200_073,1754088200,,SAI EXEMPT,O: Non-emergency P.L. 116-136|Non-emergency P.L. 116-139|Non-emergency P.L. 116-260|Non-emergency P.L. 117-2,,0.00,,,2020-08-27,2020,0.00,0.00,,,0.00,0.00,0.00,2020-07-31,2020,,,073,Small Business Administration,7300,Small Business Administration,737010,OFC OF CAPITAL ACCESS,073,Small Business Administration,7300,Small Business Administration,737010,OFC OF CAPITAL ACCESS,073-2020/2021-1154-000,073-1154,"41.0: Grants, subsidies, and contributions",0702: LOAN GUARANTEE SUBSIDY,,,B W STRUCTURAL INC,B W STRUCTURAL INC,,,,USA,UNITED STATES,2604 BROKEN LANCE DR.,,51560,NORCO,06065,RIVERSIDE,06,CA,CALIFORNIA,92860,,CA-42,CA-41,,,,COUNTY-WIDE,USA,UNITED STATES,CA**065,,06065,RIVERSIDE,06,CALIFORNIA,,CA-42,CA-90,,59.073: PAYCHECK PROTECTION LOAN PROGRAM (PPP),,,08,GUARANTEED/INSURED LOAN (F),TO AID SMALL BUSINESSES IN MAINTAINING WORK FORCE DURING COVID-19 PANDEMIC.,NON,NOT RECOVERY ACT,R,SMALL BUSINESS,2,NON-AGGREGATE RECORD,,,,,,,,,,,https://www.usaspending.gov/award/ASST_NON_1754088200_073/,2021-01-06 03:33:53.27803+00
ASST_NON_1756898200_073,1756898200,,SAI EXEMPT,O: Non-emergency P.L. 116-136|Non-emergency P.L. 116-139|Non-emergency P.L. 116-260|Non-emergency P.L. 117-2,,0.00,,,2020-08-27,2020,0.00,0.00,,,0.00,0.00,0.00,2020-07-31,2020,,,073,Small Business Administration,7300,Small Business Administration,737010,OFC OF CAPITAL ACCESS,073,Small Business Administration,7300,Small Business Administration,737010,OFC OF CAPITAL ACCESS,073-2020/2021-1154-000,073-1154,"41.0: Grants, subsidies, and contributions",0702: LOAN GUARANTEE SUBSIDY,,,7-ELEVEN,7-ELEVEN,,,,USA,UNITED STATES,301 N CIVIC DR,,83346,WALNUT CREEK,06013,CONTRA COSTA,06,CA,CALIFORNIA,94596,,CA-11,CA-10,,,,COUNTY-WIDE,USA,UNITED STATES,CA**013,,06013,CONTRA COSTA,06,CALIFORNIA,,CA-11,CA-90,,59.073: PAYCHECK PROTECTION LOAN PROGRAM (PPP),,,08,GUARANTEED/INSURED LOAN (F),TO AID SMALL BUSINESSES IN MAINTAINING WORK FORCE DURING COVID-19 PANDEMIC.,NON,NOT RECOVERY ACT,P,INDIVIDUAL,2,NON-AGGREGATE RECORD,,,,,,,,,,,https://www.usaspending.gov/award/ASST_NON_1756898200_073/,2021-01-06 03:33:53.27803+00
ASST_NON_1761437810_073,1761437810,,SAI EXEMPT,O: Non-emergency P.L. 116-136|Non-emergency P.L. 116-139|Non-emergency P.L. 116-260|Non-emergency P.L. 117-2,,0.00,,,2020-08-27,2020,0.00,0.00,,,0.00,0.00,0.00,2020-05-21,2020,,,073,Small Business Administration,7300,Small Business Administration,737010,OFC OF CAPITAL ACCESS,073,Small Business Administration,7300,Small Business Administration,737010,OFC OF CAPITAL ACCESS,073-2020/2021-1154-000,073-1154,"41.0: Grants, subsidies, and contributions",0702: LOAN GUARANTEE SUBSIDY,,,GAI BAAN LLC,GAI BAAN LLC,,,,USA,UNITED STATES,2985 COLLEGE AVE,,06000,BERKELEY,06001,ALAMEDA,06,CA,CALIFORNIA,94705,,CA-13,CA-12,,,,COUNTY-WIDE,USA,UNITED STATES,CA**001,,06001,ALAMEDA,06,CALIFORNIA,,CA-13,CA-90,,59.073: PAYCHECK PROTECTION LOAN PROGRAM (PPP),,,08,GUARANTEED/INSURED LOAN (F),TO AID SMALL BUSINESSES IN MAINTAINING WORK FORCE DURING COVID-19 PANDEMIC.,NON,NOT RECOVERY ACT,R,SMALL BUSINESS,2,NON-AGGREGATE RECORD,,,,,,,,,,,https://www.usaspending.gov/award/ASST_NON_1761437810_073/,2021-01-06 03:33:53.27803+00
ASST_NON_1830647100_073,1830647100,,SAI EXEMPT,"9: DEFC of '9' Indicates that the data for this row is not related to a COVID-19 P.L. (DEFC not one of the following: ['L', 'M', 'N', 'O', 'P', 'U', 'V']), but that the agency has declined to specify which other DEFC (or combination of DEFCs, in the case that the money hasn't been split out like it would be with a specific DEFC value) applies. This code was discontinued on July 13, 2021.",,,,,2020-08-27,2020,0.00,346.50,,,0.00,105000.00,346.50,2020-04-11,2020,,,073,Small Business Administration,7300,Small Business Administration,737010,OFC OF CAPITAL ACCESS,073,Small Business Administration,7300,Small Business Administration,737010,OFC OF CAPITAL ACCESS,073-X-1154-000,073-1154,"41.0: Grants, subsidies, and contributions",0702: LOAN GUARANTEE SUBSIDY,,,"MOJDEH ABBASIAN D.D.S., INC.","MOJDEH ABBASIAN D.D.S., INC.",,,,USA,UNITED STATES,9254 SCRANTON RD.,#108,66000,SAN DIEGO,06073,SAN DIEGO,06,CA,CALIFORNIA,92121,,CA-52,CA-90,,,,COUNTY-WIDE,USA,UNITED STATES,CA**073,,06073,SAN DIEGO,06,CALIFORNIA,,CA-52,CA-90,,59.012: 7(A) LOAN GUARANTEES,,,08,GUARANTEED/INSURED LOAN (F),TO AID SMALL BUSINESSES WHICH ARE UNABLE TO OBTAIN FINANCING IN THE PRIVATE CREDIT MARKETPLACE,NON,NOT RECOVERY ACT,R,SMALL BUSINESS,2,NON-AGGREGATE RECORD,,,,,,,,,,,https://www.usaspending.gov/award/ASST_NON_1830647100_073/,2020-09-04 13:44:33.675634+00
ASST_NON_1937287208_073,1937287208,,SAI EXEMPT,O: Non-emergency P.L. 116-136|Non-emergency P.L. 116-139|Non-emergency P.L. 116-260|Non-emergency P.L. 117-2,5911.97,5911.97,,,2020-08-27,2020,0.00,5911.97,,,0.00,5812.00,5911.97,2020-04-16,2020,,,073,Small Business Administration,7300,Small Business Administration,737010,OFC OF CAPITAL ACCESS,073,Small Business Administration,7300,Small Business Administration,737010,OFC OF CAPITAL ACCESS,073-2020/2021-1154-000,073-1154,"41.0: Grants, subsidies, and contributions",0702: LOAN GUARANTEE SUBSIDY,,,JEANNE MARIE AUGER,JEANNE MARIE AUGER,,,,USA,UNITED STATES,4183 ADAMS AVE,,66000,SAN DIEGO,06073,SAN DIEGO,06,CA,CALIFORNIA,92116,,CA-53,CA-90,,,,COUNTY-WIDE,USA,UNITED STATES,CA**073,,06073,SAN DIEGO,06,CALIFORNIA,,CA-53,CA-90,,59.073: PAYCHECK PROTECTION LOAN PROGRAM (PPP),,,08,GUARANTEED/INSURED LOAN (F),TO AID SMALL BUSINESSES IN MAINTAINING WORK FORCE DURING COVID-19 PANDEMIC.,NON,NOT RECOVERY ACT,P,INDIVIDUAL,2,NON-AGGREGATE RECORD,,,,,,,,,,,https://www.usaspending.gov/award/ASST_NON_1937287208_073/,2021-01-06 03:33:53.27803+00
ASST_NON_1980508204_073,1980508204,,SAI EXEMPT,O: Non-emergency P.L. 116-136|Non-emergency P.L. 116-139|Non-emergency P.L. 116-260|Non-emergency P.L. 117-2,,0.00,,,2020-08-27,2020,0.00,0.00,,,0.00,0.00,0.00,2020-07-31,2020,,,073,Small Business Administration,7300,Small Business Administration,737010,OFC OF CAPITAL ACCESS,073,Small Business Administration,7300,Small Business Administration,737010,OFC OF CAPITAL ACCESS,073-2020/2021-1154-000,073-1154,"41.0: Grants, subsidies, and contributions",0702: LOAN GUARANTEE SUBSIDY,,,KULJEET SINGH,KULJEET SINGH,,,,USA,UNITED STATES,2494 GROVE WAY APT 6,,11964,CASTRO VALLEY,06001,ALAMEDA,06,CA,CALIFORNIA,94546,,CA-15,CA-14,,,,COUNTY-WIDE,USA,UNITED STATES,CA**001,,06001,ALAMEDA,06,CALIFORNIA,,CA-15,CA-90,,59.073: PAYCHECK PROTECTION LOAN PROGRAM (PPP),,,08,GUARANTEED/INSURED LOAN (F),TO AID SMALL BUSINESSES IN MAINTAINING WORK FORCE DURING COVID-19 PANDEMIC.,NON,NOT RECOVERY ACT,P,INDIVIDUAL,2,NON-AGGREGATE RECORD,,,,,,,,,,,https://www.usaspending.gov/award/ASST_NON_1980508204_073/,2021-01-06 03:33:53.27803+00
ASST_NON_2021968201_073,2021968201,,SAI EXEMPT,O: Non-emergency P.L. 116-136|Non-emergency P.L. 116-139|Non-emergency P.L. 116-260|Non-emergency P.L. 117-2,,0.00,,,2020-08-27,2020,0.00,0.00,,,0.00,0.00,0.00,2020-07-31,2020,,,073,Small Business Administration,7300,Small Business Administration,737010,OFC OF CAPITAL ACCESS,073,Small Business Administration,7300,Small Business Administration,737010,OFC OF CAPITAL ACCESS,073-2020/2021-1154-000,073-1154,"41.0: Grants, subsidies, and contributions",0702: LOAN GUARANTEE SUBSIDY,,,CANDACE JACKSON,CANDACE JACKSON,,,,USA,UNITED STATES,20103 HARALAN AVE,,11530,CARSON,06037,LOS ANGELES,06,CA,CALIFORNIA,90746,,CA-44,CA-44,,,,COUNTY-WIDE,USA,UNITED STATES,CA**037,,06037,LOS ANGELES,06,CALIFORNIA,,CA-44,CA-90,,59.073: PAYCHECK PROTECTION LOAN PROGRAM (PPP),,,08,GUARANTEED/INSURED LOAN (F),TO AID SMALL BUSINESSES IN MAINTAINING WORK FORCE DURING COVID-19 PANDEMIC.,NON,NOT RECOVERY ACT,P,INDIVIDUAL,2,NON-AGGREGATE RECORD,,,,,,,,,,,https://www.usaspending.gov/award/ASST_NON_2021968201_073/,2021-01-06 03:33:53.27803+00
ASST_NON_2074138203_073,2074138203,,SAI EXEMPT,O: Non-emergency P.L. 116-136|Non-emergency P.L. 116-139|Non-emergency P.L. 116-260|Non-emergency P.L. 117-2,,0.00,,,2020-08-27,2020,0.00,0.00,,,0.00,0.00,0.00,2020-07-31,2020,,,073,Small Business Administration,7300,Small Business Administration,737010,OFC OF CAPITAL ACCESS,073,Small Business Administration,7300,Small Business Administration,737010,OFC OF CAPITAL ACCESS,073-2020/2021-1154-000,073-1154,"41.0: Grants, subsidies, and contributions",0702: LOAN GUARANTEE SUBSIDY,,,D AND J POOLS,D AND J POOLS,,,,USA,UNITED STATES,3036 BAUTISTA ST. .,,62000,RIVERSIDE,06065,RIVERSIDE,06,CA,CALIFORNIA,92506,,CA-41,CA-39,,,,COUNTY-WIDE,USA,UNITED STATES,CA**065,,06065,RIVERSIDE,06,CALIFORNIA,,CA-41,CA-90,,59.073: PAYCHECK PROTECTION LOAN PROGRAM (PPP),,,08,GUARANTEED/INSURED LOAN (F),TO AID SMALL BUSINESSES IN MAINTAINING WORK FORCE DURING COVID-19 PANDEMIC.,NON,NOT RECOVERY ACT,P,INDIVIDUAL,2,NON-AGGREGATE RECORD,,,,,,,,,,,https://www.usaspending.gov/award/ASST_NON_2074138203_073/,2021-01-06 03:33:53.27803+00
ASST_NON_2096808204_073,2096808204,,SAI EXEMPT,,,,,,2020-08-27,2020,0.00,,,,0.00,0.00,0.00,2020-08-01,2020,,,073,Small Business Administration,7300,Small Business Administration,737010,OFC OF CAPITAL ACCESS,073,Small Business Administration,7300,Small Business Administration,737010,OFC OF CAPITAL ACCESS,,,,,,,DEVI PRIDE PHOTOGRAPHY,DEVI PRIDE PHOTOGRAPHY,,,,USA,UNITED STATES,1060 RIVER ST,STUDIO 103,69112,SANTA CRUZ,06087,SANTA CRUZ,06,CA,CALIFORNIA,95060,,CA-18,CA-19,,,,COUNTY-WIDE,USA,UNITED STATES,CA**087,,06087,SANTA CRUZ,06,CALIFORNIA,,CA-18,CA-90,,59.073: PAYCHECK PROTECTION LOAN PROGRAM (PPP),,,08,GUARANTEED/INSURED LOAN (F),TO AID SMALL BUSINESSES IN MAINTAINING WORK FORCE DURING COVID-19 PANDEMIC.,NON,NOT RECOVERY ACT,P,INDIVIDUAL,2,NON-AGGREGATE RECORD,,,,,,,,,,,https://www.usaspending.gov/award/ASST_NON_2096808204_073/,2021-01-06 03:33:53.27803+00
ASST_NON_20E3645918900004_073,20E3645918900004,,SAI EXEMPT,,,,,,2020-08-27,2020,0.00,,,,0.00,34995.00,0.00,2020-07-27,2020,,,073,Small Business Administration,7300,Small Business Administration,737010,OFC OF CAPITAL ACCESS,073,Small Business Administration,7300,Small Business Administration,737010,OFC OF CAPITAL ACCESS,,,,,,,PRO GROUP PAINTING,PRO GROUP PAINTING,,,,USA,UNITED STATES,9970 REDSTONE DRIVE,,64000,SACRAMENTO,06067,SACRAMENTO,06,CA,CALIFORNIA,95827,,CA-07,CA-06,,,,COUNTY-WIDE,USA,UNITED STATES,CA**067,,06067,SACRAMENTO,06,CALIFORNIA,,CA-07,CA-90,,59.016: SURETY BOND GUARANTEES,,,08,GUARANTEED/INSURED LOAN (F),GUARANTEE SURETY BONDS ISSUED BY COMMERCIAL SURETY COMPANIES FOR SMALL BUSINESSES UNABLE TO OBTAIN A BOND WITHOUT AN SBA GUARANTEE.,NON,NOT RECOVERY ACT,R,SMALL BUSINESS,2,NON-AGGREGATE RECORD,,,,,,,,,,,https://www.usaspending.gov/award/ASST_NON_20E3645918900004_073/,2020-09-04 13:44:33.675634+00
ASST_NON_20E6116656890008_073,20E6116656890008,,SAI EXEMPT,,,,,,2020-08-27,2020,0.00,,,,0.00,0.00,0.00,2020-08-21,2020,,,073,Small Business Administration,7300,Small Business Administration,737010,OFC OF CAPITAL ACCESS,073,Small Business Administration,7300,Small Business Administration,737010,OFC OF CAPITAL ACCESS,,,,,,,ECO ENERGY SOLUTIONS INC,ECO ENERGY SOLUTIONS INC,,,,USA,UNITED STATES,21700 NORDHOFF ST,,12748,CHATSWORTH,06111,VENTURA,06,CA,CALIFORNIA,91311,,CA-25,CA-32,,,,COUNTY-WIDE,USA,UNITED STATES,CA**037,,06037,LOS ANGELES,06,CALIFORNIA,,CA-25,CA-90,,59.016: SURETY BOND GUARANTEES,,,08,GUARANTEED/INSURED LOAN (F),GUARANTEE SURETY BONDS ISSUED BY COMMERCIAL SURETY COMPANIES FOR SMALL BUSINESSES UNABLE TO OBTAIN A BOND WITHOUT AN SBA GUARANTEE.,NON,NOT RECOVERY ACT,R,SMALL BUSINESS,2,NON-AGGREGATE RECORD,,,,,,,,,,,https://www.usaspending.gov/award/ASST_NON_20E6116656890008_073/,2020-09-04 13:44:33.675634+00
ASST_NON_20E8149763590002_073,20E8149763590002,,SAI EXEMPT,,,,,,2020-08-27,2020,0.00,,,,0.00,363000.00,0.00,2020-08-27,2020,,,073,Small Business Administration,7300,Small Business Administration,737010,OFC OF CAPITAL ACCESS,073,Small Business Administration,7300,Small Business Administration,737010,OFC OF CAPITAL ACCESS,,,,,,,RADFALL COMPANY,RADFALL COMPANY,,,,USA,UNITED STATES,26893 BOUQUET CANYON ROAD C-298,,69088,SANTA CLARITA,06037,LOS ANGELES,06,CA,CALIFORNIA,91350,,CA-25,CA-27,,,,COUNTY-WIDE,USA,UNITED STATES,CA**037,,06037,LOS ANGELES,06,CALIFORNIA,,CA-25,CA-90,,59.016: SURETY BOND GUARANTEES,,,08,GUARANTEED/INSURED LOAN (F),GUARANTEE SURETY BONDS ISSUED BY COMMERCIAL SURETY COMPANIES FOR SMALL BUSINESSES UNABLE TO OBTAIN A BOND WITHOUT AN SBA GUARANTEE.,NON,NOT RECOVERY ACT,R,SMALL BUSINESS,2,NON-AGGREGATE RECORD,,,,,,,,,,,https://www.usaspending.gov/award/ASST_NON_20E8149763590002_073/,2020-09-04 13:44:33.675634+00
ASST_NON_20E9539781770001_073,20E9539781770001,,SAI EXEMPT,,,,,,2020-08-27,2020,0.00,,,,0.00,0.00,0.00,2020-07-31,2020,,,073,Small Business Administration,7300,Small Business Administration,737010,OFC OF CAPITAL ACCESS,073,Small Business Administration,7300,Small Business Administration,737010,OFC OF CAPITAL ACCESS,,,,,,,RASMUSSEN BROTHERS CONSTRUCTION INC,RASMUSSEN BROTHERS CONSTRUCTION INC,,,,USA,UNITED STATES,40441 GAVILAN MOUNTAIN ROAD,,23462,FALLBROOK,06073,SAN DIEGO,06,CA,CALIFORNIA,92028,,CA-50,CA-48,,,,COUNTY-WIDE,USA,UNITED STATES,CA**073,,06073,SAN DIEGO,06,CALIFORNIA,,CA-50,CA-90,,59.016: SURETY BOND GUARANTEES,,,08,GUARANTEED/INSURED LOAN (F),GUARANTEE SURETY BONDS ISSUED BY COMMERCIAL SURETY COMPANIES FOR SMALL BUSINESSES UNABLE TO OBTAIN A BOND WITHOUT AN SBA GUARANTEE.,NON,NOT RECOVERY ACT,R,SMALL BUSINESS,2,NON-AGGREGATE RECORD,,,,,,,,,,,https://www.usaspending.gov/award/ASST_NON_20E9539781770001_073/,2020-09-04 13:44:33.675634+00
ASST_NON_2118118200_073,2118118200,,SAI EXEMPT,,,,,,2020-08-27,2020,0.00,,,,0.00,0.00,0.00,2020-08-01,2020,,,073,Small Business Administration,7300,Small Business Administration,737010,OFC OF CAPITAL ACCESS,073,Small Business Administration,7300,Small Business Administration,737010,OFC OF CAPITAL ACCESS,,,,,,,GLOW TANNING AND SPA SERVICES LLC,GLOW TANNING AND SPA SERVICES LLC,,,,USA,UNITED STATES,3010 WOODRUFF AVE,,43000,LONG BEACH,06037,LOS ANGELES,06,CA,CALIFORNIA,90808,,CA-47,CA-90,,,,COUNTY-WIDE,USA,UNITED STATES,CA**037,,06037,LOS ANGELES,06,CALIFORNIA,,CA-47,CA-90,,59.073: PAYCHECK PROTECTION LOAN PROGRAM (PPP),,,08,GUARANTEED/INSURED LOAN (F),TO AID SMALL BUSINESSES IN MAINTAINING WORK FORCE DURING COVID-19 PANDEMIC.,NON,NOT RECOVERY ACT,R,SMALL BUSINESS,2,NON-AGGREGATE RECORD,,,,,,,,,,,https://www.usaspending.gov/award/ASST_NON_2118118200_073/,2021-01-06 03:33:53.27803+00
ASST_NON_2150488206_073,2150488206,,SAI EXEMPT,O: Non-emergency P.L. 116-136|Non-emergency P.L. 116-139|Non-emergency P.L. 116-260|Non-emergency P.L. 117-2,,0.00,,,2020-08-27,2020,0.00,0.00,,,0.00,0.00,0.00,2020-07-31,2020,,,073,Small Business Administration,7300,Small Business Administration,737010,OFC OF CAPITAL ACCESS,073,Small Business Administration,7300,Small Business Administration,737010,OFC OF CAPITAL ACCESS,073-2020/2021-1154-000,073-1154,"41.0: Grants, subsidies, and contributions",0702: LOAN GUARANTEE SUBSIDY,,,CHRISTEN MONTERO,CHRISTEN MONTERO,,,,USA,UNITED STATES,6742 RIDGESIDE DR,,62000,RIVERSIDE,06065,RIVERSIDE,06,CA,CALIFORNIA,92506,,CA-41,CA-39,,,,COUNTY-WIDE,USA,UNITED STATES,CA**065,,06065,RIVERSIDE,06,CALIFORNIA,,CA-41,CA-90,,59.073: PAYCHECK PROTECTION LOAN PROGRAM (PPP),,,08,GUARANTEED/INSURED LOAN (F),TO AID SMALL BUSINESSES IN MAINTAINING WORK FORCE DURING COVID-19 PANDEMIC.,NON,NOT RECOVERY ACT,P,INDIVIDUAL,2,NON-AGGREGATE RECORD,,,,,,,,,,,https://www.usaspending.gov/award/ASST_NON_2150488206_073/,2021-01-06 03:33:53.27803+00
ASST_NON_2213588210_073,2213588210,,SAI EXEMPT,,,,,,2020-08-27,2020,0.00,,,,0.00,0.00,0.00,2020-08-01,2020,,,073,Small Business Administration,7300,Small Business Administration,737010,OFC OF CAPITAL ACCESS,073,Small Business Administration,7300,Small Business Administration,737010,OFC OF CAPITAL ACCESS,,,,,,,CHRISTIAN TOA,CHRISTIAN TOA,,,,USA,UNITED STATES,3937 W 119TH PL,B,32548,HAWTHORNE,06037,LOS ANGELES,06,CA,CALIFORNIA,90250,,CA-43,CA-43,,,,COUNTY-WIDE,USA,UNITED STATES,CA**037,,06037,LOS ANGELES,06,CALIFORNIA,,CA-43,CA-90,,59.073: PAYCHECK PROTECTION LOAN PROGRAM (PPP),,,08,GUARANTEED/INSURED LOAN (F),TO AID SMALL BUSINESSES IN MAINTAINING WORK FORCE DURING COVID-19 PANDEMIC.,NON,NOT RECOVERY ACT,P,INDIVIDUAL,2,NON-AGGREGATE RECORD,,,,,,,,,,,https://www.usaspending.gov/award/ASST_NON_2213588210_073/,2021-01-06 03:33:53.27803+00
ASST_NON_2218898208_073,2218898208,,SAI EXEMPT,,,,,,2020-08-27,2020,0.00,,,,0.00,0.00,0.00,2020-08-01,2020,,,073,Small Business Administration,7300,Small Business Administration,737010,OFC OF CAPITAL ACCESS,073,Small Business Administration,7300,Small Business Administration,737010,OFC OF CAPITAL ACCESS,,,,,,,APPLIED WATERPROOFING SYSTEMS,APPLIED WATERPROOFING SYSTEMS,,,,USA,UNITED STATES,2076 AMERICAN AVENUE,,33000,HAYWARD,06001,ALAMEDA,06,CA,CALIFORNIA,94545,,CA-15,CA-14,,,,COUNTY-WIDE,USA,UNITED STATES,CA**001,,06001,ALAMEDA,06,CALIFORNIA,,CA-15,CA-90,,59.073: PAYCHECK PROTECTION LOAN PROGRAM (PPP),,,08,GUARANTEED/INSURED LOAN (F),TO AID SMALL BUSINESSES IN MAINTAINING WORK FORCE DURING COVID-19 PANDEMIC.,NON,NOT RECOVERY ACT,P,INDIVIDUAL,2,NON-AGGREGATE RECORD,,,,,,,,,,,https://www.usaspending.gov/award/ASST_NON_2218898208_073/,2021-01-06 03:33:53.27803+00
ASST_NON_2218938207_073,2218938207,,SAI EXEMPT,,,,,,2020-08-27,2020,0.00,,,,0.00,0.00,0.00,2020-08-01,2020,,,073,Small Business Administration,7300,Small Business Administration,737010,OFC OF CAPITAL ACCESS,073,Small Business Administration,7300,Small Business Administration,737010,OFC OF CAPITAL ACCESS,,,,,,,"FRED RAU DAIRY, INC.","FRED RAU DAIRY, INC.",,,,USA,UNITED STATES,10255 W. MANNING AVE.,,27000,FRESNO,06019,FRESNO,06,CA,CALIFORNIA,93706,,CA-21,CA-21,,,,COUNTY-WIDE,USA,UNITED STATES,CA**019,,06019,FRESNO,06,CALIFORNIA,,CA-21,CA-90,,59.073: PAYCHECK PROTECTION LOAN PROGRAM (PPP),,,08,GUARANTEED/INSURED LOAN (F),TO AID SMALL BUSINESSES IN MAINTAINING WORK FORCE DURING COVID-19 PANDEMIC.,NON,NOT RECOVERY ACT,R,SMALL BUSINESS,2,NON-AGGREGATE RECORD,,,,,,,,,,,https://www.usaspending.gov/award/ASST_NON_2218938207_073/,2021-01-06 03:33:53.27803+00
ASST_NON_2219428209_073,2219428209,,SAI EXEMPT,,,,,,2020-08-27,2020,0.00,,,,0.00,0.00,0.00,2020-08-01,2020,,,073,Small Business Administration,7300,Small Business Administration,737010,OFC OF CAPITAL ACCESS,073,Small Business Administration,7300,Small Business Administration,737010,OFC OF CAPITAL ACCESS,,,,,,,ERIK R GOMEZ,ERIK R GOMEZ,,,,USA,UNITED STATES,1500 QUAIL ST,STE 600,51182,NEWPORT BEACH,06059,ORANGE,06,CA,CALIFORNIA,92660,,CA-48,CA-47,,,,COUNTY-WIDE,USA,UNITED STATES,CA**059,,06059,ORANGE,06,CALIFORNIA,,CA-48,CA-90,,59.073: PAYCHECK PROTECTION LOAN PROGRAM (PPP),,,08,GUARANTEED/INSURED LOAN (F),TO AID SMALL BUSINESSES IN MAINTAINING WORK FORCE DURING COVID-19 PANDEMIC.,NON,NOT RECOVERY ACT,P,INDIVIDUAL,2,NON-AGGREGATE RECORD,,,,,,,,,,,https://www.usaspending.gov/award/ASST_NON_2219428209_073/,2021-01-06 03:33:53.27803+00
ASST_NON_2220078208_073,2220078208,,SAI EXEMPT,,,,,,2020-08-27,2020,0.00,,,,0.00,0.00,0.00,2020-08-01,2020,,,073,Small Business Administration,7300,Small Business Administration,737010,OFC OF CAPITAL ACCESS,073,Small Business Administration,7300,Small Business Administration,737010,OFC OF CAPITAL ACCESS,,,,,,,"MARY KATE ANDERSON, MS, CPA, A PROFL CORP","MARY KATE ANDERSON, MS, CPA, A PROFL CORP",,,,USA,UNITED STATES,840 QUESTHAVEN ROAD,,68196,SAN MARCOS,06073,SAN DIEGO,06,CA,CALIFORNIA,92078,,CA-50,CA-50,,,,COUNTY-WIDE,USA,UNITED STATES,CA**073,,06073,SAN DIEGO,06,CALIFORNIA,,CA-50,CA-90,,59.073: PAYCHECK PROTECTION LOAN PROGRAM (PPP),,,08,GUARANTEED/INSURED LOAN (F),TO AID SMALL BUSINESSES IN MAINTAINING WORK FORCE DURING COVID-19 PANDEMIC.,NON,NOT RECOVERY ACT,R,SMALL BUSINESS,2,NON-AGGREGATE RECORD,,,,,,,,,,,https://www.usaspending.gov/award/ASST_NON_2220078208_073/,2021-01-06 03:33:53.27803+00
ASST_NON_2220928203_073,2220928203,,SAI EXEMPT,,,,,,2020-08-27,2020,0.00,,,,0.00,0.00,0.00,2020-08-01,2020,,,073,Small Business Administration,7300,Small Business Administration,737010,OFC OF CAPITAL ACCESS,073,Small Business Administration,7300,Small Business Administration,737010,OFC OF CAPITAL ACCESS,,,,,,,"KAVERE SERVICES, INC.","KAVERE SERVICES, INC.",,,,USA,UNITED STATES,531 N. MILLS,,42202,LODI,06077,SAN JOAQUIN,06,CA,CALIFORNIA,95242,,CA-09,CA-09,,,,COUNTY-WIDE,USA,UNITED STATES,CA**077,,06077,SAN JOAQUIN,06,CALIFORNIA,,CA-09,CA-09,,59.073: PAYCHECK PROTECTION LOAN PROGRAM (PPP),,,08,GUARANTEED/INSURED LOAN (F),TO AID SMALL BUSINESSES IN MAINTAINING WORK FORCE DURING COVID-19 PANDEMIC.,NON,NOT RECOVERY ACT,P,INDIVIDUAL,2,NON-AGGREGATE RECORD,,,,,,,,,,,https://www.usaspending.gov/award/ASST_NON_2220928203_073/,2021-01-06 03:33:53.27803+00
ASST_NON_2220938206_073,2220938206,,SAI EXEMPT,,,,,,2020-08-27,2020,0.00,,,,0.00,0.00,0.00,2020-08-01,2020,,,073,Small Business Administration,7300,Small Business Administration,737010,OFC OF CAPITAL ACCESS,073,Small Business Administration,7300,Small Business Administration,737010,OFC OF CAPITAL ACCESS,,,,,,,BURLINGAME INDEPENDENT,BURLINGAME INDEPENDENT,,,,USA,UNITED STATES,850 S. AMPHLETT,,68252,SAN MATEO,06081,SAN MATEO,06,CA,CALIFORNIA,94402,,CA-14,CA-15,,,,COUNTY-WIDE,USA,UNITED STATES,CA**081,,06081,SAN MATEO,06,CALIFORNIA,,CA-14,CA-90,,59.073: PAYCHECK PROTECTION LOAN PROGRAM (PPP),,,08,GUARANTEED/INSURED LOAN (F),TO AID SMALL BUSINESSES IN MAINTAINING WORK FORCE DURING COVID-19 PANDEMIC.,NON,NOT RECOVERY ACT,P,INDIVIDUAL,2,NON-AGGREGATE RECORD,,,,,,,,,,,https://www.usaspending.gov/award/ASST_NON_2220938206_073/,2021-01-06 03:33:53.27803+00
ASST_NON_2223128205_073,2223128205,,SAI EXEMPT,,,,,,2020-08-27,2020,0.00,,,,0.00,0.00,0.00,2020-08-01,2020,,,073,Small Business Administration,7300,Small Business Administration,737010,OFC OF CAPITAL ACCESS,073,Small Business Administration,7300,Small Business Administration,737010,OFC OF CAPITAL ACCESS,,,,,,,"BACINETT LAW OFFICES, PC","BACINETT LAW OFFICES, PC",,,,USA,UNITED STATES,4752 PALM AVENUE,SUITE BACINETT LAW OFFICE,40004,LA MESA,06073,SAN DIEGO,06,CA,CALIFORNIA,91942,,CA-53,CA-51,,,,COUNTY-WIDE,USA,UNITED STATES,CA**073,,06073,SAN DIEGO,06,CALIFORNIA,,CA-53,CA-90,,59.073: PAYCHECK PROTECTION LOAN PROGRAM (PPP),,,08,GUARANTEED/INSURED LOAN (F),TO AID SMALL BUSINESSES IN MAINTAINING WORK FORCE DURING COVID-19 PANDEMIC.,NON,NOT RECOVERY ACT,R,SMALL BUSINESS,2,NON-AGGREGATE RECORD,,,,,,,,,,,https://www.usaspending.gov/award/ASST_NON_2223128205_073/,2021-01-06 03:33:53.27803+00
ASST_NON_2233528200_073,2233528200,,SAI EXEMPT,,,,,,2020-08-27,2020,0.00,,,,0.00,0.00,0.00,2020-08-01,2020,,,073,Small Business Administration,7300,Small Business Administration,737010,OFC OF CAPITAL ACCESS,073,Small Business Administration,7300,Small Business Administration,737010,OFC OF CAPITAL ACCESS,,,,,,,ANI GEVORGYAN,ANI GEVORGYAN,,,,USA,UNITED STATES,444 E VERDUGO AVE 1,,08954,BURBANK,06037,LOS ANGELES,06,CA,CALIFORNIA,91501,,CA-28,CA-30,,,,COUNTY-WIDE,USA,UNITED STATES,CA**037,,06037,LOS ANGELES,06,CALIFORNIA,,CA-28,CA-90,,59.073: PAYCHECK PROTECTION LOAN PROGRAM (PPP),,,08,GUARANTEED/INSURED LOAN (F),TO AID SMALL BUSINESSES IN MAINTAINING WORK FORCE DURING COVID-19 PANDEMIC.,NON,NOT RECOVERY ACT,P,INDIVIDUAL,2,NON-AGGREGATE RECORD,,,,,,,,,,,https://www.usaspending.gov/award/ASST_NON_2233528200_073/,2021-01-06 03:33:53.27803+00
ASST_NON_2236138207_073,2236138207,,SAI EXEMPT,,,,,,2020-08-27,2020,0.00,,,,0.00,0.00,0.00,2020-08-01,2020,,,073,Small Business Administration,7300,Small Business Administration,737010,OFC OF CAPITAL ACCESS,073,Small Business Administration,7300,Small Business Administration,737010,OFC OF CAPITAL ACCESS,,,,,,,JUAN CARLOS FIGUEROA SALAZAR,JUAN CARLOS FIGUEROA SALAZAR,,,,USA,UNITED STATES,110A CHAPMAN AVE,,73262,SOUTH SAN FRANCISCO,06081,SAN MATEO,06,CA,CALIFORNIA,94080,,CA-14,CA-15,,,,COUNTY-WIDE,USA,UNITED STATES,CA**081,,06081,SAN MATEO,06,CALIFORNIA,,CA-14,CA-90,,59.073: PAYCHECK PROTECTION LOAN PROGRAM (PPP),,,08,GUARANTEED/INSURED LOAN (F),TO AID SMALL BUSINESSES IN MAINTAINING WORK FORCE DURING COVID-19 PANDEMIC.,NON,NOT RECOVERY ACT,P,INDIVIDUAL,2,NON-AGGREGATE RECORD,,,,,,,,,,,https://www.usaspending.gov/award/ASST_NON_2236138207_073/,2021-01-06 03:33:53.27803+00
ASST_NON_2236618209_073,2236618209,,SAI EXEMPT,,,,,,2020-08-27,2020,0.00,,,,0.00,0.00,0.00,2020-08-01,2020,,,073,Small Business Administration,7300,Small Business Administration,737010,OFC OF CAPITAL ACCESS,073,Small Business Administration,7300,Small Business Administration,737010,OFC OF CAPITAL ACCESS,,,,,,,ANNIE RANDOLPH,ANNIE RANDOLPH,,,,USA,UNITED STATES,5590 E SAGINAW WAY,,27000,FRESNO,06019,FRESNO,06,CA,CALIFORNIA,93727,,CA-22,CA-21,,,,COUNTY-WIDE,USA,UNITED STATES,CA**019,,06019,FRESNO,06,CALIFORNIA,,CA-22,CA-90,,59.073: PAYCHECK PROTECTION LOAN PROGRAM (PPP),,,08,GUARANTEED/INSURED LOAN (F),TO AID SMALL BUSINESSES IN MAINTAINING WORK FORCE DURING COVID-19 PANDEMIC.,NON,NOT RECOVERY ACT,P,INDIVIDUAL,2,NON-AGGREGATE RECORD,,,,,,,,,,,https://www.usaspending.gov/award/ASST_NON_2236618209_073/,2021-01-06 03:33:53.27803+00
ASST_NON_2288658201_073,2288658201,,SAI EXEMPT,,,,,,2020-08-27,2020,0.00,,,,0.00,0.00,0.00,2020-08-01,2020,,,073,Small Business Administration,7300,Small Business Administration,737010,OFC OF CAPITAL ACCESS,073,Small Business Administration,7300,Small Business Administration,737010,OFC OF CAPITAL ACCESS,,,,,,,CHRISTOPHER LAUGHTER,CHRISTOPHER LAUGHTER,,,,USA,UNITED STATES,604 N JUANITA AVE.,,44000,LOS ANGELES,06037,LOS ANGELES,06,CA,CALIFORNIA,90004,,CA-28,CA-90,,,,COUNTY-WIDE,USA,UNITED STATES,CA**037,,06037,LOS ANGELES,06,CALIFORNIA,,CA-28,CA-90,,59.073: PAYCHECK PROTECTION LOAN PROGRAM (PPP),,,08,GUARANTEED/INSURED LOAN (F),TO AID SMALL BUSINESSES IN MAINTAINING WORK FORCE DURING COVID-19 PANDEMIC.,NON,NOT RECOVERY ACT,P,INDIVIDUAL,2,NON-AGGREGATE RECORD,,,,,,,,,,,https://www.usaspending.gov/award/ASST_NON_2288658201_073/,2021-01-06 03:33:53.27803+00
ASST_NON_2356638209_073,2356638209,,SAI EXEMPT,,,,,,2020-08-27,2020,0.00,,,,0.00,0.00,0.00,2020-08-01,2020,,,073,Small Business Administration,7300,Small Business Administration,737010,OFC OF CAPITAL ACCESS,073,Small Business Administration,7300,Small Business Administration,737010,OFC OF CAPITAL ACCESS,,,,,,,JENNIFER  KI  KIM,JENNIFER  KI  KIM,,,,USA,UNITED STATES,1402 GOLDEN RAIN RD,UNIT 55G,70686,SEAL BEACH,06059,ORANGE,06,CA,CALIFORNIA,90740,,CA-48,CA-47,,,,COUNTY-WIDE,USA,UNITED STATES,CA**059,,06059,ORANGE,06,CALIFORNIA,,CA-48,CA-90,,59.073: PAYCHECK PROTECTION LOAN PROGRAM (PPP),,,08,GUARANTEED/INSURED LOAN (F),TO AID SMALL BUSINESSES IN MAINTAINING WORK FORCE DURING COVID-19 PANDEMIC.,NON,NOT RECOVERY ACT,P,INDIVIDUAL,2,NON-AGGREGATE RECORD,,,,,,,,,,,https://www.usaspending.gov/award/ASST_NON_2356638209_073/,2021-01-06 03:33:53.27803+00
ASST_NON_2383018206_073,2383018206,,SAI EXEMPT,,,,,,2020-08-27,2020,0.00,,,,0.00,0.00,0.00,2020-08-01,2020,,,073,Small Business Administration,7300,Small Business Administration,737010,OFC OF CAPITAL ACCESS,073,Small Business Administration,7300,Small Business Administration,737010,OFC OF CAPITAL ACCESS,,,,,,,DAEHUN KANG,DAEHUN KANG,,,,USA,UNITED STATES,3800 MADISON AVE,APT 19,51924,NORTH HIGHLANDS,06067,SACRAMENTO,06,CA,CALIFORNIA,95660,,CA-06,CA-06,,,,COUNTY-WIDE,USA,UNITED STATES,CA**067,,06067,SACRAMENTO,06,CALIFORNIA,,CA-06,CA-90,,59.073: PAYCHECK PROTECTION LOAN PROGRAM (PPP),,,08,GUARANTEED/INSURED LOAN (F),TO AID SMALL BUSINESSES IN MAINTAINING WORK FORCE DURING COVID-19 PANDEMIC.,NON,NOT RECOVERY ACT,P,INDIVIDUAL,2,NON-AGGREGATE RECORD,,,,,,,,,,,https://www.usaspending.gov/award/ASST_NON_2383018206_073/,2021-01-06 03:33:53.27803+00
ASST_NON_2383358203_073,2383358203,,SAI EXEMPT,,,,,,2020-08-27,2020,0.00,,,,0.00,0.00,0.00,2020-08-01,2020,,,073,Small Business Administration,7300,Small Business Administration,737010,OFC OF CAPITAL ACCESS,073,Small Business Administration,7300,Small Business Administration,737010,OFC OF CAPITAL ACCESS,,,,,,,ELIAS KOSHER MARKET & CATERING INC,ELIAS KOSHER MARKET & CATERING INC,,,,USA,UNITED STATES,8829 W PICO BLVD,,44000,LOS ANGELES,06037,LOS ANGELES,06,CA,CALIFORNIA,90035,,CA-37,CA-37,,,,COUNTY-WIDE,USA,UNITED STATES,CA**037,,06037,LOS ANGELES,06,CALIFORNIA,,CA-37,CA-90,,59.073: PAYCHECK PROTECTION LOAN PROGRAM (PPP),,,08,GUARANTEED/INSURED LOAN (F),TO AID SMALL BUSINESSES IN MAINTAINING WORK FORCE DURING COVID-19 PANDEMIC.,NON,NOT RECOVERY ACT,R,SMALL BUSINESS,2,NON-AGGREGATE RECORD,,,,,,,,,,,https://www.usaspending.gov/award/ASST_NON_2383358203_073/,2021-01-06 03:33:53.27803+00
ASST_NON_2389298210_073,2389298210,,SAI EXEMPT,,,,,,2020-08-27,2020,0.00,,,,0.00,0.00,0.00,2020-08-03,2020,,,073,Small Business Administration,7300,Small Business Administration,737010,OFC OF CAPITAL ACCESS,073,Small Business Administration,7300,Small Business Administration,737010,OFC OF CAPITAL ACCESS,,,,,,,Z FURNITURE OUTLET CORPORATION,Z FURNITURE OUTLET CORPORATION,,,,USA,UNITED STATES,1238 W FIRST STREET,,69000,SANTA ANA,06059,ORANGE,06,CA,CALIFORNIA,92703,,CA-46,CA-46,,,,COUNTY-WIDE,USA,UNITED STATES,CA**059,,06059,ORANGE,06,CALIFORNIA,,CA-46,CA-90,,59.073: PAYCHECK PROTECTION LOAN PROGRAM (PPP),,,08,GUARANTEED/INSURED LOAN (F),TO AID SMALL BUSINESSES IN MAINTAINING WORK FORCE DURING COVID-19 PANDEMIC.,NON,NOT RECOVERY ACT,R,SMALL BUSINESS,2,NON-AGGREGATE RECORD,,,,,,,,,,,https://www.usaspending.gov/award/ASST_NON_2389298210_073/,2021-01-06 03:33:53.27803+00
ASST_NON_2408268208_073,2408268208,,SAI EXEMPT,,,,,,2020-08-27,2020,0.00,,,,0.00,0.00,0.00,2020-08-03,2020,,,073,Small Business Administration,7300,Small Business Administration,737010,OFC OF CAPITAL ACCESS,073,Small Business Administration,7300,Small Business Administration,737010,OFC OF CAPITAL ACCESS,,,,,,,ERICA MARTIN,ERICA MARTIN,,,,USA,UNITED STATES,4 MESQUITE LANE,,11530,CARSON,06037,LOS ANGELES,06,CA,CALIFORNIA,90745,,CA-44,CA-44,,,,COUNTY-WIDE,USA,UNITED STATES,CA**037,,06037,LOS ANGELES,06,CALIFORNIA,,CA-44,CA-90,,59.073: PAYCHECK PROTECTION LOAN PROGRAM (PPP),,,08,GUARANTEED/INSURED LOAN (F),TO AID SMALL BUSINESSES IN MAINTAINING WORK FORCE DURING COVID-19 PANDEMIC.,NON,NOT RECOVERY ACT,P,INDIVIDUAL,2,NON-AGGREGATE RECORD,,,,,,,,,,,https://www.usaspending.gov/award/ASST_NON_2408268208_073/,2021-01-06 03:33:53.27803+00
ASST_NON_2413858202_073,2413858202,,SAI EXEMPT,,,,,,2020-08-27,2020,0.00,,,,0.00,0.00,0.00,2020-08-03,2020,,,073,Small Business Administration,7300,Small Business Administration,737010,OFC OF CAPITAL ACCESS,073,Small Business Administration,7300,Small Business Administration,737010,OFC OF CAPITAL ACCESS,,,,,,,THERESA B. SOLANCHO,THERESA B. SOLANCHO,,,,USA,UNITED STATES,209 MAPLE ST.,APT 9,29728,GLENDALE,06037,LOS ANGELES,06,CA,CALIFORNIA,91205,,CA-28,CA-30,,,,COUNTY-WIDE,USA,UNITED STATES,CA**037,,06037,LOS ANGELES,06,CALIFORNIA,,CA-28,CA-90,,59.073: PAYCHECK PROTECTION LOAN PROGRAM (PPP),,,08,GUARANTEED/INSURED LOAN (F),TO AID SMALL BUSINESSES IN MAINTAINING WORK FORCE DURING COVID-19 PANDEMIC.,NON,NOT RECOVERY ACT,P,INDIVIDUAL,2,NON-AGGREGATE RECORD,,,,,,,,,,,https://www.usaspending.gov/award/ASST_NON_2413858202_073/,2021-01-06 03:33:53.27803+00
ASST_NON_2416498207_073,2416498207,,SAI EXEMPT,,,,,,2020-08-27,2020,0.00,,,,0.00,0.00,0.00,2020-08-03,2020,,,073,Small Business Administration,7300,Small Business Administration,737010,OFC OF CAPITAL ACCESS,073,Small Business Administration,7300,Small Business Administration,737010,OFC OF CAPITAL ACCESS,,,,,,,VAN T NGUYEN,VAN T NGUYEN,,,,USA,UNITED STATES,6732 HAZARD AVE,,84550,WESTMINSTER,06059,ORANGE,06,CA,CALIFORNIA,92683,,CA-47,CA-45,,,,COUNTY-WIDE,USA,UNITED STATES,CA**059,,06059,ORANGE,06,CALIFORNIA,,CA-47,CA-90,,59.073: PAYCHECK PROTECTION LOAN PROGRAM (PPP),,,08,GUARANTEED/INSURED LOAN (F),TO AID SMALL BUSINESSES IN MAINTAINING WORK FORCE DURING COVID-19 PANDEMIC.,NON,NOT RECOVERY ACT,P,INDIVIDUAL,2,NON-AGGREGATE RECORD,,,,,,,,,,,https://www.usaspending.gov/award/ASST_NON_2416498207_073/,2021-01-06 03:33:53.27803+00
ASST_NON_2416698208_073,2416698208,,SAI EXEMPT,,,,,,2020-08-27,2020,0.00,,,,0.00,0.00,0.00,2020-08-03,2020,,,073,Small Business Administration,7300,Small Business Administration,737010,OFC OF CAPITAL ACCESS,073,Small Business Administration,7300,Small Business Administration,737010,OFC OF CAPITAL ACCESS,,,,,,,RENE MCROREY,RENE MCROREY,,,,USA,UNITED STATES,801 SEAMAS AVE,,64000,SACRAMENTO,06067,SACRAMENTO,06,CA,CALIFORNIA,95822,,CA-06,CA-07,,,,COUNTY-WIDE,USA,UNITED STATES,CA**067,,06067,SACRAMENTO,06,CALIFORNIA,,CA-06,CA-90,,59.073: PAYCHECK PROTECTION LOAN PROGRAM (PPP),,,08,GUARANTEED/INSURED LOAN (F),TO AID SMALL BUSINESSES IN MAINTAINING WORK FORCE DURING COVID-19 PANDEMIC.,NON,NOT RECOVERY ACT,P,INDIVIDUAL,2,NON-AGGREGATE RECORD,,,,,,,,,,,https://www.usaspending.gov/award/ASST_NON_2416698208_073/,2021-01-06 03:33:53.27803+00
ASST_NON_2590688200_073,2590688200,,SAI EXEMPT,,,,,,2020-08-27,2020,0.00,,,,0.00,0.00,0.00,2020-08-03,2020,,,073,Small Business Administration,7300,Small Business Administration,737010,OFC OF CAPITAL ACCESS,073,Small Business Administration,7300,Small Business Administration,737010,OFC OF CAPITAL ACCESS,,,,,,,KERI L SEAVEY,KERI L SEAVEY,,,,USA,UNITED STATES,14004 PALAWAN WAY,218,45806,MARINA DEL REY,06037,LOS ANGELES,06,CA,CALIFORNIA,90292,,CA-33,CA-36,,,,COUNTY-WIDE,USA,UNITED STATES,CA**037,,06037,LOS ANGELES,06,CALIFORNIA,,CA-33,CA-90,,59.073: PAYCHECK PROTECTION LOAN PROGRAM (PPP),,,08,GUARANTEED/INSURED LOAN (F),TO AID SMALL BUSINESSES IN MAINTAINING WORK FORCE DURING COVID-19 PANDEMIC.,NON,NOT RECOVERY ACT,P,INDIVIDUAL,2,NON-AGGREGATE RECORD,,,,,,,,,,,https://www.usaspending.gov/award/ASST_NON_2590688200_073/,2021-01-06 03:33:53.27803+00
ASST_NON_2596598209_073,2596598209,,SAI EXEMPT,,,,,,2020-08-27,2020,0.00,,,,0.00,0.00,0.00,2020-08-03,2020,,,073,Small Business Administration,7300,Small Business Administration,737010,OFC OF CAPITAL ACCESS,073,Small Business Administration,7300,Small Business Administration,737010,OFC OF CAPITAL ACCESS,,,,,,,KOLYA INC,KOLYA INC,,,,USA,UNITED STATES,12628 STAGG ST,,51952,NORTH HOLLYWOOD,06037,LOS ANGELES,06,CA,CALIFORNIA,91605,,CA-29,CA-29,,,,COUNTY-WIDE,USA,UNITED STATES,CA**037,,06037,LOS ANGELES,06,CALIFORNIA,,CA-29,CA-90,,59.073: PAYCHECK PROTECTION LOAN PROGRAM (PPP),,,08,GUARANTEED/INSURED LOAN (F),TO AID SMALL BUSINESSES IN MAINTAINING WORK FORCE DURING COVID-19 PANDEMIC.,NON,NOT RECOVERY ACT,R,SMALL BUSINESS,2,NON-AGGREGATE RECORD,,,,,,,,,,,https://www.usaspending.gov/award/ASST_NON_2596598209_073/,2021-01-06 03:33:53.27803+00
ASST_NON_2601668201_073,2601668201,,SAI EXEMPT,,,,,,2020-08-27,2020,0.00,,,,0.00,0.00,0.00,2020-08-03,2020,,,073,Small Business Administration,7300,Small Business Administration,737010,OFC OF CAPITAL ACCESS,073,Small Business Administration,7300,Small Business Administration,737010,OFC OF CAPITAL ACCESS,,,,,,,TYRONE GRAHAM JR,TYRONE GRAHAM JR,,,,USA,UNITED STATES,7574 GREENLY DR,,53000,OAKLAND,06001,ALAMEDA,06,CA,CALIFORNIA,94605,,CA-13,CA-12,,,,COUNTY-WIDE,USA,UNITED STATES,CA**001,,06001,ALAMEDA,06,CALIFORNIA,,CA-13,CA-90,,59.073: PAYCHECK PROTECTION LOAN PROGRAM (PPP),,,08,GUARANTEED/INSURED LOAN (F),TO AID SMALL BUSINESSES IN MAINTAINING WORK FORCE DURING COVID-19 PANDEMIC.,NON,NOT RECOVERY ACT,P,INDIVIDUAL,2,NON-AGGREGATE RECORD,,,,,,,,,,,https://www.usaspending.gov/award/ASST_NON_2601668201_073/,2021-01-06 03:33:53.27803+00
ASST_NON_2609488200_073,2609488200,,SAI EXEMPT,,,,,,2020-08-27,2020,0.00,,,,0.00,0.00,0.00,2020-08-03,2020,,,073,Small Business Administration,7300,Small Business Administration,737010,OFC OF CAPITAL ACCESS,073,Small Business Administration,7300,Small Business Administration,737010,OFC OF CAPITAL ACCESS,,,,,,,DONNA NAYLOR,DONNA NAYLOR,,,,USA,UNITED STATES,7300 BUCKEYE DR,,24680,FONTANA,06071,SAN BERNARDINO,06,CA,CALIFORNIA,92336,,CA-35,CA-33,,,,COUNTY-WIDE,USA,UNITED STATES,CA**071,,06071,SAN BERNARDINO,06,CALIFORNIA,,CA-35,CA-90,,59.073: PAYCHECK PROTECTION LOAN PROGRAM (PPP),,,08,GUARANTEED/INSURED LOAN (F),TO AID SMALL BUSINESSES IN MAINTAINING WORK FORCE DURING COVID-19 PANDEMIC.,NON,NOT RECOVERY ACT,P,INDIVIDUAL,2,NON-AGGREGATE RECORD,,,,,,,,,,,https://www.usaspending.gov/award/ASST_NON_2609488200_073/,2021-01-06 03:33:53.27803+00
ASST_NON_2610368207_073,2610368207,,SAI EXEMPT,,,,,,2020-08-27,2020,0.00,,,,0.00,0.00,0.00,2020-08-03,2020,,,073,Small Business Administration,7300,Small Business Administration,737010,OFC OF CAPITAL ACCESS,073,Small Business Administration,7300,Small Business Administration,737010,OFC OF CAPITAL ACCESS,,,,,,,TEJPAL SINGH,TEJPAL SINGH,,,,USA,UNITED STATES,8645 N GODDARD DRIVE,,27000,FRESNO,06019,FRESNO,06,CA,CALIFORNIA,93720,,CA-22,CA-05,,,,COUNTY-WIDE,USA,UNITED STATES,CA**019,,06019,FRESNO,06,CALIFORNIA,,CA-22,CA-90,,59.073: PAYCHECK PROTECTION LOAN PROGRAM (PPP),,,08,GUARANTEED/INSURED LOAN (F),TO AID SMALL BUSINESSES IN MAINTAINING WORK FORCE DURING COVID-19 PANDEMIC.,NON,NOT RECOVERY ACT,P,INDIVIDUAL,2,NON-AGGREGATE RECORD,,,,,,,,,,,https://www.usaspending.gov/award/ASST_NON_2610368207_073/,2021-01-06 03:33:53.27803+00
ASST_NON_2628688207_073,2628688207,,SAI EXEMPT,,,,,,2020-08-27,2020,0.00,,,,0.00,0.00,0.00,2020-08-03,2020,,,073,Small Business Administration,7300,Small Business Administration,737010,OFC OF CAPITAL ACCESS,073,Small Business Administration,7300,Small Business Administration,737010,OFC OF CAPITAL ACCESS,,,,,,,EMILINE CONTRERAS-FORREST,EMILINE CONTRERAS-FORREST,,,,USA,UNITED STATES,1306 FUNSTON AVENUE,,67000,SAN FRANCISCO,06075,SAN FRANCISCO,06,CA,CALIFORNIA,94122,,CA-12,CA-11,,,,COUNTY-WIDE,USA,UNITED STATES,CA**075,,06075,SAN FRANCISCO,06,CALIFORNIA,,CA-12,CA-90,,59.073: PAYCHECK PROTECTION LOAN PROGRAM (PPP),,,08,GUARANTEED/INSURED LOAN (F),TO AID SMALL BUSINESSES IN MAINTAINING WORK FORCE DURING COVID-19 PANDEMIC.,NON,NOT RECOVERY ACT,P,INDIVIDUAL,2,NON-AGGREGATE RECORD,,,,,,,,,,,https://www.usaspending.gov/award/ASST_NON_2628688207_073/,2021-01-06 03:33:53.27803+00
ASST_NON_2679568206_073,2679568206,,SAI EXEMPT,,,,,,2020-08-27,2020,0.00,,,,0.00,0.00,0.00,2020-08-03,2020,,,073,Small Business Administration,7300,Small Business Administration,737010,OFC OF CAPITAL ACCESS,073,Small Business Administration,7300,Small Business Administration,737010,OFC OF CAPITAL ACCESS,,,,,,,SANTOSH REDDY ALETE,SANTOSH REDDY ALETE,,,,USA,UNITED STATES,39663 LESLIE ST,384,26004,FREMONT,06001,ALAMEDA,06,CA,CALIFORNIA,94538,,CA-17,CA-90,,,,COUNTY-WIDE,USA,UNITED STATES,CA**001,,06001,ALAMEDA,06,CALIFORNIA,,CA-17,CA-90,,59.073: PAYCHECK PROTECTION LOAN PROGRAM (PPP),,,08,GUARANTEED/INSURED LOAN (F),TO AID SMALL BUSINESSES IN MAINTAINING WORK FORCE DURING COVID-19 PANDEMIC.,NON,NOT RECOVERY ACT,P,INDIVIDUAL,2,NON-AGGREGATE RECORD,,,,,,,,,,,https://www.usaspending.gov/award/ASST_NON_2679568206_073/,2021-01-06 03:33:53.27803+00
ASST_NON_2680878202_073,2680878202,,SAI EXEMPT,,,,,,2020-08-27,2020,0.00,,,,0.00,0.00,0.00,2020-08-03,2020,,,073,Small Business Administration,7300,Small Business Administration,737010,OFC OF CAPITAL ACCESS,073,Small Business Administration,7300,Small Business Administration,737010,OFC OF CAPITAL ACCESS,,,,,,,CHAPAS AUTOMOTIVE,CHAPAS AUTOMOTIVE,,,,USA,UNITED STATES,190 E RAILROAD AVE,,54008,ORANGE COVE,06019,FRESNO,06,CA,CALIFORNIA,93646,,CA-22,CA-21,,,,COUNTY-WIDE,USA,UNITED STATES,CA**019,,06019,FRESNO,06,CALIFORNIA,,CA-22,CA-90,,59.073: PAYCHECK PROTECTION LOAN PROGRAM (PPP),,,08,GUARANTEED/INSURED LOAN (F),TO AID SMALL BUSINESSES IN MAINTAINING WORK FORCE DURING COVID-19 PANDEMIC.,NON,NOT RECOVERY ACT,P,INDIVIDUAL,2,NON-AGGREGATE RECORD,,,,,,,,,,,https://www.usaspending.gov/award/ASST_NON_2680878202_073/,2021-01-06 03:33:53.27803+00
ASST_NON_2769328208_073,2769328208,,SAI EXEMPT,,,,,,2020-08-27,2020,0.00,,,,0.00,0.00,0.00,2020-08-03,2020,,,073,Small Business Administration,7300,Small Business Administration,737010,OFC OF CAPITAL ACCESS,073,Small Business Administration,7300,Small Business Administration,737010,OFC OF CAPITAL ACCESS,,,,,,,AREALE MURRAY,AREALE MURRAY,,,,USA,UNITED STATES,15512 WINONA ST,,82590,VICTORVILLE,06071,SAN BERNARDINO,06,CA,CALIFORNIA,92395,,CA-08,CA-23,,,,COUNTY-WIDE,USA,UNITED STATES,CA**071,,06071,SAN BERNARDINO,06,CALIFORNIA,,CA-08,CA-90,,59.073: PAYCHECK PROTECTION LOAN PROGRAM (PPP),,,08,GUARANTEED/INSURED LOAN (F),TO AID SMALL BUSINESSES IN MAINTAINING WORK FORCE DURING COVID-19 PANDEMIC.,NON,NOT RECOVERY ACT,P,INDIVIDUAL,2,NON-AGGREGATE RECORD,,,,,,,,,,,https://www.usaspending.gov/award/ASST_NON_2769328208_073/,2021-01-06 03:33:53.27803+00
ASST_NON_2928788204_073,2928788204,,SAI EXEMPT,,,,,,2020-08-27,2020,0.00,,,,0.00,0.00,0.00,2020-08-03,2020,,,073,Small Business Administration,7300,Small Business Administration,737010,OFC OF CAPITAL ACCESS,073,Small Business Administration,7300,Small Business Administration,737010,OFC OF CAPITAL ACCESS,,,,,,,HARDHITTA PROMOTIONS,HARDHITTA PROMOTIONS,,,,USA,UNITED STATES,519 MIDWAY AVE,,17918,DALY CITY,06081,SAN MATEO,06,CA,CALIFORNIA,94015,,CA-14,CA-15,,,,COUNTY-WIDE,USA,UNITED STATES,CA**081,,06081,SAN MATEO,06,CALIFORNIA,,CA-14,CA-90,,59.073: PAYCHECK PROTECTION LOAN PROGRAM (PPP),,,08,GUARANTEED/INSURED LOAN (F),TO AID SMALL BUSINESSES IN MAINTAINING WORK FORCE DURING COVID-19 PANDEMIC.,NON,NOT RECOVERY ACT,P,INDIVIDUAL,2,NON-AGGREGATE RECORD,,,,,,,,,,,https://www.usaspending.gov/award/ASST_NON_2928788204_073/,2021-01-06 03:33:53.27803+00
ASST_NON_2968788209_073,2968788209,,SAI EXEMPT,,,,,,2020-08-27,2020,0.00,,,,0.00,0.00,0.00,2020-08-04,2020,,,073,Small Business Administration,7300,Small Business Administration,737010,OFC OF CAPITAL ACCESS,073,Small Business Administration,7300,Small Business Administration,737010,OFC OF CAPITAL ACCESS,,,,,,,MCLEVIS FLORA,MCLEVIS FLORA,,,,USA,UNITED STATES,655 ARBONA CIR N,,72674,SONORA,06109,TUOLUMNE,06,CA,CALIFORNIA,95370,,CA-04,CA-05,,,,COUNTY-WIDE,USA,UNITED STATES,CA**109,,06109,TUOLUMNE,06,CALIFORNIA,,CA-04,CA-05,,59.073: PAYCHECK PROTECTION LOAN PROGRAM (PPP),,,08,GUARANTEED/INSURED LOAN (F),TO AID SMALL BUSINESSES IN MAINTAINING WORK FORCE DURING COVID-19 PANDEMIC.,NON,NOT RECOVERY ACT,P,INDIVIDUAL,2,NON-AGGREGATE RECORD,,,,,,,,,,,https://www.usaspending.gov/award/ASST_NON_2968788209_073/,2021-01-06 03:33:53.27803+00
ASST_NON_2998268207_073,2998268207,,SAI EXEMPT,,,,,,2020-08-27,2020,0.00,,,,0.00,0.00,0.00,2020-08-04,2020,,,073,Small Business Administration,7300,Small Business Administration,737010,OFC OF CAPITAL ACCESS,073,Small Business Administration,7300,Small Business Administration,737010,OFC OF CAPITAL ACCESS,,,,,,,SHATAIA BROWNLEE,SHATAIA BROWNLEE,,,,USA,UNITED STATES,1527 EDEN AVE,,68000,SAN JOSE,06085,SANTA CLARA,06,CA,CALIFORNIA,95117,,CA-18,CA-17,,,,COUNTY-WIDE,USA,UNITED STATES,CA**085,,06085,SANTA CLARA,06,CALIFORNIA,,CA-18,CA-90,,59.073: PAYCHECK PROTECTION LOAN PROGRAM (PPP),,,08,GUARANTEED/INSURED LOAN (F),TO AID SMALL BUSINESSES IN MAINTAINING WORK FORCE DURING COVID-19 PANDEMIC.,NON,NOT RECOVERY ACT,P,INDIVIDUAL,2,NON-AGGREGATE RECORD,,,,,,,,,,,https://www.usaspending.gov/award/ASST_NON_2998268207_073/,2021-01-06 03:33:53.27803+00
ASST_NON_3018538205_073,3018538205,,SAI EXEMPT,,,,,,2020-08-27,2020,0.00,,,,0.00,0.00,0.00,2020-08-04,2020,,,073,Small Business Administration,7300,Small Business Administration,737010,OFC OF CAPITAL ACCESS,073,Small Business Administration,7300,Small Business Administration,737010,OFC OF CAPITAL ACCESS,,,,,,,KAY THE NET INC,KAY THE NET INC,,,,USA,UNITED STATES,625 S BERENDO ST,PH2,44000,LOS ANGELES,06037,LOS ANGELES,06,CA,CALIFORNIA,90005,,CA-34,CA-34,,,,COUNTY-WIDE,USA,UNITED STATES,CA**037,,06037,LOS ANGELES,06,CALIFORNIA,,CA-34,CA-90,,59.073: PAYCHECK PROTECTION LOAN PROGRAM (PPP),,,08,GUARANTEED/INSURED LOAN (F),TO AID SMALL BUSINESSES IN MAINTAINING WORK FORCE DURING COVID-19 PANDEMIC.,NON,NOT RECOVERY ACT,R,SMALL BUSINESS,2,NON-AGGREGATE RECORD,,,,,,,,,,,https://www.usaspending.gov/award/ASST_NON_3018538205_073/,2021-01-06 03:33:53.27803+00
ASST_NON_3037328207_073,3037328207,,SAI EXEMPT,,,,,,2020-08-27,2020,0.00,,,,0.00,0.00,0.00,2020-08-04,2020,,,073,Small Business Administration,7300,Small Business Administration,737010,OFC OF CAPITAL ACCESS,073,Small Business Administration,7300,Small Business Administration,737010,OFC OF CAPITAL ACCESS,,,,,,,AMRITA GHARIAL,AMRITA GHARIAL,,,,USA,UNITED STATES,7327  TEMPA AVE,,60340,RESEDA,06037,LOS ANGELES,06,CA,CALIFORNIA,91335,,CA-30,CA-90,,,,COUNTY-WIDE,USA,UNITED STATES,CA**037,,06037,LOS ANGELES,06,CALIFORNIA,,CA-30,CA-90,,59.073: PAYCHECK PROTECTION LOAN PROGRAM (PPP),,,08,GUARANTEED/INSURED LOAN (F),TO AID SMALL BUSINESSES IN MAINTAINING WORK FORCE DURING COVID-19 PANDEMIC.,NON,NOT RECOVERY ACT,P,INDIVIDUAL,2,NON-AGGREGATE RECORD,,,,,,,,,,,https://www.usaspending.gov/award/ASST_NON_3037328207_073/,2021-01-06 03:33:53.27803+00
ASST_NON_3057468200_073,3057468200,,SAI EXEMPT,,,,,,2020-08-27,2020,0.00,,,,0.00,0.00,0.00,2020-08-04,2020,,,073,Small Business Administration,7300,Small Business Administration,737010,OFC OF CAPITAL ACCESS,073,Small Business Administration,7300,Small Business Administration,737010,OFC OF CAPITAL ACCESS,,,,,,,LISA COLEMAN,LISA COLEMAN,,,,USA,UNITED STATES,822 WEST LAMBERT RD.,UNIT C,39290,LA HABRA,06059,ORANGE,06,CA,CALIFORNIA,90631,,CA-39,CA-38,,,,COUNTY-WIDE,USA,UNITED STATES,CA**059,,06059,ORANGE,06,CALIFORNIA,,CA-39,CA-90,,59.073: PAYCHECK PROTECTION LOAN PROGRAM (PPP),,,08,GUARANTEED/INSURED LOAN (F),TO AID SMALL BUSINESSES IN MAINTAINING WORK FORCE DURING COVID-19 PANDEMIC.,NON,NOT RECOVERY ACT,P,INDIVIDUAL,2,NON-AGGREGATE RECORD,,,,,,,,,,,https://www.usaspending.gov/award/ASST_NON_3057468200_073/,2021-01-06 03:33:53.27803+00
ASST_NON_3058228200_073,3058228200,,SAI EXEMPT,,,,,,2020-08-27,2020,0.00,,,,0.00,0.00,0.00,2020-08-04,2020,,,073,Small Business Administration,7300,Small Business Administration,737010,OFC OF CAPITAL ACCESS,073,Small Business Administration,7300,Small Business Administration,737010,OFC OF CAPITAL ACCESS,,,,,,,"ATA CONSULTANT, INC","ATA CONSULTANT, INC",,,,USA,UNITED STATES,12826 VIA DONATELLO,,58236,PORTER RANCH,06037,LOS ANGELES,06,CA,CALIFORNIA,91326,,CA-25,CA-90,,,,COUNTY-WIDE,USA,UNITED STATES,CA**037,,06037,LOS ANGELES,06,CALIFORNIA,,CA-25,CA-90,,59.073: PAYCHECK PROTECTION LOAN PROGRAM (PPP),,,08,GUARANTEED/INSURED LOAN (F),TO AID SMALL BUSINESSES IN MAINTAINING WORK FORCE DURING COVID-19 PANDEMIC.,NON,NOT RECOVERY ACT,R,SMALL BUSINESS,2,NON-AGGREGATE RECORD,,,,,,,,,,,https://www.usaspending.gov/award/ASST_NON_3058228200_073/,2021-01-06 03:33:53.27803+00
ASST_NON_3085718200_073,3085718200,,SAI EXEMPT,,,,,,2020-08-27,2020,0.00,,,,0.00,0.00,0.00,2020-08-04,2020,,,073,Small Business Administration,7300,Small Business Administration,737010,OFC OF CAPITAL ACCESS,073,Small Business Administration,7300,Small Business Administration,737010,OFC OF CAPITAL ACCESS,,,,,,,QUINT HOLDINGS INC,QUINT HOLDINGS INC,,,,USA,UNITED STATES,15272 ROSECRANS AVE,,40032,LA MIRADA,06059,ORANGE,06,CA,CALIFORNIA,90638,,CA-38,CA-38,,,,COUNTY-WIDE,USA,UNITED STATES,CA**037,,06037,LOS ANGELES,06,CALIFORNIA,,CA-38,CA-90,,59.073: PAYCHECK PROTECTION LOAN PROGRAM (PPP),,,08,GUARANTEED/INSURED LOAN (F),TO AID SMALL BUSINESSES IN MAINTAINING WORK FORCE DURING COVID-19 PANDEMIC.,NON,NOT RECOVERY ACT,R,SMALL BUSINESS,2,NON-AGGREGATE RECORD,,,,,,,,,,,https://www.usaspending.gov/award/ASST_NON_3085718200_073/,2021-01-06 03:33:53.27803+00
ASST_NON_3086698209_073,3086698209,,SAI EXEMPT,,,,,,2020-08-27,2020,0.00,,,,0.00,0.00,0.00,2020-08-04,2020,,,073,Small Business Administration,7300,Small Business Administration,737010,OFC OF CAPITAL ACCESS,073,Small Business Administration,7300,Small Business Administration,737010,OFC OF CAPITAL ACCESS,,,,,,,GARY TAYLOR,GARY TAYLOR,,,,USA,UNITED STATES,5623 W HOME AVE,,27000,FRESNO,06019,FRESNO,06,CA,CALIFORNIA,93722,,CA-16,CA-21,,,,COUNTY-WIDE,USA,UNITED STATES,CA**019,,06019,FRESNO,06,CALIFORNIA,,CA-16,CA-90,,59.073: PAYCHECK PROTECTION LOAN PROGRAM (PPP),,,08,GUARANTEED/INSURED LOAN (F),TO AID SMALL BUSINESSES IN MAINTAINING WORK FORCE DURING COVID-19 PANDEMIC.,NON,NOT RECOVERY ACT,P,INDIVIDUAL,2,NON-AGGREGATE RECORD,,,,,,,,,,,https://www.usaspending.gov/award/ASST_NON_3086698209_073/,2021-01-06 03:33:53.27803+00
ASST_NON_3097088209_073,3097088209,,SAI EXEMPT,,,,,,2020-08-27,2020,0.00,,,,0.00,0.00,0.00,2020-08-04,2020,,,073,Small Business Administration,7300,Small Business Administration,737010,OFC OF CAPITAL ACCESS,073,Small Business Administration,7300,Small Business Administration,737010,OFC OF CAPITAL ACCESS,,,,,,,WILLING VESSELS COMMUNITY OUTREACH,WILLING VESSELS COMMUNITY OUTREACH,,,,USA,UNITED STATES,3204 FLOWER STREET,,44574,LYNWOOD,06037,LOS ANGELES,06,CA,CALIFORNIA,90262,,CA-44,CA-44,,,,COUNTY-WIDE,USA,UNITED STATES,CA**037,,06037,LOS ANGELES,06,CALIFORNIA,,CA-44,CA-90,,59.073: PAYCHECK PROTECTION LOAN PROGRAM (PPP),,,08,GUARANTEED/INSURED LOAN (F),TO AID SMALL BUSINESSES IN MAINTAINING WORK FORCE DURING COVID-19 PANDEMIC.,NON,NOT RECOVERY ACT,P,INDIVIDUAL,2,NON-AGGREGATE RECORD,,,,,,,,,,,https://www.usaspending.gov/award/ASST_NON_3097088209_073/,2021-01-06 03:33:53.27803+00
ASST_NON_3101958203_073,3101958203,,SAI EXEMPT,,,,,,2020-08-27,2020,0.00,,,,0.00,0.00,0.00,2020-08-04,2020,,,073,Small Business Administration,7300,Small Business Administration,737010,OFC OF CAPITAL ACCESS,073,Small Business Administration,7300,Small Business Administration,737010,OFC OF CAPITAL ACCESS,,,,,,,GIANNINI'S AUTO BODY INC.,GIANNINI'S AUTO BODY INC.,,,,USA,UNITED STATES,460 TALBERT STREET,,17918,DALY CITY,06081,SAN MATEO,06,CA,CALIFORNIA,94014,,CA-14,CA-15,,,,COUNTY-WIDE,USA,UNITED STATES,CA**081,,06081,SAN MATEO,06,CALIFORNIA,,CA-14,CA-90,,59.073: PAYCHECK PROTECTION LOAN PROGRAM (PPP),,,08,GUARANTEED/INSURED LOAN (F),TO AID SMALL BUSINESSES IN MAINTAINING WORK FORCE DURING COVID-19 PANDEMIC.,NON,NOT RECOVERY ACT,R,SMALL BUSINESS,2,NON-AGGREGATE RECORD,,,,,,,,,,,https://www.usaspending.gov/award/ASST_NON_3101958203_073/,2021-01-06 03:33:53.27803+00
ASST_NON_3110888208_073,3110888208,,SAI EXEMPT,,,,,,2020-08-27,2020,0.00,,,,0.00,0.00,0.00,2020-08-04,2020,,,073,Small Business Administration,7300,Small Business Administration,737010,OFC OF CAPITAL ACCESS,073,Small Business Administration,7300,Small Business Administration,737010,OFC OF CAPITAL ACCESS,,,,,,,DIARA KRASOTA,DIARA KRASOTA,,,,USA,UNITED STATES,10267 PENROSE STREET,,77294,SUN VALLEY,06037,LOS ANGELES,06,CA,CALIFORNIA,91352,,CA-28,CA-90,,,,COUNTY-WIDE,USA,UNITED STATES,CA**037,,06037,LOS ANGELES,06,CALIFORNIA,,CA-28,CA-90,,59.073: PAYCHECK PROTECTION LOAN PROGRAM (PPP),,,08,GUARANTEED/INSURED LOAN (F),TO AID SMALL BUSINESSES IN MAINTAINING WORK FORCE DURING COVID-19 PANDEMIC.,NON,NOT RECOVERY ACT,P,INDIVIDUAL,2,NON-AGGREGATE RECORD,,,,,,,,,,,https://www.usaspending.gov/award/ASST_NON_3110888208_073/,2021-01-06 03:33:53.27803+00
ASST_NON_3116448206_073,3116448206,,SAI EXEMPT,,,,,,2020-08-27,2020,0.00,,,,0.00,0.00,0.00,2020-08-04,2020,,,073,Small Business Administration,7300,Small Business Administration,737010,OFC OF CAPITAL ACCESS,073,Small Business Administration,7300,Small Business Administration,737010,OFC OF CAPITAL ACCESS,,,,,,,GRANA ENTERPRISES INC,GRANA ENTERPRISES INC,,,,USA,UNITED STATES,1159 IRONWOOD AVE,,55156,PALMDALE,06037,LOS ANGELES,06,CA,CALIFORNIA,93551,,CA-25,CA-27,,,,COUNTY-WIDE,USA,UNITED STATES,CA**037,,06037,LOS ANGELES,06,CALIFORNIA,,CA-25,CA-90,,59.073: PAYCHECK PROTECTION LOAN PROGRAM (PPP),,,08,GUARANTEED/INSURED LOAN (F),TO AID SMALL BUSINESSES IN MAINTAINING WORK FORCE DURING COVID-19 PANDEMIC.,NON,NOT RECOVERY ACT,R,SMALL BUSINESS,2,NON-AGGREGATE RECORD,,,,,,,,,,,https://www.usaspending.gov/award/ASST_NON_3116448206_073/,2021-01-06 03:33:53.27803+00
ASST_NON_3132668202_073,3132668202,,SAI EXEMPT,,,,,,2020-08-27,2020,0.00,,,,0.00,0.00,0.00,2020-08-04,2020,,,073,Small Business Administration,7300,Small Business Administration,737010,OFC OF CAPITAL ACCESS,073,Small Business Administration,7300,Small Business Administration,737010,OFC OF CAPITAL ACCESS,,,,,,,ATMA'SPHERE ENTERTAINMENT LLC,ATMA'SPHERE ENTERTAINMENT LLC,,,,USA,UNITED STATES,1638 SAN GABRIEL AVENUE,,29728,GLENDALE,06037,LOS ANGELES,06,CA,CALIFORNIA,91208,,CA-28,CA-30,,,,COUNTY-WIDE,USA,UNITED STATES,CA**037,,06037,LOS ANGELES,06,CALIFORNIA,,CA-28,CA-90,,59.073: PAYCHECK PROTECTION LOAN PROGRAM (PPP),,,08,GUARANTEED/INSURED LOAN (F),TO AID SMALL BUSINESSES IN MAINTAINING WORK FORCE DURING COVID-19 PANDEMIC.,NON,NOT RECOVERY ACT,R,SMALL BUSINESS,2,NON-AGGREGATE RECORD,,,,,,,,,,,https://www.usaspending.gov/award/ASST_NON_3132668202_073/,2021-01-06 03:33:53.27803+00
ASST_NON_3163858203_073,3163858203,,SAI EXEMPT,,,,,,2020-08-27,2020,0.00,,,,0.00,0.00,0.00,2020-08-04,2020,,,073,Small Business Administration,7300,Small Business Administration,737010,OFC OF CAPITAL ACCESS,073,Small Business Administration,7300,Small Business Administration,737010,OFC OF CAPITAL ACCESS,,,,,,,SOLOTIS ENTERPRISES,SOLOTIS ENTERPRISES,,,,USA,UNITED STATES,3601 WEST ROSECRANS AVENUE APT 46,,32548,HAWTHORNE,06037,LOS ANGELES,06,CA,CALIFORNIA,90250,,CA-43,CA-43,,,,COUNTY-WIDE,USA,UNITED STATES,CA**037,,06037,LOS ANGELES,06,CALIFORNIA,,CA-43,CA-90,,59.073: PAYCHECK PROTECTION LOAN PROGRAM (PPP),,,08,GUARANTEED/INSURED LOAN (F),TO AID SMALL BUSINESSES IN MAINTAINING WORK FORCE DURING COVID-19 PANDEMIC.,NON,NOT RECOVERY ACT,P,INDIVIDUAL,2,NON-AGGREGATE RECORD,,,,,,,,,,,https://www.usaspending.gov/award/ASST_NON_3163858203_073/,2021-01-06 03:33:53.27803+00
ASST_NON_3200318205_073,3200318205,,SAI EXEMPT,,,,,,2020-08-27,2020,0.00,,,,0.00,0.00,0.00,2020-08-06,2020,,,073,Small Business Administration,7300,Small Business Administration,737010,OFC OF CAPITAL ACCESS,073,Small Business Administration,7300,Small Business Administration,737010,OFC OF CAPITAL ACCESS,,,,,,,ADAM K MEHARY,ADAM K MEHARY,,,,USA,UNITED STATES,1861 CEDAR AVE,,68084,SAN LEANDRO,06001,ALAMEDA,06,CA,CALIFORNIA,94579,,CA-13,CA-90,,,,COUNTY-WIDE,USA,UNITED STATES,CA**001,,06001,ALAMEDA,06,CALIFORNIA,,CA-13,CA-90,,59.073: PAYCHECK PROTECTION LOAN PROGRAM (PPP),,,08,GUARANTEED/INSURED LOAN (F),TO AID SMALL BUSINESSES IN MAINTAINING WORK FORCE DURING COVID-19 PANDEMIC.,NON,NOT RECOVERY ACT,P,INDIVIDUAL,2,NON-AGGREGATE RECORD,,,,,,,,,,,https://www.usaspending.gov/award/ASST_NON_3200318205_073/,2021-01-06 03:33:53.27803+00
ASST_NON_3207507101_073,3207507101,,SAI EXEMPT,O: Non-emergency P.L. 116-136|Non-emergency P.L. 116-139|Non-emergency P.L. 116-260|Non-emergency P.L. 117-2,,0.00,,,2020-08-27,2020,0.00,0.00,,,0.00,0.00,0.00,2020-04-11,2020,,,073,Small Business Administration,7300,Small Business Administration,737010,OFC OF CAPITAL ACCESS,073,Small Business Administration,7300,Small Business Administration,737010,OFC OF CAPITAL ACCESS,073-2020/2021-1154-000,073-1154,"41.0: Grants, subsidies, and contributions",0702: LOAN GUARANTEE SUBSIDY,,,CHAM SOOT GOL INC.,CHAM SOOT GOL INC.,,,,USA,UNITED STATES,8552 BEACH BLVD,,08786,BUENA PARK,06059,ORANGE,06,CA,CALIFORNIA,90620,,CA-39,CA-45,,,,COUNTY-WIDE,USA,UNITED STATES,CA**059,,06059,ORANGE,06,CALIFORNIA,,CA-39,CA-90,,59.073: PAYCHECK PROTECTION LOAN PROGRAM (PPP),,,08,GUARANTEED/INSURED LOAN (F),TO AID SMALL BUSINESSES IN MAINTAINING WORK FORCE DURING COVID-19 PANDEMIC.,NON,NOT RECOVERY ACT,R,SMALL BUSINESS,2,NON-AGGREGATE RECORD,,,,,,,,,,,https://www.usaspending.gov/award/ASST_NON_3207507101_073/,2021-01-06 03:33:53.27803+00
ASST_NON_3208018203_073,3208018203,,SAI EXEMPT,,,,,,2020-08-27,2020,0.00,,,,0.00,0.00,0.00,2020-08-06,2020,,,073,Small Business Administration,7300,Small Business Administration,737010,OFC OF CAPITAL ACCESS,073,Small Business Administration,7300,Small Business Administration,737010,OFC OF CAPITAL ACCESS,,,,,,,MARCO BENITEZ,MARCO BENITEZ,,,,USA,UNITED STATES,1600 ONEIDA PLACE,,54652,OXNARD,06111,VENTURA,06,CA,CALIFORNIA,93030,,CA-26,CA-26,,,,COUNTY-WIDE,USA,UNITED STATES,CA**111,,06111,VENTURA,06,CALIFORNIA,,CA-26,CA-26,,59.073: PAYCHECK PROTECTION LOAN PROGRAM (PPP),,,08,GUARANTEED/INSURED LOAN (F),TO AID SMALL BUSINESSES IN MAINTAINING WORK FORCE DURING COVID-19 PANDEMIC.,NON,NOT RECOVERY ACT,P,INDIVIDUAL,2,NON-AGGREGATE RECORD,,,,,,,,,,,https://www.usaspending.gov/award/ASST_NON_3208018203_073/,2021-01-06 03:33:53.27803+00
ASST_NON_3264658201_073,3264658201,,SAI EXEMPT,,,,,,2020-08-27,2020,0.00,,,,0.00,0.00,0.00,2020-08-04,2020,,,073,Small Business Administration,7300,Small Business Administration,737010,OFC OF CAPITAL ACCESS,073,Small Business Administration,7300,Small Business Administration,737010,OFC OF CAPITAL ACCESS,,,,,,,MODESTA ROMERO,MODESTA ROMERO,,,,USA,UNITED STATES,39774 CAMINO DEL VINO,,78120,TEMECULA,06065,RIVERSIDE,06,CA,CALIFORNIA,92592,,CA-42,CA-48,,,,COUNTY-WIDE,USA,UNITED STATES,CA**065,,06065,RIVERSIDE,06,CALIFORNIA,,CA-42,CA-90,,59.073: PAYCHECK PROTECTION LOAN PROGRAM (PPP),,,08,GUARANTEED/INSURED LOAN (F),TO AID SMALL BUSINESSES IN MAINTAINING WORK FORCE DURING COVID-19 PANDEMIC.,NON,NOT RECOVERY ACT,P,INDIVIDUAL,2,NON-AGGREGATE RECORD,,,,,,,,,,,https://www.usaspending.gov/award/ASST_NON_3264658201_073/,2021-01-06 03:33:53.27803+00
ASST_NON_3304758202_073,3304758202,,SAI EXEMPT,,,,,,2020-08-27,2020,0.00,,,,0.00,0.00,0.00,2020-08-04,2020,,,073,Small Business Administration,7300,Small Business Administration,737010,OFC OF CAPITAL ACCESS,073,Small Business Administration,7300,Small Business Administration,737010,OFC OF CAPITAL ACCESS,,,,,,,ANDREW GETZ,ANDREW GETZ,,,,USA,UNITED STATES,2915 DEAKIN STREET,,06000,BERKELEY,06001,ALAMEDA,06,CA,CALIFORNIA,94705,,CA-13,CA-12,,,,COUNTY-WIDE,USA,UNITED STATES,CA**001,,06001,ALAMEDA,06,CALIFORNIA,,CA-13,CA-90,,59.073: PAYCHECK PROTECTION LOAN PROGRAM (PPP),,,08,GUARANTEED/INSURED LOAN (F),TO AID SMALL BUSINESSES IN MAINTAINING WORK FORCE DURING COVID-19 PANDEMIC.,NON,NOT RECOVERY ACT,P,INDIVIDUAL,2,NON-AGGREGATE RECORD,,,,,,,,,,,https://www.usaspending.gov/award/ASST_NON_3304758202_073/,2021-01-06 03:33:53.27803+00
ASST_NON_3344898203_073,3344898203,,SAI EXEMPT,,,,,,2020-08-27,2020,0.00,,,,0.00,0.00,0.00,2020-08-04,2020,,,073,Small Business Administration,7300,Small Business Administration,737010,OFC OF CAPITAL ACCESS,073,Small Business Administration,7300,Small Business Administration,737010,OFC OF CAPITAL ACCESS,,,,,,,FAIRMOUNT AUTO SERVICE,FAIRMOUNT AUTO SERVICE,,,,USA,UNITED STATES,6525 FARIRMOUNT AVE,,21796,EL CERRITO,06013,CONTRA COSTA,06,CA,CALIFORNIA,94530,,CA-11,CA-08,,,,COUNTY-WIDE,USA,UNITED STATES,CA**013,,06013,CONTRA COSTA,06,CALIFORNIA,,CA-11,CA-90,,59.073: PAYCHECK PROTECTION LOAN PROGRAM (PPP),,,08,GUARANTEED/INSURED LOAN (F),TO AID SMALL BUSINESSES IN MAINTAINING WORK FORCE DURING COVID-19 PANDEMIC.,NON,NOT RECOVERY ACT,R,SMALL BUSINESS,2,NON-AGGREGATE RECORD,,,,,,,,,,,https://www.usaspending.gov/award/ASST_NON_3344898203_073/,2021-01-06 03:33:53.27803+00
ASST_NON_3345568200_073,3345568200,,SAI EXEMPT,,,,,,2020-08-27,2020,0.00,,,,0.00,0.00,0.00,2020-08-04,2020,,,073,Small Business Administration,7300,Small Business Administration,737010,OFC OF CAPITAL ACCESS,073,Small Business Administration,7300,Small Business Administration,737010,OFC OF CAPITAL ACCESS,,,,,,,KEYANNA KENDRICK,KEYANNA KENDRICK,,,,USA,UNITED STATES,14779 SENECA RD,10,82590,VICTORVILLE,06071,SAN BERNARDINO,06,CA,CALIFORNIA,92392,,CA-08,CA-23,,,,COUNTY-WIDE,USA,UNITED STATES,CA**071,,06071,SAN BERNARDINO,06,CALIFORNIA,,CA-08,CA-90,,59.073: PAYCHECK PROTECTION LOAN PROGRAM (PPP),,,08,GUARANTEED/INSURED LOAN (F),TO AID SMALL BUSINESSES IN MAINTAINING WORK FORCE DURING COVID-19 PANDEMIC.,NON,NOT RECOVERY ACT,P,INDIVIDUAL,2,NON-AGGREGATE RECORD,,,,,,,,,,,https://www.usaspending.gov/award/ASST_NON_3345568200_073/,2021-01-06 03:33:53.27803+00
ASST_NON_3351778200_073,3351778200,,SAI EXEMPT,,,,,,2020-08-27,2020,0.00,,,,0.00,0.00,0.00,2020-08-04,2020,,,073,Small Business Administration,7300,Small Business Administration,737010,OFC OF CAPITAL ACCESS,073,Small Business Administration,7300,Small Business Administration,737010,OFC OF CAPITAL ACCESS,,,,,,,"KIMBERLY COTTERILL, INTEGRATIVE THERAPIES","KIMBERLY COTTERILL, INTEGRATIVE THERAPIES",,,,USA,UNITED STATES,406 CHINN STREET,,70098,SANTA ROSA,06097,SONOMA,06,CA,CALIFORNIA,95404,,CA-05,CA-04,,,,COUNTY-WIDE,USA,UNITED STATES,CA**097,,06097,SONOMA,06,CALIFORNIA,,CA-05,CA-90,,59.073: PAYCHECK PROTECTION LOAN PROGRAM (PPP),,,08,GUARANTEED/INSURED LOAN (F),TO AID SMALL BUSINESSES IN MAINTAINING WORK FORCE DURING COVID-19 PANDEMIC.,NON,NOT RECOVERY ACT,P,INDIVIDUAL,2,NON-AGGREGATE RECORD,,,,,,,,,,,https://www.usaspending.gov/award/ASST_NON_3351778200_073/,2021-01-06 03:33:53.27803+00
ASST_NON_3380448205_073,3380448205,,SAI EXEMPT,,,,,,2020-08-27,2020,0.00,,,,0.00,0.00,0.00,2020-08-04,2020,,,073,Small Business Administration,7300,Small Business Administration,737010,OFC OF CAPITAL ACCESS,073,Small Business Administration,7300,Small Business Administration,737010,OFC OF CAPITAL ACCESS,,,,,,,PEDRO ARMANDO HERNANDEZ,PEDRO ARMANDO HERNANDEZ,,,,USA,UNITED STATES,407 N. BIXEL ST,,44000,LOS ANGELES,06037,LOS ANGELES,06,CA,CALIFORNIA,90026,,CA-34,CA-90,,,,COUNTY-WIDE,USA,UNITED STATES,CA**037,,06037,LOS ANGELES,06,CALIFORNIA,,CA-34,CA-90,,59.073: PAYCHECK PROTECTION LOAN PROGRAM (PPP),,,08,GUARANTEED/INSURED LOAN (F),TO AID SMALL BUSINESSES IN MAINTAINING WORK FORCE DURING COVID-19 PANDEMIC.,NON,NOT RECOVERY ACT,P,INDIVIDUAL,2,NON-AGGREGATE RECORD,,,,,,,,,,,https://www.usaspending.gov/award/ASST_NON_3380448205_073/,2021-01-06 03:33:53.27803+00
ASST_NON_3430998205_073,3430998205,,SAI EXEMPT,,,,,,2020-08-27,2020,0.00,,,,0.00,0.00,0.00,2020-08-04,2020,,,073,Small Business Administration,7300,Small Business Administration,737010,OFC OF CAPITAL ACCESS,073,Small Business Administration,7300,Small Business Administration,737010,OFC OF CAPITAL ACCESS,,,,,,,G FRANK ROGERS REAL ESTATE,G FRANK ROGERS REAL ESTATE,,,,USA,UNITED STATES,1496 BOULEVARD WAY,,83346,WALNUT CREEK,06013,CONTRA COSTA,06,CA,CALIFORNIA,94595,,CA-11,CA-10,,,,COUNTY-WIDE,USA,UNITED STATES,CA**013,,06013,CONTRA COSTA,06,CALIFORNIA,,CA-11,CA-90,,59.073: PAYCHECK PROTECTION LOAN PROGRAM (PPP),,,08,GUARANTEED/INSURED LOAN (F),TO AID SMALL BUSINESSES IN MAINTAINING WORK FORCE DURING COVID-19 PANDEMIC.,NON,NOT RECOVERY ACT,P,INDIVIDUAL,2,NON-AGGREGATE RECORD,,,,,,,,,,,https://www.usaspending.gov/award/ASST_NON_3430998205_073/,2021-01-06 03:33:53.27803+00
ASST_NON_3456128200_073,3456128200,,SAI EXEMPT,,,,,,2020-08-27,2020,0.00,,,,0.00,0.00,0.00,2020-08-04,2020,,,073,Small Business Administration,7300,Small Business Administration,737010,OFC OF CAPITAL ACCESS,073,Small Business Administration,7300,Small Business Administration,737010,OFC OF CAPITAL ACCESS,,,,,,,GOLDEN DREAMS 1 INC,GOLDEN DREAMS 1 INC,,,,USA,UNITED STATES,263 W OLIVE AVE,,08954,BURBANK,06037,LOS ANGELES,06,CA,CALIFORNIA,91502,,CA-28,CA-30,,,,COUNTY-WIDE,USA,UNITED STATES,CA**037,,06037,LOS ANGELES,06,CALIFORNIA,,CA-28,CA-90,,59.073: PAYCHECK PROTECTION LOAN PROGRAM (PPP),,,08,GUARANTEED/INSURED LOAN (F),TO AID SMALL BUSINESSES IN MAINTAINING WORK FORCE DURING COVID-19 PANDEMIC.,NON,NOT RECOVERY ACT,R,SMALL BUSINESS,2,NON-AGGREGATE RECORD,,,,,,,,,,,https://www.usaspending.gov/award/ASST_NON_3456128200_073/,2021-01-06 03:33:53.27803+00
ASST_NON_3457408203_073,3457408203,,SAI EXEMPT,O: Non-emergency P.L. 116-136|Non-emergency P.L. 116-139|Non-emergency P.L. 116-260|Non-emergency P.L. 117-2,14181.67,14181.67,,,2020-08-27,2020,0.00,14181.67,,,0.00,13941.87,14181.67,2020-08-04,2020,,,073,Small Business Administration,7300,Small Business Administration,737010,OFC OF CAPITAL ACCESS,073,Small Business Administration,7300,Small Business Administration,737010,OFC OF CAPITAL ACCESS,073-2020/2021-1154-000,073-1154,"41.0: Grants, subsidies, and contributions",0702: LOAN GUARANTEE SUBSIDY,,,SHAPE SOFTWARE INC,SHAPE SOFTWARE INC,,,,USA,UNITED STATES,STE 140 9070 IRVINE CENTER DR,,36770,IRVINE,06059,ORANGE,06,CA,CALIFORNIA,92618,,CA-45,CA-47,,,,COUNTY-WIDE,USA,UNITED STATES,CA**059,,06059,ORANGE,06,CALIFORNIA,,CA-45,CA-90,,59.073: PAYCHECK PROTECTION LOAN PROGRAM (PPP),,,08,GUARANTEED/INSURED LOAN (F),TO AID SMALL BUSINESSES IN MAINTAINING WORK FORCE DURING COVID-19 PANDEMIC.,NON,NOT RECOVERY ACT,R,SMALL BUSINESS,2,NON-AGGREGATE RECORD,,,,,,,,,,,https://www.usaspending.gov/award/ASST_NON_3457408203_073/,2021-01-06 03:33:53.27803+00
ASST_NON_3463908207_073,3463908207,,SAI EXEMPT,O: Non-emergency P.L. 116-136|Non-emergency P.L. 116-139|Non-emergency P.L. 116-260|Non-emergency P.L. 117-2,11867.67,11867.67,,,2020-08-27,2020,0.00,11867.67,,,0.00,11667.00,11867.67,2020-08-04,2020,,,073,Small Business Administration,7300,Small Business Administration,737010,OFC OF CAPITAL ACCESS,073,Small Business Administration,7300,Small Business Administration,737010,OFC OF CAPITAL ACCESS,073-2020/2021-1154-000,073-1154,"41.0: Grants, subsidies, and contributions",0702: LOAN GUARANTEE SUBSIDY,,,BATTLESHIP POTEMKIN INC,BATTLESHIP POTEMKIN INC,,,,USA,UNITED STATES,1357 S RIMPAU BLVD,,44000,LOS ANGELES,06037,LOS ANGELES,06,CA,CALIFORNIA,90019,,CA-37,CA-37,,,,COUNTY-WIDE,USA,UNITED STATES,CA**037,,06037,LOS ANGELES,06,CALIFORNIA,,CA-37,CA-90,,59.073: PAYCHECK PROTECTION LOAN PROGRAM (PPP),,,08,GUARANTEED/INSURED LOAN (F),TO AID SMALL BUSINESSES IN MAINTAINING WORK FORCE DURING COVID-19 PANDEMIC.,NON,NOT RECOVERY ACT,R,SMALL BUSINESS,2,NON-AGGREGATE RECORD,,,,,,,,,,,https://www.usaspending.gov/award/ASST_NON_3463908207_073/,2021-01-06 03:33:53.27803+00
ASST_NON_3465498208_073,3465498208,,SAI EXEMPT,O: Non-emergency P.L. 116-136|Non-emergency P.L. 116-139|Non-emergency P.L. 116-260|Non-emergency P.L. 117-2,50416.50,50416.50,,,2020-08-27,2020,0.00,50416.50,,,0.00,49564.00,50416.50,2020-08-04,2020,,,073,Small Business Administration,7300,Small Business Administration,737010,OFC OF CAPITAL ACCESS,073,Small Business Administration,7300,Small Business Administration,737010,OFC OF CAPITAL ACCESS,073-2020/2021-1154-000,073-1154,"41.0: Grants, subsidies, and contributions",0702: LOAN GUARANTEE SUBSIDY,,,"SPICEMART, INC.","SPICEMART, INC.",,,,USA,UNITED STATES,510 E TRIMBLE RD,,68000,SAN JOSE,06085,SANTA CLARA,06,CA,CALIFORNIA,95131,,CA-17,CA-17,,,,COUNTY-WIDE,USA,UNITED STATES,CA**085,,06085,SANTA CLARA,06,CALIFORNIA,,CA-17,CA-90,,59.073: PAYCHECK PROTECTION LOAN PROGRAM (PPP),,,08,GUARANTEED/INSURED LOAN (F),TO AID SMALL BUSINESSES IN MAINTAINING WORK FORCE DURING COVID-19 PANDEMIC.,NON,NOT RECOVERY ACT,R,SMALL BUSINESS,2,NON-AGGREGATE RECORD,,,,,,,,,,,https://www.usaspending.gov/award/ASST_NON_3465498208_073/,2021-01-06 03:33:53.27803+00
ASST_NON_3468777404_073,3468777404,,SAI EXEMPT,O: Non-emergency P.L. 116-136|Non-emergency P.L. 116-139|Non-emergency P.L. 116-260|Non-emergency P.L. 117-2,16020.90,16020.90,,,2020-08-27,2020,0.00,16020.90,,,0.00,15750.00,16020.90,2020-05-07,2020,,,073,Small Business Administration,7300,Small Business Administration,737010,OFC OF CAPITAL ACCESS,073,Small Business Administration,7300,Small Business Administration,737010,OFC OF CAPITAL ACCESS,073-2020/2021-1154-000,073-1154,"41.0: Grants, subsidies, and contributions",0702: LOAN GUARANTEE SUBSIDY,,,"MKR EQUIPMENT SERVICES, INC.","MKR EQUIPMENT SERVICES, INC.",,,,USA,UNITED STATES,11724 CORINTH CIR,,25380,FOUNTAIN VALLEY,06059,ORANGE,06,CA,CALIFORNIA,92708,,CA-48,CA-45,,,,COUNTY-WIDE,USA,UNITED STATES,CA**059,,06059,ORANGE,06,CALIFORNIA,,CA-48,CA-90,,59.073: PAYCHECK PROTECTION LOAN PROGRAM (PPP),,,08,GUARANTEED/INSURED LOAN (F),TO AID SMALL BUSINESSES IN MAINTAINING WORK FORCE DURING COVID-19 PANDEMIC.,NON,NOT RECOVERY ACT,R,SMALL BUSINESS,2,NON-AGGREGATE RECORD,,,,,,,,,,,https://www.usaspending.gov/award/ASST_NON_3468777404_073/,2021-01-06 03:33:53.27803+00
ASST_NON_3472818206_073,3472818206,,SAI EXEMPT,,,,,,2020-08-27,2020,0.00,,,,0.00,0.00,0.00,2020-08-04,2020,,,073,Small Business Administration,7300,Small Business Administration,737010,OFC OF CAPITAL ACCESS,073,Small Business Administration,7300,Small Business Administration,737010,OFC OF CAPITAL ACCESS,,,,,,,MICHAEL HANNA,MICHAEL HANNA,,,,USA,UNITED STATES,1892 GREENFIELD DR,,21712,EL CAJON,06073,SAN DIEGO,06,CA,CALIFORNIA,92021,,CA-50,CA-90,,,,COUNTY-WIDE,USA,UNITED STATES,CA**073,,06073,SAN DIEGO,06,CALIFORNIA,,CA-50,CA-90,,59.073: PAYCHECK PROTECTION LOAN PROGRAM (PPP),,,08,GUARANTEED/INSURED LOAN (F),TO AID SMALL BUSINESSES IN MAINTAINING WORK FORCE DURING COVID-19 PANDEMIC.,NON,NOT RECOVERY ACT,P,INDIVIDUAL,2,NON-AGGREGATE RECORD,,,,,,,,,,,https://www.usaspending.gov/award/ASST_NON_3472818206_073/,2021-01-06 03:33:53.27803+00
ASST_NON_3483948205_073,3483948205,,SAI EXEMPT,,,,,,2020-08-27,2020,0.00,,,,0.00,0.00,0.00,2020-08-04,2020,,,073,Small Business Administration,7300,Small Business Administration,737010,OFC OF CAPITAL ACCESS,073,Small Business Administration,7300,Small Business Administration,737010,OFC OF CAPITAL ACCESS,,,,,,,SHANE ROWAN,SHANE ROWAN,,,,USA,UNITED STATES,28949 ALESSANDRO BLVD,,49270,MORENO VALLEY,06065,RIVERSIDE,06,CA,CALIFORNIA,92555,,CA-41,CA-39,,,,COUNTY-WIDE,USA,UNITED STATES,CA**065,,06065,RIVERSIDE,06,CALIFORNIA,,CA-41,CA-90,,59.073: PAYCHECK PROTECTION LOAN PROGRAM (PPP),,,08,GUARANTEED/INSURED LOAN (F),TO AID SMALL BUSINESSES IN MAINTAINING WORK FORCE DURING COVID-19 PANDEMIC.,NON,NOT RECOVERY ACT,P,INDIVIDUAL,2,NON-AGGREGATE RECORD,,,,,,,,,,,https://www.usaspending.gov/award/ASST_NON_3483948205_073/,2021-01-06 03:33:53.27803+00
ASST_NON_3484118205_073,3484118205,,SAI EXEMPT,,,,,,2020-08-27,2020,0.00,,,,0.00,0.00,0.00,2020-08-04,2020,,,073,Small Business Administration,7300,Small Business Administration,737010,OFC OF CAPITAL ACCESS,073,Small Business Administration,7300,Small Business Administration,737010,OFC OF CAPITAL ACCESS,,,,,,,DONG WU,DONG WU,,,,USA,UNITED STATES,12220 ALAMO DR,,59451,RANCHO CUCAMONGA,06071,SAN BERNARDINO,06,CA,CALIFORNIA,91739,,CA-08,CA-33,,,,COUNTY-WIDE,USA,UNITED STATES,CA**071,,06071,SAN BERNARDINO,06,CALIFORNIA,,CA-08,CA-90,,59.073: PAYCHECK PROTECTION LOAN PROGRAM (PPP),,,08,GUARANTEED/INSURED LOAN (F),TO AID SMALL BUSINESSES IN MAINTAINING WORK FORCE DURING COVID-19 PANDEMIC.,NON,NOT RECOVERY ACT,P,INDIVIDUAL,2,NON-AGGREGATE RECORD,,,,,,,,,,,https://www.usaspending.gov/award/ASST_NON_3484118205_073/,2021-01-06 03:33:53.27803+00
ASST_NON_3484798210_073,3484798210,,SAI EXEMPT,,,,,,2020-08-27,2020,0.00,,,,0.00,0.00,0.00,2020-08-04,2020,,,073,Small Business Administration,7300,Small Business Administration,737010,OFC OF CAPITAL ACCESS,073,Small Business Administration,7300,Small Business Administration,737010,OFC OF CAPITAL ACCESS,,,,,,,TXC SKINCARE,TXC SKINCARE,,,,USA,UNITED STATES,1703 TERMINO AVE,211,43000,LONG BEACH,06037,LOS ANGELES,06,CA,CALIFORNIA,90804,,CA-47,CA-42,,,,COUNTY-WIDE,USA,UNITED STATES,CA**037,,06037,LOS ANGELES,06,CALIFORNIA,,CA-47,CA-90,,59.073: PAYCHECK PROTECTION LOAN PROGRAM (PPP),,,08,GUARANTEED/INSURED LOAN (F),TO AID SMALL BUSINESSES IN MAINTAINING WORK FORCE DURING COVID-19 PANDEMIC.,NON,NOT RECOVERY ACT,P,INDIVIDUAL,2,NON-AGGREGATE RECORD,,,,,,,,,,,https://www.usaspending.gov/award/ASST_NON_3484798210_073/,2021-01-06 03:33:53.27803+00
ASST_NON_3485058202_073,3485058202,,SAI EXEMPT,,,,,,2020-08-27,2020,0.00,,,,0.00,0.00,0.00,2020-08-04,2020,,,073,Small Business Administration,7300,Small Business Administration,737010,OFC OF CAPITAL ACCESS,073,Small Business Administration,7300,Small Business Administration,737010,OFC OF CAPITAL ACCESS,,,,,,,CLEAN SLATE PICTURES,CLEAN SLATE PICTURES,,,,USA,UNITED STATES,14525 DEER PARK COURT,,44112,LOS GATOS,06085,SANTA CLARA,06,CA,CALIFORNIA,95032,,CA-18,CA-16,,,,COUNTY-WIDE,USA,UNITED STATES,CA**085,,06085,SANTA CLARA,06,CALIFORNIA,,CA-18,CA-90,,59.073: PAYCHECK PROTECTION LOAN PROGRAM (PPP),,,08,GUARANTEED/INSURED LOAN (F),TO AID SMALL BUSINESSES IN MAINTAINING WORK FORCE DURING COVID-19 PANDEMIC.,NON,NOT RECOVERY ACT,P,INDIVIDUAL,2,NON-AGGREGATE RECORD,,,,,,,,,,,https://www.usaspending.gov/award/ASST_NON_3485058202_073/,2021-01-06 03:33:53.27803+00
ASST_NON_3487608205_073,3487608205,,SAI EXEMPT,,,,,,2020-08-27,2020,0.00,,,,0.00,0.00,0.00,2020-08-04,2020,,,073,Small Business Administration,7300,Small Business Administration,737010,OFC OF CAPITAL ACCESS,073,Small Business Administration,7300,Small Business Administration,737010,OFC OF CAPITAL ACCESS,,,,,,,ANZHELIKA HAINKA,ANZHELIKA HAINKA,,,,USA,UNITED STATES,11945 MAGNOLIA BLVD PH07,,,VALLEY VILLAGE,06037,LOS ANGELES,06,CA,CALIFORNIA,91607,,CA-30,CA-29,,,,COUNTY-WIDE,USA,UNITED STATES,CA**037,,06037,LOS ANGELES,06,CALIFORNIA,,CA-30,CA-90,,59.073: PAYCHECK PROTECTION LOAN PROGRAM (PPP),,,08,GUARANTEED/INSURED LOAN (F),TO AID SMALL BUSINESSES IN MAINTAINING WORK FORCE DURING COVID-19 PANDEMIC.,NON,NOT RECOVERY ACT,P,INDIVIDUAL,2,NON-AGGREGATE RECORD,,,,,,,,,,,https://www.usaspending.gov/award/ASST_NON_3487608205_073/,2021-01-06 03:33:53.27803+00
ASST_NON_3489018209_073,3489018209,,SAI EXEMPT,,,,,,2020-08-27,2020,0.00,,,,0.00,0.00,0.00,2020-08-04,2020,,,073,Small Business Administration,7300,Small Business Administration,737010,OFC OF CAPITAL ACCESS,073,Small Business Administration,7300,Small Business Administration,737010,OFC OF CAPITAL ACCESS,,,,,,,ISABELBENNETT,ISABELBENNETT,,,,USA,UNITED STATES,2901 BLOSSOMWOOD CT,,48354,MODESTO,06099,STANISLAUS,06,CA,CALIFORNIA,95355,,CA-10,CA-05,,,,COUNTY-WIDE,USA,UNITED STATES,CA**099,,06099,STANISLAUS,06,CALIFORNIA,,CA-10,CA-90,,59.073: PAYCHECK PROTECTION LOAN PROGRAM (PPP),,,08,GUARANTEED/INSURED LOAN (F),TO AID SMALL BUSINESSES IN MAINTAINING WORK FORCE DURING COVID-19 PANDEMIC.,NON,NOT RECOVERY ACT,P,INDIVIDUAL,2,NON-AGGREGATE RECORD,,,,,,,,,,,https://www.usaspending.gov/award/ASST_NON_3489018209_073/,2021-01-06 03:33:53.27803+00
ASST_NON_3498208209_073,3498208209,,SAI EXEMPT,,,,,,2020-08-27,2020,0.00,,,,0.00,0.00,0.00,2020-08-04,2020,,,073,Small Business Administration,7300,Small Business Administration,737010,OFC OF CAPITAL ACCESS,073,Small Business Administration,7300,Small Business Administration,737010,OFC OF CAPITAL ACCESS,,,,,,,WILLIAMS LLC,WILLIAMS LLC,,,,USA,UNITED STATES,10770 BLACK MOUNTAIN RD SPC 173,,66000,SAN DIEGO,06073,SAN DIEGO,06,CA,CALIFORNIA,92126,,CA-52,CA-51,,,,COUNTY-WIDE,USA,UNITED STATES,CA**073,,06073,SAN DIEGO,06,CALIFORNIA,,CA-52,CA-90,,59.073: PAYCHECK PROTECTION LOAN PROGRAM (PPP),,,08,GUARANTEED/INSURED LOAN (F),TO AID SMALL BUSINESSES IN MAINTAINING WORK FORCE DURING COVID-19 PANDEMIC.,NON,NOT RECOVERY ACT,P,INDIVIDUAL,2,NON-AGGREGATE RECORD,,,,,,,,,,,https://www.usaspending.gov/award/ASST_NON_3498208209_073/,2021-01-06 03:33:53.27803+00
ASST_NON_3498258202_073,3498258202,,SAI EXEMPT,,,,,,2020-08-27,2020,0.00,,,,0.00,0.00,0.00,2020-08-04,2020,,,073,Small Business Administration,7300,Small Business Administration,737010,OFC OF CAPITAL ACCESS,073,Small Business Administration,7300,Small Business Administration,737010,OFC OF CAPITAL ACCESS,,,,,,,JULIE LEE,JULIE LEE,,,,USA,UNITED STATES,345 PEACH ST.,,48914,MONTEREY PARK,06037,LOS ANGELES,06,CA,CALIFORNIA,91755,,CA-27,CA-28,,,,COUNTY-WIDE,USA,UNITED STATES,CA**037,,06037,LOS ANGELES,06,CALIFORNIA,,CA-27,CA-90,,59.073: PAYCHECK PROTECTION LOAN PROGRAM (PPP),,,08,GUARANTEED/INSURED LOAN (F),TO AID SMALL BUSINESSES IN MAINTAINING WORK FORCE DURING COVID-19 PANDEMIC.,NON,NOT RECOVERY ACT,P,INDIVIDUAL,2,NON-AGGREGATE RECORD,,,,,,,,,,,https://www.usaspending.gov/award/ASST_NON_3498258202_073/,2021-01-06 03:33:53.27803+00
ASST_NON_3498948208_073,3498948208,,SAI EXEMPT,,,,,,2020-08-27,2020,0.00,,,,0.00,0.00,0.00,2020-08-04,2020,,,073,Small Business Administration,7300,Small Business Administration,737010,OFC OF CAPITAL ACCESS,073,Small Business Administration,7300,Small Business Administration,737010,OFC OF CAPITAL ACCESS,,,,,,,BASEL S HASSOUNEH,BASEL S HASSOUNEH,,,,USA,UNITED STATES,1903 W WILLOW AVE,,02000,ANAHEIM,06059,ORANGE,06,CA,CALIFORNIA,92804,,CA-46,CA-46,,,,COUNTY-WIDE,USA,UNITED STATES,CA**059,,06059,ORANGE,06,CALIFORNIA,,CA-46,CA-90,,59.073: PAYCHECK PROTECTION LOAN PROGRAM (PPP),,,08,GUARANTEED/INSURED LOAN (F),TO AID SMALL BUSINESSES IN MAINTAINING WORK FORCE DURING COVID-19 PANDEMIC.,NON,NOT RECOVERY ACT,P,INDIVIDUAL,2,NON-AGGREGATE RECORD,,,,,,,,,,,https://www.usaspending.gov/award/ASST_NON_3498948208_073/,2021-01-06 03:33:53.27803+00
ASST_NON_3499248201_073,3499248201,,SAI EXEMPT,,,,,,2020-08-27,2020,0.00,,,,0.00,0.00,0.00,2020-08-04,2020,,,073,Small Business Administration,7300,Small Business Administration,737010,OFC OF CAPITAL ACCESS,073,Small Business Administration,7300,Small Business Administration,737010,OFC OF CAPITAL ACCESS,,,,,,,VLADIMIR SHEEPS,VLADIMIR SHEEPS,,,,USA,UNITED STATES,16584 SILKTREE ST,,25380,FOUNTAIN VALLEY,06059,ORANGE,06,CA,CALIFORNIA,92708,,CA-48,CA-45,,,,COUNTY-WIDE,USA,UNITED STATES,CA**059,,06059,ORANGE,06,CALIFORNIA,,CA-48,CA-90,,59.073: PAYCHECK PROTECTION LOAN PROGRAM (PPP),,,08,GUARANTEED/INSURED LOAN (F),TO AID SMALL BUSINESSES IN MAINTAINING WORK FORCE DURING COVID-19 PANDEMIC.,NON,NOT RECOVERY ACT,P,INDIVIDUAL,2,NON-AGGREGATE RECORD,,,,,,,,,,,https://www.usaspending.gov/award/ASST_NON_3499248201_073/,2021-01-06 03:33:53.27803+00
ASST_NON_3499538205_073,3499538205,,SAI EXEMPT,,,,,,2020-08-27,2020,0.00,,,,0.00,0.00,0.00,2020-08-04,2020,,,073,Small Business Administration,7300,Small Business Administration,737010,OFC OF CAPITAL ACCESS,073,Small Business Administration,7300,Small Business Administration,737010,OFC OF CAPITAL ACCESS,,,,,,,ZACKERY MOBILE FOOD,ZACKERY MOBILE FOOD,,,,USA,UNITED STATES,38857 2ND ST E,,55156,PALMDALE,06037,LOS ANGELES,06,CA,CALIFORNIA,93550,,CA-27,CA-27,,,,COUNTY-WIDE,USA,UNITED STATES,CA**037,,06037,LOS ANGELES,06,CALIFORNIA,,CA-27,CA-90,,59.073: PAYCHECK PROTECTION LOAN PROGRAM (PPP),,,08,GUARANTEED/INSURED LOAN (F),TO AID SMALL BUSINESSES IN MAINTAINING WORK FORCE DURING COVID-19 PANDEMIC.,NON,NOT RECOVERY ACT,P,INDIVIDUAL,2,NON-AGGREGATE RECORD,,,,,,,,,,,https://www.usaspending.gov/award/ASST_NON_3499538205_073/,2021-01-06 03:33:53.27803+00
ASST_NON_3499748209_073,3499748209,,SAI EXEMPT,,,,,,2020-08-27,2020,0.00,,,,0.00,0.00,0.00,2020-08-04,2020,,,073,Small Business Administration,7300,Small Business Administration,737010,OFC OF CAPITAL ACCESS,073,Small Business Administration,7300,Small Business Administration,737010,OFC OF CAPITAL ACCESS,,,,,,,THUY ORCHARD LLC,THUY ORCHARD LLC,,,,USA,UNITED STATES,4001 KENMORE AVE,,03666,BALDWIN PARK,06037,LOS ANGELES,06,CA,CALIFORNIA,91706,,CA-32,CA-31,,,,COUNTY-WIDE,USA,UNITED STATES,CA**037,,06037,LOS ANGELES,06,CALIFORNIA,,CA-32,CA-90,,59.073: PAYCHECK PROTECTION LOAN PROGRAM (PPP),,,08,GUARANTEED/INSURED LOAN (F),TO AID SMALL BUSINESSES IN MAINTAINING WORK FORCE DURING COVID-19 PANDEMIC.,NON,NOT RECOVERY ACT,P,INDIVIDUAL,2,NON-AGGREGATE RECORD,,,,,,,,,,,https://www.usaspending.gov/award/ASST_NON_3499748209_073/,2021-01-06 03:33:53.27803+00
ASST_NON_3500018200_073,3500018200,,SAI EXEMPT,,,,,,2020-08-27,2020,0.00,,,,0.00,0.00,0.00,2020-08-04,2020,,,073,Small Business Administration,7300,Small Business Administration,737010,OFC OF CAPITAL ACCESS,073,Small Business Administration,7300,Small Business Administration,737010,OFC OF CAPITAL ACCESS,,,,,,,CHOUKA DESIGN,CHOUKA DESIGN,,,,USA,UNITED STATES,18717 PARTHENIA ST UNIT 13,,52176,NORTHRIDGE,06037,LOS ANGELES,06,CA,CALIFORNIA,91324,,CA-30,CA-32,,,,COUNTY-WIDE,USA,UNITED STATES,CA**037,,06037,LOS ANGELES,06,CALIFORNIA,,CA-30,CA-90,,59.073: PAYCHECK PROTECTION LOAN PROGRAM (PPP),,,08,GUARANTEED/INSURED LOAN (F),TO AID SMALL BUSINESSES IN MAINTAINING WORK FORCE DURING COVID-19 PANDEMIC.,NON,NOT RECOVERY ACT,P,INDIVIDUAL,2,NON-AGGREGATE RECORD,,,,,,,,,,,https://www.usaspending.gov/award/ASST_NON_3500018200_073/,2021-01-06 03:33:53.27803+00
ASST_NON_3500178202_073,3500178202,,SAI EXEMPT,,,,,,2020-08-27,2020,0.00,,,,0.00,0.00,0.00,2020-08-04,2020,,,073,Small Business Administration,7300,Small Business Administration,737010,OFC OF CAPITAL ACCESS,073,Small Business Administration,7300,Small Business Administration,737010,OFC OF CAPITAL ACCESS,,,,,,,ROSALIA STENY GUILLEN,ROSALIA STENY GUILLEN,,,,USA,UNITED STATES,1417 REVERE AVE,,28000,FULLERTON,06059,ORANGE,06,CA,CALIFORNIA,92831,,CA-39,CA-90,,,,COUNTY-WIDE,USA,UNITED STATES,CA**059,,06059,ORANGE,06,CALIFORNIA,,CA-39,CA-90,,59.073: PAYCHECK PROTECTION LOAN PROGRAM (PPP),,,08,GUARANTEED/INSURED LOAN (F),TO AID SMALL BUSINESSES IN MAINTAINING WORK FORCE DURING COVID-19 PANDEMIC.,NON,NOT RECOVERY ACT,P,INDIVIDUAL,2,NON-AGGREGATE RECORD,,,,,,,,,,,https://www.usaspending.gov/award/ASST_NON_3500178202_073/,2021-01-06 03:33:53.27803+00
ASST_NON_3500328210_073,3500328210,,SAI EXEMPT,,,,,,2020-08-27,2020,0.00,,,,0.00,0.00,0.00,2020-08-04,2020,,,073,Small Business Administration,7300,Small Business Administration,737010,OFC OF CAPITAL ACCESS,073,Small Business Administration,7300,Small Business Administration,737010,OFC OF CAPITAL ACCESS,,,,,,,"O.C. SAILING CLUB, INC.","O.C. SAILING CLUB, INC.",,,,USA,UNITED STATES,1 SPINNAKER WAY,,06000,BERKELEY,06001,ALAMEDA,06,CA,CALIFORNIA,94710,,CA-13,CA-12,,,,COUNTY-WIDE,USA,UNITED STATES,CA**001,,06001,ALAMEDA,06,CALIFORNIA,,CA-13,CA-90,,59.073: PAYCHECK PROTECTION LOAN PROGRAM (PPP),,,08,GUARANTEED/INSURED LOAN (F),TO AID SMALL BUSINESSES IN MAINTAINING WORK FORCE DURING COVID-19 PANDEMIC.,NON,NOT RECOVERY ACT,R,SMALL BUSINESS,2,NON-AGGREGATE RECORD,,,,,,,,,,,https://www.usaspending.gov/award/ASST_NON_3500328210_073/,2021-01-06 03:33:53.27803+00
ASST_NON_3500828207_073,3500828207,,SAI EXEMPT,,,,,,2020-08-27,2020,0.00,,,,0.00,0.00,0.00,2020-08-04,2020,,,073,Small Business Administration,7300,Small Business Administration,737010,OFC OF CAPITAL ACCESS,073,Small Business Administration,7300,Small Business Administration,737010,OFC OF CAPITAL ACCESS,,,,,,,BROADWAY AUTO GLASS INC,BROADWAY AUTO GLASS INC,,,,USA,UNITED STATES,1234 HERITAGE ROAD,,66000,SAN DIEGO,06073,SAN DIEGO,06,CA,CALIFORNIA,92154,,CA-51,CA-52,,,,COUNTY-WIDE,USA,UNITED STATES,CA**073,,06073,SAN DIEGO,06,CALIFORNIA,,CA-51,CA-90,,59.073: PAYCHECK PROTECTION LOAN PROGRAM (PPP),,,08,GUARANTEED/INSURED LOAN (F),TO AID SMALL BUSINESSES IN MAINTAINING WORK FORCE DURING COVID-19 PANDEMIC.,NON,NOT RECOVERY ACT,R,SMALL BUSINESS,2,NON-AGGREGATE RECORD,,,,,,,,,,,https://www.usaspending.gov/award/ASST_NON_3500828207_073/,2021-01-06 03:33:53.27803+00
ASST_NON_3500878200_073,3500878200,,SAI EXEMPT,,,,,,2020-08-27,2020,0.00,,,,0.00,0.00,0.00,2020-08-04,2020,,,073,Small Business Administration,7300,Small Business Administration,737010,OFC OF CAPITAL ACCESS,073,Small Business Administration,7300,Small Business Administration,737010,OFC OF CAPITAL ACCESS,,,,,,,JOSHUA DOUGLAS,JOSHUA DOUGLAS,,,,USA,UNITED STATES,1270 MEDFIELD RD,,39122,LAFAYETTE,06013,CONTRA COSTA,06,CA,CALIFORNIA,94549,,CA-11,CA-10,,,,COUNTY-WIDE,USA,UNITED STATES,CA**013,,06013,CONTRA COSTA,06,CALIFORNIA,,CA-11,CA-90,,59.073: PAYCHECK PROTECTION LOAN PROGRAM (PPP),,,08,GUARANTEED/INSURED LOAN (F),TO AID SMALL BUSINESSES IN MAINTAINING WORK FORCE DURING COVID-19 PANDEMIC.,NON,NOT RECOVERY ACT,P,INDIVIDUAL,2,NON-AGGREGATE RECORD,,,,,,,,,,,https://www.usaspending.gov/award/ASST_NON_3500878200_073/,2021-01-06 03:33:53.27803+00
ASST_NON_3501228206_073,3501228206,,SAI EXEMPT,,,,,,2020-08-27,2020,0.00,,,,0.00,0.00,0.00,2020-08-04,2020,,,073,Small Business Administration,7300,Small Business Administration,737010,OFC OF CAPITAL ACCESS,073,Small Business Administration,7300,Small Business Administration,737010,OFC OF CAPITAL ACCESS,,,,,,,JUAN ZAPATA,JUAN ZAPATA,,,,USA,UNITED STATES,1509 E 56TH ST,,44000,LOS ANGELES,06037,LOS ANGELES,06,CA,CALIFORNIA,90011,,CA-40,CA-37,,,,COUNTY-WIDE,USA,UNITED STATES,CA**037,,06037,LOS ANGELES,06,CALIFORNIA,,CA-40,CA-90,,59.073: PAYCHECK PROTECTION LOAN PROGRAM (PPP),,,08,GUARANTEED/INSURED LOAN (F),TO AID SMALL BUSINESSES IN MAINTAINING WORK FORCE DURING COVID-19 PANDEMIC.,NON,NOT RECOVERY ACT,P,INDIVIDUAL,2,NON-AGGREGATE RECORD,,,,,,,,,,,https://www.usaspending.gov/award/ASST_NON_3501228206_073/,2021-01-06 03:33:53.27803+00
ASST_NON_3501308206_073,3501308206,,SAI EXEMPT,,,,,,2020-08-27,2020,0.00,,,,0.00,0.00,0.00,2020-08-04,2020,,,073,Small Business Administration,7300,Small Business Administration,737010,OFC OF CAPITAL ACCESS,073,Small Business Administration,7300,Small Business Administration,737010,OFC OF CAPITAL ACCESS,,,,,,,RASHEIME GRISSOM,RASHEIME GRISSOM,,,,USA,UNITED STATES,20330 THUNDERBIRD RD,APT C,02364,APPLE VALLEY,06071,SAN BERNARDINO,06,CA,CALIFORNIA,92307,,CA-08,CA-23,,,,COUNTY-WIDE,USA,UNITED STATES,CA**071,,06071,SAN BERNARDINO,06,CALIFORNIA,,CA-08,CA-90,,59.073: PAYCHECK PROTECTION LOAN PROGRAM (PPP),,,08,GUARANTEED/INSURED LOAN (F),TO AID SMALL BUSINESSES IN MAINTAINING WORK FORCE DURING COVID-19 PANDEMIC.,NON,NOT RECOVERY ACT,P,INDIVIDUAL,2,NON-AGGREGATE RECORD,,,,,,,,,,,https://www.usaspending.gov/award/ASST_NON_3501308206_073/,2021-01-06 03:33:53.27803+00
ASST_NON_3501348207_073,3501348207,,SAI EXEMPT,,,,,,2020-08-27,2020,0.00,,,,0.00,0.00,0.00,2020-08-04,2020,,,073,Small Business Administration,7300,Small Business Administration,737010,OFC OF CAPITAL ACCESS,073,Small Business Administration,7300,Small Business Administration,737010,OFC OF CAPITAL ACCESS,,,,,,,ZACH BEST US POTATOES,ZACH BEST US POTATOES,,,,USA,UNITED STATES,6113 CANYON RIM DR,,62364,ROCKLIN,06061,PLACER,06,CA,CALIFORNIA,95765,,CA-04,CA-03,,,,COUNTY-WIDE,USA,UNITED STATES,CA**061,,06061,PLACER,06,CALIFORNIA,,CA-04,CA-03,,59.073: PAYCHECK PROTECTION LOAN PROGRAM (PPP),,,08,GUARANTEED/INSURED LOAN (F),TO AID SMALL BUSINESSES IN MAINTAINING WORK FORCE DURING COVID-19 PANDEMIC.,NON,NOT RECOVERY ACT,P,INDIVIDUAL,2,NON-AGGREGATE RECORD,,,,,,,,,,,https://www.usaspending.gov/award/ASST_NON_3501348207_073/,2021-01-06 03:33:53.27803+00
ASST_NON_3501498206_073,3501498206,,SAI EXEMPT,,,,,,2020-08-27,2020,0.00,,,,0.00,0.00,0.00,2020-08-04,2020,,,073,Small Business Administration,7300,Small Business Administration,737010,OFC OF CAPITAL ACCESS,073,Small Business Administration,7300,Small Business Administration,737010,OFC OF CAPITAL ACCESS,,,,,,,ROBERT J BURNS JR.,ROBERT J BURNS JR.,,,,USA,UNITED STATES,39396 BLACKHAWK PL.,,18100,DAVIS,06113,YOLO,06,CA,CALIFORNIA,95616,,CA-03,CA-04,,,,COUNTY-WIDE,USA,UNITED STATES,CA**113,,06113,YOLO,06,CALIFORNIA,,CA-03,CA-90,,59.073: PAYCHECK PROTECTION LOAN PROGRAM (PPP),,,08,GUARANTEED/INSURED LOAN (F),TO AID SMALL BUSINESSES IN MAINTAINING WORK FORCE DURING COVID-19 PANDEMIC.,NON,NOT RECOVERY ACT,P,INDIVIDUAL,2,NON-AGGREGATE RECORD,,,,,,,,,,,https://www.usaspending.gov/award/ASST_NON_3501498206_073/,2021-01-06 03:33:53.27803+00
ASST_NON_3524928207_073,3524928207,,SAI EXEMPT,,,,,,2020-08-27,2020,0.00,,,,0.00,0.00,0.00,2020-08-04,2020,,,073,Small Business Administration,7300,Small Business Administration,737010,OFC OF CAPITAL ACCESS,073,Small Business Administration,7300,Small Business Administration,737010,OFC OF CAPITAL ACCESS,,,,,,,KHADY CISSE,KHADY CISSE,,,,USA,UNITED STATES,1937 S CORNING ST,1,44000,LOS ANGELES,06037,LOS ANGELES,06,CA,CALIFORNIA,90034,,CA-37,CA-90,,,,COUNTY-WIDE,USA,UNITED STATES,CA**037,,06037,LOS ANGELES,06,CALIFORNIA,,CA-37,CA-90,,59.073: PAYCHECK PROTECTION LOAN PROGRAM (PPP),,,08,GUARANTEED/INSURED LOAN (F),TO AID SMALL BUSINESSES IN MAINTAINING WORK FORCE DURING COVID-19 PANDEMIC.,NON,NOT RECOVERY ACT,P,INDIVIDUAL,2,NON-AGGREGATE RECORD,,,,,,,,,,,https://www.usaspending.gov/award/ASST_NON_3524928207_073/,2021-01-06 03:33:53.27803+00
ASST_NON_3524948202_073,3524948202,,SAI EXEMPT,,,,,,2020-08-27,2020,0.00,,,,0.00,0.00,0.00,2020-08-04,2020,,,073,Small Business Administration,7300,Small Business Administration,737010,OFC OF CAPITAL ACCESS,073,Small Business Administration,7300,Small Business Administration,737010,OFC OF CAPITAL ACCESS,,,,,,,CHARLES S JONES,CHARLES S JONES,,,,USA,UNITED STATES,23746 JAMESON ST,,50076,MURRIETA,06065,RIVERSIDE,06,CA,CALIFORNIA,92562,,CA-42,CA-48,,,,COUNTY-WIDE,USA,UNITED STATES,CA**065,,06065,RIVERSIDE,06,CALIFORNIA,,CA-42,CA-90,,59.073: PAYCHECK PROTECTION LOAN PROGRAM (PPP),,,08,GUARANTEED/INSURED LOAN (F),TO AID SMALL BUSINESSES IN MAINTAINING WORK FORCE DURING COVID-19 PANDEMIC.,NON,NOT RECOVERY ACT,P,INDIVIDUAL,2,NON-AGGREGATE RECORD,,,,,,,,,,,https://www.usaspending.gov/award/ASST_NON_3524948202_073/,2021-01-06 03:33:53.27803+00
ASST_NON_3525128205_073,3525128205,,SAI EXEMPT,,,,,,2020-08-27,2020,0.00,,,,0.00,0.00,0.00,2020-08-04,2020,,,073,Small Business Administration,7300,Small Business Administration,737010,OFC OF CAPITAL ACCESS,073,Small Business Administration,7300,Small Business Administration,737010,OFC OF CAPITAL ACCESS,,,,,,,ERIC SMITH,ERIC SMITH,,,,USA,UNITED STATES,42 GRANT,,36770,IRVINE,06059,ORANGE,06,CA,CALIFORNIA,92620,,CA-45,CA-47,,,,COUNTY-WIDE,USA,UNITED STATES,CA**059,,06059,ORANGE,06,CALIFORNIA,,CA-45,CA-90,,59.073: PAYCHECK PROTECTION LOAN PROGRAM (PPP),,,08,GUARANTEED/INSURED LOAN (F),TO AID SMALL BUSINESSES IN MAINTAINING WORK FORCE DURING COVID-19 PANDEMIC.,NON,NOT RECOVERY ACT,P,INDIVIDUAL,2,NON-AGGREGATE RECORD,,,,,,,,,,,https://www.usaspending.gov/award/ASST_NON_3525128205_073/,2021-01-06 03:33:53.27803+00
ASST_NON_3525208205_073,3525208205,,SAI EXEMPT,,,,,,2020-08-27,2020,0.00,,,,0.00,0.00,0.00,2020-08-04,2020,,,073,Small Business Administration,7300,Small Business Administration,737010,OFC OF CAPITAL ACCESS,073,Small Business Administration,7300,Small Business Administration,737010,OFC OF CAPITAL ACCESS,,,,,,,STATE MOTEL,STATE MOTEL,,,,USA,UNITED STATES,8925  STATE STREET,,73080,SOUTH GATE,06037,LOS ANGELES,06,CA,CALIFORNIA,90280,,CA-44,CA-44,,,,COUNTY-WIDE,USA,UNITED STATES,CA**037,,06037,LOS ANGELES,06,CALIFORNIA,,CA-44,CA-90,,59.073: PAYCHECK PROTECTION LOAN PROGRAM (PPP),,,08,GUARANTEED/INSURED LOAN (F),TO AID SMALL BUSINESSES IN MAINTAINING WORK FORCE DURING COVID-19 PANDEMIC.,NON,NOT RECOVERY ACT,P,INDIVIDUAL,2,NON-AGGREGATE RECORD,,,,,,,,,,,https://www.usaspending.gov/award/ASST_NON_3525208205_073/,2021-01-06 03:33:53.27803+00
ASST_NON_3525298210_073,3525298210,,SAI EXEMPT,,,,,,2020-08-27,2020,0.00,,,,0.00,0.00,0.00,2020-08-04,2020,,,073,Small Business Administration,7300,Small Business Administration,737010,OFC OF CAPITAL ACCESS,073,Small Business Administration,7300,Small Business Administration,737010,OFC OF CAPITAL ACCESS,,,,,,,JAMES WRIGHT,JAMES WRIGHT,,,,USA,UNITED STATES,1209 W 90TH PL,,44000,LOS ANGELES,06037,LOS ANGELES,06,CA,CALIFORNIA,90044,,CA-43,CA-90,,,,COUNTY-WIDE,USA,UNITED STATES,CA**037,,06037,LOS ANGELES,06,CALIFORNIA,,CA-43,CA-90,,59.073: PAYCHECK PROTECTION LOAN PROGRAM (PPP),,,08,GUARANTEED/INSURED LOAN (F),TO AID SMALL BUSINESSES IN MAINTAINING WORK FORCE DURING COVID-19 PANDEMIC.,NON,NOT RECOVERY ACT,P,INDIVIDUAL,2,NON-AGGREGATE RECORD,,,,,,,,,,,https://www.usaspending.gov/award/ASST_NON_3525298210_073/,2021-01-06 03:33:53.27803+00
ASST_NON_3525728208_073,3525728208,,SAI EXEMPT,,,,,,2020-08-27,2020,0.00,,,,0.00,0.00,0.00,2020-08-04,2020,,,073,Small Business Administration,7300,Small Business Administration,737010,OFC OF CAPITAL ACCESS,073,Small Business Administration,7300,Small Business Administration,737010,OFC OF CAPITAL ACCESS,,,,,,,SASHA K JONESTEIN,SASHA K JONESTEIN,,,,USA,UNITED STATES,8530 ROCKLEDGE RD,,40004,LA MESA,06073,SAN DIEGO,06,CA,CALIFORNIA,91941,,CA-53,CA-90,,,,COUNTY-WIDE,USA,UNITED STATES,CA**073,,06073,SAN DIEGO,06,CALIFORNIA,,CA-53,CA-90,,59.073: PAYCHECK PROTECTION LOAN PROGRAM (PPP),,,08,GUARANTEED/INSURED LOAN (F),TO AID SMALL BUSINESSES IN MAINTAINING WORK FORCE DURING COVID-19 PANDEMIC.,NON,NOT RECOVERY ACT,P,INDIVIDUAL,2,NON-AGGREGATE RECORD,,,,,,,,,,,https://www.usaspending.gov/award/ASST_NON_3525728208_073/,2021-01-06 03:33:53.27803+00
ASST_NON_3526918208_073,3526918208,,SAI EXEMPT,,,,,,2020-08-27,2020,0.00,,,,0.00,0.00,0.00,2020-08-04,2020,,,073,Small Business Administration,7300,Small Business Administration,737010,OFC OF CAPITAL ACCESS,073,Small Business Administration,7300,Small Business Administration,737010,OFC OF CAPITAL ACCESS,,,,,,,SALVADOR OROZCO,SALVADOR OROZCO,,,,USA,UNITED STATES,2112 SANCHEZ DRIVE,,10046,CAMARILLO,06111,VENTURA,06,CA,CALIFORNIA,93010,,CA-26,CA-26,,,,COUNTY-WIDE,USA,UNITED STATES,CA**111,,06111,VENTURA,06,CALIFORNIA,,CA-26,CA-26,,59.073: PAYCHECK PROTECTION LOAN PROGRAM (PPP),,,08,GUARANTEED/INSURED LOAN (F),TO AID SMALL BUSINESSES IN MAINTAINING WORK FORCE DURING COVID-19 PANDEMIC.,NON,NOT RECOVERY ACT,P,INDIVIDUAL,2,NON-AGGREGATE RECORD,,,,,,,,,,,https://www.usaspending.gov/award/ASST_NON_3526918208_073/,2021-01-06 03:33:53.27803+00
ASST_NON_3527358208_073,3527358208,,SAI EXEMPT,,,,,,2020-08-27,2020,0.00,,,,0.00,0.00,0.00,2020-08-04,2020,,,073,Small Business Administration,7300,Small Business Administration,737010,OFC OF CAPITAL ACCESS,073,Small Business Administration,7300,Small Business Administration,737010,OFC OF CAPITAL ACCESS,,,,,,,RIMPLE KUMAR,RIMPLE KUMAR,,,,USA,UNITED STATES,3526 RIO GRANDE LN,,03526,BAKERSFIELD,06029,KERN,06,CA,CALIFORNIA,93313,,CA-23,CA-90,,,,COUNTY-WIDE,USA,UNITED STATES,CA**029,,06029,KERN,06,CALIFORNIA,,CA-23,CA-90,,59.073: PAYCHECK PROTECTION LOAN PROGRAM (PPP),,,08,GUARANTEED/INSURED LOAN (F),TO AID SMALL BUSINESSES IN MAINTAINING WORK FORCE DURING COVID-19 PANDEMIC.,NON,NOT RECOVERY ACT,P,INDIVIDUAL,2,NON-AGGREGATE RECORD,,,,,,,,,,,https://www.usaspending.gov/award/ASST_NON_3527358208_073/,2021-01-06 03:33:53.27803+00
ASST_NON_3527508205_073,3527508205,,SAI EXEMPT,,,,,,2020-08-27,2020,0.00,,,,0.00,0.00,0.00,2020-08-04,2020,,,073,Small Business Administration,7300,Small Business Administration,737010,OFC OF CAPITAL ACCESS,073,Small Business Administration,7300,Small Business Administration,737010,OFC OF CAPITAL ACCESS,,,,,,,CAL VALLEY,CAL VALLEY,,,,USA,UNITED STATES,1005 SOUTHAMPTON LANE,,48354,MODESTO,06099,STANISLAUS,06,CA,CALIFORNIA,95350,,CA-10,CA-05,,,,COUNTY-WIDE,USA,UNITED STATES,CA**099,,06099,STANISLAUS,06,CALIFORNIA,,CA-10,CA-90,,59.073: PAYCHECK PROTECTION LOAN PROGRAM (PPP),,,08,GUARANTEED/INSURED LOAN (F),TO AID SMALL BUSINESSES IN MAINTAINING WORK FORCE DURING COVID-19 PANDEMIC.,NON,NOT RECOVERY ACT,P,INDIVIDUAL,2,NON-AGGREGATE RECORD,,,,,,,,,,,https://www.usaspending.gov/award/ASST_NON_3527508205_073/,2021-01-06 03:33:53.27803+00
ASST_NON_3527568201_073,3527568201,,SAI EXEMPT,,,,,,2020-08-27,2020,0.00,,,,0.00,0.00,0.00,2020-08-04,2020,,,073,Small Business Administration,7300,Small Business Administration,737010,OFC OF CAPITAL ACCESS,073,Small Business Administration,7300,Small Business Administration,737010,OFC OF CAPITAL ACCESS,,,,,,,HIEN HOA JEWELRY,HIEN HOA JEWELRY,,,,USA,UNITED STATES,9200 BOLSA AVE STE,STE 212,84550,WESTMINSTER,06059,ORANGE,06,CA,CALIFORNIA,92683,,CA-47,CA-45,,,,COUNTY-WIDE,USA,UNITED STATES,CA**059,,06059,ORANGE,06,CALIFORNIA,,CA-47,CA-90,,59.073: PAYCHECK PROTECTION LOAN PROGRAM (PPP),,,08,GUARANTEED/INSURED LOAN (F),TO AID SMALL BUSINESSES IN MAINTAINING WORK FORCE DURING COVID-19 PANDEMIC.,NON,NOT RECOVERY ACT,P,INDIVIDUAL,2,NON-AGGREGATE RECORD,,,,,,,,,,,https://www.usaspending.gov/award/ASST_NON_3527568201_073/,2021-01-06 03:33:53.27803+00
ASST_NON_3527748207_073,3527748207,,SAI EXEMPT,,,,,,2020-08-27,2020,0.00,,,,0.00,0.00,0.00,2020-08-04,2020,,,073,Small Business Administration,7300,Small Business Administration,737010,OFC OF CAPITAL ACCESS,073,Small Business Administration,7300,Small Business Administration,737010,OFC OF CAPITAL ACCESS,,,,,,,PHUONG THI WHITLOCK,PHUONG THI WHITLOCK,,,,USA,UNITED STATES,22745 HAWTHORNE BLVD,,80000,TORRANCE,06037,LOS ANGELES,06,CA,CALIFORNIA,90505,,CA-33,CA-36,,,,COUNTY-WIDE,USA,UNITED STATES,CA**037,,06037,LOS ANGELES,06,CALIFORNIA,,CA-33,CA-90,,59.073: PAYCHECK PROTECTION LOAN PROGRAM (PPP),,,08,GUARANTEED/INSURED LOAN (F),TO AID SMALL BUSINESSES IN MAINTAINING WORK FORCE DURING COVID-19 PANDEMIC.,NON,NOT RECOVERY ACT,P,INDIVIDUAL,2,NON-AGGREGATE RECORD,,,,,,,,,,,https://www.usaspending.gov/award/ASST_NON_3527748207_073/,2021-01-06 03:33:53.27803+00
ASST_NON_3528828209_073,3528828209,,SAI EXEMPT,,,,,,2020-08-27,2020,0.00,,,,0.00,0.00,0.00,2020-08-04,2020,,,073,Small Business Administration,7300,Small Business Administration,737010,OFC OF CAPITAL ACCESS,073,Small Business Administration,7300,Small Business Administration,737010,OFC OF CAPITAL ACCESS,,,,,,,DONALD CARDENAS,DONALD CARDENAS,,,,USA,UNITED STATES,2360 HOSP WAY,UNIT 130,11194,CARLSBAD,06073,SAN DIEGO,06,CA,CALIFORNIA,92008,,CA-49,CA-49,,,,COUNTY-WIDE,USA,UNITED STATES,CA**073,,06073,SAN DIEGO,06,CALIFORNIA,,CA-49,CA-90,,59.073: PAYCHECK PROTECTION LOAN PROGRAM (PPP),,,08,GUARANTEED/INSURED LOAN (F),TO AID SMALL BUSINESSES IN MAINTAINING WORK FORCE DURING COVID-19 PANDEMIC.,NON,NOT RECOVERY ACT,P,INDIVIDUAL,2,NON-AGGREGATE RECORD,,,,,,,,,,,https://www.usaspending.gov/award/ASST_NON_3528828209_073/,2021-01-06 03:33:53.27803+00
ASST_NON_3534888201_073,3534888201,,SAI EXEMPT,,,,,,2020-08-27,2020,0.00,,,,0.00,0.00,0.00,2020-08-04,2020,,,073,Small Business Administration,7300,Small Business Administration,737010,OFC OF CAPITAL ACCESS,073,Small Business Administration,7300,Small Business Administration,737010,OFC OF CAPITAL ACCESS,,,,,,,"PREMIER FINISHING, INC","PREMIER FINISHING, INC",,,,USA,UNITED STATES,13984 BALBOA BLVD,,77546,SYLMAR,06037,LOS ANGELES,06,CA,CALIFORNIA,91342,,CA-29,CA-29,,,,COUNTY-WIDE,USA,UNITED STATES,CA**037,,06037,LOS ANGELES,06,CALIFORNIA,,CA-29,CA-90,,59.073: PAYCHECK PROTECTION LOAN PROGRAM (PPP),,,08,GUARANTEED/INSURED LOAN (F),TO AID SMALL BUSINESSES IN MAINTAINING WORK FORCE DURING COVID-19 PANDEMIC.,NON,NOT RECOVERY ACT,R,SMALL BUSINESS,2,NON-AGGREGATE RECORD,,,,,,,,,,,https://www.usaspending.gov/award/ASST_NON_3534888201_073/,2021-01-06 03:33:53.27803+00
ASST_NON_3542978204_073,3542978204,,SAI EXEMPT,,,,,,2020-08-27,2020,0.00,,,,0.00,0.00,0.00,2020-08-04,2020,,,073,Small Business Administration,7300,Small Business Administration,737010,OFC OF CAPITAL ACCESS,073,Small Business Administration,7300,Small Business Administration,737010,OFC OF CAPITAL ACCESS,,,,,,,DESTINY RENE,DESTINY RENE,,,,USA,UNITED STATES,9130 NOLAN STREET,APT 2048,22020,ELK GROVE,06067,SACRAMENTO,06,CA,CALIFORNIA,95758,,CA-07,CA-07,,,,COUNTY-WIDE,USA,UNITED STATES,CA**067,,06067,SACRAMENTO,06,CALIFORNIA,,CA-07,CA-90,,59.073: PAYCHECK PROTECTION LOAN PROGRAM (PPP),,,08,GUARANTEED/INSURED LOAN (F),TO AID SMALL BUSINESSES IN MAINTAINING WORK FORCE DURING COVID-19 PANDEMIC.,NON,NOT RECOVERY ACT,P,INDIVIDUAL,2,NON-AGGREGATE RECORD,,,,,,,,,,,https://www.usaspending.gov/award/ASST_NON_3542978204_073/,2021-01-06 03:33:53.27803+00
ASST_NON_3558448203_073,3558448203,,SAI EXEMPT,,,,,,2020-08-27,2020,0.00,,,,0.00,0.00,0.00,2020-08-04,2020,,,073,Small Business Administration,7300,Small Business Administration,737010,OFC OF CAPITAL ACCESS,073,Small Business Administration,7300,Small Business Administration,737010,OFC OF CAPITAL ACCESS,,,,,,,STEVE TAYLOR,STEVE TAYLOR,,,,USA,UNITED STATES,174 IRIS ST,,06798,BISHOP,06051,MONO,06,CA,CALIFORNIA,93514,,CA-08,CA-03,,,,COUNTY-WIDE,USA,UNITED STATES,CA**027,,06027,INYO,06,CALIFORNIA,,CA-08,CA-90,,59.073: PAYCHECK PROTECTION LOAN PROGRAM (PPP),,,08,GUARANTEED/INSURED LOAN (F),TO AID SMALL BUSINESSES IN MAINTAINING WORK FORCE DURING COVID-19 PANDEMIC.,NON,NOT RECOVERY ACT,P,INDIVIDUAL,2,NON-AGGREGATE RECORD,,,,,,,,,,,https://www.usaspending.gov/award/ASST_NON_3558448203_073/,2021-01-06 03:33:53.27803+00
ASST_NON_3559268210_073,3559268210,,SAI EXEMPT,,,,,,2020-08-27,2020,0.00,,,,0.00,0.00,0.00,2020-08-04,2020,,,073,Small Business Administration,7300,Small Business Administration,737010,OFC OF CAPITAL ACCESS,073,Small Business Administration,7300,Small Business Administration,737010,OFC OF CAPITAL ACCESS,,,,,,,CHIMING ZHU,CHIMING ZHU,,,,USA,UNITED STATES,12017 ELLIOTT AVE,,22230,EL MONTE,06037,LOS ANGELES,06,CA,CALIFORNIA,91732,,CA-32,CA-31,,,,COUNTY-WIDE,USA,UNITED STATES,CA**037,,06037,LOS ANGELES,06,CALIFORNIA,,CA-32,CA-90,,59.073: PAYCHECK PROTECTION LOAN PROGRAM (PPP),,,08,GUARANTEED/INSURED LOAN (F),TO AID SMALL BUSINESSES IN MAINTAINING WORK FORCE DURING COVID-19 PANDEMIC.,NON,NOT RECOVERY ACT,P,INDIVIDUAL,2,NON-AGGREGATE RECORD,,,,,,,,,,,https://www.usaspending.gov/award/ASST_NON_3559268210_073/,2021-01-06 03:33:53.27803+00
ASST_NON_3559318201_073,3559318201,,SAI EXEMPT,,,,,,2020-08-27,2020,0.00,,,,0.00,0.00,0.00,2020-08-04,2020,,,073,Small Business Administration,7300,Small Business Administration,737010,OFC OF CAPITAL ACCESS,073,Small Business Administration,7300,Small Business Administration,737010,OFC OF CAPITAL ACCESS,,,,,,,GREEK TOWN RESTAURANT,GREEK TOWN RESTAURANT,,,,USA,UNITED STATES,345 W MAIN ST,,21712,EL CAJON,06073,SAN DIEGO,06,CA,CALIFORNIA,92020,,CA-53,CA-51,,,,COUNTY-WIDE,USA,UNITED STATES,CA**073,,06073,SAN DIEGO,06,CALIFORNIA,,CA-53,CA-90,,59.073: PAYCHECK PROTECTION LOAN PROGRAM (PPP),,,08,GUARANTEED/INSURED LOAN (F),TO AID SMALL BUSINESSES IN MAINTAINING WORK FORCE DURING COVID-19 PANDEMIC.,NON,NOT RECOVERY ACT,P,INDIVIDUAL,2,NON-AGGREGATE RECORD,,,,,,,,,,,https://www.usaspending.gov/award/ASST_NON_3559318201_073/,2021-01-06 03:33:53.27803+00
ASST_NON_3559468200_073,3559468200,,SAI EXEMPT,,,,,,2020-08-27,2020,0.00,,,,0.00,0.00,0.00,2020-08-04,2020,,,073,Small Business Administration,7300,Small Business Administration,737010,OFC OF CAPITAL ACCESS,073,Small Business Administration,7300,Small Business Administration,737010,OFC OF CAPITAL ACCESS,,,,,,,PAUL J ORTIZ,PAUL J ORTIZ,,,,USA,UNITED STATES,444 30TH STREET,,67000,SAN FRANCISCO,06075,SAN FRANCISCO,06,CA,CALIFORNIA,94131,,CA-12,CA-11,,,,COUNTY-WIDE,USA,UNITED STATES,CA**075,,06075,SAN FRANCISCO,06,CALIFORNIA,,CA-12,CA-90,,59.073: PAYCHECK PROTECTION LOAN PROGRAM (PPP),,,08,GUARANTEED/INSURED LOAN (F),TO AID SMALL BUSINESSES IN MAINTAINING WORK FORCE DURING COVID-19 PANDEMIC.,NON,NOT RECOVERY ACT,P,INDIVIDUAL,2,NON-AGGREGATE RECORD,,,,,,,,,,,https://www.usaspending.gov/award/ASST_NON_3559468200_073/,2021-01-06 03:33:53.27803+00
ASST_NON_3559748201_073,3559748201,,SAI EXEMPT,,,,,,2020-08-27,2020,0.00,,,,0.00,0.00,0.00,2020-08-04,2020,,,073,Small Business Administration,7300,Small Business Administration,737010,OFC OF CAPITAL ACCESS,073,Small Business Administration,7300,Small Business Administration,737010,OFC OF CAPITAL ACCESS,,,,,,,HUYEN MI DINH,HUYEN MI DINH,,,,USA,UNITED STATES,17558 WATER GARDEN CT,,25380,FOUNTAIN VALLEY,06059,ORANGE,06,CA,CALIFORNIA,92708,,CA-48,CA-45,,,,COUNTY-WIDE,USA,UNITED STATES,CA**059,,06059,ORANGE,06,CALIFORNIA,,CA-48,CA-90,,59.073: PAYCHECK PROTECTION LOAN PROGRAM (PPP),,,08,GUARANTEED/INSURED LOAN (F),TO AID SMALL BUSINESSES IN MAINTAINING WORK FORCE DURING COVID-19 PANDEMIC.,NON,NOT RECOVERY ACT,P,INDIVIDUAL,2,NON-AGGREGATE RECORD,,,,,,,,,,,https://www.usaspending.gov/award/ASST_NON_3559748201_073/,2021-01-06 03:33:53.27803+00
ASST_NON_3560038208_073,3560038208,,SAI EXEMPT,,,,,,2020-08-27,2020,0.00,,,,0.00,0.00,0.00,2020-08-04,2020,,,073,Small Business Administration,7300,Small Business Administration,737010,OFC OF CAPITAL ACCESS,073,Small Business Administration,7300,Small Business Administration,737010,OFC OF CAPITAL ACCESS,,,,,,,CARLOS F CHAN,CARLOS F CHAN,,,,USA,UNITED STATES,577 STEPNEY ST.,,36546,INGLEWOOD,06037,LOS ANGELES,06,CA,CALIFORNIA,90302,,CA-43,CA-43,,,,COUNTY-WIDE,USA,UNITED STATES,CA**037,,06037,LOS ANGELES,06,CALIFORNIA,,CA-43,CA-90,,59.073: PAYCHECK PROTECTION LOAN PROGRAM (PPP),,,08,GUARANTEED/INSURED LOAN (F),TO AID SMALL BUSINESSES IN MAINTAINING WORK FORCE DURING COVID-19 PANDEMIC.,NON,NOT RECOVERY ACT,P,INDIVIDUAL,2,NON-AGGREGATE RECORD,,,,,,,,,,,https://www.usaspending.gov/award/ASST_NON_3560038208_073/,2021-01-06 03:33:53.27803+00
ASST_NON_3560608202_073,3560608202,,SAI EXEMPT,,,,,,2020-08-27,2020,0.00,,,,0.00,0.00,0.00,2020-08-04,2020,,,073,Small Business Administration,7300,Small Business Administration,737010,OFC OF CAPITAL ACCESS,073,Small Business Administration,7300,Small Business Administration,737010,OFC OF CAPITAL ACCESS,,,,,,,LA VIDA VERDE,LA VIDA VERDE,,,,USA,UNITED STATES,9 HANGAR WAY,SUITE 1A,83668,WATSONVILLE,06087,SANTA CRUZ,06,CA,CALIFORNIA,95076,,CA-20,CA-90,,,,COUNTY-WIDE,USA,UNITED STATES,CA**087,,06087,SANTA CRUZ,06,CALIFORNIA,,CA-20,CA-90,,59.073: PAYCHECK PROTECTION LOAN PROGRAM (PPP),,,08,GUARANTEED/INSURED LOAN (F),TO AID SMALL BUSINESSES IN MAINTAINING WORK FORCE DURING COVID-19 PANDEMIC.,NON,NOT RECOVERY ACT,R,SMALL BUSINESS,2,NON-AGGREGATE RECORD,,,,,,,,,,,https://www.usaspending.gov/award/ASST_NON_3560608202_073/,2021-01-06 03:33:53.27803+00
ASST_NON_3560998203_073,3560998203,,SAI EXEMPT,,,,,,2020-08-27,2020,0.00,,,,0.00,0.00,0.00,2020-08-04,2020,,,073,Small Business Administration,7300,Small Business Administration,737010,OFC OF CAPITAL ACCESS,073,Small Business Administration,7300,Small Business Administration,737010,OFC OF CAPITAL ACCESS,,,,,,,GURPREET SINGH,GURPREET SINGH,,,,USA,UNITED STATES,5854 IDLEWILD AVE,,41992,LIVERMORE,06001,ALAMEDA,06,CA,CALIFORNIA,94551,,CA-15,CA-14,,,,COUNTY-WIDE,USA,UNITED STATES,CA**001,,06001,ALAMEDA,06,CALIFORNIA,,CA-15,CA-90,,59.073: PAYCHECK PROTECTION LOAN PROGRAM (PPP),,,08,GUARANTEED/INSURED LOAN (F),TO AID SMALL BUSINESSES IN MAINTAINING WORK FORCE DURING COVID-19 PANDEMIC.,NON,NOT RECOVERY ACT,P,INDIVIDUAL,2,NON-AGGREGATE RECORD,,,,,,,,,,,https://www.usaspending.gov/award/ASST_NON_3560998203_073/,2021-01-06 03:33:53.27803+00
ASST_NON_3571388203_073,3571388203,,SAI EXEMPT,,,,,,2020-08-27,2020,0.00,,,,0.00,0.00,0.00,2020-08-04,2020,,,073,Small Business Administration,7300,Small Business Administration,737010,OFC OF CAPITAL ACCESS,073,Small Business Administration,7300,Small Business Administration,737010,OFC OF CAPITAL ACCESS,,,,,,,BROOKE COZBY,BROOKE COZBY,,,,USA,UNITED STATES,856 EMIGRANT STREET,,45484,MANTECA,06077,SAN JOAQUIN,06,CA,CALIFORNIA,95337,,CA-10,CA-09,,,,COUNTY-WIDE,USA,UNITED STATES,CA**077,,06077,SAN JOAQUIN,06,CALIFORNIA,,CA-10,CA-09,,59.073: PAYCHECK PROTECTION LOAN PROGRAM (PPP),,,08,GUARANTEED/INSURED LOAN (F),TO AID SMALL BUSINESSES IN MAINTAINING WORK FORCE DURING COVID-19 PANDEMIC.,NON,NOT RECOVERY ACT,P,INDIVIDUAL,2,NON-AGGREGATE RECORD,,,,,,,,,,,https://www.usaspending.gov/award/ASST_NON_3571388203_073/,2021-01-06 03:33:53.27803+00
ASST_NON_3572238206_073,3572238206,,SAI EXEMPT,,,,,,2020-08-27,2020,0.00,,,,0.00,0.00,0.00,2020-08-04,2020,,,073,Small Business Administration,7300,Small Business Administration,737010,OFC OF CAPITAL ACCESS,073,Small Business Administration,7300,Small Business Administration,737010,OFC OF CAPITAL ACCESS,,,,,,,NEWTECH CELLULAR LLC,NEWTECH CELLULAR LLC,,,,USA,UNITED STATES,6932 WESTMINSTER BLVD,,84550,WESTMINSTER,06059,ORANGE,06,CA,CALIFORNIA,92683,,CA-47,CA-45,,,,COUNTY-WIDE,USA,UNITED STATES,CA**059,,06059,ORANGE,06,CALIFORNIA,,CA-47,CA-90,,59.073: PAYCHECK PROTECTION LOAN PROGRAM (PPP),,,08,GUARANTEED/INSURED LOAN (F),TO AID SMALL BUSINESSES IN MAINTAINING WORK FORCE DURING COVID-19 PANDEMIC.,NON,NOT RECOVERY ACT,P,INDIVIDUAL,2,NON-AGGREGATE RECORD,,,,,,,,,,,https://www.usaspending.gov/award/ASST_NON_3572238206_073/,2021-01-06 03:33:53.27803+00
ASST_NON_3578108203_073,3578108203,,SAI EXEMPT,,,,,,2020-08-27,2020,0.00,,,,0.00,0.00,0.00,2020-08-05,2020,,,073,Small Business Administration,7300,Small Business Administration,737010,OFC OF CAPITAL ACCESS,073,Small Business Administration,7300,Small Business Administration,737010,OFC OF CAPITAL ACCESS,,,,,,,MARGARITACARMONA,MARGARITACARMONA,,,,USA,UNITED STATES,3215 EAST 2ND STREET,2,44000,LOS ANGELES,06037,LOS ANGELES,06,CA,CALIFORNIA,90063,,CA-34,CA-34,,,,COUNTY-WIDE,USA,UNITED STATES,CA**037,,06037,LOS ANGELES,06,CALIFORNIA,,CA-34,CA-90,,59.073: PAYCHECK PROTECTION LOAN PROGRAM (PPP),,,08,GUARANTEED/INSURED LOAN (F),TO AID SMALL BUSINESSES IN MAINTAINING WORK FORCE DURING COVID-19 PANDEMIC.,NON,NOT RECOVERY ACT,P,INDIVIDUAL,2,NON-AGGREGATE RECORD,,,,,,,,,,,https://www.usaspending.gov/award/ASST_NON_3578108203_073/,2021-01-06 03:33:53.27803+00
ASST_NON_3579718200_073,3579718200,,SAI EXEMPT,,,,,,2020-08-27,2020,0.00,,,,0.00,0.00,0.00,2020-08-05,2020,,,073,Small Business Administration,7300,Small Business Administration,737010,OFC OF CAPITAL ACCESS,073,Small Business Administration,7300,Small Business Administration,737010,OFC OF CAPITAL ACCESS,,,,,,,YANCEY YAKE,YANCEY YAKE,,,,USA,UNITED STATES,4314 SIERRA MORENA AVE,,11194,CARLSBAD,06073,SAN DIEGO,06,CA,CALIFORNIA,92010,,CA-49,CA-49,,,,COUNTY-WIDE,USA,UNITED STATES,CA**073,,06073,SAN DIEGO,06,CALIFORNIA,,CA-49,CA-90,,59.073: PAYCHECK PROTECTION LOAN PROGRAM (PPP),,,08,GUARANTEED/INSURED LOAN (F),TO AID SMALL BUSINESSES IN MAINTAINING WORK FORCE DURING COVID-19 PANDEMIC.,NON,NOT RECOVERY ACT,P,INDIVIDUAL,2,NON-AGGREGATE RECORD,,,,,,,,,,,https://www.usaspending.gov/award/ASST_NON_3579718200_073/,2021-01-06 03:33:53.27803+00
ASST_NON_3580758209_073,3580758209,,SAI EXEMPT,,,,,,2020-08-27,2020,0.00,,,,0.00,0.00,0.00,2020-08-05,2020,,,073,Small Business Administration,7300,Small Business Administration,737010,OFC OF CAPITAL ACCESS,073,Small Business Administration,7300,Small Business Administration,737010,OFC OF CAPITAL ACCESS,,,,,,,MESI MUYA LB MARKET,MESI MUYA LB MARKET,,,,USA,UNITED STATES,1883 E. 10TH STREET,,43000,LONG BEACH,06037,LOS ANGELES,06,CA,CALIFORNIA,90813,,CA-47,CA-42,,,,COUNTY-WIDE,USA,UNITED STATES,CA**037,,06037,LOS ANGELES,06,CALIFORNIA,,CA-47,CA-90,,59.073: PAYCHECK PROTECTION LOAN PROGRAM (PPP),,,08,GUARANTEED/INSURED LOAN (F),TO AID SMALL BUSINESSES IN MAINTAINING WORK FORCE DURING COVID-19 PANDEMIC.,NON,NOT RECOVERY ACT,R,SMALL BUSINESS,2,NON-AGGREGATE RECORD,,,,,,,,,,,https://www.usaspending.gov/award/ASST_NON_3580758209_073/,2021-01-06 03:33:53.27803+00
ASST_NON_3580888202_073,3580888202,,SAI EXEMPT,,,,,,2020-08-27,2020,0.00,,,,0.00,0.00,0.00,2020-08-05,2020,,,073,Small Business Administration,7300,Small Business Administration,737010,OFC OF CAPITAL ACCESS,073,Small Business Administration,7300,Small Business Administration,737010,OFC OF CAPITAL ACCESS,,,,,,,ANDREW LOMANO REAL ESTATE BROKER,ANDREW LOMANO REAL ESTATE BROKER,,,,USA,UNITED STATES,1666 ROBERTA DRIVE,,68252,SAN MATEO,06081,SAN MATEO,06,CA,CALIFORNIA,94403,,CA-14,CA-15,,,,COUNTY-WIDE,USA,UNITED STATES,CA**081,,06081,SAN MATEO,06,CALIFORNIA,,CA-14,CA-90,,59.073: PAYCHECK PROTECTION LOAN PROGRAM (PPP),,,08,GUARANTEED/INSURED LOAN (F),TO AID SMALL BUSINESSES IN MAINTAINING WORK FORCE DURING COVID-19 PANDEMIC.,NON,NOT RECOVERY ACT,P,INDIVIDUAL,2,NON-AGGREGATE RECORD,,,,,,,,,,,https://www.usaspending.gov/award/ASST_NON_3580888202_073/,2021-01-06 03:33:53.27803+00
ASST_NON_3580898205_073,3580898205,,SAI EXEMPT,,,,,,2020-08-27,2020,0.00,,,,0.00,0.00,0.00,2020-08-05,2020,,,073,Small Business Administration,7300,Small Business Administration,737010,OFC OF CAPITAL ACCESS,073,Small Business Administration,7300,Small Business Administration,737010,OFC OF CAPITAL ACCESS,,,,,,,TRU HELP PARTNERSHIP,TRU HELP PARTNERSHIP,,,,USA,UNITED STATES,9835 FLOWER ST,APT 893,04982,BELLFLOWER,06037,LOS ANGELES,06,CA,CALIFORNIA,90706,,CA-40,CA-42,,,,COUNTY-WIDE,USA,UNITED STATES,CA**037,,06037,LOS ANGELES,06,CALIFORNIA,,CA-40,CA-90,,59.073: PAYCHECK PROTECTION LOAN PROGRAM (PPP),,,08,GUARANTEED/INSURED LOAN (F),TO AID SMALL BUSINESSES IN MAINTAINING WORK FORCE DURING COVID-19 PANDEMIC.,NON,NOT RECOVERY ACT,P,INDIVIDUAL,2,NON-AGGREGATE RECORD,,,,,,,,,,,https://www.usaspending.gov/award/ASST_NON_3580898205_073/,2021-01-06 03:33:53.27803+00
ASST_NON_3581138202_073,3581138202,,SAI EXEMPT,,,,,,2020-08-27,2020,0.00,,,,0.00,0.00,0.00,2020-08-05,2020,,,073,Small Business Administration,7300,Small Business Administration,737010,OFC OF CAPITAL ACCESS,073,Small Business Administration,7300,Small Business Administration,737010,OFC OF CAPITAL ACCESS,,,,,,,QOSQO MAKY,QOSQO MAKY,,,,USA,UNITED STATES,2515 MISSION ST.,,67000,SAN FRANCISCO,06075,SAN FRANCISCO,06,CA,CALIFORNIA,94110,,CA-12,CA-11,,,,COUNTY-WIDE,USA,UNITED STATES,CA**075,,06075,SAN FRANCISCO,06,CALIFORNIA,,CA-12,CA-90,,59.073: PAYCHECK PROTECTION LOAN PROGRAM (PPP),,,08,GUARANTEED/INSURED LOAN (F),TO AID SMALL BUSINESSES IN MAINTAINING WORK FORCE DURING COVID-19 PANDEMIC.,NON,NOT RECOVERY ACT,P,INDIVIDUAL,2,NON-AGGREGATE RECORD,,,,,,,,,,,https://www.usaspending.gov/award/ASST_NON_3581138202_073/,2021-01-06 03:33:53.27803+00
ASST_NON_3581278209_073,3581278209,,SAI EXEMPT,,,,,,2020-08-27,2020,0.00,,,,0.00,0.00,0.00,2020-08-05,2020,,,073,Small Business Administration,7300,Small Business Administration,737010,OFC OF CAPITAL ACCESS,073,Small Business Administration,7300,Small Business Administration,737010,OFC OF CAPITAL ACCESS,,,,,,,FERESHTEH SAFARI,FERESHTEH SAFARI,,,,USA,UNITED STATES,4019 MOORE STREET,,44000,LOS ANGELES,06037,LOS ANGELES,06,CA,CALIFORNIA,90066,,CA-37,CA-36,,,,COUNTY-WIDE,USA,UNITED STATES,CA**037,,06037,LOS ANGELES,06,CALIFORNIA,,CA-37,CA-90,,59.073: PAYCHECK PROTECTION LOAN PROGRAM (PPP),,,08,GUARANTEED/INSURED LOAN (F),TO AID SMALL BUSINESSES IN MAINTAINING WORK FORCE DURING COVID-19 PANDEMIC.,NON,NOT RECOVERY ACT,P,INDIVIDUAL,2,NON-AGGREGATE RECORD,,,,,,,,,,,https://www.usaspending.gov/award/ASST_NON_3581278209_073/,2021-01-06 03:33:53.27803+00
ASST_NON_3585318205_073,3585318205,,SAI EXEMPT,,,,,,2020-08-27,2020,0.00,,,,0.00,0.00,0.00,2020-08-05,2020,,,073,Small Business Administration,7300,Small Business Administration,737010,OFC OF CAPITAL ACCESS,073,Small Business Administration,7300,Small Business Administration,737010,OFC OF CAPITAL ACCESS,,,,,,,TIFFANY VICTOR,TIFFANY VICTOR,,,,USA,UNITED STATES,150 E 120TH ST,,44000,LOS ANGELES,06037,LOS ANGELES,06,CA,CALIFORNIA,90061,,CA-44,CA-43,,,,COUNTY-WIDE,USA,UNITED STATES,CA**037,,06037,LOS ANGELES,06,CALIFORNIA,,CA-44,CA-90,,59.073: PAYCHECK PROTECTION LOAN PROGRAM (PPP),,,08,GUARANTEED/INSURED LOAN (F),TO AID SMALL BUSINESSES IN MAINTAINING WORK FORCE DURING COVID-19 PANDEMIC.,NON,NOT RECOVERY ACT,P,INDIVIDUAL,2,NON-AGGREGATE RECORD,,,,,,,,,,,https://www.usaspending.gov/award/ASST_NON_3585318205_073/,2021-01-06 03:33:53.27803+00
ASST_NON_3590068207_073,3590068207,,SAI EXEMPT,,,,,,2020-08-27,2020,0.00,,,,0.00,0.00,0.00,2020-08-05,2020,,,073,Small Business Administration,7300,Small Business Administration,737010,OFC OF CAPITAL ACCESS,073,Small Business Administration,7300,Small Business Administration,737010,OFC OF CAPITAL ACCESS,,,,,,,RASOULITADAYON,RASOULITADAYON,,,,USA,UNITED STATES,4355 SEPULVEDA BLVD,,71470,SHERMAN OAKS,06037,LOS ANGELES,06,CA,CALIFORNIA,91403,,CA-30,CA-32,,,,COUNTY-WIDE,USA,UNITED STATES,CA**037,,06037,LOS ANGELES,06,CALIFORNIA,,CA-30,CA-90,,59.073: PAYCHECK PROTECTION LOAN PROGRAM (PPP),,,08,GUARANTEED/INSURED LOAN (F),TO AID SMALL BUSINESSES IN MAINTAINING WORK FORCE DURING COVID-19 PANDEMIC.,NON,NOT RECOVERY ACT,P,INDIVIDUAL,2,NON-AGGREGATE RECORD,,,,,,,,,,,https://www.usaspending.gov/award/ASST_NON_3590068207_073/,2021-01-06 03:33:53.27803+00
ASST_NON_3590388209_073,3590388209,,SAI EXEMPT,,,,,,2020-08-27,2020,0.00,,,,0.00,0.00,0.00,2020-08-05,2020,,,073,Small Business Administration,7300,Small Business Administration,737010,OFC OF CAPITAL ACCESS,073,Small Business Administration,7300,Small Business Administration,737010,OFC OF CAPITAL ACCESS,,,,,,,ROBERT HUGHES,ROBERT HUGHES,,,,USA,UNITED STATES,22603 PAC CST HWY,,45246,MALIBU,06111,VENTURA,06,CA,CALIFORNIA,90265,,CA-33,CA-32,,,,COUNTY-WIDE,USA,UNITED STATES,CA**037,,06037,LOS ANGELES,06,CALIFORNIA,,CA-33,CA-90,,59.073: PAYCHECK PROTECTION LOAN PROGRAM (PPP),,,08,GUARANTEED/INSURED LOAN (F),TO AID SMALL BUSINESSES IN MAINTAINING WORK FORCE DURING COVID-19 PANDEMIC.,NON,NOT RECOVERY ACT,P,INDIVIDUAL,2,NON-AGGREGATE RECORD,,,,,,,,,,,https://www.usaspending.gov/award/ASST_NON_3590388209_073/,2021-01-06 03:33:53.27803+00
ASST_NON_3590608203_073,3590608203,,SAI EXEMPT,,,,,,2020-08-27,2020,0.00,,,,0.00,0.00,0.00,2020-08-05,2020,,,073,Small Business Administration,7300,Small Business Administration,737010,OFC OF CAPITAL ACCESS,073,Small Business Administration,7300,Small Business Administration,737010,OFC OF CAPITAL ACCESS,,,,,,,AUNG THEIN,AUNG THEIN,,,,USA,UNITED STATES,38 SEABREEZE DRIVE,,60620,RICHMOND,06013,CONTRA COSTA,06,CA,CALIFORNIA,94804,,CA-11,CA-08,,,,COUNTY-WIDE,USA,UNITED STATES,CA**013,,06013,CONTRA COSTA,06,CALIFORNIA,,CA-11,CA-90,,59.073: PAYCHECK PROTECTION LOAN PROGRAM (PPP),,,08,GUARANTEED/INSURED LOAN (F),TO AID SMALL BUSINESSES IN MAINTAINING WORK FORCE DURING COVID-19 PANDEMIC.,NON,NOT RECOVERY ACT,P,INDIVIDUAL,2,NON-AGGREGATE RECORD,,,,,,,,,,,https://www.usaspending.gov/award/ASST_NON_3590608203_073/,2021-01-06 03:33:53.27803+00
ASST_NON_3591168204_073,3591168204,,SAI EXEMPT,,,,,,2020-08-27,2020,0.00,,,,0.00,0.00,0.00,2020-08-05,2020,,,073,Small Business Administration,7300,Small Business Administration,737010,OFC OF CAPITAL ACCESS,073,Small Business Administration,7300,Small Business Administration,737010,OFC OF CAPITAL ACCESS,,,,,,,MAIN BEACH REALTY,MAIN BEACH REALTY,,,,USA,UNITED STATES,327 THIRD ST,,39178,LAGUNA BEACH,06059,ORANGE,06,CA,CALIFORNIA,92651,,CA-48,CA-47,,,,COUNTY-WIDE,USA,UNITED STATES,CA**059,,06059,ORANGE,06,CALIFORNIA,,CA-48,CA-90,,59.073: PAYCHECK PROTECTION LOAN PROGRAM (PPP),,,08,GUARANTEED/INSURED LOAN (F),TO AID SMALL BUSINESSES IN MAINTAINING WORK FORCE DURING COVID-19 PANDEMIC.,NON,NOT RECOVERY ACT,P,INDIVIDUAL,2,NON-AGGREGATE RECORD,,,,,,,,,,,https://www.usaspending.gov/award/ASST_NON_3591168204_073/,2021-01-06 03:33:53.27803+00
ASST_NON_3591178207_073,3591178207,,SAI EXEMPT,,,,,,2020-08-27,2020,0.00,,,,0.00,0.00,0.00,2020-08-05,2020,,,073,Small Business Administration,7300,Small Business Administration,737010,OFC OF CAPITAL ACCESS,073,Small Business Administration,7300,Small Business Administration,737010,OFC OF CAPITAL ACCESS,,,,,,,MILLENNIUM TILE & MARBLE INC.,MILLENNIUM TILE & MARBLE INC.,,,,USA,UNITED STATES,11890 MANOR DR. APT C,,32548,HAWTHORNE,06037,LOS ANGELES,06,CA,CALIFORNIA,90250,,CA-43,CA-43,,,,COUNTY-WIDE,USA,UNITED STATES,CA**037,,06037,LOS ANGELES,06,CALIFORNIA,,CA-43,CA-90,,59.073: PAYCHECK PROTECTION LOAN PROGRAM (PPP),,,08,GUARANTEED/INSURED LOAN (F),TO AID SMALL BUSINESSES IN MAINTAINING WORK FORCE DURING COVID-19 PANDEMIC.,NON,NOT RECOVERY ACT,R,SMALL BUSINESS,2,NON-AGGREGATE RECORD,,,,,,,,,,,https://www.usaspending.gov/award/ASST_NON_3591178207_073/,2021-01-06 03:33:53.27803+00
ASST_NON_3591508210_073,3591508210,,SAI EXEMPT,,,,,,2020-08-27,2020,0.00,,,,0.00,0.00,0.00,2020-08-05,2020,,,073,Small Business Administration,7300,Small Business Administration,737010,OFC OF CAPITAL ACCESS,073,Small Business Administration,7300,Small Business Administration,737010,OFC OF CAPITAL ACCESS,,,,,,,JAMES HONG,JAMES HONG,,,,USA,UNITED STATES,26321 GOVERNOR AVE,,32086,HARBOR CITY,06037,LOS ANGELES,06,CA,CALIFORNIA,90710,,CA-33,CA-90,,,,COUNTY-WIDE,USA,UNITED STATES,CA**037,,06037,LOS ANGELES,06,CALIFORNIA,,CA-33,CA-90,,59.073: PAYCHECK PROTECTION LOAN PROGRAM (PPP),,,08,GUARANTEED/INSURED LOAN (F),TO AID SMALL BUSINESSES IN MAINTAINING WORK FORCE DURING COVID-19 PANDEMIC.,NON,NOT RECOVERY ACT,P,INDIVIDUAL,2,NON-AGGREGATE RECORD,,,,,,,,,,,https://www.usaspending.gov/award/ASST_NON_3591508210_073/,2021-01-06 03:33:53.27803+00
ASST_NON_3591538208_073,3591538208,,SAI EXEMPT,,,,,,2020-08-27,2020,0.00,,,,0.00,0.00,0.00,2020-08-05,2020,,,073,Small Business Administration,7300,Small Business Administration,737010,OFC OF CAPITAL ACCESS,073,Small Business Administration,7300,Small Business Administration,737010,OFC OF CAPITAL ACCESS,,,,,,,GONZALO BUENROSTRO,GONZALO BUENROSTRO,,,,USA,UNITED STATES,216 E YOSEMITE AVE,,45022,MADERA,06039,MADERA,06,CA,CALIFORNIA,93638,,CA-16,CA-13,,,,COUNTY-WIDE,USA,UNITED STATES,CA**039,,06039,MADERA,06,CALIFORNIA,,CA-16,CA-90,,59.073: PAYCHECK PROTECTION LOAN PROGRAM (PPP),,,08,GUARANTEED/INSURED LOAN (F),TO AID SMALL BUSINESSES IN MAINTAINING WORK FORCE DURING COVID-19 PANDEMIC.,NON,NOT RECOVERY ACT,P,INDIVIDUAL,2,NON-AGGREGATE RECORD,,,,,,,,,,,https://www.usaspending.gov/award/ASST_NON_3591538208_073/,2021-01-06 03:33:53.27803+00
ASST_NON_3591738209_073,3591738209,,SAI EXEMPT,,,,,,2020-08-27,2020,0.00,,,,0.00,0.00,0.00,2020-08-05,2020,,,073,Small Business Administration,7300,Small Business Administration,737010,OFC OF CAPITAL ACCESS,073,Small Business Administration,7300,Small Business Administration,737010,OFC OF CAPITAL ACCESS,,,,,,,NO PLACE LIKE HOME,NO PLACE LIKE HOME,,,,USA,UNITED STATES,11920 GAGER ST,,77546,SYLMAR,06037,LOS ANGELES,06,CA,CALIFORNIA,91342,,CA-29,CA-29,,,,COUNTY-WIDE,USA,UNITED STATES,CA**037,,06037,LOS ANGELES,06,CALIFORNIA,,CA-29,CA-90,,59.073: PAYCHECK PROTECTION LOAN PROGRAM (PPP),,,08,GUARANTEED/INSURED LOAN (F),TO AID SMALL BUSINESSES IN MAINTAINING WORK FORCE DURING COVID-19 PANDEMIC.,NON,NOT RECOVERY ACT,P,INDIVIDUAL,2,NON-AGGREGATE RECORD,,,,,,,,,,,https://www.usaspending.gov/award/ASST_NON_3591738209_073/,2021-01-06 03:33:53.27803+00
ASST_NON_3591878205_073,3591878205,,SAI EXEMPT,,,,,,2020-08-27,2020,0.00,,,,0.00,0.00,0.00,2020-08-05,2020,,,073,Small Business Administration,7300,Small Business Administration,737010,OFC OF CAPITAL ACCESS,073,Small Business Administration,7300,Small Business Administration,737010,OFC OF CAPITAL ACCESS,,,,,,,MARITZA PARDO,MARITZA PARDO,,,,USA,UNITED STATES,8423 LULLABY AVE.,,55478,PANORAMA CITY,06037,LOS ANGELES,06,CA,CALIFORNIA,91402,,CA-29,CA-29,,,,COUNTY-WIDE,USA,UNITED STATES,CA**037,,06037,LOS ANGELES,06,CALIFORNIA,,CA-29,CA-90,,59.073: PAYCHECK PROTECTION LOAN PROGRAM (PPP),,,08,GUARANTEED/INSURED LOAN (F),TO AID SMALL BUSINESSES IN MAINTAINING WORK FORCE DURING COVID-19 PANDEMIC.,NON,NOT RECOVERY ACT,P,INDIVIDUAL,2,NON-AGGREGATE RECORD,,,,,,,,,,,https://www.usaspending.gov/award/ASST_NON_3591878205_073/,2021-01-06 03:33:53.27803+00
ASST_NON_3592128205_073,3592128205,,SAI EXEMPT,,,,,,2020-08-27,2020,0.00,,,,0.00,0.00,0.00,2020-08-05,2020,,,073,Small Business Administration,7300,Small Business Administration,737010,OFC OF CAPITAL ACCESS,073,Small Business Administration,7300,Small Business Administration,737010,OFC OF CAPITAL ACCESS,,,,,,,JOHN KARMELICH,JOHN KARMELICH,,,,USA,UNITED STATES,6308 MAPLE AVE,,84550,WESTMINSTER,06059,ORANGE,06,CA,CALIFORNIA,92683,,CA-47,CA-45,,,,COUNTY-WIDE,USA,UNITED STATES,CA**059,,06059,ORANGE,06,CALIFORNIA,,CA-47,CA-90,,59.073: PAYCHECK PROTECTION LOAN PROGRAM (PPP),,,08,GUARANTEED/INSURED LOAN (F),TO AID SMALL BUSINESSES IN MAINTAINING WORK FORCE DURING COVID-19 PANDEMIC.,NON,NOT RECOVERY ACT,P,INDIVIDUAL,2,NON-AGGREGATE RECORD,,,,,,,,,,,https://www.usaspending.gov/award/ASST_NON_3592128205_073/,2021-01-06 03:33:53.27803+00
ASST_NON_3592228200_073,3592228200,,SAI EXEMPT,,,,,,2020-08-27,2020,0.00,,,,0.00,0.00,0.00,2020-08-05,2020,,,073,Small Business Administration,7300,Small Business Administration,737010,OFC OF CAPITAL ACCESS,073,Small Business Administration,7300,Small Business Administration,737010,OFC OF CAPITAL ACCESS,,,,,,,O. JAMES WHITE CPA ACCOUNTING CORPORATION,O. JAMES WHITE CPA ACCOUNTING CORPORATION,,,,USA,UNITED STATES,1099 E. CHAMPLAIN DR.,,27000,FRESNO,06019,FRESNO,06,CA,CALIFORNIA,93720,,CA-22,CA-05,,,,COUNTY-WIDE,USA,UNITED STATES,CA**019,,06019,FRESNO,06,CALIFORNIA,,CA-22,CA-90,,59.073: PAYCHECK PROTECTION LOAN PROGRAM (PPP),,,08,GUARANTEED/INSURED LOAN (F),TO AID SMALL BUSINESSES IN MAINTAINING WORK FORCE DURING COVID-19 PANDEMIC.,NON,NOT RECOVERY ACT,R,SMALL BUSINESS,2,NON-AGGREGATE RECORD,,,,,,,,,,,https://www.usaspending.gov/award/ASST_NON_3592228200_073/,2021-01-06 03:33:53.27803+00
ASST_NON_3592248206_073,3592248206,,SAI EXEMPT,,,,,,2020-08-27,2020,0.00,,,,0.00,0.00,0.00,2020-08-05,2020,,,073,Small Business Administration,7300,Small Business Administration,737010,OFC OF CAPITAL ACCESS,073,Small Business Administration,7300,Small Business Administration,737010,OFC OF CAPITAL ACCESS,,,,,,,TACHERA A SMALL LLC,TACHERA A SMALL LLC,,,,USA,UNITED STATES,5455 WILSHIRE BLVD,,44000,LOS ANGELES,06037,LOS ANGELES,06,CA,CALIFORNIA,90036,,CA-33,CA-30,,,,COUNTY-WIDE,USA,UNITED STATES,CA**037,,06037,LOS ANGELES,06,CALIFORNIA,,CA-33,CA-90,,59.073: PAYCHECK PROTECTION LOAN PROGRAM (PPP),,,08,GUARANTEED/INSURED LOAN (F),TO AID SMALL BUSINESSES IN MAINTAINING WORK FORCE DURING COVID-19 PANDEMIC.,NON,NOT RECOVERY ACT,R,SMALL BUSINESS,2,NON-AGGREGATE RECORD,,,,,,,,,,,https://www.usaspending.gov/award/ASST_NON_3592248206_073/,2021-01-06 03:33:53.27803+00
ASST_NON_3592278204_073,3592278204,,SAI EXEMPT,,,,,,2020-08-27,2020,0.00,,,,0.00,0.00,0.00,2020-08-05,2020,,,073,Small Business Administration,7300,Small Business Administration,737010,OFC OF CAPITAL ACCESS,073,Small Business Administration,7300,Small Business Administration,737010,OFC OF CAPITAL ACCESS,,,,,,,WALTON CHAPMAN,WALTON CHAPMAN,,,,USA,UNITED STATES,334 E 51ST ST.,,43000,LONG BEACH,06037,LOS ANGELES,06,CA,CALIFORNIA,90805,,CA-44,CA-44,,,,COUNTY-WIDE,USA,UNITED STATES,CA**037,,06037,LOS ANGELES,06,CALIFORNIA,,CA-44,CA-90,,59.073: PAYCHECK PROTECTION LOAN PROGRAM (PPP),,,08,GUARANTEED/INSURED LOAN (F),TO AID SMALL BUSINESSES IN MAINTAINING WORK FORCE DURING COVID-19 PANDEMIC.,NON,NOT RECOVERY ACT,P,INDIVIDUAL,2,NON-AGGREGATE RECORD,,,,,,,,,,,https://www.usaspending.gov/award/ASST_NON_3592278204_073/,2021-01-06 03:33:53.27803+00
ASST_NON_3592608207_073,3592608207,,SAI EXEMPT,,,,,,2020-08-27,2020,0.00,,,,0.00,0.00,0.00,2020-08-05,2020,,,073,Small Business Administration,7300,Small Business Administration,737010,OFC OF CAPITAL ACCESS,073,Small Business Administration,7300,Small Business Administration,737010,OFC OF CAPITAL ACCESS,,,,,,,KAILEE MCGEE,KAILEE MCGEE,,,,USA,UNITED STATES,5127 IRVINGTON TERRACE,UNIT ONE HALF,44000,LOS ANGELES,06037,LOS ANGELES,06,CA,CALIFORNIA,90042,,CA-34,CA-34,,,,COUNTY-WIDE,USA,UNITED STATES,CA**037,,06037,LOS ANGELES,06,CALIFORNIA,,CA-34,CA-90,,59.073: PAYCHECK PROTECTION LOAN PROGRAM (PPP),,,08,GUARANTEED/INSURED LOAN (F),TO AID SMALL BUSINESSES IN MAINTAINING WORK FORCE DURING COVID-19 PANDEMIC.,NON,NOT RECOVERY ACT,P,INDIVIDUAL,2,NON-AGGREGATE RECORD,,,,,,,,,,,https://www.usaspending.gov/award/ASST_NON_3592608207_073/,2021-01-06 03:33:53.27803+00
ASST_NON_3593948206_073,3593948206,,SAI EXEMPT,,,,,,2020-08-27,2020,0.00,,,,0.00,0.00,0.00,2020-08-05,2020,,,073,Small Business Administration,7300,Small Business Administration,737010,OFC OF CAPITAL ACCESS,073,Small Business Administration,7300,Small Business Administration,737010,OFC OF CAPITAL ACCESS,,,,,,,"UPHEALTH, INC.","UPHEALTH, INC.",,,,USA,UNITED STATES,680 WILSHIRE PLACE STE 311,,44000,LOS ANGELES,06037,LOS ANGELES,06,CA,CALIFORNIA,90005,,CA-34,CA-34,,,,COUNTY-WIDE,USA,UNITED STATES,CA**037,,06037,LOS ANGELES,06,CALIFORNIA,,CA-34,CA-90,,59.073: PAYCHECK PROTECTION LOAN PROGRAM (PPP),,,08,GUARANTEED/INSURED LOAN (F),TO AID SMALL BUSINESSES IN MAINTAINING WORK FORCE DURING COVID-19 PANDEMIC.,NON,NOT RECOVERY ACT,R,SMALL BUSINESS,2,NON-AGGREGATE RECORD,,,,,,,,,,,https://www.usaspending.gov/award/ASST_NON_3593948206_073/,2021-01-06 03:33:53.27803+00
ASST_NON_3594698205_073,3594698205,,SAI EXEMPT,,,,,,2020-08-27,2020,0.00,,,,0.00,0.00,0.00,2020-08-05,2020,,,073,Small Business Administration,7300,Small Business Administration,737010,OFC OF CAPITAL ACCESS,073,Small Business Administration,7300,Small Business Administration,737010,OFC OF CAPITAL ACCESS,,,,,,,DRVN LLC,DRVN LLC,,,,USA,UNITED STATES,26831 BARKSTONE LANE,,39220,LAGUNA HILLS,06059,ORANGE,06,CA,CALIFORNIA,92653,,CA-45,CA-90,,,,COUNTY-WIDE,USA,UNITED STATES,CA**059,,06059,ORANGE,06,CALIFORNIA,,CA-45,CA-90,,59.073: PAYCHECK PROTECTION LOAN PROGRAM (PPP),,,08,GUARANTEED/INSURED LOAN (F),TO AID SMALL BUSINESSES IN MAINTAINING WORK FORCE DURING COVID-19 PANDEMIC.,NON,NOT RECOVERY ACT,P,INDIVIDUAL,2,NON-AGGREGATE RECORD,,,,,,,,,,,https://www.usaspending.gov/award/ASST_NON_3594698205_073/,2021-01-06 03:33:53.27803+00
ASST_NON_3594778205_073,3594778205,,SAI EXEMPT,,,,,,2020-08-27,2020,0.00,,,,0.00,0.00,0.00,2020-08-05,2020,,,073,Small Business Administration,7300,Small Business Administration,737010,OFC OF CAPITAL ACCESS,073,Small Business Administration,7300,Small Business Administration,737010,OFC OF CAPITAL ACCESS,,,,,,,MARCO ANTONIO AGUILAR,MARCO ANTONIO AGUILAR,,,,USA,UNITED STATES,15874 VALLEY BLVD,SUITE 412,07064,BLOOMINGTON,06071,SAN BERNARDINO,06,CA,CALIFORNIA,92316,,CA-35,CA-33,,,,COUNTY-WIDE,USA,UNITED STATES,CA**071,,06071,SAN BERNARDINO,06,CALIFORNIA,,CA-35,CA-90,,59.073: PAYCHECK PROTECTION LOAN PROGRAM (PPP),,,08,GUARANTEED/INSURED LOAN (F),TO AID SMALL BUSINESSES IN MAINTAINING WORK FORCE DURING COVID-19 PANDEMIC.,NON,NOT RECOVERY ACT,P,INDIVIDUAL,2,NON-AGGREGATE RECORD,,,,,,,,,,,https://www.usaspending.gov/award/ASST_NON_3594778205_073/,2021-01-06 03:33:53.27803+00
ASST_NON_3595768204_073,3595768204,,SAI EXEMPT,,,,,,2020-08-27,2020,0.00,,,,0.00,0.00,0.00,2020-08-05,2020,,,073,Small Business Administration,7300,Small Business Administration,737010,OFC OF CAPITAL ACCESS,073,Small Business Administration,7300,Small Business Administration,737010,OFC OF CAPITAL ACCESS,,,,,,,VITALY PODDUBNYY,VITALY PODDUBNYY,,,,USA,UNITED STATES,5524 CORTEEN PLACE,19,,VALLEY VILLAGE,06037,LOS ANGELES,06,CA,CALIFORNIA,91607,,CA-30,CA-29,,,,COUNTY-WIDE,USA,UNITED STATES,CA**037,,06037,LOS ANGELES,06,CALIFORNIA,,CA-30,CA-90,,59.073: PAYCHECK PROTECTION LOAN PROGRAM (PPP),,,08,GUARANTEED/INSURED LOAN (F),TO AID SMALL BUSINESSES IN MAINTAINING WORK FORCE DURING COVID-19 PANDEMIC.,NON,NOT RECOVERY ACT,P,INDIVIDUAL,2,NON-AGGREGATE RECORD,,,,,,,,,,,https://www.usaspending.gov/award/ASST_NON_3595768204_073/,2021-01-06 03:33:53.27803+00
ASST_NON_3595788210_073,3595788210,,SAI EXEMPT,,,,,,2020-08-27,2020,0.00,,,,0.00,0.00,0.00,2020-08-05,2020,,,073,Small Business Administration,7300,Small Business Administration,737010,OFC OF CAPITAL ACCESS,073,Small Business Administration,7300,Small Business Administration,737010,OFC OF CAPITAL ACCESS,,,,,,,AMANDA THOMASON,AMANDA THOMASON,,,,USA,UNITED STATES,18071 W ANNE'S CIRCLE,104,,CANYON COUNTRY,06037,LOS ANGELES,06,CA,CALIFORNIA,91387,,CA-28,CA-27,,,,COUNTY-WIDE,USA,UNITED STATES,CA**037,,06037,LOS ANGELES,06,CALIFORNIA,,CA-28,CA-90,,59.073: PAYCHECK PROTECTION LOAN PROGRAM (PPP),,,08,GUARANTEED/INSURED LOAN (F),TO AID SMALL BUSINESSES IN MAINTAINING WORK FORCE DURING COVID-19 PANDEMIC.,NON,NOT RECOVERY ACT,P,INDIVIDUAL,2,NON-AGGREGATE RECORD,,,,,,,,,,,https://www.usaspending.gov/award/ASST_NON_3595788210_073/,2021-01-06 03:33:53.27803+00
ASST_NON_3596808205_073,3596808205,,SAI EXEMPT,,,,,,2020-08-27,2020,0.00,,,,0.00,0.00,0.00,2020-08-05,2020,,,073,Small Business Administration,7300,Small Business Administration,737010,OFC OF CAPITAL ACCESS,073,Small Business Administration,7300,Small Business Administration,737010,OFC OF CAPITAL ACCESS,,,,,,,ABDALLAH YACOUB,ABDALLAH YACOUB,,,,USA,UNITED STATES,3801 PARKVIEW LN,,36770,IRVINE,06059,ORANGE,06,CA,CALIFORNIA,92612,,CA-45,CA-47,,,,COUNTY-WIDE,USA,UNITED STATES,CA**059,,06059,ORANGE,06,CALIFORNIA,,CA-45,CA-90,,59.073: PAYCHECK PROTECTION LOAN PROGRAM (PPP),,,08,GUARANTEED/INSURED LOAN (F),TO AID SMALL BUSINESSES IN MAINTAINING WORK FORCE DURING COVID-19 PANDEMIC.,NON,NOT RECOVERY ACT,P,INDIVIDUAL,2,NON-AGGREGATE RECORD,,,,,,,,,,,https://www.usaspending.gov/award/ASST_NON_3596808205_073/,2021-01-06 03:33:53.27803+00
ASST_NON_3597018206_073,3597018206,,SAI EXEMPT,,,,,,2020-08-27,2020,0.00,,,,0.00,0.00,0.00,2020-08-05,2020,,,073,Small Business Administration,7300,Small Business Administration,737010,OFC OF CAPITAL ACCESS,073,Small Business Administration,7300,Small Business Administration,737010,OFC OF CAPITAL ACCESS,,,,,,,BASKIN ROBBINS,BASKIN ROBBINS,,,,USA,UNITED STATES,11658 WILSHIRE BL,,44000,LOS ANGELES,06037,LOS ANGELES,06,CA,CALIFORNIA,90025,,CA-33,CA-90,,,,COUNTY-WIDE,USA,UNITED STATES,CA**037,,06037,LOS ANGELES,06,CALIFORNIA,,CA-33,CA-90,,59.073: PAYCHECK PROTECTION LOAN PROGRAM (PPP),,,08,GUARANTEED/INSURED LOAN (F),TO AID SMALL BUSINESSES IN MAINTAINING WORK FORCE DURING COVID-19 PANDEMIC.,NON,NOT RECOVERY ACT,P,INDIVIDUAL,2,NON-AGGREGATE RECORD,,,,,,,,,,,https://www.usaspending.gov/award/ASST_NON_3597018206_073/,2021-01-06 03:33:53.27803+00
ASST_NON_3597238202_073,3597238202,,SAI EXEMPT,,,,,,2020-08-27,2020,0.00,,,,0.00,0.00,0.00,2020-08-05,2020,,,073,Small Business Administration,7300,Small Business Administration,737010,OFC OF CAPITAL ACCESS,073,Small Business Administration,7300,Small Business Administration,737010,OFC OF CAPITAL ACCESS,,,,,,,LEE NAILS DESIGN,LEE NAILS DESIGN,,,,USA,UNITED STATES,7512 ROSECRANS AVE,,55618,PARAMOUNT,06037,LOS ANGELES,06,CA,CALIFORNIA,90723,,CA-40,CA-44,,,,COUNTY-WIDE,USA,UNITED STATES,CA**037,,06037,LOS ANGELES,06,CALIFORNIA,,CA-40,CA-90,,59.073: PAYCHECK PROTECTION LOAN PROGRAM (PPP),,,08,GUARANTEED/INSURED LOAN (F),TO AID SMALL BUSINESSES IN MAINTAINING WORK FORCE DURING COVID-19 PANDEMIC.,NON,NOT RECOVERY ACT,P,INDIVIDUAL,2,NON-AGGREGATE RECORD,,,,,,,,,,,https://www.usaspending.gov/award/ASST_NON_3597238202_073/,2021-01-06 03:33:53.27803+00
ASST_NON_3597268200_073,3597268200,,SAI EXEMPT,,,,,,2020-08-27,2020,0.00,,,,0.00,0.00,0.00,2020-08-05,2020,,,073,Small Business Administration,7300,Small Business Administration,737010,OFC OF CAPITAL ACCESS,073,Small Business Administration,7300,Small Business Administration,737010,OFC OF CAPITAL ACCESS,,,,,,,RAJKUMAR GUDA,RAJKUMAR GUDA,,,,USA,UNITED STATES,1775 MILMONT DR,R101,47766,MILPITAS,06085,SANTA CLARA,06,CA,CALIFORNIA,95035,,CA-17,CA-17,,,,COUNTY-WIDE,USA,UNITED STATES,CA**085,,06085,SANTA CLARA,06,CALIFORNIA,,CA-17,CA-90,,59.073: PAYCHECK PROTECTION LOAN PROGRAM (PPP),,,08,GUARANTEED/INSURED LOAN (F),TO AID SMALL BUSINESSES IN MAINTAINING WORK FORCE DURING COVID-19 PANDEMIC.,NON,NOT RECOVERY ACT,P,INDIVIDUAL,2,NON-AGGREGATE RECORD,,,,,,,,,,,https://www.usaspending.gov/award/ASST_NON_3597268200_073/,2021-01-06 03:33:53.27803+00
ASST_NON_3597358203_073,3597358203,,SAI EXEMPT,,,,,,2020-08-27,2020,0.00,,,,0.00,0.00,0.00,2020-08-05,2020,,,073,Small Business Administration,7300,Small Business Administration,737010,OFC OF CAPITAL ACCESS,073,Small Business Administration,7300,Small Business Administration,737010,OFC OF CAPITAL ACCESS,,,,,,,ANAISE MCNAUGHT,ANAISE MCNAUGHT,,,,USA,UNITED STATES,625 ALBERT WAY,,56784,PETALUMA,06097,SONOMA,06,CA,CALIFORNIA,94954,,CA-05,CA-02,,,,COUNTY-WIDE,USA,UNITED STATES,CA**097,,06097,SONOMA,06,CALIFORNIA,,CA-05,CA-90,,59.073: PAYCHECK PROTECTION LOAN PROGRAM (PPP),,,08,GUARANTEED/INSURED LOAN (F),TO AID SMALL BUSINESSES IN MAINTAINING WORK FORCE DURING COVID-19 PANDEMIC.,NON,NOT RECOVERY ACT,P,INDIVIDUAL,2,NON-AGGREGATE RECORD,,,,,,,,,,,https://www.usaspending.gov/award/ASST_NON_3597358203_073/,2021-01-06 03:33:53.27803+00
ASST_NON_3597758205_073,3597758205,,SAI EXEMPT,,,,,,2020-08-27,2020,0.00,,,,0.00,0.00,0.00,2020-08-05,2020,,,073,Small Business Administration,7300,Small Business Administration,737010,OFC OF CAPITAL ACCESS,073,Small Business Administration,7300,Small Business Administration,737010,OFC OF CAPITAL ACCESS,,,,,,,CRISTOBAL ACEVEDO,CRISTOBAL ACEVEDO,,,,USA,UNITED STATES,27610 SKYLARK LANE,,69088,SANTA CLARITA,06037,LOS ANGELES,06,CA,CALIFORNIA,91350,,CA-25,CA-27,,,,COUNTY-WIDE,USA,UNITED STATES,CA**037,,06037,LOS ANGELES,06,CALIFORNIA,,CA-25,CA-90,,59.073: PAYCHECK PROTECTION LOAN PROGRAM (PPP),,,08,GUARANTEED/INSURED LOAN (F),TO AID SMALL BUSINESSES IN MAINTAINING WORK FORCE DURING COVID-19 PANDEMIC.,NON,NOT RECOVERY ACT,P,INDIVIDUAL,2,NON-AGGREGATE RECORD,,,,,,,,,,,https://www.usaspending.gov/award/ASST_NON_3597758205_073/,2021-01-06 03:33:53.27803+00
ASST_NON_3597988204_073,3597988204,,SAI EXEMPT,,,,,,2020-08-27,2020,0.00,,,,0.00,0.00,0.00,2020-08-05,2020,,,073,Small Business Administration,7300,Small Business Administration,737010,OFC OF CAPITAL ACCESS,073,Small Business Administration,7300,Small Business Administration,737010,OFC OF CAPITAL ACCESS,,,,,,,SUSHAMA LOHIA,SUSHAMA LOHIA,,,,USA,UNITED STATES,70 BERKSHIRE WOOD,,36770,IRVINE,06059,ORANGE,06,CA,CALIFORNIA,92620,,CA-45,CA-47,,,,COUNTY-WIDE,USA,UNITED STATES,CA**059,,06059,ORANGE,06,CALIFORNIA,,CA-45,CA-90,,59.073: PAYCHECK PROTECTION LOAN PROGRAM (PPP),,,08,GUARANTEED/INSURED LOAN (F),TO AID SMALL BUSINESSES IN MAINTAINING WORK FORCE DURING COVID-19 PANDEMIC.,NON,NOT RECOVERY ACT,P,INDIVIDUAL,2,NON-AGGREGATE RECORD,,,,,,,,,,,https://www.usaspending.gov/award/ASST_NON_3597988204_073/,2021-01-06 03:33:53.27803+00
ASST_NON_3605508201_073,3605508201,,SAI EXEMPT,,,,,,2020-08-27,2020,0.00,,,,0.00,0.00,0.00,2020-08-05,2020,,,073,Small Business Administration,7300,Small Business Administration,737010,OFC OF CAPITAL ACCESS,073,Small Business Administration,7300,Small Business Administration,737010,OFC OF CAPITAL ACCESS,,,,,,,VALENTE JONES,VALENTE JONES,,,,USA,UNITED STATES,13519 YUKON AVE,114,32548,HAWTHORNE,06037,LOS ANGELES,06,CA,CALIFORNIA,90250,,CA-43,CA-43,,,,COUNTY-WIDE,USA,UNITED STATES,CA**037,,06037,LOS ANGELES,06,CALIFORNIA,,CA-43,CA-90,,59.073: PAYCHECK PROTECTION LOAN PROGRAM (PPP),,,08,GUARANTEED/INSURED LOAN (F),TO AID SMALL BUSINESSES IN MAINTAINING WORK FORCE DURING COVID-19 PANDEMIC.,NON,NOT RECOVERY ACT,P,INDIVIDUAL,2,NON-AGGREGATE RECORD,,,,,,,,,,,https://www.usaspending.gov/award/ASST_NON_3605508201_073/,2021-01-06 03:33:53.27803+00
ASST_NON_3607008208_073,3607008208,,SAI EXEMPT,,,,,,2020-08-27,2020,0.00,,,,0.00,0.00,0.00,2020-08-05,2020,,,073,Small Business Administration,7300,Small Business Administration,737010,OFC OF CAPITAL ACCESS,073,Small Business Administration,7300,Small Business Administration,737010,OFC OF CAPITAL ACCESS,,,,,,,LISA M. WEST,LISA M. WEST,,,,USA,UNITED STATES,3445 GOLDEN GATE WAY,,39122,LAFAYETTE,06013,CONTRA COSTA,06,CA,CALIFORNIA,94549,,CA-11,CA-10,,,,COUNTY-WIDE,USA,UNITED STATES,CA**013,,06013,CONTRA COSTA,06,CALIFORNIA,,CA-11,CA-90,,59.073: PAYCHECK PROTECTION LOAN PROGRAM (PPP),,,08,GUARANTEED/INSURED LOAN (F),TO AID SMALL BUSINESSES IN MAINTAINING WORK FORCE DURING COVID-19 PANDEMIC.,NON,NOT RECOVERY ACT,P,INDIVIDUAL,2,NON-AGGREGATE RECORD,,,,,,,,,,,https://www.usaspending.gov/award/ASST_NON_3607008208_073/,2021-01-06 03:33:53.27803+00
ASST_NON_3607168210_073,3607168210,,SAI EXEMPT,,,,,,2020-08-27,2020,0.00,,,,0.00,0.00,0.00,2020-08-05,2020,,,073,Small Business Administration,7300,Small Business Administration,737010,OFC OF CAPITAL ACCESS,073,Small Business Administration,7300,Small Business Administration,737010,OFC OF CAPITAL ACCESS,,,,,,,"HAKIMI LAW, PC","HAKIMI LAW, PC",,,,USA,UNITED STATES,916 KEARNY STREET,SUITE 604,67000,SAN FRANCISCO,06075,SAN FRANCISCO,06,CA,CALIFORNIA,94133,,CA-12,CA-11,,,,COUNTY-WIDE,USA,UNITED STATES,CA**075,,06075,SAN FRANCISCO,06,CALIFORNIA,,CA-12,CA-90,,59.073: PAYCHECK PROTECTION LOAN PROGRAM (PPP),,,08,GUARANTEED/INSURED LOAN (F),TO AID SMALL BUSINESSES IN MAINTAINING WORK FORCE DURING COVID-19 PANDEMIC.,NON,NOT RECOVERY ACT,R,SMALL BUSINESS,2,NON-AGGREGATE RECORD,,,,,,,,,,,https://www.usaspending.gov/award/ASST_NON_3607168210_073/,2021-01-06 03:33:53.27803+00
ASST_NON_3607178202_073,3607178202,,SAI EXEMPT,,,,,,2020-08-27,2020,0.00,,,,0.00,0.00,0.00,2020-08-05,2020,,,073,Small Business Administration,7300,Small Business Administration,737010,OFC OF CAPITAL ACCESS,073,Small Business Administration,7300,Small Business Administration,737010,OFC OF CAPITAL ACCESS,,,,,,,PACIFIC MARINE CONSULTANTS,PACIFIC MARINE CONSULTANTS,,,,USA,UNITED STATES,5650 CAMBRIDGE AVENUE,,08786,BUENA PARK,06059,ORANGE,06,CA,CALIFORNIA,90621,,CA-39,CA-45,,,,COUNTY-WIDE,USA,UNITED STATES,CA**059,,06059,ORANGE,06,CALIFORNIA,,CA-39,CA-90,,59.073: PAYCHECK PROTECTION LOAN PROGRAM (PPP),,,08,GUARANTEED/INSURED LOAN (F),TO AID SMALL BUSINESSES IN MAINTAINING WORK FORCE DURING COVID-19 PANDEMIC.,NON,NOT RECOVERY ACT,P,INDIVIDUAL,2,NON-AGGREGATE RECORD,,,,,,,,,,,https://www.usaspending.gov/award/ASST_NON_3607178202_073/,2021-01-06 03:33:53.27803+00
ASST_NON_3607298203_073,3607298203,,SAI EXEMPT,,,,,,2020-08-27,2020,0.00,,,,0.00,0.00,0.00,2020-08-05,2020,,,073,Small Business Administration,7300,Small Business Administration,737010,OFC OF CAPITAL ACCESS,073,Small Business Administration,7300,Small Business Administration,737010,OFC OF CAPITAL ACCESS,,,,,,,JONNE AMAYA MCKELLIGAN,JONNE AMAYA MCKELLIGAN,,,,USA,UNITED STATES,6919 WARING AVE,,44000,LOS ANGELES,06037,LOS ANGELES,06,CA,CALIFORNIA,90038,,CA-28,CA-30,,,,COUNTY-WIDE,USA,UNITED STATES,CA**037,,06037,LOS ANGELES,06,CALIFORNIA,,CA-28,CA-90,,59.073: PAYCHECK PROTECTION LOAN PROGRAM (PPP),,,08,GUARANTEED/INSURED LOAN (F),TO AID SMALL BUSINESSES IN MAINTAINING WORK FORCE DURING COVID-19 PANDEMIC.,NON,NOT RECOVERY ACT,P,INDIVIDUAL,2,NON-AGGREGATE RECORD,,,,,,,,,,,https://www.usaspending.gov/award/ASST_NON_3607298203_073/,2021-01-06 03:33:53.27803+00
ASST_NON_3607408210_073,3607408210,,SAI EXEMPT,,,,,,2020-08-27,2020,0.00,,,,0.00,0.00,0.00,2020-08-05,2020,,,073,Small Business Administration,7300,Small Business Administration,737010,OFC OF CAPITAL ACCESS,073,Small Business Administration,7300,Small Business Administration,737010,OFC OF CAPITAL ACCESS,,,,,,,POOL TECH SOCAL,POOL TECH SOCAL,,,,USA,UNITED STATES,33 STERN ST,,39248,LAGUNA NIGUEL,06059,ORANGE,06,CA,CALIFORNIA,92677,,CA-48,CA-49,,,,COUNTY-WIDE,USA,UNITED STATES,CA**059,,06059,ORANGE,06,CALIFORNIA,,CA-48,CA-90,,59.073: PAYCHECK PROTECTION LOAN PROGRAM (PPP),,,08,GUARANTEED/INSURED LOAN (F),TO AID SMALL BUSINESSES IN MAINTAINING WORK FORCE DURING COVID-19 PANDEMIC.,NON,NOT RECOVERY ACT,P,INDIVIDUAL,2,NON-AGGREGATE RECORD,,,,,,,,,,,https://www.usaspending.gov/award/ASST_NON_3607408210_073/,2021-01-06 03:33:53.27803+00
ASST_NON_3607568201_073,3607568201,,SAI EXEMPT,,,,,,2020-08-27,2020,0.00,,,,0.00,0.00,0.00,2020-08-05,2020,,,073,Small Business Administration,7300,Small Business Administration,737010,OFC OF CAPITAL ACCESS,073,Small Business Administration,7300,Small Business Administration,737010,OFC OF CAPITAL ACCESS,,,,,,,MAIRTIN O'TUAIRISG,MAIRTIN O'TUAIRISG,,,,USA,UNITED STATES,112PARNASSUS AVE,2,67000,SAN FRANCISCO,06075,SAN FRANCISCO,06,CA,CALIFORNIA,94117,,CA-12,CA-11,,,,COUNTY-WIDE,USA,UNITED STATES,CA**075,,06075,SAN FRANCISCO,06,CALIFORNIA,,CA-12,CA-90,,59.073: PAYCHECK PROTECTION LOAN PROGRAM (PPP),,,08,GUARANTEED/INSURED LOAN (F),TO AID SMALL BUSINESSES IN MAINTAINING WORK FORCE DURING COVID-19 PANDEMIC.,NON,NOT RECOVERY ACT,P,INDIVIDUAL,2,NON-AGGREGATE RECORD,,,,,,,,,,,https://www.usaspending.gov/award/ASST_NON_3607568201_073/,2021-01-06 03:33:53.27803+00
ASST_NON_3607648201_073,3607648201,,SAI EXEMPT,,,,,,2020-08-27,2020,0.00,,,,0.00,0.00,0.00,2020-08-05,2020,,,073,Small Business Administration,7300,Small Business Administration,737010,OFC OF CAPITAL ACCESS,073,Small Business Administration,7300,Small Business Administration,737010,OFC OF CAPITAL ACCESS,,,,,,,TEJPAL SINGH,TEJPAL SINGH,,,,USA,UNITED STATES,1932 PAGOLA AVE,,45484,MANTECA,06077,SAN JOAQUIN,06,CA,CALIFORNIA,95337,,CA-10,CA-09,,,,COUNTY-WIDE,USA,UNITED STATES,CA**077,,06077,SAN JOAQUIN,06,CALIFORNIA,,CA-10,CA-09,,59.073: PAYCHECK PROTECTION LOAN PROGRAM (PPP),,,08,GUARANTEED/INSURED LOAN (F),TO AID SMALL BUSINESSES IN MAINTAINING WORK FORCE DURING COVID-19 PANDEMIC.,NON,NOT RECOVERY ACT,P,INDIVIDUAL,2,NON-AGGREGATE RECORD,,,,,,,,,,,https://www.usaspending.gov/award/ASST_NON_3607648201_073/,2021-01-06 03:33:53.27803+00
ASST_NON_3607868208_073,3607868208,,SAI EXEMPT,,,,,,2020-08-27,2020,0.00,,,,0.00,0.00,0.00,2020-08-05,2020,,,073,Small Business Administration,7300,Small Business Administration,737010,OFC OF CAPITAL ACCESS,073,Small Business Administration,7300,Small Business Administration,737010,OFC OF CAPITAL ACCESS,,,,,,,BRYON LEACH,BRYON LEACH,,,,USA,UNITED STATES,3300 NARVAEZ AVE SPC 126,,68000,SAN JOSE,06085,SANTA CLARA,06,CA,CALIFORNIA,95136,,CA-19,CA-90,,,,COUNTY-WIDE,USA,UNITED STATES,CA**085,,06085,SANTA CLARA,06,CALIFORNIA,,CA-19,CA-90,,59.073: PAYCHECK PROTECTION LOAN PROGRAM (PPP),,,08,GUARANTEED/INSURED LOAN (F),TO AID SMALL BUSINESSES IN MAINTAINING WORK FORCE DURING COVID-19 PANDEMIC.,NON,NOT RECOVERY ACT,P,INDIVIDUAL,2,NON-AGGREGATE RECORD,,,,,,,,,,,https://www.usaspending.gov/award/ASST_NON_3607868208_073/,2021-01-06 03:33:53.27803+00
ASST_NON_3607908207_073,3607908207,,SAI EXEMPT,,,,,,2020-08-27,2020,0.00,,,,0.00,0.00,0.00,2020-08-05,2020,,,073,Small Business Administration,7300,Small Business Administration,737010,OFC OF CAPITAL ACCESS,073,Small Business Administration,7300,Small Business Administration,737010,OFC OF CAPITAL ACCESS,,,,,,,JESSICA MIRANDA,JESSICA MIRANDA,,,,USA,UNITED STATES,41034 168TH ST E,,40130,LANCASTER,06037,LOS ANGELES,06,CA,CALIFORNIA,93535,,CA-25,CA-27,,,,COUNTY-WIDE,USA,UNITED STATES,CA**037,,06037,LOS ANGELES,06,CALIFORNIA,,CA-25,CA-90,,59.073: PAYCHECK PROTECTION LOAN PROGRAM (PPP),,,08,GUARANTEED/INSURED LOAN (F),TO AID SMALL BUSINESSES IN MAINTAINING WORK FORCE DURING COVID-19 PANDEMIC.,NON,NOT RECOVERY ACT,P,INDIVIDUAL,2,NON-AGGREGATE RECORD,,,,,,,,,,,https://www.usaspending.gov/award/ASST_NON_3607908207_073/,2021-01-06 03:33:53.27803+00
ASST_NON_3607928202_073,3607928202,,SAI EXEMPT,,,,,,2020-08-27,2020,0.00,,,,0.00,0.00,0.00,2020-08-05,2020,,,073,Small Business Administration,7300,Small Business Administration,737010,OFC OF CAPITAL ACCESS,073,Small Business Administration,7300,Small Business Administration,737010,OFC OF CAPITAL ACCESS,,,,,,,ROBERT RAMOS,ROBERT RAMOS,,,,USA,UNITED STATES,305 EDGEFIELD CT,,41474,LINCOLN,06061,PLACER,06,CA,CALIFORNIA,95648,,CA-04,CA-03,,,,COUNTY-WIDE,USA,UNITED STATES,CA**061,,06061,PLACER,06,CALIFORNIA,,CA-04,CA-03,,59.073: PAYCHECK PROTECTION LOAN PROGRAM (PPP),,,08,GUARANTEED/INSURED LOAN (F),TO AID SMALL BUSINESSES IN MAINTAINING WORK FORCE DURING COVID-19 PANDEMIC.,NON,NOT RECOVERY ACT,P,INDIVIDUAL,2,NON-AGGREGATE RECORD,,,,,,,,,,,https://www.usaspending.gov/award/ASST_NON_3607928202_073/,2021-01-06 03:33:53.27803+00
ASST_NON_3608008210_073,3608008210,,SAI EXEMPT,,,,,,2020-08-27,2020,0.00,,,,0.00,0.00,0.00,2020-08-05,2020,,,073,Small Business Administration,7300,Small Business Administration,737010,OFC OF CAPITAL ACCESS,073,Small Business Administration,7300,Small Business Administration,737010,OFC OF CAPITAL ACCESS,,,,,,,MANJIT SINGH,MANJIT SINGH,,,,USA,UNITED STATES,9671 LITTLE HARBOR WAY,,22020,ELK GROVE,06067,SACRAMENTO,06,CA,CALIFORNIA,95624,,CA-07,CA-07,,,,COUNTY-WIDE,USA,UNITED STATES,CA**067,,06067,SACRAMENTO,06,CALIFORNIA,,CA-07,CA-90,,59.073: PAYCHECK PROTECTION LOAN PROGRAM (PPP),,,08,GUARANTEED/INSURED LOAN (F),TO AID SMALL BUSINESSES IN MAINTAINING WORK FORCE DURING COVID-19 PANDEMIC.,NON,NOT RECOVERY ACT,P,INDIVIDUAL,2,NON-AGGREGATE RECORD,,,,,,,,,,,https://www.usaspending.gov/award/ASST_NON_3608008210_073/,2021-01-06 03:33:53.27803+00
ASST_NON_3610618204_073,3610618204,,SAI EXEMPT,,,,,,2020-08-27,2020,0.00,,,,0.00,0.00,0.00,2020-08-05,2020,,,073,Small Business Administration,7300,Small Business Administration,737010,OFC OF CAPITAL ACCESS,073,Small Business Administration,7300,Small Business Administration,737010,OFC OF CAPITAL ACCESS,,,,,,,HUGOS TRUCKING,HUGOS TRUCKING,,,,USA,UNITED STATES,12876 OSBORNE ST,,54960,PACOIMA,06037,LOS ANGELES,06,CA,CALIFORNIA,91331,,CA-29,CA-29,,,,COUNTY-WIDE,USA,UNITED STATES,CA**037,,06037,LOS ANGELES,06,CALIFORNIA,,CA-29,CA-90,,59.073: PAYCHECK PROTECTION LOAN PROGRAM (PPP),,,08,GUARANTEED/INSURED LOAN (F),TO AID SMALL BUSINESSES IN MAINTAINING WORK FORCE DURING COVID-19 PANDEMIC.,NON,NOT RECOVERY ACT,P,INDIVIDUAL,2,NON-AGGREGATE RECORD,,,,,,,,,,,https://www.usaspending.gov/award/ASST_NON_3610618204_073/,2021-01-06 03:33:53.27803+00
ASST_NON_3610848203_073,3610848203,,SAI EXEMPT,,,,,,2020-08-27,2020,0.00,,,,0.00,0.00,0.00,2020-08-05,2020,,,073,Small Business Administration,7300,Small Business Administration,737010,OFC OF CAPITAL ACCESS,073,Small Business Administration,7300,Small Business Administration,737010,OFC OF CAPITAL ACCESS,,,,,,,"SMILE DESIGN DENTAL STUDIOS, INC","SMILE DESIGN DENTAL STUDIOS, INC",,,,USA,UNITED STATES,17725 CAPE JASMINE RD,,,CANYON COUNTRY,06037,LOS ANGELES,06,CA,CALIFORNIA,91387,,CA-28,CA-27,,,,COUNTY-WIDE,USA,UNITED STATES,CA**037,,06037,LOS ANGELES,06,CALIFORNIA,,CA-28,CA-90,,59.073: PAYCHECK PROTECTION LOAN PROGRAM (PPP),,,08,GUARANTEED/INSURED LOAN (F),TO AID SMALL BUSINESSES IN MAINTAINING WORK FORCE DURING COVID-19 PANDEMIC.,NON,NOT RECOVERY ACT,R,SMALL BUSINESS,2,NON-AGGREGATE RECORD,,,,,,,,,,,https://www.usaspending.gov/award/ASST_NON_3610848203_073/,2021-01-06 03:33:53.27803+00
ASST_NON_3610958201_073,3610958201,,SAI EXEMPT,,,,,,2020-08-27,2020,0.00,,,,0.00,0.00,0.00,2020-08-05,2020,,,073,Small Business Administration,7300,Small Business Administration,737010,OFC OF CAPITAL ACCESS,073,Small Business Administration,7300,Small Business Administration,737010,OFC OF CAPITAL ACCESS,,,,,,,SHALADE JOHNSON,SHALADE JOHNSON,,,,USA,UNITED STATES,3425 W MAGNOLIA BLVD,568,08954,BURBANK,06037,LOS ANGELES,06,CA,CALIFORNIA,91505,,CA-30,CA-30,,,,COUNTY-WIDE,USA,UNITED STATES,CA**037,,06037,LOS ANGELES,06,CALIFORNIA,,CA-30,CA-90,,59.073: PAYCHECK PROTECTION LOAN PROGRAM (PPP),,,08,GUARANTEED/INSURED LOAN (F),TO AID SMALL BUSINESSES IN MAINTAINING WORK FORCE DURING COVID-19 PANDEMIC.,NON,NOT RECOVERY ACT,P,INDIVIDUAL,2,NON-AGGREGATE RECORD,,,,,,,,,,,https://www.usaspending.gov/award/ASST_NON_3610958201_073/,2021-01-06 03:33:53.27803+00
ASST_NON_3611128201_073,3611128201,,SAI EXEMPT,,,,,,2020-08-27,2020,0.00,,,,0.00,0.00,0.00,2020-08-05,2020,,,073,Small Business Administration,7300,Small Business Administration,737010,OFC OF CAPITAL ACCESS,073,Small Business Administration,7300,Small Business Administration,737010,OFC OF CAPITAL ACCESS,,,,,,,MONTY'S LOUNGE,MONTY'S LOUNGE,,,,USA,UNITED STATES,10493 FOLSOM BLVD,,59444,RANCHO CORDOVA,06067,SACRAMENTO,06,CA,CALIFORNIA,95670,,CA-07,CA-06,,,,COUNTY-WIDE,USA,UNITED STATES,CA**067,,06067,SACRAMENTO,06,CALIFORNIA,,CA-07,CA-90,,59.073: PAYCHECK PROTECTION LOAN PROGRAM (PPP),,,08,GUARANTEED/INSURED LOAN (F),TO AID SMALL BUSINESSES IN MAINTAINING WORK FORCE DURING COVID-19 PANDEMIC.,NON,NOT RECOVERY ACT,P,INDIVIDUAL,2,NON-AGGREGATE RECORD,,,,,,,,,,,https://www.usaspending.gov/award/ASST_NON_3611128201_073/,2021-01-06 03:33:53.27803+00
ASST_NON_3611198200_073,3611198200,,SAI EXEMPT,,,,,,2020-08-27,2020,0.00,,,,0.00,0.00,0.00,2020-08-05,2020,,,073,Small Business Administration,7300,Small Business Administration,737010,OFC OF CAPITAL ACCESS,073,Small Business Administration,7300,Small Business Administration,737010,OFC OF CAPITAL ACCESS,,,,,,,ODULIO INVESTMENTS INC,ODULIO INVESTMENTS INC,,,,USA,UNITED STATES,11232 LOARA ST,,29000,GARDEN GROVE,06059,ORANGE,06,CA,CALIFORNIA,92840,,CA-46,CA-45,,,,COUNTY-WIDE,USA,UNITED STATES,CA**059,,06059,ORANGE,06,CALIFORNIA,,CA-46,CA-90,,59.073: PAYCHECK PROTECTION LOAN PROGRAM (PPP),,,08,GUARANTEED/INSURED LOAN (F),TO AID SMALL BUSINESSES IN MAINTAINING WORK FORCE DURING COVID-19 PANDEMIC.,NON,NOT RECOVERY ACT,R,SMALL BUSINESS,2,NON-AGGREGATE RECORD,,,,,,,,,,,https://www.usaspending.gov/award/ASST_NON_3611198200_073/,2021-01-06 03:33:53.27803+00
ASST_NON_3611218204_073,3611218204,,SAI EXEMPT,,,,,,2020-08-27,2020,0.00,,,,0.00,0.00,0.00,2020-08-05,2020,,,073,Small Business Administration,7300,Small Business Administration,737010,OFC OF CAPITAL ACCESS,073,Small Business Administration,7300,Small Business Administration,737010,OFC OF CAPITAL ACCESS,,,,,,,FEATHER LASH,FEATHER LASH,,,,USA,UNITED STATES,3000 W. 6TH ST,UNIT 308,44000,LOS ANGELES,06037,LOS ANGELES,06,CA,CALIFORNIA,90020,,CA-34,CA-34,,,,COUNTY-WIDE,USA,UNITED STATES,CA**037,,06037,LOS ANGELES,06,CALIFORNIA,,CA-34,CA-90,,59.073: PAYCHECK PROTECTION LOAN PROGRAM (PPP),,,08,GUARANTEED/INSURED LOAN (F),TO AID SMALL BUSINESSES IN MAINTAINING WORK FORCE DURING COVID-19 PANDEMIC.,NON,NOT RECOVERY ACT,P,INDIVIDUAL,2,NON-AGGREGATE RECORD,,,,,,,,,,,https://www.usaspending.gov/award/ASST_NON_3611218204_073/,2021-01-06 03:33:53.27803+00
ASST_NON_3611288203_073,3611288203,,SAI EXEMPT,,,,,,2020-08-27,2020,0.00,,,,0.00,0.00,0.00,2020-08-05,2020,,,073,Small Business Administration,7300,Small Business Administration,737010,OFC OF CAPITAL ACCESS,073,Small Business Administration,7300,Small Business Administration,737010,OFC OF CAPITAL ACCESS,,,,,,,JESSICA J ROSAS-AYALA,JESSICA J ROSAS-AYALA,,,,USA,UNITED STATES,1420  N AVENUE 47,,44000,LOS ANGELES,06037,LOS ANGELES,06,CA,CALIFORNIA,90042,,CA-34,CA-34,,,,COUNTY-WIDE,USA,UNITED STATES,CA**037,,06037,LOS ANGELES,06,CALIFORNIA,,CA-34,CA-90,,59.073: PAYCHECK PROTECTION LOAN PROGRAM (PPP),,,08,GUARANTEED/INSURED LOAN (F),TO AID SMALL BUSINESSES IN MAINTAINING WORK FORCE DURING COVID-19 PANDEMIC.,NON,NOT RECOVERY ACT,P,INDIVIDUAL,2,NON-AGGREGATE RECORD,,,,,,,,,,,https://www.usaspending.gov/award/ASST_NON_3611288203_073/,2021-01-06 03:33:53.27803+00
ASST_NON_3611298206_073,3611298206,,SAI EXEMPT,,,,,,2020-08-27,2020,0.00,,,,0.00,0.00,0.00,2020-08-05,2020,,,073,Small Business Administration,7300,Small Business Administration,737010,OFC OF CAPITAL ACCESS,073,Small Business Administration,7300,Small Business Administration,737010,OFC OF CAPITAL ACCESS,,,,,,,MORAR INC,MORAR INC,,,,USA,UNITED STATES,2501 W ASH AVE,,28000,FULLERTON,06059,ORANGE,06,CA,CALIFORNIA,92833,,CA-39,CA-90,,,,COUNTY-WIDE,USA,UNITED STATES,CA**059,,06059,ORANGE,06,CALIFORNIA,,CA-39,CA-90,,59.073: PAYCHECK PROTECTION LOAN PROGRAM (PPP),,,08,GUARANTEED/INSURED LOAN (F),TO AID SMALL BUSINESSES IN MAINTAINING WORK FORCE DURING COVID-19 PANDEMIC.,NON,NOT RECOVERY ACT,R,SMALL BUSINESS,2,NON-AGGREGATE RECORD,,,,,,,,,,,https://www.usaspending.gov/award/ASST_NON_3611298206_073/,2021-01-06 03:33:53.27803+00
ASST_NON_3611468209_073,3611468209,,SAI EXEMPT,,,,,,2020-08-27,2020,0.00,,,,0.00,0.00,0.00,2020-08-05,2020,,,073,Small Business Administration,7300,Small Business Administration,737010,OFC OF CAPITAL ACCESS,073,Small Business Administration,7300,Small Business Administration,737010,OFC OF CAPITAL ACCESS,,,,,,,SILEO CONSULTING INC,SILEO CONSULTING INC,,,,USA,UNITED STATES,1413E 218 TH ST,,11530,CARSON,06037,LOS ANGELES,06,CA,CALIFORNIA,90745,,CA-44,CA-44,,,,COUNTY-WIDE,USA,UNITED STATES,CA**037,,06037,LOS ANGELES,06,CALIFORNIA,,CA-44,CA-90,,59.073: PAYCHECK PROTECTION LOAN PROGRAM (PPP),,,08,GUARANTEED/INSURED LOAN (F),TO AID SMALL BUSINESSES IN MAINTAINING WORK FORCE DURING COVID-19 PANDEMIC.,NON,NOT RECOVERY ACT,R,SMALL BUSINESS,2,NON-AGGREGATE RECORD,,,,,,,,,,,https://www.usaspending.gov/award/ASST_NON_3611468209_073/,2021-01-06 03:33:53.27803+00
ASST_NON_3611518200_073,3611518200,,SAI EXEMPT,,,,,,2020-08-27,2020,0.00,,,,0.00,0.00,0.00,2020-08-05,2020,,,073,Small Business Administration,7300,Small Business Administration,737010,OFC OF CAPITAL ACCESS,073,Small Business Administration,7300,Small Business Administration,737010,OFC OF CAPITAL ACCESS,,,,,,,TERRIN COLEMAN,TERRIN COLEMAN,,,,USA,UNITED STATES,1324 N TOPSAIL AVE,,14890,COLTON,06065,RIVERSIDE,06,CA,CALIFORNIA,92324,,CA-31,CA-33,,,,COUNTY-WIDE,USA,UNITED STATES,CA**071,,06071,SAN BERNARDINO,06,CALIFORNIA,,CA-31,CA-90,,59.073: PAYCHECK PROTECTION LOAN PROGRAM (PPP),,,08,GUARANTEED/INSURED LOAN (F),TO AID SMALL BUSINESSES IN MAINTAINING WORK FORCE DURING COVID-19 PANDEMIC.,NON,NOT RECOVERY ACT,P,INDIVIDUAL,2,NON-AGGREGATE RECORD,,,,,,,,,,,https://www.usaspending.gov/award/ASST_NON_3611518200_073/,2021-01-06 03:33:53.27803+00
ASST_NON_3611528203_073,3611528203,,SAI EXEMPT,,,,,,2020-08-27,2020,0.00,,,,0.00,0.00,0.00,2020-08-05,2020,,,073,Small Business Administration,7300,Small Business Administration,737010,OFC OF CAPITAL ACCESS,073,Small Business Administration,7300,Small Business Administration,737010,OFC OF CAPITAL ACCESS,,,,,,,CRAIG O'ROURKE INC,CRAIG O'ROURKE INC,,,,USA,UNITED STATES,2609 160TH ST,,60018,REDONDO BEACH,06037,LOS ANGELES,06,CA,CALIFORNIA,90278,,CA-33,CA-36,,,,COUNTY-WIDE,USA,UNITED STATES,CA**037,,06037,LOS ANGELES,06,CALIFORNIA,,CA-33,CA-90,,59.073: PAYCHECK PROTECTION LOAN PROGRAM (PPP),,,08,GUARANTEED/INSURED LOAN (F),TO AID SMALL BUSINESSES IN MAINTAINING WORK FORCE DURING COVID-19 PANDEMIC.,NON,NOT RECOVERY ACT,P,INDIVIDUAL,2,NON-AGGREGATE RECORD,,,,,,,,,,,https://www.usaspending.gov/award/ASST_NON_3611528203_073/,2021-01-06 03:33:53.27803+00
ASST_NON_3611638201_073,3611638201,,SAI EXEMPT,,,,,,2020-08-27,2020,0.00,,,,0.00,0.00,0.00,2020-08-05,2020,,,073,Small Business Administration,7300,Small Business Administration,737010,OFC OF CAPITAL ACCESS,073,Small Business Administration,7300,Small Business Administration,737010,OFC OF CAPITAL ACCESS,,,,,,,RICHARD RAYMOND SOTO,RICHARD RAYMOND SOTO,,,,USA,UNITED STATES,32 LIGHTHOUSE POINT,,00947,ALISO VIEJO,06059,ORANGE,06,CA,CALIFORNIA,92656,,CA-48,CA-40,,,,COUNTY-WIDE,USA,UNITED STATES,CA**059,,06059,ORANGE,06,CALIFORNIA,,CA-48,CA-90,,59.073: PAYCHECK PROTECTION LOAN PROGRAM (PPP),,,08,GUARANTEED/INSURED LOAN (F),TO AID SMALL BUSINESSES IN MAINTAINING WORK FORCE DURING COVID-19 PANDEMIC.,NON,NOT RECOVERY ACT,P,INDIVIDUAL,2,NON-AGGREGATE RECORD,,,,,,,,,,,https://www.usaspending.gov/award/ASST_NON_3611638201_073/,2021-01-06 03:33:53.27803+00
ASST_NON_3611668210_073,3611668210,,SAI EXEMPT,,,,,,2020-08-27,2020,0.00,,,,0.00,0.00,0.00,2020-08-05,2020,,,073,Small Business Administration,7300,Small Business Administration,737010,OFC OF CAPITAL ACCESS,073,Small Business Administration,7300,Small Business Administration,737010,OFC OF CAPITAL ACCESS,,,,,,,WASH AND SON JANITORIAL,WASH AND SON JANITORIAL,,,,USA,UNITED STATES,6725 NEWLIN,,85292,WHITTIER,06037,LOS ANGELES,06,CA,CALIFORNIA,90601,,CA-38,CA-90,,,,COUNTY-WIDE,USA,UNITED STATES,CA**037,,06037,LOS ANGELES,06,CALIFORNIA,,CA-38,CA-90,,59.073: PAYCHECK PROTECTION LOAN PROGRAM (PPP),,,08,GUARANTEED/INSURED LOAN (F),TO AID SMALL BUSINESSES IN MAINTAINING WORK FORCE DURING COVID-19 PANDEMIC.,NON,NOT RECOVERY ACT,P,INDIVIDUAL,2,NON-AGGREGATE RECORD,,,,,,,,,,,https://www.usaspending.gov/award/ASST_NON_3611668210_073/,2021-01-06 03:33:53.27803+00
ASST_NON_3611728204_073,3611728204,,SAI EXEMPT,,,,,,2020-08-27,2020,0.00,,,,0.00,0.00,0.00,2020-08-05,2020,,,073,Small Business Administration,7300,Small Business Administration,737010,OFC OF CAPITAL ACCESS,073,Small Business Administration,7300,Small Business Administration,737010,OFC OF CAPITAL ACCESS,,,,,,,DENNIS FLEITAS,DENNIS FLEITAS,,,,USA,UNITED STATES,407 N VERNON AVE,,03386,AZUSA,06037,LOS ANGELES,06,CA,CALIFORNIA,91702,,CA-27,CA-31,,,,COUNTY-WIDE,USA,UNITED STATES,CA**037,,06037,LOS ANGELES,06,CALIFORNIA,,CA-27,CA-90,,59.073: PAYCHECK PROTECTION LOAN PROGRAM (PPP),,,08,GUARANTEED/INSURED LOAN (F),TO AID SMALL BUSINESSES IN MAINTAINING WORK FORCE DURING COVID-19 PANDEMIC.,NON,NOT RECOVERY ACT,P,INDIVIDUAL,2,NON-AGGREGATE RECORD,,,,,,,,,,,https://www.usaspending.gov/award/ASST_NON_3611728204_073/,2021-01-06 03:33:53.27803+00
ASST_NON_3613998208_073,3613998208,,SAI EXEMPT,,,,,,2020-08-27,2020,0.00,,,,0.00,0.00,0.00,2020-08-05,2020,,,073,Small Business Administration,7300,Small Business Administration,737010,OFC OF CAPITAL ACCESS,073,Small Business Administration,7300,Small Business Administration,737010,OFC OF CAPITAL ACCESS,,,,,,,WILLIAM DEVINE,WILLIAM DEVINE,,,,USA,UNITED STATES,25397 CORALTREE CT,,50076,MURRIETA,06065,RIVERSIDE,06,CA,CALIFORNIA,92563,,CA-42,CA-48,,,,COUNTY-WIDE,USA,UNITED STATES,CA**065,,06065,RIVERSIDE,06,CALIFORNIA,,CA-42,CA-90,,59.073: PAYCHECK PROTECTION LOAN PROGRAM (PPP),,,08,GUARANTEED/INSURED LOAN (F),TO AID SMALL BUSINESSES IN MAINTAINING WORK FORCE DURING COVID-19 PANDEMIC.,NON,NOT RECOVERY ACT,P,INDIVIDUAL,2,NON-AGGREGATE RECORD,,,,,,,,,,,https://www.usaspending.gov/award/ASST_NON_3613998208_073/,2021-01-06 03:33:53.27803+00
ASST_NON_3614138210_073,3614138210,,SAI EXEMPT,,,,,,2020-08-27,2020,0.00,,,,0.00,0.00,0.00,2020-08-05,2020,,,073,Small Business Administration,7300,Small Business Administration,737010,OFC OF CAPITAL ACCESS,073,Small Business Administration,7300,Small Business Administration,737010,OFC OF CAPITAL ACCESS,,,,,,,CHANTA PHOTHIRATH,CHANTA PHOTHIRATH,,,,USA,UNITED STATES,1657 NEIHART AVE,,64000,SACRAMENTO,06067,SACRAMENTO,06,CA,CALIFORNIA,95832,,CA-06,CA-07,,,,COUNTY-WIDE,USA,UNITED STATES,CA**067,,06067,SACRAMENTO,06,CALIFORNIA,,CA-06,CA-90,,59.073: PAYCHECK PROTECTION LOAN PROGRAM (PPP),,,08,GUARANTEED/INSURED LOAN (F),TO AID SMALL BUSINESSES IN MAINTAINING WORK FORCE DURING COVID-19 PANDEMIC.,NON,NOT RECOVERY ACT,P,INDIVIDUAL,2,NON-AGGREGATE RECORD,,,,,,,,,,,https://www.usaspending.gov/award/ASST_NON_3614138210_073/,2021-01-06 03:33:53.27803+00
ASST_NON_3615728201_073,3615728201,,SAI EXEMPT,,,,,,2020-08-27,2020,0.00,,,,0.00,0.00,0.00,2020-08-05,2020,,,073,Small Business Administration,7300,Small Business Administration,737010,OFC OF CAPITAL ACCESS,073,Small Business Administration,7300,Small Business Administration,737010,OFC OF CAPITAL ACCESS,,,,,,,HONGQIANG SHI,HONGQIANG SHI,,,,USA,UNITED STATES,12465 BREEZE LN,,47976,MIRA LOMA,06065,RIVERSIDE,06,CA,CALIFORNIA,91752,,CA-42,CA-90,,,,COUNTY-WIDE,USA,UNITED STATES,CA**065,,06065,RIVERSIDE,06,CALIFORNIA,,CA-42,CA-90,,59.073: PAYCHECK PROTECTION LOAN PROGRAM (PPP),,,08,GUARANTEED/INSURED LOAN (F),TO AID SMALL BUSINESSES IN MAINTAINING WORK FORCE DURING COVID-19 PANDEMIC.,NON,NOT RECOVERY ACT,P,INDIVIDUAL,2,NON-AGGREGATE RECORD,,,,,,,,,,,https://www.usaspending.gov/award/ASST_NON_3615728201_073/,2021-01-06 03:33:53.27803+00
ASST_NON_3615808201_073,3615808201,,SAI EXEMPT,,,,,,2020-08-27,2020,0.00,,,,0.00,0.00,0.00,2020-08-05,2020,,,073,Small Business Administration,7300,Small Business Administration,737010,OFC OF CAPITAL ACCESS,073,Small Business Administration,7300,Small Business Administration,737010,OFC OF CAPITAL ACCESS,,,,,,,QER TAHE REAL PROPERITES LLC,QER TAHE REAL PROPERITES LLC,,,,USA,UNITED STATES,1116 DHALIA CT,,80238,TRACY,06077,SAN JOAQUIN,06,CA,CALIFORNIA,95304,,CA-10,CA-90,,,,COUNTY-WIDE,USA,UNITED STATES,CA**077,,06077,SAN JOAQUIN,06,CALIFORNIA,,CA-10,CA-09,,59.073: PAYCHECK PROTECTION LOAN PROGRAM (PPP),,,08,GUARANTEED/INSURED LOAN (F),TO AID SMALL BUSINESSES IN MAINTAINING WORK FORCE DURING COVID-19 PANDEMIC.,NON,NOT RECOVERY ACT,P,INDIVIDUAL,2,NON-AGGREGATE RECORD,,,,,,,,,,,https://www.usaspending.gov/award/ASST_NON_3615808201_073/,2021-01-06 03:33:53.27803+00
ASST_NON_3616088201_073,3616088201,,SAI EXEMPT,,,,,,2020-08-27,2020,0.00,,,,0.00,0.00,0.00,2020-08-05,2020,,,073,Small Business Administration,7300,Small Business Administration,737010,OFC OF CAPITAL ACCESS,073,Small Business Administration,7300,Small Business Administration,737010,OFC OF CAPITAL ACCESS,,,,,,,NICOLE CASTILLO,NICOLE CASTILLO,,,,USA,UNITED STATES,604 N JUANITA AVE.,,44000,LOS ANGELES,06037,LOS ANGELES,06,CA,CALIFORNIA,90004,,CA-28,CA-90,,,,COUNTY-WIDE,USA,UNITED STATES,CA**037,,06037,LOS ANGELES,06,CALIFORNIA,,CA-28,CA-90,,59.073: PAYCHECK PROTECTION LOAN PROGRAM (PPP),,,08,GUARANTEED/INSURED LOAN (F),TO AID SMALL BUSINESSES IN MAINTAINING WORK FORCE DURING COVID-19 PANDEMIC.,NON,NOT RECOVERY ACT,P,INDIVIDUAL,2,NON-AGGREGATE RECORD,,,,,,,,,,,https://www.usaspending.gov/award/ASST_NON_3616088201_073/,2021-01-06 03:33:53.27803+00
ASST_NON_3616248201_073,3616248201,,SAI EXEMPT,,,,,,2020-08-27,2020,0.00,,,,0.00,0.00,0.00,2020-08-05,2020,,,073,Small Business Administration,7300,Small Business Administration,737010,OFC OF CAPITAL ACCESS,073,Small Business Administration,7300,Small Business Administration,737010,OFC OF CAPITAL ACCESS,,,,,,,Q CUTS,Q CUTS,,,,USA,UNITED STATES,20861 WILBEAM AVE,SUITE 2,11964,CASTRO VALLEY,06001,ALAMEDA,06,CA,CALIFORNIA,94546,,CA-15,CA-14,,,,COUNTY-WIDE,USA,UNITED STATES,CA**001,,06001,ALAMEDA,06,CALIFORNIA,,CA-15,CA-90,,59.073: PAYCHECK PROTECTION LOAN PROGRAM (PPP),,,08,GUARANTEED/INSURED LOAN (F),TO AID SMALL BUSINESSES IN MAINTAINING WORK FORCE DURING COVID-19 PANDEMIC.,NON,NOT RECOVERY ACT,P,INDIVIDUAL,2,NON-AGGREGATE RECORD,,,,,,,,,,,https://www.usaspending.gov/award/ASST_NON_3616248201_073/,2021-01-06 03:33:53.27803+00
ASST_NON_3616438210_073,3616438210,,SAI EXEMPT,,,,,,2020-08-27,2020,0.00,,,,0.00,0.00,0.00,2020-08-05,2020,,,073,Small Business Administration,7300,Small Business Administration,737010,OFC OF CAPITAL ACCESS,073,Small Business Administration,7300,Small Business Administration,737010,OFC OF CAPITAL ACCESS,,,,,,,BRYAN J NICHOLS,BRYAN J NICHOLS,,,,USA,UNITED STATES,8717 DELGANY AVE,,57680,PLAYA DEL REY,06037,LOS ANGELES,06,CA,CALIFORNIA,90293,,CA-43,CA-36,,,,COUNTY-WIDE,USA,UNITED STATES,CA**037,,06037,LOS ANGELES,06,CALIFORNIA,,CA-43,CA-90,,59.073: PAYCHECK PROTECTION LOAN PROGRAM (PPP),,,08,GUARANTEED/INSURED LOAN (F),TO AID SMALL BUSINESSES IN MAINTAINING WORK FORCE DURING COVID-19 PANDEMIC.,NON,NOT RECOVERY ACT,P,INDIVIDUAL,2,NON-AGGREGATE RECORD,,,,,,,,,,,https://www.usaspending.gov/award/ASST_NON_3616438210_073/,2021-01-06 03:33:53.27803+00
ASST_NON_3616448202_073,3616448202,,SAI EXEMPT,,,,,,2020-08-27,2020,0.00,,,,0.00,0.00,0.00,2020-08-05,2020,,,073,Small Business Administration,7300,Small Business Administration,737010,OFC OF CAPITAL ACCESS,073,Small Business Administration,7300,Small Business Administration,737010,OFC OF CAPITAL ACCESS,,,,,,,INTENTH MANAGEMENT GROUP INC,INTENTH MANAGEMENT GROUP INC,,,,USA,UNITED STATES,13337 SOUTH STREET,SUITE 645,12552,CERRITOS,06037,LOS ANGELES,06,CA,CALIFORNIA,90703,,CA-38,CA-45,,,,COUNTY-WIDE,USA,UNITED STATES,CA**037,,06037,LOS ANGELES,06,CALIFORNIA,,CA-38,CA-90,,59.073: PAYCHECK PROTECTION LOAN PROGRAM (PPP),,,08,GUARANTEED/INSURED LOAN (F),TO AID SMALL BUSINESSES IN MAINTAINING WORK FORCE DURING COVID-19 PANDEMIC.,NON,NOT RECOVERY ACT,P,INDIVIDUAL,2,NON-AGGREGATE RECORD,,,,,,,,,,,https://www.usaspending.gov/award/ASST_NON_3616448202_073/,2021-01-06 03:33:53.27803+00
ASST_NON_3616548208_073,3616548208,,SAI EXEMPT,,,,,,2020-08-27,2020,0.00,,,,0.00,0.00,0.00,2020-08-05,2020,,,073,Small Business Administration,7300,Small Business Administration,737010,OFC OF CAPITAL ACCESS,073,Small Business Administration,7300,Small Business Administration,737010,OFC OF CAPITAL ACCESS,,,,,,,GILMORE INC,GILMORE INC,,,,USA,UNITED STATES,6484 GLORIA DR,APT 33,64000,SACRAMENTO,06067,SACRAMENTO,06,CA,CALIFORNIA,95831,,CA-06,CA-07,,,,COUNTY-WIDE,USA,UNITED STATES,CA**067,,06067,SACRAMENTO,06,CALIFORNIA,,CA-06,CA-90,,59.073: PAYCHECK PROTECTION LOAN PROGRAM (PPP),,,08,GUARANTEED/INSURED LOAN (F),TO AID SMALL BUSINESSES IN MAINTAINING WORK FORCE DURING COVID-19 PANDEMIC.,NON,NOT RECOVERY ACT,P,INDIVIDUAL,2,NON-AGGREGATE RECORD,,,,,,,,,,,https://www.usaspending.gov/award/ASST_NON_3616548208_073/,2021-01-06 03:33:53.27803+00
ASST_NON_3616838201_073,3616838201,,SAI EXEMPT,,,,,,2020-08-27,2020,0.00,,,,0.00,0.00,0.00,2020-08-05,2020,,,073,Small Business Administration,7300,Small Business Administration,737010,OFC OF CAPITAL ACCESS,073,Small Business Administration,7300,Small Business Administration,737010,OFC OF CAPITAL ACCESS,,,,,,,KONEECKA,KONEECKA,,,,USA,UNITED STATES,44051 CEDAR,,40130,LANCASTER,06037,LOS ANGELES,06,CA,CALIFORNIA,93534,,CA-25,CA-27,,,,COUNTY-WIDE,USA,UNITED STATES,CA**037,,06037,LOS ANGELES,06,CALIFORNIA,,CA-25,CA-90,,59.073: PAYCHECK PROTECTION LOAN PROGRAM (PPP),,,08,GUARANTEED/INSURED LOAN (F),TO AID SMALL BUSINESSES IN MAINTAINING WORK FORCE DURING COVID-19 PANDEMIC.,NON,NOT RECOVERY ACT,P,INDIVIDUAL,2,NON-AGGREGATE RECORD,,,,,,,,,,,https://www.usaspending.gov/award/ASST_NON_3616838201_073/,2021-01-06 03:33:53.27803+00
ASST_NON_3620088204_073,3620088204,,SAI EXEMPT,,,,,,2020-08-27,2020,0.00,,,,0.00,0.00,0.00,2020-08-05,2020,,,073,Small Business Administration,7300,Small Business Administration,737010,OFC OF CAPITAL ACCESS,073,Small Business Administration,7300,Small Business Administration,737010,OFC OF CAPITAL ACCESS,,,,,,,DINESH V SHAH,DINESH V SHAH,,,,USA,UNITED STATES,12 HORIZON,,51186,NEWPORT COAST,06059,ORANGE,06,CA,CALIFORNIA,92657,,CA-48,CA-47,,,,COUNTY-WIDE,USA,UNITED STATES,CA**059,,06059,ORANGE,06,CALIFORNIA,,CA-48,CA-90,,59.073: PAYCHECK PROTECTION LOAN PROGRAM (PPP),,,08,GUARANTEED/INSURED LOAN (F),TO AID SMALL BUSINESSES IN MAINTAINING WORK FORCE DURING COVID-19 PANDEMIC.,NON,NOT RECOVERY ACT,P,INDIVIDUAL,2,NON-AGGREGATE RECORD,,,,,,,,,,,https://www.usaspending.gov/award/ASST_NON_3620088204_073/,2021-01-06 03:33:53.27803+00
ASST_NON_3620098207_073,3620098207,,SAI EXEMPT,,,,,,2020-08-27,2020,0.00,,,,0.00,0.00,0.00,2020-08-05,2020,,,073,Small Business Administration,7300,Small Business Administration,737010,OFC OF CAPITAL ACCESS,073,Small Business Administration,7300,Small Business Administration,737010,OFC OF CAPITAL ACCESS,,,,,,,GAONA'S FLOORING SERVICES,GAONA'S FLOORING SERVICES,,,,USA,UNITED STATES,2055 W. MAGNOLIA,,11614,CARUTHERS,06019,FRESNO,06,CA,CALIFORNIA,93609,,CA-21,CA-13,,,,COUNTY-WIDE,USA,UNITED STATES,CA**019,,06019,FRESNO,06,CALIFORNIA,,CA-21,CA-90,,59.073: PAYCHECK PROTECTION LOAN PROGRAM (PPP),,,08,GUARANTEED/INSURED LOAN (F),TO AID SMALL BUSINESSES IN MAINTAINING WORK FORCE DURING COVID-19 PANDEMIC.,NON,NOT RECOVERY ACT,P,INDIVIDUAL,2,NON-AGGREGATE RECORD,,,,,,,,,,,https://www.usaspending.gov/award/ASST_NON_3620098207_073/,2021-01-06 03:33:53.27803+00
ASST_NON_3621988205_073,3621988205,,SAI EXEMPT,,,,,,2020-08-27,2020,0.00,,,,0.00,0.00,0.00,2020-08-05,2020,,,073,Small Business Administration,7300,Small Business Administration,737010,OFC OF CAPITAL ACCESS,073,Small Business Administration,7300,Small Business Administration,737010,OFC OF CAPITAL ACCESS,,,,,,,SUNG KUNG KIM,SUNG KUNG KIM,,,,USA,UNITED STATES,2837 ORANGE AVE,,39038,LA CRESCENTA,06037,LOS ANGELES,06,CA,CALIFORNIA,91214,,CA-28,CA-90,,,,COUNTY-WIDE,USA,UNITED STATES,CA**037,,06037,LOS ANGELES,06,CALIFORNIA,,CA-28,CA-90,,59.073: PAYCHECK PROTECTION LOAN PROGRAM (PPP),,,08,GUARANTEED/INSURED LOAN (F),TO AID SMALL BUSINESSES IN MAINTAINING WORK FORCE DURING COVID-19 PANDEMIC.,NON,NOT RECOVERY ACT,P,INDIVIDUAL,2,NON-AGGREGATE RECORD,,,,,,,,,,,https://www.usaspending.gov/award/ASST_NON_3621988205_073/,2021-01-06 03:33:53.27803+00
ASST_NON_3622228202_073,3622228202,,SAI EXEMPT,,,,,,2020-08-27,2020,0.00,,,,0.00,0.00,0.00,2020-08-05,2020,,,073,Small Business Administration,7300,Small Business Administration,737010,OFC OF CAPITAL ACCESS,073,Small Business Administration,7300,Small Business Administration,737010,OFC OF CAPITAL ACCESS,,,,,,,NUBIA MENJIVAR,NUBIA MENJIVAR,,,,USA,UNITED STATES,1037 GRAND AVENUE,APT 2,73262,SOUTH SAN FRANCISCO,06081,SAN MATEO,06,CA,CALIFORNIA,94080,,CA-14,CA-15,,,,COUNTY-WIDE,USA,UNITED STATES,CA**081,,06081,SAN MATEO,06,CALIFORNIA,,CA-14,CA-90,,59.073: PAYCHECK PROTECTION LOAN PROGRAM (PPP),,,08,GUARANTEED/INSURED LOAN (F),TO AID SMALL BUSINESSES IN MAINTAINING WORK FORCE DURING COVID-19 PANDEMIC.,NON,NOT RECOVERY ACT,P,INDIVIDUAL,2,NON-AGGREGATE RECORD,,,,,,,,,,,https://www.usaspending.gov/award/ASST_NON_3622228202_073/,2021-01-06 03:33:53.27803+00
ASST_NON_3624178204_073,3624178204,,SAI EXEMPT,,,,,,2020-08-27,2020,0.00,,,,0.00,0.00,0.00,2020-08-05,2020,,,073,Small Business Administration,7300,Small Business Administration,737010,OFC OF CAPITAL ACCESS,073,Small Business Administration,7300,Small Business Administration,737010,OFC OF CAPITAL ACCESS,,,,,,,ANTHONY CASTILE,ANTHONY CASTILE,,,,USA,UNITED STATES,155 N ROBIN PRIVADO,,53896,ONTARIO,06071,SAN BERNARDINO,06,CA,CALIFORNIA,91764,,CA-35,CA-35,,,,COUNTY-WIDE,USA,UNITED STATES,CA**071,,06071,SAN BERNARDINO,06,CALIFORNIA,,CA-35,CA-90,,59.073: PAYCHECK PROTECTION LOAN PROGRAM (PPP),,,08,GUARANTEED/INSURED LOAN (F),TO AID SMALL BUSINESSES IN MAINTAINING WORK FORCE DURING COVID-19 PANDEMIC.,NON,NOT RECOVERY ACT,P,INDIVIDUAL,2,NON-AGGREGATE RECORD,,,,,,,,,,,https://www.usaspending.gov/award/ASST_NON_3624178204_073/,2021-01-06 03:33:53.27803+00
ASST_NON_3633488205_073,3633488205,,SAI EXEMPT,,,,,,2020-08-27,2020,0.00,,,,0.00,0.00,0.00,2020-08-05,2020,,,073,Small Business Administration,7300,Small Business Administration,737010,OFC OF CAPITAL ACCESS,073,Small Business Administration,7300,Small Business Administration,737010,OFC OF CAPITAL ACCESS,,,,,,,PHU VONG,PHU VONG,,,,USA,UNITED STATES,1092 TOPAZ AVE,,68000,SAN JOSE,06085,SANTA CLARA,06,CA,CALIFORNIA,95117,,CA-18,CA-17,,,,COUNTY-WIDE,USA,UNITED STATES,CA**085,,06085,SANTA CLARA,06,CALIFORNIA,,CA-18,CA-90,,59.073: PAYCHECK PROTECTION LOAN PROGRAM (PPP),,,08,GUARANTEED/INSURED LOAN (F),TO AID SMALL BUSINESSES IN MAINTAINING WORK FORCE DURING COVID-19 PANDEMIC.,NON,NOT RECOVERY ACT,P,INDIVIDUAL,2,NON-AGGREGATE RECORD,,,,,,,,,,,https://www.usaspending.gov/award/ASST_NON_3633488205_073/,2021-01-06 03:33:53.27803+00
ASST_NON_3633498208_073,3633498208,,SAI EXEMPT,,,,,,2020-08-27,2020,0.00,,,,0.00,0.00,0.00,2020-08-05,2020,,,073,Small Business Administration,7300,Small Business Administration,737010,OFC OF CAPITAL ACCESS,073,Small Business Administration,7300,Small Business Administration,737010,OFC OF CAPITAL ACCESS,,,,,,,ADRIAN SANCHEZ,ADRIAN SANCHEZ,,,,USA,UNITED STATES,1520 N DUNN AVE,,44000,LOS ANGELES,06037,LOS ANGELES,06,CA,CALIFORNIA,90063,,CA-34,CA-34,,,,COUNTY-WIDE,USA,UNITED STATES,CA**037,,06037,LOS ANGELES,06,CALIFORNIA,,CA-34,CA-90,,59.073: PAYCHECK PROTECTION LOAN PROGRAM (PPP),,,08,GUARANTEED/INSURED LOAN (F),TO AID SMALL BUSINESSES IN MAINTAINING WORK FORCE DURING COVID-19 PANDEMIC.,NON,NOT RECOVERY ACT,P,INDIVIDUAL,2,NON-AGGREGATE RECORD,,,,,,,,,,,https://www.usaspending.gov/award/ASST_NON_3633498208_073/,2021-01-06 03:33:53.27803+00
ASST_NON_3646738207_073,3646738207,,SAI EXEMPT,,,,,,2020-08-27,2020,0.00,,,,0.00,0.00,0.00,2020-08-05,2020,,,073,Small Business Administration,7300,Small Business Administration,737010,OFC OF CAPITAL ACCESS,073,Small Business Administration,7300,Small Business Administration,737010,OFC OF CAPITAL ACCESS,,,,,,,MARY LUISA GARCIA,MARY LUISA GARCIA,,,,USA,UNITED STATES,17139 VAN GOGH ST,,30602,GRANADA HILLS,06037,LOS ANGELES,06,CA,CALIFORNIA,91344,,CA-30,CA-27,,,,COUNTY-WIDE,USA,UNITED STATES,CA**037,,06037,LOS ANGELES,06,CALIFORNIA,,CA-30,CA-90,,59.073: PAYCHECK PROTECTION LOAN PROGRAM (PPP),,,08,GUARANTEED/INSURED LOAN (F),TO AID SMALL BUSINESSES IN MAINTAINING WORK FORCE DURING COVID-19 PANDEMIC.,NON,NOT RECOVERY ACT,P,INDIVIDUAL,2,NON-AGGREGATE RECORD,,,,,,,,,,,https://www.usaspending.gov/award/ASST_NON_3646738207_073/,2021-01-06 03:33:53.27803+00
ASST_NON_3648388202_073,3648388202,,SAI EXEMPT,,,,,,2020-08-27,2020,0.00,,,,0.00,0.00,0.00,2020-08-05,2020,,,073,Small Business Administration,7300,Small Business Administration,737010,OFC OF CAPITAL ACCESS,073,Small Business Administration,7300,Small Business Administration,737010,OFC OF CAPITAL ACCESS,,,,,,,STEVEN GONZALEZ MARTIN,STEVEN GONZALEZ MARTIN,,,,USA,UNITED STATES,17550 VAN BUREN LN,,36000,HUNTINGTON BEACH,06059,ORANGE,06,CA,CALIFORNIA,92647,,CA-48,CA-47,,,,COUNTY-WIDE,USA,UNITED STATES,CA**059,,06059,ORANGE,06,CALIFORNIA,,CA-48,CA-90,,59.073: PAYCHECK PROTECTION LOAN PROGRAM (PPP),,,08,GUARANTEED/INSURED LOAN (F),TO AID SMALL BUSINESSES IN MAINTAINING WORK FORCE DURING COVID-19 PANDEMIC.,NON,NOT RECOVERY ACT,P,INDIVIDUAL,2,NON-AGGREGATE RECORD,,,,,,,,,,,https://www.usaspending.gov/award/ASST_NON_3648388202_073/,2021-01-06 03:33:53.27803+00
ASST_NON_3648448207_073,3648448207,,SAI EXEMPT,,,,,,2020-08-27,2020,0.00,,,,0.00,0.00,0.00,2020-08-05,2020,,,073,Small Business Administration,7300,Small Business Administration,737010,OFC OF CAPITAL ACCESS,073,Small Business Administration,7300,Small Business Administration,737010,OFC OF CAPITAL ACCESS,,,,,,,JESSE BATTLE,JESSE BATTLE,,,,USA,UNITED STATES,36 LAS MORADAS CIRCLE,,68294,SAN PABLO,06013,CONTRA COSTA,06,CA,CALIFORNIA,94806,,CA-11,CA-08,,,,COUNTY-WIDE,USA,UNITED STATES,CA**013,,06013,CONTRA COSTA,06,CALIFORNIA,,CA-11,CA-90,,59.073: PAYCHECK PROTECTION LOAN PROGRAM (PPP),,,08,GUARANTEED/INSURED LOAN (F),TO AID SMALL BUSINESSES IN MAINTAINING WORK FORCE DURING COVID-19 PANDEMIC.,NON,NOT RECOVERY ACT,P,INDIVIDUAL,2,NON-AGGREGATE RECORD,,,,,,,,,,,https://www.usaspending.gov/award/ASST_NON_3648448207_073/,2021-01-06 03:33:53.27803+00
ASST_NON_3648528207_073,3648528207,,SAI EXEMPT,,,,,,2020-08-27,2020,0.00,,,,0.00,0.00,0.00,2020-08-05,2020,,,073,Small Business Administration,7300,Small Business Administration,737010,OFC OF CAPITAL ACCESS,073,Small Business Administration,7300,Small Business Administration,737010,OFC OF CAPITAL ACCESS,,,,,,,GREEN STREET MARKET,GREEN STREET MARKET,,,,USA,UNITED STATES,1898 GREEN STREET,,67000,SAN FRANCISCO,06075,SAN FRANCISCO,06,CA,CALIFORNIA,94123,,CA-12,CA-11,,,,COUNTY-WIDE,USA,UNITED STATES,CA**075,,06075,SAN FRANCISCO,06,CALIFORNIA,,CA-12,CA-90,,59.073: PAYCHECK PROTECTION LOAN PROGRAM (PPP),,,08,GUARANTEED/INSURED LOAN (F),TO AID SMALL BUSINESSES IN MAINTAINING WORK FORCE DURING COVID-19 PANDEMIC.,NON,NOT RECOVERY ACT,R,SMALL BUSINESS,2,NON-AGGREGATE RECORD,,,,,,,,,,,https://www.usaspending.gov/award/ASST_NON_3648528207_073/,2021-01-06 03:33:53.27803+00
ASST_NON_3648618210_073,3648618210,,SAI EXEMPT,,,,,,2020-08-27,2020,0.00,,,,0.00,0.00,0.00,2020-08-05,2020,,,073,Small Business Administration,7300,Small Business Administration,737010,OFC OF CAPITAL ACCESS,073,Small Business Administration,7300,Small Business Administration,737010,OFC OF CAPITAL ACCESS,,,,,,,BEYANKA BREWER,BEYANKA BREWER,,,,USA,UNITED STATES,4193 UNIVERSITY AVENUE,APT 5280,66000,SAN DIEGO,06073,SAN DIEGO,06,CA,CALIFORNIA,92105,,CA-51,CA-52,,,,COUNTY-WIDE,USA,UNITED STATES,CA**073,,06073,SAN DIEGO,06,CALIFORNIA,,CA-51,CA-90,,59.073: PAYCHECK PROTECTION LOAN PROGRAM (PPP),,,08,GUARANTEED/INSURED LOAN (F),TO AID SMALL BUSINESSES IN MAINTAINING WORK FORCE DURING COVID-19 PANDEMIC.,NON,NOT RECOVERY ACT,P,INDIVIDUAL,2,NON-AGGREGATE RECORD,,,,,,,,,,,https://www.usaspending.gov/award/ASST_NON_3648618210_073/,2021-01-06 03:33:53.27803+00
ASST_NON_3648698201_073,3648698201,,SAI EXEMPT,,,,,,2020-08-27,2020,0.00,,,,0.00,0.00,0.00,2020-08-05,2020,,,073,Small Business Administration,7300,Small Business Administration,737010,OFC OF CAPITAL ACCESS,073,Small Business Administration,7300,Small Business Administration,737010,OFC OF CAPITAL ACCESS,,,,,,,BIA MAC,BIA MAC,,,,USA,UNITED STATES,23504 SPECTRUM,,36770,IRVINE,06059,ORANGE,06,CA,CALIFORNIA,92618,,CA-45,CA-47,,,,COUNTY-WIDE,USA,UNITED STATES,CA**059,,06059,ORANGE,06,CALIFORNIA,,CA-45,CA-90,,59.073: PAYCHECK PROTECTION LOAN PROGRAM (PPP),,,08,GUARANTEED/INSURED LOAN (F),TO AID SMALL BUSINESSES IN MAINTAINING WORK FORCE DURING COVID-19 PANDEMIC.,NON,NOT RECOVERY ACT,P,INDIVIDUAL,2,NON-AGGREGATE RECORD,,,,,,,,,,,https://www.usaspending.gov/award/ASST_NON_3648698201_073/,2021-01-06 03:33:53.27803+00
ASST_NON_3648738200_073,3648738200,,SAI EXEMPT,,,,,,2020-08-27,2020,0.00,,,,0.00,0.00,0.00,2020-08-05,2020,,,073,Small Business Administration,7300,Small Business Administration,737010,OFC OF CAPITAL ACCESS,073,Small Business Administration,7300,Small Business Administration,737010,OFC OF CAPITAL ACCESS,,,,,,,ROLES CLEANERS,ROLES CLEANERS,,,,USA,UNITED STATES,24426 VANOWEN ST,,,WEST HILLS,06111,VENTURA,06,CA,CALIFORNIA,91307,,CA-30,CA-32,,,,COUNTY-WIDE,USA,UNITED STATES,CA**037,,06037,LOS ANGELES,06,CALIFORNIA,,CA-30,CA-90,,59.073: PAYCHECK PROTECTION LOAN PROGRAM (PPP),,,08,GUARANTEED/INSURED LOAN (F),TO AID SMALL BUSINESSES IN MAINTAINING WORK FORCE DURING COVID-19 PANDEMIC.,NON,NOT RECOVERY ACT,P,INDIVIDUAL,2,NON-AGGREGATE RECORD,,,,,,,,,,,https://www.usaspending.gov/award/ASST_NON_3648738200_073/,2021-01-06 03:33:53.27803+00
ASST_NON_3648748203_073,3648748203,,SAI EXEMPT,,,,,,2020-08-27,2020,0.00,,,,0.00,0.00,0.00,2020-08-05,2020,,,073,Small Business Administration,7300,Small Business Administration,737010,OFC OF CAPITAL ACCESS,073,Small Business Administration,7300,Small Business Administration,737010,OFC OF CAPITAL ACCESS,,,,,,,CHAD EVERETT MARTINEZ,CHAD EVERETT MARTINEZ,,,,USA,UNITED STATES,616 MAGNOLIA AVE,APT A,43000,LONG BEACH,06037,LOS ANGELES,06,CA,CALIFORNIA,90802,,CA-47,CA-42,,,,COUNTY-WIDE,USA,UNITED STATES,CA**037,,06037,LOS ANGELES,06,CALIFORNIA,,CA-47,CA-90,,59.073: PAYCHECK PROTECTION LOAN PROGRAM (PPP),,,08,GUARANTEED/INSURED LOAN (F),TO AID SMALL BUSINESSES IN MAINTAINING WORK FORCE DURING COVID-19 PANDEMIC.,NON,NOT RECOVERY ACT,P,INDIVIDUAL,2,NON-AGGREGATE RECORD,,,,,,,,,,,https://www.usaspending.gov/award/ASST_NON_3648748203_073/,2021-01-06 03:33:53.27803+00
ASST_NON_3648828203_073,3648828203,,SAI EXEMPT,,,,,,2020-08-27,2020,0.00,,,,0.00,0.00,0.00,2020-08-05,2020,,,073,Small Business Administration,7300,Small Business Administration,737010,OFC OF CAPITAL ACCESS,073,Small Business Administration,7300,Small Business Administration,737010,OFC OF CAPITAL ACCESS,,,,,,,KEN CHING-HAO HSU,KEN CHING-HAO HSU,,,,USA,UNITED STATES,324 LOS HIGOS ST.,,00884,ALHAMBRA,06037,LOS ANGELES,06,CA,CALIFORNIA,91801,,CA-27,CA-28,,,,COUNTY-WIDE,USA,UNITED STATES,CA**037,,06037,LOS ANGELES,06,CALIFORNIA,,CA-27,CA-90,,59.073: PAYCHECK PROTECTION LOAN PROGRAM (PPP),,,08,GUARANTEED/INSURED LOAN (F),TO AID SMALL BUSINESSES IN MAINTAINING WORK FORCE DURING COVID-19 PANDEMIC.,NON,NOT RECOVERY ACT,P,INDIVIDUAL,2,NON-AGGREGATE RECORD,,,,,,,,,,,https://www.usaspending.gov/award/ASST_NON_3648828203_073/,2021-01-06 03:33:53.27803+00
ASST_NON_3648898202_073,3648898202,,SAI EXEMPT,,,,,,2020-08-27,2020,0.00,,,,0.00,0.00,0.00,2020-08-05,2020,,,073,Small Business Administration,7300,Small Business Administration,737010,OFC OF CAPITAL ACCESS,073,Small Business Administration,7300,Small Business Administration,737010,OFC OF CAPITAL ACCESS,,,,,,,COREY COFIELD,COREY COFIELD,,,,USA,UNITED STATES,7320 RESEDA BLVD,312,60340,RESEDA,06037,LOS ANGELES,06,CA,CALIFORNIA,91337,,CA-27,CA-32,,,,COUNTY-WIDE,USA,UNITED STATES,CA**037,,06037,LOS ANGELES,06,CALIFORNIA,,CA-27,CA-90,,59.073: PAYCHECK PROTECTION LOAN PROGRAM (PPP),,,08,GUARANTEED/INSURED LOAN (F),TO AID SMALL BUSINESSES IN MAINTAINING WORK FORCE DURING COVID-19 PANDEMIC.,NON,NOT RECOVERY ACT,P,INDIVIDUAL,2,NON-AGGREGATE RECORD,,,,,,,,,,,https://www.usaspending.gov/award/ASST_NON_3648898202_073/,2021-01-06 03:33:53.27803+00
ASST_NON_3649178200_073,3649178200,,SAI EXEMPT,,,,,,2020-08-27,2020,0.00,,,,0.00,0.00,0.00,2020-08-05,2020,,,073,Small Business Administration,7300,Small Business Administration,737010,OFC OF CAPITAL ACCESS,073,Small Business Administration,7300,Small Business Administration,737010,OFC OF CAPITAL ACCESS,,,,,,,DARRELL KIZZEE JR,DARRELL KIZZEE JR,,,,USA,UNITED STATES,11753 STOCKTON ST,,00296,ADELANTO,06071,SAN BERNARDINO,06,CA,CALIFORNIA,92301,,CA-08,CA-23,,,,COUNTY-WIDE,USA,UNITED STATES,CA**071,,06071,SAN BERNARDINO,06,CALIFORNIA,,CA-08,CA-90,,59.073: PAYCHECK PROTECTION LOAN PROGRAM (PPP),,,08,GUARANTEED/INSURED LOAN (F),TO AID SMALL BUSINESSES IN MAINTAINING WORK FORCE DURING COVID-19 PANDEMIC.,NON,NOT RECOVERY ACT,P,INDIVIDUAL,2,NON-AGGREGATE RECORD,,,,,,,,,,,https://www.usaspending.gov/award/ASST_NON_3649178200_073/,2021-01-06 03:33:53.27803+00
ASST_NON_3650688208_073,3650688208,,SAI EXEMPT,,,,,,2020-08-27,2020,0.00,,,,0.00,0.00,0.00,2020-08-05,2020,,,073,Small Business Administration,7300,Small Business Administration,737010,OFC OF CAPITAL ACCESS,073,Small Business Administration,7300,Small Business Administration,737010,OFC OF CAPITAL ACCESS,,,,,,,MARTHA AMBRIZ,MARTHA AMBRIZ,,,,USA,UNITED STATES,808 DORIANA ST,APT 100,66000,SAN DIEGO,06073,SAN DIEGO,06,CA,CALIFORNIA,92139,,CA-53,CA-52,,,,COUNTY-WIDE,USA,UNITED STATES,CA**073,,06073,SAN DIEGO,06,CALIFORNIA,,CA-53,CA-90,,59.073: PAYCHECK PROTECTION LOAN PROGRAM (PPP),,,08,GUARANTEED/INSURED LOAN (F),TO AID SMALL BUSINESSES IN MAINTAINING WORK FORCE DURING COVID-19 PANDEMIC.,NON,NOT RECOVERY ACT,P,INDIVIDUAL,2,NON-AGGREGATE RECORD,,,,,,,,,,,https://www.usaspending.gov/award/ASST_NON_3650688208_073/,2021-01-06 03:33:53.27803+00
ASST_NON_3650738210_073,3650738210,,SAI EXEMPT,,,,,,2020-08-27,2020,0.00,,,,0.00,0.00,0.00,2020-08-05,2020,,,073,Small Business Administration,7300,Small Business Administration,737010,OFC OF CAPITAL ACCESS,073,Small Business Administration,7300,Small Business Administration,737010,OFC OF CAPITAL ACCESS,,,,,,,IMAAJ,IMAAJ,,,,USA,UNITED STATES,66 WESTBROOK CT,,67000,SAN FRANCISCO,06075,SAN FRANCISCO,06,CA,CALIFORNIA,94124,,CA-12,CA-11,,,,COUNTY-WIDE,USA,UNITED STATES,CA**075,,06075,SAN FRANCISCO,06,CALIFORNIA,,CA-12,CA-90,,59.073: PAYCHECK PROTECTION LOAN PROGRAM (PPP),,,08,GUARANTEED/INSURED LOAN (F),TO AID SMALL BUSINESSES IN MAINTAINING WORK FORCE DURING COVID-19 PANDEMIC.,NON,NOT RECOVERY ACT,P,INDIVIDUAL,2,NON-AGGREGATE RECORD,,,,,,,,,,,https://www.usaspending.gov/award/ASST_NON_3650738210_073/,2021-01-06 03:33:53.27803+00
ASST_NON_3651518205_073,3651518205,,SAI EXEMPT,,,,,,2020-08-27,2020,0.00,,,,0.00,0.00,0.00,2020-08-05,2020,,,073,Small Business Administration,7300,Small Business Administration,737010,OFC OF CAPITAL ACCESS,073,Small Business Administration,7300,Small Business Administration,737010,OFC OF CAPITAL ACCESS,,,,,,,SEE2-WHOS HUNGRY CATERING,SEE2-WHOS HUNGRY CATERING,,,,USA,UNITED STATES,4109 W 29TH ST,,44000,LOS ANGELES,06037,LOS ANGELES,06,CA,CALIFORNIA,90016,,CA-37,CA-37,,,,COUNTY-WIDE,USA,UNITED STATES,CA**037,,06037,LOS ANGELES,06,CALIFORNIA,,CA-37,CA-90,,59.073: PAYCHECK PROTECTION LOAN PROGRAM (PPP),,,08,GUARANTEED/INSURED LOAN (F),TO AID SMALL BUSINESSES IN MAINTAINING WORK FORCE DURING COVID-19 PANDEMIC.,NON,NOT RECOVERY ACT,P,INDIVIDUAL,2,NON-AGGREGATE RECORD,,,,,,,,,,,https://www.usaspending.gov/award/ASST_NON_3651518205_073/,2021-01-06 03:33:53.27803+00
ASST_NON_3652418201_073,3652418201,,SAI EXEMPT,,,,,,2020-08-27,2020,0.00,,,,0.00,0.00,0.00,2020-08-05,2020,,,073,Small Business Administration,7300,Small Business Administration,737010,OFC OF CAPITAL ACCESS,073,Small Business Administration,7300,Small Business Administration,737010,OFC OF CAPITAL ACCESS,,,,,,,CHRISTOPHER CHON CARVALHO,CHRISTOPHER CHON CARVALHO,,,,USA,UNITED STATES,6265 PACIFIC POINTE DR,,36000,HUNTINGTON BEACH,06059,ORANGE,06,CA,CALIFORNIA,92648,,CA-48,CA-47,,,,COUNTY-WIDE,USA,UNITED STATES,CA**059,,06059,ORANGE,06,CALIFORNIA,,CA-48,CA-90,,59.073: PAYCHECK PROTECTION LOAN PROGRAM (PPP),,,08,GUARANTEED/INSURED LOAN (F),TO AID SMALL BUSINESSES IN MAINTAINING WORK FORCE DURING COVID-19 PANDEMIC.,NON,NOT RECOVERY ACT,P,INDIVIDUAL,2,NON-AGGREGATE RECORD,,,,,,,,,,,https://www.usaspending.gov/award/ASST_NON_3652418201_073/,2021-01-06 03:33:53.27803+00
ASST_NON_3652428204_073,3652428204,,SAI EXEMPT,,,,,,2020-08-27,2020,0.00,,,,0.00,0.00,0.00,2020-08-05,2020,,,073,Small Business Administration,7300,Small Business Administration,737010,OFC OF CAPITAL ACCESS,073,Small Business Administration,7300,Small Business Administration,737010,OFC OF CAPITAL ACCESS,,,,,,,KEVIN LACAVA,KEVIN LACAVA,,,,USA,UNITED STATES,5721 MAMMOTH AVE,,82128,VAN NUYS,06037,LOS ANGELES,06,CA,CALIFORNIA,91401,,CA-29,CA-29,,,,COUNTY-WIDE,USA,UNITED STATES,CA**037,,06037,LOS ANGELES,06,CALIFORNIA,,CA-29,CA-90,,59.073: PAYCHECK PROTECTION LOAN PROGRAM (PPP),,,08,GUARANTEED/INSURED LOAN (F),TO AID SMALL BUSINESSES IN MAINTAINING WORK FORCE DURING COVID-19 PANDEMIC.,NON,NOT RECOVERY ACT,P,INDIVIDUAL,2,NON-AGGREGATE RECORD,,,,,,,,,,,https://www.usaspending.gov/award/ASST_NON_3652428204_073/,2021-01-06 03:33:53.27803+00
ASST_NON_3652498203_073,3652498203,,SAI EXEMPT,,,,,,2020-08-27,2020,0.00,,,,0.00,0.00,0.00,2020-08-05,2020,,,073,Small Business Administration,7300,Small Business Administration,737010,OFC OF CAPITAL ACCESS,073,Small Business Administration,7300,Small Business Administration,737010,OFC OF CAPITAL ACCESS,,,,,,,SASHA BURELLER,SASHA BURELLER,,,,USA,UNITED STATES,2814 5TH STREET,26,64000,SACRAMENTO,06067,SACRAMENTO,06,CA,CALIFORNIA,95818,,CA-06,CA-07,,,,COUNTY-WIDE,USA,UNITED STATES,CA**067,,06067,SACRAMENTO,06,CALIFORNIA,,CA-06,CA-90,,59.073: PAYCHECK PROTECTION LOAN PROGRAM (PPP),,,08,GUARANTEED/INSURED LOAN (F),TO AID SMALL BUSINESSES IN MAINTAINING WORK FORCE DURING COVID-19 PANDEMIC.,NON,NOT RECOVERY ACT,P,INDIVIDUAL,2,NON-AGGREGATE RECORD,,,,,,,,,,,https://www.usaspending.gov/award/ASST_NON_3652498203_073/,2021-01-06 03:33:53.27803+00
ASST_NON_3652568200_073,3652568200,,SAI EXEMPT,,,,,,2020-08-27,2020,0.00,,,,0.00,0.00,0.00,2020-08-05,2020,,,073,Small Business Administration,7300,Small Business Administration,737010,OFC OF CAPITAL ACCESS,073,Small Business Administration,7300,Small Business Administration,737010,OFC OF CAPITAL ACCESS,,,,,,,MONKEY BUSINESS,MONKEY BUSINESS,,,,USA,UNITED STATES,11920 GAGER ST,,77546,SYLMAR,06037,LOS ANGELES,06,CA,CALIFORNIA,91342,,CA-29,CA-29,,,,COUNTY-WIDE,USA,UNITED STATES,CA**037,,06037,LOS ANGELES,06,CALIFORNIA,,CA-29,CA-90,,59.073: PAYCHECK PROTECTION LOAN PROGRAM (PPP),,,08,GUARANTEED/INSURED LOAN (F),TO AID SMALL BUSINESSES IN MAINTAINING WORK FORCE DURING COVID-19 PANDEMIC.,NON,NOT RECOVERY ACT,P,INDIVIDUAL,2,NON-AGGREGATE RECORD,,,,,,,,,,,https://www.usaspending.gov/award/ASST_NON_3652568200_073/,2021-01-06 03:33:53.27803+00
ASST_NON_3652578203_073,3652578203,,SAI EXEMPT,,,,,,2020-08-27,2020,0.00,,,,0.00,0.00,0.00,2020-08-05,2020,,,073,Small Business Administration,7300,Small Business Administration,737010,OFC OF CAPITAL ACCESS,073,Small Business Administration,7300,Small Business Administration,737010,OFC OF CAPITAL ACCESS,,,,,,,ELIZABETH LUJAN,ELIZABETH LUJAN,,,,USA,UNITED STATES,1605 HALLADAY ST,,69000,SANTA ANA,06059,ORANGE,06,CA,CALIFORNIA,92707,,CA-46,CA-46,,,,COUNTY-WIDE,USA,UNITED STATES,CA**059,,06059,ORANGE,06,CALIFORNIA,,CA-46,CA-90,,59.073: PAYCHECK PROTECTION LOAN PROGRAM (PPP),,,08,GUARANTEED/INSURED LOAN (F),TO AID SMALL BUSINESSES IN MAINTAINING WORK FORCE DURING COVID-19 PANDEMIC.,NON,NOT RECOVERY ACT,P,INDIVIDUAL,2,NON-AGGREGATE RECORD,,,,,,,,,,,https://www.usaspending.gov/award/ASST_NON_3652578203_073/,2021-01-06 03:33:53.27803+00
ASST_NON_3652618202_073,3652618202,,SAI EXEMPT,,,,,,2020-08-27,2020,0.00,,,,0.00,0.00,0.00,2020-08-05,2020,,,073,Small Business Administration,7300,Small Business Administration,737010,OFC OF CAPITAL ACCESS,073,Small Business Administration,7300,Small Business Administration,737010,OFC OF CAPITAL ACCESS,,,,,,,THU VU,THU VU,,,,USA,UNITED STATES,1125 VICTORIA ST.,D,16532,COSTA MESA,06059,ORANGE,06,CA,CALIFORNIA,92627,,CA-48,CA-47,,,,COUNTY-WIDE,USA,UNITED STATES,CA**059,,06059,ORANGE,06,CALIFORNIA,,CA-48,CA-90,,59.073: PAYCHECK PROTECTION LOAN PROGRAM (PPP),,,08,GUARANTEED/INSURED LOAN (F),TO AID SMALL BUSINESSES IN MAINTAINING WORK FORCE DURING COVID-19 PANDEMIC.,NON,NOT RECOVERY ACT,P,INDIVIDUAL,2,NON-AGGREGATE RECORD,,,,,,,,,,,https://www.usaspending.gov/award/ASST_NON_3652618202_073/,2021-01-06 03:33:53.27803+00
ASST_NON_3652748206_073,3652748206,,SAI EXEMPT,,,,,,2020-08-27,2020,0.00,,,,0.00,0.00,0.00,2020-08-05,2020,,,073,Small Business Administration,7300,Small Business Administration,737010,OFC OF CAPITAL ACCESS,073,Small Business Administration,7300,Small Business Administration,737010,OFC OF CAPITAL ACCESS,,,,,,,PARROT STATION,PARROT STATION,,,,USA,UNITED STATES,17822 RHODA ST,,22692,ENCINO,06037,LOS ANGELES,06,CA,CALIFORNIA,91316,,CA-30,CA-32,,,,COUNTY-WIDE,USA,UNITED STATES,CA**037,,06037,LOS ANGELES,06,CALIFORNIA,,CA-30,CA-90,,59.073: PAYCHECK PROTECTION LOAN PROGRAM (PPP),,,08,GUARANTEED/INSURED LOAN (F),TO AID SMALL BUSINESSES IN MAINTAINING WORK FORCE DURING COVID-19 PANDEMIC.,NON,NOT RECOVERY ACT,P,INDIVIDUAL,2,NON-AGGREGATE RECORD,,,,,,,,,,,https://www.usaspending.gov/award/ASST_NON_3652748206_073/,2021-01-06 03:33:53.27803+00
ASST_NON_3652808200_073,3652808200,,SAI EXEMPT,,,,,,2020-08-27,2020,0.00,,,,0.00,0.00,0.00,2020-08-05,2020,,,073,Small Business Administration,7300,Small Business Administration,737010,OFC OF CAPITAL ACCESS,073,Small Business Administration,7300,Small Business Administration,737010,OFC OF CAPITAL ACCESS,,,,,,,KAYWANNA ROWLES,KAYWANNA ROWLES,,,,USA,UNITED STATES,17252 HAWTHORNE BLVD,APT 213,80000,TORRANCE,06037,LOS ANGELES,06,CA,CALIFORNIA,90504,,CA-43,CA-43,,,,COUNTY-WIDE,USA,UNITED STATES,CA**037,,06037,LOS ANGELES,06,CALIFORNIA,,CA-43,CA-90,,59.073: PAYCHECK PROTECTION LOAN PROGRAM (PPP),,,08,GUARANTEED/INSURED LOAN (F),TO AID SMALL BUSINESSES IN MAINTAINING WORK FORCE DURING COVID-19 PANDEMIC.,NON,NOT RECOVERY ACT,P,INDIVIDUAL,2,NON-AGGREGATE RECORD,,,,,,,,,,,https://www.usaspending.gov/award/ASST_NON_3652808200_073/,2021-01-06 03:33:53.27803+00
ASST_NON_3652908206_073,3652908206,,SAI EXEMPT,,,,,,2020-08-27,2020,0.00,,,,0.00,0.00,0.00,2020-08-05,2020,,,073,Small Business Administration,7300,Small Business Administration,737010,OFC OF CAPITAL ACCESS,073,Small Business Administration,7300,Small Business Administration,737010,OFC OF CAPITAL ACCESS,,,,,,,HAMBERT VAZQUEZ,HAMBERT VAZQUEZ,,,,USA,UNITED STATES,5921 MAKEE AVE,,44000,LOS ANGELES,06037,LOS ANGELES,06,CA,CALIFORNIA,90001,,CA-40,CA-90,,,,COUNTY-WIDE,USA,UNITED STATES,CA**037,,06037,LOS ANGELES,06,CALIFORNIA,,CA-40,CA-90,,59.073: PAYCHECK PROTECTION LOAN PROGRAM (PPP),,,08,GUARANTEED/INSURED LOAN (F),TO AID SMALL BUSINESSES IN MAINTAINING WORK FORCE DURING COVID-19 PANDEMIC.,NON,NOT RECOVERY ACT,P,INDIVIDUAL,2,NON-AGGREGATE RECORD,,,,,,,,,,,https://www.usaspending.gov/award/ASST_NON_3652908206_073/,2021-01-06 03:33:53.27803+00
ASST_NON_3653028204_073,3653028204,,SAI EXEMPT,,,,,,2020-08-27,2020,0.00,,,,0.00,0.00,0.00,2020-08-05,2020,,,073,Small Business Administration,7300,Small Business Administration,737010,OFC OF CAPITAL ACCESS,073,Small Business Administration,7300,Small Business Administration,737010,OFC OF CAPITAL ACCESS,,,,,,,DEVONTA KIZZEE,DEVONTA KIZZEE,,,,USA,UNITED STATES,11753 STOCKTON ST,,00296,ADELANTO,06071,SAN BERNARDINO,06,CA,CALIFORNIA,92301,,CA-08,CA-23,,,,COUNTY-WIDE,USA,UNITED STATES,CA**071,,06071,SAN BERNARDINO,06,CALIFORNIA,,CA-08,CA-90,,59.073: PAYCHECK PROTECTION LOAN PROGRAM (PPP),,,08,GUARANTEED/INSURED LOAN (F),TO AID SMALL BUSINESSES IN MAINTAINING WORK FORCE DURING COVID-19 PANDEMIC.,NON,NOT RECOVERY ACT,P,INDIVIDUAL,2,NON-AGGREGATE RECORD,,,,,,,,,,,https://www.usaspending.gov/award/ASST_NON_3653028204_073/,2021-01-06 03:33:53.27803+00
ASST_NON_3653068205_073,3653068205,,SAI EXEMPT,,,,,,2020-08-27,2020,0.00,,,,0.00,0.00,0.00,2020-08-05,2020,,,073,Small Business Administration,7300,Small Business Administration,737010,OFC OF CAPITAL ACCESS,073,Small Business Administration,7300,Small Business Administration,737010,OFC OF CAPITAL ACCESS,,,,,,,OVIDIO DAVID GARCIA,OVIDIO DAVID GARCIA,,,,USA,UNITED STATES,708 W MYRTLE ST,,69000,SANTA ANA,06059,ORANGE,06,CA,CALIFORNIA,92701,,CA-46,CA-46,,,,COUNTY-WIDE,USA,UNITED STATES,CA**059,,06059,ORANGE,06,CALIFORNIA,,CA-46,CA-90,,59.073: PAYCHECK PROTECTION LOAN PROGRAM (PPP),,,08,GUARANTEED/INSURED LOAN (F),TO AID SMALL BUSINESSES IN MAINTAINING WORK FORCE DURING COVID-19 PANDEMIC.,NON,NOT RECOVERY ACT,P,INDIVIDUAL,2,NON-AGGREGATE RECORD,,,,,,,,,,,https://www.usaspending.gov/award/ASST_NON_3653068205_073/,2021-01-06 03:33:53.27803+00
ASST_NON_3653078208_073,3653078208,,SAI EXEMPT,,,,,,2020-08-27,2020,0.00,,,,0.00,0.00,0.00,2020-08-05,2020,,,073,Small Business Administration,7300,Small Business Administration,737010,OFC OF CAPITAL ACCESS,073,Small Business Administration,7300,Small Business Administration,737010,OFC OF CAPITAL ACCESS,,,,,,,HUEI YING KAO,HUEI YING KAO,,,,USA,UNITED STATES,4351 CANYON CORAL LN,,86832,YORBA LINDA,06059,ORANGE,06,CA,CALIFORNIA,92886,,CA-39,CA-40,,,,COUNTY-WIDE,USA,UNITED STATES,CA**059,,06059,ORANGE,06,CALIFORNIA,,CA-39,CA-90,,59.073: PAYCHECK PROTECTION LOAN PROGRAM (PPP),,,08,GUARANTEED/INSURED LOAN (F),TO AID SMALL BUSINESSES IN MAINTAINING WORK FORCE DURING COVID-19 PANDEMIC.,NON,NOT RECOVERY ACT,P,INDIVIDUAL,2,NON-AGGREGATE RECORD,,,,,,,,,,,https://www.usaspending.gov/award/ASST_NON_3653078208_073/,2021-01-06 03:33:53.27803+00
ASST_NON_3653098203_073,3653098203,,SAI EXEMPT,,,,,,2020-08-27,2020,0.00,,,,0.00,0.00,0.00,2020-08-05,2020,,,073,Small Business Administration,7300,Small Business Administration,737010,OFC OF CAPITAL ACCESS,073,Small Business Administration,7300,Small Business Administration,737010,OFC OF CAPITAL ACCESS,,,,,,,ANDREW SCOTT,ANDREW SCOTT,,,,USA,UNITED STATES,6949 LAUREL CANYON BLVD,120,51952,NORTH HOLLYWOOD,06037,LOS ANGELES,06,CA,CALIFORNIA,91605,,CA-29,CA-29,,,,COUNTY-WIDE,USA,UNITED STATES,CA**037,,06037,LOS ANGELES,06,CALIFORNIA,,CA-29,CA-90,,59.073: PAYCHECK PROTECTION LOAN PROGRAM (PPP),,,08,GUARANTEED/INSURED LOAN (F),TO AID SMALL BUSINESSES IN MAINTAINING WORK FORCE DURING COVID-19 PANDEMIC.,NON,NOT RECOVERY ACT,P,INDIVIDUAL,2,NON-AGGREGATE RECORD,,,,,,,,,,,https://www.usaspending.gov/award/ASST_NON_3653098203_073/,2021-01-06 03:33:53.27803+00
ASST_NON_3654378206_073,3654378206,,SAI EXEMPT,,,,,,2020-08-27,2020,0.00,,,,0.00,0.00,0.00,2020-08-05,2020,,,073,Small Business Administration,7300,Small Business Administration,737010,OFC OF CAPITAL ACCESS,073,Small Business Administration,7300,Small Business Administration,737010,OFC OF CAPITAL ACCESS,,,,,,,ADEKUNLE AJAYI,ADEKUNLE AJAYI,,,,USA,UNITED STATES,916 WEST BEACH AVENUE,APT 101,36546,INGLEWOOD,06037,LOS ANGELES,06,CA,CALIFORNIA,90302,,CA-43,CA-43,,,,COUNTY-WIDE,USA,UNITED STATES,CA**037,,06037,LOS ANGELES,06,CALIFORNIA,,CA-43,CA-90,,59.073: PAYCHECK PROTECTION LOAN PROGRAM (PPP),,,08,GUARANTEED/INSURED LOAN (F),TO AID SMALL BUSINESSES IN MAINTAINING WORK FORCE DURING COVID-19 PANDEMIC.,NON,NOT RECOVERY ACT,P,INDIVIDUAL,2,NON-AGGREGATE RECORD,,,,,,,,,,,https://www.usaspending.gov/award/ASST_NON_3654378206_073/,2021-01-06 03:33:53.27803+00
ASST_NON_3654898209_073,3654898209,,SAI EXEMPT,,,,,,2020-08-27,2020,0.00,,,,0.00,0.00,0.00,2020-08-05,2020,,,073,Small Business Administration,7300,Small Business Administration,737010,OFC OF CAPITAL ACCESS,073,Small Business Administration,7300,Small Business Administration,737010,OFC OF CAPITAL ACCESS,,,,,,,SAM ANCHIDIN,SAM ANCHIDIN,,,,USA,UNITED STATES,914 NORTH IROQUOIS AVE,,02000,ANAHEIM,06059,ORANGE,06,CA,CALIFORNIA,92801,,CA-46,CA-46,,,,COUNTY-WIDE,USA,UNITED STATES,CA**059,,06059,ORANGE,06,CALIFORNIA,,CA-46,CA-90,,59.073: PAYCHECK PROTECTION LOAN PROGRAM (PPP),,,08,GUARANTEED/INSURED LOAN (F),TO AID SMALL BUSINESSES IN MAINTAINING WORK FORCE DURING COVID-19 PANDEMIC.,NON,NOT RECOVERY ACT,P,INDIVIDUAL,2,NON-AGGREGATE RECORD,,,,,,,,,,,https://www.usaspending.gov/award/ASST_NON_3654898209_073/,2021-01-06 03:33:53.27803+00
ASST_NON_3654938208_073,3654938208,,SAI EXEMPT,,,,,,2020-08-27,2020,0.00,,,,0.00,0.00,0.00,2020-08-05,2020,,,073,Small Business Administration,7300,Small Business Administration,737010,OFC OF CAPITAL ACCESS,073,Small Business Administration,7300,Small Business Administration,737010,OFC OF CAPITAL ACCESS,,,,,,,WENDY MCCANN,WENDY MCCANN,,,,USA,UNITED STATES,9043 SEAL BEACH DR,,33434,HESPERIA,06071,SAN BERNARDINO,06,CA,CALIFORNIA,92344,,CA-08,CA-23,,,,COUNTY-WIDE,USA,UNITED STATES,CA**071,,06071,SAN BERNARDINO,06,CALIFORNIA,,CA-08,CA-90,,59.073: PAYCHECK PROTECTION LOAN PROGRAM (PPP),,,08,GUARANTEED/INSURED LOAN (F),TO AID SMALL BUSINESSES IN MAINTAINING WORK FORCE DURING COVID-19 PANDEMIC.,NON,NOT RECOVERY ACT,P,INDIVIDUAL,2,NON-AGGREGATE RECORD,,,,,,,,,,,https://www.usaspending.gov/award/ASST_NON_3654938208_073/,2021-01-06 03:33:53.27803+00
ASST_NON_3655008202_073,3655008202,,SAI EXEMPT,,,,,,2020-08-27,2020,0.00,,,,0.00,0.00,0.00,2020-08-05,2020,,,073,Small Business Administration,7300,Small Business Administration,737010,OFC OF CAPITAL ACCESS,073,Small Business Administration,7300,Small Business Administration,737010,OFC OF CAPITAL ACCESS,,,,,,,SHALANDA KING,SHALANDA KING,,,,USA,UNITED STATES,2329 W 25TH ST STE 101,,44000,LOS ANGELES,06037,LOS ANGELES,06,CA,CALIFORNIA,90018,,CA-37,CA-37,,,,COUNTY-WIDE,USA,UNITED STATES,CA**037,,06037,LOS ANGELES,06,CALIFORNIA,,CA-37,CA-90,,59.073: PAYCHECK PROTECTION LOAN PROGRAM (PPP),,,08,GUARANTEED/INSURED LOAN (F),TO AID SMALL BUSINESSES IN MAINTAINING WORK FORCE DURING COVID-19 PANDEMIC.,NON,NOT RECOVERY ACT,P,INDIVIDUAL,2,NON-AGGREGATE RECORD,,,,,,,,,,,https://www.usaspending.gov/award/ASST_NON_3655008202_073/,2021-01-06 03:33:53.27803+00
ASST_NON_3655088204_073,3655088204,,SAI EXEMPT,,,,,,2020-08-27,2020,0.00,,,,0.00,0.00,0.00,2020-08-05,2020,,,073,Small Business Administration,7300,Small Business Administration,737010,OFC OF CAPITAL ACCESS,073,Small Business Administration,7300,Small Business Administration,737010,OFC OF CAPITAL ACCESS,,,,,,,ALICIA VILLAGOMEZ CHILD CARE,ALICIA VILLAGOMEZ CHILD CARE,,,,USA,UNITED STATES,2626 CORONADO AVE,SPC 143,66000,SAN DIEGO,06073,SAN DIEGO,06,CA,CALIFORNIA,92154,,CA-51,CA-52,,,,COUNTY-WIDE,USA,UNITED STATES,CA**073,,06073,SAN DIEGO,06,CALIFORNIA,,CA-51,CA-90,,59.073: PAYCHECK PROTECTION LOAN PROGRAM (PPP),,,08,GUARANTEED/INSURED LOAN (F),TO AID SMALL BUSINESSES IN MAINTAINING WORK FORCE DURING COVID-19 PANDEMIC.,NON,NOT RECOVERY ACT,P,INDIVIDUAL,2,NON-AGGREGATE RECORD,,,,,,,,,,,https://www.usaspending.gov/award/ASST_NON_3655088204_073/,2021-01-06 03:33:53.27803+00
ASST_NON_3655288205_073,3655288205,,SAI EXEMPT,,,,,,2020-08-27,2020,0.00,,,,0.00,0.00,0.00,2020-08-05,2020,,,073,Small Business Administration,7300,Small Business Administration,737010,OFC OF CAPITAL ACCESS,073,Small Business Administration,7300,Small Business Administration,737010,OFC OF CAPITAL ACCESS,,,,,,,PRECIOUS MUNFORD,PRECIOUS MUNFORD,,,,USA,UNITED STATES,1553 N PALM AVE,,60466,RIALTO,06071,SAN BERNARDINO,06,CA,CALIFORNIA,92376,,CA-31,CA-33,,,,COUNTY-WIDE,USA,UNITED STATES,CA**071,,06071,SAN BERNARDINO,06,CALIFORNIA,,CA-31,CA-90,,59.073: PAYCHECK PROTECTION LOAN PROGRAM (PPP),,,08,GUARANTEED/INSURED LOAN (F),TO AID SMALL BUSINESSES IN MAINTAINING WORK FORCE DURING COVID-19 PANDEMIC.,NON,NOT RECOVERY ACT,P,INDIVIDUAL,2,NON-AGGREGATE RECORD,,,,,,,,,,,https://www.usaspending.gov/award/ASST_NON_3655288205_073/,2021-01-06 03:33:53.27803+00
ASST_NON_3655298208_073,3655298208,,SAI EXEMPT,,,,,,2020-08-27,2020,0.00,,,,0.00,0.00,0.00,2020-08-05,2020,,,073,Small Business Administration,7300,Small Business Administration,737010,OFC OF CAPITAL ACCESS,073,Small Business Administration,7300,Small Business Administration,737010,OFC OF CAPITAL ACCESS,,,,,,,ANABELL AYALA,ANABELL AYALA,,,,USA,UNITED STATES,26196 CROWN VALLEY PARKWAY,APT 814,48256,MISSION VIEJO,06059,ORANGE,06,CA,CALIFORNIA,92692,,CA-45,CA-40,,,,COUNTY-WIDE,USA,UNITED STATES,CA**059,,06059,ORANGE,06,CALIFORNIA,,CA-45,CA-90,,59.073: PAYCHECK PROTECTION LOAN PROGRAM (PPP),,,08,GUARANTEED/INSURED LOAN (F),TO AID SMALL BUSINESSES IN MAINTAINING WORK FORCE DURING COVID-19 PANDEMIC.,NON,NOT RECOVERY ACT,P,INDIVIDUAL,2,NON-AGGREGATE RECORD,,,,,,,,,,,https://www.usaspending.gov/award/ASST_NON_3655298208_073/,2021-01-06 03:33:53.27803+00
ASST_NON_3656568208_073,3656568208,,SAI EXEMPT,,,,,,2020-08-27,2020,0.00,,,,0.00,0.00,0.00,2020-08-05,2020,,,073,Small Business Administration,7300,Small Business Administration,737010,OFC OF CAPITAL ACCESS,073,Small Business Administration,7300,Small Business Administration,737010,OFC OF CAPITAL ACCESS,,,,,,,2ND LOUNGE LLC,2ND LOUNGE LLC,,,,USA,UNITED STATES,4130 WEST 161 ST,,40886,LAWNDALE,06037,LOS ANGELES,06,CA,CALIFORNIA,90260,,CA-43,CA-43,,,,COUNTY-WIDE,USA,UNITED STATES,CA**037,,06037,LOS ANGELES,06,CALIFORNIA,,CA-43,CA-90,,59.073: PAYCHECK PROTECTION LOAN PROGRAM (PPP),,,08,GUARANTEED/INSURED LOAN (F),TO AID SMALL BUSINESSES IN MAINTAINING WORK FORCE DURING COVID-19 PANDEMIC.,NON,NOT RECOVERY ACT,R,SMALL BUSINESS,2,NON-AGGREGATE RECORD,,,,,,,,,,,https://www.usaspending.gov/award/ASST_NON_3656568208_073/,2021-01-06 03:33:53.27803+00
ASST_NON_3657038204_073,3657038204,,SAI EXEMPT,,,,,,2020-08-27,2020,0.00,,,,0.00,0.00,0.00,2020-08-05,2020,,,073,Small Business Administration,7300,Small Business Administration,737010,OFC OF CAPITAL ACCESS,073,Small Business Administration,7300,Small Business Administration,737010,OFC OF CAPITAL ACCESS,,,,,,,DAALYAH BAILEY,DAALYAH BAILEY,,,,USA,UNITED STATES,15589 CHEYENNE ST,,33434,HESPERIA,06071,SAN BERNARDINO,06,CA,CALIFORNIA,92345,,CA-08,CA-23,,,,COUNTY-WIDE,USA,UNITED STATES,CA**071,,06071,SAN BERNARDINO,06,CALIFORNIA,,CA-08,CA-90,,59.073: PAYCHECK PROTECTION LOAN PROGRAM (PPP),,,08,GUARANTEED/INSURED LOAN (F),TO AID SMALL BUSINESSES IN MAINTAINING WORK FORCE DURING COVID-19 PANDEMIC.,NON,NOT RECOVERY ACT,P,INDIVIDUAL,2,NON-AGGREGATE RECORD,,,,,,,,,,,https://www.usaspending.gov/award/ASST_NON_3657038204_073/,2021-01-06 03:33:53.27803+00
ASST_NON_3657798209_073,3657798209,,SAI EXEMPT,,,,,,2020-08-27,2020,0.00,,,,0.00,0.00,0.00,2020-08-05,2020,,,073,Small Business Administration,7300,Small Business Administration,737010,OFC OF CAPITAL ACCESS,073,Small Business Administration,7300,Small Business Administration,737010,OFC OF CAPITAL ACCESS,,,,,,,HI-TECH AUTO REPAIR SHOP,HI-TECH AUTO REPAIR SHOP,,,,USA,UNITED STATES,1989 W.WASHINGTON BLVD,,44000,LOS ANGELES,06037,LOS ANGELES,06,CA,CALIFORNIA,90018,,CA-34,CA-37,,,,COUNTY-WIDE,USA,UNITED STATES,CA**037,,06037,LOS ANGELES,06,CALIFORNIA,,CA-34,CA-90,,59.073: PAYCHECK PROTECTION LOAN PROGRAM (PPP),,,08,GUARANTEED/INSURED LOAN (F),TO AID SMALL BUSINESSES IN MAINTAINING WORK FORCE DURING COVID-19 PANDEMIC.,NON,NOT RECOVERY ACT,P,INDIVIDUAL,2,NON-AGGREGATE RECORD,,,,,,,,,,,https://www.usaspending.gov/award/ASST_NON_3657798209_073/,2021-01-06 03:33:53.27803+00
ASST_NON_3664668203_073,3664668203,,SAI EXEMPT,,,,,,2020-08-27,2020,0.00,,,,0.00,0.00,0.00,2020-08-05,2020,,,073,Small Business Administration,7300,Small Business Administration,737010,OFC OF CAPITAL ACCESS,073,Small Business Administration,7300,Small Business Administration,737010,OFC OF CAPITAL ACCESS,,,,,,,AWAN JONES,AWAN JONES,,,,USA,UNITED STATES,15589 CHEYENNE ST,,33434,HESPERIA,06071,SAN BERNARDINO,06,CA,CALIFORNIA,92345,,CA-08,CA-23,,,,COUNTY-WIDE,USA,UNITED STATES,CA**071,,06071,SAN BERNARDINO,06,CALIFORNIA,,CA-08,CA-90,,59.073: PAYCHECK PROTECTION LOAN PROGRAM (PPP),,,08,GUARANTEED/INSURED LOAN (F),TO AID SMALL BUSINESSES IN MAINTAINING WORK FORCE DURING COVID-19 PANDEMIC.,NON,NOT RECOVERY ACT,P,INDIVIDUAL,2,NON-AGGREGATE RECORD,,,,,,,,,,,https://www.usaspending.gov/award/ASST_NON_3664668203_073/,2021-01-06 03:33:53.27803+00
ASST_NON_3674988209_073,3674988209,,SAI EXEMPT,,,,,,2020-08-27,2020,0.00,,,,0.00,0.00,0.00,2020-08-05,2020,,,073,Small Business Administration,7300,Small Business Administration,737010,OFC OF CAPITAL ACCESS,073,Small Business Administration,7300,Small Business Administration,737010,OFC OF CAPITAL ACCESS,,,,,,,JOHNNY KEYRIBARYAN,JOHNNY KEYRIBARYAN,,,,USA,UNITED STATES,13052 MOORPARK ST,202,75434,STUDIO CITY,06037,LOS ANGELES,06,CA,CALIFORNIA,91604,,CA-30,CA-32,,,,COUNTY-WIDE,USA,UNITED STATES,CA**037,,06037,LOS ANGELES,06,CALIFORNIA,,CA-30,CA-90,,59.073: PAYCHECK PROTECTION LOAN PROGRAM (PPP),,,08,GUARANTEED/INSURED LOAN (F),TO AID SMALL BUSINESSES IN MAINTAINING WORK FORCE DURING COVID-19 PANDEMIC.,NON,NOT RECOVERY ACT,P,INDIVIDUAL,2,NON-AGGREGATE RECORD,,,,,,,,,,,https://www.usaspending.gov/award/ASST_NON_3674988209_073/,2021-01-06 03:33:53.27803+00
ASST_NON_3677598205_073,3677598205,,SAI EXEMPT,,,,,,2020-08-27,2020,0.00,,,,0.00,0.00,0.00,2020-08-05,2020,,,073,Small Business Administration,7300,Small Business Administration,737010,OFC OF CAPITAL ACCESS,073,Small Business Administration,7300,Small Business Administration,737010,OFC OF CAPITAL ACCESS,,,,,,,200 WHITNEY PLACE LLC,200 WHITNEY PLACE LLC,,,,USA,UNITED STATES,3005 SILVER CREEK RD 182,,68000,SAN JOSE,06085,SANTA CLARA,06,CA,CALIFORNIA,95121,,CA-19,CA-90,,,,COUNTY-WIDE,USA,UNITED STATES,CA**085,,06085,SANTA CLARA,06,CALIFORNIA,,CA-19,CA-90,,59.073: PAYCHECK PROTECTION LOAN PROGRAM (PPP),,,08,GUARANTEED/INSURED LOAN (F),TO AID SMALL BUSINESSES IN MAINTAINING WORK FORCE DURING COVID-19 PANDEMIC.,NON,NOT RECOVERY ACT,R,SMALL BUSINESS,2,NON-AGGREGATE RECORD,,,,,,,,,,,https://www.usaspending.gov/award/ASST_NON_3677598205_073/,2021-01-06 03:33:53.27803+00
ASST_NON_3677838205_073,3677838205,,SAI EXEMPT,,,,,,2020-08-27,2020,0.00,,,,0.00,0.00,0.00,2020-08-05,2020,,,073,Small Business Administration,7300,Small Business Administration,737010,OFC OF CAPITAL ACCESS,073,Small Business Administration,7300,Small Business Administration,737010,OFC OF CAPITAL ACCESS,,,,,,,SHANDIE TORRES,SHANDIE TORRES,,,,USA,UNITED STATES,5121 ROSEMEAD BLVD,APT X,67042,SAN GABRIEL,06037,LOS ANGELES,06,CA,CALIFORNIA,91776,,CA-27,CA-28,,,,COUNTY-WIDE,USA,UNITED STATES,CA**037,,06037,LOS ANGELES,06,CALIFORNIA,,CA-27,CA-90,,59.073: PAYCHECK PROTECTION LOAN PROGRAM (PPP),,,08,GUARANTEED/INSURED LOAN (F),TO AID SMALL BUSINESSES IN MAINTAINING WORK FORCE DURING COVID-19 PANDEMIC.,NON,NOT RECOVERY ACT,P,INDIVIDUAL,2,NON-AGGREGATE RECORD,,,,,,,,,,,https://www.usaspending.gov/award/ASST_NON_3677838205_073/,2021-01-06 03:33:53.27803+00
ASST_NON_3679208208_073,3679208208,,SAI EXEMPT,,,,,,2020-08-27,2020,0.00,,,,0.00,0.00,0.00,2020-08-05,2020,,,073,Small Business Administration,7300,Small Business Administration,737010,OFC OF CAPITAL ACCESS,073,Small Business Administration,7300,Small Business Administration,737010,OFC OF CAPITAL ACCESS,,,,,,,BLE OTOKONDA FAMILY DAY CARE HOME,BLE OTOKONDA FAMILY DAY CARE HOME,,,,USA,UNITED STATES,1312 CHEWPON AVE,,47766,MILPITAS,06085,SANTA CLARA,06,CA,CALIFORNIA,95035,,CA-17,CA-17,,,,COUNTY-WIDE,USA,UNITED STATES,CA**085,,06085,SANTA CLARA,06,CALIFORNIA,,CA-17,CA-90,,59.073: PAYCHECK PROTECTION LOAN PROGRAM (PPP),,,08,GUARANTEED/INSURED LOAN (F),TO AID SMALL BUSINESSES IN MAINTAINING WORK FORCE DURING COVID-19 PANDEMIC.,NON,NOT RECOVERY ACT,P,INDIVIDUAL,2,NON-AGGREGATE RECORD,,,,,,,,,,,https://www.usaspending.gov/award/ASST_NON_3679208208_073/,2021-01-06 03:33:53.27803+00
ASST_NON_3679278207_073,3679278207,,SAI EXEMPT,,,,,,2020-08-27,2020,0.00,,,,0.00,0.00,0.00,2020-08-05,2020,,,073,Small Business Administration,7300,Small Business Administration,737010,OFC OF CAPITAL ACCESS,073,Small Business Administration,7300,Small Business Administration,737010,OFC OF CAPITAL ACCESS,,,,,,,KELSEY M SCHEMBRI,KELSEY M SCHEMBRI,,,,USA,UNITED STATES,26335 LIBERTY DR,,33182,HEMET,06065,RIVERSIDE,06,CA,CALIFORNIA,92544,,CA-36,CA-25,,,,COUNTY-WIDE,USA,UNITED STATES,CA**065,,06065,RIVERSIDE,06,CALIFORNIA,,CA-36,CA-90,,59.073: PAYCHECK PROTECTION LOAN PROGRAM (PPP),,,08,GUARANTEED/INSURED LOAN (F),TO AID SMALL BUSINESSES IN MAINTAINING WORK FORCE DURING COVID-19 PANDEMIC.,NON,NOT RECOVERY ACT,P,INDIVIDUAL,2,NON-AGGREGATE RECORD,,,,,,,,,,,https://www.usaspending.gov/award/ASST_NON_3679278207_073/,2021-01-06 03:33:53.27803+00
ASST_NON_3705968207_073,3705968207,,SAI EXEMPT,,,,,,2020-08-27,2020,0.00,,,,0.00,0.00,0.00,2020-08-05,2020,,,073,Small Business Administration,7300,Small Business Administration,737010,OFC OF CAPITAL ACCESS,073,Small Business Administration,7300,Small Business Administration,737010,OFC OF CAPITAL ACCESS,,,,,,,GNOSSIENNE,GNOSSIENNE,,,,USA,UNITED STATES,9606 S 2ND AVE,,36546,INGLEWOOD,06037,LOS ANGELES,06,CA,CALIFORNIA,90305,,CA-43,CA-43,,,,COUNTY-WIDE,USA,UNITED STATES,CA**037,,06037,LOS ANGELES,06,CALIFORNIA,,CA-43,CA-90,,59.073: PAYCHECK PROTECTION LOAN PROGRAM (PPP),,,08,GUARANTEED/INSURED LOAN (F),TO AID SMALL BUSINESSES IN MAINTAINING WORK FORCE DURING COVID-19 PANDEMIC.,NON,NOT RECOVERY ACT,P,INDIVIDUAL,2,NON-AGGREGATE RECORD,,,,,,,,,,,https://www.usaspending.gov/award/ASST_NON_3705968207_073/,2021-01-06 03:33:53.27803+00
ASST_NON_3708708205_073,3708708205,,SAI EXEMPT,,,,,,2020-08-27,2020,0.00,,,,0.00,0.00,0.00,2020-08-05,2020,,,073,Small Business Administration,7300,Small Business Administration,737010,OFC OF CAPITAL ACCESS,073,Small Business Administration,7300,Small Business Administration,737010,OFC OF CAPITAL ACCESS,,,,,,,ANAHIT SAHAKYAN,ANAHIT SAHAKYAN,,,,USA,UNITED STATES,7121 WOODLEY AVE,305,82128,VAN NUYS,06037,LOS ANGELES,06,CA,CALIFORNIA,91406,,CA-30,CA-29,,,,COUNTY-WIDE,USA,UNITED STATES,CA**037,,06037,LOS ANGELES,06,CALIFORNIA,,CA-30,CA-90,,59.073: PAYCHECK PROTECTION LOAN PROGRAM (PPP),,,08,GUARANTEED/INSURED LOAN (F),TO AID SMALL BUSINESSES IN MAINTAINING WORK FORCE DURING COVID-19 PANDEMIC.,NON,NOT RECOVERY ACT,P,INDIVIDUAL,2,NON-AGGREGATE RECORD,,,,,,,,,,,https://www.usaspending.gov/award/ASST_NON_3708708205_073/,2021-01-06 03:33:53.27803+00
ASST_NON_3726878203_073,3726878203,,SAI EXEMPT,,,,,,2020-08-27,2020,0.00,,,,0.00,0.00,0.00,2020-08-05,2020,,,073,Small Business Administration,7300,Small Business Administration,737010,OFC OF CAPITAL ACCESS,073,Small Business Administration,7300,Small Business Administration,737010,OFC OF CAPITAL ACCESS,,,,,,,PRODUCTION OF CRAYFISH,PRODUCTION OF CRAYFISH,,,,USA,UNITED STATES,214 ALICE AVE,,10345,CAMPBELL,06085,SANTA CLARA,06,CA,CALIFORNIA,95008,,CA-18,CA-16,,,,COUNTY-WIDE,USA,UNITED STATES,CA**085,,06085,SANTA CLARA,06,CALIFORNIA,,CA-18,CA-90,,59.073: PAYCHECK PROTECTION LOAN PROGRAM (PPP),,,08,GUARANTEED/INSURED LOAN (F),TO AID SMALL BUSINESSES IN MAINTAINING WORK FORCE DURING COVID-19 PANDEMIC.,NON,NOT RECOVERY ACT,P,INDIVIDUAL,2,NON-AGGREGATE RECORD,,,,,,,,,,,https://www.usaspending.gov/award/ASST_NON_3726878203_073/,2021-01-06 03:33:53.27803+00
ASST_NON_3727688207_073,3727688207,,SAI EXEMPT,,,,,,2020-08-27,2020,0.00,,,,0.00,0.00,0.00,2020-08-05,2020,,,073,Small Business Administration,7300,Small Business Administration,737010,OFC OF CAPITAL ACCESS,073,Small Business Administration,7300,Small Business Administration,737010,OFC OF CAPITAL ACCESS,,,,,,,RILEY HOYT MCGARITY,RILEY HOYT MCGARITY,,,,USA,UNITED STATES,8939 DIAMONDBACK DR,,70224,SANTEE,06073,SAN DIEGO,06,CA,CALIFORNIA,92071,,CA-50,CA-48,,,,COUNTY-WIDE,USA,UNITED STATES,CA**073,,06073,SAN DIEGO,06,CALIFORNIA,,CA-50,CA-90,,59.073: PAYCHECK PROTECTION LOAN PROGRAM (PPP),,,08,GUARANTEED/INSURED LOAN (F),TO AID SMALL BUSINESSES IN MAINTAINING WORK FORCE DURING COVID-19 PANDEMIC.,NON,NOT RECOVERY ACT,P,INDIVIDUAL,2,NON-AGGREGATE RECORD,,,,,,,,,,,https://www.usaspending.gov/award/ASST_NON_3727688207_073/,2021-01-06 03:33:53.27803+00
ASST_NON_3728498200_073,3728498200,,SAI EXEMPT,,,,,,2020-08-27,2020,0.00,,,,0.00,0.00,0.00,2020-08-05,2020,,,073,Small Business Administration,7300,Small Business Administration,737010,OFC OF CAPITAL ACCESS,073,Small Business Administration,7300,Small Business Administration,737010,OFC OF CAPITAL ACCESS,,,,,,,RAUL VALDEZ,RAUL VALDEZ,,,,USA,UNITED STATES,7072 SGT BRYAN BRESTER,,24680,FONTANA,06071,SAN BERNARDINO,06,CA,CALIFORNIA,92336,,CA-35,CA-33,,,,COUNTY-WIDE,USA,UNITED STATES,CA**071,,06071,SAN BERNARDINO,06,CALIFORNIA,,CA-35,CA-90,,59.073: PAYCHECK PROTECTION LOAN PROGRAM (PPP),,,08,GUARANTEED/INSURED LOAN (F),TO AID SMALL BUSINESSES IN MAINTAINING WORK FORCE DURING COVID-19 PANDEMIC.,NON,NOT RECOVERY ACT,P,INDIVIDUAL,2,NON-AGGREGATE RECORD,,,,,,,,,,,https://www.usaspending.gov/award/ASST_NON_3728498200_073/,2021-01-06 03:33:53.27803+00
ASST_NON_3734258205_073,3734258205,,SAI EXEMPT,,,,,,2020-08-27,2020,0.00,,,,0.00,0.00,0.00,2020-08-05,2020,,,073,Small Business Administration,7300,Small Business Administration,737010,OFC OF CAPITAL ACCESS,073,Small Business Administration,7300,Small Business Administration,737010,OFC OF CAPITAL ACCESS,,,,,,,TRIVIUM ACADEMY OF CLASSICAL EDUCATION,TRIVIUM ACADEMY OF CLASSICAL EDUCATION,,,,USA,UNITED STATES,1305 NORTH H STREET A332,,42524,LOMPOC,06083,SANTA BARBARA,06,CA,CALIFORNIA,93436,,CA-24,CA-24,,,,COUNTY-WIDE,USA,UNITED STATES,CA**083,,06083,SANTA BARBARA,06,CALIFORNIA,,CA-24,CA-24,,59.073: PAYCHECK PROTECTION LOAN PROGRAM (PPP),,,08,GUARANTEED/INSURED LOAN (F),TO AID SMALL BUSINESSES IN MAINTAINING WORK FORCE DURING COVID-19 PANDEMIC.,NON,NOT RECOVERY ACT,M,NONPROFIT WITH 501C3 IRS STATUS (OTHER THAN AN INSTITUTION OF HIGHER EDUCATION),2,NON-AGGREGATE RECORD,,,,,,,,,,,https://www.usaspending.gov/award/ASST_NON_3734258205_073/,2021-01-06 03:33:53.27803+00
ASST_NON_3734548209_073,3734548209,,SAI EXEMPT,,,,,,2020-08-27,2020,0.00,,,,0.00,0.00,0.00,2020-08-05,2020,,,073,Small Business Administration,7300,Small Business Administration,737010,OFC OF CAPITAL ACCESS,073,Small Business Administration,7300,Small Business Administration,737010,OFC OF CAPITAL ACCESS,,,,,,,KELLY SCHNEIDER,KELLY SCHNEIDER,,,,USA,UNITED STATES,34402 VIA GOMEZ,,10984,CAPISTRANO BEACH,06059,ORANGE,06,CA,CALIFORNIA,92624,,CA-49,CA-49,,,,COUNTY-WIDE,USA,UNITED STATES,CA**059,,06059,ORANGE,06,CALIFORNIA,,CA-49,CA-90,,59.073: PAYCHECK PROTECTION LOAN PROGRAM (PPP),,,08,GUARANTEED/INSURED LOAN (F),TO AID SMALL BUSINESSES IN MAINTAINING WORK FORCE DURING COVID-19 PANDEMIC.,NON,NOT RECOVERY ACT,P,INDIVIDUAL,2,NON-AGGREGATE RECORD,,,,,,,,,,,https://www.usaspending.gov/award/ASST_NON_3734548209_073/,2021-01-06 03:33:53.27803+00
ASST_NON_3735908201_073,3735908201,,SAI EXEMPT,,,,,,2020-08-27,2020,0.00,,,,0.00,0.00,0.00,2020-08-05,2020,,,073,Small Business Administration,7300,Small Business Administration,737010,OFC OF CAPITAL ACCESS,073,Small Business Administration,7300,Small Business Administration,737010,OFC OF CAPITAL ACCESS,,,,,,,ORANGE COUNTY THERMOGRAPHY,ORANGE COUNTY THERMOGRAPHY,,,,USA,UNITED STATES,4540 CAMPUS DRIVE SUITE 140,,51182,NEWPORT BEACH,06059,ORANGE,06,CA,CALIFORNIA,92660,,CA-48,CA-47,,,,COUNTY-WIDE,USA,UNITED STATES,CA**059,,06059,ORANGE,06,CALIFORNIA,,CA-48,CA-90,,59.073: PAYCHECK PROTECTION LOAN PROGRAM (PPP),,,08,GUARANTEED/INSURED LOAN (F),TO AID SMALL BUSINESSES IN MAINTAINING WORK FORCE DURING COVID-19 PANDEMIC.,NON,NOT RECOVERY ACT,P,INDIVIDUAL,2,NON-AGGREGATE RECORD,,,,,,,,,,,https://www.usaspending.gov/award/ASST_NON_3735908201_073/,2021-01-06 03:33:53.27803+00
ASST_NON_3736638205_073,3736638205,,SAI EXEMPT,,,,,,2020-08-27,2020,0.00,,,,0.00,0.00,0.00,2020-08-05,2020,,,073,Small Business Administration,7300,Small Business Administration,737010,OFC OF CAPITAL ACCESS,073,Small Business Administration,7300,Small Business Administration,737010,OFC OF CAPITAL ACCESS,,,,,,,COOP-A-LOOP LLC,COOP-A-LOOP LLC,,,,USA,UNITED STATES,4844 ESCALON AVE.,,44000,LOS ANGELES,06037,LOS ANGELES,06,CA,CALIFORNIA,90043,,CA-37,CA-37,,,,COUNTY-WIDE,USA,UNITED STATES,CA**037,,06037,LOS ANGELES,06,CALIFORNIA,,CA-37,CA-90,,59.073: PAYCHECK PROTECTION LOAN PROGRAM (PPP),,,08,GUARANTEED/INSURED LOAN (F),TO AID SMALL BUSINESSES IN MAINTAINING WORK FORCE DURING COVID-19 PANDEMIC.,NON,NOT RECOVERY ACT,P,INDIVIDUAL,2,NON-AGGREGATE RECORD,,,,,,,,,,,https://www.usaspending.gov/award/ASST_NON_3736638205_073/,2021-01-06 03:33:53.27803+00
ASST_NON_3737678208_073,3737678208,,SAI EXEMPT,,,,,,2020-08-27,2020,0.00,,,,0.00,0.00,0.00,2020-08-05,2020,,,073,Small Business Administration,7300,Small Business Administration,737010,OFC OF CAPITAL ACCESS,073,Small Business Administration,7300,Small Business Administration,737010,OFC OF CAPITAL ACCESS,,,,,,,SILICON BACKUP MEDIA.CO,SILICON BACKUP MEDIA.CO,,,,USA,UNITED STATES,2684 PLAZA CLAVELES,,68000,SAN JOSE,06085,SANTA CLARA,06,CA,CALIFORNIA,95132,,CA-17,CA-17,,,,COUNTY-WIDE,USA,UNITED STATES,CA**085,,06085,SANTA CLARA,06,CALIFORNIA,,CA-17,CA-90,,59.073: PAYCHECK PROTECTION LOAN PROGRAM (PPP),,,08,GUARANTEED/INSURED LOAN (F),TO AID SMALL BUSINESSES IN MAINTAINING WORK FORCE DURING COVID-19 PANDEMIC.,NON,NOT RECOVERY ACT,P,INDIVIDUAL,2,NON-AGGREGATE RECORD,,,,,,,,,,,https://www.usaspending.gov/award/ASST_NON_3737678208_073/,2021-01-06 03:33:53.27803+00
ASST_NON_3740178201_073,3740178201,,SAI EXEMPT,,,,,,2020-08-27,2020,0.00,,,,0.00,0.00,0.00,2020-08-05,2020,,,073,Small Business Administration,7300,Small Business Administration,737010,OFC OF CAPITAL ACCESS,073,Small Business Administration,7300,Small Business Administration,737010,OFC OF CAPITAL ACCESS,,,,,,,JONATHAN PAUL CALLENDER,JONATHAN PAUL CALLENDER,,,,USA,UNITED STATES,3934 FREDONIA DRIVE,,44000,LOS ANGELES,06037,LOS ANGELES,06,CA,CALIFORNIA,90068,,CA-30,CA-30,,,,COUNTY-WIDE,USA,UNITED STATES,CA**037,,06037,LOS ANGELES,06,CALIFORNIA,,CA-30,CA-90,,59.073: PAYCHECK PROTECTION LOAN PROGRAM (PPP),,,08,GUARANTEED/INSURED LOAN (F),TO AID SMALL BUSINESSES IN MAINTAINING WORK FORCE DURING COVID-19 PANDEMIC.,NON,NOT RECOVERY ACT,P,INDIVIDUAL,2,NON-AGGREGATE RECORD,,,,,,,,,,,https://www.usaspending.gov/award/ASST_NON_3740178201_073/,2021-01-06 03:33:53.27803+00
ASST_NON_3741378204_073,3741378204,,SAI EXEMPT,,,,,,2020-08-27,2020,0.00,,,,0.00,0.00,0.00,2020-08-05,2020,,,073,Small Business Administration,7300,Small Business Administration,737010,OFC OF CAPITAL ACCESS,073,Small Business Administration,7300,Small Business Administration,737010,OFC OF CAPITAL ACCESS,,,,,,,JENNIFER FUJIKAWA PHOTOGRAPHY LLC,JENNIFER FUJIKAWA PHOTOGRAPHY LLC,,,,USA,UNITED STATES,6218 E WARDLOW RD,,43000,LONG BEACH,06037,LOS ANGELES,06,CA,CALIFORNIA,90808,,CA-47,CA-90,,,,COUNTY-WIDE,USA,UNITED STATES,CA**037,,06037,LOS ANGELES,06,CALIFORNIA,,CA-47,CA-90,,59.073: PAYCHECK PROTECTION LOAN PROGRAM (PPP),,,08,GUARANTEED/INSURED LOAN (F),TO AID SMALL BUSINESSES IN MAINTAINING WORK FORCE DURING COVID-19 PANDEMIC.,NON,NOT RECOVERY ACT,P,INDIVIDUAL,2,NON-AGGREGATE RECORD,,,,,,,,,,,https://www.usaspending.gov/award/ASST_NON_3741378204_073/,2021-01-06 03:33:53.27803+00
ASST_NON_3741468207_073,3741468207,,SAI EXEMPT,,,,,,2020-08-27,2020,0.00,,,,0.00,0.00,0.00,2020-08-05,2020,,,073,Small Business Administration,7300,Small Business Administration,737010,OFC OF CAPITAL ACCESS,073,Small Business Administration,7300,Small Business Administration,737010,OFC OF CAPITAL ACCESS,,,,,,,CHARLES TRAVEL INVESTMENTS LLC,CHARLES TRAVEL INVESTMENTS LLC,,,,USA,UNITED STATES,4612 CHADBOURN STREET,,03526,BAKERSFIELD,06029,KERN,06,CA,CALIFORNIA,93307,,CA-21,CA-22,,,,COUNTY-WIDE,USA,UNITED STATES,CA**029,,06029,KERN,06,CALIFORNIA,,CA-21,CA-90,,59.073: PAYCHECK PROTECTION LOAN PROGRAM (PPP),,,08,GUARANTEED/INSURED LOAN (F),TO AID SMALL BUSINESSES IN MAINTAINING WORK FORCE DURING COVID-19 PANDEMIC.,NON,NOT RECOVERY ACT,P,INDIVIDUAL,2,NON-AGGREGATE RECORD,,,,,,,,,,,https://www.usaspending.gov/award/ASST_NON_3741468207_073/,2021-01-06 03:33:53.27803+00
ASST_NON_3741738205_073,3741738205,,SAI EXEMPT,,,,,,2020-08-27,2020,0.00,,,,0.00,0.00,0.00,2020-08-05,2020,,,073,Small Business Administration,7300,Small Business Administration,737010,OFC OF CAPITAL ACCESS,073,Small Business Administration,7300,Small Business Administration,737010,OFC OF CAPITAL ACCESS,,,,,,,"JEWELS DAVIDSON, LLC","JEWELS DAVIDSON, LLC",,,,USA,UNITED STATES,1400 N. POINSETTIA AVENUE,,45400,MANHATTAN BEACH,06037,LOS ANGELES,06,CA,CALIFORNIA,90266,,CA-33,CA-36,,,,COUNTY-WIDE,USA,UNITED STATES,CA**037,,06037,LOS ANGELES,06,CALIFORNIA,,CA-33,CA-90,,59.073: PAYCHECK PROTECTION LOAN PROGRAM (PPP),,,08,GUARANTEED/INSURED LOAN (F),TO AID SMALL BUSINESSES IN MAINTAINING WORK FORCE DURING COVID-19 PANDEMIC.,NON,NOT RECOVERY ACT,R,SMALL BUSINESS,2,NON-AGGREGATE RECORD,,,,,,,,,,,https://www.usaspending.gov/award/ASST_NON_3741738205_073/,2021-01-06 03:33:53.27803+00
ASST_NON_3742028206_073,3742028206,,SAI EXEMPT,,,,,,2020-08-27,2020,0.00,,,,0.00,0.00,0.00,2020-08-05,2020,,,073,Small Business Administration,7300,Small Business Administration,737010,OFC OF CAPITAL ACCESS,073,Small Business Administration,7300,Small Business Administration,737010,OFC OF CAPITAL ACCESS,,,,,,,CREATION LEMOORE NAILS & SPA INC.,CREATION LEMOORE NAILS & SPA INC.,,,,USA,UNITED STATES,155 W. HANFORD ARMONA RD STE D,,41152,LEMOORE,06031,KINGS,06,CA,CALIFORNIA,93245,,CA-21,CA-20,,,,COUNTY-WIDE,USA,UNITED STATES,CA**031,,06031,KINGS,06,CALIFORNIA,,CA-21,CA-90,,59.073: PAYCHECK PROTECTION LOAN PROGRAM (PPP),,,08,GUARANTEED/INSURED LOAN (F),TO AID SMALL BUSINESSES IN MAINTAINING WORK FORCE DURING COVID-19 PANDEMIC.,NON,NOT RECOVERY ACT,R,SMALL BUSINESS,2,NON-AGGREGATE RECORD,,,,,,,,,,,https://www.usaspending.gov/award/ASST_NON_3742028206_073/,2021-01-06 03:33:53.27803+00
ASST_NON_3760878207_073,3760878207,,SAI EXEMPT,,,,,,2020-08-27,2020,0.00,,,,0.00,0.00,0.00,2020-08-05,2020,,,073,Small Business Administration,7300,Small Business Administration,737010,OFC OF CAPITAL ACCESS,073,Small Business Administration,7300,Small Business Administration,737010,OFC OF CAPITAL ACCESS,,,,,,,"CROSSROADS TECHNOLOGIES, LLC","CROSSROADS TECHNOLOGIES, LLC",,,,USA,UNITED STATES,1058 STEEPLE BLVD,,08142,BRENTWOOD,06013,CONTRA COSTA,06,CA,CALIFORNIA,94513,,CA-09,CA-10,,,,COUNTY-WIDE,USA,UNITED STATES,CA**013,,06013,CONTRA COSTA,06,CALIFORNIA,,CA-09,CA-90,,59.073: PAYCHECK PROTECTION LOAN PROGRAM (PPP),,,08,GUARANTEED/INSURED LOAN (F),TO AID SMALL BUSINESSES IN MAINTAINING WORK FORCE DURING COVID-19 PANDEMIC.,NON,NOT RECOVERY ACT,R,SMALL BUSINESS,2,NON-AGGREGATE RECORD,,,,,,,,,,,https://www.usaspending.gov/award/ASST_NON_3760878207_073/,2021-01-06 03:33:53.27803+00
ASST_NON_3760998208_073,3760998208,,SAI EXEMPT,,,,,,2020-08-27,2020,0.00,,,,0.00,0.00,0.00,2020-08-05,2020,,,073,Small Business Administration,7300,Small Business Administration,737010,OFC OF CAPITAL ACCESS,073,Small Business Administration,7300,Small Business Administration,737010,OFC OF CAPITAL ACCESS,,,,,,,ERIC RUBIO,ERIC RUBIO,,,,USA,UNITED STATES,1400 TENNESSEE ST,,81666,VALLEJO,06095,SOLANO,06,CA,CALIFORNIA,94590,,CA-05,CA-08,,,,COUNTY-WIDE,USA,UNITED STATES,CA**095,,06095,SOLANO,06,CALIFORNIA,,CA-05,CA-90,,59.073: PAYCHECK PROTECTION LOAN PROGRAM (PPP),,,08,GUARANTEED/INSURED LOAN (F),TO AID SMALL BUSINESSES IN MAINTAINING WORK FORCE DURING COVID-19 PANDEMIC.,NON,NOT RECOVERY ACT,P,INDIVIDUAL,2,NON-AGGREGATE RECORD,,,,,,,,,,,https://www.usaspending.gov/award/ASST_NON_3760998208_073/,2021-01-06 03:33:53.27803+00
ASST_NON_3818208209_073,3818208209,,SAI EXEMPT,,,,,,2020-08-27,2020,0.00,,,,0.00,0.00,0.00,2020-08-05,2020,,,073,Small Business Administration,7300,Small Business Administration,737010,OFC OF CAPITAL ACCESS,073,Small Business Administration,7300,Small Business Administration,737010,OFC OF CAPITAL ACCESS,,,,,,,SHEET METAL INDUSTRY APPRENTICESHIP TRUST FUND,SHEET METAL INDUSTRY APPRENTICESHIP TRUST FUND,,,,USA,UNITED STATES,5410 E. HOME AVE,,27000,FRESNO,06019,FRESNO,06,CA,CALIFORNIA,93727,,CA-16,CA-21,,,,COUNTY-WIDE,USA,UNITED STATES,CA**019,,06019,FRESNO,06,CALIFORNIA,,CA-16,CA-90,,59.073: PAYCHECK PROTECTION LOAN PROGRAM (PPP),,,08,GUARANTEED/INSURED LOAN (F),TO AID SMALL BUSINESSES IN MAINTAINING WORK FORCE DURING COVID-19 PANDEMIC.,NON,NOT RECOVERY ACT,M,NONPROFIT WITH 501C3 IRS STATUS (OTHER THAN AN INSTITUTION OF HIGHER EDUCATION),2,NON-AGGREGATE RECORD,,,,,,,,,,,https://www.usaspending.gov/award/ASST_NON_3818208209_073/,2021-01-06 03:33:53.27803+00
ASST_NON_3831698210_073,3831698210,,SAI EXEMPT,,,,,,2020-08-27,2020,0.00,,,,0.00,0.00,0.00,2020-08-05,2020,,,073,Small Business Administration,7300,Small Business Administration,737010,OFC OF CAPITAL ACCESS,073,Small Business Administration,7300,Small Business Administration,737010,OFC OF CAPITAL ACCESS,,,,,,,"JANICE R. WORK, D.D.S., A PROFESSIONAL DENTAL CORPORATION","JANICE R. WORK, D.D.S., A PROFESSIONAL DENTAL CORPORATION",,,,USA,UNITED STATES,9045 BRUCEVILLE ROAD SUITE 180,,22020,ELK GROVE,06067,SACRAMENTO,06,CA,CALIFORNIA,95758,,CA-07,CA-07,,,,COUNTY-WIDE,USA,UNITED STATES,CA**067,,06067,SACRAMENTO,06,CALIFORNIA,,CA-07,CA-90,,59.073: PAYCHECK PROTECTION LOAN PROGRAM (PPP),,,08,GUARANTEED/INSURED LOAN (F),TO AID SMALL BUSINESSES IN MAINTAINING WORK FORCE DURING COVID-19 PANDEMIC.,NON,NOT RECOVERY ACT,R,SMALL BUSINESS,2,NON-AGGREGATE RECORD,,,,,,,,,,,https://www.usaspending.gov/award/ASST_NON_3831698210_073/,2021-01-06 03:33:53.27803+00
ASST_NON_3841048207_073,3841048207,,SAI EXEMPT,,,,,,2020-08-27,2020,0.00,,,,0.00,0.00,0.00,2020-08-05,2020,,,073,Small Business Administration,7300,Small Business Administration,737010,OFC OF CAPITAL ACCESS,073,Small Business Administration,7300,Small Business Administration,737010,OFC OF CAPITAL ACCESS,,,,,,,MDL PAINTING CO.,MDL PAINTING CO.,,,,USA,UNITED STATES,3817 BROOKDALE AVE,,53000,OAKLAND,06001,ALAMEDA,06,CA,CALIFORNIA,94619,,CA-13,CA-12,,,,COUNTY-WIDE,USA,UNITED STATES,CA**001,,06001,ALAMEDA,06,CALIFORNIA,,CA-13,CA-90,,59.073: PAYCHECK PROTECTION LOAN PROGRAM (PPP),,,08,GUARANTEED/INSURED LOAN (F),TO AID SMALL BUSINESSES IN MAINTAINING WORK FORCE DURING COVID-19 PANDEMIC.,NON,NOT RECOVERY ACT,P,INDIVIDUAL,2,NON-AGGREGATE RECORD,,,,,,,,,,,https://www.usaspending.gov/award/ASST_NON_3841048207_073/,2021-01-06 03:33:53.27803+00
ASST_NON_3853898201_073,3853898201,,SAI EXEMPT,,,,,,2020-08-27,2020,0.00,,,,0.00,0.00,0.00,2020-08-05,2020,,,073,Small Business Administration,7300,Small Business Administration,737010,OFC OF CAPITAL ACCESS,073,Small Business Administration,7300,Small Business Administration,737010,OFC OF CAPITAL ACCESS,,,,,,,KNIGHTTIME ENTERTAINMENT INC,KNIGHTTIME ENTERTAINMENT INC,,,,USA,UNITED STATES,3886 FREDONIA DRIVE STE E,,44000,LOS ANGELES,06037,LOS ANGELES,06,CA,CALIFORNIA,90068,,CA-30,CA-30,,,,COUNTY-WIDE,USA,UNITED STATES,CA**037,,06037,LOS ANGELES,06,CALIFORNIA,,CA-30,CA-90,,59.073: PAYCHECK PROTECTION LOAN PROGRAM (PPP),,,08,GUARANTEED/INSURED LOAN (F),TO AID SMALL BUSINESSES IN MAINTAINING WORK FORCE DURING COVID-19 PANDEMIC.,NON,NOT RECOVERY ACT,R,SMALL BUSINESS,2,NON-AGGREGATE RECORD,,,,,,,,,,,https://www.usaspending.gov/award/ASST_NON_3853898201_073/,2021-01-06 03:33:53.27803+00
ASST_NON_3873698208_073,3873698208,,SAI EXEMPT,,,,,,2020-08-27,2020,0.00,,,,0.00,0.00,0.00,2020-08-05,2020,,,073,Small Business Administration,7300,Small Business Administration,737010,OFC OF CAPITAL ACCESS,073,Small Business Administration,7300,Small Business Administration,737010,OFC OF CAPITAL ACCESS,,,,,,,BRITTANY JOHNSON,BRITTANY JOHNSON,,,,USA,UNITED STATES,546 E COLLAMER DR,,11530,CARSON,06037,LOS ANGELES,06,CA,CALIFORNIA,90746,,CA-44,CA-44,,,,COUNTY-WIDE,USA,UNITED STATES,CA**037,,06037,LOS ANGELES,06,CALIFORNIA,,CA-44,CA-90,,59.073: PAYCHECK PROTECTION LOAN PROGRAM (PPP),,,08,GUARANTEED/INSURED LOAN (F),TO AID SMALL BUSINESSES IN MAINTAINING WORK FORCE DURING COVID-19 PANDEMIC.,NON,NOT RECOVERY ACT,P,INDIVIDUAL,2,NON-AGGREGATE RECORD,,,,,,,,,,,https://www.usaspending.gov/award/ASST_NON_3873698208_073/,2021-01-06 03:33:53.27803+00
ASST_NON_3873728204_073,3873728204,,SAI EXEMPT,,,,,,2020-08-27,2020,0.00,,,,0.00,0.00,0.00,2020-08-05,2020,,,073,Small Business Administration,7300,Small Business Administration,737010,OFC OF CAPITAL ACCESS,073,Small Business Administration,7300,Small Business Administration,737010,OFC OF CAPITAL ACCESS,,,,,,,TIFFANY MILLER,TIFFANY MILLER,,,,USA,UNITED STATES,43318 FLAG STREET,,40130,LANCASTER,06037,LOS ANGELES,06,CA,CALIFORNIA,93536,,CA-25,CA-27,,,,COUNTY-WIDE,USA,UNITED STATES,CA**037,,06037,LOS ANGELES,06,CALIFORNIA,,CA-25,CA-90,,59.073: PAYCHECK PROTECTION LOAN PROGRAM (PPP),,,08,GUARANTEED/INSURED LOAN (F),TO AID SMALL BUSINESSES IN MAINTAINING WORK FORCE DURING COVID-19 PANDEMIC.,NON,NOT RECOVERY ACT,P,INDIVIDUAL,2,NON-AGGREGATE RECORD,,,,,,,,,,,https://www.usaspending.gov/award/ASST_NON_3873728204_073/,2021-01-06 03:33:53.27803+00
ASST_NON_3875878207_073,3875878207,,SAI EXEMPT,,,,,,2020-08-27,2020,0.00,,,,0.00,0.00,0.00,2020-08-05,2020,,,073,Small Business Administration,7300,Small Business Administration,737010,OFC OF CAPITAL ACCESS,073,Small Business Administration,7300,Small Business Administration,737010,OFC OF CAPITAL ACCESS,,,,,,,REVENAUGH RESOURCE GROUP,REVENAUGH RESOURCE GROUP,,,,USA,UNITED STATES,14409 KATHLEEN AVENUE,,03526,BAKERSFIELD,06029,KERN,06,CA,CALIFORNIA,93314,,CA-23,CA-20,,,,COUNTY-WIDE,USA,UNITED STATES,CA**029,,06029,KERN,06,CALIFORNIA,,CA-23,CA-90,,59.073: PAYCHECK PROTECTION LOAN PROGRAM (PPP),,,08,GUARANTEED/INSURED LOAN (F),TO AID SMALL BUSINESSES IN MAINTAINING WORK FORCE DURING COVID-19 PANDEMIC.,NON,NOT RECOVERY ACT,P,INDIVIDUAL,2,NON-AGGREGATE RECORD,,,,,,,,,,,https://www.usaspending.gov/award/ASST_NON_3875878207_073/,2021-01-06 03:33:53.27803+00
ASST_NON_3876078205_073,3876078205,,SAI EXEMPT,,,,,,2020-08-27,2020,0.00,,,,0.00,0.00,0.00,2020-08-05,2020,,,073,Small Business Administration,7300,Small Business Administration,737010,OFC OF CAPITAL ACCESS,073,Small Business Administration,7300,Small Business Administration,737010,OFC OF CAPITAL ACCESS,,,,,,,VALERIE PENA,VALERIE PENA,,,,USA,UNITED STATES,7016 COLONY PARK DR,,03526,BAKERSFIELD,06029,KERN,06,CA,CALIFORNIA,93313,,CA-21,CA-90,,,,COUNTY-WIDE,USA,UNITED STATES,CA**029,,06029,KERN,06,CALIFORNIA,,CA-21,CA-90,,59.073: PAYCHECK PROTECTION LOAN PROGRAM (PPP),,,08,GUARANTEED/INSURED LOAN (F),TO AID SMALL BUSINESSES IN MAINTAINING WORK FORCE DURING COVID-19 PANDEMIC.,NON,NOT RECOVERY ACT,P,INDIVIDUAL,2,NON-AGGREGATE RECORD,,,,,,,,,,,https://www.usaspending.gov/award/ASST_NON_3876078205_073/,2021-01-06 03:33:53.27803+00
ASST_NON_3876428203_073,3876428203,,SAI EXEMPT,,,,,,2020-08-27,2020,0.00,,,,0.00,0.00,0.00,2020-08-05,2020,,,073,Small Business Administration,7300,Small Business Administration,737010,OFC OF CAPITAL ACCESS,073,Small Business Administration,7300,Small Business Administration,737010,OFC OF CAPITAL ACCESS,,,,,,,SPENCER DAVIS,SPENCER DAVIS,,,,USA,UNITED STATES,896 CONCHA LOMA DR.,A,11446,CARPINTERIA,06083,SANTA BARBARA,06,CA,CALIFORNIA,93013,,CA-24,CA-24,,,,COUNTY-WIDE,USA,UNITED STATES,CA**083,,06083,SANTA BARBARA,06,CALIFORNIA,,CA-24,CA-24,,59.073: PAYCHECK PROTECTION LOAN PROGRAM (PPP),,,08,GUARANTEED/INSURED LOAN (F),TO AID SMALL BUSINESSES IN MAINTAINING WORK FORCE DURING COVID-19 PANDEMIC.,NON,NOT RECOVERY ACT,P,INDIVIDUAL,2,NON-AGGREGATE RECORD,,,,,,,,,,,https://www.usaspending.gov/award/ASST_NON_3876428203_073/,2021-01-06 03:33:53.27803+00
ASST_NON_3882178207_073,3882178207,,SAI EXEMPT,,,,,,2020-08-27,2020,0.00,,,,0.00,0.00,0.00,2020-08-05,2020,,,073,Small Business Administration,7300,Small Business Administration,737010,OFC OF CAPITAL ACCESS,073,Small Business Administration,7300,Small Business Administration,737010,OFC OF CAPITAL ACCESS,,,,,,,REGINALD CARTER,REGINALD CARTER,,,,USA,UNITED STATES,6455 RESEDA BLVD,,60340,RESEDA,06037,LOS ANGELES,06,CA,CALIFORNIA,91335,,CA-30,CA-90,,,,COUNTY-WIDE,USA,UNITED STATES,CA**037,,06037,LOS ANGELES,06,CALIFORNIA,,CA-30,CA-90,,59.073: PAYCHECK PROTECTION LOAN PROGRAM (PPP),,,08,GUARANTEED/INSURED LOAN (F),TO AID SMALL BUSINESSES IN MAINTAINING WORK FORCE DURING COVID-19 PANDEMIC.,NON,NOT RECOVERY ACT,P,INDIVIDUAL,2,NON-AGGREGATE RECORD,,,,,,,,,,,https://www.usaspending.gov/award/ASST_NON_3882178207_073/,2021-01-06 03:33:53.27803+00
ASST_NON_3884058210_073,3884058210,,SAI EXEMPT,,,,,,2020-08-27,2020,0.00,,,,0.00,0.00,0.00,2020-08-05,2020,,,073,Small Business Administration,7300,Small Business Administration,737010,OFC OF CAPITAL ACCESS,073,Small Business Administration,7300,Small Business Administration,737010,OFC OF CAPITAL ACCESS,,,,,,,AUTUMN GILCHREIST,AUTUMN GILCHREIST,,,,USA,UNITED STATES,10302 DOTY AVE,5,36546,INGLEWOOD,06037,LOS ANGELES,06,CA,CALIFORNIA,90303,,CA-43,CA-43,,,,COUNTY-WIDE,USA,UNITED STATES,CA**037,,06037,LOS ANGELES,06,CALIFORNIA,,CA-43,CA-90,,59.073: PAYCHECK PROTECTION LOAN PROGRAM (PPP),,,08,GUARANTEED/INSURED LOAN (F),TO AID SMALL BUSINESSES IN MAINTAINING WORK FORCE DURING COVID-19 PANDEMIC.,NON,NOT RECOVERY ACT,P,INDIVIDUAL,2,NON-AGGREGATE RECORD,,,,,,,,,,,https://www.usaspending.gov/award/ASST_NON_3884058210_073/,2021-01-06 03:33:53.27803+00
ASST_NON_3897438205_073,3897438205,,SAI EXEMPT,,,,,,2020-08-27,2020,0.00,,,,0.00,0.00,0.00,2020-08-05,2020,,,073,Small Business Administration,7300,Small Business Administration,737010,OFC OF CAPITAL ACCESS,073,Small Business Administration,7300,Small Business Administration,737010,OFC OF CAPITAL ACCESS,,,,,,,FYPM CONSULTING INC,FYPM CONSULTING INC,,,,USA,UNITED STATES,50 W LEMON AVE,SUITE 2,48648,MONROVIA,06037,LOS ANGELES,06,CA,CALIFORNIA,91016,,CA-32,CA-31,,,,COUNTY-WIDE,USA,UNITED STATES,CA**037,,06037,LOS ANGELES,06,CALIFORNIA,,CA-32,CA-90,,59.073: PAYCHECK PROTECTION LOAN PROGRAM (PPP),,,08,GUARANTEED/INSURED LOAN (F),TO AID SMALL BUSINESSES IN MAINTAINING WORK FORCE DURING COVID-19 PANDEMIC.,NON,NOT RECOVERY ACT,R,SMALL BUSINESS,2,NON-AGGREGATE RECORD,,,,,,,,,,,https://www.usaspending.gov/award/ASST_NON_3897438205_073/,2021-01-06 03:33:53.27803+00
ASST_NON_3906908207_073,3906908207,,SAI EXEMPT,,,,,,2020-08-27,2020,0.00,,,,0.00,0.00,0.00,2020-08-05,2020,,,073,Small Business Administration,7300,Small Business Administration,737010,OFC OF CAPITAL ACCESS,073,Small Business Administration,7300,Small Business Administration,737010,OFC OF CAPITAL ACCESS,,,,,,,ETNIAS MEDIA,ETNIAS MEDIA,,,,USA,UNITED STATES,360 MORNINGSIDE TERRACE,,55156,PALMDALE,06037,LOS ANGELES,06,CA,CALIFORNIA,93551,,CA-25,CA-27,,,,COUNTY-WIDE,USA,UNITED STATES,CA**037,,06037,LOS ANGELES,06,CALIFORNIA,,CA-25,CA-90,,59.073: PAYCHECK PROTECTION LOAN PROGRAM (PPP),,,08,GUARANTEED/INSURED LOAN (F),TO AID SMALL BUSINESSES IN MAINTAINING WORK FORCE DURING COVID-19 PANDEMIC.,NON,NOT RECOVERY ACT,P,INDIVIDUAL,2,NON-AGGREGATE RECORD,,,,,,,,,,,https://www.usaspending.gov/award/ASST_NON_3906908207_073/,2021-01-06 03:33:53.27803+00
ASST_NON_3907418204_073,3907418204,,SAI EXEMPT,,,,,,2020-08-27,2020,0.00,,,,0.00,0.00,0.00,2020-08-05,2020,,,073,Small Business Administration,7300,Small Business Administration,737010,OFC OF CAPITAL ACCESS,073,Small Business Administration,7300,Small Business Administration,737010,OFC OF CAPITAL ACCESS,,,,,,,KIM'S EAST AUTO REPAIR INC.,KIM'S EAST AUTO REPAIR INC.,,,,USA,UNITED STATES,951 FAIRWAY DRIVE,,83332,WALNUT,06037,LOS ANGELES,06,CA,CALIFORNIA,91789,,CA-39,CA-38,,,,COUNTY-WIDE,USA,UNITED STATES,CA**037,,06037,LOS ANGELES,06,CALIFORNIA,,CA-39,CA-90,,59.073: PAYCHECK PROTECTION LOAN PROGRAM (PPP),,,08,GUARANTEED/INSURED LOAN (F),TO AID SMALL BUSINESSES IN MAINTAINING WORK FORCE DURING COVID-19 PANDEMIC.,NON,NOT RECOVERY ACT,R,SMALL BUSINESS,2,NON-AGGREGATE RECORD,,,,,,,,,,,https://www.usaspending.gov/award/ASST_NON_3907418204_073/,2021-01-06 03:33:53.27803+00
ASST_NON_3917328205_073,3917328205,,SAI EXEMPT,,,,,,2020-08-27,2020,0.00,,,,0.00,0.00,0.00,2020-08-05,2020,,,073,Small Business Administration,7300,Small Business Administration,737010,OFC OF CAPITAL ACCESS,073,Small Business Administration,7300,Small Business Administration,737010,OFC OF CAPITAL ACCESS,,,,,,,VAN THO NGUYEN,VAN THO NGUYEN,,,,USA,UNITED STATES,11887 64TH ST.,,47976,MIRA LOMA,06065,RIVERSIDE,06,CA,CALIFORNIA,91752,,CA-41,CA-90,,,,COUNTY-WIDE,USA,UNITED STATES,CA**065,,06065,RIVERSIDE,06,CALIFORNIA,,CA-41,CA-90,,59.073: PAYCHECK PROTECTION LOAN PROGRAM (PPP),,,08,GUARANTEED/INSURED LOAN (F),TO AID SMALL BUSINESSES IN MAINTAINING WORK FORCE DURING COVID-19 PANDEMIC.,NON,NOT RECOVERY ACT,P,INDIVIDUAL,2,NON-AGGREGATE RECORD,,,,,,,,,,,https://www.usaspending.gov/award/ASST_NON_3917328205_073/,2021-01-06 03:33:53.27803+00
ASST_NON_3918068201_073,3918068201,,SAI EXEMPT,,,,,,2020-08-27,2020,0.00,,,,0.00,0.00,0.00,2020-08-05,2020,,,073,Small Business Administration,7300,Small Business Administration,737010,OFC OF CAPITAL ACCESS,073,Small Business Administration,7300,Small Business Administration,737010,OFC OF CAPITAL ACCESS,,,,,,,PMP RANCH LLC,PMP RANCH LLC,,,,USA,UNITED STATES,13150 SANTA RITA ROAD,,12132,CAYUCOS,06079,SAN LUIS OBISPO,06,CA,CALIFORNIA,93430,,CA-24,CA-24,,,,COUNTY-WIDE,USA,UNITED STATES,CA**079,,06079,SAN LUIS OBISPO,06,CALIFORNIA,,CA-24,CA-90,,59.073: PAYCHECK PROTECTION LOAN PROGRAM (PPP),,,08,GUARANTEED/INSURED LOAN (F),TO AID SMALL BUSINESSES IN MAINTAINING WORK FORCE DURING COVID-19 PANDEMIC.,NON,NOT RECOVERY ACT,R,SMALL BUSINESS,2,NON-AGGREGATE RECORD,,,,,,,,,,,https://www.usaspending.gov/award/ASST_NON_3918068201_073/,2021-01-06 03:33:53.27803+00
ASST_NON_3918208206_073,3918208206,,SAI EXEMPT,,,,,,2020-08-27,2020,0.00,,,,0.00,0.00,0.00,2020-08-05,2020,,,073,Small Business Administration,7300,Small Business Administration,737010,OFC OF CAPITAL ACCESS,073,Small Business Administration,7300,Small Business Administration,737010,OFC OF CAPITAL ACCESS,,,,,,,SUNFLOWER TEA COMPANY,SUNFLOWER TEA COMPANY,,,,USA,UNITED STATES,633 E 75TH ST,,44000,LOS ANGELES,06037,LOS ANGELES,06,CA,CALIFORNIA,90001,,CA-40,CA-90,,,,COUNTY-WIDE,USA,UNITED STATES,CA**037,,06037,LOS ANGELES,06,CALIFORNIA,,CA-40,CA-90,,59.073: PAYCHECK PROTECTION LOAN PROGRAM (PPP),,,08,GUARANTEED/INSURED LOAN (F),TO AID SMALL BUSINESSES IN MAINTAINING WORK FORCE DURING COVID-19 PANDEMIC.,NON,NOT RECOVERY ACT,P,INDIVIDUAL,2,NON-AGGREGATE RECORD,,,,,,,,,,,https://www.usaspending.gov/award/ASST_NON_3918208206_073/,2021-01-06 03:33:53.27803+00
ASST_NON_3919398208_073,3919398208,,SAI EXEMPT,,,,,,2020-08-27,2020,0.00,,,,0.00,0.00,0.00,2020-08-05,2020,,,073,Small Business Administration,7300,Small Business Administration,737010,OFC OF CAPITAL ACCESS,073,Small Business Administration,7300,Small Business Administration,737010,OFC OF CAPITAL ACCESS,,,,,,,BOYD & BOYS,BOYD & BOYS,,,,USA,UNITED STATES,4027 BANBURY WAY,,02252,ANTIOCH,06013,CONTRA COSTA,06,CA,CALIFORNIA,94531,,CA-09,CA-10,,,,COUNTY-WIDE,USA,UNITED STATES,CA**013,,06013,CONTRA COSTA,06,CALIFORNIA,,CA-09,CA-90,,59.073: PAYCHECK PROTECTION LOAN PROGRAM (PPP),,,08,GUARANTEED/INSURED LOAN (F),TO AID SMALL BUSINESSES IN MAINTAINING WORK FORCE DURING COVID-19 PANDEMIC.,NON,NOT RECOVERY ACT,P,INDIVIDUAL,2,NON-AGGREGATE RECORD,,,,,,,,,,,https://www.usaspending.gov/award/ASST_NON_3919398208_073/,2021-01-06 03:33:53.27803+00
ASST_NON_3919748206_073,3919748206,,SAI EXEMPT,,,,,,2020-08-27,2020,0.00,,,,0.00,0.00,0.00,2020-08-05,2020,,,073,Small Business Administration,7300,Small Business Administration,737010,OFC OF CAPITAL ACCESS,073,Small Business Administration,7300,Small Business Administration,737010,OFC OF CAPITAL ACCESS,,,,,,,SKYE GRIFFIN,SKYE GRIFFIN,,,,USA,UNITED STATES,14954 MOORPARK ST,APT 4,71470,SHERMAN OAKS,06037,LOS ANGELES,06,CA,CALIFORNIA,91403,,CA-30,CA-32,,,,COUNTY-WIDE,USA,UNITED STATES,CA**037,,06037,LOS ANGELES,06,CALIFORNIA,,CA-30,CA-90,,59.073: PAYCHECK PROTECTION LOAN PROGRAM (PPP),,,08,GUARANTEED/INSURED LOAN (F),TO AID SMALL BUSINESSES IN MAINTAINING WORK FORCE DURING COVID-19 PANDEMIC.,NON,NOT RECOVERY ACT,P,INDIVIDUAL,2,NON-AGGREGATE RECORD,,,,,,,,,,,https://www.usaspending.gov/award/ASST_NON_3919748206_073/,2021-01-06 03:33:53.27803+00
ASST_NON_3921187403_073,3921187403,,SAI EXEMPT,O: Non-emergency P.L. 116-136|Non-emergency P.L. 116-139|Non-emergency P.L. 116-260|Non-emergency P.L. 117-2,,0.00,,,2020-08-27,2020,0.00,0.00,,,0.00,0.00,0.00,2020-05-08,2020,,,073,Small Business Administration,7300,Small Business Administration,737010,OFC OF CAPITAL ACCESS,073,Small Business Administration,7300,Small Business Administration,737010,OFC OF CAPITAL ACCESS,073-2020/2021-1154-000,073-1154,"41.0: Grants, subsidies, and contributions",0702: LOAN GUARANTEE SUBSIDY,,,INTERNATIONAL BROTHERHOOD OF ELECTRICAL WORKERS LOCAL 2295,INTERNATIONAL BROTHERHOOD OF ELECTRICAL WORKERS LOCAL 2295,,,,USA,UNITED STATES,53556 LEXINGTON AVE. 2FL,,22230,EL MONTE,06037,LOS ANGELES,06,CA,CALIFORNIA,91731,,CA-32,CA-31,,,,COUNTY-WIDE,USA,UNITED STATES,CA**037,,06037,LOS ANGELES,06,CALIFORNIA,,CA-32,CA-90,,59.073: PAYCHECK PROTECTION LOAN PROGRAM (PPP),,,08,GUARANTEED/INSURED LOAN (F),TO AID SMALL BUSINESSES IN MAINTAINING WORK FORCE DURING COVID-19 PANDEMIC.,NON,NOT RECOVERY ACT,M,NONPROFIT WITH 501C3 IRS STATUS (OTHER THAN AN INSTITUTION OF HIGHER EDUCATION),2,NON-AGGREGATE RECORD,,,,,,,,,,,https://www.usaspending.gov/award/ASST_NON_3921187403_073/,2021-01-06 03:33:53.27803+00
ASST_NON_3928728202_073,3928728202,,SAI EXEMPT,,,,,,2020-08-27,2020,0.00,,,,0.00,0.00,0.00,2020-08-05,2020,,,073,Small Business Administration,7300,Small Business Administration,737010,OFC OF CAPITAL ACCESS,073,Small Business Administration,7300,Small Business Administration,737010,OFC OF CAPITAL ACCESS,,,,,,,JANELLE RUBY,JANELLE RUBY,,,,USA,UNITED STATES,14315 MEADOW GROVE DR,,82590,VICTORVILLE,06071,SAN BERNARDINO,06,CA,CALIFORNIA,92395,,CA-08,CA-23,,,,COUNTY-WIDE,USA,UNITED STATES,CA**071,,06071,SAN BERNARDINO,06,CALIFORNIA,,CA-08,CA-90,,59.073: PAYCHECK PROTECTION LOAN PROGRAM (PPP),,,08,GUARANTEED/INSURED LOAN (F),TO AID SMALL BUSINESSES IN MAINTAINING WORK FORCE DURING COVID-19 PANDEMIC.,NON,NOT RECOVERY ACT,P,INDIVIDUAL,2,NON-AGGREGATE RECORD,,,,,,,,,,,https://www.usaspending.gov/award/ASST_NON_3928728202_073/,2021-01-06 03:33:53.27803+00
ASST_NON_3928888204_073,3928888204,,SAI EXEMPT,,,,,,2020-08-27,2020,0.00,,,,0.00,0.00,0.00,2020-08-05,2020,,,073,Small Business Administration,7300,Small Business Administration,737010,OFC OF CAPITAL ACCESS,073,Small Business Administration,7300,Small Business Administration,737010,OFC OF CAPITAL ACCESS,,,,,,,DANITA JOHNSON,DANITA JOHNSON,,,,USA,UNITED STATES,1573 S RESERVOIR ST,C,58072,POMONA,06071,SAN BERNARDINO,06,CA,CALIFORNIA,91766,,CA-35,CA-35,,,,COUNTY-WIDE,USA,UNITED STATES,CA**037,,06037,LOS ANGELES,06,CALIFORNIA,,CA-35,CA-90,,59.073: PAYCHECK PROTECTION LOAN PROGRAM (PPP),,,08,GUARANTEED/INSURED LOAN (F),TO AID SMALL BUSINESSES IN MAINTAINING WORK FORCE DURING COVID-19 PANDEMIC.,NON,NOT RECOVERY ACT,P,INDIVIDUAL,2,NON-AGGREGATE RECORD,,,,,,,,,,,https://www.usaspending.gov/award/ASST_NON_3928888204_073/,2021-01-06 03:33:53.27803+00
ASST_NON_3940748200_073,3940748200,,SAI EXEMPT,,,,,,2020-08-27,2020,0.00,,,,0.00,0.00,0.00,2020-08-05,2020,,,073,Small Business Administration,7300,Small Business Administration,737010,OFC OF CAPITAL ACCESS,073,Small Business Administration,7300,Small Business Administration,737010,OFC OF CAPITAL ACCESS,,,,,,,ANDREW ROMERO,ANDREW ROMERO,,,,USA,UNITED STATES,31284 CASERA CT,,46842,MENIFEE,06065,RIVERSIDE,06,CA,CALIFORNIA,92584,,CA-42,CA-41,,,,COUNTY-WIDE,USA,UNITED STATES,CA**065,,06065,RIVERSIDE,06,CALIFORNIA,,CA-42,CA-90,,59.073: PAYCHECK PROTECTION LOAN PROGRAM (PPP),,,08,GUARANTEED/INSURED LOAN (F),TO AID SMALL BUSINESSES IN MAINTAINING WORK FORCE DURING COVID-19 PANDEMIC.,NON,NOT RECOVERY ACT,P,INDIVIDUAL,2,NON-AGGREGATE RECORD,,,,,,,,,,,https://www.usaspending.gov/award/ASST_NON_3940748200_073/,2021-01-06 03:33:53.27803+00
ASST_NON_3948198206_073,3948198206,,SAI EXEMPT,,,,,,2020-08-27,2020,0.00,,,,0.00,0.00,0.00,2020-08-05,2020,,,073,Small Business Administration,7300,Small Business Administration,737010,OFC OF CAPITAL ACCESS,073,Small Business Administration,7300,Small Business Administration,737010,OFC OF CAPITAL ACCESS,,,,,,,RICHARD DE LA CERDA,RICHARD DE LA CERDA,,,,USA,UNITED STATES,135 RALSTON ST,,67000,SAN FRANCISCO,06075,SAN FRANCISCO,06,CA,CALIFORNIA,94132,,CA-14,CA-11,,,,COUNTY-WIDE,USA,UNITED STATES,CA**075,,06075,SAN FRANCISCO,06,CALIFORNIA,,CA-14,CA-90,,59.073: PAYCHECK PROTECTION LOAN PROGRAM (PPP),,,08,GUARANTEED/INSURED LOAN (F),TO AID SMALL BUSINESSES IN MAINTAINING WORK FORCE DURING COVID-19 PANDEMIC.,NON,NOT RECOVERY ACT,P,INDIVIDUAL,2,NON-AGGREGATE RECORD,,,,,,,,,,,https://www.usaspending.gov/award/ASST_NON_3948198206_073/,2021-01-06 03:33:53.27803+00
ASST_NON_3969098210_073,3969098210,,SAI EXEMPT,,,,,,2020-08-27,2020,0.00,,,,0.00,0.00,0.00,2020-08-05,2020,,,073,Small Business Administration,7300,Small Business Administration,737010,OFC OF CAPITAL ACCESS,073,Small Business Administration,7300,Small Business Administration,737010,OFC OF CAPITAL ACCESS,,,,,,,QIULIANG YANG,QIULIANG YANG,,,,USA,UNITED STATES,1601 OCEAN FRONT WALKS UNIT 2,,82198,VENICE,06037,LOS ANGELES,06,CA,CALIFORNIA,90291,,CA-33,CA-36,,,,COUNTY-WIDE,USA,UNITED STATES,CA**037,,06037,LOS ANGELES,06,CALIFORNIA,,CA-33,CA-90,,59.073: PAYCHECK PROTECTION LOAN PROGRAM (PPP),,,08,GUARANTEED/INSURED LOAN (F),TO AID SMALL BUSINESSES IN MAINTAINING WORK FORCE DURING COVID-19 PANDEMIC.,NON,NOT RECOVERY ACT,P,INDIVIDUAL,2,NON-AGGREGATE RECORD,,,,,,,,,,,https://www.usaspending.gov/award/ASST_NON_3969098210_073/,2021-01-06 03:33:53.27803+00
ASST_NON_3969148201_073,3969148201,,SAI EXEMPT,,,,,,2020-08-27,2020,0.00,,,,0.00,0.00,0.00,2020-08-05,2020,,,073,Small Business Administration,7300,Small Business Administration,737010,OFC OF CAPITAL ACCESS,073,Small Business Administration,7300,Small Business Administration,737010,OFC OF CAPITAL ACCESS,,,,,,,CHANG TRUCKING,CHANG TRUCKING,,,,USA,UNITED STATES,3835 DOCKERY,,70882,SELMA,06019,FRESNO,06,CA,CALIFORNIA,93662,,CA-21,CA-21,,,,COUNTY-WIDE,USA,UNITED STATES,CA**019,,06019,FRESNO,06,CALIFORNIA,,CA-21,CA-90,,59.073: PAYCHECK PROTECTION LOAN PROGRAM (PPP),,,08,GUARANTEED/INSURED LOAN (F),TO AID SMALL BUSINESSES IN MAINTAINING WORK FORCE DURING COVID-19 PANDEMIC.,NON,NOT RECOVERY ACT,P,INDIVIDUAL,2,NON-AGGREGATE RECORD,,,,,,,,,,,https://www.usaspending.gov/award/ASST_NON_3969148201_073/,2021-01-06 03:33:53.27803+00
ASST_NON_3969238204_073,3969238204,,SAI EXEMPT,,,,,,2020-08-27,2020,0.00,,,,0.00,0.00,0.00,2020-08-05,2020,,,073,Small Business Administration,7300,Small Business Administration,737010,OFC OF CAPITAL ACCESS,073,Small Business Administration,7300,Small Business Administration,737010,OFC OF CAPITAL ACCESS,,,,,,,JOEL GODINEZ,JOEL GODINEZ,,,,USA,UNITED STATES,15069 FLOWER ST,,00296,ADELANTO,06071,SAN BERNARDINO,06,CA,CALIFORNIA,92301,,CA-08,CA-23,,,,COUNTY-WIDE,USA,UNITED STATES,CA**071,,06071,SAN BERNARDINO,06,CALIFORNIA,,CA-08,CA-90,,59.073: PAYCHECK PROTECTION LOAN PROGRAM (PPP),,,08,GUARANTEED/INSURED LOAN (F),TO AID SMALL BUSINESSES IN MAINTAINING WORK FORCE DURING COVID-19 PANDEMIC.,NON,NOT RECOVERY ACT,P,INDIVIDUAL,2,NON-AGGREGATE RECORD,,,,,,,,,,,https://www.usaspending.gov/award/ASST_NON_3969238204_073/,2021-01-06 03:33:53.27803+00
ASST_NON_3969298200_073,3969298200,,SAI EXEMPT,,,,,,2020-08-27,2020,0.00,,,,0.00,0.00,0.00,2020-08-05,2020,,,073,Small Business Administration,7300,Small Business Administration,737010,OFC OF CAPITAL ACCESS,073,Small Business Administration,7300,Small Business Administration,737010,OFC OF CAPITAL ACCESS,,,,,,,DANSBY SWAG,DANSBY SWAG,,,,USA,UNITED STATES,75 SAGINAW CIR,,64000,SACRAMENTO,06067,SACRAMENTO,06,CA,CALIFORNIA,95833,,CA-06,CA-06,,,,COUNTY-WIDE,USA,UNITED STATES,CA**067,,06067,SACRAMENTO,06,CALIFORNIA,,CA-06,CA-90,,59.073: PAYCHECK PROTECTION LOAN PROGRAM (PPP),,,08,GUARANTEED/INSURED LOAN (F),TO AID SMALL BUSINESSES IN MAINTAINING WORK FORCE DURING COVID-19 PANDEMIC.,NON,NOT RECOVERY ACT,P,INDIVIDUAL,2,NON-AGGREGATE RECORD,,,,,,,,,,,https://www.usaspending.gov/award/ASST_NON_3969298200_073/,2021-01-06 03:33:53.27803+00
ASST_NON_3969788205_073,3969788205,,SAI EXEMPT,,,,,,2020-08-27,2020,0.00,,,,0.00,0.00,0.00,2020-08-05,2020,,,073,Small Business Administration,7300,Small Business Administration,737010,OFC OF CAPITAL ACCESS,073,Small Business Administration,7300,Small Business Administration,737010,OFC OF CAPITAL ACCESS,,,,,,,ANN VO,ANN VO,,,,USA,UNITED STATES,15261 QUEENSBOROUGH ST.,,84550,WESTMINSTER,06059,ORANGE,06,CA,CALIFORNIA,92683,,CA-47,CA-45,,,,COUNTY-WIDE,USA,UNITED STATES,CA**059,,06059,ORANGE,06,CALIFORNIA,,CA-47,CA-90,,59.073: PAYCHECK PROTECTION LOAN PROGRAM (PPP),,,08,GUARANTEED/INSURED LOAN (F),TO AID SMALL BUSINESSES IN MAINTAINING WORK FORCE DURING COVID-19 PANDEMIC.,NON,NOT RECOVERY ACT,P,INDIVIDUAL,2,NON-AGGREGATE RECORD,,,,,,,,,,,https://www.usaspending.gov/award/ASST_NON_3969788205_073/,2021-01-06 03:33:53.27803+00
ASST_NON_3969818201_073,3969818201,,SAI EXEMPT,,,,,,2020-08-27,2020,0.00,,,,0.00,0.00,0.00,2020-08-05,2020,,,073,Small Business Administration,7300,Small Business Administration,737010,OFC OF CAPITAL ACCESS,073,Small Business Administration,7300,Small Business Administration,737010,OFC OF CAPITAL ACCESS,,,,,,,EMILIO FLORES,EMILIO FLORES,,,,USA,UNITED STATES,10371 16 TH ST,,29000,GARDEN GROVE,06059,ORANGE,06,CA,CALIFORNIA,92843,,CA-47,CA-45,,,,COUNTY-WIDE,USA,UNITED STATES,CA**059,,06059,ORANGE,06,CALIFORNIA,,CA-47,CA-90,,59.073: PAYCHECK PROTECTION LOAN PROGRAM (PPP),,,08,GUARANTEED/INSURED LOAN (F),TO AID SMALL BUSINESSES IN MAINTAINING WORK FORCE DURING COVID-19 PANDEMIC.,NON,NOT RECOVERY ACT,P,INDIVIDUAL,2,NON-AGGREGATE RECORD,,,,,,,,,,,https://www.usaspending.gov/award/ASST_NON_3969818201_073/,2021-01-06 03:33:53.27803+00
ASST_NON_3969988206_073,3969988206,,SAI EXEMPT,,,,,,2020-08-27,2020,0.00,,,,0.00,0.00,0.00,2020-08-05,2020,,,073,Small Business Administration,7300,Small Business Administration,737010,OFC OF CAPITAL ACCESS,073,Small Business Administration,7300,Small Business Administration,737010,OFC OF CAPITAL ACCESS,,,,,,,DANIEL HWANG,DANIEL HWANG,,,,USA,UNITED STATES,450 GOLDEN SPRINGS DRIVE,UNIT G,19192,DIAMOND BAR,06037,LOS ANGELES,06,CA,CALIFORNIA,91765,,CA-39,CA-38,,,,COUNTY-WIDE,USA,UNITED STATES,CA**037,,06037,LOS ANGELES,06,CALIFORNIA,,CA-39,CA-90,,59.073: PAYCHECK PROTECTION LOAN PROGRAM (PPP),,,08,GUARANTEED/INSURED LOAN (F),TO AID SMALL BUSINESSES IN MAINTAINING WORK FORCE DURING COVID-19 PANDEMIC.,NON,NOT RECOVERY ACT,P,INDIVIDUAL,2,NON-AGGREGATE RECORD,,,,,,,,,,,https://www.usaspending.gov/award/ASST_NON_3969988206_073/,2021-01-06 03:33:53.27803+00
ASST_NON_3970128203_073,3970128203,,SAI EXEMPT,,,,,,2020-08-27,2020,0.00,,,,0.00,0.00,0.00,2020-08-05,2020,,,073,Small Business Administration,7300,Small Business Administration,737010,OFC OF CAPITAL ACCESS,073,Small Business Administration,7300,Small Business Administration,737010,OFC OF CAPITAL ACCESS,,,,,,,PAPPAS BEANS LLC,PAPPAS BEANS LLC,,,,USA,UNITED STATES,1045 E 2ND STREET,,43000,LONG BEACH,06037,LOS ANGELES,06,CA,CALIFORNIA,90802,,CA-47,CA-42,,,,COUNTY-WIDE,USA,UNITED STATES,CA**037,,06037,LOS ANGELES,06,CALIFORNIA,,CA-47,CA-90,,59.073: PAYCHECK PROTECTION LOAN PROGRAM (PPP),,,08,GUARANTEED/INSURED LOAN (F),TO AID SMALL BUSINESSES IN MAINTAINING WORK FORCE DURING COVID-19 PANDEMIC.,NON,NOT RECOVERY ACT,P,INDIVIDUAL,2,NON-AGGREGATE RECORD,,,,,,,,,,,https://www.usaspending.gov/award/ASST_NON_3970128203_073/,2021-01-06 03:33:53.27803+00
ASST_NON_3986678209_073,3986678209,,SAI EXEMPT,,,,,,2020-08-27,2020,0.00,,,,0.00,0.00,0.00,2020-08-05,2020,,,073,Small Business Administration,7300,Small Business Administration,737010,OFC OF CAPITAL ACCESS,073,Small Business Administration,7300,Small Business Administration,737010,OFC OF CAPITAL ACCESS,,,,,,,MAHMOOD SAFI,MAHMOOD SAFI,,,,USA,UNITED STATES,1565 COULSTON ST,APT 7,65000,SAN BERNARDINO,06071,SAN BERNARDINO,06,CA,CALIFORNIA,92408,,CA-31,CA-33,,,,COUNTY-WIDE,USA,UNITED STATES,CA**071,,06071,SAN BERNARDINO,06,CALIFORNIA,,CA-31,CA-90,,59.073: PAYCHECK PROTECTION LOAN PROGRAM (PPP),,,08,GUARANTEED/INSURED LOAN (F),TO AID SMALL BUSINESSES IN MAINTAINING WORK FORCE DURING COVID-19 PANDEMIC.,NON,NOT RECOVERY ACT,P,INDIVIDUAL,2,NON-AGGREGATE RECORD,,,,,,,,,,,https://www.usaspending.gov/award/ASST_NON_3986678209_073/,2021-01-06 03:33:53.27803+00
ASST_NON_4015478210_073,4015478210,,SAI EXEMPT,,,,,,2020-08-27,2020,0.00,,,,0.00,0.00,0.00,2020-08-05,2020,,,073,Small Business Administration,7300,Small Business Administration,737010,OFC OF CAPITAL ACCESS,073,Small Business Administration,7300,Small Business Administration,737010,OFC OF CAPITAL ACCESS,,,,,,,MIRIAN CORONA,MIRIAN CORONA,,,,USA,UNITED STATES,225 SOUTH MILPAS ST,,69070,SANTA BARBARA,06083,SANTA BARBARA,06,CA,CALIFORNIA,93103,,CA-24,CA-24,,,,COUNTY-WIDE,USA,UNITED STATES,CA**083,,06083,SANTA BARBARA,06,CALIFORNIA,,CA-24,CA-24,,59.073: PAYCHECK PROTECTION LOAN PROGRAM (PPP),,,08,GUARANTEED/INSURED LOAN (F),TO AID SMALL BUSINESSES IN MAINTAINING WORK FORCE DURING COVID-19 PANDEMIC.,NON,NOT RECOVERY ACT,P,INDIVIDUAL,2,NON-AGGREGATE RECORD,,,,,,,,,,,https://www.usaspending.gov/award/ASST_NON_4015478210_073/,2021-01-06 03:33:53.27803+00
ASST_NON_4016018203_073,4016018203,,SAI EXEMPT,,,,,,2020-08-27,2020,0.00,,,,0.00,0.00,0.00,2020-08-05,2020,,,073,Small Business Administration,7300,Small Business Administration,737010,OFC OF CAPITAL ACCESS,073,Small Business Administration,7300,Small Business Administration,737010,OFC OF CAPITAL ACCESS,,,,,,,RAFAEL ARVIV,RAFAEL ARVIV,,,,USA,UNITED STATES,8175 GOULD AVE,,44000,LOS ANGELES,06037,LOS ANGELES,06,CA,CALIFORNIA,90046,,CA-28,CA-30,,,,COUNTY-WIDE,USA,UNITED STATES,CA**037,,06037,LOS ANGELES,06,CALIFORNIA,,CA-28,CA-90,,59.073: PAYCHECK PROTECTION LOAN PROGRAM (PPP),,,08,GUARANTEED/INSURED LOAN (F),TO AID SMALL BUSINESSES IN MAINTAINING WORK FORCE DURING COVID-19 PANDEMIC.,NON,NOT RECOVERY ACT,P,INDIVIDUAL,2,NON-AGGREGATE RECORD,,,,,,,,,,,https://www.usaspending.gov/award/ASST_NON_4016018203_073/,2021-01-06 03:33:53.27803+00
ASST_NON_4018258209_073,4018258209,,SAI EXEMPT,,,,,,2020-08-27,2020,0.00,,,,0.00,0.00,0.00,2020-08-05,2020,,,073,Small Business Administration,7300,Small Business Administration,737010,OFC OF CAPITAL ACCESS,073,Small Business Administration,7300,Small Business Administration,737010,OFC OF CAPITAL ACCESS,,,,,,,FIRST CUP,FIRST CUP,,,,USA,UNITED STATES,2911 VAN NESS AVE,,67000,SAN FRANCISCO,06075,SAN FRANCISCO,06,CA,CALIFORNIA,94109,,CA-12,CA-11,,,,COUNTY-WIDE,USA,UNITED STATES,CA**075,,06075,SAN FRANCISCO,06,CALIFORNIA,,CA-12,CA-90,,59.073: PAYCHECK PROTECTION LOAN PROGRAM (PPP),,,08,GUARANTEED/INSURED LOAN (F),TO AID SMALL BUSINESSES IN MAINTAINING WORK FORCE DURING COVID-19 PANDEMIC.,NON,NOT RECOVERY ACT,P,INDIVIDUAL,2,NON-AGGREGATE RECORD,,,,,,,,,,,https://www.usaspending.gov/award/ASST_NON_4018258209_073/,2021-01-06 03:33:53.27803+00
ASST_NON_4019248208_073,4019248208,,SAI EXEMPT,,,,,,2020-08-27,2020,0.00,,,,0.00,0.00,0.00,2020-08-05,2020,,,073,Small Business Administration,7300,Small Business Administration,737010,OFC OF CAPITAL ACCESS,073,Small Business Administration,7300,Small Business Administration,737010,OFC OF CAPITAL ACCESS,,,,,,,SANDRA OBENG,SANDRA OBENG,,,,USA,UNITED STATES,9312 BOCINA LANE,,03064,ATASCADERO,06079,SAN LUIS OBISPO,06,CA,CALIFORNIA,93422,,CA-24,CA-19,,,,COUNTY-WIDE,USA,UNITED STATES,CA**079,,06079,SAN LUIS OBISPO,06,CALIFORNIA,,CA-24,CA-90,,59.073: PAYCHECK PROTECTION LOAN PROGRAM (PPP),,,08,GUARANTEED/INSURED LOAN (F),TO AID SMALL BUSINESSES IN MAINTAINING WORK FORCE DURING COVID-19 PANDEMIC.,NON,NOT RECOVERY ACT,P,INDIVIDUAL,2,NON-AGGREGATE RECORD,,,,,,,,,,,https://www.usaspending.gov/award/ASST_NON_4019248208_073/,2021-01-06 03:33:53.27803+00
ASST_NON_4019628204_073,4019628204,,SAI EXEMPT,,,,,,2020-08-27,2020,0.00,,,,0.00,0.00,0.00,2020-08-05,2020,,,073,Small Business Administration,7300,Small Business Administration,737010,OFC OF CAPITAL ACCESS,073,Small Business Administration,7300,Small Business Administration,737010,OFC OF CAPITAL ACCESS,,,,,,,CHRISTOPHER CASEY,CHRISTOPHER CASEY,,,,USA,UNITED STATES,551 CAMINO TERRA SANTA,APT 322,10046,CAMARILLO,06111,VENTURA,06,CA,CALIFORNIA,93010,,CA-26,CA-26,,,,COUNTY-WIDE,USA,UNITED STATES,CA**111,,06111,VENTURA,06,CALIFORNIA,,CA-26,CA-26,,59.073: PAYCHECK PROTECTION LOAN PROGRAM (PPP),,,08,GUARANTEED/INSURED LOAN (F),TO AID SMALL BUSINESSES IN MAINTAINING WORK FORCE DURING COVID-19 PANDEMIC.,NON,NOT RECOVERY ACT,P,INDIVIDUAL,2,NON-AGGREGATE RECORD,,,,,,,,,,,https://www.usaspending.gov/award/ASST_NON_4019628204_073/,2021-01-06 03:33:53.27803+00
ASST_NON_4019778203_073,4019778203,,SAI EXEMPT,,,,,,2020-08-27,2020,0.00,,,,0.00,0.00,0.00,2020-08-05,2020,,,073,Small Business Administration,7300,Small Business Administration,737010,OFC OF CAPITAL ACCESS,073,Small Business Administration,7300,Small Business Administration,737010,OFC OF CAPITAL ACCESS,,,,,,,BERRY G RANDLE,BERRY G RANDLE,,,,USA,UNITED STATES,2456 44TH ST,,66000,SAN DIEGO,06073,SAN DIEGO,06,CA,CALIFORNIA,92105,,CA-51,CA-52,,,,COUNTY-WIDE,USA,UNITED STATES,CA**073,,06073,SAN DIEGO,06,CALIFORNIA,,CA-51,CA-90,,59.073: PAYCHECK PROTECTION LOAN PROGRAM (PPP),,,08,GUARANTEED/INSURED LOAN (F),TO AID SMALL BUSINESSES IN MAINTAINING WORK FORCE DURING COVID-19 PANDEMIC.,NON,NOT RECOVERY ACT,P,INDIVIDUAL,2,NON-AGGREGATE RECORD,,,,,,,,,,,https://www.usaspending.gov/award/ASST_NON_4019778203_073/,2021-01-06 03:33:53.27803+00
ASST_NON_4020548201_073,4020548201,,SAI EXEMPT,,,,,,2020-08-27,2020,0.00,,,,0.00,0.00,0.00,2020-08-05,2020,,,073,Small Business Administration,7300,Small Business Administration,737010,OFC OF CAPITAL ACCESS,073,Small Business Administration,7300,Small Business Administration,737010,OFC OF CAPITAL ACCESS,,,,,,,SO CAL WEST REALTY,SO CAL WEST REALTY,,,,USA,UNITED STATES,25907 HOLLYBERRY LANE,,49270,MORENO VALLEY,06065,RIVERSIDE,06,CA,CALIFORNIA,92553,,CA-41,CA-39,,,,COUNTY-WIDE,USA,UNITED STATES,CA**065,,06065,RIVERSIDE,06,CALIFORNIA,,CA-41,CA-90,,59.073: PAYCHECK PROTECTION LOAN PROGRAM (PPP),,,08,GUARANTEED/INSURED LOAN (F),TO AID SMALL BUSINESSES IN MAINTAINING WORK FORCE DURING COVID-19 PANDEMIC.,NON,NOT RECOVERY ACT,P,INDIVIDUAL,2,NON-AGGREGATE RECORD,,,,,,,,,,,https://www.usaspending.gov/award/ASST_NON_4020548201_073/,2021-01-06 03:33:53.27803+00
ASST_NON_4020578210_073,4020578210,,SAI EXEMPT,,,,,,2020-08-27,2020,0.00,,,,0.00,0.00,0.00,2020-08-05,2020,,,073,Small Business Administration,7300,Small Business Administration,737010,OFC OF CAPITAL ACCESS,073,Small Business Administration,7300,Small Business Administration,737010,OFC OF CAPITAL ACCESS,,,,,,,MIKAYEL MIKAYELYAN,MIKAYEL MIKAYELYAN,,,,USA,UNITED STATES,12246 MOORPARK ST,202,75434,STUDIO CITY,06037,LOS ANGELES,06,CA,CALIFORNIA,91604,,CA-30,CA-32,,,,COUNTY-WIDE,USA,UNITED STATES,CA**037,,06037,LOS ANGELES,06,CALIFORNIA,,CA-30,CA-90,,59.073: PAYCHECK PROTECTION LOAN PROGRAM (PPP),,,08,GUARANTEED/INSURED LOAN (F),TO AID SMALL BUSINESSES IN MAINTAINING WORK FORCE DURING COVID-19 PANDEMIC.,NON,NOT RECOVERY ACT,P,INDIVIDUAL,2,NON-AGGREGATE RECORD,,,,,,,,,,,https://www.usaspending.gov/award/ASST_NON_4020578210_073/,2021-01-06 03:33:53.27803+00
ASST_NON_4020748202_073,4020748202,,SAI EXEMPT,,,,,,2020-08-27,2020,0.00,,,,0.00,0.00,0.00,2020-08-05,2020,,,073,Small Business Administration,7300,Small Business Administration,737010,OFC OF CAPITAL ACCESS,073,Small Business Administration,7300,Small Business Administration,737010,OFC OF CAPITAL ACCESS,,,,,,,JESSICA YOUNG SANDOVAL,JESSICA YOUNG SANDOVAL,,,,USA,UNITED STATES,79109 CLIFF ST,,36448,INDIO,06065,RIVERSIDE,06,CA,CALIFORNIA,92203,,CA-36,CA-25,,,,COUNTY-WIDE,USA,UNITED STATES,CA**065,,06065,RIVERSIDE,06,CALIFORNIA,,CA-36,CA-90,,59.073: PAYCHECK PROTECTION LOAN PROGRAM (PPP),,,08,GUARANTEED/INSURED LOAN (F),TO AID SMALL BUSINESSES IN MAINTAINING WORK FORCE DURING COVID-19 PANDEMIC.,NON,NOT RECOVERY ACT,P,INDIVIDUAL,2,NON-AGGREGATE RECORD,,,,,,,,,,,https://www.usaspending.gov/award/ASST_NON_4020748202_073/,2021-01-06 03:33:53.27803+00
ASST_NON_4021188202_073,4021188202,,SAI EXEMPT,,,,,,2020-08-27,2020,0.00,,,,0.00,0.00,0.00,2020-08-05,2020,,,073,Small Business Administration,7300,Small Business Administration,737010,OFC OF CAPITAL ACCESS,073,Small Business Administration,7300,Small Business Administration,737010,OFC OF CAPITAL ACCESS,,,,,,,"ENGAGE LOGIC, INC.","ENGAGE LOGIC, INC.",,,,USA,UNITED STATES,3080 OLCOTT S,STE 130C,69084,SANTA CLARA,06085,SANTA CLARA,06,CA,CALIFORNIA,95054,,CA-17,CA-17,,,,COUNTY-WIDE,USA,UNITED STATES,CA**085,,06085,SANTA CLARA,06,CALIFORNIA,,CA-17,CA-90,,59.073: PAYCHECK PROTECTION LOAN PROGRAM (PPP),,,08,GUARANTEED/INSURED LOAN (F),TO AID SMALL BUSINESSES IN MAINTAINING WORK FORCE DURING COVID-19 PANDEMIC.,NON,NOT RECOVERY ACT,R,SMALL BUSINESS,2,NON-AGGREGATE RECORD,,,,,,,,,,,https://www.usaspending.gov/award/ASST_NON_4021188202_073/,2021-01-06 03:33:53.27803+00
ASST_NON_4084218206_073,4084218206,,SAI EXEMPT,,,,,,2020-08-27,2020,0.00,,,,0.00,0.00,0.00,2020-08-05,2020,,,073,Small Business Administration,7300,Small Business Administration,737010,OFC OF CAPITAL ACCESS,073,Small Business Administration,7300,Small Business Administration,737010,OFC OF CAPITAL ACCESS,,,,,,,GLASSBOND AUTO GLASS,GLASSBOND AUTO GLASS,,,,USA,UNITED STATES,7536 KNOTT AVENUE,,08786,BUENA PARK,06059,ORANGE,06,CA,CALIFORNIA,90620,,CA-39,CA-45,,,,COUNTY-WIDE,USA,UNITED STATES,CA**059,,06059,ORANGE,06,CALIFORNIA,,CA-39,CA-90,,59.073: PAYCHECK PROTECTION LOAN PROGRAM (PPP),,,08,GUARANTEED/INSURED LOAN (F),TO AID SMALL BUSINESSES IN MAINTAINING WORK FORCE DURING COVID-19 PANDEMIC.,NON,NOT RECOVERY ACT,P,INDIVIDUAL,2,NON-AGGREGATE RECORD,,,,,,,,,,,https://www.usaspending.gov/award/ASST_NON_4084218206_073/,2021-01-06 03:33:53.27803+00
ASST_NON_4084368205_073,4084368205,,SAI EXEMPT,,,,,,2020-08-27,2020,0.00,,,,0.00,0.00,0.00,2020-08-05,2020,,,073,Small Business Administration,7300,Small Business Administration,737010,OFC OF CAPITAL ACCESS,073,Small Business Administration,7300,Small Business Administration,737010,OFC OF CAPITAL ACCESS,,,,,,,YANDRA Y RIVERA,YANDRA Y RIVERA,,,,USA,UNITED STATES,11536 DEARBORN CT,,54960,PACOIMA,06037,LOS ANGELES,06,CA,CALIFORNIA,91331,,CA-29,CA-29,,,,COUNTY-WIDE,USA,UNITED STATES,CA**037,,06037,LOS ANGELES,06,CALIFORNIA,,CA-29,CA-90,,59.073: PAYCHECK PROTECTION LOAN PROGRAM (PPP),,,08,GUARANTEED/INSURED LOAN (F),TO AID SMALL BUSINESSES IN MAINTAINING WORK FORCE DURING COVID-19 PANDEMIC.,NON,NOT RECOVERY ACT,P,INDIVIDUAL,2,NON-AGGREGATE RECORD,,,,,,,,,,,https://www.usaspending.gov/award/ASST_NON_4084368205_073/,2021-01-06 03:33:53.27803+00
ASST_NON_4084998206_073,4084998206,,SAI EXEMPT,,,,,,2020-08-27,2020,0.00,,,,0.00,0.00,0.00,2020-08-05,2020,,,073,Small Business Administration,7300,Small Business Administration,737010,OFC OF CAPITAL ACCESS,073,Small Business Administration,7300,Small Business Administration,737010,OFC OF CAPITAL ACCESS,,,,,,,VAL ORNOY,VAL ORNOY,,,,USA,UNITED STATES,417 CENTRAL AVENUE,2,67000,SAN FRANCISCO,06075,SAN FRANCISCO,06,CA,CALIFORNIA,94117,,CA-12,CA-11,,,,COUNTY-WIDE,USA,UNITED STATES,CA**075,,06075,SAN FRANCISCO,06,CALIFORNIA,,CA-12,CA-90,,59.073: PAYCHECK PROTECTION LOAN PROGRAM (PPP),,,08,GUARANTEED/INSURED LOAN (F),TO AID SMALL BUSINESSES IN MAINTAINING WORK FORCE DURING COVID-19 PANDEMIC.,NON,NOT RECOVERY ACT,P,INDIVIDUAL,2,NON-AGGREGATE RECORD,,,,,,,,,,,https://www.usaspending.gov/award/ASST_NON_4084998206_073/,2021-01-06 03:33:53.27803+00
ASST_NON_4086148202_073,4086148202,,SAI EXEMPT,,,,,,2020-08-27,2020,0.00,,,,0.00,0.00,0.00,2020-08-05,2020,,,073,Small Business Administration,7300,Small Business Administration,737010,OFC OF CAPITAL ACCESS,073,Small Business Administration,7300,Small Business Administration,737010,OFC OF CAPITAL ACCESS,,,,,,,BAILEY JONES,BAILEY JONES,,,,USA,UNITED STATES,430 PALM CIRCLE,,80238,TRACY,06077,SAN JOAQUIN,06,CA,CALIFORNIA,95376,,CA-10,CA-09,,,,COUNTY-WIDE,USA,UNITED STATES,CA**077,,06077,SAN JOAQUIN,06,CALIFORNIA,,CA-10,CA-09,,59.073: PAYCHECK PROTECTION LOAN PROGRAM (PPP),,,08,GUARANTEED/INSURED LOAN (F),TO AID SMALL BUSINESSES IN MAINTAINING WORK FORCE DURING COVID-19 PANDEMIC.,NON,NOT RECOVERY ACT,P,INDIVIDUAL,2,NON-AGGREGATE RECORD,,,,,,,,,,,https://www.usaspending.gov/award/ASST_NON_4086148202_073/,2021-01-06 03:33:53.27803+00
ASST_NON_4087108203_073,4087108203,,SAI EXEMPT,,,,,,2020-08-27,2020,0.00,,,,0.00,0.00,0.00,2020-08-05,2020,,,073,Small Business Administration,7300,Small Business Administration,737010,OFC OF CAPITAL ACCESS,073,Small Business Administration,7300,Small Business Administration,737010,OFC OF CAPITAL ACCESS,,,,,,,NICHOLAS ROMERO,NICHOLAS ROMERO,,,,USA,UNITED STATES,1133 BROADWAY LN,,33182,HEMET,06065,RIVERSIDE,06,CA,CALIFORNIA,92545,,CA-36,CA-25,,,,COUNTY-WIDE,USA,UNITED STATES,CA**065,,06065,RIVERSIDE,06,CALIFORNIA,,CA-36,CA-90,,59.073: PAYCHECK PROTECTION LOAN PROGRAM (PPP),,,08,GUARANTEED/INSURED LOAN (F),TO AID SMALL BUSINESSES IN MAINTAINING WORK FORCE DURING COVID-19 PANDEMIC.,NON,NOT RECOVERY ACT,P,INDIVIDUAL,2,NON-AGGREGATE RECORD,,,,,,,,,,,https://www.usaspending.gov/award/ASST_NON_4087108203_073/,2021-01-06 03:33:53.27803+00
ASST_NON_4089447807_073,4089447807,,SAI EXEMPT,O: Non-emergency P.L. 116-136|Non-emergency P.L. 116-139|Non-emergency P.L. 116-260|Non-emergency P.L. 117-2,,0.00,,,2020-08-27,2020,0.00,0.00,,,0.00,0.00,0.00,2020-05-27,2020,,,073,Small Business Administration,7300,Small Business Administration,737010,OFC OF CAPITAL ACCESS,073,Small Business Administration,7300,Small Business Administration,737010,OFC OF CAPITAL ACCESS,073-2020/2021-1154-000,073-1154,"41.0: Grants, subsidies, and contributions",0702: LOAN GUARANTEE SUBSIDY,,,"PRITZKAT & JOHNSON ARCHITECTS, INC.","PRITZKAT & JOHNSON ARCHITECTS, INC.",,,,USA,UNITED STATES,306 VISTA DEL MAR STE A,,60018,REDONDO BEACH,06037,LOS ANGELES,06,CA,CALIFORNIA,90277,,CA-33,CA-36,,,,COUNTY-WIDE,USA,UNITED STATES,CA**037,,06037,LOS ANGELES,06,CALIFORNIA,,CA-33,CA-90,,59.073: PAYCHECK PROTECTION LOAN PROGRAM (PPP),,,08,GUARANTEED/INSURED LOAN (F),TO AID SMALL BUSINESSES IN MAINTAINING WORK FORCE DURING COVID-19 PANDEMIC.,NON,NOT RECOVERY ACT,R,SMALL BUSINESS,2,NON-AGGREGATE RECORD,,,,,,,,,,,https://www.usaspending.gov/award/ASST_NON_4089447807_073/,2021-01-06 03:33:53.27803+00
ASST_NON_4089478202_073,4089478202,,SAI EXEMPT,,,,,,2020-08-27,2020,0.00,,,,0.00,0.00,0.00,2020-08-05,2020,,,073,Small Business Administration,7300,Small Business Administration,737010,OFC OF CAPITAL ACCESS,073,Small Business Administration,7300,Small Business Administration,737010,OFC OF CAPITAL ACCESS,,,,,,,LEONEL REYES ENRIQUEZ,LEONEL REYES ENRIQUEZ,,,,USA,UNITED STATES,17230 MILLER AVE,,24680,FONTANA,06071,SAN BERNARDINO,06,CA,CALIFORNIA,92336,,CA-35,CA-33,,,,COUNTY-WIDE,USA,UNITED STATES,CA**071,,06071,SAN BERNARDINO,06,CALIFORNIA,,CA-35,CA-90,,59.073: PAYCHECK PROTECTION LOAN PROGRAM (PPP),,,08,GUARANTEED/INSURED LOAN (F),TO AID SMALL BUSINESSES IN MAINTAINING WORK FORCE DURING COVID-19 PANDEMIC.,NON,NOT RECOVERY ACT,P,INDIVIDUAL,2,NON-AGGREGATE RECORD,,,,,,,,,,,https://www.usaspending.gov/award/ASST_NON_4089478202_073/,2021-01-06 03:33:53.27803+00
ASST_NON_4099908204_073,4099908204,,SAI EXEMPT,,,,,,2020-08-27,2020,0.00,,,,0.00,0.00,0.00,2020-08-05,2020,,,073,Small Business Administration,7300,Small Business Administration,737010,OFC OF CAPITAL ACCESS,073,Small Business Administration,7300,Small Business Administration,737010,OFC OF CAPITAL ACCESS,,,,,,,DURANTE MANN,DURANTE MANN,,,,USA,UNITED STATES,1337 WEST 127TH STREET,,44000,LOS ANGELES,06037,LOS ANGELES,06,CA,CALIFORNIA,90044,,CA-43,CA-90,,,,COUNTY-WIDE,USA,UNITED STATES,CA**037,,06037,LOS ANGELES,06,CALIFORNIA,,CA-43,CA-90,,59.073: PAYCHECK PROTECTION LOAN PROGRAM (PPP),,,08,GUARANTEED/INSURED LOAN (F),TO AID SMALL BUSINESSES IN MAINTAINING WORK FORCE DURING COVID-19 PANDEMIC.,NON,NOT RECOVERY ACT,P,INDIVIDUAL,2,NON-AGGREGATE RECORD,,,,,,,,,,,https://www.usaspending.gov/award/ASST_NON_4099908204_073/,2021-01-06 03:33:53.27803+00
ASST_NON_4105458208_073,4105458208,,SAI EXEMPT,,,,,,2020-08-27,2020,0.00,,,,0.00,0.00,0.00,2020-08-05,2020,,,073,Small Business Administration,7300,Small Business Administration,737010,OFC OF CAPITAL ACCESS,073,Small Business Administration,7300,Small Business Administration,737010,OFC OF CAPITAL ACCESS,,,,,,,RUDY CALHOUN,RUDY CALHOUN,,,,USA,UNITED STATES,34623 VELVETLEAF ST,,85894,WINCHESTER,06065,RIVERSIDE,06,CA,CALIFORNIA,92596,,CA-42,CA-41,,,,COUNTY-WIDE,USA,UNITED STATES,CA**065,,06065,RIVERSIDE,06,CALIFORNIA,,CA-42,CA-90,,59.073: PAYCHECK PROTECTION LOAN PROGRAM (PPP),,,08,GUARANTEED/INSURED LOAN (F),TO AID SMALL BUSINESSES IN MAINTAINING WORK FORCE DURING COVID-19 PANDEMIC.,NON,NOT RECOVERY ACT,P,INDIVIDUAL,2,NON-AGGREGATE RECORD,,,,,,,,,,,https://www.usaspending.gov/award/ASST_NON_4105458208_073/,2021-01-06 03:33:53.27803+00
ASST_NON_4105478203_073,4105478203,,SAI EXEMPT,,,,,,2020-08-27,2020,0.00,,,,0.00,0.00,0.00,2020-08-05,2020,,,073,Small Business Administration,7300,Small Business Administration,737010,OFC OF CAPITAL ACCESS,073,Small Business Administration,7300,Small Business Administration,737010,OFC OF CAPITAL ACCESS,,,,,,,ON GRADE V-DITCH EXCAVATING LLC,ON GRADE V-DITCH EXCAVATING LLC,,,,USA,UNITED STATES,16286 PINE AVE,,24680,FONTANA,06071,SAN BERNARDINO,06,CA,CALIFORNIA,92335,,CA-35,CA-35,,,,COUNTY-WIDE,USA,UNITED STATES,CA**071,,06071,SAN BERNARDINO,06,CALIFORNIA,,CA-35,CA-90,,59.073: PAYCHECK PROTECTION LOAN PROGRAM (PPP),,,08,GUARANTEED/INSURED LOAN (F),TO AID SMALL BUSINESSES IN MAINTAINING WORK FORCE DURING COVID-19 PANDEMIC.,NON,NOT RECOVERY ACT,R,SMALL BUSINESS,2,NON-AGGREGATE RECORD,,,,,,,,,,,https://www.usaspending.gov/award/ASST_NON_4105478203_073/,2021-01-06 03:33:53.27803+00
ASST_NON_4105518202_073,4105518202,,SAI EXEMPT,,,,,,2020-08-27,2020,0.00,,,,0.00,0.00,0.00,2020-08-05,2020,,,073,Small Business Administration,7300,Small Business Administration,737010,OFC OF CAPITAL ACCESS,073,Small Business Administration,7300,Small Business Administration,737010,OFC OF CAPITAL ACCESS,,,,,,,EHIME PEARL INC.,EHIME PEARL INC.,,,,USA,UNITED STATES,4660 LA JOLLA VILLAGE DR,SUITE 100,66000,SAN DIEGO,06073,SAN DIEGO,06,CA,CALIFORNIA,92122,,CA-52,CA-50,,,,COUNTY-WIDE,USA,UNITED STATES,CA**073,,06073,SAN DIEGO,06,CALIFORNIA,,CA-52,CA-90,,59.073: PAYCHECK PROTECTION LOAN PROGRAM (PPP),,,08,GUARANTEED/INSURED LOAN (F),TO AID SMALL BUSINESSES IN MAINTAINING WORK FORCE DURING COVID-19 PANDEMIC.,NON,NOT RECOVERY ACT,R,SMALL BUSINESS,2,NON-AGGREGATE RECORD,,,,,,,,,,,https://www.usaspending.gov/award/ASST_NON_4105518202_073/,2021-01-06 03:33:53.27803+00
ASST_NON_4105938210_073,4105938210,,SAI EXEMPT,,,,,,2020-08-27,2020,0.00,,,,0.00,0.00,0.00,2020-08-05,2020,,,073,Small Business Administration,7300,Small Business Administration,737010,OFC OF CAPITAL ACCESS,073,Small Business Administration,7300,Small Business Administration,737010,OFC OF CAPITAL ACCESS,,,,,,,"ALBANS ENTERPRISES, LLC","ALBANS ENTERPRISES, LLC",,,,USA,UNITED STATES,1045 S. WESTERN AVE.  STE A,,44000,LOS ANGELES,06037,LOS ANGELES,06,CA,CALIFORNIA,90006,,CA-34,CA-34,,,,COUNTY-WIDE,USA,UNITED STATES,CA**037,,06037,LOS ANGELES,06,CALIFORNIA,,CA-34,CA-90,,59.073: PAYCHECK PROTECTION LOAN PROGRAM (PPP),,,08,GUARANTEED/INSURED LOAN (F),TO AID SMALL BUSINESSES IN MAINTAINING WORK FORCE DURING COVID-19 PANDEMIC.,NON,NOT RECOVERY ACT,R,SMALL BUSINESS,2,NON-AGGREGATE RECORD,,,,,,,,,,,https://www.usaspending.gov/award/ASST_NON_4105938210_073/,2021-01-06 03:33:53.27803+00
ASST_NON_4108157407_073,4108157407,,SAI EXEMPT,O: Non-emergency P.L. 116-136|Non-emergency P.L. 116-139|Non-emergency P.L. 116-260|Non-emergency P.L. 117-2,,0.00,,,2020-08-27,2020,0.00,0.00,,,0.00,0.00,0.00,2020-05-08,2020,,,073,Small Business Administration,7300,Small Business Administration,737010,OFC OF CAPITAL ACCESS,073,Small Business Administration,7300,Small Business Administration,737010,OFC OF CAPITAL ACCESS,073-2020/2021-1154-000,073-1154,"41.0: Grants, subsidies, and contributions",0702: LOAN GUARANTEE SUBSIDY,,,TE AND EM NAILS,TE AND EM NAILS,,,,USA,UNITED STATES,650 LIGHTHOUSE AVE STE 120,,54848,PACIFIC GROVE,06053,MONTEREY,06,CA,CALIFORNIA,93950,,CA-20,CA-19,,,,COUNTY-WIDE,USA,UNITED STATES,CA**053,,06053,MONTEREY,06,CALIFORNIA,,CA-20,CA-90,,59.073: PAYCHECK PROTECTION LOAN PROGRAM (PPP),,,08,GUARANTEED/INSURED LOAN (F),TO AID SMALL BUSINESSES IN MAINTAINING WORK FORCE DURING COVID-19 PANDEMIC.,NON,NOT RECOVERY ACT,P,INDIVIDUAL,2,NON-AGGREGATE RECORD,,,,,,,,,,,https://www.usaspending.gov/award/ASST_NON_4108157407_073/,2021-01-06 03:33:53.27803+00
ASST_NON_4123238205_073,4123238205,,SAI EXEMPT,,,,,,2020-08-27,2020,0.00,,,,0.00,0.00,0.00,2020-08-05,2020,,,073,Small Business Administration,7300,Small Business Administration,737010,OFC OF CAPITAL ACCESS,073,Small Business Administration,7300,Small Business Administration,737010,OFC OF CAPITAL ACCESS,,,,,,,STEPAN GAMADJIAN,STEPAN GAMADJIAN,,,,USA,UNITED STATES,2031 PEPPERWOOD LN,,19990,DUARTE,06037,LOS ANGELES,06,CA,CALIFORNIA,91010,,CA-32,CA-31,,,,COUNTY-WIDE,USA,UNITED STATES,CA**037,,06037,LOS ANGELES,06,CALIFORNIA,,CA-32,CA-90,,59.073: PAYCHECK PROTECTION LOAN PROGRAM (PPP),,,08,GUARANTEED/INSURED LOAN (F),TO AID SMALL BUSINESSES IN MAINTAINING WORK FORCE DURING COVID-19 PANDEMIC.,NON,NOT RECOVERY ACT,P,INDIVIDUAL,2,NON-AGGREGATE RECORD,,,,,,,,,,,https://www.usaspending.gov/award/ASST_NON_4123238205_073/,2021-01-06 03:33:53.27803+00
ASST_NON_4123438206_073,4123438206,,SAI EXEMPT,,,,,,2020-08-27,2020,0.00,,,,0.00,0.00,0.00,2020-08-05,2020,,,073,Small Business Administration,7300,Small Business Administration,737010,OFC OF CAPITAL ACCESS,073,Small Business Administration,7300,Small Business Administration,737010,OFC OF CAPITAL ACCESS,,,,,,,EUN SUNG KOO,EUN SUNG KOO,,,,USA,UNITED STATES,450 GOLDEN SPRINGS DR,UNIT G,19192,DIAMOND BAR,06037,LOS ANGELES,06,CA,CALIFORNIA,91765,,CA-39,CA-38,,,,COUNTY-WIDE,USA,UNITED STATES,CA**037,,06037,LOS ANGELES,06,CALIFORNIA,,CA-39,CA-90,,59.073: PAYCHECK PROTECTION LOAN PROGRAM (PPP),,,08,GUARANTEED/INSURED LOAN (F),TO AID SMALL BUSINESSES IN MAINTAINING WORK FORCE DURING COVID-19 PANDEMIC.,NON,NOT RECOVERY ACT,P,INDIVIDUAL,2,NON-AGGREGATE RECORD,,,,,,,,,,,https://www.usaspending.gov/award/ASST_NON_4123438206_073/,2021-01-06 03:33:53.27803+00
ASST_NON_4123638207_073,4123638207,,SAI EXEMPT,,,,,,2020-08-27,2020,0.00,,,,0.00,0.00,0.00,2020-08-05,2020,,,073,Small Business Administration,7300,Small Business Administration,737010,OFC OF CAPITAL ACCESS,073,Small Business Administration,7300,Small Business Administration,737010,OFC OF CAPITAL ACCESS,,,,,,,NICK GONZALEZ,NICK GONZALEZ,,,,USA,UNITED STATES,306 W 3RD ST,312,44000,LOS ANGELES,06037,LOS ANGELES,06,CA,CALIFORNIA,90013,,CA-34,CA-34,,,,COUNTY-WIDE,USA,UNITED STATES,CA**037,,06037,LOS ANGELES,06,CALIFORNIA,,CA-34,CA-90,,59.073: PAYCHECK PROTECTION LOAN PROGRAM (PPP),,,08,GUARANTEED/INSURED LOAN (F),TO AID SMALL BUSINESSES IN MAINTAINING WORK FORCE DURING COVID-19 PANDEMIC.,NON,NOT RECOVERY ACT,P,INDIVIDUAL,2,NON-AGGREGATE RECORD,,,,,,,,,,,https://www.usaspending.gov/award/ASST_NON_4123638207_073/,2021-01-06 03:33:53.27803+00
ASST_NON_4123698203_073,4123698203,,SAI EXEMPT,,,,,,2020-08-27,2020,0.00,,,,0.00,0.00,0.00,2020-08-05,2020,,,073,Small Business Administration,7300,Small Business Administration,737010,OFC OF CAPITAL ACCESS,073,Small Business Administration,7300,Small Business Administration,737010,OFC OF CAPITAL ACCESS,,,,,,,SHANNON POWELL,SHANNON POWELL,,,,USA,UNITED STATES,2003 ESCARPA DRIVE,,44000,LOS ANGELES,06037,LOS ANGELES,06,CA,CALIFORNIA,90041,,CA-34,CA-34,,,,COUNTY-WIDE,USA,UNITED STATES,CA**037,,06037,LOS ANGELES,06,CALIFORNIA,,CA-34,CA-90,,59.073: PAYCHECK PROTECTION LOAN PROGRAM (PPP),,,08,GUARANTEED/INSURED LOAN (F),TO AID SMALL BUSINESSES IN MAINTAINING WORK FORCE DURING COVID-19 PANDEMIC.,NON,NOT RECOVERY ACT,P,INDIVIDUAL,2,NON-AGGREGATE RECORD,,,,,,,,,,,https://www.usaspending.gov/award/ASST_NON_4123698203_073/,2021-01-06 03:33:53.27803+00
ASST_NON_4123808210_073,4123808210,,SAI EXEMPT,,,,,,2020-08-27,2020,0.00,,,,0.00,0.00,0.00,2020-08-05,2020,,,073,Small Business Administration,7300,Small Business Administration,737010,OFC OF CAPITAL ACCESS,073,Small Business Administration,7300,Small Business Administration,737010,OFC OF CAPITAL ACCESS,,,,,,,ROSHANNA FLOWERS,ROSHANNA FLOWERS,,,,USA,UNITED STATES,1120 N. WEST ST,E,02000,ANAHEIM,06059,ORANGE,06,CA,CALIFORNIA,92801,,CA-46,CA-46,,,,COUNTY-WIDE,USA,UNITED STATES,CA**059,,06059,ORANGE,06,CALIFORNIA,,CA-46,CA-90,,59.073: PAYCHECK PROTECTION LOAN PROGRAM (PPP),,,08,GUARANTEED/INSURED LOAN (F),TO AID SMALL BUSINESSES IN MAINTAINING WORK FORCE DURING COVID-19 PANDEMIC.,NON,NOT RECOVERY ACT,P,INDIVIDUAL,2,NON-AGGREGATE RECORD,,,,,,,,,,,https://www.usaspending.gov/award/ASST_NON_4123808210_073/,2021-01-06 03:33:53.27803+00
ASST_NON_4124068204_073,4124068204,,SAI EXEMPT,,,,,,2020-08-27,2020,0.00,,,,0.00,0.00,0.00,2020-08-05,2020,,,073,Small Business Administration,7300,Small Business Administration,737010,OFC OF CAPITAL ACCESS,073,Small Business Administration,7300,Small Business Administration,737010,OFC OF CAPITAL ACCESS,,,,,,,ERIC SEBASTIAN CERVANTES,ERIC SEBASTIAN CERVANTES,,,,USA,UNITED STATES,4502 ANTELOPE PEAK CT,,03526,BAKERSFIELD,06029,KERN,06,CA,CALIFORNIA,93311,,CA-23,CA-20,,,,COUNTY-WIDE,USA,UNITED STATES,CA**029,,06029,KERN,06,CALIFORNIA,,CA-23,CA-90,,59.073: PAYCHECK PROTECTION LOAN PROGRAM (PPP),,,08,GUARANTEED/INSURED LOAN (F),TO AID SMALL BUSINESSES IN MAINTAINING WORK FORCE DURING COVID-19 PANDEMIC.,NON,NOT RECOVERY ACT,P,INDIVIDUAL,2,NON-AGGREGATE RECORD,,,,,,,,,,,https://www.usaspending.gov/award/ASST_NON_4124068204_073/,2021-01-06 03:33:53.27803+00
ASST_NON_4124428205_073,4124428205,,SAI EXEMPT,,,,,,2020-08-27,2020,0.00,,,,0.00,0.00,0.00,2020-08-05,2020,,,073,Small Business Administration,7300,Small Business Administration,737010,OFC OF CAPITAL ACCESS,073,Small Business Administration,7300,Small Business Administration,737010,OFC OF CAPITAL ACCESS,,,,,,,"BAKER FARMING COMPANY, LLC","BAKER FARMING COMPANY, LLC",,,,USA,UNITED STATES,8211 N. FRESNO STREET,,27000,FRESNO,06019,FRESNO,06,CA,CALIFORNIA,93720,,CA-22,CA-05,,,,COUNTY-WIDE,USA,UNITED STATES,CA**019,,06019,FRESNO,06,CALIFORNIA,,CA-22,CA-90,,59.073: PAYCHECK PROTECTION LOAN PROGRAM (PPP),,,08,GUARANTEED/INSURED LOAN (F),TO AID SMALL BUSINESSES IN MAINTAINING WORK FORCE DURING COVID-19 PANDEMIC.,NON,NOT RECOVERY ACT,R,SMALL BUSINESS,2,NON-AGGREGATE RECORD,,,,,,,,,,,https://www.usaspending.gov/award/ASST_NON_4124428205_073/,2021-01-06 03:33:53.27803+00
ASST_NON_4124608200_073,4124608200,,SAI EXEMPT,,,,,,2020-08-27,2020,0.00,,,,0.00,0.00,0.00,2020-08-05,2020,,,073,Small Business Administration,7300,Small Business Administration,737010,OFC OF CAPITAL ACCESS,073,Small Business Administration,7300,Small Business Administration,737010,OFC OF CAPITAL ACCESS,,,,,,,"VVV CONSTRUCTION, INC","VVV CONSTRUCTION, INC",,,,USA,UNITED STATES,715 E ELK AVE UNIT 2,,29728,GLENDALE,06037,LOS ANGELES,06,CA,CALIFORNIA,91205,,CA-28,CA-30,,,,COUNTY-WIDE,USA,UNITED STATES,CA**037,,06037,LOS ANGELES,06,CALIFORNIA,,CA-28,CA-90,,59.073: PAYCHECK PROTECTION LOAN PROGRAM (PPP),,,08,GUARANTEED/INSURED LOAN (F),TO AID SMALL BUSINESSES IN MAINTAINING WORK FORCE DURING COVID-19 PANDEMIC.,NON,NOT RECOVERY ACT,R,SMALL BUSINESS,2,NON-AGGREGATE RECORD,,,,,,,,,,,https://www.usaspending.gov/award/ASST_NON_4124608200_073/,2021-01-06 03:33:53.27803+00
ASST_NON_4124898206_073,4124898206,,SAI EXEMPT,,,,,,2020-08-27,2020,0.00,,,,0.00,0.00,0.00,2020-08-05,2020,,,073,Small Business Administration,7300,Small Business Administration,737010,OFC OF CAPITAL ACCESS,073,Small Business Administration,7300,Small Business Administration,737010,OFC OF CAPITAL ACCESS,,,,,,,CHERYL HANSEN,CHERYL HANSEN,,,,USA,UNITED STATES,580 VISTA DEL MAR,,86832,YORBA LINDA,06059,ORANGE,06,CA,CALIFORNIA,92887,,CA-39,CA-40,,,,COUNTY-WIDE,USA,UNITED STATES,CA**059,,06059,ORANGE,06,CALIFORNIA,,CA-39,CA-90,,59.073: PAYCHECK PROTECTION LOAN PROGRAM (PPP),,,08,GUARANTEED/INSURED LOAN (F),TO AID SMALL BUSINESSES IN MAINTAINING WORK FORCE DURING COVID-19 PANDEMIC.,NON,NOT RECOVERY ACT,P,INDIVIDUAL,2,NON-AGGREGATE RECORD,,,,,,,,,,,https://www.usaspending.gov/award/ASST_NON_4124898206_073/,2021-01-06 03:33:53.27803+00
ASST_NON_4125158209_073,4125158209,,SAI EXEMPT,,,,,,2020-08-27,2020,0.00,,,,0.00,0.00,0.00,2020-08-05,2020,,,073,Small Business Administration,7300,Small Business Administration,737010,OFC OF CAPITAL ACCESS,073,Small Business Administration,7300,Small Business Administration,737010,OFC OF CAPITAL ACCESS,,,,,,,"TMI GROUP, INC.","TMI GROUP, INC.",,,,USA,UNITED STATES,4908 N VINCENT AVE,,16742,COVINA,06037,LOS ANGELES,06,CA,CALIFORNIA,91722,,CA-32,CA-31,,,,COUNTY-WIDE,USA,UNITED STATES,CA**037,,06037,LOS ANGELES,06,CALIFORNIA,,CA-32,CA-90,,59.073: PAYCHECK PROTECTION LOAN PROGRAM (PPP),,,08,GUARANTEED/INSURED LOAN (F),TO AID SMALL BUSINESSES IN MAINTAINING WORK FORCE DURING COVID-19 PANDEMIC.,NON,NOT RECOVERY ACT,R,SMALL BUSINESS,2,NON-AGGREGATE RECORD,,,,,,,,,,,https://www.usaspending.gov/award/ASST_NON_4125158209_073/,2021-01-06 03:33:53.27803+00
ASST_NON_4126078200_073,4126078200,,SAI EXEMPT,,,,,,2020-08-27,2020,0.00,,,,0.00,0.00,0.00,2020-08-05,2020,,,073,Small Business Administration,7300,Small Business Administration,737010,OFC OF CAPITAL ACCESS,073,Small Business Administration,7300,Small Business Administration,737010,OFC OF CAPITAL ACCESS,,,,,,,"CHRISTINE HRADESKY, M.D., INC","CHRISTINE HRADESKY, M.D., INC",,,,USA,UNITED STATES,3201 WILSHIRE BLVD.,320-A,70000,SANTA MONICA,06037,LOS ANGELES,06,CA,CALIFORNIA,90403,,CA-33,CA-36,,,,COUNTY-WIDE,USA,UNITED STATES,CA**037,,06037,LOS ANGELES,06,CALIFORNIA,,CA-33,CA-90,,59.073: PAYCHECK PROTECTION LOAN PROGRAM (PPP),,,08,GUARANTEED/INSURED LOAN (F),TO AID SMALL BUSINESSES IN MAINTAINING WORK FORCE DURING COVID-19 PANDEMIC.,NON,NOT RECOVERY ACT,R,SMALL BUSINESS,2,NON-AGGREGATE RECORD,,,,,,,,,,,https://www.usaspending.gov/award/ASST_NON_4126078200_073/,2021-01-06 03:33:53.27803+00
ASST_NON_4140738204_073,4140738204,,SAI EXEMPT,,,,,,2020-08-27,2020,0.00,,,,0.00,0.00,0.00,2020-08-05,2020,,,073,Small Business Administration,7300,Small Business Administration,737010,OFC OF CAPITAL ACCESS,073,Small Business Administration,7300,Small Business Administration,737010,OFC OF CAPITAL ACCESS,,,,,,,L. NOR INC,L. NOR INC,,,,USA,UNITED STATES,4605 LANKERSHIM BLVD,325,51952,NORTH HOLLYWOOD,06037,LOS ANGELES,06,CA,CALIFORNIA,91602,,CA-29,CA-90,,,,COUNTY-WIDE,USA,UNITED STATES,CA**037,,06037,LOS ANGELES,06,CALIFORNIA,,CA-29,CA-90,,59.073: PAYCHECK PROTECTION LOAN PROGRAM (PPP),,,08,GUARANTEED/INSURED LOAN (F),TO AID SMALL BUSINESSES IN MAINTAINING WORK FORCE DURING COVID-19 PANDEMIC.,NON,NOT RECOVERY ACT,R,SMALL BUSINESS,2,NON-AGGREGATE RECORD,,,,,,,,,,,https://www.usaspending.gov/award/ASST_NON_4140738204_073/,2021-01-06 03:33:53.27803+00
ASST_NON_4141118208_073,4141118208,,SAI EXEMPT,,,,,,2020-08-27,2020,0.00,,,,0.00,0.00,0.00,2020-08-05,2020,,,073,Small Business Administration,7300,Small Business Administration,737010,OFC OF CAPITAL ACCESS,073,Small Business Administration,7300,Small Business Administration,737010,OFC OF CAPITAL ACCESS,,,,,,,WILLIAM CALHOUN,WILLIAM CALHOUN,,,,USA,UNITED STATES,34623 VELVETLEAF ST,,85894,WINCHESTER,06065,RIVERSIDE,06,CA,CALIFORNIA,92596,,CA-42,CA-41,,,,COUNTY-WIDE,USA,UNITED STATES,CA**065,,06065,RIVERSIDE,06,CALIFORNIA,,CA-42,CA-90,,59.073: PAYCHECK PROTECTION LOAN PROGRAM (PPP),,,08,GUARANTEED/INSURED LOAN (F),TO AID SMALL BUSINESSES IN MAINTAINING WORK FORCE DURING COVID-19 PANDEMIC.,NON,NOT RECOVERY ACT,P,INDIVIDUAL,2,NON-AGGREGATE RECORD,,,,,,,,,,,https://www.usaspending.gov/award/ASST_NON_4141118208_073/,2021-01-06 03:33:53.27803+00
ASST_NON_4157368207_073,4157368207,,SAI EXEMPT,,,,,,2020-08-27,2020,0.00,,,,0.00,0.00,0.00,2020-08-05,2020,,,073,Small Business Administration,7300,Small Business Administration,737010,OFC OF CAPITAL ACCESS,073,Small Business Administration,7300,Small Business Administration,737010,OFC OF CAPITAL ACCESS,,,,,,,CARRIE HARRIS,CARRIE HARRIS,,,,USA,UNITED STATES,2624 PIANTINO CIR,,66000,SAN DIEGO,06073,SAN DIEGO,06,CA,CALIFORNIA,92108,,CA-53,CA-51,,,,COUNTY-WIDE,USA,UNITED STATES,CA**073,,06073,SAN DIEGO,06,CALIFORNIA,,CA-53,CA-90,,59.073: PAYCHECK PROTECTION LOAN PROGRAM (PPP),,,08,GUARANTEED/INSURED LOAN (F),TO AID SMALL BUSINESSES IN MAINTAINING WORK FORCE DURING COVID-19 PANDEMIC.,NON,NOT RECOVERY ACT,P,INDIVIDUAL,2,NON-AGGREGATE RECORD,,,,,,,,,,,https://www.usaspending.gov/award/ASST_NON_4157368207_073/,2021-01-06 03:33:53.27803+00
ASST_NON_4157618210_073,4157618210,,SAI EXEMPT,,,,,,2020-08-27,2020,0.00,,,,0.00,0.00,0.00,2020-08-05,2020,,,073,Small Business Administration,7300,Small Business Administration,737010,OFC OF CAPITAL ACCESS,073,Small Business Administration,7300,Small Business Administration,737010,OFC OF CAPITAL ACCESS,,,,,,,ROBERT ENGELSTAD,ROBERT ENGELSTAD,,,,USA,UNITED STATES,1336 FREDS LN,,,PINON HILLS,06071,SAN BERNARDINO,06,CA,CALIFORNIA,92372,,CA-08,CA-23,,,,COUNTY-WIDE,USA,UNITED STATES,CA**071,,06071,SAN BERNARDINO,06,CALIFORNIA,,CA-08,CA-90,,59.073: PAYCHECK PROTECTION LOAN PROGRAM (PPP),,,08,GUARANTEED/INSURED LOAN (F),TO AID SMALL BUSINESSES IN MAINTAINING WORK FORCE DURING COVID-19 PANDEMIC.,NON,NOT RECOVERY ACT,P,INDIVIDUAL,2,NON-AGGREGATE RECORD,,,,,,,,,,,https://www.usaspending.gov/award/ASST_NON_4157618210_073/,2021-01-06 03:33:53.27803+00
ASST_NON_4158138210_073,4158138210,,SAI EXEMPT,,,,,,2020-08-27,2020,0.00,,,,0.00,0.00,0.00,2020-08-05,2020,,,073,Small Business Administration,7300,Small Business Administration,737010,OFC OF CAPITAL ACCESS,073,Small Business Administration,7300,Small Business Administration,737010,OFC OF CAPITAL ACCESS,,,,,,,SALAMAT TENTIMISHEV,SALAMAT TENTIMISHEV,,,,USA,UNITED STATES,810 ANTOINETTE LN,I,73262,SOUTH SAN FRANCISCO,06081,SAN MATEO,06,CA,CALIFORNIA,94080,,CA-14,CA-15,,,,COUNTY-WIDE,USA,UNITED STATES,CA**081,,06081,SAN MATEO,06,CALIFORNIA,,CA-14,CA-90,,59.073: PAYCHECK PROTECTION LOAN PROGRAM (PPP),,,08,GUARANTEED/INSURED LOAN (F),TO AID SMALL BUSINESSES IN MAINTAINING WORK FORCE DURING COVID-19 PANDEMIC.,NON,NOT RECOVERY ACT,P,INDIVIDUAL,2,NON-AGGREGATE RECORD,,,,,,,,,,,https://www.usaspending.gov/award/ASST_NON_4158138210_073/,2021-01-06 03:33:53.27803+00
ASST_NON_4158458201_073,4158458201,,SAI EXEMPT,,,,,,2020-08-27,2020,0.00,,,,0.00,0.00,0.00,2020-08-05,2020,,,073,Small Business Administration,7300,Small Business Administration,737010,OFC OF CAPITAL ACCESS,073,Small Business Administration,7300,Small Business Administration,737010,OFC OF CAPITAL ACCESS,,,,,,,ALLPORT,ALLPORT,,,,USA,UNITED STATES,8122 ALLPORT AVE,,69154,SANTA FE SPRINGS,06037,LOS ANGELES,06,CA,CALIFORNIA,90670,,CA-38,CA-38,,,,COUNTY-WIDE,USA,UNITED STATES,CA**037,,06037,LOS ANGELES,06,CALIFORNIA,,CA-38,CA-90,,59.073: PAYCHECK PROTECTION LOAN PROGRAM (PPP),,,08,GUARANTEED/INSURED LOAN (F),TO AID SMALL BUSINESSES IN MAINTAINING WORK FORCE DURING COVID-19 PANDEMIC.,NON,NOT RECOVERY ACT,R,SMALL BUSINESS,2,NON-AGGREGATE RECORD,,,,,,,,,,,https://www.usaspending.gov/award/ASST_NON_4158458201_073/,2021-01-06 03:33:53.27803+00
ASST_NON_4158768200_073,4158768200,,SAI EXEMPT,,,,,,2020-08-27,2020,0.00,,,,0.00,0.00,0.00,2020-08-05,2020,,,073,Small Business Administration,7300,Small Business Administration,737010,OFC OF CAPITAL ACCESS,073,Small Business Administration,7300,Small Business Administration,737010,OFC OF CAPITAL ACCESS,,,,,,,SANDRA G MEZA,SANDRA G MEZA,,,,USA,UNITED STATES,7692 BROADMOOR PL,,59451,RANCHO CUCAMONGA,06071,SAN BERNARDINO,06,CA,CALIFORNIA,91730,,CA-31,CA-90,,,,COUNTY-WIDE,USA,UNITED STATES,CA**071,,06071,SAN BERNARDINO,06,CALIFORNIA,,CA-31,CA-90,,59.073: PAYCHECK PROTECTION LOAN PROGRAM (PPP),,,08,GUARANTEED/INSURED LOAN (F),TO AID SMALL BUSINESSES IN MAINTAINING WORK FORCE DURING COVID-19 PANDEMIC.,NON,NOT RECOVERY ACT,P,INDIVIDUAL,2,NON-AGGREGATE RECORD,,,,,,,,,,,https://www.usaspending.gov/award/ASST_NON_4158768200_073/,2021-01-06 03:33:53.27803+00
ASST_NON_4159028203_073,4159028203,,SAI EXEMPT,,,,,,2020-08-27,2020,0.00,,,,0.00,0.00,0.00,2020-08-05,2020,,,073,Small Business Administration,7300,Small Business Administration,737010,OFC OF CAPITAL ACCESS,073,Small Business Administration,7300,Small Business Administration,737010,OFC OF CAPITAL ACCESS,,,,,,,MOHAMMAD ZAHRAN,MOHAMMAD ZAHRAN,,,,USA,UNITED STATES,5527 JACKSON DR,,40004,LA MESA,06073,SAN DIEGO,06,CA,CALIFORNIA,91942,,CA-53,CA-51,,,,COUNTY-WIDE,USA,UNITED STATES,CA**073,,06073,SAN DIEGO,06,CALIFORNIA,,CA-53,CA-90,,59.073: PAYCHECK PROTECTION LOAN PROGRAM (PPP),,,08,GUARANTEED/INSURED LOAN (F),TO AID SMALL BUSINESSES IN MAINTAINING WORK FORCE DURING COVID-19 PANDEMIC.,NON,NOT RECOVERY ACT,P,INDIVIDUAL,2,NON-AGGREGATE RECORD,,,,,,,,,,,https://www.usaspending.gov/award/ASST_NON_4159028203_073/,2021-01-06 03:33:53.27803+00
ASST_NON_4159078207_073,4159078207,,SAI EXEMPT,,,,,,2020-08-27,2020,0.00,,,,0.00,0.00,0.00,2020-08-05,2020,,,073,Small Business Administration,7300,Small Business Administration,737010,OFC OF CAPITAL ACCESS,073,Small Business Administration,7300,Small Business Administration,737010,OFC OF CAPITAL ACCESS,,,,,,,WARREN KING,WARREN KING,,,,USA,UNITED STATES,5031 FAIR AVE,APT 534,51952,NORTH HOLLYWOOD,06037,LOS ANGELES,06,CA,CALIFORNIA,91601,,CA-29,CA-29,,,,COUNTY-WIDE,USA,UNITED STATES,CA**037,,06037,LOS ANGELES,06,CALIFORNIA,,CA-29,CA-90,,59.073: PAYCHECK PROTECTION LOAN PROGRAM (PPP),,,08,GUARANTEED/INSURED LOAN (F),TO AID SMALL BUSINESSES IN MAINTAINING WORK FORCE DURING COVID-19 PANDEMIC.,NON,NOT RECOVERY ACT,P,INDIVIDUAL,2,NON-AGGREGATE RECORD,,,,,,,,,,,https://www.usaspending.gov/award/ASST_NON_4159078207_073/,2021-01-06 03:33:53.27803+00
ASST_NON_4159128209_073,4159128209,,SAI EXEMPT,,,,,,2020-08-27,2020,0.00,,,,0.00,0.00,0.00,2020-08-05,2020,,,073,Small Business Administration,7300,Small Business Administration,737010,OFC OF CAPITAL ACCESS,073,Small Business Administration,7300,Small Business Administration,737010,OFC OF CAPITAL ACCESS,,,,,,,NUNE MINASYAN,NUNE MINASYAN,,,,USA,UNITED STATES,3289 COPLEY ST,,72016,SIMI VALLEY,06111,VENTURA,06,CA,CALIFORNIA,93063,,CA-25,CA-26,,,,COUNTY-WIDE,USA,UNITED STATES,CA**111,,06111,VENTURA,06,CALIFORNIA,,CA-25,CA-26,,59.073: PAYCHECK PROTECTION LOAN PROGRAM (PPP),,,08,GUARANTEED/INSURED LOAN (F),TO AID SMALL BUSINESSES IN MAINTAINING WORK FORCE DURING COVID-19 PANDEMIC.,NON,NOT RECOVERY ACT,R,SMALL BUSINESS,2,NON-AGGREGATE RECORD,,,,,,,,,,,https://www.usaspending.gov/award/ASST_NON_4159128209_073/,2021-01-06 03:33:53.27803+00
ASST_NON_4159218201_073,4159218201,,SAI EXEMPT,,,,,,2020-08-27,2020,0.00,,,,0.00,0.00,0.00,2020-08-05,2020,,,073,Small Business Administration,7300,Small Business Administration,737010,OFC OF CAPITAL ACCESS,073,Small Business Administration,7300,Small Business Administration,737010,OFC OF CAPITAL ACCESS,,,,,,,HOANG NGUYEN,HOANG NGUYEN,,,,USA,UNITED STATES,8201 19TH ST,,84550,WESTMINSTER,06059,ORANGE,06,CA,CALIFORNIA,92683,,CA-47,CA-45,,,,COUNTY-WIDE,USA,UNITED STATES,CA**059,,06059,ORANGE,06,CALIFORNIA,,CA-47,CA-90,,59.073: PAYCHECK PROTECTION LOAN PROGRAM (PPP),,,08,GUARANTEED/INSURED LOAN (F),TO AID SMALL BUSINESSES IN MAINTAINING WORK FORCE DURING COVID-19 PANDEMIC.,NON,NOT RECOVERY ACT,P,INDIVIDUAL,2,NON-AGGREGATE RECORD,,,,,,,,,,,https://www.usaspending.gov/award/ASST_NON_4159218201_073/,2021-01-06 03:33:53.27803+00
ASST_NON_4159558209_073,4159558209,,SAI EXEMPT,,,,,,2020-08-27,2020,0.00,,,,0.00,0.00,0.00,2020-08-05,2020,,,073,Small Business Administration,7300,Small Business Administration,737010,OFC OF CAPITAL ACCESS,073,Small Business Administration,7300,Small Business Administration,737010,OFC OF CAPITAL ACCESS,,,,,,,CALIFORNIA COMPANY FOR TRADE & INVESTMENTS,CALIFORNIA COMPANY FOR TRADE & INVESTMENTS,,,,USA,UNITED STATES,21 PORTSMOUTH CT,,68378,SAN RAMON,06013,CONTRA COSTA,06,CA,CALIFORNIA,94582,,CA-15,CA-10,,,,COUNTY-WIDE,USA,UNITED STATES,CA**013,,06013,CONTRA COSTA,06,CALIFORNIA,,CA-15,CA-90,,59.073: PAYCHECK PROTECTION LOAN PROGRAM (PPP),,,08,GUARANTEED/INSURED LOAN (F),TO AID SMALL BUSINESSES IN MAINTAINING WORK FORCE DURING COVID-19 PANDEMIC.,NON,NOT RECOVERY ACT,R,SMALL BUSINESS,2,NON-AGGREGATE RECORD,,,,,,,,,,,https://www.usaspending.gov/award/ASST_NON_4159558209_073/,2021-01-06 03:33:53.27803+00
ASST_NON_4159908207_073,4159908207,,SAI EXEMPT,,,,,,2020-08-27,2020,0.00,,,,0.00,0.00,0.00,2020-08-05,2020,,,073,Small Business Administration,7300,Small Business Administration,737010,OFC OF CAPITAL ACCESS,073,Small Business Administration,7300,Small Business Administration,737010,OFC OF CAPITAL ACCESS,,,,,,,ENERGY DOCS HOME PERFORMANCE CONTRACTOR,ENERGY DOCS HOME PERFORMANCE CONTRACTOR,,,,USA,UNITED STATES,1881 ASPIN AVENUE,,59920,REDDING,06089,SHASTA,06,CA,CALIFORNIA,96003,,CA-01,CA-01,,,,COUNTY-WIDE,USA,UNITED STATES,CA**089,,06089,SHASTA,06,CALIFORNIA,,CA-01,CA-01,,59.073: PAYCHECK PROTECTION LOAN PROGRAM (PPP),,,08,GUARANTEED/INSURED LOAN (F),TO AID SMALL BUSINESSES IN MAINTAINING WORK FORCE DURING COVID-19 PANDEMIC.,NON,NOT RECOVERY ACT,P,INDIVIDUAL,2,NON-AGGREGATE RECORD,,,,,,,,,,,https://www.usaspending.gov/award/ASST_NON_4159908207_073/,2021-01-06 03:33:53.27803+00
ASST_NON_4160068201_073,4160068201,,SAI EXEMPT,,,,,,2020-08-27,2020,0.00,,,,0.00,0.00,0.00,2020-08-05,2020,,,073,Small Business Administration,7300,Small Business Administration,737010,OFC OF CAPITAL ACCESS,073,Small Business Administration,7300,Small Business Administration,737010,OFC OF CAPITAL ACCESS,,,,,,,AMY L DAVIS,AMY L DAVIS,,,,USA,UNITED STATES,3310 DIABLO CIRCLE,,57288,PINOLE,06013,CONTRA COSTA,06,CA,CALIFORNIA,94564,,CA-05,CA-08,,,,COUNTY-WIDE,USA,UNITED STATES,CA**013,,06013,CONTRA COSTA,06,CALIFORNIA,,CA-05,CA-90,,59.073: PAYCHECK PROTECTION LOAN PROGRAM (PPP),,,08,GUARANTEED/INSURED LOAN (F),TO AID SMALL BUSINESSES IN MAINTAINING WORK FORCE DURING COVID-19 PANDEMIC.,NON,NOT RECOVERY ACT,P,INDIVIDUAL,2,NON-AGGREGATE RECORD,,,,,,,,,,,https://www.usaspending.gov/award/ASST_NON_4160068201_073/,2021-01-06 03:33:53.27803+00
ASST_NON_4160148201_073,4160148201,,SAI EXEMPT,,,,,,2020-08-27,2020,0.00,,,,0.00,0.00,0.00,2020-08-05,2020,,,073,Small Business Administration,7300,Small Business Administration,737010,OFC OF CAPITAL ACCESS,073,Small Business Administration,7300,Small Business Administration,737010,OFC OF CAPITAL ACCESS,,,,,,,DANIEL MORGAN,DANIEL MORGAN,,,,USA,UNITED STATES,7939 AIRPORT BLVD,,44000,LOS ANGELES,06037,LOS ANGELES,06,CA,CALIFORNIA,90045,,CA-43,CA-36,,,,COUNTY-WIDE,USA,UNITED STATES,CA**037,,06037,LOS ANGELES,06,CALIFORNIA,,CA-43,CA-90,,59.073: PAYCHECK PROTECTION LOAN PROGRAM (PPP),,,08,GUARANTEED/INSURED LOAN (F),TO AID SMALL BUSINESSES IN MAINTAINING WORK FORCE DURING COVID-19 PANDEMIC.,NON,NOT RECOVERY ACT,P,INDIVIDUAL,2,NON-AGGREGATE RECORD,,,,,,,,,,,https://www.usaspending.gov/award/ASST_NON_4160148201_073/,2021-01-06 03:33:53.27803+00
ASST_NON_4173998208_073,4173998208,,SAI EXEMPT,,,,,,2020-08-27,2020,0.00,,,,0.00,0.00,0.00,2020-08-06,2020,,,073,Small Business Administration,7300,Small Business Administration,737010,OFC OF CAPITAL ACCESS,073,Small Business Administration,7300,Small Business Administration,737010,OFC OF CAPITAL ACCESS,,,,,,,ARTUR MIKAYELYAN,ARTUR MIKAYELYAN,,,,USA,UNITED STATES,12246 MOORPARK ST,202,75434,STUDIO CITY,06037,LOS ANGELES,06,CA,CALIFORNIA,91604,,CA-30,CA-32,,,,COUNTY-WIDE,USA,UNITED STATES,CA**037,,06037,LOS ANGELES,06,CALIFORNIA,,CA-30,CA-90,,59.073: PAYCHECK PROTECTION LOAN PROGRAM (PPP),,,08,GUARANTEED/INSURED LOAN (F),TO AID SMALL BUSINESSES IN MAINTAINING WORK FORCE DURING COVID-19 PANDEMIC.,NON,NOT RECOVERY ACT,P,INDIVIDUAL,2,NON-AGGREGATE RECORD,,,,,,,,,,,https://www.usaspending.gov/award/ASST_NON_4173998208_073/,2021-01-06 03:33:53.27803+00
ASST_NON_4174108201_073,4174108201,,SAI EXEMPT,,,,,,2020-08-27,2020,0.00,,,,0.00,0.00,0.00,2020-08-06,2020,,,073,Small Business Administration,7300,Small Business Administration,737010,OFC OF CAPITAL ACCESS,073,Small Business Administration,7300,Small Business Administration,737010,OFC OF CAPITAL ACCESS,,,,,,,TAXI SERVICE,TAXI SERVICE,,,,USA,UNITED STATES,4950 STEVENSON BLVD,55,26004,FREMONT,06001,ALAMEDA,06,CA,CALIFORNIA,94538,,CA-17,CA-90,,,,COUNTY-WIDE,USA,UNITED STATES,CA**001,,06001,ALAMEDA,06,CALIFORNIA,,CA-17,CA-90,,59.073: PAYCHECK PROTECTION LOAN PROGRAM (PPP),,,08,GUARANTEED/INSURED LOAN (F),TO AID SMALL BUSINESSES IN MAINTAINING WORK FORCE DURING COVID-19 PANDEMIC.,NON,NOT RECOVERY ACT,P,INDIVIDUAL,2,NON-AGGREGATE RECORD,,,,,,,,,,,https://www.usaspending.gov/award/ASST_NON_4174108201_073/,2021-01-06 03:33:53.27803+00
ASST_NON_4174148202_073,4174148202,,SAI EXEMPT,,,,,,2020-08-27,2020,0.00,,,,0.00,0.00,0.00,2020-08-06,2020,,,073,Small Business Administration,7300,Small Business Administration,737010,OFC OF CAPITAL ACCESS,073,Small Business Administration,7300,Small Business Administration,737010,OFC OF CAPITAL ACCESS,,,,,,,MARTIN REYES ROMERO PAINTING,MARTIN REYES ROMERO PAINTING,,,,USA,UNITED STATES,80708 HIBISCUS LNE,,36448,INDIO,06065,RIVERSIDE,06,CA,CALIFORNIA,92201,,CA-36,CA-25,,,,COUNTY-WIDE,USA,UNITED STATES,CA**065,,06065,RIVERSIDE,06,CALIFORNIA,,CA-36,CA-90,,59.073: PAYCHECK PROTECTION LOAN PROGRAM (PPP),,,08,GUARANTEED/INSURED LOAN (F),TO AID SMALL BUSINESSES IN MAINTAINING WORK FORCE DURING COVID-19 PANDEMIC.,NON,NOT RECOVERY ACT,P,INDIVIDUAL,2,NON-AGGREGATE RECORD,,,,,,,,,,,https://www.usaspending.gov/award/ASST_NON_4174148202_073/,2021-01-06 03:33:53.27803+00
ASST_NON_4174178200_073,4174178200,,SAI EXEMPT,,,,,,2020-08-27,2020,0.00,,,,0.00,0.00,0.00,2020-08-06,2020,,,073,Small Business Administration,7300,Small Business Administration,737010,OFC OF CAPITAL ACCESS,073,Small Business Administration,7300,Small Business Administration,737010,OFC OF CAPITAL ACCESS,,,,,,,FOSTERING DIGNITY SUPPORTIVE AGE,FOSTERING DIGNITY SUPPORTIVE AGE,,,,USA,UNITED STATES,6414 ARLINGTON AVENUE,,44000,LOS ANGELES,06037,LOS ANGELES,06,CA,CALIFORNIA,90043,,CA-37,CA-37,,,,COUNTY-WIDE,USA,UNITED STATES,CA**037,,06037,LOS ANGELES,06,CALIFORNIA,,CA-37,CA-90,,59.073: PAYCHECK PROTECTION LOAN PROGRAM (PPP),,,08,GUARANTEED/INSURED LOAN (F),TO AID SMALL BUSINESSES IN MAINTAINING WORK FORCE DURING COVID-19 PANDEMIC.,NON,NOT RECOVERY ACT,P,INDIVIDUAL,2,NON-AGGREGATE RECORD,,,,,,,,,,,https://www.usaspending.gov/award/ASST_NON_4174178200_073/,2021-01-06 03:33:53.27803+00
ASST_NON_4174238205_073,4174238205,,SAI EXEMPT,,,,,,2020-08-27,2020,0.00,,,,0.00,0.00,0.00,2020-08-06,2020,,,073,Small Business Administration,7300,Small Business Administration,737010,OFC OF CAPITAL ACCESS,073,Small Business Administration,7300,Small Business Administration,737010,OFC OF CAPITAL ACCESS,,,,,,,ALONZO GREEN,ALONZO GREEN,,,,USA,UNITED STATES,1025 W. 8TH ST.,APT. 14,68322,SAN PEDRO,06037,LOS ANGELES,06,CA,CALIFORNIA,90731,,CA-44,CA-44,,,,COUNTY-WIDE,USA,UNITED STATES,CA**037,,06037,LOS ANGELES,06,CALIFORNIA,,CA-44,CA-90,,59.073: PAYCHECK PROTECTION LOAN PROGRAM (PPP),,,08,GUARANTEED/INSURED LOAN (F),TO AID SMALL BUSINESSES IN MAINTAINING WORK FORCE DURING COVID-19 PANDEMIC.,NON,NOT RECOVERY ACT,P,INDIVIDUAL,2,NON-AGGREGATE RECORD,,,,,,,,,,,https://www.usaspending.gov/award/ASST_NON_4174238205_073/,2021-01-06 03:33:53.27803+00
ASST_NON_4174268203_073,4174268203,,SAI EXEMPT,,,,,,2020-08-27,2020,0.00,,,,0.00,0.00,0.00,2020-08-06,2020,,,073,Small Business Administration,7300,Small Business Administration,737010,OFC OF CAPITAL ACCESS,073,Small Business Administration,7300,Small Business Administration,737010,OFC OF CAPITAL ACCESS,,,,,,,FOX DESIGN GROUP ARCHITECTS,FOX DESIGN GROUP ARCHITECTS,,,,USA,UNITED STATES,116 WASHINGTON AVE. STE. D,,60620,RICHMOND,06013,CONTRA COSTA,06,CA,CALIFORNIA,94801,,CA-11,CA-08,,,,COUNTY-WIDE,USA,UNITED STATES,CA**013,,06013,CONTRA COSTA,06,CALIFORNIA,,CA-11,CA-90,,59.073: PAYCHECK PROTECTION LOAN PROGRAM (PPP),,,08,GUARANTEED/INSURED LOAN (F),TO AID SMALL BUSINESSES IN MAINTAINING WORK FORCE DURING COVID-19 PANDEMIC.,NON,NOT RECOVERY ACT,P,INDIVIDUAL,2,NON-AGGREGATE RECORD,,,,,,,,,,,https://www.usaspending.gov/award/ASST_NON_4174268203_073/,2021-01-06 03:33:53.27803+00
ASST_NON_4174358206_073,4174358206,,SAI EXEMPT,,,,,,2020-08-27,2020,0.00,,,,0.00,0.00,0.00,2020-08-06,2020,,,073,Small Business Administration,7300,Small Business Administration,737010,OFC OF CAPITAL ACCESS,073,Small Business Administration,7300,Small Business Administration,737010,OFC OF CAPITAL ACCESS,,,,,,,MOHAMMED ALRAMADHAN,MOHAMMED ALRAMADHAN,,,,USA,UNITED STATES,1298 ANTELOPE CREEK DR,UNIT 1324,62938,ROSEVILLE,06061,PLACER,06,CA,CALIFORNIA,95678,,CA-04,CA-03,,,,COUNTY-WIDE,USA,UNITED STATES,CA**061,,06061,PLACER,06,CALIFORNIA,,CA-04,CA-03,,59.073: PAYCHECK PROTECTION LOAN PROGRAM (PPP),,,08,GUARANTEED/INSURED LOAN (F),TO AID SMALL BUSINESSES IN MAINTAINING WORK FORCE DURING COVID-19 PANDEMIC.,NON,NOT RECOVERY ACT,P,INDIVIDUAL,2,NON-AGGREGATE RECORD,,,,,,,,,,,https://www.usaspending.gov/award/ASST_NON_4174358206_073/,2021-01-06 03:33:53.27803+00
ASST_NON_4174758208_073,4174758208,,SAI EXEMPT,,,,,,2020-08-27,2020,0.00,,,,0.00,0.00,0.00,2020-08-06,2020,,,073,Small Business Administration,7300,Small Business Administration,737010,OFC OF CAPITAL ACCESS,073,Small Business Administration,7300,Small Business Administration,737010,OFC OF CAPITAL ACCESS,,,,,,,G&G LIGHTING & ACCESSORIES INC,G&G LIGHTING & ACCESSORIES INC,,,,USA,UNITED STATES,2337 HUNTINGTON DR,,68224,SAN MARINO,06037,LOS ANGELES,06,CA,CALIFORNIA,91108,,CA-27,CA-28,,,,COUNTY-WIDE,USA,UNITED STATES,CA**037,,06037,LOS ANGELES,06,CALIFORNIA,,CA-27,CA-90,,59.073: PAYCHECK PROTECTION LOAN PROGRAM (PPP),,,08,GUARANTEED/INSURED LOAN (F),TO AID SMALL BUSINESSES IN MAINTAINING WORK FORCE DURING COVID-19 PANDEMIC.,NON,NOT RECOVERY ACT,R,SMALL BUSINESS,2,NON-AGGREGATE RECORD,,,,,,,,,,,https://www.usaspending.gov/award/ASST_NON_4174758208_073/,2021-01-06 03:33:53.27803+00
ASST_NON_4174768200_073,4174768200,,SAI EXEMPT,,,,,,2020-08-27,2020,0.00,,,,0.00,0.00,0.00,2020-08-06,2020,,,073,Small Business Administration,7300,Small Business Administration,737010,OFC OF CAPITAL ACCESS,073,Small Business Administration,7300,Small Business Administration,737010,OFC OF CAPITAL ACCESS,,,,,,,BRIAN RHEE,BRIAN RHEE,,,,USA,UNITED STATES,3428 3RD AVE,,64000,SACRAMENTO,06067,SACRAMENTO,06,CA,CALIFORNIA,95817,,CA-06,CA-07,,,,COUNTY-WIDE,USA,UNITED STATES,CA**067,,06067,SACRAMENTO,06,CALIFORNIA,,CA-06,CA-90,,59.073: PAYCHECK PROTECTION LOAN PROGRAM (PPP),,,08,GUARANTEED/INSURED LOAN (F),TO AID SMALL BUSINESSES IN MAINTAINING WORK FORCE DURING COVID-19 PANDEMIC.,NON,NOT RECOVERY ACT,P,INDIVIDUAL,2,NON-AGGREGATE RECORD,,,,,,,,,,,https://www.usaspending.gov/award/ASST_NON_4174768200_073/,2021-01-06 03:33:53.27803+00
ASST_NON_4174948206_073,4174948206,,SAI EXEMPT,,,,,,2020-08-27,2020,0.00,,,,0.00,0.00,0.00,2020-08-06,2020,,,073,Small Business Administration,7300,Small Business Administration,737010,OFC OF CAPITAL ACCESS,073,Small Business Administration,7300,Small Business Administration,737010,OFC OF CAPITAL ACCESS,,,,,,,KAZUMI HANAZAWA,KAZUMI HANAZAWA,,,,USA,UNITED STATES,16220 LAGUNA ST,,82590,VICTORVILLE,06071,SAN BERNARDINO,06,CA,CALIFORNIA,92395,,CA-08,CA-23,,,,COUNTY-WIDE,USA,UNITED STATES,CA**071,,06071,SAN BERNARDINO,06,CALIFORNIA,,CA-08,CA-90,,59.073: PAYCHECK PROTECTION LOAN PROGRAM (PPP),,,08,GUARANTEED/INSURED LOAN (F),TO AID SMALL BUSINESSES IN MAINTAINING WORK FORCE DURING COVID-19 PANDEMIC.,NON,NOT RECOVERY ACT,P,INDIVIDUAL,2,NON-AGGREGATE RECORD,,,,,,,,,,,https://www.usaspending.gov/award/ASST_NON_4174948206_073/,2021-01-06 03:33:53.27803+00
ASST_NON_4175138201_073,4175138201,,SAI EXEMPT,,,,,,2020-08-27,2020,0.00,,,,0.00,0.00,0.00,2020-08-06,2020,,,073,Small Business Administration,7300,Small Business Administration,737010,OFC OF CAPITAL ACCESS,073,Small Business Administration,7300,Small Business Administration,737010,OFC OF CAPITAL ACCESS,,,,,,,PARAMOUNT PACKING INC,PARAMOUNT PACKING INC,,,,USA,UNITED STATES,449 HARRISON RD,,64224,SALINAS,06053,MONTEREY,06,CA,CALIFORNIA,93907,,CA-20,CA-90,,,,COUNTY-WIDE,USA,UNITED STATES,CA**053,,06053,MONTEREY,06,CALIFORNIA,,CA-20,CA-90,,59.073: PAYCHECK PROTECTION LOAN PROGRAM (PPP),,,08,GUARANTEED/INSURED LOAN (F),TO AID SMALL BUSINESSES IN MAINTAINING WORK FORCE DURING COVID-19 PANDEMIC.,NON,NOT RECOVERY ACT,R,SMALL BUSINESS,2,NON-AGGREGATE RECORD,,,,,,,,,,,https://www.usaspending.gov/award/ASST_NON_4175138201_073/,2021-01-06 03:33:53.27803+00
ASST_NON_4175498204_073,4175498204,,SAI EXEMPT,,,,,,2020-08-27,2020,0.00,,,,0.00,0.00,0.00,2020-08-06,2020,,,073,Small Business Administration,7300,Small Business Administration,737010,OFC OF CAPITAL ACCESS,073,Small Business Administration,7300,Small Business Administration,737010,OFC OF CAPITAL ACCESS,,,,,,,FERNANDO HERNANDEZ,FERNANDO HERNANDEZ,,,,USA,UNITED STATES,3527 COGSWELL RD,C,22230,EL MONTE,06037,LOS ANGELES,06,CA,CALIFORNIA,91732,,CA-32,CA-31,,,,COUNTY-WIDE,USA,UNITED STATES,CA**037,,06037,LOS ANGELES,06,CALIFORNIA,,CA-32,CA-90,,59.073: PAYCHECK PROTECTION LOAN PROGRAM (PPP),,,08,GUARANTEED/INSURED LOAN (F),TO AID SMALL BUSINESSES IN MAINTAINING WORK FORCE DURING COVID-19 PANDEMIC.,NON,NOT RECOVERY ACT,P,INDIVIDUAL,2,NON-AGGREGATE RECORD,,,,,,,,,,,https://www.usaspending.gov/award/ASST_NON_4175498204_073/,2021-01-06 03:33:53.27803+00
ASST_NON_4176158209_073,4176158209,,SAI EXEMPT,,,,,,2020-08-27,2020,0.00,,,,0.00,0.00,0.00,2020-08-06,2020,,,073,Small Business Administration,7300,Small Business Administration,737010,OFC OF CAPITAL ACCESS,073,Small Business Administration,7300,Small Business Administration,737010,OFC OF CAPITAL ACCESS,,,,,,,PETER HOFFMAN,PETER HOFFMAN,,,,USA,UNITED STATES,2904 ROWENA AVENUE,,44000,LOS ANGELES,06037,LOS ANGELES,06,CA,CALIFORNIA,90039,,CA-28,CA-30,,,,COUNTY-WIDE,USA,UNITED STATES,CA**037,,06037,LOS ANGELES,06,CALIFORNIA,,CA-28,CA-90,,59.073: PAYCHECK PROTECTION LOAN PROGRAM (PPP),,,08,GUARANTEED/INSURED LOAN (F),TO AID SMALL BUSINESSES IN MAINTAINING WORK FORCE DURING COVID-19 PANDEMIC.,NON,NOT RECOVERY ACT,P,INDIVIDUAL,2,NON-AGGREGATE RECORD,,,,,,,,,,,https://www.usaspending.gov/award/ASST_NON_4176158209_073/,2021-01-06 03:33:53.27803+00
ASST_NON_4176258204_073,4176258204,,SAI EXEMPT,,,,,,2020-08-27,2020,0.00,,,,0.00,0.00,0.00,2020-08-06,2020,,,073,Small Business Administration,7300,Small Business Administration,737010,OFC OF CAPITAL ACCESS,073,Small Business Administration,7300,Small Business Administration,737010,OFC OF CAPITAL ACCESS,,,,,,,CYNTHIA SEYERLE,CYNTHIA SEYERLE,,,,USA,UNITED STATES,9259 HAYVENHURST AVE,,70924,NORTH HILLS,06037,LOS ANGELES,06,CA,CALIFORNIA,91343,,CA-29,CA-90,,,,COUNTY-WIDE,USA,UNITED STATES,CA**037,,06037,LOS ANGELES,06,CALIFORNIA,,CA-29,CA-90,,59.073: PAYCHECK PROTECTION LOAN PROGRAM (PPP),,,08,GUARANTEED/INSURED LOAN (F),TO AID SMALL BUSINESSES IN MAINTAINING WORK FORCE DURING COVID-19 PANDEMIC.,NON,NOT RECOVERY ACT,P,INDIVIDUAL,2,NON-AGGREGATE RECORD,,,,,,,,,,,https://www.usaspending.gov/award/ASST_NON_4176258204_073/,2021-01-06 03:33:53.27803+00
ASST_NON_4176408201_073,4176408201,,SAI EXEMPT,,,,,,2020-08-27,2020,0.00,,,,0.00,0.00,0.00,2020-08-06,2020,,,073,Small Business Administration,7300,Small Business Administration,737010,OFC OF CAPITAL ACCESS,073,Small Business Administration,7300,Small Business Administration,737010,OFC OF CAPITAL ACCESS,,,,,,,ROSEAN COULTER,ROSEAN COULTER,,,,USA,UNITED STATES,1318 REDLANDS AVENUE,,14890,COLTON,06065,RIVERSIDE,06,CA,CALIFORNIA,92324,,CA-31,CA-33,,,,COUNTY-WIDE,USA,UNITED STATES,CA**071,,06071,SAN BERNARDINO,06,CALIFORNIA,,CA-31,CA-90,,59.073: PAYCHECK PROTECTION LOAN PROGRAM (PPP),,,08,GUARANTEED/INSURED LOAN (F),TO AID SMALL BUSINESSES IN MAINTAINING WORK FORCE DURING COVID-19 PANDEMIC.,NON,NOT RECOVERY ACT,P,INDIVIDUAL,2,NON-AGGREGATE RECORD,,,,,,,,,,,https://www.usaspending.gov/award/ASST_NON_4176408201_073/,2021-01-06 03:33:53.27803+00
ASST_NON_4176698207_073,4176698207,,SAI EXEMPT,,,,,,2020-08-27,2020,0.00,,,,0.00,0.00,0.00,2020-08-06,2020,,,073,Small Business Administration,7300,Small Business Administration,737010,OFC OF CAPITAL ACCESS,073,Small Business Administration,7300,Small Business Administration,737010,OFC OF CAPITAL ACCESS,,,,,,,WALLACE LANG HART,WALLACE LANG HART,,,,USA,UNITED STATES,1650 N EL CAMINO REAL,,65084,SAN CLEMENTE,06059,ORANGE,06,CA,CALIFORNIA,92672,,CA-49,CA-49,,,,COUNTY-WIDE,USA,UNITED STATES,CA**059,,06059,ORANGE,06,CALIFORNIA,,CA-49,CA-90,,59.073: PAYCHECK PROTECTION LOAN PROGRAM (PPP),,,08,GUARANTEED/INSURED LOAN (F),TO AID SMALL BUSINESSES IN MAINTAINING WORK FORCE DURING COVID-19 PANDEMIC.,NON,NOT RECOVERY ACT,P,INDIVIDUAL,2,NON-AGGREGATE RECORD,,,,,,,,,,,https://www.usaspending.gov/award/ASST_NON_4176698207_073/,2021-01-06 03:33:53.27803+00
ASST_NON_4176728203_073,4176728203,,SAI EXEMPT,,,,,,2020-08-27,2020,0.00,,,,0.00,0.00,0.00,2020-08-06,2020,,,073,Small Business Administration,7300,Small Business Administration,737010,OFC OF CAPITAL ACCESS,073,Small Business Administration,7300,Small Business Administration,737010,OFC OF CAPITAL ACCESS,,,,,,,"EN CONSULTIN, INC","EN CONSULTIN, INC",,,,USA,UNITED STATES,455 S. CRESCENT DR.,,06308,BEVERLY HILLS,06037,LOS ANGELES,06,CA,CALIFORNIA,90212,,CA-33,CA-36,,,,COUNTY-WIDE,USA,UNITED STATES,CA**037,,06037,LOS ANGELES,06,CALIFORNIA,,CA-33,CA-90,,59.073: PAYCHECK PROTECTION LOAN PROGRAM (PPP),,,08,GUARANTEED/INSURED LOAN (F),TO AID SMALL BUSINESSES IN MAINTAINING WORK FORCE DURING COVID-19 PANDEMIC.,NON,NOT RECOVERY ACT,R,SMALL BUSINESS,2,NON-AGGREGATE RECORD,,,,,,,,,,,https://www.usaspending.gov/award/ASST_NON_4176728203_073/,2021-01-06 03:33:53.27803+00
ASST_NON_4186437806_073,4186437806,,SAI EXEMPT,O: Non-emergency P.L. 116-136|Non-emergency P.L. 116-139|Non-emergency P.L. 116-260|Non-emergency P.L. 117-2,,0.00,,,2020-08-27,2020,0.00,0.00,,,0.00,0.00,0.00,2020-05-27,2020,,,073,Small Business Administration,7300,Small Business Administration,737010,OFC OF CAPITAL ACCESS,073,Small Business Administration,7300,Small Business Administration,737010,OFC OF CAPITAL ACCESS,073-2020/2021-1154-000,073-1154,"41.0: Grants, subsidies, and contributions",0702: LOAN GUARANTEE SUBSIDY,,,"YOUNG EXPLORERS PRESCHOOL SAN FRANCISCO, LLC","YOUNG EXPLORERS PRESCHOOL SAN FRANCISCO, LLC",,,,USA,UNITED STATES,2145 FILBERT ST,,67000,SAN FRANCISCO,06075,SAN FRANCISCO,06,CA,CALIFORNIA,94123,,CA-12,CA-11,,,,COUNTY-WIDE,USA,UNITED STATES,CA**075,,06075,SAN FRANCISCO,06,CALIFORNIA,,CA-12,CA-90,,59.073: PAYCHECK PROTECTION LOAN PROGRAM (PPP),,,08,GUARANTEED/INSURED LOAN (F),TO AID SMALL BUSINESSES IN MAINTAINING WORK FORCE DURING COVID-19 PANDEMIC.,NON,NOT RECOVERY ACT,R,SMALL BUSINESS,2,NON-AGGREGATE RECORD,,,,,,,,,,,https://www.usaspending.gov/award/ASST_NON_4186437806_073/,2021-01-06 03:33:53.27803+00
ASST_NON_4186968209_073,4186968209,,SAI EXEMPT,,,,,,2020-08-27,2020,0.00,,,,0.00,0.00,0.00,2020-08-06,2020,,,073,Small Business Administration,7300,Small Business Administration,737010,OFC OF CAPITAL ACCESS,073,Small Business Administration,7300,Small Business Administration,737010,OFC OF CAPITAL ACCESS,,,,,,,NICHOLAS CULLEN,NICHOLAS CULLEN,,,,USA,UNITED STATES,4544 WESTLAWN AVE.,APT. 9,44000,LOS ANGELES,06037,LOS ANGELES,06,CA,CALIFORNIA,90066,,CA-37,CA-36,,,,COUNTY-WIDE,USA,UNITED STATES,CA**037,,06037,LOS ANGELES,06,CALIFORNIA,,CA-37,CA-90,,59.073: PAYCHECK PROTECTION LOAN PROGRAM (PPP),,,08,GUARANTEED/INSURED LOAN (F),TO AID SMALL BUSINESSES IN MAINTAINING WORK FORCE DURING COVID-19 PANDEMIC.,NON,NOT RECOVERY ACT,P,INDIVIDUAL,2,NON-AGGREGATE RECORD,,,,,,,,,,,https://www.usaspending.gov/award/ASST_NON_4186968209_073/,2021-01-06 03:33:53.27803+00
ASST_NON_4191408210_073,4191408210,,SAI EXEMPT,,,,,,2020-08-27,2020,0.00,,,,0.00,0.00,0.00,2020-08-06,2020,,,073,Small Business Administration,7300,Small Business Administration,737010,OFC OF CAPITAL ACCESS,073,Small Business Administration,7300,Small Business Administration,737010,OFC OF CAPITAL ACCESS,,,,,,,CONSTRUCTION SUPERINTENDENT,CONSTRUCTION SUPERINTENDENT,,,,USA,UNITED STATES,18653 VENTURA BLVD,537,77966,TARZANA,06037,LOS ANGELES,06,CA,CALIFORNIA,91356,,CA-30,CA-32,,,,COUNTY-WIDE,USA,UNITED STATES,CA**037,,06037,LOS ANGELES,06,CALIFORNIA,,CA-30,CA-90,,59.073: PAYCHECK PROTECTION LOAN PROGRAM (PPP),,,08,GUARANTEED/INSURED LOAN (F),TO AID SMALL BUSINESSES IN MAINTAINING WORK FORCE DURING COVID-19 PANDEMIC.,NON,NOT RECOVERY ACT,P,INDIVIDUAL,2,NON-AGGREGATE RECORD,,,,,,,,,,,https://www.usaspending.gov/award/ASST_NON_4191408210_073/,2021-01-06 03:33:53.27803+00
ASST_NON_4191588207_073,4191588207,,SAI EXEMPT,,,,,,2020-08-27,2020,0.00,,,,0.00,0.00,0.00,2020-08-06,2020,,,073,Small Business Administration,7300,Small Business Administration,737010,OFC OF CAPITAL ACCESS,073,Small Business Administration,7300,Small Business Administration,737010,OFC OF CAPITAL ACCESS,,,,,,,BATSAIKHAN TUVSHINTUGS,BATSAIKHAN TUVSHINTUGS,,,,USA,UNITED STATES,350 CENTRAL AVE,SUITE 102,00562,ALAMEDA,06001,ALAMEDA,06,CA,CALIFORNIA,94501,,CA-13,CA-12,,,,COUNTY-WIDE,USA,UNITED STATES,CA**001,,06001,ALAMEDA,06,CALIFORNIA,,CA-13,CA-90,,59.073: PAYCHECK PROTECTION LOAN PROGRAM (PPP),,,08,GUARANTEED/INSURED LOAN (F),TO AID SMALL BUSINESSES IN MAINTAINING WORK FORCE DURING COVID-19 PANDEMIC.,NON,NOT RECOVERY ACT,P,INDIVIDUAL,2,NON-AGGREGATE RECORD,,,,,,,,,,,https://www.usaspending.gov/award/ASST_NON_4191588207_073/,2021-01-06 03:33:53.27803+00
ASST_NON_4191598210_073,4191598210,,SAI EXEMPT,,,,,,2020-08-27,2020,0.00,,,,0.00,0.00,0.00,2020-08-06,2020,,,073,Small Business Administration,7300,Small Business Administration,737010,OFC OF CAPITAL ACCESS,073,Small Business Administration,7300,Small Business Administration,737010,OFC OF CAPITAL ACCESS,,,,,,,THANH M TRAN,THANH M TRAN,,,,USA,UNITED STATES,13301 LILLY ST,,29000,GARDEN GROVE,06059,ORANGE,06,CA,CALIFORNIA,92843,,CA-47,CA-45,,,,COUNTY-WIDE,USA,UNITED STATES,CA**059,,06059,ORANGE,06,CALIFORNIA,,CA-47,CA-90,,59.073: PAYCHECK PROTECTION LOAN PROGRAM (PPP),,,08,GUARANTEED/INSURED LOAN (F),TO AID SMALL BUSINESSES IN MAINTAINING WORK FORCE DURING COVID-19 PANDEMIC.,NON,NOT RECOVERY ACT,P,INDIVIDUAL,2,NON-AGGREGATE RECORD,,,,,,,,,,,https://www.usaspending.gov/award/ASST_NON_4191598210_073/,2021-01-06 03:33:53.27803+00
ASST_NON_4191698205_073,4191698205,,SAI EXEMPT,,,,,,2020-08-27,2020,0.00,,,,0.00,0.00,0.00,2020-08-06,2020,,,073,Small Business Administration,7300,Small Business Administration,737010,OFC OF CAPITAL ACCESS,073,Small Business Administration,7300,Small Business Administration,737010,OFC OF CAPITAL ACCESS,,,,,,,"HIGH QUALITY MOBILE, INC.","HIGH QUALITY MOBILE, INC.",,,,USA,UNITED STATES,2435 E COLORADO BLVD,,56000,PASADENA,06037,LOS ANGELES,06,CA,CALIFORNIA,91107,,CA-27,CA-28,,,,COUNTY-WIDE,USA,UNITED STATES,CA**037,,06037,LOS ANGELES,06,CALIFORNIA,,CA-27,CA-90,,59.073: PAYCHECK PROTECTION LOAN PROGRAM (PPP),,,08,GUARANTEED/INSURED LOAN (F),TO AID SMALL BUSINESSES IN MAINTAINING WORK FORCE DURING COVID-19 PANDEMIC.,NON,NOT RECOVERY ACT,P,INDIVIDUAL,2,NON-AGGREGATE RECORD,,,,,,,,,,,https://www.usaspending.gov/award/ASST_NON_4191698205_073/,2021-01-06 03:33:53.27803+00
ASST_NON_4192088201_073,4192088201,,SAI EXEMPT,,,,,,2020-08-27,2020,0.00,,,,0.00,0.00,0.00,2020-08-06,2020,,,073,Small Business Administration,7300,Small Business Administration,737010,OFC OF CAPITAL ACCESS,073,Small Business Administration,7300,Small Business Administration,737010,OFC OF CAPITAL ACCESS,,,,,,,ESE ENTERPRISE,ESE ENTERPRISE,,,,USA,UNITED STATES,6409 ENFIELD AVE,,60340,RESEDA,06037,LOS ANGELES,06,CA,CALIFORNIA,91335,,CA-30,CA-90,,,,COUNTY-WIDE,USA,UNITED STATES,CA**037,,06037,LOS ANGELES,06,CALIFORNIA,,CA-30,CA-90,,59.073: PAYCHECK PROTECTION LOAN PROGRAM (PPP),,,08,GUARANTEED/INSURED LOAN (F),TO AID SMALL BUSINESSES IN MAINTAINING WORK FORCE DURING COVID-19 PANDEMIC.,NON,NOT RECOVERY ACT,R,SMALL BUSINESS,2,NON-AGGREGATE RECORD,,,,,,,,,,,https://www.usaspending.gov/award/ASST_NON_4192088201_073/,2021-01-06 03:33:53.27803+00
ASST_NON_4192248201_073,4192248201,,SAI EXEMPT,,,,,,2020-08-27,2020,0.00,,,,0.00,0.00,0.00,2020-08-06,2020,,,073,Small Business Administration,7300,Small Business Administration,737010,OFC OF CAPITAL ACCESS,073,Small Business Administration,7300,Small Business Administration,737010,OFC OF CAPITAL ACCESS,,,,,,,LAW OFFICES ROGER C. HSU,LAW OFFICES ROGER C. HSU,,,,USA,UNITED STATES,175 S. LAKE AVENUE,SUITE 210,56000,PASADENA,06037,LOS ANGELES,06,CA,CALIFORNIA,91101,,CA-27,CA-28,,,,COUNTY-WIDE,USA,UNITED STATES,CA**037,,06037,LOS ANGELES,06,CALIFORNIA,,CA-27,CA-90,,59.073: PAYCHECK PROTECTION LOAN PROGRAM (PPP),,,08,GUARANTEED/INSURED LOAN (F),TO AID SMALL BUSINESSES IN MAINTAINING WORK FORCE DURING COVID-19 PANDEMIC.,NON,NOT RECOVERY ACT,P,INDIVIDUAL,2,NON-AGGREGATE RECORD,,,,,,,,,,,https://www.usaspending.gov/award/ASST_NON_4192248201_073/,2021-01-06 03:33:53.27803+00
ASST_NON_4192278210_073,4192278210,,SAI EXEMPT,,,,,,2020-08-27,2020,0.00,,,,0.00,0.00,0.00,2020-08-06,2020,,,073,Small Business Administration,7300,Small Business Administration,737010,OFC OF CAPITAL ACCESS,073,Small Business Administration,7300,Small Business Administration,737010,OFC OF CAPITAL ACCESS,,,,,,,SALLY E.C. FARNUM,SALLY E.C. FARNUM,,,,USA,UNITED STATES,1940 MIDWICK DR,,01290,ALTADENA,06037,LOS ANGELES,06,CA,CALIFORNIA,91001,,CA-27,CA-28,,,,COUNTY-WIDE,USA,UNITED STATES,CA**037,,06037,LOS ANGELES,06,CALIFORNIA,,CA-27,CA-90,,59.073: PAYCHECK PROTECTION LOAN PROGRAM (PPP),,,08,GUARANTEED/INSURED LOAN (F),TO AID SMALL BUSINESSES IN MAINTAINING WORK FORCE DURING COVID-19 PANDEMIC.,NON,NOT RECOVERY ACT,P,INDIVIDUAL,2,NON-AGGREGATE RECORD,,,,,,,,,,,https://www.usaspending.gov/award/ASST_NON_4192278210_073/,2021-01-06 03:33:53.27803+00
ASST_NON_4192348207_073,4192348207,,SAI EXEMPT,,,,,,2020-08-27,2020,0.00,,,,0.00,0.00,0.00,2020-08-06,2020,,,073,Small Business Administration,7300,Small Business Administration,737010,OFC OF CAPITAL ACCESS,073,Small Business Administration,7300,Small Business Administration,737010,OFC OF CAPITAL ACCESS,,,,,,,FIRST TIMOTHY MUSIC,FIRST TIMOTHY MUSIC,,,,USA,UNITED STATES,8505 ELAINE DR,,64000,SACRAMENTO,06067,SACRAMENTO,06,CA,CALIFORNIA,95828,,CA-07,CA-07,,,,COUNTY-WIDE,USA,UNITED STATES,CA**067,,06067,SACRAMENTO,06,CALIFORNIA,,CA-07,CA-90,,59.073: PAYCHECK PROTECTION LOAN PROGRAM (PPP),,,08,GUARANTEED/INSURED LOAN (F),TO AID SMALL BUSINESSES IN MAINTAINING WORK FORCE DURING COVID-19 PANDEMIC.,NON,NOT RECOVERY ACT,P,INDIVIDUAL,2,NON-AGGREGATE RECORD,,,,,,,,,,,https://www.usaspending.gov/award/ASST_NON_4192348207_073/,2021-01-06 03:33:53.27803+00
ASST_NON_4192598201_073,4192598201,,SAI EXEMPT,,,,,,2020-08-27,2020,0.00,,,,0.00,0.00,0.00,2020-08-06,2020,,,073,Small Business Administration,7300,Small Business Administration,737010,OFC OF CAPITAL ACCESS,073,Small Business Administration,7300,Small Business Administration,737010,OFC OF CAPITAL ACCESS,,,,,,,LAPIZZALAND AND BAKERY,LAPIZZALAND AND BAKERY,,,,USA,UNITED STATES,4837 LAUREL CANYON BL,,,VALLEY VILLAGE,06037,LOS ANGELES,06,CA,CALIFORNIA,91607,,CA-30,CA-29,,,,COUNTY-WIDE,USA,UNITED STATES,CA**037,,06037,LOS ANGELES,06,CALIFORNIA,,CA-30,CA-90,,59.073: PAYCHECK PROTECTION LOAN PROGRAM (PPP),,,08,GUARANTEED/INSURED LOAN (F),TO AID SMALL BUSINESSES IN MAINTAINING WORK FORCE DURING COVID-19 PANDEMIC.,NON,NOT RECOVERY ACT,P,INDIVIDUAL,2,NON-AGGREGATE RECORD,,,,,,,,,,,https://www.usaspending.gov/award/ASST_NON_4192598201_073/,2021-01-06 03:33:53.27803+00
ASST_NON_4192638200_073,4192638200,,SAI EXEMPT,,,,,,2020-08-27,2020,0.00,,,,0.00,0.00,0.00,2020-08-06,2020,,,073,Small Business Administration,7300,Small Business Administration,737010,OFC OF CAPITAL ACCESS,073,Small Business Administration,7300,Small Business Administration,737010,OFC OF CAPITAL ACCESS,,,,,,,GRAVES BBQ CATERING,GRAVES BBQ CATERING,,,,USA,UNITED STATES,3516 BAYWOOD CIR,,02252,ANTIOCH,06013,CONTRA COSTA,06,CA,CALIFORNIA,94531,,CA-09,CA-10,,,,COUNTY-WIDE,USA,UNITED STATES,CA**013,,06013,CONTRA COSTA,06,CALIFORNIA,,CA-09,CA-90,,59.073: PAYCHECK PROTECTION LOAN PROGRAM (PPP),,,08,GUARANTEED/INSURED LOAN (F),TO AID SMALL BUSINESSES IN MAINTAINING WORK FORCE DURING COVID-19 PANDEMIC.,NON,NOT RECOVERY ACT,P,INDIVIDUAL,2,NON-AGGREGATE RECORD,,,,,,,,,,,https://www.usaspending.gov/award/ASST_NON_4192638200_073/,2021-01-06 03:33:53.27803+00
ASST_NON_4192858207_073,4192858207,,SAI EXEMPT,,,,,,2020-08-27,2020,0.00,,,,0.00,0.00,0.00,2020-08-06,2020,,,073,Small Business Administration,7300,Small Business Administration,737010,OFC OF CAPITAL ACCESS,073,Small Business Administration,7300,Small Business Administration,737010,OFC OF CAPITAL ACCESS,,,,,,,EVORA RUSSELL,EVORA RUSSELL,,,,USA,UNITED STATES,5436 SENFORD AVE,,44000,LOS ANGELES,06037,LOS ANGELES,06,CA,CALIFORNIA,90056,,CA-37,CA-37,,,,COUNTY-WIDE,USA,UNITED STATES,CA**037,,06037,LOS ANGELES,06,CALIFORNIA,,CA-37,CA-90,,59.073: PAYCHECK PROTECTION LOAN PROGRAM (PPP),,,08,GUARANTEED/INSURED LOAN (F),TO AID SMALL BUSINESSES IN MAINTAINING WORK FORCE DURING COVID-19 PANDEMIC.,NON,NOT RECOVERY ACT,P,INDIVIDUAL,2,NON-AGGREGATE RECORD,,,,,,,,,,,https://www.usaspending.gov/award/ASST_NON_4192858207_073/,2021-01-06 03:33:53.27803+00
ASST_NON_4192988200_073,4192988200,,SAI EXEMPT,,,,,,2020-08-27,2020,0.00,,,,0.00,0.00,0.00,2020-08-06,2020,,,073,Small Business Administration,7300,Small Business Administration,737010,OFC OF CAPITAL ACCESS,073,Small Business Administration,7300,Small Business Administration,737010,OFC OF CAPITAL ACCESS,,,,,,,"PRO HAIR, INC","PRO HAIR, INC",,,,USA,UNITED STATES,3035 W OLYMPIC BLVD,205,44000,LOS ANGELES,06037,LOS ANGELES,06,CA,CALIFORNIA,90006,,CA-34,CA-34,,,,COUNTY-WIDE,USA,UNITED STATES,CA**037,,06037,LOS ANGELES,06,CALIFORNIA,,CA-34,CA-90,,59.073: PAYCHECK PROTECTION LOAN PROGRAM (PPP),,,08,GUARANTEED/INSURED LOAN (F),TO AID SMALL BUSINESSES IN MAINTAINING WORK FORCE DURING COVID-19 PANDEMIC.,NON,NOT RECOVERY ACT,R,SMALL BUSINESS,2,NON-AGGREGATE RECORD,,,,,,,,,,,https://www.usaspending.gov/award/ASST_NON_4192988200_073/,2021-01-06 03:33:53.27803+00
ASST_NON_4193008201_073,4193008201,,SAI EXEMPT,,,,,,2020-08-27,2020,0.00,,,,0.00,0.00,0.00,2020-08-06,2020,,,073,Small Business Administration,7300,Small Business Administration,737010,OFC OF CAPITAL ACCESS,073,Small Business Administration,7300,Small Business Administration,737010,OFC OF CAPITAL ACCESS,,,,,,,NABIL M ABOURICHE,NABIL M ABOURICHE,,,,USA,UNITED STATES,1905 E 17TH STREET,SUITE 222,69000,SANTA ANA,06059,ORANGE,06,CA,CALIFORNIA,92705,,CA-45,CA-90,,,,COUNTY-WIDE,USA,UNITED STATES,CA**059,,06059,ORANGE,06,CALIFORNIA,,CA-45,CA-90,,59.073: PAYCHECK PROTECTION LOAN PROGRAM (PPP),,,08,GUARANTEED/INSURED LOAN (F),TO AID SMALL BUSINESSES IN MAINTAINING WORK FORCE DURING COVID-19 PANDEMIC.,NON,NOT RECOVERY ACT,P,INDIVIDUAL,2,NON-AGGREGATE RECORD,,,,,,,,,,,https://www.usaspending.gov/award/ASST_NON_4193008201_073/,2021-01-06 03:33:53.27803+00
ASST_NON_4193108207_073,4193108207,,SAI EXEMPT,,,,,,2020-08-27,2020,0.00,,,,0.00,0.00,0.00,2020-08-06,2020,,,073,Small Business Administration,7300,Small Business Administration,737010,OFC OF CAPITAL ACCESS,073,Small Business Administration,7300,Small Business Administration,737010,OFC OF CAPITAL ACCESS,,,,,,,JACOB G SANTOS,JACOB G SANTOS,,,,USA,UNITED STATES,6317 GLENWOOD CT,,86076,WINTON,06047,MERCED,06,CA,CALIFORNIA,95388,,CA-16,CA-13,,,,COUNTY-WIDE,USA,UNITED STATES,CA**047,,06047,MERCED,06,CALIFORNIA,,CA-16,CA-13,,59.073: PAYCHECK PROTECTION LOAN PROGRAM (PPP),,,08,GUARANTEED/INSURED LOAN (F),TO AID SMALL BUSINESSES IN MAINTAINING WORK FORCE DURING COVID-19 PANDEMIC.,NON,NOT RECOVERY ACT,P,INDIVIDUAL,2,NON-AGGREGATE RECORD,,,,,,,,,,,https://www.usaspending.gov/award/ASST_NON_4193108207_073/,2021-01-06 03:33:53.27803+00
ASST_NON_4193238200_073,4193238200,,SAI EXEMPT,,,,,,2020-08-27,2020,0.00,,,,0.00,0.00,0.00,2020-08-06,2020,,,073,Small Business Administration,7300,Small Business Administration,737010,OFC OF CAPITAL ACCESS,073,Small Business Administration,7300,Small Business Administration,737010,OFC OF CAPITAL ACCESS,,,,,,,DRIVERS LIMOUSINE,DRIVERS LIMOUSINE,,,,USA,UNITED STATES,5815 DOVERWOOD DR,APT 36,17568,CULVER CITY,06037,LOS ANGELES,06,CA,CALIFORNIA,90230,,CA-37,CA-37,,,,COUNTY-WIDE,USA,UNITED STATES,CA**037,,06037,LOS ANGELES,06,CALIFORNIA,,CA-37,CA-90,,59.073: PAYCHECK PROTECTION LOAN PROGRAM (PPP),,,08,GUARANTEED/INSURED LOAN (F),TO AID SMALL BUSINESSES IN MAINTAINING WORK FORCE DURING COVID-19 PANDEMIC.,NON,NOT RECOVERY ACT,P,INDIVIDUAL,2,NON-AGGREGATE RECORD,,,,,,,,,,,https://www.usaspending.gov/award/ASST_NON_4193238200_073/,2021-01-06 03:33:53.27803+00
ASST_NON_4193318200_073,4193318200,,SAI EXEMPT,,,,,,2020-08-27,2020,0.00,,,,0.00,0.00,0.00,2020-08-06,2020,,,073,Small Business Administration,7300,Small Business Administration,737010,OFC OF CAPITAL ACCESS,073,Small Business Administration,7300,Small Business Administration,737010,OFC OF CAPITAL ACCESS,,,,,,,EASE & COMFORT HOME HEALTH INC.,EASE & COMFORT HOME HEALTH INC.,,,,USA,UNITED STATES,644 W BROADWAY,SUITE 110,29728,GLENDALE,06037,LOS ANGELES,06,CA,CALIFORNIA,91204,,CA-28,CA-30,,,,COUNTY-WIDE,USA,UNITED STATES,CA**037,,06037,LOS ANGELES,06,CALIFORNIA,,CA-28,CA-90,,59.073: PAYCHECK PROTECTION LOAN PROGRAM (PPP),,,08,GUARANTEED/INSURED LOAN (F),TO AID SMALL BUSINESSES IN MAINTAINING WORK FORCE DURING COVID-19 PANDEMIC.,NON,NOT RECOVERY ACT,R,SMALL BUSINESS,2,NON-AGGREGATE RECORD,,,,,,,,,,,https://www.usaspending.gov/award/ASST_NON_4193318200_073/,2021-01-06 03:33:53.27803+00
ASST_NON_4193388210_073,4193388210,,SAI EXEMPT,,,,,,2020-08-27,2020,0.00,,,,0.00,0.00,0.00,2020-08-06,2020,,,073,Small Business Administration,7300,Small Business Administration,737010,OFC OF CAPITAL ACCESS,073,Small Business Administration,7300,Small Business Administration,737010,OFC OF CAPITAL ACCESS,,,,,,,BP CONSULTING,BP CONSULTING,,,,USA,UNITED STATES,215 W. ACACIA AVE,7,29728,GLENDALE,06037,LOS ANGELES,06,CA,CALIFORNIA,91204,,CA-28,CA-30,,,,COUNTY-WIDE,USA,UNITED STATES,CA**037,,06037,LOS ANGELES,06,CALIFORNIA,,CA-28,CA-90,,59.073: PAYCHECK PROTECTION LOAN PROGRAM (PPP),,,08,GUARANTEED/INSURED LOAN (F),TO AID SMALL BUSINESSES IN MAINTAINING WORK FORCE DURING COVID-19 PANDEMIC.,NON,NOT RECOVERY ACT,P,INDIVIDUAL,2,NON-AGGREGATE RECORD,,,,,,,,,,,https://www.usaspending.gov/award/ASST_NON_4193388210_073/,2021-01-06 03:33:53.27803+00
ASST_NON_4193428209_073,4193428209,,SAI EXEMPT,,,,,,2020-08-27,2020,0.00,,,,0.00,0.00,0.00,2020-08-06,2020,,,073,Small Business Administration,7300,Small Business Administration,737010,OFC OF CAPITAL ACCESS,073,Small Business Administration,7300,Small Business Administration,737010,OFC OF CAPITAL ACCESS,,,,,,,MARILU RAMOS,MARILU RAMOS,,,,USA,UNITED STATES,2454 W ORANGETHORPE AVE,240,28000,FULLERTON,06059,ORANGE,06,CA,CALIFORNIA,92833,,CA-39,CA-90,,,,COUNTY-WIDE,USA,UNITED STATES,CA**059,,06059,ORANGE,06,CALIFORNIA,,CA-39,CA-90,,59.073: PAYCHECK PROTECTION LOAN PROGRAM (PPP),,,08,GUARANTEED/INSURED LOAN (F),TO AID SMALL BUSINESSES IN MAINTAINING WORK FORCE DURING COVID-19 PANDEMIC.,NON,NOT RECOVERY ACT,P,INDIVIDUAL,2,NON-AGGREGATE RECORD,,,,,,,,,,,https://www.usaspending.gov/award/ASST_NON_4193428209_073/,2021-01-06 03:33:53.27803+00
ASST_NON_4193508209_073,4193508209,,SAI EXEMPT,,,,,,2020-08-27,2020,0.00,,,,0.00,0.00,0.00,2020-08-06,2020,,,073,Small Business Administration,7300,Small Business Administration,737010,OFC OF CAPITAL ACCESS,073,Small Business Administration,7300,Small Business Administration,737010,OFC OF CAPITAL ACCESS,,,,,,,VERONICA FAULKNOR,VERONICA FAULKNOR,,,,USA,UNITED STATES,1603 W 109TH STREET,,44000,LOS ANGELES,06037,LOS ANGELES,06,CA,CALIFORNIA,90047,,CA-43,CA-37,,,,COUNTY-WIDE,USA,UNITED STATES,CA**037,,06037,LOS ANGELES,06,CALIFORNIA,,CA-43,CA-90,,59.073: PAYCHECK PROTECTION LOAN PROGRAM (PPP),,,08,GUARANTEED/INSURED LOAN (F),TO AID SMALL BUSINESSES IN MAINTAINING WORK FORCE DURING COVID-19 PANDEMIC.,NON,NOT RECOVERY ACT,P,INDIVIDUAL,2,NON-AGGREGATE RECORD,,,,,,,,,,,https://www.usaspending.gov/award/ASST_NON_4193508209_073/,2021-01-06 03:33:53.27803+00
ASST_NON_4193598203_073,4193598203,,SAI EXEMPT,,,,,,2020-08-27,2020,0.00,,,,0.00,0.00,0.00,2020-08-06,2020,,,073,Small Business Administration,7300,Small Business Administration,737010,OFC OF CAPITAL ACCESS,073,Small Business Administration,7300,Small Business Administration,737010,OFC OF CAPITAL ACCESS,,,,,,,FRANCO CORTINOVIS,FRANCO CORTINOVIS,,,,USA,UNITED STATES,39626 CATAMARAN CT,,26004,FREMONT,06001,ALAMEDA,06,CA,CALIFORNIA,94538,,CA-17,CA-90,,,,COUNTY-WIDE,USA,UNITED STATES,CA**001,,06001,ALAMEDA,06,CALIFORNIA,,CA-17,CA-90,,59.073: PAYCHECK PROTECTION LOAN PROGRAM (PPP),,,08,GUARANTEED/INSURED LOAN (F),TO AID SMALL BUSINESSES IN MAINTAINING WORK FORCE DURING COVID-19 PANDEMIC.,NON,NOT RECOVERY ACT,P,INDIVIDUAL,2,NON-AGGREGATE RECORD,,,,,,,,,,,https://www.usaspending.gov/award/ASST_NON_4193598203_073/,2021-01-06 03:33:53.27803+00
ASST_NON_4193608204_073,4193608204,,SAI EXEMPT,,,,,,2020-08-27,2020,0.00,,,,0.00,0.00,0.00,2020-08-06,2020,,,073,Small Business Administration,7300,Small Business Administration,737010,OFC OF CAPITAL ACCESS,073,Small Business Administration,7300,Small Business Administration,737010,OFC OF CAPITAL ACCESS,,,,,,,"MELISSA DELIS, MFT","MELISSA DELIS, MFT",,,,USA,UNITED STATES,5301 OFFICE PARK DRIVE,225,03526,BAKERSFIELD,06029,KERN,06,CA,CALIFORNIA,93309,,CA-23,CA-90,,,,COUNTY-WIDE,USA,UNITED STATES,CA**029,,06029,KERN,06,CALIFORNIA,,CA-23,CA-90,,59.073: PAYCHECK PROTECTION LOAN PROGRAM (PPP),,,08,GUARANTEED/INSURED LOAN (F),TO AID SMALL BUSINESSES IN MAINTAINING WORK FORCE DURING COVID-19 PANDEMIC.,NON,NOT RECOVERY ACT,P,INDIVIDUAL,2,NON-AGGREGATE RECORD,,,,,,,,,,,https://www.usaspending.gov/award/ASST_NON_4193608204_073/,2021-01-06 03:33:53.27803+00
ASST_NON_4193678203_073,4193678203,,SAI EXEMPT,,,,,,2020-08-27,2020,0.00,,,,0.00,0.00,0.00,2020-08-06,2020,,,073,Small Business Administration,7300,Small Business Administration,737010,OFC OF CAPITAL ACCESS,073,Small Business Administration,7300,Small Business Administration,737010,OFC OF CAPITAL ACCESS,,,,,,,OSBALDO GONZALEZ,OSBALDO GONZALEZ,,,,USA,UNITED STATES,13941 CHAGALL COURT,,49270,MORENO VALLEY,06065,RIVERSIDE,06,CA,CALIFORNIA,92553,,CA-41,CA-39,,,,COUNTY-WIDE,USA,UNITED STATES,CA**065,,06065,RIVERSIDE,06,CALIFORNIA,,CA-41,CA-90,,59.073: PAYCHECK PROTECTION LOAN PROGRAM (PPP),,,08,GUARANTEED/INSURED LOAN (F),TO AID SMALL BUSINESSES IN MAINTAINING WORK FORCE DURING COVID-19 PANDEMIC.,NON,NOT RECOVERY ACT,P,INDIVIDUAL,2,NON-AGGREGATE RECORD,,,,,,,,,,,https://www.usaspending.gov/award/ASST_NON_4193678203_073/,2021-01-06 03:33:53.27803+00
ASST_NON_4197978207_073,4197978207,,SAI EXEMPT,,,,,,2020-08-27,2020,0.00,,,,0.00,0.00,0.00,2020-08-06,2020,,,073,Small Business Administration,7300,Small Business Administration,737010,OFC OF CAPITAL ACCESS,073,Small Business Administration,7300,Small Business Administration,737010,OFC OF CAPITAL ACCESS,,,,,,,A&G EXPRESS TRANSPORTATION,A&G EXPRESS TRANSPORTATION,,,,USA,UNITED STATES,24164 AVENIDA RANCHEROS,,19192,DIAMOND BAR,06037,LOS ANGELES,06,CA,CALIFORNIA,91765,,CA-35,CA-38,,,,COUNTY-WIDE,USA,UNITED STATES,CA**037,,06037,LOS ANGELES,06,CALIFORNIA,,CA-35,CA-90,,59.073: PAYCHECK PROTECTION LOAN PROGRAM (PPP),,,08,GUARANTEED/INSURED LOAN (F),TO AID SMALL BUSINESSES IN MAINTAINING WORK FORCE DURING COVID-19 PANDEMIC.,NON,NOT RECOVERY ACT,P,INDIVIDUAL,2,NON-AGGREGATE RECORD,,,,,,,,,,,https://www.usaspending.gov/award/ASST_NON_4197978207_073/,2021-01-06 03:33:53.27803+00
ASST_NON_4198568204_073,4198568204,,SAI EXEMPT,,,,,,2020-08-27,2020,0.00,,,,0.00,0.00,0.00,2020-08-06,2020,,,073,Small Business Administration,7300,Small Business Administration,737010,OFC OF CAPITAL ACCESS,073,Small Business Administration,7300,Small Business Administration,737010,OFC OF CAPITAL ACCESS,,,,,,,ASAAD SHAKIR,ASAAD SHAKIR,,,,USA,UNITED STATES,39743 COBBLE CT,,50076,MURRIETA,06065,RIVERSIDE,06,CA,CALIFORNIA,92562,,CA-42,CA-48,,,,COUNTY-WIDE,USA,UNITED STATES,CA**065,,06065,RIVERSIDE,06,CALIFORNIA,,CA-42,CA-90,,59.073: PAYCHECK PROTECTION LOAN PROGRAM (PPP),,,08,GUARANTEED/INSURED LOAN (F),TO AID SMALL BUSINESSES IN MAINTAINING WORK FORCE DURING COVID-19 PANDEMIC.,NON,NOT RECOVERY ACT,P,INDIVIDUAL,2,NON-AGGREGATE RECORD,,,,,,,,,,,https://www.usaspending.gov/award/ASST_NON_4198568204_073/,2021-01-06 03:33:53.27803+00
ASST_NON_4198688205_073,4198688205,,SAI EXEMPT,,,,,,2020-08-27,2020,0.00,,,,0.00,0.00,0.00,2020-08-06,2020,,,073,Small Business Administration,7300,Small Business Administration,737010,OFC OF CAPITAL ACCESS,073,Small Business Administration,7300,Small Business Administration,737010,OFC OF CAPITAL ACCESS,,,,,,,ERNESTO CONTRERAS,ERNESTO CONTRERAS,,,,USA,UNITED STATES,5540 N LARK ELLEN AVE,,03386,AZUSA,06037,LOS ANGELES,06,CA,CALIFORNIA,91702,,CA-27,CA-31,,,,COUNTY-WIDE,USA,UNITED STATES,CA**037,,06037,LOS ANGELES,06,CALIFORNIA,,CA-27,CA-90,,59.073: PAYCHECK PROTECTION LOAN PROGRAM (PPP),,,08,GUARANTEED/INSURED LOAN (F),TO AID SMALL BUSINESSES IN MAINTAINING WORK FORCE DURING COVID-19 PANDEMIC.,NON,NOT RECOVERY ACT,P,INDIVIDUAL,2,NON-AGGREGATE RECORD,,,,,,,,,,,https://www.usaspending.gov/award/ASST_NON_4198688205_073/,2021-01-06 03:33:53.27803+00
ASST_NON_4199678204_073,4199678204,,SAI EXEMPT,,,,,,2020-08-27,2020,0.00,,,,0.00,0.00,0.00,2020-08-06,2020,,,073,Small Business Administration,7300,Small Business Administration,737010,OFC OF CAPITAL ACCESS,073,Small Business Administration,7300,Small Business Administration,737010,OFC OF CAPITAL ACCESS,,,,,,,VALDISIO HOLANDA JR,VALDISIO HOLANDA JR,,,,USA,UNITED STATES,1627 TIMOTHY DR,,68084,SAN LEANDRO,06001,ALAMEDA,06,CA,CALIFORNIA,94577,,CA-13,CA-12,,,,COUNTY-WIDE,USA,UNITED STATES,CA**001,,06001,ALAMEDA,06,CALIFORNIA,,CA-13,CA-90,,59.073: PAYCHECK PROTECTION LOAN PROGRAM (PPP),,,08,GUARANTEED/INSURED LOAN (F),TO AID SMALL BUSINESSES IN MAINTAINING WORK FORCE DURING COVID-19 PANDEMIC.,NON,NOT RECOVERY ACT,P,INDIVIDUAL,2,NON-AGGREGATE RECORD,,,,,,,,,,,https://www.usaspending.gov/award/ASST_NON_4199678204_073/,2021-01-06 03:33:53.27803+00
ASST_NON_4200678202_073,4200678202,,SAI EXEMPT,,,,,,2020-08-27,2020,0.00,,,,0.00,0.00,0.00,2020-08-06,2020,,,073,Small Business Administration,7300,Small Business Administration,737010,OFC OF CAPITAL ACCESS,073,Small Business Administration,7300,Small Business Administration,737010,OFC OF CAPITAL ACCESS,,,,,,,YING XU MU,YING XU MU,,,,USA,UNITED STATES,12563 MISSISSIPPI DR.,,47976,MIRA LOMA,06065,RIVERSIDE,06,CA,CALIFORNIA,91752,,CA-42,CA-90,,,,COUNTY-WIDE,USA,UNITED STATES,CA**065,,06065,RIVERSIDE,06,CALIFORNIA,,CA-42,CA-90,,59.073: PAYCHECK PROTECTION LOAN PROGRAM (PPP),,,08,GUARANTEED/INSURED LOAN (F),TO AID SMALL BUSINESSES IN MAINTAINING WORK FORCE DURING COVID-19 PANDEMIC.,NON,NOT RECOVERY ACT,P,INDIVIDUAL,2,NON-AGGREGATE RECORD,,,,,,,,,,,https://www.usaspending.gov/award/ASST_NON_4200678202_073/,2021-01-06 03:33:53.27803+00
ASST_NON_4200768205_073,4200768205,,SAI EXEMPT,,,,,,2020-08-27,2020,0.00,,,,0.00,0.00,0.00,2020-08-06,2020,,,073,Small Business Administration,7300,Small Business Administration,737010,OFC OF CAPITAL ACCESS,073,Small Business Administration,7300,Small Business Administration,737010,OFC OF CAPITAL ACCESS,,,,,,,"STRAHM FARMS, INC.","STRAHM FARMS, INC.",,,,USA,UNITED STATES,2605 HOLT ROAD,,34246,HOLTVILLE,06025,IMPERIAL,06,CA,CALIFORNIA,92250,,CA-51,CA-25,,,,COUNTY-WIDE,USA,UNITED STATES,CA**025,,06025,IMPERIAL,06,CALIFORNIA,,CA-51,CA-25,,59.073: PAYCHECK PROTECTION LOAN PROGRAM (PPP),,,08,GUARANTEED/INSURED LOAN (F),TO AID SMALL BUSINESSES IN MAINTAINING WORK FORCE DURING COVID-19 PANDEMIC.,NON,NOT RECOVERY ACT,R,SMALL BUSINESS,2,NON-AGGREGATE RECORD,,,,,,,,,,,https://www.usaspending.gov/award/ASST_NON_4200768205_073/,2021-01-06 03:33:53.27803+00
ASST_NON_4200898209_073,4200898209,,SAI EXEMPT,,,,,,2020-08-27,2020,0.00,,,,0.00,0.00,0.00,2020-08-06,2020,,,073,Small Business Administration,7300,Small Business Administration,737010,OFC OF CAPITAL ACCESS,073,Small Business Administration,7300,Small Business Administration,737010,OFC OF CAPITAL ACCESS,,,,,,,BARNEY LEE,BARNEY LEE,,,,USA,UNITED STATES,3509 STOCKTON BLVD,,64000,SACRAMENTO,06067,SACRAMENTO,06,CA,CALIFORNIA,95820,,CA-06,CA-07,,,,COUNTY-WIDE,USA,UNITED STATES,CA**067,,06067,SACRAMENTO,06,CALIFORNIA,,CA-06,CA-90,,59.073: PAYCHECK PROTECTION LOAN PROGRAM (PPP),,,08,GUARANTEED/INSURED LOAN (F),TO AID SMALL BUSINESSES IN MAINTAINING WORK FORCE DURING COVID-19 PANDEMIC.,NON,NOT RECOVERY ACT,P,INDIVIDUAL,2,NON-AGGREGATE RECORD,,,,,,,,,,,https://www.usaspending.gov/award/ASST_NON_4200898209_073/,2021-01-06 03:33:53.27803+00
ASST_NON_4201068209_073,4201068209,,SAI EXEMPT,,,,,,2020-08-27,2020,0.00,,,,0.00,0.00,0.00,2020-08-06,2020,,,073,Small Business Administration,7300,Small Business Administration,737010,OFC OF CAPITAL ACCESS,073,Small Business Administration,7300,Small Business Administration,737010,OFC OF CAPITAL ACCESS,,,,,,,VINCENT PERCHEZ,VINCENT PERCHEZ,,,,USA,UNITED STATES,957 W 26TH ST,,65000,SAN BERNARDINO,06071,SAN BERNARDINO,06,CA,CALIFORNIA,92405,,CA-31,CA-33,,,,COUNTY-WIDE,USA,UNITED STATES,CA**071,,06071,SAN BERNARDINO,06,CALIFORNIA,,CA-31,CA-90,,59.073: PAYCHECK PROTECTION LOAN PROGRAM (PPP),,,08,GUARANTEED/INSURED LOAN (F),TO AID SMALL BUSINESSES IN MAINTAINING WORK FORCE DURING COVID-19 PANDEMIC.,NON,NOT RECOVERY ACT,P,INDIVIDUAL,2,NON-AGGREGATE RECORD,,,,,,,,,,,https://www.usaspending.gov/award/ASST_NON_4201068209_073/,2021-01-06 03:33:53.27803+00
ASST_NON_4201218206_073,4201218206,,SAI EXEMPT,,,,,,2020-08-27,2020,0.00,,,,0.00,0.00,0.00,2020-08-06,2020,,,073,Small Business Administration,7300,Small Business Administration,737010,OFC OF CAPITAL ACCESS,073,Small Business Administration,7300,Small Business Administration,737010,OFC OF CAPITAL ACCESS,,,,,,,JASON MCCAGHREN,JASON MCCAGHREN,,,,USA,UNITED STATES,24530 SNAPDRAGON WAY,,39486,LAKE ELSINORE,06065,RIVERSIDE,06,CA,CALIFORNIA,92532,,CA-42,CA-41,,,,COUNTY-WIDE,USA,UNITED STATES,CA**065,,06065,RIVERSIDE,06,CALIFORNIA,,CA-42,CA-90,,59.073: PAYCHECK PROTECTION LOAN PROGRAM (PPP),,,08,GUARANTEED/INSURED LOAN (F),TO AID SMALL BUSINESSES IN MAINTAINING WORK FORCE DURING COVID-19 PANDEMIC.,NON,NOT RECOVERY ACT,P,INDIVIDUAL,2,NON-AGGREGATE RECORD,,,,,,,,,,,https://www.usaspending.gov/award/ASST_NON_4201218206_073/,2021-01-06 03:33:53.27803+00
ASST_NON_4201738209_073,4201738209,,SAI EXEMPT,,,,,,2020-08-27,2020,0.00,,,,0.00,0.00,0.00,2020-08-06,2020,,,073,Small Business Administration,7300,Small Business Administration,737010,OFC OF CAPITAL ACCESS,073,Small Business Administration,7300,Small Business Administration,737010,OFC OF CAPITAL ACCESS,,,,,,,BARG,BARG,,,,USA,UNITED STATES,3317 COY DR.,,71470,SHERMAN OAKS,06037,LOS ANGELES,06,CA,CALIFORNIA,91423,,CA-30,CA-32,,,,COUNTY-WIDE,USA,UNITED STATES,CA**037,,06037,LOS ANGELES,06,CALIFORNIA,,CA-30,CA-90,,59.073: PAYCHECK PROTECTION LOAN PROGRAM (PPP),,,08,GUARANTEED/INSURED LOAN (F),TO AID SMALL BUSINESSES IN MAINTAINING WORK FORCE DURING COVID-19 PANDEMIC.,NON,NOT RECOVERY ACT,P,INDIVIDUAL,2,NON-AGGREGATE RECORD,,,,,,,,,,,https://www.usaspending.gov/award/ASST_NON_4201738209_073/,2021-01-06 03:33:53.27803+00
ASST_NON_4201838204_073,4201838204,,SAI EXEMPT,,,,,,2020-08-27,2020,0.00,,,,0.00,0.00,0.00,2020-08-06,2020,,,073,Small Business Administration,7300,Small Business Administration,737010,OFC OF CAPITAL ACCESS,073,Small Business Administration,7300,Small Business Administration,737010,OFC OF CAPITAL ACCESS,,,,,,,ANDRES CASTRO,ANDRES CASTRO,,,,USA,UNITED STATES,1840 W. WHITTIER BLVD.,,39290,LA HABRA,06059,ORANGE,06,CA,CALIFORNIA,90631,,CA-39,CA-38,,,,COUNTY-WIDE,USA,UNITED STATES,CA**059,,06059,ORANGE,06,CALIFORNIA,,CA-39,CA-90,,59.073: PAYCHECK PROTECTION LOAN PROGRAM (PPP),,,08,GUARANTEED/INSURED LOAN (F),TO AID SMALL BUSINESSES IN MAINTAINING WORK FORCE DURING COVID-19 PANDEMIC.,NON,NOT RECOVERY ACT,P,INDIVIDUAL,2,NON-AGGREGATE RECORD,,,,,,,,,,,https://www.usaspending.gov/award/ASST_NON_4201838204_073/,2021-01-06 03:33:53.27803+00
ASST_NON_4201898200_073,4201898200,,SAI EXEMPT,,,,,,2020-08-27,2020,0.00,,,,0.00,0.00,0.00,2020-08-06,2020,,,073,Small Business Administration,7300,Small Business Administration,737010,OFC OF CAPITAL ACCESS,073,Small Business Administration,7300,Small Business Administration,737010,OFC OF CAPITAL ACCESS,,,,,,,HELEN VO,HELEN VO,,,,USA,UNITED STATES,1270 FARRINGDON DRIVE,,68000,SAN JOSE,06085,SANTA CLARA,06,CA,CALIFORNIA,95127,,CA-19,CA-18,,,,COUNTY-WIDE,USA,UNITED STATES,CA**085,,06085,SANTA CLARA,06,CALIFORNIA,,CA-19,CA-90,,59.073: PAYCHECK PROTECTION LOAN PROGRAM (PPP),,,08,GUARANTEED/INSURED LOAN (F),TO AID SMALL BUSINESSES IN MAINTAINING WORK FORCE DURING COVID-19 PANDEMIC.,NON,NOT RECOVERY ACT,P,INDIVIDUAL,2,NON-AGGREGATE RECORD,,,,,,,,,,,https://www.usaspending.gov/award/ASST_NON_4201898200_073/,2021-01-06 03:33:53.27803+00
ASST_NON_4202068200_073,4202068200,,SAI EXEMPT,,,,,,2020-08-27,2020,0.00,,,,0.00,0.00,0.00,2020-08-06,2020,,,073,Small Business Administration,7300,Small Business Administration,737010,OFC OF CAPITAL ACCESS,073,Small Business Administration,7300,Small Business Administration,737010,OFC OF CAPITAL ACCESS,,,,,,,PETER H LEE,PETER H LEE,,,,USA,UNITED STATES,4220 W 3RD ST,SUITE 203,44000,LOS ANGELES,06037,LOS ANGELES,06,CA,CALIFORNIA,90020,,CA-34,CA-34,,,,COUNTY-WIDE,USA,UNITED STATES,CA**037,,06037,LOS ANGELES,06,CALIFORNIA,,CA-34,CA-90,,59.073: PAYCHECK PROTECTION LOAN PROGRAM (PPP),,,08,GUARANTEED/INSURED LOAN (F),TO AID SMALL BUSINESSES IN MAINTAINING WORK FORCE DURING COVID-19 PANDEMIC.,NON,NOT RECOVERY ACT,P,INDIVIDUAL,2,NON-AGGREGATE RECORD,,,,,,,,,,,https://www.usaspending.gov/award/ASST_NON_4202068200_073/,2021-01-06 03:33:53.27803+00
ASST_NON_4202168206_073,4202168206,,SAI EXEMPT,,,,,,2020-08-27,2020,0.00,,,,0.00,0.00,0.00,2020-08-06,2020,,,073,Small Business Administration,7300,Small Business Administration,737010,OFC OF CAPITAL ACCESS,073,Small Business Administration,7300,Small Business Administration,737010,OFC OF CAPITAL ACCESS,,,,,,,CLAUDIA NUNEZ,CLAUDIA NUNEZ,,,,USA,UNITED STATES,10725 AVE 412,,19318,DINUBA,06107,TULARE,06,CA,CALIFORNIA,93618,,CA-22,CA-21,,,,COUNTY-WIDE,USA,UNITED STATES,CA**107,,06107,TULARE,06,CALIFORNIA,,CA-22,CA-90,,59.073: PAYCHECK PROTECTION LOAN PROGRAM (PPP),,,08,GUARANTEED/INSURED LOAN (F),TO AID SMALL BUSINESSES IN MAINTAINING WORK FORCE DURING COVID-19 PANDEMIC.,NON,NOT RECOVERY ACT,P,INDIVIDUAL,2,NON-AGGREGATE RECORD,,,,,,,,,,,https://www.usaspending.gov/award/ASST_NON_4202168206_073/,2021-01-06 03:33:53.27803+00
ASST_NON_4202288207_073,4202288207,,SAI EXEMPT,,,,,,2020-08-27,2020,0.00,,,,0.00,0.00,0.00,2020-08-06,2020,,,073,Small Business Administration,7300,Small Business Administration,737010,OFC OF CAPITAL ACCESS,073,Small Business Administration,7300,Small Business Administration,737010,OFC OF CAPITAL ACCESS,,,,,,,KIMBERLY DENNIE,KIMBERLY DENNIE,,,,USA,UNITED STATES,7488 YELLOW JASMINE DR,,33588,HIGHLAND,06071,SAN BERNARDINO,06,CA,CALIFORNIA,92346,,CA-08,CA-90,,,,COUNTY-WIDE,USA,UNITED STATES,CA**071,,06071,SAN BERNARDINO,06,CALIFORNIA,,CA-08,CA-90,,59.073: PAYCHECK PROTECTION LOAN PROGRAM (PPP),,,08,GUARANTEED/INSURED LOAN (F),TO AID SMALL BUSINESSES IN MAINTAINING WORK FORCE DURING COVID-19 PANDEMIC.,NON,NOT RECOVERY ACT,P,INDIVIDUAL,2,NON-AGGREGATE RECORD,,,,,,,,,,,https://www.usaspending.gov/award/ASST_NON_4202288207_073/,2021-01-06 03:33:53.27803+00
ASST_NON_4202408206_073,4202408206,,SAI EXEMPT,,,,,,2020-08-27,2020,0.00,,,,0.00,0.00,0.00,2020-08-06,2020,,,073,Small Business Administration,7300,Small Business Administration,737010,OFC OF CAPITAL ACCESS,073,Small Business Administration,7300,Small Business Administration,737010,OFC OF CAPITAL ACCESS,,,,,,,WELLNESS FOR ALL YOUTH FOUNDATION,WELLNESS FOR ALL YOUTH FOUNDATION,,,,USA,UNITED STATES,6164 S PACIFIC COAST HWY,5,60018,REDONDO BEACH,06037,LOS ANGELES,06,CA,CALIFORNIA,90277,,CA-33,CA-36,,,,COUNTY-WIDE,USA,UNITED STATES,CA**037,,06037,LOS ANGELES,06,CALIFORNIA,,CA-33,CA-90,,59.073: PAYCHECK PROTECTION LOAN PROGRAM (PPP),,,08,GUARANTEED/INSURED LOAN (F),TO AID SMALL BUSINESSES IN MAINTAINING WORK FORCE DURING COVID-19 PANDEMIC.,NON,NOT RECOVERY ACT,P,INDIVIDUAL,2,NON-AGGREGATE RECORD,,,,,,,,,,,https://www.usaspending.gov/award/ASST_NON_4202408206_073/,2021-01-06 03:33:53.27803+00
ASST_NON_4202418209_073,4202418209,,SAI EXEMPT,,,,,,2020-08-27,2020,0.00,,,,0.00,0.00,0.00,2020-08-06,2020,,,073,Small Business Administration,7300,Small Business Administration,737010,OFC OF CAPITAL ACCESS,073,Small Business Administration,7300,Small Business Administration,737010,OFC OF CAPITAL ACCESS,,,,,,,KRISTAL BAILEY,KRISTAL BAILEY,,,,USA,UNITED STATES,14027 NAVAJO RD,,02364,APPLE VALLEY,06071,SAN BERNARDINO,06,CA,CALIFORNIA,92307,,CA-08,CA-23,,,,COUNTY-WIDE,USA,UNITED STATES,CA**071,,06071,SAN BERNARDINO,06,CALIFORNIA,,CA-08,CA-90,,59.073: PAYCHECK PROTECTION LOAN PROGRAM (PPP),,,08,GUARANTEED/INSURED LOAN (F),TO AID SMALL BUSINESSES IN MAINTAINING WORK FORCE DURING COVID-19 PANDEMIC.,NON,NOT RECOVERY ACT,P,INDIVIDUAL,2,NON-AGGREGATE RECORD,,,,,,,,,,,https://www.usaspending.gov/award/ASST_NON_4202418209_073/,2021-01-06 03:33:53.27803+00
ASST_NON_4202538210_073,4202538210,,SAI EXEMPT,,,,,,2020-08-27,2020,0.00,,,,0.00,0.00,0.00,2020-08-06,2020,,,073,Small Business Administration,7300,Small Business Administration,737010,OFC OF CAPITAL ACCESS,073,Small Business Administration,7300,Small Business Administration,737010,OFC OF CAPITAL ACCESS,,,,,,,CHENG JUN LEI,CHENG JUN LEI,,,,USA,UNITED STATES,15995 LEANDER DR,,31596,HACIENDA HEIGHTS,06037,LOS ANGELES,06,CA,CALIFORNIA,91745,,CA-39,CA-38,,,,COUNTY-WIDE,USA,UNITED STATES,CA**037,,06037,LOS ANGELES,06,CALIFORNIA,,CA-39,CA-90,,59.073: PAYCHECK PROTECTION LOAN PROGRAM (PPP),,,08,GUARANTEED/INSURED LOAN (F),TO AID SMALL BUSINESSES IN MAINTAINING WORK FORCE DURING COVID-19 PANDEMIC.,NON,NOT RECOVERY ACT,P,INDIVIDUAL,2,NON-AGGREGATE RECORD,,,,,,,,,,,https://www.usaspending.gov/award/ASST_NON_4202538210_073/,2021-01-06 03:33:53.27803+00
ASST_NON_4202648208_073,4202648208,,SAI EXEMPT,,,,,,2020-08-27,2020,0.00,,,,0.00,0.00,0.00,2020-08-06,2020,,,073,Small Business Administration,7300,Small Business Administration,737010,OFC OF CAPITAL ACCESS,073,Small Business Administration,7300,Small Business Administration,737010,OFC OF CAPITAL ACCESS,,,,,,,MESAALTA TRANSPORTATION INC.,MESAALTA TRANSPORTATION INC.,,,,USA,UNITED STATES,12319 12TH AVENUE,,31960,HANFORD,06031,KINGS,06,CA,CALIFORNIA,93230,,CA-21,CA-90,,,,COUNTY-WIDE,USA,UNITED STATES,CA**031,,06031,KINGS,06,CALIFORNIA,,CA-21,CA-90,,59.073: PAYCHECK PROTECTION LOAN PROGRAM (PPP),,,08,GUARANTEED/INSURED LOAN (F),TO AID SMALL BUSINESSES IN MAINTAINING WORK FORCE DURING COVID-19 PANDEMIC.,NON,NOT RECOVERY ACT,R,SMALL BUSINESS,2,NON-AGGREGATE RECORD,,,,,,,,,,,https://www.usaspending.gov/award/ASST_NON_4202648208_073/,2021-01-06 03:33:53.27803+00
ASST_NON_4202728208_073,4202728208,,SAI EXEMPT,,,,,,2020-08-27,2020,0.00,,,,0.00,0.00,0.00,2020-08-06,2020,,,073,Small Business Administration,7300,Small Business Administration,737010,OFC OF CAPITAL ACCESS,073,Small Business Administration,7300,Small Business Administration,737010,OFC OF CAPITAL ACCESS,,,,,,,ALEN LANG LY,ALEN LANG LY,,,,USA,UNITED STATES,15859 EDNA PLACE,203,03666,BALDWIN PARK,06037,LOS ANGELES,06,CA,CALIFORNIA,91706,,CA-32,CA-31,,,,COUNTY-WIDE,USA,UNITED STATES,CA**037,,06037,LOS ANGELES,06,CALIFORNIA,,CA-32,CA-90,,59.073: PAYCHECK PROTECTION LOAN PROGRAM (PPP),,,08,GUARANTEED/INSURED LOAN (F),TO AID SMALL BUSINESSES IN MAINTAINING WORK FORCE DURING COVID-19 PANDEMIC.,NON,NOT RECOVERY ACT,P,INDIVIDUAL,2,NON-AGGREGATE RECORD,,,,,,,,,,,https://www.usaspending.gov/award/ASST_NON_4202728208_073/,2021-01-06 03:33:53.27803+00
ASST_NON_4202908203_073,4202908203,,SAI EXEMPT,,,,,,2020-08-27,2020,0.00,,,,0.00,0.00,0.00,2020-08-06,2020,,,073,Small Business Administration,7300,Small Business Administration,737010,OFC OF CAPITAL ACCESS,073,Small Business Administration,7300,Small Business Administration,737010,OFC OF CAPITAL ACCESS,,,,,,,SHAWN RUSSELL,SHAWN RUSSELL,,,,USA,UNITED STATES,5436 SENFORD AVE,,44000,LOS ANGELES,06037,LOS ANGELES,06,CA,CALIFORNIA,90056,,CA-37,CA-37,,,,COUNTY-WIDE,USA,UNITED STATES,CA**037,,06037,LOS ANGELES,06,CALIFORNIA,,CA-37,CA-90,,59.073: PAYCHECK PROTECTION LOAN PROGRAM (PPP),,,08,GUARANTEED/INSURED LOAN (F),TO AID SMALL BUSINESSES IN MAINTAINING WORK FORCE DURING COVID-19 PANDEMIC.,NON,NOT RECOVERY ACT,P,INDIVIDUAL,2,NON-AGGREGATE RECORD,,,,,,,,,,,https://www.usaspending.gov/award/ASST_NON_4202908203_073/,2021-01-06 03:33:53.27803+00
ASST_NON_4202998208_073,4202998208,,SAI EXEMPT,,,,,,2020-08-27,2020,0.00,,,,0.00,0.00,0.00,2020-08-06,2020,,,073,Small Business Administration,7300,Small Business Administration,737010,OFC OF CAPITAL ACCESS,073,Small Business Administration,7300,Small Business Administration,737010,OFC OF CAPITAL ACCESS,,,,,,,LOREN J MIDDAG,LOREN J MIDDAG,,,,USA,UNITED STATES,346 FRANKLIN AVE,,59962,REDLANDS,06065,RIVERSIDE,06,CA,CALIFORNIA,92373,,CA-31,CA-23,,,,COUNTY-WIDE,USA,UNITED STATES,CA**071,,06071,SAN BERNARDINO,06,CALIFORNIA,,CA-31,CA-90,,59.073: PAYCHECK PROTECTION LOAN PROGRAM (PPP),,,08,GUARANTEED/INSURED LOAN (F),TO AID SMALL BUSINESSES IN MAINTAINING WORK FORCE DURING COVID-19 PANDEMIC.,NON,NOT RECOVERY ACT,P,INDIVIDUAL,2,NON-AGGREGATE RECORD,,,,,,,,,,,https://www.usaspending.gov/award/ASST_NON_4202998208_073/,2021-01-06 03:33:53.27803+00
ASST_NON_4206838203_073,4206838203,,SAI EXEMPT,,,,,,2020-08-27,2020,0.00,,,,0.00,0.00,0.00,2020-08-06,2020,,,073,Small Business Administration,7300,Small Business Administration,737010,OFC OF CAPITAL ACCESS,073,Small Business Administration,7300,Small Business Administration,737010,OFC OF CAPITAL ACCESS,,,,,,,QAMAR MEHMOOD,QAMAR MEHMOOD,,,,USA,UNITED STATES,863 NEW HOLLAND DRIVE,,08142,BRENTWOOD,06013,CONTRA COSTA,06,CA,CALIFORNIA,94513,,CA-09,CA-10,,,,COUNTY-WIDE,USA,UNITED STATES,CA**013,,06013,CONTRA COSTA,06,CALIFORNIA,,CA-09,CA-90,,59.073: PAYCHECK PROTECTION LOAN PROGRAM (PPP),,,08,GUARANTEED/INSURED LOAN (F),TO AID SMALL BUSINESSES IN MAINTAINING WORK FORCE DURING COVID-19 PANDEMIC.,NON,NOT RECOVERY ACT,P,INDIVIDUAL,2,NON-AGGREGATE RECORD,,,,,,,,,,,https://www.usaspending.gov/award/ASST_NON_4206838203_073/,2021-01-06 03:33:53.27803+00
ASST_NON_4207218207_073,4207218207,,SAI EXEMPT,,,,,,2020-08-27,2020,0.00,,,,0.00,0.00,0.00,2020-08-06,2020,,,073,Small Business Administration,7300,Small Business Administration,737010,OFC OF CAPITAL ACCESS,073,Small Business Administration,7300,Small Business Administration,737010,OFC OF CAPITAL ACCESS,,,,,,,ABASI TAMALE,ABASI TAMALE,,,,USA,UNITED STATES,4567 LOGAN AVE,B,66000,SAN DIEGO,06073,SAN DIEGO,06,CA,CALIFORNIA,92113,,CA-51,CA-52,,,,COUNTY-WIDE,USA,UNITED STATES,CA**073,,06073,SAN DIEGO,06,CALIFORNIA,,CA-51,CA-90,,59.073: PAYCHECK PROTECTION LOAN PROGRAM (PPP),,,08,GUARANTEED/INSURED LOAN (F),TO AID SMALL BUSINESSES IN MAINTAINING WORK FORCE DURING COVID-19 PANDEMIC.,NON,NOT RECOVERY ACT,P,INDIVIDUAL,2,NON-AGGREGATE RECORD,,,,,,,,,,,https://www.usaspending.gov/award/ASST_NON_4207218207_073/,2021-01-06 03:33:53.27803+00
ASST_NON_4208378200_073,4208378200,,SAI EXEMPT,,,,,,2020-08-27,2020,0.00,,,,0.00,0.00,0.00,2020-08-06,2020,,,073,Small Business Administration,7300,Small Business Administration,737010,OFC OF CAPITAL ACCESS,073,Small Business Administration,7300,Small Business Administration,737010,OFC OF CAPITAL ACCESS,,,,,,,"POUR VIDA LATIN FLAVOR, INC.","POUR VIDA LATIN FLAVOR, INC.",,,,USA,UNITED STATES,322 S OHIO ST,,02000,ANAHEIM,06059,ORANGE,06,CA,CALIFORNIA,92805,,CA-46,CA-46,,,,COUNTY-WIDE,USA,UNITED STATES,CA**059,,06059,ORANGE,06,CALIFORNIA,,CA-46,CA-90,,59.073: PAYCHECK PROTECTION LOAN PROGRAM (PPP),,,08,GUARANTEED/INSURED LOAN (F),TO AID SMALL BUSINESSES IN MAINTAINING WORK FORCE DURING COVID-19 PANDEMIC.,NON,NOT RECOVERY ACT,R,SMALL BUSINESS,2,NON-AGGREGATE RECORD,,,,,,,,,,,https://www.usaspending.gov/award/ASST_NON_4208378200_073/,2021-01-06 03:33:53.27803+00
ASST_NON_4208428202_073,4208428202,,SAI EXEMPT,,,,,,2020-08-27,2020,0.00,,,,0.00,0.00,0.00,2020-08-06,2020,,,073,Small Business Administration,7300,Small Business Administration,737010,OFC OF CAPITAL ACCESS,073,Small Business Administration,7300,Small Business Administration,737010,OFC OF CAPITAL ACCESS,,,,,,,"JRL MACHINE & DRIVELINE, INC.","JRL MACHINE & DRIVELINE, INC.",,,,USA,UNITED STATES,1308 DYNAMIC STREET,SUITE 5,56784,PETALUMA,06097,SONOMA,06,CA,CALIFORNIA,94954,,CA-05,CA-02,,,,COUNTY-WIDE,USA,UNITED STATES,CA**097,,06097,SONOMA,06,CALIFORNIA,,CA-05,CA-90,,59.073: PAYCHECK PROTECTION LOAN PROGRAM (PPP),,,08,GUARANTEED/INSURED LOAN (F),TO AID SMALL BUSINESSES IN MAINTAINING WORK FORCE DURING COVID-19 PANDEMIC.,NON,NOT RECOVERY ACT,R,SMALL BUSINESS,2,NON-AGGREGATE RECORD,,,,,,,,,,,https://www.usaspending.gov/award/ASST_NON_4208428202_073/,2021-01-06 03:33:53.27803+00
ASST_NON_4208878208_073,4208878208,,SAI EXEMPT,,,,,,2020-08-27,2020,0.00,,,,0.00,0.00,0.00,2020-08-06,2020,,,073,Small Business Administration,7300,Small Business Administration,737010,OFC OF CAPITAL ACCESS,073,Small Business Administration,7300,Small Business Administration,737010,OFC OF CAPITAL ACCESS,,,,,,,ARUN KUMAR GANTA,ARUN KUMAR GANTA,,,,USA,UNITED STATES,1775 MILMONT DR,APT O105,47766,MILPITAS,06085,SANTA CLARA,06,CA,CALIFORNIA,95035,,CA-17,CA-17,,,,COUNTY-WIDE,USA,UNITED STATES,CA**085,,06085,SANTA CLARA,06,CALIFORNIA,,CA-17,CA-90,,59.073: PAYCHECK PROTECTION LOAN PROGRAM (PPP),,,08,GUARANTEED/INSURED LOAN (F),TO AID SMALL BUSINESSES IN MAINTAINING WORK FORCE DURING COVID-19 PANDEMIC.,NON,NOT RECOVERY ACT,P,INDIVIDUAL,2,NON-AGGREGATE RECORD,,,,,,,,,,,https://www.usaspending.gov/award/ASST_NON_4208878208_073/,2021-01-06 03:33:53.27803+00
ASST_NON_4209408209_073,4209408209,,SAI EXEMPT,,,,,,2020-08-27,2020,0.00,,,,0.00,0.00,0.00,2020-08-06,2020,,,073,Small Business Administration,7300,Small Business Administration,737010,OFC OF CAPITAL ACCESS,073,Small Business Administration,7300,Small Business Administration,737010,OFC OF CAPITAL ACCESS,,,,,,,ZOLOTIC RADOMIRKA & MINIC RADENKA,ZOLOTIC RADOMIRKA & MINIC RADENKA,,,,USA,UNITED STATES,463 W RINCON AVE,A,10345,CAMPBELL,06085,SANTA CLARA,06,CA,CALIFORNIA,95008,,CA-18,CA-16,,,,COUNTY-WIDE,USA,UNITED STATES,CA**085,,06085,SANTA CLARA,06,CALIFORNIA,,CA-18,CA-90,,59.073: PAYCHECK PROTECTION LOAN PROGRAM (PPP),,,08,GUARANTEED/INSURED LOAN (F),TO AID SMALL BUSINESSES IN MAINTAINING WORK FORCE DURING COVID-19 PANDEMIC.,NON,NOT RECOVERY ACT,P,INDIVIDUAL,2,NON-AGGREGATE RECORD,,,,,,,,,,,https://www.usaspending.gov/award/ASST_NON_4209408209_073/,2021-01-06 03:33:53.27803+00
ASST_NON_4209688201_073,4209688201,,SAI EXEMPT,,,,,,2020-08-27,2020,0.00,,,,0.00,0.00,0.00,2020-08-06,2020,,,073,Small Business Administration,7300,Small Business Administration,737010,OFC OF CAPITAL ACCESS,073,Small Business Administration,7300,Small Business Administration,737010,OFC OF CAPITAL ACCESS,,,,,,,EMILIO BECERRA,EMILIO BECERRA,,,,USA,UNITED STATES,12064 PRESTON ST,,30658,GRAND TERRACE,06071,SAN BERNARDINO,06,CA,CALIFORNIA,92313,,CA-31,CA-33,,,,COUNTY-WIDE,USA,UNITED STATES,CA**071,,06071,SAN BERNARDINO,06,CALIFORNIA,,CA-31,CA-90,,59.073: PAYCHECK PROTECTION LOAN PROGRAM (PPP),,,08,GUARANTEED/INSURED LOAN (F),TO AID SMALL BUSINESSES IN MAINTAINING WORK FORCE DURING COVID-19 PANDEMIC.,NON,NOT RECOVERY ACT,P,INDIVIDUAL,2,NON-AGGREGATE RECORD,,,,,,,,,,,https://www.usaspending.gov/award/ASST_NON_4209688201_073/,2021-01-06 03:33:53.27803+00
ASST_NON_4209728200_073,4209728200,,SAI EXEMPT,,,,,,2020-08-27,2020,0.00,,,,0.00,0.00,0.00,2020-08-06,2020,,,073,Small Business Administration,7300,Small Business Administration,737010,OFC OF CAPITAL ACCESS,073,Small Business Administration,7300,Small Business Administration,737010,OFC OF CAPITAL ACCESS,,,,,,,TIBURS ALOA,TIBURS ALOA,,,,USA,UNITED STATES,2614 W 108TH ST,,36546,INGLEWOOD,06037,LOS ANGELES,06,CA,CALIFORNIA,90303,,CA-43,CA-43,,,,COUNTY-WIDE,USA,UNITED STATES,CA**037,,06037,LOS ANGELES,06,CALIFORNIA,,CA-43,CA-90,,59.073: PAYCHECK PROTECTION LOAN PROGRAM (PPP),,,08,GUARANTEED/INSURED LOAN (F),TO AID SMALL BUSINESSES IN MAINTAINING WORK FORCE DURING COVID-19 PANDEMIC.,NON,NOT RECOVERY ACT,P,INDIVIDUAL,2,NON-AGGREGATE RECORD,,,,,,,,,,,https://www.usaspending.gov/award/ASST_NON_4209728200_073/,2021-01-06 03:33:53.27803+00
ASST_NON_4211248208_073,4211248208,,SAI EXEMPT,,,,,,2020-08-27,2020,0.00,,,,0.00,0.00,0.00,2020-08-06,2020,,,073,Small Business Administration,7300,Small Business Administration,737010,OFC OF CAPITAL ACCESS,073,Small Business Administration,7300,Small Business Administration,737010,OFC OF CAPITAL ACCESS,,,,,,,ANGELENA MCMILLEN,ANGELENA MCMILLEN,,,,USA,UNITED STATES,3509 STOCKTON BLVD,,64000,SACRAMENTO,06067,SACRAMENTO,06,CA,CALIFORNIA,95820,,CA-06,CA-07,,,,COUNTY-WIDE,USA,UNITED STATES,CA**067,,06067,SACRAMENTO,06,CALIFORNIA,,CA-06,CA-90,,59.073: PAYCHECK PROTECTION LOAN PROGRAM (PPP),,,08,GUARANTEED/INSURED LOAN (F),TO AID SMALL BUSINESSES IN MAINTAINING WORK FORCE DURING COVID-19 PANDEMIC.,NON,NOT RECOVERY ACT,P,INDIVIDUAL,2,NON-AGGREGATE RECORD,,,,,,,,,,,https://www.usaspending.gov/award/ASST_NON_4211248208_073/,2021-01-06 03:33:53.27803+00
ASST_NON_4211288209_073,4211288209,,SAI EXEMPT,,,,,,2020-08-27,2020,0.00,,,,0.00,0.00,0.00,2020-08-06,2020,,,073,Small Business Administration,7300,Small Business Administration,737010,OFC OF CAPITAL ACCESS,073,Small Business Administration,7300,Small Business Administration,737010,OFC OF CAPITAL ACCESS,,,,,,,ALISON HINTON,ALISON HINTON,,,,USA,UNITED STATES,5737 MILTON RANCH RD,,71554,SHINGLE SPRINGS,06017,EL DORADO,06,CA,CALIFORNIA,95682,,CA-04,CA-05,,,,COUNTY-WIDE,USA,UNITED STATES,CA**017,,06017,EL DORADO,06,CALIFORNIA,,CA-04,CA-90,,59.073: PAYCHECK PROTECTION LOAN PROGRAM (PPP),,,08,GUARANTEED/INSURED LOAN (F),TO AID SMALL BUSINESSES IN MAINTAINING WORK FORCE DURING COVID-19 PANDEMIC.,NON,NOT RECOVERY ACT,P,INDIVIDUAL,2,NON-AGGREGATE RECORD,,,,,,,,,,,https://www.usaspending.gov/award/ASST_NON_4211288209_073/,2021-01-06 03:33:53.27803+00
ASST_NON_4211338200_073,4211338200,,SAI EXEMPT,,,,,,2020-08-27,2020,0.00,,,,0.00,0.00,0.00,2020-08-06,2020,,,073,Small Business Administration,7300,Small Business Administration,737010,OFC OF CAPITAL ACCESS,073,Small Business Administration,7300,Small Business Administration,737010,OFC OF CAPITAL ACCESS,,,,,,,JEREMY YUGE,JEREMY YUGE,,,,USA,UNITED STATES,900 S SERRANO AVE,APT 602,44000,LOS ANGELES,06037,LOS ANGELES,06,CA,CALIFORNIA,90006,,CA-34,CA-34,,,,COUNTY-WIDE,USA,UNITED STATES,CA**037,,06037,LOS ANGELES,06,CALIFORNIA,,CA-34,CA-90,,59.073: PAYCHECK PROTECTION LOAN PROGRAM (PPP),,,08,GUARANTEED/INSURED LOAN (F),TO AID SMALL BUSINESSES IN MAINTAINING WORK FORCE DURING COVID-19 PANDEMIC.,NON,NOT RECOVERY ACT,P,INDIVIDUAL,2,NON-AGGREGATE RECORD,,,,,,,,,,,https://www.usaspending.gov/award/ASST_NON_4211338200_073/,2021-01-06 03:33:53.27803+00
ASST_NON_4211408208_073,4211408208,,SAI EXEMPT,,,,,,2020-08-27,2020,0.00,,,,0.00,0.00,0.00,2020-08-06,2020,,,073,Small Business Administration,7300,Small Business Administration,737010,OFC OF CAPITAL ACCESS,073,Small Business Administration,7300,Small Business Administration,737010,OFC OF CAPITAL ACCESS,,,,,,,YOLANDA DONES,YOLANDA DONES,,,,USA,UNITED STATES,2551 BLUE SPRUCE LANE,,67112,SAN JACINTO,06065,RIVERSIDE,06,CA,CALIFORNIA,92582,,CA-36,CA-25,,,,COUNTY-WIDE,USA,UNITED STATES,CA**065,,06065,RIVERSIDE,06,CALIFORNIA,,CA-36,CA-90,,59.073: PAYCHECK PROTECTION LOAN PROGRAM (PPP),,,08,GUARANTEED/INSURED LOAN (F),TO AID SMALL BUSINESSES IN MAINTAINING WORK FORCE DURING COVID-19 PANDEMIC.,NON,NOT RECOVERY ACT,P,INDIVIDUAL,2,NON-AGGREGATE RECORD,,,,,,,,,,,https://www.usaspending.gov/award/ASST_NON_4211408208_073/,2021-01-06 03:33:53.27803+00
ASST_NON_4211538201_073,4211538201,,SAI EXEMPT,,,,,,2020-08-27,2020,0.00,,,,0.00,0.00,0.00,2020-08-06,2020,,,073,Small Business Administration,7300,Small Business Administration,737010,OFC OF CAPITAL ACCESS,073,Small Business Administration,7300,Small Business Administration,737010,OFC OF CAPITAL ACCESS,,,,,,,EDELMIRA KENDALL,EDELMIRA KENDALL,,,,USA,UNITED STATES,903 NORBURY WAY,,28112,GALT,06067,SACRAMENTO,06,CA,CALIFORNIA,95632,,CA-09,CA-07,,,,COUNTY-WIDE,USA,UNITED STATES,CA**067,,06067,SACRAMENTO,06,CALIFORNIA,,CA-09,CA-90,,59.073: PAYCHECK PROTECTION LOAN PROGRAM (PPP),,,08,GUARANTEED/INSURED LOAN (F),TO AID SMALL BUSINESSES IN MAINTAINING WORK FORCE DURING COVID-19 PANDEMIC.,NON,NOT RECOVERY ACT,P,INDIVIDUAL,2,NON-AGGREGATE RECORD,,,,,,,,,,,https://www.usaspending.gov/award/ASST_NON_4211538201_073/,2021-01-06 03:33:53.27803+00
ASST_NON_4211718207_073,4211718207,,SAI EXEMPT,,,,,,2020-08-27,2020,0.00,,,,0.00,0.00,0.00,2020-08-06,2020,,,073,Small Business Administration,7300,Small Business Administration,737010,OFC OF CAPITAL ACCESS,073,Small Business Administration,7300,Small Business Administration,737010,OFC OF CAPITAL ACCESS,,,,,,,BRITNIE M MOSBY,BRITNIE M MOSBY,,,,USA,UNITED STATES,1843 W MARTIN LUTHER KING JR BLVD,,44000,LOS ANGELES,06037,LOS ANGELES,06,CA,CALIFORNIA,90062,,CA-37,CA-37,,,,COUNTY-WIDE,USA,UNITED STATES,CA**037,,06037,LOS ANGELES,06,CALIFORNIA,,CA-37,CA-90,,59.073: PAYCHECK PROTECTION LOAN PROGRAM (PPP),,,08,GUARANTEED/INSURED LOAN (F),TO AID SMALL BUSINESSES IN MAINTAINING WORK FORCE DURING COVID-19 PANDEMIC.,NON,NOT RECOVERY ACT,P,INDIVIDUAL,2,NON-AGGREGATE RECORD,,,,,,,,,,,https://www.usaspending.gov/award/ASST_NON_4211718207_073/,2021-01-06 03:33:53.27803+00
ASST_NON_4211848200_073,4211848200,,SAI EXEMPT,,,,,,2020-08-27,2020,0.00,,,,0.00,0.00,0.00,2020-08-06,2020,,,073,Small Business Administration,7300,Small Business Administration,737010,OFC OF CAPITAL ACCESS,073,Small Business Administration,7300,Small Business Administration,737010,OFC OF CAPITAL ACCESS,,,,,,,CAMERON BROUDES,CAMERON BROUDES,,,,USA,UNITED STATES,3008 38TH AVE,,53000,OAKLAND,06001,ALAMEDA,06,CA,CALIFORNIA,94619,,CA-13,CA-12,,,,COUNTY-WIDE,USA,UNITED STATES,CA**001,,06001,ALAMEDA,06,CALIFORNIA,,CA-13,CA-90,,59.073: PAYCHECK PROTECTION LOAN PROGRAM (PPP),,,08,GUARANTEED/INSURED LOAN (F),TO AID SMALL BUSINESSES IN MAINTAINING WORK FORCE DURING COVID-19 PANDEMIC.,NON,NOT RECOVERY ACT,P,INDIVIDUAL,2,NON-AGGREGATE RECORD,,,,,,,,,,,https://www.usaspending.gov/award/ASST_NON_4211848200_073/,2021-01-06 03:33:53.27803+00
ASST_NON_4211868206_073,4211868206,,SAI EXEMPT,,,,,,2020-08-27,2020,0.00,,,,0.00,0.00,0.00,2020-08-06,2020,,,073,Small Business Administration,7300,Small Business Administration,737010,OFC OF CAPITAL ACCESS,073,Small Business Administration,7300,Small Business Administration,737010,OFC OF CAPITAL ACCESS,,,,,,,USA PACIFIC RIM LAW FIRM,USA PACIFIC RIM LAW FIRM,,,,USA,UNITED STATES,8484 WILSHIRE BLVD,,06308,BEVERLY HILLS,06037,LOS ANGELES,06,CA,CALIFORNIA,90211,,CA-33,CA-36,,,,COUNTY-WIDE,USA,UNITED STATES,CA**037,,06037,LOS ANGELES,06,CALIFORNIA,,CA-33,CA-90,,59.073: PAYCHECK PROTECTION LOAN PROGRAM (PPP),,,08,GUARANTEED/INSURED LOAN (F),TO AID SMALL BUSINESSES IN MAINTAINING WORK FORCE DURING COVID-19 PANDEMIC.,NON,NOT RECOVERY ACT,P,INDIVIDUAL,2,NON-AGGREGATE RECORD,,,,,,,,,,,https://www.usaspending.gov/award/ASST_NON_4211868206_073/,2021-01-06 03:33:53.27803+00
ASST_NON_4212088210_073,4212088210,,SAI EXEMPT,,,,,,2020-08-27,2020,0.00,,,,0.00,0.00,0.00,2020-08-06,2020,,,073,Small Business Administration,7300,Small Business Administration,737010,OFC OF CAPITAL ACCESS,073,Small Business Administration,7300,Small Business Administration,737010,OFC OF CAPITAL ACCESS,,,,,,,RAVEN BROS INC,RAVEN BROS INC,,,,USA,UNITED STATES,13490 CENTRAL AVE,,13210,CHINO,06071,SAN BERNARDINO,06,CA,CALIFORNIA,91710,,CA-35,CA-35,,,,COUNTY-WIDE,USA,UNITED STATES,CA**071,,06071,SAN BERNARDINO,06,CALIFORNIA,,CA-35,CA-90,,59.073: PAYCHECK PROTECTION LOAN PROGRAM (PPP),,,08,GUARANTEED/INSURED LOAN (F),TO AID SMALL BUSINESSES IN MAINTAINING WORK FORCE DURING COVID-19 PANDEMIC.,NON,NOT RECOVERY ACT,R,SMALL BUSINESS,2,NON-AGGREGATE RECORD,,,,,,,,,,,https://www.usaspending.gov/award/ASST_NON_4212088210_073/,2021-01-06 03:33:53.27803+00
ASST_NON_4212248210_073,4212248210,,SAI EXEMPT,,,,,,2020-08-27,2020,0.00,,,,0.00,0.00,0.00,2020-08-06,2020,,,073,Small Business Administration,7300,Small Business Administration,737010,OFC OF CAPITAL ACCESS,073,Small Business Administration,7300,Small Business Administration,737010,OFC OF CAPITAL ACCESS,,,,,,,KYLE POLK,KYLE POLK,,,,USA,UNITED STATES,557 VIEW DR,,70042,SANTA PAULA,06111,VENTURA,06,CA,CALIFORNIA,93060,,CA-26,CA-26,,,,COUNTY-WIDE,USA,UNITED STATES,CA**111,,06111,VENTURA,06,CALIFORNIA,,CA-26,CA-26,,59.073: PAYCHECK PROTECTION LOAN PROGRAM (PPP),,,08,GUARANTEED/INSURED LOAN (F),TO AID SMALL BUSINESSES IN MAINTAINING WORK FORCE DURING COVID-19 PANDEMIC.,NON,NOT RECOVERY ACT,P,INDIVIDUAL,2,NON-AGGREGATE RECORD,,,,,,,,,,,https://www.usaspending.gov/award/ASST_NON_4212248210_073/,2021-01-06 03:33:53.27803+00
ASST_NON_4212288200_073,4212288200,,SAI EXEMPT,,,,,,2020-08-27,2020,0.00,,,,0.00,0.00,0.00,2020-08-06,2020,,,073,Small Business Administration,7300,Small Business Administration,737010,OFC OF CAPITAL ACCESS,073,Small Business Administration,7300,Small Business Administration,737010,OFC OF CAPITAL ACCESS,,,,,,,VALERIA E CHATMAN,VALERIA E CHATMAN,,,,USA,UNITED STATES,2064 CALTHA WAY,,56700,PERRIS,06065,RIVERSIDE,06,CA,CALIFORNIA,92571,,CA-41,CA-39,,,,COUNTY-WIDE,USA,UNITED STATES,CA**065,,06065,RIVERSIDE,06,CALIFORNIA,,CA-41,CA-90,,59.073: PAYCHECK PROTECTION LOAN PROGRAM (PPP),,,08,GUARANTEED/INSURED LOAN (F),TO AID SMALL BUSINESSES IN MAINTAINING WORK FORCE DURING COVID-19 PANDEMIC.,NON,NOT RECOVERY ACT,P,INDIVIDUAL,2,NON-AGGREGATE RECORD,,,,,,,,,,,https://www.usaspending.gov/award/ASST_NON_4212288200_073/,2021-01-06 03:33:53.27803+00
ASST_NON_4212338202_073,4212338202,,SAI EXEMPT,,,,,,2020-08-27,2020,0.00,,,,0.00,0.00,0.00,2020-08-06,2020,,,073,Small Business Administration,7300,Small Business Administration,737010,OFC OF CAPITAL ACCESS,073,Small Business Administration,7300,Small Business Administration,737010,OFC OF CAPITAL ACCESS,,,,,,,BRIAN SCOTT,BRIAN SCOTT,,,,USA,UNITED STATES,1632 JEFFERSON AVE,,45022,MADERA,06039,MADERA,06,CA,CALIFORNIA,93637,,CA-16,CA-13,,,,COUNTY-WIDE,USA,UNITED STATES,CA**039,,06039,MADERA,06,CALIFORNIA,,CA-16,CA-90,,59.073: PAYCHECK PROTECTION LOAN PROGRAM (PPP),,,08,GUARANTEED/INSURED LOAN (F),TO AID SMALL BUSINESSES IN MAINTAINING WORK FORCE DURING COVID-19 PANDEMIC.,NON,NOT RECOVERY ACT,P,INDIVIDUAL,2,NON-AGGREGATE RECORD,,,,,,,,,,,https://www.usaspending.gov/award/ASST_NON_4212338202_073/,2021-01-06 03:33:53.27803+00
ASST_NON_4212408210_073,4212408210,,SAI EXEMPT,,,,,,2020-08-27,2020,0.00,,,,0.00,0.00,0.00,2020-08-06,2020,,,073,Small Business Administration,7300,Small Business Administration,737010,OFC OF CAPITAL ACCESS,073,Small Business Administration,7300,Small Business Administration,737010,OFC OF CAPITAL ACCESS,,,,,,,"MINDY KUHNLE, REALTOR","MINDY KUHNLE, REALTOR",,,,USA,UNITED STATES,1845 HYDE PARK LANE,,45484,MANTECA,06077,SAN JOAQUIN,06,CA,CALIFORNIA,95336,,CA-09,CA-09,,,,COUNTY-WIDE,USA,UNITED STATES,CA**077,,06077,SAN JOAQUIN,06,CALIFORNIA,,CA-09,CA-09,,59.073: PAYCHECK PROTECTION LOAN PROGRAM (PPP),,,08,GUARANTEED/INSURED LOAN (F),TO AID SMALL BUSINESSES IN MAINTAINING WORK FORCE DURING COVID-19 PANDEMIC.,NON,NOT RECOVERY ACT,P,INDIVIDUAL,2,NON-AGGREGATE RECORD,,,,,,,,,,,https://www.usaspending.gov/award/ASST_NON_4212408210_073/,2021-01-06 03:33:53.27803+00
ASST_NON_4212438208_073,4212438208,,SAI EXEMPT,,,,,,2020-08-27,2020,0.00,,,,0.00,0.00,0.00,2020-08-06,2020,,,073,Small Business Administration,7300,Small Business Administration,737010,OFC OF CAPITAL ACCESS,073,Small Business Administration,7300,Small Business Administration,737010,OFC OF CAPITAL ACCESS,,,,,,,BART DELIVERY,BART DELIVERY,,,,USA,UNITED STATES,9607 FAYWOOD ST,,04982,BELLFLOWER,06037,LOS ANGELES,06,CA,CALIFORNIA,90706,,CA-40,CA-42,,,,COUNTY-WIDE,USA,UNITED STATES,CA**037,,06037,LOS ANGELES,06,CALIFORNIA,,CA-40,CA-90,,59.073: PAYCHECK PROTECTION LOAN PROGRAM (PPP),,,08,GUARANTEED/INSURED LOAN (F),TO AID SMALL BUSINESSES IN MAINTAINING WORK FORCE DURING COVID-19 PANDEMIC.,NON,NOT RECOVERY ACT,P,INDIVIDUAL,2,NON-AGGREGATE RECORD,,,,,,,,,,,https://www.usaspending.gov/award/ASST_NON_4212438208_073/,2021-01-06 03:33:53.27803+00
ASST_NON_4212628206_073,4212628206,,SAI EXEMPT,,,,,,2020-08-27,2020,0.00,,,,0.00,0.00,0.00,2020-08-06,2020,,,073,Small Business Administration,7300,Small Business Administration,737010,OFC OF CAPITAL ACCESS,073,Small Business Administration,7300,Small Business Administration,737010,OFC OF CAPITAL ACCESS,,,,,,,LILY CHEA LY,LILY CHEA LY,,,,USA,UNITED STATES,19702 CAMERON AVE,,16742,COVINA,06037,LOS ANGELES,06,CA,CALIFORNIA,91724,,CA-32,CA-31,,,,COUNTY-WIDE,USA,UNITED STATES,CA**037,,06037,LOS ANGELES,06,CALIFORNIA,,CA-32,CA-90,,59.073: PAYCHECK PROTECTION LOAN PROGRAM (PPP),,,08,GUARANTEED/INSURED LOAN (F),TO AID SMALL BUSINESSES IN MAINTAINING WORK FORCE DURING COVID-19 PANDEMIC.,NON,NOT RECOVERY ACT,P,INDIVIDUAL,2,NON-AGGREGATE RECORD,,,,,,,,,,,https://www.usaspending.gov/award/ASST_NON_4212628206_073/,2021-01-06 03:33:53.27803+00
ASST_NON_4212708206_073,4212708206,,SAI EXEMPT,,,,,,2020-08-27,2020,0.00,,,,0.00,0.00,0.00,2020-08-06,2020,,,073,Small Business Administration,7300,Small Business Administration,737010,OFC OF CAPITAL ACCESS,073,Small Business Administration,7300,Small Business Administration,737010,OFC OF CAPITAL ACCESS,,,,,,,JAIME MUNOZ,JAIME MUNOZ,,,,USA,UNITED STATES,1440 S ANAHEIM BLVD,G23,02000,ANAHEIM,06059,ORANGE,06,CA,CALIFORNIA,92805,,CA-46,CA-46,,,,COUNTY-WIDE,USA,UNITED STATES,CA**059,,06059,ORANGE,06,CALIFORNIA,,CA-46,CA-90,,59.073: PAYCHECK PROTECTION LOAN PROGRAM (PPP),,,08,GUARANTEED/INSURED LOAN (F),TO AID SMALL BUSINESSES IN MAINTAINING WORK FORCE DURING COVID-19 PANDEMIC.,NON,NOT RECOVERY ACT,P,INDIVIDUAL,2,NON-AGGREGATE RECORD,,,,,,,,,,,https://www.usaspending.gov/award/ASST_NON_4212708206_073/,2021-01-06 03:33:53.27803+00
ASST_NON_4212958200_073,4212958200,,SAI EXEMPT,,,,,,2020-08-27,2020,0.00,,,,0.00,0.00,0.00,2020-08-06,2020,,,073,Small Business Administration,7300,Small Business Administration,737010,OFC OF CAPITAL ACCESS,073,Small Business Administration,7300,Small Business Administration,737010,OFC OF CAPITAL ACCESS,,,,,,,ORLANDO DIAZ,ORLANDO DIAZ,,,,USA,UNITED STATES,4228 W 179TH STREET,,80000,TORRANCE,06037,LOS ANGELES,06,CA,CALIFORNIA,90504,,CA-43,CA-43,,,,COUNTY-WIDE,USA,UNITED STATES,CA**037,,06037,LOS ANGELES,06,CALIFORNIA,,CA-43,CA-90,,59.073: PAYCHECK PROTECTION LOAN PROGRAM (PPP),,,08,GUARANTEED/INSURED LOAN (F),TO AID SMALL BUSINESSES IN MAINTAINING WORK FORCE DURING COVID-19 PANDEMIC.,NON,NOT RECOVERY ACT,P,INDIVIDUAL,2,NON-AGGREGATE RECORD,,,,,,,,,,,https://www.usaspending.gov/award/ASST_NON_4212958200_073/,2021-01-06 03:33:53.27803+00
ASST_NON_4213068206_073,4213068206,,SAI EXEMPT,,,,,,2020-08-27,2020,0.00,,,,0.00,0.00,0.00,2020-08-06,2020,,,073,Small Business Administration,7300,Small Business Administration,737010,OFC OF CAPITAL ACCESS,073,Small Business Administration,7300,Small Business Administration,737010,OFC OF CAPITAL ACCESS,,,,,,,PAIJIT RERMPRACHATIPATAI,PAIJIT RERMPRACHATIPATAI,,,,USA,UNITED STATES,1892 LYNN DRIVE,,56476,PENNGROVE,06097,SONOMA,06,CA,CALIFORNIA,94951,,CA-05,CA-04,,,,COUNTY-WIDE,USA,UNITED STATES,CA**097,,06097,SONOMA,06,CALIFORNIA,,CA-05,CA-90,,59.073: PAYCHECK PROTECTION LOAN PROGRAM (PPP),,,08,GUARANTEED/INSURED LOAN (F),TO AID SMALL BUSINESSES IN MAINTAINING WORK FORCE DURING COVID-19 PANDEMIC.,NON,NOT RECOVERY ACT,P,INDIVIDUAL,2,NON-AGGREGATE RECORD,,,,,,,,,,,https://www.usaspending.gov/award/ASST_NON_4213068206_073/,2021-01-06 03:33:53.27803+00
ASST_NON_4213088201_073,4213088201,,SAI EXEMPT,,,,,,2020-08-27,2020,0.00,,,,0.00,0.00,0.00,2020-08-06,2020,,,073,Small Business Administration,7300,Small Business Administration,737010,OFC OF CAPITAL ACCESS,073,Small Business Administration,7300,Small Business Administration,737010,OFC OF CAPITAL ACCESS,,,,,,,ALFRED ASLANIAN,ALFRED ASLANIAN,,,,USA,UNITED STATES,1166 ROSEDALE AVE,APT 103,29728,GLENDALE,06037,LOS ANGELES,06,CA,CALIFORNIA,91201,,CA-28,CA-30,,,,COUNTY-WIDE,USA,UNITED STATES,CA**037,,06037,LOS ANGELES,06,CALIFORNIA,,CA-28,CA-90,,59.073: PAYCHECK PROTECTION LOAN PROGRAM (PPP),,,08,GUARANTEED/INSURED LOAN (F),TO AID SMALL BUSINESSES IN MAINTAINING WORK FORCE DURING COVID-19 PANDEMIC.,NON,NOT RECOVERY ACT,P,INDIVIDUAL,2,NON-AGGREGATE RECORD,,,,,,,,,,,https://www.usaspending.gov/award/ASST_NON_4213088201_073/,2021-01-06 03:33:53.27803+00
ASST_NON_4213128200_073,4213128200,,SAI EXEMPT,,,,,,2020-08-27,2020,0.00,,,,0.00,0.00,0.00,2020-08-06,2020,,,073,Small Business Administration,7300,Small Business Administration,737010,OFC OF CAPITAL ACCESS,073,Small Business Administration,7300,Small Business Administration,737010,OFC OF CAPITAL ACCESS,,,,,,,RHONDA LASSALLE,RHONDA LASSALLE,,,,USA,UNITED STATES,1280 W MISSION BLVD,,58072,POMONA,06071,SAN BERNARDINO,06,CA,CALIFORNIA,91766,,CA-35,CA-35,,,,COUNTY-WIDE,USA,UNITED STATES,CA**037,,06037,LOS ANGELES,06,CALIFORNIA,,CA-35,CA-90,,59.073: PAYCHECK PROTECTION LOAN PROGRAM (PPP),,,08,GUARANTEED/INSURED LOAN (F),TO AID SMALL BUSINESSES IN MAINTAINING WORK FORCE DURING COVID-19 PANDEMIC.,NON,NOT RECOVERY ACT,P,INDIVIDUAL,2,NON-AGGREGATE RECORD,,,,,,,,,,,https://www.usaspending.gov/award/ASST_NON_4213128200_073/,2021-01-06 03:33:53.27803+00
ASST_NON_4213148206_073,4213148206,,SAI EXEMPT,,,,,,2020-08-27,2020,0.00,,,,0.00,0.00,0.00,2020-08-06,2020,,,073,Small Business Administration,7300,Small Business Administration,737010,OFC OF CAPITAL ACCESS,073,Small Business Administration,7300,Small Business Administration,737010,OFC OF CAPITAL ACCESS,,,,,,,JAMAL DELONTE GAINES,JAMAL DELONTE GAINES,,,,USA,UNITED STATES,300 S SANTE FE AVE APT 331,,44000,LOS ANGELES,06037,LOS ANGELES,06,CA,CALIFORNIA,90013,,CA-34,CA-34,,,,COUNTY-WIDE,USA,UNITED STATES,CA**037,,06037,LOS ANGELES,06,CALIFORNIA,,CA-34,CA-90,,59.073: PAYCHECK PROTECTION LOAN PROGRAM (PPP),,,08,GUARANTEED/INSURED LOAN (F),TO AID SMALL BUSINESSES IN MAINTAINING WORK FORCE DURING COVID-19 PANDEMIC.,NON,NOT RECOVERY ACT,P,INDIVIDUAL,2,NON-AGGREGATE RECORD,,,,,,,,,,,https://www.usaspending.gov/award/ASST_NON_4213148206_073/,2021-01-06 03:33:53.27803+00
ASST_NON_4213208200_073,4213208200,,SAI EXEMPT,,,,,,2020-08-27,2020,0.00,,,,0.00,0.00,0.00,2020-08-06,2020,,,073,Small Business Administration,7300,Small Business Administration,737010,OFC OF CAPITAL ACCESS,073,Small Business Administration,7300,Small Business Administration,737010,OFC OF CAPITAL ACCESS,,,,,,,TALEH RZA,TALEH RZA,,,,USA,UNITED STATES,7125 DE LONGPRE AVE,APT 210,44000,LOS ANGELES,06037,LOS ANGELES,06,CA,CALIFORNIA,90046,,CA-28,CA-30,,,,COUNTY-WIDE,USA,UNITED STATES,CA**037,,06037,LOS ANGELES,06,CALIFORNIA,,CA-28,CA-90,,59.073: PAYCHECK PROTECTION LOAN PROGRAM (PPP),,,08,GUARANTEED/INSURED LOAN (F),TO AID SMALL BUSINESSES IN MAINTAINING WORK FORCE DURING COVID-19 PANDEMIC.,NON,NOT RECOVERY ACT,P,INDIVIDUAL,2,NON-AGGREGATE RECORD,,,,,,,,,,,https://www.usaspending.gov/award/ASST_NON_4213208200_073/,2021-01-06 03:33:53.27803+00
ASST_NON_4213218203_073,4213218203,,SAI EXEMPT,,,,,,2020-08-27,2020,0.00,,,,0.00,0.00,0.00,2020-08-06,2020,,,073,Small Business Administration,7300,Small Business Administration,737010,OFC OF CAPITAL ACCESS,073,Small Business Administration,7300,Small Business Administration,737010,OFC OF CAPITAL ACCESS,,,,,,,ROBERT ALBERTSON,ROBERT ALBERTSON,,,,USA,UNITED STATES,26768 TWIN PONDS RD,,14218,CLOVIS,06019,FRESNO,06,CA,CALIFORNIA,93619,,CA-04,CA-20,,,,COUNTY-WIDE,USA,UNITED STATES,CA**019,,06019,FRESNO,06,CALIFORNIA,,CA-04,CA-90,,59.073: PAYCHECK PROTECTION LOAN PROGRAM (PPP),,,08,GUARANTEED/INSURED LOAN (F),TO AID SMALL BUSINESSES IN MAINTAINING WORK FORCE DURING COVID-19 PANDEMIC.,NON,NOT RECOVERY ACT,P,INDIVIDUAL,2,NON-AGGREGATE RECORD,,,,,,,,,,,https://www.usaspending.gov/award/ASST_NON_4213218203_073/,2021-01-06 03:33:53.27803+00
ASST_NON_4213238209_073,4213238209,,SAI EXEMPT,,,,,,2020-08-27,2020,0.00,,,,0.00,0.00,0.00,2020-08-06,2020,,,073,Small Business Administration,7300,Small Business Administration,737010,OFC OF CAPITAL ACCESS,073,Small Business Administration,7300,Small Business Administration,737010,OFC OF CAPITAL ACCESS,,,,,,,ERNEST BONILLA,ERNEST BONILLA,,,,USA,UNITED STATES,7801 PISMO AVE,,33434,HESPERIA,06071,SAN BERNARDINO,06,CA,CALIFORNIA,92345,,CA-08,CA-23,,,,COUNTY-WIDE,USA,UNITED STATES,CA**071,,06071,SAN BERNARDINO,06,CALIFORNIA,,CA-08,CA-90,,59.073: PAYCHECK PROTECTION LOAN PROGRAM (PPP),,,08,GUARANTEED/INSURED LOAN (F),TO AID SMALL BUSINESSES IN MAINTAINING WORK FORCE DURING COVID-19 PANDEMIC.,NON,NOT RECOVERY ACT,P,INDIVIDUAL,2,NON-AGGREGATE RECORD,,,,,,,,,,,https://www.usaspending.gov/award/ASST_NON_4213238209_073/,2021-01-06 03:33:53.27803+00
ASST_NON_4213318209_073,4213318209,,SAI EXEMPT,,,,,,2020-08-27,2020,0.00,,,,0.00,0.00,0.00,2020-08-06,2020,,,073,Small Business Administration,7300,Small Business Administration,737010,OFC OF CAPITAL ACCESS,073,Small Business Administration,7300,Small Business Administration,737010,OFC OF CAPITAL ACCESS,,,,,,,GARRETT WOODS,GARRETT WOODS,,,,USA,UNITED STATES,5551 E.INDAINAPOLIS,,27000,FRESNO,06019,FRESNO,06,CA,CALIFORNIA,93727,,CA-22,CA-21,,,,COUNTY-WIDE,USA,UNITED STATES,CA**019,,06019,FRESNO,06,CALIFORNIA,,CA-22,CA-90,,59.073: PAYCHECK PROTECTION LOAN PROGRAM (PPP),,,08,GUARANTEED/INSURED LOAN (F),TO AID SMALL BUSINESSES IN MAINTAINING WORK FORCE DURING COVID-19 PANDEMIC.,NON,NOT RECOVERY ACT,P,INDIVIDUAL,2,NON-AGGREGATE RECORD,,,,,,,,,,,https://www.usaspending.gov/award/ASST_NON_4213318209_073/,2021-01-06 03:33:53.27803+00
ASST_NON_4213388208_073,4213388208,,SAI EXEMPT,,,,,,2020-08-27,2020,0.00,,,,0.00,0.00,0.00,2020-08-06,2020,,,073,Small Business Administration,7300,Small Business Administration,737010,OFC OF CAPITAL ACCESS,073,Small Business Administration,7300,Small Business Administration,737010,OFC OF CAPITAL ACCESS,,,,,,,JASUR KILICHOV,JASUR KILICHOV,,,,USA,UNITED STATES,1128 N KENMORE AVE,,44000,LOS ANGELES,06037,LOS ANGELES,06,CA,CALIFORNIA,90029,,CA-28,CA-30,,,,COUNTY-WIDE,USA,UNITED STATES,CA**037,,06037,LOS ANGELES,06,CALIFORNIA,,CA-28,CA-90,,59.073: PAYCHECK PROTECTION LOAN PROGRAM (PPP),,,08,GUARANTEED/INSURED LOAN (F),TO AID SMALL BUSINESSES IN MAINTAINING WORK FORCE DURING COVID-19 PANDEMIC.,NON,NOT RECOVERY ACT,P,INDIVIDUAL,2,NON-AGGREGATE RECORD,,,,,,,,,,,https://www.usaspending.gov/award/ASST_NON_4213388208_073/,2021-01-06 03:33:53.27803+00
ASST_NON_4213398200_073,4213398200,,SAI EXEMPT,,,,,,2020-08-27,2020,0.00,,,,0.00,0.00,0.00,2020-08-06,2020,,,073,Small Business Administration,7300,Small Business Administration,737010,OFC OF CAPITAL ACCESS,073,Small Business Administration,7300,Small Business Administration,737010,OFC OF CAPITAL ACCESS,,,,,,,D L STARR ENTERPRISES INC,D L STARR ENTERPRISES INC,,,,USA,UNITED STATES,2320 DOWNAR WAY STE 5,,64000,SACRAMENTO,06067,SACRAMENTO,06,CA,CALIFORNIA,95838,,CA-06,CA-06,,,,COUNTY-WIDE,USA,UNITED STATES,CA**067,,06067,SACRAMENTO,06,CALIFORNIA,,CA-06,CA-90,,59.073: PAYCHECK PROTECTION LOAN PROGRAM (PPP),,,08,GUARANTEED/INSURED LOAN (F),TO AID SMALL BUSINESSES IN MAINTAINING WORK FORCE DURING COVID-19 PANDEMIC.,NON,NOT RECOVERY ACT,R,SMALL BUSINESS,2,NON-AGGREGATE RECORD,,,,,,,,,,,https://www.usaspending.gov/award/ASST_NON_4213398200_073/,2021-01-06 03:33:53.27803+00
ASST_NON_4217528210_073,4217528210,,SAI EXEMPT,,,,,,2020-08-27,2020,0.00,,,,0.00,0.00,0.00,2020-08-06,2020,,,073,Small Business Administration,7300,Small Business Administration,737010,OFC OF CAPITAL ACCESS,073,Small Business Administration,7300,Small Business Administration,737010,OFC OF CAPITAL ACCESS,,,,,,,AMUERFINA C REGACHO,AMUERFINA C REGACHO,,,,USA,UNITED STATES,22 SALINAS,,24730,FOOTHILL RANCH,06059,ORANGE,06,CA,CALIFORNIA,92610,,CA-45,CA-40,,,,COUNTY-WIDE,USA,UNITED STATES,CA**059,,06059,ORANGE,06,CALIFORNIA,,CA-45,CA-90,,59.073: PAYCHECK PROTECTION LOAN PROGRAM (PPP),,,08,GUARANTEED/INSURED LOAN (F),TO AID SMALL BUSINESSES IN MAINTAINING WORK FORCE DURING COVID-19 PANDEMIC.,NON,NOT RECOVERY ACT,P,INDIVIDUAL,2,NON-AGGREGATE RECORD,,,,,,,,,,,https://www.usaspending.gov/award/ASST_NON_4217528210_073/,2021-01-06 03:33:53.27803+00
ASST_NON_4217768201_073,4217768201,,SAI EXEMPT,,,,,,2020-08-27,2020,0.00,,,,0.00,0.00,0.00,2020-08-06,2020,,,073,Small Business Administration,7300,Small Business Administration,737010,OFC OF CAPITAL ACCESS,073,Small Business Administration,7300,Small Business Administration,737010,OFC OF CAPITAL ACCESS,,,,,,,ANIA SZCZEPANEK,ANIA SZCZEPANEK,,,,USA,UNITED STATES,409 WEST OLYMPIC BLVD,503,44000,LOS ANGELES,06037,LOS ANGELES,06,CA,CALIFORNIA,90015,,CA-34,CA-90,,,,COUNTY-WIDE,USA,UNITED STATES,CA**037,,06037,LOS ANGELES,06,CALIFORNIA,,CA-34,CA-90,,59.073: PAYCHECK PROTECTION LOAN PROGRAM (PPP),,,08,GUARANTEED/INSURED LOAN (F),TO AID SMALL BUSINESSES IN MAINTAINING WORK FORCE DURING COVID-19 PANDEMIC.,NON,NOT RECOVERY ACT,P,INDIVIDUAL,2,NON-AGGREGATE RECORD,,,,,,,,,,,https://www.usaspending.gov/award/ASST_NON_4217768201_073/,2021-01-06 03:33:53.27803+00
ASST_NON_4217818203_073,4217818203,,SAI EXEMPT,,,,,,2020-08-27,2020,0.00,,,,0.00,0.00,0.00,2020-08-06,2020,,,073,Small Business Administration,7300,Small Business Administration,737010,OFC OF CAPITAL ACCESS,073,Small Business Administration,7300,Small Business Administration,737010,OFC OF CAPITAL ACCESS,,,,,,,KATHERINE VELMA TORRES,KATHERINE VELMA TORRES,,,,USA,UNITED STATES,301 CORAL VIEW STREET,,48914,MONTEREY PARK,06037,LOS ANGELES,06,CA,CALIFORNIA,91755,,CA-27,CA-28,,,,COUNTY-WIDE,USA,UNITED STATES,CA**037,,06037,LOS ANGELES,06,CALIFORNIA,,CA-27,CA-90,,59.073: PAYCHECK PROTECTION LOAN PROGRAM (PPP),,,08,GUARANTEED/INSURED LOAN (F),TO AID SMALL BUSINESSES IN MAINTAINING WORK FORCE DURING COVID-19 PANDEMIC.,NON,NOT RECOVERY ACT,P,INDIVIDUAL,2,NON-AGGREGATE RECORD,,,,,,,,,,,https://www.usaspending.gov/award/ASST_NON_4217818203_073/,2021-01-06 03:33:53.27803+00
ASST_NON_4217888202_073,4217888202,,SAI EXEMPT,,,,,,2020-08-27,2020,0.00,,,,0.00,0.00,0.00,2020-08-06,2020,,,073,Small Business Administration,7300,Small Business Administration,737010,OFC OF CAPITAL ACCESS,073,Small Business Administration,7300,Small Business Administration,737010,OFC OF CAPITAL ACCESS,,,,,,,THUY TRANG H NGUYEN,THUY TRANG H NGUYEN,,,,USA,UNITED STATES,29500 HIGHPOINT RD,,59514,RANCHO PALOS VERDES,06037,LOS ANGELES,06,CA,CALIFORNIA,90275,,CA-33,CA-36,,,,COUNTY-WIDE,USA,UNITED STATES,CA**037,,06037,LOS ANGELES,06,CALIFORNIA,,CA-33,CA-90,,59.073: PAYCHECK PROTECTION LOAN PROGRAM (PPP),,,08,GUARANTEED/INSURED LOAN (F),TO AID SMALL BUSINESSES IN MAINTAINING WORK FORCE DURING COVID-19 PANDEMIC.,NON,NOT RECOVERY ACT,P,INDIVIDUAL,2,NON-AGGREGATE RECORD,,,,,,,,,,,https://www.usaspending.gov/award/ASST_NON_4217888202_073/,2021-01-06 03:33:53.27803+00
ASST_NON_4218608201_073,4218608201,,SAI EXEMPT,,,,,,2020-08-27,2020,0.00,,,,0.00,0.00,0.00,2020-08-06,2020,,,073,Small Business Administration,7300,Small Business Administration,737010,OFC OF CAPITAL ACCESS,073,Small Business Administration,7300,Small Business Administration,737010,OFC OF CAPITAL ACCESS,,,,,,,JJG-THREE HEARTS ONE BEAT,JJG-THREE HEARTS ONE BEAT,,,,USA,UNITED STATES,639 KEITH STREET,,67000,SAN FRANCISCO,06075,SAN FRANCISCO,06,CA,CALIFORNIA,94124,,CA-12,CA-11,,,,COUNTY-WIDE,USA,UNITED STATES,CA**075,,06075,SAN FRANCISCO,06,CALIFORNIA,,CA-12,CA-90,,59.073: PAYCHECK PROTECTION LOAN PROGRAM (PPP),,,08,GUARANTEED/INSURED LOAN (F),TO AID SMALL BUSINESSES IN MAINTAINING WORK FORCE DURING COVID-19 PANDEMIC.,NON,NOT RECOVERY ACT,P,INDIVIDUAL,2,NON-AGGREGATE RECORD,,,,,,,,,,,https://www.usaspending.gov/award/ASST_NON_4218608201_073/,2021-01-06 03:33:53.27803+00
ASST_NON_4221458205_073,4221458205,,SAI EXEMPT,,,,,,2020-08-27,2020,0.00,,,,0.00,0.00,0.00,2020-08-06,2020,,,073,Small Business Administration,7300,Small Business Administration,737010,OFC OF CAPITAL ACCESS,073,Small Business Administration,7300,Small Business Administration,737010,OFC OF CAPITAL ACCESS,,,,,,,TUOC LE,TUOC LE,,,,USA,UNITED STATES,7662 COLGATE AVE,,84550,WESTMINSTER,06059,ORANGE,06,CA,CALIFORNIA,92683,,CA-47,CA-45,,,,COUNTY-WIDE,USA,UNITED STATES,CA**059,,06059,ORANGE,06,CALIFORNIA,,CA-47,CA-90,,59.073: PAYCHECK PROTECTION LOAN PROGRAM (PPP),,,08,GUARANTEED/INSURED LOAN (F),TO AID SMALL BUSINESSES IN MAINTAINING WORK FORCE DURING COVID-19 PANDEMIC.,NON,NOT RECOVERY ACT,P,INDIVIDUAL,2,NON-AGGREGATE RECORD,,,,,,,,,,,https://www.usaspending.gov/award/ASST_NON_4221458205_073/,2021-01-06 03:33:53.27803+00
ASST_NON_4221668209_073,4221668209,,SAI EXEMPT,,,,,,2020-08-27,2020,0.00,,,,0.00,0.00,0.00,2020-08-06,2020,,,073,Small Business Administration,7300,Small Business Administration,737010,OFC OF CAPITAL ACCESS,073,Small Business Administration,7300,Small Business Administration,737010,OFC OF CAPITAL ACCESS,,,,,,,PAIGE JONES,PAIGE JONES,,,,USA,UNITED STATES,37032 42ND ST E,,55156,PALMDALE,06037,LOS ANGELES,06,CA,CALIFORNIA,93552,,CA-25,CA-27,,,,COUNTY-WIDE,USA,UNITED STATES,CA**037,,06037,LOS ANGELES,06,CALIFORNIA,,CA-25,CA-90,,59.073: PAYCHECK PROTECTION LOAN PROGRAM (PPP),,,08,GUARANTEED/INSURED LOAN (F),TO AID SMALL BUSINESSES IN MAINTAINING WORK FORCE DURING COVID-19 PANDEMIC.,NON,NOT RECOVERY ACT,P,INDIVIDUAL,2,NON-AGGREGATE RECORD,,,,,,,,,,,https://www.usaspending.gov/award/ASST_NON_4221668209_073/,2021-01-06 03:33:53.27803+00
ASST_NON_4221708208_073,4221708208,,SAI EXEMPT,,,,,,2020-08-27,2020,0.00,,,,0.00,0.00,0.00,2020-08-06,2020,,,073,Small Business Administration,7300,Small Business Administration,737010,OFC OF CAPITAL ACCESS,073,Small Business Administration,7300,Small Business Administration,737010,OFC OF CAPITAL ACCESS,,,,,,,ABEL SALVADOR,ABEL SALVADOR,,,,USA,UNITED STATES,13581 FOXGLOVE WAY,,66000,SAN DIEGO,06073,SAN DIEGO,06,CA,CALIFORNIA,92130,,CA-52,CA-50,,,,COUNTY-WIDE,USA,UNITED STATES,CA**073,,06073,SAN DIEGO,06,CALIFORNIA,,CA-52,CA-90,,59.073: PAYCHECK PROTECTION LOAN PROGRAM (PPP),,,08,GUARANTEED/INSURED LOAN (F),TO AID SMALL BUSINESSES IN MAINTAINING WORK FORCE DURING COVID-19 PANDEMIC.,NON,NOT RECOVERY ACT,P,INDIVIDUAL,2,NON-AGGREGATE RECORD,,,,,,,,,,,https://www.usaspending.gov/award/ASST_NON_4221708208_073/,2021-01-06 03:33:53.27803+00
ASST_NON_4222058205_073,4222058205,,SAI EXEMPT,,,,,,2020-08-27,2020,0.00,,,,0.00,0.00,0.00,2020-08-06,2020,,,073,Small Business Administration,7300,Small Business Administration,737010,OFC OF CAPITAL ACCESS,073,Small Business Administration,7300,Small Business Administration,737010,OFC OF CAPITAL ACCESS,,,,,,,MELISSA COWAN,MELISSA COWAN,,,,USA,UNITED STATES,9288 CARSON RD.,,57540,PLACERVILLE,06017,EL DORADO,06,CA,CALIFORNIA,95667,,CA-04,CA-05,,,,COUNTY-WIDE,USA,UNITED STATES,CA**017,,06017,EL DORADO,06,CALIFORNIA,,CA-04,CA-90,,59.073: PAYCHECK PROTECTION LOAN PROGRAM (PPP),,,08,GUARANTEED/INSURED LOAN (F),TO AID SMALL BUSINESSES IN MAINTAINING WORK FORCE DURING COVID-19 PANDEMIC.,NON,NOT RECOVERY ACT,P,INDIVIDUAL,2,NON-AGGREGATE RECORD,,,,,,,,,,,https://www.usaspending.gov/award/ASST_NON_4222058205_073/,2021-01-06 03:33:53.27803+00
ASST_NON_4222638202_073,4222638202,,SAI EXEMPT,,,,,,2020-08-27,2020,0.00,,,,0.00,0.00,0.00,2020-08-06,2020,,,073,Small Business Administration,7300,Small Business Administration,737010,OFC OF CAPITAL ACCESS,073,Small Business Administration,7300,Small Business Administration,737010,OFC OF CAPITAL ACCESS,,,,,,,DONNA BECKLES,DONNA BECKLES,,,,USA,UNITED STATES,3512 ADRIATIC AVE,,43000,LONG BEACH,06037,LOS ANGELES,06,CA,CALIFORNIA,90810,,CA-44,CA-44,,,,COUNTY-WIDE,USA,UNITED STATES,CA**037,,06037,LOS ANGELES,06,CALIFORNIA,,CA-44,CA-90,,59.073: PAYCHECK PROTECTION LOAN PROGRAM (PPP),,,08,GUARANTEED/INSURED LOAN (F),TO AID SMALL BUSINESSES IN MAINTAINING WORK FORCE DURING COVID-19 PANDEMIC.,NON,NOT RECOVERY ACT,P,INDIVIDUAL,2,NON-AGGREGATE RECORD,,,,,,,,,,,https://www.usaspending.gov/award/ASST_NON_4222638202_073/,2021-01-06 03:33:53.27803+00
ASST_NON_4223168205_073,4223168205,,SAI EXEMPT,,,,,,2020-08-27,2020,0.00,,,,0.00,0.00,0.00,2020-08-06,2020,,,073,Small Business Administration,7300,Small Business Administration,737010,OFC OF CAPITAL ACCESS,073,Small Business Administration,7300,Small Business Administration,737010,OFC OF CAPITAL ACCESS,,,,,,,JUAN LIU,JUAN LIU,,,,USA,UNITED STATES,15855 EDNA PL,SUITE 3,03666,BALDWIN PARK,06037,LOS ANGELES,06,CA,CALIFORNIA,91706,,CA-32,CA-31,,,,COUNTY-WIDE,USA,UNITED STATES,CA**037,,06037,LOS ANGELES,06,CALIFORNIA,,CA-32,CA-90,,59.073: PAYCHECK PROTECTION LOAN PROGRAM (PPP),,,08,GUARANTEED/INSURED LOAN (F),TO AID SMALL BUSINESSES IN MAINTAINING WORK FORCE DURING COVID-19 PANDEMIC.,NON,NOT RECOVERY ACT,P,INDIVIDUAL,2,NON-AGGREGATE RECORD,,,,,,,,,,,https://www.usaspending.gov/award/ASST_NON_4223168205_073/,2021-01-06 03:33:53.27803+00
ASST_NON_4223368206_073,4223368206,,SAI EXEMPT,,,,,,2020-08-27,2020,0.00,,,,0.00,0.00,0.00,2020-08-06,2020,,,073,Small Business Administration,7300,Small Business Administration,737010,OFC OF CAPITAL ACCESS,073,Small Business Administration,7300,Small Business Administration,737010,OFC OF CAPITAL ACCESS,,,,,,,FREDY CORDOVA,FREDY CORDOVA,,,,USA,UNITED STATES,5300EAST WASHINGTON BLVD,,44000,LOS ANGELES,06037,LOS ANGELES,06,CA,CALIFORNIA,90040,,CA-40,CA-42,,,,COUNTY-WIDE,USA,UNITED STATES,CA**037,,06037,LOS ANGELES,06,CALIFORNIA,,CA-40,CA-90,,59.073: PAYCHECK PROTECTION LOAN PROGRAM (PPP),,,08,GUARANTEED/INSURED LOAN (F),TO AID SMALL BUSINESSES IN MAINTAINING WORK FORCE DURING COVID-19 PANDEMIC.,NON,NOT RECOVERY ACT,P,INDIVIDUAL,2,NON-AGGREGATE RECORD,,,,,,,,,,,https://www.usaspending.gov/award/ASST_NON_4223368206_073/,2021-01-06 03:33:53.27803+00
ASST_NON_4223438203_073,4223438203,,SAI EXEMPT,,,,,,2020-08-27,2020,0.00,,,,0.00,0.00,0.00,2020-08-06,2020,,,073,Small Business Administration,7300,Small Business Administration,737010,OFC OF CAPITAL ACCESS,073,Small Business Administration,7300,Small Business Administration,737010,OFC OF CAPITAL ACCESS,,,,,,,XIAOGUANG CUI,XIAOGUANG CUI,,,,USA,UNITED STATES,315 N. HOLLOW AVE.,,84200,WEST COVINA,06037,LOS ANGELES,06,CA,CALIFORNIA,91790,,CA-32,CA-31,,,,COUNTY-WIDE,USA,UNITED STATES,CA**037,,06037,LOS ANGELES,06,CALIFORNIA,,CA-32,CA-90,,59.073: PAYCHECK PROTECTION LOAN PROGRAM (PPP),,,08,GUARANTEED/INSURED LOAN (F),TO AID SMALL BUSINESSES IN MAINTAINING WORK FORCE DURING COVID-19 PANDEMIC.,NON,NOT RECOVERY ACT,P,INDIVIDUAL,2,NON-AGGREGATE RECORD,,,,,,,,,,,https://www.usaspending.gov/award/ASST_NON_4223438203_073/,2021-01-06 03:33:53.27803+00
ASST_NON_4223938200_073,4223938200,,SAI EXEMPT,,,,,,2020-08-27,2020,0.00,,,,0.00,0.00,0.00,2020-08-06,2020,,,073,Small Business Administration,7300,Small Business Administration,737010,OFC OF CAPITAL ACCESS,073,Small Business Administration,7300,Small Business Administration,737010,OFC OF CAPITAL ACCESS,,,,,,,ANTHONY HARRIS,ANTHONY HARRIS,,,,USA,UNITED STATES,5086 FALLS COURT,,23182,FAIRFIELD,06095,SOLANO,06,CA,CALIFORNIA,94534,,CA-03,CA-08,,,,COUNTY-WIDE,USA,UNITED STATES,CA**095,,06095,SOLANO,06,CALIFORNIA,,CA-03,CA-90,,59.073: PAYCHECK PROTECTION LOAN PROGRAM (PPP),,,08,GUARANTEED/INSURED LOAN (F),TO AID SMALL BUSINESSES IN MAINTAINING WORK FORCE DURING COVID-19 PANDEMIC.,NON,NOT RECOVERY ACT,P,INDIVIDUAL,2,NON-AGGREGATE RECORD,,,,,,,,,,,https://www.usaspending.gov/award/ASST_NON_4223938200_073/,2021-01-06 03:33:53.27803+00
ASST_NON_4224058209_073,4224058209,,SAI EXEMPT,,,,,,2020-08-27,2020,0.00,,,,0.00,0.00,0.00,2020-08-06,2020,,,073,Small Business Administration,7300,Small Business Administration,737010,OFC OF CAPITAL ACCESS,073,Small Business Administration,7300,Small Business Administration,737010,OFC OF CAPITAL ACCESS,,,,,,,LA HABRA LIQUOR,LA HABRA LIQUOR,,,,USA,UNITED STATES,607 W LA HABRA BLVD,,39290,LA HABRA,06059,ORANGE,06,CA,CALIFORNIA,90631,,CA-39,CA-38,,,,COUNTY-WIDE,USA,UNITED STATES,CA**059,,06059,ORANGE,06,CALIFORNIA,,CA-39,CA-90,,59.073: PAYCHECK PROTECTION LOAN PROGRAM (PPP),,,08,GUARANTEED/INSURED LOAN (F),TO AID SMALL BUSINESSES IN MAINTAINING WORK FORCE DURING COVID-19 PANDEMIC.,NON,NOT RECOVERY ACT,P,INDIVIDUAL,2,NON-AGGREGATE RECORD,,,,,,,,,,,https://www.usaspending.gov/award/ASST_NON_4224058209_073/,2021-01-06 03:33:53.27803+00
ASST_NON_4224338210_073,4224338210,,SAI EXEMPT,,,,,,2020-08-27,2020,0.00,,,,0.00,0.00,0.00,2020-08-06,2020,,,073,Small Business Administration,7300,Small Business Administration,737010,OFC OF CAPITAL ACCESS,073,Small Business Administration,7300,Small Business Administration,737010,OFC OF CAPITAL ACCESS,,,,,,,INDIGO EXCHANGE,INDIGO EXCHANGE,,,,USA,UNITED STATES,341 N MANSFIELD AVE,,44000,LOS ANGELES,06037,LOS ANGELES,06,CA,CALIFORNIA,90036,,CA-33,CA-30,,,,COUNTY-WIDE,USA,UNITED STATES,CA**037,,06037,LOS ANGELES,06,CALIFORNIA,,CA-33,CA-90,,59.073: PAYCHECK PROTECTION LOAN PROGRAM (PPP),,,08,GUARANTEED/INSURED LOAN (F),TO AID SMALL BUSINESSES IN MAINTAINING WORK FORCE DURING COVID-19 PANDEMIC.,NON,NOT RECOVERY ACT,P,INDIVIDUAL,2,NON-AGGREGATE RECORD,,,,,,,,,,,https://www.usaspending.gov/award/ASST_NON_4224338210_073/,2021-01-06 03:33:53.27803+00
ASST_NON_4225218200_073,4225218200,,SAI EXEMPT,,,,,,2020-08-27,2020,0.00,,,,0.00,0.00,0.00,2020-08-06,2020,,,073,Small Business Administration,7300,Small Business Administration,737010,OFC OF CAPITAL ACCESS,073,Small Business Administration,7300,Small Business Administration,737010,OFC OF CAPITAL ACCESS,,,,,,,FAN WU,FAN WU,,,,USA,UNITED STATES,16109 E. ELGENIA ST.,,16742,COVINA,06037,LOS ANGELES,06,CA,CALIFORNIA,91722,,CA-32,CA-31,,,,COUNTY-WIDE,USA,UNITED STATES,CA**037,,06037,LOS ANGELES,06,CALIFORNIA,,CA-32,CA-90,,59.073: PAYCHECK PROTECTION LOAN PROGRAM (PPP),,,08,GUARANTEED/INSURED LOAN (F),TO AID SMALL BUSINESSES IN MAINTAINING WORK FORCE DURING COVID-19 PANDEMIC.,NON,NOT RECOVERY ACT,P,INDIVIDUAL,2,NON-AGGREGATE RECORD,,,,,,,,,,,https://www.usaspending.gov/award/ASST_NON_4225218200_073/,2021-01-06 03:33:53.27803+00
ASST_NON_4225558208_073,4225558208,,SAI EXEMPT,,,,,,2020-08-27,2020,0.00,,,,0.00,0.00,0.00,2020-08-06,2020,,,073,Small Business Administration,7300,Small Business Administration,737010,OFC OF CAPITAL ACCESS,073,Small Business Administration,7300,Small Business Administration,737010,OFC OF CAPITAL ACCESS,,,,,,,RITA BEDROSSIAN HAJIABADI,RITA BEDROSSIAN HAJIABADI,,,,USA,UNITED STATES,427 WESTERN AVE,APT 2,29728,GLENDALE,06037,LOS ANGELES,06,CA,CALIFORNIA,91201,,CA-28,CA-30,,,,COUNTY-WIDE,USA,UNITED STATES,CA**037,,06037,LOS ANGELES,06,CALIFORNIA,,CA-28,CA-90,,59.073: PAYCHECK PROTECTION LOAN PROGRAM (PPP),,,08,GUARANTEED/INSURED LOAN (F),TO AID SMALL BUSINESSES IN MAINTAINING WORK FORCE DURING COVID-19 PANDEMIC.,NON,NOT RECOVERY ACT,P,INDIVIDUAL,2,NON-AGGREGATE RECORD,,,,,,,,,,,https://www.usaspending.gov/award/ASST_NON_4225558208_073/,2021-01-06 03:33:53.27803+00
ASST_NON_4225818203_073,4225818203,,SAI EXEMPT,,,,,,2020-08-27,2020,0.00,,,,0.00,0.00,0.00,2020-08-06,2020,,,073,Small Business Administration,7300,Small Business Administration,737010,OFC OF CAPITAL ACCESS,073,Small Business Administration,7300,Small Business Administration,737010,OFC OF CAPITAL ACCESS,,,,,,,RAMIL KAMAL,RAMIL KAMAL,,,,USA,UNITED STATES,21230 HOMESTEAD RD,49,17610,CUPERTINO,06085,SANTA CLARA,06,CA,CALIFORNIA,95014,,CA-17,CA-17,,,,COUNTY-WIDE,USA,UNITED STATES,CA**085,,06085,SANTA CLARA,06,CALIFORNIA,,CA-17,CA-90,,59.073: PAYCHECK PROTECTION LOAN PROGRAM (PPP),,,08,GUARANTEED/INSURED LOAN (F),TO AID SMALL BUSINESSES IN MAINTAINING WORK FORCE DURING COVID-19 PANDEMIC.,NON,NOT RECOVERY ACT,P,INDIVIDUAL,2,NON-AGGREGATE RECORD,,,,,,,,,,,https://www.usaspending.gov/award/ASST_NON_4225818203_073/,2021-01-06 03:33:53.27803+00
ASST_NON_4226758200_073,4226758200,,SAI EXEMPT,,,,,,2020-08-27,2020,0.00,,,,0.00,0.00,0.00,2020-08-06,2020,,,073,Small Business Administration,7300,Small Business Administration,737010,OFC OF CAPITAL ACCESS,073,Small Business Administration,7300,Small Business Administration,737010,OFC OF CAPITAL ACCESS,,,,,,,JAYLENN MYLES HART,JAYLENN MYLES HART,,,,USA,UNITED STATES,624 E 99TH STREET,3,36546,INGLEWOOD,06037,LOS ANGELES,06,CA,CALIFORNIA,90301,,CA-43,CA-43,,,,COUNTY-WIDE,USA,UNITED STATES,CA**037,,06037,LOS ANGELES,06,CALIFORNIA,,CA-43,CA-90,,59.073: PAYCHECK PROTECTION LOAN PROGRAM (PPP),,,08,GUARANTEED/INSURED LOAN (F),TO AID SMALL BUSINESSES IN MAINTAINING WORK FORCE DURING COVID-19 PANDEMIC.,NON,NOT RECOVERY ACT,P,INDIVIDUAL,2,NON-AGGREGATE RECORD,,,,,,,,,,,https://www.usaspending.gov/award/ASST_NON_4226758200_073/,2021-01-06 03:33:53.27803+00
ASST_NON_4226918200_073,4226918200,,SAI EXEMPT,,,,,,2020-08-27,2020,0.00,,,,0.00,0.00,0.00,2020-08-06,2020,,,073,Small Business Administration,7300,Small Business Administration,737010,OFC OF CAPITAL ACCESS,073,Small Business Administration,7300,Small Business Administration,737010,OFC OF CAPITAL ACCESS,,,,,,,DIANE WARE,DIANE WARE,,,,USA,UNITED STATES,195 BRYCE LN,,23462,FALLBROOK,06073,SAN DIEGO,06,CA,CALIFORNIA,92028,,CA-50,CA-48,,,,COUNTY-WIDE,USA,UNITED STATES,CA**073,,06073,SAN DIEGO,06,CALIFORNIA,,CA-50,CA-90,,59.073: PAYCHECK PROTECTION LOAN PROGRAM (PPP),,,08,GUARANTEED/INSURED LOAN (F),TO AID SMALL BUSINESSES IN MAINTAINING WORK FORCE DURING COVID-19 PANDEMIC.,NON,NOT RECOVERY ACT,P,INDIVIDUAL,2,NON-AGGREGATE RECORD,,,,,,,,,,,https://www.usaspending.gov/award/ASST_NON_4226918200_073/,2021-01-06 03:33:53.27803+00
ASST_NON_4227178205_073,4227178205,,SAI EXEMPT,,,,,,2020-08-27,2020,0.00,,,,0.00,0.00,0.00,2020-08-06,2020,,,073,Small Business Administration,7300,Small Business Administration,737010,OFC OF CAPITAL ACCESS,073,Small Business Administration,7300,Small Business Administration,737010,OFC OF CAPITAL ACCESS,,,,,,,SAMI ROMANI,SAMI ROMANI,,,,USA,UNITED STATES,13681 RICHARDSON WAY,,84550,WESTMINSTER,06059,ORANGE,06,CA,CALIFORNIA,92683,,CA-47,CA-45,,,,COUNTY-WIDE,USA,UNITED STATES,CA**059,,06059,ORANGE,06,CALIFORNIA,,CA-47,CA-90,,59.073: PAYCHECK PROTECTION LOAN PROGRAM (PPP),,,08,GUARANTEED/INSURED LOAN (F),TO AID SMALL BUSINESSES IN MAINTAINING WORK FORCE DURING COVID-19 PANDEMIC.,NON,NOT RECOVERY ACT,P,INDIVIDUAL,2,NON-AGGREGATE RECORD,,,,,,,,,,,https://www.usaspending.gov/award/ASST_NON_4227178205_073/,2021-01-06 03:33:53.27803+00
ASST_NON_4233618202_073,4233618202,,SAI EXEMPT,,,,,,2020-08-27,2020,0.00,,,,0.00,0.00,0.00,2020-08-06,2020,,,073,Small Business Administration,7300,Small Business Administration,737010,OFC OF CAPITAL ACCESS,073,Small Business Administration,7300,Small Business Administration,737010,OFC OF CAPITAL ACCESS,,,,,,,MAMA TEE TEE,MAMA TEE TEE,,,,USA,UNITED STATES,75 HUDSON CT,,67000,SAN FRANCISCO,06075,SAN FRANCISCO,06,CA,CALIFORNIA,94124,,CA-12,CA-11,,,,COUNTY-WIDE,USA,UNITED STATES,CA**075,,06075,SAN FRANCISCO,06,CALIFORNIA,,CA-12,CA-90,,59.073: PAYCHECK PROTECTION LOAN PROGRAM (PPP),,,08,GUARANTEED/INSURED LOAN (F),TO AID SMALL BUSINESSES IN MAINTAINING WORK FORCE DURING COVID-19 PANDEMIC.,NON,NOT RECOVERY ACT,P,INDIVIDUAL,2,NON-AGGREGATE RECORD,,,,,,,,,,,https://www.usaspending.gov/award/ASST_NON_4233618202_073/,2021-01-06 03:33:53.27803+00
ASST_NON_4243807001_073,4243807001,,SAI EXEMPT,"9: DEFC of '9' Indicates that the data for this row is not related to a COVID-19 P.L. (DEFC not one of the following: ['L', 'M', 'N', 'O', 'P', 'U', 'V']), but that the agency has declined to specify which other DEFC (or combination of DEFCs, in the case that the money hasn't been split out like it would be with a specific DEFC value) applies. This code was discontinued on July 13, 2021.",,,,,2020-08-27,2020,0.00,0.00,,,0.00,0.00,0.00,2020-02-18,2020,,,073,Small Business Administration,7300,Small Business Administration,737010,OFC OF CAPITAL ACCESS,073,Small Business Administration,7300,Small Business Administration,737010,OFC OF CAPITAL ACCESS,073-X-1154-000,073-1154,"41.0: Grants, subsidies, and contributions",0702: LOAN GUARANTEE SUBSIDY,,,"KS FRANCHISES, LLC","KS FRANCHISES, LLC",,,,USA,UNITED STATES,19201 BEAR VALLEY RD,BLDG D,02364,APPLE VALLEY,06071,SAN BERNARDINO,06,CA,CALIFORNIA,92308,,CA-08,CA-23,,,,COUNTY-WIDE,USA,UNITED STATES,CA**071,,06071,SAN BERNARDINO,06,CALIFORNIA,,CA-08,CA-90,,59.012: 7(A) LOAN GUARANTEES,,,08,GUARANTEED/INSURED LOAN (F),TO AID SMALL BUSINESSES WHICH ARE UNABLE TO OBTAIN FINANCING IN THE PRIVATE CREDIT MARKETPLACE,NON,NOT RECOVERY ACT,R,SMALL BUSINESS,2,NON-AGGREGATE RECORD,,,,,,,,,,,https://www.usaspending.gov/award/ASST_NON_4243807001_073/,2020-09-04 13:44:33.675634+00
ASST_NON_4247598210_073,4247598210,,SAI EXEMPT,,,,,,2020-08-27,2020,0.00,,,,0.00,0.00,0.00,2020-08-06,2020,,,073,Small Business Administration,7300,Small Business Administration,737010,OFC OF CAPITAL ACCESS,073,Small Business Administration,7300,Small Business Administration,737010,OFC OF CAPITAL ACCESS,,,,,,,SHAWN GRINOLDS,SHAWN GRINOLDS,,,,USA,UNITED STATES,1145 ANGELUS STREET,,80812,TURLOCK,06099,STANISLAUS,06,CA,CALIFORNIA,95380,,CA-10,CA-13,,,,COUNTY-WIDE,USA,UNITED STATES,CA**099,,06099,STANISLAUS,06,CALIFORNIA,,CA-10,CA-90,,59.073: PAYCHECK PROTECTION LOAN PROGRAM (PPP),,,08,GUARANTEED/INSURED LOAN (F),TO AID SMALL BUSINESSES IN MAINTAINING WORK FORCE DURING COVID-19 PANDEMIC.,NON,NOT RECOVERY ACT,P,INDIVIDUAL,2,NON-AGGREGATE RECORD,,,,,,,,,,,https://www.usaspending.gov/award/ASST_NON_4247598210_073/,2021-01-06 03:33:53.27803+00
ASST_NON_4247628206_073,4247628206,,SAI EXEMPT,,,,,,2020-08-27,2020,0.00,,,,0.00,0.00,0.00,2020-08-06,2020,,,073,Small Business Administration,7300,Small Business Administration,737010,OFC OF CAPITAL ACCESS,073,Small Business Administration,7300,Small Business Administration,737010,OFC OF CAPITAL ACCESS,,,,,,,HUATULCO PERU TRAVEL,HUATULCO PERU TRAVEL,,,,USA,UNITED STATES,4001 CITY TERRACE DR,,44000,LOS ANGELES,06037,LOS ANGELES,06,CA,CALIFORNIA,90063,,CA-34,CA-34,,,,COUNTY-WIDE,USA,UNITED STATES,CA**037,,06037,LOS ANGELES,06,CALIFORNIA,,CA-34,CA-90,,59.073: PAYCHECK PROTECTION LOAN PROGRAM (PPP),,,08,GUARANTEED/INSURED LOAN (F),TO AID SMALL BUSINESSES IN MAINTAINING WORK FORCE DURING COVID-19 PANDEMIC.,NON,NOT RECOVERY ACT,P,INDIVIDUAL,2,NON-AGGREGATE RECORD,,,,,,,,,,,https://www.usaspending.gov/award/ASST_NON_4247628206_073/,2021-01-06 03:33:53.27803+00
ASST_NON_4247648201_073,4247648201,,SAI EXEMPT,,,,,,2020-08-27,2020,0.00,,,,0.00,0.00,0.00,2020-08-06,2020,,,073,Small Business Administration,7300,Small Business Administration,737010,OFC OF CAPITAL ACCESS,073,Small Business Administration,7300,Small Business Administration,737010,OFC OF CAPITAL ACCESS,,,,,,,KAILAN SMITH,KAILAN SMITH,,,,USA,UNITED STATES,4157 FRANKLIN AVE UNIT A,,66000,SAN DIEGO,06073,SAN DIEGO,06,CA,CALIFORNIA,92113,,CA-51,CA-52,,,,COUNTY-WIDE,USA,UNITED STATES,CA**073,,06073,SAN DIEGO,06,CALIFORNIA,,CA-51,CA-90,,59.073: PAYCHECK PROTECTION LOAN PROGRAM (PPP),,,08,GUARANTEED/INSURED LOAN (F),TO AID SMALL BUSINESSES IN MAINTAINING WORK FORCE DURING COVID-19 PANDEMIC.,NON,NOT RECOVERY ACT,P,INDIVIDUAL,2,NON-AGGREGATE RECORD,,,,,,,,,,,https://www.usaspending.gov/award/ASST_NON_4247648201_073/,2021-01-06 03:33:53.27803+00
ASST_NON_4247838210_073,4247838210,,SAI EXEMPT,,,,,,2020-08-27,2020,0.00,,,,0.00,0.00,0.00,2020-08-06,2020,,,073,Small Business Administration,7300,Small Business Administration,737010,OFC OF CAPITAL ACCESS,073,Small Business Administration,7300,Small Business Administration,737010,OFC OF CAPITAL ACCESS,,,,,,,YUSUF ALIRES,YUSUF ALIRES,,,,USA,UNITED STATES,36836 FIRETHORN ST,,55156,PALMDALE,06037,LOS ANGELES,06,CA,CALIFORNIA,93550,,CA-27,CA-27,,,,COUNTY-WIDE,USA,UNITED STATES,CA**037,,06037,LOS ANGELES,06,CALIFORNIA,,CA-27,CA-90,,59.073: PAYCHECK PROTECTION LOAN PROGRAM (PPP),,,08,GUARANTEED/INSURED LOAN (F),TO AID SMALL BUSINESSES IN MAINTAINING WORK FORCE DURING COVID-19 PANDEMIC.,NON,NOT RECOVERY ACT,P,INDIVIDUAL,2,NON-AGGREGATE RECORD,,,,,,,,,,,https://www.usaspending.gov/award/ASST_NON_4247838210_073/,2021-01-06 03:33:53.27803+00
ASST_NON_4247868208_073,4247868208,,SAI EXEMPT,,,,,,2020-08-27,2020,0.00,,,,0.00,0.00,0.00,2020-08-06,2020,,,073,Small Business Administration,7300,Small Business Administration,737010,OFC OF CAPITAL ACCESS,073,Small Business Administration,7300,Small Business Administration,737010,OFC OF CAPITAL ACCESS,,,,,,,RAM ENGINEERING CONSULTING SERVICES,RAM ENGINEERING CONSULTING SERVICES,,,,USA,UNITED STATES,21909 HOFFMAN WAY,,11964,CASTRO VALLEY,06001,ALAMEDA,06,CA,CALIFORNIA,94546,,CA-15,CA-14,,,,COUNTY-WIDE,USA,UNITED STATES,CA**001,,06001,ALAMEDA,06,CALIFORNIA,,CA-15,CA-90,,59.073: PAYCHECK PROTECTION LOAN PROGRAM (PPP),,,08,GUARANTEED/INSURED LOAN (F),TO AID SMALL BUSINESSES IN MAINTAINING WORK FORCE DURING COVID-19 PANDEMIC.,NON,NOT RECOVERY ACT,P,INDIVIDUAL,2,NON-AGGREGATE RECORD,,,,,,,,,,,https://www.usaspending.gov/award/ASST_NON_4247868208_073/,2021-01-06 03:33:53.27803+00
ASST_NON_4247898206_073,4247898206,,SAI EXEMPT,,,,,,2020-08-27,2020,0.00,,,,0.00,0.00,0.00,2020-08-06,2020,,,073,Small Business Administration,7300,Small Business Administration,737010,OFC OF CAPITAL ACCESS,073,Small Business Administration,7300,Small Business Administration,737010,OFC OF CAPITAL ACCESS,,,,,,,SHAHID ULLAH,SHAHID ULLAH,,,,USA,UNITED STATES,9711 SKYLARK BLVD,,29000,GARDEN GROVE,06059,ORANGE,06,CA,CALIFORNIA,92841,,CA-47,CA-45,,,,COUNTY-WIDE,USA,UNITED STATES,CA**059,,06059,ORANGE,06,CALIFORNIA,,CA-47,CA-90,,59.073: PAYCHECK PROTECTION LOAN PROGRAM (PPP),,,08,GUARANTEED/INSURED LOAN (F),TO AID SMALL BUSINESSES IN MAINTAINING WORK FORCE DURING COVID-19 PANDEMIC.,NON,NOT RECOVERY ACT,P,INDIVIDUAL,2,NON-AGGREGATE RECORD,,,,,,,,,,,https://www.usaspending.gov/award/ASST_NON_4247898206_073/,2021-01-06 03:33:53.27803+00
ASST_NON_4248278210_073,4248278210,,SAI EXEMPT,,,,,,2020-08-27,2020,0.00,,,,0.00,0.00,0.00,2020-08-06,2020,,,073,Small Business Administration,7300,Small Business Administration,737010,OFC OF CAPITAL ACCESS,073,Small Business Administration,7300,Small Business Administration,737010,OFC OF CAPITAL ACCESS,,,,,,,MARY P CROULEY,MARY P CROULEY,,,,USA,UNITED STATES,30100 TOWN CENTER DR,STE 244,39248,LAGUNA NIGUEL,06059,ORANGE,06,CA,CALIFORNIA,92677,,CA-48,CA-49,,,,COUNTY-WIDE,USA,UNITED STATES,CA**059,,06059,ORANGE,06,CALIFORNIA,,CA-48,CA-90,,59.073: PAYCHECK PROTECTION LOAN PROGRAM (PPP),,,08,GUARANTEED/INSURED LOAN (F),TO AID SMALL BUSINESSES IN MAINTAINING WORK FORCE DURING COVID-19 PANDEMIC.,NON,NOT RECOVERY ACT,P,INDIVIDUAL,2,NON-AGGREGATE RECORD,,,,,,,,,,,https://www.usaspending.gov/award/ASST_NON_4248278210_073/,2021-01-06 03:33:53.27803+00
ASST_NON_4248548208_073,4248548208,,SAI EXEMPT,,,,,,2020-08-27,2020,0.00,,,,0.00,0.00,0.00,2020-08-06,2020,,,073,Small Business Administration,7300,Small Business Administration,737010,OFC OF CAPITAL ACCESS,073,Small Business Administration,7300,Small Business Administration,737010,OFC OF CAPITAL ACCESS,,,,,,,PATRICK ROBERT KILPATRICK,PATRICK ROBERT KILPATRICK,,,,USA,UNITED STATES,7650 NIKKI TRAIL,,49628,MOUNTAIN RANCH,06009,CALAVERAS,06,CA,CALIFORNIA,95246,,CA-04,CA-05,,,,COUNTY-WIDE,USA,UNITED STATES,CA**009,,06009,CALAVERAS,06,CALIFORNIA,,CA-04,CA-05,,59.073: PAYCHECK PROTECTION LOAN PROGRAM (PPP),,,08,GUARANTEED/INSURED LOAN (F),TO AID SMALL BUSINESSES IN MAINTAINING WORK FORCE DURING COVID-19 PANDEMIC.,NON,NOT RECOVERY ACT,P,INDIVIDUAL,2,NON-AGGREGATE RECORD,,,,,,,,,,,https://www.usaspending.gov/award/ASST_NON_4248548208_073/,2021-01-06 03:33:53.27803+00
ASST_NON_4248558200_073,4248558200,,SAI EXEMPT,,,,,,2020-08-27,2020,0.00,,,,0.00,0.00,0.00,2020-08-06,2020,,,073,Small Business Administration,7300,Small Business Administration,737010,OFC OF CAPITAL ACCESS,073,Small Business Administration,7300,Small Business Administration,737010,OFC OF CAPITAL ACCESS,,,,,,,"WSTC, INC.","WSTC, INC.",,,,USA,UNITED STATES,23775 ASTER TRAIL,,09598,CALABASAS,06037,LOS ANGELES,06,CA,CALIFORNIA,91302,,CA-33,CA-26,,,,COUNTY-WIDE,USA,UNITED STATES,CA**037,,06037,LOS ANGELES,06,CALIFORNIA,,CA-33,CA-90,,59.073: PAYCHECK PROTECTION LOAN PROGRAM (PPP),,,08,GUARANTEED/INSURED LOAN (F),TO AID SMALL BUSINESSES IN MAINTAINING WORK FORCE DURING COVID-19 PANDEMIC.,NON,NOT RECOVERY ACT,R,SMALL BUSINESS,2,NON-AGGREGATE RECORD,,,,,,,,,,,https://www.usaspending.gov/award/ASST_NON_4248558200_073/,2021-01-06 03:33:53.27803+00
ASST_NON_4248798202_073,4248798202,,SAI EXEMPT,,,,,,2020-08-27,2020,0.00,,,,0.00,0.00,0.00,2020-08-06,2020,,,073,Small Business Administration,7300,Small Business Administration,737010,OFC OF CAPITAL ACCESS,073,Small Business Administration,7300,Small Business Administration,737010,OFC OF CAPITAL ACCESS,,,,,,,BRUNO A AVILA,BRUNO A AVILA,,,,USA,UNITED STATES,9179 SAN LUIS OBISPO N,,62000,RIVERSIDE,06065,RIVERSIDE,06,CA,CALIFORNIA,92508,,CA-41,CA-39,,,,COUNTY-WIDE,USA,UNITED STATES,CA**065,,06065,RIVERSIDE,06,CALIFORNIA,,CA-41,CA-90,,59.073: PAYCHECK PROTECTION LOAN PROGRAM (PPP),,,08,GUARANTEED/INSURED LOAN (F),TO AID SMALL BUSINESSES IN MAINTAINING WORK FORCE DURING COVID-19 PANDEMIC.,NON,NOT RECOVERY ACT,P,INDIVIDUAL,2,NON-AGGREGATE RECORD,,,,,,,,,,,https://www.usaspending.gov/award/ASST_NON_4248798202_073/,2021-01-06 03:33:53.27803+00
ASST_NON_4248818206_073,4248818206,,SAI EXEMPT,,,,,,2020-08-27,2020,0.00,,,,0.00,0.00,0.00,2020-08-06,2020,,,073,Small Business Administration,7300,Small Business Administration,737010,OFC OF CAPITAL ACCESS,073,Small Business Administration,7300,Small Business Administration,737010,OFC OF CAPITAL ACCESS,,,,,,,BALRAM KURNA,BALRAM KURNA,,,,USA,UNITED STATES,38000 CAMDEN ST,55,26004,FREMONT,06001,ALAMEDA,06,CA,CALIFORNIA,94536,,CA-17,CA-14,,,,COUNTY-WIDE,USA,UNITED STATES,CA**001,,06001,ALAMEDA,06,CALIFORNIA,,CA-17,CA-90,,59.073: PAYCHECK PROTECTION LOAN PROGRAM (PPP),,,08,GUARANTEED/INSURED LOAN (F),TO AID SMALL BUSINESSES IN MAINTAINING WORK FORCE DURING COVID-19 PANDEMIC.,NON,NOT RECOVERY ACT,P,INDIVIDUAL,2,NON-AGGREGATE RECORD,,,,,,,,,,,https://www.usaspending.gov/award/ASST_NON_4248818206_073/,2021-01-06 03:33:53.27803+00
ASST_NON_4249128202_073,4249128202,,SAI EXEMPT,,,,,,2020-08-27,2020,0.00,,,,0.00,0.00,0.00,2020-08-06,2020,,,073,Small Business Administration,7300,Small Business Administration,737010,OFC OF CAPITAL ACCESS,073,Small Business Administration,7300,Small Business Administration,737010,OFC OF CAPITAL ACCESS,,,,,,,ANIESE G HOLLIER,ANIESE G HOLLIER,,,,USA,UNITED STATES,2827 S SEA ISLAND TRL,,53896,ONTARIO,06071,SAN BERNARDINO,06,CA,CALIFORNIA,91761,,CA-35,CA-35,,,,COUNTY-WIDE,USA,UNITED STATES,CA**071,,06071,SAN BERNARDINO,06,CALIFORNIA,,CA-35,CA-90,,59.073: PAYCHECK PROTECTION LOAN PROGRAM (PPP),,,08,GUARANTEED/INSURED LOAN (F),TO AID SMALL BUSINESSES IN MAINTAINING WORK FORCE DURING COVID-19 PANDEMIC.,NON,NOT RECOVERY ACT,P,INDIVIDUAL,2,NON-AGGREGATE RECORD,,,,,,,,,,,https://www.usaspending.gov/award/ASST_NON_4249128202_073/,2021-01-06 03:33:53.27803+00
ASST_NON_4249238200_073,4249238200,,SAI EXEMPT,,,,,,2020-08-27,2020,0.00,,,,0.00,0.00,0.00,2020-08-06,2020,,,073,Small Business Administration,7300,Small Business Administration,737010,OFC OF CAPITAL ACCESS,073,Small Business Administration,7300,Small Business Administration,737010,OFC OF CAPITAL ACCESS,,,,,,,WILLIAM TANZIE,WILLIAM TANZIE,,,,USA,UNITED STATES,3335 S FIGUEROA STREET 848,,44000,LOS ANGELES,06037,LOS ANGELES,06,CA,CALIFORNIA,90007,,CA-37,CA-90,,,,COUNTY-WIDE,USA,UNITED STATES,CA**037,,06037,LOS ANGELES,06,CALIFORNIA,,CA-37,CA-90,,59.073: PAYCHECK PROTECTION LOAN PROGRAM (PPP),,,08,GUARANTEED/INSURED LOAN (F),TO AID SMALL BUSINESSES IN MAINTAINING WORK FORCE DURING COVID-19 PANDEMIC.,NON,NOT RECOVERY ACT,P,INDIVIDUAL,2,NON-AGGREGATE RECORD,,,,,,,,,,,https://www.usaspending.gov/award/ASST_NON_4249238200_073/,2021-01-06 03:33:53.27803+00
ASST_NON_4255728201_073,4255728201,,SAI EXEMPT,,,,,,2020-08-27,2020,0.00,,,,0.00,0.00,0.00,2020-08-06,2020,,,073,Small Business Administration,7300,Small Business Administration,737010,OFC OF CAPITAL ACCESS,073,Small Business Administration,7300,Small Business Administration,737010,OFC OF CAPITAL ACCESS,,,,,,,NORCALL SUPPLY HOME HEALTH CARE,NORCALL SUPPLY HOME HEALTH CARE,,,,USA,UNITED STATES,9810 DAVONA DR,,68378,SAN RAMON,06013,CONTRA COSTA,06,CA,CALIFORNIA,94583,,CA-15,CA-10,,,,COUNTY-WIDE,USA,UNITED STATES,CA**013,,06013,CONTRA COSTA,06,CALIFORNIA,,CA-15,CA-90,,59.073: PAYCHECK PROTECTION LOAN PROGRAM (PPP),,,08,GUARANTEED/INSURED LOAN (F),TO AID SMALL BUSINESSES IN MAINTAINING WORK FORCE DURING COVID-19 PANDEMIC.,NON,NOT RECOVERY ACT,P,INDIVIDUAL,2,NON-AGGREGATE RECORD,,,,,,,,,,,https://www.usaspending.gov/award/ASST_NON_4255728201_073/,2021-01-06 03:33:53.27803+00
ASST_NON_4259328207_073,4259328207,,SAI EXEMPT,,,,,,2020-08-27,2020,0.00,,,,0.00,0.00,0.00,2020-08-06,2020,,,073,Small Business Administration,7300,Small Business Administration,737010,OFC OF CAPITAL ACCESS,073,Small Business Administration,7300,Small Business Administration,737010,OFC OF CAPITAL ACCESS,,,,,,,OMNIA MARKETING INC,OMNIA MARKETING INC,,,,USA,UNITED STATES,17622 ARVIDA DRIVE,,30602,GRANADA HILLS,06037,LOS ANGELES,06,CA,CALIFORNIA,91344,,CA-30,CA-27,,,,COUNTY-WIDE,USA,UNITED STATES,CA**037,,06037,LOS ANGELES,06,CALIFORNIA,,CA-30,CA-90,,59.073: PAYCHECK PROTECTION LOAN PROGRAM (PPP),,,08,GUARANTEED/INSURED LOAN (F),TO AID SMALL BUSINESSES IN MAINTAINING WORK FORCE DURING COVID-19 PANDEMIC.,NON,NOT RECOVERY ACT,R,SMALL BUSINESS,2,NON-AGGREGATE RECORD,,,,,,,,,,,https://www.usaspending.gov/award/ASST_NON_4259328207_073/,2021-01-06 03:33:53.27803+00
ASST_NON_4260648206_073,4260648206,,SAI EXEMPT,,,,,,2020-08-27,2020,0.00,,,,0.00,0.00,0.00,2020-08-06,2020,,,073,Small Business Administration,7300,Small Business Administration,737010,OFC OF CAPITAL ACCESS,073,Small Business Administration,7300,Small Business Administration,737010,OFC OF CAPITAL ACCESS,,,,,,,SOLE PROPRIETOR,SOLE PROPRIETOR,,,,USA,UNITED STATES,201 OCEAN AVENUE,807 P,70000,SANTA MONICA,06037,LOS ANGELES,06,CA,CALIFORNIA,90402,,CA-33,CA-90,,,,COUNTY-WIDE,USA,UNITED STATES,CA**037,,06037,LOS ANGELES,06,CALIFORNIA,,CA-33,CA-90,,59.073: PAYCHECK PROTECTION LOAN PROGRAM (PPP),,,08,GUARANTEED/INSURED LOAN (F),TO AID SMALL BUSINESSES IN MAINTAINING WORK FORCE DURING COVID-19 PANDEMIC.,NON,NOT RECOVERY ACT,P,INDIVIDUAL,2,NON-AGGREGATE RECORD,,,,,,,,,,,https://www.usaspending.gov/award/ASST_NON_4260648206_073/,2021-01-06 03:33:53.27803+00
ASST_NON_4261288207_073,4261288207,,SAI EXEMPT,,,,,,2020-08-27,2020,0.00,,,,0.00,0.00,0.00,2020-08-06,2020,,,073,Small Business Administration,7300,Small Business Administration,737010,OFC OF CAPITAL ACCESS,073,Small Business Administration,7300,Small Business Administration,737010,OFC OF CAPITAL ACCESS,,,,,,,ABEJIDE JOHNSON,ABEJIDE JOHNSON,,,,USA,UNITED STATES,555 98TH AVE,,53000,OAKLAND,06001,ALAMEDA,06,CA,CALIFORNIA,94603,,CA-13,CA-12,,,,COUNTY-WIDE,USA,UNITED STATES,CA**001,,06001,ALAMEDA,06,CALIFORNIA,,CA-13,CA-90,,59.073: PAYCHECK PROTECTION LOAN PROGRAM (PPP),,,08,GUARANTEED/INSURED LOAN (F),TO AID SMALL BUSINESSES IN MAINTAINING WORK FORCE DURING COVID-19 PANDEMIC.,NON,NOT RECOVERY ACT,P,INDIVIDUAL,2,NON-AGGREGATE RECORD,,,,,,,,,,,https://www.usaspending.gov/award/ASST_NON_4261288207_073/,2021-01-06 03:33:53.27803+00
ASST_NON_4265618207_073,4265618207,,SAI EXEMPT,,,,,,2020-08-27,2020,0.00,,,,0.00,0.00,0.00,2020-08-06,2020,,,073,Small Business Administration,7300,Small Business Administration,737010,OFC OF CAPITAL ACCESS,073,Small Business Administration,7300,Small Business Administration,737010,OFC OF CAPITAL ACCESS,,,,,,,SHANNEN JACKSON,SHANNEN JACKSON,,,,USA,UNITED STATES,13064 CANTA LOMA LANE,,82590,VICTORVILLE,06071,SAN BERNARDINO,06,CA,CALIFORNIA,92392,,CA-08,CA-23,,,,COUNTY-WIDE,USA,UNITED STATES,CA**071,,06071,SAN BERNARDINO,06,CALIFORNIA,,CA-08,CA-90,,59.073: PAYCHECK PROTECTION LOAN PROGRAM (PPP),,,08,GUARANTEED/INSURED LOAN (F),TO AID SMALL BUSINESSES IN MAINTAINING WORK FORCE DURING COVID-19 PANDEMIC.,NON,NOT RECOVERY ACT,P,INDIVIDUAL,2,NON-AGGREGATE RECORD,,,,,,,,,,,https://www.usaspending.gov/award/ASST_NON_4265618207_073/,2021-01-06 03:33:53.27803+00
ASST_NON_4268187001_073,4268187001,,SAI EXEMPT,"9: DEFC of '9' Indicates that the data for this row is not related to a COVID-19 P.L. (DEFC not one of the following: ['L', 'M', 'N', 'O', 'P', 'U', 'V']), but that the agency has declined to specify which other DEFC (or combination of DEFCs, in the case that the money hasn't been split out like it would be with a specific DEFC value) applies. This code was discontinued on July 13, 2021.",,,,,2020-08-27,2020,0.00,0.00,,,0.00,0.00,0.00,2020-03-03,2020,,,073,Small Business Administration,7300,Small Business Administration,737010,OFC OF CAPITAL ACCESS,073,Small Business Administration,7300,Small Business Administration,737010,OFC OF CAPITAL ACCESS,073-X-1154-000,073-1154,"41.0: Grants, subsidies, and contributions",0702: LOAN GUARANTEE SUBSIDY,,,MDJ CYCLING INC.,MDJ CYCLING INC.,,,,USA,UNITED STATES,20517 DEVONSHIRE ST,,12748,CHATSWORTH,06111,VENTURA,06,CA,CALIFORNIA,91311,,CA-25,CA-32,,,,COUNTY-WIDE,USA,UNITED STATES,CA**037,,06037,LOS ANGELES,06,CALIFORNIA,,CA-25,CA-90,,59.012: 7(A) LOAN GUARANTEES,,,08,GUARANTEED/INSURED LOAN (F),TO AID SMALL BUSINESSES WHICH ARE UNABLE TO OBTAIN FINANCING IN THE PRIVATE CREDIT MARKETPLACE,NON,NOT RECOVERY ACT,R,SMALL BUSINESS,2,NON-AGGREGATE RECORD,,,,,,,,,,,https://www.usaspending.gov/award/ASST_NON_4268187001_073/,2020-09-04 13:44:33.675634+00
ASST_NON_4272678201_073,4272678201,,SAI EXEMPT,,,,,,2020-08-27,2020,0.00,,,,0.00,0.00,0.00,2020-08-06,2020,,,073,Small Business Administration,7300,Small Business Administration,737010,OFC OF CAPITAL ACCESS,073,Small Business Administration,7300,Small Business Administration,737010,OFC OF CAPITAL ACCESS,,,,,,,MILK PRODUCTION KAZA,MILK PRODUCTION KAZA,,,,USA,UNITED STATES,413 HAWTHORNE,,29728,GLENDALE,06037,LOS ANGELES,06,CA,CALIFORNIA,91204,,CA-28,CA-30,,,,COUNTY-WIDE,USA,UNITED STATES,CA**037,,06037,LOS ANGELES,06,CALIFORNIA,,CA-28,CA-90,,59.073: PAYCHECK PROTECTION LOAN PROGRAM (PPP),,,08,GUARANTEED/INSURED LOAN (F),TO AID SMALL BUSINESSES IN MAINTAINING WORK FORCE DURING COVID-19 PANDEMIC.,NON,NOT RECOVERY ACT,P,INDIVIDUAL,2,NON-AGGREGATE RECORD,,,,,,,,,,,https://www.usaspending.gov/award/ASST_NON_4272678201_073/,2021-01-06 03:33:53.27803+00
ASST_NON_4291768210_073,4291768210,,SAI EXEMPT,,,,,,2020-08-27,2020,0.00,,,,0.00,0.00,0.00,2020-08-06,2020,,,073,Small Business Administration,7300,Small Business Administration,737010,OFC OF CAPITAL ACCESS,073,Small Business Administration,7300,Small Business Administration,737010,OFC OF CAPITAL ACCESS,,,,,,,GOLDEN ACADEMY,GOLDEN ACADEMY,,,,USA,UNITED STATES,1362 E 41ST ST,,44000,LOS ANGELES,06037,LOS ANGELES,06,CA,CALIFORNIA,90011,,CA-40,CA-37,,,,COUNTY-WIDE,USA,UNITED STATES,CA**037,,06037,LOS ANGELES,06,CALIFORNIA,,CA-40,CA-90,,59.073: PAYCHECK PROTECTION LOAN PROGRAM (PPP),,,08,GUARANTEED/INSURED LOAN (F),TO AID SMALL BUSINESSES IN MAINTAINING WORK FORCE DURING COVID-19 PANDEMIC.,NON,NOT RECOVERY ACT,P,INDIVIDUAL,2,NON-AGGREGATE RECORD,,,,,,,,,,,https://www.usaspending.gov/award/ASST_NON_4291768210_073/,2021-01-06 03:33:53.27803+00
ASST_NON_4292598002_073,4292598002,,SAI EXEMPT,O: Non-emergency P.L. 116-136|Non-emergency P.L. 116-139|Non-emergency P.L. 116-260|Non-emergency P.L. 117-2,1220.64,1220.64,,,2020-08-27,2020,0.00,1220.64,,,0.00,1200.00,1220.64,2020-06-25,2020,,,073,Small Business Administration,7300,Small Business Administration,737010,OFC OF CAPITAL ACCESS,073,Small Business Administration,7300,Small Business Administration,737010,OFC OF CAPITAL ACCESS,073-2020/2021-1154-000,073-1154,"41.0: Grants, subsidies, and contributions",0702: LOAN GUARANTEE SUBSIDY,,,"CHEF JEFF'S KITCHEN, LLC. DBA MR. JS KITCHEN","CHEF JEFF'S KITCHEN, LLC. DBA MR. JS KITCHEN",,,,USA,UNITED STATES,123 S CABRILLO AVE,,68322,SAN PEDRO,06037,LOS ANGELES,06,CA,CALIFORNIA,90731,,CA-44,CA-44,,,,COUNTY-WIDE,USA,UNITED STATES,CA**037,,06037,LOS ANGELES,06,CALIFORNIA,,CA-44,CA-90,,59.073: PAYCHECK PROTECTION LOAN PROGRAM (PPP),,,08,GUARANTEED/INSURED LOAN (F),TO AID SMALL BUSINESSES IN MAINTAINING WORK FORCE DURING COVID-19 PANDEMIC.,NON,NOT RECOVERY ACT,R,SMALL BUSINESS,2,NON-AGGREGATE RECORD,,,,,,,,,,,https://www.usaspending.gov/award/ASST_NON_4292598002_073/,2021-01-06 03:33:53.27803+00
ASST_NON_4297278206_073,4297278206,,SAI EXEMPT,,,,,,2020-08-27,2020,0.00,,,,0.00,0.00,0.00,2020-08-06,2020,,,073,Small Business Administration,7300,Small Business Administration,737010,OFC OF CAPITAL ACCESS,073,Small Business Administration,7300,Small Business Administration,737010,OFC OF CAPITAL ACCESS,,,,,,,ROSIE TRAN,ROSIE TRAN,,,,USA,UNITED STATES,20311 STEVENS CREEK BLVD,STE A,17610,CUPERTINO,06085,SANTA CLARA,06,CA,CALIFORNIA,95014,,CA-17,CA-17,,,,COUNTY-WIDE,USA,UNITED STATES,CA**085,,06085,SANTA CLARA,06,CALIFORNIA,,CA-17,CA-90,,59.073: PAYCHECK PROTECTION LOAN PROGRAM (PPP),,,08,GUARANTEED/INSURED LOAN (F),TO AID SMALL BUSINESSES IN MAINTAINING WORK FORCE DURING COVID-19 PANDEMIC.,NON,NOT RECOVERY ACT,P,INDIVIDUAL,2,NON-AGGREGATE RECORD,,,,,,,,,,,https://www.usaspending.gov/award/ASST_NON_4297278206_073/,2021-01-06 03:33:53.27803+00
ASST_NON_4332228209_073,4332228209,,SAI EXEMPT,,,,,,2020-08-27,2020,0.00,,,,0.00,0.00,0.00,2020-08-06,2020,,,073,Small Business Administration,7300,Small Business Administration,737010,OFC OF CAPITAL ACCESS,073,Small Business Administration,7300,Small Business Administration,737010,OFC OF CAPITAL ACCESS,,,,,,,MONIECE SLAUGHTER,MONIECE SLAUGHTER,,,,USA,UNITED STATES,6520 PLATT AVE,945,,WEST HILLS,06111,VENTURA,06,CA,CALIFORNIA,91307,,CA-30,CA-32,,,,COUNTY-WIDE,USA,UNITED STATES,CA**037,,06037,LOS ANGELES,06,CALIFORNIA,,CA-30,CA-90,,59.073: PAYCHECK PROTECTION LOAN PROGRAM (PPP),,,08,GUARANTEED/INSURED LOAN (F),TO AID SMALL BUSINESSES IN MAINTAINING WORK FORCE DURING COVID-19 PANDEMIC.,NON,NOT RECOVERY ACT,P,INDIVIDUAL,2,NON-AGGREGATE RECORD,,,,,,,,,,,https://www.usaspending.gov/award/ASST_NON_4332228209_073/,2021-01-06 03:33:53.27803+00
ASST_NON_4332338207_073,4332338207,,SAI EXEMPT,,,,,,2020-08-27,2020,0.00,,,,0.00,0.00,0.00,2020-08-06,2020,,,073,Small Business Administration,7300,Small Business Administration,737010,OFC OF CAPITAL ACCESS,073,Small Business Administration,7300,Small Business Administration,737010,OFC OF CAPITAL ACCESS,,,,,,,THE BROADWAY SALON,THE BROADWAY SALON,,,,USA,UNITED STATES,117 N BROADWAY,,69196,SANTA MARIA,06079,SAN LUIS OBISPO,06,CA,CALIFORNIA,93454,,CA-24,CA-24,,,,COUNTY-WIDE,USA,UNITED STATES,CA**083,,06083,SANTA BARBARA,06,CALIFORNIA,,CA-24,CA-24,,59.073: PAYCHECK PROTECTION LOAN PROGRAM (PPP),,,08,GUARANTEED/INSURED LOAN (F),TO AID SMALL BUSINESSES IN MAINTAINING WORK FORCE DURING COVID-19 PANDEMIC.,NON,NOT RECOVERY ACT,P,INDIVIDUAL,2,NON-AGGREGATE RECORD,,,,,,,,,,,https://www.usaspending.gov/award/ASST_NON_4332338207_073/,2021-01-06 03:33:53.27803+00
ASST_NON_4337288204_073,4337288204,,SAI EXEMPT,,,,,,2020-08-27,2020,0.00,,,,0.00,0.00,0.00,2020-08-06,2020,,,073,Small Business Administration,7300,Small Business Administration,737010,OFC OF CAPITAL ACCESS,073,Small Business Administration,7300,Small Business Administration,737010,OFC OF CAPITAL ACCESS,,,,,,,XUYEN NGUYEN,XUYEN NGUYEN,,,,USA,UNITED STATES,14362 BUSHARD STREET,SPC 7,84550,WESTMINSTER,06059,ORANGE,06,CA,CALIFORNIA,92683,,CA-47,CA-45,,,,COUNTY-WIDE,USA,UNITED STATES,CA**059,,06059,ORANGE,06,CALIFORNIA,,CA-47,CA-90,,59.073: PAYCHECK PROTECTION LOAN PROGRAM (PPP),,,08,GUARANTEED/INSURED LOAN (F),TO AID SMALL BUSINESSES IN MAINTAINING WORK FORCE DURING COVID-19 PANDEMIC.,NON,NOT RECOVERY ACT,P,INDIVIDUAL,2,NON-AGGREGATE RECORD,,,,,,,,,,,https://www.usaspending.gov/award/ASST_NON_4337288204_073/,2021-01-06 03:33:53.27803+00
ASST_NON_4409318200_073,4409318200,,SAI EXEMPT,,,,,,2020-08-27,2020,0.00,,,,0.00,0.00,0.00,2020-08-06,2020,,,073,Small Business Administration,7300,Small Business Administration,737010,OFC OF CAPITAL ACCESS,073,Small Business Administration,7300,Small Business Administration,737010,OFC OF CAPITAL ACCESS,,,,,,,ALIYAH PAYNE,ALIYAH PAYNE,,,,USA,UNITED STATES,2801 E AVERY DR,C9,55254,PALM SPRINGS,06065,RIVERSIDE,06,CA,CALIFORNIA,92264,,CA-36,CA-41,,,,COUNTY-WIDE,USA,UNITED STATES,CA**065,,06065,RIVERSIDE,06,CALIFORNIA,,CA-36,CA-90,,59.073: PAYCHECK PROTECTION LOAN PROGRAM (PPP),,,08,GUARANTEED/INSURED LOAN (F),TO AID SMALL BUSINESSES IN MAINTAINING WORK FORCE DURING COVID-19 PANDEMIC.,NON,NOT RECOVERY ACT,P,INDIVIDUAL,2,NON-AGGREGATE RECORD,,,,,,,,,,,https://www.usaspending.gov/award/ASST_NON_4409318200_073/,2021-01-06 03:33:53.27803+00
ASST_NON_4434188200_073,4434188200,,SAI EXEMPT,,,,,,2020-08-27,2020,0.00,,,,0.00,0.00,0.00,2020-08-06,2020,,,073,Small Business Administration,7300,Small Business Administration,737010,OFC OF CAPITAL ACCESS,073,Small Business Administration,7300,Small Business Administration,737010,OFC OF CAPITAL ACCESS,,,,,,,PATRICIA GILLUM,PATRICIA GILLUM,,,,USA,UNITED STATES,11715 KLING STREET,,,VALLEY VILLAGE,06037,LOS ANGELES,06,CA,CALIFORNIA,91607,,CA-30,CA-29,,,,COUNTY-WIDE,USA,UNITED STATES,CA**037,,06037,LOS ANGELES,06,CALIFORNIA,,CA-30,CA-90,,59.073: PAYCHECK PROTECTION LOAN PROGRAM (PPP),,,08,GUARANTEED/INSURED LOAN (F),TO AID SMALL BUSINESSES IN MAINTAINING WORK FORCE DURING COVID-19 PANDEMIC.,NON,NOT RECOVERY ACT,P,INDIVIDUAL,2,NON-AGGREGATE RECORD,,,,,,,,,,,https://www.usaspending.gov/award/ASST_NON_4434188200_073/,2021-01-06 03:33:53.27803+00
ASST_NON_4439258207_073,4439258207,,SAI EXEMPT,,,,,,2020-08-27,2020,0.00,,,,0.00,0.00,0.00,2020-08-06,2020,,,073,Small Business Administration,7300,Small Business Administration,737010,OFC OF CAPITAL ACCESS,073,Small Business Administration,7300,Small Business Administration,737010,OFC OF CAPITAL ACCESS,,,,,,,JENNIFER GOHN,JENNIFER GOHN,,,,USA,UNITED STATES,340 NANCY CIR,,81554,VACAVILLE,06095,SOLANO,06,CA,CALIFORNIA,95687,,CA-03,CA-04,,,,COUNTY-WIDE,USA,UNITED STATES,CA**095,,06095,SOLANO,06,CALIFORNIA,,CA-03,CA-90,,59.073: PAYCHECK PROTECTION LOAN PROGRAM (PPP),,,08,GUARANTEED/INSURED LOAN (F),TO AID SMALL BUSINESSES IN MAINTAINING WORK FORCE DURING COVID-19 PANDEMIC.,NON,NOT RECOVERY ACT,P,INDIVIDUAL,2,NON-AGGREGATE RECORD,,,,,,,,,,,https://www.usaspending.gov/award/ASST_NON_4439258207_073/,2021-01-06 03:33:53.27803+00
ASST_NON_4447768207_073,4447768207,,SAI EXEMPT,,,,,,2020-08-27,2020,0.00,,,,0.00,0.00,0.00,2020-08-06,2020,,,073,Small Business Administration,7300,Small Business Administration,737010,OFC OF CAPITAL ACCESS,073,Small Business Administration,7300,Small Business Administration,737010,OFC OF CAPITAL ACCESS,,,,,,,MONARCH DESIGN INTERNATIONAL INC,MONARCH DESIGN INTERNATIONAL INC,,,,USA,UNITED STATES,4120 DOUGLAS BLVD. STE 306-442,,30693,GRANITE BAY,06061,PLACER,06,CA,CALIFORNIA,95746,,CA-04,CA-03,,,,COUNTY-WIDE,USA,UNITED STATES,CA**061,,06061,PLACER,06,CALIFORNIA,,CA-04,CA-03,,59.073: PAYCHECK PROTECTION LOAN PROGRAM (PPP),,,08,GUARANTEED/INSURED LOAN (F),TO AID SMALL BUSINESSES IN MAINTAINING WORK FORCE DURING COVID-19 PANDEMIC.,NON,NOT RECOVERY ACT,R,SMALL BUSINESS,2,NON-AGGREGATE RECORD,,,,,,,,,,,https://www.usaspending.gov/award/ASST_NON_4447768207_073/,2021-01-06 03:33:53.27803+00
ASST_NON_4453398210_073,4453398210,,SAI EXEMPT,,,,,,2020-08-27,2020,0.00,,,,0.00,0.00,0.00,2020-08-06,2020,,,073,Small Business Administration,7300,Small Business Administration,737010,OFC OF CAPITAL ACCESS,073,Small Business Administration,7300,Small Business Administration,737010,OFC OF CAPITAL ACCESS,,,,,,,SE LEE STUDIO,SE LEE STUDIO,,,,USA,UNITED STATES,328 EAST NEWMAN AVE,,02462,ARCADIA,06037,LOS ANGELES,06,CA,CALIFORNIA,91006,,CA-27,CA-28,,,,COUNTY-WIDE,USA,UNITED STATES,CA**037,,06037,LOS ANGELES,06,CALIFORNIA,,CA-27,CA-90,,59.073: PAYCHECK PROTECTION LOAN PROGRAM (PPP),,,08,GUARANTEED/INSURED LOAN (F),TO AID SMALL BUSINESSES IN MAINTAINING WORK FORCE DURING COVID-19 PANDEMIC.,NON,NOT RECOVERY ACT,P,INDIVIDUAL,2,NON-AGGREGATE RECORD,,,,,,,,,,,https://www.usaspending.gov/award/ASST_NON_4453398210_073/,2021-01-06 03:33:53.27803+00
ASST_NON_4472758206_073,4472758206,,SAI EXEMPT,,,,,,2020-08-27,2020,0.00,,,,0.00,0.00,0.00,2020-08-06,2020,,,073,Small Business Administration,7300,Small Business Administration,737010,OFC OF CAPITAL ACCESS,073,Small Business Administration,7300,Small Business Administration,737010,OFC OF CAPITAL ACCESS,,,,,,,PACIFIC WAVE EVENTS,PACIFIC WAVE EVENTS,,,,USA,UNITED STATES,1048 IRVINE AVENUE,790,51182,NEWPORT BEACH,06059,ORANGE,06,CA,CALIFORNIA,92660,,CA-48,CA-47,,,,COUNTY-WIDE,USA,UNITED STATES,CA**059,,06059,ORANGE,06,CALIFORNIA,,CA-48,CA-90,,59.073: PAYCHECK PROTECTION LOAN PROGRAM (PPP),,,08,GUARANTEED/INSURED LOAN (F),TO AID SMALL BUSINESSES IN MAINTAINING WORK FORCE DURING COVID-19 PANDEMIC.,NON,NOT RECOVERY ACT,P,INDIVIDUAL,2,NON-AGGREGATE RECORD,,,,,,,,,,,https://www.usaspending.gov/award/ASST_NON_4472758206_073/,2021-01-06 03:33:53.27803+00
ASST_NON_4473318205_073,4473318205,,SAI EXEMPT,,,,,,2020-08-27,2020,0.00,,,,0.00,0.00,0.00,2020-08-06,2020,,,073,Small Business Administration,7300,Small Business Administration,737010,OFC OF CAPITAL ACCESS,073,Small Business Administration,7300,Small Business Administration,737010,OFC OF CAPITAL ACCESS,,,,,,,BEN BACAL ESTATES INC.,BEN BACAL ESTATES INC.,,,,USA,UNITED STATES,16133 VENTURA BLVD,520,22692,ENCINO,06037,LOS ANGELES,06,CA,CALIFORNIA,91436,,CA-30,CA-32,,,,COUNTY-WIDE,USA,UNITED STATES,CA**037,,06037,LOS ANGELES,06,CALIFORNIA,,CA-30,CA-90,,59.073: PAYCHECK PROTECTION LOAN PROGRAM (PPP),,,08,GUARANTEED/INSURED LOAN (F),TO AID SMALL BUSINESSES IN MAINTAINING WORK FORCE DURING COVID-19 PANDEMIC.,NON,NOT RECOVERY ACT,R,SMALL BUSINESS,2,NON-AGGREGATE RECORD,,,,,,,,,,,https://www.usaspending.gov/award/ASST_NON_4473318205_073/,2021-01-06 03:33:53.27803+00
ASST_NON_4473458201_073,4473458201,,SAI EXEMPT,,,,,,2020-08-27,2020,0.00,,,,0.00,0.00,0.00,2020-08-06,2020,,,073,Small Business Administration,7300,Small Business Administration,737010,OFC OF CAPITAL ACCESS,073,Small Business Administration,7300,Small Business Administration,737010,OFC OF CAPITAL ACCESS,,,,,,,FRANCISCO J CUADRA TRANSPORT LLC,FRANCISCO J CUADRA TRANSPORT LLC,,,,USA,UNITED STATES,1217 S. EIGHTH ST,A,00884,ALHAMBRA,06037,LOS ANGELES,06,CA,CALIFORNIA,91801,,CA-27,CA-28,,,,COUNTY-WIDE,USA,UNITED STATES,CA**037,,06037,LOS ANGELES,06,CALIFORNIA,,CA-27,CA-90,,59.073: PAYCHECK PROTECTION LOAN PROGRAM (PPP),,,08,GUARANTEED/INSURED LOAN (F),TO AID SMALL BUSINESSES IN MAINTAINING WORK FORCE DURING COVID-19 PANDEMIC.,NON,NOT RECOVERY ACT,P,INDIVIDUAL,2,NON-AGGREGATE RECORD,,,,,,,,,,,https://www.usaspending.gov/award/ASST_NON_4473458201_073/,2021-01-06 03:33:53.27803+00
ASST_NON_4474068204_073,4474068204,,SAI EXEMPT,,,,,,2020-08-27,2020,0.00,,,,0.00,0.00,0.00,2020-08-06,2020,,,073,Small Business Administration,7300,Small Business Administration,737010,OFC OF CAPITAL ACCESS,073,Small Business Administration,7300,Small Business Administration,737010,OFC OF CAPITAL ACCESS,,,,,,,TONY NAILS,TONY NAILS,,,,USA,UNITED STATES,5828 INTERNATIONAL BLVD,,53000,OAKLAND,06001,ALAMEDA,06,CA,CALIFORNIA,94621,,CA-13,CA-12,,,,COUNTY-WIDE,USA,UNITED STATES,CA**001,,06001,ALAMEDA,06,CALIFORNIA,,CA-13,CA-90,,59.073: PAYCHECK PROTECTION LOAN PROGRAM (PPP),,,08,GUARANTEED/INSURED LOAN (F),TO AID SMALL BUSINESSES IN MAINTAINING WORK FORCE DURING COVID-19 PANDEMIC.,NON,NOT RECOVERY ACT,P,INDIVIDUAL,2,NON-AGGREGATE RECORD,,,,,,,,,,,https://www.usaspending.gov/award/ASST_NON_4474068204_073/,2021-01-06 03:33:53.27803+00
ASST_NON_4474708206_073,4474708206,,SAI EXEMPT,,,,,,2020-08-27,2020,0.00,,,,0.00,0.00,0.00,2020-08-06,2020,,,073,Small Business Administration,7300,Small Business Administration,737010,OFC OF CAPITAL ACCESS,073,Small Business Administration,7300,Small Business Administration,737010,OFC OF CAPITAL ACCESS,,,,,,,JASON CHEN,JASON CHEN,,,,USA,UNITED STATES,111 WALNUT GROVE AVENUE,SUITE 202,67042,SAN GABRIEL,06037,LOS ANGELES,06,CA,CALIFORNIA,91776,,CA-27,CA-28,,,,COUNTY-WIDE,USA,UNITED STATES,CA**037,,06037,LOS ANGELES,06,CALIFORNIA,,CA-27,CA-90,,59.073: PAYCHECK PROTECTION LOAN PROGRAM (PPP),,,08,GUARANTEED/INSURED LOAN (F),TO AID SMALL BUSINESSES IN MAINTAINING WORK FORCE DURING COVID-19 PANDEMIC.,NON,NOT RECOVERY ACT,P,INDIVIDUAL,2,NON-AGGREGATE RECORD,,,,,,,,,,,https://www.usaspending.gov/award/ASST_NON_4474708206_073/,2021-01-06 03:33:53.27803+00
ASST_NON_4475318209_073,4475318209,,SAI EXEMPT,,,,,,2020-08-27,2020,0.00,,,,0.00,0.00,0.00,2020-08-06,2020,,,073,Small Business Administration,7300,Small Business Administration,737010,OFC OF CAPITAL ACCESS,073,Small Business Administration,7300,Small Business Administration,737010,OFC OF CAPITAL ACCESS,,,,,,,JESSICA'S RAMBLINGS,JESSICA'S RAMBLINGS,,,,USA,UNITED STATES,255 E BRADLEY AVE,,21712,EL CAJON,06073,SAN DIEGO,06,CA,CALIFORNIA,92021,,CA-50,CA-90,,,,COUNTY-WIDE,USA,UNITED STATES,CA**073,,06073,SAN DIEGO,06,CALIFORNIA,,CA-50,CA-90,,59.073: PAYCHECK PROTECTION LOAN PROGRAM (PPP),,,08,GUARANTEED/INSURED LOAN (F),TO AID SMALL BUSINESSES IN MAINTAINING WORK FORCE DURING COVID-19 PANDEMIC.,NON,NOT RECOVERY ACT,P,INDIVIDUAL,2,NON-AGGREGATE RECORD,,,,,,,,,,,https://www.usaspending.gov/award/ASST_NON_4475318209_073/,2021-01-06 03:33:53.27803+00
ASST_NON_4475368202_073,4475368202,,SAI EXEMPT,,,,,,2020-08-27,2020,0.00,,,,0.00,0.00,0.00,2020-08-06,2020,,,073,Small Business Administration,7300,Small Business Administration,737010,OFC OF CAPITAL ACCESS,073,Small Business Administration,7300,Small Business Administration,737010,OFC OF CAPITAL ACCESS,,,,,,,INNOVATIVE REAL ESTATE INVESTMENTS LLC,INNOVATIVE REAL ESTATE INVESTMENTS LLC,,,,USA,UNITED STATES,8736 CALIFORNIA CITY BLVD,,09780,CALIFORNIA CITY,06029,KERN,06,CA,CALIFORNIA,93505,,CA-23,CA-23,,,,COUNTY-WIDE,USA,UNITED STATES,CA**029,,06029,KERN,06,CALIFORNIA,,CA-23,CA-90,,59.073: PAYCHECK PROTECTION LOAN PROGRAM (PPP),,,08,GUARANTEED/INSURED LOAN (F),TO AID SMALL BUSINESSES IN MAINTAINING WORK FORCE DURING COVID-19 PANDEMIC.,NON,NOT RECOVERY ACT,R,SMALL BUSINESS,2,NON-AGGREGATE RECORD,,,,,,,,,,,https://www.usaspending.gov/award/ASST_NON_4475368202_073/,2021-01-06 03:33:53.27803+00
ASST_NON_4476528204_073,4476528204,,SAI EXEMPT,,,,,,2020-08-27,2020,0.00,,,,0.00,0.00,0.00,2020-08-06,2020,,,073,Small Business Administration,7300,Small Business Administration,737010,OFC OF CAPITAL ACCESS,073,Small Business Administration,7300,Small Business Administration,737010,OFC OF CAPITAL ACCESS,,,,,,,JOHNJAY CHON,JOHNJAY CHON,,,,USA,UNITED STATES,6791 SOLTERRA VISTA PKWY,,66000,SAN DIEGO,06073,SAN DIEGO,06,CA,CALIFORNIA,92130,,CA-52,CA-50,,,,COUNTY-WIDE,USA,UNITED STATES,CA**073,,06073,SAN DIEGO,06,CALIFORNIA,,CA-52,CA-90,,59.073: PAYCHECK PROTECTION LOAN PROGRAM (PPP),,,08,GUARANTEED/INSURED LOAN (F),TO AID SMALL BUSINESSES IN MAINTAINING WORK FORCE DURING COVID-19 PANDEMIC.,NON,NOT RECOVERY ACT,P,INDIVIDUAL,2,NON-AGGREGATE RECORD,,,,,,,,,,,https://www.usaspending.gov/award/ASST_NON_4476528204_073/,2021-01-06 03:33:53.27803+00
ASST_NON_4477288206_073,4477288206,,SAI EXEMPT,,,,,,2020-08-27,2020,0.00,,,,0.00,0.00,0.00,2020-08-06,2020,,,073,Small Business Administration,7300,Small Business Administration,737010,OFC OF CAPITAL ACCESS,073,Small Business Administration,7300,Small Business Administration,737010,OFC OF CAPITAL ACCESS,,,,,,,ANDREW ANH LE,ANDREW ANH LE,,,,USA,UNITED STATES,5221 A STOCKDALE HWY,STE A,03526,BAKERSFIELD,06029,KERN,06,CA,CALIFORNIA,93309,,CA-23,CA-90,,,,COUNTY-WIDE,USA,UNITED STATES,CA**029,,06029,KERN,06,CALIFORNIA,,CA-23,CA-90,,59.073: PAYCHECK PROTECTION LOAN PROGRAM (PPP),,,08,GUARANTEED/INSURED LOAN (F),TO AID SMALL BUSINESSES IN MAINTAINING WORK FORCE DURING COVID-19 PANDEMIC.,NON,NOT RECOVERY ACT,P,INDIVIDUAL,2,NON-AGGREGATE RECORD,,,,,,,,,,,https://www.usaspending.gov/award/ASST_NON_4477288206_073/,2021-01-06 03:33:53.27803+00
ASST_NON_4477418208_073,4477418208,,SAI EXEMPT,,,,,,2020-08-27,2020,0.00,,,,0.00,0.00,0.00,2020-08-06,2020,,,073,Small Business Administration,7300,Small Business Administration,737010,OFC OF CAPITAL ACCESS,073,Small Business Administration,7300,Small Business Administration,737010,OFC OF CAPITAL ACCESS,,,,,,,"JRB PROPERTIES, INC","JRB PROPERTIES, INC",,,,USA,UNITED STATES,6840 WATERCOURSE DRIVE,,11194,CARLSBAD,06073,SAN DIEGO,06,CA,CALIFORNIA,92011,,CA-49,CA-49,,,,COUNTY-WIDE,USA,UNITED STATES,CA**073,,06073,SAN DIEGO,06,CALIFORNIA,,CA-49,CA-90,,59.073: PAYCHECK PROTECTION LOAN PROGRAM (PPP),,,08,GUARANTEED/INSURED LOAN (F),TO AID SMALL BUSINESSES IN MAINTAINING WORK FORCE DURING COVID-19 PANDEMIC.,NON,NOT RECOVERY ACT,R,SMALL BUSINESS,2,NON-AGGREGATE RECORD,,,,,,,,,,,https://www.usaspending.gov/award/ASST_NON_4477418208_073/,2021-01-06 03:33:53.27803+00
ASST_NON_4477888209_073,4477888209,,SAI EXEMPT,,,,,,2020-08-27,2020,0.00,,,,0.00,0.00,0.00,2020-08-06,2020,,,073,Small Business Administration,7300,Small Business Administration,737010,OFC OF CAPITAL ACCESS,073,Small Business Administration,7300,Small Business Administration,737010,OFC OF CAPITAL ACCESS,,,,,,,AMANDA ABRAHAM,AMANDA ABRAHAM,,,,USA,UNITED STATES,578 W WASHINGTON BLVD,109,45806,MARINA DEL REY,06037,LOS ANGELES,06,CA,CALIFORNIA,90292,,CA-33,CA-36,,,,COUNTY-WIDE,USA,UNITED STATES,CA**037,,06037,LOS ANGELES,06,CALIFORNIA,,CA-33,CA-90,,59.073: PAYCHECK PROTECTION LOAN PROGRAM (PPP),,,08,GUARANTEED/INSURED LOAN (F),TO AID SMALL BUSINESSES IN MAINTAINING WORK FORCE DURING COVID-19 PANDEMIC.,NON,NOT RECOVERY ACT,P,INDIVIDUAL,2,NON-AGGREGATE RECORD,,,,,,,,,,,https://www.usaspending.gov/award/ASST_NON_4477888209_073/,2021-01-06 03:33:53.27803+00
ASST_NON_4477928208_073,4477928208,,SAI EXEMPT,,,,,,2020-08-27,2020,0.00,,,,0.00,0.00,0.00,2020-08-06,2020,,,073,Small Business Administration,7300,Small Business Administration,737010,OFC OF CAPITAL ACCESS,073,Small Business Administration,7300,Small Business Administration,737010,OFC OF CAPITAL ACCESS,,,,,,,E & K TRANSPORT LLC,E & K TRANSPORT LLC,,,,USA,UNITED STATES,6527 SHIRLEY AVE,3,60340,RESEDA,06037,LOS ANGELES,06,CA,CALIFORNIA,91335,,CA-30,CA-90,,,,COUNTY-WIDE,USA,UNITED STATES,CA**037,,06037,LOS ANGELES,06,CALIFORNIA,,CA-30,CA-90,,59.073: PAYCHECK PROTECTION LOAN PROGRAM (PPP),,,08,GUARANTEED/INSURED LOAN (F),TO AID SMALL BUSINESSES IN MAINTAINING WORK FORCE DURING COVID-19 PANDEMIC.,NON,NOT RECOVERY ACT,P,INDIVIDUAL,2,NON-AGGREGATE RECORD,,,,,,,,,,,https://www.usaspending.gov/award/ASST_NON_4477928208_073/,2021-01-06 03:33:53.27803+00
ASST_NON_4478038203_073,4478038203,,SAI EXEMPT,,,,,,2020-08-27,2020,0.00,,,,0.00,0.00,0.00,2020-08-06,2020,,,073,Small Business Administration,7300,Small Business Administration,737010,OFC OF CAPITAL ACCESS,073,Small Business Administration,7300,Small Business Administration,737010,OFC OF CAPITAL ACCESS,,,,,,,APRIL LOGAN,APRIL LOGAN,,,,USA,UNITED STATES,9475 S HARVARD BLVD,,44000,LOS ANGELES,06037,LOS ANGELES,06,CA,CALIFORNIA,90047,,CA-43,CA-37,,,,COUNTY-WIDE,USA,UNITED STATES,CA**037,,06037,LOS ANGELES,06,CALIFORNIA,,CA-43,CA-90,,59.073: PAYCHECK PROTECTION LOAN PROGRAM (PPP),,,08,GUARANTEED/INSURED LOAN (F),TO AID SMALL BUSINESSES IN MAINTAINING WORK FORCE DURING COVID-19 PANDEMIC.,NON,NOT RECOVERY ACT,P,INDIVIDUAL,2,NON-AGGREGATE RECORD,,,,,,,,,,,https://www.usaspending.gov/award/ASST_NON_4478038203_073/,2021-01-06 03:33:53.27803+00
ASST_NON_4478098210_073,4478098210,,SAI EXEMPT,,,,,,2020-08-27,2020,0.00,,,,0.00,0.00,0.00,2020-08-06,2020,,,073,Small Business Administration,7300,Small Business Administration,737010,OFC OF CAPITAL ACCESS,073,Small Business Administration,7300,Small Business Administration,737010,OFC OF CAPITAL ACCESS,,,,,,,NUESTROS HIJOS CATERING,NUESTROS HIJOS CATERING,,,,USA,UNITED STATES,13580 PANORAMA CIR,,33434,HESPERIA,06071,SAN BERNARDINO,06,CA,CALIFORNIA,92344,,CA-08,CA-23,,,,COUNTY-WIDE,USA,UNITED STATES,CA**071,,06071,SAN BERNARDINO,06,CALIFORNIA,,CA-08,CA-90,,59.073: PAYCHECK PROTECTION LOAN PROGRAM (PPP),,,08,GUARANTEED/INSURED LOAN (F),TO AID SMALL BUSINESSES IN MAINTAINING WORK FORCE DURING COVID-19 PANDEMIC.,NON,NOT RECOVERY ACT,P,INDIVIDUAL,2,NON-AGGREGATE RECORD,,,,,,,,,,,https://www.usaspending.gov/award/ASST_NON_4478098210_073/,2021-01-06 03:33:53.27803+00
ASST_NON_4478328207_073,4478328207,,SAI EXEMPT,,,,,,2020-08-27,2020,0.00,,,,0.00,0.00,0.00,2020-08-06,2020,,,073,Small Business Administration,7300,Small Business Administration,737010,OFC OF CAPITAL ACCESS,073,Small Business Administration,7300,Small Business Administration,737010,OFC OF CAPITAL ACCESS,,,,,,,CONSULTING,CONSULTING,,,,USA,UNITED STATES,6300 SHOUP AVE,1,86356,WOODLAND HILLS,06037,LOS ANGELES,06,CA,CALIFORNIA,91367,,CA-30,CA-32,,,,COUNTY-WIDE,USA,UNITED STATES,CA**037,,06037,LOS ANGELES,06,CALIFORNIA,,CA-30,CA-90,,59.073: PAYCHECK PROTECTION LOAN PROGRAM (PPP),,,08,GUARANTEED/INSURED LOAN (F),TO AID SMALL BUSINESSES IN MAINTAINING WORK FORCE DURING COVID-19 PANDEMIC.,NON,NOT RECOVERY ACT,P,INDIVIDUAL,2,NON-AGGREGATE RECORD,,,,,,,,,,,https://www.usaspending.gov/award/ASST_NON_4478328207_073/,2021-01-06 03:33:53.27803+00
ASST_NON_4478348202_073,4478348202,,SAI EXEMPT,,,,,,2020-08-27,2020,0.00,,,,0.00,0.00,0.00,2020-08-06,2020,,,073,Small Business Administration,7300,Small Business Administration,737010,OFC OF CAPITAL ACCESS,073,Small Business Administration,7300,Small Business Administration,737010,OFC OF CAPITAL ACCESS,,,,,,,JONES INC,JONES INC,,,,USA,UNITED STATES,536 CASHEW PL,,08142,BRENTWOOD,06013,CONTRA COSTA,06,CA,CALIFORNIA,94513,,CA-09,CA-10,,,,COUNTY-WIDE,USA,UNITED STATES,CA**013,,06013,CONTRA COSTA,06,CALIFORNIA,,CA-09,CA-90,,59.073: PAYCHECK PROTECTION LOAN PROGRAM (PPP),,,08,GUARANTEED/INSURED LOAN (F),TO AID SMALL BUSINESSES IN MAINTAINING WORK FORCE DURING COVID-19 PANDEMIC.,NON,NOT RECOVERY ACT,P,INDIVIDUAL,2,NON-AGGREGATE RECORD,,,,,,,,,,,https://www.usaspending.gov/award/ASST_NON_4478348202_073/,2021-01-06 03:33:53.27803+00
ASST_NON_4488248200_073,4488248200,,SAI EXEMPT,,,,,,2020-08-27,2020,0.00,,,,0.00,0.00,0.00,2020-08-06,2020,,,073,Small Business Administration,7300,Small Business Administration,737010,OFC OF CAPITAL ACCESS,073,Small Business Administration,7300,Small Business Administration,737010,OFC OF CAPITAL ACCESS,,,,,,,WAT PO THAI SPA,WAT PO THAI SPA,,,,USA,UNITED STATES,848 N LA CIENEGA BLVD,SUITE 201,84410,WEST HOLLYWOOD,06037,LOS ANGELES,06,CA,CALIFORNIA,90069,,CA-28,CA-90,,,,COUNTY-WIDE,USA,UNITED STATES,CA**037,,06037,LOS ANGELES,06,CALIFORNIA,,CA-28,CA-90,,59.073: PAYCHECK PROTECTION LOAN PROGRAM (PPP),,,08,GUARANTEED/INSURED LOAN (F),TO AID SMALL BUSINESSES IN MAINTAINING WORK FORCE DURING COVID-19 PANDEMIC.,NON,NOT RECOVERY ACT,P,INDIVIDUAL,2,NON-AGGREGATE RECORD,,,,,,,,,,,https://www.usaspending.gov/award/ASST_NON_4488248200_073/,2021-01-06 03:33:53.27803+00
ASST_NON_4527108208_073,4527108208,,SAI EXEMPT,,,,,,2020-08-27,2020,0.00,,,,0.00,0.00,0.00,2020-08-06,2020,,,073,Small Business Administration,7300,Small Business Administration,737010,OFC OF CAPITAL ACCESS,073,Small Business Administration,7300,Small Business Administration,737010,OFC OF CAPITAL ACCESS,,,,,,,GLOBE,GLOBE,,,,USA,UNITED STATES,188 KING STREET,,67000,SAN FRANCISCO,06075,SAN FRANCISCO,06,CA,CALIFORNIA,94107,,CA-12,CA-11,,,,COUNTY-WIDE,USA,UNITED STATES,CA**075,,06075,SAN FRANCISCO,06,CALIFORNIA,,CA-12,CA-90,,59.073: PAYCHECK PROTECTION LOAN PROGRAM (PPP),,,08,GUARANTEED/INSURED LOAN (F),TO AID SMALL BUSINESSES IN MAINTAINING WORK FORCE DURING COVID-19 PANDEMIC.,NON,NOT RECOVERY ACT,R,SMALL BUSINESS,2,NON-AGGREGATE RECORD,,,,,,,,,,,https://www.usaspending.gov/award/ASST_NON_4527108208_073/,2021-01-06 03:33:53.27803+00
ASST_NON_4529868206_073,4529868206,,SAI EXEMPT,,,,,,2020-08-27,2020,0.00,,,,0.00,0.00,0.00,2020-08-06,2020,,,073,Small Business Administration,7300,Small Business Administration,737010,OFC OF CAPITAL ACCESS,073,Small Business Administration,7300,Small Business Administration,737010,OFC OF CAPITAL ACCESS,,,,,,,DANELLA LAW,DANELLA LAW,,,,USA,UNITED STATES,52 MORSE LANE,,60102,REDWOOD CITY,06081,SAN MATEO,06,CA,CALIFORNIA,94062,,CA-14,CA-90,,,,COUNTY-WIDE,USA,UNITED STATES,CA**081,,06081,SAN MATEO,06,CALIFORNIA,,CA-14,CA-90,,59.073: PAYCHECK PROTECTION LOAN PROGRAM (PPP),,,08,GUARANTEED/INSURED LOAN (F),TO AID SMALL BUSINESSES IN MAINTAINING WORK FORCE DURING COVID-19 PANDEMIC.,NON,NOT RECOVERY ACT,P,INDIVIDUAL,2,NON-AGGREGATE RECORD,,,,,,,,,,,https://www.usaspending.gov/award/ASST_NON_4529868206_073/,2021-01-06 03:33:53.27803+00
ASST_NON_4530968209_073,4530968209,,SAI EXEMPT,,,,,,2020-08-27,2020,0.00,,,,0.00,0.00,0.00,2020-08-06,2020,,,073,Small Business Administration,7300,Small Business Administration,737010,OFC OF CAPITAL ACCESS,073,Small Business Administration,7300,Small Business Administration,737010,OFC OF CAPITAL ACCESS,,,,,,,"JENNIFER R MULBERG, REALTOR","JENNIFER R MULBERG, REALTOR",,,,USA,UNITED STATES,1045 6TH STREET,STE D,70000,SANTA MONICA,06037,LOS ANGELES,06,CA,CALIFORNIA,90403,,CA-33,CA-36,,,,COUNTY-WIDE,USA,UNITED STATES,CA**037,,06037,LOS ANGELES,06,CALIFORNIA,,CA-33,CA-90,,59.073: PAYCHECK PROTECTION LOAN PROGRAM (PPP),,,08,GUARANTEED/INSURED LOAN (F),TO AID SMALL BUSINESSES IN MAINTAINING WORK FORCE DURING COVID-19 PANDEMIC.,NON,NOT RECOVERY ACT,P,INDIVIDUAL,2,NON-AGGREGATE RECORD,,,,,,,,,,,https://www.usaspending.gov/award/ASST_NON_4530968209_073/,2021-01-06 03:33:53.27803+00
ASST_NON_4586398203_073,4586398203,,SAI EXEMPT,,,,,,2020-08-27,2020,0.00,,,,0.00,0.00,0.00,2020-08-06,2020,,,073,Small Business Administration,7300,Small Business Administration,737010,OFC OF CAPITAL ACCESS,073,Small Business Administration,7300,Small Business Administration,737010,OFC OF CAPITAL ACCESS,,,,,,,ARTURO CONFORTE,ARTURO CONFORTE,,,,USA,UNITED STATES,1351 N SAN DIEGO AVE,,53896,ONTARIO,06071,SAN BERNARDINO,06,CA,CALIFORNIA,91764,,CA-35,CA-35,,,,COUNTY-WIDE,USA,UNITED STATES,CA**071,,06071,SAN BERNARDINO,06,CALIFORNIA,,CA-35,CA-90,,59.073: PAYCHECK PROTECTION LOAN PROGRAM (PPP),,,08,GUARANTEED/INSURED LOAN (F),TO AID SMALL BUSINESSES IN MAINTAINING WORK FORCE DURING COVID-19 PANDEMIC.,NON,NOT RECOVERY ACT,P,INDIVIDUAL,2,NON-AGGREGATE RECORD,,,,,,,,,,,https://www.usaspending.gov/award/ASST_NON_4586398203_073/,2021-01-06 03:33:53.27803+00
ASST_NON_4605158208_073,4605158208,,SAI EXEMPT,,,,,,2020-08-27,2020,0.00,,,,0.00,0.00,0.00,2020-08-06,2020,,,073,Small Business Administration,7300,Small Business Administration,737010,OFC OF CAPITAL ACCESS,073,Small Business Administration,7300,Small Business Administration,737010,OFC OF CAPITAL ACCESS,,,,,,,NIKKEL SOLUTIONS INC,NIKKEL SOLUTIONS INC,,,,USA,UNITED STATES,26013 VALLEY WEST CT,,51070,NEWHALL,06037,LOS ANGELES,06,CA,CALIFORNIA,91321,,CA-25,CA-27,,,,COUNTY-WIDE,USA,UNITED STATES,CA**037,,06037,LOS ANGELES,06,CALIFORNIA,,CA-25,CA-90,,59.073: PAYCHECK PROTECTION LOAN PROGRAM (PPP),,,08,GUARANTEED/INSURED LOAN (F),TO AID SMALL BUSINESSES IN MAINTAINING WORK FORCE DURING COVID-19 PANDEMIC.,NON,NOT RECOVERY ACT,R,SMALL BUSINESS,2,NON-AGGREGATE RECORD,,,,,,,,,,,https://www.usaspending.gov/award/ASST_NON_4605158208_073/,2021-01-06 03:33:53.27803+00
ASST_NON_4620278207_073,4620278207,,SAI EXEMPT,,,,,,2020-08-27,2020,0.00,,,,0.00,0.00,0.00,2020-08-06,2020,,,073,Small Business Administration,7300,Small Business Administration,737010,OFC OF CAPITAL ACCESS,073,Small Business Administration,7300,Small Business Administration,737010,OFC OF CAPITAL ACCESS,,,,,,,AMANDA MARIE ESPY,AMANDA MARIE ESPY,,,,USA,UNITED STATES,185 PIER AVE,,70000,SANTA MONICA,06037,LOS ANGELES,06,CA,CALIFORNIA,90405,,CA-33,CA-36,,,,COUNTY-WIDE,USA,UNITED STATES,CA**037,,06037,LOS ANGELES,06,CALIFORNIA,,CA-33,CA-90,,59.073: PAYCHECK PROTECTION LOAN PROGRAM (PPP),,,08,GUARANTEED/INSURED LOAN (F),TO AID SMALL BUSINESSES IN MAINTAINING WORK FORCE DURING COVID-19 PANDEMIC.,NON,NOT RECOVERY ACT,P,INDIVIDUAL,2,NON-AGGREGATE RECORD,,,,,,,,,,,https://www.usaspending.gov/award/ASST_NON_4620278207_073/,2021-01-06 03:33:53.27803+00
ASST_NON_4659638205_073,4659638205,,SAI EXEMPT,,,,,,2020-08-27,2020,0.00,,,,0.00,0.00,0.00,2020-08-06,2020,,,073,Small Business Administration,7300,Small Business Administration,737010,OFC OF CAPITAL ACCESS,073,Small Business Administration,7300,Small Business Administration,737010,OFC OF CAPITAL ACCESS,,,,,,,JONATHAN MARLER,JONATHAN MARLER,,,,USA,UNITED STATES,4 20TH AVE,202,82198,VENICE,06037,LOS ANGELES,06,CA,CALIFORNIA,90291,,CA-33,CA-36,,,,COUNTY-WIDE,USA,UNITED STATES,CA**037,,06037,LOS ANGELES,06,CALIFORNIA,,CA-33,CA-90,,59.073: PAYCHECK PROTECTION LOAN PROGRAM (PPP),,,08,GUARANTEED/INSURED LOAN (F),TO AID SMALL BUSINESSES IN MAINTAINING WORK FORCE DURING COVID-19 PANDEMIC.,NON,NOT RECOVERY ACT,P,INDIVIDUAL,2,NON-AGGREGATE RECORD,,,,,,,,,,,https://www.usaspending.gov/award/ASST_NON_4659638205_073/,2021-01-06 03:33:53.27803+00
ASST_NON_4661598205_073,4661598205,,SAI EXEMPT,,,,,,2020-08-27,2020,0.00,,,,0.00,0.00,0.00,2020-08-06,2020,,,073,Small Business Administration,7300,Small Business Administration,737010,OFC OF CAPITAL ACCESS,073,Small Business Administration,7300,Small Business Administration,737010,OFC OF CAPITAL ACCESS,,,,,,,GONZALEZ MANAGEMENT SERVICES,GONZALEZ MANAGEMENT SERVICES,,,,USA,UNITED STATES,385 S MANCHESTER AVE APT 4066,,53980,ORANGE,06059,ORANGE,06,CA,CALIFORNIA,92868,,CA-46,CA-46,,,,COUNTY-WIDE,USA,UNITED STATES,CA**059,,06059,ORANGE,06,CALIFORNIA,,CA-46,CA-90,,59.073: PAYCHECK PROTECTION LOAN PROGRAM (PPP),,,08,GUARANTEED/INSURED LOAN (F),TO AID SMALL BUSINESSES IN MAINTAINING WORK FORCE DURING COVID-19 PANDEMIC.,NON,NOT RECOVERY ACT,P,INDIVIDUAL,2,NON-AGGREGATE RECORD,,,,,,,,,,,https://www.usaspending.gov/award/ASST_NON_4661598205_073/,2021-01-06 03:33:53.27803+00
ASST_NON_4663058200_073,4663058200,,SAI EXEMPT,,,,,,2020-08-27,2020,0.00,,,,0.00,0.00,0.00,2020-08-06,2020,,,073,Small Business Administration,7300,Small Business Administration,737010,OFC OF CAPITAL ACCESS,073,Small Business Administration,7300,Small Business Administration,737010,OFC OF CAPITAL ACCESS,,,,,,,"MICHAEL L. WACH, DPM PODIATRY","MICHAEL L. WACH, DPM PODIATRY",,,,USA,UNITED STATES,604 E HOBSONWAY,,07218,BLYTHE,06025,IMPERIAL,06,CA,CALIFORNIA,92225,,CA-36,CA-25,,,,COUNTY-WIDE,USA,UNITED STATES,CA**065,,06065,RIVERSIDE,06,CALIFORNIA,,CA-36,CA-90,,59.073: PAYCHECK PROTECTION LOAN PROGRAM (PPP),,,08,GUARANTEED/INSURED LOAN (F),TO AID SMALL BUSINESSES IN MAINTAINING WORK FORCE DURING COVID-19 PANDEMIC.,NON,NOT RECOVERY ACT,R,SMALL BUSINESS,2,NON-AGGREGATE RECORD,,,,,,,,,,,https://www.usaspending.gov/award/ASST_NON_4663058200_073/,2021-01-06 03:33:53.27803+00
ASST_NON_4705158205_073,4705158205,,SAI EXEMPT,,,,,,2020-08-27,2020,0.00,,,,0.00,0.00,0.00,2020-08-06,2020,,,073,Small Business Administration,7300,Small Business Administration,737010,OFC OF CAPITAL ACCESS,073,Small Business Administration,7300,Small Business Administration,737010,OFC OF CAPITAL ACCESS,,,,,,,"SARAH MARIE CENTENO, MD","SARAH MARIE CENTENO, MD",,,,USA,UNITED STATES,11 RANCHERIA ROAD,,30952,GREENBRAE,06041,MARIN,06,CA,CALIFORNIA,94904,,CA-02,CA-02,,,,COUNTY-WIDE,USA,UNITED STATES,CA**041,,06041,MARIN,06,CALIFORNIA,,CA-02,CA-02,,59.073: PAYCHECK PROTECTION LOAN PROGRAM (PPP),,,08,GUARANTEED/INSURED LOAN (F),TO AID SMALL BUSINESSES IN MAINTAINING WORK FORCE DURING COVID-19 PANDEMIC.,NON,NOT RECOVERY ACT,P,INDIVIDUAL,2,NON-AGGREGATE RECORD,,,,,,,,,,,https://www.usaspending.gov/award/ASST_NON_4705158205_073/,2021-01-06 03:33:53.27803+00
ASST_NON_4706058201_073,4706058201,,SAI EXEMPT,,,,,,2020-08-27,2020,0.00,,,,0.00,0.00,0.00,2020-08-06,2020,,,073,Small Business Administration,7300,Small Business Administration,737010,OFC OF CAPITAL ACCESS,073,Small Business Administration,7300,Small Business Administration,737010,OFC OF CAPITAL ACCESS,,,,,,,MARK'S MOBILE LOCKSMITH LCO 4845,MARK'S MOBILE LOCKSMITH LCO 4845,,,,USA,UNITED STATES,10151 REESE CIRCLE STE A,,64224,SALINAS,06053,MONTEREY,06,CA,CALIFORNIA,93907,,CA-20,CA-90,,,,COUNTY-WIDE,USA,UNITED STATES,CA**053,,06053,MONTEREY,06,CALIFORNIA,,CA-20,CA-90,,59.073: PAYCHECK PROTECTION LOAN PROGRAM (PPP),,,08,GUARANTEED/INSURED LOAN (F),TO AID SMALL BUSINESSES IN MAINTAINING WORK FORCE DURING COVID-19 PANDEMIC.,NON,NOT RECOVERY ACT,P,INDIVIDUAL,2,NON-AGGREGATE RECORD,,,,,,,,,,,https://www.usaspending.gov/award/ASST_NON_4706058201_073/,2021-01-06 03:33:53.27803+00
ASST_NON_4710148207_073,4710148207,,SAI EXEMPT,,,,,,2020-08-27,2020,0.00,,,,0.00,0.00,0.00,2020-08-06,2020,,,073,Small Business Administration,7300,Small Business Administration,737010,OFC OF CAPITAL ACCESS,073,Small Business Administration,7300,Small Business Administration,737010,OFC OF CAPITAL ACCESS,,,,,,,ROBINSON INC,ROBINSON INC,,,,USA,UNITED STATES,5111 CARRIAGE WAY,,02252,ANTIOCH,06013,CONTRA COSTA,06,CA,CALIFORNIA,94531,,CA-09,CA-10,,,,COUNTY-WIDE,USA,UNITED STATES,CA**013,,06013,CONTRA COSTA,06,CALIFORNIA,,CA-09,CA-90,,59.073: PAYCHECK PROTECTION LOAN PROGRAM (PPP),,,08,GUARANTEED/INSURED LOAN (F),TO AID SMALL BUSINESSES IN MAINTAINING WORK FORCE DURING COVID-19 PANDEMIC.,NON,NOT RECOVERY ACT,P,INDIVIDUAL,2,NON-AGGREGATE RECORD,,,,,,,,,,,https://www.usaspending.gov/award/ASST_NON_4710148207_073/,2021-01-06 03:33:53.27803+00
ASST_NON_4738558203_073,4738558203,,SAI EXEMPT,,,,,,2020-08-27,2020,0.00,,,,0.00,0.00,0.00,2020-08-06,2020,,,073,Small Business Administration,7300,Small Business Administration,737010,OFC OF CAPITAL ACCESS,073,Small Business Administration,7300,Small Business Administration,737010,OFC OF CAPITAL ACCESS,,,,,,,DUAL STAR VENTURES,DUAL STAR VENTURES,,,,USA,UNITED STATES,6000 ARBUTUS AVE,,36056,HUNTINGTON PARK,06037,LOS ANGELES,06,CA,CALIFORNIA,90255,,CA-40,CA-42,,,,COUNTY-WIDE,USA,UNITED STATES,CA**037,,06037,LOS ANGELES,06,CALIFORNIA,,CA-40,CA-90,,59.073: PAYCHECK PROTECTION LOAN PROGRAM (PPP),,,08,GUARANTEED/INSURED LOAN (F),TO AID SMALL BUSINESSES IN MAINTAINING WORK FORCE DURING COVID-19 PANDEMIC.,NON,NOT RECOVERY ACT,P,INDIVIDUAL,2,NON-AGGREGATE RECORD,,,,,,,,,,,https://www.usaspending.gov/award/ASST_NON_4738558203_073/,2021-01-06 03:33:53.27803+00
ASST_NON_4742638206_073,4742638206,,SAI EXEMPT,,,,,,2020-08-27,2020,0.00,,,,0.00,0.00,0.00,2020-08-06,2020,,,073,Small Business Administration,7300,Small Business Administration,737010,OFC OF CAPITAL ACCESS,073,Small Business Administration,7300,Small Business Administration,737010,OFC OF CAPITAL ACCESS,,,,,,,THOMAS GASKILL,THOMAS GASKILL,,,,USA,UNITED STATES,1757 FREEMAN AVE,,43000,LONG BEACH,06037,LOS ANGELES,06,CA,CALIFORNIA,90804,,CA-47,CA-42,,,,COUNTY-WIDE,USA,UNITED STATES,CA**037,,06037,LOS ANGELES,06,CALIFORNIA,,CA-47,CA-90,,59.073: PAYCHECK PROTECTION LOAN PROGRAM (PPP),,,08,GUARANTEED/INSURED LOAN (F),TO AID SMALL BUSINESSES IN MAINTAINING WORK FORCE DURING COVID-19 PANDEMIC.,NON,NOT RECOVERY ACT,P,INDIVIDUAL,2,NON-AGGREGATE RECORD,,,,,,,,,,,https://www.usaspending.gov/award/ASST_NON_4742638206_073/,2021-01-06 03:33:53.27803+00
ASST_NON_4742968200_073,4742968200,,SAI EXEMPT,,,,,,2020-08-27,2020,0.00,,,,0.00,0.00,0.00,2020-08-06,2020,,,073,Small Business Administration,7300,Small Business Administration,737010,OFC OF CAPITAL ACCESS,073,Small Business Administration,7300,Small Business Administration,737010,OFC OF CAPITAL ACCESS,,,,,,,DONALD HELPS LLC,DONALD HELPS LLC,,,,USA,UNITED STATES,3279 CUESTA DR,,68000,SAN JOSE,06085,SANTA CLARA,06,CA,CALIFORNIA,95148,,CA-19,CA-19,,,,COUNTY-WIDE,USA,UNITED STATES,CA**085,,06085,SANTA CLARA,06,CALIFORNIA,,CA-19,CA-90,,59.073: PAYCHECK PROTECTION LOAN PROGRAM (PPP),,,08,GUARANTEED/INSURED LOAN (F),TO AID SMALL BUSINESSES IN MAINTAINING WORK FORCE DURING COVID-19 PANDEMIC.,NON,NOT RECOVERY ACT,P,INDIVIDUAL,2,NON-AGGREGATE RECORD,,,,,,,,,,,https://www.usaspending.gov/award/ASST_NON_4742968200_073/,2021-01-06 03:33:53.27803+00
ASST_NON_4744068205_073,4744068205,,SAI EXEMPT,,,,,,2020-08-27,2020,0.00,,,,0.00,0.00,0.00,2020-08-06,2020,,,073,Small Business Administration,7300,Small Business Administration,737010,OFC OF CAPITAL ACCESS,073,Small Business Administration,7300,Small Business Administration,737010,OFC OF CAPITAL ACCESS,,,,,,,ELECTRIC LLC,ELECTRIC LLC,,,,USA,UNITED STATES,8422 GALT DR,,19766,DOWNEY,06037,LOS ANGELES,06,CA,CALIFORNIA,90241,,CA-40,CA-42,,,,COUNTY-WIDE,USA,UNITED STATES,CA**037,,06037,LOS ANGELES,06,CALIFORNIA,,CA-40,CA-90,,59.073: PAYCHECK PROTECTION LOAN PROGRAM (PPP),,,08,GUARANTEED/INSURED LOAN (F),TO AID SMALL BUSINESSES IN MAINTAINING WORK FORCE DURING COVID-19 PANDEMIC.,NON,NOT RECOVERY ACT,P,INDIVIDUAL,2,NON-AGGREGATE RECORD,,,,,,,,,,,https://www.usaspending.gov/award/ASST_NON_4744068205_073/,2021-01-06 03:33:53.27803+00
ASST_NON_4744728202_073,4744728202,,SAI EXEMPT,,,,,,2020-08-27,2020,0.00,,,,0.00,0.00,0.00,2020-08-06,2020,,,073,Small Business Administration,7300,Small Business Administration,737010,OFC OF CAPITAL ACCESS,073,Small Business Administration,7300,Small Business Administration,737010,OFC OF CAPITAL ACCESS,,,,,,,GOLDEN HAIR STUDIO,GOLDEN HAIR STUDIO,,,,USA,UNITED STATES,2491 EL CAMINO REAL,,69084,SANTA CLARA,06085,SANTA CLARA,06,CA,CALIFORNIA,95051,,CA-17,CA-17,,,,COUNTY-WIDE,USA,UNITED STATES,CA**085,,06085,SANTA CLARA,06,CALIFORNIA,,CA-17,CA-90,,59.073: PAYCHECK PROTECTION LOAN PROGRAM (PPP),,,08,GUARANTEED/INSURED LOAN (F),TO AID SMALL BUSINESSES IN MAINTAINING WORK FORCE DURING COVID-19 PANDEMIC.,NON,NOT RECOVERY ACT,P,INDIVIDUAL,2,NON-AGGREGATE RECORD,,,,,,,,,,,https://www.usaspending.gov/award/ASST_NON_4744728202_073/,2021-01-06 03:33:53.27803+00
ASST_NON_4770868202_073,4770868202,,SAI EXEMPT,,,,,,2020-08-27,2020,0.00,,,,0.00,0.00,0.00,2020-08-06,2020,,,073,Small Business Administration,7300,Small Business Administration,737010,OFC OF CAPITAL ACCESS,073,Small Business Administration,7300,Small Business Administration,737010,OFC OF CAPITAL ACCESS,,,,,,,ALLISON WHEAT,ALLISON WHEAT,,,,USA,UNITED STATES,2716 ECKLESON ST,,39892,LAKEWOOD,06037,LOS ANGELES,06,CA,CALIFORNIA,90712,,CA-38,CA-44,,,,COUNTY-WIDE,USA,UNITED STATES,CA**037,,06037,LOS ANGELES,06,CALIFORNIA,,CA-38,CA-90,,59.073: PAYCHECK PROTECTION LOAN PROGRAM (PPP),,,08,GUARANTEED/INSURED LOAN (F),TO AID SMALL BUSINESSES IN MAINTAINING WORK FORCE DURING COVID-19 PANDEMIC.,NON,NOT RECOVERY ACT,P,INDIVIDUAL,2,NON-AGGREGATE RECORD,,,,,,,,,,,https://www.usaspending.gov/award/ASST_NON_4770868202_073/,2021-01-06 03:33:53.27803+00
ASST_NON_4773588207_073,4773588207,,SAI EXEMPT,,,,,,2020-08-27,2020,0.00,,,,0.00,0.00,0.00,2020-08-06,2020,,,073,Small Business Administration,7300,Small Business Administration,737010,OFC OF CAPITAL ACCESS,073,Small Business Administration,7300,Small Business Administration,737010,OFC OF CAPITAL ACCESS,,,,,,,DOMINGUEZ PRODUCTS LLC,DOMINGUEZ PRODUCTS LLC,,,,USA,UNITED STATES,964 RED GRANITE RD.,,13392,CHULA VISTA,06073,SAN DIEGO,06,CA,CALIFORNIA,91913,,CA-53,CA-52,,,,COUNTY-WIDE,USA,UNITED STATES,CA**073,,06073,SAN DIEGO,06,CALIFORNIA,,CA-53,CA-90,,59.073: PAYCHECK PROTECTION LOAN PROGRAM (PPP),,,08,GUARANTEED/INSURED LOAN (F),TO AID SMALL BUSINESSES IN MAINTAINING WORK FORCE DURING COVID-19 PANDEMIC.,NON,NOT RECOVERY ACT,P,INDIVIDUAL,2,NON-AGGREGATE RECORD,,,,,,,,,,,https://www.usaspending.gov/award/ASST_NON_4773588207_073/,2021-01-06 03:33:53.27803+00
ASST_NON_4774158209_073,4774158209,,SAI EXEMPT,,,,,,2020-08-27,2020,0.00,,,,0.00,0.00,0.00,2020-08-06,2020,,,073,Small Business Administration,7300,Small Business Administration,737010,OFC OF CAPITAL ACCESS,073,Small Business Administration,7300,Small Business Administration,737010,OFC OF CAPITAL ACCESS,,,,,,,ANDRADA PLUMBING,ANDRADA PLUMBING,,,,USA,UNITED STATES,585 GREEN VALLEY ROAD,,83668,WATSONVILLE,06087,SANTA CRUZ,06,CA,CALIFORNIA,95076,,CA-20,CA-90,,,,COUNTY-WIDE,USA,UNITED STATES,CA**087,,06087,SANTA CRUZ,06,CALIFORNIA,,CA-20,CA-90,,59.073: PAYCHECK PROTECTION LOAN PROGRAM (PPP),,,08,GUARANTEED/INSURED LOAN (F),TO AID SMALL BUSINESSES IN MAINTAINING WORK FORCE DURING COVID-19 PANDEMIC.,NON,NOT RECOVERY ACT,P,INDIVIDUAL,2,NON-AGGREGATE RECORD,,,,,,,,,,,https://www.usaspending.gov/award/ASST_NON_4774158209_073/,2021-01-06 03:33:53.27803+00
ASST_NON_4774478200_073,4774478200,,SAI EXEMPT,,,,,,2020-08-27,2020,0.00,,,,0.00,0.00,0.00,2020-08-06,2020,,,073,Small Business Administration,7300,Small Business Administration,737010,OFC OF CAPITAL ACCESS,073,Small Business Administration,7300,Small Business Administration,737010,OFC OF CAPITAL ACCESS,,,,,,,GARCIA VENTURES,GARCIA VENTURES,,,,USA,UNITED STATES,8807 THORNTON ROAD,M,75000,STOCKTON,06077,SAN JOAQUIN,06,CA,CALIFORNIA,95209,,CA-09,CA-09,,,,COUNTY-WIDE,USA,UNITED STATES,CA**077,,06077,SAN JOAQUIN,06,CALIFORNIA,,CA-09,CA-09,,59.073: PAYCHECK PROTECTION LOAN PROGRAM (PPP),,,08,GUARANTEED/INSURED LOAN (F),TO AID SMALL BUSINESSES IN MAINTAINING WORK FORCE DURING COVID-19 PANDEMIC.,NON,NOT RECOVERY ACT,R,SMALL BUSINESS,2,NON-AGGREGATE RECORD,,,,,,,,,,,https://www.usaspending.gov/award/ASST_NON_4774478200_073/,2021-01-06 03:33:53.27803+00
ASST_NON_4774708208_073,4774708208,,SAI EXEMPT,,,,,,2020-08-27,2020,0.00,,,,0.00,0.00,0.00,2020-08-06,2020,,,073,Small Business Administration,7300,Small Business Administration,737010,OFC OF CAPITAL ACCESS,073,Small Business Administration,7300,Small Business Administration,737010,OFC OF CAPITAL ACCESS,,,,,,,PHASE ONE,PHASE ONE,,,,USA,UNITED STATES,9906 BOLSA AVE.,,84550,WESTMINSTER,06059,ORANGE,06,CA,CALIFORNIA,92683,,CA-47,CA-45,,,,COUNTY-WIDE,USA,UNITED STATES,CA**059,,06059,ORANGE,06,CALIFORNIA,,CA-47,CA-90,,59.073: PAYCHECK PROTECTION LOAN PROGRAM (PPP),,,08,GUARANTEED/INSURED LOAN (F),TO AID SMALL BUSINESSES IN MAINTAINING WORK FORCE DURING COVID-19 PANDEMIC.,NON,NOT RECOVERY ACT,P,INDIVIDUAL,2,NON-AGGREGATE RECORD,,,,,,,,,,,https://www.usaspending.gov/award/ASST_NON_4774708208_073/,2021-01-06 03:33:53.27803+00
ASST_NON_4774868210_073,4774868210,,SAI EXEMPT,,,,,,2020-08-27,2020,0.00,,,,0.00,0.00,0.00,2020-08-06,2020,,,073,Small Business Administration,7300,Small Business Administration,737010,OFC OF CAPITAL ACCESS,073,Small Business Administration,7300,Small Business Administration,737010,OFC OF CAPITAL ACCESS,,,,,,,XOCHITL P BRIZUELA,XOCHITL P BRIZUELA,,,,USA,UNITED STATES,3317 E WILTON STREET,23,43000,LONG BEACH,06037,LOS ANGELES,06,CA,CALIFORNIA,90804,,CA-47,CA-42,,,,COUNTY-WIDE,USA,UNITED STATES,CA**037,,06037,LOS ANGELES,06,CALIFORNIA,,CA-47,CA-90,,59.073: PAYCHECK PROTECTION LOAN PROGRAM (PPP),,,08,GUARANTEED/INSURED LOAN (F),TO AID SMALL BUSINESSES IN MAINTAINING WORK FORCE DURING COVID-19 PANDEMIC.,NON,NOT RECOVERY ACT,P,INDIVIDUAL,2,NON-AGGREGATE RECORD,,,,,,,,,,,https://www.usaspending.gov/award/ASST_NON_4774868210_073/,2021-01-06 03:33:53.27803+00
ASST_NON_4784988204_073,4784988204,,SAI EXEMPT,,,,,,2020-08-27,2020,0.00,,,,0.00,0.00,0.00,2020-08-06,2020,,,073,Small Business Administration,7300,Small Business Administration,737010,OFC OF CAPITAL ACCESS,073,Small Business Administration,7300,Small Business Administration,737010,OFC OF CAPITAL ACCESS,,,,,,,SVG EXPRESS,SVG EXPRESS,,,,USA,UNITED STATES,545 W SPRUCE AVE,,36546,INGLEWOOD,06037,LOS ANGELES,06,CA,CALIFORNIA,90301,,CA-43,CA-43,,,,COUNTY-WIDE,USA,UNITED STATES,CA**037,,06037,LOS ANGELES,06,CALIFORNIA,,CA-43,CA-90,,59.073: PAYCHECK PROTECTION LOAN PROGRAM (PPP),,,08,GUARANTEED/INSURED LOAN (F),TO AID SMALL BUSINESSES IN MAINTAINING WORK FORCE DURING COVID-19 PANDEMIC.,NON,NOT RECOVERY ACT,P,INDIVIDUAL,2,NON-AGGREGATE RECORD,,,,,,,,,,,https://www.usaspending.gov/award/ASST_NON_4784988204_073/,2021-01-06 03:33:53.27803+00
ASST_NON_4785258210_073,4785258210,,SAI EXEMPT,,,,,,2020-08-27,2020,0.00,,,,0.00,0.00,0.00,2020-08-06,2020,,,073,Small Business Administration,7300,Small Business Administration,737010,OFC OF CAPITAL ACCESS,073,Small Business Administration,7300,Small Business Administration,737010,OFC OF CAPITAL ACCESS,,,,,,,RLALI INC,RLALI INC,,,,USA,UNITED STATES,8406 BELLINGHAM AVE,,77294,SUN VALLEY,06037,LOS ANGELES,06,CA,CALIFORNIA,91352,,CA-29,CA-90,,,,COUNTY-WIDE,USA,UNITED STATES,CA**037,,06037,LOS ANGELES,06,CALIFORNIA,,CA-29,CA-90,,59.073: PAYCHECK PROTECTION LOAN PROGRAM (PPP),,,08,GUARANTEED/INSURED LOAN (F),TO AID SMALL BUSINESSES IN MAINTAINING WORK FORCE DURING COVID-19 PANDEMIC.,NON,NOT RECOVERY ACT,R,SMALL BUSINESS,2,NON-AGGREGATE RECORD,,,,,,,,,,,https://www.usaspending.gov/award/ASST_NON_4785258210_073/,2021-01-06 03:33:53.27803+00
ASST_NON_4785438205_073,4785438205,,SAI EXEMPT,,,,,,2020-08-27,2020,0.00,,,,0.00,0.00,0.00,2020-08-06,2020,,,073,Small Business Administration,7300,Small Business Administration,737010,OFC OF CAPITAL ACCESS,073,Small Business Administration,7300,Small Business Administration,737010,OFC OF CAPITAL ACCESS,,,,,,,AMERICAN PROMOTIONS USA,AMERICAN PROMOTIONS USA,,,,USA,UNITED STATES,3802 ROSECRANS ST,95,66000,SAN DIEGO,06073,SAN DIEGO,06,CA,CALIFORNIA,92110,,CA-52,CA-90,,,,COUNTY-WIDE,USA,UNITED STATES,CA**073,,06073,SAN DIEGO,06,CALIFORNIA,,CA-52,CA-90,,59.073: PAYCHECK PROTECTION LOAN PROGRAM (PPP),,,08,GUARANTEED/INSURED LOAN (F),TO AID SMALL BUSINESSES IN MAINTAINING WORK FORCE DURING COVID-19 PANDEMIC.,NON,NOT RECOVERY ACT,P,INDIVIDUAL,2,NON-AGGREGATE RECORD,,,,,,,,,,,https://www.usaspending.gov/award/ASST_NON_4785438205_073/,2021-01-06 03:33:53.27803+00
ASST_NON_4785678207_073,4785678207,,SAI EXEMPT,,,,,,2020-08-27,2020,0.00,,,,0.00,0.00,0.00,2020-08-06,2020,,,073,Small Business Administration,7300,Small Business Administration,737010,OFC OF CAPITAL ACCESS,073,Small Business Administration,7300,Small Business Administration,737010,OFC OF CAPITAL ACCESS,,,,,,,HGR GROUP INC,HGR GROUP INC,,,,USA,UNITED STATES,4700 NATICK AVE.,UNIT 217,71470,SHERMAN OAKS,06037,LOS ANGELES,06,CA,CALIFORNIA,91403,,CA-30,CA-32,,,,COUNTY-WIDE,USA,UNITED STATES,CA**037,,06037,LOS ANGELES,06,CALIFORNIA,,CA-30,CA-90,,59.073: PAYCHECK PROTECTION LOAN PROGRAM (PPP),,,08,GUARANTEED/INSURED LOAN (F),TO AID SMALL BUSINESSES IN MAINTAINING WORK FORCE DURING COVID-19 PANDEMIC.,NON,NOT RECOVERY ACT,P,INDIVIDUAL,2,NON-AGGREGATE RECORD,,,,,,,,,,,https://www.usaspending.gov/award/ASST_NON_4785678207_073/,2021-01-06 03:33:53.27803+00
ASST_NON_4785818201_073,4785818201,,SAI EXEMPT,,,,,,2020-08-27,2020,0.00,,,,0.00,0.00,0.00,2020-08-06,2020,,,073,Small Business Administration,7300,Small Business Administration,737010,OFC OF CAPITAL ACCESS,073,Small Business Administration,7300,Small Business Administration,737010,OFC OF CAPITAL ACCESS,,,,,,,SPARKLY TREASURES,SPARKLY TREASURES,,,,USA,UNITED STATES,11823 ELKINS COVE,,66000,SAN DIEGO,06073,SAN DIEGO,06,CA,CALIFORNIA,92126,,CA-52,CA-51,,,,COUNTY-WIDE,USA,UNITED STATES,CA**073,,06073,SAN DIEGO,06,CALIFORNIA,,CA-52,CA-90,,59.073: PAYCHECK PROTECTION LOAN PROGRAM (PPP),,,08,GUARANTEED/INSURED LOAN (F),TO AID SMALL BUSINESSES IN MAINTAINING WORK FORCE DURING COVID-19 PANDEMIC.,NON,NOT RECOVERY ACT,P,INDIVIDUAL,2,NON-AGGREGATE RECORD,,,,,,,,,,,https://www.usaspending.gov/award/ASST_NON_4785818201_073/,2021-01-06 03:33:53.27803+00
ASST_NON_4785858202_073,4785858202,,SAI EXEMPT,,,,,,2020-08-27,2020,0.00,,,,0.00,0.00,0.00,2020-08-06,2020,,,073,Small Business Administration,7300,Small Business Administration,737010,OFC OF CAPITAL ACCESS,073,Small Business Administration,7300,Small Business Administration,737010,OFC OF CAPITAL ACCESS,,,,,,,KO TANAKA PROFESSIONAL SAND SCULPTOR,KO TANAKA PROFESSIONAL SAND SCULPTOR,,,,USA,UNITED STATES,21241 LONGLEAF,,48256,MISSION VIEJO,06059,ORANGE,06,CA,CALIFORNIA,92692,,CA-45,CA-40,,,,COUNTY-WIDE,USA,UNITED STATES,CA**059,,06059,ORANGE,06,CALIFORNIA,,CA-45,CA-90,,59.073: PAYCHECK PROTECTION LOAN PROGRAM (PPP),,,08,GUARANTEED/INSURED LOAN (F),TO AID SMALL BUSINESSES IN MAINTAINING WORK FORCE DURING COVID-19 PANDEMIC.,NON,NOT RECOVERY ACT,P,INDIVIDUAL,2,NON-AGGREGATE RECORD,,,,,,,,,,,https://www.usaspending.gov/award/ASST_NON_4785858202_073/,2021-01-06 03:33:53.27803+00
ASST_NON_4785908204_073,4785908204,,SAI EXEMPT,,,,,,2020-08-27,2020,0.00,,,,0.00,0.00,0.00,2020-08-06,2020,,,073,Small Business Administration,7300,Small Business Administration,737010,OFC OF CAPITAL ACCESS,073,Small Business Administration,7300,Small Business Administration,737010,OFC OF CAPITAL ACCESS,,,,,,,JENNI KENNEDY,JENNI KENNEDY,,,,USA,UNITED STATES,32660 THE OLD ROAD,,11796,CASTAIC,06037,LOS ANGELES,06,CA,CALIFORNIA,91384,,CA-25,CA-27,,,,COUNTY-WIDE,USA,UNITED STATES,CA**037,,06037,LOS ANGELES,06,CALIFORNIA,,CA-25,CA-90,,59.073: PAYCHECK PROTECTION LOAN PROGRAM (PPP),,,08,GUARANTEED/INSURED LOAN (F),TO AID SMALL BUSINESSES IN MAINTAINING WORK FORCE DURING COVID-19 PANDEMIC.,NON,NOT RECOVERY ACT,P,INDIVIDUAL,2,NON-AGGREGATE RECORD,,,,,,,,,,,https://www.usaspending.gov/award/ASST_NON_4785908204_073/,2021-01-06 03:33:53.27803+00
ASST_NON_4785938202_073,4785938202,,SAI EXEMPT,,,,,,2020-08-27,2020,0.00,,,,0.00,0.00,0.00,2020-08-06,2020,,,073,Small Business Administration,7300,Small Business Administration,737010,OFC OF CAPITAL ACCESS,073,Small Business Administration,7300,Small Business Administration,737010,OFC OF CAPITAL ACCESS,,,,,,,ROCHAE WORMLEY,ROCHAE WORMLEY,,,,USA,UNITED STATES,14756 SHETLAND CT,,82590,VICTORVILLE,06071,SAN BERNARDINO,06,CA,CALIFORNIA,92394,,CA-08,CA-23,,,,COUNTY-WIDE,USA,UNITED STATES,CA**071,,06071,SAN BERNARDINO,06,CALIFORNIA,,CA-08,CA-90,,59.073: PAYCHECK PROTECTION LOAN PROGRAM (PPP),,,08,GUARANTEED/INSURED LOAN (F),TO AID SMALL BUSINESSES IN MAINTAINING WORK FORCE DURING COVID-19 PANDEMIC.,NON,NOT RECOVERY ACT,P,INDIVIDUAL,2,NON-AGGREGATE RECORD,,,,,,,,,,,https://www.usaspending.gov/award/ASST_NON_4785938202_073/,2021-01-06 03:33:53.27803+00
ASST_NON_4786048208_073,4786048208,,SAI EXEMPT,,,,,,2020-08-27,2020,0.00,,,,0.00,0.00,0.00,2020-08-06,2020,,,073,Small Business Administration,7300,Small Business Administration,737010,OFC OF CAPITAL ACCESS,073,Small Business Administration,7300,Small Business Administration,737010,OFC OF CAPITAL ACCESS,,,,,,,"EL DORADO ORCHARDS, INC.","EL DORADO ORCHARDS, INC.",,,,USA,UNITED STATES,2952 CARSON ROAD,,57540,PLACERVILLE,06017,EL DORADO,06,CA,CALIFORNIA,95667,,CA-04,CA-05,,,,COUNTY-WIDE,USA,UNITED STATES,CA**017,,06017,EL DORADO,06,CALIFORNIA,,CA-04,CA-90,,59.073: PAYCHECK PROTECTION LOAN PROGRAM (PPP),,,08,GUARANTEED/INSURED LOAN (F),TO AID SMALL BUSINESSES IN MAINTAINING WORK FORCE DURING COVID-19 PANDEMIC.,NON,NOT RECOVERY ACT,R,SMALL BUSINESS,2,NON-AGGREGATE RECORD,,,,,,,,,,,https://www.usaspending.gov/award/ASST_NON_4786048208_073/,2021-01-06 03:33:53.27803+00
ASST_NON_4786098201_073,4786098201,,SAI EXEMPT,,,,,,2020-08-27,2020,0.00,,,,0.00,0.00,0.00,2020-08-06,2020,,,073,Small Business Administration,7300,Small Business Administration,737010,OFC OF CAPITAL ACCESS,073,Small Business Administration,7300,Small Business Administration,737010,OFC OF CAPITAL ACCESS,,,,,,,YEHOSHUA MISHULOVIN,YEHOSHUA MISHULOVIN,,,,USA,UNITED STATES,7054 WARING AVENUE,APT 8,44000,LOS ANGELES,06037,LOS ANGELES,06,CA,CALIFORNIA,90038,,CA-28,CA-30,,,,COUNTY-WIDE,USA,UNITED STATES,CA**037,,06037,LOS ANGELES,06,CALIFORNIA,,CA-28,CA-90,,59.073: PAYCHECK PROTECTION LOAN PROGRAM (PPP),,,08,GUARANTEED/INSURED LOAN (F),TO AID SMALL BUSINESSES IN MAINTAINING WORK FORCE DURING COVID-19 PANDEMIC.,NON,NOT RECOVERY ACT,P,INDIVIDUAL,2,NON-AGGREGATE RECORD,,,,,,,,,,,https://www.usaspending.gov/award/ASST_NON_4786098201_073/,2021-01-06 03:33:53.27803+00
ASST_NON_4786858204_073,4786858204,,SAI EXEMPT,,,,,,2020-08-27,2020,0.00,,,,0.00,0.00,0.00,2020-08-06,2020,,,073,Small Business Administration,7300,Small Business Administration,737010,OFC OF CAPITAL ACCESS,073,Small Business Administration,7300,Small Business Administration,737010,OFC OF CAPITAL ACCESS,,,,,,,FAIR OAKS AUTO CARE,FAIR OAKS AUTO CARE,,,,USA,UNITED STATES,801 N FAIR OAKS AVE,,77000,SUNNYVALE,06085,SANTA CLARA,06,CA,CALIFORNIA,94085,,CA-17,CA-17,,,,COUNTY-WIDE,USA,UNITED STATES,CA**085,,06085,SANTA CLARA,06,CALIFORNIA,,CA-17,CA-90,,59.073: PAYCHECK PROTECTION LOAN PROGRAM (PPP),,,08,GUARANTEED/INSURED LOAN (F),TO AID SMALL BUSINESSES IN MAINTAINING WORK FORCE DURING COVID-19 PANDEMIC.,NON,NOT RECOVERY ACT,P,INDIVIDUAL,2,NON-AGGREGATE RECORD,,,,,,,,,,,https://www.usaspending.gov/award/ASST_NON_4786858204_073/,2021-01-06 03:33:53.27803+00
ASST_NON_4786878210_073,4786878210,,SAI EXEMPT,,,,,,2020-08-27,2020,0.00,,,,0.00,0.00,0.00,2020-08-06,2020,,,073,Small Business Administration,7300,Small Business Administration,737010,OFC OF CAPITAL ACCESS,073,Small Business Administration,7300,Small Business Administration,737010,OFC OF CAPITAL ACCESS,,,,,,,GERARDO PEREZ,GERARDO PEREZ,,,,USA,UNITED STATES,1160 MINTER AVE,,71113,SHAFTER,06029,KERN,06,CA,CALIFORNIA,93263,,CA-21,CA-22,,,,COUNTY-WIDE,USA,UNITED STATES,CA**029,,06029,KERN,06,CALIFORNIA,,CA-21,CA-90,,59.073: PAYCHECK PROTECTION LOAN PROGRAM (PPP),,,08,GUARANTEED/INSURED LOAN (F),TO AID SMALL BUSINESSES IN MAINTAINING WORK FORCE DURING COVID-19 PANDEMIC.,NON,NOT RECOVERY ACT,P,INDIVIDUAL,2,NON-AGGREGATE RECORD,,,,,,,,,,,https://www.usaspending.gov/award/ASST_NON_4786878210_073/,2021-01-06 03:33:53.27803+00
ASST_NON_4786888202_073,4786888202,,SAI EXEMPT,,,,,,2020-08-27,2020,0.00,,,,0.00,0.00,0.00,2020-08-06,2020,,,073,Small Business Administration,7300,Small Business Administration,737010,OFC OF CAPITAL ACCESS,073,Small Business Administration,7300,Small Business Administration,737010,OFC OF CAPITAL ACCESS,,,,,,,LUANA RIOS,LUANA RIOS,,,,USA,UNITED STATES,24 CHANSLOR ROW,,60620,RICHMOND,06013,CONTRA COSTA,06,CA,CALIFORNIA,94801,,CA-11,CA-08,,,,COUNTY-WIDE,USA,UNITED STATES,CA**013,,06013,CONTRA COSTA,06,CALIFORNIA,,CA-11,CA-90,,59.073: PAYCHECK PROTECTION LOAN PROGRAM (PPP),,,08,GUARANTEED/INSURED LOAN (F),TO AID SMALL BUSINESSES IN MAINTAINING WORK FORCE DURING COVID-19 PANDEMIC.,NON,NOT RECOVERY ACT,P,INDIVIDUAL,2,NON-AGGREGATE RECORD,,,,,,,,,,,https://www.usaspending.gov/award/ASST_NON_4786888202_073/,2021-01-06 03:33:53.27803+00
ASST_NON_4786948207_073,4786948207,,SAI EXEMPT,,,,,,2020-08-27,2020,0.00,,,,0.00,0.00,0.00,2020-08-06,2020,,,073,Small Business Administration,7300,Small Business Administration,737010,OFC OF CAPITAL ACCESS,073,Small Business Administration,7300,Small Business Administration,737010,OFC OF CAPITAL ACCESS,,,,,,,DANIEL NEGASH,DANIEL NEGASH,,,,USA,UNITED STATES,12579 BOUGALNVILLEA WAY,,62000,RIVERSIDE,06065,RIVERSIDE,06,CA,CALIFORNIA,92503,,CA-42,CA-39,,,,COUNTY-WIDE,USA,UNITED STATES,CA**065,,06065,RIVERSIDE,06,CALIFORNIA,,CA-42,CA-90,,59.073: PAYCHECK PROTECTION LOAN PROGRAM (PPP),,,08,GUARANTEED/INSURED LOAN (F),TO AID SMALL BUSINESSES IN MAINTAINING WORK FORCE DURING COVID-19 PANDEMIC.,NON,NOT RECOVERY ACT,P,INDIVIDUAL,2,NON-AGGREGATE RECORD,,,,,,,,,,,https://www.usaspending.gov/award/ASST_NON_4786948207_073/,2021-01-06 03:33:53.27803+00
ASST_NON_4787048210_073,4787048210,,SAI EXEMPT,,,,,,2020-08-27,2020,0.00,,,,0.00,0.00,0.00,2020-08-06,2020,,,073,Small Business Administration,7300,Small Business Administration,737010,OFC OF CAPITAL ACCESS,073,Small Business Administration,7300,Small Business Administration,737010,OFC OF CAPITAL ACCESS,,,,,,,DAN NIEBLAS,DAN NIEBLAS,,,,USA,UNITED STATES,2213 PASADENA ST,,69000,SANTA ANA,06059,ORANGE,06,CA,CALIFORNIA,92705,,CA-45,CA-90,,,,COUNTY-WIDE,USA,UNITED STATES,CA**059,,06059,ORANGE,06,CALIFORNIA,,CA-45,CA-90,,59.073: PAYCHECK PROTECTION LOAN PROGRAM (PPP),,,08,GUARANTEED/INSURED LOAN (F),TO AID SMALL BUSINESSES IN MAINTAINING WORK FORCE DURING COVID-19 PANDEMIC.,NON,NOT RECOVERY ACT,P,INDIVIDUAL,2,NON-AGGREGATE RECORD,,,,,,,,,,,https://www.usaspending.gov/award/ASST_NON_4787048210_073/,2021-01-06 03:33:53.27803+00
ASST_NON_4787078208_073,4787078208,,SAI EXEMPT,,,,,,2020-08-27,2020,0.00,,,,0.00,0.00,0.00,2020-08-06,2020,,,073,Small Business Administration,7300,Small Business Administration,737010,OFC OF CAPITAL ACCESS,073,Small Business Administration,7300,Small Business Administration,737010,OFC OF CAPITAL ACCESS,,,,,,,ANGEL'S HAIR & NAILS,ANGEL'S HAIR & NAILS,,,,USA,UNITED STATES,796 S. HARBOR BLVD,,69000,SANTA ANA,06059,ORANGE,06,CA,CALIFORNIA,92704,,CA-46,CA-46,,,,COUNTY-WIDE,USA,UNITED STATES,CA**059,,06059,ORANGE,06,CALIFORNIA,,CA-46,CA-90,,59.073: PAYCHECK PROTECTION LOAN PROGRAM (PPP),,,08,GUARANTEED/INSURED LOAN (F),TO AID SMALL BUSINESSES IN MAINTAINING WORK FORCE DURING COVID-19 PANDEMIC.,NON,NOT RECOVERY ACT,P,INDIVIDUAL,2,NON-AGGREGATE RECORD,,,,,,,,,,,https://www.usaspending.gov/award/ASST_NON_4787078208_073/,2021-01-06 03:33:53.27803+00
ASST_NON_4787178203_073,4787178203,,SAI EXEMPT,,,,,,2020-08-27,2020,0.00,,,,0.00,0.00,0.00,2020-08-06,2020,,,073,Small Business Administration,7300,Small Business Administration,737010,OFC OF CAPITAL ACCESS,073,Small Business Administration,7300,Small Business Administration,737010,OFC OF CAPITAL ACCESS,,,,,,,NARMANDAKH DAGVADORJ,NARMANDAKH DAGVADORJ,,,,USA,UNITED STATES,1365 CREEKSIDE DR,APT 231,83346,WALNUT CREEK,06013,CONTRA COSTA,06,CA,CALIFORNIA,94596,,CA-11,CA-10,,,,COUNTY-WIDE,USA,UNITED STATES,CA**013,,06013,CONTRA COSTA,06,CALIFORNIA,,CA-11,CA-90,,59.073: PAYCHECK PROTECTION LOAN PROGRAM (PPP),,,08,GUARANTEED/INSURED LOAN (F),TO AID SMALL BUSINESSES IN MAINTAINING WORK FORCE DURING COVID-19 PANDEMIC.,NON,NOT RECOVERY ACT,P,INDIVIDUAL,2,NON-AGGREGATE RECORD,,,,,,,,,,,https://www.usaspending.gov/award/ASST_NON_4787178203_073/,2021-01-06 03:33:53.27803+00
ASST_NON_4787188206_073,4787188206,,SAI EXEMPT,,,,,,2020-08-27,2020,0.00,,,,0.00,0.00,0.00,2020-08-06,2020,,,073,Small Business Administration,7300,Small Business Administration,737010,OFC OF CAPITAL ACCESS,073,Small Business Administration,7300,Small Business Administration,737010,OFC OF CAPITAL ACCESS,,,,,,,DAVID MARTINEZ,DAVID MARTINEZ,,,,USA,UNITED STATES,3724 RAILROAD AVE,,57456,PITTSBURG,06013,CONTRA COSTA,06,CA,CALIFORNIA,94565,,CA-11,CA-08,,,,COUNTY-WIDE,USA,UNITED STATES,CA**013,,06013,CONTRA COSTA,06,CALIFORNIA,,CA-11,CA-90,,59.073: PAYCHECK PROTECTION LOAN PROGRAM (PPP),,,08,GUARANTEED/INSURED LOAN (F),TO AID SMALL BUSINESSES IN MAINTAINING WORK FORCE DURING COVID-19 PANDEMIC.,NON,NOT RECOVERY ACT,P,INDIVIDUAL,2,NON-AGGREGATE RECORD,,,,,,,,,,,https://www.usaspending.gov/award/ASST_NON_4787188206_073/,2021-01-06 03:33:53.27803+00
ASST_NON_4787228205_073,4787228205,,SAI EXEMPT,,,,,,2020-08-27,2020,0.00,,,,0.00,0.00,0.00,2020-08-06,2020,,,073,Small Business Administration,7300,Small Business Administration,737010,OFC OF CAPITAL ACCESS,073,Small Business Administration,7300,Small Business Administration,737010,OFC OF CAPITAL ACCESS,,,,,,,ABC WHOLESALE,ABC WHOLESALE,,,,USA,UNITED STATES,424 N MOORE AVENUE,UNIT A,48914,MONTEREY PARK,06037,LOS ANGELES,06,CA,CALIFORNIA,91754,,CA-27,CA-28,,,,COUNTY-WIDE,USA,UNITED STATES,CA**037,,06037,LOS ANGELES,06,CALIFORNIA,,CA-27,CA-90,,59.073: PAYCHECK PROTECTION LOAN PROGRAM (PPP),,,08,GUARANTEED/INSURED LOAN (F),TO AID SMALL BUSINESSES IN MAINTAINING WORK FORCE DURING COVID-19 PANDEMIC.,NON,NOT RECOVERY ACT,P,INDIVIDUAL,2,NON-AGGREGATE RECORD,,,,,,,,,,,https://www.usaspending.gov/award/ASST_NON_4787228205_073/,2021-01-06 03:33:53.27803+00
ASST_NON_4787308205_073,4787308205,,SAI EXEMPT,,,,,,2020-08-27,2020,0.00,,,,0.00,0.00,0.00,2020-08-06,2020,,,073,Small Business Administration,7300,Small Business Administration,737010,OFC OF CAPITAL ACCESS,073,Small Business Administration,7300,Small Business Administration,737010,OFC OF CAPITAL ACCESS,,,,,,,NINO PEREZ,NINO PEREZ,,,,USA,UNITED STATES,5005  ALDAMA ST,,44000,LOS ANGELES,06037,LOS ANGELES,06,CA,CALIFORNIA,90042,,CA-34,CA-34,,,,COUNTY-WIDE,USA,UNITED STATES,CA**037,,06037,LOS ANGELES,06,CALIFORNIA,,CA-34,CA-90,,59.073: PAYCHECK PROTECTION LOAN PROGRAM (PPP),,,08,GUARANTEED/INSURED LOAN (F),TO AID SMALL BUSINESSES IN MAINTAINING WORK FORCE DURING COVID-19 PANDEMIC.,NON,NOT RECOVERY ACT,P,INDIVIDUAL,2,NON-AGGREGATE RECORD,,,,,,,,,,,https://www.usaspending.gov/award/ASST_NON_4787308205_073/,2021-01-06 03:33:53.27803+00
ASST_NON_4787318208_073,4787318208,,SAI EXEMPT,,,,,,2020-08-27,2020,0.00,,,,0.00,0.00,0.00,2020-08-06,2020,,,073,Small Business Administration,7300,Small Business Administration,737010,OFC OF CAPITAL ACCESS,073,Small Business Administration,7300,Small Business Administration,737010,OFC OF CAPITAL ACCESS,,,,,,,"MARK STEWART CONSTRUCTION, INC.","MARK STEWART CONSTRUCTION, INC.",,,,USA,UNITED STATES,1187 COAST VILLAGE RD. SUITE 323,,69070,SANTA BARBARA,06083,SANTA BARBARA,06,CA,CALIFORNIA,93108,,CA-24,CA-24,,,,COUNTY-WIDE,USA,UNITED STATES,CA**083,,06083,SANTA BARBARA,06,CALIFORNIA,,CA-24,CA-24,,59.073: PAYCHECK PROTECTION LOAN PROGRAM (PPP),,,08,GUARANTEED/INSURED LOAN (F),TO AID SMALL BUSINESSES IN MAINTAINING WORK FORCE DURING COVID-19 PANDEMIC.,NON,NOT RECOVERY ACT,R,SMALL BUSINESS,2,NON-AGGREGATE RECORD,,,,,,,,,,,https://www.usaspending.gov/award/ASST_NON_4787318208_073/,2021-01-06 03:33:53.27803+00
ASST_NON_4787368201_073,4787368201,,SAI EXEMPT,,,,,,2020-08-27,2020,0.00,,,,0.00,0.00,0.00,2020-08-06,2020,,,073,Small Business Administration,7300,Small Business Administration,737010,OFC OF CAPITAL ACCESS,073,Small Business Administration,7300,Small Business Administration,737010,OFC OF CAPITAL ACCESS,,,,,,,MARK CARTER,MARK CARTER,,,,USA,UNITED STATES,1256 CURTISS AVE,,68000,SAN JOSE,06085,SANTA CLARA,06,CA,CALIFORNIA,95125,,CA-19,CA-16,,,,COUNTY-WIDE,USA,UNITED STATES,CA**085,,06085,SANTA CLARA,06,CALIFORNIA,,CA-19,CA-90,,59.073: PAYCHECK PROTECTION LOAN PROGRAM (PPP),,,08,GUARANTEED/INSURED LOAN (F),TO AID SMALL BUSINESSES IN MAINTAINING WORK FORCE DURING COVID-19 PANDEMIC.,NON,NOT RECOVERY ACT,P,INDIVIDUAL,2,NON-AGGREGATE RECORD,,,,,,,,,,,https://www.usaspending.gov/award/ASST_NON_4787368201_073/,2021-01-06 03:33:53.27803+00
ASST_NON_4787458204_073,4787458204,,SAI EXEMPT,,,,,,2020-08-27,2020,0.00,,,,0.00,0.00,0.00,2020-08-06,2020,,,073,Small Business Administration,7300,Small Business Administration,737010,OFC OF CAPITAL ACCESS,073,Small Business Administration,7300,Small Business Administration,737010,OFC OF CAPITAL ACCESS,,,,,,,VIKTORIA SOTO,VIKTORIA SOTO,,,,USA,UNITED STATES,161 YULUPA CIR,,70098,SANTA ROSA,06097,SONOMA,06,CA,CALIFORNIA,95405,,CA-05,CA-04,,,,COUNTY-WIDE,USA,UNITED STATES,CA**097,,06097,SONOMA,06,CALIFORNIA,,CA-05,CA-90,,59.073: PAYCHECK PROTECTION LOAN PROGRAM (PPP),,,08,GUARANTEED/INSURED LOAN (F),TO AID SMALL BUSINESSES IN MAINTAINING WORK FORCE DURING COVID-19 PANDEMIC.,NON,NOT RECOVERY ACT,P,INDIVIDUAL,2,NON-AGGREGATE RECORD,,,,,,,,,,,https://www.usaspending.gov/award/ASST_NON_4787458204_073/,2021-01-06 03:33:53.27803+00
ASST_NON_4787498205_073,4787498205,,SAI EXEMPT,,,,,,2020-08-27,2020,0.00,,,,0.00,0.00,0.00,2020-08-06,2020,,,073,Small Business Administration,7300,Small Business Administration,737010,OFC OF CAPITAL ACCESS,073,Small Business Administration,7300,Small Business Administration,737010,OFC OF CAPITAL ACCESS,,,,,,,TREY GARRETT,TREY GARRETT,,,,USA,UNITED STATES,19768 WADLEY AVE,,11530,CARSON,06037,LOS ANGELES,06,CA,CALIFORNIA,90746,,CA-44,CA-44,,,,COUNTY-WIDE,USA,UNITED STATES,CA**037,,06037,LOS ANGELES,06,CALIFORNIA,,CA-44,CA-90,,59.073: PAYCHECK PROTECTION LOAN PROGRAM (PPP),,,08,GUARANTEED/INSURED LOAN (F),TO AID SMALL BUSINESSES IN MAINTAINING WORK FORCE DURING COVID-19 PANDEMIC.,NON,NOT RECOVERY ACT,P,INDIVIDUAL,2,NON-AGGREGATE RECORD,,,,,,,,,,,https://www.usaspending.gov/award/ASST_NON_4787498205_073/,2021-01-06 03:33:53.27803+00
ASST_NON_4787618204_073,4787618204,,SAI EXEMPT,,,,,,2020-08-27,2020,0.00,,,,0.00,0.00,0.00,2020-08-06,2020,,,073,Small Business Administration,7300,Small Business Administration,737010,OFC OF CAPITAL ACCESS,073,Small Business Administration,7300,Small Business Administration,737010,OFC OF CAPITAL ACCESS,,,,,,,MEIRYLAINE MACHADO DE AGUIAR,MEIRYLAINE MACHADO DE AGUIAR,,,,USA,UNITED STATES,24 CHANSLOR ROW,,60620,RICHMOND,06013,CONTRA COSTA,06,CA,CALIFORNIA,94801,,CA-11,CA-08,,,,COUNTY-WIDE,USA,UNITED STATES,CA**013,,06013,CONTRA COSTA,06,CALIFORNIA,,CA-11,CA-90,,59.073: PAYCHECK PROTECTION LOAN PROGRAM (PPP),,,08,GUARANTEED/INSURED LOAN (F),TO AID SMALL BUSINESSES IN MAINTAINING WORK FORCE DURING COVID-19 PANDEMIC.,NON,NOT RECOVERY ACT,P,INDIVIDUAL,2,NON-AGGREGATE RECORD,,,,,,,,,,,https://www.usaspending.gov/award/ASST_NON_4787618204_073/,2021-01-06 03:33:53.27803+00
ASST_NON_4787658205_073,4787658205,,SAI EXEMPT,,,,,,2020-08-27,2020,0.00,,,,0.00,0.00,0.00,2020-08-06,2020,,,073,Small Business Administration,7300,Small Business Administration,737010,OFC OF CAPITAL ACCESS,073,Small Business Administration,7300,Small Business Administration,737010,OFC OF CAPITAL ACCESS,,,,,,,NUEVA IMAGEN BEAUTY SALON,NUEVA IMAGEN BEAUTY SALON,,,,USA,UNITED STATES,14114 SOUTH NORMANDIE,,28168,GARDENA,06037,LOS ANGELES,06,CA,CALIFORNIA,90249,,CA-43,CA-43,,,,COUNTY-WIDE,USA,UNITED STATES,CA**037,,06037,LOS ANGELES,06,CALIFORNIA,,CA-43,CA-90,,59.073: PAYCHECK PROTECTION LOAN PROGRAM (PPP),,,08,GUARANTEED/INSURED LOAN (F),TO AID SMALL BUSINESSES IN MAINTAINING WORK FORCE DURING COVID-19 PANDEMIC.,NON,NOT RECOVERY ACT,P,INDIVIDUAL,2,NON-AGGREGATE RECORD,,,,,,,,,,,https://www.usaspending.gov/award/ASST_NON_4787658205_073/,2021-01-06 03:33:53.27803+00
ASST_NON_4787718210_073,4787718210,,SAI EXEMPT,,,,,,2020-08-27,2020,0.00,,,,0.00,0.00,0.00,2020-08-06,2020,,,073,Small Business Administration,7300,Small Business Administration,737010,OFC OF CAPITAL ACCESS,073,Small Business Administration,7300,Small Business Administration,737010,OFC OF CAPITAL ACCESS,,,,,,,TRACY RIDEOUT,TRACY RIDEOUT,,,,USA,UNITED STATES,3217 MACBETH STREET,,50258,NAPA,06055,NAPA,06,CA,CALIFORNIA,94558,,CA-05,CA-04,,,,COUNTY-WIDE,USA,UNITED STATES,CA**055,,06055,NAPA,06,CALIFORNIA,,CA-05,CA-04,,59.073: PAYCHECK PROTECTION LOAN PROGRAM (PPP),,,08,GUARANTEED/INSURED LOAN (F),TO AID SMALL BUSINESSES IN MAINTAINING WORK FORCE DURING COVID-19 PANDEMIC.,NON,NOT RECOVERY ACT,P,INDIVIDUAL,2,NON-AGGREGATE RECORD,,,,,,,,,,,https://www.usaspending.gov/award/ASST_NON_4787718210_073/,2021-01-06 03:33:53.27803+00
ASST_NON_4787728202_073,4787728202,,SAI EXEMPT,,,,,,2020-08-27,2020,0.00,,,,0.00,0.00,0.00,2020-08-06,2020,,,073,Small Business Administration,7300,Small Business Administration,737010,OFC OF CAPITAL ACCESS,073,Small Business Administration,7300,Small Business Administration,737010,OFC OF CAPITAL ACCESS,,,,,,,TWO VENTURES INC,TWO VENTURES INC,,,,USA,UNITED STATES,9630 MAPLE AVE,,33434,HESPERIA,06071,SAN BERNARDINO,06,CA,CALIFORNIA,92345,,CA-08,CA-23,,,,COUNTY-WIDE,USA,UNITED STATES,CA**071,,06071,SAN BERNARDINO,06,CALIFORNIA,,CA-08,CA-90,,59.073: PAYCHECK PROTECTION LOAN PROGRAM (PPP),,,08,GUARANTEED/INSURED LOAN (F),TO AID SMALL BUSINESSES IN MAINTAINING WORK FORCE DURING COVID-19 PANDEMIC.,NON,NOT RECOVERY ACT,R,SMALL BUSINESS,2,NON-AGGREGATE RECORD,,,,,,,,,,,https://www.usaspending.gov/award/ASST_NON_4787728202_073/,2021-01-06 03:33:53.27803+00
ASST_NON_4787748208_073,4787748208,,SAI EXEMPT,,,,,,2020-08-27,2020,0.00,,,,0.00,0.00,0.00,2020-08-06,2020,,,073,Small Business Administration,7300,Small Business Administration,737010,OFC OF CAPITAL ACCESS,073,Small Business Administration,7300,Small Business Administration,737010,OFC OF CAPITAL ACCESS,,,,,,,CAL-WEST CONSTRUCTION,CAL-WEST CONSTRUCTION,,,,USA,UNITED STATES,793 FALLON AVE,,69084,SANTA CLARA,06085,SANTA CLARA,06,CA,CALIFORNIA,95050,,CA-17,CA-17,,,,COUNTY-WIDE,USA,UNITED STATES,CA**085,,06085,SANTA CLARA,06,CALIFORNIA,,CA-17,CA-90,,59.073: PAYCHECK PROTECTION LOAN PROGRAM (PPP),,,08,GUARANTEED/INSURED LOAN (F),TO AID SMALL BUSINESSES IN MAINTAINING WORK FORCE DURING COVID-19 PANDEMIC.,NON,NOT RECOVERY ACT,P,INDIVIDUAL,2,NON-AGGREGATE RECORD,,,,,,,,,,,https://www.usaspending.gov/award/ASST_NON_4787748208_073/,2021-01-06 03:33:53.27803+00
ASST_NON_4788298206_073,4788298206,,SAI EXEMPT,,,,,,2020-08-27,2020,0.00,,,,0.00,0.00,0.00,2020-08-06,2020,,,073,Small Business Administration,7300,Small Business Administration,737010,OFC OF CAPITAL ACCESS,073,Small Business Administration,7300,Small Business Administration,737010,OFC OF CAPITAL ACCESS,,,,,,,LYNSEY HANSEN,LYNSEY HANSEN,,,,USA,UNITED STATES,645 MAIN ST,STE F,49362,MORRO BAY,06079,SAN LUIS OBISPO,06,CA,CALIFORNIA,93442,,CA-24,CA-24,,,,COUNTY-WIDE,USA,UNITED STATES,CA**079,,06079,SAN LUIS OBISPO,06,CALIFORNIA,,CA-24,CA-90,,59.073: PAYCHECK PROTECTION LOAN PROGRAM (PPP),,,08,GUARANTEED/INSURED LOAN (F),TO AID SMALL BUSINESSES IN MAINTAINING WORK FORCE DURING COVID-19 PANDEMIC.,NON,NOT RECOVERY ACT,P,INDIVIDUAL,2,NON-AGGREGATE RECORD,,,,,,,,,,,https://www.usaspending.gov/award/ASST_NON_4788298206_073/,2021-01-06 03:33:53.27803+00
ASST_NON_4788308207_073,4788308207,,SAI EXEMPT,,,,,,2020-08-27,2020,0.00,,,,0.00,0.00,0.00,2020-08-06,2020,,,073,Small Business Administration,7300,Small Business Administration,737010,OFC OF CAPITAL ACCESS,073,Small Business Administration,7300,Small Business Administration,737010,OFC OF CAPITAL ACCESS,,,,,,,LESLIE NGUYEN,LESLIE NGUYEN,,,,USA,UNITED STATES,1621 CANYON LK,,69000,SANTA ANA,06059,ORANGE,06,CA,CALIFORNIA,92705,,CA-46,CA-90,,,,COUNTY-WIDE,USA,UNITED STATES,CA**059,,06059,ORANGE,06,CALIFORNIA,,CA-46,CA-90,,59.073: PAYCHECK PROTECTION LOAN PROGRAM (PPP),,,08,GUARANTEED/INSURED LOAN (F),TO AID SMALL BUSINESSES IN MAINTAINING WORK FORCE DURING COVID-19 PANDEMIC.,NON,NOT RECOVERY ACT,P,INDIVIDUAL,2,NON-AGGREGATE RECORD,,,,,,,,,,,https://www.usaspending.gov/award/ASST_NON_4788308207_073/,2021-01-06 03:33:53.27803+00
ASST_NON_4788398201_073,4788398201,,SAI EXEMPT,,,,,,2020-08-27,2020,0.00,,,,0.00,0.00,0.00,2020-08-06,2020,,,073,Small Business Administration,7300,Small Business Administration,737010,OFC OF CAPITAL ACCESS,073,Small Business Administration,7300,Small Business Administration,737010,OFC OF CAPITAL ACCESS,,,,,,,NLD GRAPHICS AND PRINTING,NLD GRAPHICS AND PRINTING,,,,USA,UNITED STATES,17610 BEACH BLVD,39,36000,HUNTINGTON BEACH,06059,ORANGE,06,CA,CALIFORNIA,92647,,CA-48,CA-47,,,,COUNTY-WIDE,USA,UNITED STATES,CA**059,,06059,ORANGE,06,CALIFORNIA,,CA-48,CA-90,,59.073: PAYCHECK PROTECTION LOAN PROGRAM (PPP),,,08,GUARANTEED/INSURED LOAN (F),TO AID SMALL BUSINESSES IN MAINTAINING WORK FORCE DURING COVID-19 PANDEMIC.,NON,NOT RECOVERY ACT,P,INDIVIDUAL,2,NON-AGGREGATE RECORD,,,,,,,,,,,https://www.usaspending.gov/award/ASST_NON_4788398201_073/,2021-01-06 03:33:53.27803+00
ASST_NON_4788448203_073,4788448203,,SAI EXEMPT,,,,,,2020-08-27,2020,0.00,,,,0.00,0.00,0.00,2020-08-06,2020,,,073,Small Business Administration,7300,Small Business Administration,737010,OFC OF CAPITAL ACCESS,073,Small Business Administration,7300,Small Business Administration,737010,OFC OF CAPITAL ACCESS,,,,,,,ARASH RAHIMZADEH,ARASH RAHIMZADEH,,,,USA,UNITED STATES,1900 CAMDEAN AVE 204,204,68000,SAN JOSE,06085,SANTA CLARA,06,CA,CALIFORNIA,95124,,CA-18,CA-16,,,,COUNTY-WIDE,USA,UNITED STATES,CA**085,,06085,SANTA CLARA,06,CALIFORNIA,,CA-18,CA-90,,59.073: PAYCHECK PROTECTION LOAN PROGRAM (PPP),,,08,GUARANTEED/INSURED LOAN (F),TO AID SMALL BUSINESSES IN MAINTAINING WORK FORCE DURING COVID-19 PANDEMIC.,NON,NOT RECOVERY ACT,P,INDIVIDUAL,2,NON-AGGREGATE RECORD,,,,,,,,,,,https://www.usaspending.gov/award/ASST_NON_4788448203_073/,2021-01-06 03:33:53.27803+00
ASST_NON_4788478201_073,4788478201,,SAI EXEMPT,,,,,,2020-08-27,2020,0.00,,,,0.00,0.00,0.00,2020-08-06,2020,,,073,Small Business Administration,7300,Small Business Administration,737010,OFC OF CAPITAL ACCESS,073,Small Business Administration,7300,Small Business Administration,737010,OFC OF CAPITAL ACCESS,,,,,,,BATERDENE BADRALT,BATERDENE BADRALT,,,,USA,UNITED STATES,23 NORTHGATE AVE,6,17918,DALY CITY,06081,SAN MATEO,06,CA,CALIFORNIA,94015,,CA-14,CA-15,,,,COUNTY-WIDE,USA,UNITED STATES,CA**081,,06081,SAN MATEO,06,CALIFORNIA,,CA-14,CA-90,,59.073: PAYCHECK PROTECTION LOAN PROGRAM (PPP),,,08,GUARANTEED/INSURED LOAN (F),TO AID SMALL BUSINESSES IN MAINTAINING WORK FORCE DURING COVID-19 PANDEMIC.,NON,NOT RECOVERY ACT,P,INDIVIDUAL,2,NON-AGGREGATE RECORD,,,,,,,,,,,https://www.usaspending.gov/award/ASST_NON_4788478201_073/,2021-01-06 03:33:53.27803+00
ASST_NON_4788648204_073,4788648204,,SAI EXEMPT,,,,,,2020-08-27,2020,0.00,,,,0.00,0.00,0.00,2020-08-06,2020,,,073,Small Business Administration,7300,Small Business Administration,737010,OFC OF CAPITAL ACCESS,073,Small Business Administration,7300,Small Business Administration,737010,OFC OF CAPITAL ACCESS,,,,,,,MAX CHISEL,MAX CHISEL,,,,USA,UNITED STATES,224 OCOTILLO PLACE,,53322,OCEANSIDE,06073,SAN DIEGO,06,CA,CALIFORNIA,92057,,CA-49,CA-49,,,,COUNTY-WIDE,USA,UNITED STATES,CA**073,,06073,SAN DIEGO,06,CALIFORNIA,,CA-49,CA-90,,59.073: PAYCHECK PROTECTION LOAN PROGRAM (PPP),,,08,GUARANTEED/INSURED LOAN (F),TO AID SMALL BUSINESSES IN MAINTAINING WORK FORCE DURING COVID-19 PANDEMIC.,NON,NOT RECOVERY ACT,P,INDIVIDUAL,2,NON-AGGREGATE RECORD,,,,,,,,,,,https://www.usaspending.gov/award/ASST_NON_4788648204_073/,2021-01-06 03:33:53.27803+00
ASST_NON_4788728204_073,4788728204,,SAI EXEMPT,,,,,,2020-08-27,2020,0.00,,,,0.00,0.00,0.00,2020-08-06,2020,,,073,Small Business Administration,7300,Small Business Administration,737010,OFC OF CAPITAL ACCESS,073,Small Business Administration,7300,Small Business Administration,737010,OFC OF CAPITAL ACCESS,,,,,,,RICHARD FORD,RICHARD FORD,,,,USA,UNITED STATES,8626 ARTESIA BLVD,28,04982,BELLFLOWER,06037,LOS ANGELES,06,CA,CALIFORNIA,90706,,CA-38,CA-42,,,,COUNTY-WIDE,USA,UNITED STATES,CA**037,,06037,LOS ANGELES,06,CALIFORNIA,,CA-38,CA-90,,59.073: PAYCHECK PROTECTION LOAN PROGRAM (PPP),,,08,GUARANTEED/INSURED LOAN (F),TO AID SMALL BUSINESSES IN MAINTAINING WORK FORCE DURING COVID-19 PANDEMIC.,NON,NOT RECOVERY ACT,P,INDIVIDUAL,2,NON-AGGREGATE RECORD,,,,,,,,,,,https://www.usaspending.gov/award/ASST_NON_4788728204_073/,2021-01-06 03:33:53.27803+00
ASST_NON_4788808204_073,4788808204,,SAI EXEMPT,,,,,,2020-08-27,2020,0.00,,,,0.00,0.00,0.00,2020-08-06,2020,,,073,Small Business Administration,7300,Small Business Administration,737010,OFC OF CAPITAL ACCESS,073,Small Business Administration,7300,Small Business Administration,737010,OFC OF CAPITAL ACCESS,,,,,,,MARLON M RIVERA,MARLON M RIVERA,,,,USA,UNITED STATES,1818 N EDISON ST,,82954,VISALIA,06107,TULARE,06,CA,CALIFORNIA,93292,,CA-22,CA-90,,,,COUNTY-WIDE,USA,UNITED STATES,CA**107,,06107,TULARE,06,CALIFORNIA,,CA-22,CA-90,,59.073: PAYCHECK PROTECTION LOAN PROGRAM (PPP),,,08,GUARANTEED/INSURED LOAN (F),TO AID SMALL BUSINESSES IN MAINTAINING WORK FORCE DURING COVID-19 PANDEMIC.,NON,NOT RECOVERY ACT,P,INDIVIDUAL,2,NON-AGGREGATE RECORD,,,,,,,,,,,https://www.usaspending.gov/award/ASST_NON_4788808204_073/,2021-01-06 03:33:53.27803+00
ASST_NON_4788828210_073,4788828210,,SAI EXEMPT,,,,,,2020-08-27,2020,0.00,,,,0.00,0.00,0.00,2020-08-06,2020,,,073,Small Business Administration,7300,Small Business Administration,737010,OFC OF CAPITAL ACCESS,073,Small Business Administration,7300,Small Business Administration,737010,OFC OF CAPITAL ACCESS,,,,,,,DAVID SCOTT,DAVID SCOTT,,,,USA,UNITED STATES,16658 DESERT WILLOW ST,,82590,VICTORVILLE,06071,SAN BERNARDINO,06,CA,CALIFORNIA,92394,,CA-08,CA-23,,,,COUNTY-WIDE,USA,UNITED STATES,CA**071,,06071,SAN BERNARDINO,06,CALIFORNIA,,CA-08,CA-90,,59.073: PAYCHECK PROTECTION LOAN PROGRAM (PPP),,,08,GUARANTEED/INSURED LOAN (F),TO AID SMALL BUSINESSES IN MAINTAINING WORK FORCE DURING COVID-19 PANDEMIC.,NON,NOT RECOVERY ACT,P,INDIVIDUAL,2,NON-AGGREGATE RECORD,,,,,,,,,,,https://www.usaspending.gov/award/ASST_NON_4788828210_073/,2021-01-06 03:33:53.27803+00
ASST_NON_4789008202_073,4789008202,,SAI EXEMPT,,,,,,2020-08-27,2020,0.00,,,,0.00,0.00,0.00,2020-08-06,2020,,,073,Small Business Administration,7300,Small Business Administration,737010,OFC OF CAPITAL ACCESS,073,Small Business Administration,7300,Small Business Administration,737010,OFC OF CAPITAL ACCESS,,,,,,,ADRIAN ZAVALA,ADRIAN ZAVALA,,,,USA,UNITED STATES,1445 GLEN AVON DR,,68196,SAN MARCOS,06073,SAN DIEGO,06,CA,CALIFORNIA,92069,,CA-50,CA-50,,,,COUNTY-WIDE,USA,UNITED STATES,CA**073,,06073,SAN DIEGO,06,CALIFORNIA,,CA-50,CA-90,,59.073: PAYCHECK PROTECTION LOAN PROGRAM (PPP),,,08,GUARANTEED/INSURED LOAN (F),TO AID SMALL BUSINESSES IN MAINTAINING WORK FORCE DURING COVID-19 PANDEMIC.,NON,NOT RECOVERY ACT,P,INDIVIDUAL,2,NON-AGGREGATE RECORD,,,,,,,,,,,https://www.usaspending.gov/award/ASST_NON_4789008202_073/,2021-01-06 03:33:53.27803+00
ASST_NON_4789018205_073,4789018205,,SAI EXEMPT,,,,,,2020-08-27,2020,0.00,,,,0.00,0.00,0.00,2020-08-06,2020,,,073,Small Business Administration,7300,Small Business Administration,737010,OFC OF CAPITAL ACCESS,073,Small Business Administration,7300,Small Business Administration,737010,OFC OF CAPITAL ACCESS,,,,,,,JOHN GRANDY CONSULTING,JOHN GRANDY CONSULTING,,,,USA,UNITED STATES,2410 5TH STREET APT 2,,06000,BERKELEY,06001,ALAMEDA,06,CA,CALIFORNIA,94710,,CA-13,CA-12,,,,COUNTY-WIDE,USA,UNITED STATES,CA**001,,06001,ALAMEDA,06,CALIFORNIA,,CA-13,CA-90,,59.073: PAYCHECK PROTECTION LOAN PROGRAM (PPP),,,08,GUARANTEED/INSURED LOAN (F),TO AID SMALL BUSINESSES IN MAINTAINING WORK FORCE DURING COVID-19 PANDEMIC.,NON,NOT RECOVERY ACT,P,INDIVIDUAL,2,NON-AGGREGATE RECORD,,,,,,,,,,,https://www.usaspending.gov/award/ASST_NON_4789018205_073/,2021-01-06 03:33:53.27803+00
ASST_NON_4789038200_073,4789038200,,SAI EXEMPT,,,,,,2020-08-27,2020,0.00,,,,0.00,0.00,0.00,2020-08-06,2020,,,073,Small Business Administration,7300,Small Business Administration,737010,OFC OF CAPITAL ACCESS,073,Small Business Administration,7300,Small Business Administration,737010,OFC OF CAPITAL ACCESS,,,,,,,RICHARD ECKHOUSE,RICHARD ECKHOUSE,,,,USA,UNITED STATES,433 G STREET,SUITE 402,66000,SAN DIEGO,06073,SAN DIEGO,06,CA,CALIFORNIA,92101,,CA-52,CA-50,,,,COUNTY-WIDE,USA,UNITED STATES,CA**073,,06073,SAN DIEGO,06,CALIFORNIA,,CA-52,CA-90,,59.073: PAYCHECK PROTECTION LOAN PROGRAM (PPP),,,08,GUARANTEED/INSURED LOAN (F),TO AID SMALL BUSINESSES IN MAINTAINING WORK FORCE DURING COVID-19 PANDEMIC.,NON,NOT RECOVERY ACT,P,INDIVIDUAL,2,NON-AGGREGATE RECORD,,,,,,,,,,,https://www.usaspending.gov/award/ASST_NON_4789038200_073/,2021-01-06 03:33:53.27803+00
ASST_NON_4789178207_073,4789178207,,SAI EXEMPT,,,,,,2020-08-27,2020,0.00,,,,0.00,0.00,0.00,2020-08-06,2020,,,073,Small Business Administration,7300,Small Business Administration,737010,OFC OF CAPITAL ACCESS,073,Small Business Administration,7300,Small Business Administration,737010,OFC OF CAPITAL ACCESS,,,,,,,VAZGEN MAZANIANS,VAZGEN MAZANIANS,,,,USA,UNITED STATES,1301 WEST GLENOAKS BLVD,,29728,GLENDALE,06037,LOS ANGELES,06,CA,CALIFORNIA,91201,,CA-28,CA-30,,,,COUNTY-WIDE,USA,UNITED STATES,CA**037,,06037,LOS ANGELES,06,CALIFORNIA,,CA-28,CA-90,,59.073: PAYCHECK PROTECTION LOAN PROGRAM (PPP),,,08,GUARANTEED/INSURED LOAN (F),TO AID SMALL BUSINESSES IN MAINTAINING WORK FORCE DURING COVID-19 PANDEMIC.,NON,NOT RECOVERY ACT,P,INDIVIDUAL,2,NON-AGGREGATE RECORD,,,,,,,,,,,https://www.usaspending.gov/award/ASST_NON_4789178207_073/,2021-01-06 03:33:53.27803+00
ASST_NON_4789188210_073,4789188210,,SAI EXEMPT,,,,,,2020-08-27,2020,0.00,,,,0.00,0.00,0.00,2020-08-06,2020,,,073,Small Business Administration,7300,Small Business Administration,737010,OFC OF CAPITAL ACCESS,073,Small Business Administration,7300,Small Business Administration,737010,OFC OF CAPITAL ACCESS,,,,,,,EHSAN MOHAMMADI,EHSAN MOHAMMADI,,,,USA,UNITED STATES,100 VAN NESS AVE,APT 610,67000,SAN FRANCISCO,06075,SAN FRANCISCO,06,CA,CALIFORNIA,94102,,CA-12,CA-11,,,,COUNTY-WIDE,USA,UNITED STATES,CA**075,,06075,SAN FRANCISCO,06,CALIFORNIA,,CA-12,CA-90,,59.073: PAYCHECK PROTECTION LOAN PROGRAM (PPP),,,08,GUARANTEED/INSURED LOAN (F),TO AID SMALL BUSINESSES IN MAINTAINING WORK FORCE DURING COVID-19 PANDEMIC.,NON,NOT RECOVERY ACT,P,INDIVIDUAL,2,NON-AGGREGATE RECORD,,,,,,,,,,,https://www.usaspending.gov/award/ASST_NON_4789188210_073/,2021-01-06 03:33:53.27803+00
ASST_NON_4789258207_073,4789258207,,SAI EXEMPT,,,,,,2020-08-27,2020,0.00,,,,0.00,0.00,0.00,2020-08-06,2020,,,073,Small Business Administration,7300,Small Business Administration,737010,OFC OF CAPITAL ACCESS,073,Small Business Administration,7300,Small Business Administration,737010,OFC OF CAPITAL ACCESS,,,,,,,SAMANTHA COGGINS,SAMANTHA COGGINS,,,,USA,UNITED STATES,11207 S PRAIRIE AVE,APT 43,36546,INGLEWOOD,06037,LOS ANGELES,06,CA,CALIFORNIA,90303,,CA-43,CA-43,,,,COUNTY-WIDE,USA,UNITED STATES,CA**037,,06037,LOS ANGELES,06,CALIFORNIA,,CA-43,CA-90,,59.073: PAYCHECK PROTECTION LOAN PROGRAM (PPP),,,08,GUARANTEED/INSURED LOAN (F),TO AID SMALL BUSINESSES IN MAINTAINING WORK FORCE DURING COVID-19 PANDEMIC.,NON,NOT RECOVERY ACT,P,INDIVIDUAL,2,NON-AGGREGATE RECORD,,,,,,,,,,,https://www.usaspending.gov/award/ASST_NON_4789258207_073/,2021-01-06 03:33:53.27803+00
ASST_NON_4789268210_073,4789268210,,SAI EXEMPT,,,,,,2020-08-27,2020,0.00,,,,0.00,0.00,0.00,2020-08-06,2020,,,073,Small Business Administration,7300,Small Business Administration,737010,OFC OF CAPITAL ACCESS,073,Small Business Administration,7300,Small Business Administration,737010,OFC OF CAPITAL ACCESS,,,,,,,VALUE PLUS ENTERPRISES LLC,VALUE PLUS ENTERPRISES LLC,,,,USA,UNITED STATES,41557 JOYCE AVENUE,,26004,FREMONT,06001,ALAMEDA,06,CA,CALIFORNIA,94539,,CA-17,CA-90,,,,COUNTY-WIDE,USA,UNITED STATES,CA**001,,06001,ALAMEDA,06,CALIFORNIA,,CA-17,CA-90,,59.073: PAYCHECK PROTECTION LOAN PROGRAM (PPP),,,08,GUARANTEED/INSURED LOAN (F),TO AID SMALL BUSINESSES IN MAINTAINING WORK FORCE DURING COVID-19 PANDEMIC.,NON,NOT RECOVERY ACT,P,INDIVIDUAL,2,NON-AGGREGATE RECORD,,,,,,,,,,,https://www.usaspending.gov/award/ASST_NON_4789268210_073/,2021-01-06 03:33:53.27803+00
ASST_NON_4789968208_073,4789968208,,SAI EXEMPT,,,,,,2020-08-27,2020,0.00,,,,0.00,0.00,0.00,2020-08-06,2020,,,073,Small Business Administration,7300,Small Business Administration,737010,OFC OF CAPITAL ACCESS,073,Small Business Administration,7300,Small Business Administration,737010,OFC OF CAPITAL ACCESS,,,,,,,DENNIS HO,DENNIS HO,,,,USA,UNITED STATES,1733 W AVE H1,,40130,LANCASTER,06037,LOS ANGELES,06,CA,CALIFORNIA,93534,,CA-23,CA-27,,,,COUNTY-WIDE,USA,UNITED STATES,CA**037,,06037,LOS ANGELES,06,CALIFORNIA,,CA-23,CA-90,,59.073: PAYCHECK PROTECTION LOAN PROGRAM (PPP),,,08,GUARANTEED/INSURED LOAN (F),TO AID SMALL BUSINESSES IN MAINTAINING WORK FORCE DURING COVID-19 PANDEMIC.,NON,NOT RECOVERY ACT,P,INDIVIDUAL,2,NON-AGGREGATE RECORD,,,,,,,,,,,https://www.usaspending.gov/award/ASST_NON_4789968208_073/,2021-01-06 03:33:53.27803+00
ASST_NON_4790028205_073,4790028205,,SAI EXEMPT,,,,,,2020-08-27,2020,0.00,,,,0.00,0.00,0.00,2020-08-06,2020,,,073,Small Business Administration,7300,Small Business Administration,737010,OFC OF CAPITAL ACCESS,073,Small Business Administration,7300,Small Business Administration,737010,OFC OF CAPITAL ACCESS,,,,,,,REDWOOD COAST BUILDERS,REDWOOD COAST BUILDERS,,,,USA,UNITED STATES,999 OLD SAN JOSE RD,51,72688,SOQUEL,06087,SANTA CRUZ,06,CA,CALIFORNIA,95073,,CA-20,CA-19,,,,COUNTY-WIDE,USA,UNITED STATES,CA**087,,06087,SANTA CRUZ,06,CALIFORNIA,,CA-20,CA-90,,59.073: PAYCHECK PROTECTION LOAN PROGRAM (PPP),,,08,GUARANTEED/INSURED LOAN (F),TO AID SMALL BUSINESSES IN MAINTAINING WORK FORCE DURING COVID-19 PANDEMIC.,NON,NOT RECOVERY ACT,P,INDIVIDUAL,2,NON-AGGREGATE RECORD,,,,,,,,,,,https://www.usaspending.gov/award/ASST_NON_4790028205_073/,2021-01-06 03:33:53.27803+00
ASST_NON_4790048200_073,4790048200,,SAI EXEMPT,,,,,,2020-08-27,2020,0.00,,,,0.00,0.00,0.00,2020-08-06,2020,,,073,Small Business Administration,7300,Small Business Administration,737010,OFC OF CAPITAL ACCESS,073,Small Business Administration,7300,Small Business Administration,737010,OFC OF CAPITAL ACCESS,,,,,,,DOGSETC.,DOGSETC.,,,,USA,UNITED STATES,114 S. REDWOOD AVE,,08100,BREA,06059,ORANGE,06,CA,CALIFORNIA,92821,,CA-39,CA-90,,,,COUNTY-WIDE,USA,UNITED STATES,CA**059,,06059,ORANGE,06,CALIFORNIA,,CA-39,CA-90,,59.073: PAYCHECK PROTECTION LOAN PROGRAM (PPP),,,08,GUARANTEED/INSURED LOAN (F),TO AID SMALL BUSINESSES IN MAINTAINING WORK FORCE DURING COVID-19 PANDEMIC.,NON,NOT RECOVERY ACT,P,INDIVIDUAL,2,NON-AGGREGATE RECORD,,,,,,,,,,,https://www.usaspending.gov/award/ASST_NON_4790048200_073/,2021-01-06 03:33:53.27803+00
ASST_NON_4790168201_073,4790168201,,SAI EXEMPT,,,,,,2020-08-27,2020,0.00,,,,0.00,0.00,0.00,2020-08-06,2020,,,073,Small Business Administration,7300,Small Business Administration,737010,OFC OF CAPITAL ACCESS,073,Small Business Administration,7300,Small Business Administration,737010,OFC OF CAPITAL ACCESS,,,,,,,ELIZABETH ZAVALA,ELIZABETH ZAVALA,,,,USA,UNITED STATES,1445 GLEN AVON,,68196,SAN MARCOS,06073,SAN DIEGO,06,CA,CALIFORNIA,92069,,CA-50,CA-50,,,,COUNTY-WIDE,USA,UNITED STATES,CA**073,,06073,SAN DIEGO,06,CALIFORNIA,,CA-50,CA-90,,59.073: PAYCHECK PROTECTION LOAN PROGRAM (PPP),,,08,GUARANTEED/INSURED LOAN (F),TO AID SMALL BUSINESSES IN MAINTAINING WORK FORCE DURING COVID-19 PANDEMIC.,NON,NOT RECOVERY ACT,P,INDIVIDUAL,2,NON-AGGREGATE RECORD,,,,,,,,,,,https://www.usaspending.gov/award/ASST_NON_4790168201_073/,2021-01-06 03:33:53.27803+00
ASST_NON_4790268207_073,4790268207,,SAI EXEMPT,,,,,,2020-08-27,2020,0.00,,,,0.00,0.00,0.00,2020-08-06,2020,,,073,Small Business Administration,7300,Small Business Administration,737010,OFC OF CAPITAL ACCESS,073,Small Business Administration,7300,Small Business Administration,737010,OFC OF CAPITAL ACCESS,,,,,,,ABDELRAHMAN MOHAMED ELKHOULY,ABDELRAHMAN MOHAMED ELKHOULY,,,,USA,UNITED STATES,8234 BEN AVE,,51952,NORTH HOLLYWOOD,06037,LOS ANGELES,06,CA,CALIFORNIA,91605,,CA-29,CA-29,,,,COUNTY-WIDE,USA,UNITED STATES,CA**037,,06037,LOS ANGELES,06,CALIFORNIA,,CA-29,CA-90,,59.073: PAYCHECK PROTECTION LOAN PROGRAM (PPP),,,08,GUARANTEED/INSURED LOAN (F),TO AID SMALL BUSINESSES IN MAINTAINING WORK FORCE DURING COVID-19 PANDEMIC.,NON,NOT RECOVERY ACT,P,INDIVIDUAL,2,NON-AGGREGATE RECORD,,,,,,,,,,,https://www.usaspending.gov/award/ASST_NON_4790268207_073/,2021-01-06 03:33:53.27803+00
ASST_NON_4790288202_073,4790288202,,SAI EXEMPT,,,,,,2020-08-27,2020,0.00,,,,0.00,0.00,0.00,2020-08-06,2020,,,073,Small Business Administration,7300,Small Business Administration,737010,OFC OF CAPITAL ACCESS,073,Small Business Administration,7300,Small Business Administration,737010,OFC OF CAPITAL ACCESS,,,,,,,FISHER FOODS,FISHER FOODS,,,,USA,UNITED STATES,450 REFLECTIONS CIR,,68378,SAN RAMON,06013,CONTRA COSTA,06,CA,CALIFORNIA,94583,,CA-15,CA-10,,,,COUNTY-WIDE,USA,UNITED STATES,CA**013,,06013,CONTRA COSTA,06,CALIFORNIA,,CA-15,CA-90,,59.073: PAYCHECK PROTECTION LOAN PROGRAM (PPP),,,08,GUARANTEED/INSURED LOAN (F),TO AID SMALL BUSINESSES IN MAINTAINING WORK FORCE DURING COVID-19 PANDEMIC.,NON,NOT RECOVERY ACT,P,INDIVIDUAL,2,NON-AGGREGATE RECORD,,,,,,,,,,,https://www.usaspending.gov/award/ASST_NON_4790288202_073/,2021-01-06 03:33:53.27803+00
ASST_NON_4790418204_073,4790418204,,SAI EXEMPT,,,,,,2020-08-27,2020,0.00,,,,0.00,0.00,0.00,2020-08-06,2020,,,073,Small Business Administration,7300,Small Business Administration,737010,OFC OF CAPITAL ACCESS,073,Small Business Administration,7300,Small Business Administration,737010,OFC OF CAPITAL ACCESS,,,,,,,HIEU DANG,HIEU DANG,,,,USA,UNITED STATES,8264 COTTONFIELD WAY,,64000,SACRAMENTO,06067,SACRAMENTO,06,CA,CALIFORNIA,95828,,CA-07,CA-07,,,,COUNTY-WIDE,USA,UNITED STATES,CA**067,,06067,SACRAMENTO,06,CALIFORNIA,,CA-07,CA-90,,59.073: PAYCHECK PROTECTION LOAN PROGRAM (PPP),,,08,GUARANTEED/INSURED LOAN (F),TO AID SMALL BUSINESSES IN MAINTAINING WORK FORCE DURING COVID-19 PANDEMIC.,NON,NOT RECOVERY ACT,P,INDIVIDUAL,2,NON-AGGREGATE RECORD,,,,,,,,,,,https://www.usaspending.gov/award/ASST_NON_4790418204_073/,2021-01-06 03:33:53.27803+00
ASST_NON_4790438210_073,4790438210,,SAI EXEMPT,,,,,,2020-08-27,2020,0.00,,,,0.00,0.00,0.00,2020-08-06,2020,,,073,Small Business Administration,7300,Small Business Administration,737010,OFC OF CAPITAL ACCESS,073,Small Business Administration,7300,Small Business Administration,737010,OFC OF CAPITAL ACCESS,,,,,,,JAYLIN TYNES,JAYLIN TYNES,,,,USA,UNITED STATES,501 EAST AVE J10,,40130,LANCASTER,06037,LOS ANGELES,06,CA,CALIFORNIA,93535,,CA-25,CA-27,,,,COUNTY-WIDE,USA,UNITED STATES,CA**037,,06037,LOS ANGELES,06,CALIFORNIA,,CA-25,CA-90,,59.073: PAYCHECK PROTECTION LOAN PROGRAM (PPP),,,08,GUARANTEED/INSURED LOAN (F),TO AID SMALL BUSINESSES IN MAINTAINING WORK FORCE DURING COVID-19 PANDEMIC.,NON,NOT RECOVERY ACT,P,INDIVIDUAL,2,NON-AGGREGATE RECORD,,,,,,,,,,,https://www.usaspending.gov/award/ASST_NON_4790438210_073/,2021-01-06 03:33:53.27803+00
ASST_NON_4790528202_073,4790528202,,SAI EXEMPT,,,,,,2020-08-27,2020,0.00,,,,0.00,0.00,0.00,2020-08-06,2020,,,073,Small Business Administration,7300,Small Business Administration,737010,OFC OF CAPITAL ACCESS,073,Small Business Administration,7300,Small Business Administration,737010,OFC OF CAPITAL ACCESS,,,,,,,SUN HWANG,SUN HWANG,,,,USA,UNITED STATES,23212 S. VERMONT AVENUE,,80000,TORRANCE,06037,LOS ANGELES,06,CA,CALIFORNIA,90502,,CA-43,CA-44,,,,COUNTY-WIDE,USA,UNITED STATES,CA**037,,06037,LOS ANGELES,06,CALIFORNIA,,CA-43,CA-90,,59.073: PAYCHECK PROTECTION LOAN PROGRAM (PPP),,,08,GUARANTEED/INSURED LOAN (F),TO AID SMALL BUSINESSES IN MAINTAINING WORK FORCE DURING COVID-19 PANDEMIC.,NON,NOT RECOVERY ACT,P,INDIVIDUAL,2,NON-AGGREGATE RECORD,,,,,,,,,,,https://www.usaspending.gov/award/ASST_NON_4790528202_073/,2021-01-06 03:33:53.27803+00
ASST_NON_4790548208_073,4790548208,,SAI EXEMPT,,,,,,2020-08-27,2020,0.00,,,,0.00,0.00,0.00,2020-08-06,2020,,,073,Small Business Administration,7300,Small Business Administration,737010,OFC OF CAPITAL ACCESS,073,Small Business Administration,7300,Small Business Administration,737010,OFC OF CAPITAL ACCESS,,,,,,,RRF GARCIA CONSTRUCTION AND DESIGN,RRF GARCIA CONSTRUCTION AND DESIGN,,,,USA,UNITED STATES,400 W CALIFORNIA AVE,UNIT 305,29728,GLENDALE,06037,LOS ANGELES,06,CA,CALIFORNIA,91203,,CA-28,CA-30,,,,COUNTY-WIDE,USA,UNITED STATES,CA**037,,06037,LOS ANGELES,06,CALIFORNIA,,CA-28,CA-90,,59.073: PAYCHECK PROTECTION LOAN PROGRAM (PPP),,,08,GUARANTEED/INSURED LOAN (F),TO AID SMALL BUSINESSES IN MAINTAINING WORK FORCE DURING COVID-19 PANDEMIC.,NON,NOT RECOVERY ACT,P,INDIVIDUAL,2,NON-AGGREGATE RECORD,,,,,,,,,,,https://www.usaspending.gov/award/ASST_NON_4790548208_073/,2021-01-06 03:33:53.27803+00
ASST_NON_4790598201_073,4790598201,,SAI EXEMPT,,,,,,2020-08-27,2020,0.00,,,,0.00,0.00,0.00,2020-08-06,2020,,,073,Small Business Administration,7300,Small Business Administration,737010,OFC OF CAPITAL ACCESS,073,Small Business Administration,7300,Small Business Administration,737010,OFC OF CAPITAL ACCESS,,,,,,,NGO LABORSTORIES,NGO LABORSTORIES,,,,USA,UNITED STATES,11562 KNOTT ST STE 2,,29000,GARDEN GROVE,06059,ORANGE,06,CA,CALIFORNIA,92841,,CA-47,CA-45,,,,COUNTY-WIDE,USA,UNITED STATES,CA**059,,06059,ORANGE,06,CALIFORNIA,,CA-47,CA-90,,59.073: PAYCHECK PROTECTION LOAN PROGRAM (PPP),,,08,GUARANTEED/INSURED LOAN (F),TO AID SMALL BUSINESSES IN MAINTAINING WORK FORCE DURING COVID-19 PANDEMIC.,NON,NOT RECOVERY ACT,P,INDIVIDUAL,2,NON-AGGREGATE RECORD,,,,,,,,,,,https://www.usaspending.gov/award/ASST_NON_4790598201_073/,2021-01-06 03:33:53.27803+00
ASST_NON_4790628208_073,4790628208,,SAI EXEMPT,,,,,,2020-08-27,2020,0.00,,,,0.00,0.00,0.00,2020-08-06,2020,,,073,Small Business Administration,7300,Small Business Administration,737010,OFC OF CAPITAL ACCESS,073,Small Business Administration,7300,Small Business Administration,737010,OFC OF CAPITAL ACCESS,,,,,,,PAUL JONES,PAUL JONES,,,,USA,UNITED STATES,43518 KIRKLAND AVENUE,209,40130,LANCASTER,06037,LOS ANGELES,06,CA,CALIFORNIA,93535,,CA-25,CA-27,,,,COUNTY-WIDE,USA,UNITED STATES,CA**037,,06037,LOS ANGELES,06,CALIFORNIA,,CA-25,CA-90,,59.073: PAYCHECK PROTECTION LOAN PROGRAM (PPP),,,08,GUARANTEED/INSURED LOAN (F),TO AID SMALL BUSINESSES IN MAINTAINING WORK FORCE DURING COVID-19 PANDEMIC.,NON,NOT RECOVERY ACT,P,INDIVIDUAL,2,NON-AGGREGATE RECORD,,,,,,,,,,,https://www.usaspending.gov/award/ASST_NON_4790628208_073/,2021-01-06 03:33:53.27803+00
ASST_NON_4791358201_073,4791358201,,SAI EXEMPT,,,,,,2020-08-27,2020,0.00,,,,0.00,0.00,0.00,2020-08-06,2020,,,073,Small Business Administration,7300,Small Business Administration,737010,OFC OF CAPITAL ACCESS,073,Small Business Administration,7300,Small Business Administration,737010,OFC OF CAPITAL ACCESS,,,,,,,BAY AREA CHILDREN,BAY AREA CHILDREN,,,,USA,UNITED STATES,116 APTOS WAY,,73262,SOUTH SAN FRANCISCO,06081,SAN MATEO,06,CA,CALIFORNIA,94080,,CA-14,CA-15,,,,COUNTY-WIDE,USA,UNITED STATES,CA**081,,06081,SAN MATEO,06,CALIFORNIA,,CA-14,CA-90,,59.073: PAYCHECK PROTECTION LOAN PROGRAM (PPP),,,08,GUARANTEED/INSURED LOAN (F),TO AID SMALL BUSINESSES IN MAINTAINING WORK FORCE DURING COVID-19 PANDEMIC.,NON,NOT RECOVERY ACT,P,INDIVIDUAL,2,NON-AGGREGATE RECORD,,,,,,,,,,,https://www.usaspending.gov/award/ASST_NON_4791358201_073/,2021-01-06 03:33:53.27803+00
ASST_NON_4791408203_073,4791408203,,SAI EXEMPT,,,,,,2020-08-27,2020,0.00,,,,0.00,0.00,0.00,2020-08-06,2020,,,073,Small Business Administration,7300,Small Business Administration,737010,OFC OF CAPITAL ACCESS,073,Small Business Administration,7300,Small Business Administration,737010,OFC OF CAPITAL ACCESS,,,,,,,LUONG JOHN,LUONG JOHN,,,,USA,UNITED STATES,4146 39TH ST.,4,66000,SAN DIEGO,06073,SAN DIEGO,06,CA,CALIFORNIA,92105,,CA-51,CA-52,,,,COUNTY-WIDE,USA,UNITED STATES,CA**073,,06073,SAN DIEGO,06,CALIFORNIA,,CA-51,CA-90,,59.073: PAYCHECK PROTECTION LOAN PROGRAM (PPP),,,08,GUARANTEED/INSURED LOAN (F),TO AID SMALL BUSINESSES IN MAINTAINING WORK FORCE DURING COVID-19 PANDEMIC.,NON,NOT RECOVERY ACT,P,INDIVIDUAL,2,NON-AGGREGATE RECORD,,,,,,,,,,,https://www.usaspending.gov/award/ASST_NON_4791408203_073/,2021-01-06 03:33:53.27803+00
ASST_NON_4791478202_073,4791478202,,SAI EXEMPT,,,,,,2020-08-27,2020,0.00,,,,0.00,0.00,0.00,2020-08-06,2020,,,073,Small Business Administration,7300,Small Business Administration,737010,OFC OF CAPITAL ACCESS,073,Small Business Administration,7300,Small Business Administration,737010,OFC OF CAPITAL ACCESS,,,,,,,SUSAN L. SPIELMAN,SUSAN L. SPIELMAN,,,,USA,UNITED STATES,212 EUCLID AVE.,105,43000,LONG BEACH,06037,LOS ANGELES,06,CA,CALIFORNIA,90803,,CA-47,CA-42,,,,COUNTY-WIDE,USA,UNITED STATES,CA**037,,06037,LOS ANGELES,06,CALIFORNIA,,CA-47,CA-90,,59.073: PAYCHECK PROTECTION LOAN PROGRAM (PPP),,,08,GUARANTEED/INSURED LOAN (F),TO AID SMALL BUSINESSES IN MAINTAINING WORK FORCE DURING COVID-19 PANDEMIC.,NON,NOT RECOVERY ACT,P,INDIVIDUAL,2,NON-AGGREGATE RECORD,,,,,,,,,,,https://www.usaspending.gov/award/ASST_NON_4791478202_073/,2021-01-06 03:33:53.27803+00
ASST_NON_4791508209_073,4791508209,,SAI EXEMPT,,,,,,2020-08-27,2020,0.00,,,,0.00,0.00,0.00,2020-08-06,2020,,,073,Small Business Administration,7300,Small Business Administration,737010,OFC OF CAPITAL ACCESS,073,Small Business Administration,7300,Small Business Administration,737010,OFC OF CAPITAL ACCESS,,,,,,,EL PLEBES APPRAISAL LLC,EL PLEBES APPRAISAL LLC,,,,USA,UNITED STATES,570 E 3RD ST,,54652,OXNARD,06111,VENTURA,06,CA,CALIFORNIA,93030,,CA-26,CA-26,,,,COUNTY-WIDE,USA,UNITED STATES,CA**111,,06111,VENTURA,06,CALIFORNIA,,CA-26,CA-26,,59.073: PAYCHECK PROTECTION LOAN PROGRAM (PPP),,,08,GUARANTEED/INSURED LOAN (F),TO AID SMALL BUSINESSES IN MAINTAINING WORK FORCE DURING COVID-19 PANDEMIC.,NON,NOT RECOVERY ACT,P,INDIVIDUAL,2,NON-AGGREGATE RECORD,,,,,,,,,,,https://www.usaspending.gov/award/ASST_NON_4791508209_073/,2021-01-06 03:33:53.27803+00
ASST_NON_4791548210_073,4791548210,,SAI EXEMPT,,,,,,2020-08-27,2020,0.00,,,,0.00,0.00,0.00,2020-08-06,2020,,,073,Small Business Administration,7300,Small Business Administration,737010,OFC OF CAPITAL ACCESS,073,Small Business Administration,7300,Small Business Administration,737010,OFC OF CAPITAL ACCESS,,,,,,,ABDULRAHMAN ALGOFI,ABDULRAHMAN ALGOFI,,,,USA,UNITED STATES,2072 ORESTES WAY,,64000,SACRAMENTO,06067,SACRAMENTO,06,CA,CALIFORNIA,95833,,CA-06,CA-06,,,,COUNTY-WIDE,USA,UNITED STATES,CA**067,,06067,SACRAMENTO,06,CALIFORNIA,,CA-06,CA-90,,59.073: PAYCHECK PROTECTION LOAN PROGRAM (PPP),,,08,GUARANTEED/INSURED LOAN (F),TO AID SMALL BUSINESSES IN MAINTAINING WORK FORCE DURING COVID-19 PANDEMIC.,NON,NOT RECOVERY ACT,P,INDIVIDUAL,2,NON-AGGREGATE RECORD,,,,,,,,,,,https://www.usaspending.gov/award/ASST_NON_4791548210_073/,2021-01-06 03:33:53.27803+00
ASST_NON_4791628210_073,4791628210,,SAI EXEMPT,,,,,,2020-08-27,2020,0.00,,,,0.00,0.00,0.00,2020-08-06,2020,,,073,Small Business Administration,7300,Small Business Administration,737010,OFC OF CAPITAL ACCESS,073,Small Business Administration,7300,Small Business Administration,737010,OFC OF CAPITAL ACCESS,,,,,,,DAHLIA TURNBULL,DAHLIA TURNBULL,,,,USA,UNITED STATES,13900 FIJI WAY,UNIT.302,45806,MARINA DEL REY,06037,LOS ANGELES,06,CA,CALIFORNIA,90292,,CA-33,CA-36,,,,COUNTY-WIDE,USA,UNITED STATES,CA**037,,06037,LOS ANGELES,06,CALIFORNIA,,CA-33,CA-90,,59.073: PAYCHECK PROTECTION LOAN PROGRAM (PPP),,,08,GUARANTEED/INSURED LOAN (F),TO AID SMALL BUSINESSES IN MAINTAINING WORK FORCE DURING COVID-19 PANDEMIC.,NON,NOT RECOVERY ACT,P,INDIVIDUAL,2,NON-AGGREGATE RECORD,,,,,,,,,,,https://www.usaspending.gov/award/ASST_NON_4791628210_073/,2021-01-06 03:33:53.27803+00
ASST_NON_4791638202_073,4791638202,,SAI EXEMPT,,,,,,2020-08-27,2020,0.00,,,,0.00,0.00,0.00,2020-08-06,2020,,,073,Small Business Administration,7300,Small Business Administration,737010,OFC OF CAPITAL ACCESS,073,Small Business Administration,7300,Small Business Administration,737010,OFC OF CAPITAL ACCESS,,,,,,,MARTIN PADILLA,MARTIN PADILLA,,,,USA,UNITED STATES,1146 N COUNCIL AVE,,53896,ONTARIO,06071,SAN BERNARDINO,06,CA,CALIFORNIA,91764,,CA-35,CA-35,,,,COUNTY-WIDE,USA,UNITED STATES,CA**071,,06071,SAN BERNARDINO,06,CALIFORNIA,,CA-35,CA-90,,59.073: PAYCHECK PROTECTION LOAN PROGRAM (PPP),,,08,GUARANTEED/INSURED LOAN (F),TO AID SMALL BUSINESSES IN MAINTAINING WORK FORCE DURING COVID-19 PANDEMIC.,NON,NOT RECOVERY ACT,P,INDIVIDUAL,2,NON-AGGREGATE RECORD,,,,,,,,,,,https://www.usaspending.gov/award/ASST_NON_4791638202_073/,2021-01-06 03:33:53.27803+00
ASST_NON_4791658208_073,4791658208,,SAI EXEMPT,,,,,,2020-08-27,2020,0.00,,,,0.00,0.00,0.00,2020-08-06,2020,,,073,Small Business Administration,7300,Small Business Administration,737010,OFC OF CAPITAL ACCESS,073,Small Business Administration,7300,Small Business Administration,737010,OFC OF CAPITAL ACCESS,,,,,,,FIRST AID HOME HEALTH CARE INC.,FIRST AID HOME HEALTH CARE INC.,,,,USA,UNITED STATES,337 E MAGNOLIA BLVD,STE A,08954,BURBANK,06037,LOS ANGELES,06,CA,CALIFORNIA,91502,,CA-28,CA-30,,,,COUNTY-WIDE,USA,UNITED STATES,CA**037,,06037,LOS ANGELES,06,CALIFORNIA,,CA-28,CA-90,,59.073: PAYCHECK PROTECTION LOAN PROGRAM (PPP),,,08,GUARANTEED/INSURED LOAN (F),TO AID SMALL BUSINESSES IN MAINTAINING WORK FORCE DURING COVID-19 PANDEMIC.,NON,NOT RECOVERY ACT,R,SMALL BUSINESS,2,NON-AGGREGATE RECORD,,,,,,,,,,,https://www.usaspending.gov/award/ASST_NON_4791658208_073/,2021-01-06 03:33:53.27803+00
ASST_NON_4791728205_073,4791728205,,SAI EXEMPT,,,,,,2020-08-27,2020,0.00,,,,0.00,0.00,0.00,2020-08-06,2020,,,073,Small Business Administration,7300,Small Business Administration,737010,OFC OF CAPITAL ACCESS,073,Small Business Administration,7300,Small Business Administration,737010,OFC OF CAPITAL ACCESS,,,,,,,JONATHAN KHAMIS,JONATHAN KHAMIS,,,,USA,UNITED STATES,10920 HASTY AVE,,19766,DOWNEY,06037,LOS ANGELES,06,CA,CALIFORNIA,90241,,CA-40,CA-42,,,,COUNTY-WIDE,USA,UNITED STATES,CA**037,,06037,LOS ANGELES,06,CALIFORNIA,,CA-40,CA-90,,59.073: PAYCHECK PROTECTION LOAN PROGRAM (PPP),,,08,GUARANTEED/INSURED LOAN (F),TO AID SMALL BUSINESSES IN MAINTAINING WORK FORCE DURING COVID-19 PANDEMIC.,NON,NOT RECOVERY ACT,P,INDIVIDUAL,2,NON-AGGREGATE RECORD,,,,,,,,,,,https://www.usaspending.gov/award/ASST_NON_4791728205_073/,2021-01-06 03:33:53.27803+00
ASST_NON_4791768206_073,4791768206,,SAI EXEMPT,,,,,,2020-08-27,2020,0.00,,,,0.00,0.00,0.00,2020-08-06,2020,,,073,Small Business Administration,7300,Small Business Administration,737010,OFC OF CAPITAL ACCESS,073,Small Business Administration,7300,Small Business Administration,737010,OFC OF CAPITAL ACCESS,,,,,,,RICHARD POWERS,RICHARD POWERS,,,,USA,UNITED STATES,5025 PACIFIC COAST HWY,APT 129,43000,LONG BEACH,06037,LOS ANGELES,06,CA,CALIFORNIA,90804,,CA-47,CA-42,,,,COUNTY-WIDE,USA,UNITED STATES,CA**037,,06037,LOS ANGELES,06,CALIFORNIA,,CA-47,CA-90,,59.073: PAYCHECK PROTECTION LOAN PROGRAM (PPP),,,08,GUARANTEED/INSURED LOAN (F),TO AID SMALL BUSINESSES IN MAINTAINING WORK FORCE DURING COVID-19 PANDEMIC.,NON,NOT RECOVERY ACT,P,INDIVIDUAL,2,NON-AGGREGATE RECORD,,,,,,,,,,,https://www.usaspending.gov/award/ASST_NON_4791768206_073/,2021-01-06 03:33:53.27803+00
ASST_NON_4791778209_073,4791778209,,SAI EXEMPT,,,,,,2020-08-27,2020,0.00,,,,0.00,0.00,0.00,2020-08-06,2020,,,073,Small Business Administration,7300,Small Business Administration,737010,OFC OF CAPITAL ACCESS,073,Small Business Administration,7300,Small Business Administration,737010,OFC OF CAPITAL ACCESS,,,,,,,DAVID MOORE DBA TRUE LOVE TATTOO,DAVID MOORE DBA TRUE LOVE TATTOO,,,,USA,UNITED STATES,2700 SAN PABLO AVE,100,06000,BERKELEY,06001,ALAMEDA,06,CA,CALIFORNIA,94702,,CA-13,CA-12,,,,COUNTY-WIDE,USA,UNITED STATES,CA**001,,06001,ALAMEDA,06,CALIFORNIA,,CA-13,CA-90,,59.073: PAYCHECK PROTECTION LOAN PROGRAM (PPP),,,08,GUARANTEED/INSURED LOAN (F),TO AID SMALL BUSINESSES IN MAINTAINING WORK FORCE DURING COVID-19 PANDEMIC.,NON,NOT RECOVERY ACT,P,INDIVIDUAL,2,NON-AGGREGATE RECORD,,,,,,,,,,,https://www.usaspending.gov/award/ASST_NON_4791778209_073/,2021-01-06 03:33:53.27803+00
ASST_NON_4791818208_073,4791818208,,SAI EXEMPT,,,,,,2020-08-27,2020,0.00,,,,0.00,0.00,0.00,2020-08-06,2020,,,073,Small Business Administration,7300,Small Business Administration,737010,OFC OF CAPITAL ACCESS,073,Small Business Administration,7300,Small Business Administration,737010,OFC OF CAPITAL ACCESS,,,,,,,HABIBULLAH FAZILAT,HABIBULLAH FAZILAT,,,,USA,UNITED STATES,1 KNOLLGLEN,111,36770,IRVINE,06059,ORANGE,06,CA,CALIFORNIA,92614,,CA-45,CA-47,,,,COUNTY-WIDE,USA,UNITED STATES,CA**059,,06059,ORANGE,06,CALIFORNIA,,CA-45,CA-90,,59.073: PAYCHECK PROTECTION LOAN PROGRAM (PPP),,,08,GUARANTEED/INSURED LOAN (F),TO AID SMALL BUSINESSES IN MAINTAINING WORK FORCE DURING COVID-19 PANDEMIC.,NON,NOT RECOVERY ACT,P,INDIVIDUAL,2,NON-AGGREGATE RECORD,,,,,,,,,,,https://www.usaspending.gov/award/ASST_NON_4791818208_073/,2021-01-06 03:33:53.27803+00
ASST_NON_4791868201_073,4791868201,,SAI EXEMPT,,,,,,2020-08-27,2020,0.00,,,,0.00,0.00,0.00,2020-08-06,2020,,,073,Small Business Administration,7300,Small Business Administration,737010,OFC OF CAPITAL ACCESS,073,Small Business Administration,7300,Small Business Administration,737010,OFC OF CAPITAL ACCESS,,,,,,,AWOL TAHIR,AWOL TAHIR,,,,USA,UNITED STATES,3730 W 27TH ST,APT 207,44000,LOS ANGELES,06037,LOS ANGELES,06,CA,CALIFORNIA,90018,,CA-37,CA-37,,,,COUNTY-WIDE,USA,UNITED STATES,CA**037,,06037,LOS ANGELES,06,CALIFORNIA,,CA-37,CA-90,,59.073: PAYCHECK PROTECTION LOAN PROGRAM (PPP),,,08,GUARANTEED/INSURED LOAN (F),TO AID SMALL BUSINESSES IN MAINTAINING WORK FORCE DURING COVID-19 PANDEMIC.,NON,NOT RECOVERY ACT,P,INDIVIDUAL,2,NON-AGGREGATE RECORD,,,,,,,,,,,https://www.usaspending.gov/award/ASST_NON_4791868201_073/,2021-01-06 03:33:53.27803+00
ASST_NON_4791918203_073,4791918203,,SAI EXEMPT,,,,,,2020-08-27,2020,0.00,,,,0.00,0.00,0.00,2020-08-06,2020,,,073,Small Business Administration,7300,Small Business Administration,737010,OFC OF CAPITAL ACCESS,073,Small Business Administration,7300,Small Business Administration,737010,OFC OF CAPITAL ACCESS,,,,,,,NORMA F. LOPEZ,NORMA F. LOPEZ,,,,USA,UNITED STATES,2787 E. DEL AMO BLVD.,K-5,15044,COMPTON,06037,LOS ANGELES,06,CA,CALIFORNIA,90221,,CA-44,CA-43,,,,COUNTY-WIDE,USA,UNITED STATES,CA**037,,06037,LOS ANGELES,06,CALIFORNIA,,CA-44,CA-90,,59.073: PAYCHECK PROTECTION LOAN PROGRAM (PPP),,,08,GUARANTEED/INSURED LOAN (F),TO AID SMALL BUSINESSES IN MAINTAINING WORK FORCE DURING COVID-19 PANDEMIC.,NON,NOT RECOVERY ACT,P,INDIVIDUAL,2,NON-AGGREGATE RECORD,,,,,,,,,,,https://www.usaspending.gov/award/ASST_NON_4791918203_073/,2021-01-06 03:33:53.27803+00
ASST_NON_4793548203_073,4793548203,,SAI EXEMPT,,,,,,2020-08-27,2020,0.00,,,,0.00,0.00,0.00,2020-08-06,2020,,,073,Small Business Administration,7300,Small Business Administration,737010,OFC OF CAPITAL ACCESS,073,Small Business Administration,7300,Small Business Administration,737010,OFC OF CAPITAL ACCESS,,,,,,,PATRICK HAKOPIAN,PATRICK HAKOPIAN,,,,USA,UNITED STATES,930 N LOUISE ST.,UNIT 304,29728,GLENDALE,06037,LOS ANGELES,06,CA,CALIFORNIA,91207,,CA-28,CA-30,,,,COUNTY-WIDE,USA,UNITED STATES,CA**037,,06037,LOS ANGELES,06,CALIFORNIA,,CA-28,CA-90,,59.073: PAYCHECK PROTECTION LOAN PROGRAM (PPP),,,08,GUARANTEED/INSURED LOAN (F),TO AID SMALL BUSINESSES IN MAINTAINING WORK FORCE DURING COVID-19 PANDEMIC.,NON,NOT RECOVERY ACT,P,INDIVIDUAL,2,NON-AGGREGATE RECORD,,,,,,,,,,,https://www.usaspending.gov/award/ASST_NON_4793548203_073/,2021-01-06 03:33:53.27803+00
ASST_NON_4793708203_073,4793708203,,SAI EXEMPT,,,,,,2020-08-27,2020,0.00,,,,0.00,0.00,0.00,2020-08-06,2020,,,073,Small Business Administration,7300,Small Business Administration,737010,OFC OF CAPITAL ACCESS,073,Small Business Administration,7300,Small Business Administration,737010,OFC OF CAPITAL ACCESS,,,,,,,LEON STEEN,LEON STEEN,,,,USA,UNITED STATES,704 W PALMYRA AVE.,APT B,53980,ORANGE,06059,ORANGE,06,CA,CALIFORNIA,92868,,CA-46,CA-46,,,,COUNTY-WIDE,USA,UNITED STATES,CA**059,,06059,ORANGE,06,CALIFORNIA,,CA-46,CA-90,,59.073: PAYCHECK PROTECTION LOAN PROGRAM (PPP),,,08,GUARANTEED/INSURED LOAN (F),TO AID SMALL BUSINESSES IN MAINTAINING WORK FORCE DURING COVID-19 PANDEMIC.,NON,NOT RECOVERY ACT,P,INDIVIDUAL,2,NON-AGGREGATE RECORD,,,,,,,,,,,https://www.usaspending.gov/award/ASST_NON_4793708203_073/,2021-01-06 03:33:53.27803+00
ASST_NON_4793888200_073,4793888200,,SAI EXEMPT,,,,,,2020-08-27,2020,0.00,,,,0.00,0.00,0.00,2020-08-06,2020,,,073,Small Business Administration,7300,Small Business Administration,737010,OFC OF CAPITAL ACCESS,073,Small Business Administration,7300,Small Business Administration,737010,OFC OF CAPITAL ACCESS,,,,,,,MARTI A WALTON SALON,MARTI A WALTON SALON,,,,USA,UNITED STATES,5960 ENTRADA AVENUE,,03064,ATASCADERO,06079,SAN LUIS OBISPO,06,CA,CALIFORNIA,93422,,CA-24,CA-19,,,,COUNTY-WIDE,USA,UNITED STATES,CA**079,,06079,SAN LUIS OBISPO,06,CALIFORNIA,,CA-24,CA-90,,59.073: PAYCHECK PROTECTION LOAN PROGRAM (PPP),,,08,GUARANTEED/INSURED LOAN (F),TO AID SMALL BUSINESSES IN MAINTAINING WORK FORCE DURING COVID-19 PANDEMIC.,NON,NOT RECOVERY ACT,P,INDIVIDUAL,2,NON-AGGREGATE RECORD,,,,,,,,,,,https://www.usaspending.gov/award/ASST_NON_4793888200_073/,2021-01-06 03:33:53.27803+00
ASST_NON_4794148203_073,4794148203,,SAI EXEMPT,,,,,,2020-08-27,2020,0.00,,,,0.00,0.00,0.00,2020-08-06,2020,,,073,Small Business Administration,7300,Small Business Administration,737010,OFC OF CAPITAL ACCESS,073,Small Business Administration,7300,Small Business Administration,737010,OFC OF CAPITAL ACCESS,,,,,,,RAMI THANNOON,RAMI THANNOON,,,,USA,UNITED STATES,1621 DETROIT,9,16000,CONCORD,06013,CONTRA COSTA,06,CA,CALIFORNIA,94520,,CA-11,CA-10,,,,COUNTY-WIDE,USA,UNITED STATES,CA**013,,06013,CONTRA COSTA,06,CALIFORNIA,,CA-11,CA-90,,59.073: PAYCHECK PROTECTION LOAN PROGRAM (PPP),,,08,GUARANTEED/INSURED LOAN (F),TO AID SMALL BUSINESSES IN MAINTAINING WORK FORCE DURING COVID-19 PANDEMIC.,NON,NOT RECOVERY ACT,P,INDIVIDUAL,2,NON-AGGREGATE RECORD,,,,,,,,,,,https://www.usaspending.gov/award/ASST_NON_4794148203_073/,2021-01-06 03:33:53.27803+00
ASST_NON_4794158206_073,4794158206,,SAI EXEMPT,,,,,,2020-08-27,2020,0.00,,,,0.00,0.00,0.00,2020-08-06,2020,,,073,Small Business Administration,7300,Small Business Administration,737010,OFC OF CAPITAL ACCESS,073,Small Business Administration,7300,Small Business Administration,737010,OFC OF CAPITAL ACCESS,,,,,,,HOME OXYGEN COMPANY LLC,HOME OXYGEN COMPANY LLC,,,,USA,UNITED STATES,5039 PENTECOST DR,SUITE C,48354,MODESTO,06099,STANISLAUS,06,CA,CALIFORNIA,95356,,CA-10,CA-05,,,,COUNTY-WIDE,USA,UNITED STATES,CA**099,,06099,STANISLAUS,06,CALIFORNIA,,CA-10,CA-90,,59.073: PAYCHECK PROTECTION LOAN PROGRAM (PPP),,,08,GUARANTEED/INSURED LOAN (F),TO AID SMALL BUSINESSES IN MAINTAINING WORK FORCE DURING COVID-19 PANDEMIC.,NON,NOT RECOVERY ACT,P,INDIVIDUAL,2,NON-AGGREGATE RECORD,,,,,,,,,,,https://www.usaspending.gov/award/ASST_NON_4794158206_073/,2021-01-06 03:33:53.27803+00
ASST_NON_4794268204_073,4794268204,,SAI EXEMPT,,,,,,2020-08-27,2020,0.00,,,,0.00,0.00,0.00,2020-08-06,2020,,,073,Small Business Administration,7300,Small Business Administration,737010,OFC OF CAPITAL ACCESS,073,Small Business Administration,7300,Small Business Administration,737010,OFC OF CAPITAL ACCESS,,,,,,,NATALIA KOTCHETKOV,NATALIA KOTCHETKOV,,,,USA,UNITED STATES,1324 MONTE MARIA AVE,,52582,NOVATO,06041,MARIN,06,CA,CALIFORNIA,94947,,CA-02,CA-02,,,,COUNTY-WIDE,USA,UNITED STATES,CA**041,,06041,MARIN,06,CALIFORNIA,,CA-02,CA-02,,59.073: PAYCHECK PROTECTION LOAN PROGRAM (PPP),,,08,GUARANTEED/INSURED LOAN (F),TO AID SMALL BUSINESSES IN MAINTAINING WORK FORCE DURING COVID-19 PANDEMIC.,NON,NOT RECOVERY ACT,P,INDIVIDUAL,2,NON-AGGREGATE RECORD,,,,,,,,,,,https://www.usaspending.gov/award/ASST_NON_4794268204_073/,2021-01-06 03:33:53.27803+00
ASST_NON_4794468205_073,4794468205,,SAI EXEMPT,,,,,,2020-08-27,2020,0.00,,,,0.00,0.00,0.00,2020-08-06,2020,,,073,Small Business Administration,7300,Small Business Administration,737010,OFC OF CAPITAL ACCESS,073,Small Business Administration,7300,Small Business Administration,737010,OFC OF CAPITAL ACCESS,,,,,,,"MARGARET GUSTAVAON, LMFT","MARGARET GUSTAVAON, LMFT",,,,USA,UNITED STATES,197 NORTH 10TH STREET,SUITE 101,31393,GROVER BEACH,06079,SAN LUIS OBISPO,06,CA,CALIFORNIA,93433,,CA-24,CA-24,,,,COUNTY-WIDE,USA,UNITED STATES,CA**079,,06079,SAN LUIS OBISPO,06,CALIFORNIA,,CA-24,CA-90,,59.073: PAYCHECK PROTECTION LOAN PROGRAM (PPP),,,08,GUARANTEED/INSURED LOAN (F),TO AID SMALL BUSINESSES IN MAINTAINING WORK FORCE DURING COVID-19 PANDEMIC.,NON,NOT RECOVERY ACT,P,INDIVIDUAL,2,NON-AGGREGATE RECORD,,,,,,,,,,,https://www.usaspending.gov/award/ASST_NON_4794468205_073/,2021-01-06 03:33:53.27803+00
ASST_NON_4794518207_073,4794518207,,SAI EXEMPT,,,,,,2020-08-27,2020,0.00,,,,0.00,0.00,0.00,2020-08-06,2020,,,073,Small Business Administration,7300,Small Business Administration,737010,OFC OF CAPITAL ACCESS,073,Small Business Administration,7300,Small Business Administration,737010,OFC OF CAPITAL ACCESS,,,,,,,ANTHONY FORD,ANTHONY FORD,,,,USA,UNITED STATES,2250 E 111TH ST,317,44000,LOS ANGELES,06037,LOS ANGELES,06,CA,CALIFORNIA,90059,,CA-44,CA-43,,,,COUNTY-WIDE,USA,UNITED STATES,CA**037,,06037,LOS ANGELES,06,CALIFORNIA,,CA-44,CA-90,,59.073: PAYCHECK PROTECTION LOAN PROGRAM (PPP),,,08,GUARANTEED/INSURED LOAN (F),TO AID SMALL BUSINESSES IN MAINTAINING WORK FORCE DURING COVID-19 PANDEMIC.,NON,NOT RECOVERY ACT,P,INDIVIDUAL,2,NON-AGGREGATE RECORD,,,,,,,,,,,https://www.usaspending.gov/award/ASST_NON_4794518207_073/,2021-01-06 03:33:53.27803+00
ASST_NON_4794638208_073,4794638208,,SAI EXEMPT,,,,,,2020-08-27,2020,0.00,,,,0.00,0.00,0.00,2020-08-06,2020,,,073,Small Business Administration,7300,Small Business Administration,737010,OFC OF CAPITAL ACCESS,073,Small Business Administration,7300,Small Business Administration,737010,OFC OF CAPITAL ACCESS,,,,,,,SAPHIRA RASTI,SAPHIRA RASTI,,,,USA,UNITED STATES,10270 ALMAYO AVENUE,APT 109,44000,LOS ANGELES,06037,LOS ANGELES,06,CA,CALIFORNIA,90064,,CA-37,CA-36,,,,COUNTY-WIDE,USA,UNITED STATES,CA**037,,06037,LOS ANGELES,06,CALIFORNIA,,CA-37,CA-90,,59.073: PAYCHECK PROTECTION LOAN PROGRAM (PPP),,,08,GUARANTEED/INSURED LOAN (F),TO AID SMALL BUSINESSES IN MAINTAINING WORK FORCE DURING COVID-19 PANDEMIC.,NON,NOT RECOVERY ACT,P,INDIVIDUAL,2,NON-AGGREGATE RECORD,,,,,,,,,,,https://www.usaspending.gov/award/ASST_NON_4794638208_073/,2021-01-06 03:33:53.27803+00
ASST_NON_4794738203_073,4794738203,,SAI EXEMPT,,,,,,2020-08-27,2020,0.00,,,,0.00,0.00,0.00,2020-08-06,2020,,,073,Small Business Administration,7300,Small Business Administration,737010,OFC OF CAPITAL ACCESS,073,Small Business Administration,7300,Small Business Administration,737010,OFC OF CAPITAL ACCESS,,,,,,,KIMCHI LE,KIMCHI LE,,,,USA,UNITED STATES,5461 LEAN AVE,,68000,SAN JOSE,06085,SANTA CLARA,06,CA,CALIFORNIA,95123,,CA-19,CA-19,,,,COUNTY-WIDE,USA,UNITED STATES,CA**085,,06085,SANTA CLARA,06,CALIFORNIA,,CA-19,CA-90,,59.073: PAYCHECK PROTECTION LOAN PROGRAM (PPP),,,08,GUARANTEED/INSURED LOAN (F),TO AID SMALL BUSINESSES IN MAINTAINING WORK FORCE DURING COVID-19 PANDEMIC.,NON,NOT RECOVERY ACT,P,INDIVIDUAL,2,NON-AGGREGATE RECORD,,,,,,,,,,,https://www.usaspending.gov/award/ASST_NON_4794738203_073/,2021-01-06 03:33:53.27803+00
ASST_NON_4794758209_073,4794758209,,SAI EXEMPT,,,,,,2020-08-27,2020,0.00,,,,0.00,0.00,0.00,2020-08-06,2020,,,073,Small Business Administration,7300,Small Business Administration,737010,OFC OF CAPITAL ACCESS,073,Small Business Administration,7300,Small Business Administration,737010,OFC OF CAPITAL ACCESS,,,,,,,JENNY TRAN,JENNY TRAN,,,,USA,UNITED STATES,10333 BAYWOOD LANE,,66000,SAN DIEGO,06073,SAN DIEGO,06,CA,CALIFORNIA,92126,,CA-52,CA-51,,,,COUNTY-WIDE,USA,UNITED STATES,CA**073,,06073,SAN DIEGO,06,CALIFORNIA,,CA-52,CA-90,,59.073: PAYCHECK PROTECTION LOAN PROGRAM (PPP),,,08,GUARANTEED/INSURED LOAN (F),TO AID SMALL BUSINESSES IN MAINTAINING WORK FORCE DURING COVID-19 PANDEMIC.,NON,NOT RECOVERY ACT,P,INDIVIDUAL,2,NON-AGGREGATE RECORD,,,,,,,,,,,https://www.usaspending.gov/award/ASST_NON_4794758209_073/,2021-01-06 03:33:53.27803+00
ASST_NON_4794958210_073,4794958210,,SAI EXEMPT,,,,,,2020-08-27,2020,0.00,,,,0.00,0.00,0.00,2020-08-07,2020,,,073,Small Business Administration,7300,Small Business Administration,737010,OFC OF CAPITAL ACCESS,073,Small Business Administration,7300,Small Business Administration,737010,OFC OF CAPITAL ACCESS,,,,,,,MEKDES TESFAYE,MEKDES TESFAYE,,,,USA,UNITED STATES,2525 TELEGRAPH AVE,,53000,OAKLAND,06001,ALAMEDA,06,CA,CALIFORNIA,94612,,CA-13,CA-12,,,,COUNTY-WIDE,USA,UNITED STATES,CA**001,,06001,ALAMEDA,06,CALIFORNIA,,CA-13,CA-90,,59.073: PAYCHECK PROTECTION LOAN PROGRAM (PPP),,,08,GUARANTEED/INSURED LOAN (F),TO AID SMALL BUSINESSES IN MAINTAINING WORK FORCE DURING COVID-19 PANDEMIC.,NON,NOT RECOVERY ACT,P,INDIVIDUAL,2,NON-AGGREGATE RECORD,,,,,,,,,,,https://www.usaspending.gov/award/ASST_NON_4794958210_073/,2021-01-06 03:33:53.27803+00
ASST_NON_4795078208_073,4795078208,,SAI EXEMPT,,,,,,2020-08-27,2020,0.00,,,,0.00,0.00,0.00,2020-08-07,2020,,,073,Small Business Administration,7300,Small Business Administration,737010,OFC OF CAPITAL ACCESS,073,Small Business Administration,7300,Small Business Administration,737010,OFC OF CAPITAL ACCESS,,,,,,,SANTOS FAT BROILERS LLC,SANTOS FAT BROILERS LLC,,,,USA,UNITED STATES,6060 TRAJAN DRIVE,,23294,FAIR OAKS,06067,SACRAMENTO,06,CA,CALIFORNIA,95628,,CA-07,CA-90,,,,COUNTY-WIDE,USA,UNITED STATES,CA**067,,06067,SACRAMENTO,06,CALIFORNIA,,CA-07,CA-90,,59.073: PAYCHECK PROTECTION LOAN PROGRAM (PPP),,,08,GUARANTEED/INSURED LOAN (F),TO AID SMALL BUSINESSES IN MAINTAINING WORK FORCE DURING COVID-19 PANDEMIC.,NON,NOT RECOVERY ACT,P,INDIVIDUAL,2,NON-AGGREGATE RECORD,,,,,,,,,,,https://www.usaspending.gov/award/ASST_NON_4795078208_073/,2021-01-06 03:33:53.27803+00
ASST_NON_4795128210_073,4795128210,,SAI EXEMPT,,,,,,2020-08-27,2020,0.00,,,,0.00,0.00,0.00,2020-08-07,2020,,,073,Small Business Administration,7300,Small Business Administration,737010,OFC OF CAPITAL ACCESS,073,Small Business Administration,7300,Small Business Administration,737010,OFC OF CAPITAL ACCESS,,,,,,,ANTHONY STARBLE,ANTHONY STARBLE,,,,USA,UNITED STATES,1469 S CANFIELD AVE,5,44000,LOS ANGELES,06037,LOS ANGELES,06,CA,CALIFORNIA,90035,,CA-37,CA-37,,,,COUNTY-WIDE,USA,UNITED STATES,CA**037,,06037,LOS ANGELES,06,CALIFORNIA,,CA-37,CA-90,,59.073: PAYCHECK PROTECTION LOAN PROGRAM (PPP),,,08,GUARANTEED/INSURED LOAN (F),TO AID SMALL BUSINESSES IN MAINTAINING WORK FORCE DURING COVID-19 PANDEMIC.,NON,NOT RECOVERY ACT,P,INDIVIDUAL,2,NON-AGGREGATE RECORD,,,,,,,,,,,https://www.usaspending.gov/award/ASST_NON_4795128210_073/,2021-01-06 03:33:53.27803+00
ASST_NON_4795258203_073,4795258203,,SAI EXEMPT,,,,,,2020-08-27,2020,0.00,,,,0.00,0.00,0.00,2020-08-07,2020,,,073,Small Business Administration,7300,Small Business Administration,737010,OFC OF CAPITAL ACCESS,073,Small Business Administration,7300,Small Business Administration,737010,OFC OF CAPITAL ACCESS,,,,,,,FAREEDON ORIAKHILL,FAREEDON ORIAKHILL,,,,USA,UNITED STATES,2926 N TRACY BLVD APT 10,,80238,TRACY,06077,SAN JOAQUIN,06,CA,CALIFORNIA,95376,,CA-10,CA-09,,,,COUNTY-WIDE,USA,UNITED STATES,CA**077,,06077,SAN JOAQUIN,06,CALIFORNIA,,CA-10,CA-09,,59.073: PAYCHECK PROTECTION LOAN PROGRAM (PPP),,,08,GUARANTEED/INSURED LOAN (F),TO AID SMALL BUSINESSES IN MAINTAINING WORK FORCE DURING COVID-19 PANDEMIC.,NON,NOT RECOVERY ACT,P,INDIVIDUAL,2,NON-AGGREGATE RECORD,,,,,,,,,,,https://www.usaspending.gov/award/ASST_NON_4795258203_073/,2021-01-06 03:33:53.27803+00
ASST_NON_4795668208_073,4795668208,,SAI EXEMPT,,,,,,2020-08-27,2020,0.00,,,,0.00,0.00,0.00,2020-08-07,2020,,,073,Small Business Administration,7300,Small Business Administration,737010,OFC OF CAPITAL ACCESS,073,Small Business Administration,7300,Small Business Administration,737010,OFC OF CAPITAL ACCESS,,,,,,,MADISON FRAYSHER,MADISON FRAYSHER,,,,USA,UNITED STATES,494 S MACY ST,SPC 132,65000,SAN BERNARDINO,06071,SAN BERNARDINO,06,CA,CALIFORNIA,92410,,CA-31,CA-33,,,,COUNTY-WIDE,USA,UNITED STATES,CA**071,,06071,SAN BERNARDINO,06,CALIFORNIA,,CA-31,CA-90,,59.073: PAYCHECK PROTECTION LOAN PROGRAM (PPP),,,08,GUARANTEED/INSURED LOAN (F),TO AID SMALL BUSINESSES IN MAINTAINING WORK FORCE DURING COVID-19 PANDEMIC.,NON,NOT RECOVERY ACT,P,INDIVIDUAL,2,NON-AGGREGATE RECORD,,,,,,,,,,,https://www.usaspending.gov/award/ASST_NON_4795668208_073/,2021-01-06 03:33:53.27803+00
ASST_NON_4795968204_073,4795968204,,SAI EXEMPT,,,,,,2020-08-27,2020,0.00,,,,0.00,0.00,0.00,2020-08-07,2020,,,073,Small Business Administration,7300,Small Business Administration,737010,OFC OF CAPITAL ACCESS,073,Small Business Administration,7300,Small Business Administration,737010,OFC OF CAPITAL ACCESS,,,,,,,ANGELA RICHARDSON,ANGELA RICHARDSON,,,,USA,UNITED STATES,1140 VENICE BLVD,APT 209,82198,VENICE,06037,LOS ANGELES,06,CA,CALIFORNIA,90291,,CA-33,CA-36,,,,COUNTY-WIDE,USA,UNITED STATES,CA**037,,06037,LOS ANGELES,06,CALIFORNIA,,CA-33,CA-90,,59.073: PAYCHECK PROTECTION LOAN PROGRAM (PPP),,,08,GUARANTEED/INSURED LOAN (F),TO AID SMALL BUSINESSES IN MAINTAINING WORK FORCE DURING COVID-19 PANDEMIC.,NON,NOT RECOVERY ACT,P,INDIVIDUAL,2,NON-AGGREGATE RECORD,,,,,,,,,,,https://www.usaspending.gov/award/ASST_NON_4795968204_073/,2021-01-06 03:33:53.27803+00
ASST_NON_4796188208_073,4796188208,,SAI EXEMPT,,,,,,2020-08-27,2020,0.00,,,,0.00,0.00,0.00,2020-08-07,2020,,,073,Small Business Administration,7300,Small Business Administration,737010,OFC OF CAPITAL ACCESS,073,Small Business Administration,7300,Small Business Administration,737010,OFC OF CAPITAL ACCESS,,,,,,,RICARDO CERVANTES,RICARDO CERVANTES,,,,USA,UNITED STATES,11731 KITTRIDGE ST,APT 1,51952,NORTH HOLLYWOOD,06037,LOS ANGELES,06,CA,CALIFORNIA,91606,,CA-29,CA-29,,,,COUNTY-WIDE,USA,UNITED STATES,CA**037,,06037,LOS ANGELES,06,CALIFORNIA,,CA-29,CA-90,,59.073: PAYCHECK PROTECTION LOAN PROGRAM (PPP),,,08,GUARANTEED/INSURED LOAN (F),TO AID SMALL BUSINESSES IN MAINTAINING WORK FORCE DURING COVID-19 PANDEMIC.,NON,NOT RECOVERY ACT,P,INDIVIDUAL,2,NON-AGGREGATE RECORD,,,,,,,,,,,https://www.usaspending.gov/award/ASST_NON_4796188208_073/,2021-01-06 03:33:53.27803+00
ASST_NON_4816438209_073,4816438209,,SAI EXEMPT,,,,,,2020-08-27,2020,0.00,,,,0.00,0.00,0.00,2020-08-07,2020,,,073,Small Business Administration,7300,Small Business Administration,737010,OFC OF CAPITAL ACCESS,073,Small Business Administration,7300,Small Business Administration,737010,OFC OF CAPITAL ACCESS,,,,,,,LORE DISTRICT FINERY,LORE DISTRICT FINERY,,,,USA,UNITED STATES,1840 PARK AVE,APT 101,16532,COSTA MESA,06059,ORANGE,06,CA,CALIFORNIA,92627,,CA-48,CA-47,,,,COUNTY-WIDE,USA,UNITED STATES,CA**059,,06059,ORANGE,06,CALIFORNIA,,CA-48,CA-90,,59.073: PAYCHECK PROTECTION LOAN PROGRAM (PPP),,,08,GUARANTEED/INSURED LOAN (F),TO AID SMALL BUSINESSES IN MAINTAINING WORK FORCE DURING COVID-19 PANDEMIC.,NON,NOT RECOVERY ACT,P,INDIVIDUAL,2,NON-AGGREGATE RECORD,,,,,,,,,,,https://www.usaspending.gov/award/ASST_NON_4816438209_073/,2021-01-06 03:33:53.27803+00
ASST_NON_4816618204_073,4816618204,,SAI EXEMPT,,,,,,2020-08-27,2020,0.00,,,,0.00,0.00,0.00,2020-08-07,2020,,,073,Small Business Administration,7300,Small Business Administration,737010,OFC OF CAPITAL ACCESS,073,Small Business Administration,7300,Small Business Administration,737010,OFC OF CAPITAL ACCESS,,,,,,,HAWKS TRANSPOTATION,HAWKS TRANSPOTATION,,,,USA,UNITED STATES,1553 FAIR VALLEY RD,,21712,EL CAJON,06073,SAN DIEGO,06,CA,CALIFORNIA,92019,,CA-50,CA-90,,,,COUNTY-WIDE,USA,UNITED STATES,CA**073,,06073,SAN DIEGO,06,CALIFORNIA,,CA-50,CA-90,,59.073: PAYCHECK PROTECTION LOAN PROGRAM (PPP),,,08,GUARANTEED/INSURED LOAN (F),TO AID SMALL BUSINESSES IN MAINTAINING WORK FORCE DURING COVID-19 PANDEMIC.,NON,NOT RECOVERY ACT,P,INDIVIDUAL,2,NON-AGGREGATE RECORD,,,,,,,,,,,https://www.usaspending.gov/award/ASST_NON_4816618204_073/,2021-01-06 03:33:53.27803+00
ASST_NON_4819258209_073,4819258209,,SAI EXEMPT,,,,,,2020-08-27,2020,0.00,,,,0.00,0.00,0.00,2020-08-07,2020,,,073,Small Business Administration,7300,Small Business Administration,737010,OFC OF CAPITAL ACCESS,073,Small Business Administration,7300,Small Business Administration,737010,OFC OF CAPITAL ACCESS,,,,,,,ANNALIE JUAN,ANNALIE JUAN,,,,USA,UNITED STATES,11376 MALAT WAY,,17568,CULVER CITY,06037,LOS ANGELES,06,CA,CALIFORNIA,90230,,CA-37,CA-37,,,,COUNTY-WIDE,USA,UNITED STATES,CA**037,,06037,LOS ANGELES,06,CALIFORNIA,,CA-37,CA-90,,59.073: PAYCHECK PROTECTION LOAN PROGRAM (PPP),,,08,GUARANTEED/INSURED LOAN (F),TO AID SMALL BUSINESSES IN MAINTAINING WORK FORCE DURING COVID-19 PANDEMIC.,NON,NOT RECOVERY ACT,P,INDIVIDUAL,2,NON-AGGREGATE RECORD,,,,,,,,,,,https://www.usaspending.gov/award/ASST_NON_4819258209_073/,2021-01-06 03:33:53.27803+00
ASST_NON_4841588210_073,4841588210,,SAI EXEMPT,,,,,,2020-08-27,2020,0.00,,,,0.00,0.00,0.00,2020-08-07,2020,,,073,Small Business Administration,7300,Small Business Administration,737010,OFC OF CAPITAL ACCESS,073,Small Business Administration,7300,Small Business Administration,737010,OFC OF CAPITAL ACCESS,,,,,,,ALEXEY PUZYRYOV,ALEXEY PUZYRYOV,,,,USA,UNITED STATES,874 DRAKE AVE,34,70364,SAUSALITO,06041,MARIN,06,CA,CALIFORNIA,94965,,CA-02,CA-02,,,,COUNTY-WIDE,USA,UNITED STATES,CA**041,,06041,MARIN,06,CALIFORNIA,,CA-02,CA-02,,59.073: PAYCHECK PROTECTION LOAN PROGRAM (PPP),,,08,GUARANTEED/INSURED LOAN (F),TO AID SMALL BUSINESSES IN MAINTAINING WORK FORCE DURING COVID-19 PANDEMIC.,NON,NOT RECOVERY ACT,P,INDIVIDUAL,2,NON-AGGREGATE RECORD,,,,,,,,,,,https://www.usaspending.gov/award/ASST_NON_4841588210_073/,2021-01-06 03:33:53.27803+00
ASST_NON_4842528205_073,4842528205,,SAI EXEMPT,,,,,,2020-08-27,2020,0.00,,,,0.00,0.00,0.00,2020-08-07,2020,,,073,Small Business Administration,7300,Small Business Administration,737010,OFC OF CAPITAL ACCESS,073,Small Business Administration,7300,Small Business Administration,737010,OFC OF CAPITAL ACCESS,,,,,,,DELICIEUX FINE DESSERTS DBA FAIRFAX BAKERY,DELICIEUX FINE DESSERTS DBA FAIRFAX BAKERY,,,,USA,UNITED STATES,48 PAUL DR,STE 5,68364,SAN RAFAEL,06041,MARIN,06,CA,CALIFORNIA,94903,,CA-02,CA-02,,,,COUNTY-WIDE,USA,UNITED STATES,CA**041,,06041,MARIN,06,CALIFORNIA,,CA-02,CA-02,,59.073: PAYCHECK PROTECTION LOAN PROGRAM (PPP),,,08,GUARANTEED/INSURED LOAN (F),TO AID SMALL BUSINESSES IN MAINTAINING WORK FORCE DURING COVID-19 PANDEMIC.,NON,NOT RECOVERY ACT,P,INDIVIDUAL,2,NON-AGGREGATE RECORD,,,,,,,,,,,https://www.usaspending.gov/award/ASST_NON_4842528205_073/,2021-01-06 03:33:53.27803+00
ASST_NON_4843338209_073,4843338209,,SAI EXEMPT,,,,,,2020-08-27,2020,0.00,,,,0.00,0.00,0.00,2020-08-07,2020,,,073,Small Business Administration,7300,Small Business Administration,737010,OFC OF CAPITAL ACCESS,073,Small Business Administration,7300,Small Business Administration,737010,OFC OF CAPITAL ACCESS,,,,,,,COLONS PLUMBING INC,COLONS PLUMBING INC,,,,USA,UNITED STATES,8371 GLENWOOD DR,,29504,GILROY,06085,SANTA CLARA,06,CA,CALIFORNIA,95020,,CA-20,CA-18,,,,COUNTY-WIDE,USA,UNITED STATES,CA**085,,06085,SANTA CLARA,06,CALIFORNIA,,CA-20,CA-90,,59.073: PAYCHECK PROTECTION LOAN PROGRAM (PPP),,,08,GUARANTEED/INSURED LOAN (F),TO AID SMALL BUSINESSES IN MAINTAINING WORK FORCE DURING COVID-19 PANDEMIC.,NON,NOT RECOVERY ACT,R,SMALL BUSINESS,2,NON-AGGREGATE RECORD,,,,,,,,,,,https://www.usaspending.gov/award/ASST_NON_4843338209_073/,2021-01-06 03:33:53.27803+00
ASST_NON_4851268201_073,4851268201,,SAI EXEMPT,,,,,,2020-08-27,2020,0.00,,,,0.00,0.00,0.00,2020-08-07,2020,,,073,Small Business Administration,7300,Small Business Administration,737010,OFC OF CAPITAL ACCESS,073,Small Business Administration,7300,Small Business Administration,737010,OFC OF CAPITAL ACCESS,,,,,,,"JWE3, LLC","JWE3, LLC",,,,USA,UNITED STATES,3137 S. BARRINGTON AVENUE,UNIT. B,44000,LOS ANGELES,06037,LOS ANGELES,06,CA,CALIFORNIA,90066,,CA-37,CA-36,,,,COUNTY-WIDE,USA,UNITED STATES,CA**037,,06037,LOS ANGELES,06,CALIFORNIA,,CA-37,CA-90,,59.073: PAYCHECK PROTECTION LOAN PROGRAM (PPP),,,08,GUARANTEED/INSURED LOAN (F),TO AID SMALL BUSINESSES IN MAINTAINING WORK FORCE DURING COVID-19 PANDEMIC.,NON,NOT RECOVERY ACT,R,SMALL BUSINESS,2,NON-AGGREGATE RECORD,,,,,,,,,,,https://www.usaspending.gov/award/ASST_NON_4851268201_073/,2021-01-06 03:33:53.27803+00
ASST_NON_4851398205_073,4851398205,,SAI EXEMPT,,,,,,2020-08-27,2020,0.00,,,,0.00,0.00,0.00,2020-08-07,2020,,,073,Small Business Administration,7300,Small Business Administration,737010,OFC OF CAPITAL ACCESS,073,Small Business Administration,7300,Small Business Administration,737010,OFC OF CAPITAL ACCESS,,,,,,,XCELLENT TOUCH CLEANING SERVICE INC,XCELLENT TOUCH CLEANING SERVICE INC,,,,USA,UNITED STATES,24 LAMPLIGHTER,,36770,IRVINE,06059,ORANGE,06,CA,CALIFORNIA,92620,,CA-45,CA-47,,,,COUNTY-WIDE,USA,UNITED STATES,CA**059,,06059,ORANGE,06,CALIFORNIA,,CA-45,CA-90,,59.073: PAYCHECK PROTECTION LOAN PROGRAM (PPP),,,08,GUARANTEED/INSURED LOAN (F),TO AID SMALL BUSINESSES IN MAINTAINING WORK FORCE DURING COVID-19 PANDEMIC.,NON,NOT RECOVERY ACT,R,SMALL BUSINESS,2,NON-AGGREGATE RECORD,,,,,,,,,,,https://www.usaspending.gov/award/ASST_NON_4851398205_073/,2021-01-06 03:33:53.27803+00
ASST_NON_4851458210_073,4851458210,,SAI EXEMPT,,,,,,2020-08-27,2020,0.00,,,,0.00,0.00,0.00,2020-08-07,2020,,,073,Small Business Administration,7300,Small Business Administration,737010,OFC OF CAPITAL ACCESS,073,Small Business Administration,7300,Small Business Administration,737010,OFC OF CAPITAL ACCESS,,,,,,,MICHAEL NGUYEN,MICHAEL NGUYEN,,,,USA,UNITED STATES,27455 JEFFERSON AVE.,,78120,TEMECULA,06065,RIVERSIDE,06,CA,CALIFORNIA,92590,,CA-42,CA-48,,,,COUNTY-WIDE,USA,UNITED STATES,CA**065,,06065,RIVERSIDE,06,CALIFORNIA,,CA-42,CA-90,,59.073: PAYCHECK PROTECTION LOAN PROGRAM (PPP),,,08,GUARANTEED/INSURED LOAN (F),TO AID SMALL BUSINESSES IN MAINTAINING WORK FORCE DURING COVID-19 PANDEMIC.,NON,NOT RECOVERY ACT,P,INDIVIDUAL,2,NON-AGGREGATE RECORD,,,,,,,,,,,https://www.usaspending.gov/award/ASST_NON_4851458210_073/,2021-01-06 03:33:53.27803+00
ASST_NON_4851548202_073,4851548202,,SAI EXEMPT,,,,,,2020-08-27,2020,0.00,,,,0.00,0.00,0.00,2020-08-07,2020,,,073,Small Business Administration,7300,Small Business Administration,737010,OFC OF CAPITAL ACCESS,073,Small Business Administration,7300,Small Business Administration,737010,OFC OF CAPITAL ACCESS,,,,,,,MKRYAN ENTERPRISES INC,MKRYAN ENTERPRISES INC,,,,USA,UNITED STATES,7249 KATHERINE AVE,,82128,VAN NUYS,06037,LOS ANGELES,06,CA,CALIFORNIA,91405,,CA-29,CA-29,,,,COUNTY-WIDE,USA,UNITED STATES,CA**037,,06037,LOS ANGELES,06,CALIFORNIA,,CA-29,CA-90,,59.073: PAYCHECK PROTECTION LOAN PROGRAM (PPP),,,08,GUARANTEED/INSURED LOAN (F),TO AID SMALL BUSINESSES IN MAINTAINING WORK FORCE DURING COVID-19 PANDEMIC.,NON,NOT RECOVERY ACT,R,SMALL BUSINESS,2,NON-AGGREGATE RECORD,,,,,,,,,,,https://www.usaspending.gov/award/ASST_NON_4851548202_073/,2021-01-06 03:33:53.27803+00
ASST_NON_4851868204_073,4851868204,,SAI EXEMPT,,,,,,2020-08-27,2020,0.00,,,,0.00,0.00,0.00,2020-08-07,2020,,,073,Small Business Administration,7300,Small Business Administration,737010,OFC OF CAPITAL ACCESS,073,Small Business Administration,7300,Small Business Administration,737010,OFC OF CAPITAL ACCESS,,,,,,,"WELCOME VENTURE, INC","WELCOME VENTURE, INC",,,,USA,UNITED STATES,6 VENTURE SUITE 305,,36770,IRVINE,06059,ORANGE,06,CA,CALIFORNIA,92618,,CA-45,CA-47,,,,COUNTY-WIDE,USA,UNITED STATES,CA**059,,06059,ORANGE,06,CALIFORNIA,,CA-45,CA-90,,59.073: PAYCHECK PROTECTION LOAN PROGRAM (PPP),,,08,GUARANTEED/INSURED LOAN (F),TO AID SMALL BUSINESSES IN MAINTAINING WORK FORCE DURING COVID-19 PANDEMIC.,NON,NOT RECOVERY ACT,R,SMALL BUSINESS,2,NON-AGGREGATE RECORD,,,,,,,,,,,https://www.usaspending.gov/award/ASST_NON_4851868204_073/,2021-01-06 03:33:53.27803+00
ASST_NON_4852118204_073,4852118204,,SAI EXEMPT,,,,,,2020-08-27,2020,0.00,,,,0.00,0.00,0.00,2020-08-07,2020,,,073,Small Business Administration,7300,Small Business Administration,737010,OFC OF CAPITAL ACCESS,073,Small Business Administration,7300,Small Business Administration,737010,OFC OF CAPITAL ACCESS,,,,,,,DIRTY SAL,DIRTY SAL,,,,USA,UNITED STATES,839 E 98TH ST,,44000,LOS ANGELES,06037,LOS ANGELES,06,CA,CALIFORNIA,90002,,CA-43,CA-90,,,,COUNTY-WIDE,USA,UNITED STATES,CA**037,,06037,LOS ANGELES,06,CALIFORNIA,,CA-43,CA-90,,59.073: PAYCHECK PROTECTION LOAN PROGRAM (PPP),,,08,GUARANTEED/INSURED LOAN (F),TO AID SMALL BUSINESSES IN MAINTAINING WORK FORCE DURING COVID-19 PANDEMIC.,NON,NOT RECOVERY ACT,P,INDIVIDUAL,2,NON-AGGREGATE RECORD,,,,,,,,,,,https://www.usaspending.gov/award/ASST_NON_4852118204_073/,2021-01-06 03:33:53.27803+00
ASST_NON_4853248210_073,4853248210,,SAI EXEMPT,,,,,,2020-08-27,2020,0.00,,,,0.00,0.00,0.00,2020-08-07,2020,,,073,Small Business Administration,7300,Small Business Administration,737010,OFC OF CAPITAL ACCESS,073,Small Business Administration,7300,Small Business Administration,737010,OFC OF CAPITAL ACCESS,,,,,,,KATRINA RAMOS,KATRINA RAMOS,,,,USA,UNITED STATES,14 COLONIAL WAY,,00947,ALISO VIEJO,06059,ORANGE,06,CA,CALIFORNIA,92656,,CA-48,CA-40,,,,COUNTY-WIDE,USA,UNITED STATES,CA**059,,06059,ORANGE,06,CALIFORNIA,,CA-48,CA-90,,59.073: PAYCHECK PROTECTION LOAN PROGRAM (PPP),,,08,GUARANTEED/INSURED LOAN (F),TO AID SMALL BUSINESSES IN MAINTAINING WORK FORCE DURING COVID-19 PANDEMIC.,NON,NOT RECOVERY ACT,P,INDIVIDUAL,2,NON-AGGREGATE RECORD,,,,,,,,,,,https://www.usaspending.gov/award/ASST_NON_4853248210_073/,2021-01-06 03:33:53.27803+00
ASST_NON_4853448200_073,4853448200,,SAI EXEMPT,,,,,,2020-08-27,2020,0.00,,,,0.00,0.00,0.00,2020-08-07,2020,,,073,Small Business Administration,7300,Small Business Administration,737010,OFC OF CAPITAL ACCESS,073,Small Business Administration,7300,Small Business Administration,737010,OFC OF CAPITAL ACCESS,,,,,,,TRENT DURYEA LIGGINS,TRENT DURYEA LIGGINS,,,,USA,UNITED STATES,4428 MAINE ST,,48788,MONTCLAIR,06071,SAN BERNARDINO,06,CA,CALIFORNIA,91763,,CA-35,CA-35,,,,COUNTY-WIDE,USA,UNITED STATES,CA**071,,06071,SAN BERNARDINO,06,CALIFORNIA,,CA-35,CA-90,,59.073: PAYCHECK PROTECTION LOAN PROGRAM (PPP),,,08,GUARANTEED/INSURED LOAN (F),TO AID SMALL BUSINESSES IN MAINTAINING WORK FORCE DURING COVID-19 PANDEMIC.,NON,NOT RECOVERY ACT,P,INDIVIDUAL,2,NON-AGGREGATE RECORD,,,,,,,,,,,https://www.usaspending.gov/award/ASST_NON_4853448200_073/,2021-01-06 03:33:53.27803+00
ASST_NON_4853518208_073,4853518208,,SAI EXEMPT,,,,,,2020-08-27,2020,0.00,,,,0.00,0.00,0.00,2020-08-07,2020,,,073,Small Business Administration,7300,Small Business Administration,737010,OFC OF CAPITAL ACCESS,073,Small Business Administration,7300,Small Business Administration,737010,OFC OF CAPITAL ACCESS,,,,,,,NAOMI LEE,NAOMI LEE,,,,USA,UNITED STATES,1105 BURWOOD WAY,,02252,ANTIOCH,06013,CONTRA COSTA,06,CA,CALIFORNIA,94509,,CA-09,CA-08,,,,COUNTY-WIDE,USA,UNITED STATES,CA**013,,06013,CONTRA COSTA,06,CALIFORNIA,,CA-09,CA-90,,59.073: PAYCHECK PROTECTION LOAN PROGRAM (PPP),,,08,GUARANTEED/INSURED LOAN (F),TO AID SMALL BUSINESSES IN MAINTAINING WORK FORCE DURING COVID-19 PANDEMIC.,NON,NOT RECOVERY ACT,P,INDIVIDUAL,2,NON-AGGREGATE RECORD,,,,,,,,,,,https://www.usaspending.gov/award/ASST_NON_4853518208_073/,2021-01-06 03:33:53.27803+00
ASST_NON_4853538203_073,4853538203,,SAI EXEMPT,,,,,,2020-08-27,2020,0.00,,,,0.00,0.00,0.00,2020-08-07,2020,,,073,Small Business Administration,7300,Small Business Administration,737010,OFC OF CAPITAL ACCESS,073,Small Business Administration,7300,Small Business Administration,737010,OFC OF CAPITAL ACCESS,,,,,,,SUNITA BHATIA,SUNITA BHATIA,,,,USA,UNITED STATES,1814 DARLINGTON LN,,56700,PERRIS,06065,RIVERSIDE,06,CA,CALIFORNIA,92571,,CA-41,CA-39,,,,COUNTY-WIDE,USA,UNITED STATES,CA**065,,06065,RIVERSIDE,06,CALIFORNIA,,CA-41,CA-90,,59.073: PAYCHECK PROTECTION LOAN PROGRAM (PPP),,,08,GUARANTEED/INSURED LOAN (F),TO AID SMALL BUSINESSES IN MAINTAINING WORK FORCE DURING COVID-19 PANDEMIC.,NON,NOT RECOVERY ACT,P,INDIVIDUAL,2,NON-AGGREGATE RECORD,,,,,,,,,,,https://www.usaspending.gov/award/ASST_NON_4853538203_073/,2021-01-06 03:33:53.27803+00
ASST_NON_4853588207_073,4853588207,,SAI EXEMPT,,,,,,2020-08-27,2020,0.00,,,,0.00,0.00,0.00,2020-08-07,2020,,,073,Small Business Administration,7300,Small Business Administration,737010,OFC OF CAPITAL ACCESS,073,Small Business Administration,7300,Small Business Administration,737010,OFC OF CAPITAL ACCESS,,,,,,,KRISSY HO,KRISSY HO,,,,USA,UNITED STATES,5044 WOODMINSTER LN,,53000,OAKLAND,06001,ALAMEDA,06,CA,CALIFORNIA,94602,,CA-13,CA-12,,,,COUNTY-WIDE,USA,UNITED STATES,CA**001,,06001,ALAMEDA,06,CALIFORNIA,,CA-13,CA-90,,59.073: PAYCHECK PROTECTION LOAN PROGRAM (PPP),,,08,GUARANTEED/INSURED LOAN (F),TO AID SMALL BUSINESSES IN MAINTAINING WORK FORCE DURING COVID-19 PANDEMIC.,NON,NOT RECOVERY ACT,P,INDIVIDUAL,2,NON-AGGREGATE RECORD,,,,,,,,,,,https://www.usaspending.gov/award/ASST_NON_4853588207_073/,2021-01-06 03:33:53.27803+00
ASST_NON_4853678210_073,4853678210,,SAI EXEMPT,,,,,,2020-08-27,2020,0.00,,,,0.00,0.00,0.00,2020-08-07,2020,,,073,Small Business Administration,7300,Small Business Administration,737010,OFC OF CAPITAL ACCESS,073,Small Business Administration,7300,Small Business Administration,737010,OFC OF CAPITAL ACCESS,,,,,,,CARLOS RODRIGUEZ,CARLOS RODRIGUEZ,,,,USA,UNITED STATES,7841 S CROCKER ST,,44000,LOS ANGELES,06037,LOS ANGELES,06,CA,CALIFORNIA,90003,,CA-40,CA-90,,,,COUNTY-WIDE,USA,UNITED STATES,CA**037,,06037,LOS ANGELES,06,CALIFORNIA,,CA-40,CA-90,,59.073: PAYCHECK PROTECTION LOAN PROGRAM (PPP),,,08,GUARANTEED/INSURED LOAN (F),TO AID SMALL BUSINESSES IN MAINTAINING WORK FORCE DURING COVID-19 PANDEMIC.,NON,NOT RECOVERY ACT,P,INDIVIDUAL,2,NON-AGGREGATE RECORD,,,,,,,,,,,https://www.usaspending.gov/award/ASST_NON_4853678210_073/,2021-01-06 03:33:53.27803+00
ASST_NON_4854078209_073,4854078209,,SAI EXEMPT,,,,,,2020-08-27,2020,0.00,,,,0.00,0.00,0.00,2020-08-07,2020,,,073,Small Business Administration,7300,Small Business Administration,737010,OFC OF CAPITAL ACCESS,073,Small Business Administration,7300,Small Business Administration,737010,OFC OF CAPITAL ACCESS,,,,,,,RONAL BENJAMIN SOLARES,RONAL BENJAMIN SOLARES,,,,USA,UNITED STATES,12754 COBALT ROAD,,82590,VICTORVILLE,06071,SAN BERNARDINO,06,CA,CALIFORNIA,92392,,CA-08,CA-23,,,,COUNTY-WIDE,USA,UNITED STATES,CA**071,,06071,SAN BERNARDINO,06,CALIFORNIA,,CA-08,CA-90,,59.073: PAYCHECK PROTECTION LOAN PROGRAM (PPP),,,08,GUARANTEED/INSURED LOAN (F),TO AID SMALL BUSINESSES IN MAINTAINING WORK FORCE DURING COVID-19 PANDEMIC.,NON,NOT RECOVERY ACT,P,INDIVIDUAL,2,NON-AGGREGATE RECORD,,,,,,,,,,,https://www.usaspending.gov/award/ASST_NON_4854078209_073/,2021-01-06 03:33:53.27803+00
ASST_NON_4854118208_073,4854118208,,SAI EXEMPT,,,,,,2020-08-27,2020,0.00,,,,0.00,0.00,0.00,2020-08-07,2020,,,073,Small Business Administration,7300,Small Business Administration,737010,OFC OF CAPITAL ACCESS,073,Small Business Administration,7300,Small Business Administration,737010,OFC OF CAPITAL ACCESS,,,,,,,GRETCHEN JOHNSON,GRETCHEN JOHNSON,,,,USA,UNITED STATES,642 E. HYDE PARK,APT.2,36546,INGLEWOOD,06037,LOS ANGELES,06,CA,CALIFORNIA,90302,,CA-43,CA-43,,,,COUNTY-WIDE,USA,UNITED STATES,CA**037,,06037,LOS ANGELES,06,CALIFORNIA,,CA-43,CA-90,,59.073: PAYCHECK PROTECTION LOAN PROGRAM (PPP),,,08,GUARANTEED/INSURED LOAN (F),TO AID SMALL BUSINESSES IN MAINTAINING WORK FORCE DURING COVID-19 PANDEMIC.,NON,NOT RECOVERY ACT,P,INDIVIDUAL,2,NON-AGGREGATE RECORD,,,,,,,,,,,https://www.usaspending.gov/award/ASST_NON_4854118208_073/,2021-01-06 03:33:53.27803+00
ASST_NON_4854168201_073,4854168201,,SAI EXEMPT,,,,,,2020-08-27,2020,0.00,,,,0.00,0.00,0.00,2020-08-07,2020,,,073,Small Business Administration,7300,Small Business Administration,737010,OFC OF CAPITAL ACCESS,073,Small Business Administration,7300,Small Business Administration,737010,OFC OF CAPITAL ACCESS,,,,,,,LISA BLAIR,LISA BLAIR,,,,USA,UNITED STATES,1999 ST TROPEZ,,82996,VISTA,06073,SAN DIEGO,06,CA,CALIFORNIA,92081,,CA-49,CA-49,,,,COUNTY-WIDE,USA,UNITED STATES,CA**073,,06073,SAN DIEGO,06,CALIFORNIA,,CA-49,CA-90,,59.073: PAYCHECK PROTECTION LOAN PROGRAM (PPP),,,08,GUARANTEED/INSURED LOAN (F),TO AID SMALL BUSINESSES IN MAINTAINING WORK FORCE DURING COVID-19 PANDEMIC.,NON,NOT RECOVERY ACT,P,INDIVIDUAL,2,NON-AGGREGATE RECORD,,,,,,,,,,,https://www.usaspending.gov/award/ASST_NON_4854168201_073/,2021-01-06 03:33:53.27803+00
ASST_NON_4854398200_073,4854398200,,SAI EXEMPT,,,,,,2020-08-27,2020,0.00,,,,0.00,0.00,0.00,2020-08-07,2020,,,073,Small Business Administration,7300,Small Business Administration,737010,OFC OF CAPITAL ACCESS,073,Small Business Administration,7300,Small Business Administration,737010,OFC OF CAPITAL ACCESS,,,,,,,ISMAIL KAWUKI,ISMAIL KAWUKI,,,,USA,UNITED STATES,4567 LOGAN AVE,B,66000,SAN DIEGO,06073,SAN DIEGO,06,CA,CALIFORNIA,92113,,CA-51,CA-52,,,,COUNTY-WIDE,USA,UNITED STATES,CA**073,,06073,SAN DIEGO,06,CALIFORNIA,,CA-51,CA-90,,59.073: PAYCHECK PROTECTION LOAN PROGRAM (PPP),,,08,GUARANTEED/INSURED LOAN (F),TO AID SMALL BUSINESSES IN MAINTAINING WORK FORCE DURING COVID-19 PANDEMIC.,NON,NOT RECOVERY ACT,P,INDIVIDUAL,2,NON-AGGREGATE RECORD,,,,,,,,,,,https://www.usaspending.gov/award/ASST_NON_4854398200_073/,2021-01-06 03:33:53.27803+00
ASST_NON_4854408201_073,4854408201,,SAI EXEMPT,,,,,,2020-08-27,2020,0.00,,,,0.00,0.00,0.00,2020-08-07,2020,,,073,Small Business Administration,7300,Small Business Administration,737010,OFC OF CAPITAL ACCESS,073,Small Business Administration,7300,Small Business Administration,737010,OFC OF CAPITAL ACCESS,,,,,,,KEN POLITTI,KEN POLITTI,,,,USA,UNITED STATES,20 WESTGATE DR,,68364,SAN RAFAEL,06041,MARIN,06,CA,CALIFORNIA,94903,,CA-02,CA-02,,,,COUNTY-WIDE,USA,UNITED STATES,CA**041,,06041,MARIN,06,CALIFORNIA,,CA-02,CA-02,,59.073: PAYCHECK PROTECTION LOAN PROGRAM (PPP),,,08,GUARANTEED/INSURED LOAN (F),TO AID SMALL BUSINESSES IN MAINTAINING WORK FORCE DURING COVID-19 PANDEMIC.,NON,NOT RECOVERY ACT,P,INDIVIDUAL,2,NON-AGGREGATE RECORD,,,,,,,,,,,https://www.usaspending.gov/award/ASST_NON_4854408201_073/,2021-01-06 03:33:53.27803+00
ASST_NON_4854578206_073,4854578206,,SAI EXEMPT,,,,,,2020-08-27,2020,0.00,,,,0.00,0.00,0.00,2020-08-07,2020,,,073,Small Business Administration,7300,Small Business Administration,737010,OFC OF CAPITAL ACCESS,073,Small Business Administration,7300,Small Business Administration,737010,OFC OF CAPITAL ACCESS,,,,,,,NICHOLAS SHASHY,NICHOLAS SHASHY,,,,USA,UNITED STATES,842 CALIFORNIA AVE,,82198,VENICE,06037,LOS ANGELES,06,CA,CALIFORNIA,90291,,CA-33,CA-36,,,,COUNTY-WIDE,USA,UNITED STATES,CA**037,,06037,LOS ANGELES,06,CALIFORNIA,,CA-33,CA-90,,59.073: PAYCHECK PROTECTION LOAN PROGRAM (PPP),,,08,GUARANTEED/INSURED LOAN (F),TO AID SMALL BUSINESSES IN MAINTAINING WORK FORCE DURING COVID-19 PANDEMIC.,NON,NOT RECOVERY ACT,P,INDIVIDUAL,2,NON-AGGREGATE RECORD,,,,,,,,,,,https://www.usaspending.gov/award/ASST_NON_4854578206_073/,2021-01-06 03:33:53.27803+00
ASST_NON_4855168203_073,4855168203,,SAI EXEMPT,,,,,,2020-08-27,2020,0.00,,,,0.00,0.00,0.00,2020-08-07,2020,,,073,Small Business Administration,7300,Small Business Administration,737010,OFC OF CAPITAL ACCESS,073,Small Business Administration,7300,Small Business Administration,737010,OFC OF CAPITAL ACCESS,,,,,,,SHERYL VONDERHEID,SHERYL VONDERHEID,,,,USA,UNITED STATES,5044 WOODMINSTER LN,,53000,OAKLAND,06001,ALAMEDA,06,CA,CALIFORNIA,94602,,CA-13,CA-12,,,,COUNTY-WIDE,USA,UNITED STATES,CA**001,,06001,ALAMEDA,06,CALIFORNIA,,CA-13,CA-90,,59.073: PAYCHECK PROTECTION LOAN PROGRAM (PPP),,,08,GUARANTEED/INSURED LOAN (F),TO AID SMALL BUSINESSES IN MAINTAINING WORK FORCE DURING COVID-19 PANDEMIC.,NON,NOT RECOVERY ACT,P,INDIVIDUAL,2,NON-AGGREGATE RECORD,,,,,,,,,,,https://www.usaspending.gov/award/ASST_NON_4855168203_073/,2021-01-06 03:33:53.27803+00
ASST_NON_4855288204_073,4855288204,,SAI EXEMPT,,,,,,2020-08-27,2020,0.00,,,,0.00,0.00,0.00,2020-08-07,2020,,,073,Small Business Administration,7300,Small Business Administration,737010,OFC OF CAPITAL ACCESS,073,Small Business Administration,7300,Small Business Administration,737010,OFC OF CAPITAL ACCESS,,,,,,,KIM TUCKER,KIM TUCKER,,,,USA,UNITED STATES,12350 DEL AMO BLVD,UNIT 515,39892,LAKEWOOD,06037,LOS ANGELES,06,CA,CALIFORNIA,90715,,CA-38,CA-42,,,,COUNTY-WIDE,USA,UNITED STATES,CA**037,,06037,LOS ANGELES,06,CALIFORNIA,,CA-38,CA-90,,59.073: PAYCHECK PROTECTION LOAN PROGRAM (PPP),,,08,GUARANTEED/INSURED LOAN (F),TO AID SMALL BUSINESSES IN MAINTAINING WORK FORCE DURING COVID-19 PANDEMIC.,NON,NOT RECOVERY ACT,P,INDIVIDUAL,2,NON-AGGREGATE RECORD,,,,,,,,,,,https://www.usaspending.gov/award/ASST_NON_4855288204_073/,2021-01-06 03:33:53.27803+00
ASST_NON_4855308208_073,4855308208,,SAI EXEMPT,,,,,,2020-08-27,2020,0.00,,,,0.00,0.00,0.00,2020-08-07,2020,,,073,Small Business Administration,7300,Small Business Administration,737010,OFC OF CAPITAL ACCESS,073,Small Business Administration,7300,Small Business Administration,737010,OFC OF CAPITAL ACCESS,,,,,,,ANTHONY BARBIER ENTERPRISES,ANTHONY BARBIER ENTERPRISES,,,,USA,UNITED STATES,19333 VALLCO PKWY BLDG,,17610,CUPERTINO,06085,SANTA CLARA,06,CA,CALIFORNIA,95014,,CA-18,CA-17,,,,COUNTY-WIDE,USA,UNITED STATES,CA**085,,06085,SANTA CLARA,06,CALIFORNIA,,CA-18,CA-90,,59.073: PAYCHECK PROTECTION LOAN PROGRAM (PPP),,,08,GUARANTEED/INSURED LOAN (F),TO AID SMALL BUSINESSES IN MAINTAINING WORK FORCE DURING COVID-19 PANDEMIC.,NON,NOT RECOVERY ACT,P,INDIVIDUAL,2,NON-AGGREGATE RECORD,,,,,,,,,,,https://www.usaspending.gov/award/ASST_NON_4855308208_073/,2021-01-06 03:33:53.27803+00
ASST_NON_4855538207_073,4855538207,,SAI EXEMPT,,,,,,2020-08-27,2020,0.00,,,,0.00,0.00,0.00,2020-08-07,2020,,,073,Small Business Administration,7300,Small Business Administration,737010,OFC OF CAPITAL ACCESS,073,Small Business Administration,7300,Small Business Administration,737010,OFC OF CAPITAL ACCESS,,,,,,,CHRISTOPHER MARTINS,CHRISTOPHER MARTINS,,,,USA,UNITED STATES,18318 JOVAN ST,,60340,RESEDA,06037,LOS ANGELES,06,CA,CALIFORNIA,91335,,CA-30,CA-90,,,,COUNTY-WIDE,USA,UNITED STATES,CA**037,,06037,LOS ANGELES,06,CALIFORNIA,,CA-30,CA-90,,59.073: PAYCHECK PROTECTION LOAN PROGRAM (PPP),,,08,GUARANTEED/INSURED LOAN (F),TO AID SMALL BUSINESSES IN MAINTAINING WORK FORCE DURING COVID-19 PANDEMIC.,NON,NOT RECOVERY ACT,P,INDIVIDUAL,2,NON-AGGREGATE RECORD,,,,,,,,,,,https://www.usaspending.gov/award/ASST_NON_4855538207_073/,2021-01-06 03:33:53.27803+00
ASST_NON_4855638202_073,4855638202,,SAI EXEMPT,,,,,,2020-08-27,2020,0.00,,,,0.00,0.00,0.00,2020-08-07,2020,,,073,Small Business Administration,7300,Small Business Administration,737010,OFC OF CAPITAL ACCESS,073,Small Business Administration,7300,Small Business Administration,737010,OFC OF CAPITAL ACCESS,,,,,,,ELIA MOLINA,ELIA MOLINA,,,,USA,UNITED STATES,1836 PENN MAR AVE,,72996,SOUTH EL MONTE,06037,LOS ANGELES,06,CA,CALIFORNIA,91733,,CA-38,CA-31,,,,COUNTY-WIDE,USA,UNITED STATES,CA**037,,06037,LOS ANGELES,06,CALIFORNIA,,CA-38,CA-90,,59.073: PAYCHECK PROTECTION LOAN PROGRAM (PPP),,,08,GUARANTEED/INSURED LOAN (F),TO AID SMALL BUSINESSES IN MAINTAINING WORK FORCE DURING COVID-19 PANDEMIC.,NON,NOT RECOVERY ACT,P,INDIVIDUAL,2,NON-AGGREGATE RECORD,,,,,,,,,,,https://www.usaspending.gov/award/ASST_NON_4855638202_073/,2021-01-06 03:33:53.27803+00
ASST_NON_4855708210_073,4855708210,,SAI EXEMPT,,,,,,2020-08-27,2020,0.00,,,,0.00,0.00,0.00,2020-08-07,2020,,,073,Small Business Administration,7300,Small Business Administration,737010,OFC OF CAPITAL ACCESS,073,Small Business Administration,7300,Small Business Administration,737010,OFC OF CAPITAL ACCESS,,,,,,,RICARDO HERRERA,RICARDO HERRERA,,,,USA,UNITED STATES,1015 N CHESTNUT AVE,,60466,RIALTO,06071,SAN BERNARDINO,06,CA,CALIFORNIA,92376,,CA-31,CA-33,,,,COUNTY-WIDE,USA,UNITED STATES,CA**071,,06071,SAN BERNARDINO,06,CALIFORNIA,,CA-31,CA-90,,59.073: PAYCHECK PROTECTION LOAN PROGRAM (PPP),,,08,GUARANTEED/INSURED LOAN (F),TO AID SMALL BUSINESSES IN MAINTAINING WORK FORCE DURING COVID-19 PANDEMIC.,NON,NOT RECOVERY ACT,P,INDIVIDUAL,2,NON-AGGREGATE RECORD,,,,,,,,,,,https://www.usaspending.gov/award/ASST_NON_4855708210_073/,2021-01-06 03:33:53.27803+00
ASST_NON_4855718202_073,4855718202,,SAI EXEMPT,,,,,,2020-08-27,2020,0.00,,,,0.00,0.00,0.00,2020-08-07,2020,,,073,Small Business Administration,7300,Small Business Administration,737010,OFC OF CAPITAL ACCESS,073,Small Business Administration,7300,Small Business Administration,737010,OFC OF CAPITAL ACCESS,,,,,,,MADELINE PHILLIPS,MADELINE PHILLIPS,,,,USA,UNITED STATES,3183 SOMERSET DRIVE,,39122,LAFAYETTE,06013,CONTRA COSTA,06,CA,CALIFORNIA,94549,,CA-11,CA-10,,,,COUNTY-WIDE,USA,UNITED STATES,CA**013,,06013,CONTRA COSTA,06,CALIFORNIA,,CA-11,CA-90,,59.073: PAYCHECK PROTECTION LOAN PROGRAM (PPP),,,08,GUARANTEED/INSURED LOAN (F),TO AID SMALL BUSINESSES IN MAINTAINING WORK FORCE DURING COVID-19 PANDEMIC.,NON,NOT RECOVERY ACT,P,INDIVIDUAL,2,NON-AGGREGATE RECORD,,,,,,,,,,,https://www.usaspending.gov/award/ASST_NON_4855718202_073/,2021-01-06 03:33:53.27803+00
ASST_NON_4856008203_073,4856008203,,SAI EXEMPT,,,,,,2020-08-27,2020,0.00,,,,0.00,0.00,0.00,2020-08-07,2020,,,073,Small Business Administration,7300,Small Business Administration,737010,OFC OF CAPITAL ACCESS,073,Small Business Administration,7300,Small Business Administration,737010,OFC OF CAPITAL ACCESS,,,,,,,WANDHERLUST TRAVELS LLC,WANDHERLUST TRAVELS LLC,,,,USA,UNITED STATES,1745 CAMINO PALMERO ST,APT 103,44000,LOS ANGELES,06037,LOS ANGELES,06,CA,CALIFORNIA,90046,,CA-28,CA-30,,,,COUNTY-WIDE,USA,UNITED STATES,CA**037,,06037,LOS ANGELES,06,CALIFORNIA,,CA-28,CA-90,,59.073: PAYCHECK PROTECTION LOAN PROGRAM (PPP),,,08,GUARANTEED/INSURED LOAN (F),TO AID SMALL BUSINESSES IN MAINTAINING WORK FORCE DURING COVID-19 PANDEMIC.,NON,NOT RECOVERY ACT,R,SMALL BUSINESS,2,NON-AGGREGATE RECORD,,,,,,,,,,,https://www.usaspending.gov/award/ASST_NON_4856008203_073/,2021-01-06 03:33:53.27803+00
ASST_NON_4861618203_073,4861618203,,SAI EXEMPT,,,,,,2020-08-27,2020,0.00,,,,0.00,0.00,0.00,2020-08-07,2020,,,073,Small Business Administration,7300,Small Business Administration,737010,OFC OF CAPITAL ACCESS,073,Small Business Administration,7300,Small Business Administration,737010,OFC OF CAPITAL ACCESS,,,,,,,PASADENA SHADES AND SHUTTERS,PASADENA SHADES AND SHUTTERS,,,,USA,UNITED STATES,3906 ORANGEDALE AVE,,49040,MONTROSE,06037,LOS ANGELES,06,CA,CALIFORNIA,91020,,CA-28,CA-90,,,,COUNTY-WIDE,USA,UNITED STATES,CA**037,,06037,LOS ANGELES,06,CALIFORNIA,,CA-28,CA-90,,59.073: PAYCHECK PROTECTION LOAN PROGRAM (PPP),,,08,GUARANTEED/INSURED LOAN (F),TO AID SMALL BUSINESSES IN MAINTAINING WORK FORCE DURING COVID-19 PANDEMIC.,NON,NOT RECOVERY ACT,P,INDIVIDUAL,2,NON-AGGREGATE RECORD,,,,,,,,,,,https://www.usaspending.gov/award/ASST_NON_4861618203_073/,2021-01-06 03:33:53.27803+00
ASST_NON_4862328201_073,4862328201,,SAI EXEMPT,,,,,,2020-08-27,2020,0.00,,,,0.00,0.00,0.00,2020-08-07,2020,,,073,Small Business Administration,7300,Small Business Administration,737010,OFC OF CAPITAL ACCESS,073,Small Business Administration,7300,Small Business Administration,737010,OFC OF CAPITAL ACCESS,,,,,,,JOVINNE MULDREW,JOVINNE MULDREW,,,,USA,UNITED STATES,11363 BRISTOL CT,,00296,ADELANTO,06071,SAN BERNARDINO,06,CA,CALIFORNIA,92301,,CA-08,CA-23,,,,COUNTY-WIDE,USA,UNITED STATES,CA**071,,06071,SAN BERNARDINO,06,CALIFORNIA,,CA-08,CA-90,,59.073: PAYCHECK PROTECTION LOAN PROGRAM (PPP),,,08,GUARANTEED/INSURED LOAN (F),TO AID SMALL BUSINESSES IN MAINTAINING WORK FORCE DURING COVID-19 PANDEMIC.,NON,NOT RECOVERY ACT,P,INDIVIDUAL,2,NON-AGGREGATE RECORD,,,,,,,,,,,https://www.usaspending.gov/award/ASST_NON_4862328201_073/,2021-01-06 03:33:53.27803+00
ASST_NON_4862588209_073,4862588209,,SAI EXEMPT,,,,,,2020-08-27,2020,0.00,,,,0.00,0.00,0.00,2020-08-07,2020,,,073,Small Business Administration,7300,Small Business Administration,737010,OFC OF CAPITAL ACCESS,073,Small Business Administration,7300,Small Business Administration,737010,OFC OF CAPITAL ACCESS,,,,,,,CECILIA M AMBROSE,CECILIA M AMBROSE,,,,USA,UNITED STATES,1446 W 42ND PL,,44000,LOS ANGELES,06037,LOS ANGELES,06,CA,CALIFORNIA,90062,,CA-37,CA-37,,,,COUNTY-WIDE,USA,UNITED STATES,CA**037,,06037,LOS ANGELES,06,CALIFORNIA,,CA-37,CA-90,,59.073: PAYCHECK PROTECTION LOAN PROGRAM (PPP),,,08,GUARANTEED/INSURED LOAN (F),TO AID SMALL BUSINESSES IN MAINTAINING WORK FORCE DURING COVID-19 PANDEMIC.,NON,NOT RECOVERY ACT,P,INDIVIDUAL,2,NON-AGGREGATE RECORD,,,,,,,,,,,https://www.usaspending.gov/award/ASST_NON_4862588209_073/,2021-01-06 03:33:53.27803+00
ASST_NON_4862608202_073,4862608202,,SAI EXEMPT,,,,,,2020-08-27,2020,0.00,,,,0.00,0.00,0.00,2020-08-07,2020,,,073,Small Business Administration,7300,Small Business Administration,737010,OFC OF CAPITAL ACCESS,073,Small Business Administration,7300,Small Business Administration,737010,OFC OF CAPITAL ACCESS,,,,,,,LOTTIES WORLD,LOTTIES WORLD,,,,USA,UNITED STATES,108 IRONWOOD WAY,,67000,SAN FRANCISCO,06075,SAN FRANCISCO,06,CA,CALIFORNIA,94124,,CA-12,CA-11,,,,COUNTY-WIDE,USA,UNITED STATES,CA**075,,06075,SAN FRANCISCO,06,CALIFORNIA,,CA-12,CA-90,,59.073: PAYCHECK PROTECTION LOAN PROGRAM (PPP),,,08,GUARANTEED/INSURED LOAN (F),TO AID SMALL BUSINESSES IN MAINTAINING WORK FORCE DURING COVID-19 PANDEMIC.,NON,NOT RECOVERY ACT,P,INDIVIDUAL,2,NON-AGGREGATE RECORD,,,,,,,,,,,https://www.usaspending.gov/award/ASST_NON_4862608202_073/,2021-01-06 03:33:53.27803+00
ASST_NON_4862908209_073,4862908209,,SAI EXEMPT,,,,,,2020-08-27,2020,0.00,,,,0.00,0.00,0.00,2020-08-07,2020,,,073,Small Business Administration,7300,Small Business Administration,737010,OFC OF CAPITAL ACCESS,073,Small Business Administration,7300,Small Business Administration,737010,OFC OF CAPITAL ACCESS,,,,,,,GUEDEV SINGH POWAR,GUEDEV SINGH POWAR,,,,USA,UNITED STATES,3724 ISKENDERUN AVE,,64000,SACRAMENTO,06067,SACRAMENTO,06,CA,CALIFORNIA,95834,,CA-06,CA-06,,,,COUNTY-WIDE,USA,UNITED STATES,CA**067,,06067,SACRAMENTO,06,CALIFORNIA,,CA-06,CA-90,,59.073: PAYCHECK PROTECTION LOAN PROGRAM (PPP),,,08,GUARANTEED/INSURED LOAN (F),TO AID SMALL BUSINESSES IN MAINTAINING WORK FORCE DURING COVID-19 PANDEMIC.,NON,NOT RECOVERY ACT,P,INDIVIDUAL,2,NON-AGGREGATE RECORD,,,,,,,,,,,https://www.usaspending.gov/award/ASST_NON_4862908209_073/,2021-01-06 03:33:53.27803+00
ASST_NON_4862988200_073,4862988200,,SAI EXEMPT,,,,,,2020-08-27,2020,0.00,,,,0.00,0.00,0.00,2020-08-07,2020,,,073,Small Business Administration,7300,Small Business Administration,737010,OFC OF CAPITAL ACCESS,073,Small Business Administration,7300,Small Business Administration,737010,OFC OF CAPITAL ACCESS,,,,,,,KRYSTLE POWELL,KRYSTLE POWELL,,,,USA,UNITED STATES,11130 S NORMANDIE AVE,APT 3,44000,LOS ANGELES,06037,LOS ANGELES,06,CA,CALIFORNIA,90044,,CA-43,CA-90,,,,COUNTY-WIDE,USA,UNITED STATES,CA**037,,06037,LOS ANGELES,06,CALIFORNIA,,CA-43,CA-90,,59.073: PAYCHECK PROTECTION LOAN PROGRAM (PPP),,,08,GUARANTEED/INSURED LOAN (F),TO AID SMALL BUSINESSES IN MAINTAINING WORK FORCE DURING COVID-19 PANDEMIC.,NON,NOT RECOVERY ACT,P,INDIVIDUAL,2,NON-AGGREGATE RECORD,,,,,,,,,,,https://www.usaspending.gov/award/ASST_NON_4862988200_073/,2021-01-06 03:33:53.27803+00
ASST_NON_4866528210_073,4866528210,,SAI EXEMPT,,,,,,2020-08-27,2020,0.00,,,,0.00,0.00,0.00,2020-08-07,2020,,,073,Small Business Administration,7300,Small Business Administration,737010,OFC OF CAPITAL ACCESS,073,Small Business Administration,7300,Small Business Administration,737010,OFC OF CAPITAL ACCESS,,,,,,,JESSICA CHACON,JESSICA CHACON,,,,USA,UNITED STATES,664 W GAGE AVE,,44000,LOS ANGELES,06037,LOS ANGELES,06,CA,CALIFORNIA,90044,,CA-37,CA-90,,,,COUNTY-WIDE,USA,UNITED STATES,CA**037,,06037,LOS ANGELES,06,CALIFORNIA,,CA-37,CA-90,,59.073: PAYCHECK PROTECTION LOAN PROGRAM (PPP),,,08,GUARANTEED/INSURED LOAN (F),TO AID SMALL BUSINESSES IN MAINTAINING WORK FORCE DURING COVID-19 PANDEMIC.,NON,NOT RECOVERY ACT,P,INDIVIDUAL,2,NON-AGGREGATE RECORD,,,,,,,,,,,https://www.usaspending.gov/award/ASST_NON_4866528210_073/,2021-01-06 03:33:53.27803+00
ASST_NON_4866538202_073,4866538202,,SAI EXEMPT,,,,,,2020-08-27,2020,0.00,,,,0.00,0.00,0.00,2020-08-07,2020,,,073,Small Business Administration,7300,Small Business Administration,737010,OFC OF CAPITAL ACCESS,073,Small Business Administration,7300,Small Business Administration,737010,OFC OF CAPITAL ACCESS,,,,,,,LEEMU TOKPA,LEEMU TOKPA,,,,USA,UNITED STATES,276 ADAMS ST,,53000,OAKLAND,06001,ALAMEDA,06,CA,CALIFORNIA,94610,,CA-13,CA-12,,,,COUNTY-WIDE,USA,UNITED STATES,CA**001,,06001,ALAMEDA,06,CALIFORNIA,,CA-13,CA-90,,59.073: PAYCHECK PROTECTION LOAN PROGRAM (PPP),,,08,GUARANTEED/INSURED LOAN (F),TO AID SMALL BUSINESSES IN MAINTAINING WORK FORCE DURING COVID-19 PANDEMIC.,NON,NOT RECOVERY ACT,P,INDIVIDUAL,2,NON-AGGREGATE RECORD,,,,,,,,,,,https://www.usaspending.gov/award/ASST_NON_4866538202_073/,2021-01-06 03:33:53.27803+00
ASST_NON_4866558208_073,4866558208,,SAI EXEMPT,,,,,,2020-08-27,2020,0.00,,,,0.00,0.00,0.00,2020-08-07,2020,,,073,Small Business Administration,7300,Small Business Administration,737010,OFC OF CAPITAL ACCESS,073,Small Business Administration,7300,Small Business Administration,737010,OFC OF CAPITAL ACCESS,,,,,,,MARIACHI LOS REYES,MARIACHI LOS REYES,,,,USA,UNITED STATES,462 N. CONCORD ST,,44000,LOS ANGELES,06037,LOS ANGELES,06,CA,CALIFORNIA,90063,,CA-34,CA-34,,,,COUNTY-WIDE,USA,UNITED STATES,CA**037,,06037,LOS ANGELES,06,CALIFORNIA,,CA-34,CA-90,,59.073: PAYCHECK PROTECTION LOAN PROGRAM (PPP),,,08,GUARANTEED/INSURED LOAN (F),TO AID SMALL BUSINESSES IN MAINTAINING WORK FORCE DURING COVID-19 PANDEMIC.,NON,NOT RECOVERY ACT,P,INDIVIDUAL,2,NON-AGGREGATE RECORD,,,,,,,,,,,https://www.usaspending.gov/award/ASST_NON_4866558208_073/,2021-01-06 03:33:53.27803+00
ASST_NON_4866798210_073,4866798210,,SAI EXEMPT,,,,,,2020-08-27,2020,0.00,,,,0.00,0.00,0.00,2020-08-07,2020,,,073,Small Business Administration,7300,Small Business Administration,737010,OFC OF CAPITAL ACCESS,073,Small Business Administration,7300,Small Business Administration,737010,OFC OF CAPITAL ACCESS,,,,,,,APRIL S. FLOYD,APRIL S. FLOYD,,,,USA,UNITED STATES,30 BIG TREE ROAD,,60102,REDWOOD CITY,06081,SAN MATEO,06,CA,CALIFORNIA,94062,,CA-14,CA-90,,,,COUNTY-WIDE,USA,UNITED STATES,CA**081,,06081,SAN MATEO,06,CALIFORNIA,,CA-14,CA-90,,59.073: PAYCHECK PROTECTION LOAN PROGRAM (PPP),,,08,GUARANTEED/INSURED LOAN (F),TO AID SMALL BUSINESSES IN MAINTAINING WORK FORCE DURING COVID-19 PANDEMIC.,NON,NOT RECOVERY ACT,P,INDIVIDUAL,2,NON-AGGREGATE RECORD,,,,,,,,,,,https://www.usaspending.gov/award/ASST_NON_4866798210_073/,2021-01-06 03:33:53.27803+00
ASST_NON_4867038207_073,4867038207,,SAI EXEMPT,,,,,,2020-08-27,2020,0.00,,,,0.00,0.00,0.00,2020-08-07,2020,,,073,Small Business Administration,7300,Small Business Administration,737010,OFC OF CAPITAL ACCESS,073,Small Business Administration,7300,Small Business Administration,737010,OFC OF CAPITAL ACCESS,,,,,,,ROOBES ALTIDOR,ROOBES ALTIDOR,,,,USA,UNITED STATES,1136 HARVARD ST,,70000,SANTA MONICA,06037,LOS ANGELES,06,CA,CALIFORNIA,90403,,CA-33,CA-36,,,,COUNTY-WIDE,USA,UNITED STATES,CA**037,,06037,LOS ANGELES,06,CALIFORNIA,,CA-33,CA-90,,59.073: PAYCHECK PROTECTION LOAN PROGRAM (PPP),,,08,GUARANTEED/INSURED LOAN (F),TO AID SMALL BUSINESSES IN MAINTAINING WORK FORCE DURING COVID-19 PANDEMIC.,NON,NOT RECOVERY ACT,P,INDIVIDUAL,2,NON-AGGREGATE RECORD,,,,,,,,,,,https://www.usaspending.gov/award/ASST_NON_4867038207_073/,2021-01-06 03:33:53.27803+00
ASST_NON_4867318208_073,4867318208,,SAI EXEMPT,,,,,,2020-08-27,2020,0.00,,,,0.00,0.00,0.00,2020-08-07,2020,,,073,Small Business Administration,7300,Small Business Administration,737010,OFC OF CAPITAL ACCESS,073,Small Business Administration,7300,Small Business Administration,737010,OFC OF CAPITAL ACCESS,,,,,,,ALVIN LABOSTRIE,ALVIN LABOSTRIE,,,,USA,UNITED STATES,855 W 125TH ST,,44000,LOS ANGELES,06037,LOS ANGELES,06,CA,CALIFORNIA,90044,,CA-43,CA-90,,,,COUNTY-WIDE,USA,UNITED STATES,CA**037,,06037,LOS ANGELES,06,CALIFORNIA,,CA-43,CA-90,,59.073: PAYCHECK PROTECTION LOAN PROGRAM (PPP),,,08,GUARANTEED/INSURED LOAN (F),TO AID SMALL BUSINESSES IN MAINTAINING WORK FORCE DURING COVID-19 PANDEMIC.,NON,NOT RECOVERY ACT,P,INDIVIDUAL,2,NON-AGGREGATE RECORD,,,,,,,,,,,https://www.usaspending.gov/award/ASST_NON_4867318208_073/,2021-01-06 03:33:53.27803+00
ASST_NON_4867458204_073,4867458204,,SAI EXEMPT,,,,,,2020-08-27,2020,0.00,,,,0.00,0.00,0.00,2020-08-07,2020,,,073,Small Business Administration,7300,Small Business Administration,737010,OFC OF CAPITAL ACCESS,073,Small Business Administration,7300,Small Business Administration,737010,OFC OF CAPITAL ACCESS,,,,,,,ANGELA MITCHELL,ANGELA MITCHELL,,,,USA,UNITED STATES,15500 MIDTOWN DR,APT 113,82590,VICTORVILLE,06071,SAN BERNARDINO,06,CA,CALIFORNIA,92394,,CA-08,CA-23,,,,COUNTY-WIDE,USA,UNITED STATES,CA**071,,06071,SAN BERNARDINO,06,CALIFORNIA,,CA-08,CA-90,,59.073: PAYCHECK PROTECTION LOAN PROGRAM (PPP),,,08,GUARANTEED/INSURED LOAN (F),TO AID SMALL BUSINESSES IN MAINTAINING WORK FORCE DURING COVID-19 PANDEMIC.,NON,NOT RECOVERY ACT,P,INDIVIDUAL,2,NON-AGGREGATE RECORD,,,,,,,,,,,https://www.usaspending.gov/award/ASST_NON_4867458204_073/,2021-01-06 03:33:53.27803+00
ASST_NON_4867548207_073,4867548207,,SAI EXEMPT,,,,,,2020-08-27,2020,0.00,,,,0.00,0.00,0.00,2020-08-07,2020,,,073,Small Business Administration,7300,Small Business Administration,737010,OFC OF CAPITAL ACCESS,073,Small Business Administration,7300,Small Business Administration,737010,OFC OF CAPITAL ACCESS,,,,,,,ELLIOTT T ALMOND,ELLIOTT T ALMOND,,,,USA,UNITED STATES,893 TERRACE LN W,UNIT 1,19192,DIAMOND BAR,06037,LOS ANGELES,06,CA,CALIFORNIA,91765,,CA-39,CA-38,,,,COUNTY-WIDE,USA,UNITED STATES,CA**037,,06037,LOS ANGELES,06,CALIFORNIA,,CA-39,CA-90,,59.073: PAYCHECK PROTECTION LOAN PROGRAM (PPP),,,08,GUARANTEED/INSURED LOAN (F),TO AID SMALL BUSINESSES IN MAINTAINING WORK FORCE DURING COVID-19 PANDEMIC.,NON,NOT RECOVERY ACT,P,INDIVIDUAL,2,NON-AGGREGATE RECORD,,,,,,,,,,,https://www.usaspending.gov/award/ASST_NON_4867548207_073/,2021-01-06 03:33:53.27803+00
ASST_NON_4867628207_073,4867628207,,SAI EXEMPT,,,,,,2020-08-27,2020,0.00,,,,0.00,0.00,0.00,2020-08-07,2020,,,073,Small Business Administration,7300,Small Business Administration,737010,OFC OF CAPITAL ACCESS,073,Small Business Administration,7300,Small Business Administration,737010,OFC OF CAPITAL ACCESS,,,,,,,LEONARD SMITH,LEONARD SMITH,,,,USA,UNITED STATES,5508 DON MARCELLO CT,,68000,SAN JOSE,06085,SANTA CLARA,06,CA,CALIFORNIA,95123,,CA-19,CA-19,,,,COUNTY-WIDE,USA,UNITED STATES,CA**085,,06085,SANTA CLARA,06,CALIFORNIA,,CA-19,CA-90,,59.073: PAYCHECK PROTECTION LOAN PROGRAM (PPP),,,08,GUARANTEED/INSURED LOAN (F),TO AID SMALL BUSINESSES IN MAINTAINING WORK FORCE DURING COVID-19 PANDEMIC.,NON,NOT RECOVERY ACT,P,INDIVIDUAL,2,NON-AGGREGATE RECORD,,,,,,,,,,,https://www.usaspending.gov/award/ASST_NON_4867628207_073/,2021-01-06 03:33:53.27803+00
ASST_NON_4867778206_073,4867778206,,SAI EXEMPT,,,,,,2020-08-27,2020,0.00,,,,0.00,0.00,0.00,2020-08-07,2020,,,073,Small Business Administration,7300,Small Business Administration,737010,OFC OF CAPITAL ACCESS,073,Small Business Administration,7300,Small Business Administration,737010,OFC OF CAPITAL ACCESS,,,,,,,DEWEESE WILLIAMS,DEWEESE WILLIAMS,,,,USA,UNITED STATES,12268 CHANTRELLE DR,UNIT 3,59451,RANCHO CUCAMONGA,06071,SAN BERNARDINO,06,CA,CALIFORNIA,91739,,CA-08,CA-33,,,,COUNTY-WIDE,USA,UNITED STATES,CA**071,,06071,SAN BERNARDINO,06,CALIFORNIA,,CA-08,CA-90,,59.073: PAYCHECK PROTECTION LOAN PROGRAM (PPP),,,08,GUARANTEED/INSURED LOAN (F),TO AID SMALL BUSINESSES IN MAINTAINING WORK FORCE DURING COVID-19 PANDEMIC.,NON,NOT RECOVERY ACT,P,INDIVIDUAL,2,NON-AGGREGATE RECORD,,,,,,,,,,,https://www.usaspending.gov/award/ASST_NON_4867778206_073/,2021-01-06 03:33:53.27803+00
ASST_NON_4867808202_073,4867808202,,SAI EXEMPT,,,,,,2020-08-27,2020,0.00,,,,0.00,0.00,0.00,2020-08-07,2020,,,073,Small Business Administration,7300,Small Business Administration,737010,OFC OF CAPITAL ACCESS,073,Small Business Administration,7300,Small Business Administration,737010,OFC OF CAPITAL ACCESS,,,,,,,HELEN SCHMIDT,HELEN SCHMIDT,,,,USA,UNITED STATES,656 W ALTADENA DR,,01290,ALTADENA,06037,LOS ANGELES,06,CA,CALIFORNIA,91001,,CA-27,CA-28,,,,COUNTY-WIDE,USA,UNITED STATES,CA**037,,06037,LOS ANGELES,06,CALIFORNIA,,CA-27,CA-90,,59.073: PAYCHECK PROTECTION LOAN PROGRAM (PPP),,,08,GUARANTEED/INSURED LOAN (F),TO AID SMALL BUSINESSES IN MAINTAINING WORK FORCE DURING COVID-19 PANDEMIC.,NON,NOT RECOVERY ACT,P,INDIVIDUAL,2,NON-AGGREGATE RECORD,,,,,,,,,,,https://www.usaspending.gov/award/ASST_NON_4867808202_073/,2021-01-06 03:33:53.27803+00
ASST_NON_4867828208_073,4867828208,,SAI EXEMPT,,,,,,2020-08-27,2020,0.00,,,,0.00,0.00,0.00,2020-08-07,2020,,,073,Small Business Administration,7300,Small Business Administration,737010,OFC OF CAPITAL ACCESS,073,Small Business Administration,7300,Small Business Administration,737010,OFC OF CAPITAL ACCESS,,,,,,,HUIQING SUN,HUIQING SUN,,,,USA,UNITED STATES,4002 S CLOVERDALE WAY,,53896,ONTARIO,06071,SAN BERNARDINO,06,CA,CALIFORNIA,91761,,CA-35,CA-35,,,,COUNTY-WIDE,USA,UNITED STATES,CA**071,,06071,SAN BERNARDINO,06,CALIFORNIA,,CA-35,CA-90,,59.073: PAYCHECK PROTECTION LOAN PROGRAM (PPP),,,08,GUARANTEED/INSURED LOAN (F),TO AID SMALL BUSINESSES IN MAINTAINING WORK FORCE DURING COVID-19 PANDEMIC.,NON,NOT RECOVERY ACT,P,INDIVIDUAL,2,NON-AGGREGATE RECORD,,,,,,,,,,,https://www.usaspending.gov/award/ASST_NON_4867828208_073/,2021-01-06 03:33:53.27803+00
ASST_NON_4867998202_073,4867998202,,SAI EXEMPT,,,,,,2020-08-27,2020,0.00,,,,0.00,0.00,0.00,2020-08-07,2020,,,073,Small Business Administration,7300,Small Business Administration,737010,OFC OF CAPITAL ACCESS,073,Small Business Administration,7300,Small Business Administration,737010,OFC OF CAPITAL ACCESS,,,,,,,INTRINSIC DESIGN,INTRINSIC DESIGN,,,,USA,UNITED STATES,518 E 6TH ST,A,43000,LONG BEACH,06037,LOS ANGELES,06,CA,CALIFORNIA,90802,,CA-47,CA-42,,,,COUNTY-WIDE,USA,UNITED STATES,CA**037,,06037,LOS ANGELES,06,CALIFORNIA,,CA-47,CA-90,,59.073: PAYCHECK PROTECTION LOAN PROGRAM (PPP),,,08,GUARANTEED/INSURED LOAN (F),TO AID SMALL BUSINESSES IN MAINTAINING WORK FORCE DURING COVID-19 PANDEMIC.,NON,NOT RECOVERY ACT,P,INDIVIDUAL,2,NON-AGGREGATE RECORD,,,,,,,,,,,https://www.usaspending.gov/award/ASST_NON_4867998202_073/,2021-01-06 03:33:53.27803+00
ASST_NON_4868128201_073,4868128201,,SAI EXEMPT,,,,,,2020-08-27,2020,0.00,,,,0.00,0.00,0.00,2020-08-07,2020,,,073,Small Business Administration,7300,Small Business Administration,737010,OFC OF CAPITAL ACCESS,073,Small Business Administration,7300,Small Business Administration,737010,OFC OF CAPITAL ACCESS,,,,,,,ALI AMINI,ALI AMINI,,,,USA,UNITED STATES,1373 ROCK CT,,68196,SAN MARCOS,06073,SAN DIEGO,06,CA,CALIFORNIA,92078,,CA-50,CA-50,,,,COUNTY-WIDE,USA,UNITED STATES,CA**073,,06073,SAN DIEGO,06,CALIFORNIA,,CA-50,CA-90,,59.073: PAYCHECK PROTECTION LOAN PROGRAM (PPP),,,08,GUARANTEED/INSURED LOAN (F),TO AID SMALL BUSINESSES IN MAINTAINING WORK FORCE DURING COVID-19 PANDEMIC.,NON,NOT RECOVERY ACT,P,INDIVIDUAL,2,NON-AGGREGATE RECORD,,,,,,,,,,,https://www.usaspending.gov/award/ASST_NON_4868128201_073/,2021-01-06 03:33:53.27803+00
ASST_NON_4868408202_073,4868408202,,SAI EXEMPT,,,,,,2020-08-27,2020,0.00,,,,0.00,0.00,0.00,2020-08-07,2020,,,073,Small Business Administration,7300,Small Business Administration,737010,OFC OF CAPITAL ACCESS,073,Small Business Administration,7300,Small Business Administration,737010,OFC OF CAPITAL ACCESS,,,,,,,KIANA CURTIS,KIANA CURTIS,,,,USA,UNITED STATES,4945 COLISEUM ST,4,44000,LOS ANGELES,06037,LOS ANGELES,06,CA,CALIFORNIA,90016,,CA-37,CA-37,,,,COUNTY-WIDE,USA,UNITED STATES,CA**037,,06037,LOS ANGELES,06,CALIFORNIA,,CA-37,CA-90,,59.073: PAYCHECK PROTECTION LOAN PROGRAM (PPP),,,08,GUARANTEED/INSURED LOAN (F),TO AID SMALL BUSINESSES IN MAINTAINING WORK FORCE DURING COVID-19 PANDEMIC.,NON,NOT RECOVERY ACT,P,INDIVIDUAL,2,NON-AGGREGATE RECORD,,,,,,,,,,,https://www.usaspending.gov/award/ASST_NON_4868408202_073/,2021-01-06 03:33:53.27803+00
ASST_NON_4868708209_073,4868708209,,SAI EXEMPT,,,,,,2020-08-27,2020,0.00,,,,0.00,0.00,0.00,2020-08-07,2020,,,073,Small Business Administration,7300,Small Business Administration,737010,OFC OF CAPITAL ACCESS,073,Small Business Administration,7300,Small Business Administration,737010,OFC OF CAPITAL ACCESS,,,,,,,RAMIREZ SOYBEANS,RAMIREZ SOYBEANS,,,,USA,UNITED STATES,8531 JACARANDA AVE,,09780,CALIFORNIA CITY,06029,KERN,06,CA,CALIFORNIA,93505,,CA-23,CA-23,,,,COUNTY-WIDE,USA,UNITED STATES,CA**029,,06029,KERN,06,CALIFORNIA,,CA-23,CA-90,,59.073: PAYCHECK PROTECTION LOAN PROGRAM (PPP),,,08,GUARANTEED/INSURED LOAN (F),TO AID SMALL BUSINESSES IN MAINTAINING WORK FORCE DURING COVID-19 PANDEMIC.,NON,NOT RECOVERY ACT,P,INDIVIDUAL,2,NON-AGGREGATE RECORD,,,,,,,,,,,https://www.usaspending.gov/award/ASST_NON_4868708209_073/,2021-01-06 03:33:53.27803+00
ASST_NON_4868748210_073,4868748210,,SAI EXEMPT,,,,,,2020-08-27,2020,0.00,,,,0.00,0.00,0.00,2020-08-07,2020,,,073,Small Business Administration,7300,Small Business Administration,737010,OFC OF CAPITAL ACCESS,073,Small Business Administration,7300,Small Business Administration,737010,OFC OF CAPITAL ACCESS,,,,,,,JOSEPH LAGRAND,JOSEPH LAGRAND,,,,USA,UNITED STATES,2415 GRIFFITH PARK BLVD,,44000,LOS ANGELES,06037,LOS ANGELES,06,CA,CALIFORNIA,90039,,CA-28,CA-30,,,,COUNTY-WIDE,USA,UNITED STATES,CA**037,,06037,LOS ANGELES,06,CALIFORNIA,,CA-28,CA-90,,59.073: PAYCHECK PROTECTION LOAN PROGRAM (PPP),,,08,GUARANTEED/INSURED LOAN (F),TO AID SMALL BUSINESSES IN MAINTAINING WORK FORCE DURING COVID-19 PANDEMIC.,NON,NOT RECOVERY ACT,P,INDIVIDUAL,2,NON-AGGREGATE RECORD,,,,,,,,,,,https://www.usaspending.gov/award/ASST_NON_4868748210_073/,2021-01-06 03:33:53.27803+00
ASST_NON_4868998204_073,4868998204,,SAI EXEMPT,,,,,,2020-08-27,2020,0.00,,,,0.00,0.00,0.00,2020-08-07,2020,,,073,Small Business Administration,7300,Small Business Administration,737010,OFC OF CAPITAL ACCESS,073,Small Business Administration,7300,Small Business Administration,737010,OFC OF CAPITAL ACCESS,,,,,,,SHARON A CASTRO,SHARON A CASTRO,,,,USA,UNITED STATES,3280 OLIVE ST,APT 41,41124,LEMON GROVE,06073,SAN DIEGO,06,CA,CALIFORNIA,91945,,CA-53,CA-51,,,,COUNTY-WIDE,USA,UNITED STATES,CA**073,,06073,SAN DIEGO,06,CALIFORNIA,,CA-53,CA-90,,59.073: PAYCHECK PROTECTION LOAN PROGRAM (PPP),,,08,GUARANTEED/INSURED LOAN (F),TO AID SMALL BUSINESSES IN MAINTAINING WORK FORCE DURING COVID-19 PANDEMIC.,NON,NOT RECOVERY ACT,P,INDIVIDUAL,2,NON-AGGREGATE RECORD,,,,,,,,,,,https://www.usaspending.gov/award/ASST_NON_4868998204_073/,2021-01-06 03:33:53.27803+00
ASST_NON_4869148209_073,4869148209,,SAI EXEMPT,,,,,,2020-08-27,2020,0.00,,,,0.00,0.00,0.00,2020-08-07,2020,,,073,Small Business Administration,7300,Small Business Administration,737010,OFC OF CAPITAL ACCESS,073,Small Business Administration,7300,Small Business Administration,737010,OFC OF CAPITAL ACCESS,,,,,,,BOUSY MEDIA,BOUSY MEDIA,,,,USA,UNITED STATES,11448 BAIRD AVE,,58236,PORTER RANCH,06037,LOS ANGELES,06,CA,CALIFORNIA,91326,,CA-30,CA-90,,,,COUNTY-WIDE,USA,UNITED STATES,CA**037,,06037,LOS ANGELES,06,CALIFORNIA,,CA-30,CA-90,,59.073: PAYCHECK PROTECTION LOAN PROGRAM (PPP),,,08,GUARANTEED/INSURED LOAN (F),TO AID SMALL BUSINESSES IN MAINTAINING WORK FORCE DURING COVID-19 PANDEMIC.,NON,NOT RECOVERY ACT,P,INDIVIDUAL,2,NON-AGGREGATE RECORD,,,,,,,,,,,https://www.usaspending.gov/award/ASST_NON_4869148209_073/,2021-01-06 03:33:53.27803+00
ASST_NON_4869208203_073,4869208203,,SAI EXEMPT,,,,,,2020-08-27,2020,0.00,,,,0.00,0.00,0.00,2020-08-07,2020,,,073,Small Business Administration,7300,Small Business Administration,737010,OFC OF CAPITAL ACCESS,073,Small Business Administration,7300,Small Business Administration,737010,OFC OF CAPITAL ACCESS,,,,,,,HARMAN SERVICES,HARMAN SERVICES,,,,USA,UNITED STATES,11230 GOLD EXPRESS DRIVE,310-319,59444,RANCHO CORDOVA,06067,SACRAMENTO,06,CA,CALIFORNIA,95670,,CA-07,CA-06,,,,COUNTY-WIDE,USA,UNITED STATES,CA**067,,06067,SACRAMENTO,06,CALIFORNIA,,CA-07,CA-90,,59.073: PAYCHECK PROTECTION LOAN PROGRAM (PPP),,,08,GUARANTEED/INSURED LOAN (F),TO AID SMALL BUSINESSES IN MAINTAINING WORK FORCE DURING COVID-19 PANDEMIC.,NON,NOT RECOVERY ACT,R,SMALL BUSINESS,2,NON-AGGREGATE RECORD,,,,,,,,,,,https://www.usaspending.gov/award/ASST_NON_4869208203_073/,2021-01-06 03:33:53.27803+00
ASST_NON_4869218206_073,4869218206,,SAI EXEMPT,,,,,,2020-08-27,2020,0.00,,,,0.00,0.00,0.00,2020-08-07,2020,,,073,Small Business Administration,7300,Small Business Administration,737010,OFC OF CAPITAL ACCESS,073,Small Business Administration,7300,Small Business Administration,737010,OFC OF CAPITAL ACCESS,,,,,,,JENNIFER ROSARIO CONTRERAS,JENNIFER ROSARIO CONTRERAS,,,,USA,UNITED STATES,3510 WELLINGTON RD,,44000,LOS ANGELES,06037,LOS ANGELES,06,CA,CALIFORNIA,90016,,CA-37,CA-37,,,,COUNTY-WIDE,USA,UNITED STATES,CA**037,,06037,LOS ANGELES,06,CALIFORNIA,,CA-37,CA-90,,59.073: PAYCHECK PROTECTION LOAN PROGRAM (PPP),,,08,GUARANTEED/INSURED LOAN (F),TO AID SMALL BUSINESSES IN MAINTAINING WORK FORCE DURING COVID-19 PANDEMIC.,NON,NOT RECOVERY ACT,P,INDIVIDUAL,2,NON-AGGREGATE RECORD,,,,,,,,,,,https://www.usaspending.gov/award/ASST_NON_4869218206_073/,2021-01-06 03:33:53.27803+00
ASST_NON_4869468200_073,4869468200,,SAI EXEMPT,,,,,,2020-08-27,2020,0.00,,,,0.00,0.00,0.00,2020-08-07,2020,,,073,Small Business Administration,7300,Small Business Administration,737010,OFC OF CAPITAL ACCESS,073,Small Business Administration,7300,Small Business Administration,737010,OFC OF CAPITAL ACCESS,,,,,,,JAGJIT S POWAR,JAGJIT S POWAR,,,,USA,UNITED STATES,1773 HARDIAL COURT,,86972,YUBA CITY,06101,SUTTER,06,CA,CALIFORNIA,95993,,CA-03,CA-01,,,,COUNTY-WIDE,USA,UNITED STATES,CA**101,,06101,SUTTER,06,CALIFORNIA,,CA-03,CA-01,,59.073: PAYCHECK PROTECTION LOAN PROGRAM (PPP),,,08,GUARANTEED/INSURED LOAN (F),TO AID SMALL BUSINESSES IN MAINTAINING WORK FORCE DURING COVID-19 PANDEMIC.,NON,NOT RECOVERY ACT,P,INDIVIDUAL,2,NON-AGGREGATE RECORD,,,,,,,,,,,https://www.usaspending.gov/award/ASST_NON_4869468200_073/,2021-01-06 03:33:53.27803+00
ASST_NON_4869608205_073,4869608205,,SAI EXEMPT,,,,,,2020-08-27,2020,0.00,,,,0.00,0.00,0.00,2020-08-07,2020,,,073,Small Business Administration,7300,Small Business Administration,737010,OFC OF CAPITAL ACCESS,073,Small Business Administration,7300,Small Business Administration,737010,OFC OF CAPITAL ACCESS,,,,,,,JEFF TANGRADI,JEFF TANGRADI,,,,USA,UNITED STATES,327 NORTH BOYLSTON ST,515,44000,LOS ANGELES,06037,LOS ANGELES,06,CA,CALIFORNIA,90012,,CA-34,CA-34,,,,COUNTY-WIDE,USA,UNITED STATES,CA**037,,06037,LOS ANGELES,06,CALIFORNIA,,CA-34,CA-90,,59.073: PAYCHECK PROTECTION LOAN PROGRAM (PPP),,,08,GUARANTEED/INSURED LOAN (F),TO AID SMALL BUSINESSES IN MAINTAINING WORK FORCE DURING COVID-19 PANDEMIC.,NON,NOT RECOVERY ACT,P,INDIVIDUAL,2,NON-AGGREGATE RECORD,,,,,,,,,,,https://www.usaspending.gov/award/ASST_NON_4869608205_073/,2021-01-06 03:33:53.27803+00
ASST_NON_4879228202_073,4879228202,,SAI EXEMPT,,,,,,2020-08-27,2020,0.00,,,,0.00,0.00,0.00,2020-08-07,2020,,,073,Small Business Administration,7300,Small Business Administration,737010,OFC OF CAPITAL ACCESS,073,Small Business Administration,7300,Small Business Administration,737010,OFC OF CAPITAL ACCESS,,,,,,,LYN BROOKS ENTERTAINMENT INC,LYN BROOKS ENTERTAINMENT INC,,,,USA,UNITED STATES,17940 STRATHERN STREET,,60340,RESEDA,06037,LOS ANGELES,06,CA,CALIFORNIA,91335,,CA-30,CA-90,,,,COUNTY-WIDE,USA,UNITED STATES,CA**037,,06037,LOS ANGELES,06,CALIFORNIA,,CA-30,CA-90,,59.073: PAYCHECK PROTECTION LOAN PROGRAM (PPP),,,08,GUARANTEED/INSURED LOAN (F),TO AID SMALL BUSINESSES IN MAINTAINING WORK FORCE DURING COVID-19 PANDEMIC.,NON,NOT RECOVERY ACT,P,INDIVIDUAL,2,NON-AGGREGATE RECORD,,,,,,,,,,,https://www.usaspending.gov/award/ASST_NON_4879228202_073/,2021-01-06 03:33:53.27803+00
ASST_NON_4879308202_073,4879308202,,SAI EXEMPT,,,,,,2020-08-27,2020,0.00,,,,0.00,0.00,0.00,2020-08-07,2020,,,073,Small Business Administration,7300,Small Business Administration,737010,OFC OF CAPITAL ACCESS,073,Small Business Administration,7300,Small Business Administration,737010,OFC OF CAPITAL ACCESS,,,,,,,AUNTIE CHELLES CATERING,AUNTIE CHELLES CATERING,,,,USA,UNITED STATES,8 NORTHRIDGE RD,,67000,SAN FRANCISCO,06075,SAN FRANCISCO,06,CA,CALIFORNIA,94124,,CA-12,CA-11,,,,COUNTY-WIDE,USA,UNITED STATES,CA**075,,06075,SAN FRANCISCO,06,CALIFORNIA,,CA-12,CA-90,,59.073: PAYCHECK PROTECTION LOAN PROGRAM (PPP),,,08,GUARANTEED/INSURED LOAN (F),TO AID SMALL BUSINESSES IN MAINTAINING WORK FORCE DURING COVID-19 PANDEMIC.,NON,NOT RECOVERY ACT,P,INDIVIDUAL,2,NON-AGGREGATE RECORD,,,,,,,,,,,https://www.usaspending.gov/award/ASST_NON_4879308202_073/,2021-01-06 03:33:53.27803+00
ASST_NON_4879658202_073,4879658202,,SAI EXEMPT,,,,,,2020-08-27,2020,0.00,,,,0.00,0.00,0.00,2020-08-07,2020,,,073,Small Business Administration,7300,Small Business Administration,737010,OFC OF CAPITAL ACCESS,073,Small Business Administration,7300,Small Business Administration,737010,OFC OF CAPITAL ACCESS,,,,,,,AMY WEEMS,AMY WEEMS,,,,USA,UNITED STATES,40647 POPPY DR,,33182,HEMET,06065,RIVERSIDE,06,CA,CALIFORNIA,92544,,CA-36,CA-25,,,,COUNTY-WIDE,USA,UNITED STATES,CA**065,,06065,RIVERSIDE,06,CALIFORNIA,,CA-36,CA-90,,59.073: PAYCHECK PROTECTION LOAN PROGRAM (PPP),,,08,GUARANTEED/INSURED LOAN (F),TO AID SMALL BUSINESSES IN MAINTAINING WORK FORCE DURING COVID-19 PANDEMIC.,NON,NOT RECOVERY ACT,P,INDIVIDUAL,2,NON-AGGREGATE RECORD,,,,,,,,,,,https://www.usaspending.gov/award/ASST_NON_4879658202_073/,2021-01-06 03:33:53.27803+00
ASST_NON_4879818202_073,4879818202,,SAI EXEMPT,,,,,,2020-08-27,2020,0.00,,,,0.00,0.00,0.00,2020-08-07,2020,,,073,Small Business Administration,7300,Small Business Administration,737010,OFC OF CAPITAL ACCESS,073,Small Business Administration,7300,Small Business Administration,737010,OFC OF CAPITAL ACCESS,,,,,,,CARMEN DILWORTH,CARMEN DILWORTH,,,,USA,UNITED STATES,11130 S NORMANDIE AVE,APT 3,44000,LOS ANGELES,06037,LOS ANGELES,06,CA,CALIFORNIA,90044,,CA-43,CA-90,,,,COUNTY-WIDE,USA,UNITED STATES,CA**037,,06037,LOS ANGELES,06,CALIFORNIA,,CA-43,CA-90,,59.073: PAYCHECK PROTECTION LOAN PROGRAM (PPP),,,08,GUARANTEED/INSURED LOAN (F),TO AID SMALL BUSINESSES IN MAINTAINING WORK FORCE DURING COVID-19 PANDEMIC.,NON,NOT RECOVERY ACT,P,INDIVIDUAL,2,NON-AGGREGATE RECORD,,,,,,,,,,,https://www.usaspending.gov/award/ASST_NON_4879818202_073/,2021-01-06 03:33:53.27803+00
ASST_NON_4879838208_073,4879838208,,SAI EXEMPT,,,,,,2020-08-27,2020,0.00,,,,0.00,0.00,0.00,2020-08-07,2020,,,073,Small Business Administration,7300,Small Business Administration,737010,OFC OF CAPITAL ACCESS,073,Small Business Administration,7300,Small Business Administration,737010,OFC OF CAPITAL ACCESS,,,,,,,HOVHANNES MIRIJANYAN,HOVHANNES MIRIJANYAN,,,,USA,UNITED STATES,1304 EAST WILSON AV,A,29728,GLENDALE,06037,LOS ANGELES,06,CA,CALIFORNIA,91206,,CA-28,CA-30,,,,COUNTY-WIDE,USA,UNITED STATES,CA**037,,06037,LOS ANGELES,06,CALIFORNIA,,CA-28,CA-90,,59.073: PAYCHECK PROTECTION LOAN PROGRAM (PPP),,,08,GUARANTEED/INSURED LOAN (F),TO AID SMALL BUSINESSES IN MAINTAINING WORK FORCE DURING COVID-19 PANDEMIC.,NON,NOT RECOVERY ACT,P,INDIVIDUAL,2,NON-AGGREGATE RECORD,,,,,,,,,,,https://www.usaspending.gov/award/ASST_NON_4879838208_073/,2021-01-06 03:33:53.27803+00
ASST_NON_4882788207_073,4882788207,,SAI EXEMPT,,,,,,2020-08-27,2020,0.00,,,,0.00,0.00,0.00,2020-08-07,2020,,,073,Small Business Administration,7300,Small Business Administration,737010,OFC OF CAPITAL ACCESS,073,Small Business Administration,7300,Small Business Administration,737010,OFC OF CAPITAL ACCESS,,,,,,,ARTURO,ARTURO,,,,USA,UNITED STATES,4908 STEPHANIE PL,,53322,OCEANSIDE,06073,SAN DIEGO,06,CA,CALIFORNIA,92057,,CA-49,CA-49,,,,COUNTY-WIDE,USA,UNITED STATES,CA**073,,06073,SAN DIEGO,06,CALIFORNIA,,CA-49,CA-90,,59.073: PAYCHECK PROTECTION LOAN PROGRAM (PPP),,,08,GUARANTEED/INSURED LOAN (F),TO AID SMALL BUSINESSES IN MAINTAINING WORK FORCE DURING COVID-19 PANDEMIC.,NON,NOT RECOVERY ACT,P,INDIVIDUAL,2,NON-AGGREGATE RECORD,,,,,,,,,,,https://www.usaspending.gov/award/ASST_NON_4882788207_073/,2021-01-06 03:33:53.27803+00
ASST_NON_4882888202_073,4882888202,,SAI EXEMPT,,,,,,2020-08-27,2020,0.00,,,,0.00,0.00,0.00,2020-08-07,2020,,,073,Small Business Administration,7300,Small Business Administration,737010,OFC OF CAPITAL ACCESS,073,Small Business Administration,7300,Small Business Administration,737010,OFC OF CAPITAL ACCESS,,,,,,,TAYLOR KINGZ RETAIL,TAYLOR KINGZ RETAIL,,,,USA,UNITED STATES,1242 QUESADA AVE,,67000,SAN FRANCISCO,06075,SAN FRANCISCO,06,CA,CALIFORNIA,94124,,CA-12,CA-11,,,,COUNTY-WIDE,USA,UNITED STATES,CA**075,,06075,SAN FRANCISCO,06,CALIFORNIA,,CA-12,CA-90,,59.073: PAYCHECK PROTECTION LOAN PROGRAM (PPP),,,08,GUARANTEED/INSURED LOAN (F),TO AID SMALL BUSINESSES IN MAINTAINING WORK FORCE DURING COVID-19 PANDEMIC.,NON,NOT RECOVERY ACT,P,INDIVIDUAL,2,NON-AGGREGATE RECORD,,,,,,,,,,,https://www.usaspending.gov/award/ASST_NON_4882888202_073/,2021-01-06 03:33:53.27803+00
ASST_NON_4883128210_073,4883128210,,SAI EXEMPT,,,,,,2020-08-27,2020,0.00,,,,0.00,0.00,0.00,2020-08-07,2020,,,073,Small Business Administration,7300,Small Business Administration,737010,OFC OF CAPITAL ACCESS,073,Small Business Administration,7300,Small Business Administration,737010,OFC OF CAPITAL ACCESS,,,,,,,DONNISH PLUNTA HIGHTOWER,DONNISH PLUNTA HIGHTOWER,,,,USA,UNITED STATES,1425 S GRAMERCY PL,302,44000,LOS ANGELES,06037,LOS ANGELES,06,CA,CALIFORNIA,90019,,CA-34,CA-37,,,,COUNTY-WIDE,USA,UNITED STATES,CA**037,,06037,LOS ANGELES,06,CALIFORNIA,,CA-34,CA-90,,59.073: PAYCHECK PROTECTION LOAN PROGRAM (PPP),,,08,GUARANTEED/INSURED LOAN (F),TO AID SMALL BUSINESSES IN MAINTAINING WORK FORCE DURING COVID-19 PANDEMIC.,NON,NOT RECOVERY ACT,P,INDIVIDUAL,2,NON-AGGREGATE RECORD,,,,,,,,,,,https://www.usaspending.gov/award/ASST_NON_4883128210_073/,2021-01-06 03:33:53.27803+00
ASST_NON_4883148205_073,4883148205,,SAI EXEMPT,,,,,,2020-08-27,2020,0.00,,,,0.00,0.00,0.00,2020-08-07,2020,,,073,Small Business Administration,7300,Small Business Administration,737010,OFC OF CAPITAL ACCESS,073,Small Business Administration,7300,Small Business Administration,737010,OFC OF CAPITAL ACCESS,,,,,,,MARIA M MONSIVAIS,MARIA M MONSIVAIS,,,,USA,UNITED STATES,182 ORLANDO ST.,16,21712,EL CAJON,06073,SAN DIEGO,06,CA,CALIFORNIA,92021,,CA-50,CA-90,,,,COUNTY-WIDE,USA,UNITED STATES,CA**073,,06073,SAN DIEGO,06,CALIFORNIA,,CA-50,CA-90,,59.073: PAYCHECK PROTECTION LOAN PROGRAM (PPP),,,08,GUARANTEED/INSURED LOAN (F),TO AID SMALL BUSINESSES IN MAINTAINING WORK FORCE DURING COVID-19 PANDEMIC.,NON,NOT RECOVERY ACT,P,INDIVIDUAL,2,NON-AGGREGATE RECORD,,,,,,,,,,,https://www.usaspending.gov/award/ASST_NON_4883148205_073/,2021-01-06 03:33:53.27803+00
ASST_NON_4883208210_073,4883208210,,SAI EXEMPT,,,,,,2020-08-27,2020,0.00,,,,0.00,0.00,0.00,2020-08-07,2020,,,073,Small Business Administration,7300,Small Business Administration,737010,OFC OF CAPITAL ACCESS,073,Small Business Administration,7300,Small Business Administration,737010,OFC OF CAPITAL ACCESS,,,,,,,MARJAN NIAZI,MARJAN NIAZI,,,,USA,UNITED STATES,3063 W CHAPMAN AVE,2382,53980,ORANGE,06059,ORANGE,06,CA,CALIFORNIA,92868,,CA-46,CA-46,,,,COUNTY-WIDE,USA,UNITED STATES,CA**059,,06059,ORANGE,06,CALIFORNIA,,CA-46,CA-90,,59.073: PAYCHECK PROTECTION LOAN PROGRAM (PPP),,,08,GUARANTEED/INSURED LOAN (F),TO AID SMALL BUSINESSES IN MAINTAINING WORK FORCE DURING COVID-19 PANDEMIC.,NON,NOT RECOVERY ACT,P,INDIVIDUAL,2,NON-AGGREGATE RECORD,,,,,,,,,,,https://www.usaspending.gov/award/ASST_NON_4883208210_073/,2021-01-06 03:33:53.27803+00
ASST_NON_4883258203_073,4883258203,,SAI EXEMPT,,,,,,2020-08-27,2020,0.00,,,,0.00,0.00,0.00,2020-08-07,2020,,,073,Small Business Administration,7300,Small Business Administration,737010,OFC OF CAPITAL ACCESS,073,Small Business Administration,7300,Small Business Administration,737010,OFC OF CAPITAL ACCESS,,,,,,,SHELBY ALDSTADT,SHELBY ALDSTADT,,,,USA,UNITED STATES,178 E 18TH STREET,C,16532,COSTA MESA,06059,ORANGE,06,CA,CALIFORNIA,92627,,CA-48,CA-47,,,,COUNTY-WIDE,USA,UNITED STATES,CA**059,,06059,ORANGE,06,CALIFORNIA,,CA-48,CA-90,,59.073: PAYCHECK PROTECTION LOAN PROGRAM (PPP),,,08,GUARANTEED/INSURED LOAN (F),TO AID SMALL BUSINESSES IN MAINTAINING WORK FORCE DURING COVID-19 PANDEMIC.,NON,NOT RECOVERY ACT,P,INDIVIDUAL,2,NON-AGGREGATE RECORD,,,,,,,,,,,https://www.usaspending.gov/award/ASST_NON_4883258203_073/,2021-01-06 03:33:53.27803+00
ASST_NON_4883278209_073,4883278209,,SAI EXEMPT,,,,,,2020-08-27,2020,0.00,,,,0.00,0.00,0.00,2020-08-07,2020,,,073,Small Business Administration,7300,Small Business Administration,737010,OFC OF CAPITAL ACCESS,073,Small Business Administration,7300,Small Business Administration,737010,OFC OF CAPITAL ACCESS,,,,,,,YASH BHATT,YASH BHATT,,,,USA,UNITED STATES,237 23RD STREET,,70000,SANTA MONICA,06037,LOS ANGELES,06,CA,CALIFORNIA,90402,,CA-33,CA-90,,,,COUNTY-WIDE,USA,UNITED STATES,CA**037,,06037,LOS ANGELES,06,CALIFORNIA,,CA-33,CA-90,,59.073: PAYCHECK PROTECTION LOAN PROGRAM (PPP),,,08,GUARANTEED/INSURED LOAN (F),TO AID SMALL BUSINESSES IN MAINTAINING WORK FORCE DURING COVID-19 PANDEMIC.,NON,NOT RECOVERY ACT,P,INDIVIDUAL,2,NON-AGGREGATE RECORD,,,,,,,,,,,https://www.usaspending.gov/award/ASST_NON_4883278209_073/,2021-01-06 03:33:53.27803+00
ASST_NON_4883338203_073,4883338203,,SAI EXEMPT,,,,,,2020-08-27,2020,0.00,,,,0.00,0.00,0.00,2020-08-07,2020,,,073,Small Business Administration,7300,Small Business Administration,737010,OFC OF CAPITAL ACCESS,073,Small Business Administration,7300,Small Business Administration,737010,OFC OF CAPITAL ACCESS,,,,,,,HONEYVEER SANDHU,HONEYVEER SANDHU,,,,USA,UNITED STATES,2016 LA RABYN WAY,,86972,YUBA CITY,06101,SUTTER,06,CA,CALIFORNIA,95993,,CA-03,CA-01,,,,COUNTY-WIDE,USA,UNITED STATES,CA**101,,06101,SUTTER,06,CALIFORNIA,,CA-03,CA-01,,59.073: PAYCHECK PROTECTION LOAN PROGRAM (PPP),,,08,GUARANTEED/INSURED LOAN (F),TO AID SMALL BUSINESSES IN MAINTAINING WORK FORCE DURING COVID-19 PANDEMIC.,NON,NOT RECOVERY ACT,P,INDIVIDUAL,2,NON-AGGREGATE RECORD,,,,,,,,,,,https://www.usaspending.gov/award/ASST_NON_4883338203_073/,2021-01-06 03:33:53.27803+00
ASST_NON_4883378204_073,4883378204,,SAI EXEMPT,,,,,,2020-08-27,2020,0.00,,,,0.00,0.00,0.00,2020-08-07,2020,,,073,Small Business Administration,7300,Small Business Administration,737010,OFC OF CAPITAL ACCESS,073,Small Business Administration,7300,Small Business Administration,737010,OFC OF CAPITAL ACCESS,,,,,,,SABRINAS & J CATERING,SABRINAS & J CATERING,,,,USA,UNITED STATES,561 A ST,APT C238,33000,HAYWARD,06001,ALAMEDA,06,CA,CALIFORNIA,94541,,CA-15,CA-14,,,,COUNTY-WIDE,USA,UNITED STATES,CA**001,,06001,ALAMEDA,06,CALIFORNIA,,CA-15,CA-90,,59.073: PAYCHECK PROTECTION LOAN PROGRAM (PPP),,,08,GUARANTEED/INSURED LOAN (F),TO AID SMALL BUSINESSES IN MAINTAINING WORK FORCE DURING COVID-19 PANDEMIC.,NON,NOT RECOVERY ACT,P,INDIVIDUAL,2,NON-AGGREGATE RECORD,,,,,,,,,,,https://www.usaspending.gov/award/ASST_NON_4883378204_073/,2021-01-06 03:33:53.27803+00
ASST_NON_4883408200_073,4883408200,,SAI EXEMPT,,,,,,2020-08-27,2020,0.00,,,,0.00,0.00,0.00,2020-08-07,2020,,,073,Small Business Administration,7300,Small Business Administration,737010,OFC OF CAPITAL ACCESS,073,Small Business Administration,7300,Small Business Administration,737010,OFC OF CAPITAL ACCESS,,,,,,,EDWARD N. BROOKS,EDWARD N. BROOKS,,,,USA,UNITED STATES,3632 JOSEPHINE ST,APT. B,44574,LYNWOOD,06037,LOS ANGELES,06,CA,CALIFORNIA,90262,,CA-44,CA-44,,,,COUNTY-WIDE,USA,UNITED STATES,CA**037,,06037,LOS ANGELES,06,CALIFORNIA,,CA-44,CA-90,,59.073: PAYCHECK PROTECTION LOAN PROGRAM (PPP),,,08,GUARANTEED/INSURED LOAN (F),TO AID SMALL BUSINESSES IN MAINTAINING WORK FORCE DURING COVID-19 PANDEMIC.,NON,NOT RECOVERY ACT,P,INDIVIDUAL,2,NON-AGGREGATE RECORD,,,,,,,,,,,https://www.usaspending.gov/award/ASST_NON_4883408200_073/,2021-01-06 03:33:53.27803+00
ASST_NON_4883488202_073,4883488202,,SAI EXEMPT,,,,,,2020-08-27,2020,0.00,,,,0.00,0.00,0.00,2020-08-07,2020,,,073,Small Business Administration,7300,Small Business Administration,737010,OFC OF CAPITAL ACCESS,073,Small Business Administration,7300,Small Business Administration,737010,OFC OF CAPITAL ACCESS,,,,,,,ERIK OROZCO,ERIK OROZCO,,,,USA,UNITED STATES,3857 E LYELL AVE,,27000,FRESNO,06019,FRESNO,06,CA,CALIFORNIA,93702,,CA-16,CA-21,,,,COUNTY-WIDE,USA,UNITED STATES,CA**019,,06019,FRESNO,06,CALIFORNIA,,CA-16,CA-90,,59.073: PAYCHECK PROTECTION LOAN PROGRAM (PPP),,,08,GUARANTEED/INSURED LOAN (F),TO AID SMALL BUSINESSES IN MAINTAINING WORK FORCE DURING COVID-19 PANDEMIC.,NON,NOT RECOVERY ACT,P,INDIVIDUAL,2,NON-AGGREGATE RECORD,,,,,,,,,,,https://www.usaspending.gov/award/ASST_NON_4883488202_073/,2021-01-06 03:33:53.27803+00
ASST_NON_4885238201_073,4885238201,,SAI EXEMPT,,,,,,2020-08-27,2020,0.00,,,,0.00,0.00,0.00,2020-08-07,2020,,,073,Small Business Administration,7300,Small Business Administration,737010,OFC OF CAPITAL ACCESS,073,Small Business Administration,7300,Small Business Administration,737010,OFC OF CAPITAL ACCESS,,,,,,,MEDIA EXCELLENCE AWARDS,MEDIA EXCELLENCE AWARDS,,,,USA,UNITED STATES,139 S. BEVERLY DRIVE,,06308,BEVERLY HILLS,06037,LOS ANGELES,06,CA,CALIFORNIA,90212,,CA-33,CA-36,,,,COUNTY-WIDE,USA,UNITED STATES,CA**037,,06037,LOS ANGELES,06,CALIFORNIA,,CA-33,CA-90,,59.073: PAYCHECK PROTECTION LOAN PROGRAM (PPP),,,08,GUARANTEED/INSURED LOAN (F),TO AID SMALL BUSINESSES IN MAINTAINING WORK FORCE DURING COVID-19 PANDEMIC.,NON,NOT RECOVERY ACT,P,INDIVIDUAL,2,NON-AGGREGATE RECORD,,,,,,,,,,,https://www.usaspending.gov/award/ASST_NON_4885238201_073/,2021-01-06 03:33:53.27803+00
ASST_NON_4885328204_073,4885328204,,SAI EXEMPT,,,,,,2020-08-27,2020,0.00,,,,0.00,0.00,0.00,2020-08-07,2020,,,073,Small Business Administration,7300,Small Business Administration,737010,OFC OF CAPITAL ACCESS,073,Small Business Administration,7300,Small Business Administration,737010,OFC OF CAPITAL ACCESS,,,,,,,CHARLES CHAO PANG,CHARLES CHAO PANG,,,,USA,UNITED STATES,11227 DODSON ST,,72996,SOUTH EL MONTE,06037,LOS ANGELES,06,CA,CALIFORNIA,91733,,CA-38,CA-31,,,,COUNTY-WIDE,USA,UNITED STATES,CA**037,,06037,LOS ANGELES,06,CALIFORNIA,,CA-38,CA-90,,59.073: PAYCHECK PROTECTION LOAN PROGRAM (PPP),,,08,GUARANTEED/INSURED LOAN (F),TO AID SMALL BUSINESSES IN MAINTAINING WORK FORCE DURING COVID-19 PANDEMIC.,NON,NOT RECOVERY ACT,P,INDIVIDUAL,2,NON-AGGREGATE RECORD,,,,,,,,,,,https://www.usaspending.gov/award/ASST_NON_4885328204_073/,2021-01-06 03:33:53.27803+00
ASST_NON_4885428210_073,4885428210,,SAI EXEMPT,,,,,,2020-08-27,2020,0.00,,,,0.00,0.00,0.00,2020-08-07,2020,,,073,Small Business Administration,7300,Small Business Administration,737010,OFC OF CAPITAL ACCESS,073,Small Business Administration,7300,Small Business Administration,737010,OFC OF CAPITAL ACCESS,,,,,,,JISUP HWANG,JISUP HWANG,,,,USA,UNITED STATES,418 N HARVARD STREET,,44000,LOS ANGELES,06037,LOS ANGELES,06,CA,CALIFORNIA,90004,,CA-34,CA-90,,,,COUNTY-WIDE,USA,UNITED STATES,CA**037,,06037,LOS ANGELES,06,CALIFORNIA,,CA-34,CA-90,,59.073: PAYCHECK PROTECTION LOAN PROGRAM (PPP),,,08,GUARANTEED/INSURED LOAN (F),TO AID SMALL BUSINESSES IN MAINTAINING WORK FORCE DURING COVID-19 PANDEMIC.,NON,NOT RECOVERY ACT,P,INDIVIDUAL,2,NON-AGGREGATE RECORD,,,,,,,,,,,https://www.usaspending.gov/award/ASST_NON_4885428210_073/,2021-01-06 03:33:53.27803+00
ASST_NON_4885548200_073,4885548200,,SAI EXEMPT,,,,,,2020-08-27,2020,0.00,,,,0.00,0.00,0.00,2020-08-07,2020,,,073,Small Business Administration,7300,Small Business Administration,737010,OFC OF CAPITAL ACCESS,073,Small Business Administration,7300,Small Business Administration,737010,OFC OF CAPITAL ACCESS,,,,,,,DWAYNA GREEN-WADE,DWAYNA GREEN-WADE,,,,USA,UNITED STATES,1005 VIA ZAPATA,209,62000,RIVERSIDE,06065,RIVERSIDE,06,CA,CALIFORNIA,92507,,CA-41,CA-39,,,,COUNTY-WIDE,USA,UNITED STATES,CA**065,,06065,RIVERSIDE,06,CALIFORNIA,,CA-41,CA-90,,59.073: PAYCHECK PROTECTION LOAN PROGRAM (PPP),,,08,GUARANTEED/INSURED LOAN (F),TO AID SMALL BUSINESSES IN MAINTAINING WORK FORCE DURING COVID-19 PANDEMIC.,NON,NOT RECOVERY ACT,P,INDIVIDUAL,2,NON-AGGREGATE RECORD,,,,,,,,,,,https://www.usaspending.gov/award/ASST_NON_4885548200_073/,2021-01-06 03:33:53.27803+00
ASST_NON_4885588201_073,4885588201,,SAI EXEMPT,,,,,,2020-08-27,2020,0.00,,,,0.00,0.00,0.00,2020-08-07,2020,,,073,Small Business Administration,7300,Small Business Administration,737010,OFC OF CAPITAL ACCESS,073,Small Business Administration,7300,Small Business Administration,737010,OFC OF CAPITAL ACCESS,,,,,,,REDACTED DUE TO PII,REDACTED DUE TO PII,,,,USA,UNITED STATES,,,,CARMEL,06053,MONTEREY,06,CA,CALIFORNIA,93923,,CA-20,CA-19,,,,SINGLE ZIP CODE,USA,UNITED STATES,CA00000,CARMEL,06053,MONTEREY,06,CALIFORNIA,93923,CA-20,CA-19,,59.073: PAYCHECK PROTECTION LOAN PROGRAM (PPP),,,08,GUARANTEED/INSURED LOAN (F),TO AID SMALL BUSINESSES IN MAINTAINING WORK FORCE DURING COVID-19 PANDEMIC.,NON,NOT RECOVERY ACT,P,INDIVIDUAL,3,NON-AGGREGATE RECORD TO AN INDIVIDUAL RECIPIENT (PII-REDACTED),,,,,,,,,,,https://www.usaspending.gov/award/ASST_NON_4885588201_073/,2023-06-22 14:59:31.626841+00
ASST_NON_4885658209_073,4885658209,,SAI EXEMPT,,,,,,2020-08-27,2020,0.00,,,,0.00,0.00,0.00,2020-08-07,2020,,,073,Small Business Administration,7300,Small Business Administration,737010,OFC OF CAPITAL ACCESS,073,Small Business Administration,7300,Small Business Administration,737010,OFC OF CAPITAL ACCESS,,,,,,,DONG QING KE,DONG QING KE,,,,USA,UNITED STATES,10945 BRADDOCK DR,,17568,CULVER CITY,06037,LOS ANGELES,06,CA,CALIFORNIA,90230,,CA-37,CA-37,,,,COUNTY-WIDE,USA,UNITED STATES,CA**037,,06037,LOS ANGELES,06,CALIFORNIA,,CA-37,CA-90,,59.073: PAYCHECK PROTECTION LOAN PROGRAM (PPP),,,08,GUARANTEED/INSURED LOAN (F),TO AID SMALL BUSINESSES IN MAINTAINING WORK FORCE DURING COVID-19 PANDEMIC.,NON,NOT RECOVERY ACT,P,INDIVIDUAL,2,NON-AGGREGATE RECORD,,,,,,,,,,,https://www.usaspending.gov/award/ASST_NON_4885658209_073/,2021-01-06 03:33:53.27803+00
ASST_NON_4885788202_073,4885788202,,SAI EXEMPT,,,,,,2020-08-27,2020,0.00,,,,0.00,0.00,0.00,2020-08-07,2020,,,073,Small Business Administration,7300,Small Business Administration,737010,OFC OF CAPITAL ACCESS,073,Small Business Administration,7300,Small Business Administration,737010,OFC OF CAPITAL ACCESS,,,,,,,JOSE MARTINEZ,JOSE MARTINEZ,,,,USA,UNITED STATES,108 S MATHEWS ST APT 3,,44000,LOS ANGELES,06037,LOS ANGELES,06,CA,CALIFORNIA,90033,,CA-34,CA-34,,,,COUNTY-WIDE,USA,UNITED STATES,CA**037,,06037,LOS ANGELES,06,CALIFORNIA,,CA-34,CA-90,,59.073: PAYCHECK PROTECTION LOAN PROGRAM (PPP),,,08,GUARANTEED/INSURED LOAN (F),TO AID SMALL BUSINESSES IN MAINTAINING WORK FORCE DURING COVID-19 PANDEMIC.,NON,NOT RECOVERY ACT,P,INDIVIDUAL,2,NON-AGGREGATE RECORD,,,,,,,,,,,https://www.usaspending.gov/award/ASST_NON_4885788202_073/,2021-01-06 03:33:53.27803+00
ASST_NON_4885798205_073,4885798205,,SAI EXEMPT,,,,,,2020-08-27,2020,0.00,,,,0.00,0.00,0.00,2020-08-07,2020,,,073,Small Business Administration,7300,Small Business Administration,737010,OFC OF CAPITAL ACCESS,073,Small Business Administration,7300,Small Business Administration,737010,OFC OF CAPITAL ACCESS,,,,,,,TONY FLOWERS,TONY FLOWERS,,,,USA,UNITED STATES,411 W. CHASE AVE,12,21712,EL CAJON,06073,SAN DIEGO,06,CA,CALIFORNIA,92020,,CA-53,CA-51,,,,COUNTY-WIDE,USA,UNITED STATES,CA**073,,06073,SAN DIEGO,06,CALIFORNIA,,CA-53,CA-90,,59.073: PAYCHECK PROTECTION LOAN PROGRAM (PPP),,,08,GUARANTEED/INSURED LOAN (F),TO AID SMALL BUSINESSES IN MAINTAINING WORK FORCE DURING COVID-19 PANDEMIC.,NON,NOT RECOVERY ACT,P,INDIVIDUAL,2,NON-AGGREGATE RECORD,,,,,,,,,,,https://www.usaspending.gov/award/ASST_NON_4885798205_073/,2021-01-06 03:33:53.27803+00
ASST_NON_4885898200_073,4885898200,,SAI EXEMPT,,,,,,2020-08-27,2020,0.00,,,,0.00,0.00,0.00,2020-08-07,2020,,,073,Small Business Administration,7300,Small Business Administration,737010,OFC OF CAPITAL ACCESS,073,Small Business Administration,7300,Small Business Administration,737010,OFC OF CAPITAL ACCESS,,,,,,,OLYVIA CHINCHILLA,OLYVIA CHINCHILLA,,,,USA,UNITED STATES,2375 BRYANT STREET,,67000,SAN FRANCISCO,06075,SAN FRANCISCO,06,CA,CALIFORNIA,94110,,CA-12,CA-11,,,,COUNTY-WIDE,USA,UNITED STATES,CA**075,,06075,SAN FRANCISCO,06,CALIFORNIA,,CA-12,CA-90,,59.073: PAYCHECK PROTECTION LOAN PROGRAM (PPP),,,08,GUARANTEED/INSURED LOAN (F),TO AID SMALL BUSINESSES IN MAINTAINING WORK FORCE DURING COVID-19 PANDEMIC.,NON,NOT RECOVERY ACT,P,INDIVIDUAL,2,NON-AGGREGATE RECORD,,,,,,,,,,,https://www.usaspending.gov/award/ASST_NON_4885898200_073/,2021-01-06 03:33:53.27803+00
ASST_NON_4885948202_073,4885948202,,SAI EXEMPT,,,,,,2020-08-27,2020,0.00,,,,0.00,0.00,0.00,2020-08-07,2020,,,073,Small Business Administration,7300,Small Business Administration,737010,OFC OF CAPITAL ACCESS,073,Small Business Administration,7300,Small Business Administration,737010,OFC OF CAPITAL ACCESS,,,,,,,RONALD RODRIGUEZ,RONALD RODRIGUEZ,,,,USA,UNITED STATES,642 LE MAR PARK DR,APT 5,30014,GLENDORA,06037,LOS ANGELES,06,CA,CALIFORNIA,91740,,CA-32,CA-31,,,,COUNTY-WIDE,USA,UNITED STATES,CA**037,,06037,LOS ANGELES,06,CALIFORNIA,,CA-32,CA-90,,59.073: PAYCHECK PROTECTION LOAN PROGRAM (PPP),,,08,GUARANTEED/INSURED LOAN (F),TO AID SMALL BUSINESSES IN MAINTAINING WORK FORCE DURING COVID-19 PANDEMIC.,NON,NOT RECOVERY ACT,P,INDIVIDUAL,2,NON-AGGREGATE RECORD,,,,,,,,,,,https://www.usaspending.gov/award/ASST_NON_4885948202_073/,2021-01-06 03:33:53.27803+00
ASST_NON_4885988203_073,4885988203,,SAI EXEMPT,,,,,,2020-08-27,2020,0.00,,,,0.00,0.00,0.00,2020-08-07,2020,,,073,Small Business Administration,7300,Small Business Administration,737010,OFC OF CAPITAL ACCESS,073,Small Business Administration,7300,Small Business Administration,737010,OFC OF CAPITAL ACCESS,,,,,,,MELODY V LOCKHART,MELODY V LOCKHART,,,,USA,UNITED STATES,1255 E HIGHLAND AVENUE,SUITE 210,65000,SAN BERNARDINO,06071,SAN BERNARDINO,06,CA,CALIFORNIA,92404,,CA-08,CA-90,,,,COUNTY-WIDE,USA,UNITED STATES,CA**071,,06071,SAN BERNARDINO,06,CALIFORNIA,,CA-08,CA-90,,59.073: PAYCHECK PROTECTION LOAN PROGRAM (PPP),,,08,GUARANTEED/INSURED LOAN (F),TO AID SMALL BUSINESSES IN MAINTAINING WORK FORCE DURING COVID-19 PANDEMIC.,NON,NOT RECOVERY ACT,P,INDIVIDUAL,2,NON-AGGREGATE RECORD,,,,,,,,,,,https://www.usaspending.gov/award/ASST_NON_4885988203_073/,2021-01-06 03:33:53.27803+00
ASST_NON_4885998206_073,4885998206,,SAI EXEMPT,,,,,,2020-08-27,2020,0.00,,,,0.00,0.00,0.00,2020-08-07,2020,,,073,Small Business Administration,7300,Small Business Administration,737010,OFC OF CAPITAL ACCESS,073,Small Business Administration,7300,Small Business Administration,737010,OFC OF CAPITAL ACCESS,,,,,,,HARJINDER KAUR,HARJINDER KAUR,,,,USA,UNITED STATES,11916 AVIATION BLVD,,36546,INGLEWOOD,06037,LOS ANGELES,06,CA,CALIFORNIA,90304,,CA-33,CA-90,,,,COUNTY-WIDE,USA,UNITED STATES,CA**037,,06037,LOS ANGELES,06,CALIFORNIA,,CA-33,CA-90,,59.073: PAYCHECK PROTECTION LOAN PROGRAM (PPP),,,08,GUARANTEED/INSURED LOAN (F),TO AID SMALL BUSINESSES IN MAINTAINING WORK FORCE DURING COVID-19 PANDEMIC.,NON,NOT RECOVERY ACT,P,INDIVIDUAL,2,NON-AGGREGATE RECORD,,,,,,,,,,,https://www.usaspending.gov/award/ASST_NON_4885998206_073/,2021-01-06 03:33:53.27803+00
ASST_NON_4886198204_073,4886198204,,SAI EXEMPT,,,,,,2020-08-27,2020,0.00,,,,0.00,0.00,0.00,2020-08-07,2020,,,073,Small Business Administration,7300,Small Business Administration,737010,OFC OF CAPITAL ACCESS,073,Small Business Administration,7300,Small Business Administration,737010,OFC OF CAPITAL ACCESS,,,,,,,TERESA MICHELE EVANS,TERESA MICHELE EVANS,,,,USA,UNITED STATES,5423 4TH AVE,,44000,LOS ANGELES,06037,LOS ANGELES,06,CA,CALIFORNIA,90043,,CA-37,CA-37,,,,COUNTY-WIDE,USA,UNITED STATES,CA**037,,06037,LOS ANGELES,06,CALIFORNIA,,CA-37,CA-90,,59.073: PAYCHECK PROTECTION LOAN PROGRAM (PPP),,,08,GUARANTEED/INSURED LOAN (F),TO AID SMALL BUSINESSES IN MAINTAINING WORK FORCE DURING COVID-19 PANDEMIC.,NON,NOT RECOVERY ACT,P,INDIVIDUAL,2,NON-AGGREGATE RECORD,,,,,,,,,,,https://www.usaspending.gov/award/ASST_NON_4886198204_073/,2021-01-06 03:33:53.27803+00
ASST_NON_4886218208_073,4886218208,,SAI EXEMPT,,,,,,2020-08-27,2020,0.00,,,,0.00,0.00,0.00,2020-08-07,2020,,,073,Small Business Administration,7300,Small Business Administration,737010,OFC OF CAPITAL ACCESS,073,Small Business Administration,7300,Small Business Administration,737010,OFC OF CAPITAL ACCESS,,,,,,,MARK GRAY,MARK GRAY,,,,USA,UNITED STATES,6810 SAGE WREN CT,,16350,CORONA,06065,RIVERSIDE,06,CA,CALIFORNIA,92880,,CA-42,CA-90,,,,COUNTY-WIDE,USA,UNITED STATES,CA**065,,06065,RIVERSIDE,06,CALIFORNIA,,CA-42,CA-90,,59.073: PAYCHECK PROTECTION LOAN PROGRAM (PPP),,,08,GUARANTEED/INSURED LOAN (F),TO AID SMALL BUSINESSES IN MAINTAINING WORK FORCE DURING COVID-19 PANDEMIC.,NON,NOT RECOVERY ACT,P,INDIVIDUAL,2,NON-AGGREGATE RECORD,,,,,,,,,,,https://www.usaspending.gov/award/ASST_NON_4886218208_073/,2021-01-06 03:33:53.27803+00
ASST_NON_4886228200_073,4886228200,,SAI EXEMPT,,,,,,2020-08-27,2020,0.00,,,,0.00,0.00,0.00,2020-08-07,2020,,,073,Small Business Administration,7300,Small Business Administration,737010,OFC OF CAPITAL ACCESS,073,Small Business Administration,7300,Small Business Administration,737010,OFC OF CAPITAL ACCESS,,,,,,,JASMINE OLIVA,JASMINE OLIVA,,,,USA,UNITED STATES,9355 LA GRANDE ST,,59451,RANCHO CUCAMONGA,06071,SAN BERNARDINO,06,CA,CALIFORNIA,91701,,CA-31,CA-90,,,,COUNTY-WIDE,USA,UNITED STATES,CA**071,,06071,SAN BERNARDINO,06,CALIFORNIA,,CA-31,CA-90,,59.073: PAYCHECK PROTECTION LOAN PROGRAM (PPP),,,08,GUARANTEED/INSURED LOAN (F),TO AID SMALL BUSINESSES IN MAINTAINING WORK FORCE DURING COVID-19 PANDEMIC.,NON,NOT RECOVERY ACT,P,INDIVIDUAL,2,NON-AGGREGATE RECORD,,,,,,,,,,,https://www.usaspending.gov/award/ASST_NON_4886228200_073/,2021-01-06 03:33:53.27803+00
ASST_NON_4886278204_073,4886278204,,SAI EXEMPT,,,,,,2020-08-27,2020,0.00,,,,0.00,0.00,0.00,2020-08-07,2020,,,073,Small Business Administration,7300,Small Business Administration,737010,OFC OF CAPITAL ACCESS,073,Small Business Administration,7300,Small Business Administration,737010,OFC OF CAPITAL ACCESS,,,,,,,MISSGBETO DANIEL AFFOGNON,MISSGBETO DANIEL AFFOGNON,,,,USA,UNITED STATES,21717 LASSEN ST,225,12748,CHATSWORTH,06037,LOS ANGELES,06,CA,CALIFORNIA,91311,,CA-25,CA-32,,,,COUNTY-WIDE,USA,UNITED STATES,CA**037,,06037,LOS ANGELES,06,CALIFORNIA,,CA-25,CA-90,,59.073: PAYCHECK PROTECTION LOAN PROGRAM (PPP),,,08,GUARANTEED/INSURED LOAN (F),TO AID SMALL BUSINESSES IN MAINTAINING WORK FORCE DURING COVID-19 PANDEMIC.,NON,NOT RECOVERY ACT,P,INDIVIDUAL,2,NON-AGGREGATE RECORD,,,,,,,,,,,https://www.usaspending.gov/award/ASST_NON_4886278204_073/,2021-01-06 03:33:53.27803+00
ASST_NON_4886368207_073,4886368207,,SAI EXEMPT,,,,,,2020-08-27,2020,0.00,,,,0.00,0.00,0.00,2020-08-07,2020,,,073,Small Business Administration,7300,Small Business Administration,737010,OFC OF CAPITAL ACCESS,073,Small Business Administration,7300,Small Business Administration,737010,OFC OF CAPITAL ACCESS,,,,,,,FELICIA N TOOMEY,FELICIA N TOOMEY,,,,USA,UNITED STATES,1631 WEST PACIFIC COAST HIGHWAY,62,85782,WILMINGTON,06037,LOS ANGELES,06,CA,CALIFORNIA,90744,,CA-33,CA-44,,,,COUNTY-WIDE,USA,UNITED STATES,CA**037,,06037,LOS ANGELES,06,CALIFORNIA,,CA-33,CA-90,,59.073: PAYCHECK PROTECTION LOAN PROGRAM (PPP),,,08,GUARANTEED/INSURED LOAN (F),TO AID SMALL BUSINESSES IN MAINTAINING WORK FORCE DURING COVID-19 PANDEMIC.,NON,NOT RECOVERY ACT,P,INDIVIDUAL,2,NON-AGGREGATE RECORD,,,,,,,,,,,https://www.usaspending.gov/award/ASST_NON_4886368207_073/,2021-01-06 03:33:53.27803+00
ASST_NON_4886448207_073,4886448207,,SAI EXEMPT,,,,,,2020-08-27,2020,0.00,,,,0.00,0.00,0.00,2020-08-07,2020,,,073,Small Business Administration,7300,Small Business Administration,737010,OFC OF CAPITAL ACCESS,073,Small Business Administration,7300,Small Business Administration,737010,OFC OF CAPITAL ACCESS,,,,,,,JASON ROBERT TABER,JASON ROBERT TABER,,,,USA,UNITED STATES,21262 SPRUCE,,48256,MISSION VIEJO,06059,ORANGE,06,CA,CALIFORNIA,92692,,CA-45,CA-40,,,,COUNTY-WIDE,USA,UNITED STATES,CA**059,,06059,ORANGE,06,CALIFORNIA,,CA-45,CA-90,,59.073: PAYCHECK PROTECTION LOAN PROGRAM (PPP),,,08,GUARANTEED/INSURED LOAN (F),TO AID SMALL BUSINESSES IN MAINTAINING WORK FORCE DURING COVID-19 PANDEMIC.,NON,NOT RECOVERY ACT,P,INDIVIDUAL,2,NON-AGGREGATE RECORD,,,,,,,,,,,https://www.usaspending.gov/award/ASST_NON_4886448207_073/,2021-01-06 03:33:53.27803+00
ASST_NON_4886468202_073,4886468202,,SAI EXEMPT,,,,,,2020-08-27,2020,0.00,,,,0.00,0.00,0.00,2020-08-07,2020,,,073,Small Business Administration,7300,Small Business Administration,737010,OFC OF CAPITAL ACCESS,073,Small Business Administration,7300,Small Business Administration,737010,OFC OF CAPITAL ACCESS,,,,,,,ANNIE DUC AI CHEN,ANNIE DUC AI CHEN,,,,USA,UNITED STATES,11838 BASY STREET,,22230,EL MONTE,06037,LOS ANGELES,06,CA,CALIFORNIA,91732,,CA-32,CA-31,,,,COUNTY-WIDE,USA,UNITED STATES,CA**037,,06037,LOS ANGELES,06,CALIFORNIA,,CA-32,CA-90,,59.073: PAYCHECK PROTECTION LOAN PROGRAM (PPP),,,08,GUARANTEED/INSURED LOAN (F),TO AID SMALL BUSINESSES IN MAINTAINING WORK FORCE DURING COVID-19 PANDEMIC.,NON,NOT RECOVERY ACT,P,INDIVIDUAL,2,NON-AGGREGATE RECORD,,,,,,,,,,,https://www.usaspending.gov/award/ASST_NON_4886468202_073/,2021-01-06 03:33:53.27803+00
ASST_NON_4886538210_073,4886538210,,SAI EXEMPT,,,,,,2020-08-27,2020,0.00,,,,0.00,0.00,0.00,2020-08-07,2020,,,073,Small Business Administration,7300,Small Business Administration,737010,OFC OF CAPITAL ACCESS,073,Small Business Administration,7300,Small Business Administration,737010,OFC OF CAPITAL ACCESS,,,,,,,PHILLIPS HEALTH SERVICES,PHILLIPS HEALTH SERVICES,,,,USA,UNITED STATES,1135 E COMPTON BLVD,,15044,COMPTON,06037,LOS ANGELES,06,CA,CALIFORNIA,90221,,CA-44,CA-43,,,,COUNTY-WIDE,USA,UNITED STATES,CA**037,,06037,LOS ANGELES,06,CALIFORNIA,,CA-44,CA-90,,59.073: PAYCHECK PROTECTION LOAN PROGRAM (PPP),,,08,GUARANTEED/INSURED LOAN (F),TO AID SMALL BUSINESSES IN MAINTAINING WORK FORCE DURING COVID-19 PANDEMIC.,NON,NOT RECOVERY ACT,P,INDIVIDUAL,2,NON-AGGREGATE RECORD,,,,,,,,,,,https://www.usaspending.gov/award/ASST_NON_4886538210_073/,2021-01-06 03:33:53.27803+00
ASST_NON_4886568208_073,4886568208,,SAI EXEMPT,,,,,,2020-08-27,2020,0.00,,,,0.00,0.00,0.00,2020-08-07,2020,,,073,Small Business Administration,7300,Small Business Administration,737010,OFC OF CAPITAL ACCESS,073,Small Business Administration,7300,Small Business Administration,737010,OFC OF CAPITAL ACCESS,,,,,,,WENDY HYATT,WENDY HYATT,,,,USA,UNITED STATES,9138 S MANHATTAN PL,,44000,LOS ANGELES,06037,LOS ANGELES,06,CA,CALIFORNIA,90047,,CA-43,CA-37,,,,COUNTY-WIDE,USA,UNITED STATES,CA**037,,06037,LOS ANGELES,06,CALIFORNIA,,CA-43,CA-90,,59.073: PAYCHECK PROTECTION LOAN PROGRAM (PPP),,,08,GUARANTEED/INSURED LOAN (F),TO AID SMALL BUSINESSES IN MAINTAINING WORK FORCE DURING COVID-19 PANDEMIC.,NON,NOT RECOVERY ACT,P,INDIVIDUAL,2,NON-AGGREGATE RECORD,,,,,,,,,,,https://www.usaspending.gov/award/ASST_NON_4886568208_073/,2021-01-06 03:33:53.27803+00
ASST_NON_4886638205_073,4886638205,,SAI EXEMPT,,,,,,2020-08-27,2020,0.00,,,,0.00,0.00,0.00,2020-08-07,2020,,,073,Small Business Administration,7300,Small Business Administration,737010,OFC OF CAPITAL ACCESS,073,Small Business Administration,7300,Small Business Administration,737010,OFC OF CAPITAL ACCESS,,,,,,,LOLA M GRIM,LOLA M GRIM,,,,USA,UNITED STATES,17338 BILLINGS DR,,11530,CARSON,06037,LOS ANGELES,06,CA,CALIFORNIA,90746,,CA-44,CA-44,,,,COUNTY-WIDE,USA,UNITED STATES,CA**037,,06037,LOS ANGELES,06,CALIFORNIA,,CA-44,CA-90,,59.073: PAYCHECK PROTECTION LOAN PROGRAM (PPP),,,08,GUARANTEED/INSURED LOAN (F),TO AID SMALL BUSINESSES IN MAINTAINING WORK FORCE DURING COVID-19 PANDEMIC.,NON,NOT RECOVERY ACT,P,INDIVIDUAL,2,NON-AGGREGATE RECORD,,,,,,,,,,,https://www.usaspending.gov/award/ASST_NON_4886638205_073/,2021-01-06 03:33:53.27803+00
ASST_NON_4886788204_073,4886788204,,SAI EXEMPT,,,,,,2020-08-27,2020,0.00,,,,0.00,0.00,0.00,2020-08-07,2020,,,073,Small Business Administration,7300,Small Business Administration,737010,OFC OF CAPITAL ACCESS,073,Small Business Administration,7300,Small Business Administration,737010,OFC OF CAPITAL ACCESS,,,,,,,BAHRAM MEHRDAD,BAHRAM MEHRDAD,,,,USA,UNITED STATES,5554 COLBATH AVE,,82128,VAN NUYS,06037,LOS ANGELES,06,CA,CALIFORNIA,91401,,CA-30,CA-29,,,,COUNTY-WIDE,USA,UNITED STATES,CA**037,,06037,LOS ANGELES,06,CALIFORNIA,,CA-30,CA-90,,59.073: PAYCHECK PROTECTION LOAN PROGRAM (PPP),,,08,GUARANTEED/INSURED LOAN (F),TO AID SMALL BUSINESSES IN MAINTAINING WORK FORCE DURING COVID-19 PANDEMIC.,NON,NOT RECOVERY ACT,P,INDIVIDUAL,2,NON-AGGREGATE RECORD,,,,,,,,,,,https://www.usaspending.gov/award/ASST_NON_4886788204_073/,2021-01-06 03:33:53.27803+00
ASST_NON_4886848209_073,4886848209,,SAI EXEMPT,,,,,,2020-08-27,2020,0.00,,,,0.00,0.00,0.00,2020-08-07,2020,,,073,Small Business Administration,7300,Small Business Administration,737010,OFC OF CAPITAL ACCESS,073,Small Business Administration,7300,Small Business Administration,737010,OFC OF CAPITAL ACCESS,,,,,,,CHANEL STEWART,CHANEL STEWART,,,,USA,UNITED STATES,1216 S. WHITE STREET,,15044,COMPTON,06037,LOS ANGELES,06,CA,CALIFORNIA,90221,,CA-44,CA-43,,,,COUNTY-WIDE,USA,UNITED STATES,CA**037,,06037,LOS ANGELES,06,CALIFORNIA,,CA-44,CA-90,,59.073: PAYCHECK PROTECTION LOAN PROGRAM (PPP),,,08,GUARANTEED/INSURED LOAN (F),TO AID SMALL BUSINESSES IN MAINTAINING WORK FORCE DURING COVID-19 PANDEMIC.,NON,NOT RECOVERY ACT,P,INDIVIDUAL,2,NON-AGGREGATE RECORD,,,,,,,,,,,https://www.usaspending.gov/award/ASST_NON_4886848209_073/,2021-01-06 03:33:53.27803+00
ASST_NON_4886938201_073,4886938201,,SAI EXEMPT,,,,,,2020-08-27,2020,0.00,,,,0.00,0.00,0.00,2020-08-07,2020,,,073,Small Business Administration,7300,Small Business Administration,737010,OFC OF CAPITAL ACCESS,073,Small Business Administration,7300,Small Business Administration,737010,OFC OF CAPITAL ACCESS,,,,,,,MANUEL RIVAS,MANUEL RIVAS,,,,USA,UNITED STATES,2061 N SPRUCE AVE,,60466,RIALTO,06071,SAN BERNARDINO,06,CA,CALIFORNIA,92377,,CA-31,CA-33,,,,COUNTY-WIDE,USA,UNITED STATES,CA**071,,06071,SAN BERNARDINO,06,CALIFORNIA,,CA-31,CA-90,,59.073: PAYCHECK PROTECTION LOAN PROGRAM (PPP),,,08,GUARANTEED/INSURED LOAN (F),TO AID SMALL BUSINESSES IN MAINTAINING WORK FORCE DURING COVID-19 PANDEMIC.,NON,NOT RECOVERY ACT,P,INDIVIDUAL,2,NON-AGGREGATE RECORD,,,,,,,,,,,https://www.usaspending.gov/award/ASST_NON_4886938201_073/,2021-01-06 03:33:53.27803+00
ASST_NON_4886958207_073,4886958207,,SAI EXEMPT,,,,,,2020-08-27,2020,0.00,,,,0.00,0.00,0.00,2020-08-07,2020,,,073,Small Business Administration,7300,Small Business Administration,737010,OFC OF CAPITAL ACCESS,073,Small Business Administration,7300,Small Business Administration,737010,OFC OF CAPITAL ACCESS,,,,,,,RAJ K JAWA,RAJ K JAWA,,,,USA,UNITED STATES,22565 W PECAN PL,,69088,SANTA CLARITA,06037,LOS ANGELES,06,CA,CALIFORNIA,91390,,CA-25,CA-27,,,,COUNTY-WIDE,USA,UNITED STATES,CA**037,,06037,LOS ANGELES,06,CALIFORNIA,,CA-25,CA-90,,59.073: PAYCHECK PROTECTION LOAN PROGRAM (PPP),,,08,GUARANTEED/INSURED LOAN (F),TO AID SMALL BUSINESSES IN MAINTAINING WORK FORCE DURING COVID-19 PANDEMIC.,NON,NOT RECOVERY ACT,P,INDIVIDUAL,2,NON-AGGREGATE RECORD,,,,,,,,,,,https://www.usaspending.gov/award/ASST_NON_4886958207_073/,2021-01-06 03:33:53.27803+00
ASST_NON_4886968210_073,4886968210,,SAI EXEMPT,,,,,,2020-08-27,2020,0.00,,,,0.00,0.00,0.00,2020-08-07,2020,,,073,Small Business Administration,7300,Small Business Administration,737010,OFC OF CAPITAL ACCESS,073,Small Business Administration,7300,Small Business Administration,737010,OFC OF CAPITAL ACCESS,,,,,,,METROMAINTENANCESERVICES,METROMAINTENANCESERVICES,,,,USA,UNITED STATES,12841 MELODY DR,,29000,GARDEN GROVE,06059,ORANGE,06,CA,CALIFORNIA,92841,,CA-47,CA-45,,,,COUNTY-WIDE,USA,UNITED STATES,CA**059,,06059,ORANGE,06,CALIFORNIA,,CA-47,CA-90,,59.073: PAYCHECK PROTECTION LOAN PROGRAM (PPP),,,08,GUARANTEED/INSURED LOAN (F),TO AID SMALL BUSINESSES IN MAINTAINING WORK FORCE DURING COVID-19 PANDEMIC.,NON,NOT RECOVERY ACT,P,INDIVIDUAL,2,NON-AGGREGATE RECORD,,,,,,,,,,,https://www.usaspending.gov/award/ASST_NON_4886968210_073/,2021-01-06 03:33:53.27803+00
ASST_NON_4886988205_073,4886988205,,SAI EXEMPT,,,,,,2020-08-27,2020,0.00,,,,0.00,0.00,0.00,2020-08-07,2020,,,073,Small Business Administration,7300,Small Business Administration,737010,OFC OF CAPITAL ACCESS,073,Small Business Administration,7300,Small Business Administration,737010,OFC OF CAPITAL ACCESS,,,,,,,SU SIMON,SU SIMON,,,,USA,UNITED STATES,23196 VIA TUSCANY,,39248,LAGUNA NIGUEL,06059,ORANGE,06,CA,CALIFORNIA,92677,,CA-48,CA-49,,,,COUNTY-WIDE,USA,UNITED STATES,CA**059,,06059,ORANGE,06,CALIFORNIA,,CA-48,CA-90,,59.073: PAYCHECK PROTECTION LOAN PROGRAM (PPP),,,08,GUARANTEED/INSURED LOAN (F),TO AID SMALL BUSINESSES IN MAINTAINING WORK FORCE DURING COVID-19 PANDEMIC.,NON,NOT RECOVERY ACT,P,INDIVIDUAL,2,NON-AGGREGATE RECORD,,,,,,,,,,,https://www.usaspending.gov/award/ASST_NON_4886988205_073/,2021-01-06 03:33:53.27803+00
ASST_NON_4887128207_073,4887128207,,SAI EXEMPT,,,,,,2020-08-27,2020,0.00,,,,0.00,0.00,0.00,2020-08-07,2020,,,073,Small Business Administration,7300,Small Business Administration,737010,OFC OF CAPITAL ACCESS,073,Small Business Administration,7300,Small Business Administration,737010,OFC OF CAPITAL ACCESS,,,,,,,SUSAN YANETH DIAZ,SUSAN YANETH DIAZ,,,,USA,UNITED STATES,20041 OSTERMAN RD,APT V4,39500,LAKE FOREST,06059,ORANGE,06,CA,CALIFORNIA,92630,,CA-45,CA-40,,,,COUNTY-WIDE,USA,UNITED STATES,CA**059,,06059,ORANGE,06,CALIFORNIA,,CA-45,CA-90,,59.073: PAYCHECK PROTECTION LOAN PROGRAM (PPP),,,08,GUARANTEED/INSURED LOAN (F),TO AID SMALL BUSINESSES IN MAINTAINING WORK FORCE DURING COVID-19 PANDEMIC.,NON,NOT RECOVERY ACT,P,INDIVIDUAL,2,NON-AGGREGATE RECORD,,,,,,,,,,,https://www.usaspending.gov/award/ASST_NON_4887128207_073/,2021-01-06 03:33:53.27803+00
ASST_NON_4887228202_073,4887228202,,SAI EXEMPT,,,,,,2020-08-27,2020,0.00,,,,0.00,0.00,0.00,2020-08-07,2020,,,073,Small Business Administration,7300,Small Business Administration,737010,OFC OF CAPITAL ACCESS,073,Small Business Administration,7300,Small Business Administration,737010,OFC OF CAPITAL ACCESS,,,,,,,TERESA SHARBER,TERESA SHARBER,,,,USA,UNITED STATES,118 PINETREE DRIVE,,56700,PERRIS,06065,RIVERSIDE,06,CA,CALIFORNIA,92571,,CA-41,CA-39,,,,COUNTY-WIDE,USA,UNITED STATES,CA**065,,06065,RIVERSIDE,06,CALIFORNIA,,CA-41,CA-90,,59.073: PAYCHECK PROTECTION LOAN PROGRAM (PPP),,,08,GUARANTEED/INSURED LOAN (F),TO AID SMALL BUSINESSES IN MAINTAINING WORK FORCE DURING COVID-19 PANDEMIC.,NON,NOT RECOVERY ACT,P,INDIVIDUAL,2,NON-AGGREGATE RECORD,,,,,,,,,,,https://www.usaspending.gov/award/ASST_NON_4887228202_073/,2021-01-06 03:33:53.27803+00
ASST_NON_4887268203_073,4887268203,,SAI EXEMPT,,,,,,2020-08-27,2020,0.00,,,,0.00,0.00,0.00,2020-08-07,2020,,,073,Small Business Administration,7300,Small Business Administration,737010,OFC OF CAPITAL ACCESS,073,Small Business Administration,7300,Small Business Administration,737010,OFC OF CAPITAL ACCESS,,,,,,,ALEXANDER JONES,ALEXANDER JONES,,,,USA,UNITED STATES,143 W 81ST ST,,44000,LOS ANGELES,06037,LOS ANGELES,06,CA,CALIFORNIA,90003,,CA-43,CA-90,,,,COUNTY-WIDE,USA,UNITED STATES,CA**037,,06037,LOS ANGELES,06,CALIFORNIA,,CA-43,CA-90,,59.073: PAYCHECK PROTECTION LOAN PROGRAM (PPP),,,08,GUARANTEED/INSURED LOAN (F),TO AID SMALL BUSINESSES IN MAINTAINING WORK FORCE DURING COVID-19 PANDEMIC.,NON,NOT RECOVERY ACT,P,INDIVIDUAL,2,NON-AGGREGATE RECORD,,,,,,,,,,,https://www.usaspending.gov/award/ASST_NON_4887268203_073/,2021-01-06 03:33:53.27803+00
ASST_NON_4887308202_073,4887308202,,SAI EXEMPT,,,,,,2020-08-27,2020,0.00,,,,0.00,0.00,0.00,2020-08-07,2020,,,073,Small Business Administration,7300,Small Business Administration,737010,OFC OF CAPITAL ACCESS,073,Small Business Administration,7300,Small Business Administration,737010,OFC OF CAPITAL ACCESS,,,,,,,MARTHAVALLE,MARTHAVALLE,,,,USA,UNITED STATES,640 BRISBANE,,33182,HEMET,06065,RIVERSIDE,06,CA,CALIFORNIA,92545,,CA-36,CA-25,,,,COUNTY-WIDE,USA,UNITED STATES,CA**065,,06065,RIVERSIDE,06,CALIFORNIA,,CA-36,CA-90,,59.073: PAYCHECK PROTECTION LOAN PROGRAM (PPP),,,08,GUARANTEED/INSURED LOAN (F),TO AID SMALL BUSINESSES IN MAINTAINING WORK FORCE DURING COVID-19 PANDEMIC.,NON,NOT RECOVERY ACT,P,INDIVIDUAL,2,NON-AGGREGATE RECORD,,,,,,,,,,,https://www.usaspending.gov/award/ASST_NON_4887308202_073/,2021-01-06 03:33:53.27803+00
ASST_NON_4887318205_073,4887318205,,SAI EXEMPT,,,,,,2020-08-27,2020,0.00,,,,0.00,0.00,0.00,2020-08-07,2020,,,073,Small Business Administration,7300,Small Business Administration,737010,OFC OF CAPITAL ACCESS,073,Small Business Administration,7300,Small Business Administration,737010,OFC OF CAPITAL ACCESS,,,,,,,ROYAL KITCHEN SUPPLY INC,ROYAL KITCHEN SUPPLY INC,,,,USA,UNITED STATES,1312 N SAN FERNANDO DR,,44000,LOS ANGELES,06037,LOS ANGELES,06,CA,CALIFORNIA,90065,,CA-28,CA-34,,,,COUNTY-WIDE,USA,UNITED STATES,CA**037,,06037,LOS ANGELES,06,CALIFORNIA,,CA-28,CA-90,,59.073: PAYCHECK PROTECTION LOAN PROGRAM (PPP),,,08,GUARANTEED/INSURED LOAN (F),TO AID SMALL BUSINESSES IN MAINTAINING WORK FORCE DURING COVID-19 PANDEMIC.,NON,NOT RECOVERY ACT,R,SMALL BUSINESS,2,NON-AGGREGATE RECORD,,,,,,,,,,,https://www.usaspending.gov/award/ASST_NON_4887318205_073/,2021-01-06 03:33:53.27803+00
ASST_NON_4887388204_073,4887388204,,SAI EXEMPT,,,,,,2020-08-27,2020,0.00,,,,0.00,0.00,0.00,2020-08-07,2020,,,073,Small Business Administration,7300,Small Business Administration,737010,OFC OF CAPITAL ACCESS,073,Small Business Administration,7300,Small Business Administration,737010,OFC OF CAPITAL ACCESS,,,,,,,PAUL'S JEWELRY,PAUL'S JEWELRY,,,,USA,UNITED STATES,650 S HILL ST STE F1,,44000,LOS ANGELES,06037,LOS ANGELES,06,CA,CALIFORNIA,90014,,CA-34,CA-90,,,,COUNTY-WIDE,USA,UNITED STATES,CA**037,,06037,LOS ANGELES,06,CALIFORNIA,,CA-34,CA-90,,59.073: PAYCHECK PROTECTION LOAN PROGRAM (PPP),,,08,GUARANTEED/INSURED LOAN (F),TO AID SMALL BUSINESSES IN MAINTAINING WORK FORCE DURING COVID-19 PANDEMIC.,NON,NOT RECOVERY ACT,P,INDIVIDUAL,2,NON-AGGREGATE RECORD,,,,,,,,,,,https://www.usaspending.gov/award/ASST_NON_4887388204_073/,2021-01-06 03:33:53.27803+00
ASST_NON_4887528209_073,4887528209,,SAI EXEMPT,,,,,,2020-08-27,2020,0.00,,,,0.00,0.00,0.00,2020-08-07,2020,,,073,Small Business Administration,7300,Small Business Administration,737010,OFC OF CAPITAL ACCESS,073,Small Business Administration,7300,Small Business Administration,737010,OFC OF CAPITAL ACCESS,,,,,,,SONYA HACKETT,SONYA HACKETT,,,,USA,UNITED STATES,1608 W 165TH ST,,15044,COMPTON,06037,LOS ANGELES,06,CA,CALIFORNIA,90220,,CA-44,CA-43,,,,COUNTY-WIDE,USA,UNITED STATES,CA**037,,06037,LOS ANGELES,06,CALIFORNIA,,CA-44,CA-90,,59.073: PAYCHECK PROTECTION LOAN PROGRAM (PPP),,,08,GUARANTEED/INSURED LOAN (F),TO AID SMALL BUSINESSES IN MAINTAINING WORK FORCE DURING COVID-19 PANDEMIC.,NON,NOT RECOVERY ACT,P,INDIVIDUAL,2,NON-AGGREGATE RECORD,,,,,,,,,,,https://www.usaspending.gov/award/ASST_NON_4887528209_073/,2021-01-06 03:33:53.27803+00
ASST_NON_4887718207_073,4887718207,,SAI EXEMPT,,,,,,2020-08-27,2020,0.00,,,,0.00,0.00,0.00,2020-08-07,2020,,,073,Small Business Administration,7300,Small Business Administration,737010,OFC OF CAPITAL ACCESS,073,Small Business Administration,7300,Small Business Administration,737010,OFC OF CAPITAL ACCESS,,,,,,,ANITA BHATIA,ANITA BHATIA,,,,USA,UNITED STATES,1814 DARLINGTON LN.,,56700,PERRIS,06065,RIVERSIDE,06,CA,CALIFORNIA,92571,,CA-41,CA-39,,,,COUNTY-WIDE,USA,UNITED STATES,CA**065,,06065,RIVERSIDE,06,CALIFORNIA,,CA-41,CA-90,,59.073: PAYCHECK PROTECTION LOAN PROGRAM (PPP),,,08,GUARANTEED/INSURED LOAN (F),TO AID SMALL BUSINESSES IN MAINTAINING WORK FORCE DURING COVID-19 PANDEMIC.,NON,NOT RECOVERY ACT,P,INDIVIDUAL,2,NON-AGGREGATE RECORD,,,,,,,,,,,https://www.usaspending.gov/award/ASST_NON_4887718207_073/,2021-01-06 03:33:53.27803+00
ASST_NON_4887888201_073,4887888201,,SAI EXEMPT,,,,,,2020-08-27,2020,0.00,,,,0.00,0.00,0.00,2020-08-07,2020,,,073,Small Business Administration,7300,Small Business Administration,737010,OFC OF CAPITAL ACCESS,073,Small Business Administration,7300,Small Business Administration,737010,OFC OF CAPITAL ACCESS,,,,,,,SIGNATURE AUTOMOTIVE,SIGNATURE AUTOMOTIVE,,,,USA,UNITED STATES,4876 LANKERSHIM BLVD,,51952,NORTH HOLLYWOOD,06037,LOS ANGELES,06,CA,CALIFORNIA,91601,,CA-29,CA-29,,,,COUNTY-WIDE,USA,UNITED STATES,CA**037,,06037,LOS ANGELES,06,CALIFORNIA,,CA-29,CA-90,,59.073: PAYCHECK PROTECTION LOAN PROGRAM (PPP),,,08,GUARANTEED/INSURED LOAN (F),TO AID SMALL BUSINESSES IN MAINTAINING WORK FORCE DURING COVID-19 PANDEMIC.,NON,NOT RECOVERY ACT,P,INDIVIDUAL,2,NON-AGGREGATE RECORD,,,,,,,,,,,https://www.usaspending.gov/award/ASST_NON_4887888201_073/,2021-01-06 03:33:53.27803+00
ASST_NON_4888038206_073,4888038206,,SAI EXEMPT,,,,,,2020-08-27,2020,0.00,,,,0.00,0.00,0.00,2020-08-07,2020,,,073,Small Business Administration,7300,Small Business Administration,737010,OFC OF CAPITAL ACCESS,073,Small Business Administration,7300,Small Business Administration,737010,OFC OF CAPITAL ACCESS,,,,,,,JEFFERY EVANS,JEFFERY EVANS,,,,USA,UNITED STATES,300 TEMPLE WAY,,81666,VALLEJO,06095,SOLANO,06,CA,CALIFORNIA,94591,,CA-05,CA-08,,,,COUNTY-WIDE,USA,UNITED STATES,CA**095,,06095,SOLANO,06,CALIFORNIA,,CA-05,CA-90,,59.073: PAYCHECK PROTECTION LOAN PROGRAM (PPP),,,08,GUARANTEED/INSURED LOAN (F),TO AID SMALL BUSINESSES IN MAINTAINING WORK FORCE DURING COVID-19 PANDEMIC.,NON,NOT RECOVERY ACT,P,INDIVIDUAL,2,NON-AGGREGATE RECORD,,,,,,,,,,,https://www.usaspending.gov/award/ASST_NON_4888038206_073/,2021-01-06 03:33:53.27803+00
ASST_NON_4888168210_073,4888168210,,SAI EXEMPT,,,,,,2020-08-27,2020,0.00,,,,0.00,0.00,0.00,2020-08-07,2020,,,073,Small Business Administration,7300,Small Business Administration,737010,OFC OF CAPITAL ACCESS,073,Small Business Administration,7300,Small Business Administration,737010,OFC OF CAPITAL ACCESS,,,,,,,POWELL ENTERTAINMENT,POWELL ENTERTAINMENT,,,,USA,UNITED STATES,428 LOS ROBLES BLVD,,64000,SACRAMENTO,06067,SACRAMENTO,06,CA,CALIFORNIA,95838,,CA-06,CA-06,,,,COUNTY-WIDE,USA,UNITED STATES,CA**067,,06067,SACRAMENTO,06,CALIFORNIA,,CA-06,CA-90,,59.073: PAYCHECK PROTECTION LOAN PROGRAM (PPP),,,08,GUARANTEED/INSURED LOAN (F),TO AID SMALL BUSINESSES IN MAINTAINING WORK FORCE DURING COVID-19 PANDEMIC.,NON,NOT RECOVERY ACT,P,INDIVIDUAL,2,NON-AGGREGATE RECORD,,,,,,,,,,,https://www.usaspending.gov/award/ASST_NON_4888168210_073/,2021-01-06 03:33:53.27803+00
ASST_NON_4888248210_073,4888248210,,SAI EXEMPT,,,,,,2020-08-27,2020,0.00,,,,0.00,0.00,0.00,2020-08-07,2020,,,073,Small Business Administration,7300,Small Business Administration,737010,OFC OF CAPITAL ACCESS,073,Small Business Administration,7300,Small Business Administration,737010,OFC OF CAPITAL ACCESS,,,,,,,PAUL BONIAS,PAUL BONIAS,,,,USA,UNITED STATES,11637 BRECKENRIDGE DR,,85292,WHITTIER,06037,LOS ANGELES,06,CA,CALIFORNIA,90604,,CA-38,CA-38,,,,COUNTY-WIDE,USA,UNITED STATES,CA**037,,06037,LOS ANGELES,06,CALIFORNIA,,CA-38,CA-90,,59.073: PAYCHECK PROTECTION LOAN PROGRAM (PPP),,,08,GUARANTEED/INSURED LOAN (F),TO AID SMALL BUSINESSES IN MAINTAINING WORK FORCE DURING COVID-19 PANDEMIC.,NON,NOT RECOVERY ACT,P,INDIVIDUAL,2,NON-AGGREGATE RECORD,,,,,,,,,,,https://www.usaspending.gov/award/ASST_NON_4888248210_073/,2021-01-06 03:33:53.27803+00
ASST_NON_4888298203_073,4888298203,,SAI EXEMPT,,,,,,2020-08-27,2020,0.00,,,,0.00,0.00,0.00,2020-08-07,2020,,,073,Small Business Administration,7300,Small Business Administration,737010,OFC OF CAPITAL ACCESS,073,Small Business Administration,7300,Small Business Administration,737010,OFC OF CAPITAL ACCESS,,,,,,,KENNETH SCOTT LOKE,KENNETH SCOTT LOKE,,,,USA,UNITED STATES,712 225 SEARS RD,,37134,JANESVILLE,06035,LASSEN,06,CA,CALIFORNIA,96114,,CA-01,CA-01,,,,COUNTY-WIDE,USA,UNITED STATES,CA**035,,06035,LASSEN,06,CALIFORNIA,,CA-01,CA-01,,59.073: PAYCHECK PROTECTION LOAN PROGRAM (PPP),,,08,GUARANTEED/INSURED LOAN (F),TO AID SMALL BUSINESSES IN MAINTAINING WORK FORCE DURING COVID-19 PANDEMIC.,NON,NOT RECOVERY ACT,P,INDIVIDUAL,2,NON-AGGREGATE RECORD,,,,,,,,,,,https://www.usaspending.gov/award/ASST_NON_4888298203_073/,2021-01-06 03:33:53.27803+00
ASST_NON_4888308204_073,4888308204,,SAI EXEMPT,,,,,,2020-08-27,2020,0.00,,,,0.00,0.00,0.00,2020-08-07,2020,,,073,Small Business Administration,7300,Small Business Administration,737010,OFC OF CAPITAL ACCESS,073,Small Business Administration,7300,Small Business Administration,737010,OFC OF CAPITAL ACCESS,,,,,,,MOHAMMED KHAN,MOHAMMED KHAN,,,,USA,UNITED STATES,2355 W CARAMIA ST,,02000,ANAHEIM,06059,ORANGE,06,CA,CALIFORNIA,92801,,CA-46,CA-46,,,,COUNTY-WIDE,USA,UNITED STATES,CA**059,,06059,ORANGE,06,CALIFORNIA,,CA-46,CA-90,,59.073: PAYCHECK PROTECTION LOAN PROGRAM (PPP),,,08,GUARANTEED/INSURED LOAN (F),TO AID SMALL BUSINESSES IN MAINTAINING WORK FORCE DURING COVID-19 PANDEMIC.,NON,NOT RECOVERY ACT,P,INDIVIDUAL,2,NON-AGGREGATE RECORD,,,,,,,,,,,https://www.usaspending.gov/award/ASST_NON_4888308204_073/,2021-01-06 03:33:53.27803+00
ASST_NON_4888318207_073,4888318207,,SAI EXEMPT,,,,,,2020-08-27,2020,0.00,,,,0.00,0.00,0.00,2020-08-07,2020,,,073,Small Business Administration,7300,Small Business Administration,737010,OFC OF CAPITAL ACCESS,073,Small Business Administration,7300,Small Business Administration,737010,OFC OF CAPITAL ACCESS,,,,,,,MICHAEL R SHENASSA,MICHAEL R SHENASSA,,,,USA,UNITED STATES,340 S CLARK DR,,06308,BEVERLY HILLS,06037,LOS ANGELES,06,CA,CALIFORNIA,90211,,CA-33,CA-36,,,,COUNTY-WIDE,USA,UNITED STATES,CA**037,,06037,LOS ANGELES,06,CALIFORNIA,,CA-33,CA-90,,59.073: PAYCHECK PROTECTION LOAN PROGRAM (PPP),,,08,GUARANTEED/INSURED LOAN (F),TO AID SMALL BUSINESSES IN MAINTAINING WORK FORCE DURING COVID-19 PANDEMIC.,NON,NOT RECOVERY ACT,P,INDIVIDUAL,2,NON-AGGREGATE RECORD,,,,,,,,,,,https://www.usaspending.gov/award/ASST_NON_4888318207_073/,2021-01-06 03:33:53.27803+00
ASST_NON_4888528200_073,4888528200,,SAI EXEMPT,,,,,,2020-08-27,2020,0.00,,,,0.00,0.00,0.00,2020-08-07,2020,,,073,Small Business Administration,7300,Small Business Administration,737010,OFC OF CAPITAL ACCESS,073,Small Business Administration,7300,Small Business Administration,737010,OFC OF CAPITAL ACCESS,,,,,,,AUSTYN HENLEY,AUSTYN HENLEY,,,,USA,UNITED STATES,4309 W 190TH STREET,,80000,TORRANCE,06037,LOS ANGELES,06,CA,CALIFORNIA,90504,,CA-43,CA-43,,,,COUNTY-WIDE,USA,UNITED STATES,CA**037,,06037,LOS ANGELES,06,CALIFORNIA,,CA-43,CA-90,,59.073: PAYCHECK PROTECTION LOAN PROGRAM (PPP),,,08,GUARANTEED/INSURED LOAN (F),TO AID SMALL BUSINESSES IN MAINTAINING WORK FORCE DURING COVID-19 PANDEMIC.,NON,NOT RECOVERY ACT,P,INDIVIDUAL,2,NON-AGGREGATE RECORD,,,,,,,,,,,https://www.usaspending.gov/award/ASST_NON_4888528200_073/,2021-01-06 03:33:53.27803+00
ASST_NON_4888548206_073,4888548206,,SAI EXEMPT,,,,,,2020-08-27,2020,0.00,,,,0.00,0.00,0.00,2020-08-07,2020,,,073,Small Business Administration,7300,Small Business Administration,737010,OFC OF CAPITAL ACCESS,073,Small Business Administration,7300,Small Business Administration,737010,OFC OF CAPITAL ACCESS,,,,,,,MARCELA GONZALEZ,MARCELA GONZALEZ,,,,USA,UNITED STATES,214 PRICESS LANE,,69000,SANTA ANA,06059,ORANGE,06,CA,CALIFORNIA,92704,,CA-46,CA-46,,,,COUNTY-WIDE,USA,UNITED STATES,CA**059,,06059,ORANGE,06,CALIFORNIA,,CA-46,CA-90,,59.073: PAYCHECK PROTECTION LOAN PROGRAM (PPP),,,08,GUARANTEED/INSURED LOAN (F),TO AID SMALL BUSINESSES IN MAINTAINING WORK FORCE DURING COVID-19 PANDEMIC.,NON,NOT RECOVERY ACT,P,INDIVIDUAL,2,NON-AGGREGATE RECORD,,,,,,,,,,,https://www.usaspending.gov/award/ASST_NON_4888548206_073/,2021-01-06 03:33:53.27803+00
ASST_NON_4888678210_073,4888678210,,SAI EXEMPT,,,,,,2020-08-27,2020,0.00,,,,0.00,0.00,0.00,2020-08-07,2020,,,073,Small Business Administration,7300,Small Business Administration,737010,OFC OF CAPITAL ACCESS,073,Small Business Administration,7300,Small Business Administration,737010,OFC OF CAPITAL ACCESS,,,,,,,LAWRENCE CARTER,LAWRENCE CARTER,,,,USA,UNITED STATES,4175 S DALTON AVE,,44000,LOS ANGELES,06037,LOS ANGELES,06,CA,CALIFORNIA,90062,,CA-37,CA-37,,,,COUNTY-WIDE,USA,UNITED STATES,CA**037,,06037,LOS ANGELES,06,CALIFORNIA,,CA-37,CA-90,,59.073: PAYCHECK PROTECTION LOAN PROGRAM (PPP),,,08,GUARANTEED/INSURED LOAN (F),TO AID SMALL BUSINESSES IN MAINTAINING WORK FORCE DURING COVID-19 PANDEMIC.,NON,NOT RECOVERY ACT,P,INDIVIDUAL,2,NON-AGGREGATE RECORD,,,,,,,,,,,https://www.usaspending.gov/award/ASST_NON_4888678210_073/,2021-01-06 03:33:53.27803+00
ASST_NON_4888898206_073,4888898206,,SAI EXEMPT,,,,,,2020-08-27,2020,0.00,,,,0.00,0.00,0.00,2020-08-07,2020,,,073,Small Business Administration,7300,Small Business Administration,737010,OFC OF CAPITAL ACCESS,073,Small Business Administration,7300,Small Business Administration,737010,OFC OF CAPITAL ACCESS,,,,,,,HANESA GRANDBERRY,HANESA GRANDBERRY,,,,USA,UNITED STATES,2115 W 134TH PLACE,,28168,GARDENA,06037,LOS ANGELES,06,CA,CALIFORNIA,90249,,CA-43,CA-43,,,,COUNTY-WIDE,USA,UNITED STATES,CA**037,,06037,LOS ANGELES,06,CALIFORNIA,,CA-43,CA-90,,59.073: PAYCHECK PROTECTION LOAN PROGRAM (PPP),,,08,GUARANTEED/INSURED LOAN (F),TO AID SMALL BUSINESSES IN MAINTAINING WORK FORCE DURING COVID-19 PANDEMIC.,NON,NOT RECOVERY ACT,P,INDIVIDUAL,2,NON-AGGREGATE RECORD,,,,,,,,,,,https://www.usaspending.gov/award/ASST_NON_4888898206_073/,2021-01-06 03:33:53.27803+00
ASST_NON_4888978206_073,4888978206,,SAI EXEMPT,,,,,,2020-08-27,2020,0.00,,,,0.00,0.00,0.00,2020-08-07,2020,,,073,Small Business Administration,7300,Small Business Administration,737010,OFC OF CAPITAL ACCESS,073,Small Business Administration,7300,Small Business Administration,737010,OFC OF CAPITAL ACCESS,,,,,,,BRIAN SCAGGS,BRIAN SCAGGS,,,,USA,UNITED STATES,8975 ROSILLA CT,,16350,CORONA,06065,RIVERSIDE,06,CA,CALIFORNIA,92883,,CA-42,CA-41,,,,COUNTY-WIDE,USA,UNITED STATES,CA**065,,06065,RIVERSIDE,06,CALIFORNIA,,CA-42,CA-90,,59.073: PAYCHECK PROTECTION LOAN PROGRAM (PPP),,,08,GUARANTEED/INSURED LOAN (F),TO AID SMALL BUSINESSES IN MAINTAINING WORK FORCE DURING COVID-19 PANDEMIC.,NON,NOT RECOVERY ACT,P,INDIVIDUAL,2,NON-AGGREGATE RECORD,,,,,,,,,,,https://www.usaspending.gov/award/ASST_NON_4888978206_073/,2021-01-06 03:33:53.27803+00
ASST_NON_4888988209_073,4888988209,,SAI EXEMPT,,,,,,2020-08-27,2020,0.00,,,,0.00,0.00,0.00,2020-08-07,2020,,,073,Small Business Administration,7300,Small Business Administration,737010,OFC OF CAPITAL ACCESS,073,Small Business Administration,7300,Small Business Administration,737010,OFC OF CAPITAL ACCESS,,,,,,,ANTONIO MORRE,ANTONIO MORRE,,,,USA,UNITED STATES,3912 EAST COMMERCE WAY,,64000,SACRAMENTO,06067,SACRAMENTO,06,CA,CALIFORNIA,95834,,CA-06,CA-06,,,,COUNTY-WIDE,USA,UNITED STATES,CA**067,,06067,SACRAMENTO,06,CALIFORNIA,,CA-06,CA-90,,59.073: PAYCHECK PROTECTION LOAN PROGRAM (PPP),,,08,GUARANTEED/INSURED LOAN (F),TO AID SMALL BUSINESSES IN MAINTAINING WORK FORCE DURING COVID-19 PANDEMIC.,NON,NOT RECOVERY ACT,P,INDIVIDUAL,2,NON-AGGREGATE RECORD,,,,,,,,,,,https://www.usaspending.gov/award/ASST_NON_4888988209_073/,2021-01-06 03:33:53.27803+00
ASST_NON_4889078209_073,4889078209,,SAI EXEMPT,,,,,,2020-08-27,2020,0.00,,,,0.00,0.00,0.00,2020-08-07,2020,,,073,Small Business Administration,7300,Small Business Administration,737010,OFC OF CAPITAL ACCESS,073,Small Business Administration,7300,Small Business Administration,737010,OFC OF CAPITAL ACCESS,,,,,,,DOMINGA BAUTISTA,DOMINGA BAUTISTA,,,,USA,UNITED STATES,909 E 18TH ST,,69000,SANTA ANA,06059,ORANGE,06,CA,CALIFORNIA,92706,,CA-46,CA-46,,,,COUNTY-WIDE,USA,UNITED STATES,CA**059,,06059,ORANGE,06,CALIFORNIA,,CA-46,CA-90,,59.073: PAYCHECK PROTECTION LOAN PROGRAM (PPP),,,08,GUARANTEED/INSURED LOAN (F),TO AID SMALL BUSINESSES IN MAINTAINING WORK FORCE DURING COVID-19 PANDEMIC.,NON,NOT RECOVERY ACT,P,INDIVIDUAL,2,NON-AGGREGATE RECORD,,,,,,,,,,,https://www.usaspending.gov/award/ASST_NON_4889078209_073/,2021-01-06 03:33:53.27803+00
ASST_NON_4889168201_073,4889168201,,SAI EXEMPT,,,,,,2020-08-27,2020,0.00,,,,0.00,0.00,0.00,2020-08-07,2020,,,073,Small Business Administration,7300,Small Business Administration,737010,OFC OF CAPITAL ACCESS,073,Small Business Administration,7300,Small Business Administration,737010,OFC OF CAPITAL ACCESS,,,,,,,"THE GOOD LIFE INVESTMENT GROUP, LLC","THE GOOD LIFE INVESTMENT GROUP, LLC",,,,USA,UNITED STATES,6020 FREEPORT BLVD,,64000,SACRAMENTO,06067,SACRAMENTO,06,CA,CALIFORNIA,95822,,CA-06,CA-07,,,,COUNTY-WIDE,USA,UNITED STATES,CA**067,,06067,SACRAMENTO,06,CALIFORNIA,,CA-06,CA-90,,59.073: PAYCHECK PROTECTION LOAN PROGRAM (PPP),,,08,GUARANTEED/INSURED LOAN (F),TO AID SMALL BUSINESSES IN MAINTAINING WORK FORCE DURING COVID-19 PANDEMIC.,NON,NOT RECOVERY ACT,P,INDIVIDUAL,2,NON-AGGREGATE RECORD,,,,,,,,,,,https://www.usaspending.gov/award/ASST_NON_4889168201_073/,2021-01-06 03:33:53.27803+00
ASST_NON_4889228206_073,4889228206,,SAI EXEMPT,,,,,,2020-08-27,2020,0.00,,,,0.00,0.00,0.00,2020-08-07,2020,,,073,Small Business Administration,7300,Small Business Administration,737010,OFC OF CAPITAL ACCESS,073,Small Business Administration,7300,Small Business Administration,737010,OFC OF CAPITAL ACCESS,,,,,,,BMC GENETICS CORPORATION,BMC GENETICS CORPORATION,,,,USA,UNITED STATES,1976 S. LA CIENEGA BLVD,249,44000,LOS ANGELES,06037,LOS ANGELES,06,CA,CALIFORNIA,90034,,CA-37,CA-90,,,,COUNTY-WIDE,USA,UNITED STATES,CA**037,,06037,LOS ANGELES,06,CALIFORNIA,,CA-37,CA-90,,59.073: PAYCHECK PROTECTION LOAN PROGRAM (PPP),,,08,GUARANTEED/INSURED LOAN (F),TO AID SMALL BUSINESSES IN MAINTAINING WORK FORCE DURING COVID-19 PANDEMIC.,NON,NOT RECOVERY ACT,R,SMALL BUSINESS,2,NON-AGGREGATE RECORD,,,,,,,,,,,https://www.usaspending.gov/award/ASST_NON_4889228206_073/,2021-01-06 03:33:53.27803+00
ASST_NON_4889238209_073,4889238209,,SAI EXEMPT,,,,,,2020-08-27,2020,0.00,,,,0.00,0.00,0.00,2020-08-07,2020,,,073,Small Business Administration,7300,Small Business Administration,737010,OFC OF CAPITAL ACCESS,073,Small Business Administration,7300,Small Business Administration,737010,OFC OF CAPITAL ACCESS,,,,,,,RYAN BLACKSTOCK,RYAN BLACKSTOCK,,,,USA,UNITED STATES,214 20TH STREET,C,36000,HUNTINGTON BEACH,06059,ORANGE,06,CA,CALIFORNIA,92648,,CA-48,CA-47,,,,COUNTY-WIDE,USA,UNITED STATES,CA**059,,06059,ORANGE,06,CALIFORNIA,,CA-48,CA-90,,59.073: PAYCHECK PROTECTION LOAN PROGRAM (PPP),,,08,GUARANTEED/INSURED LOAN (F),TO AID SMALL BUSINESSES IN MAINTAINING WORK FORCE DURING COVID-19 PANDEMIC.,NON,NOT RECOVERY ACT,P,INDIVIDUAL,2,NON-AGGREGATE RECORD,,,,,,,,,,,https://www.usaspending.gov/award/ASST_NON_4889238209_073/,2021-01-06 03:33:53.27803+00
ASST_NON_4889328201_073,4889328201,,SAI EXEMPT,,,,,,2020-08-27,2020,0.00,,,,0.00,0.00,0.00,2020-08-07,2020,,,073,Small Business Administration,7300,Small Business Administration,737010,OFC OF CAPITAL ACCESS,073,Small Business Administration,7300,Small Business Administration,737010,OFC OF CAPITAL ACCESS,,,,,,,VARINDER SINGH,VARINDER SINGH,,,,USA,UNITED STATES,5410 W 116TH ST,,36546,INGLEWOOD,06037,LOS ANGELES,06,CA,CALIFORNIA,90304,,CA-43,CA-90,,,,COUNTY-WIDE,USA,UNITED STATES,CA**037,,06037,LOS ANGELES,06,CALIFORNIA,,CA-43,CA-90,,59.073: PAYCHECK PROTECTION LOAN PROGRAM (PPP),,,08,GUARANTEED/INSURED LOAN (F),TO AID SMALL BUSINESSES IN MAINTAINING WORK FORCE DURING COVID-19 PANDEMIC.,NON,NOT RECOVERY ACT,P,INDIVIDUAL,2,NON-AGGREGATE RECORD,,,,,,,,,,,https://www.usaspending.gov/award/ASST_NON_4889328201_073/,2021-01-06 03:33:53.27803+00
ASST_NON_4889388208_073,4889388208,,SAI EXEMPT,,,,,,2020-08-27,2020,0.00,,,,0.00,0.00,0.00,2020-08-07,2020,,,073,Small Business Administration,7300,Small Business Administration,737010,OFC OF CAPITAL ACCESS,073,Small Business Administration,7300,Small Business Administration,737010,OFC OF CAPITAL ACCESS,,,,,,,HEIDI BLACKSTOCK,HEIDI BLACKSTOCK,,,,USA,UNITED STATES,214 20TH STREET,C,36000,HUNTINGTON BEACH,06059,ORANGE,06,CA,CALIFORNIA,92648,,CA-48,CA-47,,,,COUNTY-WIDE,USA,UNITED STATES,CA**059,,06059,ORANGE,06,CALIFORNIA,,CA-48,CA-90,,59.073: PAYCHECK PROTECTION LOAN PROGRAM (PPP),,,08,GUARANTEED/INSURED LOAN (F),TO AID SMALL BUSINESSES IN MAINTAINING WORK FORCE DURING COVID-19 PANDEMIC.,NON,NOT RECOVERY ACT,P,INDIVIDUAL,2,NON-AGGREGATE RECORD,,,,,,,,,,,https://www.usaspending.gov/award/ASST_NON_4889388208_073/,2021-01-06 03:33:53.27803+00
ASST_NON_4889418204_073,4889418204,,SAI EXEMPT,,,,,,2020-08-27,2020,0.00,,,,0.00,0.00,0.00,2020-08-07,2020,,,073,Small Business Administration,7300,Small Business Administration,737010,OFC OF CAPITAL ACCESS,073,Small Business Administration,7300,Small Business Administration,737010,OFC OF CAPITAL ACCESS,,,,,,,LEON,LEON,,,,USA,UNITED STATES,8293 SANTIAGO CIRLE,,,JURUPA VALLEY,06065,RIVERSIDE,06,CA,CALIFORNIA,92509,,CA-41,CA-39,,,,COUNTY-WIDE,USA,UNITED STATES,CA**065,,06065,RIVERSIDE,06,CALIFORNIA,,CA-41,CA-90,,59.073: PAYCHECK PROTECTION LOAN PROGRAM (PPP),,,08,GUARANTEED/INSURED LOAN (F),TO AID SMALL BUSINESSES IN MAINTAINING WORK FORCE DURING COVID-19 PANDEMIC.,NON,NOT RECOVERY ACT,P,INDIVIDUAL,2,NON-AGGREGATE RECORD,,,,,,,,,,,https://www.usaspending.gov/award/ASST_NON_4889418204_073/,2021-01-06 03:33:53.27803+00
ASST_NON_4889558200_073,4889558200,,SAI EXEMPT,,,,,,2020-08-27,2020,0.00,,,,0.00,0.00,0.00,2020-08-07,2020,,,073,Small Business Administration,7300,Small Business Administration,737010,OFC OF CAPITAL ACCESS,073,Small Business Administration,7300,Small Business Administration,737010,OFC OF CAPITAL ACCESS,,,,,,,RICHARD BARRERA,RICHARD BARRERA,,,,USA,UNITED STATES,20431 BASSET ST,,85964,WINNETKA,06037,LOS ANGELES,06,CA,CALIFORNIA,91306,,CA-30,CA-32,,,,COUNTY-WIDE,USA,UNITED STATES,CA**037,,06037,LOS ANGELES,06,CALIFORNIA,,CA-30,CA-90,,59.073: PAYCHECK PROTECTION LOAN PROGRAM (PPP),,,08,GUARANTEED/INSURED LOAN (F),TO AID SMALL BUSINESSES IN MAINTAINING WORK FORCE DURING COVID-19 PANDEMIC.,NON,NOT RECOVERY ACT,P,INDIVIDUAL,2,NON-AGGREGATE RECORD,,,,,,,,,,,https://www.usaspending.gov/award/ASST_NON_4889558200_073/,2021-01-06 03:33:53.27803+00
ASST_NON_4889568203_073,4889568203,,SAI EXEMPT,,,,,,2020-08-27,2020,0.00,,,,0.00,0.00,0.00,2020-08-07,2020,,,073,Small Business Administration,7300,Small Business Administration,737010,OFC OF CAPITAL ACCESS,073,Small Business Administration,7300,Small Business Administration,737010,OFC OF CAPITAL ACCESS,,,,,,,MACLEOD ANDREWS,MACLEOD ANDREWS,,,,USA,UNITED STATES,22130 MARTINEZ ST,,86356,WOODLAND HILLS,06037,LOS ANGELES,06,CA,CALIFORNIA,91364,,CA-30,CA-32,,,,COUNTY-WIDE,USA,UNITED STATES,CA**037,,06037,LOS ANGELES,06,CALIFORNIA,,CA-30,CA-90,,59.073: PAYCHECK PROTECTION LOAN PROGRAM (PPP),,,08,GUARANTEED/INSURED LOAN (F),TO AID SMALL BUSINESSES IN MAINTAINING WORK FORCE DURING COVID-19 PANDEMIC.,NON,NOT RECOVERY ACT,P,INDIVIDUAL,2,NON-AGGREGATE RECORD,,,,,,,,,,,https://www.usaspending.gov/award/ASST_NON_4889568203_073/,2021-01-06 03:33:53.27803+00
ASST_NON_4889618205_073,4889618205,,SAI EXEMPT,,,,,,2020-08-27,2020,0.00,,,,0.00,0.00,0.00,2020-08-07,2020,,,073,Small Business Administration,7300,Small Business Administration,737010,OFC OF CAPITAL ACCESS,073,Small Business Administration,7300,Small Business Administration,737010,OFC OF CAPITAL ACCESS,,,,,,,ANAS ALZGHOUL,ANAS ALZGHOUL,,,,USA,UNITED STATES,2373DAPHNE PL,,28000,FULLERTON,06059,ORANGE,06,CA,CALIFORNIA,92833,,CA-39,CA-90,,,,COUNTY-WIDE,USA,UNITED STATES,CA**059,,06059,ORANGE,06,CALIFORNIA,,CA-39,CA-90,,59.073: PAYCHECK PROTECTION LOAN PROGRAM (PPP),,,08,GUARANTEED/INSURED LOAN (F),TO AID SMALL BUSINESSES IN MAINTAINING WORK FORCE DURING COVID-19 PANDEMIC.,NON,NOT RECOVERY ACT,P,INDIVIDUAL,2,NON-AGGREGATE RECORD,,,,,,,,,,,https://www.usaspending.gov/award/ASST_NON_4889618205_073/,2021-01-06 03:33:53.27803+00
ASST_NON_4889738206_073,4889738206,,SAI EXEMPT,,,,,,2020-08-27,2020,0.00,,,,0.00,0.00,0.00,2020-08-07,2020,,,073,Small Business Administration,7300,Small Business Administration,737010,OFC OF CAPITAL ACCESS,073,Small Business Administration,7300,Small Business Administration,737010,OFC OF CAPITAL ACCESS,,,,,,,CLARENCE JACKSON,CLARENCE JACKSON,,,,USA,UNITED STATES,7709 JUSTIN CT.,,10788,CANOGA PARK,06111,VENTURA,06,CA,CALIFORNIA,91304,,CA-30,CA-32,,,,COUNTY-WIDE,USA,UNITED STATES,CA**037,,06037,LOS ANGELES,06,CALIFORNIA,,CA-30,CA-90,,59.073: PAYCHECK PROTECTION LOAN PROGRAM (PPP),,,08,GUARANTEED/INSURED LOAN (F),TO AID SMALL BUSINESSES IN MAINTAINING WORK FORCE DURING COVID-19 PANDEMIC.,NON,NOT RECOVERY ACT,P,INDIVIDUAL,2,NON-AGGREGATE RECORD,,,,,,,,,,,https://www.usaspending.gov/award/ASST_NON_4889738206_073/,2021-01-06 03:33:53.27803+00
ASST_NON_4889878202_073,4889878202,,SAI EXEMPT,,,,,,2020-08-27,2020,0.00,,,,0.00,0.00,0.00,2020-08-07,2020,,,073,Small Business Administration,7300,Small Business Administration,737010,OFC OF CAPITAL ACCESS,073,Small Business Administration,7300,Small Business Administration,737010,OFC OF CAPITAL ACCESS,,,,,,,TAELIGHTS,TAELIGHTS,,,,USA,UNITED STATES,624 ALAMEDA ST,,81666,VALLEJO,06095,SOLANO,06,CA,CALIFORNIA,94590,,CA-05,CA-08,,,,COUNTY-WIDE,USA,UNITED STATES,CA**095,,06095,SOLANO,06,CALIFORNIA,,CA-05,CA-90,,59.073: PAYCHECK PROTECTION LOAN PROGRAM (PPP),,,08,GUARANTEED/INSURED LOAN (F),TO AID SMALL BUSINESSES IN MAINTAINING WORK FORCE DURING COVID-19 PANDEMIC.,NON,NOT RECOVERY ACT,P,INDIVIDUAL,2,NON-AGGREGATE RECORD,,,,,,,,,,,https://www.usaspending.gov/award/ASST_NON_4889878202_073/,2021-01-06 03:33:53.27803+00
ASST_NON_4890018210_073,4890018210,,SAI EXEMPT,,,,,,2020-08-27,2020,0.00,,,,0.00,0.00,0.00,2020-08-07,2020,,,073,Small Business Administration,7300,Small Business Administration,737010,OFC OF CAPITAL ACCESS,073,Small Business Administration,7300,Small Business Administration,737010,OFC OF CAPITAL ACCESS,,,,,,,KAMAL ILAHI SECURITY,KAMAL ILAHI SECURITY,,,,USA,UNITED STATES,2417 PALMETTO ST,,53000,OAKLAND,06001,ALAMEDA,06,CA,CALIFORNIA,94602,,CA-13,CA-12,,,,COUNTY-WIDE,USA,UNITED STATES,CA**001,,06001,ALAMEDA,06,CALIFORNIA,,CA-13,CA-90,,59.073: PAYCHECK PROTECTION LOAN PROGRAM (PPP),,,08,GUARANTEED/INSURED LOAN (F),TO AID SMALL BUSINESSES IN MAINTAINING WORK FORCE DURING COVID-19 PANDEMIC.,NON,NOT RECOVERY ACT,P,INDIVIDUAL,2,NON-AGGREGATE RECORD,,,,,,,,,,,https://www.usaspending.gov/award/ASST_NON_4890018210_073/,2021-01-06 03:33:53.27803+00
ASST_NON_4890238206_073,4890238206,,SAI EXEMPT,,,,,,2020-08-27,2020,0.00,,,,0.00,0.00,0.00,2020-08-07,2020,,,073,Small Business Administration,7300,Small Business Administration,737010,OFC OF CAPITAL ACCESS,073,Small Business Administration,7300,Small Business Administration,737010,OFC OF CAPITAL ACCESS,,,,,,,AMIR HOSSAIN ASSADI,AMIR HOSSAIN ASSADI,,,,USA,UNITED STATES,4800 WOODLEY AVE,APT 27,22692,ENCINO,06037,LOS ANGELES,06,CA,CALIFORNIA,91436,,CA-30,CA-32,,,,COUNTY-WIDE,USA,UNITED STATES,CA**037,,06037,LOS ANGELES,06,CALIFORNIA,,CA-30,CA-90,,59.073: PAYCHECK PROTECTION LOAN PROGRAM (PPP),,,08,GUARANTEED/INSURED LOAN (F),TO AID SMALL BUSINESSES IN MAINTAINING WORK FORCE DURING COVID-19 PANDEMIC.,NON,NOT RECOVERY ACT,P,INDIVIDUAL,2,NON-AGGREGATE RECORD,,,,,,,,,,,https://www.usaspending.gov/award/ASST_NON_4890238206_073/,2021-01-06 03:33:53.27803+00
ASST_NON_4890348204_073,4890348204,,SAI EXEMPT,,,,,,2020-08-27,2020,0.00,,,,0.00,0.00,0.00,2020-08-07,2020,,,073,Small Business Administration,7300,Small Business Administration,737010,OFC OF CAPITAL ACCESS,073,Small Business Administration,7300,Small Business Administration,737010,OFC OF CAPITAL ACCESS,,,,,,,EUROPEAN COACH INC.,EUROPEAN COACH INC.,,,,USA,UNITED STATES,8360 MIRAMAR PLACE SUITE A,,66000,SAN DIEGO,06073,SAN DIEGO,06,CA,CALIFORNIA,92121,,CA-52,CA-90,,,,COUNTY-WIDE,USA,UNITED STATES,CA**073,,06073,SAN DIEGO,06,CALIFORNIA,,CA-52,CA-90,,59.073: PAYCHECK PROTECTION LOAN PROGRAM (PPP),,,08,GUARANTEED/INSURED LOAN (F),TO AID SMALL BUSINESSES IN MAINTAINING WORK FORCE DURING COVID-19 PANDEMIC.,NON,NOT RECOVERY ACT,R,SMALL BUSINESS,2,NON-AGGREGATE RECORD,,,,,,,,,,,https://www.usaspending.gov/award/ASST_NON_4890348204_073/,2021-01-06 03:33:53.27803+00
ASST_NON_4890478208_073,4890478208,,SAI EXEMPT,,,,,,2020-08-27,2020,0.00,,,,0.00,0.00,0.00,2020-08-07,2020,,,073,Small Business Administration,7300,Small Business Administration,737010,OFC OF CAPITAL ACCESS,073,Small Business Administration,7300,Small Business Administration,737010,OFC OF CAPITAL ACCESS,,,,,,,EMPTY SET LLC,EMPTY SET LLC,,,,USA,UNITED STATES,87 N RAYMOND AVE,STE 514,56000,PASADENA,06037,LOS ANGELES,06,CA,CALIFORNIA,91103,,CA-27,CA-90,,,,COUNTY-WIDE,USA,UNITED STATES,CA**037,,06037,LOS ANGELES,06,CALIFORNIA,,CA-27,CA-90,,59.073: PAYCHECK PROTECTION LOAN PROGRAM (PPP),,,08,GUARANTEED/INSURED LOAN (F),TO AID SMALL BUSINESSES IN MAINTAINING WORK FORCE DURING COVID-19 PANDEMIC.,NON,NOT RECOVERY ACT,R,SMALL BUSINESS,2,NON-AGGREGATE RECORD,,,,,,,,,,,https://www.usaspending.gov/award/ASST_NON_4890478208_073/,2021-01-06 03:33:53.27803+00
ASST_NON_4890508204_073,4890508204,,SAI EXEMPT,,,,,,2020-08-27,2020,0.00,,,,0.00,0.00,0.00,2020-08-07,2020,,,073,Small Business Administration,7300,Small Business Administration,737010,OFC OF CAPITAL ACCESS,073,Small Business Administration,7300,Small Business Administration,737010,OFC OF CAPITAL ACCESS,,,,,,,ALFREDLABOSTRIE,ALFREDLABOSTRIE,,,,USA,UNITED STATES,855 W 125TH ST,,44000,LOS ANGELES,06037,LOS ANGELES,06,CA,CALIFORNIA,90044,,CA-43,CA-90,,,,COUNTY-WIDE,USA,UNITED STATES,CA**037,,06037,LOS ANGELES,06,CALIFORNIA,,CA-43,CA-90,,59.073: PAYCHECK PROTECTION LOAN PROGRAM (PPP),,,08,GUARANTEED/INSURED LOAN (F),TO AID SMALL BUSINESSES IN MAINTAINING WORK FORCE DURING COVID-19 PANDEMIC.,NON,NOT RECOVERY ACT,P,INDIVIDUAL,2,NON-AGGREGATE RECORD,,,,,,,,,,,https://www.usaspending.gov/award/ASST_NON_4890508204_073/,2021-01-06 03:33:53.27803+00
ASST_NON_4890628205_073,4890628205,,SAI EXEMPT,,,,,,2020-08-27,2020,0.00,,,,0.00,0.00,0.00,2020-08-07,2020,,,073,Small Business Administration,7300,Small Business Administration,737010,OFC OF CAPITAL ACCESS,073,Small Business Administration,7300,Small Business Administration,737010,OFC OF CAPITAL ACCESS,,,,,,,US CORN FARMING LLC,US CORN FARMING LLC,,,,USA,UNITED STATES,550 S SCOUT TRAIL,,02000,ANAHEIM,06059,ORANGE,06,CA,CALIFORNIA,92807,,CA-45,CA-40,,,,COUNTY-WIDE,USA,UNITED STATES,CA**059,,06059,ORANGE,06,CALIFORNIA,,CA-45,CA-90,,59.073: PAYCHECK PROTECTION LOAN PROGRAM (PPP),,,08,GUARANTEED/INSURED LOAN (F),TO AID SMALL BUSINESSES IN MAINTAINING WORK FORCE DURING COVID-19 PANDEMIC.,NON,NOT RECOVERY ACT,P,INDIVIDUAL,2,NON-AGGREGATE RECORD,,,,,,,,,,,https://www.usaspending.gov/award/ASST_NON_4890628205_073/,2021-01-06 03:33:53.27803+00
ASST_NON_4890708205_073,4890708205,,SAI EXEMPT,,,,,,2020-08-27,2020,0.00,,,,0.00,0.00,0.00,2020-08-07,2020,,,073,Small Business Administration,7300,Small Business Administration,737010,OFC OF CAPITAL ACCESS,073,Small Business Administration,7300,Small Business Administration,737010,OFC OF CAPITAL ACCESS,,,,,,,LATANIA ARLINE,LATANIA ARLINE,,,,USA,UNITED STATES,4575 JACKSON ST.,61,62000,RIVERSIDE,06065,RIVERSIDE,06,CA,CALIFORNIA,92503,,CA-42,CA-39,,,,COUNTY-WIDE,USA,UNITED STATES,CA**065,,06065,RIVERSIDE,06,CALIFORNIA,,CA-42,CA-90,,59.073: PAYCHECK PROTECTION LOAN PROGRAM (PPP),,,08,GUARANTEED/INSURED LOAN (F),TO AID SMALL BUSINESSES IN MAINTAINING WORK FORCE DURING COVID-19 PANDEMIC.,NON,NOT RECOVERY ACT,P,INDIVIDUAL,2,NON-AGGREGATE RECORD,,,,,,,,,,,https://www.usaspending.gov/award/ASST_NON_4890708205_073/,2021-01-06 03:33:53.27803+00
ASST_NON_4890878210_073,4890878210,,SAI EXEMPT,,,,,,2020-08-27,2020,0.00,,,,0.00,0.00,0.00,2020-08-07,2020,,,073,Small Business Administration,7300,Small Business Administration,737010,OFC OF CAPITAL ACCESS,073,Small Business Administration,7300,Small Business Administration,737010,OFC OF CAPITAL ACCESS,,,,,,,FANCY FOIL,FANCY FOIL,,,,USA,UNITED STATES,2815 OAK CREEK DRIVE,,68378,SAN RAMON,06013,CONTRA COSTA,06,CA,CALIFORNIA,94583,,CA-15,CA-10,,,,COUNTY-WIDE,USA,UNITED STATES,CA**013,,06013,CONTRA COSTA,06,CALIFORNIA,,CA-15,CA-90,,59.073: PAYCHECK PROTECTION LOAN PROGRAM (PPP),,,08,GUARANTEED/INSURED LOAN (F),TO AID SMALL BUSINESSES IN MAINTAINING WORK FORCE DURING COVID-19 PANDEMIC.,NON,NOT RECOVERY ACT,P,INDIVIDUAL,2,NON-AGGREGATE RECORD,,,,,,,,,,,https://www.usaspending.gov/award/ASST_NON_4890878210_073/,2021-01-06 03:33:53.27803+00
ASST_NON_4897778207_073,4897778207,,SAI EXEMPT,,,,,,2020-08-27,2020,0.00,,,,0.00,0.00,0.00,2020-08-07,2020,,,073,Small Business Administration,7300,Small Business Administration,737010,OFC OF CAPITAL ACCESS,073,Small Business Administration,7300,Small Business Administration,737010,OFC OF CAPITAL ACCESS,,,,,,,BUDDHIST SUPPLY AND GIFT,BUDDHIST SUPPLY AND GIFT,,,,USA,UNITED STATES,9156 LAS TUNAS DR,,78148,TEMPLE CITY,06037,LOS ANGELES,06,CA,CALIFORNIA,91780,,CA-27,CA-28,,,,COUNTY-WIDE,USA,UNITED STATES,CA**037,,06037,LOS ANGELES,06,CALIFORNIA,,CA-27,CA-90,,59.073: PAYCHECK PROTECTION LOAN PROGRAM (PPP),,,08,GUARANTEED/INSURED LOAN (F),TO AID SMALL BUSINESSES IN MAINTAINING WORK FORCE DURING COVID-19 PANDEMIC.,NON,NOT RECOVERY ACT,P,INDIVIDUAL,2,NON-AGGREGATE RECORD,,,,,,,,,,,https://www.usaspending.gov/award/ASST_NON_4897778207_073/,2021-01-06 03:33:53.27803+00
ASST_NON_4901948203_073,4901948203,,SAI EXEMPT,,,,,,2020-08-27,2020,0.00,,,,0.00,0.00,0.00,2020-08-07,2020,,,073,Small Business Administration,7300,Small Business Administration,737010,OFC OF CAPITAL ACCESS,073,Small Business Administration,7300,Small Business Administration,737010,OFC OF CAPITAL ACCESS,,,,,,,LELE PATISSERIE,LELE PATISSERIE,,,,USA,UNITED STATES,110 W MISSION STREET,,69070,SANTA BARBARA,06083,SANTA BARBARA,06,CA,CALIFORNIA,93101,,CA-24,CA-24,,,,COUNTY-WIDE,USA,UNITED STATES,CA**083,,06083,SANTA BARBARA,06,CALIFORNIA,,CA-24,CA-24,,59.073: PAYCHECK PROTECTION LOAN PROGRAM (PPP),,,08,GUARANTEED/INSURED LOAN (F),TO AID SMALL BUSINESSES IN MAINTAINING WORK FORCE DURING COVID-19 PANDEMIC.,NON,NOT RECOVERY ACT,P,INDIVIDUAL,2,NON-AGGREGATE RECORD,,,,,,,,,,,https://www.usaspending.gov/award/ASST_NON_4901948203_073/,2021-01-06 03:33:53.27803+00
ASST_NON_4902048206_073,4902048206,,SAI EXEMPT,,,,,,2020-08-27,2020,0.00,,,,0.00,0.00,0.00,2020-08-07,2020,,,073,Small Business Administration,7300,Small Business Administration,737010,OFC OF CAPITAL ACCESS,073,Small Business Administration,7300,Small Business Administration,737010,OFC OF CAPITAL ACCESS,,,,,,,MARK RUSSELL,MARK RUSSELL,,,,USA,UNITED STATES,1440 HUNTER ST,APT 201,75000,STOCKTON,06077,SAN JOAQUIN,06,CA,CALIFORNIA,95202,,CA-09,CA-09,,,,COUNTY-WIDE,USA,UNITED STATES,CA**077,,06077,SAN JOAQUIN,06,CALIFORNIA,,CA-09,CA-09,,59.073: PAYCHECK PROTECTION LOAN PROGRAM (PPP),,,08,GUARANTEED/INSURED LOAN (F),TO AID SMALL BUSINESSES IN MAINTAINING WORK FORCE DURING COVID-19 PANDEMIC.,NON,NOT RECOVERY ACT,P,INDIVIDUAL,2,NON-AGGREGATE RECORD,,,,,,,,,,,https://www.usaspending.gov/award/ASST_NON_4902048206_073/,2021-01-06 03:33:53.27803+00
ASST_NON_4902128206_073,4902128206,,SAI EXEMPT,,,,,,2020-08-27,2020,0.00,,,,0.00,0.00,0.00,2020-08-07,2020,,,073,Small Business Administration,7300,Small Business Administration,737010,OFC OF CAPITAL ACCESS,073,Small Business Administration,7300,Small Business Administration,737010,OFC OF CAPITAL ACCESS,,,,,,,DIONNE LABOSTRIE,DIONNE LABOSTRIE,,,,USA,UNITED STATES,3310 E YOUNTVILLE DRIVE UNIT 2,,53896,ONTARIO,06071,SAN BERNARDINO,06,CA,CALIFORNIA,91761,,CA-35,CA-35,,,,COUNTY-WIDE,USA,UNITED STATES,CA**071,,06071,SAN BERNARDINO,06,CALIFORNIA,,CA-35,CA-90,,59.073: PAYCHECK PROTECTION LOAN PROGRAM (PPP),,,08,GUARANTEED/INSURED LOAN (F),TO AID SMALL BUSINESSES IN MAINTAINING WORK FORCE DURING COVID-19 PANDEMIC.,NON,NOT RECOVERY ACT,P,INDIVIDUAL,2,NON-AGGREGATE RECORD,,,,,,,,,,,https://www.usaspending.gov/award/ASST_NON_4902128206_073/,2021-01-06 03:33:53.27803+00
ASST_NON_4902238204_073,4902238204,,SAI EXEMPT,,,,,,2020-08-27,2020,0.00,,,,0.00,0.00,0.00,2020-08-07,2020,,,073,Small Business Administration,7300,Small Business Administration,737010,OFC OF CAPITAL ACCESS,073,Small Business Administration,7300,Small Business Administration,737010,OFC OF CAPITAL ACCESS,,,,,,,LOGAN CRAIG,LOGAN CRAIG,,,,USA,UNITED STATES,28806 MALTBY AVE,,49270,MORENO VALLEY,06065,RIVERSIDE,06,CA,CALIFORNIA,92555,,CA-41,CA-39,,,,COUNTY-WIDE,USA,UNITED STATES,CA**065,,06065,RIVERSIDE,06,CALIFORNIA,,CA-41,CA-90,,59.073: PAYCHECK PROTECTION LOAN PROGRAM (PPP),,,08,GUARANTEED/INSURED LOAN (F),TO AID SMALL BUSINESSES IN MAINTAINING WORK FORCE DURING COVID-19 PANDEMIC.,NON,NOT RECOVERY ACT,P,INDIVIDUAL,2,NON-AGGREGATE RECORD,,,,,,,,,,,https://www.usaspending.gov/award/ASST_NON_4902238204_073/,2021-01-06 03:33:53.27803+00
ASST_NON_4902288208_073,4902288208,,SAI EXEMPT,,,,,,2020-08-27,2020,0.00,,,,0.00,0.00,0.00,2020-08-07,2020,,,073,Small Business Administration,7300,Small Business Administration,737010,OFC OF CAPITAL ACCESS,073,Small Business Administration,7300,Small Business Administration,737010,OFC OF CAPITAL ACCESS,,,,,,,"VIGILANT PRO PRIVATE SECURITY SEVICES, INC","VIGILANT PRO PRIVATE SECURITY SEVICES, INC",,,,USA,UNITED STATES,5221 FOOTHILL BLVD,,53000,OAKLAND,06001,ALAMEDA,06,CA,CALIFORNIA,94601,,CA-13,CA-12,,,,COUNTY-WIDE,USA,UNITED STATES,CA**001,,06001,ALAMEDA,06,CALIFORNIA,,CA-13,CA-90,,59.073: PAYCHECK PROTECTION LOAN PROGRAM (PPP),,,08,GUARANTEED/INSURED LOAN (F),TO AID SMALL BUSINESSES IN MAINTAINING WORK FORCE DURING COVID-19 PANDEMIC.,NON,NOT RECOVERY ACT,R,SMALL BUSINESS,2,NON-AGGREGATE RECORD,,,,,,,,,,,https://www.usaspending.gov/award/ASST_NON_4902288208_073/,2021-01-06 03:33:53.27803+00
ASST_NON_4902368208_073,4902368208,,SAI EXEMPT,,,,,,2020-08-27,2020,0.00,,,,0.00,0.00,0.00,2020-08-07,2020,,,073,Small Business Administration,7300,Small Business Administration,737010,OFC OF CAPITAL ACCESS,073,Small Business Administration,7300,Small Business Administration,737010,OFC OF CAPITAL ACCESS,,,,,,,WISE ONE ARTS COLLECTIVE LLC,WISE ONE ARTS COLLECTIVE LLC,,,,USA,UNITED STATES,2815 CALIFORNIA ST.,,06000,BERKELEY,06001,ALAMEDA,06,CA,CALIFORNIA,94703,,CA-13,CA-12,,,,COUNTY-WIDE,USA,UNITED STATES,CA**001,,06001,ALAMEDA,06,CALIFORNIA,,CA-13,CA-90,,59.073: PAYCHECK PROTECTION LOAN PROGRAM (PPP),,,08,GUARANTEED/INSURED LOAN (F),TO AID SMALL BUSINESSES IN MAINTAINING WORK FORCE DURING COVID-19 PANDEMIC.,NON,NOT RECOVERY ACT,P,INDIVIDUAL,2,NON-AGGREGATE RECORD,,,,,,,,,,,https://www.usaspending.gov/award/ASST_NON_4902368208_073/,2021-01-06 03:33:53.27803+00
ASST_NON_4902458200_073,4902458200,,SAI EXEMPT,,,,,,2020-08-27,2020,0.00,,,,0.00,0.00,0.00,2020-08-07,2020,,,073,Small Business Administration,7300,Small Business Administration,737010,OFC OF CAPITAL ACCESS,073,Small Business Administration,7300,Small Business Administration,737010,OFC OF CAPITAL ACCESS,,,,,,,DEEBEES CLOTHING CO.,DEEBEES CLOTHING CO.,,,,USA,UNITED STATES,1911 N SUMMIT AVE,,56000,PASADENA,06037,LOS ANGELES,06,CA,CALIFORNIA,91103,,CA-27,CA-90,,,,COUNTY-WIDE,USA,UNITED STATES,CA**037,,06037,LOS ANGELES,06,CALIFORNIA,,CA-27,CA-90,,59.073: PAYCHECK PROTECTION LOAN PROGRAM (PPP),,,08,GUARANTEED/INSURED LOAN (F),TO AID SMALL BUSINESSES IN MAINTAINING WORK FORCE DURING COVID-19 PANDEMIC.,NON,NOT RECOVERY ACT,P,INDIVIDUAL,2,NON-AGGREGATE RECORD,,,,,,,,,,,https://www.usaspending.gov/award/ASST_NON_4902458200_073/,2021-01-06 03:33:53.27803+00
ASST_NON_4906738209_073,4906738209,,SAI EXEMPT,,,,,,2020-08-27,2020,0.00,,,,0.00,0.00,0.00,2020-08-07,2020,,,073,Small Business Administration,7300,Small Business Administration,737010,OFC OF CAPITAL ACCESS,073,Small Business Administration,7300,Small Business Administration,737010,OFC OF CAPITAL ACCESS,,,,,,,LESLEY FLOYD,LESLEY FLOYD,,,,USA,UNITED STATES,1111 JAMES DONLON BLVD,2117,02252,ANTIOCH,06013,CONTRA COSTA,06,CA,CALIFORNIA,94509,,CA-09,CA-08,,,,COUNTY-WIDE,USA,UNITED STATES,CA**013,,06013,CONTRA COSTA,06,CALIFORNIA,,CA-09,CA-90,,59.073: PAYCHECK PROTECTION LOAN PROGRAM (PPP),,,08,GUARANTEED/INSURED LOAN (F),TO AID SMALL BUSINESSES IN MAINTAINING WORK FORCE DURING COVID-19 PANDEMIC.,NON,NOT RECOVERY ACT,P,INDIVIDUAL,2,NON-AGGREGATE RECORD,,,,,,,,,,,https://www.usaspending.gov/award/ASST_NON_4906738209_073/,2021-01-06 03:33:53.27803+00
ASST_NON_4908748205_073,4908748205,,SAI EXEMPT,,,,,,2020-08-27,2020,0.00,,,,0.00,0.00,0.00,2020-08-07,2020,,,073,Small Business Administration,7300,Small Business Administration,737010,OFC OF CAPITAL ACCESS,073,Small Business Administration,7300,Small Business Administration,737010,OFC OF CAPITAL ACCESS,,,,,,,"COULSANDERJOHNSON,CONCERN GERIATRIC CARE","COULSANDERJOHNSON,CONCERN GERIATRIC CARE",,,,USA,UNITED STATES,539 RHEA STREET,4,43000,LONG BEACH,06037,LOS ANGELES,06,CA,CALIFORNIA,90806,,CA-47,CA-90,,,,COUNTY-WIDE,USA,UNITED STATES,CA**037,,06037,LOS ANGELES,06,CALIFORNIA,,CA-47,CA-90,,59.073: PAYCHECK PROTECTION LOAN PROGRAM (PPP),,,08,GUARANTEED/INSURED LOAN (F),TO AID SMALL BUSINESSES IN MAINTAINING WORK FORCE DURING COVID-19 PANDEMIC.,NON,NOT RECOVERY ACT,P,INDIVIDUAL,2,NON-AGGREGATE RECORD,,,,,,,,,,,https://www.usaspending.gov/award/ASST_NON_4908748205_073/,2021-01-06 03:33:53.27803+00
ASST_NON_4908848200_073,4908848200,,SAI EXEMPT,,,,,,2020-08-27,2020,0.00,,,,0.00,0.00,0.00,2020-08-07,2020,,,073,Small Business Administration,7300,Small Business Administration,737010,OFC OF CAPITAL ACCESS,073,Small Business Administration,7300,Small Business Administration,737010,OFC OF CAPITAL ACCESS,,,,,,,ANDIRI LLC,ANDIRI LLC,,,,USA,UNITED STATES,1819 S OXFORD,18,44000,LOS ANGELES,06037,LOS ANGELES,06,CA,CALIFORNIA,90006,,CA-34,CA-34,,,,COUNTY-WIDE,USA,UNITED STATES,CA**037,,06037,LOS ANGELES,06,CALIFORNIA,,CA-34,CA-90,,59.073: PAYCHECK PROTECTION LOAN PROGRAM (PPP),,,08,GUARANTEED/INSURED LOAN (F),TO AID SMALL BUSINESSES IN MAINTAINING WORK FORCE DURING COVID-19 PANDEMIC.,NON,NOT RECOVERY ACT,R,SMALL BUSINESS,2,NON-AGGREGATE RECORD,,,,,,,,,,,https://www.usaspending.gov/award/ASST_NON_4908848200_073/,2021-01-06 03:33:53.27803+00
ASST_NON_4908948206_073,4908948206,,SAI EXEMPT,,,,,,2020-08-27,2020,0.00,,,,0.00,0.00,0.00,2020-08-07,2020,,,073,Small Business Administration,7300,Small Business Administration,737010,OFC OF CAPITAL ACCESS,073,Small Business Administration,7300,Small Business Administration,737010,OFC OF CAPITAL ACCESS,,,,,,,T J KRISTI CORPORATION,T J KRISTI CORPORATION,,,,USA,UNITED STATES,4431 STONERIDGE DRIVE,SUITE 100,57792,PLEASANTON,06001,ALAMEDA,06,CA,CALIFORNIA,94588,,CA-15,CA-14,,,,COUNTY-WIDE,USA,UNITED STATES,CA**001,,06001,ALAMEDA,06,CALIFORNIA,,CA-15,CA-90,,59.073: PAYCHECK PROTECTION LOAN PROGRAM (PPP),,,08,GUARANTEED/INSURED LOAN (F),TO AID SMALL BUSINESSES IN MAINTAINING WORK FORCE DURING COVID-19 PANDEMIC.,NON,NOT RECOVERY ACT,R,SMALL BUSINESS,2,NON-AGGREGATE RECORD,,,,,,,,,,,https://www.usaspending.gov/award/ASST_NON_4908948206_073/,2021-01-06 03:33:53.27803+00
ASST_NON_4909078207_073,4909078207,,SAI EXEMPT,,,,,,2020-08-27,2020,0.00,,,,0.00,0.00,0.00,2020-08-07,2020,,,073,Small Business Administration,7300,Small Business Administration,737010,OFC OF CAPITAL ACCESS,073,Small Business Administration,7300,Small Business Administration,737010,OFC OF CAPITAL ACCESS,,,,,,,LEXUS GALLEGOS,LEXUS GALLEGOS,,,,USA,UNITED STATES,4151 ARCH DR.,APT 209,75434,STUDIO CITY,06037,LOS ANGELES,06,CA,CALIFORNIA,91604,,CA-30,CA-32,,,,COUNTY-WIDE,USA,UNITED STATES,CA**037,,06037,LOS ANGELES,06,CALIFORNIA,,CA-30,CA-90,,59.073: PAYCHECK PROTECTION LOAN PROGRAM (PPP),,,08,GUARANTEED/INSURED LOAN (F),TO AID SMALL BUSINESSES IN MAINTAINING WORK FORCE DURING COVID-19 PANDEMIC.,NON,NOT RECOVERY ACT,P,INDIVIDUAL,2,NON-AGGREGATE RECORD,,,,,,,,,,,https://www.usaspending.gov/award/ASST_NON_4909078207_073/,2021-01-06 03:33:53.27803+00
ASST_NON_4909088210_073,4909088210,,SAI EXEMPT,,,,,,2020-08-27,2020,0.00,,,,0.00,0.00,0.00,2020-08-07,2020,,,073,Small Business Administration,7300,Small Business Administration,737010,OFC OF CAPITAL ACCESS,073,Small Business Administration,7300,Small Business Administration,737010,OFC OF CAPITAL ACCESS,,,,,,,ELHAM MASOUMI,ELHAM MASOUMI,,,,USA,UNITED STATES,106 BREAKERS LANE,,00947,ALISO VIEJO,06059,ORANGE,06,CA,CALIFORNIA,92656,,CA-48,CA-40,,,,COUNTY-WIDE,USA,UNITED STATES,CA**059,,06059,ORANGE,06,CALIFORNIA,,CA-48,CA-90,,59.073: PAYCHECK PROTECTION LOAN PROGRAM (PPP),,,08,GUARANTEED/INSURED LOAN (F),TO AID SMALL BUSINESSES IN MAINTAINING WORK FORCE DURING COVID-19 PANDEMIC.,NON,NOT RECOVERY ACT,P,INDIVIDUAL,2,NON-AGGREGATE RECORD,,,,,,,,,,,https://www.usaspending.gov/award/ASST_NON_4909088210_073/,2021-01-06 03:33:53.27803+00
ASST_NON_4909098202_073,4909098202,,SAI EXEMPT,,,,,,2020-08-27,2020,0.00,,,,0.00,0.00,0.00,2020-08-07,2020,,,073,Small Business Administration,7300,Small Business Administration,737010,OFC OF CAPITAL ACCESS,073,Small Business Administration,7300,Small Business Administration,737010,OFC OF CAPITAL ACCESS,,,,,,,JUAN VAZQUEZ SANTILLAN,JUAN VAZQUEZ SANTILLAN,,,,USA,UNITED STATES,34686 AVENUE 15,,45022,MADERA,06039,MADERA,06,CA,CALIFORNIA,93636,,CA-16,CA-90,,,,COUNTY-WIDE,USA,UNITED STATES,CA**039,,06039,MADERA,06,CALIFORNIA,,CA-16,CA-90,,59.073: PAYCHECK PROTECTION LOAN PROGRAM (PPP),,,08,GUARANTEED/INSURED LOAN (F),TO AID SMALL BUSINESSES IN MAINTAINING WORK FORCE DURING COVID-19 PANDEMIC.,NON,NOT RECOVERY ACT,P,INDIVIDUAL,2,NON-AGGREGATE RECORD,,,,,,,,,,,https://www.usaspending.gov/award/ASST_NON_4909098202_073/,2021-01-06 03:33:53.27803+00
ASST_NON_4909218201_073,4909218201,,SAI EXEMPT,,,,,,2020-08-27,2020,0.00,,,,0.00,0.00,0.00,2020-08-07,2020,,,073,Small Business Administration,7300,Small Business Administration,737010,OFC OF CAPITAL ACCESS,073,Small Business Administration,7300,Small Business Administration,737010,OFC OF CAPITAL ACCESS,,,,,,,DONOVAN PLUNKETT,DONOVAN PLUNKETT,,,,USA,UNITED STATES,1912 SOUTH DUNSMUIR AVE,,44000,LOS ANGELES,06037,LOS ANGELES,06,CA,CALIFORNIA,90016,,CA-37,CA-37,,,,COUNTY-WIDE,USA,UNITED STATES,CA**037,,06037,LOS ANGELES,06,CALIFORNIA,,CA-37,CA-90,,59.073: PAYCHECK PROTECTION LOAN PROGRAM (PPP),,,08,GUARANTEED/INSURED LOAN (F),TO AID SMALL BUSINESSES IN MAINTAINING WORK FORCE DURING COVID-19 PANDEMIC.,NON,NOT RECOVERY ACT,P,INDIVIDUAL,2,NON-AGGREGATE RECORD,,,,,,,,,,,https://www.usaspending.gov/award/ASST_NON_4909218201_073/,2021-01-06 03:33:53.27803+00
ASST_NON_4938168209_073,4938168209,,SAI EXEMPT,,,,,,2020-08-27,2020,0.00,,,,0.00,0.00,0.00,2020-08-07,2020,,,073,Small Business Administration,7300,Small Business Administration,737010,OFC OF CAPITAL ACCESS,073,Small Business Administration,7300,Small Business Administration,737010,OFC OF CAPITAL ACCESS,,,,,,,HEBA KOUDER,HEBA KOUDER,,,,USA,UNITED STATES,1494 ORO VISTA RD,78,66000,SAN DIEGO,06073,SAN DIEGO,06,CA,CALIFORNIA,92154,,CA-51,CA-52,,,,COUNTY-WIDE,USA,UNITED STATES,CA**073,,06073,SAN DIEGO,06,CALIFORNIA,,CA-51,CA-90,,59.073: PAYCHECK PROTECTION LOAN PROGRAM (PPP),,,08,GUARANTEED/INSURED LOAN (F),TO AID SMALL BUSINESSES IN MAINTAINING WORK FORCE DURING COVID-19 PANDEMIC.,NON,NOT RECOVERY ACT,P,INDIVIDUAL,2,NON-AGGREGATE RECORD,,,,,,,,,,,https://www.usaspending.gov/award/ASST_NON_4938168209_073/,2021-01-06 03:33:53.27803+00
ASST_NON_4969598201_073,4969598201,,SAI EXEMPT,,,,,,2020-08-27,2020,0.00,,,,0.00,0.00,0.00,2020-08-07,2020,,,073,Small Business Administration,7300,Small Business Administration,737010,OFC OF CAPITAL ACCESS,073,Small Business Administration,7300,Small Business Administration,737010,OFC OF CAPITAL ACCESS,,,,,,,PHEAKADEI DY,PHEAKADEI DY,,,,USA,UNITED STATES,1225 E 60TH STREET,,43000,LONG BEACH,06037,LOS ANGELES,06,CA,CALIFORNIA,90805,,CA-44,CA-44,,,,COUNTY-WIDE,USA,UNITED STATES,CA**037,,06037,LOS ANGELES,06,CALIFORNIA,,CA-44,CA-90,,59.073: PAYCHECK PROTECTION LOAN PROGRAM (PPP),,,08,GUARANTEED/INSURED LOAN (F),TO AID SMALL BUSINESSES IN MAINTAINING WORK FORCE DURING COVID-19 PANDEMIC.,NON,NOT RECOVERY ACT,P,INDIVIDUAL,2,NON-AGGREGATE RECORD,,,,,,,,,,,https://www.usaspending.gov/award/ASST_NON_4969598201_073/,2021-01-06 03:33:53.27803+00
ASST_NON_4981278202_073,4981278202,,SAI EXEMPT,,,,,,2020-08-27,2020,0.00,,,,0.00,0.00,0.00,2020-08-07,2020,,,073,Small Business Administration,7300,Small Business Administration,737010,OFC OF CAPITAL ACCESS,073,Small Business Administration,7300,Small Business Administration,737010,OFC OF CAPITAL ACCESS,,,,,,,ROZAY DESIGNS,ROZAY DESIGNS,,,,USA,UNITED STATES,4022 MONTCLAIRE STREET,,44000,LOS ANGELES,06037,LOS ANGELES,06,CA,CALIFORNIA,90018,,CA-37,CA-37,,,,COUNTY-WIDE,USA,UNITED STATES,CA**037,,06037,LOS ANGELES,06,CALIFORNIA,,CA-37,CA-90,,59.073: PAYCHECK PROTECTION LOAN PROGRAM (PPP),,,08,GUARANTEED/INSURED LOAN (F),TO AID SMALL BUSINESSES IN MAINTAINING WORK FORCE DURING COVID-19 PANDEMIC.,NON,NOT RECOVERY ACT,P,INDIVIDUAL,2,NON-AGGREGATE RECORD,,,,,,,,,,,https://www.usaspending.gov/award/ASST_NON_4981278202_073/,2021-01-06 03:33:53.27803+00
ASST_NON_4989138200_073,4989138200,,SAI EXEMPT,O: Non-emergency P.L. 116-136|Non-emergency P.L. 116-139|Non-emergency P.L. 116-260|Non-emergency P.L. 117-2,21157.76,21157.76,,,2020-08-27,2020,0.00,21157.76,,,0.00,20800.00,21157.76,2020-08-07,2020,,,073,Small Business Administration,7300,Small Business Administration,737010,OFC OF CAPITAL ACCESS,073,Small Business Administration,7300,Small Business Administration,737010,OFC OF CAPITAL ACCESS,073-2020/2021-1154-000,073-1154,"41.0: Grants, subsidies, and contributions",0702: LOAN GUARANTEE SUBSIDY,,,HEXAGON LLC,HEXAGON LLC,,,,USA,UNITED STATES,416 S HILLVIEW DRIVE,,47766,MILPITAS,06085,SANTA CLARA,06,CA,CALIFORNIA,95035,,CA-17,CA-17,,,,COUNTY-WIDE,USA,UNITED STATES,CA**085,,06085,SANTA CLARA,06,CALIFORNIA,,CA-17,CA-90,,59.073: PAYCHECK PROTECTION LOAN PROGRAM (PPP),,,08,GUARANTEED/INSURED LOAN (F),TO AID SMALL BUSINESSES IN MAINTAINING WORK FORCE DURING COVID-19 PANDEMIC.,NON,NOT RECOVERY ACT,R,SMALL BUSINESS,2,NON-AGGREGATE RECORD,,,,,,,,,,,https://www.usaspending.gov/award/ASST_NON_4989138200_073/,2021-01-06 03:33:53.27803+00
ASST_NON_5019698208_073,5019698208,,SAI EXEMPT,,,,,,2020-08-27,2020,0.00,,,,0.00,0.00,0.00,2020-08-07,2020,,,073,Small Business Administration,7300,Small Business Administration,737010,OFC OF CAPITAL ACCESS,073,Small Business Administration,7300,Small Business Administration,737010,OFC OF CAPITAL ACCESS,,,,,,,OPEN THINKING SPACE,OPEN THINKING SPACE,,,,USA,UNITED STATES,147 OLD AVE,,57792,PLEASANTON,06001,ALAMEDA,06,CA,CALIFORNIA,94566,,CA-15,CA-14,,,,COUNTY-WIDE,USA,UNITED STATES,CA**001,,06001,ALAMEDA,06,CALIFORNIA,,CA-15,CA-90,,59.073: PAYCHECK PROTECTION LOAN PROGRAM (PPP),,,08,GUARANTEED/INSURED LOAN (F),TO AID SMALL BUSINESSES IN MAINTAINING WORK FORCE DURING COVID-19 PANDEMIC.,NON,NOT RECOVERY ACT,R,SMALL BUSINESS,2,NON-AGGREGATE RECORD,,,,,,,,,,,https://www.usaspending.gov/award/ASST_NON_5019698208_073/,2021-01-06 03:33:53.27803+00
ASST_NON_5024078204_073,5024078204,,SAI EXEMPT,,,,,,2020-08-27,2020,0.00,,,,0.00,0.00,0.00,2020-08-07,2020,,,073,Small Business Administration,7300,Small Business Administration,737010,OFC OF CAPITAL ACCESS,073,Small Business Administration,7300,Small Business Administration,737010,OFC OF CAPITAL ACCESS,,,,,,,SHIRA LEVINE,SHIRA LEVINE,,,,USA,UNITED STATES,5318 BEEMAN AVE,,,VALLEY VILLAGE,06037,LOS ANGELES,06,CA,CALIFORNIA,91607,,CA-30,CA-29,,,,COUNTY-WIDE,USA,UNITED STATES,CA**037,,06037,LOS ANGELES,06,CALIFORNIA,,CA-30,CA-90,,59.073: PAYCHECK PROTECTION LOAN PROGRAM (PPP),,,08,GUARANTEED/INSURED LOAN (F),TO AID SMALL BUSINESSES IN MAINTAINING WORK FORCE DURING COVID-19 PANDEMIC.,NON,NOT RECOVERY ACT,P,INDIVIDUAL,2,NON-AGGREGATE RECORD,,,,,,,,,,,https://www.usaspending.gov/award/ASST_NON_5024078204_073/,2021-01-06 03:33:53.27803+00
ASST_NON_5025528210_073,5025528210,,SAI EXEMPT,,,,,,2020-08-27,2020,0.00,,,,0.00,0.00,0.00,2020-08-07,2020,,,073,Small Business Administration,7300,Small Business Administration,737010,OFC OF CAPITAL ACCESS,073,Small Business Administration,7300,Small Business Administration,737010,OFC OF CAPITAL ACCESS,,,,,,,IN-FLO_DESIGNS,IN-FLO_DESIGNS,,,,USA,UNITED STATES,1675 WALSH AVE.,,69084,SANTA CLARA,06085,SANTA CLARA,06,CA,CALIFORNIA,95050,,CA-17,CA-17,,,,COUNTY-WIDE,USA,UNITED STATES,CA**085,,06085,SANTA CLARA,06,CALIFORNIA,,CA-17,CA-90,,59.073: PAYCHECK PROTECTION LOAN PROGRAM (PPP),,,08,GUARANTEED/INSURED LOAN (F),TO AID SMALL BUSINESSES IN MAINTAINING WORK FORCE DURING COVID-19 PANDEMIC.,NON,NOT RECOVERY ACT,R,SMALL BUSINESS,2,NON-AGGREGATE RECORD,,,,,,,,,,,https://www.usaspending.gov/award/ASST_NON_5025528210_073/,2021-01-06 03:33:53.27803+00
ASST_NON_5038718207_073,5038718207,,SAI EXEMPT,,,,,,2020-08-27,2020,0.00,,,,0.00,0.00,0.00,2020-08-07,2020,,,073,Small Business Administration,7300,Small Business Administration,737010,OFC OF CAPITAL ACCESS,073,Small Business Administration,7300,Small Business Administration,737010,OFC OF CAPITAL ACCESS,,,,,,,BARBARA HENDRICKSON,BARBARA HENDRICKSON,,,,USA,UNITED STATES,4096 PIEDMONT AVENUE BOX 353,,53000,OAKLAND,06001,ALAMEDA,06,CA,CALIFORNIA,94611,,CA-13,CA-12,,,,COUNTY-WIDE,USA,UNITED STATES,CA**001,,06001,ALAMEDA,06,CALIFORNIA,,CA-13,CA-90,,59.073: PAYCHECK PROTECTION LOAN PROGRAM (PPP),,,08,GUARANTEED/INSURED LOAN (F),TO AID SMALL BUSINESSES IN MAINTAINING WORK FORCE DURING COVID-19 PANDEMIC.,NON,NOT RECOVERY ACT,P,INDIVIDUAL,2,NON-AGGREGATE RECORD,,,,,,,,,,,https://www.usaspending.gov/award/ASST_NON_5038718207_073/,2021-01-06 03:33:53.27803+00
ASST_NON_5039438208_073,5039438208,,SAI EXEMPT,,,,,,2020-08-27,2020,0.00,,,,0.00,0.00,0.00,2020-08-07,2020,,,073,Small Business Administration,7300,Small Business Administration,737010,OFC OF CAPITAL ACCESS,073,Small Business Administration,7300,Small Business Administration,737010,OFC OF CAPITAL ACCESS,,,,,,,LASHED UP BY ZAKY,LASHED UP BY ZAKY,,,,USA,UNITED STATES,1423 PERALTA ST,,53000,OAKLAND,06001,ALAMEDA,06,CA,CALIFORNIA,94607,,CA-13,CA-12,,,,COUNTY-WIDE,USA,UNITED STATES,CA**001,,06001,ALAMEDA,06,CALIFORNIA,,CA-13,CA-90,,59.073: PAYCHECK PROTECTION LOAN PROGRAM (PPP),,,08,GUARANTEED/INSURED LOAN (F),TO AID SMALL BUSINESSES IN MAINTAINING WORK FORCE DURING COVID-19 PANDEMIC.,NON,NOT RECOVERY ACT,P,INDIVIDUAL,2,NON-AGGREGATE RECORD,,,,,,,,,,,https://www.usaspending.gov/award/ASST_NON_5039438208_073/,2021-01-06 03:33:53.27803+00
ASST_NON_5039738204_073,5039738204,,SAI EXEMPT,,,,,,2020-08-27,2020,0.00,,,,0.00,0.00,0.00,2020-08-07,2020,,,073,Small Business Administration,7300,Small Business Administration,737010,OFC OF CAPITAL ACCESS,073,Small Business Administration,7300,Small Business Administration,737010,OFC OF CAPITAL ACCESS,,,,,,,JEWEL CITY GROUP LLC,JEWEL CITY GROUP LLC,,,,USA,UNITED STATES,1124 E. CHESTNUT ST.,UNIT 31,29728,GLENDALE,06037,LOS ANGELES,06,CA,CALIFORNIA,91205,,CA-28,CA-30,,,,COUNTY-WIDE,USA,UNITED STATES,CA**037,,06037,LOS ANGELES,06,CALIFORNIA,,CA-28,CA-90,,59.073: PAYCHECK PROTECTION LOAN PROGRAM (PPP),,,08,GUARANTEED/INSURED LOAN (F),TO AID SMALL BUSINESSES IN MAINTAINING WORK FORCE DURING COVID-19 PANDEMIC.,NON,NOT RECOVERY ACT,R,SMALL BUSINESS,2,NON-AGGREGATE RECORD,,,,,,,,,,,https://www.usaspending.gov/award/ASST_NON_5039738204_073/,2021-01-06 03:33:53.27803+00
ASST_NON_5040338210_073,5040338210,,SAI EXEMPT,,,,,,2020-08-27,2020,0.00,,,,0.00,0.00,0.00,2020-08-07,2020,,,073,Small Business Administration,7300,Small Business Administration,737010,OFC OF CAPITAL ACCESS,073,Small Business Administration,7300,Small Business Administration,737010,OFC OF CAPITAL ACCESS,,,,,,,BLIN NAILS & SPA INC,BLIN NAILS & SPA INC,,,,USA,UNITED STATES,5127 N SUNFLOWER AVE,,16742,COVINA,06037,LOS ANGELES,06,CA,CALIFORNIA,91724,,CA-32,CA-31,,,,COUNTY-WIDE,USA,UNITED STATES,CA**037,,06037,LOS ANGELES,06,CALIFORNIA,,CA-32,CA-90,,59.073: PAYCHECK PROTECTION LOAN PROGRAM (PPP),,,08,GUARANTEED/INSURED LOAN (F),TO AID SMALL BUSINESSES IN MAINTAINING WORK FORCE DURING COVID-19 PANDEMIC.,NON,NOT RECOVERY ACT,R,SMALL BUSINESS,2,NON-AGGREGATE RECORD,,,,,,,,,,,https://www.usaspending.gov/award/ASST_NON_5040338210_073/,2021-01-06 03:33:53.27803+00
ASST_NON_5040948205_073,5040948205,,SAI EXEMPT,,,,,,2020-08-27,2020,0.00,,,,0.00,0.00,0.00,2020-08-07,2020,,,073,Small Business Administration,7300,Small Business Administration,737010,OFC OF CAPITAL ACCESS,073,Small Business Administration,7300,Small Business Administration,737010,OFC OF CAPITAL ACCESS,,,,,,,ALE KALTENIS,ALE KALTENIS,,,,USA,UNITED STATES,20220 LYNTON CT,CUPERTINO,17610,CUPERTINO,06085,SANTA CLARA,06,CA,CALIFORNIA,95014,,CA-18,CA-17,,,,COUNTY-WIDE,USA,UNITED STATES,CA**085,,06085,SANTA CLARA,06,CALIFORNIA,,CA-18,CA-90,,59.073: PAYCHECK PROTECTION LOAN PROGRAM (PPP),,,08,GUARANTEED/INSURED LOAN (F),TO AID SMALL BUSINESSES IN MAINTAINING WORK FORCE DURING COVID-19 PANDEMIC.,NON,NOT RECOVERY ACT,P,INDIVIDUAL,2,NON-AGGREGATE RECORD,,,,,,,,,,,https://www.usaspending.gov/award/ASST_NON_5040948205_073/,2021-01-06 03:33:53.27803+00
ASST_NON_5041118205_073,5041118205,,SAI EXEMPT,,,,,,2020-08-27,2020,0.00,,,,0.00,0.00,0.00,2020-08-07,2020,,,073,Small Business Administration,7300,Small Business Administration,737010,OFC OF CAPITAL ACCESS,073,Small Business Administration,7300,Small Business Administration,737010,OFC OF CAPITAL ACCESS,,,,,,,THAM B NGUYEN,THAM B NGUYEN,,,,USA,UNITED STATES,8561 WHITLEY AVE,,84550,WESTMINSTER,06059,ORANGE,06,CA,CALIFORNIA,92683,,CA-47,CA-45,,,,COUNTY-WIDE,USA,UNITED STATES,CA**059,,06059,ORANGE,06,CALIFORNIA,,CA-47,CA-90,,59.073: PAYCHECK PROTECTION LOAN PROGRAM (PPP),,,08,GUARANTEED/INSURED LOAN (F),TO AID SMALL BUSINESSES IN MAINTAINING WORK FORCE DURING COVID-19 PANDEMIC.,NON,NOT RECOVERY ACT,P,INDIVIDUAL,2,NON-AGGREGATE RECORD,,,,,,,,,,,https://www.usaspending.gov/award/ASST_NON_5041118205_073/,2021-01-06 03:33:53.27803+00
ASST_NON_5041428204_073,5041428204,,SAI EXEMPT,,,,,,2020-08-27,2020,0.00,,,,0.00,0.00,0.00,2020-08-07,2020,,,073,Small Business Administration,7300,Small Business Administration,737010,OFC OF CAPITAL ACCESS,073,Small Business Administration,7300,Small Business Administration,737010,OFC OF CAPITAL ACCESS,,,,,,,MICHAEL EARL,MICHAEL EARL,,,,USA,UNITED STATES,740 F ST,,81344,UPLAND,06071,SAN BERNARDINO,06,CA,CALIFORNIA,91786,,CA-31,CA-35,,,,COUNTY-WIDE,USA,UNITED STATES,CA**071,,06071,SAN BERNARDINO,06,CALIFORNIA,,CA-31,CA-90,,59.073: PAYCHECK PROTECTION LOAN PROGRAM (PPP),,,08,GUARANTEED/INSURED LOAN (F),TO AID SMALL BUSINESSES IN MAINTAINING WORK FORCE DURING COVID-19 PANDEMIC.,NON,NOT RECOVERY ACT,P,INDIVIDUAL,2,NON-AGGREGATE RECORD,,,,,,,,,,,https://www.usaspending.gov/award/ASST_NON_5041428204_073/,2021-01-06 03:33:53.27803+00
ASST_NON_5041498203_073,5041498203,,SAI EXEMPT,,,,,,2020-08-27,2020,0.00,,,,0.00,0.00,0.00,2020-08-07,2020,,,073,Small Business Administration,7300,Small Business Administration,737010,OFC OF CAPITAL ACCESS,073,Small Business Administration,7300,Small Business Administration,737010,OFC OF CAPITAL ACCESS,,,,,,,YEON CHOOL FASHION,YEON CHOOL FASHION,,,,USA,UNITED STATES,870 S. WESTERN AVE.,UNIT 37,44000,LOS ANGELES,06037,LOS ANGELES,06,CA,CALIFORNIA,90005,,CA-34,CA-34,,,,COUNTY-WIDE,USA,UNITED STATES,CA**037,,06037,LOS ANGELES,06,CALIFORNIA,,CA-34,CA-90,,59.073: PAYCHECK PROTECTION LOAN PROGRAM (PPP),,,08,GUARANTEED/INSURED LOAN (F),TO AID SMALL BUSINESSES IN MAINTAINING WORK FORCE DURING COVID-19 PANDEMIC.,NON,NOT RECOVERY ACT,P,INDIVIDUAL,2,NON-AGGREGATE RECORD,,,,,,,,,,,https://www.usaspending.gov/award/ASST_NON_5041498203_073/,2021-01-06 03:33:53.27803+00
ASST_NON_5041878210_073,5041878210,,SAI EXEMPT,,,,,,2020-08-27,2020,0.00,,,,0.00,0.00,0.00,2020-08-07,2020,,,073,Small Business Administration,7300,Small Business Administration,737010,OFC OF CAPITAL ACCESS,073,Small Business Administration,7300,Small Business Administration,737010,OFC OF CAPITAL ACCESS,,,,,,,LAURA LUQUIN,LAURA LUQUIN,,,,USA,UNITED STATES,17990 PESANTE RD,,64224,SALINAS,06053,MONTEREY,06,CA,CALIFORNIA,93907,,CA-20,CA-90,,,,COUNTY-WIDE,USA,UNITED STATES,CA**053,,06053,MONTEREY,06,CALIFORNIA,,CA-20,CA-90,,59.073: PAYCHECK PROTECTION LOAN PROGRAM (PPP),,,08,GUARANTEED/INSURED LOAN (F),TO AID SMALL BUSINESSES IN MAINTAINING WORK FORCE DURING COVID-19 PANDEMIC.,NON,NOT RECOVERY ACT,P,INDIVIDUAL,2,NON-AGGREGATE RECORD,,,,,,,,,,,https://www.usaspending.gov/award/ASST_NON_5041878210_073/,2021-01-06 03:33:53.27803+00
ASST_NON_5042838200_073,5042838200,,SAI EXEMPT,,,,,,2020-08-27,2020,0.00,,,,0.00,0.00,0.00,2020-08-07,2020,,,073,Small Business Administration,7300,Small Business Administration,737010,OFC OF CAPITAL ACCESS,073,Small Business Administration,7300,Small Business Administration,737010,OFC OF CAPITAL ACCESS,,,,,,,JEFFREY CAMPBELL LLC,JEFFREY CAMPBELL LLC,,,,USA,UNITED STATES,3327 LA CIENEGA PLACE,,44000,LOS ANGELES,06037,LOS ANGELES,06,CA,CALIFORNIA,90016,,CA-37,CA-37,,,,COUNTY-WIDE,USA,UNITED STATES,CA**037,,06037,LOS ANGELES,06,CALIFORNIA,,CA-37,CA-90,,59.073: PAYCHECK PROTECTION LOAN PROGRAM (PPP),,,08,GUARANTEED/INSURED LOAN (F),TO AID SMALL BUSINESSES IN MAINTAINING WORK FORCE DURING COVID-19 PANDEMIC.,NON,NOT RECOVERY ACT,R,SMALL BUSINESS,2,NON-AGGREGATE RECORD,,,,,,,,,,,https://www.usaspending.gov/award/ASST_NON_5042838200_073/,2021-01-06 03:33:53.27803+00
ASST_NON_5044468200_073,5044468200,,SAI EXEMPT,,,,,,2020-08-27,2020,0.00,,,,0.00,0.00,0.00,2020-08-07,2020,,,073,Small Business Administration,7300,Small Business Administration,737010,OFC OF CAPITAL ACCESS,073,Small Business Administration,7300,Small Business Administration,737010,OFC OF CAPITAL ACCESS,,,,,,,BUTLERS NAIL BOUTIQUE,BUTLERS NAIL BOUTIQUE,,,,USA,UNITED STATES,500 N WILLOWBROOK AVE P4,,15044,COMPTON,06037,LOS ANGELES,06,CA,CALIFORNIA,90220,,CA-44,CA-43,,,,COUNTY-WIDE,USA,UNITED STATES,CA**037,,06037,LOS ANGELES,06,CALIFORNIA,,CA-44,CA-90,,59.073: PAYCHECK PROTECTION LOAN PROGRAM (PPP),,,08,GUARANTEED/INSURED LOAN (F),TO AID SMALL BUSINESSES IN MAINTAINING WORK FORCE DURING COVID-19 PANDEMIC.,NON,NOT RECOVERY ACT,P,INDIVIDUAL,2,NON-AGGREGATE RECORD,,,,,,,,,,,https://www.usaspending.gov/award/ASST_NON_5044468200_073/,2021-01-06 03:33:53.27803+00
ASST_NON_5046048207_073,5046048207,,SAI EXEMPT,,,,,,2020-08-27,2020,0.00,,,,0.00,0.00,0.00,2020-08-07,2020,,,073,Small Business Administration,7300,Small Business Administration,737010,OFC OF CAPITAL ACCESS,073,Small Business Administration,7300,Small Business Administration,737010,OFC OF CAPITAL ACCESS,,,,,,,"108 ALBION STREET, LLC","108 ALBION STREET, LLC",,,,USA,UNITED STATES,1149 CHERRY STREET,,65070,SAN CARLOS,06081,SAN MATEO,06,CA,CALIFORNIA,94070,,CA-14,CA-15,,,,COUNTY-WIDE,USA,UNITED STATES,CA**081,,06081,SAN MATEO,06,CALIFORNIA,,CA-14,CA-90,,59.073: PAYCHECK PROTECTION LOAN PROGRAM (PPP),,,08,GUARANTEED/INSURED LOAN (F),TO AID SMALL BUSINESSES IN MAINTAINING WORK FORCE DURING COVID-19 PANDEMIC.,NON,NOT RECOVERY ACT,P,INDIVIDUAL,2,NON-AGGREGATE RECORD,,,,,,,,,,,https://www.usaspending.gov/award/ASST_NON_5046048207_073/,2021-01-06 03:33:53.27803+00
ASST_NON_5046658202_073,5046658202,,SAI EXEMPT,,,,,,2020-08-27,2020,0.00,,,,0.00,0.00,0.00,2020-08-07,2020,,,073,Small Business Administration,7300,Small Business Administration,737010,OFC OF CAPITAL ACCESS,073,Small Business Administration,7300,Small Business Administration,737010,OFC OF CAPITAL ACCESS,,,,,,,PATRIOT HOUSE,PATRIOT HOUSE,,,,USA,UNITED STATES,3485 E PINE AVE,,27000,FRESNO,06019,FRESNO,06,CA,CALIFORNIA,93703,,CA-16,CA-21,,,,COUNTY-WIDE,USA,UNITED STATES,CA**019,,06019,FRESNO,06,CALIFORNIA,,CA-16,CA-90,,59.073: PAYCHECK PROTECTION LOAN PROGRAM (PPP),,,08,GUARANTEED/INSURED LOAN (F),TO AID SMALL BUSINESSES IN MAINTAINING WORK FORCE DURING COVID-19 PANDEMIC.,NON,NOT RECOVERY ACT,R,SMALL BUSINESS,2,NON-AGGREGATE RECORD,,,,,,,,,,,https://www.usaspending.gov/award/ASST_NON_5046658202_073/,2021-01-06 03:33:53.27803+00
ASST_NON_5047018200_073,5047018200,,SAI EXEMPT,,,,,,2020-08-27,2020,0.00,,,,0.00,0.00,0.00,2020-08-07,2020,,,073,Small Business Administration,7300,Small Business Administration,737010,OFC OF CAPITAL ACCESS,073,Small Business Administration,7300,Small Business Administration,737010,OFC OF CAPITAL ACCESS,,,,,,,NOAH STOKES,NOAH STOKES,,,,USA,UNITED STATES,3834 W 116TH ST,,32548,HAWTHORNE,06037,LOS ANGELES,06,CA,CALIFORNIA,90250,,CA-43,CA-43,,,,COUNTY-WIDE,USA,UNITED STATES,CA**037,,06037,LOS ANGELES,06,CALIFORNIA,,CA-43,CA-90,,59.073: PAYCHECK PROTECTION LOAN PROGRAM (PPP),,,08,GUARANTEED/INSURED LOAN (F),TO AID SMALL BUSINESSES IN MAINTAINING WORK FORCE DURING COVID-19 PANDEMIC.,NON,NOT RECOVERY ACT,P,INDIVIDUAL,2,NON-AGGREGATE RECORD,,,,,,,,,,,https://www.usaspending.gov/award/ASST_NON_5047018200_073/,2021-01-06 03:33:53.27803+00
ASST_NON_5047088210_073,5047088210,,SAI EXEMPT,,,,,,2020-08-27,2020,0.00,,,,0.00,0.00,0.00,2020-08-07,2020,,,073,Small Business Administration,7300,Small Business Administration,737010,OFC OF CAPITAL ACCESS,073,Small Business Administration,7300,Small Business Administration,737010,OFC OF CAPITAL ACCESS,,,,,,,THORNHILL SALON,THORNHILL SALON,,,,USA,UNITED STATES,5736 THORNHILL DR STE 102,,53000,OAKLAND,06001,ALAMEDA,06,CA,CALIFORNIA,94611,,CA-13,CA-12,,,,COUNTY-WIDE,USA,UNITED STATES,CA**001,,06001,ALAMEDA,06,CALIFORNIA,,CA-13,CA-90,,59.073: PAYCHECK PROTECTION LOAN PROGRAM (PPP),,,08,GUARANTEED/INSURED LOAN (F),TO AID SMALL BUSINESSES IN MAINTAINING WORK FORCE DURING COVID-19 PANDEMIC.,NON,NOT RECOVERY ACT,P,INDIVIDUAL,2,NON-AGGREGATE RECORD,,,,,,,,,,,https://www.usaspending.gov/award/ASST_NON_5047088210_073/,2021-01-06 03:33:53.27803+00
ASST_NON_5056498206_073,5056498206,,SAI EXEMPT,,,,,,2020-08-27,2020,0.00,,,,0.00,0.00,0.00,2020-08-07,2020,,,073,Small Business Administration,7300,Small Business Administration,737010,OFC OF CAPITAL ACCESS,073,Small Business Administration,7300,Small Business Administration,737010,OFC OF CAPITAL ACCESS,,,,,,,SEASIDE BLUE RIBBON,SEASIDE BLUE RIBBON,,,,USA,UNITED STATES,"4053 IDAHO STREET, APT.5",,66000,SAN DIEGO,06073,SAN DIEGO,06,CA,CALIFORNIA,92104,,CA-53,CA-50,,,,COUNTY-WIDE,USA,UNITED STATES,CA**073,,06073,SAN DIEGO,06,CALIFORNIA,,CA-53,CA-90,,59.073: PAYCHECK PROTECTION LOAN PROGRAM (PPP),,,08,GUARANTEED/INSURED LOAN (F),TO AID SMALL BUSINESSES IN MAINTAINING WORK FORCE DURING COVID-19 PANDEMIC.,NON,NOT RECOVERY ACT,P,INDIVIDUAL,2,NON-AGGREGATE RECORD,,,,,,,,,,,https://www.usaspending.gov/award/ASST_NON_5056498206_073/,2021-01-06 03:33:53.27803+00
ASST_NON_5065798204_073,5065798204,,SAI EXEMPT,,,,,,2020-08-27,2020,0.00,,,,0.00,0.00,0.00,2020-08-07,2020,,,073,Small Business Administration,7300,Small Business Administration,737010,OFC OF CAPITAL ACCESS,073,Small Business Administration,7300,Small Business Administration,737010,OFC OF CAPITAL ACCESS,,,,,,,PV QUALITY CONSTRUCTION,PV QUALITY CONSTRUCTION,,,,USA,UNITED STATES,3904 RENICK WAY,,51924,NORTH HIGHLANDS,06067,SACRAMENTO,06,CA,CALIFORNIA,95660,,CA-06,CA-06,,,,COUNTY-WIDE,USA,UNITED STATES,CA**067,,06067,SACRAMENTO,06,CALIFORNIA,,CA-06,CA-90,,59.073: PAYCHECK PROTECTION LOAN PROGRAM (PPP),,,08,GUARANTEED/INSURED LOAN (F),TO AID SMALL BUSINESSES IN MAINTAINING WORK FORCE DURING COVID-19 PANDEMIC.,NON,NOT RECOVERY ACT,R,SMALL BUSINESS,2,NON-AGGREGATE RECORD,,,,,,,,,,,https://www.usaspending.gov/award/ASST_NON_5065798204_073/,2021-01-06 03:33:53.27803+00
ASST_NON_5102338206_073,5102338206,,SAI EXEMPT,,,,,,2020-08-27,2020,0.00,,,,0.00,0.00,0.00,2020-08-07,2020,,,073,Small Business Administration,7300,Small Business Administration,737010,OFC OF CAPITAL ACCESS,073,Small Business Administration,7300,Small Business Administration,737010,OFC OF CAPITAL ACCESS,,,,,,,CARLOS REYNOSO,CARLOS REYNOSO,,,,USA,UNITED STATES,21606 PARKVIEW CT,,83332,WALNUT,06037,LOS ANGELES,06,CA,CALIFORNIA,91789,,CA-39,CA-38,,,,COUNTY-WIDE,USA,UNITED STATES,CA**037,,06037,LOS ANGELES,06,CALIFORNIA,,CA-39,CA-90,,59.073: PAYCHECK PROTECTION LOAN PROGRAM (PPP),,,08,GUARANTEED/INSURED LOAN (F),TO AID SMALL BUSINESSES IN MAINTAINING WORK FORCE DURING COVID-19 PANDEMIC.,NON,NOT RECOVERY ACT,P,INDIVIDUAL,2,NON-AGGREGATE RECORD,,,,,,,,,,,https://www.usaspending.gov/award/ASST_NON_5102338206_073/,2021-01-06 03:33:53.27803+00
ASST_NON_5109838206_073,5109838206,,SAI EXEMPT,,,,,,2020-08-27,2020,0.00,,,,0.00,0.00,0.00,2020-08-07,2020,,,073,Small Business Administration,7300,Small Business Administration,737010,OFC OF CAPITAL ACCESS,073,Small Business Administration,7300,Small Business Administration,737010,OFC OF CAPITAL ACCESS,,,,,,,IRENE SWEETLAND,IRENE SWEETLAND,,,,USA,UNITED STATES,24977 WASHINGTON AVE,,50076,MURRIETA,06065,RIVERSIDE,06,CA,CALIFORNIA,92562,,CA-42,CA-48,,,,COUNTY-WIDE,USA,UNITED STATES,CA**065,,06065,RIVERSIDE,06,CALIFORNIA,,CA-42,CA-90,,59.073: PAYCHECK PROTECTION LOAN PROGRAM (PPP),,,08,GUARANTEED/INSURED LOAN (F),TO AID SMALL BUSINESSES IN MAINTAINING WORK FORCE DURING COVID-19 PANDEMIC.,NON,NOT RECOVERY ACT,P,INDIVIDUAL,2,NON-AGGREGATE RECORD,,,,,,,,,,,https://www.usaspending.gov/award/ASST_NON_5109838206_073/,2021-01-06 03:33:53.27803+00
ASST_NON_5114618204_073,5114618204,,SAI EXEMPT,,,,,,2020-08-27,2020,0.00,,,,0.00,0.00,0.00,2020-08-07,2020,,,073,Small Business Administration,7300,Small Business Administration,737010,OFC OF CAPITAL ACCESS,073,Small Business Administration,7300,Small Business Administration,737010,OFC OF CAPITAL ACCESS,,,,,,,ANTHONY NGUYEN,ANTHONY NGUYEN,,,,USA,UNITED STATES,3086 STORY RD,,68000,SAN JOSE,06085,SANTA CLARA,06,CA,CALIFORNIA,95127,,CA-19,CA-18,,,,COUNTY-WIDE,USA,UNITED STATES,CA**085,,06085,SANTA CLARA,06,CALIFORNIA,,CA-19,CA-90,,59.073: PAYCHECK PROTECTION LOAN PROGRAM (PPP),,,08,GUARANTEED/INSURED LOAN (F),TO AID SMALL BUSINESSES IN MAINTAINING WORK FORCE DURING COVID-19 PANDEMIC.,NON,NOT RECOVERY ACT,P,INDIVIDUAL,2,NON-AGGREGATE RECORD,,,,,,,,,,,https://www.usaspending.gov/award/ASST_NON_5114618204_073/,2021-01-06 03:33:53.27803+00
ASST_NON_5124128203_073,5124128203,,SAI EXEMPT,,,,,,2020-08-27,2020,0.00,,,,0.00,0.00,0.00,2020-08-07,2020,,,073,Small Business Administration,7300,Small Business Administration,737010,OFC OF CAPITAL ACCESS,073,Small Business Administration,7300,Small Business Administration,737010,OFC OF CAPITAL ACCESS,,,,,,,"ROGER HEITZMAN, HEITZMAN STUDIOS","ROGER HEITZMAN, HEITZMAN STUDIOS",,,,USA,UNITED STATES,750 WHISPERING PINES DR,,70588,SCOTTS VALLEY,06087,SANTA CRUZ,06,CA,CALIFORNIA,95066,,CA-18,CA-19,,,,COUNTY-WIDE,USA,UNITED STATES,CA**087,,06087,SANTA CRUZ,06,CALIFORNIA,,CA-18,CA-90,,59.073: PAYCHECK PROTECTION LOAN PROGRAM (PPP),,,08,GUARANTEED/INSURED LOAN (F),TO AID SMALL BUSINESSES IN MAINTAINING WORK FORCE DURING COVID-19 PANDEMIC.,NON,NOT RECOVERY ACT,P,INDIVIDUAL,2,NON-AGGREGATE RECORD,,,,,,,,,,,https://www.usaspending.gov/award/ASST_NON_5124128203_073/,2021-01-06 03:33:53.27803+00
ASST_NON_5132308209_073,5132308209,,SAI EXEMPT,,,,,,2020-08-27,2020,0.00,,,,0.00,0.00,0.00,2020-08-07,2020,,,073,Small Business Administration,7300,Small Business Administration,737010,OFC OF CAPITAL ACCESS,073,Small Business Administration,7300,Small Business Administration,737010,OFC OF CAPITAL ACCESS,,,,,,,LILY M RODRIGUEZ,LILY M RODRIGUEZ,,,,USA,UNITED STATES,11688 SOUTH ST,,02896,ARTESIA,06037,LOS ANGELES,06,CA,CALIFORNIA,90701,,CA-38,CA-45,,,,COUNTY-WIDE,USA,UNITED STATES,CA**037,,06037,LOS ANGELES,06,CALIFORNIA,,CA-38,CA-90,,59.073: PAYCHECK PROTECTION LOAN PROGRAM (PPP),,,08,GUARANTEED/INSURED LOAN (F),TO AID SMALL BUSINESSES IN MAINTAINING WORK FORCE DURING COVID-19 PANDEMIC.,NON,NOT RECOVERY ACT,P,INDIVIDUAL,2,NON-AGGREGATE RECORD,,,,,,,,,,,https://www.usaspending.gov/award/ASST_NON_5132308209_073/,2021-01-06 03:33:53.27803+00
ASST_NON_5134818202_073,5134818202,,SAI EXEMPT,,,,,,2020-08-27,2020,0.00,,,,0.00,0.00,0.00,2020-08-07,2020,,,073,Small Business Administration,7300,Small Business Administration,737010,OFC OF CAPITAL ACCESS,073,Small Business Administration,7300,Small Business Administration,737010,OFC OF CAPITAL ACCESS,,,,,,,ONLY LOVE CHILDREN'S CENTER,ONLY LOVE CHILDREN'S CENTER,,,,USA,UNITED STATES,2581 HOWE AVE,,64000,SACRAMENTO,06067,SACRAMENTO,06,CA,CALIFORNIA,95821,,CA-06,CA-06,,,,COUNTY-WIDE,USA,UNITED STATES,CA**067,,06067,SACRAMENTO,06,CALIFORNIA,,CA-06,CA-90,,59.073: PAYCHECK PROTECTION LOAN PROGRAM (PPP),,,08,GUARANTEED/INSURED LOAN (F),TO AID SMALL BUSINESSES IN MAINTAINING WORK FORCE DURING COVID-19 PANDEMIC.,NON,NOT RECOVERY ACT,P,INDIVIDUAL,2,NON-AGGREGATE RECORD,,,,,,,,,,,https://www.usaspending.gov/award/ASST_NON_5134818202_073/,2021-01-06 03:33:53.27803+00
ASST_NON_5151878200_073,5151878200,,SAI EXEMPT,,,,,,2020-08-27,2020,0.00,,,,0.00,0.00,0.00,2020-08-07,2020,,,073,Small Business Administration,7300,Small Business Administration,737010,OFC OF CAPITAL ACCESS,073,Small Business Administration,7300,Small Business Administration,737010,OFC OF CAPITAL ACCESS,,,,,,,GOLD HILL PROPERTIES INC,GOLD HILL PROPERTIES INC,,,,USA,UNITED STATES,4300 ANTHONY CT,,62364,ROCKLIN,06061,PLACER,06,CA,CALIFORNIA,95677,,CA-04,CA-03,,,,COUNTY-WIDE,USA,UNITED STATES,CA**061,,06061,PLACER,06,CALIFORNIA,,CA-04,CA-03,,59.073: PAYCHECK PROTECTION LOAN PROGRAM (PPP),,,08,GUARANTEED/INSURED LOAN (F),TO AID SMALL BUSINESSES IN MAINTAINING WORK FORCE DURING COVID-19 PANDEMIC.,NON,NOT RECOVERY ACT,R,SMALL BUSINESS,2,NON-AGGREGATE RECORD,,,,,,,,,,,https://www.usaspending.gov/award/ASST_NON_5151878200_073/,2021-01-06 03:33:53.27803+00
ASST_NON_5157588208_073,5157588208,,SAI EXEMPT,,,,,,2020-08-27,2020,0.00,,,,0.00,0.00,0.00,2020-08-07,2020,,,073,Small Business Administration,7300,Small Business Administration,737010,OFC OF CAPITAL ACCESS,073,Small Business Administration,7300,Small Business Administration,737010,OFC OF CAPITAL ACCESS,,,,,,,GREENBOX REALTY,GREENBOX REALTY,,,,USA,UNITED STATES,29138 PACIFIC COAST HWY,,45246,MALIBU,06111,VENTURA,06,CA,CALIFORNIA,90265,,CA-33,CA-32,,,,COUNTY-WIDE,USA,UNITED STATES,CA**037,,06037,LOS ANGELES,06,CALIFORNIA,,CA-33,CA-90,,59.073: PAYCHECK PROTECTION LOAN PROGRAM (PPP),,,08,GUARANTEED/INSURED LOAN (F),TO AID SMALL BUSINESSES IN MAINTAINING WORK FORCE DURING COVID-19 PANDEMIC.,NON,NOT RECOVERY ACT,R,SMALL BUSINESS,2,NON-AGGREGATE RECORD,,,,,,,,,,,https://www.usaspending.gov/award/ASST_NON_5157588208_073/,2021-01-06 03:33:53.27803+00
ASST_NON_5178518208_073,5178518208,,SAI EXEMPT,,,,,,2020-08-27,2020,0.00,,,,0.00,0.00,0.00,2020-08-07,2020,,,073,Small Business Administration,7300,Small Business Administration,737010,OFC OF CAPITAL ACCESS,073,Small Business Administration,7300,Small Business Administration,737010,OFC OF CAPITAL ACCESS,,,,,,,EDITH C DAVERN,EDITH C DAVERN,,,,USA,UNITED STATES,8190 HONEYCOMB LANE,,29504,GILROY,06085,SANTA CLARA,06,CA,CALIFORNIA,95020,,CA-19,CA-18,,,,COUNTY-WIDE,USA,UNITED STATES,CA**085,,06085,SANTA CLARA,06,CALIFORNIA,,CA-19,CA-90,,59.073: PAYCHECK PROTECTION LOAN PROGRAM (PPP),,,08,GUARANTEED/INSURED LOAN (F),TO AID SMALL BUSINESSES IN MAINTAINING WORK FORCE DURING COVID-19 PANDEMIC.,NON,NOT RECOVERY ACT,P,INDIVIDUAL,2,NON-AGGREGATE RECORD,,,,,,,,,,,https://www.usaspending.gov/award/ASST_NON_5178518208_073/,2021-01-06 03:33:53.27803+00
ASST_NON_5180018210_073,5180018210,,SAI EXEMPT,,,,,,2020-08-27,2020,0.00,,,,0.00,0.00,0.00,2020-08-07,2020,,,073,Small Business Administration,7300,Small Business Administration,737010,OFC OF CAPITAL ACCESS,073,Small Business Administration,7300,Small Business Administration,737010,OFC OF CAPITAL ACCESS,,,,,,,THE STEPHENSON COMPANY,THE STEPHENSON COMPANY,,,,USA,UNITED STATES,1220 DIAMOND WAY SUITE 260,,16000,CONCORD,06013,CONTRA COSTA,06,CA,CALIFORNIA,94520,,CA-11,CA-10,,,,COUNTY-WIDE,USA,UNITED STATES,CA**013,,06013,CONTRA COSTA,06,CALIFORNIA,,CA-11,CA-90,,59.073: PAYCHECK PROTECTION LOAN PROGRAM (PPP),,,08,GUARANTEED/INSURED LOAN (F),TO AID SMALL BUSINESSES IN MAINTAINING WORK FORCE DURING COVID-19 PANDEMIC.,NON,NOT RECOVERY ACT,P,INDIVIDUAL,2,NON-AGGREGATE RECORD,,,,,,,,,,,https://www.usaspending.gov/award/ASST_NON_5180018210_073/,2021-01-06 03:33:53.27803+00
ASST_NON_5181448201_073,5181448201,,SAI EXEMPT,,,,,,2020-08-27,2020,0.00,,,,0.00,0.00,0.00,2020-08-07,2020,,,073,Small Business Administration,7300,Small Business Administration,737010,OFC OF CAPITAL ACCESS,073,Small Business Administration,7300,Small Business Administration,737010,OFC OF CAPITAL ACCESS,,,,,,,"THE WINDCHIME GROUP,LLC","THE WINDCHIME GROUP,LLC",,,,USA,UNITED STATES,72 PLEASANT CT,,00618,ALAMO,06013,CONTRA COSTA,06,CA,CALIFORNIA,94507,,CA-11,CA-10,,,,COUNTY-WIDE,USA,UNITED STATES,CA**013,,06013,CONTRA COSTA,06,CALIFORNIA,,CA-11,CA-90,,59.073: PAYCHECK PROTECTION LOAN PROGRAM (PPP),,,08,GUARANTEED/INSURED LOAN (F),TO AID SMALL BUSINESSES IN MAINTAINING WORK FORCE DURING COVID-19 PANDEMIC.,NON,NOT RECOVERY ACT,R,SMALL BUSINESS,2,NON-AGGREGATE RECORD,,,,,,,,,,,https://www.usaspending.gov/award/ASST_NON_5181448201_073/,2021-01-06 03:33:53.27803+00
ASST_NON_5229288201_073,5229288201,,SAI EXEMPT,O: Non-emergency P.L. 116-136|Non-emergency P.L. 116-139|Non-emergency P.L. 116-260|Non-emergency P.L. 117-2,89107.74,89107.74,,,2020-08-27,2020,0.00,89107.74,,,0.00,87601.00,89107.74,2020-08-07,2020,,,073,Small Business Administration,7300,Small Business Administration,737010,OFC OF CAPITAL ACCESS,073,Small Business Administration,7300,Small Business Administration,737010,OFC OF CAPITAL ACCESS,073-2020/2021-1154-000,073-1154,"41.0: Grants, subsidies, and contributions",0702: LOAN GUARANTEE SUBSIDY,,,YU BAKERY CAFE,YU BAKERY CAFE,,,,USA,UNITED STATES,8632 VALLEY BLVD,J&K,62896,ROSEMEAD,06037,LOS ANGELES,06,CA,CALIFORNIA,91770,,CA-27,CA-28,,,,COUNTY-WIDE,USA,UNITED STATES,CA**037,,06037,LOS ANGELES,06,CALIFORNIA,,CA-27,CA-90,,59.073: PAYCHECK PROTECTION LOAN PROGRAM (PPP),,,08,GUARANTEED/INSURED LOAN (F),TO AID SMALL BUSINESSES IN MAINTAINING WORK FORCE DURING COVID-19 PANDEMIC.,NON,NOT RECOVERY ACT,R,SMALL BUSINESS,2,NON-AGGREGATE RECORD,,,,,,,,,,,https://www.usaspending.gov/award/ASST_NON_5229288201_073/,2021-01-06 03:33:53.27803+00
ASST_NON_5230768200_073,5230768200,,SAI EXEMPT,,,,,,2020-08-27,2020,0.00,,,,0.00,0.00,0.00,2020-08-07,2020,,,073,Small Business Administration,7300,Small Business Administration,737010,OFC OF CAPITAL ACCESS,073,Small Business Administration,7300,Small Business Administration,737010,OFC OF CAPITAL ACCESS,,,,,,,TAMALA VANN,TAMALA VANN,,,,USA,UNITED STATES,2424 BOULDER STREET,,08142,BRENTWOOD,06013,CONTRA COSTA,06,CA,CALIFORNIA,94513,,CA-09,CA-10,,,,COUNTY-WIDE,USA,UNITED STATES,CA**013,,06013,CONTRA COSTA,06,CALIFORNIA,,CA-09,CA-90,,59.073: PAYCHECK PROTECTION LOAN PROGRAM (PPP),,,08,GUARANTEED/INSURED LOAN (F),TO AID SMALL BUSINESSES IN MAINTAINING WORK FORCE DURING COVID-19 PANDEMIC.,NON,NOT RECOVERY ACT,P,INDIVIDUAL,2,NON-AGGREGATE RECORD,,,,,,,,,,,https://www.usaspending.gov/award/ASST_NON_5230768200_073/,2021-01-06 03:33:53.27803+00
ASST_NON_5230888201_073,5230888201,,SAI EXEMPT,,,,,,2020-08-27,2020,0.00,,,,0.00,0.00,0.00,2020-08-07,2020,,,073,Small Business Administration,7300,Small Business Administration,737010,OFC OF CAPITAL ACCESS,073,Small Business Administration,7300,Small Business Administration,737010,OFC OF CAPITAL ACCESS,,,,,,,"BOWER HOSPITALITY & MANAGEMENT, LLC","BOWER HOSPITALITY & MANAGEMENT, LLC",,,,USA,UNITED STATES,1366 ROSE AVE,,82198,VENICE,06037,LOS ANGELES,06,CA,CALIFORNIA,90291,,CA-33,CA-36,,,,COUNTY-WIDE,USA,UNITED STATES,CA**037,,06037,LOS ANGELES,06,CALIFORNIA,,CA-33,CA-90,,59.073: PAYCHECK PROTECTION LOAN PROGRAM (PPP),,,08,GUARANTEED/INSURED LOAN (F),TO AID SMALL BUSINESSES IN MAINTAINING WORK FORCE DURING COVID-19 PANDEMIC.,NON,NOT RECOVERY ACT,P,INDIVIDUAL,2,NON-AGGREGATE RECORD,,,,,,,,,,,https://www.usaspending.gov/award/ASST_NON_5230888201_073/,2021-01-06 03:33:53.27803+00
ASST_NON_5231248210_073,5231248210,,SAI EXEMPT,,,,,,2020-08-27,2020,0.00,,,,0.00,0.00,0.00,2020-08-07,2020,,,073,Small Business Administration,7300,Small Business Administration,737010,OFC OF CAPITAL ACCESS,073,Small Business Administration,7300,Small Business Administration,737010,OFC OF CAPITAL ACCESS,,,,,,,HARRIS TRANSPORTATION,HARRIS TRANSPORTATION,,,,USA,UNITED STATES,3641 W OAK AVENUE,,28000,FULLERTON,06059,ORANGE,06,CA,CALIFORNIA,92833,,CA-39,CA-90,,,,COUNTY-WIDE,USA,UNITED STATES,CA**059,,06059,ORANGE,06,CALIFORNIA,,CA-39,CA-90,,59.073: PAYCHECK PROTECTION LOAN PROGRAM (PPP),,,08,GUARANTEED/INSURED LOAN (F),TO AID SMALL BUSINESSES IN MAINTAINING WORK FORCE DURING COVID-19 PANDEMIC.,NON,NOT RECOVERY ACT,P,INDIVIDUAL,2,NON-AGGREGATE RECORD,,,,,,,,,,,https://www.usaspending.gov/award/ASST_NON_5231248210_073/,2021-01-06 03:33:53.27803+00
ASST_NON_5251398206_073,5251398206,,SAI EXEMPT,O: Non-emergency P.L. 116-136|Non-emergency P.L. 116-139|Non-emergency P.L. 116-260|Non-emergency P.L. 117-2,1361517.11,1361517.11,,,2020-08-27,2020,0.00,1361517.11,,,0.00,1338495.00,1361517.11,2020-08-07,2020,,,073,Small Business Administration,7300,Small Business Administration,737010,OFC OF CAPITAL ACCESS,073,Small Business Administration,7300,Small Business Administration,737010,OFC OF CAPITAL ACCESS,073-2020/2021-1154-000,073-1154,"41.0: Grants, subsidies, and contributions",0702: LOAN GUARANTEE SUBSIDY,,,SAMUEL J RUBIO,SAMUEL J RUBIO,,,,USA,UNITED STATES,1801 HOWARD RD,,45022,MADERA,06039,MADERA,06,CA,CALIFORNIA,93637,,CA-16,CA-13,,,,COUNTY-WIDE,USA,UNITED STATES,CA**039,,06039,MADERA,06,CALIFORNIA,,CA-16,CA-90,,59.073: PAYCHECK PROTECTION LOAN PROGRAM (PPP),,,08,GUARANTEED/INSURED LOAN (F),TO AID SMALL BUSINESSES IN MAINTAINING WORK FORCE DURING COVID-19 PANDEMIC.,NON,NOT RECOVERY ACT,P,INDIVIDUAL,2,NON-AGGREGATE RECORD,,,,,,,,,,,https://www.usaspending.gov/award/ASST_NON_5251398206_073/,2021-01-06 03:33:53.27803+00
ASST_NON_5253358209_073,5253358209,,SAI EXEMPT,,,,,,2020-08-27,2020,0.00,,,,0.00,0.00,0.00,2020-08-07,2020,,,073,Small Business Administration,7300,Small Business Administration,737010,OFC OF CAPITAL ACCESS,073,Small Business Administration,7300,Small Business Administration,737010,OFC OF CAPITAL ACCESS,,,,,,,CORINNE DUNHAM,CORINNE DUNHAM,,,,USA,UNITED STATES,527 7TH ST W,,44000,LOS ANGELES,06037,LOS ANGELES,06,CA,CALIFORNIA,90014,,CA-34,CA-90,,,,COUNTY-WIDE,USA,UNITED STATES,CA**037,,06037,LOS ANGELES,06,CALIFORNIA,,CA-34,CA-90,,59.073: PAYCHECK PROTECTION LOAN PROGRAM (PPP),,,08,GUARANTEED/INSURED LOAN (F),TO AID SMALL BUSINESSES IN MAINTAINING WORK FORCE DURING COVID-19 PANDEMIC.,NON,NOT RECOVERY ACT,R,SMALL BUSINESS,2,NON-AGGREGATE RECORD,,,,,,,,,,,https://www.usaspending.gov/award/ASST_NON_5253358209_073/,2021-01-06 03:33:53.27803+00
ASST_NON_5259368202_073,5259368202,,SAI EXEMPT,O: Non-emergency P.L. 116-136|Non-emergency P.L. 116-139|Non-emergency P.L. 116-260|Non-emergency P.L. 117-2,7629.00,7629.00,,,2020-08-27,2020,0.00,7629.00,,,0.00,7500.00,7629.00,2020-08-07,2020,,,073,Small Business Administration,7300,Small Business Administration,737010,OFC OF CAPITAL ACCESS,073,Small Business Administration,7300,Small Business Administration,737010,OFC OF CAPITAL ACCESS,073-2020/2021-1154-000,073-1154,"41.0: Grants, subsidies, and contributions",0702: LOAN GUARANTEE SUBSIDY,,,DIAMOND SONG COLLECTIVE,DIAMOND SONG COLLECTIVE,,,,USA,UNITED STATES,1951 BELOIT AVE APT 8,,44000,LOS ANGELES,06037,LOS ANGELES,06,CA,CALIFORNIA,90025,,CA-37,CA-90,,,,COUNTY-WIDE,USA,UNITED STATES,CA**037,,06037,LOS ANGELES,06,CALIFORNIA,,CA-37,CA-90,,59.073: PAYCHECK PROTECTION LOAN PROGRAM (PPP),,,08,GUARANTEED/INSURED LOAN (F),TO AID SMALL BUSINESSES IN MAINTAINING WORK FORCE DURING COVID-19 PANDEMIC.,NON,NOT RECOVERY ACT,P,INDIVIDUAL,2,NON-AGGREGATE RECORD,,,,,,,,,,,https://www.usaspending.gov/award/ASST_NON_5259368202_073/,2021-01-06 03:33:53.27803+00
ASST_NON_5260858204_073,5260858204,,SAI EXEMPT,,,,,,2020-08-27,2020,0.00,,,,0.00,0.00,0.00,2020-08-07,2020,,,073,Small Business Administration,7300,Small Business Administration,737010,OFC OF CAPITAL ACCESS,073,Small Business Administration,7300,Small Business Administration,737010,OFC OF CAPITAL ACCESS,,,,,,,TRAKALYA GOODWIN,TRAKALYA GOODWIN,,,,USA,UNITED STATES,1728 MAUBERT COURT,A,68084,SAN LEANDRO,06001,ALAMEDA,06,CA,CALIFORNIA,94578,,CA-15,CA-90,,,,COUNTY-WIDE,USA,UNITED STATES,CA**001,,06001,ALAMEDA,06,CALIFORNIA,,CA-15,CA-90,,59.073: PAYCHECK PROTECTION LOAN PROGRAM (PPP),,,08,GUARANTEED/INSURED LOAN (F),TO AID SMALL BUSINESSES IN MAINTAINING WORK FORCE DURING COVID-19 PANDEMIC.,NON,NOT RECOVERY ACT,P,INDIVIDUAL,2,NON-AGGREGATE RECORD,,,,,,,,,,,https://www.usaspending.gov/award/ASST_NON_5260858204_073/,2021-01-06 03:33:53.27803+00
ASST_NON_5269688208_073,5269688208,,SAI EXEMPT,,,,,,2020-08-27,2020,0.00,,,,0.00,0.00,0.00,2020-08-07,2020,,,073,Small Business Administration,7300,Small Business Administration,737010,OFC OF CAPITAL ACCESS,073,Small Business Administration,7300,Small Business Administration,737010,OFC OF CAPITAL ACCESS,,,,,,,MEALSQUARES LLC,MEALSQUARES LLC,,,,USA,UNITED STATES,326 COMMERCIAL ST,,68000,SAN JOSE,06085,SANTA CLARA,06,CA,CALIFORNIA,95112,,CA-19,CA-18,,,,COUNTY-WIDE,USA,UNITED STATES,CA**085,,06085,SANTA CLARA,06,CALIFORNIA,,CA-19,CA-90,,59.073: PAYCHECK PROTECTION LOAN PROGRAM (PPP),,,08,GUARANTEED/INSURED LOAN (F),TO AID SMALL BUSINESSES IN MAINTAINING WORK FORCE DURING COVID-19 PANDEMIC.,NON,NOT RECOVERY ACT,R,SMALL BUSINESS,2,NON-AGGREGATE RECORD,,,,,,,,,,,https://www.usaspending.gov/award/ASST_NON_5269688208_073/,2021-01-06 03:33:53.27803+00
ASST_NON_5274478209_073,5274478209,,SAI EXEMPT,,,,,,2020-08-27,2020,0.00,,,,0.00,0.00,0.00,2020-08-07,2020,,,073,Small Business Administration,7300,Small Business Administration,737010,OFC OF CAPITAL ACCESS,073,Small Business Administration,7300,Small Business Administration,737010,OFC OF CAPITAL ACCESS,,,,,,,ANDYS SEAFOOD,ANDYS SEAFOOD,,,,USA,UNITED STATES,7500 SCOUT AVE,,04996,BELL GARDENS,06037,LOS ANGELES,06,CA,CALIFORNIA,90201,,CA-40,CA-42,,,,COUNTY-WIDE,USA,UNITED STATES,CA**037,,06037,LOS ANGELES,06,CALIFORNIA,,CA-40,CA-90,,59.073: PAYCHECK PROTECTION LOAN PROGRAM (PPP),,,08,GUARANTEED/INSURED LOAN (F),TO AID SMALL BUSINESSES IN MAINTAINING WORK FORCE DURING COVID-19 PANDEMIC.,NON,NOT RECOVERY ACT,R,SMALL BUSINESS,2,NON-AGGREGATE RECORD,,,,,,,,,,,https://www.usaspending.gov/award/ASST_NON_5274478209_073/,2021-01-06 03:33:53.27803+00
ASST_NON_5277568207_073,5277568207,,SAI EXEMPT,,,,,,2020-08-27,2020,0.00,,,,0.00,0.00,0.00,2020-08-07,2020,,,073,Small Business Administration,7300,Small Business Administration,737010,OFC OF CAPITAL ACCESS,073,Small Business Administration,7300,Small Business Administration,737010,OFC OF CAPITAL ACCESS,,,,,,,BILL WITHERS,BILL WITHERS,,,,USA,UNITED STATES,11737 LEMOLI AVE,,36546,INGLEWOOD,06037,LOS ANGELES,06,CA,CALIFORNIA,90303,,CA-43,CA-43,,,,COUNTY-WIDE,USA,UNITED STATES,CA**037,,06037,LOS ANGELES,06,CALIFORNIA,,CA-43,CA-90,,59.073: PAYCHECK PROTECTION LOAN PROGRAM (PPP),,,08,GUARANTEED/INSURED LOAN (F),TO AID SMALL BUSINESSES IN MAINTAINING WORK FORCE DURING COVID-19 PANDEMIC.,NON,NOT RECOVERY ACT,R,SMALL BUSINESS,2,NON-AGGREGATE RECORD,,,,,,,,,,,https://www.usaspending.gov/award/ASST_NON_5277568207_073/,2021-01-06 03:33:53.27803+00
ASST_NON_5290788208_073,5290788208,,SAI EXEMPT,O: Non-emergency P.L. 116-136|Non-emergency P.L. 116-139|Non-emergency P.L. 116-260|Non-emergency P.L. 117-2,22854.45,22854.45,,,2020-08-27,2020,0.00,22854.45,,,0.00,22468.00,22854.45,2020-08-07,2020,,,073,Small Business Administration,7300,Small Business Administration,737010,OFC OF CAPITAL ACCESS,073,Small Business Administration,7300,Small Business Administration,737010,OFC OF CAPITAL ACCESS,073-2020/2021-1154-000,073-1154,"41.0: Grants, subsidies, and contributions",0702: LOAN GUARANTEE SUBSIDY,,,AMANDA PRICE,AMANDA PRICE,,,,USA,UNITED STATES,240 SUMMIT RD,,83346,WALNUT CREEK,06013,CONTRA COSTA,06,CA,CALIFORNIA,94598,,CA-11,CA-10,,,,COUNTY-WIDE,USA,UNITED STATES,CA**013,,06013,CONTRA COSTA,06,CALIFORNIA,,CA-11,CA-90,,59.073: PAYCHECK PROTECTION LOAN PROGRAM (PPP),,,08,GUARANTEED/INSURED LOAN (F),TO AID SMALL BUSINESSES IN MAINTAINING WORK FORCE DURING COVID-19 PANDEMIC.,NON,NOT RECOVERY ACT,P,INDIVIDUAL,2,NON-AGGREGATE RECORD,,,,,,,,,,,https://www.usaspending.gov/award/ASST_NON_5290788208_073/,2021-01-06 03:33:53.27803+00
ASST_NON_5298088204_073,5298088204,,SAI EXEMPT,,,,,,2020-08-27,2020,0.00,,,,0.00,0.00,0.00,2020-08-07,2020,,,073,Small Business Administration,7300,Small Business Administration,737010,OFC OF CAPITAL ACCESS,073,Small Business Administration,7300,Small Business Administration,737010,OFC OF CAPITAL ACCESS,,,,,,,SEASIDE CLEANERS,SEASIDE CLEANERS,,,,USA,UNITED STATES,1169 FREMONT BLVD,,70742,SEASIDE,06053,MONTEREY,06,CA,CALIFORNIA,93955,,CA-20,CA-19,,,,COUNTY-WIDE,USA,UNITED STATES,CA**053,,06053,MONTEREY,06,CALIFORNIA,,CA-20,CA-90,,59.073: PAYCHECK PROTECTION LOAN PROGRAM (PPP),,,08,GUARANTEED/INSURED LOAN (F),TO AID SMALL BUSINESSES IN MAINTAINING WORK FORCE DURING COVID-19 PANDEMIC.,NON,NOT RECOVERY ACT,P,INDIVIDUAL,2,NON-AGGREGATE RECORD,,,,,,,,,,,https://www.usaspending.gov/award/ASST_NON_5298088204_073/,2021-01-06 03:33:53.27803+00
ASST_NON_5300728206_073,5300728206,,SAI EXEMPT,,,,,,2020-08-27,2020,0.00,,,,0.00,0.00,0.00,2020-08-07,2020,,,073,Small Business Administration,7300,Small Business Administration,737010,OFC OF CAPITAL ACCESS,073,Small Business Administration,7300,Small Business Administration,737010,OFC OF CAPITAL ACCESS,,,,,,,HAC,HAC,,,,USA,UNITED STATES,297 N STATE COLLEGE BLVD,4081,53980,ORANGE,06059,ORANGE,06,CA,CALIFORNIA,92868,,CA-46,CA-46,,,,COUNTY-WIDE,USA,UNITED STATES,CA**059,,06059,ORANGE,06,CALIFORNIA,,CA-46,CA-90,,59.073: PAYCHECK PROTECTION LOAN PROGRAM (PPP),,,08,GUARANTEED/INSURED LOAN (F),TO AID SMALL BUSINESSES IN MAINTAINING WORK FORCE DURING COVID-19 PANDEMIC.,NON,NOT RECOVERY ACT,P,INDIVIDUAL,2,NON-AGGREGATE RECORD,,,,,,,,,,,https://www.usaspending.gov/award/ASST_NON_5300728206_073/,2021-01-06 03:33:53.27803+00
ASST_NON_5323398206_073,5323398206,,SAI EXEMPT,,,,,,2020-08-27,2020,0.00,,,,0.00,0.00,0.00,2020-08-07,2020,,,073,Small Business Administration,7300,Small Business Administration,737010,OFC OF CAPITAL ACCESS,073,Small Business Administration,7300,Small Business Administration,737010,OFC OF CAPITAL ACCESS,,,,,,,NMMS VENTURES LLC,NMMS VENTURES LLC,,,,USA,UNITED STATES,1156 BUELAH AVENUE,,44000,LOS ANGELES,06037,LOS ANGELES,06,CA,CALIFORNIA,90063,,CA-34,CA-34,,,,COUNTY-WIDE,USA,UNITED STATES,CA**037,,06037,LOS ANGELES,06,CALIFORNIA,,CA-34,CA-90,,59.073: PAYCHECK PROTECTION LOAN PROGRAM (PPP),,,08,GUARANTEED/INSURED LOAN (F),TO AID SMALL BUSINESSES IN MAINTAINING WORK FORCE DURING COVID-19 PANDEMIC.,NON,NOT RECOVERY ACT,P,INDIVIDUAL,2,NON-AGGREGATE RECORD,,,,,,,,,,,https://www.usaspending.gov/award/ASST_NON_5323398206_073/,2021-01-06 03:33:53.27803+00
ASST_NON_5328758206_073,5328758206,,SAI EXEMPT,O: Non-emergency P.L. 116-136|Non-emergency P.L. 116-139|Non-emergency P.L. 116-260|Non-emergency P.L. 117-2,26447.20,26447.20,,,2020-08-27,2020,0.00,26447.20,,,0.00,26000.00,26447.20,2020-08-07,2020,,,073,Small Business Administration,7300,Small Business Administration,737010,OFC OF CAPITAL ACCESS,073,Small Business Administration,7300,Small Business Administration,737010,OFC OF CAPITAL ACCESS,073-2020/2021-1154-000,073-1154,"41.0: Grants, subsidies, and contributions",0702: LOAN GUARANTEE SUBSIDY,,,URBAN NOT AVERAGE,URBAN NOT AVERAGE,,,,USA,UNITED STATES,"1413, MAGNOLIA ,",,15044,COMPTON,06037,LOS ANGELES,06,CA,CALIFORNIA,90220,,CA-44,CA-43,,,,COUNTY-WIDE,USA,UNITED STATES,CA**037,,06037,LOS ANGELES,06,CALIFORNIA,,CA-44,CA-90,,59.073: PAYCHECK PROTECTION LOAN PROGRAM (PPP),,,08,GUARANTEED/INSURED LOAN (F),TO AID SMALL BUSINESSES IN MAINTAINING WORK FORCE DURING COVID-19 PANDEMIC.,NON,NOT RECOVERY ACT,M,NONPROFIT WITH 501C3 IRS STATUS (OTHER THAN AN INSTITUTION OF HIGHER EDUCATION),2,NON-AGGREGATE RECORD,,,,,,,,,,,https://www.usaspending.gov/award/ASST_NON_5328758206_073/,2021-01-06 03:33:53.27803+00
ASST_NON_5330518203_073,5330518203,,SAI EXEMPT,,,,,,2020-08-27,2020,0.00,,,,0.00,0.00,0.00,2020-08-07,2020,,,073,Small Business Administration,7300,Small Business Administration,737010,OFC OF CAPITAL ACCESS,073,Small Business Administration,7300,Small Business Administration,737010,OFC OF CAPITAL ACCESS,,,,,,,CATHY CARLSON,CATHY CARLSON,,,,USA,UNITED STATES,2298 TIMBERLANE AVENUE,,72016,SIMI VALLEY,06111,VENTURA,06,CA,CALIFORNIA,93063,,CA-25,CA-26,,,,COUNTY-WIDE,USA,UNITED STATES,CA**111,,06111,VENTURA,06,CALIFORNIA,,CA-25,CA-26,,59.073: PAYCHECK PROTECTION LOAN PROGRAM (PPP),,,08,GUARANTEED/INSURED LOAN (F),TO AID SMALL BUSINESSES IN MAINTAINING WORK FORCE DURING COVID-19 PANDEMIC.,NON,NOT RECOVERY ACT,P,INDIVIDUAL,2,NON-AGGREGATE RECORD,,,,,,,,,,,https://www.usaspending.gov/award/ASST_NON_5330518203_073/,2021-01-06 03:33:53.27803+00
ASST_NON_5330548201_073,5330548201,,SAI EXEMPT,,,,,,2020-08-27,2020,0.00,,,,0.00,0.00,0.00,2020-08-07,2020,,,073,Small Business Administration,7300,Small Business Administration,737010,OFC OF CAPITAL ACCESS,073,Small Business Administration,7300,Small Business Administration,737010,OFC OF CAPITAL ACCESS,,,,,,,WENDY BARNES,WENDY BARNES,,,,USA,UNITED STATES,408 E. 140H ST.,,44000,LOS ANGELES,06037,LOS ANGELES,06,CA,CALIFORNIA,90061,,CA-44,CA-43,,,,COUNTY-WIDE,USA,UNITED STATES,CA**037,,06037,LOS ANGELES,06,CALIFORNIA,,CA-44,CA-90,,59.073: PAYCHECK PROTECTION LOAN PROGRAM (PPP),,,08,GUARANTEED/INSURED LOAN (F),TO AID SMALL BUSINESSES IN MAINTAINING WORK FORCE DURING COVID-19 PANDEMIC.,NON,NOT RECOVERY ACT,P,INDIVIDUAL,2,NON-AGGREGATE RECORD,,,,,,,,,,,https://www.usaspending.gov/award/ASST_NON_5330548201_073/,2021-01-06 03:33:53.27803+00
ASST_NON_5331948205_073,5331948205,,SAI EXEMPT,,,,,,2020-08-27,2020,0.00,,,,0.00,0.00,0.00,2020-08-07,2020,,,073,Small Business Administration,7300,Small Business Administration,737010,OFC OF CAPITAL ACCESS,073,Small Business Administration,7300,Small Business Administration,737010,OFC OF CAPITAL ACCESS,,,,,,,"CHARLES KODIMER, PH.D. & ASSOCIATES","CHARLES KODIMER, PH.D. & ASSOCIATES",,,,USA,UNITED STATES,10927 DOWNEY AVE,STE C,19766,DOWNEY,06037,LOS ANGELES,06,CA,CALIFORNIA,90241,,CA-40,CA-42,,,,COUNTY-WIDE,USA,UNITED STATES,CA**037,,06037,LOS ANGELES,06,CALIFORNIA,,CA-40,CA-90,,59.073: PAYCHECK PROTECTION LOAN PROGRAM (PPP),,,08,GUARANTEED/INSURED LOAN (F),TO AID SMALL BUSINESSES IN MAINTAINING WORK FORCE DURING COVID-19 PANDEMIC.,NON,NOT RECOVERY ACT,R,SMALL BUSINESS,2,NON-AGGREGATE RECORD,,,,,,,,,,,https://www.usaspending.gov/award/ASST_NON_5331948205_073/,2021-01-06 03:33:53.27803+00
ASST_NON_5332378202_073,5332378202,,SAI EXEMPT,,,,,,2020-08-27,2020,0.00,,,,0.00,0.00,0.00,2020-08-07,2020,,,073,Small Business Administration,7300,Small Business Administration,737010,OFC OF CAPITAL ACCESS,073,Small Business Administration,7300,Small Business Administration,737010,OFC OF CAPITAL ACCESS,,,,,,,SHAWN TURNER,SHAWN TURNER,,,,USA,UNITED STATES,1352 W 5TH STREET,APT K14,53896,ONTARIO,06071,SAN BERNARDINO,06,CA,CALIFORNIA,91762,,CA-35,CA-35,,,,COUNTY-WIDE,USA,UNITED STATES,CA**071,,06071,SAN BERNARDINO,06,CALIFORNIA,,CA-35,CA-90,,59.073: PAYCHECK PROTECTION LOAN PROGRAM (PPP),,,08,GUARANTEED/INSURED LOAN (F),TO AID SMALL BUSINESSES IN MAINTAINING WORK FORCE DURING COVID-19 PANDEMIC.,NON,NOT RECOVERY ACT,P,INDIVIDUAL,2,NON-AGGREGATE RECORD,,,,,,,,,,,https://www.usaspending.gov/award/ASST_NON_5332378202_073/,2021-01-06 03:33:53.27803+00
ASST_NON_5337448209_073,5337448209,,SAI EXEMPT,,,,,,2020-08-27,2020,0.00,,,,0.00,0.00,0.00,2020-08-07,2020,,,073,Small Business Administration,7300,Small Business Administration,737010,OFC OF CAPITAL ACCESS,073,Small Business Administration,7300,Small Business Administration,737010,OFC OF CAPITAL ACCESS,,,,,,,KARI WAHL REAL ESTATE INC.,KARI WAHL REAL ESTATE INC.,,,,USA,UNITED STATES,51 GARDEN LN,,57764,PLEASANT HILL,06013,CONTRA COSTA,06,CA,CALIFORNIA,94523,,CA-11,CA-10,,,,COUNTY-WIDE,USA,UNITED STATES,CA**013,,06013,CONTRA COSTA,06,CALIFORNIA,,CA-11,CA-90,,59.073: PAYCHECK PROTECTION LOAN PROGRAM (PPP),,,08,GUARANTEED/INSURED LOAN (F),TO AID SMALL BUSINESSES IN MAINTAINING WORK FORCE DURING COVID-19 PANDEMIC.,NON,NOT RECOVERY ACT,R,SMALL BUSINESS,2,NON-AGGREGATE RECORD,,,,,,,,,,,https://www.usaspending.gov/award/ASST_NON_5337448209_073/,2021-01-06 03:33:53.27803+00
ASST_NON_5349488207_073,5349488207,,SAI EXEMPT,,,,,,2020-08-27,2020,0.00,,,,0.00,0.00,0.00,2020-08-07,2020,,,073,Small Business Administration,7300,Small Business Administration,737010,OFC OF CAPITAL ACCESS,073,Small Business Administration,7300,Small Business Administration,737010,OFC OF CAPITAL ACCESS,,,,,,,"MIZUHO AMERICA, INC","MIZUHO AMERICA, INC",,,,USA,UNITED STATES,30057 AHERN AVE,,81204,UNION CITY,06001,ALAMEDA,06,CA,CALIFORNIA,94587,,CA-15,CA-14,,,,COUNTY-WIDE,USA,UNITED STATES,CA**001,,06001,ALAMEDA,06,CALIFORNIA,,CA-15,CA-90,,59.073: PAYCHECK PROTECTION LOAN PROGRAM (PPP),,,08,GUARANTEED/INSURED LOAN (F),TO AID SMALL BUSINESSES IN MAINTAINING WORK FORCE DURING COVID-19 PANDEMIC.,NON,NOT RECOVERY ACT,R,SMALL BUSINESS,2,NON-AGGREGATE RECORD,,,,,,,,,,,https://www.usaspending.gov/award/ASST_NON_5349488207_073/,2021-01-06 03:33:53.27803+00
ASST_NON_5353348203_073,5353348203,,SAI EXEMPT,,,,,,2020-08-27,2020,0.00,,,,0.00,0.00,0.00,2020-08-07,2020,,,073,Small Business Administration,7300,Small Business Administration,737010,OFC OF CAPITAL ACCESS,073,Small Business Administration,7300,Small Business Administration,737010,OFC OF CAPITAL ACCESS,,,,,,,LOAN TRAN,LOAN TRAN,,,,USA,UNITED STATES,1622 LOCUST ST,,83346,WALNUT CREEK,06013,CONTRA COSTA,06,CA,CALIFORNIA,94596,,CA-11,CA-10,,,,COUNTY-WIDE,USA,UNITED STATES,CA**013,,06013,CONTRA COSTA,06,CALIFORNIA,,CA-11,CA-90,,59.073: PAYCHECK PROTECTION LOAN PROGRAM (PPP),,,08,GUARANTEED/INSURED LOAN (F),TO AID SMALL BUSINESSES IN MAINTAINING WORK FORCE DURING COVID-19 PANDEMIC.,NON,NOT RECOVERY ACT,P,INDIVIDUAL,2,NON-AGGREGATE RECORD,,,,,,,,,,,https://www.usaspending.gov/award/ASST_NON_5353348203_073/,2021-01-06 03:33:53.27803+00
ASST_NON_5356938209_073,5356938209,,SAI EXEMPT,,,,,,2020-08-27,2020,0.00,,,,0.00,0.00,0.00,2020-08-07,2020,,,073,Small Business Administration,7300,Small Business Administration,737010,OFC OF CAPITAL ACCESS,073,Small Business Administration,7300,Small Business Administration,737010,OFC OF CAPITAL ACCESS,,,,,,,MAZERATI FINANCIAL,MAZERATI FINANCIAL,,,,USA,UNITED STATES,7856 LEDGE AVE,,77294,SUN VALLEY,06037,LOS ANGELES,06,CA,CALIFORNIA,91352,,CA-29,CA-90,,,,COUNTY-WIDE,USA,UNITED STATES,CA**037,,06037,LOS ANGELES,06,CALIFORNIA,,CA-29,CA-90,,59.073: PAYCHECK PROTECTION LOAN PROGRAM (PPP),,,08,GUARANTEED/INSURED LOAN (F),TO AID SMALL BUSINESSES IN MAINTAINING WORK FORCE DURING COVID-19 PANDEMIC.,NON,NOT RECOVERY ACT,R,SMALL BUSINESS,2,NON-AGGREGATE RECORD,,,,,,,,,,,https://www.usaspending.gov/award/ASST_NON_5356938209_073/,2021-01-06 03:33:53.27803+00
ASST_NON_5357038201_073,5357038201,,SAI EXEMPT,,,,,,2020-08-27,2020,0.00,,,,0.00,0.00,0.00,2020-08-07,2020,,,073,Small Business Administration,7300,Small Business Administration,737010,OFC OF CAPITAL ACCESS,073,Small Business Administration,7300,Small Business Administration,737010,OFC OF CAPITAL ACCESS,,,,,,,BING FOOD INC DBA FINE WOK,BING FOOD INC DBA FINE WOK,,,,USA,UNITED STATES,1222 PACIFIC COAST HWY,,32086,HARBOR CITY,06037,LOS ANGELES,06,CA,CALIFORNIA,90710,,CA-43,CA-90,,,,COUNTY-WIDE,USA,UNITED STATES,CA**037,,06037,LOS ANGELES,06,CALIFORNIA,,CA-43,CA-90,,59.073: PAYCHECK PROTECTION LOAN PROGRAM (PPP),,,08,GUARANTEED/INSURED LOAN (F),TO AID SMALL BUSINESSES IN MAINTAINING WORK FORCE DURING COVID-19 PANDEMIC.,NON,NOT RECOVERY ACT,R,SMALL BUSINESS,2,NON-AGGREGATE RECORD,,,,,,,,,,,https://www.usaspending.gov/award/ASST_NON_5357038201_073/,2021-01-06 03:33:53.27803+00
ASST_NON_5357548201_073,5357548201,,SAI EXEMPT,,,,,,2020-08-27,2020,0.00,,,,0.00,0.00,0.00,2020-08-07,2020,,,073,Small Business Administration,7300,Small Business Administration,737010,OFC OF CAPITAL ACCESS,073,Small Business Administration,7300,Small Business Administration,737010,OFC OF CAPITAL ACCESS,,,,,,,RIDESHARE,RIDESHARE,,,,USA,UNITED STATES,4090 LOCKHART ST APT 311,APT 311,20018,DUBLIN,06001,ALAMEDA,06,CA,CALIFORNIA,94568,,CA-15,CA-90,,,,COUNTY-WIDE,USA,UNITED STATES,CA**001,,06001,ALAMEDA,06,CALIFORNIA,,CA-15,CA-90,,59.073: PAYCHECK PROTECTION LOAN PROGRAM (PPP),,,08,GUARANTEED/INSURED LOAN (F),TO AID SMALL BUSINESSES IN MAINTAINING WORK FORCE DURING COVID-19 PANDEMIC.,NON,NOT RECOVERY ACT,P,INDIVIDUAL,2,NON-AGGREGATE RECORD,,,,,,,,,,,https://www.usaspending.gov/award/ASST_NON_5357548201_073/,2021-01-06 03:33:53.27803+00
ASST_NON_5360868204_073,5360868204,,SAI EXEMPT,,,,,,2020-08-27,2020,0.00,,,,0.00,0.00,0.00,2020-08-07,2020,,,073,Small Business Administration,7300,Small Business Administration,737010,OFC OF CAPITAL ACCESS,073,Small Business Administration,7300,Small Business Administration,737010,OFC OF CAPITAL ACCESS,,,,,,,HARINDER SINGH RANDHAWA,HARINDER SINGH RANDHAWA,,,,USA,UNITED STATES,2975 FAIRFAX AVE,,68000,SAN JOSE,06085,SANTA CLARA,06,CA,CALIFORNIA,95148,,CA-19,CA-19,,,,COUNTY-WIDE,USA,UNITED STATES,CA**085,,06085,SANTA CLARA,06,CALIFORNIA,,CA-19,CA-90,,59.073: PAYCHECK PROTECTION LOAN PROGRAM (PPP),,,08,GUARANTEED/INSURED LOAN (F),TO AID SMALL BUSINESSES IN MAINTAINING WORK FORCE DURING COVID-19 PANDEMIC.,NON,NOT RECOVERY ACT,P,INDIVIDUAL,2,NON-AGGREGATE RECORD,,,,,,,,,,,https://www.usaspending.gov/award/ASST_NON_5360868204_073/,2021-01-06 03:33:53.27803+00
ASST_NON_5364828200_073,5364828200,,SAI EXEMPT,,,,,,2020-08-27,2020,0.00,,,,0.00,0.00,0.00,2020-08-07,2020,,,073,Small Business Administration,7300,Small Business Administration,737010,OFC OF CAPITAL ACCESS,073,Small Business Administration,7300,Small Business Administration,737010,OFC OF CAPITAL ACCESS,,,,,,,VIRGILIO TORRES,VIRGILIO TORRES,,,,USA,UNITED STATES,9750 SANTA RD,,18996,DESERT HOT SPRINGS,06065,RIVERSIDE,06,CA,CALIFORNIA,92240,,CA-36,CA-25,,,,COUNTY-WIDE,USA,UNITED STATES,CA**065,,06065,RIVERSIDE,06,CALIFORNIA,,CA-36,CA-90,,59.073: PAYCHECK PROTECTION LOAN PROGRAM (PPP),,,08,GUARANTEED/INSURED LOAN (F),TO AID SMALL BUSINESSES IN MAINTAINING WORK FORCE DURING COVID-19 PANDEMIC.,NON,NOT RECOVERY ACT,P,INDIVIDUAL,2,NON-AGGREGATE RECORD,,,,,,,,,,,https://www.usaspending.gov/award/ASST_NON_5364828200_073/,2021-01-06 03:33:53.27803+00
ASST_NON_5368528201_073,5368528201,,SAI EXEMPT,,,,,,2020-08-27,2020,0.00,,,,0.00,0.00,0.00,2020-08-07,2020,,,073,Small Business Administration,7300,Small Business Administration,737010,OFC OF CAPITAL ACCESS,073,Small Business Administration,7300,Small Business Administration,737010,OFC OF CAPITAL ACCESS,,,,,,,99 PLUMBING,99 PLUMBING,,,,USA,UNITED STATES,4331 HEDSTROM WAY,,13014,CHICO,06007,BUTTE,06,CA,CALIFORNIA,95973,,CA-01,CA-01,,,,COUNTY-WIDE,USA,UNITED STATES,CA**007,,06007,BUTTE,06,CALIFORNIA,,CA-01,CA-01,,59.073: PAYCHECK PROTECTION LOAN PROGRAM (PPP),,,08,GUARANTEED/INSURED LOAN (F),TO AID SMALL BUSINESSES IN MAINTAINING WORK FORCE DURING COVID-19 PANDEMIC.,NON,NOT RECOVERY ACT,R,SMALL BUSINESS,2,NON-AGGREGATE RECORD,,,,,,,,,,,https://www.usaspending.gov/award/ASST_NON_5368528201_073/,2021-01-06 03:33:53.27803+00
ASST_NON_5371568203_073,5371568203,,SAI EXEMPT,,,,,,2020-08-27,2020,0.00,,,,0.00,0.00,0.00,2020-08-07,2020,,,073,Small Business Administration,7300,Small Business Administration,737010,OFC OF CAPITAL ACCESS,073,Small Business Administration,7300,Small Business Administration,737010,OFC OF CAPITAL ACCESS,,,,,,,LAKHWINDER SINGH RANDHAWA,LAKHWINDER SINGH RANDHAWA,,,,USA,UNITED STATES,2975 FAIRFAX,,68000,SAN JOSE,06085,SANTA CLARA,06,CA,CALIFORNIA,95148,,CA-19,CA-19,,,,COUNTY-WIDE,USA,UNITED STATES,CA**085,,06085,SANTA CLARA,06,CALIFORNIA,,CA-19,CA-90,,59.073: PAYCHECK PROTECTION LOAN PROGRAM (PPP),,,08,GUARANTEED/INSURED LOAN (F),TO AID SMALL BUSINESSES IN MAINTAINING WORK FORCE DURING COVID-19 PANDEMIC.,NON,NOT RECOVERY ACT,P,INDIVIDUAL,2,NON-AGGREGATE RECORD,,,,,,,,,,,https://www.usaspending.gov/award/ASST_NON_5371568203_073/,2021-01-06 03:33:53.27803+00
ASST_NON_5376818205_073,5376818205,,SAI EXEMPT,,,,,,2020-08-27,2020,0.00,,,,0.00,0.00,0.00,2020-08-07,2020,,,073,Small Business Administration,7300,Small Business Administration,737010,OFC OF CAPITAL ACCESS,073,Small Business Administration,7300,Small Business Administration,737010,OFC OF CAPITAL ACCESS,,,,,,,SO CAL MOBILE FLEET SERVICES,SO CAL MOBILE FLEET SERVICES,,,,USA,UNITED STATES,10051 BEECH AVE,,24680,FONTANA,06071,SAN BERNARDINO,06,CA,CALIFORNIA,92335,,CA-35,CA-35,,,,COUNTY-WIDE,USA,UNITED STATES,CA**071,,06071,SAN BERNARDINO,06,CALIFORNIA,,CA-35,CA-90,,59.073: PAYCHECK PROTECTION LOAN PROGRAM (PPP),,,08,GUARANTEED/INSURED LOAN (F),TO AID SMALL BUSINESSES IN MAINTAINING WORK FORCE DURING COVID-19 PANDEMIC.,NON,NOT RECOVERY ACT,R,SMALL BUSINESS,2,NON-AGGREGATE RECORD,,,,,,,,,,,https://www.usaspending.gov/award/ASST_NON_5376818205_073/,2021-01-06 03:33:53.27803+00
ASST_NON_5383988208_073,5383988208,,SAI EXEMPT,,,,,,2020-08-27,2020,0.00,,,,0.00,0.00,0.00,2020-08-07,2020,,,073,Small Business Administration,7300,Small Business Administration,737010,OFC OF CAPITAL ACCESS,073,Small Business Administration,7300,Small Business Administration,737010,OFC OF CAPITAL ACCESS,,,,,,,DORA CASTILLO,DORA CASTILLO,,,,USA,UNITED STATES,3054 24TH ST,,67000,SAN FRANCISCO,06075,SAN FRANCISCO,06,CA,CALIFORNIA,94110,,CA-12,CA-11,,,,COUNTY-WIDE,USA,UNITED STATES,CA**075,,06075,SAN FRANCISCO,06,CALIFORNIA,,CA-12,CA-90,,59.073: PAYCHECK PROTECTION LOAN PROGRAM (PPP),,,08,GUARANTEED/INSURED LOAN (F),TO AID SMALL BUSINESSES IN MAINTAINING WORK FORCE DURING COVID-19 PANDEMIC.,NON,NOT RECOVERY ACT,P,INDIVIDUAL,2,NON-AGGREGATE RECORD,,,,,,,,,,,https://www.usaspending.gov/award/ASST_NON_5383988208_073/,2021-01-06 03:33:53.27803+00
ASST_NON_5385808204_073,5385808204,,SAI EXEMPT,,,,,,2020-08-27,2020,0.00,,,,0.00,0.00,0.00,2020-08-07,2020,,,073,Small Business Administration,7300,Small Business Administration,737010,OFC OF CAPITAL ACCESS,073,Small Business Administration,7300,Small Business Administration,737010,OFC OF CAPITAL ACCESS,,,,,,,E4LIMOSERVICE,E4LIMOSERVICE,,,,USA,UNITED STATES,20917 AMIE AVE,,80000,TORRANCE,06037,LOS ANGELES,06,CA,CALIFORNIA,90503,,CA-33,CA-90,,,,COUNTY-WIDE,USA,UNITED STATES,CA**037,,06037,LOS ANGELES,06,CALIFORNIA,,CA-33,CA-90,,59.073: PAYCHECK PROTECTION LOAN PROGRAM (PPP),,,08,GUARANTEED/INSURED LOAN (F),TO AID SMALL BUSINESSES IN MAINTAINING WORK FORCE DURING COVID-19 PANDEMIC.,NON,NOT RECOVERY ACT,R,SMALL BUSINESS,2,NON-AGGREGATE RECORD,,,,,,,,,,,https://www.usaspending.gov/award/ASST_NON_5385808204_073/,2021-01-06 03:33:53.27803+00
ASST_NON_5385828210_073,5385828210,,SAI EXEMPT,,,,,,2020-08-27,2020,0.00,,,,0.00,0.00,0.00,2020-08-07,2020,,,073,Small Business Administration,7300,Small Business Administration,737010,OFC OF CAPITAL ACCESS,073,Small Business Administration,7300,Small Business Administration,737010,OFC OF CAPITAL ACCESS,,,,,,,STEPHANIE LORRAINE CORNELL,STEPHANIE LORRAINE CORNELL,,,,USA,UNITED STATES,4061 ALAMO ST,,62000,RIVERSIDE,06065,RIVERSIDE,06,CA,CALIFORNIA,92501,,CA-41,CA-39,,,,COUNTY-WIDE,USA,UNITED STATES,CA**065,,06065,RIVERSIDE,06,CALIFORNIA,,CA-41,CA-90,,59.073: PAYCHECK PROTECTION LOAN PROGRAM (PPP),,,08,GUARANTEED/INSURED LOAN (F),TO AID SMALL BUSINESSES IN MAINTAINING WORK FORCE DURING COVID-19 PANDEMIC.,NON,NOT RECOVERY ACT,P,INDIVIDUAL,2,NON-AGGREGATE RECORD,,,,,,,,,,,https://www.usaspending.gov/award/ASST_NON_5385828210_073/,2021-01-06 03:33:53.27803+00
ASST_NON_5386748201_073,5386748201,,SAI EXEMPT,O: Non-emergency P.L. 116-136|Non-emergency P.L. 116-139|Non-emergency P.L. 116-260|Non-emergency P.L. 117-2,1777.05,1777.05,,,2020-08-27,2020,0.00,1777.05,,,0.00,1747.00,1777.05,2020-08-07,2020,,,073,Small Business Administration,7300,Small Business Administration,737010,OFC OF CAPITAL ACCESS,073,Small Business Administration,7300,Small Business Administration,737010,OFC OF CAPITAL ACCESS,073-2020/2021-1154-000,073-1154,"41.0: Grants, subsidies, and contributions",0702: LOAN GUARANTEE SUBSIDY,,,PINK HATS LLC,PINK HATS LLC,,,,USA,UNITED STATES,495 MAIN ST W,,21782,EL CENTRO,06025,IMPERIAL,06,CA,CALIFORNIA,92243,,CA-51,CA-25,,,,COUNTY-WIDE,USA,UNITED STATES,CA**025,,06025,IMPERIAL,06,CALIFORNIA,,CA-51,CA-25,,59.073: PAYCHECK PROTECTION LOAN PROGRAM (PPP),,,08,GUARANTEED/INSURED LOAN (F),TO AID SMALL BUSINESSES IN MAINTAINING WORK FORCE DURING COVID-19 PANDEMIC.,NON,NOT RECOVERY ACT,R,SMALL BUSINESS,2,NON-AGGREGATE RECORD,,,,,,,,,,,https://www.usaspending.gov/award/ASST_NON_5386748201_073/,2021-01-06 03:33:53.27803+00
ASST_NON_5406258205_073,5406258205,,SAI EXEMPT,,,,,,2020-08-27,2020,0.00,,,,0.00,0.00,0.00,2020-08-07,2020,,,073,Small Business Administration,7300,Small Business Administration,737010,OFC OF CAPITAL ACCESS,073,Small Business Administration,7300,Small Business Administration,737010,OFC OF CAPITAL ACCESS,,,,,,,"BELL PROPERTY MANAGEMENT, LLC","BELL PROPERTY MANAGEMENT, LLC",,,,USA,UNITED STATES,1101 PACIFIC AVE,1101 PACIFIC AVE,69112,SANTA CRUZ,06087,SANTA CRUZ,06,CA,CALIFORNIA,95060,,CA-18,CA-19,,,,COUNTY-WIDE,USA,UNITED STATES,CA**087,,06087,SANTA CRUZ,06,CALIFORNIA,,CA-18,CA-90,,59.073: PAYCHECK PROTECTION LOAN PROGRAM (PPP),,,08,GUARANTEED/INSURED LOAN (F),TO AID SMALL BUSINESSES IN MAINTAINING WORK FORCE DURING COVID-19 PANDEMIC.,NON,NOT RECOVERY ACT,R,SMALL BUSINESS,2,NON-AGGREGATE RECORD,,,,,,,,,,,https://www.usaspending.gov/award/ASST_NON_5406258205_073/,2021-01-06 03:33:53.27803+00
ASST_NON_5411398206_073,5411398206,,SAI EXEMPT,,,,,,2020-08-27,2020,0.00,,,,0.00,0.00,0.00,2020-08-07,2020,,,073,Small Business Administration,7300,Small Business Administration,737010,OFC OF CAPITAL ACCESS,073,Small Business Administration,7300,Small Business Administration,737010,OFC OF CAPITAL ACCESS,,,,,,,GSS FOOD STOP INC,GSS FOOD STOP INC,,,,USA,UNITED STATES,3800 SAN PABLO DAM RD,STE A,22454,EL SOBRANTE,06013,CONTRA COSTA,06,CA,CALIFORNIA,94803,,CA-11,CA-08,,,,COUNTY-WIDE,USA,UNITED STATES,CA**013,,06013,CONTRA COSTA,06,CALIFORNIA,,CA-11,CA-90,,59.073: PAYCHECK PROTECTION LOAN PROGRAM (PPP),,,08,GUARANTEED/INSURED LOAN (F),TO AID SMALL BUSINESSES IN MAINTAINING WORK FORCE DURING COVID-19 PANDEMIC.,NON,NOT RECOVERY ACT,R,SMALL BUSINESS,2,NON-AGGREGATE RECORD,,,,,,,,,,,https://www.usaspending.gov/award/ASST_NON_5411398206_073/,2021-01-06 03:33:53.27803+00
ASST_NON_5411648209_073,5411648209,,SAI EXEMPT,,,,,,2020-08-27,2020,0.00,,,,0.00,0.00,0.00,2020-08-07,2020,,,073,Small Business Administration,7300,Small Business Administration,737010,OFC OF CAPITAL ACCESS,073,Small Business Administration,7300,Small Business Administration,737010,OFC OF CAPITAL ACCESS,,,,,,,"THE FRET HOUSE, INC","THE FRET HOUSE, INC",,,,USA,UNITED STATES,309 N CITRUS AVE,,16742,COVINA,06037,LOS ANGELES,06,CA,CALIFORNIA,91723,,CA-32,CA-31,,,,COUNTY-WIDE,USA,UNITED STATES,CA**037,,06037,LOS ANGELES,06,CALIFORNIA,,CA-32,CA-90,,59.073: PAYCHECK PROTECTION LOAN PROGRAM (PPP),,,08,GUARANTEED/INSURED LOAN (F),TO AID SMALL BUSINESSES IN MAINTAINING WORK FORCE DURING COVID-19 PANDEMIC.,NON,NOT RECOVERY ACT,R,SMALL BUSINESS,2,NON-AGGREGATE RECORD,,,,,,,,,,,https://www.usaspending.gov/award/ASST_NON_5411648209_073/,2021-01-06 03:33:53.27803+00
ASST_NON_5411868205_073,5411868205,,SAI EXEMPT,,,,,,2020-08-27,2020,0.00,,,,0.00,0.00,0.00,2020-08-07,2020,,,073,Small Business Administration,7300,Small Business Administration,737010,OFC OF CAPITAL ACCESS,073,Small Business Administration,7300,Small Business Administration,737010,OFC OF CAPITAL ACCESS,,,,,,,HAKIM HILL,HAKIM HILL,,,,USA,UNITED STATES,8746 BURNET AVE,308,70924,NORTH HILLS,06037,LOS ANGELES,06,CA,CALIFORNIA,91343,,CA-29,CA-90,,,,COUNTY-WIDE,USA,UNITED STATES,CA**037,,06037,LOS ANGELES,06,CALIFORNIA,,CA-29,CA-90,,59.073: PAYCHECK PROTECTION LOAN PROGRAM (PPP),,,08,GUARANTEED/INSURED LOAN (F),TO AID SMALL BUSINESSES IN MAINTAINING WORK FORCE DURING COVID-19 PANDEMIC.,NON,NOT RECOVERY ACT,P,INDIVIDUAL,2,NON-AGGREGATE RECORD,,,,,,,,,,,https://www.usaspending.gov/award/ASST_NON_5411868205_073/,2021-01-06 03:33:53.27803+00
ASST_NON_5412598209_073,5412598209,,SAI EXEMPT,,,,,,2020-08-27,2020,0.00,,,,0.00,0.00,0.00,2020-08-07,2020,,,073,Small Business Administration,7300,Small Business Administration,737010,OFC OF CAPITAL ACCESS,073,Small Business Administration,7300,Small Business Administration,737010,OFC OF CAPITAL ACCESS,,,,,,,BOBCAT TRACTOR SERVICE,BOBCAT TRACTOR SERVICE,,,,USA,UNITED STATES,32203 VIA BARRIDA,,68028,SAN JUAN CAPISTRANO,06059,ORANGE,06,CA,CALIFORNIA,92675,,CA-49,CA-49,,,,COUNTY-WIDE,USA,UNITED STATES,CA**059,,06059,ORANGE,06,CALIFORNIA,,CA-49,CA-90,,59.073: PAYCHECK PROTECTION LOAN PROGRAM (PPP),,,08,GUARANTEED/INSURED LOAN (F),TO AID SMALL BUSINESSES IN MAINTAINING WORK FORCE DURING COVID-19 PANDEMIC.,NON,NOT RECOVERY ACT,P,INDIVIDUAL,2,NON-AGGREGATE RECORD,,,,,,,,,,,https://www.usaspending.gov/award/ASST_NON_5412598209_073/,2021-01-06 03:33:53.27803+00
ASST_NON_5412668206_073,5412668206,,SAI EXEMPT,,,,,,2020-08-27,2020,0.00,,,,0.00,0.00,0.00,2020-08-07,2020,,,073,Small Business Administration,7300,Small Business Administration,737010,OFC OF CAPITAL ACCESS,073,Small Business Administration,7300,Small Business Administration,737010,OFC OF CAPITAL ACCESS,,,,,,,A TOP AUTO INC,A TOP AUTO INC,,,,USA,UNITED STATES,135 N. LEMON ST,,53980,ORANGE,06059,ORANGE,06,CA,CALIFORNIA,92866,,CA-46,CA-90,,,,COUNTY-WIDE,USA,UNITED STATES,CA**059,,06059,ORANGE,06,CALIFORNIA,,CA-46,CA-90,,59.073: PAYCHECK PROTECTION LOAN PROGRAM (PPP),,,08,GUARANTEED/INSURED LOAN (F),TO AID SMALL BUSINESSES IN MAINTAINING WORK FORCE DURING COVID-19 PANDEMIC.,NON,NOT RECOVERY ACT,R,SMALL BUSINESS,2,NON-AGGREGATE RECORD,,,,,,,,,,,https://www.usaspending.gov/award/ASST_NON_5412668206_073/,2021-01-06 03:33:53.27803+00
ASST_NON_5412778204_073,5412778204,,SAI EXEMPT,,,,,,2020-08-27,2020,0.00,,,,0.00,0.00,0.00,2020-08-07,2020,,,073,Small Business Administration,7300,Small Business Administration,737010,OFC OF CAPITAL ACCESS,073,Small Business Administration,7300,Small Business Administration,737010,OFC OF CAPITAL ACCESS,,,,,,,ANTJUANETTE RACHELE,ANTJUANETTE RACHELE,,,,USA,UNITED STATES,1425 PLEASANT,,44000,LOS ANGELES,06037,LOS ANGELES,06,CA,CALIFORNIA,90033,,CA-34,CA-34,,,,COUNTY-WIDE,USA,UNITED STATES,CA**037,,06037,LOS ANGELES,06,CALIFORNIA,,CA-34,CA-90,,59.073: PAYCHECK PROTECTION LOAN PROGRAM (PPP),,,08,GUARANTEED/INSURED LOAN (F),TO AID SMALL BUSINESSES IN MAINTAINING WORK FORCE DURING COVID-19 PANDEMIC.,NON,NOT RECOVERY ACT,P,INDIVIDUAL,2,NON-AGGREGATE RECORD,,,,,,,,,,,https://www.usaspending.gov/award/ASST_NON_5412778204_073/,2021-01-06 03:33:53.27803+00
ASST_NON_5417558207_073,5417558207,,SAI EXEMPT,,,,,,2020-08-27,2020,0.00,,,,0.00,0.00,0.00,2020-08-07,2020,,,073,Small Business Administration,7300,Small Business Administration,737010,OFC OF CAPITAL ACCESS,073,Small Business Administration,7300,Small Business Administration,737010,OFC OF CAPITAL ACCESS,,,,,,,UCE JUICE LLC,UCE JUICE LLC,,,,USA,UNITED STATES,3330 DEL MONTE BLVD,APT 220,45778,MARINA,06053,MONTEREY,06,CA,CALIFORNIA,93933,,CA-20,CA-19,,,,COUNTY-WIDE,USA,UNITED STATES,CA**053,,06053,MONTEREY,06,CALIFORNIA,,CA-20,CA-90,,59.073: PAYCHECK PROTECTION LOAN PROGRAM (PPP),,,08,GUARANTEED/INSURED LOAN (F),TO AID SMALL BUSINESSES IN MAINTAINING WORK FORCE DURING COVID-19 PANDEMIC.,NON,NOT RECOVERY ACT,P,INDIVIDUAL,2,NON-AGGREGATE RECORD,,,,,,,,,,,https://www.usaspending.gov/award/ASST_NON_5417558207_073/,2021-01-06 03:33:53.27803+00
ASST_NON_5429848208_073,5429848208,,SAI EXEMPT,,,,,,2020-08-27,2020,0.00,,,,0.00,0.00,0.00,2020-08-07,2020,,,073,Small Business Administration,7300,Small Business Administration,737010,OFC OF CAPITAL ACCESS,073,Small Business Administration,7300,Small Business Administration,737010,OFC OF CAPITAL ACCESS,,,,,,,WINDSOR GROUP CORPORATION,WINDSOR GROUP CORPORATION,,,,USA,UNITED STATES,1163 FAIRWAY DR.,SUITE 102,83332,WALNUT,06037,LOS ANGELES,06,CA,CALIFORNIA,91789,,CA-32,CA-38,,,,COUNTY-WIDE,USA,UNITED STATES,CA**037,,06037,LOS ANGELES,06,CALIFORNIA,,CA-32,CA-90,,59.073: PAYCHECK PROTECTION LOAN PROGRAM (PPP),,,08,GUARANTEED/INSURED LOAN (F),TO AID SMALL BUSINESSES IN MAINTAINING WORK FORCE DURING COVID-19 PANDEMIC.,NON,NOT RECOVERY ACT,R,SMALL BUSINESS,2,NON-AGGREGATE RECORD,,,,,,,,,,,https://www.usaspending.gov/award/ASST_NON_5429848208_073/,2021-01-06 03:33:53.27803+00
ASST_NON_5433148202_073,5433148202,,SAI EXEMPT,,,,,,2020-08-27,2020,0.00,,,,0.00,0.00,0.00,2020-08-07,2020,,,073,Small Business Administration,7300,Small Business Administration,737010,OFC OF CAPITAL ACCESS,073,Small Business Administration,7300,Small Business Administration,737010,OFC OF CAPITAL ACCESS,,,,,,,MINASSIE RUSOM,MINASSIE RUSOM,,,,USA,UNITED STATES,780 13TH STREET,215,53000,OAKLAND,06001,ALAMEDA,06,CA,CALIFORNIA,94612,,CA-13,CA-12,,,,COUNTY-WIDE,USA,UNITED STATES,CA**001,,06001,ALAMEDA,06,CALIFORNIA,,CA-13,CA-90,,59.073: PAYCHECK PROTECTION LOAN PROGRAM (PPP),,,08,GUARANTEED/INSURED LOAN (F),TO AID SMALL BUSINESSES IN MAINTAINING WORK FORCE DURING COVID-19 PANDEMIC.,NON,NOT RECOVERY ACT,P,INDIVIDUAL,2,NON-AGGREGATE RECORD,,,,,,,,,,,https://www.usaspending.gov/award/ASST_NON_5433148202_073/,2021-01-06 03:33:53.27803+00
ASST_NON_5436558202_073,5436558202,,SAI EXEMPT,,,,,,2020-08-27,2020,0.00,,,,0.00,0.00,0.00,2020-08-07,2020,,,073,Small Business Administration,7300,Small Business Administration,737010,OFC OF CAPITAL ACCESS,073,Small Business Administration,7300,Small Business Administration,737010,OFC OF CAPITAL ACCESS,,,,,,,VICTOR BARRERA,VICTOR BARRERA,,,,USA,UNITED STATES,157 PARKWOOD AVE N,,56000,PASADENA,06037,LOS ANGELES,06,CA,CALIFORNIA,91107,,CA-27,CA-28,,,,COUNTY-WIDE,USA,UNITED STATES,CA**037,,06037,LOS ANGELES,06,CALIFORNIA,,CA-27,CA-90,,59.073: PAYCHECK PROTECTION LOAN PROGRAM (PPP),,,08,GUARANTEED/INSURED LOAN (F),TO AID SMALL BUSINESSES IN MAINTAINING WORK FORCE DURING COVID-19 PANDEMIC.,NON,NOT RECOVERY ACT,P,INDIVIDUAL,2,NON-AGGREGATE RECORD,,,,,,,,,,,https://www.usaspending.gov/award/ASST_NON_5436558202_073/,2021-01-06 03:33:53.27803+00
ASST_NON_5440258209_073,5440258209,,SAI EXEMPT,,,,,,2020-08-27,2020,0.00,,,,0.00,0.00,0.00,2020-08-07,2020,,,073,Small Business Administration,7300,Small Business Administration,737010,OFC OF CAPITAL ACCESS,073,Small Business Administration,7300,Small Business Administration,737010,OFC OF CAPITAL ACCESS,,,,,,,LA FAMILIA SALINAS LLC,LA FAMILIA SALINAS LLC,,,,USA,UNITED STATES,20770 OLYMPIA RD,,45022,MADERA,06039,MADERA,06,CA,CALIFORNIA,93638,,CA-16,CA-13,,,,COUNTY-WIDE,USA,UNITED STATES,CA**039,,06039,MADERA,06,CALIFORNIA,,CA-16,CA-90,,59.073: PAYCHECK PROTECTION LOAN PROGRAM (PPP),,,08,GUARANTEED/INSURED LOAN (F),TO AID SMALL BUSINESSES IN MAINTAINING WORK FORCE DURING COVID-19 PANDEMIC.,NON,NOT RECOVERY ACT,R,SMALL BUSINESS,2,NON-AGGREGATE RECORD,,,,,,,,,,,https://www.usaspending.gov/award/ASST_NON_5440258209_073/,2021-01-06 03:33:53.27803+00
ASST_NON_5440588203_073,5440588203,,SAI EXEMPT,,,,,,2020-08-27,2020,0.00,,,,0.00,0.00,0.00,2020-08-07,2020,,,073,Small Business Administration,7300,Small Business Administration,737010,OFC OF CAPITAL ACCESS,073,Small Business Administration,7300,Small Business Administration,737010,OFC OF CAPITAL ACCESS,,,,,,,IZABELLS INCOMETAX,IZABELLS INCOMETAX,,,,USA,UNITED STATES,2105 WEST PICO BLVD,SUITE A6,44000,LOS ANGELES,06037,LOS ANGELES,06,CA,CALIFORNIA,90006,,CA-34,CA-34,,,,COUNTY-WIDE,USA,UNITED STATES,CA**037,,06037,LOS ANGELES,06,CALIFORNIA,,CA-34,CA-90,,59.073: PAYCHECK PROTECTION LOAN PROGRAM (PPP),,,08,GUARANTEED/INSURED LOAN (F),TO AID SMALL BUSINESSES IN MAINTAINING WORK FORCE DURING COVID-19 PANDEMIC.,NON,NOT RECOVERY ACT,P,INDIVIDUAL,2,NON-AGGREGATE RECORD,,,,,,,,,,,https://www.usaspending.gov/award/ASST_NON_5440588203_073/,2021-01-06 03:33:53.27803+00
ASST_NON_5448448201_073,5448448201,,SAI EXEMPT,,,,,,2020-08-27,2020,0.00,,,,0.00,0.00,0.00,2020-08-07,2020,,,073,Small Business Administration,7300,Small Business Administration,737010,OFC OF CAPITAL ACCESS,073,Small Business Administration,7300,Small Business Administration,737010,OFC OF CAPITAL ACCESS,,,,,,,A-Z HOSPICE INC.,A-Z HOSPICE INC.,,,,USA,UNITED STATES,1445 LOS AVE E,,72016,SIMI VALLEY,06111,VENTURA,06,CA,CALIFORNIA,93065,,CA-26,CA-26,,,,COUNTY-WIDE,USA,UNITED STATES,CA**111,,06111,VENTURA,06,CALIFORNIA,,CA-26,CA-26,,59.073: PAYCHECK PROTECTION LOAN PROGRAM (PPP),,,08,GUARANTEED/INSURED LOAN (F),TO AID SMALL BUSINESSES IN MAINTAINING WORK FORCE DURING COVID-19 PANDEMIC.,NON,NOT RECOVERY ACT,R,SMALL BUSINESS,2,NON-AGGREGATE RECORD,,,,,,,,,,,https://www.usaspending.gov/award/ASST_NON_5448448201_073/,2021-01-06 03:33:53.27803+00
ASST_NON_5452238200_073,5452238200,,SAI EXEMPT,,,,,,2020-08-27,2020,0.00,,,,0.00,0.00,0.00,2020-08-08,2020,,,073,Small Business Administration,7300,Small Business Administration,737010,OFC OF CAPITAL ACCESS,073,Small Business Administration,7300,Small Business Administration,737010,OFC OF CAPITAL ACCESS,,,,,,,BRIJESH PANCHIGAR,BRIJESH PANCHIGAR,,,,USA,UNITED STATES,100 BARRANCA ST N,,84200,WEST COVINA,06037,LOS ANGELES,06,CA,CALIFORNIA,91791,,CA-32,CA-31,,,,COUNTY-WIDE,USA,UNITED STATES,CA**037,,06037,LOS ANGELES,06,CALIFORNIA,,CA-32,CA-90,,59.073: PAYCHECK PROTECTION LOAN PROGRAM (PPP),,,08,GUARANTEED/INSURED LOAN (F),TO AID SMALL BUSINESSES IN MAINTAINING WORK FORCE DURING COVID-19 PANDEMIC.,NON,NOT RECOVERY ACT,P,INDIVIDUAL,2,NON-AGGREGATE RECORD,,,,,,,,,,,https://www.usaspending.gov/award/ASST_NON_5452238200_073/,2021-01-06 03:33:53.27803+00
ASST_NON_5460458207_073,5460458207,,SAI EXEMPT,,,,,,2020-08-27,2020,0.00,,,,0.00,0.00,0.00,2020-08-08,2020,,,073,Small Business Administration,7300,Small Business Administration,737010,OFC OF CAPITAL ACCESS,073,Small Business Administration,7300,Small Business Administration,737010,OFC OF CAPITAL ACCESS,,,,,,,THAO NGUYEN,THAO NGUYEN,,,,USA,UNITED STATES,16151 CACHE ST,,25380,FOUNTAIN VALLEY,06059,ORANGE,06,CA,CALIFORNIA,92708,,CA-48,CA-45,,,,COUNTY-WIDE,USA,UNITED STATES,CA**059,,06059,ORANGE,06,CALIFORNIA,,CA-48,CA-90,,59.073: PAYCHECK PROTECTION LOAN PROGRAM (PPP),,,08,GUARANTEED/INSURED LOAN (F),TO AID SMALL BUSINESSES IN MAINTAINING WORK FORCE DURING COVID-19 PANDEMIC.,NON,NOT RECOVERY ACT,P,INDIVIDUAL,2,NON-AGGREGATE RECORD,,,,,,,,,,,https://www.usaspending.gov/award/ASST_NON_5460458207_073/,2021-01-06 03:33:53.27803+00
ASST_NON_5460828200_073,5460828200,,SAI EXEMPT,,,,,,2020-08-27,2020,0.00,,,,0.00,0.00,0.00,2020-08-08,2020,,,073,Small Business Administration,7300,Small Business Administration,737010,OFC OF CAPITAL ACCESS,073,Small Business Administration,7300,Small Business Administration,737010,OFC OF CAPITAL ACCESS,,,,,,,KENM CONSULTING LLC,KENM CONSULTING LLC,,,,USA,UNITED STATES,6575 CORDIERITE CT,,47976,MIRA LOMA,06065,RIVERSIDE,06,CA,CALIFORNIA,91752,,CA-41,CA-90,,,,COUNTY-WIDE,USA,UNITED STATES,CA**065,,06065,RIVERSIDE,06,CALIFORNIA,,CA-41,CA-90,,59.073: PAYCHECK PROTECTION LOAN PROGRAM (PPP),,,08,GUARANTEED/INSURED LOAN (F),TO AID SMALL BUSINESSES IN MAINTAINING WORK FORCE DURING COVID-19 PANDEMIC.,NON,NOT RECOVERY ACT,P,INDIVIDUAL,2,NON-AGGREGATE RECORD,,,,,,,,,,,https://www.usaspending.gov/award/ASST_NON_5460828200_073/,2021-01-06 03:33:53.27803+00
ASST_NON_5460918203_073,5460918203,,SAI EXEMPT,,,,,,2020-08-27,2020,0.00,,,,0.00,0.00,0.00,2020-08-08,2020,,,073,Small Business Administration,7300,Small Business Administration,737010,OFC OF CAPITAL ACCESS,073,Small Business Administration,7300,Small Business Administration,737010,OFC OF CAPITAL ACCESS,,,,,,,FANTASIA FORD,FANTASIA FORD,,,,USA,UNITED STATES,5923 PEPPERWOOD AVE,,39892,LAKEWOOD,06037,LOS ANGELES,06,CA,CALIFORNIA,90712,,CA-38,CA-44,,,,COUNTY-WIDE,USA,UNITED STATES,CA**037,,06037,LOS ANGELES,06,CALIFORNIA,,CA-38,CA-90,,59.073: PAYCHECK PROTECTION LOAN PROGRAM (PPP),,,08,GUARANTEED/INSURED LOAN (F),TO AID SMALL BUSINESSES IN MAINTAINING WORK FORCE DURING COVID-19 PANDEMIC.,NON,NOT RECOVERY ACT,P,INDIVIDUAL,2,NON-AGGREGATE RECORD,,,,,,,,,,,https://www.usaspending.gov/award/ASST_NON_5460918203_073/,2021-01-06 03:33:53.27803+00
ASST_NON_5468448209_073,5468448209,,SAI EXEMPT,,,,,,2020-08-27,2020,0.00,,,,0.00,0.00,0.00,2020-08-08,2020,,,073,Small Business Administration,7300,Small Business Administration,737010,OFC OF CAPITAL ACCESS,073,Small Business Administration,7300,Small Business Administration,737010,OFC OF CAPITAL ACCESS,,,,,,,GOLDEN GATE GLOBAL CERTIFICATION INC,GOLDEN GATE GLOBAL CERTIFICATION INC,,,,USA,UNITED STATES,460 CENTER ST UNIT 6833,,49187,MORAGA,06013,CONTRA COSTA,06,CA,CALIFORNIA,94570,,CA-11,CA-10,,,,COUNTY-WIDE,USA,UNITED STATES,CA**013,,06013,CONTRA COSTA,06,CALIFORNIA,,CA-11,CA-90,,59.073: PAYCHECK PROTECTION LOAN PROGRAM (PPP),,,08,GUARANTEED/INSURED LOAN (F),TO AID SMALL BUSINESSES IN MAINTAINING WORK FORCE DURING COVID-19 PANDEMIC.,NON,NOT RECOVERY ACT,R,SMALL BUSINESS,2,NON-AGGREGATE RECORD,,,,,,,,,,,https://www.usaspending.gov/award/ASST_NON_5468448209_073/,2021-01-06 03:33:53.27803+00
ASST_NON_5477608200_073,5477608200,,SAI EXEMPT,,,,,,2020-08-27,2020,0.00,,,,0.00,0.00,0.00,2020-08-08,2020,,,073,Small Business Administration,7300,Small Business Administration,737010,OFC OF CAPITAL ACCESS,073,Small Business Administration,7300,Small Business Administration,737010,OFC OF CAPITAL ACCESS,,,,,,,KIRBY CONSTRUCTION AND ROOFING,KIRBY CONSTRUCTION AND ROOFING,,,,USA,UNITED STATES,37251 OLD STAGE RD.,,31428,GUALALA,06045,MENDOCINO,06,CA,CALIFORNIA,95445,,CA-02,CA-02,,,,COUNTY-WIDE,USA,UNITED STATES,CA**045,,06045,MENDOCINO,06,CALIFORNIA,,CA-02,CA-02,,59.073: PAYCHECK PROTECTION LOAN PROGRAM (PPP),,,08,GUARANTEED/INSURED LOAN (F),TO AID SMALL BUSINESSES IN MAINTAINING WORK FORCE DURING COVID-19 PANDEMIC.,NON,NOT RECOVERY ACT,P,INDIVIDUAL,2,NON-AGGREGATE RECORD,,,,,,,,,,,https://www.usaspending.gov/award/ASST_NON_5477608200_073/,2021-01-06 03:33:53.27803+00
ASST_NON_5483128205_073,5483128205,,SAI EXEMPT,,,,,,2020-08-27,2020,0.00,,,,0.00,0.00,0.00,2020-08-08,2020,,,073,Small Business Administration,7300,Small Business Administration,737010,OFC OF CAPITAL ACCESS,073,Small Business Administration,7300,Small Business Administration,737010,OFC OF CAPITAL ACCESS,,,,,,,MARISCOS MIRAMAR,MARISCOS MIRAMAR,,,,USA,UNITED STATES,14236 BELLFLOWER ROAD,,04982,BELLFLOWER,06037,LOS ANGELES,06,CA,CALIFORNIA,90706,,CA-40,CA-42,,,,COUNTY-WIDE,USA,UNITED STATES,CA**037,,06037,LOS ANGELES,06,CALIFORNIA,,CA-40,CA-90,,59.073: PAYCHECK PROTECTION LOAN PROGRAM (PPP),,,08,GUARANTEED/INSURED LOAN (F),TO AID SMALL BUSINESSES IN MAINTAINING WORK FORCE DURING COVID-19 PANDEMIC.,NON,NOT RECOVERY ACT,P,INDIVIDUAL,2,NON-AGGREGATE RECORD,,,,,,,,,,,https://www.usaspending.gov/award/ASST_NON_5483128205_073/,2021-01-06 03:33:53.27803+00
ASST_NON_5483578200_073,5483578200,,SAI EXEMPT,,,,,,2020-08-27,2020,0.00,,,,0.00,0.00,0.00,2020-08-08,2020,,,073,Small Business Administration,7300,Small Business Administration,737010,OFC OF CAPITAL ACCESS,073,Small Business Administration,7300,Small Business Administration,737010,OFC OF CAPITAL ACCESS,,,,,,,SHAREE KELLOGG,SHAREE KELLOGG,,,,USA,UNITED STATES,7546 PARKWAY DR,,40004,LA MESA,06073,SAN DIEGO,06,CA,CALIFORNIA,91942,,CA-53,CA-51,,,,COUNTY-WIDE,USA,UNITED STATES,CA**073,,06073,SAN DIEGO,06,CALIFORNIA,,CA-53,CA-90,,59.073: PAYCHECK PROTECTION LOAN PROGRAM (PPP),,,08,GUARANTEED/INSURED LOAN (F),TO AID SMALL BUSINESSES IN MAINTAINING WORK FORCE DURING COVID-19 PANDEMIC.,NON,NOT RECOVERY ACT,P,INDIVIDUAL,2,NON-AGGREGATE RECORD,,,,,,,,,,,https://www.usaspending.gov/award/ASST_NON_5483578200_073/,2021-01-06 03:33:53.27803+00
ASST_NON_5488238202_073,5488238202,,SAI EXEMPT,,,,,,2020-08-27,2020,0.00,,,,0.00,0.00,0.00,2020-08-08,2020,,,073,Small Business Administration,7300,Small Business Administration,737010,OFC OF CAPITAL ACCESS,073,Small Business Administration,7300,Small Business Administration,737010,OFC OF CAPITAL ACCESS,,,,,,,AZUCENA WHOLESALE FLOWER,AZUCENA WHOLESALE FLOWER,,,,USA,UNITED STATES,825 S. SAN PEDRO STREET,UNIT 113,44000,LOS ANGELES,06037,LOS ANGELES,06,CA,CALIFORNIA,90014,,CA-34,CA-90,,,,COUNTY-WIDE,USA,UNITED STATES,CA**037,,06037,LOS ANGELES,06,CALIFORNIA,,CA-34,CA-90,,59.073: PAYCHECK PROTECTION LOAN PROGRAM (PPP),,,08,GUARANTEED/INSURED LOAN (F),TO AID SMALL BUSINESSES IN MAINTAINING WORK FORCE DURING COVID-19 PANDEMIC.,NON,NOT RECOVERY ACT,P,INDIVIDUAL,2,NON-AGGREGATE RECORD,,,,,,,,,,,https://www.usaspending.gov/award/ASST_NON_5488238202_073/,2021-01-06 03:33:53.27803+00
ASST_NON_5488258208_073,5488258208,,SAI EXEMPT,,,,,,2020-08-27,2020,0.00,,,,0.00,0.00,0.00,2020-08-08,2020,,,073,Small Business Administration,7300,Small Business Administration,737010,OFC OF CAPITAL ACCESS,073,Small Business Administration,7300,Small Business Administration,737010,OFC OF CAPITAL ACCESS,,,,,,,THAO NGUYEN,THAO NGUYEN,,,,USA,UNITED STATES,5 W RICHMOND AVE,,60620,RICHMOND,06013,CONTRA COSTA,06,CA,CALIFORNIA,94801,,CA-11,CA-08,,,,COUNTY-WIDE,USA,UNITED STATES,CA**013,,06013,CONTRA COSTA,06,CALIFORNIA,,CA-11,CA-90,,59.073: PAYCHECK PROTECTION LOAN PROGRAM (PPP),,,08,GUARANTEED/INSURED LOAN (F),TO AID SMALL BUSINESSES IN MAINTAINING WORK FORCE DURING COVID-19 PANDEMIC.,NON,NOT RECOVERY ACT,P,INDIVIDUAL,2,NON-AGGREGATE RECORD,,,,,,,,,,,https://www.usaspending.gov/award/ASST_NON_5488258208_073/,2021-01-06 03:33:53.27803+00
ASST_NON_5497568209_073,5497568209,,SAI EXEMPT,,,,,,2020-08-27,2020,0.00,,,,0.00,0.00,0.00,2020-08-08,2020,,,073,Small Business Administration,7300,Small Business Administration,737010,OFC OF CAPITAL ACCESS,073,Small Business Administration,7300,Small Business Administration,737010,OFC OF CAPITAL ACCESS,,,,,,,DEL NORTE FORWARDING INC,DEL NORTE FORWARDING INC,,,,USA,UNITED STATES,2155 PASEO DE LAS AMERICAS,33,66000,SAN DIEGO,06073,SAN DIEGO,06,CA,CALIFORNIA,92154,,CA-51,CA-52,,,,COUNTY-WIDE,USA,UNITED STATES,CA**073,,06073,SAN DIEGO,06,CALIFORNIA,,CA-51,CA-90,,59.073: PAYCHECK PROTECTION LOAN PROGRAM (PPP),,,08,GUARANTEED/INSURED LOAN (F),TO AID SMALL BUSINESSES IN MAINTAINING WORK FORCE DURING COVID-19 PANDEMIC.,NON,NOT RECOVERY ACT,P,INDIVIDUAL,2,NON-AGGREGATE RECORD,,,,,,,,,,,https://www.usaspending.gov/award/ASST_NON_5497568209_073/,2021-01-06 03:33:53.27803+00
ASST_NON_5498828206_073,5498828206,,SAI EXEMPT,,,,,,2020-08-27,2020,0.00,,,,0.00,0.00,0.00,2020-08-08,2020,,,073,Small Business Administration,7300,Small Business Administration,737010,OFC OF CAPITAL ACCESS,073,Small Business Administration,7300,Small Business Administration,737010,OFC OF CAPITAL ACCESS,,,,,,,TELESALES TRAINING GROUP LLC,TELESALES TRAINING GROUP LLC,,,,USA,UNITED STATES,42200 MARGARITA RD,APT 1311,78120,TEMECULA,06065,RIVERSIDE,06,CA,CALIFORNIA,92592,,CA-42,CA-48,,,,COUNTY-WIDE,USA,UNITED STATES,CA**065,,06065,RIVERSIDE,06,CALIFORNIA,,CA-42,CA-90,,59.073: PAYCHECK PROTECTION LOAN PROGRAM (PPP),,,08,GUARANTEED/INSURED LOAN (F),TO AID SMALL BUSINESSES IN MAINTAINING WORK FORCE DURING COVID-19 PANDEMIC.,NON,NOT RECOVERY ACT,P,INDIVIDUAL,2,NON-AGGREGATE RECORD,,,,,,,,,,,https://www.usaspending.gov/award/ASST_NON_5498828206_073/,2021-01-06 03:33:53.27803+00
ASST_NON_5499238208_073,5499238208,,SAI EXEMPT,,,,,,2020-08-27,2020,0.00,,,,0.00,0.00,0.00,2020-08-08,2020,,,073,Small Business Administration,7300,Small Business Administration,737010,OFC OF CAPITAL ACCESS,073,Small Business Administration,7300,Small Business Administration,737010,OFC OF CAPITAL ACCESS,,,,,,,SHEILA MCCALLA,SHEILA MCCALLA,,,,USA,UNITED STATES,120 PACIFIC ST N,,68196,SAN MARCOS,06073,SAN DIEGO,06,CA,CALIFORNIA,92069,,CA-50,CA-50,,,,COUNTY-WIDE,USA,UNITED STATES,CA**073,,06073,SAN DIEGO,06,CALIFORNIA,,CA-50,CA-90,,59.073: PAYCHECK PROTECTION LOAN PROGRAM (PPP),,,08,GUARANTEED/INSURED LOAN (F),TO AID SMALL BUSINESSES IN MAINTAINING WORK FORCE DURING COVID-19 PANDEMIC.,NON,NOT RECOVERY ACT,P,INDIVIDUAL,2,NON-AGGREGATE RECORD,,,,,,,,,,,https://www.usaspending.gov/award/ASST_NON_5499238208_073/,2021-01-06 03:33:53.27803+00
ASST_NON_5575168203_073,5575168203,,SAI EXEMPT,,,,,,2020-08-27,2020,0.00,,,,0.00,0.00,0.00,2020-08-08,2020,,,073,Small Business Administration,7300,Small Business Administration,737010,OFC OF CAPITAL ACCESS,073,Small Business Administration,7300,Small Business Administration,737010,OFC OF CAPITAL ACCESS,,,,,,,MAUM RESTAURANT GROUP CA LLC,MAUM RESTAURANT GROUP CA LLC,,,,USA,UNITED STATES,322 UNIVERSITY AVE,,55282,PALO ALTO,06085,SANTA CLARA,06,CA,CALIFORNIA,94301,,CA-18,CA-16,,,,COUNTY-WIDE,USA,UNITED STATES,CA**085,,06085,SANTA CLARA,06,CALIFORNIA,,CA-18,CA-90,,59.073: PAYCHECK PROTECTION LOAN PROGRAM (PPP),,,08,GUARANTEED/INSURED LOAN (F),TO AID SMALL BUSINESSES IN MAINTAINING WORK FORCE DURING COVID-19 PANDEMIC.,NON,NOT RECOVERY ACT,R,SMALL BUSINESS,2,NON-AGGREGATE RECORD,,,,,,,,,,,https://www.usaspending.gov/award/ASST_NON_5575168203_073/,2021-01-06 03:33:53.27803+00
ASST_NON_5605668202_073,5605668202,,SAI EXEMPT,,,,,,2020-08-27,2020,0.00,,,,0.00,0.00,0.00,2020-08-08,2020,,,073,Small Business Administration,7300,Small Business Administration,737010,OFC OF CAPITAL ACCESS,073,Small Business Administration,7300,Small Business Administration,737010,OFC OF CAPITAL ACCESS,,,,,,,PUPS_N_STYLE,PUPS_N_STYLE,,,,USA,UNITED STATES,15969 YARNELL ST,,77546,SYLMAR,06037,LOS ANGELES,06,CA,CALIFORNIA,91342,,CA-28,CA-29,,,,COUNTY-WIDE,USA,UNITED STATES,CA**037,,06037,LOS ANGELES,06,CALIFORNIA,,CA-28,CA-90,,59.073: PAYCHECK PROTECTION LOAN PROGRAM (PPP),,,08,GUARANTEED/INSURED LOAN (F),TO AID SMALL BUSINESSES IN MAINTAINING WORK FORCE DURING COVID-19 PANDEMIC.,NON,NOT RECOVERY ACT,P,INDIVIDUAL,2,NON-AGGREGATE RECORD,,,,,,,,,,,https://www.usaspending.gov/award/ASST_NON_5605668202_073/,2021-01-06 03:33:53.27803+00
ASST_NON_5665838207_073,5665838207,,SAI EXEMPT,O: Non-emergency P.L. 116-136|Non-emergency P.L. 116-139|Non-emergency P.L. 116-260|Non-emergency P.L. 117-2,21157.76,21157.76,,,2020-08-27,2020,0.00,21157.76,,,0.00,20800.00,21157.76,2020-08-08,2020,,,073,Small Business Administration,7300,Small Business Administration,737010,OFC OF CAPITAL ACCESS,073,Small Business Administration,7300,Small Business Administration,737010,OFC OF CAPITAL ACCESS,073-2020/2021-1154-000,073-1154,"41.0: Grants, subsidies, and contributions",0702: LOAN GUARANTEE SUBSIDY,,,"RILEY SHANAHAN, INC.","RILEY SHANAHAN, INC.",,,,USA,UNITED STATES,"21700, OXNARD STREET 950,",,86356,WOODLAND HILLS,06037,LOS ANGELES,06,CA,CALIFORNIA,91367,,CA-30,CA-32,,,,COUNTY-WIDE,USA,UNITED STATES,CA**037,,06037,LOS ANGELES,06,CALIFORNIA,,CA-30,CA-90,,59.073: PAYCHECK PROTECTION LOAN PROGRAM (PPP),,,08,GUARANTEED/INSURED LOAN (F),TO AID SMALL BUSINESSES IN MAINTAINING WORK FORCE DURING COVID-19 PANDEMIC.,NON,NOT RECOVERY ACT,R,SMALL BUSINESS,2,NON-AGGREGATE RECORD,,,,,,,,,,,https://www.usaspending.gov/award/ASST_NON_5665838207_073/,2021-01-06 03:33:53.27803+00
ASST_NON_5696988209_073,5696988209,,SAI EXEMPT,O: Non-emergency P.L. 116-136|Non-emergency P.L. 116-139|Non-emergency P.L. 116-260|Non-emergency P.L. 117-2,21191.32,21191.32,,,2020-08-27,2020,0.00,21191.32,,,0.00,20833.00,21191.32,2020-08-08,2020,,,073,Small Business Administration,7300,Small Business Administration,737010,OFC OF CAPITAL ACCESS,073,Small Business Administration,7300,Small Business Administration,737010,OFC OF CAPITAL ACCESS,073-2020/2021-1154-000,073-1154,"41.0: Grants, subsidies, and contributions",0702: LOAN GUARANTEE SUBSIDY,,,HARPEREX CORP.,HARPEREX CORP.,,,,USA,UNITED STATES,21945 MIKHAIL ST,,69088,SANTA CLARITA,06037,LOS ANGELES,06,CA,CALIFORNIA,91390,,CA-25,CA-27,,,,COUNTY-WIDE,USA,UNITED STATES,CA**037,,06037,LOS ANGELES,06,CALIFORNIA,,CA-25,CA-90,,59.073: PAYCHECK PROTECTION LOAN PROGRAM (PPP),,,08,GUARANTEED/INSURED LOAN (F),TO AID SMALL BUSINESSES IN MAINTAINING WORK FORCE DURING COVID-19 PANDEMIC.,NON,NOT RECOVERY ACT,R,SMALL BUSINESS,2,NON-AGGREGATE RECORD,,,,,,,,,,,https://www.usaspending.gov/award/ASST_NON_5696988209_073/,2021-01-06 03:33:53.27803+00
ASST_NON_6075387800_073,6075387800,,SAI EXEMPT,O: Non-emergency P.L. 116-136|Non-emergency P.L. 116-139|Non-emergency P.L. 116-260|Non-emergency P.L. 117-2,,0.00,,,2020-08-27,2020,0.00,0.00,,,0.00,0.00,0.00,2020-06-01,2020,,,073,Small Business Administration,7300,Small Business Administration,737010,OFC OF CAPITAL ACCESS,073,Small Business Administration,7300,Small Business Administration,737010,OFC OF CAPITAL ACCESS,073-2020/2021-1154-000,073-1154,"41.0: Grants, subsidies, and contributions",0702: LOAN GUARANTEE SUBSIDY,,,IN LANGUAGE RADIO,IN LANGUAGE RADIO,,,,USA,UNITED STATES,342 DAY ST,,67000,SAN FRANCISCO,06075,SAN FRANCISCO,06,CA,CALIFORNIA,94131,,CA-12,CA-11,,,,COUNTY-WIDE,USA,UNITED STATES,CA**075,,06075,SAN FRANCISCO,06,CALIFORNIA,,CA-12,CA-90,,59.073: PAYCHECK PROTECTION LOAN PROGRAM (PPP),,,08,GUARANTEED/INSURED LOAN (F),TO AID SMALL BUSINESSES IN MAINTAINING WORK FORCE DURING COVID-19 PANDEMIC.,NON,NOT RECOVERY ACT,R,SMALL BUSINESS,2,NON-AGGREGATE RECORD,,,,,,,,,,,https://www.usaspending.gov/award/ASST_NON_6075387800_073/,2021-01-06 03:33:53.27803+00
ASST_NON_6203878001_073,6203878001,,SAI EXEMPT,O: Non-emergency P.L. 116-136|Non-emergency P.L. 116-139|Non-emergency P.L. 116-260|Non-emergency P.L. 117-2,,0.00,,,2020-08-27,2020,0.00,0.00,,,0.00,0.00,0.00,2020-06-30,2020,,,073,Small Business Administration,7300,Small Business Administration,737010,OFC OF CAPITAL ACCESS,073,Small Business Administration,7300,Small Business Administration,737010,OFC OF CAPITAL ACCESS,073-2020/2021-1154-000,073-1154,"41.0: Grants, subsidies, and contributions",0702: LOAN GUARANTEE SUBSIDY,,,JR CASTANEDA HEAVY HAUL,JR CASTANEDA HEAVY HAUL,,,,USA,UNITED STATES,551 MOCKINGBIRD LANE,,24092,FILLMORE,06111,VENTURA,06,CA,CALIFORNIA,93015,,CA-26,CA-26,,,,COUNTY-WIDE,USA,UNITED STATES,CA**111,,06111,VENTURA,06,CALIFORNIA,,CA-26,CA-26,,59.073: PAYCHECK PROTECTION LOAN PROGRAM (PPP),,,08,GUARANTEED/INSURED LOAN (F),TO AID SMALL BUSINESSES IN MAINTAINING WORK FORCE DURING COVID-19 PANDEMIC.,NON,NOT RECOVERY ACT,R,SMALL BUSINESS,2,NON-AGGREGATE RECORD,,,,,,,,,,,https://www.usaspending.gov/award/ASST_NON_6203878001_073/,2021-01-06 03:33:53.27803+00
ASST_NON_6310017806_073,6310017806,,SAI EXEMPT,O: Non-emergency P.L. 116-136|Non-emergency P.L. 116-139|Non-emergency P.L. 116-260|Non-emergency P.L. 117-2,,0.00,,,2020-08-27,2020,0.00,0.00,,,0.00,0.00,0.00,2020-06-01,2020,,,073,Small Business Administration,7300,Small Business Administration,737010,OFC OF CAPITAL ACCESS,073,Small Business Administration,7300,Small Business Administration,737010,OFC OF CAPITAL ACCESS,073-2020/2021-1154-000,073-1154,"41.0: Grants, subsidies, and contributions",0702: LOAN GUARANTEE SUBSIDY,,,ZURGERBERG INC,ZURGERBERG INC,,,,USA,UNITED STATES,321 MAGELLAN AVE,,31708,HALF MOON BAY,06081,SAN MATEO,06,CA,CALIFORNIA,94019,,CA-14,CA-16,,,,COUNTY-WIDE,USA,UNITED STATES,CA**081,,06081,SAN MATEO,06,CALIFORNIA,,CA-14,CA-90,,59.073: PAYCHECK PROTECTION LOAN PROGRAM (PPP),,,08,GUARANTEED/INSURED LOAN (F),TO AID SMALL BUSINESSES IN MAINTAINING WORK FORCE DURING COVID-19 PANDEMIC.,NON,NOT RECOVERY ACT,R,SMALL BUSINESS,2,NON-AGGREGATE RECORD,,,,,,,,,,,https://www.usaspending.gov/award/ASST_NON_6310017806_073/,2021-01-06 03:33:53.27803+00
ASST_NON_6349267808_073,6349267808,,SAI EXEMPT,O: Non-emergency P.L. 116-136|Non-emergency P.L. 116-139|Non-emergency P.L. 116-260|Non-emergency P.L. 117-2,,0.00,,,2020-08-27,2020,0.00,0.00,,,0.00,0.00,0.00,2020-06-01,2020,,,073,Small Business Administration,7300,Small Business Administration,737010,OFC OF CAPITAL ACCESS,073,Small Business Administration,7300,Small Business Administration,737010,OFC OF CAPITAL ACCESS,073-2020/2021-1154-000,073-1154,"41.0: Grants, subsidies, and contributions",0702: LOAN GUARANTEE SUBSIDY,,,JC SQUARE US INC,JC SQUARE US INC,,,,USA,UNITED STATES,5200 KANAN ROAD,SUITE 229,00394,AGOURA HILLS,06037,LOS ANGELES,06,CA,CALIFORNIA,91301,,CA-33,CA-26,,,,COUNTY-WIDE,USA,UNITED STATES,CA**037,,06037,LOS ANGELES,06,CALIFORNIA,,CA-33,CA-90,,59.073: PAYCHECK PROTECTION LOAN PROGRAM (PPP),,,08,GUARANTEED/INSURED LOAN (F),TO AID SMALL BUSINESSES IN MAINTAINING WORK FORCE DURING COVID-19 PANDEMIC.,NON,NOT RECOVERY ACT,R,SMALL BUSINESS,2,NON-AGGREGATE RECORD,,,,,,,,,,,https://www.usaspending.gov/award/ASST_NON_6349267808_073/,2021-01-06 03:33:53.27803+00
ASST_NON_6486448000_073,6486448000,,SAI EXEMPT,O: Non-emergency P.L. 116-136|Non-emergency P.L. 116-139|Non-emergency P.L. 116-260|Non-emergency P.L. 117-2,,0.00,,,2020-08-27,2020,0.00,0.00,,,0.00,0.00,0.00,2020-06-30,2020,,,073,Small Business Administration,7300,Small Business Administration,737010,OFC OF CAPITAL ACCESS,073,Small Business Administration,7300,Small Business Administration,737010,OFC OF CAPITAL ACCESS,073-2020/2021-1154-000,073-1154,"41.0: Grants, subsidies, and contributions",0702: LOAN GUARANTEE SUBSIDY,,,DRIVEN GARAGE,DRIVEN GARAGE,,,,USA,UNITED STATES,1960 MANDELA PARKWAY,,53000,OAKLAND,06001,ALAMEDA,06,CA,CALIFORNIA,94607,,CA-13,CA-12,,,,COUNTY-WIDE,USA,UNITED STATES,CA**001,,06001,ALAMEDA,06,CALIFORNIA,,CA-13,CA-90,,59.073: PAYCHECK PROTECTION LOAN PROGRAM (PPP),,,08,GUARANTEED/INSURED LOAN (F),TO AID SMALL BUSINESSES IN MAINTAINING WORK FORCE DURING COVID-19 PANDEMIC.,NON,NOT RECOVERY ACT,R,SMALL BUSINESS,2,NON-AGGREGATE RECORD,,,,,,,,,,,https://www.usaspending.gov/award/ASST_NON_6486448000_073/,2021-01-06 03:33:53.27803+00
ASST_NON_6525618203_073,6525618203,,SAI EXEMPT,"9: DEFC of '9' Indicates that the data for this row is not related to a COVID-19 P.L. (DEFC not one of the following: ['L', 'M', 'N', 'O', 'P', 'U', 'V']), but that the agency has declined to specify which other DEFC (or combination of DEFCs, in the case that the money hasn't been split out like it would be with a specific DEFC value) applies. This code was discontinued on July 13, 2021.;Q: Not Designated Nonemergency/Emergency/Disaster/Wildfire Suppression",,,,,2020-08-27,2020,0.00,9378.60,,,0.00,2842000.00,9378.60,2020-08-27,2020,,,073,Small Business Administration,7300,Small Business Administration,737010,OFC OF CAPITAL ACCESS,073,Small Business Administration,7300,Small Business Administration,737010,OFC OF CAPITAL ACCESS,073-X-1154-000,073-1154,"41.0: Grants, subsidies, and contributions",0702: LOAN GUARANTEE SUBSIDY,,,C G &C BROTHERS INC,C G &C BROTHERS INC,,,,USA,UNITED STATES,6950-6954 LINDA VISTA RD,2405 ULRIC STREET,66000,SAN DIEGO,06073,SAN DIEGO,06,CA,CALIFORNIA,92111,,CA-52,CA-51,,,,COUNTY-WIDE,USA,UNITED STATES,CA**073,,06073,SAN DIEGO,06,CALIFORNIA,,CA-52,CA-90,,59.012: 7(A) LOAN GUARANTEES,,,08,GUARANTEED/INSURED LOAN (F),TO AID SMALL BUSINESSES WHICH ARE UNABLE TO OBTAIN FINANCING IN THE PRIVATE CREDIT MARKETPLACE,NON,NOT RECOVERY ACT,R,SMALL BUSINESS,2,NON-AGGREGATE RECORD,,,,,,,,,,,https://www.usaspending.gov/award/ASST_NON_6525618203_073/,2020-09-04 13:44:33.675634+00
ASST_NON_6525628206_073,6525628206,,SAI EXEMPT,"9: DEFC of '9' Indicates that the data for this row is not related to a COVID-19 P.L. (DEFC not one of the following: ['L', 'M', 'N', 'O', 'P', 'U', 'V']), but that the agency has declined to specify which other DEFC (or combination of DEFCs, in the case that the money hasn't been split out like it would be with a specific DEFC value) applies. This code was discontinued on July 13, 2021.;Q: Not Designated Nonemergency/Emergency/Disaster/Wildfire Suppression",,,,,2020-08-27,2020,0.00,1650.00,,,0.00,500000.00,1650.00,2020-08-27,2020,,,073,Small Business Administration,7300,Small Business Administration,737010,OFC OF CAPITAL ACCESS,073,Small Business Administration,7300,Small Business Administration,737010,OFC OF CAPITAL ACCESS,073-X-1154-000,073-1154,"41.0: Grants, subsidies, and contributions",0702: LOAN GUARANTEE SUBSIDY,,,"DDLK, INC.","DDLK, INC.",,,,USA,UNITED STATES,3410 GRAND AVE STE G,,13214,CHINO HILLS,06071,SAN BERNARDINO,06,CA,CALIFORNIA,91709,,CA-39,CA-90,,,,COUNTY-WIDE,USA,UNITED STATES,CA**071,,06071,SAN BERNARDINO,06,CALIFORNIA,,CA-39,CA-90,,59.012: 7(A) LOAN GUARANTEES,,,08,GUARANTEED/INSURED LOAN (F),TO AID SMALL BUSINESSES WHICH ARE UNABLE TO OBTAIN FINANCING IN THE PRIVATE CREDIT MARKETPLACE,NON,NOT RECOVERY ACT,R,SMALL BUSINESS,2,NON-AGGREGATE RECORD,,,,,,,,,,,https://www.usaspending.gov/award/ASST_NON_6525628206_073/,2020-09-04 13:44:33.675634+00
ASST_NON_6526028205_073,6526028205,,SAI EXEMPT,"9: DEFC of '9' Indicates that the data for this row is not related to a COVID-19 P.L. (DEFC not one of the following: ['L', 'M', 'N', 'O', 'P', 'U', 'V']), but that the agency has declined to specify which other DEFC (or combination of DEFCs, in the case that the money hasn't been split out like it would be with a specific DEFC value) applies. This code was discontinued on July 13, 2021.;Q: Not Designated Nonemergency/Emergency/Disaster/Wildfire Suppression",,,,,2020-08-27,2020,0.00,660.00,,,0.00,200000.00,660.00,2020-08-27,2020,,,073,Small Business Administration,7300,Small Business Administration,737010,OFC OF CAPITAL ACCESS,073,Small Business Administration,7300,Small Business Administration,737010,OFC OF CAPITAL ACCESS,073-X-1154-000,073-1154,"41.0: Grants, subsidies, and contributions",0702: LOAN GUARANTEE SUBSIDY,,,"ERICK S. LUKMAN, D.D.S., INC.","ERICK S. LUKMAN, D.D.S., INC.",,,,USA,UNITED STATES,2480 MISSION ST STE 325,,67000,SAN FRANCISCO,06075,SAN FRANCISCO,06,CA,CALIFORNIA,94110,,CA-12,CA-11,,,,COUNTY-WIDE,USA,UNITED STATES,CA**075,,06075,SAN FRANCISCO,06,CALIFORNIA,,CA-12,CA-90,,59.012: 7(A) LOAN GUARANTEES,,,08,GUARANTEED/INSURED LOAN (F),TO AID SMALL BUSINESSES WHICH ARE UNABLE TO OBTAIN FINANCING IN THE PRIVATE CREDIT MARKETPLACE,NON,NOT RECOVERY ACT,R,SMALL BUSINESS,2,NON-AGGREGATE RECORD,,,,,,,,,,,https://www.usaspending.gov/award/ASST_NON_6526028205_073/,2020-09-04 13:44:33.675634+00
ASST_NON_6564698208_073,6564698208,,SAI EXEMPT,,,,,,2020-08-27,2020,0.00,,,,0.00,852000.00,0.00,2020-08-27,2020,,,073,Small Business Administration,7300,Small Business Administration,737010,OFC OF CAPITAL ACCESS,073,Small Business Administration,7300,Small Business Administration,737010,OFC OF CAPITAL ACCESS,,,,,,,POST HASTE DIGITAL,POST HASTE DIGITAL,,,,USA,UNITED STATES,3809 WEST BURBANK BOULEVARD,,08954,BURBANK,06037,LOS ANGELES,06,CA,CALIFORNIA,91505,,CA-30,CA-30,,,,COUNTY-WIDE,USA,UNITED STATES,CA**037,,06037,LOS ANGELES,06,CALIFORNIA,,CA-30,CA-90,,59.041: 504 CERTIFIED DEVELOPMENT LOANS,,,08,GUARANTEED/INSURED LOAN (F),TO ASSIST SMALL BUSINESS CONCERNS BY PROVIDING LONG TERM FINANCING THROUGH THE SALE OF DEBENTURES TO THE PRIVATE SECTOR,NON,NOT RECOVERY ACT,R,SMALL BUSINESS,2,NON-AGGREGATE RECORD,,,,,,,,,,,https://www.usaspending.gov/award/ASST_NON_6564698208_073/,2020-09-04 13:44:33.675634+00
ASST_NON_6566078203_073,6566078203,,SAI EXEMPT,"9: DEFC of '9' Indicates that the data for this row is not related to a COVID-19 P.L. (DEFC not one of the following: ['L', 'M', 'N', 'O', 'P', 'U', 'V']), but that the agency has declined to specify which other DEFC (or combination of DEFCs, in the case that the money hasn't been split out like it would be with a specific DEFC value) applies. This code was discontinued on July 13, 2021.;Q: Not Designated Nonemergency/Emergency/Disaster/Wildfire Suppression",,,,,2020-08-27,2020,0.00,2524.50,,,0.00,765000.00,2524.50,2020-08-27,2020,,,073,Small Business Administration,7300,Small Business Administration,737010,OFC OF CAPITAL ACCESS,073,Small Business Administration,7300,Small Business Administration,737010,OFC OF CAPITAL ACCESS,073-X-1154-000,073-1154,"41.0: Grants, subsidies, and contributions",0702: LOAN GUARANTEE SUBSIDY,,,REDACTED DUE TO PII,REDACTED DUE TO PII,,,,USA,UNITED STATES,,,27000,FRESNO,06019,FRESNO,06,CA,CALIFORNIA,93704,,CA-16,CA-90,,,,SINGLE ZIP CODE,USA,UNITED STATES,CA27000,FRESNO,06019,FRESNO,06,CALIFORNIA,93704,CA-16,CA-90,,59.012: 7(A) LOAN GUARANTEES,,,08,GUARANTEED/INSURED LOAN (F),TO AID SMALL BUSINESSES WHICH ARE UNABLE TO OBTAIN FINANCING IN THE PRIVATE CREDIT MARKETPLACE,NON,NOT RECOVERY ACT,P,INDIVIDUAL,3,NON-AGGREGATE RECORD TO AN INDIVIDUAL RECIPIENT (PII-REDACTED),,,,,,,,,,,https://www.usaspending.gov/award/ASST_NON_6566078203_073/,2020-09-04 13:44:33.675634+00
ASST_NON_6567028005_073,6567028005,,SAI EXEMPT,O: Non-emergency P.L. 116-136|Non-emergency P.L. 116-139|Non-emergency P.L. 116-260|Non-emergency P.L. 117-2,,0.00,,,2020-08-27,2020,0.00,0.00,,,0.00,0.00,0.00,2020-06-30,2020,,,073,Small Business Administration,7300,Small Business Administration,737010,OFC OF CAPITAL ACCESS,073,Small Business Administration,7300,Small Business Administration,737010,OFC OF CAPITAL ACCESS,073-2020/2021-1154-000,073-1154,"41.0: Grants, subsidies, and contributions",0702: LOAN GUARANTEE SUBSIDY,,,LOOKS MAY BE DECEIVING,LOOKS MAY BE DECEIVING,,,,USA,UNITED STATES,3634 W SCRIBNER LN,,36546,INGLEWOOD,06037,LOS ANGELES,06,CA,CALIFORNIA,90305,,CA-43,CA-43,,,,COUNTY-WIDE,USA,UNITED STATES,CA**037,,06037,LOS ANGELES,06,CALIFORNIA,,CA-43,CA-90,,59.073: PAYCHECK PROTECTION LOAN PROGRAM (PPP),,,08,GUARANTEED/INSURED LOAN (F),TO AID SMALL BUSINESSES IN MAINTAINING WORK FORCE DURING COVID-19 PANDEMIC.,NON,NOT RECOVERY ACT,R,SMALL BUSINESS,2,NON-AGGREGATE RECORD,,,,,,,,,,,https://www.usaspending.gov/award/ASST_NON_6567028005_073/,2021-01-06 03:33:53.27803+00
ASST_NON_6578408203_073,6578408203,,SAI EXEMPT,"9: DEFC of '9' Indicates that the data for this row is not related to a COVID-19 P.L. (DEFC not one of the following: ['L', 'M', 'N', 'O', 'P', 'U', 'V']), but that the agency has declined to specify which other DEFC (or combination of DEFCs, in the case that the money hasn't been split out like it would be with a specific DEFC value) applies. This code was discontinued on July 13, 2021.;Q: Not Designated Nonemergency/Emergency/Disaster/Wildfire Suppression",,,,,2020-08-27,2020,0.00,115.50,,,0.00,35000.00,115.50,2020-08-27,2020,,,073,Small Business Administration,7300,Small Business Administration,737010,OFC OF CAPITAL ACCESS,073,Small Business Administration,7300,Small Business Administration,737010,OFC OF CAPITAL ACCESS,073-X-1154-000,073-1154,"41.0: Grants, subsidies, and contributions",0702: LOAN GUARANTEE SUBSIDY,,,REDACTED DUE TO PII,REDACTED DUE TO PII,,,,USA,UNITED STATES,,,86328,WOODLAND,06113,YOLO,06,CA,CALIFORNIA,95695,,CA-03,CA-04,,,,SINGLE ZIP CODE,USA,UNITED STATES,CA86328,WOODLAND,06113,YOLO,06,CALIFORNIA,95695,CA-03,CA-04,,59.012: 7(A) LOAN GUARANTEES,,,08,GUARANTEED/INSURED LOAN (F),TO AID SMALL BUSINESSES WHICH ARE UNABLE TO OBTAIN FINANCING IN THE PRIVATE CREDIT MARKETPLACE,NON,NOT RECOVERY ACT,P,INDIVIDUAL,3,NON-AGGREGATE RECORD TO AN INDIVIDUAL RECIPIENT (PII-REDACTED),,,,,,,,,,,https://www.usaspending.gov/award/ASST_NON_6578408203_073/,2020-09-04 13:44:33.675634+00
ASST_NON_6587538209_073,6587538209,,SAI EXEMPT,,,,,,2020-08-27,2020,0.00,,,,0.00,1003000.00,0.00,2020-08-27,2020,,,073,Small Business Administration,7300,Small Business Administration,737010,OFC OF CAPITAL ACCESS,073,Small Business Administration,7300,Small Business Administration,737010,OFC OF CAPITAL ACCESS,,,,,,,"8700 SANTA FE PROPERTIES, LLC","8700 SANTA FE PROPERTIES, LLC",,,,USA,UNITED STATES,8700 - 8730 SANTA FE AVENUE AND 2709 LAUREL PLACE,,73080,SOUTH GATE,06037,LOS ANGELES,06,CA,CALIFORNIA,90280,,CA-44,CA-44,,,,COUNTY-WIDE,USA,UNITED STATES,CA**037,,06037,LOS ANGELES,06,CALIFORNIA,,CA-44,CA-90,,59.041: 504 CERTIFIED DEVELOPMENT LOANS,,,08,GUARANTEED/INSURED LOAN (F),TO ASSIST SMALL BUSINESS CONCERNS BY PROVIDING LONG TERM FINANCING THROUGH THE SALE OF DEBENTURES TO THE PRIVATE SECTOR,NON,NOT RECOVERY ACT,R,SMALL BUSINESS,2,NON-AGGREGATE RECORD,,,,,,,,,,,https://www.usaspending.gov/award/ASST_NON_6587538209_073/,2020-09-04 13:44:33.675634+00
ASST_NON_6625938202_073,6625938202,,SAI EXEMPT,"9: DEFC of '9' Indicates that the data for this row is not related to a COVID-19 P.L. (DEFC not one of the following: ['L', 'M', 'N', 'O', 'P', 'U', 'V']), but that the agency has declined to specify which other DEFC (or combination of DEFCs, in the case that the money hasn't been split out like it would be with a specific DEFC value) applies. This code was discontinued on July 13, 2021.;Q: Not Designated Nonemergency/Emergency/Disaster/Wildfire Suppression",,,,,2020-08-27,2020,0.00,1650.00,,,0.00,500000.00,1650.00,2020-08-27,2020,,,073,Small Business Administration,7300,Small Business Administration,737010,OFC OF CAPITAL ACCESS,073,Small Business Administration,7300,Small Business Administration,737010,OFC OF CAPITAL ACCESS,073-X-1154-000,073-1154,"41.0: Grants, subsidies, and contributions",0702: LOAN GUARANTEE SUBSIDY,,,MILLWRIGHT HOLDINGS LLC,MILLWRIGHT HOLDINGS LLC,,,,USA,UNITED STATES,301 8TH ST,STE 250,67000,SAN FRANCISCO,06075,SAN FRANCISCO,06,CA,CALIFORNIA,94103,,CA-12,CA-11,,,,COUNTY-WIDE,USA,UNITED STATES,CA**075,,06075,SAN FRANCISCO,06,CALIFORNIA,,CA-12,CA-90,,59.012: 7(A) LOAN GUARANTEES,,,08,GUARANTEED/INSURED LOAN (F),TO AID SMALL BUSINESSES WHICH ARE UNABLE TO OBTAIN FINANCING IN THE PRIVATE CREDIT MARKETPLACE,NON,NOT RECOVERY ACT,R,SMALL BUSINESS,2,NON-AGGREGATE RECORD,,,,,,,,,,,https://www.usaspending.gov/award/ASST_NON_6625938202_073/,2020-09-04 13:44:33.675634+00
ASST_NON_6649558200_073,6649558200,,SAI EXEMPT,,,,,,2020-08-27,2020,0.00,,,,0.00,811000.00,0.00,2020-08-27,2020,,,073,Small Business Administration,7300,Small Business Administration,737010,OFC OF CAPITAL ACCESS,073,Small Business Administration,7300,Small Business Administration,737010,OFC OF CAPITAL ACCESS,,,,,,,"450 OCEAN AVENUE, LLC","450 OCEAN AVENUE, LLC",,,,USA,UNITED STATES,450 OCEAN AVENUE,,39178,LAGUNA BEACH,06059,ORANGE,06,CA,CALIFORNIA,92651,,CA-48,CA-47,,,,COUNTY-WIDE,USA,UNITED STATES,CA**059,,06059,ORANGE,06,CALIFORNIA,,CA-48,CA-90,,59.041: 504 CERTIFIED DEVELOPMENT LOANS,,,08,GUARANTEED/INSURED LOAN (F),TO ASSIST SMALL BUSINESS CONCERNS BY PROVIDING REFINANCING OF 504 LOANS,NON,NOT RECOVERY ACT,R,SMALL BUSINESS,2,NON-AGGREGATE RECORD,,,,,,,,,,,https://www.usaspending.gov/award/ASST_NON_6649558200_073/,2020-09-04 13:44:33.675634+00
ASST_NON_6665778207_073,6665778207,,SAI EXEMPT,"9: DEFC of '9' Indicates that the data for this row is not related to a COVID-19 P.L. (DEFC not one of the following: ['L', 'M', 'N', 'O', 'P', 'U', 'V']), but that the agency has declined to specify which other DEFC (or combination of DEFCs, in the case that the money hasn't been split out like it would be with a specific DEFC value) applies. This code was discontinued on July 13, 2021.;Q: Not Designated Nonemergency/Emergency/Disaster/Wildfire Suppression",,,,,2020-08-27,2020,0.00,1662.87,,,0.00,503900.00,1662.87,2020-08-27,2020,,,073,Small Business Administration,7300,Small Business Administration,737010,OFC OF CAPITAL ACCESS,073,Small Business Administration,7300,Small Business Administration,737010,OFC OF CAPITAL ACCESS,073-X-1154-000,073-1154,"41.0: Grants, subsidies, and contributions",0702: LOAN GUARANTEE SUBSIDY,,,ENTCOMS INC.,ENTCOMS INC.,,,,USA,UNITED STATES,1048 MURRAY STREET,,06000,BERKELEY,06001,ALAMEDA,06,CA,CALIFORNIA,94710,,CA-13,CA-12,,,,COUNTY-WIDE,USA,UNITED STATES,CA**001,,06001,ALAMEDA,06,CALIFORNIA,,CA-13,CA-90,,59.012: 7(A) LOAN GUARANTEES,,,08,GUARANTEED/INSURED LOAN (F),TO AID SMALL BUSINESSES WHICH ARE UNABLE TO OBTAIN FINANCING IN THE PRIVATE CREDIT MARKETPLACE,NON,NOT RECOVERY ACT,R,SMALL BUSINESS,2,NON-AGGREGATE RECORD,,,,,,,,,,,https://www.usaspending.gov/award/ASST_NON_6665778207_073/,2020-09-04 13:44:33.675634+00
ASST_NON_6672198208_073,6672198208,,SAI EXEMPT,"9: DEFC of '9' Indicates that the data for this row is not related to a COVID-19 P.L. (DEFC not one of the following: ['L', 'M', 'N', 'O', 'P', 'U', 'V']), but that the agency has declined to specify which other DEFC (or combination of DEFCs, in the case that the money hasn't been split out like it would be with a specific DEFC value) applies. This code was discontinued on July 13, 2021.;Q: Not Designated Nonemergency/Emergency/Disaster/Wildfire Suppression",,,,,2020-08-27,2020,0.00,2310.00,,,0.00,700000.00,2310.00,2020-08-27,2020,,,073,Small Business Administration,7300,Small Business Administration,737010,OFC OF CAPITAL ACCESS,073,Small Business Administration,7300,Small Business Administration,737010,OFC OF CAPITAL ACCESS,073-X-1154-000,073-1154,"41.0: Grants, subsidies, and contributions",0702: LOAN GUARANTEE SUBSIDY,,,"KAWEAH PUMP, INC.","KAWEAH PUMP, INC.",,,,USA,UNITED STATES,15499 AVENUE 280,,82954,VISALIA,06107,TULARE,06,CA,CALIFORNIA,93292,,CA-22,CA-90,,,,COUNTY-WIDE,USA,UNITED STATES,CA**107,,06107,TULARE,06,CALIFORNIA,,CA-22,CA-90,,59.012: 7(A) LOAN GUARANTEES,,,08,GUARANTEED/INSURED LOAN (F),TO AID SMALL BUSINESSES WHICH ARE UNABLE TO OBTAIN FINANCING IN THE PRIVATE CREDIT MARKETPLACE,NON,NOT RECOVERY ACT,R,SMALL BUSINESS,2,NON-AGGREGATE RECORD,,,,,,,,,,,https://www.usaspending.gov/award/ASST_NON_6672198208_073/,2020-09-04 13:44:33.675634+00
ASST_NON_6675688208_073,6675688208,,SAI EXEMPT,"9: DEFC of '9' Indicates that the data for this row is not related to a COVID-19 P.L. (DEFC not one of the following: ['L', 'M', 'N', 'O', 'P', 'U', 'V']), but that the agency has declined to specify which other DEFC (or combination of DEFCs, in the case that the money hasn't been split out like it would be with a specific DEFC value) applies. This code was discontinued on July 13, 2021.;Q: Not Designated Nonemergency/Emergency/Disaster/Wildfire Suppression",,,,,2020-08-27,2020,0.00,143.55,,,0.00,43500.00,143.55,2020-08-27,2020,,,073,Small Business Administration,7300,Small Business Administration,737010,OFC OF CAPITAL ACCESS,073,Small Business Administration,7300,Small Business Administration,737010,OFC OF CAPITAL ACCESS,073-X-1154-000,073-1154,"41.0: Grants, subsidies, and contributions",0702: LOAN GUARANTEE SUBSIDY,,,REDACTED DUE TO PII,REDACTED DUE TO PII,,,,USA,UNITED STATES,,,48914,MONTEREY PARK,06037,LOS ANGELES,06,CA,CALIFORNIA,91755,,CA-27,CA-28,,,,SINGLE ZIP CODE,USA,UNITED STATES,CA48914,MONTEREY PARK,06037,LOS ANGELES,06,CALIFORNIA,91755,CA-27,CA-28,,59.012: 7(A) LOAN GUARANTEES,,,08,GUARANTEED/INSURED LOAN (F),TO AID SMALL BUSINESSES WHICH ARE UNABLE TO OBTAIN FINANCING IN THE PRIVATE CREDIT MARKETPLACE,NON,NOT RECOVERY ACT,P,INDIVIDUAL,3,NON-AGGREGATE RECORD TO AN INDIVIDUAL RECIPIENT (PII-REDACTED),,,,,,,,,,,https://www.usaspending.gov/award/ASST_NON_6675688208_073/,2020-09-04 13:44:33.675634+00
ASST_NON_6696408204_073,6696408204,,SAI EXEMPT,"9: DEFC of '9' Indicates that the data for this row is not related to a COVID-19 P.L. (DEFC not one of the following: ['L', 'M', 'N', 'O', 'P', 'U', 'V']), but that the agency has declined to specify which other DEFC (or combination of DEFCs, in the case that the money hasn't been split out like it would be with a specific DEFC value) applies. This code was discontinued on July 13, 2021.;Q: Not Designated Nonemergency/Emergency/Disaster/Wildfire Suppression",,,,,2020-08-27,2020,0.00,16500.00,,,0.00,5000000.00,16500.00,2020-08-27,2020,,,073,Small Business Administration,7300,Small Business Administration,737010,OFC OF CAPITAL ACCESS,073,Small Business Administration,7300,Small Business Administration,737010,OFC OF CAPITAL ACCESS,073-X-1154-000,073-1154,"41.0: Grants, subsidies, and contributions",0702: LOAN GUARANTEE SUBSIDY,,,POMONA HOSPITALITY LLC,POMONA HOSPITALITY LLC,,,,USA,UNITED STATES,2470 GAREY AVE,,58072,POMONA,06071,SAN BERNARDINO,06,CA,CALIFORNIA,91766,,CA-35,CA-35,,,,COUNTY-WIDE,USA,UNITED STATES,CA**037,,06037,LOS ANGELES,06,CALIFORNIA,,CA-35,CA-90,,59.012: 7(A) LOAN GUARANTEES,,,08,GUARANTEED/INSURED LOAN (F),TO AID SMALL BUSINESSES WHICH ARE UNABLE TO OBTAIN FINANCING IN THE PRIVATE CREDIT MARKETPLACE,NON,NOT RECOVERY ACT,R,SMALL BUSINESS,2,NON-AGGREGATE RECORD,,,,,,,,,,,https://www.usaspending.gov/award/ASST_NON_6696408204_073/,2020-09-04 13:44:33.675634+00
ASST_NON_6697748203_073,6697748203,,SAI EXEMPT,"9: DEFC of '9' Indicates that the data for this row is not related to a COVID-19 P.L. (DEFC not one of the following: ['L', 'M', 'N', 'O', 'P', 'U', 'V']), but that the agency has declined to specify which other DEFC (or combination of DEFCs, in the case that the money hasn't been split out like it would be with a specific DEFC value) applies. This code was discontinued on July 13, 2021.;Q: Not Designated Nonemergency/Emergency/Disaster/Wildfire Suppression",,,,,2020-08-27,2020,0.00,15840.00,,,0.00,4800000.00,15840.00,2020-08-27,2020,,,073,Small Business Administration,7300,Small Business Administration,737010,OFC OF CAPITAL ACCESS,073,Small Business Administration,7300,Small Business Administration,737010,OFC OF CAPITAL ACCESS,073-X-1154-000,073-1154,"41.0: Grants, subsidies, and contributions",0702: LOAN GUARANTEE SUBSIDY,,,"WILCOX ENTERPRISE, INC.","WILCOX ENTERPRISE, INC.",,,,USA,UNITED STATES,5027 FLORENCE AVE,,04996,BELL GARDENS,06037,LOS ANGELES,06,CA,CALIFORNIA,90201,,CA-40,CA-42,,,,COUNTY-WIDE,USA,UNITED STATES,CA**037,,06037,LOS ANGELES,06,CALIFORNIA,,CA-40,CA-90,,59.012: 7(A) LOAN GUARANTEES,,,08,GUARANTEED/INSURED LOAN (F),TO AID SMALL BUSINESSES WHICH ARE UNABLE TO OBTAIN FINANCING IN THE PRIVATE CREDIT MARKETPLACE,NON,NOT RECOVERY ACT,R,SMALL BUSINESS,2,NON-AGGREGATE RECORD,,,,,,,,,,,https://www.usaspending.gov/award/ASST_NON_6697748203_073/,2020-09-04 13:44:33.675634+00
ASST_NON_6705838207_073,6705838207,,SAI EXEMPT,"9: DEFC of '9' Indicates that the data for this row is not related to a COVID-19 P.L. (DEFC not one of the following: ['L', 'M', 'N', 'O', 'P', 'U', 'V']), but that the agency has declined to specify which other DEFC (or combination of DEFCs, in the case that the money hasn't been split out like it would be with a specific DEFC value) applies. This code was discontinued on July 13, 2021.",,,,,2020-08-27,2020,0.00,660.00,,,0.00,200000.00,660.00,2020-08-27,2020,,,073,Small Business Administration,7300,Small Business Administration,737010,OFC OF CAPITAL ACCESS,073,Small Business Administration,7300,Small Business Administration,737010,OFC OF CAPITAL ACCESS,073-X-1154-000,073-1154,"41.0: Grants, subsidies, and contributions",0702: LOAN GUARANTEE SUBSIDY,,,MANCHESTER LAUNDROMAT LLC,MANCHESTER LAUNDROMAT LLC,,,,USA,UNITED STATES,272 E VERNON AVE,,44000,LOS ANGELES,06037,LOS ANGELES,06,CA,CALIFORNIA,90011,,CA-40,CA-37,,,,COUNTY-WIDE,USA,UNITED STATES,CA**037,,06037,LOS ANGELES,06,CALIFORNIA,,CA-40,CA-90,,59.012: 7(A) LOAN GUARANTEES,,,08,GUARANTEED/INSURED LOAN (F),TO AID SMALL BUSINESSES WHICH ARE UNABLE TO OBTAIN FINANCING IN THE PRIVATE CREDIT MARKETPLACE,NON,NOT RECOVERY ACT,R,SMALL BUSINESS,2,NON-AGGREGATE RECORD,,,,,,,,,,,https://www.usaspending.gov/award/ASST_NON_6705838207_073/,2020-09-04 13:44:33.675634+00
ASST_NON_6713358205_073,6713358205,,SAI EXEMPT,"9: DEFC of '9' Indicates that the data for this row is not related to a COVID-19 P.L. (DEFC not one of the following: ['L', 'M', 'N', 'O', 'P', 'U', 'V']), but that the agency has declined to specify which other DEFC (or combination of DEFCs, in the case that the money hasn't been split out like it would be with a specific DEFC value) applies. This code was discontinued on July 13, 2021.;Q: Not Designated Nonemergency/Emergency/Disaster/Wildfire Suppression",,,,,2020-08-27,2020,0.00,1155.00,,,0.00,350000.00,1155.00,2020-08-27,2020,,,073,Small Business Administration,7300,Small Business Administration,737010,OFC OF CAPITAL ACCESS,073,Small Business Administration,7300,Small Business Administration,737010,OFC OF CAPITAL ACCESS,073-X-1154-000,073-1154,"41.0: Grants, subsidies, and contributions",0702: LOAN GUARANTEE SUBSIDY,,,REDACTED DUE TO PII,REDACTED DUE TO PII,,,,USA,UNITED STATES,,,68378,SAN RAMON,06013,CONTRA COSTA,06,CA,CALIFORNIA,94583,,CA-15,CA-10,,,,SINGLE ZIP CODE,USA,UNITED STATES,CA68378,SAN RAMON,06013,CONTRA COSTA,06,CALIFORNIA,94583,CA-15,CA-10,,59.012: 7(A) LOAN GUARANTEES,,,08,GUARANTEED/INSURED LOAN (F),TO AID SMALL BUSINESSES WHICH ARE UNABLE TO OBTAIN FINANCING IN THE PRIVATE CREDIT MARKETPLACE,NON,NOT RECOVERY ACT,P,INDIVIDUAL,3,NON-AGGREGATE RECORD TO AN INDIVIDUAL RECIPIENT (PII-REDACTED),,,,,,,,,,,https://www.usaspending.gov/award/ASST_NON_6713358205_073/,2020-09-04 13:44:33.675634+00
ASST_NON_6745768204_073,6745768204,,SAI EXEMPT,"9: DEFC of '9' Indicates that the data for this row is not related to a COVID-19 P.L. (DEFC not one of the following: ['L', 'M', 'N', 'O', 'P', 'U', 'V']), but that the agency has declined to specify which other DEFC (or combination of DEFCs, in the case that the money hasn't been split out like it would be with a specific DEFC value) applies. This code was discontinued on July 13, 2021.;Q: Not Designated Nonemergency/Emergency/Disaster/Wildfire Suppression",,,,,2020-08-27,2020,0.00,1155.00,,,0.00,350000.00,1155.00,2020-08-27,2020,,,073,Small Business Administration,7300,Small Business Administration,737010,OFC OF CAPITAL ACCESS,073,Small Business Administration,7300,Small Business Administration,737010,OFC OF CAPITAL ACCESS,073-X-1154-000,073-1154,"41.0: Grants, subsidies, and contributions",0702: LOAN GUARANTEE SUBSIDY,,,REDACTED DUE TO PII,REDACTED DUE TO PII,,,,USA,UNITED STATES,,,44000,LOS ANGELES,06037,LOS ANGELES,06,CA,CALIFORNIA,90020,,CA-34,CA-34,,,,SINGLE ZIP CODE,USA,UNITED STATES,CA44000,LOS ANGELES,06037,LOS ANGELES,06,CALIFORNIA,90020,CA-34,CA-34,,59.012: 7(A) LOAN GUARANTEES,,,08,GUARANTEED/INSURED LOAN (F),TO AID SMALL BUSINESSES WHICH ARE UNABLE TO OBTAIN FINANCING IN THE PRIVATE CREDIT MARKETPLACE,NON,NOT RECOVERY ACT,P,INDIVIDUAL,3,NON-AGGREGATE RECORD TO AN INDIVIDUAL RECIPIENT (PII-REDACTED),,,,,,,,,,,https://www.usaspending.gov/award/ASST_NON_6745768204_073/,2020-09-04 13:44:33.675634+00
ASST_NON_6756898203_073,6756898203,,SAI EXEMPT,"9: DEFC of '9' Indicates that the data for this row is not related to a COVID-19 P.L. (DEFC not one of the following: ['L', 'M', 'N', 'O', 'P', 'U', 'V']), but that the agency has declined to specify which other DEFC (or combination of DEFCs, in the case that the money hasn't been split out like it would be with a specific DEFC value) applies. This code was discontinued on July 13, 2021.;Q: Not Designated Nonemergency/Emergency/Disaster/Wildfire Suppression",,,,,2020-08-27,2020,0.00,13200.00,,,0.00,4000000.00,13200.00,2020-08-27,2020,,,073,Small Business Administration,7300,Small Business Administration,737010,OFC OF CAPITAL ACCESS,073,Small Business Administration,7300,Small Business Administration,737010,OFC OF CAPITAL ACCESS,073-X-1154-000,073-1154,"41.0: Grants, subsidies, and contributions",0702: LOAN GUARANTEE SUBSIDY,,,"PAUL & SONS, INC.","PAUL & SONS, INC.",,,,USA,UNITED STATES,7407 ELSIE AVE,,64000,SACRAMENTO,06067,SACRAMENTO,06,CA,CALIFORNIA,95828,,CA-07,CA-07,,,,COUNTY-WIDE,USA,UNITED STATES,CA**067,,06067,SACRAMENTO,06,CALIFORNIA,,CA-07,CA-90,,59.012: 7(A) LOAN GUARANTEES,,,08,GUARANTEED/INSURED LOAN (F),TO AID SMALL BUSINESSES WHICH ARE UNABLE TO OBTAIN FINANCING IN THE PRIVATE CREDIT MARKETPLACE,NON,NOT RECOVERY ACT,R,SMALL BUSINESS,2,NON-AGGREGATE RECORD,,,,,,,,,,,https://www.usaspending.gov/award/ASST_NON_6756898203_073/,2020-09-04 13:44:33.675634+00
ASST_NON_6792668201_073,6792668201,,SAI EXEMPT,"9: DEFC of '9' Indicates that the data for this row is not related to a COVID-19 P.L. (DEFC not one of the following: ['L', 'M', 'N', 'O', 'P', 'U', 'V']), but that the agency has declined to specify which other DEFC (or combination of DEFCs, in the case that the money hasn't been split out like it would be with a specific DEFC value) applies. This code was discontinued on July 13, 2021.;Q: Not Designated Nonemergency/Emergency/Disaster/Wildfire Suppression",,,,,2020-08-27,2020,0.00,3273.60,,,0.00,992000.00,3273.60,2020-08-27,2020,,,073,Small Business Administration,7300,Small Business Administration,737010,OFC OF CAPITAL ACCESS,073,Small Business Administration,7300,Small Business Administration,737010,OFC OF CAPITAL ACCESS,073-X-1154-000,073-1154,"41.0: Grants, subsidies, and contributions",0702: LOAN GUARANTEE SUBSIDY,,,WILLOW HOLDINGS INC.,WILLOW HOLDINGS INC.,,,,USA,UNITED STATES,401 E ADAMS BLVD,,44000,LOS ANGELES,06037,LOS ANGELES,06,CA,CALIFORNIA,90011,,CA-40,CA-37,,,,COUNTY-WIDE,USA,UNITED STATES,CA**037,,06037,LOS ANGELES,06,CALIFORNIA,,CA-40,CA-90,,59.012: 7(A) LOAN GUARANTEES,,,08,GUARANTEED/INSURED LOAN (F),TO AID SMALL BUSINESSES WHICH ARE UNABLE TO OBTAIN FINANCING IN THE PRIVATE CREDIT MARKETPLACE,NON,NOT RECOVERY ACT,R,SMALL BUSINESS,2,NON-AGGREGATE RECORD,,,,,,,,,,,https://www.usaspending.gov/award/ASST_NON_6792668201_073/,2020-09-04 13:44:33.675634+00
ASST_NON_6793468202_073,6793468202,,SAI EXEMPT,"9: DEFC of '9' Indicates that the data for this row is not related to a COVID-19 P.L. (DEFC not one of the following: ['L', 'M', 'N', 'O', 'P', 'U', 'V']), but that the agency has declined to specify which other DEFC (or combination of DEFCs, in the case that the money hasn't been split out like it would be with a specific DEFC value) applies. This code was discontinued on July 13, 2021.;Q: Not Designated Nonemergency/Emergency/Disaster/Wildfire Suppression",,,,,2020-08-27,2020,0.00,1669.80,,,0.00,506000.00,1669.80,2020-08-27,2020,,,073,Small Business Administration,7300,Small Business Administration,737010,OFC OF CAPITAL ACCESS,073,Small Business Administration,7300,Small Business Administration,737010,OFC OF CAPITAL ACCESS,073-X-1154-000,073-1154,"41.0: Grants, subsidies, and contributions",0702: LOAN GUARANTEE SUBSIDY,,,1800 WEST 6TH STREET INC,1800 WEST 6TH STREET INC,,,,USA,UNITED STATES,1800 W 6TH ST #5,,44000,LOS ANGELES,06037,LOS ANGELES,06,CA,CALIFORNIA,90057,,CA-34,CA-34,,,,COUNTY-WIDE,USA,UNITED STATES,CA**037,,06037,LOS ANGELES,06,CALIFORNIA,,CA-34,CA-90,,59.012: 7(A) LOAN GUARANTEES,,,08,GUARANTEED/INSURED LOAN (F),TO AID SMALL BUSINESSES WHICH ARE UNABLE TO OBTAIN FINANCING IN THE PRIVATE CREDIT MARKETPLACE,NON,NOT RECOVERY ACT,R,SMALL BUSINESS,2,NON-AGGREGATE RECORD,,,,,,,,,,,https://www.usaspending.gov/award/ASST_NON_6793468202_073/,2020-09-04 13:44:33.675634+00
ASST_NON_6794068202_073,6794068202,,SAI EXEMPT,"9: DEFC of '9' Indicates that the data for this row is not related to a COVID-19 P.L. (DEFC not one of the following: ['L', 'M', 'N', 'O', 'P', 'U', 'V']), but that the agency has declined to specify which other DEFC (or combination of DEFCs, in the case that the money hasn't been split out like it would be with a specific DEFC value) applies. This code was discontinued on July 13, 2021.;Q: Not Designated Nonemergency/Emergency/Disaster/Wildfire Suppression",,,,,2020-08-27,2020,0.00,1625.91,,,0.00,492700.00,1625.91,2020-08-27,2020,,,073,Small Business Administration,7300,Small Business Administration,737010,OFC OF CAPITAL ACCESS,073,Small Business Administration,7300,Small Business Administration,737010,OFC OF CAPITAL ACCESS,073-X-1154-000,073-1154,"41.0: Grants, subsidies, and contributions",0702: LOAN GUARANTEE SUBSIDY,,,1107 S ALVARADO STREET INC,1107 S ALVARADO STREET INC,,,,USA,UNITED STATES,1107 S ALVARADO ST #104,,44000,LOS ANGELES,06037,LOS ANGELES,06,CA,CALIFORNIA,90006,,CA-34,CA-34,,,,COUNTY-WIDE,USA,UNITED STATES,CA**037,,06037,LOS ANGELES,06,CALIFORNIA,,CA-34,CA-90,,59.012: 7(A) LOAN GUARANTEES,,,08,GUARANTEED/INSURED LOAN (F),TO AID SMALL BUSINESSES WHICH ARE UNABLE TO OBTAIN FINANCING IN THE PRIVATE CREDIT MARKETPLACE,NON,NOT RECOVERY ACT,R,SMALL BUSINESS,2,NON-AGGREGATE RECORD,,,,,,,,,,,https://www.usaspending.gov/award/ASST_NON_6794068202_073/,2020-09-04 13:44:33.675634+00
ASST_NON_6794738202_073,6794738202,,SAI EXEMPT,"9: DEFC of '9' Indicates that the data for this row is not related to a COVID-19 P.L. (DEFC not one of the following: ['L', 'M', 'N', 'O', 'P', 'U', 'V']), but that the agency has declined to specify which other DEFC (or combination of DEFCs, in the case that the money hasn't been split out like it would be with a specific DEFC value) applies. This code was discontinued on July 13, 2021.;Q: Not Designated Nonemergency/Emergency/Disaster/Wildfire Suppression",,,,,2020-08-27,2020,0.00,1603.80,,,0.00,486000.00,1603.80,2020-08-27,2020,,,073,Small Business Administration,7300,Small Business Administration,737010,OFC OF CAPITAL ACCESS,073,Small Business Administration,7300,Small Business Administration,737010,OFC OF CAPITAL ACCESS,073-X-1154-000,073-1154,"41.0: Grants, subsidies, and contributions",0702: LOAN GUARANTEE SUBSIDY,,,OBL HOLDINGS INC,OBL HOLDINGS INC,,,,USA,UNITED STATES,9907 DE SOTO AVE,,12748,CHATSWORTH,06111,VENTURA,06,CA,CALIFORNIA,91311,,CA-25,CA-32,,,,COUNTY-WIDE,USA,UNITED STATES,CA**037,,06037,LOS ANGELES,06,CALIFORNIA,,CA-25,CA-90,,59.012: 7(A) LOAN GUARANTEES,,,08,GUARANTEED/INSURED LOAN (F),TO AID SMALL BUSINESSES WHICH ARE UNABLE TO OBTAIN FINANCING IN THE PRIVATE CREDIT MARKETPLACE,NON,NOT RECOVERY ACT,R,SMALL BUSINESS,2,NON-AGGREGATE RECORD,,,,,,,,,,,https://www.usaspending.gov/award/ASST_NON_6794738202_073/,2020-09-04 13:44:33.675634+00
ASST_NON_6797348209_073,6797348209,,SAI EXEMPT,"9: DEFC of '9' Indicates that the data for this row is not related to a COVID-19 P.L. (DEFC not one of the following: ['L', 'M', 'N', 'O', 'P', 'U', 'V']), but that the agency has declined to specify which other DEFC (or combination of DEFCs, in the case that the money hasn't been split out like it would be with a specific DEFC value) applies. This code was discontinued on July 13, 2021.;Q: Not Designated Nonemergency/Emergency/Disaster/Wildfire Suppression",,,,,2020-08-27,2020,0.00,165.00,,,0.00,50000.00,165.00,2020-08-27,2020,,,073,Small Business Administration,7300,Small Business Administration,737010,OFC OF CAPITAL ACCESS,073,Small Business Administration,7300,Small Business Administration,737010,OFC OF CAPITAL ACCESS,073-X-1154-000,073-1154,"41.0: Grants, subsidies, and contributions",0702: LOAN GUARANTEE SUBSIDY,,,REDACTED DUE TO PII,REDACTED DUE TO PII,,,,USA,UNITED STATES,,,12048,CATHEDRAL CITY,06065,RIVERSIDE,06,CA,CALIFORNIA,92234,,CA-36,CA-25,,,,SINGLE ZIP CODE,USA,UNITED STATES,CA12048,CATHEDRAL CITY,06065,RIVERSIDE,06,CALIFORNIA,92234,CA-36,CA-25,,59.012: 7(A) LOAN GUARANTEES,,,08,GUARANTEED/INSURED LOAN (F),TO AID SMALL BUSINESSES WHICH ARE UNABLE TO OBTAIN FINANCING IN THE PRIVATE CREDIT MARKETPLACE,NON,NOT RECOVERY ACT,P,INDIVIDUAL,3,NON-AGGREGATE RECORD TO AN INDIVIDUAL RECIPIENT (PII-REDACTED),,,,,,,,,,,https://www.usaspending.gov/award/ASST_NON_6797348209_073/,2020-09-04 13:44:33.675634+00
ASST_NON_6812938208_073,6812938208,,SAI EXEMPT,"9: DEFC of '9' Indicates that the data for this row is not related to a COVID-19 P.L. (DEFC not one of the following: ['L', 'M', 'N', 'O', 'P', 'U', 'V']), but that the agency has declined to specify which other DEFC (or combination of DEFCs, in the case that the money hasn't been split out like it would be with a specific DEFC value) applies. This code was discontinued on July 13, 2021.;Q: Not Designated Nonemergency/Emergency/Disaster/Wildfire Suppression",,,,,2020-08-27,2020,0.00,642.84,,,0.00,194800.00,642.84,2020-08-27,2020,,,073,Small Business Administration,7300,Small Business Administration,737010,OFC OF CAPITAL ACCESS,073,Small Business Administration,7300,Small Business Administration,737010,OFC OF CAPITAL ACCESS,073-X-1154-000,073-1154,"41.0: Grants, subsidies, and contributions",0702: LOAN GUARANTEE SUBSIDY,,,"DYNATECH ENGINEERING, INC.","DYNATECH ENGINEERING, INC.",,,,USA,UNITED STATES,12120 DRY CREEK RD,,03204,AUBURN,06057,NEVADA,06,CA,CALIFORNIA,95602,,CA-01,CA-03,,,,COUNTY-WIDE,USA,UNITED STATES,CA**061,,06061,PLACER,06,CALIFORNIA,,CA-01,CA-03,,59.012: 7(A) LOAN GUARANTEES,,,08,GUARANTEED/INSURED LOAN (F),TO AID SMALL BUSINESSES WHICH ARE UNABLE TO OBTAIN FINANCING IN THE PRIVATE CREDIT MARKETPLACE,NON,NOT RECOVERY ACT,R,SMALL BUSINESS,2,NON-AGGREGATE RECORD,,,,,,,,,,,https://www.usaspending.gov/award/ASST_NON_6812938208_073/,2020-09-04 13:44:33.675634+00
ASST_NON_6865018207_073,6865018207,,SAI EXEMPT,"9: DEFC of '9' Indicates that the data for this row is not related to a COVID-19 P.L. (DEFC not one of the following: ['L', 'M', 'N', 'O', 'P', 'U', 'V']), but that the agency has declined to specify which other DEFC (or combination of DEFCs, in the case that the money hasn't been split out like it would be with a specific DEFC value) applies. This code was discontinued on July 13, 2021.;Q: Not Designated Nonemergency/Emergency/Disaster/Wildfire Suppression",,,,,2020-08-27,2020,0.00,165.00,,,0.00,50000.00,165.00,2020-08-27,2020,,,073,Small Business Administration,7300,Small Business Administration,737010,OFC OF CAPITAL ACCESS,073,Small Business Administration,7300,Small Business Administration,737010,OFC OF CAPITAL ACCESS,073-X-1154-000,073-1154,"41.0: Grants, subsidies, and contributions",0702: LOAN GUARANTEE SUBSIDY,,,HUYAN INTERNATIONAL GROUP INC,HUYAN INTERNATIONAL GROUP INC,,,,USA,UNITED STATES,11660 CHURCH ST# 272,,59451,RANCHO CUCAMONGA,06071,SAN BERNARDINO,06,CA,CALIFORNIA,91730,,CA-31,CA-90,,,,COUNTY-WIDE,USA,UNITED STATES,CA**071,,06071,SAN BERNARDINO,06,CALIFORNIA,,CA-31,CA-90,,59.012: 7(A) LOAN GUARANTEES,,,08,GUARANTEED/INSURED LOAN (F),TO AID SMALL BUSINESSES WHICH ARE UNABLE TO OBTAIN FINANCING IN THE PRIVATE CREDIT MARKETPLACE,NON,NOT RECOVERY ACT,R,SMALL BUSINESS,2,NON-AGGREGATE RECORD,,,,,,,,,,,https://www.usaspending.gov/award/ASST_NON_6865018207_073/,2020-09-04 13:44:33.675634+00
ASST_NON_6866578202_073,6866578202,,SAI EXEMPT,"9: DEFC of '9' Indicates that the data for this row is not related to a COVID-19 P.L. (DEFC not one of the following: ['L', 'M', 'N', 'O', 'P', 'U', 'V']), but that the agency has declined to specify which other DEFC (or combination of DEFCs, in the case that the money hasn't been split out like it would be with a specific DEFC value) applies. This code was discontinued on July 13, 2021.;Q: Not Designated Nonemergency/Emergency/Disaster/Wildfire Suppression",,,,,2020-08-27,2020,0.00,3300.00,,,0.00,1000000.00,3300.00,2020-08-27,2020,,,073,Small Business Administration,7300,Small Business Administration,737010,OFC OF CAPITAL ACCESS,073,Small Business Administration,7300,Small Business Administration,737010,OFC OF CAPITAL ACCESS,073-X-1154-000,073-1154,"41.0: Grants, subsidies, and contributions",0702: LOAN GUARANTEE SUBSIDY,,,AQUEOUS VETS,AQUEOUS VETS,,,,USA,UNITED STATES,16761 CLEAR CREEK RD,,59920,REDDING,06089,SHASTA,06,CA,CALIFORNIA,96001,,CA-01,CA-01,,,,COUNTY-WIDE,USA,UNITED STATES,CA**089,,06089,SHASTA,06,CALIFORNIA,,CA-01,CA-01,,59.012: 7(A) LOAN GUARANTEES,,,08,GUARANTEED/INSURED LOAN (F),TO AID SMALL BUSINESSES WHICH ARE UNABLE TO OBTAIN FINANCING IN THE PRIVATE CREDIT MARKETPLACE,NON,NOT RECOVERY ACT,R,SMALL BUSINESS,2,NON-AGGREGATE RECORD,,,,,,,,,,,https://www.usaspending.gov/award/ASST_NON_6866578202_073/,2020-09-04 13:44:33.675634+00
ASST_NON_6887528208_073,6887528208,,SAI EXEMPT,"9: DEFC of '9' Indicates that the data for this row is not related to a COVID-19 P.L. (DEFC not one of the following: ['L', 'M', 'N', 'O', 'P', 'U', 'V']), but that the agency has declined to specify which other DEFC (or combination of DEFCs, in the case that the money hasn't been split out like it would be with a specific DEFC value) applies. This code was discontinued on July 13, 2021.;Q: Not Designated Nonemergency/Emergency/Disaster/Wildfire Suppression",,,,,2020-08-27,2020,0.00,11748.00,,,0.00,3560000.00,11748.00,2020-08-27,2020,,,073,Small Business Administration,7300,Small Business Administration,737010,OFC OF CAPITAL ACCESS,073,Small Business Administration,7300,Small Business Administration,737010,OFC OF CAPITAL ACCESS,073-X-1154-000,073-1154,"41.0: Grants, subsidies, and contributions",0702: LOAN GUARANTEE SUBSIDY,,,"PREMIUM WEST, INC.","PREMIUM WEST, INC.",,,,USA,UNITED STATES,1120 1130 1140 SIMPSON WAY,,22804,ESCONDIDO,06073,SAN DIEGO,06,CA,CALIFORNIA,92029,,CA-50,CA-50,,,,COUNTY-WIDE,USA,UNITED STATES,CA**073,,06073,SAN DIEGO,06,CALIFORNIA,,CA-50,CA-90,,59.012: 7(A) LOAN GUARANTEES,,,08,GUARANTEED/INSURED LOAN (F),TO AID SMALL BUSINESSES WHICH ARE UNABLE TO OBTAIN FINANCING IN THE PRIVATE CREDIT MARKETPLACE,NON,NOT RECOVERY ACT,R,SMALL BUSINESS,2,NON-AGGREGATE RECORD,,,,,,,,,,,https://www.usaspending.gov/award/ASST_NON_6887528208_073/,2020-09-04 13:44:33.675634+00
ASST_NON_6936328204_073,6936328204,,SAI EXEMPT,"9: DEFC of '9' Indicates that the data for this row is not related to a COVID-19 P.L. (DEFC not one of the following: ['L', 'M', 'N', 'O', 'P', 'U', 'V']), but that the agency has declined to specify which other DEFC (or combination of DEFCs, in the case that the money hasn't been split out like it would be with a specific DEFC value) applies. This code was discontinued on July 13, 2021.;Q: Not Designated Nonemergency/Emergency/Disaster/Wildfire Suppression",,,,,2020-08-27,2020,0.00,9801.00,,,0.00,2970000.00,9801.00,2020-08-27,2020,,,073,Small Business Administration,7300,Small Business Administration,737010,OFC OF CAPITAL ACCESS,073,Small Business Administration,7300,Small Business Administration,737010,OFC OF CAPITAL ACCESS,073-X-1154-000,073-1154,"41.0: Grants, subsidies, and contributions",0702: LOAN GUARANTEE SUBSIDY,,,"EUCLID BEST BARGAIN, INC.","EUCLID BEST BARGAIN, INC.",,,,USA,UNITED STATES,222-224 S. EUCLID ST,,02000,ANAHEIM,06059,ORANGE,06,CA,CALIFORNIA,92802,,CA-46,CA-46,,,,COUNTY-WIDE,USA,UNITED STATES,CA**059,,06059,ORANGE,06,CALIFORNIA,,CA-46,CA-90,,59.012: 7(A) LOAN GUARANTEES,,,08,GUARANTEED/INSURED LOAN (F),TO AID SMALL BUSINESSES WHICH ARE UNABLE TO OBTAIN FINANCING IN THE PRIVATE CREDIT MARKETPLACE,NON,NOT RECOVERY ACT,R,SMALL BUSINESS,2,NON-AGGREGATE RECORD,,,,,,,,,,,https://www.usaspending.gov/award/ASST_NON_6936328204_073/,2020-09-04 13:44:33.675634+00
ASST_NON_6956648203_073,6956648203,,SAI EXEMPT,"9: DEFC of '9' Indicates that the data for this row is not related to a COVID-19 P.L. (DEFC not one of the following: ['L', 'M', 'N', 'O', 'P', 'U', 'V']), but that the agency has declined to specify which other DEFC (or combination of DEFCs, in the case that the money hasn't been split out like it would be with a specific DEFC value) applies. This code was discontinued on July 13, 2021.;Q: Not Designated Nonemergency/Emergency/Disaster/Wildfire Suppression",,,,,2020-08-27,2020,0.00,1650.00,,,0.00,500000.00,1650.00,2020-08-27,2020,,,073,Small Business Administration,7300,Small Business Administration,737010,OFC OF CAPITAL ACCESS,073,Small Business Administration,7300,Small Business Administration,737010,OFC OF CAPITAL ACCESS,073-X-1154-000,073-1154,"41.0: Grants, subsidies, and contributions",0702: LOAN GUARANTEE SUBSIDY,,,OP-TEST,OP-TEST,,,,USA,UNITED STATES,4712 MOUNTAIN LAKES BLVD.,,59920,REDDING,06089,SHASTA,06,CA,CALIFORNIA,96003,,CA-01,CA-01,,,,COUNTY-WIDE,USA,UNITED STATES,CA**089,,06089,SHASTA,06,CALIFORNIA,,CA-01,CA-01,,59.012: 7(A) LOAN GUARANTEES,,,08,GUARANTEED/INSURED LOAN (F),TO AID SMALL BUSINESSES WHICH ARE UNABLE TO OBTAIN FINANCING IN THE PRIVATE CREDIT MARKETPLACE,NON,NOT RECOVERY ACT,R,SMALL BUSINESS,2,NON-AGGREGATE RECORD,,,,,,,,,,,https://www.usaspending.gov/award/ASST_NON_6956648203_073/,2020-09-04 13:44:33.675634+00
ASST_NON_6972508109_073,6972508109,,SAI EXEMPT,O: Non-emergency P.L. 116-136|Non-emergency P.L. 116-139|Non-emergency P.L. 116-260|Non-emergency P.L. 117-2,,0.00,,,2020-08-27,2020,0.00,0.00,,,0.00,0.00,0.00,2020-07-22,2020,,,073,Small Business Administration,7300,Small Business Administration,737010,OFC OF CAPITAL ACCESS,073,Small Business Administration,7300,Small Business Administration,737010,OFC OF CAPITAL ACCESS,073-2020/2021-1154-000,073-1154,"41.0: Grants, subsidies, and contributions",0702: LOAN GUARANTEE SUBSIDY,,,ANTHONY FLEMING,ANTHONY FLEMING,,,,USA,UNITED STATES,4660 THOMAS RD,,33056,HEALDSBURG,06097,SONOMA,06,CA,CALIFORNIA,95448,,CA-02,CA-02,,,,COUNTY-WIDE,USA,UNITED STATES,CA**097,,06097,SONOMA,06,CALIFORNIA,,CA-02,CA-90,,59.073: PAYCHECK PROTECTION LOAN PROGRAM (PPP),,,08,GUARANTEED/INSURED LOAN (F),TO AID SMALL BUSINESSES IN MAINTAINING WORK FORCE DURING COVID-19 PANDEMIC.,NON,NOT RECOVERY ACT,P,INDIVIDUAL,2,NON-AGGREGATE RECORD,,,,,,,,,,,https://www.usaspending.gov/award/ASST_NON_6972508109_073/,2021-01-06 03:33:53.27803+00
ASST_NON_6992908206_073,6992908206,,SAI EXEMPT,"9: DEFC of '9' Indicates that the data for this row is not related to a COVID-19 P.L. (DEFC not one of the following: ['L', 'M', 'N', 'O', 'P', 'U', 'V']), but that the agency has declined to specify which other DEFC (or combination of DEFCs, in the case that the money hasn't been split out like it would be with a specific DEFC value) applies. This code was discontinued on July 13, 2021.",,,,,2020-08-27,2020,0.00,495.00,,,0.00,150000.00,495.00,2020-08-27,2020,,,073,Small Business Administration,7300,Small Business Administration,737010,OFC OF CAPITAL ACCESS,073,Small Business Administration,7300,Small Business Administration,737010,OFC OF CAPITAL ACCESS,073-X-1154-000,073-1154,"41.0: Grants, subsidies, and contributions",0702: LOAN GUARANTEE SUBSIDY,,,"BIOHAZARD SANITATION AND RESTORATION, INC.","BIOHAZARD SANITATION AND RESTORATION, INC.",,,,USA,UNITED STATES,7717 VIA VIVALDI,,66000,SAN DIEGO,06073,SAN DIEGO,06,CA,CALIFORNIA,92127,,CA-52,CA-50,,,,COUNTY-WIDE,USA,UNITED STATES,CA**073,,06073,SAN DIEGO,06,CALIFORNIA,,CA-52,CA-90,,59.012: 7(A) LOAN GUARANTEES,,,08,GUARANTEED/INSURED LOAN (F),TO AID SMALL BUSINESSES WHICH ARE UNABLE TO OBTAIN FINANCING IN THE PRIVATE CREDIT MARKETPLACE,NON,NOT RECOVERY ACT,R,SMALL BUSINESS,2,NON-AGGREGATE RECORD,,,,,,,,,,,https://www.usaspending.gov/award/ASST_NON_6992908206_073/,2020-09-04 13:44:33.675634+00
ASST_NON_7055098201_073,7055098201,,SAI EXEMPT,"9: DEFC of '9' Indicates that the data for this row is not related to a COVID-19 P.L. (DEFC not one of the following: ['L', 'M', 'N', 'O', 'P', 'U', 'V']), but that the agency has declined to specify which other DEFC (or combination of DEFCs, in the case that the money hasn't been split out like it would be with a specific DEFC value) applies. This code was discontinued on July 13, 2021.;Q: Not Designated Nonemergency/Emergency/Disaster/Wildfire Suppression",,,,,2020-08-27,2020,0.00,1565.85,,,0.00,474500.00,1565.85,2020-08-27,2020,,,073,Small Business Administration,7300,Small Business Administration,737010,OFC OF CAPITAL ACCESS,073,Small Business Administration,7300,Small Business Administration,737010,OFC OF CAPITAL ACCESS,073-X-1154-000,073-1154,"41.0: Grants, subsidies, and contributions",0702: LOAN GUARANTEE SUBSIDY,,,"BENNETT APIARIES, INC","BENNETT APIARIES, INC",,,,USA,UNITED STATES,20015 VERNER  CT.,,59892,RED BLUFF,06103,TEHAMA,06,CA,CALIFORNIA,96080,,CA-01,CA-01,,,,COUNTY-WIDE,USA,UNITED STATES,CA**103,,06103,TEHAMA,06,CALIFORNIA,,CA-01,CA-01,,59.012: 7(A) LOAN GUARANTEES,,,08,GUARANTEED/INSURED LOAN (F),TO AID SMALL BUSINESSES WHICH ARE UNABLE TO OBTAIN FINANCING IN THE PRIVATE CREDIT MARKETPLACE,NON,NOT RECOVERY ACT,R,SMALL BUSINESS,2,NON-AGGREGATE RECORD,,,,,,,,,,,https://www.usaspending.gov/award/ASST_NON_7055098201_073/,2020-09-04 13:44:33.675634+00
ASST_NON_7085848202_073,7085848202,,SAI EXEMPT,"9: DEFC of '9' Indicates that the data for this row is not related to a COVID-19 P.L. (DEFC not one of the following: ['L', 'M', 'N', 'O', 'P', 'U', 'V']), but that the agency has declined to specify which other DEFC (or combination of DEFCs, in the case that the money hasn't been split out like it would be with a specific DEFC value) applies. This code was discontinued on July 13, 2021.;Q: Not Designated Nonemergency/Emergency/Disaster/Wildfire Suppression",,,,,2020-08-27,2020,0.00,1172.82,,,0.00,355400.00,1172.82,2020-08-27,2020,,,073,Small Business Administration,7300,Small Business Administration,737010,OFC OF CAPITAL ACCESS,073,Small Business Administration,7300,Small Business Administration,737010,OFC OF CAPITAL ACCESS,073-X-1154-000,073-1154,"41.0: Grants, subsidies, and contributions",0702: LOAN GUARANTEE SUBSIDY,,,"WELLCO DRILLING, INC.","WELLCO DRILLING, INC.",,,,USA,UNITED STATES,34167 ROAD 613,,59794,RAYMOND,06039,MADERA,06,CA,CALIFORNIA,93653,,CA-04,CA-05,,,,COUNTY-WIDE,USA,UNITED STATES,CA**039,,06039,MADERA,06,CALIFORNIA,,CA-04,CA-90,,59.012: 7(A) LOAN GUARANTEES,,,08,GUARANTEED/INSURED LOAN (F),TO AID SMALL BUSINESSES WHICH ARE UNABLE TO OBTAIN FINANCING IN THE PRIVATE CREDIT MARKETPLACE,NON,NOT RECOVERY ACT,R,SMALL BUSINESS,2,NON-AGGREGATE RECORD,,,,,,,,,,,https://www.usaspending.gov/award/ASST_NON_7085848202_073/,2020-09-04 13:44:33.675634+00
ASST_NON_7092428203_073,7092428203,,SAI EXEMPT,,,,,,2020-08-27,2020,0.00,,,,0.00,2262000.00,0.00,2020-08-27,2020,,,073,Small Business Administration,7300,Small Business Administration,737010,OFC OF CAPITAL ACCESS,073,Small Business Administration,7300,Small Business Administration,737010,OFC OF CAPITAL ACCESS,,,,,,,14000 HALLDALE AVENUE LLC,14000 HALLDALE AVENUE LLC,,,,USA,UNITED STATES,1440 WEST 139TH STREET,AKA 14000 HALLDALE AVE,28168,GARDENA,06037,LOS ANGELES,06,CA,CALIFORNIA,90249,,CA-43,CA-43,,,,COUNTY-WIDE,USA,UNITED STATES,CA**037,,06037,LOS ANGELES,06,CALIFORNIA,,CA-43,CA-90,,59.041: 504 CERTIFIED DEVELOPMENT LOANS,,,08,GUARANTEED/INSURED LOAN (F),TO ASSIST SMALL BUSINESS CONCERNS BY PROVIDING LONG TERM FINANCING THROUGH THE SALE OF DEBENTURES TO THE PRIVATE SECTOR,NON,NOT RECOVERY ACT,R,SMALL BUSINESS,2,NON-AGGREGATE RECORD,,,,,,,,,,,https://www.usaspending.gov/award/ASST_NON_7092428203_073/,2020-09-04 13:44:33.675634+00
ASST_NON_7417397101_073,7417397101,,SAI EXEMPT,O: Non-emergency P.L. 116-136|Non-emergency P.L. 116-139|Non-emergency P.L. 116-260|Non-emergency P.L. 117-2,71786.86,71786.86,,,2020-08-27,2020,0.00,71786.86,,,0.00,70573.00,71786.86,2020-04-14,2020,,,073,Small Business Administration,7300,Small Business Administration,737010,OFC OF CAPITAL ACCESS,073,Small Business Administration,7300,Small Business Administration,737010,OFC OF CAPITAL ACCESS,073-2020/2021-1154-000,073-1154,"41.0: Grants, subsidies, and contributions",0702: LOAN GUARANTEE SUBSIDY,,,"SKY SAILING, INC","SKY SAILING, INC",,,,USA,UNITED STATES,31930 HIGHWAY 79,,83486,WARNER SPRINGS,06073,SAN DIEGO,06,CA,CALIFORNIA,92086,,CA-50,CA-48,,,,COUNTY-WIDE,USA,UNITED STATES,CA**073,,06073,SAN DIEGO,06,CALIFORNIA,,CA-50,CA-90,,59.073: PAYCHECK PROTECTION LOAN PROGRAM (PPP),,,08,GUARANTEED/INSURED LOAN (F),TO AID SMALL BUSINESSES IN MAINTAINING WORK FORCE DURING COVID-19 PANDEMIC.,NON,NOT RECOVERY ACT,R,SMALL BUSINESS,2,NON-AGGREGATE RECORD,,,,,,,,,,,https://www.usaspending.gov/award/ASST_NON_7417397101_073/,2021-01-06 03:33:53.27803+00
ASST_NON_7455177803_073,7455177803,,SAI EXEMPT,O: Non-emergency P.L. 116-136|Non-emergency P.L. 116-139|Non-emergency P.L. 116-260|Non-emergency P.L. 117-2,,0.00,,,2020-08-27,2020,0.00,0.00,,,0.00,0.00,0.00,2020-06-03,2020,,,073,Small Business Administration,7300,Small Business Administration,737010,OFC OF CAPITAL ACCESS,073,Small Business Administration,7300,Small Business Administration,737010,OFC OF CAPITAL ACCESS,073-2020/2021-1154-000,073-1154,"41.0: Grants, subsidies, and contributions",0702: LOAN GUARANTEE SUBSIDY,,,SYNERGY SOFTWARE SOLUTIONS INC,SYNERGY SOFTWARE SOLUTIONS INC,,,,USA,UNITED STATES,33 RAVEN LN,,00947,ALISO VIEJO,06059,ORANGE,06,CA,CALIFORNIA,92656,,CA-48,CA-40,,,,COUNTY-WIDE,USA,UNITED STATES,CA**059,,06059,ORANGE,06,CALIFORNIA,,CA-48,CA-90,,59.073: PAYCHECK PROTECTION LOAN PROGRAM (PPP),,,08,GUARANTEED/INSURED LOAN (F),TO AID SMALL BUSINESSES IN MAINTAINING WORK FORCE DURING COVID-19 PANDEMIC.,NON,NOT RECOVERY ACT,R,SMALL BUSINESS,2,NON-AGGREGATE RECORD,,,,,,,,,,,https://www.usaspending.gov/award/ASST_NON_7455177803_073/,2021-01-06 03:33:53.27803+00
ASST_NON_7573827101_073,7573827101,,SAI EXEMPT,O: Non-emergency P.L. 116-136|Non-emergency P.L. 116-139|Non-emergency P.L. 116-260|Non-emergency P.L. 117-2,31733.59,31733.59,,,2020-08-27,2020,0.00,31733.59,,,0.00,31197.00,31733.59,2020-04-14,2020,,,073,Small Business Administration,7300,Small Business Administration,737010,OFC OF CAPITAL ACCESS,073,Small Business Administration,7300,Small Business Administration,737010,OFC OF CAPITAL ACCESS,073-2020/2021-1154-000,073-1154,"41.0: Grants, subsidies, and contributions",0702: LOAN GUARANTEE SUBSIDY,,,WEST END ENTERPRISES LLC,WEST END ENTERPRISES LLC,,,,USA,UNITED STATES,774 MAIN ST,,10074,CAMBRIA,06079,SAN LUIS OBISPO,06,CA,CALIFORNIA,93428,,CA-24,CA-19,,,,COUNTY-WIDE,USA,UNITED STATES,CA**079,,06079,SAN LUIS OBISPO,06,CALIFORNIA,,CA-24,CA-90,,59.073: PAYCHECK PROTECTION LOAN PROGRAM (PPP),,,08,GUARANTEED/INSURED LOAN (F),TO AID SMALL BUSINESSES IN MAINTAINING WORK FORCE DURING COVID-19 PANDEMIC.,NON,NOT RECOVERY ACT,R,SMALL BUSINESS,2,NON-AGGREGATE RECORD,,,,,,,,,,,https://www.usaspending.gov/award/ASST_NON_7573827101_073/,2021-01-06 03:33:53.27803+00
ASST_NON_7673557100_073,7673557100,,SAI EXEMPT,O: Non-emergency P.L. 116-136|Non-emergency P.L. 116-139|Non-emergency P.L. 116-260|Non-emergency P.L. 117-2,13998.71,13998.71,,,2020-08-27,2020,0.00,13998.71,,,0.00,13762.00,13998.71,2020-04-15,2020,,,073,Small Business Administration,7300,Small Business Administration,737010,OFC OF CAPITAL ACCESS,073,Small Business Administration,7300,Small Business Administration,737010,OFC OF CAPITAL ACCESS,073-2020/2021-1154-000,073-1154,"41.0: Grants, subsidies, and contributions",0702: LOAN GUARANTEE SUBSIDY,,,DANIEL RECALDE DPM INC,DANIEL RECALDE DPM INC,,,,USA,UNITED STATES,11100 WARNER AVE,,25380,FOUNTAIN VALLEY,06059,ORANGE,06,CA,CALIFORNIA,92708,,CA-48,CA-45,,,,COUNTY-WIDE,USA,UNITED STATES,CA**059,,06059,ORANGE,06,CALIFORNIA,,CA-48,CA-90,,59.073: PAYCHECK PROTECTION LOAN PROGRAM (PPP),,,08,GUARANTEED/INSURED LOAN (F),TO AID SMALL BUSINESSES IN MAINTAINING WORK FORCE DURING COVID-19 PANDEMIC.,NON,NOT RECOVERY ACT,R,SMALL BUSINESS,2,NON-AGGREGATE RECORD,,,,,,,,,,,https://www.usaspending.gov/award/ASST_NON_7673557100_073/,2021-01-06 03:33:53.27803+00
ASST_NON_8209755001_073,8209755001,,SAI EXEMPT,"9: DEFC of '9' Indicates that the data for this row is not related to a COVID-19 P.L. (DEFC not one of the following: ['L', 'M', 'N', 'O', 'P', 'U', 'V']), but that the agency has declined to specify which other DEFC (or combination of DEFCs, in the case that the money hasn't been split out like it would be with a specific DEFC value) applies. This code was discontinued on July 13, 2021.",,,,,2020-08-27,2020,0.00,24.75,,0.00,0.00,27500.00,24.75,2016-01-29,2016,,,073,Small Business Administration,7300,Small Business Administration,737010,OFC OF CAPITAL ACCESS,073,Small Business Administration,7300,Small Business Administration,737010,OFC OF CAPITAL ACCESS,073-X-1154-000,073-1154,"41.0: Grants, subsidies, and contributions",0702: LOAN GUARANTEE SUBSIDY,,,MARRAKESH ENTERPRISES LLC,MARRAKESH ENTERPRISES LLC,,,,USA,UNITED STATES,2918 FRANKEL ST,,39892,LAKEWOOD,06037,LOS ANGELES,06,CA,CALIFORNIA,90712,,CA-38,CA-44,,,,COUNTY-WIDE,USA,UNITED STATES,CA**037,,06037,LOS ANGELES,06,CALIFORNIA,,CA-38,CA-90,,59.012: 7(A) LOAN GUARANTEES; 59.012: 7A,,,08,GUARANTEED/INSURED LOAN (F),TO AID SMALL BUSINESSES WHICH ARE UNABLE TO OBTAIN FINANCING IN THE PRIVATE CREDIT MARKETPLACE,NON,NOT RECOVERY ACT,R,SMALL BUSINESS,2,NON-AGGREGATE RECORD,,,,,,,,,,,https://www.usaspending.gov/award/ASST_NON_8209755001_073/,2020-09-04 13:44:33.675634+00
ASST_NON_8782448102_073,8782448102,,SAI EXEMPT,O: Non-emergency P.L. 116-136|Non-emergency P.L. 116-139|Non-emergency P.L. 116-260|Non-emergency P.L. 117-2,,0.00,,,2020-08-27,2020,0.00,0.00,,,0.00,0.00,0.00,2020-07-27,2020,,,073,Small Business Administration,7300,Small Business Administration,737010,OFC OF CAPITAL ACCESS,073,Small Business Administration,7300,Small Business Administration,737010,OFC OF CAPITAL ACCESS,073-2020/2021-1154-000,073-1154,"41.0: Grants, subsidies, and contributions",0702: LOAN GUARANTEE SUBSIDY,,,COMMERCIAL CLEANING SOLUTIONS INC,COMMERCIAL CLEANING SOLUTIONS INC,,,,USA,UNITED STATES,3200 EAST INLAND EMPIRE BLVD STE 250,,53896,ONTARIO,06071,SAN BERNARDINO,06,CA,CALIFORNIA,91764,,CA-35,CA-35,,,,COUNTY-WIDE,USA,UNITED STATES,CA**071,,06071,SAN BERNARDINO,06,CALIFORNIA,,CA-35,CA-90,,59.073: PAYCHECK PROTECTION LOAN PROGRAM (PPP),,,08,GUARANTEED/INSURED LOAN (F),TO AID SMALL BUSINESSES IN MAINTAINING WORK FORCE DURING COVID-19 PANDEMIC.,NON,NOT RECOVERY ACT,R,SMALL BUSINESS,2,NON-AGGREGATE RECORD,,,,,,,,,,,https://www.usaspending.gov/award/ASST_NON_8782448102_073/,2021-01-06 03:33:53.27803+00
ASST_NON_8899277303_073,8899277303,,SAI EXEMPT,O: Non-emergency P.L. 116-136|Non-emergency P.L. 116-139|Non-emergency P.L. 116-260|Non-emergency P.L. 117-2,,0.00,,,2020-08-27,2020,0.00,0.00,,,0.00,0.00,0.00,2020-05-02,2020,,,073,Small Business Administration,7300,Small Business Administration,737010,OFC OF CAPITAL ACCESS,073,Small Business Administration,7300,Small Business Administration,737010,OFC OF CAPITAL ACCESS,073-2020/2021-1154-000,073-1154,"41.0: Grants, subsidies, and contributions",0702: LOAN GUARANTEE SUBSIDY,,,7-ELEVEN,7-ELEVEN,,,,USA,UNITED STATES,1461 MAIN ST,,83668,WATSONVILLE,06087,SANTA CRUZ,06,CA,CALIFORNIA,95076,,CA-20,CA-90,,,,COUNTY-WIDE,USA,UNITED STATES,CA**087,,06087,SANTA CRUZ,06,CALIFORNIA,,CA-20,CA-90,,59.073: PAYCHECK PROTECTION LOAN PROGRAM (PPP),,,08,GUARANTEED/INSURED LOAN (F),TO AID SMALL BUSINESSES IN MAINTAINING WORK FORCE DURING COVID-19 PANDEMIC.,NON,NOT RECOVERY ACT,P,INDIVIDUAL,2,NON-AGGREGATE RECORD,,,,,,,,,,,https://www.usaspending.gov/award/ASST_NON_8899277303_073/,2021-01-06 03:33:53.27803+00
ASST_NON_9299907205_073,9299907205,,SAI EXEMPT,O: Non-emergency P.L. 116-136|Non-emergency P.L. 116-139|Non-emergency P.L. 116-260|Non-emergency P.L. 117-2,,0.00,,,2020-08-27,2020,0.00,0.00,,,0.00,0.00,0.00,2020-04-28,2020,,,073,Small Business Administration,7300,Small Business Administration,737010,OFC OF CAPITAL ACCESS,073,Small Business Administration,7300,Small Business Administration,737010,OFC OF CAPITAL ACCESS,073-2020/2021-1154-000,073-1154,"41.0: Grants, subsidies, and contributions",0702: LOAN GUARANTEE SUBSIDY,,,COXFAM ENVIRONMENTAL SERVICES INC.,COXFAM ENVIRONMENTAL SERVICES INC.,,,,USA,UNITED STATES,1955 AVENIDA PLAZA REAL,,53322,OCEANSIDE,06073,SAN DIEGO,06,CA,CALIFORNIA,92056,,CA-49,CA-49,,,,COUNTY-WIDE,USA,UNITED STATES,CA**073,,06073,SAN DIEGO,06,CALIFORNIA,,CA-49,CA-90,,59.073: PAYCHECK PROTECTION LOAN PROGRAM (PPP),,,08,GUARANTEED/INSURED LOAN (F),TO AID SMALL BUSINESSES IN MAINTAINING WORK FORCE DURING COVID-19 PANDEMIC.,NON,NOT RECOVERY ACT,R,SMALL BUSINESS,2,NON-AGGREGATE RECORD,,,,,,,,,,,https://www.usaspending.gov/award/ASST_NON_9299907205_073/,2021-01-06 03:33:53.27803+00
ASST_NON_9432187203_073,9432187203,,SAI EXEMPT,O: Non-emergency P.L. 116-136|Non-emergency P.L. 116-139|Non-emergency P.L. 116-260|Non-emergency P.L. 117-2,,0.00,,,2020-08-27,2020,0.00,0.00,,,0.00,0.00,0.00,2020-04-28,2020,,,073,Small Business Administration,7300,Small Business Administration,737010,OFC OF CAPITAL ACCESS,073,Small Business Administration,7300,Small Business Administration,737010,OFC OF CAPITAL ACCESS,073-2020/2021-1154-000,073-1154,"41.0: Grants, subsidies, and contributions",0702: LOAN GUARANTEE SUBSIDY,,,TENTH HOUSE ENTERPRISES,TENTH HOUSE ENTERPRISES,,,,USA,UNITED STATES,1390 E BURNETT ST STE L,,71876,SIGNAL HILL,06037,LOS ANGELES,06,CA,CALIFORNIA,90755,,CA-47,CA-42,,,,COUNTY-WIDE,USA,UNITED STATES,CA**037,,06037,LOS ANGELES,06,CALIFORNIA,,CA-47,CA-90,,59.073: PAYCHECK PROTECTION LOAN PROGRAM (PPP),,,08,GUARANTEED/INSURED LOAN (F),TO AID SMALL BUSINESSES IN MAINTAINING WORK FORCE DURING COVID-19 PANDEMIC.,NON,NOT RECOVERY ACT,R,SMALL BUSINESS,2,NON-AGGREGATE RECORD,,,,,,,,,,,https://www.usaspending.gov/award/ASST_NON_9432187203_073/,2021-01-06 03:33:53.27803+00
ASST_NON_9690198107_073,9690198107,,SAI EXEMPT,O: Non-emergency P.L. 116-136|Non-emergency P.L. 116-139|Non-emergency P.L. 116-260|Non-emergency P.L. 117-2,,0.00,,,2020-08-27,2020,0.00,0.00,,,0.00,0.00,0.00,2020-07-29,2020,,,073,Small Business Administration,7300,Small Business Administration,737010,OFC OF CAPITAL ACCESS,073,Small Business Administration,7300,Small Business Administration,737010,OFC OF CAPITAL ACCESS,073-2020/2021-1154-000,073-1154,"41.0: Grants, subsidies, and contributions",0702: LOAN GUARANTEE SUBSIDY,,,HILDA ELISA OROSCO ZAMORA,HILDA ELISA OROSCO ZAMORA,,,,USA,UNITED STATES,10833 MULHALL ST,,22230,EL MONTE,06037,LOS ANGELES,06,CA,CALIFORNIA,91731,,CA-32,CA-31,,,,COUNTY-WIDE,USA,UNITED STATES,CA**037,,06037,LOS ANGELES,06,CALIFORNIA,,CA-32,CA-90,,59.073: PAYCHECK PROTECTION LOAN PROGRAM (PPP),,,08,GUARANTEED/INSURED LOAN (F),TO AID SMALL BUSINESSES IN MAINTAINING WORK FORCE DURING COVID-19 PANDEMIC.,NON,NOT RECOVERY ACT,P,INDIVIDUAL,2,NON-AGGREGATE RECORD,,,,,,,,,,,https://www.usaspending.gov/award/ASST_NON_9690198107_073/,2021-01-06 03:33:53.27803+00
ASST_NON_9783058110_073,9783058110,,SAI EXEMPT,O: Non-emergency P.L. 116-136|Non-emergency P.L. 116-139|Non-emergency P.L. 116-260|Non-emergency P.L. 117-2,,0.00,,,2020-08-27,2020,0.00,0.00,,,0.00,0.00,0.00,2020-07-29,2020,,,073,Small Business Administration,7300,Small Business Administration,737010,OFC OF CAPITAL ACCESS,073,Small Business Administration,7300,Small Business Administration,737010,OFC OF CAPITAL ACCESS,073-2020/2021-1154-000,073-1154,"41.0: Grants, subsidies, and contributions",0702: LOAN GUARANTEE SUBSIDY,,,"OPTIMUM HOSPITALITY, LLC","OPTIMUM HOSPITALITY, LLC",,,,USA,UNITED STATES,17251 BEACH BLVD,,36000,HUNTINGTON BEACH,06059,ORANGE,06,CA,CALIFORNIA,92647,,CA-48,CA-47,,,,COUNTY-WIDE,USA,UNITED STATES,CA**059,,06059,ORANGE,06,CALIFORNIA,,CA-48,CA-90,,59.073: PAYCHECK PROTECTION LOAN PROGRAM (PPP),,,08,GUARANTEED/INSURED LOAN (F),TO AID SMALL BUSINESSES IN MAINTAINING WORK FORCE DURING COVID-19 PANDEMIC.,NON,NOT RECOVERY ACT,P,INDIVIDUAL,2,NON-AGGREGATE RECORD,,,,,,,,,,,https://www.usaspending.gov/award/ASST_NON_9783058110_073/,2021-01-06 03:33:53.27803+00
ASST_NON_9791958109_073,9791958109,,SAI EXEMPT,O: Non-emergency P.L. 116-136|Non-emergency P.L. 116-139|Non-emergency P.L. 116-260|Non-emergency P.L. 117-2,,0.00,,,2020-08-27,2020,0.00,0.00,,,0.00,0.00,0.00,2020-07-29,2020,,,073,Small Business Administration,7300,Small Business Administration,737010,OFC OF CAPITAL ACCESS,073,Small Business Administration,7300,Small Business Administration,737010,OFC OF CAPITAL ACCESS,073-2020/2021-1154-000,073-1154,"41.0: Grants, subsidies, and contributions",0702: LOAN GUARANTEE SUBSIDY,,,LINDA F. ANDERSON INSURANCE AGENCY INC.,LINDA F. ANDERSON INSURANCE AGENCY INC.,,,,USA,UNITED STATES,9703 WASHINGTON BLVD,,17568,CULVER CITY,06037,LOS ANGELES,06,CA,CALIFORNIA,90232,,CA-37,CA-37,,,,COUNTY-WIDE,USA,UNITED STATES,CA**037,,06037,LOS ANGELES,06,CALIFORNIA,,CA-37,CA-90,,59.073: PAYCHECK PROTECTION LOAN PROGRAM (PPP),,,08,GUARANTEED/INSURED LOAN (F),TO AID SMALL BUSINESSES IN MAINTAINING WORK FORCE DURING COVID-19 PANDEMIC.,NON,NOT RECOVERY ACT,R,SMALL BUSINESS,2,NON-AGGREGATE RECORD,,,,,,,,,,,https://www.usaspending.gov/award/ASST_NON_9791958109_073/,2021-01-06 03:33:53.27803+00
ASST_NON_9801828110_073,9801828110,,SAI EXEMPT,O: Non-emergency P.L. 116-136|Non-emergency P.L. 116-139|Non-emergency P.L. 116-260|Non-emergency P.L. 117-2,,0.00,,,2020-08-27,2020,0.00,0.00,,,0.00,0.00,0.00,2020-07-29,2020,,,073,Small Business Administration,7300,Small Business Administration,737010,OFC OF CAPITAL ACCESS,073,Small Business Administration,7300,Small Business Administration,737010,OFC OF CAPITAL ACCESS,073-2020/2021-1154-000,073-1154,"41.0: Grants, subsidies, and contributions",0702: LOAN GUARANTEE SUBSIDY,,,LONG BEACH ROUND TABLE PIZZA,LONG BEACH ROUND TABLE PIZZA,,,,USA,UNITED STATES,4007 E OCEAN BLVD.,ROUND TABLE PIZZA,43000,LONG BEACH,06037,LOS ANGELES,06,CA,CALIFORNIA,90803,,CA-47,CA-42,,,,COUNTY-WIDE,USA,UNITED STATES,CA**037,,06037,LOS ANGELES,06,CALIFORNIA,,CA-47,CA-90,,59.073: PAYCHECK PROTECTION LOAN PROGRAM (PPP),,,08,GUARANTEED/INSURED LOAN (F),TO AID SMALL BUSINESSES IN MAINTAINING WORK FORCE DURING COVID-19 PANDEMIC.,NON,NOT RECOVERY ACT,R,SMALL BUSINESS,2,NON-AGGREGATE RECORD,,,,,,,,,,,https://www.usaspending.gov/award/ASST_NON_9801828110_073/,2021-01-06 03:33:53.27803+00
ASST_NON_9801988101_073,9801988101,,SAI EXEMPT,O: Non-emergency P.L. 116-136|Non-emergency P.L. 116-139|Non-emergency P.L. 116-260|Non-emergency P.L. 117-2,,0.00,,,2020-08-27,2020,0.00,0.00,,,0.00,0.00,0.00,2020-07-29,2020,,,073,Small Business Administration,7300,Small Business Administration,737010,OFC OF CAPITAL ACCESS,073,Small Business Administration,7300,Small Business Administration,737010,OFC OF CAPITAL ACCESS,073-2020/2021-1154-000,073-1154,"41.0: Grants, subsidies, and contributions",0702: LOAN GUARANTEE SUBSIDY,,,BEST FITNESS INSTITUTE AND TRAINING,BEST FITNESS INSTITUTE AND TRAINING,,,,USA,UNITED STATES,223 ARROYO DRIVE,,54806,PACIFICA,06081,SAN MATEO,06,CA,CALIFORNIA,94044,,CA-14,CA-16,,,,COUNTY-WIDE,USA,UNITED STATES,CA**081,,06081,SAN MATEO,06,CALIFORNIA,,CA-14,CA-90,,59.073: PAYCHECK PROTECTION LOAN PROGRAM (PPP),,,08,GUARANTEED/INSURED LOAN (F),TO AID SMALL BUSINESSES IN MAINTAINING WORK FORCE DURING COVID-19 PANDEMIC.,NON,NOT RECOVERY ACT,P,INDIVIDUAL,2,NON-AGGREGATE RECORD,,,,,,,,,,,https://www.usaspending.gov/award/ASST_NON_9801988101_073/,2021-01-06 03:33:53.27803+00
ASST_NON_9809738101_073,9809738101,,SAI EXEMPT,O: Non-emergency P.L. 116-136|Non-emergency P.L. 116-139|Non-emergency P.L. 116-260|Non-emergency P.L. 117-2,,0.00,,,2020-08-27,2020,0.00,0.00,,,0.00,0.00,0.00,2020-07-29,2020,,,073,Small Business Administration,7300,Small Business Administration,737010,OFC OF CAPITAL ACCESS,073,Small Business Administration,7300,Small Business Administration,737010,OFC OF CAPITAL ACCESS,073-2020/2021-1154-000,073-1154,"41.0: Grants, subsidies, and contributions",0702: LOAN GUARANTEE SUBSIDY,,,CHIC NAILS AND SPA,CHIC NAILS AND SPA,,,,USA,UNITED STATES,3443 LAGUNA BLVD.,SUITE 136,22020,ELK GROVE,06067,SACRAMENTO,06,CA,CALIFORNIA,95758,,CA-07,CA-07,,,,COUNTY-WIDE,USA,UNITED STATES,CA**067,,06067,SACRAMENTO,06,CALIFORNIA,,CA-07,CA-90,,59.073: PAYCHECK PROTECTION LOAN PROGRAM (PPP),,,08,GUARANTEED/INSURED LOAN (F),TO AID SMALL BUSINESSES IN MAINTAINING WORK FORCE DURING COVID-19 PANDEMIC.,NON,NOT RECOVERY ACT,P,INDIVIDUAL,2,NON-AGGREGATE RECORD,,,,,,,,,,,https://www.usaspending.gov/award/ASST_NON_9809738101_073/,2021-01-06 03:33:53.27803+00
prime_award_unique_key,prime_award_fain,prime_award_amount,prime_award_disaster_emergency_fund_codes,prime_award_outlayed_amount_from_COVID-19_supplementals,prime_award_obligated_amount_from_COVID-19_supplementals,prime_award_outlayed_amount_from_IIJA_supplemental,prime_award_obligated_amount_from_IIJA_supplemental,prime_award_total_outlayed_amount,prime_award_base_action_date,prime_award_base_action_date_fiscal_year,prime_award_latest_action_date,prime_award_latest_action_date_fiscal_year,prime_award_period_of_performance_start_date,prime_award_period_of_performance_current_end_date,prime_award_awarding_agency_code,prime_award_awarding_agency_name,prime_award_awarding_sub_agency_code,prime_award_awarding_sub_agency_name,prime_award_awarding_office_code,prime_award_awarding_office_name,prime_award_funding_agency_code,prime_award_funding_agency_name,prime_award_funding_sub_agency_code,prime_award_funding_sub_agency_name,prime_award_funding_office_code,prime_award_funding_office_name,prime_award_treasury_accounts_funding_this_award,prime_award_federal_accounts_funding_this_award,prime_award_object_classes_funding_this_award,prime_award_program_activities_funding_this_award,prime_awardee_uei,prime_awardee_duns,prime_awardee_name,prime_awardee_dba_name,prime_awardee_parent_uei,prime_awardee_parent_duns,prime_awardee_parent_name,prime_awardee_country_code,prime_awardee_country_name,prime_awardee_address_line_1,prime_awardee_city_name,prime_awardee_county_fips_code,prime_awardee_county_name,prime_awardee_state_fips_code,prime_awardee_state_code,prime_awardee_state_name,prime_awardee_zip_code,prime_award_summary_recipient_cd_original,prime_award_summary_recipient_cd_current,prime_awardee_foreign_postal_code,prime_awardee_business_types,prime_award_primary_place_of_performance_scope,prime_award_primary_place_of_performance_city_name,prime_award_primary_place_of_performance_county_fips_code,prime_award_primary_place_of_performance_county_name,prime_award_primary_place_of_performance_state_fips_code,prime_award_primary_place_of_performance_state_code,prime_award_primary_place_of_performance_state_name,prime_award_primary_place_of_performance_address_zip_code,prime_award_summary_place_of_performance_cd_original,prime_award_summary_place_of_performance_cd_current,prime_award_primary_place_of_performance_country_code,prime_award_primary_place_of_performance_country_name,prime_award_base_transaction_description,prime_award_cfda_numbers_and_titles,subaward_type,subaward_sam_report_id,subaward_sam_report_year,subaward_sam_report_month,subaward_number,subaward_amount,subaward_action_date,subaward_action_date_fiscal_year,subawardee_uei,subawardee_duns,subawardee_name,subawardee_dba_name,subawardee_parent_uei,subawardee_parent_duns,subawardee_parent_name,subawardee_country_code,subawardee_country_name,subawardee_address_line_1,subawardee_city_name,subawardee_state_code,subawardee_state_name,subawardee_zip_code,subaward_recipient_cd_original,subaward_recipient_cd_current,subawardee_foreign_postal_code,subawardee_business_types,subaward_primary_place_of_performance_city_name,subaward_primary_place_of_performance_state_code,subaward_primary_place_of_performance_state_name,subaward_primary_place_of_performance_address_zip_code,subaward_place_of_performance_cd_original,subaward_place_of_performance_cd_current,subaward_primary_place_of_performance_country_code,subaward_primary_place_of_performance_country_name,subaward_description,subawardee_highly_compensated_officer_1_name,subawardee_highly_compensated_officer_1_amount,subawardee_highly_compensated_officer_2_name,subawardee_highly_compensated_officer_2_amount,subawardee_highly_compensated_officer_3_name,subawardee_highly_compensated_officer_3_amount,subawardee_highly_compensated_officer_4_name,subawardee_highly_compensated_officer_4_amount,subawardee_highly_compensated_officer_5_name,subawardee_highly_compensated_officer_5_amount,usaspending_permalink,subaward_sam_report_last_modified_date
