assistance_award_unique_key,award_id_fain,award_id_uri,sai_number,disaster_emergency_fund_codes,outlayed_amount_from_COVID-19_supplementals,obligated_amount_from_COVID-19_supplementals,outlayed_amount_from_IIJA_supplemental,obligated_amount_from_IIJA_supplemental,award_latest_action_date,award_latest_action_date_fiscal_year,total_obligated_amount,total_outlayed_amount,indirect_cost_federal_share_amount,total_non_federal_funding_amount,total_funding_amount,total_face_value_of_loan,total_loan_subsidy_cost,award_base_action_date,award_base_action_date_fiscal_year,period_of_performance_start_date,period_of_performance_current_end_date,awarding_agency_code,awarding_agency_name,awarding_sub_agency_code,awarding_sub_agency_name,awarding_office_code,awarding_office_name,funding_agency_code,funding_agency_name,funding_sub_agency_code,funding_sub_agency_name,funding_office_code,funding_office_name,treasury_accounts_funding_this_award,federal_accounts_funding_this_award,object_classes_funding_this_award,program_activities_funding_this_award,recipient_uei,recipient_duns,recipient_name,recipient_name_raw,recipient_parent_uei,recipient_parent_duns,recipient_parent_name,recipient_country_code,recipient_country_name,recipient_address_line_1,recipient_address_line_2,recipient_city_code,recipient_city_name,prime_award_summary_recipient_county_fips_code,recipient_county_name,prime_award_summary_recipient_state_fips_code,recipient_state_code,recipient_state_name,recipient_zip_code,recipient_zip_last_4_code,prime_award_summary_recipient_cd_original,prime_award_summary_recipient_cd_current,recipient_foreign_city_name,recipient_foreign_province_name,recipient_foreign_postal_code,primary_place_of_performance_scope,primary_place_of_performance_country_code,primary_place_of_performance_country_name,primary_place_of_performance_code,primary_place_of_performance_city_name,prime_award_summary_place_of_performance_county_fips_code,primary_place_of_performance_county_name,prime_award_summary_place_of_performance_state_fips_code,primary_place_of_performance_state_name,primary_place_of_performance_zip_4,prime_award_summary_place_of_performance_cd_original,prime_award_summary_place_of_performance_cd_current,primary_place_of_performance_foreign_location,cfda_numbers_and_titles,funding_opportunity_number,funding_opportunity_goals_text,assistance_type_code,assistance_type_description,prime_award_base_transaction_description,business_funds_indicator_code,business_funds_indicator_description,business_types_code,business_types_description,record_type_code,record_type_description,highly_compensated_officer_1_name,highly_compensated_officer_1_amount,highly_compensated_officer_2_name,highly_compensated_officer_2_amount,highly_compensated_officer_3_name,highly_compensated_officer_3_amount,highly_compensated_officer_4_name,highly_compensated_officer_4_amount,highly_compensated_officer_5_name,highly_compensated_officer_5_amount,usaspending_permalink,last_modified_date
ASST_NON_1366177303_073,1366177303,,SAI EXEMPT,O: Non-emergency P.L. 116-136|Non-emergency P.L. 116-139|Non-emergency P.L. 116-260|Non-emergency P.L. 117-2,9053.08,9053.08,,,2020-08-24,2020,0.00,9053.08,,,0.00,8900.00,9053.08,2020-04-29,2020,,,073,Small Business Administration,7300,Small Business Administration,737010,OFC OF CAPITAL ACCESS,073,Small Business Administration,7300,Small Business Administration,737010,OFC OF CAPITAL ACCESS,073-2020/2021-1154-000,073-1154,"41.0: Grants, subsidies, and contributions",0702: LOAN GUARANTEE SUBSIDY,,,BIMMBOMB ENTERPRISES,BIMMBOMB ENTERPRISES,,,,USA,UNITED STATES,4195 CHINO HILLS PKWY,,13214,CHINO HILLS,06071,SAN BERNARDINO,06,CA,CALIFORNIA,91709,,CA-39,CA-90,,,,COUNTY-WIDE,USA,UNITED STATES,CA**071,,06071,SAN BERNARDINO,06,CALIFORNIA,,CA-39,CA-90,,59.073: PAYCHECK PROTECTION LOAN PROGRAM (PPP),,,08,GUARANTEED/INSURED LOAN (F),TO AID SMALL BUSINESSES IN MAINTAINING WORK FORCE DURING COVID-19 PANDEMIC.,NON,NOT RECOVERY ACT,R,SMALL BUSINESS,2,NON-AGGREGATE RECORD,,,,,,,,,,,https://www.usaspending.gov/award/ASST_NON_1366177303_073/,2021-01-06 03:33:53.27803+00
ASST_NON_13E3308244880001_073,13E3308244880001,,SAI EXEMPT,,,,,,2020-08-24,2020,0.00,,,721883.00,2406278.00,36619.00,0.00,2013-06-17,2013,,,073,Small Business Administration,7300,Small Business Administration,737010,OFC OF CAPITAL ACCESS,073,Small Business Administration,7300,Small Business Administration,737010,OFC OF CAPITAL ACCESS,,,,,,,"COVE BUILDERS, INC.","COVE BUILDERS, INC.",,,,USA,UNITED STATES,3329 W. CASTOR ST.,,69000,SANTA ANA,06059,ORANGE,06,CA,CALIFORNIA,92704,,CA-46,CA-46,,,,COUNTY-WIDE,USA,UNITED STATES,CA**059,,06059,ORANGE,06,CALIFORNIA,,CA-46,CA-90,,59.016: SURETY BOND GUARANTEES,,,08,GUARANTEED/INSURED LOAN (F),ROUGH CARPENTRY AT 5 STORY APARTMENT BLDG,NON,NOT RECOVERY ACT,R,SMALL BUSINESS,2,NON-AGGREGATE RECORD,,,,,,,,,,,https://www.usaspending.gov/award/ASST_NON_13E3308244880001_073/,2020-09-04 13:44:33.675634+00
ASST_NON_1631728202_073,1631728202,,SAI EXEMPT,O: Non-emergency P.L. 116-136|Non-emergency P.L. 116-139|Non-emergency P.L. 116-260|Non-emergency P.L. 117-2,,0.00,,,2020-08-24,2020,0.00,0.00,,,0.00,0.00,0.00,2020-07-31,2020,,,073,Small Business Administration,7300,Small Business Administration,737010,OFC OF CAPITAL ACCESS,073,Small Business Administration,7300,Small Business Administration,737010,OFC OF CAPITAL ACCESS,073-2020/2021-1154-000,073-1154,"41.0: Grants, subsidies, and contributions",0702: LOAN GUARANTEE SUBSIDY,,,UNITED LIQUOR MARKET,UNITED LIQUOR MARKET,,,,USA,UNITED STATES,5298 MISSION STREET,,67000,SAN FRANCISCO,06075,SAN FRANCISCO,06,CA,CALIFORNIA,94112,,CA-14,CA-90,,,,COUNTY-WIDE,USA,UNITED STATES,CA**075,,06075,SAN FRANCISCO,06,CALIFORNIA,,CA-14,CA-90,,59.073: PAYCHECK PROTECTION LOAN PROGRAM (PPP),,,08,GUARANTEED/INSURED LOAN (F),TO AID SMALL BUSINESSES IN MAINTAINING WORK FORCE DURING COVID-19 PANDEMIC.,NON,NOT RECOVERY ACT,P,INDIVIDUAL,2,NON-AGGREGATE RECORD,,,,,,,,,,,https://www.usaspending.gov/award/ASST_NON_1631728202_073/,2021-01-06 03:33:53.27803+00
ASST_NON_1679198208_073,1679198208,,SAI EXEMPT,O: Non-emergency P.L. 116-136|Non-emergency P.L. 116-139|Non-emergency P.L. 116-260|Non-emergency P.L. 117-2,,0.00,,,2020-08-24,2020,0.00,0.00,,,0.00,0.00,0.00,2020-07-31,2020,,,073,Small Business Administration,7300,Small Business Administration,737010,OFC OF CAPITAL ACCESS,073,Small Business Administration,7300,Small Business Administration,737010,OFC OF CAPITAL ACCESS,073-2020/2021-1154-000,073-1154,"41.0: Grants, subsidies, and contributions",0702: LOAN GUARANTEE SUBSIDY,,,MMK INTERNATIONAL INC.,MMK INTERNATIONAL INC.,,,,USA,UNITED STATES,4410 PACIFIC BLVD.,,44000,LOS ANGELES,06037,LOS ANGELES,06,CA,CALIFORNIA,90058,,CA-40,CA-90,,,,COUNTY-WIDE,USA,UNITED STATES,CA**037,,06037,LOS ANGELES,06,CALIFORNIA,,CA-40,CA-90,,59.073: PAYCHECK PROTECTION LOAN PROGRAM (PPP),,,08,GUARANTEED/INSURED LOAN (F),TO AID SMALL BUSINESSES IN MAINTAINING WORK FORCE DURING COVID-19 PANDEMIC.,NON,NOT RECOVERY ACT,R,SMALL BUSINESS,2,NON-AGGREGATE RECORD,,,,,,,,,,,https://www.usaspending.gov/award/ASST_NON_1679198208_073/,2021-01-06 03:33:53.27803+00
ASST_NON_1686788206_073,1686788206,,SAI EXEMPT,O: Non-emergency P.L. 116-136|Non-emergency P.L. 116-139|Non-emergency P.L. 116-260|Non-emergency P.L. 117-2,,0.00,,,2020-08-24,2020,0.00,0.00,,,0.00,0.00,0.00,2020-07-31,2020,,,073,Small Business Administration,7300,Small Business Administration,737010,OFC OF CAPITAL ACCESS,073,Small Business Administration,7300,Small Business Administration,737010,OFC OF CAPITAL ACCESS,073-2020/2021-1154-000,073-1154,"41.0: Grants, subsidies, and contributions",0702: LOAN GUARANTEE SUBSIDY,,,CHRISTINA KIM REALTY INC,CHRISTINA KIM REALTY INC,,,,USA,UNITED STATES,1613 MATHEWS AVE,,45400,MANHATTAN BEACH,06037,LOS ANGELES,06,CA,CALIFORNIA,90266,,CA-33,CA-36,,,,COUNTY-WIDE,USA,UNITED STATES,CA**037,,06037,LOS ANGELES,06,CALIFORNIA,,CA-33,CA-90,,59.073: PAYCHECK PROTECTION LOAN PROGRAM (PPP),,,08,GUARANTEED/INSURED LOAN (F),TO AID SMALL BUSINESSES IN MAINTAINING WORK FORCE DURING COVID-19 PANDEMIC.,NON,NOT RECOVERY ACT,R,SMALL BUSINESS,2,NON-AGGREGATE RECORD,,,,,,,,,,,https://www.usaspending.gov/award/ASST_NON_1686788206_073/,2021-01-06 03:33:53.27803+00
ASST_NON_1698368206_073,1698368206,,SAI EXEMPT,O: Non-emergency P.L. 116-136|Non-emergency P.L. 116-139|Non-emergency P.L. 116-260|Non-emergency P.L. 117-2,,0.00,,,2020-08-24,2020,0.00,0.00,,,0.00,0.00,0.00,2020-07-31,2020,,,073,Small Business Administration,7300,Small Business Administration,737010,OFC OF CAPITAL ACCESS,073,Small Business Administration,7300,Small Business Administration,737010,OFC OF CAPITAL ACCESS,073-2020/2021-1154-000,073-1154,"41.0: Grants, subsidies, and contributions",0702: LOAN GUARANTEE SUBSIDY,,,FINELINE INTERIORS INC.,FINELINE INTERIORS INC.,,,,USA,UNITED STATES,11750 STERLING AVE.,STE. E,62000,RIVERSIDE,06065,RIVERSIDE,06,CA,CALIFORNIA,92503,,CA-41,CA-39,,,,COUNTY-WIDE,USA,UNITED STATES,CA**065,,06065,RIVERSIDE,06,CALIFORNIA,,CA-41,CA-90,,59.073: PAYCHECK PROTECTION LOAN PROGRAM (PPP),,,08,GUARANTEED/INSURED LOAN (F),TO AID SMALL BUSINESSES IN MAINTAINING WORK FORCE DURING COVID-19 PANDEMIC.,NON,NOT RECOVERY ACT,R,SMALL BUSINESS,2,NON-AGGREGATE RECORD,,,,,,,,,,,https://www.usaspending.gov/award/ASST_NON_1698368206_073/,2021-01-06 03:33:53.27803+00
ASST_NON_1700068210_073,1700068210,,SAI EXEMPT,O: Non-emergency P.L. 116-136|Non-emergency P.L. 116-139|Non-emergency P.L. 116-260|Non-emergency P.L. 117-2,,0.00,,,2020-08-24,2020,0.00,0.00,,,0.00,0.00,0.00,2020-07-31,2020,,,073,Small Business Administration,7300,Small Business Administration,737010,OFC OF CAPITAL ACCESS,073,Small Business Administration,7300,Small Business Administration,737010,OFC OF CAPITAL ACCESS,073-2020/2021-1154-000,073-1154,"41.0: Grants, subsidies, and contributions",0702: LOAN GUARANTEE SUBSIDY,,,KIRSTI CASELLI,KIRSTI CASELLI,,,,USA,UNITED STATES,15 LANGFORD LANE,,39114,LADERA RANCH,06059,ORANGE,06,CA,CALIFORNIA,92694,,CA-49,CA-49,,,,COUNTY-WIDE,USA,UNITED STATES,CA**059,,06059,ORANGE,06,CALIFORNIA,,CA-49,CA-90,,59.073: PAYCHECK PROTECTION LOAN PROGRAM (PPP),,,08,GUARANTEED/INSURED LOAN (F),TO AID SMALL BUSINESSES IN MAINTAINING WORK FORCE DURING COVID-19 PANDEMIC.,NON,NOT RECOVERY ACT,P,INDIVIDUAL,2,NON-AGGREGATE RECORD,,,,,,,,,,,https://www.usaspending.gov/award/ASST_NON_1700068210_073/,2021-01-06 03:33:53.27803+00
ASST_NON_1727378209_073,1727378209,,SAI EXEMPT,O: Non-emergency P.L. 116-136|Non-emergency P.L. 116-139|Non-emergency P.L. 116-260|Non-emergency P.L. 117-2,,0.00,,,2020-08-24,2020,0.00,0.00,,,0.00,0.00,0.00,2020-07-31,2020,,,073,Small Business Administration,7300,Small Business Administration,737010,OFC OF CAPITAL ACCESS,073,Small Business Administration,7300,Small Business Administration,737010,OFC OF CAPITAL ACCESS,073-2020/2021-1154-000,073-1154,"41.0: Grants, subsidies, and contributions",0702: LOAN GUARANTEE SUBSIDY,,,ARMEN SARKISIAN,ARMEN SARKISIAN,,,,USA,UNITED STATES,16917 CALAHAN ST,,70924,NORTH HILLS,06037,LOS ANGELES,06,CA,CALIFORNIA,91343,,CA-30,CA-90,,,,COUNTY-WIDE,USA,UNITED STATES,CA**037,,06037,LOS ANGELES,06,CALIFORNIA,,CA-30,CA-90,,59.073: PAYCHECK PROTECTION LOAN PROGRAM (PPP),,,08,GUARANTEED/INSURED LOAN (F),TO AID SMALL BUSINESSES IN MAINTAINING WORK FORCE DURING COVID-19 PANDEMIC.,NON,NOT RECOVERY ACT,P,INDIVIDUAL,2,NON-AGGREGATE RECORD,,,,,,,,,,,https://www.usaspending.gov/award/ASST_NON_1727378209_073/,2021-01-06 03:33:53.27803+00
ASST_NON_1743328205_073,1743328205,,SAI EXEMPT,O: Non-emergency P.L. 116-136|Non-emergency P.L. 116-139|Non-emergency P.L. 116-260|Non-emergency P.L. 117-2,,0.00,,,2020-08-24,2020,0.00,0.00,,,0.00,0.00,0.00,2020-07-31,2020,,,073,Small Business Administration,7300,Small Business Administration,737010,OFC OF CAPITAL ACCESS,073,Small Business Administration,7300,Small Business Administration,737010,OFC OF CAPITAL ACCESS,073-2020/2021-1154-000,073-1154,"41.0: Grants, subsidies, and contributions",0702: LOAN GUARANTEE SUBSIDY,,,SOPHIA BEAUTY SALON,SOPHIA BEAUTY SALON,,,,USA,UNITED STATES,13243 SOUTH ST,,12552,CERRITOS,06037,LOS ANGELES,06,CA,CALIFORNIA,90703,,CA-38,CA-45,,,,COUNTY-WIDE,USA,UNITED STATES,CA**037,,06037,LOS ANGELES,06,CALIFORNIA,,CA-38,CA-90,,59.073: PAYCHECK PROTECTION LOAN PROGRAM (PPP),,,08,GUARANTEED/INSURED LOAN (F),TO AID SMALL BUSINESSES IN MAINTAINING WORK FORCE DURING COVID-19 PANDEMIC.,NON,NOT RECOVERY ACT,P,INDIVIDUAL,2,NON-AGGREGATE RECORD,,,,,,,,,,,https://www.usaspending.gov/award/ASST_NON_1743328205_073/,2021-01-06 03:33:53.27803+00
ASST_NON_1746768203_073,1746768203,,SAI EXEMPT,O: Non-emergency P.L. 116-136|Non-emergency P.L. 116-139|Non-emergency P.L. 116-260|Non-emergency P.L. 117-2,,0.00,,,2020-08-24,2020,0.00,0.00,,,0.00,0.00,0.00,2020-07-31,2020,,,073,Small Business Administration,7300,Small Business Administration,737010,OFC OF CAPITAL ACCESS,073,Small Business Administration,7300,Small Business Administration,737010,OFC OF CAPITAL ACCESS,073-2020/2021-1154-000,073-1154,"41.0: Grants, subsidies, and contributions",0702: LOAN GUARANTEE SUBSIDY,,,VICTORINE WILLOUGHBY,VICTORINE WILLOUGHBY,,,,USA,UNITED STATES,3216 W 99TH STREET,APT 15,36546,INGLEWOOD,06037,LOS ANGELES,06,CA,CALIFORNIA,90305,,CA-43,CA-43,,,,COUNTY-WIDE,USA,UNITED STATES,CA**037,,06037,LOS ANGELES,06,CALIFORNIA,,CA-43,CA-90,,59.073: PAYCHECK PROTECTION LOAN PROGRAM (PPP),,,08,GUARANTEED/INSURED LOAN (F),TO AID SMALL BUSINESSES IN MAINTAINING WORK FORCE DURING COVID-19 PANDEMIC.,NON,NOT RECOVERY ACT,P,INDIVIDUAL,2,NON-AGGREGATE RECORD,,,,,,,,,,,https://www.usaspending.gov/award/ASST_NON_1746768203_073/,2021-01-06 03:33:53.27803+00
ASST_NON_1749868204_073,1749868204,,SAI EXEMPT,O: Non-emergency P.L. 116-136|Non-emergency P.L. 116-139|Non-emergency P.L. 116-260|Non-emergency P.L. 117-2,,0.00,,,2020-08-24,2020,0.00,0.00,,,0.00,0.00,0.00,2020-07-31,2020,,,073,Small Business Administration,7300,Small Business Administration,737010,OFC OF CAPITAL ACCESS,073,Small Business Administration,7300,Small Business Administration,737010,OFC OF CAPITAL ACCESS,073-2020/2021-1154-000,073-1154,"41.0: Grants, subsidies, and contributions",0702: LOAN GUARANTEE SUBSIDY,,,"SALON INDUSTRIE, LLC","SALON INDUSTRIE, LLC",,,,USA,UNITED STATES,9410 BRIGHTON WAY,,06308,BEVERLY HILLS,06037,LOS ANGELES,06,CA,CALIFORNIA,90210,,CA-33,CA-90,,,,COUNTY-WIDE,USA,UNITED STATES,CA**037,,06037,LOS ANGELES,06,CALIFORNIA,,CA-33,CA-90,,59.073: PAYCHECK PROTECTION LOAN PROGRAM (PPP),,,08,GUARANTEED/INSURED LOAN (F),TO AID SMALL BUSINESSES IN MAINTAINING WORK FORCE DURING COVID-19 PANDEMIC.,NON,NOT RECOVERY ACT,R,SMALL BUSINESS,2,NON-AGGREGATE RECORD,,,,,,,,,,,https://www.usaspending.gov/award/ASST_NON_1749868204_073/,2021-01-06 03:33:53.27803+00
ASST_NON_1786938200_073,1786938200,,SAI EXEMPT,O: Non-emergency P.L. 116-136|Non-emergency P.L. 116-139|Non-emergency P.L. 116-260|Non-emergency P.L. 117-2,,0.00,,,2020-08-24,2020,0.00,0.00,,,0.00,0.00,0.00,2020-07-31,2020,,,073,Small Business Administration,7300,Small Business Administration,737010,OFC OF CAPITAL ACCESS,073,Small Business Administration,7300,Small Business Administration,737010,OFC OF CAPITAL ACCESS,073-2020/2021-1154-000,073-1154,"41.0: Grants, subsidies, and contributions",0702: LOAN GUARANTEE SUBSIDY,,,SARA MIZRAHI,SARA MIZRAHI,,,,USA,UNITED STATES,5544 YOLANDA ST,APT 201,77966,TARZANA,06037,LOS ANGELES,06,CA,CALIFORNIA,91356,,CA-30,CA-32,,,,COUNTY-WIDE,USA,UNITED STATES,CA**037,,06037,LOS ANGELES,06,CALIFORNIA,,CA-30,CA-90,,59.073: PAYCHECK PROTECTION LOAN PROGRAM (PPP),,,08,GUARANTEED/INSURED LOAN (F),TO AID SMALL BUSINESSES IN MAINTAINING WORK FORCE DURING COVID-19 PANDEMIC.,NON,NOT RECOVERY ACT,P,INDIVIDUAL,2,NON-AGGREGATE RECORD,,,,,,,,,,,https://www.usaspending.gov/award/ASST_NON_1786938200_073/,2021-01-06 03:33:53.27803+00
ASST_NON_1787528208_073,1787528208,,SAI EXEMPT,O: Non-emergency P.L. 116-136|Non-emergency P.L. 116-139|Non-emergency P.L. 116-260|Non-emergency P.L. 117-2,,0.00,,,2020-08-24,2020,0.00,0.00,,,0.00,0.00,0.00,2020-07-31,2020,,,073,Small Business Administration,7300,Small Business Administration,737010,OFC OF CAPITAL ACCESS,073,Small Business Administration,7300,Small Business Administration,737010,OFC OF CAPITAL ACCESS,073-2020/2021-1154-000,073-1154,"41.0: Grants, subsidies, and contributions",0702: LOAN GUARANTEE SUBSIDY,,,ENERLITO CABANGIS,ENERLITO CABANGIS,,,,USA,UNITED STATES,150 FONT BLVD,8C,67000,SAN FRANCISCO,06075,SAN FRANCISCO,06,CA,CALIFORNIA,94132,,CA-14,CA-11,,,,COUNTY-WIDE,USA,UNITED STATES,CA**075,,06075,SAN FRANCISCO,06,CALIFORNIA,,CA-14,CA-90,,59.073: PAYCHECK PROTECTION LOAN PROGRAM (PPP),,,08,GUARANTEED/INSURED LOAN (F),TO AID SMALL BUSINESSES IN MAINTAINING WORK FORCE DURING COVID-19 PANDEMIC.,NON,NOT RECOVERY ACT,P,INDIVIDUAL,2,NON-AGGREGATE RECORD,,,,,,,,,,,https://www.usaspending.gov/award/ASST_NON_1787528208_073/,2021-01-06 03:33:53.27803+00
ASST_NON_1789758200_073,1789758200,,SAI EXEMPT,O: Non-emergency P.L. 116-136|Non-emergency P.L. 116-139|Non-emergency P.L. 116-260|Non-emergency P.L. 117-2,,0.00,,,2020-08-24,2020,0.00,0.00,,,0.00,0.00,0.00,2020-07-31,2020,,,073,Small Business Administration,7300,Small Business Administration,737010,OFC OF CAPITAL ACCESS,073,Small Business Administration,7300,Small Business Administration,737010,OFC OF CAPITAL ACCESS,073-2020/2021-1154-000,073-1154,"41.0: Grants, subsidies, and contributions",0702: LOAN GUARANTEE SUBSIDY,,,JASON WHITMMORE,JASON WHITMMORE,,,,USA,UNITED STATES,15560 ANDORRA WAY,,66000,SAN DIEGO,06073,SAN DIEGO,06,CA,CALIFORNIA,92129,,CA-52,CA-90,,,,COUNTY-WIDE,USA,UNITED STATES,CA**073,,06073,SAN DIEGO,06,CALIFORNIA,,CA-52,CA-90,,59.073: PAYCHECK PROTECTION LOAN PROGRAM (PPP),,,08,GUARANTEED/INSURED LOAN (F),TO AID SMALL BUSINESSES IN MAINTAINING WORK FORCE DURING COVID-19 PANDEMIC.,NON,NOT RECOVERY ACT,P,INDIVIDUAL,2,NON-AGGREGATE RECORD,,,,,,,,,,,https://www.usaspending.gov/award/ASST_NON_1789758200_073/,2021-01-06 03:33:53.27803+00
ASST_NON_1865308208_073,1865308208,,SAI EXEMPT,O: Non-emergency P.L. 116-136|Non-emergency P.L. 116-139|Non-emergency P.L. 116-260|Non-emergency P.L. 117-2,,0.00,,,2020-08-24,2020,0.00,0.00,,,0.00,0.00,0.00,2020-07-31,2020,,,073,Small Business Administration,7300,Small Business Administration,737010,OFC OF CAPITAL ACCESS,073,Small Business Administration,7300,Small Business Administration,737010,OFC OF CAPITAL ACCESS,073-2020/2021-1154-000,073-1154,"41.0: Grants, subsidies, and contributions",0702: LOAN GUARANTEE SUBSIDY,,,MOUNT ANALOG,MOUNT ANALOG,,,,USA,UNITED STATES,4019 CLAYTON AVE,,44000,LOS ANGELES,06037,LOS ANGELES,06,CA,CALIFORNIA,90027,,CA-28,CA-30,,,,COUNTY-WIDE,USA,UNITED STATES,CA**037,,06037,LOS ANGELES,06,CALIFORNIA,,CA-28,CA-90,,59.073: PAYCHECK PROTECTION LOAN PROGRAM (PPP),,,08,GUARANTEED/INSURED LOAN (F),TO AID SMALL BUSINESSES IN MAINTAINING WORK FORCE DURING COVID-19 PANDEMIC.,NON,NOT RECOVERY ACT,P,INDIVIDUAL,2,NON-AGGREGATE RECORD,,,,,,,,,,,https://www.usaspending.gov/award/ASST_NON_1865308208_073/,2021-01-06 03:33:53.27803+00
ASST_NON_1927138201_073,1927138201,,SAI EXEMPT,O: Non-emergency P.L. 116-136|Non-emergency P.L. 116-139|Non-emergency P.L. 116-260|Non-emergency P.L. 117-2,,0.00,,,2020-08-24,2020,0.00,0.00,,,0.00,0.00,0.00,2020-07-31,2020,,,073,Small Business Administration,7300,Small Business Administration,737010,OFC OF CAPITAL ACCESS,073,Small Business Administration,7300,Small Business Administration,737010,OFC OF CAPITAL ACCESS,073-2020/2021-1154-000,073-1154,"41.0: Grants, subsidies, and contributions",0702: LOAN GUARANTEE SUBSIDY,,,"FIRST STREET APOTHECARIUM, INC","FIRST STREET APOTHECARIUM, INC",,,,USA,UNITED STATES,3724 N. FIRST ST,,27000,FRESNO,06019,FRESNO,06,CA,CALIFORNIA,93726,,CA-16,CA-21,,,,COUNTY-WIDE,USA,UNITED STATES,CA**019,,06019,FRESNO,06,CALIFORNIA,,CA-16,CA-90,,59.073: PAYCHECK PROTECTION LOAN PROGRAM (PPP),,,08,GUARANTEED/INSURED LOAN (F),TO AID SMALL BUSINESSES IN MAINTAINING WORK FORCE DURING COVID-19 PANDEMIC.,NON,NOT RECOVERY ACT,R,SMALL BUSINESS,2,NON-AGGREGATE RECORD,,,,,,,,,,,https://www.usaspending.gov/award/ASST_NON_1927138201_073/,2021-01-06 03:33:53.27803+00
ASST_NON_1951847304_073,1951847304,,SAI EXEMPT,O: Non-emergency P.L. 116-136|Non-emergency P.L. 116-139|Non-emergency P.L. 116-260|Non-emergency P.L. 117-2,,0.00,,,2020-08-24,2020,0.00,0.00,,,0.00,0.00,0.00,2020-04-29,2020,,,073,Small Business Administration,7300,Small Business Administration,737010,OFC OF CAPITAL ACCESS,073,Small Business Administration,7300,Small Business Administration,737010,OFC OF CAPITAL ACCESS,073-2020/2021-1154-000,073-1154,"41.0: Grants, subsidies, and contributions",0702: LOAN GUARANTEE SUBSIDY,,,ML RICHARDS INC,ML RICHARDS INC,,,,USA,UNITED STATES,1226 E MINERAL KING,,82954,VISALIA,06107,TULARE,06,CA,CALIFORNIA,93292,,CA-22,CA-90,,,,COUNTY-WIDE,USA,UNITED STATES,CA**107,,06107,TULARE,06,CALIFORNIA,,CA-22,CA-90,,59.073: PAYCHECK PROTECTION LOAN PROGRAM (PPP),,,08,GUARANTEED/INSURED LOAN (F),TO AID SMALL BUSINESSES IN MAINTAINING WORK FORCE DURING COVID-19 PANDEMIC.,NON,NOT RECOVERY ACT,R,SMALL BUSINESS,2,NON-AGGREGATE RECORD,,,,,,,,,,,https://www.usaspending.gov/award/ASST_NON_1951847304_073/,2021-01-06 03:33:53.27803+00
ASST_NON_19E0436776350001_073,19E0436776350001,,SAI EXEMPT,,,,,,2020-08-24,2020,0.00,,,,0.00,828330.88,0.00,2019-06-27,2019,,,073,Small Business Administration,7300,Small Business Administration,737010,OFC OF CAPITAL ACCESS,073,Small Business Administration,7300,Small Business Administration,737010,OFC OF CAPITAL ACCESS,,,,,,,"MSC COMMERCIAL AND RESIDENTIAL METAL STUD FRAMING DRYWALL TAPE TEXTURE, INC","MSC COMMERCIAL AND RESIDENTIAL METAL STUD FRAMING DRYWALL TAPE TEXTURE, INC",,,,USA,UNITED STATES,3532 SEAGATE WAY UNIT 110,,53322,OCEANSIDE,06073,SAN DIEGO,06,CA,CALIFORNIA,92056,,CA-49,CA-49,,,,COUNTY-WIDE,USA,UNITED STATES,CA**073,,06073,SAN DIEGO,06,CALIFORNIA,,CA-49,CA-90,,59.016: SURETY BOND GUARANTEES,,,08,GUARANTEED/INSURED LOAN (F),GUARANTEE SURETY BONDS ISSUED BY COMMERCIAL SURETY COMPANIES FOR SMALL BUSINESSES UNABLE TO OBTAIN A BOND WITHOUT AN SBA GUARANTEE.,NON,NOT RECOVERY ACT,R,SMALL BUSINESS,2,NON-AGGREGATE RECORD,,,,,,,,,,,https://www.usaspending.gov/award/ASST_NON_19E0436776350001_073/,2020-09-04 13:44:33.675634+00
ASST_NON_2065078207_073,2065078207,,SAI EXEMPT,O: Non-emergency P.L. 116-136|Non-emergency P.L. 116-139|Non-emergency P.L. 116-260|Non-emergency P.L. 117-2,,0.00,,,2020-08-24,2020,0.00,0.00,,,0.00,0.00,0.00,2020-07-31,2020,,,073,Small Business Administration,7300,Small Business Administration,737010,OFC OF CAPITAL ACCESS,073,Small Business Administration,7300,Small Business Administration,737010,OFC OF CAPITAL ACCESS,073-2020/2021-1154-000,073-1154,"41.0: Grants, subsidies, and contributions",0702: LOAN GUARANTEE SUBSIDY,,,SOON HWAN CHO,SOON HWAN CHO,,,,USA,UNITED STATES,9737 S. INGLEWOOD AVE.,,36546,INGLEWOOD,06037,LOS ANGELES,06,CA,CALIFORNIA,90301,,CA-43,CA-43,,,,COUNTY-WIDE,USA,UNITED STATES,CA**037,,06037,LOS ANGELES,06,CALIFORNIA,,CA-43,CA-90,,59.073: PAYCHECK PROTECTION LOAN PROGRAM (PPP),,,08,GUARANTEED/INSURED LOAN (F),TO AID SMALL BUSINESSES IN MAINTAINING WORK FORCE DURING COVID-19 PANDEMIC.,NON,NOT RECOVERY ACT,P,INDIVIDUAL,2,NON-AGGREGATE RECORD,,,,,,,,,,,https://www.usaspending.gov/award/ASST_NON_2065078207_073/,2021-01-06 03:33:53.27803+00
ASST_NON_2095968204_073,2095968204,,SAI EXEMPT,,,,,,2020-08-24,2020,0.00,,,,0.00,0.00,0.00,2020-08-01,2020,,,073,Small Business Administration,7300,Small Business Administration,737010,OFC OF CAPITAL ACCESS,073,Small Business Administration,7300,Small Business Administration,737010,OFC OF CAPITAL ACCESS,,,,,,,VARINDER SINGH,VARINDER SINGH,,,,USA,UNITED STATES,9639 LITTLE HARBOR WAY,,22020,ELK GROVE,06067,SACRAMENTO,06,CA,CALIFORNIA,95624,,CA-07,CA-07,,,,COUNTY-WIDE,USA,UNITED STATES,CA**067,,06067,SACRAMENTO,06,CALIFORNIA,,CA-07,CA-90,,59.073: PAYCHECK PROTECTION LOAN PROGRAM (PPP),,,08,GUARANTEED/INSURED LOAN (F),TO AID SMALL BUSINESSES IN MAINTAINING WORK FORCE DURING COVID-19 PANDEMIC.,NON,NOT RECOVERY ACT,P,INDIVIDUAL,2,NON-AGGREGATE RECORD,,,,,,,,,,,https://www.usaspending.gov/award/ASST_NON_2095968204_073/,2021-01-06 03:33:53.27803+00
ASST_NON_20E3303717840003_073,20E3303717840003,,SAI EXEMPT,,,,,,2020-08-24,2020,0.00,,,,0.00,0.00,0.00,2020-03-27,2020,,,073,Small Business Administration,7300,Small Business Administration,737010,OFC OF CAPITAL ACCESS,073,Small Business Administration,7300,Small Business Administration,737010,OFC OF CAPITAL ACCESS,,,,,,,DRP CONSTRUCTION COMPANY,DRP CONSTRUCTION COMPANY,,,,USA,UNITED STATES,1093 CREST DRIVE,,22678,ENCINITAS,06073,SAN DIEGO,06,CA,CALIFORNIA,92024,,CA-49,CA-49,,,,COUNTY-WIDE,USA,UNITED STATES,CA**073,,06073,SAN DIEGO,06,CALIFORNIA,,CA-49,CA-90,,59.016: SURETY BOND GUARANTEES,,,08,GUARANTEED/INSURED LOAN (F),GUARANTEE SURETY BONDS ISSUED BY COMMERCIAL SURETY COMPANIES FOR SMALL BUSINESSES UNABLE TO OBTAIN A BOND WITHOUT AN SBA GUARANTEE.,NON,NOT RECOVERY ACT,R,SMALL BUSINESS,2,NON-AGGREGATE RECORD,,,,,,,,,,,https://www.usaspending.gov/award/ASST_NON_20E3303717840003_073/,2020-09-04 13:44:33.675634+00
ASST_NON_20E3309852890003_073,20E3309852890003,,SAI EXEMPT,,,,,,2020-08-24,2020,0.00,,,,0.00,0.00,0.00,2020-03-26,2020,,,073,Small Business Administration,7300,Small Business Administration,737010,OFC OF CAPITAL ACCESS,073,Small Business Administration,7300,Small Business Administration,737010,OFC OF CAPITAL ACCESS,,,,,,,"TANDEM WEST GLASS, INC.","TANDEM WEST GLASS, INC.",,,,USA,UNITED STATES,PO BOX 2105,,55254,PALM SPRINGS,06065,RIVERSIDE,06,CA,CALIFORNIA,92263,,CA-36,CA-41,,,,COUNTY-WIDE,USA,UNITED STATES,CA**065,,06065,RIVERSIDE,06,CALIFORNIA,,CA-36,CA-90,,59.016: SURETY BOND GUARANTEES,,,08,GUARANTEED/INSURED LOAN (F),GUARANTEE SURETY BONDS ISSUED BY COMMERCIAL SURETY COMPANIES FOR SMALL BUSINESSES UNABLE TO OBTAIN A BOND WITHOUT AN SBA GUARANTEE.,NON,NOT RECOVERY ACT,R,SMALL BUSINESS,2,NON-AGGREGATE RECORD,,,,,,,,,,,https://www.usaspending.gov/award/ASST_NON_20E3309852890003_073/,2020-09-04 13:44:33.675634+00
ASST_NON_20E4555213240019_073,20E4555213240019,,SAI EXEMPT,,,,,,2020-08-24,2020,0.00,,,,0.00,0.00,0.00,2020-08-12,2020,,,073,Small Business Administration,7300,Small Business Administration,737010,OFC OF CAPITAL ACCESS,073,Small Business Administration,7300,Small Business Administration,737010,OFC OF CAPITAL ACCESS,,,,,,,"ARTS CONSTRUCTION COMPANY, INC.","ARTS CONSTRUCTION COMPANY, INC.",,,,USA,UNITED STATES,4705 NORTH SONORA AVE.,,27000,FRESNO,06019,FRESNO,06,CA,CALIFORNIA,93722,,CA-16,CA-21,,,,COUNTY-WIDE,USA,UNITED STATES,CA**019,,06019,FRESNO,06,CALIFORNIA,,CA-16,CA-90,,59.016: SURETY BOND GUARANTEES,,,08,GUARANTEED/INSURED LOAN (F),GUARANTEE SURETY BONDS ISSUED BY COMMERCIAL SURETY COMPANIES FOR SMALL BUSINESSES UNABLE TO OBTAIN A BOND WITHOUT AN SBA GUARANTEE.,NON,NOT RECOVERY ACT,R,SMALL BUSINESS,2,NON-AGGREGATE RECORD,,,,,,,,,,,https://www.usaspending.gov/award/ASST_NON_20E4555213240019_073/,2020-09-04 13:44:33.675634+00
ASST_NON_20E4616870080015_073,20E4616870080015,,SAI EXEMPT,,,,,,2020-08-24,2020,0.00,,,,0.00,23580.00,0.00,2020-07-15,2020,,,073,Small Business Administration,7300,Small Business Administration,737010,OFC OF CAPITAL ACCESS,073,Small Business Administration,7300,Small Business Administration,737010,OFC OF CAPITAL ACCESS,,,,,,,"JEREMY HARRIS CONSTRUCTION, INC.","JEREMY HARRIS CONSTRUCTION, INC.",,,,USA,UNITED STATES,11731 STERLING AVE. UNIT F,,62000,RIVERSIDE,06065,RIVERSIDE,06,CA,CALIFORNIA,92503,,CA-41,CA-39,,,,COUNTY-WIDE,USA,UNITED STATES,CA**065,,06065,RIVERSIDE,06,CALIFORNIA,,CA-41,CA-90,,59.016: SURETY BOND GUARANTEES,,,08,GUARANTEED/INSURED LOAN (F),GUARANTEE SURETY BONDS ISSUED BY COMMERCIAL SURETY COMPANIES FOR SMALL BUSINESSES UNABLE TO OBTAIN A BOND WITHOUT AN SBA GUARANTEE.,NON,NOT RECOVERY ACT,R,SMALL BUSINESS,2,NON-AGGREGATE RECORD,,,,,,,,,,,https://www.usaspending.gov/award/ASST_NON_20E4616870080015_073/,2020-09-04 13:44:33.675634+00
ASST_NON_20E4627400500018_073,20E4627400500018,,SAI EXEMPT,,,,,,2020-08-24,2020,0.00,,,,0.00,0.00,0.00,2020-03-26,2020,,,073,Small Business Administration,7300,Small Business Administration,737010,OFC OF CAPITAL ACCESS,073,Small Business Administration,7300,Small Business Administration,737010,OFC OF CAPITAL ACCESS,,,,,,,TAYLOR JANE CONSTRUCTION LP,TAYLOR JANE CONSTRUCTION LP,,,,USA,UNITED STATES,PO BOX 1327,,51476,NIPOMO,06079,SAN LUIS OBISPO,06,CA,CALIFORNIA,93444,,CA-24,CA-24,,,,COUNTY-WIDE,USA,UNITED STATES,CA**079,,06079,SAN LUIS OBISPO,06,CALIFORNIA,,CA-24,CA-90,,59.016: SURETY BOND GUARANTEES,,,08,GUARANTEED/INSURED LOAN (F),GUARANTEE SURETY BONDS ISSUED BY COMMERCIAL SURETY COMPANIES FOR SMALL BUSINESSES UNABLE TO OBTAIN A BOND WITHOUT AN SBA GUARANTEE.,NON,NOT RECOVERY ACT,R,SMALL BUSINESS,2,NON-AGGREGATE RECORD,,,,,,,,,,,https://www.usaspending.gov/award/ASST_NON_20E4627400500018_073/,2020-09-04 13:44:33.675634+00
ASST_NON_20E4649635830011_073,20E4649635830011,,SAI EXEMPT,,,,,,2020-08-24,2020,0.00,,,,0.00,0.00,0.00,2020-03-26,2020,,,073,Small Business Administration,7300,Small Business Administration,737010,OFC OF CAPITAL ACCESS,073,Small Business Administration,7300,Small Business Administration,737010,OFC OF CAPITAL ACCESS,,,,,,,"KORDICH CONSTRUCTION, INC.","KORDICH CONSTRUCTION, INC.",,,,USA,UNITED STATES,6044 LAWRENCE STREET,,17750,CYPRESS,06059,ORANGE,06,CA,CALIFORNIA,90630,,CA-47,CA-90,,,,COUNTY-WIDE,USA,UNITED STATES,CA**059,,06059,ORANGE,06,CALIFORNIA,,CA-47,CA-90,,59.016: SURETY BOND GUARANTEES,,,08,GUARANTEED/INSURED LOAN (F),GUARANTEE SURETY BONDS ISSUED BY COMMERCIAL SURETY COMPANIES FOR SMALL BUSINESSES UNABLE TO OBTAIN A BOND WITHOUT AN SBA GUARANTEE.,NON,NOT RECOVERY ACT,R,SMALL BUSINESS,2,NON-AGGREGATE RECORD,,,,,,,,,,,https://www.usaspending.gov/award/ASST_NON_20E4649635830011_073/,2020-09-04 13:44:33.675634+00
ASST_NON_20E4651679160025_073,20E4651679160025,,SAI EXEMPT,,,,,,2020-08-24,2020,0.00,,,,0.00,0.00,0.00,2020-08-04,2020,,,073,Small Business Administration,7300,Small Business Administration,737010,OFC OF CAPITAL ACCESS,073,Small Business Administration,7300,Small Business Administration,737010,OFC OF CAPITAL ACCESS,,,,,,,CORNER KEYSTONE CONSTRUCTION CORPORATION,CORNER KEYSTONE CONSTRUCTION CORPORATION,,,,USA,UNITED STATES,"340 S LEMON AVE, SUITE 5210",,83332,WALNUT,06037,LOS ANGELES,06,CA,CALIFORNIA,91789,,CA-39,CA-38,,,,COUNTY-WIDE,USA,UNITED STATES,CA**037,,06037,LOS ANGELES,06,CALIFORNIA,,CA-39,CA-90,,59.016: SURETY BOND GUARANTEES,,,08,GUARANTEED/INSURED LOAN (F),GUARANTEE SURETY BONDS ISSUED BY COMMERCIAL SURETY COMPANIES FOR SMALL BUSINESSES UNABLE TO OBTAIN A BOND WITHOUT AN SBA GUARANTEE.,NON,NOT RECOVERY ACT,R,SMALL BUSINESS,2,NON-AGGREGATE RECORD,,,,,,,,,,,https://www.usaspending.gov/award/ASST_NON_20E4651679160025_073/,2020-09-04 13:44:33.675634+00
ASST_NON_20E4651679160026_073,20E4651679160026,,SAI EXEMPT,,,,,,2020-08-24,2020,0.00,,,,0.00,-170000.00,0.00,2020-08-04,2020,,,073,Small Business Administration,7300,Small Business Administration,737010,OFC OF CAPITAL ACCESS,073,Small Business Administration,7300,Small Business Administration,737010,OFC OF CAPITAL ACCESS,,,,,,,CORNER KEYSTONE CONSTRUCTION CORPORATION,CORNER KEYSTONE CONSTRUCTION CORPORATION,,,,USA,UNITED STATES,"340 S LEMON AVE, SUITE 5210",,83332,WALNUT,06037,LOS ANGELES,06,CA,CALIFORNIA,91789,,CA-39,CA-38,,,,COUNTY-WIDE,USA,UNITED STATES,CA**037,,06037,LOS ANGELES,06,CALIFORNIA,,CA-39,CA-90,,59.016: SURETY BOND GUARANTEES,,,08,GUARANTEED/INSURED LOAN (F),GUARANTEE SURETY BONDS ISSUED BY COMMERCIAL SURETY COMPANIES FOR SMALL BUSINESSES UNABLE TO OBTAIN A BOND WITHOUT AN SBA GUARANTEE.,NON,NOT RECOVERY ACT,R,SMALL BUSINESS,2,NON-AGGREGATE RECORD,,,,,,,,,,,https://www.usaspending.gov/award/ASST_NON_20E4651679160026_073/,2020-09-04 13:44:33.675634+00
ASST_NON_20E4651679160027_073,20E4651679160027,,SAI EXEMPT,,,,,,2020-08-24,2020,0.00,,,,0.00,0.00,0.00,2020-08-04,2020,,,073,Small Business Administration,7300,Small Business Administration,737010,OFC OF CAPITAL ACCESS,073,Small Business Administration,7300,Small Business Administration,737010,OFC OF CAPITAL ACCESS,,,,,,,CORNER KEYSTONE CONSTRUCTION CORPORATION,CORNER KEYSTONE CONSTRUCTION CORPORATION,,,,USA,UNITED STATES,"340 S LEMON AVE, SUITE 5210",,83332,WALNUT,06037,LOS ANGELES,06,CA,CALIFORNIA,91789,,CA-39,CA-38,,,,COUNTY-WIDE,USA,UNITED STATES,CA**037,,06037,LOS ANGELES,06,CALIFORNIA,,CA-39,CA-90,,59.016: SURETY BOND GUARANTEES,,,08,GUARANTEED/INSURED LOAN (F),GUARANTEE SURETY BONDS ISSUED BY COMMERCIAL SURETY COMPANIES FOR SMALL BUSINESSES UNABLE TO OBTAIN A BOND WITHOUT AN SBA GUARANTEE.,NON,NOT RECOVERY ACT,R,SMALL BUSINESS,2,NON-AGGREGATE RECORD,,,,,,,,,,,https://www.usaspending.gov/award/ASST_NON_20E4651679160027_073/,2020-09-04 13:44:33.675634+00
ASST_NON_20E6801993830002_073,20E6801993830002,,SAI EXEMPT,,,,,,2020-08-24,2020,0.00,,,,0.00,2000057.50,0.00,2020-07-31,2020,,,073,Small Business Administration,7300,Small Business Administration,737010,OFC OF CAPITAL ACCESS,073,Small Business Administration,7300,Small Business Administration,737010,OFC OF CAPITAL ACCESS,,,,,,,GORNTO DITCHING,GORNTO DITCHING,,,,USA,UNITED STATES,PO BOX 1309,,83374,WALNUT GROVE,06077,SAN JOAQUIN,06,CA,CALIFORNIA,95690,,CA-03,CA-09,,,,COUNTY-WIDE,USA,UNITED STATES,CA**067,,06067,SACRAMENTO,06,CALIFORNIA,,CA-03,CA-90,,59.016: SURETY BOND GUARANTEES,,,08,GUARANTEED/INSURED LOAN (F),GUARANTEE SURETY BONDS ISSUED BY COMMERCIAL SURETY COMPANIES FOR SMALL BUSINESSES UNABLE TO OBTAIN A BOND WITHOUT AN SBA GUARANTEE.,NON,NOT RECOVERY ACT,R,SMALL BUSINESS,2,NON-AGGREGATE RECORD,,,,,,,,,,,https://www.usaspending.gov/award/ASST_NON_20E6801993830002_073/,2020-09-04 13:44:33.675634+00
ASST_NON_20E8119611960004_073,20E8119611960004,,SAI EXEMPT,,,,,,2020-08-24,2020,0.00,,,,0.00,0.00,0.00,2020-08-24,2020,,,073,Small Business Administration,7300,Small Business Administration,737010,OFC OF CAPITAL ACCESS,073,Small Business Administration,7300,Small Business Administration,737010,OFC OF CAPITAL ACCESS,,,,,,,FEDVET CONSTRUCTION,FEDVET CONSTRUCTION,,,,USA,UNITED STATES,"3513 MAIN STREET, SUITE 104 B",,13392,CHULA VISTA,06073,SAN DIEGO,06,CA,CALIFORNIA,91911,,CA-51,CA-52,,,,COUNTY-WIDE,USA,UNITED STATES,CA**073,,06073,SAN DIEGO,06,CALIFORNIA,,CA-51,CA-90,,59.016: SURETY BOND GUARANTEES,,,08,GUARANTEED/INSURED LOAN (F),GUARANTEE SURETY BONDS ISSUED BY COMMERCIAL SURETY COMPANIES FOR SMALL BUSINESSES UNABLE TO OBTAIN A BOND WITHOUT AN SBA GUARANTEE.,NON,NOT RECOVERY ACT,R,SMALL BUSINESS,2,NON-AGGREGATE RECORD,,,,,,,,,,,https://www.usaspending.gov/award/ASST_NON_20E8119611960004_073/,2020-09-04 13:44:33.675634+00
ASST_NON_20E8149166620001_073,20E8149166620001,,SAI EXEMPT,,,,,,2020-08-24,2020,0.00,,,,0.00,0.00,0.00,2020-03-25,2020,,,073,Small Business Administration,7300,Small Business Administration,737010,OFC OF CAPITAL ACCESS,073,Small Business Administration,7300,Small Business Administration,737010,OFC OF CAPITAL ACCESS,,,,,,,"DIAMOND D CONSTRUCTION, LLC","DIAMOND D CONSTRUCTION, LLC",,,,USA,UNITED STATES,650 BLUE OAK DR.,,81134,UKIAH,06045,MENDOCINO,06,CA,CALIFORNIA,95482,,CA-02,CA-02,,,,COUNTY-WIDE,USA,UNITED STATES,CA**045,,06045,MENDOCINO,06,CALIFORNIA,,CA-02,CA-02,,59.016: SURETY BOND GUARANTEES,,,08,GUARANTEED/INSURED LOAN (F),GUARANTEE SURETY BONDS ISSUED BY COMMERCIAL SURETY COMPANIES FOR SMALL BUSINESSES UNABLE TO OBTAIN A BOND WITHOUT AN SBA GUARANTEE.,NON,NOT RECOVERY ACT,R,SMALL BUSINESS,2,NON-AGGREGATE RECORD,,,,,,,,,,,https://www.usaspending.gov/award/ASST_NON_20E8149166620001_073/,2020-09-04 13:44:33.675634+00
ASST_NON_20E8149763590003_073,20E8149763590003,,SAI EXEMPT,,,,,,2020-08-24,2020,0.00,,,,0.00,59933.33,0.00,2020-08-24,2020,,,073,Small Business Administration,7300,Small Business Administration,737010,OFC OF CAPITAL ACCESS,073,Small Business Administration,7300,Small Business Administration,737010,OFC OF CAPITAL ACCESS,,,,,,,RADFALL COMPANY,RADFALL COMPANY,,,,USA,UNITED STATES,26893 BOUQUET CANYON ROAD C-298,,69088,SANTA CLARITA,06037,LOS ANGELES,06,CA,CALIFORNIA,91350,,CA-25,CA-27,,,,COUNTY-WIDE,USA,UNITED STATES,CA**037,,06037,LOS ANGELES,06,CALIFORNIA,,CA-25,CA-90,,59.016: SURETY BOND GUARANTEES,,,08,GUARANTEED/INSURED LOAN (F),GUARANTEE SURETY BONDS ISSUED BY COMMERCIAL SURETY COMPANIES FOR SMALL BUSINESSES UNABLE TO OBTAIN A BOND WITHOUT AN SBA GUARANTEE.,NON,NOT RECOVERY ACT,R,SMALL BUSINESS,2,NON-AGGREGATE RECORD,,,,,,,,,,,https://www.usaspending.gov/award/ASST_NON_20E8149763590003_073/,2020-09-04 13:44:33.675634+00
ASST_NON_20E8211318490006_073,20E8211318490006,,SAI EXEMPT,,,,,,2020-08-24,2020,0.00,,,,0.00,0.00,0.00,2020-03-26,2020,,,073,Small Business Administration,7300,Small Business Administration,737010,OFC OF CAPITAL ACCESS,073,Small Business Administration,7300,Small Business Administration,737010,OFC OF CAPITAL ACCESS,,,,,,,CALIFORNIA COMMERCIAL FENCE,CALIFORNIA COMMERCIAL FENCE,,,,USA,UNITED STATES,2390 ALLUVIAL AVENUE,,14218,CLOVIS,06019,FRESNO,06,CA,CALIFORNIA,93611,,CA-22,CA-20,,,,COUNTY-WIDE,USA,UNITED STATES,CA**019,,06019,FRESNO,06,CALIFORNIA,,CA-22,CA-90,,59.016: SURETY BOND GUARANTEES,,,08,GUARANTEED/INSURED LOAN (F),GUARANTEE SURETY BONDS ISSUED BY COMMERCIAL SURETY COMPANIES FOR SMALL BUSINESSES UNABLE TO OBTAIN A BOND WITHOUT AN SBA GUARANTEE.,NON,NOT RECOVERY ACT,R,SMALL BUSINESS,2,NON-AGGREGATE RECORD,,,,,,,,,,,https://www.usaspending.gov/award/ASST_NON_20E8211318490006_073/,2020-09-04 13:44:33.675634+00
ASST_NON_20E9542626790015_073,20E9542626790015,,SAI EXEMPT,,,,,,2020-08-24,2020,0.00,,,,0.00,0.00,0.00,2020-03-26,2020,,,073,Small Business Administration,7300,Small Business Administration,737010,OFC OF CAPITAL ACCESS,073,Small Business Administration,7300,Small Business Administration,737010,OFC OF CAPITAL ACCESS,,,,,,,"GM SAGER CONSTRUCTION CO., INC.","GM SAGER CONSTRUCTION CO., INC.",,,,USA,UNITED STATES,1380 S. EAST END AVENUE,,58072,POMONA,06071,SAN BERNARDINO,06,CA,CALIFORNIA,91766,,CA-35,CA-35,,,,COUNTY-WIDE,USA,UNITED STATES,CA**037,,06037,LOS ANGELES,06,CALIFORNIA,,CA-35,CA-90,,59.016: SURETY BOND GUARANTEES,,,08,GUARANTEED/INSURED LOAN (F),GUARANTEE SURETY BONDS ISSUED BY COMMERCIAL SURETY COMPANIES FOR SMALL BUSINESSES UNABLE TO OBTAIN A BOND WITHOUT AN SBA GUARANTEE.,NON,NOT RECOVERY ACT,R,SMALL BUSINESS,2,NON-AGGREGATE RECORD,,,,,,,,,,,https://www.usaspending.gov/award/ASST_NON_20E9542626790015_073/,2020-09-04 13:44:33.675634+00
ASST_NON_20E9542626790037_073,20E9542626790037,,SAI EXEMPT,,,,,,2020-08-24,2020,0.00,,,,0.00,373624.40,0.00,2020-08-24,2020,,,073,Small Business Administration,7300,Small Business Administration,737010,OFC OF CAPITAL ACCESS,073,Small Business Administration,7300,Small Business Administration,737010,OFC OF CAPITAL ACCESS,,,,,,,"GM SAGER CONSTRUCTION CO., INC.","GM SAGER CONSTRUCTION CO., INC.",,,,USA,UNITED STATES,1380 S. EAST END AVENUE,,58072,POMONA,06071,SAN BERNARDINO,06,CA,CALIFORNIA,91766,,CA-35,CA-35,,,,COUNTY-WIDE,USA,UNITED STATES,CA**037,,06037,LOS ANGELES,06,CALIFORNIA,,CA-35,CA-90,,59.016: SURETY BOND GUARANTEES,,,08,GUARANTEED/INSURED LOAN (F),GUARANTEE SURETY BONDS ISSUED BY COMMERCIAL SURETY COMPANIES FOR SMALL BUSINESSES UNABLE TO OBTAIN A BOND WITHOUT AN SBA GUARANTEE.,NON,NOT RECOVERY ACT,R,SMALL BUSINESS,2,NON-AGGREGATE RECORD,,,,,,,,,,,https://www.usaspending.gov/award/ASST_NON_20E9542626790037_073/,2020-09-04 13:44:33.675634+00
ASST_NON_20E9547677490011_073,20E9547677490011,,SAI EXEMPT,,,,,,2020-08-24,2020,0.00,,,,0.00,0.00,0.00,2020-03-26,2020,,,073,Small Business Administration,7300,Small Business Administration,737010,OFC OF CAPITAL ACCESS,073,Small Business Administration,7300,Small Business Administration,737010,OFC OF CAPITAL ACCESS,,,,,,,"O'DONNELL CONSTRUCTION, INC.","O'DONNELL CONSTRUCTION, INC.",,,,USA,UNITED STATES,559 W. COVINA BLVD,,66070,SAN DIMAS,06037,LOS ANGELES,06,CA,CALIFORNIA,91773,,CA-32,CA-31,,,,COUNTY-WIDE,USA,UNITED STATES,CA**037,,06037,LOS ANGELES,06,CALIFORNIA,,CA-32,CA-90,,59.016: SURETY BOND GUARANTEES,,,08,GUARANTEED/INSURED LOAN (F),GUARANTEE SURETY BONDS ISSUED BY COMMERCIAL SURETY COMPANIES FOR SMALL BUSINESSES UNABLE TO OBTAIN A BOND WITHOUT AN SBA GUARANTEE.,NON,NOT RECOVERY ACT,R,SMALL BUSINESS,2,NON-AGGREGATE RECORD,,,,,,,,,,,https://www.usaspending.gov/award/ASST_NON_20E9547677490011_073/,2020-09-04 13:44:33.675634+00
ASST_NON_2131737403_073,2131737403,,SAI EXEMPT,O: Non-emergency P.L. 116-136|Non-emergency P.L. 116-139|Non-emergency P.L. 116-260|Non-emergency P.L. 117-2,3763.64,3763.64,,,2020-08-24,2020,0.00,3763.64,,,0.00,3700.00,3763.64,2020-05-05,2020,,,073,Small Business Administration,7300,Small Business Administration,737010,OFC OF CAPITAL ACCESS,073,Small Business Administration,7300,Small Business Administration,737010,OFC OF CAPITAL ACCESS,073-2020/2021-1154-000,073-1154,"41.0: Grants, subsidies, and contributions",0702: LOAN GUARANTEE SUBSIDY,,,SOCAL INDUSTRIAL INC,SOCAL INDUSTRIAL INC,,,,USA,UNITED STATES,10742 LOS VAQUEROS CIRCLE,,43224,LOS ALAMITOS,06059,ORANGE,06,CA,CALIFORNIA,90720,,CA-47,CA-45,,,,COUNTY-WIDE,USA,UNITED STATES,CA**059,,06059,ORANGE,06,CALIFORNIA,,CA-47,CA-90,,59.073: PAYCHECK PROTECTION LOAN PROGRAM (PPP),,,08,GUARANTEED/INSURED LOAN (F),TO AID SMALL BUSINESSES IN MAINTAINING WORK FORCE DURING COVID-19 PANDEMIC.,NON,NOT RECOVERY ACT,R,SMALL BUSINESS,2,NON-AGGREGATE RECORD,,,,,,,,,,,https://www.usaspending.gov/award/ASST_NON_2131737403_073/,2021-01-06 03:33:53.27803+00
ASST_NON_2177298208_073,2177298208,,SAI EXEMPT,,,,,,2020-08-24,2020,0.00,,,,0.00,0.00,0.00,2020-08-01,2020,,,073,Small Business Administration,7300,Small Business Administration,737010,OFC OF CAPITAL ACCESS,073,Small Business Administration,7300,Small Business Administration,737010,OFC OF CAPITAL ACCESS,,,,,,,DJ ZACH BOOK,DJ ZACH BOOK,,,,USA,UNITED STATES,1114 N KINGS RD,APT. 7,84410,WEST HOLLYWOOD,06037,LOS ANGELES,06,CA,CALIFORNIA,90069,,CA-28,CA-90,,,,COUNTY-WIDE,USA,UNITED STATES,CA**037,,06037,LOS ANGELES,06,CALIFORNIA,,CA-28,CA-90,,59.073: PAYCHECK PROTECTION LOAN PROGRAM (PPP),,,08,GUARANTEED/INSURED LOAN (F),TO AID SMALL BUSINESSES IN MAINTAINING WORK FORCE DURING COVID-19 PANDEMIC.,NON,NOT RECOVERY ACT,P,INDIVIDUAL,2,NON-AGGREGATE RECORD,,,,,,,,,,,https://www.usaspending.gov/award/ASST_NON_2177298208_073/,2021-01-06 03:33:53.27803+00
ASST_NON_2193398203_073,2193398203,,SAI EXEMPT,,,,,,2020-08-24,2020,0.00,,,,0.00,0.00,0.00,2020-08-01,2020,,,073,Small Business Administration,7300,Small Business Administration,737010,OFC OF CAPITAL ACCESS,073,Small Business Administration,7300,Small Business Administration,737010,OFC OF CAPITAL ACCESS,,,,,,,MARCEL GILES,MARCEL GILES,,,,USA,UNITED STATES,12254 SAN YSIDRO,,82590,VICTORVILLE,06071,SAN BERNARDINO,06,CA,CALIFORNIA,92392,,CA-08,CA-23,,,,COUNTY-WIDE,USA,UNITED STATES,CA**071,,06071,SAN BERNARDINO,06,CALIFORNIA,,CA-08,CA-90,,59.073: PAYCHECK PROTECTION LOAN PROGRAM (PPP),,,08,GUARANTEED/INSURED LOAN (F),TO AID SMALL BUSINESSES IN MAINTAINING WORK FORCE DURING COVID-19 PANDEMIC.,NON,NOT RECOVERY ACT,P,INDIVIDUAL,2,NON-AGGREGATE RECORD,,,,,,,,,,,https://www.usaspending.gov/award/ASST_NON_2193398203_073/,2021-01-06 03:33:53.27803+00
ASST_NON_2195048207_073,2195048207,,SAI EXEMPT,,,,,,2020-08-24,2020,0.00,,,,0.00,0.00,0.00,2020-08-01,2020,,,073,Small Business Administration,7300,Small Business Administration,737010,OFC OF CAPITAL ACCESS,073,Small Business Administration,7300,Small Business Administration,737010,OFC OF CAPITAL ACCESS,,,,,,,BRUCE NGO,BRUCE NGO,,,,USA,UNITED STATES,3241 ARKANSAS ST,,53000,OAKLAND,06001,ALAMEDA,06,CA,CALIFORNIA,94602,,CA-13,CA-12,,,,COUNTY-WIDE,USA,UNITED STATES,CA**001,,06001,ALAMEDA,06,CALIFORNIA,,CA-13,CA-90,,59.073: PAYCHECK PROTECTION LOAN PROGRAM (PPP),,,08,GUARANTEED/INSURED LOAN (F),TO AID SMALL BUSINESSES IN MAINTAINING WORK FORCE DURING COVID-19 PANDEMIC.,NON,NOT RECOVERY ACT,P,INDIVIDUAL,2,NON-AGGREGATE RECORD,,,,,,,,,,,https://www.usaspending.gov/award/ASST_NON_2195048207_073/,2021-01-06 03:33:53.27803+00
ASST_NON_2195218210_073,2195218210,,SAI EXEMPT,,,,,,2020-08-24,2020,0.00,,,,0.00,0.00,0.00,2020-08-01,2020,,,073,Small Business Administration,7300,Small Business Administration,737010,OFC OF CAPITAL ACCESS,073,Small Business Administration,7300,Small Business Administration,737010,OFC OF CAPITAL ACCESS,,,,,,,PAUL SUBTRITORANEE,PAUL SUBTRITORANEE,,,,USA,UNITED STATES,4218 BRUNSWICK AVE,,44000,LOS ANGELES,06037,LOS ANGELES,06,CA,CALIFORNIA,90039,,CA-28,CA-30,,,,COUNTY-WIDE,USA,UNITED STATES,CA**037,,06037,LOS ANGELES,06,CALIFORNIA,,CA-28,CA-90,,59.073: PAYCHECK PROTECTION LOAN PROGRAM (PPP),,,08,GUARANTEED/INSURED LOAN (F),TO AID SMALL BUSINESSES IN MAINTAINING WORK FORCE DURING COVID-19 PANDEMIC.,NON,NOT RECOVERY ACT,P,INDIVIDUAL,2,NON-AGGREGATE RECORD,,,,,,,,,,,https://www.usaspending.gov/award/ASST_NON_2195218210_073/,2021-01-06 03:33:53.27803+00
ASST_NON_2196108203_073,2196108203,,SAI EXEMPT,,,,,,2020-08-24,2020,0.00,,,,0.00,0.00,0.00,2020-08-01,2020,,,073,Small Business Administration,7300,Small Business Administration,737010,OFC OF CAPITAL ACCESS,073,Small Business Administration,7300,Small Business Administration,737010,OFC OF CAPITAL ACCESS,,,,,,,SONJA WEAVER,SONJA WEAVER,,,,USA,UNITED STATES,4025 TERRA GRANADA DR.,1B,83346,WALNUT CREEK,06013,CONTRA COSTA,06,CA,CALIFORNIA,94595,,CA-11,CA-10,,,,COUNTY-WIDE,USA,UNITED STATES,CA**013,,06013,CONTRA COSTA,06,CALIFORNIA,,CA-11,CA-90,,59.073: PAYCHECK PROTECTION LOAN PROGRAM (PPP),,,08,GUARANTEED/INSURED LOAN (F),TO AID SMALL BUSINESSES IN MAINTAINING WORK FORCE DURING COVID-19 PANDEMIC.,NON,NOT RECOVERY ACT,P,INDIVIDUAL,2,NON-AGGREGATE RECORD,,,,,,,,,,,https://www.usaspending.gov/award/ASST_NON_2196108203_073/,2021-01-06 03:33:53.27803+00
ASST_NON_2203898205_073,2203898205,,SAI EXEMPT,,,,,,2020-08-24,2020,0.00,,,,0.00,0.00,0.00,2020-08-01,2020,,,073,Small Business Administration,7300,Small Business Administration,737010,OFC OF CAPITAL ACCESS,073,Small Business Administration,7300,Small Business Administration,737010,OFC OF CAPITAL ACCESS,,,,,,,JACLYN KOKORES,JACLYN KOKORES,,,,USA,UNITED STATES,1850 CLAY ST,APT 403,67000,SAN FRANCISCO,06075,SAN FRANCISCO,06,CA,CALIFORNIA,94109,,CA-12,CA-11,,,,COUNTY-WIDE,USA,UNITED STATES,CA**075,,06075,SAN FRANCISCO,06,CALIFORNIA,,CA-12,CA-90,,59.073: PAYCHECK PROTECTION LOAN PROGRAM (PPP),,,08,GUARANTEED/INSURED LOAN (F),TO AID SMALL BUSINESSES IN MAINTAINING WORK FORCE DURING COVID-19 PANDEMIC.,NON,NOT RECOVERY ACT,P,INDIVIDUAL,2,NON-AGGREGATE RECORD,,,,,,,,,,,https://www.usaspending.gov/award/ASST_NON_2203898205_073/,2021-01-06 03:33:53.27803+00
ASST_NON_2204138202_073,2204138202,,SAI EXEMPT,,,,,,2020-08-24,2020,0.00,,,,0.00,0.00,0.00,2020-08-01,2020,,,073,Small Business Administration,7300,Small Business Administration,737010,OFC OF CAPITAL ACCESS,073,Small Business Administration,7300,Small Business Administration,737010,OFC OF CAPITAL ACCESS,,,,,,,VERONICA ELLICKSON MARKETING CONSULTANT,VERONICA ELLICKSON MARKETING CONSULTANT,,,,USA,UNITED STATES,42205 SAGEWOOD ST.,,50076,MURRIETA,06065,RIVERSIDE,06,CA,CALIFORNIA,92562,,CA-42,CA-48,,,,COUNTY-WIDE,USA,UNITED STATES,CA**065,,06065,RIVERSIDE,06,CALIFORNIA,,CA-42,CA-90,,59.073: PAYCHECK PROTECTION LOAN PROGRAM (PPP),,,08,GUARANTEED/INSURED LOAN (F),TO AID SMALL BUSINESSES IN MAINTAINING WORK FORCE DURING COVID-19 PANDEMIC.,NON,NOT RECOVERY ACT,P,INDIVIDUAL,2,NON-AGGREGATE RECORD,,,,,,,,,,,https://www.usaspending.gov/award/ASST_NON_2204138202_073/,2021-01-06 03:33:53.27803+00
ASST_NON_2204158208_073,2204158208,,SAI EXEMPT,,,,,,2020-08-24,2020,0.00,,,,0.00,0.00,0.00,2020-08-01,2020,,,073,Small Business Administration,7300,Small Business Administration,737010,OFC OF CAPITAL ACCESS,073,Small Business Administration,7300,Small Business Administration,737010,OFC OF CAPITAL ACCESS,,,,,,,JAVIER AVALOS,JAVIER AVALOS,,,,USA,UNITED STATES,13382 COOL MEADOW DR,,16350,CORONA,06065,RIVERSIDE,06,CA,CALIFORNIA,92880,,CA-42,CA-90,,,,COUNTY-WIDE,USA,UNITED STATES,CA**065,,06065,RIVERSIDE,06,CALIFORNIA,,CA-42,CA-90,,59.073: PAYCHECK PROTECTION LOAN PROGRAM (PPP),,,08,GUARANTEED/INSURED LOAN (F),TO AID SMALL BUSINESSES IN MAINTAINING WORK FORCE DURING COVID-19 PANDEMIC.,NON,NOT RECOVERY ACT,P,INDIVIDUAL,2,NON-AGGREGATE RECORD,,,,,,,,,,,https://www.usaspending.gov/award/ASST_NON_2204158208_073/,2021-01-06 03:33:53.27803+00
ASST_NON_2210328207_073,2210328207,,SAI EXEMPT,,,,,,2020-08-24,2020,0.00,,,,0.00,0.00,0.00,2020-08-01,2020,,,073,Small Business Administration,7300,Small Business Administration,737010,OFC OF CAPITAL ACCESS,073,Small Business Administration,7300,Small Business Administration,737010,OFC OF CAPITAL ACCESS,,,,,,,"JYN APPAREL, INC.","JYN APPAREL, INC.",,,,USA,UNITED STATES,11605 MINDANAO STREET,,17750,CYPRESS,06059,ORANGE,06,CA,CALIFORNIA,90630,,CA-47,CA-90,,,,COUNTY-WIDE,USA,UNITED STATES,CA**059,,06059,ORANGE,06,CALIFORNIA,,CA-47,CA-90,,59.073: PAYCHECK PROTECTION LOAN PROGRAM (PPP),,,08,GUARANTEED/INSURED LOAN (F),TO AID SMALL BUSINESSES IN MAINTAINING WORK FORCE DURING COVID-19 PANDEMIC.,NON,NOT RECOVERY ACT,R,SMALL BUSINESS,2,NON-AGGREGATE RECORD,,,,,,,,,,,https://www.usaspending.gov/award/ASST_NON_2210328207_073/,2021-01-06 03:33:53.27803+00
ASST_NON_2210568209_073,2210568209,,SAI EXEMPT,,,,,,2020-08-24,2020,0.00,,,,0.00,0.00,0.00,2020-08-01,2020,,,073,Small Business Administration,7300,Small Business Administration,737010,OFC OF CAPITAL ACCESS,073,Small Business Administration,7300,Small Business Administration,737010,OFC OF CAPITAL ACCESS,,,,,,,DHESI ENTERPRISES,DHESI ENTERPRISES,,,,USA,UNITED STATES,1832 RIESLING STREET,,80644,TULARE,06107,TULARE,06,CA,CALIFORNIA,93274,,CA-22,CA-90,,,,COUNTY-WIDE,USA,UNITED STATES,CA**107,,06107,TULARE,06,CALIFORNIA,,CA-22,CA-90,,59.073: PAYCHECK PROTECTION LOAN PROGRAM (PPP),,,08,GUARANTEED/INSURED LOAN (F),TO AID SMALL BUSINESSES IN MAINTAINING WORK FORCE DURING COVID-19 PANDEMIC.,NON,NOT RECOVERY ACT,R,SMALL BUSINESS,2,NON-AGGREGATE RECORD,,,,,,,,,,,https://www.usaspending.gov/award/ASST_NON_2210568209_073/,2021-01-06 03:33:53.27803+00
ASST_NON_2220218202_073,2220218202,,SAI EXEMPT,,,,,,2020-08-24,2020,0.00,,,,0.00,0.00,0.00,2020-08-01,2020,,,073,Small Business Administration,7300,Small Business Administration,737010,OFC OF CAPITAL ACCESS,073,Small Business Administration,7300,Small Business Administration,737010,OFC OF CAPITAL ACCESS,,,,,,,MIKE SPIVEY CONSTRUCTION,MIKE SPIVEY CONSTRUCTION,,,,USA,UNITED STATES,867 VILLA TERESA WAY,,68000,SAN JOSE,06085,SANTA CLARA,06,CA,CALIFORNIA,95123,,CA-19,CA-19,,,,COUNTY-WIDE,USA,UNITED STATES,CA**085,,06085,SANTA CLARA,06,CALIFORNIA,,CA-19,CA-90,,59.073: PAYCHECK PROTECTION LOAN PROGRAM (PPP),,,08,GUARANTEED/INSURED LOAN (F),TO AID SMALL BUSINESSES IN MAINTAINING WORK FORCE DURING COVID-19 PANDEMIC.,NON,NOT RECOVERY ACT,P,INDIVIDUAL,2,NON-AGGREGATE RECORD,,,,,,,,,,,https://www.usaspending.gov/award/ASST_NON_2220218202_073/,2021-01-06 03:33:53.27803+00
ASST_NON_2220778206_073,2220778206,,SAI EXEMPT,,,,,,2020-08-24,2020,0.00,,,,0.00,0.00,0.00,2020-08-01,2020,,,073,Small Business Administration,7300,Small Business Administration,737010,OFC OF CAPITAL ACCESS,073,Small Business Administration,7300,Small Business Administration,737010,OFC OF CAPITAL ACCESS,,,,,,,LEO CRUZ TAX SERVICES,LEO CRUZ TAX SERVICES,,,,USA,UNITED STATES,100 E SAN MARCOS BLVD,,68196,SAN MARCOS,06073,SAN DIEGO,06,CA,CALIFORNIA,92069,,CA-50,CA-50,,,,COUNTY-WIDE,USA,UNITED STATES,CA**073,,06073,SAN DIEGO,06,CALIFORNIA,,CA-50,CA-90,,59.073: PAYCHECK PROTECTION LOAN PROGRAM (PPP),,,08,GUARANTEED/INSURED LOAN (F),TO AID SMALL BUSINESSES IN MAINTAINING WORK FORCE DURING COVID-19 PANDEMIC.,NON,NOT RECOVERY ACT,P,INDIVIDUAL,2,NON-AGGREGATE RECORD,,,,,,,,,,,https://www.usaspending.gov/award/ASST_NON_2220778206_073/,2021-01-06 03:33:53.27803+00
ASST_NON_2221268208_073,2221268208,,SAI EXEMPT,,,,,,2020-08-24,2020,0.00,,,,0.00,0.00,0.00,2020-08-01,2020,,,073,Small Business Administration,7300,Small Business Administration,737010,OFC OF CAPITAL ACCESS,073,Small Business Administration,7300,Small Business Administration,737010,OFC OF CAPITAL ACCESS,,,,,,,L N WOODS,L N WOODS,,,,USA,UNITED STATES,9112 ARCADIA AVE,,67042,SAN GABRIEL,06037,LOS ANGELES,06,CA,CALIFORNIA,91775,,CA-27,CA-28,,,,COUNTY-WIDE,USA,UNITED STATES,CA**037,,06037,LOS ANGELES,06,CALIFORNIA,,CA-27,CA-90,,59.073: PAYCHECK PROTECTION LOAN PROGRAM (PPP),,,08,GUARANTEED/INSURED LOAN (F),TO AID SMALL BUSINESSES IN MAINTAINING WORK FORCE DURING COVID-19 PANDEMIC.,NON,NOT RECOVERY ACT,P,INDIVIDUAL,2,NON-AGGREGATE RECORD,,,,,,,,,,,https://www.usaspending.gov/award/ASST_NON_2221268208_073/,2021-01-06 03:33:53.27803+00
ASST_NON_2221318210_073,2221318210,,SAI EXEMPT,,,,,,2020-08-24,2020,0.00,,,,0.00,0.00,0.00,2020-08-01,2020,,,073,Small Business Administration,7300,Small Business Administration,737010,OFC OF CAPITAL ACCESS,073,Small Business Administration,7300,Small Business Administration,737010,OFC OF CAPITAL ACCESS,,,,,,,PAUL O AGBONKPOLO CPA,PAUL O AGBONKPOLO CPA,,,,USA,UNITED STATES,569 N MOUNTAIN AVENUE STE A,,81344,UPLAND,06071,SAN BERNARDINO,06,CA,CALIFORNIA,91786,,CA-31,CA-35,,,,COUNTY-WIDE,USA,UNITED STATES,CA**071,,06071,SAN BERNARDINO,06,CALIFORNIA,,CA-31,CA-90,,59.073: PAYCHECK PROTECTION LOAN PROGRAM (PPP),,,08,GUARANTEED/INSURED LOAN (F),TO AID SMALL BUSINESSES IN MAINTAINING WORK FORCE DURING COVID-19 PANDEMIC.,NON,NOT RECOVERY ACT,P,INDIVIDUAL,2,NON-AGGREGATE RECORD,,,,,,,,,,,https://www.usaspending.gov/award/ASST_NON_2221318210_073/,2021-01-06 03:33:53.27803+00
ASST_NON_2221398201_073,2221398201,,SAI EXEMPT,,,,,,2020-08-24,2020,0.00,,,,0.00,0.00,0.00,2020-08-01,2020,,,073,Small Business Administration,7300,Small Business Administration,737010,OFC OF CAPITAL ACCESS,073,Small Business Administration,7300,Small Business Administration,737010,OFC OF CAPITAL ACCESS,,,,,,,ANTHONY K HART,ANTHONY K HART,,,,USA,UNITED STATES,15027 JOYCEDALE STREET,,40340,LA PUENTE,06037,LOS ANGELES,06,CA,CALIFORNIA,91744,,CA-32,CA-31,,,,COUNTY-WIDE,USA,UNITED STATES,CA**037,,06037,LOS ANGELES,06,CALIFORNIA,,CA-32,CA-90,,59.073: PAYCHECK PROTECTION LOAN PROGRAM (PPP),,,08,GUARANTEED/INSURED LOAN (F),TO AID SMALL BUSINESSES IN MAINTAINING WORK FORCE DURING COVID-19 PANDEMIC.,NON,NOT RECOVERY ACT,P,INDIVIDUAL,2,NON-AGGREGATE RECORD,,,,,,,,,,,https://www.usaspending.gov/award/ASST_NON_2221398201_073/,2021-01-06 03:33:53.27803+00
ASST_NON_2221548209_073,2221548209,,SAI EXEMPT,,,,,,2020-08-24,2020,0.00,,,,0.00,0.00,0.00,2020-08-01,2020,,,073,Small Business Administration,7300,Small Business Administration,737010,OFC OF CAPITAL ACCESS,073,Small Business Administration,7300,Small Business Administration,737010,OFC OF CAPITAL ACCESS,,,,,,,GUILLERMO GUZMAN,GUILLERMO GUZMAN,,,,USA,UNITED STATES,8433 CORBIN AVENUE,,85964,WINNETKA,06037,LOS ANGELES,06,CA,CALIFORNIA,91306,,CA-30,CA-32,,,,COUNTY-WIDE,USA,UNITED STATES,CA**037,,06037,LOS ANGELES,06,CALIFORNIA,,CA-30,CA-90,,59.073: PAYCHECK PROTECTION LOAN PROGRAM (PPP),,,08,GUARANTEED/INSURED LOAN (F),TO AID SMALL BUSINESSES IN MAINTAINING WORK FORCE DURING COVID-19 PANDEMIC.,NON,NOT RECOVERY ACT,P,INDIVIDUAL,2,NON-AGGREGATE RECORD,,,,,,,,,,,https://www.usaspending.gov/award/ASST_NON_2221548209_073/,2021-01-06 03:33:53.27803+00
ASST_NON_2236878206_073,2236878206,,SAI EXEMPT,,,,,,2020-08-24,2020,0.00,,,,0.00,0.00,0.00,2020-08-01,2020,,,073,Small Business Administration,7300,Small Business Administration,737010,OFC OF CAPITAL ACCESS,073,Small Business Administration,7300,Small Business Administration,737010,OFC OF CAPITAL ACCESS,,,,,,,AGUSTINMARIN,AGUSTINMARIN,,,,USA,UNITED STATES,15767 SAN BERNARDINO AVE,,24680,FONTANA,06071,SAN BERNARDINO,06,CA,CALIFORNIA,92335,,CA-35,CA-35,,,,COUNTY-WIDE,USA,UNITED STATES,CA**071,,06071,SAN BERNARDINO,06,CALIFORNIA,,CA-35,CA-90,,59.073: PAYCHECK PROTECTION LOAN PROGRAM (PPP),,,08,GUARANTEED/INSURED LOAN (F),TO AID SMALL BUSINESSES IN MAINTAINING WORK FORCE DURING COVID-19 PANDEMIC.,NON,NOT RECOVERY ACT,P,INDIVIDUAL,2,NON-AGGREGATE RECORD,,,,,,,,,,,https://www.usaspending.gov/award/ASST_NON_2236878206_073/,2021-01-06 03:33:53.27803+00
ASST_NON_2255568006_073,2255568006,,SAI EXEMPT,O: Non-emergency P.L. 116-136|Non-emergency P.L. 116-139|Non-emergency P.L. 116-260|Non-emergency P.L. 117-2,,0.00,,,2020-08-24,2020,0.00,0.00,,,0.00,0.00,0.00,2020-06-24,2020,,,073,Small Business Administration,7300,Small Business Administration,737010,OFC OF CAPITAL ACCESS,073,Small Business Administration,7300,Small Business Administration,737010,OFC OF CAPITAL ACCESS,073-2020/2021-1154-000,073-1154,"41.0: Grants, subsidies, and contributions",0702: LOAN GUARANTEE SUBSIDY,,,NUEATHIP KAMNUANMASOK,NUEATHIP KAMNUANMASOK,,,,USA,UNITED STATES,500 INLAND CENTER DRIVE SUITE 156,,65000,SAN BERNARDINO,06071,SAN BERNARDINO,06,CA,CALIFORNIA,92408,,CA-31,CA-33,,,,COUNTY-WIDE,USA,UNITED STATES,CA**071,,06071,SAN BERNARDINO,06,CALIFORNIA,,CA-31,CA-90,,59.073: PAYCHECK PROTECTION LOAN PROGRAM (PPP),,,08,GUARANTEED/INSURED LOAN (F),TO AID SMALL BUSINESSES IN MAINTAINING WORK FORCE DURING COVID-19 PANDEMIC.,NON,NOT RECOVERY ACT,P,INDIVIDUAL,2,NON-AGGREGATE RECORD,,,,,,,,,,,https://www.usaspending.gov/award/ASST_NON_2255568006_073/,2021-01-06 03:33:53.27803+00
ASST_NON_2257528205_073,2257528205,,SAI EXEMPT,,,,,,2020-08-24,2020,0.00,,,,0.00,0.00,0.00,2020-08-01,2020,,,073,Small Business Administration,7300,Small Business Administration,737010,OFC OF CAPITAL ACCESS,073,Small Business Administration,7300,Small Business Administration,737010,OFC OF CAPITAL ACCESS,,,,,,,CHARLETTE RIVERA,CHARLETTE RIVERA,,,,USA,UNITED STATES,1286 TREAT AVENUE,,67000,SAN FRANCISCO,06075,SAN FRANCISCO,06,CA,CALIFORNIA,94110,,CA-12,CA-11,,,,COUNTY-WIDE,USA,UNITED STATES,CA**075,,06075,SAN FRANCISCO,06,CALIFORNIA,,CA-12,CA-90,,59.073: PAYCHECK PROTECTION LOAN PROGRAM (PPP),,,08,GUARANTEED/INSURED LOAN (F),TO AID SMALL BUSINESSES IN MAINTAINING WORK FORCE DURING COVID-19 PANDEMIC.,NON,NOT RECOVERY ACT,P,INDIVIDUAL,2,NON-AGGREGATE RECORD,,,,,,,,,,,https://www.usaspending.gov/award/ASST_NON_2257528205_073/,2021-01-06 03:33:53.27803+00
ASST_NON_2308178208_073,2308178208,,SAI EXEMPT,,,,,,2020-08-24,2020,0.00,,,,0.00,0.00,0.00,2020-08-01,2020,,,073,Small Business Administration,7300,Small Business Administration,737010,OFC OF CAPITAL ACCESS,073,Small Business Administration,7300,Small Business Administration,737010,OFC OF CAPITAL ACCESS,,,,,,,MOMMY POPPINS,MOMMY POPPINS,,,,USA,UNITED STATES,21031 GREENBORO LANE,,36000,HUNTINGTON BEACH,06059,ORANGE,06,CA,CALIFORNIA,92646,,CA-48,CA-47,,,,COUNTY-WIDE,USA,UNITED STATES,CA**059,,06059,ORANGE,06,CALIFORNIA,,CA-48,CA-90,,59.073: PAYCHECK PROTECTION LOAN PROGRAM (PPP),,,08,GUARANTEED/INSURED LOAN (F),TO AID SMALL BUSINESSES IN MAINTAINING WORK FORCE DURING COVID-19 PANDEMIC.,NON,NOT RECOVERY ACT,P,INDIVIDUAL,2,NON-AGGREGATE RECORD,,,,,,,,,,,https://www.usaspending.gov/award/ASST_NON_2308178208_073/,2021-01-06 03:33:53.27803+00
ASST_NON_2377458202_073,2377458202,,SAI EXEMPT,,,,,,2020-08-24,2020,0.00,,,,0.00,0.00,0.00,2020-08-01,2020,,,073,Small Business Administration,7300,Small Business Administration,737010,OFC OF CAPITAL ACCESS,073,Small Business Administration,7300,Small Business Administration,737010,OFC OF CAPITAL ACCESS,,,,,,,MARIO GUEVARA,MARIO GUEVARA,,,,USA,UNITED STATES,527 LAUREL AVE,UNIT A,53896,ONTARIO,06071,SAN BERNARDINO,06,CA,CALIFORNIA,91762,,CA-35,CA-35,,,,COUNTY-WIDE,USA,UNITED STATES,CA**071,,06071,SAN BERNARDINO,06,CALIFORNIA,,CA-35,CA-90,,59.073: PAYCHECK PROTECTION LOAN PROGRAM (PPP),,,08,GUARANTEED/INSURED LOAN (F),TO AID SMALL BUSINESSES IN MAINTAINING WORK FORCE DURING COVID-19 PANDEMIC.,NON,NOT RECOVERY ACT,P,INDIVIDUAL,2,NON-AGGREGATE RECORD,,,,,,,,,,,https://www.usaspending.gov/award/ASST_NON_2377458202_073/,2021-01-06 03:33:53.27803+00
ASST_NON_2379918202_073,2379918202,,SAI EXEMPT,,,,,,2020-08-24,2020,0.00,,,,0.00,0.00,0.00,2020-08-01,2020,,,073,Small Business Administration,7300,Small Business Administration,737010,OFC OF CAPITAL ACCESS,073,Small Business Administration,7300,Small Business Administration,737010,OFC OF CAPITAL ACCESS,,,,,,,PHUONG LUU,PHUONG LUU,,,,USA,UNITED STATES,12201 ADRIAN STR APT B,,29000,GARDEN GROVE,06059,ORANGE,06,CA,CALIFORNIA,92840,,CA-46,CA-45,,,,COUNTY-WIDE,USA,UNITED STATES,CA**059,,06059,ORANGE,06,CALIFORNIA,,CA-46,CA-90,,59.073: PAYCHECK PROTECTION LOAN PROGRAM (PPP),,,08,GUARANTEED/INSURED LOAN (F),TO AID SMALL BUSINESSES IN MAINTAINING WORK FORCE DURING COVID-19 PANDEMIC.,NON,NOT RECOVERY ACT,P,INDIVIDUAL,2,NON-AGGREGATE RECORD,,,,,,,,,,,https://www.usaspending.gov/award/ASST_NON_2379918202_073/,2021-01-06 03:33:53.27803+00
ASST_NON_2381908209_073,2381908209,,SAI EXEMPT,,,,,,2020-08-24,2020,0.00,,,,0.00,0.00,0.00,2020-08-01,2020,,,073,Small Business Administration,7300,Small Business Administration,737010,OFC OF CAPITAL ACCESS,073,Small Business Administration,7300,Small Business Administration,737010,OFC OF CAPITAL ACCESS,,,,,,,DOWNEY INSURANCE SERVICES,DOWNEY INSURANCE SERVICES,,,,USA,UNITED STATES,11217 OLD RIVER SCHOOL ROAD,,19766,DOWNEY,06037,LOS ANGELES,06,CA,CALIFORNIA,90241,,CA-40,CA-42,,,,COUNTY-WIDE,USA,UNITED STATES,CA**037,,06037,LOS ANGELES,06,CALIFORNIA,,CA-40,CA-90,,59.073: PAYCHECK PROTECTION LOAN PROGRAM (PPP),,,08,GUARANTEED/INSURED LOAN (F),TO AID SMALL BUSINESSES IN MAINTAINING WORK FORCE DURING COVID-19 PANDEMIC.,NON,NOT RECOVERY ACT,P,INDIVIDUAL,2,NON-AGGREGATE RECORD,,,,,,,,,,,https://www.usaspending.gov/award/ASST_NON_2381908209_073/,2021-01-06 03:33:53.27803+00
ASST_NON_2383818210_073,2383818210,,SAI EXEMPT,,,,,,2020-08-24,2020,0.00,,,,0.00,0.00,0.00,2020-08-01,2020,,,073,Small Business Administration,7300,Small Business Administration,737010,OFC OF CAPITAL ACCESS,073,Small Business Administration,7300,Small Business Administration,737010,OFC OF CAPITAL ACCESS,,,,,,,ZACHARY CAMPBELL,ZACHARY CAMPBELL,,,,USA,UNITED STATES,6148 POPPY PEAK DRIVE,,44000,LOS ANGELES,06037,LOS ANGELES,06,CA,CALIFORNIA,90042,,CA-34,CA-34,,,,COUNTY-WIDE,USA,UNITED STATES,CA**037,,06037,LOS ANGELES,06,CALIFORNIA,,CA-34,CA-90,,59.073: PAYCHECK PROTECTION LOAN PROGRAM (PPP),,,08,GUARANTEED/INSURED LOAN (F),TO AID SMALL BUSINESSES IN MAINTAINING WORK FORCE DURING COVID-19 PANDEMIC.,NON,NOT RECOVERY ACT,P,INDIVIDUAL,2,NON-AGGREGATE RECORD,,,,,,,,,,,https://www.usaspending.gov/award/ASST_NON_2383818210_073/,2021-01-06 03:33:53.27803+00
ASST_NON_2388178207_073,2388178207,,SAI EXEMPT,,,,,,2020-08-24,2020,0.00,,,,0.00,0.00,0.00,2020-08-03,2020,,,073,Small Business Administration,7300,Small Business Administration,737010,OFC OF CAPITAL ACCESS,073,Small Business Administration,7300,Small Business Administration,737010,OFC OF CAPITAL ACCESS,,,,,,,GURDWARA NANAKSAR DELHI,GURDWARA NANAKSAR DELHI,,,,USA,UNITED STATES,14525 CAMPGROUND ROAD,,18464,DELHI,06047,MERCED,06,CA,CALIFORNIA,95315,,CA-16,CA-13,,,,COUNTY-WIDE,USA,UNITED STATES,CA**047,,06047,MERCED,06,CALIFORNIA,,CA-16,CA-13,,59.073: PAYCHECK PROTECTION LOAN PROGRAM (PPP),,,08,GUARANTEED/INSURED LOAN (F),TO AID SMALL BUSINESSES IN MAINTAINING WORK FORCE DURING COVID-19 PANDEMIC.,NON,NOT RECOVERY ACT,R,SMALL BUSINESS,2,NON-AGGREGATE RECORD,,,,,,,,,,,https://www.usaspending.gov/award/ASST_NON_2388178207_073/,2021-01-06 03:33:53.27803+00
ASST_NON_2388538208_073,2388538208,,SAI EXEMPT,,,,,,2020-08-24,2020,0.00,,,,0.00,0.00,0.00,2020-08-03,2020,,,073,Small Business Administration,7300,Small Business Administration,737010,OFC OF CAPITAL ACCESS,073,Small Business Administration,7300,Small Business Administration,737010,OFC OF CAPITAL ACCESS,,,,,,,OSWALDO DIAZ,OSWALDO DIAZ,,,,USA,UNITED STATES,1216 S CLOVIS AVE,,27000,FRESNO,06019,FRESNO,06,CA,CALIFORNIA,93727,,CA-16,CA-21,,,,COUNTY-WIDE,USA,UNITED STATES,CA**019,,06019,FRESNO,06,CALIFORNIA,,CA-16,CA-90,,59.073: PAYCHECK PROTECTION LOAN PROGRAM (PPP),,,08,GUARANTEED/INSURED LOAN (F),TO AID SMALL BUSINESSES IN MAINTAINING WORK FORCE DURING COVID-19 PANDEMIC.,NON,NOT RECOVERY ACT,P,INDIVIDUAL,2,NON-AGGREGATE RECORD,,,,,,,,,,,https://www.usaspending.gov/award/ASST_NON_2388538208_073/,2021-01-06 03:33:53.27803+00
ASST_NON_2402298205_073,2402298205,,SAI EXEMPT,,,,,,2020-08-24,2020,0.00,,,,0.00,0.00,0.00,2020-08-03,2020,,,073,Small Business Administration,7300,Small Business Administration,737010,OFC OF CAPITAL ACCESS,073,Small Business Administration,7300,Small Business Administration,737010,OFC OF CAPITAL ACCESS,,,,,,,GRACE TIEDE,GRACE TIEDE,,,,USA,UNITED STATES,2031 E. OAK HAVEN DR,,27000,FRESNO,06019,FRESNO,06,CA,CALIFORNIA,93730,,CA-22,CA-05,,,,COUNTY-WIDE,USA,UNITED STATES,CA**019,,06019,FRESNO,06,CALIFORNIA,,CA-22,CA-90,,59.073: PAYCHECK PROTECTION LOAN PROGRAM (PPP),,,08,GUARANTEED/INSURED LOAN (F),TO AID SMALL BUSINESSES IN MAINTAINING WORK FORCE DURING COVID-19 PANDEMIC.,NON,NOT RECOVERY ACT,P,INDIVIDUAL,2,NON-AGGREGATE RECORD,,,,,,,,,,,https://www.usaspending.gov/award/ASST_NON_2402298205_073/,2021-01-06 03:33:53.27803+00
ASST_NON_2405598207_073,2405598207,,SAI EXEMPT,,,,,,2020-08-24,2020,0.00,,,,0.00,0.00,0.00,2020-08-03,2020,,,073,Small Business Administration,7300,Small Business Administration,737010,OFC OF CAPITAL ACCESS,073,Small Business Administration,7300,Small Business Administration,737010,OFC OF CAPITAL ACCESS,,,,,,,MIQUEST LLC,MIQUEST LLC,,,,USA,UNITED STATES,6305 GREEN VALLEY CIR,UNIT 201,17568,CULVER CITY,06037,LOS ANGELES,06,CA,CALIFORNIA,90230,,CA-37,CA-37,,,,COUNTY-WIDE,USA,UNITED STATES,CA**037,,06037,LOS ANGELES,06,CALIFORNIA,,CA-37,CA-90,,59.073: PAYCHECK PROTECTION LOAN PROGRAM (PPP),,,08,GUARANTEED/INSURED LOAN (F),TO AID SMALL BUSINESSES IN MAINTAINING WORK FORCE DURING COVID-19 PANDEMIC.,NON,NOT RECOVERY ACT,R,SMALL BUSINESS,2,NON-AGGREGATE RECORD,,,,,,,,,,,https://www.usaspending.gov/award/ASST_NON_2405598207_073/,2021-01-06 03:33:53.27803+00
ASST_NON_2405688210_073,2405688210,,SAI EXEMPT,,,,,,2020-08-24,2020,0.00,,,,0.00,0.00,0.00,2020-08-03,2020,,,073,Small Business Administration,7300,Small Business Administration,737010,OFC OF CAPITAL ACCESS,073,Small Business Administration,7300,Small Business Administration,737010,OFC OF CAPITAL ACCESS,,,,,,,SOU-TIEN WANG,SOU-TIEN WANG,,,,USA,UNITED STATES,261 MONTEGO DR,,17988,DANVILLE,06013,CONTRA COSTA,06,CA,CALIFORNIA,94526,,CA-11,CA-10,,,,COUNTY-WIDE,USA,UNITED STATES,CA**013,,06013,CONTRA COSTA,06,CALIFORNIA,,CA-11,CA-90,,59.073: PAYCHECK PROTECTION LOAN PROGRAM (PPP),,,08,GUARANTEED/INSURED LOAN (F),TO AID SMALL BUSINESSES IN MAINTAINING WORK FORCE DURING COVID-19 PANDEMIC.,NON,NOT RECOVERY ACT,P,INDIVIDUAL,2,NON-AGGREGATE RECORD,,,,,,,,,,,https://www.usaspending.gov/award/ASST_NON_2405688210_073/,2021-01-06 03:33:53.27803+00
ASST_NON_2408558201_073,2408558201,,SAI EXEMPT,,,,,,2020-08-24,2020,0.00,,,,0.00,0.00,0.00,2020-08-03,2020,,,073,Small Business Administration,7300,Small Business Administration,737010,OFC OF CAPITAL ACCESS,073,Small Business Administration,7300,Small Business Administration,737010,OFC OF CAPITAL ACCESS,,,,,,,DARRELL VARTANIANS PROCESS,DARRELL VARTANIANS PROCESS,,,,USA,UNITED STATES,12372 SHELDON ST,,77294,SUN VALLEY,06037,LOS ANGELES,06,CA,CALIFORNIA,91352,,CA-29,CA-90,,,,COUNTY-WIDE,USA,UNITED STATES,CA**037,,06037,LOS ANGELES,06,CALIFORNIA,,CA-29,CA-90,,59.073: PAYCHECK PROTECTION LOAN PROGRAM (PPP),,,08,GUARANTEED/INSURED LOAN (F),TO AID SMALL BUSINESSES IN MAINTAINING WORK FORCE DURING COVID-19 PANDEMIC.,NON,NOT RECOVERY ACT,P,INDIVIDUAL,2,NON-AGGREGATE RECORD,,,,,,,,,,,https://www.usaspending.gov/award/ASST_NON_2408558201_073/,2021-01-06 03:33:53.27803+00
ASST_NON_2415738205_073,2415738205,,SAI EXEMPT,,,,,,2020-08-24,2020,0.00,,,,0.00,0.00,0.00,2020-08-03,2020,,,073,Small Business Administration,7300,Small Business Administration,737010,OFC OF CAPITAL ACCESS,073,Small Business Administration,7300,Small Business Administration,737010,OFC OF CAPITAL ACCESS,,,,,,,RAYNARD GAITHER,RAYNARD GAITHER,,,,USA,UNITED STATES,124 HULLETT STREET,,43000,LONG BEACH,06037,LOS ANGELES,06,CA,CALIFORNIA,90805,,CA-44,CA-44,,,,COUNTY-WIDE,USA,UNITED STATES,CA**037,,06037,LOS ANGELES,06,CALIFORNIA,,CA-44,CA-90,,59.073: PAYCHECK PROTECTION LOAN PROGRAM (PPP),,,08,GUARANTEED/INSURED LOAN (F),TO AID SMALL BUSINESSES IN MAINTAINING WORK FORCE DURING COVID-19 PANDEMIC.,NON,NOT RECOVERY ACT,P,INDIVIDUAL,2,NON-AGGREGATE RECORD,,,,,,,,,,,https://www.usaspending.gov/award/ASST_NON_2415738205_073/,2021-01-06 03:33:53.27803+00
ASST_NON_2425228209_073,2425228209,,SAI EXEMPT,,,,,,2020-08-24,2020,0.00,,,,0.00,0.00,0.00,2020-08-03,2020,,,073,Small Business Administration,7300,Small Business Administration,737010,OFC OF CAPITAL ACCESS,073,Small Business Administration,7300,Small Business Administration,737010,OFC OF CAPITAL ACCESS,,,,,,,SERINA GONZALEZ,SERINA GONZALEZ,,,,USA,UNITED STATES,380 N LINDEN AVE,2716,60466,RIALTO,06071,SAN BERNARDINO,06,CA,CALIFORNIA,92376,,CA-31,CA-33,,,,COUNTY-WIDE,USA,UNITED STATES,CA**071,,06071,SAN BERNARDINO,06,CALIFORNIA,,CA-31,CA-90,,59.073: PAYCHECK PROTECTION LOAN PROGRAM (PPP),,,08,GUARANTEED/INSURED LOAN (F),TO AID SMALL BUSINESSES IN MAINTAINING WORK FORCE DURING COVID-19 PANDEMIC.,NON,NOT RECOVERY ACT,P,INDIVIDUAL,2,NON-AGGREGATE RECORD,,,,,,,,,,,https://www.usaspending.gov/award/ASST_NON_2425228209_073/,2021-01-06 03:33:53.27803+00
ASST_NON_2479158207_073,2479158207,,SAI EXEMPT,,,,,,2020-08-24,2020,0.00,,,,0.00,0.00,0.00,2020-08-03,2020,,,073,Small Business Administration,7300,Small Business Administration,737010,OFC OF CAPITAL ACCESS,073,Small Business Administration,7300,Small Business Administration,737010,OFC OF CAPITAL ACCESS,,,,,,,THICHAUKIM,THICHAUKIM,,,,USA,UNITED STATES,7620 MASTERS STREET,,22020,ELK GROVE,06067,SACRAMENTO,06,CA,CALIFORNIA,95758,,CA-06,CA-07,,,,COUNTY-WIDE,USA,UNITED STATES,CA**067,,06067,SACRAMENTO,06,CALIFORNIA,,CA-06,CA-90,,59.073: PAYCHECK PROTECTION LOAN PROGRAM (PPP),,,08,GUARANTEED/INSURED LOAN (F),TO AID SMALL BUSINESSES IN MAINTAINING WORK FORCE DURING COVID-19 PANDEMIC.,NON,NOT RECOVERY ACT,P,INDIVIDUAL,2,NON-AGGREGATE RECORD,,,,,,,,,,,https://www.usaspending.gov/award/ASST_NON_2479158207_073/,2021-01-06 03:33:53.27803+00
ASST_NON_2484788202_073,2484788202,,SAI EXEMPT,,,,,,2020-08-24,2020,0.00,,,,0.00,0.00,0.00,2020-08-03,2020,,,073,Small Business Administration,7300,Small Business Administration,737010,OFC OF CAPITAL ACCESS,073,Small Business Administration,7300,Small Business Administration,737010,OFC OF CAPITAL ACCESS,,,,,,,THEYEL POTATOS LLC,THEYEL POTATOS LLC,,,,USA,UNITED STATES,3729 GEARY BLVD,,67000,SAN FRANCISCO,06075,SAN FRANCISCO,06,CA,CALIFORNIA,94118,,CA-12,CA-11,,,,COUNTY-WIDE,USA,UNITED STATES,CA**075,,06075,SAN FRANCISCO,06,CALIFORNIA,,CA-12,CA-90,,59.073: PAYCHECK PROTECTION LOAN PROGRAM (PPP),,,08,GUARANTEED/INSURED LOAN (F),TO AID SMALL BUSINESSES IN MAINTAINING WORK FORCE DURING COVID-19 PANDEMIC.,NON,NOT RECOVERY ACT,P,INDIVIDUAL,2,NON-AGGREGATE RECORD,,,,,,,,,,,https://www.usaspending.gov/award/ASST_NON_2484788202_073/,2021-01-06 03:33:53.27803+00
ASST_NON_2525038208_073,2525038208,,SAI EXEMPT,,,,,,2020-08-24,2020,0.00,,,,0.00,0.00,0.00,2020-08-03,2020,,,073,Small Business Administration,7300,Small Business Administration,737010,OFC OF CAPITAL ACCESS,073,Small Business Administration,7300,Small Business Administration,737010,OFC OF CAPITAL ACCESS,,,,,,,HSIENCHENG LU,HSIENCHENG LU,,,,USA,UNITED STATES,10201 VICEROY CT,,17610,CUPERTINO,06085,SANTA CLARA,06,CA,CALIFORNIA,95014,,CA-17,CA-17,,,,COUNTY-WIDE,USA,UNITED STATES,CA**085,,06085,SANTA CLARA,06,CALIFORNIA,,CA-17,CA-90,,59.073: PAYCHECK PROTECTION LOAN PROGRAM (PPP),,,08,GUARANTEED/INSURED LOAN (F),TO AID SMALL BUSINESSES IN MAINTAINING WORK FORCE DURING COVID-19 PANDEMIC.,NON,NOT RECOVERY ACT,P,INDIVIDUAL,2,NON-AGGREGATE RECORD,,,,,,,,,,,https://www.usaspending.gov/award/ASST_NON_2525038208_073/,2021-01-06 03:33:53.27803+00
ASST_NON_2525328201_073,2525328201,,SAI EXEMPT,,,,,,2020-08-24,2020,0.00,,,,0.00,0.00,0.00,2020-08-03,2020,,,073,Small Business Administration,7300,Small Business Administration,737010,OFC OF CAPITAL ACCESS,073,Small Business Administration,7300,Small Business Administration,737010,OFC OF CAPITAL ACCESS,,,,,,,DANIELLE GONZALEZ,DANIELLE GONZALEZ,,,,USA,UNITED STATES,5010 PRAIRIE WAY,,02252,ANTIOCH,06013,CONTRA COSTA,06,CA,CALIFORNIA,94531,,CA-09,CA-10,,,,COUNTY-WIDE,USA,UNITED STATES,CA**013,,06013,CONTRA COSTA,06,CALIFORNIA,,CA-09,CA-90,,59.073: PAYCHECK PROTECTION LOAN PROGRAM (PPP),,,08,GUARANTEED/INSURED LOAN (F),TO AID SMALL BUSINESSES IN MAINTAINING WORK FORCE DURING COVID-19 PANDEMIC.,NON,NOT RECOVERY ACT,P,INDIVIDUAL,2,NON-AGGREGATE RECORD,,,,,,,,,,,https://www.usaspending.gov/award/ASST_NON_2525328201_073/,2021-01-06 03:33:53.27803+00
ASST_NON_2537638208_073,2537638208,,SAI EXEMPT,,,,,,2020-08-24,2020,0.00,,,,0.00,0.00,0.00,2020-08-03,2020,,,073,Small Business Administration,7300,Small Business Administration,737010,OFC OF CAPITAL ACCESS,073,Small Business Administration,7300,Small Business Administration,737010,OFC OF CAPITAL ACCESS,,,,,,,KNUTSEN LLC,KNUTSEN LLC,,,,USA,UNITED STATES,24063 GOLDEN PHEASANT LN,,50076,MURRIETA,06065,RIVERSIDE,06,CA,CALIFORNIA,92562,,CA-42,CA-48,,,,COUNTY-WIDE,USA,UNITED STATES,CA**065,,06065,RIVERSIDE,06,CALIFORNIA,,CA-42,CA-90,,59.073: PAYCHECK PROTECTION LOAN PROGRAM (PPP),,,08,GUARANTEED/INSURED LOAN (F),TO AID SMALL BUSINESSES IN MAINTAINING WORK FORCE DURING COVID-19 PANDEMIC.,NON,NOT RECOVERY ACT,P,INDIVIDUAL,2,NON-AGGREGATE RECORD,,,,,,,,,,,https://www.usaspending.gov/award/ASST_NON_2537638208_073/,2021-01-06 03:33:53.27803+00
ASST_NON_2537718208_073,2537718208,,SAI EXEMPT,,,,,,2020-08-24,2020,0.00,,,,0.00,0.00,0.00,2020-08-03,2020,,,073,Small Business Administration,7300,Small Business Administration,737010,OFC OF CAPITAL ACCESS,073,Small Business Administration,7300,Small Business Administration,737010,OFC OF CAPITAL ACCESS,,,,,,,ANTONIO ROSS,ANTONIO ROSS,,,,USA,UNITED STATES,2056 68TH ST,,44000,LOS ANGELES,06037,LOS ANGELES,06,CA,CALIFORNIA,90047,,CA-37,CA-37,,,,COUNTY-WIDE,USA,UNITED STATES,CA**037,,06037,LOS ANGELES,06,CALIFORNIA,,CA-37,CA-90,,59.073: PAYCHECK PROTECTION LOAN PROGRAM (PPP),,,08,GUARANTEED/INSURED LOAN (F),TO AID SMALL BUSINESSES IN MAINTAINING WORK FORCE DURING COVID-19 PANDEMIC.,NON,NOT RECOVERY ACT,P,INDIVIDUAL,2,NON-AGGREGATE RECORD,,,,,,,,,,,https://www.usaspending.gov/award/ASST_NON_2537718208_073/,2021-01-06 03:33:53.27803+00
ASST_NON_2537788207_073,2537788207,,SAI EXEMPT,,,,,,2020-08-24,2020,0.00,,,,0.00,0.00,0.00,2020-08-03,2020,,,073,Small Business Administration,7300,Small Business Administration,737010,OFC OF CAPITAL ACCESS,073,Small Business Administration,7300,Small Business Administration,737010,OFC OF CAPITAL ACCESS,,,,,,,KRISTYN EGGS LLC,KRISTYN EGGS LLC,,,,USA,UNITED STATES,2337 WABASH CIR,,57526,PLACENTIA,06059,ORANGE,06,CA,CALIFORNIA,92870,,CA-39,CA-45,,,,COUNTY-WIDE,USA,UNITED STATES,CA**059,,06059,ORANGE,06,CALIFORNIA,,CA-39,CA-90,,59.073: PAYCHECK PROTECTION LOAN PROGRAM (PPP),,,08,GUARANTEED/INSURED LOAN (F),TO AID SMALL BUSINESSES IN MAINTAINING WORK FORCE DURING COVID-19 PANDEMIC.,NON,NOT RECOVERY ACT,P,INDIVIDUAL,2,NON-AGGREGATE RECORD,,,,,,,,,,,https://www.usaspending.gov/award/ASST_NON_2537788207_073/,2021-01-06 03:33:53.27803+00
ASST_NON_2537828206_073,2537828206,,SAI EXEMPT,,,,,,2020-08-24,2020,0.00,,,,0.00,0.00,0.00,2020-08-03,2020,,,073,Small Business Administration,7300,Small Business Administration,737010,OFC OF CAPITAL ACCESS,073,Small Business Administration,7300,Small Business Administration,737010,OFC OF CAPITAL ACCESS,,,,,,,MARY RHODES FOOD LLC,MARY RHODES FOOD LLC,,,,USA,UNITED STATES,4724 ADENMOOR AVE,,39892,LAKEWOOD,06037,LOS ANGELES,06,CA,CALIFORNIA,90713,,CA-38,CA-42,,,,COUNTY-WIDE,USA,UNITED STATES,CA**037,,06037,LOS ANGELES,06,CALIFORNIA,,CA-38,CA-90,,59.073: PAYCHECK PROTECTION LOAN PROGRAM (PPP),,,08,GUARANTEED/INSURED LOAN (F),TO AID SMALL BUSINESSES IN MAINTAINING WORK FORCE DURING COVID-19 PANDEMIC.,NON,NOT RECOVERY ACT,P,INDIVIDUAL,2,NON-AGGREGATE RECORD,,,,,,,,,,,https://www.usaspending.gov/award/ASST_NON_2537828206_073/,2021-01-06 03:33:53.27803+00
ASST_NON_2549378210_073,2549378210,,SAI EXEMPT,,,,,,2020-08-24,2020,0.00,,,,0.00,0.00,0.00,2020-08-03,2020,,,073,Small Business Administration,7300,Small Business Administration,737010,OFC OF CAPITAL ACCESS,073,Small Business Administration,7300,Small Business Administration,737010,OFC OF CAPITAL ACCESS,,,,,,,AT ELY,AT ELY,,,,USA,UNITED STATES,6851 DEFIANCE DR,,36000,HUNTINGTON BEACH,06059,ORANGE,06,CA,CALIFORNIA,92647,,CA-48,CA-47,,,,COUNTY-WIDE,USA,UNITED STATES,CA**059,,06059,ORANGE,06,CALIFORNIA,,CA-48,CA-90,,59.073: PAYCHECK PROTECTION LOAN PROGRAM (PPP),,,08,GUARANTEED/INSURED LOAN (F),TO AID SMALL BUSINESSES IN MAINTAINING WORK FORCE DURING COVID-19 PANDEMIC.,NON,NOT RECOVERY ACT,P,INDIVIDUAL,2,NON-AGGREGATE RECORD,,,,,,,,,,,https://www.usaspending.gov/award/ASST_NON_2549378210_073/,2021-01-06 03:33:53.27803+00
ASST_NON_2550008201_073,2550008201,,SAI EXEMPT,,,,,,2020-08-24,2020,0.00,,,,0.00,0.00,0.00,2020-08-03,2020,,,073,Small Business Administration,7300,Small Business Administration,737010,OFC OF CAPITAL ACCESS,073,Small Business Administration,7300,Small Business Administration,737010,OFC OF CAPITAL ACCESS,,,,,,,THOMPSON ELDERLY SERVICES,THOMPSON ELDERLY SERVICES,,,,USA,UNITED STATES,627 BONAIR WAY,,39360,LA JOLLA,06073,SAN DIEGO,06,CA,CALIFORNIA,92037,,CA-52,CA-50,,,,COUNTY-WIDE,USA,UNITED STATES,CA**073,,06073,SAN DIEGO,06,CALIFORNIA,,CA-52,CA-90,,59.073: PAYCHECK PROTECTION LOAN PROGRAM (PPP),,,08,GUARANTEED/INSURED LOAN (F),TO AID SMALL BUSINESSES IN MAINTAINING WORK FORCE DURING COVID-19 PANDEMIC.,NON,NOT RECOVERY ACT,P,INDIVIDUAL,2,NON-AGGREGATE RECORD,,,,,,,,,,,https://www.usaspending.gov/award/ASST_NON_2550008201_073/,2021-01-06 03:33:53.27803+00
ASST_NON_2568988200_073,2568988200,,SAI EXEMPT,,,,,,2020-08-24,2020,0.00,,,,0.00,0.00,0.00,2020-08-03,2020,,,073,Small Business Administration,7300,Small Business Administration,737010,OFC OF CAPITAL ACCESS,073,Small Business Administration,7300,Small Business Administration,737010,OFC OF CAPITAL ACCESS,,,,,,,LESLIE A JAMES,LESLIE A JAMES,,,,USA,UNITED STATES,3446 STOCKER ST,,44000,LOS ANGELES,06037,LOS ANGELES,06,CA,CALIFORNIA,90008,,CA-37,CA-37,,,,COUNTY-WIDE,USA,UNITED STATES,CA**037,,06037,LOS ANGELES,06,CALIFORNIA,,CA-37,CA-90,,59.073: PAYCHECK PROTECTION LOAN PROGRAM (PPP),,,08,GUARANTEED/INSURED LOAN (F),TO AID SMALL BUSINESSES IN MAINTAINING WORK FORCE DURING COVID-19 PANDEMIC.,NON,NOT RECOVERY ACT,P,INDIVIDUAL,2,NON-AGGREGATE RECORD,,,,,,,,,,,https://www.usaspending.gov/award/ASST_NON_2568988200_073/,2021-01-06 03:33:53.27803+00
ASST_NON_2569058205_073,2569058205,,SAI EXEMPT,,,,,,2020-08-24,2020,0.00,,,,0.00,0.00,0.00,2020-08-03,2020,,,073,Small Business Administration,7300,Small Business Administration,737010,OFC OF CAPITAL ACCESS,073,Small Business Administration,7300,Small Business Administration,737010,OFC OF CAPITAL ACCESS,,,,,,,LP GOATS LLC,LP GOATS LLC,,,,USA,UNITED STATES,5610 RIVER WAY APT F,,08786,BUENA PARK,06059,ORANGE,06,CA,CALIFORNIA,90621,,CA-39,CA-45,,,,COUNTY-WIDE,USA,UNITED STATES,CA**059,,06059,ORANGE,06,CALIFORNIA,,CA-39,CA-90,,59.073: PAYCHECK PROTECTION LOAN PROGRAM (PPP),,,08,GUARANTEED/INSURED LOAN (F),TO AID SMALL BUSINESSES IN MAINTAINING WORK FORCE DURING COVID-19 PANDEMIC.,NON,NOT RECOVERY ACT,P,INDIVIDUAL,2,NON-AGGREGATE RECORD,,,,,,,,,,,https://www.usaspending.gov/award/ASST_NON_2569058205_073/,2021-01-06 03:33:53.27803+00
ASST_NON_2569138205_073,2569138205,,SAI EXEMPT,,,,,,2020-08-24,2020,0.00,,,,0.00,0.00,0.00,2020-08-03,2020,,,073,Small Business Administration,7300,Small Business Administration,737010,OFC OF CAPITAL ACCESS,073,Small Business Administration,7300,Small Business Administration,737010,OFC OF CAPITAL ACCESS,,,,,,,SAMANTHA DAVIS,SAMANTHA DAVIS,,,,USA,UNITED STATES,1115 W 111TH ST,4,44000,LOS ANGELES,06037,LOS ANGELES,06,CA,CALIFORNIA,90044,,CA-43,CA-90,,,,COUNTY-WIDE,USA,UNITED STATES,CA**037,,06037,LOS ANGELES,06,CALIFORNIA,,CA-43,CA-90,,59.073: PAYCHECK PROTECTION LOAN PROGRAM (PPP),,,08,GUARANTEED/INSURED LOAN (F),TO AID SMALL BUSINESSES IN MAINTAINING WORK FORCE DURING COVID-19 PANDEMIC.,NON,NOT RECOVERY ACT,P,INDIVIDUAL,2,NON-AGGREGATE RECORD,,,,,,,,,,,https://www.usaspending.gov/award/ASST_NON_2569138205_073/,2021-01-06 03:33:53.27803+00
ASST_NON_2575628206_073,2575628206,,SAI EXEMPT,,,,,,2020-08-24,2020,0.00,,,,0.00,0.00,0.00,2020-08-03,2020,,,073,Small Business Administration,7300,Small Business Administration,737010,OFC OF CAPITAL ACCESS,073,Small Business Administration,7300,Small Business Administration,737010,OFC OF CAPITAL ACCESS,,,,,,,FERNANDO GAYNAIR,FERNANDO GAYNAIR,,,,USA,UNITED STATES,16599 MUSCATEL STREET,134,33434,HESPERIA,06071,SAN BERNARDINO,06,CA,CALIFORNIA,92345,,CA-08,CA-23,,,,COUNTY-WIDE,USA,UNITED STATES,CA**071,,06071,SAN BERNARDINO,06,CALIFORNIA,,CA-08,CA-90,,59.073: PAYCHECK PROTECTION LOAN PROGRAM (PPP),,,08,GUARANTEED/INSURED LOAN (F),TO AID SMALL BUSINESSES IN MAINTAINING WORK FORCE DURING COVID-19 PANDEMIC.,NON,NOT RECOVERY ACT,P,INDIVIDUAL,2,NON-AGGREGATE RECORD,,,,,,,,,,,https://www.usaspending.gov/award/ASST_NON_2575628206_073/,2021-01-06 03:33:53.27803+00
ASST_NON_2594938200_073,2594938200,,SAI EXEMPT,,,,,,2020-08-24,2020,0.00,,,,0.00,0.00,0.00,2020-08-03,2020,,,073,Small Business Administration,7300,Small Business Administration,737010,OFC OF CAPITAL ACCESS,073,Small Business Administration,7300,Small Business Administration,737010,OFC OF CAPITAL ACCESS,,,,,,,SEVANA SULEYMANYAN,SEVANA SULEYMANYAN,,,,USA,UNITED STATES,10663 FRANLIE DR,,75910,SUNLAND,06037,LOS ANGELES,06,CA,CALIFORNIA,91040,,CA-28,CA-30,,,,COUNTY-WIDE,USA,UNITED STATES,CA**037,,06037,LOS ANGELES,06,CALIFORNIA,,CA-28,CA-90,,59.073: PAYCHECK PROTECTION LOAN PROGRAM (PPP),,,08,GUARANTEED/INSURED LOAN (F),TO AID SMALL BUSINESSES IN MAINTAINING WORK FORCE DURING COVID-19 PANDEMIC.,NON,NOT RECOVERY ACT,P,INDIVIDUAL,2,NON-AGGREGATE RECORD,,,,,,,,,,,https://www.usaspending.gov/award/ASST_NON_2594938200_073/,2021-01-06 03:33:53.27803+00
ASST_NON_2595108200_073,2595108200,,SAI EXEMPT,,,,,,2020-08-24,2020,0.00,,,,0.00,0.00,0.00,2020-08-03,2020,,,073,Small Business Administration,7300,Small Business Administration,737010,OFC OF CAPITAL ACCESS,073,Small Business Administration,7300,Small Business Administration,737010,OFC OF CAPITAL ACCESS,,,,,,,MUSIC PRODUCTION,MUSIC PRODUCTION,,,,USA,UNITED STATES,4219 MOUNT VERNON DR,,44000,LOS ANGELES,06037,LOS ANGELES,06,CA,CALIFORNIA,90008,,CA-37,CA-37,,,,COUNTY-WIDE,USA,UNITED STATES,CA**037,,06037,LOS ANGELES,06,CALIFORNIA,,CA-37,CA-90,,59.073: PAYCHECK PROTECTION LOAN PROGRAM (PPP),,,08,GUARANTEED/INSURED LOAN (F),TO AID SMALL BUSINESSES IN MAINTAINING WORK FORCE DURING COVID-19 PANDEMIC.,NON,NOT RECOVERY ACT,P,INDIVIDUAL,2,NON-AGGREGATE RECORD,,,,,,,,,,,https://www.usaspending.gov/award/ASST_NON_2595108200_073/,2021-01-06 03:33:53.27803+00
ASST_NON_2595168207_073,2595168207,,SAI EXEMPT,,,,,,2020-08-24,2020,0.00,,,,0.00,0.00,0.00,2020-08-03,2020,,,073,Small Business Administration,7300,Small Business Administration,737010,OFC OF CAPITAL ACCESS,073,Small Business Administration,7300,Small Business Administration,737010,OFC OF CAPITAL ACCESS,,,,,,,OLENA TYUTYUNNIK,OLENA TYUTYUNNIK,,,,USA,UNITED STATES,6201 COLDWATER CYN AVE,,51952,NORTH HOLLYWOOD,06037,LOS ANGELES,06,CA,CALIFORNIA,91606,,CA-29,CA-29,,,,COUNTY-WIDE,USA,UNITED STATES,CA**037,,06037,LOS ANGELES,06,CALIFORNIA,,CA-29,CA-90,,59.073: PAYCHECK PROTECTION LOAN PROGRAM (PPP),,,08,GUARANTEED/INSURED LOAN (F),TO AID SMALL BUSINESSES IN MAINTAINING WORK FORCE DURING COVID-19 PANDEMIC.,NON,NOT RECOVERY ACT,P,INDIVIDUAL,2,NON-AGGREGATE RECORD,,,,,,,,,,,https://www.usaspending.gov/award/ASST_NON_2595168207_073/,2021-01-06 03:33:53.27803+00
ASST_NON_2595208206_073,2595208206,,SAI EXEMPT,,,,,,2020-08-24,2020,0.00,,,,0.00,0.00,0.00,2020-08-03,2020,,,073,Small Business Administration,7300,Small Business Administration,737010,OFC OF CAPITAL ACCESS,073,Small Business Administration,7300,Small Business Administration,737010,OFC OF CAPITAL ACCESS,,,,,,,SEAN M DOUGHERTY,SEAN M DOUGHERTY,,,,USA,UNITED STATES,15 SAINT THOMAS,,39248,LAGUNA NIGUEL,06059,ORANGE,06,CA,CALIFORNIA,92677,,CA-48,CA-49,,,,COUNTY-WIDE,USA,UNITED STATES,CA**059,,06059,ORANGE,06,CALIFORNIA,,CA-48,CA-90,,59.073: PAYCHECK PROTECTION LOAN PROGRAM (PPP),,,08,GUARANTEED/INSURED LOAN (F),TO AID SMALL BUSINESSES IN MAINTAINING WORK FORCE DURING COVID-19 PANDEMIC.,NON,NOT RECOVERY ACT,P,INDIVIDUAL,2,NON-AGGREGATE RECORD,,,,,,,,,,,https://www.usaspending.gov/award/ASST_NON_2595208206_073/,2021-01-06 03:33:53.27803+00
ASST_NON_2600448203_073,2600448203,,SAI EXEMPT,,,,,,2020-08-24,2020,0.00,,,,0.00,0.00,0.00,2020-08-03,2020,,,073,Small Business Administration,7300,Small Business Administration,737010,OFC OF CAPITAL ACCESS,073,Small Business Administration,7300,Small Business Administration,737010,OFC OF CAPITAL ACCESS,,,,,,,BOBBY WARD,BOBBY WARD,,,,USA,UNITED STATES,2910 BIRDSALL AVENUE,,53000,OAKLAND,06001,ALAMEDA,06,CA,CALIFORNIA,94619,,CA-13,CA-12,,,,COUNTY-WIDE,USA,UNITED STATES,CA**001,,06001,ALAMEDA,06,CALIFORNIA,,CA-13,CA-90,,59.073: PAYCHECK PROTECTION LOAN PROGRAM (PPP),,,08,GUARANTEED/INSURED LOAN (F),TO AID SMALL BUSINESSES IN MAINTAINING WORK FORCE DURING COVID-19 PANDEMIC.,NON,NOT RECOVERY ACT,P,INDIVIDUAL,2,NON-AGGREGATE RECORD,,,,,,,,,,,https://www.usaspending.gov/award/ASST_NON_2600448203_073/,2021-01-06 03:33:53.27803+00
ASST_NON_2605138203_073,2605138203,,SAI EXEMPT,,,,,,2020-08-24,2020,0.00,,,,0.00,0.00,0.00,2020-08-03,2020,,,073,Small Business Administration,7300,Small Business Administration,737010,OFC OF CAPITAL ACCESS,073,Small Business Administration,7300,Small Business Administration,737010,OFC OF CAPITAL ACCESS,,,,,,,"NEST SEEKERS, LLC","NEST SEEKERS, LLC",,,,USA,UNITED STATES,4070 KANSAS ST,107,66000,SAN DIEGO,06073,SAN DIEGO,06,CA,CALIFORNIA,92104,,CA-53,CA-50,,,,COUNTY-WIDE,USA,UNITED STATES,CA**073,,06073,SAN DIEGO,06,CALIFORNIA,,CA-53,CA-90,,59.073: PAYCHECK PROTECTION LOAN PROGRAM (PPP),,,08,GUARANTEED/INSURED LOAN (F),TO AID SMALL BUSINESSES IN MAINTAINING WORK FORCE DURING COVID-19 PANDEMIC.,NON,NOT RECOVERY ACT,R,SMALL BUSINESS,2,NON-AGGREGATE RECORD,,,,,,,,,,,https://www.usaspending.gov/award/ASST_NON_2605138203_073/,2021-01-06 03:33:53.27803+00
ASST_NON_2605488203_073,2605488203,,SAI EXEMPT,,,,,,2020-08-24,2020,0.00,,,,0.00,0.00,0.00,2020-08-03,2020,,,073,Small Business Administration,7300,Small Business Administration,737010,OFC OF CAPITAL ACCESS,073,Small Business Administration,7300,Small Business Administration,737010,OFC OF CAPITAL ACCESS,,,,,,,MARIA LOBODZINSKI D.D.S.,MARIA LOBODZINSKI D.D.S.,,,,USA,UNITED STATES,65 NORTH MADISON AVENUE,SUITE 506,56000,PASADENA,06037,LOS ANGELES,06,CA,CALIFORNIA,91101,,CA-27,CA-28,,,,COUNTY-WIDE,USA,UNITED STATES,CA**037,,06037,LOS ANGELES,06,CALIFORNIA,,CA-27,CA-90,,59.073: PAYCHECK PROTECTION LOAN PROGRAM (PPP),,,08,GUARANTEED/INSURED LOAN (F),TO AID SMALL BUSINESSES IN MAINTAINING WORK FORCE DURING COVID-19 PANDEMIC.,NON,NOT RECOVERY ACT,P,INDIVIDUAL,2,NON-AGGREGATE RECORD,,,,,,,,,,,https://www.usaspending.gov/award/ASST_NON_2605488203_073/,2021-01-06 03:33:53.27803+00
ASST_NON_2605548208_073,2605548208,,SAI EXEMPT,,,,,,2020-08-24,2020,0.00,,,,0.00,0.00,0.00,2020-08-03,2020,,,073,Small Business Administration,7300,Small Business Administration,737010,OFC OF CAPITAL ACCESS,073,Small Business Administration,7300,Small Business Administration,737010,OFC OF CAPITAL ACCESS,,,,,,,"XO GALLERY, INC.","XO GALLERY, INC.",,,,USA,UNITED STATES,455 S. RODEO DRIVE,,06308,BEVERLY HILLS,06037,LOS ANGELES,06,CA,CALIFORNIA,90212,,CA-33,CA-36,,,,COUNTY-WIDE,USA,UNITED STATES,CA**037,,06037,LOS ANGELES,06,CALIFORNIA,,CA-33,CA-90,,59.073: PAYCHECK PROTECTION LOAN PROGRAM (PPP),,,08,GUARANTEED/INSURED LOAN (F),TO AID SMALL BUSINESSES IN MAINTAINING WORK FORCE DURING COVID-19 PANDEMIC.,NON,NOT RECOVERY ACT,R,SMALL BUSINESS,2,NON-AGGREGATE RECORD,,,,,,,,,,,https://www.usaspending.gov/award/ASST_NON_2605548208_073/,2021-01-06 03:33:53.27803+00
ASST_NON_2607548201_073,2607548201,,SAI EXEMPT,,,,,,2020-08-24,2020,0.00,,,,0.00,0.00,0.00,2020-08-03,2020,,,073,Small Business Administration,7300,Small Business Administration,737010,OFC OF CAPITAL ACCESS,073,Small Business Administration,7300,Small Business Administration,737010,OFC OF CAPITAL ACCESS,,,,,,,XIANG RONG MAI,XIANG RONG MAI,,,,USA,UNITED STATES,864 OCEANVIEW AVE,,68252,SAN MATEO,06081,SAN MATEO,06,CA,CALIFORNIA,94401,,CA-14,CA-15,,,,COUNTY-WIDE,USA,UNITED STATES,CA**081,,06081,SAN MATEO,06,CALIFORNIA,,CA-14,CA-90,,59.073: PAYCHECK PROTECTION LOAN PROGRAM (PPP),,,08,GUARANTEED/INSURED LOAN (F),TO AID SMALL BUSINESSES IN MAINTAINING WORK FORCE DURING COVID-19 PANDEMIC.,NON,NOT RECOVERY ACT,P,INDIVIDUAL,2,NON-AGGREGATE RECORD,,,,,,,,,,,https://www.usaspending.gov/award/ASST_NON_2607548201_073/,2021-01-06 03:33:53.27803+00
ASST_NON_2609628205_073,2609628205,,SAI EXEMPT,,,,,,2020-08-24,2020,0.00,,,,0.00,0.00,0.00,2020-08-03,2020,,,073,Small Business Administration,7300,Small Business Administration,737010,OFC OF CAPITAL ACCESS,073,Small Business Administration,7300,Small Business Administration,737010,OFC OF CAPITAL ACCESS,,,,,,,RICARDO V PELAYO,RICARDO V PELAYO,,,,USA,UNITED STATES,300 VAQUEROS AVE,9,62490,RODEO,06013,CONTRA COSTA,06,CA,CALIFORNIA,94572,,CA-05,CA-08,,,,COUNTY-WIDE,USA,UNITED STATES,CA**013,,06013,CONTRA COSTA,06,CALIFORNIA,,CA-05,CA-90,,59.073: PAYCHECK PROTECTION LOAN PROGRAM (PPP),,,08,GUARANTEED/INSURED LOAN (F),TO AID SMALL BUSINESSES IN MAINTAINING WORK FORCE DURING COVID-19 PANDEMIC.,NON,NOT RECOVERY ACT,P,INDIVIDUAL,2,NON-AGGREGATE RECORD,,,,,,,,,,,https://www.usaspending.gov/award/ASST_NON_2609628205_073/,2021-01-06 03:33:53.27803+00
ASST_NON_2611018209_073,2611018209,,SAI EXEMPT,,,,,,2020-08-24,2020,0.00,,,,0.00,0.00,0.00,2020-08-03,2020,,,073,Small Business Administration,7300,Small Business Administration,737010,OFC OF CAPITAL ACCESS,073,Small Business Administration,7300,Small Business Administration,737010,OFC OF CAPITAL ACCESS,,,,,,,HAMED SHUJA,HAMED SHUJA,,,,USA,UNITED STATES,1939 GRAPPA ST,,45484,MANTECA,06077,SAN JOAQUIN,06,CA,CALIFORNIA,95337,,CA-10,CA-09,,,,COUNTY-WIDE,USA,UNITED STATES,CA**077,,06077,SAN JOAQUIN,06,CALIFORNIA,,CA-10,CA-09,,59.073: PAYCHECK PROTECTION LOAN PROGRAM (PPP),,,08,GUARANTEED/INSURED LOAN (F),TO AID SMALL BUSINESSES IN MAINTAINING WORK FORCE DURING COVID-19 PANDEMIC.,NON,NOT RECOVERY ACT,P,INDIVIDUAL,2,NON-AGGREGATE RECORD,,,,,,,,,,,https://www.usaspending.gov/award/ASST_NON_2611018209_073/,2021-01-06 03:33:53.27803+00
ASST_NON_2614528204_073,2614528204,,SAI EXEMPT,,,,,,2020-08-24,2020,0.00,,,,0.00,0.00,0.00,2020-08-03,2020,,,073,Small Business Administration,7300,Small Business Administration,737010,OFC OF CAPITAL ACCESS,073,Small Business Administration,7300,Small Business Administration,737010,OFC OF CAPITAL ACCESS,,,,,,,KHANG H LY,KHANG H LY,,,,USA,UNITED STATES,2791 NILES STREET,,72016,SIMI VALLEY,06111,VENTURA,06,CA,CALIFORNIA,93065,,CA-25,CA-26,,,,COUNTY-WIDE,USA,UNITED STATES,CA**111,,06111,VENTURA,06,CALIFORNIA,,CA-25,CA-26,,59.073: PAYCHECK PROTECTION LOAN PROGRAM (PPP),,,08,GUARANTEED/INSURED LOAN (F),TO AID SMALL BUSINESSES IN MAINTAINING WORK FORCE DURING COVID-19 PANDEMIC.,NON,NOT RECOVERY ACT,P,INDIVIDUAL,2,NON-AGGREGATE RECORD,,,,,,,,,,,https://www.usaspending.gov/award/ASST_NON_2614528204_073/,2021-01-06 03:33:53.27803+00
ASST_NON_2630828200_073,2630828200,,SAI EXEMPT,,,,,,2020-08-24,2020,0.00,,,,0.00,0.00,0.00,2020-08-03,2020,,,073,Small Business Administration,7300,Small Business Administration,737010,OFC OF CAPITAL ACCESS,073,Small Business Administration,7300,Small Business Administration,737010,OFC OF CAPITAL ACCESS,,,,,,,EDDIE DARDOON,EDDIE DARDOON,,,,USA,UNITED STATES,20739 LYCOMING ST SPC 95,,83332,WALNUT,06037,LOS ANGELES,06,CA,CALIFORNIA,91789,,CA-39,CA-38,,,,COUNTY-WIDE,USA,UNITED STATES,CA**037,,06037,LOS ANGELES,06,CALIFORNIA,,CA-39,CA-90,,59.073: PAYCHECK PROTECTION LOAN PROGRAM (PPP),,,08,GUARANTEED/INSURED LOAN (F),TO AID SMALL BUSINESSES IN MAINTAINING WORK FORCE DURING COVID-19 PANDEMIC.,NON,NOT RECOVERY ACT,P,INDIVIDUAL,2,NON-AGGREGATE RECORD,,,,,,,,,,,https://www.usaspending.gov/award/ASST_NON_2630828200_073/,2021-01-06 03:33:53.27803+00
ASST_NON_2632518205_073,2632518205,,SAI EXEMPT,,,,,,2020-08-24,2020,0.00,,,,0.00,0.00,0.00,2020-08-03,2020,,,073,Small Business Administration,7300,Small Business Administration,737010,OFC OF CAPITAL ACCESS,073,Small Business Administration,7300,Small Business Administration,737010,OFC OF CAPITAL ACCESS,,,,,,,HUAVI ACCOMODATION LLC,HUAVI ACCOMODATION LLC,,,,USA,UNITED STATES,379 EAST 4TH AVE,,13014,CHICO,06007,BUTTE,06,CA,CALIFORNIA,95926,,CA-01,CA-01,,,,COUNTY-WIDE,USA,UNITED STATES,CA**007,,06007,BUTTE,06,CALIFORNIA,,CA-01,CA-01,,59.073: PAYCHECK PROTECTION LOAN PROGRAM (PPP),,,08,GUARANTEED/INSURED LOAN (F),TO AID SMALL BUSINESSES IN MAINTAINING WORK FORCE DURING COVID-19 PANDEMIC.,NON,NOT RECOVERY ACT,P,INDIVIDUAL,2,NON-AGGREGATE RECORD,,,,,,,,,,,https://www.usaspending.gov/award/ASST_NON_2632518205_073/,2021-01-06 03:33:53.27803+00
ASST_NON_2632588204_073,2632588204,,SAI EXEMPT,,,,,,2020-08-24,2020,0.00,,,,0.00,0.00,0.00,2020-08-03,2020,,,073,Small Business Administration,7300,Small Business Administration,737010,OFC OF CAPITAL ACCESS,073,Small Business Administration,7300,Small Business Administration,737010,OFC OF CAPITAL ACCESS,,,,,,,GARCIA CHICKEN LLC,GARCIA CHICKEN LLC,,,,USA,UNITED STATES,14138 REIS ST,,85292,WHITTIER,06037,LOS ANGELES,06,CA,CALIFORNIA,90604,,CA-38,CA-38,,,,COUNTY-WIDE,USA,UNITED STATES,CA**037,,06037,LOS ANGELES,06,CALIFORNIA,,CA-38,CA-90,,59.073: PAYCHECK PROTECTION LOAN PROGRAM (PPP),,,08,GUARANTEED/INSURED LOAN (F),TO AID SMALL BUSINESSES IN MAINTAINING WORK FORCE DURING COVID-19 PANDEMIC.,NON,NOT RECOVERY ACT,P,INDIVIDUAL,2,NON-AGGREGATE RECORD,,,,,,,,,,,https://www.usaspending.gov/award/ASST_NON_2632588204_073/,2021-01-06 03:33:53.27803+00
ASST_NON_2651068207_073,2651068207,,SAI EXEMPT,,,,,,2020-08-24,2020,0.00,,,,0.00,0.00,0.00,2020-08-03,2020,,,073,Small Business Administration,7300,Small Business Administration,737010,OFC OF CAPITAL ACCESS,073,Small Business Administration,7300,Small Business Administration,737010,OFC OF CAPITAL ACCESS,,,,,,,ULTIMATE CARE LLC,ULTIMATE CARE LLC,,,,USA,UNITED STATES,1007 RALEIGH ST APT 102,,29728,GLENDALE,06037,LOS ANGELES,06,CA,CALIFORNIA,91205,,CA-28,CA-30,,,,COUNTY-WIDE,USA,UNITED STATES,CA**037,,06037,LOS ANGELES,06,CALIFORNIA,,CA-28,CA-90,,59.073: PAYCHECK PROTECTION LOAN PROGRAM (PPP),,,08,GUARANTEED/INSURED LOAN (F),TO AID SMALL BUSINESSES IN MAINTAINING WORK FORCE DURING COVID-19 PANDEMIC.,NON,NOT RECOVERY ACT,P,INDIVIDUAL,2,NON-AGGREGATE RECORD,,,,,,,,,,,https://www.usaspending.gov/award/ASST_NON_2651068207_073/,2021-01-06 03:33:53.27803+00
ASST_NON_2651768205_073,2651768205,,SAI EXEMPT,,,,,,2020-08-24,2020,0.00,,,,0.00,0.00,0.00,2020-08-03,2020,,,073,Small Business Administration,7300,Small Business Administration,737010,OFC OF CAPITAL ACCESS,073,Small Business Administration,7300,Small Business Administration,737010,OFC OF CAPITAL ACCESS,,,,,,,RAISE WITH ME,RAISE WITH ME,,,,USA,UNITED STATES,2401 BERKSHIRE RD,,03526,BAKERSFIELD,06029,KERN,06,CA,CALIFORNIA,93313,,CA-21,CA-90,,,,COUNTY-WIDE,USA,UNITED STATES,CA**029,,06029,KERN,06,CALIFORNIA,,CA-21,CA-90,,59.073: PAYCHECK PROTECTION LOAN PROGRAM (PPP),,,08,GUARANTEED/INSURED LOAN (F),TO AID SMALL BUSINESSES IN MAINTAINING WORK FORCE DURING COVID-19 PANDEMIC.,NON,NOT RECOVERY ACT,P,INDIVIDUAL,2,NON-AGGREGATE RECORD,,,,,,,,,,,https://www.usaspending.gov/award/ASST_NON_2651768205_073/,2021-01-06 03:33:53.27803+00
ASST_NON_2680668209_073,2680668209,,SAI EXEMPT,,,,,,2020-08-24,2020,0.00,,,,0.00,0.00,0.00,2020-08-03,2020,,,073,Small Business Administration,7300,Small Business Administration,737010,OFC OF CAPITAL ACCESS,073,Small Business Administration,7300,Small Business Administration,737010,OFC OF CAPITAL ACCESS,,,,,,,M2 BUSINESS GROUP,M2 BUSINESS GROUP,,,,USA,UNITED STATES,17011 BEACH BLVD.,STE. 900,36000,HUNTINGTON BEACH,06059,ORANGE,06,CA,CALIFORNIA,92647,,CA-48,CA-47,,,,COUNTY-WIDE,USA,UNITED STATES,CA**059,,06059,ORANGE,06,CALIFORNIA,,CA-48,CA-90,,59.073: PAYCHECK PROTECTION LOAN PROGRAM (PPP),,,08,GUARANTEED/INSURED LOAN (F),TO AID SMALL BUSINESSES IN MAINTAINING WORK FORCE DURING COVID-19 PANDEMIC.,NON,NOT RECOVERY ACT,R,SMALL BUSINESS,2,NON-AGGREGATE RECORD,,,,,,,,,,,https://www.usaspending.gov/award/ASST_NON_2680668209_073/,2021-01-06 03:33:53.27803+00
ASST_NON_2680798202_073,2680798202,,SAI EXEMPT,,,,,,2020-08-24,2020,0.00,,,,0.00,0.00,0.00,2020-08-03,2020,,,073,Small Business Administration,7300,Small Business Administration,737010,OFC OF CAPITAL ACCESS,073,Small Business Administration,7300,Small Business Administration,737010,OFC OF CAPITAL ACCESS,,,,,,,DOG GONE DOG PRODUCTS LLC,DOG GONE DOG PRODUCTS LLC,,,,USA,UNITED STATES,2153 KINGS VIEW CIRCLE,,73685,SPRING VALLEY,06073,SAN DIEGO,06,CA,CALIFORNIA,91977,,CA-53,CA-51,,,,COUNTY-WIDE,USA,UNITED STATES,CA**073,,06073,SAN DIEGO,06,CALIFORNIA,,CA-53,CA-90,,59.073: PAYCHECK PROTECTION LOAN PROGRAM (PPP),,,08,GUARANTEED/INSURED LOAN (F),TO AID SMALL BUSINESSES IN MAINTAINING WORK FORCE DURING COVID-19 PANDEMIC.,NON,NOT RECOVERY ACT,P,INDIVIDUAL,2,NON-AGGREGATE RECORD,,,,,,,,,,,https://www.usaspending.gov/award/ASST_NON_2680798202_073/,2021-01-06 03:33:53.27803+00
ASST_NON_2680848204_073,2680848204,,SAI EXEMPT,,,,,,2020-08-24,2020,0.00,,,,0.00,0.00,0.00,2020-08-03,2020,,,073,Small Business Administration,7300,Small Business Administration,737010,OFC OF CAPITAL ACCESS,073,Small Business Administration,7300,Small Business Administration,737010,OFC OF CAPITAL ACCESS,,,,,,,BEAUTYHOLIC BY LUCY N HAN,BEAUTYHOLIC BY LUCY N HAN,,,,USA,UNITED STATES,621 S.WESTERN AVE,205,44000,LOS ANGELES,06037,LOS ANGELES,06,CA,CALIFORNIA,90005,,CA-34,CA-34,,,,COUNTY-WIDE,USA,UNITED STATES,CA**037,,06037,LOS ANGELES,06,CALIFORNIA,,CA-34,CA-90,,59.073: PAYCHECK PROTECTION LOAN PROGRAM (PPP),,,08,GUARANTEED/INSURED LOAN (F),TO AID SMALL BUSINESSES IN MAINTAINING WORK FORCE DURING COVID-19 PANDEMIC.,NON,NOT RECOVERY ACT,P,INDIVIDUAL,2,NON-AGGREGATE RECORD,,,,,,,,,,,https://www.usaspending.gov/award/ASST_NON_2680848204_073/,2021-01-06 03:33:53.27803+00
ASST_NON_2681128202_073,2681128202,,SAI EXEMPT,,,,,,2020-08-24,2020,0.00,,,,0.00,0.00,0.00,2020-08-03,2020,,,073,Small Business Administration,7300,Small Business Administration,737010,OFC OF CAPITAL ACCESS,073,Small Business Administration,7300,Small Business Administration,737010,OFC OF CAPITAL ACCESS,,,,,,,APPLE NAILS SALON,APPLE NAILS SALON,,,,USA,UNITED STATES,11900 SOUTH ST.,119,12552,CERRITOS,06037,LOS ANGELES,06,CA,CALIFORNIA,90703,,CA-38,CA-45,,,,COUNTY-WIDE,USA,UNITED STATES,CA**037,,06037,LOS ANGELES,06,CALIFORNIA,,CA-38,CA-90,,59.073: PAYCHECK PROTECTION LOAN PROGRAM (PPP),,,08,GUARANTEED/INSURED LOAN (F),TO AID SMALL BUSINESSES IN MAINTAINING WORK FORCE DURING COVID-19 PANDEMIC.,NON,NOT RECOVERY ACT,P,INDIVIDUAL,2,NON-AGGREGATE RECORD,,,,,,,,,,,https://www.usaspending.gov/award/ASST_NON_2681128202_073/,2021-01-06 03:33:53.27803+00
ASST_NON_2681258206_073,2681258206,,SAI EXEMPT,,,,,,2020-08-24,2020,0.00,,,,0.00,0.00,0.00,2020-08-03,2020,,,073,Small Business Administration,7300,Small Business Administration,737010,OFC OF CAPITAL ACCESS,073,Small Business Administration,7300,Small Business Administration,737010,OFC OF CAPITAL ACCESS,,,,,,,SHANELL SMITH CONSULTANTS,SHANELL SMITH CONSULTANTS,,,,USA,UNITED STATES,3651 S LA BREA AVENUE,UNIT 288,44000,LOS ANGELES,06037,LOS ANGELES,06,CA,CALIFORNIA,90016,,CA-37,CA-37,,,,COUNTY-WIDE,USA,UNITED STATES,CA**037,,06037,LOS ANGELES,06,CALIFORNIA,,CA-37,CA-90,,59.073: PAYCHECK PROTECTION LOAN PROGRAM (PPP),,,08,GUARANTEED/INSURED LOAN (F),TO AID SMALL BUSINESSES IN MAINTAINING WORK FORCE DURING COVID-19 PANDEMIC.,NON,NOT RECOVERY ACT,P,INDIVIDUAL,2,NON-AGGREGATE RECORD,,,,,,,,,,,https://www.usaspending.gov/award/ASST_NON_2681258206_073/,2021-01-06 03:33:53.27803+00
ASST_NON_2682138207_073,2682138207,,SAI EXEMPT,,,,,,2020-08-24,2020,0.00,,,,0.00,0.00,0.00,2020-08-03,2020,,,073,Small Business Administration,7300,Small Business Administration,737010,OFC OF CAPITAL ACCESS,073,Small Business Administration,7300,Small Business Administration,737010,OFC OF CAPITAL ACCESS,,,,,,,SUSAN LAFOND,SUSAN LAFOND,,,,USA,UNITED STATES,815 ALBERTA AVE.,,69070,SANTA BARBARA,06083,SANTA BARBARA,06,CA,CALIFORNIA,93101,,CA-24,CA-24,,,,COUNTY-WIDE,USA,UNITED STATES,CA**083,,06083,SANTA BARBARA,06,CALIFORNIA,,CA-24,CA-24,,59.073: PAYCHECK PROTECTION LOAN PROGRAM (PPP),,,08,GUARANTEED/INSURED LOAN (F),TO AID SMALL BUSINESSES IN MAINTAINING WORK FORCE DURING COVID-19 PANDEMIC.,NON,NOT RECOVERY ACT,P,INDIVIDUAL,2,NON-AGGREGATE RECORD,,,,,,,,,,,https://www.usaspending.gov/award/ASST_NON_2682138207_073/,2021-01-06 03:33:53.27803+00
ASST_NON_2682238202_073,2682238202,,SAI EXEMPT,,,,,,2020-08-24,2020,0.00,,,,0.00,0.00,0.00,2020-08-03,2020,,,073,Small Business Administration,7300,Small Business Administration,737010,OFC OF CAPITAL ACCESS,073,Small Business Administration,7300,Small Business Administration,737010,OFC OF CAPITAL ACCESS,,,,,,,MAYRAM NALBANDYAN,MAYRAM NALBANDYAN,,,,USA,UNITED STATES,5533 MATILIJA AVE,,82128,VAN NUYS,06037,LOS ANGELES,06,CA,CALIFORNIA,91401,,CA-30,CA-29,,,,COUNTY-WIDE,USA,UNITED STATES,CA**037,,06037,LOS ANGELES,06,CALIFORNIA,,CA-30,CA-90,,59.073: PAYCHECK PROTECTION LOAN PROGRAM (PPP),,,08,GUARANTEED/INSURED LOAN (F),TO AID SMALL BUSINESSES IN MAINTAINING WORK FORCE DURING COVID-19 PANDEMIC.,NON,NOT RECOVERY ACT,P,INDIVIDUAL,2,NON-AGGREGATE RECORD,,,,,,,,,,,https://www.usaspending.gov/award/ASST_NON_2682238202_073/,2021-01-06 03:33:53.27803+00
ASST_NON_2682638204_073,2682638204,,SAI EXEMPT,,,,,,2020-08-24,2020,0.00,,,,0.00,0.00,0.00,2020-08-03,2020,,,073,Small Business Administration,7300,Small Business Administration,737010,OFC OF CAPITAL ACCESS,073,Small Business Administration,7300,Small Business Administration,737010,OFC OF CAPITAL ACCESS,,,,,,,BARBARA HOSKINS & ASSOCIATES LLC,BARBARA HOSKINS & ASSOCIATES LLC,,,,USA,UNITED STATES,595 E COLORADO BLVD,SUITE 508,56000,PASADENA,06037,LOS ANGELES,06,CA,CALIFORNIA,91101,,CA-27,CA-28,,,,COUNTY-WIDE,USA,UNITED STATES,CA**037,,06037,LOS ANGELES,06,CALIFORNIA,,CA-27,CA-90,,59.073: PAYCHECK PROTECTION LOAN PROGRAM (PPP),,,08,GUARANTEED/INSURED LOAN (F),TO AID SMALL BUSINESSES IN MAINTAINING WORK FORCE DURING COVID-19 PANDEMIC.,NON,NOT RECOVERY ACT,R,SMALL BUSINESS,2,NON-AGGREGATE RECORD,,,,,,,,,,,https://www.usaspending.gov/award/ASST_NON_2682638204_073/,2021-01-06 03:33:53.27803+00
ASST_NON_2683748204_073,2683748204,,SAI EXEMPT,,,,,,2020-08-24,2020,0.00,,,,0.00,0.00,0.00,2020-08-03,2020,,,073,Small Business Administration,7300,Small Business Administration,737010,OFC OF CAPITAL ACCESS,073,Small Business Administration,7300,Small Business Administration,737010,OFC OF CAPITAL ACCESS,,,,,,,"DEBORAH PHILLIPS, FITNESS CONSULTANT","DEBORAH PHILLIPS, FITNESS CONSULTANT",,,,USA,UNITED STATES,8696 ANROL AVENUE,,66000,SAN DIEGO,06073,SAN DIEGO,06,CA,CALIFORNIA,92123,,CA-53,CA-51,,,,COUNTY-WIDE,USA,UNITED STATES,CA**073,,06073,SAN DIEGO,06,CALIFORNIA,,CA-53,CA-90,,59.073: PAYCHECK PROTECTION LOAN PROGRAM (PPP),,,08,GUARANTEED/INSURED LOAN (F),TO AID SMALL BUSINESSES IN MAINTAINING WORK FORCE DURING COVID-19 PANDEMIC.,NON,NOT RECOVERY ACT,P,INDIVIDUAL,2,NON-AGGREGATE RECORD,,,,,,,,,,,https://www.usaspending.gov/award/ASST_NON_2683748204_073/,2021-01-06 03:33:53.27803+00
ASST_NON_2689208207_073,2689208207,,SAI EXEMPT,,,,,,2020-08-24,2020,0.00,,,,0.00,0.00,0.00,2020-08-03,2020,,,073,Small Business Administration,7300,Small Business Administration,737010,OFC OF CAPITAL ACCESS,073,Small Business Administration,7300,Small Business Administration,737010,OFC OF CAPITAL ACCESS,,,,,,,KEITH PHILLIPS,KEITH PHILLIPS,,,,USA,UNITED STATES,19913 AIRWAY BLVD,,09780,CALIFORNIA CITY,06029,KERN,06,CA,CALIFORNIA,93505,,CA-23,CA-23,,,,COUNTY-WIDE,USA,UNITED STATES,CA**029,,06029,KERN,06,CALIFORNIA,,CA-23,CA-90,,59.073: PAYCHECK PROTECTION LOAN PROGRAM (PPP),,,08,GUARANTEED/INSURED LOAN (F),TO AID SMALL BUSINESSES IN MAINTAINING WORK FORCE DURING COVID-19 PANDEMIC.,NON,NOT RECOVERY ACT,P,INDIVIDUAL,2,NON-AGGREGATE RECORD,,,,,,,,,,,https://www.usaspending.gov/award/ASST_NON_2689208207_073/,2021-01-06 03:33:53.27803+00
ASST_NON_2730568202_073,2730568202,,SAI EXEMPT,,,,,,2020-08-24,2020,0.00,,,,0.00,0.00,0.00,2020-08-03,2020,,,073,Small Business Administration,7300,Small Business Administration,737010,OFC OF CAPITAL ACCESS,073,Small Business Administration,7300,Small Business Administration,737010,OFC OF CAPITAL ACCESS,,,,,,,ISAIAH CLEOFOSTER RANDOLPH,ISAIAH CLEOFOSTER RANDOLPH,,,,USA,UNITED STATES,270 REEVES BOULEVARD,HNGR 3 MOD1,41152,LEMOORE,06031,KINGS,06,CA,CALIFORNIA,93246,,CA-20,CA-20,,,,COUNTY-WIDE,USA,UNITED STATES,CA**031,,06031,KINGS,06,CALIFORNIA,,CA-20,CA-90,,59.073: PAYCHECK PROTECTION LOAN PROGRAM (PPP),,,08,GUARANTEED/INSURED LOAN (F),TO AID SMALL BUSINESSES IN MAINTAINING WORK FORCE DURING COVID-19 PANDEMIC.,NON,NOT RECOVERY ACT,P,INDIVIDUAL,2,NON-AGGREGATE RECORD,,,,,,,,,,,https://www.usaspending.gov/award/ASST_NON_2730568202_073/,2021-01-06 03:33:53.27803+00
ASST_NON_2731468209_073,2731468209,,SAI EXEMPT,,,,,,2020-08-24,2020,0.00,,,,0.00,0.00,0.00,2020-08-03,2020,,,073,Small Business Administration,7300,Small Business Administration,737010,OFC OF CAPITAL ACCESS,073,Small Business Administration,7300,Small Business Administration,737010,OFC OF CAPITAL ACCESS,,,,,,,CARTER GROVE,CARTER GROVE,,,,USA,UNITED STATES,504 BOWLING GREEN DR,,13756,CLAREMONT,06037,LOS ANGELES,06,CA,CALIFORNIA,91711,,CA-27,CA-28,,,,COUNTY-WIDE,USA,UNITED STATES,CA**037,,06037,LOS ANGELES,06,CALIFORNIA,,CA-27,CA-90,,59.073: PAYCHECK PROTECTION LOAN PROGRAM (PPP),,,08,GUARANTEED/INSURED LOAN (F),TO AID SMALL BUSINESSES IN MAINTAINING WORK FORCE DURING COVID-19 PANDEMIC.,NON,NOT RECOVERY ACT,P,INDIVIDUAL,2,NON-AGGREGATE RECORD,,,,,,,,,,,https://www.usaspending.gov/award/ASST_NON_2731468209_073/,2021-01-06 03:33:53.27803+00
ASST_NON_2731508208_073,2731508208,,SAI EXEMPT,,,,,,2020-08-24,2020,0.00,,,,0.00,0.00,0.00,2020-08-03,2020,,,073,Small Business Administration,7300,Small Business Administration,737010,OFC OF CAPITAL ACCESS,073,Small Business Administration,7300,Small Business Administration,737010,OFC OF CAPITAL ACCESS,,,,,,,YS PAINTING,YS PAINTING,,,,USA,UNITED STATES,5519 CLAIREMONT MESA,182,66000,SAN DIEGO,06073,SAN DIEGO,06,CA,CALIFORNIA,92117,,CA-52,CA-51,,,,COUNTY-WIDE,USA,UNITED STATES,CA**073,,06073,SAN DIEGO,06,CALIFORNIA,,CA-52,CA-90,,59.073: PAYCHECK PROTECTION LOAN PROGRAM (PPP),,,08,GUARANTEED/INSURED LOAN (F),TO AID SMALL BUSINESSES IN MAINTAINING WORK FORCE DURING COVID-19 PANDEMIC.,NON,NOT RECOVERY ACT,P,INDIVIDUAL,2,NON-AGGREGATE RECORD,,,,,,,,,,,https://www.usaspending.gov/award/ASST_NON_2731508208_073/,2021-01-06 03:33:53.27803+00
ASST_NON_2732378208_073,2732378208,,SAI EXEMPT,,,,,,2020-08-24,2020,0.00,,,,0.00,0.00,0.00,2020-08-03,2020,,,073,Small Business Administration,7300,Small Business Administration,737010,OFC OF CAPITAL ACCESS,073,Small Business Administration,7300,Small Business Administration,737010,OFC OF CAPITAL ACCESS,,,,,,,APPEL NUTS LLC,APPEL NUTS LLC,,,,USA,UNITED STATES,677 KAY AVENUE,,80448,TRINIDAD,06023,HUMBOLDT,06,CA,CALIFORNIA,95570,,CA-02,CA-02,,,,COUNTY-WIDE,USA,UNITED STATES,CA**023,,06023,HUMBOLDT,06,CALIFORNIA,,CA-02,CA-02,,59.073: PAYCHECK PROTECTION LOAN PROGRAM (PPP),,,08,GUARANTEED/INSURED LOAN (F),TO AID SMALL BUSINESSES IN MAINTAINING WORK FORCE DURING COVID-19 PANDEMIC.,NON,NOT RECOVERY ACT,P,INDIVIDUAL,2,NON-AGGREGATE RECORD,,,,,,,,,,,https://www.usaspending.gov/award/ASST_NON_2732378208_073/,2021-01-06 03:33:53.27803+00
ASST_NON_2732468200_073,2732468200,,SAI EXEMPT,,,,,,2020-08-24,2020,0.00,,,,0.00,0.00,0.00,2020-08-03,2020,,,073,Small Business Administration,7300,Small Business Administration,737010,OFC OF CAPITAL ACCESS,073,Small Business Administration,7300,Small Business Administration,737010,OFC OF CAPITAL ACCESS,,,,,,,MI NUT LLC,MI NUT LLC,,,,USA,UNITED STATES,1532 W FLOWER AVE,,28000,FULLERTON,06059,ORANGE,06,CA,CALIFORNIA,92833,,CA-39,CA-90,,,,COUNTY-WIDE,USA,UNITED STATES,CA**059,,06059,ORANGE,06,CALIFORNIA,,CA-39,CA-90,,59.073: PAYCHECK PROTECTION LOAN PROGRAM (PPP),,,08,GUARANTEED/INSURED LOAN (F),TO AID SMALL BUSINESSES IN MAINTAINING WORK FORCE DURING COVID-19 PANDEMIC.,NON,NOT RECOVERY ACT,P,INDIVIDUAL,2,NON-AGGREGATE RECORD,,,,,,,,,,,https://www.usaspending.gov/award/ASST_NON_2732468200_073/,2021-01-06 03:33:53.27803+00
ASST_NON_2750328208_073,2750328208,,SAI EXEMPT,,,,,,2020-08-24,2020,0.00,,,,0.00,0.00,0.00,2020-08-03,2020,,,073,Small Business Administration,7300,Small Business Administration,737010,OFC OF CAPITAL ACCESS,073,Small Business Administration,7300,Small Business Administration,737010,OFC OF CAPITAL ACCESS,,,,,,,RED SMOKE,RED SMOKE,,,,USA,UNITED STATES,5608 N FIGUEROA ST,,44000,LOS ANGELES,06037,LOS ANGELES,06,CA,CALIFORNIA,90042,,CA-34,CA-34,,,,COUNTY-WIDE,USA,UNITED STATES,CA**037,,06037,LOS ANGELES,06,CALIFORNIA,,CA-34,CA-90,,59.073: PAYCHECK PROTECTION LOAN PROGRAM (PPP),,,08,GUARANTEED/INSURED LOAN (F),TO AID SMALL BUSINESSES IN MAINTAINING WORK FORCE DURING COVID-19 PANDEMIC.,NON,NOT RECOVERY ACT,P,INDIVIDUAL,2,NON-AGGREGATE RECORD,,,,,,,,,,,https://www.usaspending.gov/award/ASST_NON_2750328208_073/,2021-01-06 03:33:53.27803+00
ASST_NON_2752508207_073,2752508207,,SAI EXEMPT,,,,,,2020-08-24,2020,0.00,,,,0.00,0.00,0.00,2020-08-03,2020,,,073,Small Business Administration,7300,Small Business Administration,737010,OFC OF CAPITAL ACCESS,073,Small Business Administration,7300,Small Business Administration,737010,OFC OF CAPITAL ACCESS,,,,,,,KRISTIAN SALES,KRISTIAN SALES,,,,USA,UNITED STATES,7013 COLONY PARK DRIVE,,03526,BAKERSFIELD,06029,KERN,06,CA,CALIFORNIA,93313,,CA-21,CA-90,,,,COUNTY-WIDE,USA,UNITED STATES,CA**029,,06029,KERN,06,CALIFORNIA,,CA-21,CA-90,,59.073: PAYCHECK PROTECTION LOAN PROGRAM (PPP),,,08,GUARANTEED/INSURED LOAN (F),TO AID SMALL BUSINESSES IN MAINTAINING WORK FORCE DURING COVID-19 PANDEMIC.,NON,NOT RECOVERY ACT,P,INDIVIDUAL,2,NON-AGGREGATE RECORD,,,,,,,,,,,https://www.usaspending.gov/award/ASST_NON_2752508207_073/,2021-01-06 03:33:53.27803+00
ASST_NON_2768818200_073,2768818200,,SAI EXEMPT,,,,,,2020-08-24,2020,0.00,,,,0.00,0.00,0.00,2020-08-03,2020,,,073,Small Business Administration,7300,Small Business Administration,737010,OFC OF CAPITAL ACCESS,073,Small Business Administration,7300,Small Business Administration,737010,OFC OF CAPITAL ACCESS,,,,,,,JOSE CORTES,JOSE CORTES,,,,USA,UNITED STATES,680 W UPLAND AVE,,68322,SAN PEDRO,06037,LOS ANGELES,06,CA,CALIFORNIA,90731,,CA-44,CA-44,,,,COUNTY-WIDE,USA,UNITED STATES,CA**037,,06037,LOS ANGELES,06,CALIFORNIA,,CA-44,CA-90,,59.073: PAYCHECK PROTECTION LOAN PROGRAM (PPP),,,08,GUARANTEED/INSURED LOAN (F),TO AID SMALL BUSINESSES IN MAINTAINING WORK FORCE DURING COVID-19 PANDEMIC.,NON,NOT RECOVERY ACT,P,INDIVIDUAL,2,NON-AGGREGATE RECORD,,,,,,,,,,,https://www.usaspending.gov/award/ASST_NON_2768818200_073/,2021-01-06 03:33:53.27803+00
ASST_NON_2779947007_073,2779947007,,SAI EXEMPT,,,,,,2020-08-24,2020,0.00,,,,0.00,1092689.15,0.00,2018-07-19,2018,,,073,Small Business Administration,7300,Small Business Administration,737010,OFC OF CAPITAL ACCESS,073,Small Business Administration,7300,Small Business Administration,737010,OFC OF CAPITAL ACCESS,,,,,,,"DEL VALLE PET HOSPITAL, INC.","DEL VALLE PET HOSPITAL, INC.",,,,USA,UNITED STATES,1172 MURRIETA BLVD,,41992,LIVERMORE,06085,SANTA CLARA,06,CA,CALIFORNIA,94550,,CA-15,CA-14,,,,COUNTY-WIDE,USA,UNITED STATES,CA**001,,06001,ALAMEDA,06,CALIFORNIA,,CA-15,CA-90,,59.012: 7(A) LOAN GUARANTEES,,,08,GUARANTEED/INSURED LOAN (F),TO AID SMALL BUSINESSES WHICH ARE UNABLE TO OBTAIN FINANCING IN THE PRIVATE CREDIT MARKETPLACE,NON,NOT RECOVERY ACT,R,SMALL BUSINESS,2,NON-AGGREGATE RECORD,,,,,,,,,,,https://www.usaspending.gov/award/ASST_NON_2779947007_073/,2020-09-04 13:44:33.675634+00
ASST_NON_2799938204_073,2799938204,,SAI EXEMPT,,,,,,2020-08-24,2020,0.00,,,,0.00,0.00,0.00,2020-08-03,2020,,,073,Small Business Administration,7300,Small Business Administration,737010,OFC OF CAPITAL ACCESS,073,Small Business Administration,7300,Small Business Administration,737010,OFC OF CAPITAL ACCESS,,,,,,,ARTIST PATTON III,ARTIST PATTON III,,,,USA,UNITED STATES,908 STONEBRYN DR,,32086,HARBOR CITY,06037,LOS ANGELES,06,CA,CALIFORNIA,90710,,CA-43,CA-90,,,,COUNTY-WIDE,USA,UNITED STATES,CA**037,,06037,LOS ANGELES,06,CALIFORNIA,,CA-43,CA-90,,59.073: PAYCHECK PROTECTION LOAN PROGRAM (PPP),,,08,GUARANTEED/INSURED LOAN (F),TO AID SMALL BUSINESSES IN MAINTAINING WORK FORCE DURING COVID-19 PANDEMIC.,NON,NOT RECOVERY ACT,P,INDIVIDUAL,2,NON-AGGREGATE RECORD,,,,,,,,,,,https://www.usaspending.gov/award/ASST_NON_2799938204_073/,2021-01-06 03:33:53.27803+00
ASST_NON_2800398206_073,2800398206,,SAI EXEMPT,,,,,,2020-08-24,2020,0.00,,,,0.00,0.00,0.00,2020-08-03,2020,,,073,Small Business Administration,7300,Small Business Administration,737010,OFC OF CAPITAL ACCESS,073,Small Business Administration,7300,Small Business Administration,737010,OFC OF CAPITAL ACCESS,,,,,,,PAUL HILES,PAUL HILES,,,,USA,UNITED STATES,1320 WEST 53RD ST,,44000,LOS ANGELES,06037,LOS ANGELES,06,CA,CALIFORNIA,90037,,CA-37,CA-37,,,,COUNTY-WIDE,USA,UNITED STATES,CA**037,,06037,LOS ANGELES,06,CALIFORNIA,,CA-37,CA-90,,59.073: PAYCHECK PROTECTION LOAN PROGRAM (PPP),,,08,GUARANTEED/INSURED LOAN (F),TO AID SMALL BUSINESSES IN MAINTAINING WORK FORCE DURING COVID-19 PANDEMIC.,NON,NOT RECOVERY ACT,P,INDIVIDUAL,2,NON-AGGREGATE RECORD,,,,,,,,,,,https://www.usaspending.gov/award/ASST_NON_2800398206_073/,2021-01-06 03:33:53.27803+00
ASST_NON_2807838210_073,2807838210,,SAI EXEMPT,,,,,,2020-08-24,2020,0.00,,,,0.00,0.00,0.00,2020-08-03,2020,,,073,Small Business Administration,7300,Small Business Administration,737010,OFC OF CAPITAL ACCESS,073,Small Business Administration,7300,Small Business Administration,737010,OFC OF CAPITAL ACCESS,,,,,,,KADIR SAAVEDRA,KADIR SAAVEDRA,,,,USA,UNITED STATES,7961 LA CASTANA WAY,,08786,BUENA PARK,06059,ORANGE,06,CA,CALIFORNIA,90620,,CA-47,CA-45,,,,COUNTY-WIDE,USA,UNITED STATES,CA**059,,06059,ORANGE,06,CALIFORNIA,,CA-47,CA-90,,59.073: PAYCHECK PROTECTION LOAN PROGRAM (PPP),,,08,GUARANTEED/INSURED LOAN (F),TO AID SMALL BUSINESSES IN MAINTAINING WORK FORCE DURING COVID-19 PANDEMIC.,NON,NOT RECOVERY ACT,P,INDIVIDUAL,2,NON-AGGREGATE RECORD,,,,,,,,,,,https://www.usaspending.gov/award/ASST_NON_2807838210_073/,2021-01-06 03:33:53.27803+00
ASST_NON_2825118210_073,2825118210,,SAI EXEMPT,,,,,,2020-08-24,2020,0.00,,,,0.00,0.00,0.00,2020-08-03,2020,,,073,Small Business Administration,7300,Small Business Administration,737010,OFC OF CAPITAL ACCESS,073,Small Business Administration,7300,Small Business Administration,737010,OFC OF CAPITAL ACCESS,,,,,,,SHANNON MURATORE,SHANNON MURATORE,,,,USA,UNITED STATES,39 BARONESS LANE,,39248,LAGUNA NIGUEL,06059,ORANGE,06,CA,CALIFORNIA,92677,,CA-48,CA-49,,,,COUNTY-WIDE,USA,UNITED STATES,CA**059,,06059,ORANGE,06,CALIFORNIA,,CA-48,CA-90,,59.073: PAYCHECK PROTECTION LOAN PROGRAM (PPP),,,08,GUARANTEED/INSURED LOAN (F),TO AID SMALL BUSINESSES IN MAINTAINING WORK FORCE DURING COVID-19 PANDEMIC.,NON,NOT RECOVERY ACT,P,INDIVIDUAL,2,NON-AGGREGATE RECORD,,,,,,,,,,,https://www.usaspending.gov/award/ASST_NON_2825118210_073/,2021-01-06 03:33:53.27803+00
ASST_NON_2830548204_073,2830548204,,SAI EXEMPT,,,,,,2020-08-24,2020,0.00,,,,0.00,0.00,0.00,2020-08-03,2020,,,073,Small Business Administration,7300,Small Business Administration,737010,OFC OF CAPITAL ACCESS,073,Small Business Administration,7300,Small Business Administration,737010,OFC OF CAPITAL ACCESS,,,,,,,OZZIE OZBOURNE BASSIG GUARIN,OZZIE OZBOURNE BASSIG GUARIN,,,,USA,UNITED STATES,59 PHILLIPS WAY,,33000,HAYWARD,06001,ALAMEDA,06,CA,CALIFORNIA,94541,,CA-15,CA-14,,,,COUNTY-WIDE,USA,UNITED STATES,CA**001,,06001,ALAMEDA,06,CALIFORNIA,,CA-15,CA-90,,59.073: PAYCHECK PROTECTION LOAN PROGRAM (PPP),,,08,GUARANTEED/INSURED LOAN (F),TO AID SMALL BUSINESSES IN MAINTAINING WORK FORCE DURING COVID-19 PANDEMIC.,NON,NOT RECOVERY ACT,P,INDIVIDUAL,2,NON-AGGREGATE RECORD,,,,,,,,,,,https://www.usaspending.gov/award/ASST_NON_2830548204_073/,2021-01-06 03:33:53.27803+00
ASST_NON_2830618201_073,2830618201,,SAI EXEMPT,,,,,,2020-08-24,2020,0.00,,,,0.00,0.00,0.00,2020-08-03,2020,,,073,Small Business Administration,7300,Small Business Administration,737010,OFC OF CAPITAL ACCESS,073,Small Business Administration,7300,Small Business Administration,737010,OFC OF CAPITAL ACCESS,,,,,,,AIREANA LESLIE,AIREANA LESLIE,,,,USA,UNITED STATES,742 LA CANYADA DRIVE,,81666,VALLEJO,06095,SOLANO,06,CA,CALIFORNIA,94591,,CA-05,CA-08,,,,COUNTY-WIDE,USA,UNITED STATES,CA**095,,06095,SOLANO,06,CALIFORNIA,,CA-05,CA-90,,59.073: PAYCHECK PROTECTION LOAN PROGRAM (PPP),,,08,GUARANTEED/INSURED LOAN (F),TO AID SMALL BUSINESSES IN MAINTAINING WORK FORCE DURING COVID-19 PANDEMIC.,NON,NOT RECOVERY ACT,P,INDIVIDUAL,2,NON-AGGREGATE RECORD,,,,,,,,,,,https://www.usaspending.gov/award/ASST_NON_2830618201_073/,2021-01-06 03:33:53.27803+00
ASST_NON_2833758203_073,2833758203,,SAI EXEMPT,,,,,,2020-08-24,2020,0.00,,,,0.00,0.00,0.00,2020-08-03,2020,,,073,Small Business Administration,7300,Small Business Administration,737010,OFC OF CAPITAL ACCESS,073,Small Business Administration,7300,Small Business Administration,737010,OFC OF CAPITAL ACCESS,,,,,,,"ROSS THOMAS, ATTORNEY AT LAW","ROSS THOMAS, ATTORNEY AT LAW",,,,USA,UNITED STATES,4104 24TH STREET NO. 411,,67000,SAN FRANCISCO,06075,SAN FRANCISCO,06,CA,CALIFORNIA,94114,,CA-12,CA-11,,,,COUNTY-WIDE,USA,UNITED STATES,CA**075,,06075,SAN FRANCISCO,06,CALIFORNIA,,CA-12,CA-90,,59.073: PAYCHECK PROTECTION LOAN PROGRAM (PPP),,,08,GUARANTEED/INSURED LOAN (F),TO AID SMALL BUSINESSES IN MAINTAINING WORK FORCE DURING COVID-19 PANDEMIC.,NON,NOT RECOVERY ACT,P,INDIVIDUAL,2,NON-AGGREGATE RECORD,,,,,,,,,,,https://www.usaspending.gov/award/ASST_NON_2833758203_073/,2021-01-06 03:33:53.27803+00
ASST_NON_2861398210_073,2861398210,,SAI EXEMPT,,,,,,2020-08-24,2020,0.00,,,,0.00,0.00,0.00,2020-08-03,2020,,,073,Small Business Administration,7300,Small Business Administration,737010,OFC OF CAPITAL ACCESS,073,Small Business Administration,7300,Small Business Administration,737010,OFC OF CAPITAL ACCESS,,,,,,,"AMERITALIA, LLC","AMERITALIA, LLC",,,,USA,UNITED STATES,424 OESTE CT,,71554,SHINGLE SPRINGS,06017,EL DORADO,06,CA,CALIFORNIA,95682,,CA-04,CA-05,,,,COUNTY-WIDE,USA,UNITED STATES,CA**017,,06017,EL DORADO,06,CALIFORNIA,,CA-04,CA-90,,59.073: PAYCHECK PROTECTION LOAN PROGRAM (PPP),,,08,GUARANTEED/INSURED LOAN (F),TO AID SMALL BUSINESSES IN MAINTAINING WORK FORCE DURING COVID-19 PANDEMIC.,NON,NOT RECOVERY ACT,R,SMALL BUSINESS,2,NON-AGGREGATE RECORD,,,,,,,,,,,https://www.usaspending.gov/award/ASST_NON_2861398210_073/,2021-01-06 03:33:53.27803+00
ASST_NON_2863828201_073,2863828201,,SAI EXEMPT,,,,,,2020-08-24,2020,0.00,,,,0.00,0.00,0.00,2020-08-03,2020,,,073,Small Business Administration,7300,Small Business Administration,737010,OFC OF CAPITAL ACCESS,073,Small Business Administration,7300,Small Business Administration,737010,OFC OF CAPITAL ACCESS,,,,,,,RYAN C OWENS,RYAN C OWENS,,,,USA,UNITED STATES,146 FILBERT AVENUE,APT 5,70364,SAUSALITO,06041,MARIN,06,CA,CALIFORNIA,94965,,CA-02,CA-02,,,,COUNTY-WIDE,USA,UNITED STATES,CA**041,,06041,MARIN,06,CALIFORNIA,,CA-02,CA-02,,59.073: PAYCHECK PROTECTION LOAN PROGRAM (PPP),,,08,GUARANTEED/INSURED LOAN (F),TO AID SMALL BUSINESSES IN MAINTAINING WORK FORCE DURING COVID-19 PANDEMIC.,NON,NOT RECOVERY ACT,P,INDIVIDUAL,2,NON-AGGREGATE RECORD,,,,,,,,,,,https://www.usaspending.gov/award/ASST_NON_2863828201_073/,2021-01-06 03:33:53.27803+00
ASST_NON_2865798209_073,2865798209,,SAI EXEMPT,,,,,,2020-08-24,2020,0.00,,,,0.00,0.00,0.00,2020-08-03,2020,,,073,Small Business Administration,7300,Small Business Administration,737010,OFC OF CAPITAL ACCESS,073,Small Business Administration,7300,Small Business Administration,737010,OFC OF CAPITAL ACCESS,,,,,,,SOCIAL SKILL AND ETIQUETTE,SOCIAL SKILL AND ETIQUETTE,,,,USA,UNITED STATES,7898 SANFORD ST,,53000,OAKLAND,06001,ALAMEDA,06,CA,CALIFORNIA,94605,,CA-13,CA-12,,,,COUNTY-WIDE,USA,UNITED STATES,CA**001,,06001,ALAMEDA,06,CALIFORNIA,,CA-13,CA-90,,59.073: PAYCHECK PROTECTION LOAN PROGRAM (PPP),,,08,GUARANTEED/INSURED LOAN (F),TO AID SMALL BUSINESSES IN MAINTAINING WORK FORCE DURING COVID-19 PANDEMIC.,NON,NOT RECOVERY ACT,P,INDIVIDUAL,2,NON-AGGREGATE RECORD,,,,,,,,,,,https://www.usaspending.gov/award/ASST_NON_2865798209_073/,2021-01-06 03:33:53.27803+00
ASST_NON_2927918204_073,2927918204,,SAI EXEMPT,,,,,,2020-08-24,2020,0.00,,,,0.00,0.00,0.00,2020-08-03,2020,,,073,Small Business Administration,7300,Small Business Administration,737010,OFC OF CAPITAL ACCESS,073,Small Business Administration,7300,Small Business Administration,737010,OFC OF CAPITAL ACCESS,,,,,,,IDAN MIZRAHI,IDAN MIZRAHI,,,,USA,UNITED STATES,5813 GOODLAND AVE,,,VALLEY VILLAGE,06037,LOS ANGELES,06,CA,CALIFORNIA,91607,,CA-30,CA-29,,,,COUNTY-WIDE,USA,UNITED STATES,CA**037,,06037,LOS ANGELES,06,CALIFORNIA,,CA-30,CA-90,,59.073: PAYCHECK PROTECTION LOAN PROGRAM (PPP),,,08,GUARANTEED/INSURED LOAN (F),TO AID SMALL BUSINESSES IN MAINTAINING WORK FORCE DURING COVID-19 PANDEMIC.,NON,NOT RECOVERY ACT,P,INDIVIDUAL,2,NON-AGGREGATE RECORD,,,,,,,,,,,https://www.usaspending.gov/award/ASST_NON_2927918204_073/,2021-01-06 03:33:53.27803+00
ASST_NON_2929668205_073,2929668205,,SAI EXEMPT,,,,,,2020-08-24,2020,0.00,,,,0.00,0.00,0.00,2020-08-03,2020,,,073,Small Business Administration,7300,Small Business Administration,737010,OFC OF CAPITAL ACCESS,073,Small Business Administration,7300,Small Business Administration,737010,OFC OF CAPITAL ACCESS,,,,,,,MINH NGUYEN,MINH NGUYEN,,,,USA,UNITED STATES,22354 HAPPYLAND AVE,,33000,HAYWARD,06001,ALAMEDA,06,CA,CALIFORNIA,94541,,CA-15,CA-14,,,,COUNTY-WIDE,USA,UNITED STATES,CA**001,,06001,ALAMEDA,06,CALIFORNIA,,CA-15,CA-90,,59.073: PAYCHECK PROTECTION LOAN PROGRAM (PPP),,,08,GUARANTEED/INSURED LOAN (F),TO AID SMALL BUSINESSES IN MAINTAINING WORK FORCE DURING COVID-19 PANDEMIC.,NON,NOT RECOVERY ACT,P,INDIVIDUAL,2,NON-AGGREGATE RECORD,,,,,,,,,,,https://www.usaspending.gov/award/ASST_NON_2929668205_073/,2021-01-06 03:33:53.27803+00
ASST_NON_2930358203_073,2930358203,,SAI EXEMPT,,,,,,2020-08-24,2020,0.00,,,,0.00,0.00,0.00,2020-08-03,2020,,,073,Small Business Administration,7300,Small Business Administration,737010,OFC OF CAPITAL ACCESS,073,Small Business Administration,7300,Small Business Administration,737010,OFC OF CAPITAL ACCESS,,,,,,,PERRY SCOTT ROBINSON,PERRY SCOTT ROBINSON,,,,USA,UNITED STATES,18970 SOLEDAD CANYON ROAD,,,CANYON COUNTRY,06037,LOS ANGELES,06,CA,CALIFORNIA,91351,,CA-25,CA-27,,,,COUNTY-WIDE,USA,UNITED STATES,CA**037,,06037,LOS ANGELES,06,CALIFORNIA,,CA-25,CA-90,,59.073: PAYCHECK PROTECTION LOAN PROGRAM (PPP),,,08,GUARANTEED/INSURED LOAN (F),TO AID SMALL BUSINESSES IN MAINTAINING WORK FORCE DURING COVID-19 PANDEMIC.,NON,NOT RECOVERY ACT,P,INDIVIDUAL,2,NON-AGGREGATE RECORD,,,,,,,,,,,https://www.usaspending.gov/award/ASST_NON_2930358203_073/,2021-01-06 03:33:53.27803+00
ASST_NON_2939168005_073,2939168005,,SAI EXEMPT,O: Non-emergency P.L. 116-136|Non-emergency P.L. 116-139|Non-emergency P.L. 116-260|Non-emergency P.L. 117-2,,0.00,,,2020-08-24,2020,0.00,0.00,,,0.00,0.00,0.00,2020-06-24,2020,,,073,Small Business Administration,7300,Small Business Administration,737010,OFC OF CAPITAL ACCESS,073,Small Business Administration,7300,Small Business Administration,737010,OFC OF CAPITAL ACCESS,073-2020/2021-1154-000,073-1154,"41.0: Grants, subsidies, and contributions",0702: LOAN GUARANTEE SUBSIDY,,,"OUR LADY OF LOURDES HOME HEALTH, INC.","OUR LADY OF LOURDES HOME HEALTH, INC.",,,,USA,UNITED STATES,8560 VINEYARD AVENUE # 406,,59451,RANCHO CUCAMONGA,06071,SAN BERNARDINO,06,CA,CALIFORNIA,91730,,CA-31,CA-90,,,,COUNTY-WIDE,USA,UNITED STATES,CA**071,,06071,SAN BERNARDINO,06,CALIFORNIA,,CA-31,CA-90,,59.073: PAYCHECK PROTECTION LOAN PROGRAM (PPP),,,08,GUARANTEED/INSURED LOAN (F),TO AID SMALL BUSINESSES IN MAINTAINING WORK FORCE DURING COVID-19 PANDEMIC.,NON,NOT RECOVERY ACT,R,SMALL BUSINESS,2,NON-AGGREGATE RECORD,,,,,,,,,,,https://www.usaspending.gov/award/ASST_NON_2939168005_073/,2021-01-06 03:33:53.27803+00
ASST_NON_2943228209_073,2943228209,,SAI EXEMPT,,,,,,2020-08-24,2020,0.00,,,,0.00,0.00,0.00,2020-08-03,2020,,,073,Small Business Administration,7300,Small Business Administration,737010,OFC OF CAPITAL ACCESS,073,Small Business Administration,7300,Small Business Administration,737010,OFC OF CAPITAL ACCESS,,,,,,,MICHAEL PHILLIPS TENNIS SERVICES,MICHAEL PHILLIPS TENNIS SERVICES,,,,USA,UNITED STATES,826 S. HOBART BLVD.,108,44000,LOS ANGELES,06037,LOS ANGELES,06,CA,CALIFORNIA,90005,,CA-34,CA-34,,,,COUNTY-WIDE,USA,UNITED STATES,CA**037,,06037,LOS ANGELES,06,CALIFORNIA,,CA-34,CA-90,,59.073: PAYCHECK PROTECTION LOAN PROGRAM (PPP),,,08,GUARANTEED/INSURED LOAN (F),TO AID SMALL BUSINESSES IN MAINTAINING WORK FORCE DURING COVID-19 PANDEMIC.,NON,NOT RECOVERY ACT,P,INDIVIDUAL,2,NON-AGGREGATE RECORD,,,,,,,,,,,https://www.usaspending.gov/award/ASST_NON_2943228209_073/,2021-01-06 03:33:53.27803+00
ASST_NON_2968168200_073,2968168200,,SAI EXEMPT,,,,,,2020-08-24,2020,0.00,,,,0.00,0.00,0.00,2020-08-04,2020,,,073,Small Business Administration,7300,Small Business Administration,737010,OFC OF CAPITAL ACCESS,073,Small Business Administration,7300,Small Business Administration,737010,OFC OF CAPITAL ACCESS,,,,,,,"K JONES MANUFACTURED HOUSING, INC","K JONES MANUFACTURED HOUSING, INC",,,,USA,UNITED STATES,239 WOODLAND ROAD,,56056,PASO ROBLES,06079,SAN LUIS OBISPO,06,CA,CALIFORNIA,93446,,CA-24,CA-19,,,,COUNTY-WIDE,USA,UNITED STATES,CA**079,,06079,SAN LUIS OBISPO,06,CALIFORNIA,,CA-24,CA-90,,59.073: PAYCHECK PROTECTION LOAN PROGRAM (PPP),,,08,GUARANTEED/INSURED LOAN (F),TO AID SMALL BUSINESSES IN MAINTAINING WORK FORCE DURING COVID-19 PANDEMIC.,NON,NOT RECOVERY ACT,R,SMALL BUSINESS,2,NON-AGGREGATE RECORD,,,,,,,,,,,https://www.usaspending.gov/award/ASST_NON_2968168200_073/,2021-01-06 03:33:53.27803+00
ASST_NON_2968258203_073,2968258203,,SAI EXEMPT,,,,,,2020-08-24,2020,0.00,,,,0.00,0.00,0.00,2020-08-04,2020,,,073,Small Business Administration,7300,Small Business Administration,737010,OFC OF CAPITAL ACCESS,073,Small Business Administration,7300,Small Business Administration,737010,OFC OF CAPITAL ACCESS,,,,,,,PAUL LEGATO,PAUL LEGATO,,,,USA,UNITED STATES,2239 39TH AVE,,67000,SAN FRANCISCO,06075,SAN FRANCISCO,06,CA,CALIFORNIA,94116,,CA-12,CA-11,,,,COUNTY-WIDE,USA,UNITED STATES,CA**075,,06075,SAN FRANCISCO,06,CALIFORNIA,,CA-12,CA-90,,59.073: PAYCHECK PROTECTION LOAN PROGRAM (PPP),,,08,GUARANTEED/INSURED LOAN (F),TO AID SMALL BUSINESSES IN MAINTAINING WORK FORCE DURING COVID-19 PANDEMIC.,NON,NOT RECOVERY ACT,P,INDIVIDUAL,2,NON-AGGREGATE RECORD,,,,,,,,,,,https://www.usaspending.gov/award/ASST_NON_2968258203_073/,2021-01-06 03:33:53.27803+00
ASST_NON_2968288201_073,2968288201,,SAI EXEMPT,,,,,,2020-08-24,2020,0.00,,,,0.00,0.00,0.00,2020-08-04,2020,,,073,Small Business Administration,7300,Small Business Administration,737010,OFC OF CAPITAL ACCESS,073,Small Business Administration,7300,Small Business Administration,737010,OFC OF CAPITAL ACCESS,,,,,,,EILEEN LIBBY,EILEEN LIBBY,,,,USA,UNITED STATES,1740 ARLINGTON BLVD,,21796,EL CERRITO,06013,CONTRA COSTA,06,CA,CALIFORNIA,94530,,CA-11,CA-08,,,,COUNTY-WIDE,USA,UNITED STATES,CA**013,,06013,CONTRA COSTA,06,CALIFORNIA,,CA-11,CA-90,,59.073: PAYCHECK PROTECTION LOAN PROGRAM (PPP),,,08,GUARANTEED/INSURED LOAN (F),TO AID SMALL BUSINESSES IN MAINTAINING WORK FORCE DURING COVID-19 PANDEMIC.,NON,NOT RECOVERY ACT,P,INDIVIDUAL,2,NON-AGGREGATE RECORD,,,,,,,,,,,https://www.usaspending.gov/award/ASST_NON_2968288201_073/,2021-01-06 03:33:53.27803+00
ASST_NON_2968308205_073,2968308205,,SAI EXEMPT,,,,,,2020-08-24,2020,0.00,,,,0.00,0.00,0.00,2020-08-04,2020,,,073,Small Business Administration,7300,Small Business Administration,737010,OFC OF CAPITAL ACCESS,073,Small Business Administration,7300,Small Business Administration,737010,OFC OF CAPITAL ACCESS,,,,,,,MAURICIO SANTANA,MAURICIO SANTANA,,,,USA,UNITED STATES,2775 MUSCUPIABE ST,,65000,SAN BERNARDINO,06071,SAN BERNARDINO,06,CA,CALIFORNIA,92405,,CA-31,CA-33,,,,COUNTY-WIDE,USA,UNITED STATES,CA**071,,06071,SAN BERNARDINO,06,CALIFORNIA,,CA-31,CA-90,,59.073: PAYCHECK PROTECTION LOAN PROGRAM (PPP),,,08,GUARANTEED/INSURED LOAN (F),TO AID SMALL BUSINESSES IN MAINTAINING WORK FORCE DURING COVID-19 PANDEMIC.,NON,NOT RECOVERY ACT,P,INDIVIDUAL,2,NON-AGGREGATE RECORD,,,,,,,,,,,https://www.usaspending.gov/award/ASST_NON_2968308205_073/,2021-01-06 03:33:53.27803+00
ASST_NON_2968498205_073,2968498205,,SAI EXEMPT,,,,,,2020-08-24,2020,0.00,,,,0.00,0.00,0.00,2020-08-04,2020,,,073,Small Business Administration,7300,Small Business Administration,737010,OFC OF CAPITAL ACCESS,073,Small Business Administration,7300,Small Business Administration,737010,OFC OF CAPITAL ACCESS,,,,,,,SHANT KARNIKIAN,SHANT KARNIKIAN,,,,USA,UNITED STATES,1220 N PASS AVE,,08954,BURBANK,06037,LOS ANGELES,06,CA,CALIFORNIA,91505,,CA-30,CA-30,,,,COUNTY-WIDE,USA,UNITED STATES,CA**037,,06037,LOS ANGELES,06,CALIFORNIA,,CA-30,CA-90,,59.073: PAYCHECK PROTECTION LOAN PROGRAM (PPP),,,08,GUARANTEED/INSURED LOAN (F),TO AID SMALL BUSINESSES IN MAINTAINING WORK FORCE DURING COVID-19 PANDEMIC.,NON,NOT RECOVERY ACT,P,INDIVIDUAL,2,NON-AGGREGATE RECORD,,,,,,,,,,,https://www.usaspending.gov/award/ASST_NON_2968498205_073/,2021-01-06 03:33:53.27803+00
ASST_NON_2969538206_073,2969538206,,SAI EXEMPT,,,,,,2020-08-24,2020,0.00,,,,0.00,0.00,0.00,2020-08-04,2020,,,073,Small Business Administration,7300,Small Business Administration,737010,OFC OF CAPITAL ACCESS,073,Small Business Administration,7300,Small Business Administration,737010,OFC OF CAPITAL ACCESS,,,,,,,RICARTE MARQUEZ,RICARTE MARQUEZ,,,,USA,UNITED STATES,1808 NOLDEN ST.,,44000,LOS ANGELES,06037,LOS ANGELES,06,CA,CALIFORNIA,90042,,CA-34,CA-34,,,,COUNTY-WIDE,USA,UNITED STATES,CA**037,,06037,LOS ANGELES,06,CALIFORNIA,,CA-34,CA-90,,59.073: PAYCHECK PROTECTION LOAN PROGRAM (PPP),,,08,GUARANTEED/INSURED LOAN (F),TO AID SMALL BUSINESSES IN MAINTAINING WORK FORCE DURING COVID-19 PANDEMIC.,NON,NOT RECOVERY ACT,P,INDIVIDUAL,2,NON-AGGREGATE RECORD,,,,,,,,,,,https://www.usaspending.gov/award/ASST_NON_2969538206_073/,2021-01-06 03:33:53.27803+00
ASST_NON_2969588210_073,2969588210,,SAI EXEMPT,,,,,,2020-08-24,2020,0.00,,,,0.00,0.00,0.00,2020-08-04,2020,,,073,Small Business Administration,7300,Small Business Administration,737010,OFC OF CAPITAL ACCESS,073,Small Business Administration,7300,Small Business Administration,737010,OFC OF CAPITAL ACCESS,,,,,,,SPRING CAR DETAIL COMPANY,SPRING CAR DETAIL COMPANY,,,,USA,UNITED STATES,3036SPRINGDALE DR,384,43000,LONG BEACH,06037,LOS ANGELES,06,CA,CALIFORNIA,90810,,CA-44,CA-44,,,,COUNTY-WIDE,USA,UNITED STATES,CA**037,,06037,LOS ANGELES,06,CALIFORNIA,,CA-44,CA-90,,59.073: PAYCHECK PROTECTION LOAN PROGRAM (PPP),,,08,GUARANTEED/INSURED LOAN (F),TO AID SMALL BUSINESSES IN MAINTAINING WORK FORCE DURING COVID-19 PANDEMIC.,NON,NOT RECOVERY ACT,P,INDIVIDUAL,2,NON-AGGREGATE RECORD,,,,,,,,,,,https://www.usaspending.gov/award/ASST_NON_2969588210_073/,2021-01-06 03:33:53.27803+00
ASST_NON_2972218205_073,2972218205,,SAI EXEMPT,,,,,,2020-08-24,2020,0.00,,,,0.00,0.00,0.00,2020-08-04,2020,,,073,Small Business Administration,7300,Small Business Administration,737010,OFC OF CAPITAL ACCESS,073,Small Business Administration,7300,Small Business Administration,737010,OFC OF CAPITAL ACCESS,,,,,,,EXPRESS ENVIRONMENTAL CORPORATION,EXPRESS ENVIRONMENTAL CORPORATION,,,,USA,UNITED STATES,21601 PARTHENIA STREET,,10788,CANOGA PARK,06111,VENTURA,06,CA,CALIFORNIA,91304,,CA-30,CA-32,,,,COUNTY-WIDE,USA,UNITED STATES,CA**037,,06037,LOS ANGELES,06,CALIFORNIA,,CA-30,CA-90,,59.073: PAYCHECK PROTECTION LOAN PROGRAM (PPP),,,08,GUARANTEED/INSURED LOAN (F),TO AID SMALL BUSINESSES IN MAINTAINING WORK FORCE DURING COVID-19 PANDEMIC.,NON,NOT RECOVERY ACT,R,SMALL BUSINESS,2,NON-AGGREGATE RECORD,,,,,,,,,,,https://www.usaspending.gov/award/ASST_NON_2972218205_073/,2021-01-06 03:33:53.27803+00
ASST_NON_2973978201_073,2973978201,,SAI EXEMPT,,,,,,2020-08-24,2020,0.00,,,,0.00,0.00,0.00,2020-08-04,2020,,,073,Small Business Administration,7300,Small Business Administration,737010,OFC OF CAPITAL ACCESS,073,Small Business Administration,7300,Small Business Administration,737010,OFC OF CAPITAL ACCESS,,,,,,,"RIVER OAKS DESIGN, LLC","RIVER OAKS DESIGN, LLC",,,,USA,UNITED STATES,9454 WILSHIRE BLVD.,SUITE 208,06308,BEVERLY HILLS,06037,LOS ANGELES,06,CA,CALIFORNIA,90212,,CA-33,CA-36,,,,COUNTY-WIDE,USA,UNITED STATES,CA**037,,06037,LOS ANGELES,06,CALIFORNIA,,CA-33,CA-90,,59.073: PAYCHECK PROTECTION LOAN PROGRAM (PPP),,,08,GUARANTEED/INSURED LOAN (F),TO AID SMALL BUSINESSES IN MAINTAINING WORK FORCE DURING COVID-19 PANDEMIC.,NON,NOT RECOVERY ACT,R,SMALL BUSINESS,2,NON-AGGREGATE RECORD,,,,,,,,,,,https://www.usaspending.gov/award/ASST_NON_2973978201_073/,2021-01-06 03:33:53.27803+00
ASST_NON_2974238204_073,2974238204,,SAI EXEMPT,,,,,,2020-08-24,2020,0.00,,,,0.00,0.00,0.00,2020-08-04,2020,,,073,Small Business Administration,7300,Small Business Administration,737010,OFC OF CAPITAL ACCESS,073,Small Business Administration,7300,Small Business Administration,737010,OFC OF CAPITAL ACCESS,,,,,,,TU PHAM,TU PHAM,,,,USA,UNITED STATES,11932 ARTHUR DR,,02000,ANAHEIM,06059,ORANGE,06,CA,CALIFORNIA,92804,,CA-46,CA-46,,,,COUNTY-WIDE,USA,UNITED STATES,CA**059,,06059,ORANGE,06,CALIFORNIA,,CA-46,CA-90,,59.073: PAYCHECK PROTECTION LOAN PROGRAM (PPP),,,08,GUARANTEED/INSURED LOAN (F),TO AID SMALL BUSINESSES IN MAINTAINING WORK FORCE DURING COVID-19 PANDEMIC.,NON,NOT RECOVERY ACT,P,INDIVIDUAL,2,NON-AGGREGATE RECORD,,,,,,,,,,,https://www.usaspending.gov/award/ASST_NON_2974238204_073/,2021-01-06 03:33:53.27803+00
ASST_NON_2974348202_073,2974348202,,SAI EXEMPT,,,,,,2020-08-24,2020,0.00,,,,0.00,0.00,0.00,2020-08-04,2020,,,073,Small Business Administration,7300,Small Business Administration,737010,OFC OF CAPITAL ACCESS,073,Small Business Administration,7300,Small Business Administration,737010,OFC OF CAPITAL ACCESS,,,,,,,GOLDBERG PEPPERS LLC,GOLDBERG PEPPERS LLC,,,,USA,UNITED STATES,1038 MELBA RD,,22678,ENCINITAS,06073,SAN DIEGO,06,CA,CALIFORNIA,92024,,CA-49,CA-49,,,,COUNTY-WIDE,USA,UNITED STATES,CA**073,,06073,SAN DIEGO,06,CALIFORNIA,,CA-49,CA-90,,59.073: PAYCHECK PROTECTION LOAN PROGRAM (PPP),,,08,GUARANTEED/INSURED LOAN (F),TO AID SMALL BUSINESSES IN MAINTAINING WORK FORCE DURING COVID-19 PANDEMIC.,NON,NOT RECOVERY ACT,P,INDIVIDUAL,2,NON-AGGREGATE RECORD,,,,,,,,,,,https://www.usaspending.gov/award/ASST_NON_2974348202_073/,2021-01-06 03:33:53.27803+00
ASST_NON_2974528208_073,2974528208,,SAI EXEMPT,,,,,,2020-08-24,2020,0.00,,,,0.00,0.00,0.00,2020-08-04,2020,,,073,Small Business Administration,7300,Small Business Administration,737010,OFC OF CAPITAL ACCESS,073,Small Business Administration,7300,Small Business Administration,737010,OFC OF CAPITAL ACCESS,,,,,,,GIAU V NGUYEN,GIAU V NGUYEN,,,,USA,UNITED STATES,6951 SANTEE AVE,,84550,WESTMINSTER,06059,ORANGE,06,CA,CALIFORNIA,92683,,CA-47,CA-45,,,,COUNTY-WIDE,USA,UNITED STATES,CA**059,,06059,ORANGE,06,CALIFORNIA,,CA-47,CA-90,,59.073: PAYCHECK PROTECTION LOAN PROGRAM (PPP),,,08,GUARANTEED/INSURED LOAN (F),TO AID SMALL BUSINESSES IN MAINTAINING WORK FORCE DURING COVID-19 PANDEMIC.,NON,NOT RECOVERY ACT,P,INDIVIDUAL,2,NON-AGGREGATE RECORD,,,,,,,,,,,https://www.usaspending.gov/award/ASST_NON_2974528208_073/,2021-01-06 03:33:53.27803+00
ASST_NON_2997518208_073,2997518208,,SAI EXEMPT,,,,,,2020-08-24,2020,0.00,,,,0.00,0.00,0.00,2020-08-04,2020,,,073,Small Business Administration,7300,Small Business Administration,737010,OFC OF CAPITAL ACCESS,073,Small Business Administration,7300,Small Business Administration,737010,OFC OF CAPITAL ACCESS,,,,,,,KEMP WOOL LLC,KEMP WOOL LLC,,,,USA,UNITED STATES,1748 HOWARD AVE,,65070,SAN CARLOS,06081,SAN MATEO,06,CA,CALIFORNIA,94070,,CA-14,CA-15,,,,COUNTY-WIDE,USA,UNITED STATES,CA**081,,06081,SAN MATEO,06,CALIFORNIA,,CA-14,CA-90,,59.073: PAYCHECK PROTECTION LOAN PROGRAM (PPP),,,08,GUARANTEED/INSURED LOAN (F),TO AID SMALL BUSINESSES IN MAINTAINING WORK FORCE DURING COVID-19 PANDEMIC.,NON,NOT RECOVERY ACT,P,INDIVIDUAL,2,NON-AGGREGATE RECORD,,,,,,,,,,,https://www.usaspending.gov/award/ASST_NON_2997518208_073/,2021-01-06 03:33:53.27803+00
ASST_NON_2997828207_073,2997828207,,SAI EXEMPT,,,,,,2020-08-24,2020,0.00,,,,0.00,0.00,0.00,2020-08-04,2020,,,073,Small Business Administration,7300,Small Business Administration,737010,OFC OF CAPITAL ACCESS,073,Small Business Administration,7300,Small Business Administration,737010,OFC OF CAPITAL ACCESS,,,,,,,DAPHNE DEL ROSARIO,DAPHNE DEL ROSARIO,,,,USA,UNITED STATES,3884 SHERWOOD PL,,71470,SHERMAN OAKS,06037,LOS ANGELES,06,CA,CALIFORNIA,91423,,CA-30,CA-32,,,,COUNTY-WIDE,USA,UNITED STATES,CA**037,,06037,LOS ANGELES,06,CALIFORNIA,,CA-30,CA-90,,59.073: PAYCHECK PROTECTION LOAN PROGRAM (PPP),,,08,GUARANTEED/INSURED LOAN (F),TO AID SMALL BUSINESSES IN MAINTAINING WORK FORCE DURING COVID-19 PANDEMIC.,NON,NOT RECOVERY ACT,P,INDIVIDUAL,2,NON-AGGREGATE RECORD,,,,,,,,,,,https://www.usaspending.gov/award/ASST_NON_2997828207_073/,2021-01-06 03:33:53.27803+00
ASST_NON_2998488203_073,2998488203,,SAI EXEMPT,,,,,,2020-08-24,2020,0.00,,,,0.00,0.00,0.00,2020-08-04,2020,,,073,Small Business Administration,7300,Small Business Administration,737010,OFC OF CAPITAL ACCESS,073,Small Business Administration,7300,Small Business Administration,737010,OFC OF CAPITAL ACCESS,,,,,,,ROY LEWIS,ROY LEWIS,,,,USA,UNITED STATES,902 ADELINE STREET,,53000,OAKLAND,06001,ALAMEDA,06,CA,CALIFORNIA,94607,,CA-13,CA-12,,,,COUNTY-WIDE,USA,UNITED STATES,CA**001,,06001,ALAMEDA,06,CALIFORNIA,,CA-13,CA-90,,59.073: PAYCHECK PROTECTION LOAN PROGRAM (PPP),,,08,GUARANTEED/INSURED LOAN (F),TO AID SMALL BUSINESSES IN MAINTAINING WORK FORCE DURING COVID-19 PANDEMIC.,NON,NOT RECOVERY ACT,P,INDIVIDUAL,2,NON-AGGREGATE RECORD,,,,,,,,,,,https://www.usaspending.gov/award/ASST_NON_2998488203_073/,2021-01-06 03:33:53.27803+00
ASST_NON_2999008201_073,2999008201,,SAI EXEMPT,,,,,,2020-08-24,2020,0.00,,,,0.00,0.00,0.00,2020-08-04,2020,,,073,Small Business Administration,7300,Small Business Administration,737010,OFC OF CAPITAL ACCESS,073,Small Business Administration,7300,Small Business Administration,737010,OFC OF CAPITAL ACCESS,,,,,,,TREMAINE KINCE,TREMAINE KINCE,,,,USA,UNITED STATES,4901 LITTLE OAK LN,,64000,SACRAMENTO,06067,SACRAMENTO,06,CA,CALIFORNIA,95841,,CA-06,CA-06,,,,COUNTY-WIDE,USA,UNITED STATES,CA**067,,06067,SACRAMENTO,06,CALIFORNIA,,CA-06,CA-90,,59.073: PAYCHECK PROTECTION LOAN PROGRAM (PPP),,,08,GUARANTEED/INSURED LOAN (F),TO AID SMALL BUSINESSES IN MAINTAINING WORK FORCE DURING COVID-19 PANDEMIC.,NON,NOT RECOVERY ACT,P,INDIVIDUAL,2,NON-AGGREGATE RECORD,,,,,,,,,,,https://www.usaspending.gov/award/ASST_NON_2999008201_073/,2021-01-06 03:33:53.27803+00
ASST_NON_2999018204_073,2999018204,,SAI EXEMPT,,,,,,2020-08-24,2020,0.00,,,,0.00,0.00,0.00,2020-08-04,2020,,,073,Small Business Administration,7300,Small Business Administration,737010,OFC OF CAPITAL ACCESS,073,Small Business Administration,7300,Small Business Administration,737010,OFC OF CAPITAL ACCESS,,,,,,,"A PLACE TO TURN, INC","A PLACE TO TURN, INC",,,,USA,UNITED STATES,5743 CORSA AVENUE,SUITE 207,78582,THOUSAND OAKS,06037,LOS ANGELES,06,CA,CALIFORNIA,91362,,CA-26,CA-26,,,,COUNTY-WIDE,USA,UNITED STATES,CA**037,,06037,LOS ANGELES,06,CALIFORNIA,,CA-26,CA-90,,59.073: PAYCHECK PROTECTION LOAN PROGRAM (PPP),,,08,GUARANTEED/INSURED LOAN (F),TO AID SMALL BUSINESSES IN MAINTAINING WORK FORCE DURING COVID-19 PANDEMIC.,NON,NOT RECOVERY ACT,R,SMALL BUSINESS,2,NON-AGGREGATE RECORD,,,,,,,,,,,https://www.usaspending.gov/award/ASST_NON_2999018204_073/,2021-01-06 03:33:53.27803+00
ASST_NON_2999978210_073,2999978210,,SAI EXEMPT,,,,,,2020-08-24,2020,0.00,,,,0.00,0.00,0.00,2020-08-04,2020,,,073,Small Business Administration,7300,Small Business Administration,737010,OFC OF CAPITAL ACCESS,073,Small Business Administration,7300,Small Business Administration,737010,OFC OF CAPITAL ACCESS,,,,,,,CHAU ADAMS,CHAU ADAMS,,,,USA,UNITED STATES,8441 15TH STREET,APT 11,84550,WESTMINSTER,06059,ORANGE,06,CA,CALIFORNIA,92683,,CA-47,CA-45,,,,COUNTY-WIDE,USA,UNITED STATES,CA**059,,06059,ORANGE,06,CALIFORNIA,,CA-47,CA-90,,59.073: PAYCHECK PROTECTION LOAN PROGRAM (PPP),,,08,GUARANTEED/INSURED LOAN (F),TO AID SMALL BUSINESSES IN MAINTAINING WORK FORCE DURING COVID-19 PANDEMIC.,NON,NOT RECOVERY ACT,P,INDIVIDUAL,2,NON-AGGREGATE RECORD,,,,,,,,,,,https://www.usaspending.gov/award/ASST_NON_2999978210_073/,2021-01-06 03:33:53.27803+00
ASST_NON_3000138205_073,3000138205,,SAI EXEMPT,,,,,,2020-08-24,2020,0.00,,,,0.00,0.00,0.00,2020-08-04,2020,,,073,Small Business Administration,7300,Small Business Administration,737010,OFC OF CAPITAL ACCESS,073,Small Business Administration,7300,Small Business Administration,737010,OFC OF CAPITAL ACCESS,,,,,,,PEREZ SALES,PEREZ SALES,,,,USA,UNITED STATES,6004 TEMPLE CITY BLVD,6004 AND HALF,78148,TEMPLE CITY,06037,LOS ANGELES,06,CA,CALIFORNIA,91780,,CA-27,CA-28,,,,COUNTY-WIDE,USA,UNITED STATES,CA**037,,06037,LOS ANGELES,06,CALIFORNIA,,CA-27,CA-90,,59.073: PAYCHECK PROTECTION LOAN PROGRAM (PPP),,,08,GUARANTEED/INSURED LOAN (F),TO AID SMALL BUSINESSES IN MAINTAINING WORK FORCE DURING COVID-19 PANDEMIC.,NON,NOT RECOVERY ACT,P,INDIVIDUAL,2,NON-AGGREGATE RECORD,,,,,,,,,,,https://www.usaspending.gov/award/ASST_NON_3000138205_073/,2021-01-06 03:33:53.27803+00
ASST_NON_3018178204_073,3018178204,,SAI EXEMPT,,,,,,2020-08-24,2020,0.00,,,,0.00,0.00,0.00,2020-08-03,2020,,,073,Small Business Administration,7300,Small Business Administration,737010,OFC OF CAPITAL ACCESS,073,Small Business Administration,7300,Small Business Administration,737010,OFC OF CAPITAL ACCESS,,,,,,,SUSAN MORGAN CONSULTANT,SUSAN MORGAN CONSULTANT,,,,USA,UNITED STATES,6018 S GARTH AVE,,44000,LOS ANGELES,06037,LOS ANGELES,06,CA,CALIFORNIA,90056,,CA-37,CA-37,,,,COUNTY-WIDE,USA,UNITED STATES,CA**037,,06037,LOS ANGELES,06,CALIFORNIA,,CA-37,CA-90,,59.073: PAYCHECK PROTECTION LOAN PROGRAM (PPP),,,08,GUARANTEED/INSURED LOAN (F),TO AID SMALL BUSINESSES IN MAINTAINING WORK FORCE DURING COVID-19 PANDEMIC.,NON,NOT RECOVERY ACT,P,INDIVIDUAL,2,NON-AGGREGATE RECORD,,,,,,,,,,,https://www.usaspending.gov/award/ASST_NON_3018178204_073/,2021-01-06 03:33:53.27803+00
ASST_NON_3018358210_073,3018358210,,SAI EXEMPT,,,,,,2020-08-24,2020,0.00,,,,0.00,0.00,0.00,2020-08-04,2020,,,073,Small Business Administration,7300,Small Business Administration,737010,OFC OF CAPITAL ACCESS,073,Small Business Administration,7300,Small Business Administration,737010,OFC OF CAPITAL ACCESS,,,,,,,ORSON TV,ORSON TV,,,,USA,UNITED STATES,1621 NORTH AVE 55,,44000,LOS ANGELES,06037,LOS ANGELES,06,CA,CALIFORNIA,90042,,CA-34,CA-34,,,,COUNTY-WIDE,USA,UNITED STATES,CA**037,,06037,LOS ANGELES,06,CALIFORNIA,,CA-34,CA-90,,59.073: PAYCHECK PROTECTION LOAN PROGRAM (PPP),,,08,GUARANTEED/INSURED LOAN (F),TO AID SMALL BUSINESSES IN MAINTAINING WORK FORCE DURING COVID-19 PANDEMIC.,NON,NOT RECOVERY ACT,R,SMALL BUSINESS,2,NON-AGGREGATE RECORD,,,,,,,,,,,https://www.usaspending.gov/award/ASST_NON_3018358210_073/,2021-01-06 03:33:53.27803+00
ASST_NON_3018548208_073,3018548208,,SAI EXEMPT,,,,,,2020-08-24,2020,0.00,,,,0.00,0.00,0.00,2020-08-04,2020,,,073,Small Business Administration,7300,Small Business Administration,737010,OFC OF CAPITAL ACCESS,073,Small Business Administration,7300,Small Business Administration,737010,OFC OF CAPITAL ACCESS,,,,,,,XB HOOPS LLC,XB HOOPS LLC,,,,USA,UNITED STATES,912 W 65TH ST,,44000,LOS ANGELES,06037,LOS ANGELES,06,CA,CALIFORNIA,90044,,CA-37,CA-90,,,,COUNTY-WIDE,USA,UNITED STATES,CA**037,,06037,LOS ANGELES,06,CALIFORNIA,,CA-37,CA-90,,59.073: PAYCHECK PROTECTION LOAN PROGRAM (PPP),,,08,GUARANTEED/INSURED LOAN (F),TO AID SMALL BUSINESSES IN MAINTAINING WORK FORCE DURING COVID-19 PANDEMIC.,NON,NOT RECOVERY ACT,P,INDIVIDUAL,2,NON-AGGREGATE RECORD,,,,,,,,,,,https://www.usaspending.gov/award/ASST_NON_3018548208_073/,2021-01-06 03:33:53.27803+00
ASST_NON_3019078200_073,3019078200,,SAI EXEMPT,,,,,,2020-08-24,2020,0.00,,,,0.00,0.00,0.00,2020-08-04,2020,,,073,Small Business Administration,7300,Small Business Administration,737010,OFC OF CAPITAL ACCESS,073,Small Business Administration,7300,Small Business Administration,737010,OFC OF CAPITAL ACCESS,,,,,,,OSCAR RIVAS,OSCAR RIVAS,,,,USA,UNITED STATES,16607 S VERMONT AVE,,28168,GARDENA,06037,LOS ANGELES,06,CA,CALIFORNIA,90247,,CA-43,CA-43,,,,COUNTY-WIDE,USA,UNITED STATES,CA**037,,06037,LOS ANGELES,06,CALIFORNIA,,CA-43,CA-90,,59.073: PAYCHECK PROTECTION LOAN PROGRAM (PPP),,,08,GUARANTEED/INSURED LOAN (F),TO AID SMALL BUSINESSES IN MAINTAINING WORK FORCE DURING COVID-19 PANDEMIC.,NON,NOT RECOVERY ACT,P,INDIVIDUAL,2,NON-AGGREGATE RECORD,,,,,,,,,,,https://www.usaspending.gov/award/ASST_NON_3019078200_073/,2021-01-06 03:33:53.27803+00
ASST_NON_3019288204_073,3019288204,,SAI EXEMPT,,,,,,2020-08-24,2020,0.00,,,,0.00,0.00,0.00,2020-08-04,2020,,,073,Small Business Administration,7300,Small Business Administration,737010,OFC OF CAPITAL ACCESS,073,Small Business Administration,7300,Small Business Administration,737010,OFC OF CAPITAL ACCESS,,,,,,,SHELIA THORNTON,SHELIA THORNTON,,,,USA,UNITED STATES,1105 BURWOOD WAY,,02252,ANTIOCH,06013,CONTRA COSTA,06,CA,CALIFORNIA,94509,,CA-09,CA-08,,,,COUNTY-WIDE,USA,UNITED STATES,CA**013,,06013,CONTRA COSTA,06,CALIFORNIA,,CA-09,CA-90,,59.073: PAYCHECK PROTECTION LOAN PROGRAM (PPP),,,08,GUARANTEED/INSURED LOAN (F),TO AID SMALL BUSINESSES IN MAINTAINING WORK FORCE DURING COVID-19 PANDEMIC.,NON,NOT RECOVERY ACT,P,INDIVIDUAL,2,NON-AGGREGATE RECORD,,,,,,,,,,,https://www.usaspending.gov/award/ASST_NON_3019288204_073/,2021-01-06 03:33:53.27803+00
ASST_NON_3020168200_073,3020168200,,SAI EXEMPT,,,,,,2020-08-24,2020,0.00,,,,0.00,0.00,0.00,2020-08-04,2020,,,073,Small Business Administration,7300,Small Business Administration,737010,OFC OF CAPITAL ACCESS,073,Small Business Administration,7300,Small Business Administration,737010,OFC OF CAPITAL ACCESS,,,,,,,PARMIDA ZANDKARIMI,PARMIDA ZANDKARIMI,,,,USA,UNITED STATES,22434 MARLIN PL,,,WEST HILLS,06111,VENTURA,06,CA,CALIFORNIA,91307,,CA-30,CA-32,,,,COUNTY-WIDE,USA,UNITED STATES,CA**037,,06037,LOS ANGELES,06,CALIFORNIA,,CA-30,CA-90,,59.073: PAYCHECK PROTECTION LOAN PROGRAM (PPP),,,08,GUARANTEED/INSURED LOAN (F),TO AID SMALL BUSINESSES IN MAINTAINING WORK FORCE DURING COVID-19 PANDEMIC.,NON,NOT RECOVERY ACT,P,INDIVIDUAL,2,NON-AGGREGATE RECORD,,,,,,,,,,,https://www.usaspending.gov/award/ASST_NON_3020168200_073/,2021-01-06 03:33:53.27803+00
ASST_NON_3020498205_073,3020498205,,SAI EXEMPT,,,,,,2020-08-24,2020,0.00,,,,0.00,0.00,0.00,2020-08-04,2020,,,073,Small Business Administration,7300,Small Business Administration,737010,OFC OF CAPITAL ACCESS,073,Small Business Administration,7300,Small Business Administration,737010,OFC OF CAPITAL ACCESS,,,,,,,LOVELY SPICELAND INC,LOVELY SPICELAND INC,,,,USA,UNITED STATES,7568 WINNETKA AVE,,85964,WINNETKA,06037,LOS ANGELES,06,CA,CALIFORNIA,91306,,CA-30,CA-32,,,,COUNTY-WIDE,USA,UNITED STATES,CA**037,,06037,LOS ANGELES,06,CALIFORNIA,,CA-30,CA-90,,59.073: PAYCHECK PROTECTION LOAN PROGRAM (PPP),,,08,GUARANTEED/INSURED LOAN (F),TO AID SMALL BUSINESSES IN MAINTAINING WORK FORCE DURING COVID-19 PANDEMIC.,NON,NOT RECOVERY ACT,R,SMALL BUSINESS,2,NON-AGGREGATE RECORD,,,,,,,,,,,https://www.usaspending.gov/award/ASST_NON_3020498205_073/,2021-01-06 03:33:53.27803+00
ASST_NON_3020928203_073,3020928203,,SAI EXEMPT,,,,,,2020-08-24,2020,0.00,,,,0.00,0.00,0.00,2020-08-04,2020,,,073,Small Business Administration,7300,Small Business Administration,737010,OFC OF CAPITAL ACCESS,073,Small Business Administration,7300,Small Business Administration,737010,OFC OF CAPITAL ACCESS,,,,,,,ERIC ENCISO,ERIC ENCISO,,,,USA,UNITED STATES,14366 ARBORGLENN DR,,49270,MORENO VALLEY,06065,RIVERSIDE,06,CA,CALIFORNIA,92555,,CA-42,CA-39,,,,COUNTY-WIDE,USA,UNITED STATES,CA**065,,06065,RIVERSIDE,06,CALIFORNIA,,CA-42,CA-90,,59.073: PAYCHECK PROTECTION LOAN PROGRAM (PPP),,,08,GUARANTEED/INSURED LOAN (F),TO AID SMALL BUSINESSES IN MAINTAINING WORK FORCE DURING COVID-19 PANDEMIC.,NON,NOT RECOVERY ACT,P,INDIVIDUAL,2,NON-AGGREGATE RECORD,,,,,,,,,,,https://www.usaspending.gov/award/ASST_NON_3020928203_073/,2021-01-06 03:33:53.27803+00
ASST_NON_3021148207_073,3021148207,,SAI EXEMPT,,,,,,2020-08-24,2020,0.00,,,,0.00,0.00,0.00,2020-08-04,2020,,,073,Small Business Administration,7300,Small Business Administration,737010,OFC OF CAPITAL ACCESS,073,Small Business Administration,7300,Small Business Administration,737010,OFC OF CAPITAL ACCESS,,,,,,,JOSE PEREZ LNDSCAPINCG,JOSE PEREZ LNDSCAPINCG,,,,USA,UNITED STATES,179,WESTRIDGE DR,56784,PETALUMA,06041,MARIN,06,CA,CALIFORNIA,94952,,CA-02,CA-02,,,,COUNTY-WIDE,USA,UNITED STATES,CA**097,,06097,SONOMA,06,CALIFORNIA,,CA-02,CA-90,,59.073: PAYCHECK PROTECTION LOAN PROGRAM (PPP),,,08,GUARANTEED/INSURED LOAN (F),TO AID SMALL BUSINESSES IN MAINTAINING WORK FORCE DURING COVID-19 PANDEMIC.,NON,NOT RECOVERY ACT,P,INDIVIDUAL,2,NON-AGGREGATE RECORD,,,,,,,,,,,https://www.usaspending.gov/award/ASST_NON_3021148207_073/,2021-01-06 03:33:53.27803+00
ASST_NON_3021198200_073,3021198200,,SAI EXEMPT,,,,,,2020-08-24,2020,0.00,,,,0.00,0.00,0.00,2020-08-04,2020,,,073,Small Business Administration,7300,Small Business Administration,737010,OFC OF CAPITAL ACCESS,073,Small Business Administration,7300,Small Business Administration,737010,OFC OF CAPITAL ACCESS,,,,,,,SURIN CHO,SURIN CHO,,,,USA,UNITED STATES,15850 APPROACH AVE.,,13210,CHINO,06071,SAN BERNARDINO,06,CA,CALIFORNIA,91708,,CA-35,CA-35,,,,COUNTY-WIDE,USA,UNITED STATES,CA**071,,06071,SAN BERNARDINO,06,CALIFORNIA,,CA-35,CA-90,,59.073: PAYCHECK PROTECTION LOAN PROGRAM (PPP),,,08,GUARANTEED/INSURED LOAN (F),TO AID SMALL BUSINESSES IN MAINTAINING WORK FORCE DURING COVID-19 PANDEMIC.,NON,NOT RECOVERY ACT,P,INDIVIDUAL,2,NON-AGGREGATE RECORD,,,,,,,,,,,https://www.usaspending.gov/award/ASST_NON_3021198200_073/,2021-01-06 03:33:53.27803+00
ASST_NON_3033388206_073,3033388206,,SAI EXEMPT,,,,,,2020-08-24,2020,0.00,,,,0.00,0.00,0.00,2020-08-04,2020,,,073,Small Business Administration,7300,Small Business Administration,737010,OFC OF CAPITAL ACCESS,073,Small Business Administration,7300,Small Business Administration,737010,OFC OF CAPITAL ACCESS,,,,,,,JOSE REYES AGUILAR SERRANO,JOSE REYES AGUILAR SERRANO,,,,USA,UNITED STATES,418 N MARENGO AVE,,56000,PASADENA,06037,LOS ANGELES,06,CA,CALIFORNIA,91101,,CA-27,CA-28,,,,COUNTY-WIDE,USA,UNITED STATES,CA**037,,06037,LOS ANGELES,06,CALIFORNIA,,CA-27,CA-90,,59.073: PAYCHECK PROTECTION LOAN PROGRAM (PPP),,,08,GUARANTEED/INSURED LOAN (F),TO AID SMALL BUSINESSES IN MAINTAINING WORK FORCE DURING COVID-19 PANDEMIC.,NON,NOT RECOVERY ACT,P,INDIVIDUAL,2,NON-AGGREGATE RECORD,,,,,,,,,,,https://www.usaspending.gov/award/ASST_NON_3033388206_073/,2021-01-06 03:33:53.27803+00
ASST_NON_3033968203_073,3033968203,,SAI EXEMPT,,,,,,2020-08-24,2020,0.00,,,,0.00,0.00,0.00,2020-08-04,2020,,,073,Small Business Administration,7300,Small Business Administration,737010,OFC OF CAPITAL ACCESS,073,Small Business Administration,7300,Small Business Administration,737010,OFC OF CAPITAL ACCESS,,,,,,,MARIO MORENO,MARIO MORENO,,,,USA,UNITED STATES,6675 E. 26TH STREET,,44000,LOS ANGELES,06037,LOS ANGELES,06,CA,CALIFORNIA,90040,,CA-40,CA-42,,,,COUNTY-WIDE,USA,UNITED STATES,CA**037,,06037,LOS ANGELES,06,CALIFORNIA,,CA-40,CA-90,,59.073: PAYCHECK PROTECTION LOAN PROGRAM (PPP),,,08,GUARANTEED/INSURED LOAN (F),TO AID SMALL BUSINESSES IN MAINTAINING WORK FORCE DURING COVID-19 PANDEMIC.,NON,NOT RECOVERY ACT,P,INDIVIDUAL,2,NON-AGGREGATE RECORD,,,,,,,,,,,https://www.usaspending.gov/award/ASST_NON_3033968203_073/,2021-01-06 03:33:53.27803+00
ASST_NON_3036898201_073,3036898201,,SAI EXEMPT,,,,,,2020-08-24,2020,0.00,,,,0.00,0.00,0.00,2020-08-04,2020,,,073,Small Business Administration,7300,Small Business Administration,737010,OFC OF CAPITAL ACCESS,073,Small Business Administration,7300,Small Business Administration,737010,OFC OF CAPITAL ACCESS,,,,,,,MAYNARD W BROWN,MAYNARD W BROWN,,,,USA,UNITED STATES,5903 DAMASK AVE,,44000,LOS ANGELES,06037,LOS ANGELES,06,CA,CALIFORNIA,90056,,CA-37,CA-37,,,,COUNTY-WIDE,USA,UNITED STATES,CA**037,,06037,LOS ANGELES,06,CALIFORNIA,,CA-37,CA-90,,59.073: PAYCHECK PROTECTION LOAN PROGRAM (PPP),,,08,GUARANTEED/INSURED LOAN (F),TO AID SMALL BUSINESSES IN MAINTAINING WORK FORCE DURING COVID-19 PANDEMIC.,NON,NOT RECOVERY ACT,P,INDIVIDUAL,2,NON-AGGREGATE RECORD,,,,,,,,,,,https://www.usaspending.gov/award/ASST_NON_3036898201_073/,2021-01-06 03:33:53.27803+00
ASST_NON_3037368208_073,3037368208,,SAI EXEMPT,,,,,,2020-08-24,2020,0.00,,,,0.00,0.00,0.00,2020-08-04,2020,,,073,Small Business Administration,7300,Small Business Administration,737010,OFC OF CAPITAL ACCESS,073,Small Business Administration,7300,Small Business Administration,737010,OFC OF CAPITAL ACCESS,,,,,,,JF TRANSPORTATION INC,JF TRANSPORTATION INC,,,,USA,UNITED STATES,7717 SOUTH MAIN STREET,APT 4,44000,LOS ANGELES,06037,LOS ANGELES,06,CA,CALIFORNIA,90003,,CA-40,CA-90,,,,COUNTY-WIDE,USA,UNITED STATES,CA**037,,06037,LOS ANGELES,06,CALIFORNIA,,CA-40,CA-90,,59.073: PAYCHECK PROTECTION LOAN PROGRAM (PPP),,,08,GUARANTEED/INSURED LOAN (F),TO AID SMALL BUSINESSES IN MAINTAINING WORK FORCE DURING COVID-19 PANDEMIC.,NON,NOT RECOVERY ACT,P,INDIVIDUAL,2,NON-AGGREGATE RECORD,,,,,,,,,,,https://www.usaspending.gov/award/ASST_NON_3037368208_073/,2021-01-06 03:33:53.27803+00
ASST_NON_3037798208_073,3037798208,,SAI EXEMPT,,,,,,2020-08-24,2020,0.00,,,,0.00,0.00,0.00,2020-08-04,2020,,,073,Small Business Administration,7300,Small Business Administration,737010,OFC OF CAPITAL ACCESS,073,Small Business Administration,7300,Small Business Administration,737010,OFC OF CAPITAL ACCESS,,,,,,,GAMAL A SOLIMAN,GAMAL A SOLIMAN,,,,USA,UNITED STATES,28673 BROADSTONE WAY,,46842,MENIFEE,06065,RIVERSIDE,06,CA,CALIFORNIA,92584,,CA-42,CA-41,,,,COUNTY-WIDE,USA,UNITED STATES,CA**065,,06065,RIVERSIDE,06,CALIFORNIA,,CA-42,CA-90,,59.073: PAYCHECK PROTECTION LOAN PROGRAM (PPP),,,08,GUARANTEED/INSURED LOAN (F),TO AID SMALL BUSINESSES IN MAINTAINING WORK FORCE DURING COVID-19 PANDEMIC.,NON,NOT RECOVERY ACT,P,INDIVIDUAL,2,NON-AGGREGATE RECORD,,,,,,,,,,,https://www.usaspending.gov/award/ASST_NON_3037798208_073/,2021-01-06 03:33:53.27803+00
ASST_NON_3037908204_073,3037908204,,SAI EXEMPT,,,,,,2020-08-24,2020,0.00,,,,0.00,0.00,0.00,2020-08-04,2020,,,073,Small Business Administration,7300,Small Business Administration,737010,OFC OF CAPITAL ACCESS,073,Small Business Administration,7300,Small Business Administration,737010,OFC OF CAPITAL ACCESS,,,,,,,MALCOLM GREENIDGE,MALCOLM GREENIDGE,,,,USA,UNITED STATES,5530 OWENSMOUTH AV,307,86356,WOODLAND HILLS,06037,LOS ANGELES,06,CA,CALIFORNIA,91367,,CA-30,CA-32,,,,COUNTY-WIDE,USA,UNITED STATES,CA**037,,06037,LOS ANGELES,06,CALIFORNIA,,CA-30,CA-90,,59.073: PAYCHECK PROTECTION LOAN PROGRAM (PPP),,,08,GUARANTEED/INSURED LOAN (F),TO AID SMALL BUSINESSES IN MAINTAINING WORK FORCE DURING COVID-19 PANDEMIC.,NON,NOT RECOVERY ACT,P,INDIVIDUAL,2,NON-AGGREGATE RECORD,,,,,,,,,,,https://www.usaspending.gov/award/ASST_NON_3037908204_073/,2021-01-06 03:33:53.27803+00
ASST_NON_3037978203_073,3037978203,,SAI EXEMPT,,,,,,2020-08-24,2020,0.00,,,,0.00,0.00,0.00,2020-08-04,2020,,,073,Small Business Administration,7300,Small Business Administration,737010,OFC OF CAPITAL ACCESS,073,Small Business Administration,7300,Small Business Administration,737010,OFC OF CAPITAL ACCESS,,,,,,,K&A BUILDERS INC,K&A BUILDERS INC,,,,USA,UNITED STATES,4312 PINELL STREET,,64000,SACRAMENTO,06067,SACRAMENTO,06,CA,CALIFORNIA,95838,,CA-06,CA-06,,,,COUNTY-WIDE,USA,UNITED STATES,CA**067,,06067,SACRAMENTO,06,CALIFORNIA,,CA-06,CA-90,,59.073: PAYCHECK PROTECTION LOAN PROGRAM (PPP),,,08,GUARANTEED/INSURED LOAN (F),TO AID SMALL BUSINESSES IN MAINTAINING WORK FORCE DURING COVID-19 PANDEMIC.,NON,NOT RECOVERY ACT,R,SMALL BUSINESS,2,NON-AGGREGATE RECORD,,,,,,,,,,,https://www.usaspending.gov/award/ASST_NON_3037978203_073/,2021-01-06 03:33:53.27803+00
ASST_NON_3044828202_073,3044828202,,SAI EXEMPT,,,,,,2020-08-24,2020,0.00,,,,0.00,0.00,0.00,2020-08-04,2020,,,073,Small Business Administration,7300,Small Business Administration,737010,OFC OF CAPITAL ACCESS,073,Small Business Administration,7300,Small Business Administration,737010,OFC OF CAPITAL ACCESS,,,,,,,ACDC ELECTRIC,ACDC ELECTRIC,,,,USA,UNITED STATES,8671 FUENTE AVE,,33434,HESPERIA,06071,SAN BERNARDINO,06,CA,CALIFORNIA,92344,,CA-08,CA-23,,,,COUNTY-WIDE,USA,UNITED STATES,CA**071,,06071,SAN BERNARDINO,06,CALIFORNIA,,CA-08,CA-90,,59.073: PAYCHECK PROTECTION LOAN PROGRAM (PPP),,,08,GUARANTEED/INSURED LOAN (F),TO AID SMALL BUSINESSES IN MAINTAINING WORK FORCE DURING COVID-19 PANDEMIC.,NON,NOT RECOVERY ACT,P,INDIVIDUAL,2,NON-AGGREGATE RECORD,,,,,,,,,,,https://www.usaspending.gov/award/ASST_NON_3044828202_073/,2021-01-06 03:33:53.27803+00
ASST_NON_3047658205_073,3047658205,,SAI EXEMPT,,,,,,2020-08-24,2020,0.00,,,,0.00,0.00,0.00,2020-08-04,2020,,,073,Small Business Administration,7300,Small Business Administration,737010,OFC OF CAPITAL ACCESS,073,Small Business Administration,7300,Small Business Administration,737010,OFC OF CAPITAL ACCESS,,,,,,,MARIT A MEDEFIND,MARIT A MEDEFIND,,,,USA,UNITED STATES,2381 LAKESIDE DRIVE,,46898,MERCED,06047,MERCED,06,CA,CALIFORNIA,95340,,CA-16,CA-13,,,,COUNTY-WIDE,USA,UNITED STATES,CA**047,,06047,MERCED,06,CALIFORNIA,,CA-16,CA-13,,59.073: PAYCHECK PROTECTION LOAN PROGRAM (PPP),,,08,GUARANTEED/INSURED LOAN (F),TO AID SMALL BUSINESSES IN MAINTAINING WORK FORCE DURING COVID-19 PANDEMIC.,NON,NOT RECOVERY ACT,P,INDIVIDUAL,2,NON-AGGREGATE RECORD,,,,,,,,,,,https://www.usaspending.gov/award/ASST_NON_3047658205_073/,2021-01-06 03:33:53.27803+00
ASST_NON_3048678202_073,3048678202,,SAI EXEMPT,,,,,,2020-08-24,2020,0.00,,,,0.00,0.00,0.00,2020-08-04,2020,,,073,Small Business Administration,7300,Small Business Administration,737010,OFC OF CAPITAL ACCESS,073,Small Business Administration,7300,Small Business Administration,737010,OFC OF CAPITAL ACCESS,,,,,,,ERICK CRUZ CASTANEDA,ERICK CRUZ CASTANEDA,,,,USA,UNITED STATES,8411 ELIZABETH AVE,,73080,SOUTH GATE,06037,LOS ANGELES,06,CA,CALIFORNIA,90280,,CA-44,CA-44,,,,COUNTY-WIDE,USA,UNITED STATES,CA**037,,06037,LOS ANGELES,06,CALIFORNIA,,CA-44,CA-90,,59.073: PAYCHECK PROTECTION LOAN PROGRAM (PPP),,,08,GUARANTEED/INSURED LOAN (F),TO AID SMALL BUSINESSES IN MAINTAINING WORK FORCE DURING COVID-19 PANDEMIC.,NON,NOT RECOVERY ACT,P,INDIVIDUAL,2,NON-AGGREGATE RECORD,,,,,,,,,,,https://www.usaspending.gov/award/ASST_NON_3048678202_073/,2021-01-06 03:33:53.27803+00
ASST_NON_3050108205_073,3050108205,,SAI EXEMPT,,,,,,2020-08-24,2020,0.00,,,,0.00,0.00,0.00,2020-08-04,2020,,,073,Small Business Administration,7300,Small Business Administration,737010,OFC OF CAPITAL ACCESS,073,Small Business Administration,7300,Small Business Administration,737010,OFC OF CAPITAL ACCESS,,,,,,,HAIR BY WYNDEE,HAIR BY WYNDEE,,,,USA,UNITED STATES,2124 S ORANGE DR,,44000,LOS ANGELES,06037,LOS ANGELES,06,CA,CALIFORNIA,90016,,CA-37,CA-37,,,,COUNTY-WIDE,USA,UNITED STATES,CA**037,,06037,LOS ANGELES,06,CALIFORNIA,,CA-37,CA-90,,59.073: PAYCHECK PROTECTION LOAN PROGRAM (PPP),,,08,GUARANTEED/INSURED LOAN (F),TO AID SMALL BUSINESSES IN MAINTAINING WORK FORCE DURING COVID-19 PANDEMIC.,NON,NOT RECOVERY ACT,P,INDIVIDUAL,2,NON-AGGREGATE RECORD,,,,,,,,,,,https://www.usaspending.gov/award/ASST_NON_3050108205_073/,2021-01-06 03:33:53.27803+00
ASST_NON_3057608205_073,3057608205,,SAI EXEMPT,,,,,,2020-08-24,2020,0.00,,,,0.00,0.00,0.00,2020-08-04,2020,,,073,Small Business Administration,7300,Small Business Administration,737010,OFC OF CAPITAL ACCESS,073,Small Business Administration,7300,Small Business Administration,737010,OFC OF CAPITAL ACCESS,,,,,,,RODRIGUEZ DAYCARE,RODRIGUEZ DAYCARE,,,,USA,UNITED STATES,835 E  E STREET,,53896,ONTARIO,06071,SAN BERNARDINO,06,CA,CALIFORNIA,91764,,CA-35,CA-35,,,,COUNTY-WIDE,USA,UNITED STATES,CA**071,,06071,SAN BERNARDINO,06,CALIFORNIA,,CA-35,CA-90,,59.073: PAYCHECK PROTECTION LOAN PROGRAM (PPP),,,08,GUARANTEED/INSURED LOAN (F),TO AID SMALL BUSINESSES IN MAINTAINING WORK FORCE DURING COVID-19 PANDEMIC.,NON,NOT RECOVERY ACT,P,INDIVIDUAL,2,NON-AGGREGATE RECORD,,,,,,,,,,,https://www.usaspending.gov/award/ASST_NON_3057608205_073/,2021-01-06 03:33:53.27803+00
ASST_NON_3057668201_073,3057668201,,SAI EXEMPT,,,,,,2020-08-24,2020,0.00,,,,0.00,0.00,0.00,2020-08-04,2020,,,073,Small Business Administration,7300,Small Business Administration,737010,OFC OF CAPITAL ACCESS,073,Small Business Administration,7300,Small Business Administration,737010,OFC OF CAPITAL ACCESS,,,,,,,GODDDESSSSMINK,GODDDESSSSMINK,,,,USA,UNITED STATES,4555 PINE ST 1I,,62000,RIVERSIDE,06065,RIVERSIDE,06,CA,CALIFORNIA,92501,,CA-41,CA-39,,,,COUNTY-WIDE,USA,UNITED STATES,CA**065,,06065,RIVERSIDE,06,CALIFORNIA,,CA-41,CA-90,,59.073: PAYCHECK PROTECTION LOAN PROGRAM (PPP),,,08,GUARANTEED/INSURED LOAN (F),TO AID SMALL BUSINESSES IN MAINTAINING WORK FORCE DURING COVID-19 PANDEMIC.,NON,NOT RECOVERY ACT,P,INDIVIDUAL,2,NON-AGGREGATE RECORD,,,,,,,,,,,https://www.usaspending.gov/award/ASST_NON_3057668201_073/,2021-01-06 03:33:53.27803+00
ASST_NON_3057708200_073,3057708200,,SAI EXEMPT,,,,,,2020-08-24,2020,0.00,,,,0.00,0.00,0.00,2020-08-04,2020,,,073,Small Business Administration,7300,Small Business Administration,737010,OFC OF CAPITAL ACCESS,073,Small Business Administration,7300,Small Business Administration,737010,OFC OF CAPITAL ACCESS,,,,,,,MELANIE HARTMANN,MELANIE HARTMANN,,,,USA,UNITED STATES,346 N RENGSTORFF AVENUE,,49651,MOUNTAIN VIEW,06085,SANTA CLARA,06,CA,CALIFORNIA,94043,,CA-18,CA-16,,,,COUNTY-WIDE,USA,UNITED STATES,CA**085,,06085,SANTA CLARA,06,CALIFORNIA,,CA-18,CA-90,,59.073: PAYCHECK PROTECTION LOAN PROGRAM (PPP),,,08,GUARANTEED/INSURED LOAN (F),TO AID SMALL BUSINESSES IN MAINTAINING WORK FORCE DURING COVID-19 PANDEMIC.,NON,NOT RECOVERY ACT,P,INDIVIDUAL,2,NON-AGGREGATE RECORD,,,,,,,,,,,https://www.usaspending.gov/award/ASST_NON_3057708200_073/,2021-01-06 03:33:53.27803+00
ASST_NON_3058318203_073,3058318203,,SAI EXEMPT,,,,,,2020-08-24,2020,0.00,,,,0.00,0.00,0.00,2020-08-04,2020,,,073,Small Business Administration,7300,Small Business Administration,737010,OFC OF CAPITAL ACCESS,073,Small Business Administration,7300,Small Business Administration,737010,OFC OF CAPITAL ACCESS,,,,,,,A JOURNEY OF TWO HEARTS,A JOURNEY OF TWO HEARTS,,,,USA,UNITED STATES,629 S THORNHILL ROAD,3,55254,PALM SPRINGS,06065,RIVERSIDE,06,CA,CALIFORNIA,92264,,CA-36,CA-41,,,,COUNTY-WIDE,USA,UNITED STATES,CA**065,,06065,RIVERSIDE,06,CALIFORNIA,,CA-36,CA-90,,59.073: PAYCHECK PROTECTION LOAN PROGRAM (PPP),,,08,GUARANTEED/INSURED LOAN (F),TO AID SMALL BUSINESSES IN MAINTAINING WORK FORCE DURING COVID-19 PANDEMIC.,NON,NOT RECOVERY ACT,P,INDIVIDUAL,2,NON-AGGREGATE RECORD,,,,,,,,,,,https://www.usaspending.gov/award/ASST_NON_3058318203_073/,2021-01-06 03:33:53.27803+00
ASST_NON_3058368207_073,3058368207,,SAI EXEMPT,,,,,,2020-08-24,2020,0.00,,,,0.00,0.00,0.00,2020-08-04,2020,,,073,Small Business Administration,7300,Small Business Administration,737010,OFC OF CAPITAL ACCESS,073,Small Business Administration,7300,Small Business Administration,737010,OFC OF CAPITAL ACCESS,,,,,,,"ZIPANGOODS USA, INC","ZIPANGOODS USA, INC",,,,USA,UNITED STATES,438 AMAPOLA AVE STE 235,,80000,TORRANCE,06037,LOS ANGELES,06,CA,CALIFORNIA,90501,,CA-43,CA-90,,,,COUNTY-WIDE,USA,UNITED STATES,CA**037,,06037,LOS ANGELES,06,CALIFORNIA,,CA-43,CA-90,,59.073: PAYCHECK PROTECTION LOAN PROGRAM (PPP),,,08,GUARANTEED/INSURED LOAN (F),TO AID SMALL BUSINESSES IN MAINTAINING WORK FORCE DURING COVID-19 PANDEMIC.,NON,NOT RECOVERY ACT,R,SMALL BUSINESS,2,NON-AGGREGATE RECORD,,,,,,,,,,,https://www.usaspending.gov/award/ASST_NON_3058368207_073/,2021-01-06 03:33:53.27803+00
ASST_NON_3061028200_073,3061028200,,SAI EXEMPT,,,,,,2020-08-24,2020,0.00,,,,0.00,0.00,0.00,2020-08-04,2020,,,073,Small Business Administration,7300,Small Business Administration,737010,OFC OF CAPITAL ACCESS,073,Small Business Administration,7300,Small Business Administration,737010,OFC OF CAPITAL ACCESS,,,,,,,ALVAREZ TRUCKING,ALVAREZ TRUCKING,,,,USA,UNITED STATES,6747 HARRINGTON CT,,13210,CHINO,06071,SAN BERNARDINO,06,CA,CALIFORNIA,91710,,CA-35,CA-35,,,,COUNTY-WIDE,USA,UNITED STATES,CA**071,,06071,SAN BERNARDINO,06,CALIFORNIA,,CA-35,CA-90,,59.073: PAYCHECK PROTECTION LOAN PROGRAM (PPP),,,08,GUARANTEED/INSURED LOAN (F),TO AID SMALL BUSINESSES IN MAINTAINING WORK FORCE DURING COVID-19 PANDEMIC.,NON,NOT RECOVERY ACT,P,INDIVIDUAL,2,NON-AGGREGATE RECORD,,,,,,,,,,,https://www.usaspending.gov/award/ASST_NON_3061028200_073/,2021-01-06 03:33:53.27803+00
ASST_NON_3064428208_073,3064428208,,SAI EXEMPT,,,,,,2020-08-24,2020,0.00,,,,0.00,0.00,0.00,2020-08-04,2020,,,073,Small Business Administration,7300,Small Business Administration,737010,OFC OF CAPITAL ACCESS,073,Small Business Administration,7300,Small Business Administration,737010,OFC OF CAPITAL ACCESS,,,,,,,SUNWEST PAINTING AND CONTRACTING,SUNWEST PAINTING AND CONTRACTING,,,,USA,UNITED STATES,1220 E CANDLEWOOD AVE,,53980,ORANGE,06059,ORANGE,06,CA,CALIFORNIA,92867,,CA-45,CA-40,,,,COUNTY-WIDE,USA,UNITED STATES,CA**059,,06059,ORANGE,06,CALIFORNIA,,CA-45,CA-90,,59.073: PAYCHECK PROTECTION LOAN PROGRAM (PPP),,,08,GUARANTEED/INSURED LOAN (F),TO AID SMALL BUSINESSES IN MAINTAINING WORK FORCE DURING COVID-19 PANDEMIC.,NON,NOT RECOVERY ACT,P,INDIVIDUAL,2,NON-AGGREGATE RECORD,,,,,,,,,,,https://www.usaspending.gov/award/ASST_NON_3064428208_073/,2021-01-06 03:33:53.27803+00
ASST_NON_3064448203_073,3064448203,,SAI EXEMPT,,,,,,2020-08-24,2020,0.00,,,,0.00,0.00,0.00,2020-08-04,2020,,,073,Small Business Administration,7300,Small Business Administration,737010,OFC OF CAPITAL ACCESS,073,Small Business Administration,7300,Small Business Administration,737010,OFC OF CAPITAL ACCESS,,,,,,,JUANITA DOCKERY,JUANITA DOCKERY,,,,USA,UNITED STATES,1843 W MLK BLVD,,44000,LOS ANGELES,06037,LOS ANGELES,06,CA,CALIFORNIA,90062,,CA-37,CA-37,,,,COUNTY-WIDE,USA,UNITED STATES,CA**037,,06037,LOS ANGELES,06,CALIFORNIA,,CA-37,CA-90,,59.073: PAYCHECK PROTECTION LOAN PROGRAM (PPP),,,08,GUARANTEED/INSURED LOAN (F),TO AID SMALL BUSINESSES IN MAINTAINING WORK FORCE DURING COVID-19 PANDEMIC.,NON,NOT RECOVERY ACT,P,INDIVIDUAL,2,NON-AGGREGATE RECORD,,,,,,,,,,,https://www.usaspending.gov/award/ASST_NON_3064448203_073/,2021-01-06 03:33:53.27803+00
ASST_NON_3064598202_073,3064598202,,SAI EXEMPT,,,,,,2020-08-24,2020,0.00,,,,0.00,0.00,0.00,2020-08-04,2020,,,073,Small Business Administration,7300,Small Business Administration,737010,OFC OF CAPITAL ACCESS,073,Small Business Administration,7300,Small Business Administration,737010,OFC OF CAPITAL ACCESS,,,,,,,ARLENA LEE,ARLENA LEE,,,,USA,UNITED STATES,192 MONTEVINA WAY,,33000,HAYWARD,06001,ALAMEDA,06,CA,CALIFORNIA,94545,,CA-15,CA-14,,,,COUNTY-WIDE,USA,UNITED STATES,CA**001,,06001,ALAMEDA,06,CALIFORNIA,,CA-15,CA-90,,59.073: PAYCHECK PROTECTION LOAN PROGRAM (PPP),,,08,GUARANTEED/INSURED LOAN (F),TO AID SMALL BUSINESSES IN MAINTAINING WORK FORCE DURING COVID-19 PANDEMIC.,NON,NOT RECOVERY ACT,P,INDIVIDUAL,2,NON-AGGREGATE RECORD,,,,,,,,,,,https://www.usaspending.gov/award/ASST_NON_3064598202_073/,2021-01-06 03:33:53.27803+00
ASST_NON_3064768205_073,3064768205,,SAI EXEMPT,,,,,,2020-08-24,2020,0.00,,,,0.00,0.00,0.00,2020-08-04,2020,,,073,Small Business Administration,7300,Small Business Administration,737010,OFC OF CAPITAL ACCESS,073,Small Business Administration,7300,Small Business Administration,737010,OFC OF CAPITAL ACCESS,,,,,,,ZANDRIA THORNTON,ZANDRIA THORNTON,,,,USA,UNITED STATES,1105 BURWOOD WAY,,02252,ANTIOCH,06013,CONTRA COSTA,06,CA,CALIFORNIA,94509,,CA-09,CA-08,,,,COUNTY-WIDE,USA,UNITED STATES,CA**013,,06013,CONTRA COSTA,06,CALIFORNIA,,CA-09,CA-90,,59.073: PAYCHECK PROTECTION LOAN PROGRAM (PPP),,,08,GUARANTEED/INSURED LOAN (F),TO AID SMALL BUSINESSES IN MAINTAINING WORK FORCE DURING COVID-19 PANDEMIC.,NON,NOT RECOVERY ACT,P,INDIVIDUAL,2,NON-AGGREGATE RECORD,,,,,,,,,,,https://www.usaspending.gov/award/ASST_NON_3064768205_073/,2021-01-06 03:33:53.27803+00
ASST_NON_3064988201_073,3064988201,,SAI EXEMPT,,,,,,2020-08-24,2020,0.00,,,,0.00,0.00,0.00,2020-08-04,2020,,,073,Small Business Administration,7300,Small Business Administration,737010,OFC OF CAPITAL ACCESS,073,Small Business Administration,7300,Small Business Administration,737010,OFC OF CAPITAL ACCESS,,,,,,,FERNANDO CORTEZ LUA,FERNANDO CORTEZ LUA,,,,USA,UNITED STATES,1145 REVERE AVE,A,67000,SAN FRANCISCO,06075,SAN FRANCISCO,06,CA,CALIFORNIA,94124,,CA-12,CA-11,,,,COUNTY-WIDE,USA,UNITED STATES,CA**075,,06075,SAN FRANCISCO,06,CALIFORNIA,,CA-12,CA-90,,59.073: PAYCHECK PROTECTION LOAN PROGRAM (PPP),,,08,GUARANTEED/INSURED LOAN (F),TO AID SMALL BUSINESSES IN MAINTAINING WORK FORCE DURING COVID-19 PANDEMIC.,NON,NOT RECOVERY ACT,P,INDIVIDUAL,2,NON-AGGREGATE RECORD,,,,,,,,,,,https://www.usaspending.gov/award/ASST_NON_3064988201_073/,2021-01-06 03:33:53.27803+00
ASST_NON_3065098207_073,3065098207,,SAI EXEMPT,,,,,,2020-08-24,2020,0.00,,,,0.00,0.00,0.00,2020-08-04,2020,,,073,Small Business Administration,7300,Small Business Administration,737010,OFC OF CAPITAL ACCESS,073,Small Business Administration,7300,Small Business Administration,737010,OFC OF CAPITAL ACCESS,,,,,,,ALAN SCHNIDERMAN,ALAN SCHNIDERMAN,,,,USA,UNITED STATES,418 15TH STREET,,70000,SANTA MONICA,06037,LOS ANGELES,06,CA,CALIFORNIA,90402,,CA-33,CA-90,,,,COUNTY-WIDE,USA,UNITED STATES,CA**037,,06037,LOS ANGELES,06,CALIFORNIA,,CA-33,CA-90,,59.073: PAYCHECK PROTECTION LOAN PROGRAM (PPP),,,08,GUARANTEED/INSURED LOAN (F),TO AID SMALL BUSINESSES IN MAINTAINING WORK FORCE DURING COVID-19 PANDEMIC.,NON,NOT RECOVERY ACT,P,INDIVIDUAL,2,NON-AGGREGATE RECORD,,,,,,,,,,,https://www.usaspending.gov/award/ASST_NON_3065098207_073/,2021-01-06 03:33:53.27803+00
ASST_NON_3075788206_073,3075788206,,SAI EXEMPT,,,,,,2020-08-24,2020,0.00,,,,0.00,0.00,0.00,2020-08-04,2020,,,073,Small Business Administration,7300,Small Business Administration,737010,OFC OF CAPITAL ACCESS,073,Small Business Administration,7300,Small Business Administration,737010,OFC OF CAPITAL ACCESS,,,,,,,ATICA NORTH AMERICA LLC,ATICA NORTH AMERICA LLC,,,,USA,UNITED STATES,12850 OXNARD STREET,5,51952,NORTH HOLLYWOOD,06037,LOS ANGELES,06,CA,CALIFORNIA,91606,,CA-29,CA-29,,,,COUNTY-WIDE,USA,UNITED STATES,CA**037,,06037,LOS ANGELES,06,CALIFORNIA,,CA-29,CA-90,,59.073: PAYCHECK PROTECTION LOAN PROGRAM (PPP),,,08,GUARANTEED/INSURED LOAN (F),TO AID SMALL BUSINESSES IN MAINTAINING WORK FORCE DURING COVID-19 PANDEMIC.,NON,NOT RECOVERY ACT,R,SMALL BUSINESS,2,NON-AGGREGATE RECORD,,,,,,,,,,,https://www.usaspending.gov/award/ASST_NON_3075788206_073/,2021-01-06 03:33:53.27803+00
ASST_NON_3087288206_073,3087288206,,SAI EXEMPT,,,,,,2020-08-24,2020,0.00,,,,0.00,0.00,0.00,2020-08-04,2020,,,073,Small Business Administration,7300,Small Business Administration,737010,OFC OF CAPITAL ACCESS,073,Small Business Administration,7300,Small Business Administration,737010,OFC OF CAPITAL ACCESS,,,,,,,PUNEET NANDRAJOG,PUNEET NANDRAJOG,,,,USA,UNITED STATES,536 BERRY AVE,APT 3,33000,HAYWARD,06001,ALAMEDA,06,CA,CALIFORNIA,94544,,CA-15,CA-14,,,,COUNTY-WIDE,USA,UNITED STATES,CA**001,,06001,ALAMEDA,06,CALIFORNIA,,CA-15,CA-90,,59.073: PAYCHECK PROTECTION LOAN PROGRAM (PPP),,,08,GUARANTEED/INSURED LOAN (F),TO AID SMALL BUSINESSES IN MAINTAINING WORK FORCE DURING COVID-19 PANDEMIC.,NON,NOT RECOVERY ACT,P,INDIVIDUAL,2,NON-AGGREGATE RECORD,,,,,,,,,,,https://www.usaspending.gov/award/ASST_NON_3087288206_073/,2021-01-06 03:33:53.27803+00
ASST_NON_3088178210_073,3088178210,,SAI EXEMPT,,,,,,2020-08-24,2020,0.00,,,,0.00,0.00,0.00,2020-08-04,2020,,,073,Small Business Administration,7300,Small Business Administration,737010,OFC OF CAPITAL ACCESS,073,Small Business Administration,7300,Small Business Administration,737010,OFC OF CAPITAL ACCESS,,,,,,,RICHDCOMPANY,RICHDCOMPANY,,,,USA,UNITED STATES,894 NAIFY LN,,70098,SANTA ROSA,06097,SONOMA,06,CA,CALIFORNIA,95407,,CA-05,CA-04,,,,COUNTY-WIDE,USA,UNITED STATES,CA**097,,06097,SONOMA,06,CALIFORNIA,,CA-05,CA-90,,59.073: PAYCHECK PROTECTION LOAN PROGRAM (PPP),,,08,GUARANTEED/INSURED LOAN (F),TO AID SMALL BUSINESSES IN MAINTAINING WORK FORCE DURING COVID-19 PANDEMIC.,NON,NOT RECOVERY ACT,R,SMALL BUSINESS,2,NON-AGGREGATE RECORD,,,,,,,,,,,https://www.usaspending.gov/award/ASST_NON_3088178210_073/,2021-01-06 03:33:53.27803+00
ASST_NON_3096388203_073,3096388203,,SAI EXEMPT,,,,,,2020-08-24,2020,0.00,,,,0.00,0.00,0.00,2020-08-04,2020,,,073,Small Business Administration,7300,Small Business Administration,737010,OFC OF CAPITAL ACCESS,073,Small Business Administration,7300,Small Business Administration,737010,OFC OF CAPITAL ACCESS,,,,,,,BUMBLE BEE HOME SERVICES,BUMBLE BEE HOME SERVICES,,,,USA,UNITED STATES,1701 QUEENS CROSSING DR,,68000,SAN JOSE,06085,SANTA CLARA,06,CA,CALIFORNIA,95132,,CA-17,CA-17,,,,COUNTY-WIDE,USA,UNITED STATES,CA**085,,06085,SANTA CLARA,06,CALIFORNIA,,CA-17,CA-90,,59.073: PAYCHECK PROTECTION LOAN PROGRAM (PPP),,,08,GUARANTEED/INSURED LOAN (F),TO AID SMALL BUSINESSES IN MAINTAINING WORK FORCE DURING COVID-19 PANDEMIC.,NON,NOT RECOVERY ACT,P,INDIVIDUAL,2,NON-AGGREGATE RECORD,,,,,,,,,,,https://www.usaspending.gov/award/ASST_NON_3096388203_073/,2021-01-06 03:33:53.27803+00
ASST_NON_3097818203_073,3097818203,,SAI EXEMPT,,,,,,2020-08-24,2020,0.00,,,,0.00,0.00,0.00,2020-08-04,2020,,,073,Small Business Administration,7300,Small Business Administration,737010,OFC OF CAPITAL ACCESS,073,Small Business Administration,7300,Small Business Administration,737010,OFC OF CAPITAL ACCESS,,,,,,,TAQUERIA EL NUEVO PERICO,TAQUERIA EL NUEVO PERICO,,,,USA,UNITED STATES,716 E. 1ST STREET,,69000,SANTA ANA,06059,ORANGE,06,CA,CALIFORNIA,92701,,CA-46,CA-46,,,,COUNTY-WIDE,USA,UNITED STATES,CA**059,,06059,ORANGE,06,CALIFORNIA,,CA-46,CA-90,,59.073: PAYCHECK PROTECTION LOAN PROGRAM (PPP),,,08,GUARANTEED/INSURED LOAN (F),TO AID SMALL BUSINESSES IN MAINTAINING WORK FORCE DURING COVID-19 PANDEMIC.,NON,NOT RECOVERY ACT,P,INDIVIDUAL,2,NON-AGGREGATE RECORD,,,,,,,,,,,https://www.usaspending.gov/award/ASST_NON_3097818203_073/,2021-01-06 03:33:53.27803+00
ASST_NON_3098518209_073,3098518209,,SAI EXEMPT,,,,,,2020-08-24,2020,0.00,,,,0.00,0.00,0.00,2020-08-04,2020,,,073,Small Business Administration,7300,Small Business Administration,737010,OFC OF CAPITAL ACCESS,073,Small Business Administration,7300,Small Business Administration,737010,OFC OF CAPITAL ACCESS,,,,,,,R ESPINOZA TRUCKING INC,R ESPINOZA TRUCKING INC,,,,USA,UNITED STATES,4820 CECELIA STREET,SUITE A,04996,BELL GARDENS,06037,LOS ANGELES,06,CA,CALIFORNIA,90201,,CA-40,CA-42,,,,COUNTY-WIDE,USA,UNITED STATES,CA**037,,06037,LOS ANGELES,06,CALIFORNIA,,CA-40,CA-90,,59.073: PAYCHECK PROTECTION LOAN PROGRAM (PPP),,,08,GUARANTEED/INSURED LOAN (F),TO AID SMALL BUSINESSES IN MAINTAINING WORK FORCE DURING COVID-19 PANDEMIC.,NON,NOT RECOVERY ACT,R,SMALL BUSINESS,2,NON-AGGREGATE RECORD,,,,,,,,,,,https://www.usaspending.gov/award/ASST_NON_3098518209_073/,2021-01-06 03:33:53.27803+00
ASST_NON_3103468202_073,3103468202,,SAI EXEMPT,,,,,,2020-08-24,2020,0.00,,,,0.00,0.00,0.00,2020-08-04,2020,,,073,Small Business Administration,7300,Small Business Administration,737010,OFC OF CAPITAL ACCESS,073,Small Business Administration,7300,Small Business Administration,737010,OFC OF CAPITAL ACCESS,,,,,,,"FULCRUM MEDIA, INC.","FULCRUM MEDIA, INC.",,,,USA,UNITED STATES,1327 14TH ST.,APT. 3,70000,SANTA MONICA,06037,LOS ANGELES,06,CA,CALIFORNIA,90404,,CA-33,CA-36,,,,COUNTY-WIDE,USA,UNITED STATES,CA**037,,06037,LOS ANGELES,06,CALIFORNIA,,CA-33,CA-90,,59.073: PAYCHECK PROTECTION LOAN PROGRAM (PPP),,,08,GUARANTEED/INSURED LOAN (F),TO AID SMALL BUSINESSES IN MAINTAINING WORK FORCE DURING COVID-19 PANDEMIC.,NON,NOT RECOVERY ACT,R,SMALL BUSINESS,2,NON-AGGREGATE RECORD,,,,,,,,,,,https://www.usaspending.gov/award/ASST_NON_3103468202_073/,2021-01-06 03:33:53.27803+00
ASST_NON_3103488208_073,3103488208,,SAI EXEMPT,,,,,,2020-08-24,2020,0.00,,,,0.00,0.00,0.00,2020-08-04,2020,,,073,Small Business Administration,7300,Small Business Administration,737010,OFC OF CAPITAL ACCESS,073,Small Business Administration,7300,Small Business Administration,737010,OFC OF CAPITAL ACCESS,,,,,,,NARMEEN BATO,NARMEEN BATO,,,,USA,UNITED STATES,380 N MOLLISON AVE,217,21712,EL CAJON,06073,SAN DIEGO,06,CA,CALIFORNIA,92021,,CA-50,CA-90,,,,COUNTY-WIDE,USA,UNITED STATES,CA**073,,06073,SAN DIEGO,06,CALIFORNIA,,CA-50,CA-90,,59.073: PAYCHECK PROTECTION LOAN PROGRAM (PPP),,,08,GUARANTEED/INSURED LOAN (F),TO AID SMALL BUSINESSES IN MAINTAINING WORK FORCE DURING COVID-19 PANDEMIC.,NON,NOT RECOVERY ACT,P,INDIVIDUAL,2,NON-AGGREGATE RECORD,,,,,,,,,,,https://www.usaspending.gov/award/ASST_NON_3103488208_073/,2021-01-06 03:33:53.27803+00
ASST_NON_3103678206_073,3103678206,,SAI EXEMPT,,,,,,2020-08-24,2020,0.00,,,,0.00,0.00,0.00,2020-08-04,2020,,,073,Small Business Administration,7300,Small Business Administration,737010,OFC OF CAPITAL ACCESS,073,Small Business Administration,7300,Small Business Administration,737010,OFC OF CAPITAL ACCESS,,,,,,,AMY VANN,AMY VANN,,,,USA,UNITED STATES,43 RISING HILL RD,,58072,POMONA,06071,SAN BERNARDINO,06,CA,CALIFORNIA,91766,,CA-35,CA-35,,,,COUNTY-WIDE,USA,UNITED STATES,CA**037,,06037,LOS ANGELES,06,CALIFORNIA,,CA-35,CA-90,,59.073: PAYCHECK PROTECTION LOAN PROGRAM (PPP),,,08,GUARANTEED/INSURED LOAN (F),TO AID SMALL BUSINESSES IN MAINTAINING WORK FORCE DURING COVID-19 PANDEMIC.,NON,NOT RECOVERY ACT,P,INDIVIDUAL,2,NON-AGGREGATE RECORD,,,,,,,,,,,https://www.usaspending.gov/award/ASST_NON_3103678206_073/,2021-01-06 03:33:53.27803+00
ASST_NON_3107408203_073,3107408203,,SAI EXEMPT,,,,,,2020-08-24,2020,0.00,,,,0.00,0.00,0.00,2020-08-04,2020,,,073,Small Business Administration,7300,Small Business Administration,737010,OFC OF CAPITAL ACCESS,073,Small Business Administration,7300,Small Business Administration,737010,OFC OF CAPITAL ACCESS,,,,,,,VICTOR KENWEN,VICTOR KENWEN,,,,USA,UNITED STATES,23615 SUNSET CROSSING ROAD,,19192,DIAMOND BAR,06037,LOS ANGELES,06,CA,CALIFORNIA,91765,,CA-39,CA-38,,,,COUNTY-WIDE,USA,UNITED STATES,CA**037,,06037,LOS ANGELES,06,CALIFORNIA,,CA-39,CA-90,,59.073: PAYCHECK PROTECTION LOAN PROGRAM (PPP),,,08,GUARANTEED/INSURED LOAN (F),TO AID SMALL BUSINESSES IN MAINTAINING WORK FORCE DURING COVID-19 PANDEMIC.,NON,NOT RECOVERY ACT,P,INDIVIDUAL,2,NON-AGGREGATE RECORD,,,,,,,,,,,https://www.usaspending.gov/award/ASST_NON_3107408203_073/,2021-01-06 03:33:53.27803+00
ASST_NON_3107468210_073,3107468210,,SAI EXEMPT,,,,,,2020-08-24,2020,0.00,,,,0.00,0.00,0.00,2020-08-04,2020,,,073,Small Business Administration,7300,Small Business Administration,737010,OFC OF CAPITAL ACCESS,073,Small Business Administration,7300,Small Business Administration,737010,OFC OF CAPITAL ACCESS,,,,,,,ILONA GLINARSKY,ILONA GLINARSKY,,,,USA,UNITED STATES,2311 MATHEWS AVE,B,60018,REDONDO BEACH,06037,LOS ANGELES,06,CA,CALIFORNIA,90278,,CA-33,CA-36,,,,COUNTY-WIDE,USA,UNITED STATES,CA**037,,06037,LOS ANGELES,06,CALIFORNIA,,CA-33,CA-90,,59.073: PAYCHECK PROTECTION LOAN PROGRAM (PPP),,,08,GUARANTEED/INSURED LOAN (F),TO AID SMALL BUSINESSES IN MAINTAINING WORK FORCE DURING COVID-19 PANDEMIC.,NON,NOT RECOVERY ACT,P,INDIVIDUAL,2,NON-AGGREGATE RECORD,,,,,,,,,,,https://www.usaspending.gov/award/ASST_NON_3107468210_073/,2021-01-06 03:33:53.27803+00
ASST_NON_3107518201_073,3107518201,,SAI EXEMPT,,,,,,2020-08-24,2020,0.00,,,,0.00,0.00,0.00,2020-08-04,2020,,,073,Small Business Administration,7300,Small Business Administration,737010,OFC OF CAPITAL ACCESS,073,Small Business Administration,7300,Small Business Administration,737010,OFC OF CAPITAL ACCESS,,,,,,,SAM A CHI-NAIL BY SAM,SAM A CHI-NAIL BY SAM,,,,USA,UNITED STATES,187 W POLK ST,,14274,COALINGA,06069,SAN BENITO,06,CA,CALIFORNIA,93210,,CA-21,CA-13,,,,COUNTY-WIDE,USA,UNITED STATES,CA**019,,06019,FRESNO,06,CALIFORNIA,,CA-21,CA-90,,59.073: PAYCHECK PROTECTION LOAN PROGRAM (PPP),,,08,GUARANTEED/INSURED LOAN (F),TO AID SMALL BUSINESSES IN MAINTAINING WORK FORCE DURING COVID-19 PANDEMIC.,NON,NOT RECOVERY ACT,P,INDIVIDUAL,2,NON-AGGREGATE RECORD,,,,,,,,,,,https://www.usaspending.gov/award/ASST_NON_3107518201_073/,2021-01-06 03:33:53.27803+00
ASST_NON_3109578201_073,3109578201,,SAI EXEMPT,,,,,,2020-08-24,2020,0.00,,,,0.00,0.00,0.00,2020-08-04,2020,,,073,Small Business Administration,7300,Small Business Administration,737010,OFC OF CAPITAL ACCESS,073,Small Business Administration,7300,Small Business Administration,737010,OFC OF CAPITAL ACCESS,,,,,,,DANIEL HELLER,DANIEL HELLER,,,,USA,UNITED STATES,2157 HACIENDA RD,,39290,LA HABRA,06059,ORANGE,06,CA,CALIFORNIA,90631,,CA-39,CA-38,,,,COUNTY-WIDE,USA,UNITED STATES,CA**037,,06037,LOS ANGELES,06,CALIFORNIA,,CA-39,CA-90,,59.073: PAYCHECK PROTECTION LOAN PROGRAM (PPP),,,08,GUARANTEED/INSURED LOAN (F),TO AID SMALL BUSINESSES IN MAINTAINING WORK FORCE DURING COVID-19 PANDEMIC.,NON,NOT RECOVERY ACT,P,INDIVIDUAL,2,NON-AGGREGATE RECORD,,,,,,,,,,,https://www.usaspending.gov/award/ASST_NON_3109578201_073/,2021-01-06 03:33:53.27803+00
ASST_NON_3111338209_073,3111338209,,SAI EXEMPT,,,,,,2020-08-24,2020,0.00,,,,0.00,0.00,0.00,2020-08-04,2020,,,073,Small Business Administration,7300,Small Business Administration,737010,OFC OF CAPITAL ACCESS,073,Small Business Administration,7300,Small Business Administration,737010,OFC OF CAPITAL ACCESS,,,,,,,DESMOND FREEMAN,DESMOND FREEMAN,,,,USA,UNITED STATES,5046 WALNUT AVE,,43000,LONG BEACH,06037,LOS ANGELES,06,CA,CALIFORNIA,90807,,CA-47,CA-44,,,,COUNTY-WIDE,USA,UNITED STATES,CA**037,,06037,LOS ANGELES,06,CALIFORNIA,,CA-47,CA-90,,59.073: PAYCHECK PROTECTION LOAN PROGRAM (PPP),,,08,GUARANTEED/INSURED LOAN (F),TO AID SMALL BUSINESSES IN MAINTAINING WORK FORCE DURING COVID-19 PANDEMIC.,NON,NOT RECOVERY ACT,P,INDIVIDUAL,2,NON-AGGREGATE RECORD,,,,,,,,,,,https://www.usaspending.gov/award/ASST_NON_3111338209_073/,2021-01-06 03:33:53.27803+00
ASST_NON_3111348201_073,3111348201,,SAI EXEMPT,,,,,,2020-08-24,2020,0.00,,,,0.00,0.00,0.00,2020-08-04,2020,,,073,Small Business Administration,7300,Small Business Administration,737010,OFC OF CAPITAL ACCESS,073,Small Business Administration,7300,Small Business Administration,737010,OFC OF CAPITAL ACCESS,,,,,,,SHAWNE JONES,SHAWNE JONES,,,,USA,UNITED STATES,3105 TECOPA SPRINGS LANE,,72016,SIMI VALLEY,06111,VENTURA,06,CA,CALIFORNIA,93063,,CA-25,CA-26,,,,COUNTY-WIDE,USA,UNITED STATES,CA**111,,06111,VENTURA,06,CALIFORNIA,,CA-25,CA-26,,59.073: PAYCHECK PROTECTION LOAN PROGRAM (PPP),,,08,GUARANTEED/INSURED LOAN (F),TO AID SMALL BUSINESSES IN MAINTAINING WORK FORCE DURING COVID-19 PANDEMIC.,NON,NOT RECOVERY ACT,P,INDIVIDUAL,2,NON-AGGREGATE RECORD,,,,,,,,,,,https://www.usaspending.gov/award/ASST_NON_3111348201_073/,2021-01-06 03:33:53.27803+00
ASST_NON_3114268207_073,3114268207,,SAI EXEMPT,,,,,,2020-08-24,2020,0.00,,,,0.00,0.00,0.00,2020-08-04,2020,,,073,Small Business Administration,7300,Small Business Administration,737010,OFC OF CAPITAL ACCESS,073,Small Business Administration,7300,Small Business Administration,737010,OFC OF CAPITAL ACCESS,,,,,,,DOLORES VASQUEZ,DOLORES VASQUEZ,,,,USA,UNITED STATES,23227 GRANT AVE,,80000,TORRANCE,06037,LOS ANGELES,06,CA,CALIFORNIA,90505,,CA-33,CA-36,,,,COUNTY-WIDE,USA,UNITED STATES,CA**037,,06037,LOS ANGELES,06,CALIFORNIA,,CA-33,CA-90,,59.073: PAYCHECK PROTECTION LOAN PROGRAM (PPP),,,08,GUARANTEED/INSURED LOAN (F),TO AID SMALL BUSINESSES IN MAINTAINING WORK FORCE DURING COVID-19 PANDEMIC.,NON,NOT RECOVERY ACT,P,INDIVIDUAL,2,NON-AGGREGATE RECORD,,,,,,,,,,,https://www.usaspending.gov/award/ASST_NON_3114268207_073/,2021-01-06 03:33:53.27803+00
ASST_NON_3150908206_073,3150908206,,SAI EXEMPT,,,,,,2020-08-24,2020,0.00,,,,0.00,0.00,0.00,2020-08-04,2020,,,073,Small Business Administration,7300,Small Business Administration,737010,OFC OF CAPITAL ACCESS,073,Small Business Administration,7300,Small Business Administration,737010,OFC OF CAPITAL ACCESS,,,,,,,ROGER INN,ROGER INN,,,,USA,UNITED STATES,1046 GLEN ARBOR AVE,,44000,LOS ANGELES,06037,LOS ANGELES,06,CA,CALIFORNIA,90041,,CA-34,CA-34,,,,COUNTY-WIDE,USA,UNITED STATES,CA**037,,06037,LOS ANGELES,06,CALIFORNIA,,CA-34,CA-90,,59.073: PAYCHECK PROTECTION LOAN PROGRAM (PPP),,,08,GUARANTEED/INSURED LOAN (F),TO AID SMALL BUSINESSES IN MAINTAINING WORK FORCE DURING COVID-19 PANDEMIC.,NON,NOT RECOVERY ACT,P,INDIVIDUAL,2,NON-AGGREGATE RECORD,,,,,,,,,,,https://www.usaspending.gov/award/ASST_NON_3150908206_073/,2021-01-06 03:33:53.27803+00
ASST_NON_3151088200_073,3151088200,,SAI EXEMPT,,,,,,2020-08-24,2020,0.00,,,,0.00,0.00,0.00,2020-08-04,2020,,,073,Small Business Administration,7300,Small Business Administration,737010,OFC OF CAPITAL ACCESS,073,Small Business Administration,7300,Small Business Administration,737010,OFC OF CAPITAL ACCESS,,,,,,,RUOFEI GU ORCHARDS,RUOFEI GU ORCHARDS,,,,USA,UNITED STATES,9 JIB CT,,57764,PLEASANT HILL,06013,CONTRA COSTA,06,CA,CALIFORNIA,94523,,CA-11,CA-10,,,,COUNTY-WIDE,USA,UNITED STATES,CA**013,,06013,CONTRA COSTA,06,CALIFORNIA,,CA-11,CA-90,,59.073: PAYCHECK PROTECTION LOAN PROGRAM (PPP),,,08,GUARANTEED/INSURED LOAN (F),TO AID SMALL BUSINESSES IN MAINTAINING WORK FORCE DURING COVID-19 PANDEMIC.,NON,NOT RECOVERY ACT,P,INDIVIDUAL,2,NON-AGGREGATE RECORD,,,,,,,,,,,https://www.usaspending.gov/award/ASST_NON_3151088200_073/,2021-01-06 03:33:53.27803+00
ASST_NON_3151138202_073,3151138202,,SAI EXEMPT,,,,,,2020-08-24,2020,0.00,,,,0.00,0.00,0.00,2020-08-04,2020,,,073,Small Business Administration,7300,Small Business Administration,737010,OFC OF CAPITAL ACCESS,073,Small Business Administration,7300,Small Business Administration,737010,OFC OF CAPITAL ACCESS,,,,,,,MELANIE STEVENSON,MELANIE STEVENSON,,,,USA,UNITED STATES,22985 BAY AVE,APT 216,49270,MORENO VALLEY,06065,RIVERSIDE,06,CA,CALIFORNIA,92553,,CA-41,CA-39,,,,COUNTY-WIDE,USA,UNITED STATES,CA**065,,06065,RIVERSIDE,06,CALIFORNIA,,CA-41,CA-90,,59.073: PAYCHECK PROTECTION LOAN PROGRAM (PPP),,,08,GUARANTEED/INSURED LOAN (F),TO AID SMALL BUSINESSES IN MAINTAINING WORK FORCE DURING COVID-19 PANDEMIC.,NON,NOT RECOVERY ACT,P,INDIVIDUAL,2,NON-AGGREGATE RECORD,,,,,,,,,,,https://www.usaspending.gov/award/ASST_NON_3151138202_073/,2021-01-06 03:33:53.27803+00
ASST_NON_3176438205_073,3176438205,,SAI EXEMPT,,,,,,2020-08-24,2020,0.00,,,,0.00,0.00,0.00,2020-08-04,2020,,,073,Small Business Administration,7300,Small Business Administration,737010,OFC OF CAPITAL ACCESS,073,Small Business Administration,7300,Small Business Administration,737010,OFC OF CAPITAL ACCESS,,,,,,,CORONADO ISLAND GROCERY COMPANY,CORONADO ISLAND GROCERY COMPANY,,,,USA,UNITED STATES,690 GUADALUPE AVE,,16378,CORONADO,06073,SAN DIEGO,06,CA,CALIFORNIA,92118,,CA-52,CA-50,,,,COUNTY-WIDE,USA,UNITED STATES,CA**073,,06073,SAN DIEGO,06,CALIFORNIA,,CA-52,CA-90,,59.073: PAYCHECK PROTECTION LOAN PROGRAM (PPP),,,08,GUARANTEED/INSURED LOAN (F),TO AID SMALL BUSINESSES IN MAINTAINING WORK FORCE DURING COVID-19 PANDEMIC.,NON,NOT RECOVERY ACT,R,SMALL BUSINESS,2,NON-AGGREGATE RECORD,,,,,,,,,,,https://www.usaspending.gov/award/ASST_NON_3176438205_073/,2021-01-06 03:33:53.27803+00
ASST_NON_3176558206_073,3176558206,,SAI EXEMPT,,,,,,2020-08-24,2020,0.00,,,,0.00,0.00,0.00,2020-08-04,2020,,,073,Small Business Administration,7300,Small Business Administration,737010,OFC OF CAPITAL ACCESS,073,Small Business Administration,7300,Small Business Administration,737010,OFC OF CAPITAL ACCESS,,,,,,,CERTIFIED REFINISHERS LLC,CERTIFIED REFINISHERS LLC,,,,USA,UNITED STATES,3525 DEL MAR HEIGHTS RD,,66000,SAN DIEGO,06073,SAN DIEGO,06,CA,CALIFORNIA,92130,,CA-52,CA-50,,,,COUNTY-WIDE,USA,UNITED STATES,CA**073,,06073,SAN DIEGO,06,CALIFORNIA,,CA-52,CA-90,,59.073: PAYCHECK PROTECTION LOAN PROGRAM (PPP),,,08,GUARANTEED/INSURED LOAN (F),TO AID SMALL BUSINESSES IN MAINTAINING WORK FORCE DURING COVID-19 PANDEMIC.,NON,NOT RECOVERY ACT,P,INDIVIDUAL,2,NON-AGGREGATE RECORD,,,,,,,,,,,https://www.usaspending.gov/award/ASST_NON_3176558206_073/,2021-01-06 03:33:53.27803+00
ASST_NON_3176808209_073,3176808209,,SAI EXEMPT,,,,,,2020-08-24,2020,0.00,,,,0.00,0.00,0.00,2020-08-04,2020,,,073,Small Business Administration,7300,Small Business Administration,737010,OFC OF CAPITAL ACCESS,073,Small Business Administration,7300,Small Business Administration,737010,OFC OF CAPITAL ACCESS,,,,,,,NATIONAL DISTRIBUTORS GROUP LLC,NATIONAL DISTRIBUTORS GROUP LLC,,,,USA,UNITED STATES,820 W LYMAN AVE,,27000,FRESNO,06019,FRESNO,06,CA,CALIFORNIA,93706,,CA-21,CA-21,,,,COUNTY-WIDE,USA,UNITED STATES,CA**019,,06019,FRESNO,06,CALIFORNIA,,CA-21,CA-90,,59.073: PAYCHECK PROTECTION LOAN PROGRAM (PPP),,,08,GUARANTEED/INSURED LOAN (F),TO AID SMALL BUSINESSES IN MAINTAINING WORK FORCE DURING COVID-19 PANDEMIC.,NON,NOT RECOVERY ACT,P,INDIVIDUAL,2,NON-AGGREGATE RECORD,,,,,,,,,,,https://www.usaspending.gov/award/ASST_NON_3176808209_073/,2021-01-06 03:33:53.27803+00
ASST_NON_3194178203_073,3194178203,,SAI EXEMPT,,,,,,2020-08-24,2020,0.00,,,,0.00,0.00,0.00,2020-08-06,2020,,,073,Small Business Administration,7300,Small Business Administration,737010,OFC OF CAPITAL ACCESS,073,Small Business Administration,7300,Small Business Administration,737010,OFC OF CAPITAL ACCESS,,,,,,,HINOJOSA ORCHARD,HINOJOSA ORCHARD,,,,USA,UNITED STATES,2414 BASQUE HILLS DR,,03526,BAKERSFIELD,06029,KERN,06,CA,CALIFORNIA,93313,,CA-21,CA-90,,,,COUNTY-WIDE,USA,UNITED STATES,CA**029,,06029,KERN,06,CALIFORNIA,,CA-21,CA-90,,59.073: PAYCHECK PROTECTION LOAN PROGRAM (PPP),,,08,GUARANTEED/INSURED LOAN (F),TO AID SMALL BUSINESSES IN MAINTAINING WORK FORCE DURING COVID-19 PANDEMIC.,NON,NOT RECOVERY ACT,P,INDIVIDUAL,2,NON-AGGREGATE RECORD,,,,,,,,,,,https://www.usaspending.gov/award/ASST_NON_3194178203_073/,2021-01-06 03:33:53.27803+00
ASST_NON_3221158204_073,3221158204,,SAI EXEMPT,,,,,,2020-08-24,2020,0.00,,,,0.00,0.00,0.00,2020-08-04,2020,,,073,Small Business Administration,7300,Small Business Administration,737010,OFC OF CAPITAL ACCESS,073,Small Business Administration,7300,Small Business Administration,737010,OFC OF CAPITAL ACCESS,,,,,,,SORRELL ENTERPRISES INTERNATIONAL,SORRELL ENTERPRISES INTERNATIONAL,,,,USA,UNITED STATES,1532 N ONTARIO ST,,08954,BURBANK,06037,LOS ANGELES,06,CA,CALIFORNIA,91505,,CA-30,CA-30,,,,COUNTY-WIDE,USA,UNITED STATES,CA**037,,06037,LOS ANGELES,06,CALIFORNIA,,CA-30,CA-90,,59.073: PAYCHECK PROTECTION LOAN PROGRAM (PPP),,,08,GUARANTEED/INSURED LOAN (F),TO AID SMALL BUSINESSES IN MAINTAINING WORK FORCE DURING COVID-19 PANDEMIC.,NON,NOT RECOVERY ACT,P,INDIVIDUAL,2,NON-AGGREGATE RECORD,,,,,,,,,,,https://www.usaspending.gov/award/ASST_NON_3221158204_073/,2021-01-06 03:33:53.27803+00
ASST_NON_3226488208_073,3226488208,,SAI EXEMPT,,,,,,2020-08-24,2020,0.00,,,,0.00,0.00,0.00,2020-08-04,2020,,,073,Small Business Administration,7300,Small Business Administration,737010,OFC OF CAPITAL ACCESS,073,Small Business Administration,7300,Small Business Administration,737010,OFC OF CAPITAL ACCESS,,,,,,,"BENNU_COMMUNICATIONS,_LLC","BENNU_COMMUNICATIONS,_LLC",,,,USA,UNITED STATES,448 POINTE DR,,08100,BREA,06059,ORANGE,06,CA,CALIFORNIA,92821,,CA-39,CA-90,,,,COUNTY-WIDE,USA,UNITED STATES,CA**059,,06059,ORANGE,06,CALIFORNIA,,CA-39,CA-90,,59.073: PAYCHECK PROTECTION LOAN PROGRAM (PPP),,,08,GUARANTEED/INSURED LOAN (F),TO AID SMALL BUSINESSES IN MAINTAINING WORK FORCE DURING COVID-19 PANDEMIC.,NON,NOT RECOVERY ACT,R,SMALL BUSINESS,2,NON-AGGREGATE RECORD,,,,,,,,,,,https://www.usaspending.gov/award/ASST_NON_3226488208_073/,2021-01-06 03:33:53.27803+00
ASST_NON_3252838210_073,3252838210,,SAI EXEMPT,,,,,,2020-08-24,2020,0.00,,,,0.00,0.00,0.00,2020-08-04,2020,,,073,Small Business Administration,7300,Small Business Administration,737010,OFC OF CAPITAL ACCESS,073,Small Business Administration,7300,Small Business Administration,737010,OFC OF CAPITAL ACCESS,,,,,,,TOMOMI KANEMARU,TOMOMI KANEMARU,,,,USA,UNITED STATES,18319 MANSEL AVE,,60018,REDONDO BEACH,06037,LOS ANGELES,06,CA,CALIFORNIA,90278,,CA-33,CA-36,,,,COUNTY-WIDE,USA,UNITED STATES,CA**037,,06037,LOS ANGELES,06,CALIFORNIA,,CA-33,CA-90,,59.073: PAYCHECK PROTECTION LOAN PROGRAM (PPP),,,08,GUARANTEED/INSURED LOAN (F),TO AID SMALL BUSINESSES IN MAINTAINING WORK FORCE DURING COVID-19 PANDEMIC.,NON,NOT RECOVERY ACT,P,INDIVIDUAL,2,NON-AGGREGATE RECORD,,,,,,,,,,,https://www.usaspending.gov/award/ASST_NON_3252838210_073/,2021-01-06 03:33:53.27803+00
ASST_NON_3298168205_073,3298168205,,SAI EXEMPT,,,,,,2020-08-24,2020,0.00,,,,0.00,0.00,0.00,2020-08-04,2020,,,073,Small Business Administration,7300,Small Business Administration,737010,OFC OF CAPITAL ACCESS,073,Small Business Administration,7300,Small Business Administration,737010,OFC OF CAPITAL ACCESS,,,,,,,ANDERSON HOGS LLC,ANDERSON HOGS LLC,,,,USA,UNITED STATES,5642 KATHERINE AVE,,82128,VAN NUYS,06037,LOS ANGELES,06,CA,CALIFORNIA,91401,,CA-29,CA-29,,,,COUNTY-WIDE,USA,UNITED STATES,CA**037,,06037,LOS ANGELES,06,CALIFORNIA,,CA-29,CA-90,,59.073: PAYCHECK PROTECTION LOAN PROGRAM (PPP),,,08,GUARANTEED/INSURED LOAN (F),TO AID SMALL BUSINESSES IN MAINTAINING WORK FORCE DURING COVID-19 PANDEMIC.,NON,NOT RECOVERY ACT,P,INDIVIDUAL,2,NON-AGGREGATE RECORD,,,,,,,,,,,https://www.usaspending.gov/award/ASST_NON_3298168205_073/,2021-01-06 03:33:53.27803+00
ASST_NON_3421288202_073,3421288202,,SAI EXEMPT,,,,,,2020-08-24,2020,0.00,,,,0.00,0.00,0.00,2020-08-04,2020,,,073,Small Business Administration,7300,Small Business Administration,737010,OFC OF CAPITAL ACCESS,073,Small Business Administration,7300,Small Business Administration,737010,OFC OF CAPITAL ACCESS,,,,,,,ALGHALAYINI50,ALGHALAYINI50,,,,USA,UNITED STATES,678 FELICITA PL,,22804,ESCONDIDO,06073,SAN DIEGO,06,CA,CALIFORNIA,92025,,CA-50,CA-50,,,,COUNTY-WIDE,USA,UNITED STATES,CA**073,,06073,SAN DIEGO,06,CALIFORNIA,,CA-50,CA-90,,59.073: PAYCHECK PROTECTION LOAN PROGRAM (PPP),,,08,GUARANTEED/INSURED LOAN (F),TO AID SMALL BUSINESSES IN MAINTAINING WORK FORCE DURING COVID-19 PANDEMIC.,NON,NOT RECOVERY ACT,P,INDIVIDUAL,2,NON-AGGREGATE RECORD,,,,,,,,,,,https://www.usaspending.gov/award/ASST_NON_3421288202_073/,2021-01-06 03:33:53.27803+00
ASST_NON_3428138206_073,3428138206,,SAI EXEMPT,,,,,,2020-08-24,2020,0.00,,,,0.00,0.00,0.00,2020-08-04,2020,,,073,Small Business Administration,7300,Small Business Administration,737010,OFC OF CAPITAL ACCESS,073,Small Business Administration,7300,Small Business Administration,737010,OFC OF CAPITAL ACCESS,,,,,,,SCOTT DEBERNARDI,SCOTT DEBERNARDI,,,,USA,UNITED STATES,444 HIGUERA 3RD FLOOR,,68154,SAN LUIS OBISPO,06079,SAN LUIS OBISPO,06,CA,CALIFORNIA,93401,,CA-24,CA-24,,,,COUNTY-WIDE,USA,UNITED STATES,CA**079,,06079,SAN LUIS OBISPO,06,CALIFORNIA,,CA-24,CA-90,,59.073: PAYCHECK PROTECTION LOAN PROGRAM (PPP),,,08,GUARANTEED/INSURED LOAN (F),TO AID SMALL BUSINESSES IN MAINTAINING WORK FORCE DURING COVID-19 PANDEMIC.,NON,NOT RECOVERY ACT,P,INDIVIDUAL,2,NON-AGGREGATE RECORD,,,,,,,,,,,https://www.usaspending.gov/award/ASST_NON_3428138206_073/,2021-01-06 03:33:53.27803+00
ASST_NON_3431178208_073,3431178208,,SAI EXEMPT,,,,,,2020-08-24,2020,0.00,,,,0.00,0.00,0.00,2020-08-04,2020,,,073,Small Business Administration,7300,Small Business Administration,737010,OFC OF CAPITAL ACCESS,073,Small Business Administration,7300,Small Business Administration,737010,OFC OF CAPITAL ACCESS,,,,,,,DEYSI YASMIN LEON,DEYSI YASMIN LEON,,,,USA,UNITED STATES,1614 LONGVIEW ST,,68000,SAN JOSE,06085,SANTA CLARA,06,CA,CALIFORNIA,95122,,CA-19,CA-90,,,,COUNTY-WIDE,USA,UNITED STATES,CA**085,,06085,SANTA CLARA,06,CALIFORNIA,,CA-19,CA-90,,59.073: PAYCHECK PROTECTION LOAN PROGRAM (PPP),,,08,GUARANTEED/INSURED LOAN (F),TO AID SMALL BUSINESSES IN MAINTAINING WORK FORCE DURING COVID-19 PANDEMIC.,NON,NOT RECOVERY ACT,P,INDIVIDUAL,2,NON-AGGREGATE RECORD,,,,,,,,,,,https://www.usaspending.gov/award/ASST_NON_3431178208_073/,2021-01-06 03:33:53.27803+00
ASST_NON_3431208204_073,3431208204,,SAI EXEMPT,,,,,,2020-08-24,2020,0.00,,,,0.00,0.00,0.00,2020-08-04,2020,,,073,Small Business Administration,7300,Small Business Administration,737010,OFC OF CAPITAL ACCESS,073,Small Business Administration,7300,Small Business Administration,737010,OFC OF CAPITAL ACCESS,,,,,,,TRISHA HARTFIELD-HILL,TRISHA HARTFIELD-HILL,,,,USA,UNITED STATES,2124 W 157TH ST,2,28168,GARDENA,06037,LOS ANGELES,06,CA,CALIFORNIA,90249,,CA-43,CA-43,,,,COUNTY-WIDE,USA,UNITED STATES,CA**037,,06037,LOS ANGELES,06,CALIFORNIA,,CA-43,CA-90,,59.073: PAYCHECK PROTECTION LOAN PROGRAM (PPP),,,08,GUARANTEED/INSURED LOAN (F),TO AID SMALL BUSINESSES IN MAINTAINING WORK FORCE DURING COVID-19 PANDEMIC.,NON,NOT RECOVERY ACT,P,INDIVIDUAL,2,NON-AGGREGATE RECORD,,,,,,,,,,,https://www.usaspending.gov/award/ASST_NON_3431208204_073/,2021-01-06 03:33:53.27803+00
ASST_NON_3431338208_073,3431338208,,SAI EXEMPT,,,,,,2020-08-24,2020,0.00,,,,0.00,0.00,0.00,2020-08-04,2020,,,073,Small Business Administration,7300,Small Business Administration,737010,OFC OF CAPITAL ACCESS,073,Small Business Administration,7300,Small Business Administration,737010,OFC OF CAPITAL ACCESS,,,,,,,EXCELLENCE REAL ESTATE,EXCELLENCE REAL ESTATE,,,,USA,UNITED STATES,8300 STEWARD AND GRAY RD,,19766,DOWNEY,06037,LOS ANGELES,06,CA,CALIFORNIA,90241,,CA-40,CA-42,,,,COUNTY-WIDE,USA,UNITED STATES,CA**037,,06037,LOS ANGELES,06,CALIFORNIA,,CA-40,CA-90,,59.073: PAYCHECK PROTECTION LOAN PROGRAM (PPP),,,08,GUARANTEED/INSURED LOAN (F),TO AID SMALL BUSINESSES IN MAINTAINING WORK FORCE DURING COVID-19 PANDEMIC.,NON,NOT RECOVERY ACT,P,INDIVIDUAL,2,NON-AGGREGATE RECORD,,,,,,,,,,,https://www.usaspending.gov/award/ASST_NON_3431338208_073/,2021-01-06 03:33:53.27803+00
ASST_NON_3431838205_073,3431838205,,SAI EXEMPT,,,,,,2020-08-24,2020,0.00,,,,0.00,0.00,0.00,2020-08-04,2020,,,073,Small Business Administration,7300,Small Business Administration,737010,OFC OF CAPITAL ACCESS,073,Small Business Administration,7300,Small Business Administration,737010,OFC OF CAPITAL ACCESS,,,,,,,BEYONTEE CARTER,BEYONTEE CARTER,,,,USA,UNITED STATES,1375 CALLE SANDBARD,93,66000,SAN DIEGO,06073,SAN DIEGO,06,CA,CALIFORNIA,92154,,CA-51,CA-52,,,,COUNTY-WIDE,USA,UNITED STATES,CA**073,,06073,SAN DIEGO,06,CALIFORNIA,,CA-51,CA-90,,59.073: PAYCHECK PROTECTION LOAN PROGRAM (PPP),,,08,GUARANTEED/INSURED LOAN (F),TO AID SMALL BUSINESSES IN MAINTAINING WORK FORCE DURING COVID-19 PANDEMIC.,NON,NOT RECOVERY ACT,P,INDIVIDUAL,2,NON-AGGREGATE RECORD,,,,,,,,,,,https://www.usaspending.gov/award/ASST_NON_3431838205_073/,2021-01-06 03:33:53.27803+00
ASST_NON_3577938203_073,3577938203,,SAI EXEMPT,O: Non-emergency P.L. 116-136|Non-emergency P.L. 116-139|Non-emergency P.L. 116-260|Non-emergency P.L. 117-2,125333.28,125333.28,,,2020-08-24,2020,0.00,125333.28,,,0.00,123214.00,125333.28,2020-08-05,2020,,,073,Small Business Administration,7300,Small Business Administration,737010,OFC OF CAPITAL ACCESS,073,Small Business Administration,7300,Small Business Administration,737010,OFC OF CAPITAL ACCESS,073-2020/2021-1154-000,073-1154,"41.0: Grants, subsidies, and contributions",0702: LOAN GUARANTEE SUBSIDY,,,CALI BIOSCIENCES,CALI BIOSCIENCES,,,,USA,UNITED STATES,11631 ANABEL AVE,,29000,GARDEN GROVE,06059,ORANGE,06,CA,CALIFORNIA,92843,,CA-47,CA-45,,,,COUNTY-WIDE,USA,UNITED STATES,CA**059,,06059,ORANGE,06,CALIFORNIA,,CA-47,CA-90,,59.073: PAYCHECK PROTECTION LOAN PROGRAM (PPP),,,08,GUARANTEED/INSURED LOAN (F),TO AID SMALL BUSINESSES IN MAINTAINING WORK FORCE DURING COVID-19 PANDEMIC.,NON,NOT RECOVERY ACT,R,SMALL BUSINESS,2,NON-AGGREGATE RECORD,,,,,,,,,,,https://www.usaspending.gov/award/ASST_NON_3577938203_073/,2021-01-06 03:33:53.27803+00
ASST_NON_3593258200_073,3593258200,,SAI EXEMPT,,,,,,2020-08-24,2020,0.00,,,,0.00,0.00,0.00,2020-08-05,2020,,,073,Small Business Administration,7300,Small Business Administration,737010,OFC OF CAPITAL ACCESS,073,Small Business Administration,7300,Small Business Administration,737010,OFC OF CAPITAL ACCESS,,,,,,,RUBEN VALENCIA,RUBEN VALENCIA,,,,USA,UNITED STATES,8740 GOODBEE ST,,56924,PICO RIVERA,06037,LOS ANGELES,06,CA,CALIFORNIA,90660,,CA-38,CA-38,,,,COUNTY-WIDE,USA,UNITED STATES,CA**037,,06037,LOS ANGELES,06,CALIFORNIA,,CA-38,CA-90,,59.073: PAYCHECK PROTECTION LOAN PROGRAM (PPP),,,08,GUARANTEED/INSURED LOAN (F),TO AID SMALL BUSINESSES IN MAINTAINING WORK FORCE DURING COVID-19 PANDEMIC.,NON,NOT RECOVERY ACT,P,INDIVIDUAL,2,NON-AGGREGATE RECORD,,,,,,,,,,,https://www.usaspending.gov/award/ASST_NON_3593258200_073/,2021-01-06 03:33:53.27803+00
ASST_NON_3859838206_073,3859838206,,SAI EXEMPT,,,,,,2020-08-24,2020,0.00,,,,0.00,0.00,0.00,2020-08-05,2020,,,073,Small Business Administration,7300,Small Business Administration,737010,OFC OF CAPITAL ACCESS,073,Small Business Administration,7300,Small Business Administration,737010,OFC OF CAPITAL ACCESS,,,,,,,TM PLUMBING AND REPAIRS,TM PLUMBING AND REPAIRS,,,,USA,UNITED STATES,13654 VICTORY BOULEVARD 615,,82128,VAN NUYS,06037,LOS ANGELES,06,CA,CALIFORNIA,91401,,CA-29,CA-29,,,,COUNTY-WIDE,USA,UNITED STATES,CA**037,,06037,LOS ANGELES,06,CALIFORNIA,,CA-29,CA-90,,59.073: PAYCHECK PROTECTION LOAN PROGRAM (PPP),,,08,GUARANTEED/INSURED LOAN (F),TO AID SMALL BUSINESSES IN MAINTAINING WORK FORCE DURING COVID-19 PANDEMIC.,NON,NOT RECOVERY ACT,P,INDIVIDUAL,2,NON-AGGREGATE RECORD,,,,,,,,,,,https://www.usaspending.gov/award/ASST_NON_3859838206_073/,2021-01-06 03:33:53.27803+00
ASST_NON_4157088206_073,4157088206,,SAI EXEMPT,,,,,,2020-08-24,2020,0.00,,,,0.00,0.00,0.00,2020-08-05,2020,,,073,Small Business Administration,7300,Small Business Administration,737010,OFC OF CAPITAL ACCESS,073,Small Business Administration,7300,Small Business Administration,737010,OFC OF CAPITAL ACCESS,,,,,,,STAFFMO INC,STAFFMO INC,,,,USA,UNITED STATES,7631 PACIFIC BOULEVARD,,36056,HUNTINGTON PARK,06037,LOS ANGELES,06,CA,CALIFORNIA,90255,,CA-44,CA-42,,,,COUNTY-WIDE,USA,UNITED STATES,CA**037,,06037,LOS ANGELES,06,CALIFORNIA,,CA-44,CA-90,,59.073: PAYCHECK PROTECTION LOAN PROGRAM (PPP),,,08,GUARANTEED/INSURED LOAN (F),TO AID SMALL BUSINESSES IN MAINTAINING WORK FORCE DURING COVID-19 PANDEMIC.,NON,NOT RECOVERY ACT,R,SMALL BUSINESS,2,NON-AGGREGATE RECORD,,,,,,,,,,,https://www.usaspending.gov/award/ASST_NON_4157088206_073/,2021-01-06 03:33:53.27803+00
ASST_NON_4158558207_073,4158558207,,SAI EXEMPT,,,,,,2020-08-24,2020,0.00,,,,0.00,0.00,0.00,2020-08-05,2020,,,073,Small Business Administration,7300,Small Business Administration,737010,OFC OF CAPITAL ACCESS,073,Small Business Administration,7300,Small Business Administration,737010,OFC OF CAPITAL ACCESS,,,,,,,GMKS LOGISTICS,GMKS LOGISTICS,,,,USA,UNITED STATES,1371 E FOX HILL DR 182,,27000,FRESNO,06019,FRESNO,06,CA,CALIFORNIA,93720,,CA-22,CA-05,,,,COUNTY-WIDE,USA,UNITED STATES,CA**019,,06019,FRESNO,06,CALIFORNIA,,CA-22,CA-90,,59.073: PAYCHECK PROTECTION LOAN PROGRAM (PPP),,,08,GUARANTEED/INSURED LOAN (F),TO AID SMALL BUSINESSES IN MAINTAINING WORK FORCE DURING COVID-19 PANDEMIC.,NON,NOT RECOVERY ACT,R,SMALL BUSINESS,2,NON-AGGREGATE RECORD,,,,,,,,,,,https://www.usaspending.gov/award/ASST_NON_4158558207_073/,2021-01-06 03:33:53.27803+00
ASST_NON_4272307308_073,4272307308,,SAI EXEMPT,O: Non-emergency P.L. 116-136|Non-emergency P.L. 116-139|Non-emergency P.L. 116-260|Non-emergency P.L. 117-2,95413.36,95413.36,,,2020-08-24,2020,0.00,95413.36,,,0.00,93800.00,95413.36,2020-04-29,2020,,,073,Small Business Administration,7300,Small Business Administration,737010,OFC OF CAPITAL ACCESS,073,Small Business Administration,7300,Small Business Administration,737010,OFC OF CAPITAL ACCESS,073-2020/2021-1154-000,073-1154,"41.0: Grants, subsidies, and contributions",0702: LOAN GUARANTEE SUBSIDY,,,INLAND YOUTH SOCCER EDUCATION PROGRAM,INLAND YOUTH SOCCER EDUCATION PROGRAM,,,,USA,UNITED STATES,13851 ROSWELL AVE,,13210,CHINO,06071,SAN BERNARDINO,06,CA,CALIFORNIA,91710,,CA-35,CA-35,,,,COUNTY-WIDE,USA,UNITED STATES,CA**071,,06071,SAN BERNARDINO,06,CALIFORNIA,,CA-35,CA-90,,59.073: PAYCHECK PROTECTION LOAN PROGRAM (PPP),,,08,GUARANTEED/INSURED LOAN (F),TO AID SMALL BUSINESSES IN MAINTAINING WORK FORCE DURING COVID-19 PANDEMIC.,NON,NOT RECOVERY ACT,M,NONPROFIT WITH 501C3 IRS STATUS (OTHER THAN AN INSTITUTION OF HIGHER EDUCATION),2,NON-AGGREGATE RECORD,,,,,,,,,,,https://www.usaspending.gov/award/ASST_NON_4272307308_073/,2021-01-06 03:33:53.27803+00
ASST_NON_4289297009_073,4289297009,,SAI EXEMPT,,,,,,2020-08-24,2020,0.00,,,,0.00,460000.00,0.00,2020-03-13,2020,,,073,Small Business Administration,7300,Small Business Administration,737010,OFC OF CAPITAL ACCESS,073,Small Business Administration,7300,Small Business Administration,737010,OFC OF CAPITAL ACCESS,,,,,,,REDACTED DUE TO PII,REDACTED DUE TO PII,,,,USA,UNITED STATES,,,28168,GARDENA,06037,LOS ANGELES,06,CA,CALIFORNIA,90248,,CA-44,CA-90,,,,SINGLE ZIP CODE,USA,UNITED STATES,CA28168,GARDENA,06037,LOS ANGELES,06,CALIFORNIA,90248,CA-44,CA-90,,59.041: 504 CERTIFIED DEVELOPMENT LOANS,,,08,GUARANTEED/INSURED LOAN (F),TO ASSIST SMALL BUSINESS CONCERNS BY PROVIDING LONG TERM FINANCING THROUGH THE SALE OF DEBENTURES TO THE PRIVATE SECTOR,NON,NOT RECOVERY ACT,P,INDIVIDUAL,3,NON-AGGREGATE RECORD TO AN INDIVIDUAL RECIPIENT (PII-REDACTED),,,,,,,,,,,https://www.usaspending.gov/award/ASST_NON_4289297009_073/,2020-09-04 13:44:33.675634+00
ASST_NON_4323957000_073,4323957000,,SAI EXEMPT,,,,,,2020-08-24,2020,0.00,,,,0.00,474000.00,0.00,2020-03-30,2020,,,073,Small Business Administration,7300,Small Business Administration,737010,OFC OF CAPITAL ACCESS,073,Small Business Administration,7300,Small Business Administration,737010,OFC OF CAPITAL ACCESS,,,,,,,J RINCON PROPERTIES LLC,J RINCON PROPERTIES LLC,,,,USA,UNITED STATES,17021 S. BROADWAY STREET,,28168,GARDENA,06037,LOS ANGELES,06,CA,CALIFORNIA,90248,,CA-44,CA-90,,,,COUNTY-WIDE,USA,UNITED STATES,CA**037,,06037,LOS ANGELES,06,CALIFORNIA,,CA-44,CA-90,,59.041: 504 CERTIFIED DEVELOPMENT LOANS,,,08,GUARANTEED/INSURED LOAN (F),TO ASSIST SMALL BUSINESS CONCERNS BY PROVIDING LONG TERM FINANCING THROUGH THE SALE OF DEBENTURES TO THE PRIVATE SECTOR,NON,NOT RECOVERY ACT,R,SMALL BUSINESS,2,NON-AGGREGATE RECORD,,,,,,,,,,,https://www.usaspending.gov/award/ASST_NON_4323957000_073/,2020-09-04 13:44:33.675634+00
ASST_NON_4478398206_073,4478398206,,SAI EXEMPT,,,,,,2020-08-24,2020,0.00,,,,0.00,0.00,0.00,2020-08-06,2020,,,073,Small Business Administration,7300,Small Business Administration,737010,OFC OF CAPITAL ACCESS,073,Small Business Administration,7300,Small Business Administration,737010,OFC OF CAPITAL ACCESS,,,,,,,GOLDEN SHIELD INVESTMENTS INC,GOLDEN SHIELD INVESTMENTS INC,,,,USA,UNITED STATES,6303 OWENSMOUTH AVE,,86356,WOODLAND HILLS,06037,LOS ANGELES,06,CA,CALIFORNIA,91367,,CA-30,CA-32,,,,COUNTY-WIDE,USA,UNITED STATES,CA**037,,06037,LOS ANGELES,06,CALIFORNIA,,CA-30,CA-90,,59.073: PAYCHECK PROTECTION LOAN PROGRAM (PPP),,,08,GUARANTEED/INSURED LOAN (F),TO AID SMALL BUSINESSES IN MAINTAINING WORK FORCE DURING COVID-19 PANDEMIC.,NON,NOT RECOVERY ACT,R,SMALL BUSINESS,2,NON-AGGREGATE RECORD,,,,,,,,,,,https://www.usaspending.gov/award/ASST_NON_4478398206_073/,2021-01-06 03:33:53.27803+00
ASST_NON_4567217302_073,4567217302,,SAI EXEMPT,O: Non-emergency P.L. 116-136|Non-emergency P.L. 116-139|Non-emergency P.L. 116-260|Non-emergency P.L. 117-2,,0.00,,,2020-08-24,2020,0.00,0.00,,,0.00,0.00,0.00,2020-04-30,2020,,,073,Small Business Administration,7300,Small Business Administration,737010,OFC OF CAPITAL ACCESS,073,Small Business Administration,7300,Small Business Administration,737010,OFC OF CAPITAL ACCESS,073-2020/2021-1154-000,073-1154,"41.0: Grants, subsidies, and contributions",0702: LOAN GUARANTEE SUBSIDY,,,MIGUEL A GRILLO DMD INC,MIGUEL A GRILLO DMD INC,,,,USA,UNITED STATES,12264 EL CAMINO REAL STE 306,,66000,SAN DIEGO,06073,SAN DIEGO,06,CA,CALIFORNIA,92130,,CA-52,CA-50,,,,COUNTY-WIDE,USA,UNITED STATES,CA**073,,06073,SAN DIEGO,06,CALIFORNIA,,CA-52,CA-90,,59.073: PAYCHECK PROTECTION LOAN PROGRAM (PPP),,,08,GUARANTEED/INSURED LOAN (F),TO AID SMALL BUSINESSES IN MAINTAINING WORK FORCE DURING COVID-19 PANDEMIC.,NON,NOT RECOVERY ACT,R,SMALL BUSINESS,2,NON-AGGREGATE RECORD,,,,,,,,,,,https://www.usaspending.gov/award/ASST_NON_4567217302_073/,2021-01-06 03:33:53.27803+00
ASST_NON_4599478202_073,4599478202,,SAI EXEMPT,O: Non-emergency P.L. 116-136|Non-emergency P.L. 116-139|Non-emergency P.L. 116-260|Non-emergency P.L. 117-2,52975.78,52975.78,,,2020-08-24,2020,0.00,52975.78,,,0.00,52080.00,52975.78,2020-08-06,2020,,,073,Small Business Administration,7300,Small Business Administration,737010,OFC OF CAPITAL ACCESS,073,Small Business Administration,7300,Small Business Administration,737010,OFC OF CAPITAL ACCESS,073-2020/2021-1154-000,073-1154,"41.0: Grants, subsidies, and contributions",0702: LOAN GUARANTEE SUBSIDY,,,DC PRECISION LLC,DC PRECISION LLC,,,,USA,UNITED STATES,1720 S SANTA FE STREET,,69000,SANTA ANA,06059,ORANGE,06,CA,CALIFORNIA,92705,,CA-45,CA-90,,,,COUNTY-WIDE,USA,UNITED STATES,CA**059,,06059,ORANGE,06,CALIFORNIA,,CA-45,CA-90,,59.073: PAYCHECK PROTECTION LOAN PROGRAM (PPP),,,08,GUARANTEED/INSURED LOAN (F),TO AID SMALL BUSINESSES IN MAINTAINING WORK FORCE DURING COVID-19 PANDEMIC.,NON,NOT RECOVERY ACT,R,SMALL BUSINESS,2,NON-AGGREGATE RECORD,,,,,,,,,,,https://www.usaspending.gov/award/ASST_NON_4599478202_073/,2021-01-06 03:33:53.27803+00
ASST_NON_4646728209_073,4646728209,,SAI EXEMPT,O: Non-emergency P.L. 116-136|Non-emergency P.L. 116-139|Non-emergency P.L. 116-260|Non-emergency P.L. 117-2,2029314.00,2029314.00,,,2020-08-24,2020,0.00,2029314.00,,,0.00,1995000.00,2029314.00,2020-08-06,2020,,,073,Small Business Administration,7300,Small Business Administration,737010,OFC OF CAPITAL ACCESS,073,Small Business Administration,7300,Small Business Administration,737010,OFC OF CAPITAL ACCESS,073-2020/2021-1154-000,073-1154,"41.0: Grants, subsidies, and contributions",0702: LOAN GUARANTEE SUBSIDY,,,"AGRO LABOR SERVICES, INC","AGRO LABOR SERVICES, INC",,,,USA,UNITED STATES,"183, S CENTRAL VALLEY HWY ,",,71113,SHAFTER,06029,KERN,06,CA,CALIFORNIA,93263,,CA-21,CA-22,,,,COUNTY-WIDE,USA,UNITED STATES,CA**029,,06029,KERN,06,CALIFORNIA,,CA-21,CA-90,,59.073: PAYCHECK PROTECTION LOAN PROGRAM (PPP),,,08,GUARANTEED/INSURED LOAN (F),TO AID SMALL BUSINESSES IN MAINTAINING WORK FORCE DURING COVID-19 PANDEMIC.,NON,NOT RECOVERY ACT,R,SMALL BUSINESS,2,NON-AGGREGATE RECORD,,,,,,,,,,,https://www.usaspending.gov/award/ASST_NON_4646728209_073/,2021-01-06 03:33:53.27803+00
ASST_NON_4684138210_073,4684138210,,SAI EXEMPT,,,,,,2020-08-24,2020,0.00,,,,0.00,0.00,0.00,2020-08-06,2020,,,073,Small Business Administration,7300,Small Business Administration,737010,OFC OF CAPITAL ACCESS,073,Small Business Administration,7300,Small Business Administration,737010,OFC OF CAPITAL ACCESS,,,,,,,JAYLEX LLC,JAYLEX LLC,,,,USA,UNITED STATES,4048 E GROVELAND DR.,,53896,ONTARIO,06071,SAN BERNARDINO,06,CA,CALIFORNIA,91761,,CA-35,CA-35,,,,COUNTY-WIDE,USA,UNITED STATES,CA**071,,06071,SAN BERNARDINO,06,CALIFORNIA,,CA-35,CA-90,,59.073: PAYCHECK PROTECTION LOAN PROGRAM (PPP),,,08,GUARANTEED/INSURED LOAN (F),TO AID SMALL BUSINESSES IN MAINTAINING WORK FORCE DURING COVID-19 PANDEMIC.,NON,NOT RECOVERY ACT,R,SMALL BUSINESS,2,NON-AGGREGATE RECORD,,,,,,,,,,,https://www.usaspending.gov/award/ASST_NON_4684138210_073/,2021-01-06 03:33:53.27803+00
ASST_NON_4738918204_073,4738918204,,SAI EXEMPT,O: Non-emergency P.L. 116-136|Non-emergency P.L. 116-139|Non-emergency P.L. 116-260|Non-emergency P.L. 117-2,2029314.00,2029314.00,,,2020-08-24,2020,0.00,2029314.00,,,0.00,1995000.00,2029314.00,2020-08-06,2020,,,073,Small Business Administration,7300,Small Business Administration,737010,OFC OF CAPITAL ACCESS,073,Small Business Administration,7300,Small Business Administration,737010,OFC OF CAPITAL ACCESS,073-2020/2021-1154-000,073-1154,"41.0: Grants, subsidies, and contributions",0702: LOAN GUARANTEE SUBSIDY,,,"CAL CENTRAL HARVESTING, INC.","CAL CENTRAL HARVESTING, INC.",,,,USA,UNITED STATES,"183, S CENTRAL VALLEY HWY ,",,71113,SHAFTER,06029,KERN,06,CA,CALIFORNIA,93263,,CA-21,CA-22,,,,COUNTY-WIDE,USA,UNITED STATES,CA**029,,06029,KERN,06,CALIFORNIA,,CA-21,CA-90,,59.073: PAYCHECK PROTECTION LOAN PROGRAM (PPP),,,08,GUARANTEED/INSURED LOAN (F),TO AID SMALL BUSINESSES IN MAINTAINING WORK FORCE DURING COVID-19 PANDEMIC.,NON,NOT RECOVERY ACT,R,SMALL BUSINESS,2,NON-AGGREGATE RECORD,,,,,,,,,,,https://www.usaspending.gov/award/ASST_NON_4738918204_073/,2021-01-06 03:33:53.27803+00
ASST_NON_4989537707_073,4989537707,,SAI EXEMPT,O: Non-emergency P.L. 116-136|Non-emergency P.L. 116-139|Non-emergency P.L. 116-260|Non-emergency P.L. 117-2,139995.20,139995.20,,,2020-08-24,2020,0.00,139995.20,,,0.00,137628.00,139995.20,2020-05-03,2020,,,073,Small Business Administration,7300,Small Business Administration,737010,OFC OF CAPITAL ACCESS,073,Small Business Administration,7300,Small Business Administration,737010,OFC OF CAPITAL ACCESS,073-2020/2021-1154-000,073-1154,"41.0: Grants, subsidies, and contributions",0702: LOAN GUARANTEE SUBSIDY,,,SKS CONSTRUCTION,SKS CONSTRUCTION,,,,USA,UNITED STATES,5104 GARDEN GROVE AVE,,77966,TARZANA,06037,LOS ANGELES,06,CA,CALIFORNIA,91356,,CA-30,CA-32,,,,COUNTY-WIDE,USA,UNITED STATES,CA**037,,06037,LOS ANGELES,06,CALIFORNIA,,CA-30,CA-90,,59.073: PAYCHECK PROTECTION LOAN PROGRAM (PPP),,,08,GUARANTEED/INSURED LOAN (F),TO AID SMALL BUSINESSES IN MAINTAINING WORK FORCE DURING COVID-19 PANDEMIC.,NON,NOT RECOVERY ACT,R,SMALL BUSINESS,2,NON-AGGREGATE RECORD,,,,,,,,,,,https://www.usaspending.gov/award/ASST_NON_4989537707_073/,2021-01-06 03:33:53.27803+00
ASST_NON_5000547703_073,5000547703,,SAI EXEMPT,O: Non-emergency P.L. 116-136|Non-emergency P.L. 116-139|Non-emergency P.L. 116-260|Non-emergency P.L. 117-2,29625.95,29625.95,,,2020-08-24,2020,0.00,29625.95,,,0.00,29125.00,29625.95,2020-05-03,2020,,,073,Small Business Administration,7300,Small Business Administration,737010,OFC OF CAPITAL ACCESS,073,Small Business Administration,7300,Small Business Administration,737010,OFC OF CAPITAL ACCESS,073-2020/2021-1154-000,073-1154,"41.0: Grants, subsidies, and contributions",0702: LOAN GUARANTEE SUBSIDY,,,VICTOR MARTINEZ APLC,VICTOR MARTINEZ APLC,,,,USA,UNITED STATES,2105 BEVERLY BLVD STE 217B,,44000,LOS ANGELES,06037,LOS ANGELES,06,CA,CALIFORNIA,90057,,CA-34,CA-34,,,,COUNTY-WIDE,USA,UNITED STATES,CA**037,,06037,LOS ANGELES,06,CALIFORNIA,,CA-34,CA-90,,59.073: PAYCHECK PROTECTION LOAN PROGRAM (PPP),,,08,GUARANTEED/INSURED LOAN (F),TO AID SMALL BUSINESSES IN MAINTAINING WORK FORCE DURING COVID-19 PANDEMIC.,NON,NOT RECOVERY ACT,R,SMALL BUSINESS,2,NON-AGGREGATE RECORD,,,,,,,,,,,https://www.usaspending.gov/award/ASST_NON_5000547703_073/,2021-01-06 03:33:53.27803+00
ASST_NON_5019847710_073,5019847710,,SAI EXEMPT,O: Non-emergency P.L. 116-136|Non-emergency P.L. 116-139|Non-emergency P.L. 116-260|Non-emergency P.L. 117-2,21366.29,21366.29,,,2020-08-24,2020,0.00,21366.29,,,0.00,21005.00,21366.29,2020-05-03,2020,,,073,Small Business Administration,7300,Small Business Administration,737010,OFC OF CAPITAL ACCESS,073,Small Business Administration,7300,Small Business Administration,737010,OFC OF CAPITAL ACCESS,073-2020/2021-1154-000,073-1154,"41.0: Grants, subsidies, and contributions",0702: LOAN GUARANTEE SUBSIDY,,,SIMPLE NEEDS HANDYMEN,SIMPLE NEEDS HANDYMEN,,,,USA,UNITED STATES,1883 FROUDE ST,,66000,SAN DIEGO,06073,SAN DIEGO,06,CA,CALIFORNIA,92107,,CA-52,CA-50,,,,COUNTY-WIDE,USA,UNITED STATES,CA**073,,06073,SAN DIEGO,06,CALIFORNIA,,CA-52,CA-90,,59.073: PAYCHECK PROTECTION LOAN PROGRAM (PPP),,,08,GUARANTEED/INSURED LOAN (F),TO AID SMALL BUSINESSES IN MAINTAINING WORK FORCE DURING COVID-19 PANDEMIC.,NON,NOT RECOVERY ACT,P,INDIVIDUAL,2,NON-AGGREGATE RECORD,,,,,,,,,,,https://www.usaspending.gov/award/ASST_NON_5019847710_073/,2021-01-06 03:33:53.27803+00
ASST_NON_5055068204_073,5055068204,,SAI EXEMPT,,,,,,2020-08-24,2020,0.00,,,,0.00,0.00,0.00,2020-08-07,2020,,,073,Small Business Administration,7300,Small Business Administration,737010,OFC OF CAPITAL ACCESS,073,Small Business Administration,7300,Small Business Administration,737010,OFC OF CAPITAL ACCESS,,,,,,,THE CINEDICATE PICTURES,THE CINEDICATE PICTURES,,,,USA,UNITED STATES,369 SOUTH DOHENY DRIVE SUITE 1200,,06308,BEVERLY HILLS,06037,LOS ANGELES,06,CA,CALIFORNIA,90211,,CA-33,CA-36,,,,COUNTY-WIDE,USA,UNITED STATES,CA**037,,06037,LOS ANGELES,06,CALIFORNIA,,CA-33,CA-90,,59.073: PAYCHECK PROTECTION LOAN PROGRAM (PPP),,,08,GUARANTEED/INSURED LOAN (F),TO AID SMALL BUSINESSES IN MAINTAINING WORK FORCE DURING COVID-19 PANDEMIC.,NON,NOT RECOVERY ACT,R,SMALL BUSINESS,2,NON-AGGREGATE RECORD,,,,,,,,,,,https://www.usaspending.gov/award/ASST_NON_5055068204_073/,2021-01-06 03:33:53.27803+00
ASST_NON_5057158200_073,5057158200,,SAI EXEMPT,O: Non-emergency P.L. 116-136|Non-emergency P.L. 116-139|Non-emergency P.L. 116-260|Non-emergency P.L. 117-2,70867.31,70867.31,,,2020-08-24,2020,0.00,70867.31,,,0.00,69669.00,70867.31,2020-08-07,2020,,,073,Small Business Administration,7300,Small Business Administration,737010,OFC OF CAPITAL ACCESS,073,Small Business Administration,7300,Small Business Administration,737010,OFC OF CAPITAL ACCESS,073-2020/2021-1154-000,073-1154,"41.0: Grants, subsidies, and contributions",0702: LOAN GUARANTEE SUBSIDY,,,"BSI WHEELS, INC.","BSI WHEELS, INC.",,,,USA,UNITED STATES,"10725 SPRINGDALE AVE, UNIT 2",,69154,SANTA FE SPRINGS,06037,LOS ANGELES,06,CA,CALIFORNIA,90670,,CA-38,CA-38,,,,COUNTY-WIDE,USA,UNITED STATES,CA**037,,06037,LOS ANGELES,06,CALIFORNIA,,CA-38,CA-90,,59.073: PAYCHECK PROTECTION LOAN PROGRAM (PPP),,,08,GUARANTEED/INSURED LOAN (F),TO AID SMALL BUSINESSES IN MAINTAINING WORK FORCE DURING COVID-19 PANDEMIC.,NON,NOT RECOVERY ACT,R,SMALL BUSINESS,2,NON-AGGREGATE RECORD,,,,,,,,,,,https://www.usaspending.gov/award/ASST_NON_5057158200_073/,2021-01-06 03:33:53.27803+00
ASST_NON_5104008205_073,5104008205,,SAI EXEMPT,O: Non-emergency P.L. 116-136|Non-emergency P.L. 116-139|Non-emergency P.L. 116-260|Non-emergency P.L. 117-2,703691.84,703691.84,,,2020-08-24,2020,0.00,703691.84,,,0.00,691793.00,703691.84,2020-08-07,2020,,,073,Small Business Administration,7300,Small Business Administration,737010,OFC OF CAPITAL ACCESS,073,Small Business Administration,7300,Small Business Administration,737010,OFC OF CAPITAL ACCESS,073-2020/2021-1154-000,073-1154,"41.0: Grants, subsidies, and contributions",0702: LOAN GUARANTEE SUBSIDY,,,MULTI SOURCE TRADING GROUP LLC,MULTI SOURCE TRADING GROUP LLC,,,,USA,UNITED STATES,3979 N MISSION RD,,44000,LOS ANGELES,06037,LOS ANGELES,06,CA,CALIFORNIA,90031,,CA-34,CA-90,,,,COUNTY-WIDE,USA,UNITED STATES,CA**037,,06037,LOS ANGELES,06,CALIFORNIA,,CA-34,CA-90,,59.073: PAYCHECK PROTECTION LOAN PROGRAM (PPP),,,08,GUARANTEED/INSURED LOAN (F),TO AID SMALL BUSINESSES IN MAINTAINING WORK FORCE DURING COVID-19 PANDEMIC.,NON,NOT RECOVERY ACT,R,SMALL BUSINESS,2,NON-AGGREGATE RECORD,,,,,,,,,,,https://www.usaspending.gov/award/ASST_NON_5104008205_073/,2021-01-06 03:33:53.27803+00
ASST_NON_5110438201_073,5110438201,,SAI EXEMPT,O: Non-emergency P.L. 116-136|Non-emergency P.L. 116-139|Non-emergency P.L. 116-260|Non-emergency P.L. 117-2,18716.48,18716.48,,,2020-08-24,2020,0.00,18716.48,,,0.00,18400.00,18716.48,2020-08-07,2020,,,073,Small Business Administration,7300,Small Business Administration,737010,OFC OF CAPITAL ACCESS,073,Small Business Administration,7300,Small Business Administration,737010,OFC OF CAPITAL ACCESS,073-2020/2021-1154-000,073-1154,"41.0: Grants, subsidies, and contributions",0702: LOAN GUARANTEE SUBSIDY,,,KOCHAN & STEPHENSON,KOCHAN & STEPHENSON,,,,USA,UNITED STATES,"1680, SHATTUCK AVENUE ,",,06000,BERKELEY,06001,ALAMEDA,06,CA,CALIFORNIA,94709,,CA-13,CA-12,,,,COUNTY-WIDE,USA,UNITED STATES,CA**001,,06001,ALAMEDA,06,CALIFORNIA,,CA-13,CA-90,,59.073: PAYCHECK PROTECTION LOAN PROGRAM (PPP),,,08,GUARANTEED/INSURED LOAN (F),TO AID SMALL BUSINESSES IN MAINTAINING WORK FORCE DURING COVID-19 PANDEMIC.,NON,NOT RECOVERY ACT,R,SMALL BUSINESS,2,NON-AGGREGATE RECORD,,,,,,,,,,,https://www.usaspending.gov/award/ASST_NON_5110438201_073/,2021-01-06 03:33:53.27803+00
ASST_NON_5117078203_073,5117078203,,SAI EXEMPT,O: Non-emergency P.L. 116-136|Non-emergency P.L. 116-139|Non-emergency P.L. 116-260|Non-emergency P.L. 117-2,13833.92,13833.92,,,2020-08-24,2020,0.00,13833.92,,,0.00,13600.00,13833.92,2020-08-07,2020,,,073,Small Business Administration,7300,Small Business Administration,737010,OFC OF CAPITAL ACCESS,073,Small Business Administration,7300,Small Business Administration,737010,OFC OF CAPITAL ACCESS,073-2020/2021-1154-000,073-1154,"41.0: Grants, subsidies, and contributions",0702: LOAN GUARANTEE SUBSIDY,,,ACCESS ACUNCTURE AND HOLISTIC HEALTH,ACCESS ACUNCTURE AND HOLISTIC HEALTH,,,,USA,UNITED STATES,20072 SW BIRCH STREET,,51182,NEWPORT BEACH,06059,ORANGE,06,CA,CALIFORNIA,92660,,CA-48,CA-47,,,,COUNTY-WIDE,USA,UNITED STATES,CA**059,,06059,ORANGE,06,CALIFORNIA,,CA-48,CA-90,,59.073: PAYCHECK PROTECTION LOAN PROGRAM (PPP),,,08,GUARANTEED/INSURED LOAN (F),TO AID SMALL BUSINESSES IN MAINTAINING WORK FORCE DURING COVID-19 PANDEMIC.,NON,NOT RECOVERY ACT,R,SMALL BUSINESS,2,NON-AGGREGATE RECORD,,,,,,,,,,,https://www.usaspending.gov/award/ASST_NON_5117078203_073/,2021-01-06 03:33:53.27803+00
ASST_NON_5175948202_073,5175948202,,SAI EXEMPT,O: Non-emergency P.L. 116-136|Non-emergency P.L. 116-139|Non-emergency P.L. 116-260|Non-emergency P.L. 117-2,21242.19,21242.19,,,2020-08-24,2020,0.00,21242.19,,,0.00,20883.00,21242.19,2020-08-07,2020,,,073,Small Business Administration,7300,Small Business Administration,737010,OFC OF CAPITAL ACCESS,073,Small Business Administration,7300,Small Business Administration,737010,OFC OF CAPITAL ACCESS,073-2020/2021-1154-000,073-1154,"41.0: Grants, subsidies, and contributions",0702: LOAN GUARANTEE SUBSIDY,,,MARITIME PILOT,MARITIME PILOT,,,,USA,UNITED STATES,13848 LAVA DOME WAY,,50874,NEVADA CITY,06057,NEVADA,06,CA,CALIFORNIA,95959,,CA-01,CA-03,,,,COUNTY-WIDE,USA,UNITED STATES,CA**057,,06057,NEVADA,06,CALIFORNIA,,CA-01,CA-03,,59.073: PAYCHECK PROTECTION LOAN PROGRAM (PPP),,,08,GUARANTEED/INSURED LOAN (F),TO AID SMALL BUSINESSES IN MAINTAINING WORK FORCE DURING COVID-19 PANDEMIC.,NON,NOT RECOVERY ACT,P,INDIVIDUAL,2,NON-AGGREGATE RECORD,,,,,,,,,,,https://www.usaspending.gov/award/ASST_NON_5175948202_073/,2021-01-06 03:33:53.27803+00
ASST_NON_5201467209_073,5201467209,,SAI EXEMPT,O: Non-emergency P.L. 116-136|Non-emergency P.L. 116-139|Non-emergency P.L. 116-260|Non-emergency P.L. 117-2,5391.16,5391.16,,,2020-08-24,2020,0.00,5391.16,,,0.00,5300.00,5391.16,2020-04-27,2020,,,073,Small Business Administration,7300,Small Business Administration,737010,OFC OF CAPITAL ACCESS,073,Small Business Administration,7300,Small Business Administration,737010,OFC OF CAPITAL ACCESS,073-2020/2021-1154-000,073-1154,"41.0: Grants, subsidies, and contributions",0702: LOAN GUARANTEE SUBSIDY,,,CHANTAL BLASH,CHANTAL BLASH,,,,USA,UNITED STATES,421 E MIRAMAR AVE,,13756,CLAREMONT,06037,LOS ANGELES,06,CA,CALIFORNIA,91711,,CA-27,CA-28,,,,COUNTY-WIDE,USA,UNITED STATES,CA**037,,06037,LOS ANGELES,06,CALIFORNIA,,CA-27,CA-90,,59.073: PAYCHECK PROTECTION LOAN PROGRAM (PPP),,,08,GUARANTEED/INSURED LOAN (F),TO AID SMALL BUSINESSES IN MAINTAINING WORK FORCE DURING COVID-19 PANDEMIC.,NON,NOT RECOVERY ACT,P,INDIVIDUAL,2,NON-AGGREGATE RECORD,,,,,,,,,,,https://www.usaspending.gov/award/ASST_NON_5201467209_073/,2021-01-06 03:33:53.27803+00
ASST_NON_5212168008_073,5212168008,,SAI EXEMPT,O: Non-emergency P.L. 116-136|Non-emergency P.L. 116-139|Non-emergency P.L. 116-260|Non-emergency P.L. 117-2,,0.00,,,2020-08-24,2020,0.00,0.00,,,0.00,0.00,0.00,2020-06-27,2020,,,073,Small Business Administration,7300,Small Business Administration,737010,OFC OF CAPITAL ACCESS,073,Small Business Administration,7300,Small Business Administration,737010,OFC OF CAPITAL ACCESS,073-2020/2021-1154-000,073-1154,"41.0: Grants, subsidies, and contributions",0702: LOAN GUARANTEE SUBSIDY,,,LB FUNDING LLC,LB FUNDING LLC,,,,USA,UNITED STATES,701 WEST OCEAN BLVD.,,43000,LONG BEACH,06037,LOS ANGELES,06,CA,CALIFORNIA,90831,,CA-47,CA-42,,,,COUNTY-WIDE,USA,UNITED STATES,CA**037,,06037,LOS ANGELES,06,CALIFORNIA,,CA-47,CA-90,,59.073: PAYCHECK PROTECTION LOAN PROGRAM (PPP),,,08,GUARANTEED/INSURED LOAN (F),TO AID SMALL BUSINESSES IN MAINTAINING WORK FORCE DURING COVID-19 PANDEMIC.,NON,NOT RECOVERY ACT,R,SMALL BUSINESS,2,NON-AGGREGATE RECORD,,,,,,,,,,,https://www.usaspending.gov/award/ASST_NON_5212168008_073/,2021-01-06 03:33:53.27803+00
ASST_NON_5213958000_073,5213958000,,SAI EXEMPT,O: Non-emergency P.L. 116-136|Non-emergency P.L. 116-139|Non-emergency P.L. 116-260|Non-emergency P.L. 117-2,,0.00,,,2020-08-24,2020,0.00,0.00,,,0.00,0.00,0.00,2020-06-27,2020,,,073,Small Business Administration,7300,Small Business Administration,737010,OFC OF CAPITAL ACCESS,073,Small Business Administration,7300,Small Business Administration,737010,OFC OF CAPITAL ACCESS,073-2020/2021-1154-000,073-1154,"41.0: Grants, subsidies, and contributions",0702: LOAN GUARANTEE SUBSIDY,,,TUCSON SEASIDE LLC,TUCSON SEASIDE LLC,,,,USA,UNITED STATES,1441 CANYON DEL REY,,70742,SEASIDE,06053,MONTEREY,06,CA,CALIFORNIA,93955,,CA-20,CA-19,,,,COUNTY-WIDE,USA,UNITED STATES,CA**053,,06053,MONTEREY,06,CALIFORNIA,,CA-20,CA-90,,59.073: PAYCHECK PROTECTION LOAN PROGRAM (PPP),,,08,GUARANTEED/INSURED LOAN (F),TO AID SMALL BUSINESSES IN MAINTAINING WORK FORCE DURING COVID-19 PANDEMIC.,NON,NOT RECOVERY ACT,R,SMALL BUSINESS,2,NON-AGGREGATE RECORD,,,,,,,,,,,https://www.usaspending.gov/award/ASST_NON_5213958000_073/,2021-01-06 03:33:53.27803+00
ASST_NON_5363068206_073,5363068206,,SAI EXEMPT,,,,,,2020-08-24,2020,0.00,,,,0.00,0.00,0.00,2020-08-07,2020,,,073,Small Business Administration,7300,Small Business Administration,737010,OFC OF CAPITAL ACCESS,073,Small Business Administration,7300,Small Business Administration,737010,OFC OF CAPITAL ACCESS,,,,,,,AUTHORSDEN.COM,AUTHORSDEN.COM,,,,USA,UNITED STATES,16481 VIA,,59346,RAMONA,06073,SAN DIEGO,06,CA,CALIFORNIA,92065,,CA-50,CA-48,,,,COUNTY-WIDE,USA,UNITED STATES,CA**073,,06073,SAN DIEGO,06,CALIFORNIA,,CA-50,CA-90,,59.073: PAYCHECK PROTECTION LOAN PROGRAM (PPP),,,08,GUARANTEED/INSURED LOAN (F),TO AID SMALL BUSINESSES IN MAINTAINING WORK FORCE DURING COVID-19 PANDEMIC.,NON,NOT RECOVERY ACT,R,SMALL BUSINESS,2,NON-AGGREGATE RECORD,,,,,,,,,,,https://www.usaspending.gov/award/ASST_NON_5363068206_073/,2021-01-06 03:33:53.27803+00
ASST_NON_5397107403_073,5397107403,,SAI EXEMPT,O: Non-emergency P.L. 116-136|Non-emergency P.L. 116-139|Non-emergency P.L. 116-260|Non-emergency P.L. 117-2,1658.04,1658.04,,,2020-08-24,2020,0.00,1658.04,,,0.00,1630.00,1658.04,2020-05-12,2020,,,073,Small Business Administration,7300,Small Business Administration,737010,OFC OF CAPITAL ACCESS,073,Small Business Administration,7300,Small Business Administration,737010,OFC OF CAPITAL ACCESS,073-2020/2021-1154-000,073-1154,"41.0: Grants, subsidies, and contributions",0702: LOAN GUARANTEE SUBSIDY,,,NAM'S CONSTRUCTION,NAM'S CONSTRUCTION,,,,USA,UNITED STATES,10661 ANCHOR AVE,,29000,GARDEN GROVE,06059,ORANGE,06,CA,CALIFORNIA,92843,,CA-47,CA-45,,,,COUNTY-WIDE,USA,UNITED STATES,CA**059,,06059,ORANGE,06,CALIFORNIA,,CA-47,CA-90,,59.073: PAYCHECK PROTECTION LOAN PROGRAM (PPP),,,08,GUARANTEED/INSURED LOAN (F),TO AID SMALL BUSINESSES IN MAINTAINING WORK FORCE DURING COVID-19 PANDEMIC.,NON,NOT RECOVERY ACT,R,SMALL BUSINESS,2,NON-AGGREGATE RECORD,,,,,,,,,,,https://www.usaspending.gov/award/ASST_NON_5397107403_073/,2021-01-06 03:33:53.27803+00
ASST_NON_5444198201_073,5444198201,,SAI EXEMPT,O: Non-emergency P.L. 116-136|Non-emergency P.L. 116-139|Non-emergency P.L. 116-260|Non-emergency P.L. 117-2,8094.88,8094.88,,,2020-08-24,2020,0.00,8094.88,,,0.00,7958.00,8094.88,2020-08-07,2020,,,073,Small Business Administration,7300,Small Business Administration,737010,OFC OF CAPITAL ACCESS,073,Small Business Administration,7300,Small Business Administration,737010,OFC OF CAPITAL ACCESS,073-2020/2021-1154-000,073-1154,"41.0: Grants, subsidies, and contributions",0702: LOAN GUARANTEE SUBSIDY,,,TAMMY_VAUGHAN,TAMMY_VAUGHAN,,,,USA,UNITED STATES,3617 17TH AVENUE,,64000,SACRAMENTO,06067,SACRAMENTO,06,CA,CALIFORNIA,95820,,CA-06,CA-07,,,,COUNTY-WIDE,USA,UNITED STATES,CA**067,,06067,SACRAMENTO,06,CALIFORNIA,,CA-06,CA-90,,59.073: PAYCHECK PROTECTION LOAN PROGRAM (PPP),,,08,GUARANTEED/INSURED LOAN (F),TO AID SMALL BUSINESSES IN MAINTAINING WORK FORCE DURING COVID-19 PANDEMIC.,NON,NOT RECOVERY ACT,P,INDIVIDUAL,2,NON-AGGREGATE RECORD,,,,,,,,,,,https://www.usaspending.gov/award/ASST_NON_5444198201_073/,2021-01-06 03:33:53.27803+00
ASST_NON_5464558210_073,5464558210,,SAI EXEMPT,,,,,,2020-08-24,2020,0.00,,,,0.00,0.00,0.00,2020-08-08,2020,,,073,Small Business Administration,7300,Small Business Administration,737010,OFC OF CAPITAL ACCESS,073,Small Business Administration,7300,Small Business Administration,737010,OFC OF CAPITAL ACCESS,,,,,,,DONALD COOPER,DONALD COOPER,,,,USA,UNITED STATES,1705 MOUNTAIN AVE S,,48648,MONROVIA,06037,LOS ANGELES,06,CA,CALIFORNIA,91016,,CA-32,CA-31,,,,COUNTY-WIDE,USA,UNITED STATES,CA**037,,06037,LOS ANGELES,06,CALIFORNIA,,CA-32,CA-90,,59.073: PAYCHECK PROTECTION LOAN PROGRAM (PPP),,,08,GUARANTEED/INSURED LOAN (F),TO AID SMALL BUSINESSES IN MAINTAINING WORK FORCE DURING COVID-19 PANDEMIC.,NON,NOT RECOVERY ACT,P,INDIVIDUAL,2,NON-AGGREGATE RECORD,,,,,,,,,,,https://www.usaspending.gov/award/ASST_NON_5464558210_073/,2021-01-06 03:33:53.27803+00
ASST_NON_5496548201_073,5496548201,,SAI EXEMPT,,,,,,2020-08-24,2020,0.00,,,,0.00,0.00,0.00,2020-08-08,2020,,,073,Small Business Administration,7300,Small Business Administration,737010,OFC OF CAPITAL ACCESS,073,Small Business Administration,7300,Small Business Administration,737010,OFC OF CAPITAL ACCESS,,,,,,,SPUN RECORDS LLC,SPUN RECORDS LLC,,,,USA,UNITED STATES,338 MOSCOW STREET,,67000,SAN FRANCISCO,06075,SAN FRANCISCO,06,CA,CALIFORNIA,94112,,CA-14,CA-90,,,,COUNTY-WIDE,USA,UNITED STATES,CA**075,,06075,SAN FRANCISCO,06,CALIFORNIA,,CA-14,CA-90,,59.073: PAYCHECK PROTECTION LOAN PROGRAM (PPP),,,08,GUARANTEED/INSURED LOAN (F),TO AID SMALL BUSINESSES IN MAINTAINING WORK FORCE DURING COVID-19 PANDEMIC.,NON,NOT RECOVERY ACT,R,SMALL BUSINESS,2,NON-AGGREGATE RECORD,,,,,,,,,,,https://www.usaspending.gov/award/ASST_NON_5496548201_073/,2021-01-06 03:33:53.27803+00
ASST_NON_5499208210_073,5499208210,,SAI EXEMPT,,,,,,2020-08-24,2020,0.00,,,,0.00,0.00,0.00,2020-08-08,2020,,,073,Small Business Administration,7300,Small Business Administration,737010,OFC OF CAPITAL ACCESS,073,Small Business Administration,7300,Small Business Administration,737010,OFC OF CAPITAL ACCESS,,,,,,,GREEN GRASS & HIGH TIDES LLC,GREEN GRASS & HIGH TIDES LLC,,,,USA,UNITED STATES,160 CANYON PL,,68378,SAN RAMON,06013,CONTRA COSTA,06,CA,CALIFORNIA,94582,,CA-15,CA-10,,,,COUNTY-WIDE,USA,UNITED STATES,CA**013,,06013,CONTRA COSTA,06,CALIFORNIA,,CA-15,CA-90,,59.073: PAYCHECK PROTECTION LOAN PROGRAM (PPP),,,08,GUARANTEED/INSURED LOAN (F),TO AID SMALL BUSINESSES IN MAINTAINING WORK FORCE DURING COVID-19 PANDEMIC.,NON,NOT RECOVERY ACT,R,SMALL BUSINESS,2,NON-AGGREGATE RECORD,,,,,,,,,,,https://www.usaspending.gov/award/ASST_NON_5499208210_073/,2021-01-06 03:33:53.27803+00
ASST_NON_5523327706_073,5523327706,,SAI EXEMPT,O: Non-emergency P.L. 116-136|Non-emergency P.L. 116-139|Non-emergency P.L. 116-260|Non-emergency P.L. 117-2,102739.23,102739.23,,,2020-08-24,2020,0.00,102739.23,,,0.00,101002.00,102739.23,2020-05-03,2020,,,073,Small Business Administration,7300,Small Business Administration,737010,OFC OF CAPITAL ACCESS,073,Small Business Administration,7300,Small Business Administration,737010,OFC OF CAPITAL ACCESS,073-2020/2021-1154-000,073-1154,"41.0: Grants, subsidies, and contributions",0702: LOAN GUARANTEE SUBSIDY,,,"BROADAX SYSTEMS, INC.","BROADAX SYSTEMS, INC.",,,,USA,UNITED STATES,1283 W STATE ST,,53896,ONTARIO,06071,SAN BERNARDINO,06,CA,CALIFORNIA,91762,,CA-35,CA-35,,,,COUNTY-WIDE,USA,UNITED STATES,CA**071,,06071,SAN BERNARDINO,06,CALIFORNIA,,CA-35,CA-90,,59.073: PAYCHECK PROTECTION LOAN PROGRAM (PPP),,,08,GUARANTEED/INSURED LOAN (F),TO AID SMALL BUSINESSES IN MAINTAINING WORK FORCE DURING COVID-19 PANDEMIC.,NON,NOT RECOVERY ACT,R,SMALL BUSINESS,2,NON-AGGREGATE RECORD,,,,,,,,,,,https://www.usaspending.gov/award/ASST_NON_5523327706_073/,2021-01-06 03:33:53.27803+00
ASST_NON_5541108209_073,5541108209,,SAI EXEMPT,,,,,,2020-08-24,2020,0.00,,,,0.00,0.00,0.00,2020-08-08,2020,,,073,Small Business Administration,7300,Small Business Administration,737010,OFC OF CAPITAL ACCESS,073,Small Business Administration,7300,Small Business Administration,737010,OFC OF CAPITAL ACCESS,,,,,,,"HANDCRAFTED WOODS , INC.","HANDCRAFTED WOODS , INC.",,,,USA,UNITED STATES,22182 CEDAR RD,,80966,TWAIN HARTE,06109,TUOLUMNE,06,CA,CALIFORNIA,95383,,CA-04,CA-05,,,,COUNTY-WIDE,USA,UNITED STATES,CA**109,,06109,TUOLUMNE,06,CALIFORNIA,,CA-04,CA-05,,59.073: PAYCHECK PROTECTION LOAN PROGRAM (PPP),,,08,GUARANTEED/INSURED LOAN (F),TO AID SMALL BUSINESSES IN MAINTAINING WORK FORCE DURING COVID-19 PANDEMIC.,NON,NOT RECOVERY ACT,R,SMALL BUSINESS,2,NON-AGGREGATE RECORD,,,,,,,,,,,https://www.usaspending.gov/award/ASST_NON_5541108209_073/,2021-01-06 03:33:53.27803+00
ASST_NON_5577868205_073,5577868205,,SAI EXEMPT,O: Non-emergency P.L. 116-136|Non-emergency P.L. 116-139|Non-emergency P.L. 116-260|Non-emergency P.L. 117-2,38343.35,38343.35,,,2020-08-24,2020,0.00,38343.35,,,0.00,37695.00,38343.35,2020-08-08,2020,,,073,Small Business Administration,7300,Small Business Administration,737010,OFC OF CAPITAL ACCESS,073,Small Business Administration,7300,Small Business Administration,737010,OFC OF CAPITAL ACCESS,073-2020/2021-1154-000,073-1154,"41.0: Grants, subsidies, and contributions",0702: LOAN GUARANTEE SUBSIDY,,,HUNTINGTON SUPER PAWN INC,HUNTINGTON SUPER PAWN INC,,,,USA,UNITED STATES,17731 BEACH BLVD,,36000,HUNTINGTON BEACH,06059,ORANGE,06,CA,CALIFORNIA,92647,,CA-48,CA-47,,,,COUNTY-WIDE,USA,UNITED STATES,CA**059,,06059,ORANGE,06,CALIFORNIA,,CA-48,CA-90,,59.073: PAYCHECK PROTECTION LOAN PROGRAM (PPP),,,08,GUARANTEED/INSURED LOAN (F),TO AID SMALL BUSINESSES IN MAINTAINING WORK FORCE DURING COVID-19 PANDEMIC.,NON,NOT RECOVERY ACT,R,SMALL BUSINESS,2,NON-AGGREGATE RECORD,,,,,,,,,,,https://www.usaspending.gov/award/ASST_NON_5577868205_073/,2021-01-06 03:33:53.27803+00
ASST_NON_5584248205_073,5584248205,,SAI EXEMPT,O: Non-emergency P.L. 116-136|Non-emergency P.L. 116-139|Non-emergency P.L. 116-260|Non-emergency P.L. 117-2,18720.55,18720.55,,,2020-08-24,2020,0.00,18720.55,,,0.00,18404.00,18720.55,2020-08-08,2020,,,073,Small Business Administration,7300,Small Business Administration,737010,OFC OF CAPITAL ACCESS,073,Small Business Administration,7300,Small Business Administration,737010,OFC OF CAPITAL ACCESS,073-2020/2021-1154-000,073-1154,"41.0: Grants, subsidies, and contributions",0702: LOAN GUARANTEE SUBSIDY,,,CATHERINE_BINAMO,CATHERINE_BINAMO,,,,USA,UNITED STATES,17543 KITTRIDGE ST.,,82128,VAN NUYS,06037,LOS ANGELES,06,CA,CALIFORNIA,91406,,CA-30,CA-29,,,,COUNTY-WIDE,USA,UNITED STATES,CA**037,,06037,LOS ANGELES,06,CALIFORNIA,,CA-30,CA-90,,59.073: PAYCHECK PROTECTION LOAN PROGRAM (PPP),,,08,GUARANTEED/INSURED LOAN (F),TO AID SMALL BUSINESSES IN MAINTAINING WORK FORCE DURING COVID-19 PANDEMIC.,NON,NOT RECOVERY ACT,P,INDIVIDUAL,2,NON-AGGREGATE RECORD,,,,,,,,,,,https://www.usaspending.gov/award/ASST_NON_5584248205_073/,2021-01-06 03:33:53.27803+00
ASST_NON_5586838209_073,5586838209,,SAI EXEMPT,O: Non-emergency P.L. 116-136|Non-emergency P.L. 116-139|Non-emergency P.L. 116-260|Non-emergency P.L. 117-2,123522.66,123522.66,,,2020-08-24,2020,0.00,123522.66,,,0.00,121434.00,123522.66,2020-08-08,2020,,,073,Small Business Administration,7300,Small Business Administration,737010,OFC OF CAPITAL ACCESS,073,Small Business Administration,7300,Small Business Administration,737010,OFC OF CAPITAL ACCESS,073-2020/2021-1154-000,073-1154,"41.0: Grants, subsidies, and contributions",0702: LOAN GUARANTEE SUBSIDY,,,COLONY_LIFESTYLES,COLONY_LIFESTYLES,,,,USA,UNITED STATES,1 PAGODA PLACE,,67000,SAN FRANCISCO,06075,SAN FRANCISCO,06,CA,CALIFORNIA,94108,,CA-12,CA-11,,,,COUNTY-WIDE,USA,UNITED STATES,CA**075,,06075,SAN FRANCISCO,06,CALIFORNIA,,CA-12,CA-90,,59.073: PAYCHECK PROTECTION LOAN PROGRAM (PPP),,,08,GUARANTEED/INSURED LOAN (F),TO AID SMALL BUSINESSES IN MAINTAINING WORK FORCE DURING COVID-19 PANDEMIC.,NON,NOT RECOVERY ACT,R,SMALL BUSINESS,2,NON-AGGREGATE RECORD,,,,,,,,,,,https://www.usaspending.gov/award/ASST_NON_5586838209_073/,2021-01-06 03:33:53.27803+00
ASST_NON_5587398210_073,5587398210,,SAI EXEMPT,O: Non-emergency P.L. 116-136|Non-emergency P.L. 116-139|Non-emergency P.L. 116-260|Non-emergency P.L. 117-2,4788.98,4788.98,,,2020-08-24,2020,0.00,4788.98,,,0.00,4708.00,4788.98,2020-08-08,2020,,,073,Small Business Administration,7300,Small Business Administration,737010,OFC OF CAPITAL ACCESS,073,Small Business Administration,7300,Small Business Administration,737010,OFC OF CAPITAL ACCESS,073-2020/2021-1154-000,073-1154,"41.0: Grants, subsidies, and contributions",0702: LOAN GUARANTEE SUBSIDY,,,DLINEAGE_INVESTMENT_INC,DLINEAGE_INVESTMENT_INC,,,,USA,UNITED STATES,1060 OXFORD DR,,54652,OXNARD,06111,VENTURA,06,CA,CALIFORNIA,93030,,CA-26,CA-26,,,,COUNTY-WIDE,USA,UNITED STATES,CA**111,,06111,VENTURA,06,CALIFORNIA,,CA-26,CA-26,,59.073: PAYCHECK PROTECTION LOAN PROGRAM (PPP),,,08,GUARANTEED/INSURED LOAN (F),TO AID SMALL BUSINESSES IN MAINTAINING WORK FORCE DURING COVID-19 PANDEMIC.,NON,NOT RECOVERY ACT,R,SMALL BUSINESS,2,NON-AGGREGATE RECORD,,,,,,,,,,,https://www.usaspending.gov/award/ASST_NON_5587398210_073/,2021-01-06 03:33:53.27803+00
ASST_NON_5596878203_073,5596878203,,SAI EXEMPT,,,,,,2020-08-24,2020,0.00,,,,0.00,0.00,0.00,2020-08-08,2020,,,073,Small Business Administration,7300,Small Business Administration,737010,OFC OF CAPITAL ACCESS,073,Small Business Administration,7300,Small Business Administration,737010,OFC OF CAPITAL ACCESS,,,,,,,S AND K MAC TRUCKING LLC,S AND K MAC TRUCKING LLC,,,,USA,UNITED STATES,771 BOGEY DR,,04758,BEAUMONT,06065,RIVERSIDE,06,CA,CALIFORNIA,92223,,CA-36,CA-25,,,,COUNTY-WIDE,USA,UNITED STATES,CA**065,,06065,RIVERSIDE,06,CALIFORNIA,,CA-36,CA-90,,59.073: PAYCHECK PROTECTION LOAN PROGRAM (PPP),,,08,GUARANTEED/INSURED LOAN (F),TO AID SMALL BUSINESSES IN MAINTAINING WORK FORCE DURING COVID-19 PANDEMIC.,NON,NOT RECOVERY ACT,R,SMALL BUSINESS,2,NON-AGGREGATE RECORD,,,,,,,,,,,https://www.usaspending.gov/award/ASST_NON_5596878203_073/,2021-01-06 03:33:53.27803+00
ASST_NON_5598518204_073,5598518204,,SAI EXEMPT,,,,,,2020-08-24,2020,0.00,,,,0.00,0.00,0.00,2020-08-08,2020,,,073,Small Business Administration,7300,Small Business Administration,737010,OFC OF CAPITAL ACCESS,073,Small Business Administration,7300,Small Business Administration,737010,OFC OF CAPITAL ACCESS,,,,,,,MARTINEZ_CATERING,MARTINEZ_CATERING,,,,USA,UNITED STATES,24112 MOULTON,,39259,LAGUNA WOODS,06059,ORANGE,06,CA,CALIFORNIA,92637,,CA-45,CA-40,,,,COUNTY-WIDE,USA,UNITED STATES,CA**059,,06059,ORANGE,06,CALIFORNIA,,CA-45,CA-90,,59.073: PAYCHECK PROTECTION LOAN PROGRAM (PPP),,,08,GUARANTEED/INSURED LOAN (F),TO AID SMALL BUSINESSES IN MAINTAINING WORK FORCE DURING COVID-19 PANDEMIC.,NON,NOT RECOVERY ACT,P,INDIVIDUAL,2,NON-AGGREGATE RECORD,,,,,,,,,,,https://www.usaspending.gov/award/ASST_NON_5598518204_073/,2021-01-06 03:33:53.27803+00
ASST_NON_5603118208_073,5603118208,,SAI EXEMPT,,,,,,2020-08-24,2020,0.00,,,,0.00,0.00,0.00,2020-08-08,2020,,,073,Small Business Administration,7300,Small Business Administration,737010,OFC OF CAPITAL ACCESS,073,Small Business Administration,7300,Small Business Administration,737010,OFC OF CAPITAL ACCESS,,,,,,,"PAYU_PRODUCTIONS,_INC","PAYU_PRODUCTIONS,_INC",,,,USA,UNITED STATES,2002 OAK STREET,,73220,SOUTH PASADENA,06037,LOS ANGELES,06,CA,CALIFORNIA,91030,,CA-27,CA-28,,,,COUNTY-WIDE,USA,UNITED STATES,CA**037,,06037,LOS ANGELES,06,CALIFORNIA,,CA-27,CA-90,,59.073: PAYCHECK PROTECTION LOAN PROGRAM (PPP),,,08,GUARANTEED/INSURED LOAN (F),TO AID SMALL BUSINESSES IN MAINTAINING WORK FORCE DURING COVID-19 PANDEMIC.,NON,NOT RECOVERY ACT,R,SMALL BUSINESS,2,NON-AGGREGATE RECORD,,,,,,,,,,,https://www.usaspending.gov/award/ASST_NON_5603118208_073/,2021-01-06 03:33:53.27803+00
ASST_NON_5613938200_073,5613938200,,SAI EXEMPT,,,,,,2020-08-24,2020,0.00,,,,0.00,0.00,0.00,2020-08-08,2020,,,073,Small Business Administration,7300,Small Business Administration,737010,OFC OF CAPITAL ACCESS,073,Small Business Administration,7300,Small Business Administration,737010,OFC OF CAPITAL ACCESS,,,,,,,"TOP_GUN_MARKETING,_INC","TOP_GUN_MARKETING,_INC",,,,USA,UNITED STATES,6985 ARLINGTON AVE,,62000,RIVERSIDE,06065,RIVERSIDE,06,CA,CALIFORNIA,92503,,CA-42,CA-39,,,,COUNTY-WIDE,USA,UNITED STATES,CA**065,,06065,RIVERSIDE,06,CALIFORNIA,,CA-42,CA-90,,59.073: PAYCHECK PROTECTION LOAN PROGRAM (PPP),,,08,GUARANTEED/INSURED LOAN (F),TO AID SMALL BUSINESSES IN MAINTAINING WORK FORCE DURING COVID-19 PANDEMIC.,NON,NOT RECOVERY ACT,R,SMALL BUSINESS,2,NON-AGGREGATE RECORD,,,,,,,,,,,https://www.usaspending.gov/award/ASST_NON_5613938200_073/,2021-01-06 03:33:53.27803+00
ASST_NON_5635798207_073,5635798207,,SAI EXEMPT,,,,,,2020-08-24,2020,0.00,,,,0.00,0.00,0.00,2020-08-08,2020,,,073,Small Business Administration,7300,Small Business Administration,737010,OFC OF CAPITAL ACCESS,073,Small Business Administration,7300,Small Business Administration,737010,OFC OF CAPITAL ACCESS,,,,,,,101 AUTO TRANSPORT L.L.C.,101 AUTO TRANSPORT L.L.C.,,,,USA,UNITED STATES,1417 DICKINSON ST,,69196,SANTA MARIA,06083,SANTA BARBARA,06,CA,CALIFORNIA,93455,,CA-24,CA-24,,,,COUNTY-WIDE,USA,UNITED STATES,CA**083,,06083,SANTA BARBARA,06,CALIFORNIA,,CA-24,CA-24,,59.073: PAYCHECK PROTECTION LOAN PROGRAM (PPP),,,08,GUARANTEED/INSURED LOAN (F),TO AID SMALL BUSINESSES IN MAINTAINING WORK FORCE DURING COVID-19 PANDEMIC.,NON,NOT RECOVERY ACT,R,SMALL BUSINESS,2,NON-AGGREGATE RECORD,,,,,,,,,,,https://www.usaspending.gov/award/ASST_NON_5635798207_073/,2021-01-06 03:33:53.27803+00
ASST_NON_5655208202_073,5655208202,,SAI EXEMPT,,,,,,2020-08-24,2020,0.00,,,,0.00,0.00,0.00,2020-08-08,2020,,,073,Small Business Administration,7300,Small Business Administration,737010,OFC OF CAPITAL ACCESS,073,Small Business Administration,7300,Small Business Administration,737010,OFC OF CAPITAL ACCESS,,,,,,,SHAWERMA MASTERS,SHAWERMA MASTERS,,,,USA,UNITED STATES,1802 E WASHINGTON BLVD,,56000,PASADENA,06037,LOS ANGELES,06,CA,CALIFORNIA,91104,,CA-27,CA-28,,,,COUNTY-WIDE,USA,UNITED STATES,CA**037,,06037,LOS ANGELES,06,CALIFORNIA,,CA-27,CA-90,,59.073: PAYCHECK PROTECTION LOAN PROGRAM (PPP),,,08,GUARANTEED/INSURED LOAN (F),TO AID SMALL BUSINESSES IN MAINTAINING WORK FORCE DURING COVID-19 PANDEMIC.,NON,NOT RECOVERY ACT,R,SMALL BUSINESS,2,NON-AGGREGATE RECORD,,,,,,,,,,,https://www.usaspending.gov/award/ASST_NON_5655208202_073/,2021-01-06 03:33:53.27803+00
ASST_NON_5716748205_073,5716748205,,SAI EXEMPT,O: Non-emergency P.L. 116-136|Non-emergency P.L. 116-139|Non-emergency P.L. 116-260|Non-emergency P.L. 117-2,21157.76,21157.76,,,2020-08-24,2020,0.00,21157.76,,,0.00,20800.00,21157.76,2020-08-08,2020,,,073,Small Business Administration,7300,Small Business Administration,737010,OFC OF CAPITAL ACCESS,073,Small Business Administration,7300,Small Business Administration,737010,OFC OF CAPITAL ACCESS,073-2020/2021-1154-000,073-1154,"41.0: Grants, subsidies, and contributions",0702: LOAN GUARANTEE SUBSIDY,,,VANESSA GIORDANO,VANESSA GIORDANO,,,,USA,UNITED STATES,"11550, KLING STREET B,",,51952,NORTH HOLLYWOOD,06037,LOS ANGELES,06,CA,CALIFORNIA,91602,,CA-30,CA-90,,,,COUNTY-WIDE,USA,UNITED STATES,CA**037,,06037,LOS ANGELES,06,CALIFORNIA,,CA-30,CA-90,,59.073: PAYCHECK PROTECTION LOAN PROGRAM (PPP),,,08,GUARANTEED/INSURED LOAN (F),TO AID SMALL BUSINESSES IN MAINTAINING WORK FORCE DURING COVID-19 PANDEMIC.,NON,NOT RECOVERY ACT,P,INDIVIDUAL,2,NON-AGGREGATE RECORD,,,,,,,,,,,https://www.usaspending.gov/award/ASST_NON_5716748205_073/,2021-01-06 03:33:53.27803+00
ASST_NON_5726178204_073,5726178204,,SAI EXEMPT,O: Non-emergency P.L. 116-136|Non-emergency P.L. 116-139|Non-emergency P.L. 116-260|Non-emergency P.L. 117-2,7629.00,7629.00,,,2020-08-24,2020,0.00,7629.00,,,0.00,7500.00,7629.00,2020-08-08,2020,,,073,Small Business Administration,7300,Small Business Administration,737010,OFC OF CAPITAL ACCESS,073,Small Business Administration,7300,Small Business Administration,737010,OFC OF CAPITAL ACCESS,073-2020/2021-1154-000,073-1154,"41.0: Grants, subsidies, and contributions",0702: LOAN GUARANTEE SUBSIDY,,,"MINDFUL FOCUSED THERAPY, A PSYCHOLOGICAL CORPORATION","MINDFUL FOCUSED THERAPY, A PSYCHOLOGICAL CORPORATION",,,,USA,UNITED STATES,13351 RIVERSIDE DR UNIT#581D,,71470,SHERMAN OAKS,06037,LOS ANGELES,06,CA,CALIFORNIA,91423,,CA-30,CA-32,,,,COUNTY-WIDE,USA,UNITED STATES,CA**037,,06037,LOS ANGELES,06,CALIFORNIA,,CA-30,CA-90,,59.073: PAYCHECK PROTECTION LOAN PROGRAM (PPP),,,08,GUARANTEED/INSURED LOAN (F),TO AID SMALL BUSINESSES IN MAINTAINING WORK FORCE DURING COVID-19 PANDEMIC.,NON,NOT RECOVERY ACT,R,SMALL BUSINESS,2,NON-AGGREGATE RECORD,,,,,,,,,,,https://www.usaspending.gov/award/ASST_NON_5726178204_073/,2021-01-06 03:33:53.27803+00
ASST_NON_5736418208_073,5736418208,,SAI EXEMPT,O: Non-emergency P.L. 116-136|Non-emergency P.L. 116-139|Non-emergency P.L. 116-260|Non-emergency P.L. 117-2,21191.33,21191.33,,,2020-08-24,2020,0.00,21191.33,,,0.00,20833.00,21191.33,2020-08-08,2020,,,073,Small Business Administration,7300,Small Business Administration,737010,OFC OF CAPITAL ACCESS,073,Small Business Administration,7300,Small Business Administration,737010,OFC OF CAPITAL ACCESS,073-2020/2021-1154-000,073-1154,"41.0: Grants, subsidies, and contributions",0702: LOAN GUARANTEE SUBSIDY,,,NATALIA KOVALEVA,NATALIA KOVALEVA,,,,USA,UNITED STATES,6 JUPITER HILLS DR,,51182,NEWPORT BEACH,06059,ORANGE,06,CA,CALIFORNIA,92660,,CA-48,CA-47,,,,COUNTY-WIDE,USA,UNITED STATES,CA**059,,06059,ORANGE,06,CALIFORNIA,,CA-48,CA-90,,59.073: PAYCHECK PROTECTION LOAN PROGRAM (PPP),,,08,GUARANTEED/INSURED LOAN (F),TO AID SMALL BUSINESSES IN MAINTAINING WORK FORCE DURING COVID-19 PANDEMIC.,NON,NOT RECOVERY ACT,P,INDIVIDUAL,2,NON-AGGREGATE RECORD,,,,,,,,,,,https://www.usaspending.gov/award/ASST_NON_5736418208_073/,2021-01-06 03:33:53.27803+00
ASST_NON_5743088203_073,5743088203,,SAI EXEMPT,O: Non-emergency P.L. 116-136|Non-emergency P.L. 116-139|Non-emergency P.L. 116-260|Non-emergency P.L. 117-2,7776.49,7776.49,,,2020-08-24,2020,0.00,7776.49,,,0.00,7645.00,7776.49,2020-08-10,2020,,,073,Small Business Administration,7300,Small Business Administration,737010,OFC OF CAPITAL ACCESS,073,Small Business Administration,7300,Small Business Administration,737010,OFC OF CAPITAL ACCESS,073-2020/2021-1154-000,073-1154,"41.0: Grants, subsidies, and contributions",0702: LOAN GUARANTEE SUBSIDY,,,CHRISTOPHER BARNES,CHRISTOPHER BARNES,,,,USA,UNITED STATES,3589 MULTIVIEW DR,,44000,LOS ANGELES,06037,LOS ANGELES,06,CA,CALIFORNIA,90068,,CA-30,CA-30,,,,COUNTY-WIDE,USA,UNITED STATES,CA**037,,06037,LOS ANGELES,06,CALIFORNIA,,CA-30,CA-90,,59.073: PAYCHECK PROTECTION LOAN PROGRAM (PPP),,,08,GUARANTEED/INSURED LOAN (F),TO AID SMALL BUSINESSES IN MAINTAINING WORK FORCE DURING COVID-19 PANDEMIC.,NON,NOT RECOVERY ACT,P,INDIVIDUAL,2,NON-AGGREGATE RECORD,,,,,,,,,,,https://www.usaspending.gov/award/ASST_NON_5743088203_073/,2021-01-06 03:33:53.27803+00
ASST_NON_5768247203_073,5768247203,,SAI EXEMPT,O: Non-emergency P.L. 116-136|Non-emergency P.L. 116-139|Non-emergency P.L. 116-260|Non-emergency P.L. 117-2,13020.16,13020.16,,,2020-08-24,2020,0.00,13020.16,,,0.00,12800.00,13020.16,2020-04-28,2020,,,073,Small Business Administration,7300,Small Business Administration,737010,OFC OF CAPITAL ACCESS,073,Small Business Administration,7300,Small Business Administration,737010,OFC OF CAPITAL ACCESS,073-2020/2021-1154-000,073-1154,"41.0: Grants, subsidies, and contributions",0702: LOAN GUARANTEE SUBSIDY,,,RELENTLESS IMPRESSIONS,RELENTLESS IMPRESSIONS,,,,USA,UNITED STATES,4640 BROOKS ST,,48788,MONTCLAIR,06071,SAN BERNARDINO,06,CA,CALIFORNIA,91763,,CA-35,CA-35,,,,COUNTY-WIDE,USA,UNITED STATES,CA**071,,06071,SAN BERNARDINO,06,CALIFORNIA,,CA-35,CA-90,,59.073: PAYCHECK PROTECTION LOAN PROGRAM (PPP),,,08,GUARANTEED/INSURED LOAN (F),TO AID SMALL BUSINESSES IN MAINTAINING WORK FORCE DURING COVID-19 PANDEMIC.,NON,NOT RECOVERY ACT,P,INDIVIDUAL,2,NON-AGGREGATE RECORD,,,,,,,,,,,https://www.usaspending.gov/award/ASST_NON_5768247203_073/,2021-01-06 03:33:53.27803+00
ASST_NON_5776107708_073,5776107708,,SAI EXEMPT,O: Non-emergency P.L. 116-136|Non-emergency P.L. 116-139|Non-emergency P.L. 116-260|Non-emergency P.L. 117-2,13986.50,13986.50,,,2020-08-24,2020,0.00,13986.50,,,0.00,13750.00,13986.50,2020-05-03,2020,,,073,Small Business Administration,7300,Small Business Administration,737010,OFC OF CAPITAL ACCESS,073,Small Business Administration,7300,Small Business Administration,737010,OFC OF CAPITAL ACCESS,073-2020/2021-1154-000,073-1154,"41.0: Grants, subsidies, and contributions",0702: LOAN GUARANTEE SUBSIDY,,,DIVERSIFORM SERVICES INC,DIVERSIFORM SERVICES INC,,,,USA,UNITED STATES,2500 W 155TH ST,,28168,GARDENA,06037,LOS ANGELES,06,CA,CALIFORNIA,90249,,CA-43,CA-43,,,,COUNTY-WIDE,USA,UNITED STATES,CA**037,,06037,LOS ANGELES,06,CALIFORNIA,,CA-43,CA-90,,59.073: PAYCHECK PROTECTION LOAN PROGRAM (PPP),,,08,GUARANTEED/INSURED LOAN (F),TO AID SMALL BUSINESSES IN MAINTAINING WORK FORCE DURING COVID-19 PANDEMIC.,NON,NOT RECOVERY ACT,R,SMALL BUSINESS,2,NON-AGGREGATE RECORD,,,,,,,,,,,https://www.usaspending.gov/award/ASST_NON_5776107708_073/,2021-01-06 03:33:53.27803+00
ASST_NON_5820628008_073,5820628008,,SAI EXEMPT,O: Non-emergency P.L. 116-136|Non-emergency P.L. 116-139|Non-emergency P.L. 116-260|Non-emergency P.L. 117-2,,0.00,,,2020-08-24,2020,0.00,0.00,,,0.00,0.00,0.00,2020-06-29,2020,,,073,Small Business Administration,7300,Small Business Administration,737010,OFC OF CAPITAL ACCESS,073,Small Business Administration,7300,Small Business Administration,737010,OFC OF CAPITAL ACCESS,073-2020/2021-1154-000,073-1154,"41.0: Grants, subsidies, and contributions",0702: LOAN GUARANTEE SUBSIDY,,,"FIND THE PONY, INC","FIND THE PONY, INC",,,,USA,UNITED STATES,401 1/2 N GARDNER STREET,,44000,LOS ANGELES,06037,LOS ANGELES,06,CA,CALIFORNIA,90036,,CA-33,CA-30,,,,COUNTY-WIDE,USA,UNITED STATES,CA**037,,06037,LOS ANGELES,06,CALIFORNIA,,CA-33,CA-90,,59.073: PAYCHECK PROTECTION LOAN PROGRAM (PPP),,,08,GUARANTEED/INSURED LOAN (F),TO AID SMALL BUSINESSES IN MAINTAINING WORK FORCE DURING COVID-19 PANDEMIC.,NON,NOT RECOVERY ACT,R,SMALL BUSINESS,2,NON-AGGREGATE RECORD,,,,,,,,,,,https://www.usaspending.gov/award/ASST_NON_5820628008_073/,2021-01-06 03:33:53.27803+00
ASST_NON_6252508002_073,6252508002,,SAI EXEMPT,O: Non-emergency P.L. 116-136|Non-emergency P.L. 116-139|Non-emergency P.L. 116-260|Non-emergency P.L. 117-2,,0.00,,,2020-08-24,2020,0.00,0.00,,,0.00,0.00,0.00,2020-06-30,2020,,,073,Small Business Administration,7300,Small Business Administration,737010,OFC OF CAPITAL ACCESS,073,Small Business Administration,7300,Small Business Administration,737010,OFC OF CAPITAL ACCESS,073-2020/2021-1154-000,073-1154,"41.0: Grants, subsidies, and contributions",0702: LOAN GUARANTEE SUBSIDY,,,1961,1961,,,,USA,UNITED STATES,611 STONEY CREEK CT,,41992,LIVERMORE,06085,SANTA CLARA,06,CA,CALIFORNIA,94550,,CA-15,CA-14,,,,COUNTY-WIDE,USA,UNITED STATES,CA**001,,06001,ALAMEDA,06,CALIFORNIA,,CA-15,CA-90,,59.073: PAYCHECK PROTECTION LOAN PROGRAM (PPP),,,08,GUARANTEED/INSURED LOAN (F),TO AID SMALL BUSINESSES IN MAINTAINING WORK FORCE DURING COVID-19 PANDEMIC.,NON,NOT RECOVERY ACT,P,INDIVIDUAL,2,NON-AGGREGATE RECORD,,,,,,,,,,,https://www.usaspending.gov/award/ASST_NON_6252508002_073/,2021-01-06 03:33:53.27803+00
ASST_NON_6282698210_073,6282698210,,SAI EXEMPT,"9: DEFC of '9' Indicates that the data for this row is not related to a COVID-19 P.L. (DEFC not one of the following: ['L', 'M', 'N', 'O', 'P', 'U', 'V']), but that the agency has declined to specify which other DEFC (or combination of DEFCs, in the case that the money hasn't been split out like it would be with a specific DEFC value) applies. This code was discontinued on July 13, 2021.",,,,,2020-08-24,2020,0.00,2488.20,,,0.00,754000.00,2488.20,2020-08-14,2020,,,073,Small Business Administration,7300,Small Business Administration,737010,OFC OF CAPITAL ACCESS,073,Small Business Administration,7300,Small Business Administration,737010,OFC OF CAPITAL ACCESS,073-X-1154-000,073-1154,"41.0: Grants, subsidies, and contributions",0702: LOAN GUARANTEE SUBSIDY,,,"BHAHLB, LLC","BHAHLB, LLC",,,,USA,UNITED STATES,255 REDONDO AVENUE,,43000,LONG BEACH,06037,LOS ANGELES,06,CA,CALIFORNIA,90803,,CA-47,CA-42,,,,COUNTY-WIDE,USA,UNITED STATES,CA**037,,06037,LOS ANGELES,06,CALIFORNIA,,CA-47,CA-90,,59.012: 7(A) LOAN GUARANTEES,,,08,GUARANTEED/INSURED LOAN (F),TO AID SMALL BUSINESSES WHICH ARE UNABLE TO OBTAIN FINANCING IN THE PRIVATE CREDIT MARKETPLACE,NON,NOT RECOVERY ACT,R,SMALL BUSINESS,2,NON-AGGREGATE RECORD,,,,,,,,,,,https://www.usaspending.gov/award/ASST_NON_6282698210_073/,2020-09-04 13:44:33.675634+00
ASST_NON_6305107205_073,6305107205,,SAI EXEMPT,O: Non-emergency P.L. 116-136|Non-emergency P.L. 116-139|Non-emergency P.L. 116-260|Non-emergency P.L. 117-2,161429.64,161429.64,,,2020-08-24,2020,0.00,161429.64,,,0.00,158700.00,161429.64,2020-04-28,2020,,,073,Small Business Administration,7300,Small Business Administration,737010,OFC OF CAPITAL ACCESS,073,Small Business Administration,7300,Small Business Administration,737010,OFC OF CAPITAL ACCESS,073-2020/2021-1154-000,073-1154,"41.0: Grants, subsidies, and contributions",0702: LOAN GUARANTEE SUBSIDY,,,"MARRIAGE & FAMILY THERAPY SERVICES, INC.","MARRIAGE & FAMILY THERAPY SERVICES, INC.",,,,USA,UNITED STATES,428 HARRISON AVE #101,,13756,CLAREMONT,06037,LOS ANGELES,06,CA,CALIFORNIA,91711,,CA-27,CA-28,,,,COUNTY-WIDE,USA,UNITED STATES,CA**037,,06037,LOS ANGELES,06,CALIFORNIA,,CA-27,CA-90,,59.073: PAYCHECK PROTECTION LOAN PROGRAM (PPP),,,08,GUARANTEED/INSURED LOAN (F),TO AID SMALL BUSINESSES IN MAINTAINING WORK FORCE DURING COVID-19 PANDEMIC.,NON,NOT RECOVERY ACT,R,SMALL BUSINESS,2,NON-AGGREGATE RECORD,,,,,,,,,,,https://www.usaspending.gov/award/ASST_NON_6305107205_073/,2021-01-06 03:33:53.27803+00
ASST_NON_6370957710_073,6370957710,,SAI EXEMPT,O: Non-emergency P.L. 116-136|Non-emergency P.L. 116-139|Non-emergency P.L. 116-260|Non-emergency P.L. 117-2,6411.41,6411.41,,,2020-08-24,2020,0.00,6411.41,,,0.00,6303.00,6411.41,2020-05-03,2020,,,073,Small Business Administration,7300,Small Business Administration,737010,OFC OF CAPITAL ACCESS,073,Small Business Administration,7300,Small Business Administration,737010,OFC OF CAPITAL ACCESS,073-2020/2021-1154-000,073-1154,"41.0: Grants, subsidies, and contributions",0702: LOAN GUARANTEE SUBSIDY,,,"JVH INTERNATIONAL, INC.","JVH INTERNATIONAL, INC.",,,,USA,UNITED STATES,2076 W MANCHESTER AVE,,44000,LOS ANGELES,06037,LOS ANGELES,06,CA,CALIFORNIA,90047,,CA-43,CA-37,,,,COUNTY-WIDE,USA,UNITED STATES,CA**037,,06037,LOS ANGELES,06,CALIFORNIA,,CA-43,CA-90,,59.073: PAYCHECK PROTECTION LOAN PROGRAM (PPP),,,08,GUARANTEED/INSURED LOAN (F),TO AID SMALL BUSINESSES IN MAINTAINING WORK FORCE DURING COVID-19 PANDEMIC.,NON,NOT RECOVERY ACT,R,SMALL BUSINESS,2,NON-AGGREGATE RECORD,,,,,,,,,,,https://www.usaspending.gov/award/ASST_NON_6370957710_073/,2021-01-06 03:33:53.27803+00
ASST_NON_6386067708_073,6386067708,,SAI EXEMPT,O: Non-emergency P.L. 116-136|Non-emergency P.L. 116-139|Non-emergency P.L. 116-260|Non-emergency P.L. 117-2,147472.64,147472.64,,,2020-08-24,2020,0.00,147472.64,,,0.00,144979.00,147472.64,2020-05-03,2020,,,073,Small Business Administration,7300,Small Business Administration,737010,OFC OF CAPITAL ACCESS,073,Small Business Administration,7300,Small Business Administration,737010,OFC OF CAPITAL ACCESS,073-2020/2021-1154-000,073-1154,"41.0: Grants, subsidies, and contributions",0702: LOAN GUARANTEE SUBSIDY,,,EAGLES POINT SECURITY LLC,EAGLES POINT SECURITY LLC,,,,USA,UNITED STATES,8057 RAYTHEON RD STE 1,,66000,SAN DIEGO,06073,SAN DIEGO,06,CA,CALIFORNIA,92111,,CA-52,CA-51,,,,COUNTY-WIDE,USA,UNITED STATES,CA**073,,06073,SAN DIEGO,06,CALIFORNIA,,CA-52,CA-90,,59.073: PAYCHECK PROTECTION LOAN PROGRAM (PPP),,,08,GUARANTEED/INSURED LOAN (F),TO AID SMALL BUSINESSES IN MAINTAINING WORK FORCE DURING COVID-19 PANDEMIC.,NON,NOT RECOVERY ACT,R,SMALL BUSINESS,2,NON-AGGREGATE RECORD,,,,,,,,,,,https://www.usaspending.gov/award/ASST_NON_6386067708_073/,2021-01-06 03:33:53.27803+00
ASST_NON_6406958001_073,6406958001,,SAI EXEMPT,O: Non-emergency P.L. 116-136|Non-emergency P.L. 116-139|Non-emergency P.L. 116-260|Non-emergency P.L. 117-2,,0.00,,,2020-08-24,2020,0.00,0.00,,,0.00,0.00,0.00,2020-06-30,2020,,,073,Small Business Administration,7300,Small Business Administration,737010,OFC OF CAPITAL ACCESS,073,Small Business Administration,7300,Small Business Administration,737010,OFC OF CAPITAL ACCESS,073-2020/2021-1154-000,073-1154,"41.0: Grants, subsidies, and contributions",0702: LOAN GUARANTEE SUBSIDY,,,MPSS_INC,MPSS_INC,,,,USA,UNITED STATES,24186 ALICIA PARKWAY,,48256,MISSION VIEJO,06059,ORANGE,06,CA,CALIFORNIA,92691,,CA-45,CA-40,,,,COUNTY-WIDE,USA,UNITED STATES,CA**059,,06059,ORANGE,06,CALIFORNIA,,CA-45,CA-90,,59.073: PAYCHECK PROTECTION LOAN PROGRAM (PPP),,,08,GUARANTEED/INSURED LOAN (F),TO AID SMALL BUSINESSES IN MAINTAINING WORK FORCE DURING COVID-19 PANDEMIC.,NON,NOT RECOVERY ACT,R,SMALL BUSINESS,2,NON-AGGREGATE RECORD,,,,,,,,,,,https://www.usaspending.gov/award/ASST_NON_6406958001_073/,2021-01-06 03:33:53.27803+00
ASST_NON_6426778210_073,6426778210,,SAI EXEMPT,"9: DEFC of '9' Indicates that the data for this row is not related to a COVID-19 P.L. (DEFC not one of the following: ['L', 'M', 'N', 'O', 'P', 'U', 'V']), but that the agency has declined to specify which other DEFC (or combination of DEFCs, in the case that the money hasn't been split out like it would be with a specific DEFC value) applies. This code was discontinued on July 13, 2021.;Q: Not Designated Nonemergency/Emergency/Disaster/Wildfire Suppression",,,,,2020-08-24,2020,0.00,412.50,,,0.00,125000.00,412.50,2020-08-24,2020,,,073,Small Business Administration,7300,Small Business Administration,737010,OFC OF CAPITAL ACCESS,073,Small Business Administration,7300,Small Business Administration,737010,OFC OF CAPITAL ACCESS,073-X-1154-000,073-1154,"41.0: Grants, subsidies, and contributions",0702: LOAN GUARANTEE SUBSIDY,,,REDACTED DUE TO PII,REDACTED DUE TO PII,,,,USA,UNITED STATES,,,64000,SACRAMENTO,06067,SACRAMENTO,06,CA,CALIFORNIA,95818,,CA-06,CA-07,,,,SINGLE ZIP CODE,USA,UNITED STATES,CA64000,SACRAMENTO,06067,SACRAMENTO,06,CALIFORNIA,95818,CA-06,CA-07,,59.012: 7(A) LOAN GUARANTEES,,,08,GUARANTEED/INSURED LOAN (F),TO AID SMALL BUSINESSES WHICH ARE UNABLE TO OBTAIN FINANCING IN THE PRIVATE CREDIT MARKETPLACE,NON,NOT RECOVERY ACT,P,INDIVIDUAL,3,NON-AGGREGATE RECORD TO AN INDIVIDUAL RECIPIENT (PII-REDACTED),,,,,,,,,,,https://www.usaspending.gov/award/ASST_NON_6426778210_073/,2020-09-04 13:44:33.675634+00
ASST_NON_6426858210_073,6426858210,,SAI EXEMPT,"9: DEFC of '9' Indicates that the data for this row is not related to a COVID-19 P.L. (DEFC not one of the following: ['L', 'M', 'N', 'O', 'P', 'U', 'V']), but that the agency has declined to specify which other DEFC (or combination of DEFCs, in the case that the money hasn't been split out like it would be with a specific DEFC value) applies. This code was discontinued on July 13, 2021.;Q: Not Designated Nonemergency/Emergency/Disaster/Wildfire Suppression",,,,,2020-08-24,2020,0.00,2412.30,,,0.00,731000.00,2412.30,2020-08-24,2020,,,073,Small Business Administration,7300,Small Business Administration,737010,OFC OF CAPITAL ACCESS,073,Small Business Administration,7300,Small Business Administration,737010,OFC OF CAPITAL ACCESS,073-X-1154-000,073-1154,"41.0: Grants, subsidies, and contributions",0702: LOAN GUARANTEE SUBSIDY,,,SUMMIT RAY INVESTMENTS LLC,SUMMIT RAY INVESTMENTS LLC,,,,USA,UNITED STATES,27913 SMYTH DRIVE,,81596,VALENCIA,06037,LOS ANGELES,06,CA,CALIFORNIA,91355,,CA-25,CA-27,,,,COUNTY-WIDE,USA,UNITED STATES,CA**037,,06037,LOS ANGELES,06,CALIFORNIA,,CA-25,CA-90,,59.012: 7(A) LOAN GUARANTEES,,,08,GUARANTEED/INSURED LOAN (F),TO AID SMALL BUSINESSES WHICH ARE UNABLE TO OBTAIN FINANCING IN THE PRIVATE CREDIT MARKETPLACE,NON,NOT RECOVERY ACT,R,SMALL BUSINESS,2,NON-AGGREGATE RECORD,,,,,,,,,,,https://www.usaspending.gov/award/ASST_NON_6426858210_073/,2020-09-04 13:44:33.675634+00
ASST_NON_6427088206_073,6427088206,,SAI EXEMPT,"9: DEFC of '9' Indicates that the data for this row is not related to a COVID-19 P.L. (DEFC not one of the following: ['L', 'M', 'N', 'O', 'P', 'U', 'V']), but that the agency has declined to specify which other DEFC (or combination of DEFCs, in the case that the money hasn't been split out like it would be with a specific DEFC value) applies. This code was discontinued on July 13, 2021.;Q: Not Designated Nonemergency/Emergency/Disaster/Wildfire Suppression",,,,,2020-08-24,2020,0.00,3564.00,,,0.00,1080000.00,3564.00,2020-08-24,2020,,,073,Small Business Administration,7300,Small Business Administration,737010,OFC OF CAPITAL ACCESS,073,Small Business Administration,7300,Small Business Administration,737010,OFC OF CAPITAL ACCESS,073-X-1154-000,073-1154,"41.0: Grants, subsidies, and contributions",0702: LOAN GUARANTEE SUBSIDY,,,"JDH ACCOUNTING, INC.","JDH ACCOUNTING, INC.",,,,USA,UNITED STATES,1849 SAWTELLE BLVD,SUITE 630,44000,LOS ANGELES,06037,LOS ANGELES,06,CA,CALIFORNIA,90025,,CA-37,CA-90,,,,COUNTY-WIDE,USA,UNITED STATES,CA**037,,06037,LOS ANGELES,06,CALIFORNIA,,CA-37,CA-90,,59.012: 7(A) LOAN GUARANTEES,,,08,GUARANTEED/INSURED LOAN (F),TO AID SMALL BUSINESSES WHICH ARE UNABLE TO OBTAIN FINANCING IN THE PRIVATE CREDIT MARKETPLACE,NON,NOT RECOVERY ACT,R,SMALL BUSINESS,2,NON-AGGREGATE RECORD,,,,,,,,,,,https://www.usaspending.gov/award/ASST_NON_6427088206_073/,2020-09-04 13:44:33.675634+00
ASST_NON_6427238203_073,6427238203,,SAI EXEMPT,"9: DEFC of '9' Indicates that the data for this row is not related to a COVID-19 P.L. (DEFC not one of the following: ['L', 'M', 'N', 'O', 'P', 'U', 'V']), but that the agency has declined to specify which other DEFC (or combination of DEFCs, in the case that the money hasn't been split out like it would be with a specific DEFC value) applies. This code was discontinued on July 13, 2021.;Q: Not Designated Nonemergency/Emergency/Disaster/Wildfire Suppression",,,,,2020-08-24,2020,0.00,660.00,,,0.00,200000.00,660.00,2020-08-24,2020,,,073,Small Business Administration,7300,Small Business Administration,737010,OFC OF CAPITAL ACCESS,073,Small Business Administration,7300,Small Business Administration,737010,OFC OF CAPITAL ACCESS,073-X-1154-000,073-1154,"41.0: Grants, subsidies, and contributions",0702: LOAN GUARANTEE SUBSIDY,,,"JDH ACCOUNTING, INC.","JDH ACCOUNTING, INC.",,,,USA,UNITED STATES,1849 SAWTELLE BLVD,SUITE 630,44000,LOS ANGELES,06037,LOS ANGELES,06,CA,CALIFORNIA,90025,,CA-37,CA-90,,,,COUNTY-WIDE,USA,UNITED STATES,CA**037,,06037,LOS ANGELES,06,CALIFORNIA,,CA-37,CA-90,,59.012: 7(A) LOAN GUARANTEES,,,08,GUARANTEED/INSURED LOAN (F),TO AID SMALL BUSINESSES WHICH ARE UNABLE TO OBTAIN FINANCING IN THE PRIVATE CREDIT MARKETPLACE,NON,NOT RECOVERY ACT,R,SMALL BUSINESS,2,NON-AGGREGATE RECORD,,,,,,,,,,,https://www.usaspending.gov/award/ASST_NON_6427238203_073/,2020-09-04 13:44:33.675634+00
ASST_NON_6427428201_073,6427428201,,SAI EXEMPT,"9: DEFC of '9' Indicates that the data for this row is not related to a COVID-19 P.L. (DEFC not one of the following: ['L', 'M', 'N', 'O', 'P', 'U', 'V']), but that the agency has declined to specify which other DEFC (or combination of DEFCs, in the case that the money hasn't been split out like it would be with a specific DEFC value) applies. This code was discontinued on July 13, 2021.",,,,,2020-08-24,2020,0.00,1848.00,,,0.00,560000.00,1848.00,2020-08-24,2020,,,073,Small Business Administration,7300,Small Business Administration,737010,OFC OF CAPITAL ACCESS,073,Small Business Administration,7300,Small Business Administration,737010,OFC OF CAPITAL ACCESS,073-X-1154-000,073-1154,"41.0: Grants, subsidies, and contributions",0702: LOAN GUARANTEE SUBSIDY,,,"MMR MISSION HILLS MARKET, INC.","MMR MISSION HILLS MARKET, INC.",,,,USA,UNITED STATES,1450 BURTON MESA BLVD,,42524,LOMPOC,06083,SANTA BARBARA,06,CA,CALIFORNIA,93436,,CA-24,CA-24,,,,COUNTY-WIDE,USA,UNITED STATES,CA**083,,06083,SANTA BARBARA,06,CALIFORNIA,,CA-24,CA-24,,59.012: 7(A) LOAN GUARANTEES,,,08,GUARANTEED/INSURED LOAN (F),TO AID SMALL BUSINESSES WHICH ARE UNABLE TO OBTAIN FINANCING IN THE PRIVATE CREDIT MARKETPLACE,NON,NOT RECOVERY ACT,R,SMALL BUSINESS,2,NON-AGGREGATE RECORD,,,,,,,,,,,https://www.usaspending.gov/award/ASST_NON_6427428201_073/,2020-09-04 13:44:33.675634+00
ASST_NON_6427448207_073,6427448207,,SAI EXEMPT,"9: DEFC of '9' Indicates that the data for this row is not related to a COVID-19 P.L. (DEFC not one of the following: ['L', 'M', 'N', 'O', 'P', 'U', 'V']), but that the agency has declined to specify which other DEFC (or combination of DEFCs, in the case that the money hasn't been split out like it would be with a specific DEFC value) applies. This code was discontinued on July 13, 2021.;Q: Not Designated Nonemergency/Emergency/Disaster/Wildfire Suppression",,,,,2020-08-24,2020,0.00,165.00,,,0.00,50000.00,165.00,2020-08-24,2020,,,073,Small Business Administration,7300,Small Business Administration,737010,OFC OF CAPITAL ACCESS,073,Small Business Administration,7300,Small Business Administration,737010,OFC OF CAPITAL ACCESS,073-X-1154-000,073-1154,"41.0: Grants, subsidies, and contributions",0702: LOAN GUARANTEE SUBSIDY,,,WFW TRUCKING,WFW TRUCKING,,,,USA,UNITED STATES,205 JASMINE LN,,40340,LA PUENTE,06037,LOS ANGELES,06,CA,CALIFORNIA,91744,,CA-32,CA-31,,,,COUNTY-WIDE,USA,UNITED STATES,CA**037,,06037,LOS ANGELES,06,CALIFORNIA,,CA-32,CA-90,,59.012: 7(A) LOAN GUARANTEES,,,08,GUARANTEED/INSURED LOAN (F),TO AID SMALL BUSINESSES WHICH ARE UNABLE TO OBTAIN FINANCING IN THE PRIVATE CREDIT MARKETPLACE,NON,NOT RECOVERY ACT,R,SMALL BUSINESS,2,NON-AGGREGATE RECORD,,,,,,,,,,,https://www.usaspending.gov/award/ASST_NON_6427448207_073/,2020-09-04 13:44:33.675634+00
ASST_NON_6427518204_073,6427518204,,SAI EXEMPT,"9: DEFC of '9' Indicates that the data for this row is not related to a COVID-19 P.L. (DEFC not one of the following: ['L', 'M', 'N', 'O', 'P', 'U', 'V']), but that the agency has declined to specify which other DEFC (or combination of DEFCs, in the case that the money hasn't been split out like it would be with a specific DEFC value) applies. This code was discontinued on July 13, 2021.;Q: Not Designated Nonemergency/Emergency/Disaster/Wildfire Suppression",,,,,2020-08-24,2020,0.00,6587.79,,,0.00,1996300.00,6587.79,2020-08-24,2020,,,073,Small Business Administration,7300,Small Business Administration,737010,OFC OF CAPITAL ACCESS,073,Small Business Administration,7300,Small Business Administration,737010,OFC OF CAPITAL ACCESS,073-X-1154-000,073-1154,"41.0: Grants, subsidies, and contributions",0702: LOAN GUARANTEE SUBSIDY,,,LA MESA VILLAGE SQUARE LLC,LA MESA VILLAGE SQUARE LLC,,,,USA,UNITED STATES,8109-8127 LA MESA BLVD,,40004,LA MESA,06073,SAN DIEGO,06,CA,CALIFORNIA,91942,,CA-53,CA-51,,,,COUNTY-WIDE,USA,UNITED STATES,CA**073,,06073,SAN DIEGO,06,CALIFORNIA,,CA-53,CA-90,,59.012: 7(A) LOAN GUARANTEES,,,08,GUARANTEED/INSURED LOAN (F),TO AID SMALL BUSINESSES WHICH ARE UNABLE TO OBTAIN FINANCING IN THE PRIVATE CREDIT MARKETPLACE,NON,NOT RECOVERY ACT,R,SMALL BUSINESS,2,NON-AGGREGATE RECORD,,,,,,,,,,,https://www.usaspending.gov/award/ASST_NON_6427518204_073/,2020-09-04 13:44:33.675634+00
ASST_NON_6427768209_073,6427768209,,SAI EXEMPT,"9: DEFC of '9' Indicates that the data for this row is not related to a COVID-19 P.L. (DEFC not one of the following: ['L', 'M', 'N', 'O', 'P', 'U', 'V']), but that the agency has declined to specify which other DEFC (or combination of DEFCs, in the case that the money hasn't been split out like it would be with a specific DEFC value) applies. This code was discontinued on July 13, 2021.;Q: Not Designated Nonemergency/Emergency/Disaster/Wildfire Suppression",,,,,2020-08-24,2020,0.00,2392.50,,,0.00,725000.00,2392.50,2020-08-24,2020,,,073,Small Business Administration,7300,Small Business Administration,737010,OFC OF CAPITAL ACCESS,073,Small Business Administration,7300,Small Business Administration,737010,OFC OF CAPITAL ACCESS,073-X-1154-000,073-1154,"41.0: Grants, subsidies, and contributions",0702: LOAN GUARANTEE SUBSIDY,,,MELROSE LIQUOR MARKET,MELROSE LIQUOR MARKET,,,,USA,UNITED STATES,4803 MELROSE AVE,,44000,LOS ANGELES,06037,LOS ANGELES,06,CA,CALIFORNIA,90029,,CA-28,CA-30,,,,COUNTY-WIDE,USA,UNITED STATES,CA**037,,06037,LOS ANGELES,06,CALIFORNIA,,CA-28,CA-90,,59.012: 7(A) LOAN GUARANTEES,,,08,GUARANTEED/INSURED LOAN (F),TO AID SMALL BUSINESSES WHICH ARE UNABLE TO OBTAIN FINANCING IN THE PRIVATE CREDIT MARKETPLACE,NON,NOT RECOVERY ACT,R,SMALL BUSINESS,2,NON-AGGREGATE RECORD,,,,,,,,,,,https://www.usaspending.gov/award/ASST_NON_6427768209_073/,2020-09-04 13:44:33.675634+00
ASST_NON_6427788204_073,6427788204,,SAI EXEMPT,"9: DEFC of '9' Indicates that the data for this row is not related to a COVID-19 P.L. (DEFC not one of the following: ['L', 'M', 'N', 'O', 'P', 'U', 'V']), but that the agency has declined to specify which other DEFC (or combination of DEFCs, in the case that the money hasn't been split out like it would be with a specific DEFC value) applies. This code was discontinued on July 13, 2021.;Q: Not Designated Nonemergency/Emergency/Disaster/Wildfire Suppression",,,,,2020-08-24,2020,0.00,165.00,,,0.00,50000.00,165.00,2020-08-24,2020,,,073,Small Business Administration,7300,Small Business Administration,737010,OFC OF CAPITAL ACCESS,073,Small Business Administration,7300,Small Business Administration,737010,OFC OF CAPITAL ACCESS,073-X-1154-000,073-1154,"41.0: Grants, subsidies, and contributions",0702: LOAN GUARANTEE SUBSIDY,,,ZR LOGISTICS INC,ZR LOGISTICS INC,,,,USA,UNITED STATES,16959 PEPPER BROOK WAY,,31596,HACIENDA HEIGHTS,06037,LOS ANGELES,06,CA,CALIFORNIA,91745,,CA-39,CA-38,,,,COUNTY-WIDE,USA,UNITED STATES,CA**037,,06037,LOS ANGELES,06,CALIFORNIA,,CA-39,CA-90,,59.012: 7(A) LOAN GUARANTEES,,,08,GUARANTEED/INSURED LOAN (F),TO AID SMALL BUSINESSES WHICH ARE UNABLE TO OBTAIN FINANCING IN THE PRIVATE CREDIT MARKETPLACE,NON,NOT RECOVERY ACT,R,SMALL BUSINESS,2,NON-AGGREGATE RECORD,,,,,,,,,,,https://www.usaspending.gov/award/ASST_NON_6427788204_073/,2020-09-04 13:44:33.675634+00
ASST_NON_6427878207_073,6427878207,,SAI EXEMPT,"9: DEFC of '9' Indicates that the data for this row is not related to a COVID-19 P.L. (DEFC not one of the following: ['L', 'M', 'N', 'O', 'P', 'U', 'V']), but that the agency has declined to specify which other DEFC (or combination of DEFCs, in the case that the money hasn't been split out like it would be with a specific DEFC value) applies. This code was discontinued on July 13, 2021.;Q: Not Designated Nonemergency/Emergency/Disaster/Wildfire Suppression",,,,,2020-08-24,2020,0.00,330.00,,,0.00,100000.00,330.00,2020-08-24,2020,,,073,Small Business Administration,7300,Small Business Administration,737010,OFC OF CAPITAL ACCESS,073,Small Business Administration,7300,Small Business Administration,737010,OFC OF CAPITAL ACCESS,073-X-1154-000,073-1154,"41.0: Grants, subsidies, and contributions",0702: LOAN GUARANTEE SUBSIDY,,,L2K COMMERCE,L2K COMMERCE,,,,USA,UNITED STATES,590 APOLLO ST #A,,08100,BREA,06059,ORANGE,06,CA,CALIFORNIA,92821,,CA-39,CA-90,,,,COUNTY-WIDE,USA,UNITED STATES,CA**059,,06059,ORANGE,06,CALIFORNIA,,CA-39,CA-90,,59.012: 7(A) LOAN GUARANTEES,,,08,GUARANTEED/INSURED LOAN (F),TO AID SMALL BUSINESSES WHICH ARE UNABLE TO OBTAIN FINANCING IN THE PRIVATE CREDIT MARKETPLACE,NON,NOT RECOVERY ACT,R,SMALL BUSINESS,2,NON-AGGREGATE RECORD,,,,,,,,,,,https://www.usaspending.gov/award/ASST_NON_6427878207_073/,2020-09-04 13:44:33.675634+00
ASST_NON_6427928209_073,6427928209,,SAI EXEMPT,"9: DEFC of '9' Indicates that the data for this row is not related to a COVID-19 P.L. (DEFC not one of the following: ['L', 'M', 'N', 'O', 'P', 'U', 'V']), but that the agency has declined to specify which other DEFC (or combination of DEFCs, in the case that the money hasn't been split out like it would be with a specific DEFC value) applies. This code was discontinued on July 13, 2021.;Q: Not Designated Nonemergency/Emergency/Disaster/Wildfire Suppression",,,,,2020-08-24,2020,0.00,3910.50,,,0.00,1185000.00,3910.50,2020-08-24,2020,,,073,Small Business Administration,7300,Small Business Administration,737010,OFC OF CAPITAL ACCESS,073,Small Business Administration,7300,Small Business Administration,737010,OFC OF CAPITAL ACCESS,073-X-1154-000,073-1154,"41.0: Grants, subsidies, and contributions",0702: LOAN GUARANTEE SUBSIDY,,,DOOLY'S ENTERPRISES LLC,DOOLY'S ENTERPRISES LLC,,,,USA,UNITED STATES,15515 BEAR VALLEY RD,,33434,HESPERIA,06071,SAN BERNARDINO,06,CA,CALIFORNIA,92345,,CA-08,CA-23,,,,COUNTY-WIDE,USA,UNITED STATES,CA**071,,06071,SAN BERNARDINO,06,CALIFORNIA,,CA-08,CA-90,,59.012: 7(A) LOAN GUARANTEES,,,08,GUARANTEED/INSURED LOAN (F),TO AID SMALL BUSINESSES WHICH ARE UNABLE TO OBTAIN FINANCING IN THE PRIVATE CREDIT MARKETPLACE,NON,NOT RECOVERY ACT,R,SMALL BUSINESS,2,NON-AGGREGATE RECORD,,,,,,,,,,,https://www.usaspending.gov/award/ASST_NON_6427928209_073/,2020-09-04 13:44:33.675634+00
ASST_NON_6428048207_073,6428048207,,SAI EXEMPT,"9: DEFC of '9' Indicates that the data for this row is not related to a COVID-19 P.L. (DEFC not one of the following: ['L', 'M', 'N', 'O', 'P', 'U', 'V']), but that the agency has declined to specify which other DEFC (or combination of DEFCs, in the case that the money hasn't been split out like it would be with a specific DEFC value) applies. This code was discontinued on July 13, 2021.;Q: Not Designated Nonemergency/Emergency/Disaster/Wildfire Suppression",,,,,2020-08-24,2020,0.00,165.00,,,0.00,50000.00,165.00,2020-08-24,2020,,,073,Small Business Administration,7300,Small Business Administration,737010,OFC OF CAPITAL ACCESS,073,Small Business Administration,7300,Small Business Administration,737010,OFC OF CAPITAL ACCESS,073-X-1154-000,073-1154,"41.0: Grants, subsidies, and contributions",0702: LOAN GUARANTEE SUBSIDY,,,KAKA TEAM INC,KAKA TEAM INC,,,,USA,UNITED STATES,18817 GALLEANO ST,,40340,LA PUENTE,06037,LOS ANGELES,06,CA,CALIFORNIA,91744,,CA-32,CA-31,,,,COUNTY-WIDE,USA,UNITED STATES,CA**037,,06037,LOS ANGELES,06,CALIFORNIA,,CA-32,CA-90,,59.012: 7(A) LOAN GUARANTEES,,,08,GUARANTEED/INSURED LOAN (F),TO AID SMALL BUSINESSES WHICH ARE UNABLE TO OBTAIN FINANCING IN THE PRIVATE CREDIT MARKETPLACE,NON,NOT RECOVERY ACT,R,SMALL BUSINESS,2,NON-AGGREGATE RECORD,,,,,,,,,,,https://www.usaspending.gov/award/ASST_NON_6428048207_073/,2020-09-04 13:44:33.675634+00
ASST_NON_6428068202_073,6428068202,,SAI EXEMPT,,,,,,2020-08-24,2020,0.00,,,,0.00,351000.00,0.00,2020-08-24,2020,,,073,Small Business Administration,7300,Small Business Administration,737010,OFC OF CAPITAL ACCESS,073,Small Business Administration,7300,Small Business Administration,737010,OFC OF CAPITAL ACCESS,,,,,,,TMP INVESTMENTS LLC,TMP INVESTMENTS LLC,,,,USA,UNITED STATES,140 NORTH 2ND STREET,,31393,GROVER BEACH,06079,SAN LUIS OBISPO,06,CA,CALIFORNIA,93433,,CA-24,CA-24,,,,COUNTY-WIDE,USA,UNITED STATES,CA**079,,06079,SAN LUIS OBISPO,06,CALIFORNIA,,CA-24,CA-90,,59.041: 504 CERTIFIED DEVELOPMENT LOANS,,,08,GUARANTEED/INSURED LOAN (F),TO ASSIST SMALL BUSINESS CONCERNS BY PROVIDING LONG TERM FINANCING THROUGH THE SALE OF DEBENTURES TO THE PRIVATE SECTOR,NON,NOT RECOVERY ACT,R,SMALL BUSINESS,2,NON-AGGREGATE RECORD,,,,,,,,,,,https://www.usaspending.gov/award/ASST_NON_6428068202_073/,2020-09-04 13:44:33.675634+00
ASST_NON_6428138210_073,6428138210,,SAI EXEMPT,"9: DEFC of '9' Indicates that the data for this row is not related to a COVID-19 P.L. (DEFC not one of the following: ['L', 'M', 'N', 'O', 'P', 'U', 'V']), but that the agency has declined to specify which other DEFC (or combination of DEFCs, in the case that the money hasn't been split out like it would be with a specific DEFC value) applies. This code was discontinued on July 13, 2021.;Q: Not Designated Nonemergency/Emergency/Disaster/Wildfire Suppression",,,,,2020-08-24,2020,0.00,429.00,,,0.00,130000.00,429.00,2020-08-24,2020,,,073,Small Business Administration,7300,Small Business Administration,737010,OFC OF CAPITAL ACCESS,073,Small Business Administration,7300,Small Business Administration,737010,OFC OF CAPITAL ACCESS,073-X-1154-000,073-1154,"41.0: Grants, subsidies, and contributions",0702: LOAN GUARANTEE SUBSIDY,,,REDACTED DUE TO PII,REDACTED DUE TO PII,,,,USA,UNITED STATES,,,13014,CHICO,06007,BUTTE,06,CA,CALIFORNIA,95926,,CA-01,CA-01,,,,SINGLE ZIP CODE,USA,UNITED STATES,CA13014,CHICO,06007,BUTTE,06,CALIFORNIA,95926,CA-01,CA-01,,59.012: 7(A) LOAN GUARANTEES,,,08,GUARANTEED/INSURED LOAN (F),TO AID SMALL BUSINESSES WHICH ARE UNABLE TO OBTAIN FINANCING IN THE PRIVATE CREDIT MARKETPLACE,NON,NOT RECOVERY ACT,P,INDIVIDUAL,3,NON-AGGREGATE RECORD TO AN INDIVIDUAL RECIPIENT (PII-REDACTED),,,,,,,,,,,https://www.usaspending.gov/award/ASST_NON_6428138210_073/,2020-09-04 13:44:33.675634+00
ASST_NON_6428228202_073,6428228202,,SAI EXEMPT,"9: DEFC of '9' Indicates that the data for this row is not related to a COVID-19 P.L. (DEFC not one of the following: ['L', 'M', 'N', 'O', 'P', 'U', 'V']), but that the agency has declined to specify which other DEFC (or combination of DEFCs, in the case that the money hasn't been split out like it would be with a specific DEFC value) applies. This code was discontinued on July 13, 2021.;Q: Not Designated Nonemergency/Emergency/Disaster/Wildfire Suppression",,,,,2020-08-24,2020,0.00,3861.00,,,0.00,1170000.00,3861.00,2020-08-24,2020,,,073,Small Business Administration,7300,Small Business Administration,737010,OFC OF CAPITAL ACCESS,073,Small Business Administration,7300,Small Business Administration,737010,OFC OF CAPITAL ACCESS,073-X-1154-000,073-1154,"41.0: Grants, subsidies, and contributions",0702: LOAN GUARANTEE SUBSIDY,,,"TIFFANY C. HSU, DDS, INC.","TIFFANY C. HSU, DDS, INC.",,,,USA,UNITED STATES,"10011 N FOOTHILL BLVD ,",SUITE 112,17610,CUPERTINO,06085,SANTA CLARA,06,CA,CALIFORNIA,95014,,CA-17,CA-17,,,,COUNTY-WIDE,USA,UNITED STATES,CA**085,,06085,SANTA CLARA,06,CALIFORNIA,,CA-17,CA-90,,59.012: 7(A) LOAN GUARANTEES,,,08,GUARANTEED/INSURED LOAN (F),TO AID SMALL BUSINESSES WHICH ARE UNABLE TO OBTAIN FINANCING IN THE PRIVATE CREDIT MARKETPLACE,NON,NOT RECOVERY ACT,R,SMALL BUSINESS,2,NON-AGGREGATE RECORD,,,,,,,,,,,https://www.usaspending.gov/award/ASST_NON_6428228202_073/,2020-09-04 13:44:33.675634+00
ASST_NON_6428368209_073,6428368209,,SAI EXEMPT,"9: DEFC of '9' Indicates that the data for this row is not related to a COVID-19 P.L. (DEFC not one of the following: ['L', 'M', 'N', 'O', 'P', 'U', 'V']), but that the agency has declined to specify which other DEFC (or combination of DEFCs, in the case that the money hasn't been split out like it would be with a specific DEFC value) applies. This code was discontinued on July 13, 2021.;Q: Not Designated Nonemergency/Emergency/Disaster/Wildfire Suppression",,,,,2020-08-24,2020,0.00,990.00,,,0.00,300000.00,990.00,2020-08-24,2020,,,073,Small Business Administration,7300,Small Business Administration,737010,OFC OF CAPITAL ACCESS,073,Small Business Administration,7300,Small Business Administration,737010,OFC OF CAPITAL ACCESS,073-X-1154-000,073-1154,"41.0: Grants, subsidies, and contributions",0702: LOAN GUARANTEE SUBSIDY,,,"HILL FLIGHT SUPPORT, L.L.C.","HILL FLIGHT SUPPORT, L.L.C.",,,,USA,UNITED STATES,9400 ETON AVE,,12748,CHATSWORTH,06111,VENTURA,06,CA,CALIFORNIA,91311,,CA-25,CA-32,,,,COUNTY-WIDE,USA,UNITED STATES,CA**037,,06037,LOS ANGELES,06,CALIFORNIA,,CA-25,CA-90,,59.012: 7(A) LOAN GUARANTEES,,,08,GUARANTEED/INSURED LOAN (F),TO AID SMALL BUSINESSES WHICH ARE UNABLE TO OBTAIN FINANCING IN THE PRIVATE CREDIT MARKETPLACE,NON,NOT RECOVERY ACT,R,SMALL BUSINESS,2,NON-AGGREGATE RECORD,,,,,,,,,,,https://www.usaspending.gov/award/ASST_NON_6428368209_073/,2020-09-04 13:44:33.675634+00
ASST_NON_6428488210_073,6428488210,,SAI EXEMPT,,,,,,2020-08-24,2020,0.00,,,,0.00,403000.00,0.00,2020-08-24,2020,,,073,Small Business Administration,7300,Small Business Administration,737010,OFC OF CAPITAL ACCESS,073,Small Business Administration,7300,Small Business Administration,737010,OFC OF CAPITAL ACCESS,,,,,,,REDACTED DUE TO PII,REDACTED DUE TO PII,,,,USA,UNITED STATES,,,55618,PARAMOUNT,06037,LOS ANGELES,06,CA,CALIFORNIA,90723,,CA-40,CA-44,,,,SINGLE ZIP CODE,USA,UNITED STATES,CA55618,PARAMOUNT,06037,LOS ANGELES,06,CALIFORNIA,90723,CA-40,CA-44,,59.041: 504 CERTIFIED DEVELOPMENT LOANS,,,08,GUARANTEED/INSURED LOAN (F),TO ASSIST SMALL BUSINESS CONCERNS BY PROVIDING LONG TERM FINANCING THROUGH THE SALE OF DEBENTURES TO THE PRIVATE SECTOR,NON,NOT RECOVERY ACT,P,INDIVIDUAL,3,NON-AGGREGATE RECORD TO AN INDIVIDUAL RECIPIENT (PII-REDACTED),,,,,,,,,,,https://www.usaspending.gov/award/ASST_NON_6428488210_073/,2020-09-04 13:44:33.675634+00
ASST_NON_6428508203_073,6428508203,,SAI EXEMPT,"9: DEFC of '9' Indicates that the data for this row is not related to a COVID-19 P.L. (DEFC not one of the following: ['L', 'M', 'N', 'O', 'P', 'U', 'V']), but that the agency has declined to specify which other DEFC (or combination of DEFCs, in the case that the money hasn't been split out like it would be with a specific DEFC value) applies. This code was discontinued on July 13, 2021.;Q: Not Designated Nonemergency/Emergency/Disaster/Wildfire Suppression",,,,,2020-08-24,2020,0.00,165.00,,,0.00,50000.00,165.00,2020-08-24,2020,,,073,Small Business Administration,7300,Small Business Administration,737010,OFC OF CAPITAL ACCESS,073,Small Business Administration,7300,Small Business Administration,737010,OFC OF CAPITAL ACCESS,073-X-1154-000,073-1154,"41.0: Grants, subsidies, and contributions",0702: LOAN GUARANTEE SUBSIDY,,,HAPPY ISLAND INC,HAPPY ISLAND INC,,,,USA,UNITED STATES,19396 FADDEN ST,,63218,ROWLAND HEIGHTS,06037,LOS ANGELES,06,CA,CALIFORNIA,91748,,CA-39,CA-90,,,,COUNTY-WIDE,USA,UNITED STATES,CA**037,,06037,LOS ANGELES,06,CALIFORNIA,,CA-39,CA-90,,59.012: 7(A) LOAN GUARANTEES,,,08,GUARANTEED/INSURED LOAN (F),TO AID SMALL BUSINESSES WHICH ARE UNABLE TO OBTAIN FINANCING IN THE PRIVATE CREDIT MARKETPLACE,NON,NOT RECOVERY ACT,R,SMALL BUSINESS,2,NON-AGGREGATE RECORD,,,,,,,,,,,https://www.usaspending.gov/award/ASST_NON_6428508203_073/,2020-09-04 13:44:33.675634+00
ASST_NON_6428648210_073,6428648210,,SAI EXEMPT,,,,,,2020-08-24,2020,0.00,,,,0.00,540000.00,0.00,2020-08-24,2020,,,073,Small Business Administration,7300,Small Business Administration,737010,OFC OF CAPITAL ACCESS,073,Small Business Administration,7300,Small Business Administration,737010,OFC OF CAPITAL ACCESS,,,,,,,A&G PROPERTIES LLC,A&G PROPERTIES LLC,,,,USA,UNITED STATES,1109 LANDINI LANE,,16000,CONCORD,06013,CONTRA COSTA,06,CA,CALIFORNIA,94520,,CA-11,CA-10,,,,COUNTY-WIDE,USA,UNITED STATES,CA**013,,06013,CONTRA COSTA,06,CALIFORNIA,,CA-11,CA-90,,59.041: 504 CERTIFIED DEVELOPMENT LOANS,,,08,GUARANTEED/INSURED LOAN (F),TO ASSIST SMALL BUSINESS CONCERNS BY PROVIDING LONG TERM FINANCING THROUGH THE SALE OF DEBENTURES TO THE PRIVATE SECTOR,NON,NOT RECOVERY ACT,R,SMALL BUSINESS,2,NON-AGGREGATE RECORD,,,,,,,,,,,https://www.usaspending.gov/award/ASST_NON_6428648210_073/,2020-09-04 13:44:33.675634+00
ASST_NON_6428708204_073,6428708204,,SAI EXEMPT,"9: DEFC of '9' Indicates that the data for this row is not related to a COVID-19 P.L. (DEFC not one of the following: ['L', 'M', 'N', 'O', 'P', 'U', 'V']), but that the agency has declined to specify which other DEFC (or combination of DEFCs, in the case that the money hasn't been split out like it would be with a specific DEFC value) applies. This code was discontinued on July 13, 2021.;Q: Not Designated Nonemergency/Emergency/Disaster/Wildfire Suppression",,,,,2020-08-24,2020,0.00,396.00,,,0.00,120000.00,396.00,2020-08-24,2020,,,073,Small Business Administration,7300,Small Business Administration,737010,OFC OF CAPITAL ACCESS,073,Small Business Administration,7300,Small Business Administration,737010,OFC OF CAPITAL ACCESS,073-X-1154-000,073-1154,"41.0: Grants, subsidies, and contributions",0702: LOAN GUARANTEE SUBSIDY,,,REDACTED DUE TO PII,REDACTED DUE TO PII,,,,USA,UNITED STATES,,,69112,SANTA CRUZ,06087,SANTA CRUZ,06,CA,CALIFORNIA,95062,,CA-20,CA-19,,,,SINGLE ZIP CODE,USA,UNITED STATES,CA69112,SANTA CRUZ,06087,SANTA CRUZ,06,CALIFORNIA,95062,CA-20,CA-19,,59.012: 7(A) LOAN GUARANTEES,,,08,GUARANTEED/INSURED LOAN (F),TO AID SMALL BUSINESSES WHICH ARE UNABLE TO OBTAIN FINANCING IN THE PRIVATE CREDIT MARKETPLACE,NON,NOT RECOVERY ACT,P,INDIVIDUAL,3,NON-AGGREGATE RECORD TO AN INDIVIDUAL RECIPIENT (PII-REDACTED),,,,,,,,,,,https://www.usaspending.gov/award/ASST_NON_6428708204_073/,2020-09-04 13:44:33.675634+00
ASST_NON_6428748205_073,6428748205,,SAI EXEMPT,,,,,,2020-08-24,2020,0.00,,,,0.00,208000.00,0.00,2020-08-24,2020,,,073,Small Business Administration,7300,Small Business Administration,737010,OFC OF CAPITAL ACCESS,073,Small Business Administration,7300,Small Business Administration,737010,OFC OF CAPITAL ACCESS,,,,,,,REDACTED DUE TO PII,REDACTED DUE TO PII,,,,USA,UNITED STATES,,,68000,SAN JOSE,06085,SANTA CLARA,06,CA,CALIFORNIA,95116,,CA-19,CA-18,,,,SINGLE ZIP CODE,USA,UNITED STATES,CA68000,SAN JOSE,06085,SANTA CLARA,06,CALIFORNIA,95116,CA-19,CA-18,,59.041: 504 CERTIFIED DEVELOPMENT LOANS,,,08,GUARANTEED/INSURED LOAN (F),TO ASSIST SMALL BUSINESS CONCERNS BY PROVIDING LONG TERM FINANCING THROUGH THE SALE OF DEBENTURES TO THE PRIVATE SECTOR,NON,NOT RECOVERY ACT,P,INDIVIDUAL,3,NON-AGGREGATE RECORD TO AN INDIVIDUAL RECIPIENT (PII-REDACTED),,,,,,,,,,,https://www.usaspending.gov/award/ASST_NON_6428748205_073/,2020-09-04 13:44:33.675634+00
ASST_NON_6428758208_073,6428758208,,SAI EXEMPT,"9: DEFC of '9' Indicates that the data for this row is not related to a COVID-19 P.L. (DEFC not one of the following: ['L', 'M', 'N', 'O', 'P', 'U', 'V']), but that the agency has declined to specify which other DEFC (or combination of DEFCs, in the case that the money hasn't been split out like it would be with a specific DEFC value) applies. This code was discontinued on July 13, 2021.",,,,,2020-08-24,2020,0.00,660.00,,,0.00,200000.00,660.00,2020-08-24,2020,,,073,Small Business Administration,7300,Small Business Administration,737010,OFC OF CAPITAL ACCESS,073,Small Business Administration,7300,Small Business Administration,737010,OFC OF CAPITAL ACCESS,073-X-1154-000,073-1154,"41.0: Grants, subsidies, and contributions",0702: LOAN GUARANTEE SUBSIDY,,,"K A DEAN ENTERPRISES, INCORPORATED","K A DEAN ENTERPRISES, INCORPORATED",,,,USA,UNITED STATES,85 BASSETT STREET,,68000,SAN JOSE,06085,SANTA CLARA,06,CA,CALIFORNIA,95110,,CA-19,CA-18,,,,COUNTY-WIDE,USA,UNITED STATES,CA**085,,06085,SANTA CLARA,06,CALIFORNIA,,CA-19,CA-90,,59.012: 7(A) LOAN GUARANTEES,,,08,GUARANTEED/INSURED LOAN (F),TO AID SMALL BUSINESSES WHICH ARE UNABLE TO OBTAIN FINANCING IN THE PRIVATE CREDIT MARKETPLACE,NON,NOT RECOVERY ACT,R,SMALL BUSINESS,2,NON-AGGREGATE RECORD,,,,,,,,,,,https://www.usaspending.gov/award/ASST_NON_6428758208_073/,2020-09-04 13:44:33.675634+00
ASST_NON_6428818202_073,6428818202,,SAI EXEMPT,"9: DEFC of '9' Indicates that the data for this row is not related to a COVID-19 P.L. (DEFC not one of the following: ['L', 'M', 'N', 'O', 'P', 'U', 'V']), but that the agency has declined to specify which other DEFC (or combination of DEFCs, in the case that the money hasn't been split out like it would be with a specific DEFC value) applies. This code was discontinued on July 13, 2021.;Q: Not Designated Nonemergency/Emergency/Disaster/Wildfire Suppression",,,,,2020-08-24,2020,0.00,330.00,,,0.00,100000.00,330.00,2020-08-24,2020,,,073,Small Business Administration,7300,Small Business Administration,737010,OFC OF CAPITAL ACCESS,073,Small Business Administration,7300,Small Business Administration,737010,OFC OF CAPITAL ACCESS,073-X-1154-000,073-1154,"41.0: Grants, subsidies, and contributions",0702: LOAN GUARANTEE SUBSIDY,,,"BASIC MICRO.COM,INC.","BASIC MICRO.COM,INC.",,,,USA,UNITED STATES,38595 RANCHO CHRISTINA RD,,78120,TEMECULA,06065,RIVERSIDE,06,CA,CALIFORNIA,92592,,CA-42,CA-48,,,,COUNTY-WIDE,USA,UNITED STATES,CA**065,,06065,RIVERSIDE,06,CALIFORNIA,,CA-42,CA-90,,59.012: 7(A) LOAN GUARANTEES,,,08,GUARANTEED/INSURED LOAN (F),TO AID SMALL BUSINESSES WHICH ARE UNABLE TO OBTAIN FINANCING IN THE PRIVATE CREDIT MARKETPLACE,NON,NOT RECOVERY ACT,R,SMALL BUSINESS,2,NON-AGGREGATE RECORD,,,,,,,,,,,https://www.usaspending.gov/award/ASST_NON_6428818202_073/,2020-09-04 13:44:33.675634+00
ASST_NON_6428828205_073,6428828205,,SAI EXEMPT,"9: DEFC of '9' Indicates that the data for this row is not related to a COVID-19 P.L. (DEFC not one of the following: ['L', 'M', 'N', 'O', 'P', 'U', 'V']), but that the agency has declined to specify which other DEFC (or combination of DEFCs, in the case that the money hasn't been split out like it would be with a specific DEFC value) applies. This code was discontinued on July 13, 2021.;Q: Not Designated Nonemergency/Emergency/Disaster/Wildfire Suppression",,,,,2020-08-24,2020,0.00,178.20,,,0.00,54000.00,178.20,2020-08-24,2020,,,073,Small Business Administration,7300,Small Business Administration,737010,OFC OF CAPITAL ACCESS,073,Small Business Administration,7300,Small Business Administration,737010,OFC OF CAPITAL ACCESS,073-X-1154-000,073-1154,"41.0: Grants, subsidies, and contributions",0702: LOAN GUARANTEE SUBSIDY,,,PROFESSIONAL GRADING INC,PROFESSIONAL GRADING INC,,,,USA,UNITED STATES,3866 CATAMARCA DR,,66000,SAN DIEGO,06073,SAN DIEGO,06,CA,CALIFORNIA,92124,,CA-52,CA-51,,,,COUNTY-WIDE,USA,UNITED STATES,CA**073,,06073,SAN DIEGO,06,CALIFORNIA,,CA-52,CA-90,,59.012: 7(A) LOAN GUARANTEES,,,08,GUARANTEED/INSURED LOAN (F),TO AID SMALL BUSINESSES WHICH ARE UNABLE TO OBTAIN FINANCING IN THE PRIVATE CREDIT MARKETPLACE,NON,NOT RECOVERY ACT,R,SMALL BUSINESS,2,NON-AGGREGATE RECORD,,,,,,,,,,,https://www.usaspending.gov/award/ASST_NON_6428828205_073/,2020-09-04 13:44:33.675634+00
ASST_NON_6428868206_073,6428868206,,SAI EXEMPT,"9: DEFC of '9' Indicates that the data for this row is not related to a COVID-19 P.L. (DEFC not one of the following: ['L', 'M', 'N', 'O', 'P', 'U', 'V']), but that the agency has declined to specify which other DEFC (or combination of DEFCs, in the case that the money hasn't been split out like it would be with a specific DEFC value) applies. This code was discontinued on July 13, 2021.;Q: Not Designated Nonemergency/Emergency/Disaster/Wildfire Suppression",,,,,2020-08-24,2020,0.00,13200.00,,,0.00,4000000.00,13200.00,2020-08-24,2020,,,073,Small Business Administration,7300,Small Business Administration,737010,OFC OF CAPITAL ACCESS,073,Small Business Administration,7300,Small Business Administration,737010,OFC OF CAPITAL ACCESS,073-X-1154-000,073-1154,"41.0: Grants, subsidies, and contributions",0702: LOAN GUARANTEE SUBSIDY,,,"MUNROK HOLDINGS, LLC","MUNROK HOLDINGS, LLC",,,,USA,UNITED STATES,967 HORNBLEND STREET,,66000,SAN DIEGO,06073,SAN DIEGO,06,CA,CALIFORNIA,92109,,CA-52,CA-50,,,,COUNTY-WIDE,USA,UNITED STATES,CA**073,,06073,SAN DIEGO,06,CALIFORNIA,,CA-52,CA-90,,59.012: 7(A) LOAN GUARANTEES,,,08,GUARANTEED/INSURED LOAN (F),TO AID SMALL BUSINESSES WHICH ARE UNABLE TO OBTAIN FINANCING IN THE PRIVATE CREDIT MARKETPLACE,NON,NOT RECOVERY ACT,R,SMALL BUSINESS,2,NON-AGGREGATE RECORD,,,,,,,,,,,https://www.usaspending.gov/award/ASST_NON_6428868206_073/,2020-09-04 13:44:33.675634+00
ASST_NON_6428878209_073,6428878209,,SAI EXEMPT,"9: DEFC of '9' Indicates that the data for this row is not related to a COVID-19 P.L. (DEFC not one of the following: ['L', 'M', 'N', 'O', 'P', 'U', 'V']), but that the agency has declined to specify which other DEFC (or combination of DEFCs, in the case that the money hasn't been split out like it would be with a specific DEFC value) applies. This code was discontinued on July 13, 2021.;Q: Not Designated Nonemergency/Emergency/Disaster/Wildfire Suppression",,,,,2020-08-24,2020,0.00,115.50,,,0.00,35000.00,115.50,2020-08-24,2020,,,073,Small Business Administration,7300,Small Business Administration,737010,OFC OF CAPITAL ACCESS,073,Small Business Administration,7300,Small Business Administration,737010,OFC OF CAPITAL ACCESS,073-X-1154-000,073-1154,"41.0: Grants, subsidies, and contributions",0702: LOAN GUARANTEE SUBSIDY,,,BLEENK MARKETING LLC,BLEENK MARKETING LLC,,,,USA,UNITED STATES,6256 FLEETWOOD LN,,13214,CHINO HILLS,06071,SAN BERNARDINO,06,CA,CALIFORNIA,91709,,CA-39,CA-90,,,,COUNTY-WIDE,USA,UNITED STATES,CA**071,,06071,SAN BERNARDINO,06,CALIFORNIA,,CA-39,CA-90,,59.012: 7(A) LOAN GUARANTEES,,,08,GUARANTEED/INSURED LOAN (F),TO AID SMALL BUSINESSES WHICH ARE UNABLE TO OBTAIN FINANCING IN THE PRIVATE CREDIT MARKETPLACE,NON,NOT RECOVERY ACT,R,SMALL BUSINESS,2,NON-AGGREGATE RECORD,,,,,,,,,,,https://www.usaspending.gov/award/ASST_NON_6428878209_073/,2020-09-04 13:44:33.675634+00
ASST_NON_6428898204_073,6428898204,,SAI EXEMPT,"9: DEFC of '9' Indicates that the data for this row is not related to a COVID-19 P.L. (DEFC not one of the following: ['L', 'M', 'N', 'O', 'P', 'U', 'V']), but that the agency has declined to specify which other DEFC (or combination of DEFCs, in the case that the money hasn't been split out like it would be with a specific DEFC value) applies. This code was discontinued on July 13, 2021.;Q: Not Designated Nonemergency/Emergency/Disaster/Wildfire Suppression",,,,,2020-08-24,2020,0.00,844.14,,,0.00,255800.00,844.14,2020-08-24,2020,,,073,Small Business Administration,7300,Small Business Administration,737010,OFC OF CAPITAL ACCESS,073,Small Business Administration,7300,Small Business Administration,737010,OFC OF CAPITAL ACCESS,073-X-1154-000,073-1154,"41.0: Grants, subsidies, and contributions",0702: LOAN GUARANTEE SUBSIDY,,,"TERRACHEM, INC.","TERRACHEM, INC.",,,,USA,UNITED STATES,26868 HENRY ROAD,,23812,FELLOWS,06029,KERN,06,CA,CALIFORNIA,93224,,CA-23,CA-20,,,,COUNTY-WIDE,USA,UNITED STATES,CA**029,,06029,KERN,06,CALIFORNIA,,CA-23,CA-90,,59.012: 7(A) LOAN GUARANTEES,,,08,GUARANTEED/INSURED LOAN (F),TO AID SMALL BUSINESSES WHICH ARE UNABLE TO OBTAIN FINANCING IN THE PRIVATE CREDIT MARKETPLACE,NON,NOT RECOVERY ACT,R,SMALL BUSINESS,2,NON-AGGREGATE RECORD,,,,,,,,,,,https://www.usaspending.gov/award/ASST_NON_6428898204_073/,2020-09-04 13:44:33.675634+00
ASST_NON_6428918208_073,6428918208,,SAI EXEMPT,"9: DEFC of '9' Indicates that the data for this row is not related to a COVID-19 P.L. (DEFC not one of the following: ['L', 'M', 'N', 'O', 'P', 'U', 'V']), but that the agency has declined to specify which other DEFC (or combination of DEFCs, in the case that the money hasn't been split out like it would be with a specific DEFC value) applies. This code was discontinued on July 13, 2021.;Q: Not Designated Nonemergency/Emergency/Disaster/Wildfire Suppression",,,,,2020-08-24,2020,0.00,4290.00,,,0.00,1300000.00,4290.00,2020-08-24,2020,,,073,Small Business Administration,7300,Small Business Administration,737010,OFC OF CAPITAL ACCESS,073,Small Business Administration,7300,Small Business Administration,737010,OFC OF CAPITAL ACCESS,073-X-1154-000,073-1154,"41.0: Grants, subsidies, and contributions",0702: LOAN GUARANTEE SUBSIDY,,,"NAPA VALLEY TRANS, INC.","NAPA VALLEY TRANS, INC.",,,,USA,UNITED STATES,8826 SPARLING LN,,19402,DIXON,06095,SOLANO,06,CA,CALIFORNIA,95620,,CA-03,CA-04,,,,COUNTY-WIDE,USA,UNITED STATES,CA**095,,06095,SOLANO,06,CALIFORNIA,,CA-03,CA-90,,59.012: 7(A) LOAN GUARANTEES,,,08,GUARANTEED/INSURED LOAN (F),TO AID SMALL BUSINESSES WHICH ARE UNABLE TO OBTAIN FINANCING IN THE PRIVATE CREDIT MARKETPLACE,NON,NOT RECOVERY ACT,R,SMALL BUSINESS,2,NON-AGGREGATE RECORD,,,,,,,,,,,https://www.usaspending.gov/award/ASST_NON_6428918208_073/,2020-09-04 13:44:33.675634+00
ASST_NON_6428988207_073,6428988207,,SAI EXEMPT,"9: DEFC of '9' Indicates that the data for this row is not related to a COVID-19 P.L. (DEFC not one of the following: ['L', 'M', 'N', 'O', 'P', 'U', 'V']), but that the agency has declined to specify which other DEFC (or combination of DEFCs, in the case that the money hasn't been split out like it would be with a specific DEFC value) applies. This code was discontinued on July 13, 2021.",,,,,2020-08-24,2020,0.00,693.00,,,0.00,210000.00,693.00,2020-08-24,2020,,,073,Small Business Administration,7300,Small Business Administration,737010,OFC OF CAPITAL ACCESS,073,Small Business Administration,7300,Small Business Administration,737010,OFC OF CAPITAL ACCESS,073-X-1154-000,073-1154,"41.0: Grants, subsidies, and contributions",0702: LOAN GUARANTEE SUBSIDY,,,"CHERRY WATER, LLC","CHERRY WATER, LLC",,,,USA,UNITED STATES,1731 CURTIS AVE,,45400,MANHATTAN BEACH,06037,LOS ANGELES,06,CA,CALIFORNIA,90266,,CA-33,CA-36,,,,COUNTY-WIDE,USA,UNITED STATES,CA**037,,06037,LOS ANGELES,06,CALIFORNIA,,CA-33,CA-90,,59.012: 7(A) LOAN GUARANTEES,,,08,GUARANTEED/INSURED LOAN (F),TO AID SMALL BUSINESSES WHICH ARE UNABLE TO OBTAIN FINANCING IN THE PRIVATE CREDIT MARKETPLACE,NON,NOT RECOVERY ACT,R,SMALL BUSINESS,2,NON-AGGREGATE RECORD,,,,,,,,,,,https://www.usaspending.gov/award/ASST_NON_6428988207_073/,2020-09-04 13:44:33.675634+00
ASST_NON_6429078207_073,6429078207,,SAI EXEMPT,,,,,,2020-08-24,2020,0.00,,,,0.00,430000.00,0.00,2020-08-24,2020,,,073,Small Business Administration,7300,Small Business Administration,737010,OFC OF CAPITAL ACCESS,073,Small Business Administration,7300,Small Business Administration,737010,OFC OF CAPITAL ACCESS,,,,,,,REDACTED DUE TO PII,REDACTED DUE TO PII,,,,USA,UNITED STATES,,,70098,SANTA ROSA,06097,SONOMA,06,CA,CALIFORNIA,95404,,CA-05,CA-04,,,,SINGLE ZIP CODE,USA,UNITED STATES,CA70098,SANTA ROSA,06097,SONOMA,06,CALIFORNIA,95404,CA-05,CA-04,,59.041: 504 CERTIFIED DEVELOPMENT LOANS,,,08,GUARANTEED/INSURED LOAN (F),TO ASSIST SMALL BUSINESS CONCERNS BY PROVIDING LONG TERM FINANCING THROUGH THE SALE OF DEBENTURES TO THE PRIVATE SECTOR,NON,NOT RECOVERY ACT,P,INDIVIDUAL,3,NON-AGGREGATE RECORD TO AN INDIVIDUAL RECIPIENT (PII-REDACTED),,,,,,,,,,,https://www.usaspending.gov/award/ASST_NON_6429078207_073/,2020-09-04 13:44:33.675634+00
ASST_NON_6429118206_073,6429118206,,SAI EXEMPT,"9: DEFC of '9' Indicates that the data for this row is not related to a COVID-19 P.L. (DEFC not one of the following: ['L', 'M', 'N', 'O', 'P', 'U', 'V']), but that the agency has declined to specify which other DEFC (or combination of DEFCs, in the case that the money hasn't been split out like it would be with a specific DEFC value) applies. This code was discontinued on July 13, 2021.;Q: Not Designated Nonemergency/Emergency/Disaster/Wildfire Suppression",,,,,2020-08-24,2020,0.00,7524.00,,,0.00,2280000.00,7524.00,2020-08-24,2020,,,073,Small Business Administration,7300,Small Business Administration,737010,OFC OF CAPITAL ACCESS,073,Small Business Administration,7300,Small Business Administration,737010,OFC OF CAPITAL ACCESS,073-X-1154-000,073-1154,"41.0: Grants, subsidies, and contributions",0702: LOAN GUARANTEE SUBSIDY,,,WANIS 2019 FAMILY TRUST,WANIS 2019 FAMILY TRUST,,,,USA,UNITED STATES,8900 BEEKLEY ROAD,,,PINON HILLS,06071,SAN BERNARDINO,06,CA,CALIFORNIA,92372,,CA-08,CA-23,,,,COUNTY-WIDE,USA,UNITED STATES,CA**071,,06071,SAN BERNARDINO,06,CALIFORNIA,,CA-08,CA-90,,59.012: 7(A) LOAN GUARANTEES,,,08,GUARANTEED/INSURED LOAN (F),TO AID SMALL BUSINESSES WHICH ARE UNABLE TO OBTAIN FINANCING IN THE PRIVATE CREDIT MARKETPLACE,NON,NOT RECOVERY ACT,R,SMALL BUSINESS,2,NON-AGGREGATE RECORD,,,,,,,,,,,https://www.usaspending.gov/award/ASST_NON_6429118206_073/,2020-09-04 13:44:33.675634+00
ASST_NON_6429158207_073,6429158207,,SAI EXEMPT,"9: DEFC of '9' Indicates that the data for this row is not related to a COVID-19 P.L. (DEFC not one of the following: ['L', 'M', 'N', 'O', 'P', 'U', 'V']), but that the agency has declined to specify which other DEFC (or combination of DEFCs, in the case that the money hasn't been split out like it would be with a specific DEFC value) applies. This code was discontinued on July 13, 2021.",,,,,2020-08-24,2020,0.00,4676.10,,,0.00,1417000.00,4676.10,2020-08-24,2020,,,073,Small Business Administration,7300,Small Business Administration,737010,OFC OF CAPITAL ACCESS,073,Small Business Administration,7300,Small Business Administration,737010,OFC OF CAPITAL ACCESS,073-X-1154-000,073-1154,"41.0: Grants, subsidies, and contributions",0702: LOAN GUARANTEE SUBSIDY,,,REDACTED DUE TO PII,REDACTED DUE TO PII,,,,USA,UNITED STATES,,,30602,GRANADA HILLS,06037,LOS ANGELES,06,CA,CALIFORNIA,91344,,CA-30,CA-27,,,,SINGLE ZIP CODE,USA,UNITED STATES,CA30602,GRANADA HILLS,06037,LOS ANGELES,06,CALIFORNIA,91344,CA-30,CA-27,,59.012: 7(A) LOAN GUARANTEES,,,08,GUARANTEED/INSURED LOAN (F),TO AID SMALL BUSINESSES WHICH ARE UNABLE TO OBTAIN FINANCING IN THE PRIVATE CREDIT MARKETPLACE,NON,NOT RECOVERY ACT,P,INDIVIDUAL,3,NON-AGGREGATE RECORD TO AN INDIVIDUAL RECIPIENT (PII-REDACTED),,,,,,,,,,,https://www.usaspending.gov/award/ASST_NON_6429158207_073/,2020-09-04 13:44:33.675634+00
ASST_NON_6429268205_073,6429268205,,SAI EXEMPT,,,,,,2020-08-24,2020,0.00,,,,0.00,499000.00,0.00,2020-08-24,2020,,,073,Small Business Administration,7300,Small Business Administration,737010,OFC OF CAPITAL ACCESS,073,Small Business Administration,7300,Small Business Administration,737010,OFC OF CAPITAL ACCESS,,,,,,,REDACTED DUE TO PII,REDACTED DUE TO PII,,,,USA,UNITED STATES,,,50076,MURRIETA,06065,RIVERSIDE,06,CA,CALIFORNIA,92563,,CA-42,CA-48,,,,SINGLE ZIP CODE,USA,UNITED STATES,CA50076,MURRIETA,06065,RIVERSIDE,06,CALIFORNIA,92563,CA-42,CA-48,,59.041: 504 CERTIFIED DEVELOPMENT LOANS,,,08,GUARANTEED/INSURED LOAN (F),TO ASSIST SMALL BUSINESS CONCERNS BY PROVIDING LONG TERM FINANCING THROUGH THE SALE OF DEBENTURES TO THE PRIVATE SECTOR,NON,NOT RECOVERY ACT,P,INDIVIDUAL,3,NON-AGGREGATE RECORD TO AN INDIVIDUAL RECIPIENT (PII-REDACTED),,,,,,,,,,,https://www.usaspending.gov/award/ASST_NON_6429268205_073/,2020-09-04 13:44:33.675634+00
ASST_NON_6429278208_073,6429278208,,SAI EXEMPT,"9: DEFC of '9' Indicates that the data for this row is not related to a COVID-19 P.L. (DEFC not one of the following: ['L', 'M', 'N', 'O', 'P', 'U', 'V']), but that the agency has declined to specify which other DEFC (or combination of DEFCs, in the case that the money hasn't been split out like it would be with a specific DEFC value) applies. This code was discontinued on July 13, 2021.;Q: Not Designated Nonemergency/Emergency/Disaster/Wildfire Suppression",,,,,2020-08-24,2020,0.00,5415.96,,,0.00,1641200.00,5415.96,2020-08-24,2020,,,073,Small Business Administration,7300,Small Business Administration,737010,OFC OF CAPITAL ACCESS,073,Small Business Administration,7300,Small Business Administration,737010,OFC OF CAPITAL ACCESS,073-X-1154-000,073-1154,"41.0: Grants, subsidies, and contributions",0702: LOAN GUARANTEE SUBSIDY,,,SEAN PATRICK CRANOR AND  DIANE SUE CRANOR,SEAN PATRICK CRANOR AND  DIANE SUE CRANOR,,,,USA,UNITED STATES,70177 HIGHWAY 111,,59500,RANCHO MIRAGE,06065,RIVERSIDE,06,CA,CALIFORNIA,92270,,CA-36,CA-41,,,,COUNTY-WIDE,USA,UNITED STATES,CA**065,,06065,RIVERSIDE,06,CALIFORNIA,,CA-36,CA-90,,59.012: 7(A) LOAN GUARANTEES,,,08,GUARANTEED/INSURED LOAN (F),TO AID SMALL BUSINESSES WHICH ARE UNABLE TO OBTAIN FINANCING IN THE PRIVATE CREDIT MARKETPLACE,NON,NOT RECOVERY ACT,R,SMALL BUSINESS,2,NON-AGGREGATE RECORD,,,,,,,,,,,https://www.usaspending.gov/award/ASST_NON_6429278208_073/,2020-09-04 13:44:33.675634+00
ASST_NON_6451378003_073,6451378003,,SAI EXEMPT,O: Non-emergency P.L. 116-136|Non-emergency P.L. 116-139|Non-emergency P.L. 116-260|Non-emergency P.L. 117-2,19021.64,19021.64,,,2020-08-24,2020,0.00,19021.64,,,0.00,18700.00,19021.64,2020-06-30,2020,,,073,Small Business Administration,7300,Small Business Administration,737010,OFC OF CAPITAL ACCESS,073,Small Business Administration,7300,Small Business Administration,737010,OFC OF CAPITAL ACCESS,073-2020/2021-1154-000,073-1154,"41.0: Grants, subsidies, and contributions",0702: LOAN GUARANTEE SUBSIDY,,,ZAAM.IO CORP,ZAAM.IO CORP,,,,USA,UNITED STATES,3155 FRONTERA WAY,,09066,BURLINGAME,06081,SAN MATEO,06,CA,CALIFORNIA,94010,,CA-14,CA-15,,,,COUNTY-WIDE,USA,UNITED STATES,CA**081,,06081,SAN MATEO,06,CALIFORNIA,,CA-14,CA-90,,59.073: PAYCHECK PROTECTION LOAN PROGRAM (PPP),,,08,GUARANTEED/INSURED LOAN (F),TO AID SMALL BUSINESSES IN MAINTAINING WORK FORCE DURING COVID-19 PANDEMIC.,NON,NOT RECOVERY ACT,R,SMALL BUSINESS,2,NON-AGGREGATE RECORD,,,,,,,,,,,https://www.usaspending.gov/award/ASST_NON_6451378003_073/,2021-01-06 03:33:53.27803+00
ASST_NON_6510588008_073,6510588008,,SAI EXEMPT,O: Non-emergency P.L. 116-136|Non-emergency P.L. 116-139|Non-emergency P.L. 116-260|Non-emergency P.L. 117-2,41806.92,41806.92,,,2020-08-24,2020,0.00,41806.92,,,0.00,41100.00,41806.92,2020-06-30,2020,,,073,Small Business Administration,7300,Small Business Administration,737010,OFC OF CAPITAL ACCESS,073,Small Business Administration,7300,Small Business Administration,737010,OFC OF CAPITAL ACCESS,073-2020/2021-1154-000,073-1154,"41.0: Grants, subsidies, and contributions",0702: LOAN GUARANTEE SUBSIDY,,,ICECREAMLABS INC,ICECREAMLABS INC,,,,USA,UNITED STATES,350 TOWNSEND ST,,67000,SAN FRANCISCO,06075,SAN FRANCISCO,06,CA,CALIFORNIA,94107,,CA-12,CA-11,,,,COUNTY-WIDE,USA,UNITED STATES,CA**075,,06075,SAN FRANCISCO,06,CALIFORNIA,,CA-12,CA-90,,59.073: PAYCHECK PROTECTION LOAN PROGRAM (PPP),,,08,GUARANTEED/INSURED LOAN (F),TO AID SMALL BUSINESSES IN MAINTAINING WORK FORCE DURING COVID-19 PANDEMIC.,NON,NOT RECOVERY ACT,R,SMALL BUSINESS,2,NON-AGGREGATE RECORD,,,,,,,,,,,https://www.usaspending.gov/award/ASST_NON_6510588008_073/,2021-01-06 03:33:53.27803+00
ASST_NON_6577668002_073,6577668002,,SAI EXEMPT,O: Non-emergency P.L. 116-136|Non-emergency P.L. 116-139|Non-emergency P.L. 116-260|Non-emergency P.L. 117-2,,0.00,,,2020-08-24,2020,0.00,0.00,,,0.00,0.00,0.00,2020-06-30,2020,,,073,Small Business Administration,7300,Small Business Administration,737010,OFC OF CAPITAL ACCESS,073,Small Business Administration,7300,Small Business Administration,737010,OFC OF CAPITAL ACCESS,073-2020/2021-1154-000,073-1154,"41.0: Grants, subsidies, and contributions",0702: LOAN GUARANTEE SUBSIDY,,,SHEILA RENEE GIBSON,SHEILA RENEE GIBSON,,,,USA,UNITED STATES,3217 CARSON ST,NO. 294,39892,LAKEWOOD,06037,LOS ANGELES,06,CA,CALIFORNIA,90712,,CA-38,CA-44,,,,COUNTY-WIDE,USA,UNITED STATES,CA**037,,06037,LOS ANGELES,06,CALIFORNIA,,CA-38,CA-90,,59.073: PAYCHECK PROTECTION LOAN PROGRAM (PPP),,,08,GUARANTEED/INSURED LOAN (F),TO AID SMALL BUSINESSES IN MAINTAINING WORK FORCE DURING COVID-19 PANDEMIC.,NON,NOT RECOVERY ACT,P,INDIVIDUAL,2,NON-AGGREGATE RECORD,,,,,,,,,,,https://www.usaspending.gov/award/ASST_NON_6577668002_073/,2021-01-06 03:33:53.27803+00
ASST_NON_6781018101_073,6781018101,,SAI EXEMPT,O: Non-emergency P.L. 116-136|Non-emergency P.L. 116-139|Non-emergency P.L. 116-260|Non-emergency P.L. 117-2,5391.16,5391.16,,,2020-08-24,2020,0.00,5391.16,,,0.00,5300.00,5391.16,2020-07-22,2020,,,073,Small Business Administration,7300,Small Business Administration,737010,OFC OF CAPITAL ACCESS,073,Small Business Administration,7300,Small Business Administration,737010,OFC OF CAPITAL ACCESS,073-2020/2021-1154-000,073-1154,"41.0: Grants, subsidies, and contributions",0702: LOAN GUARANTEE SUBSIDY,,,SYNERGY INVESTIGATIONS INC.,SYNERGY INVESTIGATIONS INC.,,,,USA,UNITED STATES,871 SAPPHIRE LN,,16350,CORONA,06065,RIVERSIDE,06,CA,CALIFORNIA,92882,,CA-42,CA-41,,,,COUNTY-WIDE,USA,UNITED STATES,CA**065,,06065,RIVERSIDE,06,CALIFORNIA,,CA-42,CA-90,,59.073: PAYCHECK PROTECTION LOAN PROGRAM (PPP),,,08,GUARANTEED/INSURED LOAN (F),TO AID SMALL BUSINESSES IN MAINTAINING WORK FORCE DURING COVID-19 PANDEMIC.,NON,NOT RECOVERY ACT,R,SMALL BUSINESS,2,NON-AGGREGATE RECORD,,,,,,,,,,,https://www.usaspending.gov/award/ASST_NON_6781018101_073/,2021-01-06 03:33:53.27803+00
ASST_NON_7033027706_073,7033027706,,SAI EXEMPT,O: Non-emergency P.L. 116-136|Non-emergency P.L. 116-139|Non-emergency P.L. 116-260|Non-emergency P.L. 117-2,44375.35,44375.35,,,2020-08-24,2020,0.00,44375.35,,,0.00,43625.00,44375.35,2020-05-03,2020,,,073,Small Business Administration,7300,Small Business Administration,737010,OFC OF CAPITAL ACCESS,073,Small Business Administration,7300,Small Business Administration,737010,OFC OF CAPITAL ACCESS,073-2020/2021-1154-000,073-1154,"41.0: Grants, subsidies, and contributions",0702: LOAN GUARANTEE SUBSIDY,,,METAL FINISHING ANALYTICAL,METAL FINISHING ANALYTICAL,,,,USA,UNITED STATES,8290 ALPINE AVE,,64000,SACRAMENTO,06067,SACRAMENTO,06,CA,CALIFORNIA,95826,,CA-06,CA-90,,,,COUNTY-WIDE,USA,UNITED STATES,CA**067,,06067,SACRAMENTO,06,CALIFORNIA,,CA-06,CA-90,,59.073: PAYCHECK PROTECTION LOAN PROGRAM (PPP),,,08,GUARANTEED/INSURED LOAN (F),TO AID SMALL BUSINESSES IN MAINTAINING WORK FORCE DURING COVID-19 PANDEMIC.,NON,NOT RECOVERY ACT,P,INDIVIDUAL,2,NON-AGGREGATE RECORD,,,,,,,,,,,https://www.usaspending.gov/award/ASST_NON_7033027706_073/,2021-01-06 03:33:53.27803+00
ASST_NON_8099817301_073,8099817301,,SAI EXEMPT,O: Non-emergency P.L. 116-136|Non-emergency P.L. 116-139|Non-emergency P.L. 116-260|Non-emergency P.L. 117-2,23920.47,23920.47,,,2020-08-24,2020,0.00,23920.47,,,0.00,23516.00,23920.47,2020-05-02,2020,,,073,Small Business Administration,7300,Small Business Administration,737010,OFC OF CAPITAL ACCESS,073,Small Business Administration,7300,Small Business Administration,737010,OFC OF CAPITAL ACCESS,073-2020/2021-1154-000,073-1154,"41.0: Grants, subsidies, and contributions",0702: LOAN GUARANTEE SUBSIDY,,,SOAVE APPRAISAL,SOAVE APPRAISAL,,,,USA,UNITED STATES,7216 MARINA PACIFICA DR N,,43000,LONG BEACH,06037,LOS ANGELES,06,CA,CALIFORNIA,90803,,CA-47,CA-42,,,,COUNTY-WIDE,USA,UNITED STATES,CA**037,,06037,LOS ANGELES,06,CALIFORNIA,,CA-47,CA-90,,59.073: PAYCHECK PROTECTION LOAN PROGRAM (PPP),,,08,GUARANTEED/INSURED LOAN (F),TO AID SMALL BUSINESSES IN MAINTAINING WORK FORCE DURING COVID-19 PANDEMIC.,NON,NOT RECOVERY ACT,R,SMALL BUSINESS,2,NON-AGGREGATE RECORD,,,,,,,,,,,https://www.usaspending.gov/award/ASST_NON_8099817301_073/,2021-01-06 03:33:53.27803+00
ASST_NON_8181017307_073,8181017307,,SAI EXEMPT,O: Non-emergency P.L. 116-136|Non-emergency P.L. 116-139|Non-emergency P.L. 116-260|Non-emergency P.L. 117-2,50279.18,50279.18,,,2020-08-24,2020,0.00,50279.18,,,0.00,49429.00,50279.18,2020-05-02,2020,,,073,Small Business Administration,7300,Small Business Administration,737010,OFC OF CAPITAL ACCESS,073,Small Business Administration,7300,Small Business Administration,737010,OFC OF CAPITAL ACCESS,073-2020/2021-1154-000,073-1154,"41.0: Grants, subsidies, and contributions",0702: LOAN GUARANTEE SUBSIDY,,,"ACUPUNCTURE PLUS WORKS, INC.","ACUPUNCTURE PLUS WORKS, INC.",,,,USA,UNITED STATES,310 E MONTE VISTA AVE STE B,,81554,VACAVILLE,06095,SOLANO,06,CA,CALIFORNIA,95688,,CA-03,CA-04,,,,COUNTY-WIDE,USA,UNITED STATES,CA**095,,06095,SOLANO,06,CALIFORNIA,,CA-03,CA-90,,59.073: PAYCHECK PROTECTION LOAN PROGRAM (PPP),,,08,GUARANTEED/INSURED LOAN (F),TO AID SMALL BUSINESSES IN MAINTAINING WORK FORCE DURING COVID-19 PANDEMIC.,NON,NOT RECOVERY ACT,R,SMALL BUSINESS,2,NON-AGGREGATE RECORD,,,,,,,,,,,https://www.usaspending.gov/award/ASST_NON_8181017307_073/,2021-01-06 03:33:53.27803+00
ASST_NON_8782407203_073,8782407203,,SAI EXEMPT,O: Non-emergency P.L. 116-136|Non-emergency P.L. 116-139|Non-emergency P.L. 116-260|Non-emergency P.L. 117-2,42213.80,42213.80,,,2020-08-24,2020,0.00,42213.80,,,0.00,41500.00,42213.80,2020-04-28,2020,,,073,Small Business Administration,7300,Small Business Administration,737010,OFC OF CAPITAL ACCESS,073,Small Business Administration,7300,Small Business Administration,737010,OFC OF CAPITAL ACCESS,073-2020/2021-1154-000,073-1154,"41.0: Grants, subsidies, and contributions",0702: LOAN GUARANTEE SUBSIDY,,,"DP ELECTRIC, INC","DP ELECTRIC, INC",,,,USA,UNITED STATES,7811 6TH ST,,19766,DOWNEY,06037,LOS ANGELES,06,CA,CALIFORNIA,90241,,CA-40,CA-42,,,,COUNTY-WIDE,USA,UNITED STATES,CA**037,,06037,LOS ANGELES,06,CALIFORNIA,,CA-40,CA-90,,59.073: PAYCHECK PROTECTION LOAN PROGRAM (PPP),,,08,GUARANTEED/INSURED LOAN (F),TO AID SMALL BUSINESSES IN MAINTAINING WORK FORCE DURING COVID-19 PANDEMIC.,NON,NOT RECOVERY ACT,R,SMALL BUSINESS,2,NON-AGGREGATE RECORD,,,,,,,,,,,https://www.usaspending.gov/award/ASST_NON_8782407203_073/,2021-01-06 03:33:53.27803+00
ASST_NON_9155228101_073,9155228101,,SAI EXEMPT,O: Non-emergency P.L. 116-136|Non-emergency P.L. 116-139|Non-emergency P.L. 116-260|Non-emergency P.L. 117-2,,0.00,,,2020-08-24,2020,0.00,0.00,,,0.00,0.00,0.00,2020-07-28,2020,,,073,Small Business Administration,7300,Small Business Administration,737010,OFC OF CAPITAL ACCESS,073,Small Business Administration,7300,Small Business Administration,737010,OFC OF CAPITAL ACCESS,073-2020/2021-1154-000,073-1154,"41.0: Grants, subsidies, and contributions",0702: LOAN GUARANTEE SUBSIDY,,,LIUDMILA SAMOYLIK,LIUDMILA SAMOYLIK,,,,USA,UNITED STATES,6642 AURA AVE,,60340,RESEDA,06037,LOS ANGELES,06,CA,CALIFORNIA,91335,,CA-30,CA-90,,,,COUNTY-WIDE,USA,UNITED STATES,CA**037,,06037,LOS ANGELES,06,CALIFORNIA,,CA-30,CA-90,,59.073: PAYCHECK PROTECTION LOAN PROGRAM (PPP),,,08,GUARANTEED/INSURED LOAN (F),TO AID SMALL BUSINESSES IN MAINTAINING WORK FORCE DURING COVID-19 PANDEMIC.,NON,NOT RECOVERY ACT,P,INDIVIDUAL,2,NON-AGGREGATE RECORD,,,,,,,,,,,https://www.usaspending.gov/award/ASST_NON_9155228101_073/,2021-01-06 03:33:53.27803+00
ASST_NON_9681588006_073,9681588006,,SAI EXEMPT,O: Non-emergency P.L. 116-136|Non-emergency P.L. 116-139|Non-emergency P.L. 116-260|Non-emergency P.L. 117-2,,0.00,,,2020-08-24,2020,0.00,0.00,,,0.00,0.00,0.00,2020-07-08,2020,,,073,Small Business Administration,7300,Small Business Administration,737010,OFC OF CAPITAL ACCESS,073,Small Business Administration,7300,Small Business Administration,737010,OFC OF CAPITAL ACCESS,073-2020/2021-1154-000,073-1154,"41.0: Grants, subsidies, and contributions",0702: LOAN GUARANTEE SUBSIDY,,,COMPASSION CAPITAL LLC,COMPASSION CAPITAL LLC,,,,USA,UNITED STATES,1465 EAST MOUNTAIN DRIVE,,69070,SANTA BARBARA,06083,SANTA BARBARA,06,CA,CALIFORNIA,93108,,CA-24,CA-24,,,,COUNTY-WIDE,USA,UNITED STATES,CA**083,,06083,SANTA BARBARA,06,CALIFORNIA,,CA-24,CA-24,,59.073: PAYCHECK PROTECTION LOAN PROGRAM (PPP),,,08,GUARANTEED/INSURED LOAN (F),TO AID SMALL BUSINESSES IN MAINTAINING WORK FORCE DURING COVID-19 PANDEMIC.,NON,NOT RECOVERY ACT,R,SMALL BUSINESS,2,NON-AGGREGATE RECORD,,,,,,,,,,,https://www.usaspending.gov/award/ASST_NON_9681588006_073/,2021-01-06 03:33:53.27803+00
ASST_NON_9759658102_073,9759658102,,SAI EXEMPT,O: Non-emergency P.L. 116-136|Non-emergency P.L. 116-139|Non-emergency P.L. 116-260|Non-emergency P.L. 117-2,,0.00,,,2020-08-24,2020,0.00,0.00,,,0.00,0.00,0.00,2020-07-29,2020,,,073,Small Business Administration,7300,Small Business Administration,737010,OFC OF CAPITAL ACCESS,073,Small Business Administration,7300,Small Business Administration,737010,OFC OF CAPITAL ACCESS,073-2020/2021-1154-000,073-1154,"41.0: Grants, subsidies, and contributions",0702: LOAN GUARANTEE SUBSIDY,,,LYONS-NEWMAN CONSULTING,LYONS-NEWMAN CONSULTING,,,,USA,UNITED STATES,462 VINCENTE AVE.,,06000,BERKELEY,06013,CONTRA COSTA,06,CA,CALIFORNIA,94707,,CA-13,CA-90,,,,COUNTY-WIDE,USA,UNITED STATES,CA**001,,06001,ALAMEDA,06,CALIFORNIA,,CA-13,CA-90,,59.073: PAYCHECK PROTECTION LOAN PROGRAM (PPP),,,08,GUARANTEED/INSURED LOAN (F),TO AID SMALL BUSINESSES IN MAINTAINING WORK FORCE DURING COVID-19 PANDEMIC.,NON,NOT RECOVERY ACT,P,INDIVIDUAL,2,NON-AGGREGATE RECORD,,,,,,,,,,,https://www.usaspending.gov/award/ASST_NON_9759658102_073/,2021-01-06 03:33:53.27803+00
ASST_NON_9761388103_073,9761388103,,SAI EXEMPT,O: Non-emergency P.L. 116-136|Non-emergency P.L. 116-139|Non-emergency P.L. 116-260|Non-emergency P.L. 117-2,,0.00,,,2020-08-24,2020,0.00,0.00,,,0.00,0.00,0.00,2020-07-29,2020,,,073,Small Business Administration,7300,Small Business Administration,737010,OFC OF CAPITAL ACCESS,073,Small Business Administration,7300,Small Business Administration,737010,OFC OF CAPITAL ACCESS,073-2020/2021-1154-000,073-1154,"41.0: Grants, subsidies, and contributions",0702: LOAN GUARANTEE SUBSIDY,,,JEKM BRANDS,JEKM BRANDS,,,,USA,UNITED STATES,27068 LA PAZ RD.,254,00947,ALISO VIEJO,06059,ORANGE,06,CA,CALIFORNIA,92656,,CA-48,CA-40,,,,COUNTY-WIDE,USA,UNITED STATES,CA**059,,06059,ORANGE,06,CALIFORNIA,,CA-48,CA-90,,59.073: PAYCHECK PROTECTION LOAN PROGRAM (PPP),,,08,GUARANTEED/INSURED LOAN (F),TO AID SMALL BUSINESSES IN MAINTAINING WORK FORCE DURING COVID-19 PANDEMIC.,NON,NOT RECOVERY ACT,P,INDIVIDUAL,2,NON-AGGREGATE RECORD,,,,,,,,,,,https://www.usaspending.gov/award/ASST_NON_9761388103_073/,2021-01-06 03:33:53.27803+00
ASST_NON_9764558101_073,9764558101,,SAI EXEMPT,O: Non-emergency P.L. 116-136|Non-emergency P.L. 116-139|Non-emergency P.L. 116-260|Non-emergency P.L. 117-2,,0.00,,,2020-08-24,2020,0.00,0.00,,,0.00,0.00,0.00,2020-07-29,2020,,,073,Small Business Administration,7300,Small Business Administration,737010,OFC OF CAPITAL ACCESS,073,Small Business Administration,7300,Small Business Administration,737010,OFC OF CAPITAL ACCESS,073-2020/2021-1154-000,073-1154,"41.0: Grants, subsidies, and contributions",0702: LOAN GUARANTEE SUBSIDY,,,"SALIS KUMAR SHRESTHA, DPM","SALIS KUMAR SHRESTHA, DPM",,,,USA,UNITED STATES,874 WEST MARTIN LUTHER KING JR BLVD,,44000,LOS ANGELES,06037,LOS ANGELES,06,CA,CALIFORNIA,90037,,CA-37,CA-37,,,,COUNTY-WIDE,USA,UNITED STATES,CA**037,,06037,LOS ANGELES,06,CALIFORNIA,,CA-37,CA-90,,59.073: PAYCHECK PROTECTION LOAN PROGRAM (PPP),,,08,GUARANTEED/INSURED LOAN (F),TO AID SMALL BUSINESSES IN MAINTAINING WORK FORCE DURING COVID-19 PANDEMIC.,NON,NOT RECOVERY ACT,P,INDIVIDUAL,2,NON-AGGREGATE RECORD,,,,,,,,,,,https://www.usaspending.gov/award/ASST_NON_9764558101_073/,2021-01-06 03:33:53.27803+00
ASST_NON_9764718101_073,9764718101,,SAI EXEMPT,O: Non-emergency P.L. 116-136|Non-emergency P.L. 116-139|Non-emergency P.L. 116-260|Non-emergency P.L. 117-2,,0.00,,,2020-08-24,2020,0.00,0.00,,,0.00,0.00,0.00,2020-07-29,2020,,,073,Small Business Administration,7300,Small Business Administration,737010,OFC OF CAPITAL ACCESS,073,Small Business Administration,7300,Small Business Administration,737010,OFC OF CAPITAL ACCESS,073-2020/2021-1154-000,073-1154,"41.0: Grants, subsidies, and contributions",0702: LOAN GUARANTEE SUBSIDY,,,MAGNUS COMMUNICATIONS LLC,MAGNUS COMMUNICATIONS LLC,,,,USA,UNITED STATES,4435 SEMINOLE WAY,,57792,PLEASANTON,06001,ALAMEDA,06,CA,CALIFORNIA,94588,,CA-15,CA-14,,,,COUNTY-WIDE,USA,UNITED STATES,CA**001,,06001,ALAMEDA,06,CALIFORNIA,,CA-15,CA-90,,59.073: PAYCHECK PROTECTION LOAN PROGRAM (PPP),,,08,GUARANTEED/INSURED LOAN (F),TO AID SMALL BUSINESSES IN MAINTAINING WORK FORCE DURING COVID-19 PANDEMIC.,NON,NOT RECOVERY ACT,P,INDIVIDUAL,2,NON-AGGREGATE RECORD,,,,,,,,,,,https://www.usaspending.gov/award/ASST_NON_9764718101_073/,2021-01-06 03:33:53.27803+00
ASST_NON_9767968101_073,9767968101,,SAI EXEMPT,O: Non-emergency P.L. 116-136|Non-emergency P.L. 116-139|Non-emergency P.L. 116-260|Non-emergency P.L. 117-2,,0.00,,,2020-08-24,2020,0.00,0.00,,,0.00,0.00,0.00,2020-07-29,2020,,,073,Small Business Administration,7300,Small Business Administration,737010,OFC OF CAPITAL ACCESS,073,Small Business Administration,7300,Small Business Administration,737010,OFC OF CAPITAL ACCESS,073-2020/2021-1154-000,073-1154,"41.0: Grants, subsidies, and contributions",0702: LOAN GUARANTEE SUBSIDY,,,SONNA JEAN ELLIOTT,SONNA JEAN ELLIOTT,,,,USA,UNITED STATES,4300 BELLFLOWER BLVD,,39892,LAKEWOOD,06037,LOS ANGELES,06,CA,CALIFORNIA,90713,,CA-38,CA-42,,,,COUNTY-WIDE,USA,UNITED STATES,CA**037,,06037,LOS ANGELES,06,CALIFORNIA,,CA-38,CA-90,,59.073: PAYCHECK PROTECTION LOAN PROGRAM (PPP),,,08,GUARANTEED/INSURED LOAN (F),TO AID SMALL BUSINESSES IN MAINTAINING WORK FORCE DURING COVID-19 PANDEMIC.,NON,NOT RECOVERY ACT,P,INDIVIDUAL,2,NON-AGGREGATE RECORD,,,,,,,,,,,https://www.usaspending.gov/award/ASST_NON_9767968101_073/,2021-01-06 03:33:53.27803+00
ASST_NON_9776378103_073,9776378103,,SAI EXEMPT,O: Non-emergency P.L. 116-136|Non-emergency P.L. 116-139|Non-emergency P.L. 116-260|Non-emergency P.L. 117-2,,0.00,,,2020-08-24,2020,0.00,0.00,,,0.00,0.00,0.00,2020-07-29,2020,,,073,Small Business Administration,7300,Small Business Administration,737010,OFC OF CAPITAL ACCESS,073,Small Business Administration,7300,Small Business Administration,737010,OFC OF CAPITAL ACCESS,073-2020/2021-1154-000,073-1154,"41.0: Grants, subsidies, and contributions",0702: LOAN GUARANTEE SUBSIDY,,,SEA STARS,SEA STARS,,,,USA,UNITED STATES,181 SAN BENANCIO RD,,64224,SALINAS,06053,MONTEREY,06,CA,CALIFORNIA,93908,,CA-20,CA-19,,,,COUNTY-WIDE,USA,UNITED STATES,CA**053,,06053,MONTEREY,06,CALIFORNIA,,CA-20,CA-90,,59.073: PAYCHECK PROTECTION LOAN PROGRAM (PPP),,,08,GUARANTEED/INSURED LOAN (F),TO AID SMALL BUSINESSES IN MAINTAINING WORK FORCE DURING COVID-19 PANDEMIC.,NON,NOT RECOVERY ACT,R,SMALL BUSINESS,2,NON-AGGREGATE RECORD,,,,,,,,,,,https://www.usaspending.gov/award/ASST_NON_9776378103_073/,2021-01-06 03:33:53.27803+00
ASST_NON_9779958106_073,9779958106,,SAI EXEMPT,O: Non-emergency P.L. 116-136|Non-emergency P.L. 116-139|Non-emergency P.L. 116-260|Non-emergency P.L. 117-2,,0.00,,,2020-08-24,2020,0.00,0.00,,,0.00,0.00,0.00,2020-07-29,2020,,,073,Small Business Administration,7300,Small Business Administration,737010,OFC OF CAPITAL ACCESS,073,Small Business Administration,7300,Small Business Administration,737010,OFC OF CAPITAL ACCESS,073-2020/2021-1154-000,073-1154,"41.0: Grants, subsidies, and contributions",0702: LOAN GUARANTEE SUBSIDY,,,ROSSOW ELECTRIC INC.,ROSSOW ELECTRIC INC.,,,,USA,UNITED STATES,9187 CLAIREMONT MESA BLVD,SUITE 6-548,66000,SAN DIEGO,06073,SAN DIEGO,06,CA,CALIFORNIA,92123,,CA-53,CA-51,,,,COUNTY-WIDE,USA,UNITED STATES,CA**073,,06073,SAN DIEGO,06,CALIFORNIA,,CA-53,CA-90,,59.073: PAYCHECK PROTECTION LOAN PROGRAM (PPP),,,08,GUARANTEED/INSURED LOAN (F),TO AID SMALL BUSINESSES IN MAINTAINING WORK FORCE DURING COVID-19 PANDEMIC.,NON,NOT RECOVERY ACT,P,INDIVIDUAL,2,NON-AGGREGATE RECORD,,,,,,,,,,,https://www.usaspending.gov/award/ASST_NON_9779958106_073/,2021-01-06 03:33:53.27803+00
ASST_NON_9780378106_073,9780378106,,SAI EXEMPT,O: Non-emergency P.L. 116-136|Non-emergency P.L. 116-139|Non-emergency P.L. 116-260|Non-emergency P.L. 117-2,,0.00,,,2020-08-24,2020,0.00,0.00,,,0.00,0.00,0.00,2020-07-29,2020,,,073,Small Business Administration,7300,Small Business Administration,737010,OFC OF CAPITAL ACCESS,073,Small Business Administration,7300,Small Business Administration,737010,OFC OF CAPITAL ACCESS,073-2020/2021-1154-000,073-1154,"41.0: Grants, subsidies, and contributions",0702: LOAN GUARANTEE SUBSIDY,,,PRIMUM LAW GROUP PROFESSIONAL CORPORATION,PRIMUM LAW GROUP PROFESSIONAL CORPORATION,,,,USA,UNITED STATES,555 CALIFORNIA STREET 4925,,67000,SAN FRANCISCO,06075,SAN FRANCISCO,06,CA,CALIFORNIA,94104,,CA-12,CA-11,,,,COUNTY-WIDE,USA,UNITED STATES,CA**075,,06075,SAN FRANCISCO,06,CALIFORNIA,,CA-12,CA-90,,59.073: PAYCHECK PROTECTION LOAN PROGRAM (PPP),,,08,GUARANTEED/INSURED LOAN (F),TO AID SMALL BUSINESSES IN MAINTAINING WORK FORCE DURING COVID-19 PANDEMIC.,NON,NOT RECOVERY ACT,R,SMALL BUSINESS,2,NON-AGGREGATE RECORD,,,,,,,,,,,https://www.usaspending.gov/award/ASST_NON_9780378106_073/,2021-01-06 03:33:53.27803+00
ASST_NON_9780798103_073,9780798103,,SAI EXEMPT,O: Non-emergency P.L. 116-136|Non-emergency P.L. 116-139|Non-emergency P.L. 116-260|Non-emergency P.L. 117-2,,0.00,,,2020-08-24,2020,0.00,0.00,,,0.00,0.00,0.00,2020-07-29,2020,,,073,Small Business Administration,7300,Small Business Administration,737010,OFC OF CAPITAL ACCESS,073,Small Business Administration,7300,Small Business Administration,737010,OFC OF CAPITAL ACCESS,073-2020/2021-1154-000,073-1154,"41.0: Grants, subsidies, and contributions",0702: LOAN GUARANTEE SUBSIDY,,,APG ELECTRIC CORP,APG ELECTRIC CORP,,,,USA,UNITED STATES,82187 W SOLAR CT,,36448,INDIO,06065,RIVERSIDE,06,CA,CALIFORNIA,92201,,CA-36,CA-25,,,,COUNTY-WIDE,USA,UNITED STATES,CA**065,,06065,RIVERSIDE,06,CALIFORNIA,,CA-36,CA-90,,59.073: PAYCHECK PROTECTION LOAN PROGRAM (PPP),,,08,GUARANTEED/INSURED LOAN (F),TO AID SMALL BUSINESSES IN MAINTAINING WORK FORCE DURING COVID-19 PANDEMIC.,NON,NOT RECOVERY ACT,P,INDIVIDUAL,2,NON-AGGREGATE RECORD,,,,,,,,,,,https://www.usaspending.gov/award/ASST_NON_9780798103_073/,2021-01-06 03:33:53.27803+00
ASST_NON_9782038102_073,9782038102,,SAI EXEMPT,O: Non-emergency P.L. 116-136|Non-emergency P.L. 116-139|Non-emergency P.L. 116-260|Non-emergency P.L. 117-2,,0.00,,,2020-08-24,2020,0.00,0.00,,,0.00,0.00,0.00,2020-07-29,2020,,,073,Small Business Administration,7300,Small Business Administration,737010,OFC OF CAPITAL ACCESS,073,Small Business Administration,7300,Small Business Administration,737010,OFC OF CAPITAL ACCESS,073-2020/2021-1154-000,073-1154,"41.0: Grants, subsidies, and contributions",0702: LOAN GUARANTEE SUBSIDY,,,CARLA YEE CHIU,CARLA YEE CHIU,,,,USA,UNITED STATES,225 MAGNET,,36770,IRVINE,06059,ORANGE,06,CA,CALIFORNIA,92618,,CA-45,CA-47,,,,COUNTY-WIDE,USA,UNITED STATES,CA**059,,06059,ORANGE,06,CALIFORNIA,,CA-45,CA-90,,59.073: PAYCHECK PROTECTION LOAN PROGRAM (PPP),,,08,GUARANTEED/INSURED LOAN (F),TO AID SMALL BUSINESSES IN MAINTAINING WORK FORCE DURING COVID-19 PANDEMIC.,NON,NOT RECOVERY ACT,P,INDIVIDUAL,2,NON-AGGREGATE RECORD,,,,,,,,,,,https://www.usaspending.gov/award/ASST_NON_9782038102_073/,2021-01-06 03:33:53.27803+00
ASST_NON_9786068108_073,9786068108,,SAI EXEMPT,O: Non-emergency P.L. 116-136|Non-emergency P.L. 116-139|Non-emergency P.L. 116-260|Non-emergency P.L. 117-2,,0.00,,,2020-08-24,2020,0.00,0.00,,,0.00,0.00,0.00,2020-07-29,2020,,,073,Small Business Administration,7300,Small Business Administration,737010,OFC OF CAPITAL ACCESS,073,Small Business Administration,7300,Small Business Administration,737010,OFC OF CAPITAL ACCESS,073-2020/2021-1154-000,073-1154,"41.0: Grants, subsidies, and contributions",0702: LOAN GUARANTEE SUBSIDY,,,ORR CHISTIAKOFF,ORR CHISTIAKOFF,,,,USA,UNITED STATES,10 CREEKVIEW CT,,70098,SANTA ROSA,06097,SONOMA,06,CA,CALIFORNIA,95409,,CA-05,CA-04,,,,COUNTY-WIDE,USA,UNITED STATES,CA**097,,06097,SONOMA,06,CALIFORNIA,,CA-05,CA-90,,59.073: PAYCHECK PROTECTION LOAN PROGRAM (PPP),,,08,GUARANTEED/INSURED LOAN (F),TO AID SMALL BUSINESSES IN MAINTAINING WORK FORCE DURING COVID-19 PANDEMIC.,NON,NOT RECOVERY ACT,P,INDIVIDUAL,2,NON-AGGREGATE RECORD,,,,,,,,,,,https://www.usaspending.gov/award/ASST_NON_9786068108_073/,2021-01-06 03:33:53.27803+00
ASST_NON_9786588100_073,9786588100,,SAI EXEMPT,O: Non-emergency P.L. 116-136|Non-emergency P.L. 116-139|Non-emergency P.L. 116-260|Non-emergency P.L. 117-2,,0.00,,,2020-08-24,2020,0.00,0.00,,,0.00,0.00,0.00,2020-07-29,2020,,,073,Small Business Administration,7300,Small Business Administration,737010,OFC OF CAPITAL ACCESS,073,Small Business Administration,7300,Small Business Administration,737010,OFC OF CAPITAL ACCESS,073-2020/2021-1154-000,073-1154,"41.0: Grants, subsidies, and contributions",0702: LOAN GUARANTEE SUBSIDY,,,HMC SOLUTIONS LLC,HMC SOLUTIONS LLC,,,,USA,UNITED STATES,2470 STEARNS ST,SUITE 65,72016,SIMI VALLEY,06111,VENTURA,06,CA,CALIFORNIA,93063,,CA-25,CA-26,,,,COUNTY-WIDE,USA,UNITED STATES,CA**111,,06111,VENTURA,06,CALIFORNIA,,CA-25,CA-26,,59.073: PAYCHECK PROTECTION LOAN PROGRAM (PPP),,,08,GUARANTEED/INSURED LOAN (F),TO AID SMALL BUSINESSES IN MAINTAINING WORK FORCE DURING COVID-19 PANDEMIC.,NON,NOT RECOVERY ACT,R,SMALL BUSINESS,2,NON-AGGREGATE RECORD,,,,,,,,,,,https://www.usaspending.gov/award/ASST_NON_9786588100_073/,2021-01-06 03:33:53.27803+00
ASST_NON_9793018102_073,9793018102,,SAI EXEMPT,O: Non-emergency P.L. 116-136|Non-emergency P.L. 116-139|Non-emergency P.L. 116-260|Non-emergency P.L. 117-2,,0.00,,,2020-08-24,2020,0.00,0.00,,,0.00,0.00,0.00,2020-07-29,2020,,,073,Small Business Administration,7300,Small Business Administration,737010,OFC OF CAPITAL ACCESS,073,Small Business Administration,7300,Small Business Administration,737010,OFC OF CAPITAL ACCESS,073-2020/2021-1154-000,073-1154,"41.0: Grants, subsidies, and contributions",0702: LOAN GUARANTEE SUBSIDY,,,THOMAS BARRINGTON DDS,THOMAS BARRINGTON DDS,,,,USA,UNITED STATES,1601 LEWIS ST,,38562,KINGSBURG,06031,KINGS,06,CA,CALIFORNIA,93631,,CA-21,CA-21,,,,COUNTY-WIDE,USA,UNITED STATES,CA**019,,06019,FRESNO,06,CALIFORNIA,,CA-21,CA-90,,59.073: PAYCHECK PROTECTION LOAN PROGRAM (PPP),,,08,GUARANTEED/INSURED LOAN (F),TO AID SMALL BUSINESSES IN MAINTAINING WORK FORCE DURING COVID-19 PANDEMIC.,NON,NOT RECOVERY ACT,P,INDIVIDUAL,2,NON-AGGREGATE RECORD,,,,,,,,,,,https://www.usaspending.gov/award/ASST_NON_9793018102_073/,2021-01-06 03:33:53.27803+00
ASST_NON_9794868101_073,9794868101,,SAI EXEMPT,O: Non-emergency P.L. 116-136|Non-emergency P.L. 116-139|Non-emergency P.L. 116-260|Non-emergency P.L. 117-2,,0.00,,,2020-08-24,2020,0.00,0.00,,,0.00,0.00,0.00,2020-07-29,2020,,,073,Small Business Administration,7300,Small Business Administration,737010,OFC OF CAPITAL ACCESS,073,Small Business Administration,7300,Small Business Administration,737010,OFC OF CAPITAL ACCESS,073-2020/2021-1154-000,073-1154,"41.0: Grants, subsidies, and contributions",0702: LOAN GUARANTEE SUBSIDY,,,MODEST SPOT SALON,MODEST SPOT SALON,,,,USA,UNITED STATES,106 W MARIPOSA,,65084,SAN CLEMENTE,06059,ORANGE,06,CA,CALIFORNIA,92672,,CA-49,CA-49,,,,COUNTY-WIDE,USA,UNITED STATES,CA**059,,06059,ORANGE,06,CALIFORNIA,,CA-49,CA-90,,59.073: PAYCHECK PROTECTION LOAN PROGRAM (PPP),,,08,GUARANTEED/INSURED LOAN (F),TO AID SMALL BUSINESSES IN MAINTAINING WORK FORCE DURING COVID-19 PANDEMIC.,NON,NOT RECOVERY ACT,P,INDIVIDUAL,2,NON-AGGREGATE RECORD,,,,,,,,,,,https://www.usaspending.gov/award/ASST_NON_9794868101_073/,2021-01-06 03:33:53.27803+00
ASST_NON_9795318102_073,9795318102,,SAI EXEMPT,O: Non-emergency P.L. 116-136|Non-emergency P.L. 116-139|Non-emergency P.L. 116-260|Non-emergency P.L. 117-2,,0.00,,,2020-08-24,2020,0.00,0.00,,,0.00,0.00,0.00,2020-07-29,2020,,,073,Small Business Administration,7300,Small Business Administration,737010,OFC OF CAPITAL ACCESS,073,Small Business Administration,7300,Small Business Administration,737010,OFC OF CAPITAL ACCESS,073-2020/2021-1154-000,073-1154,"41.0: Grants, subsidies, and contributions",0702: LOAN GUARANTEE SUBSIDY,,,ZHAYDA LISSETT CACERES AGELVIZ,ZHAYDA LISSETT CACERES AGELVIZ,,,,USA,UNITED STATES,1785 RIDGETREE WAY,,68000,SAN JOSE,06085,SANTA CLARA,06,CA,CALIFORNIA,95131,,CA-17,CA-17,,,,COUNTY-WIDE,USA,UNITED STATES,CA**085,,06085,SANTA CLARA,06,CALIFORNIA,,CA-17,CA-90,,59.073: PAYCHECK PROTECTION LOAN PROGRAM (PPP),,,08,GUARANTEED/INSURED LOAN (F),TO AID SMALL BUSINESSES IN MAINTAINING WORK FORCE DURING COVID-19 PANDEMIC.,NON,NOT RECOVERY ACT,P,INDIVIDUAL,2,NON-AGGREGATE RECORD,,,,,,,,,,,https://www.usaspending.gov/award/ASST_NON_9795318102_073/,2021-01-06 03:33:53.27803+00
ASST_NON_9796078104_073,9796078104,,SAI EXEMPT,O: Non-emergency P.L. 116-136|Non-emergency P.L. 116-139|Non-emergency P.L. 116-260|Non-emergency P.L. 117-2,,0.00,,,2020-08-24,2020,0.00,0.00,,,0.00,0.00,0.00,2020-07-29,2020,,,073,Small Business Administration,7300,Small Business Administration,737010,OFC OF CAPITAL ACCESS,073,Small Business Administration,7300,Small Business Administration,737010,OFC OF CAPITAL ACCESS,073-2020/2021-1154-000,073-1154,"41.0: Grants, subsidies, and contributions",0702: LOAN GUARANTEE SUBSIDY,,,"10 MANAGEMENT GROUP, INC.","10 MANAGEMENT GROUP, INC.",,,,USA,UNITED STATES,3242 S. HALLADAY STREET,,69000,SANTA ANA,06059,ORANGE,06,CA,CALIFORNIA,92705,,CA-46,CA-90,,,,COUNTY-WIDE,USA,UNITED STATES,CA**059,,06059,ORANGE,06,CALIFORNIA,,CA-46,CA-90,,59.073: PAYCHECK PROTECTION LOAN PROGRAM (PPP),,,08,GUARANTEED/INSURED LOAN (F),TO AID SMALL BUSINESSES IN MAINTAINING WORK FORCE DURING COVID-19 PANDEMIC.,NON,NOT RECOVERY ACT,R,SMALL BUSINESS,2,NON-AGGREGATE RECORD,,,,,,,,,,,https://www.usaspending.gov/award/ASST_NON_9796078104_073/,2021-01-06 03:33:53.27803+00
ASST_NON_9796358105_073,9796358105,,SAI EXEMPT,O: Non-emergency P.L. 116-136|Non-emergency P.L. 116-139|Non-emergency P.L. 116-260|Non-emergency P.L. 117-2,,0.00,,,2020-08-24,2020,0.00,0.00,,,0.00,0.00,0.00,2020-07-29,2020,,,073,Small Business Administration,7300,Small Business Administration,737010,OFC OF CAPITAL ACCESS,073,Small Business Administration,7300,Small Business Administration,737010,OFC OF CAPITAL ACCESS,073-2020/2021-1154-000,073-1154,"41.0: Grants, subsidies, and contributions",0702: LOAN GUARANTEE SUBSIDY,,,DASHI JAPANESE RESTAURANT,DASHI JAPANESE RESTAURANT,,,,USA,UNITED STATES,873 HAMILTON AVENUE,,46870,MENLO PARK,06081,SAN MATEO,06,CA,CALIFORNIA,94025,,CA-14,CA-16,,,,COUNTY-WIDE,USA,UNITED STATES,CA**081,,06081,SAN MATEO,06,CALIFORNIA,,CA-14,CA-90,,59.073: PAYCHECK PROTECTION LOAN PROGRAM (PPP),,,08,GUARANTEED/INSURED LOAN (F),TO AID SMALL BUSINESSES IN MAINTAINING WORK FORCE DURING COVID-19 PANDEMIC.,NON,NOT RECOVERY ACT,P,INDIVIDUAL,2,NON-AGGREGATE RECORD,,,,,,,,,,,https://www.usaspending.gov/award/ASST_NON_9796358105_073/,2021-01-06 03:33:53.27803+00
ASST_NON_9801778108_073,9801778108,,SAI EXEMPT,O: Non-emergency P.L. 116-136|Non-emergency P.L. 116-139|Non-emergency P.L. 116-260|Non-emergency P.L. 117-2,,0.00,,,2020-08-24,2020,0.00,0.00,,,0.00,0.00,0.00,2020-07-29,2020,,,073,Small Business Administration,7300,Small Business Administration,737010,OFC OF CAPITAL ACCESS,073,Small Business Administration,7300,Small Business Administration,737010,OFC OF CAPITAL ACCESS,073-2020/2021-1154-000,073-1154,"41.0: Grants, subsidies, and contributions",0702: LOAN GUARANTEE SUBSIDY,,,CALIFORNIA ELECTRIC MEDIA LLC,CALIFORNIA ELECTRIC MEDIA LLC,,,,USA,UNITED STATES,361 5TH AVE,,82198,VENICE,06037,LOS ANGELES,06,CA,CALIFORNIA,90291,,CA-33,CA-36,,,,COUNTY-WIDE,USA,UNITED STATES,CA**037,,06037,LOS ANGELES,06,CALIFORNIA,,CA-33,CA-90,,59.073: PAYCHECK PROTECTION LOAN PROGRAM (PPP),,,08,GUARANTEED/INSURED LOAN (F),TO AID SMALL BUSINESSES IN MAINTAINING WORK FORCE DURING COVID-19 PANDEMIC.,NON,NOT RECOVERY ACT,P,INDIVIDUAL,2,NON-AGGREGATE RECORD,,,,,,,,,,,https://www.usaspending.gov/award/ASST_NON_9801778108_073/,2021-01-06 03:33:53.27803+00
ASST_NON_9806588109_073,9806588109,,SAI EXEMPT,O: Non-emergency P.L. 116-136|Non-emergency P.L. 116-139|Non-emergency P.L. 116-260|Non-emergency P.L. 117-2,,0.00,,,2020-08-24,2020,0.00,0.00,,,0.00,0.00,0.00,2020-07-29,2020,,,073,Small Business Administration,7300,Small Business Administration,737010,OFC OF CAPITAL ACCESS,073,Small Business Administration,7300,Small Business Administration,737010,OFC OF CAPITAL ACCESS,073-2020/2021-1154-000,073-1154,"41.0: Grants, subsidies, and contributions",0702: LOAN GUARANTEE SUBSIDY,,,CHATEAU MARMUTT,CHATEAU MARMUTT,,,,USA,UNITED STATES,8162 BEVERLY BLVD.,,44000,LOS ANGELES,06037,LOS ANGELES,06,CA,CALIFORNIA,90048,,CA-33,CA-30,,,,COUNTY-WIDE,USA,UNITED STATES,CA**037,,06037,LOS ANGELES,06,CALIFORNIA,,CA-33,CA-90,,59.073: PAYCHECK PROTECTION LOAN PROGRAM (PPP),,,08,GUARANTEED/INSURED LOAN (F),TO AID SMALL BUSINESSES IN MAINTAINING WORK FORCE DURING COVID-19 PANDEMIC.,NON,NOT RECOVERY ACT,P,INDIVIDUAL,2,NON-AGGREGATE RECORD,,,,,,,,,,,https://www.usaspending.gov/award/ASST_NON_9806588109_073/,2021-01-06 03:33:53.27803+00
ASST_NON_9807548110_073,9807548110,,SAI EXEMPT,O: Non-emergency P.L. 116-136|Non-emergency P.L. 116-139|Non-emergency P.L. 116-260|Non-emergency P.L. 117-2,,0.00,,,2020-08-24,2020,0.00,0.00,,,0.00,0.00,0.00,2020-07-29,2020,,,073,Small Business Administration,7300,Small Business Administration,737010,OFC OF CAPITAL ACCESS,073,Small Business Administration,7300,Small Business Administration,737010,OFC OF CAPITAL ACCESS,073-2020/2021-1154-000,073-1154,"41.0: Grants, subsidies, and contributions",0702: LOAN GUARANTEE SUBSIDY,,,APP SAMURAI INC,APP SAMURAI INC,,,,USA,UNITED STATES,845 MARKET STREET,STE 450,67000,SAN FRANCISCO,06075,SAN FRANCISCO,06,CA,CALIFORNIA,94103,,CA-12,CA-11,,,,COUNTY-WIDE,USA,UNITED STATES,CA**075,,06075,SAN FRANCISCO,06,CALIFORNIA,,CA-12,CA-90,,59.073: PAYCHECK PROTECTION LOAN PROGRAM (PPP),,,08,GUARANTEED/INSURED LOAN (F),TO AID SMALL BUSINESSES IN MAINTAINING WORK FORCE DURING COVID-19 PANDEMIC.,NON,NOT RECOVERY ACT,R,SMALL BUSINESS,2,NON-AGGREGATE RECORD,,,,,,,,,,,https://www.usaspending.gov/award/ASST_NON_9807548110_073/,2021-01-06 03:33:53.27803+00
ASST_NON_9807888107_073,9807888107,,SAI EXEMPT,O: Non-emergency P.L. 116-136|Non-emergency P.L. 116-139|Non-emergency P.L. 116-260|Non-emergency P.L. 117-2,,0.00,,,2020-08-24,2020,0.00,0.00,,,0.00,0.00,0.00,2020-07-29,2020,,,073,Small Business Administration,7300,Small Business Administration,737010,OFC OF CAPITAL ACCESS,073,Small Business Administration,7300,Small Business Administration,737010,OFC OF CAPITAL ACCESS,073-2020/2021-1154-000,073-1154,"41.0: Grants, subsidies, and contributions",0702: LOAN GUARANTEE SUBSIDY,,,INDIVIDUAL MEDLEY,INDIVIDUAL MEDLEY,,,,USA,UNITED STATES,3176 GLENDALE BLVD,,44000,LOS ANGELES,06037,LOS ANGELES,06,CA,CALIFORNIA,90039,,CA-28,CA-30,,,,COUNTY-WIDE,USA,UNITED STATES,CA**037,,06037,LOS ANGELES,06,CALIFORNIA,,CA-28,CA-90,,59.073: PAYCHECK PROTECTION LOAN PROGRAM (PPP),,,08,GUARANTEED/INSURED LOAN (F),TO AID SMALL BUSINESSES IN MAINTAINING WORK FORCE DURING COVID-19 PANDEMIC.,NON,NOT RECOVERY ACT,P,INDIVIDUAL,2,NON-AGGREGATE RECORD,,,,,,,,,,,https://www.usaspending.gov/award/ASST_NON_9807888107_073/,2021-01-06 03:33:53.27803+00
ASST_NON_9808988104_073,9808988104,,SAI EXEMPT,O: Non-emergency P.L. 116-136|Non-emergency P.L. 116-139|Non-emergency P.L. 116-260|Non-emergency P.L. 117-2,,0.00,,,2020-08-24,2020,0.00,0.00,,,0.00,0.00,0.00,2020-07-29,2020,,,073,Small Business Administration,7300,Small Business Administration,737010,OFC OF CAPITAL ACCESS,073,Small Business Administration,7300,Small Business Administration,737010,OFC OF CAPITAL ACCESS,073-2020/2021-1154-000,073-1154,"41.0: Grants, subsidies, and contributions",0702: LOAN GUARANTEE SUBSIDY,,,ROSETTE DJOMO,ROSETTE DJOMO,,,,USA,UNITED STATES,4123 BAINE AVE,APT 102B,26004,FREMONT,06001,ALAMEDA,06,CA,CALIFORNIA,94536,,CA-15,CA-14,,,,COUNTY-WIDE,USA,UNITED STATES,CA**001,,06001,ALAMEDA,06,CALIFORNIA,,CA-15,CA-90,,59.073: PAYCHECK PROTECTION LOAN PROGRAM (PPP),,,08,GUARANTEED/INSURED LOAN (F),TO AID SMALL BUSINESSES IN MAINTAINING WORK FORCE DURING COVID-19 PANDEMIC.,NON,NOT RECOVERY ACT,P,INDIVIDUAL,2,NON-AGGREGATE RECORD,,,,,,,,,,,https://www.usaspending.gov/award/ASST_NON_9808988104_073/,2021-01-06 03:33:53.27803+00
ASST_NON_9809758107_073,9809758107,,SAI EXEMPT,O: Non-emergency P.L. 116-136|Non-emergency P.L. 116-139|Non-emergency P.L. 116-260|Non-emergency P.L. 117-2,,0.00,,,2020-08-24,2020,0.00,0.00,,,0.00,0.00,0.00,2020-07-29,2020,,,073,Small Business Administration,7300,Small Business Administration,737010,OFC OF CAPITAL ACCESS,073,Small Business Administration,7300,Small Business Administration,737010,OFC OF CAPITAL ACCESS,073-2020/2021-1154-000,073-1154,"41.0: Grants, subsidies, and contributions",0702: LOAN GUARANTEE SUBSIDY,,,"WFC ENTERTAINMENT, INC.","WFC ENTERTAINMENT, INC.",,,,USA,UNITED STATES,5167 DAHLIA DRIVE,,44000,LOS ANGELES,06037,LOS ANGELES,06,CA,CALIFORNIA,90041,,CA-34,CA-34,,,,COUNTY-WIDE,USA,UNITED STATES,CA**037,,06037,LOS ANGELES,06,CALIFORNIA,,CA-34,CA-90,,59.073: PAYCHECK PROTECTION LOAN PROGRAM (PPP),,,08,GUARANTEED/INSURED LOAN (F),TO AID SMALL BUSINESSES IN MAINTAINING WORK FORCE DURING COVID-19 PANDEMIC.,NON,NOT RECOVERY ACT,P,INDIVIDUAL,2,NON-AGGREGATE RECORD,,,,,,,,,,,https://www.usaspending.gov/award/ASST_NON_9809758107_073/,2021-01-06 03:33:53.27803+00
ASST_NON_9810878105_073,9810878105,,SAI EXEMPT,O: Non-emergency P.L. 116-136|Non-emergency P.L. 116-139|Non-emergency P.L. 116-260|Non-emergency P.L. 117-2,,0.00,,,2020-08-24,2020,0.00,0.00,,,0.00,0.00,0.00,2020-07-29,2020,,,073,Small Business Administration,7300,Small Business Administration,737010,OFC OF CAPITAL ACCESS,073,Small Business Administration,7300,Small Business Administration,737010,OFC OF CAPITAL ACCESS,073-2020/2021-1154-000,073-1154,"41.0: Grants, subsidies, and contributions",0702: LOAN GUARANTEE SUBSIDY,,,GOLDEN S INC.,GOLDEN S INC.,,,,USA,UNITED STATES,1412 SUNNYLAND AVE,,21712,EL CAJON,06073,SAN DIEGO,06,CA,CALIFORNIA,92019,,CA-50,CA-90,,,,COUNTY-WIDE,USA,UNITED STATES,CA**073,,06073,SAN DIEGO,06,CALIFORNIA,,CA-50,CA-90,,59.073: PAYCHECK PROTECTION LOAN PROGRAM (PPP),,,08,GUARANTEED/INSURED LOAN (F),TO AID SMALL BUSINESSES IN MAINTAINING WORK FORCE DURING COVID-19 PANDEMIC.,NON,NOT RECOVERY ACT,R,SMALL BUSINESS,2,NON-AGGREGATE RECORD,,,,,,,,,,,https://www.usaspending.gov/award/ASST_NON_9810878105_073/,2021-01-06 03:33:53.27803+00
ASST_NON_9812048107_073,9812048107,,SAI EXEMPT,O: Non-emergency P.L. 116-136|Non-emergency P.L. 116-139|Non-emergency P.L. 116-260|Non-emergency P.L. 117-2,,0.00,,,2020-08-24,2020,0.00,0.00,,,0.00,0.00,0.00,2020-07-29,2020,,,073,Small Business Administration,7300,Small Business Administration,737010,OFC OF CAPITAL ACCESS,073,Small Business Administration,7300,Small Business Administration,737010,OFC OF CAPITAL ACCESS,073-2020/2021-1154-000,073-1154,"41.0: Grants, subsidies, and contributions",0702: LOAN GUARANTEE SUBSIDY,,,MOHAMMAD ALZGHOUL,MOHAMMAD ALZGHOUL,,,,USA,UNITED STATES,335 S NORFOLK ST,,68252,SAN MATEO,06081,SAN MATEO,06,CA,CALIFORNIA,94401,,CA-14,CA-15,,,,COUNTY-WIDE,USA,UNITED STATES,CA**081,,06081,SAN MATEO,06,CALIFORNIA,,CA-14,CA-90,,59.073: PAYCHECK PROTECTION LOAN PROGRAM (PPP),,,08,GUARANTEED/INSURED LOAN (F),TO AID SMALL BUSINESSES IN MAINTAINING WORK FORCE DURING COVID-19 PANDEMIC.,NON,NOT RECOVERY ACT,P,INDIVIDUAL,2,NON-AGGREGATE RECORD,,,,,,,,,,,https://www.usaspending.gov/award/ASST_NON_9812048107_073/,2021-01-06 03:33:53.27803+00
ASST_NON_9816668102_073,9816668102,,SAI EXEMPT,O: Non-emergency P.L. 116-136|Non-emergency P.L. 116-139|Non-emergency P.L. 116-260|Non-emergency P.L. 117-2,,0.00,,,2020-08-24,2020,0.00,0.00,,,0.00,0.00,0.00,2020-07-29,2020,,,073,Small Business Administration,7300,Small Business Administration,737010,OFC OF CAPITAL ACCESS,073,Small Business Administration,7300,Small Business Administration,737010,OFC OF CAPITAL ACCESS,073-2020/2021-1154-000,073-1154,"41.0: Grants, subsidies, and contributions",0702: LOAN GUARANTEE SUBSIDY,,,ASSURANT INNOVATIONS,ASSURANT INNOVATIONS,,,,USA,UNITED STATES,1315 PIEDMONT RD.,32386,68000,SAN JOSE,06085,SANTA CLARA,06,CA,CALIFORNIA,95132,,CA-17,CA-17,,,,COUNTY-WIDE,USA,UNITED STATES,CA**085,,06085,SANTA CLARA,06,CALIFORNIA,,CA-17,CA-90,,59.073: PAYCHECK PROTECTION LOAN PROGRAM (PPP),,,08,GUARANTEED/INSURED LOAN (F),TO AID SMALL BUSINESSES IN MAINTAINING WORK FORCE DURING COVID-19 PANDEMIC.,NON,NOT RECOVERY ACT,P,INDIVIDUAL,2,NON-AGGREGATE RECORD,,,,,,,,,,,https://www.usaspending.gov/award/ASST_NON_9816668102_073/,2021-01-06 03:33:53.27803+00
ASST_NON_9928837310_073,9928837310,,SAI EXEMPT,O: Non-emergency P.L. 116-136|Non-emergency P.L. 116-139|Non-emergency P.L. 116-260|Non-emergency P.L. 117-2,30089.79,30089.79,,,2020-08-24,2020,0.00,30089.79,,,0.00,29581.00,30089.79,2020-05-04,2020,,,073,Small Business Administration,7300,Small Business Administration,737010,OFC OF CAPITAL ACCESS,073,Small Business Administration,7300,Small Business Administration,737010,OFC OF CAPITAL ACCESS,073-2020/2021-1154-000,073-1154,"41.0: Grants, subsidies, and contributions",0702: LOAN GUARANTEE SUBSIDY,,,"MUSICAL THEATRE WORKS, INC.","MUSICAL THEATRE WORKS, INC.",,,,USA,UNITED STATES,58 W PORTAL AVE 115,,67000,SAN FRANCISCO,06075,SAN FRANCISCO,06,CA,CALIFORNIA,94127,,CA-14,CA-11,,,,COUNTY-WIDE,USA,UNITED STATES,CA**075,,06075,SAN FRANCISCO,06,CALIFORNIA,,CA-14,CA-90,,59.073: PAYCHECK PROTECTION LOAN PROGRAM (PPP),,,08,GUARANTEED/INSURED LOAN (F),TO AID SMALL BUSINESSES IN MAINTAINING WORK FORCE DURING COVID-19 PANDEMIC.,NON,NOT RECOVERY ACT,M,NONPROFIT WITH 501C3 IRS STATUS (OTHER THAN AN INSTITUTION OF HIGHER EDUCATION),2,NON-AGGREGATE RECORD,,,,,,,,,,,https://www.usaspending.gov/award/ASST_NON_9928837310_073/,2021-01-06 03:33:53.27803+00
prime_award_unique_key,prime_award_fain,prime_award_amount,prime_award_disaster_emergency_fund_codes,prime_award_outlayed_amount_from_COVID-19_supplementals,prime_award_obligated_amount_from_COVID-19_supplementals,prime_award_outlayed_amount_from_IIJA_supplemental,prime_award_obligated_amount_from_IIJA_supplemental,prime_award_total_outlayed_amount,prime_award_base_action_date,prime_award_base_action_date_fiscal_year,prime_award_latest_action_date,prime_award_latest_action_date_fiscal_year,prime_award_period_of_performance_start_date,prime_award_period_of_performance_current_end_date,prime_award_awarding_agency_code,prime_award_awarding_agency_name,prime_award_awarding_sub_agency_code,prime_award_awarding_sub_agency_name,prime_award_awarding_office_code,prime_award_awarding_office_name,prime_award_funding_agency_code,prime_award_funding_agency_name,prime_award_funding_sub_agency_code,prime_award_funding_sub_agency_name,prime_award_funding_office_code,prime_award_funding_office_name,prime_award_treasury_accounts_funding_this_award,prime_award_federal_accounts_funding_this_award,prime_award_object_classes_funding_this_award,prime_award_program_activities_funding_this_award,prime_awardee_uei,prime_awardee_duns,prime_awardee_name,prime_awardee_dba_name,prime_awardee_parent_uei,prime_awardee_parent_duns,prime_awardee_parent_name,prime_awardee_country_code,prime_awardee_country_name,prime_awardee_address_line_1,prime_awardee_city_name,prime_awardee_county_fips_code,prime_awardee_county_name,prime_awardee_state_fips_code,prime_awardee_state_code,prime_awardee_state_name,prime_awardee_zip_code,prime_award_summary_recipient_cd_original,prime_award_summary_recipient_cd_current,prime_awardee_foreign_postal_code,prime_awardee_business_types,prime_award_primary_place_of_performance_scope,prime_award_primary_place_of_performance_city_name,prime_award_primary_place_of_performance_county_fips_code,prime_award_primary_place_of_performance_county_name,prime_award_primary_place_of_performance_state_fips_code,prime_award_primary_place_of_performance_state_code,prime_award_primary_place_of_performance_state_name,prime_award_primary_place_of_performance_address_zip_code,prime_award_summary_place_of_performance_cd_original,prime_award_summary_place_of_performance_cd_current,prime_award_primary_place_of_performance_country_code,prime_award_primary_place_of_performance_country_name,prime_award_base_transaction_description,prime_award_cfda_numbers_and_titles,subaward_type,subaward_sam_report_id,subaward_sam_report_year,subaward_sam_report_month,subaward_number,subaward_amount,subaward_action_date,subaward_action_date_fiscal_year,subawardee_uei,subawardee_duns,subawardee_name,subawardee_dba_name,subawardee_parent_uei,subawardee_parent_duns,subawardee_parent_name,subawardee_country_code,subawardee_country_name,subawardee_address_line_1,subawardee_city_name,subawardee_state_code,subawardee_state_name,subawardee_zip_code,subaward_recipient_cd_original,subaward_recipient_cd_current,subawardee_foreign_postal_code,subawardee_business_types,subaward_primary_place_of_performance_city_name,subaward_primary_place_of_performance_state_code,subaward_primary_place_of_performance_state_name,subaward_primary_place_of_performance_address_zip_code,subaward_place_of_performance_cd_original,subaward_place_of_performance_cd_current,subaward_primary_place_of_performance_country_code,subaward_primary_place_of_performance_country_name,subaward_description,subawardee_highly_compensated_officer_1_name,subawardee_highly_compensated_officer_1_amount,subawardee_highly_compensated_officer_2_name,subawardee_highly_compensated_officer_2_amount,subawardee_highly_compensated_officer_3_name,subawardee_highly_compensated_officer_3_amount,subawardee_highly_compensated_officer_4_name,subawardee_highly_compensated_officer_4_amount,subawardee_highly_compensated_officer_5_name,subawardee_highly_compensated_officer_5_amount,usaspending_permalink,subaward_sam_report_last_modified_date
