contract_award_unique_key,award_id_piid,parent_award_agency_id,parent_award_agency_name,parent_award_id_piid,disaster_emergency_fund_codes,outlayed_amount_from_COVID-19_supplementals,obligated_amount_from_COVID-19_supplementals,outlayed_amount_from_IIJA_supplemental,obligated_amount_from_IIJA_supplemental,total_obligated_amount,total_outlayed_amount,current_total_value_of_award,potential_total_value_of_award,award_base_action_date,award_base_action_date_fiscal_year,award_latest_action_date,award_latest_action_date_fiscal_year,period_of_performance_start_date,period_of_performance_current_end_date,period_of_performance_potential_end_date,ordering_period_end_date,solicitation_date,awarding_agency_code,awarding_agency_name,awarding_sub_agency_code,awarding_sub_agency_name,awarding_office_code,awarding_office_name,funding_agency_code,funding_agency_name,funding_sub_agency_code,funding_sub_agency_name,funding_office_code,funding_office_name,treasury_accounts_funding_this_award,federal_accounts_funding_this_award,object_classes_funding_this_award,program_activities_funding_this_award,foreign_funding,foreign_funding_description,sam_exception,sam_exception_description,recipient_uei,recipient_duns,recipient_name,recipient_name_raw,recipient_doing_business_as_name,cage_code,recipient_parent_uei,recipient_parent_duns,recipient_parent_name,recipient_parent_name_raw,recipient_country_code,recipient_country_name,recipient_address_line_1,recipient_address_line_2,recipient_city_name,prime_award_summary_recipient_county_fips_code,recipient_county_name,prime_award_summary_recipient_state_fips_code,recipient_state_code,recipient_state_name,recipient_zip_4_code,prime_award_summary_recipient_cd_original,prime_award_summary_recipient_cd_current,recipient_phone_number,recipient_fax_number,primary_place_of_performance_country_code,primary_place_of_performance_country_name,primary_place_of_performance_city_name,prime_award_summary_place_of_performance_county_fips_code,primary_place_of_performance_county_name,prime_award_summary_place_of_performance_state_fips_code,primary_place_of_performance_state_code,primary_place_of_performance_state_name,primary_place_of_performance_zip_4,prime_award_summary_place_of_performance_cd_original,prime_award_summary_place_of_performance_cd_current,award_or_idv_flag,award_type_code,award_type,idv_type_code,idv_type,multiple_or_single_award_idv_code,multiple_or_single_award_idv,type_of_idc_code,type_of_idc,type_of_contract_pricing_code,type_of_contract_pricing,prime_award_base_transaction_description,solicitation_identifier,number_of_actions,inherently_governmental_functions,inherently_governmental_functions_description,product_or_service_code,product_or_service_code_description,contract_bundling_code,contract_bundling,dod_claimant_program_code,dod_claimant_program_description,naics_code,naics_description,recovered_materials_sustainability_code,recovered_materials_sustainability,domestic_or_foreign_entity_code,domestic_or_foreign_entity,dod_acquisition_program_code,dod_acquisition_program_description,information_technology_commercial_item_category_code,information_technology_commercial_item_category,epa_designated_product_code,epa_designated_product,country_of_product_or_service_origin_code,country_of_product_or_service_origin,place_of_manufacture_code,place_of_manufacture,subcontracting_plan_code,subcontracting_plan,extent_competed_code,extent_competed,solicitation_procedures_code,solicitation_procedures,type_of_set_aside_code,type_of_set_aside,evaluated_preference_code,evaluated_preference,research_code,research,fair_opportunity_limited_sources_code,fair_opportunity_limited_sources,other_than_full_and_open_competition_code,other_than_full_and_open_competition,number_of_offers_received,commercial_item_acquisition_procedures_code,commercial_item_acquisition_procedures,small_business_competitiveness_demonstration_program,simplified_procedures_for_certain_commercial_items_code,simplified_procedures_for_certain_commercial_items,a76_fair_act_action_code,a76_fair_act_action,fed_biz_opps_code,fed_biz_opps,local_area_set_aside_code,local_area_set_aside,price_evaluation_adjustment_preference_percent_difference,clinger_cohen_act_planning_code,clinger_cohen_act_planning,materials_supplies_articles_equipment_code,materials_supplies_articles_equipment,labor_standards_code,labor_standards,construction_wage_rate_requirements_code,construction_wage_rate_requirements,interagency_contracting_authority_code,interagency_contracting_authority,other_statutory_authority,program_acronym,parent_award_type_code,parent_award_type,parent_award_single_or_multiple_code,parent_award_single_or_multiple,major_program,national_interest_action_code,national_interest_action,cost_or_pricing_data_code,cost_or_pricing_data,cost_accounting_standards_clause_code,cost_accounting_standards_clause,government_furnished_property_code,government_furnished_property,sea_transportation_code,sea_transportation,consolidated_contract_code,consolidated_contract,performance_based_service_acquisition_code,performance_based_service_acquisition,multi_year_contract_code,multi_year_contract,contract_financing_code,contract_financing,purchase_card_as_payment_method_code,purchase_card_as_payment_method,contingency_humanitarian_or_peacekeeping_operation_code,contingency_humanitarian_or_peacekeeping_operation,alaskan_native_corporation_owned_firm,american_indian_owned_business,indian_tribe_federally_recognized,native_hawaiian_organization_owned_firm,tribally_owned_firm,veteran_owned_business,service_disabled_veteran_owned_business,woman_owned_business,women_owned_small_business,economically_disadvantaged_women_owned_small_business,joint_venture_women_owned_small_business,joint_venture_economic_disadvantaged_women_owned_small_bus,minority_owned_business,subcontinent_asian_asian_indian_american_owned_business,asian_pacific_american_owned_business,black_american_owned_business,hispanic_american_owned_business,native_american_owned_business,other_minority_owned_business,contracting_officers_determination_of_business_size,contracting_officers_determination_of_business_size_code,emerging_small_business,community_developed_corporation_owned_firm,labor_surplus_area_firm,us_federal_government,federally_funded_research_and_development_corp,federal_agency,us_state_government,us_local_government,city_local_government,county_local_government,inter_municipal_local_government,local_government_owned,municipality_local_government,school_district_local_government,township_local_government,us_tribal_government,foreign_government,organizational_type,corporate_entity_not_tax_exempt,corporate_entity_tax_exempt,partnership_or_limited_liability_partnership,sole_proprietorship,small_agricultural_cooperative,international_organization,us_government_entity,community_development_corporation,domestic_shelter,educational_institution,foundation,hospital_flag,manufacturer_of_goods,veterinary_hospital,hispanic_servicing_institution,receives_contracts,receives_financial_assistance,receives_contracts_and_financial_assistance,airport_authority,council_of_governments,housing_authorities_public_tribal,interstate_entity,planning_commission,port_authority,transit_authority,subchapter_scorporation,limited_liability_corporation,foreign_owned,for_profit_organization,nonprofit_organization,other_not_for_profit_organization,the_ability_one_program,private_university_or_college,state_controlled_institution_of_higher_learning,1862_land_grant_college,1890_land_grant_college,1994_land_grant_college,minority_institution,historically_black_college,tribal_college,alaskan_native_servicing_institution,native_hawaiian_servicing_institution,school_of_forestry,veterinary_college,dot_certified_disadvantage,self_certified_small_disadvantaged_business,small_disadvantaged_business,c8a_program_participant,historically_underutilized_business_zone_hubzone_firm,sba_certified_8a_joint_venture,highly_compensated_officer_1_name,highly_compensated_officer_1_amount,highly_compensated_officer_2_name,highly_compensated_officer_2_amount,highly_compensated_officer_3_name,highly_compensated_officer_3_amount,highly_compensated_officer_4_name,highly_compensated_officer_4_amount,highly_compensated_officer_5_name,highly_compensated_officer_5_amount,usaspending_permalink,last_modified_date
CONT_AWD_DAAH0102C0031_9700_-NONE-_-NONE-,DAAH0102C0031,,,,,,,,,25164126.97,,0.00,0.00,2002-03-28,2002,2021-04-20,2021,2002-03-28,2006-09-30,2006-09-30 00:00:00,,,097,Department of Defense,9763,Defense Contract Management Agency,S0514A,DCMA SOUTHERN CAL (SAN DIEGO),097,Department of Defense,2100,Department of the Army,W31G3H,W0H9 US ARMY AVN & MISSLES CMD,,,,,X,NOT APPLICABLE,,,RN43FYPYNKP4,841440832,TREX ENTERPRISES CORPORATION,TREX ENTERPRISES CORPORATION,,0ZKJ6,RN43FYPYNKP4,841440832,TREX ENTERPRISES CORPORATION,TREX ENTERPRISES CORPORATION,USA,UNITED STATES,10455 PACIFIC CENTER COURT,,SAN DIEGO,06073,SAN DIEGO,06,CA,CALIFORNIA,92121,CA-53,CA-90,,,USA,UNITED STATES,SAN DIEGO,06073,SAN DIEGO,06,CA,CALIFORNIA,921214339,CA-52,CA-51,AWARD,D,DEFINITIVE CONTRACT,,,,,,,U,COST PLUS FIXED FEE,200206!001708!2100!AH01 !USA AVIATION AND MISSILE COMMAND!DAAH0102C0031 !A!N! !N!P00001 !20020328!20021231!841440832!841440832!841440832!N!TREX ENTERPRISES CORPORATION !10455 PACIFIC CENTER COURT!SAN DIEGO !CA!92121!66000!073!06!SAN DIEGO !SAN DIEGO !CALIFORNIA!+000000110000!N!N!000000000000!1410!GUIDED MISSILES !S1 !SERVICES !1000!NOT DISCERNABLE OR CLASSIFIED !541710!E! !3! ! !H! ! !20070630!B! ! !N!Z!D!N!U!1!001!N!1G!Z!Y!Z! ! !N!B!N!N! ! !A! !A!A!000!A!B!N! ! ! ! ! ! !0001!,,1,,,1410,GUIDED MISSILES,D,NOT A BUNDLED REQUIREMENT,S1,SERVICES,541710,"RESEARCH AND DEVELOPMENT IN THE PHYSICAL, ENGINEERING, AND LIFE SCIENCES",C,NO CLAUSES INCLUDED AND NO SUSTAINABILITY INCLUDED,,,000,NONE,,,E,NOT REQUIRED,,,,,B,PLAN NOT REQUIRED,C,NOT COMPETED,,,NONE,NO SET ASIDE USED.,,,,,,,ONE,ONLY ONE SOURCE-OTHER (FAR 6.302-1 OTHER),1,D,COMMERCIAL ITEM PROCEDURES NOT USED,f,N,NO,N,NO,X,NOT APPLICABLE,,,0.00,N,NO,X,NOT APPLICABLE,X,NOT APPLICABLE,X,NOT APPLICABLE,X,NOT APPLICABLE,,,,,,,,NONE,NONE,Y,YES,X,NOT APPLICABLE EXEMPT FROM CAS,Y,TRANSACTION USES GFE/GFP,N,NO,N,NO,X,NOT APPLICABLE,N,NO,Z,NOT APPLICABLE,N,NO,X,NOT APPLICABLE,f,f,f,f,f,f,f,f,f,f,f,f,f,f,f,f,f,f,f,SMALL BUSINESS,S,f,f,f,f,f,f,f,f,f,f,f,f,f,f,f,f,f,,f,f,f,f,f,f,f,f,f,f,f,f,f,f,f,f,f,f,f,f,f,f,f,f,f,f,f,f,f,f,f,f,f,f,f,f,f,f,f,f,f,f,f,f,f,f,f,f,f,f,,,,,,,,,,,https://www.usaspending.gov/award/CONT_AWD_DAAH0102C0031_9700_-NONE-_-NONE-/,2021-04-23 10:24:16+00
CONT_AWD_DASG6000C0087_9700_-NONE-_-NONE-,DASG6000C0087,,,,,,,,,13863350.08,,0.00,0.00,2000-07-31,2000,2021-04-20,2021,2000-07-31,2023-12-27,2023-12-27 00:00:00,,,097,Department of Defense,9763,Defense Contract Management Agency,S0514A,DCMA SOUTHERN CAL (SAN DIEGO),097,Department of Defense,2100,Department of the Army,W9113M,W6QK ACC-RSA,,,,,X,NOT APPLICABLE,,,EVT4MC723QN5,095895827,THERMOTREX CORPORATION,THERMOTREX CORPORATION,,0DU49,EVT4MC723QN5,095895827,THERMOTREX CORPORATION,THERMOTREX CORPORATION,USA,UNITED STATES,10455 PACIFIC CENTER COURT,,SAN DIEGO,06073,SAN DIEGO,06,CA,CALIFORNIA,921214339,CA-52,CA-51,8586465533,8586465301,USA,UNITED STATES,SAN DIEGO,06073,SAN DIEGO,06,CA,CALIFORNIA,921214339,CA-52,CA-51,AWARD,D,DEFINITIVE CONTRACT,,,,,,,U,COST PLUS FIXED FEE,200012!2100!001429!SG60  !USA SPACE AND STRATEGIC DEF CDR !DASG6000C0087  !A!*!0                  !20000731!20010730!095895827!095895827!001408673!N!0UD49!THERMOTREX CORPORATION        !10455 PACIFIC CENTER COURT!SAN DIEGO           !CA!92121!66000!073!06!SAN DIEGO           !SAN DIEGO             !CALIFORNIA!0001!+000001322842!N!N!000000000000!AC23!RDTE/MISSILE AND SPACE SYSTEMS-ADV TECH DEV       !A2 !MISSILE AND SPACE SYSTEMS     !1CAA!BALLISTIC MISSILE DEFENSE SYS !8731!3!*!*!*!B!B!*!A !N!U!2!002!B!* !Z!Y!Z!* !* !N!C!*!C!C!A!A!A!A!*  !*!N!A!C!N!*!*!*!Y!*!,,1,,,AC23,NATIONAL DEFENSE R&D SERVICES; ATOMIC ENERGY DEFENSE ACTIVITIES; EXPERIMENTAL DEVELOPMENT,D,NOT A BUNDLED REQUIREMENT,A2,MISSILE AND SPACE SYSTEMS,,,C,NO CLAUSES INCLUDED AND NO SUSTAINABILITY INCLUDED,,,CAA,MDA SUPPORT,Z,NOT IT PRODUCTS OR SERVICES,E,NOT REQUIRED,USA,UNITED STATES,C,NOT A MANUFACTURED END PRODUCT,C,PLAN REQUIRED - INCENTIVE NOT INCLUDED,A,FULL AND OPEN COMPETITION,NP,NEGOTIATED PROPOSAL/QUOTE,NONE,NO SET ASIDE USED.,NONE,NO PREFERENCE USED,,,,,,,2,D,COMMERCIAL ITEM PROCEDURES NOT USED,f,N,NO,N,NO,Y,YES,,,0.00,N,NO,X,NOT APPLICABLE,N,NO,X,NOT APPLICABLE,X,NOT APPLICABLE,,,,,,,,NONE,NONE,Y,YES,Y,YES - CAS CLAUSE INCLUDED,N,TRANSACTION DOES NOT USE GFE/GFP,N,NO,N,NO,N,NO - SERVICE WHERE PBA IS NOT USED.,N,NO,Z,NOT APPLICABLE,N,NO,X,NOT APPLICABLE,f,f,f,f,f,f,f,f,f,f,f,f,f,f,f,f,f,f,f,OTHER THAN SMALL BUSINESS,O,f,f,f,f,f,f,f,f,f,f,f,f,f,f,f,f,f,CORPORATE NOT TAX EXEMPT,t,f,f,f,f,f,f,f,f,f,f,f,f,f,f,t,f,f,f,f,f,f,f,f,f,f,f,f,f,f,f,f,f,f,f,f,f,f,f,f,f,f,f,f,f,f,f,f,f,f,,,,,,,,,,,https://www.usaspending.gov/award/CONT_AWD_DASG6000C0087_9700_-NONE-_-NONE-/,2021-04-23 10:43:40+00
CONT_AWD_DASG6003C0008_9700_-NONE-_-NONE-,DASG6003C0008,,,,,,,,,8072064.00,,0.00,0.00,2003-01-28,2003,2021-04-20,2021,2003-01-28,2023-12-27,2023-12-27 00:00:00,,,097,Department of Defense,9763,Defense Contract Management Agency,S0514A,DCMA SOUTHERN CAL (SAN DIEGO),097,Department of Defense,2100,Department of the Army,W9113M,W6QK ACC-RSA,,,,,X,NOT APPLICABLE,,,RN43FYPYNKP4,841440832,TREX ENTERPRISES CORPORATION,TREX ENTERPRISES CORPORATION,,0ZKJ6,RN43FYPYNKP4,841440832,TREX ENTERPRISES CORPORATION,TREX ENTERPRISES CORPORATION,USA,UNITED STATES,10455 PACIFIC CENTER COURT,,SAN DIEGO,06073,SAN DIEGO,06,CA,CALIFORNIA,92121,CA-53,CA-90,,,USA,UNITED STATES,SAN DIEGO,06073,SAN DIEGO,06,CA,CALIFORNIA,921214339,CA-52,CA-51,AWARD,D,DEFINITIVE CONTRACT,,,,,,,U,COST PLUS FIXED FEE,,,1,,,AC23,NATIONAL DEFENSE R&D SERVICES; ATOMIC ENERGY DEFENSE ACTIVITIES; EXPERIMENTAL DEVELOPMENT,D,NOT A BUNDLED REQUIREMENT,A2,MISSILE AND SPACE SYSTEMS,541710,"RESEARCH AND DEVELOPMENT IN THE PHYSICAL, ENGINEERING, AND LIFE SCIENCES",C,NO CLAUSES INCLUDED AND NO SUSTAINABILITY INCLUDED,,,4CAA,,,,E,NOT REQUIRED,,,,,B,PLAN NOT REQUIRED,D,FULL AND OPEN COMPETITION AFTER EXCLUSION OF SOURCES,BR,BASIC RESEARCH,NONE,NO SET ASIDE USED.,,,,,,,,,1,D,COMMERCIAL ITEM PROCEDURES NOT USED,f,N,NO,N,NO,Y,YES,,,0.00,N,NO,X,NOT APPLICABLE,N,NO,X,NOT APPLICABLE,X,NOT APPLICABLE,,,,,,,,NONE,NONE,N,NO,X,NOT APPLICABLE EXEMPT FROM CAS,N,TRANSACTION DOES NOT USE GFE/GFP,U,UNKNOWN,N,NO,N,NO - SERVICE WHERE PBA IS NOT USED.,N,NO,Z,NOT APPLICABLE,N,NO,X,NOT APPLICABLE,f,f,f,f,f,f,f,f,f,f,f,f,f,f,f,f,f,f,f,SMALL BUSINESS,S,f,f,f,f,f,f,f,f,f,f,f,f,f,f,f,f,f,,f,f,f,f,f,f,f,f,f,f,f,f,f,f,f,f,f,f,f,f,f,f,f,f,f,f,f,f,f,f,f,f,f,f,f,f,f,f,f,f,f,f,f,f,f,f,f,f,f,f,,,,,,,,,,,https://www.usaspending.gov/award/CONT_AWD_DASG6003C0008_9700_-NONE-_-NONE-/,2021-04-23 10:48:25+00
CONT_AWD_FA226319CA025_9700_-NONE-_-NONE-,FA226319CA025,,,,Q: Not Designated Nonemergency/Emergency/Disaster/Wildfire Suppression,,,,,2157864.84,130474.68,2157864.84,2204742.84,2019-09-26,2019,2021-04-19,2021,2019-09-26,2022-09-30,2022-09-30 00:00:00,,2019-07-26,097,Department of Defense,5700,Department of the Air Force,FA2263,FA2263 AFLCMC ROMK AFMETCAL,097,Department of Defense,5700,Department of the Air Force,F4FTMM,F4FTMM AFLCMC WNM AFMETCAL SUPPLIES,057-2018/2020-3080-000;057-2019/2019-3400-000;057-2019/2019-3840-000;057-2019/2021-3080-000;057-2021/2023-3080-000,057-3080;057-3400;057-3840,31.0: Equipment,0001: OPERATING FORCES;0002: SUPPORT VEHICLES AND EQUIPMENT;OPTN: FIELD IS OPTIONAL PRIOR TO FY21,X,NOT APPLICABLE,,,SW85H92C5AX4,112225763,GENERAL ELECTRODYNAMICS CORPORATION,GENERAL ELECTRODYNAMICS CORPORATION,,06433,VFFYFHMCWPC3,007325673,GENERAL ELCTRODYNAMICS CORPORA,GENERAL ELECTRODYNAMICS CORP,USA,UNITED STATES,8000 CALENDER RD,,ARLINGTON,48439,TARRANT,48,TX,TEXAS,760017758,TX-06,TX-25,8175720368,8175720373,USA,UNITED STATES,ARLINGTON,48439,TARRANT,48,TX,TEXAS,760017758,TX-06,TX-25,AWARD,D,DEFINITIVE CONTRACT,,,,,,,J,FIRM FIXED PRICE,"60,000 LBS SCALE FORCE PRESS",FA226319QA012,1,,,6670,SCALES AND BALANCES,H,NOT BUNDLED,A7,ELECTRONICS AND COMMUNICATION EQUIPMENT,334516,ANALYTICAL LABORATORY INSTRUMENT MANUFACTURING,C,NO CLAUSES INCLUDED AND NO SUSTAINABILITY INCLUDED,A,U.S. OWNED BUSINESS,000,NONE,Z,NOT IT PRODUCTS OR SERVICES,E,NOT REQUIRED,USA,UNITED STATES,D,MFG IN U.S.,B,PLAN NOT REQUIRED,F,COMPETED UNDER SAP,SP1,SIMPLIFIED ACQUISITION,SBA,SMALL BUSINESS SET ASIDE - TOTAL,NONE,NO PREFERENCE USED,,,,,,,2,A,COMMERCIAL ITEM,f,Y,YES,N,NO,Y,YES,N,NO,0.00,N,NO,X,NOT APPLICABLE,X,NOT APPLICABLE,X,NOT APPLICABLE,X,NOT APPLICABLE,,,,,,,,NONE,NONE,N,NO,X,NOT APPLICABLE EXEMPT FROM CAS,N,TRANSACTION DOES NOT USE GFE/GFP,N,NO,D,NOT CONSOLIDATED,X,NOT APPLICABLE,N,NO,Z,NOT APPLICABLE,N,NO,X,NOT APPLICABLE,f,f,f,f,f,f,f,t,t,f,f,f,f,f,f,f,f,f,f,SMALL BUSINESS,S,f,f,f,f,f,f,f,f,f,f,f,f,f,f,f,f,f,CORPORATE NOT TAX EXEMPT,t,f,f,f,f,f,f,f,f,f,f,f,t,f,f,f,f,t,f,f,f,f,f,f,f,f,f,f,t,f,f,f,f,f,f,f,f,f,f,f,f,f,f,f,f,f,f,f,f,f,,,,,,,,,,,https://www.usaspending.gov/award/CONT_AWD_FA226319CA025_9700_-NONE-_-NONE-/,2021-04-19 16:21:01+00
CONT_AWD_FA226320C0003_9700_-NONE-_-NONE-,FA226320C0003,,,,Q: Not Designated Nonemergency/Emergency/Disaster/Wildfire Suppression,,,,,395399.73,270600.10,395399.73,406017.78,2020-04-08,2020,2021-04-16,2021,2020-04-08,2021-09-30,2022-09-30 00:00:00,,2020-03-16,097,Department of Defense,5700,Department of the Air Force,FA2263,FA2263 AFLCMC ROMK AFMETCAL,097,Department of Defense,5700,Department of the Air Force,F4FTMM,F4FTMM AFLCMC WNM AFMETCAL SUPPLIES,057-2019/2021-3080-000;057-2020/2022-3080-000;057-2021/2023-3080-000,057-3080,31.0: Equipment,0002: SUPPORT VEHICLES AND EQUIPMENT;OPTN: FIELD IS OPTIONAL PRIOR TO FY21,X,NOT APPLICABLE,,,DFLDAUBMHMV4,105451665,"ADVANCED INTEGRATION, LLC","ADVANCED INTEGRATION, LLC",,3CMK9,DFLDAUBMHMV4,105451665,"ADVANCED INTEGRATION, LLC",ADVANCED INTEGRATION  LLC,USA,UNITED STATES,6880 TUSSING RD,,REYNOLDSBURG,39049,FRANKLIN,39,OH,OHIO,430684101,OH-03,OH-15,6148632433,6148632544,USA,UNITED STATES,REYNOLDSBURG,39049,FRANKLIN,39,OH,OHIO,430684101,OH-03,OH-15,AWARD,D,DEFINITIVE CONTRACT,,,,,,,J,FIRM FIXED PRICE,ENVIRONMENTAL MONITORING SYSTEM,FA226320Q0001,1,,,6685,"PRESSURE, TEMPERATURE, AND HUMIDITY MEASURING AND CONTROLLING INSTRUMENTS",H,NOT BUNDLED,A7,ELECTRONICS AND COMMUNICATION EQUIPMENT,334516,ANALYTICAL LABORATORY INSTRUMENT MANUFACTURING,C,NO CLAUSES INCLUDED AND NO SUSTAINABILITY INCLUDED,A,U.S. OWNED BUSINESS,000,NONE,Z,NOT IT PRODUCTS OR SERVICES,E,NOT REQUIRED,USA,UNITED STATES,D,MFG IN U.S.,B,PLAN NOT REQUIRED,F,COMPETED UNDER SAP,SP1,SIMPLIFIED ACQUISITION,SBA,SMALL BUSINESS SET ASIDE - TOTAL,NONE,NO PREFERENCE USED,,,,,,,3,A,COMMERCIAL ITEM,f,Y,YES,N,NO,Y,YES,N,NO,0.00,N,NO,X,NOT APPLICABLE,X,NOT APPLICABLE,X,NOT APPLICABLE,X,NOT APPLICABLE,,,,,,,,NONE,NONE,N,NO,X,NOT APPLICABLE EXEMPT FROM CAS,N,TRANSACTION DOES NOT USE GFE/GFP,N,NO,D,NOT CONSOLIDATED,X,NOT APPLICABLE,N,NO,Z,NOT APPLICABLE,N,NO,X,NOT APPLICABLE,f,f,f,f,f,t,f,f,f,f,f,f,f,f,f,f,f,f,f,SMALL BUSINESS,S,f,f,f,f,f,f,f,f,f,f,f,f,f,f,f,f,f,CORPORATE NOT TAX EXEMPT,t,f,f,f,f,f,f,f,f,f,f,f,f,f,f,f,f,t,f,f,f,f,f,f,f,f,t,f,t,f,f,f,f,f,f,f,f,f,f,f,f,f,f,f,f,f,f,f,f,f,,,,,,,,,,,https://www.usaspending.gov/award/CONT_AWD_FA226320C0003_9700_-NONE-_-NONE-/,2021-04-16 12:57:20+00
CONT_AWD_FA248720C0077_9700_-NONE-_-NONE-,FA248720C0077,,,,,,,,,673560.00,0.00,673560.00,673560.00,2020-02-13,2020,2021-04-19,2021,2020-02-13,2021-05-19,2021-05-19 00:00:00,,2019-12-23,097,Department of Defense,5700,Department of the Air Force,FA2487,FA2487  AFTC PZZD (EGLIN),097,Department of Defense,5700,Department of the Air Force,F1T0CL,F1T0CL 96 TW 96 RANSS RNRE,057-2020/2021-3600-000,057-3600,25.5: Research and development contracts,,X,NOT APPLICABLE,,,FMNXG2RGM9Q5,043570142,"L3 TECHNOLOGIES, INC.","L3 TECHNOLOGIES, INC.",L3 TELEMETRY&RF PRODUCTS,13923,SJULQDJ8NZU7,004203337,"L3HARRIS TECHNOLOGIES, INC",L3HARRIS TECHNOLOGIES  INC.,USA,UNITED STATES,1515 GRUNDY'S LN,,BRISTOL,42017,BUCKS,42,PA,PENNSYLVANIA,190071506,PA-01,PA-01,8505985698,2675450100,USA,UNITED STATES,BRISTOL,42017,BUCKS,42,PA,PENNSYLVANIA,190071506,PA-01,PA-01,AWARD,D,DEFINITIVE CONTRACT,,,,,,,J,FIRM FIXED PRICE,MINIATURE AIRBORNE ENCRYPTION UNITS,FA248720R0077,1,,,5895,MISCELLANEOUS COMMUNICATION EQUIPMENT,H,NOT BUNDLED,A7,ELECTRONICS AND COMMUNICATION EQUIPMENT,334511,"SEARCH, DETECTION, NAVIGATION, GUIDANCE, AERONAUTICAL, AND NAUTICAL SYSTEM AND INSTRUMENT MANUFACTURING",C,NO CLAUSES INCLUDED AND NO SUSTAINABILITY INCLUDED,A,U.S. OWNED BUSINESS,000,NONE,Z,NOT IT PRODUCTS OR SERVICES,E,NOT REQUIRED,USA,UNITED STATES,D,MFG IN U.S.,H,DOD COMPREHENSIVE SUBCONTRACT PLAN,C,NOT COMPETED,SSS,ONLY ONE SOURCE,NONE,NO SET ASIDE USED.,NONE,NO PREFERENCE USED,,,,,ONE,ONLY ONE SOURCE-OTHER (FAR 6.302-1 OTHER),1,D,COMMERCIAL ITEM PROCEDURES NOT USED,f,N,NO,N,NO,Y,YES,N,NO,0.00,N,NO,X,NOT APPLICABLE,X,NOT APPLICABLE,N,NO,X,NOT APPLICABLE,,,,,,,,NONE,NONE,N,NO,X,NOT APPLICABLE EXEMPT FROM CAS,N,TRANSACTION DOES NOT USE GFE/GFP,U,UNKNOWN,D,NOT CONSOLIDATED,X,NOT APPLICABLE,N,NO,Z,NOT APPLICABLE,N,NO,X,NOT APPLICABLE,f,f,f,f,f,f,f,f,f,f,f,f,f,f,f,f,f,f,f,OTHER THAN SMALL BUSINESS,O,f,f,f,f,f,f,f,f,f,f,f,f,f,f,f,f,f,CORPORATE NOT TAX EXEMPT,t,f,f,f,f,f,f,f,f,f,f,f,t,f,f,f,f,t,f,f,f,f,f,f,f,f,f,f,t,f,f,f,f,f,f,f,f,f,f,f,f,f,f,f,f,f,f,f,f,f,,,,,,,,,,,https://www.usaspending.gov/award/CONT_AWD_FA248720C0077_9700_-NONE-_-NONE-/,2021-04-19 16:33:52+00
CONT_AWD_FA252120C0036_9700_-NONE-_-NONE-,FA252120C0036,,,,Q: Not Designated Nonemergency/Emergency/Disaster/Wildfire Suppression,,,,,732541.90,0.00,732541.90,732541.90,2020-08-26,2020,2021-04-22,2021,2020-08-19,2021-07-05,2021-07-05 00:00:00,,2020-08-19,097,Department of Defense,5700,Department of the Air Force,FA2521,FA2521  45 CONS PK,097,Department of Defense,5700,Department of the Air Force,F3K3DH,F3K3DH   45 CES CEZ,057-2020/2020-3400-000,057-3400,25.2: Other services from non-Federal sources,0001: OPERATING FORCES;OPTN: FIELD IS OPTIONAL PRIOR TO FY21,X,NOT APPLICABLE,,,UGUKDMMAT4D7,786659867,"INTERGRATED CONSTRUCTION MANAGEMENT, INC.","INTERGRATED CONSTRUCTION MANAGEMENT, INC.",,4QVF2,UGUKDMMAT4D7,786659867,"INTERGRATED CONSTRUCTION MANAGEMENT, INC.",INTERGRATED CONSTRUCTION MANAGEMENT  INC.,USA,UNITED STATES,"8810 ASTRONAUT BLVD, SUITE 101",,CAPE CANAVERAL,12009,BREVARD,12,FL,FLORIDA,329204239,FL-08,FL-08,3215252806,8667532756,USA,UNITED STATES,CANAVERAL AIR STATION,12009,BREVARD,12,FL,FLORIDA,329252206,FL-08,FL-08,AWARD,D,DEFINITIVE CONTRACT,,,,,,,J,FIRM FIXED PRICE,"REPAIR HANGAR C, CAPE CANAVERAL AIR FORCE STATION.",FA252120R0018,1,OT,OTHER FUNCTIONS,Z2AA,REPAIR OR ALTERATION OF OFFICE BUILDINGS,H,NOT BUNDLED,C2,CONSTRUCTION,236220,COMMERCIAL AND INSTITUTIONAL BUILDING CONSTRUCTION,F,ENVIRONMENTALLY PREFERABLE,A,U.S. OWNED BUSINESS,000,NONE,Z,NOT IT PRODUCTS OR SERVICES,A,MEETS REQUIREMENTS,USA,UNITED STATES,C,NOT A MANUFACTURED END PRODUCT,B,PLAN NOT REQUIRED,B,NOT AVAILABLE FOR COMPETITION,SSS,ONLY ONE SOURCE,8AN,8(A) SOLE SOURCE,NONE,NO PREFERENCE USED,,,,,OTH,AUTHORIZED BY STATUTE (FAR 6.302-5(A)(2)(I)),1,D,COMMERCIAL ITEM PROCEDURES NOT USED,f,N,NO,N,NO,N,NO,N,NO,0.00,N,NO,N,NO,N,NO,Y,YES,X,NOT APPLICABLE,,,,,,,,NONE,NONE,N,NO,X,NOT APPLICABLE EXEMPT FROM CAS,N,TRANSACTION DOES NOT USE GFE/GFP,N,NO,D,NOT CONSOLIDATED,N,NO - SERVICE WHERE PBA IS NOT USED.,Y,YES,Z,NOT APPLICABLE,N,NO,X,NOT APPLICABLE,f,f,f,f,f,t,t,f,f,f,f,f,t,f,t,f,f,f,f,SMALL BUSINESS,S,f,f,f,f,f,f,f,f,f,f,f,f,f,f,f,f,f,CORPORATE NOT TAX EXEMPT,t,f,f,f,f,f,f,f,f,f,f,f,f,f,f,f,f,t,f,f,f,f,f,f,f,t,f,f,t,f,f,f,f,f,f,f,f,f,f,f,f,f,f,f,f,t,f,t,f,f,,,,,,,,,,,https://www.usaspending.gov/award/CONT_AWD_FA252120C0036_9700_-NONE-_-NONE-/,2021-04-22 12:27:48+00
CONT_AWD_FA286020C0028_9700_-NONE-_-NONE-,FA286020C0028,,,,Q: Not Designated Nonemergency/Emergency/Disaster/Wildfire Suppression,,,,,547618.00,0.00,547618.00,547618.00,2020-05-21,2020,2021-04-20,2021,2020-05-21,2021-05-10,2021-05-10 00:00:00,,2020-01-15,097,Department of Defense,5700,Department of the Air Force,FA2860,FA2860  316 CONS PK,097,Department of Defense,5700,Department of the Air Force,F1D326,F1D326 316 CES CEP,057-2020/2020-3400-000,057-3400,32.0: Land and structures,0001: OPERATING FORCES,X,NOT APPLICABLE,,,SKQCDTRP9R85,050192473,"KOTUKU, INC","KOTUKU, INC.",,7KA36,SKQCDTRP9R85,050192473,"KOTUKU, INC",KOTUKU  INC.,USA,UNITED STATES,19210 S VERMONT AVE #205,,GARDENA,06037,LOS ANGELES,06,CA,CALIFORNIA,902484428,CA-43,CA-44,2137009598,,USA,UNITED STATES,ANDREWS AFB,24033,PRINCE GEORGES,24,MD,MARYLAND,207625222,MD-04,MD-05,AWARD,D,DEFINITIVE CONTRACT,,,,,,,J,FIRM FIXED PRICE,"REPAIR ROOF, DOORS, AND HVAC B3282",,1,OT,OTHER FUNCTIONS,Z2AA,REPAIR OR ALTERATION OF OFFICE BUILDINGS,H,NOT BUNDLED,C2,CONSTRUCTION,236220,COMMERCIAL AND INSTITUTIONAL BUILDING CONSTRUCTION,C,NO CLAUSES INCLUDED AND NO SUSTAINABILITY INCLUDED,A,U.S. OWNED BUSINESS,000,NONE,Z,NOT IT PRODUCTS OR SERVICES,E,NOT REQUIRED,USA,UNITED STATES,C,NOT A MANUFACTURED END PRODUCT,B,PLAN NOT REQUIRED,D,FULL AND OPEN COMPETITION AFTER EXCLUSION OF SOURCES,NP,NEGOTIATED PROPOSAL/QUOTE,SDVOSBC,SERVICE DISABLED VETERAN OWNED SMALL BUSINESS SET-ASIDE,NONE,NO PREFERENCE USED,,,,,,,8,D,COMMERCIAL ITEM PROCEDURES NOT USED,f,N,NO,N,NO,X,NOT APPLICABLE,N,NO,0.00,N,NO,N,NO,N,NO,Y,YES,X,NOT APPLICABLE,,,,,,,,NONE,NONE,N,NO,X,NOT APPLICABLE EXEMPT FROM CAS,N,TRANSACTION DOES NOT USE GFE/GFP,N,NO,D,NOT CONSOLIDATED,N,NO - SERVICE WHERE PBA IS NOT USED.,N,NO,Z,NOT APPLICABLE,N,NO,X,NOT APPLICABLE,f,f,f,f,f,t,t,f,f,f,f,f,t,f,t,f,f,f,f,SMALL BUSINESS,S,f,f,f,f,f,f,f,f,f,f,f,f,f,f,f,f,f,CORPORATE NOT TAX EXEMPT,t,f,f,f,f,f,f,f,f,f,f,f,f,f,f,f,f,t,f,f,f,f,f,f,f,f,f,f,t,f,f,f,f,f,f,f,f,f,f,f,f,f,f,f,t,t,f,f,f,f,,,,,,,,,,,https://www.usaspending.gov/award/CONT_AWD_FA286020C0028_9700_-NONE-_-NONE-/,2021-08-10 08:04:28+00
CONT_AWD_FA300216C0001_9700_-NONE-_-NONE-,FA300216C0001,,,,Q: Not Designated Nonemergency/Emergency/Disaster/Wildfire Suppression,,,,,2273902.60,0.00,2273902.60,2273902.60,2015-10-01,2016,2021-04-21,2021,2015-10-01,2019-09-30,2019-09-30 00:00:00,,,097,Department of Defense,5700,Department of the Air Force,FA3002,FA3002  338 ESS CC,097,Department of Defense,5700,Department of the Air Force,F3PH2A,F3PH2A HQ 19AF,057-2016/2016-3400-000;057-2017/2017-3400-000;057-2018/2018-3400-000;057-2019/2019-3400-000,057-3400,25.1: Advisory and assistance services,0001: OPERATING FORCES,X,NOT APPLICABLE,,,X3KBMPBMB3C1,042328471,"ITI SOLUTIONS, INC.",ITI SOLUTIONS INC,,1VVG9,X3KBMPBMB3C1,042328471,"ITI SOLUTIONS, INC.",ITI SOLUTIONS INC,USA,UNITED STATES,6800 PARK TEN BLVD STE 242E,,SAN ANTONIO,48029,BEXAR,48,TX,TEXAS,782134221,TX-23,TX-20,2107335744,2107335783,USA,UNITED STATES,RANDOLPH AFB,48029,BEXAR,48,TX,TEXAS,781504357,TX-28,TX-28,AWARD,D,DEFINITIVE CONTRACT,,,,,,,J,FIRM FIXED PRICE,IGF::OT::IGF   SPECTRA COURSEWARE DEVELOPMENT,FA300215R0009,1,OT,OTHER FUNCTIONS,U009,EDUCATION/TRAINING- GENERAL,D,NOT A BUNDLED REQUIREMENT,S1,SERVICES,611710,EDUCATIONAL SUPPORT SERVICES,C,NO CLAUSES INCLUDED AND NO SUSTAINABILITY INCLUDED,A,U.S. OWNED BUSINESS,000,NONE,Z,NOT IT PRODUCTS OR SERVICES,E,NOT REQUIRED,USA,UNITED STATES,C,NOT A MANUFACTURED END PRODUCT,B,PLAN NOT REQUIRED,B,NOT AVAILABLE FOR COMPETITION,SSS,ONLY ONE SOURCE,8AN,8(A) SOLE SOURCE,NONE,NO PREFERENCE USED,,,,,OTH,AUTHORIZED BY STATUTE (FAR 6.302-5(A)(2)(I)),1,A,COMMERCIAL ITEM,f,N,NO,N,NO,X,NOT APPLICABLE,N,NO,0.00,N,NO,N,NO,Y,YES,N,NO,X,NOT APPLICABLE,,,,,,,,NONE,NONE,N,NO,X,NOT APPLICABLE EXEMPT FROM CAS,N,TRANSACTION DOES NOT USE GFE/GFP,N,NO,N,NO,Y,YES - SERVICE WHERE PBA IS USED.,N,NO,Z,NOT APPLICABLE,N,NO,X,NOT APPLICABLE,f,f,f,f,f,t,t,f,f,f,f,f,t,f,f,f,t,f,f,SMALL BUSINESS,S,f,f,f,f,f,f,f,f,f,f,f,f,f,f,f,f,f,CORPORATE NOT TAX EXEMPT,t,f,f,f,f,f,f,f,f,f,f,f,f,f,f,f,f,t,f,f,f,f,f,f,f,t,f,f,t,f,f,f,f,f,f,f,f,f,f,f,f,f,f,f,f,f,f,t,f,f,,,,,,,,,,,https://www.usaspending.gov/award/CONT_AWD_FA300216C0001_9700_-NONE-_-NONE-/,2021-04-21 13:10:11+00
CONT_AWD_FA301020C0031_9700_-NONE-_-NONE-,FA301020C0031,,,,Q: Not Designated Nonemergency/Emergency/Disaster/Wildfire Suppression,,,,,201764.39,0.00,201764.39,201764.39,2020-09-17,2020,2021-04-19,2021,2020-09-17,2021-04-13,2021-04-13 00:00:00,,2020-07-23,097,Department of Defense,5700,Department of the Air Force,FA3010,FA3010  81 CONS CC,097,Department of Defense,5700,Department of the Air Force,F2J31D,81 ID IDP,057-2020/2020-3400-000,057-3400,32.0: Land and structures,0001: OPERATING FORCES,X,NOT APPLICABLE,,,DJZKVBKKGNM1,080775130,"CHIEFS CONSTRUCTION, INC",CHIEFS CONSTRUCTION COMPANY LLC,,7YFU5,DJZKVBKKGNM1,080775130,"CHIEFS CONSTRUCTION, INC",CHIEFS CONSTRUCTION COMPANY LLC,USA,UNITED STATES,2955 CYPRESS CREEK DR,,DIBERVILLE,28047,HARRISON,28,MS,MISSISSIPPI,395408621,MS-04,MS-04,2283240712,,USA,UNITED STATES,BILOXI,28047,HARRISON,28,MS,MISSISSIPPI,395342503,MS-04,MS-04,AWARD,D,DEFINITIVE CONTRACT,,,,,,,J,FIRM FIXED PRICE,REPLACE SEWER LINES MAGNOLIA DINING FACILITY,FA301020R0037,1,OT,OTHER FUNCTIONS,Z2ND,REPAIR OR ALTERATION OF SEWAGE AND WASTE FACILITIES,H,NOT BUNDLED,C2,CONSTRUCTION,237110,WATER AND SEWER LINE AND RELATED STRUCTURES CONSTRUCTION,C,NO CLAUSES INCLUDED AND NO SUSTAINABILITY INCLUDED,A,U.S. OWNED BUSINESS,000,NONE,Z,NOT IT PRODUCTS OR SERVICES,E,NOT REQUIRED,USA,UNITED STATES,C,NOT A MANUFACTURED END PRODUCT,B,PLAN NOT REQUIRED,D,FULL AND OPEN COMPETITION AFTER EXCLUSION OF SOURCES,NP,NEGOTIATED PROPOSAL/QUOTE,SDVOSBC,SERVICE DISABLED VETERAN OWNED SMALL BUSINESS SET-ASIDE,NONE,NO PREFERENCE USED,,,,,,,3,D,COMMERCIAL ITEM PROCEDURES NOT USED,f,N,NO,N,NO,X,NOT APPLICABLE,N,NO,0.00,N,NO,Y,YES,X,NOT APPLICABLE,Y,YES,X,NOT APPLICABLE,,,,,,,,NONE,NONE,N,NO,X,NOT APPLICABLE EXEMPT FROM CAS,N,TRANSACTION DOES NOT USE GFE/GFP,N,NO,D,NOT CONSOLIDATED,Y,YES - SERVICE WHERE PBA IS USED.,N,NO,Z,NOT APPLICABLE,N,NO,X,NOT APPLICABLE,f,f,f,f,f,t,t,f,f,f,f,f,t,f,f,t,f,f,f,SMALL BUSINESS,S,f,f,f,f,f,f,f,f,f,f,f,f,f,f,f,f,f,CORPORATE NOT TAX EXEMPT,t,f,f,f,f,f,f,f,f,f,f,f,f,f,f,f,f,t,f,f,f,f,f,f,f,f,t,f,t,f,f,f,f,f,f,f,f,f,f,f,f,f,f,f,f,t,f,f,f,f,,,,,,,,,,,https://www.usaspending.gov/award/CONT_AWD_FA301020C0031_9700_-NONE-_-NONE-/,2021-04-19 16:23:08+00
CONT_AWD_FA303021C0004_9700_-NONE-_-NONE-,FA303021C0004,,,,,,,,,7000.00,,7000.00,7000.00,2021-04-20,2021,2021-04-20,2021,2021-04-20,2021-04-21,2021-04-21 00:00:00,,2021-03-26,097,Department of Defense,5700,Department of the Air Force,FA3030,FA3030  17 CONS CC,097,Department of Defense,5700,Department of the Air Force,F1Z312,17 CES CERF RA,,,,,X,NOT APPLICABLE,,,JWX5AAG457E1,085795409,"SKG ENGINEERING, LLC","SKG ENGINEERING, LLC",,09GL5,JWX5AAG457E1,085795409,"SKG ENGINEERING, LLC","KIMREY, JAMES G",USA,UNITED STATES,706 S ABE ST,,SAN ANGELO,48451,TOM GREEN,48,TX,TEXAS,769036734,TX-11,TX-11,3256551288,3256578189,USA,UNITED STATES,GOODFELLOW AFB,48451,TOM GREEN,48,TX,TEXAS,769083100,TX-11,TX-11,AWARD,D,DEFINITIVE CONTRACT,,,,,,,J,FIRM FIXED PRICE,GEOTECHNICAL DRILLING,,1,OT,OTHER FUNCTIONS,F015,NATURAL RESOURCES/CONSERVATION- WELL DRILLING/EXPLORATORY,H,NOT BUNDLED,C2,CONSTRUCTION,238910,SITE PREPARATION CONTRACTORS,C,NO CLAUSES INCLUDED AND NO SUSTAINABILITY INCLUDED,A,U.S. OWNED BUSINESS,000,NONE,Z,NOT IT PRODUCTS OR SERVICES,E,NOT REQUIRED,USA,UNITED STATES,C,NOT A MANUFACTURED END PRODUCT,B,PLAN NOT REQUIRED,F,COMPETED UNDER SAP,SP1,SIMPLIFIED ACQUISITION,SBA,SMALL BUSINESS SET ASIDE - TOTAL,NONE,NO PREFERENCE USED,,,,,,,2,D,COMMERCIAL ITEM PROCEDURES NOT USED,f,N,NO,N,NO,N,NO,N,NO,0.00,N,NO,Y,YES,Y,YES,Y,YES,X,NOT APPLICABLE,,,,,,,,NONE,NONE,N,NO,X,NOT APPLICABLE EXEMPT FROM CAS,N,TRANSACTION DOES NOT USE GFE/GFP,N,NO,D,NOT CONSOLIDATED,N,NO - SERVICE WHERE PBA IS NOT USED.,N,NO,Z,NOT APPLICABLE,N,NO,X,NOT APPLICABLE,f,f,f,f,f,f,f,f,f,f,f,f,f,f,f,f,f,f,f,SMALL BUSINESS,S,f,f,f,f,f,f,f,f,f,f,f,f,f,f,f,f,f,PARTNERSHIP,f,f,t,f,f,f,f,f,f,f,f,f,f,f,f,f,f,t,f,f,f,f,f,f,f,f,t,f,t,f,f,f,f,f,f,f,f,f,f,f,f,f,f,f,f,t,f,f,f,f,,,,,,,,,,,https://www.usaspending.gov/award/CONT_AWD_FA303021C0004_9700_-NONE-_-NONE-/,2021-04-20 11:20:20+00
CONT_AWD_FA445215C0013_9700_-NONE-_-NONE-,FA445215C0013,,,,,,,,,8961704.26,0.00,8961704.26,8961704.26,2015-09-29,2015,2021-04-20,2021,2015-09-30,2019-09-29,2019-09-29 00:00:00,,,097,Department of Defense,5700,Department of the Air Force,FA4452,FA4452  763 ESS,097,Department of Defense,5700,Department of the Air Force,F3ST74,18 AF AMC TACC CCE,057-2015/2015-3400-000;057-2016/2016-3400-000;057-2017/2017-3400-000;057-2018/2018-3400-000,057-3400,25.7: Operation and maintenance of equipment,,X,NOT APPLICABLE,,,XQLLG2X727C4,606230399,"ANSYS GOVERNMENT INITIATIVES, LLC","ANALYTICAL GRAPHICS, INC.",,0LCT6,XQLLG2X727C4,606230399,"ANSYS GOVERNMENT INITIATIVES, LLC",ANALYTICAL GRAPHICS  INC.,USA,UNITED STATES,220 VALLEY CREEK BLVD,,EXTON,42029,CHESTER,42,PA,PENNSYLVANIA,193412380,PA-06,PA-06,6109818004,6109818001,USA,UNITED STATES,SCOTT AFB,17163,SAINT CLAIR,17,IL,ILLINOIS,622255303,IL-12,IL-12,AWARD,D,DEFINITIVE CONTRACT,,,,,,,J,FIRM FIXED PRICE,IGF::OT::IGF  GLOBAL AWARENESS AND DECISION SUPPORT,FA445215R0030,1,OT,OTHER FUNCTIONS,D308,IT AND TELECOM- PROGRAMMING,D,NOT A BUNDLED REQUIREMENT,S1,SERVICES,541512,COMPUTER SYSTEMS DESIGN SERVICES,C,NO CLAUSES INCLUDED AND NO SUSTAINABILITY INCLUDED,A,U.S. OWNED BUSINESS,000,NONE,E,COMMERCIAL SERVICE,E,NOT REQUIRED,USA,UNITED STATES,C,NOT A MANUFACTURED END PRODUCT,B,PLAN NOT REQUIRED,G,NOT COMPETED UNDER SAP,SP1,SIMPLIFIED ACQUISITION,NONE,NO SET ASIDE USED.,NONE,NO PREFERENCE USED,,,,,OTH,AUTHORIZED BY STATUTE (FAR 6.302-5(A)(2)(I)),1,A,COMMERCIAL ITEM,f,Y,YES,N,NO,Y,YES,N,NO,0.00,N,NO,N,NO,Y,YES,N,NO,X,NOT APPLICABLE,,,,,,,,NONE,NONE,N,NO,X,NOT APPLICABLE EXEMPT FROM CAS,N,TRANSACTION DOES NOT USE GFE/GFP,U,UNKNOWN,N,NO,Y,YES - SERVICE WHERE PBA IS USED.,N,NO,Z,NOT APPLICABLE,N,NO,X,NOT APPLICABLE,f,f,f,f,f,f,f,f,f,f,f,f,f,f,f,f,f,f,f,OTHER THAN SMALL BUSINESS,O,f,f,f,f,f,f,f,f,f,f,f,f,f,f,f,f,f,CORPORATE NOT TAX EXEMPT,t,f,f,f,f,f,f,f,f,f,f,f,f,f,f,f,f,t,f,f,f,f,f,f,f,f,f,f,t,f,f,f,f,f,f,f,f,f,f,f,f,f,f,f,f,f,f,f,f,f,,,,,,,,,,,https://www.usaspending.gov/award/CONT_AWD_FA445215C0013_9700_-NONE-_-NONE-/,2021-04-20 09:44:36+00
CONT_AWD_FA445221C0020_9700_-NONE-_-NONE-,FA445221C0020,,,,,,,,,984454.00,,984454.00,984454.00,2021-04-21,2021,2021-04-21,2021,2021-04-21,2021-06-14,2021-06-14 00:00:00,,2021-04-15,097,Department of Defense,5700,Department of the Air Force,FA4452,FA4452  763 ESS,097,Department of Defense,5700,Department of the Air Force,F3SF38,F3SF38 HQ AMC A310 A3ER,,,,,X,NOT APPLICABLE,,,C9G9VAD87U88,128694812,PHOENIX COMPOSITE SOLUTIONS LLC,PHOENIX COMPOSITE SOLUTIONS LLC,,3FF79,C9G9VAD87U88,128694812,PHOENIX COMPOSITE SOLUTIONS LLC,PHOENIX COMPOSITE SOLUTIONS LLC,USA,UNITED STATES,5911 MISSION ST,,OSCODA,26069,IOSCO,26,MI,MICHIGAN,487501544,MI-05,MI-01,9897397108,9897393364,USA,UNITED STATES,ALPENA,26007,ALPENA,26,MI,MICHIGAN,497079633,MI-01,MI-01,AWARD,D,DEFINITIVE CONTRACT,,,,,,,J,FIRM FIXED PRICE,FBO SERVICES AT OWAA IN SUPPORT OF MGE 21,,1,OT,OTHER FUNCTIONS,J017,"MAINT/REPAIR/REBUILD OF EQUIPMENT- AIRCRAFT LAUNCHING, LANDING, AND GROUND HANDLING EQUIPMENT",H,NOT BUNDLED,A8A,PETROLEUM,488190,OTHER SUPPORT ACTIVITIES FOR AIR TRANSPORTATION,C,NO CLAUSES INCLUDED AND NO SUSTAINABILITY INCLUDED,A,U.S. OWNED BUSINESS,000,NONE,Z,NOT IT PRODUCTS OR SERVICES,E,NOT REQUIRED,USA,UNITED STATES,C,NOT A MANUFACTURED END PRODUCT,B,PLAN NOT REQUIRED,G,NOT COMPETED UNDER SAP,SP1,SIMPLIFIED ACQUISITION,NONE,NO SET ASIDE USED.,NONE,NO PREFERENCE USED,,,,,SP2,SAP NON-COMPETITION (FAR 13),1,A,COMMERCIAL ITEM,f,Y,YES,N,NO,N,NO,N,NO,0.00,N,NO,N,NO,N,NO,N,NO,X,NOT APPLICABLE,,,,,,,,NONE,NONE,N,NO,X,NOT APPLICABLE EXEMPT FROM CAS,N,TRANSACTION DOES NOT USE GFE/GFP,N,NO,D,NOT CONSOLIDATED,N,NO - SERVICE WHERE PBA IS NOT USED.,N,NO,Z,NOT APPLICABLE,N,NO,X,NOT APPLICABLE,f,f,f,f,f,f,f,t,t,f,f,f,f,f,f,f,f,f,f,SMALL BUSINESS,S,f,f,f,f,f,f,f,f,f,f,f,f,f,f,f,f,f,CORPORATE NOT TAX EXEMPT,t,f,f,f,f,f,f,f,f,f,f,f,t,f,f,f,f,t,f,f,f,f,f,f,f,f,t,f,t,f,f,f,f,f,f,f,f,f,f,f,f,f,f,f,f,f,f,f,f,f,,,,,,,,,,,https://www.usaspending.gov/award/CONT_AWD_FA445221C0020_9700_-NONE-_-NONE-/,2021-04-21 12:51:14+00
CONT_AWD_FA452821C0008_9700_-NONE-_-NONE-,FA452821C0008,,,,Q: Not Designated Nonemergency/Emergency/Disaster/Wildfire Suppression,,,,,93523.70,0.00,93523.70,93523.70,2021-04-21,2021,2021-04-21,2021,2021-04-21,2021-07-26,2021-07-26 00:00:00,,2020-08-19,097,Department of Defense,5700,Department of the Air Force,FA4528,FA4528  5 CONS,097,Department of Defense,5700,Department of the Air Force,F3YCFA,F3YCFA  38 CEIG OSS,057-2021/2021-3400-000,057-3400,"23.3: Communications, utilities, and miscellaneous charges",0001: OPERATING FORCES,X,NOT APPLICABLE,,,Y857H4SALCU7,117659385,PARAGON LLC,"PARAGON, LLC",,8QCV5,Y857H4SALCU7,117659385,PARAGON LLC,PARAGON  LLC,USA,UNITED STATES,3350 35TH AVE S STE 11,,FARGO,38017,CASS,38,ND,NORTH DAKOTA,581048835,ND-00,ND-00,7015408488,,USA,UNITED STATES,MINOT AFB,38101,WARD,38,ND,NORTH DAKOTA,587050002,ND-00,ND-00,AWARD,D,DEFINITIVE CONTRACT,,,,,,,J,FIRM FIXED PRICE,"FIBER OPTIC: FIRE DEPT B896 FROM ITN B870, MINOT AFB, ND",FA452820R0036,1,OT,OTHER FUNCTIONS,Y1NZ,CONSTRUCTION OF OTHER UTILITIES,H,NOT BUNDLED,C9E,ALL OTHERS NOT IDENTIFIABLE TO ANY OTHER PROCUREMENT PROGRAM,237130,POWER AND COMMUNICATION LINE AND RELATED STRUCTURES CONSTRUCTION,C,NO CLAUSES INCLUDED AND NO SUSTAINABILITY INCLUDED,A,U.S. OWNED BUSINESS,000,NONE,Z,NOT IT PRODUCTS OR SERVICES,E,NOT REQUIRED,USA,UNITED STATES,C,NOT A MANUFACTURED END PRODUCT,B,PLAN NOT REQUIRED,F,COMPETED UNDER SAP,SP1,SIMPLIFIED ACQUISITION,SDVOSBC,SERVICE DISABLED VETERAN OWNED SMALL BUSINESS SET-ASIDE,NONE,NO PREFERENCE USED,,,,,,,1,D,COMMERCIAL ITEM PROCEDURES NOT USED,f,N,NO,N,NO,Y,YES,N,NO,0.00,N,NO,Y,YES,Y,YES,Y,YES,X,NOT APPLICABLE,,,,,,,,NONE,NONE,N,NO,X,NOT APPLICABLE EXEMPT FROM CAS,N,TRANSACTION DOES NOT USE GFE/GFP,U,UNKNOWN,D,NOT CONSOLIDATED,Y,YES - SERVICE WHERE PBA IS USED.,N,NO,Z,NOT APPLICABLE,N,NO,X,NOT APPLICABLE,f,f,f,f,f,t,t,f,f,f,f,f,f,f,f,f,f,f,f,SMALL BUSINESS,S,f,f,f,f,f,f,f,f,f,f,f,f,f,f,f,f,f,PARTNERSHIP,f,f,t,f,f,f,f,f,f,f,f,f,f,f,f,f,f,t,f,f,f,f,f,f,f,f,t,f,t,f,f,f,f,f,f,f,f,f,f,f,f,f,f,f,f,t,f,f,f,f,,,,,,,,,,,https://www.usaspending.gov/award/CONT_AWD_FA452821C0008_9700_-NONE-_-NONE-/,2021-08-23 11:54:33+00
CONT_AWD_FA460821C0006_9700_-NONE-_-NONE-,FA460821C0006,,,,Q: Not Designated Nonemergency/Emergency/Disaster/Wildfire Suppression,,,,,687559.00,0.00,687559.00,687559.00,2020-11-16,2021,2021-04-21,2021,2020-09-10,2021-04-21,2021-04-21 00:00:00,,2020-08-31,097,Department of Defense,5700,Department of the Air Force,FA4608,FA4608  2 CONS LGC,097,Department of Defense,5700,Department of the Air Force,F1G3A2,2 MSG CES CERF,057-2021/2021-3400-000,057-3400,25.4: Operation and maintenance of facilities,0001: OPERATING FORCES,X,NOT APPLICABLE,,,CVKWEHNPFLS9,071045978,UNITY CUSTOMIZED SERVICES LLC,UNITY CUSTOMIZED SERVICES LLC,,8BSG7,CVKWEHNPFLS9,071045978,UNITY CUSTOMIZED SERVICES LLC,UNITY CLEANING  LLC,USA,UNITED STATES,7901 CAMERON RD STE 3-212,,AUSTIN,48453,TRAVIS,48,TX,TEXAS,787543874,TX-35,TX-37,5127621577,,USA,UNITED STATES,BARKSDALE AFB,22015,BOSSIER,22,LA,LOUISIANA,711102079,LA-04,LA-04,AWARD,D,DEFINITIVE CONTRACT,,,,,,,J,FIRM FIXED PRICE,EPOXY FLOOR IN BUILDING 5778.,,1,OT,OTHER FUNCTIONS,Z2AA,REPAIR OR ALTERATION OF OFFICE BUILDINGS,H,NOT BUNDLED,C2,CONSTRUCTION,238190,"OTHER FOUNDATION, STRUCTURE, AND BUILDING EXTERIOR CONTRACTORS",A,FAR 52.223-4 INCLUDED,A,U.S. OWNED BUSINESS,000,NONE,Z,NOT IT PRODUCTS OR SERVICES,A,MEETS REQUIREMENTS,USA,UNITED STATES,C,NOT A MANUFACTURED END PRODUCT,B,PLAN NOT REQUIRED,B,NOT AVAILABLE FOR COMPETITION,SSS,ONLY ONE SOURCE,8AN,8(A) SOLE SOURCE,NONE,NO PREFERENCE USED,,,,,OTH,AUTHORIZED BY STATUTE (FAR 6.302-5(A)(2)(I)),1,D,COMMERCIAL ITEM PROCEDURES NOT USED,f,N,NO,N,NO,N,NO,N,NO,0.00,N,NO,N,NO,N,NO,Y,YES,X,NOT APPLICABLE,,,,,,,,NONE,NONE,N,NO,X,NOT APPLICABLE EXEMPT FROM CAS,N,TRANSACTION DOES NOT USE GFE/GFP,U,UNKNOWN,D,NOT CONSOLIDATED,N,NO - SERVICE WHERE PBA IS NOT USED.,N,NO,C,PERCENTAGE OF COMPLETION PROGRESS PAYMENTS,N,NO,X,NOT APPLICABLE,f,f,f,f,f,f,f,t,t,t,f,f,t,f,f,t,f,f,f,SMALL BUSINESS,S,f,f,f,f,f,f,f,f,f,f,f,f,f,f,f,f,f,CORPORATE NOT TAX EXEMPT,t,f,f,f,f,f,f,f,f,f,f,f,f,f,f,f,f,t,f,f,f,f,f,f,f,f,t,f,t,f,f,f,f,f,f,f,f,f,f,f,f,f,f,f,f,t,f,t,f,f,,,,,,,,,,,https://www.usaspending.gov/award/CONT_AWD_FA460821C0006_9700_-NONE-_-NONE-/,2021-04-21 17:05:03+00
CONT_AWD_FA465919CA018_9700_-NONE-_-NONE-,FA465919CA018,,,,Q: Not Designated Nonemergency/Emergency/Disaster/Wildfire Suppression,,,,,116997.35,0.00,116997.35,116997.35,2019-09-28,2019,2021-04-20,2021,2019-09-28,2021-06-30,2021-06-30 00:00:00,,,097,Department of Defense,5700,Department of the Air Force,FA4659,FA4659  319 CONS PK,097,Department of Defense,5700,Department of the Air Force,F2ATGH,69 RG ALL,057-2019/2019-3400-000,057-3400,"23.3: Communications, utilities, and miscellaneous charges",0001: OPERATING FORCES,X,NOT APPLICABLE,,,RKUTRVHPGKP7,011494957,ADVANTOR SYSTEMS II LLC,ADVANTOR SYSTEMS CORPORATION,,1S063,DZFBJC3BM8Q9,079387563,"VECTRUS, INC.",ADVANTOR SYSTEMS CORPORATION,USA,UNITED STATES,12612 CHALLENGER PKWY STE 300,,ORLANDO,12095,ORANGE,12,FL,FLORIDA,328262700,FL-07,FL-10,4079266917,4072516959,USA,UNITED STATES,GRAND FORKS AFB,38035,GRAND FORKS,38,ND,NORTH DAKOTA,582040001,ND-00,ND-00,AWARD,D,DEFINITIVE CONTRACT,,,,,,,J,FIRM FIXED PRICE,"DESIGN&INSTALL SERVICES, INTRUSION DETECTION SYSTEM (IDS) FOR ROOMS 119&120 OF BUILDING 607, GRAND FORKS AIR FORCE BASE, ND",FA465919RA006,1,OT,OTHER FUNCTIONS,N063,"INSTALLATION OF EQUIPMENT- ALARM, SIGNAL, AND SECURITY DETECTION SYSTEMS",H,NOT BUNDLED,S1,SERVICES,561621,SECURITY SYSTEMS SERVICES (EXCEPT LOCKSMITHS),C,NO CLAUSES INCLUDED AND NO SUSTAINABILITY INCLUDED,A,U.S. OWNED BUSINESS,000,NONE,Z,NOT IT PRODUCTS OR SERVICES,E,NOT REQUIRED,USA,UNITED STATES,C,NOT A MANUFACTURED END PRODUCT,B,PLAN NOT REQUIRED,C,NOT COMPETED,SSS,ONLY ONE SOURCE,NONE,NO SET ASIDE USED.,NONE,NO PREFERENCE USED,,,,,ONE,ONLY ONE SOURCE-OTHER (FAR 6.302-1 OTHER),1,A,COMMERCIAL ITEM,f,N,NO,N,NO,Y,YES,N,NO,0.00,N,NO,X,NOT APPLICABLE,Y,YES,X,NOT APPLICABLE,X,NOT APPLICABLE,,,,,,,,NONE,NONE,N,NO,X,NOT APPLICABLE EXEMPT FROM CAS,N,TRANSACTION DOES NOT USE GFE/GFP,N,NO,D,NOT CONSOLIDATED,N,NO - SERVICE WHERE PBA IS NOT USED.,N,NO,Z,NOT APPLICABLE,N,NO,X,NOT APPLICABLE,f,f,f,f,f,f,f,f,f,f,f,f,f,f,f,f,f,f,f,OTHER THAN SMALL BUSINESS,O,f,f,f,f,f,f,f,f,f,f,f,f,f,f,f,f,f,CORPORATE NOT TAX EXEMPT,t,f,f,f,f,f,f,f,f,f,f,f,t,f,f,f,f,t,f,f,f,f,f,f,f,t,f,f,t,f,f,f,f,f,f,f,f,f,f,f,f,f,f,f,f,f,f,f,f,f,,,,,,,,,,,https://www.usaspending.gov/award/CONT_AWD_FA465919CA018_9700_-NONE-_-NONE-/,2021-04-20 16:43:15+00
CONT_AWD_FA481920C0029_9700_-NONE-_-NONE-,FA481920C0029,,,,Q: Not Designated Nonemergency/Emergency/Disaster/Wildfire Suppression,,,,,583421.96,0.00,583421.96,583421.96,2020-09-21,2020,2021-04-23,2021,2020-09-09,2021-09-14,2021-09-14 00:00:00,,2020-06-26,097,Department of Defense,5700,Department of the Air Force,FA4819,FA4819  325 CONS PKP,097,Department of Defense,5700,Department of the Air Force,F4A364,F4A364 325 CES CEN,057-2020/2020-3400-000,057-3400,32.0: Land and structures,0001: OPERATING FORCES,X,NOT APPLICABLE,,,FJMEEJFH2LB5,827552568,CONSTRUCTIVE INGENUITY LLC,"CONSTRUCTIVE INGENUITY, LLC",,54XS7,FJMEEJFH2LB5,827552568,CONSTRUCTIVE INGENUITY LLC,"CONSTRUCTIVE INGENUITY, LLC",USA,UNITED STATES,75 N MAIN ST # 206,,CLAYTON,13241,RABUN,13,GA,GEORGIA,305254264,GA-09,GA-09,7706057796,6788532477,USA,UNITED STATES,PANAMA CITY,12005,BAY,12,FL,FLORIDA,324031008,FL-02,FL-02,AWARD,D,DEFINITIVE CONTRACT,,,,,,,J,FIRM FIXED PRICE,"THIS IS A DESIGN-BUILD PROJECT TO DEMO, REPAIR AND RESTORE INTERIOR AND EXTERIOR ELEMENTS OF BLDG 561 DAMAGED AS RESULTING FROM HURRICANE MICHAEL. POP 280",FA481920R0016,1,OT,OTHER FUNCTIONS,Z2JZ,REPAIR OR ALTERATION OF MISCELLANEOUS BUILDINGS,H,NOT BUNDLED,C2,CONSTRUCTION,236220,COMMERCIAL AND INSTITUTIONAL BUILDING CONSTRUCTION,C,NO CLAUSES INCLUDED AND NO SUSTAINABILITY INCLUDED,A,U.S. OWNED BUSINESS,000,NONE,Z,NOT IT PRODUCTS OR SERVICES,E,NOT REQUIRED,USA,UNITED STATES,C,NOT A MANUFACTURED END PRODUCT,B,PLAN NOT REQUIRED,D,FULL AND OPEN COMPETITION AFTER EXCLUSION OF SOURCES,NP,NEGOTIATED PROPOSAL/QUOTE,WOSB,WOMEN OWNED SMALL BUSINESS,NONE,NO PREFERENCE USED,,,,,,,5,D,COMMERCIAL ITEM PROCEDURES NOT USED,f,N,NO,N,NO,Y,YES,N,NO,0.00,N,NO,N,NO,Y,YES,Y,YES,X,NOT APPLICABLE,,,,,,,,NONE,NONE,N,NO,X,NOT APPLICABLE EXEMPT FROM CAS,N,TRANSACTION DOES NOT USE GFE/GFP,N,NO,D,NOT CONSOLIDATED,N,NO - SERVICE WHERE PBA IS NOT USED.,N,NO,Z,NOT APPLICABLE,N,NO,X,NOT APPLICABLE,f,f,f,f,f,f,f,t,t,t,t,t,f,f,f,f,f,f,f,SMALL BUSINESS,S,f,f,f,f,f,f,f,f,f,f,f,f,f,f,f,f,f,CORPORATE NOT TAX EXEMPT,t,f,f,f,f,f,f,t,f,f,f,f,f,f,f,f,f,t,f,f,f,f,f,f,f,f,t,f,t,f,f,f,f,f,f,f,f,f,f,f,f,f,f,f,f,t,f,t,t,f,,,,,,,,,,,https://www.usaspending.gov/award/CONT_AWD_FA481920C0029_9700_-NONE-_-NONE-/,2021-04-23 09:16:08+00
CONT_AWD_FA481921C0007_9700_-NONE-_-NONE-,FA481921C0007,,,,Q: Not Designated Nonemergency/Emergency/Disaster/Wildfire Suppression,,,,,396789.00,0.00,396789.00,396789.00,2021-04-22,2021,2021-04-22,2021,2021-04-22,2021-06-24,2021-06-24 00:00:00,,2021-03-19,097,Department of Defense,5700,Department of the Air Force,FA4819,FA4819  325 CONS PKP,097,Department of Defense,5700,Department of the Air Force,F4A360,F4A360 325 CES CEIAR,057-2021/2021-3400-000,057-3400,32.0: Land and structures,0001: OPERATING FORCES,X,NOT APPLICABLE,,,JZZHCMGFPTQ6,,"BEST VALUE MANAGEMENT, LLC","BEST VALUE MANAGEMENT, LLC",,6ZLC5,JZZHCMGFPTQ6,,"BEST VALUE MANAGEMENT, LLC",CAMPBELL  BRENDA LEE,USA,UNITED STATES,1225 BEAVER ST. STE 123-06,,JACKSONVILLE,12031,DUVAL,12,FL,FLORIDA,322041414,FL-05,FL-04,9042333125,,USA,UNITED STATES,PANAMA CITY,12005,BAY,12,FL,FLORIDA,324030007,FL-02,FL-02,AWARD,D,DEFINITIVE CONTRACT,,,,,,,J,FIRM FIXED PRICE,EMERGENCY ROOFING,,1,OT,OTHER FUNCTIONS,Z2EB,REPAIR OR ALTERATION OF MAINTENANCE BUILDINGS,H,NOT BUNDLED,C2,CONSTRUCTION,238160,ROOFING CONTRACTORS,C,NO CLAUSES INCLUDED AND NO SUSTAINABILITY INCLUDED,A,U.S. OWNED BUSINESS,000,NONE,Z,NOT IT PRODUCTS OR SERVICES,E,NOT REQUIRED,USA,UNITED STATES,C,NOT A MANUFACTURED END PRODUCT,B,PLAN NOT REQUIRED,C,NOT COMPETED,SSS,ONLY ONE SOURCE,NONE,NO SET ASIDE USED.,NONE,NO PREFERENCE USED,,,,,URG,URGENCY (FAR 6.302-2),1,D,COMMERCIAL ITEM PROCEDURES NOT USED,f,N,NO,N,NO,N,NO,N,NO,0.00,N,NO,N,NO,Y,YES,Y,YES,X,NOT APPLICABLE,,,,,,,,NONE,NONE,N,NO,X,NOT APPLICABLE EXEMPT FROM CAS,N,TRANSACTION DOES NOT USE GFE/GFP,U,UNKNOWN,D,NOT CONSOLIDATED,N,NO - SERVICE WHERE PBA IS NOT USED.,N,NO,Z,NOT APPLICABLE,N,NO,X,NOT APPLICABLE,f,f,f,f,f,f,f,t,t,t,f,f,t,f,f,t,f,f,f,SMALL BUSINESS,S,f,f,f,f,f,f,f,f,f,f,f,f,f,f,f,f,f,CORPORATE NOT TAX EXEMPT,t,f,f,f,f,f,f,f,f,f,f,f,f,f,f,f,f,t,f,f,f,f,f,f,f,f,t,f,t,f,f,f,f,f,f,f,f,f,f,f,f,f,f,f,t,t,f,t,t,f,,,,,,,,,,,https://www.usaspending.gov/award/CONT_AWD_FA481921C0007_9700_-NONE-_-NONE-/,2023-12-07 15:34:00+00
CONT_AWD_FA485515C0015_9700_-NONE-_-NONE-,FA485515C0015,,,,Q: Not Designated Nonemergency/Emergency/Disaster/Wildfire Suppression,,,,,2234529.42,100368.72,2234529.42,2234529.42,2015-07-02,2015,2021-04-16,2021,2015-07-02,2021-05-12,2021-05-12 00:00:00,,,097,Department of Defense,5700,Department of the Air Force,FA4855,FA4855  27 SOCONS LGC,097,Department of Defense,5700,Department of the Air Force,F1L3J2,27 SOCES CC,057-2019/2019-3400-000;057-2020/2020-3400-000,057-3400,"23.3: Communications, utilities, and miscellaneous charges",OPTN: FIELD IS OPTIONAL PRIOR TO FY21,X,NOT APPLICABLE,,,KC5XKMXUABS6,799999094,"PROJECT SOLUTIONS, INC.","PROJECT SOLUTIONS, INC.",,1Q078,KC5XKMXUABS6,799999094,"PROJECT SOLUTIONS, INC.",PROJECT SOLUTIONS  INC.,USA,UNITED STATES,505 KANSAS CITY ST,,RAPID CITY,46103,PENNINGTON,46,SD,SOUTH DAKOTA,577013673,SD-00,SD-00,6057370377,6053556961,USA,UNITED STATES,CANNON AFB,35009,CURRY,35,NM,NEW MEXICO,881035321,NM-03,NM-03,AWARD,D,DEFINITIVE CONTRACT,,,,,,,J,FIRM FIXED PRICE,IGF::CT::IGF  WASTEWATER TREATMENT PLANT OPERATION AND MAINTENANCE,FA485515R0002,1,CT,CRITICAL FUNCTIONS,M1ND,OPERATION OF SEWAGE AND WASTE FACILITIES,D,NOT A BUNDLED REQUIREMENT,S1,SERVICES,221320,SEWAGE TREATMENT FACILITIES,F,ENVIRONMENTALLY PREFERABLE,A,U.S. OWNED BUSINESS,000,NONE,Z,NOT IT PRODUCTS OR SERVICES,E,NOT REQUIRED,USA,UNITED STATES,C,NOT A MANUFACTURED END PRODUCT,B,PLAN NOT REQUIRED,D,FULL AND OPEN COMPETITION AFTER EXCLUSION OF SOURCES,NP,NEGOTIATED PROPOSAL/QUOTE,SBA,SMALL BUSINESS SET ASIDE - TOTAL,NONE,NO PREFERENCE USED,,,,,,,5,A,COMMERCIAL ITEM,f,N,NO,N,NO,Y,YES,N,NO,0.00,N,NO,N,NO,Y,YES,N,NO,X,NOT APPLICABLE,,,,,,,,NONE,NONE,N,NO,X,NOT APPLICABLE EXEMPT FROM CAS,Y,TRANSACTION USES GFE/GFP,N,NO,N,NO,Y,YES - SERVICE WHERE PBA IS USED.,N,NO,Z,NOT APPLICABLE,N,NO,X,NOT APPLICABLE,f,f,f,f,f,f,f,t,t,t,f,f,f,f,f,f,f,f,f,SMALL BUSINESS,S,f,f,f,f,f,f,f,f,f,f,f,f,f,f,f,f,f,CORPORATE NOT TAX EXEMPT,t,f,f,f,f,f,f,f,f,f,f,f,f,f,f,f,f,t,f,f,f,f,f,f,f,t,f,f,t,f,f,f,f,f,f,f,f,f,f,f,f,f,f,f,t,t,f,f,f,f,,,,,,,,,,,https://www.usaspending.gov/award/CONT_AWD_FA485515C0015_9700_-NONE-_-NONE-/,2021-04-16 16:12:21+00
CONT_AWD_FA485521C0006_9700_-NONE-_-NONE-,FA485521C0006,,,,Q: Not Designated Nonemergency/Emergency/Disaster/Wildfire Suppression,,,,,53298.20,0.00,53298.20,53298.20,2021-03-12,2021,2021-04-21,2021,2021-03-12,2021-04-30,2021-04-30 00:00:00,,,097,Department of Defense,5700,Department of the Air Force,FA4855,FA4855  27 SOCONS LGC,097,Department of Defense,5700,Department of the Air Force,F1L3J2,27 SOCES CC,057-2021/2021-3400-000,057-3400,25.4: Operation and maintenance of facilities,0001: OPERATING FORCES,X,NOT APPLICABLE,,,GHNAXLBZ4QJ1,026401075,KIRKLAND PUMP CO INC,KIRKLAND PUMP CO INC,,6LJK9,GHNAXLBZ4QJ1,026401075,KIRKLAND PUMP CO INC,KIRKLAND PUMP CO INC,USA,UNITED STATES,1101 AVE A,,FARWELL,48369,PARMER,48,TX,TEXAS,793255654,TX-19,TX-19,8064813807,8064819653,USA,UNITED STATES,CANNON AFB,35009,CURRY,35,NM,NEW MEXICO,881035000,NM-03,NM-03,AWARD,D,DEFINITIVE CONTRACT,,,,,,,J,FIRM FIXED PRICE,"WELL INSPECTION, PUMP REPLACEMENTS, AND INSTALLATION OF PUMPS AND PIPE FOR WELL #3 AND WELL #8",,1,OT,OTHER FUNCTIONS,J043,MAINT/REPAIR/REBUILD OF EQUIPMENT- PUMPS AND COMPRESSORS,H,NOT BUNDLED,S1,SERVICES,238220,"PLUMBING, HEATING, AND AIR-CONDITIONING CONTRACTORS",C,NO CLAUSES INCLUDED AND NO SUSTAINABILITY INCLUDED,A,U.S. OWNED BUSINESS,000,NONE,Z,NOT IT PRODUCTS OR SERVICES,E,NOT REQUIRED,USA,UNITED STATES,C,NOT A MANUFACTURED END PRODUCT,B,PLAN NOT REQUIRED,F,COMPETED UNDER SAP,SP1,SIMPLIFIED ACQUISITION,NONE,NO SET ASIDE USED.,NONE,NO PREFERENCE USED,,,,,,,4,A,COMMERCIAL ITEM,f,N,NO,N,NO,N,NO,N,NO,0.00,N,NO,N,NO,N,NO,N,NO,X,NOT APPLICABLE,,,,,,,,NONE,NONE,N,NO,X,NOT APPLICABLE EXEMPT FROM CAS,N,TRANSACTION DOES NOT USE GFE/GFP,N,NO,D,NOT CONSOLIDATED,Y,YES - SERVICE WHERE PBA IS USED.,N,NO,Z,NOT APPLICABLE,N,NO,X,NOT APPLICABLE,f,f,f,f,f,f,f,f,f,f,f,f,f,f,f,f,f,f,f,SMALL BUSINESS,S,f,f,f,f,f,f,f,f,f,f,f,f,f,f,f,f,f,CORPORATE NOT TAX EXEMPT,t,f,f,f,f,f,f,f,f,f,f,f,f,f,f,f,f,t,f,f,f,f,f,f,f,t,f,f,t,f,f,f,f,f,f,f,f,f,f,f,f,f,f,f,f,f,f,f,f,f,,,,,,,,,,,https://www.usaspending.gov/award/CONT_AWD_FA485521C0006_9700_-NONE-_-NONE-/,2021-04-21 15:51:03+00
CONT_AWD_FA486121C0003_9700_-NONE-_-NONE-,FA486121C0003,,,,Q: Not Designated Nonemergency/Emergency/Disaster/Wildfire Suppression,,,,,22993.10,0.00,22993.10,22993.10,2020-12-11,2021,2021-04-22,2021,2020-12-11,2020-12-18,2020-12-18 00:00:00,,,097,Department of Defense,5700,Department of the Air Force,FA4861,FA4861  99 CONS LGC,097,Department of Defense,5700,Department of the Air Force,F3G5GA,F3G5GA USAFWS RA,057-2019/2019-3400-000,057-3400,26.0: Supplies and materials,0001: OPERATING FORCES,X,NOT APPLICABLE,,,DT84AKYD1Z65,132708574,"PROGRESSIVE F.O.R.C.E. CONCEPTS, LLC","PROGRESSIVE F.O.R.C.E. CONCEPTS, LLC",,3F4B1,DT84AKYD1Z65,132708574,"PROGRESSIVE F.O.R.C.E. CONCEPTS, LLC",PROGRESSIVE F.O.R.C.E. CONCEPTS  LLC,USA,UNITED STATES,2960 E SUNSET RD STE 125,,LAS VEGAS,32003,CLARK,32,NV,NEVADA,891202753,NV-03,NV-03,7026471126,7026477325,USA,UNITED STATES,NELLIS AFB,32003,CLARK,32,NV,NEVADA,891910503,NV-04,NV-04,AWARD,D,DEFINITIVE CONTRACT,,,,,,,J,FIRM FIXED PRICE,JTAC RATIFICATION 66 WPS,,1,OT,OTHER FUNCTIONS,6910,TRAINING AIDS,H,NOT BUNDLED,S1,SERVICES,611430,PROFESSIONAL AND MANAGEMENT DEVELOPMENT TRAINING,C,NO CLAUSES INCLUDED AND NO SUSTAINABILITY INCLUDED,A,U.S. OWNED BUSINESS,000,NONE,Z,NOT IT PRODUCTS OR SERVICES,E,NOT REQUIRED,USA,UNITED STATES,D,MFG IN U.S.,B,PLAN NOT REQUIRED,G,NOT COMPETED UNDER SAP,SP1,SIMPLIFIED ACQUISITION,NONE,NO SET ASIDE USED.,NONE,NO PREFERENCE USED,,,,,SP2,SAP NON-COMPETITION (FAR 13),1,A,COMMERCIAL ITEM,f,N,NO,N,NO,X,NOT APPLICABLE,N,NO,0.00,N,NO,X,NOT APPLICABLE,X,NOT APPLICABLE,X,NOT APPLICABLE,X,NOT APPLICABLE,,,,,,,,NONE,NONE,N,NO,X,NOT APPLICABLE EXEMPT FROM CAS,N,TRANSACTION DOES NOT USE GFE/GFP,N,NO,D,NOT CONSOLIDATED,X,NOT APPLICABLE,N,NO,Z,NOT APPLICABLE,N,NO,X,NOT APPLICABLE,f,f,f,f,f,t,t,f,f,f,f,f,f,f,f,f,f,f,f,OTHER THAN SMALL BUSINESS,O,f,f,f,f,f,f,f,f,f,f,f,f,f,f,f,f,f,CORPORATE NOT TAX EXEMPT,t,f,f,f,f,f,f,f,f,f,f,f,f,f,f,f,f,t,f,f,f,f,f,f,f,f,t,f,t,f,f,f,f,f,f,f,f,f,f,f,f,f,f,f,f,f,f,f,f,f,,,,,,,,,,,https://www.usaspending.gov/award/CONT_AWD_FA486121C0003_9700_-NONE-_-NONE-/,2021-04-22 12:28:03+00
CONT_AWD_FA489014C0004_9700_-NONE-_-NONE-,FA489014C0004,,,,Q: Not Designated Nonemergency/Emergency/Disaster/Wildfire Suppression,,,,,9021006.33,0.00,9422296.59,10063339.59,2014-02-06,2014,2021-04-23,2021,2014-02-12,2020-06-30,2020-06-30 00:00:00,,,097,Department of Defense,5700,Department of the Air Force,FA4890,FA4890  HQ ACC AMIC,097,Department of Defense,5700,Department of the Air Force,F2QF59,PERSONNEL RECO ACC/A3J,057-2018/2018-3400-000;057-2018/2018-3740-000;057-2019/2019-3400-000;057-2019/2019-3740-000;057-2020/2020-3400-000;057-2020/2020-3740-000,057-3400;057-3740,25.1: Advisory and assistance services;25.2: Other services from non-Federal sources;25.7: Operation and maintenance of equipment,0001: OPERATING FORCES,X,NOT APPLICABLE,,,F7LSWJF8A2W3,967227583,"STS SYSTEMS INTEGRATION, LLC",STS SYSTEMS INTEGRATION,,6A1Z0,PQUEL5MZFDJ3,060036357,BRISTOL BAY NATIVE CORPORATION,BRISTOL BAY NATIVE CORPORATION,USA,UNITED STATES,1077 CENTRAL PKWY S,,SAN ANTONIO,48029,BEXAR,48,TX,TEXAS,782325079,TX-23,TX-21,2108882631,2108882641,USA,UNITED STATES,LANGLEY AFB,51199,YORK,51,VA,VIRGINIA,236651602,VA-02,VA-01,AWARD,D,DEFINITIVE CONTRACT,,,,,,,J,FIRM FIXED PRICE,IGF::OT::IGF ACC - MASTER DIVER&BOAT MASTER TRAINING AND MAINTENANCE SERVICES,FA489013R0103,1,OT,OTHER FUNCTIONS,J099,MAINT/REPAIR/REBUILD OF EQUIPMENT- MISCELLANEOUS,D,NOT A BUNDLED REQUIREMENT,S1,SERVICES,561210,FACILITIES SUPPORT SERVICES,C,NO CLAUSES INCLUDED AND NO SUSTAINABILITY INCLUDED,A,U.S. OWNED BUSINESS,000,NONE,Z,NOT IT PRODUCTS OR SERVICES,E,NOT REQUIRED,USA,UNITED STATES,C,NOT A MANUFACTURED END PRODUCT,B,PLAN NOT REQUIRED,D,FULL AND OPEN COMPETITION AFTER EXCLUSION OF SOURCES,SB,SEALED BID,8A,8A COMPETED,NONE,NO PREFERENCE USED,,,,,,,3,A,COMMERCIAL ITEM,f,N,NO,N,NO,Y,YES,N,NO,0.00,N,NO,X,NOT APPLICABLE,Y,YES,X,NOT APPLICABLE,X,NOT APPLICABLE,,,,,,,,NONE,NONE,N,NO,X,NOT APPLICABLE EXEMPT FROM CAS,N,TRANSACTION DOES NOT USE GFE/GFP,N,NO,Y,YES,Y,YES - SERVICE WHERE PBA IS USED.,N,NO,E,COMMERCIAL FINANCING,N,NO,X,NOT APPLICABLE,t,f,f,f,f,f,f,f,f,f,f,f,f,f,f,f,f,t,f,SMALL BUSINESS,S,f,f,f,f,f,f,f,f,f,f,f,f,f,f,f,f,f,OTHER,f,f,f,f,f,f,f,f,f,f,f,f,f,f,f,f,f,t,f,f,f,f,f,f,f,f,t,f,t,f,f,f,f,f,f,f,f,f,f,f,f,f,f,f,f,t,f,t,f,f,STEVE  DONEGHY,340000.00,,,,,,,,,https://www.usaspending.gov/award/CONT_AWD_FA489014C0004_9700_-NONE-_-NONE-/,2021-04-23 11:00:48+00
CONT_AWD_FA520516C0003_9700_-NONE-_-NONE-,FA520516C0003,,,,Q: Not Designated Nonemergency/Emergency/Disaster/Wildfire Suppression,,,,,29589339.66,1937958.55,29589339.66,29589339.66,2016-08-31,2016,2021-04-16,2021,2016-08-31,2021-04-30,2021-04-30 00:00:00,,,097,Department of Defense,5700,Department of the Air Force,FA5205,FA5205  35 CONS PK,097,Department of Defense,5700,Department of the Air Force,F3D3AB,F3D3AB 35 CES CEC,057-2016/2016-3400-000,057-3400,32.0: Land and structures,OPTN: FIELD IS OPTIONAL PRIOR TO FY21,X,NOT APPLICABLE,,,ZMMJSA67BAJ7,692655190,FUSO KOSAKA JV,FUSO KOSAKA JV,,JSH98,ZMMJSA67BAJ7,692655190,FUSO KOSAKA JV,FUSO KOSAKA JV,JPN,JAPAN,"SENDAI DAIICHISEIMEI TOWER BLDG. 12F., 4-6-1","ICHIBANCHO, AOBA-KU",SENDAI,,,,,MIYAGI,980-0811,,,,,JPN,JAPAN,,,,,,,,,,AWARD,D,DEFINITIVE CONTRACT,,,,,,,J,FIRM FIXED PRICE,"IGF::CT::IGF PROJECT NO. QKKA 07-1054, REPAIR MAIN WASTEWATER TREATMENT PLANT (WWTP), BLDG. 1190 FOR MISAWA, AIR BASE, JAPAN",FA520515R0007,1,CT,CRITICAL FUNCTIONS,Z2ND,REPAIR OR ALTERATION OF SEWAGE AND WASTE FACILITIES,D,NOT A BUNDLED REQUIREMENT,C2,CONSTRUCTION,237110,WATER AND SEWER LINE AND RELATED STRUCTURES CONSTRUCTION,C,NO CLAUSES INCLUDED AND NO SUSTAINABILITY INCLUDED,D,FOREIGN-OWNED BUSINESS NOT INCORPORATED IN THE U.S.,000,NONE,Z,NOT IT PRODUCTS OR SERVICES,E,NOT REQUIRED,JPN,JAPAN,C,NOT A MANUFACTURED END PRODUCT,B,PLAN NOT REQUIRED,A,FULL AND OPEN COMPETITION,NP,NEGOTIATED PROPOSAL/QUOTE,NONE,NO SET ASIDE USED.,NONE,NO PREFERENCE USED,,,,,,,1,D,COMMERCIAL ITEM PROCEDURES NOT USED,f,N,NO,N,NO,Y,YES,N,NO,0.00,N,NO,X,NOT APPLICABLE,X,NOT APPLICABLE,X,NOT APPLICABLE,X,NOT APPLICABLE,,,,,,,,NONE,NONE,N,NO,X,NOT APPLICABLE EXEMPT FROM CAS,N,TRANSACTION DOES NOT USE GFE/GFP,Y,YES,N,NO,N,NO - SERVICE WHERE PBA IS NOT USED.,N,NO,Z,NOT APPLICABLE,N,NO,X,NOT APPLICABLE,f,f,f,f,f,f,f,f,f,f,f,f,f,f,f,f,f,f,f,OTHER THAN SMALL BUSINESS,O,f,f,f,f,f,f,f,f,f,f,f,f,f,f,f,f,f,OTHER,f,f,f,f,f,f,f,f,f,f,f,f,f,f,f,f,f,t,f,f,f,f,f,f,f,f,f,f,t,f,f,f,f,f,f,f,f,f,f,f,f,f,f,f,f,f,f,f,f,f,,,,,,,,,,,https://www.usaspending.gov/award/CONT_AWD_FA520516C0003_9700_-NONE-_-NONE-/,2021-04-18 19:06:35+00
CONT_AWD_FA557520C0008_9700_-NONE-_-NONE-,FA557520C0008,,,,Q: Not Designated Nonemergency/Emergency/Disaster/Wildfire Suppression,,,,,355555.44,0.00,355555.44,355555.44,2020-09-08,2020,2021-04-20,2021,2020-09-08,2021-06-17,2021-06-17 00:00:00,,2020-07-31,097,Department of Defense,5700,Department of the Air Force,FA5575,FA5575  496 ABS PK,097,Department of Defense,1700,Department of the Navy,M20400,COMMANDING GENERAL MARFOREUR/AF,017-2020/2020-1106-000,017-1106,25.4: Operation and maintenance of facilities,0001: OPERATING FORCES,X,NOT APPLICABLE,,,GN57AL1PC9M4,,SOCIEDAD ESPANOLA DE MONTAJES INDUSTRIALES SA,SOCIEDAD ESPANOLA DE MONTAJES INDUSTRIALES SA,,0063B,H4XNLXHKKN45,,VINCI,SOCIEDAD ESPANOLA DE MONTAJES INDUSTRIALES SA,ESP,SPAIN,"AVENIDA MANOTERAS, 6 - SEGUNDA PLANTA",,MADRID,,,,,MADRID,28050,,,,,ESP,SPAIN,,,,,,,,,,AWARD,D,DEFINITIVE CONTRACT,,,,,,,J,FIRM FIXED PRICE,MARINE PEB,FA557520B0005,1,OT,OTHER FUNCTIONS,Y1PZ,CONSTRUCTION OF OTHER NON-BUILDING FACILITIES,H,NOT BUNDLED,C2,CONSTRUCTION,332311,PREFABRICATED METAL BUILDING AND COMPONENT MANUFACTURING,C,NO CLAUSES INCLUDED AND NO SUSTAINABILITY INCLUDED,D,FOREIGN-OWNED BUSINESS NOT INCORPORATED IN THE U.S.,000,NONE,Z,NOT IT PRODUCTS OR SERVICES,E,NOT REQUIRED,ESP,SPAIN,C,NOT A MANUFACTURED END PRODUCT,B,PLAN NOT REQUIRED,A,FULL AND OPEN COMPETITION,SB,SEALED BID,NONE,NO SET ASIDE USED.,NONE,NO PREFERENCE USED,,,,,,,3,D,COMMERCIAL ITEM PROCEDURES NOT USED,f,N,NO,N,NO,Y,YES,N,NO,0.00,N,NO,X,NOT APPLICABLE,X,NOT APPLICABLE,X,NOT APPLICABLE,X,NOT APPLICABLE,,,,,,,,NONE,NONE,N,NO,X,NOT APPLICABLE EXEMPT FROM CAS,N,TRANSACTION DOES NOT USE GFE/GFP,N,NO,D,NOT CONSOLIDATED,N,NO - SERVICE WHERE PBA IS NOT USED.,N,NO,Z,NOT APPLICABLE,N,NO,X,NOT APPLICABLE,f,f,f,f,f,f,f,f,f,f,f,f,f,f,f,f,f,f,f,OTHER THAN SMALL BUSINESS,O,f,f,f,f,f,f,f,f,f,f,f,f,f,f,f,f,f,OTHER,f,f,f,f,f,f,f,f,f,f,f,f,f,f,f,f,f,t,f,f,f,f,f,f,f,f,f,f,t,f,f,f,f,f,f,f,f,f,f,f,f,f,f,f,f,f,f,f,f,f,,,,,,,,,,,https://www.usaspending.gov/award/CONT_AWD_FA557520C0008_9700_-NONE-_-NONE-/,2022-03-31 15:07:04+00
CONT_AWD_FA558715C0010_9700_-NONE-_-NONE-,FA558715C0010,,,,Q: Not Designated Nonemergency/Emergency/Disaster/Wildfire Suppression,,,,,492734.37,0.00,547526.40,547526.40,2015-09-21,2015,2021-04-16,2021,2015-09-22,2020-05-12,2020-05-12 00:00:00,,,097,Department of Defense,5700,Department of the Air Force,FA5587,FA5587  48 CONS (ADMIN ONLY NO REQ),097,Department of Defense,5700,Department of the Air Force,F2P4MD,F2P4MD 48TH MEDICAL GROUP,097-2015/2015-0130-000;097-2016/2016-0130-000;097-2017/2017-0130-000;097-2019/2019-0130-000,097-0130,25.6: Medical care,,X,NOT APPLICABLE,,,DX31ASPF87A4,012641031,"STERLING MEDICAL ASSOCIATES, INC","STERLING MEDICAL ASSOCIATES, INC",,1DK07,XA6HAJAKFJ93,137539750,STERLING MEDICAL CORPORATION,STERLING MEDICAL CORPORATION,USA,UNITED STATES,411 OAK ST,,CINCINNATI,39061,HAMILTON,39,OH,OHIO,452192598,OH-01,OH-01,5139841800,5139844909,GBR,UNITED KINGDOM,,,,,,,,,,AWARD,D,DEFINITIVE CONTRACT,,,,,,,J,FIRM FIXED PRICE,IGF::CT::IGF PAIN MANAGEMENT REGISTERED NURSE FY15,FA558715R0009,1,OT,OTHER FUNCTIONS,Q509,MEDICAL- INTERNAL MEDICINE,D,NOT A BUNDLED REQUIREMENT,S1,SERVICES,621111,OFFICES OF PHYSICIANS (EXCEPT MENTAL HEALTH SPECIALISTS),C,NO CLAUSES INCLUDED AND NO SUSTAINABILITY INCLUDED,A,U.S. OWNED BUSINESS,000,NONE,Z,NOT IT PRODUCTS OR SERVICES,E,NOT REQUIRED,USA,UNITED STATES,C,NOT A MANUFACTURED END PRODUCT,B,PLAN NOT REQUIRED,F,COMPETED UNDER SAP,SP1,SIMPLIFIED ACQUISITION,NONE,NO SET ASIDE USED.,NONE,NO PREFERENCE USED,,,,,,,4,A,COMMERCIAL ITEM,f,Y,YES,N,NO,Y,YES,N,NO,0.00,N,NO,X,NOT APPLICABLE,X,NOT APPLICABLE,X,NOT APPLICABLE,X,NOT APPLICABLE,,,,,,,,NONE,NONE,N,NO,X,NOT APPLICABLE EXEMPT FROM CAS,N,TRANSACTION DOES NOT USE GFE/GFP,U,UNKNOWN,N,NO,N,NO - SERVICE WHERE PBA IS NOT USED.,N,NO,Z,NOT APPLICABLE,N,NO,X,NOT APPLICABLE,f,f,f,f,f,f,f,f,f,f,f,f,f,f,f,f,f,f,f,SMALL BUSINESS,S,f,f,f,f,f,f,f,f,f,f,f,f,f,f,f,f,f,CORPORATE NOT TAX EXEMPT,t,f,f,f,f,f,f,f,f,f,f,f,f,f,f,f,f,t,f,f,f,f,f,f,f,f,f,f,t,f,f,f,f,f,f,f,f,f,f,f,f,f,f,f,f,f,f,f,f,f,RICHARD  BLATT,1700000.00,BRANDON  BLATT,1350000.00,KAREN  BLATT,175000.00,JIM  TANSOR,90000.00,LINDA  SPENCER,112000.00,https://www.usaspending.gov/award/CONT_AWD_FA558715C0010_9700_-NONE-_-NONE-/,2021-04-16 10:23:32+00
CONT_AWD_FA570320C0208_9700_-NONE-_-NONE-,FA570320C0208,,,,,,,,,28360.87,,200777.14,200777.14,2020-07-19,2020,2021-04-20,2021,2020-07-19,2021-04-16,2021-04-16 00:00:00,,2020-05-20,097,Department of Defense,5700,Department of the Air Force,FA5703,FA5703  386 ECONS LGC,097,Department of Defense,5700,Department of the Air Force,F3UUAA,386 AEW FM,,,,,X,NOT APPLICABLE,,,F2SMLAV4HHM4,534712232,PRIME ONE GROUP GENERAL TRADING AND CONTRACTING COMPANY WLL,PRIME ONE GENERAL TRADING & CONTRACTING CO. WLL,,SCZ04,F2SMLAV4HHM4,534712232,PRIME ONE GROUP GENERAL TRADING AND CONTRACTING COMPANY WLL,PRIME ONE GENERAL TRADING & CONTRACTING CO. WLL,KWT,KUWAIT,"OFFICE NO. 22, 1ST FLOOR, BO",,SALMIYA,,,,,- -,22094,,,,,KWT,KUWAIT,,,,,,,,,,AWARD,D,DEFINITIVE CONTRACT,,,,,,,J,FIRM FIXED PRICE,RUNWAY RUBBER REMOVAL,,1,OT,OTHER FUNCTIONS,Z1BD,MAINTENANCE OF AIRPORT RUNWAYS AND TAXIWAYS,H,NOT BUNDLED,C2,CONSTRUCTION,488119,OTHER AIRPORT OPERATIONS,C,NO CLAUSES INCLUDED AND NO SUSTAINABILITY INCLUDED,D,FOREIGN-OWNED BUSINESS NOT INCORPORATED IN THE U.S.,000,NONE,Z,NOT IT PRODUCTS OR SERVICES,A,MEETS REQUIREMENTS,KWT,KUWAIT,C,NOT A MANUFACTURED END PRODUCT,B,PLAN NOT REQUIRED,F,COMPETED UNDER SAP,SP1,SIMPLIFIED ACQUISITION,NONE,NO SET ASIDE USED.,NONE,NO PREFERENCE USED,,,,,,,2,D,COMMERCIAL ITEM PROCEDURES NOT USED,f,N,NO,N,NO,X,NOT APPLICABLE,N,NO,0.00,N,NO,X,NOT APPLICABLE,X,NOT APPLICABLE,X,NOT APPLICABLE,X,NOT APPLICABLE,,,,,,,,NONE,NONE,N,NO,X,NOT APPLICABLE EXEMPT FROM CAS,N,TRANSACTION DOES NOT USE GFE/GFP,N,NO,D,NOT CONSOLIDATED,Y,YES - SERVICE WHERE PBA IS USED.,N,NO,Z,NOT APPLICABLE,N,NO,X,NOT APPLICABLE,f,f,f,f,f,f,f,f,f,f,f,f,f,f,f,f,f,f,f,OTHER THAN SMALL BUSINESS,O,f,f,f,f,f,f,f,f,f,f,f,f,f,f,f,f,f,PARTNERSHIP,f,f,t,f,f,f,f,f,f,f,f,f,f,f,f,f,f,t,f,f,f,f,f,f,f,f,f,f,t,f,f,f,f,f,f,f,f,f,f,f,f,f,f,f,f,f,f,f,f,f,,,,,,,,,,,https://www.usaspending.gov/award/CONT_AWD_FA570320C0208_9700_-NONE-_-NONE-/,2021-11-04 06:15:42+00
CONT_AWD_FA570320C0235_9700_-NONE-_-NONE-,FA570320C0235,,,,Q: Not Designated Nonemergency/Emergency/Disaster/Wildfire Suppression,,,,,103197.81,0.00,103197.82,103197.82,2020-09-27,2020,2021-04-22,2021,2020-09-27,2021-04-21,2021-04-21 00:00:00,,2020-08-20,097,Department of Defense,5700,Department of the Air Force,FA5703,FA5703  386 ECONS LGC,097,Department of Defense,5700,Department of the Air Force,F3UUAA,386 AEW FM,057-2020/2020-3400-000,057-3400,25.4: Operation and maintenance of facilities,0001: OPERATING FORCES,X,NOT APPLICABLE,,,F2SMLAV4HHM4,534712232,PRIME ONE GROUP GENERAL TRADING AND CONTRACTING COMPANY WLL,PRIME ONE GENERAL TRADING & CONTRACTING CO. WLL,,SCZ04,F2SMLAV4HHM4,534712232,PRIME ONE GROUP GENERAL TRADING AND CONTRACTING COMPANY WLL,PRIME ONE GENERAL TRADING & CONTRACTING CO. WLL,KWT,KUWAIT,"OFFICE NO. 22, 1ST FLOOR, BO",,SALMIYA,,,,,- -,22094,,,,,KWT,KUWAIT,,,,,,,,,,AWARD,D,DEFINITIVE CONTRACT,,,,,,,J,FIRM FIXED PRICE,"PAINT AIRFIELD PHASE 3, 30R",,1,OT,OTHER FUNCTIONS,5670,"BUILDING COMPONENTS, PREFABRICATED",H,NOT BUNDLED,C2,CONSTRUCTION,488119,OTHER AIRPORT OPERATIONS,C,NO CLAUSES INCLUDED AND NO SUSTAINABILITY INCLUDED,D,FOREIGN-OWNED BUSINESS NOT INCORPORATED IN THE U.S.,000,NONE,Z,NOT IT PRODUCTS OR SERVICES,E,NOT REQUIRED,KWT,KUWAIT,E,MFG OUTSIDE U.S. - USE OUTSIDE THE UNITED STATES,B,PLAN NOT REQUIRED,A,FULL AND OPEN COMPETITION,NP,NEGOTIATED PROPOSAL/QUOTE,NONE,NO SET ASIDE USED.,NONE,NO PREFERENCE USED,,,,,,,3,D,COMMERCIAL ITEM PROCEDURES NOT USED,f,N,NO,N,NO,X,NOT APPLICABLE,N,NO,0.00,N,NO,X,NOT APPLICABLE,X,NOT APPLICABLE,X,NOT APPLICABLE,X,NOT APPLICABLE,,,,,,,,NONE,NONE,N,NO,X,NOT APPLICABLE EXEMPT FROM CAS,N,TRANSACTION DOES NOT USE GFE/GFP,U,UNKNOWN,D,NOT CONSOLIDATED,X,NOT APPLICABLE,N,NO,Z,NOT APPLICABLE,N,NO,A,CONTINGENCY OPERATION AS DEFINED IN 10 U.S.C. 101(A)(13),f,f,f,f,f,f,f,f,f,f,f,f,f,f,f,f,f,f,f,OTHER THAN SMALL BUSINESS,O,f,f,f,f,f,f,f,f,f,f,f,f,f,f,f,f,f,PARTNERSHIP,f,f,t,f,f,f,f,f,f,f,f,f,f,f,f,f,f,t,f,f,f,f,f,f,f,f,f,f,t,f,f,f,f,f,f,f,f,f,f,f,f,f,f,f,f,f,f,f,f,f,,,,,,,,,,,https://www.usaspending.gov/award/CONT_AWD_FA570320C0235_9700_-NONE-_-NONE-/,2021-04-26 01:53:28+00
CONT_AWD_FA820121C0005_9700_-NONE-_-NONE-,FA820121C0005,,,,,,,,,95912.70,,95912.70,95912.70,2021-04-19,2021,2021-04-19,2021,2021-04-19,2021-05-20,2021-05-20 00:00:00,,,097,Department of Defense,5700,Department of the Air Force,FA8201,FA8201  AFSC OL H PZIO,097,Department of Defense,5700,Department of the Air Force,F2D0AD,F2D0AD 75 MED GROUP,,,,,X,NOT APPLICABLE,,,P1CKFEDB5296,,"OFFICE FURNITURE LIQUIDATORS, INC","OFFICE FURNITURE LIQUIDATORS, INC",,0TC45,P1CKFEDB5296,,"OFFICE FURNITURE LIQUIDATORS, INC","OFFICE FURNITURE LIQUIDATORS, INC",USA,UNITED STATES,3965 S STATE ST,,SALT LAKE CITY,49035,SALT LAKE,49,UT,UTAH,841071508,UT-04,UT-04,8016858448,8016858488,USA,UNITED STATES,HILL AFB,49011,DAVIS,49,UT,UTAH,840565012,UT-01,UT-01,AWARD,D,DEFINITIVE CONTRACT,,,,,,,J,FIRM FIXED PRICE,THIS IS AN ACQUISITION FOR BRAND NAME (OR EQUAL) CONFERENCE ROOM FURNITURE (JSI) WITH INTEGRATED VTC (COMPATIBLE WITH CHRISTIE TV).,,1,OT,OTHER FUNCTIONS,7110,OFFICE FURNITURE,H,NOT BUNDLED,C9E,ALL OTHERS NOT IDENTIFIABLE TO ANY OTHER PROCUREMENT PROGRAM,337211,WOOD OFFICE FURNITURE MANUFACTURING,C,NO CLAUSES INCLUDED AND NO SUSTAINABILITY INCLUDED,A,U.S. OWNED BUSINESS,000,NONE,Z,NOT IT PRODUCTS OR SERVICES,E,NOT REQUIRED,USA,UNITED STATES,D,MFG IN U.S.,B,PLAN NOT REQUIRED,F,COMPETED UNDER SAP,SP1,SIMPLIFIED ACQUISITION,SBA,SMALL BUSINESS SET ASIDE - TOTAL,NONE,NO PREFERENCE USED,,,,,,,4,A,COMMERCIAL ITEM,f,N,NO,N,NO,X,NOT APPLICABLE,N,NO,0.00,N,NO,X,NOT APPLICABLE,X,NOT APPLICABLE,X,NOT APPLICABLE,X,NOT APPLICABLE,,,,,,,,NONE,NONE,N,NO,X,NOT APPLICABLE EXEMPT FROM CAS,N,TRANSACTION DOES NOT USE GFE/GFP,N,NO,D,NOT CONSOLIDATED,X,NOT APPLICABLE,N,NO,Z,NOT APPLICABLE,N,NO,X,NOT APPLICABLE,f,f,f,f,f,f,f,t,f,f,f,f,t,f,f,f,t,f,f,SMALL BUSINESS,S,f,f,f,f,f,f,f,f,f,f,f,f,f,f,f,f,f,CORPORATE NOT TAX EXEMPT,t,f,f,f,f,f,f,f,f,f,f,f,f,f,f,f,f,t,f,f,f,f,f,f,f,t,f,f,t,f,f,f,f,f,f,f,f,f,f,f,f,f,f,f,f,t,f,f,f,f,,,,,,,,,,,https://www.usaspending.gov/award/CONT_AWD_FA820121C0005_9700_-NONE-_-NONE-/,2023-12-04 17:21:47+00
CONT_AWD_FA822821C0002_9700_-NONE-_-NONE-,FA822821C0002,,,,,,,,,232000.00,,232000.00,232000.00,2021-03-04,2021,2021-04-22,2021,2021-03-04,2021-07-02,2021-07-02 00:00:00,,,097,Department of Defense,5700,Department of the Air Force,FA8228,FA8228  AFSC OL H PZIM,097,Department of Defense,5700,Department of the Air Force,F2DCCF,F2DCCF 309 SMXG 520 SWES 516 SWES,,,,,X,NOT APPLICABLE,,,L9Z1ASN3B8E7,175096619,VIASAT INC,"VIASAT, INC.",,47358,L9Z1ASN3B8E7,175096619,VIASAT INC,VIASAT  INC.,USA,UNITED STATES,6155 EL CAMINO REAL,,CARLSBAD,06073,SAN DIEGO,06,CA,CALIFORNIA,920091602,CA-49,CA-49,6789242493,,USA,UNITED STATES,CARLSBAD,06073,SAN DIEGO,06,CA,CALIFORNIA,920091602,CA-49,CA-49,AWARD,D,DEFINITIVE CONTRACT,,,,,,,J,FIRM FIXED PRICE,PURCHASE OF DOCCT MODULE REPAIR AND CLASSES ON THE USE OF THE DOCCT MODULE,,1,,,7E20,"IT AND TELECOM - END USER: HELP DESK;TIER 1-2, WORKSPACE, PRINT, PRODUCTIVITY TOOL (HW/PERPETUAL SW)",H,NOT BUNDLED,C9E,ALL OTHERS NOT IDENTIFIABLE TO ANY OTHER PROCUREMENT PROGRAM,541519,OTHER COMPUTER RELATED SERVICES,C,NO CLAUSES INCLUDED AND NO SUSTAINABILITY INCLUDED,A,U.S. OWNED BUSINESS,000,NONE,A,COMMERCIALLY AVAILABLE,E,NOT REQUIRED,USA,UNITED STATES,D,MFG IN U.S.,B,PLAN NOT REQUIRED,F,COMPETED UNDER SAP,SP1,SIMPLIFIED ACQUISITION,NONE,NO SET ASIDE USED.,NONE,NO PREFERENCE USED,,,,,,,1,A,COMMERCIAL ITEM,f,N,NO,N,NO,N,NO,N,NO,0.00,N,NO,N,NO,N,NO,N,NO,X,NOT APPLICABLE,,,,,,,,NONE,NONE,N,NO,X,NOT APPLICABLE EXEMPT FROM CAS,N,TRANSACTION DOES NOT USE GFE/GFP,N,NO,D,NOT CONSOLIDATED,X,NOT APPLICABLE,N,NO,Z,NOT APPLICABLE,N,NO,X,NOT APPLICABLE,f,f,f,f,f,f,f,f,f,f,f,f,f,f,f,f,f,f,f,OTHER THAN SMALL BUSINESS,O,f,f,f,f,f,f,f,f,f,f,f,f,f,f,f,f,f,CORPORATE NOT TAX EXEMPT,t,f,f,f,f,f,f,f,f,f,f,f,t,f,f,f,f,t,f,f,f,f,f,f,f,f,f,f,t,f,f,f,f,f,f,f,f,f,f,f,f,f,f,f,f,f,f,f,f,f,,,,,,,,,,,https://www.usaspending.gov/award/CONT_AWD_FA822821C0002_9700_-NONE-_-NONE-/,2021-04-22 12:19:54+00
CONT_AWD_FA850117C0017_9700_-NONE-_-NONE-,FA850117C0017,,,,E: Emergency P.L. 116-20;Q: Not Designated Nonemergency/Emergency/Disaster/Wildfire Suppression,,,,,1089381.00,42580.00,1112080.00,1485780.00,2017-08-10,2017,2021-04-19,2021,2017-08-10,2021-08-31,2023-02-28 00:00:00,,,097,Department of Defense,5700,Department of the Air Force,FA8501,FA8501  OPL CONTRACTING AFSC/PZIO,097,Department of Defense,5700,Department of the Air Force,F3QTAK,F3QTAK SVS,057-2019/2019-3400-000;097-2020/2020-0100-000,057-3400;097-0100,23.1: Rental payments to GSA;25.2: Other services from non-Federal sources,0003: TRAINING AND RECRUITING;OPTN: FIELD IS OPTIONAL PRIOR TO FY21,X,NOT APPLICABLE,,,XBC7LL7CHFS3,039497417,TECHNICAL COLLEGE SYSTEM OF GEORGIA,TECHNICAL COLLEGE SYSTEM OF GEORGIA,,1WEJ6,CTCMTRLMYMS9,069230183,STATE OF GEORGIA,GEORGIA  STATE OF,USA,UNITED STATES,3300 MACON TECH DR BLDG A,,MACON,13021,BIBB,13,GA,GEORGIA,312063628,GA-02,GA-02,4782183330,4789886813,USA,UNITED STATES,WARNER ROBINS,13153,HOUSTON,13,GA,GEORGIA,310881694,GA-08,GA-08,AWARD,D,DEFINITIVE CONTRACT,,,,,,,J,FIRM FIXED PRICE,IGF::OT::IGF  DAU CLASSROOM RENTAL/LEASE,,1,OT,OTHER FUNCTIONS,X1AZ,LEASE/RENTAL OF OTHER ADMINISTRATIVE FACILITIES AND SERVICE BUILDINGS,H,NOT BUNDLED,C9E,ALL OTHERS NOT IDENTIFIABLE TO ANY OTHER PROCUREMENT PROGRAM,531120,LESSORS OF NONRESIDENTIAL BUILDINGS (EXCEPT MINIWAREHOUSES),C,NO CLAUSES INCLUDED AND NO SUSTAINABILITY INCLUDED,B,OTHER U.S. ENTITY (E.G. GOVERNMENT),000,NONE,Z,NOT IT PRODUCTS OR SERVICES,E,NOT REQUIRED,USA,UNITED STATES,C,NOT A MANUFACTURED END PRODUCT,B,PLAN NOT REQUIRED,F,COMPETED UNDER SAP,SP1,SIMPLIFIED ACQUISITION,NONE,NO SET ASIDE USED.,NONE,NO PREFERENCE USED,,,,,,,1,A,COMMERCIAL ITEM,f,N,NO,N,NO,X,NOT APPLICABLE,N,NO,0.00,N,NO,N,NO,N,NO,N,NO,X,NOT APPLICABLE,,,,,,,,NONE,NONE,N,NO,X,NOT APPLICABLE EXEMPT FROM CAS,N,TRANSACTION DOES NOT USE GFE/GFP,N,NO,D,NOT CONSOLIDATED,Y,YES - SERVICE WHERE PBA IS USED.,N,NO,Z,NOT APPLICABLE,N,NO,X,NOT APPLICABLE,f,f,f,f,f,f,f,f,f,f,f,f,f,f,f,f,f,f,f,OTHER THAN SMALL BUSINESS,O,f,f,f,f,f,f,t,f,f,f,f,f,f,f,f,f,f,US GOVERNMENT ENTITY,f,f,f,f,f,f,t,f,f,t,f,f,f,f,f,f,f,t,f,f,f,f,f,f,f,f,f,f,f,f,f,f,f,t,f,f,f,f,f,f,f,f,f,f,f,f,f,f,f,f,,,,,,,,,,,https://www.usaspending.gov/award/CONT_AWD_FA850117C0017_9700_-NONE-_-NONE-/,2021-04-19 14:42:29+00
CONT_AWD_FA852311C0010_9700_-NONE-_-NONE-,FA852311C0010,,,,,,,,,2680855.80,,1920770.80,2379491.80,2011-08-19,2011,2021-04-22,2021,2011-08-19,2017-05-22,2017-05-22 00:00:00,,,097,Department of Defense,9763,Defense Contract Management Agency,S4818A,DCMA NASA PRODUCT OPERATIONS,097,Department of Defense,5700,Department of the Air Force,FA8523,FA8523 AFMC/AFLCMC ESYC,,,,,X,NOT APPLICABLE,,,PB11V1KH3KV4,007936842,SOUTHWEST RESEARCH INSTITUTE,SOUTHWEST RESEARCH INSTITUTE,,26401,PB11V1KH3KV4,007936842,SOUTHWEST RESEARCH INSTITUTE,SOUTHWEST RESEARCH INSTITUTE INC,USA,UNITED STATES,6220 CULEBRA RD,,SAN ANTONIO,48029,BEXAR,48,TX,TEXAS,782385166,TX-20,TX-20,2105225912,2105223496,USA,UNITED STATES,SAN ANTONIO,48029,BEXAR,48,TX,TEXAS,782385166,TX-20,TX-20,AWARD,D,DEFINITIVE CONTRACT,,,,,,,U,COST PLUS FIXED FEE,ALQ184 ENGINEERING SERVICES,,1,,,R414,SYSTEMS ENGINEERING SERVICES,D,NOT A BUNDLED REQUIREMENT,A7,ELECTRONICS AND COMMUNICATION EQUIPMENT,541330,ENGINEERING SERVICES,C,NO CLAUSES INCLUDED AND NO SUSTAINABILITY INCLUDED,A,U.S. OWNED BUSINESS,000,NONE,Z,NOT IT PRODUCTS OR SERVICES,E,NOT REQUIRED,USA,UNITED STATES,C,NOT A MANUFACTURED END PRODUCT,C,PLAN REQUIRED - INCENTIVE NOT INCLUDED,C,NOT COMPETED,SSS,ONLY ONE SOURCE,NONE,NO SET ASIDE USED.,NONE,NO PREFERENCE USED,,,,,ONE,ONLY ONE SOURCE-OTHER (FAR 6.302-1 OTHER),1,D,COMMERCIAL ITEM PROCEDURES NOT USED,f,N,NO,N,NO,X,NOT APPLICABLE,N,NO,0.00,N,NO,X,NOT APPLICABLE,X,NOT APPLICABLE,X,NOT APPLICABLE,X,NOT APPLICABLE,,,,,,,,NONE,NONE,Y,YES,Y,YES - CAS CLAUSE INCLUDED,N,TRANSACTION DOES NOT USE GFE/GFP,N,NO,N,NO,N,NO - SERVICE WHERE PBA IS NOT USED.,N,NO,Z,NOT APPLICABLE,N,NO,X,NOT APPLICABLE,f,f,f,f,f,f,f,f,f,f,f,f,f,f,f,f,f,f,f,OTHER THAN SMALL BUSINESS,O,f,f,f,f,f,f,f,f,f,f,f,f,f,f,f,f,f,CORPORATE TAX EXEMPT,f,t,f,f,f,f,f,f,f,f,f,f,f,f,f,f,f,t,f,f,f,f,f,f,f,f,f,f,f,t,f,f,f,f,f,f,f,f,f,f,f,f,f,f,f,f,f,f,f,f,,,,,,,,,,,https://www.usaspending.gov/award/CONT_AWD_FA852311C0010_9700_-NONE-_-NONE-/,2021-07-07 17:16:36+00
CONT_AWD_FA852513C0002_9700_-NONE-_-NONE-,FA852513C0002,,,,Q: Not Designated Nonemergency/Emergency/Disaster/Wildfire Suppression,,,,,11040380.82,0.00,11040380.82,11040380.82,2012-12-06,2013,2021-04-19,2021,2013-01-08,2021-03-05,2021-03-05 00:00:00,,,097,Department of Defense,5700,Department of the Air Force,FA8525,FA8525  AFLCMC WLSKA,097,Department of Defense,5700,Department of the Air Force,F3QCCS,F3QCCS AFLCMC WLS,057-2016/2016-3740-000,057-3740,25.7: Operation and maintenance of equipment,0001: OPERATING FORCES,X,NOT APPLICABLE,,,PK35MEQEASD5,,"HEXAGON US FEDERAL, INC",INTERGRAPH GOVERNMENT SOLUTIONS CORPORATION,,63CL1,LYHWX7B8JNF5,,HEXAGON AB,INTERGRAPH CORPORATION,USA,UNITED STATES,301 COCHRAN RD,,HUNTSVILLE,01089,MADISON,01,AL,ALABAMA,358241109,AL-05,AL-05,2567996858,2567996926,USA,UNITED STATES,HUNTSVILLE,01089,MADISON,01,AL,ALABAMA,358241109,AL-05,AL-05,AWARD,D,DEFINITIVE CONTRACT,,,,,,,J,FIRM FIXED PRICE,IGF::OT::IGF ENGINEERING SERVICES FOR C-5 ENGINEERING REQUIREMENTS REVIEW (ERR) PROGRAM,,1,OT,OTHER FUNCTIONS,R425,SUPPORT- PROFESSIONAL: ENGINEERING/TECHNICAL,D,NOT A BUNDLED REQUIREMENT,A1C,OTHER AIRCRAFT EQUIPMENT,541330,ENGINEERING SERVICES,C,NO CLAUSES INCLUDED AND NO SUSTAINABILITY INCLUDED,A,U.S. OWNED BUSINESS,000,NONE,Z,NOT IT PRODUCTS OR SERVICES,E,NOT REQUIRED,USA,UNITED STATES,C,NOT A MANUFACTURED END PRODUCT,C,PLAN REQUIRED - INCENTIVE NOT INCLUDED,A,FULL AND OPEN COMPETITION,NP,NEGOTIATED PROPOSAL/QUOTE,NONE,NO SET ASIDE USED.,NONE,NO PREFERENCE USED,,,,,,,4,D,COMMERCIAL ITEM PROCEDURES NOT USED,f,N,NO,N,NO,X,NOT APPLICABLE,N,NO,0.00,N,NO,X,NOT APPLICABLE,X,NOT APPLICABLE,X,NOT APPLICABLE,X,NOT APPLICABLE,,,,,,,,NONE,NONE,N,NO,X,NOT APPLICABLE EXEMPT FROM CAS,N,TRANSACTION DOES NOT USE GFE/GFP,N,NO,N,NO,N,NO - SERVICE WHERE PBA IS NOT USED.,N,NO,Z,NOT APPLICABLE,N,NO,X,NOT APPLICABLE,f,f,f,f,f,f,f,f,f,f,f,f,f,f,f,f,f,f,f,OTHER THAN SMALL BUSINESS,O,f,f,f,f,f,f,f,f,f,f,f,f,f,f,f,f,f,CORPORATE NOT TAX EXEMPT,t,f,f,f,f,f,f,f,f,f,f,f,t,f,f,f,f,t,f,f,f,f,f,f,f,f,f,f,t,f,f,f,f,f,f,f,f,f,f,f,f,f,f,f,f,f,f,f,f,f,TAMMER M OLIBAH,1276769.00,MICHAEL  HOFFMAN,716192.00,CHRISTOPHER  BELIOS,7100764.00,REBECCA  HARRIS,568426.00,PATRICIA  BAHR,516258.00,https://www.usaspending.gov/award/CONT_AWD_FA852513C0002_9700_-NONE-_-NONE-/,2025-04-22 16:50:17+00
CONT_AWD_FA852620C0005_9700_-NONE-_-NONE-,FA852620C0005,,,,,,,,,263100.00,,1063390.00,1063390.00,2020-03-11,2020,2021-04-19,2021,2020-03-11,2021-03-31,2023-03-30 00:00:00,,2019-11-07,097,Department of Defense,5700,Department of the Air Force,FA8526,FA8526  AFLCMC WLMKA,097,Department of Defense,5700,Department of the Air Force,F4FDAM,F4FDAM AFLCMC WLM,,,,,X,NOT APPLICABLE,,,EL6JWB3DLPZ4,196423024,"SUNBELT DESIGN & DEVELOPMENT, INC","SUNBELT DESIGN & DEVELOPMENT, INC.",,0FC01,EL6JWB3DLPZ4,196423024,"SUNBELT DESIGN & DEVELOPMENT, INC",SUNBELT DESIGN & DEVELOPMENT  INC.,USA,UNITED STATES,730 PEREZ ST,,SAN ANTONIO,48029,BEXAR,48,TX,TEXAS,782072318,TX-35,TX-35,2102279162,2102240085,USA,UNITED STATES,SAN ANTONIO,48029,BEXAR,48,TX,TEXAS,782072318,TX-35,TX-35,AWARD,D,DEFINITIVE CONTRACT,,,,,,,J,FIRM FIXED PRICE,"KIT, CHARGING - LIFE RAFT RESERVOIR",FA852618Q0167,1,,,3655,"GAS GENERATING AND DISPENSING SYSTEMS, FIXED OR MOBILE",H,NOT BUNDLED,A1A,AIRFRAMES AND SPARES,336413,OTHER AIRCRAFT PARTS AND AUXILIARY EQUIPMENT MANUFACTURING,C,NO CLAUSES INCLUDED AND NO SUSTAINABILITY INCLUDED,A,U.S. OWNED BUSINESS,000,NONE,Z,NOT IT PRODUCTS OR SERVICES,E,NOT REQUIRED,USA,UNITED STATES,D,MFG IN U.S.,B,PLAN NOT REQUIRED,D,FULL AND OPEN COMPETITION AFTER EXCLUSION OF SOURCES,NP,NEGOTIATED PROPOSAL/QUOTE,SBA,SMALL BUSINESS SET ASIDE - TOTAL,NONE,NO PREFERENCE USED,,,,,,,1,D,COMMERCIAL ITEM PROCEDURES NOT USED,f,N,NO,N,NO,X,NOT APPLICABLE,N,NO,0.00,N,NO,N,NO,X,NOT APPLICABLE,X,NOT APPLICABLE,X,NOT APPLICABLE,,,,,,,,NONE,NONE,N,NO,X,NOT APPLICABLE EXEMPT FROM CAS,N,TRANSACTION DOES NOT USE GFE/GFP,N,NO,D,NOT CONSOLIDATED,X,NOT APPLICABLE,N,NO,Z,NOT APPLICABLE,N,NO,X,NOT APPLICABLE,f,f,f,f,f,t,f,f,f,f,f,f,t,f,f,f,t,f,f,SMALL BUSINESS,S,f,f,f,f,f,f,f,f,f,f,f,f,f,f,f,f,f,CORPORATE NOT TAX EXEMPT,t,f,f,f,f,f,f,f,f,f,f,f,t,f,f,f,f,t,f,f,f,f,f,f,f,f,f,f,t,f,f,f,f,f,f,f,f,f,f,f,f,f,f,f,f,f,f,f,t,f,,,,,,,,,,,https://www.usaspending.gov/award/CONT_AWD_FA852620C0005_9700_-NONE-_-NONE-/,2021-04-19 17:06:10+00
CONT_AWD_FA855219C0002_9700_-NONE-_-NONE-,FA855219C0002,,,,Q: Not Designated Nonemergency/Emergency/Disaster/Wildfire Suppression,,,,,24667606.96,3797815.59,24667606.96,89189706.08,2019-05-22,2019,2021-04-19,2021,2019-05-22,2021-08-21,2024-05-21 00:00:00,,2018-07-31,097,Department of Defense,5700,Department of the Air Force,FA8552,FA8552  AFLCMC WIU,097,Department of Defense,5700,Department of the Air Force,F3QCBB,F3QCBB AFLCMC WIU,057-2018/2020-3010-000;057-2019/2021-3010-000;057-2020/2022-3010-000,057-3010,31.0: Equipment,0001: COMBAT AIRCRAFT;OPTN: FIELD IS OPTIONAL PRIOR TO FY21,X,NOT APPLICABLE,,,DD2QET4D27T3,094373495,"SIERRA NEVADA COMPANY, LLC",SIERRA NEVADA CORPORATION,,8X691,DD2QET4D27T3,094373495,"SIERRA NEVADA COMPANY, LLC",SIERRA NEVADA CORPORATION,USA,UNITED STATES,444 SALOMON CIR,,SPARKS,32031,WASHOE,32,NV,NEVADA,894349651,NV-02,NV-02,9374312800,,USA,UNITED STATES,SPARKS,32031,WASHOE,32,NV,NEVADA,894349651,NV-02,NV-02,AWARD,D,DEFINITIVE CONTRACT,,,,,,,J,FIRM FIXED PRICE,DEGRADED VISUAL ENVIRONMENT SYSTEM,FA855218R0005,1,OT,OTHER FUNCTIONS,1680,MISCELLANEOUS AIRCRAFT ACCESSORIES AND COMPONENTS,H,NOT BUNDLED,A1A,AIRFRAMES AND SPARES,336411,AIRCRAFT MANUFACTURING,C,NO CLAUSES INCLUDED AND NO SUSTAINABILITY INCLUDED,A,U.S. OWNED BUSINESS,000,NONE,Z,NOT IT PRODUCTS OR SERVICES,E,NOT REQUIRED,USA,UNITED STATES,D,MFG IN U.S.,F,INDIVIDUAL SUBCONTRACT PLAN,A,FULL AND OPEN COMPETITION,NP,NEGOTIATED PROPOSAL/QUOTE,NONE,NO SET ASIDE USED.,NONE,NO PREFERENCE USED,,,,,,,3,D,COMMERCIAL ITEM PROCEDURES NOT USED,f,N,NO,N,NO,X,NOT APPLICABLE,N,NO,0.00,N,NO,Y,YES,X,NOT APPLICABLE,X,NOT APPLICABLE,X,NOT APPLICABLE,,,,,,,,NONE,NONE,N,NO,X,NOT APPLICABLE EXEMPT FROM CAS,Y,TRANSACTION USES GFE/GFP,N,NO,D,NOT CONSOLIDATED,X,NOT APPLICABLE,N,NO,Z,NOT APPLICABLE,N,NO,X,NOT APPLICABLE,f,f,f,f,f,f,f,t,f,f,f,f,f,f,f,f,f,f,f,OTHER THAN SMALL BUSINESS,O,f,f,f,f,f,f,f,f,f,f,f,f,f,f,f,f,f,CORPORATE NOT TAX EXEMPT,t,f,f,f,f,f,f,f,f,f,f,f,t,f,f,f,f,t,f,f,f,f,f,f,f,t,f,f,t,f,f,f,f,f,f,f,f,f,f,f,f,f,f,f,f,f,f,f,f,f,JON  BURGOYNE,1288000.00,LORI  BECKER,722000.00,TIM  OWINGS,663000.00,JANET  KAVANDI,663000.00,GREG  COX,639000.00,https://www.usaspending.gov/award/CONT_AWD_FA855219C0002_9700_-NONE-_-NONE-/,2021-04-20 09:33:22+00
CONT_AWD_FA860617C0012_9700_-NONE-_-NONE-,FA860617C0012,,,,,,,,,306553.00,,306553.00,306553.00,2017-09-14,2017,2021-04-22,2021,2017-09-14,2018-07-16,2018-07-16 00:00:00,,,097,Department of Defense,9763,Defense Contract Management Agency,S0602A,DCMA MOUNTAIN PACIFIC (DENVER),097,Department of Defense,5700,Department of the Air Force,FA8606,FA8606 AFLCMC ROUK HS AFLCMC/ROUK,,,,,X,NOT APPLICABLE,,,MVNNSLH5FRG3,007060890,"AMI INDUSTRIES, INC","AMI INDUSTRIES, INC.",GOODRICH INTERIORS SPECIALTY SEATING SYSTEMS,31218,PPLZG8J3N9D4,001344142,RTX CORP,RAYTHEON TECHNOLOGIES CORPORATION,USA,UNITED STATES,1275 N NEWPORT RD,,COLORADO SPRINGS,08041,EL PASO,08,CO,COLORADO,809162776,CO-05,CO-05,7195504407,7193800040,USA,UNITED STATES,COLORADO SPRINGS,08041,EL PASO,08,CO,COLORADO,809162776,CO-05,CO-05,AWARD,D,DEFINITIVE CONTRACT,,,,,,,J,FIRM FIXED PRICE,EGRESS FEASIBILITY STUDY,,1,,,1680,MISCELLANEOUS AIRCRAFT ACCESSORIES AND COMPONENTS,H,NOT BUNDLED,A1C,OTHER AIRCRAFT EQUIPMENT,336413,OTHER AIRCRAFT PARTS AND AUXILIARY EQUIPMENT MANUFACTURING,C,NO CLAUSES INCLUDED AND NO SUSTAINABILITY INCLUDED,A,U.S. OWNED BUSINESS,000,NONE,Z,NOT IT PRODUCTS OR SERVICES,E,NOT REQUIRED,USA,UNITED STATES,D,MFG IN U.S.,B,PLAN NOT REQUIRED,C,NOT COMPETED,SSS,ONLY ONE SOURCE,NONE,NO SET ASIDE USED.,NONE,NO PREFERENCE USED,,,,,ONE,ONLY ONE SOURCE-OTHER (FAR 6.302-1 OTHER),1,D,COMMERCIAL ITEM PROCEDURES NOT USED,f,N,NO,N,NO,X,NOT APPLICABLE,N,NO,0.00,N,NO,X,NOT APPLICABLE,X,NOT APPLICABLE,X,NOT APPLICABLE,X,NOT APPLICABLE,,,,,,,,NONE,NONE,N,NO,X,NOT APPLICABLE EXEMPT FROM CAS,Y,TRANSACTION USES GFE/GFP,U,UNKNOWN,D,NOT CONSOLIDATED,X,NOT APPLICABLE,N,NO,Z,NOT APPLICABLE,N,NO,X,NOT APPLICABLE,f,f,f,f,f,f,f,f,f,f,f,f,f,f,f,f,f,f,f,OTHER THAN SMALL BUSINESS,O,f,f,f,f,f,f,f,f,f,f,f,f,f,f,f,f,f,CORPORATE NOT TAX EXEMPT,t,f,f,f,f,f,f,f,f,f,f,f,t,f,f,f,f,t,f,f,f,f,f,f,f,f,f,f,t,f,f,f,f,f,f,f,f,f,f,f,f,f,f,f,f,f,f,f,f,f,,,,,,,,,,,https://www.usaspending.gov/award/CONT_AWD_FA860617C0012_9700_-NONE-_-NONE-/,2021-11-10 16:57:07+00
CONT_AWD_FA862018C2015_9700_-NONE-_-NONE-,FA862018C2015,,,,,,,,,2518878.50,0.00,3608084.50,3608084.50,2018-01-31,2018,2021-04-22,2021,2018-01-31,2019-07-31,2019-07-31 00:00:00,,,097,Department of Defense,5700,Department of the Air Force,FA8620,FA8620  AFLCMC WIJK    BIG SAFARI,097,Department of Defense,5700,Department of the Air Force,F4FDAC,F4FDAC AFLCMC MAUS DIVISION WII,057-2018/2018-3400-000;057-2019/2019-3400-000,057-3400,25.7: Operation and maintenance of equipment,,X,NOT APPLICABLE,,,DMGTCCJ2ZKG7,938751427,SOLIPSYS CORPORATION,SOLIPSYS CORPORATION,RAYTHEON SOLIPSYS,054Y0,PPLZG8J3N9D4,001344142,RTX CORP,RAYTHEON TECHNOLOGIES CORPORATION,USA,UNITED STATES,8170 MAPLE LAWN BLVD STE 300,,FULTON,24027,HOWARD,24,MD,MARYLAND,207592522,MD-03,MD-03,2405548118,2405548101,USA,UNITED STATES,FULTON,24027,HOWARD,24,MD,MARYLAND,207592522,MD-03,MD-03,AWARD,D,DEFINITIVE CONTRACT,,,,,,,J,FIRM FIXED PRICE,ZEUS SYSTEM MAINTENANCE AND TECHNICAL SUPPORT,,1,OT,OTHER FUNCTIONS,D319,IT AND TELECOM- ANNUAL SOFTWARE MAINTENANCE SERVICE PLANS,H,NOT BUNDLED,S1,SERVICES,541511,CUSTOM COMPUTER PROGRAMMING SERVICES,C,NO CLAUSES INCLUDED AND NO SUSTAINABILITY INCLUDED,A,U.S. OWNED BUSINESS,424,MQ-9 REAPER,E,COMMERCIAL SERVICE,E,NOT REQUIRED,USA,UNITED STATES,C,NOT A MANUFACTURED END PRODUCT,F,INDIVIDUAL SUBCONTRACT PLAN,C,NOT COMPETED,SSS,ONLY ONE SOURCE,NONE,NO SET ASIDE USED.,NONE,NO PREFERENCE USED,,,,,ONE,ONLY ONE SOURCE-OTHER (FAR 6.302-1 OTHER),1,A,COMMERCIAL ITEM,f,N,NO,N,NO,N,NO,N,NO,0.00,N,NO,N,NO,N,NO,X,NOT APPLICABLE,X,NOT APPLICABLE,,,,,,,,NONE,NONE,W,NOT OBTAINED - WAIVED,X,NOT APPLICABLE EXEMPT FROM CAS,N,TRANSACTION DOES NOT USE GFE/GFP,U,UNKNOWN,D,NOT CONSOLIDATED,Y,YES - SERVICE WHERE PBA IS USED.,N,NO,Z,NOT APPLICABLE,N,NO,X,NOT APPLICABLE,f,f,f,f,f,f,f,f,f,f,f,f,f,f,f,f,f,f,f,OTHER THAN SMALL BUSINESS,O,f,f,f,f,f,f,f,f,f,f,f,f,f,f,f,f,f,CORPORATE NOT TAX EXEMPT,t,f,f,f,f,f,f,f,f,f,f,f,f,f,f,f,f,t,f,f,f,f,f,f,f,f,f,f,t,f,f,f,f,f,f,f,f,f,f,f,f,f,f,f,f,f,f,f,f,f,,,,,,,,,,,https://www.usaspending.gov/award/CONT_AWD_FA862018C2015_9700_-NONE-_-NONE-/,2021-05-06 12:17:31+00
CONT_AWD_FA865011C1050_9700_-NONE-_-NONE-,FA865011C1050,,,,,,,,,749978.84,,749978.84,749978.84,2011-04-08,2011,2021-04-22,2021,2011-04-08,2013-09-10,2013-09-10 00:00:00,,,097,Department of Defense,9763,Defense Contract Management Agency,S2204A,DCMA EASTERN REGIONAL COMMAND,097,Department of Defense,5700,Department of the Air Force,FA8650,FA8650  USAF AFMC AFRL PZL AFRL/PZL,,,,,X,NOT APPLICABLE,,,LVWLKDJURJL1,102221665,BLUERISC INC,"BLUERISC, INC.",,47UU1,LVWLKDJURJL1,102221665,BLUERISC INC,BLUERISC  INC.,USA,UNITED STATES,28 DANA STREET,,AMHERST,25015,HAMPSHIRE,25,MA,MASSACHUSETTS,010022209,MA-02,MA-02,4135490235,4138250217,USA,UNITED STATES,AMHERST,25015,HAMPSHIRE,25,MA,MASSACHUSETTS,010022209,MA-02,MA-02,AWARD,D,DEFINITIVE CONTRACT,,,,,,,U,COST PLUS FIXED FEE,SOFTWARE PROTECTION TO FIGHT THROUGH AN ATTACK,,1,,,AC61,R&D- DEFENSE SYSTEM: ELECTRONICS/COMMUNICATION EQUIPMENT (BASIC RESEARCH),D,NOT A BUNDLED REQUIREMENT,A7,ELECTRONICS AND COMMUNICATION EQUIPMENT,541712,"RESEARCH AND DEVELOPMENT IN THE PHYSICAL, ENGINEERING, AND LIFE SCIENCES (EXCEPT BIOTECHNOLOGY)",C,NO CLAUSES INCLUDED AND NO SUSTAINABILITY INCLUDED,A,U.S. OWNED BUSINESS,000,NONE,Z,NOT IT PRODUCTS OR SERVICES,E,NOT REQUIRED,USA,UNITED STATES,C,NOT A MANUFACTURED END PRODUCT,B,PLAN NOT REQUIRED,D,FULL AND OPEN COMPETITION AFTER EXCLUSION OF SOURCES,NP,NEGOTIATED PROPOSAL/QUOTE,SBA,SMALL BUSINESS SET ASIDE - TOTAL,NONE,NO PREFERENCE USED,SR2,SMALL BUSINESS INNOVATION RESEARCH PROGRAM PHASE II ACTION,,,,,3,D,COMMERCIAL ITEM PROCEDURES NOT USED,f,N,NO,N,NO,X,NOT APPLICABLE,N,NO,0.00,N,NO,X,NOT APPLICABLE,X,NOT APPLICABLE,X,NOT APPLICABLE,X,NOT APPLICABLE,,,,,,,,NONE,NONE,N,NO,X,NOT APPLICABLE EXEMPT FROM CAS,N,TRANSACTION DOES NOT USE GFE/GFP,N,NO,N,NO,Y,YES - SERVICE WHERE PBA IS USED.,N,NO,Z,NOT APPLICABLE,N,NO,X,NOT APPLICABLE,f,f,f,f,f,f,f,f,f,f,f,f,f,f,f,f,f,f,f,SMALL BUSINESS,S,f,f,f,f,f,f,f,f,f,f,f,f,f,f,f,f,f,CORPORATE NOT TAX EXEMPT,t,f,f,f,f,f,f,f,f,f,f,f,f,f,f,f,f,t,f,f,f,f,f,f,f,f,f,f,t,f,f,f,f,f,f,f,f,f,f,f,f,f,f,f,f,f,f,f,f,f,,,,,,,,,,,https://www.usaspending.gov/award/CONT_AWD_FA865011C1050_9700_-NONE-_-NONE-/,2021-07-22 15:17:47+00
CONT_AWD_FA865012C7267_9700_-NONE-_-NONE-,FA865012C7267,,,,,,,,,1946355.00,,1946355.00,1946355.00,2012-08-28,2012,2021-04-20,2021,2012-08-28,2014-01-24,2014-01-24 00:00:00,,,097,Department of Defense,9763,Defense Contract Management Agency,S0514A,DCMA SOUTHERN CAL (SAN DIEGO),097,Department of Defense,97AE,Defense Advanced Research Projects Agency,HR0011,DEF ADVANCED RESEARCH PROJECTS AGCY,,,,,X,NOT APPLICABLE,,,RN43FYPYNKP4,841440832,TREX ENTERPRISES CORPORATION,TREX ENTERPRISES CORPORATION,,0ZKJ6,RN43FYPYNKP4,841440832,TREX ENTERPRISES CORPORATION,TREX ENTERPRISES CORPORATION,USA,UNITED STATES,10455 PACIFIC CENTER CT,,SAN DIEGO,06073,SAN DIEGO,06,CA,CALIFORNIA,921214339,CA-53,CA-51,8586465462,8586465301,USA,UNITED STATES,SAN DIEGO,06073,SAN DIEGO,06,CA,CALIFORNIA,921214339,CA-52,CA-51,AWARD,D,DEFINITIVE CONTRACT,,,,,,,U,COST PLUS FIXED FEE,MIST PROGRAM - COMPACT HIGH-RESOLUTION AIRBORNE SENSOR,,1,OT,OTHER FUNCTIONS,AC13,NATIONAL DEFENSE R&D SERVICES; DEPARTMENT OF DEFENSE - MILITARY; EXPERIMENTAL DEVELOPMENT,D,NOT A BUNDLED REQUIREMENT,A7,ELECTRONICS AND COMMUNICATION EQUIPMENT,541712,"RESEARCH AND DEVELOPMENT IN THE PHYSICAL, ENGINEERING, AND LIFE SCIENCES (EXCEPT BIOTECHNOLOGY)",C,NO CLAUSES INCLUDED AND NO SUSTAINABILITY INCLUDED,A,U.S. OWNED BUSINESS,000,NONE,Z,NOT IT PRODUCTS OR SERVICES,E,NOT REQUIRED,USA,UNITED STATES,C,NOT A MANUFACTURED END PRODUCT,B,PLAN NOT REQUIRED,A,FULL AND OPEN COMPETITION,BR,BASIC RESEARCH,NONE,NO SET ASIDE USED.,NONE,NO PREFERENCE USED,,,,,,,11,D,COMMERCIAL ITEM PROCEDURES NOT USED,f,N,NO,N,NO,X,NOT APPLICABLE,N,NO,0.00,N,NO,X,NOT APPLICABLE,X,NOT APPLICABLE,X,NOT APPLICABLE,X,NOT APPLICABLE,,,,,,,,NONE,NONE,Y,YES,X,NOT APPLICABLE EXEMPT FROM CAS,Y,TRANSACTION USES GFE/GFP,U,UNKNOWN,N,NO,Y,YES - SERVICE WHERE PBA IS USED.,N,NO,Z,NOT APPLICABLE,N,NO,X,NOT APPLICABLE,f,f,f,f,f,f,f,f,f,f,f,f,f,f,f,f,f,f,f,SMALL BUSINESS,S,f,f,f,f,f,f,f,f,f,f,f,f,f,f,f,f,f,CORPORATE NOT TAX EXEMPT,t,f,f,f,f,f,f,f,f,f,f,f,f,f,f,f,f,t,f,f,f,f,f,f,f,f,f,f,t,f,f,f,f,f,f,f,f,f,f,f,f,f,f,f,f,f,f,f,f,f,,,,,,,,,,,https://www.usaspending.gov/award/CONT_AWD_FA865012C7267_9700_-NONE-_-NONE-/,2021-04-23 10:51:50+00
CONT_AWD_FA865013C7354_9700_-NONE-_-NONE-,FA865013C7354,,,,,,,,,492797.00,,492797.00,492797.00,2013-08-20,2013,2021-04-20,2021,2013-08-20,2014-01-24,2014-01-24 00:00:00,,,097,Department of Defense,9763,Defense Contract Management Agency,S0514A,DCMA SOUTHERN CAL (SAN DIEGO),097,Department of Defense,97AE,Defense Advanced Research Projects Agency,HR0011,DEF ADVANCED RESEARCH PROJECTS AGCY,,,,,X,NOT APPLICABLE,,,RN43FYPYNKP4,841440832,TREX ENTERPRISES CORPORATION,TREX ENTERPRISES CORPORATION,,0ZKJ6,RN43FYPYNKP4,841440832,TREX ENTERPRISES CORPORATION,TREX ENTERPRISES CORPORATION,USA,UNITED STATES,10455 PACIFIC CENTER CT,,SAN DIEGO,06073,SAN DIEGO,06,CA,CALIFORNIA,921214339,CA-53,CA-51,8586465462,8586465581,USA,UNITED STATES,SAN DIEGO,06073,SAN DIEGO,06,CA,CALIFORNIA,921214339,CA-52,CA-51,AWARD,D,DEFINITIVE CONTRACT,,,,,,,U,COST PLUS FIXED FEE,IGF::OT::IGF 100G SPECTRALLY-EFFICIENT MMW COMMUNICATIONS USING SINGLE-SIDED MODULATION,,1,OT,OTHER FUNCTIONS,AC62,R&D- DEFENSE SYSTEM: ELECTRONICS/COMMUNICATION EQUIPMENT (APPLIED RESEARCH/EXPLORATORY DEVELOPMENT),D,NOT A BUNDLED REQUIREMENT,A7,ELECTRONICS AND COMMUNICATION EQUIPMENT,541712,"RESEARCH AND DEVELOPMENT IN THE PHYSICAL, ENGINEERING, AND LIFE SCIENCES (EXCEPT BIOTECHNOLOGY)",C,NO CLAUSES INCLUDED AND NO SUSTAINABILITY INCLUDED,A,U.S. OWNED BUSINESS,000,NONE,Z,NOT IT PRODUCTS OR SERVICES,E,NOT REQUIRED,USA,UNITED STATES,C,NOT A MANUFACTURED END PRODUCT,B,PLAN NOT REQUIRED,A,FULL AND OPEN COMPETITION,NP,NEGOTIATED PROPOSAL/QUOTE,NONE,NO SET ASIDE USED.,NONE,NO PREFERENCE USED,,,,,,,2,D,COMMERCIAL ITEM PROCEDURES NOT USED,f,N,NO,N,NO,Y,YES,N,NO,0.00,N,NO,X,NOT APPLICABLE,X,NOT APPLICABLE,X,NOT APPLICABLE,X,NOT APPLICABLE,,,,,,,,NONE,NONE,Y,YES,Y,YES - CAS CLAUSE INCLUDED,Y,TRANSACTION USES GFE/GFP,U,UNKNOWN,N,NO,Y,YES - SERVICE WHERE PBA IS USED.,N,NO,Z,NOT APPLICABLE,N,NO,X,NOT APPLICABLE,f,f,f,f,f,f,f,f,f,f,f,f,f,f,f,f,f,f,f,OTHER THAN SMALL BUSINESS,O,f,f,f,f,f,f,f,f,f,f,f,f,f,f,f,f,f,CORPORATE NOT TAX EXEMPT,t,f,f,f,f,f,f,f,f,f,f,f,f,f,f,f,f,t,f,f,f,f,f,f,f,f,f,f,t,f,f,f,f,f,f,f,f,f,f,f,f,f,f,f,f,f,f,f,f,f,,,,,,,,,,,https://www.usaspending.gov/award/CONT_AWD_FA865013C7354_9700_-NONE-_-NONE-/,2021-04-23 10:55:45+00
CONT_AWD_FA865013C7371_9700_-NONE-_-NONE-,FA865013C7371,,,,,,,,,37894385.00,,37894385.00,37894385.00,2013-09-04,2013,2021-04-20,2021,2013-09-04,2014-01-24,2014-01-24 00:00:00,,,097,Department of Defense,9763,Defense Contract Management Agency,S0514A,DCMA SOUTHERN CAL (SAN DIEGO),097,Department of Defense,97AE,Defense Advanced Research Projects Agency,HR0011,DEF ADVANCED RESEARCH PROJECTS AGCY,,,,,X,NOT APPLICABLE,,,RN43FYPYNKP4,841440832,TREX ENTERPRISES CORPORATION,TREX ENTERPRISES CORPORATION,,0ZKJ6,RN43FYPYNKP4,841440832,TREX ENTERPRISES CORPORATION,TREX ENTERPRISES CORPORATION,USA,UNITED STATES,10455 PACIFIC CENTER CT,,SAN DIEGO,06073,SAN DIEGO,06,CA,CALIFORNIA,921214339,CA-53,CA-51,8586465462,8586465581,USA,UNITED STATES,SAN DIEGO,06073,SAN DIEGO,06,CA,CALIFORNIA,921214339,CA-52,CA-51,AWARD,D,DEFINITIVE CONTRACT,,,,,,,U,COST PLUS FIXED FEE,IGF::OT::IGF MILITARY IMAGING SURVEILLANCE TECHNOLOGY-LONG RANGE MIST LR PHASE 2,,1,OT,OTHER FUNCTIONS,AC62,R&D- DEFENSE SYSTEM: ELECTRONICS/COMMUNICATION EQUIPMENT (APPLIED RESEARCH/EXPLORATORY DEVELOPMENT),D,NOT A BUNDLED REQUIREMENT,A7,ELECTRONICS AND COMMUNICATION EQUIPMENT,541712,"RESEARCH AND DEVELOPMENT IN THE PHYSICAL, ENGINEERING, AND LIFE SCIENCES (EXCEPT BIOTECHNOLOGY)",C,NO CLAUSES INCLUDED AND NO SUSTAINABILITY INCLUDED,A,U.S. OWNED BUSINESS,000,NONE,Z,NOT IT PRODUCTS OR SERVICES,E,NOT REQUIRED,USA,UNITED STATES,C,NOT A MANUFACTURED END PRODUCT,B,PLAN NOT REQUIRED,A,FULL AND OPEN COMPETITION,BR,BASIC RESEARCH,NONE,NO SET ASIDE USED.,NONE,NO PREFERENCE USED,,,,,,,2,D,COMMERCIAL ITEM PROCEDURES NOT USED,f,N,NO,N,NO,X,NOT APPLICABLE,N,NO,0.00,N,NO,X,NOT APPLICABLE,X,NOT APPLICABLE,X,NOT APPLICABLE,X,NOT APPLICABLE,,,,,,,,NONE,NONE,Y,YES,Y,YES - CAS CLAUSE INCLUDED,Y,TRANSACTION USES GFE/GFP,U,UNKNOWN,N,NO,Y,YES - SERVICE WHERE PBA IS USED.,N,NO,Z,NOT APPLICABLE,N,NO,X,NOT APPLICABLE,f,f,f,f,f,f,f,f,f,f,f,f,f,f,f,f,f,f,f,SMALL BUSINESS,S,f,f,f,f,f,f,f,f,f,f,f,f,f,f,f,f,f,CORPORATE NOT TAX EXEMPT,t,f,f,f,f,f,f,f,f,f,f,f,f,f,f,f,f,t,f,f,f,f,f,f,f,f,f,f,t,f,f,f,f,f,f,f,f,f,f,f,f,f,f,f,f,f,f,f,f,f,,,,,,,,,,,https://www.usaspending.gov/award/CONT_AWD_FA865013C7371_9700_-NONE-_-NONE-/,2021-04-23 10:58:50+00
CONT_AWD_FA865015C1874_9700_-NONE-_-NONE-,FA865015C1874,,,,,,,,,997205.00,,997205.00,997205.00,2015-06-29,2015,2021-04-20,2021,2015-06-29,2022-05-31,2022-05-31 00:00:00,,,097,Department of Defense,9763,Defense Contract Management Agency,S0514A,DCMA SOUTHERN CAL (SAN DIEGO),097,Department of Defense,97AE,Defense Advanced Research Projects Agency,HR0011,DEF ADVANCED RESEARCH PROJECTS AGCY,,,,,X,NOT APPLICABLE,,,RN43FYPYNKP4,841440832,TREX ENTERPRISES CORPORATION,TREX ENTERPRISES CORPORATION,,0ZKJ6,RN43FYPYNKP4,841440832,TREX ENTERPRISES CORPORATION,TREX ENTERPRISES CORPORATION,USA,UNITED STATES,10455 PACIFIC CENTER CT,,SAN DIEGO,06073,SAN DIEGO,06,CA,CALIFORNIA,921214339,CA-53,CA-51,8586465462,8586465581,USA,UNITED STATES,SAN DIEGO,06073,SAN DIEGO,06,CA,CALIFORNIA,921214339,CA-52,CA-51,AWARD,D,DEFINITIVE CONTRACT,,,,,,,U,COST PLUS FIXED FEE,IGF::OT::IGF APERTURE SYNTHESIS PARTIALLY COHERENT PASSIVE ILLUMINATION,,1,OT,OTHER FUNCTIONS,AC62,R&D- DEFENSE SYSTEM: ELECTRONICS/COMMUNICATION EQUIPMENT (APPLIED RESEARCH/EXPLORATORY DEVELOPMENT),D,NOT A BUNDLED REQUIREMENT,A7,ELECTRONICS AND COMMUNICATION EQUIPMENT,541712,"RESEARCH AND DEVELOPMENT IN THE PHYSICAL, ENGINEERING, AND LIFE SCIENCES (EXCEPT BIOTECHNOLOGY)",C,NO CLAUSES INCLUDED AND NO SUSTAINABILITY INCLUDED,A,U.S. OWNED BUSINESS,000,NONE,Z,NOT IT PRODUCTS OR SERVICES,E,NOT REQUIRED,USA,UNITED STATES,C,NOT A MANUFACTURED END PRODUCT,B,PLAN NOT REQUIRED,D,FULL AND OPEN COMPETITION AFTER EXCLUSION OF SOURCES,NP,NEGOTIATED PROPOSAL/QUOTE,SBA,SMALL BUSINESS SET ASIDE - TOTAL,NONE,NO PREFERENCE USED,SR2,SMALL BUSINESS INNOVATION RESEARCH PROGRAM PHASE II ACTION,,,,,2,D,COMMERCIAL ITEM PROCEDURES NOT USED,f,N,NO,N,NO,X,NOT APPLICABLE,N,NO,0.00,N,NO,X,NOT APPLICABLE,X,NOT APPLICABLE,X,NOT APPLICABLE,X,NOT APPLICABLE,,,,,,,,NONE,NONE,N,NO,X,NOT APPLICABLE EXEMPT FROM CAS,Y,TRANSACTION USES GFE/GFP,N,NO,N,NO,Y,YES - SERVICE WHERE PBA IS USED.,N,NO,Z,NOT APPLICABLE,N,NO,X,NOT APPLICABLE,f,f,f,f,f,f,f,f,f,f,f,f,f,f,f,f,f,f,f,SMALL BUSINESS,S,f,f,f,f,f,f,f,f,f,f,f,f,f,f,f,f,f,CORPORATE NOT TAX EXEMPT,t,f,f,f,f,f,f,f,f,f,f,f,f,f,f,f,f,t,f,f,f,f,f,f,f,f,f,f,t,f,f,f,f,f,f,f,f,f,f,f,f,f,f,f,f,f,f,f,f,f,,,,,,,,,,,https://www.usaspending.gov/award/CONT_AWD_FA865015C1874_9700_-NONE-_-NONE-/,2021-04-23 11:02:38+00
CONT_AWD_FA865017C7708_9700_-NONE-_-NONE-,FA865017C7708,,,,,,,,,2301176.00,,2301176.00,2301176.00,2017-02-21,2017,2021-04-20,2021,2017-02-21,2019-04-25,2019-04-25 00:00:00,,,097,Department of Defense,9763,Defense Contract Management Agency,S2206A,DCMA NORTHEAST,097,Department of Defense,5700,Department of the Air Force,F4FBBJ,F4FBBJ AFRL RYM,,,,,X,NOT APPLICABLE,,,YUNJQSCD2Z99,131640919,"SI2 TECHNOLOGIES, INC","SI2 TECHNOLOGIES, INC",,3FJY9,YUNJQSCD2Z99,131640919,"SI2 TECHNOLOGIES, INC",SI2 TECHNOLOGIES  INC,USA,UNITED STATES,267 BOSTON RD,,NORTH BILLERICA,25017,MIDDLESEX,25,MA,MASSACHUSETTS,018622310,MA-06,MA-03,9784955300,9784955310,USA,UNITED STATES,NORTH BILLERICA,25017,MIDDLESEX,25,MA,MASSACHUSETTS,018622310,MA-06,MA-03,AWARD,D,DEFINITIVE CONTRACT,,,,,,,U,COST PLUS FIXED FEE,IGF::OT::IGF ARRAY COMMERCIAL TIMESCALES (ACT),,1,OT,OTHER FUNCTIONS,AC62,R&D- DEFENSE SYSTEM: ELECTRONICS/COMMUNICATION EQUIPMENT (APPLIED RESEARCH/EXPLORATORY DEVELOPMENT),H,NOT BUNDLED,A7,ELECTRONICS AND COMMUNICATION EQUIPMENT,541712,"RESEARCH AND DEVELOPMENT IN THE PHYSICAL, ENGINEERING, AND LIFE SCIENCES (EXCEPT BIOTECHNOLOGY)",C,NO CLAUSES INCLUDED AND NO SUSTAINABILITY INCLUDED,A,U.S. OWNED BUSINESS,000,NONE,Z,NOT IT PRODUCTS OR SERVICES,E,NOT REQUIRED,USA,UNITED STATES,C,NOT A MANUFACTURED END PRODUCT,B,PLAN NOT REQUIRED,D,FULL AND OPEN COMPETITION AFTER EXCLUSION OF SOURCES,NP,NEGOTIATED PROPOSAL/QUOTE,SBA,SMALL BUSINESS SET ASIDE - TOTAL,NONE,NO PREFERENCE USED,SR2,SMALL BUSINESS INNOVATION RESEARCH PROGRAM PHASE II ACTION,,,,,1,D,COMMERCIAL ITEM PROCEDURES NOT USED,f,N,NO,N,NO,N,NO,N,NO,0.00,N,NO,X,NOT APPLICABLE,X,NOT APPLICABLE,X,NOT APPLICABLE,X,NOT APPLICABLE,,,,,,,,NONE,NONE,Y,YES,X,NOT APPLICABLE EXEMPT FROM CAS,N,TRANSACTION DOES NOT USE GFE/GFP,U,UNKNOWN,D,NOT CONSOLIDATED,Y,YES - SERVICE WHERE PBA IS USED.,N,NO,Z,NOT APPLICABLE,N,NO,X,NOT APPLICABLE,f,f,f,f,f,f,f,f,f,f,f,f,f,f,f,f,f,f,f,SMALL BUSINESS,S,f,f,f,f,f,f,f,f,f,f,f,f,f,f,f,f,f,CORPORATE NOT TAX EXEMPT,t,f,f,f,f,f,f,f,f,f,f,f,f,f,f,f,f,t,f,f,f,f,f,f,f,f,f,f,t,f,f,f,f,f,f,f,f,f,f,f,f,f,f,f,f,f,f,f,f,f,,,,,,,,,,,https://www.usaspending.gov/award/CONT_AWD_FA865017C7708_9700_-NONE-_-NONE-/,2021-04-21 05:45:28+00
CONT_AWD_FA865018C1730_9700_-NONE-_-NONE-,FA865018C1730,,,,,,,,,747179.00,,747179.00,747179.00,2018-09-17,2018,2021-04-23,2021,2018-09-17,2021-09-24,2021-09-24 00:00:00,,2018-07-05,097,Department of Defense,5700,Department of the Air Force,FA8650,FA8650  USAF AFMC AFRL PZL AFRL/PZL,097,Department of Defense,5700,Department of the Air Force,F4FBBL,F4FBBL AFRL RYD,,,,,X,NOT APPLICABLE,,,DA6MTCK6G4D5,132355582,ACCEL-RF INSTRUMENTS CORPORATION,ACCEL-RF CORPORATION,,3FZ28,DA6MTCK6G4D5,132355582,ACCEL-RF INSTRUMENTS CORPORATION,ACCEL-RF CORPORATION,USA,UNITED STATES,4380 VIEWRIDGE AVE STE D,,SAN DIEGO,06073,SAN DIEGO,06,CA,CALIFORNIA,921231678,CA-52,CA-51,8584499750,8582782472,USA,UNITED STATES,SAN DIEGO,06073,SAN DIEGO,06,CA,CALIFORNIA,921231678,CA-52,CA-51,AWARD,D,DEFINITIVE CONTRACT,,,,,,,J,FIRM FIXED PRICE,V/W-BAND ACCELERATED LIFE TEST SYSTEM,,1,OT,OTHER FUNCTIONS,AC62,R&D- DEFENSE SYSTEM: ELECTRONICS/COMMUNICATION EQUIPMENT (APPLIED RESEARCH/EXPLORATORY DEVELOPMENT),H,NOT BUNDLED,A7,ELECTRONICS AND COMMUNICATION EQUIPMENT,541715,"RESEARCH AND DEVELOPMENT IN THE PHYSICAL, ENGINEERING, AND LIFE SCIENCES (EXCEPT NANOTECHNOLOGY AND BIOTECHNOLOGY)",C,NO CLAUSES INCLUDED AND NO SUSTAINABILITY INCLUDED,A,U.S. OWNED BUSINESS,000,NONE,Z,NOT IT PRODUCTS OR SERVICES,E,NOT REQUIRED,USA,UNITED STATES,C,NOT A MANUFACTURED END PRODUCT,B,PLAN NOT REQUIRED,D,FULL AND OPEN COMPETITION AFTER EXCLUSION OF SOURCES,NP,NEGOTIATED PROPOSAL/QUOTE,SBA,SMALL BUSINESS SET ASIDE - TOTAL,NONE,NO PREFERENCE USED,SR2,SMALL BUSINESS INNOVATION RESEARCH PROGRAM PHASE II ACTION,,,,,2,D,COMMERCIAL ITEM PROCEDURES NOT USED,f,N,NO,N,NO,X,NOT APPLICABLE,N,NO,0.00,N,NO,X,NOT APPLICABLE,X,NOT APPLICABLE,X,NOT APPLICABLE,X,NOT APPLICABLE,,,,,,,,NONE,NONE,N,NO,X,NOT APPLICABLE EXEMPT FROM CAS,N,TRANSACTION DOES NOT USE GFE/GFP,U,UNKNOWN,D,NOT CONSOLIDATED,Y,YES - SERVICE WHERE PBA IS USED.,N,NO,Z,NOT APPLICABLE,N,NO,X,NOT APPLICABLE,f,f,f,f,f,f,f,f,f,f,f,f,f,f,f,f,f,f,f,SMALL BUSINESS,S,f,f,f,f,f,f,f,f,f,f,f,f,f,f,f,f,f,CORPORATE NOT TAX EXEMPT,t,f,f,f,f,f,f,f,f,f,f,f,t,f,f,f,f,t,f,f,f,f,f,f,f,f,f,f,t,f,f,f,f,f,f,f,f,f,f,f,f,f,f,f,f,f,f,f,f,f,,,,,,,,,,,https://www.usaspending.gov/award/CONT_AWD_FA865018C1730_9700_-NONE-_-NONE-/,2021-04-23 11:00:09+00
CONT_AWD_FA865018C6984_9700_-NONE-_-NONE-,FA865018C6984,,,,,,,,,8327308.79,,8327308.79,8327308.79,2018-09-27,2018,2021-04-19,2021,2018-09-27,2021-07-27,2021-07-27 00:00:00,,,097,Department of Defense,5700,Department of the Air Force,FA8650,FA8650  USAF AFMC AFRL PZL AFRL/PZL,097,Department of Defense,5700,Department of the Air Force,F4F4RH,F4F4RH AFRL 711 HPW FM,,,,,X,NOT APPLICABLE,,,JCBMLGPE6Z71,006928857,BOOZ ALLEN HAMILTON INC,BOOZ ALLEN HAMILTON INC.,,17038,MBPHTU7Y9S65,964725688,BOOZ ALLEN HAMILTON HOLDING CORPORATION,BOOZ ALLEN HAMILTON HOLDING CORPORATION,USA,UNITED STATES,8283 GREENSBORO DR,,MCLEAN,51059,FAIRFAX,51,VA,VIRGINIA,221023830,VA-11,VA-11,7033770195,7039023200,USA,UNITED STATES,MCLEAN,51059,FAIRFAX,51,VA,VIRGINIA,221023830,VA-11,VA-11,AWARD,D,DEFINITIVE CONTRACT,,,,,,,U,COST PLUS FIXED FEE,DIGITAL BIOBANK RESEARCH SUPPORT SERVICES FOR AIR FORCE MEDICAL SERVICE,FA865018R6984,1,OT,OTHER FUNCTIONS,AN92,R&D- MEDICAL: OTHER (APPLIED RESEARCH/EXPLORATORY DEVELOPMENT),H,NOT BUNDLED,S1,SERVICES,541715,"RESEARCH AND DEVELOPMENT IN THE PHYSICAL, ENGINEERING, AND LIFE SCIENCES (EXCEPT NANOTECHNOLOGY AND BIOTECHNOLOGY)",C,NO CLAUSES INCLUDED AND NO SUSTAINABILITY INCLUDED,A,U.S. OWNED BUSINESS,000,NONE,Z,NOT IT PRODUCTS OR SERVICES,E,NOT REQUIRED,USA,UNITED STATES,C,NOT A MANUFACTURED END PRODUCT,F,INDIVIDUAL SUBCONTRACT PLAN,A,FULL AND OPEN COMPETITION,NP,NEGOTIATED PROPOSAL/QUOTE,NONE,NO SET ASIDE USED.,NONE,NO PREFERENCE USED,,,,,,,1,D,COMMERCIAL ITEM PROCEDURES NOT USED,f,N,NO,N,NO,Y,YES,N,NO,0.00,N,NO,X,NOT APPLICABLE,X,NOT APPLICABLE,X,NOT APPLICABLE,X,NOT APPLICABLE,,,,,,,,NONE,NONE,Y,YES,Y,YES - CAS CLAUSE INCLUDED,N,TRANSACTION DOES NOT USE GFE/GFP,N,NO,D,NOT CONSOLIDATED,Y,YES - SERVICE WHERE PBA IS USED.,N,NO,Z,NOT APPLICABLE,N,NO,X,NOT APPLICABLE,f,f,f,f,f,f,f,f,f,f,f,f,f,f,f,f,f,f,f,OTHER THAN SMALL BUSINESS,O,f,f,f,f,f,f,f,f,f,f,f,f,f,f,f,f,f,CORPORATE NOT TAX EXEMPT,t,f,f,f,f,f,f,f,f,f,f,f,f,f,f,f,f,t,f,f,f,f,f,f,f,f,f,f,t,f,f,f,f,f,f,f,f,f,f,f,f,f,f,f,f,f,f,f,f,f,,,,,,,,,,,https://www.usaspending.gov/award/CONT_AWD_FA865018C6984_9700_-NONE-_-NONE-/,2021-04-27 10:05:16+00
CONT_AWD_FA865019C1002_9700_-NONE-_-NONE-,FA865019C1002,,,,Q: Not Designated Nonemergency/Emergency/Disaster/Wildfire Suppression,,,,,732757.00,0.00,732757.00,732757.00,2019-01-25,2019,2021-04-20,2021,2019-01-25,2021-04-26,2021-04-26 00:00:00,,2018-02-13,097,Department of Defense,9763,Defense Contract Management Agency,S0514A,DCMA SOUTHERN CAL (SAN DIEGO),097,Department of Defense,5700,Department of the Air Force,F4FBBL,F4FBBL AFRL RYD,057-2018/2019-3600-000,057-3600,25.5: Research and development contracts,0001: BASIC RESEARCH,X,NOT APPLICABLE,,,RN43FYPYNKP4,,TREX ENTERPRISES CORPORATION,TREX ENTERPRISES CORPORATION,,0ZKJ6,RN43FYPYNKP4,,TREX ENTERPRISES CORPORATION,TREX ENTERPRISES CORPORATION,USA,UNITED STATES,10455 PACIFIC CENTER CT,,SAN DIEGO,06073,SAN DIEGO,06,CA,CALIFORNIA,921214339,CA-53,CA-51,8586465462,8586465581,USA,UNITED STATES,SAN DIEGO,06073,SAN DIEGO,06,CA,CALIFORNIA,921214339,CA-52,CA-51,AWARD,D,DEFINITIVE CONTRACT,,,,,,,U,COST PLUS FIXED FEE,SCALABLE COHERENT PHOTONIC ARRAY ON A SILICON PLATFORM,,1,OT,OTHER FUNCTIONS,AC62,R&D- DEFENSE SYSTEM: ELECTRONICS/COMMUNICATION EQUIPMENT (APPLIED RESEARCH/EXPLORATORY DEVELOPMENT),H,NOT BUNDLED,A7,ELECTRONICS AND COMMUNICATION EQUIPMENT,541715,"RESEARCH AND DEVELOPMENT IN THE PHYSICAL, ENGINEERING, AND LIFE SCIENCES (EXCEPT NANOTECHNOLOGY AND BIOTECHNOLOGY)",C,NO CLAUSES INCLUDED AND NO SUSTAINABILITY INCLUDED,A,U.S. OWNED BUSINESS,000,NONE,Z,NOT IT PRODUCTS OR SERVICES,E,NOT REQUIRED,USA,UNITED STATES,C,NOT A MANUFACTURED END PRODUCT,B,PLAN NOT REQUIRED,D,FULL AND OPEN COMPETITION AFTER EXCLUSION OF SOURCES,NP,NEGOTIATED PROPOSAL/QUOTE,SBA,SMALL BUSINESS SET ASIDE - TOTAL,NONE,NO PREFERENCE USED,SR2,SMALL BUSINESS INNOVATION RESEARCH PROGRAM PHASE II ACTION,,,,,4,D,COMMERCIAL ITEM PROCEDURES NOT USED,f,N,NO,N,NO,N,NO,N,NO,0.00,N,NO,X,NOT APPLICABLE,X,NOT APPLICABLE,X,NOT APPLICABLE,X,NOT APPLICABLE,,,,,,,,NONE,NONE,N,NO,X,NOT APPLICABLE EXEMPT FROM CAS,N,TRANSACTION DOES NOT USE GFE/GFP,U,UNKNOWN,D,NOT CONSOLIDATED,Y,YES - SERVICE WHERE PBA IS USED.,N,NO,Z,NOT APPLICABLE,N,NO,X,NOT APPLICABLE,f,f,f,f,f,f,f,f,f,f,f,f,f,f,f,f,f,f,f,SMALL BUSINESS,S,f,f,f,f,f,f,f,f,f,f,f,f,f,f,f,f,f,CORPORATE NOT TAX EXEMPT,t,f,f,f,f,f,f,f,f,f,f,f,f,f,f,f,f,t,f,f,f,f,f,f,f,f,f,f,t,f,f,f,f,f,f,f,f,f,f,f,f,f,f,f,f,f,f,f,f,f,,,,,,,,,,,https://www.usaspending.gov/award/CONT_AWD_FA865019C1002_9700_-NONE-_-NONE-/,2025-04-22 16:50:17+00
CONT_AWD_FA865118C0061_9700_-NONE-_-NONE-,FA865118C0061,,,,Q: Not Designated Nonemergency/Emergency/Disaster/Wildfire Suppression,,,,,750000.00,0.00,750000.00,750000.00,2018-08-16,2018,2021-04-22,2021,2018-08-16,2021-04-28,2021-04-28 00:00:00,,2018-05-16,097,Department of Defense,5700,Department of the Air Force,FA8651,FA8651 AFRL RAZ,097,Department of Defense,5700,Department of the Air Force,F1TBAY,F1TBAY AFRL RW SIBR,057-2018/2019-3600-000,057-3600,25.5: Research and development contracts,0001: BASIC RESEARCH,X,NOT APPLICABLE,,,H176AD2BVQM3,,"WASATCH MOLECULAR, INC.","WASATCH MOLECULAR, INC.",,4SFP6,H176AD2BVQM3,,"WASATCH MOLECULAR, INC.",WASATCH MOLECULAR  INC.,USA,UNITED STATES,825 N 300 W STE W003,,SALT LAKE CITY,49035,SALT LAKE,49,UT,UTAH,841031487,UT-02,UT-02,8016737452,4802475765,USA,UNITED STATES,SALT LAKE CITY,49035,SALT LAKE,49,UT,UTAH,841031487,UT-02,UT-02,AWARD,D,DEFINITIVE CONTRACT,,,,,,,J,FIRM FIXED PRICE,SIMULATION OF MULTIPHASE INTERACTIONS IN REACTIVE STRUCTUAL,,1,OT,OTHER FUNCTIONS,AC52,R&D- DEFENSE SYSTEM: WEAPONS (APPLIED RESEARCH/EXPLORATORY DEVELOPMENT),H,NOT BUNDLED,A5,WEAPONS,541715,"RESEARCH AND DEVELOPMENT IN THE PHYSICAL, ENGINEERING, AND LIFE SCIENCES (EXCEPT NANOTECHNOLOGY AND BIOTECHNOLOGY)",C,NO CLAUSES INCLUDED AND NO SUSTAINABILITY INCLUDED,A,U.S. OWNED BUSINESS,000,NONE,Z,NOT IT PRODUCTS OR SERVICES,E,NOT REQUIRED,USA,UNITED STATES,C,NOT A MANUFACTURED END PRODUCT,B,PLAN NOT REQUIRED,D,FULL AND OPEN COMPETITION AFTER EXCLUSION OF SOURCES,NP,NEGOTIATED PROPOSAL/QUOTE,SBA,SMALL BUSINESS SET ASIDE - TOTAL,NONE,NO PREFERENCE USED,SR2,SMALL BUSINESS INNOVATION RESEARCH PROGRAM PHASE II ACTION,,,,,11,A,COMMERCIAL ITEM,f,N,NO,N,NO,X,NOT APPLICABLE,N,NO,0.00,N,NO,N,NO,X,NOT APPLICABLE,X,NOT APPLICABLE,X,NOT APPLICABLE,,,,,,,,NONE,NONE,N,NO,X,NOT APPLICABLE EXEMPT FROM CAS,N,TRANSACTION DOES NOT USE GFE/GFP,U,UNKNOWN,D,NOT CONSOLIDATED,N,NO - SERVICE WHERE PBA IS NOT USED.,N,NO,Z,NOT APPLICABLE,N,NO,X,NOT APPLICABLE,f,f,f,f,f,f,f,f,f,f,f,f,f,f,f,f,f,f,f,SMALL BUSINESS,S,f,f,f,f,f,f,f,f,f,f,f,f,f,f,f,f,f,CORPORATE NOT TAX EXEMPT,t,f,f,f,f,f,f,f,f,f,f,f,f,f,f,f,f,t,f,f,f,f,f,f,f,f,f,f,t,f,f,f,f,f,f,f,f,f,f,f,f,f,f,f,f,f,f,f,f,f,,,,,,,,,,,https://www.usaspending.gov/award/CONT_AWD_FA865118C0061_9700_-NONE-_-NONE-/,2025-04-22 16:50:17+00
CONT_AWD_FA865118C0080_9700_-NONE-_-NONE-,FA865118C0080,,,,Q: Not Designated Nonemergency/Emergency/Disaster/Wildfire Suppression,,,,,748316.00,0.00,748316.00,748316.00,2018-08-22,2018,2021-04-22,2021,2018-08-22,2021-08-15,2021-08-15 00:00:00,,2018-05-30,097,Department of Defense,5700,Department of the Air Force,FA8651,FA8651 AFRL RAZ,097,Department of Defense,5700,Department of the Air Force,F1TBAY,F1TBAY AFRL RW SIBR,057-2017/2018-3600-000;057-2018/2019-3600-000,057-3600,25.5: Research and development contracts,0001: BASIC RESEARCH,X,NOT APPLICABLE,,,FPYLSNACC9S6,832961465,HYPERION TECHNOLOGY GROUP INC,"HYPERION TECHNOLOGY GROUP, INC.",,5VUP8,FPYLSNACC9S6,832961465,HYPERION TECHNOLOGY GROUP INC,HYPERION TECHNOLOGY GROUP  INC.,USA,UNITED STATES,3248 W JACKSON ST,,TUPELO,28081,LEE,28,MS,MISSISSIPPI,388016735,MS-01,MS-01,6628230600,6628230501,USA,UNITED STATES,TUPELO,28081,LEE,28,MS,MISSISSIPPI,388044029,MS-01,MS-01,AWARD,D,DEFINITIVE CONTRACT,,,,,,,J,FIRM FIXED PRICE,HIGH VOLTAGE FIRESET SYSTEMS&COMPONENT LEVEL DESIGNS,,1,OT,OTHER FUNCTIONS,AC52,R&D- DEFENSE SYSTEM: WEAPONS (APPLIED RESEARCH/EXPLORATORY DEVELOPMENT),H,NOT BUNDLED,A5,WEAPONS,541715,"RESEARCH AND DEVELOPMENT IN THE PHYSICAL, ENGINEERING, AND LIFE SCIENCES (EXCEPT NANOTECHNOLOGY AND BIOTECHNOLOGY)",C,NO CLAUSES INCLUDED AND NO SUSTAINABILITY INCLUDED,A,U.S. OWNED BUSINESS,000,NONE,Z,NOT IT PRODUCTS OR SERVICES,E,NOT REQUIRED,USA,UNITED STATES,C,NOT A MANUFACTURED END PRODUCT,B,PLAN NOT REQUIRED,D,FULL AND OPEN COMPETITION AFTER EXCLUSION OF SOURCES,NP,NEGOTIATED PROPOSAL/QUOTE,SBA,SMALL BUSINESS SET ASIDE - TOTAL,NONE,NO PREFERENCE USED,SR2,SMALL BUSINESS INNOVATION RESEARCH PROGRAM PHASE II ACTION,,,,,11,D,COMMERCIAL ITEM PROCEDURES NOT USED,f,N,NO,N,NO,X,NOT APPLICABLE,N,NO,0.00,N,NO,X,NOT APPLICABLE,X,NOT APPLICABLE,X,NOT APPLICABLE,X,NOT APPLICABLE,,,,,,,,NONE,NONE,N,NO,X,NOT APPLICABLE EXEMPT FROM CAS,N,TRANSACTION DOES NOT USE GFE/GFP,U,UNKNOWN,D,NOT CONSOLIDATED,N,NO - SERVICE WHERE PBA IS NOT USED.,N,NO,Z,NOT APPLICABLE,N,NO,X,NOT APPLICABLE,f,f,f,f,f,f,f,f,f,f,f,f,f,f,f,f,f,f,f,SMALL BUSINESS,S,f,f,f,f,f,f,f,f,f,f,f,f,f,f,f,f,f,CORPORATE NOT TAX EXEMPT,t,f,f,f,f,f,f,f,f,f,f,f,f,f,f,f,f,t,f,f,f,f,f,f,f,f,f,f,t,f,f,f,f,f,f,f,f,f,f,f,f,f,f,f,f,f,f,f,f,f,,,,,,,,,,,https://www.usaspending.gov/award/CONT_AWD_FA865118C0080_9700_-NONE-_-NONE-/,2021-04-25 21:28:16+00
CONT_AWD_FA865119C0051_9700_-NONE-_-NONE-,FA865119C0051,,,,Q: Not Designated Nonemergency/Emergency/Disaster/Wildfire Suppression,,,,,749904.58,0.00,749904.58,749904.58,2019-02-13,2019,2021-04-16,2021,2019-02-13,2021-11-15,2021-11-15 00:00:00,,2018-08-16,097,Department of Defense,5700,Department of the Air Force,FA8651,FA8651 AFRL RAZ,097,Department of Defense,5700,Department of the Air Force,F1TBAY,F1TBAY AFRL RW SIBR,057-2018/2019-3600-000,057-3600,25.5: Research and development contracts,0001: BASIC RESEARCH,X,NOT APPLICABLE,,,RMG1AZ1ZH8Q7,073800062,PHYSICAL SCIENCES INC.,PHYSICAL SCIENCES INC.,,8K901,RMG1AZ1ZH8Q7,073800062,PHYSICAL SCIENCES INC.,PHYSICAL SCIENCES  INC.,USA,UNITED STATES,20 NEW ENGLAND BUSINESS CTR DR,,ANDOVER,25009,ESSEX,25,MA,MASSACHUSETTS,018101022,MA-03,MA-06,9786890003,9786893232,USA,UNITED STATES,ANDOVER,25009,ESSEX,25,MA,MASSACHUSETTS,018101022,MA-03,MA-06,AWARD,D,DEFINITIVE CONTRACT,,,,,,,J,FIRM FIXED PRICE,INTENSITY -DEPENDENT INFRARED BLOCKING FILTER FOR SOURCE EXCLUSION,,1,OT,OTHER FUNCTIONS,AC52,R&D- DEFENSE SYSTEM: WEAPONS (APPLIED RESEARCH/EXPLORATORY DEVELOPMENT),H,NOT BUNDLED,A5,WEAPONS,541715,"RESEARCH AND DEVELOPMENT IN THE PHYSICAL, ENGINEERING, AND LIFE SCIENCES (EXCEPT NANOTECHNOLOGY AND BIOTECHNOLOGY)",C,NO CLAUSES INCLUDED AND NO SUSTAINABILITY INCLUDED,A,U.S. OWNED BUSINESS,000,NONE,Z,NOT IT PRODUCTS OR SERVICES,E,NOT REQUIRED,USA,UNITED STATES,C,NOT A MANUFACTURED END PRODUCT,B,PLAN NOT REQUIRED,D,FULL AND OPEN COMPETITION AFTER EXCLUSION OF SOURCES,NP,NEGOTIATED PROPOSAL/QUOTE,SBA,SMALL BUSINESS SET ASIDE - TOTAL,NONE,NO PREFERENCE USED,SR2,SMALL BUSINESS INNOVATION RESEARCH PROGRAM PHASE II ACTION,,,,,1,D,COMMERCIAL ITEM PROCEDURES NOT USED,f,N,NO,N,NO,X,NOT APPLICABLE,N,NO,0.00,N,NO,X,NOT APPLICABLE,X,NOT APPLICABLE,X,NOT APPLICABLE,X,NOT APPLICABLE,,,,,,,,NONE,NONE,N,NO,X,NOT APPLICABLE EXEMPT FROM CAS,N,TRANSACTION DOES NOT USE GFE/GFP,N,NO,D,NOT CONSOLIDATED,N,NO - SERVICE WHERE PBA IS NOT USED.,N,NO,Z,NOT APPLICABLE,N,NO,X,NOT APPLICABLE,f,f,f,f,f,f,f,f,f,f,f,f,f,f,f,f,f,f,f,SMALL BUSINESS,S,f,f,f,f,f,f,f,f,f,f,f,f,f,f,f,f,f,CORPORATE NOT TAX EXEMPT,t,f,f,f,f,f,f,f,f,f,f,f,f,f,f,f,f,t,f,f,f,f,f,f,f,f,f,f,t,f,f,f,f,f,f,f,f,f,f,f,f,f,f,f,f,f,f,f,f,f,B. DAVID  GREEN,455443.00,WILLIAM J MARINELLI,373901.00,STEVEN R GENESTRETI,344090.00,BOGDAN R COSOFRET,325740.00,PETER A WARREN,305545.00,https://www.usaspending.gov/award/CONT_AWD_FA865119C0051_9700_-NONE-_-NONE-/,2021-04-16 14:58:29+00
CONT_AWD_FA865621C0032_9700_-NONE-_-NONE-,FA865621C0032,,,,Q: Not Designated Nonemergency/Emergency/Disaster/Wildfire Suppression,,,,,49958.36,0.00,49958.36,49958.36,2020-12-17,2021,2021-04-20,2021,2020-12-17,2021-04-27,2021-04-27 00:00:00,,,097,Department of Defense,5700,Department of the Air Force,FA8656,FA8656 AFLCMC EBX,097,Department of Defense,5700,Department of the Air Force,F4FBEQ,F4FBEQ AFRL RGF,057-2020/2021-3600-000,057-3600,25.5: Research and development contracts,0001: BASIC RESEARCH,X,NOT APPLICABLE,,,LK6BBEMLD8X1,080108951,NORTH AMERICAN WAVE ENGINE CORPORATION,NORTH AMERICAN WAVE ENGINE CORPORATION,,7JE39,LK6BBEMLD8X1,080108951,NORTH AMERICAN WAVE ENGINE CORPORATION,NORTH AMERICAN WAVE ENGINE CORPORATION,USA,UNITED STATES,2775 HAMILTON ST,,HYATTSVILLE,24033,PRINCE GEORGE'S,24,MD,MARYLAND,20782,MD-04,MD-04,2022582736,,USA,UNITED STATES,HYATTSVILLE,24033,PRINCE GEORGES,24,MD,MARYLAND,207812354,MD-04,MD-04,AWARD,D,DEFINITIVE CONTRACT,,,,,,,J,FIRM FIXED PRICE,SBIR PAHSE 1: LAUNCHED DECOY,,1,OT,OTHER FUNCTIONS,AC31,NATIONAL DEFENSE R&D SERVICES; DEFENSE-RELATED ACTIVITIES; BASIC RESEARCH,H,NOT BUNDLED,A5,WEAPONS,541715,"RESEARCH AND DEVELOPMENT IN THE PHYSICAL, ENGINEERING, AND LIFE SCIENCES (EXCEPT NANOTECHNOLOGY AND BIOTECHNOLOGY)",C,NO CLAUSES INCLUDED AND NO SUSTAINABILITY INCLUDED,A,U.S. OWNED BUSINESS,000,NONE,Z,NOT IT PRODUCTS OR SERVICES,E,NOT REQUIRED,USA,UNITED STATES,C,NOT A MANUFACTURED END PRODUCT,B,PLAN NOT REQUIRED,D,FULL AND OPEN COMPETITION AFTER EXCLUSION OF SOURCES,NP,NEGOTIATED PROPOSAL/QUOTE,SBA,SMALL BUSINESS SET ASIDE - TOTAL,NONE,NO PREFERENCE USED,,,,,,,213,D,COMMERCIAL ITEM PROCEDURES NOT USED,f,N,NO,N,NO,X,NOT APPLICABLE,N,NO,0.00,N,NO,X,NOT APPLICABLE,X,NOT APPLICABLE,X,NOT APPLICABLE,X,NOT APPLICABLE,,,,,,,,NONE,NONE,N,NO,X,NOT APPLICABLE EXEMPT FROM CAS,N,TRANSACTION DOES NOT USE GFE/GFP,U,UNKNOWN,D,NOT CONSOLIDATED,N,NO - SERVICE WHERE PBA IS NOT USED.,N,NO,Z,NOT APPLICABLE,N,NO,X,NOT APPLICABLE,f,f,f,f,f,f,f,f,f,f,f,f,f,f,f,f,f,f,f,SMALL BUSINESS,S,f,f,f,f,f,f,f,f,f,f,f,f,f,f,f,f,f,CORPORATE NOT TAX EXEMPT,t,f,f,f,f,f,f,f,f,f,f,f,f,f,f,f,f,t,f,f,f,f,f,f,f,f,f,f,t,f,f,f,f,f,f,f,f,f,f,f,f,f,f,f,f,t,f,f,f,f,,,,,,,,,,,https://www.usaspending.gov/award/CONT_AWD_FA865621C0032_9700_-NONE-_-NONE-/,2021-04-21 16:16:23+00
CONT_AWD_FA865621C0053_9700_-NONE-_-NONE-,FA865621C0053,,,,Q: Not Designated Nonemergency/Emergency/Disaster/Wildfire Suppression,,,,,49973.00,0.00,49973.00,49973.00,2020-12-30,2021,2021-04-20,2021,2020-12-30,2021-04-27,2021-04-27 00:00:00,,,097,Department of Defense,5700,Department of the Air Force,FA8656,FA8656 AFLCMC EBX,097,Department of Defense,5700,Department of the Air Force,F4FBEQ,F4FBEQ AFRL RGF,057-2020/2021-3600-000,057-3600,25.5: Research and development contracts,0001: BASIC RESEARCH,X,NOT APPLICABLE,,,E8HLY4ENQFL5,079286491,AEROTARGETS INTERNATIONAL LLC,"AEROTARGETS INTERNATIONAL, LLC",,72DU3,E8HLY4ENQFL5,079286491,AEROTARGETS INTERNATIONAL LLC,AEROTARGETS INTERNATIONAL  LLC,USA,UNITED STATES,210 FIELD RIDGE DRIVE,,SHAVERTOWN,42079,LUZERNE,42,PA,PENNSYLVANIA,187089405,PA-11,PA-08,5709052428,,USA,UNITED STATES,SHAVERTOWN,42079,LUZERNE,42,PA,PENNSYLVANIA,187089405,PA-08,PA-08,AWARD,D,DEFINITIVE CONTRACT,,,,,,,J,FIRM FIXED PRICE,SBIR PHASE 1 : AUTOMATED TACTICAL PLANNING AND LEARNING FOR COLLABORATIVE MULTI-AGENT WEAPON SYSTEMS,,1,OT,OTHER FUNCTIONS,AC31,NATIONAL DEFENSE R&D SERVICES; DEFENSE-RELATED ACTIVITIES; BASIC RESEARCH,H,NOT BUNDLED,A5,WEAPONS,541715,"RESEARCH AND DEVELOPMENT IN THE PHYSICAL, ENGINEERING, AND LIFE SCIENCES (EXCEPT NANOTECHNOLOGY AND BIOTECHNOLOGY)",C,NO CLAUSES INCLUDED AND NO SUSTAINABILITY INCLUDED,A,U.S. OWNED BUSINESS,000,NONE,Z,NOT IT PRODUCTS OR SERVICES,E,NOT REQUIRED,USA,UNITED STATES,C,NOT A MANUFACTURED END PRODUCT,B,PLAN NOT REQUIRED,D,FULL AND OPEN COMPETITION AFTER EXCLUSION OF SOURCES,NP,NEGOTIATED PROPOSAL/QUOTE,SBA,SMALL BUSINESS SET ASIDE - TOTAL,NONE,NO PREFERENCE USED,,,,,,,213,D,COMMERCIAL ITEM PROCEDURES NOT USED,f,N,NO,N,NO,X,NOT APPLICABLE,N,NO,0.00,N,NO,X,NOT APPLICABLE,X,NOT APPLICABLE,X,NOT APPLICABLE,X,NOT APPLICABLE,,,,,,,,NONE,NONE,N,NO,X,NOT APPLICABLE EXEMPT FROM CAS,N,TRANSACTION DOES NOT USE GFE/GFP,U,UNKNOWN,D,NOT CONSOLIDATED,N,NO - SERVICE WHERE PBA IS NOT USED.,N,NO,Z,NOT APPLICABLE,N,NO,X,NOT APPLICABLE,f,f,f,f,f,t,f,f,f,f,f,f,f,f,f,f,f,f,f,SMALL BUSINESS,S,f,f,f,f,f,f,f,f,f,f,f,f,f,f,f,f,f,CORPORATE NOT TAX EXEMPT,t,f,f,f,f,f,f,f,f,f,f,f,f,f,f,f,f,t,f,f,f,f,f,f,f,f,t,f,t,f,f,f,f,f,f,f,f,f,f,f,f,f,f,f,f,f,f,f,f,f,,,,,,,,,,,https://www.usaspending.gov/award/CONT_AWD_FA865621C0053_9700_-NONE-_-NONE-/,2021-04-22 11:26:33+00
CONT_AWD_FA867817C0057_9700_-NONE-_-NONE-,FA867817C0057,,,,,,,,,2091038.52,,2091038.52,2091038.52,2016-10-13,2017,2021-04-16,2021,2016-10-15,2019-12-31,2019-12-31 00:00:00,,,097,Department of Defense,9763,Defense Contract Management Agency,S0514A,DCMA SOUTHERN CAL (SAN DIEGO),097,Department of Defense,5700,Department of the Air Force,F1TEAX,F1TEAX AFLCMC EBYC,,,,,A,FOREIGN FUNDS FMS,,,N7NUHPAKNME8,,"CUBIC DEFENSE APPLICATIONS, INC.","CUBIC DEFENSE APPLICATIONS, INC.",,94987,KB43RQK7PAH3,,CUBIC CORPORATION,CUBIC CORPORATION,USA,UNITED STATES,9333 BALBOA AVE,,SAN DIEGO,06073,SAN DIEGO,06,CA,CALIFORNIA,921231515,CA-52,CA-51,8585052295,8582771878,USA,UNITED STATES,SAN DIEGO,06073,SAN DIEGO,06,CA,CALIFORNIA,921231515,CA-52,CA-51,AWARD,D,DEFINITIVE CONTRACT,,,,,,,J,FIRM FIXED PRICE,IGF::OT::IGF       FMS MOROCCO CLS R&R,,1,OT,OTHER FUNCTIONS,R425,SUPPORT- PROFESSIONAL: ENGINEERING/TECHNICAL,D,NOT A BUNDLED REQUIREMENT,S1,SERVICES,561990,ALL OTHER SUPPORT SERVICES,C,NO CLAUSES INCLUDED AND NO SUSTAINABILITY INCLUDED,A,U.S. OWNED BUSINESS,000,NONE,Z,NOT IT PRODUCTS OR SERVICES,E,NOT REQUIRED,USA,UNITED STATES,C,NOT A MANUFACTURED END PRODUCT,F,INDIVIDUAL SUBCONTRACT PLAN,B,NOT AVAILABLE FOR COMPETITION,SSS,ONLY ONE SOURCE,NONE,NO SET ASIDE USED.,NONE,NO PREFERENCE USED,,,,,IA,INTERNATIONAL AGREEMENT (FAR 6.302-4),1,D,COMMERCIAL ITEM PROCEDURES NOT USED,f,N,NO,N,NO,X,NOT APPLICABLE,N,NO,0.00,N,NO,X,NOT APPLICABLE,N,NO,X,NOT APPLICABLE,X,NOT APPLICABLE,,,,,,,,NONE,NONE,Y,YES,Y,YES - CAS CLAUSE INCLUDED,N,TRANSACTION DOES NOT USE GFE/GFP,U,UNKNOWN,N,NO,Y,YES - SERVICE WHERE PBA IS USED.,Y,YES,Z,NOT APPLICABLE,N,NO,X,NOT APPLICABLE,f,f,f,f,f,f,f,f,f,f,f,f,f,f,f,f,f,f,f,OTHER THAN SMALL BUSINESS,O,f,f,f,f,f,f,f,f,f,f,f,f,f,f,f,f,f,CORPORATE NOT TAX EXEMPT,t,f,f,f,f,f,f,f,f,f,f,f,t,f,f,f,f,t,f,f,f,f,f,f,f,f,f,f,t,f,f,f,f,f,f,f,f,f,f,f,f,f,f,f,f,f,f,f,f,f,,,,,,,,,,,https://www.usaspending.gov/award/CONT_AWD_FA867817C0057_9700_-NONE-_-NONE-/,2025-04-22 16:50:17+00
CONT_AWD_FA868121C0016_9700_-NONE-_-NONE-,FA868121C0016,,,,Q: Not Designated Nonemergency/Emergency/Disaster/Wildfire Suppression,,,,,499244.00,0.00,499244.00,499244.00,2021-03-01,2021,2021-04-20,2021,2021-03-01,2021-08-31,2021-08-31 00:00:00,,2021-02-03,097,Department of Defense,5700,Department of the Air Force,FA8681,FA8681  AFLCMC EBD,097,Department of Defense,5700,Department of the Air Force,F1TECQ,F1TECQ  AFLCMC EBZ,057-2021/2022-3600-000,057-3600,25.5: Research and development contracts,0001: BASIC RESEARCH,X,NOT APPLICABLE,,,LTMGBJ76B9D8,097967608,"APPLIED RESEARCH ASSOCIATES, INC.","APPLIED RESEARCH ASSOCIATES, INC.",,9R446,LTMGBJ76B9D8,097967608,"APPLIED RESEARCH ASSOCIATES, INC.",APPLIED RESEARCH ASSOCIATES  INC.,USA,UNITED STATES,4300 SAN MATEO BLVD NE STE A-220,,ALBUQUERQUE,35001,BERNALILLO,35,NM,NEW MEXICO,871101295,NM-01,NM-01,5058818074,5058833673,USA,UNITED STATES,ALBUQUERQUE,35001,BERNALILLO,35,NM,NEW MEXICO,871101295,NM-01,NM-01,AWARD,D,DEFINITIVE CONTRACT,,,,,,,J,FIRM FIXED PRICE,GLOBAL PRECISION ATTACK WEAPON STUDY,,1,OT,OTHER FUNCTIONS,1395,MISCELLANEOUS AMMUNITION,H,NOT BUNDLED,C9E,ALL OTHERS NOT IDENTIFIABLE TO ANY OTHER PROCUREMENT PROGRAM,332993,AMMUNITION (EXCEPT SMALL ARMS) MANUFACTURING,C,NO CLAUSES INCLUDED AND NO SUSTAINABILITY INCLUDED,A,U.S. OWNED BUSINESS,000,NONE,Z,NOT IT PRODUCTS OR SERVICES,E,NOT REQUIRED,USA,UNITED STATES,D,MFG IN U.S.,B,PLAN NOT REQUIRED,A,FULL AND OPEN COMPETITION,NP,NEGOTIATED PROPOSAL/QUOTE,NONE,NO SET ASIDE USED.,NONE,NO PREFERENCE USED,,,,,,,3,D,COMMERCIAL ITEM PROCEDURES NOT USED,f,N,NO,N,NO,X,NOT APPLICABLE,N,NO,0.00,N,NO,Y,YES,X,NOT APPLICABLE,X,NOT APPLICABLE,X,NOT APPLICABLE,,,,,,,,NONE,NONE,N,NO,X,NOT APPLICABLE EXEMPT FROM CAS,N,TRANSACTION DOES NOT USE GFE/GFP,N,NO,D,NOT CONSOLIDATED,X,NOT APPLICABLE,N,NO,Z,NOT APPLICABLE,N,NO,X,NOT APPLICABLE,f,f,f,f,f,f,f,f,f,f,f,f,f,f,f,f,f,f,f,OTHER THAN SMALL BUSINESS,O,f,f,f,f,f,f,f,f,f,f,f,f,f,f,f,f,f,CORPORATE NOT TAX EXEMPT,t,f,f,f,f,f,f,f,f,f,f,f,f,f,f,f,f,t,f,f,f,f,f,f,f,t,f,f,t,f,f,f,f,f,f,f,f,f,f,f,f,f,f,f,f,f,f,f,f,f,ROBERT H SUES,881815.00,ALLEN R YORK,625995.00,DAVID R OAKLEY,581991.00,CURT A BECKEMEYER,500717.00,JEFFREY A WILKINS,459583.00,https://www.usaspending.gov/award/CONT_AWD_FA868121C0016_9700_-NONE-_-NONE-/,2021-04-20 15:36:58+00
CONT_AWD_FA868420C1001_9700_-NONE-_-NONE-,FA868420C1001,,,,Q: Not Designated Nonemergency/Emergency/Disaster/Wildfire Suppression,,,,,1796006.00,0.00,1846006.00,1846006.00,2019-11-13,2020,2021-04-23,2021,2019-11-13,2022-04-18,2022-04-18 00:00:00,,2019-09-13,097,Department of Defense,5700,Department of the Air Force,FA8684,FA8684 AFLCMC RODK,097,Department of Defense,5700,Department of the Air Force,F4FBEQ,F4FBEQ AFRL RGF,057-2019/2020-3600-000;057-2020/2021-3600-000,057-3600,25.5: Research and development contracts,0001: BASIC RESEARCH,X,NOT APPLICABLE,,,C4CLBJLZLE13,036786384,INVOKE PUBLIC SECTOR USA LLC,INVOKE PUBLIC SECTOR USA LLC,,8CGH6,C4CLBJLZLE13,036786384,INVOKE PUBLIC SECTOR USA LLC,SERVENITY LLC,USA,UNITED STATES,3379 PEACHTREE RD NE STE 320,,ATLANTA,13121,FULTON,13,GA,GEORGIA,303261031,GA-11,GA-06,4042292382,,USA,UNITED STATES,ATLANTA,13121,FULTON,13,GA,GEORGIA,303261031,GA-11,GA-06,AWARD,D,DEFINITIVE CONTRACT,,,,,,,J,FIRM FIXED PRICE,RSO SBIR PHASE II SERVENITY,,1,OT,OTHER FUNCTIONS,AD92,R&D- DEFENSE OTHER: OTHER (APPLIED RESEARCH/EXPLORATORY DEVELOPMENT),H,NOT BUNDLED,C9E,ALL OTHERS NOT IDENTIFIABLE TO ANY OTHER PROCUREMENT PROGRAM,541715,"RESEARCH AND DEVELOPMENT IN THE PHYSICAL, ENGINEERING, AND LIFE SCIENCES (EXCEPT NANOTECHNOLOGY AND BIOTECHNOLOGY)",C,NO CLAUSES INCLUDED AND NO SUSTAINABILITY INCLUDED,A,U.S. OWNED BUSINESS,000,NONE,Z,NOT IT PRODUCTS OR SERVICES,E,NOT REQUIRED,USA,UNITED STATES,C,NOT A MANUFACTURED END PRODUCT,B,PLAN NOT REQUIRED,D,FULL AND OPEN COMPETITION AFTER EXCLUSION OF SOURCES,NP,NEGOTIATED PROPOSAL/QUOTE,SBA,SMALL BUSINESS SET ASIDE - TOTAL,NONE,NO PREFERENCE USED,SR2,SMALL BUSINESS INNOVATION RESEARCH PROGRAM PHASE II ACTION,,,,,18,D,COMMERCIAL ITEM PROCEDURES NOT USED,f,N,NO,N,NO,N,NO,N,NO,0.00,N,NO,X,NOT APPLICABLE,Y,YES,X,NOT APPLICABLE,X,NOT APPLICABLE,,,,,,,,NONE,NONE,N,NO,X,NOT APPLICABLE EXEMPT FROM CAS,N,TRANSACTION DOES NOT USE GFE/GFP,N,NO,D,NOT CONSOLIDATED,N,NO - SERVICE WHERE PBA IS NOT USED.,N,NO,Z,NOT APPLICABLE,N,NO,X,NOT APPLICABLE,f,f,f,f,f,f,f,f,f,f,f,f,f,f,f,f,f,f,f,SMALL BUSINESS,S,f,f,f,f,f,f,f,f,f,f,f,f,f,f,f,f,f,SOLE PROPRIETORSHIP,f,f,f,t,f,f,f,f,f,f,f,f,f,f,f,f,f,t,f,f,f,f,f,f,f,f,t,f,t,f,f,f,f,f,f,f,f,f,f,f,f,f,f,f,f,t,f,f,f,f,,,,,,,,,,,https://www.usaspending.gov/award/CONT_AWD_FA868420C1001_9700_-NONE-_-NONE-/,2021-06-16 09:20:53+00
CONT_AWD_FA869120C3100_9700_-NONE-_-NONE-,FA869120C3100,,,,,,,,,872586.00,,835146.00,835146.00,2020-09-01,2020,2021-04-23,2021,2020-09-01,2021-02-28,2021-02-28 00:00:00,,2020-06-01,097,Department of Defense,5700,Department of the Air Force,FA8691,FA8691  AFLCMC WINK      SENSORS,097,Department of Defense,5700,Department of the Air Force,F4FDAH,F4FDAH AFLCMC WIN SENSORS,,,,,X,NOT APPLICABLE,,,C9P6LLA9PBL4,617812107,"WESCAM USA, INC.","WESCAM USA, INC.",,4CKJ8,SJULQDJ8NZU7,004203337,"L3HARRIS TECHNOLOGIES, INC",L3HARRIS TECHNOLOGIES  INC.,USA,UNITED STATES,424 AVIATION BLVD,,SANTA ROSA,06097,SONOMA,06,CA,CALIFORNIA,954031069,CA-05,CA-02,7072923024,7072843161,USA,UNITED STATES,SANTA ROSA,06097,SONOMA,06,CA,CALIFORNIA,954031069,CA-05,CA-02,AWARD,D,DEFINITIVE CONTRACT,,,,,,,J,FIRM FIXED PRICE,NIGER MX-15HDI,,1,,,1680,MISCELLANEOUS AIRCRAFT ACCESSORIES AND COMPONENTS,H,NOT BUNDLED,A1C,OTHER AIRCRAFT EQUIPMENT,334511,"SEARCH, DETECTION, NAVIGATION, GUIDANCE, AERONAUTICAL, AND NAUTICAL SYSTEM AND INSTRUMENT MANUFACTURING",C,NO CLAUSES INCLUDED AND NO SUSTAINABILITY INCLUDED,A,U.S. OWNED BUSINESS,000,NONE,Z,NOT IT PRODUCTS OR SERVICES,E,NOT REQUIRED,USA,UNITED STATES,D,MFG IN U.S.,B,PLAN NOT REQUIRED,B,NOT AVAILABLE FOR COMPETITION,SSS,ONLY ONE SOURCE,NONE,NO SET ASIDE USED.,NONE,NO PREFERENCE USED,,,,,IA,INTERNATIONAL AGREEMENT (FAR 6.302-4),1,D,COMMERCIAL ITEM PROCEDURES NOT USED,f,N,NO,N,NO,X,NOT APPLICABLE,N,NO,0.00,N,NO,X,NOT APPLICABLE,X,NOT APPLICABLE,X,NOT APPLICABLE,X,NOT APPLICABLE,,,,,,,,NONE,NONE,N,NO,X,NOT APPLICABLE EXEMPT FROM CAS,N,TRANSACTION DOES NOT USE GFE/GFP,U,UNKNOWN,D,NOT CONSOLIDATED,X,NOT APPLICABLE,N,NO,Z,NOT APPLICABLE,N,NO,X,NOT APPLICABLE,f,f,f,f,f,f,f,f,f,f,f,f,f,f,f,f,f,f,f,OTHER THAN SMALL BUSINESS,O,f,f,f,f,f,f,f,f,f,f,f,f,f,f,f,f,f,CORPORATE NOT TAX EXEMPT,t,f,f,f,f,f,f,f,f,f,f,f,f,f,f,f,f,t,f,f,f,f,f,f,f,f,f,f,t,f,f,f,f,f,f,f,f,f,f,f,f,f,f,f,f,f,f,f,f,f,,,,,,,,,,,https://www.usaspending.gov/award/CONT_AWD_FA869120C3100_9700_-NONE-_-NONE-/,2021-05-07 10:57:05+00
CONT_AWD_FA873020C0021_9700_-NONE-_-NONE-,FA873020C0021,,,,Q: Not Designated Nonemergency/Emergency/Disaster/Wildfire Suppression,,,,,749379.93,0.00,749379.93,749379.93,2019-12-16,2020,2021-04-22,2021,2019-12-16,2021-10-16,2021-10-16 00:00:00,,2019-09-25,097,Department of Defense,5700,Department of the Air Force,FA8730,FA8730  KESSEL RUN AFLCMC/HBBK,097,Department of Defense,5700,Department of the Air Force,F2BDAZ,F2BDAZ AFLCMC HBF,057-2019/2020-3600-000,057-3600,25.5: Research and development contracts,0001: BASIC RESEARCH,X,NOT APPLICABLE,,,C2J3K9NRE3L3,078359543,BLACK SWIFT TECHNOLOGIES LLC,BLACK SWIFT TECHNOLOGIES LLC,,6PGF9,C2J3K9NRE3L3,078359543,BLACK SWIFT TECHNOLOGIES LLC,BLACK SWIFT TECHNOLOGIES LLC,USA,UNITED STATES,3200 VALMONT RD STE 7,,BOULDER,08013,BOULDER,08,CO,COLORADO,803012137,CO-02,CO-02,7206389656,,USA,UNITED STATES,BOULDER,08013,BOULDER,08,CO,COLORADO,803015414,CO-02,CO-02,AWARD,D,DEFINITIVE CONTRACT,,,,,,,J,FIRM FIXED PRICE,UNMANNED AERIAL SYSTEM -  SMALL BUSINESS INNOVATION RESEARCH PHASE II- BLACK SWIFT-  SO UAS (THE MODIFIED UAS FOR THIS SBIR UNMANNED AIRCRAFT SYSTEM) ATMOSPHERIC SOUNDING,,1,OT,OTHER FUNCTIONS,AC63,R&D- DEFENSE SYSTEM: ELECTRONICS/COMMUNICATION EQUIPMENT (ADVANCED DEVELOPMENT),H,NOT BUNDLED,C9E,ALL OTHERS NOT IDENTIFIABLE TO ANY OTHER PROCUREMENT PROGRAM,541715,"RESEARCH AND DEVELOPMENT IN THE PHYSICAL, ENGINEERING, AND LIFE SCIENCES (EXCEPT NANOTECHNOLOGY AND BIOTECHNOLOGY)",C,NO CLAUSES INCLUDED AND NO SUSTAINABILITY INCLUDED,A,U.S. OWNED BUSINESS,000,NONE,Z,NOT IT PRODUCTS OR SERVICES,E,NOT REQUIRED,USA,UNITED STATES,C,NOT A MANUFACTURED END PRODUCT,B,PLAN NOT REQUIRED,D,FULL AND OPEN COMPETITION AFTER EXCLUSION OF SOURCES,NP,NEGOTIATED PROPOSAL/QUOTE,SBA,SMALL BUSINESS SET ASIDE - TOTAL,NONE,NO PREFERENCE USED,SR2,SMALL BUSINESS INNOVATION RESEARCH PROGRAM PHASE II ACTION,,,,,5,D,COMMERCIAL ITEM PROCEDURES NOT USED,f,N,NO,N,NO,X,NOT APPLICABLE,N,NO,0.00,N,NO,X,NOT APPLICABLE,X,NOT APPLICABLE,X,NOT APPLICABLE,X,NOT APPLICABLE,,,,,,,,NONE,NONE,W,NOT OBTAINED - WAIVED,X,NOT APPLICABLE EXEMPT FROM CAS,N,TRANSACTION DOES NOT USE GFE/GFP,U,UNKNOWN,D,NOT CONSOLIDATED,N,NO - SERVICE WHERE PBA IS NOT USED.,N,NO,Z,NOT APPLICABLE,N,NO,X,NOT APPLICABLE,f,f,f,f,f,f,f,f,f,f,f,f,f,f,f,f,f,f,f,SMALL BUSINESS,S,f,f,f,f,f,f,f,f,f,f,f,f,f,f,f,f,f,CORPORATE NOT TAX EXEMPT,t,f,f,f,f,f,f,f,f,f,f,f,f,f,f,f,f,t,f,f,f,f,f,f,f,f,t,f,t,f,f,f,f,f,f,f,f,f,f,f,f,f,f,f,f,f,f,f,f,f,,,,,,,,,,,https://www.usaspending.gov/award/CONT_AWD_FA873020C0021_9700_-NONE-_-NONE-/,2021-04-23 11:08:13+00
CONT_AWD_FA875017C0013_9700_-NONE-_-NONE-,FA875017C0013,,,,N: Emergency P.L. 116-136;Q: Not Designated Nonemergency/Emergency/Disaster/Wildfire Suppression,2930138.68,-2343462.68,,,38171066.00,2930138.68,38171066.00,38171066.00,2016-11-17,2017,2021-04-20,2021,2016-11-17,2021-09-15,2021-09-15 00:00:00,,,097,Department of Defense,5700,Department of the Air Force,FA8750,FA8750  AFRL RIK,097,Department of Defense,97AE,Defense Advanced Research Projects Agency,HR0011,DEF ADVANCED RESEARCH PROJECTS AGCY,097-2019/2020-0400-000;097-2020/2021-0400-000;097-2021/2022-0400-000,097-0400,25.5: Research and development contracts,0001: BASIC RESEARCH;OPTN: FIELD IS OPTIONAL PRIOR TO FY21,X,NOT APPLICABLE,,,KDSKEJQGLHZ1,079095114,KUDU DYNAMICS LLC,KUDU DYNAMICS LLC,,6Y8Z1,KDSKEJQGLHZ1,079095114,KUDU DYNAMICS LLC,KUDU DYNAMICS LLC,USA,UNITED STATES,14425 PENROSE PL STE 404,,CHANTILLY,51059,FAIRFAX,51,VA,VIRGINIA,201511766,VA-10,VA-11,7035271230,7037387392,USA,UNITED STATES,CHANTILLY,51059,FAIRFAX,51,VA,VIRGINIA,201511767,VA-10,VA-11,AWARD,D,DEFINITIVE CONTRACT,,,,,,,U,COST PLUS FIXED FEE,"IGF::OT::IGF WATCHING APT TOOLS, EXPLOITATION AND RESOURCES TO MACHINATE THE ATTRIBUTION OF REGIMENTS, GROUPS, INDIVIDUALS AND NATIONS(WATERMARGIN)",FA875016S0001,1,OT,OTHER FUNCTIONS,AD92,R&D- DEFENSE OTHER: OTHER (APPLIED RESEARCH/EXPLORATORY DEVELOPMENT),D,NOT A BUNDLED REQUIREMENT,A7,ELECTRONICS AND COMMUNICATION EQUIPMENT,541712,"RESEARCH AND DEVELOPMENT IN THE PHYSICAL, ENGINEERING, AND LIFE SCIENCES (EXCEPT BIOTECHNOLOGY)",C,NO CLAUSES INCLUDED AND NO SUSTAINABILITY INCLUDED,A,U.S. OWNED BUSINESS,000,NONE,Z,NOT IT PRODUCTS OR SERVICES,E,NOT REQUIRED,USA,UNITED STATES,C,NOT A MANUFACTURED END PRODUCT,B,PLAN NOT REQUIRED,A,FULL AND OPEN COMPETITION,BR,BASIC RESEARCH,NONE,NO SET ASIDE USED.,NONE,NO PREFERENCE USED,,,,,,,23,D,COMMERCIAL ITEM PROCEDURES NOT USED,f,N,NO,N,NO,Y,YES,N,NO,0.00,N,NO,X,NOT APPLICABLE,X,NOT APPLICABLE,X,NOT APPLICABLE,X,NOT APPLICABLE,,,,,,,,P20C,COVID-19 2020,N,NO,X,NOT APPLICABLE EXEMPT FROM CAS,N,TRANSACTION DOES NOT USE GFE/GFP,N,NO,N,NO,Y,YES - SERVICE WHERE PBA IS USED.,N,NO,Z,NOT APPLICABLE,N,NO,C,"PRESIDENTIAL ISSUED EMERGENCY DECLARATION, OR A MAJOR DISASTER DECLARATION",f,f,f,f,f,f,f,f,f,f,f,f,f,f,f,f,f,f,f,SMALL BUSINESS,S,f,f,f,f,f,f,f,f,f,f,f,f,f,f,f,f,f,CORPORATE NOT TAX EXEMPT,t,f,f,f,f,f,f,f,f,f,f,f,f,f,f,f,f,t,f,f,f,f,f,f,f,f,t,f,t,f,f,f,f,f,f,f,f,f,f,f,f,f,f,f,f,f,f,f,f,f,MIKE  FRANTZEN,268437.00,MATT  MONTE,275112.00,N/A  N/A,0.00,N/A  N/A,0.00,N/A  N/A,0.00,https://www.usaspending.gov/award/CONT_AWD_FA875017C0013_9700_-NONE-_-NONE-/,2021-04-21 08:06:06+00
CONT_AWD_FA875017C0118_9700_-NONE-_-NONE-,FA875017C0118,,,,Q: Not Designated Nonemergency/Emergency/Disaster/Wildfire Suppression,,,,,8005056.00,0.00,8005056.00,8005056.00,2017-05-04,2017,2021-04-19,2021,2017-05-04,2021-08-04,2021-08-04 00:00:00,,,097,Department of Defense,5700,Department of the Air Force,FA8750,FA8750  AFRL RIK,097,Department of Defense,97AE,Defense Advanced Research Projects Agency,HR0011,DEF ADVANCED RESEARCH PROJECTS AGCY,097-2019/2020-0400-000;097-2020/2021-0400-000;097-2021/2022-0400-000,097-0400,25.5: Research and development contracts,0001: BASIC RESEARCH,X,NOT APPLICABLE,,,DD1BYN8SN355,115243701,"CHARLES RIVER ANALYTICS, INC.","CHARLES RIVER ANALYTICS, INC.",,9W641,DD1BYN8SN355,115243701,"CHARLES RIVER ANALYTICS, INC.",CHARLES RIVER ANALYTICS  INC.,USA,UNITED STATES,625 MOUNT AUBURN ST STE 15,,CAMBRIDGE,25017,MIDDLESEX,25,MA,MASSACHUSETTS,021384556,MA-05,MA-05,6174913474,6178680780,USA,UNITED STATES,CAMBRIDGE,25017,MIDDLESEX,25,MA,MASSACHUSETTS,021384555,MA-05,MA-05,AWARD,D,DEFINITIVE CONTRACT,,,,,,,U,COST PLUS FIXED FEE,IGF::OT::IGF CAUSAL MODELS TO EXPLAIN LEARNING (CAMEL),FA875017S0001,1,OT,OTHER FUNCTIONS,AD92,R&D- DEFENSE OTHER: OTHER (APPLIED RESEARCH/EXPLORATORY DEVELOPMENT),H,NOT BUNDLED,A7,ELECTRONICS AND COMMUNICATION EQUIPMENT,541712,"RESEARCH AND DEVELOPMENT IN THE PHYSICAL, ENGINEERING, AND LIFE SCIENCES (EXCEPT BIOTECHNOLOGY)",C,NO CLAUSES INCLUDED AND NO SUSTAINABILITY INCLUDED,A,U.S. OWNED BUSINESS,000,NONE,Z,NOT IT PRODUCTS OR SERVICES,E,NOT REQUIRED,USA,UNITED STATES,C,NOT A MANUFACTURED END PRODUCT,B,PLAN NOT REQUIRED,A,FULL AND OPEN COMPETITION,BR,BASIC RESEARCH,NONE,NO SET ASIDE USED.,NONE,NO PREFERENCE USED,,,,,,,62,D,COMMERCIAL ITEM PROCEDURES NOT USED,f,N,NO,N,NO,Y,YES,N,NO,0.00,N,NO,X,NOT APPLICABLE,X,NOT APPLICABLE,X,NOT APPLICABLE,X,NOT APPLICABLE,,,,,,,,NONE,NONE,N,NO,X,NOT APPLICABLE EXEMPT FROM CAS,N,TRANSACTION DOES NOT USE GFE/GFP,N,NO,D,NOT CONSOLIDATED,Y,YES - SERVICE WHERE PBA IS USED.,N,NO,Z,NOT APPLICABLE,N,NO,X,NOT APPLICABLE,f,f,f,f,f,f,f,f,f,f,f,f,f,f,f,f,f,f,f,SMALL BUSINESS,S,f,f,f,f,f,f,f,f,f,f,f,f,f,f,f,f,f,CORPORATE NOT TAX EXEMPT,t,f,f,f,f,f,f,f,f,f,f,f,f,f,f,f,f,t,f,f,f,f,f,f,f,t,f,f,t,f,f,f,f,f,f,f,f,f,f,f,f,f,f,f,f,f,f,f,f,f,DONALD S REYNOLDS,250706.00,KAREN A HARPER,321192.00,AVROM J PFEFFER,267375.00,WILLIAM S NEAL REILLY,296334.00,BRAD E ROSENBERG,245236.00,https://www.usaspending.gov/award/CONT_AWD_FA875017C0118_9700_-NONE-_-NONE-/,2021-04-21 08:04:01+00
CONT_AWD_FA875021C0507_9700_-NONE-_-NONE-,FA875021C0507,,,,,,,,,749996.00,,749996.00,749996.00,2021-04-22,2021,2021-04-22,2021,2021-04-22,2023-04-28,2023-04-28 00:00:00,,2019-01-08,097,Department of Defense,5700,Department of the Air Force,FA8750,FA8750  AFRL RIK,097,Department of Defense,5700,Department of the Air Force,F4FBEQ,F4FBEQ AFRL RGF,,,,,X,NOT APPLICABLE,,,DWYDDUG3N571,,"TRUSTED SCIENCE AND TECHNOLOGY, INC.","TRUSTED SCIENCE AND TECHNOLOGY, INC.",,85F59,DWYDDUG3N571,,"TRUSTED SCIENCE AND TECHNOLOGY, INC.",TRUSTED SCIENCE AND TECHNOLOGY  INC.,USA,UNITED STATES,5603 GROSVENOR LN,,BETHESDA,24031,MONTGOMERY,24,MD,MARYLAND,208142125,MD-08,MD-08,2403082773,,USA,UNITED STATES,BETHESDA,24031,MONTGOMERY,24,MD,MARYLAND,208142125,MD-08,MD-08,AWARD,D,DEFINITIVE CONTRACT,,,,,,,J,FIRM FIXED PRICE,OPEN SOURCE-BASED FORMALLY ASSURED TESTING SYSTEM (OATS),,1,OT,OTHER FUNCTIONS,AC12,NATIONAL DEFENSE R&D SERVICES; DEPARTMENT OF DEFENSE - MILITARY; APPLIED RESEARCH,H,NOT BUNDLED,A7,ELECTRONICS AND COMMUNICATION EQUIPMENT,541715,"RESEARCH AND DEVELOPMENT IN THE PHYSICAL, ENGINEERING, AND LIFE SCIENCES (EXCEPT NANOTECHNOLOGY AND BIOTECHNOLOGY)",C,NO CLAUSES INCLUDED AND NO SUSTAINABILITY INCLUDED,A,U.S. OWNED BUSINESS,000,NONE,Z,NOT IT PRODUCTS OR SERVICES,E,NOT REQUIRED,USA,UNITED STATES,C,NOT A MANUFACTURED END PRODUCT,B,PLAN NOT REQUIRED,D,FULL AND OPEN COMPETITION AFTER EXCLUSION OF SOURCES,NP,NEGOTIATED PROPOSAL/QUOTE,SBA,SMALL BUSINESS SET ASIDE - TOTAL,NONE,NO PREFERENCE USED,SR2,SMALL BUSINESS INNOVATION RESEARCH PROGRAM PHASE II ACTION,,,,,11,D,COMMERCIAL ITEM PROCEDURES NOT USED,f,N,NO,N,NO,X,NOT APPLICABLE,N,NO,0.00,N,NO,X,NOT APPLICABLE,X,NOT APPLICABLE,X,NOT APPLICABLE,X,NOT APPLICABLE,,,,,,,,NONE,NONE,N,NO,X,NOT APPLICABLE EXEMPT FROM CAS,N,TRANSACTION DOES NOT USE GFE/GFP,N,NO,D,NOT CONSOLIDATED,Y,YES - SERVICE WHERE PBA IS USED.,N,NO,Z,NOT APPLICABLE,N,NO,X,NOT APPLICABLE,f,f,f,f,f,f,f,f,f,f,f,f,f,f,f,f,f,f,f,SMALL BUSINESS,S,f,f,f,f,f,f,f,f,f,f,f,f,f,f,f,f,f,CORPORATE NOT TAX EXEMPT,t,f,f,f,f,f,f,f,f,f,f,f,f,f,f,f,f,t,f,f,f,f,f,f,f,f,f,f,t,f,f,f,f,f,f,f,f,f,f,f,f,f,f,f,f,t,f,f,f,f,,,,,,,,,,,https://www.usaspending.gov/award/CONT_AWD_FA875021C0507_9700_-NONE-_-NONE-/,2023-09-12 07:19:23+00
CONT_AWD_FA875021C0508_9700_-NONE-_-NONE-,FA875021C0508,,,,Q: Not Designated Nonemergency/Emergency/Disaster/Wildfire Suppression,,,,,712635.00,0.00,712635.00,712635.00,2021-04-16,2021,2021-04-16,2021,2021-04-16,2023-04-17,2023-04-17 00:00:00,,2021-01-14,097,Department of Defense,5700,Department of the Air Force,FA8750,FA8750  AFRL RIK,097,Department of Defense,5700,Department of the Air Force,F4FBEQ,F4FBEQ AFRL RGF,057-2020/2021-3600-000,057-3600,25.5: Research and development contracts,0001: BASIC RESEARCH,X,NOT APPLICABLE,,,FAK5JKUKRXJ1,,INFORMATION SYSTEMS LABORATORIES INC,"INFORMATION SYSTEMS LABORATORIES, INC.",,06BZ5,FAK5JKUKRXJ1,,INFORMATION SYSTEMS LABORATORIES INC,INFORMATION SYSTEMS LABORATORIES INC,USA,UNITED STATES,12900 BROOKPRINTER PL STE 800,,POWAY,06073,SAN DIEGO,06,CA,CALIFORNIA,920646875,CA-52,CA-48,8585359680,8585540313,USA,UNITED STATES,POWAY,06073,SAN DIEGO,06,CA,CALIFORNIA,920646875,CA-52,CA-48,AWARD,D,DEFINITIVE CONTRACT,,,,,,,U,COST PLUS FIXED FEE,MULTI-PHYSICS DISTRIBUTED DEEP LEARNING FOR MULTI-INT FUSION,,1,OT,OTHER FUNCTIONS,AC12,NATIONAL DEFENSE R&D SERVICES; DEPARTMENT OF DEFENSE - MILITARY; APPLIED RESEARCH,H,NOT BUNDLED,A7,ELECTRONICS AND COMMUNICATION EQUIPMENT,541715,"RESEARCH AND DEVELOPMENT IN THE PHYSICAL, ENGINEERING, AND LIFE SCIENCES (EXCEPT NANOTECHNOLOGY AND BIOTECHNOLOGY)",C,NO CLAUSES INCLUDED AND NO SUSTAINABILITY INCLUDED,A,U.S. OWNED BUSINESS,000,NONE,Z,NOT IT PRODUCTS OR SERVICES,E,NOT REQUIRED,USA,UNITED STATES,C,NOT A MANUFACTURED END PRODUCT,B,PLAN NOT REQUIRED,D,FULL AND OPEN COMPETITION AFTER EXCLUSION OF SOURCES,NP,NEGOTIATED PROPOSAL/QUOTE,SBA,SMALL BUSINESS SET ASIDE - TOTAL,NONE,NO PREFERENCE USED,SR2,SMALL BUSINESS INNOVATION RESEARCH PROGRAM PHASE II ACTION,,,,,19,D,COMMERCIAL ITEM PROCEDURES NOT USED,f,N,NO,N,NO,X,NOT APPLICABLE,N,NO,0.00,N,NO,X,NOT APPLICABLE,X,NOT APPLICABLE,X,NOT APPLICABLE,X,NOT APPLICABLE,,,,,,,,NONE,NONE,N,NO,X,NOT APPLICABLE EXEMPT FROM CAS,N,TRANSACTION DOES NOT USE GFE/GFP,N,NO,D,NOT CONSOLIDATED,Y,YES - SERVICE WHERE PBA IS USED.,N,NO,Z,NOT APPLICABLE,N,NO,X,NOT APPLICABLE,f,f,f,f,f,f,f,f,f,f,f,f,f,f,f,f,f,f,f,SMALL BUSINESS,S,f,f,f,f,f,f,f,f,f,f,f,f,f,f,f,f,f,CORPORATE NOT TAX EXEMPT,t,f,f,f,f,f,f,f,f,f,f,f,f,f,f,f,f,t,f,f,f,f,f,f,f,f,f,f,t,f,f,f,f,f,f,f,f,f,f,f,f,f,f,f,f,f,f,f,f,f,,,,,,,,,,,https://www.usaspending.gov/award/CONT_AWD_FA875021C0508_9700_-NONE-_-NONE-/,2024-12-04 06:27:20+00
CONT_AWD_FA945108C0103_9700_-NONE-_-NONE-,FA945108C0103,,,,,,,,,746340.97,,2246330.97,2246330.97,2008-06-18,2008,2021-04-20,2021,2008-06-18,2011-04-18,2011-04-18 00:00:00,,,097,Department of Defense,9763,Defense Contract Management Agency,S2204A,DCMA EASTERN REGIONAL COMMAND,097,Department of Defense,5700,Department of the Air Force,FA9451,FA9451  AFRL RDK,,,,,X,NOT APPLICABLE,,,EB3UZASP8HN6,132485181,"COHERENT APPLICATIONS, INC.",COHERENT APPLICATIONS INC,C A I,3FZ43,EB3UZASP8HN6,132485181,"COHERENT APPLICATIONS, INC.",COHERENT APPLICATIONS  INC.,USA,UNITED STATES,7 SANDPIPER CT,,HAMPTON,51650,HAMPTON (CITY),51,VA,VIRGINIA,236691136,VA-03,VA-03,,,USA,UNITED STATES,HAMPTON,51650,HAMPTON CITY,51,VA,VIRGINIA,236666264,VA-03,VA-03,AWARD,D,DEFINITIVE CONTRACT,,,,,,,U,COST PLUS FIXED FEE,LASER REMOTE SENSING FOR HEL DAMAGE ASSESSMENT,,1,,,AC52,R&D- DEFENSE SYSTEM: WEAPONS (APPLIED RESEARCH/EXPLORATORY DEVELOPMENT),D,NOT A BUNDLED REQUIREMENT,A5,WEAPONS,541712,"RESEARCH AND DEVELOPMENT IN THE PHYSICAL, ENGINEERING, AND LIFE SCIENCES (EXCEPT BIOTECHNOLOGY)",C,NO CLAUSES INCLUDED AND NO SUSTAINABILITY INCLUDED,,,000,NONE,Z,NOT IT PRODUCTS OR SERVICES,E,NOT REQUIRED,USA,UNITED STATES,A,"PERFORMED OR MANUFACTURED IN US, BUT SERVICES PERFORMED BY A FOREIGN CONCERN OR MORE THAN 50% FOREIGN CONTENT",B,PLAN NOT REQUIRED,D,FULL AND OPEN COMPETITION AFTER EXCLUSION OF SOURCES,NP,NEGOTIATED PROPOSAL/QUOTE,SBA,SMALL BUSINESS SET ASIDE - TOTAL,NONE,NO PREFERENCE USED,SR2,SMALL BUSINESS INNOVATION RESEARCH PROGRAM PHASE II ACTION,,,,,2,D,COMMERCIAL ITEM PROCEDURES NOT USED,f,N,NO,N,NO,Y,YES,,,0.00,N,NO,X,NOT APPLICABLE,N,NO,X,NOT APPLICABLE,X,NOT APPLICABLE,,,,,,,,NONE,NONE,Y,YES,X,NOT APPLICABLE EXEMPT FROM CAS,Y,TRANSACTION USES GFE/GFP,U,UNKNOWN,N,NO,N,NO - SERVICE WHERE PBA IS NOT USED.,N,NO,Z,NOT APPLICABLE,N,NO,X,NOT APPLICABLE,f,f,f,f,f,f,f,f,f,f,f,f,t,f,f,f,t,f,f,SMALL BUSINESS,S,f,f,f,f,f,f,f,f,f,f,f,f,f,f,f,f,f,CORPORATE NOT TAX EXEMPT,t,f,f,f,f,f,f,f,f,f,f,f,f,f,f,t,f,f,f,f,f,f,f,f,f,f,f,f,t,f,f,f,f,f,f,f,f,f,f,f,f,f,f,f,f,t,f,f,f,f,,,,,,,,,,,https://www.usaspending.gov/award/CONT_AWD_FA945108C0103_9700_-NONE-_-NONE-/,2021-07-09 08:16:35+00
CONT_AWD_FA945320C2002_9700_-NONE-_-NONE-,FA945320C2002,,,,N: Emergency P.L. 116-136;Q: Not Designated Nonemergency/Emergency/Disaster/Wildfire Suppression,43257.74,-476554.69,,,571740.00,129805.36,1648555.00,3566860.00,2020-02-26,2020,2021-04-20,2021,2020-02-26,2021-01-31,2021-01-31 00:00:00,,2019-07-31,097,Department of Defense,5700,Department of the Air Force,FA9453,FA9453  AFRL RVK,097,Department of Defense,5700,Department of the Air Force,F2KBAA,AFRL RVF,057-2019/2020-3600-000;057-2020/2021-3600-000,057-3600,25.5: Research and development contracts,0001: BASIC RESEARCH;OPTN: FIELD IS OPTIONAL PRIOR TO FY21,X,NOT APPLICABLE,,,GWFBQY413N79,,NORTHROP GRUMMAN SYSTEMS CORPORATION,NORTHROP GRUMMAN SYSTEMS CORPORATION,,06481,NKVZLJL93QT6,,NORTHROP GRUMMAN CORPORATION,NORTHROP GRUMMAN CORPORATION,USA,UNITED STATES,21240 BURBANK BLVD,,WOODLAND HILLS,06037,LOS ANGELES,06,CA,CALIFORNIA,913676675,CA-30,CA-32,8187153607,,USA,UNITED STATES,WOODLAND HILLS,06037,LOS ANGELES,06,CA,CALIFORNIA,913676675,CA-30,CA-32,AWARD,D,DEFINITIVE CONTRACT,,,,,,,U,COST PLUS FIXED FEE,SYSTEM DEMONSTRATING ADVANCED SPACE-BASED SIGNALING AND PROCESSING TO PROVIDE RESILIENT PNT,FA945317S0005,1,OT,OTHER FUNCTIONS,AC22,NATIONAL DEFENSE R&D SERVICES; ATOMIC ENERGY DEFENSE ACTIVITIES; APPLIED RESEARCH,H,NOT BUNDLED,A2,MISSILE AND SPACE SYSTEMS,541715,"RESEARCH AND DEVELOPMENT IN THE PHYSICAL, ENGINEERING, AND LIFE SCIENCES (EXCEPT NANOTECHNOLOGY AND BIOTECHNOLOGY)",C,NO CLAUSES INCLUDED AND NO SUSTAINABILITY INCLUDED,A,U.S. OWNED BUSINESS,000,NONE,Z,NOT IT PRODUCTS OR SERVICES,E,NOT REQUIRED,USA,UNITED STATES,C,NOT A MANUFACTURED END PRODUCT,H,DOD COMPREHENSIVE SUBCONTRACT PLAN,A,FULL AND OPEN COMPETITION,TS,TWO STEP,NONE,NO SET ASIDE USED.,NONE,NO PREFERENCE USED,,,,,,,4,D,COMMERCIAL ITEM PROCEDURES NOT USED,f,N,NO,N,NO,X,NOT APPLICABLE,N,NO,0.00,N,NO,X,NOT APPLICABLE,X,NOT APPLICABLE,X,NOT APPLICABLE,X,NOT APPLICABLE,,,,,,,,NONE,NONE,Y,YES,Y,YES - CAS CLAUSE INCLUDED,N,TRANSACTION DOES NOT USE GFE/GFP,N,NO,D,NOT CONSOLIDATED,Y,YES - SERVICE WHERE PBA IS USED.,N,NO,Z,NOT APPLICABLE,N,NO,X,NOT APPLICABLE,f,f,f,f,f,f,f,f,f,f,f,f,f,f,f,f,f,f,f,OTHER THAN SMALL BUSINESS,O,f,f,f,f,f,f,f,f,f,f,f,f,f,f,f,f,f,CORPORATE NOT TAX EXEMPT,t,f,f,f,f,f,f,f,f,f,f,f,t,f,f,f,f,t,f,f,f,f,f,f,f,f,f,f,t,f,f,f,f,f,f,f,f,f,f,f,f,f,f,f,f,f,f,f,f,f,,,,,,,,,,,https://www.usaspending.gov/award/CONT_AWD_FA945320C2002_9700_-NONE-_-NONE-/,2025-04-22 16:50:17+00
CONT_AWD_H9222214C0003_9700_-NONE-_-NONE-,H9222214C0003,,,,,,,,,13665590.81,,13730658.49,13930658.49,2013-11-27,2014,2021-04-21,2021,2013-11-29,2015-11-23,2015-11-23 00:00:00,,,097,Department of Defense,9763,Defense Contract Management Agency,S1002A,DCMA SOUTHEAST,097,Department of Defense,97ZS,U.S. Special Operations Command,H92222,HQUSSOCOM,,,,,X,NOT APPLICABLE,,,GESMUL9PADB9,,LOCKHEED MARTIN CORPORATION,LOCKHEED MARTIN CORPORATION,,55316,ZFN2JJXBLZT3,,LOCKHEED MARTIN CORP,LOCKHEED MARTIN CORPORATION,USA,UNITED STATES,100 E 17TH ST,,RIVIERA BEACH,12099,PALM BEACH,12,FL,FLORIDA,334045664,FL-20,FL-20,5614942310,5614942044,USA,UNITED STATES,RIVIERA BEACH,12099,PALM BEACH,12,FL,FLORIDA,334045664,FL-20,FL-20,AWARD,D,DEFINITIVE CONTRACT,,,,,,,J,FIRM FIXED PRICE,UOES1-TEST PLATFORM (LEASE OF S301I),H9222213R0066,1,OT,OTHER FUNCTIONS,W019,"LEASE OR RENTAL OF EQUIPMENT- SHIPS, SMALL CRAFT, PONTOONS, AND FLOATING DOCKS",D,NOT A BUNDLED REQUIREMENT,A3,SHIPS,532411,"COMMERCIAL AIR, RAIL, AND WATER TRANSPORTATION EQUIPMENT RENTAL AND LEASING",C,NO CLAUSES INCLUDED AND NO SUSTAINABILITY INCLUDED,A,U.S. OWNED BUSINESS,000,NONE,Z,NOT IT PRODUCTS OR SERVICES,E,NOT REQUIRED,USA,UNITED STATES,C,NOT A MANUFACTURED END PRODUCT,C,PLAN REQUIRED - INCENTIVE NOT INCLUDED,C,NOT COMPETED,SSS,ONLY ONE SOURCE,NONE,NO SET ASIDE USED.,NONE,NO PREFERENCE USED,,,,,ONE,ONLY ONE SOURCE-OTHER (FAR 6.302-1 OTHER),1,D,COMMERCIAL ITEM PROCEDURES NOT USED,f,N,NO,N,NO,Y,YES,N,NO,0.00,N,NO,Y,YES,X,NOT APPLICABLE,N,NO,X,NOT APPLICABLE,,,,,,,,NONE,NONE,Y,YES,Y,YES - CAS CLAUSE INCLUDED,N,TRANSACTION DOES NOT USE GFE/GFP,U,UNKNOWN,N,NO,N,NO - SERVICE WHERE PBA IS NOT USED.,N,NO,A,FAR 52.232-16 PROGRESS PAYMENTS,N,NO,X,NOT APPLICABLE,f,f,f,f,f,f,f,f,f,f,f,f,f,f,f,f,f,f,f,OTHER THAN SMALL BUSINESS,O,f,f,f,f,f,f,f,f,f,f,f,f,f,f,f,f,f,CORPORATE NOT TAX EXEMPT,t,f,f,f,f,f,f,f,f,f,f,f,t,f,f,f,f,t,f,f,f,f,f,f,f,f,f,f,t,f,f,f,f,f,f,f,f,f,f,f,f,f,f,f,f,f,f,f,f,f,,,,,,,,,,,https://www.usaspending.gov/award/CONT_AWD_H9222214C0003_9700_-NONE-_-NONE-/,2025-04-22 16:50:17+00
CONT_AWD_HC108421C0003_9700_-NONE-_-NONE-,HC108421C0003,,,,,,,,,1870484.80,,2814572.50,4457007.77,2021-02-12,2021,2021-04-20,2021,2021-02-14,2022-02-13,2022-09-13 00:00:00,,2021-01-28,097,Department of Defense,97AK,Defense Information Systems Agency,HC1084,IT CONTRACTING DIVISION - PL84,097,Department of Defense,97AK,Defense Information Systems Agency,HC1084,IT CONTRACTING DIVISION - PL84,,,,,X,NOT APPLICABLE,,,ENGMGKYMQVC7,800303427,CONCERAS LLC,"CONCERAS, LLC",,4SCX1,ENGMGKYMQVC7,800303427,CONCERAS LLC,TGW CONSULTING  LLC,USA,UNITED STATES,"11350 RANDOM HILLS ROAD, 8TH FLOOR",,FAIRFAX,51059,FAIRFAX,51,VA,VIRGINIA,220306044,VA-11,VA-11,7039898696,7035639387,USA,UNITED STATES,FAIRFAX,51059,FAIRFAX,51,VA,VIRGINIA,220306044,VA-11,VA-11,AWARD,D,DEFINITIVE CONTRACT,,,,,,,J,FIRM FIXED PRICE,NBIS/IA/RMF/CYBERSECURITY,HC108421R0004,1,"CL,CT","CLOSELY ASSOCIATED,CRITICAL FUNCTIONS",R425,SUPPORT- PROFESSIONAL: ENGINEERING/TECHNICAL,H,NOT BUNDLED,S1,SERVICES,541519,OTHER COMPUTER RELATED SERVICES,C,NO CLAUSES INCLUDED AND NO SUSTAINABILITY INCLUDED,A,U.S. OWNED BUSINESS,000,NONE,Z,NOT IT PRODUCTS OR SERVICES,E,NOT REQUIRED,USA,UNITED STATES,C,NOT A MANUFACTURED END PRODUCT,B,PLAN NOT REQUIRED,B,NOT AVAILABLE FOR COMPETITION,SSS,ONLY ONE SOURCE,8AN,8(A) SOLE SOURCE,NONE,NO PREFERENCE USED,,,,,OTH,AUTHORIZED BY STATUTE (FAR 6.302-5(A)(2)(I)),1,A,COMMERCIAL ITEM,f,N,NO,N,NO,N,NO,N,NO,0.00,N,NO,X,NOT APPLICABLE,X,NOT APPLICABLE,X,NOT APPLICABLE,X,NOT APPLICABLE,,,,,,,,NONE,NONE,N,NO,X,NOT APPLICABLE EXEMPT FROM CAS,Y,TRANSACTION USES GFE/GFP,N,NO,D,NOT CONSOLIDATED,Y,YES - SERVICE WHERE PBA IS USED.,N,NO,Z,NOT APPLICABLE,N,NO,X,NOT APPLICABLE,f,f,f,f,f,f,f,f,f,f,f,f,t,f,t,f,f,f,f,SMALL BUSINESS,S,f,f,f,f,f,f,f,f,f,f,f,f,f,f,f,f,f,PARTNERSHIP,f,f,t,f,f,f,f,f,f,f,f,f,f,f,f,f,f,t,f,f,f,f,f,f,f,f,t,f,t,f,f,f,f,f,f,f,f,f,f,f,f,f,f,f,f,t,f,t,f,f,,,,,,,,,,,https://www.usaspending.gov/award/CONT_AWD_HC108421C0003_9700_-NONE-_-NONE-/,2021-04-20 16:05:36+00
CONT_AWD_HDEC0513C0012_9700_-NONE-_-NONE-,HDEC0513C0012,,,,,,,,,279522.24,,320517.69,320817.69,2013-03-15,2013,2021-04-16,2021,2013-04-01,2018-06-30,2018-06-30 00:00:00,,,097,Department of Defense,97AZ,Defense Commissary Agency,HDEC05,DEFENSE COMMISSARY AGENCY,097,Department of Defense,97AZ,Defense Commissary Agency,HDEC05,DEFENSE COMMISSARY AGENCY,,,,,X,NOT APPLICABLE,,,WKNHD77NJG69,056370109,LOOMIS ARMORED US LLC,"LOOMIS ARMORED US, LLC",,1FGN3,M2ZCLJMNXEV4,508009441,"LOOMIS ARMORED US, LLC",LOOMIS ARMORED US  LLC,USA,UNITED STATES,2500 CITYWEST BLVD STE 900,,HOUSTON,48201,HARRIS,48,TX,TEXAS,770423000,TX-07,TX-07,7134356777,7134356919,USA,UNITED STATES,HOUSTON,48201,HARRIS,48,TX,TEXAS,770423000,TX-07,TX-07,AWARD,D,DEFINITIVE CONTRACT,,,,,,,J,FIRM FIXED PRICE,"IGF::CT::IGF ARMORED CAR SERVICES FOR THE KINGS BAY, LITTLE ROCK, AND MOODY AFB COMMISSARIES.",HDEC0513R0003,1,CT,CRITICAL FUNCTIONS,S206,HOUSEKEEPING- GUARD,D,NOT A BUNDLED REQUIREMENT,S1,SERVICES,561613,ARMORED CAR SERVICES,C,NO CLAUSES INCLUDED AND NO SUSTAINABILITY INCLUDED,A,U.S. OWNED BUSINESS,000,NONE,Z,NOT IT PRODUCTS OR SERVICES,E,NOT REQUIRED,USA,UNITED STATES,C,NOT A MANUFACTURED END PRODUCT,B,PLAN NOT REQUIRED,A,FULL AND OPEN COMPETITION,NP,NEGOTIATED PROPOSAL/QUOTE,NONE,NO SET ASIDE USED.,NONE,NO PREFERENCE USED,,,,,,,4,A,COMMERCIAL ITEM,f,N,NO,N,NO,Y,YES,N,NO,0.00,N,NO,X,NOT APPLICABLE,Y,YES,X,NOT APPLICABLE,X,NOT APPLICABLE,,,,,,,,NONE,NONE,N,NO,X,NOT APPLICABLE EXEMPT FROM CAS,N,TRANSACTION DOES NOT USE GFE/GFP,N,NO,N,NO,N,NO - SERVICE WHERE PBA IS NOT USED.,N,NO,Z,NOT APPLICABLE,N,NO,X,NOT APPLICABLE,f,f,f,f,f,f,f,f,f,f,f,f,f,f,f,f,f,f,f,OTHER THAN SMALL BUSINESS,O,f,f,f,f,f,f,f,f,f,f,f,f,f,f,f,f,f,CORPORATE NOT TAX EXEMPT,t,f,f,f,f,f,f,f,f,f,f,f,f,f,f,f,f,t,f,f,f,f,f,f,f,f,f,f,t,f,f,f,f,f,f,f,f,f,f,f,f,f,f,f,f,f,f,f,f,f,,,,,,,,,,,https://www.usaspending.gov/award/CONT_AWD_HDEC0513C0012_9700_-NONE-_-NONE-/,2021-04-16 13:15:37+00
CONT_AWD_HDEC0513C0014_9700_-NONE-_-NONE-,HDEC0513C0014,,,,,,,,,325076.78,,347490.48,347490.48,2013-06-10,2013,2021-04-16,2021,2013-07-01,2018-12-31,2018-12-31 00:00:00,,,097,Department of Defense,97AZ,Defense Commissary Agency,HDEC05,DEFENSE COMMISSARY AGENCY,097,Department of Defense,97AZ,Defense Commissary Agency,HDEC05,DEFENSE COMMISSARY AGENCY,,,,,X,NOT APPLICABLE,,,WKNHD77NJG69,056370109,LOOMIS ARMORED US LLC,"LOOMIS ARMORED US, LLC",,1FGN3,M2ZCLJMNXEV4,508009441,"LOOMIS ARMORED US, LLC",LOOMIS ARMORED US  LLC,USA,UNITED STATES,2500 CITYWEST BLVD STE 900,,HOUSTON,48201,HARRIS,48,TX,TEXAS,770423000,TX-07,TX-07,7134356777,7134356919,USA,UNITED STATES,HOUSTON,48201,HARRIS,48,TX,TEXAS,770423000,TX-07,TX-07,AWARD,D,DEFINITIVE CONTRACT,,,,,,,J,FIRM FIXED PRICE,"IGF::CT::IGF ARMORED CAR SERVICES FOR THE BRIDGEPORT, FORT HAMILTON, HILL AFB, MITCHEL FIELD, PORTSMOUTH, AND SARATOGA SPRINGS COMMISSARIES.",HDEC0513T0018,1,CT,CRITICAL FUNCTIONS,S206,HOUSEKEEPING- GUARD,D,NOT A BUNDLED REQUIREMENT,S1,SERVICES,561613,ARMORED CAR SERVICES,C,NO CLAUSES INCLUDED AND NO SUSTAINABILITY INCLUDED,A,U.S. OWNED BUSINESS,000,NONE,Z,NOT IT PRODUCTS OR SERVICES,E,NOT REQUIRED,USA,UNITED STATES,C,NOT A MANUFACTURED END PRODUCT,B,PLAN NOT REQUIRED,F,COMPETED UNDER SAP,SP1,SIMPLIFIED ACQUISITION,NONE,NO SET ASIDE USED.,NONE,NO PREFERENCE USED,,,,,,,4,A,COMMERCIAL ITEM,f,Y,YES,N,NO,Y,YES,N,NO,0.00,N,NO,X,NOT APPLICABLE,Y,YES,X,NOT APPLICABLE,X,NOT APPLICABLE,,,,,,,,NONE,NONE,N,NO,X,NOT APPLICABLE EXEMPT FROM CAS,N,TRANSACTION DOES NOT USE GFE/GFP,N,NO,N,NO,N,NO - SERVICE WHERE PBA IS NOT USED.,N,NO,Z,NOT APPLICABLE,N,NO,X,NOT APPLICABLE,f,f,f,f,f,f,f,f,f,f,f,f,f,f,f,f,f,f,f,OTHER THAN SMALL BUSINESS,O,f,f,f,f,f,f,f,f,f,f,f,f,f,f,f,f,f,CORPORATE NOT TAX EXEMPT,t,f,f,f,f,f,f,f,f,f,f,f,f,f,f,f,f,t,f,f,f,f,f,f,f,f,f,f,t,f,f,f,f,f,f,f,f,f,f,f,f,f,f,f,f,f,f,f,f,f,,,,,,,,,,,https://www.usaspending.gov/award/CONT_AWD_HDEC0513C0014_9700_-NONE-_-NONE-/,2021-04-16 13:07:38+00
CONT_AWD_HDEC0812C0003_9700_-NONE-_-NONE-,HDEC0812C0003,,,,,,,,,2570870.75,,2983966.23,2983966.23,2011-10-26,2012,2021-04-23,2021,2011-10-26,2017-02-28,2017-02-28 00:00:00,,,097,Department of Defense,97AZ,Defense Commissary Agency,HDEC08,DEFENSE COMMISSARY AGENCY,097,Department of Defense,97AZ,Defense Commissary Agency,HDEC08,DEFENSE COMMISSARY AGENCY,,,,,X,NOT APPLICABLE,,,WFN1L9K1LAL5,069263523,"CW RESOURCES, INC.",CW RESOURCES INC,,9N853,K61UY713QX87,849889662,CW GROUP INC,CW GROUP INC,USA,UNITED STATES,200 MYRTLE ST,,NEW BRITAIN,09003,HARTFORD,09,CT,CONNECTICUT,060534160,CT-05,CT-05,8602297700,8602296847,USA,UNITED STATES,BELLE CHASSE,22075,PLAQUEMINES,22,LA,LOUISIANA,700371637,LA-01,LA-01,AWARD,D,DEFINITIVE CONTRACT,,,,,,,J,FIRM FIXED PRICE,"SHELF STOCKING, RSHA AND CUSTODIAL OPERATIONS",,1,,,S299,HOUSEKEEPING- OTHER,D,NOT A BUNDLED REQUIREMENT,S1,SERVICES,561990,ALL OTHER SUPPORT SERVICES,C,NO CLAUSES INCLUDED AND NO SUSTAINABILITY INCLUDED,A,U.S. OWNED BUSINESS,000,NONE,Z,NOT IT PRODUCTS OR SERVICES,E,NOT REQUIRED,USA,UNITED STATES,C,NOT A MANUFACTURED END PRODUCT,B,PLAN NOT REQUIRED,B,NOT AVAILABLE FOR COMPETITION,SSS,ONLY ONE SOURCE,NONE,NO SET ASIDE USED.,NONE,NO PREFERENCE USED,,,,,OTH,AUTHORIZED BY STATUTE (FAR 6.302-5(A)(2)(I)),1,D,COMMERCIAL ITEM PROCEDURES NOT USED,f,N,NO,N,NO,Y,YES,N,NO,0.00,N,NO,X,NOT APPLICABLE,Y,YES,X,NOT APPLICABLE,X,NOT APPLICABLE,,,,,,,,NONE,NONE,N,NO,X,NOT APPLICABLE EXEMPT FROM CAS,N,TRANSACTION DOES NOT USE GFE/GFP,U,UNKNOWN,N,NO,Y,YES - SERVICE WHERE PBA IS USED.,N,NO,Z,NOT APPLICABLE,N,NO,X,NOT APPLICABLE,f,f,f,f,f,f,f,f,f,f,f,f,f,f,f,f,f,f,f,OTHER THAN SMALL BUSINESS,O,f,f,t,f,f,f,f,f,f,f,f,f,f,f,f,f,f,CORPORATE TAX EXEMPT,f,t,f,f,f,f,f,f,f,f,f,f,t,f,f,f,f,t,f,f,f,f,f,f,f,f,f,f,f,t,f,t,f,f,f,f,f,f,f,f,f,f,f,f,f,f,f,f,f,f,,,,,,,,,,,https://www.usaspending.gov/award/CONT_AWD_HDEC0812C0003_9700_-NONE-_-NONE-/,2021-04-23 09:08:27+00
CONT_AWD_HDEC0812C0022_9700_-NONE-_-NONE-,HDEC0812C0022,,,,,,,,,3859388.35,,4381589.84,4381589.84,2012-06-30,2012,2021-04-23,2021,2012-06-30,2021-03-31,2021-03-31 00:00:00,,,097,Department of Defense,97AZ,Defense Commissary Agency,HDEC08,DEFENSE COMMISSARY AGENCY,097,Department of Defense,97AZ,Defense Commissary Agency,HDEC08,DEFENSE COMMISSARY AGENCY,,,,,X,NOT APPLICABLE,,,PJT2PNMTQGN6,037790201,"W. HARRIS, GOVERNMENT SERVICES CONTRACTOR, INC.","W. HARRIS, GOVERNMENT SERVICES CONTRACTOR, INC.",,1DKN5,PJT2PNMTQGN6,037790201,"W. HARRIS, GOVERNMENT SERVICES CONTRACTOR, INC.",W. HARRIS  GOVERNMENT SERVICES CONTRACTOR  INC.,USA,UNITED STATES,PMB 227 104 E FAIRVIEW AVE,,MERIDIAN,16001,ADA,16,ID,IDAHO,836421733,ID-01,ID-01,2088984742,2088984792,USA,UNITED STATES,HOLLOMAN AFB,35035,OTERO,35,NM,NEW MEXICO,883308286,NM-02,NM-02,AWARD,D,DEFINITIVE CONTRACT,,,,,,,J,FIRM FIXED PRICE,"SHELF STOCKING, CUSTODIAL AND RSHA OPERATIONS",HDEC0811R0008,1,CT,CRITICAL FUNCTIONS,S299,HOUSEKEEPING- OTHER,D,NOT A BUNDLED REQUIREMENT,S1,SERVICES,561990,ALL OTHER SUPPORT SERVICES,C,NO CLAUSES INCLUDED AND NO SUSTAINABILITY INCLUDED,A,U.S. OWNED BUSINESS,000,NONE,Z,NOT IT PRODUCTS OR SERVICES,E,NOT REQUIRED,USA,UNITED STATES,C,NOT A MANUFACTURED END PRODUCT,B,PLAN NOT REQUIRED,D,FULL AND OPEN COMPETITION AFTER EXCLUSION OF SOURCES,NP,NEGOTIATED PROPOSAL/QUOTE,SDVOSBC,SERVICE DISABLED VETERAN OWNED SMALL BUSINESS SET-ASIDE,NONE,NO PREFERENCE USED,,,,,,,6,D,COMMERCIAL ITEM PROCEDURES NOT USED,f,N,NO,N,NO,Y,YES,N,NO,0.00,N,NO,N,NO,Y,YES,N,NO,X,NOT APPLICABLE,,,,,,,,NONE,NONE,N,NO,X,NOT APPLICABLE EXEMPT FROM CAS,N,TRANSACTION DOES NOT USE GFE/GFP,U,UNKNOWN,N,NO,Y,YES - SERVICE WHERE PBA IS USED.,N,NO,Z,NOT APPLICABLE,N,NO,X,NOT APPLICABLE,f,f,f,f,f,t,t,f,f,f,f,f,f,f,f,f,f,f,f,SMALL BUSINESS,S,f,f,f,f,f,f,f,f,f,f,f,f,f,f,f,f,f,OTHER,f,f,f,f,f,f,f,f,f,f,f,f,f,f,f,t,f,f,f,f,f,f,f,f,f,t,f,f,t,f,f,f,f,f,f,f,f,f,f,f,f,f,f,f,f,f,f,f,f,f,,,,,,,,,,,https://www.usaspending.gov/award/CONT_AWD_HDEC0812C0022_9700_-NONE-_-NONE-/,2021-04-23 10:11:38+00
CONT_AWD_HDEC0818C0009_9700_-NONE-_-NONE-,HDEC0818C0009,,,,,,,,,398600.67,,464818.86,464818.86,2018-01-31,2018,2021-04-23,2021,2018-01-31,2021-03-31,2021-03-31 00:00:00,,,097,Department of Defense,97AZ,Defense Commissary Agency,HDEC08,DEFENSE COMMISSARY AGENCY,097,Department of Defense,97AZ,Defense Commissary Agency,HDEC08,DEFENSE COMMISSARY AGENCY,,,,,X,NOT APPLICABLE,,,PJT2PNMTQGN6,037790201,"W. HARRIS, GOVERNMENT SERVICES CONTRACTOR, INC.","W. HARRIS, GOVERNMENT SERVICES CONTRACTOR, INC.",,1DKN5,PJT2PNMTQGN6,037790201,"W. HARRIS, GOVERNMENT SERVICES CONTRACTOR, INC.",W. HARRIS  GOVERNMENT SERVICES CONTRACTOR  INC.,USA,UNITED STATES,PMB 227 104 E FAIRVIEW AVE,,MERIDIAN,16001,ADA,16,ID,IDAHO,836421733,ID-01,ID-01,2088984742,2088984292,USA,UNITED STATES,HOLLOMAN AFB,35035,OTERO,35,NM,NEW MEXICO,883308286,NM-02,NM-02,AWARD,D,DEFINITIVE CONTRACT,,,,,,,J,FIRM FIXED PRICE,"SHELF STOCKING, RECEIVING/STORAGE/HOLDING AREA, AND CUSTODIAL OPERATIONS",HDEC0818R0015,1,CT,CRITICAL FUNCTIONS,S299,HOUSEKEEPING- OTHER,H,NOT BUNDLED,S1,SERVICES,561990,ALL OTHER SUPPORT SERVICES,C,NO CLAUSES INCLUDED AND NO SUSTAINABILITY INCLUDED,A,U.S. OWNED BUSINESS,000,NONE,Z,NOT IT PRODUCTS OR SERVICES,E,NOT REQUIRED,USA,UNITED STATES,C,NOT A MANUFACTURED END PRODUCT,B,PLAN NOT REQUIRED,C,NOT COMPETED,SSS,ONLY ONE SOURCE,NONE,NO SET ASIDE USED.,NONE,NO PREFERENCE USED,,,,,ONE,ONLY ONE SOURCE-OTHER (FAR 6.302-1 OTHER),1,D,COMMERCIAL ITEM PROCEDURES NOT USED,f,N,NO,N,NO,Y,YES,N,NO,0.00,N,NO,X,NOT APPLICABLE,Y,YES,X,NOT APPLICABLE,X,NOT APPLICABLE,,,,,,,000,NONE,NONE,N,NO,X,NOT APPLICABLE EXEMPT FROM CAS,N,TRANSACTION DOES NOT USE GFE/GFP,U,UNKNOWN,D,NOT CONSOLIDATED,Y,YES - SERVICE WHERE PBA IS USED.,N,NO,Z,NOT APPLICABLE,N,NO,X,NOT APPLICABLE,f,f,f,f,f,t,t,f,f,f,f,f,f,f,f,f,f,f,f,SMALL BUSINESS,S,f,f,f,f,f,f,f,f,f,f,f,f,f,f,f,f,f,CORPORATE NOT TAX EXEMPT,t,f,f,f,f,f,f,f,f,f,f,f,f,f,f,f,f,t,f,f,f,f,f,f,f,t,f,f,t,f,f,f,f,f,f,f,f,f,f,f,f,f,f,f,f,f,f,f,f,f,,,,,,,,,,,https://www.usaspending.gov/award/CONT_AWD_HDEC0818C0009_9700_-NONE-_-NONE-/,2021-04-23 10:35:58+00
CONT_AWD_HDTRA105C0018_9700_-NONE-_-NONE-,HDTRA105C0018,,,,,,,,,845429.00,,0.00,0.00,2006-03-24,2006,2021-04-20,2021,2006-03-24,2006-09-30,2006-09-30 00:00:00,,,097,Department of Defense,9763,Defense Contract Management Agency,S0514A,DCMA SOUTHERN CAL (SAN DIEGO),097,Department of Defense,9761,Defense Threat Reduction Agency,HDTRA1,DEFENSE THREAT REDUCTION AGENCY,,,,,X,NOT APPLICABLE,,,RN43FYPYNKP4,841440832,TREX ENTERPRISES CORPORATION,TREX ENTERPRISES CORPORATION,,0ZKJ6,RN43FYPYNKP4,841440832,TREX ENTERPRISES CORPORATION,TREX ENTERPRISES CORPORATION,USA,UNITED STATES,10455 PACIFIC CENTER CT,,SAN DIEGO,06073,SAN DIEGO,06,CA,CALIFORNIA,92121,CA-53,CA-90,,,USA,UNITED STATES,SAN DIEGO,06073,SAN DIEGO,06,CA,CALIFORNIA,921214339,CA-52,CA-51,AWARD,D,DEFINITIVE CONTRACT,,,,,,,U,COST PLUS FIXED FEE,200608!600543!9700!HDTRA1!DEFENSE THREAT REDUCTION AGENCY !HDTRA105C0018  !A!N! !N!             !      !20060324!20060929!841440832!841440832!841440832!N!TREX ENTERPRISES CORPORATION  !10455 PACIFIC CENTER CT   !SAN DIEGO           !CA!92121!66000!073!06!SAN DIEGO           !SAN DIEGO             !CALIFORNIA!+000000425000!N!N!000000850000!AD92!RDTE/OTHER DEFENSE-APPLIED RESEARCH               !S1 !SERVICES                            !000 !NOT DISCERNABLE               !541710!E! !1! ! ! ! ! !99990909!B! ! !N!A!D!U!U!1!001!N!2A!Z!Y!Z! !  !N!B!N!N! ! !B! !A!A!000!A!B!N! ! ! ! !9700!HD2001!0001! !,,1,,,AD92,R&D- DEFENSE OTHER: OTHER (APPLIED RESEARCH/EXPLORATORY DEVELOPMENT),D,NOT A BUNDLED REQUIREMENT,S1,SERVICES,541710,"RESEARCH AND DEVELOPMENT IN THE PHYSICAL, ENGINEERING, AND LIFE SCIENCES",C,NO CLAUSES INCLUDED AND NO SUSTAINABILITY INCLUDED,,,000,NONE,,,E,NOT REQUIRED,,,,,B,PLAN NOT REQUIRED,C,NOT COMPETED,SSS,ONLY ONE SOURCE,NONE,NO SET ASIDE USED.,NONE,NO PREFERENCE USED,,,,,URG,URGENCY (FAR 6.302-2),1,D,COMMERCIAL ITEM PROCEDURES NOT USED,f,N,NO,N,NO,X,NOT APPLICABLE,,,0.00,N,NO,X,NOT APPLICABLE,N,NO,X,NOT APPLICABLE,X,NOT APPLICABLE,,,,,,,,NONE,NONE,Y,YES,X,NOT APPLICABLE EXEMPT FROM CAS,N,TRANSACTION DOES NOT USE GFE/GFP,U,UNKNOWN,N,NO,N,NO - SERVICE WHERE PBA IS NOT USED.,N,NO,Z,NOT APPLICABLE,N,NO,X,NOT APPLICABLE,f,f,f,f,f,f,f,f,f,f,f,f,f,f,f,f,f,f,f,SMALL BUSINESS,S,f,f,f,f,f,f,f,f,f,f,f,f,f,f,f,f,f,,f,f,f,f,f,f,f,f,f,f,f,f,f,f,f,f,f,f,f,f,f,f,f,f,f,f,f,f,f,f,f,f,f,f,f,f,f,f,f,f,f,f,f,f,f,f,f,f,f,f,,,,,,,,,,,https://www.usaspending.gov/award/CONT_AWD_HDTRA105C0018_9700_-NONE-_-NONE-/,2021-04-23 11:24:18+00
CONT_AWD_HDTRA106C0021_9700_-NONE-_-NONE-,HDTRA106C0021,,,,,,,,,3474062.72,,2451.72,2451.72,2006-04-17,2006,2021-04-19,2021,2006-04-17,2009-04-17,2009-04-17 00:00:00,,,097,Department of Defense,9761,Defense Threat Reduction Agency,HDTRA1,DEFENSE THREAT REDUCTION AGENCY,097,Department of Defense,9761,Defense Threat Reduction Agency,HDTRA1,DEFENSE THREAT REDUCTION AGENCY,,,,,X,NOT APPLICABLE,,,SRG2J1WS9X63,009232752,SRI INTERNATIONAL,SRI INTERNATIONAL,,03652,SRG2J1WS9X63,009232752,SRI INTERNATIONAL,SRI INTERNATIONAL,USA,UNITED STATES,333 RAVENSWOOD AVE,,MENLO PARK,06081,SAN MATEO,06,CA,CALIFORNIA,94025,CA-18,CA-16,,,USA,UNITED STATES,FORT BELVOIR,51059,FAIRFAX,51,VA,VIRGINIA,220606201,VA-08,VA-08,AWARD,D,DEFINITIVE CONTRACT,,,,,,,U,COST PLUS FIXED FEE,200608!600697!9700!HDTRA1!DEFENSE THREAT REDUCTION AGENCY !HDTRA106C0021  !A!N! !N!             !      !20060417!20070416!009232752!009232752!009232752!N!SRI INTERNATIONAL             !333 RAVENSWOOD AVE        !MENLO PARK          !CA!94025!46870!081!06!MENLO PARK          !SAN MATEO             !CALIFORNIA!+000000893855!N!N!000003399834!AD24!RDTE/SERVICES-DEMO/VALID                          !S1 !SERVICES                            !000 !NOT DISCERNABLE               !541330!E! !1! ! ! ! ! !99990909!B! ! !N!A!D!U!U!1!001!N!2A!Z!N!Z! !  !N!Z!N! ! ! ! ! !A!A!000!A!B!N! ! ! ! !    !      !0001! !,,1,,,AD24,R&D- DEFENSE OTHER: SERVICES (ENGINEERING DEVELOPMENT),D,NOT A BUNDLED REQUIREMENT,S1,SERVICES,541330,ENGINEERING SERVICES,C,NO CLAUSES INCLUDED AND NO SUSTAINABILITY INCLUDED,,,000,NONE,,,E,NOT REQUIRED,,,,,B,PLAN NOT REQUIRED,C,NOT COMPETED,SSS,ONLY ONE SOURCE,NONE,NO SET ASIDE USED.,NONE,NO PREFERENCE USED,,,,,URG,URGENCY (FAR 6.302-2),1,D,COMMERCIAL ITEM PROCEDURES NOT USED,f,N,NO,N,NO,X,NOT APPLICABLE,,,0.00,N,NO,X,NOT APPLICABLE,N,NO,X,NOT APPLICABLE,X,NOT APPLICABLE,,,,,,,,NONE,NONE,N,NO,X,NOT APPLICABLE EXEMPT FROM CAS,N,TRANSACTION DOES NOT USE GFE/GFP,U,UNKNOWN,N,NO,N,NO - SERVICE WHERE PBA IS NOT USED.,N,NO,Z,NOT APPLICABLE,N,NO,X,NOT APPLICABLE,f,f,f,f,f,f,f,f,f,f,f,f,f,f,f,f,f,f,f,OTHER THAN SMALL BUSINESS,O,f,f,f,f,f,f,f,f,f,f,f,f,f,f,f,f,f,,f,f,f,f,f,f,f,f,f,f,f,f,f,f,f,f,f,f,f,f,f,f,f,f,f,f,f,f,f,t,f,f,f,f,f,f,f,f,f,f,f,f,f,f,f,f,f,f,f,f,,,,,,,,,,,https://www.usaspending.gov/award/CONT_AWD_HDTRA106C0021_9700_-NONE-_-NONE-/,2021-04-19 07:01:08+00
CONT_AWD_HDTRA114C0115_9700_-NONE-_-NONE-,HDTRA114C0115,,,,,,,,,6173324.00,,6173324.00,6173324.00,2014-06-10,2014,2021-04-20,2021,2014-06-10,2017-08-31,2017-08-31 00:00:00,,,097,Department of Defense,9763,Defense Contract Management Agency,S0514A,DCMA SOUTHERN CAL (SAN DIEGO),097,Department of Defense,9761,Defense Threat Reduction Agency,HDTRA1,DEFENSE THREAT REDUCTION AGENCY,,,,,X,NOT APPLICABLE,,,M9V9QTHR1H28,137551797,"MAPP BIOPHARMACEUTICAL, INC.","MAPP BIOPHARMACEUTICAL, INC.",,417U0,M9V9QTHR1H28,137551797,"MAPP BIOPHARMACEUTICAL, INC.",MAPP BIOPHARMACEUTICAL  INC.,USA,UNITED STATES,6160 LUSK BLVD STE 105,,SAN DIEGO,06073,SAN DIEGO,06,CA,CALIFORNIA,921212740,CA-52,CA-51,8586630432,8003722321,USA,UNITED STATES,SAN DIEGO,06073,SAN DIEGO,06,CA,CALIFORNIA,921212740,CA-52,CA-51,AWARD,D,DEFINITIVE CONTRACT,,,,,,,U,COST PLUS FIXED FEE,IGF::OT::IGF  BASE PERIOD - PSC: AN12 RESEARCH AND DEVELOPMENT SERVICES,,1,OT,OTHER FUNCTIONS,AN12,HEALTH R&D SERVICES; HEALTH CARE SERVICES; APPLIED RESEARCH,D,NOT A BUNDLED REQUIREMENT,C9E,ALL OTHERS NOT IDENTIFIABLE TO ANY OTHER PROCUREMENT PROGRAM,541711,RESEARCH AND DEVELOPMENT IN BIOTECHNOLOGY,C,NO CLAUSES INCLUDED AND NO SUSTAINABILITY INCLUDED,A,U.S. OWNED BUSINESS,000,NONE,Z,NOT IT PRODUCTS OR SERVICES,E,NOT REQUIRED,USA,UNITED STATES,C,NOT A MANUFACTURED END PRODUCT,B,PLAN NOT REQUIRED,A,FULL AND OPEN COMPETITION,BR,BASIC RESEARCH,NONE,NO SET ASIDE USED.,NONE,NO PREFERENCE USED,,,,,,,8,D,COMMERCIAL ITEM PROCEDURES NOT USED,f,N,NO,N,NO,Y,YES,N,NO,0.00,N,NO,N,NO,N,NO,N,NO,X,NOT APPLICABLE,,,,,,,,NONE,NONE,N,NO,Y,YES - CAS CLAUSE INCLUDED,Y,TRANSACTION USES GFE/GFP,N,NO,N,NO,N,NO - SERVICE WHERE PBA IS NOT USED.,N,NO,Z,NOT APPLICABLE,N,NO,X,NOT APPLICABLE,f,f,f,f,f,f,f,f,f,f,f,f,f,f,f,f,f,f,f,SMALL BUSINESS,S,f,f,f,f,f,f,f,f,f,f,f,f,f,f,f,f,f,CORPORATE NOT TAX EXEMPT,t,f,f,f,f,f,f,f,f,f,f,f,f,f,f,f,f,t,f,f,f,f,f,f,f,t,f,f,t,f,f,f,f,f,f,f,f,f,f,f,f,f,f,f,f,f,f,f,f,f,,,,,,,,,,,https://www.usaspending.gov/award/CONT_AWD_HDTRA114C0115_9700_-NONE-_-NONE-/,2021-04-23 10:04:14+00
CONT_AWD_HDTRA115C0075_9700_-NONE-_-NONE-,HDTRA115C0075,,,,N: Emergency P.L. 116-136;Q: Not Designated Nonemergency/Emergency/Disaster/Wildfire Suppression,704894.97,-704894.97,,,9994678.48,1007412.94,10923903.43,10923903.43,2015-09-04,2015,2021-04-23,2021,2015-09-08,2020-12-31,2020-12-31 00:00:00,,,097,Department of Defense,9761,Defense Threat Reduction Agency,HDTRA1,DEFENSE THREAT REDUCTION AGENCY,097,Department of Defense,9761,Defense Threat Reduction Agency,HDTRA1,DEFENSE THREAT REDUCTION AGENCY,097-2018/2019-0400-000;097-2019/2020-0400-000;097-2020/2021-0400-000,097-0400,25.5: Research and development contracts,0001: BASIC RESEARCH;OPTN: FIELD IS OPTIONAL PRIOR TO FY21,X,NOT APPLICABLE,,,S352L5PJLMP8,066469933,EMORY UNIVERSITY,EMORY UNIVERSITY,,2K291,S352L5PJLMP8,066469933,EMORY UNIVERSITY,EMORY UNIVERSITY,USA,UNITED STATES,1599 CLIFTON RD.,,ATLANTA,13089,DEKALB,13,GA,GEORGIA,303224250,GA-05,GA-05,4047271677,4047272647,USA,UNITED STATES,ATLANTA,13089,DEKALB,13,GA,GEORGIA,303224250,GA-05,GA-05,AWARD,D,DEFINITIVE CONTRACT,,,,,,,S,COST NO FEE,"IGF::OT::IGF, BASE PERIOD",HDTRA115R0003,1,OT,OTHER FUNCTIONS,AN12,HEALTH R&D SERVICES; HEALTH CARE SERVICES; APPLIED RESEARCH,D,NOT A BUNDLED REQUIREMENT,C9E,ALL OTHERS NOT IDENTIFIABLE TO ANY OTHER PROCUREMENT PROGRAM,541711,RESEARCH AND DEVELOPMENT IN BIOTECHNOLOGY,C,NO CLAUSES INCLUDED AND NO SUSTAINABILITY INCLUDED,A,U.S. OWNED BUSINESS,000,NONE,Z,NOT IT PRODUCTS OR SERVICES,E,NOT REQUIRED,USA,UNITED STATES,C,NOT A MANUFACTURED END PRODUCT,F,INDIVIDUAL SUBCONTRACT PLAN,C,NOT COMPETED,SSS,ONLY ONE SOURCE,NONE,NO SET ASIDE USED.,NONE,NO PREFERENCE USED,,,,,UNQ,UNIQUE SOURCE (FAR 6.302-1(B)(1)),1,D,COMMERCIAL ITEM PROCEDURES NOT USED,f,N,NO,N,NO,Y,YES,N,NO,0.00,N,NO,X,NOT APPLICABLE,X,NOT APPLICABLE,X,NOT APPLICABLE,X,NOT APPLICABLE,,,,,,,,NONE,NONE,N,NO,Y,YES - CAS CLAUSE INCLUDED,N,TRANSACTION DOES NOT USE GFE/GFP,U,UNKNOWN,N,NO,Y,YES - SERVICE WHERE PBA IS USED.,N,NO,Z,NOT APPLICABLE,N,NO,X,NOT APPLICABLE,f,f,f,f,f,f,f,f,f,f,f,f,f,f,f,f,f,f,f,OTHER THAN SMALL BUSINESS,O,f,f,f,f,f,f,f,f,f,f,f,f,f,f,f,f,f,CORPORATE TAX EXEMPT,f,t,f,f,f,f,f,f,f,t,f,f,f,f,f,f,f,t,f,f,f,f,f,f,f,f,f,f,f,t,f,f,t,f,f,f,f,f,f,f,f,f,f,f,f,f,f,f,f,f,,,,,,,,,,,https://www.usaspending.gov/award/CONT_AWD_HDTRA115C0075_9700_-NONE-_-NONE-/,2021-04-23 06:50:36+00
CONT_AWD_HDTRA117C0014_9700_-NONE-_-NONE-,HDTRA117C0014,,,,Q: Not Designated Nonemergency/Emergency/Disaster/Wildfire Suppression,,,,,9551843.80,0.00,9551843.80,9551843.80,2016-11-21,2017,2021-04-21,2021,2016-11-21,2021-11-20,2021-11-20 00:00:00,,,097,Department of Defense,9761,Defense Threat Reduction Agency,HDTRA1,DEFENSE THREAT REDUCTION AGENCY,097,Department of Defense,9761,Defense Threat Reduction Agency,HDTRA1,DEFENSE THREAT REDUCTION AGENCY,097-2017/2017-0100-000;097-2019/2019-0100-000;097-2020/2020-0100-000;097-2021/2021-0100-000,097-0100,25.1: Advisory and assistance services,0003: TRAINING AND RECRUITING,X,NOT APPLICABLE,,,EGUEUHZLJDE9,962401969,"OLGOONIK FEDERAL, LLC","OLGOONIK FEDERAL, LLC",,61CD2,EGUEUHZLJDE9,962401969,"OLGOONIK FEDERAL, LLC",OLGOONIK AEROSPACE SERVICES  LLC,USA,UNITED STATES,3201 C ST STE 700,,ANCHORAGE,02020,ANCHORAGE,02,AK,ALASKA,995033934,AK-00,AK-00,9075628728,9075628751,USA,UNITED STATES,FORT BELVOIR,51059,FAIRFAX,51,VA,VIRGINIA,220606201,VA-08,VA-08,AWARD,D,DEFINITIVE CONTRACT,,,,,,,J,FIRM FIXED PRICE,LOGISTICAL SUPPORT SERVICES (NCR)::IGF::OT::IGF::,HDTRA116R0053,1,OT,OTHER FUNCTIONS,R706,SUPPORT- MANAGEMENT: LOGISTICS SUPPORT,D,NOT A BUNDLED REQUIREMENT,S1,SERVICES,561210,FACILITIES SUPPORT SERVICES,C,NO CLAUSES INCLUDED AND NO SUSTAINABILITY INCLUDED,A,U.S. OWNED BUSINESS,000,NONE,Z,NOT IT PRODUCTS OR SERVICES,E,NOT REQUIRED,USA,UNITED STATES,C,NOT A MANUFACTURED END PRODUCT,B,PLAN NOT REQUIRED,B,NOT AVAILABLE FOR COMPETITION,SSS,ONLY ONE SOURCE,8AN,8(A) SOLE SOURCE,NONE,NO PREFERENCE USED,,,,,OTH,AUTHORIZED BY STATUTE (FAR 6.302-5(A)(2)(I)),1,A,COMMERCIAL ITEM,f,N,NO,N,NO,N,NO,N,NO,0.00,N,NO,N,NO,Y,YES,N,NO,X,NOT APPLICABLE,,,,,,,,NONE,NONE,N,NO,X,NOT APPLICABLE EXEMPT FROM CAS,Y,TRANSACTION USES GFE/GFP,N,NO,N,NO,Y,YES - SERVICE WHERE PBA IS USED.,N,NO,Z,NOT APPLICABLE,N,NO,X,NOT APPLICABLE,t,f,f,f,f,f,f,f,f,f,f,f,t,f,f,f,f,t,f,SMALL BUSINESS,S,f,f,f,f,f,f,f,f,f,f,f,f,f,f,f,f,f,OTHER,f,f,f,f,f,f,f,f,f,f,f,f,f,f,f,f,f,t,f,f,f,f,f,f,f,f,t,f,t,f,f,f,f,f,f,f,f,f,f,f,f,f,f,f,f,t,f,t,f,f,,,,,,,,,,,https://www.usaspending.gov/award/CONT_AWD_HDTRA117C0014_9700_-NONE-_-NONE-/,2021-04-21 14:51:00+00
CONT_AWD_HQ000610C7281_9700_-NONE-_-NONE-,HQ000610C7281,,,,,,,,,3202216.00,,3202216.00,3202216.00,2010-09-21,2010,2021-04-20,2021,2010-09-20,2015-02-26,2015-02-26 00:00:00,,,097,Department of Defense,9763,Defense Contract Management Agency,S0514A,DCMA SOUTHERN CAL (SAN DIEGO),097,Department of Defense,97JC,Missile Defense Agency,HQ0147,MISSILE DEFENSE AGENCY (MDA),,,,,X,NOT APPLICABLE,,,RN43FYPYNKP4,841440832,TREX ENTERPRISES CORPORATION,TREX ENTERPRISES CORPORATION,,0ZKJ6,RN43FYPYNKP4,841440832,TREX ENTERPRISES CORPORATION,TREX ENTERPRISES CORPORATION,USA,UNITED STATES,10455 PACIFIC CENTER CT,,SAN DIEGO,06073,SAN DIEGO,06,CA,CALIFORNIA,921214339,CA-53,CA-51,8586465462,8586465301,USA,UNITED STATES,SAN DIEGO,06073,SAN DIEGO,06,CA,CALIFORNIA,921214339,CA-52,CA-51,AWARD,D,DEFINITIVE CONTRACT,,,,,,,U,COST PLUS FIXED FEE,SBIR PHASE II RESEARCH AND DEVELOPMENT.,,1,,,AC21,NATIONAL DEFENSE R&D SERVICES; ATOMIC ENERGY DEFENSE ACTIVITIES; BASIC RESEARCH,D,NOT A BUNDLED REQUIREMENT,A2,MISSILE AND SPACE SYSTEMS,541712,"RESEARCH AND DEVELOPMENT IN THE PHYSICAL, ENGINEERING, AND LIFE SCIENCES (EXCEPT BIOTECHNOLOGY)",C,NO CLAUSES INCLUDED AND NO SUSTAINABILITY INCLUDED,A,U.S. OWNED BUSINESS,CAA,MDA SUPPORT,Z,NOT IT PRODUCTS OR SERVICES,E,NOT REQUIRED,USA,UNITED STATES,C,NOT A MANUFACTURED END PRODUCT,B,PLAN NOT REQUIRED,D,FULL AND OPEN COMPETITION AFTER EXCLUSION OF SOURCES,NP,NEGOTIATED PROPOSAL/QUOTE,SBA,SMALL BUSINESS SET ASIDE - TOTAL,NONE,NO PREFERENCE USED,SR2,SMALL BUSINESS INNOVATION RESEARCH PROGRAM PHASE II ACTION,,,,,500,D,COMMERCIAL ITEM PROCEDURES NOT USED,f,N,NO,N,NO,Y,YES,N,NO,0.00,N,NO,N,NO,N,NO,N,NO,X,NOT APPLICABLE,,,,,,,,NONE,NONE,N,NO,X,NOT APPLICABLE EXEMPT FROM CAS,Y,TRANSACTION USES GFE/GFP,U,UNKNOWN,N,NO,N,NO - SERVICE WHERE PBA IS NOT USED.,N,NO,Z,NOT APPLICABLE,N,NO,X,NOT APPLICABLE,f,f,f,f,f,f,f,f,f,f,f,f,f,f,f,f,f,f,f,SMALL BUSINESS,S,f,f,f,f,f,f,f,f,f,f,f,f,f,f,f,f,f,CORPORATE NOT TAX EXEMPT,t,f,f,f,f,f,f,f,f,f,f,f,f,f,f,f,f,t,f,f,f,f,f,f,f,f,f,f,t,f,f,f,f,f,f,f,f,f,f,f,f,f,f,f,f,f,f,f,f,f,,,,,,,,,,,https://www.usaspending.gov/award/CONT_AWD_HQ000610C7281_9700_-NONE-_-NONE-/,2021-04-23 11:28:36+00
CONT_AWD_HQ003416C0024_9700_-NONE-_-NONE-,HQ003416C0024,,,,Q: Not Designated Nonemergency/Emergency/Disaster/Wildfire Suppression,,,,,3094190.66,0.00,3094190.66,3094190.66,2016-04-05,2016,2021-04-20,2021,2016-04-22,2020-06-24,2020-06-24 00:00:00,,,097,Department of Defense,97F5,Washington Headquarters Services,HQ0034,WASHINGTON HEADQUARTERS SERVICES,097,Department of Defense,97AD,Immediate Office of the Secretary of Defense,HQ0208,OSD OUSD(I),097-2016/2016-0100-000;097-2017/2017-0100-000;097-2018/2018-0100-000;097-2019/2019-0100-000,097-0100,25.1: Advisory and assistance services,0003: TRAINING AND RECRUITING,X,NOT APPLICABLE,,,GVJMD38LC3J5,129581125,"DECISION TECHNOLOGIES, INC.",DECISION TECHNOLOGIES INC.,,3ENE5,GVJMD38LC3J5,129581125,"DECISION TECHNOLOGIES, INC.",DECISION TECHNOLOGIES INC.,USA,UNITED STATES,2711 JEFFERSON DAVIS HWY LBBY 3,,ARLINGTON,51013,ARLINGTON,51,VA,VIRGINIA,222024015,VA-08,VA-08,7034165050,7034165060,USA,UNITED STATES,WASHINGTON,11001,DISTRICT OF COLUMBIA,11,DC,DISTRICT OF COLUMBIA,203010001,DC-98,DC-98,AWARD,D,DEFINITIVE CONTRACT,,,,,,,J,FIRM FIXED PRICE,IGF::OT::IGF SME III SOF OPS/ACTION OFFICER,HQ003416R0195,1,OT,OTHER FUNCTIONS,R499,SUPPORT- PROFESSIONAL: OTHER,D,NOT A BUNDLED REQUIREMENT,S1,SERVICES,541611,ADMINISTRATIVE MANAGEMENT AND GENERAL MANAGEMENT CONSULTING SERVICES,C,NO CLAUSES INCLUDED AND NO SUSTAINABILITY INCLUDED,A,U.S. OWNED BUSINESS,000,NONE,Z,NOT IT PRODUCTS OR SERVICES,E,NOT REQUIRED,USA,UNITED STATES,C,NOT A MANUFACTURED END PRODUCT,B,PLAN NOT REQUIRED,B,NOT AVAILABLE FOR COMPETITION,SSS,ONLY ONE SOURCE,8AN,8(A) SOLE SOURCE,NONE,NO PREFERENCE USED,,,,,OTH,AUTHORIZED BY STATUTE (FAR 6.302-5(A)(2)(I)),1,A,COMMERCIAL ITEM,f,N,NO,N,NO,X,NOT APPLICABLE,N,NO,0.00,N,NO,X,NOT APPLICABLE,N,NO,N,NO,X,NOT APPLICABLE,,,,,,,,NONE,NONE,N,NO,X,NOT APPLICABLE EXEMPT FROM CAS,N,TRANSACTION DOES NOT USE GFE/GFP,N,NO,N,NO,Y,YES - SERVICE WHERE PBA IS USED.,N,NO,Z,NOT APPLICABLE,N,NO,X,NOT APPLICABLE,f,f,f,f,f,f,f,f,f,f,f,f,t,f,t,f,f,f,f,SMALL BUSINESS,S,f,f,f,f,f,f,f,f,f,f,f,f,f,f,f,f,f,CORPORATE NOT TAX EXEMPT,t,f,f,f,f,f,f,f,f,f,f,f,f,f,f,f,f,t,f,f,f,f,f,f,f,t,f,f,t,f,f,f,f,f,f,f,f,f,f,f,f,f,f,f,f,t,f,t,f,f,DWAYNE J MOSES,410192.00,MICHAEL D HARMON,259018.00,,,,,,,https://www.usaspending.gov/award/CONT_AWD_HQ003416C0024_9700_-NONE-_-NONE-/,2021-06-25 09:21:05+00
CONT_AWD_HQ003417C0120_9700_-NONE-_-NONE-,HQ003417C0120,,,,,,,,,4402504.65,,4402504.65,4402504.65,2017-09-28,2017,2021-04-20,2021,2017-09-29,2020-09-28,2020-09-28 00:00:00,,,097,Department of Defense,97F5,Washington Headquarters Services,HQ0034,WASHINGTON HEADQUARTERS SERVICES,097,Department of Defense,97F5,Washington Headquarters Services,HQ0020,PENTAGON FORCE PROTECTION AGENCY,,,,,X,NOT APPLICABLE,,,J5UNNCETDZ24,171599595,"TRANSFORMATIONAL SECURITY, LLC","TRANSFORMATIONAL SECURITY, LLC",,34BL1,WF9TN8AWH8K5,809570781,HEICO CORP,HEICO CORPORATION,USA,UNITED STATES,9101 GUILFORD RD,,COLUMBIA,24027,HOWARD,24,MD,MARYLAND,210461802,MD-03,MD-03,3014900112,3014900118,USA,UNITED STATES,ALEXANDRIA,51059,FAIRFAX,51,VA,VIRGINIA,223151155,VA-08,VA-08,AWARD,D,DEFINITIVE CONTRACT,,,,,,,J,FIRM FIXED PRICE,IGF::OT::IGF IPMS SUSTAINMENT SUPPORT,HQ003417R0218,1,OT,OTHER FUNCTIONS,J063,"MAINT/REPAIR/REBUILD OF EQUIPMENT- ALARM, SIGNAL, AND SECURITY DETECTION SYSTEMS",H,NOT BUNDLED,S1,SERVICES,334290,OTHER COMMUNICATIONS EQUIPMENT MANUFACTURING,C,NO CLAUSES INCLUDED AND NO SUSTAINABILITY INCLUDED,A,U.S. OWNED BUSINESS,000,NONE,Z,NOT IT PRODUCTS OR SERVICES,E,NOT REQUIRED,USA,UNITED STATES,C,NOT A MANUFACTURED END PRODUCT,B,PLAN NOT REQUIRED,C,NOT COMPETED,SSS,ONLY ONE SOURCE,NONE,NO SET ASIDE USED.,NONE,NO PREFERENCE USED,,,,,ONE,ONLY ONE SOURCE-OTHER (FAR 6.302-1 OTHER),1,D,COMMERCIAL ITEM PROCEDURES NOT USED,f,N,NO,N,NO,Y,YES,N,NO,0.00,N,NO,X,NOT APPLICABLE,X,NOT APPLICABLE,X,NOT APPLICABLE,X,NOT APPLICABLE,,,,,,,,NONE,NONE,N,NO,X,NOT APPLICABLE EXEMPT FROM CAS,N,TRANSACTION DOES NOT USE GFE/GFP,U,UNKNOWN,D,NOT CONSOLIDATED,Y,YES - SERVICE WHERE PBA IS USED.,N,NO,Z,NOT APPLICABLE,N,NO,X,NOT APPLICABLE,f,f,f,f,f,t,t,f,f,f,f,f,f,f,f,f,f,f,f,SMALL BUSINESS,S,f,f,f,f,f,f,f,f,f,f,f,f,f,f,f,f,f,OTHER,f,f,f,f,f,f,f,f,f,f,f,f,t,f,f,f,f,t,f,f,f,f,f,f,f,f,t,f,t,f,f,f,f,f,f,f,f,f,f,f,f,f,f,f,f,f,f,f,f,f,,,,,,,,,,,https://www.usaspending.gov/award/CONT_AWD_HQ003417C0120_9700_-NONE-_-NONE-/,2021-04-20 14:22:27+00
CONT_AWD_HQ003420C0081_9700_-NONE-_-NONE-,HQ003420C0081,,,,,,,,,618186.18,,618436.18,619436.18,2020-07-09,2020,2021-04-22,2021,2019-11-10,2021-05-09,2021-05-09 00:00:00,,2019-10-16,097,Department of Defense,97F5,Washington Headquarters Services,HQ0034,WASHINGTON HEADQUARTERS SERVICES,097,Department of Defense,97F5,Washington Headquarters Services,HQ0034,WASHINGTON HEADQUARTERS SERVICES,,,,,X,NOT APPLICABLE,,,XJRSLG1ML285,,MAGELLAN HEALTHCARE INC,"MAGELLAN HEALTHCARE, INC",,3ERQ1,FFL6SAMJ8K73,,"MAGELLAN HEALTH, INC.",MAGELLAN HEALTH SERVICES  INC.,USA,UNITED STATES,14100 MAGELLAN PLAZA,,MARYLAND HEIGHTS,29189,ST. LOUIS,29,MO,MISSOURI,630434644,MO-02,MO-01,3147052767,,USA,UNITED STATES,ALEXANDRIA,51510,ALEXANDRIA CITY,51,VA,VIRGINIA,223501100,VA-08,VA-08,AWARD,D,DEFINITIVE CONTRACT,,,,,,,J,FIRM FIXED PRICE,EAP&WORKLIFE SUPPORT SERVICES,HQ003420R0009,1,OT,OTHER FUNCTIONS,Q201,MEDICAL- GENERAL HEALTH CARE,H,NOT BUNDLED,S1,SERVICES,561990,ALL OTHER SUPPORT SERVICES,C,NO CLAUSES INCLUDED AND NO SUSTAINABILITY INCLUDED,A,U.S. OWNED BUSINESS,000,NONE,Z,NOT IT PRODUCTS OR SERVICES,E,NOT REQUIRED,USA,UNITED STATES,C,NOT A MANUFACTURED END PRODUCT,B,PLAN NOT REQUIRED,C,NOT COMPETED,SSS,ONLY ONE SOURCE,NONE,NO SET ASIDE USED.,NONE,NO PREFERENCE USED,,,,,ONE,ONLY ONE SOURCE-OTHER (FAR 6.302-1 OTHER),1,A,COMMERCIAL ITEM,f,N,NO,N,NO,Y,YES,N,NO,0.00,N,NO,X,NOT APPLICABLE,Y,YES,X,NOT APPLICABLE,X,NOT APPLICABLE,,,,,,,,NONE,NONE,N,NO,X,NOT APPLICABLE EXEMPT FROM CAS,N,TRANSACTION DOES NOT USE GFE/GFP,U,UNKNOWN,D,NOT CONSOLIDATED,Y,YES - SERVICE WHERE PBA IS USED.,N,NO,Z,NOT APPLICABLE,N,NO,X,NOT APPLICABLE,f,f,f,f,f,f,f,f,f,f,f,f,f,f,f,f,f,f,f,OTHER THAN SMALL BUSINESS,O,f,f,f,f,f,f,f,f,f,f,f,f,f,f,f,f,f,CORPORATE NOT TAX EXEMPT,t,f,f,f,f,f,f,f,f,f,f,f,f,f,f,f,f,t,f,f,f,f,f,f,f,f,f,f,t,f,f,f,f,f,f,f,f,f,f,f,f,f,f,f,f,f,f,f,f,f,,,,,,,,,,,https://www.usaspending.gov/award/CONT_AWD_HQ003420C0081_9700_-NONE-_-NONE-/,2025-04-22 16:50:17+00
CONT_AWD_HQ003420C0174_9700_-NONE-_-NONE-,HQ003420C0174,,,,Q: Not Designated Nonemergency/Emergency/Disaster/Wildfire Suppression,,,,,230693.92,0.00,230693.92,366781.84,2020-09-30,2020,2021-04-20,2021,2020-09-30,2021-09-29,2021-09-29 00:00:00,,2020-09-25,097,Department of Defense,97F5,Washington Headquarters Services,HQ0034,WASHINGTON HEADQUARTERS SERVICES,097,Department of Defense,97F5,Washington Headquarters Services,HQ0034,WASHINGTON HEADQUARTERS SERVICES,097-2020/2020-0100-000;097-2021/2021-0100-000,097-0100,25.1: Advisory and assistance services,0003: TRAINING AND RECRUITING;OPTN: FIELD IS OPTIONAL PRIOR TO FY21,X,NOT APPLICABLE,,,KFKBN2PNA117,,"TAGENCE, INC.","TAGENCE, INC.",,7FD79,KFKBN2PNA117,,"TAGENCE, INC.",TAGENCE  INC.,USA,UNITED STATES,"44160 SCHOLAR PLAZA, SUITE 380",,LEESBURG,51107,LOUDOUN,51,VA,VIRGINIA,201763462,VA-10,VA-10,7038585111,,USA,UNITED STATES,ALEXANDRIA,51510,ALEXANDRIA CITY,51,VA,VIRGINIA,223501500,VA-08,VA-08,AWARD,D,DEFINITIVE CONTRACT,,,,,,,J,FIRM FIXED PRICE,SOFTWARE LICENSES,HQ003420R0407,1,OT,OTHER FUNCTIONS,D399,IT AND TELECOM- OTHER IT AND TELECOMMUNICATIONS,H,NOT BUNDLED,S1,SERVICES,541512,COMPUTER SYSTEMS DESIGN SERVICES,C,NO CLAUSES INCLUDED AND NO SUSTAINABILITY INCLUDED,A,U.S. OWNED BUSINESS,000,NONE,E,COMMERCIAL SERVICE,E,NOT REQUIRED,USA,UNITED STATES,C,NOT A MANUFACTURED END PRODUCT,B,PLAN NOT REQUIRED,G,NOT COMPETED UNDER SAP,SP1,SIMPLIFIED ACQUISITION,NONE,NO SET ASIDE USED.,NONE,NO PREFERENCE USED,,,,,SP2,SAP NON-COMPETITION (FAR 13),1,A,COMMERCIAL ITEM,f,Y,YES,N,NO,Y,YES,N,NO,0.00,N,NO,N,NO,Y,YES,N,NO,X,NOT APPLICABLE,,,,,,,,NONE,NONE,N,NO,X,NOT APPLICABLE EXEMPT FROM CAS,N,TRANSACTION DOES NOT USE GFE/GFP,U,UNKNOWN,D,NOT CONSOLIDATED,Y,YES - SERVICE WHERE PBA IS USED.,N,NO,Z,NOT APPLICABLE,N,NO,X,NOT APPLICABLE,f,f,f,f,f,t,t,f,f,f,f,f,f,f,f,f,f,f,f,SMALL BUSINESS,S,f,f,f,f,f,f,f,f,f,f,f,f,f,f,f,f,f,CORPORATE NOT TAX EXEMPT,t,f,f,f,f,f,f,f,f,f,f,f,f,f,f,f,f,t,f,f,f,f,f,f,f,t,f,f,t,f,f,f,f,f,f,f,f,f,f,f,f,f,f,f,f,f,f,f,f,f,,,,,,,,,,,https://www.usaspending.gov/award/CONT_AWD_HQ003420C0174_9700_-NONE-_-NONE-/,2025-04-22 16:50:17+00
CONT_AWD_HQ014712C7748_9700_-NONE-_-NONE-,HQ014712C7748,,,,,,,,,1965876.00,,1965876.00,1965876.00,2011-12-16,2012,2021-04-20,2021,2011-12-09,2015-03-31,2015-03-31 00:00:00,,,097,Department of Defense,9763,Defense Contract Management Agency,S0514A,DCMA SOUTHERN CAL (SAN DIEGO),097,Department of Defense,97JC,Missile Defense Agency,HQ0147,MISSILE DEFENSE AGENCY (MDA),,,,,X,NOT APPLICABLE,,,RN43FYPYNKP4,841440832,TREX ENTERPRISES CORPORATION,TREX ENTERPRISES CORPORATION,,0ZKJ6,RN43FYPYNKP4,841440832,TREX ENTERPRISES CORPORATION,TREX ENTERPRISES CORPORATION,USA,UNITED STATES,10455 PACIFIC CENTER CT,,SAN DIEGO,06073,SAN DIEGO,06,CA,CALIFORNIA,921214339,CA-53,CA-51,8586465462,8586465301,USA,UNITED STATES,SAN DIEGO,06073,SAN DIEGO,06,CA,CALIFORNIA,921214339,CA-52,CA-51,AWARD,D,DEFINITIVE CONTRACT,,,,,,,U,COST PLUS FIXED FEE,SBIR PHASE II RESEARCH AND DEVELOPMENT,,1,,,AC21,NATIONAL DEFENSE R&D SERVICES; ATOMIC ENERGY DEFENSE ACTIVITIES; BASIC RESEARCH,D,NOT A BUNDLED REQUIREMENT,A2,MISSILE AND SPACE SYSTEMS,541712,"RESEARCH AND DEVELOPMENT IN THE PHYSICAL, ENGINEERING, AND LIFE SCIENCES (EXCEPT BIOTECHNOLOGY)",C,NO CLAUSES INCLUDED AND NO SUSTAINABILITY INCLUDED,A,U.S. OWNED BUSINESS,CAA,MDA SUPPORT,Z,NOT IT PRODUCTS OR SERVICES,E,NOT REQUIRED,USA,UNITED STATES,C,NOT A MANUFACTURED END PRODUCT,B,PLAN NOT REQUIRED,D,FULL AND OPEN COMPETITION AFTER EXCLUSION OF SOURCES,NP,NEGOTIATED PROPOSAL/QUOTE,SBA,SMALL BUSINESS SET ASIDE - TOTAL,NONE,NO PREFERENCE USED,SR2,SMALL BUSINESS INNOVATION RESEARCH PROGRAM PHASE II ACTION,,,,,64,D,COMMERCIAL ITEM PROCEDURES NOT USED,f,N,NO,N,NO,X,NOT APPLICABLE,N,NO,0.00,N,NO,X,NOT APPLICABLE,X,NOT APPLICABLE,X,NOT APPLICABLE,X,NOT APPLICABLE,,,,,,,,NONE,NONE,Y,YES,X,NOT APPLICABLE EXEMPT FROM CAS,N,TRANSACTION DOES NOT USE GFE/GFP,U,UNKNOWN,N,NO,N,NO - SERVICE WHERE PBA IS NOT USED.,N,NO,Z,NOT APPLICABLE,N,NO,X,NOT APPLICABLE,f,f,f,f,f,f,f,f,f,f,f,f,f,f,f,f,f,f,f,SMALL BUSINESS,S,f,f,f,f,f,f,f,f,f,f,f,f,f,f,f,f,f,CORPORATE NOT TAX EXEMPT,t,f,f,f,f,f,f,f,f,f,f,f,f,f,f,f,f,t,f,f,f,f,f,f,f,f,f,f,t,f,f,f,f,f,f,f,f,f,f,f,f,f,f,f,f,f,f,f,f,f,,,,,,,,,,,https://www.usaspending.gov/award/CONT_AWD_HQ014712C7748_9700_-NONE-_-NONE-/,2021-04-23 11:31:21+00
CONT_AWD_HQ014713C7002_9700_-NONE-_-NONE-,HQ014713C7002,,,,,,,,,6998738.00,,6998738.00,6998738.00,2013-09-30,2013,2021-04-20,2021,2013-09-30,2015-03-31,2015-03-31 00:00:00,,,097,Department of Defense,9763,Defense Contract Management Agency,S0514A,DCMA SOUTHERN CAL (SAN DIEGO),097,Department of Defense,97JC,Missile Defense Agency,HQ0147,MISSILE DEFENSE AGENCY (MDA),,,,,X,NOT APPLICABLE,,,RN43FYPYNKP4,841440832,TREX ENTERPRISES CORPORATION,TREX ENTERPRISES CORPORATION,,0ZKJ6,RN43FYPYNKP4,841440832,TREX ENTERPRISES CORPORATION,TREX ENTERPRISES CORPORATION,USA,UNITED STATES,10455 PACIFIC CENTER CT,,SAN DIEGO,06073,SAN DIEGO,06,CA,CALIFORNIA,921214339,CA-53,CA-51,8586465462,8586465581,USA,UNITED STATES,SAN DIEGO,06073,SAN DIEGO,06,CA,CALIFORNIA,921214339,CA-52,CA-51,AWARD,D,DEFINITIVE CONTRACT,,,,,,,U,COST PLUS FIXED FEE,SBIR PHASE III RESEARCH&DEV IGF::OT::IGF,,1,OT,OTHER FUNCTIONS,AC22,NATIONAL DEFENSE R&D SERVICES; ATOMIC ENERGY DEFENSE ACTIVITIES; APPLIED RESEARCH,D,NOT A BUNDLED REQUIREMENT,A2,MISSILE AND SPACE SYSTEMS,541712,"RESEARCH AND DEVELOPMENT IN THE PHYSICAL, ENGINEERING, AND LIFE SCIENCES (EXCEPT BIOTECHNOLOGY)",C,NO CLAUSES INCLUDED AND NO SUSTAINABILITY INCLUDED,A,U.S. OWNED BUSINESS,CAA,MDA SUPPORT,Z,NOT IT PRODUCTS OR SERVICES,E,NOT REQUIRED,USA,UNITED STATES,C,NOT A MANUFACTURED END PRODUCT,B,PLAN NOT REQUIRED,D,FULL AND OPEN COMPETITION AFTER EXCLUSION OF SOURCES,NP,NEGOTIATED PROPOSAL/QUOTE,SBA,SMALL BUSINESS SET ASIDE - TOTAL,NONE,NO PREFERENCE USED,SR3,SMALL BUSINESS INNOVATION RESEARCH PROGRAM PHASE III ACTION,,,,,1,D,COMMERCIAL ITEM PROCEDURES NOT USED,f,N,NO,N,NO,X,NOT APPLICABLE,N,NO,0.00,N,NO,X,NOT APPLICABLE,X,NOT APPLICABLE,X,NOT APPLICABLE,X,NOT APPLICABLE,,,,,,,,NONE,NONE,Y,YES,X,NOT APPLICABLE EXEMPT FROM CAS,N,TRANSACTION DOES NOT USE GFE/GFP,U,UNKNOWN,N,NO,Y,YES - SERVICE WHERE PBA IS USED.,N,NO,Z,NOT APPLICABLE,N,NO,X,NOT APPLICABLE,f,f,f,f,f,f,f,f,f,f,f,f,f,f,f,f,f,f,f,SMALL BUSINESS,S,f,f,f,f,f,f,f,f,f,f,f,f,f,f,f,f,f,CORPORATE NOT TAX EXEMPT,t,f,f,f,f,f,f,f,f,f,f,f,f,f,f,f,f,t,f,f,f,f,f,f,f,f,f,f,t,f,f,f,f,f,f,f,f,f,f,f,f,f,f,f,f,f,f,f,f,f,,,,,,,,,,,https://www.usaspending.gov/award/CONT_AWD_HQ014713C7002_9700_-NONE-_-NONE-/,2021-04-23 11:32:51+00
CONT_AWD_HQ014715C7204_9700_-NONE-_-NONE-,HQ014715C7204,,,,,,,,,923267.95,0.00,999870.00,999870.00,2015-05-11,2015,2021-04-23,2021,2015-05-11,2019-08-10,2019-08-10 00:00:00,,,097,Department of Defense,97JC,Missile Defense Agency,HQ0147,MISSILE DEFENSE AGENCY (MDA),097,Department of Defense,97JC,Missile Defense Agency,HQ0147,MISSILE DEFENSE AGENCY (MDA),097-2015/2016-0400-000,097-0400,25.5: Research and development contracts,,X,NOT APPLICABLE,,,KSLLKKVJYLF9,362312290,"ATHENA GROUP INC., THE","ATHENA GROUP INC., THE",,0LLS0,KSLLKKVJYLF9,362312290,"ATHENA GROUP INC., THE",THE ATHENA GROUP INC,USA,UNITED STATES,408 W UNIVERSITY AVE STE 306,,GAINESVILLE,12001,ALACHUA,12,FL,FLORIDA,326015289,FL-03,FL-03,3523712567,3523735182,USA,UNITED STATES,GAINESVILLE,12001,ALACHUA,12,FL,FLORIDA,326015289,FL-03,FL-03,AWARD,D,DEFINITIVE CONTRACT,,,,,,,U,COST PLUS FIXED FEE,7204 PHASE II SECURITY IMPROVEMENTS FOR FIELD PROGRAMMABLE GATE ARRAYS IGF::OT::IGF FOR OTHER FUNCTION,,1,OT,OTHER FUNCTIONS,AC22,NATIONAL DEFENSE R&D SERVICES; ATOMIC ENERGY DEFENSE ACTIVITIES; APPLIED RESEARCH,D,NOT A BUNDLED REQUIREMENT,A2,MISSILE AND SPACE SYSTEMS,541712,"RESEARCH AND DEVELOPMENT IN THE PHYSICAL, ENGINEERING, AND LIFE SCIENCES (EXCEPT BIOTECHNOLOGY)",C,NO CLAUSES INCLUDED AND NO SUSTAINABILITY INCLUDED,A,U.S. OWNED BUSINESS,CAA,MDA SUPPORT,Z,NOT IT PRODUCTS OR SERVICES,E,NOT REQUIRED,USA,UNITED STATES,C,NOT A MANUFACTURED END PRODUCT,B,PLAN NOT REQUIRED,D,FULL AND OPEN COMPETITION AFTER EXCLUSION OF SOURCES,NP,NEGOTIATED PROPOSAL/QUOTE,SBA,SMALL BUSINESS SET ASIDE - TOTAL,NONE,NO PREFERENCE USED,SR1,SMALL BUSINESS INNOVATION RESEARCH PROGRAM PHASE I ACTION,,,,,176,D,COMMERCIAL ITEM PROCEDURES NOT USED,f,N,NO,N,NO,X,NOT APPLICABLE,N,NO,0.00,N,NO,X,NOT APPLICABLE,X,NOT APPLICABLE,X,NOT APPLICABLE,X,NOT APPLICABLE,,,,,,,,NONE,NONE,N,NO,X,NOT APPLICABLE EXEMPT FROM CAS,N,TRANSACTION DOES NOT USE GFE/GFP,U,UNKNOWN,N,NO,N,NO - SERVICE WHERE PBA IS NOT USED.,N,NO,Z,NOT APPLICABLE,N,NO,X,NOT APPLICABLE,f,f,f,f,f,f,f,t,f,f,f,f,f,f,f,f,f,f,f,SMALL BUSINESS,S,f,f,f,f,f,f,f,f,f,f,f,f,f,f,f,f,f,CORPORATE NOT TAX EXEMPT,t,f,f,f,f,f,f,f,f,f,f,f,f,f,f,f,f,t,f,f,f,f,f,f,f,f,f,f,t,f,f,f,f,f,f,f,f,f,f,f,f,f,f,f,f,f,f,f,f,f,,,,,,,,,,,https://www.usaspending.gov/award/CONT_AWD_HQ014715C7204_9700_-NONE-_-NONE-/,2021-04-23 15:26:26+00
CONT_AWD_HQ014715C7210_9700_-NONE-_-NONE-,HQ014715C7210,,,,Q: Not Designated Nonemergency/Emergency/Disaster/Wildfire Suppression,,,,,992191.00,0.00,999996.00,999996.00,2015-04-29,2015,2021-04-19,2021,2015-04-29,2017-10-28,2017-10-28 00:00:00,,,097,Department of Defense,97JC,Missile Defense Agency,HQ0147,MISSILE DEFENSE AGENCY (MDA),097,Department of Defense,97JC,Missile Defense Agency,HQ0147,MISSILE DEFENSE AGENCY (MDA),097-2015/2016-0400-000,097-0400,25.5: Research and development contracts,0001: BASIC RESEARCH,X,NOT APPLICABLE,,,DGB4YJSKHM25,825470987,EXOANALYTIC SOLUTIONS INC,"EXOANALYTIC SOLUTIONS, INC.",,52MY2,DGB4YJSKHM25,825470987,EXOANALYTIC SOLUTIONS INC,EXOANALYTIC SOLUTIONS  INC.,USA,UNITED STATES,20532 EL TORO RD STE 303,,MISSION VIEJO,06059,ORANGE,06,CA,CALIFORNIA,926925314,CA-45,CA-40,9497164290,9497164292,USA,UNITED STATES,MISSION VIEJO,06059,ORANGE,06,CA,CALIFORNIA,926925313,CA-45,CA-40,AWARD,D,DEFINITIVE CONTRACT,,,,,,,U,COST PLUS FIXED FEE,7210 PHASE II RESEARCH&DEVELOPMENT: RAPIED ENVIRONMENTAL CHARACTERIZATION USING EFFICENT MEASUREMENTS  IGF::OT::IGF FOR OTHER FUNCTIONS,,1,OT,OTHER FUNCTIONS,AC22,NATIONAL DEFENSE R&D SERVICES; ATOMIC ENERGY DEFENSE ACTIVITIES; APPLIED RESEARCH,D,NOT A BUNDLED REQUIREMENT,A2,MISSILE AND SPACE SYSTEMS,541712,"RESEARCH AND DEVELOPMENT IN THE PHYSICAL, ENGINEERING, AND LIFE SCIENCES (EXCEPT BIOTECHNOLOGY)",C,NO CLAUSES INCLUDED AND NO SUSTAINABILITY INCLUDED,A,U.S. OWNED BUSINESS,CAA,MDA SUPPORT,Z,NOT IT PRODUCTS OR SERVICES,E,NOT REQUIRED,USA,UNITED STATES,C,NOT A MANUFACTURED END PRODUCT,B,PLAN NOT REQUIRED,D,FULL AND OPEN COMPETITION AFTER EXCLUSION OF SOURCES,NP,NEGOTIATED PROPOSAL/QUOTE,SBA,SMALL BUSINESS SET ASIDE - TOTAL,NONE,NO PREFERENCE USED,SR2,SMALL BUSINESS INNOVATION RESEARCH PROGRAM PHASE II ACTION,,,,,176,D,COMMERCIAL ITEM PROCEDURES NOT USED,f,N,NO,N,NO,X,NOT APPLICABLE,N,NO,0.00,N,NO,X,NOT APPLICABLE,X,NOT APPLICABLE,X,NOT APPLICABLE,X,NOT APPLICABLE,,,,,,,,NONE,NONE,N,NO,X,NOT APPLICABLE EXEMPT FROM CAS,N,TRANSACTION DOES NOT USE GFE/GFP,U,UNKNOWN,N,NO,N,NO - SERVICE WHERE PBA IS NOT USED.,N,NO,Z,NOT APPLICABLE,N,NO,X,NOT APPLICABLE,f,f,f,f,f,f,f,f,f,f,f,f,f,f,f,f,f,f,f,SMALL BUSINESS,S,f,f,f,f,f,f,f,f,f,f,f,f,f,f,f,f,f,CORPORATE NOT TAX EXEMPT,t,f,f,f,f,f,f,f,f,f,f,f,f,f,f,f,f,t,f,f,f,f,f,f,f,f,f,f,t,f,f,f,f,f,f,f,f,f,f,f,f,f,f,f,f,f,f,f,f,f,,,,,,,,,,,https://www.usaspending.gov/award/CONT_AWD_HQ014715C7210_9700_-NONE-_-NONE-/,2021-04-19 09:39:03+00
CONT_AWD_HQ014715C7241_9700_-NONE-_-NONE-,HQ014715C7241,,,,,,,,,895772.93,,911353.71,911353.71,2015-05-12,2015,2021-04-20,2021,2015-05-12,2017-08-31,2017-08-31 00:00:00,,,097,Department of Defense,97JC,Missile Defense Agency,HQ0147,MISSILE DEFENSE AGENCY (MDA),097,Department of Defense,97JC,Missile Defense Agency,HQ0147,MISSILE DEFENSE AGENCY (MDA),,,,,X,NOT APPLICABLE,,,DNLMSSK7HQJ6,122031883,STI ELECTRONICS INC,"STI ELECTRONICS, INC.",,1JX07,DNLMSSK7HQJ6,122031883,STI ELECTRONICS INC,STI ELECTRONICS INC,USA,UNITED STATES,261 PALMER RD,,MADISON,01089,MADISON,01,AL,ALABAMA,357581727,AL-05,AL-05,2567055515,2564619566,USA,UNITED STATES,MADISON,01089,MADISON,01,AL,ALABAMA,357581615,AL-05,AL-05,AWARD,D,DEFINITIVE CONTRACT,,,,,,,U,COST PLUS FIXED FEE,PHASE II RESEARCH&DEVELOPMENT IGF::OT::IGF,,1,OT,OTHER FUNCTIONS,AC22,NATIONAL DEFENSE R&D SERVICES; ATOMIC ENERGY DEFENSE ACTIVITIES; APPLIED RESEARCH,D,NOT A BUNDLED REQUIREMENT,A2,MISSILE AND SPACE SYSTEMS,541712,"RESEARCH AND DEVELOPMENT IN THE PHYSICAL, ENGINEERING, AND LIFE SCIENCES (EXCEPT BIOTECHNOLOGY)",C,NO CLAUSES INCLUDED AND NO SUSTAINABILITY INCLUDED,A,U.S. OWNED BUSINESS,CAA,MDA SUPPORT,Z,NOT IT PRODUCTS OR SERVICES,E,NOT REQUIRED,USA,UNITED STATES,C,NOT A MANUFACTURED END PRODUCT,B,PLAN NOT REQUIRED,D,FULL AND OPEN COMPETITION AFTER EXCLUSION OF SOURCES,NP,NEGOTIATED PROPOSAL/QUOTE,SBA,SMALL BUSINESS SET ASIDE - TOTAL,NONE,NO PREFERENCE USED,SR2,SMALL BUSINESS INNOVATION RESEARCH PROGRAM PHASE II ACTION,,,,,586,D,COMMERCIAL ITEM PROCEDURES NOT USED,f,N,NO,N,NO,N,NO,N,NO,0.00,N,NO,N,NO,N,NO,N,NO,X,NOT APPLICABLE,,,,,,,,NONE,NONE,N,NO,N,NO - CAS WAIVER APPROVED,N,TRANSACTION DOES NOT USE GFE/GFP,U,UNKNOWN,N,NO,N,NO - SERVICE WHERE PBA IS NOT USED.,N,NO,Z,NOT APPLICABLE,N,NO,X,NOT APPLICABLE,f,f,f,f,f,f,f,f,f,f,f,f,f,f,f,f,f,f,f,SMALL BUSINESS,S,f,f,f,f,f,f,f,f,f,f,f,f,f,f,f,f,f,CORPORATE NOT TAX EXEMPT,t,f,f,f,f,f,f,f,f,f,f,f,f,f,f,f,f,t,f,f,f,f,f,f,f,t,f,f,t,f,f,f,f,f,f,f,f,f,f,f,f,f,f,f,f,f,f,f,f,f,,,,,,,,,,,https://www.usaspending.gov/award/CONT_AWD_HQ014715C7241_9700_-NONE-_-NONE-/,2021-04-20 10:28:33+00
CONT_AWD_HQ014716C0073_9700_-NONE-_-NONE-,HQ014716C0073,,,,,,,,,740728.37,0.00,766654.89,766654.89,2016-08-10,2016,2021-04-23,2021,2016-08-11,2019-10-25,2019-10-25 00:00:00,,,097,Department of Defense,97JC,Missile Defense Agency,HQ0147,MISSILE DEFENSE AGENCY (MDA),097,Department of Defense,97JC,Missile Defense Agency,HQ0147,MISSILE DEFENSE AGENCY (MDA),097-2018/2020-0300-000,097-0300,25.1: Advisory and assistance services,,X,NOT APPLICABLE,,,KNDAEKSMLLE4,968451591,"ALL POINTS LOGISTICS, LLC","ALL POINTS LOGISTICS, LLC",,1NP28,KNDAEKSMLLE4,968451591,"ALL POINTS LOGISTICS, LLC",ALL POINTS LOGISTICS  INC.,USA,UNITED STATES,5000 BRADFORD DRIVE SUITE 3B,,HUNTSVILLE,01089,MADISON,01,AL,ALABAMA,358051937,AL-08,AL-05,9046106045,8006863260,USA,UNITED STATES,HUNTSVILLE,01089,MADISON,01,AL,ALABAMA,358051937,AL-05,AL-05,AWARD,D,DEFINITIVE CONTRACT,,,,,,,S,COST NO FEE,::IGF::OT::IGF DOD MENTOR-PROTEGE (MP) PROGRAM WITH ALL POINTS AND MISSION MULITPLIER,,1,OT,OTHER FUNCTIONS,AC23,NATIONAL DEFENSE R&D SERVICES; ATOMIC ENERGY DEFENSE ACTIVITIES; EXPERIMENTAL DEVELOPMENT,D,NOT A BUNDLED REQUIREMENT,A2,MISSILE AND SPACE SYSTEMS,541712,"RESEARCH AND DEVELOPMENT IN THE PHYSICAL, ENGINEERING, AND LIFE SCIENCES (EXCEPT BIOTECHNOLOGY)",C,NO CLAUSES INCLUDED AND NO SUSTAINABILITY INCLUDED,A,U.S. OWNED BUSINESS,362,BMDS,Z,NOT IT PRODUCTS OR SERVICES,E,NOT REQUIRED,USA,UNITED STATES,C,NOT A MANUFACTURED END PRODUCT,B,PLAN NOT REQUIRED,B,NOT AVAILABLE FOR COMPETITION,SSS,ONLY ONE SOURCE,NONE,NO SET ASIDE USED.,NONE,NO PREFERENCE USED,,,,,OTH,AUTHORIZED BY STATUTE (FAR 6.302-5(A)(2)(I)),1,D,COMMERCIAL ITEM PROCEDURES NOT USED,f,N,NO,N,NO,X,NOT APPLICABLE,N,NO,0.00,N,NO,N,NO,N,NO,N,NO,X,NOT APPLICABLE,,,,,,,,NONE,NONE,Y,YES,Y,YES - CAS CLAUSE INCLUDED,N,TRANSACTION DOES NOT USE GFE/GFP,U,UNKNOWN,N,NO,Y,YES - SERVICE WHERE PBA IS USED.,N,NO,D,UNUSUAL PROGRESS PAYMENTS OR ADVANCE PAYMENTS,N,NO,X,NOT APPLICABLE,f,f,f,f,f,t,t,f,f,f,f,f,f,f,f,f,f,f,f,SMALL BUSINESS,S,f,f,f,f,f,f,f,f,f,f,f,f,f,f,f,f,f,OTHER,f,f,f,f,f,f,f,f,f,f,f,f,f,f,f,f,f,t,f,f,f,f,f,f,f,f,t,f,t,f,f,f,f,f,f,f,f,f,f,f,f,f,f,f,f,f,f,f,f,f,PHILLIP  MONKRESS,400000.00,THOMAS  NIEMEYER,245000.00,ROBYN  SMITH,245000.00,STEVE  LLOYD,245000.00,BEN  FARRAH,245000.00,https://www.usaspending.gov/award/CONT_AWD_HQ014716C0073_9700_-NONE-_-NONE-/,2021-04-23 15:03:44+00
CONT_AWD_HQ014718C0030_9700_-NONE-_-NONE-,HQ014718C0030,,,,Q: Not Designated Nonemergency/Emergency/Disaster/Wildfire Suppression,,,,,520441.00,22077.59,645723.00,645723.00,2018-08-27,2018,2021-04-19,2021,2018-09-30,2021-09-29,2021-09-29 00:00:00,,,097,Department of Defense,97JC,Missile Defense Agency,HQ0147,MISSILE DEFENSE AGENCY (MDA),097,Department of Defense,97JC,Missile Defense Agency,HQ0147,MISSILE DEFENSE AGENCY (MDA),097-2016/2018-0300-000;097-2018/2020-0300-000;097-2019/2021-0300-000,097-0300,25.1: Advisory and assistance services,0002: SPECIAL OPERATIONS COMMAND;OPTN: FIELD IS OPTIONAL PRIOR TO FY21,X,NOT APPLICABLE,,,XYUMJHQ1LJV5,002995582,LOCKHEED MARTIN CORPORATION,LOCKHEED MARTIN CORPORATION,,7LW38,ZFN2JJXBLZT3,834951691,LOCKHEED MARTIN CORP,LOCKHEED MARTIN CORPORATION,USA,UNITED STATES,9970 FEDERAL DR,,COLORADO SPRINGS,08041,EL PASO,08,CO,COLORADO,809213616,CO-05,CO-05,6103542809,6103547319,USA,UNITED STATES,COLORADO SPRINGS,08041,EL PASO,08,CO,COLORADO,809213616,CO-05,CO-05,AWARD,D,DEFINITIVE CONTRACT,,,,,,,S,COST NO FEE,DOD MENTOR-PROTEGE (MP) PROGRAM - YEAR 1,,1,OT,OTHER FUNCTIONS,AC23,NATIONAL DEFENSE R&D SERVICES; ATOMIC ENERGY DEFENSE ACTIVITIES; EXPERIMENTAL DEVELOPMENT,H,NOT BUNDLED,A2,MISSILE AND SPACE SYSTEMS,541715,"RESEARCH AND DEVELOPMENT IN THE PHYSICAL, ENGINEERING, AND LIFE SCIENCES (EXCEPT NANOTECHNOLOGY AND BIOTECHNOLOGY)",C,NO CLAUSES INCLUDED AND NO SUSTAINABILITY INCLUDED,A,U.S. OWNED BUSINESS,CAA,MDA SUPPORT,Z,NOT IT PRODUCTS OR SERVICES,E,NOT REQUIRED,USA,UNITED STATES,C,NOT A MANUFACTURED END PRODUCT,B,PLAN NOT REQUIRED,B,NOT AVAILABLE FOR COMPETITION,SSS,ONLY ONE SOURCE,NONE,NO SET ASIDE USED.,NONE,NO PREFERENCE USED,,,,,OTH,AUTHORIZED BY STATUTE (FAR 6.302-5(A)(2)(I)),1,D,COMMERCIAL ITEM PROCEDURES NOT USED,f,N,NO,N,NO,X,NOT APPLICABLE,N,NO,0.00,N,NO,X,NOT APPLICABLE,X,NOT APPLICABLE,X,NOT APPLICABLE,X,NOT APPLICABLE,,,,,,,,NONE,NONE,Y,YES,Y,YES - CAS CLAUSE INCLUDED,N,TRANSACTION DOES NOT USE GFE/GFP,U,UNKNOWN,D,NOT CONSOLIDATED,Y,YES - SERVICE WHERE PBA IS USED.,N,NO,Z,NOT APPLICABLE,N,NO,X,NOT APPLICABLE,f,f,f,f,f,f,f,f,f,f,f,f,f,f,f,f,f,f,f,OTHER THAN SMALL BUSINESS,O,f,f,f,f,f,f,f,f,f,f,f,f,f,f,f,f,f,CORPORATE NOT TAX EXEMPT,t,f,f,f,f,f,f,f,f,f,f,f,f,f,f,f,f,t,f,f,f,f,f,f,f,f,f,f,t,f,f,f,f,f,f,f,f,f,f,f,f,f,f,f,f,f,f,f,f,f,,,,,,,,,,,https://www.usaspending.gov/award/CONT_AWD_HQ014718C0030_9700_-NONE-_-NONE-/,2021-04-19 14:41:25+00
CONT_AWD_HQ014718C0036_9700_-NONE-_-NONE-,HQ014718C0036,,,,Q: Not Designated Nonemergency/Emergency/Disaster/Wildfire Suppression,,,,,563371.40,0.00,639821.00,951730.00,2018-08-27,2018,2021-04-19,2021,2018-09-30,2021-09-29,2021-09-29 00:00:00,,2017-10-01,097,Department of Defense,97JC,Missile Defense Agency,HQ0147,MISSILE DEFENSE AGENCY (MDA),097,Department of Defense,97JC,Missile Defense Agency,HQ0147,MISSILE DEFENSE AGENCY (MDA),097-2018/2020-0300-000;097-2019/2021-0300-000,097-0300,25.1: Advisory and assistance services,0002: SPECIAL OPERATIONS COMMAND,X,NOT APPLICABLE,,,HMAMXN2R9864,618735948,"TEC-MASTERS, INC",TEC-MASTERS INC.,,0DLU2,HMAMXN2R9864,618735948,"TEC-MASTERS, INC",TEC-MASTERS INC.,USA,UNITED STATES,1500 PERIMETER PKWY NW STE 215,,HUNTSVILLE,01089,MADISON,01,AL,ALABAMA,358063562,AL-05,AL-05,2567216601,2567216645,USA,UNITED STATES,HUNTSVILLE,01089,MADISON,01,AL,ALABAMA,358063562,AL-05,AL-05,AWARD,D,DEFINITIVE CONTRACT,,,,,,,S,COST NO FEE,DOD MENTOR-PROTEGE (MP) PROGRAM - YEAR 1,,1,OT,OTHER FUNCTIONS,AC23,NATIONAL DEFENSE R&D SERVICES; ATOMIC ENERGY DEFENSE ACTIVITIES; EXPERIMENTAL DEVELOPMENT,H,NOT BUNDLED,A2,MISSILE AND SPACE SYSTEMS,541715,"RESEARCH AND DEVELOPMENT IN THE PHYSICAL, ENGINEERING, AND LIFE SCIENCES (EXCEPT NANOTECHNOLOGY AND BIOTECHNOLOGY)",C,NO CLAUSES INCLUDED AND NO SUSTAINABILITY INCLUDED,A,U.S. OWNED BUSINESS,CAA,MDA SUPPORT,Z,NOT IT PRODUCTS OR SERVICES,E,NOT REQUIRED,USA,UNITED STATES,C,NOT A MANUFACTURED END PRODUCT,B,PLAN NOT REQUIRED,B,NOT AVAILABLE FOR COMPETITION,SSS,ONLY ONE SOURCE,NONE,NO SET ASIDE USED.,NONE,NO PREFERENCE USED,,,,,OTH,AUTHORIZED BY STATUTE (FAR 6.302-5(A)(2)(I)),1,D,COMMERCIAL ITEM PROCEDURES NOT USED,f,N,NO,N,NO,X,NOT APPLICABLE,N,NO,0.00,N,NO,N,NO,X,NOT APPLICABLE,X,NOT APPLICABLE,X,NOT APPLICABLE,,,,,,,,NONE,NONE,N,NO,Y,YES - CAS CLAUSE INCLUDED,N,TRANSACTION DOES NOT USE GFE/GFP,U,UNKNOWN,D,NOT CONSOLIDATED,Y,YES - SERVICE WHERE PBA IS USED.,N,NO,Z,NOT APPLICABLE,N,NO,X,NOT APPLICABLE,f,f,f,f,f,f,f,f,f,f,f,f,t,f,f,t,f,f,f,OTHER THAN SMALL BUSINESS,O,f,f,f,f,f,f,f,f,f,f,f,f,f,f,f,f,f,CORPORATE NOT TAX EXEMPT,t,f,f,f,f,f,f,f,f,f,f,f,t,f,f,f,f,t,f,f,f,f,f,f,f,f,f,f,t,f,f,f,f,f,f,f,f,f,f,f,f,f,f,f,t,t,f,f,f,f,,,,,,,,,,,https://www.usaspending.gov/award/CONT_AWD_HQ014718C0036_9700_-NONE-_-NONE-/,2021-04-19 14:55:49+00
CONT_AWD_HQ014719C0002_9700_-NONE-_-NONE-,HQ014719C0002,,,,Q: Not Designated Nonemergency/Emergency/Disaster/Wildfire Suppression,,,,,2889435.00,0.00,2889435.00,2889435.00,2019-04-18,2019,2021-04-16,2021,2019-04-18,2021-07-31,2021-07-31 00:00:00,,2018-11-15,097,Department of Defense,97JC,Missile Defense Agency,HQ0860,MISSILE DEFENSE AGENCY (MDA),097,Department of Defense,97JC,Missile Defense Agency,HQ0147,MISSILE DEFENSE AGENCY (MDA),097-2018/2019-0400-000,097-0400,25.5: Research and development contracts,0001: BASIC RESEARCH,X,NOT APPLICABLE,,,QNM3ENFUF561,808544717,"TROY 7, INC.","TROY 7, INC.",,4XTQ1,QNM3ENFUF561,808544717,"TROY 7, INC.",TROY 7  INC.,USA,UNITED STATES,101 QUALITY CIR NW STE 115,,HUNTSVILLE,01089,MADISON,01,AL,ALABAMA,358062186,AL-05,AL-05,2567997722,2567997799,USA,UNITED STATES,HUNTSVILLE,01089,MADISON,01,AL,ALABAMA,358062186,AL-05,AL-05,AWARD,D,DEFINITIVE CONTRACT,,,,,,,U,COST PLUS FIXED FEE,RESEARCH AND DEVELOPMENT RIF CONTRACT HYPERSONIC CONTROL SYSTEM,,1,OT,OTHER FUNCTIONS,AC23,NATIONAL DEFENSE R&D SERVICES; ATOMIC ENERGY DEFENSE ACTIVITIES; EXPERIMENTAL DEVELOPMENT,H,NOT BUNDLED,A2,MISSILE AND SPACE SYSTEMS,541715,"RESEARCH AND DEVELOPMENT IN THE PHYSICAL, ENGINEERING, AND LIFE SCIENCES (EXCEPT NANOTECHNOLOGY AND BIOTECHNOLOGY)",C,NO CLAUSES INCLUDED AND NO SUSTAINABILITY INCLUDED,A,U.S. OWNED BUSINESS,CAA,MDA SUPPORT,Z,NOT IT PRODUCTS OR SERVICES,E,NOT REQUIRED,USA,UNITED STATES,C,NOT A MANUFACTURED END PRODUCT,B,PLAN NOT REQUIRED,A,FULL AND OPEN COMPETITION,BR,BASIC RESEARCH,NONE,NO SET ASIDE USED.,NONE,NO PREFERENCE USED,,,,,,,1,D,COMMERCIAL ITEM PROCEDURES NOT USED,f,N,NO,N,NO,X,NOT APPLICABLE,N,NO,0.00,N,NO,X,NOT APPLICABLE,X,NOT APPLICABLE,X,NOT APPLICABLE,X,NOT APPLICABLE,,,,,,,,NONE,NONE,N,NO,Y,YES - CAS CLAUSE INCLUDED,N,TRANSACTION DOES NOT USE GFE/GFP,U,UNKNOWN,D,NOT CONSOLIDATED,Y,YES - SERVICE WHERE PBA IS USED.,N,NO,Z,NOT APPLICABLE,N,NO,X,NOT APPLICABLE,f,f,f,f,f,f,f,t,t,f,f,f,f,f,f,f,f,f,f,SMALL BUSINESS,S,f,f,f,f,f,f,f,f,f,f,f,f,f,f,f,f,f,CORPORATE NOT TAX EXEMPT,t,f,f,f,f,f,f,f,f,f,f,f,f,f,f,f,f,t,f,f,f,f,f,f,f,f,f,f,t,f,f,f,f,f,f,f,f,f,f,f,f,f,f,f,f,f,f,f,f,f,,,,,,,,,,,https://www.usaspending.gov/award/CONT_AWD_HQ014719C0002_9700_-NONE-_-NONE-/,2021-04-16 12:49:43+00
CONT_AWD_HQ051619C0004_9700_-NONE-_-NONE-,HQ051619C0004,,,,Q: Not Designated Nonemergency/Emergency/Disaster/Wildfire Suppression,,,,,193030.56,0.00,760172.86,760172.86,2019-04-02,2019,2021-04-20,2021,2019-04-02,2024-04-01,2024-04-01 00:00:00,,2019-03-25,097,Department of Defense,97F1,Defense Media Activity,HQ0516,HQ DEFENSE MEDIA ACTIVITY,097,Department of Defense,97F1,Defense Media Activity,HQ0516,HQ DEFENSE MEDIA ACTIVITY,097-2019/2019-0100-000;097-2020/2020-0100-000,097-0100,25.4: Operation and maintenance of facilities,0003: TRAINING AND RECRUITING,X,NOT APPLICABLE,,,F25DG16HBXD6,079387871,US COMFORT BUILDING SERVICES,US COMFORT BUILDING SERVICES,,77JT8,F25DG16HBXD6,079387871,US COMFORT BUILDING SERVICES,US COMFORT BUILDING SERVICES,USA,UNITED STATES,12601 VAN NUYS BLVD UNIT 211,,PACOIMA,06037,LOS ANGELES,06,CA,CALIFORNIA,913311331,CA-29,CA-29,8184304662,,USA,UNITED STATES,MARCH ARB,06065,RIVERSIDE,06,CA,CALIFORNIA,925180001,CA-41,CA-39,AWARD,D,DEFINITIVE CONTRACT,,,,,,,Y,TIME AND MATERIALS,"AWARD OF HVAC-R MAINTENANCE IN RIVERSIDE, CA",HQ051619R0009,1,OT,OTHER FUNCTIONS,J041,"MAINT/REPAIR/REBUILD OF EQUIPMENT- REFRIGERATION, AIR CONDITIONING, AND AIR CIRCULATING EQUIPMENT",H,NOT BUNDLED,S1,SERVICES,238220,"PLUMBING, HEATING, AND AIR-CONDITIONING CONTRACTORS",A,FAR 52.223-4 INCLUDED,A,U.S. OWNED BUSINESS,000,NONE,Z,NOT IT PRODUCTS OR SERVICES,A,MEETS REQUIREMENTS,USA,UNITED STATES,C,NOT A MANUFACTURED END PRODUCT,B,PLAN NOT REQUIRED,B,NOT AVAILABLE FOR COMPETITION,SSS,ONLY ONE SOURCE,8AN,8(A) SOLE SOURCE,NONE,NO PREFERENCE USED,,,,,OTH,AUTHORIZED BY STATUTE (FAR 6.302-5(A)(2)(I)),1,A,COMMERCIAL ITEM,f,N,NO,N,NO,N,NO,N,NO,0.00,N,NO,X,NOT APPLICABLE,Y,YES,X,NOT APPLICABLE,X,NOT APPLICABLE,,,,,,,,NONE,NONE,N,NO,X,NOT APPLICABLE EXEMPT FROM CAS,N,TRANSACTION DOES NOT USE GFE/GFP,U,UNKNOWN,D,NOT CONSOLIDATED,Y,YES - SERVICE WHERE PBA IS USED.,N,NO,D,UNUSUAL PROGRESS PAYMENTS OR ADVANCE PAYMENTS,N,NO,X,NOT APPLICABLE,f,f,f,f,f,f,f,f,f,f,f,f,t,f,f,f,f,f,t,SMALL BUSINESS,S,f,f,f,f,f,f,f,f,f,f,f,f,f,f,f,f,f,CORPORATE NOT TAX EXEMPT,t,f,f,f,f,f,f,f,f,f,f,f,f,f,f,f,f,t,f,f,f,f,f,f,f,f,f,f,t,f,f,f,f,f,f,f,f,f,f,f,f,f,f,f,t,t,f,t,t,f,,,,,,,,,,,https://www.usaspending.gov/award/CONT_AWD_HQ051619C0004_9700_-NONE-_-NONE-/,2021-04-20 20:41:41+00
CONT_AWD_HR001110C0090_9700_-NONE-_-NONE-,HR001110C0090,,,,,,,,,14447046.67,,3957894.67,3957894.67,2010-06-29,2010,2021-04-20,2021,2010-06-29,2018-06-01,2018-06-01 00:00:00,,,097,Department of Defense,9763,Defense Contract Management Agency,S4804A,DCMA FIXED WING PUGET SOUND,097,Department of Defense,5700,Department of the Air Force,FA8650,FA8650  USAF AFMC AFRL PZL AFRL/PZL,,,,,X,NOT APPLICABLE,,,H4DYTE2MHQ11,622377070,THE BOEING COMPANY,"BOEING COMPANY, THE",,4JSW3,NU2UC8MX6NK1,009256819,THE BOEING COMPANY,THE BOEING COMPANY,USA,UNITED STATES,7755 E MARGINAL WAY S,,SEATTLE,53033,KING,53,WA,WASHINGTON,981084002,WA-09,WA-07,3147407286,3147771849,USA,UNITED STATES,TUKWILA,53033,KING,53,WA,WASHINGTON,981084002,WA-09,WA-07,AWARD,D,DEFINITIVE CONTRACT,,,,,,,U,COST PLUS FIXED FEE,"THE OVERALL PROGRAM GOAL IS TO REDUCE THE RISKS AND UNCERTAINTIES ASSOCIATED WITH PERFORMING EXTENDED FLIGHTS IN FORMATIONS TO A SUFFICIENT LEVEL WHILE STILL ACHIEVING A SIGNIFICANT AERODYNAMIC PERFORMANCE BENEFIT. THE CONTRACTOR SHALL PROVIDE A CLEAR UNDERSTANDING OF THE TRADE SPACE BETWEEN AERODYNAMIC BENEFIT AND LIMITS BASED ON SAFETY, ENGINES, AIRFRAME, AND CREW WORKLOAD.  THIS EFFORT WILL CONSIST OF TWO PHASES.",,1,,,AD92,R&D- DEFENSE OTHER: OTHER (APPLIED RESEARCH/EXPLORATORY DEVELOPMENT),D,NOT A BUNDLED REQUIREMENT,C9E,ALL OTHERS NOT IDENTIFIABLE TO ANY OTHER PROCUREMENT PROGRAM,541712,"RESEARCH AND DEVELOPMENT IN THE PHYSICAL, ENGINEERING, AND LIFE SCIENCES (EXCEPT BIOTECHNOLOGY)",C,NO CLAUSES INCLUDED AND NO SUSTAINABILITY INCLUDED,A,U.S. OWNED BUSINESS,000,NONE,Z,NOT IT PRODUCTS OR SERVICES,E,NOT REQUIRED,USA,UNITED STATES,C,NOT A MANUFACTURED END PRODUCT,C,PLAN REQUIRED - INCENTIVE NOT INCLUDED,C,NOT COMPETED,SSS,ONLY ONE SOURCE,NONE,NO SET ASIDE USED.,NONE,NO PREFERENCE USED,,,,,ONE,ONLY ONE SOURCE-OTHER (FAR 6.302-1 OTHER),1,D,COMMERCIAL ITEM PROCEDURES NOT USED,f,N,NO,N,NO,Y,YES,N,NO,0.00,N,NO,N,NO,N,NO,N,NO,X,NOT APPLICABLE,,,,,,,,NONE,NONE,Y,YES,Y,YES - CAS CLAUSE INCLUDED,Y,TRANSACTION USES GFE/GFP,N,NO,N,NO,N,NO - SERVICE WHERE PBA IS NOT USED.,N,NO,Z,NOT APPLICABLE,N,NO,X,NOT APPLICABLE,f,f,f,f,f,f,f,f,f,f,f,f,f,f,f,f,f,f,f,OTHER THAN SMALL BUSINESS,O,f,f,f,f,f,f,f,f,f,f,f,f,f,f,f,f,f,CORPORATE NOT TAX EXEMPT,t,f,f,f,f,f,f,f,f,f,f,f,t,f,f,f,f,t,f,f,f,f,f,f,f,f,f,f,t,f,f,f,f,f,f,f,f,f,f,f,f,f,f,f,f,f,f,f,f,f,,,,,,,,,,,https://www.usaspending.gov/award/CONT_AWD_HR001110C0090_9700_-NONE-_-NONE-/,2021-04-20 15:03:11+00
CONT_AWD_HR001115C0018_9700_-NONE-_-NONE-,HR001115C0018,,,,,,,,,3817362.95,,3817362.95,3817362.95,2015-01-15,2015,2021-04-21,2021,2015-01-15,2016-01-16,2016-01-16 00:00:00,,,097,Department of Defense,97AE,Defense Advanced Research Projects Agency,HR0011,DEF ADVANCED RESEARCH PROJECTS AGCY,097,Department of Defense,97AE,Defense Advanced Research Projects Agency,HR0011,DEF ADVANCED RESEARCH PROJECTS AGCY,,,,,X,NOT APPLICABLE,,,JCBMLGPE6Z71,006928857,BOOZ ALLEN HAMILTON INC,BOOZ ALLEN HAMILTON INC.,,17038,MBPHTU7Y9S65,964725688,BOOZ ALLEN HAMILTON HOLDING CORPORATION,BOOZ ALLEN HAMILTON HOLDING CORPORATION,USA,UNITED STATES,8283 GREENSBORO DR,,MCLEAN,51059,FAIRFAX,51,VA,VIRGINIA,221023830,VA-11,VA-11,7033770667,7039023200,USA,UNITED STATES,MCLEAN,51059,FAIRFAX,51,VA,VIRGINIA,221023830,VA-11,VA-11,AWARD,D,DEFINITIVE CONTRACT,,,,,,,U,COST PLUS FIXED FEE,IGF::CL::IGF - DARPA TTO SETA SUPPORT SERVICES,,1,CL,CLOSELY ASSOCIATED,R499,SUPPORT- PROFESSIONAL: OTHER,D,NOT A BUNDLED REQUIREMENT,S1,SERVICES,541690,OTHER SCIENTIFIC AND TECHNICAL CONSULTING SERVICES,C,NO CLAUSES INCLUDED AND NO SUSTAINABILITY INCLUDED,A,U.S. OWNED BUSINESS,000,NONE,Z,NOT IT PRODUCTS OR SERVICES,E,NOT REQUIRED,USA,UNITED STATES,C,NOT A MANUFACTURED END PRODUCT,C,PLAN REQUIRED - INCENTIVE NOT INCLUDED,C,NOT COMPETED,SSS,ONLY ONE SOURCE,NONE,NO SET ASIDE USED.,NONE,NO PREFERENCE USED,,,,,UNQ,UNIQUE SOURCE (FAR 6.302-1(B)(1)),1,D,COMMERCIAL ITEM PROCEDURES NOT USED,f,N,NO,N,NO,Y,YES,N,NO,0.00,N,NO,X,NOT APPLICABLE,X,NOT APPLICABLE,X,NOT APPLICABLE,X,NOT APPLICABLE,,,,,,,,NONE,NONE,N,NO,Y,YES - CAS CLAUSE INCLUDED,N,TRANSACTION DOES NOT USE GFE/GFP,U,UNKNOWN,N,NO,Y,YES - SERVICE WHERE PBA IS USED.,N,NO,Z,NOT APPLICABLE,N,NO,X,NOT APPLICABLE,f,f,f,f,f,f,f,f,f,f,f,f,f,f,f,f,f,f,f,OTHER THAN SMALL BUSINESS,O,f,f,f,f,f,f,f,f,f,f,f,f,f,f,f,f,f,CORPORATE NOT TAX EXEMPT,t,f,f,f,f,f,f,f,f,f,f,f,f,f,f,f,f,t,f,f,f,f,f,f,f,f,f,f,t,f,f,f,f,f,f,f,f,f,f,f,f,f,f,f,f,f,f,f,f,f,,,,,,,,,,,https://www.usaspending.gov/award/CONT_AWD_HR001115C0018_9700_-NONE-_-NONE-/,2021-04-21 16:16:13+00
CONT_AWD_HR001116C0107_9700_-NONE-_-NONE-,HR001116C0107,,,,,,,,,4195280.00,,4195280.00,23638824.00,2016-08-04,2016,2021-04-20,2021,2016-08-04,2018-11-04,2022-02-04 00:00:00,,,097,Department of Defense,9763,Defense Contract Management Agency,S0514A,DCMA SOUTHERN CAL (SAN DIEGO),097,Department of Defense,97AE,Defense Advanced Research Projects Agency,HR0011,DEF ADVANCED RESEARCH PROJECTS AGCY,,,,,X,NOT APPLICABLE,,,RN43FYPYNKP4,841440832,TREX ENTERPRISES CORPORATION,TREX ENTERPRISES CORPORATION,,0ZKJ6,RN43FYPYNKP4,841440832,TREX ENTERPRISES CORPORATION,TREX ENTERPRISES CORPORATION,USA,UNITED STATES,10455 PACIFIC CENTER CT,,SAN DIEGO,06073,SAN DIEGO,06,CA,CALIFORNIA,921214339,CA-53,CA-51,8586465462,8586465581,USA,UNITED STATES,SAN DIEGO,06073,SAN DIEGO,06,CA,CALIFORNIA,921214339,CA-52,CA-51,AWARD,D,DEFINITIVE CONTRACT,,,,,,,U,COST PLUS FIXED FEE,"IGF::OT::IGF MODULAR APERTURE OPTICAL BUILDING BLOCKS (MOABB), CHIP-SCALE OPTICAL PLANAR LADAR ARCHITECTURE (COPLA).",,1,OT,OTHER FUNCTIONS,AD92,R&D- DEFENSE OTHER: OTHER (APPLIED RESEARCH/EXPLORATORY DEVELOPMENT),D,NOT A BUNDLED REQUIREMENT,A7,ELECTRONICS AND COMMUNICATION EQUIPMENT,541712,"RESEARCH AND DEVELOPMENT IN THE PHYSICAL, ENGINEERING, AND LIFE SCIENCES (EXCEPT BIOTECHNOLOGY)",C,NO CLAUSES INCLUDED AND NO SUSTAINABILITY INCLUDED,A,U.S. OWNED BUSINESS,000,NONE,Z,NOT IT PRODUCTS OR SERVICES,E,NOT REQUIRED,USA,UNITED STATES,C,NOT A MANUFACTURED END PRODUCT,B,PLAN NOT REQUIRED,A,FULL AND OPEN COMPETITION,BR,BASIC RESEARCH,NONE,NO SET ASIDE USED.,NONE,NO PREFERENCE USED,,,,,,,16,D,COMMERCIAL ITEM PROCEDURES NOT USED,f,N,NO,N,NO,N,NO,N,NO,0.00,N,NO,N,NO,N,NO,N,NO,X,NOT APPLICABLE,,,,,,,,NONE,NONE,N,NO,Y,YES - CAS CLAUSE INCLUDED,N,TRANSACTION DOES NOT USE GFE/GFP,U,UNKNOWN,N,NO,N,NO - SERVICE WHERE PBA IS NOT USED.,N,NO,Z,NOT APPLICABLE,N,NO,X,NOT APPLICABLE,f,f,f,f,f,f,f,f,f,f,f,f,f,f,f,f,f,f,f,SMALL BUSINESS,S,f,f,f,f,f,f,f,f,f,f,f,f,f,f,f,f,f,CORPORATE NOT TAX EXEMPT,t,f,f,f,f,f,f,f,f,f,f,f,f,f,f,f,f,t,f,f,f,f,f,f,f,f,f,f,t,f,f,f,f,f,f,f,f,f,f,f,f,f,f,f,f,f,f,f,f,f,,,,,,,,,,,https://www.usaspending.gov/award/CONT_AWD_HR001116C0107_9700_-NONE-_-NONE-/,2021-04-23 11:35:21+00
CONT_AWD_HR001117C0116_9700_-NONE-_-NONE-,HR001117C0116,,,,Q: Not Designated Nonemergency/Emergency/Disaster/Wildfire Suppression,,,,,548518.15,0.00,548518.15,3884230.15,2017-08-24,2017,2021-04-16,2021,2017-08-24,2018-03-27,2018-03-27 00:00:00,,,097,Department of Defense,9763,Defense Contract Management Agency,S2401A,DCMA GREAT PLAINS,097,Department of Defense,97AE,Defense Advanced Research Projects Agency,HR0011,DEF ADVANCED RESEARCH PROJECTS AGCY,097-2017/2018-0400-000,097-0400,25.5: Research and development contracts,0001: BASIC RESEARCH,X,NOT APPLICABLE,,,J4Q3HP6NHK47,060605883,"ROCKWELL COLLINS, INC.","ROCKWELL COLLINS, INC.",,13499,PPLZG8J3N9D4,001344142,RTX CORP,RAYTHEON TECHNOLOGIES CORPORATION,USA,UNITED STATES,400 COLLINS RD NE,,CEDAR RAPIDS,19113,LINN,19,IA,IOWA,524980505,IA-01,IA-02,3192655467,3192951787,USA,UNITED STATES,CEDAR RAPIDS,19113,LINN,19,IA,IOWA,524980505,IA-01,IA-02,AWARD,D,DEFINITIVE CONTRACT,,,,,,,U,COST PLUS FIXED FEE,IGF::OT::IGF  THE AMEBA PROGRAM EXPLORES A FUNDAMENTALLY NEW APPROACH OF BUILDING ANTENNA TRANSMITTERS BASED ON MECHANICAL NOTION OF MAGNETIC DIPOLES AND ELECTRIC MONOPOLES/DIPOLES TO INDUCE TIME-VARYING MAGNETIC FIELDS.,HR001117S0007,1,OT,OTHER FUNCTIONS,AD91,R&D- DEFENSE OTHER: OTHER (BASIC RESEARCH),H,NOT BUNDLED,A7,ELECTRONICS AND COMMUNICATION EQUIPMENT,541712,"RESEARCH AND DEVELOPMENT IN THE PHYSICAL, ENGINEERING, AND LIFE SCIENCES (EXCEPT BIOTECHNOLOGY)",C,NO CLAUSES INCLUDED AND NO SUSTAINABILITY INCLUDED,A,U.S. OWNED BUSINESS,000,NONE,Z,NOT IT PRODUCTS OR SERVICES,E,NOT REQUIRED,USA,UNITED STATES,C,NOT A MANUFACTURED END PRODUCT,F,INDIVIDUAL SUBCONTRACT PLAN,A,FULL AND OPEN COMPETITION,BR,BASIC RESEARCH,NONE,NO SET ASIDE USED.,NONE,NO PREFERENCE USED,,,,,,,25,D,COMMERCIAL ITEM PROCEDURES NOT USED,f,N,NO,N,NO,Y,YES,N,NO,0.00,N,NO,N,NO,N,NO,N,NO,X,NOT APPLICABLE,,,,,,,,NONE,NONE,N,NO,Y,YES - CAS CLAUSE INCLUDED,Y,TRANSACTION USES GFE/GFP,N,NO,D,NOT CONSOLIDATED,N,NO - SERVICE WHERE PBA IS NOT USED.,N,NO,Z,NOT APPLICABLE,N,NO,X,NOT APPLICABLE,f,f,f,f,f,f,f,f,f,f,f,f,f,f,f,f,f,f,f,OTHER THAN SMALL BUSINESS,O,f,f,f,f,f,f,f,f,f,f,f,f,f,f,f,f,f,CORPORATE NOT TAX EXEMPT,t,f,f,f,f,f,f,f,f,f,f,f,t,f,f,f,f,t,f,f,f,f,f,f,f,f,f,f,t,f,f,f,f,f,f,f,f,f,f,f,f,f,f,f,f,f,f,f,f,f,,,,,,,,,,,https://www.usaspending.gov/award/CONT_AWD_HR001117C0116_9700_-NONE-_-NONE-/,2021-04-16 12:01:31+00
CONT_AWD_HR001118C0046_9700_-NONE-_-NONE-,HR001118C0046,,,,Q: Not Designated Nonemergency/Emergency/Disaster/Wildfire Suppression,,,,,809693.00,5253.67,809693.00,809693.00,2017-12-19,2018,2021-04-20,2021,2017-12-15,2020-11-30,2020-11-30 00:00:00,,,097,Department of Defense,97AE,Defense Advanced Research Projects Agency,HR0011,DEF ADVANCED RESEARCH PROJECTS AGCY,097,Department of Defense,97AE,Defense Advanced Research Projects Agency,HR0011,DEF ADVANCED RESEARCH PROJECTS AGCY,097-2019/2020-0400-000,097-0400,25.5: Research and development contracts,OPTN: FIELD IS OPTIONAL PRIOR TO FY21,X,NOT APPLICABLE,,,C823M4R4SET6,,VESPERIX CORPORATION,VESPERIX CORPORATION,,61JN6,C823M4R4SET6,,VESPERIX CORPORATION,VESPERIX,USA,UNITED STATES,803 WEST BROAD ST STE 520,,FALLS CHURCH,51610,FALLS CHURCH (CITY),51,VA,VIRGINIA,220463108,VA-08,VA-08,7032244422,7035627077,USA,UNITED STATES,FALLS CHURCH,51610,FALLS CHURCH CITY,51,VA,VIRGINIA,220463108,VA-08,VA-08,AWARD,D,DEFINITIVE CONTRACT,,,,,,,U,COST PLUS FIXED FEE,"ITA3 PHASE 1 (FEASIBILITY STUDY) AND PHASE 2 OPTION (PROOF OF CONCEPT), OPTIMUM VLF IMAGING.",HR001117S0040,1,OT,OTHER FUNCTIONS,AD91,R&D- DEFENSE OTHER: OTHER (BASIC RESEARCH),H,NOT BUNDLED,C9E,ALL OTHERS NOT IDENTIFIABLE TO ANY OTHER PROCUREMENT PROGRAM,541715,"RESEARCH AND DEVELOPMENT IN THE PHYSICAL, ENGINEERING, AND LIFE SCIENCES (EXCEPT NANOTECHNOLOGY AND BIOTECHNOLOGY)",C,NO CLAUSES INCLUDED AND NO SUSTAINABILITY INCLUDED,A,U.S. OWNED BUSINESS,000,NONE,Z,NOT IT PRODUCTS OR SERVICES,E,NOT REQUIRED,USA,UNITED STATES,C,NOT A MANUFACTURED END PRODUCT,B,PLAN NOT REQUIRED,A,FULL AND OPEN COMPETITION,BR,BASIC RESEARCH,NONE,NO SET ASIDE USED.,NONE,NO PREFERENCE USED,,,,,,,26,D,COMMERCIAL ITEM PROCEDURES NOT USED,f,N,NO,N,NO,Y,YES,N,NO,0.00,N,NO,X,NOT APPLICABLE,N,NO,X,NOT APPLICABLE,X,NOT APPLICABLE,,,,,,,,NONE,NONE,Y,YES,X,NOT APPLICABLE EXEMPT FROM CAS,N,TRANSACTION DOES NOT USE GFE/GFP,N,NO,D,NOT CONSOLIDATED,N,NO - SERVICE WHERE PBA IS NOT USED.,N,NO,Z,NOT APPLICABLE,N,NO,X,NOT APPLICABLE,f,f,f,f,f,f,f,f,f,f,f,f,f,f,f,f,f,f,f,SMALL BUSINESS,S,f,f,f,f,f,f,f,f,f,f,f,f,f,f,f,f,f,CORPORATE NOT TAX EXEMPT,t,f,f,f,f,f,f,f,f,f,f,f,f,f,f,f,f,t,f,f,f,f,f,f,f,t,f,f,t,f,f,f,f,f,f,f,f,f,f,f,f,f,f,f,f,f,f,f,f,f,,,,,,,,,,,https://www.usaspending.gov/award/CONT_AWD_HR001118C0046_9700_-NONE-_-NONE-/,2025-04-22 16:50:17+00
CONT_AWD_HR001119C0009_9700_-NONE-_-NONE-,HR001119C0009,,,,Q: Not Designated Nonemergency/Emergency/Disaster/Wildfire Suppression,,,,,1606834.00,0.00,1606834.00,1606834.00,2018-10-19,2019,2021-04-20,2021,2018-10-19,2020-01-18,2020-01-18 00:00:00,,2017-11-30,097,Department of Defense,97AE,Defense Advanced Research Projects Agency,HR0011,DEF ADVANCED RESEARCH PROJECTS AGCY,097,Department of Defense,97AE,Defense Advanced Research Projects Agency,HR0011,DEF ADVANCED RESEARCH PROJECTS AGCY,097-2018/2019-0400-000;097-2019/2020-0400-000,097-0400,25.5: Research and development contracts,0001: BASIC RESEARCH,X,NOT APPLICABLE,,,SRG2J1WS9X63,009232752,SRI INTERNATIONAL,SRI INTERNATIONAL,,03652,SRG2J1WS9X63,009232752,SRI INTERNATIONAL,SRI INTERNATIONAL,USA,UNITED STATES,333 RAVENSWOOD AVE,,MENLO PARK,06081,SAN MATEO,06,CA,CALIFORNIA,940253453,CA-18,CA-16,6508594424,6508596009,USA,UNITED STATES,MENLO PARK,06081,SAN MATEO,06,CA,CALIFORNIA,940253453,CA-18,CA-16,AWARD,D,DEFINITIVE CONTRACT,,,,,,,U,COST PLUS FIXED FEE,DARPA RESEARCH PROJECT.,HR001116S0001,1,OT,OTHER FUNCTIONS,AD93,R&D- DEFENSE OTHER: OTHER (ADVANCED DEVELOPMENT),H,NOT BUNDLED,A7,ELECTRONICS AND COMMUNICATION EQUIPMENT,541715,"RESEARCH AND DEVELOPMENT IN THE PHYSICAL, ENGINEERING, AND LIFE SCIENCES (EXCEPT NANOTECHNOLOGY AND BIOTECHNOLOGY)",C,NO CLAUSES INCLUDED AND NO SUSTAINABILITY INCLUDED,A,U.S. OWNED BUSINESS,000,NONE,Z,NOT IT PRODUCTS OR SERVICES,E,NOT REQUIRED,USA,UNITED STATES,C,NOT A MANUFACTURED END PRODUCT,F,INDIVIDUAL SUBCONTRACT PLAN,A,FULL AND OPEN COMPETITION,BR,BASIC RESEARCH,NONE,NO SET ASIDE USED.,NONE,NO PREFERENCE USED,,,,,,,138,D,COMMERCIAL ITEM PROCEDURES NOT USED,f,N,NO,N,NO,Y,YES,N,NO,0.00,N,NO,X,NOT APPLICABLE,X,NOT APPLICABLE,X,NOT APPLICABLE,X,NOT APPLICABLE,,,,,,,,NONE,NONE,N,NO,Y,YES - CAS CLAUSE INCLUDED,Y,TRANSACTION USES GFE/GFP,N,NO,D,NOT CONSOLIDATED,N,NO - SERVICE WHERE PBA IS NOT USED.,N,NO,Z,NOT APPLICABLE,N,NO,X,NOT APPLICABLE,f,f,f,f,f,f,f,f,f,f,f,f,f,f,f,f,f,f,f,OTHER THAN SMALL BUSINESS,O,f,f,f,f,f,f,f,f,f,f,f,f,f,f,f,f,f,CORPORATE TAX EXEMPT,f,t,f,f,f,f,f,f,f,f,f,f,f,f,f,f,f,t,f,f,f,f,f,f,f,f,f,f,f,t,f,f,f,f,f,f,f,f,f,f,f,f,f,f,f,f,f,f,f,f,,,,,,,,,,,https://www.usaspending.gov/award/CONT_AWD_HR001119C0009_9700_-NONE-_-NONE-/,2021-04-20 19:22:26+00
CONT_AWD_HR001120C0059_9700_-NONE-_-NONE-,HR001120C0059,,,,N: Emergency P.L. 116-136;Q: Not Designated Nonemergency/Emergency/Disaster/Wildfire Suppression,0,1491593.00,,,2991550.00,0.00,2991550.00,2991550.00,2020-04-23,2020,2021-04-22,2021,2020-04-23,2021-05-31,2021-05-31 00:00:00,,2019-08-05,097,Department of Defense,97AE,Defense Advanced Research Projects Agency,HR0011,DEF ADVANCED RESEARCH PROJECTS AGCY,097,Department of Defense,97AE,Defense Advanced Research Projects Agency,HR0011,DEF ADVANCED RESEARCH PROJECTS AGCY,057-2020/2021-3600-000,057-3600,25.5: Research and development contracts,0001: BASIC RESEARCH;OPTN: FIELD IS OPTIONAL PRIOR TO FY21,X,NOT APPLICABLE,,,SA7ZWUEM9RG4,964928464,SYSTEMS & TECHNOLOGY RESEARCH LLC,SYSTEMS & TECHNOLOGY RESEARCH LLC,,65L89,SA7ZWUEM9RG4,964928464,SYSTEMS & TECHNOLOGY RESEARCH LLC,SYSTEMS & TECHNOLOGY RESEARCH LLC,USA,UNITED STATES,600 W CUMMINGS PARK STE 6500,,WOBURN,25017,MIDDLESEX,25,MA,MASSACHUSETTS,018017222,MA-05,MA-05,7816061602,7812817998,USA,UNITED STATES,WOBURN,25017,MIDDLESEX,25,MA,MASSACHUSETTS,018017222,MA-05,MA-05,AWARD,D,DEFINITIVE CONTRACT,,,,,,,U,COST PLUS FIXED FEE,SENSOR AND INFORMATION RESOURCE MANAGER (SIRM) STUDY,HR001119S0032,1,OT,OTHER FUNCTIONS,AD94,R&D- DEFENSE OTHER: OTHER (ENGINEERING DEVELOPMENT),H,NOT BUNDLED,C9E,ALL OTHERS NOT IDENTIFIABLE TO ANY OTHER PROCUREMENT PROGRAM,541715,"RESEARCH AND DEVELOPMENT IN THE PHYSICAL, ENGINEERING, AND LIFE SCIENCES (EXCEPT NANOTECHNOLOGY AND BIOTECHNOLOGY)",C,NO CLAUSES INCLUDED AND NO SUSTAINABILITY INCLUDED,A,U.S. OWNED BUSINESS,000,NONE,Z,NOT IT PRODUCTS OR SERVICES,E,NOT REQUIRED,USA,UNITED STATES,C,NOT A MANUFACTURED END PRODUCT,B,PLAN NOT REQUIRED,A,FULL AND OPEN COMPETITION,BR,BASIC RESEARCH,NONE,NO SET ASIDE USED.,NONE,NO PREFERENCE USED,,,,,,,57,D,COMMERCIAL ITEM PROCEDURES NOT USED,f,N,NO,N,NO,Y,YES,N,NO,0.00,N,NO,X,NOT APPLICABLE,X,NOT APPLICABLE,X,NOT APPLICABLE,X,NOT APPLICABLE,,,,,,,,NONE,NONE,Y,YES,X,NOT APPLICABLE EXEMPT FROM CAS,N,TRANSACTION DOES NOT USE GFE/GFP,N,NO,D,NOT CONSOLIDATED,N,NO - SERVICE WHERE PBA IS NOT USED.,N,NO,Z,NOT APPLICABLE,N,NO,X,NOT APPLICABLE,f,f,f,f,f,f,f,f,f,f,f,f,f,f,f,f,f,f,f,SMALL BUSINESS,S,f,f,f,f,f,f,f,f,f,f,f,f,f,f,f,f,f,PARTNERSHIP,f,f,t,f,f,f,f,f,f,f,f,f,f,f,f,f,f,t,f,f,f,f,f,f,f,f,t,f,t,f,f,f,f,f,f,f,f,f,f,f,f,f,f,f,f,f,f,f,f,f,MARK  LUETTGEN,649212.00,MARK  MCCLURE,509557.00,STEPHEN  KOGON,422732.00,ERIC  JONES,422620.00,GIL  ETTINGER,403188.00,https://www.usaspending.gov/award/CONT_AWD_HR001120C0059_9700_-NONE-_-NONE-/,2021-04-22 09:35:13+00
CONT_AWD_HR001120C0148_9700_-NONE-_-NONE-,HR001120C0148,,,,N: Emergency P.L. 116-136;Q: Not Designated Nonemergency/Emergency/Disaster/Wildfire Suppression,0,470706.00,,,470706.00,0.00,470706.00,470706.00,2020-07-31,2020,2021-04-20,2021,2020-07-31,2021-08-01,2021-08-01 00:00:00,,2020-02-28,097,Department of Defense,97AE,Defense Advanced Research Projects Agency,HR0011,DEF ADVANCED RESEARCH PROJECTS AGCY,097,Department of Defense,97AE,Defense Advanced Research Projects Agency,HR0011,DEF ADVANCED RESEARCH PROJECTS AGCY,097-2020/2021-0400-000,097-0400,25.5: Research and development contracts,0001: BASIC RESEARCH;OPTN: FIELD IS OPTIONAL PRIOR TO FY21,X,NOT APPLICABLE,,,L2PXALSBPSA9,966516820,AIR & SPACE FORCES ASSOCIATION,AIR FORCE ASSOCIATION,,6X6V8,L2PXALSBPSA9,966516820,AIR & SPACE FORCES ASSOCIATION,AIR FORCE ASSOCIATION,USA,UNITED STATES,1501 LEE HWY STE 400,,ARLINGTON,51013,ARLINGTON,51,VA,VIRGINIA,222091109,VA-08,VA-08,7032475810,7032475853,USA,UNITED STATES,ARLINGTON,51013,ARLINGTON,51,VA,VIRGINIA,222091109,VA-08,VA-08,AWARD,D,DEFINITIVE CONTRACT,,,,,,,J,FIRM FIXED PRICE,MISSION OPTIONALITY FOR A MOSAIC FORCE,HR001119S0032,1,OT,OTHER FUNCTIONS,AD93,R&D- DEFENSE OTHER: OTHER (ADVANCED DEVELOPMENT),H,NOT BUNDLED,A7,ELECTRONICS AND COMMUNICATION EQUIPMENT,541715,"RESEARCH AND DEVELOPMENT IN THE PHYSICAL, ENGINEERING, AND LIFE SCIENCES (EXCEPT NANOTECHNOLOGY AND BIOTECHNOLOGY)",C,NO CLAUSES INCLUDED AND NO SUSTAINABILITY INCLUDED,B,OTHER U.S. ENTITY (E.G. GOVERNMENT),000,NONE,Z,NOT IT PRODUCTS OR SERVICES,E,NOT REQUIRED,USA,UNITED STATES,C,NOT A MANUFACTURED END PRODUCT,B,PLAN NOT REQUIRED,A,FULL AND OPEN COMPETITION,BR,BASIC RESEARCH,NONE,NO SET ASIDE USED.,NONE,NO PREFERENCE USED,,,,,,,25,D,COMMERCIAL ITEM PROCEDURES NOT USED,f,N,NO,N,NO,Y,YES,N,NO,0.00,N,NO,X,NOT APPLICABLE,X,NOT APPLICABLE,X,NOT APPLICABLE,X,NOT APPLICABLE,,,,,,,,NONE,NONE,N,NO,Y,YES - CAS CLAUSE INCLUDED,N,TRANSACTION DOES NOT USE GFE/GFP,N,NO,D,NOT CONSOLIDATED,N,NO - SERVICE WHERE PBA IS NOT USED.,N,NO,Z,NOT APPLICABLE,N,NO,X,NOT APPLICABLE,f,f,f,f,f,f,f,f,f,f,f,f,f,f,f,f,f,f,f,OTHER THAN SMALL BUSINESS,O,f,f,f,f,f,f,f,f,f,f,f,f,f,f,f,f,f,CORPORATE TAX EXEMPT,f,t,f,f,f,f,f,f,f,f,f,f,f,f,f,f,f,t,f,f,f,f,f,f,f,f,f,f,f,t,f,f,f,f,f,f,f,f,f,f,f,f,f,f,f,f,f,f,f,f,,,,,,,,,,,https://www.usaspending.gov/award/CONT_AWD_HR001120C0148_9700_-NONE-_-NONE-/,2021-04-20 14:32:42+00
CONT_AWD_HT001520C0006_9700_-NONE-_-NONE-,HT001520C0006,,,,Q: Not Designated Nonemergency/Emergency/Disaster/Wildfire Suppression,,,,,1033628.75,0.00,1033628.75,2937791.14,2020-09-01,2020,2021-04-21,2021,2020-09-02,2022-06-07,2025-06-07 00:00:00,,2020-07-06,097,Department of Defense,97DH,Defense Health Agency,HT0015,DHA ENTERPRISE MED SUPPORT EMS-CD,097,Department of Defense,97DH,Defense Health Agency,HT0036,DHA J6/ISRMB,097-2020/2020-0130-000,097-0130,25.7: Operation and maintenance of equipment,OPTN: FIELD IS OPTIONAL PRIOR TO FY21,X,NOT APPLICABLE,,,DMHXTXRARC74,,CERNER CORPORATION,CERNER CORPORATION,,1JCJ0,DMHXTXRARC74,,CERNER CORPORATION,CERNER CORPORATION,USA,UNITED STATES,2800 ROCKCREEK PKWY,,KANSAS CITY,29047,CLAY,29,MO,MISSOURI,641172521,MO-05,MO-05,8162010523,8169369155,USA,UNITED STATES,JBSA FT SAM HOUSTON,48029,BEXAR,48,TX,TEXAS,782344400,TX-21,TX-21,AWARD,D,DEFINITIVE CONTRACT,,,,,,,J,FIRM FIXED PRICE,SUPPOORT MAINTENANCE J-6 FOR THE CERNER COPATH SOFTWARE APPLICATION,HT001520R0044,1,OT,OTHER FUNCTIONS,D319,IT AND TELECOM- ANNUAL SOFTWARE MAINTENANCE SERVICE PLANS,H,NOT BUNDLED,C9E,ALL OTHERS NOT IDENTIFIABLE TO ANY OTHER PROCUREMENT PROGRAM,541519,OTHER COMPUTER RELATED SERVICES,C,NO CLAUSES INCLUDED AND NO SUSTAINABILITY INCLUDED,A,U.S. OWNED BUSINESS,000,NONE,A,COMMERCIALLY AVAILABLE,E,NOT REQUIRED,USA,UNITED STATES,C,NOT A MANUFACTURED END PRODUCT,B,PLAN NOT REQUIRED,C,NOT COMPETED,SSS,ONLY ONE SOURCE,NONE,NO SET ASIDE USED.,NONE,NO PREFERENCE USED,,,,,ONE,ONLY ONE SOURCE-OTHER (FAR 6.302-1 OTHER),1,A,COMMERCIAL ITEM,f,N,NO,N,NO,Y,YES,N,NO,0.00,N,NO,X,NOT APPLICABLE,X,NOT APPLICABLE,X,NOT APPLICABLE,X,NOT APPLICABLE,,,,,,,,NONE,NONE,N,NO,X,NOT APPLICABLE EXEMPT FROM CAS,N,TRANSACTION DOES NOT USE GFE/GFP,U,UNKNOWN,D,NOT CONSOLIDATED,Y,YES - SERVICE WHERE PBA IS USED.,N,NO,Z,NOT APPLICABLE,N,NO,X,NOT APPLICABLE,f,f,f,f,f,f,f,f,f,f,f,f,f,f,f,f,f,f,f,OTHER THAN SMALL BUSINESS,O,f,f,f,f,f,f,f,f,f,f,f,f,f,f,f,f,f,CORPORATE NOT TAX EXEMPT,t,f,f,f,f,f,f,f,f,f,f,f,f,f,f,f,f,t,f,f,f,f,f,f,f,f,f,f,t,f,f,f,f,f,f,f,f,f,f,f,f,f,f,f,f,f,f,f,f,f,,,,,,,,,,,https://www.usaspending.gov/award/CONT_AWD_HT001520C0006_9700_-NONE-_-NONE-/,2025-04-22 16:50:17+00
CONT_AWD_HT003821C0007_9700_-NONE-_-NONE-,HT003821C0007,,,,,,,,,833384.00,,833384.00,833384.00,2021-04-13,2021,2021-04-22,2021,2021-04-12,2021-10-31,2021-10-31 00:00:00,,,097,Department of Defense,97DH,Defense Health Agency,HT0038,DEFENSE HEALTH AGENCY,097,Department of Defense,97DH,Defense Health Agency,HT0062,DHMSM PROGRAM MANAGEMENT OFFICE,,,,,X,NOT APPLICABLE,,,LZ53AT1DCF44,,"CHEROKEE NATION OPERATIONAL SOLUTIONS, L.L.C.","CHEROKEE NATION OPERATIONAL SOLUTIONS, L.L.C.",,57X59,LZ53AT1DCF44,,"CHEROKEE NATION OPERATIONAL SOLUTIONS, L.L.C.",CHEROKEE NATION DISTRIBUTION  L.L.C.,USA,UNITED STATES,10838 E MARSHALL ST STE 220-A,,TULSA,40143,TULSA,40,OK,OKLAHOMA,741165682,OK-01,OK-01,9184303492,,USA,UNITED STATES,ARLINGTON,51013,ARLINGTON,51,VA,VIRGINIA,222091800,VA-08,VA-08,AWARD,D,DEFINITIVE CONTRACT,,,,,,,J,FIRM FIXED PRICE,"TURN KEY SERVICE TO SUPPORT TRAINING PERIPHERAL SET UP, TEAR DOWN, INVENTORY AND STORAGE THAT SUPPORTS MHS GENESIS IN PERSON TRAINING ACTIVITIES.",,1,OT,OTHER FUNCTIONS,DD01,"IT AND TELECOM - SERVICE DELIVERY SUPPORT SERVICES: ITSM, OPERATIONS CENTER, PROJECT/PM (LABOR)",H,NOT BUNDLED,S1,SERVICES,541519,OTHER COMPUTER RELATED SERVICES,C,NO CLAUSES INCLUDED AND NO SUSTAINABILITY INCLUDED,A,U.S. OWNED BUSINESS,000,NONE,B,OTHER COMMERCIAL ITEM,E,NOT REQUIRED,USA,UNITED STATES,C,NOT A MANUFACTURED END PRODUCT,B,PLAN NOT REQUIRED,G,NOT COMPETED UNDER SAP,SP1,SIMPLIFIED ACQUISITION,8AN,8(A) SOLE SOURCE,NONE,NO PREFERENCE USED,,,,,OTH,AUTHORIZED BY STATUTE (FAR 6.302-5(A)(2)(I)),1,A,COMMERCIAL ITEM,f,Y,YES,N,NO,N,NO,N,NO,0.00,N,NO,X,NOT APPLICABLE,Y,YES,X,NOT APPLICABLE,X,NOT APPLICABLE,,,,,,,,NONE,NONE,N,NO,X,NOT APPLICABLE EXEMPT FROM CAS,N,TRANSACTION DOES NOT USE GFE/GFP,U,UNKNOWN,D,NOT CONSOLIDATED,Y,YES - SERVICE WHERE PBA IS USED.,N,NO,Z,NOT APPLICABLE,N,NO,X,NOT APPLICABLE,f,t,f,f,t,f,f,f,f,f,f,f,t,f,f,f,f,t,f,SMALL BUSINESS,S,f,f,f,f,f,f,f,f,f,f,f,f,f,f,f,f,f,CORPORATE NOT TAX EXEMPT,t,f,f,f,f,f,f,f,f,f,f,f,t,f,f,f,f,t,f,f,f,f,f,f,f,f,t,f,t,f,f,f,f,f,f,f,f,f,f,f,f,f,f,f,f,t,f,t,f,f,SCOTT  EDWARDS,50000.00,DIRK  CATRON,75000.00,,,,,,,https://www.usaspending.gov/award/CONT_AWD_HT003821C0007_9700_-NONE-_-NONE-/,2023-06-02 14:07:10+00
CONT_AWD_HTC71120CD002_9700_-NONE-_-NONE-,HTC71120CD002,,,,Q: Not Designated Nonemergency/Emergency/Disaster/Wildfire Suppression,,,,,9305361.99,0.00,9305361.99,9305361.99,2020-06-12,2020,2021-04-22,2021,2020-05-27,2020-09-30,2020-09-30 00:00:00,,2020-05-26,097,Department of Defense,9776,USTRANSCOM,HTC711,USTRANSCOM-AQ,097,Department of Defense,5700,Department of the Air Force,F3ST93,USTC J3,057-2020/2020-3400-000,057-3400,25.7: Operation and maintenance of equipment,,X,NOT APPLICABLE,,,NPAJNNWFQ8J5,963900928,UNCOMN LLC,"UNCOMN, LLC",,63VW3,NPAJNNWFQ8J5,963900928,UNCOMN LLC,AEGIS STRATEGIES  LLC,USA,UNITED STATES,735 SEIBERT RD STE 4,,SCOTT AFB,17163,ST. CLAIR,17,IL,ILLINOIS,622251538,IL-12,IL-12,6187449777,8778208963,USA,UNITED STATES,SCOTT AFB,17163,SAINT CLAIR,17,IL,ILLINOIS,622256140,IL-12,IL-12,AWARD,D,DEFINITIVE CONTRACT,,,,,,,J,FIRM FIXED PRICE,"ENTERPRISE ARCHITECTURE, DATA, AND ENGINEERING SERVICES BRIDGE CONTRACT",,1,OT,OTHER FUNCTIONS,D307,IT AND TELECOM- IT STRATEGY AND ARCHITECTURE,H,NOT BUNDLED,S1,SERVICES,541512,COMPUTER SYSTEMS DESIGN SERVICES,C,NO CLAUSES INCLUDED AND NO SUSTAINABILITY INCLUDED,A,U.S. OWNED BUSINESS,000,NONE,A,COMMERCIALLY AVAILABLE,E,NOT REQUIRED,USA,UNITED STATES,C,NOT A MANUFACTURED END PRODUCT,B,PLAN NOT REQUIRED,C,NOT COMPETED,SSS,ONLY ONE SOURCE,NONE,NO SET ASIDE USED.,NONE,NO PREFERENCE USED,,,,,URG,URGENCY (FAR 6.302-2),1,A,COMMERCIAL ITEM,f,N,NO,N,NO,X,NOT APPLICABLE,N,NO,0.00,Y,YES,X,NOT APPLICABLE,X,NOT APPLICABLE,X,NOT APPLICABLE,X,NOT APPLICABLE,,,,,,,,NONE,NONE,N,NO,X,NOT APPLICABLE EXEMPT FROM CAS,N,TRANSACTION DOES NOT USE GFE/GFP,U,UNKNOWN,D,NOT CONSOLIDATED,Y,YES - SERVICE WHERE PBA IS USED.,N,NO,Z,NOT APPLICABLE,N,NO,X,NOT APPLICABLE,f,f,f,f,f,t,t,f,f,f,f,f,f,f,f,f,f,f,f,SMALL BUSINESS,S,f,f,f,f,f,f,f,f,f,f,f,f,f,f,f,f,f,PARTNERSHIP,f,f,t,f,f,f,f,f,f,f,f,f,f,f,f,f,f,t,f,f,f,f,f,f,f,f,t,f,t,f,f,f,f,f,f,f,f,f,f,f,f,f,f,f,f,f,f,f,f,f,,,,,,,,,,,https://www.usaspending.gov/award/CONT_AWD_HTC71120CD002_9700_-NONE-_-NONE-/,2021-04-22 09:31:57+00
CONT_AWD_M0026415C1026_9700_-NONE-_-NONE-,M0026415C1026,,,,Q: Not Designated Nonemergency/Emergency/Disaster/Wildfire Suppression,,,,,3716924.12,0.00,3716924.12,7954841.27,2015-09-30,2015,2021-04-16,2021,2015-09-30,2016-09-30,2016-09-30 00:00:00,,,097,Department of Defense,1700,Department of the Navy,M00264,COMMANDER,097,Department of Defense,1700,Department of the Navy,M20364,COMMANDING OFFICER,017-2016/2016-1106-000,017-1106,25.2: Other services from non-Federal sources,0001: OPERATING FORCES,X,NOT APPLICABLE,,,VS99HJYMCMT6,830537317,CORPS SOLUTIONS LLC,CORPS SOLUTIONS LLC,,5G8H1,VS99HJYMCMT6,830537317,CORPS SOLUTIONS LLC,CORPS SOLUTIONS LLC,USA,UNITED STATES,235 GARRISONVILLE RD STE 202,,STAFFORD,51179,STAFFORD,51,VA,VIRGINIA,225541552,VA-01,VA-07,5406238598,7038919570,USA,UNITED STATES,STAFFORD,51179,STAFFORD,51,VA,VIRGINIA,225541700,VA-01,VA-07,AWARD,D,DEFINITIVE CONTRACT,,,,,,,J,FIRM FIXED PRICE,IGF::CT::IGF OPERATIONAL TRAINING SUPPORT SERVICES,M0026415R1085,1,OT,OTHER FUNCTIONS,U009,EDUCATION/TRAINING- GENERAL,D,NOT A BUNDLED REQUIREMENT,S1,SERVICES,611699,ALL OTHER MISCELLANEOUS SCHOOLS AND INSTRUCTION,C,NO CLAUSES INCLUDED AND NO SUSTAINABILITY INCLUDED,A,U.S. OWNED BUSINESS,000,NONE,Z,NOT IT PRODUCTS OR SERVICES,E,NOT REQUIRED,USA,UNITED STATES,C,NOT A MANUFACTURED END PRODUCT,B,PLAN NOT REQUIRED,D,FULL AND OPEN COMPETITION AFTER EXCLUSION OF SOURCES,NP,NEGOTIATED PROPOSAL/QUOTE,SDVOSBC,SERVICE DISABLED VETERAN OWNED SMALL BUSINESS SET-ASIDE,NONE,NO PREFERENCE USED,,,,,,,2,A,COMMERCIAL ITEM,f,N,NO,N,NO,Y,YES,N,NO,0.00,N,NO,X,NOT APPLICABLE,Y,YES,X,NOT APPLICABLE,A,ECONOMY ACT,,,,,,,,NONE,NONE,N,NO,X,NOT APPLICABLE EXEMPT FROM CAS,N,TRANSACTION DOES NOT USE GFE/GFP,U,UNKNOWN,N,NO,Y,YES - SERVICE WHERE PBA IS USED.,N,NO,Z,NOT APPLICABLE,N,NO,X,NOT APPLICABLE,f,f,f,f,f,t,t,f,f,f,f,f,f,f,f,f,f,f,f,SMALL BUSINESS,S,f,f,f,f,f,f,f,f,f,f,f,f,f,f,f,f,f,CORPORATE NOT TAX EXEMPT,t,f,f,f,f,f,f,f,f,f,f,f,f,f,f,f,f,t,f,f,f,f,f,f,f,t,t,f,t,f,f,f,f,f,f,f,f,f,f,f,f,f,f,f,f,t,f,f,f,f,THOMAS M KEOGH,195000.00,"DONALD B RICHWINE, JR.",163556.00,ROBERT  BARR,144115.00,TONY  POLZIN,143846.00,PATRICK  MARTIN,139846.00,https://www.usaspending.gov/award/CONT_AWD_M0026415C1026_9700_-NONE-_-NONE-/,2021-04-16 13:20:52+00
CONT_AWD_N0001407C0874_9700_-NONE-_-NONE-,N0001407C0874,,,,,,,,,493235.00,,493235.00,493235.00,2007-09-20,2007,2021-04-20,2021,2007-09-20,2009-02-15,2009-02-15 00:00:00,,,097,Department of Defense,9763,Defense Contract Management Agency,S0514A,DCMA SOUTHERN CAL (SAN DIEGO),097,Department of Defense,1700,Department of the Navy,N00014,OFFICE OF NAVAL RESEARCH,,,,,X,NOT APPLICABLE,,,RN43FYPYNKP4,841440832,TREX ENTERPRISES CORPORATION,TREX ENTERPRISES CORPORATION,MAUI,0ZKJ6,RN43FYPYNKP4,841440832,TREX ENTERPRISES CORPORATION,TREX ENTERPRISES CORPORATION,USA,UNITED STATES,10455 PACIFIC CENTER CT,,SAN DIEGO,06073,SAN DIEGO,06,CA,CALIFORNIA,921214339,CA-53,CA-51,,,USA,UNITED STATES,SAN DIEGO,06073,SAN DIEGO,06,CA,CALIFORNIA,921214339,CA-52,CA-51,AWARD,D,DEFINITIVE CONTRACT,,,,,,,U,COST PLUS FIXED FEE,OTHER DEFENSE (APPLIED/EXPLORATORY),,1,,,AD92,R&D- DEFENSE OTHER: OTHER (APPLIED RESEARCH/EXPLORATORY DEVELOPMENT),D,NOT A BUNDLED REQUIREMENT,S1,SERVICES,541710,"RESEARCH AND DEVELOPMENT IN THE PHYSICAL, ENGINEERING, AND LIFE SCIENCES",C,NO CLAUSES INCLUDED AND NO SUSTAINABILITY INCLUDED,,,000,NONE,Z,NOT IT PRODUCTS OR SERVICES,E,NOT REQUIRED,USA,UNITED STATES,C,NOT A MANUFACTURED END PRODUCT,B,PLAN NOT REQUIRED,A,FULL AND OPEN COMPETITION,BR,BASIC RESEARCH,NONE,NO SET ASIDE USED.,NONE,NO PREFERENCE USED,,,,,,,1,D,COMMERCIAL ITEM PROCEDURES NOT USED,f,N,NO,N,NO,Y,YES,,,0.00,N,NO,X,NOT APPLICABLE,N,NO,X,NOT APPLICABLE,X,NOT APPLICABLE,,,,,,,,NONE,NONE,N,NO,X,NOT APPLICABLE EXEMPT FROM CAS,N,TRANSACTION DOES NOT USE GFE/GFP,N,NO,N,NO,N,NO - SERVICE WHERE PBA IS NOT USED.,N,NO,Z,NOT APPLICABLE,N,NO,X,NOT APPLICABLE,f,f,f,f,f,f,f,f,f,f,f,f,f,f,f,f,f,f,f,SMALL BUSINESS,S,f,f,f,f,f,f,f,f,f,f,f,f,f,f,f,f,f,,f,f,f,f,f,f,f,f,f,f,f,f,f,f,f,f,f,f,f,f,f,f,f,f,f,f,f,f,f,f,f,f,f,f,f,f,f,f,f,f,f,f,f,f,f,f,f,f,f,f,,,,,,,,,,,https://www.usaspending.gov/award/CONT_AWD_N0001407C0874_9700_-NONE-_-NONE-/,2021-04-23 11:38:18+00
CONT_AWD_N0001409C0087_9700_-NONE-_-NONE-,N0001409C0087,,,,,,,,,6943448.00,,6943448.00,6943448.00,2009-01-29,2009,2021-04-20,2021,2009-01-29,2011-12-31,2011-12-31 00:00:00,,,097,Department of Defense,9763,Defense Contract Management Agency,S0514A,DCMA SOUTHERN CAL (SAN DIEGO),097,Department of Defense,1700,Department of the Navy,N00014,OFFICE OF NAVAL RESEARCH,,,,,X,NOT APPLICABLE,,,RN43FYPYNKP4,841440832,TREX ENTERPRISES CORPORATION,TREX ENTERPRISES CORPORATION,,0ZKJ6,RN43FYPYNKP4,841440832,TREX ENTERPRISES CORPORATION,TREX ENTERPRISES CORPORATION,USA,UNITED STATES,10455 PACIFIC CENTER CT,,SAN DIEGO,06073,SAN DIEGO,06,CA,CALIFORNIA,921214339,CA-53,CA-51,8586465566,8586465301,USA,UNITED STATES,SAN DIEGO,06073,SAN DIEGO,06,CA,CALIFORNIA,921214339,CA-52,CA-51,AWARD,D,DEFINITIVE CONTRACT,,,,,,,U,COST PLUS FIXED FEE,"RESEARCH AND DEVELOPMENT IN THE PHYSICAL, ENGINEERING, AND LIFE SCIENCES (EXCEPT BIOTECHNOLOGY)",,1,,,AD91,R&D- DEFENSE OTHER: OTHER (BASIC RESEARCH),D,NOT A BUNDLED REQUIREMENT,S1,SERVICES,541712,"RESEARCH AND DEVELOPMENT IN THE PHYSICAL, ENGINEERING, AND LIFE SCIENCES (EXCEPT BIOTECHNOLOGY)",C,NO CLAUSES INCLUDED AND NO SUSTAINABILITY INCLUDED,A,U.S. OWNED BUSINESS,000,NONE,Z,NOT IT PRODUCTS OR SERVICES,E,NOT REQUIRED,USA,UNITED STATES,C,NOT A MANUFACTURED END PRODUCT,B,PLAN NOT REQUIRED,A,FULL AND OPEN COMPETITION,NP,NEGOTIATED PROPOSAL/QUOTE,NONE,NO SET ASIDE USED.,NONE,NO PREFERENCE USED,,,,,,,1,D,COMMERCIAL ITEM PROCEDURES NOT USED,f,N,NO,N,NO,X,NOT APPLICABLE,N,NO,0.00,N,NO,N,NO,N,NO,N,NO,X,NOT APPLICABLE,,,,,,,,NONE,NONE,Y,YES,X,NOT APPLICABLE EXEMPT FROM CAS,N,TRANSACTION DOES NOT USE GFE/GFP,N,NO,N,NO,N,NO - SERVICE WHERE PBA IS NOT USED.,N,NO,Z,NOT APPLICABLE,N,NO,X,NOT APPLICABLE,f,f,f,f,f,f,f,f,f,f,f,f,f,f,f,f,f,f,f,SMALL BUSINESS,S,f,f,f,f,f,f,f,f,f,f,f,f,f,f,f,f,f,CORPORATE NOT TAX EXEMPT,t,f,f,f,f,f,f,f,f,f,f,f,f,f,f,f,f,t,f,f,f,f,f,f,f,f,f,f,t,f,f,f,f,f,f,f,f,f,f,f,f,f,f,f,f,f,f,f,f,f,,,,,,,,,,,https://www.usaspending.gov/award/CONT_AWD_N0001409C0087_9700_-NONE-_-NONE-/,2021-04-23 11:46:35+00
CONT_AWD_N0001409C0654_9700_-NONE-_-NONE-,N0001409C0654,,,,,,,,,728737.00,,728737.00,1458289.00,2009-08-19,2009,2021-04-20,2021,2009-08-19,2011-12-31,2011-12-31 00:00:00,,,097,Department of Defense,9763,Defense Contract Management Agency,S0514A,DCMA SOUTHERN CAL (SAN DIEGO),097,Department of Defense,1700,Department of the Navy,N00014,OFFICE OF NAVAL RESEARCH,,,,,X,NOT APPLICABLE,,,RN43FYPYNKP4,841440832,TREX ENTERPRISES CORPORATION,TREX ENTERPRISES CORPORATION,,0ZKJ6,RN43FYPYNKP4,841440832,TREX ENTERPRISES CORPORATION,TREX ENTERPRISES CORPORATION,USA,UNITED STATES,10455 PACIFIC CENTER CT,,SAN DIEGO,06073,SAN DIEGO,06,CA,CALIFORNIA,921214339,CA-53,CA-51,8586465462,8586465301,USA,UNITED STATES,SAN DIEGO,06073,SAN DIEGO,06,CA,CALIFORNIA,921214339,CA-52,CA-51,AWARD,D,DEFINITIVE CONTRACT,,,,,,,U,COST PLUS FIXED FEE,"RESEARCH AND DEVELOPMENT IN THE PHYSICAL, ENGINEERING, AND LIFE SCIENCES (EXCEPT BIOTECHNOLOGY)",,1,,,AD95,R&D- DEFENSE OTHER: OTHER (OPERATIONAL SYSTEMS DEVELOPMENT),D,NOT A BUNDLED REQUIREMENT,S1,SERVICES,541712,"RESEARCH AND DEVELOPMENT IN THE PHYSICAL, ENGINEERING, AND LIFE SCIENCES (EXCEPT BIOTECHNOLOGY)",C,NO CLAUSES INCLUDED AND NO SUSTAINABILITY INCLUDED,A,U.S. OWNED BUSINESS,000,NONE,Z,NOT IT PRODUCTS OR SERVICES,E,NOT REQUIRED,USA,UNITED STATES,C,NOT A MANUFACTURED END PRODUCT,B,PLAN NOT REQUIRED,A,FULL AND OPEN COMPETITION,NP,NEGOTIATED PROPOSAL/QUOTE,NONE,NO SET ASIDE USED.,NONE,NO PREFERENCE USED,,,,,,,999,D,COMMERCIAL ITEM PROCEDURES NOT USED,f,N,NO,N,NO,Y,YES,N,NO,0.00,N,NO,N,NO,N,NO,N,NO,X,NOT APPLICABLE,,,,,,,,NONE,NONE,Y,YES,N,NO - CAS WAIVER APPROVED,N,TRANSACTION DOES NOT USE GFE/GFP,N,NO,N,NO,N,NO - SERVICE WHERE PBA IS NOT USED.,N,NO,Z,NOT APPLICABLE,N,NO,X,NOT APPLICABLE,f,f,f,f,f,f,f,f,f,f,f,f,f,f,f,f,f,f,f,OTHER THAN SMALL BUSINESS,O,f,f,f,f,f,f,f,f,f,f,f,f,f,f,f,f,f,CORPORATE NOT TAX EXEMPT,t,f,f,f,f,f,f,f,f,f,f,f,f,f,f,f,f,t,f,f,f,f,f,f,f,f,f,f,t,f,f,f,f,f,f,f,f,f,f,f,f,f,f,f,f,f,f,f,f,f,,,,,,,,,,,https://www.usaspending.gov/award/CONT_AWD_N0001409C0654_9700_-NONE-_-NONE-/,2021-04-23 11:48:02+00
CONT_AWD_N0001411C0028_9700_-NONE-_-NONE-,N0001411C0028,,,,,,,,,256514.00,,256514.00,256514.00,2011-01-04,2011,2021-04-20,2021,2011-01-04,2011-12-31,2011-12-31 00:00:00,,,097,Department of Defense,9763,Defense Contract Management Agency,S0514A,DCMA SOUTHERN CAL (SAN DIEGO),097,Department of Defense,1700,Department of the Navy,N00014,OFFICE OF NAVAL RESEARCH,,,,,X,NOT APPLICABLE,,,RN43FYPYNKP4,841440832,TREX ENTERPRISES CORPORATION,TREX ENTERPRISES CORPORATION,,0ZKJ6,RN43FYPYNKP4,841440832,TREX ENTERPRISES CORPORATION,TREX ENTERPRISES CORPORATION,USA,UNITED STATES,10455 PACIFIC CENTER CT,,SAN DIEGO,06073,SAN DIEGO,06,CA,CALIFORNIA,921214339,CA-53,CA-51,8586465462,8586465301,USA,UNITED STATES,SAN DIEGO,06073,SAN DIEGO,06,CA,CALIFORNIA,921214339,CA-52,CA-51,AWARD,D,DEFINITIVE CONTRACT,,,,,,,U,COST PLUS FIXED FEE,"RESEARCH AND DEVELOPMENT IN THE PHYSICAL, ENGINEERING, AND LIFE SCIENCES (EXCEPT BIOTECHNOLOGY)",,1,,,AD93,R&D- DEFENSE OTHER: OTHER (ADVANCED DEVELOPMENT),D,NOT A BUNDLED REQUIREMENT,S1,SERVICES,541712,"RESEARCH AND DEVELOPMENT IN THE PHYSICAL, ENGINEERING, AND LIFE SCIENCES (EXCEPT BIOTECHNOLOGY)",C,NO CLAUSES INCLUDED AND NO SUSTAINABILITY INCLUDED,A,U.S. OWNED BUSINESS,000,NONE,Z,NOT IT PRODUCTS OR SERVICES,E,NOT REQUIRED,USA,UNITED STATES,C,NOT A MANUFACTURED END PRODUCT,B,PLAN NOT REQUIRED,A,FULL AND OPEN COMPETITION,NP,NEGOTIATED PROPOSAL/QUOTE,NONE,NO SET ASIDE USED.,NONE,NO PREFERENCE USED,,,,,,,999,D,COMMERCIAL ITEM PROCEDURES NOT USED,f,N,NO,N,NO,N,NO,N,NO,0.00,N,NO,N,NO,N,NO,N,NO,X,NOT APPLICABLE,,,,,,,,NONE,NONE,Y,YES,N,NO - CAS WAIVER APPROVED,N,TRANSACTION DOES NOT USE GFE/GFP,N,NO,N,NO,N,NO - SERVICE WHERE PBA IS NOT USED.,N,NO,Z,NOT APPLICABLE,N,NO,X,NOT APPLICABLE,f,f,f,f,f,f,f,f,f,f,f,f,f,f,f,f,f,f,f,SMALL BUSINESS,S,f,f,f,f,f,f,f,f,f,f,f,f,f,f,f,f,f,CORPORATE NOT TAX EXEMPT,t,f,f,f,f,f,f,f,f,f,f,f,f,f,f,f,f,t,f,f,f,f,f,f,f,f,f,f,t,f,f,f,f,f,f,f,f,f,f,f,f,f,f,f,f,f,f,f,f,f,,,,,,,,,,,https://www.usaspending.gov/award/CONT_AWD_N0001411C0028_9700_-NONE-_-NONE-/,2021-04-23 11:49:30+00
CONT_AWD_N0001414C0053_9700_-NONE-_-NONE-,N0001414C0053,,,,,,,,,270032.00,,270032.00,270032.00,2014-05-22,2014,2021-04-20,2021,2014-05-22,2022-10-31,2022-10-31 00:00:00,,,097,Department of Defense,9763,Defense Contract Management Agency,S0514A,DCMA SOUTHERN CAL (SAN DIEGO),097,Department of Defense,1700,Department of the Navy,N00014,OFFICE OF NAVAL RESEARCH,,,,,X,NOT APPLICABLE,,,RN43FYPYNKP4,841440832,TREX ENTERPRISES CORPORATION,TREX ENTERPRISES CORPORATION,,0ZKJ6,RN43FYPYNKP4,841440832,TREX ENTERPRISES CORPORATION,TREX ENTERPRISES CORPORATION,USA,UNITED STATES,10455 PACIFIC CENTER CT,,SAN DIEGO,06073,SAN DIEGO,06,CA,CALIFORNIA,921214339,CA-53,CA-51,8586465462,8586465581,USA,UNITED STATES,SAN DIEGO,06073,SAN DIEGO,06,CA,CALIFORNIA,921214339,CA-52,CA-51,AWARD,D,DEFINITIVE CONTRACT,,,,,,,U,COST PLUS FIXED FEE,BROAD AGENCY ANNOUNCEMENT (BAA) NUMBER 13-002 NAVIGATION AND TIMEKEEPING TECHNOLOGY,,1,CT,CRITICAL FUNCTIONS,AD92,R&D- DEFENSE OTHER: OTHER (APPLIED RESEARCH/EXPLORATORY DEVELOPMENT),D,NOT A BUNDLED REQUIREMENT,S1,SERVICES,541712,"RESEARCH AND DEVELOPMENT IN THE PHYSICAL, ENGINEERING, AND LIFE SCIENCES (EXCEPT BIOTECHNOLOGY)",C,NO CLAUSES INCLUDED AND NO SUSTAINABILITY INCLUDED,A,U.S. OWNED BUSINESS,000,NONE,Z,NOT IT PRODUCTS OR SERVICES,E,NOT REQUIRED,USA,UNITED STATES,C,NOT A MANUFACTURED END PRODUCT,B,PLAN NOT REQUIRED,A,FULL AND OPEN COMPETITION,BR,BASIC RESEARCH,NONE,NO SET ASIDE USED.,NONE,NO PREFERENCE USED,,,,,,,99,D,COMMERCIAL ITEM PROCEDURES NOT USED,f,N,NO,N,NO,Y,YES,N,NO,0.00,N,NO,N,NO,N,NO,N,NO,X,NOT APPLICABLE,,,,,,,IMPROVED CELESTIAL NAVIGATION SYSTEM,NONE,NONE,N,NO,X,NOT APPLICABLE EXEMPT FROM CAS,N,TRANSACTION DOES NOT USE GFE/GFP,N,NO,N,NO,N,NO - SERVICE WHERE PBA IS NOT USED.,N,NO,Z,NOT APPLICABLE,N,NO,X,NOT APPLICABLE,f,f,f,f,f,f,f,f,f,f,f,f,f,f,f,f,f,f,f,SMALL BUSINESS,S,f,f,f,f,f,f,f,f,f,f,f,f,f,f,f,f,f,CORPORATE NOT TAX EXEMPT,t,f,f,f,f,f,f,f,f,f,f,f,f,f,f,f,f,t,f,f,f,f,f,f,f,f,f,f,t,f,f,f,f,f,f,f,f,f,f,f,f,f,f,f,f,f,f,f,f,f,,,,,,,,,,,https://www.usaspending.gov/award/CONT_AWD_N0001414C0053_9700_-NONE-_-NONE-/,2021-04-23 11:53:18+00
CONT_AWD_N0001416C2038_9700_-NONE-_-NONE-,N0001416C2038,,,,,,,,,890275.07,,1499540.00,2999417.00,2016-05-23,2016,2021-04-22,2021,2016-05-24,2018-11-23,2018-11-23 00:00:00,,,097,Department of Defense,9763,Defense Contract Management Agency,S0507A,DCMA MOUNTAIN PACIFIC (STOCKTON),097,Department of Defense,1700,Department of the Navy,N00014,OFFICE OF NAVAL RESEARCH,,,,,X,NOT APPLICABLE,,,EV1CNMKJ4ZL5,169102444,OUT OF THE FOG RESEARCH LLC,OUT OF THE FOG RESEARCH LLC,,329X1,EV1CNMKJ4ZL5,169102444,OUT OF THE FOG RESEARCH LLC,OUT OF THE FOG RESEARCH LLC,USA,UNITED STATES,565 CLYDE AVE STE 620,,MOUNTAIN VIEW,06085,SANTA CLARA,06,CA,CALIFORNIA,940432255,CA-18,CA-16,4155053827,4136914121,USA,UNITED STATES,MOUNTAIN VIEW,06085,SANTA CLARA,06,CA,CALIFORNIA,940432255,CA-18,CA-16,AWARD,D,DEFINITIVE CONTRACT,,,,,,,U,COST PLUS FIXED FEE,"IGF::CL::IGF FAST TUNING, ANALOG NOTCH FILTERS",N0001408SBIR2,1,CL,CLOSELY ASSOCIATED,AD93,R&D- DEFENSE OTHER: OTHER (ADVANCED DEVELOPMENT),D,NOT A BUNDLED REQUIREMENT,S1,SERVICES,541712,"RESEARCH AND DEVELOPMENT IN THE PHYSICAL, ENGINEERING, AND LIFE SCIENCES (EXCEPT BIOTECHNOLOGY)",C,NO CLAUSES INCLUDED AND NO SUSTAINABILITY INCLUDED,A,U.S. OWNED BUSINESS,000,NONE,Z,NOT IT PRODUCTS OR SERVICES,E,NOT REQUIRED,USA,UNITED STATES,C,NOT A MANUFACTURED END PRODUCT,B,PLAN NOT REQUIRED,D,FULL AND OPEN COMPETITION AFTER EXCLUSION OF SOURCES,NP,NEGOTIATED PROPOSAL/QUOTE,SBA,SMALL BUSINESS SET ASIDE - TOTAL,NONE,NO PREFERENCE USED,SR2,SMALL BUSINESS INNOVATION RESEARCH PROGRAM PHASE II ACTION,,,,,99,D,COMMERCIAL ITEM PROCEDURES NOT USED,f,N,NO,N,NO,Y,YES,N,NO,0.00,N,NO,X,NOT APPLICABLE,X,NOT APPLICABLE,X,NOT APPLICABLE,X,NOT APPLICABLE,,,,,,,,NONE,NONE,Y,YES,X,NOT APPLICABLE EXEMPT FROM CAS,Y,TRANSACTION USES GFE/GFP,N,NO,N,NO,Y,YES - SERVICE WHERE PBA IS USED.,N,NO,Z,NOT APPLICABLE,N,NO,X,NOT APPLICABLE,f,f,f,f,f,f,f,f,f,f,f,f,f,f,f,f,f,f,f,SMALL BUSINESS,S,f,f,f,f,f,f,f,f,f,f,f,f,f,f,f,f,f,SOLE PROPRIETORSHIP,f,f,f,t,f,f,f,f,f,f,f,f,f,f,f,f,f,t,f,f,f,f,f,f,f,f,f,f,t,f,f,f,f,f,f,f,f,f,f,f,f,f,f,f,f,f,f,f,f,f,,,,,,,,,,,https://www.usaspending.gov/award/CONT_AWD_N0001416C2038_9700_-NONE-_-NONE-/,2021-04-23 12:37:54+00
CONT_AWD_N0001416C3023_9700_-NONE-_-NONE-,N0001416C3023,,,,Q: Not Designated Nonemergency/Emergency/Disaster/Wildfire Suppression,,,,,1493030.00,0.00,1493030.00,1493030.00,2016-07-19,2016,2021-04-21,2021,2016-07-19,2021-12-31,2021-12-31 00:00:00,,,097,Department of Defense,1700,Department of the Navy,N00014,OFFICE OF NAVAL RESEARCH,097,Department of Defense,1700,Department of the Navy,N00014,OFFICE OF NAVAL RESEARCH,017-2018/2019-1319-000;017-2019/2020-1319-000,017-1319,25.5: Research and development contracts,,X,NOT APPLICABLE,,,CLYLQK44RHH4,965530517,BOSTON FUSION CORP,BOSTON FUSION CORP.,,67A88,CLYLQK44RHH4,965530517,BOSTON FUSION CORP,BOSTON FUSION CORP.,USA,UNITED STATES,70 WESTVIEW ST STE 100,,LEXINGTON,25017,MIDDLESEX,25,MA,MASSACHUSETTS,024213142,MA-05,MA-05,6175835730,6175835730,USA,UNITED STATES,LEXINGTON,25017,MIDDLESEX,25,MA,MASSACHUSETTS,024213142,MA-05,MA-05,AWARD,D,DEFINITIVE CONTRACT,,,,,,,U,COST PLUS FIXED FEE,IGF::CT::IGF  SBIR: N141-071,N0001416RSB02,1,CT,CRITICAL FUNCTIONS,AD93,R&D- DEFENSE OTHER: OTHER (ADVANCED DEVELOPMENT),D,NOT A BUNDLED REQUIREMENT,S1,SERVICES,541712,"RESEARCH AND DEVELOPMENT IN THE PHYSICAL, ENGINEERING, AND LIFE SCIENCES (EXCEPT BIOTECHNOLOGY)",C,NO CLAUSES INCLUDED AND NO SUSTAINABILITY INCLUDED,A,U.S. OWNED BUSINESS,000,NONE,Z,NOT IT PRODUCTS OR SERVICES,E,NOT REQUIRED,USA,UNITED STATES,C,NOT A MANUFACTURED END PRODUCT,B,PLAN NOT REQUIRED,D,FULL AND OPEN COMPETITION AFTER EXCLUSION OF SOURCES,NP,NEGOTIATED PROPOSAL/QUOTE,SBA,SMALL BUSINESS SET ASIDE - TOTAL,NONE,NO PREFERENCE USED,SR2,SMALL BUSINESS INNOVATION RESEARCH PROGRAM PHASE II ACTION,,,,,999,D,COMMERCIAL ITEM PROCEDURES NOT USED,f,N,NO,N,NO,N,NO,N,NO,0.00,N,NO,N,NO,N,NO,N,NO,X,NOT APPLICABLE,,,,,,,000,NONE,NONE,N,NO,X,NOT APPLICABLE EXEMPT FROM CAS,N,TRANSACTION DOES NOT USE GFE/GFP,N,NO,N,NO,N,NO - SERVICE WHERE PBA IS NOT USED.,N,NO,Z,NOT APPLICABLE,N,NO,X,NOT APPLICABLE,f,f,f,f,f,f,f,t,t,f,f,f,f,f,f,f,f,f,f,SMALL BUSINESS,S,f,f,f,f,f,f,f,f,f,f,f,f,f,f,f,f,f,CORPORATE NOT TAX EXEMPT,t,f,f,f,f,f,f,f,f,f,f,f,f,f,f,f,f,t,f,f,f,f,f,f,f,t,f,f,t,f,f,f,f,f,f,f,f,f,f,f,f,f,f,f,f,f,f,f,f,f,,,,,,,,,,,https://www.usaspending.gov/award/CONT_AWD_N0001416C3023_9700_-NONE-_-NONE-/,2021-04-21 15:46:57+00
CONT_AWD_N0001420C1078_9700_-NONE-_-NONE-,N0001420C1078,,,,,,,,,1072751.00,,1072751.00,14271658.00,2020-05-01,2020,2021-04-21,2021,2020-05-01,2021-04-21,2022-10-31 00:00:00,,2019-09-11,097,Department of Defense,1700,Department of the Navy,N00014,OFFICE OF NAVAL RESEARCH,097,Department of Defense,1700,Department of the Navy,N00014,OFFICE OF NAVAL RESEARCH,,,,,X,NOT APPLICABLE,,,G4KDGE4JFFK7,008016958,LOCKHEED MARTIN CORPORATION,LOCKHEED MARTIN CORPORATION,,81755,ZFN2JJXBLZT3,834951691,LOCKHEED MARTIN CORP,LOCKHEED MARTIN CORPORATION,USA,UNITED STATES,1 LOCKHEED BLVD BLDG 10,,FORT WORTH,48439,TARRANT,48,TX,TEXAS,761083619,TX-12,TX-12,8177636775,8177636781,USA,UNITED STATES,FORT WORTH,48439,TARRANT,48,TX,TEXAS,761083619,TX-12,TX-12,AWARD,D,DEFINITIVE CONTRACT,,,,,,,U,COST PLUS FIXED FEE,ELECTROMAGNETIC  MANEUVER  WARFARE  RESOURCE  ALLOCATION  MANAGEMENT (EMW  RAM),N0001419SSN09,1,CT,CRITICAL FUNCTIONS,AD93,R&D- DEFENSE OTHER: OTHER (ADVANCED DEVELOPMENT),H,NOT BUNDLED,C9E,ALL OTHERS NOT IDENTIFIABLE TO ANY OTHER PROCUREMENT PROGRAM,541715,"RESEARCH AND DEVELOPMENT IN THE PHYSICAL, ENGINEERING, AND LIFE SCIENCES (EXCEPT NANOTECHNOLOGY AND BIOTECHNOLOGY)",C,NO CLAUSES INCLUDED AND NO SUSTAINABILITY INCLUDED,A,U.S. OWNED BUSINESS,000,NONE,Z,NOT IT PRODUCTS OR SERVICES,E,NOT REQUIRED,USA,UNITED STATES,C,NOT A MANUFACTURED END PRODUCT,H,DOD COMPREHENSIVE SUBCONTRACT PLAN,A,FULL AND OPEN COMPETITION,NP,NEGOTIATED PROPOSAL/QUOTE,NONE,NO SET ASIDE USED.,NONE,NO PREFERENCE USED,,,,,,,999,D,COMMERCIAL ITEM PROCEDURES NOT USED,f,N,NO,N,NO,Y,YES,N,NO,0.00,N,NO,X,NOT APPLICABLE,X,NOT APPLICABLE,X,NOT APPLICABLE,X,NOT APPLICABLE,,,,,,,,NONE,NONE,Y,YES,Y,YES - CAS CLAUSE INCLUDED,N,TRANSACTION DOES NOT USE GFE/GFP,N,NO,D,NOT CONSOLIDATED,N,NO - SERVICE WHERE PBA IS NOT USED.,N,NO,Z,NOT APPLICABLE,N,NO,X,NOT APPLICABLE,f,f,f,f,f,f,f,f,f,f,f,f,f,f,f,f,f,f,f,OTHER THAN SMALL BUSINESS,O,f,f,f,f,f,f,f,f,f,f,f,f,f,f,f,f,f,CORPORATE NOT TAX EXEMPT,t,f,f,f,f,f,f,f,f,f,f,f,t,f,f,f,f,t,f,f,f,f,f,f,f,f,f,f,t,f,f,f,f,f,f,f,f,f,f,f,f,f,f,f,f,f,f,f,f,f,,,,,,,,,,,https://www.usaspending.gov/award/CONT_AWD_N0001420C1078_9700_-NONE-_-NONE-/,2021-04-21 15:13:08+00
CONT_AWD_N0001900C0255_9700_-NONE-_-NONE-,N0001900C0255,,,,,,,,,63516428.89,,0.00,0.00,2000-06-29,2000,2021-04-20,2021,2000-06-29,2012-04-30,2012-04-30 00:00:00,,,097,Department of Defense,9763,Defense Contract Management Agency,S0302A,DCMA MOUNTAIN PACIFIC,097,Department of Defense,1700,Department of the Navy,N00019,NAVAL AIR SYSTEMS COMMAND,,,,,X,NOT APPLICABLE,,,TZJ1G18YHW83,,ORBITAL SCIENCES LLC,ORBITAL SCIENCES LLC,LAUNCH VEHICLES DIVISION,27555,NKVZLJL93QT6,,NORTHROP GRUMMAN CORPORATION,ORBITAL SCIENCES LLC,USA,UNITED STATES,1575 SOUTH PRICE RD,,CHANDLER,04013,MARICOPA,04,AZ,ARIZONA,852866615,AZ-05,AZ-05,4808146628,,USA,UNITED STATES,CHANDLER,04013,MARICOPA,04,AZ,ARIZONA,852866615,AZ-05,AZ-05,AWARD,D,DEFINITIVE CONTRACT,,,,,,,V,COST PLUS INCENTIVE FEE,200012!1700!001555!AT722 !NAVAL AIR SYSTEMS COMMAND       !N0001900C0255  !A!*!*                  !20000629!20060430!803209782!101916062!101916062!N!27555!ORBITAL SCIENCES CORPORATION  !3380 SOUTH PRICE ROAD     !CHANDLER            !AZ!85248!12000!013!04!CHANDLER            !MARICOPA              !ARIZONA   !0001!+000008000000!N!N!000000000000!AC27!RDTE/MISSILE AND SPACE SYSTEMS-OP SYSTEM DEVELOP  !A2 !MISSILE AND SPACE SYSTEMS     !2000!NOT DISCERNABLE OR CLASSIFIED !3761!3!*!*!*!B!A!*!A !N!V!2!002!B!* !Z!N!Z!* !* !N!C!*!A!A!A!A!A!A!*  !*!N!A!C!N!*!*!*!Y!*!,,1,,,AC27,R&D- DEFENSE SYSTEM: MISSILE/SPACE SYSTEMS (COMMERCIALIZED),D,NOT A BUNDLED REQUIREMENT,A2,MISSILE AND SPACE SYSTEMS,336414,GUIDED MISSILE AND SPACE VEHICLE MANUFACTURING,C,NO CLAUSES INCLUDED AND NO SUSTAINABILITY INCLUDED,,,000,NONE,,,E,NOT REQUIRED,USA,UNITED STATES,C,NOT A MANUFACTURED END PRODUCT,C,PLAN REQUIRED - INCENTIVE NOT INCLUDED,A,FULL AND OPEN COMPETITION,NP,NEGOTIATED PROPOSAL/QUOTE,NONE,NO SET ASIDE USED.,,,,,,,,,2,D,COMMERCIAL ITEM PROCEDURES NOT USED,f,N,NO,N,NO,Y,YES,,,0.00,N,NO,X,NOT APPLICABLE,N,NO,X,NOT APPLICABLE,X,NOT APPLICABLE,,,,,,,,NONE,NONE,N,NO,Y,YES - CAS CLAUSE INCLUDED,N,TRANSACTION DOES NOT USE GFE/GFP,N,NO,N,NO,N,NO - SERVICE WHERE PBA IS NOT USED.,N,NO,Z,NOT APPLICABLE,N,NO,X,NOT APPLICABLE,f,f,f,f,f,f,f,f,f,f,f,f,f,f,f,f,f,f,f,OTHER THAN SMALL BUSINESS,O,f,f,f,f,f,f,f,f,f,f,f,f,f,f,f,f,f,,f,f,f,f,f,f,f,f,f,f,f,f,f,f,f,f,f,f,f,f,f,f,f,f,f,f,f,f,f,f,f,f,f,f,f,f,f,f,f,f,f,f,f,f,f,f,f,f,f,f,,,,,,,,,,,https://www.usaspending.gov/award/CONT_AWD_N0001900C0255_9700_-NONE-_-NONE-/,2023-08-16 11:45:19+00
CONT_AWD_N0001902C3003_9700_-NONE-_-NONE-,N0001902C3003,,,,Q: Not Designated Nonemergency/Emergency/Disaster/Wildfire Suppression,,,,,7911304631.39,-2295.00,7634150639.16,7938181907.16,2001-10-26,2002,2021-04-16,2021,2001-10-26,2019-04-12,2019-04-12 00:00:00,,,097,Department of Defense,9763,Defense Contract Management Agency,S0708A,DCMA APO PRATT AND WHITNEY EH,097,Department of Defense,1700,Department of the Navy,N00019,NAVAL AIR SYSTEMS COMMAND,017-2018/2019-1319-000;057-2016/2017-3600-000;057-2018/2019-3600-000;057-2019/2020-3600-000,017-1319;057-3600,25.5: Research and development contracts,OPTN: FIELD IS OPTIONAL PRIOR TO FY21,X,NOT APPLICABLE,,,QN1BCFY7JDJ5,001447952,RTX CORPORATION,UNITED TECHNOLOGIES CORPORATION,PRATT & WHITNEY,52661,PPLZG8J3N9D4,001344142,RTX CORP,UNITED TECHNOLOGIES CORPORATION,USA,UNITED STATES,400 MAIN ST,,EAST HARTFORD,09003,HARTFORD,09,CT,CONNECTICUT,061181873,CT-01,CT-01,8605571586,8607559462,USA,UNITED STATES,EAST HARTFORD,09003,HARTFORD,09,CT,CONNECTICUT,061183811,CT-01,CT-01,AWARD,D,DEFINITIVE CONTRACT,,,,,,,R,COST PLUS AWARD FEE,200204!008533!1700!AF600 !NAVAL AIR SYSTEMS COMMAND !N0001902C3003 !A!N! !N! !20011026!20120430!001447952!001447952!001344142!N!UNITED TECHNOLOGIES CORP !400 MAIN STREET !EAST HARTFORD !CT!06108!22700!003!09!EAST HARTFORD !HARTFORD !CONN !+000014000000!N!N!004803460088!AC15!RDTE/AIRCRAFT-ENG/MANUF DEVELOP !A1B!AIRCRAFT ENGINES AND SPARES !2AMA!JAST/JSF !541710!E! !3! ! ! ! ! !99990909!B! ! !A! !D!N!R!1!001!N!1A!A!Y!Z! ! !N!C!N! ! ! !A!A!A!A!000!A!C!N! ! ! !Y! !N00019!0001!,,1,,,AC15,NATIONAL DEFENSE R&D SVCS; DEPARTMENT OF DEFENSE - MILITARY; R&D FACILITIES & MAJ EQUIP,D,NOT A BUNDLED REQUIREMENT,A1B,AIRCRAFT ENGINES AND SPARES,541710,"RESEARCH AND DEVELOPMENT IN THE PHYSICAL, ENGINEERING, AND LIFE SCIENCES",C,NO CLAUSES INCLUDED AND NO SUSTAINABILITY INCLUDED,,,000,NONE,Z,NOT IT PRODUCTS OR SERVICES,E,NOT REQUIRED,USA,UNITED STATES,C,NOT A MANUFACTURED END PRODUCT,C,PLAN REQUIRED - INCENTIVE NOT INCLUDED,C,NOT COMPETED,SSS,ONLY ONE SOURCE,NONE,NO SET ASIDE USED.,NONE,NO PREFERENCE USED,,,,,UNQ,UNIQUE SOURCE (FAR 6.302-1(B)(1)),1,D,COMMERCIAL ITEM PROCEDURES NOT USED,f,N,NO,N,NO,Y,YES,,,0.00,N,NO,X,NOT APPLICABLE,N,NO,X,NOT APPLICABLE,X,NOT APPLICABLE,,,,,,,,NONE,NONE,Y,YES,X,NOT APPLICABLE EXEMPT FROM CAS,Y,TRANSACTION USES GFE/GFP,N,NO,N,NO,N,NO - SERVICE WHERE PBA IS NOT USED.,N,NO,Z,NOT APPLICABLE,N,NO,X,NOT APPLICABLE,f,f,f,f,f,f,f,f,f,f,f,f,f,f,f,f,f,f,f,OTHER THAN SMALL BUSINESS,O,f,f,f,f,f,f,f,f,f,f,f,f,f,f,f,f,f,CORPORATE NOT TAX EXEMPT,t,f,f,f,f,f,f,f,f,f,f,f,f,f,f,f,f,t,f,f,f,f,f,f,f,f,f,f,t,f,f,f,f,f,f,f,f,f,f,f,f,f,f,f,f,f,f,f,f,f,,,,,,,,,,,https://www.usaspending.gov/award/CONT_AWD_N0001902C3003_9700_-NONE-_-NONE-/,2021-04-21 14:21:53+00
CONT_AWD_N0001912C2020_9700_-NONE-_-NONE-,N0001912C2020,,,,,,,,,25985311.67,,26016448.67,26016448.67,2012-08-27,2012,2021-04-20,2021,2012-08-27,2022-02-28,2022-02-28 00:00:00,,,097,Department of Defense,1700,Department of the Navy,N00019,NAVAL AIR SYSTEMS COMMAND,097,Department of Defense,1700,Department of the Navy,N00019,NAVAL AIR SYSTEMS COMMAND,,,,,A,FOREIGN FUNDS FMS,,,WMKXMDJFSXA7,083489893,BAE SYSTEMS INFORMATION AND ELECTRONIC SYSTEMS INTEGRATION INC.,BAE SYSTEMS INFORMATION AND ELECTRONIC SYSTEMS INTEGRATION INC.,,80249,E5K9VR2A1MW9,217304393,BAE SYSTEMS PLC,BAE SYSTEMS INFORMATION AND ELECTRONIC SYSTEMS INTEGRATION INC.,USA,UNITED STATES,450 PULASKI RD,,GREENLAWN,36103,SUFFOLK,36,NY,NEW YORK,117401609,NY-03,NY-01,6312628497,6312628020,USA,UNITED STATES,GREENLAWN,36103,SUFFOLK,36,NY,NEW YORK,117401609,NY-03,NY-01,AWARD,D,DEFINITIVE CONTRACT,,,,,,,J,FIRM FIXED PRICE,AN/UPX-41(C) DIGITAL INTERROGATORS AND MODE 5 FIELD CHANGE KITS,N0001912R1006,1,OT,OTHER FUNCTIONS,5895,MISCELLANEOUS COMMUNICATION EQUIPMENT,D,NOT A BUNDLED REQUIREMENT,A7,ELECTRONICS AND COMMUNICATION EQUIPMENT,334511,"SEARCH, DETECTION, NAVIGATION, GUIDANCE, AERONAUTICAL, AND NAUTICAL SYSTEM AND INSTRUMENT MANUFACTURING",C,NO CLAUSES INCLUDED AND NO SUSTAINABILITY INCLUDED,C,FOREIGN-OWNED BUSINESS INCORPORATED IN THE U.S.,000,NONE,Z,NOT IT PRODUCTS OR SERVICES,A,MEETS REQUIREMENTS,USA,UNITED STATES,D,MFG IN U.S.,C,PLAN REQUIRED - INCENTIVE NOT INCLUDED,C,NOT COMPETED,SSS,ONLY ONE SOURCE,NONE,NO SET ASIDE USED.,NONE,NO PREFERENCE USED,,,,,FOC,FOLLOW-ON CONTRACT (FAR 6.302-1(A)(2)(II/III)),1,D,COMMERCIAL ITEM PROCEDURES NOT USED,f,N,NO,N,NO,Y,YES,N,NO,0.00,N,NO,Y,YES,N,NO,N,NO,X,NOT APPLICABLE,,,,,,,,NONE,NONE,Y,YES,Y,YES - CAS CLAUSE INCLUDED,N,TRANSACTION DOES NOT USE GFE/GFP,N,NO,N,NO,X,NOT APPLICABLE,N,NO,A,FAR 52.232-16 PROGRESS PAYMENTS,N,NO,X,NOT APPLICABLE,f,f,f,f,f,f,f,f,f,f,f,f,f,f,f,f,f,f,f,OTHER THAN SMALL BUSINESS,O,f,f,f,f,f,f,f,f,f,f,f,f,f,f,f,f,f,CORPORATE NOT TAX EXEMPT,t,f,f,f,f,f,f,f,f,f,f,f,t,f,f,f,f,t,f,f,f,f,f,f,f,f,f,f,t,f,f,f,f,f,f,f,f,f,f,f,f,f,f,f,f,f,f,f,f,f,THOMAS  ARSENEAULT,2853284.00,SCOTT  HOWAT,1216573.00,TERANCE  CRIMMINS,1077127.00,ALICE  ELDRIDGE,983165.00,MICHELLE  MURPHY,907628.00,https://www.usaspending.gov/award/CONT_AWD_N0001912C2020_9700_-NONE-_-NONE-/,2021-04-20 14:12:37+00
CONT_AWD_N0001913C0145_9700_-NONE-_-NONE-,N0001913C0145,,,,Q: Not Designated Nonemergency/Emergency/Disaster/Wildfire Suppression,,,,,30541550.69,0.00,19944925.18,19944925.18,2013-09-05,2013,2021-04-20,2021,2013-09-05,2016-09-30,2016-09-30 00:00:00,,,097,Department of Defense,9763,Defense Contract Management Agency,S0302A,DCMA MOUNTAIN PACIFIC,097,Department of Defense,1700,Department of the Navy,N00019,NAVAL AIR SYSTEMS COMMAND,017-2013/2015-1507-000,017-1507,31.0: Equipment,OPTN: FIELD IS OPTIONAL PRIOR TO FY21,X,NOT APPLICABLE,,,TZJ1G18YHW83,803209782,ORBITAL SCIENCES LLC,ORBITAL SCIENCES LLC,LAUNCH VEHICLES DIVISION,27555,NKVZLJL93QT6,967356127,NORTHROP GRUMMAN CORPORATION,ORBITAL SCIENCES LLC,USA,UNITED STATES,1575 SOUTH PRICE RD,,CHANDLER,04013,MARICOPA,04,AZ,ARIZONA,852866615,AZ-05,AZ-05,4808146628,,USA,UNITED STATES,CHANDLER,04013,MARICOPA,04,AZ,ARIZONA,852860001,AZ-05,AZ-05,AWARD,D,DEFINITIVE CONTRACT,,,,,,,J,FIRM FIXED PRICE,"REPLACEMENT IN KIND FOR USG INVENTORY FOR 3 GQM-163A TARGETS FOR FULL RATE PRODUCTION LOT 7, 2 PURCHASED WITH FMS AUSTRALIA FUNDS AND 1 PURCHASED WITH FMS JAPAN FUNDS.",N0001913R0014,1,,,1410,GUIDED MISSILES,D,NOT A BUNDLED REQUIREMENT,A2,MISSILE AND SPACE SYSTEMS,336414,GUIDED MISSILE AND SPACE VEHICLE MANUFACTURING,C,NO CLAUSES INCLUDED AND NO SUSTAINABILITY INCLUDED,A,U.S. OWNED BUSINESS,000,NONE,Z,NOT IT PRODUCTS OR SERVICES,A,MEETS REQUIREMENTS,USA,UNITED STATES,D,MFG IN U.S.,C,PLAN REQUIRED - INCENTIVE NOT INCLUDED,C,NOT COMPETED,SSS,ONLY ONE SOURCE,NONE,NO SET ASIDE USED.,NONE,NO PREFERENCE USED,,,,,ONE,ONLY ONE SOURCE-OTHER (FAR 6.302-1 OTHER),1,D,COMMERCIAL ITEM PROCEDURES NOT USED,f,N,NO,N,NO,Y,YES,N,NO,0.00,N,NO,N,NO,N,NO,N,NO,X,NOT APPLICABLE,,,,,,,,NONE,NONE,Y,YES,Y,YES - CAS CLAUSE INCLUDED,N,TRANSACTION DOES NOT USE GFE/GFP,U,UNKNOWN,N,NO,X,NOT APPLICABLE,N,NO,A,FAR 52.232-16 PROGRESS PAYMENTS,N,NO,X,NOT APPLICABLE,f,f,f,f,f,f,f,f,f,f,f,f,f,f,f,f,f,f,f,OTHER THAN SMALL BUSINESS,O,f,f,f,f,f,f,f,f,f,f,f,f,f,f,f,f,f,CORPORATE NOT TAX EXEMPT,t,f,f,f,f,f,f,f,f,f,f,f,f,f,f,f,f,t,f,f,f,f,f,f,f,f,f,f,t,f,f,f,f,f,f,f,f,f,f,f,f,f,f,f,f,f,f,f,f,f,,,,,,,,,,,https://www.usaspending.gov/award/CONT_AWD_N0001913C0145_9700_-NONE-_-NONE-/,2021-11-03 13:52:47+00
CONT_AWD_N0002410C6260_9700_-NONE-_-NONE-,N0002410C6260,,,,,,,,,22090628.90,0.00,22307807.90,22388235.30,2009-11-23,2010,2021-04-20,2021,2009-11-23,2020-02-21,2020-02-21 00:00:00,,,097,Department of Defense,9763,Defense Contract Management Agency,S2206A,DCMA NORTHEAST,097,Department of Defense,1700,Department of the Navy,N00024,NAVSEA HQ,017-2017/2019-1810-000;017-2018/2020-1810-000,017-1810,31.0: Equipment,,X,NOT APPLICABLE,,,SVHJHMJH65S8,139130681,ULTRA ELECTRONICS OCEAN SYSTEMS INC.,ULTRA ELECTRONICS OCEAN SYSTEMS INC,,2D851,MQBGZ7HNRBG9,349084822,UNDERSEA SENSOR SYSTEMS INC,ULTRA ELECTRONICS OCEAN SYSTEMS INC,USA,UNITED STATES,115 BAY STATE DR,,BRAINTREE,25021,NORFOLK,25,MA,MASSACHUSETTS,021845203,MA-08,MA-08,7817943767,7818432153,USA,UNITED STATES,BRAINTREE,25021,NORFOLK,25,MA,MASSACHUSETTS,021845203,MA-08,MA-08,AWARD,D,DEFINITIVE CONTRACT,,,,,,,J,FIRM FIXED PRICE,"16CM (6.25"") TADC LAUNCHER ASSEMBLY",N0002409R6217,1,OT,OTHER FUNCTIONS,5845,UNDERWATER SOUND EQUIPMENT,D,NOT A BUNDLED REQUIREMENT,A7,ELECTRONICS AND COMMUNICATION EQUIPMENT,334511,"SEARCH, DETECTION, NAVIGATION, GUIDANCE, AERONAUTICAL, AND NAUTICAL SYSTEM AND INSTRUMENT MANUFACTURING",C,NO CLAUSES INCLUDED AND NO SUSTAINABILITY INCLUDED,A,U.S. OWNED BUSINESS,330,AESA,Z,NOT IT PRODUCTS OR SERVICES,A,MEETS REQUIREMENTS,USA,UNITED STATES,D,MFG IN U.S.,C,PLAN REQUIRED - INCENTIVE NOT INCLUDED,C,NOT COMPETED,SSS,ONLY ONE SOURCE,NONE,NO SET ASIDE USED.,NONE,NO PREFERENCE USED,,,,,FOC,FOLLOW-ON CONTRACT (FAR 6.302-1(A)(2)(II/III)),1,D,COMMERCIAL ITEM PROCEDURES NOT USED,f,N,NO,N,NO,Y,YES,N,NO,0.00,N,NO,Y,YES,N,NO,N,NO,X,NOT APPLICABLE,,,,,,,,NONE,NONE,Y,YES,Y,YES - CAS CLAUSE INCLUDED,N,TRANSACTION DOES NOT USE GFE/GFP,N,NO,N,NO,X,NOT APPLICABLE,N,NO,A,FAR 52.232-16 PROGRESS PAYMENTS,N,NO,X,NOT APPLICABLE,f,f,f,f,f,f,f,f,f,f,f,f,f,f,f,f,f,f,f,OTHER THAN SMALL BUSINESS,O,f,f,f,f,f,f,f,f,f,f,f,f,f,f,f,f,f,CORPORATE NOT TAX EXEMPT,t,f,f,f,f,f,f,f,f,f,f,f,t,f,f,t,f,f,f,f,f,f,f,f,f,f,f,f,t,f,f,f,f,f,f,f,f,f,f,f,f,f,f,f,f,f,f,f,f,f,CARLO  ZAFFANELLA,708535.00,MARCUS  ONVANI,500820.00,DANIELLE  NOE,209720.00,EDWARD  COOK,52825.00,,,https://www.usaspending.gov/award/CONT_AWD_N0002410C6260_9700_-NONE-_-NONE-/,2021-04-28 13:31:56+00
CONT_AWD_N0002415C4029_9700_-NONE-_-NONE-,N0002415C4029,,,,,,,,,1494750.39,,1494750.39,1494750.39,2015-03-24,2015,2021-04-21,2021,2015-03-24,2017-12-31,2017-12-31 00:00:00,,,097,Department of Defense,9763,Defense Contract Management Agency,S2206A,DCMA NORTHEAST,097,Department of Defense,1700,Department of the Navy,N00178,NSWC DAHLGREN,,,,,X,NOT APPLICABLE,,,DRKDQURV4LD9,611628595,"OCEAN ACOUSTICAL SERVICES AND INSTRUMENTATION SYSTEMS, INC.",OCEAN ACOUSTICAL SERVICES AND INSTRUMENTATION SYSTEMS INC,,0K7K7,X7AWL5WPGHN5,080236056,"THAYERMAHAN, INC",OCEAN ACOUSTICAL SERVICES AND INSTRUMENTATION SYSTEMS  INC.,USA,UNITED STATES,5 MILITIA DR STE 104,,LEXINGTON,25017,MIDDLESEX,25,MA,MASSACHUSETTS,024214706,MA-05,MA-05,7818628339,7818620572,USA,UNITED STATES,LEXINGTON,25017,MIDDLESEX,25,MA,MASSACHUSETTS,024214706,MA-05,MA-05,AWARD,D,DEFINITIVE CONTRACT,,,,,,,U,COST PLUS FIXED FEE,BASE   IGF::OT::IGF,,1,OT,OTHER FUNCTIONS,AC32,NATIONAL DEFENSE R&D SERVICES; DEFENSE-RELATED ACTIVITIES; APPLIED RESEARCH,D,NOT A BUNDLED REQUIREMENT,S1,SERVICES,541712,"RESEARCH AND DEVELOPMENT IN THE PHYSICAL, ENGINEERING, AND LIFE SCIENCES (EXCEPT BIOTECHNOLOGY)",C,NO CLAUSES INCLUDED AND NO SUSTAINABILITY INCLUDED,A,U.S. OWNED BUSINESS,210,SBIRS HIGH,Z,NOT IT PRODUCTS OR SERVICES,E,NOT REQUIRED,USA,UNITED STATES,C,NOT A MANUFACTURED END PRODUCT,B,PLAN NOT REQUIRED,D,FULL AND OPEN COMPETITION AFTER EXCLUSION OF SOURCES,NP,NEGOTIATED PROPOSAL/QUOTE,SBA,SMALL BUSINESS SET ASIDE - TOTAL,NONE,NO PREFERENCE USED,SR2,SMALL BUSINESS INNOVATION RESEARCH PROGRAM PHASE II ACTION,,,,,3,D,COMMERCIAL ITEM PROCEDURES NOT USED,f,N,NO,N,NO,N,NO,N,NO,0.00,N,NO,Y,YES,Y,YES,N,NO,X,NOT APPLICABLE,,,,,,,,NONE,NONE,Y,YES,X,NOT APPLICABLE EXEMPT FROM CAS,N,TRANSACTION DOES NOT USE GFE/GFP,N,NO,N,NO,Y,YES - SERVICE WHERE PBA IS USED.,N,NO,Z,NOT APPLICABLE,N,NO,X,NOT APPLICABLE,f,f,f,f,f,f,f,f,f,f,f,f,f,f,f,f,f,f,f,SMALL BUSINESS,S,f,f,f,f,f,f,f,f,f,f,f,f,f,f,f,f,f,CORPORATE NOT TAX EXEMPT,t,f,f,f,f,f,f,f,f,f,f,f,f,f,f,f,f,t,f,f,f,f,f,f,f,f,f,f,t,f,f,f,f,f,f,f,f,f,f,f,f,f,f,f,f,f,f,f,f,f,,,,,,,,,,,https://www.usaspending.gov/award/CONT_AWD_N0002415C4029_9700_-NONE-_-NONE-/,2021-04-22 09:38:31+00
CONT_AWD_N0002419C4449_9700_-NONE-_-NONE-,N0002419C4449,,,,Q: Not Designated Nonemergency/Emergency/Disaster/Wildfire Suppression,,,,,66595352.00,0.00,66595352.00,69159804.00,2019-02-01,2019,2021-04-20,2021,2019-02-01,2019-12-23,2019-12-23 00:00:00,,2018-07-27,097,Department of Defense,1700,Department of the Navy,N50054,MID ATLANTIC REG MAINT CTR,097,Department of Defense,1700,Department of the Navy,N50054,MID ATLANTIC REG MAINT CTR,017-2018/2020-1810-000;017-2019/2019-1804-000;017-2019/2021-1507-000;017-2019/2021-1810-000;097-2018/2020-0300-000,017-1507;017-1804;017-1810;097-0300,25.7: Operation and maintenance of equipment;31.0: Equipment,0001: OPERATING FORCES,X,NOT APPLICABLE,,,J1FCJLK5LGU5,057917536,METRO MACHINE CORP.,METRO MACHINE CORP,,19468,VF58HFRNGEL8,001381284,GENERAL DYNAMICS CORP,GENERAL DYNAMICS CORPORATION,USA,UNITED STATES,200 LIGON ST,,NORFOLK,51710,NORFOLK (CITY),51,VA,VIRGINIA,235231000,VA-03,VA-03,7579663307,,USA,UNITED STATES,NORFOLK,51710,NORFOLK CITY,51,VA,VIRGINIA,235230501,VA-03,VA-03,AWARD,D,DEFINITIVE CONTRACT,,,,,,,J,FIRM FIXED PRICE,TYCOM (1B4B),N0002418R4448,1,CT,CRITICAL FUNCTIONS,J998,NON-NUCLEAR SHIP REPAIR (EAST),H,NOT BUNDLED,A3,SHIPS,336611,SHIP BUILDING AND REPAIRING,C,NO CLAUSES INCLUDED AND NO SUSTAINABILITY INCLUDED,A,U.S. OWNED BUSINESS,000,NONE,Z,NOT IT PRODUCTS OR SERVICES,E,NOT REQUIRED,USA,UNITED STATES,C,NOT A MANUFACTURED END PRODUCT,B,PLAN NOT REQUIRED,A,FULL AND OPEN COMPETITION,NP,NEGOTIATED PROPOSAL/QUOTE,NONE,NO SET ASIDE USED.,NONE,NO PREFERENCE USED,,,,,,,3,D,COMMERCIAL ITEM PROCEDURES NOT USED,f,N,NO,N,NO,Y,YES,N,NO,0.00,N,NO,Y,YES,N,NO,X,NOT APPLICABLE,X,NOT APPLICABLE,,,,,,,,NONE,NONE,N,NO,X,NOT APPLICABLE EXEMPT FROM CAS,N,TRANSACTION DOES NOT USE GFE/GFP,U,UNKNOWN,D,NOT CONSOLIDATED,Y,YES - SERVICE WHERE PBA IS USED.,N,NO,Z,NOT APPLICABLE,N,NO,X,NOT APPLICABLE,f,f,f,f,f,f,f,f,f,f,f,f,f,f,f,f,f,f,f,OTHER THAN SMALL BUSINESS,O,f,f,f,f,f,f,f,f,f,f,f,f,f,f,f,f,f,CORPORATE NOT TAX EXEMPT,t,f,f,f,f,f,f,f,f,f,f,f,f,f,f,f,f,t,f,f,f,f,f,f,f,f,f,f,t,f,f,f,f,f,f,f,f,f,f,f,f,f,f,f,f,f,f,f,f,f,DAVID  CARVER,1189028.00,WILLIAM  HALE,853582.00,WILLIAM  CUDDY,811160.00,STEVE  DAVISON,720790.00,KEVIN  MOONEY,687108.00,https://www.usaspending.gov/award/CONT_AWD_N0002419C4449_9700_-NONE-_-NONE-/,2021-04-20 13:20:13+00
CONT_AWD_N0003011C0019_9700_-NONE-_-NONE-,N0003011C0019,,,,Q: Not Designated Nonemergency/Emergency/Disaster/Wildfire Suppression,,,,,46204881.90,29488.89,47629614.00,47629614.00,2011-06-07,2011,2021-04-19,2021,2011-06-01,2015-01-31,2015-01-31 00:00:00,,,097,Department of Defense,1700,Department of the Navy,N00030,PAE STRATEGIC SYSTEMS PROGRAMS,097,Department of Defense,1700,Department of the Navy,N00030,PAE STRATEGIC SYSTEMS PROGRAMS,017-2013/2015-1810-000;017-2014/2016-1810-000;017-2015/2017-1810-000;017-2017/2019-1810-000,017-1810,23.1: Rental payments to GSA;25.2: Other services from non-Federal sources;31.0: Equipment,OPTN: FIELD IS OPTIONAL PRIOR TO FY21,X,NOT APPLICABLE,,,CQWLW9XRQTH5,872978978,LOCKHEED MARTIN CORP,LOCKHEED MARTIN CORPORATION,,06887,ZFN2JJXBLZT3,834951691,LOCKHEED MARTIN CORP,LOCKHEED MARTIN CORPORATION,USA,UNITED STATES,1111 LOCKHEED MARTIN WAY BLDG 157,,SUNNYVALE,06085,SANTA CLARA,06,CA,CALIFORNIA,940891212,CA-17,CA-17,4087420007,4087429999,USA,UNITED STATES,SUNNYVALE,06085,SANTA CLARA,06,CA,CALIFORNIA,940891212,CA-17,CA-17,AWARD,D,DEFINITIVE CONTRACT,,,,,,,U,COST PLUS FIXED FEE,"NWS SYSTEM EQUIPMENT (OPN, COMPLETION)",,1,CT,CRITICAL FUNCTIONS,6350,"MISCELLANEOUS ALARM, SIGNAL, AND SECURITY DETECTION SYSTEMS",D,NOT A BUNDLED REQUIREMENT,A2,MISSILE AND SPACE SYSTEMS,561621,SECURITY SYSTEMS SERVICES (EXCEPT LOCKSMITHS),C,NO CLAUSES INCLUDED AND NO SUSTAINABILITY INCLUDED,A,U.S. OWNED BUSINESS,178,NSSL,Z,NOT IT PRODUCTS OR SERVICES,E,NOT REQUIRED,USA,UNITED STATES,D,MFG IN U.S.,C,PLAN REQUIRED - INCENTIVE NOT INCLUDED,C,NOT COMPETED,SSS,ONLY ONE SOURCE,NONE,NO SET ASIDE USED.,NONE,NO PREFERENCE USED,,,,,UNQ,UNIQUE SOURCE (FAR 6.302-1(B)(1)),1,D,COMMERCIAL ITEM PROCEDURES NOT USED,f,N,NO,N,NO,N,NO,N,NO,0.00,N,NO,X,NOT APPLICABLE,X,NOT APPLICABLE,X,NOT APPLICABLE,X,NOT APPLICABLE,,,,,,,,NONE,NONE,Y,YES,Y,YES - CAS CLAUSE INCLUDED,N,TRANSACTION DOES NOT USE GFE/GFP,N,NO,N,NO,X,NOT APPLICABLE,N,NO,Z,NOT APPLICABLE,N,NO,X,NOT APPLICABLE,f,f,f,f,f,f,f,f,f,f,f,f,f,f,f,f,f,f,f,OTHER THAN SMALL BUSINESS,O,f,f,f,f,f,f,f,f,f,f,f,f,f,f,f,f,f,CORPORATE NOT TAX EXEMPT,t,f,f,f,f,f,f,f,f,f,f,f,f,f,f,t,f,f,f,f,f,f,f,f,f,f,f,f,t,f,f,f,f,f,f,f,f,f,f,f,f,f,f,f,f,f,f,f,f,f,,,,,,,,,,,https://www.usaspending.gov/award/CONT_AWD_N0003011C0019_9700_-NONE-_-NONE-/,2021-04-19 10:57:06+00
CONT_AWD_N0003012C0023_9700_-NONE-_-NONE-,N0003012C0023,,,,Q: Not Designated Nonemergency/Emergency/Disaster/Wildfire Suppression,,,,,47071597.10,3496.84,47071597.10,47071597.10,2012-08-02,2012,2021-04-19,2021,2012-08-02,2018-09-28,2018-10-28 00:00:00,,,097,Department of Defense,1700,Department of the Navy,N00030,PAE STRATEGIC SYSTEMS PROGRAMS,097,Department of Defense,1700,Department of the Navy,N00030,PAE STRATEGIC SYSTEMS PROGRAMS,017-2013/2015-1810-000;017-2014/2016-1810-000;017-2018/2020-1810-000,017-1810,25.2: Other services from non-Federal sources;31.0: Equipment,OPTN: FIELD IS OPTIONAL PRIOR TO FY21,X,NOT APPLICABLE,,,CQWLW9XRQTH5,,LOCKHEED MARTIN CORP,LOCKHEED MARTIN CORPORATION,,06887,ZFN2JJXBLZT3,,LOCKHEED MARTIN CORP,LOCKHEED MARTIN CORPORATION,USA,UNITED STATES,1111 LOCKHEED MARTIN WAY BLDG 157,,SUNNYVALE,06085,SANTA CLARA,06,CA,CALIFORNIA,940891212,CA-17,CA-17,4087420007,4087429999,USA,UNITED STATES,KINGS BAY,13039,CAMDEN,13,GA,GEORGIA,315472606,GA-01,GA-01,AWARD,D,DEFINITIVE CONTRACT,,,,,,,U,COST PLUS FIXED FEE,"NWS SYSTEM EQUIPMENT (OPN, COMPLETION), NWS SUSTAINMENT SPARES (OMN, COMPLETION), NWS RESEARCH&DEVELOPMENT (RDT&E)",,1,,,6350,"MISCELLANEOUS ALARM, SIGNAL, AND SECURITY DETECTION SYSTEMS",D,NOT A BUNDLED REQUIREMENT,A2,MISSILE AND SPACE SYSTEMS,561621,SECURITY SYSTEMS SERVICES (EXCEPT LOCKSMITHS),C,NO CLAUSES INCLUDED AND NO SUSTAINABILITY INCLUDED,A,U.S. OWNED BUSINESS,178,TRIDENT II MISSILE,Z,NOT IT PRODUCTS OR SERVICES,A,MEETS REQUIREMENTS,USA,UNITED STATES,D,MFG IN U.S.,C,PLAN REQUIRED - INCENTIVE NOT INCLUDED,C,NOT COMPETED,SSS,ONLY ONE SOURCE,NONE,NO SET ASIDE USED.,NONE,NO PREFERENCE USED,,,,,NS,NATIONAL SECURITY (FAR 6.302-6),1,D,COMMERCIAL ITEM PROCEDURES NOT USED,f,N,NO,N,NO,N,NO,N,NO,0.00,N,NO,X,NOT APPLICABLE,X,NOT APPLICABLE,X,NOT APPLICABLE,X,NOT APPLICABLE,,,,,,,,NONE,NONE,Y,YES,Y,YES - CAS CLAUSE INCLUDED,N,TRANSACTION DOES NOT USE GFE/GFP,N,NO,N,NO,X,NOT APPLICABLE,N,NO,Z,NOT APPLICABLE,N,NO,X,NOT APPLICABLE,f,f,f,f,f,f,f,f,f,f,f,f,f,f,f,f,f,f,f,OTHER THAN SMALL BUSINESS,O,f,f,f,f,f,f,f,f,f,f,f,f,f,f,f,f,f,CORPORATE NOT TAX EXEMPT,t,f,f,f,f,f,f,f,f,f,f,f,f,f,f,t,f,f,f,f,f,f,f,f,f,f,f,f,t,f,f,f,f,f,f,f,f,f,f,f,f,f,f,f,f,f,f,f,f,f,,,,,,,,,,,https://www.usaspending.gov/award/CONT_AWD_N0003012C0023_9700_-NONE-_-NONE-/,2025-04-22 16:50:17+00
CONT_AWD_N0003013C0043_9700_-NONE-_-NONE-,N0003013C0043,,,,,,,,,19959077.00,,19959077.00,19959077.00,2013-07-26,2013,2021-04-19,2021,2013-07-26,2018-01-31,2018-01-31 00:00:00,,,097,Department of Defense,1700,Department of the Navy,N00030,PAE STRATEGIC SYSTEMS PROGRAMS,097,Department of Defense,1700,Department of the Navy,N00030,PAE STRATEGIC SYSTEMS PROGRAMS,,,,,X,NOT APPLICABLE,,,CQWLW9XRQTH5,872978978,LOCKHEED MARTIN CORP,LOCKHEED MARTIN CORPORATION,,06887,ZFN2JJXBLZT3,834951691,LOCKHEED MARTIN CORP,LOCKHEED MARTIN CORPORATION,USA,UNITED STATES,1111 LOCKHEED MARTIN WAY BLDG 157,,SUNNYVALE,06085,SANTA CLARA,06,CA,CALIFORNIA,940891212,CA-17,CA-17,4087420007,4087429999,USA,UNITED STATES,SUNNYVALE,06085,SANTA CLARA,06,CA,CALIFORNIA,940891212,CA-17,CA-17,AWARD,D,DEFINITIVE CONTRACT,,,,,,,U,COST PLUS FIXED FEE,"NWS SYSTEM EQUIPMENT, NWS SUSTAINMENT SPARES, NWS RDT&E",,1,,,6350,"MISCELLANEOUS ALARM, SIGNAL, AND SECURITY DETECTION SYSTEMS",D,NOT A BUNDLED REQUIREMENT,A2,MISSILE AND SPACE SYSTEMS,561621,SECURITY SYSTEMS SERVICES (EXCEPT LOCKSMITHS),C,NO CLAUSES INCLUDED AND NO SUSTAINABILITY INCLUDED,A,U.S. OWNED BUSINESS,178,NSSL,Z,NOT IT PRODUCTS OR SERVICES,A,MEETS REQUIREMENTS,USA,UNITED STATES,D,MFG IN U.S.,C,PLAN REQUIRED - INCENTIVE NOT INCLUDED,C,NOT COMPETED,SSS,ONLY ONE SOURCE,NONE,NO SET ASIDE USED.,NONE,NO PREFERENCE USED,,,,,NS,NATIONAL SECURITY (FAR 6.302-6),1,D,COMMERCIAL ITEM PROCEDURES NOT USED,f,N,NO,N,NO,N,NO,N,NO,0.00,N,NO,X,NOT APPLICABLE,X,NOT APPLICABLE,X,NOT APPLICABLE,X,NOT APPLICABLE,,,,,,,,NONE,NONE,Y,YES,Y,YES - CAS CLAUSE INCLUDED,N,TRANSACTION DOES NOT USE GFE/GFP,N,NO,N,NO,X,NOT APPLICABLE,N,NO,Z,NOT APPLICABLE,N,NO,X,NOT APPLICABLE,f,f,f,f,f,f,f,f,f,f,f,f,f,f,f,f,f,f,f,OTHER THAN SMALL BUSINESS,O,f,f,f,f,f,f,f,f,f,f,f,f,f,f,f,f,f,CORPORATE NOT TAX EXEMPT,t,f,f,f,f,f,f,f,f,f,f,f,f,f,f,f,f,t,f,f,f,f,f,f,f,f,f,f,t,f,f,f,f,f,f,f,f,f,f,f,f,f,f,f,f,f,f,f,f,f,,,,,,,,,,,https://www.usaspending.gov/award/CONT_AWD_N0003013C0043_9700_-NONE-_-NONE-/,2021-04-19 10:45:23+00
CONT_AWD_N0003014C0017_9700_-NONE-_-NONE-,N0003014C0017,,,,Q: Not Designated Nonemergency/Emergency/Disaster/Wildfire Suppression,,,,,3321748.95,0.00,3347208.00,3347208.00,2014-01-28,2014,2021-04-19,2021,2013-12-20,2015-12-20,2015-12-20 00:00:00,,,097,Department of Defense,1700,Department of the Navy,N00030,PAE STRATEGIC SYSTEMS PROGRAMS,097,Department of Defense,1700,Department of the Navy,N00030,PAE STRATEGIC SYSTEMS PROGRAMS,017-2014/2015-1319-000;017-2015/2015-1804-000,017-1319;017-1804,25.5: Research and development contracts,,X,NOT APPLICABLE,,,LBMXHCLLM6A5,142300222,"JRC INTEGRATED SYSTEMS, LLC","JRC INTEGRATED SYSTEMS, INC.",,3QQY3,LBMXHCLLM6A5,142300222,"JRC INTEGRATED SYSTEMS, LLC",JRC INTEGRATED SYSTEMS  INC.,USA,UNITED STATES,1201 M ST SE STE G40,,WASHINGTON,11001,DISTRICT OF COLUMBIA,11,DC,DISTRICT OF COLUMBIA,200033702,DC-98,DC-98,2027352700,2025440209,USA,UNITED STATES,WASHINGTON,11001,DISTRICT OF COLUMBIA,11,DC,DISTRICT OF COLUMBIA,200033702,DC-98,DC-98,AWARD,D,DEFINITIVE CONTRACT,,,,,,,U,COST PLUS FIXED FEE,FY14 CMC SYSTEMS ENGINEERING,,1,CT,CRITICAL FUNCTIONS,AC55,R&D- DEFENSE SYSTEM: WEAPONS (OPERATIONAL SYSTEMS DEVELOPMENT),D,NOT A BUNDLED REQUIREMENT,A2,MISSILE AND SPACE SYSTEMS,541330,ENGINEERING SERVICES,C,NO CLAUSES INCLUDED AND NO SUSTAINABILITY INCLUDED,A,U.S. OWNED BUSINESS,178,NSSL,Z,NOT IT PRODUCTS OR SERVICES,E,NOT REQUIRED,USA,UNITED STATES,C,NOT A MANUFACTURED END PRODUCT,B,PLAN NOT REQUIRED,B,NOT AVAILABLE FOR COMPETITION,SSS,ONLY ONE SOURCE,SDVOSBS,SDVOSB SOLE SOURCE,NONE,NO PREFERENCE USED,,,,,OTH,AUTHORIZED BY STATUTE (FAR 6.302-5(A)(2)(I)),1,D,COMMERCIAL ITEM PROCEDURES NOT USED,f,N,NO,N,NO,Y,YES,N,NO,0.00,N,NO,Y,YES,Y,YES,N,NO,X,NOT APPLICABLE,,,,,,,,NONE,NONE,N,NO,X,NOT APPLICABLE EXEMPT FROM CAS,N,TRANSACTION DOES NOT USE GFE/GFP,N,NO,N,NO,N,NO - SERVICE WHERE PBA IS NOT USED.,N,NO,Z,NOT APPLICABLE,N,NO,X,NOT APPLICABLE,f,f,f,f,f,t,t,f,f,f,f,f,t,f,f,f,t,f,f,SMALL BUSINESS,S,f,f,f,f,f,f,f,f,f,f,f,f,f,f,f,f,f,CORPORATE NOT TAX EXEMPT,t,f,f,f,f,f,f,f,f,f,f,f,f,f,f,f,f,t,f,f,f,f,f,f,f,t,f,f,t,f,f,f,f,f,f,f,f,f,f,f,f,f,f,f,f,t,f,t,f,f,JUAN A JIMENEZ,472939.00,ANTONIO R JIMENEZ,417059.00,RODNEY  LUCK,410230.00,JEFFREY S RANDALL,390483.00,JEFFERY  DUNCAN,363330.00,https://www.usaspending.gov/award/CONT_AWD_N0003014C0017_9700_-NONE-_-NONE-/,2021-04-19 15:18:22+00
CONT_AWD_N0003015C0031_9700_-NONE-_-NONE-,N0003015C0031,,,,,,,,,3144920.08,0.00,3144920.08,3144920.08,2015-08-21,2015,2021-04-16,2021,2015-08-20,2020-08-20,2020-08-20 00:00:00,,,097,Department of Defense,9763,Defense Contract Management Agency,S1103A,DCMA SOUTHEAST (ATLANTA),097,Department of Defense,1700,Department of the Navy,N00030,PAE STRATEGIC SYSTEMS PROGRAMS,017-2019/2019-1804-000,017-1804,25.7: Operation and maintenance of equipment,,X,NOT APPLICABLE,,,WCXST5M5YPW6,858560816,"IMES, INC.","IMES, INC.",,08ZF4,UMGKADQH9KD5,211494900,IMES GROUP HOLDINGS LTD,IMES GROUP HOLDINGS LTD,USA,UNITED STATES,"470 SATELLITE BLVD NE, STE K",,SUWANEE,13135,GWINNETT,13,GA,GEORGIA,300247134,GA-01,GA-09,9125100103,9125100107,USA,UNITED STATES,SAINT MARYS,13039,CAMDEN,13,GA,GEORGIA,315589203,GA-01,GA-01,AWARD,D,DEFINITIVE CONTRACT,,,,,,,B,FIXED PRICE LEVEL OF EFFORT,IGF::OT::IGF,N0003015R0031,1,OT,OTHER FUNCTIONS,L099,TECHNICAL REPRESENTATIVE- MISCELLANEOUS,D,NOT A BUNDLED REQUIREMENT,A2,MISSILE AND SPACE SYSTEMS,541330,ENGINEERING SERVICES,C,NO CLAUSES INCLUDED AND NO SUSTAINABILITY INCLUDED,A,U.S. OWNED BUSINESS,178,NSSL,Z,NOT IT PRODUCTS OR SERVICES,E,NOT REQUIRED,USA,UNITED STATES,C,NOT A MANUFACTURED END PRODUCT,B,PLAN NOT REQUIRED,C,NOT COMPETED,SSS,ONLY ONE SOURCE,NONE,NO SET ASIDE USED.,NONE,NO PREFERENCE USED,,,,,ONE,ONLY ONE SOURCE-OTHER (FAR 6.302-1 OTHER),1,D,COMMERCIAL ITEM PROCEDURES NOT USED,f,N,NO,N,NO,Y,YES,N,NO,0.00,N,NO,N,NO,N,NO,N,NO,X,NOT APPLICABLE,,,,,,,,NONE,NONE,N,NO,Y,YES - CAS CLAUSE INCLUDED,N,TRANSACTION DOES NOT USE GFE/GFP,U,UNKNOWN,N,NO,N,NO - SERVICE WHERE PBA IS NOT USED.,N,NO,Z,NOT APPLICABLE,N,NO,X,NOT APPLICABLE,f,f,f,f,f,f,f,f,f,f,f,f,f,f,f,f,f,f,f,SMALL BUSINESS,S,f,f,f,f,f,f,f,f,f,f,f,f,f,f,f,f,f,CORPORATE NOT TAX EXEMPT,t,f,f,f,f,f,f,f,f,f,f,f,t,f,f,f,f,t,f,f,f,f,f,f,f,f,f,f,t,f,f,f,f,f,f,f,f,f,f,f,f,f,f,f,f,f,f,f,f,f,,,,,,,,,,,https://www.usaspending.gov/award/CONT_AWD_N0003015C0031_9700_-NONE-_-NONE-/,2021-04-16 12:47:49+00
CONT_AWD_N0003904C2120_9700_-NONE-_-NONE-,N0003904C2120,,,,,,,,,3249010.00,,0.00,0.00,2004-04-07,2004,2021-04-20,2021,2004-04-07,2010-03-31,2010-03-31 00:00:00,,,097,Department of Defense,9763,Defense Contract Management Agency,S0514A,DCMA SOUTHERN CAL (SAN DIEGO),097,Department of Defense,97JC,Missile Defense Agency,HQ0006,MISSILE DEFENSE AGENCY,,,,,X,NOT APPLICABLE,,,RN43FYPYNKP4,841440832,TREX ENTERPRISES CORPORATION,TREX ENTERPRISES CORPORATION,,0ZKJ6,RN43FYPYNKP4,841440832,TREX ENTERPRISES CORPORATION,TREX ENTERPRISES CORPORATION,USA,UNITED STATES,10455 PACIFIC CENTER COURT,,SAN DIEGO,06073,SAN DIEGO,06,CA,CALIFORNIA,92121,CA-53,CA-90,,,USA,UNITED STATES,SAN DIEGO,06073,SAN DIEGO,06,CA,CALIFORNIA,921214339,CA-52,CA-51,AWARD,D,DEFINITIVE CONTRACT,,,,,,,U,COST PLUS FIXED FEE,,,1,,,AZ12,R&D- OTHER RESEARCH AND DEVELOPMENT (APPLIED RESEARCH/EXPLORATORY DEVELOPMENT),D,NOT A BUNDLED REQUIREMENT,A3,SHIPS,541710,"RESEARCH AND DEVELOPMENT IN THE PHYSICAL, ENGINEERING, AND LIFE SCIENCES",C,NO CLAUSES INCLUDED AND NO SUSTAINABILITY INCLUDED,,,000,NONE,,,E,NOT REQUIRED,USA,UNITED STATES,C,NOT A MANUFACTURED END PRODUCT,B,PLAN NOT REQUIRED,D,FULL AND OPEN COMPETITION AFTER EXCLUSION OF SOURCES,NP,NEGOTIATED PROPOSAL/QUOTE,SBA,SMALL BUSINESS SET ASIDE - TOTAL,NONE,NO PREFERENCE USED,SR2,SMALL BUSINESS INNOVATION RESEARCH PROGRAM PHASE II ACTION,,,,,2,D,COMMERCIAL ITEM PROCEDURES NOT USED,f,N,NO,N,NO,X,NOT APPLICABLE,,,0.00,N,NO,X,NOT APPLICABLE,N,NO,X,NOT APPLICABLE,X,NOT APPLICABLE,,,,,,,,NONE,NONE,N,NO,X,NOT APPLICABLE EXEMPT FROM CAS,N,TRANSACTION DOES NOT USE GFE/GFP,U,UNKNOWN,N,NO,N,NO - SERVICE WHERE PBA IS NOT USED.,N,NO,Z,NOT APPLICABLE,N,NO,X,NOT APPLICABLE,f,f,f,f,f,f,f,t,f,f,f,f,f,f,f,f,f,f,f,SMALL BUSINESS,S,f,f,f,f,f,f,f,f,f,f,f,f,f,f,f,f,f,,f,f,f,f,f,f,f,f,f,f,f,f,f,f,f,f,f,f,f,f,f,f,f,f,f,f,f,f,f,f,f,f,f,f,f,f,f,f,f,f,f,f,f,f,f,f,f,f,f,f,,,,,,,,,,,https://www.usaspending.gov/award/CONT_AWD_N0003904C2120_9700_-NONE-_-NONE-/,2021-04-23 11:59:39+00
CONT_AWD_N0003917C0020_9700_-NONE-_-NONE-,N0003917C0020,,,,,,,,,1473399.00,,1473399.00,1473399.00,2017-08-21,2017,2021-04-20,2021,2017-08-02,2023-07-31,2023-07-31 00:00:00,,,097,Department of Defense,9763,Defense Contract Management Agency,S0514A,DCMA SOUTHERN CAL (SAN DIEGO),097,Department of Defense,97JC,Missile Defense Agency,HQ0006,MISSILE DEFENSE AGENCY,,,,,X,NOT APPLICABLE,,,RN43FYPYNKP4,841440832,TREX ENTERPRISES CORPORATION,TREX ENTERPRISES CORPORATION,,0ZKJ6,RN43FYPYNKP4,841440832,TREX ENTERPRISES CORPORATION,TREX ENTERPRISES CORPORATION,USA,UNITED STATES,10455 PACIFIC CENTER CT,,SAN DIEGO,06073,SAN DIEGO,06,CA,CALIFORNIA,921214339,CA-53,CA-51,8586465462,8586465581,USA,UNITED STATES,SAN DIEGO,06073,SAN DIEGO,06,CA,CALIFORNIA,921214339,CA-52,CA-51,AWARD,D,DEFINITIVE CONTRACT,,,,,,,U,COST PLUS FIXED FEE,"""IGF::OT::IGF"" GYRO STABILIZED CELESTIAL NAVIGATOR",HQ003416R0001,1,OT,OTHER FUNCTIONS,AD63,R&D- DEFENSE OTHER: CONSTRUCTION (ADVANCED DEVELOPMENT),H,NOT BUNDLED,S1,SERVICES,541712,"RESEARCH AND DEVELOPMENT IN THE PHYSICAL, ENGINEERING, AND LIFE SCIENCES (EXCEPT BIOTECHNOLOGY)",C,NO CLAUSES INCLUDED AND NO SUSTAINABILITY INCLUDED,A,U.S. OWNED BUSINESS,000,NONE,Z,NOT IT PRODUCTS OR SERVICES,E,NOT REQUIRED,USA,UNITED STATES,C,NOT A MANUFACTURED END PRODUCT,B,PLAN NOT REQUIRED,A,FULL AND OPEN COMPETITION,TS,TWO STEP,NONE,NO SET ASIDE USED.,NONE,NO PREFERENCE USED,,,,,,,1,D,COMMERCIAL ITEM PROCEDURES NOT USED,f,N,NO,N,NO,Y,YES,N,NO,0.00,N,NO,Y,YES,N,NO,N,NO,X,NOT APPLICABLE,,,,,,,,NONE,NONE,Y,YES,X,NOT APPLICABLE EXEMPT FROM CAS,N,TRANSACTION DOES NOT USE GFE/GFP,N,NO,D,NOT CONSOLIDATED,Y,YES - SERVICE WHERE PBA IS USED.,N,NO,Z,NOT APPLICABLE,N,NO,X,NOT APPLICABLE,f,f,f,f,f,f,f,f,f,f,f,f,f,f,f,f,f,f,f,SMALL BUSINESS,S,f,f,f,f,f,f,f,f,f,f,f,f,f,f,f,f,f,CORPORATE NOT TAX EXEMPT,t,f,f,f,f,f,f,f,f,f,f,f,f,f,f,f,f,t,f,f,f,f,f,f,f,f,f,f,t,f,f,f,f,f,f,f,f,f,f,f,f,f,f,f,f,f,f,f,f,f,,,,,,,,,,,https://www.usaspending.gov/award/CONT_AWD_N0003917C0020_9700_-NONE-_-NONE-/,2021-04-23 12:02:40+00
CONT_AWD_N0010419CK073_9700_-NONE-_-NONE-,N0010419CK073,,,,Q: Not Designated Nonemergency/Emergency/Disaster/Wildfire Suppression,,,,,625738.96,843628.80,485134.16,485134.16,2019-03-28,2019,2021-04-20,2021,2019-03-28,2021-04-13,2021-04-13 00:00:00,,2018-12-11,097,Department of Defense,1700,Department of the Navy,N00104,NAVSUP WEAPON SYSTEMS SUPPORT MECH,097,Department of Defense,1700,Department of the Navy,N00174,NSWC INDIAN HEAD DIVISION,017-2018/2020-1506-000;017-2019/2021-1506-000;017-2020/2022-1506-000,017-1506,26.0: Supplies and materials,OPTN: FIELD IS OPTIONAL PRIOR TO FY21,X,NOT APPLICABLE,,,C3NRYDF1K755,005240536,CHEMRING ENERGETIC DEVICES INC,"CHEMRING ENERGETIC DEVICES, INC.",,93455,J6LFYSFAMVN5,216244954,CHEMRING GROUP PLC,CHEMRING GROUP PLC,USA,UNITED STATES,2525 CURTISS ST,,DOWNERS GROVE,17043,DUPAGE,17,IL,ILLINOIS,605154060,IL-11,IL-06,6309690620,6308295973,USA,UNITED STATES,DOWNERS GROVE,17043,DUPAGE,17,IL,ILLINOIS,605154060,IL-11,IL-06,AWARD,D,DEFINITIVE CONTRACT,,,,,,,J,FIRM FIXED PRICE,XW71,N0010419RK057,1,,,1377,CARTRIDGE AND PROPELLANT ACTUATED DEVICES AND COMPONENTS,H,NOT BUNDLED,A6,AMMUNITION,325920,EXPLOSIVES MANUFACTURING,C,NO CLAUSES INCLUDED AND NO SUSTAINABILITY INCLUDED,C,FOREIGN-OWNED BUSINESS INCORPORATED IN THE U.S.,000,NONE,Z,NOT IT PRODUCTS OR SERVICES,E,NOT REQUIRED,USA,UNITED STATES,D,MFG IN U.S.,B,PLAN NOT REQUIRED,C,NOT COMPETED,SSS,ONLY ONE SOURCE,NONE,NO SET ASIDE USED.,NONE,NO PREFERENCE USED,,,,,ONE,ONLY ONE SOURCE-OTHER (FAR 6.302-1 OTHER),1,D,COMMERCIAL ITEM PROCEDURES NOT USED,f,N,NO,N,NO,Y,YES,N,NO,0.00,N,NO,Y,YES,X,NOT APPLICABLE,X,NOT APPLICABLE,X,NOT APPLICABLE,,,,,,,,NONE,NONE,N,NO,X,NOT APPLICABLE EXEMPT FROM CAS,N,TRANSACTION DOES NOT USE GFE/GFP,U,UNKNOWN,D,NOT CONSOLIDATED,X,NOT APPLICABLE,N,NO,Z,NOT APPLICABLE,N,NO,X,NOT APPLICABLE,f,f,f,f,f,f,f,f,f,f,f,f,f,f,f,f,f,f,f,OTHER THAN SMALL BUSINESS,O,f,f,f,f,f,f,f,f,f,f,f,f,f,f,f,f,f,CORPORATE NOT TAX EXEMPT,t,f,f,f,f,f,f,f,f,f,f,f,t,f,f,f,f,t,f,f,f,f,f,f,f,f,f,t,t,f,f,f,f,f,f,f,f,f,f,f,f,f,f,f,f,f,f,f,f,f,,,,,,,,,,,https://www.usaspending.gov/award/CONT_AWD_N0010419CK073_9700_-NONE-_-NONE-/,2021-04-20 12:07:04+00
CONT_AWD_N0017307C4011_9700_-NONE-_-NONE-,N0017307C4011,,,,,,,,,1635555.00,,1635555.00,1635555.00,2006-12-19,2007,2021-04-20,2021,2006-12-19,2009-12-19,2009-12-19 00:00:00,,,097,Department of Defense,9763,Defense Contract Management Agency,S0514A,DCMA SOUTHERN CAL (SAN DIEGO),097,Department of Defense,1700,Department of the Navy,N00173,NAVAL RESEARCH LABORATORY,,,,,X,NOT APPLICABLE,,,RN43FYPYNKP4,841440832,TREX ENTERPRISES CORPORATION,TREX ENTERPRISES CORPORATION,,0ZKJ6,RN43FYPYNKP4,841440832,TREX ENTERPRISES CORPORATION,TREX ENTERPRISES CORPORATION,USA,UNITED STATES,10455 PACIFIC CENTER CT,,SAN DIEGO,06073,SAN DIEGO,06,CA,CALIFORNIA,921214339,CA-53,CA-51,,,USA,UNITED STATES,SAN DIEGO,06073,SAN DIEGO,06,CA,CALIFORNIA,921214339,CA-52,CA-51,AWARD,D,DEFINITIVE CONTRACT,,,,,,,U,COST PLUS FIXED FEE,32-0133-07   PRECISION NAVIGATION,,1,,,AJ13,GENERAL SCIENCE & TECHNOLOGY R&D SVCS; GENERAL SCIENCE & TECHNOLOGY; EXPERIMENTAL DEVELOPMENT,D,NOT A BUNDLED REQUIREMENT,A7,ELECTRONICS AND COMMUNICATION EQUIPMENT,541710,"RESEARCH AND DEVELOPMENT IN THE PHYSICAL, ENGINEERING, AND LIFE SCIENCES",C,NO CLAUSES INCLUDED AND NO SUSTAINABILITY INCLUDED,,,000,NONE,Z,NOT IT PRODUCTS OR SERVICES,E,NOT REQUIRED,USA,UNITED STATES,C,NOT A MANUFACTURED END PRODUCT,B,PLAN NOT REQUIRED,A,FULL AND OPEN COMPETITION,BR,BASIC RESEARCH,NONE,NO SET ASIDE USED.,NONE,NO PREFERENCE USED,,,,,,,1,D,COMMERCIAL ITEM PROCEDURES NOT USED,f,N,NO,N,NO,X,NOT APPLICABLE,,,0.00,N,NO,X,NOT APPLICABLE,N,NO,X,NOT APPLICABLE,X,NOT APPLICABLE,,,,,,,,NONE,NONE,Y,YES,X,NOT APPLICABLE EXEMPT FROM CAS,N,TRANSACTION DOES NOT USE GFE/GFP,N,NO,N,NO,N,NO - SERVICE WHERE PBA IS NOT USED.,N,NO,Z,NOT APPLICABLE,N,NO,X,NOT APPLICABLE,f,f,f,f,f,f,f,f,f,f,f,f,f,f,f,f,f,f,f,SMALL BUSINESS,S,f,f,f,f,f,f,f,f,f,f,f,f,f,f,f,f,f,,f,f,f,f,f,f,f,f,f,f,f,f,f,f,f,f,f,f,f,f,f,f,f,f,f,f,f,f,f,f,f,f,f,f,f,f,f,f,f,f,f,f,f,f,f,f,f,f,f,f,,,,,,,,,,,https://www.usaspending.gov/award/CONT_AWD_N0017307C4011_9700_-NONE-_-NONE-/,2021-04-23 12:05:39+00
CONT_AWD_N0018913CZ005_9700_-NONE-_-NONE-,N0018913CZ005,,,,,,,,,3397270.49,,4725423.14,4725423.14,2012-11-07,2013,2021-04-21,2021,2012-11-07,2016-04-30,2016-04-30 00:00:00,,,097,Department of Defense,1700,Department of the Navy,N00189,NAVSUP FLT LOG CTR NORFOLK,097,Department of Defense,97AD,Immediate Office of the Secretary of Defense,H91269,JOINT STAFF   MR. MARTIN,,,,,X,NOT APPLICABLE,,,L3G5SBQ2PLK5,364124651,GEORGIA TECH APPLIED RESEARCH CORP,GEORGIA TECH APPLIED RESEARCH CORPORATION,,1FEZ4,EMW9FC8J3HN4,097394084,GEORGIA TECH RESEARCH CORP,GEORGIA TECH RESEARCH CORPORATION,USA,UNITED STATES,505 10TH ST,,ATLANTA,13121,FULTON,13,GA,GEORGIA,303320001,GA-05,GA-05,4048946945,4043852081,USA,UNITED STATES,NORFOLK,51710,NORFOLK CITY,51,VA,VIRGINIA,235112325,VA-02,VA-03,AWARD,D,DEFINITIVE CONTRACT,,,,,,,U,COST PLUS FIXED FEE,LABOR- SUPPORT SERVICES,N0018913RZ009,1,OT,OTHER FUNCTIONS,R425,SUPPORT- PROFESSIONAL: ENGINEERING/TECHNICAL,D,NOT A BUNDLED REQUIREMENT,S1,SERVICES,541330,ENGINEERING SERVICES,C,NO CLAUSES INCLUDED AND NO SUSTAINABILITY INCLUDED,A,U.S. OWNED BUSINESS,000,NONE,Z,NOT IT PRODUCTS OR SERVICES,E,NOT REQUIRED,USA,UNITED STATES,C,NOT A MANUFACTURED END PRODUCT,B,PLAN NOT REQUIRED,C,NOT COMPETED,SSS,ONLY ONE SOURCE,NONE,NO SET ASIDE USED.,NONE,NO PREFERENCE USED,,,,,ONE,ONLY ONE SOURCE-OTHER (FAR 6.302-1 OTHER),1,D,COMMERCIAL ITEM PROCEDURES NOT USED,f,N,NO,N,NO,Y,YES,N,NO,0.00,N,NO,X,NOT APPLICABLE,X,NOT APPLICABLE,X,NOT APPLICABLE,X,NOT APPLICABLE,,,,,,,,NONE,NONE,N,NO,X,NOT APPLICABLE EXEMPT FROM CAS,N,TRANSACTION DOES NOT USE GFE/GFP,U,UNKNOWN,N,NO,Y,YES - SERVICE WHERE PBA IS USED.,N,NO,Z,NOT APPLICABLE,N,NO,X,NOT APPLICABLE,f,f,f,f,f,f,f,f,f,f,f,f,f,f,f,f,f,f,f,OTHER THAN SMALL BUSINESS,O,f,f,f,f,f,f,f,f,f,f,f,f,f,f,f,f,f,CORPORATE TAX EXEMPT,f,t,f,f,f,f,f,f,f,t,f,f,f,f,f,f,f,t,f,f,f,f,f,f,f,f,f,f,f,t,f,f,f,t,f,f,f,f,f,f,f,f,f,f,f,f,f,f,f,f,,,,,,,,,,,https://www.usaspending.gov/award/CONT_AWD_N0018913CZ005_9700_-NONE-_-NONE-/,2021-06-25 09:21:05+00
CONT_AWD_N0038318CN005_9700_-NONE-_-NONE-,N0038318CN005,,,,,,,,,531425.33,,531425.33,531425.33,2017-12-22,2018,2021-04-20,2021,2017-12-22,2018-12-24,2018-12-24 00:00:00,,,097,Department of Defense,1700,Department of the Navy,N00383,NAVSUP WEAPON SYSTEMS SUPPORT,097,Department of Defense,1700,Department of the Navy,N00383,NAVSUP WEAPON SYSTEMS SUPPORT,,,,,X,NOT APPLICABLE,,,CW7HJMUQB621,621219166,"ECI DEFENSE GROUP, INC.","ECI DEFENSE GROUP, INC.",,4BJ65,CW7HJMUQB621,621219166,"ECI DEFENSE GROUP, INC.",ECI DEFENSE GROUP  INC,USA,UNITED STATES,970 PROGRESS CENTER AVE,,LAWRENCEVILLE,13135,GWINNETT,13,GA,GEORGIA,300434803,GA-07,GA-09,9319960711,6783778612,USA,UNITED STATES,LAWRENCEVILLE,13135,GWINNETT,13,GA,GEORGIA,300434803,GA-07,GA-09,AWARD,D,DEFINITIVE CONTRACT,,,,,,,J,FIRM FIXED PRICE,"BOTTLE OXYGEN,AIRCR",,1,OT,OTHER FUNCTIONS,1680,MISCELLANEOUS AIRCRAFT ACCESSORIES AND COMPONENTS,H,NOT BUNDLED,A7,ELECTRONICS AND COMMUNICATION EQUIPMENT,333999,ALL OTHER MISCELLANEOUS GENERAL PURPOSE MACHINERY MANUFACTURING,C,NO CLAUSES INCLUDED AND NO SUSTAINABILITY INCLUDED,A,U.S. OWNED BUSINESS,000,NONE,Z,NOT IT PRODUCTS OR SERVICES,E,NOT REQUIRED,USA,UNITED STATES,D,MFG IN U.S.,B,PLAN NOT REQUIRED,A,FULL AND OPEN COMPETITION,NP,NEGOTIATED PROPOSAL/QUOTE,NONE,NO SET ASIDE USED.,NONE,NO PREFERENCE USED,,,,,,,1,A,COMMERCIAL ITEM,f,N,NO,N,NO,X,NOT APPLICABLE,N,NO,0.00,N,NO,X,NOT APPLICABLE,X,NOT APPLICABLE,X,NOT APPLICABLE,X,NOT APPLICABLE,,,,,,,,NONE,NONE,W,NOT OBTAINED - WAIVED,X,NOT APPLICABLE EXEMPT FROM CAS,Y,TRANSACTION USES GFE/GFP,N,NO,D,NOT CONSOLIDATED,X,NOT APPLICABLE,N,NO,Z,NOT APPLICABLE,N,NO,X,NOT APPLICABLE,f,f,f,f,f,f,f,f,f,f,f,f,f,f,f,f,f,f,f,SMALL BUSINESS,S,f,f,f,f,f,f,f,f,f,f,f,f,f,f,f,f,f,CORPORATE NOT TAX EXEMPT,t,f,f,f,f,f,f,f,f,f,f,f,f,f,f,f,f,t,f,f,f,f,f,f,f,t,f,f,t,f,f,f,f,f,f,f,f,f,f,f,f,f,f,f,f,f,f,f,f,f,,,,,,,,,,,https://www.usaspending.gov/award/CONT_AWD_N0038318CN005_9700_-NONE-_-NONE-/,2021-04-20 14:48:22+00
CONT_AWD_N0038319CD035_9700_-NONE-_-NONE-,N0038319CD035,,,,,,,,,1652118.10,,1652118.10,1652118.10,2019-08-27,2019,2021-04-19,2021,2019-08-27,2021-05-20,2021-05-20 00:00:00,,2019-08-05,097,Department of Defense,1700,Department of the Navy,N00383,NAVSUP WEAPON SYSTEMS SUPPORT,097,Department of Defense,1700,Department of the Navy,N00383,NAVSUP WEAPON SYSTEMS SUPPORT,,,,,X,NOT APPLICABLE,,,NDBGSG77NZV5,833076883,DRS ADVANCED ISR LLC,"DRS ADVANCED ISR, LLC",,0CDN3,W8PTMRME1496,428869465,LEONARDO SPA,LEONARDO SPA,USA,UNITED STATES,"2601 MISSION POINT BLVD, STE 250",,BEAVERCREEK,39113,MONTGOMERY,39,OH,OHIO,454316600,OH-10,OH-10,9373063475,9374297176,USA,UNITED STATES,BEAVERCREEK,39113,MONTGOMERY,39,OH,OHIO,454316600,OH-10,OH-10,AWARD,D,DEFINITIVE CONTRACT,,,,,,,J,FIRM FIXED PRICE,"J TT RECEIVER, RADI",,1,OT,OTHER FUNCTIONS,5821,"RADIO AND TELEVISION COMMUNICATION EQUIPMENT, AIRBORNE",H,NOT BUNDLED,A7,ELECTRONICS AND COMMUNICATION EQUIPMENT,333999,ALL OTHER MISCELLANEOUS GENERAL PURPOSE MACHINERY MANUFACTURING,C,NO CLAUSES INCLUDED AND NO SUSTAINABILITY INCLUDED,A,U.S. OWNED BUSINESS,000,NONE,Z,NOT IT PRODUCTS OR SERVICES,E,NOT REQUIRED,USA,UNITED STATES,D,MFG IN U.S.,F,INDIVIDUAL SUBCONTRACT PLAN,C,NOT COMPETED,SSS,ONLY ONE SOURCE,NONE,NO SET ASIDE USED.,NONE,NO PREFERENCE USED,,,,,ONE,ONLY ONE SOURCE-OTHER (FAR 6.302-1 OTHER),1,D,COMMERCIAL ITEM PROCEDURES NOT USED,f,N,NO,N,NO,X,NOT APPLICABLE,N,NO,0.00,N,NO,Y,YES,N,NO,X,NOT APPLICABLE,X,NOT APPLICABLE,,,,,,,,NONE,NONE,N,NO,X,NOT APPLICABLE EXEMPT FROM CAS,Y,TRANSACTION USES GFE/GFP,N,NO,D,NOT CONSOLIDATED,X,NOT APPLICABLE,N,NO,Z,NOT APPLICABLE,N,NO,X,NOT APPLICABLE,f,f,f,f,f,f,f,f,f,f,f,f,f,f,f,f,f,f,f,OTHER THAN SMALL BUSINESS,O,f,f,f,f,f,f,f,f,f,f,f,f,f,f,f,f,f,CORPORATE NOT TAX EXEMPT,t,f,f,f,f,f,f,f,f,f,f,f,t,f,f,f,f,t,f,f,f,f,f,f,f,f,t,f,t,f,f,f,f,f,f,f,f,f,f,f,f,f,f,f,f,f,f,f,f,f,TERRENCE  MURPHY,1952016.00,LARRY  EZELL,506134.00,WILLIAM J LYNN III,4076014.00,MICHAEL  DIPPOLD,849337.00,MARK  DORFMAN,1148876.00,https://www.usaspending.gov/award/CONT_AWD_N0038319CD035_9700_-NONE-_-NONE-/,2021-04-21 11:36:27+00
CONT_AWD_N0038320CF016_9700_-NONE-_-NONE-,N0038320CF016,,,,,,,,,47385.11,,47385.11,47385.11,2020-08-06,2020,2021-04-19,2021,2020-08-06,2021-08-06,2021-08-06 00:00:00,,,097,Department of Defense,1700,Department of the Navy,N00383,NAVSUP WEAPON SYSTEMS SUPPORT,097,Department of Defense,1700,Department of the Navy,N00383,NAVSUP WEAPON SYSTEMS SUPPORT,,,,,X,NOT APPLICABLE,,,G5AGNKKW3688,753095850,ROSEBANK ENGINEERING PTY LTD,RUAG AUSTRALIA PTY LTD,,Z4978,,485642987,SCHWEIZERISCHE EIDGENOSSENSCHAFT,RUAG AUSTRALIA PTY LTD,AUS,AUSTRALIA,836 MOUNTAIN HWY,,BAYSWATER,,,,,VIC,3153,,,,,AUS,AUSTRALIA,,,,,,,VIC3153,,,AWARD,D,DEFINITIVE CONTRACT,,,,,,,J,FIRM FIXED PRICE,"DRIVE UNIT,HYDRAULI",N0038320RF208,1,OT,OTHER FUNCTIONS,1005,"GUNS, THROUGH 30MM",H,NOT BUNDLED,A1B,AIRCRAFT ENGINES AND SPARES,336413,OTHER AIRCRAFT PARTS AND AUXILIARY EQUIPMENT MANUFACTURING,C,NO CLAUSES INCLUDED AND NO SUSTAINABILITY INCLUDED,D,FOREIGN-OWNED BUSINESS NOT INCORPORATED IN THE U.S.,000,NONE,Z,NOT IT PRODUCTS OR SERVICES,E,NOT REQUIRED,AUS,AUSTRALIA,L,MFG OUTSIDE U.S. - QUALIFYING COUNTRY (DOD ONLY),A,PLAN NOT INCLUDED - NO SUBCONTRACTING POSSIBILITIES,C,NOT COMPETED,SSS,ONLY ONE SOURCE,NONE,NO SET ASIDE USED.,NONE,NO PREFERENCE USED,,,,,ONE,ONLY ONE SOURCE-OTHER (FAR 6.302-1 OTHER),1,D,COMMERCIAL ITEM PROCEDURES NOT USED,f,N,NO,N,NO,Y,YES,N,NO,0.00,N,NO,X,NOT APPLICABLE,X,NOT APPLICABLE,X,NOT APPLICABLE,X,NOT APPLICABLE,,,,,,,,NONE,NONE,N,NO,X,NOT APPLICABLE EXEMPT FROM CAS,Y,TRANSACTION USES GFE/GFP,N,NO,D,NOT CONSOLIDATED,X,NOT APPLICABLE,N,NO,Z,NOT APPLICABLE,N,NO,X,NOT APPLICABLE,f,f,f,f,f,f,f,f,f,f,f,f,f,f,f,f,f,f,f,OTHER THAN SMALL BUSINESS,O,f,f,f,f,f,f,f,f,f,f,f,f,f,f,f,f,f,INTERNATIONAL ORG,f,f,f,f,f,t,f,f,f,f,f,f,f,f,f,f,f,t,f,f,f,f,f,f,f,f,f,t,t,f,f,f,f,f,f,f,f,f,f,f,f,f,f,f,f,f,f,f,f,f,,,,,,,,,,,https://www.usaspending.gov/award/CONT_AWD_N0038320CF016_9700_-NONE-_-NONE-/,2021-05-03 16:26:19+00
CONT_AWD_N0042121C0021_9700_-NONE-_-NONE-,N0042121C0021,,,,,,,,,295108.00,,295108.00,295108.00,2021-02-25,2021,2021-04-16,2021,2021-03-01,2021-08-31,2021-08-31 00:00:00,,2021-02-11,097,Department of Defense,1700,Department of the Navy,N00421,NAVAL AIR WARFARE CENTER AIR DIV,097,Department of Defense,1700,Department of the Navy,N00421,NAVAL AIR WARFARE CENTER AIR DIV,,,,,X,NOT APPLICABLE,,,K1L1BZLNPWC4,604717165,AURORA FLIGHT SCIENCES CORPORATION,AURORA FLIGHT SCIENCES CORPORATION,,1KY53,NU2UC8MX6NK1,009256819,THE BOEING COMPANY,BOEING COMPANY  THE,USA,UNITED STATES,9950 WAKEMAN DR,,MANASSAS,51683,MANASSAS (CITY),51,VA,VIRGINIA,201102702,VA-10,VA-10,3148826934,,USA,UNITED STATES,PATUXENT RIVER,24037,SAINT MARYS,24,MD,MARYLAND,206700008,MD-05,MD-05,AWARD,D,DEFINITIVE CONTRACT,,,,,,,J,FIRM FIXED PRICE,WHITE PAPERS,N0042121R0120,1,OT,OTHER FUNCTIONS,AC12,NATIONAL DEFENSE R&D SERVICES; DEPARTMENT OF DEFENSE - MILITARY; APPLIED RESEARCH,H,NOT BUNDLED,S1,SERVICES,541715,"RESEARCH AND DEVELOPMENT IN THE PHYSICAL, ENGINEERING, AND LIFE SCIENCES (EXCEPT NANOTECHNOLOGY AND BIOTECHNOLOGY)",C,NO CLAUSES INCLUDED AND NO SUSTAINABILITY INCLUDED,A,U.S. OWNED BUSINESS,000,NONE,Z,NOT IT PRODUCTS OR SERVICES,E,NOT REQUIRED,USA,UNITED STATES,C,NOT A MANUFACTURED END PRODUCT,B,PLAN NOT REQUIRED,C,NOT COMPETED,SSS,ONLY ONE SOURCE,NONE,NO SET ASIDE USED.,NONE,NO PREFERENCE USED,,,,,ONE,ONLY ONE SOURCE-OTHER (FAR 6.302-1 OTHER),1,D,COMMERCIAL ITEM PROCEDURES NOT USED,f,N,NO,N,NO,Y,YES,N,NO,0.00,N,NO,X,NOT APPLICABLE,X,NOT APPLICABLE,X,NOT APPLICABLE,X,NOT APPLICABLE,,,,,,,,NONE,NONE,N,NO,X,NOT APPLICABLE EXEMPT FROM CAS,N,TRANSACTION DOES NOT USE GFE/GFP,U,UNKNOWN,D,NOT CONSOLIDATED,Y,YES - SERVICE WHERE PBA IS USED.,N,NO,A,FAR 52.232-16 PROGRESS PAYMENTS,N,NO,X,NOT APPLICABLE,f,f,f,f,f,f,f,f,f,f,f,f,f,f,f,f,f,f,f,OTHER THAN SMALL BUSINESS,O,f,f,f,f,f,f,f,f,f,f,f,f,f,f,f,f,f,CORPORATE NOT TAX EXEMPT,t,f,f,f,f,f,f,f,f,f,f,f,t,f,f,f,f,t,f,f,f,f,f,f,f,f,f,f,t,f,f,f,f,f,f,f,f,f,f,f,f,f,f,f,f,f,f,f,f,f,,,,,,,,,,,https://www.usaspending.gov/award/CONT_AWD_N0042121C0021_9700_-NONE-_-NONE-/,2021-04-16 09:31:15+00
CONT_AWD_N0042121C0027_9700_-NONE-_-NONE-,N0042121C0027,,,,,,,,,761989.00,,761989.00,761989.00,2021-04-23,2021,2021-04-23,2021,2021-04-23,2021-09-20,2021-09-20 00:00:00,,2021-03-29,097,Department of Defense,1700,Department of the Navy,N00421,NAVAL AIR WARFARE CENTER AIR DIV,097,Department of Defense,1700,Department of the Navy,N00421,NAVAL AIR WARFARE CENTER AIR DIV,,,,,X,NOT APPLICABLE,,,CGE8ABMZLZN9,,"ADVANCED COMPUTER CONCEPTS, INC.","ADVANCED COMPUTER CONCEPTS, INC.",,0L850,CGE8ABMZLZN9,,"ADVANCED COMPUTER CONCEPTS, INC.",ADVANCED COMPUTER CONCEPTS  INC.,USA,UNITED STATES,7927 JONES BRANCH DR STE 600 N,,MC LEAN,51059,FAIRFAX,51,VA,VIRGINIA,221023322,VA-11,VA-11,5713954174,7035259300,USA,UNITED STATES,PATUXENT RIVER,24037,SAINT MARYS,24,MD,MARYLAND,206701183,MD-05,MD-05,AWARD,D,DEFINITIVE CONTRACT,,,,,,,J,FIRM FIXED PRICE,GUARDIAN MERCURY EQUIPMENT,,1,,,7B20,IT AND TELECOM - HIGH PERFORMANCE COMPUTE (HARDWARE AND PERPETUAL LICENSE SOFTWARE),H,NOT BUNDLED,C9E,ALL OTHERS NOT IDENTIFIABLE TO ANY OTHER PROCUREMENT PROGRAM,334111,ELECTRONIC COMPUTER MANUFACTURING,C,NO CLAUSES INCLUDED AND NO SUSTAINABILITY INCLUDED,A,U.S. OWNED BUSINESS,000,NONE,A,COMMERCIALLY AVAILABLE,A,MEETS REQUIREMENTS,USA,UNITED STATES,D,MFG IN U.S.,B,PLAN NOT REQUIRED,F,COMPETED UNDER SAP,SP1,SIMPLIFIED ACQUISITION,SBA,SMALL BUSINESS SET ASIDE - TOTAL,NONE,NO PREFERENCE USED,,,,,,,1,A,COMMERCIAL ITEM,f,Y,YES,N,NO,N,NO,N,NO,0.00,N,NO,X,NOT APPLICABLE,X,NOT APPLICABLE,X,NOT APPLICABLE,X,NOT APPLICABLE,,,,,,,,NONE,NONE,N,NO,X,NOT APPLICABLE EXEMPT FROM CAS,N,TRANSACTION DOES NOT USE GFE/GFP,U,UNKNOWN,D,NOT CONSOLIDATED,X,NOT APPLICABLE,N,NO,Z,NOT APPLICABLE,N,NO,X,NOT APPLICABLE,f,f,f,f,f,f,f,t,t,f,f,f,f,f,f,f,f,f,f,SMALL BUSINESS,S,f,f,f,f,f,f,f,f,f,f,f,f,f,f,f,f,f,CORPORATE NOT TAX EXEMPT,t,f,f,f,f,f,f,f,f,f,f,f,f,f,f,f,f,t,f,f,f,f,f,f,f,f,f,f,t,f,f,f,f,f,f,f,f,f,f,f,f,f,f,f,f,f,f,f,f,f,,,,,,,,,,,https://www.usaspending.gov/award/CONT_AWD_N0042121C0027_9700_-NONE-_-NONE-/,2026-07-07 15:23:15+00
CONT_AWD_N3220521C4016_9700_-NONE-_-NONE-,N3220521C4016,,,,,,,,,6207612.75,,6207612.75,6207612.75,2021-03-11,2021,2021-04-22,2021,2021-03-09,2021-05-30,2021-05-30 00:00:00,,2021-02-18,097,Department of Defense,1700,Department of the Navy,N32205,MSCHQ NORFOLK,097,Department of Defense,1700,Department of the Navy,N32205,MSCHQ NORFOLK,,,,,X,NOT APPLICABLE,,,EJ75ZKJHF385,059118455,WATERMAN TRANSPORT INC,"WATERMAN TRANSPORT, INC.",,6W150,DYAZS7A9K3J6,610337990,SEACOR HOLDINGS INC.,WATERMAN TRANSPORT  INC.,USA,UNITED STATES,460 PARK AVE 12TH FL,,NEW YORK,36061,NEW YORK,36,NY,NEW YORK,100221906,NY-12,NY-12,2512439812,,USA,UNITED STATES,NEW YORK,36061,NEW YORK,36,NY,NEW YORK,100221906,NY-12,NY-12,AWARD,D,DEFINITIVE CONTRACT,,,,,,,J,FIRM FIXED PRICE,N321A - E.N.HATCHER - N103 - 2-1 AD 3-2 ADA REDEPLOYMENT GREEN RIDGE,N3220521R4157,1,CT,CRITICAL FUNCTIONS,V124,TRANSPORTATION/TRAVEL/RELOCATION- TRANSPORTATION: MARINE CHARTER,H,NOT BUNDLED,S1,SERVICES,483111,DEEP SEA FREIGHT TRANSPORTATION,C,NO CLAUSES INCLUDED AND NO SUSTAINABILITY INCLUDED,A,U.S. OWNED BUSINESS,000,NONE,Z,NOT IT PRODUCTS OR SERVICES,E,NOT REQUIRED,KWT,KUWAIT,C,NOT A MANUFACTURED END PRODUCT,B,PLAN NOT REQUIRED,A,FULL AND OPEN COMPETITION,NP,NEGOTIATED PROPOSAL/QUOTE,NONE,NO SET ASIDE USED.,NONE,NO PREFERENCE USED,,,,,,,4,A,COMMERCIAL ITEM,f,N,NO,N,NO,Y,YES,N,NO,0.00,N,NO,X,NOT APPLICABLE,Y,YES,X,NOT APPLICABLE,X,NOT APPLICABLE,,,,,,,,NONE,NONE,N,NO,X,NOT APPLICABLE EXEMPT FROM CAS,N,TRANSACTION DOES NOT USE GFE/GFP,Y,YES,D,NOT CONSOLIDATED,Y,YES - SERVICE WHERE PBA IS USED.,N,NO,Z,NOT APPLICABLE,N,NO,X,NOT APPLICABLE,f,f,f,f,f,f,f,f,f,f,f,f,f,f,f,f,f,f,f,OTHER THAN SMALL BUSINESS,O,f,f,f,f,f,f,f,f,f,f,f,f,f,f,f,f,f,CORPORATE NOT TAX EXEMPT,t,f,f,f,f,f,f,f,f,f,f,f,f,f,f,f,f,t,f,f,f,f,f,f,f,f,f,f,t,f,f,f,f,f,f,f,f,f,f,f,f,f,f,f,f,f,f,f,f,f,,,,,,,,,,,https://www.usaspending.gov/award/CONT_AWD_N3220521C4016_9700_-NONE-_-NONE-/,2021-04-22 13:06:54+00
CONT_AWD_N3319117C1216_9700_-NONE-_-NONE-,N3319117C1216,,,,N: Emergency P.L. 116-136;Q: Not Designated Nonemergency/Emergency/Disaster/Wildfire Suppression,213303.00,-213303.00,,,1066515.00,213303.00,1066515.00,1066515.00,2017-05-02,2017,2021-04-19,2021,2017-04-27,2022-05-01,2022-05-01 00:00:00,,,097,Department of Defense,1700,Department of the Navy,N33191,NAVFACSYSCOM EUROPE AFRICA CENTRAL,097,Department of Defense,1700,Department of the Navy,N33191,NAVFACSYSCOM EUROPE AFRICA CENTRAL,017-2019/2019-1804-000;017-2020/2020-1804-000;017-2021/2021-1804-000,017-1804,25.3: Other goods and services from Federal sources;26.0: Supplies and materials,0001: OPERATING FORCES;OPTN: FIELD IS OPTIONAL PRIOR TO FY21,X,NOT APPLICABLE,,,LLJZHD7WFSV3,534709600,ANDALUSIA TRADING & LOGISTICS COMPANY,ANDALUSIA TRADING & LOGISTICS CO,,SWC94,LLJZHD7WFSV3,534709600,ANDALUSIA TRADING & LOGISTICS COMPANY,ANDALUSIA TRADING & LOGISTICS CO,JOR,JORDAN,14 ALI NASOUH AL TAHER,,AMMAN,,,,,,11118,,,,,BHR,BAHRAIN,,,,,,,,,,AWARD,D,DEFINITIVE CONTRACT,,,,,,,J,FIRM FIXED PRICE,IGF::OT::IGF NSA BAHRAIN FUEL SERVICES,N3319117R1216,1,OT,OTHER FUNCTIONS,S204,HOUSEKEEPING- FUELING AND OTHER PETROLEUM,H,NOT BUNDLED,S1,SERVICES,454310,FUEL DEALERS,C,NO CLAUSES INCLUDED AND NO SUSTAINABILITY INCLUDED,A,U.S. OWNED BUSINESS,000,NONE,Z,NOT IT PRODUCTS OR SERVICES,E,NOT REQUIRED,BHR,BAHRAIN,C,NOT A MANUFACTURED END PRODUCT,B,PLAN NOT REQUIRED,A,FULL AND OPEN COMPETITION,NP,NEGOTIATED PROPOSAL/QUOTE,NONE,NO SET ASIDE USED.,NONE,NO PREFERENCE USED,,,,,,,2,D,COMMERCIAL ITEM PROCEDURES NOT USED,f,N,NO,N,NO,Y,YES,N,NO,0.00,N,NO,X,NOT APPLICABLE,X,NOT APPLICABLE,X,NOT APPLICABLE,X,NOT APPLICABLE,,,,,,,,NONE,NONE,N,NO,X,NOT APPLICABLE EXEMPT FROM CAS,N,TRANSACTION DOES NOT USE GFE/GFP,U,UNKNOWN,D,NOT CONSOLIDATED,Y,YES - SERVICE WHERE PBA IS USED.,N,NO,Z,NOT APPLICABLE,N,NO,X,NOT APPLICABLE,f,f,f,f,f,f,f,f,f,f,f,f,f,f,f,f,f,f,f,OTHER THAN SMALL BUSINESS,O,f,f,f,f,f,f,f,f,f,f,f,f,f,f,f,f,f,PARTNERSHIP,f,f,t,f,f,f,f,f,f,f,f,f,f,f,f,f,f,t,f,f,f,f,f,f,f,f,t,f,t,f,f,f,f,f,f,f,f,f,f,f,f,f,f,f,f,f,f,f,f,f,OMAR  JARDANEH,2000.00,AMJAD  KHADER,2000.00,YOUSEF  GHANEM,1200.00,-  -,0.00,-  -,0.00,https://www.usaspending.gov/award/CONT_AWD_N3319117C1216_9700_-NONE-_-NONE-/,2021-04-19 01:53:44+00
CONT_AWD_N4008017C1002_9700_-NONE-_-NONE-,N4008017C1002,,,,,,,,,536506.00,,536506.00,536506.00,2017-08-15,2017,2021-04-19,2021,2017-08-15,2020-06-04,2020-06-04 00:00:00,,,097,Department of Defense,1700,Department of the Navy,N40080,NAVFACSYSCOM WASHINGTON,097,Department of Defense,1700,Department of the Navy,M30004,COMMANDER,,,,,X,NOT APPLICABLE,,,EKG2TC6LL4Q3,961871733,"NATIONAL CONTRACTING SERVICES, LLC","NATIONAL CONTRACTING SERVICES, LLC",,65EX1,EKG2TC6LL4Q3,961871733,"NATIONAL CONTRACTING SERVICES, LLC",NATIONAL CONTRACTING SERVICES  LLC,USA,UNITED STATES,11501 PLANTSIDE DR STE 4,,LOUISVILLE,21111,JEFFERSON,21,KY,KENTUCKY,402996334,KY-03,KY-03,5025004480,8667501364,USA,UNITED STATES,QUANTICO,51153,PRINCE WILLIAM,51,VA,VIRGINIA,221340855,VA-01,VA-07,AWARD,D,DEFINITIVE CONTRACT,,,,,,,J,FIRM FIXED PRICE,IGF::OT::IGF INSTALL NEW RADIO'S W/UPDATED FREQUENCIES,N4008017R1002,1,OT,OTHER FUNCTIONS,Z2NZ,REPAIR OR ALTERATION OF OTHER UTILITIES,H,NOT BUNDLED,C2,CONSTRUCTION,517919,ALL OTHER TELECOMMUNICATIONS,C,NO CLAUSES INCLUDED AND NO SUSTAINABILITY INCLUDED,A,U.S. OWNED BUSINESS,000,NONE,Z,NOT IT PRODUCTS OR SERVICES,E,NOT REQUIRED,USA,UNITED STATES,C,NOT A MANUFACTURED END PRODUCT,B,PLAN NOT REQUIRED,B,NOT AVAILABLE FOR COMPETITION,SSS,ONLY ONE SOURCE,8AN,8(A) SOLE SOURCE,NONE,NO PREFERENCE USED,,,,,OTH,AUTHORIZED BY STATUTE (FAR 6.302-5(A)(2)(I)),1,D,COMMERCIAL ITEM PROCEDURES NOT USED,f,N,NO,N,NO,Y,YES,N,NO,0.00,N,NO,X,NOT APPLICABLE,X,NOT APPLICABLE,Y,YES,X,NOT APPLICABLE,,,,,,,,NONE,NONE,N,NO,X,NOT APPLICABLE EXEMPT FROM CAS,N,TRANSACTION DOES NOT USE GFE/GFP,U,UNKNOWN,D,NOT CONSOLIDATED,N,NO - SERVICE WHERE PBA IS NOT USED.,N,NO,Z,NOT APPLICABLE,N,NO,X,NOT APPLICABLE,f,f,f,f,f,f,f,f,f,f,f,f,t,f,f,f,t,f,f,SMALL BUSINESS,S,f,f,f,f,f,f,f,f,f,f,f,f,f,f,f,f,f,CORPORATE NOT TAX EXEMPT,t,f,f,f,f,f,f,f,f,f,f,f,f,f,f,f,f,t,f,f,f,f,f,f,f,t,f,f,t,f,f,f,f,f,f,f,f,f,f,f,f,f,f,f,t,t,f,t,f,f,,,,,,,,,,,https://www.usaspending.gov/award/CONT_AWD_N4008017C1002_9700_-NONE-_-NONE-/,2021-04-19 20:15:44+00
CONT_AWD_N4008021C0004_9700_-NONE-_-NONE-,N4008021C0004,,,,Q: Not Designated Nonemergency/Emergency/Disaster/Wildfire Suppression,,,,,248454.00,0.00,248454.00,248454.00,2021-02-09,2021,2021-04-21,2021,2021-02-08,2022-02-07,2022-02-07 00:00:00,,2021-01-08,097,Department of Defense,1700,Department of the Navy,N40080,NAVFACSYSCOM WASHINGTON,097,Department of Defense,1700,Department of the Navy,N40080,NAVFACSYSCOM WASHINGTON,017-2021/2021-1106-000,017-1106,25.4: Operation and maintenance of facilities,0001: OPERATING FORCES,X,NOT APPLICABLE,,,RJN3FNRKV2K3,832775055,1 STOP MECHANICAL INC.,1 STOP MECHANICAL INC.,,5VEL9,RJN3FNRKV2K3,832775055,1 STOP MECHANICAL INC.,1 STOP MECHANICAL INC.,USA,UNITED STATES,14381 PINE LN STE 9,,WOODBRIDGE,51153,PRINCE WILLIAM,51,VA,VIRGINIA,221912825,VA-11,VA-07,7034916542,7034972672,USA,UNITED STATES,QUANTICO,51153,PRINCE WILLIAM,51,VA,VIRGINIA,221346006,VA-01,VA-07,AWARD,D,DEFINITIVE CONTRACT,,,,,,,J,FIRM FIXED PRICE,B3083-DOMESTIC WHB24162 REPAIR/MAINT.,N4008021R0006,1,OT,OTHER FUNCTIONS,Z2NB,REPAIR OR ALTERATION OF HEATING AND COOLING PLANTS,H,NOT BUNDLED,S1,SERVICES,236220,COMMERCIAL AND INSTITUTIONAL BUILDING CONSTRUCTION,C,NO CLAUSES INCLUDED AND NO SUSTAINABILITY INCLUDED,A,U.S. OWNED BUSINESS,000,NONE,Z,NOT IT PRODUCTS OR SERVICES,E,NOT REQUIRED,USA,UNITED STATES,C,NOT A MANUFACTURED END PRODUCT,B,PLAN NOT REQUIRED,G,NOT COMPETED UNDER SAP,SP1,SIMPLIFIED ACQUISITION,SDVOSBS,SDVOSB SOLE SOURCE,NONE,NO PREFERENCE USED,,,,,OTH,AUTHORIZED BY STATUTE (FAR 6.302-5(A)(2)(I)),1,D,COMMERCIAL ITEM PROCEDURES NOT USED,f,N,NO,N,NO,X,NOT APPLICABLE,N,NO,0.00,N,NO,X,NOT APPLICABLE,Y,YES,X,NOT APPLICABLE,X,NOT APPLICABLE,,,,,,,,NONE,NONE,N,NO,X,NOT APPLICABLE EXEMPT FROM CAS,N,TRANSACTION DOES NOT USE GFE/GFP,U,UNKNOWN,D,NOT CONSOLIDATED,Y,YES - SERVICE WHERE PBA IS USED.,N,NO,Z,NOT APPLICABLE,N,NO,X,NOT APPLICABLE,f,f,f,f,f,t,t,f,f,f,f,f,f,f,f,f,f,f,f,SMALL BUSINESS,S,f,f,f,f,f,f,f,f,f,f,f,f,f,f,f,f,f,CORPORATE NOT TAX EXEMPT,t,f,f,f,f,f,f,f,f,f,f,f,f,f,f,f,f,t,f,f,f,f,f,f,f,f,f,f,t,f,f,f,f,f,f,f,f,f,f,f,f,f,f,f,f,f,f,f,f,f,,,,,,,,,,,https://www.usaspending.gov/award/CONT_AWD_N4008021C0004_9700_-NONE-_-NONE-/,2021-04-21 15:15:41+00
CONT_AWD_N4008518C1116_9700_-NONE-_-NONE-,N4008518C1116,,,,C: Emergency P.L. 115-123;Q: Not Designated Nonemergency/Emergency/Disaster/Wildfire Suppression,,,,,48452834.00,258625.00,48452834.00,55190834.00,2017-12-15,2018,2021-04-23,2021,2017-12-15,2021-12-31,2021-12-31 00:00:00,,,097,Department of Defense,1700,Department of the Navy,N40085,NAVFACSYSCOM MID-ATLANTIC,097,Department of Defense,1700,Department of the Navy,N00025,NAVFACSYSCOM,017-2016/2020-1205-000;017-2018/2018-1804-000;017-2019/2019-1804-000;017-2020/2020-1804-000;017-2021/2021-1804-000,017-1205;017-1804,25.4: Operation and maintenance of facilities;32.0: Land and structures,0001: OPERATING FORCES;OPTN: FIELD IS OPTIONAL PRIOR TO FY21,X,NOT APPLICABLE,,,EJHTLA7NAFH4,074489378,MEB GENERAL CONTRACTORS INC,"MEB GENERAL CONTRACTORS, INC.",,0CVN7,EJHTLA7NAFH4,074489378,MEB GENERAL CONTRACTORS INC,MID EASTERN BUILDERS  INC.,USA,UNITED STATES,4016 HOLLAND BLVD,,CHESAPEAKE,51550,CHESAPEAKE (CITY),51,VA,VIRGINIA,233231522,VA-04,VA-03,7574875858,7574875089,USA,UNITED STATES,PORTSMOUTH,51740,PORTSMOUTH CITY,51,VA,VIRGINIA,237091001,VA-03,VA-03,AWARD,D,DEFINITIVE CONTRACT,,,,,,,J,FIRM FIXED PRICE,IGF::OT::IGF P-614 NNSY WATERFRONT UTILITIES,N4008517R0321,1,OT,OTHER FUNCTIONS,Y1NZ,CONSTRUCTION OF OTHER UTILITIES,H,NOT BUNDLED,C2,CONSTRUCTION,237130,POWER AND COMMUNICATION LINE AND RELATED STRUCTURES CONSTRUCTION,C,NO CLAUSES INCLUDED AND NO SUSTAINABILITY INCLUDED,A,U.S. OWNED BUSINESS,000,NONE,Z,NOT IT PRODUCTS OR SERVICES,E,NOT REQUIRED,USA,UNITED STATES,C,NOT A MANUFACTURED END PRODUCT,F,INDIVIDUAL SUBCONTRACT PLAN,A,FULL AND OPEN COMPETITION,NP,NEGOTIATED PROPOSAL/QUOTE,NONE,NO SET ASIDE USED.,NONE,NO PREFERENCE USED,,,,,,,3,D,COMMERCIAL ITEM PROCEDURES NOT USED,f,N,NO,N,NO,Y,YES,N,NO,0.00,N,NO,X,NOT APPLICABLE,X,NOT APPLICABLE,Y,YES,X,NOT APPLICABLE,,,,,,,,NONE,NONE,N,NO,X,NOT APPLICABLE EXEMPT FROM CAS,N,TRANSACTION DOES NOT USE GFE/GFP,N,NO,D,NOT CONSOLIDATED,N,NO - SERVICE WHERE PBA IS NOT USED.,N,NO,Z,NOT APPLICABLE,N,NO,X,NOT APPLICABLE,f,f,f,f,f,f,f,f,f,f,f,f,f,f,f,f,f,f,f,OTHER THAN SMALL BUSINESS,O,f,f,f,f,f,f,f,f,f,f,f,f,f,f,f,f,f,CORPORATE NOT TAX EXEMPT,t,f,f,f,f,f,f,f,f,f,f,f,f,f,f,f,f,t,f,f,f,f,f,f,f,f,f,f,t,f,f,f,f,f,f,f,f,f,f,f,f,f,f,f,f,f,f,f,f,f,,,,,,,,,,,https://www.usaspending.gov/award/CONT_AWD_N4008518C1116_9700_-NONE-_-NONE-/,2021-04-28 15:54:07+00
CONT_AWD_N4019215C7013_9700_-NONE-_-NONE-,N4019215C7013,,,,,,,,,10914540.17,0.00,10914540.17,10914540.17,2015-09-30,2015,2021-04-16,2021,2015-09-30,2020-09-29,2020-09-29 00:00:00,,,097,Department of Defense,5700,Department of the Air Force,FA5240,FA5240  36 CONS LGC,097,Department of Defense,1700,Department of the Navy,N40192,NAVFACSYSCOM MARIANAS,017-2019/2019-1804-000,017-1804,25.3: Other goods and services from Federal sources,,X,NOT APPLICABLE,,,LMVLKBYCELF1,,GREEN CLOVER SERVICES INC,GREEN CLOVER SERVICES,,5SW04,LMVLKBYCELF1,,GREEN CLOVER SERVICES INC,GREEN CLOVER SERVICES,USA,UNITED STATES,206 JOHN T SABLAN,,YIGO,66010,GUAM,66,GU,GUAM,969290001,GU-98,GU-98,6718882133,6719692568,USA,UNITED STATES,YIGO,66010,GUAM,66,GU,GUAM,969292443,GU-98,GU-98,AWARD,D,DEFINITIVE CONTRACT,,,,,,,J,FIRM FIXED PRICE,IGF::OT::IGF BASE PERIOD - FFP CORROSION CONTROL,,1,OT,OTHER FUNCTIONS,J017,"MAINT/REPAIR/REBUILD OF EQUIPMENT- AIRCRAFT LAUNCHING, LANDING, AND GROUND HANDLING EQUIPMENT",D,NOT A BUNDLED REQUIREMENT,S1,SERVICES,811310,COMMERCIAL AND INDUSTRIAL MACHINERY AND EQUIPMENT (EXCEPT AUTOMOTIVE AND ELECTRONIC) REPAIR AND MAINTENANCE,C,NO CLAUSES INCLUDED AND NO SUSTAINABILITY INCLUDED,A,U.S. OWNED BUSINESS,000,NONE,Z,NOT IT PRODUCTS OR SERVICES,E,NOT REQUIRED,USA,UNITED STATES,C,NOT A MANUFACTURED END PRODUCT,B,PLAN NOT REQUIRED,D,FULL AND OPEN COMPETITION AFTER EXCLUSION OF SOURCES,NP,NEGOTIATED PROPOSAL/QUOTE,SBA,SMALL BUSINESS SET ASIDE - TOTAL,NONE,NO PREFERENCE USED,,,,,,,4,D,COMMERCIAL ITEM PROCEDURES NOT USED,f,N,NO,N,NO,X,NOT APPLICABLE,N,NO,0.00,N,NO,X,NOT APPLICABLE,Y,YES,X,NOT APPLICABLE,X,NOT APPLICABLE,,,,,,,,NONE,NONE,N,NO,X,NOT APPLICABLE EXEMPT FROM CAS,N,TRANSACTION DOES NOT USE GFE/GFP,U,UNKNOWN,N,NO,Y,YES - SERVICE WHERE PBA IS USED.,N,NO,Z,NOT APPLICABLE,N,NO,X,NOT APPLICABLE,f,f,f,f,f,f,f,f,f,f,f,f,t,f,t,f,f,f,f,SMALL BUSINESS,S,f,f,f,f,f,f,f,f,f,f,f,f,f,f,f,f,f,SOLE PROPRIETORSHIP,f,f,f,t,f,f,f,f,f,f,f,f,f,f,f,f,f,t,f,f,f,f,f,f,f,f,f,f,t,f,f,f,f,f,f,f,f,f,f,f,f,f,f,f,f,f,f,f,f,f,,,,,,,,,,,https://www.usaspending.gov/award/CONT_AWD_N4019215C7013_9700_-NONE-_-NONE-/,2022-09-02 13:33:31+00
CONT_AWD_N4425520C5008_9700_-NONE-_-NONE-,N4425520C5008,,,,Q: Not Designated Nonemergency/Emergency/Disaster/Wildfire Suppression,,,,,527352.00,0.00,527352.00,527352.00,2020-09-18,2020,2021-04-23,2021,2020-09-18,2021-11-12,2021-11-12 00:00:00,,2019-08-15,097,Department of Defense,1700,Department of the Navy,N44255,NAVFACSYSCOM NORTHWEST,097,Department of Defense,1700,Department of the Navy,N61135,NAVAL SUPPORT ACTIVITY JIM CREEK,017-2020/2020-1804-000;017-2021/2021-1804-000,017-1804,25.4: Operation and maintenance of facilities,0001: OPERATING FORCES;OPTN: FIELD IS OPTIONAL PRIOR TO FY21,X,NOT APPLICABLE,,,JTHKKSNVKZJ7,968095948,"WHH NISQUALLY FEDERAL SERVICES, LLC","WHH NISQUALLY FEDERAL SERVICES, LLC",,6DB52,JTHKKSNVKZJ7,968095948,"WHH NISQUALLY FEDERAL SERVICES, LLC",WHH NISQUALLY FEDERAL SERVICES,USA,UNITED STATES,12820 YELM HWY SE STE H,,OLYMPIA,53067,THURSTON,53,WA,WASHINGTON,985136703,WA-10,WA-10,3604642893,2532957080,USA,UNITED STATES,ARLINGTON,53061,SNOHOMISH,53,WA,WASHINGTON,982236038,WA-02,WA-01,AWARD,D,DEFINITIVE CONTRACT,,,,,,,J,FIRM FIXED PRICE,CATCHMENT #91&TANK 18 REPAIR JIM CREEK,N4425519R2008,1,OT,OTHER FUNCTIONS,Z2PZ,REPAIR OR ALTERATION OF OTHER NON-BUILDING FACILITIES,H,NOT BUNDLED,C2,CONSTRUCTION,237990,OTHER HEAVY AND CIVIL ENGINEERING CONSTRUCTION,C,NO CLAUSES INCLUDED AND NO SUSTAINABILITY INCLUDED,A,U.S. OWNED BUSINESS,000,NONE,Z,NOT IT PRODUCTS OR SERVICES,E,NOT REQUIRED,USA,UNITED STATES,C,NOT A MANUFACTURED END PRODUCT,B,PLAN NOT REQUIRED,B,NOT AVAILABLE FOR COMPETITION,SSS,ONLY ONE SOURCE,8AN,8(A) SOLE SOURCE,NONE,NO PREFERENCE USED,,,,,OTH,AUTHORIZED BY STATUTE (FAR 6.302-5(A)(2)(I)),1,D,COMMERCIAL ITEM PROCEDURES NOT USED,f,N,NO,N,NO,Y,YES,N,NO,0.00,N,NO,X,NOT APPLICABLE,X,NOT APPLICABLE,Y,YES,X,NOT APPLICABLE,,,,,,,,NONE,NONE,N,NO,X,NOT APPLICABLE EXEMPT FROM CAS,N,TRANSACTION DOES NOT USE GFE/GFP,U,UNKNOWN,D,NOT CONSOLIDATED,Y,YES - SERVICE WHERE PBA IS USED.,N,NO,Z,NOT APPLICABLE,N,NO,X,NOT APPLICABLE,f,t,t,f,t,f,f,f,f,f,f,f,t,f,f,f,f,t,f,SMALL BUSINESS,S,f,f,f,f,f,f,f,f,f,f,f,f,f,f,f,f,f,PARTNERSHIP,f,f,t,f,f,f,f,f,f,f,f,f,f,f,f,f,f,t,f,f,f,f,f,f,f,f,t,f,t,f,f,f,f,f,f,f,f,f,f,f,f,f,f,f,f,t,f,t,f,f,,,,,,,,,,,https://www.usaspending.gov/award/CONT_AWD_N4425520C5008_9700_-NONE-_-NONE-/,2021-05-04 15:02:20+00
CONT_AWD_N5005420C0025_9700_-NONE-_-NONE-,N5005420C0025,,,,N: Emergency P.L. 116-136;Q: Not Designated Nonemergency/Emergency/Disaster/Wildfire Suppression,,383705.75,,,476216.75,0.00,476216.75,476216.75,2020-06-10,2020,2021-04-22,2021,2020-06-03,2021-12-03,2021-12-03 00:00:00,,2020-05-13,097,Department of Defense,1700,Department of the Navy,N50054,MID ATLANTIC REG MAINT CTR,097,Department of Defense,1700,Department of the Navy,N50054,MID ATLANTIC REG MAINT CTR,017-2020/2020-1804-000;017-2021/2021-1804-000,017-1804,25.7: Operation and maintenance of equipment,0001: OPERATING FORCES,X,NOT APPLICABLE,,,SMNWM6HN79X5,067641597,"GENERAL DYNAMICS INFORMATION TECHNOLOGY, INC.","GENERAL DYNAMICS INFORMATION TECHNOLOGY, INC.",,07MU1,VF58HFRNGEL8,001381284,GENERAL DYNAMICS CORP,GENERAL DYNAMICS CORPORATION,USA,UNITED STATES,3150 FAIRVIEW PARK DR,,FALLS CHURCH,51059,FAIRFAX,51,VA,VIRGINIA,220424504,VA-11,VA-08,3186426446,,USA,UNITED STATES,NORFOLK,51710,NORFOLK CITY,51,VA,VIRGINIA,235112124,VA-02,VA-03,AWARD,D,DEFINITIVE CONTRACT,,,,,,,J,FIRM FIXED PRICE,C295 RAMAGE VLS,N5005420R0007,1,OT,OTHER FUNCTIONS,J998,NON-NUCLEAR SHIP REPAIR (EAST),H,NOT BUNDLED,A3,SHIPS,336611,SHIP BUILDING AND REPAIRING,C,NO CLAUSES INCLUDED AND NO SUSTAINABILITY INCLUDED,A,U.S. OWNED BUSINESS,000,NONE,Z,NOT IT PRODUCTS OR SERVICES,E,NOT REQUIRED,USA,UNITED STATES,C,NOT A MANUFACTURED END PRODUCT,B,PLAN NOT REQUIRED,C,NOT COMPETED,SSS,ONLY ONE SOURCE,NONE,NO SET ASIDE USED.,NONE,NO PREFERENCE USED,,,,,URG,URGENCY (FAR 6.302-2),1,D,COMMERCIAL ITEM PROCEDURES NOT USED,f,N,NO,N,NO,Y,YES,N,NO,0.00,N,NO,Y,YES,N,NO,N,NO,X,NOT APPLICABLE,,,,,,,,NONE,NONE,N,NO,Y,YES - CAS CLAUSE INCLUDED,Y,TRANSACTION USES GFE/GFP,U,UNKNOWN,D,NOT CONSOLIDATED,Y,YES - SERVICE WHERE PBA IS USED.,N,NO,Z,NOT APPLICABLE,N,NO,X,NOT APPLICABLE,f,f,f,f,f,f,f,f,f,f,f,f,f,f,f,f,f,f,f,OTHER THAN SMALL BUSINESS,O,f,f,f,f,f,f,f,f,f,f,f,f,f,f,f,f,f,CORPORATE NOT TAX EXEMPT,t,f,f,f,f,f,f,f,f,f,f,f,f,f,f,f,f,t,f,f,f,f,f,f,f,f,f,f,t,f,f,f,f,f,f,f,f,f,f,f,f,f,f,f,f,f,f,f,f,f,PAUL  NEDZBALA,3683111.00,AMY  GILLILAND,3652215.00,LEIGH  PALMER,1759725.00,ALISON  HARBRECHT,1106847.00,KELLY  FERRELL,987637.00,https://www.usaspending.gov/award/CONT_AWD_N5005420C0025_9700_-NONE-_-NONE-/,2021-04-22 09:51:57+00
CONT_AWD_N6247315C3211_9700_-NONE-_-NONE-,N6247315C3211,,,,,,,,,2159467.00,,2159467.00,2159467.00,2015-09-01,2015,2021-04-21,2021,2015-08-31,2019-08-26,2019-08-26 00:00:00,,,097,Department of Defense,1700,Department of the Navy,N62473,NAVFACSYSCOM SOUTHWEST,097,Department of Defense,1700,Department of the Navy,N47692,BRAC PMO HEADQUARTERS,,,,,X,NOT APPLICABLE,,,CAR6JAVUCD21,016933927,"NOREAS, INC.","NOREAS, INC.",,56MR9,CAR6JAVUCD21,016933927,"NOREAS, INC.",NOREAS  INC.,USA,UNITED STATES,16361 SCIENTIFIC WAY,,IRVINE,06059,ORANGE,06,CA,CALIFORNIA,926184354,CA-45,CA-47,7149553120,9493988758,USA,UNITED STATES,SAN FRANCISCO,06075,SAN FRANCISCO,06,CA,CALIFORNIA,941240001,CA-12,CA-11,AWARD,D,DEFINITIVE CONTRACT,,,,,,,J,FIRM FIXED PRICE,IGF::OT::IGF FY16 FY17 PM AND COMMUNITY RELATIONS,N6247315R3211,1,OT,OTHER FUNCTIONS,C219,ARCHITECT AND ENGINEERING- GENERAL: OTHER,D,NOT A BUNDLED REQUIREMENT,C2,CONSTRUCTION,562910,REMEDIATION SERVICES,C,NO CLAUSES INCLUDED AND NO SUSTAINABILITY INCLUDED,A,U.S. OWNED BUSINESS,000,NONE,Z,NOT IT PRODUCTS OR SERVICES,E,NOT REQUIRED,USA,UNITED STATES,C,NOT A MANUFACTURED END PRODUCT,B,PLAN NOT REQUIRED,B,NOT AVAILABLE FOR COMPETITION,SSS,ONLY ONE SOURCE,8AN,8(A) SOLE SOURCE,NONE,NO PREFERENCE USED,,,,,OTH,AUTHORIZED BY STATUTE (FAR 6.302-5(A)(2)(I)),1,D,COMMERCIAL ITEM PROCEDURES NOT USED,f,N,NO,N,NO,Y,YES,N,NO,0.00,N,NO,N,NO,Y,YES,Y,YES,X,NOT APPLICABLE,,,,,,,,NONE,NONE,N,NO,Y,YES - CAS CLAUSE INCLUDED,N,TRANSACTION DOES NOT USE GFE/GFP,U,UNKNOWN,N,NO,N,NO - SERVICE WHERE PBA IS NOT USED.,N,NO,Z,NOT APPLICABLE,N,NO,X,NOT APPLICABLE,f,f,f,f,f,f,f,f,f,f,f,f,t,f,f,f,f,f,t,SMALL BUSINESS,S,f,f,f,f,f,f,f,f,f,f,f,f,f,f,f,f,f,CORPORATE NOT TAX EXEMPT,t,f,f,f,f,f,f,f,f,f,f,f,f,f,f,f,f,t,f,f,f,f,f,f,f,t,f,f,t,f,f,f,f,f,f,f,f,f,f,f,f,f,f,f,f,t,f,t,f,f,,,,,,,,,,,https://www.usaspending.gov/award/CONT_AWD_N6247315C3211_9700_-NONE-_-NONE-/,2021-07-30 11:33:48+00
CONT_AWD_N6247319C1217_9700_-NONE-_-NONE-,N6247319C1217,,,,Q: Not Designated Nonemergency/Emergency/Disaster/Wildfire Suppression,,,,,1958830.94,0.00,1958830.94,1958830.94,2019-09-19,2019,2021-04-19,2021,2019-09-18,2021-07-20,2021-07-20 00:00:00,,2019-04-19,097,Department of Defense,1700,Department of the Navy,N62473,NAVFACSYSCOM SOUTHWEST,097,Department of Defense,1700,Department of the Navy,N62473,NAVFACSYSCOM SOUTHWEST,017-2019/2019-1804-000;097-2019/2019-0130-000,017-1804;097-0130,25.3: Other goods and services from Federal sources;25.4: Operation and maintenance of facilities,0001: OPERATING FORCES;OPTN: FIELD IS OPTIONAL PRIOR TO FY21,X,NOT APPLICABLE,,,TS7BP6PGD4U9,079575542,"TWINS GENERAL CONTRACTORS, INC.","TWINS GENERAL CONTRACTORS, INC.",,79FE4,NDE7UJMJXL85,879951085,"TWINS ROOFING, INCORPORATED",TWINS ROOFING  INCORPORATED,USA,UNITED STATES,1355 GRAND AVE STE 109,,SAN MARCOS,06073,SAN DIEGO,06,CA,CALIFORNIA,920782454,CA-50,CA-50,7602944230,,USA,UNITED STATES,RIDGECREST,06029,KERN,06,CA,CALIFORNIA,935556001,CA-23,CA-20,AWARD,D,DEFINITIVE CONTRACT,,,,,,,J,FIRM FIXED PRICE,"RESTORE B-523, EL CENTRO, CA",N6247319R1217,1,OT,OTHER FUNCTIONS,Z2DZ,REPAIR OR ALTERATION OF OTHER HOSPITAL BUILDINGS,H,NOT BUNDLED,C2,CONSTRUCTION,236220,COMMERCIAL AND INSTITUTIONAL BUILDING CONSTRUCTION,C,NO CLAUSES INCLUDED AND NO SUSTAINABILITY INCLUDED,A,U.S. OWNED BUSINESS,000,NONE,Z,NOT IT PRODUCTS OR SERVICES,E,NOT REQUIRED,USA,UNITED STATES,C,NOT A MANUFACTURED END PRODUCT,B,PLAN NOT REQUIRED,B,NOT AVAILABLE FOR COMPETITION,SSS,ONLY ONE SOURCE,8AN,8(A) SOLE SOURCE,NONE,NO PREFERENCE USED,,,,,OTH,AUTHORIZED BY STATUTE (FAR 6.302-5(A)(2)(I)),1,D,COMMERCIAL ITEM PROCEDURES NOT USED,f,N,NO,N,NO,Y,YES,N,NO,0.00,N,NO,X,NOT APPLICABLE,X,NOT APPLICABLE,Y,YES,X,NOT APPLICABLE,,,,,,,,NONE,NONE,N,NO,X,NOT APPLICABLE EXEMPT FROM CAS,N,TRANSACTION DOES NOT USE GFE/GFP,U,UNKNOWN,D,NOT CONSOLIDATED,Y,YES - SERVICE WHERE PBA IS USED.,N,NO,Z,NOT APPLICABLE,N,NO,X,NOT APPLICABLE,f,f,f,f,f,f,f,f,f,f,f,f,t,f,f,f,t,f,f,SMALL BUSINESS,S,f,f,f,f,f,f,f,f,f,f,f,f,f,f,f,f,f,CORPORATE NOT TAX EXEMPT,t,f,f,f,f,f,f,f,f,f,f,f,f,f,f,f,f,t,f,f,f,f,f,f,f,f,f,f,t,f,f,f,f,f,f,f,f,f,f,f,f,f,f,f,f,t,f,t,t,f,,,,,,,,,,,https://www.usaspending.gov/award/CONT_AWD_N6247319C1217_9700_-NONE-_-NONE-/,2021-04-19 11:08:41+00
CONT_AWD_N6247319C1612_9700_-NONE-_-NONE-,N6247319C1612,,,,Q: Not Designated Nonemergency/Emergency/Disaster/Wildfire Suppression,,,,,208188.86,122644.47,208188.86,208188.86,2019-08-06,2019,2021-04-16,2021,2019-08-05,2020-07-28,2020-07-28 00:00:00,,2019-07-01,097,Department of Defense,1700,Department of the Navy,N62473,NAVFACSYSCOM SOUTHWEST,097,Department of Defense,1700,Department of the Navy,M02230,COMMANDING OFFICER,017-2019/2019-1106-000,017-1106,25.4: Operation and maintenance of facilities,0001: OPERATING FORCES;OPTN: FIELD IS OPTIONAL PRIOR TO FY21,X,NOT APPLICABLE,,,N5HHAULF5BY7,611655718,"MAC GC-ELECTRIC, INC.","MAC GC-ELECTRIC, INC.",,47RF6,N5HHAULF5BY7,611655718,"MAC GC-ELECTRIC, INC.",MAC ELECTRIC INC,USA,UNITED STATES,2011 S ARIZONA AVE,,YUMA,04027,YUMA,04,AZ,ARIZONA,853646549,AZ-03,AZ-07,9285031555,9282447162,USA,UNITED STATES,YUMA,04027,YUMA,04,AZ,ARIZONA,853699188,AZ-03,AZ-09,AWARD,D,DEFINITIVE CONTRACT,,,,,,,J,FIRM FIXED PRICE,WO9020723 B 960 SHADE STRUCTURE,N6247319R0607,1,OT,OTHER FUNCTIONS,Z2AZ,REPAIR OR ALTERATION OF OTHER ADMINISTRATIVE FACILITIES AND SERVICE BUILDINGS,H,NOT BUNDLED,C2,CONSTRUCTION,236220,COMMERCIAL AND INSTITUTIONAL BUILDING CONSTRUCTION,C,NO CLAUSES INCLUDED AND NO SUSTAINABILITY INCLUDED,A,U.S. OWNED BUSINESS,000,NONE,Z,NOT IT PRODUCTS OR SERVICES,E,NOT REQUIRED,USA,UNITED STATES,C,NOT A MANUFACTURED END PRODUCT,B,PLAN NOT REQUIRED,D,FULL AND OPEN COMPETITION AFTER EXCLUSION OF SOURCES,NP,NEGOTIATED PROPOSAL/QUOTE,WOSB,WOMEN OWNED SMALL BUSINESS,NONE,NO PREFERENCE USED,,,,,,,4,D,COMMERCIAL ITEM PROCEDURES NOT USED,f,N,NO,N,NO,Y,YES,N,NO,0.00,N,NO,X,NOT APPLICABLE,Y,YES,Y,YES,X,NOT APPLICABLE,,,,,,,,NONE,NONE,N,NO,X,NOT APPLICABLE EXEMPT FROM CAS,N,TRANSACTION DOES NOT USE GFE/GFP,U,UNKNOWN,D,NOT CONSOLIDATED,N,NO - SERVICE WHERE PBA IS NOT USED.,N,NO,Z,NOT APPLICABLE,N,NO,X,NOT APPLICABLE,f,f,f,f,f,f,f,t,t,t,f,f,t,f,t,f,f,f,f,SMALL BUSINESS,S,f,f,f,f,f,f,f,f,f,f,f,f,f,f,f,f,f,CORPORATE NOT TAX EXEMPT,t,f,f,f,f,f,f,f,f,f,f,f,f,f,f,f,f,t,f,f,f,f,f,f,f,t,f,f,t,f,f,f,f,f,f,f,f,f,f,f,f,f,f,f,t,t,f,f,f,f,,,,,,,,,,,https://www.usaspending.gov/award/CONT_AWD_N6247319C1612_9700_-NONE-_-NONE-/,2021-04-16 15:24:02+00
CONT_AWD_N6247320C0572_9700_-NONE-_-NONE-,N6247320C0572,,,,Q: Not Designated Nonemergency/Emergency/Disaster/Wildfire Suppression,,,,,2382391.06,0.00,2382391.06,2382391.06,2019-12-12,2020,2021-04-21,2021,2019-12-12,2021-05-13,2021-05-13 00:00:00,,2019-12-04,097,Department of Defense,1700,Department of the Navy,N62473,NAVFACSYSCOM SOUTHWEST,097,Department of Defense,1700,Department of the Navy,M02230,COMMANDING OFFICER,017-2020/2020-1106-000;017-2021/2021-1106-000,017-1106,25.4: Operation and maintenance of facilities,0001: OPERATING FORCES,X,NOT APPLICABLE,,,J7DRYTC85CS9,196718493,"TIME LED DEVELOPMENT, LLC","TIME LED DEVELOPMENT, LLC",,3ZZL1,J7DRYTC85CS9,196718493,"TIME LED DEVELOPMENT, LLC",TIME LED DEVELOPMENT  LLC,USA,UNITED STATES,20634 N 28TH ST STE 185,,PHOENIX,04013,MARICOPA,04,AZ,ARIZONA,850504632,AZ-06,AZ-01,6233122204,6233122209,USA,UNITED STATES,YUMA,04027,YUMA,04,AZ,ARIZONA,853699188,AZ-03,AZ-09,AWARD,D,DEFINITIVE CONTRACT,,,,,,,J,FIRM FIXED PRICE,REPACE FAILING HVAC FOR ATCC,N6247319R1610,1,OT,OTHER FUNCTIONS,Z2BZ,REPAIR OR ALTERATION OF OTHER AIRFIELD STRUCTURES,H,NOT BUNDLED,C2,CONSTRUCTION,238220,"PLUMBING, HEATING, AND AIR-CONDITIONING CONTRACTORS",C,NO CLAUSES INCLUDED AND NO SUSTAINABILITY INCLUDED,A,U.S. OWNED BUSINESS,000,NONE,Z,NOT IT PRODUCTS OR SERVICES,E,NOT REQUIRED,USA,UNITED STATES,C,NOT A MANUFACTURED END PRODUCT,B,PLAN NOT REQUIRED,B,NOT AVAILABLE FOR COMPETITION,SSS,ONLY ONE SOURCE,8AN,8(A) SOLE SOURCE,NONE,NO PREFERENCE USED,,,,,OTH,AUTHORIZED BY STATUTE (FAR 6.302-5(A)(2)(I)),1,D,COMMERCIAL ITEM PROCEDURES NOT USED,f,N,NO,N,NO,X,NOT APPLICABLE,N,NO,0.00,N,NO,X,NOT APPLICABLE,X,NOT APPLICABLE,Y,YES,X,NOT APPLICABLE,,,,,,,,NONE,NONE,N,NO,X,NOT APPLICABLE EXEMPT FROM CAS,N,TRANSACTION DOES NOT USE GFE/GFP,U,UNKNOWN,D,NOT CONSOLIDATED,N,NO - SERVICE WHERE PBA IS NOT USED.,N,NO,Z,NOT APPLICABLE,N,NO,X,NOT APPLICABLE,f,f,f,f,f,t,t,f,f,f,f,f,f,f,f,t,f,f,f,SMALL BUSINESS,S,f,f,f,f,f,f,f,f,f,f,f,f,f,f,f,f,f,CORPORATE NOT TAX EXEMPT,t,f,f,f,f,f,f,f,f,f,f,f,f,f,f,f,f,t,f,f,f,f,f,f,f,f,t,f,t,f,f,f,f,f,f,f,f,f,f,f,f,f,f,f,f,t,f,t,f,f,,,,,,,,,,,https://www.usaspending.gov/award/CONT_AWD_N6247320C0572_9700_-NONE-_-NONE-/,2021-04-21 16:01:42+00
CONT_AWD_N6264511C4002_9700_-NONE-_-NONE-,N6264511C4002,,,,,,,,,1009176.30,,1009176.30,1009176.30,2010-11-03,2011,2021-04-23,2021,2010-12-01,2015-11-30,2015-11-30 00:00:00,,,097,Department of Defense,1700,Department of the Navy,N62645,NAVAL MEDICAL LOGISTICS COMMAND,097,Department of Defense,1700,Department of the Navy,N00183,NAVAL MEDICAL CENTER PORTSMOUTH VA,,,,,X,NOT APPLICABLE,,,C9PUFH6RPWJ5,171893282,PLATINUM BUSINESS CORPORATION,PLATINUM BUSINESS CORPORATION,,1MLH9,C9PUFH6RPWJ5,171893282,PLATINUM BUSINESS CORPORATION,PLATINUM BUSINESS CORPORATION,USA,UNITED STATES,14662 CAMBRIDGE CIR,,LAUREL,24033,PRINCE GEORGE'S,24,MD,MARYLAND,207073733,MD-04,MD-04,8884987528,8008537990,USA,UNITED STATES,PORTSMOUTH,51740,PORTSMOUTH CITY,51,VA,VIRGINIA,237082197,VA-03,VA-03,AWARD,D,DEFINITIVE CONTRACT,,,,,,,J,FIRM FIXED PRICE,CERTIFIED ATHLETIC TRAINER,,1,,,Q999,MEDICAL- OTHER,D,NOT A BUNDLED REQUIREMENT,S1,SERVICES,622110,GENERAL MEDICAL AND SURGICAL HOSPITALS,C,NO CLAUSES INCLUDED AND NO SUSTAINABILITY INCLUDED,A,U.S. OWNED BUSINESS,000,NONE,Z,NOT IT PRODUCTS OR SERVICES,E,NOT REQUIRED,USA,UNITED STATES,C,NOT A MANUFACTURED END PRODUCT,B,PLAN NOT REQUIRED,A,FULL AND OPEN COMPETITION,NP,NEGOTIATED PROPOSAL/QUOTE,NONE,NO SET ASIDE USED.,NONE,NO PREFERENCE USED,,,,,,,12,D,COMMERCIAL ITEM PROCEDURES NOT USED,f,N,NO,N,NO,Y,YES,N,NO,0.00,N,NO,N,NO,Y,YES,N,NO,X,NOT APPLICABLE,,,,,,,,NONE,NONE,N,NO,X,NOT APPLICABLE EXEMPT FROM CAS,N,TRANSACTION DOES NOT USE GFE/GFP,U,UNKNOWN,N,NO,N,NO - SERVICE WHERE PBA IS NOT USED.,N,NO,Z,NOT APPLICABLE,N,NO,X,NOT APPLICABLE,f,f,f,f,f,f,f,f,f,f,f,f,t,f,f,t,f,f,f,SMALL BUSINESS,S,f,f,f,f,f,f,f,f,f,f,f,f,f,f,f,f,f,CORPORATE NOT TAX EXEMPT,t,f,f,f,f,f,f,f,f,f,f,f,f,f,f,t,f,f,f,f,f,f,f,f,f,f,f,f,t,f,f,f,f,f,f,f,f,f,f,f,f,f,f,f,f,t,f,f,f,f,,,,,,,,,,,https://www.usaspending.gov/award/CONT_AWD_N6264511C4002_9700_-NONE-_-NONE-/,2021-04-23 15:30:21+00
CONT_AWD_N6264518C4013_9700_-NONE-_-NONE-,N6264518C4013,,,,N: Emergency P.L. 116-136;Q: Not Designated Nonemergency/Emergency/Disaster/Wildfire Suppression,,-32500.00,,,9750154.92,0.00,9812439.60,9812439.60,2018-09-30,2018,2021-04-16,2021,2018-09-30,2020-09-29,2020-09-29 00:00:00,,,097,Department of Defense,1700,Department of the Navy,N62645,NAVAL MEDICAL LOGISTICS COMMAND,097,Department of Defense,1700,Department of the Navy,N63116,NAVAL HEALTH RESEARCH CENTER,017-2018/2018-1804-000;017-2019/2019-1106-000;017-2019/2020-1319-000;097-2018/2019-0130-000;097-2019/2019-0130-000;097-2020/2020-0130-000,017-1106;017-1319;017-1804;097-0130,25.1: Advisory and assistance services;25.2: Other services from non-Federal sources;25.3: Other goods and services from Federal sources;25.5: Research and development contracts;25.6: Medical care,0001: OPERATING FORCES,X,NOT APPLICABLE,,,FBRSJB6V4LW8,113633189,"TELEDYNE BROWN ENGINEERING, INC.","TELEDYNE BROWN ENGINEERING, INC.",,14925,SQ2DSCE69F15,112358432,TELEDYNE TECHNOLOGIES INCORPORATED,TELEDYNE TECHNOLOGIES INC,USA,UNITED STATES,300 SPARKMAN DR NW,,HUNTSVILLE,01089,MADISON,01,AL,ALABAMA,358051994,AL-05,AL-05,2567261213,2567263187,USA,UNITED STATES,HUNTSVILLE,01089,MADISON,01,AL,ALABAMA,358051994,AL-05,AL-05,AWARD,D,DEFINITIVE CONTRACT,,,,,,,U,COST PLUS FIXED FEE,NHRC MODELING&SIMULATION SUPPORT,N6264518R0066,1,OT,OTHER FUNCTIONS,AN42,HEALTH R&D SERVICES; HEALTH CARE - OTHER; APPLIED RESEARCH,H,NOT BUNDLED,S1,SERVICES,541715,"RESEARCH AND DEVELOPMENT IN THE PHYSICAL, ENGINEERING, AND LIFE SCIENCES (EXCEPT NANOTECHNOLOGY AND BIOTECHNOLOGY)",C,NO CLAUSES INCLUDED AND NO SUSTAINABILITY INCLUDED,A,U.S. OWNED BUSINESS,000,NONE,Z,NOT IT PRODUCTS OR SERVICES,E,NOT REQUIRED,USA,UNITED STATES,C,NOT A MANUFACTURED END PRODUCT,H,DOD COMPREHENSIVE SUBCONTRACT PLAN,A,FULL AND OPEN COMPETITION,NP,NEGOTIATED PROPOSAL/QUOTE,NONE,NO SET ASIDE USED.,NONE,NO PREFERENCE USED,,,,,,,1,D,COMMERCIAL ITEM PROCEDURES NOT USED,f,N,NO,N,NO,Y,YES,N,NO,0.00,N,NO,N,NO,N,NO,N,NO,X,NOT APPLICABLE,,,,,,,,NONE,NONE,N,NO,Y,YES - CAS CLAUSE INCLUDED,N,TRANSACTION DOES NOT USE GFE/GFP,U,UNKNOWN,D,NOT CONSOLIDATED,Y,YES - SERVICE WHERE PBA IS USED.,N,NO,Z,NOT APPLICABLE,N,NO,X,NOT APPLICABLE,f,f,f,f,f,f,f,f,f,f,f,f,f,f,f,f,f,f,f,OTHER THAN SMALL BUSINESS,O,f,f,f,f,f,f,f,f,f,f,f,f,f,f,f,f,f,CORPORATE NOT TAX EXEMPT,t,f,f,f,f,f,f,f,f,f,f,f,t,f,f,f,f,t,f,f,f,f,f,f,f,f,f,f,t,f,f,f,f,f,f,f,f,f,f,f,f,f,f,f,f,f,f,f,f,f,JANICE L HESS,1024725.00,JACK  ICKES,374402.00,SCOTT E ALEXANDER,382705.00,DEBORAH  MCGRIFF,505571.00,JONATHAN S HALL,461487.00,https://www.usaspending.gov/award/CONT_AWD_N6264518C4013_9700_-NONE-_-NONE-/,2021-04-16 09:30:42+00
CONT_AWD_N6523620C8005_9700_-NONE-_-NONE-,N6523620C8005,,,,Q: Not Designated Nonemergency/Emergency/Disaster/Wildfire Suppression,,,,,1999991.20,0.00,1999991.20,1999991.20,2020-02-28,2020,2021-04-19,2021,2020-02-28,2021-10-01,2021-10-01 00:00:00,,2019-06-12,097,Department of Defense,1700,Department of the Navy,N65236,NIWC ATLANTIC,097,Department of Defense,97AE,Defense Advanced Research Projects Agency,HR0011,DEF ADVANCED RESEARCH PROJECTS AGCY,097-2019/2020-0400-000;097-2020/2021-0400-000;097-2021/2022-0400-000,097-0400,25.5: Research and development contracts,0001: BASIC RESEARCH,X,NOT APPLICABLE,,,DD1BYN8SN355,115243701,"CHARLES RIVER ANALYTICS, INC.","CHARLES RIVER ANALYTICS, INC.",,9W641,DD1BYN8SN355,115243701,"CHARLES RIVER ANALYTICS, INC.",CHARLES RIVER ANALYTICS  INC.,USA,UNITED STATES,625 MOUNT AUBURN ST,,CAMBRIDGE,25017,MIDDLESEX,25,MA,MASSACHUSETTS,021384555,MA-05,MA-05,6174913474,6178680780,USA,UNITED STATES,CAMBRIDGE,25017,MIDDLESEX,25,MA,MASSACHUSETTS,021384555,MA-05,MA-05,AWARD,D,DEFINITIVE CONTRACT,,,,,,,U,COST PLUS FIXED FEE,DARPA LOGX  PHASE 1,HR001119S0053,1,OT,OTHER FUNCTIONS,AD93,R&D- DEFENSE OTHER: OTHER (ADVANCED DEVELOPMENT),H,NOT BUNDLED,S1,SERVICES,541715,"RESEARCH AND DEVELOPMENT IN THE PHYSICAL, ENGINEERING, AND LIFE SCIENCES (EXCEPT NANOTECHNOLOGY AND BIOTECHNOLOGY)",C,NO CLAUSES INCLUDED AND NO SUSTAINABILITY INCLUDED,A,U.S. OWNED BUSINESS,000,NONE,Z,NOT IT PRODUCTS OR SERVICES,E,NOT REQUIRED,USA,UNITED STATES,C,NOT A MANUFACTURED END PRODUCT,B,PLAN NOT REQUIRED,A,FULL AND OPEN COMPETITION,BR,BASIC RESEARCH,NONE,NO SET ASIDE USED.,NONE,NO PREFERENCE USED,,,,,,,1,D,COMMERCIAL ITEM PROCEDURES NOT USED,f,N,NO,N,NO,Y,YES,N,NO,0.00,N,NO,Y,YES,Y,YES,Y,YES,A,ECONOMY ACT,,,,,,,,NONE,NONE,N,NO,Y,YES - CAS CLAUSE INCLUDED,N,TRANSACTION DOES NOT USE GFE/GFP,U,UNKNOWN,D,NOT CONSOLIDATED,Y,YES - SERVICE WHERE PBA IS USED.,N,NO,Z,NOT APPLICABLE,N,NO,X,NOT APPLICABLE,f,f,f,f,f,f,f,f,f,f,f,f,f,f,f,f,f,f,f,OTHER THAN SMALL BUSINESS,O,f,f,f,f,f,f,f,f,f,f,f,f,f,f,f,f,f,CORPORATE NOT TAX EXEMPT,t,f,f,f,f,f,f,f,f,f,f,f,f,f,f,f,f,t,f,f,f,f,f,f,f,t,f,f,t,f,f,f,f,f,f,f,f,f,f,f,f,f,f,f,f,f,f,f,f,f,DONALD S REYNOLDS,250706.00,KAREN A HARPER,321192.00,AVROM J PFEFFER,267375.00,WILLIAM S NEAL REILLY,296334.00,BRAD E ROSENBERG,245236.00,https://www.usaspending.gov/award/CONT_AWD_N6523620C8005_9700_-NONE-_-NONE-/,2021-04-19 09:08:51+00
CONT_AWD_N6523620C8010_9700_-NONE-_-NONE-,N6523620C8010,,,,Q: Not Designated Nonemergency/Emergency/Disaster/Wildfire Suppression,,,,,2537421.00,0.00,2537421.00,2537421.00,2020-03-02,2020,2021-04-19,2021,2020-03-02,2021-10-01,2021-10-01 00:00:00,,2019-06-06,097,Department of Defense,1700,Department of the Navy,N65236,NIWC ATLANTIC,097,Department of Defense,97AE,Defense Advanced Research Projects Agency,HR0011,DEF ADVANCED RESEARCH PROJECTS AGCY,097-2019/2020-0400-000;097-2020/2021-0400-000;097-2021/2022-0400-000,097-0400,25.5: Research and development contracts,0001: BASIC RESEARCH,X,NOT APPLICABLE,,,SA7ZWUEM9RG4,964928464,SYSTEMS & TECHNOLOGY RESEARCH LLC,SYSTEMS & TECHNOLOGY RESEARCH LLC,,65L89,SA7ZWUEM9RG4,964928464,SYSTEMS & TECHNOLOGY RESEARCH LLC,SYSTEMS & TECHNOLOGY RESEARCH LLC,USA,UNITED STATES,600 W CUMMINGS PARK STE 6500,,WOBURN,25017,MIDDLESEX,25,MA,MASSACHUSETTS,018017222,MA-05,MA-05,7816061602,7812817998,USA,UNITED STATES,WOBURN,25017,MIDDLESEX,25,MA,MASSACHUSETTS,018017222,MA-05,MA-05,AWARD,D,DEFINITIVE CONTRACT,,,,,,,U,COST PLUS FIXED FEE,LODESTAR/LOGX,HR001119S0053,1,OT,OTHER FUNCTIONS,AD93,R&D- DEFENSE OTHER: OTHER (ADVANCED DEVELOPMENT),H,NOT BUNDLED,S1,SERVICES,541715,"RESEARCH AND DEVELOPMENT IN THE PHYSICAL, ENGINEERING, AND LIFE SCIENCES (EXCEPT NANOTECHNOLOGY AND BIOTECHNOLOGY)",C,NO CLAUSES INCLUDED AND NO SUSTAINABILITY INCLUDED,A,U.S. OWNED BUSINESS,000,NONE,Z,NOT IT PRODUCTS OR SERVICES,E,NOT REQUIRED,USA,UNITED STATES,C,NOT A MANUFACTURED END PRODUCT,B,PLAN NOT REQUIRED,A,FULL AND OPEN COMPETITION,NP,NEGOTIATED PROPOSAL/QUOTE,NONE,NO SET ASIDE USED.,NONE,NO PREFERENCE USED,,,,,,,1,D,COMMERCIAL ITEM PROCEDURES NOT USED,f,N,NO,N,NO,Y,YES,N,NO,0.00,N,NO,X,NOT APPLICABLE,X,NOT APPLICABLE,X,NOT APPLICABLE,A,ECONOMY ACT,,,,,,,,NONE,NONE,N,NO,X,NOT APPLICABLE EXEMPT FROM CAS,N,TRANSACTION DOES NOT USE GFE/GFP,U,UNKNOWN,D,NOT CONSOLIDATED,Y,YES - SERVICE WHERE PBA IS USED.,N,NO,Z,NOT APPLICABLE,N,NO,X,NOT APPLICABLE,f,f,f,f,f,f,f,f,f,f,f,f,f,f,f,f,f,f,f,SMALL BUSINESS,S,f,f,f,f,f,f,f,f,f,f,f,f,f,f,f,f,f,PARTNERSHIP,f,f,t,f,f,f,f,f,f,f,f,f,f,f,f,f,f,t,f,f,f,f,f,f,f,f,t,f,t,f,f,f,f,f,f,f,f,f,f,f,f,f,f,f,f,f,f,f,f,f,MARK  LUETTGEN,649212.00,MARK  MCCLURE,509557.00,STEPHEN  KOGON,422732.00,ERIC  JONES,422620.00,GIL  ETTINGER,403188.00,https://www.usaspending.gov/award/CONT_AWD_N6523620C8010_9700_-NONE-_-NONE-/,2021-04-19 14:19:03+00
CONT_AWD_N6600115C4065_9700_-NONE-_-NONE-,N6600115C4065,,,,Q: Not Designated Nonemergency/Emergency/Disaster/Wildfire Suppression,,,,,5931350.19,0.00,5931350.19,5931350.19,2015-08-05,2015,2021-04-21,2021,2015-08-06,2021-08-30,2021-08-30 00:00:00,,,097,Department of Defense,1700,Department of the Navy,N66001,NIWC PACIFIC,097,Department of Defense,97AE,Defense Advanced Research Projects Agency,HR0011,DEF ADVANCED RESEARCH PROJECTS AGCY,097-2018/2019-0400-000;097-2019/2020-0400-000;097-2020/2021-0400-000,097-0400,25.5: Research and development contracts,0001: BASIC RESEARCH,X,NOT APPLICABLE,,,NKABN1ZNE7B7,788118631,"STEALTH SOFTWARE TECHNOLOGIES, INC.","STEALTH SOFTWARE TECHNOLOGIES, INC.",,4LT47,NKABN1ZNE7B7,788118631,"STEALTH SOFTWARE TECHNOLOGIES, INC.",STEALTH SOFTWARE TECHNOLOGIES  INC.,USA,UNITED STATES,12100 WILSHIRE BOULEVARD,,LOS ANGELES,06037,LOS ANGELES,06,CA,CALIFORNIA,900257120,CA-37,CA-32,3102094993,,USA,UNITED STATES,LOS ANGELES,06037,LOS ANGELES,06,CA,CALIFORNIA,900257120,CA-37,CA-32,AWARD,D,DEFINITIVE CONTRACT,,,,,,,U,COST PLUS FIXED FEE,"IGF::OT::IGF - CONTRACT, IN SUPPORT OF DARPA, THAT SEEKS TO CREATE A PRIVATE UPDATEABLE LIGHTWEIGHT SCALABLE ACTIVE REPOSITORY (PULSAR).",,1,OT,OTHER FUNCTIONS,AD92,R&D- DEFENSE OTHER: OTHER (APPLIED RESEARCH/EXPLORATORY DEVELOPMENT),D,NOT A BUNDLED REQUIREMENT,C9E,ALL OTHERS NOT IDENTIFIABLE TO ANY OTHER PROCUREMENT PROGRAM,541712,"RESEARCH AND DEVELOPMENT IN THE PHYSICAL, ENGINEERING, AND LIFE SCIENCES (EXCEPT BIOTECHNOLOGY)",C,NO CLAUSES INCLUDED AND NO SUSTAINABILITY INCLUDED,A,U.S. OWNED BUSINESS,000,NONE,Z,NOT IT PRODUCTS OR SERVICES,E,NOT REQUIRED,USA,UNITED STATES,C,NOT A MANUFACTURED END PRODUCT,B,PLAN NOT REQUIRED,A,FULL AND OPEN COMPETITION,BR,BASIC RESEARCH,NONE,NO SET ASIDE USED.,NONE,NO PREFERENCE USED,,,,,,,89,D,COMMERCIAL ITEM PROCEDURES NOT USED,f,N,NO,N,NO,N,NO,N,NO,0.00,N,NO,N,NO,N,NO,N,NO,X,NOT APPLICABLE,,,,,,,,NONE,NONE,N,NO,X,NOT APPLICABLE EXEMPT FROM CAS,N,TRANSACTION DOES NOT USE GFE/GFP,N,NO,N,NO,N,NO - SERVICE WHERE PBA IS NOT USED.,N,NO,Z,NOT APPLICABLE,N,NO,X,NOT APPLICABLE,f,f,f,f,f,f,f,f,f,f,f,f,f,f,f,f,f,f,f,SMALL BUSINESS,S,f,f,f,f,f,f,f,f,f,f,f,f,f,f,f,f,f,CORPORATE NOT TAX EXEMPT,t,f,f,f,f,f,f,f,f,f,f,f,f,f,f,f,f,t,f,f,f,f,f,f,f,t,f,f,t,f,f,f,f,f,f,f,f,f,f,f,f,f,f,f,f,f,f,f,f,f,STEVE  LU,279012.00,STEVE  LU,279012.00,STEVE  LU,279012.00,279012  LU,279012.00,STEVE  LU,279012.00,https://www.usaspending.gov/award/CONT_AWD_N6600115C4065_9700_-NONE-_-NONE-/,2021-04-21 18:08:56+00
CONT_AWD_N6660419C0048_9700_-NONE-_-NONE-,N6660419C0048,,,,,,,,,1498421.00,,1498421.00,1498421.00,2019-09-27,2019,2021-04-20,2021,2019-09-27,2023-01-28,2023-01-28 00:00:00,,2019-08-22,097,Department of Defense,1700,Department of the Navy,N66604,NUWC DIV NEWPORT,097,Department of Defense,1700,Department of the Navy,N66604,NUWC DIV NEWPORT,,,,,X,NOT APPLICABLE,,,Z9TUHQN8QK35,074044769,NORTHROP GRUMMAN SYSTEMS CORPORATION,"AMHERST SYSTEMS, INC.",,1L4J7,NKVZLJL93QT6,967356127,NORTHROP GRUMMAN CORPORATION,NORTHROP GRUMMAN CORPORATION,USA,UNITED STATES,1740 WEHRLE DR,,BUFFALO,36029,ERIE,36,NY,NEW YORK,142217032,NY-26,NY-26,7166261780,7166310629,USA,UNITED STATES,BUFFALO,36029,ERIE,36,NY,NEW YORK,142217032,NY-26,NY-26,AWARD,D,DEFINITIVE CONTRACT,,,,,,,J,FIRM FIXED PRICE,DUAL CHANNEL EW RF SIMULATOR,N6660419R0048,1,CT,CRITICAL FUNCTIONS,5999,MISCELLANEOUS ELECTRICAL AND ELECTRONIC COMPONENTS,H,NOT BUNDLED,C9E,ALL OTHERS NOT IDENTIFIABLE TO ANY OTHER PROCUREMENT PROGRAM,334511,"SEARCH, DETECTION, NAVIGATION, GUIDANCE, AERONAUTICAL, AND NAUTICAL SYSTEM AND INSTRUMENT MANUFACTURING",C,NO CLAUSES INCLUDED AND NO SUSTAINABILITY INCLUDED,A,U.S. OWNED BUSINESS,000,NONE,Z,NOT IT PRODUCTS OR SERVICES,A,MEETS REQUIREMENTS,USA,UNITED STATES,D,MFG IN U.S.,B,PLAN NOT REQUIRED,A,FULL AND OPEN COMPETITION,NP,NEGOTIATED PROPOSAL/QUOTE,NONE,NO SET ASIDE USED.,NONE,NO PREFERENCE USED,,,,,,,3,D,COMMERCIAL ITEM PROCEDURES NOT USED,f,N,NO,N,NO,Y,YES,N,NO,0.00,N,NO,Y,YES,X,NOT APPLICABLE,X,NOT APPLICABLE,X,NOT APPLICABLE,,,,,,,,NONE,NONE,N,NO,X,NOT APPLICABLE EXEMPT FROM CAS,N,TRANSACTION DOES NOT USE GFE/GFP,U,UNKNOWN,D,NOT CONSOLIDATED,X,NOT APPLICABLE,N,NO,Z,NOT APPLICABLE,N,NO,X,NOT APPLICABLE,f,f,f,f,f,f,f,f,f,f,f,f,f,f,f,f,f,f,f,OTHER THAN SMALL BUSINESS,O,f,f,f,f,f,f,f,f,f,f,f,f,f,f,f,f,f,CORPORATE NOT TAX EXEMPT,t,f,f,f,f,f,f,f,f,f,f,f,t,f,f,f,f,t,f,f,f,f,f,f,f,f,f,f,t,f,f,f,f,f,f,f,f,f,f,f,f,f,f,f,f,f,f,f,f,f,,,,,,,,,,,https://www.usaspending.gov/award/CONT_AWD_N6660419C0048_9700_-NONE-_-NONE-/,2021-04-20 14:39:28+00
CONT_AWD_N6833516C0135_9700_-NONE-_-NONE-,N6833516C0135,,,,,,,,,1999901.00,,1999931.00,1999931.00,2016-03-07,2016,2021-04-21,2021,2016-03-07,2021-12-01,2021-12-01 00:00:00,,,097,Department of Defense,1700,Department of the Navy,N68335,NAVAIR WARFARE CTR AIRCRAFT DIV,097,Department of Defense,1700,Department of the Navy,N00014,OFFICE OF NAVAL RESEARCH,,,,,X,NOT APPLICABLE,,,KCLCXA6CAD85,010983174,"TECHNICAL DATA ANALYSIS, INC.","TECHNICAL DATA ANALYSIS, INC.",,1C7J0,KCLCXA6CAD85,010983174,"TECHNICAL DATA ANALYSIS, INC.",TECHNICAL DATA ANALYSIS  INC.,USA,UNITED STATES,3190 FAIRVIEW PK DR STE 650,,FALLS CHURCH,51059,FAIRFAX,51,VA,VIRGINIA,220424530,VA-11,VA-08,7032371300,7032370301,USA,UNITED STATES,FALLS CHURCH,51059,FAIRFAX,51,VA,VIRGINIA,220424530,VA-11,VA-08,AWARD,D,DEFINITIVE CONTRACT,,,,,,,U,COST PLUS FIXED FEE,IGF::OT::IGF SBIR PHASE II RESEARCH AND DEVELOPMENT,N0001415BAA01,1,OT,OTHER FUNCTIONS,AD93,R&D- DEFENSE OTHER: OTHER (ADVANCED DEVELOPMENT),D,NOT A BUNDLED REQUIREMENT,C9E,ALL OTHERS NOT IDENTIFIABLE TO ANY OTHER PROCUREMENT PROGRAM,541712,"RESEARCH AND DEVELOPMENT IN THE PHYSICAL, ENGINEERING, AND LIFE SCIENCES (EXCEPT BIOTECHNOLOGY)",C,NO CLAUSES INCLUDED AND NO SUSTAINABILITY INCLUDED,A,U.S. OWNED BUSINESS,000,NONE,Z,NOT IT PRODUCTS OR SERVICES,E,NOT REQUIRED,USA,UNITED STATES,C,NOT A MANUFACTURED END PRODUCT,B,PLAN NOT REQUIRED,D,FULL AND OPEN COMPETITION AFTER EXCLUSION OF SOURCES,NP,NEGOTIATED PROPOSAL/QUOTE,SBA,SMALL BUSINESS SET ASIDE - TOTAL,NONE,NO PREFERENCE USED,SR2,SMALL BUSINESS INNOVATION RESEARCH PROGRAM PHASE II ACTION,,,,,1,D,COMMERCIAL ITEM PROCEDURES NOT USED,f,N,NO,N,NO,Y,YES,N,NO,0.00,N,NO,X,NOT APPLICABLE,X,NOT APPLICABLE,X,NOT APPLICABLE,X,NOT APPLICABLE,,,,,,,,NONE,NONE,N,NO,X,NOT APPLICABLE EXEMPT FROM CAS,N,TRANSACTION DOES NOT USE GFE/GFP,U,UNKNOWN,N,NO,Y,YES - SERVICE WHERE PBA IS USED.,N,NO,Z,NOT APPLICABLE,N,NO,X,NOT APPLICABLE,f,f,f,f,f,f,f,f,f,f,f,f,f,f,f,f,f,f,f,SMALL BUSINESS,S,f,f,f,f,f,f,f,f,f,f,f,f,f,f,f,f,f,CORPORATE NOT TAX EXEMPT,t,f,f,f,f,f,f,f,f,f,f,f,f,f,f,f,f,t,f,f,f,f,f,f,f,t,f,f,t,f,f,f,f,f,f,f,f,f,f,f,f,f,f,f,f,f,f,f,f,f,,,,,,,,,,,https://www.usaspending.gov/award/CONT_AWD_N6833516C0135_9700_-NONE-_-NONE-/,2021-04-21 13:02:37+00
CONT_AWD_N6833517C0249_9700_-NONE-_-NONE-,N6833517C0249,,,,,,,,,999975.00,,999975.00,999975.00,2017-03-09,2017,2021-04-20,2021,2017-03-09,2021-08-26,2021-08-26 00:00:00,,,097,Department of Defense,1700,Department of the Navy,N68335,NAVAIR WARFARE CTR AIRCRAFT DIV,097,Department of Defense,1700,Department of the Navy,N00421,NAVAL AIR WARFARE CENTER AIR DIV,,,,,X,NOT APPLICABLE,,,UGWNU2AMKF63,078466424,INNOVEERING LLC,"INNOVEERING, LLC",,5K4J8,UGWNU2AMKF63,078466424,INNOVEERING LLC,INNOVEERING  LLC,USA,UNITED STATES,100 REMINGTON BLVD.,,RONKONKOMA,36103,SUFFOLK,36,NY,NEW YORK,117796910,NY-02,NY-02,6317938439,6317938439,USA,UNITED STATES,RONKONKOMA,36103,SUFFOLK,36,NY,NEW YORK,117796910,NY-02,NY-02,AWARD,D,DEFINITIVE CONTRACT,,,,,,,U,COST PLUS FIXED FEE,IGF::OT::IGF  RESEARCH AND DEVELOPMENT,,1,OT,OTHER FUNCTIONS,AC62,R&D- DEFENSE SYSTEM: ELECTRONICS/COMMUNICATION EQUIPMENT (APPLIED RESEARCH/EXPLORATORY DEVELOPMENT),H,NOT BUNDLED,A7,ELECTRONICS AND COMMUNICATION EQUIPMENT,541712,"RESEARCH AND DEVELOPMENT IN THE PHYSICAL, ENGINEERING, AND LIFE SCIENCES (EXCEPT BIOTECHNOLOGY)",C,NO CLAUSES INCLUDED AND NO SUSTAINABILITY INCLUDED,A,U.S. OWNED BUSINESS,000,NONE,Z,NOT IT PRODUCTS OR SERVICES,E,NOT REQUIRED,USA,UNITED STATES,C,NOT A MANUFACTURED END PRODUCT,B,PLAN NOT REQUIRED,D,FULL AND OPEN COMPETITION AFTER EXCLUSION OF SOURCES,NP,NEGOTIATED PROPOSAL/QUOTE,SBA,SMALL BUSINESS SET ASIDE - TOTAL,NONE,NO PREFERENCE USED,SR2,SMALL BUSINESS INNOVATION RESEARCH PROGRAM PHASE II ACTION,,,,,11,D,COMMERCIAL ITEM PROCEDURES NOT USED,f,N,NO,N,NO,N,NO,N,NO,0.00,N,NO,X,NOT APPLICABLE,X,NOT APPLICABLE,X,NOT APPLICABLE,X,NOT APPLICABLE,,,,,,,,P20C,COVID-19 2020,Y,YES,X,NOT APPLICABLE EXEMPT FROM CAS,N,TRANSACTION DOES NOT USE GFE/GFP,U,UNKNOWN,D,NOT CONSOLIDATED,N,NO - SERVICE WHERE PBA IS NOT USED.,N,NO,Z,NOT APPLICABLE,N,NO,C,"PRESIDENTIAL ISSUED EMERGENCY DECLARATION, OR A MAJOR DISASTER DECLARATION",f,f,f,f,f,f,f,f,f,f,f,f,f,f,f,f,f,f,f,SMALL BUSINESS,S,f,f,f,f,f,f,f,f,f,f,f,f,f,f,f,f,f,CORPORATE NOT TAX EXEMPT,t,f,f,f,f,f,f,f,f,f,f,f,f,f,f,f,f,t,f,f,f,f,f,f,f,f,t,f,t,f,f,f,f,f,f,f,f,f,f,f,f,f,f,f,f,f,f,f,f,f,,,,,,,,,,,https://www.usaspending.gov/award/CONT_AWD_N6833517C0249_9700_-NONE-_-NONE-/,2021-04-20 08:22:32+00
CONT_AWD_N6833518C0036_9700_-NONE-_-NONE-,N6833518C0036,,,,,,,,,1496194.00,0.00,1496194.00,1496194.00,2018-04-03,2018,2021-04-21,2021,2018-04-03,2021-09-30,2021-09-30 00:00:00,,,097,Department of Defense,1700,Department of the Navy,N68335,NAVAIR WARFARE CTR AIRCRAFT DIV,097,Department of Defense,1700,Department of the Navy,N00421,NAVAL AIR WARFARE CENTER AIR DIV,017-2018/2019-1319-000,017-1319,25.5: Research and development contracts,,X,NOT APPLICABLE,,,X13SUGQE8VG6,127283500,"ENGINEERING AND SOFTWARE SYSTEM SOLUTIONS, INC.","ENGINEERING AND SOFTWARE SYSTEM SOLUTIONS, INC.",,1PHL4,X13SUGQE8VG6,127283500,"ENGINEERING AND SOFTWARE SYSTEM SOLUTIONS, INC.",ENGINEERING AND SOFTWARE SYSTEM SOLUTIONS  INC.,USA,UNITED STATES,550 W C ST STE 1630,,SAN DIEGO,06073,SAN DIEGO,06,CA,CALIFORNIA,921013569,CA-52,CA-50,6192233066,6192232431,USA,UNITED STATES,SAN DIEGO,06073,SAN DIEGO,06,CA,CALIFORNIA,921017808,CA-51,CA-52,AWARD,D,DEFINITIVE CONTRACT,,,,,,,U,COST PLUS FIXED FEE,RESEARCH AND DEVELOPMENT,,1,OT,OTHER FUNCTIONS,AC62,R&D- DEFENSE SYSTEM: ELECTRONICS/COMMUNICATION EQUIPMENT (APPLIED RESEARCH/EXPLORATORY DEVELOPMENT),H,NOT BUNDLED,A7,ELECTRONICS AND COMMUNICATION EQUIPMENT,541715,"RESEARCH AND DEVELOPMENT IN THE PHYSICAL, ENGINEERING, AND LIFE SCIENCES (EXCEPT NANOTECHNOLOGY AND BIOTECHNOLOGY)",C,NO CLAUSES INCLUDED AND NO SUSTAINABILITY INCLUDED,A,U.S. OWNED BUSINESS,000,NONE,Z,NOT IT PRODUCTS OR SERVICES,E,NOT REQUIRED,USA,UNITED STATES,C,NOT A MANUFACTURED END PRODUCT,B,PLAN NOT REQUIRED,D,FULL AND OPEN COMPETITION AFTER EXCLUSION OF SOURCES,NP,NEGOTIATED PROPOSAL/QUOTE,SBA,SMALL BUSINESS SET ASIDE - TOTAL,NONE,NO PREFERENCE USED,SR2,SMALL BUSINESS INNOVATION RESEARCH PROGRAM PHASE II ACTION,,,,,1,D,COMMERCIAL ITEM PROCEDURES NOT USED,f,N,NO,N,NO,X,NOT APPLICABLE,N,NO,0.00,N,NO,X,NOT APPLICABLE,X,NOT APPLICABLE,X,NOT APPLICABLE,X,NOT APPLICABLE,,,,,,,,P20C,COVID-19 2020,N,NO,X,NOT APPLICABLE EXEMPT FROM CAS,N,TRANSACTION DOES NOT USE GFE/GFP,U,UNKNOWN,D,NOT CONSOLIDATED,Y,YES - SERVICE WHERE PBA IS USED.,N,NO,Z,NOT APPLICABLE,N,NO,C,"PRESIDENTIAL ISSUED EMERGENCY DECLARATION, OR A MAJOR DISASTER DECLARATION",f,f,f,f,f,f,f,t,t,f,f,f,f,f,f,f,f,f,f,SMALL BUSINESS,S,f,f,f,f,f,f,f,f,f,f,f,f,f,f,f,f,f,CORPORATE NOT TAX EXEMPT,t,f,f,f,f,f,f,f,f,f,f,f,f,f,f,f,f,t,f,f,f,f,f,f,f,f,f,f,t,f,f,f,f,f,f,f,f,f,f,f,f,f,f,f,f,f,f,f,f,f,TERI  SGAMMATO,236000.00,DANIELE  PELESSONE,231000.00,BRETT  BAILEY,226000.00,CLINT  FORREST,226000.00,DOUG  WISER,226000.00,https://www.usaspending.gov/award/CONT_AWD_N6833518C0036_9700_-NONE-_-NONE-/,2021-04-21 11:19:02+00
CONT_AWD_N6833519C0151_9700_-NONE-_-NONE-,N6833519C0151,,,,,,,,,2598990.00,0.00,2598990.00,2598990.00,2019-01-28,2019,2021-04-21,2021,2019-01-28,2021-09-30,2021-09-30 00:00:00,,2018-11-06,097,Department of Defense,1700,Department of the Navy,N68335,NAVAIR WARFARE CTR AIRCRAFT DIV,097,Department of Defense,1700,Department of the Navy,N00421,NAVAL AIR WARFARE CENTER AIR DIV,017-2018/2019-1319-000,017-1319,25.5: Research and development contracts,,X,NOT APPLICABLE,,,JE6AK2EVH218,611827812,"RDRTEC, INC.",RDRTEC INCORPORATED,,4EMK6,JE6AK2EVH218,611827812,"RDRTEC, INC.",RDRTEC INCORPORATED,USA,UNITED STATES,3737 ATWELL ST STE 208,,DALLAS,48113,DALLAS,48,TX,TEXAS,752095765,TX-30,TX-30,2143538755,2143530123,USA,UNITED STATES,DALLAS,48113,DALLAS,48,TX,TEXAS,752095765,TX-30,TX-30,AWARD,D,DEFINITIVE CONTRACT,,,,,,,U,COST PLUS FIXED FEE,RESEARCH AND DEVELOPMENT IGF::OT::IGF,,1,OT,OTHER FUNCTIONS,AC62,R&D- DEFENSE SYSTEM: ELECTRONICS/COMMUNICATION EQUIPMENT (APPLIED RESEARCH/EXPLORATORY DEVELOPMENT),H,NOT BUNDLED,A7,ELECTRONICS AND COMMUNICATION EQUIPMENT,541715,"RESEARCH AND DEVELOPMENT IN THE PHYSICAL, ENGINEERING, AND LIFE SCIENCES (EXCEPT NANOTECHNOLOGY AND BIOTECHNOLOGY)",C,NO CLAUSES INCLUDED AND NO SUSTAINABILITY INCLUDED,A,U.S. OWNED BUSINESS,000,NONE,Z,NOT IT PRODUCTS OR SERVICES,E,NOT REQUIRED,USA,UNITED STATES,C,NOT A MANUFACTURED END PRODUCT,B,PLAN NOT REQUIRED,D,FULL AND OPEN COMPETITION AFTER EXCLUSION OF SOURCES,NP,NEGOTIATED PROPOSAL/QUOTE,SBA,SMALL BUSINESS SET ASIDE - TOTAL,NONE,NO PREFERENCE USED,SR2,SMALL BUSINESS INNOVATION RESEARCH PROGRAM PHASE II ACTION,,,,,5,D,COMMERCIAL ITEM PROCEDURES NOT USED,f,N,NO,N,NO,X,NOT APPLICABLE,N,NO,0.00,N,NO,X,NOT APPLICABLE,X,NOT APPLICABLE,N,NO,X,NOT APPLICABLE,,,,,,,,P20C,COVID-19 2020,N,NO,X,NOT APPLICABLE EXEMPT FROM CAS,N,TRANSACTION DOES NOT USE GFE/GFP,N,NO,D,NOT CONSOLIDATED,Y,YES - SERVICE WHERE PBA IS USED.,N,NO,Z,NOT APPLICABLE,N,NO,C,"PRESIDENTIAL ISSUED EMERGENCY DECLARATION, OR A MAJOR DISASTER DECLARATION",f,f,f,f,f,t,f,f,f,f,f,f,f,f,f,f,f,f,f,SMALL BUSINESS,S,f,f,f,f,f,f,f,f,f,f,f,f,f,f,f,f,f,CORPORATE NOT TAX EXEMPT,t,f,f,f,f,f,f,f,f,f,f,f,f,f,f,f,f,t,f,f,f,f,f,f,f,t,f,f,t,f,f,f,f,f,f,f,f,f,f,f,f,f,f,f,f,f,f,f,f,f,,,,,,,,,,,https://www.usaspending.gov/award/CONT_AWD_N6833519C0151_9700_-NONE-_-NONE-/,2021-04-21 11:01:56+00
CONT_AWD_N6833520C0516_9700_-NONE-_-NONE-,N6833520C0516,,,,,,,,,239852.00,,239852.00,239852.00,2020-05-15,2020,2021-04-22,2021,2020-05-15,2021-10-21,2021-10-21 00:00:00,,,097,Department of Defense,1700,Department of the Navy,N68335,NAVAIR WARFARE CTR AIRCRAFT DIV,097,Department of Defense,1700,Department of the Navy,N00421,NAVAL AIR WARFARE CENTER AIR DIV,,,,,X,NOT APPLICABLE,,,V3KCP1HNFM33,,CFD RESEARCH CORPORATION,CFD RESEARCH CORPORATION,,0DEW1,V3KCP1HNFM33,,CFD RESEARCH CORPORATION,CFD RESEARCH CORPORATION,USA,UNITED STATES,701 MCMILLIAN WAY STE D,,HUNTSVILLE,01089,MADISON,01,AL,ALABAMA,358062923,AL-05,AL-05,2563610799,2567264803,USA,UNITED STATES,HUNTSVILLE,01089,MADISON,01,AL,ALABAMA,358062923,AL-05,AL-05,AWARD,D,DEFINITIVE CONTRACT,,,,,,,J,FIRM FIXED PRICE,RESEARCH AND DEVELOPMENT,,1,OT,OTHER FUNCTIONS,AD91,R&D- DEFENSE OTHER: OTHER (BASIC RESEARCH),H,NOT BUNDLED,C9E,ALL OTHERS NOT IDENTIFIABLE TO ANY OTHER PROCUREMENT PROGRAM,541715,"RESEARCH AND DEVELOPMENT IN THE PHYSICAL, ENGINEERING, AND LIFE SCIENCES (EXCEPT NANOTECHNOLOGY AND BIOTECHNOLOGY)",C,NO CLAUSES INCLUDED AND NO SUSTAINABILITY INCLUDED,A,U.S. OWNED BUSINESS,000,NONE,Z,NOT IT PRODUCTS OR SERVICES,E,NOT REQUIRED,USA,UNITED STATES,C,NOT A MANUFACTURED END PRODUCT,B,PLAN NOT REQUIRED,D,FULL AND OPEN COMPETITION AFTER EXCLUSION OF SOURCES,NP,NEGOTIATED PROPOSAL/QUOTE,SBA,SMALL BUSINESS SET ASIDE - TOTAL,NONE,NO PREFERENCE USED,SR1,SMALL BUSINESS INNOVATION RESEARCH PROGRAM PHASE I ACTION,,,,,9,D,COMMERCIAL ITEM PROCEDURES NOT USED,f,N,NO,N,NO,X,NOT APPLICABLE,N,NO,0.00,N,NO,X,NOT APPLICABLE,X,NOT APPLICABLE,X,NOT APPLICABLE,X,NOT APPLICABLE,,,,,,,,NONE,NONE,N,NO,X,NOT APPLICABLE EXEMPT FROM CAS,N,TRANSACTION DOES NOT USE GFE/GFP,U,UNKNOWN,D,NOT CONSOLIDATED,N,NO - SERVICE WHERE PBA IS NOT USED.,N,NO,Z,NOT APPLICABLE,N,NO,X,NOT APPLICABLE,f,f,f,f,f,f,f,f,f,f,f,f,f,f,f,f,f,f,f,SMALL BUSINESS,S,f,f,f,f,f,f,f,f,f,f,f,f,f,f,f,f,f,CORPORATE NOT TAX EXEMPT,t,f,f,f,f,f,f,f,f,f,f,f,f,f,f,f,f,t,f,f,f,f,f,f,f,f,f,f,t,f,f,f,f,f,f,f,f,f,f,f,f,f,f,f,f,f,f,f,f,f,SAMEER  SINGHAL,311004.00,STEPHEN  CAYSON,244649.00,PEGGY  SARGENT,215390.00,SAMI  HABCHI,256918.00,KAPIL  PANT,253340.00,https://www.usaspending.gov/award/CONT_AWD_N6833520C0516_9700_-NONE-_-NONE-/,2022-07-27 16:05:40+00
CONT_AWD_N6833520C0610_9700_-NONE-_-NONE-,N6833520C0610,,,,,,,,,238967.00,,238967.00,238967.00,2020-05-29,2020,2021-04-21,2021,2020-05-29,2021-10-20,2021-10-20 00:00:00,,,097,Department of Defense,1700,Department of the Navy,N68335,NAVAIR WARFARE CTR AIRCRAFT DIV,097,Department of Defense,1700,Department of the Navy,N00421,NAVAL AIR WARFARE CENTER AIR DIV,,,,,X,NOT APPLICABLE,,,QGDZEEGN5TC6,158672688,AVATAR PARTNERS INC,AVATAR PARTNERS INC,,6WLY0,QGDZEEGN5TC6,158672688,AVATAR PARTNERS INC,AVATAR PARTNERS UNLIMITED LLC,USA,UNITED STATES,7491 TALBERT AVE,,HUNTINGTON BEACH,06059,ORANGE,06,CA,CALIFORNIA,926481212,CA-48,CA-47,7142261909,7148411300,USA,UNITED STATES,PRINCETON,34035,SOMERSET,34,NJ,NEW JERSEY,085401532,NJ-07,NJ-12,AWARD,D,DEFINITIVE CONTRACT,,,,,,,J,FIRM FIXED PRICE,SBIR PHASE I,,1,OT,OTHER FUNCTIONS,AD91,R&D- DEFENSE OTHER: OTHER (BASIC RESEARCH),H,NOT BUNDLED,C9E,ALL OTHERS NOT IDENTIFIABLE TO ANY OTHER PROCUREMENT PROGRAM,541715,"RESEARCH AND DEVELOPMENT IN THE PHYSICAL, ENGINEERING, AND LIFE SCIENCES (EXCEPT NANOTECHNOLOGY AND BIOTECHNOLOGY)",C,NO CLAUSES INCLUDED AND NO SUSTAINABILITY INCLUDED,A,U.S. OWNED BUSINESS,000,NONE,Z,NOT IT PRODUCTS OR SERVICES,E,NOT REQUIRED,USA,UNITED STATES,C,NOT A MANUFACTURED END PRODUCT,B,PLAN NOT REQUIRED,D,FULL AND OPEN COMPETITION AFTER EXCLUSION OF SOURCES,NP,NEGOTIATED PROPOSAL/QUOTE,SBA,SMALL BUSINESS SET ASIDE - TOTAL,NONE,NO PREFERENCE USED,SR1,SMALL BUSINESS INNOVATION RESEARCH PROGRAM PHASE I ACTION,,,,,17,D,COMMERCIAL ITEM PROCEDURES NOT USED,f,N,NO,N,NO,X,NOT APPLICABLE,N,NO,0.00,N,NO,X,NOT APPLICABLE,X,NOT APPLICABLE,X,NOT APPLICABLE,X,NOT APPLICABLE,,,,,,,,NONE,NONE,N,NO,X,NOT APPLICABLE EXEMPT FROM CAS,N,TRANSACTION DOES NOT USE GFE/GFP,U,UNKNOWN,D,NOT CONSOLIDATED,N,NO - SERVICE WHERE PBA IS NOT USED.,N,NO,Z,NOT APPLICABLE,N,NO,X,NOT APPLICABLE,f,f,f,f,f,f,f,t,t,f,f,f,f,f,f,f,f,f,f,SMALL BUSINESS,S,f,f,f,f,f,f,f,f,f,f,f,f,f,f,f,f,f,CORPORATE NOT TAX EXEMPT,t,f,f,f,f,f,f,f,f,f,f,f,f,f,f,f,f,t,f,f,f,f,f,f,f,t,f,f,t,f,f,f,f,f,f,f,f,f,f,f,f,f,f,f,f,f,f,f,f,f,,,,,,,,,,,https://www.usaspending.gov/award/CONT_AWD_N6833520C0610_9700_-NONE-_-NONE-/,2021-04-21 09:41:17+00
CONT_AWD_N6833520C0618_9700_-NONE-_-NONE-,N6833520C0618,,,,Q: Not Designated Nonemergency/Emergency/Disaster/Wildfire Suppression,,,,,239945.00,0.00,239945.00,239945.00,2020-06-05,2020,2021-04-21,2021,2020-06-05,2021-10-20,2021-10-20 00:00:00,,,097,Department of Defense,1700,Department of the Navy,N68335,NAVAIR WARFARE CTR AIRCRAFT DIV,097,Department of Defense,1700,Department of the Navy,N00421,NAVAL AIR WARFARE CENTER AIR DIV,017-2020/2021-1319-000,017-1319,25.5: Research and development contracts,,X,NOT APPLICABLE,,,DUQKMDGAMAK3,791144970,PROGRAMS MANAGEMENT ANALYTICS & TECHNOLOGIES INC,"PROGRAMS MANAGEMENT ANALYTICS & TECHNOLOGIES, INC.",,4T2K3,DUQKMDGAMAK3,791144970,PROGRAMS MANAGEMENT ANALYTICS & TECHNOLOGIES INC,PROGRAMS MANAGEMENT ANALYTICS & TECHNOLOGIES/PMAT  LLC,USA,UNITED STATES,1348 BAYONNE ST,,NORFOLK,51710,NORFOLK (CITY),51,VA,VIRGINIA,235053065,VA-02,VA-03,7579710956,6197952658,USA,UNITED STATES,NORFOLK,51710,NORFOLK CITY,51,VA,VIRGINIA,235053065,VA-02,VA-03,AWARD,D,DEFINITIVE CONTRACT,,,,,,,J,FIRM FIXED PRICE,SBIR PH 1,,1,OT,OTHER FUNCTIONS,AD91,R&D- DEFENSE OTHER: OTHER (BASIC RESEARCH),H,NOT BUNDLED,C9E,ALL OTHERS NOT IDENTIFIABLE TO ANY OTHER PROCUREMENT PROGRAM,541715,"RESEARCH AND DEVELOPMENT IN THE PHYSICAL, ENGINEERING, AND LIFE SCIENCES (EXCEPT NANOTECHNOLOGY AND BIOTECHNOLOGY)",C,NO CLAUSES INCLUDED AND NO SUSTAINABILITY INCLUDED,A,U.S. OWNED BUSINESS,000,NONE,Z,NOT IT PRODUCTS OR SERVICES,E,NOT REQUIRED,USA,UNITED STATES,C,NOT A MANUFACTURED END PRODUCT,B,PLAN NOT REQUIRED,D,FULL AND OPEN COMPETITION AFTER EXCLUSION OF SOURCES,NP,NEGOTIATED PROPOSAL/QUOTE,SBA,SMALL BUSINESS SET ASIDE - TOTAL,NONE,NO PREFERENCE USED,SR1,SMALL BUSINESS INNOVATION RESEARCH PROGRAM PHASE I ACTION,,,,,1,D,COMMERCIAL ITEM PROCEDURES NOT USED,f,N,NO,N,NO,X,NOT APPLICABLE,N,NO,0.00,N,NO,X,NOT APPLICABLE,X,NOT APPLICABLE,X,NOT APPLICABLE,X,NOT APPLICABLE,,,,,,,,NONE,NONE,N,NO,X,NOT APPLICABLE EXEMPT FROM CAS,N,TRANSACTION DOES NOT USE GFE/GFP,N,NO,D,NOT CONSOLIDATED,N,NO - SERVICE WHERE PBA IS NOT USED.,N,NO,Z,NOT APPLICABLE,N,NO,X,NOT APPLICABLE,f,f,f,f,f,f,f,f,f,f,f,f,f,f,f,f,f,f,f,SMALL BUSINESS,S,f,f,f,f,f,f,f,f,f,f,f,f,f,f,f,f,f,CORPORATE NOT TAX EXEMPT,t,f,f,f,f,f,f,f,f,f,f,f,f,f,f,f,f,t,f,f,f,f,f,f,f,t,f,f,t,f,f,f,f,f,f,f,f,f,f,f,f,f,f,f,f,f,f,f,f,f,,,,,,,,,,,https://www.usaspending.gov/award/CONT_AWD_N6833520C0618_9700_-NONE-_-NONE-/,2021-04-21 09:11:24+00
CONT_AWD_N6833520C0649_9700_-NONE-_-NONE-,N6833520C0649,,,,Q: Not Designated Nonemergency/Emergency/Disaster/Wildfire Suppression,,,,,239623.00,0.00,239623.00,239623.00,2020-06-17,2020,2021-04-19,2021,2020-06-17,2021-10-08,2021-10-08 00:00:00,,,097,Department of Defense,1700,Department of the Navy,N68335,NAVAIR WARFARE CTR AIRCRAFT DIV,097,Department of Defense,1700,Department of the Navy,N64498,NSWC PHILADELPHIA DIV,017-2020/2021-1319-000,017-1319,25.5: Research and development contracts,,X,NOT APPLICABLE,,,CA6KHVAFESK4,185904497,AMERICAN SUPERCONDUCTOR CORP,AMERICAN SUPERCONDUCTOR CORPORATION,,0D9R0,CA6KHVAFESK4,185904497,AMERICAN SUPERCONDUCTOR CORP,AMERICAN SUPERCONDUCTOR CORPORATION,USA,UNITED STATES,114 E MAIN ST,,AYER,25017,MIDDLESEX,25,MA,MASSACHUSETTS,014321832,MA-03,MA-03,9787272908,9788423530,USA,UNITED STATES,AYER,25017,MIDDLESEX,25,MA,MASSACHUSETTS,014321111,MA-03,MA-03,AWARD,D,DEFINITIVE CONTRACT,,,,,,,J,FIRM FIXED PRICE,RESEARCH AND DEVELOPMENT.,,1,OT,OTHER FUNCTIONS,AC31,NATIONAL DEFENSE R&D SERVICES; DEFENSE-RELATED ACTIVITIES; BASIC RESEARCH,H,NOT BUNDLED,C9E,ALL OTHERS NOT IDENTIFIABLE TO ANY OTHER PROCUREMENT PROGRAM,541715,"RESEARCH AND DEVELOPMENT IN THE PHYSICAL, ENGINEERING, AND LIFE SCIENCES (EXCEPT NANOTECHNOLOGY AND BIOTECHNOLOGY)",C,NO CLAUSES INCLUDED AND NO SUSTAINABILITY INCLUDED,A,U.S. OWNED BUSINESS,000,NONE,Z,NOT IT PRODUCTS OR SERVICES,E,NOT REQUIRED,USA,UNITED STATES,C,NOT A MANUFACTURED END PRODUCT,B,PLAN NOT REQUIRED,D,FULL AND OPEN COMPETITION AFTER EXCLUSION OF SOURCES,NP,NEGOTIATED PROPOSAL/QUOTE,SBA,SMALL BUSINESS SET ASIDE - TOTAL,NONE,NO PREFERENCE USED,SR1,SMALL BUSINESS INNOVATION RESEARCH PROGRAM PHASE I ACTION,,,,,7,D,COMMERCIAL ITEM PROCEDURES NOT USED,f,N,NO,N,NO,X,NOT APPLICABLE,N,NO,0.00,N,NO,X,NOT APPLICABLE,X,NOT APPLICABLE,X,NOT APPLICABLE,X,NOT APPLICABLE,,,,,,,,NONE,NONE,N,NO,X,NOT APPLICABLE EXEMPT FROM CAS,N,TRANSACTION DOES NOT USE GFE/GFP,U,UNKNOWN,D,NOT CONSOLIDATED,N,NO - SERVICE WHERE PBA IS NOT USED.,N,NO,Z,NOT APPLICABLE,N,NO,X,NOT APPLICABLE,f,f,f,f,f,f,f,f,f,f,f,f,f,f,f,f,f,f,f,SMALL BUSINESS,S,f,f,f,f,f,f,f,f,f,f,f,f,f,f,f,f,f,CORPORATE NOT TAX EXEMPT,t,f,f,f,f,f,f,f,f,f,f,f,t,f,f,f,f,t,f,f,f,f,f,f,f,f,f,f,t,f,f,f,f,f,f,f,f,f,f,f,f,f,f,f,f,f,f,f,f,f,,,,,,,,,,,https://www.usaspending.gov/award/CONT_AWD_N6833520C0649_9700_-NONE-_-NONE-/,2021-04-19 16:05:40+00
CONT_AWD_N6833520C0739_9700_-NONE-_-NONE-,N6833520C0739,,,,Q: Not Designated Nonemergency/Emergency/Disaster/Wildfire Suppression,,,,,239848.00,0.00,239848.00,239848.00,2020-06-26,2020,2021-04-19,2021,2020-06-26,2021-10-08,2021-10-08 00:00:00,,,097,Department of Defense,1700,Department of the Navy,N68335,NAVAIR WARFARE CTR AIRCRAFT DIV,097,Department of Defense,1700,Department of the Navy,N00024,NAVSEA HQ,017-2020/2021-1319-000,017-1319,25.5: Research and development contracts,,X,NOT APPLICABLE,,,QEHMNH93DYH6,606926769,"INNOVATIVE DEFENSE TECHNOLOGIES, LLC","INNOVATIVE DEFENSE TECHNOLOGIES, LLC",,466K1,QEHMNH93DYH6,606926769,"INNOVATIVE DEFENSE TECHNOLOGIES, LLC",INNOVATIVE DEFENSE TECHNOLOGIES  LLC,USA,UNITED STATES,4401 WILSON BLVD STE 810,,ARLINGTON,51013,ARLINGTON,51,VA,VIRGINIA,222034195,VA-08,VA-08,7038070055,7038070072,USA,UNITED STATES,ARLINGTON,51013,ARLINGTON,51,VA,VIRGINIA,222034195,VA-08,VA-08,AWARD,D,DEFINITIVE CONTRACT,,,,,,,J,FIRM FIXED PRICE,RESEARCH AND DEVELOPMENT,,1,OT,OTHER FUNCTIONS,AC31,NATIONAL DEFENSE R&D SERVICES; DEFENSE-RELATED ACTIVITIES; BASIC RESEARCH,H,NOT BUNDLED,C9E,ALL OTHERS NOT IDENTIFIABLE TO ANY OTHER PROCUREMENT PROGRAM,541715,"RESEARCH AND DEVELOPMENT IN THE PHYSICAL, ENGINEERING, AND LIFE SCIENCES (EXCEPT NANOTECHNOLOGY AND BIOTECHNOLOGY)",C,NO CLAUSES INCLUDED AND NO SUSTAINABILITY INCLUDED,A,U.S. OWNED BUSINESS,000,NONE,Z,NOT IT PRODUCTS OR SERVICES,E,NOT REQUIRED,USA,UNITED STATES,C,NOT A MANUFACTURED END PRODUCT,B,PLAN NOT REQUIRED,D,FULL AND OPEN COMPETITION AFTER EXCLUSION OF SOURCES,NP,NEGOTIATED PROPOSAL/QUOTE,SBA,SMALL BUSINESS SET ASIDE - TOTAL,NONE,NO PREFERENCE USED,SR1,SMALL BUSINESS INNOVATION RESEARCH PROGRAM PHASE I ACTION,,,,,21,D,COMMERCIAL ITEM PROCEDURES NOT USED,f,N,NO,N,NO,X,NOT APPLICABLE,N,NO,0.00,N,NO,X,NOT APPLICABLE,X,NOT APPLICABLE,X,NOT APPLICABLE,X,NOT APPLICABLE,,,,,,,,NONE,NONE,N,NO,X,NOT APPLICABLE EXEMPT FROM CAS,N,TRANSACTION DOES NOT USE GFE/GFP,U,UNKNOWN,D,NOT CONSOLIDATED,N,NO - SERVICE WHERE PBA IS NOT USED.,N,NO,Z,NOT APPLICABLE,N,NO,X,NOT APPLICABLE,f,f,f,f,f,f,f,f,f,f,f,f,f,f,f,f,f,f,f,SMALL BUSINESS,S,f,f,f,f,f,f,f,f,f,f,f,f,f,f,f,f,f,PARTNERSHIP,f,f,t,f,f,f,f,f,f,f,f,f,f,f,f,f,f,t,f,f,f,f,f,f,f,f,f,f,t,f,f,f,f,f,f,f,f,f,f,f,f,f,f,f,f,f,f,f,f,f,BERNARD  GAUF,555000.00,DAVE  PONTICELLO,489453.00,VINNY  VALLARINE,324851.00,SHAWN  KLINE,319776.00,SCOTT  BINDAS,317516.00,https://www.usaspending.gov/award/CONT_AWD_N6833520C0739_9700_-NONE-_-NONE-/,2021-04-19 16:20:35+00
CONT_AWD_N6833520C0975_9700_-NONE-_-NONE-,N6833520C0975,,,,Q: Not Designated Nonemergency/Emergency/Disaster/Wildfire Suppression,,,,,239838.00,0.00,239838.00,239838.00,2020-09-16,2020,2021-04-22,2021,2020-09-16,2021-10-22,2021-10-22 00:00:00,,,097,Department of Defense,1700,Department of the Navy,N68335,NAVAIR WARFARE CTR AIRCRAFT DIV,097,Department of Defense,1700,Department of the Navy,N00421,NAVAL AIR WARFARE CENTER AIR DIV,017-2020/2021-1319-000,017-1319,25.5: Research and development contracts,OPTN: FIELD IS OPTIONAL PRIOR TO FY21,X,NOT APPLICABLE,,,J8QABR1KQD81,,"PERCEPTIVE INNOVATIONS, INC.","PERCEPTIVE INNOVATIONS, INC.",,7BHR1,J8QABR1KQD81,,"PERCEPTIVE INNOVATIONS, INC.",PERCEPTIVE INNOVATIONS  INC.,USA,UNITED STATES,42486 MERIDIAN HILL DR,,ASHBURN,51107,LOUDOUN,51,VA,VIRGINIA,201485660,VA-10,VA-10,7037856857,,USA,UNITED STATES,ASHBURN,51107,LOUDOUN,51,VA,VIRGINIA,201485660,VA-10,VA-10,AWARD,D,DEFINITIVE CONTRACT,,,,,,,J,FIRM FIXED PRICE,SBIR PH 1,,1,OT,OTHER FUNCTIONS,AD91,R&D- DEFENSE OTHER: OTHER (BASIC RESEARCH),H,NOT BUNDLED,C9E,ALL OTHERS NOT IDENTIFIABLE TO ANY OTHER PROCUREMENT PROGRAM,541715,"RESEARCH AND DEVELOPMENT IN THE PHYSICAL, ENGINEERING, AND LIFE SCIENCES (EXCEPT NANOTECHNOLOGY AND BIOTECHNOLOGY)",C,NO CLAUSES INCLUDED AND NO SUSTAINABILITY INCLUDED,A,U.S. OWNED BUSINESS,000,NONE,Z,NOT IT PRODUCTS OR SERVICES,E,NOT REQUIRED,USA,UNITED STATES,C,NOT A MANUFACTURED END PRODUCT,B,PLAN NOT REQUIRED,D,FULL AND OPEN COMPETITION AFTER EXCLUSION OF SOURCES,NP,NEGOTIATED PROPOSAL/QUOTE,SBA,SMALL BUSINESS SET ASIDE - TOTAL,NONE,NO PREFERENCE USED,SR1,SMALL BUSINESS INNOVATION RESEARCH PROGRAM PHASE I ACTION,,,,,13,D,COMMERCIAL ITEM PROCEDURES NOT USED,f,N,NO,N,NO,X,NOT APPLICABLE,N,NO,0.00,N,NO,X,NOT APPLICABLE,X,NOT APPLICABLE,X,NOT APPLICABLE,X,NOT APPLICABLE,,,,,,,,NONE,NONE,N,NO,X,NOT APPLICABLE EXEMPT FROM CAS,N,TRANSACTION DOES NOT USE GFE/GFP,N,NO,D,NOT CONSOLIDATED,N,NO - SERVICE WHERE PBA IS NOT USED.,N,NO,Z,NOT APPLICABLE,N,NO,X,NOT APPLICABLE,f,f,f,f,f,f,f,f,f,f,f,f,f,f,f,f,f,f,f,SMALL BUSINESS,S,f,f,f,f,f,f,f,f,f,f,f,f,f,f,f,f,f,CORPORATE NOT TAX EXEMPT,t,f,f,f,f,f,f,f,f,f,f,f,f,f,f,f,f,t,f,f,f,f,f,f,f,t,f,f,t,f,f,f,f,f,f,f,f,f,f,f,f,f,f,f,f,f,f,f,f,f,,,,,,,,,,,https://www.usaspending.gov/award/CONT_AWD_N6833520C0975_9700_-NONE-_-NONE-/,2022-07-27 16:05:40+00
CONT_AWD_N6833521C0354_9700_-NONE-_-NONE-,N6833521C0354,,,,,,,,,265589.22,,265589.22,265589.22,2021-04-20,2021,2021-04-20,2021,2021-04-20,2021-08-18,2021-08-18 00:00:00,,2021-02-10,097,Department of Defense,1700,Department of the Navy,N68335,NAVAIR WARFARE CTR AIRCRAFT DIV,097,Department of Defense,1700,Department of the Navy,N68335,NAVAIR WARFARE CTR AIRCRAFT DIV,,,,,X,NOT APPLICABLE,,,QK6YV91AQ3E7,,WISECOM TECHNOLOGIES INC,WISECOM TECHNOLOGIES INC,,88KZ6,QK6YV91AQ3E7,,WISECOM TECHNOLOGIES INC,WISECOM TECHNOLOGIES INC,USA,UNITED STATES,4500 FORBES BLVD #200-W14,,LANHAM,24033,PRINCE GEORGE'S,24,MD,MARYLAND,207066312,MD-04,MD-04,3017502045,,USA,UNITED STATES,LANHAM,24033,PRINCE GEORGES,24,MD,MARYLAND,207066312,MD-04,MD-04,AWARD,D,DEFINITIVE CONTRACT,,,,,,,J,FIRM FIXED PRICE,"CANNON PLUG, SMALL",N6833521R1296,1,,,5935,"CONNECTORS, ELECTRICAL",H,NOT BUNDLED,C9E,ALL OTHERS NOT IDENTIFIABLE TO ANY OTHER PROCUREMENT PROGRAM,335999,ALL OTHER MISCELLANEOUS ELECTRICAL EQUIPMENT AND COMPONENT MANUFACTURING,C,NO CLAUSES INCLUDED AND NO SUSTAINABILITY INCLUDED,A,U.S. OWNED BUSINESS,000,NONE,Z,NOT IT PRODUCTS OR SERVICES,A,MEETS REQUIREMENTS,USA,UNITED STATES,D,MFG IN U.S.,B,PLAN NOT REQUIRED,F,COMPETED UNDER SAP,SP1,SIMPLIFIED ACQUISITION,SBA,SMALL BUSINESS SET ASIDE - TOTAL,NONE,NO PREFERENCE USED,,,,,,,5,A,COMMERCIAL ITEM,f,N,NO,N,NO,Y,YES,N,NO,0.00,N,NO,X,NOT APPLICABLE,X,NOT APPLICABLE,X,NOT APPLICABLE,X,NOT APPLICABLE,,,,,,,,NONE,NONE,N,NO,X,NOT APPLICABLE EXEMPT FROM CAS,N,TRANSACTION DOES NOT USE GFE/GFP,U,UNKNOWN,D,NOT CONSOLIDATED,X,NOT APPLICABLE,N,NO,Z,NOT APPLICABLE,N,NO,C,"PRESIDENTIAL ISSUED EMERGENCY DECLARATION, OR A MAJOR DISASTER DECLARATION",f,f,f,f,f,f,f,f,f,f,f,f,t,t,f,f,f,f,f,SMALL BUSINESS,S,f,f,f,f,f,f,f,f,f,f,f,f,f,f,f,f,f,CORPORATE NOT TAX EXEMPT,t,f,f,f,f,f,f,f,f,f,f,f,f,f,f,f,f,t,f,f,f,f,f,f,f,f,f,f,t,f,f,f,f,f,f,f,f,f,f,f,f,f,f,f,f,t,f,f,f,f,,,,,,,,,,,https://www.usaspending.gov/award/CONT_AWD_N6833521C0354_9700_-NONE-_-NONE-/,2023-06-08 11:54:34+00
CONT_AWD_N6833521C0382_9700_-NONE-_-NONE-,N6833521C0382,,,,,,,,,12397.95,,12397.95,12397.95,2021-04-21,2021,2021-04-21,2021,2021-04-21,2021-07-28,2021-07-28 00:00:00,,,097,Department of Defense,1700,Department of the Navy,N68335,NAVAIR WARFARE CTR AIRCRAFT DIV,097,Department of Defense,1700,Department of the Navy,N3555A,NAVAL AIR WARFARE CTR AIRCRAFT DIV,,,,,B,FOREIGN FUNDS NON-FMS,,,LHSBQKG97P89,,"INDUSTRIES FOR THE BLIND AND VISUALLY IMPAIRED, INC.","INDUSTRIES FOR THE BLIND AND VISUALLY IMPAIRED, INC.",,9U362,LHSBQKG97P89,,"INDUSTRIES FOR THE BLIND AND VISUALLY IMPAIRED, INC.",INDUSTRIES FOR THE BLIND  INC.,USA,UNITED STATES,445 S CURTIS RD,,WEST ALLIS,55079,MILWAUKEE,55,WI,WISCONSIN,532141016,WI-05,WI-05,4147783055,4147783041,USA,UNITED STATES,MILWAUKEE,55079,MILWAUKEE,55,WI,WISCONSIN,532141016,WI-05,WI-05,AWARD,D,DEFINITIVE CONTRACT,,,,,,,J,FIRM FIXED PRICE,"CONNECTOR, 6 PIN AUDIO",,1,,,5999,MISCELLANEOUS ELECTRICAL AND ELECTRONIC COMPONENTS,H,NOT BUNDLED,C9E,ALL OTHERS NOT IDENTIFIABLE TO ANY OTHER PROCUREMENT PROGRAM,493110,GENERAL WAREHOUSING AND STORAGE,C,NO CLAUSES INCLUDED AND NO SUSTAINABILITY INCLUDED,A,U.S. OWNED BUSINESS,000,NONE,Z,NOT IT PRODUCTS OR SERVICES,A,MEETS REQUIREMENTS,USA,UNITED STATES,D,MFG IN U.S.,B,PLAN NOT REQUIRED,C,NOT COMPETED,SSS,ONLY ONE SOURCE,NONE,NO SET ASIDE USED.,NONE,NO PREFERENCE USED,,,,,ONE,ONLY ONE SOURCE-OTHER (FAR 6.302-1 OTHER),1,D,COMMERCIAL ITEM PROCEDURES NOT USED,f,N,NO,N,NO,X,NOT APPLICABLE,N,NO,0.00,N,NO,X,NOT APPLICABLE,X,NOT APPLICABLE,X,NOT APPLICABLE,X,NOT APPLICABLE,,,,,,,,NONE,NONE,N,NO,X,NOT APPLICABLE EXEMPT FROM CAS,N,TRANSACTION DOES NOT USE GFE/GFP,U,UNKNOWN,D,NOT CONSOLIDATED,X,NOT APPLICABLE,N,NO,Z,NOT APPLICABLE,N,NO,X,NOT APPLICABLE,f,f,f,f,f,f,f,f,f,f,f,f,f,f,f,f,f,f,f,OTHER THAN SMALL BUSINESS,O,f,f,f,f,f,f,f,f,f,f,f,f,f,f,f,f,f,CORPORATE TAX EXEMPT,f,t,f,f,f,f,f,f,f,f,f,f,t,f,f,f,f,t,f,f,f,f,f,f,f,f,f,f,f,t,f,t,f,f,f,f,f,f,f,f,f,f,f,f,f,f,f,f,f,f,,,,,,,,,,,https://www.usaspending.gov/award/CONT_AWD_N6833521C0382_9700_-NONE-_-NONE-/,2023-06-08 11:54:44+00
CONT_AWD_N6833521C0406_9700_-NONE-_-NONE-,N6833521C0406,,,,,,,,,82134.34,,82134.34,82134.34,2021-04-22,2021,2021-04-22,2021,2021-04-22,2021-09-29,2021-09-29 00:00:00,,,097,Department of Defense,1700,Department of the Navy,N68335,NAVAIR WARFARE CTR AIRCRAFT DIV,097,Department of Defense,1700,Department of the Navy,N3555A,NAVAL AIR WARFARE CTR AIRCRAFT DIV,,,,,X,NOT APPLICABLE,,,LHSBQKG97P89,,"INDUSTRIES FOR THE BLIND AND VISUALLY IMPAIRED, INC.","INDUSTRIES FOR THE BLIND AND VISUALLY IMPAIRED, INC.",,9U362,LHSBQKG97P89,,"INDUSTRIES FOR THE BLIND AND VISUALLY IMPAIRED, INC.",INDUSTRIES FOR THE BLIND  INC.,USA,UNITED STATES,445 S CURTIS RD,,WEST ALLIS,55079,MILWAUKEE,55,WI,WISCONSIN,532141016,WI-05,WI-05,4147783055,4147783041,USA,UNITED STATES,MILWAUKEE,55079,MILWAUKEE,55,WI,WISCONSIN,532141016,WI-05,WI-05,AWARD,D,DEFINITIVE CONTRACT,,,,,,,J,FIRM FIXED PRICE,COLOR DISPLAY,,1,,,5340,"HARDWARE, COMMERCIAL",H,NOT BUNDLED,C9E,ALL OTHERS NOT IDENTIFIABLE TO ANY OTHER PROCUREMENT PROGRAM,493110,GENERAL WAREHOUSING AND STORAGE,C,NO CLAUSES INCLUDED AND NO SUSTAINABILITY INCLUDED,A,U.S. OWNED BUSINESS,000,NONE,Z,NOT IT PRODUCTS OR SERVICES,A,MEETS REQUIREMENTS,USA,UNITED STATES,D,MFG IN U.S.,B,PLAN NOT REQUIRED,C,NOT COMPETED,SSS,ONLY ONE SOURCE,NONE,NO SET ASIDE USED.,NONE,NO PREFERENCE USED,,,,,ONE,ONLY ONE SOURCE-OTHER (FAR 6.302-1 OTHER),1,D,COMMERCIAL ITEM PROCEDURES NOT USED,f,N,NO,N,NO,X,NOT APPLICABLE,N,NO,0.00,N,NO,X,NOT APPLICABLE,X,NOT APPLICABLE,X,NOT APPLICABLE,X,NOT APPLICABLE,,,,,,,,NONE,NONE,N,NO,X,NOT APPLICABLE EXEMPT FROM CAS,N,TRANSACTION DOES NOT USE GFE/GFP,U,UNKNOWN,D,NOT CONSOLIDATED,X,NOT APPLICABLE,N,NO,Z,NOT APPLICABLE,N,NO,X,NOT APPLICABLE,f,f,f,f,f,f,f,f,f,f,f,f,f,f,f,f,f,f,f,OTHER THAN SMALL BUSINESS,O,f,f,f,f,f,f,f,f,f,f,f,f,f,f,f,f,f,CORPORATE TAX EXEMPT,f,t,f,f,f,f,f,f,f,f,f,f,t,f,f,f,f,t,f,f,f,f,f,f,f,f,f,f,f,t,f,t,f,f,f,f,f,f,f,f,f,f,f,f,f,f,f,f,f,f,,,,,,,,,,,https://www.usaspending.gov/award/CONT_AWD_N6833521C0406_9700_-NONE-_-NONE-/,2023-06-09 12:58:28+00
CONT_AWD_N6893617C0066_9700_-NONE-_-NONE-,N6893617C0066,,,,,,,,,982951.00,0.00,982951.00,982951.00,2017-09-21,2017,2021-04-19,2021,2017-09-21,2021-10-23,2021-10-23 00:00:00,,,097,Department of Defense,1700,Department of the Navy,N68936,NAVAL AIR WARFARE CENTER,097,Department of Defense,1700,Department of the Navy,N68936,NAVAL AIR WARFARE CENTER,017-2016/2017-1319-000;017-2018/2019-1319-000,017-1319,25.5: Research and development contracts,,X,NOT APPLICABLE,,,RHGSJAGCFK95,,"MAYFLOWER COMMUNICATIONS COMPANY, INC.","MAYFLOWER COMMUNICATIONS COMPANY, INC.",,39365,RHGSJAGCFK95,,"MAYFLOWER COMMUNICATIONS COMPANY, INC.",MAYFLOWER COMMUNICATIONS COMPANY  INC.,USA,UNITED STATES,11 OAK PARK DR STE 200,,BEDFORD,25017,MIDDLESEX,25,MA,MASSACHUSETTS,017301413,MA-06,MA-06,7813599500,7813599744,USA,UNITED STATES,BEDFORD,25017,MIDDLESEX,25,MA,MASSACHUSETTS,017302601,MA-05,MA-05,AWARD,D,DEFINITIVE CONTRACT,,,,,,,U,COST PLUS FIXED FEE,"IGF::OT::IGF SBIR N161-002 ALTERNATIVE POSITIONING, NAVIGATION AND TIMING (PNT) TECHNOLOGIES FOR GLOBAL POSITIONING SYSTEM (GPS)-DEGRADED AND GPS-DENIED OPERATION",,1,OT,OTHER FUNCTIONS,AC62,R&D- DEFENSE SYSTEM: ELECTRONICS/COMMUNICATION EQUIPMENT (APPLIED RESEARCH/EXPLORATORY DEVELOPMENT),H,NOT BUNDLED,C9E,ALL OTHERS NOT IDENTIFIABLE TO ANY OTHER PROCUREMENT PROGRAM,541712,"RESEARCH AND DEVELOPMENT IN THE PHYSICAL, ENGINEERING, AND LIFE SCIENCES (EXCEPT BIOTECHNOLOGY)",C,NO CLAUSES INCLUDED AND NO SUSTAINABILITY INCLUDED,A,U.S. OWNED BUSINESS,000,NONE,Z,NOT IT PRODUCTS OR SERVICES,E,NOT REQUIRED,USA,UNITED STATES,C,NOT A MANUFACTURED END PRODUCT,B,PLAN NOT REQUIRED,D,FULL AND OPEN COMPETITION AFTER EXCLUSION OF SOURCES,NP,NEGOTIATED PROPOSAL/QUOTE,SBA,SMALL BUSINESS SET ASIDE - TOTAL,NONE,NO PREFERENCE USED,SR2,SMALL BUSINESS INNOVATION RESEARCH PROGRAM PHASE II ACTION,,,,,1,D,COMMERCIAL ITEM PROCEDURES NOT USED,f,N,NO,N,NO,X,NOT APPLICABLE,N,NO,0.00,N,NO,X,NOT APPLICABLE,X,NOT APPLICABLE,X,NOT APPLICABLE,X,NOT APPLICABLE,,,,,,,,NONE,NONE,Y,YES,X,NOT APPLICABLE EXEMPT FROM CAS,N,TRANSACTION DOES NOT USE GFE/GFP,U,UNKNOWN,D,NOT CONSOLIDATED,Y,YES - SERVICE WHERE PBA IS USED.,N,NO,E,COMMERCIAL FINANCING,N,NO,X,NOT APPLICABLE,f,f,f,f,f,f,f,f,f,f,f,f,f,f,f,f,f,f,f,SMALL BUSINESS,S,f,f,f,f,f,f,f,f,f,f,f,f,f,f,f,f,f,OTHER,f,f,f,f,f,f,f,f,f,f,f,f,f,f,f,f,f,t,f,f,f,f,f,f,f,t,f,f,t,f,f,f,f,f,f,f,f,f,f,f,f,f,f,f,f,f,f,f,f,f,,,,,,,,,,,https://www.usaspending.gov/award/CONT_AWD_N6893617C0066_9700_-NONE-_-NONE-/,2023-08-11 10:42:26+00
CONT_AWD_N6893619C0043_9700_-NONE-_-NONE-,N6893619C0043,,,,,,,,,1349285.00,,1349285.00,1349285.00,2019-09-27,2019,2021-04-19,2021,2019-09-27,2021-09-30,2021-09-30 00:00:00,,2019-08-13,097,Department of Defense,1700,Department of the Navy,N68936,NAVAL AIR WARFARE CENTER,097,Department of Defense,1700,Department of the Navy,N68936,NAVAL AIR WARFARE CENTER,,,,,X,NOT APPLICABLE,,,CHKKPGHNUYX1,056286347,VT MILCOM INC.,VT MILCOM INC.,,66257,NY2RNWDENUG7,050381243,THE JORDAN COMPANY L P,VT SERVICES INC.,USA,UNITED STATES,448 VIKING DR STE 350,,VIRGINIA BEACH,51810,VIRGINIA BEACH (CITY),51,VA,VIRGINIA,234527397,VA-02,VA-02,7572170752,,USA,UNITED STATES,VIRGINIA BEACH,51810,VIRGINIA BEACH CITY,51,VA,VIRGINIA,234527397,VA-02,VA-02,AWARD,D,DEFINITIVE CONTRACT,,,,,,,J,FIRM FIXED PRICE,IFG::OT::IFG - 2019 THREAT SURROGATE,N6893619R0034,1,OT,OTHER FUNCTIONS,5450,MISCELLANEOUS PREFABRICATED STRUCTURES,H,NOT BUNDLED,C9E,ALL OTHERS NOT IDENTIFIABLE TO ANY OTHER PROCUREMENT PROGRAM,332322,SHEET METAL WORK MANUFACTURING,C,NO CLAUSES INCLUDED AND NO SUSTAINABILITY INCLUDED,A,U.S. OWNED BUSINESS,000,NONE,Z,NOT IT PRODUCTS OR SERVICES,A,MEETS REQUIREMENTS,USA,UNITED STATES,D,MFG IN U.S.,B,PLAN NOT REQUIRED,A,FULL AND OPEN COMPETITION,NP,NEGOTIATED PROPOSAL/QUOTE,NONE,NO SET ASIDE USED.,NONE,NO PREFERENCE USED,,,,,,,1,A,COMMERCIAL ITEM,f,N,NO,N,NO,Y,YES,N,NO,0.00,N,NO,N,NO,N,NO,N,NO,X,NOT APPLICABLE,,,,,,,,NONE,NONE,N,NO,X,NOT APPLICABLE EXEMPT FROM CAS,N,TRANSACTION DOES NOT USE GFE/GFP,U,UNKNOWN,D,NOT CONSOLIDATED,X,NOT APPLICABLE,N,NO,Z,NOT APPLICABLE,N,NO,X,NOT APPLICABLE,f,f,f,f,f,f,f,f,f,f,f,f,f,f,f,f,f,f,f,OTHER THAN SMALL BUSINESS,O,f,f,f,f,f,f,f,f,f,f,f,f,f,f,f,f,f,CORPORATE NOT TAX EXEMPT,t,f,f,f,f,f,f,f,f,f,f,f,f,f,f,f,f,t,f,f,f,f,f,f,f,f,f,f,t,f,f,f,f,f,f,f,f,f,f,f,f,f,f,f,f,f,f,f,f,f,JUSTIN  BATEMAN,216735.00,JOHN  ZITNICK,205923.00,TIMOTHY  ARMSTRONG,205637.00,JEREMY  VAN FRANK,205404.00,DANIEL  TATARA,182233.00,https://www.usaspending.gov/award/CONT_AWD_N6893619C0043_9700_-NONE-_-NONE-/,2021-04-20 00:05:17+00
CONT_AWD_N6893620C0098_9700_-NONE-_-NONE-,N6893620C0098,,,,,,,,,12361897.74,,12361897.74,12361897.74,2020-09-08,2020,2021-04-20,2021,2020-09-08,2021-06-08,2021-06-08 00:00:00,,2020-06-04,097,Department of Defense,1700,Department of the Navy,N68936,NAVAL AIR WARFARE CENTER,097,Department of Defense,1700,Department of the Navy,N68936,NAVAL AIR WARFARE CENTER,,,,,X,NOT APPLICABLE,,,DELFURF6QSM5,113412712,ADAMO CONSTRUCTION INC,"ADAMO CONSTRUCTION, INC.",,0H6L6,DELFURF6QSM5,113412712,ADAMO CONSTRUCTION INC,ADAMO CONSTRUCTION INC,USA,UNITED STATES,11980 WOODSIDE AVE STE 1,,LAKESIDE,06073,SAN DIEGO,06,CA,CALIFORNIA,920402924,CA-50,CA-48,6193906706,6193908487,USA,UNITED STATES,RIDGECREST,06029,KERN,06,CA,CALIFORNIA,935558665,CA-23,CA-20,AWARD,D,DEFINITIVE CONTRACT,,,,,,,J,FIRM FIXED PRICE,FABRICATION,N6893620Q0176,1,,,5410,PREFABRICATED AND PORTABLE BUILDINGS,H,NOT BUNDLED,C9E,ALL OTHERS NOT IDENTIFIABLE TO ANY OTHER PROCUREMENT PROGRAM,332311,PREFABRICATED METAL BUILDING AND COMPONENT MANUFACTURING,C,NO CLAUSES INCLUDED AND NO SUSTAINABILITY INCLUDED,A,U.S. OWNED BUSINESS,000,NONE,Z,NOT IT PRODUCTS OR SERVICES,A,MEETS REQUIREMENTS,USA,UNITED STATES,D,MFG IN U.S.,B,PLAN NOT REQUIRED,C,NOT COMPETED,SSS,ONLY ONE SOURCE,NONE,NO SET ASIDE USED.,NONE,NO PREFERENCE USED,,,,,URG,URGENCY (FAR 6.302-2),1,A,COMMERCIAL ITEM,f,N,NO,N,NO,X,NOT APPLICABLE,N,NO,0.00,N,NO,X,NOT APPLICABLE,X,NOT APPLICABLE,X,NOT APPLICABLE,X,NOT APPLICABLE,,,,,,,,NONE,NONE,N,NO,X,NOT APPLICABLE EXEMPT FROM CAS,N,TRANSACTION DOES NOT USE GFE/GFP,U,UNKNOWN,D,NOT CONSOLIDATED,X,NOT APPLICABLE,N,NO,Z,NOT APPLICABLE,N,NO,X,NOT APPLICABLE,f,f,f,f,f,f,f,f,f,f,f,f,f,f,f,f,f,f,f,SMALL BUSINESS,S,f,f,f,f,f,f,f,f,f,f,f,f,f,f,f,f,f,CORPORATE NOT TAX EXEMPT,t,f,f,f,f,f,f,f,f,f,f,f,f,f,f,f,f,t,f,f,f,f,f,f,f,t,f,f,t,f,f,f,f,f,f,f,f,f,f,f,f,f,f,f,f,f,f,f,f,f,,,,,,,,,,,https://www.usaspending.gov/award/CONT_AWD_N6893620C0098_9700_-NONE-_-NONE-/,2021-04-20 14:14:30+00
CONT_AWD_N6945018C7224_9700_-NONE-_-NONE-,N6945018C7224,,,,Q: Not Designated Nonemergency/Emergency/Disaster/Wildfire Suppression,,,,,988316.50,0.00,988316.50,988316.50,2018-09-24,2018,2021-04-19,2021,2018-09-24,2021-04-30,2021-04-30 00:00:00,,2018-07-31,097,Department of Defense,1700,Department of the Navy,N69450,NAVFACSYSCOM SOUTHEAST,097,Department of Defense,1700,Department of the Navy,N69450,NAVFACSYSCOM SOUTHEAST,017-2018/2018-1804-000,017-1804,25.4: Operation and maintenance of facilities,0001: OPERATING FORCES,X,NOT APPLICABLE,,,CEG7BHZXSU75,013872574,"BARBER KLEIN CONTRACTORS, LLC","BAKER KLEIN ENGINEERING, P.L.",,5RAV0,CEG7BHZXSU75,013872574,"BARBER KLEIN CONTRACTORS, LLC",BAKER KLEIN ENGINEERING,USA,UNITED STATES,7254 GOLDEN WINGS ROAD STE 9,,JACKSONVILLE,12031,DUVAL,12,FL,FLORIDA,322443321,FL-05,FL-04,9045592643,,USA,UNITED STATES,JACKSONVILLE,12031,DUVAL,12,FL,FLORIDA,322280073,FL-04,FL-05,AWARD,D,DEFINITIVE CONTRACT,,,,,,,J,FIRM FIXED PRICE,SMALL CRAFT BOAT RAMP REPAIRS,N6945018R7224,1,OT,OTHER FUNCTIONS,Z2PZ,REPAIR OR ALTERATION OF OTHER NON-BUILDING FACILITIES,H,NOT BUNDLED,C2,CONSTRUCTION,236220,COMMERCIAL AND INSTITUTIONAL BUILDING CONSTRUCTION,C,NO CLAUSES INCLUDED AND NO SUSTAINABILITY INCLUDED,A,U.S. OWNED BUSINESS,000,NONE,Z,NOT IT PRODUCTS OR SERVICES,E,NOT REQUIRED,USA,UNITED STATES,C,NOT A MANUFACTURED END PRODUCT,B,PLAN NOT REQUIRED,B,NOT AVAILABLE FOR COMPETITION,SSS,ONLY ONE SOURCE,8AN,8(A) SOLE SOURCE,NONE,NO PREFERENCE USED,,,,,OTH,AUTHORIZED BY STATUTE (FAR 6.302-5(A)(2)(I)),1,D,COMMERCIAL ITEM PROCEDURES NOT USED,f,N,NO,N,NO,Y,YES,N,NO,0.00,N,NO,N,NO,N,NO,Y,YES,X,NOT APPLICABLE,,,,,,,,NONE,NONE,N,NO,Y,YES - CAS CLAUSE INCLUDED,N,TRANSACTION DOES NOT USE GFE/GFP,U,UNKNOWN,D,NOT CONSOLIDATED,Y,YES - SERVICE WHERE PBA IS USED.,N,NO,Z,NOT APPLICABLE,N,NO,X,NOT APPLICABLE,f,f,f,f,f,f,f,t,t,t,f,f,t,f,f,f,f,f,t,SMALL BUSINESS,S,f,f,f,f,f,f,f,f,f,f,f,f,f,f,f,f,f,CORPORATE NOT TAX EXEMPT,t,f,f,f,f,f,f,f,f,f,f,f,f,f,f,f,f,t,f,f,f,f,f,f,f,f,t,f,t,f,f,f,f,f,f,f,f,f,f,f,f,f,f,f,t,t,f,t,f,f,,,,,,,,,,,https://www.usaspending.gov/award/CONT_AWD_N6945018C7224_9700_-NONE-_-NONE-/,2021-04-19 14:14:06+00
CONT_AWD_N6945020C0048_9700_-NONE-_-NONE-,N6945020C0048,,,,Q: Not Designated Nonemergency/Emergency/Disaster/Wildfire Suppression,,,,,491065.97,0.00,491065.97,491065.97,2020-08-10,2020,2021-04-20,2021,2020-08-10,2021-06-20,2021-06-20 00:00:00,,2020-05-27,097,Department of Defense,1700,Department of the Navy,N69450,NAVFACSYSCOM SOUTHEAST,097,Department of Defense,1700,Department of the Navy,N60508,NAVAL AIR STATION WHITING FIELD,017-2020/2020-1804-000;017-2021/2021-1804-000,017-1804,25.4: Operation and maintenance of facilities,0001: OPERATING FORCES;OPTN: FIELD IS OPTIONAL PRIOR TO FY21,X,NOT APPLICABLE,,,YM4WJ89Q1NE6,,"DOMINGUEZ DESIGN-BUILD, INC",DOMINGUEZ DESIGN-BUILD INC,,6ZSX1,YM4WJ89Q1NE6,,"DOMINGUEZ DESIGN-BUILD, INC",DOMINGUEZ-GREEN INC,USA,UNITED STATES,4340 DEVEREUX DR,,PENSACOLA,12033,ESCAMBIA,12,FL,FLORIDA,325047814,FL-01,FL-01,8507769618,,USA,UNITED STATES,MILTON,12113,SANTA ROSA,12,FL,FLORIDA,325704509,FL-01,FL-01,AWARD,D,DEFINITIVE CONTRACT,,,,,,,J,FIRM FIXED PRICE,CDC IMPROVEMENTS NAS WHITING FIELD,N6945020R1526,1,OT,OTHER FUNCTIONS,Z1JZ,MAINTENANCE OF MISCELLANEOUS BUILDINGS,H,NOT BUNDLED,C2,CONSTRUCTION,236220,COMMERCIAL AND INSTITUTIONAL BUILDING CONSTRUCTION,C,NO CLAUSES INCLUDED AND NO SUSTAINABILITY INCLUDED,A,U.S. OWNED BUSINESS,000,NONE,Z,NOT IT PRODUCTS OR SERVICES,E,NOT REQUIRED,USA,UNITED STATES,C,NOT A MANUFACTURED END PRODUCT,B,PLAN NOT REQUIRED,B,NOT AVAILABLE FOR COMPETITION,SSS,ONLY ONE SOURCE,NONE,NO SET ASIDE USED.,NONE,NO PREFERENCE USED,,,,,OTH,AUTHORIZED BY STATUTE (FAR 6.302-5(A)(2)(I)),1,D,COMMERCIAL ITEM PROCEDURES NOT USED,f,N,NO,N,NO,Y,YES,N,NO,0.00,N,NO,N,NO,Y,YES,Y,YES,X,NOT APPLICABLE,,,,,,,,NONE,NONE,N,NO,Y,YES - CAS CLAUSE INCLUDED,N,TRANSACTION DOES NOT USE GFE/GFP,U,UNKNOWN,D,NOT CONSOLIDATED,N,NO - SERVICE WHERE PBA IS NOT USED.,N,NO,Z,NOT APPLICABLE,N,NO,X,NOT APPLICABLE,f,f,f,f,f,t,t,f,f,f,f,f,t,f,f,f,t,f,f,SMALL BUSINESS,S,f,f,f,f,f,f,f,f,f,f,f,f,f,f,f,f,f,CORPORATE NOT TAX EXEMPT,t,f,f,f,f,f,f,f,f,f,f,f,f,f,f,f,f,t,f,f,f,f,f,f,f,t,f,f,t,f,f,f,f,f,f,f,f,f,f,f,f,f,f,f,t,t,f,t,f,f,,,,,,,,,,,https://www.usaspending.gov/award/CONT_AWD_N6945020C0048_9700_-NONE-_-NONE-/,2025-04-22 16:50:17+00
CONT_AWD_SP060004C8265_9700_-NONE-_-NONE-,SP060004C8265,,,,Q: Not Designated Nonemergency/Emergency/Disaster/Wildfire Suppression,,,,,265567429.81,0.00,56360061.77,56360061.77,2004-06-22,2004,2021-04-22,2021,2004-06-22,2054-09-30,2054-09-30 00:00:00,,,097,Department of Defense,97AS,Defense Logistics Agency,SP0600,DLA  ENERGY,097,Department of Defense,2100,Department of the Army,W45C06,W6CL DPW FT BLISS,021-2014/2014-2020-000;021-2018/2018-2020-000;021-2019/2019-2020-000;021-2020/2020-2020-000;021-2021/2021-2020-000,021-2020,25.4: Operation and maintenance of facilities,0001: OPERATING FORCES,X,NOT APPLICABLE,,,TT1CSN5A74D7,073498326,AMERICAN STATES UTILITY SERVICES INC,AMERICAN STATES UTILITY SERVIC,,1XBA1,GA9QX62H16B8,023640589,OLD NORTH UTILITY SERVICES  INC.,AMERICAN STATES WATER COMPANY,USA,UNITED STATES,630 EAST FOOTHILL BLVD,,SAN DIMAS,06037,LOS ANGELES,06,CA,CALIFORNIA,91773,CA-32,CA-31,,,USA,UNITED STATES,FORT BLISS,48141,EL PASO,48,TX,TEXAS,799166812,TX-16,TX-16,AWARD,D,DEFINITIVE CONTRACT,,,,,,,A,FIXED PRICE REDETERMINATION,,,1,,,S112,UTILITIES- ELECTRIC,D,NOT A BUNDLED REQUIREMENT,S1,SERVICES,221310,WATER SUPPLY AND IRRIGATION SYSTEMS,C,NO CLAUSES INCLUDED AND NO SUSTAINABILITY INCLUDED,,,000,NONE,,,E,NOT REQUIRED,USA,UNITED STATES,C,NOT A MANUFACTURED END PRODUCT,C,PLAN REQUIRED - INCENTIVE NOT INCLUDED,A,FULL AND OPEN COMPETITION,NP,NEGOTIATED PROPOSAL/QUOTE,NONE,NO SET ASIDE USED.,NONE,NO PREFERENCE USED,,,,,,,2,D,COMMERCIAL ITEM PROCEDURES NOT USED,f,N,NO,N,NO,Y,YES,,,0.00,N,NO,X,NOT APPLICABLE,Y,YES,X,NOT APPLICABLE,X,NOT APPLICABLE,,,,,,,,NONE,NONE,N,NO,X,NOT APPLICABLE EXEMPT FROM CAS,N,TRANSACTION DOES NOT USE GFE/GFP,U,UNKNOWN,N,NO,N,NO - SERVICE WHERE PBA IS NOT USED.,N,NO,Z,NOT APPLICABLE,N,NO,X,NOT APPLICABLE,f,f,f,f,f,f,f,f,f,f,f,f,f,f,f,f,f,f,f,OTHER THAN SMALL BUSINESS,O,f,f,f,f,f,f,f,f,f,f,f,f,f,f,f,f,f,,f,f,f,f,f,f,f,f,f,f,f,f,f,f,f,f,f,f,f,f,f,f,f,f,f,f,f,f,f,f,f,f,f,f,f,f,f,f,f,f,f,f,f,f,f,f,f,f,f,f,,,,,,,,,,,https://www.usaspending.gov/award/CONT_AWD_SP060004C8265_9700_-NONE-_-NONE-/,2021-04-22 16:57:10+00
CONT_AWD_SPE4A519C0047_9700_-NONE-_-NONE-,SPE4A519C0047,,,,Q: Not Designated Nonemergency/Emergency/Disaster/Wildfire Suppression,,,,,544985.32,0.00,544985.32,544985.32,2019-04-04,2019,2021-04-21,2021,2019-04-04,2020-10-26,2020-10-26 00:00:00,,2019-01-28,097,Department of Defense,97AS,Defense Logistics Agency,SPE4A5,DLA AVIATION,097,Department of Defense,97AS,Defense Logistics Agency,SPE4A5,DLA AVIATION,097-X-4930-005,097-4930,26.0: Supplies and materials,0801: REIMBURSABLE,X,NOT APPLICABLE,,,GMLHMNMB79G9,155389224,"ONTIC ENGINEERING & MANUFACTURING, INC","ONTIC ENGINEERING AND MANUFACTURING, INC.",,45934,KS1DHJKB2V54,212078364,"STANDARDAERO AVIATION HOLDINGS, INC.",BBA AVIATION PLC,USA,UNITED STATES,20400 PLUMMER ST,,CHATSWORTH,06037,LOS ANGELES,06,CA,CALIFORNIA,913115371,CA-30,CA-32,8187252379,8186786618,USA,UNITED STATES,CHATSWORTH,06037,LOS ANGELES,06,CA,CALIFORNIA,913115371,CA-30,CA-32,AWARD,D,DEFINITIVE CONTRACT,,,,,,,J,FIRM FIXED PRICE,"8506417424!PISTON ASSY,SHOCK S",SPE4A519R0307,1,,,1620,AIRCRAFT LANDING GEAR COMPONENTS,H,NOT BUNDLED,A1B,AIRCRAFT ENGINES AND SPARES,336413,OTHER AIRCRAFT PARTS AND AUXILIARY EQUIPMENT MANUFACTURING,C,NO CLAUSES INCLUDED AND NO SUSTAINABILITY INCLUDED,A,U.S. OWNED BUSINESS,000,NONE,Z,NOT IT PRODUCTS OR SERVICES,E,NOT REQUIRED,USA,UNITED STATES,D,MFG IN U.S.,B,PLAN NOT REQUIRED,C,NOT COMPETED,SSS,ONLY ONE SOURCE,NONE,NO SET ASIDE USED.,NONE,NO PREFERENCE USED,,,,,ONE,ONLY ONE SOURCE-OTHER (FAR 6.302-1 OTHER),1,D,COMMERCIAL ITEM PROCEDURES NOT USED,f,N,NO,N,NO,Y,YES,N,NO,0.00,N,NO,X,NOT APPLICABLE,X,NOT APPLICABLE,X,NOT APPLICABLE,X,NOT APPLICABLE,,,,,,,,NONE,NONE,N,NO,X,NOT APPLICABLE EXEMPT FROM CAS,N,TRANSACTION DOES NOT USE GFE/GFP,U,UNKNOWN,D,NOT CONSOLIDATED,X,NOT APPLICABLE,N,NO,Z,NOT APPLICABLE,N,NO,X,NOT APPLICABLE,f,f,f,f,f,f,f,f,f,f,f,f,f,f,f,f,f,f,f,OTHER THAN SMALL BUSINESS,O,f,f,f,f,f,f,f,f,f,f,f,f,f,f,f,f,f,CORPORATE NOT TAX EXEMPT,t,f,f,f,f,f,f,f,f,f,f,f,t,f,f,f,f,t,f,f,f,f,f,f,f,f,f,f,t,f,f,f,f,f,f,f,f,f,f,f,f,f,f,f,f,f,f,f,f,f,,,,,,,,,,,https://www.usaspending.gov/award/CONT_AWD_SPE4A519C0047_9700_-NONE-_-NONE-/,2021-04-21 10:43:32+00
CONT_AWD_SPE4A620C0049_9700_-NONE-_-NONE-,SPE4A620C0049,,,,Q: Not Designated Nonemergency/Emergency/Disaster/Wildfire Suppression,,,,,1744992.00,0.00,1744992.00,1744992.00,2020-05-12,2020,2021-04-23,2021,2020-05-12,2021-07-31,2021-07-31 00:00:00,,2020-03-20,097,Department of Defense,97AS,Defense Logistics Agency,SPE4A6,DLA AVIATION,097,Department of Defense,97AS,Defense Logistics Agency,SPE4A6,DLA AVIATION,097-X-4930-005,097-4930,26.0: Supplies and materials,0801: REIMBURSABLE,X,NOT APPLICABLE,,,G1EVUT8EBLV1,,"TRANSAERO, INC.","TRANSAERO, INC.",,27541,G1EVUT8EBLV1,,"TRANSAERO, INC.",TRANSAERO  INC.,USA,UNITED STATES,35 MELVILLE PARK RD STE 100,,MELVILLE,36103,SUFFOLK,36,NY,NEW YORK,117473268,NY-03,NY-01,6317521240,6317521242,GBR,UNITED KINGDOM,,,,,,,117473268,,,AWARD,D,DEFINITIVE CONTRACT,,,,,,,J,FIRM FIXED PRICE,8507300164!CABLE ASSEMBLY SPEC,SPE4A620R0010,1,,,5995,"CABLE, CORD, AND WIRE ASSEMBLIES: COMMUNICATION EQUIPMENT",H,NOT BUNDLED,C9E,ALL OTHERS NOT IDENTIFIABLE TO ANY OTHER PROCUREMENT PROGRAM,335931,CURRENT-CARRYING WIRING DEVICE MANUFACTURING,C,NO CLAUSES INCLUDED AND NO SUSTAINABILITY INCLUDED,A,U.S. OWNED BUSINESS,000,NONE,Z,NOT IT PRODUCTS OR SERVICES,E,NOT REQUIRED,GBR,UNITED KINGDOM,L,MFG OUTSIDE U.S. - QUALIFYING COUNTRY (DOD ONLY),B,PLAN NOT REQUIRED,F,COMPETED UNDER SAP,SP1,SIMPLIFIED ACQUISITION,NONE,NO SET ASIDE USED.,NONE,NO PREFERENCE USED,,,,,,,1,D,COMMERCIAL ITEM PROCEDURES NOT USED,f,N,NO,N,NO,Y,YES,N,NO,,N,NO,X,NOT APPLICABLE,X,NOT APPLICABLE,X,NOT APPLICABLE,X,NOT APPLICABLE,,,,,,,,NONE,NONE,N,NO,X,NOT APPLICABLE EXEMPT FROM CAS,N,TRANSACTION DOES NOT USE GFE/GFP,U,UNKNOWN,D,NOT CONSOLIDATED,X,NOT APPLICABLE,N,NO,Z,NOT APPLICABLE,N,NO,X,NOT APPLICABLE,f,f,f,f,f,f,f,f,f,f,f,f,f,f,f,f,f,f,f,SMALL BUSINESS,S,f,f,f,f,f,f,f,f,f,f,f,f,f,f,f,f,f,CORPORATE NOT TAX EXEMPT,t,f,f,f,f,f,f,f,f,f,f,f,f,f,f,f,f,t,f,f,f,f,f,f,f,f,f,f,t,f,f,f,f,f,f,f,f,f,f,f,f,f,f,f,f,f,f,f,f,f,EMPLOYEE  A,595000.00,EMPLOYEE  B,391141.00,EMPLOYEE  C,258000.00,EMPLOYEE  D,188115.00,EMPLOYEE  C,162653.00,https://www.usaspending.gov/award/CONT_AWD_SPE4A620C0049_9700_-NONE-_-NONE-/,2025-04-22 16:50:17+00
CONT_AWD_SPE4A620C0070_9700_-NONE-_-NONE-,SPE4A620C0070,,,,Q: Not Designated Nonemergency/Emergency/Disaster/Wildfire Suppression,,,,,281725.30,0.00,281725.30,281725.30,2020-07-09,2020,2021-04-21,2021,2020-07-09,2021-11-30,2021-11-30 00:00:00,,2019-09-10,097,Department of Defense,97AS,Defense Logistics Agency,SPE4A6,DLA AVIATION,097,Department of Defense,97AS,Defense Logistics Agency,SPE4A6,DLA AVIATION,097-X-4930-005,097-4930,26.0: Supplies and materials,OPTN: FIELD IS OPTIONAL PRIOR TO FY21,X,NOT APPLICABLE,,,KJECUCLH7519,153573837,"KIT PACK, LLC","KIT PACK CO, INC",,30842,KJECUCLH7519,153573837,"KIT PACK, LLC",KIT PACK CO  INC,USA,UNITED STATES,285 E THORPE RD,,LAS CRUCES,35013,DOÑA ANA,35,NM,NEW MEXICO,880075866,NM-02,NM-02,5755263305,5755249664,USA,UNITED STATES,LAS CRUCES,35013,DONA ANA,35,NM,NEW MEXICO,880075866,NM-02,NM-02,AWARD,D,DEFINITIVE CONTRACT,,,,,,,J,FIRM FIXED PRICE,"8507472580!WIRING HARNESS,BRAN",SPE4A619R0599,1,,,6150,MISCELLANEOUS ELECTRIC POWER AND DISTRIBUTION EQUIPMENT,H,NOT BUNDLED,C9E,ALL OTHERS NOT IDENTIFIABLE TO ANY OTHER PROCUREMENT PROGRAM,334419,OTHER ELECTRONIC COMPONENT MANUFACTURING,C,NO CLAUSES INCLUDED AND NO SUSTAINABILITY INCLUDED,A,U.S. OWNED BUSINESS,000,NONE,Z,NOT IT PRODUCTS OR SERVICES,E,NOT REQUIRED,USA,UNITED STATES,D,MFG IN U.S.,B,PLAN NOT REQUIRED,F,COMPETED UNDER SAP,SP1,SIMPLIFIED ACQUISITION,SBA,SMALL BUSINESS SET ASIDE - TOTAL,NONE,NO PREFERENCE USED,,,,,,,1,D,COMMERCIAL ITEM PROCEDURES NOT USED,f,N,NO,N,NO,N,NO,N,NO,0.00,N,NO,Y,YES,X,NOT APPLICABLE,X,NOT APPLICABLE,X,NOT APPLICABLE,,,,,,,,NONE,NONE,N,NO,X,NOT APPLICABLE EXEMPT FROM CAS,N,TRANSACTION DOES NOT USE GFE/GFP,U,UNKNOWN,D,NOT CONSOLIDATED,X,NOT APPLICABLE,N,NO,Z,NOT APPLICABLE,N,NO,X,NOT APPLICABLE,f,f,f,f,f,t,f,f,f,f,f,f,f,f,f,f,f,f,f,SMALL BUSINESS,S,f,f,f,f,f,f,f,f,f,f,f,f,f,f,f,f,f,CORPORATE NOT TAX EXEMPT,t,f,f,f,f,f,f,f,f,f,f,f,t,f,f,f,f,t,f,f,f,f,f,f,f,t,f,f,t,f,f,f,f,f,f,f,f,f,f,f,f,f,f,f,f,f,f,f,f,f,,,,,,,,,,,https://www.usaspending.gov/award/CONT_AWD_SPE4A620C0070_9700_-NONE-_-NONE-/,2021-04-21 14:42:26+00
CONT_AWD_SPE4A621C0020_9700_-NONE-_-NONE-,SPE4A621C0020,,,,Q: Not Designated Nonemergency/Emergency/Disaster/Wildfire Suppression,,,,,1322100.00,0.00,1322100.00,1322100.00,2021-04-21,2021,2021-04-21,2021,2021-04-21,2021-12-31,2021-12-31 00:00:00,,2021-01-05,097,Department of Defense,97AS,Defense Logistics Agency,SPE4A6,DLA AVIATION,097,Department of Defense,97AS,Defense Logistics Agency,SPE4A6,DLA AVIATION,097-X-4930-005,097-4930,26.0: Supplies and materials,0801: REIMBURSABLE,X,NOT APPLICABLE,,,QQJBF62C9226,,"H C MERCHANDISERS, INC.","H C MERCHANDISERS, INC.",,53037,QQJBF62C9226,,"H C MERCHANDISERS, INC.",H C MERCHANDISERS  INC.,USA,UNITED STATES,5536 ONTARIO MILLS PARKWAY,,ONTARIO,06071,SAN BERNARDINO,06,CA,CALIFORNIA,917645145,CA-35,CA-35,9095980509,9095981411,USA,UNITED STATES,ONTARIO,06071,SAN BERNARDINO,06,CA,CALIFORNIA,917645145,CA-35,CA-35,AWARD,D,DEFINITIVE CONTRACT,,,,,,,J,FIRM FIXED PRICE,"8508118486!TRANSMITTER,POSITIO",SPE4A621R0093,1,,,6610,FLIGHT INSTRUMENTS,H,NOT BUNDLED,A1B,AIRCRAFT ENGINES AND SPARES,334511,"SEARCH, DETECTION, NAVIGATION, GUIDANCE, AERONAUTICAL, AND NAUTICAL SYSTEM AND INSTRUMENT MANUFACTURING",C,NO CLAUSES INCLUDED AND NO SUSTAINABILITY INCLUDED,A,U.S. OWNED BUSINESS,000,NONE,Z,NOT IT PRODUCTS OR SERVICES,E,NOT REQUIRED,USA,UNITED STATES,D,MFG IN U.S.,B,PLAN NOT REQUIRED,C,NOT COMPETED,SSS,ONLY ONE SOURCE,NONE,NO SET ASIDE USED.,NONE,NO PREFERENCE USED,,,,,ONE,ONLY ONE SOURCE-OTHER (FAR 6.302-1 OTHER),1,D,COMMERCIAL ITEM PROCEDURES NOT USED,f,N,NO,N,NO,Y,YES,N,NO,0.00,N,NO,Y,YES,X,NOT APPLICABLE,X,NOT APPLICABLE,X,NOT APPLICABLE,,,,,,,,NONE,NONE,N,NO,X,NOT APPLICABLE EXEMPT FROM CAS,N,TRANSACTION DOES NOT USE GFE/GFP,U,UNKNOWN,D,NOT CONSOLIDATED,X,NOT APPLICABLE,N,NO,Z,NOT APPLICABLE,N,NO,X,NOT APPLICABLE,f,f,f,f,f,f,f,t,t,f,f,f,f,f,f,f,f,f,f,SMALL BUSINESS,S,f,f,f,f,f,f,f,f,f,f,f,f,f,f,f,f,f,CORPORATE NOT TAX EXEMPT,t,f,f,f,f,f,f,f,f,f,f,f,f,f,f,f,f,t,f,f,f,f,f,f,f,f,f,f,t,f,f,f,f,f,f,f,f,f,f,f,f,f,f,f,f,f,f,f,f,f,,,,,,,,,,,https://www.usaspending.gov/award/CONT_AWD_SPE4A621C0020_9700_-NONE-_-NONE-/,2022-05-20 10:49:25+00
CONT_AWD_SPE4A717C0132_9700_-NONE-_-NONE-,SPE4A717C0132,,,,Q: Not Designated Nonemergency/Emergency/Disaster/Wildfire Suppression,,,,,362516.84,0.00,362516.84,362516.84,2017-01-12,2017,2021-04-20,2021,2017-01-12,2021-09-30,2021-09-30 00:00:00,,,097,Department of Defense,97AS,Defense Logistics Agency,SPE4A7,DLA AVIATION,097,Department of Defense,97AS,Defense Logistics Agency,SPE4A7,DLA AVIATION,097-X-4930-005,097-4930,25.7: Operation and maintenance of equipment;26.0: Supplies and materials,0801: REIMBURSABLE,X,NOT APPLICABLE,,,LUKJQHLR55N8,072702871,"AMERICAN FUEL CELL AND COATED FABRICS COMPANY, LLC",AMERICAN FUEL CELL AND COATED FABRICS COMPANY,,05476,U5VFUPHT6MD5,277636981,ZODIAC AEROSPACE,ZODIAC AEROSPACE,USA,UNITED STATES,601 FIRESTONE DR,,MAGNOLIA,05027,COLUMBIA,05,AR,ARKANSAS,717530000,AR-04,AR-04,5619907866,,USA,UNITED STATES,MAGNOLIA,05027,COLUMBIA,05,AR,ARKANSAS,717539712,AR-04,AR-04,AWARD,D,DEFINITIVE CONTRACT,,,,,,,J,FIRM FIXED PRICE,"8503975824!TANK,FUEL,AIRCRAFT",SPE4A716R2556,1,,,1560,AIRFRAME STRUCTURAL COMPONENTS,D,NOT A BUNDLED REQUIREMENT,A1A,AIRFRAMES AND SPARES,336411,AIRCRAFT MANUFACTURING,C,NO CLAUSES INCLUDED AND NO SUSTAINABILITY INCLUDED,A,U.S. OWNED BUSINESS,000,NONE,Z,NOT IT PRODUCTS OR SERVICES,E,NOT REQUIRED,USA,UNITED STATES,D,MFG IN U.S.,B,PLAN NOT REQUIRED,G,NOT COMPETED UNDER SAP,SP1,SIMPLIFIED ACQUISITION,NONE,NO SET ASIDE USED.,NONE,NO PREFERENCE USED,,,,,SP2,SAP NON-COMPETITION (FAR 13),1,D,COMMERCIAL ITEM PROCEDURES NOT USED,f,N,NO,N,NO,N,NO,N,NO,,N,NO,Y,YES,X,NOT APPLICABLE,X,NOT APPLICABLE,X,NOT APPLICABLE,,,,,,,,NONE,NONE,N,NO,X,NOT APPLICABLE EXEMPT FROM CAS,N,TRANSACTION DOES NOT USE GFE/GFP,U,UNKNOWN,N,NO,X,NOT APPLICABLE,N,NO,Z,NOT APPLICABLE,N,NO,X,NOT APPLICABLE,f,f,f,f,f,f,f,f,f,f,f,f,f,f,f,f,f,f,f,SMALL BUSINESS,S,f,f,f,f,f,f,f,f,f,f,f,f,f,f,f,f,f,CORPORATE NOT TAX EXEMPT,t,f,f,f,f,f,f,f,f,f,f,f,t,f,f,f,f,t,f,f,f,f,f,f,f,f,f,f,t,f,f,f,f,f,f,f,f,f,f,f,f,f,f,f,f,f,f,f,f,f,,,,,,,,,,,https://www.usaspending.gov/award/CONT_AWD_SPE4A717C0132_9700_-NONE-_-NONE-/,2021-04-20 13:10:30+00
CONT_AWD_SPE4A717C0259_9700_-NONE-_-NONE-,SPE4A717C0259,,,,Q: Not Designated Nonemergency/Emergency/Disaster/Wildfire Suppression,,,,,95673.00,0.00,95673.00,95673.00,2017-04-05,2017,2021-04-19,2021,2017-04-05,2022-07-18,2022-07-18 00:00:00,,,097,Department of Defense,97AS,Defense Logistics Agency,SPE4A7,DLA AVIATION,097,Department of Defense,97AS,Defense Logistics Agency,SPE4A7,DLA AVIATION,097-X-4930-005,097-4930,26.0: Supplies and materials,0801: REIMBURSABLE,X,NOT APPLICABLE,,,LMLUNJ2WKN29,057628091,WILLIAMS AEROSPACE & MANUFACTURING INC,WILLIAMS AEROSPACE & MANUFACTURING INC.,,7V438,QLWXBVYQQ9N4,079878473,KELLSTROM HOLDING CORPORATION,MEREX AIRCRAFT COMPANY  INCORPORATED,USA,UNITED STATES,1283 FLYNN RD,,CAMARILLO,06111,VENTURA,06,CA,CALIFORNIA,930128013,CA-26,CA-26,9545388857,9545383004,USA,UNITED STATES,CAMARILLO,06111,VENTURA,06,CA,CALIFORNIA,930128013,CA-26,CA-26,AWARD,D,DEFINITIVE CONTRACT,,,,,,,J,FIRM FIXED PRICE,"8504263001!RETAINER,WINDSHIELD",SPE4A717R0424,1,,,1560,AIRFRAME STRUCTURAL COMPONENTS,H,NOT BUNDLED,A1A,AIRFRAMES AND SPARES,336413,OTHER AIRCRAFT PARTS AND AUXILIARY EQUIPMENT MANUFACTURING,C,NO CLAUSES INCLUDED AND NO SUSTAINABILITY INCLUDED,A,U.S. OWNED BUSINESS,000,NONE,Z,NOT IT PRODUCTS OR SERVICES,E,NOT REQUIRED,USA,UNITED STATES,D,MFG IN U.S.,B,PLAN NOT REQUIRED,F,COMPETED UNDER SAP,SP1,SIMPLIFIED ACQUISITION,NONE,NO SET ASIDE USED.,NONE,NO PREFERENCE USED,,,,,,,3,D,COMMERCIAL ITEM PROCEDURES NOT USED,f,N,NO,N,NO,N,NO,N,NO,,N,NO,Y,YES,X,NOT APPLICABLE,X,NOT APPLICABLE,X,NOT APPLICABLE,,,,,,,,NONE,NONE,N,NO,X,NOT APPLICABLE EXEMPT FROM CAS,N,TRANSACTION DOES NOT USE GFE/GFP,U,UNKNOWN,D,NOT CONSOLIDATED,X,NOT APPLICABLE,N,NO,Z,NOT APPLICABLE,N,NO,X,NOT APPLICABLE,f,f,f,f,f,f,f,f,f,f,f,f,f,f,f,f,f,f,f,SMALL BUSINESS,S,f,f,f,f,f,f,f,f,f,f,f,f,f,f,f,f,f,CORPORATE NOT TAX EXEMPT,t,f,f,f,f,f,f,f,f,f,f,f,t,f,f,f,f,t,f,f,f,f,f,f,f,f,f,f,t,f,f,f,f,f,f,f,f,f,f,f,f,f,f,f,f,f,f,f,f,f,,,,,,,,,,,https://www.usaspending.gov/award/CONT_AWD_SPE4A717C0259_9700_-NONE-_-NONE-/,2021-04-19 15:39:50+00
CONT_AWD_SPE4A719C0055_9700_-NONE-_-NONE-,SPE4A719C0055,,,,Q: Not Designated Nonemergency/Emergency/Disaster/Wildfire Suppression,,,,,78780.00,0.00,78780.00,78780.00,2018-10-22,2019,2021-04-23,2021,2018-10-22,2021-10-19,2021-10-19 00:00:00,,2018-10-10,097,Department of Defense,97AS,Defense Logistics Agency,SPE4A7,DLA AVIATION,097,Department of Defense,97AS,Defense Logistics Agency,SPE4A7,DLA AVIATION,097-X-4930-005,097-4930,25.7: Operation and maintenance of equipment;26.0: Supplies and materials,0801: REIMBURSABLE,X,NOT APPLICABLE,,,D5QVFRV56JW8,051741452,"MACHINE SPECIALTIES, LLC","MACHINE SPECIALTIES, INC.",,1DDX0,D5QVFRV56JW8,051741452,"MACHINE SPECIALTIES, LLC",MACHINE SPECIALTIES  INC.,USA,UNITED STATES,6511 FRANZ WARNER PKWY,,WHITSETT,37081,GUILFORD,37,NC,NORTH CAROLINA,273779215,NC-06,NC-09,3366031919,3366031920,USA,UNITED STATES,WHITSETT,37081,GUILFORD,37,NC,NORTH CAROLINA,273779215,NC-06,NC-09,AWARD,D,DEFINITIVE CONTRACT,,,,,,,J,FIRM FIXED PRICE,8505993586!SEGMENT SET DRAST,SPE4A719R0163,1,,,1620,AIRCRAFT LANDING GEAR COMPONENTS,H,NOT BUNDLED,A1A,AIRFRAMES AND SPARES,336413,OTHER AIRCRAFT PARTS AND AUXILIARY EQUIPMENT MANUFACTURING,C,NO CLAUSES INCLUDED AND NO SUSTAINABILITY INCLUDED,A,U.S. OWNED BUSINESS,000,NONE,Z,NOT IT PRODUCTS OR SERVICES,E,NOT REQUIRED,USA,UNITED STATES,D,MFG IN U.S.,B,PLAN NOT REQUIRED,F,COMPETED UNDER SAP,SP1,SIMPLIFIED ACQUISITION,SBA,SMALL BUSINESS SET ASIDE - TOTAL,NONE,NO PREFERENCE USED,,,,,,,1,D,COMMERCIAL ITEM PROCEDURES NOT USED,f,N,NO,N,NO,N,NO,N,NO,,N,NO,Y,YES,X,NOT APPLICABLE,X,NOT APPLICABLE,X,NOT APPLICABLE,,,,,,,,NONE,NONE,N,NO,X,NOT APPLICABLE EXEMPT FROM CAS,N,TRANSACTION DOES NOT USE GFE/GFP,U,UNKNOWN,D,NOT CONSOLIDATED,X,NOT APPLICABLE,N,NO,Z,NOT APPLICABLE,N,NO,X,NOT APPLICABLE,f,f,f,f,f,f,f,f,f,f,f,f,f,f,f,f,f,f,f,SMALL BUSINESS,S,f,f,f,f,f,f,f,f,f,f,f,f,f,f,f,f,f,CORPORATE NOT TAX EXEMPT,t,f,f,f,f,f,f,f,f,f,f,f,t,f,f,f,f,t,f,f,f,f,f,f,f,f,f,f,t,f,f,f,f,f,f,f,f,f,f,f,f,f,f,f,f,f,f,f,f,f,,,,,,,,,,,https://www.usaspending.gov/award/CONT_AWD_SPE4A719C0055_9700_-NONE-_-NONE-/,2021-04-23 13:11:42+00
CONT_AWD_SPE4A719C0222_9700_-NONE-_-NONE-,SPE4A719C0222,,,,,,,,,924487.20,0.00,924487.20,924487.20,2019-04-04,2019,2021-04-20,2021,2019-04-04,2021-09-14,2021-09-14 00:00:00,,,097,Department of Defense,97AS,Defense Logistics Agency,SPE4A7,DLA AVIATION,097,Department of Defense,97AS,Defense Logistics Agency,SPE4A7,DLA AVIATION,097-X-4930-005,097-4930,26.0: Supplies and materials,,X,NOT APPLICABLE,,,FKEWJHYN4LY6,194909032,CARP INDUSTRIES CORP,CARP INDUSTRIES CORPORATION,,0D9X5,HN5GJN5Y5UY1,052792959,QUAL-TEC MANAGEMENT CORP,QUAL-TEC MANAGEMENT CORP,USA,UNITED STATES,4550 S US HIGHWAY 1,,GRANT,12009,BREVARD,12,FL,FLORIDA,329494909,FL-08,FL-08,3219521303,3219517590,USA,UNITED STATES,GRANT,12009,BREVARD,12,FL,FLORIDA,329494909,FL-08,FL-08,AWARD,D,DEFINITIVE CONTRACT,,,,,,,J,FIRM FIXED PRICE,"8506403496!PROBE,DETECTOR,AIRC",,1,,,2995,"MISCELLANEOUS ENGINE ACCESSORIES, AIRCRAFT",H,NOT BUNDLED,A1A,AIRFRAMES AND SPARES,336412,AIRCRAFT ENGINE AND ENGINE PARTS MANUFACTURING,C,NO CLAUSES INCLUDED AND NO SUSTAINABILITY INCLUDED,A,U.S. OWNED BUSINESS,000,NONE,Z,NOT IT PRODUCTS OR SERVICES,E,NOT REQUIRED,USA,UNITED STATES,D,MFG IN U.S.,B,PLAN NOT REQUIRED,F,COMPETED UNDER SAP,SP1,SIMPLIFIED ACQUISITION,NONE,NO SET ASIDE USED.,NONE,NO PREFERENCE USED,,,,,,,2,D,COMMERCIAL ITEM PROCEDURES NOT USED,f,N,NO,N,NO,N,NO,N,NO,,N,NO,Y,YES,X,NOT APPLICABLE,X,NOT APPLICABLE,X,NOT APPLICABLE,,,,,,,,NONE,NONE,N,NO,X,NOT APPLICABLE EXEMPT FROM CAS,N,TRANSACTION DOES NOT USE GFE/GFP,U,UNKNOWN,D,NOT CONSOLIDATED,X,NOT APPLICABLE,N,NO,Z,NOT APPLICABLE,N,NO,X,NOT APPLICABLE,f,f,f,f,f,f,f,f,f,f,f,f,f,f,f,f,f,f,f,SMALL BUSINESS,S,f,f,f,f,f,f,f,f,f,f,f,f,f,f,f,f,f,CORPORATE NOT TAX EXEMPT,t,f,f,f,f,f,f,f,f,f,f,f,f,f,f,f,f,t,f,f,f,f,f,f,f,f,f,f,t,f,f,f,f,f,f,f,f,f,f,f,f,f,f,f,f,f,f,f,f,f,,,,,,,,,,,https://www.usaspending.gov/award/CONT_AWD_SPE4A719C0222_9700_-NONE-_-NONE-/,2021-04-20 10:12:27+00
CONT_AWD_SPE4A720C0043_9700_-NONE-_-NONE-,SPE4A720C0043,,,,Q: Not Designated Nonemergency/Emergency/Disaster/Wildfire Suppression,,,,,3182633.00,0.00,3182633.00,3182633.00,2019-11-22,2020,2021-04-22,2021,2019-11-22,2022-06-28,2022-06-28 00:00:00,,,097,Department of Defense,97AS,Defense Logistics Agency,SPE4A7,DLA AVIATION,097,Department of Defense,97AS,Defense Logistics Agency,SPE4A7,DLA AVIATION,097-X-4930-005,097-4930,25.7: Operation and maintenance of equipment;26.0: Supplies and materials,0801: REIMBURSABLE,X,NOT APPLICABLE,,,E86UEFDHJWK6,601020951,"ROCKMART FUEL CONTAINMENT, LLC","MEGGITT (ROCKMART), INC.",,56221,WTBLKKS9ED74,216242784,MEGGITT AIRCRAFT BRAKING SYSTEMS KENTUCKY CORPORATION,MEGGITT (ROCKMART)  INC.,USA,UNITED STATES,669 GOODYEAR ST,,ROCKMART,13233,POLK,13,GA,GEORGIA,301532554,GA-14,GA-14,7706847855,7706847438,USA,UNITED STATES,ROCKMART,13233,POLK,13,GA,GEORGIA,301532554,GA-14,GA-14,AWARD,D,DEFINITIVE CONTRACT,,,,,,,J,FIRM FIXED PRICE,8506958648!TOOLING,,1,,,1680,MISCELLANEOUS AIRCRAFT ACCESSORIES AND COMPONENTS,H,NOT BUNDLED,A1C,OTHER AIRCRAFT EQUIPMENT,488190,OTHER SUPPORT ACTIVITIES FOR AIR TRANSPORTATION,C,NO CLAUSES INCLUDED AND NO SUSTAINABILITY INCLUDED,C,FOREIGN-OWNED BUSINESS INCORPORATED IN THE U.S.,000,NONE,Z,NOT IT PRODUCTS OR SERVICES,E,NOT REQUIRED,USA,UNITED STATES,D,MFG IN U.S.,B,PLAN NOT REQUIRED,F,COMPETED UNDER SAP,SP1,SIMPLIFIED ACQUISITION,NONE,NO SET ASIDE USED.,NONE,NO PREFERENCE USED,,,,,,,1,D,COMMERCIAL ITEM PROCEDURES NOT USED,f,N,NO,N,NO,N,NO,N,NO,,N,NO,Y,YES,X,NOT APPLICABLE,X,NOT APPLICABLE,X,NOT APPLICABLE,,,,,,,,NONE,NONE,N,NO,X,NOT APPLICABLE EXEMPT FROM CAS,Y,TRANSACTION USES GFE/GFP,U,UNKNOWN,D,NOT CONSOLIDATED,X,NOT APPLICABLE,N,NO,Z,NOT APPLICABLE,N,NO,X,NOT APPLICABLE,f,f,f,f,f,f,f,f,f,f,f,f,f,f,f,f,f,f,f,OTHER THAN SMALL BUSINESS,O,f,f,f,f,f,f,f,f,f,f,f,f,f,f,f,f,f,CORPORATE NOT TAX EXEMPT,t,f,f,f,f,f,f,f,f,f,f,f,t,f,f,f,f,t,f,f,f,f,f,f,f,f,f,t,t,f,f,f,f,f,f,f,f,f,f,f,f,f,f,f,f,f,f,f,f,f,,,,,,,,,,,https://www.usaspending.gov/award/CONT_AWD_SPE4A720C0043_9700_-NONE-_-NONE-/,2021-04-22 09:13:21+00
CONT_AWD_SPE4A720C0105_9700_-NONE-_-NONE-,SPE4A720C0105,,,,Q: Not Designated Nonemergency/Emergency/Disaster/Wildfire Suppression,,,,,384165.00,0.00,384165.00,384165.00,2020-03-20,2020,2021-04-21,2021,2020-03-20,2022-04-21,2022-04-21 00:00:00,,2020-03-04,097,Department of Defense,97AS,Defense Logistics Agency,SPE4A7,DLA AVIATION,097,Department of Defense,97AS,Defense Logistics Agency,SPE4A7,DLA AVIATION,097-X-4930-005,097-4930,25.7: Operation and maintenance of equipment;26.0: Supplies and materials,0801: REIMBURSABLE,X,NOT APPLICABLE,,,KTFJQZF8NPT9,148317472,"NORDAM GROUP LLC, THE","NORDAM GROUP LLC, THE",,29957,MS2UT1HTBUN3,085957876,THE NORDAM GROUP LLC,THE NORDAM GROUP INC,USA,UNITED STATES,11200 E PINE ST,,TULSA,40143,TULSA,40,OK,OKLAHOMA,741161613,OK-01,OK-01,9188786738,9188786738,USA,UNITED STATES,TULSA,40143,TULSA,40,OK,OKLAHOMA,741161613,OK-01,OK-01,AWARD,D,DEFINITIVE CONTRACT,,,,,,,J,FIRM FIXED PRICE,"8507212284!PANEL,STRUCTURAL,AI",SPE4A720R0473,1,,,1560,AIRFRAME STRUCTURAL COMPONENTS,H,NOT BUNDLED,A1A,AIRFRAMES AND SPARES,336413,OTHER AIRCRAFT PARTS AND AUXILIARY EQUIPMENT MANUFACTURING,C,NO CLAUSES INCLUDED AND NO SUSTAINABILITY INCLUDED,A,U.S. OWNED BUSINESS,000,NONE,Z,NOT IT PRODUCTS OR SERVICES,E,NOT REQUIRED,USA,UNITED STATES,D,MFG IN U.S.,B,PLAN NOT REQUIRED,G,NOT COMPETED UNDER SAP,SP1,SIMPLIFIED ACQUISITION,NONE,NO SET ASIDE USED.,NONE,NO PREFERENCE USED,,,,,SP2,SAP NON-COMPETITION (FAR 13),1,D,COMMERCIAL ITEM PROCEDURES NOT USED,f,N,NO,N,NO,N,NO,N,NO,,N,NO,Y,YES,X,NOT APPLICABLE,X,NOT APPLICABLE,X,NOT APPLICABLE,,,,,,,,NONE,NONE,N,NO,X,NOT APPLICABLE EXEMPT FROM CAS,N,TRANSACTION DOES NOT USE GFE/GFP,U,UNKNOWN,D,NOT CONSOLIDATED,X,NOT APPLICABLE,N,NO,Z,NOT APPLICABLE,N,NO,X,NOT APPLICABLE,f,f,f,f,f,f,f,f,f,f,f,f,f,f,f,f,f,f,f,OTHER THAN SMALL BUSINESS,O,f,f,f,f,f,f,f,f,f,f,f,f,f,f,f,f,f,CORPORATE NOT TAX EXEMPT,t,f,f,f,f,f,f,f,f,f,f,f,t,f,f,f,f,t,f,f,f,f,f,f,f,f,f,f,t,f,f,f,f,f,f,f,f,f,f,f,f,f,f,f,f,f,f,f,f,f,,,,,,,,,,,https://www.usaspending.gov/award/CONT_AWD_SPE4A720C0105_9700_-NONE-_-NONE-/,2021-04-21 17:37:18+00
CONT_AWD_SPE5E221CF007_9700_-NONE-_-NONE-,SPE5E221CF007,,,,Q: Not Designated Nonemergency/Emergency/Disaster/Wildfire Suppression,,,,,3165.00,0.00,3165.00,3165.00,2021-04-19,2021,2021-04-19,2021,2021-04-19,2022-04-29,2022-04-29 00:00:00,,2020-10-08,097,Department of Defense,97AS,Defense Logistics Agency,SPE5E2,DLA AVIATION,097,Department of Defense,97AS,Defense Logistics Agency,SPE5E2,DLA AVIATION,097-X-4930-005,097-4930,25.7: Operation and maintenance of equipment;26.0: Supplies and materials,0801: REIMBURSABLE,X,NOT APPLICABLE,,,GQCHL6C7R4S5,,ALPHA FASTENERS CORP,,,1UJ18,GQCHL6C7R4S5,,ALPHA FASTENERS CORP,ALPHA FASTENERS CORP.,USA,UNITED STATES,154 E MERRICK RD,,FREEPORT,36059,NASSAU,36,NY,NEW YORK,115204020,,NY-04,5168676188,5168676189,USA,UNITED STATES,FREEPORT,36059,NASSAU,36,NY,NEW YORK,115204020,NY-04,NY-04,AWARD,D,DEFINITIVE CONTRACT,,,,,,,J,FIRM FIXED PRICE,"8508119727!PIN,STRAIGHT,HEADLE",SPE5E721T0971,1,,,5315,"NAILS, MACHINE KEYS, AND PINS",H,NOT BUNDLED,C9E,ALL OTHERS NOT IDENTIFIABLE TO ANY OTHER PROCUREMENT PROGRAM,332510,HARDWARE MANUFACTURING,C,NO CLAUSES INCLUDED AND NO SUSTAINABILITY INCLUDED,A,U.S. OWNED BUSINESS,000,NONE,Z,NOT IT PRODUCTS OR SERVICES,E,NOT REQUIRED,USA,UNITED STATES,D,MFG IN U.S.,B,PLAN NOT REQUIRED,F,COMPETED UNDER SAP,SP1,SIMPLIFIED ACQUISITION,NONE,NO SET ASIDE USED.,NONE,NO PREFERENCE USED,,,,,,,4,D,COMMERCIAL ITEM PROCEDURES NOT USED,f,N,NO,N,NO,N,NO,N,NO,,N,NO,N,NO,X,NOT APPLICABLE,X,NOT APPLICABLE,X,NOT APPLICABLE,,,,,,,,NONE,NONE,N,NO,X,NOT APPLICABLE EXEMPT FROM CAS,N,TRANSACTION DOES NOT USE GFE/GFP,U,UNKNOWN,D,NOT CONSOLIDATED,X,NOT APPLICABLE,N,NO,Z,NOT APPLICABLE,N,NO,X,NOT APPLICABLE,f,f,f,f,f,f,f,t,f,f,f,f,f,f,f,f,f,f,f,SMALL BUSINESS,S,f,f,f,f,f,f,f,f,f,f,f,f,f,f,f,f,f,CORPORATE NOT TAX EXEMPT,t,f,f,f,f,f,f,f,f,f,f,f,t,f,f,f,f,t,f,f,f,f,f,f,f,f,f,f,t,f,f,f,f,f,f,f,f,f,f,f,f,f,f,f,f,f,f,f,f,f,,,,,,,,,,,https://www.usaspending.gov/award/CONT_AWD_SPE5E221CF007_9700_-NONE-_-NONE-/,2022-06-23 07:36:41+00
CONT_AWD_SPE5E419CF029_9700_-NONE-_-NONE-,SPE5E419CF029,,,,Q: Not Designated Nonemergency/Emergency/Disaster/Wildfire Suppression,,,,,30937.25,0.00,30937.25,30937.25,2018-11-09,2019,2021-04-20,2021,2018-11-09,2022-03-31,2022-03-31 00:00:00,,2018-09-10,097,Department of Defense,97AS,Defense Logistics Agency,SPE5E4,DLA AVIATION,097,Department of Defense,97AS,Defense Logistics Agency,SPE5E4,DLA AVIATION,097-X-4930-005,097-4930,25.7: Operation and maintenance of equipment;26.0: Supplies and materials,0801: REIMBURSABLE,X,NOT APPLICABLE,,,Z59EYJJGPW94,147952071,"C & D ELECTRONICS, INC.","C & D ELECTRONICS, INC.",,0RF16,Z59EYJJGPW94,147952071,"C & D ELECTRONICS, INC.",C & D ELECTRONICS  INC.,USA,UNITED STATES,28 APPLETON ST,,HOLYOKE,25013,HAMPDEN,25,MA,MASSACHUSETTS,010406417,MA-01,MA-01,4134931234,4134931212,USA,UNITED STATES,O FALLON,29183,SAINT CHARLES,29,MO,MISSOURI,633682224,MO-02,MO-02,AWARD,D,DEFINITIVE CONTRACT,,,,,,,J,FIRM FIXED PRICE,8506035703!PIN,SPE5E418T278Z,1,,,5306,BOLTS,H,NOT BUNDLED,C9E,ALL OTHERS NOT IDENTIFIABLE TO ANY OTHER PROCUREMENT PROGRAM,332722,"BOLT, NUT, SCREW, RIVET, AND WASHER MANUFACTURING",C,NO CLAUSES INCLUDED AND NO SUSTAINABILITY INCLUDED,A,U.S. OWNED BUSINESS,000,NONE,Z,NOT IT PRODUCTS OR SERVICES,E,NOT REQUIRED,USA,UNITED STATES,D,MFG IN U.S.,B,PLAN NOT REQUIRED,F,COMPETED UNDER SAP,SP1,SIMPLIFIED ACQUISITION,SBA,SMALL BUSINESS SET ASIDE - TOTAL,NONE,NO PREFERENCE USED,,,,,,,4,D,COMMERCIAL ITEM PROCEDURES NOT USED,f,N,NO,N,NO,N,NO,N,NO,,N,NO,Y,YES,X,NOT APPLICABLE,X,NOT APPLICABLE,X,NOT APPLICABLE,,,,,,,,NONE,NONE,N,NO,X,NOT APPLICABLE EXEMPT FROM CAS,N,TRANSACTION DOES NOT USE GFE/GFP,U,UNKNOWN,D,NOT CONSOLIDATED,X,NOT APPLICABLE,N,NO,Z,NOT APPLICABLE,N,NO,X,NOT APPLICABLE,f,f,f,f,f,f,f,t,t,t,f,f,t,f,f,t,f,f,f,SMALL BUSINESS,S,f,f,f,f,f,f,f,f,f,f,f,f,f,f,f,f,f,CORPORATE NOT TAX EXEMPT,t,f,f,f,f,f,f,f,f,f,f,f,f,f,f,f,f,t,f,f,f,f,f,f,f,t,f,f,t,f,f,f,f,f,f,f,f,f,f,f,f,f,f,f,f,t,f,f,t,f,,,,,,,,,,,https://www.usaspending.gov/award/CONT_AWD_SPE5E419CF029_9700_-NONE-_-NONE-/,2021-04-20 20:13:04+00
CONT_AWD_SPE5E419CF067_9700_-NONE-_-NONE-,SPE5E419CF067,,,,Q: Not Designated Nonemergency/Emergency/Disaster/Wildfire Suppression,,,,,11086.85,0.00,11086.85,11086.85,2019-08-12,2019,2021-04-22,2021,2019-08-12,2022-04-07,2022-04-07 00:00:00,,2019-02-20,097,Department of Defense,97AS,Defense Logistics Agency,SPE5E4,DLA AVIATION,097,Department of Defense,97AS,Defense Logistics Agency,SPE5E4,DLA AVIATION,097-X-4930-005,097-4930,25.7: Operation and maintenance of equipment;26.0: Supplies and materials,0801: REIMBURSABLE,X,NOT APPLICABLE,,,JB2CKU3NF5N9,783202018,ACUFAST AIRCRAFT PRODUCTS,ACUFAST AIRCRAFT PRODUCTS INC.,,4GP55,JB2CKU3NF5N9,783202018,ACUFAST AIRCRAFT PRODUCTS,ACUFAST AIRCRAFT PRODUCTS,USA,UNITED STATES,12445 GLADSTONE AVE,,SYLMAR,06037,LOS ANGELES,06,CA,CALIFORNIA,913425321,CA-29,CA-29,8183657077,,USA,UNITED STATES,SYLMAR,06037,LOS ANGELES,06,CA,CALIFORNIA,913425321,CA-29,CA-29,AWARD,D,DEFINITIVE CONTRACT,,,,,,,J,FIRM FIXED PRICE,8506716343!BOLT,SPE5E419T6548,1,,,5306,BOLTS,H,NOT BUNDLED,C9E,ALL OTHERS NOT IDENTIFIABLE TO ANY OTHER PROCUREMENT PROGRAM,332722,"BOLT, NUT, SCREW, RIVET, AND WASHER MANUFACTURING",C,NO CLAUSES INCLUDED AND NO SUSTAINABILITY INCLUDED,A,U.S. OWNED BUSINESS,000,NONE,Z,NOT IT PRODUCTS OR SERVICES,E,NOT REQUIRED,USA,UNITED STATES,D,MFG IN U.S.,B,PLAN NOT REQUIRED,F,COMPETED UNDER SAP,SP1,SIMPLIFIED ACQUISITION,NONE,NO SET ASIDE USED.,NONE,NO PREFERENCE USED,,,,,,,8,D,COMMERCIAL ITEM PROCEDURES NOT USED,f,N,NO,N,NO,N,NO,N,NO,,N,NO,N,NO,X,NOT APPLICABLE,X,NOT APPLICABLE,X,NOT APPLICABLE,,,,,,,,NONE,NONE,N,NO,X,NOT APPLICABLE EXEMPT FROM CAS,N,TRANSACTION DOES NOT USE GFE/GFP,U,UNKNOWN,D,NOT CONSOLIDATED,X,NOT APPLICABLE,N,NO,Z,NOT APPLICABLE,N,NO,X,NOT APPLICABLE,f,f,f,f,f,f,f,f,f,f,f,f,t,f,f,f,f,f,t,SMALL BUSINESS,S,f,f,f,f,f,f,f,f,f,f,f,f,f,f,f,f,f,CORPORATE NOT TAX EXEMPT,t,f,f,f,f,f,f,f,f,f,f,f,t,f,f,f,f,t,f,f,f,f,f,f,f,f,t,f,t,f,f,f,f,f,f,f,f,f,f,f,f,f,f,f,f,f,f,f,f,f,,,,,,,,,,,https://www.usaspending.gov/award/CONT_AWD_SPE5E419CF067_9700_-NONE-_-NONE-/,2021-04-22 16:09:50+00
CONT_AWD_SPE5E720CF068_9700_-NONE-_-NONE-,SPE5E720CF068,,,,,,,,,2339.72,0.00,2339.72,2339.72,2020-03-12,2020,2021-04-19,2021,2020-03-12,2021-11-24,2021-11-24 00:00:00,,2020-02-26,097,Department of Defense,97AS,Defense Logistics Agency,SPE5E7,DLA AVIATION,097,Department of Defense,97AS,Defense Logistics Agency,SPE5E7,DLA AVIATION,097-X-4930-005,097-4930,25.7: Operation and maintenance of equipment;26.0: Supplies and materials,,X,NOT APPLICABLE,,,HJJVSZPBLM55,107743416,"SUPERIOR TOOLING, INC.",SUPERIOR TOOLING INC,,35WP0,HJJVSZPBLM55,107743416,"SUPERIOR TOOLING, INC.",SUPERIOR TOOLING INC,USA,UNITED STATES,836 WEAVER BLVD,,WAPELLO,19115,LOUISA,19,IA,IOWA,526539282,IA-02,IA-01,3195236046,3195270188,USA,UNITED STATES,WAPELLO,19115,LOUISA,19,IA,IOWA,526539282,IA-02,IA-01,AWARD,D,DEFINITIVE CONTRACT,,,,,,,J,FIRM FIXED PRICE,"8507233502!PIN,SPRING",SPE5E720T5196,1,,,5315,"NAILS, MACHINE KEYS, AND PINS",H,NOT BUNDLED,C9E,ALL OTHERS NOT IDENTIFIABLE TO ANY OTHER PROCUREMENT PROGRAM,332618,OTHER FABRICATED WIRE PRODUCT MANUFACTURING,C,NO CLAUSES INCLUDED AND NO SUSTAINABILITY INCLUDED,A,U.S. OWNED BUSINESS,000,NONE,Z,NOT IT PRODUCTS OR SERVICES,E,NOT REQUIRED,USA,UNITED STATES,D,MFG IN U.S.,B,PLAN NOT REQUIRED,F,COMPETED UNDER SAP,SP1,SIMPLIFIED ACQUISITION,NONE,NO SET ASIDE USED.,NONE,NO PREFERENCE USED,,,,,,,4,D,COMMERCIAL ITEM PROCEDURES NOT USED,f,N,NO,N,NO,N,NO,N,NO,,N,NO,N,NO,X,NOT APPLICABLE,X,NOT APPLICABLE,X,NOT APPLICABLE,,,,,,,,NONE,NONE,N,NO,X,NOT APPLICABLE EXEMPT FROM CAS,N,TRANSACTION DOES NOT USE GFE/GFP,U,UNKNOWN,D,NOT CONSOLIDATED,X,NOT APPLICABLE,N,NO,Z,NOT APPLICABLE,N,NO,X,NOT APPLICABLE,f,f,f,f,f,f,f,f,f,f,f,f,f,f,f,f,f,f,f,SMALL BUSINESS,S,f,f,f,f,f,f,f,f,f,f,f,f,f,f,f,f,f,CORPORATE NOT TAX EXEMPT,t,f,f,f,f,f,f,f,f,f,f,f,t,f,f,f,f,t,f,f,f,f,f,f,f,t,f,f,t,f,f,f,f,f,f,f,f,f,f,f,f,f,f,f,f,f,f,f,f,f,,,,,,,,,,,https://www.usaspending.gov/award/CONT_AWD_SPE5E720CF068_9700_-NONE-_-NONE-/,2021-04-19 18:08:18+00
CONT_AWD_SPE5E721CF008_9700_-NONE-_-NONE-,SPE5E721CF008,,,,Q: Not Designated Nonemergency/Emergency/Disaster/Wildfire Suppression,,,,,3892.96,0.00,3892.96,3892.96,2021-04-20,2021,2021-04-20,2021,2021-04-20,2022-07-18,2022-07-18 00:00:00,,2020-08-18,097,Department of Defense,97AS,Defense Logistics Agency,SPE5E7,DLA AVIATION,097,Department of Defense,97AS,Defense Logistics Agency,SPE5E7,DLA AVIATION,097-X-4930-005,097-4930,25.7: Operation and maintenance of equipment;26.0: Supplies and materials,0801: REIMBURSABLE,X,NOT APPLICABLE,,,NRLDHML776K5,,"WECKWORTH MANUFACTURING, INC","WECKWORTH MANUFACTURING, INC.",,9J595,NRLDHML776K5,,"WECKWORTH MANUFACTURING, INC",WECKWORTH MANUFACTURING  INC.,USA,UNITED STATES,117 BAUGHMAN AVE,,HAYSVILLE,20173,SEDGWICK,20,KS,KANSAS,670601305,,KS-04,3164252034,3162634492,USA,UNITED STATES,HAYSVILLE,20173,SEDGWICK,20,KS,KANSAS,670601305,KS-04,KS-04,AWARD,D,DEFINITIVE CONTRACT,,,,,,,J,FIRM FIXED PRICE,"8507688064!STRAP,WEBBING",SPE5E720T023W,1,,,5340,"HARDWARE, COMMERCIAL",H,NOT BUNDLED,C9E,ALL OTHERS NOT IDENTIFIABLE TO ANY OTHER PROCUREMENT PROGRAM,332510,HARDWARE MANUFACTURING,C,NO CLAUSES INCLUDED AND NO SUSTAINABILITY INCLUDED,A,U.S. OWNED BUSINESS,000,NONE,Z,NOT IT PRODUCTS OR SERVICES,E,NOT REQUIRED,USA,UNITED STATES,D,MFG IN U.S.,B,PLAN NOT REQUIRED,F,COMPETED UNDER SAP,SP1,SIMPLIFIED ACQUISITION,NONE,NO SET ASIDE USED.,NONE,NO PREFERENCE USED,,,,,,,2,D,COMMERCIAL ITEM PROCEDURES NOT USED,f,N,NO,N,NO,N,NO,N,NO,,N,NO,N,NO,X,NOT APPLICABLE,X,NOT APPLICABLE,X,NOT APPLICABLE,,,,,,,,NONE,NONE,N,NO,X,NOT APPLICABLE EXEMPT FROM CAS,N,TRANSACTION DOES NOT USE GFE/GFP,U,UNKNOWN,D,NOT CONSOLIDATED,X,NOT APPLICABLE,N,NO,Z,NOT APPLICABLE,N,NO,X,NOT APPLICABLE,f,f,f,f,f,f,f,f,f,f,f,f,f,f,f,f,f,f,f,SMALL BUSINESS,S,f,f,f,f,f,f,f,f,f,f,f,f,f,f,f,f,f,CORPORATE NOT TAX EXEMPT,t,f,f,f,f,f,f,f,f,f,f,f,t,f,f,f,f,t,f,f,f,f,f,f,f,f,f,f,t,f,f,f,f,f,f,f,f,f,f,f,f,f,f,f,f,f,f,f,f,f,,,,,,,,,,,https://www.usaspending.gov/award/CONT_AWD_SPE5E721CF008_9700_-NONE-_-NONE-/,2023-05-25 07:37:15+00
CONT_AWD_SPE5E819CF036_9700_-NONE-_-NONE-,SPE5E819CF036,,,,,,,,,3000.00,0.00,3000.00,3000.00,2018-11-15,2019,2021-04-20,2021,2018-11-15,2020-09-24,2020-09-24 00:00:00,,2018-10-12,097,Department of Defense,97AS,Defense Logistics Agency,SPE5E8,DLA AVIATION,097,Department of Defense,97AS,Defense Logistics Agency,SPE5E8,DLA AVIATION,097-X-4930-005,097-4930,25.7: Operation and maintenance of equipment;26.0: Supplies and materials,,X,NOT APPLICABLE,,,HMGUBKU9HVV3,037551280,"AIRBORNE TECHNOLOGIES, INC.","AIRBORNE TECHNOLOGIES, INC.",,58730,QLWXBVYQQ9N4,079878473,KELLSTROM HOLDING CORPORATION,AIRBORNE TECHNOLOGIES  INC.,USA,UNITED STATES,999 AVENIDA ACASO,,CAMARILLO,06111,VENTURA,06,CA,CALIFORNIA,930128700,CA-26,CA-26,8053893700,8053893708,USA,UNITED STATES,CAMARILLO,06111,VENTURA,06,CA,CALIFORNIA,930128700,CA-26,CA-26,AWARD,D,DEFINITIVE CONTRACT,,,,,,,J,FIRM FIXED PRICE,8506055165!GOVERNMENT FIRST ARTICLE TEST,SPE5E819Q0013,1,,,5340,"HARDWARE, COMMERCIAL",H,NOT BUNDLED,C9E,ALL OTHERS NOT IDENTIFIABLE TO ANY OTHER PROCUREMENT PROGRAM,332510,HARDWARE MANUFACTURING,C,NO CLAUSES INCLUDED AND NO SUSTAINABILITY INCLUDED,A,U.S. OWNED BUSINESS,000,NONE,Z,NOT IT PRODUCTS OR SERVICES,E,NOT REQUIRED,USA,UNITED STATES,D,MFG IN U.S.,B,PLAN NOT REQUIRED,F,COMPETED UNDER SAP,SP1,SIMPLIFIED ACQUISITION,NONE,NO SET ASIDE USED.,NONE,NO PREFERENCE USED,,,,,,,5,D,COMMERCIAL ITEM PROCEDURES NOT USED,f,N,NO,N,NO,N,NO,N,NO,,N,NO,N,NO,X,NOT APPLICABLE,X,NOT APPLICABLE,X,NOT APPLICABLE,,,,,,,,NONE,NONE,N,NO,X,NOT APPLICABLE EXEMPT FROM CAS,N,TRANSACTION DOES NOT USE GFE/GFP,U,UNKNOWN,D,NOT CONSOLIDATED,X,NOT APPLICABLE,N,NO,Z,NOT APPLICABLE,N,NO,X,NOT APPLICABLE,f,f,f,f,f,f,f,f,f,f,f,f,f,f,f,f,f,f,f,SMALL BUSINESS,S,f,f,f,f,f,f,f,f,f,f,f,f,f,f,f,f,f,CORPORATE NOT TAX EXEMPT,t,f,f,f,f,f,f,f,f,f,f,f,f,f,f,f,f,t,f,f,f,f,f,f,f,t,f,f,t,f,f,f,f,f,f,f,f,f,f,f,f,f,f,f,f,f,f,f,f,f,,,,,,,,,,,https://www.usaspending.gov/award/CONT_AWD_SPE5E819CF036_9700_-NONE-_-NONE-/,2021-04-20 08:40:52+00
CONT_AWD_SPE5E820CF066_9700_-NONE-_-NONE-,SPE5E820CF066,,,,Q: Not Designated Nonemergency/Emergency/Disaster/Wildfire Suppression,,,,,5410.00,0.00,5410.00,5410.00,2020-04-02,2020,2021-04-19,2021,2020-04-02,2022-05-23,2022-05-23 00:00:00,,2020-02-03,097,Department of Defense,97AS,Defense Logistics Agency,SPE5E8,DLA AVIATION,097,Department of Defense,97AS,Defense Logistics Agency,SPE5E8,DLA AVIATION,097-X-4930-005,097-4930,25.7: Operation and maintenance of equipment;26.0: Supplies and materials,0801: REIMBURSABLE,X,NOT APPLICABLE,,,Y35DDM4VP2Q7,009566167,"MARVIN ENGINEERING CO, INC","MARVIN ENGINEERING CO., INC.",,32067,Y35DDM4VP2Q7,009566167,"MARVIN ENGINEERING CO, INC",MARVIN ENGINEERING CO.  INC.,USA,UNITED STATES,261 W BEACH AVE,,INGLEWOOD,06037,LOS ANGELES,06,CA,CALIFORNIA,903022904,CA-43,CA-43,3106745030,3106739472,USA,UNITED STATES,INGLEWOOD,06037,LOS ANGELES,06,CA,CALIFORNIA,903022904,CA-43,CA-43,AWARD,D,DEFINITIVE CONTRACT,,,,,,,J,FIRM FIXED PRICE,8507251334!GOVERNMENT FIRST ARTICLE TEST,SPE5E820Q0098,1,,,5340,"HARDWARE, COMMERCIAL",H,NOT BUNDLED,C9E,ALL OTHERS NOT IDENTIFIABLE TO ANY OTHER PROCUREMENT PROGRAM,332510,HARDWARE MANUFACTURING,C,NO CLAUSES INCLUDED AND NO SUSTAINABILITY INCLUDED,A,U.S. OWNED BUSINESS,000,NONE,Z,NOT IT PRODUCTS OR SERVICES,E,NOT REQUIRED,USA,UNITED STATES,D,MFG IN U.S.,B,PLAN NOT REQUIRED,F,COMPETED UNDER SAP,SP1,SIMPLIFIED ACQUISITION,NONE,NO SET ASIDE USED.,NONE,NO PREFERENCE USED,,,,,,,3,D,COMMERCIAL ITEM PROCEDURES NOT USED,f,N,NO,N,NO,N,NO,N,NO,,N,NO,N,NO,X,NOT APPLICABLE,X,NOT APPLICABLE,X,NOT APPLICABLE,,,,,,,,NONE,NONE,N,NO,X,NOT APPLICABLE EXEMPT FROM CAS,N,TRANSACTION DOES NOT USE GFE/GFP,U,UNKNOWN,D,NOT CONSOLIDATED,X,NOT APPLICABLE,N,NO,Z,NOT APPLICABLE,N,NO,X,NOT APPLICABLE,f,f,f,f,f,f,f,f,f,f,f,f,f,f,f,f,f,f,f,SMALL BUSINESS,S,f,f,f,f,f,f,f,f,f,f,f,f,f,f,f,f,f,CORPORATE NOT TAX EXEMPT,t,f,f,f,f,f,f,f,f,f,f,f,t,f,f,f,f,t,f,f,f,f,f,f,f,t,f,f,t,f,f,f,f,f,f,f,f,f,f,f,f,f,f,f,f,f,f,f,f,f,,,,,,,,,,,https://www.usaspending.gov/award/CONT_AWD_SPE5E820CF066_9700_-NONE-_-NONE-/,2021-04-19 17:12:55+00
CONT_AWD_SPE5E821CF051_9700_-NONE-_-NONE-,SPE5E821CF051,,,,Q: Not Designated Nonemergency/Emergency/Disaster/Wildfire Suppression,,,,,7350.00,0.00,7350.00,7350.00,2021-04-02,2021,2021-04-20,2021,2021-04-02,2022-05-13,2022-05-13 00:00:00,,2020-11-06,097,Department of Defense,97AS,Defense Logistics Agency,SPE5E8,DLA AVIATION,097,Department of Defense,97AS,Defense Logistics Agency,SPE5E8,DLA AVIATION,097-X-4930-005,097-4930,26.0: Supplies and materials,0801: REIMBURSABLE,X,NOT APPLICABLE,,,CA2HA8YMLBR6,080988770,ADVANCED TECHNETICS AND KINEMATICS LLC,ADVANCED TECHNETICS AND KINEMATICS LLC,,80G84,CA2HA8YMLBR6,080988770,ADVANCED TECHNETICS AND KINEMATICS LLC,ADVANCED TECHNETICS AND KINEMATICS LLC,USA,UNITED STATES,807 THOMAS ST,,STAMPS,05073,LAFAYETTE,05,AR,ARKANSAS,718602545,AR-04,AR-04,9039081003,,USA,UNITED STATES,STAMPS,05073,LAFAYETTE,05,AR,ARKANSAS,718602545,AR-04,AR-04,AWARD,D,DEFINITIVE CONTRACT,,,,,,,J,FIRM FIXED PRICE,"8508105468!WASHER,FLAT",SPE5E821T1301,1,,,5310,NUTS AND WASHERS,H,NOT BUNDLED,C9E,ALL OTHERS NOT IDENTIFIABLE TO ANY OTHER PROCUREMENT PROGRAM,332722,"BOLT, NUT, SCREW, RIVET, AND WASHER MANUFACTURING",C,NO CLAUSES INCLUDED AND NO SUSTAINABILITY INCLUDED,A,U.S. OWNED BUSINESS,000,NONE,Z,NOT IT PRODUCTS OR SERVICES,E,NOT REQUIRED,USA,UNITED STATES,D,MFG IN U.S.,B,PLAN NOT REQUIRED,F,COMPETED UNDER SAP,SP1,SIMPLIFIED ACQUISITION,NONE,NO SET ASIDE USED.,NONE,NO PREFERENCE USED,,,,,,,8,D,COMMERCIAL ITEM PROCEDURES NOT USED,f,N,NO,N,NO,N,NO,N,NO,,N,NO,N,NO,X,NOT APPLICABLE,X,NOT APPLICABLE,X,NOT APPLICABLE,,,,,,,,NONE,NONE,N,NO,X,NOT APPLICABLE EXEMPT FROM CAS,N,TRANSACTION DOES NOT USE GFE/GFP,U,UNKNOWN,D,NOT CONSOLIDATED,X,NOT APPLICABLE,N,NO,Z,NOT APPLICABLE,N,NO,X,NOT APPLICABLE,f,f,f,f,f,t,t,f,f,f,f,f,f,f,f,f,f,f,f,SMALL BUSINESS,S,f,f,f,f,f,f,f,f,f,f,f,f,f,f,f,f,f,SOLE PROPRIETORSHIP,f,f,f,t,f,f,f,f,f,f,f,f,t,f,f,f,f,t,f,f,f,f,f,f,f,f,t,f,t,f,f,f,f,f,f,f,f,f,f,f,f,f,f,f,f,f,f,f,f,f,,,,,,,,,,,https://www.usaspending.gov/award/CONT_AWD_SPE5E821CF051_9700_-NONE-_-NONE-/,2021-04-20 10:39:50+00
CONT_AWD_SPE5EJ21C0006_9700_-NONE-_-NONE-,SPE5EJ21C0006,,,,Q: Not Designated Nonemergency/Emergency/Disaster/Wildfire Suppression,,,,,32362.00,0.00,32362.00,32362.00,2021-04-20,2021,2021-04-20,2021,2021-04-20,2022-04-25,2022-04-25 00:00:00,,2021-04-01,097,Department of Defense,97AS,Defense Logistics Agency,SPE5EJ,DLA AVIATION,097,Department of Defense,97AS,Defense Logistics Agency,SPE5EJ,DLA AVIATION,097-X-4930-005,097-4930,25.7: Operation and maintenance of equipment;26.0: Supplies and materials,0801: REIMBURSABLE,X,NOT APPLICABLE,,,HEB7MSP2FDK5,,"PARAMOUNT MACHINE COMPANY, INC.","PARAMOUNT MACHINE COMPANY, INC.",,2T575,HEB7MSP2FDK5,,"PARAMOUNT MACHINE COMPANY, INC.",PARAMOUNT MACHINE COMPANY  INC.,USA,UNITED STATES,138 SANRICO DR,,MANCHESTER,09003,HARTFORD,09,CT,CONNECTICUT,060429008,,CT-01,8606435549,8606436174,USA,UNITED STATES,MANCHESTER,09003,HARTFORD,09,CT,CONNECTICUT,060429008,CT-01,CT-01,AWARD,D,DEFINITIVE CONTRACT,,,,,,,J,FIRM FIXED PRICE,"8508146337!SEAT,SPRING,TURBINE",SPE5EJ21T5429,1,,,5340,"HARDWARE, COMMERCIAL",H,NOT BUNDLED,C9E,ALL OTHERS NOT IDENTIFIABLE TO ANY OTHER PROCUREMENT PROGRAM,332510,HARDWARE MANUFACTURING,C,NO CLAUSES INCLUDED AND NO SUSTAINABILITY INCLUDED,A,U.S. OWNED BUSINESS,000,NONE,Z,NOT IT PRODUCTS OR SERVICES,E,NOT REQUIRED,USA,UNITED STATES,D,MFG IN U.S.,B,PLAN NOT REQUIRED,F,COMPETED UNDER SAP,SP1,SIMPLIFIED ACQUISITION,NONE,NO SET ASIDE USED.,NONE,NO PREFERENCE USED,,,,,,,1,D,COMMERCIAL ITEM PROCEDURES NOT USED,f,N,NO,N,NO,N,NO,N,NO,,N,NO,Y,YES,X,NOT APPLICABLE,X,NOT APPLICABLE,X,NOT APPLICABLE,,,,,,,,NONE,NONE,N,NO,X,NOT APPLICABLE EXEMPT FROM CAS,N,TRANSACTION DOES NOT USE GFE/GFP,U,UNKNOWN,D,NOT CONSOLIDATED,X,NOT APPLICABLE,N,NO,Z,NOT APPLICABLE,N,NO,X,NOT APPLICABLE,f,f,f,f,f,f,f,f,f,f,f,f,f,f,f,f,f,f,f,SMALL BUSINESS,S,f,f,f,f,f,f,f,f,f,f,f,f,f,f,f,f,f,CORPORATE NOT TAX EXEMPT,t,f,f,f,f,f,f,f,f,f,f,f,f,f,f,f,f,t,f,f,f,f,f,f,f,t,f,f,t,f,f,f,f,f,f,f,f,f,f,f,f,f,f,f,f,f,f,f,f,f,,,,,,,,,,,https://www.usaspending.gov/award/CONT_AWD_SPE5EJ21C0006_9700_-NONE-_-NONE-/,2022-08-17 07:31:18+00
CONT_AWD_SPE5EK21C0003_9700_-NONE-_-NONE-,SPE5EK21C0003,,,,Q: Not Designated Nonemergency/Emergency/Disaster/Wildfire Suppression,,,,,1109416.50,0.00,1109416.50,1109416.50,2021-04-21,2021,2021-04-21,2021,2021-04-21,2023-05-08,2023-05-08 00:00:00,,2019-10-31,097,Department of Defense,97AS,Defense Logistics Agency,SPE5EK,DLA AVIATION,097,Department of Defense,97AS,Defense Logistics Agency,SPE5EK,DLA AVIATION,097-X-4930-005,097-4930,26.0: Supplies and materials,0801: REIMBURSABLE,X,NOT APPLICABLE,,,FA38CTVQM319,,CANADIAN COMMERCIAL CORPORATION,CANADIAN COMMERCIAL CORPORATION,,98247,U9K6KBHBD899,,GOVERNMENT OF CANADA,GOVERNMENT OF CANADA,CAN,CANADA,350 ALBERT ST SUITE 700,,OTTAWA,,,,,ON,K1A 0S6,00,,6139478640,6139952121,CAN,CANADA,,,,,,,L1S 2G8,,,AWARD,D,DEFINITIVE CONTRACT,,,,,,,J,FIRM FIXED PRICE,"8507730826!COVER,ACCESS",SPE5EK19R0011,1,,,5340,"HARDWARE, COMMERCIAL",H,NOT BUNDLED,C9E,ALL OTHERS NOT IDENTIFIABLE TO ANY OTHER PROCUREMENT PROGRAM,332510,HARDWARE MANUFACTURING,C,NO CLAUSES INCLUDED AND NO SUSTAINABILITY INCLUDED,O,OTHER FOREIGN ENTITY (E.G. FOREIGN GOVERNMENT),000,NONE,Z,NOT IT PRODUCTS OR SERVICES,E,NOT REQUIRED,CAN,CANADA,L,MFG OUTSIDE U.S. - QUALIFYING COUNTRY (DOD ONLY),B,PLAN NOT REQUIRED,C,NOT COMPETED,SSS,ONLY ONE SOURCE,NONE,NO SET ASIDE USED.,NONE,NO PREFERENCE USED,,,,,ONE,ONLY ONE SOURCE-OTHER (FAR 6.302-1 OTHER),1,D,COMMERCIAL ITEM PROCEDURES NOT USED,f,N,NO,N,NO,Y,YES,N,NO,0.00,N,NO,X,NOT APPLICABLE,X,NOT APPLICABLE,X,NOT APPLICABLE,X,NOT APPLICABLE,,,,,,,,NONE,NONE,N,NO,X,NOT APPLICABLE EXEMPT FROM CAS,N,TRANSACTION DOES NOT USE GFE/GFP,U,UNKNOWN,D,NOT CONSOLIDATED,X,NOT APPLICABLE,N,NO,Z,NOT APPLICABLE,N,NO,X,NOT APPLICABLE,f,f,f,f,f,f,f,f,f,f,f,f,f,f,f,f,f,f,f,OTHER THAN SMALL BUSINESS,O,f,f,f,f,f,f,f,f,f,f,f,f,f,f,f,f,t,FOREIGN GOVERNMENT,f,f,f,f,f,f,f,f,f,f,f,f,f,f,f,f,f,t,f,f,f,f,f,f,f,f,f,f,f,f,f,f,f,f,f,f,f,f,f,f,f,f,f,f,f,f,f,f,f,f,,,,,,,,,,,https://www.usaspending.gov/award/CONT_AWD_SPE5EK21C0003_9700_-NONE-_-NONE-/,2024-02-13 16:47:23+00
CONT_AWD_SPE5EM21CF020_9700_-NONE-_-NONE-,SPE5EM21CF020,,,,Q: Not Designated Nonemergency/Emergency/Disaster/Wildfire Suppression,,,,,6474.72,0.00,6474.72,6474.72,2021-01-19,2021,2021-04-20,2021,2021-01-19,2022-02-03,2022-02-03 00:00:00,,2020-10-08,097,Department of Defense,97AS,Defense Logistics Agency,SPE5EM,DLA LAND AND MARITIME,097,Department of Defense,97AS,Defense Logistics Agency,SPE5EM,DLA LAND AND MARITIME,097-X-4930-005,097-4930,25.7: Operation and maintenance of equipment;26.0: Supplies and materials,0801: REIMBURSABLE,X,NOT APPLICABLE,,,WMLJULH6AX97,603246752,ALPHA TECHNOLOGIES,ALPHA TECHNOLOGIES,,0HF27,WMLJULH6AX97,603246752,ALPHA TECHNOLOGIES,ALPHA TECHNOLOGIES,USA,UNITED STATES,208 BOOT HILL DR,,WINCHESTER,47051,FRANKLIN,47,TN,TENNESSEE,373983345,TN-04,TN-04,9319620314,9319622217,USA,UNITED STATES,WINCHESTER,47051,FRANKLIN,47,TN,TENNESSEE,373983345,TN-04,TN-04,AWARD,D,DEFINITIVE CONTRACT,,,,,,,J,FIRM FIXED PRICE,"8507910148!HANDLE,MANUAL CONTR",SPE5EM21T0315,1,,,5340,"HARDWARE, COMMERCIAL",H,NOT BUNDLED,C9E,ALL OTHERS NOT IDENTIFIABLE TO ANY OTHER PROCUREMENT PROGRAM,332722,"BOLT, NUT, SCREW, RIVET, AND WASHER MANUFACTURING",C,NO CLAUSES INCLUDED AND NO SUSTAINABILITY INCLUDED,A,U.S. OWNED BUSINESS,000,NONE,Z,NOT IT PRODUCTS OR SERVICES,E,NOT REQUIRED,USA,UNITED STATES,D,MFG IN U.S.,B,PLAN NOT REQUIRED,F,COMPETED UNDER SAP,SP1,SIMPLIFIED ACQUISITION,NONE,NO SET ASIDE USED.,NONE,NO PREFERENCE USED,,,,,,,4,D,COMMERCIAL ITEM PROCEDURES NOT USED,f,N,NO,N,NO,N,NO,N,NO,,N,NO,N,NO,X,NOT APPLICABLE,X,NOT APPLICABLE,X,NOT APPLICABLE,,,,,,,,NONE,NONE,N,NO,X,NOT APPLICABLE EXEMPT FROM CAS,N,TRANSACTION DOES NOT USE GFE/GFP,U,UNKNOWN,D,NOT CONSOLIDATED,X,NOT APPLICABLE,N,NO,Z,NOT APPLICABLE,N,NO,X,NOT APPLICABLE,f,f,f,f,f,f,f,f,f,f,f,f,f,f,f,f,f,f,f,SMALL BUSINESS,S,f,f,f,f,f,f,f,f,f,f,f,f,f,f,f,f,f,SOLE PROPRIETORSHIP,f,f,f,t,f,f,f,f,f,f,f,f,t,f,f,f,f,t,f,f,f,f,f,f,f,f,f,f,t,f,f,f,f,f,f,f,f,f,f,f,f,f,f,f,f,f,f,f,f,f,,,,,,,,,,,https://www.usaspending.gov/award/CONT_AWD_SPE5EM21CF020_9700_-NONE-_-NONE-/,2021-04-20 09:43:13+00
CONT_AWD_SPE5EM21CF033_9700_-NONE-_-NONE-,SPE5EM21CF033,,,,Q: Not Designated Nonemergency/Emergency/Disaster/Wildfire Suppression,,,,,4308.00,0.00,4308.00,4308.00,2021-04-21,2021,2021-04-21,2021,2021-04-21,2022-02-25,2022-02-25 00:00:00,,2021-03-11,097,Department of Defense,97AS,Defense Logistics Agency,SPE5EM,DLA LAND AND MARITIME,097,Department of Defense,97AS,Defense Logistics Agency,SPE5EM,DLA LAND AND MARITIME,097-X-4930-005,097-4930,25.7: Operation and maintenance of equipment;26.0: Supplies and materials,0801: REIMBURSABLE,X,NOT APPLICABLE,,,GWEEKJ2PNL45,,BUTT FAREED AHMAD,"BUTT, FAREED AHMAD",,6ZF42,GWEEKJ2PNL45,,BUTT FAREED AHMAD,BUTT  FAREED AHMAD,USA,UNITED STATES,10709 TUBE DR STE 160,,HURST,48439,TARRANT,48,TX,TEXAS,760537916,,TX-24,6825515902,,USA,UNITED STATES,HURST,48439,TARRANT,48,TX,TEXAS,760537916,TX-24,TX-24,AWARD,D,DEFINITIVE CONTRACT,,,,,,,J,FIRM FIXED PRICE,"8508116572!WASHER,KEYWAY",SPE5EM21T2433,1,,,5310,NUTS AND WASHERS,H,NOT BUNDLED,C9E,ALL OTHERS NOT IDENTIFIABLE TO ANY OTHER PROCUREMENT PROGRAM,332722,"BOLT, NUT, SCREW, RIVET, AND WASHER MANUFACTURING",C,NO CLAUSES INCLUDED AND NO SUSTAINABILITY INCLUDED,A,U.S. OWNED BUSINESS,000,NONE,Z,NOT IT PRODUCTS OR SERVICES,E,NOT REQUIRED,USA,UNITED STATES,D,MFG IN U.S.,B,PLAN NOT REQUIRED,F,COMPETED UNDER SAP,SP1,SIMPLIFIED ACQUISITION,NONE,NO SET ASIDE USED.,NONE,NO PREFERENCE USED,,,,,,,7,D,COMMERCIAL ITEM PROCEDURES NOT USED,f,N,NO,N,NO,N,NO,N,NO,,N,NO,N,NO,X,NOT APPLICABLE,X,NOT APPLICABLE,X,NOT APPLICABLE,,,,,,,,NONE,NONE,N,NO,X,NOT APPLICABLE EXEMPT FROM CAS,N,TRANSACTION DOES NOT USE GFE/GFP,U,UNKNOWN,D,NOT CONSOLIDATED,X,NOT APPLICABLE,N,NO,Z,NOT APPLICABLE,N,NO,X,NOT APPLICABLE,f,f,f,f,f,f,f,f,f,f,f,f,t,t,f,f,f,f,f,SMALL BUSINESS,S,f,f,f,f,f,f,f,f,f,f,f,f,f,f,f,f,f,SOLE PROPRIETORSHIP,f,f,f,t,f,f,f,f,f,f,f,f,t,f,f,f,f,t,f,f,f,f,f,f,f,f,f,f,t,f,f,f,f,f,f,f,f,f,f,f,f,f,f,f,f,t,f,f,f,f,,,,,,,,,,,https://www.usaspending.gov/award/CONT_AWD_SPE5EM21CF033_9700_-NONE-_-NONE-/,2022-08-19 08:22:01+00
CONT_AWD_SPE5EM21CF035_9700_-NONE-_-NONE-,SPE5EM21CF035,,,,Q: Not Designated Nonemergency/Emergency/Disaster/Wildfire Suppression,,,,,8409.50,0.00,8409.50,8409.50,2021-04-21,2021,2021-04-21,2021,2021-04-21,2022-03-17,2022-03-17 00:00:00,,2021-01-12,097,Department of Defense,97AS,Defense Logistics Agency,SPE5EM,DLA LAND AND MARITIME,097,Department of Defense,97AS,Defense Logistics Agency,SPE5EM,DLA LAND AND MARITIME,097-X-4930-005,097-4930,25.7: Operation and maintenance of equipment;26.0: Supplies and materials,0801: REIMBURSABLE,X,NOT APPLICABLE,,,QF3MD1MU1651,,"ECHELON SUPPLY AND SERVICE, INC.","J.G.B. ENTERPRISES, INC.",,61125,QF3MD1MU1651,,"ECHELON SUPPLY AND SERVICE, INC.",J.G.B. ENTERPRISES  INC.,USA,UNITED STATES,115 METROPOLITAN DR,,LIVERPOOL,36067,ONONDAGA,36,NY,NEW YORK,130885335,,NY-22,3154512770,3154518503,USA,UNITED STATES,LIVERPOOL,36067,ONONDAGA,36,NY,NEW YORK,130885335,NY-24,NY-22,AWARD,D,DEFINITIVE CONTRACT,,,,,,,J,FIRM FIXED PRICE,"8508120555!HARDWARE KIT,MECHAN",SPE5EM21T0962,1,,,5340,"HARDWARE, COMMERCIAL",H,NOT BUNDLED,C9E,ALL OTHERS NOT IDENTIFIABLE TO ANY OTHER PROCUREMENT PROGRAM,332510,HARDWARE MANUFACTURING,C,NO CLAUSES INCLUDED AND NO SUSTAINABILITY INCLUDED,A,U.S. OWNED BUSINESS,000,NONE,Z,NOT IT PRODUCTS OR SERVICES,E,NOT REQUIRED,USA,UNITED STATES,D,MFG IN U.S.,B,PLAN NOT REQUIRED,F,COMPETED UNDER SAP,SP1,SIMPLIFIED ACQUISITION,NONE,NO SET ASIDE USED.,NONE,NO PREFERENCE USED,,,,,,,4,D,COMMERCIAL ITEM PROCEDURES NOT USED,f,N,NO,N,NO,N,NO,N,NO,,N,NO,N,NO,X,NOT APPLICABLE,X,NOT APPLICABLE,X,NOT APPLICABLE,,,,,,,,NONE,NONE,N,NO,X,NOT APPLICABLE EXEMPT FROM CAS,N,TRANSACTION DOES NOT USE GFE/GFP,U,UNKNOWN,D,NOT CONSOLIDATED,X,NOT APPLICABLE,N,NO,Z,NOT APPLICABLE,N,NO,X,NOT APPLICABLE,f,f,f,f,f,f,f,f,f,f,f,f,f,f,f,f,f,f,f,OTHER THAN SMALL BUSINESS,O,f,f,f,f,f,f,f,f,f,f,f,f,f,f,f,f,f,CORPORATE NOT TAX EXEMPT,t,f,f,f,f,f,f,f,f,f,f,f,t,f,f,f,f,t,f,f,f,f,f,f,f,f,f,f,t,f,f,f,f,f,f,f,f,f,f,f,f,f,f,f,f,f,f,f,f,f,,,,,,,,,,,https://www.usaspending.gov/award/CONT_AWD_SPE5EM21CF035_9700_-NONE-_-NONE-/,2022-10-26 07:32:12+00
CONT_AWD_SPE5EM21CF039_9700_-NONE-_-NONE-,SPE5EM21CF039,,,,Q: Not Designated Nonemergency/Emergency/Disaster/Wildfire Suppression,,,,,12634.40,0.00,12634.40,12634.40,2021-04-23,2021,2021-04-23,2021,2021-04-23,2022-11-04,2022-11-04 00:00:00,,2021-03-18,097,Department of Defense,97AS,Defense Logistics Agency,SPE5EM,DLA LAND AND MARITIME,097,Department of Defense,97AS,Defense Logistics Agency,SPE5EM,DLA LAND AND MARITIME,097-X-4930-005,097-4930,25.7: Operation and maintenance of equipment;26.0: Supplies and materials,0801: REIMBURSABLE,X,NOT APPLICABLE,,,QZL4JE3G6W17,,APOLLO AEROSPACE COMPONENTS LLC,APOLLO AEROSPACE COMPONENTS LLC,,00360,JPCKG37A8VS8,,PARK-OHIO HOLDINGS CORP.,APOLLO AEROSPACE COMPONENTS LLC,USA,UNITED STATES,351 CAMER DR,,BENSALEM,42017,BUCKS,42,PA,PENNSYLVANIA,190207341,,PA-01,6304499514,3168540580,USA,UNITED STATES,BENSALEM,42017,BUCKS,42,PA,PENNSYLVANIA,190207341,PA-01,PA-01,AWARD,D,DEFINITIVE CONTRACT,,,,,,,J,FIRM FIXED PRICE,8508161318!NUT,SPE5EM21T2697,1,,,5310,NUTS AND WASHERS,H,NOT BUNDLED,C9E,ALL OTHERS NOT IDENTIFIABLE TO ANY OTHER PROCUREMENT PROGRAM,332722,"BOLT, NUT, SCREW, RIVET, AND WASHER MANUFACTURING",C,NO CLAUSES INCLUDED AND NO SUSTAINABILITY INCLUDED,A,U.S. OWNED BUSINESS,000,NONE,Z,NOT IT PRODUCTS OR SERVICES,E,NOT REQUIRED,USA,UNITED STATES,D,MFG IN U.S.,B,PLAN NOT REQUIRED,F,COMPETED UNDER SAP,SP1,SIMPLIFIED ACQUISITION,SBA,SMALL BUSINESS SET ASIDE - TOTAL,NONE,NO PREFERENCE USED,,,,,,,6,D,COMMERCIAL ITEM PROCEDURES NOT USED,f,N,NO,N,NO,N,NO,N,NO,,N,NO,N,NO,X,NOT APPLICABLE,X,NOT APPLICABLE,X,NOT APPLICABLE,,,,,,,,NONE,NONE,N,NO,X,NOT APPLICABLE EXEMPT FROM CAS,N,TRANSACTION DOES NOT USE GFE/GFP,U,UNKNOWN,D,NOT CONSOLIDATED,X,NOT APPLICABLE,N,NO,Z,NOT APPLICABLE,N,NO,X,NOT APPLICABLE,f,f,f,f,f,f,f,f,f,f,f,f,f,f,f,f,f,f,f,SMALL BUSINESS,S,f,f,f,f,f,f,f,f,f,f,f,f,f,f,f,f,f,CORPORATE NOT TAX EXEMPT,t,f,f,f,f,f,f,f,f,f,f,f,f,f,f,f,f,t,f,f,f,f,f,f,f,f,f,f,t,f,f,f,f,f,f,f,f,f,f,f,f,f,f,f,f,f,f,f,f,f,,,,,,,,,,,https://www.usaspending.gov/award/CONT_AWD_SPE5EM21CF039_9700_-NONE-_-NONE-/,2024-05-22 07:36:33+00
CONT_AWD_SPE7L320C0009_9700_-NONE-_-NONE-,SPE7L320C0009,,,,,,,,,1022977.32,0.00,1022977.32,1022977.32,2020-01-23,2020,2021-04-16,2021,2020-01-23,2021-10-27,2021-10-27 00:00:00,,2019-10-15,097,Department of Defense,97AS,Defense Logistics Agency,SPE7L3,DLA LAND AND MARITIME,097,Department of Defense,97AS,Defense Logistics Agency,SPE7L3,DLA LAND AND MARITIME,097-X-4930-005,097-4930,26.0: Supplies and materials,,X,NOT APPLICABLE,,,K7QWMTNE77W4,,BRIGHTON CROMWELL LLC,BRIGHTON CROMWELL LLC,,3NNX8,K7QWMTNE77W4,,BRIGHTON CROMWELL LLC,BRIGHTON CROMWELL LLC,USA,UNITED STATES,111 CANFIELD AVE BLDG C 1-10,,RANDOLPH,34027,MORRIS,34,NJ,NEW JERSEY,078691119,NJ-11,NJ-11,9732524100,9732526886,USA,UNITED STATES,RANDOLPH,34027,MORRIS,34,NJ,NEW JERSEY,078691119,NJ-11,NJ-11,AWARD,D,DEFINITIVE CONTRACT,,,,,,,J,FIRM FIXED PRICE,"8507082385!PUMP,FUEL,ELECTRICA",SPE7L319R0049,1,,,2910,"ENGINE FUEL SYSTEM COMPONENTS, NONAIRCRAFT",H,NOT BUNDLED,A4B,NON-COMBAT VEHICLES,333618,OTHER ENGINE EQUIPMENT MANUFACTURING,C,NO CLAUSES INCLUDED AND NO SUSTAINABILITY INCLUDED,A,U.S. OWNED BUSINESS,000,NONE,Z,NOT IT PRODUCTS OR SERVICES,E,NOT REQUIRED,USA,UNITED STATES,D,MFG IN U.S.,B,PLAN NOT REQUIRED,F,COMPETED UNDER SAP,SP1,SIMPLIFIED ACQUISITION,NONE,NO SET ASIDE USED.,NONE,NO PREFERENCE USED,,,,,,,1,D,COMMERCIAL ITEM PROCEDURES NOT USED,f,N,NO,N,NO,Y,YES,N,NO,,N,NO,Y,YES,X,NOT APPLICABLE,X,NOT APPLICABLE,X,NOT APPLICABLE,,,,,,,,NONE,NONE,N,NO,X,NOT APPLICABLE EXEMPT FROM CAS,N,TRANSACTION DOES NOT USE GFE/GFP,U,UNKNOWN,D,NOT CONSOLIDATED,X,NOT APPLICABLE,N,NO,Z,NOT APPLICABLE,N,NO,X,NOT APPLICABLE,f,f,f,f,f,f,f,f,f,f,f,f,f,f,f,f,f,f,f,SMALL BUSINESS,S,f,f,f,f,f,f,f,f,f,f,f,f,f,f,f,f,f,CORPORATE NOT TAX EXEMPT,t,f,f,f,f,f,f,f,f,f,f,f,t,f,f,f,f,t,f,f,f,f,f,f,f,f,t,f,t,f,f,f,f,f,f,f,f,f,f,f,f,f,f,f,f,f,f,f,f,f,DAN  EDWARDS,285000.00,GLENN  VAN ETTEN,450325.00,RYAN  LEBON,235000.00,KIERAN  KEELTY,220000.00,MIKE  PLASSE,221045.00,https://www.usaspending.gov/award/CONT_AWD_SPE7L320C0009_9700_-NONE-_-NONE-/,2025-04-22 16:50:17+00
CONT_AWD_SPE7L320C0029_9700_-NONE-_-NONE-,SPE7L320C0029,,,,Q: Not Designated Nonemergency/Emergency/Disaster/Wildfire Suppression,,,,,1999965.00,0.00,1999965.00,1999965.00,2020-04-10,2020,2021-04-16,2021,2020-04-10,2022-07-11,2022-07-11 00:00:00,,2019-02-19,097,Department of Defense,97AS,Defense Logistics Agency,SPE7L3,DLA LAND AND MARITIME,097,Department of Defense,97AS,Defense Logistics Agency,SPE7L3,DLA LAND AND MARITIME,097-X-4930-005,097-4930,26.0: Supplies and materials,0801: REIMBURSABLE,X,NOT APPLICABLE,,,K7QWMTNE77W4,085505951,BRIGHTON CROMWELL LLC,BRIGHTON CROMWELL LLC,,3NNX8,K7QWMTNE77W4,085505951,BRIGHTON CROMWELL LLC,BRIGHTON CROMWELL LLC,USA,UNITED STATES,111 CANFIELD AVE BLDG C 1-10,,RANDOLPH,34027,MORRIS,34,NJ,NEW JERSEY,078691119,NJ-11,NJ-11,9732524100,9732526886,USA,UNITED STATES,RANDOLPH,34027,MORRIS,34,NJ,NEW JERSEY,078691119,NJ-11,NJ-11,AWARD,D,DEFINITIVE CONTRACT,,,,,,,J,FIRM FIXED PRICE,8507299345!PRE-CLEANER ASSEMBL,SPE7L119R0007,1,,,2940,"ENGINE AIR AND OIL FILTERS, STRAINERS, AND CLEANERS, NONAIRCRAFT",H,NOT BUNDLED,C9E,ALL OTHERS NOT IDENTIFIABLE TO ANY OTHER PROCUREMENT PROGRAM,333618,OTHER ENGINE EQUIPMENT MANUFACTURING,C,NO CLAUSES INCLUDED AND NO SUSTAINABILITY INCLUDED,A,U.S. OWNED BUSINESS,000,NONE,Z,NOT IT PRODUCTS OR SERVICES,E,NOT REQUIRED,USA,UNITED STATES,D,MFG IN U.S.,B,PLAN NOT REQUIRED,A,FULL AND OPEN COMPETITION,NP,NEGOTIATED PROPOSAL/QUOTE,NONE,NO SET ASIDE USED.,NONE,NO PREFERENCE USED,,,,,,,1,D,COMMERCIAL ITEM PROCEDURES NOT USED,f,N,NO,N,NO,Y,YES,N,NO,0.00,N,NO,Y,YES,X,NOT APPLICABLE,X,NOT APPLICABLE,X,NOT APPLICABLE,,,,,,,,NONE,NONE,Y,YES,X,NOT APPLICABLE EXEMPT FROM CAS,N,TRANSACTION DOES NOT USE GFE/GFP,U,UNKNOWN,D,NOT CONSOLIDATED,X,NOT APPLICABLE,N,NO,Z,NOT APPLICABLE,N,NO,X,NOT APPLICABLE,f,f,f,f,f,f,f,f,f,f,f,f,f,f,f,f,f,f,f,SMALL BUSINESS,S,f,f,f,f,f,f,f,f,f,f,f,f,f,f,f,f,f,CORPORATE NOT TAX EXEMPT,t,f,f,f,f,f,f,f,f,f,f,f,t,f,f,f,f,t,f,f,f,f,f,f,f,f,t,f,t,f,f,f,f,f,f,f,f,f,f,f,f,f,f,f,f,f,f,f,f,f,DAN  EDWARDS,285000.00,GLENN  VAN ETTEN,450325.00,RYAN  LEBON,235000.00,KIERAN  KEELTY,220000.00,MIKE  PLASSE,221045.00,https://www.usaspending.gov/award/CONT_AWD_SPE7L320C0029_9700_-NONE-_-NONE-/,2021-04-16 12:29:28+00
CONT_AWD_SPE7L321C0006_9700_-NONE-_-NONE-,SPE7L321C0006,,,,Q: Not Designated Nonemergency/Emergency/Disaster/Wildfire Suppression,,,,,707942.00,0.00,707942.00,1399742.00,2021-02-04,2021,2021-04-21,2021,2021-02-04,2021-09-16,2021-09-16 00:00:00,,2020-09-16,097,Department of Defense,97AS,Defense Logistics Agency,SPE7L3,DLA LAND AND MARITIME,097,Department of Defense,97AS,Defense Logistics Agency,SPE7L3,DLA LAND AND MARITIME,097-X-4930-005,097-4930,26.0: Supplies and materials,0801: REIMBURSABLE,X,NOT APPLICABLE,,,JD78XKGK8DP3,059899864,PEAKER SERVICES INC,"PEAKER SERVICES, INC.",,9L007,CDA1WF56B325,602352544,PSI HOLDING CO,PSI HOLDING CO,USA,UNITED STATES,8080 KENSINGTON CT,,BRIGHTON,26093,LIVINGSTON,26,MI,MICHIGAN,481168591,MI-08,MI-07,2484374174,2484378280,USA,UNITED STATES,BRIGHTON,26093,LIVINGSTON,26,MI,MICHIGAN,481168591,MI-08,MI-07,AWARD,D,DEFINITIVE CONTRACT,,,,,,,J,FIRM FIXED PRICE,"8507955158!ACTUATOR,ELECTRO-ME",SPE7L320R0080,1,,,3010,TORQUE CONVERTERS AND SPEED CHANGERS,H,NOT BUNDLED,C9E,ALL OTHERS NOT IDENTIFIABLE TO ANY OTHER PROCUREMENT PROGRAM,333612,"SPEED CHANGER, INDUSTRIAL HIGH-SPEED DRIVE, AND GEAR MANUFACTURING",C,NO CLAUSES INCLUDED AND NO SUSTAINABILITY INCLUDED,A,U.S. OWNED BUSINESS,000,NONE,Z,NOT IT PRODUCTS OR SERVICES,E,NOT REQUIRED,USA,UNITED STATES,D,MFG IN U.S.,B,PLAN NOT REQUIRED,D,FULL AND OPEN COMPETITION AFTER EXCLUSION OF SOURCES,NP,NEGOTIATED PROPOSAL/QUOTE,SBA,SMALL BUSINESS SET ASIDE - TOTAL,NONE,NO PREFERENCE USED,,,,,,,6,D,COMMERCIAL ITEM PROCEDURES NOT USED,f,N,NO,N,NO,Y,YES,N,NO,,N,NO,Y,YES,X,NOT APPLICABLE,X,NOT APPLICABLE,X,NOT APPLICABLE,,,,,,,,NONE,NONE,N,NO,X,NOT APPLICABLE EXEMPT FROM CAS,N,TRANSACTION DOES NOT USE GFE/GFP,N,NO,D,NOT CONSOLIDATED,X,NOT APPLICABLE,N,NO,Z,NOT APPLICABLE,N,NO,X,NOT APPLICABLE,f,f,f,f,f,f,f,f,f,f,f,f,f,f,f,f,f,f,f,SMALL BUSINESS,S,f,f,f,f,f,f,f,f,f,f,f,f,f,f,f,f,f,CORPORATE NOT TAX EXEMPT,t,f,f,f,f,f,f,f,f,f,f,f,f,f,f,f,f,t,f,f,f,f,f,f,f,t,f,f,t,f,f,f,f,f,f,f,f,f,f,f,f,f,f,f,f,f,f,f,f,f,,,,,,,,,,,https://www.usaspending.gov/award/CONT_AWD_SPE7L321C0006_9700_-NONE-_-NONE-/,2021-04-21 11:41:51+00
CONT_AWD_SPE7L419C0028_9700_-NONE-_-NONE-,SPE7L419C0028,,,,Q: Not Designated Nonemergency/Emergency/Disaster/Wildfire Suppression,,,,,1641750.00,153230.00,1641750.00,1641750.00,2019-02-19,2019,2021-04-22,2021,2019-02-19,2021-10-01,2021-10-01 00:00:00,,2018-11-15,097,Department of Defense,97AS,Defense Logistics Agency,SPE7L4,DLA LAND AND MARITIME,097,Department of Defense,97AS,Defense Logistics Agency,SPE7L4,DLA LAND AND MARITIME,097-X-4930-005,097-4930,26.0: Supplies and materials,0801: REIMBURSABLE;OPTN: FIELD IS OPTIONAL PRIOR TO FY21,X,NOT APPLICABLE,,,HVVKL7253CK3,,WOODWARD HRT INC,"WOODWARD HRT, INC.",,81873,NJ83KV3NU9A6,,WOODWARD GOVERNOR COMPANY,WOODWARD GOVERNOR COMPANY,USA,UNITED STATES,25200 W RYE CANYON RD,,SANTA CLARITA,06037,LOS ANGELES,06,CA,CALIFORNIA,913551204,CA-25,CA-27,6617025747,6617025385,USA,UNITED STATES,VALENCIA,06037,LOS ANGELES,06,CA,CALIFORNIA,913551204,CA-25,CA-27,AWARD,D,DEFINITIVE CONTRACT,,,,,,,J,FIRM FIXED PRICE,"8506260777!SHAFT,DRIVE,FLEXIBL",SPE7L419R0006,1,,,3040,MISCELLANEOUS POWER TRANSMISSION EQUIPMENT,H,NOT BUNDLED,C9E,ALL OTHERS NOT IDENTIFIABLE TO ANY OTHER PROCUREMENT PROGRAM,333613,MECHANICAL POWER TRANSMISSION EQUIPMENT MANUFACTURING,C,NO CLAUSES INCLUDED AND NO SUSTAINABILITY INCLUDED,A,U.S. OWNED BUSINESS,000,NONE,Z,NOT IT PRODUCTS OR SERVICES,E,NOT REQUIRED,USA,UNITED STATES,D,MFG IN U.S.,F,INDIVIDUAL SUBCONTRACT PLAN,A,FULL AND OPEN COMPETITION,NP,NEGOTIATED PROPOSAL/QUOTE,NONE,NO SET ASIDE USED.,NONE,NO PREFERENCE USED,,,,,,,1,D,COMMERCIAL ITEM PROCEDURES NOT USED,f,N,NO,N,NO,Y,YES,N,NO,,N,NO,Y,YES,X,NOT APPLICABLE,X,NOT APPLICABLE,X,NOT APPLICABLE,,,,,,,,NONE,NONE,N,NO,X,NOT APPLICABLE EXEMPT FROM CAS,N,TRANSACTION DOES NOT USE GFE/GFP,Y,YES,D,NOT CONSOLIDATED,X,NOT APPLICABLE,N,NO,Z,NOT APPLICABLE,N,NO,X,NOT APPLICABLE,f,f,f,f,f,f,f,f,f,f,f,f,f,f,f,f,f,f,f,OTHER THAN SMALL BUSINESS,O,f,f,f,f,f,f,f,f,f,f,f,f,f,f,f,f,f,CORPORATE NOT TAX EXEMPT,t,f,f,f,f,f,f,f,f,f,f,f,t,f,f,f,f,t,f,f,f,f,f,f,f,f,f,f,t,f,f,f,f,f,f,f,f,f,f,f,f,f,f,f,f,f,f,f,f,f,CARL  MOFFITT,540000.00,WILLIAM  STONE,477758.00,WILLIAM  SHUMAKER,510089.00,MARTIN  KURZDORFER,510137.00,LOUCAS  CHRISTODULIDES,385782.00,https://www.usaspending.gov/award/CONT_AWD_SPE7L419C0028_9700_-NONE-_-NONE-/,2025-04-22 16:50:17+00
CONT_AWD_SPE7L421C0001_9700_-NONE-_-NONE-,SPE7L421C0001,,,,Q: Not Designated Nonemergency/Emergency/Disaster/Wildfire Suppression,,,,,962832.50,0.00,962832.50,962832.50,2020-11-03,2021,2021-04-16,2021,2020-11-03,2021-09-20,2021-09-20 00:00:00,,2020-08-13,097,Department of Defense,97AS,Defense Logistics Agency,SPE7L4,DLA LAND AND MARITIME,097,Department of Defense,97AS,Defense Logistics Agency,SPE7L4,DLA LAND AND MARITIME,097-X-4930-005,097-4930,26.0: Supplies and materials,0801: REIMBURSABLE,X,NOT APPLICABLE,,,K7QWMTNE77W4,,BRIGHTON CROMWELL LLC,BRIGHTON CROMWELL LLC,,3NNX8,K7QWMTNE77W4,,BRIGHTON CROMWELL LLC,BRIGHTON CROMWELL LLC,USA,UNITED STATES,111 CANFIELD AVE BLDG C 1-10,,RANDOLPH,34027,MORRIS,34,NJ,NEW JERSEY,078691119,NJ-11,NJ-11,9732524100,9732526886,USA,UNITED STATES,RANDOLPH,34027,MORRIS,34,NJ,NEW JERSEY,078691119,NJ-11,NJ-11,AWARD,D,DEFINITIVE CONTRACT,,,,,,,J,FIRM FIXED PRICE,"8507762280!FILTER ASSEMBLY,FLU",SPE7L420R0048,1,,,2910,"ENGINE FUEL SYSTEM COMPONENTS, NONAIRCRAFT",H,NOT BUNDLED,C9E,ALL OTHERS NOT IDENTIFIABLE TO ANY OTHER PROCUREMENT PROGRAM,336390,OTHER MOTOR VEHICLE PARTS MANUFACTURING,C,NO CLAUSES INCLUDED AND NO SUSTAINABILITY INCLUDED,A,U.S. OWNED BUSINESS,000,NONE,Z,NOT IT PRODUCTS OR SERVICES,E,NOT REQUIRED,USA,UNITED STATES,D,MFG IN U.S.,B,PLAN NOT REQUIRED,A,FULL AND OPEN COMPETITION,NP,NEGOTIATED PROPOSAL/QUOTE,NONE,NO SET ASIDE USED.,NONE,NO PREFERENCE USED,,,,,,,1,D,COMMERCIAL ITEM PROCEDURES NOT USED,f,N,NO,N,NO,Y,YES,N,NO,0.00,N,NO,Y,YES,X,NOT APPLICABLE,X,NOT APPLICABLE,X,NOT APPLICABLE,,,,,,,,NONE,NONE,N,NO,X,NOT APPLICABLE EXEMPT FROM CAS,N,TRANSACTION DOES NOT USE GFE/GFP,N,NO,D,NOT CONSOLIDATED,X,NOT APPLICABLE,N,NO,Z,NOT APPLICABLE,N,NO,X,NOT APPLICABLE,f,f,f,f,f,f,f,f,f,f,f,f,f,f,f,f,f,f,f,SMALL BUSINESS,S,f,f,f,f,f,f,f,f,f,f,f,f,f,f,f,f,f,CORPORATE NOT TAX EXEMPT,t,f,f,f,f,f,f,f,f,f,f,f,t,f,f,f,f,t,f,f,f,f,f,f,f,f,t,f,t,f,f,f,f,f,f,f,f,f,f,f,f,f,f,f,f,f,f,f,f,f,DAN  EDWARDS,285000.00,GLENN  VAN ETTEN,450325.00,RYAN  LEBON,235000.00,KIERAN  KEELTY,220000.00,MIKE  PLASSE,221045.00,https://www.usaspending.gov/award/CONT_AWD_SPE7L421C0001_9700_-NONE-_-NONE-/,2025-04-22 16:50:17+00
CONT_AWD_SPE7M220C0011_9700_-NONE-_-NONE-,SPE7M220C0011,,,,Q: Not Designated Nonemergency/Emergency/Disaster/Wildfire Suppression,,,,,125317.50,0.00,125317.50,127567.50,2020-02-04,2020,2021-04-20,2021,2020-02-04,2021-09-27,2021-09-27 00:00:00,,,097,Department of Defense,97AS,Defense Logistics Agency,SPE7M2,DLA LAND AND MARITIME,097,Department of Defense,97AS,Defense Logistics Agency,SPE7M2,DLA LAND AND MARITIME,097-X-4930-005,097-4930,26.0: Supplies and materials,0801: REIMBURSABLE,X,NOT APPLICABLE,,,FX2XH55L2458,079481523,"TRIUMPH ACTUATION SYSTEMS - YAKIMA, LLC","TRIUMPH ACTUATION SYSTEMS - YAKIMA, LLC",,97415,GFJRAJF46NN4,807636451,"TRIUMPH GROUP, INC.",TRIUMPH GROUP  INC.,USA,UNITED STATES,2720 W WASHINGTON AVE,,YAKIMA,53077,YAKIMA,53,WA,WASHINGTON,989032513,WA-04,WA-04,5092485000,,USA,UNITED STATES,YAKIMA,53077,YAKIMA,53,WA,WASHINGTON,989032513,WA-04,WA-04,AWARD,D,DEFINITIVE CONTRACT,,,,,,,J,FIRM FIXED PRICE,"8507108780!CONNECTOR,ROD END",SPE7M220R0007,1,,,5340,"HARDWARE, COMMERCIAL",H,NOT BUNDLED,C9E,ALL OTHERS NOT IDENTIFIABLE TO ANY OTHER PROCUREMENT PROGRAM,336413,OTHER AIRCRAFT PARTS AND AUXILIARY EQUIPMENT MANUFACTURING,C,NO CLAUSES INCLUDED AND NO SUSTAINABILITY INCLUDED,A,U.S. OWNED BUSINESS,000,NONE,Z,NOT IT PRODUCTS OR SERVICES,E,NOT REQUIRED,USA,UNITED STATES,D,MFG IN U.S.,B,PLAN NOT REQUIRED,A,FULL AND OPEN COMPETITION,NP,NEGOTIATED PROPOSAL/QUOTE,NONE,NO SET ASIDE USED.,NONE,NO PREFERENCE USED,,,,,,,1,D,COMMERCIAL ITEM PROCEDURES NOT USED,f,N,NO,N,NO,Y,YES,N,NO,,N,NO,Y,YES,X,NOT APPLICABLE,X,NOT APPLICABLE,X,NOT APPLICABLE,,,,,,,,NONE,NONE,N,NO,X,NOT APPLICABLE EXEMPT FROM CAS,N,TRANSACTION DOES NOT USE GFE/GFP,Y,YES,D,NOT CONSOLIDATED,X,NOT APPLICABLE,N,NO,Z,NOT APPLICABLE,N,NO,X,NOT APPLICABLE,f,f,f,f,f,f,f,f,f,f,f,f,f,f,f,f,f,f,f,OTHER THAN SMALL BUSINESS,O,f,f,f,f,f,f,f,f,f,f,f,f,f,f,f,f,f,CORPORATE NOT TAX EXEMPT,t,f,f,f,f,f,f,f,f,f,f,f,f,f,f,f,f,t,f,f,f,f,f,f,f,f,t,f,t,f,f,f,f,f,f,f,f,f,f,f,f,f,f,f,f,f,f,f,f,f,,,,,,,,,,,https://www.usaspending.gov/award/CONT_AWD_SPE7M220C0011_9700_-NONE-_-NONE-/,2021-04-20 16:40:42+00
CONT_AWD_SPE7M220C0013_9700_-NONE-_-NONE-,SPE7M220C0013,,,,Q: Not Designated Nonemergency/Emergency/Disaster/Wildfire Suppression,,,,,564057.70,0.00,564057.70,564057.70,2020-02-07,2020,2021-04-19,2021,2020-02-07,2021-04-07,2021-04-07 00:00:00,,2019-11-21,097,Department of Defense,97AS,Defense Logistics Agency,SPE7M2,DLA LAND AND MARITIME,097,Department of Defense,97AS,Defense Logistics Agency,SPE7M2,DLA LAND AND MARITIME,097-X-4930-005,097-4930,25.7: Operation and maintenance of equipment;26.0: Supplies and materials,0801: REIMBURSABLE,X,NOT APPLICABLE,,,QKA6SNJC37L7,,CAPY MACHINE SHOP INC.,CAPY MACHINE SHOP INC.,,0BVP9,QKA6SNJC37L7,,CAPY MACHINE SHOP INC.,CAPY MACHINE SHOP INC.,USA,UNITED STATES,114 SPAGNOLI RD,,MELVILLE,36103,SUFFOLK,36,NY,NEW YORK,117473502,NY-03,NY-01,6316946916,6316946927,USA,UNITED STATES,MELVILLE,36103,SUFFOLK,36,NY,NEW YORK,117473502,NY-03,NY-01,AWARD,D,DEFINITIVE CONTRACT,,,,,,,J,FIRM FIXED PRICE,"8507123473!CONTAINER,AIR",SPE7M219R0031,1,,,1710,AIRCRAFT LANDING EQUIPMENT,H,NOT BUNDLED,C9E,ALL OTHERS NOT IDENTIFIABLE TO ANY OTHER PROCUREMENT PROGRAM,336413,OTHER AIRCRAFT PARTS AND AUXILIARY EQUIPMENT MANUFACTURING,C,NO CLAUSES INCLUDED AND NO SUSTAINABILITY INCLUDED,A,U.S. OWNED BUSINESS,000,NONE,Z,NOT IT PRODUCTS OR SERVICES,E,NOT REQUIRED,USA,UNITED STATES,D,MFG IN U.S.,B,PLAN NOT REQUIRED,D,FULL AND OPEN COMPETITION AFTER EXCLUSION OF SOURCES,NP,NEGOTIATED PROPOSAL/QUOTE,SBA,SMALL BUSINESS SET ASIDE - TOTAL,NONE,NO PREFERENCE USED,,,,,,,2,D,COMMERCIAL ITEM PROCEDURES NOT USED,f,N,NO,N,NO,Y,YES,N,NO,0.00,N,NO,Y,YES,X,NOT APPLICABLE,X,NOT APPLICABLE,X,NOT APPLICABLE,,,,,,,,NONE,NONE,N,NO,X,NOT APPLICABLE EXEMPT FROM CAS,N,TRANSACTION DOES NOT USE GFE/GFP,N,NO,D,NOT CONSOLIDATED,X,NOT APPLICABLE,N,NO,Z,NOT APPLICABLE,N,NO,X,NOT APPLICABLE,f,f,f,f,f,f,f,t,f,f,f,f,f,f,f,f,f,f,f,SMALL BUSINESS,S,f,f,f,f,f,f,f,f,f,f,f,f,f,f,f,f,f,CORPORATE NOT TAX EXEMPT,t,f,f,f,f,f,f,f,f,f,f,f,t,f,f,f,f,t,f,f,f,f,f,f,f,f,f,f,t,f,f,f,f,f,f,f,f,f,f,f,f,f,f,f,f,f,f,f,f,f,,,,,,,,,,,https://www.usaspending.gov/award/CONT_AWD_SPE7M220C0013_9700_-NONE-_-NONE-/,2025-04-22 16:50:17+00
CONT_AWD_SPE7M221C0014_9700_-NONE-_-NONE-,SPE7M221C0014,,,,Q: Not Designated Nonemergency/Emergency/Disaster/Wildfire Suppression,,,,,1980000.00,0.00,1980000.00,1980000.00,2021-04-22,2021,2021-04-22,2021,2021-04-22,2022-05-27,2022-05-27 00:00:00,,2021-02-22,097,Department of Defense,97AS,Defense Logistics Agency,SPE7M2,DLA LAND AND MARITIME,097,Department of Defense,97AS,Defense Logistics Agency,SPE7M2,DLA LAND AND MARITIME,097-X-4930-005,097-4930,26.0: Supplies and materials,0801: REIMBURSABLE,X,NOT APPLICABLE,,,TGGMDYLJGVN8,,"PIONEER INDUSTRIES, LLC","PIONEER INDUSTRIES, INC.",,66200,TGGMDYLJGVN8,,"PIONEER INDUSTRIES, LLC",PIONEER INDUSTRIES  INC.,USA,UNITED STATES,155 MARINE ST,,FARMINGDALE,36103,SUFFOLK,36,NY,NEW YORK,117355609,NY-02,NY-02,6317776000,6317776100,USA,UNITED STATES,FARMINGDALE,36103,SUFFOLK,36,NY,NEW YORK,117355609,NY-02,NY-02,AWARD,D,DEFINITIVE CONTRACT,,,,,,,J,FIRM FIXED PRICE,"8508139978!SEAL ASSEMBLY,SHAFT",SPE7M221R0011,1,,,4320,POWER AND HAND PUMPS,H,NOT BUNDLED,A3,SHIPS,339991,"GASKET, PACKING, AND SEALING DEVICE MANUFACTURING",C,NO CLAUSES INCLUDED AND NO SUSTAINABILITY INCLUDED,A,U.S. OWNED BUSINESS,000,NONE,Z,NOT IT PRODUCTS OR SERVICES,E,NOT REQUIRED,USA,UNITED STATES,D,MFG IN U.S.,B,PLAN NOT REQUIRED,F,COMPETED UNDER SAP,SP1,SIMPLIFIED ACQUISITION,NONE,NO SET ASIDE USED.,NONE,NO PREFERENCE USED,,,,,,,1,D,COMMERCIAL ITEM PROCEDURES NOT USED,f,N,NO,N,NO,N,NO,N,NO,0.00,N,NO,Y,YES,X,NOT APPLICABLE,X,NOT APPLICABLE,X,NOT APPLICABLE,,,,,,,,NONE,NONE,N,NO,X,NOT APPLICABLE EXEMPT FROM CAS,N,TRANSACTION DOES NOT USE GFE/GFP,U,UNKNOWN,D,NOT CONSOLIDATED,X,NOT APPLICABLE,N,NO,Z,NOT APPLICABLE,N,NO,X,NOT APPLICABLE,f,f,f,f,f,f,f,f,f,f,f,f,f,f,f,f,f,f,f,SMALL BUSINESS,S,f,f,f,f,f,f,f,f,f,f,f,f,f,f,f,f,f,CORPORATE NOT TAX EXEMPT,t,f,f,f,f,f,f,f,f,f,f,f,f,f,f,f,f,t,f,f,f,f,f,f,f,f,f,f,t,f,f,f,f,f,f,f,f,f,f,f,f,f,f,f,f,f,f,f,f,f,,,,,,,,,,,https://www.usaspending.gov/award/CONT_AWD_SPE7M221C0014_9700_-NONE-_-NONE-/,2022-07-24 15:40:49+00
CONT_AWD_SPE8E621CF008_9700_-NONE-_-NONE-,SPE8E621CF008,,,,Q: Not Designated Nonemergency/Emergency/Disaster/Wildfire Suppression,,,,,40388.00,0.00,40388.00,40388.00,2020-11-05,2021,2021-04-21,2021,2020-11-05,2021-07-21,2021-07-21 00:00:00,,2020-09-28,097,Department of Defense,97AS,Defense Logistics Agency,SPE8E6,DLA TROOP SUPPORT,097,Department of Defense,97AS,Defense Logistics Agency,SPE8E6,DLA TROOP SUPPORT,097-X-4930-005,097-4930,25.7: Operation and maintenance of equipment;26.0: Supplies and materials,0801: REIMBURSABLE,X,NOT APPLICABLE,,,NRLDHML776K5,121763932,"WECKWORTH MANUFACTURING, INC","WECKWORTH MANUFACTURING, INC.",,9J595,NRLDHML776K5,121763932,"WECKWORTH MANUFACTURING, INC",WECKWORTH MANUFACTURING  INC.,USA,UNITED STATES,117 BAUGHMAN AVE,,HAYSVILLE,20173,SEDGWICK,20,KS,KANSAS,670601305,KS-04,KS-04,3164252034,3162634492,USA,UNITED STATES,HAYSVILLE,20173,SEDGWICK,20,KS,KANSAS,670601305,KS-04,KS-04,AWARD,D,DEFINITIVE CONTRACT,,,,,,,J,FIRM FIXED PRICE,"8507775539!SHELTER,FIRE,PRACTI",SPE8E620Q0398,1,,,6930,OPERATION TRAINING DEVICES,H,NOT BUNDLED,C9A,CONSTRUCTION EQUIPMENT,314999,ALL OTHER MISCELLANEOUS TEXTILE PRODUCT MILLS,C,NO CLAUSES INCLUDED AND NO SUSTAINABILITY INCLUDED,A,U.S. OWNED BUSINESS,000,NONE,Z,NOT IT PRODUCTS OR SERVICES,E,NOT REQUIRED,USA,UNITED STATES,D,MFG IN U.S.,B,PLAN NOT REQUIRED,F,COMPETED UNDER SAP,SP1,SIMPLIFIED ACQUISITION,SBA,SMALL BUSINESS SET ASIDE - TOTAL,NONE,NO PREFERENCE USED,,,,,,,3,D,COMMERCIAL ITEM PROCEDURES NOT USED,f,N,NO,N,NO,N,NO,N,NO,,N,NO,Y,YES,X,NOT APPLICABLE,X,NOT APPLICABLE,X,NOT APPLICABLE,,,,,,,,NONE,NONE,N,NO,X,NOT APPLICABLE EXEMPT FROM CAS,N,TRANSACTION DOES NOT USE GFE/GFP,U,UNKNOWN,D,NOT CONSOLIDATED,X,NOT APPLICABLE,N,NO,Z,NOT APPLICABLE,N,NO,X,NOT APPLICABLE,f,f,f,f,f,f,f,f,f,f,f,f,f,f,f,f,f,f,f,SMALL BUSINESS,S,f,f,f,f,f,f,f,f,f,f,f,f,f,f,f,f,f,CORPORATE NOT TAX EXEMPT,t,f,f,f,f,f,f,f,f,f,f,f,t,f,f,f,f,t,f,f,f,f,f,f,f,f,f,f,t,f,f,f,f,f,f,f,f,f,f,f,f,f,f,f,f,f,f,f,f,f,,,,,,,,,,,https://www.usaspending.gov/award/CONT_AWD_SPE8E621CF008_9700_-NONE-_-NONE-/,2021-04-21 16:44:00+00
CONT_AWD_SPE8EE16CF007_9700_-NONE-_-NONE-,SPE8EE16CF007,,,,Q: Not Designated Nonemergency/Emergency/Disaster/Wildfire Suppression,,,,,62297.81,0.00,62297.81,62297.81,2016-03-02,2016,2021-04-20,2021,2016-03-02,2021-04-20,2021-04-20 00:00:00,,,097,Department of Defense,97AS,Defense Logistics Agency,SPE8EE,DLA TROOP SUPPORT,097,Department of Defense,97AS,Defense Logistics Agency,SPE8EE,DLA TROOP SUPPORT,097-X-4930-005,097-4930,26.0: Supplies and materials,0801: REIMBURSABLE,X,NOT APPLICABLE,,,JV1LP7784AN6,,CR DANIELS INC,"C. R. DANIELS, INC.",,15814,JV1LP7784AN6,,CR DANIELS INC,C.R.DANIELS INC.,USA,UNITED STATES,3451 ELLICOTT CENTER DR,,ELLICOTT CITY,24027,HOWARD,24,MD,MARYLAND,210434112,MD-07,MD-03,4104612100,4104612987,USA,UNITED STATES,ELLICOTT CITY,24027,HOWARD,24,MD,MARYLAND,210434112,MD-07,MD-03,AWARD,D,DEFINITIVE CONTRACT,,,,,,,J,FIRM FIXED PRICE,"8502939069!SLING,CARGO,NET",SPE8EE16Q0240,1,,,3940,"BLOCKS, TACKLE, RIGGING, AND SLINGS",D,NOT A BUNDLED REQUIREMENT,C9A,CONSTRUCTION EQUIPMENT,314994,"ROPE, CORDAGE, TWINE, TIRE CORD, AND TIRE FABRIC MILLS",C,NO CLAUSES INCLUDED AND NO SUSTAINABILITY INCLUDED,A,U.S. OWNED BUSINESS,000,NONE,Z,NOT IT PRODUCTS OR SERVICES,E,NOT REQUIRED,USA,UNITED STATES,D,MFG IN U.S.,B,PLAN NOT REQUIRED,F,COMPETED UNDER SAP,SP1,SIMPLIFIED ACQUISITION,NONE,NO SET ASIDE USED.,NONE,NO PREFERENCE USED,,,,,,,2,D,COMMERCIAL ITEM PROCEDURES NOT USED,f,N,NO,N,NO,N,NO,N,NO,,N,NO,Y,YES,X,NOT APPLICABLE,X,NOT APPLICABLE,X,NOT APPLICABLE,,,,,,,,NONE,NONE,N,NO,X,NOT APPLICABLE EXEMPT FROM CAS,N,TRANSACTION DOES NOT USE GFE/GFP,U,UNKNOWN,N,NO,X,NOT APPLICABLE,N,NO,Z,NOT APPLICABLE,N,NO,X,NOT APPLICABLE,f,f,f,f,f,f,f,f,f,f,f,f,f,f,f,f,f,f,f,SMALL BUSINESS,S,f,f,f,f,f,f,f,f,f,f,f,f,f,f,f,f,f,CORPORATE NOT TAX EXEMPT,t,f,f,f,f,f,f,f,f,f,f,f,t,f,f,f,f,t,f,f,f,f,f,f,f,f,f,f,t,f,f,f,f,f,f,f,f,f,f,f,f,f,f,f,f,f,f,f,f,f,,,,,,,,,,,https://www.usaspending.gov/award/CONT_AWD_SPE8EE16CF007_9700_-NONE-_-NONE-/,2025-04-22 16:50:17+00
CONT_AWD_SPE8EE16CF011_9700_-NONE-_-NONE-,SPE8EE16CF011,,,,Q: Not Designated Nonemergency/Emergency/Disaster/Wildfire Suppression,,,,,59646.18,0.00,59646.18,59646.18,2016-03-31,2016,2021-04-20,2021,2016-03-31,2021-06-15,2021-06-15 00:00:00,,,097,Department of Defense,97AS,Defense Logistics Agency,SPE8EE,DLA TROOP SUPPORT,097,Department of Defense,97AS,Defense Logistics Agency,SPE8EE,DLA TROOP SUPPORT,097-X-4930-005,097-4930,26.0: Supplies and materials,0801: REIMBURSABLE,X,NOT APPLICABLE,,,JV1LP7784AN6,003067410,CR DANIELS INC,"C. R. DANIELS, INC.",,15814,JV1LP7784AN6,003067410,CR DANIELS INC,C.R.DANIELS INC.,USA,UNITED STATES,3451 ELLICOTT CENTER DR,,ELLICOTT CITY,24027,HOWARD,24,MD,MARYLAND,210434112,MD-07,MD-03,4104612100,4104612987,USA,UNITED STATES,ELLICOTT CITY,24027,HOWARD,24,MD,MARYLAND,210434112,MD-07,MD-03,AWARD,D,DEFINITIVE CONTRACT,,,,,,,J,FIRM FIXED PRICE,"8503073290!SLING,CARGO,NET",SPE8EE16Q0245,1,,,3940,"BLOCKS, TACKLE, RIGGING, AND SLINGS",D,NOT A BUNDLED REQUIREMENT,C9A,CONSTRUCTION EQUIPMENT,339999,ALL OTHER MISCELLANEOUS MANUFACTURING,C,NO CLAUSES INCLUDED AND NO SUSTAINABILITY INCLUDED,A,U.S. OWNED BUSINESS,000,NONE,Z,NOT IT PRODUCTS OR SERVICES,E,NOT REQUIRED,USA,UNITED STATES,D,MFG IN U.S.,B,PLAN NOT REQUIRED,F,COMPETED UNDER SAP,SP1,SIMPLIFIED ACQUISITION,NONE,NO SET ASIDE USED.,NONE,NO PREFERENCE USED,,,,,,,4,D,COMMERCIAL ITEM PROCEDURES NOT USED,f,N,NO,N,NO,N,NO,N,NO,,N,NO,Y,YES,X,NOT APPLICABLE,X,NOT APPLICABLE,X,NOT APPLICABLE,,,,,,,,NONE,NONE,N,NO,X,NOT APPLICABLE EXEMPT FROM CAS,N,TRANSACTION DOES NOT USE GFE/GFP,U,UNKNOWN,N,NO,X,NOT APPLICABLE,N,NO,Z,NOT APPLICABLE,N,NO,X,NOT APPLICABLE,f,f,f,f,f,f,f,f,f,f,f,f,f,f,f,f,f,f,f,SMALL BUSINESS,S,f,f,f,f,f,f,f,f,f,f,f,f,f,f,f,f,f,CORPORATE NOT TAX EXEMPT,t,f,f,f,f,f,f,f,f,f,f,f,t,f,f,f,f,t,f,f,f,f,f,f,f,f,f,f,t,f,f,f,f,f,f,f,f,f,f,f,f,f,f,f,f,f,f,f,f,f,,,,,,,,,,,https://www.usaspending.gov/award/CONT_AWD_SPE8EE16CF011_9700_-NONE-_-NONE-/,2021-04-20 11:13:34+00
CONT_AWD_SPE8EE17CF005_9700_-NONE-_-NONE-,SPE8EE17CF005,,,,Q: Not Designated Nonemergency/Emergency/Disaster/Wildfire Suppression,,,,,37209.60,0.00,37209.60,37209.60,2016-10-11,2017,2021-04-20,2021,2016-10-11,2021-06-15,2021-06-15 00:00:00,,,097,Department of Defense,97AS,Defense Logistics Agency,SPE8EE,DLA TROOP SUPPORT,097,Department of Defense,97AS,Defense Logistics Agency,SPE8EE,DLA TROOP SUPPORT,097-X-4930-005,097-4930,25.7: Operation and maintenance of equipment;26.0: Supplies and materials,0801: REIMBURSABLE,X,NOT APPLICABLE,,,JV1LP7784AN6,003067410,CR DANIELS INC,"C. R. DANIELS, INC.",,15814,JV1LP7784AN6,003067410,CR DANIELS INC,C.R.DANIELS INC.,USA,UNITED STATES,3451 ELLICOTT CENTER DR,,ELLICOTT CITY,24027,HOWARD,24,MD,MARYLAND,210434112,MD-07,MD-03,4104612100,4104612987,USA,UNITED STATES,ELLICOTT CITY,24027,HOWARD,24,MD,MARYLAND,210434112,MD-07,MD-03,AWARD,D,DEFINITIVE CONTRACT,,,,,,,J,FIRM FIXED PRICE,"8503725085!SLING,CARGO,NET",SPE8EE17Q0005,1,,,3940,"BLOCKS, TACKLE, RIGGING, AND SLINGS",D,NOT A BUNDLED REQUIREMENT,C9A,CONSTRUCTION EQUIPMENT,339999,ALL OTHER MISCELLANEOUS MANUFACTURING,C,NO CLAUSES INCLUDED AND NO SUSTAINABILITY INCLUDED,A,U.S. OWNED BUSINESS,000,NONE,Z,NOT IT PRODUCTS OR SERVICES,E,NOT REQUIRED,USA,UNITED STATES,D,MFG IN U.S.,B,PLAN NOT REQUIRED,F,COMPETED UNDER SAP,SP1,SIMPLIFIED ACQUISITION,NONE,NO SET ASIDE USED.,NONE,NO PREFERENCE USED,,,,,,,2,D,COMMERCIAL ITEM PROCEDURES NOT USED,f,N,NO,N,NO,N,NO,N,NO,,N,NO,Y,YES,X,NOT APPLICABLE,X,NOT APPLICABLE,X,NOT APPLICABLE,,,,,,,,NONE,NONE,N,NO,X,NOT APPLICABLE EXEMPT FROM CAS,N,TRANSACTION DOES NOT USE GFE/GFP,U,UNKNOWN,N,NO,X,NOT APPLICABLE,N,NO,Z,NOT APPLICABLE,N,NO,X,NOT APPLICABLE,f,f,f,f,f,f,f,f,f,f,f,f,f,f,f,f,f,f,f,SMALL BUSINESS,S,f,f,f,f,f,f,f,f,f,f,f,f,f,f,f,f,f,CORPORATE NOT TAX EXEMPT,t,f,f,f,f,f,f,f,f,f,f,f,t,f,f,f,f,t,f,f,f,f,f,f,f,f,f,f,t,f,f,f,f,f,f,f,f,f,f,f,f,f,f,f,f,f,f,f,f,f,,,,,,,,,,,https://www.usaspending.gov/award/CONT_AWD_SPE8EE17CF005_9700_-NONE-_-NONE-/,2021-04-20 08:11:55+00
CONT_AWD_SPE8EE21CF003_9700_-NONE-_-NONE-,SPE8EE21CF003,,,,Q: Not Designated Nonemergency/Emergency/Disaster/Wildfire Suppression,,,,,17224.00,0.00,17224.00,17224.00,2020-10-06,2021,2021-04-19,2021,2020-10-06,2021-07-30,2021-07-30 00:00:00,,2020-09-22,097,Department of Defense,97AS,Defense Logistics Agency,SPE8EE,DLA TROOP SUPPORT,097,Department of Defense,97AS,Defense Logistics Agency,SPE8EE,DLA TROOP SUPPORT,097-X-4930-005,097-4930,25.7: Operation and maintenance of equipment;26.0: Supplies and materials,0801: REIMBURSABLE,X,NOT APPLICABLE,,,C1BVCA2N9YB4,,"MIAMI CORDAGE, LLC.","MIAMI CORDAGE, LLC",,0S4H4,C1BVCA2N9YB4,,"MIAMI CORDAGE, LLC.",MIAMI CORDAGE COMPANY  INC.,USA,UNITED STATES,2475 NW 38TH ST,,MIAMI,12086,MIAMI-DADE,12,FL,FLORIDA,331425369,FL-24,FL-26,3056363000,3056350530,USA,UNITED STATES,MIAMI,12086,MIAMI-DADE,12,FL,FLORIDA,331425369,FL-24,FL-26,AWARD,D,DEFINITIVE CONTRACT,,,,,,,J,FIRM FIXED PRICE,8507695794!FIBER ROPE ASSEMBLY,SPE8EE20Q0411,1,,,4020,"FIBER ROPE, CORDAGE, AND TWINE",H,NOT BUNDLED,C9A,CONSTRUCTION EQUIPMENT,314994,"ROPE, CORDAGE, TWINE, TIRE CORD, AND TIRE FABRIC MILLS",C,NO CLAUSES INCLUDED AND NO SUSTAINABILITY INCLUDED,A,U.S. OWNED BUSINESS,000,NONE,Z,NOT IT PRODUCTS OR SERVICES,E,NOT REQUIRED,USA,UNITED STATES,D,MFG IN U.S.,B,PLAN NOT REQUIRED,F,COMPETED UNDER SAP,SP1,SIMPLIFIED ACQUISITION,SBA,SMALL BUSINESS SET ASIDE - TOTAL,NONE,NO PREFERENCE USED,,,,,,,3,D,COMMERCIAL ITEM PROCEDURES NOT USED,f,N,NO,N,NO,N,NO,N,NO,,N,NO,Y,YES,X,NOT APPLICABLE,X,NOT APPLICABLE,X,NOT APPLICABLE,,,,,,,,NONE,NONE,N,NO,X,NOT APPLICABLE EXEMPT FROM CAS,N,TRANSACTION DOES NOT USE GFE/GFP,U,UNKNOWN,D,NOT CONSOLIDATED,X,NOT APPLICABLE,N,NO,Z,NOT APPLICABLE,N,NO,X,NOT APPLICABLE,f,f,f,f,f,f,f,t,t,f,f,f,f,f,f,f,f,f,f,SMALL BUSINESS,S,f,f,f,f,f,f,f,f,f,f,f,f,f,f,f,f,f,PARTNERSHIP,f,f,t,f,f,f,f,f,f,f,f,f,t,f,f,f,f,t,f,f,f,f,f,f,f,f,f,f,t,f,f,f,f,f,f,f,f,f,f,f,f,f,f,f,t,f,f,f,t,f,,,,,,,,,,,https://www.usaspending.gov/award/CONT_AWD_SPE8EE21CF003_9700_-NONE-_-NONE-/,2022-03-31 15:07:04+00
CONT_AWD_SPM4A608C0025_9700_-NONE-_-NONE-,SPM4A608C0025,,,,,,,,,286093.20,,286093.20,286093.20,2007-11-15,2008,2021-04-19,2021,2007-11-15,2021-04-19,2021-04-19 00:00:00,,,097,Department of Defense,97AS,Defense Logistics Agency,SPM4A6,DLA AVIATION,097,Department of Defense,97AS,Defense Logistics Agency,SPM4A6,DLA AVIATION,,,,,X,NOT APPLICABLE,,,FYFMKFDXB4G5,027012145,"BLOND LIGHTING FIXTURE SUPPLY COMPANY, INCORPORATED",BLOND LIGHTING FIXTURE SUPPLY CO INC,,0EDZ2,FYFMKFDXB4G5,027012145,"BLOND LIGHTING FIXTURE SUPPLY COMPANY, INCORPORATED",BLOND LIGHTING FIXTURE SUPPLY COMPANY  INCORPORATED,USA,UNITED STATES,620 E DEWEY PL,,SAN ANTONIO,48029,BEXAR,48,TX,TEXAS,782124011,,TX-20,,,USA,UNITED STATES,SAN ANTONIO,48029,BEXAR,48,TX,TEXAS,782124011,TX-35,TX-20,AWARD,D,DEFINITIVE CONTRACT,,,,,,,J,FIRM FIXED PRICE,"4506099767!LAMP,FLUO",,1,,,6240,ELECTRIC LAMPS,D,NOT A BUNDLED REQUIREMENT,A1C,OTHER AIRCRAFT EQUIPMENT,335110,ELECTRIC LAMP BULB AND PART MANUFACTURING,C,NO CLAUSES INCLUDED AND NO SUSTAINABILITY INCLUDED,,,000,NONE,Z,NOT IT PRODUCTS OR SERVICES,E,NOT REQUIRED,USA,UNITED STATES,C,NOT A MANUFACTURED END PRODUCT,B,PLAN NOT REQUIRED,A,FULL AND OPEN COMPETITION,NP,NEGOTIATED PROPOSAL/QUOTE,NONE,NO SET ASIDE USED.,NONE,NO PREFERENCE USED,,,,,,,16,D,COMMERCIAL ITEM PROCEDURES NOT USED,f,N,NO,N,NO,Y,YES,,,,N,NO,N,NO,X,NOT APPLICABLE,X,NOT APPLICABLE,X,NOT APPLICABLE,,,,,,,,NONE,NONE,N,NO,X,NOT APPLICABLE EXEMPT FROM CAS,N,TRANSACTION DOES NOT USE GFE/GFP,U,UNKNOWN,N,NO,X,NOT APPLICABLE,N,NO,Z,NOT APPLICABLE,N,NO,X,NOT APPLICABLE,f,f,f,f,f,f,f,f,f,f,f,f,f,f,f,f,f,f,f,SMALL BUSINESS,S,f,f,f,f,f,f,f,f,f,f,f,f,f,f,f,f,f,CORPORATE NOT TAX EXEMPT,t,f,f,f,f,f,f,f,f,f,f,f,f,f,f,f,f,t,f,f,f,f,f,f,f,f,f,f,t,f,f,f,f,f,f,f,f,f,f,f,f,f,f,f,f,f,f,f,f,f,,,,,,,,,,,https://www.usaspending.gov/award/CONT_AWD_SPM4A608C0025_9700_-NONE-_-NONE-/,2021-08-21 01:30:41+00
CONT_AWD_SPM4A708C0047_9700_-NONE-_-NONE-,SPM4A708C0047,,,,,,,,,645120.00,,645120.00,645120.00,2007-11-21,2008,2021-04-19,2021,2007-11-21,2021-04-19,2021-04-19 00:00:00,,,097,Department of Defense,97AS,Defense Logistics Agency,SPM4A7,DLA AVIATION,097,Department of Defense,97AS,Defense Logistics Agency,SPM4A7,DLA AVIATION,,,,,X,NOT APPLICABLE,,,TWJNLZXJ39F1,104012638,"AAR SUPPLY CHAIN, INC","AAR PARTS TRADING, INC.",,1Y249,EULWGLS7QNF6,005425814,AARCORP,AAR CORP.,USA,UNITED STATES,1100 N WOOD DALE RD,,WOOD DALE,17043,DUPAGE,17,IL,ILLINOIS,601911060,IL-08,IL-08,,,USA,UNITED STATES,WOOD DALE,17043,DUPAGE,17,IL,ILLINOIS,601911060,IL-08,IL-08,AWARD,D,DEFINITIVE CONTRACT,,,,,,,J,FIRM FIXED PRICE,"4506149569!VIBRATOR,",,1,,,2925,"ENGINE ELECTRICAL SYSTEM COMPONENTS, AIRCRAFT PRIME MOVING",D,NOT A BUNDLED REQUIREMENT,A1B,AIRCRAFT ENGINES AND SPARES,336412,AIRCRAFT ENGINE AND ENGINE PARTS MANUFACTURING,C,NO CLAUSES INCLUDED AND NO SUSTAINABILITY INCLUDED,,,000,NONE,Z,NOT IT PRODUCTS OR SERVICES,E,NOT REQUIRED,USA,UNITED STATES,D,MFG IN U.S.,B,PLAN NOT REQUIRED,A,FULL AND OPEN COMPETITION,NP,NEGOTIATED PROPOSAL/QUOTE,NONE,NO SET ASIDE USED.,NONE,NO PREFERENCE USED,,,,,,,1,D,COMMERCIAL ITEM PROCEDURES NOT USED,f,N,NO,N,NO,Y,YES,,,0.00,N,NO,N,NO,X,NOT APPLICABLE,X,NOT APPLICABLE,X,NOT APPLICABLE,,,,,,,,NONE,NONE,N,NO,X,NOT APPLICABLE EXEMPT FROM CAS,N,TRANSACTION DOES NOT USE GFE/GFP,U,UNKNOWN,N,NO,X,NOT APPLICABLE,N,NO,Z,NOT APPLICABLE,N,NO,X,NOT APPLICABLE,f,f,f,f,f,f,f,f,f,f,f,f,f,f,f,f,f,f,f,SMALL BUSINESS,S,f,f,f,f,f,f,f,f,f,f,f,f,f,f,f,f,f,CORPORATE NOT TAX EXEMPT,t,f,f,f,f,f,f,f,f,f,f,f,t,f,f,t,f,f,f,f,f,f,f,f,f,f,f,f,t,f,f,f,f,f,f,f,f,f,f,f,f,f,f,f,f,f,f,f,f,f,,,,,,,,,,,https://www.usaspending.gov/award/CONT_AWD_SPM4A708C0047_9700_-NONE-_-NONE-/,2021-08-21 15:02:58+00
CONT_AWD_SPM4A708C0479_9700_-NONE-_-NONE-,SPM4A708C0479,,,,,,,,,798000.00,,798000.00,798000.00,2008-07-30,2008,2021-04-19,2021,2008-07-30,2021-04-19,2021-04-19 00:00:00,,,097,Department of Defense,97AS,Defense Logistics Agency,SPM4A7,DLA AVIATION,097,Department of Defense,97AS,Defense Logistics Agency,SPM4A7,DLA AVIATION,,,,,X,NOT APPLICABLE,,,TFJMUN5RL718,103964110,BARNES GROUP INC.,BARNES GROUP INC.,,31417,Z2BNYDGWB424,001145481,BARNES GROUP INC,BARNES GROUP INC.,USA,UNITED STATES,169 KENNEDY RD,,WINDSOR,09003,HARTFORD,09,CT,CONNECTICUT,060952043,CT-01,CT-01,,,USA,UNITED STATES,WINDSOR,09003,HARTFORD,09,CT,CONNECTICUT,060952043,CT-01,CT-01,AWARD,D,DEFINITIVE CONTRACT,,,,,,,J,FIRM FIXED PRICE,"4508238792!SHROUD,HP",,1,,,2840,"GAS TURBINES AND JET ENGINES, AIRCRAFT, PRIME MOVING; AND COMPONENTS",D,NOT A BUNDLED REQUIREMENT,A1B,AIRCRAFT ENGINES AND SPARES,339999,ALL OTHER MISCELLANEOUS MANUFACTURING,C,NO CLAUSES INCLUDED AND NO SUSTAINABILITY INCLUDED,,,000,NONE,Z,NOT IT PRODUCTS OR SERVICES,E,NOT REQUIRED,USA,UNITED STATES,D,MFG IN U.S.,B,PLAN NOT REQUIRED,A,FULL AND OPEN COMPETITION,NP,NEGOTIATED PROPOSAL/QUOTE,NONE,NO SET ASIDE USED.,NONE,NO PREFERENCE USED,,,,,,,2,D,COMMERCIAL ITEM PROCEDURES NOT USED,f,N,NO,N,NO,Y,YES,,,,N,NO,N,NO,X,NOT APPLICABLE,X,NOT APPLICABLE,X,NOT APPLICABLE,,,,,,,,NONE,NONE,N,NO,X,NOT APPLICABLE EXEMPT FROM CAS,N,TRANSACTION DOES NOT USE GFE/GFP,U,UNKNOWN,N,NO,X,NOT APPLICABLE,N,NO,Z,NOT APPLICABLE,N,NO,X,NOT APPLICABLE,f,f,f,f,f,f,f,f,f,f,f,f,f,f,f,f,f,f,f,OTHER THAN SMALL BUSINESS,O,f,f,f,f,f,f,f,f,f,f,f,f,f,f,f,f,f,CORPORATE NOT TAX EXEMPT,t,f,f,f,f,f,f,f,f,f,f,f,f,f,f,t,f,f,f,f,f,f,f,f,f,f,f,f,t,f,f,f,f,f,f,f,f,f,f,f,f,f,f,f,f,f,f,f,f,f,,,,,,,,,,,https://www.usaspending.gov/award/CONT_AWD_SPM4A708C0479_9700_-NONE-_-NONE-/,2021-08-21 14:15:46+00
CONT_AWD_SPM4A709C0572_9700_-NONE-_-NONE-,SPM4A709C0572,,,,,,,,,203422.00,,203422.00,203422.00,2009-08-28,2009,2021-04-19,2021,2009-08-28,2021-04-19,2021-04-19 00:00:00,,,097,Department of Defense,97AS,Defense Logistics Agency,SPM4A7,DLA AVIATION,097,Department of Defense,97AS,Defense Logistics Agency,SPM4A7,DLA AVIATION,,,,,X,NOT APPLICABLE,,,H6XZGGE3NEL5,001447762,"ELECTRO-METHODS, L.P.",ELECTRO-METHODS INC,,33617,H6XZGGE3NEL5,001447762,"ELECTRO-METHODS, L.P.",ELECTRO-METHODS  INC.,USA,UNITED STATES,330 GOVERNORS HWY,,SOUTH WINDSOR,09003,HARTFORD,09,CT,CONNECTICUT,060742422,CT-01,CT-01,8602898661,8602891868,USA,UNITED STATES,SOUTH WINDSOR,09003,HARTFORD,09,CT,CONNECTICUT,060742422,CT-01,CT-01,AWARD,D,DEFINITIVE CONTRACT,,,,,,,J,FIRM FIXED PRICE,"4511797111!SEAL,AIR,AIRCRAFT G",SPM4A709R0745,1,,,2840,"GAS TURBINES AND JET ENGINES, AIRCRAFT, PRIME MOVING; AND COMPONENTS",D,NOT A BUNDLED REQUIREMENT,A1B,AIRCRAFT ENGINES AND SPARES,336412,AIRCRAFT ENGINE AND ENGINE PARTS MANUFACTURING,C,NO CLAUSES INCLUDED AND NO SUSTAINABILITY INCLUDED,,,000,NONE,Z,NOT IT PRODUCTS OR SERVICES,E,NOT REQUIRED,USA,UNITED STATES,D,MFG IN U.S.,B,PLAN NOT REQUIRED,D,FULL AND OPEN COMPETITION AFTER EXCLUSION OF SOURCES,NP,NEGOTIATED PROPOSAL/QUOTE,SBA,SMALL BUSINESS SET ASIDE - TOTAL,NONE,NO PREFERENCE USED,,,,,,,2,D,COMMERCIAL ITEM PROCEDURES NOT USED,f,N,NO,N,NO,X,NOT APPLICABLE,,,,N,NO,N,NO,X,NOT APPLICABLE,X,NOT APPLICABLE,X,NOT APPLICABLE,,,,,,,,NONE,NONE,N,NO,X,NOT APPLICABLE EXEMPT FROM CAS,N,TRANSACTION DOES NOT USE GFE/GFP,U,UNKNOWN,N,NO,X,NOT APPLICABLE,N,NO,Z,NOT APPLICABLE,N,NO,X,NOT APPLICABLE,f,f,f,f,f,f,f,f,f,f,f,f,f,f,f,f,f,f,f,SMALL BUSINESS,S,f,f,f,f,f,f,f,f,f,f,f,f,f,f,f,f,f,OTHER,f,f,f,f,f,f,f,f,f,f,f,f,t,f,f,t,f,f,f,f,f,f,f,f,f,t,f,f,t,f,f,f,f,f,f,f,f,f,f,f,f,f,f,f,f,f,f,f,f,f,,,,,,,,,,,https://www.usaspending.gov/award/CONT_AWD_SPM4A709C0572_9700_-NONE-_-NONE-/,2021-08-21 14:37:29+00
CONT_AWD_SPRDL120C0058_9700_-NONE-_-NONE-,SPRDL120C0058,,,,,,,,,1043318.08,0.00,1043318.08,1596502.08,2020-02-04,2020,2021-04-20,2021,2020-02-04,2021-02-28,2022-04-20 12:04:00,,2018-08-13,097,Department of Defense,97AS,Defense Logistics Agency,SPRDL1,DLA LAND WARREN,097,Department of Defense,2100,Department of the Army,W56HZV,W4GG HQ US ARMY TACOM,097-X-4930-000,097-4930,25.2: Other services from non-Federal sources,,X,NOT APPLICABLE,,,HEBCLD22EJD1,799855812,RAYTHEON COMPANY,RAYTHEON COMPANY,,96214,PPLZG8J3N9D4,001344142,RTX CORP,RAYTHEON TECHNOLOGIES CORPORATION,USA,UNITED STATES,2501 W UNIVERSITY DR,,MCKINNEY,48085,COLLIN,48,TX,TEXAS,750711300,TX-03,TX-03,3106479438,3106473536,USA,UNITED STATES,MCKINNEY,48085,COLLIN,48,TX,TEXAS,750712813,TX-03,TX-03,AWARD,D,DEFINITIVE CONTRACT,,,,,,,J,FIRM FIXED PRICE,"MODULE, POWER FILTER NSN: 2350-01-553-6537 P/N: 12490128 QTY: 16 EACH",SPRDL118R0067,1,,,2350,"COMBAT, ASSAULT, AND TACTICAL VEHICLES, TRACKED",H,NOT BUNDLED,A4A,COMBAT VEHICLES,336992,"MILITARY ARMORED VEHICLE, TANK, AND TANK COMPONENT MANUFACTURING",C,NO CLAUSES INCLUDED AND NO SUSTAINABILITY INCLUDED,A,U.S. OWNED BUSINESS,000,NONE,Z,NOT IT PRODUCTS OR SERVICES,E,NOT REQUIRED,USA,UNITED STATES,D,MFG IN U.S.,H,DOD COMPREHENSIVE SUBCONTRACT PLAN,C,NOT COMPETED,SSS,ONLY ONE SOURCE,NONE,NO SET ASIDE USED.,NONE,NO PREFERENCE USED,,,,,UNQ,UNIQUE SOURCE (FAR 6.302-1(B)(1)),1,D,COMMERCIAL ITEM PROCEDURES NOT USED,f,N,NO,N,NO,Y,YES,N,NO,0.00,N,NO,N,NO,N,NO,N,NO,X,NOT APPLICABLE,,,,,,,,NONE,NONE,Y,YES,Y,YES - CAS CLAUSE INCLUDED,N,TRANSACTION DOES NOT USE GFE/GFP,N,NO,D,NOT CONSOLIDATED,X,NOT APPLICABLE,N,NO,Z,NOT APPLICABLE,N,NO,X,NOT APPLICABLE,f,f,f,f,f,f,f,f,f,f,f,f,f,f,f,f,f,f,f,OTHER THAN SMALL BUSINESS,O,f,f,f,f,f,f,f,f,f,f,f,f,f,f,f,f,f,CORPORATE NOT TAX EXEMPT,t,f,f,f,f,f,f,f,f,f,f,f,t,f,f,f,f,t,f,f,f,f,f,f,f,f,f,f,t,f,f,f,f,f,f,f,f,f,f,f,f,f,f,f,f,f,f,f,f,f,,,,,,,,,,,https://www.usaspending.gov/award/CONT_AWD_SPRDL120C0058_9700_-NONE-_-NONE-/,2021-04-20 09:56:53+00
CONT_AWD_SPRDL121C0037_9700_-NONE-_-NONE-,SPRDL121C0037,,,,,,,,,686366.20,,686366.20,1393324.14,2021-04-22,2021,2021-04-22,2021,2021-04-22,2022-03-18,2022-03-18 12:03:00,,2020-07-07,097,Department of Defense,97AS,Defense Logistics Agency,SPRDL1,DLA LAND WARREN,097,Department of Defense,2100,Department of the Army,W56HZV,W4GG HQ US ARMY TACOM,,,,,X,NOT APPLICABLE,,,K4L7WM27KEB3,,"TECMOTIV (USA), INC.","TECMOTIV (USA), INC.",,0L7R7,CE2WML1J3PB7,,TECMOTIV CORPORATION,TECMOTIV CORPORATION,USA,UNITED STATES,1500 JAMES AVE,,NIAGARA FALLS,36063,NIAGARA,36,NY,NEW YORK,143051222,NY-26,NY-26,7162821211,7162851781,USA,UNITED STATES,NIAGARA FALLS,36063,NIAGARA,36,NY,NEW YORK,143051222,NY-26,NY-26,AWARD,D,DEFINITIVE CONTRACT,,,,,,,J,FIRM FIXED PRICE,THIS REQUIREMENT IS FOR 377 CONVERSION KITS,SPRDL120R0228,1,,,2815,DIESEL ENGINES AND COMPONENTS,H,NOT BUNDLED,A4A,COMBAT VEHICLES,336390,OTHER MOTOR VEHICLE PARTS MANUFACTURING,C,NO CLAUSES INCLUDED AND NO SUSTAINABILITY INCLUDED,A,U.S. OWNED BUSINESS,000,NONE,Z,NOT IT PRODUCTS OR SERVICES,E,NOT REQUIRED,USA,UNITED STATES,D,MFG IN U.S.,B,PLAN NOT REQUIRED,D,FULL AND OPEN COMPETITION AFTER EXCLUSION OF SOURCES,NP,NEGOTIATED PROPOSAL/QUOTE,SBA,SMALL BUSINESS SET ASIDE - TOTAL,NONE,NO PREFERENCE USED,,,,,,,2,D,COMMERCIAL ITEM PROCEDURES NOT USED,f,N,NO,N,NO,Y,YES,N,NO,0.00,N,NO,X,NOT APPLICABLE,X,NOT APPLICABLE,X,NOT APPLICABLE,X,NOT APPLICABLE,,,,,,,,NONE,NONE,N,NO,X,NOT APPLICABLE EXEMPT FROM CAS,N,TRANSACTION DOES NOT USE GFE/GFP,N,NO,D,NOT CONSOLIDATED,X,NOT APPLICABLE,N,NO,A,FAR 52.232-16 PROGRESS PAYMENTS,N,NO,X,NOT APPLICABLE,f,f,f,f,f,f,f,f,f,f,f,f,f,f,f,f,f,f,f,SMALL BUSINESS,S,f,f,f,f,f,f,f,f,f,f,f,f,f,f,f,f,f,CORPORATE NOT TAX EXEMPT,t,f,f,f,f,f,f,f,f,f,f,f,t,f,f,f,f,t,f,f,f,f,f,f,f,f,f,f,t,f,f,f,f,f,f,f,f,f,f,f,f,f,f,f,f,f,f,f,f,f,,,,,,,,,,,https://www.usaspending.gov/award/CONT_AWD_SPRDL121C0037_9700_-NONE-_-NONE-/,2022-05-24 07:34:36+00
CONT_AWD_SPRHA118C0006_9700_-NONE-_-NONE-,SPRHA118C0006,,,,,,,,,885962.72,,885962.72,885962.72,2018-09-06,2018,2021-04-16,2021,2018-09-06,2021-07-31,2021-07-31 00:00:00,,2017-03-23,097,Department of Defense,97AS,Defense Logistics Agency,SPRHA1,"DLA  AVIATION AT OGDEN, UT",097,Department of Defense,5700,Department of the Air Force,F2DCCW,F2DCCW ALC CSAG S,,,,,X,NOT APPLICABLE,,,TWJNLZXJ39F1,104012638,"AAR SUPPLY CHAIN, INC","AAR SUPPLY CHAIN, INC.",,1Y249,EULWGLS7QNF6,005425814,AARCORP,AAR CORP.,USA,UNITED STATES,1100 N WOOD DALE RD,,WOOD DALE,17043,DUPAGE,17,IL,ILLINOIS,601911060,IL-08,IL-08,6302272925,6302272929,USA,UNITED STATES,WOOD DALE,17043,DUPAGE,17,IL,ILLINOIS,601911060,IL-08,IL-08,AWARD,D,DEFINITIVE CONTRACT,,,,,,,J,FIRM FIXED PRICE,"GUIDE, INLET AIR. HOUSING ASSEMBLY USED ON THE KC-135 AIRCRAFT",SPRHA117R0853,1,,,2835,"GAS TURBINES AND JET ENGINES; NON-AIRCRAFT PRIME MOVER, AIRCRAFT NON-PRIME MOVER, AND COMPONENTS",H,NOT BUNDLED,A1A,AIRFRAMES AND SPARES,336412,AIRCRAFT ENGINE AND ENGINE PARTS MANUFACTURING,C,NO CLAUSES INCLUDED AND NO SUSTAINABILITY INCLUDED,A,U.S. OWNED BUSINESS,000,NONE,Z,NOT IT PRODUCTS OR SERVICES,E,NOT REQUIRED,USA,UNITED STATES,D,MFG IN U.S.,A,PLAN NOT INCLUDED - NO SUBCONTRACTING POSSIBILITIES,C,NOT COMPETED,SSS,ONLY ONE SOURCE,NONE,NO SET ASIDE USED.,NONE,NO PREFERENCE USED,,,,,ONE,ONLY ONE SOURCE-OTHER (FAR 6.302-1 OTHER),1,A,COMMERCIAL ITEM,f,N,NO,N,NO,X,NOT APPLICABLE,N,NO,0.00,N,NO,X,NOT APPLICABLE,X,NOT APPLICABLE,X,NOT APPLICABLE,X,NOT APPLICABLE,,,,,,,,NONE,NONE,N,NO,X,NOT APPLICABLE EXEMPT FROM CAS,N,TRANSACTION DOES NOT USE GFE/GFP,N,NO,D,NOT CONSOLIDATED,X,NOT APPLICABLE,N,NO,Z,NOT APPLICABLE,N,NO,X,NOT APPLICABLE,f,f,f,f,f,f,f,f,f,f,f,f,f,f,f,f,f,f,f,OTHER THAN SMALL BUSINESS,O,f,f,f,f,f,f,f,f,f,f,f,f,f,f,f,f,f,CORPORATE NOT TAX EXEMPT,t,f,f,f,f,f,f,f,f,f,f,f,f,f,f,f,f,t,f,f,f,f,f,f,f,f,f,f,t,f,f,f,f,f,f,f,f,f,f,f,f,f,f,f,f,f,f,f,f,f,,,,,,,,,,,https://www.usaspending.gov/award/CONT_AWD_SPRHA118C0006_9700_-NONE-_-NONE-/,2021-04-16 18:58:55+00
CONT_AWD_SPRHA120C0002_9700_-NONE-_-NONE-,SPRHA120C0002,,,,,,,,,272000.00,,272000.00,272000.00,2020-06-29,2020,2021-04-20,2021,2020-06-29,2021-06-30,2021-06-30 00:00:00,,2020-01-22,097,Department of Defense,97AS,Defense Logistics Agency,SPRHA1,"DLA  AVIATION AT OGDEN, UT",097,Department of Defense,5700,Department of the Air Force,F2DCCW,F2DCCW ALC CSAG S,,,,,X,NOT APPLICABLE,,,NBSPDCRRMSZ3,879186468,EATON AEROSPACE LLC,EATON AEROSPACE LLC,,99643,MBJ8ANU347W7,985419987,EATON CORPORATION PUBLIC LIMITED COMPANY,EATON CORPORATION PUBLIC LIMITED COMPANY,USA,UNITED STATES,4690 COLORADO BLVD,,LOS ANGELES,06037,LOS ANGELES,06,CA,CALIFORNIA,900391106,CA-28,CA-30,8184090324,,USA,UNITED STATES,LOS ANGELES,06037,LOS ANGELES,06,CA,CALIFORNIA,900391106,CA-28,CA-30,AWARD,D,DEFINITIVE CONTRACT,,,,,,,J,FIRM FIXED PRICE,"VALVE,LINEAR,DIRECT",SPRHA120R0341,1,,,4810,"VALVES, POWERED",H,NOT BUNDLED,A1A,AIRFRAMES AND SPARES,336413,OTHER AIRCRAFT PARTS AND AUXILIARY EQUIPMENT MANUFACTURING,C,NO CLAUSES INCLUDED AND NO SUSTAINABILITY INCLUDED,C,FOREIGN-OWNED BUSINESS INCORPORATED IN THE U.S.,000,NONE,Z,NOT IT PRODUCTS OR SERVICES,E,NOT REQUIRED,USA,UNITED STATES,D,MFG IN U.S.,B,PLAN NOT REQUIRED,C,NOT COMPETED,SSS,ONLY ONE SOURCE,NONE,NO SET ASIDE USED.,NONE,NO PREFERENCE USED,,,,,ONE,ONLY ONE SOURCE-OTHER (FAR 6.302-1 OTHER),1,D,COMMERCIAL ITEM PROCEDURES NOT USED,f,N,NO,N,NO,X,NOT APPLICABLE,N,NO,0.00,N,NO,Y,YES,X,NOT APPLICABLE,X,NOT APPLICABLE,X,NOT APPLICABLE,,,,,,,,NONE,NONE,N,NO,X,NOT APPLICABLE EXEMPT FROM CAS,N,TRANSACTION DOES NOT USE GFE/GFP,N,NO,D,NOT CONSOLIDATED,X,NOT APPLICABLE,N,NO,Z,NOT APPLICABLE,N,NO,X,NOT APPLICABLE,f,f,f,f,f,f,f,f,f,f,f,f,f,f,f,f,f,f,f,OTHER THAN SMALL BUSINESS,O,f,f,f,f,f,f,f,f,f,f,f,f,f,f,f,f,f,CORPORATE NOT TAX EXEMPT,t,f,f,f,f,f,f,f,f,f,f,f,f,f,f,f,f,t,f,f,f,f,f,f,f,f,f,t,t,f,f,f,f,f,f,f,f,f,f,f,f,f,f,f,f,f,f,f,f,f,,,,,,,,,,,https://www.usaspending.gov/award/CONT_AWD_SPRHA120C0002_9700_-NONE-_-NONE-/,2021-04-20 10:52:26+00
CONT_AWD_SPRMM117CYB22_9700_-NONE-_-NONE-,SPRMM117CYB22,,,,,,,,,302080.00,,302080.00,302080.00,2017-05-03,2017,2021-04-22,2021,2017-05-03,2021-07-21,2021-07-21 00:00:00,,,097,Department of Defense,97AS,Defense Logistics Agency,SPRMM1,SPRMM1 DLA MECHANICSBURG,097,Department of Defense,1700,Department of the Navy,N00104,NAVSUP WEAPON SYSTEMS SUPPORT MECH,,,,,X,NOT APPLICABLE,,,NYGUEDY27AM8,002034056,CURTISS-WRIGHT FLOW CONTROL CORPORATION,CURTISS-WRIGHT FLOW CONTROL CORPORATION,,95169,PF8PJNVEPTJ1,002013522,CURTISS-WRIGHT CORPORATION,CURTISS-WRIGHT CORPORATION,USA,UNITED STATES,1966 BROADHOLLOW RD STE E,,FARMINGDALE,36103,SUFFOLK,36,NY,NEW YORK,117351726,NY-02,NY-02,6312933800,6312936145,USA,UNITED STATES,FARMINGDALE,36103,SUFFOLK,36,NY,NEW YORK,117351726,NY-02,NY-02,AWARD,D,DEFINITIVE CONTRACT,,,,,,,J,FIRM FIXED PRICE,"VALVE,FLOW CONTROL",SPRMM117RYH96,1,OT,OTHER FUNCTIONS,4810,"VALVES, POWERED",H,NOT BUNDLED,A3,SHIPS,334511,"SEARCH, DETECTION, NAVIGATION, GUIDANCE, AERONAUTICAL, AND NAUTICAL SYSTEM AND INSTRUMENT MANUFACTURING",C,NO CLAUSES INCLUDED AND NO SUSTAINABILITY INCLUDED,A,U.S. OWNED BUSINESS,000,NONE,Z,NOT IT PRODUCTS OR SERVICES,E,NOT REQUIRED,USA,UNITED STATES,D,MFG IN U.S.,B,PLAN NOT REQUIRED,C,NOT COMPETED,SSS,ONLY ONE SOURCE,NONE,NO SET ASIDE USED.,NONE,NO PREFERENCE USED,,,,,ONE,ONLY ONE SOURCE-OTHER (FAR 6.302-1 OTHER),1,D,COMMERCIAL ITEM PROCEDURES NOT USED,f,N,NO,N,NO,Y,YES,N,NO,0.00,N,NO,Y,YES,X,NOT APPLICABLE,X,NOT APPLICABLE,X,NOT APPLICABLE,,,,,,,,NONE,NONE,N,NO,X,NOT APPLICABLE EXEMPT FROM CAS,N,TRANSACTION DOES NOT USE GFE/GFP,N,NO,D,NOT CONSOLIDATED,X,NOT APPLICABLE,N,NO,Z,NOT APPLICABLE,N,NO,X,NOT APPLICABLE,f,f,f,f,f,f,f,f,f,f,f,f,f,f,f,f,f,f,f,OTHER THAN SMALL BUSINESS,O,f,f,f,f,f,f,f,f,f,f,f,f,f,f,f,f,f,CORPORATE NOT TAX EXEMPT,t,f,f,f,f,f,f,f,f,f,f,f,t,f,f,f,f,t,f,f,f,f,f,f,f,f,f,f,t,f,f,f,f,f,f,f,f,f,f,f,f,f,f,f,f,f,f,f,f,f,,,,,,,,,,,https://www.usaspending.gov/award/CONT_AWD_SPRMM117CYB22_9700_-NONE-_-NONE-/,2021-04-26 07:11:03+00
CONT_AWD_SPRMM118CPA20_9700_-NONE-_-NONE-,SPRMM118CPA20,,,,,,,,,256226.01,,256226.01,256226.01,2017-10-31,2018,2021-04-20,2021,2017-10-31,2021-03-30,2021-03-30 00:00:00,,,097,Department of Defense,97AS,Defense Logistics Agency,SPRMM1,SPRMM1 DLA MECHANICSBURG,097,Department of Defense,1700,Department of the Navy,N00104,NAVSUP WEAPON SYSTEMS SUPPORT MECH,,,,,X,NOT APPLICABLE,,,GCPKYPWTALH8,827816872,"ARGON ST, INC.",ARGON ST. INC.,,50406,NU2UC8MX6NK1,009256819,THE BOEING COMPANY,BOEING COMPANY  THE,USA,UNITED STATES,8419 TERMINAL RD,,NEWINGTON,51059,FAIRFAX,51,VA,VIRGINIA,22122,VA-11,VA-11,4808911045,4258654452,USA,UNITED STATES,NEWINGTON,51059,FAIRFAX,51,VA,VIRGINIA,221220041,VA-08,VA-11,AWARD,D,DEFINITIVE CONTRACT,,,,,,,J,FIRM FIXED PRICE,"CONVERTER,FREQUENCY",SPRMM117RPF13,1,OT,OTHER FUNCTIONS,5895,MISCELLANEOUS COMMUNICATION EQUIPMENT,H,NOT BUNDLED,A3,SHIPS,333999,ALL OTHER MISCELLANEOUS GENERAL PURPOSE MACHINERY MANUFACTURING,C,NO CLAUSES INCLUDED AND NO SUSTAINABILITY INCLUDED,A,U.S. OWNED BUSINESS,000,NONE,Z,NOT IT PRODUCTS OR SERVICES,E,NOT REQUIRED,USA,UNITED STATES,D,MFG IN U.S.,A,PLAN NOT INCLUDED - NO SUBCONTRACTING POSSIBILITIES,C,NOT COMPETED,SSS,ONLY ONE SOURCE,NONE,NO SET ASIDE USED.,NONE,NO PREFERENCE USED,,,,,ONE,ONLY ONE SOURCE-OTHER (FAR 6.302-1 OTHER),1,D,COMMERCIAL ITEM PROCEDURES NOT USED,f,N,NO,N,NO,Y,YES,N,NO,0.00,N,NO,Y,YES,X,NOT APPLICABLE,X,NOT APPLICABLE,X,NOT APPLICABLE,,,,,,,,NONE,NONE,N,NO,X,NOT APPLICABLE EXEMPT FROM CAS,N,TRANSACTION DOES NOT USE GFE/GFP,N,NO,D,NOT CONSOLIDATED,X,NOT APPLICABLE,N,NO,Z,NOT APPLICABLE,N,NO,X,NOT APPLICABLE,f,f,f,f,f,f,f,f,f,f,f,f,f,f,f,f,f,f,f,OTHER THAN SMALL BUSINESS,O,f,f,f,f,f,f,f,f,f,f,f,f,f,f,f,f,f,CORPORATE NOT TAX EXEMPT,t,f,f,f,f,f,f,f,f,f,f,f,t,f,f,f,f,t,f,f,f,f,f,f,f,f,f,f,t,f,f,f,f,f,f,f,f,f,f,f,f,f,f,f,f,f,f,f,f,f,,,,,,,,,,,https://www.usaspending.gov/award/CONT_AWD_SPRMM118CPA20_9700_-NONE-_-NONE-/,2021-04-21 09:33:58+00
CONT_AWD_SPRMM119CYA28_9700_-NONE-_-NONE-,SPRMM119CYA28,,,,,,,,,766965.44,,766965.44,766965.44,2019-09-18,2019,2021-04-22,2021,2019-09-18,2021-05-19,2021-05-19 00:00:00,,,097,Department of Defense,97AS,Defense Logistics Agency,SPRMM1,SPRMM1 DLA MECHANICSBURG,097,Department of Defense,1700,Department of the Navy,N00104,NAVSUP WEAPON SYSTEMS SUPPORT MECH,,,,,X,NOT APPLICABLE,,,ZFPKQ7L6T884,003259561,GE AVIATION SYSTEMS LLC,GE AVIATION SYSTEMS LLC,,93366,JRZ1WHXAKBM3,001367960,GENERAL ELECTRIC COMPANY,GENERAL ELECTRIC COMPANY,USA,UNITED STATES,114 POWERS CT,,STERLING,51107,LOUDOUN,51,VA,VIRGINIA,201669321,VA-10,VA-10,7149754954,,USA,UNITED STATES,STERLING,51107,LOUDOUN,51,VA,VIRGINIA,201669321,VA-10,VA-10,AWARD,D,DEFINITIVE CONTRACT,,,,,,,J,FIRM FIXED PRICE,HUB AND CYLINDER AS,,1,OT,OTHER FUNCTIONS,2010,SHIP AND BOAT PROPULSION COMPONENTS,H,NOT BUNDLED,A3,SHIPS,333999,ALL OTHER MISCELLANEOUS GENERAL PURPOSE MACHINERY MANUFACTURING,C,NO CLAUSES INCLUDED AND NO SUSTAINABILITY INCLUDED,A,U.S. OWNED BUSINESS,000,NONE,Z,NOT IT PRODUCTS OR SERVICES,E,NOT REQUIRED,USA,UNITED STATES,D,MFG IN U.S.,A,PLAN NOT INCLUDED - NO SUBCONTRACTING POSSIBILITIES,G,NOT COMPETED UNDER SAP,SP1,SIMPLIFIED ACQUISITION,NONE,NO SET ASIDE USED.,NONE,NO PREFERENCE USED,,,,,SP2,SAP NON-COMPETITION (FAR 13),1,D,COMMERCIAL ITEM PROCEDURES NOT USED,f,N,NO,N,NO,X,NOT APPLICABLE,N,NO,0.00,N,NO,Y,YES,N,NO,X,NOT APPLICABLE,X,NOT APPLICABLE,,,,,,,,NONE,NONE,N,NO,X,NOT APPLICABLE EXEMPT FROM CAS,N,TRANSACTION DOES NOT USE GFE/GFP,N,NO,D,NOT CONSOLIDATED,X,NOT APPLICABLE,N,NO,Z,NOT APPLICABLE,N,NO,X,NOT APPLICABLE,f,f,f,f,f,f,f,f,f,f,f,f,f,f,f,f,f,f,f,OTHER THAN SMALL BUSINESS,O,f,f,f,f,f,f,f,f,f,f,f,f,f,f,f,f,f,OTHER,f,f,f,f,f,f,f,f,f,f,f,f,t,f,f,f,f,t,f,f,f,f,f,f,f,f,t,f,t,f,f,f,f,f,f,f,f,f,f,f,f,f,f,f,f,f,f,f,f,f,,,,,,,,,,,https://www.usaspending.gov/award/CONT_AWD_SPRMM119CYA28_9700_-NONE-_-NONE-/,2021-04-26 06:28:59+00
CONT_AWD_SPRPA118CZ079_9700_-NONE-_-NONE-,SPRPA118CZ079,,,,,,,,,5138658.00,,5138658.00,5138658.00,2018-07-02,2018,2021-04-23,2021,2018-07-02,2021-04-23,2021-04-23 00:00:00,,2018-05-25,097,Department of Defense,9763,Defense Contract Management Agency,S0701A,DCMA NORTHEAST (HARTFORD),097,Department of Defense,97AS,Defense Logistics Agency,SPRPA1,"DLA AVIATION AT PHILADELPHIA, PA",,,,,X,NOT APPLICABLE,,,KQB2LLLUDF22,107254757,"NUMET ACQUISITION NUMET, INC.","NUMET MACHINING TECHNIQUES, INC.",,9Y765,MJX7DBKM2DY4,371178853,NUMET MACHINING TECHNIQUES  LLC,NUMET MACHINING TECHNIQUES  LLC,USA,UNITED STATES,235 EDISON RD,,ORANGE,09009,NEW HAVEN,09,CT,CONNECTICUT,064773603,CT-03,CT-03,2033754995,2033789840,USA,UNITED STATES,ORANGE,09009,NEW HAVEN,09,CT,CONNECTICUT,064773603,CT-03,CT-03,AWARD,D,DEFINITIVE CONTRACT,,,,,,,J,FIRM FIXED PRICE,"CASE AND NOZZLE,TUR",,1,OT,OTHER FUNCTIONS,2840,"GAS TURBINES AND JET ENGINES, AIRCRAFT, PRIME MOVING; AND COMPONENTS",H,NOT BUNDLED,A1B,AIRCRAFT ENGINES AND SPARES,333999,ALL OTHER MISCELLANEOUS GENERAL PURPOSE MACHINERY MANUFACTURING,C,NO CLAUSES INCLUDED AND NO SUSTAINABILITY INCLUDED,A,U.S. OWNED BUSINESS,000,NONE,Z,NOT IT PRODUCTS OR SERVICES,E,NOT REQUIRED,USA,UNITED STATES,D,MFG IN U.S.,B,PLAN NOT REQUIRED,D,FULL AND OPEN COMPETITION AFTER EXCLUSION OF SOURCES,NP,NEGOTIATED PROPOSAL/QUOTE,SBA,SMALL BUSINESS SET ASIDE - TOTAL,NONE,NO PREFERENCE USED,,,,,BND,BRAND NAME DESCRIPTION (FAR 6.302-1(C)),2,D,COMMERCIAL ITEM PROCEDURES NOT USED,f,N,NO,N,NO,N,NO,N,NO,0.00,Y,YES,X,NOT APPLICABLE,N,NO,X,NOT APPLICABLE,X,NOT APPLICABLE,,,,,,,,NONE,NONE,W,NOT OBTAINED - WAIVED,Y,YES - CAS CLAUSE INCLUDED,N,TRANSACTION DOES NOT USE GFE/GFP,N,NO,D,NOT CONSOLIDATED,X,NOT APPLICABLE,N,NO,Z,NOT APPLICABLE,N,NO,X,NOT APPLICABLE,f,f,f,f,f,f,f,t,f,f,f,f,f,f,f,f,f,f,f,SMALL BUSINESS,S,f,f,f,f,f,f,f,f,f,f,f,f,f,f,f,f,f,CORPORATE NOT TAX EXEMPT,t,f,f,f,f,f,f,f,f,f,f,f,t,f,f,f,f,t,f,f,f,f,f,f,f,f,f,f,t,f,f,f,f,f,f,f,f,f,f,f,f,f,f,f,f,f,f,f,f,f,,,,,,,,,,,https://www.usaspending.gov/award/CONT_AWD_SPRPA118CZ079_9700_-NONE-_-NONE-/,2021-04-23 12:10:26+00
CONT_AWD_SPRPA120CZ005_9700_-NONE-_-NONE-,SPRPA120CZ005,,,,,,,,,425833.44,,425833.44,425833.44,2020-01-28,2020,2021-04-21,2021,2020-01-28,2021-06-15,2021-06-15 00:00:00,,2019-03-01,097,Department of Defense,97AS,Defense Logistics Agency,SPRPA1,"DLA AVIATION AT PHILADELPHIA, PA",097,Department of Defense,1700,Department of the Navy,N00383,NAVSUP WEAPON SYSTEMS SUPPORT,,,,,X,NOT APPLICABLE,,,CLH8D5KDN9D6,040370249,"HYDRAULICS INTERNATIONAL, INC.","HYDRAULICS INTERNATIONAL, INC.",,56529,CLH8D5KDN9D6,040370249,"HYDRAULICS INTERNATIONAL, INC.",HYDRAULICS INTERNATIONAL  INC.,USA,UNITED STATES,9201 INDEPENDENCE AVE,,CHATSWORTH,06037,LOS ANGELES,06,CA,CALIFORNIA,913115905,CA-30,CA-32,8189981231,8187182459,USA,UNITED STATES,CHATSWORTH,06037,LOS ANGELES,06,CA,CALIFORNIA,913115905,CA-30,CA-32,AWARD,D,DEFINITIVE CONTRACT,,,,,,,J,FIRM FIXED PRICE,"STORAGE CONTAINER,A",,1,OT,OTHER FUNCTIONS,4925,"AMMUNITION MAINTENANCE, REPAIR, AND CHECKOUT SPECIALIZED EQUIPMENT",H,NOT BUNDLED,A1A,AIRFRAMES AND SPARES,336413,OTHER AIRCRAFT PARTS AND AUXILIARY EQUIPMENT MANUFACTURING,C,NO CLAUSES INCLUDED AND NO SUSTAINABILITY INCLUDED,A,U.S. OWNED BUSINESS,000,NONE,Z,NOT IT PRODUCTS OR SERVICES,E,NOT REQUIRED,USA,UNITED STATES,D,MFG IN U.S.,B,PLAN NOT REQUIRED,C,NOT COMPETED,SSS,ONLY ONE SOURCE,NONE,NO SET ASIDE USED.,NONE,NO PREFERENCE USED,,,,,UNQ,UNIQUE SOURCE (FAR 6.302-1(B)(1)),1,D,COMMERCIAL ITEM PROCEDURES NOT USED,f,N,NO,N,NO,N,NO,N,NO,0.00,N,NO,N,NO,N,NO,N,NO,X,NOT APPLICABLE,,,,,,,,P20C,COVID-19 2020,N,NO,X,NOT APPLICABLE EXEMPT FROM CAS,N,TRANSACTION DOES NOT USE GFE/GFP,N,NO,D,NOT CONSOLIDATED,X,NOT APPLICABLE,N,NO,Z,NOT APPLICABLE,N,NO,C,"PRESIDENTIAL ISSUED EMERGENCY DECLARATION, OR A MAJOR DISASTER DECLARATION",f,f,f,f,f,f,f,f,f,f,f,f,f,f,f,f,f,f,f,SMALL BUSINESS,S,f,f,f,f,f,f,f,f,f,f,f,f,f,f,f,f,f,CORPORATE NOT TAX EXEMPT,t,f,f,f,f,f,f,f,f,f,f,f,t,f,f,f,f,t,f,f,f,f,f,f,f,f,f,f,t,f,f,f,f,f,f,f,f,f,f,f,f,f,f,f,f,f,f,f,f,f,,,,,,,,,,,https://www.usaspending.gov/award/CONT_AWD_SPRPA120CZ005_9700_-NONE-_-NONE-/,2021-04-26 09:39:15+00
CONT_AWD_SPRPA121CW042_9700_-NONE-_-NONE-,SPRPA121CW042,,,,,,,,,17643.40,,17643.40,17643.40,2021-04-22,2021,2021-04-22,2021,2021-04-22,2021-12-02,2021-12-02 00:00:00,,,097,Department of Defense,97AS,Defense Logistics Agency,SPRPA1,"DLA AVIATION AT PHILADELPHIA, PA",097,Department of Defense,1700,Department of the Navy,N00383,NAVSUP WEAPON SYSTEMS SUPPORT,,,,,X,NOT APPLICABLE,,,ZUDURMXQ8QR4,002294585,CONTAINER RESEARCH CORP,CONTAINER RESEARCH CORPORATION,,05259,ZUDURMXQ8QR4,002294585,CONTAINER RESEARCH CORP,CONTAINER RESEARCH CORPORATION,USA,UNITED STATES,2 NEW RD STE 1,,ASTON,42045,DELAWARE,42,PA,PENNSYLVANIA,190141038,PA-05,PA-05,6104592160,6105584578,USA,UNITED STATES,ASTON,42045,DELAWARE,42,PA,PENNSYLVANIA,190141038,PA-05,PA-05,AWARD,D,DEFINITIVE CONTRACT,,,,,,,J,FIRM FIXED PRICE,SHIPPING AND STORAG,,1,OT,OTHER FUNCTIONS,8145,SPECIALIZED SHIPPING AND STORAGE CONTAINERS,H,NOT BUNDLED,A1A,AIRFRAMES AND SPARES,336413,OTHER AIRCRAFT PARTS AND AUXILIARY EQUIPMENT MANUFACTURING,C,NO CLAUSES INCLUDED AND NO SUSTAINABILITY INCLUDED,A,U.S. OWNED BUSINESS,000,NONE,Z,NOT IT PRODUCTS OR SERVICES,E,NOT REQUIRED,USA,UNITED STATES,D,MFG IN U.S.,B,PLAN NOT REQUIRED,C,NOT COMPETED,SSS,ONLY ONE SOURCE,NONE,NO SET ASIDE USED.,NONE,NO PREFERENCE USED,,,,,ONE,ONLY ONE SOURCE-OTHER (FAR 6.302-1 OTHER),1,D,COMMERCIAL ITEM PROCEDURES NOT USED,f,N,NO,N,NO,N,NO,N,NO,0.00,N,NO,N,NO,N,NO,N,NO,X,NOT APPLICABLE,,,,,,,,NONE,NONE,N,NO,X,NOT APPLICABLE EXEMPT FROM CAS,N,TRANSACTION DOES NOT USE GFE/GFP,N,NO,D,NOT CONSOLIDATED,X,NOT APPLICABLE,N,NO,Z,NOT APPLICABLE,N,NO,X,NOT APPLICABLE,f,f,f,f,f,f,f,f,f,f,f,f,f,f,f,f,f,f,f,SMALL BUSINESS,S,f,f,f,f,f,f,f,f,f,f,f,f,f,f,f,f,f,CORPORATE NOT TAX EXEMPT,t,f,f,f,f,f,f,f,f,f,f,f,t,f,f,f,f,t,f,f,f,f,f,f,f,f,f,f,t,f,f,f,f,f,f,f,f,f,f,f,f,f,f,f,f,f,f,f,f,f,,,,,,,,,,,https://www.usaspending.gov/award/CONT_AWD_SPRPA121CW042_9700_-NONE-_-NONE-/,2021-11-28 06:36:58+00
CONT_AWD_SPRRA119C0023_9700_-NONE-_-NONE-,SPRRA119C0023,,,,,,,,,8040900.00,,8040900.00,8040900.00,2019-04-25,2019,2021-04-16,2021,2019-04-25,2021-09-30,2021-09-30 12:09:00,,2018-07-31,097,Department of Defense,97AS,Defense Logistics Agency,SPRRA1,"DLA AVIATION AT HUNTSVILLE, AL",097,Department of Defense,2100,Department of the Army,W58H0Z,W0H9 US ARMY AVN & MISSLES CMD,,,,,X,NOT APPLICABLE,,,KGUJF135PFY8,062875943,"PCX AEROSTRUCTURES, LLC","PCX AEROSTRUCTURES, LLC",,82001,DM6PSQM3L455,146254474,PCX AEROSTRUCTURES  LLC,PCX AEROSTRUCTURES  LLC,USA,UNITED STATES,300 FENN RD,,NEWINGTON,09003,HARTFORD,09,CT,CONNECTICUT,061112277,CT-01,CT-01,8605944388,8605945001,USA,UNITED STATES,NEWINGTON,09003,HARTFORD,09,CT,CONNECTICUT,061112277,CT-01,CT-01,AWARD,D,DEFINITIVE CONTRACT,,,,,,,J,FIRM FIXED PRICE,"HELICOPTER ROTOR BLADES, DRIVE MECHANISMS AND COMPONENTS",SPRRA118R0210,1,,,1615,"HELICOPTER ROTOR BLADES, DRIVE MECHANISMS AND COMPONENTS",H,NOT BUNDLED,A1B,AIRCRAFT ENGINES AND SPARES,336413,OTHER AIRCRAFT PARTS AND AUXILIARY EQUIPMENT MANUFACTURING,C,NO CLAUSES INCLUDED AND NO SUSTAINABILITY INCLUDED,A,U.S. OWNED BUSINESS,437,AH-64E NEW BUILD,Z,NOT IT PRODUCTS OR SERVICES,E,NOT REQUIRED,USA,UNITED STATES,D,MFG IN U.S.,B,PLAN NOT REQUIRED,A,FULL AND OPEN COMPETITION,NP,NEGOTIATED PROPOSAL/QUOTE,NONE,NO SET ASIDE USED.,NONE,NO PREFERENCE USED,,,,,,,2,D,COMMERCIAL ITEM PROCEDURES NOT USED,f,N,NO,N,NO,Y,YES,N,NO,0.00,N,NO,X,NOT APPLICABLE,X,NOT APPLICABLE,X,NOT APPLICABLE,X,NOT APPLICABLE,,,,,,,,NONE,NONE,N,NO,X,NOT APPLICABLE EXEMPT FROM CAS,N,TRANSACTION DOES NOT USE GFE/GFP,N,NO,D,NOT CONSOLIDATED,X,NOT APPLICABLE,N,NO,Z,NOT APPLICABLE,N,NO,X,NOT APPLICABLE,f,f,f,f,f,f,f,f,f,f,f,f,f,f,f,f,f,f,f,OTHER THAN SMALL BUSINESS,O,f,f,f,f,f,f,f,f,f,f,f,f,f,f,f,f,f,CORPORATE NOT TAX EXEMPT,t,f,f,f,f,f,f,f,f,f,f,f,t,f,f,f,f,t,f,f,f,f,f,f,f,f,f,f,t,f,f,f,f,f,f,f,f,f,f,f,f,f,f,f,f,f,f,f,f,f,,,,,,,,,,,https://www.usaspending.gov/award/CONT_AWD_SPRRA119C0023_9700_-NONE-_-NONE-/,2021-04-16 16:38:36+00
CONT_AWD_SPRRA219C0032_9700_-NONE-_-NONE-,SPRRA219C0032,,,,,,,,,960269.30,,960269.30,960269.30,2019-06-18,2019,2021-04-22,2021,2019-06-18,2021-10-31,2021-10-31 12:10:00,,2019-01-16,097,Department of Defense,97AS,Defense Logistics Agency,SPRRA2,"DLA AVIATION AT HUNTSVILLE, AL",097,Department of Defense,2100,Department of the Army,W31G3H,W0H9 US ARMY AVN & MISSLES CMD,,,,,X,NOT APPLICABLE,,,XSV6AZJ6SDJ7,196882310,RAYTHEON COMPANY,RAYTHEON COMPANY,,05716,PPLZG8J3N9D4,001344142,RTX CORP,RAYTHEON TECHNOLOGIES CORPORATION,USA,UNITED STATES,350 LOWELL ST,,ANDOVER,25009,ESSEX,25,MA,MASSACHUSETTS,018104400,MA-03,MA-06,3106479438,3106473536,USA,UNITED STATES,ANDOVER,25009,ESSEX,25,MA,MASSACHUSETTS,018104400,MA-03,MA-06,AWARD,D,DEFINITIVE CONTRACT,,,,,,,J,FIRM FIXED PRICE,"NSN: 5975-01-089-4238 / CABINET, ELECTRICAL",SPRRA219R0032,1,,,5975,ELECTRICAL HARDWARE AND SUPPLIES,H,NOT BUNDLED,A2,MISSILE AND SPACE SYSTEMS,332710,MACHINE SHOPS,C,NO CLAUSES INCLUDED AND NO SUSTAINABILITY INCLUDED,A,U.S. OWNED BUSINESS,000,NONE,Z,NOT IT PRODUCTS OR SERVICES,E,NOT REQUIRED,USA,UNITED STATES,D,MFG IN U.S.,F,INDIVIDUAL SUBCONTRACT PLAN,C,NOT COMPETED,SSS,ONLY ONE SOURCE,NONE,NO SET ASIDE USED.,NONE,NO PREFERENCE USED,,,,,ONE,ONLY ONE SOURCE-OTHER (FAR 6.302-1 OTHER),1,D,COMMERCIAL ITEM PROCEDURES NOT USED,f,N,NO,N,NO,Y,YES,N,NO,0.00,N,NO,N,NO,N,NO,N,NO,X,NOT APPLICABLE,,,,,,,,NONE,NONE,N,NO,X,NOT APPLICABLE EXEMPT FROM CAS,N,TRANSACTION DOES NOT USE GFE/GFP,N,NO,D,NOT CONSOLIDATED,X,NOT APPLICABLE,N,NO,Z,NOT APPLICABLE,N,NO,X,NOT APPLICABLE,f,f,f,f,f,f,f,f,f,f,f,f,f,f,f,f,f,f,f,OTHER THAN SMALL BUSINESS,O,f,f,f,f,f,f,f,f,f,f,f,f,f,f,f,f,f,CORPORATE NOT TAX EXEMPT,t,f,f,f,f,f,f,f,f,f,f,f,t,f,f,f,f,t,f,f,f,f,f,f,f,f,f,f,t,f,f,f,f,f,f,f,f,f,f,f,f,f,f,f,f,f,f,f,f,f,,,,,,,,,,,https://www.usaspending.gov/award/CONT_AWD_SPRRA219C0032_9700_-NONE-_-NONE-/,2021-04-22 14:18:43+00
CONT_AWD_SPRRA219C0035_9700_-NONE-_-NONE-,SPRRA219C0035,,,,,,,,,1389778.50,,1389778.50,1389778.50,2019-09-30,2019,2021-04-22,2021,2019-09-30,2022-01-31,2022-01-31 12:01:00,,2018-09-19,097,Department of Defense,97AS,Defense Logistics Agency,SPRRA2,"DLA AVIATION AT HUNTSVILLE, AL",097,Department of Defense,2100,Department of the Army,W31G3H,W0H9 US ARMY AVN & MISSLES CMD,,,,,X,NOT APPLICABLE,,,H7PNSVNN5827,196189385,LOCKHEED MARTIN CORPORATION,LOCKHEED MARTIN CORPORATION,,04939,ZFN2JJXBLZT3,834951691,LOCKHEED MARTIN CORP,LOCKHEED MARTIN CORPORATION,USA,UNITED STATES,5600 W SAND LAKE RD # MP-265,,ORLANDO,12095,ORANGE,12,FL,FLORIDA,328198907,FL-10,FL-10,4073562374,4073567199,USA,UNITED STATES,ORLANDO,12095,ORANGE,12,FL,FLORIDA,328198907,FL-10,FL-10,AWARD,D,DEFINITIVE CONTRACT,,,,,,,J,FIRM FIXED PRICE,CIRCUIT CARD ASSY,SPRRA218R0166,1,,,5998,"ELECTRICAL AND ELECTRONIC ASSEMBLIES, BOARDS, CARDS, AND ASSOCIATED HARDWARE",H,NOT BUNDLED,A5,WEAPONS,334412,BARE PRINTED CIRCUIT BOARD MANUFACTURING,C,NO CLAUSES INCLUDED AND NO SUSTAINABILITY INCLUDED,A,U.S. OWNED BUSINESS,000,NONE,Z,NOT IT PRODUCTS OR SERVICES,E,NOT REQUIRED,USA,UNITED STATES,D,MFG IN U.S.,B,PLAN NOT REQUIRED,C,NOT COMPETED,SSS,ONLY ONE SOURCE,NONE,NO SET ASIDE USED.,NONE,NO PREFERENCE USED,,,,,ONE,ONLY ONE SOURCE-OTHER (FAR 6.302-1 OTHER),1,D,COMMERCIAL ITEM PROCEDURES NOT USED,f,N,NO,N,NO,N,NO,N,NO,0.00,N,NO,X,NOT APPLICABLE,X,NOT APPLICABLE,X,NOT APPLICABLE,X,NOT APPLICABLE,,,,,,,,NONE,NONE,N,NO,X,NOT APPLICABLE EXEMPT FROM CAS,N,TRANSACTION DOES NOT USE GFE/GFP,U,UNKNOWN,D,NOT CONSOLIDATED,X,NOT APPLICABLE,N,NO,Z,NOT APPLICABLE,N,NO,X,NOT APPLICABLE,f,f,f,f,f,f,f,f,f,f,f,f,f,f,f,f,f,f,f,OTHER THAN SMALL BUSINESS,O,f,f,f,f,f,f,f,f,f,f,f,f,f,f,f,f,f,CORPORATE NOT TAX EXEMPT,t,f,f,f,f,f,f,f,f,f,f,f,t,f,f,f,f,t,f,f,f,f,f,f,f,f,f,f,t,f,f,f,f,f,f,f,f,f,f,f,f,f,f,f,f,f,f,f,f,f,,,,,,,,,,,https://www.usaspending.gov/award/CONT_AWD_SPRRA219C0035_9700_-NONE-_-NONE-/,2021-04-22 09:48:15+00
CONT_AWD_SPRRA221C0006_9700_-NONE-_-NONE-,SPRRA221C0006,,,,,,,,,82108.32,,82108.32,82108.32,2021-04-22,2021,2021-04-22,2021,2021-04-22,2022-01-21,2022-01-21 00:00:00,,2020-11-17,097,Department of Defense,97AS,Defense Logistics Agency,SPRRA2,"DLA AVIATION AT HUNTSVILLE, AL",097,Department of Defense,2100,Department of the Army,W31G3H,W0H9 US ARMY AVN & MISSLES CMD,,,,,X,NOT APPLICABLE,,,M1LMX52SVZK9,,DUTCH VALLEY SUPPLY CO.,DUTCH VALLEY SUPPLY CO.,,31068,M1LMX52SVZK9,,DUTCH VALLEY SUPPLY CO.,DUTCH VALLEY SUPPLY CO.,USA,UNITED STATES,970 PROGRESS CENTER AVE,,LAWRENCEVILLE,13135,GWINNETT,13,GA,GEORGIA,300434803,GA-07,GA-09,7705130612,6783778612,USA,UNITED STATES,LAWRENCEVILLE,13135,GWINNETT,13,GA,GEORGIA,300434803,GA-07,GA-09,AWARD,D,DEFINITIVE CONTRACT,,,,,,,J,FIRM FIXED PRICE,CABLE ASSY SPEC,SPRRA221R0005,1,,,5995,"CABLE, CORD, AND WIRE ASSEMBLIES: COMMUNICATION EQUIPMENT",H,NOT BUNDLED,A5,WEAPONS,335931,CURRENT-CARRYING WIRING DEVICE MANUFACTURING,C,NO CLAUSES INCLUDED AND NO SUSTAINABILITY INCLUDED,A,U.S. OWNED BUSINESS,000,NONE,Z,NOT IT PRODUCTS OR SERVICES,E,NOT REQUIRED,USA,UNITED STATES,D,MFG IN U.S.,B,PLAN NOT REQUIRED,C,NOT COMPETED,SSS,ONLY ONE SOURCE,NONE,NO SET ASIDE USED.,NONE,NO PREFERENCE USED,,,,,ONE,ONLY ONE SOURCE-OTHER (FAR 6.302-1 OTHER),1,D,COMMERCIAL ITEM PROCEDURES NOT USED,f,N,NO,N,NO,X,NOT APPLICABLE,N,NO,0.00,N,NO,X,NOT APPLICABLE,X,NOT APPLICABLE,X,NOT APPLICABLE,X,NOT APPLICABLE,,,,,,,,NONE,NONE,N,NO,X,NOT APPLICABLE EXEMPT FROM CAS,N,TRANSACTION DOES NOT USE GFE/GFP,U,UNKNOWN,D,NOT CONSOLIDATED,X,NOT APPLICABLE,N,NO,Z,NOT APPLICABLE,N,NO,X,NOT APPLICABLE,f,f,f,f,f,f,f,f,f,f,f,f,f,f,f,f,f,f,f,SMALL BUSINESS,S,f,f,f,f,f,f,f,f,f,f,f,f,f,f,f,f,f,CORPORATE NOT TAX EXEMPT,t,f,f,f,f,f,f,f,f,f,f,f,f,f,f,f,f,t,f,f,f,f,f,f,f,t,f,f,t,f,f,f,f,f,f,f,f,f,f,f,f,f,f,f,f,f,f,f,f,f,,,,,,,,,,,https://www.usaspending.gov/award/CONT_AWD_SPRRA221C0006_9700_-NONE-_-NONE-/,2022-04-14 07:35:07+00
CONT_AWD_SPRTA116C0070_9700_-NONE-_-NONE-,SPRTA116C0070,,,,,,,,,139520.00,,139520.00,139520.00,2016-05-16,2016,2021-04-21,2021,2016-05-16,2022-01-10,2022-02-01 00:00:00,,,097,Department of Defense,97AS,Defense Logistics Agency,SPRTA1,"DLA AVIATION AT OKLAHOMA CITY, OK",097,Department of Defense,5700,Department of the Air Force,FD2030,FD2030  OC ALC LGI,,,,,X,NOT APPLICABLE,,,CHNMDT8TAEF5,109234716,"AEROMETALS, INC.","AEROMETALS, INC.",,32664,CHNMDT8TAEF5,109234716,"AEROMETALS, INC.",AEROMETALS  INC.,USA,UNITED STATES,3920 SANDSTONE DR,,EL DORADO HILLS,06017,EL DORADO,06,CA,CALIFORNIA,957629652,CA-04,CA-05,9169396888,9169396555,USA,UNITED STATES,EL DORADO HILLS,06017,EL DORADO,06,CA,CALIFORNIA,957629652,CA-04,CA-05,AWARD,D,DEFINITIVE CONTRACT,,,,,,,J,FIRM FIXED PRICE,NEW MANUFACTURED PARTS:  STRUCTURAL SUPPORT,,1,,,1560,AIRFRAME STRUCTURAL COMPONENTS,D,NOT A BUNDLED REQUIREMENT,A1C,OTHER AIRCRAFT EQUIPMENT,336412,AIRCRAFT ENGINE AND ENGINE PARTS MANUFACTURING,C,NO CLAUSES INCLUDED AND NO SUSTAINABILITY INCLUDED,A,U.S. OWNED BUSINESS,000,NONE,Z,NOT IT PRODUCTS OR SERVICES,E,NOT REQUIRED,USA,UNITED STATES,D,MFG IN U.S.,B,PLAN NOT REQUIRED,D,FULL AND OPEN COMPETITION AFTER EXCLUSION OF SOURCES,SB,SEALED BID,SBA,SMALL BUSINESS SET ASIDE - TOTAL,NONE,NO PREFERENCE USED,,,,,,,3,D,COMMERCIAL ITEM PROCEDURES NOT USED,f,N,NO,N,NO,X,NOT APPLICABLE,N,NO,0.00,N,NO,N,NO,X,NOT APPLICABLE,X,NOT APPLICABLE,X,NOT APPLICABLE,,,,,,,,NONE,NONE,N,NO,X,NOT APPLICABLE EXEMPT FROM CAS,N,TRANSACTION DOES NOT USE GFE/GFP,N,NO,N,NO,X,NOT APPLICABLE,N,NO,Z,NOT APPLICABLE,N,NO,X,NOT APPLICABLE,f,f,f,f,f,f,f,f,f,f,f,f,f,f,f,f,f,f,f,SMALL BUSINESS,S,f,f,f,f,f,f,f,f,f,f,f,f,f,f,f,f,f,CORPORATE NOT TAX EXEMPT,t,f,f,f,f,f,f,f,f,f,f,f,t,f,f,f,f,t,f,f,f,f,f,f,f,f,f,f,t,f,f,f,f,f,f,f,f,f,f,f,f,f,f,f,f,f,f,f,f,f,,,,,,,,,,,https://www.usaspending.gov/award/CONT_AWD_SPRTA116C0070_9700_-NONE-_-NONE-/,2021-04-21 09:45:52+00
CONT_AWD_SPRTA117C0133_9700_-NONE-_-NONE-,SPRTA117C0133,,,,,,,,,1571570.00,,1571570.00,1571570.00,2017-08-28,2017,2021-04-23,2021,2017-08-28,2021-05-24,2021-06-01 00:00:00,,,097,Department of Defense,97AS,Defense Logistics Agency,SPRTA1,"DLA AVIATION AT OKLAHOMA CITY, OK",097,Department of Defense,5700,Department of the Air Force,FD2030,FD2030  OC ALC LGI,,,,,X,NOT APPLICABLE,,,DY1HNL3R56H7,053489188,PARADIGM MANCHESTER INC.,PARADIGM MANCHESTER INC.,,1J4P3,FFXKK2MMEM97,078769683,PARADIGM MANCHESTER INC.,PARADIGM MANCHESTER INC.,USA,UNITED STATES,967 PARKER ST,,MANCHESTER,09003,HARTFORD,09,CT,CONNECTICUT,060422208,CT-01,CT-01,7723412576,,USA,UNITED STATES,MANCHESTER,09003,HARTFORD,09,CT,CONNECTICUT,060422208,CT-01,CT-01,AWARD,D,DEFINITIVE CONTRACT,,,,,,,J,FIRM FIXED PRICE,"NOZZLE, AUGMENTER EX",SPRTA117R0389,1,,,2840,"GAS TURBINES AND JET ENGINES, AIRCRAFT, PRIME MOVING; AND COMPONENTS",H,NOT BUNDLED,A1B,AIRCRAFT ENGINES AND SPARES,336412,AIRCRAFT ENGINE AND ENGINE PARTS MANUFACTURING,C,NO CLAUSES INCLUDED AND NO SUSTAINABILITY INCLUDED,A,U.S. OWNED BUSINESS,000,NONE,Z,NOT IT PRODUCTS OR SERVICES,E,NOT REQUIRED,USA,UNITED STATES,D,MFG IN U.S.,B,PLAN NOT REQUIRED,A,FULL AND OPEN COMPETITION,NP,NEGOTIATED PROPOSAL/QUOTE,NONE,NO SET ASIDE USED.,NONE,NO PREFERENCE USED,,,,,,,2,D,COMMERCIAL ITEM PROCEDURES NOT USED,f,N,NO,N,NO,Y,YES,N,NO,0.00,N,NO,Y,YES,X,NOT APPLICABLE,X,NOT APPLICABLE,X,NOT APPLICABLE,,,,,,,,NONE,NONE,N,NO,X,NOT APPLICABLE EXEMPT FROM CAS,N,TRANSACTION DOES NOT USE GFE/GFP,N,NO,D,NOT CONSOLIDATED,X,NOT APPLICABLE,N,NO,Z,NOT APPLICABLE,N,NO,X,NOT APPLICABLE,f,f,f,f,f,f,f,f,f,f,f,f,f,f,f,f,f,f,f,OTHER THAN SMALL BUSINESS,O,f,f,f,f,f,f,f,f,f,f,f,f,f,f,f,f,f,CORPORATE NOT TAX EXEMPT,t,f,f,f,f,f,f,f,f,f,f,f,t,f,f,f,f,t,f,f,f,f,f,f,f,f,f,f,t,f,f,f,f,f,f,f,f,f,f,f,f,f,f,f,f,f,f,f,f,f,,,,,,,,,,,https://www.usaspending.gov/award/CONT_AWD_SPRTA117C0133_9700_-NONE-_-NONE-/,2021-04-26 08:22:22+00
CONT_AWD_SPRTA119C0084_9700_-NONE-_-NONE-,SPRTA119C0084,,,,,,,,,1588728.00,,1588728.00,1588728.00,2019-05-30,2019,2021-04-20,2021,2019-05-30,2021-11-12,2021-11-12 00:00:00,,2018-07-09,097,Department of Defense,97AS,Defense Logistics Agency,SPRTA1,"DLA AVIATION AT OKLAHOMA CITY, OK",097,Department of Defense,5700,Department of the Air Force,F3YCAB,F3YCAB 848 SCMG GLSC,,,,,X,NOT APPLICABLE,,,M3DSAMDJMXY8,008091316,"THOMAS INSTRUMENT, INCORPORATED","THOMAS INSTRUMENT, INCORPORATED",,5H860,M3DSAMDJMXY8,008091316,"THOMAS INSTRUMENT, INCORPORATED",THOMAS INSTRUMENT & MACHINE CO.  INC.,USA,UNITED STATES,3440 E FIRST ST,,BROOKSHIRE,48473,WALLER,48,TX,TEXAS,774239525,TX-10,TX-10,8303311325,8303311207,USA,UNITED STATES,BROOKSHIRE,48473,WALLER,48,TX,TEXAS,774239525,TX-10,TX-10,AWARD,D,DEFINITIVE CONTRACT,,,,,,,J,FIRM FIXED PRICE,NEW MANUFACTURE OF B-1B ELECTRO-MECHANICAL ACTUATORS,SPRTA118R0463,1,,,1680,MISCELLANEOUS AIRCRAFT ACCESSORIES AND COMPONENTS,H,NOT BUNDLED,A1C,OTHER AIRCRAFT EQUIPMENT,336413,OTHER AIRCRAFT PARTS AND AUXILIARY EQUIPMENT MANUFACTURING,C,NO CLAUSES INCLUDED AND NO SUSTAINABILITY INCLUDED,A,U.S. OWNED BUSINESS,000,NONE,Z,NOT IT PRODUCTS OR SERVICES,E,NOT REQUIRED,USA,UNITED STATES,D,MFG IN U.S.,B,PLAN NOT REQUIRED,A,FULL AND OPEN COMPETITION,NP,NEGOTIATED PROPOSAL/QUOTE,NONE,NO SET ASIDE USED.,NONE,NO PREFERENCE USED,,,,,,,1,D,COMMERCIAL ITEM PROCEDURES NOT USED,f,N,NO,N,NO,Y,YES,N,NO,0.00,N,NO,Y,YES,X,NOT APPLICABLE,X,NOT APPLICABLE,X,NOT APPLICABLE,,,,,,,,NONE,NONE,Y,YES,X,NOT APPLICABLE EXEMPT FROM CAS,N,TRANSACTION DOES NOT USE GFE/GFP,N,NO,D,NOT CONSOLIDATED,X,NOT APPLICABLE,N,NO,A,FAR 52.232-16 PROGRESS PAYMENTS,N,NO,X,NOT APPLICABLE,f,f,f,f,f,f,f,f,f,f,f,f,f,f,f,f,f,f,f,SMALL BUSINESS,S,f,f,f,f,f,f,f,f,f,f,f,f,f,f,f,f,f,CORPORATE NOT TAX EXEMPT,t,f,f,f,f,f,f,f,f,f,f,f,t,f,f,f,f,t,f,f,f,f,f,f,f,f,f,f,t,f,f,f,f,f,f,f,f,f,f,f,f,f,f,f,f,f,f,f,f,f,,,,,,,,,,,https://www.usaspending.gov/award/CONT_AWD_SPRTA119C0084_9700_-NONE-_-NONE-/,2021-04-20 18:54:13+00
CONT_AWD_SPRTA121C0012_9700_-NONE-_-NONE-,SPRTA121C0012,,,,,,,,,4991402.41,,4991402.41,4991402.41,2021-03-29,2021,2021-04-22,2021,2021-03-29,2022-08-01,2022-08-01 00:00:00,,2020-08-27,097,Department of Defense,97AS,Defense Logistics Agency,SPRTA1,"DLA AVIATION AT OKLAHOMA CITY, OK",097,Department of Defense,5700,Department of the Air Force,F3YCAB,F3YCAB 848 SCMG GLSC,,,,,X,NOT APPLICABLE,,,QQ7DAUGJ6MC7,147951883,CPI RADANT TECHNOLOGIES DIVISION INC.,CPI RADANT TECHNOLOGIES DIVISION INC.,,3J847,EAH2UTWCT3G6,606096639,"C.P.I. INTERNATIONAL, INC.",COMMUNICATIONS & POWER INDUSTRIES LLC,USA,UNITED STATES,255 HUDSON ROAD,,STOW,25017,MIDDLESEX,25,MA,MASSACHUSETTS,017751446,MA-03,MA-03,9785623866,9785626277,USA,UNITED STATES,STOW,25017,MIDDLESEX,25,MA,MASSACHUSETTS,017751446,MA-03,MA-03,AWARD,D,DEFINITIVE CONTRACT,,,,,,,J,FIRM FIXED PRICE,RADOME,SPRTA120R0087,1,,,1560,AIRFRAME STRUCTURAL COMPONENTS,H,NOT BUNDLED,A1C,OTHER AIRCRAFT EQUIPMENT,336413,OTHER AIRCRAFT PARTS AND AUXILIARY EQUIPMENT MANUFACTURING,C,NO CLAUSES INCLUDED AND NO SUSTAINABILITY INCLUDED,A,U.S. OWNED BUSINESS,000,NONE,Z,NOT IT PRODUCTS OR SERVICES,E,NOT REQUIRED,USA,UNITED STATES,D,MFG IN U.S.,F,INDIVIDUAL SUBCONTRACT PLAN,C,NOT COMPETED,SSS,ONLY ONE SOURCE,NONE,NO SET ASIDE USED.,NONE,NO PREFERENCE USED,,,,,PDR,PATENT OR DATA RIGHTS (FAR 6.302-1(B)(2)),1,D,COMMERCIAL ITEM PROCEDURES NOT USED,f,N,NO,N,NO,Y,YES,N,NO,0.00,N,NO,Y,YES,X,NOT APPLICABLE,X,NOT APPLICABLE,X,NOT APPLICABLE,,,,,,,,NONE,NONE,N,NO,X,NOT APPLICABLE EXEMPT FROM CAS,N,TRANSACTION DOES NOT USE GFE/GFP,N,NO,D,NOT CONSOLIDATED,X,NOT APPLICABLE,N,NO,Z,NOT APPLICABLE,N,NO,X,NOT APPLICABLE,f,f,f,f,f,f,f,f,f,f,f,f,f,f,f,f,f,f,f,OTHER THAN SMALL BUSINESS,O,f,f,f,f,f,f,f,f,f,f,f,f,f,f,f,f,f,CORPORATE NOT TAX EXEMPT,t,f,f,f,f,f,f,f,f,f,f,f,t,f,f,f,f,t,f,f,f,f,f,f,f,f,f,f,t,f,f,f,f,f,f,f,f,f,f,f,f,f,f,f,f,f,f,f,f,f,,,,,,,,,,,https://www.usaspending.gov/award/CONT_AWD_SPRTA121C0012_9700_-NONE-_-NONE-/,2021-04-22 16:47:59+00
CONT_AWD_SPRTA121C0018_9700_-NONE-_-NONE-,SPRTA121C0018,,,,,,,,,316550.00,,316550.00,316550.00,2021-04-06,2021,2021-04-22,2021,2021-04-06,2022-04-06,2022-04-06 00:00:00,,2020-12-04,097,Department of Defense,97AS,Defense Logistics Agency,SPRTA1,"DLA AVIATION AT OKLAHOMA CITY, OK",097,Department of Defense,5700,Department of the Air Force,F3YCAB,F3YCAB 848 SCMG GLSC,,,,,X,NOT APPLICABLE,,,E86UEFDHJWK6,601020951,"ROCKMART FUEL CONTAINMENT, LLC","MEGGITT (ROCKMART), INC.",,56221,WTBLKKS9ED74,216242784,MEGGITT AIRCRAFT BRAKING SYSTEMS KENTUCKY CORPORATION,MEGGITT (ROCKMART)  INC.,USA,UNITED STATES,669 GOODYEAR ST,,ROCKMART,13233,POLK,13,GA,GEORGIA,301532554,GA-14,GA-14,7706847855,7706847438,USA,UNITED STATES,ROCKMART,13233,POLK,13,GA,GEORGIA,301532554,GA-14,GA-14,AWARD,D,DEFINITIVE CONTRACT,,,,,,,J,FIRM FIXED PRICE,FUEL CELLS SUPPORTING THE E-3 AIRCRAFT,SPRTA121R0022,1,,,1560,AIRFRAME STRUCTURAL COMPONENTS,H,NOT BUNDLED,A1C,OTHER AIRCRAFT EQUIPMENT,336413,OTHER AIRCRAFT PARTS AND AUXILIARY EQUIPMENT MANUFACTURING,C,NO CLAUSES INCLUDED AND NO SUSTAINABILITY INCLUDED,C,FOREIGN-OWNED BUSINESS INCORPORATED IN THE U.S.,000,NONE,Z,NOT IT PRODUCTS OR SERVICES,E,NOT REQUIRED,USA,UNITED STATES,D,MFG IN U.S.,B,PLAN NOT REQUIRED,C,NOT COMPETED,SSS,ONLY ONE SOURCE,NONE,NO SET ASIDE USED.,NONE,NO PREFERENCE USED,,,,,ONE,ONLY ONE SOURCE-OTHER (FAR 6.302-1 OTHER),1,D,COMMERCIAL ITEM PROCEDURES NOT USED,f,N,NO,N,NO,X,NOT APPLICABLE,N,NO,0.00,N,NO,Y,YES,X,NOT APPLICABLE,X,NOT APPLICABLE,X,NOT APPLICABLE,,,,,,,,NONE,NONE,N,NO,X,NOT APPLICABLE EXEMPT FROM CAS,N,TRANSACTION DOES NOT USE GFE/GFP,N,NO,D,NOT CONSOLIDATED,X,NOT APPLICABLE,N,NO,Z,NOT APPLICABLE,N,NO,X,NOT APPLICABLE,f,f,f,f,f,f,f,f,f,f,f,f,f,f,f,f,f,f,f,OTHER THAN SMALL BUSINESS,O,f,f,f,f,f,f,f,f,f,f,f,f,f,f,f,f,f,CORPORATE NOT TAX EXEMPT,t,f,f,f,f,f,f,f,f,f,f,f,t,f,f,f,f,t,f,f,f,f,f,f,f,f,f,t,t,f,f,f,f,f,f,f,f,f,f,f,f,f,f,f,f,f,f,f,f,f,,,,,,,,,,,https://www.usaspending.gov/award/CONT_AWD_SPRTA121C0018_9700_-NONE-_-NONE-/,2021-04-22 09:39:39+00
CONT_AWD_SPRTA121C0225_9700_-NONE-_-NONE-,SPRTA121C0225,,,,,,,,,345800.00,,345800.00,345800.00,2021-04-21,2021,2021-04-21,2021,2021-04-21,2022-10-01,2022-10-01 00:00:00,,2021-02-09,097,Department of Defense,97AS,Defense Logistics Agency,SPRTA1,"DLA AVIATION AT OKLAHOMA CITY, OK",097,Department of Defense,5700,Department of the Air Force,F3YCAB,F3YCAB 848 SCMG GLSC,,,,,X,NOT APPLICABLE,,,HVVKL7253CK3,,WOODWARD HRT INC,"WOODWARD HRT, INC.",,81873,NJ83KV3NU9A6,,WOODWARD GOVERNOR COMPANY,WOODWARD GOVERNOR COMPANY,USA,UNITED STATES,25200 W RYE CANYON RD,,SANTA CLARITA,06037,LOS ANGELES,06,CA,CALIFORNIA,913551204,CA-25,CA-27,6617025747,6617025385,USA,UNITED STATES,VALENCIA,06037,LOS ANGELES,06,CA,CALIFORNIA,913551204,CA-25,CA-27,AWARD,D,DEFINITIVE CONTRACT,,,,,,,J,FIRM FIXED PRICE,"AIRCRAFT HYDRAULIC, VACUUM, AND DE-ICING SYSTEM COMPONENTS",SPRTA121R0052,1,,,1650,"AIRCRAFT HYDRAULIC, VACUUM, AND DE-ICING SYSTEM COMPONENTS",H,NOT BUNDLED,A1B,AIRCRAFT ENGINES AND SPARES,336413,OTHER AIRCRAFT PARTS AND AUXILIARY EQUIPMENT MANUFACTURING,C,NO CLAUSES INCLUDED AND NO SUSTAINABILITY INCLUDED,A,U.S. OWNED BUSINESS,000,NONE,Z,NOT IT PRODUCTS OR SERVICES,E,NOT REQUIRED,USA,UNITED STATES,D,MFG IN U.S.,B,PLAN NOT REQUIRED,C,NOT COMPETED,SSS,ONLY ONE SOURCE,NONE,NO SET ASIDE USED.,NONE,NO PREFERENCE USED,,,,,ONE,ONLY ONE SOURCE-OTHER (FAR 6.302-1 OTHER),1,D,COMMERCIAL ITEM PROCEDURES NOT USED,f,N,NO,N,NO,X,NOT APPLICABLE,N,NO,0.00,N,NO,Y,YES,X,NOT APPLICABLE,X,NOT APPLICABLE,X,NOT APPLICABLE,,,,,,,,NONE,NONE,N,NO,X,NOT APPLICABLE EXEMPT FROM CAS,N,TRANSACTION DOES NOT USE GFE/GFP,N,NO,D,NOT CONSOLIDATED,X,NOT APPLICABLE,N,NO,Z,NOT APPLICABLE,N,NO,X,NOT APPLICABLE,f,f,f,f,f,f,f,f,f,f,f,f,f,f,f,f,f,f,f,OTHER THAN SMALL BUSINESS,O,f,f,f,f,f,f,f,f,f,f,f,f,f,f,f,f,f,CORPORATE NOT TAX EXEMPT,t,f,f,f,f,f,f,f,f,f,f,f,t,f,f,f,f,t,f,f,f,f,f,f,f,f,f,f,t,f,f,f,f,f,f,f,f,f,f,f,f,f,f,f,f,f,f,f,f,f,,,,,,,,,,,https://www.usaspending.gov/award/CONT_AWD_SPRTA121C0225_9700_-NONE-_-NONE-/,2023-04-11 07:34:41+00
CONT_AWD_SPRTA121C0327_9700_-NONE-_-NONE-,SPRTA121C0327,,,,,,,,,300850.20,,300850.20,300850.20,2021-04-05,2021,2021-04-21,2021,2021-04-05,2022-11-01,2022-11-01 00:00:00,,2021-01-19,097,Department of Defense,97AS,Defense Logistics Agency,SPRTA1,"DLA AVIATION AT OKLAHOMA CITY, OK",097,Department of Defense,5700,Department of the Air Force,F3YCAB,F3YCAB 848 SCMG GLSC,,,,,X,NOT APPLICABLE,,,HVVKL7253CK3,008513152,WOODWARD HRT INC,"WOODWARD HRT, INC.",,81873,NJ83KV3NU9A6,005069380,WOODWARD GOVERNOR COMPANY,WOODWARD GOVERNOR COMPANY,USA,UNITED STATES,25200 W RYE CANYON RD,,SANTA CLARITA,06037,LOS ANGELES,06,CA,CALIFORNIA,913551204,CA-25,CA-27,6617025747,6617025385,USA,UNITED STATES,VALENCIA,06037,LOS ANGELES,06,CA,CALIFORNIA,913551204,CA-25,CA-27,AWARD,D,DEFINITIVE CONTRACT,,,,,,,J,FIRM FIXED PRICE,"ENGINE FUEL SYSTEM COMPONENTS, AIRCRAFT AND MISSILE PRIME MOVERS",SPRTA121R0327,1,,,2915,"ENGINE FUEL SYSTEM COMPONENTS, AIRCRAFT AND MISSILE PRIME MOVERS",H,NOT BUNDLED,A1B,AIRCRAFT ENGINES AND SPARES,336412,AIRCRAFT ENGINE AND ENGINE PARTS MANUFACTURING,C,NO CLAUSES INCLUDED AND NO SUSTAINABILITY INCLUDED,A,U.S. OWNED BUSINESS,000,NONE,Z,NOT IT PRODUCTS OR SERVICES,E,NOT REQUIRED,USA,UNITED STATES,D,MFG IN U.S.,B,PLAN NOT REQUIRED,A,FULL AND OPEN COMPETITION,NP,NEGOTIATED PROPOSAL/QUOTE,NONE,NO SET ASIDE USED.,NONE,NO PREFERENCE USED,,,,,,,2,D,COMMERCIAL ITEM PROCEDURES NOT USED,f,N,NO,N,NO,Y,YES,N,NO,0.00,N,NO,Y,YES,X,NOT APPLICABLE,X,NOT APPLICABLE,X,NOT APPLICABLE,,,,,,,,NONE,NONE,N,NO,X,NOT APPLICABLE EXEMPT FROM CAS,N,TRANSACTION DOES NOT USE GFE/GFP,N,NO,D,NOT CONSOLIDATED,X,NOT APPLICABLE,N,NO,Z,NOT APPLICABLE,N,NO,X,NOT APPLICABLE,f,f,f,f,f,f,f,f,f,f,f,f,f,f,f,f,f,f,f,OTHER THAN SMALL BUSINESS,O,f,f,f,f,f,f,f,f,f,f,f,f,f,f,f,f,f,CORPORATE NOT TAX EXEMPT,t,f,f,f,f,f,f,f,f,f,f,f,t,f,f,f,f,t,f,f,f,f,f,f,f,f,f,f,t,f,f,f,f,f,f,f,f,f,f,f,f,f,f,f,f,f,f,f,f,f,CARL  MOFFITT,540000.00,WILLIAM  STONE,477758.00,WILLIAM  SHUMAKER,510089.00,MARTIN  KURZDORFER,510137.00,LOUCAS  CHRISTODULIDES,385782.00,https://www.usaspending.gov/award/CONT_AWD_SPRTA121C0327_9700_-NONE-_-NONE-/,2021-04-21 08:49:20+00
CONT_AWD_SPRWA113C0001_9700_-NONE-_-NONE-,SPRWA113C0001,,,,,,,,,6675445.04,,6675445.04,6675445.04,2012-12-06,2013,2021-04-21,2021,2012-12-06,2014-12-01,2014-12-01 00:00:00,,,097,Department of Defense,97AS,Defense Logistics Agency,SPRWA1,"DLA AVIATION AT WARNER ROBINS, GA",097,Department of Defense,5700,Department of the Air Force,F3QL09,F3QL09 948 SCMG FMS,,,,,X,NOT APPLICABLE,,,MVNNSLH5FRG3,007060890,"AMI INDUSTRIES, INC","AMI INDUSTRIES, INC.",,31218,PPLZG8J3N9D4,001344142,RTX CORP,RAYTHEON TECHNOLOGIES CORPORATION,USA,UNITED STATES,1275 N NEWPORT RD,,COLORADO SPRINGS,08041,EL PASO,08,CO,COLORADO,809162776,CO-05,CO-05,7196382157,7193800040,USA,UNITED STATES,COLORADO SPRINGS,08041,EL PASO,08,CO,COLORADO,809162776,CO-05,CO-05,AWARD,D,DEFINITIVE CONTRACT,,,,,,,J,FIRM FIXED PRICE,ACES II EJECTION SEAT INSTALL BUY FOR IRAQI (FMS) F-16S.,,1,,,1680,MISCELLANEOUS AIRCRAFT ACCESSORIES AND COMPONENTS,D,NOT A BUNDLED REQUIREMENT,A1A,AIRFRAMES AND SPARES,336413,OTHER AIRCRAFT PARTS AND AUXILIARY EQUIPMENT MANUFACTURING,C,NO CLAUSES INCLUDED AND NO SUSTAINABILITY INCLUDED,A,U.S. OWNED BUSINESS,000,NONE,Z,NOT IT PRODUCTS OR SERVICES,E,NOT REQUIRED,USA,UNITED STATES,D,MFG IN U.S.,D,PLAN REQUIRED - INCENTIVE INCLUDED,B,NOT AVAILABLE FOR COMPETITION,SSS,ONLY ONE SOURCE,NONE,NO SET ASIDE USED.,NONE,NO PREFERENCE USED,,,,,IA,INTERNATIONAL AGREEMENT (FAR 6.302-4),1,D,COMMERCIAL ITEM PROCEDURES NOT USED,f,N,NO,N,NO,N,NO,N,NO,0.00,N,NO,Y,YES,X,NOT APPLICABLE,X,NOT APPLICABLE,X,NOT APPLICABLE,,,,,,,,NONE,NONE,Y,YES,Y,YES - CAS CLAUSE INCLUDED,N,TRANSACTION DOES NOT USE GFE/GFP,N,NO,N,NO,X,NOT APPLICABLE,N,NO,Z,NOT APPLICABLE,N,NO,X,NOT APPLICABLE,f,f,f,f,f,f,f,f,f,f,f,f,f,f,f,f,f,f,f,OTHER THAN SMALL BUSINESS,O,f,f,f,f,f,f,f,f,f,f,f,f,f,f,f,f,f,CORPORATE NOT TAX EXEMPT,t,f,f,f,f,f,f,f,f,f,f,f,t,f,f,f,f,t,f,f,f,f,f,f,f,f,f,f,t,f,f,f,f,f,f,f,f,f,f,f,f,f,f,f,f,f,f,f,f,f,,,,,,,,,,,https://www.usaspending.gov/award/CONT_AWD_SPRWA113C0001_9700_-NONE-_-NONE-/,2021-04-21 12:17:50+00
CONT_AWD_W15P7T05CP623_9700_-NONE-_-NONE-,W15P7T05CP623,,,,,,,,,6280000.00,,0.00,0.00,2005-09-16,2005,2021-04-20,2021,2005-09-16,2012-05-31,2012-05-31 00:00:00,,,097,Department of Defense,9763,Defense Contract Management Agency,S0514A,DCMA SOUTHERN CAL (SAN DIEGO),097,Department of Defense,2100,Department of the Army,W15GK8,W4GV USA HQ COMM ELECT CMD,,,,,X,NOT APPLICABLE,,,RN43FYPYNKP4,841440832,TREX ENTERPRISES CORPORATION,TREX ENTERPRISES CORPORATION,,0ZKJ6,RN43FYPYNKP4,841440832,TREX ENTERPRISES CORPORATION,TREX ENTERPRISES CORPORATION,USA,UNITED STATES,10455 PACIFIC CENTER CT,,SAN DIEGO,06073,SAN DIEGO,06,CA,CALIFORNIA,92121,CA-53,CA-90,,,USA,UNITED STATES,SAN DIEGO,06073,SAN DIEGO,06,CA,CALIFORNIA,921211045,CA-49,CA-50,AWARD,D,DEFINITIVE CONTRACT,,,,,,,U,COST PLUS FIXED FEE,200512!007711!2100!W15P7T!USA COMMUNICATIONS-ELECTRONICS  !W15P7T05CP623  !A!N! !N!             !      !20050916!20090114!841440832!841440832!841440832!N!TREX ENTERPRISES CORPORATION  !10455 PACIFIC CENTER CT   !SAN DIEGO           !CA!92121!66000!073!06!SAN DIEGO           !SAN DIEGO             !CALIFORNIA!+000000200000!N!N!000000000000!AC61!RDTE/ELECTRONICS & COMMUNICATION EQ-BASIC RESEARCH!A7 !ELECTRONICS AND COMMUNICATION EQUIP !000 !*                             !541710!E! !3! ! ! ! ! !20200930!B! ! !A! !D!N!U!1!001!N!1G!Z!Y!Z! !  !N!B!N!N! ! !A! !A!A!000!A!B!N! ! ! ! !    !      !0001! !,,1,,,AC61,R&D- DEFENSE SYSTEM: ELECTRONICS/COMMUNICATION EQUIPMENT (BASIC RESEARCH),D,NOT A BUNDLED REQUIREMENT,A7,ELECTRONICS AND COMMUNICATION EQUIPMENT,541710,"RESEARCH AND DEVELOPMENT IN THE PHYSICAL, ENGINEERING, AND LIFE SCIENCES",C,NO CLAUSES INCLUDED AND NO SUSTAINABILITY INCLUDED,,,000,NONE,,,E,NOT REQUIRED,,,,,B,PLAN NOT REQUIRED,C,NOT COMPETED,SSS,ONLY ONE SOURCE,NONE,NO SET ASIDE USED.,NONE,NO PREFERENCE USED,,,,,ONE,ONLY ONE SOURCE-OTHER (FAR 6.302-1 OTHER),1,D,COMMERCIAL ITEM PROCEDURES NOT USED,f,N,NO,N,NO,Y,YES,,,0.00,N,NO,X,NOT APPLICABLE,N,NO,X,NOT APPLICABLE,X,NOT APPLICABLE,,,,,,,,NONE,NONE,Y,YES,X,NOT APPLICABLE EXEMPT FROM CAS,N,TRANSACTION DOES NOT USE GFE/GFP,N,NO,N,NO,N,NO - SERVICE WHERE PBA IS NOT USED.,N,NO,Z,NOT APPLICABLE,N,NO,X,NOT APPLICABLE,f,f,f,f,f,f,f,f,f,f,f,f,f,f,f,f,f,f,f,SMALL BUSINESS,S,f,f,f,f,f,f,f,f,f,f,f,f,f,f,f,f,f,,f,f,f,f,f,f,f,f,f,f,f,f,f,f,f,f,f,f,f,f,f,f,f,f,f,f,f,f,f,f,f,f,f,f,f,f,f,f,f,f,f,f,f,f,f,f,f,f,f,f,,,,,,,,,,,https://www.usaspending.gov/award/CONT_AWD_W15P7T05CP623_9700_-NONE-_-NONE-/,2021-04-23 12:16:53+00
CONT_AWD_W15P7T20C0007_9700_-NONE-_-NONE-,W15P7T20C0007,,,,Q: Not Designated Nonemergency/Emergency/Disaster/Wildfire Suppression,,,,,1089585.08,0.00,1089585.08,1089585.08,2020-07-28,2020,2021-04-22,2021,2020-07-28,2022-07-10,2022-07-10 00:00:00,,2018-02-07,097,Department of Defense,2100,Department of the Army,W15P7T,W6QK ACC-APG,097,Department of Defense,2100,Department of the Army,W81LH7,W6DR PEO C3N,021-2019/2020-2040-000,021-2040,31.0: Equipment,OPTN: FIELD IS OPTIONAL PRIOR TO FY21,X,NOT APPLICABLE,,,LMV1FKPF2PS6,,ASPEN CONSULTING GROUP INC,ASPEN CONSULTING GROUP INC,,1URQ7,LMV1FKPF2PS6,,ASPEN CONSULTING GROUP INC,ASPEN CONSULTING GROUP INC,USA,UNITED STATES,2405 SHORE HAVEN CT,,POINT PLEASANT BEACH,34029,OCEAN,34,NJ,NEW JERSEY,087424202,NJ-04,NJ-04,7327227878,7327227879,USA,UNITED STATES,POINT PLEASANT BORO,34029,OCEAN,34,NJ,NEW JERSEY,087424202,NJ-04,NJ-04,AWARD,D,DEFINITIVE CONTRACT,,,,,,,J,FIRM FIXED PRICE,SMALL BUSINESS INNOVATION RESEARCH (SBIR) PHASE II SEQUENTIAL TOPIC #A18-109,,1,OT,OTHER FUNCTIONS,AC61,R&D- DEFENSE SYSTEM: ELECTRONICS/COMMUNICATION EQUIPMENT (BASIC RESEARCH),H,NOT BUNDLED,S1,SERVICES,541715,"RESEARCH AND DEVELOPMENT IN THE PHYSICAL, ENGINEERING, AND LIFE SCIENCES (EXCEPT NANOTECHNOLOGY AND BIOTECHNOLOGY)",C,NO CLAUSES INCLUDED AND NO SUSTAINABILITY INCLUDED,A,U.S. OWNED BUSINESS,000,NONE,Z,NOT IT PRODUCTS OR SERVICES,E,NOT REQUIRED,USA,UNITED STATES,C,NOT A MANUFACTURED END PRODUCT,B,PLAN NOT REQUIRED,D,FULL AND OPEN COMPETITION AFTER EXCLUSION OF SOURCES,NP,NEGOTIATED PROPOSAL/QUOTE,SBA,SMALL BUSINESS SET ASIDE - TOTAL,NONE,NO PREFERENCE USED,SR2,SMALL BUSINESS INNOVATION RESEARCH PROGRAM PHASE II ACTION,,,,,1,D,COMMERCIAL ITEM PROCEDURES NOT USED,f,N,NO,N,NO,X,NOT APPLICABLE,N,NO,0.00,Y,YES,N,NO,Y,YES,X,NOT APPLICABLE,X,NOT APPLICABLE,,,,,,,,NONE,NONE,N,NO,X,NOT APPLICABLE EXEMPT FROM CAS,N,TRANSACTION DOES NOT USE GFE/GFP,N,NO,D,NOT CONSOLIDATED,Y,YES - SERVICE WHERE PBA IS USED.,N,NO,Z,NOT APPLICABLE,N,NO,X,NOT APPLICABLE,f,f,f,f,f,f,f,t,t,f,f,f,f,f,f,f,f,f,f,SMALL BUSINESS,S,f,f,f,f,f,f,f,f,f,f,f,f,f,f,f,f,f,CORPORATE NOT TAX EXEMPT,t,f,f,f,f,f,f,f,f,f,f,f,f,f,f,f,f,t,f,f,f,f,f,f,f,t,f,f,t,f,f,f,f,f,f,f,f,f,f,f,f,f,f,f,f,f,f,f,f,f,LARRY  SINGER,257573.00,STEVE  PIZZO,342368.00,,,,,,,https://www.usaspending.gov/award/CONT_AWD_W15P7T20C0007_9700_-NONE-_-NONE-/,2025-04-22 16:50:17+00
CONT_AWD_W15QKN14C0027_9700_-NONE-_-NONE-,W15QKN14C0027,,,,,,,,,3977091.35,,3977091.35,4848031.93,2014-01-31,2014,2021-04-23,2021,2014-01-31,2019-02-01,2019-02-01 12:02:00,,,097,Department of Defense,2100,Department of the Army,W15QKN,W6QK ACC-RI-PICATINNY,097,Department of Defense,2100,Department of the Army,W15BW9,W4MK CCDC ARMAMENTS CENTER,,,,,X,NOT APPLICABLE,,,ZLZ1UBLYQSJ5,557159667,"FD SOFTWARE ENTERPRISES, LLC",FD SOFTWARE ENTERPRISES LLC,,47UF8,ZLZ1UBLYQSJ5,557159667,"FD SOFTWARE ENTERPRISES, LLC",FD SOFTWARE ENTERPRISES LLC,USA,UNITED STATES,105 GREENTREE DR,,BANGOR,42095,NORTHAMPTON,42,PA,PENNSYLVANIA,180132400,PA-07,PA-07,5702368797,5702368797,USA,UNITED STATES,PICATINNY ARSENAL,34027,MORRIS,34,NJ,NEW JERSEY,078065000,NJ-11,NJ-11,AWARD,D,DEFINITIVE CONTRACT,,,,,,,U,COST PLUS FIXED FEE,IGF::OT::IGF ENHANCING SENSOR TO SHOOTER TECH,,1,OT,OTHER FUNCTIONS,AC51,R&D- DEFENSE SYSTEM: WEAPONS (BASIC RESEARCH),D,NOT A BUNDLED REQUIREMENT,C9E,ALL OTHERS NOT IDENTIFIABLE TO ANY OTHER PROCUREMENT PROGRAM,541511,CUSTOM COMPUTER PROGRAMMING SERVICES,C,NO CLAUSES INCLUDED AND NO SUSTAINABILITY INCLUDED,A,U.S. OWNED BUSINESS,000,NONE,Z,NOT IT PRODUCTS OR SERVICES,E,NOT REQUIRED,USA,UNITED STATES,C,NOT A MANUFACTURED END PRODUCT,B,PLAN NOT REQUIRED,A,FULL AND OPEN COMPETITION,NP,NEGOTIATED PROPOSAL/QUOTE,NONE,NO SET ASIDE USED.,NONE,NO PREFERENCE USED,,,,,,,1,D,COMMERCIAL ITEM PROCEDURES NOT USED,f,N,NO,N,NO,Y,YES,N,NO,0.00,N,NO,N,NO,Y,YES,N,NO,X,NOT APPLICABLE,,,,,,,,NONE,NONE,Y,YES,Y,YES - CAS CLAUSE INCLUDED,N,TRANSACTION DOES NOT USE GFE/GFP,N,NO,N,NO,Y,YES - SERVICE WHERE PBA IS USED.,N,NO,Z,NOT APPLICABLE,N,NO,X,NOT APPLICABLE,f,f,f,f,f,t,f,f,f,f,f,f,f,f,f,f,f,f,f,SMALL BUSINESS,S,f,f,f,f,f,f,f,f,f,f,f,f,f,f,f,f,f,OTHER,f,f,f,f,f,f,f,f,f,f,f,f,f,f,f,f,f,t,f,f,f,f,f,f,f,f,t,f,t,f,f,f,f,f,f,f,f,f,f,f,f,f,f,f,f,f,f,f,f,f,,,,,,,,,,,https://www.usaspending.gov/award/CONT_AWD_W15QKN14C0027_9700_-NONE-_-NONE-/,2021-04-23 08:48:11+00
CONT_AWD_W15QKN17C1047_9700_-NONE-_-NONE-,W15QKN17C1047,,,,,,,,,908422.00,0.00,908422.00,908422.00,2017-09-21,2017,2021-04-21,2021,2017-09-21,2019-07-31,2019-07-31 00:00:00,,,097,Department of Defense,2100,Department of the Army,W15QKN,W6QK ACC-RI-PICATINNY,097,Department of Defense,2100,Department of the Army,W13GPY,W1DC DRFTA MASS,021-2019/2019-2080-000,021-2080,25.4: Operation and maintenance of facilities,,X,NOT APPLICABLE,,,XFNNVZ13V5W5,167220065,VETERANS CONSTRUCTION LLC,"VETERANS CONSTRUCTION, LLC",,316G6,XFNNVZ13V5W5,167220065,VETERANS CONSTRUCTION LLC,VETERANS CONSTRUCTION  LLC,USA,UNITED STATES,3 ELLERY ST STE 1,,BOSTON,25025,SUFFOLK,25,MA,MASSACHUSETTS,021272711,MA-08,MA-08,6173076372,6174644210,USA,UNITED STATES,BOSTON,25025,SUFFOLK,25,MA,MASSACHUSETTS,022101103,MA-07,MA-07,AWARD,D,DEFINITIVE CONTRACT,,,,,,,J,FIRM FIXED PRICE,"IGF::OT::IGF REMOVE AND REPLACE CHILLER, BARNES BUILDING, BOSTON MA",W15QKN17R1073,1,OT,OTHER FUNCTIONS,N041,"INSTALLATION OF EQUIPMENT- REFRIGERATION, AIR CONDITIONING, AND AIR CIRCULATING EQUIPMENT",H,NOT BUNDLED,C2,CONSTRUCTION,238220,"PLUMBING, HEATING, AND AIR-CONDITIONING CONTRACTORS",C,NO CLAUSES INCLUDED AND NO SUSTAINABILITY INCLUDED,A,U.S. OWNED BUSINESS,000,NONE,Z,NOT IT PRODUCTS OR SERVICES,E,NOT REQUIRED,USA,UNITED STATES,C,NOT A MANUFACTURED END PRODUCT,B,PLAN NOT REQUIRED,B,NOT AVAILABLE FOR COMPETITION,SSS,ONLY ONE SOURCE,8AN,8(A) SOLE SOURCE,NONE,NO PREFERENCE USED,,,,,OTH,AUTHORIZED BY STATUTE (FAR 6.302-5(A)(2)(I)),1,D,COMMERCIAL ITEM PROCEDURES NOT USED,f,N,NO,N,NO,N,NO,N,NO,0.00,N,NO,X,NOT APPLICABLE,X,NOT APPLICABLE,Y,YES,X,NOT APPLICABLE,,,,,,,,NONE,NONE,N,NO,X,NOT APPLICABLE EXEMPT FROM CAS,N,TRANSACTION DOES NOT USE GFE/GFP,U,UNKNOWN,D,NOT CONSOLIDATED,Y,YES - SERVICE WHERE PBA IS USED.,N,NO,Z,NOT APPLICABLE,N,NO,X,NOT APPLICABLE,f,f,f,f,f,t,t,f,f,f,f,f,f,f,f,f,f,f,f,SMALL BUSINESS,S,f,f,f,f,f,f,f,f,f,f,f,f,f,f,f,f,f,PARTNERSHIP,f,f,t,f,f,f,f,f,f,f,f,f,f,f,f,f,f,t,f,f,f,f,f,f,f,f,t,f,t,f,f,f,f,f,f,f,f,f,f,f,f,f,f,f,f,t,f,t,f,f,,,,,,,,,,,https://www.usaspending.gov/award/CONT_AWD_W15QKN17C1047_9700_-NONE-_-NONE-/,2021-04-21 16:52:37+00
CONT_AWD_W15QKN18C1024_9700_-NONE-_-NONE-,W15QKN18C1024,,,,,,,,,4459538.89,0.00,4459538.89,4459538.89,2018-09-24,2018,2021-04-16,2021,2018-09-27,2020-09-26,2020-09-26 00:00:00,,2018-08-14,097,Department of Defense,2100,Department of the Army,W15QKN,W6QK ACC-RI-PICATINNY,097,Department of Defense,2100,Department of the Army,W15P62,W6DR PEO C3N,021-2019/2019-2020-000;021-2019/2021-2035-000,021-2020;021-2035,31.0: Equipment,,X,NOT APPLICABLE,,,GCDRRLH96BP3,079591739,LINCHPIN SOLUTIONS INC,LINCHPIN SOLUTIONS INC.,,75VN6,GCDRRLH96BP3,079591739,LINCHPIN SOLUTIONS INC,LINCHPIN SOLUTIONS INC.,USA,UNITED STATES,15201 OCTAVIA LN,,ODESSA,12057,HILLSBOROUGH,12,FL,FLORIDA,335561403,FL-14,FL-14,8319170073,,USA,UNITED STATES,ABERDEEN,24025,HARFORD,24,MD,MARYLAND,210010004,MD-02,MD-01,AWARD,D,DEFINITIVE CONTRACT,,,,,,,J,FIRM FIXED PRICE,"PROJECT MANAGER, TACTICAL NETWORK (PM-TN) WITH SATELLITE COMMUNICATIONS (SATCOM) MAINTENANCE CENTER (SMC) SUPPORT SERVICES. THE PERIOD OF PERFORMANCE IS A 12-MONTH BASE YEAR AND ONE 12-MONTH OPTION YEAR.  THE LOCATION OF SERVICE IS ABERDEEN PROVING GROUND, MD",W15QKN18R1071,1,OT,OTHER FUNCTIONS,R425,SUPPORT- PROFESSIONAL: ENGINEERING/TECHNICAL,H,NOT BUNDLED,S1,SERVICES,541330,ENGINEERING SERVICES,C,NO CLAUSES INCLUDED AND NO SUSTAINABILITY INCLUDED,A,U.S. OWNED BUSINESS,000,NONE,Z,NOT IT PRODUCTS OR SERVICES,E,NOT REQUIRED,USA,UNITED STATES,C,NOT A MANUFACTURED END PRODUCT,B,PLAN NOT REQUIRED,G,NOT COMPETED UNDER SAP,SP1,SIMPLIFIED ACQUISITION,8AN,8(A) SOLE SOURCE,NONE,NO PREFERENCE USED,,,,,OTH,AUTHORIZED BY STATUTE (FAR 6.302-5(A)(2)(I)),1,A,COMMERCIAL ITEM,f,N,NO,N,NO,X,NOT APPLICABLE,N,NO,0.00,N,NO,N,NO,Y,YES,N,NO,X,NOT APPLICABLE,,,,,,,,NONE,NONE,N,NO,X,NOT APPLICABLE EXEMPT FROM CAS,N,TRANSACTION DOES NOT USE GFE/GFP,U,UNKNOWN,D,NOT CONSOLIDATED,Y,YES - SERVICE WHERE PBA IS USED.,N,NO,Z,NOT APPLICABLE,N,NO,X,NOT APPLICABLE,f,f,f,f,f,t,t,f,f,f,f,f,t,f,f,f,t,f,f,SMALL BUSINESS,S,f,f,f,f,f,f,f,f,f,f,f,f,f,f,f,f,f,CORPORATE NOT TAX EXEMPT,t,f,f,f,f,f,f,f,f,f,f,f,f,f,f,f,f,t,f,f,f,f,f,f,f,t,f,f,t,f,f,f,f,f,f,f,f,f,f,f,f,f,f,f,f,t,f,t,f,f,,,,,,,,,,,https://www.usaspending.gov/award/CONT_AWD_W15QKN18C1024_9700_-NONE-_-NONE-/,2021-04-16 13:12:44+00
CONT_AWD_W15QKN19C0044_9700_-NONE-_-NONE-,W15QKN19C0044,,,,,,,,,999930.32,0.00,999930.32,999930.32,2019-09-20,2019,2021-04-23,2021,2019-09-20,2022-03-19,2022-03-19 12:03:00,,2019-03-23,097,Department of Defense,2100,Department of the Army,W15QKN,W6QK ACC-RI-PICATINNY,097,Department of Defense,2100,Department of the Army,W15BW9,W4MK CCDC ARMAMENTS CENTER,021-2018/2019-2040-000;021-2019/2020-2040-000,021-2040,25.5: Research and development contracts,,X,NOT APPLICABLE,,,NN5CY5EB39B7,,"SMART MATERIAL SOLUTIONS, LLC","SMART MATERIAL SOLUTIONS, INC.",,6YYD7,NN5CY5EB39B7,,"SMART MATERIAL SOLUTIONS, LLC",SMART MATERIAL SOLUTIONS LLC,USA,UNITED STATES,984 TRINITY ROAD,,RALEIGH,37183,WAKE,37,NC,NORTH CAROLINA,276074940,NC-04,NC-02,8456490189,,USA,UNITED STATES,RALEIGH,37183,WAKE,37,NC,NORTH CAROLINA,276074940,NC-02,NC-02,AWARD,D,DEFINITIVE CONTRACT,,,,,,,J,FIRM FIXED PRICE,"PHASE II SEQUENTIAL STTR TITLED ""COMPUTATION AND FABRICATION TOOLS FOR SUB-WAVELENGTH TEXTURING OF VISIBLE AND IR SURFACES""",,1,OT,OTHER FUNCTIONS,AD92,R&D- DEFENSE OTHER: OTHER (APPLIED RESEARCH/EXPLORATORY DEVELOPMENT),H,NOT BUNDLED,S1,SERVICES,541715,"RESEARCH AND DEVELOPMENT IN THE PHYSICAL, ENGINEERING, AND LIFE SCIENCES (EXCEPT NANOTECHNOLOGY AND BIOTECHNOLOGY)",C,NO CLAUSES INCLUDED AND NO SUSTAINABILITY INCLUDED,A,U.S. OWNED BUSINESS,000,NONE,Z,NOT IT PRODUCTS OR SERVICES,E,NOT REQUIRED,USA,UNITED STATES,C,NOT A MANUFACTURED END PRODUCT,B,PLAN NOT REQUIRED,D,FULL AND OPEN COMPETITION AFTER EXCLUSION OF SOURCES,NP,NEGOTIATED PROPOSAL/QUOTE,SBA,SMALL BUSINESS SET ASIDE - TOTAL,NONE,NO PREFERENCE USED,ST2,SMALL TECHNOLOGY TRANSFER RESEARCH PROGRAM PHASE II,,,,,38,D,COMMERCIAL ITEM PROCEDURES NOT USED,f,N,NO,N,NO,N,NO,N,NO,0.00,N,NO,X,NOT APPLICABLE,X,NOT APPLICABLE,X,NOT APPLICABLE,X,NOT APPLICABLE,,,,,,,,NONE,NONE,N,NO,X,NOT APPLICABLE EXEMPT FROM CAS,N,TRANSACTION DOES NOT USE GFE/GFP,N,NO,D,NOT CONSOLIDATED,Y,YES - SERVICE WHERE PBA IS USED.,N,NO,Z,NOT APPLICABLE,N,NO,X,NOT APPLICABLE,f,f,f,f,f,f,f,f,f,f,f,f,f,f,f,f,f,f,f,SMALL BUSINESS,S,f,f,f,f,f,f,f,f,f,f,f,f,f,f,f,f,f,CORPORATE NOT TAX EXEMPT,t,f,f,f,f,f,f,f,f,f,f,f,f,f,f,f,f,t,f,f,f,f,f,f,f,t,f,f,t,f,f,f,f,f,f,f,f,f,f,f,f,f,f,f,f,t,f,f,f,f,,,,,,,,,,,https://www.usaspending.gov/award/CONT_AWD_W15QKN19C0044_9700_-NONE-_-NONE-/,2024-12-16 15:26:25+00
CONT_AWD_W15QKN20C5040_9700_-NONE-_-NONE-,W15QKN20C5040,,,,N: Emergency P.L. 116-136,0,274533.24,,,274533.24,0.00,274533.24,274533.24,2020-07-16,2020,2021-04-23,2021,2020-07-27,2021-07-30,2021-07-30 00:00:00,,,097,Department of Defense,2100,Department of the Army,W15QKN,W6QK ACC-RI-PICATINNY,097,Department of Defense,2100,Department of the Army,W91ENN,W6KH LONDONDERRY AFR CENTER,021-2020/2020-2080-000,021-2080,25.4: Operation and maintenance of facilities,OPTN: FIELD IS OPTIONAL PRIOR TO FY21,X,NOT APPLICABLE,,,KCYXLTWPA849,079405917,"K2 CONTRACTING GROUP, LLC","K2 CONTRACTING GROUP, LLC",,7B2W0,KCYXLTWPA849,079405917,"K2 CONTRACTING GROUP, LLC",K2 CONTRACTING GROUP  LLC,USA,UNITED STATES,10689 GATEWAY BLVD STE 105,,MANASSAS,51683,MANASSAS (CITY),51,VA,VIRGINIA,20110,VA-10,VA-10,7038251012,,USA,UNITED STATES,LONDONDERRY,33015,ROCKINGHAM,33,NH,NEW HAMPSHIRE,030537413,NH-01,NH-01,AWARD,D,DEFINITIVE CONTRACT,,,,,,,J,FIRM FIXED PRICE,"THE PURPOSE OF THIS CONTRACT, CONTRACT NUMBER W15QKN-20-C-5040, IS TO PROCURE WINDOWS TO BE REPLACED AT THE LONDONDERRY ARMED FORCES RESERVE CENTER (AFRC) LOCATED AT 64 HARVEY ROAD, LONDONDERRY, NH 03053- 7413.",W15QKN20R5039,1,OT,OTHER FUNCTIONS,Z1AA,MAINTENANCE OF OFFICE BUILDINGS,H,NOT BUNDLED,C2,CONSTRUCTION,236220,COMMERCIAL AND INSTITUTIONAL BUILDING CONSTRUCTION,C,NO CLAUSES INCLUDED AND NO SUSTAINABILITY INCLUDED,A,U.S. OWNED BUSINESS,000,NONE,Z,NOT IT PRODUCTS OR SERVICES,E,NOT REQUIRED,USA,UNITED STATES,C,NOT A MANUFACTURED END PRODUCT,B,PLAN NOT REQUIRED,F,COMPETED UNDER SAP,SP1,SIMPLIFIED ACQUISITION,SBA,SMALL BUSINESS SET ASIDE - TOTAL,NONE,NO PREFERENCE USED,,,,,,,10,D,COMMERCIAL ITEM PROCEDURES NOT USED,f,N,NO,N,NO,Y,YES,N,NO,0.00,N,NO,N,NO,N,NO,Y,YES,X,NOT APPLICABLE,,,,,,,,NONE,NONE,N,NO,X,NOT APPLICABLE EXEMPT FROM CAS,N,TRANSACTION DOES NOT USE GFE/GFP,U,UNKNOWN,D,NOT CONSOLIDATED,Y,YES - SERVICE WHERE PBA IS USED.,N,NO,Z,NOT APPLICABLE,N,NO,X,NOT APPLICABLE,f,f,f,f,f,f,f,f,f,f,f,f,t,f,f,t,f,f,f,SMALL BUSINESS,S,f,f,f,f,f,f,f,f,f,f,f,f,f,f,f,f,f,SOLE PROPRIETORSHIP,f,f,f,t,f,f,f,f,f,f,f,f,f,f,f,f,f,t,f,f,f,f,f,f,f,f,t,f,t,f,f,f,f,f,f,f,f,f,f,f,f,f,f,f,f,t,f,t,f,f,,,,,,,,,,,https://www.usaspending.gov/award/CONT_AWD_W15QKN20C5040_9700_-NONE-_-NONE-/,2021-04-23 10:26:31+00
CONT_AWD_W15QKN20C5062_9700_-NONE-_-NONE-,W15QKN20C5062,,,,,,,,,744340.68,,744340.68,744340.68,2020-09-29,2020,2021-04-19,2021,2020-10-09,2021-06-01,2021-06-01 00:00:00,,,097,Department of Defense,2100,Department of the Army,W15QKN,W6QK ACC-RI-PICATINNY,097,Department of Defense,2100,Department of the Army,W56D5Q,W6KH FAIRVIEW USAR CENTER,,,,,X,NOT APPLICABLE,,,HS24M3JAGVU5,,DMYLES INC.,DMYLES INC.,,723U0,HS24M3JAGVU5,,DMYLES INC.,DMYLES INC.,USA,UNITED STATES,9701 NIAGARA FALLS BLVD STE 1F,,NIAGARA FALLS,36063,NIAGARA,36,NY,NEW YORK,143041944,NY-26,NY-26,7169090718,,USA,UNITED STATES,TONAWANDA,36029,ERIE,36,NY,NEW YORK,141504444,NY-26,NY-26,AWARD,D,DEFINITIVE CONTRACT,,,,,,,J,FIRM FIXED PRICE,CSS# 0846 REPLACE WINDOWS NY065 / CSS# 19681 REPLACE FLAGPOLES IN NY / CSS# 19806 REPLACE FLAGPOLES IN PA,W15QKN20R5063,1,OT,OTHER FUNCTIONS,Z1AA,MAINTENANCE OF OFFICE BUILDINGS,H,NOT BUNDLED,C2,CONSTRUCTION,236220,COMMERCIAL AND INSTITUTIONAL BUILDING CONSTRUCTION,C,NO CLAUSES INCLUDED AND NO SUSTAINABILITY INCLUDED,A,U.S. OWNED BUSINESS,000,NONE,Z,NOT IT PRODUCTS OR SERVICES,E,NOT REQUIRED,USA,UNITED STATES,C,NOT A MANUFACTURED END PRODUCT,B,PLAN NOT REQUIRED,G,NOT COMPETED UNDER SAP,SP1,SIMPLIFIED ACQUISITION,8AN,8(A) SOLE SOURCE,NONE,NO PREFERENCE USED,,,,,OTH,AUTHORIZED BY STATUTE (FAR 6.302-5(A)(2)(I)),1,D,COMMERCIAL ITEM PROCEDURES NOT USED,f,N,NO,N,NO,Y,YES,N,NO,0.00,N,NO,N,NO,N,NO,Y,YES,X,NOT APPLICABLE,,,,,,,,NONE,NONE,N,NO,X,NOT APPLICABLE EXEMPT FROM CAS,N,TRANSACTION DOES NOT USE GFE/GFP,U,UNKNOWN,D,NOT CONSOLIDATED,Y,YES - SERVICE WHERE PBA IS USED.,N,NO,Z,NOT APPLICABLE,N,NO,X,NOT APPLICABLE,f,f,f,f,f,t,t,f,f,f,f,f,t,f,f,t,f,f,f,SMALL BUSINESS,S,f,f,f,f,f,f,f,f,f,f,f,f,f,f,f,f,f,CORPORATE NOT TAX EXEMPT,t,f,f,f,f,f,f,f,f,f,f,f,f,f,f,f,f,t,f,f,f,f,f,f,f,t,f,f,t,f,f,f,f,f,f,f,f,f,f,f,f,f,f,f,f,t,f,t,t,f,,,,,,,,,,,https://www.usaspending.gov/award/CONT_AWD_W15QKN20C5062_9700_-NONE-_-NONE-/,2023-12-29 09:46:48+00
CONT_AWD_W25G1V21C0003_9700_-NONE-_-NONE-,W25G1V21C0003,,,,,,,,,26470.00,,26470.00,26470.00,2021-04-05,2021,2021-04-22,2021,2021-04-05,2021-05-05,2021-05-05 00:00:00,,,097,Department of Defense,2100,Department of the Army,W25G1V,W0ML USA DEP TOBYHANNA,097,Department of Defense,2100,Department of the Army,W25G1V,W0ML USA DEP TOBYHANNA,,,,,X,NOT APPLICABLE,,,ZGD2UYAN5WC9,001405315,DIAMOND ANTENNA & MICROWAVE CORPORATION,DIAMOND ANTENNA AND MICROWAVE CORPORATION,,01882,ZGD2UYAN5WC9,001405315,DIAMOND ANTENNA & MICROWAVE CORPORATION,DIAMOND ANTENNA AND MICROWAVE CORPORATION,USA,UNITED STATES,59 PORTER RD,,LITTLETON,25017,MIDDLESEX,25,MA,MASSACHUSETTS,014601479,MA-03,MA-03,9784860039,9784860079,USA,UNITED STATES,TOBYHANNA,42089,MONROE,42,PA,PENNSYLVANIA,184665100,PA-08,PA-08,AWARD,D,DEFINITIVE CONTRACT,,,,,,,J,FIRM FIXED PRICE,RADIO SOLAR TELESCOPE NETWORK DRAWINGS,W25G1V21R0022,1,,,5985,"ANTENNAS, WAVEGUIDES, AND RELATED EQUIPMENT",H,NOT BUNDLED,A7,ELECTRONICS AND COMMUNICATION EQUIPMENT,334290,OTHER COMMUNICATIONS EQUIPMENT MANUFACTURING,C,NO CLAUSES INCLUDED AND NO SUSTAINABILITY INCLUDED,A,U.S. OWNED BUSINESS,000,NONE,Z,NOT IT PRODUCTS OR SERVICES,E,NOT REQUIRED,USA,UNITED STATES,D,MFG IN U.S.,B,PLAN NOT REQUIRED,C,NOT COMPETED,SSS,ONLY ONE SOURCE,NONE,NO SET ASIDE USED.,NONE,NO PREFERENCE USED,,,,,ONE,ONLY ONE SOURCE-OTHER (FAR 6.302-1 OTHER),1,A,COMMERCIAL ITEM,f,N,NO,N,NO,Y,YES,N,NO,0.00,N,NO,X,NOT APPLICABLE,X,NOT APPLICABLE,X,NOT APPLICABLE,X,NOT APPLICABLE,,,,,,,,NONE,NONE,N,NO,X,NOT APPLICABLE EXEMPT FROM CAS,N,TRANSACTION DOES NOT USE GFE/GFP,U,UNKNOWN,D,NOT CONSOLIDATED,X,NOT APPLICABLE,N,NO,Z,NOT APPLICABLE,N,NO,X,NOT APPLICABLE,f,f,f,f,f,f,f,f,f,f,f,f,f,f,f,f,f,f,f,SMALL BUSINESS,S,f,f,f,f,f,f,f,f,f,f,f,f,f,f,f,f,f,CORPORATE NOT TAX EXEMPT,t,f,f,f,f,f,f,f,f,f,f,f,t,f,f,f,f,t,f,f,f,f,f,f,f,f,f,f,t,f,f,f,f,f,f,f,f,f,f,f,f,f,f,f,f,f,f,f,f,f,,,,,,,,,,,https://www.usaspending.gov/award/CONT_AWD_W25G1V21C0003_9700_-NONE-_-NONE-/,2021-04-22 07:06:28+00
CONT_AWD_W31P4Q05C0295_9700_-NONE-_-NONE-,W31P4Q05C0295,,,,,,,,,5476669.49,,0.00,0.00,2005-09-13,2005,2021-04-20,2021,2005-09-13,2010-02-28,2010-02-28 00:00:00,,,097,Department of Defense,9763,Defense Contract Management Agency,S0514A,DCMA SOUTHERN CAL (SAN DIEGO),097,Department of Defense,2100,Department of the Army,W31G3H,W0H9 US ARMY AVN & MISSLES CMD,,,,,X,NOT APPLICABLE,,,RN43FYPYNKP4,841440832,TREX ENTERPRISES CORPORATION,TREX ENTERPRISES CORPORATION,,0ZKJ6,RN43FYPYNKP4,841440832,TREX ENTERPRISES CORPORATION,TREX ENTERPRISES CORPORATION,USA,UNITED STATES,10455 PACIFIC CENTER CT,,SAN DIEGO,06073,SAN DIEGO,06,CA,CALIFORNIA,92121,CA-53,CA-90,,,USA,UNITED STATES,SAN DIEGO,06073,SAN DIEGO,06,CA,CALIFORNIA,921214339,CA-52,CA-51,AWARD,D,DEFINITIVE CONTRACT,,,,,,,U,COST PLUS FIXED FEE,,,1,,,1410,GUIDED MISSILES,D,NOT A BUNDLED REQUIREMENT,S1,SERVICES,541710,"RESEARCH AND DEVELOPMENT IN THE PHYSICAL, ENGINEERING, AND LIFE SCIENCES",C,NO CLAUSES INCLUDED AND NO SUSTAINABILITY INCLUDED,,,000,NONE,,,E,NOT REQUIRED,USA,UNITED STATES,D,MFG IN U.S.,B,PLAN NOT REQUIRED,C,NOT COMPETED,SSS,ONLY ONE SOURCE,NONE,NO SET ASIDE USED.,NONE,NO PREFERENCE USED,,,,,UNQ,UNIQUE SOURCE (FAR 6.302-1(B)(1)),1,D,COMMERCIAL ITEM PROCEDURES NOT USED,f,N,NO,N,NO,Y,YES,,,0.00,N,NO,N,NO,X,NOT APPLICABLE,X,NOT APPLICABLE,X,NOT APPLICABLE,,,,,,,,NONE,NONE,Y,YES,X,NOT APPLICABLE EXEMPT FROM CAS,Y,TRANSACTION USES GFE/GFP,N,NO,N,NO,X,NOT APPLICABLE,N,NO,Z,NOT APPLICABLE,N,NO,X,NOT APPLICABLE,f,f,f,f,f,f,f,f,f,f,f,f,f,f,f,f,f,f,f,SMALL BUSINESS,S,f,f,f,f,f,f,f,f,f,f,f,f,f,f,f,f,f,,f,f,f,f,f,f,f,f,f,f,f,f,f,f,f,f,f,f,f,f,f,f,f,f,f,f,f,f,f,f,f,f,f,f,f,f,f,f,f,f,f,f,f,f,f,f,f,f,f,f,,,,,,,,,,,https://www.usaspending.gov/award/CONT_AWD_W31P4Q05C0295_9700_-NONE-_-NONE-/,2021-04-23 12:19:48+00
CONT_AWD_W31P4Q13C0074_9700_-NONE-_-NONE-,W31P4Q13C0074,,,,,,,,,968579.26,,968579.26,968579.26,2013-03-12,2013,2021-04-20,2021,2013-03-12,2016-04-30,2016-04-30 00:00:00,,,097,Department of Defense,9763,Defense Contract Management Agency,S0514A,DCMA SOUTHERN CAL (SAN DIEGO),097,Department of Defense,2100,Department of the Army,W90BWX,W1DF CCDC AV MISSILE CENTER,,,,,X,NOT APPLICABLE,,,RN43FYPYNKP4,841440832,TREX ENTERPRISES CORPORATION,TREX ENTERPRISES CORPORATION,,0ZKJ6,RN43FYPYNKP4,841440832,TREX ENTERPRISES CORPORATION,TREX ENTERPRISES CORPORATION,USA,UNITED STATES,10455 PACIFIC CENTER CT,,SAN DIEGO,06073,SAN DIEGO,06,CA,CALIFORNIA,921214339,CA-53,CA-51,8586465462,8586465301,USA,UNITED STATES,SAN DIEGO,06073,SAN DIEGO,06,CA,CALIFORNIA,921214339,CA-52,CA-51,AWARD,D,DEFINITIVE CONTRACT,,,,,,,U,COST PLUS FIXED FEE,"ARMY SBIR PHASE II ENTITLED, "" HIGHT BANDWIDTH TERAHERTZ COMMUNICATION LINK"".",,1,OT,OTHER FUNCTIONS,AD92,R&D- DEFENSE OTHER: OTHER (APPLIED RESEARCH/EXPLORATORY DEVELOPMENT),D,NOT A BUNDLED REQUIREMENT,A2,MISSILE AND SPACE SYSTEMS,541712,"RESEARCH AND DEVELOPMENT IN THE PHYSICAL, ENGINEERING, AND LIFE SCIENCES (EXCEPT BIOTECHNOLOGY)",C,NO CLAUSES INCLUDED AND NO SUSTAINABILITY INCLUDED,A,U.S. OWNED BUSINESS,000,NONE,Z,NOT IT PRODUCTS OR SERVICES,E,NOT REQUIRED,USA,UNITED STATES,C,NOT A MANUFACTURED END PRODUCT,B,PLAN NOT REQUIRED,D,FULL AND OPEN COMPETITION AFTER EXCLUSION OF SOURCES,NP,NEGOTIATED PROPOSAL/QUOTE,SBA,SMALL BUSINESS SET ASIDE - TOTAL,NONE,NO PREFERENCE USED,SR2,SMALL BUSINESS INNOVATION RESEARCH PROGRAM PHASE II ACTION,,,,,2,D,COMMERCIAL ITEM PROCEDURES NOT USED,f,N,NO,N,NO,X,NOT APPLICABLE,N,NO,0.00,N,NO,X,NOT APPLICABLE,X,NOT APPLICABLE,X,NOT APPLICABLE,X,NOT APPLICABLE,,,,,,,,NONE,NONE,Y,YES,X,NOT APPLICABLE EXEMPT FROM CAS,N,TRANSACTION DOES NOT USE GFE/GFP,N,NO,N,NO,N,NO - SERVICE WHERE PBA IS NOT USED.,N,NO,Z,NOT APPLICABLE,N,NO,X,NOT APPLICABLE,f,f,f,f,f,f,f,f,f,f,f,f,f,f,f,f,f,f,f,SMALL BUSINESS,S,f,f,f,f,f,f,f,f,f,f,f,f,f,f,f,f,f,CORPORATE NOT TAX EXEMPT,t,f,f,f,f,f,f,f,f,f,f,f,f,f,f,f,f,t,f,f,f,f,f,f,f,f,f,f,t,f,f,f,f,f,f,f,f,f,f,f,f,f,f,f,f,f,f,f,f,f,,,,,,,,,,,https://www.usaspending.gov/award/CONT_AWD_W31P4Q13C0074_9700_-NONE-_-NONE-/,2021-04-23 12:23:52+00
CONT_AWD_W45PVN21C0007_9700_-NONE-_-NONE-,W45PVN21C0007,,,,,,,,,56659.53,,56659.53,56659.53,2021-04-19,2021,2021-04-19,2021,2021-04-19,2021-06-30,2021-06-30 00:00:00,,,097,Department of Defense,2100,Department of the Army,W45PVN,"W390 CAMP STANLEY, TX",097,Department of Defense,2100,Department of the Army,W45PVN,"W390 CAMP STANLEY, TX",,,,,X,NOT APPLICABLE,,,GKY3V9XAK3L5,,AREVALOS TRADE CO LLC,"AREVALOS TRADE COMPANY, LLC",,66D27,GKY3V9XAK3L5,,AREVALOS TRADE CO LLC,AMERICAN TILE COMPANY,USA,UNITED STATES,816 CAMARON ST STE 1.20,,SAN ANTONIO,48029,BEXAR,48,TX,TEXAS,782125108,TX-35,TX-35,8303280335,2107678555,USA,UNITED STATES,BOERNE,48029,BEXAR,48,TX,TEXAS,780155000,TX-23,TX-21,AWARD,D,DEFINITIVE CONTRACT,,,,,,,J,FIRM FIXED PRICE,BUILDING 300 AND W91 REPAIRS,W45PVN21R0007,1,OT,OTHER FUNCTIONS,Y1AZ,CONSTRUCTION OF OTHER ADMINISTRATIVE FACILITIES AND SERVICE BUILDINGS,H,NOT BUNDLED,C2,CONSTRUCTION,238310,DRYWALL AND INSULATION CONTRACTORS,C,NO CLAUSES INCLUDED AND NO SUSTAINABILITY INCLUDED,A,U.S. OWNED BUSINESS,000,NONE,Z,NOT IT PRODUCTS OR SERVICES,E,NOT REQUIRED,USA,UNITED STATES,C,NOT A MANUFACTURED END PRODUCT,B,PLAN NOT REQUIRED,F,COMPETED UNDER SAP,SP1,SIMPLIFIED ACQUISITION,NONE,NO SET ASIDE USED.,NONE,NO PREFERENCE USED,,,,,,,3,D,COMMERCIAL ITEM PROCEDURES NOT USED,f,N,NO,N,NO,Y,YES,N,NO,0.00,N,NO,N,NO,N,NO,Y,YES,X,NOT APPLICABLE,,,,,,,,NONE,NONE,N,NO,X,NOT APPLICABLE EXEMPT FROM CAS,N,TRANSACTION DOES NOT USE GFE/GFP,N,NO,D,NOT CONSOLIDATED,N,NO - SERVICE WHERE PBA IS NOT USED.,N,NO,Z,NOT APPLICABLE,N,NO,X,NOT APPLICABLE,f,f,f,f,f,f,f,f,f,f,f,f,f,f,f,f,t,f,f,SMALL BUSINESS,S,f,f,f,f,f,f,f,f,f,f,f,f,f,f,f,f,f,CORPORATE NOT TAX EXEMPT,t,f,f,f,f,f,f,f,f,f,f,f,f,f,f,f,f,t,f,f,f,f,f,f,f,t,f,f,t,f,f,f,f,f,f,f,f,f,f,f,f,f,f,f,t,t,f,f,t,f,,,,,,,,,,,https://www.usaspending.gov/award/CONT_AWD_W45PVN21C0007_9700_-NONE-_-NONE-/,2023-06-02 14:07:10+00
CONT_AWD_W50S8D20C0004_9700_-NONE-_-NONE-,W50S8D20C0004,,,,,,,,,229956.00,,229956.00,229956.00,2020-08-06,2020,2021-04-20,2021,2020-08-06,2021-05-31,2021-05-31 00:00:00,,,097,Department of Defense,2100,Department of the Army,W50S8D,W7NR USPFO ACTIVITY NYANG 105,097,Department of Defense,5700,Department of the Air Force,F87700,ACCTG DISB STA NR 387700,,,,,X,NOT APPLICABLE,,,KLVKT3NMM5M1,837109289,"PROFEX, INC.","PROFEX, INC.",,4MM73,K48EFCC7NA14,780556387,PROFEX  INC.,PROFEX  INC.,USA,UNITED STATES,264 N PLANK RD,,NEWBURGH,36071,ORANGE,36,NY,NEW YORK,125505131,NY-18,NY-18,8455658845,8455650071,USA,UNITED STATES,NEWBURGH,36071,ORANGE,36,NY,NEW YORK,125505131,NY-18,NY-18,AWARD,D,DEFINITIVE CONTRACT,,,,,,,J,FIRM FIXED PRICE,CONSTRUCTION PROJECT TO PROVIDE AND INSTALL A QUARTER MILE RUNNING TRACK SURFACE.,W50S8D20Q0002,1,OT,OTHER FUNCTIONS,Y1AA,CONSTRUCTION OF OFFICE BUILDINGS,H,NOT BUNDLED,C2,CONSTRUCTION,237310,"HIGHWAY, STREET, AND BRIDGE CONSTRUCTION",C,NO CLAUSES INCLUDED AND NO SUSTAINABILITY INCLUDED,A,U.S. OWNED BUSINESS,000,NONE,Z,NOT IT PRODUCTS OR SERVICES,E,NOT REQUIRED,USA,UNITED STATES,C,NOT A MANUFACTURED END PRODUCT,B,PLAN NOT REQUIRED,F,COMPETED UNDER SAP,SP1,SIMPLIFIED ACQUISITION,SBA,SMALL BUSINESS SET ASIDE - TOTAL,NONE,NO PREFERENCE USED,,,,,,,5,D,COMMERCIAL ITEM PROCEDURES NOT USED,f,N,NO,N,NO,Y,YES,N,NO,0.00,N,NO,X,NOT APPLICABLE,X,NOT APPLICABLE,Y,YES,X,NOT APPLICABLE,,,,,,,,NONE,NONE,N,NO,X,NOT APPLICABLE EXEMPT FROM CAS,Y,TRANSACTION USES GFE/GFP,N,NO,D,NOT CONSOLIDATED,N,NO - SERVICE WHERE PBA IS NOT USED.,N,NO,Z,NOT APPLICABLE,N,NO,X,NOT APPLICABLE,f,f,f,f,f,f,f,f,f,f,f,f,f,f,f,f,f,f,f,SMALL BUSINESS,S,f,f,f,f,f,f,f,f,f,f,f,f,f,f,f,f,f,CORPORATE NOT TAX EXEMPT,t,f,f,f,f,f,f,f,f,f,f,f,f,f,f,f,f,t,f,f,f,f,f,f,f,f,f,f,t,f,f,f,f,f,f,f,f,f,f,f,f,f,f,f,f,f,f,f,f,f,,,,,,,,,,,https://www.usaspending.gov/award/CONT_AWD_W50S8D20C0004_9700_-NONE-_-NONE-/,2021-04-20 07:54:11+00
CONT_AWD_W50S9320C5010_9700_-NONE-_-NONE-,W50S9320C5010,,,,,,,,,11625.00,,11625.00,11625.00,2020-09-20,2020,2021-04-22,2021,2020-10-19,2021-06-15,2021-06-15 00:00:00,,2020-07-08,097,Department of Defense,2100,Department of the Army,W50S93,W7PA USPFO ACTIVITY PRANG 156,097,Department of Defense,5700,Department of the Air Force,F8C3CE,156 AW CES,,,,,X,NOT APPLICABLE,,,F91HJUNTDVN7,,INTERNATIONAL VETERAN CONTRACTORS CORPORATION,INTERNATIONAL VETERAN CONTRACTORS CORPORATION,,87ZT9,F91HJUNTDVN7,,INTERNATIONAL VETERAN CONTRACTORS CORPORATION,INTERNATIONAL VETERAN CONTRACTORS CORPORATION,USA,UNITED STATES,AVE NATIVO ALERS EDIFICIO GONZALEZ QUINONES OFICINA #2,,AGUADA,72003,AGUADA,72,PR,PUERTO RICO,00602,PR-98,PR-98,7873808120,,USA,UNITED STATES,SALINAS,72123,SALINAS,72,PR,PUERTO RICO,007514304,PR-98,PR-98,AWARD,D,DEFINITIVE CONTRACT,,,,,,,J,FIRM FIXED PRICE,TUMR 192109 BLDG.11 ECP FENCE REPAIR,W50S9320R5014,1,OT,OTHER FUNCTIONS,Z2PZ,REPAIR OR ALTERATION OF OTHER NON-BUILDING FACILITIES,H,NOT BUNDLED,C2,CONSTRUCTION,238990,ALL OTHER SPECIALTY TRADE CONTRACTORS,C,NO CLAUSES INCLUDED AND NO SUSTAINABILITY INCLUDED,A,U.S. OWNED BUSINESS,000,NONE,Z,NOT IT PRODUCTS OR SERVICES,E,NOT REQUIRED,USA,UNITED STATES,C,NOT A MANUFACTURED END PRODUCT,B,PLAN NOT REQUIRED,D,FULL AND OPEN COMPETITION AFTER EXCLUSION OF SOURCES,SB,SEALED BID,SDVOSBC,SERVICE DISABLED VETERAN OWNED SMALL BUSINESS SET-ASIDE,NONE,NO PREFERENCE USED,,,,,,,3,A,COMMERCIAL ITEM,f,N,NO,N,NO,X,NOT APPLICABLE,N,NO,0.00,N,NO,X,NOT APPLICABLE,X,NOT APPLICABLE,Y,YES,X,NOT APPLICABLE,,,,,,,,NONE,NONE,N,NO,X,NOT APPLICABLE EXEMPT FROM CAS,N,TRANSACTION DOES NOT USE GFE/GFP,U,UNKNOWN,D,NOT CONSOLIDATED,Y,YES - SERVICE WHERE PBA IS USED.,N,NO,A,FAR 52.232-16 PROGRESS PAYMENTS,N,NO,X,NOT APPLICABLE,f,f,f,f,f,t,t,f,f,f,f,f,t,f,f,f,t,f,f,SMALL BUSINESS,S,f,t,f,f,f,f,f,f,f,f,f,f,f,f,f,f,f,CORPORATE NOT TAX EXEMPT,t,f,f,f,f,f,f,f,f,f,f,f,f,f,f,f,f,t,f,f,f,f,f,f,f,f,f,f,t,f,f,f,f,f,f,f,f,f,f,f,f,f,f,f,f,t,f,f,f,f,,,,,,,,,,,https://www.usaspending.gov/award/CONT_AWD_W50S9320C5010_9700_-NONE-_-NONE-/,2024-09-27 11:04:22+00
CONT_AWD_W52P1J18C0017_9700_-NONE-_-NONE-,W52P1J18C0017,,,,,,,,,8038380.00,,0.00,0.01,2017-12-22,2018,2021-04-21,2021,2018-01-01,2021-12-31,2021-12-31 12:12:00,,,097,Department of Defense,2100,Department of the Army,W58RGZ,W6QK ACC-RSA,097,Department of Defense,2100,Department of the Army,W580Z0,0000 HQ HSC    ARCENT CJCMOTF,,,,,X,NOT APPLICABLE,,,H7PNSVNN5827,196189385,LOCKHEED MARTIN CORPORATION,LOCKHEED MARTIN CORPORATION,,04939,ZFN2JJXBLZT3,834951691,LOCKHEED MARTIN CORP,LOCKHEED MARTIN CORPORATION,USA,UNITED STATES,5600 W SAND LAKE RD # MP-265,,ORLANDO,12095,ORANGE,12,FL,FLORIDA,328198907,FL-10,FL-10,4073562374,4073567199,USA,UNITED STATES,ORLANDO,12095,ORANGE,12,FL,FLORIDA,328198907,FL-10,FL-10,AWARD,D,DEFINITIVE CONTRACT,,,,,,,J,FIRM FIXED PRICE,POST PRODUCTION SUPPORT SERVICES FOR ROYAL NETHERLANDS AIR FORCE FOR THE AH-64 APACHE HELICOPTER.,,1,OT,OTHER FUNCTIONS,1680,MISCELLANEOUS AIRCRAFT ACCESSORIES AND COMPONENTS,H,NOT BUNDLED,A1A,AIRFRAMES AND SPARES,541330,ENGINEERING SERVICES,C,NO CLAUSES INCLUDED AND NO SUSTAINABILITY INCLUDED,A,U.S. OWNED BUSINESS,202,AH-64E REMANUFACTURE,Z,NOT IT PRODUCTS OR SERVICES,E,NOT REQUIRED,USA,UNITED STATES,D,MFG IN U.S.,B,PLAN NOT REQUIRED,C,NOT COMPETED,SSS,ONLY ONE SOURCE,NONE,NO SET ASIDE USED.,NONE,NO PREFERENCE USED,,,,,ONE,ONLY ONE SOURCE-OTHER (FAR 6.302-1 OTHER),1,D,COMMERCIAL ITEM PROCEDURES NOT USED,f,N,NO,N,NO,X,NOT APPLICABLE,N,NO,0.00,N,NO,Y,YES,N,NO,N,NO,X,NOT APPLICABLE,,,,,,,,NONE,NONE,Y,YES,Y,YES - CAS CLAUSE INCLUDED,N,TRANSACTION DOES NOT USE GFE/GFP,N,NO,D,NOT CONSOLIDATED,X,NOT APPLICABLE,Y,YES,Z,NOT APPLICABLE,N,NO,X,NOT APPLICABLE,f,f,f,f,f,f,f,f,f,f,f,f,f,f,f,f,f,f,f,OTHER THAN SMALL BUSINESS,O,f,f,f,f,f,f,f,f,f,f,f,f,f,f,f,f,f,CORPORATE NOT TAX EXEMPT,t,f,f,f,f,f,f,f,f,f,f,f,t,f,f,f,f,t,f,f,f,f,f,f,f,f,f,f,t,f,f,f,f,f,f,f,f,f,f,f,f,f,f,f,f,f,f,f,f,f,,,,,,,,,,,https://www.usaspending.gov/award/CONT_AWD_W52P1J18C0017_9700_-NONE-_-NONE-/,2021-04-21 10:46:45+00
CONT_AWD_W52P1J19C5006_9700_-NONE-_-NONE-,W52P1J19C5006,,,,Q: Not Designated Nonemergency/Emergency/Disaster/Wildfire Suppression,,,,,704261.55,0.00,704261.55,704261.55,2019-05-30,2019,2021-04-22,2021,2019-05-28,2020-12-31,2020-12-31 00:00:00,,2019-03-14,097,Department of Defense,2100,Department of the Army,W52P1J,W0DA US ARMY SUSTAINMENT CMD,097,Department of Defense,2100,Department of the Army,W91QFD,W6B9 USAG ROCK ISLAND ARSENAL,021-2019/2019-2020-000,021-2020,25.4: Operation and maintenance of facilities,,X,NOT APPLICABLE,,,KSG7UNHGVS68,,"LESTER CONSTRUCTION, INC.","LESTER CONSTRUCTION, INC.",,3JAY0,KSG7UNHGVS68,,"LESTER CONSTRUCTION, INC.",LESTER CONSTRUCTION  INC.,USA,UNITED STATES,127 1/2 31ST AVE,,ROCK ISLAND,17161,ROCK ISLAND,17,IL,ILLINOIS,612015916,IL-17,IL-17,3093146002,3092830130,USA,UNITED STATES,ROCK ISLAND,17161,ROCK ISLAND,17,IL,ILLINOIS,612995003,IL-17,IL-17,AWARD,D,DEFINITIVE CONTRACT,,,,,,,J,FIRM FIXED PRICE,REPAIR BUILDING 72,W52P1J19R5004,1,OT,OTHER FUNCTIONS,Z2JZ,REPAIR OR ALTERATION OF MISCELLANEOUS BUILDINGS,H,NOT BUNDLED,C2,CONSTRUCTION,236210,INDUSTRIAL BUILDING CONSTRUCTION,C,NO CLAUSES INCLUDED AND NO SUSTAINABILITY INCLUDED,A,U.S. OWNED BUSINESS,000,NONE,Z,NOT IT PRODUCTS OR SERVICES,E,NOT REQUIRED,USA,UNITED STATES,C,NOT A MANUFACTURED END PRODUCT,B,PLAN NOT REQUIRED,D,FULL AND OPEN COMPETITION AFTER EXCLUSION OF SOURCES,SB,SEALED BID,SBA,SMALL BUSINESS SET ASIDE - TOTAL,NONE,NO PREFERENCE USED,,,,,,,6,D,COMMERCIAL ITEM PROCEDURES NOT USED,f,N,NO,N,NO,Y,YES,N,NO,0.00,N,NO,X,NOT APPLICABLE,X,NOT APPLICABLE,Y,YES,X,NOT APPLICABLE,,,,,,,,NONE,NONE,N,NO,X,NOT APPLICABLE EXEMPT FROM CAS,N,TRANSACTION DOES NOT USE GFE/GFP,U,UNKNOWN,D,NOT CONSOLIDATED,N,NO - SERVICE WHERE PBA IS NOT USED.,N,NO,Z,NOT APPLICABLE,N,NO,X,NOT APPLICABLE,f,f,f,f,f,f,f,f,f,f,f,f,f,f,f,f,f,f,f,SMALL BUSINESS,S,f,f,f,f,f,f,f,f,f,f,f,f,f,f,f,f,f,CORPORATE NOT TAX EXEMPT,t,f,f,f,f,f,f,f,f,f,f,f,f,f,f,f,f,t,f,f,f,f,f,f,f,t,f,f,t,f,f,f,f,f,f,f,f,f,f,f,f,f,f,f,f,f,f,f,f,f,,,,,,,,,,,https://www.usaspending.gov/award/CONT_AWD_W52P1J19C5006_9700_-NONE-_-NONE-/,2023-03-28 16:02:48+00
CONT_AWD_W564KV16C0045_9700_-NONE-_-NONE-,W564KV16C0045,,,,,,,,,237940.53,,237940.53,304771.12,2016-05-12,2016,2021-04-22,2021,2016-05-13,2016-10-12,2016-11-12 00:00:00,,,097,Department of Defense,2100,Department of the Army,W564KV,0409 AQ HQ     CONTRACT,097,Department of Defense,2100,Department of the Army,WK4FVK,W6BJ USA INSTAL MAG EUR REGION,,,,,X,NOT APPLICABLE,,,HM7LW4KP7NA7,407734136,BSH HUISHOUDAPPARATEN B.V.,BSH HUISHOUDAPPARATEN B.V.,,H2EB7,D5HNJ64N1KX1,318280815,R O B E R T B O S C H S T I F T U N G GESELLSCHAFT MIT BESCHRÄNKTER HAFTUNG,BSH HUISHOUDAPPARATEN B.V.,NLD,NETHERLANDS,TAURUSAVENUE 36,,HOOFDDORP,,,,,,2132 LS,,,,,BEL,BELGIUM,,,,,,,,,,AWARD,D,DEFINITIVE CONTRACT,,,,,,,J,FIRM FIXED PRICE,IGF::OT::IGF REPAIR AND MAINTENANCE OF DOMESTIC APPLIANCE FOR ARMY EUROPE,W564KV16T0051,1,OT,OTHER FUNCTIONS,J072,MAINT/REPAIR/REBUILD OF EQUIPMENT- HOUSEHOLD AND COMMERCIAL FURNISHINGS AND APPLIANCES,D,NOT A BUNDLED REQUIREMENT,S1,SERVICES,811412,APPLIANCE REPAIR AND MAINTENANCE,C,NO CLAUSES INCLUDED AND NO SUSTAINABILITY INCLUDED,D,FOREIGN-OWNED BUSINESS NOT INCORPORATED IN THE U.S.,000,NONE,Z,NOT IT PRODUCTS OR SERVICES,E,NOT REQUIRED,BEL,BELGIUM,C,NOT A MANUFACTURED END PRODUCT,B,PLAN NOT REQUIRED,G,NOT COMPETED UNDER SAP,SP1,SIMPLIFIED ACQUISITION,NONE,NO SET ASIDE USED.,NONE,NO PREFERENCE USED,,,,,SP2,SAP NON-COMPETITION (FAR 13),1,A,COMMERCIAL ITEM,f,Y,YES,N,NO,N,NO,N,NO,0.00,N,NO,X,NOT APPLICABLE,X,NOT APPLICABLE,X,NOT APPLICABLE,X,NOT APPLICABLE,,,,,,,,NONE,NONE,N,NO,X,NOT APPLICABLE EXEMPT FROM CAS,N,TRANSACTION DOES NOT USE GFE/GFP,N,NO,N,NO,Y,YES - SERVICE WHERE PBA IS USED.,N,NO,Z,NOT APPLICABLE,N,NO,X,NOT APPLICABLE,f,f,f,f,f,f,f,f,f,f,f,f,f,f,f,f,f,f,f,OTHER THAN SMALL BUSINESS,O,f,f,f,f,f,f,f,f,f,f,f,f,f,f,f,f,f,CORPORATE NOT TAX EXEMPT,t,f,f,f,f,f,f,f,f,f,f,f,f,f,f,f,f,t,f,f,f,f,f,f,f,f,f,f,t,f,f,f,f,f,f,f,f,f,f,f,f,f,f,f,f,f,f,f,f,f,,,,,,,,,,,https://www.usaspending.gov/award/CONT_AWD_W564KV16C0045_9700_-NONE-_-NONE-/,2021-04-22 04:50:43+00
CONT_AWD_W56HZV11C0102_9700_-NONE-_-NONE-,W56HZV11C0102,,,,,,,,,288218403.03,,5254397.12,5254397.12,2010-12-20,2011,2021-04-20,2021,2010-12-20,2020-08-31,2020-08-31 12:08:00,,,097,Department of Defense,2100,Department of the Army,W56HZV,W4GG HQ US ARMY TACOM,097,Department of Defense,2100,Department of the Army,W56HZV,W4GG HQ US ARMY TACOM,,,,,X,NOT APPLICABLE,,,FA38CTVQM319,207884594,CANADIAN COMMERCIAL CORPORATION,CANADIAN COMMERCIAL CORPORATION,,98247,U9K6KBHBD899,241015486,GOVERNMENT OF CANADA,GOVERNMENT OF CANADA,CAN,CANADA,50 O'CONNOR ST SUITE 1100,,OTTAWA,,,,,ON,K1A 0S6,,,6139478640,6139952121,CAN,CANADA,,,,,,,,,,AWARD,D,DEFINITIVE CONTRACT,,,,,,,J,FIRM FIXED PRICE,82 LAV'S IN SUPPORT OF FMS CASE SR-B-VTD,W56HZV11R0025,1,,,2355,"COMBAT, ASSAULT, AND TACTICAL VEHICLES, WHEELED",D,NOT A BUNDLED REQUIREMENT,A4B,NON-COMBAT VEHICLES,336992,"MILITARY ARMORED VEHICLE, TANK, AND TANK COMPONENT MANUFACTURING",C,NO CLAUSES INCLUDED AND NO SUSTAINABILITY INCLUDED,O,OTHER FOREIGN ENTITY (E.G. FOREIGN GOVERNMENT),000,NONE,Z,NOT IT PRODUCTS OR SERVICES,E,NOT REQUIRED,CAN,CANADA,E,MFG OUTSIDE U.S. - USE OUTSIDE THE UNITED STATES,C,PLAN REQUIRED - INCENTIVE NOT INCLUDED,B,NOT AVAILABLE FOR COMPETITION,SSS,ONLY ONE SOURCE,NONE,NO SET ASIDE USED.,NONE,NO PREFERENCE USED,,,,,IA,INTERNATIONAL AGREEMENT (FAR 6.302-4),1,D,COMMERCIAL ITEM PROCEDURES NOT USED,f,N,NO,N,NO,N,NO,N,NO,0.00,N,NO,X,NOT APPLICABLE,X,NOT APPLICABLE,X,NOT APPLICABLE,X,NOT APPLICABLE,,,,,,,,NONE,NONE,N,NO,X,NOT APPLICABLE EXEMPT FROM CAS,Y,TRANSACTION USES GFE/GFP,N,NO,N,NO,X,NOT APPLICABLE,N,NO,F,PERFORMANCE-BASED FINANCING,N,NO,X,NOT APPLICABLE,f,f,f,f,f,f,f,f,f,f,f,f,f,f,f,f,f,f,f,OTHER THAN SMALL BUSINESS,O,f,f,f,f,f,f,f,f,f,f,f,f,f,f,f,f,t,FOREIGN GOVERNMENT,f,f,f,f,f,f,f,f,f,f,f,f,f,f,f,f,f,t,f,f,f,f,f,f,f,f,f,f,f,f,f,f,f,f,f,f,f,f,f,f,f,f,f,f,f,f,f,f,f,f,,,,,,,,,,,https://www.usaspending.gov/award/CONT_AWD_W56HZV11C0102_9700_-NONE-_-NONE-/,2021-04-20 09:21:14+00
CONT_AWD_W56HZV18C0108_9700_-NONE-_-NONE-,W56HZV18C0108,,,,,,,,,99918.36,,99918.36,149719.83,2018-09-17,2018,2021-04-23,2021,2018-09-17,2019-03-16,2019-03-16 12:03:00,,,097,Department of Defense,2100,Department of the Army,W56HZV,W4GG HQ US ARMY TACOM,097,Department of Defense,2100,Department of the Army,W91ATL,W4GH CCDC GROUND VEHICLE SYS,,,,,X,NOT APPLICABLE,,,G75GHR5MLBX3,005422134,"INDIANA TOOL & MFG. CO., INC.","INDIANA TOOL & MFG. CO., INC.",,5T254,G75GHR5MLBX3,005422134,"INDIANA TOOL & MFG. CO., INC.",INDIANA TOOL & MFG. CO.  INC.,USA,UNITED STATES,6100 MICHIGAN RD,,PLYMOUTH,18099,MARSHALL,18,IN,INDIANA,465637798,IN-02,IN-02,5749362112,5749367224,USA,UNITED STATES,PLYMOUTH,18099,MARSHALL,18,IN,INDIANA,465637798,IN-02,IN-02,AWARD,D,DEFINITIVE CONTRACT,,,,,,,J,FIRM FIXED PRICE,IGF::OT::IGF SBIR PHASE I TOPIC A18-101 NON-PNEUMATIC TIRE FOR ON-HIGHWAY AND OFF-ROAD MOBILITY,W56HZV17R0165,1,OT,OTHER FUNCTIONS,AZ11,R&D- OTHER RESEARCH AND DEVELOPMENT (BASIC RESEARCH),H,NOT BUNDLED,S1,SERVICES,541715,"RESEARCH AND DEVELOPMENT IN THE PHYSICAL, ENGINEERING, AND LIFE SCIENCES (EXCEPT NANOTECHNOLOGY AND BIOTECHNOLOGY)",C,NO CLAUSES INCLUDED AND NO SUSTAINABILITY INCLUDED,A,U.S. OWNED BUSINESS,000,NONE,Z,NOT IT PRODUCTS OR SERVICES,E,NOT REQUIRED,USA,UNITED STATES,C,NOT A MANUFACTURED END PRODUCT,B,PLAN NOT REQUIRED,D,FULL AND OPEN COMPETITION AFTER EXCLUSION OF SOURCES,NP,NEGOTIATED PROPOSAL/QUOTE,SBA,SMALL BUSINESS SET ASIDE - TOTAL,NONE,NO PREFERENCE USED,SR1,SMALL BUSINESS INNOVATION RESEARCH PROGRAM PHASE I ACTION,,,,,158,D,COMMERCIAL ITEM PROCEDURES NOT USED,f,N,NO,N,NO,Y,YES,N,NO,0.00,N,NO,X,NOT APPLICABLE,X,NOT APPLICABLE,X,NOT APPLICABLE,X,NOT APPLICABLE,,,,,,,,NONE,NONE,Y,YES,X,NOT APPLICABLE EXEMPT FROM CAS,N,TRANSACTION DOES NOT USE GFE/GFP,N,NO,D,NOT CONSOLIDATED,N,NO - SERVICE WHERE PBA IS NOT USED.,N,NO,Z,NOT APPLICABLE,N,NO,X,NOT APPLICABLE,f,f,f,f,f,f,f,f,f,f,f,f,f,f,f,f,f,f,f,SMALL BUSINESS,S,f,f,f,f,f,f,f,f,f,f,f,f,f,f,f,f,f,CORPORATE NOT TAX EXEMPT,t,f,f,f,f,f,f,f,f,f,f,f,t,f,f,f,f,t,f,f,f,f,f,f,f,t,f,f,t,f,f,f,f,f,f,f,f,f,f,f,f,f,f,f,f,t,f,f,f,f,,,,,,,,,,,https://www.usaspending.gov/award/CONT_AWD_W56HZV18C0108_9700_-NONE-_-NONE-/,2021-04-23 10:39:17+00
CONT_AWD_W56HZV19C0176_9700_-NONE-_-NONE-,W56HZV19C0176,,,,Q: Not Designated Nonemergency/Emergency/Disaster/Wildfire Suppression,,,,,2423024.00,0.00,2423024.00,2423024.00,2019-09-27,2019,2021-04-20,2021,2019-09-27,2021-10-15,2021-10-15 12:10:00,,2018-10-24,097,Department of Defense,2100,Department of the Army,W56HZV,W4GG HQ US ARMY TACOM,097,Department of Defense,2100,Department of the Army,W56T7W,W6DW CPE CS NATICK,097-2018/2019-0400-000,097-0400,25.5: Research and development contracts,0001: BASIC RESEARCH,X,NOT APPLICABLE,,,K7F2J2K5V4F7,089294263,"KUTTA TECHNOLOGIES, LLC","KUTTA TECHNOLOGIES, INC.",,3C043,DD2QET4D27T3,094373495,"SIERRA NEVADA COMPANY, LLC",SIERRA NEVADA CORPORATION,USA,UNITED STATES,2075 W PINNACLE PEAK RD STE 102,,PHOENIX,04013,MARICOPA,04,AZ,ARIZONA,850271219,AZ-06,AZ-08,6028961976,6028961007,USA,UNITED STATES,PHOENIX,04013,MARICOPA,04,AZ,ARIZONA,850271219,AZ-06,AZ-08,AWARD,D,DEFINITIVE CONTRACT,,,,,,,U,COST PLUS FIXED FEE,BAA,,1,OT,OTHER FUNCTIONS,AZ11,R&D- OTHER RESEARCH AND DEVELOPMENT (BASIC RESEARCH),H,NOT BUNDLED,S1,SERVICES,541715,"RESEARCH AND DEVELOPMENT IN THE PHYSICAL, ENGINEERING, AND LIFE SCIENCES (EXCEPT NANOTECHNOLOGY AND BIOTECHNOLOGY)",C,NO CLAUSES INCLUDED AND NO SUSTAINABILITY INCLUDED,A,U.S. OWNED BUSINESS,000,NONE,Z,NOT IT PRODUCTS OR SERVICES,E,NOT REQUIRED,USA,UNITED STATES,C,NOT A MANUFACTURED END PRODUCT,F,INDIVIDUAL SUBCONTRACT PLAN,A,FULL AND OPEN COMPETITION,NP,NEGOTIATED PROPOSAL/QUOTE,NONE,NO SET ASIDE USED.,NONE,NO PREFERENCE USED,,,,,,,3,D,COMMERCIAL ITEM PROCEDURES NOT USED,f,N,NO,N,NO,N,NO,N,NO,0.00,N,NO,X,NOT APPLICABLE,X,NOT APPLICABLE,X,NOT APPLICABLE,X,NOT APPLICABLE,,,,,,,,NONE,NONE,N,NO,X,NOT APPLICABLE EXEMPT FROM CAS,N,TRANSACTION DOES NOT USE GFE/GFP,N,NO,D,NOT CONSOLIDATED,N,NO - SERVICE WHERE PBA IS NOT USED.,N,NO,Z,NOT APPLICABLE,N,NO,X,NOT APPLICABLE,f,f,f,f,f,f,f,t,f,f,f,f,f,f,f,f,f,f,f,OTHER THAN SMALL BUSINESS,O,f,f,f,f,f,f,f,f,f,f,f,f,f,f,f,f,f,CORPORATE NOT TAX EXEMPT,t,f,f,f,f,f,f,f,f,f,f,f,f,f,f,f,f,t,f,f,f,f,f,f,f,t,f,f,t,f,f,f,f,f,f,f,f,f,f,f,f,f,f,f,f,f,f,f,f,f,,,,,,,,,,,https://www.usaspending.gov/award/CONT_AWD_W56HZV19C0176_9700_-NONE-_-NONE-/,2021-04-20 16:25:55+00
CONT_AWD_W56HZV20C0012_9700_-NONE-_-NONE-,W56HZV20C0012,,,,N: Emergency P.L. 116-136;Q: Not Designated Nonemergency/Emergency/Disaster/Wildfire Suppression,0,158202.60,,,1230484.76,0.00,1230484.76,1230484.76,2020-02-28,2020,2021-04-22,2021,2020-02-28,2022-02-27,2022-02-27 12:02:00,,2017-08-08,097,Department of Defense,2100,Department of the Army,W56HZV,W4GG HQ US ARMY TACOM,097,Department of Defense,2100,Department of the Army,W91ATL,W4GH CCDC GROUND VEHICLE SYS,021-2019/2020-2040-000;021-2020/2021-2040-000,021-2040,25.5: Research and development contracts,OPTN: FIELD IS OPTIONAL PRIOR TO FY21,X,NOT APPLICABLE,,,W1XGW9YPELM6,943826859,"THERMOANALYTICS, INC.","THERMOANALYTICS, INC.",,06NK7,W1XGW9YPELM6,943826859,"THERMOANALYTICS, INC.",THERMOANALYTICS  INC.,USA,UNITED STATES,23440 AIRPARK BLVD,,CALUMET,26061,HOUGHTON,26,MI,MICHIGAN,499139233,MI-01,MI-01,9064829560,9064829755,USA,UNITED STATES,CALUMET,26061,HOUGHTON,26,MI,MICHIGAN,499139233,MI-01,MI-01,AWARD,D,DEFINITIVE CONTRACT,,,,,,,U,COST PLUS FIXED FEE,SBIR PHASE II WITH THERMOANALYTICS,W56HZV17R0220,1,OT,OTHER FUNCTIONS,AZ11,R&D- OTHER RESEARCH AND DEVELOPMENT (BASIC RESEARCH),H,NOT BUNDLED,S1,SERVICES,541715,"RESEARCH AND DEVELOPMENT IN THE PHYSICAL, ENGINEERING, AND LIFE SCIENCES (EXCEPT NANOTECHNOLOGY AND BIOTECHNOLOGY)",C,NO CLAUSES INCLUDED AND NO SUSTAINABILITY INCLUDED,A,U.S. OWNED BUSINESS,000,NONE,Z,NOT IT PRODUCTS OR SERVICES,E,NOT REQUIRED,USA,UNITED STATES,C,NOT A MANUFACTURED END PRODUCT,B,PLAN NOT REQUIRED,D,FULL AND OPEN COMPETITION AFTER EXCLUSION OF SOURCES,NP,NEGOTIATED PROPOSAL/QUOTE,SBA,SMALL BUSINESS SET ASIDE - TOTAL,NONE,NO PREFERENCE USED,SR2,SMALL BUSINESS INNOVATION RESEARCH PROGRAM PHASE II ACTION,,,,,74,D,COMMERCIAL ITEM PROCEDURES NOT USED,f,N,NO,N,NO,Y,YES,N,NO,0.00,N,NO,X,NOT APPLICABLE,X,NOT APPLICABLE,X,NOT APPLICABLE,X,NOT APPLICABLE,,,,,,,,NONE,NONE,Y,YES,X,NOT APPLICABLE EXEMPT FROM CAS,N,TRANSACTION DOES NOT USE GFE/GFP,N,NO,D,NOT CONSOLIDATED,Y,YES - SERVICE WHERE PBA IS USED.,N,NO,Z,NOT APPLICABLE,N,NO,X,NOT APPLICABLE,f,f,f,f,f,f,f,f,f,f,f,f,f,f,f,f,f,f,f,SMALL BUSINESS,S,f,f,f,f,f,f,f,f,f,f,f,f,f,f,f,f,f,CORPORATE NOT TAX EXEMPT,t,f,f,f,f,f,f,f,f,f,f,f,f,f,f,f,f,t,f,f,f,f,f,f,f,t,f,f,t,f,f,f,f,f,f,f,f,f,f,f,f,f,f,f,f,f,f,f,f,f,,,,,,,,,,,https://www.usaspending.gov/award/CONT_AWD_W56HZV20C0012_9700_-NONE-_-NONE-/,2021-04-22 16:22:11+00
CONT_AWD_W56HZV20CL860_9700_-NONE-_-NONE-,W56HZV20CL860,,,,,,,,,410206.40,,410206.40,410206.40,2020-09-21,2020,2021-04-21,2021,2020-09-15,2021-06-12,2021-06-12 00:00:00,,2020-08-06,097,Department of Defense,2100,Department of the Army,W56HZV,W4GG HQ US ARMY TACOM,097,Department of Defense,2100,Department of the Army,W569KR,W4GG TACOM NATICK,,,,,X,NOT APPLICABLE,,,C1J1B6AJTQK4,,ADDON SERVICES LLC,"ADDON SERVICES, LLC",,6VC96,C1J1B6AJTQK4,,ADDON SERVICES LLC,ADDON SERVICES  LLC,USA,UNITED STATES,27789 MOUND RD STE 200,,WARREN,26099,MACOMB,26,MI,MICHIGAN,480922697,MI-09,MI-10,2487036997,2482471697,USA,UNITED STATES,NATICK,25017,MIDDLESEX,25,MA,MASSACHUSETTS,017605000,MA-05,MA-05,AWARD,D,DEFINITIVE CONTRACT,,,,,,,J,FIRM FIXED PRICE,L117 OFFICE RENOVATIONS,W56HZV20RL909,1,OT,OTHER FUNCTIONS,Y1EZ,CONSTRUCTION OF OTHER INDUSTRIAL BUILDINGS,H,NOT BUNDLED,C2,CONSTRUCTION,236220,COMMERCIAL AND INSTITUTIONAL BUILDING CONSTRUCTION,C,NO CLAUSES INCLUDED AND NO SUSTAINABILITY INCLUDED,A,U.S. OWNED BUSINESS,000,NONE,Z,NOT IT PRODUCTS OR SERVICES,A,MEETS REQUIREMENTS,USA,UNITED STATES,C,NOT A MANUFACTURED END PRODUCT,B,PLAN NOT REQUIRED,B,NOT AVAILABLE FOR COMPETITION,SSS,ONLY ONE SOURCE,8AN,8(A) SOLE SOURCE,NONE,NO PREFERENCE USED,,,,,OTH,AUTHORIZED BY STATUTE (FAR 6.302-5(A)(2)(I)),1,D,COMMERCIAL ITEM PROCEDURES NOT USED,f,N,NO,N,NO,Y,YES,N,NO,0.00,N,NO,X,NOT APPLICABLE,Y,YES,Y,YES,X,NOT APPLICABLE,,,,,,,,NONE,NONE,N,NO,X,NOT APPLICABLE EXEMPT FROM CAS,N,TRANSACTION DOES NOT USE GFE/GFP,U,UNKNOWN,D,NOT CONSOLIDATED,N,NO - SERVICE WHERE PBA IS NOT USED.,N,NO,C,PERCENTAGE OF COMPLETION PROGRESS PAYMENTS,N,NO,X,NOT APPLICABLE,f,f,f,f,f,f,f,t,t,t,f,f,t,t,f,f,f,f,f,SMALL BUSINESS,S,f,f,f,f,f,f,f,f,f,f,f,f,f,f,f,f,f,CORPORATE NOT TAX EXEMPT,t,f,f,f,f,f,f,f,f,f,f,f,f,f,f,f,f,t,f,f,f,f,f,f,f,f,t,f,t,f,f,f,f,f,f,f,f,f,f,f,f,f,f,f,f,t,f,t,f,f,,,,,,,,,,,https://www.usaspending.gov/award/CONT_AWD_W56HZV20CL860_9700_-NONE-_-NONE-/,2022-04-01 14:22:53+00
CONT_AWD_W56KGU17C0014_9700_-NONE-_-NONE-,W56KGU17C0014,,,,,,,,,999946.71,,999946.71,999946.71,2017-03-20,2017,2021-04-16,2021,2017-03-20,2019-10-19,2019-10-19 12:10:00,,,097,Department of Defense,2100,Department of the Army,W56KGU,W6QK ACC-APG,097,Department of Defense,2100,Department of the Army,W15P66,W4G8 CCDC C5ISR CENTER,,,,,X,NOT APPLICABLE,,,C3QJD7VXG167,161911532,"BLUEHALO LABS, LLC","INTELLIGENT AUTOMATION, INC.",,0A6B0,C3QJD7VXG167,161911532,"BLUEHALO LABS, LLC",INTELLIGENT AUTOMATION  INC.,USA,UNITED STATES,15400 CALHOUN DR STE 190,,ROCKVILLE,24031,MONTGOMERY,24,MD,MARYLAND,208552814,MD-06,MD-08,3012944758,3012945201,USA,UNITED STATES,DERWOOD,24031,MONTGOMERY,24,MD,MARYLAND,208552814,MD-06,MD-08,AWARD,D,DEFINITIVE CONTRACT,,,,,,,U,COST PLUS FIXED FEE,"IGF::OT::IGF SBIR PHASE II UNDER TOPIC NUMBER A15-045, TO PROCURE SERVICES FOR A RESEARCH AND DEVELOPMENT EFFORT ENTITLED, ADVANCED MIMO MANET OPTIMIZATION (AMMO).  THE EFFORT IS FOR 24 MONTHS.",,1,OT,OTHER FUNCTIONS,AC62,R&D- DEFENSE SYSTEM: ELECTRONICS/COMMUNICATION EQUIPMENT (APPLIED RESEARCH/EXPLORATORY DEVELOPMENT),H,NOT BUNDLED,A7,ELECTRONICS AND COMMUNICATION EQUIPMENT,541720,RESEARCH AND DEVELOPMENT IN THE SOCIAL SCIENCES AND HUMANITIES,C,NO CLAUSES INCLUDED AND NO SUSTAINABILITY INCLUDED,A,U.S. OWNED BUSINESS,000,NONE,Z,NOT IT PRODUCTS OR SERVICES,E,NOT REQUIRED,USA,UNITED STATES,C,NOT A MANUFACTURED END PRODUCT,B,PLAN NOT REQUIRED,D,FULL AND OPEN COMPETITION AFTER EXCLUSION OF SOURCES,NP,NEGOTIATED PROPOSAL/QUOTE,SBA,SMALL BUSINESS SET ASIDE - TOTAL,NONE,NO PREFERENCE USED,SR2,SMALL BUSINESS INNOVATION RESEARCH PROGRAM PHASE II ACTION,,,,,1,D,COMMERCIAL ITEM PROCEDURES NOT USED,f,N,NO,N,NO,X,NOT APPLICABLE,N,NO,0.00,N,NO,X,NOT APPLICABLE,X,NOT APPLICABLE,X,NOT APPLICABLE,X,NOT APPLICABLE,,,,,,,,NONE,NONE,N,NO,X,NOT APPLICABLE EXEMPT FROM CAS,N,TRANSACTION DOES NOT USE GFE/GFP,N,NO,D,NOT CONSOLIDATED,Y,YES - SERVICE WHERE PBA IS USED.,N,NO,Z,NOT APPLICABLE,N,NO,X,NOT APPLICABLE,f,f,f,f,f,f,f,t,t,f,f,f,f,f,f,f,f,f,f,SMALL BUSINESS,S,f,f,f,f,f,f,f,f,f,f,f,f,f,f,f,f,f,CORPORATE NOT TAX EXEMPT,t,f,f,f,f,f,f,f,f,f,f,f,f,f,f,f,f,t,f,f,f,f,f,f,f,t,f,f,t,f,f,f,f,f,f,f,f,f,f,f,f,f,f,f,f,f,f,f,f,f,VIKRAM  MANIKONDA,551137.00,JACQUELINE  HAYNES,385924.00,BENJAMIN  BACHRACH,259705.00,ROGER  XU,255144.00,JASON  LI,250971.00,https://www.usaspending.gov/award/CONT_AWD_W56KGU17C0014_9700_-NONE-_-NONE-/,2021-04-16 10:00:26+00
CONT_AWD_W58RGZ04C0203_9700_-NONE-_-NONE-,W58RGZ04C0203,,,,,,,,,820333930.74,,192028.03,192028.03,2004-06-30,2004,2021-04-21,2021,2004-06-30,2019-10-31,2019-10-31 00:00:00,,,097,Department of Defense,9763,Defense Contract Management Agency,S0304A,DCMA VERTICAL LIFT MESA,097,Department of Defense,2100,Department of the Army,W58RGZ,W6QK ACC-RSA,,,,,X,NOT APPLICABLE,,,LAJJQWA1PF31,832963453,THE BOEING COMPANY,"BOEING COMPANY, THE",,8V613,NU2UC8MX6NK1,009256819,THE BOEING COMPANY,THE BOEING COMPANY,USA,UNITED STATES,5000 E MCDOWELL RD,,MESA,04013,MARICOPA,04,AZ,ARIZONA,852159707,AZ-05,AZ-04,4808911257,5627951529,USA,UNITED STATES,MESA,04013,MARICOPA,04,AZ,ARIZONA,852159707,AZ-05,AZ-04,AWARD,D,DEFINITIVE CONTRACT,,,,,,,J,FIRM FIXED PRICE,,,1,,,R706,SUPPORT- MANAGEMENT: LOGISTICS SUPPORT,D,NOT A BUNDLED REQUIREMENT,S1,SERVICES,541330,ENGINEERING SERVICES,C,NO CLAUSES INCLUDED AND NO SUSTAINABILITY INCLUDED,A,U.S. OWNED BUSINESS,000,NONE,Z,NOT IT PRODUCTS OR SERVICES,E,NOT REQUIRED,USA,UNITED STATES,C,NOT A MANUFACTURED END PRODUCT,B,PLAN NOT REQUIRED,C,NOT COMPETED,SSS,ONLY ONE SOURCE,NONE,NO SET ASIDE USED.,NONE,NO PREFERENCE USED,,,,,ONE,ONLY ONE SOURCE-OTHER (FAR 6.302-1 OTHER),1,D,COMMERCIAL ITEM PROCEDURES NOT USED,f,N,NO,N,NO,X,NOT APPLICABLE,,,0.00,N,NO,N,NO,N,NO,N,NO,X,NOT APPLICABLE,,,,,,,,NONE,NONE,N,NO,X,NOT APPLICABLE EXEMPT FROM CAS,Y,TRANSACTION USES GFE/GFP,N,NO,N,NO,N,NO - SERVICE WHERE PBA IS NOT USED.,N,NO,Z,NOT APPLICABLE,N,NO,X,NOT APPLICABLE,f,f,f,f,f,f,f,f,f,f,f,f,f,f,f,f,f,f,f,OTHER THAN SMALL BUSINESS,O,f,f,f,f,f,f,f,f,f,f,f,f,f,f,f,f,f,CORPORATE NOT TAX EXEMPT,t,f,f,f,f,f,f,f,f,f,f,f,f,f,f,t,f,f,f,f,f,f,f,f,f,f,f,f,t,f,f,f,f,f,f,f,f,f,f,f,f,f,f,f,f,f,f,f,f,f,,,,,,,,,,,https://www.usaspending.gov/award/CONT_AWD_W58RGZ04C0203_9700_-NONE-_-NONE-/,2021-04-21 17:11:16+00
CONT_AWD_W81K0012C0058_9700_-NONE-_-NONE-,W81K0012C0058,,,,,,,,,1050000.00,,1050000.00,1050000.00,2012-09-06,2012,2021-04-19,2021,2012-10-01,2017-09-30,2017-09-30 00:00:00,,,097,Department of Defense,2100,Department of the Army,W81K00,W40M MRC0 WEST,097,Department of Defense,2100,Department of the Army,W81NTE,W2DN BROOKE AMC,,,,,X,NOT APPLICABLE,,,W4TCKPJKGQU1,,LISANTI CHRISTOPHER J,"LISANTI, CHRISTOPHER J.",,4YV92,W4TCKPJKGQU1,,LISANTI CHRISTOPHER J,LISANTI  CHRISTOPHER J.,USA,UNITED STATES,494 CEDAR BRIDGE,,SCHERTZ,48187,GUADALUPE,48,TX,TEXAS,781543640,TX-35,TX-35,2106589713,2109165193,USA,UNITED STATES,SAN ANTONIO,48029,BEXAR,48,TX,TEXAS,782346200,TX-21,TX-21,AWARD,D,DEFINITIVE CONTRACT,,,,,,,J,FIRM FIXED PRICE,DIAGNOSTIC ACADEMIC RADIOLOGIST,W81K0012R0060,1,CT,CRITICAL FUNCTIONS,Q522,MEDICAL- RADIOLOGY,D,NOT A BUNDLED REQUIREMENT,S1,SERVICES,621111,OFFICES OF PHYSICIANS (EXCEPT MENTAL HEALTH SPECIALISTS),C,NO CLAUSES INCLUDED AND NO SUSTAINABILITY INCLUDED,A,U.S. OWNED BUSINESS,000,NONE,Z,NOT IT PRODUCTS OR SERVICES,E,NOT REQUIRED,USA,UNITED STATES,C,NOT A MANUFACTURED END PRODUCT,B,PLAN NOT REQUIRED,D,FULL AND OPEN COMPETITION AFTER EXCLUSION OF SOURCES,NP,NEGOTIATED PROPOSAL/QUOTE,SBA,SMALL BUSINESS SET ASIDE - TOTAL,NONE,NO PREFERENCE USED,,,,,,,1,A,COMMERCIAL ITEM,f,N,NO,N,NO,N,NO,N,NO,0.00,N,NO,N,NO,N,NO,N,NO,X,NOT APPLICABLE,,,,,,,,NONE,NONE,N,NO,N,NO - CAS WAIVER APPROVED,N,TRANSACTION DOES NOT USE GFE/GFP,U,UNKNOWN,N,NO,N,NO - SERVICE WHERE PBA IS NOT USED.,N,NO,Z,NOT APPLICABLE,N,NO,X,NOT APPLICABLE,f,f,f,f,f,t,f,f,f,f,f,f,f,f,f,f,f,f,f,SMALL BUSINESS,S,f,f,f,f,f,f,f,f,f,f,f,f,f,f,f,f,f,SOLE PROPRIETORSHIP,f,f,f,t,f,f,f,f,f,f,f,f,f,f,f,f,f,t,f,f,f,f,f,f,f,f,f,f,t,f,f,f,f,f,f,f,f,f,f,f,f,f,f,f,f,f,f,f,f,f,,,,,,,,,,,https://www.usaspending.gov/award/CONT_AWD_W81K0012C0058_9700_-NONE-_-NONE-/,2022-04-07 13:13:52+00
CONT_AWD_W81XWH13C0186_9700_-NONE-_-NONE-,W81XWH13C0186,,,,,,,,,4558841.78,,4558841.78,4558841.78,2013-09-16,2013,2021-04-19,2021,2013-09-11,2018-09-15,2018-09-15 00:00:00,,,097,Department of Defense,2100,Department of the Army,W81XWH,W4PZ USA MED RSCH ACQUIS ACT,097,Department of Defense,97DH,Defense Health Agency,HT0017,"DIRECTOR, WRNMMC",,,,,X,NOT APPLICABLE,,,RKJRNHS4MCH4,829825087,NORTHTIDE GROUP LLC,"NORTHTIDE GROUP, LLC",,5E1V3,JVECDKERKEJ3,006019640,THE EYAK CORP,EYAK CORPORATION,USA,UNITED STATES,22980 INDIAN CREEK DR STE 450,,DULLES,51107,LOUDOUN,51,VA,VIRGINIA,201666732,VA-10,VA-10,7038805337,7034810703,USA,UNITED STATES,FREDERICK,24021,FREDERICK,24,MD,MARYLAND,217025014,MD-06,MD-06,AWARD,D,DEFINITIVE CONTRACT,,,,,,,J,FIRM FIXED PRICE,LABOR,,1,OT,OTHER FUNCTIONS,R499,SUPPORT- PROFESSIONAL: OTHER,D,NOT A BUNDLED REQUIREMENT,S1,SERVICES,541990,"ALL OTHER PROFESSIONAL, SCIENTIFIC, AND TECHNICAL SERVICES",C,NO CLAUSES INCLUDED AND NO SUSTAINABILITY INCLUDED,A,U.S. OWNED BUSINESS,000,NONE,Z,NOT IT PRODUCTS OR SERVICES,E,NOT REQUIRED,USA,UNITED STATES,C,NOT A MANUFACTURED END PRODUCT,B,PLAN NOT REQUIRED,G,NOT COMPETED UNDER SAP,SP1,SIMPLIFIED ACQUISITION,NONE,NO SET ASIDE USED.,NONE,NO PREFERENCE USED,,,,,SP2,SAP NON-COMPETITION (FAR 13),1,A,COMMERCIAL ITEM,f,N,NO,N,NO,N,NO,N,NO,0.00,N,NO,N,NO,N,NO,N,NO,A,ECONOMY ACT,,,,,,,,NONE,NONE,N,NO,X,NOT APPLICABLE EXEMPT FROM CAS,N,TRANSACTION DOES NOT USE GFE/GFP,U,UNKNOWN,N,NO,Y,YES - SERVICE WHERE PBA IS USED.,N,NO,Z,NOT APPLICABLE,N,NO,X,NOT APPLICABLE,t,f,f,f,f,f,f,f,f,f,f,f,t,f,f,f,f,t,f,SMALL BUSINESS,S,f,f,f,f,f,f,f,f,f,f,f,f,f,f,f,f,f,OTHER,f,f,f,f,f,f,f,f,f,f,f,f,f,f,f,f,f,t,f,f,f,f,f,f,f,f,t,f,t,f,f,f,f,f,f,f,f,f,f,f,f,f,f,f,f,t,f,t,f,f,ROD  WORL,559670.00,VICTOR  CENNAME,368235.00,CARL  DENI,177561.00,DANIEL  HAIGHT,145625.00,EDWARD  HERRMANN,128050.00,https://www.usaspending.gov/award/CONT_AWD_W81XWH13C0186_9700_-NONE-_-NONE-/,2021-04-19 09:03:27+00
CONT_AWD_W81XWH14C0154_9700_-NONE-_-NONE-,W81XWH14C0154,,,,,,,,,1220500.95,,1220500.95,1220500.95,2014-09-29,2014,2021-04-21,2021,2014-09-30,2021-05-25,2021-05-25 00:00:00,,,097,Department of Defense,2100,Department of the Army,W81XWH,W4PZ USA MED RSCH ACQUIS ACT,097,Department of Defense,2100,Department of the Army,W91ZSQ,W03J HQ CO USA MED DEV MAT CM,,,,,X,NOT APPLICABLE,,,LHN2HN7285X3,075104708,"DESIGN INTERACTIVE, LLC","DESIGN INTERACTIVE, INC",,1L7F4,LHN2HN7285X3,075104708,"DESIGN INTERACTIVE, LLC",DESIGN INTERACTIVE INC,USA,UNITED STATES,3504 LAKE LYNDA DR STE 400,,ORLANDO,12095,ORANGE,12,FL,FLORIDA,328171484,FL-07,FL-10,4077060977,4077060980,USA,UNITED STATES,ORLANDO,12095,ORANGE,12,FL,FLORIDA,328171484,FL-07,FL-10,AWARD,D,DEFINITIVE CONTRACT,,,,,,,J,FIRM FIXED PRICE,IGF::OT::IGF  FUNDING FOR CLIN 0001,,1,OT,OTHER FUNCTIONS,AN13,HEALTH R&D SERVICES; HEALTH CARE SERVICES; EXPERIMENTAL DEVELOPMENT,D,NOT A BUNDLED REQUIREMENT,S1,SERVICES,541712,"RESEARCH AND DEVELOPMENT IN THE PHYSICAL, ENGINEERING, AND LIFE SCIENCES (EXCEPT BIOTECHNOLOGY)",C,NO CLAUSES INCLUDED AND NO SUSTAINABILITY INCLUDED,A,U.S. OWNED BUSINESS,000,NONE,Z,NOT IT PRODUCTS OR SERVICES,E,NOT REQUIRED,USA,UNITED STATES,C,NOT A MANUFACTURED END PRODUCT,B,PLAN NOT REQUIRED,D,FULL AND OPEN COMPETITION AFTER EXCLUSION OF SOURCES,NP,NEGOTIATED PROPOSAL/QUOTE,SBA,SMALL BUSINESS SET ASIDE - TOTAL,NONE,NO PREFERENCE USED,SR1,SMALL BUSINESS INNOVATION RESEARCH PROGRAM PHASE I ACTION,,,,,106,D,COMMERCIAL ITEM PROCEDURES NOT USED,f,N,NO,N,NO,N,NO,N,NO,0.00,N,NO,N,NO,N,NO,N,NO,X,NOT APPLICABLE,,,,,,,,NONE,NONE,N,NO,X,NOT APPLICABLE EXEMPT FROM CAS,N,TRANSACTION DOES NOT USE GFE/GFP,U,UNKNOWN,N,NO,N,NO - SERVICE WHERE PBA IS NOT USED.,N,NO,Z,NOT APPLICABLE,N,NO,X,NOT APPLICABLE,f,f,f,f,f,f,f,t,t,f,f,f,f,f,f,f,f,f,f,SMALL BUSINESS,S,f,f,f,f,f,f,f,f,f,f,f,f,f,f,f,f,f,OTHER,f,f,f,f,f,f,f,f,f,f,f,f,f,f,f,f,f,t,f,f,f,f,f,f,f,t,f,f,t,f,f,f,f,f,f,f,f,f,f,f,f,f,f,f,f,f,f,f,f,f,,,,,,,,,,,https://www.usaspending.gov/award/CONT_AWD_W81XWH14C0154_9700_-NONE-_-NONE-/,2021-04-21 09:33:44+00
CONT_AWD_W81XWH15C0095_9700_-NONE-_-NONE-,W81XWH15C0095,,,,,,,,,1557353.81,,1557353.81,1557353.81,2015-07-01,2015,2021-04-16,2021,2015-07-01,2019-06-30,2019-06-30 00:00:00,,,097,Department of Defense,2100,Department of the Army,W81XWH,W4PZ USA MED RSCH ACQUIS ACT,097,Department of Defense,5700,Department of the Air Force,F2VUG0,F2VUG0 SOF AT L SCIENCE TECHNOLOGY,,,,,X,NOT APPLICABLE,,,MW8JHK6ZYEX8,041096314,THE REGENTS OF THE UNIVERSITY OF COLORADO,"REGENTS OF THE UNIVERSITY OF COLORADO, THE",,0P6C1,SPVKK1RC2MZ3,007431505,THE REGENTS OF THE UNIVERSITY OF COLORADO,THE REGENTS OF THE UNIVERSITY OF COLORADO,USA,UNITED STATES,13001 E 17TH PLACE BLDG 500 W1126,,AURORA,08001,ADAMS,08,CO,COLORADO,800452570,CO-06,CO-06,3037240258,3037240814,USA,UNITED STATES,AURORA,08001,ADAMS,08,CO,COLORADO,800457603,CO-06,CO-06,AWARD,D,DEFINITIVE CONTRACT,,,,,,,S,COST NO FEE,IGF::CL::IGF PROPOSAL LOG# SO140019,W81XWH14TUSOC,1,OT,OTHER FUNCTIONS,AN11,HEALTH R&D SERVICES; HEALTH CARE SERVICES; BASIC RESEARCH,D,NOT A BUNDLED REQUIREMENT,S1,SERVICES,541712,"RESEARCH AND DEVELOPMENT IN THE PHYSICAL, ENGINEERING, AND LIFE SCIENCES (EXCEPT BIOTECHNOLOGY)",C,NO CLAUSES INCLUDED AND NO SUSTAINABILITY INCLUDED,B,OTHER U.S. ENTITY (E.G. GOVERNMENT),000,NONE,Z,NOT IT PRODUCTS OR SERVICES,E,NOT REQUIRED,USA,UNITED STATES,C,NOT A MANUFACTURED END PRODUCT,B,PLAN NOT REQUIRED,A,FULL AND OPEN COMPETITION,BR,BASIC RESEARCH,NONE,NO SET ASIDE USED.,NONE,NO PREFERENCE USED,,,,,,,117,D,COMMERCIAL ITEM PROCEDURES NOT USED,f,N,NO,N,NO,Y,YES,N,NO,0.00,N,NO,X,NOT APPLICABLE,N,NO,X,NOT APPLICABLE,X,NOT APPLICABLE,,,,,,,,NONE,NONE,N,NO,X,NOT APPLICABLE EXEMPT FROM CAS,N,TRANSACTION DOES NOT USE GFE/GFP,U,UNKNOWN,N,NO,N,NO - SERVICE WHERE PBA IS NOT USED.,N,NO,Z,NOT APPLICABLE,N,NO,X,NOT APPLICABLE,f,f,f,f,f,f,f,f,f,f,f,f,f,f,f,f,f,f,f,OTHER THAN SMALL BUSINESS,O,f,f,f,f,f,f,t,f,f,f,f,f,f,f,f,f,f,US GOVERNMENT ENTITY,f,f,f,f,f,f,t,f,f,t,f,f,f,f,f,f,f,t,f,f,f,f,f,f,f,f,f,f,f,f,f,f,f,t,f,f,f,f,f,f,f,f,f,f,f,f,f,f,f,f,,,,,,,,,,,https://www.usaspending.gov/award/CONT_AWD_W81XWH15C0095_9700_-NONE-_-NONE-/,2021-04-16 08:02:43+00
CONT_AWD_W81XWH15C0148_9700_-NONE-_-NONE-,W81XWH15C0148,,,,,,,,,149960.05,,149960.05,149960.05,2015-09-21,2015,2021-04-21,2021,2015-09-24,2017-04-21,2017-04-21 00:00:00,,,097,Department of Defense,2100,Department of the Army,W81XWH,W4PZ USA MED RSCH ACQUIS ACT,097,Department of Defense,2100,Department of the Army,W45MW3,W03S USA INST OF SURG RSCH,,,,,X,NOT APPLICABLE,,,V3KCP1HNFM33,185169620,CFD RESEARCH CORPORATION,CFD RESEARCH CORPORATION,,0DEW1,V3KCP1HNFM33,185169620,CFD RESEARCH CORPORATION,CFD RESEARCH CORPORATION,USA,UNITED STATES,701 MCMILLIAN WAY STE D,,HUNTSVILLE,01089,MADISON,01,AL,ALABAMA,358062923,AL-05,AL-05,2567264884,2567264803,USA,UNITED STATES,HUNTSVILLE,01089,MADISON,01,AL,ALABAMA,358062922,AL-05,AL-05,AWARD,D,DEFINITIVE CONTRACT,,,,,,,J,FIRM FIXED PRICE,IGF::OT::IGF ARMY PHASE I PROPOSAL A151-055-0482,HQ003415R1ASB,1,OT,OTHER FUNCTIONS,AN91,R&D- MEDICAL: OTHER (BASIC RESEARCH),D,NOT A BUNDLED REQUIREMENT,S1,SERVICES,541712,"RESEARCH AND DEVELOPMENT IN THE PHYSICAL, ENGINEERING, AND LIFE SCIENCES (EXCEPT BIOTECHNOLOGY)",C,NO CLAUSES INCLUDED AND NO SUSTAINABILITY INCLUDED,A,U.S. OWNED BUSINESS,000,NONE,Z,NOT IT PRODUCTS OR SERVICES,E,NOT REQUIRED,USA,UNITED STATES,C,NOT A MANUFACTURED END PRODUCT,B,PLAN NOT REQUIRED,D,FULL AND OPEN COMPETITION AFTER EXCLUSION OF SOURCES,NP,NEGOTIATED PROPOSAL/QUOTE,SBA,SMALL BUSINESS SET ASIDE - TOTAL,NONE,NO PREFERENCE USED,SR1,SMALL BUSINESS INNOVATION RESEARCH PROGRAM PHASE I ACTION,,,,,111,D,COMMERCIAL ITEM PROCEDURES NOT USED,f,N,NO,N,NO,Y,YES,N,NO,0.00,N,NO,X,NOT APPLICABLE,X,NOT APPLICABLE,X,NOT APPLICABLE,X,NOT APPLICABLE,,,,,,,,NONE,NONE,Y,YES,Y,YES - CAS CLAUSE INCLUDED,N,TRANSACTION DOES NOT USE GFE/GFP,N,NO,N,NO,Y,YES - SERVICE WHERE PBA IS USED.,N,NO,Z,NOT APPLICABLE,N,NO,X,NOT APPLICABLE,f,f,f,f,f,f,f,t,f,f,f,f,t,t,f,f,f,f,f,SMALL BUSINESS,S,f,f,f,f,f,f,f,f,f,f,f,f,f,f,f,f,f,CORPORATE NOT TAX EXEMPT,t,f,f,f,f,f,f,f,f,f,f,f,f,f,f,f,f,t,f,f,f,f,f,f,f,f,f,f,t,f,f,f,f,f,f,f,f,f,f,f,f,f,f,f,f,f,f,f,f,f,SAMEER  SINGHAL,311004.00,STEPHEN  CAYSON,244649.00,PEGGY  SARGENT,215390.00,SAMI  HABCHI,256918.00,KAPIL  PANT,253340.00,https://www.usaspending.gov/award/CONT_AWD_W81XWH15C0148_9700_-NONE-_-NONE-/,2021-04-21 08:33:12+00
CONT_AWD_W81XWH15C0202_9700_-NONE-_-NONE-,W81XWH15C0202,,,,,,,,,928690.71,,928690.71,1089778.82,2015-09-30,2015,2021-04-23,2021,2015-10-01,2016-09-30,2016-09-30 00:00:00,,,097,Department of Defense,2100,Department of the Army,W81XWH,W4PZ USA MED RSCH ACQUIS ACT,097,Department of Defense,97DH,Defense Health Agency,HT0038,DEFENSE HEALTH AGENCY,,,,,X,NOT APPLICABLE,,,QW88E71LU7M4,103927463,ENVIGO GLOBAL SERVICES INC,COVANCE RESEARCH PRODUCTS INC.,,0FUK6,C17ZM2ETA463,117079642,ENVIGO RMS HOLDING CORP.,ENVIGO RMS HOLDING CORP.,USA,UNITED STATES,310 SWAMP BRIDGE RD,,DENVER,42071,LANCASTER,42,PA,PENNSYLVANIA,175178723,PA-11,PA-11,6083016957,7173365344,USA,UNITED STATES,ALICE,48249,JIM WELLS,48,TX,TEXAS,783322903,TX-34,TX-34,AWARD,D,DEFINITIVE CONTRACT,,,,,,,J,FIRM FIXED PRICE,IGF::CL::IGF NON PERSONAL SUPPORT SERVICES,W81XWH15R0098,1,CL,CLOSELY ASSOCIATED,AN11,HEALTH R&D SERVICES; HEALTH CARE SERVICES; BASIC RESEARCH,D,NOT A BUNDLED REQUIREMENT,S1,SERVICES,112990,ALL OTHER ANIMAL PRODUCTION,C,NO CLAUSES INCLUDED AND NO SUSTAINABILITY INCLUDED,A,U.S. OWNED BUSINESS,000,NONE,Z,NOT IT PRODUCTS OR SERVICES,E,NOT REQUIRED,USA,UNITED STATES,C,NOT A MANUFACTURED END PRODUCT,B,PLAN NOT REQUIRED,C,NOT COMPETED,SSS,ONLY ONE SOURCE,NONE,NO SET ASIDE USED.,NONE,NO PREFERENCE USED,,,,,URG,URGENCY (FAR 6.302-2),1,A,COMMERCIAL ITEM,f,N,NO,N,NO,Y,YES,N,NO,0.00,N,NO,N,NO,N,NO,N,NO,X,NOT APPLICABLE,,,,,,,,NONE,NONE,N,NO,X,NOT APPLICABLE EXEMPT FROM CAS,N,TRANSACTION DOES NOT USE GFE/GFP,U,UNKNOWN,N,NO,N,NO - SERVICE WHERE PBA IS NOT USED.,N,NO,Z,NOT APPLICABLE,N,NO,X,NOT APPLICABLE,f,f,f,f,f,f,f,f,f,f,f,f,f,f,f,f,f,f,f,OTHER THAN SMALL BUSINESS,O,f,f,f,f,f,f,f,f,f,f,f,f,f,f,f,f,f,CORPORATE NOT TAX EXEMPT,t,f,f,f,f,f,f,f,f,f,f,f,t,f,f,f,f,t,f,f,f,f,f,f,f,f,f,f,t,f,f,f,f,f,f,f,f,f,f,f,f,f,f,f,f,f,f,f,f,f,,,,,,,,,,,https://www.usaspending.gov/award/CONT_AWD_W81XWH15C0202_9700_-NONE-_-NONE-/,2022-03-30 18:27:36+00
CONT_AWD_W81XWH16C0218_9700_-NONE-_-NONE-,W81XWH16C0218,,,,,,,,,609040.19,,609040.19,1192348.39,2016-09-27,2016,2021-04-21,2021,2016-09-27,2019-09-27,2021-09-27 00:00:00,,,097,Department of Defense,2100,Department of the Army,W81XWH,W4PZ USA MED RSCH ACQUIS ACT,097,Department of Defense,2100,Department of the Army,W45MW3,W03S USA INST OF SURG RSCH,,,,,X,NOT APPLICABLE,,,F7LSWJF8A2W3,967227583,"STS SYSTEMS INTEGRATION, LLC",STS SYSTEMS INTEGRATION,,6A1Z0,PQUEL5MZFDJ3,060036357,BRISTOL BAY NATIVE CORPORATION,BRISTOL BAY NATIVE CORPORATION,USA,UNITED STATES,1077 CENTRAL PKWY S,,SAN ANTONIO,48029,BEXAR,48,TX,TEXAS,782325079,TX-23,TX-21,2108882631,2108882641,USA,UNITED STATES,SAN ANTONIO,48029,BEXAR,48,TX,TEXAS,782347767,TX-21,TX-21,AWARD,D,DEFINITIVE CONTRACT,,,,,,,J,FIRM FIXED PRICE,IGF::OT::IGF R&D PROGRAM ADMINISTRATIVE SUPPORT,W81XWH16R0080,1,OT,OTHER FUNCTIONS,AN11,HEALTH R&D SERVICES; HEALTH CARE SERVICES; BASIC RESEARCH,D,NOT A BUNDLED REQUIREMENT,S1,SERVICES,541712,"RESEARCH AND DEVELOPMENT IN THE PHYSICAL, ENGINEERING, AND LIFE SCIENCES (EXCEPT BIOTECHNOLOGY)",C,NO CLAUSES INCLUDED AND NO SUSTAINABILITY INCLUDED,A,U.S. OWNED BUSINESS,000,NONE,Z,NOT IT PRODUCTS OR SERVICES,E,NOT REQUIRED,USA,UNITED STATES,C,NOT A MANUFACTURED END PRODUCT,B,PLAN NOT REQUIRED,B,NOT AVAILABLE FOR COMPETITION,SSS,ONLY ONE SOURCE,8AN,8(A) SOLE SOURCE,NONE,NO PREFERENCE USED,,,,,OTH,AUTHORIZED BY STATUTE (FAR 6.302-5(A)(2)(I)),1,A,COMMERCIAL ITEM,f,N,NO,N,NO,Y,YES,N,NO,0.00,N,NO,X,NOT APPLICABLE,Y,YES,X,NOT APPLICABLE,X,NOT APPLICABLE,,,,,,,,NONE,NONE,N,NO,X,NOT APPLICABLE EXEMPT FROM CAS,N,TRANSACTION DOES NOT USE GFE/GFP,U,UNKNOWN,N,NO,N,NO - SERVICE WHERE PBA IS NOT USED.,N,NO,Z,NOT APPLICABLE,N,NO,X,NOT APPLICABLE,t,f,f,f,f,f,f,f,f,f,f,f,f,f,f,f,f,t,f,SMALL BUSINESS,S,f,f,f,f,f,f,f,f,f,f,f,f,f,f,f,f,f,CORPORATE NOT TAX EXEMPT,t,f,f,f,f,f,f,f,f,f,f,f,f,f,f,f,f,t,f,f,f,f,f,f,f,f,t,f,t,f,f,f,f,f,f,f,f,f,f,f,f,f,f,f,f,t,f,t,f,f,STEVE  DONEGHY,340000.00,,,,,,,,,https://www.usaspending.gov/award/CONT_AWD_W81XWH16C0218_9700_-NONE-_-NONE-/,2021-04-21 14:49:12+00
CONT_AWD_W9113M11C0086_9700_-NONE-_-NONE-,W9113M11C0086,,,,,,,,,117236.20,,332269.68,495566.68,2011-09-23,2011,2021-04-20,2021,2011-09-23,2013-09-30,2013-09-30 00:00:00,,,097,Department of Defense,9763,Defense Contract Management Agency,S2204A,DCMA EASTERN REGIONAL COMMAND,097,Department of Defense,2100,Department of the Army,W9113M,W6QK ACC-RSA,,,,,X,NOT APPLICABLE,,,ZHJYA5NN32Z5,038049532,"MVM, INC.","M V M, INC.",,0BUL6,ZHJYA5NN32Z5,038049532,"MVM, INC.",M V M  INC.,USA,UNITED STATES,"44620 GUILFORD DRIVE, STE 150",,ASHBURN,51107,LOUDOUN,51,VA,VIRGINIA,201476063,VA-10,VA-10,5712234630,5712234487,USA,UNITED STATES,ASHBURN,51107,LOUDOUN,51,VA,VIRGINIA,201476063,VA-10,VA-10,AWARD,D,DEFINITIVE CONTRACT,,,,,,,S,COST NO FEE,BASE YEAR MENTOR PROTEGE PROGRAM,,1,,,R421,TECHNICAL ASSISTANCE,D,NOT A BUNDLED REQUIREMENT,S1,SERVICES,541618,OTHER MANAGEMENT CONSULTING SERVICES,C,NO CLAUSES INCLUDED AND NO SUSTAINABILITY INCLUDED,A,U.S. OWNED BUSINESS,000,NONE,Z,NOT IT PRODUCTS OR SERVICES,E,NOT REQUIRED,USA,UNITED STATES,C,NOT A MANUFACTURED END PRODUCT,B,PLAN NOT REQUIRED,A,FULL AND OPEN COMPETITION,NP,NEGOTIATED PROPOSAL/QUOTE,NONE,NO SET ASIDE USED.,NONE,NO PREFERENCE USED,,,,,,,1,D,COMMERCIAL ITEM PROCEDURES NOT USED,f,N,NO,N,NO,N,NO,N,NO,0.00,N,NO,N,NO,N,NO,N,NO,X,NOT APPLICABLE,,,,,,,,NONE,NONE,N,NO,Y,YES - CAS CLAUSE INCLUDED,N,TRANSACTION DOES NOT USE GFE/GFP,N,NO,N,NO,Y,YES - SERVICE WHERE PBA IS USED.,N,NO,D,UNUSUAL PROGRESS PAYMENTS OR ADVANCE PAYMENTS,N,NO,X,NOT APPLICABLE,f,f,f,f,f,f,f,f,f,f,f,f,t,f,f,f,t,f,f,OTHER THAN SMALL BUSINESS,O,f,f,f,f,f,f,f,f,f,f,f,f,f,f,f,f,f,CORPORATE NOT TAX EXEMPT,t,f,f,f,f,f,f,f,f,f,f,f,f,f,f,t,f,f,f,f,f,f,f,f,f,f,f,f,t,f,f,f,f,f,f,f,f,f,f,f,f,f,f,f,f,f,f,f,f,f,KEVIN  MARQUEZ,135668.00,,,,,,,,,https://www.usaspending.gov/award/CONT_AWD_W9113M11C0086_9700_-NONE-_-NONE-/,2021-07-09 08:19:22+00
CONT_AWD_W9113M16C0026_9700_-NONE-_-NONE-,W9113M16C0026,,,,,,,,,725682.23,,725682.23,725682.23,2016-09-20,2016,2021-04-21,2021,2016-09-21,2019-09-25,2019-09-25 00:00:00,,,097,Department of Defense,9763,Defense Contract Management Agency,S0512A,DCMA SOUTHERN CALIFORNIA,097,Department of Defense,2100,Department of the Army,W81NL5,W6D2 USA CIV PERSONNEL ADV CTR,,,,,X,NOT APPLICABLE,,,MKCAUUG2K7H6,074103508,JACOBS ENGINEERING GROUP INC,JACOBS ENGINEERING GROUP INC.,,3T810,MKCAUUG2K7H6,074103508,JACOBS ENGINEERING GROUP INC,JACOBS ENGINEERING GROUP INC.,USA,UNITED STATES,1999 BRYAN ST STE 1200,,DALLAS,48113,DALLAS,48,TX,TEXAS,752016823,TX-30,TX-30,5712181000,,USA,UNITED STATES,OAK RIDGE,47093,KNOX,47,TN,TENNESSEE,378303503,TN-02,TN-03,AWARD,D,DEFINITIVE CONTRACT,,,,,,,J,FIRM FIXED PRICE,"MENTOR PROTEGE PROGRAM BASE YEAR IGF::OT::IGF FOR OTHER FUNCTIONS PROVIDE INCENTIVES TO MAJOR DOD CONTRACTORS, PERFORMING UNDER AT LEAST ONE ACTIVE APPROVED SUBCONTRACTING PLAN NEGOTIATED WITH DOD OR ANOTHER FEDERAL AGENCY, TO ASSIST PROTEGE FIRMS IN ENHANCING THEIR CAPABILITIES TO SATISFY DOD AND OTHER CONTRACT AND SUBCONTRACT REQUIREMENTS",,1,OT,OTHER FUNCTIONS,R425,SUPPORT- PROFESSIONAL: ENGINEERING/TECHNICAL,D,NOT A BUNDLED REQUIREMENT,S1,SERVICES,541330,ENGINEERING SERVICES,C,NO CLAUSES INCLUDED AND NO SUSTAINABILITY INCLUDED,A,U.S. OWNED BUSINESS,000,NONE,Z,NOT IT PRODUCTS OR SERVICES,E,NOT REQUIRED,USA,UNITED STATES,C,NOT A MANUFACTURED END PRODUCT,B,PLAN NOT REQUIRED,A,FULL AND OPEN COMPETITION,NP,NEGOTIATED PROPOSAL/QUOTE,NONE,NO SET ASIDE USED.,NONE,NO PREFERENCE USED,,,,,,,1,D,COMMERCIAL ITEM PROCEDURES NOT USED,f,N,NO,N,NO,X,NOT APPLICABLE,N,NO,0.00,N,NO,N,NO,N,NO,N,NO,X,NOT APPLICABLE,,,,,,,,NONE,NONE,N,NO,X,NOT APPLICABLE EXEMPT FROM CAS,N,TRANSACTION DOES NOT USE GFE/GFP,N,NO,N,NO,Y,YES - SERVICE WHERE PBA IS USED.,N,NO,D,UNUSUAL PROGRESS PAYMENTS OR ADVANCE PAYMENTS,N,NO,X,NOT APPLICABLE,f,f,f,f,f,f,f,f,f,f,f,f,f,f,f,f,f,f,f,OTHER THAN SMALL BUSINESS,O,f,f,f,f,f,f,f,f,f,f,f,f,f,f,f,f,f,CORPORATE NOT TAX EXEMPT,t,f,f,f,f,f,f,f,f,f,f,f,f,f,f,f,f,t,f,f,f,f,f,f,f,f,f,f,t,f,f,f,f,f,f,f,f,f,f,f,f,f,f,f,f,f,f,f,f,f,,,,,,,,,,,https://www.usaspending.gov/award/CONT_AWD_W9113M16C0026_9700_-NONE-_-NONE-/,2021-07-07 18:23:25+00
CONT_AWD_W9115120C0022_9700_-NONE-_-NONE-,W9115120C0022,,,,N: Emergency P.L. 116-136,0,292100.00,,,292100.00,0.00,292100.00,292100.00,2020-07-29,2020,2021-04-22,2021,2020-08-03,2021-04-15,2021-04-15 00:00:00,,2020-05-29,097,Department of Defense,2100,Department of the Army,W91151,W6QM MICC-FDO FT HOOD,097,Department of Defense,2100,Department of the Army,W45NQ9,W0VC ENGR R U ACT,021-2020/2020-2020-000,021-2020,25.4: Operation and maintenance of facilities,OPTN: FIELD IS OPTIONAL PRIOR TO FY21,X,NOT APPLICABLE,,,HJVBFMREBFC6,078656934,"AMERIVET ENTERPRISES, LLC","AMERIVET ENTERPRISES, LLC",,6T4D4,HJVBFMREBFC6,078656934,"AMERIVET ENTERPRISES, LLC",ROWLAND  PAMELA,USA,UNITED STATES,336 COVE TERRACE SHOPPING CTR,,COPPERAS COVE,48099,CORYELL,48,TX,TEXAS,765222261,TX-25,TX-31,2545775522,2546511033,USA,UNITED STATES,FORT HOOD,48027,BELL,48,TX,TEXAS,765441208,TX-31,TX-31,AWARD,D,DEFINITIVE CONTRACT,,,,,,,J,FIRM FIXED PRICE,REPLACE CHILLERS IN BUILDING 56055,W9115120B0008,1,OT,OTHER FUNCTIONS,Z1NB,MAINTENANCE OF HEATING AND COOLING PLANTS,H,NOT BUNDLED,C2,CONSTRUCTION,238220,"PLUMBING, HEATING, AND AIR-CONDITIONING CONTRACTORS",C,NO CLAUSES INCLUDED AND NO SUSTAINABILITY INCLUDED,A,U.S. OWNED BUSINESS,000,NONE,Z,NOT IT PRODUCTS OR SERVICES,E,NOT REQUIRED,USA,UNITED STATES,C,NOT A MANUFACTURED END PRODUCT,B,PLAN NOT REQUIRED,D,FULL AND OPEN COMPETITION AFTER EXCLUSION OF SOURCES,SB,SEALED BID,SDVOSBC,SERVICE DISABLED VETERAN OWNED SMALL BUSINESS SET-ASIDE,NONE,NO PREFERENCE USED,,,,,,,3,D,COMMERCIAL ITEM PROCEDURES NOT USED,f,N,NO,N,NO,Y,YES,N,NO,0.00,N,NO,X,NOT APPLICABLE,X,NOT APPLICABLE,Y,YES,X,NOT APPLICABLE,,,,,,,,NONE,NONE,N,NO,X,NOT APPLICABLE EXEMPT FROM CAS,N,TRANSACTION DOES NOT USE GFE/GFP,U,UNKNOWN,D,NOT CONSOLIDATED,Y,YES - SERVICE WHERE PBA IS USED.,N,NO,Z,NOT APPLICABLE,N,NO,X,NOT APPLICABLE,f,f,f,f,f,t,t,t,t,t,f,f,f,f,f,f,f,f,f,SMALL BUSINESS,S,f,f,f,f,f,f,f,f,f,f,f,f,f,f,f,f,f,CORPORATE NOT TAX EXEMPT,t,f,f,f,f,f,f,f,f,f,f,f,f,f,f,f,f,t,f,f,f,f,f,f,f,f,t,f,t,f,f,f,f,f,f,f,f,f,f,f,f,f,f,f,f,t,f,f,f,f,,,,,,,,,,,https://www.usaspending.gov/award/CONT_AWD_W9115120C0022_9700_-NONE-_-NONE-/,2021-04-22 21:41:15+00
CONT_AWD_W9115120C0035_9700_-NONE-_-NONE-,W9115120C0035,,,,,,,,,440000.00,,440000.00,440000.00,2020-09-22,2020,2021-04-22,2021,2020-09-28,2021-05-26,2021-05-26 00:00:00,,2020-08-26,097,Department of Defense,2100,Department of the Army,W91151,W6QM MICC-FDO FT HOOD,097,Department of Defense,2100,Department of the Army,W45NQ9,W0VC ENGR R U ACT,,,,,X,NOT APPLICABLE,,,DEKMBJBCJER5,099715013,"EMERSON CONSTRUCTION COMPANY, INC.","EMERSON CONSTRUCTION COMPANY, INC.",,0F516,DEKMBJBCJER5,099715013,"EMERSON CONSTRUCTION COMPANY, INC.",EMERSON CONSTRUCTION COMPANY  INC.,USA,UNITED STATES,4502 TWIN CITY BLVD,,TEMPLE,48027,BELL,48,TX,TEXAS,765025814,TX-31,TX-31,2549391863,2549397931,USA,UNITED STATES,FORT HOOD,48027,BELL,48,TX,TEXAS,765441208,TX-31,TX-31,AWARD,D,DEFINITIVE CONTRACT,,,,,,,J,FIRM FIXED PRICE,INSTALL POWER AND HANGAR VICINITY COLD SPRING,W9115120B0010,1,OT,OTHER FUNCTIONS,Y1AZ,CONSTRUCTION OF OTHER ADMINISTRATIVE FACILITIES AND SERVICE BUILDINGS,H,NOT BUNDLED,C2,CONSTRUCTION,236220,COMMERCIAL AND INSTITUTIONAL BUILDING CONSTRUCTION,C,NO CLAUSES INCLUDED AND NO SUSTAINABILITY INCLUDED,A,U.S. OWNED BUSINESS,000,NONE,Z,NOT IT PRODUCTS OR SERVICES,E,NOT REQUIRED,USA,UNITED STATES,C,NOT A MANUFACTURED END PRODUCT,B,PLAN NOT REQUIRED,D,FULL AND OPEN COMPETITION AFTER EXCLUSION OF SOURCES,SB,SEALED BID,SBA,SMALL BUSINESS SET ASIDE - TOTAL,NONE,NO PREFERENCE USED,,,,,,,7,D,COMMERCIAL ITEM PROCEDURES NOT USED,f,N,NO,N,NO,Y,YES,N,NO,0.00,N,NO,X,NOT APPLICABLE,Y,YES,Y,YES,X,NOT APPLICABLE,,,,,,,,NONE,NONE,N,NO,X,NOT APPLICABLE EXEMPT FROM CAS,N,TRANSACTION DOES NOT USE GFE/GFP,N,NO,D,NOT CONSOLIDATED,N,NO - SERVICE WHERE PBA IS NOT USED.,N,NO,Z,NOT APPLICABLE,N,NO,X,NOT APPLICABLE,f,f,f,f,f,f,f,f,f,f,f,f,f,f,f,f,f,f,f,SMALL BUSINESS,S,f,f,f,f,f,f,f,f,f,f,f,f,f,f,f,f,f,CORPORATE NOT TAX EXEMPT,t,f,f,f,f,f,f,f,f,f,f,f,f,f,f,f,f,t,f,f,f,f,f,f,f,f,f,f,t,f,f,f,f,f,f,f,f,f,f,f,f,f,f,f,f,t,f,f,f,f,,,,,,,,,,,https://www.usaspending.gov/award/CONT_AWD_W9115120C0035_9700_-NONE-_-NONE-/,2021-04-22 22:18:46+00
CONT_AWD_W9115U11C0003_9700_-NONE-_-NONE-,W9115U11C0003,,,,,,,,,2564365.00,,2564365.00,2564365.00,2010-11-22,2011,2021-04-20,2021,2010-11-19,2012-12-30,2012-12-30 00:00:00,,,097,Department of Defense,9763,Defense Contract Management Agency,S0514A,DCMA SOUTHERN CAL (SAN DIEGO),097,Department of Defense,2100,Department of the Army,W91N5S,W469 USA OTC FIRE SPT TEST,,,,,X,NOT APPLICABLE,,,RN43FYPYNKP4,,TREX ENTERPRISES CORPORATION,TREX ENTERPRISES CORPORATION,,0ZKJ6,RN43FYPYNKP4,,TREX ENTERPRISES CORPORATION,TREX ENTERPRISES CORPORATION,USA,UNITED STATES,10455 PACIFIC CENTER CT,,SAN DIEGO,06073,SAN DIEGO,06,CA,CALIFORNIA,921214339,CA-53,CA-51,8586465462,8586465301,USA,UNITED STATES,SAN DIEGO,06073,SAN DIEGO,06,CA,CALIFORNIA,921214339,CA-52,CA-51,AWARD,D,DEFINITIVE CONTRACT,,,,,,,U,COST PLUS FIXED FEE,GEOMETRIC AUTOMATED VIDEO ENHANCED LOCATION SYSTEM,W9115U10R0002,1,,,5841,"RADAR EQUIPMENT, AIRBORNE",D,NOT A BUNDLED REQUIREMENT,A7,ELECTRONICS AND COMMUNICATION EQUIPMENT,334220,RADIO AND TELEVISION BROADCASTING AND WIRELESS COMMUNICATIONS EQUIPMENT MANUFACTURING,C,NO CLAUSES INCLUDED AND NO SUSTAINABILITY INCLUDED,A,U.S. OWNED BUSINESS,000,NONE,Z,NOT IT PRODUCTS OR SERVICES,A,MEETS REQUIREMENTS,USA,UNITED STATES,D,MFG IN U.S.,B,PLAN NOT REQUIRED,A,FULL AND OPEN COMPETITION,NP,NEGOTIATED PROPOSAL/QUOTE,NONE,NO SET ASIDE USED.,NONE,NO PREFERENCE USED,,,,,,,4,D,COMMERCIAL ITEM PROCEDURES NOT USED,f,N,NO,N,NO,Y,YES,N,NO,0.00,N,NO,Y,YES,X,NOT APPLICABLE,N,NO,X,NOT APPLICABLE,,,,,,,,NONE,NONE,N,NO,Y,YES - CAS CLAUSE INCLUDED,N,TRANSACTION DOES NOT USE GFE/GFP,U,UNKNOWN,N,NO,X,NOT APPLICABLE,N,NO,Z,NOT APPLICABLE,N,NO,X,NOT APPLICABLE,f,f,f,f,f,f,f,f,f,f,f,f,f,f,f,f,f,f,f,SMALL BUSINESS,S,f,f,f,f,f,f,f,f,f,f,f,f,f,f,f,f,f,CORPORATE NOT TAX EXEMPT,t,f,f,f,f,f,f,f,f,f,f,f,f,f,f,f,f,t,f,f,f,f,f,f,f,f,f,f,t,f,f,f,f,f,f,f,f,f,f,f,f,f,f,f,f,f,f,f,f,f,,,,,,,,,,,https://www.usaspending.gov/award/CONT_AWD_W9115U11C0003_9700_-NONE-_-NONE-/,2025-03-28 09:56:23+00
CONT_AWD_W911NF20C0027_9700_-NONE-_-NONE-,W911NF20C0027,,,,,,,,,1099902.00,0.00,1099902.00,1099902.00,2020-03-20,2020,2021-04-20,2021,2020-03-20,2022-03-20,2022-03-20 00:00:00,,2019-08-23,097,Department of Defense,2100,Department of the Army,W911NF,W6QK ACC-APG DURHAM,097,Department of Defense,2100,Department of the Army,W50M14,W0CU USA FUTURES CMD,021-2019/2020-2040-000,021-2040,25.5: Research and development contracts,,X,NOT APPLICABLE,,,WKFBTEUDML89,081051946,RMD SYSTEMS LLC,RMD LLC,,88B33,WKFBTEUDML89,081051946,RMD SYSTEMS LLC,RMD LLC,USA,UNITED STATES,33862 BRIDGEHAMPTON DR,,DANA POINT,06059,ORANGE,06,CA,CALIFORNIA,926292188,CA-49,CA-49,8054586844,,USA,UNITED STATES,DANA POINT,06059,ORANGE,06,CA,CALIFORNIA,926292188,CA-49,CA-49,AWARD,D,DEFINITIVE CONTRACT,,,,,,,J,FIRM FIXED PRICE,DIRECT TO SBIR PHASE II - AUTONOMOUS RESUPPLY VEHICLE FOR FIELD ARTILLERY,,1,OT,OTHER FUNCTIONS,AZ11,R&D- OTHER RESEARCH AND DEVELOPMENT (BASIC RESEARCH),H,NOT BUNDLED,S1,SERVICES,541715,"RESEARCH AND DEVELOPMENT IN THE PHYSICAL, ENGINEERING, AND LIFE SCIENCES (EXCEPT NANOTECHNOLOGY AND BIOTECHNOLOGY)",C,NO CLAUSES INCLUDED AND NO SUSTAINABILITY INCLUDED,A,U.S. OWNED BUSINESS,000,NONE,Z,NOT IT PRODUCTS OR SERVICES,E,NOT REQUIRED,USA,UNITED STATES,C,NOT A MANUFACTURED END PRODUCT,B,PLAN NOT REQUIRED,D,FULL AND OPEN COMPETITION AFTER EXCLUSION OF SOURCES,NP,NEGOTIATED PROPOSAL/QUOTE,SBA,SMALL BUSINESS SET ASIDE - TOTAL,NONE,NO PREFERENCE USED,SR2,SMALL BUSINESS INNOVATION RESEARCH PROGRAM PHASE II ACTION,,,,,5,D,COMMERCIAL ITEM PROCEDURES NOT USED,f,N,NO,N,NO,X,NOT APPLICABLE,N,NO,0.00,N,NO,X,NOT APPLICABLE,X,NOT APPLICABLE,X,NOT APPLICABLE,X,NOT APPLICABLE,,,,,,,,NONE,NONE,W,NOT OBTAINED - WAIVED,X,NOT APPLICABLE EXEMPT FROM CAS,N,TRANSACTION DOES NOT USE GFE/GFP,U,UNKNOWN,D,NOT CONSOLIDATED,Y,YES - SERVICE WHERE PBA IS USED.,N,NO,Z,NOT APPLICABLE,N,NO,X,NOT APPLICABLE,f,f,f,f,f,f,f,f,f,f,f,f,f,f,f,f,f,f,f,SMALL BUSINESS,S,f,f,f,f,f,f,f,f,f,f,f,f,f,f,f,f,f,PARTNERSHIP,f,f,t,f,f,f,f,f,f,f,f,f,f,f,f,f,f,t,f,f,f,f,f,f,f,f,t,f,t,f,f,f,f,f,f,f,f,f,f,f,f,f,f,f,f,t,f,f,f,f,,,,,,,,,,,https://www.usaspending.gov/award/CONT_AWD_W911NF20C0027_9700_-NONE-_-NONE-/,2021-04-20 07:03:43+00
CONT_AWD_W911QX13C0065_9700_-NONE-_-NONE-,W911QX13C0065,,,,,,,,,1479184.83,,1479184.83,1479184.83,2013-05-30,2013,2021-04-20,2021,2013-05-31,2017-10-19,2017-10-19 00:00:00,,,097,Department of Defense,9763,Defense Contract Management Agency,S0514A,DCMA SOUTHERN CAL (SAN DIEGO),097,Department of Defense,2100,Department of the Army,W90F5X,W1D1 NATICK SLDR CNTR ORLANDO,,,,,X,NOT APPLICABLE,,,RN43FYPYNKP4,841440832,TREX ENTERPRISES CORPORATION,TREX ENTERPRISES CORPORATION,,0ZKJ6,RN43FYPYNKP4,841440832,TREX ENTERPRISES CORPORATION,TREX ENTERPRISES CORPORATION,USA,UNITED STATES,10455 PACIFIC CENTER CT,,SAN DIEGO,06073,SAN DIEGO,06,CA,CALIFORNIA,921214339,CA-53,CA-51,8586465462,8586465301,USA,UNITED STATES,SAN DIEGO,06073,SAN DIEGO,06,CA,CALIFORNIA,921214371,CA-52,CA-51,AWARD,D,DEFINITIVE CONTRACT,,,,,,,U,COST PLUS FIXED FEE,IGF::OT::IGF SBIR PHASE II-BIOMIMICRY BASED AZIMUTH SENSING,,1,OT,OTHER FUNCTIONS,AZ11,R&D- OTHER RESEARCH AND DEVELOPMENT (BASIC RESEARCH),D,NOT A BUNDLED REQUIREMENT,C9E,ALL OTHERS NOT IDENTIFIABLE TO ANY OTHER PROCUREMENT PROGRAM,541712,"RESEARCH AND DEVELOPMENT IN THE PHYSICAL, ENGINEERING, AND LIFE SCIENCES (EXCEPT BIOTECHNOLOGY)",C,NO CLAUSES INCLUDED AND NO SUSTAINABILITY INCLUDED,A,U.S. OWNED BUSINESS,000,NONE,Z,NOT IT PRODUCTS OR SERVICES,E,NOT REQUIRED,USA,UNITED STATES,C,NOT A MANUFACTURED END PRODUCT,B,PLAN NOT REQUIRED,D,FULL AND OPEN COMPETITION AFTER EXCLUSION OF SOURCES,NP,NEGOTIATED PROPOSAL/QUOTE,SBA,SMALL BUSINESS SET ASIDE - TOTAL,NONE,NO PREFERENCE USED,,,,,,,1,D,COMMERCIAL ITEM PROCEDURES NOT USED,f,N,NO,N,NO,Y,YES,N,NO,0.00,N,NO,X,NOT APPLICABLE,X,NOT APPLICABLE,X,NOT APPLICABLE,X,NOT APPLICABLE,,,,,,,,NONE,NONE,Y,YES,X,NOT APPLICABLE EXEMPT FROM CAS,N,TRANSACTION DOES NOT USE GFE/GFP,U,UNKNOWN,N,NO,Y,YES - SERVICE WHERE PBA IS USED.,N,NO,Z,NOT APPLICABLE,N,NO,X,NOT APPLICABLE,f,f,f,f,f,f,f,f,f,f,f,f,f,f,f,f,f,f,f,SMALL BUSINESS,S,f,f,f,f,f,f,f,f,f,f,f,f,f,f,f,f,f,CORPORATE NOT TAX EXEMPT,t,f,f,f,f,f,f,f,f,f,f,f,f,f,f,f,f,t,f,f,f,f,f,f,f,f,f,f,t,f,f,f,f,f,f,f,f,f,f,f,f,f,f,f,f,f,f,f,f,f,,,,,,,,,,,https://www.usaspending.gov/award/CONT_AWD_W911QX13C0065_9700_-NONE-_-NONE-/,2021-04-23 12:29:30+00
CONT_AWD_W911QX17C0046_9700_-NONE-_-NONE-,W911QX17C0046,,,,,,,,,372700.00,,372700.00,372700.00,2017-09-20,2017,2021-04-20,2021,2017-09-20,2020-12-31,2020-12-31 00:00:00,,,097,Department of Defense,2100,Department of the Army,W911QX,W6QK ACC-APG ADELPHI,097,Department of Defense,2100,Department of the Army,W813LT,W262 PROP BK ACCT 5 ARL APG,,,,,X,NOT APPLICABLE,,,KD6VWJ8MHRX5,615345329,SPYTEK AEROSPACE CORP,SPYTEK AEROSPACE CORPORATION,,0TYN7,KD6VWJ8MHRX5,615345329,SPYTEK AEROSPACE CORP,SPYTEK AEROSPACE CORPORATION,USA,UNITED STATES,450 FRONTIER WAY STE D,,BENSENVILLE,17043,DUPAGE,17,IL,ILLINOIS,601061170,IL-08,IL-03,6305959133,6305959198,USA,UNITED STATES,BENSENVILLE,17043,DUPAGE,17,IL,ILLINOIS,601062000,IL-05,IL-03,AWARD,D,DEFINITIVE CONTRACT,,,,,,,J,FIRM FIXED PRICE,TURBO CHARGER TEST BENCH,W911QX17T0207,1,OT,OTHER FUNCTIONS,6640,LABORATORY EQUIPMENT AND SUPPLIES,H,NOT BUNDLED,C9E,ALL OTHERS NOT IDENTIFIABLE TO ANY OTHER PROCUREMENT PROGRAM,334516,ANALYTICAL LABORATORY INSTRUMENT MANUFACTURING,C,NO CLAUSES INCLUDED AND NO SUSTAINABILITY INCLUDED,A,U.S. OWNED BUSINESS,000,NONE,Z,NOT IT PRODUCTS OR SERVICES,E,NOT REQUIRED,USA,UNITED STATES,D,MFG IN U.S.,B,PLAN NOT REQUIRED,F,COMPETED UNDER SAP,SP1,SIMPLIFIED ACQUISITION,SBA,SMALL BUSINESS SET ASIDE - TOTAL,NONE,NO PREFERENCE USED,,,,,,,1,A,COMMERCIAL ITEM,f,Y,YES,N,NO,Y,YES,N,NO,0.00,N,NO,X,NOT APPLICABLE,X,NOT APPLICABLE,X,NOT APPLICABLE,X,NOT APPLICABLE,,,,,,,,NONE,NONE,N,NO,X,NOT APPLICABLE EXEMPT FROM CAS,N,TRANSACTION DOES NOT USE GFE/GFP,U,UNKNOWN,D,NOT CONSOLIDATED,X,NOT APPLICABLE,N,NO,E,COMMERCIAL FINANCING,N,NO,X,NOT APPLICABLE,f,f,f,f,f,f,f,f,f,f,f,f,f,f,f,f,f,f,f,SMALL BUSINESS,S,f,f,f,f,f,f,f,f,f,f,f,f,f,f,f,f,f,CORPORATE NOT TAX EXEMPT,t,f,f,f,f,f,f,f,f,f,f,f,t,f,f,f,f,t,f,f,f,f,f,f,f,t,f,f,t,f,f,f,f,f,f,f,f,f,f,f,f,f,f,f,f,f,f,f,f,f,,,,,,,,,,,https://www.usaspending.gov/award/CONT_AWD_W911QX17C0046_9700_-NONE-_-NONE-/,2021-04-20 15:42:39+00
CONT_AWD_W911QY13F0086_9700_-NONE-_-NONE-,W911QY13F0086,,,,,,,,,7434106.24,,7561265.37,7561265.37,2013-07-03,2013,2021-04-22,2021,2013-07-03,2014-09-30,2014-09-30 00:00:00,,,097,Department of Defense,9763,Defense Contract Management Agency,S2404A,DCMA MID-ATLANTIC,097,Department of Defense,2100,Department of the Army,W911QY,W6QK ACC-APG NATICK,,,,,X,NOT APPLICABLE,,,E8QNBC287DY4,001672120,NATIONAL INDUSTRIES FOR THE BLIND,NATIONAL INDUSTRIES FOR THE BLIND,,5M888,E8QNBC287DY4,001672120,NATIONAL INDUSTRIES FOR THE BLIND,NATIONAL INDUSTRIES FOR THE BLIND,USA,UNITED STATES,1310 BRADDOCK PLACE,,ALEXANDRIA,51510,ALEXANDRIA (CITY),51,VA,VIRGINIA,22314,VA-08,VA-08,7033100564,7033100494,USA,UNITED STATES,ALEXANDRIA,51510,ALEXANDRIA CITY,51,VA,VIRGINIA,223053084,VA-08,VA-08,AWARD,D,DEFINITIVE CONTRACT,,,,,,,J,FIRM FIXED PRICE,ARMY COMBAT SHIRT (TYPE I / OCP),,1,,,8415,"CLOTHING, SPECIAL PURPOSE",D,NOT A BUNDLED REQUIREMENT,A9,"TEXTILES, CLOTHING AND EQUIPAGE",315210,CUT AND SEW APPAREL CONTRACTORS,C,NO CLAUSES INCLUDED AND NO SUSTAINABILITY INCLUDED,A,U.S. OWNED BUSINESS,000,NONE,Z,NOT IT PRODUCTS OR SERVICES,A,MEETS REQUIREMENTS,USA,UNITED STATES,D,MFG IN U.S.,B,PLAN NOT REQUIRED,B,NOT AVAILABLE FOR COMPETITION,SSS,ONLY ONE SOURCE,NONE,NO SET ASIDE USED.,NONE,NO PREFERENCE USED,,,,,OTH,AUTHORIZED BY STATUTE (FAR 6.302-5(A)(2)(I)),1,D,COMMERCIAL ITEM PROCEDURES NOT USED,f,N,NO,N,NO,Y,YES,N,NO,0.00,N,NO,Y,YES,X,NOT APPLICABLE,X,NOT APPLICABLE,X,NOT APPLICABLE,,,,,,,,NONE,NONE,N,NO,X,NOT APPLICABLE EXEMPT FROM CAS,N,TRANSACTION DOES NOT USE GFE/GFP,N,NO,N,NO,X,NOT APPLICABLE,N,NO,Z,NOT APPLICABLE,N,NO,X,NOT APPLICABLE,f,f,f,f,f,f,f,f,f,f,f,f,f,f,f,f,f,f,f,OTHER THAN SMALL BUSINESS,O,f,f,f,f,f,f,f,f,f,f,f,f,f,f,f,f,f,CORPORATE TAX EXEMPT,f,t,f,f,f,f,f,f,f,f,f,f,f,f,f,f,f,t,f,f,f,f,f,f,f,f,f,f,f,t,f,t,f,f,f,f,f,f,f,f,f,f,f,f,f,f,f,f,f,f,,,,,,,,,,,https://www.usaspending.gov/award/CONT_AWD_W911QY13F0086_9700_-NONE-_-NONE-/,2021-07-13 16:19:12+00
CONT_AWD_W911QY16C0104_9700_-NONE-_-NONE-,W911QY16C0104,,,,,,,,,190857.23,,190857.23,212557.23,2016-07-14,2016,2021-04-22,2021,2016-07-01,2017-09-30,2017-09-30 00:00:00,,,097,Department of Defense,9763,Defense Contract Management Agency,S0513A,DCMA SOUTHERN CALIFORNIA(SANTA ANA),097,Department of Defense,97F5,Washington Headquarters Services,HQ0034,WASHINGTON HEADQUARTERS SERVICES,,,,,X,NOT APPLICABLE,,,GYREM2CKL9R6,020084254,"THE PURPLE TORNADO, INC.","PURPLE TORNADO, INC., THE",,7JPR3,GYREM2CKL9R6,020084254,"THE PURPLE TORNADO, INC.",PURPLE TORNADO  INC.  THE,USA,UNITED STATES,70677 COTTONWOOD,,TWENTYNINE PALMS,06071,SAN BERNARDINO,06,CA,CALIFORNIA,922776681,CA-08,CA-23,3233636393,,USA,UNITED STATES,TWENTYNINE PALMS,06071,SAN BERNARDINO,06,CA,CALIFORNIA,922776681,CA-08,CA-23,AWARD,D,DEFINITIVE CONTRACT,,,,,,,J,FIRM FIXED PRICE,IGF::OT::IGF  R&D EXEMPT,,1,OT,OTHER FUNCTIONS,AF11,"EDUCATION, TRAINING, EMPLOYMENT, & SOCIAL SVCS R&D SVCS; EDUCATION SVCS R&D; BASIC RESEARCH",D,NOT A BUNDLED REQUIREMENT,S1,SERVICES,541611,ADMINISTRATIVE MANAGEMENT AND GENERAL MANAGEMENT CONSULTING SERVICES,C,NO CLAUSES INCLUDED AND NO SUSTAINABILITY INCLUDED,A,U.S. OWNED BUSINESS,000,NONE,Z,NOT IT PRODUCTS OR SERVICES,E,NOT REQUIRED,USA,UNITED STATES,C,NOT A MANUFACTURED END PRODUCT,B,PLAN NOT REQUIRED,A,FULL AND OPEN COMPETITION,BR,BASIC RESEARCH,NONE,NO SET ASIDE USED.,NONE,NO PREFERENCE USED,,,,,,,116,D,COMMERCIAL ITEM PROCEDURES NOT USED,f,N,NO,N,NO,X,NOT APPLICABLE,N,NO,0.00,N,NO,N,NO,N,NO,N,NO,X,NOT APPLICABLE,,,,,,,,NONE,NONE,N,NO,Y,YES - CAS CLAUSE INCLUDED,N,TRANSACTION DOES NOT USE GFE/GFP,U,UNKNOWN,N,NO,Y,YES - SERVICE WHERE PBA IS USED.,N,NO,Z,NOT APPLICABLE,N,NO,X,NOT APPLICABLE,f,f,f,f,f,f,f,t,t,f,f,f,f,f,f,f,f,f,f,SMALL BUSINESS,S,f,f,f,f,f,f,f,f,f,f,f,f,f,f,f,f,f,CORPORATE NOT TAX EXEMPT,t,f,f,f,f,f,f,f,f,f,f,f,f,f,f,f,f,t,f,f,f,f,f,f,f,t,f,f,t,f,f,f,f,f,f,f,f,f,f,f,f,f,f,f,f,t,f,f,f,f,,,,,,,,,,,https://www.usaspending.gov/award/CONT_AWD_W911QY16C0104_9700_-NONE-_-NONE-/,2021-04-22 10:25:54+00
CONT_AWD_W911QY18C0230_9700_-NONE-_-NONE-,W911QY18C0230,,,,N: Emergency P.L. 116-136;Q: Not Designated Nonemergency/Emergency/Disaster/Wildfire Suppression,0,1625402.78,,,3441778.76,0.00,3656036.22,3656036.22,2018-09-28,2018,2021-04-22,2021,2018-09-28,2021-10-31,2021-10-31 00:00:00,,2018-08-01,097,Department of Defense,2100,Department of the Army,W911QY,W6QK ACC-APG NATICK,097,Department of Defense,97DH,Defense Health Agency,HT0017,"DIRECTOR, WRNMMC",097-2018/2019-0130-000;097-2019/2019-0130-000;097-2019/2020-0130-000;097-2020/2020-0130-000,097-0130,25.6: Medical care,OPTN: FIELD IS OPTIONAL PRIOR TO FY21,X,NOT APPLICABLE,,,QTJZT9K41S61,,"LAULIMA GOVERNMENT SOLUTIONS, LLC","LAULIMA GOVERNMENT SOLUTIONS, LLC",,6GTB0,QTJZT9K41S61,,"LAULIMA GOVERNMENT SOLUTIONS, LLC",LAULIMA GOVERNMENT SOLUTIONS  LLC,USA,UNITED STATES,12565 RESEARCH PKWY STE 300,,ORLANDO,12095,ORANGE,12,FL,FLORIDA,328263283,FL-07,FL-10,4074753848,4074753847,USA,UNITED STATES,ORLANDO,12095,ORANGE,12,FL,FLORIDA,328264780,FL-07,FL-10,AWARD,D,DEFINITIVE CONTRACT,,,,,,,U,COST PLUS FIXED FEE,APHC TASK1A O&M FUNDS ONLY,,1,OT,OTHER FUNCTIONS,Q701,SPECIALIZED MEDICAL SUPPORT,H,NOT BUNDLED,C9E,ALL OTHERS NOT IDENTIFIABLE TO ANY OTHER PROCUREMENT PROGRAM,541715,"RESEARCH AND DEVELOPMENT IN THE PHYSICAL, ENGINEERING, AND LIFE SCIENCES (EXCEPT NANOTECHNOLOGY AND BIOTECHNOLOGY)",C,NO CLAUSES INCLUDED AND NO SUSTAINABILITY INCLUDED,A,U.S. OWNED BUSINESS,000,NONE,Z,NOT IT PRODUCTS OR SERVICES,E,NOT REQUIRED,USA,UNITED STATES,C,NOT A MANUFACTURED END PRODUCT,B,PLAN NOT REQUIRED,C,NOT COMPETED,SSS,ONLY ONE SOURCE,NONE,NO SET ASIDE USED.,NONE,NO PREFERENCE USED,,,,,UNQ,UNIQUE SOURCE (FAR 6.302-1(B)(1)),1,D,COMMERCIAL ITEM PROCEDURES NOT USED,f,N,NO,N,NO,X,NOT APPLICABLE,N,NO,0.00,N,NO,N,NO,N,NO,N,NO,X,NOT APPLICABLE,,,,,,,,NONE,NONE,N,NO,X,NOT APPLICABLE EXEMPT FROM CAS,N,TRANSACTION DOES NOT USE GFE/GFP,N,NO,D,NOT CONSOLIDATED,Y,YES - SERVICE WHERE PBA IS USED.,N,NO,Z,NOT APPLICABLE,N,NO,X,NOT APPLICABLE,f,f,f,t,f,f,f,f,f,f,f,f,f,f,f,f,f,f,t,SMALL BUSINESS,S,f,f,f,f,f,f,f,f,f,f,f,f,f,f,f,f,f,OTHER,f,f,f,f,f,f,f,f,f,f,f,f,f,f,f,f,f,t,f,f,f,f,f,f,f,f,t,f,t,f,f,f,f,f,f,f,f,f,f,f,f,f,f,f,f,t,f,t,f,f,,,,,,,,,,,https://www.usaspending.gov/award/CONT_AWD_W911QY18C0230_9700_-NONE-_-NONE-/,2025-12-31 09:44:17+00
CONT_AWD_W911QY19C0077_9700_-NONE-_-NONE-,W911QY19C0077,,,,Q: Not Designated Nonemergency/Emergency/Disaster/Wildfire Suppression,,,,,5691359.00,948559.83,5691359.00,5691359.00,2019-09-20,2019,2021-04-19,2021,2019-09-20,2021-07-31,2021-07-31 00:00:00,,2019-08-01,097,Department of Defense,2100,Department of the Army,W911QY,W6QK ACC-APG NATICK,097,Department of Defense,2100,Department of the Army,W80M26,W4HP ACTV SPECIAL PROJECTS SPT,097-2018/2019-0400-000,097-0400,25.5: Research and development contracts,0001: BASIC RESEARCH;OPTN: FIELD IS OPTIONAL PRIOR TO FY21,X,NOT APPLICABLE,,,N3PBJAVNKF61,114896066,"CACI, INC. - FEDERAL","CACI, INC. - FEDERAL",,1QU78,QSRTXLFKV857,045534641,CACI INTERNATIONAL INC,CACI INTERNATIONAL INC.,USA,UNITED STATES,14370 NEWBROOK DRIVE,,CHANTILLY,51059,FAIRFAX,51,VA,VIRGINIA,201514206,VA-10,VA-11,7036794137,,USA,UNITED STATES,CHANTILLY,51059,FAIRFAX,51,VA,VIRGINIA,201514206,VA-10,VA-11,AWARD,D,DEFINITIVE CONTRACT,,,,,,,J,FIRM FIXED PRICE,SYSTEM EVALUATION AND SUPPORT,,1,OT,OTHER FUNCTIONS,R425,SUPPORT- PROFESSIONAL: ENGINEERING/TECHNICAL,H,NOT BUNDLED,C9E,ALL OTHERS NOT IDENTIFIABLE TO ANY OTHER PROCUREMENT PROGRAM,541330,ENGINEERING SERVICES,C,NO CLAUSES INCLUDED AND NO SUSTAINABILITY INCLUDED,A,U.S. OWNED BUSINESS,000,NONE,Z,NOT IT PRODUCTS OR SERVICES,E,NOT REQUIRED,USA,UNITED STATES,C,NOT A MANUFACTURED END PRODUCT,F,INDIVIDUAL SUBCONTRACT PLAN,C,NOT COMPETED,SSS,ONLY ONE SOURCE,NONE,NO SET ASIDE USED.,NONE,NO PREFERENCE USED,,,,,NS,NATIONAL SECURITY (FAR 6.302-6),1,D,COMMERCIAL ITEM PROCEDURES NOT USED,f,N,NO,N,NO,X,NOT APPLICABLE,N,NO,0.00,N,NO,X,NOT APPLICABLE,Y,YES,X,NOT APPLICABLE,X,NOT APPLICABLE,,,,,,,,NONE,NONE,N,NO,X,NOT APPLICABLE EXEMPT FROM CAS,N,TRANSACTION DOES NOT USE GFE/GFP,N,NO,D,NOT CONSOLIDATED,Y,YES - SERVICE WHERE PBA IS USED.,N,NO,Z,NOT APPLICABLE,N,NO,X,NOT APPLICABLE,f,f,f,f,f,f,f,f,f,f,f,f,f,f,f,f,f,f,f,OTHER THAN SMALL BUSINESS,O,f,f,f,f,f,f,f,f,f,f,f,f,f,f,f,f,f,CORPORATE NOT TAX EXEMPT,t,f,f,f,f,f,f,f,f,f,f,f,f,f,f,f,f,t,f,f,f,f,f,f,f,f,f,f,t,f,f,f,f,f,f,f,f,f,f,f,f,f,f,f,f,f,f,f,f,f,,,,,,,,,,,https://www.usaspending.gov/award/CONT_AWD_W911QY19C0077_9700_-NONE-_-NONE-/,2021-04-19 10:56:04+00
CONT_AWD_W911QY21C0028_9700_-NONE-_-NONE-,W911QY21C0028,,,,,,,,,382027.44,,382027.44,382027.44,2021-04-23,2021,2021-04-23,2021,2021-04-23,2022-04-22,2022-04-22 00:00:00,,2020-12-15,097,Department of Defense,2100,Department of the Army,W911QY,W6QK ACC-APG NATICK,097,Department of Defense,2100,Department of the Army,W80M26,W4HP ACTV SPECIAL PROJECTS SPT,,,,,X,NOT APPLICABLE,,,N2U8KLM48JG1,,"ICR, INC.",,,71Z20,N2U8KLM48JG1,,"ICR, INC.",ICR  INC.,USA,UNITED STATES,6200 S MAIN ST STE 200,,AURORA,08005,ARAPAHOE,08,CO,COLORADO,800165407,CO-06,CO-06,3038175225,,USA,UNITED STATES,AURORA,08005,ARAPAHOE,08,CO,COLORADO,800165407,CO-06,CO-06,AWARD,D,DEFINITIVE CONTRACT,,,,,,,J,FIRM FIXED PRICE,OPERATION & MAINTENANCE,,1,OT,OTHER FUNCTIONS,B538,SPECIAL STUDIES/ANALYSIS- INTELLIGENCE,H,NOT BUNDLED,S1,SERVICES,541715,"RESEARCH AND DEVELOPMENT IN THE PHYSICAL, ENGINEERING, AND LIFE SCIENCES (EXCEPT NANOTECHNOLOGY AND BIOTECHNOLOGY)",C,NO CLAUSES INCLUDED AND NO SUSTAINABILITY INCLUDED,A,U.S. OWNED BUSINESS,000,NONE,Z,NOT IT PRODUCTS OR SERVICES,E,NOT REQUIRED,USA,UNITED STATES,C,NOT A MANUFACTURED END PRODUCT,B,PLAN NOT REQUIRED,C,NOT COMPETED,SSS,ONLY ONE SOURCE,NONE,NO SET ASIDE USED.,NONE,NO PREFERENCE USED,,,,,ONE,ONLY ONE SOURCE-OTHER (FAR 6.302-1 OTHER),1,D,COMMERCIAL ITEM PROCEDURES NOT USED,f,N,NO,N,NO,X,NOT APPLICABLE,N,NO,0.00,N,NO,X,NOT APPLICABLE,Y,YES,X,NOT APPLICABLE,X,NOT APPLICABLE,,,,,,,,NONE,NONE,N,NO,Y,YES - CAS CLAUSE INCLUDED,N,TRANSACTION DOES NOT USE GFE/GFP,U,UNKNOWN,D,NOT CONSOLIDATED,Y,YES - SERVICE WHERE PBA IS USED.,N,NO,Z,NOT APPLICABLE,N,NO,X,NOT APPLICABLE,f,f,f,f,f,f,f,f,f,f,f,f,f,f,f,f,f,f,f,SMALL BUSINESS,S,f,f,f,f,f,f,f,f,f,f,f,f,f,f,f,f,f,CORPORATE NOT TAX EXEMPT,t,f,f,f,f,f,f,f,f,f,f,f,f,f,f,f,f,t,f,f,f,f,f,f,f,f,f,f,t,f,f,f,f,f,f,f,f,f,f,f,f,f,f,f,f,f,f,f,f,f,ROBERT T DUNN,289025.00,MARK A JOB,251205.00,JAMES O CRUICKSHANK,262071.00,GRAHAM C WILEY,301837.00,PATRICK J HAUSER,260673.00,https://www.usaspending.gov/award/CONT_AWD_W911QY21C0028_9700_-NONE-_-NONE-/,2022-10-27 16:08:21+00
CONT_AWD_W911QY21C0056_9700_-NONE-_-NONE-,W911QY21C0056,,,,,,,,,618000.00,,618000.00,618000.00,2021-02-12,2021,2021-04-20,2021,2021-02-12,2021-08-10,2021-08-10 00:00:00,,2021-01-05,097,Department of Defense,2100,Department of the Army,W911QY,W6QK ACC-APG NATICK,097,Department of Defense,2100,Department of the Army,W80M26,W4HP ACTV SPECIAL PROJECTS SPT,,,,,X,NOT APPLICABLE,,,E13DDH4J49T8,076820937,PATRIOS LLC,"PATRIOS, LLC",,8G3Z4,E13DDH4J49T8,076820937,PATRIOS LLC,PATRIOS  LLC,USA,UNITED STATES,775 CONNELL RD,,CARTHAGE,37125,MOORE,37,NC,NORTH CAROLINA,283277971,NC-08,NC-09,9107241402,,USA,UNITED STATES,CARTHAGE,37125,MOORE,37,NC,NORTH CAROLINA,283277971,NC-08,NC-09,AWARD,D,DEFINITIVE CONTRACT,,,,,,,J,FIRM FIXED PRICE,PATRIOS AMAROK UGV,,1,,,2305,GROUND EFFECT VEHICLES,H,NOT BUNDLED,A4B,NON-COMBAT VEHICLES,336411,AIRCRAFT MANUFACTURING,C,NO CLAUSES INCLUDED AND NO SUSTAINABILITY INCLUDED,A,U.S. OWNED BUSINESS,000,NONE,Z,NOT IT PRODUCTS OR SERVICES,A,MEETS REQUIREMENTS,USA,UNITED STATES,D,MFG IN U.S.,B,PLAN NOT REQUIRED,C,NOT COMPETED,SSS,ONLY ONE SOURCE,NONE,NO SET ASIDE USED.,NONE,NO PREFERENCE USED,,,,,NS,NATIONAL SECURITY (FAR 6.302-6),1,D,COMMERCIAL ITEM PROCEDURES NOT USED,f,N,NO,N,NO,X,NOT APPLICABLE,N,NO,0.00,N,NO,X,NOT APPLICABLE,X,NOT APPLICABLE,X,NOT APPLICABLE,X,NOT APPLICABLE,,,,,,,,NONE,NONE,N,NO,X,NOT APPLICABLE EXEMPT FROM CAS,N,TRANSACTION DOES NOT USE GFE/GFP,U,UNKNOWN,D,NOT CONSOLIDATED,X,NOT APPLICABLE,N,NO,Z,NOT APPLICABLE,N,NO,X,NOT APPLICABLE,f,f,f,f,f,t,t,f,f,f,f,f,f,f,f,f,f,f,f,SMALL BUSINESS,S,f,f,f,f,f,f,f,f,f,f,f,f,f,f,f,f,f,SOLE PROPRIETORSHIP,f,f,f,t,f,f,f,f,f,f,f,f,t,f,f,f,f,t,f,f,f,f,f,f,f,f,t,f,t,f,f,f,f,f,f,f,f,f,f,f,f,f,f,f,f,t,f,f,f,f,,,,,,,,,,,https://www.usaspending.gov/award/CONT_AWD_W911QY21C0056_9700_-NONE-_-NONE-/,2021-04-20 09:24:51+00
CONT_AWD_W911SD21C0002_9700_-NONE-_-NONE-,W911SD21C0002,,,,,,,,,1427192.00,,1427192.00,1784794.00,2021-04-16,2021,2021-04-16,2021,2021-04-14,2021-09-30,2021-09-30 00:00:00,,2021-02-11,097,Department of Defense,2100,Department of the Army,W911SD,W6QM MICC-WEST POINT,097,Department of Defense,2100,Department of the Army,W16XYA,W1FB US MILITARY ACADEMY,,,,,X,NOT APPLICABLE,,,E1ALARMPA2A9,058299147,COLT RENTALS LLC,PAULIN PHOTOGRAPHY LLC,,8KTM7,E1ALARMPA2A9,058299147,COLT RENTALS LLC,PAULIN PHOTOGRAPHY LLC,USA,UNITED STATES,2205 CUMBERNAULD CIR W,,GERMANTOWN,47157,SHELBY,47,TN,TENNESSEE,381395309,TN-08,TN-08,9016348954,,USA,UNITED STATES,WEST POINT,36071,ORANGE,36,NY,NEW YORK,109960006,NY-18,NY-18,AWARD,D,DEFINITIVE CONTRACT,,,,,,,J,FIRM FIXED PRICE,BILLETING/LODGING,W911SD21R0055,1,OT,OTHER FUNCTIONS,N099,INSTALLATION OF EQUIPMENT- MISCELLANEOUS,H,NOT BUNDLED,S1,SERVICES,532490,OTHER COMMERCIAL AND INDUSTRIAL MACHINERY AND EQUIPMENT RENTAL AND LEASING,C,NO CLAUSES INCLUDED AND NO SUSTAINABILITY INCLUDED,A,U.S. OWNED BUSINESS,000,NONE,Z,NOT IT PRODUCTS OR SERVICES,A,MEETS REQUIREMENTS,USA,UNITED STATES,C,NOT A MANUFACTURED END PRODUCT,B,PLAN NOT REQUIRED,F,COMPETED UNDER SAP,SP1,SIMPLIFIED ACQUISITION,SBA,SMALL BUSINESS SET ASIDE - TOTAL,NONE,NO PREFERENCE USED,,,,,,,2,A,COMMERCIAL ITEM,f,N,NO,N,NO,Y,YES,N,NO,0.00,N,NO,X,NOT APPLICABLE,X,NOT APPLICABLE,X,NOT APPLICABLE,X,NOT APPLICABLE,,,,,,,,NONE,NONE,N,NO,X,NOT APPLICABLE EXEMPT FROM CAS,N,TRANSACTION DOES NOT USE GFE/GFP,U,UNKNOWN,D,NOT CONSOLIDATED,N,NO - SERVICE WHERE PBA IS NOT USED.,N,NO,Z,NOT APPLICABLE,N,NO,X,NOT APPLICABLE,f,f,f,f,f,f,f,t,t,t,f,f,t,f,f,f,t,f,f,SMALL BUSINESS,S,f,f,f,f,f,f,f,f,f,f,f,f,f,f,f,f,f,SOLE PROPRIETORSHIP,f,f,f,t,f,f,f,f,f,f,f,f,f,f,f,f,f,t,f,f,f,f,f,f,f,f,t,f,t,f,f,f,f,f,f,f,f,f,f,f,f,f,f,f,f,t,f,f,f,f,,,,,,,,,,,https://www.usaspending.gov/award/CONT_AWD_W911SD21C0002_9700_-NONE-_-NONE-/,2022-02-24 15:27:49+00
CONT_AWD_W911SG20C0026_9700_-NONE-_-NONE-,W911SG20C0026,,,,N: Emergency P.L. 116-136,0,1163464.80,,,232692.96,0.00,232692.96,232692.96,2020-09-02,2020,2021-04-23,2021,2020-09-01,2021-05-31,2021-05-31 00:00:00,,,097,Department of Defense,2100,Department of the Army,W911SG,W6QM MICC-FT BLISS,097,Department of Defense,2100,Department of the Army,W45C21,W6CL USAG FMWR,021-2020/2020-2020-000,021-2020,25.4: Operation and maintenance of facilities,OPTN: FIELD IS OPTIONAL PRIOR TO FY21,X,NOT APPLICABLE,,,XL4TJCBJ3D95,832284249,"SUNTECH MECHANICAL, INC","SUNTECH MECHANICAL, INC.",,5R4Y6,XL4TJCBJ3D95,832284249,"SUNTECH MECHANICAL, INC",SUNTECH MECHANICAL  INC.,USA,UNITED STATES,7505 ALAMEDA AVE,,EL PASO,48141,EL PASO,48,TX,TEXAS,799153713,TX-16,TX-16,9518592808,9158594441,USA,UNITED STATES,EL PASO,48141,EL PASO,48,TX,TEXAS,799060001,TX-16,TX-16,AWARD,D,DEFINITIVE CONTRACT,,,,,,,J,FIRM FIXED PRICE,BLDG 10188 CHILLER REPLACEMENT,W911SG20R0067,1,OT,OTHER FUNCTIONS,Z2EZ,REPAIR OR ALTERATION OF OTHER INDUSTRIAL BUILDINGS,H,NOT BUNDLED,C9E,ALL OTHERS NOT IDENTIFIABLE TO ANY OTHER PROCUREMENT PROGRAM,238220,"PLUMBING, HEATING, AND AIR-CONDITIONING CONTRACTORS",C,NO CLAUSES INCLUDED AND NO SUSTAINABILITY INCLUDED,A,U.S. OWNED BUSINESS,000,NONE,Z,NOT IT PRODUCTS OR SERVICES,E,NOT REQUIRED,USA,UNITED STATES,C,NOT A MANUFACTURED END PRODUCT,B,PLAN NOT REQUIRED,C,NOT COMPETED,SSS,ONLY ONE SOURCE,NONE,NO SET ASIDE USED.,NONE,NO PREFERENCE USED,,,,,ONE,ONLY ONE SOURCE-OTHER (FAR 6.302-1 OTHER),1,D,COMMERCIAL ITEM PROCEDURES NOT USED,f,N,NO,N,NO,X,NOT APPLICABLE,N,NO,0.00,N,NO,X,NOT APPLICABLE,X,NOT APPLICABLE,X,NOT APPLICABLE,X,NOT APPLICABLE,,,,,,,,NONE,NONE,N,NO,X,NOT APPLICABLE EXEMPT FROM CAS,N,TRANSACTION DOES NOT USE GFE/GFP,N,NO,D,NOT CONSOLIDATED,N,NO - SERVICE WHERE PBA IS NOT USED.,N,NO,A,FAR 52.232-16 PROGRESS PAYMENTS,N,NO,X,NOT APPLICABLE,f,f,f,f,f,f,f,t,t,t,f,f,f,f,f,f,t,f,f,SMALL BUSINESS,S,f,f,f,f,f,f,f,f,f,f,f,f,f,f,f,f,f,CORPORATE NOT TAX EXEMPT,t,f,f,f,f,f,f,f,f,f,f,f,f,f,f,f,f,t,f,f,f,f,f,f,f,f,f,f,t,f,f,f,f,f,f,f,f,f,f,f,f,f,f,f,f,f,f,t,t,f,,,,,,,,,,,https://www.usaspending.gov/award/CONT_AWD_W911SG20C0026_9700_-NONE-_-NONE-/,2021-04-23 18:36:01+00
CONT_AWD_W911SG20C0033_9700_-NONE-_-NONE-,W911SG20C0033,,,,,,,,,98230.00,,98230.00,98230.00,2020-09-12,2020,2021-04-19,2021,2020-09-14,2021-06-01,2021-06-01 00:00:00,,2020-08-26,097,Department of Defense,2100,Department of the Army,W911SG,W6QM MICC-FT BLISS,097,Department of Defense,2100,Department of the Army,W45C21,W6CL USAG FMWR,,,,,X,NOT APPLICABLE,,,CWBBTJLJJM54,106269736,"ACCESS COMMUNICATIONS GROUP, LLC","ACCESS COMMUNICATIONS GROUP, LLC",,1VCH6,CWBBTJLJJM54,106269736,"ACCESS COMMUNICATIONS GROUP, LLC",ACCESS COMMUNICATIONS GROUP LP,USA,UNITED STATES,2017 TEXAS AVE,,EL PASO,48141,EL PASO,48,TX,TEXAS,799011968,TX-16,TX-16,9158450007,9155651717,USA,UNITED STATES,FORT BLISS,48141,EL PASO,48,TX,TEXAS,799163801,TX-16,TX-16,AWARD,D,DEFINITIVE CONTRACT,,,,,,,J,FIRM FIXED PRICE,INSTALL TRAFFIC LIGHT SENSOR,W911SG20R0038,1,OT,OTHER FUNCTIONS,Z2GZ,REPAIR OR ALTERATION OF OTHER WAREHOUSE BUILDINGS,H,NOT BUNDLED,C2,CONSTRUCTION,238210,ELECTRICAL CONTRACTORS AND OTHER WIRING INSTALLATION CONTRACTORS,C,NO CLAUSES INCLUDED AND NO SUSTAINABILITY INCLUDED,A,U.S. OWNED BUSINESS,000,NONE,Z,NOT IT PRODUCTS OR SERVICES,E,NOT REQUIRED,USA,UNITED STATES,C,NOT A MANUFACTURED END PRODUCT,B,PLAN NOT REQUIRED,D,FULL AND OPEN COMPETITION AFTER EXCLUSION OF SOURCES,NP,NEGOTIATED PROPOSAL/QUOTE,8A,8A COMPETED,NONE,NO PREFERENCE USED,,,,,,,1,A,COMMERCIAL ITEM,f,N,NO,N,NO,X,NOT APPLICABLE,N,NO,0.00,N,NO,N,NO,Y,YES,Y,YES,X,NOT APPLICABLE,,,,,,,,NONE,NONE,N,NO,X,NOT APPLICABLE EXEMPT FROM CAS,N,TRANSACTION DOES NOT USE GFE/GFP,U,UNKNOWN,D,NOT CONSOLIDATED,N,NO - SERVICE WHERE PBA IS NOT USED.,N,NO,A,FAR 52.232-16 PROGRESS PAYMENTS,N,NO,X,NOT APPLICABLE,f,f,f,f,f,f,f,t,t,f,f,f,f,f,f,f,t,f,f,SMALL BUSINESS,S,f,f,f,f,f,f,f,f,f,f,f,f,f,f,f,f,f,CORPORATE NOT TAX EXEMPT,t,f,f,f,f,f,f,f,f,f,f,f,f,f,f,f,f,t,f,f,f,f,f,f,f,f,f,f,t,f,f,f,f,f,f,f,f,f,f,f,f,f,f,f,f,t,f,t,t,f,,,,,,,,,,,https://www.usaspending.gov/award/CONT_AWD_W911SG20C0033_9700_-NONE-_-NONE-/,2021-04-19 10:55:16+00
CONT_AWD_W9123819C0016_9700_-NONE-_-NONE-,W9123819C0016,,,,,,,,,546073.38,,546073.38,546073.38,2019-06-11,2019,2021-04-22,2021,2019-06-05,2020-10-20,2020-10-20 00:00:00,,2018-08-10,097,Department of Defense,2100,Department of the Army,W91238,W075 ENDIST SACRAMENTO,097,Department of Defense,2100,Department of the Army,W91238,W075 ENDIST SACRAMENTO,,,,,X,NOT APPLICABLE,,,GPGGLWNXJE13,829556518,S.T.RHOADES CONSTRUCTION INCORPORATED,S.T. RHOADES CONSTRUCTION INCORPORATED,,5BLA3,GPGGLWNXJE13,829556518,S.T.RHOADES CONSTRUCTION INCORPORATED,S.T. RHOADES CONSTRUCTION INCORPORATED,USA,UNITED STATES,8585 COMMERCIAL WAY,,REDDING,06089,SHASTA,06,CA,CALIFORNIA,960023902,CA-01,CA-01,5302239322,5302239222,USA,UNITED STATES,COLUSA,06011,COLUSA,06,CA,CALIFORNIA,959320003,CA-03,CA-01,AWARD,D,DEFINITIVE CONTRACT,,,,,,,J,FIRM FIXED PRICE,COLUSA SITE 0544-13 LEVEE REPAIR,W9123818R0088,1,OT,OTHER FUNCTIONS,Y1LC,CONSTRUCTION OF TUNNELS AND SUBSURFACE STRUCTURES,H,NOT BUNDLED,C2,CONSTRUCTION,237990,OTHER HEAVY AND CIVIL ENGINEERING CONSTRUCTION,C,NO CLAUSES INCLUDED AND NO SUSTAINABILITY INCLUDED,A,U.S. OWNED BUSINESS,000,NONE,Z,NOT IT PRODUCTS OR SERVICES,E,NOT REQUIRED,USA,UNITED STATES,C,NOT A MANUFACTURED END PRODUCT,B,PLAN NOT REQUIRED,B,NOT AVAILABLE FOR COMPETITION,SSS,ONLY ONE SOURCE,8AN,8(A) SOLE SOURCE,NONE,NO PREFERENCE USED,,,,,OTH,AUTHORIZED BY STATUTE (FAR 6.302-5(A)(2)(I)),1,D,COMMERCIAL ITEM PROCEDURES NOT USED,f,N,NO,N,NO,X,NOT APPLICABLE,N,NO,0.00,N,NO,X,NOT APPLICABLE,X,NOT APPLICABLE,Y,YES,X,NOT APPLICABLE,,,,,,,,NONE,NONE,N,NO,X,NOT APPLICABLE EXEMPT FROM CAS,N,TRANSACTION DOES NOT USE GFE/GFP,U,UNKNOWN,D,NOT CONSOLIDATED,N,NO - SERVICE WHERE PBA IS NOT USED.,N,NO,C,PERCENTAGE OF COMPLETION PROGRESS PAYMENTS,N,NO,X,NOT APPLICABLE,f,t,t,f,f,f,f,f,f,f,f,f,t,f,f,f,f,t,f,SMALL BUSINESS,S,f,f,f,f,f,f,f,f,f,f,f,f,f,f,f,f,f,CORPORATE NOT TAX EXEMPT,t,f,f,f,f,f,f,f,f,f,f,f,f,f,f,f,f,t,f,f,f,f,f,f,f,f,f,f,t,f,f,f,f,f,f,f,f,f,f,f,f,f,f,f,t,t,f,t,f,f,,,,,,,,,,,https://www.usaspending.gov/award/CONT_AWD_W9123819C0016_9700_-NONE-_-NONE-/,2021-04-22 16:12:26+00
CONT_AWD_W9124916C0003_9700_-NONE-_-NONE-,W9124916C0003,,,,,,,,,8547295.53,,8547295.53,8547295.53,2016-03-02,2016,2021-04-19,2021,2016-03-02,2018-08-31,2018-08-31 00:00:00,,,097,Department of Defense,2100,Department of the Army,W91249,W6QM MICC-FT GORDON,097,Department of Defense,2100,Department of the Army,W589GE,W0U5 USA SIGNAL SCHOOL,,,,,X,NOT APPLICABLE,,,HLQ3LM8PUH72,806687120,SUCCEED TO LEAD LLC,"SUCCEED TO LEAD, LLC",,4VH21,HLQ3LM8PUH72,806687120,SUCCEED TO LEAD LLC,SUCCEED TO LEAD  LLC,USA,UNITED STATES,2525 POINTE CENTER CT STE 150,,DUMFRIES,51153,PRINCE WILLIAM,51,VA,VIRGINIA,220262280,VA-11,VA-07,7033981261,,USA,UNITED STATES,FORT GORDON,13245,RICHMOND,13,GA,GEORGIA,309055719,GA-12,GA-12,AWARD,D,DEFINITIVE CONTRACT,,,,,,,J,FIRM FIXED PRICE,IGF::CT::IGF IACYND SERVICES,W9124915R0013,1,CT,CRITICAL FUNCTIONS,R499,SUPPORT- PROFESSIONAL: OTHER,D,NOT A BUNDLED REQUIREMENT,S1,SERVICES,611430,PROFESSIONAL AND MANAGEMENT DEVELOPMENT TRAINING,C,NO CLAUSES INCLUDED AND NO SUSTAINABILITY INCLUDED,A,U.S. OWNED BUSINESS,000,NONE,Z,NOT IT PRODUCTS OR SERVICES,E,NOT REQUIRED,USA,UNITED STATES,C,NOT A MANUFACTURED END PRODUCT,B,PLAN NOT REQUIRED,F,COMPETED UNDER SAP,SP1,SIMPLIFIED ACQUISITION,8A,8A COMPETED,NONE,NO PREFERENCE USED,,,,,,,2,A,COMMERCIAL ITEM,f,Y,YES,N,NO,X,NOT APPLICABLE,N,NO,0.00,N,NO,N,NO,Y,YES,N,NO,X,NOT APPLICABLE,,,,,,,,NONE,NONE,N,NO,X,NOT APPLICABLE EXEMPT FROM CAS,N,TRANSACTION DOES NOT USE GFE/GFP,U,UNKNOWN,N,NO,Y,YES - SERVICE WHERE PBA IS USED.,N,NO,Z,NOT APPLICABLE,N,NO,X,NOT APPLICABLE,f,f,f,f,f,t,t,f,f,f,f,f,t,f,f,t,f,f,f,SMALL BUSINESS,S,f,f,f,f,f,f,f,f,f,f,f,f,f,f,f,f,f,SOLE PROPRIETORSHIP,f,f,f,t,f,f,f,f,f,f,f,f,f,f,f,f,f,t,f,f,f,f,f,f,f,f,t,f,t,f,f,f,f,f,f,f,f,f,f,f,f,f,f,f,t,t,f,t,f,f,,,,,,,,,,,https://www.usaspending.gov/award/CONT_AWD_W9124916C0003_9700_-NONE-_-NONE-/,2021-04-19 10:06:43+00
CONT_AWD_W9124C20C0002_9700_-NONE-_-NONE-,W9124C20C0002,,,,Q: Not Designated Nonemergency/Emergency/Disaster/Wildfire Suppression,,,,,441763.00,0.00,451751.00,451751.00,2019-12-30,2020,2021-04-23,2021,2019-12-26,2020-12-31,2020-12-31 00:00:00,,2019-12-05,097,Department of Defense,2100,Department of the Army,W9124C,W6QM MICC-FT JACKSON,097,Department of Defense,2100,Department of the Army,W90JUK,W6YM USALRCTR FT JACKSON,017-2020/2020-1804-000,017-1804,25.8: Subsistence and support of persons,0001: OPERATING FORCES,X,NOT APPLICABLE,,,F4ERKBG72MP7,127633035,ADJUTANT GENERAL OF SOUTH CAROLINA 218TH DINING FACILITY,218TH REGIMENT DINING FACILITY,,1SP02,NW2RJN8TQQW1,161906193,GOVERNMENT OF THE UNITED STATES,218TH REGIMENT DINING FACILITY,USA,UNITED STATES,5411 LESSBURG RD,,EASTOVER,45079,RICHLAND,45,SC,SOUTH CAROLINA,290449184,SC-02,SC-02,8032992203,8032992241,USA,UNITED STATES,COLUMBIA,45079,RICHLAND,45,SC,SOUTH CAROLINA,292070002,SC-02,SC-02,AWARD,D,DEFINITIVE CONTRACT,,,,,,,J,FIRM FIXED PRICE,SUPPORT OF NAVY PERSONNEL,W9124C20R0006,1,OT,OTHER FUNCTIONS,S203,HOUSEKEEPING- FOOD,H,NOT BUNDLED,S1,SERVICES,722310,FOOD SERVICE CONTRACTORS,C,NO CLAUSES INCLUDED AND NO SUSTAINABILITY INCLUDED,A,U.S. OWNED BUSINESS,000,NONE,Z,NOT IT PRODUCTS OR SERVICES,E,NOT REQUIRED,USA,UNITED STATES,C,NOT A MANUFACTURED END PRODUCT,B,PLAN NOT REQUIRED,C,NOT COMPETED,SSS,ONLY ONE SOURCE,NONE,NO SET ASIDE USED.,NONE,NO PREFERENCE USED,,,,,ONE,ONLY ONE SOURCE-OTHER (FAR 6.302-1 OTHER),1,A,COMMERCIAL ITEM,f,N,NO,N,NO,Y,YES,N,NO,0.00,N,NO,N,NO,N,NO,N,NO,X,NOT APPLICABLE,,,,,,,,NONE,NONE,N,NO,X,NOT APPLICABLE EXEMPT FROM CAS,N,TRANSACTION DOES NOT USE GFE/GFP,U,UNKNOWN,D,NOT CONSOLIDATED,Y,YES - SERVICE WHERE PBA IS USED.,N,NO,Z,NOT APPLICABLE,N,NO,X,NOT APPLICABLE,f,f,f,f,f,f,f,f,f,f,f,f,f,f,f,f,f,f,f,OTHER THAN SMALL BUSINESS,O,f,f,f,f,f,f,f,f,f,f,f,f,f,f,f,f,f,OTHER,f,f,f,f,f,f,f,f,f,f,f,f,f,f,f,f,f,t,f,f,f,f,f,f,f,f,f,f,f,f,t,f,f,f,f,f,f,f,f,f,f,f,f,f,f,f,f,f,f,f,,,,,,,,,,,https://www.usaspending.gov/award/CONT_AWD_W9124C20C0002_9700_-NONE-_-NONE-/,2021-04-23 13:22:17+00
CONT_AWD_W9124P16C0013_9700_-NONE-_-NONE-,W9124P16C0013,,,,Q: Not Designated Nonemergency/Emergency/Disaster/Wildfire Suppression,,,,,19388.00,0.00,19388.00,19388.00,2016-03-30,2016,2021-04-21,2021,2016-04-01,2021-03-31,2021-03-31 00:00:00,,,097,Department of Defense,2100,Department of the Army,W9124P,W6QK ACC-RSA,097,Department of Defense,2100,Department of the Army,W908RX,W0WF USAG REDSTONE ARSENAL,021-2019/2019-2020-000,021-2020,25.4: Operation and maintenance of facilities,OPTN: FIELD IS OPTIONAL PRIOR TO FY21,X,NOT APPLICABLE,,,U42UGTCBM468,968685750,"THE ROBERTS GROUP, INC.","ROBERTS GROUP, INC., THE",,1MGV1,U42UGTCBM468,968685750,"THE ROBERTS GROUP, INC.",ROBERTS GROUP  INC.  THE,USA,UNITED STATES,275 QUALITY CIRCLE NW,,HUNTSVILLE,01089,MADISON,01,AL,ALABAMA,358064558,AL-05,AL-05,2569221114,2569229798,USA,UNITED STATES,HUNTSVILLE,01089,MADISON,01,AL,ALABAMA,358980001,AL-05,AL-05,AWARD,D,DEFINITIVE CONTRACT,,,,,,,J,FIRM FIXED PRICE,IGF::CL::IGF BASE YEAR FIVE GALLON BOTTLED WATER,W9124P16T9564,1,,,8960,"BEVERAGES, NONALCOHOLIC",D,NOT A BUNDLED REQUIREMENT,B2,SUBSISTENCE,312112,BOTTLED WATER MANUFACTURING,C,NO CLAUSES INCLUDED AND NO SUSTAINABILITY INCLUDED,A,U.S. OWNED BUSINESS,000,NONE,Z,NOT IT PRODUCTS OR SERVICES,A,MEETS REQUIREMENTS,USA,UNITED STATES,C,NOT A MANUFACTURED END PRODUCT,B,PLAN NOT REQUIRED,F,COMPETED UNDER SAP,SP1,SIMPLIFIED ACQUISITION,NONE,NO SET ASIDE USED.,NONE,NO PREFERENCE USED,,,,,,,4,A,COMMERCIAL ITEM,f,N,NO,N,NO,X,NOT APPLICABLE,N,NO,0.00,N,NO,X,NOT APPLICABLE,X,NOT APPLICABLE,X,NOT APPLICABLE,X,NOT APPLICABLE,,,,,,,,NONE,NONE,N,NO,X,NOT APPLICABLE EXEMPT FROM CAS,N,TRANSACTION DOES NOT USE GFE/GFP,U,UNKNOWN,N,NO,X,NOT APPLICABLE,N,NO,Z,NOT APPLICABLE,N,NO,X,NOT APPLICABLE,f,f,f,f,f,f,f,t,f,f,f,f,f,f,f,f,f,f,f,OTHER THAN SMALL BUSINESS,O,f,f,f,f,f,f,f,f,f,f,f,f,f,f,f,f,f,OTHER,f,f,f,f,f,f,f,f,f,f,f,f,f,f,f,f,f,t,f,f,f,f,f,f,f,t,f,f,t,f,f,f,f,f,f,f,f,f,f,f,f,f,f,f,f,f,f,f,f,f,,,,,,,,,,,https://www.usaspending.gov/award/CONT_AWD_W9124P16C0013_9700_-NONE-_-NONE-/,2021-04-21 13:25:41+00
CONT_AWD_W9126G12C0051_9700_-NONE-_-NONE-,W9126G12C0051,,,,,,,,,106082207.56,,106082207.56,106082207.56,2012-09-21,2012,2021-04-22,2021,2012-09-21,2016-08-19,2016-08-19 00:00:00,,,097,Department of Defense,2100,Department of the Army,W9126G,W076 ENDIST FT WORTH,097,Department of Defense,2100,Department of the Army,W9126G,W076 ENDIST FT WORTH,,,,,X,NOT APPLICABLE,,,HB1KT33XMB99,829425615,SKANSKA USA BUILDING INC,SKANSKA USA BUILDING INC.,,5B6D0,JG8RJDLBC4W5,353937956,SKANSKA AB,SKANSKA USA BUILDING INC.,USA,UNITED STATES,18615 TUSCANY STONE STE 245,,SAN ANTONIO,48029,BEXAR,48,TX,TEXAS,782583504,TX-21,TX-21,2103017102,8666858534,USA,UNITED STATES,JBSA LACKLAND,48029,BEXAR,48,TX,TEXAS,782365504,TX-20,TX-23,AWARD,D,DEFINITIVE CONTRACT,,,,,,,J,FIRM FIXED PRICE,"IGF::OT::IGF CONSTRUCTION OF LACKLAND AMBULATORY CARE CENTER PHASE 3 (THREE) REPLACEMENT OF OLD WILFORD HALL HOSP ON LACKLAND AIR FORCE BASE, SAN ANTONIO, TEXAS.",W9126G12R0038,1,OT,OTHER FUNCTIONS,Y1DA,CONSTRUCTION OF HOSPITALS AND INFIRMARIES,D,NOT A BUNDLED REQUIREMENT,C2,CONSTRUCTION,236220,COMMERCIAL AND INSTITUTIONAL BUILDING CONSTRUCTION,G,FAR 52.223-4 & ENERGY EFFICIENT,A,U.S. OWNED BUSINESS,000,NONE,Z,NOT IT PRODUCTS OR SERVICES,A,MEETS REQUIREMENTS,USA,UNITED STATES,C,NOT A MANUFACTURED END PRODUCT,C,PLAN REQUIRED - INCENTIVE NOT INCLUDED,A,FULL AND OPEN COMPETITION,NP,NEGOTIATED PROPOSAL/QUOTE,NONE,NO SET ASIDE USED.,NONE,NO PREFERENCE USED,,,,,,,6,D,COMMERCIAL ITEM PROCEDURES NOT USED,f,N,NO,N,NO,Y,YES,N,NO,0.00,N,NO,N,NO,N,NO,Y,YES,X,NOT APPLICABLE,,,,,,,,NONE,NONE,N,NO,X,NOT APPLICABLE EXEMPT FROM CAS,N,TRANSACTION DOES NOT USE GFE/GFP,N,NO,N,NO,N,NO - SERVICE WHERE PBA IS NOT USED.,N,NO,A,FAR 52.232-16 PROGRESS PAYMENTS,N,NO,X,NOT APPLICABLE,f,f,f,f,f,f,f,f,f,f,f,f,f,f,f,f,f,f,f,OTHER THAN SMALL BUSINESS,O,f,f,f,f,f,f,f,f,f,f,f,f,f,f,f,f,f,CORPORATE NOT TAX EXEMPT,t,f,f,f,f,f,f,f,f,f,f,f,f,f,f,f,f,t,f,f,f,f,f,f,f,f,f,f,t,f,f,f,f,f,f,f,f,f,f,f,f,f,f,f,f,f,f,f,f,f,,,,,,,,,,,https://www.usaspending.gov/award/CONT_AWD_W9126G12C0051_9700_-NONE-_-NONE-/,2021-04-26 09:36:13+00
CONT_AWD_W9126G17C0042_9700_-NONE-_-NONE-,W9126G17C0042,,,,Q: Not Designated Nonemergency/Emergency/Disaster/Wildfire Suppression,,,,,58187019.00,573650.00,58273171.00,58566171.00,2017-06-16,2017,2021-04-16,2021,2017-06-16,2020-02-27,2020-02-27 00:00:00,,,097,Department of Defense,2100,Department of the Army,W9126G,W076 ENDIST FT WORTH,097,Department of Defense,2100,Department of the Army,W9126G,W076 ENDIST FT WORTH,021-2013/2017-2050-000;021-2015/2019-2050-000,021-2050,32.0: Land and structures,0001: MAJOR CONSTRUCTION;OPTN: FIELD IS OPTIONAL PRIOR TO FY21,X,NOT APPLICABLE,,,WK4HR1WSMJR1,106717353,"CERRIS BUILDERS, INC","MW BUILDERS, INC.",,1X1K3,MDZQUDZPLUG3,622211712,MMC CORP,MMC CORP,USA,UNITED STATES,1701 N GENERAL BRUCE DR,,TEMPLE,48027,BELL,48,TX,TEXAS,765042474,TX-10,TX-31,2547784241,2547789492,USA,UNITED STATES,FORT HOOD,48099,CORYELL,48,TX,TEXAS,765441004,TX-25,TX-31,AWARD,D,DEFINITIVE CONTRACT,,,,,,,J,FIRM FIXED PRICE,"IGF::OT::IGF   CONSTRUCTION OF MISSION TRAINING CENTER (MTC) SIMULATION CENTER, FORT HOOD, TEXAS",W9126G17R0008,1,OT,OTHER FUNCTIONS,Y1JZ,CONSTRUCTION OF MISCELLANEOUS BUILDINGS,H,NOT BUNDLED,C2,CONSTRUCTION,236220,COMMERCIAL AND INSTITUTIONAL BUILDING CONSTRUCTION,L,FAR 52.223-4 & BIO-BASED & ENERGY EFFICIENT & ENVIRONMENTALLY PREFERABLE,A,U.S. OWNED BUSINESS,000,NONE,Z,NOT IT PRODUCTS OR SERVICES,A,MEETS REQUIREMENTS,USA,UNITED STATES,C,NOT A MANUFACTURED END PRODUCT,F,INDIVIDUAL SUBCONTRACT PLAN,A,FULL AND OPEN COMPETITION,TS,TWO STEP,NONE,NO SET ASIDE USED.,NONE,NO PREFERENCE USED,,,,,,,4,D,COMMERCIAL ITEM PROCEDURES NOT USED,f,N,NO,N,NO,Y,YES,N,NO,0.00,N,NO,N,NO,N,NO,Y,YES,X,NOT APPLICABLE,,,,,,,,NONE,NONE,N,NO,X,NOT APPLICABLE EXEMPT FROM CAS,N,TRANSACTION DOES NOT USE GFE/GFP,U,UNKNOWN,D,NOT CONSOLIDATED,N,NO - SERVICE WHERE PBA IS NOT USED.,N,NO,C,PERCENTAGE OF COMPLETION PROGRESS PAYMENTS,N,NO,X,NOT APPLICABLE,f,f,f,f,f,f,f,f,f,f,f,f,f,f,f,f,f,f,f,OTHER THAN SMALL BUSINESS,O,f,f,f,f,f,f,f,f,f,f,f,f,f,f,f,f,f,CORPORATE NOT TAX EXEMPT,t,f,f,f,f,f,f,f,f,f,f,f,f,f,f,f,f,t,f,f,f,f,f,f,f,f,f,f,t,f,f,f,f,f,f,f,f,f,f,f,f,f,f,f,f,f,f,f,f,f,,,,,,,,,,,https://www.usaspending.gov/award/CONT_AWD_W9126G17C0042_9700_-NONE-_-NONE-/,2021-04-16 17:00:35+00
CONT_AWD_W9126G19C0020_9700_-NONE-_-NONE-,W9126G19C0020,,,,Q: Not Designated Nonemergency/Emergency/Disaster/Wildfire Suppression,,,,,23433613.72,1022884.36,23433613.72,23433613.72,2019-03-08,2019,2021-04-21,2021,2019-03-01,2021-06-20,2021-06-20 00:00:00,,2018-11-09,097,Department of Defense,2100,Department of the Army,W9126G,W076 ENDIST FT WORTH,097,Department of Defense,2100,Department of the Army,W9126G,W076 ENDIST FT WORTH,021-2015/2019-2050-000;021-2019/2023-2050-000,021-2050,32.0: Land and structures,0001: MAJOR CONSTRUCTION;OPTN: FIELD IS OPTIONAL PRIOR TO FY21,X,NOT APPLICABLE,,,UHTNLFP5SV56,007053473,CAROTHERS CONSTRUCTION INC,"CAROTHERS CONSTRUCTION, INC.",,0DX92,UHTNLFP5SV56,007053473,CAROTHERS CONSTRUCTION INC,CAROTHERS CONSTRUCTION  INC.,USA,UNITED STATES,31 HIGHWAY 328,,OXFORD,28071,LAFAYETTE,28,MS,MISSISSIPPI,386559612,MS-01,MS-01,6625138820,6625138820,USA,UNITED STATES,EL PASO,48141,EL PASO,48,TX,TEXAS,799064608,TX-16,TX-16,AWARD,D,DEFINITIVE CONTRACT,,,,,,,J,FIRM FIXED PRICE,"CONSTRUCT A SUPPLY SUPPORT ACTIVITY WAREHOUSE COMPLEX, FORT BLISS, TEXAS",W9126G19R0001,1,OT,OTHER FUNCTIONS,Y1GZ,CONSTRUCTION OF OTHER WAREHOUSE BUILDINGS,H,NOT BUNDLED,C2,CONSTRUCTION,236220,COMMERCIAL AND INSTITUTIONAL BUILDING CONSTRUCTION,G,FAR 52.223-4 & ENERGY EFFICIENT,A,U.S. OWNED BUSINESS,000,NONE,Z,NOT IT PRODUCTS OR SERVICES,A,MEETS REQUIREMENTS,USA,UNITED STATES,C,NOT A MANUFACTURED END PRODUCT,F,INDIVIDUAL SUBCONTRACT PLAN,A,FULL AND OPEN COMPETITION,NP,NEGOTIATED PROPOSAL/QUOTE,NONE,NO SET ASIDE USED.,NONE,NO PREFERENCE USED,,,,,,,4,D,COMMERCIAL ITEM PROCEDURES NOT USED,f,N,NO,N,NO,Y,YES,N,NO,0.00,N,NO,N,NO,N,NO,Y,YES,X,NOT APPLICABLE,,,,,,,,NONE,NONE,N,NO,X,NOT APPLICABLE EXEMPT FROM CAS,N,TRANSACTION DOES NOT USE GFE/GFP,U,UNKNOWN,D,NOT CONSOLIDATED,N,NO - SERVICE WHERE PBA IS NOT USED.,N,NO,C,PERCENTAGE OF COMPLETION PROGRESS PAYMENTS,N,NO,X,NOT APPLICABLE,f,f,f,f,f,f,f,f,f,f,f,f,f,f,f,f,f,f,f,OTHER THAN SMALL BUSINESS,O,f,f,f,f,f,f,f,f,f,f,f,f,f,f,f,f,f,CORPORATE NOT TAX EXEMPT,t,f,f,f,f,f,f,f,f,f,f,f,f,f,f,f,f,t,f,f,f,f,f,f,f,f,f,f,t,f,f,f,f,f,f,f,f,f,f,f,f,f,f,f,f,f,f,f,f,f,BENJAMIN D LOGAN,397737.00,SHELBY E HARRISON,188426.00,"WILLIE A WILLSON, II",145757.00,STEVE E TORRES,144445.00,CHRISTOPHER R BOGGS,141594.00,https://www.usaspending.gov/award/CONT_AWD_W9126G19C0020_9700_-NONE-_-NONE-/,2021-04-21 12:31:58+00
CONT_AWD_W9126G20C0600_9700_-NONE-_-NONE-,W9126G20C0600,,,,E: Emergency P.L. 116-20;Q: Not Designated Nonemergency/Emergency/Disaster/Wildfire Suppression,,,,,1548418.94,0.00,1548418.94,1548418.94,2020-09-30,2020,2021-04-20,2021,2020-09-30,2021-04-22,2021-04-22 00:00:00,,2020-09-20,097,Department of Defense,2100,Department of the Army,W9126G,W076 ENDIST FT WORTH,096,Corps of Engineers - Civil Works,96CE,U.S. Army Corps of Engineers - Civil Program Financing Only,966501,,096-X-3125-000,096-3125,32.0: Land and structures,0006: EMERGENCY MANAGEMENT,X,NOT APPLICABLE,,,EQUGGRN48HG5,962375254,"PONTCHARTRAIN PARTNERS, LLC","PONTCHARTRAIN PARTNERS, LLC",,62HX9,EQUGGRN48HG5,962375254,"PONTCHARTRAIN PARTNERS, LLC",PONTCHARTRAIN PARTNERS  LLC,USA,UNITED STATES,739 S CLARK ST,,NEW ORLEANS,22071,ORLEANS,22,LA,LOUISIANA,701197009,LA-02,LA-02,5048723199,5047547826,USA,UNITED STATES,COMMERCE,48119,DELTA,48,TX,TEXAS,754287122,TX-04,TX-04,AWARD,D,DEFINITIVE CONTRACT,,,,,,,J,FIRM FIXED PRICE,CON1050-LEVEE REHAB&CONST PH2 [470064],W9126G20R0109,1,OT,OTHER FUNCTIONS,Z1KA,MAINTENANCE OF DAMS,H,NOT BUNDLED,C2,CONSTRUCTION,237990,OTHER HEAVY AND CIVIL ENGINEERING CONSTRUCTION,F,ENVIRONMENTALLY PREFERABLE,A,U.S. OWNED BUSINESS,000,NONE,Z,NOT IT PRODUCTS OR SERVICES,A,MEETS REQUIREMENTS,USA,UNITED STATES,C,NOT A MANUFACTURED END PRODUCT,B,PLAN NOT REQUIRED,B,NOT AVAILABLE FOR COMPETITION,SSS,ONLY ONE SOURCE,8AN,8(A) SOLE SOURCE,NONE,NO PREFERENCE USED,,,,,OTH,AUTHORIZED BY STATUTE (FAR 6.302-5(A)(2)(I)),1,D,COMMERCIAL ITEM PROCEDURES NOT USED,f,N,NO,N,NO,Y,YES,N,NO,0.00,N,NO,Y,YES,X,NOT APPLICABLE,Y,YES,X,NOT APPLICABLE,,,,,,,,NONE,NONE,N,NO,X,NOT APPLICABLE EXEMPT FROM CAS,N,TRANSACTION DOES NOT USE GFE/GFP,U,UNKNOWN,D,NOT CONSOLIDATED,N,NO - SERVICE WHERE PBA IS NOT USED.,N,NO,Z,NOT APPLICABLE,N,NO,X,NOT APPLICABLE,f,f,f,f,f,t,t,f,f,f,f,f,t,f,f,t,f,f,f,SMALL BUSINESS,S,f,f,f,f,f,f,f,f,f,f,f,f,f,f,f,f,f,PARTNERSHIP,f,f,t,f,f,f,f,f,f,f,f,f,f,f,f,f,f,t,f,f,f,f,f,f,f,f,t,f,t,f,f,f,f,f,f,f,f,f,f,f,f,f,f,f,f,t,f,t,t,f,,,,,,,,,,,https://www.usaspending.gov/award/CONT_AWD_W9126G20C0600_9700_-NONE-_-NONE-/,2021-04-20 08:42:29+00
CONT_AWD_W9127819C0040_9700_-NONE-_-NONE-,W9127819C0040,,,,Q: Not Designated Nonemergency/Emergency/Disaster/Wildfire Suppression,,,,,9109615.40,0.00,9109615.40,9109615.40,2019-09-30,2019,2021-04-19,2021,2019-09-30,2021-10-11,2021-10-11 00:00:00,,2019-08-19,097,Department of Defense,2100,Department of the Army,W91278,W074 ENDIST MOBILE,097,Department of Defense,97AD,Immediate Office of the Secretary of Defense,HQ0143,AFNORTH ISRD ISRO,021-2019/2023-2050-000,021-2050,32.0: Land and structures,0001: MAJOR CONSTRUCTION,X,NOT APPLICABLE,,,KW2RL9X5L5C4,025935937,"MACHIS MID-ATLANTIC, INC.","MACHIS MID-ATLANTIC, INC",,67CP6,KW2RL9X5L5C4,025935937,"MACHIS MID-ATLANTIC, INC.",MACHIS MID-ATLANTIC  INC.,USA,UNITED STATES,7383 OLD ALEXANDER FERRY RD,,CLINTON,24033,PRINCE GEORGE'S,24,MD,MARYLAND,207351832,MD-05,MD-05,3018684429,,USA,UNITED STATES,PANAMA CITY,12005,BAY,12,FL,FLORIDA,324030007,FL-02,FL-02,AWARD,D,DEFINITIVE CONTRACT,,,,,,,J,FIRM FIXED PRICE,"RENO DEFAC B 1690 TYNDALL  AFB, FL",W9127819R0102,1,OT,OTHER FUNCTIONS,Y1JZ,CONSTRUCTION OF MISCELLANEOUS BUILDINGS,H,NOT BUNDLED,C2,CONSTRUCTION,236220,COMMERCIAL AND INSTITUTIONAL BUILDING CONSTRUCTION,L,FAR 52.223-4 & BIO-BASED & ENERGY EFFICIENT & ENVIRONMENTALLY PREFERABLE,A,U.S. OWNED BUSINESS,000,NONE,Z,NOT IT PRODUCTS OR SERVICES,A,MEETS REQUIREMENTS,USA,UNITED STATES,C,NOT A MANUFACTURED END PRODUCT,B,PLAN NOT REQUIRED,B,NOT AVAILABLE FOR COMPETITION,SSS,ONLY ONE SOURCE,8AN,8(A) SOLE SOURCE,NONE,NO PREFERENCE USED,,,,,OTH,AUTHORIZED BY STATUTE (FAR 6.302-5(A)(2)(I)),1,D,COMMERCIAL ITEM PROCEDURES NOT USED,f,N,NO,N,NO,X,NOT APPLICABLE,N,NO,0.00,N,NO,X,NOT APPLICABLE,N,NO,Y,YES,X,NOT APPLICABLE,,,,,,,,NONE,NONE,Y,YES,X,NOT APPLICABLE EXEMPT FROM CAS,N,TRANSACTION DOES NOT USE GFE/GFP,N,NO,D,NOT CONSOLIDATED,N,NO - SERVICE WHERE PBA IS NOT USED.,N,NO,Z,NOT APPLICABLE,N,NO,X,NOT APPLICABLE,f,f,f,f,t,f,f,f,f,f,f,f,t,f,f,f,f,t,f,SMALL BUSINESS,S,f,f,f,f,f,f,f,f,f,f,f,f,f,f,f,f,f,CORPORATE NOT TAX EXEMPT,t,f,f,f,f,f,f,f,f,f,f,f,f,f,f,f,f,t,f,f,f,f,f,f,f,f,f,f,t,f,f,f,f,f,f,f,f,f,f,f,f,f,f,f,f,t,f,t,f,f,,,,,,,,,,,https://www.usaspending.gov/award/CONT_AWD_W9127819C0040_9700_-NONE-_-NONE-/,2021-06-25 09:21:05+00
CONT_AWD_W9127N19C0028_9700_-NONE-_-NONE-,W9127N19C0028,,,,Q: Not Designated Nonemergency/Emergency/Disaster/Wildfire Suppression,,,,,1022674.89,0.00,1022674.89,1022674.89,2019-08-16,2019,2021-04-19,2021,2019-08-16,2021-04-16,2021-04-16 00:00:00,,2019-03-29,097,Department of Defense,2100,Department of the Army,W9127N,W071 ENDIST PORTLAND,096,Corps of Engineers - Civil Works,96CE,U.S. Army Corps of Engineers - Civil Program Financing Only,966501,,096-X-3122-000,096-3122,25.2: Other services from non-Federal sources,0004: HYDROPOWER,X,NOT APPLICABLE,,,GL7JKJ4MVVG9,802745448,"COOPER ZIETZ ENGINEERS, INC.","COOPER ZIETZ ENGINEERS, INC.",,095Z9,GL7JKJ4MVVG9,802745448,"COOPER ZIETZ ENGINEERS, INC.",COOPER ZIETZ ENGINEERS  INC,USA,UNITED STATES,6400 SE LAKE RD STE 270,,PORTLAND,41005,CLACKAMAS,41,OR,OREGON,972222129,OR-05,OR-05,5036529090,,USA,UNITED STATES,PORTLAND,41051,MULTNOMAH,41,OR,OREGON,972043440,OR-03,OR-01,AWARD,D,DEFINITIVE CONTRACT,,,,,,,J,FIRM FIXED PRICE,A&E SERVICES FOR TRIBAL HOUSING VILLAGE DEVELOPMENT PLAN,W9127N19R0032,1,OT,OTHER FUNCTIONS,C219,ARCHITECT AND ENGINEERING- GENERAL: OTHER,H,NOT BUNDLED,S1,SERVICES,541330,ENGINEERING SERVICES,C,NO CLAUSES INCLUDED AND NO SUSTAINABILITY INCLUDED,A,U.S. OWNED BUSINESS,000,NONE,Z,NOT IT PRODUCTS OR SERVICES,E,NOT REQUIRED,USA,UNITED STATES,C,NOT A MANUFACTURED END PRODUCT,B,PLAN NOT REQUIRED,A,FULL AND OPEN COMPETITION,AE,ARCHITECT-ENGINEER FAR 6.102,NONE,NO SET ASIDE USED.,NONE,NO PREFERENCE USED,,,,,,,4,D,COMMERCIAL ITEM PROCEDURES NOT USED,f,N,NO,N,NO,Y,YES,N,NO,0.00,N,NO,Y,YES,Y,YES,X,NOT APPLICABLE,X,NOT APPLICABLE,,,,,,,,NONE,NONE,N,NO,X,NOT APPLICABLE EXEMPT FROM CAS,N,TRANSACTION DOES NOT USE GFE/GFP,U,UNKNOWN,D,NOT CONSOLIDATED,Y,YES - SERVICE WHERE PBA IS USED.,N,NO,Z,NOT APPLICABLE,N,NO,X,NOT APPLICABLE,f,t,f,f,f,f,f,f,f,f,f,f,t,f,f,f,f,t,f,OTHER THAN SMALL BUSINESS,O,f,f,f,f,f,f,f,f,f,f,f,f,f,f,f,f,f,CORPORATE NOT TAX EXEMPT,t,f,f,f,f,f,f,f,f,f,f,f,f,f,f,f,f,t,f,f,f,f,f,f,f,t,f,f,t,f,f,f,f,f,f,f,f,f,f,f,f,f,f,f,t,t,f,f,f,f,,,,,,,,,,,https://www.usaspending.gov/award/CONT_AWD_W9127N19C0028_9700_-NONE-_-NONE-/,2021-04-19 11:34:28+00
CONT_AWD_W9127N19C0038_9700_-NONE-_-NONE-,W9127N19C0038,,,,Q: Not Designated Nonemergency/Emergency/Disaster/Wildfire Suppression,,,,,2164177.65,0.00,2164177.65,2164177.65,2019-09-30,2019,2021-04-21,2021,2019-09-30,2021-03-31,2021-03-31 00:00:00,,2019-08-22,097,Department of Defense,2100,Department of the Army,W9127N,W071 ENDIST PORTLAND,096,Corps of Engineers - Civil Works,96CE,U.S. Army Corps of Engineers - Civil Program Financing Only,966501,,096-X-3123-000,096-3123,32.0: Land and structures,0001: COMMERCIAL NAVIGATION,X,NOT APPLICABLE,,,XQLCHSK9QE86,054262555,BERGERSON CONSTRUCTION INC,BERGERSON CONSTRUCTION INC,,0JBT1,XQLCHSK9QE86,054262555,BERGERSON CONSTRUCTION INC,BERGERSON CONSTRUCTION INC,USA,UNITED STATES,55 PORTWAY ST,,ASTORIA,41007,CLATSOP,41,OR,OREGON,971036311,OR-01,OR-01,5033257130,5033250174,USA,UNITED STATES,PORTLAND,41051,MULTNOMAH,41,OR,OREGON,972043440,OR-03,OR-01,AWARD,D,DEFINITIVE CONTRACT,,,,,,,J,FIRM FIXED PRICE,STEEL KING PILE INSTALLATION,W9127N19B0024,1,OT,OTHER FUNCTIONS,Y1KZ,CONSTRUCTION OF OTHER CONSERVATION AND DEVELOPMENT FACILITIES,H,NOT BUNDLED,C2,CONSTRUCTION,237990,OTHER HEAVY AND CIVIL ENGINEERING CONSTRUCTION,L,FAR 52.223-4 & BIO-BASED & ENERGY EFFICIENT & ENVIRONMENTALLY PREFERABLE,A,U.S. OWNED BUSINESS,000,NONE,Z,NOT IT PRODUCTS OR SERVICES,A,MEETS REQUIREMENTS,USA,UNITED STATES,C,NOT A MANUFACTURED END PRODUCT,B,PLAN NOT REQUIRED,D,FULL AND OPEN COMPETITION AFTER EXCLUSION OF SOURCES,SB,SEALED BID,SBA,SMALL BUSINESS SET ASIDE - TOTAL,NONE,NO PREFERENCE USED,,,,,,,2,D,COMMERCIAL ITEM PROCEDURES NOT USED,f,N,NO,N,NO,Y,YES,N,NO,0.00,N,NO,Y,YES,X,NOT APPLICABLE,Y,YES,X,NOT APPLICABLE,,,,,,,,NONE,NONE,N,NO,X,NOT APPLICABLE EXEMPT FROM CAS,N,TRANSACTION DOES NOT USE GFE/GFP,U,UNKNOWN,D,NOT CONSOLIDATED,N,NO - SERVICE WHERE PBA IS NOT USED.,N,NO,Z,NOT APPLICABLE,N,NO,X,NOT APPLICABLE,f,f,f,f,f,f,f,f,f,f,f,f,f,f,f,f,f,f,f,SMALL BUSINESS,S,f,f,f,f,f,f,f,f,f,f,f,f,f,f,f,f,f,CORPORATE NOT TAX EXEMPT,t,f,f,f,f,f,f,f,f,f,f,f,f,f,f,f,f,t,f,f,f,f,f,f,f,t,f,f,t,f,f,f,f,f,f,f,f,f,f,f,f,f,f,f,f,f,f,f,f,f,,,,,,,,,,,https://www.usaspending.gov/award/CONT_AWD_W9127N19C0038_9700_-NONE-_-NONE-/,2021-04-21 13:12:30+00
CONT_AWD_W9127N21C0023_9700_-NONE-_-NONE-,W9127N21C0023,,,,Q: Not Designated Nonemergency/Emergency/Disaster/Wildfire Suppression,,,,,317993.00,0.00,317993.00,317993.00,2021-04-22,2021,2021-04-22,2021,2021-04-22,2021-05-06,2021-05-20 00:00:00,,2021-04-19,097,Department of Defense,2100,Department of the Army,W9127N,W071 ENDIST PORTLAND,096,Corps of Engineers - Civil Works,96CE,U.S. Army Corps of Engineers - Civil Program Financing Only,966501,,096-X-3125-000,096-3125,25.2: Other services from non-Federal sources,0801: DEPARTMENT OF HOMELAND SECURITY,X,NOT APPLICABLE,,,EL61DKNUMNC3,848594201,ALL-WAYS EXCAVATING USA LLC,"ALL-WAYS EXCAVATING USA, LLC",,1RJN3,NJH6ZLRJGGA7,078372113,"ALL-WAYS EXCAVATING USA, LLC",ALL-WAYS EXCAVATING USA LLC,USA,UNITED STATES,17804 SHANK RD NE,,HUBBARD,41047,MARION,41,OR,OREGON,970328903,OR-05,OR-05,5039823544,5039823654,USA,UNITED STATES,LINCOLN CITY,41041,LINCOLN,41,OR,OREGON,973674712,OR-05,OR-04,AWARD,D,DEFINITIVE CONTRACT,,,,,,,J,FIRM FIXED PRICE,CONSTRUCTION OF LOGAN ROAD EXP GROUP,W9127N21Q0051,1,OT,OTHER FUNCTIONS,F021,NATURAL RESOURCES/CONSERVATION- SITE PREPARATION,H,NOT BUNDLED,C2,CONSTRUCTION,237990,OTHER HEAVY AND CIVIL ENGINEERING CONSTRUCTION,C,NO CLAUSES INCLUDED AND NO SUSTAINABILITY INCLUDED,A,U.S. OWNED BUSINESS,000,NONE,Z,NOT IT PRODUCTS OR SERVICES,E,NOT REQUIRED,USA,UNITED STATES,C,NOT A MANUFACTURED END PRODUCT,B,PLAN NOT REQUIRED,F,COMPETED UNDER SAP,SP1,SIMPLIFIED ACQUISITION,SBA,SMALL BUSINESS SET ASIDE - TOTAL,NONE,NO PREFERENCE USED,,,,,,,1,D,COMMERCIAL ITEM PROCEDURES NOT USED,f,N,NO,N,NO,Y,YES,Y,YES,0.00,N,NO,N,NO,Y,YES,Y,YES,X,NOT APPLICABLE,,,,,,,,NONE,NONE,N,NO,X,NOT APPLICABLE EXEMPT FROM CAS,N,TRANSACTION DOES NOT USE GFE/GFP,U,UNKNOWN,D,NOT CONSOLIDATED,Y,YES - SERVICE WHERE PBA IS USED.,N,NO,Z,NOT APPLICABLE,N,NO,C,"PRESIDENTIAL ISSUED EMERGENCY DECLARATION, OR A MAJOR DISASTER DECLARATION",f,t,f,f,f,f,f,f,f,f,f,f,t,f,f,f,f,t,f,SMALL BUSINESS,S,f,f,f,f,f,f,f,f,f,f,f,f,f,f,f,f,f,OTHER,f,f,f,f,f,f,f,f,f,f,f,f,f,f,f,f,f,t,f,f,f,f,f,f,f,f,t,f,t,f,f,f,f,f,f,f,f,f,f,f,f,f,f,f,t,t,f,f,f,f,,,,,,,,,,,https://www.usaspending.gov/award/CONT_AWD_W9127N21C0023_9700_-NONE-_-NONE-/,2021-08-16 11:43:30+00
CONT_AWD_W9127Q20C0003_9700_-NONE-_-NONE-,W9127Q20C0003,,,,,,,,,819461.97,0.00,819461.97,819461.97,2020-03-22,2020,2021-04-16,2021,2020-03-26,2021-05-25,2021-05-25 00:00:00,,2020-03-05,097,Department of Defense,2100,Department of the Army,W9127Q,W7NH USPFO ACTIVITY MS ARNG,097,Department of Defense,2100,Department of the Army,W91YGU,W7LZ CP SHELBY DET MS ARNG,021-2020/2020-2065-000,021-2065,26.0: Supplies and materials,,X,NOT APPLICABLE,,,V4GVJZF4S263,081007372,"NAKUPUNA SOLUTIONS, LLC","NAKUPUNA SOLUTIONS, LLC",,81GP1,V4GVJZF4S263,081007372,"NAKUPUNA SOLUTIONS, LLC",NAKUPUNA SOLUTIONS  LLC,USA,UNITED STATES,251 18TH ST S STE 600,,ARLINGTON,51013,ARLINGTON,51,VA,VIRGINIA,222023410,VA-08,VA-08,7033107774,8007253730,USA,UNITED STATES,HATTIESBURG,28035,FORREST,28,MS,MISSISSIPPI,394075000,MS-04,MS-04,AWARD,D,DEFINITIVE CONTRACT,,,,,,,J,FIRM FIXED PRICE,AIRFIELD INFORMATION CENTER SERVICES,W9127Q20R0008,1,OT,OTHER FUNCTIONS,M1BG,OPERATION OF ELECTRONIC AND COMMUNICATIONS FACILITIES,H,NOT BUNDLED,S1,SERVICES,488111,AIR TRAFFIC CONTROL,C,NO CLAUSES INCLUDED AND NO SUSTAINABILITY INCLUDED,A,U.S. OWNED BUSINESS,000,NONE,Z,NOT IT PRODUCTS OR SERVICES,E,NOT REQUIRED,USA,UNITED STATES,C,NOT A MANUFACTURED END PRODUCT,B,PLAN NOT REQUIRED,B,NOT AVAILABLE FOR COMPETITION,SSS,ONLY ONE SOURCE,8AN,8(A) SOLE SOURCE,NONE,NO PREFERENCE USED,,,,,OTH,AUTHORIZED BY STATUTE (FAR 6.302-5(A)(2)(I)),1,A,COMMERCIAL ITEM,f,N,NO,N,NO,Y,YES,N,NO,0.00,N,NO,X,NOT APPLICABLE,Y,YES,X,NOT APPLICABLE,X,NOT APPLICABLE,,,,,,,,NONE,NONE,N,NO,X,NOT APPLICABLE EXEMPT FROM CAS,N,TRANSACTION DOES NOT USE GFE/GFP,U,UNKNOWN,D,NOT CONSOLIDATED,Y,YES - SERVICE WHERE PBA IS USED.,N,NO,Z,NOT APPLICABLE,N,NO,X,NOT APPLICABLE,f,f,f,t,f,f,f,f,f,f,f,f,f,f,f,f,f,f,t,SMALL BUSINESS,S,f,f,f,f,f,f,f,f,f,f,f,f,f,f,f,f,f,CORPORATE NOT TAX EXEMPT,t,f,f,f,f,f,f,f,f,f,f,f,f,f,f,f,f,t,f,f,f,f,f,f,f,f,t,f,t,f,f,f,f,f,f,f,f,f,f,f,f,f,f,f,f,f,f,t,f,f,MICHAEL  FOGLE,358583.00,SUZANNE  MCDONALD,357583.00,FRANK  ARNOLD,177500.00,JAMES  JOHNSON,163072.00,KEVIN  LENGYEL,138750.00,https://www.usaspending.gov/award/CONT_AWD_W9127Q20C0003_9700_-NONE-_-NONE-/,2021-04-16 13:27:10+00
CONT_AWD_W9127S20C6017_9700_-NONE-_-NONE-,W9127S20C6017,,,,E: Emergency P.L. 116-20,,,,,835623.80,0.00,835623.80,835623.80,2020-09-22,2020,2021-04-20,2021,2020-09-25,2021-05-05,2021-05-05 00:00:00,,,097,Department of Defense,2100,Department of the Army,W9127S,W076 ENDIST LITTLE ROCK,096,Corps of Engineers - Civil Works,96CE,U.S. Army Corps of Engineers - Civil Program Financing Only,966501,,096-X-3125-000,096-3125,32.0: Land and structures,0006: EMERGENCY MANAGEMENT,X,NOT APPLICABLE,,,MYG6XF84W5H7,025162550,SNA CONTRACTING LLC,"SNA CONTRACTING, LLC",,7CJN2,MYG6XF84W5H7,025162550,SNA CONTRACTING LLC,SNA CONTRACTING  LLC,USA,UNITED STATES,411 LAKE ST STE A,,SHREVEPORT,22017,CADDO,22,LA,LOUISIANA,711013766,LA-04,LA-06,3182059336,,USA,UNITED STATES,CONWAY,05045,FAULKNER,05,AR,ARKANSAS,720355000,AR-02,AR-02,AWARD,D,DEFINITIVE CONTRACT,,,,,,,J,FIRM FIXED PRICE,FAULKNER COUNTY LEVEE REPAIR,W9127S20R0012,1,OT,OTHER FUNCTIONS,Z2KA,REPAIR OR ALTERATION OF DAMS,H,NOT BUNDLED,C2,CONSTRUCTION,237990,OTHER HEAVY AND CIVIL ENGINEERING CONSTRUCTION,D,ENERGY EFFICIENT,A,U.S. OWNED BUSINESS,000,NONE,Z,NOT IT PRODUCTS OR SERVICES,E,NOT REQUIRED,USA,UNITED STATES,C,NOT A MANUFACTURED END PRODUCT,B,PLAN NOT REQUIRED,G,NOT COMPETED UNDER SAP,SP1,SIMPLIFIED ACQUISITION,NONE,NO SET ASIDE USED.,NONE,NO PREFERENCE USED,,,,,OTH,AUTHORIZED BY STATUTE (FAR 6.302-5(A)(2)(I)),1,D,COMMERCIAL ITEM PROCEDURES NOT USED,f,N,NO,N,NO,Y,YES,N,NO,0.00,N,NO,X,NOT APPLICABLE,N,NO,Y,YES,X,NOT APPLICABLE,,,,,,,,NONE,NONE,N,NO,Y,YES - CAS CLAUSE INCLUDED,N,TRANSACTION DOES NOT USE GFE/GFP,U,UNKNOWN,D,NOT CONSOLIDATED,Y,YES - SERVICE WHERE PBA IS USED.,N,NO,Z,NOT APPLICABLE,N,NO,X,NOT APPLICABLE,f,f,f,f,f,f,f,f,f,f,f,f,t,f,f,t,f,f,f,SMALL BUSINESS,S,f,f,f,f,f,f,f,f,f,f,f,f,f,f,f,f,f,CORPORATE NOT TAX EXEMPT,t,f,f,f,f,f,f,f,f,f,f,f,f,f,f,f,f,t,f,f,f,f,f,f,f,f,t,f,t,f,f,f,f,f,f,f,f,f,f,f,f,f,f,f,t,t,f,t,f,f,,,,,,,,,,,https://www.usaspending.gov/award/CONT_AWD_W9127S20C6017_9700_-NONE-_-NONE-/,2021-04-20 14:31:23+00
CONT_AWD_W9128A17C0007_9700_-NONE-_-NONE-,W9128A17C0007,,,,Q: Not Designated Nonemergency/Emergency/Disaster/Wildfire Suppression,,,,,29987364.00,2145201.16,29987364.00,29987364.00,2017-09-27,2017,2021-04-19,2021,2017-09-18,2021-05-31,2021-05-31 00:00:00,,,097,Department of Defense,2100,Department of the Army,W9128A,W2SN ENDIST HONOLULU,097,Department of Defense,2100,Department of the Army,W9128A,W2SN ENDIST HONOLULU,021-2017/2021-2050-000,021-2050,32.0: Land and structures,0001: MAJOR CONSTRUCTION;OPTN: FIELD IS OPTIONAL PRIOR TO FY21,X,NOT APPLICABLE,,,YEKDAC1G9AN3,927551655,"ZUMWALT CONSTRUCTION, INC.","ZUMWALT CONSTRUCTION, INC.",,5ML80,YEKDAC1G9AN3,927551655,"ZUMWALT CONSTRUCTION, INC.",ZUMWALT CONSTRUCTION  INC.,USA,UNITED STATES,5520 E LAMONA AVE,,FRESNO,06019,FRESNO,06,CA,CALIFORNIA,937272276,CA-16,CA-21,5592521000,5592521005,USA,UNITED STATES,SCHOFIELD BARRACKS,15003,HONOLULU,15,HI,HAWAII,968575040,HI-02,HI-02,AWARD,D,DEFINITIVE CONTRACT,,,,,,,J,FIRM FIXED PRICE,"IGF::OT::IGF  REPAIR BLDG. 452, SCHOFIELD BARRACKS",W9128A17B0002,1,OT,OTHER FUNCTIONS,Z2JZ,REPAIR OR ALTERATION OF MISCELLANEOUS BUILDINGS,H,NOT BUNDLED,C2,CONSTRUCTION,236220,COMMERCIAL AND INSTITUTIONAL BUILDING CONSTRUCTION,H,FAR 52.223-4 & BIO-BASED,A,U.S. OWNED BUSINESS,000,NONE,Z,NOT IT PRODUCTS OR SERVICES,A,MEETS REQUIREMENTS,USA,UNITED STATES,C,NOT A MANUFACTURED END PRODUCT,F,INDIVIDUAL SUBCONTRACT PLAN,A,FULL AND OPEN COMPETITION,SB,SEALED BID,NONE,NO SET ASIDE USED.,NONE,NO PREFERENCE USED,,,,,,,4,D,COMMERCIAL ITEM PROCEDURES NOT USED,f,N,NO,N,NO,Y,YES,N,NO,0.00,N,NO,Y,YES,X,NOT APPLICABLE,Y,YES,X,NOT APPLICABLE,,,,,,,,NONE,NONE,N,NO,X,NOT APPLICABLE EXEMPT FROM CAS,N,TRANSACTION DOES NOT USE GFE/GFP,U,UNKNOWN,D,NOT CONSOLIDATED,Y,YES - SERVICE WHERE PBA IS USED.,N,NO,C,PERCENTAGE OF COMPLETION PROGRESS PAYMENTS,N,NO,X,NOT APPLICABLE,f,f,f,f,f,f,f,f,f,f,f,f,f,f,f,f,f,f,f,OTHER THAN SMALL BUSINESS,O,f,f,f,f,f,f,f,f,f,f,f,f,f,f,f,f,f,CORPORATE NOT TAX EXEMPT,t,f,f,f,f,f,f,f,f,f,f,f,f,f,f,f,f,t,f,f,f,f,f,f,f,t,f,f,t,f,f,f,f,f,f,f,f,f,f,f,f,f,f,f,f,f,f,f,f,f,,,,,,,,,,,https://www.usaspending.gov/award/CONT_AWD_W9128A17C0007_9700_-NONE-_-NONE-/,2021-04-19 21:57:28+00
CONT_AWD_W9128F18C0002_9700_-NONE-_-NONE-,W9128F18C0002,,,,Q: Not Designated Nonemergency/Emergency/Disaster/Wildfire Suppression,,,,,8139969.14,0.00,8139969.14,10079979.14,2017-12-29,2018,2021-04-22,2021,2017-12-29,2021-07-30,2021-07-30 00:00:00,,,097,Department of Defense,2100,Department of the Army,W9128F,W071 ENDIST OMAHA,096,Corps of Engineers - Civil Works,96CE,U.S. Army Corps of Engineers - Civil Program Financing Only,966501,,096-X-3123-000;096-X-8862-000,096-3123;096-8862,25.2: Other services from non-Federal sources;25.4: Operation and maintenance of facilities,0004: HYDROPOWER;0005: MULTIPURPOSE AND OTHER PROGRAMS,X,NOT APPLICABLE,,,SU4KH5KV2JJ3,601101652,"WASHINGTON EQUIPMENT MANUFACTURING COMPANY, INC.","WASHINGTON EQUIPMENT MANUFACTURING COMPANY, INC.",,1MYL2,SU4KH5KV2JJ3,601101652,"WASHINGTON EQUIPMENT MANUFACTURING COMPANY, INC.","WASHINGTON EQUIPMENT MANUFACTURING COMPANY, INC.",USA,UNITED STATES,5510 W THORPE RD,,SPOKANE,53063,SPOKANE,53,WA,WASHINGTON,992245371,WA-05,WA-05,5099915194,5092441962,USA,UNITED STATES,PIERRE,46065,HUGHES,46,SD,SOUTH DAKOTA,575012485,SD-00,SD-00,AWARD,D,DEFINITIVE CONTRACT,,,,,,,J,FIRM FIXED PRICE,IGF::OT::IGF ELECTRICAL REHAB,W9128F17R0011,1,OT,OTHER FUNCTIONS,Z1MD,MAINTENANCE OF EPG FACILITIES - HYDRO,H,NOT BUNDLED,C2,CONSTRUCTION,237990,OTHER HEAVY AND CIVIL ENGINEERING CONSTRUCTION,H,FAR 52.223-4 & BIO-BASED,A,U.S. OWNED BUSINESS,000,NONE,Z,NOT IT PRODUCTS OR SERVICES,A,MEETS REQUIREMENTS,USA,UNITED STATES,C,NOT A MANUFACTURED END PRODUCT,B,PLAN NOT REQUIRED,D,FULL AND OPEN COMPETITION AFTER EXCLUSION OF SOURCES,NP,NEGOTIATED PROPOSAL/QUOTE,SBA,SMALL BUSINESS SET ASIDE - TOTAL,NONE,NO PREFERENCE USED,,,,,,,4,D,COMMERCIAL ITEM PROCEDURES NOT USED,f,N,NO,N,NO,Y,YES,N,NO,0.00,N,NO,X,NOT APPLICABLE,X,NOT APPLICABLE,Y,YES,X,NOT APPLICABLE,,,,,,,,NONE,NONE,N,NO,X,NOT APPLICABLE EXEMPT FROM CAS,N,TRANSACTION DOES NOT USE GFE/GFP,U,UNKNOWN,D,NOT CONSOLIDATED,Y,YES - SERVICE WHERE PBA IS USED.,N,NO,D,UNUSUAL PROGRESS PAYMENTS OR ADVANCE PAYMENTS,N,NO,X,NOT APPLICABLE,f,f,f,f,f,f,f,t,t,t,f,f,f,f,f,f,f,f,f,SMALL BUSINESS,S,f,f,f,f,f,f,f,f,f,f,f,f,f,f,f,f,f,CORPORATE NOT TAX EXEMPT,t,f,f,f,f,f,f,f,f,f,f,f,t,f,f,f,f,t,f,f,f,f,f,f,f,t,f,f,t,f,f,f,f,f,f,f,f,f,f,f,f,f,f,f,f,t,f,f,f,f,,,,,,,,,,,https://www.usaspending.gov/award/CONT_AWD_W9128F18C0002_9700_-NONE-_-NONE-/,2021-04-22 19:51:46+00
CONT_AWD_W9128F19C0022_9700_-NONE-_-NONE-,W9128F19C0022,,,,,,,,,6633035.97,0.00,6633035.97,7203259.28,2019-05-15,2019,2021-04-19,2021,2019-05-15,2020-12-01,2020-12-01 00:00:00,,2019-02-22,097,Department of Defense,2100,Department of the Army,W9128F,W071 ENDIST OMAHA,097,Department of Defense,2100,Department of the Army,W9128F,W071 ENDIST OMAHA,021-2019/2023-0720-000,021-0720,32.0: Land and structures,,X,NOT APPLICABLE,,,MCLTZ223AJG3,065589805,RELYANT GLOBAL LLC,RELYANT GLOBAL LLC,,7ARY5,MALJB5KL1HK1,079581306,VETERANS HOLDING GROUP LLC,VETERANS HOLDING GROUP  LLC,USA,UNITED STATES,1009 HAMPSHIRE DR,,MARYVILLE,47009,BLOUNT,47,TN,TENNESSEE,378013525,TN-02,TN-02,8659841330,,USA,UNITED STATES,SPARTA,55081,MONROE,55,WI,WISCONSIN,546560001,WI-03,WI-03,AWARD,D,DEFINITIVE CONTRACT,,,,,,,J,FIRM FIXED PRICE,"FAMILY HOUSING FORT MCCOY, WI",W9128F19B0004,1,OT,OTHER FUNCTIONS,Y1MB,CONSTRUCTION OF EPG FACILITIES - GAS,H,NOT BUNDLED,C2,CONSTRUCTION,236115,NEW SINGLE-FAMILY HOUSING CONSTRUCTION (EXCEPT FOR-SALE BUILDERS),A,FAR 52.223-4 INCLUDED,A,U.S. OWNED BUSINESS,000,NONE,Z,NOT IT PRODUCTS OR SERVICES,A,MEETS REQUIREMENTS,USA,UNITED STATES,C,NOT A MANUFACTURED END PRODUCT,B,PLAN NOT REQUIRED,A,FULL AND OPEN COMPETITION,SB,SEALED BID,NONE,NO SET ASIDE USED.,NONE,NO PREFERENCE USED,,,,,,,5,D,COMMERCIAL ITEM PROCEDURES NOT USED,f,N,NO,N,NO,Y,YES,N,NO,0.00,N,NO,X,NOT APPLICABLE,X,NOT APPLICABLE,Y,YES,X,NOT APPLICABLE,,,,,,,,NONE,NONE,N,NO,X,NOT APPLICABLE EXEMPT FROM CAS,N,TRANSACTION DOES NOT USE GFE/GFP,U,UNKNOWN,D,NOT CONSOLIDATED,N,NO - SERVICE WHERE PBA IS NOT USED.,N,NO,A,FAR 52.232-16 PROGRESS PAYMENTS,N,NO,X,NOT APPLICABLE,f,f,f,f,f,t,t,f,f,f,f,f,f,f,f,f,f,f,f,SMALL BUSINESS,S,f,f,f,f,f,f,f,f,f,f,f,f,f,f,f,f,f,CORPORATE NOT TAX EXEMPT,t,f,f,f,f,f,f,f,f,f,f,f,f,f,f,f,f,t,f,f,f,f,f,f,f,f,f,f,t,f,f,f,f,f,f,f,f,f,f,f,f,f,f,f,f,f,f,f,f,f,DANIEL  SMITH,446000.00,DONALD  PATTON,446000.00,MATTHEW  HULSEY,300000.00,KEVIN  BEAMISH,290000.00,ALIX  KING,288000.00,https://www.usaspending.gov/award/CONT_AWD_W9128F19C0022_9700_-NONE-_-NONE-/,2021-04-19 14:29:44+00
CONT_AWD_W9128F21C0032_9700_-NONE-_-NONE-,W9128F21C0032,,,,Q: Not Designated Nonemergency/Emergency/Disaster/Wildfire Suppression,,,,,249285.00,0.00,249285.00,249285.00,2021-04-19,2021,2021-04-19,2021,2021-04-23,2022-01-28,2022-01-28 00:00:00,,2021-01-20,097,Department of Defense,2100,Department of the Army,W9128F,W071 ENDIST OMAHA,096,Corps of Engineers - Civil Works,96CE,U.S. Army Corps of Engineers - Civil Program Financing Only,966501,,096-X-3123-000,096-3123,25.2: Other services from non-Federal sources,0005: MULTIPURPOSE AND OTHER PROGRAMS,X,NOT APPLICABLE,,,JCP6F9KM9TN9,,SHARPE ENTERPRISES INC,"SHARPE ENTERPRISES, INC.",,46V78,JCP6F9KM9TN9,,SHARPE ENTERPRISES INC,SHARPE ENTERPRISES  INC.,USA,UNITED STATES,3500 SD HWY 34,,PIERRE,46065,HUGHES,46,SD,SOUTH DAKOTA,575018809,SD-00,SD-00,6059451260,6059451265,USA,UNITED STATES,PIERRE,46065,HUGHES,46,SD,SOUTH DAKOTA,575013243,SD-00,SD-00,AWARD,D,DEFINITIVE CONTRACT,,,,,,,J,FIRM FIXED PRICE,SUPPLY AND INSTALL RIPRAP,W9128F21B0006,1,OT,OTHER FUNCTIONS,Y1QA,CONSTRUCTION OF RESTORATION OF REAL PROPERTY (PUBLIC OR PRIVATE),H,NOT BUNDLED,C2,CONSTRUCTION,237990,OTHER HEAVY AND CIVIL ENGINEERING CONSTRUCTION,C,NO CLAUSES INCLUDED AND NO SUSTAINABILITY INCLUDED,A,U.S. OWNED BUSINESS,000,NONE,Z,NOT IT PRODUCTS OR SERVICES,E,NOT REQUIRED,USA,UNITED STATES,C,NOT A MANUFACTURED END PRODUCT,B,PLAN NOT REQUIRED,F,COMPETED UNDER SAP,SP1,SIMPLIFIED ACQUISITION,NONE,NO SET ASIDE USED.,NONE,NO PREFERENCE USED,,,,,,,6,D,COMMERCIAL ITEM PROCEDURES NOT USED,f,N,NO,N,NO,Y,YES,N,NO,0.00,N,NO,N,NO,N,NO,Y,YES,X,NOT APPLICABLE,,,,,,,,NONE,NONE,N,NO,X,NOT APPLICABLE EXEMPT FROM CAS,N,TRANSACTION DOES NOT USE GFE/GFP,U,UNKNOWN,D,NOT CONSOLIDATED,N,NO - SERVICE WHERE PBA IS NOT USED.,N,NO,D,UNUSUAL PROGRESS PAYMENTS OR ADVANCE PAYMENTS,N,NO,X,NOT APPLICABLE,f,f,f,f,f,f,f,f,f,f,f,f,f,f,f,f,f,f,f,SMALL BUSINESS,S,f,f,f,f,f,f,f,f,f,f,f,f,f,f,f,f,f,OTHER,f,f,f,f,f,f,f,f,f,f,f,f,f,f,f,f,f,t,f,f,f,f,f,f,f,t,f,f,t,f,f,f,f,f,f,f,f,f,f,f,f,f,f,f,f,t,f,f,f,f,,,,,,,,,,,https://www.usaspending.gov/award/CONT_AWD_W9128F21C0032_9700_-NONE-_-NONE-/,2022-11-09 14:53:48+00
CONT_AWD_W9128F21C0033_9700_-NONE-_-NONE-,W9128F21C0033,,,,Q: Not Designated Nonemergency/Emergency/Disaster/Wildfire Suppression,,,,,378630.00,0.00,378630.00,378630.00,2021-04-19,2021,2021-04-19,2021,2021-04-19,2022-06-23,2022-06-23 00:00:00,,2021-02-12,097,Department of Defense,2100,Department of the Army,W9128F,W071 ENDIST OMAHA,096,Corps of Engineers - Civil Works,96CE,U.S. Army Corps of Engineers - Civil Program Financing Only,966501,,096-X-3123-000,096-3123,25.2: Other services from non-Federal sources,0005: MULTIPURPOSE AND OTHER PROGRAMS,X,NOT APPLICABLE,,,S4YJDJU16GT6,117232851,FENTON CONSTRUCTION INC,"FENTON CONSTRUCTION, INC.",,8EX50,S4YJDJU16GT6,117232851,FENTON CONSTRUCTION INC,FENTON CONSTRUCTION  INC.,USA,UNITED STATES,1800 3RD ST,,SIOUX CITY,19193,WOODBURY,19,IA,IOWA,511012101,IA-04,IA-04,7122515505,,USA,UNITED STATES,CROFTON,31107,KNOX,31,NE,NEBRASKA,687303365,NE-03,NE-03,AWARD,D,DEFINITIVE CONTRACT,,,,,,,J,FIRM FIXED PRICE,GP LESTERVILLE BANK STABILIZATION,W9128F21B0005,1,OT,OTHER FUNCTIONS,Y1KZ,CONSTRUCTION OF OTHER CONSERVATION AND DEVELOPMENT FACILITIES,H,NOT BUNDLED,C2,CONSTRUCTION,237990,OTHER HEAVY AND CIVIL ENGINEERING CONSTRUCTION,B,FAR 52.223-4 AND FAR 52.223-9 INCLUDED,A,U.S. OWNED BUSINESS,000,NONE,Z,NOT IT PRODUCTS OR SERVICES,A,MEETS REQUIREMENTS,USA,UNITED STATES,C,NOT A MANUFACTURED END PRODUCT,B,PLAN NOT REQUIRED,D,FULL AND OPEN COMPETITION AFTER EXCLUSION OF SOURCES,SB,SEALED BID,SBA,SMALL BUSINESS SET ASIDE - TOTAL,NONE,NO PREFERENCE USED,,,,,,,3,D,COMMERCIAL ITEM PROCEDURES NOT USED,f,N,NO,N,NO,Y,YES,N,NO,0.00,N,NO,N,NO,Y,YES,Y,YES,X,NOT APPLICABLE,,,,,,,,NONE,NONE,N,NO,X,NOT APPLICABLE EXEMPT FROM CAS,N,TRANSACTION DOES NOT USE GFE/GFP,U,UNKNOWN,D,NOT CONSOLIDATED,N,NO - SERVICE WHERE PBA IS NOT USED.,N,NO,D,UNUSUAL PROGRESS PAYMENTS OR ADVANCE PAYMENTS,N,NO,X,NOT APPLICABLE,f,f,f,f,f,f,f,f,f,f,f,f,f,f,f,f,f,f,f,SMALL BUSINESS,S,f,f,f,f,f,f,f,f,f,f,f,f,f,f,f,f,f,CORPORATE NOT TAX EXEMPT,t,f,f,f,f,f,f,f,f,f,f,f,f,f,f,f,f,t,f,f,f,f,f,f,f,f,f,f,t,f,f,f,f,f,f,f,f,f,f,f,f,f,f,f,f,f,f,f,f,f,,,,,,,,,,,https://www.usaspending.gov/award/CONT_AWD_W9128F21C0033_9700_-NONE-_-NONE-/,2021-04-19 17:04:09+00
CONT_AWD_W912BV17C0030_9700_-NONE-_-NONE-,W912BV17C0030,,,,,,,,,2471376.00,0.00,2471376.00,2471376.00,2017-09-30,2017,2021-04-21,2021,2017-09-29,2020-03-07,2020-03-07 00:00:00,,,097,Department of Defense,2100,Department of the Army,W912BV,W076 ENDIST TULSA,096,Corps of Engineers - Civil Works,96CE,U.S. Army Corps of Engineers - Civil Program Financing Only,966501,,096-X-3123-000,096-3123,32.0: Land and structures,,X,NOT APPLICABLE,,,Y9MAVKTM3NN4,079508973,GRACON LLC,GRACON LLC,,79Y06,HBBTJFFYB444,079611306,"LYNN/CORNERSTONE HOLDINGS, LLC",LYNN/CORNERSTONE HOLDINGS  LLC,USA,UNITED STATES,7221 E US HWY 34,,LOVELAND,08069,LARIMER,08,CO,COLORADO,805378956,CO-02,CO-04,9706672203,9706673621,USA,UNITED STATES,VALLIANT,40089,MCCURTAIN,40,OK,OKLAHOMA,747649068,OK-02,OK-02,AWARD,D,DEFINITIVE CONTRACT,,,,,,,J,FIRM FIXED PRICE,"IGF::OT::IGF:: REPAIR GATE SEALS PINE CREEK LAKE, OK",W912BV17R0009,1,OT,OTHER FUNCTIONS,Z2KA,REPAIR OR ALTERATION OF DAMS,H,NOT BUNDLED,C2,CONSTRUCTION,237990,OTHER HEAVY AND CIVIL ENGINEERING CONSTRUCTION,D,ENERGY EFFICIENT,A,U.S. OWNED BUSINESS,000,NONE,Z,NOT IT PRODUCTS OR SERVICES,E,NOT REQUIRED,USA,UNITED STATES,C,NOT A MANUFACTURED END PRODUCT,B,PLAN NOT REQUIRED,A,FULL AND OPEN COMPETITION,NP,NEGOTIATED PROPOSAL/QUOTE,NONE,NO SET ASIDE USED.,NONE,NO PREFERENCE USED,,,,,,,1,D,COMMERCIAL ITEM PROCEDURES NOT USED,f,N,NO,N,NO,Y,YES,N,NO,0.00,N,NO,N,NO,N,NO,Y,YES,X,NOT APPLICABLE,,,,,,,,NONE,NONE,N,NO,X,NOT APPLICABLE EXEMPT FROM CAS,N,TRANSACTION DOES NOT USE GFE/GFP,U,UNKNOWN,D,NOT CONSOLIDATED,Y,YES - SERVICE WHERE PBA IS USED.,N,NO,C,PERCENTAGE OF COMPLETION PROGRESS PAYMENTS,N,NO,X,NOT APPLICABLE,f,f,f,f,f,t,f,f,f,f,f,f,f,f,f,f,f,f,f,SMALL BUSINESS,S,f,f,f,f,f,f,f,f,f,f,f,f,f,f,f,f,f,CORPORATE NOT TAX EXEMPT,t,f,f,f,f,f,f,f,f,f,f,f,f,f,f,f,f,t,f,f,f,f,f,f,f,f,t,f,t,f,f,f,f,f,f,f,f,f,f,f,f,f,f,f,f,f,f,f,f,f,,,,,,,,,,,https://www.usaspending.gov/award/CONT_AWD_W912BV17C0030_9700_-NONE-_-NONE-/,2021-04-21 12:34:27+00
CONT_AWD_W912CN19C0015_9700_-NONE-_-NONE-,W912CN19C0015,,,,,,,,,758483.87,0.00,758483.87,758483.87,2019-08-31,2019,2021-04-21,2021,2019-08-22,2021-09-30,2021-09-30 00:00:00,,2018-11-26,097,Department of Defense,2100,Department of the Army,W912CN,0413 AQ HQ     RCO-HI,097,Department of Defense,2100,Department of the Army,WX3JN3,W3RB DIR PUBLIC WORKS,021-2019/2019-2020-000,021-2020,25.4: Operation and maintenance of facilities,,X,NOT APPLICABLE,,,TQ83J2WXDLL3,079352853,MASHIMA ELECTRIC LLC,"MASHIMA ELECTRIC, LLC",,7KU72,TQ83J2WXDLL3,079352853,MASHIMA ELECTRIC LLC,MASHIMA ELECTRIC  LLC,USA,UNITED STATES,91-1012 IPOLANI ST UNIT A,,KAPOLEI,15003,HONOLULU,15,HI,HAWAII,967073062,HI-01,HI-01,8087723963,,USA,UNITED STATES,SCHOFIELD BARRACKS,15003,HONOLULU,15,HI,HAWAII,968575000,HI-02,HI-02,AWARD,D,DEFINITIVE CONTRACT,,,,,,,J,FIRM FIXED PRICE,Z2AA REPAIR OR ALT OF OFFICE BLDGS,W912CN19R0010,1,OT,OTHER FUNCTIONS,Z2AA,REPAIR OR ALTERATION OF OFFICE BUILDINGS,H,NOT BUNDLED,C2,CONSTRUCTION,238210,ELECTRICAL CONTRACTORS AND OTHER WIRING INSTALLATION CONTRACTORS,J,FAR 52.223-4 & BIO-BASED & ENERGY EFFICIENT,A,U.S. OWNED BUSINESS,000,NONE,Z,NOT IT PRODUCTS OR SERVICES,A,MEETS REQUIREMENTS,USA,UNITED STATES,C,NOT A MANUFACTURED END PRODUCT,B,PLAN NOT REQUIRED,B,NOT AVAILABLE FOR COMPETITION,SSS,ONLY ONE SOURCE,8AN,8(A) SOLE SOURCE,NONE,NO PREFERENCE USED,,,,,OTH,AUTHORIZED BY STATUTE (FAR 6.302-5(A)(2)(I)),1,D,COMMERCIAL ITEM PROCEDURES NOT USED,f,N,NO,N,NO,X,NOT APPLICABLE,N,NO,0.00,N,NO,N,NO,N,NO,Y,YES,X,NOT APPLICABLE,,,,,,,,NONE,NONE,N,NO,X,NOT APPLICABLE EXEMPT FROM CAS,N,TRANSACTION DOES NOT USE GFE/GFP,U,UNKNOWN,D,NOT CONSOLIDATED,N,NO - SERVICE WHERE PBA IS NOT USED.,N,NO,A,FAR 52.232-16 PROGRESS PAYMENTS,N,NO,X,NOT APPLICABLE,f,f,f,f,f,f,f,t,t,f,f,f,t,f,t,f,f,f,f,SMALL BUSINESS,S,f,f,f,f,f,f,f,f,f,f,f,f,f,f,f,f,f,CORPORATE NOT TAX EXEMPT,t,f,f,f,f,f,f,f,f,f,f,f,f,f,f,f,f,t,f,f,f,f,f,f,f,f,t,f,t,f,f,f,f,f,f,f,f,f,f,f,f,f,f,f,t,t,f,t,f,f,,,,,,,,,,,https://www.usaspending.gov/award/CONT_AWD_W912CN19C0015_9700_-NONE-_-NONE-/,2021-04-21 20:28:20+00
CONT_AWD_W912DR18C0063_9700_-NONE-_-NONE-,W912DR18C0063,,,,N: Emergency P.L. 116-136;Q: Not Designated Nonemergency/Emergency/Disaster/Wildfire Suppression,413483.15,-315636.15,,,8892187.00,2723002.02,8892187.00,8892187.00,2018-09-30,2018,2021-04-20,2021,2018-09-29,2021-04-28,2021-04-28 00:00:00,,2018-07-31,097,Department of Defense,2100,Department of the Army,W912DR,W2SD ENDIST BALTIMORE,097,Department of Defense,2100,Department of the Army,W81W3G,W2SD ENDIST BALTIMORE,021-2017/2021-2050-000;021-2018/2018-2020-000;021-2019/2019-2020-000;021-2020/2020-2020-000,021-2020;021-2050,32.0: Land and structures,0001: OPERATING FORCES;OPTN: FIELD IS OPTIONAL PRIOR TO FY21,X,NOT APPLICABLE,,,YJVEF1UNTBG7,962788258,"FOUR TRIBES CONSTRUCTION SERVICES, LLC","FOUR TRIBES CONSTRUCTION SERVICES, LLC",,63Y57,YJVEF1UNTBG7,962788258,"FOUR TRIBES CONSTRUCTION SERVICES, LLC",FOUR TRIBES CONSTRUCTION,USA,UNITED STATES,"814 W DIAMOND AVE, STE 310",,GAITHERSBURG,24031,MONTGOMERY,24,MD,MARYLAND,208781416,MD-06,MD-06,3012124145,3012124146,USA,UNITED STATES,CHAMBERSBURG,42055,FRANKLIN,42,PA,PENNSYLVANIA,172011011,PA-13,PA-13,AWARD,D,DEFINITIVE CONTRACT,,,,,,,J,FIRM FIXED PRICE,BUILDING 350 LETTERKENNY ROOFING,W912DR18R0009,1,OT,OTHER FUNCTIONS,Z1NE,MAINTENANCE OF WATER SUPPLY FACILITIES,H,NOT BUNDLED,C2,CONSTRUCTION,236220,COMMERCIAL AND INSTITUTIONAL BUILDING CONSTRUCTION,C,NO CLAUSES INCLUDED AND NO SUSTAINABILITY INCLUDED,A,U.S. OWNED BUSINESS,000,NONE,Z,NOT IT PRODUCTS OR SERVICES,E,NOT REQUIRED,USA,UNITED STATES,C,NOT A MANUFACTURED END PRODUCT,B,PLAN NOT REQUIRED,B,NOT AVAILABLE FOR COMPETITION,SSS,ONLY ONE SOURCE,8AN,8(A) SOLE SOURCE,NONE,NO PREFERENCE USED,,,,,OTH,AUTHORIZED BY STATUTE (FAR 6.302-5(A)(2)(I)),1,D,COMMERCIAL ITEM PROCEDURES NOT USED,f,N,NO,N,NO,X,NOT APPLICABLE,N,NO,0.00,N,NO,X,NOT APPLICABLE,X,NOT APPLICABLE,Y,YES,X,NOT APPLICABLE,,,,,,,,NONE,NONE,N,NO,X,NOT APPLICABLE EXEMPT FROM CAS,N,TRANSACTION DOES NOT USE GFE/GFP,U,UNKNOWN,D,NOT CONSOLIDATED,Y,YES - SERVICE WHERE PBA IS USED.,N,NO,A,FAR 52.232-16 PROGRESS PAYMENTS,N,NO,X,NOT APPLICABLE,f,f,t,f,t,f,f,f,f,f,f,f,t,f,f,f,f,t,f,SMALL BUSINESS,S,f,f,f,f,f,f,f,f,f,f,f,f,f,f,f,f,f,OTHER,f,f,f,f,f,f,f,f,f,f,f,f,f,f,f,f,f,t,f,f,f,f,f,f,f,f,t,f,t,f,f,f,f,f,f,f,f,f,f,f,f,f,f,f,f,t,f,t,f,f,,,,,,,,,,,https://www.usaspending.gov/award/CONT_AWD_W912DR18C0063_9700_-NONE-_-NONE-/,2021-04-20 08:38:04+00
CONT_AWD_W912DR20C0048_9700_-NONE-_-NONE-,W912DR20C0048,,,,N: Emergency P.L. 116-136;Q: Not Designated Nonemergency/Emergency/Disaster/Wildfire Suppression,0,212221.00,,,306159.00,0.00,306159.00,306159.00,2020-09-25,2020,2021-04-20,2021,2020-10-15,2021-05-14,2021-05-14 00:00:00,,2020-08-20,097,Department of Defense,2100,Department of the Army,W912DR,W2SD ENDIST BALTIMORE,097,Department of Defense,2100,Department of the Army,W912DR,W2SD ENDIST BALTIMORE,021-2020/2020-2020-000;021-2021/2021-2020-000,021-2020,32.0: Land and structures,0001: OPERATING FORCES;OPTN: FIELD IS OPTIONAL PRIOR TO FY21,X,NOT APPLICABLE,,,L3PEDEHACZY3,140708772,"BELT BUILT CONTRACTING, LLC","BELT BUILT CONTRACTING, LLC",,68J60,L3PEDEHACZY3,140708772,"BELT BUILT CONTRACTING, LLC",BELT BUILT CONTRACTING,USA,UNITED STATES,2139 ESPEY CT STE 6,,CROFTON,24003,ANNE ARUNDEL,24,MD,MARYLAND,211142446,MD-05,MD-05,4102635971,4102635978,USA,UNITED STATES,FREDERICK,24021,FREDERICK,24,MD,MARYLAND,217021020,MD-06,MD-06,AWARD,D,DEFINITIVE CONTRACT,,,,,,,J,FIRM FIXED PRICE,MISCELLANEOUS RENOVATIONS TO BUILDING 693.,W912DR20R0060,1,OT,OTHER FUNCTIONS,Z1AZ,MAINTENANCE OF OTHER ADMINISTRATIVE FACILITIES AND SERVICE BUILDINGS,H,NOT BUNDLED,C2,CONSTRUCTION,236220,COMMERCIAL AND INSTITUTIONAL BUILDING CONSTRUCTION,A,FAR 52.223-4 INCLUDED,A,U.S. OWNED BUSINESS,000,NONE,Z,NOT IT PRODUCTS OR SERVICES,A,MEETS REQUIREMENTS,USA,UNITED STATES,C,NOT A MANUFACTURED END PRODUCT,B,PLAN NOT REQUIRED,B,NOT AVAILABLE FOR COMPETITION,SSS,ONLY ONE SOURCE,8AN,8(A) SOLE SOURCE,NONE,NO PREFERENCE USED,,,,,OTH,AUTHORIZED BY STATUTE (FAR 6.302-5(A)(2)(I)),1,D,COMMERCIAL ITEM PROCEDURES NOT USED,f,N,NO,N,NO,N,NO,N,NO,0.00,N,NO,N,NO,N,NO,Y,YES,X,NOT APPLICABLE,,,,,,,,NONE,NONE,N,NO,X,NOT APPLICABLE EXEMPT FROM CAS,N,TRANSACTION DOES NOT USE GFE/GFP,U,UNKNOWN,D,NOT CONSOLIDATED,N,NO - SERVICE WHERE PBA IS NOT USED.,N,NO,A,FAR 52.232-16 PROGRESS PAYMENTS,N,NO,X,NOT APPLICABLE,f,f,f,f,f,f,f,f,f,f,f,f,t,f,f,t,f,f,f,SMALL BUSINESS,S,f,f,f,f,f,f,f,f,f,f,f,f,f,f,f,f,f,PARTNERSHIP,f,f,t,f,f,f,f,f,f,f,f,f,f,f,f,f,f,t,f,f,f,f,f,f,f,f,t,f,t,f,f,f,f,f,f,f,f,f,f,f,f,f,f,f,f,t,f,t,f,f,,,,,,,,,,,https://www.usaspending.gov/award/CONT_AWD_W912DR20C0048_9700_-NONE-_-NONE-/,2021-04-20 13:27:32+00
CONT_AWD_W912EE15C0002_9700_-NONE-_-NONE-,W912EE15C0002,,,,,,,,,1952508.97,,1952508.97,1952508.97,2014-12-04,2015,2021-04-16,2021,2014-12-04,2025-04-30,2025-04-30 00:00:00,,,097,Department of Defense,2100,Department of the Army,W912EE,W07V ENDIST VICKSBURG,096,Corps of Engineers - Civil Works,96CE,U.S. Army Corps of Engineers - Civil Program Financing Only,966501,,,,,,X,NOT APPLICABLE,,,ZJGMUC81P2D9,142544464,"MY COMPANY, INC.",MY COMPANY INC,,3SET2,ZJGMUC81P2D9,142544464,"MY COMPANY, INC.",MY COMPANY INC.,USA,UNITED STATES,729 SE WEAR AVE STE A,,TOPEKA,20177,SHAWNEE,20,KS,KANSAS,666072301,KS-02,KS-02,7852211008,7853578847,USA,UNITED STATES,GLEN ALLAN,28151,WASHINGTON,28,MS,MISSISSIPPI,387449600,MS-02,MS-02,AWARD,D,DEFINITIVE CONTRACT,,,,,,,J,FIRM FIXED PRICE,IGF::OT::IGF  LEVEE ENLARGEMENT 511-L,W912EE14B0013,1,OT,OTHER FUNCTIONS,Y1PZ,CONSTRUCTION OF OTHER NON-BUILDING FACILITIES,D,NOT A BUNDLED REQUIREMENT,C2,CONSTRUCTION,237990,OTHER HEAVY AND CIVIL ENGINEERING CONSTRUCTION,C,NO CLAUSES INCLUDED AND NO SUSTAINABILITY INCLUDED,A,U.S. OWNED BUSINESS,000,NONE,Z,NOT IT PRODUCTS OR SERVICES,E,NOT REQUIRED,USA,UNITED STATES,C,NOT A MANUFACTURED END PRODUCT,B,PLAN NOT REQUIRED,D,FULL AND OPEN COMPETITION AFTER EXCLUSION OF SOURCES,SB,SEALED BID,SBA,SMALL BUSINESS SET ASIDE - TOTAL,NONE,NO PREFERENCE USED,,,,,,,10,D,COMMERCIAL ITEM PROCEDURES NOT USED,f,N,NO,N,NO,Y,YES,N,NO,0.00,N,NO,N,NO,N,NO,Y,YES,X,NOT APPLICABLE,,,,,,,,NONE,NONE,N,NO,X,NOT APPLICABLE EXEMPT FROM CAS,N,TRANSACTION DOES NOT USE GFE/GFP,U,UNKNOWN,N,NO,N,NO - SERVICE WHERE PBA IS NOT USED.,N,NO,C,PERCENTAGE OF COMPLETION PROGRESS PAYMENTS,N,NO,X,NOT APPLICABLE,f,f,f,f,f,f,f,t,t,t,f,f,t,f,f,t,f,f,f,SMALL BUSINESS,S,f,f,f,f,f,f,f,f,f,f,f,f,f,f,f,f,f,CORPORATE NOT TAX EXEMPT,t,f,f,f,f,f,f,f,f,f,f,f,f,f,f,f,f,t,f,f,f,f,f,f,f,f,f,f,t,f,f,f,f,f,f,f,f,f,f,f,f,f,f,f,t,t,f,f,t,f,,,,,,,,,,,https://www.usaspending.gov/award/CONT_AWD_W912EE15C0002_9700_-NONE-_-NONE-/,2021-04-16 14:04:43+00
CONT_AWD_W912EF15C0019_9700_-NONE-_-NONE-,W912EF15C0019,,,,,,,,,16050541.00,,16050541.00,16960762.60,2015-07-17,2015,2021-04-19,2021,2015-07-17,2021-04-30,2021-04-30 00:00:00,,,097,Department of Defense,2100,Department of the Army,W912EF,US ARMY ENGINEER DISTRICT WALLA WAL,096,Corps of Engineers - Civil Works,96CE,U.S. Army Corps of Engineers - Civil Program Financing Only,966501,,,,,,X,NOT APPLICABLE,,,FG2MMDESNTH3,,ANDRITZ HYDRO CORP,ANDRITZ HYDRO CORP.,,6M533,KLLHBLEURCN1,,ANDRITZ AG,ANDRITZ AG,USA,UNITED STATES,10735 DAVID TAYLOR DR STE 500,,CHARLOTTE,37119,MECKLENBURG,37,NC,NORTH CAROLINA,282621289,NC-12,NC-12,7049434343,7049430200,USA,UNITED STATES,KAHLOTUS,53021,FRANKLIN,53,WA,WASHINGTON,993350010,WA-04,WA-05,AWARD,D,DEFINITIVE CONTRACT,,,,,,,J,FIRM FIXED PRICE,"IGF::OT::IGF  LOWER MONUMENTAL DAM, MAIN GENERATOR UNIT 1 REWIND, LINKAGE REPAIR, AND CAVITATION REPAIR, MAIN GENERATOR UNIT 2, CAVITATION REPAIR",W912EF15R0001,1,OT,OTHER FUNCTIONS,Z2KA,REPAIR OR ALTERATION OF DAMS,D,NOT A BUNDLED REQUIREMENT,C2,CONSTRUCTION,237990,OTHER HEAVY AND CIVIL ENGINEERING CONSTRUCTION,E,BIO-BASED,C,FOREIGN-OWNED BUSINESS INCORPORATED IN THE U.S.,000,NONE,Z,NOT IT PRODUCTS OR SERVICES,A,MEETS REQUIREMENTS,CAN,CANADA,C,NOT A MANUFACTURED END PRODUCT,F,INDIVIDUAL SUBCONTRACT PLAN,A,FULL AND OPEN COMPETITION,NP,NEGOTIATED PROPOSAL/QUOTE,NONE,NO SET ASIDE USED.,NONE,NO PREFERENCE USED,,,,,,,3,D,COMMERCIAL ITEM PROCEDURES NOT USED,f,N,NO,N,NO,Y,YES,N,NO,0.00,N,NO,N,NO,N,NO,Y,YES,X,NOT APPLICABLE,,,,,,,,NONE,NONE,N,NO,Y,YES - CAS CLAUSE INCLUDED,N,TRANSACTION DOES NOT USE GFE/GFP,U,UNKNOWN,N,NO,Y,YES - SERVICE WHERE PBA IS USED.,N,NO,C,PERCENTAGE OF COMPLETION PROGRESS PAYMENTS,N,NO,X,NOT APPLICABLE,f,f,f,f,f,f,f,f,f,f,f,f,f,f,f,f,f,f,f,OTHER THAN SMALL BUSINESS,O,f,f,f,f,f,f,f,f,f,f,f,f,f,f,f,f,f,CORPORATE NOT TAX EXEMPT,t,f,f,f,f,f,f,f,f,f,f,f,f,f,f,f,f,t,f,f,f,f,f,f,f,f,f,f,t,f,f,f,f,f,f,f,f,f,f,f,f,f,f,f,f,f,f,f,f,f,,,,,,,,,,,https://www.usaspending.gov/award/CONT_AWD_W912EF15C0019_9700_-NONE-_-NONE-/,2025-04-01 10:21:17+00
CONT_AWD_W912EF15C0031_9700_-NONE-_-NONE-,W912EF15C0031,,,,,,,,,11916617.00,,11916617.00,11916617.00,2015-09-28,2015,2021-04-19,2021,2015-09-28,2021-04-30,2021-04-30 00:00:00,,,097,Department of Defense,2100,Department of the Army,W912EF,US ARMY ENGINEER DISTRICT WALLA WAL,096,Corps of Engineers - Civil Works,96CE,U.S. Army Corps of Engineers - Civil Program Financing Only,966501,,,,,,X,NOT APPLICABLE,,,FG2MMDESNTH3,807792031,ANDRITZ HYDRO CORP,ANDRITZ HYDRO CORP.,,6M533,KLLHBLEURCN1,300197993,ANDRITZ AG,ANDRITZ AG,USA,UNITED STATES,10735 DAVID TAYLOR DR STE 500,,CHARLOTTE,37119,MECKLENBURG,37,NC,NORTH CAROLINA,282621289,NC-12,NC-12,7049434343,7049430200,USA,UNITED STATES,AHSAHKA,16035,CLEARWATER,16,ID,IDAHO,835200048,ID-01,ID-01,AWARD,D,DEFINITIVE CONTRACT,,,,,,,J,FIRM FIXED PRICE,"IGF::OT::IGF DISASSEMBLE MAIN UNIT GENERATOR #3 AT DWORSHAK DAM, PROVIDE AND INSTALL NEW STATOR WINDING AND CORE, REASSEMBLE AND COMMISSION THE UNIT.",W912EF15R0019,1,OT,OTHER FUNCTIONS,Z2KA,REPAIR OR ALTERATION OF DAMS,D,NOT A BUNDLED REQUIREMENT,C2,CONSTRUCTION,237990,OTHER HEAVY AND CIVIL ENGINEERING CONSTRUCTION,E,BIO-BASED,C,FOREIGN-OWNED BUSINESS INCORPORATED IN THE U.S.,000,NONE,Z,NOT IT PRODUCTS OR SERVICES,A,MEETS REQUIREMENTS,USA,UNITED STATES,C,NOT A MANUFACTURED END PRODUCT,F,INDIVIDUAL SUBCONTRACT PLAN,A,FULL AND OPEN COMPETITION,NP,NEGOTIATED PROPOSAL/QUOTE,NONE,NO SET ASIDE USED.,NONE,NO PREFERENCE USED,,,,,,,5,D,COMMERCIAL ITEM PROCEDURES NOT USED,f,N,NO,N,NO,Y,YES,N,NO,0.00,N,NO,N,NO,N,NO,Y,YES,X,NOT APPLICABLE,,,,,,,,NONE,NONE,N,NO,X,NOT APPLICABLE EXEMPT FROM CAS,N,TRANSACTION DOES NOT USE GFE/GFP,N,NO,N,NO,Y,YES - SERVICE WHERE PBA IS USED.,N,NO,C,PERCENTAGE OF COMPLETION PROGRESS PAYMENTS,N,NO,X,NOT APPLICABLE,f,f,f,f,f,f,f,f,f,f,f,f,f,f,f,f,f,f,f,OTHER THAN SMALL BUSINESS,O,f,f,f,f,f,f,f,f,f,f,f,f,f,f,f,f,f,CORPORATE NOT TAX EXEMPT,t,f,f,f,f,f,f,f,f,f,f,f,f,f,f,f,f,t,f,f,f,f,f,f,f,f,f,f,t,f,f,f,f,f,f,f,f,f,f,f,f,f,f,f,f,f,f,f,f,f,,,,,,,,,,,https://www.usaspending.gov/award/CONT_AWD_W912EF15C0031_9700_-NONE-_-NONE-/,2021-04-19 17:49:39+00
CONT_AWD_W912EF20C0032_9700_-NONE-_-NONE-,W912EF20C0032,,,,Q: Not Designated Nonemergency/Emergency/Disaster/Wildfire Suppression,,,,,554965.16,0.00,554965.16,554965.16,2020-09-28,2020,2021-04-19,2021,2020-09-28,2021-05-16,2021-05-16 00:00:00,,2020-08-13,097,Department of Defense,2100,Department of the Army,W912EF,US ARMY ENGINEER DISTRICT WALLA WAL,096,Corps of Engineers - Civil Works,96CE,U.S. Army Corps of Engineers - Civil Program Financing Only,966501,,096-X-3123-000,096-3123,32.0: Land and structures,0002: FLOOD RISK MANAGEMENT,X,NOT APPLICABLE,,,Y4CBP2VLNQC7,966511920,YOY INC,"YOY, INC",,6A1F9,Y4CBP2VLNQC7,966511920,YOY INC,YOY INC.,USA,UNITED STATES,601 E FRONT AVE STE 205,,COEUR D ALENE,16055,KOOTENAI,16,ID,IDAHO,838145169,ID-01,ID-01,2086671214,,USA,UNITED STATES,WALLA WALLA,53071,WALLA WALLA,53,WA,WASHINGTON,993621111,WA-05,WA-05,AWARD,D,DEFINITIVE CONTRACT,,,,,,,J,FIRM FIXED PRICE,MILL CREEK MAINTENANCE BUILDING INTERIOR UPGRADES,W912EF20B0009,1,OT,OTHER FUNCTIONS,Z2JZ,REPAIR OR ALTERATION OF MISCELLANEOUS BUILDINGS,H,NOT BUNDLED,C2,CONSTRUCTION,237990,OTHER HEAVY AND CIVIL ENGINEERING CONSTRUCTION,E,BIO-BASED,A,U.S. OWNED BUSINESS,000,NONE,Z,NOT IT PRODUCTS OR SERVICES,A,MEETS REQUIREMENTS,USA,UNITED STATES,C,NOT A MANUFACTURED END PRODUCT,B,PLAN NOT REQUIRED,D,FULL AND OPEN COMPETITION AFTER EXCLUSION OF SOURCES,SB,SEALED BID,WOSB,WOMEN OWNED SMALL BUSINESS,NONE,NO PREFERENCE USED,,,,,,,2,D,COMMERCIAL ITEM PROCEDURES NOT USED,f,N,NO,N,NO,Y,YES,N,NO,0.00,N,NO,X,NOT APPLICABLE,X,NOT APPLICABLE,Y,YES,X,NOT APPLICABLE,,,,,,,,P20C,COVID-19 2020,N,NO,X,NOT APPLICABLE EXEMPT FROM CAS,N,TRANSACTION DOES NOT USE GFE/GFP,U,UNKNOWN,D,NOT CONSOLIDATED,Y,YES - SERVICE WHERE PBA IS USED.,N,NO,C,PERCENTAGE OF COMPLETION PROGRESS PAYMENTS,N,NO,C,"PRESIDENTIAL ISSUED EMERGENCY DECLARATION, OR A MAJOR DISASTER DECLARATION",f,f,f,f,f,f,f,t,t,t,f,f,f,f,f,f,f,f,f,SMALL BUSINESS,S,f,f,f,f,f,f,f,f,f,f,f,f,f,f,f,f,f,CORPORATE NOT TAX EXEMPT,t,f,f,f,f,f,f,f,f,f,f,f,f,f,f,f,f,t,f,f,f,f,f,f,f,t,f,f,t,f,f,f,f,f,f,f,f,f,f,f,f,f,f,f,t,t,f,t,f,f,,,,,,,,,,,https://www.usaspending.gov/award/CONT_AWD_W912EF20C0032_9700_-NONE-_-NONE-/,2021-04-19 18:06:20+00
CONT_AWD_W912EQ19C0009_9700_-NONE-_-NONE-,W912EQ19C0009,,,,Q: Not Designated Nonemergency/Emergency/Disaster/Wildfire Suppression,,,,,1397229.15,107507.79,1397229.15,1397229.15,2019-08-28,2019,2021-04-21,2021,2019-08-25,2021-08-26,2021-08-26 00:00:00,,2019-07-17,097,Department of Defense,2100,Department of the Army,W912EQ,W07V ENDIST MEMPHIS,096,Corps of Engineers - Civil Works,96CE,U.S. Army Corps of Engineers - Civil Program Financing Only,964700,ARMY CORPS OF ENGINEERS CIVIL WORKS,096-X-3112-000,096-3112,32.0: Land and structures,0002: FLOOD RISK MANAGMENT,X,NOT APPLICABLE,,,Q1S1GXV8CU75,945067569,"C & M CONTRACTORS, INC","C & M CONTRACTORS, INC.",,1TRG6,Q1S1GXV8CU75,945067569,"C & M CONTRACTORS, INC",C & M CONTRACTORS  INC.,USA,UNITED STATES,HC 6-286,,DONIPHAN,29181,RIPLEY,29,MO,MISSOURI,63935,MO-08,MO-08,5739963113,5739963883,USA,UNITED STATES,NEW MADRID,29143,NEW MADRID,29,MO,MISSOURI,638691945,MO-08,MO-08,AWARD,D,DEFINITIVE CONTRACT,,,,,,,J,FIRM FIXED PRICE,OUTLET STRUCTURE (CAST IN PLACE),W912EQ19R0014,1,OT,OTHER FUNCTIONS,Y1QA,CONSTRUCTION OF RESTORATION OF REAL PROPERTY (PUBLIC OR PRIVATE),H,NOT BUNDLED,C2,CONSTRUCTION,237990,OTHER HEAVY AND CIVIL ENGINEERING CONSTRUCTION,C,NO CLAUSES INCLUDED AND NO SUSTAINABILITY INCLUDED,A,U.S. OWNED BUSINESS,000,NONE,Z,NOT IT PRODUCTS OR SERVICES,E,NOT REQUIRED,USA,UNITED STATES,C,NOT A MANUFACTURED END PRODUCT,B,PLAN NOT REQUIRED,B,NOT AVAILABLE FOR COMPETITION,SSS,ONLY ONE SOURCE,8AN,8(A) SOLE SOURCE,NONE,NO PREFERENCE USED,,,,,OTH,AUTHORIZED BY STATUTE (FAR 6.302-5(A)(2)(I)),1,D,COMMERCIAL ITEM PROCEDURES NOT USED,f,N,NO,N,NO,X,NOT APPLICABLE,N,NO,0.00,N,NO,X,NOT APPLICABLE,X,NOT APPLICABLE,Y,YES,X,NOT APPLICABLE,,,,,,,,NONE,NONE,N,NO,X,NOT APPLICABLE EXEMPT FROM CAS,N,TRANSACTION DOES NOT USE GFE/GFP,N,NO,D,NOT CONSOLIDATED,N,NO - SERVICE WHERE PBA IS NOT USED.,N,NO,C,PERCENTAGE OF COMPLETION PROGRESS PAYMENTS,N,NO,X,NOT APPLICABLE,f,f,f,f,f,f,f,t,t,t,f,f,f,f,f,f,f,f,f,SMALL BUSINESS,S,f,f,f,f,f,f,f,f,f,f,f,f,f,f,f,f,f,CORPORATE NOT TAX EXEMPT,t,f,f,f,f,f,f,f,f,f,f,f,f,f,f,f,f,t,f,f,f,f,f,f,f,t,f,f,t,f,f,f,f,f,f,f,f,f,f,f,f,f,f,f,t,f,f,t,t,f,,,,,,,,,,,https://www.usaspending.gov/award/CONT_AWD_W912EQ19C0009_9700_-NONE-_-NONE-/,2021-04-21 10:12:17+00
CONT_AWD_W912ER21C0003_9700_-NONE-_-NONE-,W912ER21C0003,,,,,,,,,641046.64,,641046.64,641046.64,2020-11-24,2021,2021-04-21,2021,2020-11-24,2021-04-23,2021-04-23 00:00:00,,2020-11-06,097,Department of Defense,2100,Department of the Army,W912ER,W076 ENDIST MIDDLE EAS(PROVIS),097,Department of Defense,2100,Department of the Army,W912ER,W076 ENDIST MIDDLE EAS(PROVIS),,,,,X,NOT APPLICABLE,,,HCMNS8AKL1P1,605755339,INTERDYNE CORP,INTERDYNE CORP.,,34310,HCMNS8AKL1P1,605755339,INTERDYNE CORP,INTERDYNE CORP.,USA,UNITED STATES,20513 QUEENSDALE DR,,CORNELIUS,37119,MECKLENBURG,37,NC,NORTH CAROLINA,280316536,NC-09,NC-14,7046609172,7046605517,EGY,EGYPT,,,,,,,,,,AWARD,D,DEFINITIVE CONTRACT,,,,,,,J,FIRM FIXED PRICE,URGENT REPAIRS TO EGYPTIAN NAVY FACILITIES,W912ER21R0010,1,OT,OTHER FUNCTIONS,Y1EB,CONSTRUCTION OF MAINTENANCE BUILDINGS,H,NOT BUNDLED,C2,CONSTRUCTION,236220,COMMERCIAL AND INSTITUTIONAL BUILDING CONSTRUCTION,C,NO CLAUSES INCLUDED AND NO SUSTAINABILITY INCLUDED,A,U.S. OWNED BUSINESS,000,NONE,Z,NOT IT PRODUCTS OR SERVICES,E,NOT REQUIRED,EGY,EGYPT,C,NOT A MANUFACTURED END PRODUCT,B,PLAN NOT REQUIRED,B,NOT AVAILABLE FOR COMPETITION,SSS,ONLY ONE SOURCE,NONE,NO SET ASIDE USED.,NONE,NO PREFERENCE USED,,,,,IA,INTERNATIONAL AGREEMENT (FAR 6.302-4),1,A,COMMERCIAL ITEM,f,N,NO,N,NO,N,NO,N,NO,0.00,N,NO,X,NOT APPLICABLE,X,NOT APPLICABLE,X,NOT APPLICABLE,X,NOT APPLICABLE,,,,,,,,NONE,NONE,N,NO,X,NOT APPLICABLE EXEMPT FROM CAS,N,TRANSACTION DOES NOT USE GFE/GFP,U,UNKNOWN,D,NOT CONSOLIDATED,N,NO - SERVICE WHERE PBA IS NOT USED.,N,NO,Z,NOT APPLICABLE,N,NO,X,NOT APPLICABLE,f,f,f,f,f,f,f,t,t,f,f,f,f,f,f,f,f,f,f,SMALL BUSINESS,S,f,f,f,f,f,f,f,f,f,f,f,f,f,f,f,f,f,CORPORATE NOT TAX EXEMPT,t,f,f,f,f,f,f,f,f,f,f,f,f,f,f,f,f,t,f,f,f,f,f,f,f,t,f,f,t,f,f,f,f,f,f,f,f,f,f,f,f,f,f,f,f,f,f,f,f,f,,,,,,,,,,,https://www.usaspending.gov/award/CONT_AWD_W912ER21C0003_9700_-NONE-_-NONE-/,2021-04-21 13:42:01+00
CONT_AWD_W912ER21C0009_9700_-NONE-_-NONE-,W912ER21C0009,,,,Q: Not Designated Nonemergency/Emergency/Disaster/Wildfire Suppression,,,,,289000.00,0.00,289000.00,289000.00,2020-12-22,2021,2021-04-21,2021,2020-12-22,2021-08-18,2021-08-18 00:00:00,,,097,Department of Defense,2100,Department of the Army,W912ER,W076 ENDIST MIDDLE EAS(PROVIS),097,Department of Defense,2100,Department of the Army,W912ER,W076 ENDIST MIDDLE EAS(PROVIS),021-2019/2023-2050-000,021-2050,25.4: Operation and maintenance of facilities,0001: MAJOR CONSTRUCTION,A,FOREIGN FUNDS FMS,,,DM3PKXM3BCL5,080431163,AQ MANAGEMENT AND CONSTRUCTIONS LLC,AQ MANAGEMENT AND CONSTRUCTIONS LLC,,8RHE0,DM3PKXM3BCL5,080431163,AQ MANAGEMENT AND CONSTRUCTIONS LLC,AQ MANAGEMENT AND CONSTRUCTIONS LLC,USA,UNITED STATES,726 COTTONWOOD BEND DRIVE,,ALLEN,48085,COLLIN,48,TX,TEXAS,750025202,TX-03,TX-03,2144633436,,USA,UNITED STATES,ALLEN,48085,COLLIN,48,TX,TEXAS,750025202,TX-03,TX-03,AWARD,D,DEFINITIVE CONTRACT,,,,,,,J,FIRM FIXED PRICE,PROCUREMENT OF TWO OFFICE TRAILERS FOR IRAQ UNDER FMS CASE IQ-B-ADU.,W912ER20R0041,1,OT,OTHER FUNCTIONS,2330,TRAILERS,H,NOT BUNDLED,C9E,ALL OTHERS NOT IDENTIFIABLE TO ANY OTHER PROCUREMENT PROGRAM,321991,MANUFACTURED HOME (MOBILE HOME) MANUFACTURING,C,NO CLAUSES INCLUDED AND NO SUSTAINABILITY INCLUDED,O,OTHER FOREIGN ENTITY (E.G. FOREIGN GOVERNMENT),000,NONE,Z,NOT IT PRODUCTS OR SERVICES,A,MEETS REQUIREMENTS,USA,UNITED STATES,D,MFG IN U.S.,B,PLAN NOT REQUIRED,F,COMPETED UNDER SAP,SP1,SIMPLIFIED ACQUISITION,NONE,NO SET ASIDE USED.,NONE,NO PREFERENCE USED,,,,,,,8,A,COMMERCIAL ITEM,f,N,NO,N,NO,Y,YES,N,NO,0.00,N,NO,N,NO,Y,YES,X,NOT APPLICABLE,X,NOT APPLICABLE,,,,,,,,NONE,NONE,N,NO,X,NOT APPLICABLE EXEMPT FROM CAS,N,TRANSACTION DOES NOT USE GFE/GFP,N,NO,D,NOT CONSOLIDATED,X,NOT APPLICABLE,N,NO,Z,NOT APPLICABLE,N,NO,X,NOT APPLICABLE,f,f,f,f,f,f,f,f,f,f,f,f,f,f,f,f,f,f,f,OTHER THAN SMALL BUSINESS,O,f,f,f,f,f,f,f,f,f,f,f,f,f,f,f,f,f,PARTNERSHIP,f,f,t,f,f,f,f,f,f,f,f,f,f,f,f,f,f,t,f,f,f,f,f,f,f,f,t,f,t,f,f,f,f,f,f,f,f,f,f,f,f,f,f,f,f,t,f,f,f,f,,,,,,,,,,,https://www.usaspending.gov/award/CONT_AWD_W912ER21C0009_9700_-NONE-_-NONE-/,2021-04-21 13:50:45+00
CONT_AWD_W912GB18C0031_9700_-NONE-_-NONE-,W912GB18C0031,,,,,,,,,12642.69,,12642.69,12642.69,2018-09-24,2018,2021-04-21,2021,2018-09-13,2025-09-18,2025-09-18 00:00:00,,2018-09-12,097,Department of Defense,2100,Department of the Army,W912GB,W2SD ENDIST EUROPE,097,Department of Defense,2100,Department of the Army,W80T26,W6E6 USAG RHEINLAND-PFALZ,,,,,X,NOT APPLICABLE,6,AWARDS TO FOREIGN ENTITIES FOR WORK PERFORMED OUTSIDE THE UNITED STATES,WWFNFCV65M13,332619535,BUNDESAMT FÜR BAUWESEN UND RAUMORDNUNG,BUNDESAMT FÜR BAUWESEN UND RAUMORDNUNG,,,WWFNFCV65M13,332619535,BUNDESAMT FÜR BAUWESEN UND RAUMORDNUNG,BUNDESAMT FUER BAUWESEN UND RAUMORDNUNG,DEU,GERMANY,DEICHMANNS AUE 31-37,,BONN,,,,,,53179,,,0228 994010,,DEU,GERMANY,,,,,,,,,,AWARD,D,DEFINITIVE CONTRACT,,,,,,,J,FIRM FIXED PRICE,"IGF::OT::IGF REPAIR SEWER LINE, PANZER KASERNE, KAISERSLAUTERN GERMANY IGF::OT::IGF SOFA",,1,OT,OTHER FUNCTIONS,Y1ND,CONSTRUCTION OF SEWAGE AND WASTE FACILITIES,H,NOT BUNDLED,C2,CONSTRUCTION,238990,ALL OTHER SPECIALTY TRADE CONTRACTORS,C,NO CLAUSES INCLUDED AND NO SUSTAINABILITY INCLUDED,D,FOREIGN-OWNED BUSINESS NOT INCORPORATED IN THE U.S.,000,NONE,Z,NOT IT PRODUCTS OR SERVICES,E,NOT REQUIRED,DEU,GERMANY,C,NOT A MANUFACTURED END PRODUCT,B,PLAN NOT REQUIRED,A,FULL AND OPEN COMPETITION,NP,NEGOTIATED PROPOSAL/QUOTE,NONE,NO SET ASIDE USED.,NONE,NO PREFERENCE USED,,,,,,,2,D,COMMERCIAL ITEM PROCEDURES NOT USED,f,N,NO,N,NO,X,NOT APPLICABLE,N,NO,0.00,N,NO,X,NOT APPLICABLE,X,NOT APPLICABLE,X,NOT APPLICABLE,X,NOT APPLICABLE,,,,,,,,NONE,NONE,N,NO,X,NOT APPLICABLE EXEMPT FROM CAS,N,TRANSACTION DOES NOT USE GFE/GFP,U,UNKNOWN,D,NOT CONSOLIDATED,N,NO - SERVICE WHERE PBA IS NOT USED.,N,NO,C,PERCENTAGE OF COMPLETION PROGRESS PAYMENTS,N,NO,X,NOT APPLICABLE,f,f,f,f,f,f,f,f,f,f,f,f,f,f,f,f,f,f,f,OTHER THAN SMALL BUSINESS,O,f,f,f,f,f,f,f,f,f,f,f,f,f,f,f,f,f,,f,f,f,f,f,f,f,f,f,f,f,f,f,f,f,f,f,f,f,f,f,f,f,f,f,f,f,f,f,f,f,f,f,f,f,f,f,f,f,f,f,f,f,f,f,f,f,f,f,f,,,,,,,,,,,https://www.usaspending.gov/award/CONT_AWD_W912GB18C0031_9700_-NONE-_-NONE-/,2021-10-31 14:17:21+00
CONT_AWD_W912HN16C0014_9700_-NONE-_-NONE-,W912HN16C0014,,,,Q: Not Designated Nonemergency/Emergency/Disaster/Wildfire Suppression,,,,,175851815.00,286634.40,175851815.00,175851815.00,2016-08-29,2016,2021-04-19,2021,2016-08-29,2020-02-10,2020-02-10 00:00:00,,,097,Department of Defense,2100,Department of the Army,W912HN,W074 ENDIST SAVANNAH,097,Department of Defense,2100,Department of the Army,W33SJG,W2SR ENDIST SAVANNAH CW,021-2013/2017-2050-000;021-2015/2017-2035-000;021-2016/2020-2050-000;021-2017/2021-2050-000,021-2035;021-2050,25.2: Other services from non-Federal sources;31.0: Equipment;32.0: Land and structures,0001: MAJOR CONSTRUCTION;OPTN: FIELD IS OPTIONAL PRIOR TO FY21,X,NOT APPLICABLE,,,XXNJCWMAKNH8,119778806,BL HARBERT INTERNATIONAL LLC,"B.L. HARBERT INTERNATIONAL, L.L.C.",,1NRU1,SRD8XK49KFY3,147371236,"B.L. HARBERT HOLDINGS, L.L.C.",B.L. HARBERT HOLDINGS  L.L.C.,USA,UNITED STATES,820 SHADES CREEK PKWY STE 3000,,BIRMINGHAM,01073,JEFFERSON,01,AL,ALABAMA,352094564,AL-06,AL-06,2058022831,2058022801,USA,UNITED STATES,AUGUSTA,13245,RICHMOND,13,GA,GEORGIA,309050001,GA-12,GA-12,AWARD,D,DEFINITIVE CONTRACT,,,,,,,J,FIRM FIXED PRICE,"IGF::OT::IGF ARCYBER HQ, FORT GORDON, GA (PN 85811 AND 85818)",W912HN16B0002,1,OT,OTHER FUNCTIONS,Y1AZ,CONSTRUCTION OF OTHER ADMINISTRATIVE FACILITIES AND SERVICE BUILDINGS,D,NOT A BUNDLED REQUIREMENT,C2,CONSTRUCTION,236220,COMMERCIAL AND INSTITUTIONAL BUILDING CONSTRUCTION,C,NO CLAUSES INCLUDED AND NO SUSTAINABILITY INCLUDED,A,U.S. OWNED BUSINESS,000,NONE,Z,NOT IT PRODUCTS OR SERVICES,A,MEETS REQUIREMENTS,USA,UNITED STATES,C,NOT A MANUFACTURED END PRODUCT,F,INDIVIDUAL SUBCONTRACT PLAN,A,FULL AND OPEN COMPETITION,TS,TWO STEP,NONE,NO SET ASIDE USED.,NONE,NO PREFERENCE USED,,,,,,,10,D,COMMERCIAL ITEM PROCEDURES NOT USED,f,N,NO,N,NO,Y,YES,N,NO,0.00,N,NO,N,NO,N,NO,Y,YES,X,NOT APPLICABLE,,,,,,,,NONE,NONE,N,NO,X,NOT APPLICABLE EXEMPT FROM CAS,N,TRANSACTION DOES NOT USE GFE/GFP,U,UNKNOWN,Y,YES,N,NO - SERVICE WHERE PBA IS NOT USED.,N,NO,Z,NOT APPLICABLE,N,NO,X,NOT APPLICABLE,f,f,f,f,f,f,f,f,f,f,f,f,f,f,f,f,f,f,f,OTHER THAN SMALL BUSINESS,O,f,f,f,f,f,f,f,f,f,f,f,f,f,f,f,f,f,PARTNERSHIP,f,f,t,f,f,f,f,f,f,f,f,f,f,f,f,f,f,t,f,f,f,f,f,f,f,f,t,f,t,f,f,f,f,f,f,f,f,f,f,f,f,f,f,f,f,f,f,f,f,f,,,,,,,,,,,https://www.usaspending.gov/award/CONT_AWD_W912HN16C0014_9700_-NONE-_-NONE-/,2021-04-19 16:40:44+00
CONT_AWD_W912HQ19C0015_9700_-NONE-_-NONE-,W912HQ19C0015,,,,Q: Not Designated Nonemergency/Emergency/Disaster/Wildfire Suppression,,,,,666268.00,0.00,666268.00,666268.00,2019-04-09,2019,2021-04-21,2021,2019-04-09,2022-04-08,2022-04-08 00:00:00,,2017-10-26,097,Department of Defense,2100,Department of the Army,W912HQ,W4LD USA HECSA,097,Department of Defense,2100,Department of the Army,W74RDV,W0JV HQ USACE MIL PROGRAMS,097-2020/2021-0400-000,097-0400,25.5: Research and development contracts,,X,NOT APPLICABLE,,,C1HBCJ9RMBV3,,THE JOHNS HOPKINS UNIVERSITY APPLIED PHYSICS LABORATORY LLC,"JOHNS HOPKINS UNIVERSITY APPLIED PHYSICS LABORATORY LLC, THE",,88898,FTMTDMBR29C7,,THE JOHNS HOPKINS UNIVERSITY,JOHNS HOPKINS UNIVERSITY,USA,UNITED STATES,11100 JOHNS HOPKINS RD,,LAUREL,24027,HOWARD,24,MD,MARYLAND,207236005,MD-03,MD-03,2402285646,,USA,UNITED STATES,LAUREL,24027,HOWARD,24,MD,MARYLAND,207236005,MD-03,MD-03,AWARD,D,DEFINITIVE CONTRACT,,,,,,,U,COST PLUS FIXED FEE,"IGF::OT::IGF--MR19-1126 ENTITLED ""ADVANCED CAPABILITIES IN THE UNDERWATER MUNITIONS EXPERT SYSTEM""",W912HQ18S0001,1,OT,OTHER FUNCTIONS,AH91,R&D- ENVIRONMENTAL PROTECTION: OTHER (BASIC RESEARCH),H,NOT BUNDLED,S1,SERVICES,541715,"RESEARCH AND DEVELOPMENT IN THE PHYSICAL, ENGINEERING, AND LIFE SCIENCES (EXCEPT NANOTECHNOLOGY AND BIOTECHNOLOGY)",D,ENERGY EFFICIENT,A,U.S. OWNED BUSINESS,000,NONE,Z,NOT IT PRODUCTS OR SERVICES,E,NOT REQUIRED,USA,UNITED STATES,C,NOT A MANUFACTURED END PRODUCT,B,PLAN NOT REQUIRED,A,FULL AND OPEN COMPETITION,BR,BASIC RESEARCH,NONE,NO SET ASIDE USED.,NONE,NO PREFERENCE USED,,,,,,,95,D,COMMERCIAL ITEM PROCEDURES NOT USED,f,N,NO,N,NO,Y,YES,N,NO,0.00,N,NO,X,NOT APPLICABLE,X,NOT APPLICABLE,X,NOT APPLICABLE,X,NOT APPLICABLE,,,,,,,,NONE,NONE,N,NO,Y,YES - CAS CLAUSE INCLUDED,N,TRANSACTION DOES NOT USE GFE/GFP,U,UNKNOWN,D,NOT CONSOLIDATED,N,NO - SERVICE WHERE PBA IS NOT USED.,N,NO,Z,NOT APPLICABLE,N,NO,X,NOT APPLICABLE,f,f,f,f,f,f,f,f,f,f,f,f,f,f,f,f,f,f,f,OTHER THAN SMALL BUSINESS,O,f,f,f,f,f,f,f,f,f,f,f,f,f,f,f,f,f,OTHER,f,f,f,f,f,f,f,f,f,f,f,f,f,f,f,f,f,t,f,f,f,f,f,f,f,f,t,f,f,f,t,f,f,f,f,f,f,f,f,f,f,f,f,f,f,f,f,f,f,f,,,,,,,,,,,https://www.usaspending.gov/award/CONT_AWD_W912HQ19C0015_9700_-NONE-_-NONE-/,2022-04-01 14:22:53+00
CONT_AWD_W912HY20C0002_9700_-NONE-_-NONE-,W912HY20C0002,,,,C: Emergency P.L. 115-123,,,,,12033925.60,6489630.56,12033925.60,12033925.60,2019-10-21,2020,2021-04-20,2021,2019-10-21,2020-08-19,2020-08-19 00:00:00,,2019-08-29,097,Department of Defense,2100,Department of the Army,W912HY,W076 ENDIST GALVESTON,097,Department of Defense,2100,Department of the Army,W912HY,W076 ENDIST GALVESTON,096-X-3125-000,096-3125,32.0: Land and structures,0006: EMERGENCY MANAGEMENT;OPTN: FIELD IS OPTIONAL PRIOR TO FY21,X,NOT APPLICABLE,,,EQUGGRN48HG5,962375254,"PONTCHARTRAIN PARTNERS, LLC","PONTCHARTRAIN PARTNERS, LLC",,62HX9,EQUGGRN48HG5,962375254,"PONTCHARTRAIN PARTNERS, LLC",PONTCHARTRAIN PARTNERS  LLC,USA,UNITED STATES,739 S CLARK ST,,NEW ORLEANS,22071,ORLEANS,22,LA,LOUISIANA,701197009,LA-02,LA-02,5048723199,5047547826,USA,UNITED STATES,GALVESTON,48167,GALVESTON,48,TX,TEXAS,775531229,TX-14,TX-14,AWARD,D,DEFINITIVE CONTRACT,,,,,,,J,FIRM FIXED PRICE,"100% SERVICE DISABLED VETERAN OWNED SMALL BUSINESS SET-ASIDE FOR TEXAS CITY HURRICANE FLOOD PROTECTION IN GALVESTON COUNTY, TEXAS, EMERGENCY EROSION REPAIRS.",W912HY19B0007,1,OT,OTHER FUNCTIONS,Y1KZ,CONSTRUCTION OF OTHER CONSERVATION AND DEVELOPMENT FACILITIES,H,NOT BUNDLED,C2,CONSTRUCTION,237990,OTHER HEAVY AND CIVIL ENGINEERING CONSTRUCTION,D,ENERGY EFFICIENT,A,U.S. OWNED BUSINESS,000,NONE,Z,NOT IT PRODUCTS OR SERVICES,E,NOT REQUIRED,USA,UNITED STATES,C,NOT A MANUFACTURED END PRODUCT,B,PLAN NOT REQUIRED,D,FULL AND OPEN COMPETITION AFTER EXCLUSION OF SOURCES,SB,SEALED BID,SDVOSBC,SERVICE DISABLED VETERAN OWNED SMALL BUSINESS SET-ASIDE,NONE,NO PREFERENCE USED,,,,,,,2,D,COMMERCIAL ITEM PROCEDURES NOT USED,f,N,NO,N,NO,Y,YES,N,NO,0.00,N,NO,N,NO,N,NO,Y,YES,X,NOT APPLICABLE,,,,,,,,NONE,NONE,N,NO,X,NOT APPLICABLE EXEMPT FROM CAS,N,TRANSACTION DOES NOT USE GFE/GFP,U,UNKNOWN,D,NOT CONSOLIDATED,N,NO - SERVICE WHERE PBA IS NOT USED.,N,NO,C,PERCENTAGE OF COMPLETION PROGRESS PAYMENTS,N,NO,X,NOT APPLICABLE,f,f,f,f,f,t,t,f,f,f,f,f,t,f,f,t,f,f,f,SMALL BUSINESS,S,f,f,f,f,f,f,f,f,f,f,f,f,f,f,f,f,f,PARTNERSHIP,f,f,t,f,f,f,f,f,f,f,f,f,f,f,f,f,f,t,f,f,f,f,f,f,f,f,t,f,t,f,f,f,f,f,f,f,f,f,f,f,f,f,f,f,f,t,f,t,t,f,,,,,,,,,,,https://www.usaspending.gov/award/CONT_AWD_W912HY20C0002_9700_-NONE-_-NONE-/,2021-04-20 15:58:10+00
CONT_AWD_W912HY20C0012_9700_-NONE-_-NONE-,W912HY20C0012,,,,C: Emergency P.L. 115-123,,,,,1489673.35,0.00,1489673.35,1796332.91,2020-04-01,2020,2021-04-23,2021,2020-03-23,2021-05-04,2021-05-04 00:00:00,,2020-01-17,097,Department of Defense,2100,Department of the Army,W912HY,W076 ENDIST GALVESTON,096,Corps of Engineers - Civil Works,96CE,U.S. Army Corps of Engineers - Civil Program Financing Only,966501,,096-X-3123-000,096-3123,32.0: Land and structures,0001: COMMERCIAL NAVIGATION,X,NOT APPLICABLE,,,TWTARJDJ5NL3,079356523,"HARRISON, WALKER AND HARPER, LLC","HARRISON, WALKER & HARPER, LP",,0JJ83,TWTARJDJ5NL3,079356523,"HARRISON, WALKER AND HARPER, LLC",HARRISON  WALKER & HARPER  LP,USA,UNITED STATES,2510 S CHURCH ST,,PARIS,48277,LAMAR,48,TX,TEXAS,754602696,TX-04,TX-04,9039053257,9037841471,USA,UNITED STATES,ANAHUAC,48071,CHAMBERS,48,TX,TEXAS,775140001,TX-36,TX-36,AWARD,D,DEFINITIVE CONTRACT,,,,,,,J,FIRM FIXED PRICE,CONSTRUCTION OF NEW DROP-OUTLET STRUCTUR,W912HY20B0002,1,OT,OTHER FUNCTIONS,Z1KZ,MAINTENANCE OF OTHER CONSERVATION AND DEVELOPMENT FACILITIES,H,NOT BUNDLED,C2,CONSTRUCTION,237990,OTHER HEAVY AND CIVIL ENGINEERING CONSTRUCTION,D,ENERGY EFFICIENT,A,U.S. OWNED BUSINESS,000,NONE,Z,NOT IT PRODUCTS OR SERVICES,E,NOT REQUIRED,USA,UNITED STATES,C,NOT A MANUFACTURED END PRODUCT,B,PLAN NOT REQUIRED,A,FULL AND OPEN COMPETITION,SB,SEALED BID,NONE,NO SET ASIDE USED.,NONE,NO PREFERENCE USED,,,,,,,3,D,COMMERCIAL ITEM PROCEDURES NOT USED,f,N,NO,N,NO,X,NOT APPLICABLE,N,NO,0.00,N,NO,X,NOT APPLICABLE,X,NOT APPLICABLE,Y,YES,A,ECONOMY ACT,,,,,,,,NONE,NONE,N,NO,X,NOT APPLICABLE EXEMPT FROM CAS,N,TRANSACTION DOES NOT USE GFE/GFP,U,UNKNOWN,D,NOT CONSOLIDATED,Y,YES - SERVICE WHERE PBA IS USED.,N,NO,Z,NOT APPLICABLE,N,NO,X,NOT APPLICABLE,f,f,f,f,f,f,f,f,f,f,f,f,f,f,f,f,f,f,f,OTHER THAN SMALL BUSINESS,O,f,f,f,f,f,f,f,f,f,f,f,f,f,f,f,f,f,CORPORATE NOT TAX EXEMPT,t,f,f,f,f,f,f,f,f,f,f,f,f,f,f,f,f,t,f,f,f,f,f,f,f,t,f,f,t,f,f,f,f,f,f,f,f,f,f,f,f,f,f,f,f,f,f,f,f,f,,,,,,,,,,,https://www.usaspending.gov/award/CONT_AWD_W912HY20C0012_9700_-NONE-_-NONE-/,2021-04-23 15:08:51+00
CONT_AWD_W912HZ17C0017_9700_-NONE-_-NONE-,W912HZ17C0017,,,,,,,,,1911209.30,0.00,1911209.30,1911209.30,2017-04-28,2017,2021-04-23,2021,2017-04-28,2020-08-15,2020-08-15 00:00:00,,,097,Department of Defense,2100,Department of the Army,W912HZ,W2R2 USA ENGR R & D CTR,097,Department of Defense,2100,Department of the Army,W81EWF,W2R2 USA ENGR R & D CTR,021-2019/2020-2040-000,021-2040,25.5: Research and development contracts,,X,NOT APPLICABLE,,,NTXJM52SHKS7,075461814,MISSISSIPPI STATE UNIVERSITY,MISSISSIPPI STATE UNIVERSITY,,4E756,NTXJM52SHKS7,075461814,MISSISSIPPI STATE UNIVERSITY,MISSISSIPPI STATE UNIVERSITY,USA,UNITED STATES,245 BARR AVE MCARTHUR HALL,,MISSISSIPPI STATE,28105,OKTIBBEHA,28,MS,MISSISSIPPI,39762,MS-03,MS-03,6623257404,6623253803,USA,UNITED STATES,MISSISSIPPI STATE,28105,OKTIBBEHA,28,MS,MISSISSIPPI,397620001,MS-03,MS-03,AWARD,D,DEFINITIVE CONTRACT,,,,,,,J,FIRM FIXED PRICE,"IGF::OT::IGF  BROAD AGENCY ANNOUNCEMENT FOR TOPIC AREA 4: COMPUTATION PROTOTYPING AND PROVING GROUND ENVIRONMENT, ENTITLED ""HPC ENHANCEMENT""  U434010",W912HZ16BAA02,1,OT,OTHER FUNCTIONS,AZ12,R&D- OTHER RESEARCH AND DEVELOPMENT (APPLIED RESEARCH/EXPLORATORY DEVELOPMENT),H,NOT BUNDLED,S1,SERVICES,541712,"RESEARCH AND DEVELOPMENT IN THE PHYSICAL, ENGINEERING, AND LIFE SCIENCES (EXCEPT BIOTECHNOLOGY)",F,ENVIRONMENTALLY PREFERABLE,B,OTHER U.S. ENTITY (E.G. GOVERNMENT),000,NONE,Z,NOT IT PRODUCTS OR SERVICES,A,MEETS REQUIREMENTS,USA,UNITED STATES,C,NOT A MANUFACTURED END PRODUCT,B,PLAN NOT REQUIRED,A,FULL AND OPEN COMPETITION,NP,NEGOTIATED PROPOSAL/QUOTE,NONE,NO SET ASIDE USED.,NONE,NO PREFERENCE USED,,,,,,,9,D,COMMERCIAL ITEM PROCEDURES NOT USED,f,N,NO,N,NO,Y,YES,N,NO,0.00,N,NO,X,NOT APPLICABLE,X,NOT APPLICABLE,X,NOT APPLICABLE,X,NOT APPLICABLE,,,,,,,,NONE,NONE,N,NO,X,NOT APPLICABLE EXEMPT FROM CAS,N,TRANSACTION DOES NOT USE GFE/GFP,U,UNKNOWN,D,NOT CONSOLIDATED,Y,YES - SERVICE WHERE PBA IS USED.,N,NO,Z,NOT APPLICABLE,N,NO,X,NOT APPLICABLE,f,f,f,f,f,f,f,f,f,f,f,f,f,f,f,f,f,f,f,OTHER THAN SMALL BUSINESS,O,f,f,f,f,f,f,t,f,f,f,f,f,f,f,f,f,f,US GOVERNMENT ENTITY,f,f,f,f,f,f,t,f,f,t,f,f,f,f,f,f,f,t,f,f,f,f,f,f,f,f,f,f,f,f,f,f,f,f,t,f,f,f,f,f,f,f,f,f,f,f,f,f,f,f,,,,,,,,,,,https://www.usaspending.gov/award/CONT_AWD_W912HZ17C0017_9700_-NONE-_-NONE-/,2021-04-23 09:58:57+00
CONT_AWD_W912HZ17C0018_9700_-NONE-_-NONE-,W912HZ17C0018,,,,,,,,,2416824.71,0.00,2416824.71,2416824.71,2017-04-28,2017,2021-04-23,2021,2017-04-28,2020-08-15,2020-08-15 00:00:00,,,097,Department of Defense,2100,Department of the Army,W912HZ,W2R2 USA ENGR R & D CTR,097,Department of Defense,2100,Department of the Army,W81EWF,W2R2 USA ENGR R & D CTR,021-2019/2020-2040-000,021-2040,25.5: Research and development contracts,,X,NOT APPLICABLE,,,NTXJM52SHKS7,075461814,MISSISSIPPI STATE UNIVERSITY,MISSISSIPPI STATE UNIVERSITY,,4E756,NTXJM52SHKS7,075461814,MISSISSIPPI STATE UNIVERSITY,MISSISSIPPI STATE UNIVERSITY,USA,UNITED STATES,245 BARR AVE MCARTHUR HALL,,MISSISSIPPI STATE,28105,OKTIBBEHA,28,MS,MISSISSIPPI,39762,MS-03,MS-03,6623257404,6623253803,USA,UNITED STATES,MISSISSIPPI STATE,28105,OKTIBBEHA,28,MS,MISSISSIPPI,397620001,MS-03,MS-03,AWARD,D,DEFINITIVE CONTRACT,,,,,,,J,FIRM FIXED PRICE,"IGF::OT::IGF BAA TOPIC AREA 4: COMPUTATIONAL PROTOTYPING AND PROVING GROUND ENVIRONMENT ""SYSTEMS ENGINEERING"" U434010",W912HZ16BAA02,1,OT,OTHER FUNCTIONS,AZ12,R&D- OTHER RESEARCH AND DEVELOPMENT (APPLIED RESEARCH/EXPLORATORY DEVELOPMENT),H,NOT BUNDLED,S1,SERVICES,541712,"RESEARCH AND DEVELOPMENT IN THE PHYSICAL, ENGINEERING, AND LIFE SCIENCES (EXCEPT BIOTECHNOLOGY)",F,ENVIRONMENTALLY PREFERABLE,B,OTHER U.S. ENTITY (E.G. GOVERNMENT),000,NONE,Z,NOT IT PRODUCTS OR SERVICES,A,MEETS REQUIREMENTS,USA,UNITED STATES,C,NOT A MANUFACTURED END PRODUCT,B,PLAN NOT REQUIRED,A,FULL AND OPEN COMPETITION,NP,NEGOTIATED PROPOSAL/QUOTE,NONE,NO SET ASIDE USED.,NONE,NO PREFERENCE USED,,,,,,,9,D,COMMERCIAL ITEM PROCEDURES NOT USED,f,N,NO,N,NO,Y,YES,N,NO,0.00,N,NO,X,NOT APPLICABLE,X,NOT APPLICABLE,X,NOT APPLICABLE,X,NOT APPLICABLE,,,,,,,,NONE,NONE,N,NO,X,NOT APPLICABLE EXEMPT FROM CAS,N,TRANSACTION DOES NOT USE GFE/GFP,U,UNKNOWN,D,NOT CONSOLIDATED,Y,YES - SERVICE WHERE PBA IS USED.,N,NO,Z,NOT APPLICABLE,N,NO,X,NOT APPLICABLE,f,f,f,f,f,f,f,f,f,f,f,f,f,f,f,f,f,f,f,OTHER THAN SMALL BUSINESS,O,f,f,f,f,f,f,t,f,f,f,f,f,f,f,f,f,f,US GOVERNMENT ENTITY,f,f,f,f,f,f,t,f,f,t,f,f,f,f,f,f,f,t,f,f,f,f,f,f,f,f,f,f,f,f,f,f,f,f,t,f,f,f,f,f,f,f,f,f,f,f,f,f,f,f,,,,,,,,,,,https://www.usaspending.gov/award/CONT_AWD_W912HZ17C0018_9700_-NONE-_-NONE-/,2021-04-23 16:05:30+00
CONT_AWD_W912HZ17C0019_9700_-NONE-_-NONE-,W912HZ17C0019,,,,,,,,,1308352.36,0.00,1308352.36,1308352.36,2017-04-28,2017,2021-04-20,2021,2017-04-28,2020-08-15,2020-08-15 00:00:00,,,097,Department of Defense,2100,Department of the Army,W912HZ,W2R2 USA ENGR R & D CTR,097,Department of Defense,2100,Department of the Army,W81EWF,W2R2 USA ENGR R & D CTR,021-2019/2020-2040-000,021-2040,25.5: Research and development contracts,,X,NOT APPLICABLE,,,NTXJM52SHKS7,075461814,MISSISSIPPI STATE UNIVERSITY,MISSISSIPPI STATE UNIVERSITY,,4E756,NTXJM52SHKS7,075461814,MISSISSIPPI STATE UNIVERSITY,MISSISSIPPI STATE UNIVERSITY,USA,UNITED STATES,245 BARR AVE MCARTHUR HALL,,MISSISSIPPI STATE,28105,OKTIBBEHA,28,MS,MISSISSIPPI,39762,MS-03,MS-03,6623257404,6623253803,USA,UNITED STATES,MISSISSIPPI STATE,28105,OKTIBBEHA,28,MS,MISSISSIPPI,397620001,MS-03,MS-03,AWARD,D,DEFINITIVE CONTRACT,,,,,,,J,FIRM FIXED PRICE,"IGF::OT::IGF TOPIC AREA 1: CYBERSECURITY- ""DYNAMIC DEFENSE STRATEGY PLANNING FOR RESEARCH AND DEVELOPMENT AND INFRASTRUCTURE NETWORKS""  U434010",W912HZ16BAA02,1,OT,OTHER FUNCTIONS,AZ12,R&D- OTHER RESEARCH AND DEVELOPMENT (APPLIED RESEARCH/EXPLORATORY DEVELOPMENT),H,NOT BUNDLED,S1,SERVICES,541712,"RESEARCH AND DEVELOPMENT IN THE PHYSICAL, ENGINEERING, AND LIFE SCIENCES (EXCEPT BIOTECHNOLOGY)",F,ENVIRONMENTALLY PREFERABLE,B,OTHER U.S. ENTITY (E.G. GOVERNMENT),000,NONE,Z,NOT IT PRODUCTS OR SERVICES,A,MEETS REQUIREMENTS,USA,UNITED STATES,C,NOT A MANUFACTURED END PRODUCT,B,PLAN NOT REQUIRED,A,FULL AND OPEN COMPETITION,NP,NEGOTIATED PROPOSAL/QUOTE,NONE,NO SET ASIDE USED.,NONE,NO PREFERENCE USED,,,,,,,9,D,COMMERCIAL ITEM PROCEDURES NOT USED,f,N,NO,N,NO,Y,YES,N,NO,0.00,N,NO,X,NOT APPLICABLE,X,NOT APPLICABLE,X,NOT APPLICABLE,X,NOT APPLICABLE,,,,,,,,NONE,NONE,N,NO,X,NOT APPLICABLE EXEMPT FROM CAS,N,TRANSACTION DOES NOT USE GFE/GFP,U,UNKNOWN,D,NOT CONSOLIDATED,Y,YES - SERVICE WHERE PBA IS USED.,N,NO,Z,NOT APPLICABLE,N,NO,X,NOT APPLICABLE,f,f,f,f,f,f,f,f,f,f,f,f,f,f,f,f,f,f,f,OTHER THAN SMALL BUSINESS,O,f,f,f,f,f,f,t,f,f,f,f,f,f,f,f,f,f,US GOVERNMENT ENTITY,f,f,f,f,f,f,t,f,f,t,f,f,f,f,f,f,f,t,f,f,f,f,f,f,f,f,f,f,f,f,f,f,f,f,t,f,f,f,f,f,f,f,f,f,f,f,f,f,f,f,,,,,,,,,,,https://www.usaspending.gov/award/CONT_AWD_W912HZ17C0019_9700_-NONE-_-NONE-/,2021-04-20 16:51:12+00
CONT_AWD_W912HZ17C0021_9700_-NONE-_-NONE-,W912HZ17C0021,,,,,,,,,6476256.59,0.00,6476256.59,6476256.59,2017-04-28,2017,2021-04-20,2021,2017-04-28,2020-08-15,2020-08-15 00:00:00,,,097,Department of Defense,2100,Department of the Army,W912HZ,W2R2 USA ENGR R & D CTR,097,Department of Defense,2100,Department of the Army,W81EWF,W2R2 USA ENGR R & D CTR,021-2019/2020-2040-000,021-2040,25.5: Research and development contracts,,X,NOT APPLICABLE,,,NTXJM52SHKS7,075461814,MISSISSIPPI STATE UNIVERSITY,MISSISSIPPI STATE UNIVERSITY,,4E756,NTXJM52SHKS7,075461814,MISSISSIPPI STATE UNIVERSITY,MISSISSIPPI STATE UNIVERSITY,USA,UNITED STATES,245 BARR AVE MCARTHUR HALL,,MISSISSIPPI STATE,28105,OKTIBBEHA,28,MS,MISSISSIPPI,39762,MS-03,MS-03,6623257404,6623253803,USA,UNITED STATES,MISSISSIPPI STATE,28105,OKTIBBEHA,28,MS,MISSISSIPPI,397620001,MS-03,MS-03,AWARD,D,DEFINITIVE CONTRACT,,,,,,,J,FIRM FIXED PRICE,"IGF::OT::IGF  BROAD AGENCY ANNOUNCEMENT (BAA) UNDER TOPIC AREA 4: COMPUTATIONAL PROTOTYPING AND PROVING GROUND ENVIRONMENT ENTITLED ""PROVING GROUND AND DISMOUNTED TROOPS""  U434010",W912HZ16BAA02,1,OT,OTHER FUNCTIONS,AZ12,R&D- OTHER RESEARCH AND DEVELOPMENT (APPLIED RESEARCH/EXPLORATORY DEVELOPMENT),H,NOT BUNDLED,S1,SERVICES,541712,"RESEARCH AND DEVELOPMENT IN THE PHYSICAL, ENGINEERING, AND LIFE SCIENCES (EXCEPT BIOTECHNOLOGY)",F,ENVIRONMENTALLY PREFERABLE,B,OTHER U.S. ENTITY (E.G. GOVERNMENT),000,NONE,Z,NOT IT PRODUCTS OR SERVICES,A,MEETS REQUIREMENTS,USA,UNITED STATES,C,NOT A MANUFACTURED END PRODUCT,B,PLAN NOT REQUIRED,A,FULL AND OPEN COMPETITION,NP,NEGOTIATED PROPOSAL/QUOTE,NONE,NO SET ASIDE USED.,NONE,NO PREFERENCE USED,,,,,,,9,D,COMMERCIAL ITEM PROCEDURES NOT USED,f,N,NO,N,NO,Y,YES,N,NO,0.00,N,NO,X,NOT APPLICABLE,X,NOT APPLICABLE,X,NOT APPLICABLE,X,NOT APPLICABLE,,,,,,,,NONE,NONE,N,NO,X,NOT APPLICABLE EXEMPT FROM CAS,N,TRANSACTION DOES NOT USE GFE/GFP,U,UNKNOWN,D,NOT CONSOLIDATED,Y,YES - SERVICE WHERE PBA IS USED.,N,NO,Z,NOT APPLICABLE,N,NO,X,NOT APPLICABLE,f,f,f,f,f,f,f,f,f,f,f,f,f,f,f,f,f,f,f,OTHER THAN SMALL BUSINESS,O,f,f,f,f,f,f,t,f,f,f,f,f,f,f,f,f,f,US GOVERNMENT ENTITY,f,f,f,f,f,f,t,f,f,t,f,f,f,f,f,f,f,t,f,f,f,f,f,f,f,f,f,f,f,f,f,f,f,f,t,f,f,f,f,f,f,f,f,f,f,f,f,f,f,f,,,,,,,,,,,https://www.usaspending.gov/award/CONT_AWD_W912HZ17C0021_9700_-NONE-_-NONE-/,2021-04-20 17:10:31+00
CONT_AWD_W912HZ19C0011_9700_-NONE-_-NONE-,W912HZ19C0011,,,,,,,,,387135.00,,387135.00,387135.00,2019-03-14,2019,2021-04-16,2021,2019-03-14,2020-03-17,2020-03-17 00:00:00,,2019-01-08,097,Department of Defense,2100,Department of the Army,W912HZ,W2R2 USA ENGR R & D CTR,097,Department of Defense,2100,Department of the Army,W81EWF,W2R2 USA ENGR R & D CTR,,,,,X,NOT APPLICABLE,,,LPYFLHTRV8Q3,052762307,"ANACONDA, INC","ANACONDA, INC.",,6QK38,LPYFLHTRV8Q3,052762307,"ANACONDA, INC",CONTINUUM ANALYTICS INC,USA,UNITED STATES,221 W 6TH ST STE 1550,,AUSTIN,48453,TRAVIS,48,TX,TEXAS,787013422,TX-21,TX-37,5122225446,,USA,UNITED STATES,AUSTIN,48453,TRAVIS,48,TX,TEXAS,787013422,TX-21,TX-37,AWARD,D,DEFINITIVE CONTRACT,,,,,,,J,FIRM FIXED PRICE,IGF::OT::IGF SBIR PHASE III ENHANCING OPEN SOURCE COMPUTATIONAL INFRASTRUCTURE (PYTHON) U434ICA,,1,OT,OTHER FUNCTIONS,AZ12,R&D- OTHER RESEARCH AND DEVELOPMENT (APPLIED RESEARCH/EXPLORATORY DEVELOPMENT),H,NOT BUNDLED,S1,SERVICES,541511,CUSTOM COMPUTER PROGRAMMING SERVICES,F,ENVIRONMENTALLY PREFERABLE,A,U.S. OWNED BUSINESS,000,NONE,Z,NOT IT PRODUCTS OR SERVICES,E,NOT REQUIRED,USA,UNITED STATES,C,NOT A MANUFACTURED END PRODUCT,B,PLAN NOT REQUIRED,D,FULL AND OPEN COMPETITION AFTER EXCLUSION OF SOURCES,BR,BASIC RESEARCH,SBA,SMALL BUSINESS SET ASIDE - TOTAL,NONE,NO PREFERENCE USED,SR3,SMALL BUSINESS INNOVATION RESEARCH PROGRAM PHASE III ACTION,,,,,1,D,COMMERCIAL ITEM PROCEDURES NOT USED,f,N,NO,N,NO,X,NOT APPLICABLE,N,NO,0.00,N,NO,X,NOT APPLICABLE,X,NOT APPLICABLE,X,NOT APPLICABLE,X,NOT APPLICABLE,,,,,,,,NONE,NONE,N,NO,X,NOT APPLICABLE EXEMPT FROM CAS,N,TRANSACTION DOES NOT USE GFE/GFP,U,UNKNOWN,D,NOT CONSOLIDATED,Y,YES - SERVICE WHERE PBA IS USED.,N,NO,D,UNUSUAL PROGRESS PAYMENTS OR ADVANCE PAYMENTS,N,NO,X,NOT APPLICABLE,f,f,f,f,f,f,f,f,f,f,f,f,f,f,f,f,f,f,f,SMALL BUSINESS,S,f,f,f,f,f,f,f,f,f,f,f,f,f,f,f,f,f,CORPORATE NOT TAX EXEMPT,t,f,f,f,f,f,f,f,f,f,f,f,f,f,f,f,f,t,f,f,f,f,f,f,f,f,f,f,t,f,f,f,f,f,f,f,f,f,f,f,f,f,f,f,f,f,f,f,f,f,,,,,,,,,,,https://www.usaspending.gov/award/CONT_AWD_W912HZ19C0011_9700_-NONE-_-NONE-/,2021-06-29 21:20:38+00
CONT_AWD_W912HZ20C0010_9700_-NONE-_-NONE-,W912HZ20C0010,,,,,,,,,176384.25,0.00,176384.25,176384.25,2020-03-12,2020,2021-04-19,2021,2020-03-12,2021-03-12,2021-03-12 00:00:00,,2020-01-08,097,Department of Defense,2100,Department of the Army,W912HZ,W2R2 USA ENGR R & D CTR,097,Department of Defense,2100,Department of the Army,W81EWF,W2R2 USA ENGR R & D CTR,021-2020/2021-2040-000,021-2040,25.5: Research and development contracts,,X,NOT APPLICABLE,,,LPYFLHTRV8Q3,052762307,"ANACONDA, INC","ANACONDA, INC.",,6QK38,LPYFLHTRV8Q3,052762307,"ANACONDA, INC",CONTINUUM ANALYTICS INC,USA,UNITED STATES,206 E 9TH ST FL 18,,AUSTIN,48453,TRAVIS,48,TX,TEXAS,787012518,TX-21,TX-37,5122225446,,USA,UNITED STATES,AUSTIN,48453,TRAVIS,48,TX,TEXAS,787013422,TX-21,TX-37,AWARD,D,DEFINITIVE CONTRACT,,,,,,,J,FIRM FIXED PRICE,SBIR PHASE III ENHANCING PYTHON-LANGUAGE OPEN-SOURCE COMPUTATIONAL INFRASTRUCTURE FOR LARGE-SCALE GEOSCIENCE  U434ICA,,1,OT,OTHER FUNCTIONS,AZ12,R&D- OTHER RESEARCH AND DEVELOPMENT (APPLIED RESEARCH/EXPLORATORY DEVELOPMENT),H,NOT BUNDLED,S1,SERVICES,541511,CUSTOM COMPUTER PROGRAMMING SERVICES,F,ENVIRONMENTALLY PREFERABLE,A,U.S. OWNED BUSINESS,000,NONE,Z,NOT IT PRODUCTS OR SERVICES,A,MEETS REQUIREMENTS,USA,UNITED STATES,C,NOT A MANUFACTURED END PRODUCT,B,PLAN NOT REQUIRED,D,FULL AND OPEN COMPETITION AFTER EXCLUSION OF SOURCES,NP,NEGOTIATED PROPOSAL/QUOTE,SBA,SMALL BUSINESS SET ASIDE - TOTAL,NONE,NO PREFERENCE USED,SR3,SMALL BUSINESS INNOVATION RESEARCH PROGRAM PHASE III ACTION,,,,,1,D,COMMERCIAL ITEM PROCEDURES NOT USED,f,N,NO,N,NO,X,NOT APPLICABLE,N,NO,0.00,N,NO,X,NOT APPLICABLE,X,NOT APPLICABLE,X,NOT APPLICABLE,X,NOT APPLICABLE,,,,,,,,NONE,NONE,N,NO,X,NOT APPLICABLE EXEMPT FROM CAS,N,TRANSACTION DOES NOT USE GFE/GFP,N,NO,D,NOT CONSOLIDATED,Y,YES - SERVICE WHERE PBA IS USED.,N,NO,Z,NOT APPLICABLE,N,NO,X,NOT APPLICABLE,f,f,f,f,f,f,f,f,f,f,f,f,f,f,f,f,f,f,f,SMALL BUSINESS,S,f,f,f,f,f,f,f,f,f,f,f,f,f,f,f,f,f,CORPORATE NOT TAX EXEMPT,t,f,f,f,f,f,f,f,f,f,f,f,f,f,f,f,f,t,f,f,f,f,f,f,f,f,f,f,t,f,f,f,f,f,f,f,f,f,f,f,f,f,f,f,f,f,f,f,f,f,,,,,,,,,,,https://www.usaspending.gov/award/CONT_AWD_W912HZ20C0010_9700_-NONE-_-NONE-/,2021-04-19 17:56:08+00
CONT_AWD_W912LA18C9002_9700_-NONE-_-NONE-,W912LA18C9002,,,,Q: Not Designated Nonemergency/Emergency/Disaster/Wildfire Suppression,,,,,783879.74,0.00,783879.74,783879.74,2018-09-29,2018,2021-04-16,2021,2018-09-21,2021-05-31,2021-05-31 00:00:00,,2018-08-15,097,Department of Defense,2100,Department of the Army,W50S75,W7MX USPFO ACTIVITY CAANG 146,097,Department of Defense,5700,Department of the Air Force,F8S3C1,146 CES SRM,057-2021/2021-3840-000,057-3840,32.0: Land and structures,0001: OPERATING FORCES,X,NOT APPLICABLE,,,JGX5MU7XZXR8,,"AMERICAN BUILDING COMFORT SERVICES, INC.","AMERICAN BUILDING COMFORT SERVICES, INC.",,5E7Z2,JGX5MU7XZXR8,,"AMERICAN BUILDING COMFORT SERVICES, INC.",AMERICAN BUILDING COMFORT SERVICES  INC,USA,UNITED STATES,2686 JOHNSON DR STE A,,VENTURA,06111,VENTURA,06,CA,CALIFORNIA,930037245,CA-26,CA-24,8056586204,8056586519,USA,UNITED STATES,PORT HUENEME,06111,VENTURA,06,CA,CALIFORNIA,930411108,CA-26,CA-26,AWARD,D,DEFINITIVE CONTRACT,,,,,,,J,FIRM FIXED PRICE,"REPAIR FUEL CELL PAINT BOOTH AT CHANNEL ISLANDS ANGS, CA",W912LA18R9005,1,OT,OTHER FUNCTIONS,Z1AA,MAINTENANCE OF OFFICE BUILDINGS,H,NOT BUNDLED,C2,CONSTRUCTION,238220,"PLUMBING, HEATING, AND AIR-CONDITIONING CONTRACTORS",D,ENERGY EFFICIENT,A,U.S. OWNED BUSINESS,000,NONE,Z,NOT IT PRODUCTS OR SERVICES,E,NOT REQUIRED,USA,UNITED STATES,C,NOT A MANUFACTURED END PRODUCT,B,PLAN NOT REQUIRED,B,NOT AVAILABLE FOR COMPETITION,SSS,ONLY ONE SOURCE,8AN,8(A) SOLE SOURCE,NONE,NO PREFERENCE USED,,,,,OTH,AUTHORIZED BY STATUTE (FAR 6.302-5(A)(2)(I)),1,D,COMMERCIAL ITEM PROCEDURES NOT USED,f,N,NO,N,NO,X,NOT APPLICABLE,N,NO,0.00,N,NO,X,NOT APPLICABLE,X,NOT APPLICABLE,Y,YES,X,NOT APPLICABLE,,,,,,,,NONE,NONE,N,NO,X,NOT APPLICABLE EXEMPT FROM CAS,N,TRANSACTION DOES NOT USE GFE/GFP,U,UNKNOWN,D,NOT CONSOLIDATED,Y,YES - SERVICE WHERE PBA IS USED.,N,NO,C,PERCENTAGE OF COMPLETION PROGRESS PAYMENTS,N,NO,X,NOT APPLICABLE,f,f,f,f,f,f,f,f,f,f,f,f,t,f,f,f,t,f,f,SMALL BUSINESS,S,f,f,f,f,f,f,f,f,f,f,f,f,f,f,f,f,f,CORPORATE NOT TAX EXEMPT,t,f,f,f,f,f,f,f,f,f,f,f,f,f,f,f,f,t,f,f,f,f,f,f,f,t,f,f,t,f,f,f,f,f,f,f,f,f,f,f,f,f,f,f,f,t,f,t,f,f,,,,,,,,,,,https://www.usaspending.gov/award/CONT_AWD_W912LA18C9002_9700_-NONE-_-NONE-/,2024-09-27 11:04:22+00
CONT_AWD_W912LR21C0002_9700_-NONE-_-NONE-,W912LR21C0002,,,,,,,,,537300.00,,537300.00,537300.00,2021-04-22,2021,2021-04-22,2021,2021-04-05,2021-06-25,2021-06-25 00:00:00,,2021-02-10,097,Department of Defense,2100,Department of the Army,W912LR,W7PA USPFO ACTIVITY PR ARNG,097,Department of Defense,2100,Department of the Army,W58BNE,"W8BC PRARNG ELEMENT, JF HQ",,,,,X,NOT APPLICABLE,,,MDTGPS4LMMR5,,NCS TECHNOLOGIES INC,"NCS TECHNOLOGIES, INC.",,1BEK6,MDTGPS4LMMR5,,NCS TECHNOLOGIES INC,NCS TECHNOLOGIES  INC.,USA,UNITED STATES,7669 LIMESTONE DR,,GAINESVILLE,51153,PRINCE WILLIAM,51,VA,VIRGINIA,201554037,VA-01,VA-10,7037438500,7037438658,USA,UNITED STATES,GAINESVILLE,51153,PRINCE WILLIAM,51,VA,VIRGINIA,201554037,VA-01,VA-10,AWARD,D,DEFINITIVE CONTRACT,,,,,,,J,FIRM FIXED PRICE,COMPUTERS LAPTOP,,1,,,7B20,IT AND TELECOM - HIGH PERFORMANCE COMPUTE (HARDWARE AND PERPETUAL LICENSE SOFTWARE),H,NOT BUNDLED,A7,ELECTRONICS AND COMMUNICATION EQUIPMENT,541511,CUSTOM COMPUTER PROGRAMMING SERVICES,C,NO CLAUSES INCLUDED AND NO SUSTAINABILITY INCLUDED,A,U.S. OWNED BUSINESS,000,NONE,A,COMMERCIALLY AVAILABLE,A,MEETS REQUIREMENTS,USA,UNITED STATES,D,MFG IN U.S.,B,PLAN NOT REQUIRED,A,FULL AND OPEN COMPETITION,NP,NEGOTIATED PROPOSAL/QUOTE,NONE,NO SET ASIDE USED.,NONE,NO PREFERENCE USED,,,,,,,1,A,COMMERCIAL ITEM,f,N,NO,N,NO,X,NOT APPLICABLE,N,NO,0.00,N,NO,X,NOT APPLICABLE,X,NOT APPLICABLE,X,NOT APPLICABLE,X,NOT APPLICABLE,,,,,,,,NONE,NONE,N,NO,X,NOT APPLICABLE EXEMPT FROM CAS,N,TRANSACTION DOES NOT USE GFE/GFP,U,UNKNOWN,D,NOT CONSOLIDATED,X,NOT APPLICABLE,N,NO,Z,NOT APPLICABLE,N,NO,X,NOT APPLICABLE,f,f,f,f,f,f,f,f,f,f,f,f,t,f,t,f,f,f,f,OTHER THAN SMALL BUSINESS,O,f,f,f,f,f,f,f,f,f,f,f,f,f,f,f,f,f,CORPORATE NOT TAX EXEMPT,t,f,f,f,f,f,f,f,f,f,f,f,t,f,f,f,f,t,f,f,f,f,f,f,f,f,f,f,t,f,f,f,f,f,f,f,f,f,f,f,f,f,f,f,f,f,f,f,f,f,MARK  PANCERELLA,346537.00,AN  NGUYEN,889252.00,MARK  CHRISTOPHER,889252.00,RICHARD  ANTON,434388.00,STEVEN  STUCK,398737.00,https://www.usaspending.gov/award/CONT_AWD_W912LR21C0002_9700_-NONE-_-NONE-/,2024-09-27 11:04:22+00
CONT_AWD_W912P417C0008_9700_-NONE-_-NONE-,W912P417C0008,,,,,,,,,1067123.43,,1067123.43,1067123.43,2017-06-19,2017,2021-04-16,2021,2017-06-15,2021-04-01,2021-04-01 00:00:00,,,097,Department of Defense,2100,Department of the Army,W912P4,W072 ENDIST BUFFALO,096,Corps of Engineers - Civil Works,96CE,U.S. Army Corps of Engineers - Civil Program Financing Only,966501,,,,,,X,NOT APPLICABLE,,,D2EDMCXAZTE3,071466346,"L. D. C. CONSTRUCTION CO., INC.","L. D. C. CONSTRUCTION CO., INC.",,7US62,D2EDMCXAZTE3,071466346,"L. D. C. CONSTRUCTION CO., INC.",L D C CONSTRUCTION CO INC,USA,UNITED STATES,1920 BASELINE RD,,GRAND ISLAND,36029,ERIE,36,NY,NEW YORK,140722013,NY-26,NY-26,7163108992,,USA,UNITED STATES,BUFFALO,36029,ERIE,36,NY,NEW YORK,142101322,NY-26,NY-26,AWARD,D,DEFINITIVE CONTRACT,,,,,,,J,FIRM FIXED PRICE,IGF::OT::IGF,W912P417B0001,1,OT,OTHER FUNCTIONS,R425,SUPPORT- PROFESSIONAL: ENGINEERING/TECHNICAL,H,NOT BUNDLED,S1,SERVICES,237990,OTHER HEAVY AND CIVIL ENGINEERING CONSTRUCTION,D,ENERGY EFFICIENT,A,U.S. OWNED BUSINESS,000,NONE,Z,NOT IT PRODUCTS OR SERVICES,A,MEETS REQUIREMENTS,USA,UNITED STATES,C,NOT A MANUFACTURED END PRODUCT,B,PLAN NOT REQUIRED,D,FULL AND OPEN COMPETITION AFTER EXCLUSION OF SOURCES,SB,SEALED BID,SBA,SMALL BUSINESS SET ASIDE - TOTAL,NONE,NO PREFERENCE USED,,,,,,,3,D,COMMERCIAL ITEM PROCEDURES NOT USED,f,N,NO,N,NO,Y,YES,N,NO,0.00,N,NO,N,NO,N,NO,Y,YES,X,NOT APPLICABLE,,,,,,,,NONE,NONE,N,NO,X,NOT APPLICABLE EXEMPT FROM CAS,N,TRANSACTION DOES NOT USE GFE/GFP,U,UNKNOWN,D,NOT CONSOLIDATED,Y,YES - SERVICE WHERE PBA IS USED.,N,NO,Z,NOT APPLICABLE,N,NO,X,NOT APPLICABLE,f,f,f,f,f,f,f,f,f,f,f,f,f,f,f,f,f,f,f,SMALL BUSINESS,S,f,f,f,f,f,f,f,f,f,f,f,f,f,f,f,f,f,CORPORATE NOT TAX EXEMPT,t,f,f,f,f,f,f,f,f,f,f,f,f,f,f,f,f,t,f,f,f,f,f,f,f,f,f,f,t,f,f,f,f,f,f,f,f,f,f,f,f,f,f,f,f,f,f,f,f,f,,,,,,,,,,,https://www.usaspending.gov/award/CONT_AWD_W912P417C0008_9700_-NONE-_-NONE-/,2021-04-16 06:54:14+00
CONT_AWD_W912P620C0027_9700_-NONE-_-NONE-,W912P620C0027,,,,Q: Not Designated Nonemergency/Emergency/Disaster/Wildfire Suppression,,,,,497226.00,0.00,497226.00,926536.00,2020-09-30,2020,2021-04-20,2021,2020-10-31,2021-06-21,2021-06-21 00:00:00,,2020-08-20,097,Department of Defense,2100,Department of the Army,W912P6,W072 ENDIST CHICAGO,096,Corps of Engineers - Civil Works,96CE,U.S. Army Corps of Engineers - Civil Program Financing Only,966501,,096-X-3123-000,096-3123,32.0: Land and structures,0001: COMMERCIAL NAVIGATION,X,NOT APPLICABLE,,,DMAGZLJSHGQ1,085901056,KING CO INC,"KING CO., INC., THE",,0EJK0,DMAGZLJSHGQ1,085901056,KING CO INC,KING CO.  INC.  THE,USA,UNITED STATES,13520 BARRY ST,,HOLLAND,26139,OTTAWA,26,MI,MICHIGAN,494248496,MI-02,MI-04,6168481386,6163990773,USA,UNITED STATES,KENOSHA,55059,KENOSHA,55,WI,WISCONSIN,531441628,WI-01,WI-01,AWARD,D,DEFINITIVE CONTRACT,,,,,,,J,FIRM FIXED PRICE,"KENOSHA HARBOR MAINTENANCE DREDGING, KENOSHA HARBOR, WI",W912P620B0021,1,OT,OTHER FUNCTIONS,Y1KF,CONSTRUCTION OF DREDGING FACILITIES,H,NOT BUNDLED,C2,CONSTRUCTION,237990,OTHER HEAVY AND CIVIL ENGINEERING CONSTRUCTION,C,NO CLAUSES INCLUDED AND NO SUSTAINABILITY INCLUDED,A,U.S. OWNED BUSINESS,000,NONE,Z,NOT IT PRODUCTS OR SERVICES,E,NOT REQUIRED,USA,UNITED STATES,C,NOT A MANUFACTURED END PRODUCT,B,PLAN NOT REQUIRED,D,FULL AND OPEN COMPETITION AFTER EXCLUSION OF SOURCES,SB,SEALED BID,SBA,SMALL BUSINESS SET ASIDE - TOTAL,NONE,NO PREFERENCE USED,,,,,,,3,D,COMMERCIAL ITEM PROCEDURES NOT USED,f,N,NO,N,NO,Y,YES,N,NO,0.00,N,NO,N,NO,N,NO,Y,YES,X,NOT APPLICABLE,,,,,,,,NONE,NONE,N,NO,X,NOT APPLICABLE EXEMPT FROM CAS,N,TRANSACTION DOES NOT USE GFE/GFP,U,UNKNOWN,D,NOT CONSOLIDATED,N,NO - SERVICE WHERE PBA IS NOT USED.,N,NO,Z,NOT APPLICABLE,N,NO,X,NOT APPLICABLE,f,f,f,f,f,f,f,f,f,f,f,f,f,f,f,f,f,f,f,SMALL BUSINESS,S,f,f,f,f,f,f,f,f,f,f,f,f,f,f,f,f,f,CORPORATE NOT TAX EXEMPT,t,f,f,f,f,f,f,f,f,f,f,f,f,f,f,f,f,t,f,f,f,f,f,f,f,f,f,f,t,f,f,f,f,f,f,f,f,f,f,f,f,f,f,f,f,f,f,f,f,f,,,,,,,,,,,https://www.usaspending.gov/award/CONT_AWD_W912P620C0027_9700_-NONE-_-NONE-/,2021-04-20 13:32:26+00
CONT_AWD_W912P820C0016_9700_-NONE-_-NONE-,W912P820C0016,,,,Q: Not Designated Nonemergency/Emergency/Disaster/Wildfire Suppression,,,,,261127.00,0.00,261127.00,261127.00,2020-05-13,2020,2021-04-19,2021,2020-05-12,2021-11-30,2021-11-30 00:00:00,,2020-02-06,097,Department of Defense,2100,Department of the Army,W912P8,W07V ENDIST NEW ORLEANS,097,Department of Defense,2100,Department of the Army,W912P8,W07V ENDIST NEW ORLEANS,096-X-4902-000,096-4902,25.7: Operation and maintenance of equipment,0803: INTRA-CORPS,X,NOT APPLICABLE,,,HLVBPCA2LH41,001006311,ROLLS-ROYCE MARINE NORTH AMERICA INC.,ROLLS-ROYCE MARINE NORTH AMERICA INC.,,07309,VE65QFAKCLG7,217127290,ROLLS-ROYCE HOLDINGS PLC,ROLLS-ROYCE MARINE NORTH AMERICA INC.,USA,UNITED STATES,110 NORFOLK ST,,WALPOLE,25021,NORFOLK,25,MA,MASSACHUSETTS,020811704,MA-08,MA-08,5087341374,5087341136,USA,UNITED STATES,WALPOLE,25021,NORFOLK,25,MA,MASSACHUSETTS,020811704,MA-08,MA-08,AWARD,D,DEFINITIVE CONTRACT,,,,,,,J,FIRM FIXED PRICE,CRITICAL SPARES PARTS FOR BOW THRUSTER,W912P820Q0015,1,CL,CLOSELY ASSOCIATED,J998,NON-NUCLEAR SHIP REPAIR (EAST),H,NOT BUNDLED,C9E,ALL OTHERS NOT IDENTIFIABLE TO ANY OTHER PROCUREMENT PROGRAM,336611,SHIP BUILDING AND REPAIRING,C,NO CLAUSES INCLUDED AND NO SUSTAINABILITY INCLUDED,C,FOREIGN-OWNED BUSINESS INCORPORATED IN THE U.S.,000,NONE,Z,NOT IT PRODUCTS OR SERVICES,E,NOT REQUIRED,USA,UNITED STATES,C,NOT A MANUFACTURED END PRODUCT,B,PLAN NOT REQUIRED,C,NOT COMPETED,SSS,ONLY ONE SOURCE,NONE,NO SET ASIDE USED.,NONE,NO PREFERENCE USED,,,,,ONE,ONLY ONE SOURCE-OTHER (FAR 6.302-1 OTHER),1,A,COMMERCIAL ITEM,f,N,NO,N,NO,Y,YES,N,NO,0.00,N,NO,N,NO,N,NO,N,NO,X,NOT APPLICABLE,,,,,,,,NONE,NONE,N,NO,X,NOT APPLICABLE EXEMPT FROM CAS,N,TRANSACTION DOES NOT USE GFE/GFP,U,UNKNOWN,D,NOT CONSOLIDATED,Y,YES - SERVICE WHERE PBA IS USED.,N,NO,Z,NOT APPLICABLE,N,NO,X,NOT APPLICABLE,f,f,f,f,f,f,f,f,f,f,f,f,f,f,f,f,f,f,f,OTHER THAN SMALL BUSINESS,O,f,f,f,f,f,f,f,f,f,f,f,f,f,f,f,f,f,CORPORATE NOT TAX EXEMPT,t,f,f,f,f,f,f,f,f,f,f,f,t,f,f,f,f,t,f,f,f,f,f,f,f,f,f,t,t,f,f,f,f,f,f,f,f,f,f,f,f,f,f,f,f,f,f,f,f,f,THOMAS  BELL,2745903.00,PHILIP  BURKHOLDER,942219.00,TIMOTHY  WALTON,933884.00,ADAM  RIDDLE,675160.00,DARRYL  ROBERSON,520037.00,https://www.usaspending.gov/award/CONT_AWD_W912P820C0016_9700_-NONE-_-NONE-/,2021-04-19 11:04:42+00
CONT_AWD_W912P821C0021_9700_-NONE-_-NONE-,W912P821C0021,,,,Q: Not Designated Nonemergency/Emergency/Disaster/Wildfire Suppression,,,,,269617.00,0.00,269617.00,269617.00,2021-04-21,2021,2021-04-21,2021,2021-04-16,2021-08-31,2021-08-31 00:00:00,,2021-03-31,097,Department of Defense,2100,Department of the Army,W912P8,W07V ENDIST NEW ORLEANS,096,Corps of Engineers - Civil Works,96CE,U.S. Army Corps of Engineers - Civil Program Financing Only,966501,,096-X-4902-000,096-4902,25.4: Operation and maintenance of facilities,0803: INTRA-CORPS,X,NOT APPLICABLE,,,Z763WMPK8FL8,078888585,CLAY CONSTRUCTION GROUP LLC,"CLAY CONSTRUCTION GROUP, L.L.C.",,6XTD0,Z763WMPK8FL8,078888585,CLAY CONSTRUCTION GROUP LLC,CLAY CONSTRUCTION GROUP  L.L.C.,USA,UNITED STATES,6001 STARS AND STRIPES BLVD STE 229,,NEW ORLEANS,22071,ORLEANS,22,LA,LOUISIANA,701268004,LA-02,LA-02,5043275272,5043275763,USA,UNITED STATES,NEW ORLEANS,22071,ORLEANS,22,LA,LOUISIANA,701183651,LA-02,LA-01,AWARD,D,DEFINITIVE CONTRACT,,,,,,,J,FIRM FIXED PRICE,VARIABLE AIR VOLUME BOXES (VAV)FOR USACE NEW ORLEANS DISTRICT BUILDING 830,W912P821R0031,1,OT,OTHER FUNCTIONS,J045,"MAINT/REPAIR/REBUILD OF EQUIPMENT- PLUMBING, HEATING, AND WASTE DISPOSAL EQUIPMENT",H,NOT BUNDLED,C9E,ALL OTHERS NOT IDENTIFIABLE TO ANY OTHER PROCUREMENT PROGRAM,238220,"PLUMBING, HEATING, AND AIR-CONDITIONING CONTRACTORS",D,ENERGY EFFICIENT,A,U.S. OWNED BUSINESS,000,NONE,Z,NOT IT PRODUCTS OR SERVICES,E,NOT REQUIRED,USA,UNITED STATES,C,NOT A MANUFACTURED END PRODUCT,B,PLAN NOT REQUIRED,B,NOT AVAILABLE FOR COMPETITION,SSS,ONLY ONE SOURCE,8AN,8(A) SOLE SOURCE,NONE,NO PREFERENCE USED,,,,,OTH,AUTHORIZED BY STATUTE (FAR 6.302-5(A)(2)(I)),1,A,COMMERCIAL ITEM,f,N,NO,N,NO,X,NOT APPLICABLE,N,NO,0.00,N,NO,X,NOT APPLICABLE,X,NOT APPLICABLE,X,NOT APPLICABLE,X,NOT APPLICABLE,,,,,,,,NONE,NONE,N,NO,X,NOT APPLICABLE EXEMPT FROM CAS,N,TRANSACTION DOES NOT USE GFE/GFP,U,UNKNOWN,D,NOT CONSOLIDATED,Y,YES - SERVICE WHERE PBA IS USED.,N,NO,Z,NOT APPLICABLE,N,NO,X,NOT APPLICABLE,f,f,f,f,f,f,f,f,f,f,f,f,t,f,f,t,f,f,f,SMALL BUSINESS,S,f,f,f,f,f,f,f,f,f,f,f,f,f,f,f,f,f,SOLE PROPRIETORSHIP,f,f,f,t,f,f,f,f,f,f,f,f,f,f,f,f,f,t,f,f,f,f,f,f,f,f,t,f,t,f,f,f,f,f,f,f,f,f,f,f,f,f,f,f,t,t,f,t,t,f,,,,,,,,,,,https://www.usaspending.gov/award/CONT_AWD_W912P821C0021_9700_-NONE-_-NONE-/,2022-02-26 11:02:16+00
CONT_AWD_W912PL19C0007_9700_-NONE-_-NONE-,W912PL19C0007,,,,Q: Not Designated Nonemergency/Emergency/Disaster/Wildfire Suppression,,,,,3993903.00,0.00,3993903.00,3993903.00,2019-01-25,2019,2021-04-21,2021,2019-01-25,2021-02-08,2021-02-08 00:00:00,,2018-08-07,097,Department of Defense,2100,Department of the Army,W912PL,W075 ENDIST LOS ANGELES,097,Department of Defense,2100,Department of the Army,W912PL,W075 ENDIST LOS ANGELES,021-2018/2022-2050-000,021-2050,32.0: Land and structures,0001: MAJOR CONSTRUCTION,X,NOT APPLICABLE,,,TGHENAFPMZ13,093651370,"NICKLAUS ENGINEERING, INC.","NICKLAUS ENGINEERING, INC.",,1FRT2,TGHENAFPMZ13,093651370,"NICKLAUS ENGINEERING, INC.",NICKLAUS ENGINEERING  INC.,USA,UNITED STATES,1851 W 24TH ST STE 101,,YUMA,04027,YUMA,04,AZ,ARIZONA,853646104,AZ-03,AZ-07,9283448374,9287266994,USA,UNITED STATES,YUMA,04027,YUMA,04,AZ,ARIZONA,853658464,AZ-04,AZ-09,AWARD,D,DEFINITIVE CONTRACT,,,,,,,J,FIRM FIXED PRICE,IGF::OT::IGF KOFA SEWAGE LAGOON,W912PL18R0084,1,OT,OTHER FUNCTIONS,Z1ND,MAINTENANCE OF SEWAGE AND WASTE FACILITIES,H,NOT BUNDLED,C2,CONSTRUCTION,237110,WATER AND SEWER LINE AND RELATED STRUCTURES CONSTRUCTION,A,FAR 52.223-4 INCLUDED,A,U.S. OWNED BUSINESS,000,NONE,Z,NOT IT PRODUCTS OR SERVICES,A,MEETS REQUIREMENTS,USA,UNITED STATES,C,NOT A MANUFACTURED END PRODUCT,B,PLAN NOT REQUIRED,B,NOT AVAILABLE FOR COMPETITION,SSS,ONLY ONE SOURCE,8AN,8(A) SOLE SOURCE,NONE,NO PREFERENCE USED,,,,,OTH,AUTHORIZED BY STATUTE (FAR 6.302-5(A)(2)(I)),1,D,COMMERCIAL ITEM PROCEDURES NOT USED,f,N,NO,N,NO,N,NO,N,NO,0.00,N,NO,N,NO,N,NO,Y,YES,X,NOT APPLICABLE,,,,,,,,NONE,NONE,N,NO,Y,YES - CAS CLAUSE INCLUDED,N,TRANSACTION DOES NOT USE GFE/GFP,N,NO,D,NOT CONSOLIDATED,N,NO - SERVICE WHERE PBA IS NOT USED.,N,NO,A,FAR 52.232-16 PROGRESS PAYMENTS,N,NO,X,NOT APPLICABLE,f,f,f,f,f,f,f,t,t,t,f,f,f,f,f,f,f,f,f,SMALL BUSINESS,S,f,f,f,f,f,f,f,f,f,f,f,f,f,f,f,f,f,CORPORATE NOT TAX EXEMPT,t,f,f,f,f,f,f,f,f,f,f,f,f,f,f,f,f,t,f,f,f,f,f,f,f,t,f,f,t,f,f,f,f,f,f,f,f,f,f,f,f,f,f,f,t,t,f,t,f,f,,,,,,,,,,,https://www.usaspending.gov/award/CONT_AWD_W912PL19C0007_9700_-NONE-_-NONE-/,2021-04-21 16:32:50+00
CONT_AWD_W912PM18C0007_9700_-NONE-_-NONE-,W912PM18C0007,,,,,,,,,578674.00,,578674.00,578674.00,2018-02-13,2018,2021-04-21,2021,2018-02-13,2018-09-19,2018-09-19 00:00:00,,,097,Department of Defense,2100,Department of the Army,W912PM,W074 ENDIST WILMINGTON,097,Department of Defense,2100,Department of the Army,W912PM,W074 ENDIST WILMINGTON,,,,,X,NOT APPLICABLE,,,JCHNR4HAUKR1,027964286,MKS BUILDING SYSTEMS LLC,MKS BUILDING SYSTEMS LLC,,7Y2Y5,JCHNR4HAUKR1,027964286,MKS BUILDING SYSTEMS LLC,MKS BUILDING SYSTEMS LLC,USA,UNITED STATES,962 FASHION AVE,,CINCINNATI,39061,HAMILTON,39,OH,OHIO,452384205,OH-01,OH-01,5136178622,,USA,UNITED STATES,CINCINNATI,39061,HAMILTON,39,OH,OHIO,452384205,OH-01,OH-01,AWARD,D,DEFINITIVE CONTRACT,,,,,,,J,FIRM FIXED PRICE,STT-DOH TEMP FACILITY INC SITE WORK,W912PM18QVI04,1,OT,OTHER FUNCTIONS,5410,PREFABRICATED AND PORTABLE BUILDINGS,H,NOT BUNDLED,B1,BUILDING SUPPLIES,332311,PREFABRICATED METAL BUILDING AND COMPONENT MANUFACTURING,C,NO CLAUSES INCLUDED AND NO SUSTAINABILITY INCLUDED,A,U.S. OWNED BUSINESS,000,NONE,Z,NOT IT PRODUCTS OR SERVICES,A,MEETS REQUIREMENTS,USA,UNITED STATES,D,MFG IN U.S.,B,PLAN NOT REQUIRED,F,COMPETED UNDER SAP,SP1,SIMPLIFIED ACQUISITION,SBA,SMALL BUSINESS SET ASIDE - TOTAL,NONE,NO PREFERENCE USED,,,,,,,10,A,COMMERCIAL ITEM,f,Y,YES,N,NO,Y,YES,N,NO,0.00,N,NO,X,NOT APPLICABLE,Y,YES,Y,YES,X,NOT APPLICABLE,,,,,,,,NONE,NONE,N,NO,X,NOT APPLICABLE EXEMPT FROM CAS,N,TRANSACTION DOES NOT USE GFE/GFP,U,UNKNOWN,D,NOT CONSOLIDATED,X,NOT APPLICABLE,N,NO,Z,NOT APPLICABLE,N,NO,C,"PRESIDENTIAL ISSUED EMERGENCY DECLARATION, OR A MAJOR DISASTER DECLARATION",f,f,f,f,f,f,f,f,f,f,f,f,f,f,f,f,f,f,f,SMALL BUSINESS,S,f,f,f,f,f,f,f,f,f,f,f,f,f,f,f,f,f,CORPORATE NOT TAX EXEMPT,t,f,f,f,f,f,f,f,f,f,f,f,f,f,f,f,f,t,f,f,f,f,f,f,f,f,t,f,t,f,f,f,f,f,f,f,f,f,f,f,f,f,f,f,f,t,f,f,f,f,,,,,,,,,,,https://www.usaspending.gov/award/CONT_AWD_W912PM18C0007_9700_-NONE-_-NONE-/,2021-04-21 08:46:15+00
CONT_AWD_W912PM19C0012_9700_-NONE-_-NONE-,W912PM19C0012,,,,Q: Not Designated Nonemergency/Emergency/Disaster/Wildfire Suppression,,,,,5744856.05,0.00,5744856.05,5744856.05,2019-03-13,2019,2021-04-22,2021,2019-03-13,2020-10-09,2020-10-09 00:00:00,,2019-01-17,097,Department of Defense,2100,Department of the Army,W912PM,W074 ENDIST WILMINGTON,097,Department of Defense,2100,Department of the Army,W912PM,W074 ENDIST WILMINGTON,021-2019/2023-2050-000,021-2050,32.0: Land and structures,0001: MAJOR CONSTRUCTION,X,NOT APPLICABLE,,,PEYNKZ1LEMC6,620225842,EAGLE EYE ELECTRIC LLC,"EAGLE EYE ELECTRIC, LLC",,4B3G1,NWK9D2XDFGM8,076641612,BERING STRAITS NATIVE CORPORATION,EAGLE EYE ELECTRIC  LLC,USA,UNITED STATES,8820 W RUSSELL RD STE 115,,LAS VEGAS,32003,CLARK,32,NV,NEVADA,891481262,NV-03,NV-03,9073348376,9075632742,USA,UNITED STATES,WINNABOW,37019,BRUNSWICK,37,NC,NORTH CAROLINA,284795164,NC-07,NC-07,AWARD,D,DEFINITIVE CONTRACT,,,,,,,J,FIRM FIXED PRICE,GOVERNOR'S CREEK BRIDGE REPLACEMENT,W912PM19R0003,1,OT,OTHER FUNCTIONS,Z1LB,MAINTENANCE OF HIGHWAYS/ROADS/STREETS/BRIDGES/RAILWAYS,H,NOT BUNDLED,C2,CONSTRUCTION,237310,"HIGHWAY, STREET, AND BRIDGE CONSTRUCTION",A,FAR 52.223-4 INCLUDED,A,U.S. OWNED BUSINESS,000,NONE,Z,NOT IT PRODUCTS OR SERVICES,A,MEETS REQUIREMENTS,USA,UNITED STATES,C,NOT A MANUFACTURED END PRODUCT,B,PLAN NOT REQUIRED,B,NOT AVAILABLE FOR COMPETITION,SSS,ONLY ONE SOURCE,8AN,8(A) SOLE SOURCE,NONE,NO PREFERENCE USED,,,,,OTH,AUTHORIZED BY STATUTE (FAR 6.302-5(A)(2)(I)),1,D,COMMERCIAL ITEM PROCEDURES NOT USED,f,N,NO,N,NO,Y,YES,N,NO,0.00,N,NO,X,NOT APPLICABLE,X,NOT APPLICABLE,Y,YES,X,NOT APPLICABLE,,,,,,,,NONE,NONE,N,NO,X,NOT APPLICABLE EXEMPT FROM CAS,N,TRANSACTION DOES NOT USE GFE/GFP,U,UNKNOWN,D,NOT CONSOLIDATED,Y,YES - SERVICE WHERE PBA IS USED.,N,NO,Z,NOT APPLICABLE,N,NO,X,NOT APPLICABLE,t,f,f,f,f,f,f,f,f,f,f,f,t,f,f,f,f,t,f,SMALL BUSINESS,S,f,f,f,f,f,f,f,f,f,f,f,f,f,f,f,f,f,CORPORATE NOT TAX EXEMPT,t,f,f,f,f,f,f,f,f,f,f,f,f,f,f,f,f,t,f,f,f,f,f,f,f,f,t,f,t,f,f,f,f,f,f,f,f,f,f,f,f,f,f,f,f,t,f,t,f,f,CLIFFORD  JOHNSON,227086.00,JACOB  GUM,190876.00,ROBERT  GARBRICK,158712.00,,,,,https://www.usaspending.gov/award/CONT_AWD_W912PM19C0012_9700_-NONE-_-NONE-/,2021-04-22 11:47:56+00
CONT_AWD_W912PP19C0016_9700_-NONE-_-NONE-,W912PP19C0016,,,,Q: Not Designated Nonemergency/Emergency/Disaster/Wildfire Suppression,,,,,4312451.99,0.00,4312451.99,4312451.99,2019-02-28,2019,2021-04-19,2021,2019-02-28,2021-05-31,2021-05-31 00:00:00,,2019-02-01,097,Department of Defense,2100,Department of the Army,W912PP,W075 ENDIST ALBUQUERQUE,097,Department of Defense,2100,Department of the Army,W912PP,W075 ENDIST ALBUQUERQUE,021-2020/2020-2020-000;021-2021/2021-2020-000,021-2020,25.4: Operation and maintenance of facilities,0001: OPERATING FORCES,X,NOT APPLICABLE,,,M5MQDR6FNEL5,119388945,HAZAIR INC,"HAZAIR, INC.",,3KAJ2,M5MQDR6FNEL5,119388945,HAZAIR INC,HAZAIR  INC.,USA,UNITED STATES,701 NORTH GREEN VALLEY PKWY SUITE 200,,HENDERSON,32003,CLARK,32,NV,NEVADA,890746178,NV-03,NV-01,7024679013,8884119053,USA,UNITED STATES,HENDERSON,32003,CLARK,32,NV,NEVADA,890020402,NV-03,NV-01,AWARD,D,DEFINITIVE CONTRACT,,,,,,,J,FIRM FIXED PRICE,ENVIRONMENTAL SERVICES AND SAMPLING AT OTHER LOCATION- NON SPECIFIC,W912PP19R0015,1,OT,OTHER FUNCTIONS,F999,OTHER ENVIRONMENTAL SERVICES,H,NOT BUNDLED,S1,SERVICES,541620,ENVIRONMENTAL CONSULTING SERVICES,D,ENERGY EFFICIENT,A,U.S. OWNED BUSINESS,000,NONE,Z,NOT IT PRODUCTS OR SERVICES,E,NOT REQUIRED,USA,UNITED STATES,C,NOT A MANUFACTURED END PRODUCT,B,PLAN NOT REQUIRED,B,NOT AVAILABLE FOR COMPETITION,SSS,ONLY ONE SOURCE,8AN,8(A) SOLE SOURCE,NONE,NO PREFERENCE USED,,,,,OTH,AUTHORIZED BY STATUTE (FAR 6.302-5(A)(2)(I)),1,D,COMMERCIAL ITEM PROCEDURES NOT USED,f,N,NO,N,NO,N,NO,N,NO,0.00,N,NO,N,NO,Y,YES,N,NO,A,ECONOMY ACT,,,,,,,,NONE,NONE,N,NO,Y,YES - CAS CLAUSE INCLUDED,N,TRANSACTION DOES NOT USE GFE/GFP,U,UNKNOWN,D,NOT CONSOLIDATED,Y,YES - SERVICE WHERE PBA IS USED.,N,NO,C,PERCENTAGE OF COMPLETION PROGRESS PAYMENTS,N,NO,X,NOT APPLICABLE,f,f,f,f,f,t,t,f,f,f,f,f,t,f,f,t,f,f,f,SMALL BUSINESS,S,f,f,f,f,f,f,f,f,f,f,f,f,f,f,f,f,f,CORPORATE NOT TAX EXEMPT,t,f,f,f,f,f,f,f,f,f,f,f,f,f,f,f,f,t,f,f,f,f,f,f,f,t,f,f,t,f,f,f,f,f,f,f,f,f,f,f,f,f,f,f,f,t,f,t,f,f,,,,,,,,,,,https://www.usaspending.gov/award/CONT_AWD_W912PP19C0016_9700_-NONE-_-NONE-/,2021-04-19 17:31:26+00
CONT_AWD_W9133L19C0011_9700_-NONE-_-NONE-,W9133L19C0011,,,,,,,,,2377095.06,0.00,2377095.06,2377095.06,2019-09-11,2019,2021-04-22,2021,2019-09-05,2021-06-25,2021-06-25 00:00:00,,2019-07-08,097,Department of Defense,2100,Department of the Army,W9133L,W39L USA NG READINESS CENTER,097,Department of Defense,2100,Department of the Army,W909UJ,W39L USA NG READINESS CENTER,021-2019/2019-2065-000,021-2065,25.4: Operation and maintenance of facilities,,X,NOT APPLICABLE,,,VHMLMYNQ96N5,116957814,GOLDBELT OPERATIONS SUPPORT SERVICES LLC,"GOLDBELT OPERATIONS SUPPORT SERVICES, LLC",,892G2,VHMLMYNQ96N5,116957814,GOLDBELT OPERATIONS SUPPORT SERVICES LLC,GOLDBELT OPERATIONS SUPPORT SERVICES  LLC,USA,UNITED STATES,13900 LINCOLN PARK DR STE 140,,HERNDON,51059,FAIRFAX,51,VA,VIRGINIA,201713265,VA-10,VA-11,7039358793,,USA,UNITED STATES,ARLINGTON,51013,ARLINGTON,51,VA,VIRGINIA,222044446,VA-08,VA-08,AWARD,D,DEFINITIVE CONTRACT,,,,,,,J,FIRM FIXED PRICE,"GROUND WEST AND ONE WEST BUILDING RENOVATIONS AT (TARC), ARLINGTON, VA. CONTRACT ENCOMPASSES CONSTRUCTION AND RENOVATION TASKS IN BUILDING ONE THAT WILL MODERNIZE AND RETURN FUNCTIONALITY TO THE FACILITY TO MEET MISSION AND FUNCTIONAL REQUIREMENTS.",W9133L19B0001,1,OT,OTHER FUNCTIONS,Z2AA,REPAIR OR ALTERATION OF OFFICE BUILDINGS,H,NOT BUNDLED,C2,CONSTRUCTION,236220,COMMERCIAL AND INSTITUTIONAL BUILDING CONSTRUCTION,C,NO CLAUSES INCLUDED AND NO SUSTAINABILITY INCLUDED,A,U.S. OWNED BUSINESS,000,NONE,Z,NOT IT PRODUCTS OR SERVICES,E,NOT REQUIRED,USA,UNITED STATES,C,NOT A MANUFACTURED END PRODUCT,B,PLAN NOT REQUIRED,D,FULL AND OPEN COMPETITION AFTER EXCLUSION OF SOURCES,SB,SEALED BID,SBA,SMALL BUSINESS SET ASIDE - TOTAL,NONE,NO PREFERENCE USED,,,,,,,6,D,COMMERCIAL ITEM PROCEDURES NOT USED,f,N,NO,N,NO,Y,YES,N,NO,0.00,N,NO,N,NO,Y,YES,Y,YES,X,NOT APPLICABLE,,,,,,,,NONE,NONE,N,NO,X,NOT APPLICABLE EXEMPT FROM CAS,N,TRANSACTION DOES NOT USE GFE/GFP,N,NO,D,NOT CONSOLIDATED,Y,YES - SERVICE WHERE PBA IS USED.,N,NO,A,FAR 52.232-16 PROGRESS PAYMENTS,N,NO,X,NOT APPLICABLE,t,f,f,f,f,f,f,f,f,f,f,f,f,f,f,f,f,f,f,SMALL BUSINESS,S,f,f,f,f,f,f,f,f,f,f,f,f,f,f,f,f,f,PARTNERSHIP,f,f,t,f,f,f,f,f,f,f,f,f,f,f,f,f,f,t,f,f,f,f,f,f,f,f,f,f,t,f,f,f,f,f,f,f,f,f,f,f,f,f,f,f,f,t,f,t,t,f,,,,,,,,,,,https://www.usaspending.gov/award/CONT_AWD_W9133L19C0011_9700_-NONE-_-NONE-/,2021-04-22 13:20:50+00
CONT_AWD_W9133L20C4007_9700_-NONE-_-NONE-,W9133L20C4007,,,,,,,,,536355.29,,536355.29,536355.29,2020-09-30,2020,2021-04-23,2021,2020-09-30,2021-05-10,2021-05-10 00:00:00,,2020-07-15,097,Department of Defense,2100,Department of the Army,W9133L,W39L USA NG READINESS CENTER,097,Department of Defense,2100,Department of the Army,W909UJ,W39L USA NG READINESS CENTER,,,,,X,NOT APPLICABLE,,,CK9WP3X6GR34,,ARGUS SERVICES INC,ARGUS SERVICES INC,,686S9,CK9WP3X6GR34,,ARGUS SERVICES INC,ARGUS SERVICES INC,USA,UNITED STATES,6363 AMBER LN,,GRAND BLANC,26049,GENESEE,26,MI,MICHIGAN,484397818,MI-05,MI-05,7037890920,,USA,UNITED STATES,ARLINGTON,51013,ARLINGTON,51,VA,VIRGINIA,222044446,VA-08,VA-08,AWARD,D,DEFINITIVE CONTRACT,,,,,,,J,FIRM FIXED PRICE,"CONSTRUCTION OF ARMY COMBAT FITNESS TEST TESTING AND TRAINING FACILITY AT HERBERT R. TEMPLE JR. ARMY NATIONAL GUARD READINESS CENTER, 111 S. GEORGE MASON DRIVE, ARLINGTON, VIRGINIA 22204",W9133L20B0001,1,OT,OTHER FUNCTIONS,Y1PZ,CONSTRUCTION OF OTHER NON-BUILDING FACILITIES,H,NOT BUNDLED,C2,CONSTRUCTION,237990,OTHER HEAVY AND CIVIL ENGINEERING CONSTRUCTION,C,NO CLAUSES INCLUDED AND NO SUSTAINABILITY INCLUDED,A,U.S. OWNED BUSINESS,000,NONE,Z,NOT IT PRODUCTS OR SERVICES,E,NOT REQUIRED,USA,UNITED STATES,C,NOT A MANUFACTURED END PRODUCT,B,PLAN NOT REQUIRED,D,FULL AND OPEN COMPETITION AFTER EXCLUSION OF SOURCES,SB,SEALED BID,SBA,SMALL BUSINESS SET ASIDE - TOTAL,NONE,NO PREFERENCE USED,,,,,,,1,D,COMMERCIAL ITEM PROCEDURES NOT USED,f,N,NO,N,NO,Y,YES,N,NO,0.00,N,NO,Y,YES,X,NOT APPLICABLE,Y,YES,X,NOT APPLICABLE,,,,,,,,NONE,NONE,N,NO,X,NOT APPLICABLE EXEMPT FROM CAS,N,TRANSACTION DOES NOT USE GFE/GFP,U,UNKNOWN,D,NOT CONSOLIDATED,Y,YES - SERVICE WHERE PBA IS USED.,N,NO,Z,NOT APPLICABLE,N,NO,X,NOT APPLICABLE,f,f,f,f,f,f,f,t,t,t,f,f,t,t,f,f,f,f,f,SMALL BUSINESS,S,f,f,f,f,f,f,f,f,f,f,f,f,f,f,f,f,f,CORPORATE NOT TAX EXEMPT,t,f,f,f,f,f,f,f,f,f,f,f,f,f,f,f,f,t,f,f,f,f,f,f,f,f,f,f,t,f,f,f,f,f,f,f,f,f,f,f,f,f,f,f,f,t,f,t,f,f,,,,,,,,,,,https://www.usaspending.gov/award/CONT_AWD_W9133L20C4007_9700_-NONE-_-NONE-/,2023-01-04 11:09:25+00
CONT_AWD_W9136419C8002_9700_-NONE-_-NONE-,W9136419C8002,,,,Q: Not Designated Nonemergency/Emergency/Disaster/Wildfire Suppression,,,,,8837142.07,0.00,8837142.07,8837142.07,2019-04-30,2019,2021-04-21,2021,2019-04-30,2021-04-26,2021-04-26 00:00:00,,2018-10-24,097,Department of Defense,2100,Department of the Army,W50S8S,W7NU USPFO ACTIVITY OHANG 180,097,Department of Defense,5700,Department of the Air Force,F9F3CE,180TH CES,057-2018/2022-3830-000;057-2020/2020-3840-000,057-3830;057-3840,31.0: Equipment;32.0: Land and structures,0001: MAJOR CONSTRUCTION;0001: OPERATING FORCES,X,NOT APPLICABLE,,,Q38HSCVZETR5,,"R.J. RUNGE COMPANY, INC.","R.J. RUNGE COMPANY, INC.",,49Y59,Q38HSCVZETR5,,"R.J. RUNGE COMPANY, INC.",RJ RUNGE COMPANY  INC,USA,UNITED STATES,3539 NE CATAWBA RD,,PORT CLINTON,39123,OTTAWA,39,OH,OHIO,434529609,OH-09,OH-09,4197405781,4197979379,USA,UNITED STATES,SWANTON,39095,LUCAS,39,OH,OHIO,435588752,OH-05,OH-09,AWARD,D,DEFINITIVE CONTRACT,,,,,,,J,FIRM FIXED PRICE,"CONSTRUCT TWO, TWO BAY  SHELTER FOR ACA MISSION INCLUDING ALL MATERIAL AND SUPPLIES AND 6,000SY PAVEMENTS. 180TH FW, SWANTON OHIO",W9136419B8001,1,OT,OTHER FUNCTIONS,Y1AB,CONSTRUCTION OF CONFERENCE SPACE AND FACILITIES,H,NOT BUNDLED,C2,CONSTRUCTION,236220,COMMERCIAL AND INSTITUTIONAL BUILDING CONSTRUCTION,F,ENVIRONMENTALLY PREFERABLE,A,U.S. OWNED BUSINESS,000,NONE,Z,NOT IT PRODUCTS OR SERVICES,E,NOT REQUIRED,USA,UNITED STATES,C,NOT A MANUFACTURED END PRODUCT,B,PLAN NOT REQUIRED,A,FULL AND OPEN COMPETITION,SB,SEALED BID,NONE,NO SET ASIDE USED.,NONE,NO PREFERENCE USED,,,,,,,7,D,COMMERCIAL ITEM PROCEDURES NOT USED,f,N,NO,N,NO,Y,YES,N,NO,0.00,N,NO,N,NO,N,NO,Y,YES,X,NOT APPLICABLE,,,,,,,,NONE,NONE,N,NO,X,NOT APPLICABLE EXEMPT FROM CAS,N,TRANSACTION DOES NOT USE GFE/GFP,N,NO,D,NOT CONSOLIDATED,N,NO - SERVICE WHERE PBA IS NOT USED.,N,NO,C,PERCENTAGE OF COMPLETION PROGRESS PAYMENTS,N,NO,X,NOT APPLICABLE,f,f,f,f,f,f,f,t,t,t,f,f,t,f,f,f,f,f,t,SMALL BUSINESS,S,f,f,f,f,f,f,f,f,f,f,f,f,f,f,f,f,f,CORPORATE NOT TAX EXEMPT,t,f,f,f,f,f,f,f,f,f,f,f,f,f,f,f,f,t,f,f,f,f,f,f,f,t,f,f,t,f,f,f,f,f,f,f,f,f,f,f,f,f,f,f,t,t,f,f,f,f,,,,,,,,,,,https://www.usaspending.gov/award/CONT_AWD_W9136419C8002_9700_-NONE-_-NONE-/,2024-09-27 11:04:22+00
CONT_AWD_W913E519C0004_9700_-NONE-_-NONE-,W913E519C0004,,,,,,,,,117817.00,0.00,117817.00,117817.00,2019-04-29,2019,2021-04-22,2021,2019-04-29,2022-04-29,2022-04-29 00:00:00,,,097,Department of Defense,2100,Department of the Army,W913E5,W2R2 COLD RGNS RSCH ENG LAB,097,Department of Defense,2100,Department of the Army,W81EWF,W2R2 USA ENGR R & D CTR,021-2020/2021-2040-000,021-2040,25.5: Research and development contracts,,X,NOT APPLICABLE,,,MV1JFXA4S621,134599174,NEVADA SYSTEM OF HIGHER EDUCATION,NEVADA SYSTEM OF HIGHER EDUCATION,,0K5F8,E2N7LVJCNCW8,067808063,STATE OF NEVADA,NEVADA  STATE OF,USA,UNITED STATES,2215 RAGGIO PKWY,,RENO,32031,WASHOE,32,NV,NEVADA,895121095,NV-02,NV-02,7028625593,,USA,UNITED STATES,RENO,32031,WASHOE,32,NV,NEVADA,895121095,NV-02,NV-02,AWARD,D,DEFINITIVE CONTRACT,,,,,,,J,FIRM FIXED PRICE,"R&D SERVICES BAA TITLED, ""MEASURING SURFACE SHEAR STRESS AND EVALUATING ITS RELATIONSHIP TO SURFACE ALBEDO""  U437N00",W912HZ17BAA01,1,OT,OTHER FUNCTIONS,AJ12,GENERAL SCIENCE AND TECHNOLOGY R&D SERVICES; GENERAL SCIENCE AND TECHNOLOGY; APPLIED RESEARCH,H,NOT BUNDLED,S1,SERVICES,541715,"RESEARCH AND DEVELOPMENT IN THE PHYSICAL, ENGINEERING, AND LIFE SCIENCES (EXCEPT NANOTECHNOLOGY AND BIOTECHNOLOGY)",F,ENVIRONMENTALLY PREFERABLE,A,U.S. OWNED BUSINESS,000,NONE,Z,NOT IT PRODUCTS OR SERVICES,E,NOT REQUIRED,USA,UNITED STATES,C,NOT A MANUFACTURED END PRODUCT,B,PLAN NOT REQUIRED,A,FULL AND OPEN COMPETITION,BR,BASIC RESEARCH,NONE,NO SET ASIDE USED.,NONE,NO PREFERENCE USED,,,,,,,1,D,COMMERCIAL ITEM PROCEDURES NOT USED,f,N,NO,N,NO,Y,YES,N,NO,0.00,N,NO,X,NOT APPLICABLE,X,NOT APPLICABLE,X,NOT APPLICABLE,X,NOT APPLICABLE,,,,,,,,NONE,NONE,N,NO,X,NOT APPLICABLE EXEMPT FROM CAS,N,TRANSACTION DOES NOT USE GFE/GFP,U,UNKNOWN,D,NOT CONSOLIDATED,Y,YES - SERVICE WHERE PBA IS USED.,N,NO,Z,NOT APPLICABLE,N,NO,X,NOT APPLICABLE,f,f,f,f,f,f,f,f,f,f,f,f,f,f,f,f,f,f,f,OTHER THAN SMALL BUSINESS,O,f,f,f,f,f,f,f,f,f,f,f,f,f,f,f,f,f,OTHER,f,f,f,f,f,f,f,f,f,f,f,f,f,f,f,f,f,t,f,f,f,f,f,f,f,f,f,f,f,t,f,f,f,f,f,f,f,f,f,f,f,f,f,f,f,f,f,f,f,f,,,,,,,,,,,https://www.usaspending.gov/award/CONT_AWD_W913E519C0004_9700_-NONE-_-NONE-/,2021-04-22 16:24:19+00
CONT_AWD_W91B4N20C2005_9700_-NONE-_-NONE-,W91B4N20C2005,,,,,,,,,241919.89,,241919.89,241919.89,2020-09-24,2020,2021-04-19,2021,2020-09-30,2021-04-10,2021-04-10 00:00:00,,,097,Department of Defense,2100,Department of the Army,W91B4N,0408 AQ HQ     KUWAIT,097,Department of Defense,2100,Department of the Army,W9008Z,W6AK USAE DSCS CENTCOM,,,,,X,NOT APPLICABLE,,,NN2NGPDNCK23,790238851,FOREIGN AWARDEES (UNDISCLOSED),FOREIGN AWARDEES (UNDISCLOSED),,3JEV3,NN2NGPDNCK23,790238851,FOREIGN AWARDEES (UNDISCLOSED),FOREIGN CONTRACTOR (UNDISCLOSED),USA,UNITED STATES,1800 F ST NW,,WASHINGTON,11001,DISTRICT OF COLUMBIA,11,DC,DISTRICT OF COLUMBIA,204050001,,DC-98,2022159767,,AFG,AFGHANISTAN,,,,,,,,,,AWARD,D,DEFINITIVE CONTRACT,,,,,,,J,FIRM FIXED PRICE,KABUL UPGRADE OF CHECKPOINT 25&26,W91B4N20R2012,1,OT,OTHER FUNCTIONS,Y1PZ,CONSTRUCTION OF OTHER NON-BUILDING FACILITIES,H,NOT BUNDLED,C2,CONSTRUCTION,238990,ALL OTHER SPECIALTY TRADE CONTRACTORS,C,NO CLAUSES INCLUDED AND NO SUSTAINABILITY INCLUDED,D,FOREIGN-OWNED BUSINESS NOT INCORPORATED IN THE U.S.,000,NONE,Z,NOT IT PRODUCTS OR SERVICES,A,MEETS REQUIREMENTS,AFG,AFGHANISTAN,C,NOT A MANUFACTURED END PRODUCT,B,PLAN NOT REQUIRED,F,COMPETED UNDER SAP,SP1,SIMPLIFIED ACQUISITION,NONE,NO SET ASIDE USED.,NONE,NO PREFERENCE USED,,,,,,,6,D,COMMERCIAL ITEM PROCEDURES NOT USED,f,N,NO,N,NO,N,NO,N,NO,0.00,N,NO,X,NOT APPLICABLE,X,NOT APPLICABLE,X,NOT APPLICABLE,X,NOT APPLICABLE,,,,,,,,O15F,OPERATION FREEDOM'S SENTINEL (OFS),N,NO,X,NOT APPLICABLE EXEMPT FROM CAS,N,TRANSACTION DOES NOT USE GFE/GFP,N,NO,D,NOT CONSOLIDATED,N,NO - SERVICE WHERE PBA IS NOT USED.,N,NO,Z,NOT APPLICABLE,N,NO,A,CONTINGENCY OPERATION AS DEFINED IN 10 U.S.C. 101(A)(13),f,f,f,f,f,f,f,f,f,f,f,f,f,f,f,f,f,f,f,OTHER THAN SMALL BUSINESS,O,f,f,f,f,f,f,f,f,f,f,f,f,f,f,f,f,f,OTHER,f,f,f,f,f,f,f,f,f,f,f,f,f,f,f,f,f,t,f,f,f,f,f,f,f,f,f,f,t,f,f,f,f,f,f,f,f,f,f,f,f,f,f,f,f,f,f,f,f,f,,,,,,,,,,,https://www.usaspending.gov/award/CONT_AWD_W91B4N20C2005_9700_-NONE-_-NONE-/,2021-08-20 18:09:44+00
CONT_AWD_W91CRB16C0008_9700_-NONE-_-NONE-,W91CRB16C0008,,,,Q: Not Designated Nonemergency/Emergency/Disaster/Wildfire Suppression,,,,,7205593.57,0.00,7205593.57,7205593.57,2015-12-23,2016,2021-04-19,2021,2016-02-22,2021-06-21,2021-06-21 00:00:00,,,097,Department of Defense,2100,Department of the Army,W91CRB,W6QK ACC-APG,097,Department of Defense,2100,Department of the Army,W81MR3,W00G OFC ASA FIN MGT AND COMPT,021-2019/2019-2020-000;021-2020/2020-2020-000;021-2021/2021-2020-000,021-2020,25.1: Advisory and assistance services,0001: OPERATING FORCES,X,NOT APPLICABLE,,,L3ZCKJN1YZL4,,UNISON COST ENGINEERING LLC,PRICE SYSTEMS L.L.C.,,48110,L3ZCKJN1YZL4,,UNISON COST ENGINEERING LLC,PRICE SYSTEMS L.L.C.,USA,UNITED STATES,17000 COMMERCE PKWY STE A,,MOUNT LAUREL,34005,BURLINGTON,34,NJ,NEW JERSEY,080542267,NJ-03,NJ-03,8566087225,8566087247,USA,UNITED STATES,MOUNT LAUREL,34005,BURLINGTON,34,NJ,NEW JERSEY,080542267,NJ-03,NJ-03,AWARD,D,DEFINITIVE CONTRACT,,,,,,,J,FIRM FIXED PRICE,PRICE SYSTEMS TRUEPLANNING ARMY-WIDE SITE LICENSE AND SUPPORT SERVICES IGF::OT::IGF TECHNICAL SUPPORT SERVICES,,1,OT,OTHER FUNCTIONS,7030,INFORMATION TECHNOLOGY SOFTWARE,D,NOT A BUNDLED REQUIREMENT,S1,SERVICES,541511,CUSTOM COMPUTER PROGRAMMING SERVICES,C,NO CLAUSES INCLUDED AND NO SUSTAINABILITY INCLUDED,A,U.S. OWNED BUSINESS,000,NONE,F,NON-COMMERCIAL SERVICE,A,MEETS REQUIREMENTS,USA,UNITED STATES,D,MFG IN U.S.,B,PLAN NOT REQUIRED,C,NOT COMPETED,SSS,ONLY ONE SOURCE,NONE,NO SET ASIDE USED.,NONE,NO PREFERENCE USED,,,,,ONE,ONLY ONE SOURCE-OTHER (FAR 6.302-1 OTHER),1,D,COMMERCIAL ITEM PROCEDURES NOT USED,f,N,NO,N,NO,X,NOT APPLICABLE,N,NO,0.00,N,NO,N,NO,N,NO,N,NO,X,NOT APPLICABLE,,,,,,,,NONE,NONE,N,NO,X,NOT APPLICABLE EXEMPT FROM CAS,N,TRANSACTION DOES NOT USE GFE/GFP,N,NO,N,NO,X,NOT APPLICABLE,N,NO,Z,NOT APPLICABLE,N,NO,X,NOT APPLICABLE,f,f,f,f,f,f,f,f,f,f,f,f,f,f,f,f,f,f,f,SMALL BUSINESS,S,f,f,f,f,f,f,f,f,f,f,f,f,f,f,f,f,f,PARTNERSHIP,f,f,t,f,f,f,f,f,f,f,f,f,t,f,f,f,f,t,f,f,f,f,f,f,f,f,t,f,t,f,f,f,f,f,f,f,f,f,f,f,f,f,f,f,f,f,f,f,f,f,,,,,,,,,,,https://www.usaspending.gov/award/CONT_AWD_W91CRB16C0008_9700_-NONE-_-NONE-/,2022-04-07 13:13:52+00
CONT_AWD_W91CRB20C0053_9700_-NONE-_-NONE-,W91CRB20C0053,,,,,,,,,4144182.00,,4144182.00,4144182.00,2020-09-29,2020,2021-04-16,2021,2020-09-29,2021-11-01,2021-11-01 00:00:00,,2020-08-21,097,Department of Defense,2100,Department of the Army,W91CRB,W6QK ACC-APG,097,Department of Defense,2100,Department of the Army,W25P02,W1VW HQ USASAC,,,,,A,FOREIGN FUNDS FMS,,,GTQTCX6XMPV9,118503643,"GOVERNMENT SUPPLIERS & ASSOCIATES, INC.","GOVERNMENT SUPPLIERS & ASSOCIATES, INC.",,3A9R3,GTQTCX6XMPV9,118503643,"GOVERNMENT SUPPLIERS & ASSOCIATES, INC.",GOVERNMENT SUPPLIERS & ASSOCIATES  INC.,USA,UNITED STATES,550 CORMORANT DRIVE,,VONORE,47123,MONROE,47,TN,TENNESSEE,378855411,TN-02,TN-03,6154198889,,USA,UNITED STATES,GREENBACK,47105,LOUDON,47,TN,TENNESSEE,377422303,TN-02,TN-02,AWARD,D,DEFINITIVE CONTRACT,,,,,,,J,FIRM FIXED PRICE,PURCHASE OF OCIE FOR FMS CASE QI-B-ADK AND QI-B-AEI,W91CRB20RIRAQ,1,,,8465,INDIVIDUAL EQUIPMENT,H,NOT BUNDLED,A9,"TEXTILES, CLOTHING AND EQUIPAGE",339999,ALL OTHER MISCELLANEOUS MANUFACTURING,C,NO CLAUSES INCLUDED AND NO SUSTAINABILITY INCLUDED,A,U.S. OWNED BUSINESS,000,NONE,Z,NOT IT PRODUCTS OR SERVICES,A,MEETS REQUIREMENTS,USA,UNITED STATES,D,MFG IN U.S.,B,PLAN NOT REQUIRED,F,COMPETED UNDER SAP,SP1,SIMPLIFIED ACQUISITION,SBA,SMALL BUSINESS SET ASIDE - TOTAL,NONE,NO PREFERENCE USED,,,,,,,19,A,COMMERCIAL ITEM,f,N,NO,N,NO,Y,YES,N,NO,0.00,N,NO,X,NOT APPLICABLE,X,NOT APPLICABLE,X,NOT APPLICABLE,X,NOT APPLICABLE,,,,,,,,NONE,NONE,N,NO,X,NOT APPLICABLE EXEMPT FROM CAS,N,TRANSACTION DOES NOT USE GFE/GFP,U,UNKNOWN,D,NOT CONSOLIDATED,X,NOT APPLICABLE,N,NO,Z,NOT APPLICABLE,N,NO,X,NOT APPLICABLE,f,f,f,f,f,f,f,f,f,f,f,f,f,f,f,f,f,f,f,SMALL BUSINESS,S,f,f,f,f,f,f,f,f,f,f,f,f,f,f,f,f,f,CORPORATE NOT TAX EXEMPT,t,f,f,f,f,f,f,f,f,f,f,f,t,f,f,f,f,t,f,f,f,f,f,f,f,t,f,f,t,f,f,f,f,f,f,f,f,f,f,f,f,f,f,f,f,f,f,f,f,f,,,,,,,,,,,https://www.usaspending.gov/award/CONT_AWD_W91CRB20C0053_9700_-NONE-_-NONE-/,2021-04-16 10:23:35+00
CONT_AWD_W91QV115C0007_9700_-NONE-_-NONE-,W91QV115C0007,,,,Q: Not Designated Nonemergency/Emergency/Disaster/Wildfire Suppression,,,,,931922.76,0.00,994787.18,1082324.77,2014-12-05,2015,2021-04-21,2021,2014-12-05,2019-12-04,2019-12-04 00:00:00,,,097,Department of Defense,2100,Department of the Army,W91QV1,W6QM MICC-FT BELVOIR,097,Department of Defense,2100,Department of the Army,W91J5M,0003 IN GRP    HEADQUARTERS IN,021-2015/2015-2020-000;021-2016/2016-2020-000;021-2017/2017-2020-000;021-2018/2018-2020-000;021-2019/2019-2020-000,021-2020,25.2: Other services from non-Federal sources;25.4: Operation and maintenance of facilities;26.0: Supplies and materials,0001: OPERATING FORCES,X,NOT APPLICABLE,,,KRDNGHM1JGE1,,"SOUTHERN STATES COOPERATIVE, INCORPORATED","SOUTHERN STATES COOPERATIVE, INCORPORATED",,1ST85,KRDNGHM1JGE1,,"SOUTHERN STATES COOPERATIVE, INCORPORATED",SOUTHERN STATES COOPERATIVE  INCORPORATED,USA,UNITED STATES,6606 W BROAD ST STE B,,RICHMOND,51087,HENRICO,51,VA,VIRGINIA,232301717,VA-07,VA-04,8505725128,8508570156,USA,UNITED STATES,FORT MYER,51013,ARLINGTON,51,VA,VIRGINIA,222111199,VA-08,VA-08,AWARD,D,DEFINITIVE CONTRACT,,,,,,,J,FIRM FIXED PRICE,CALLOWAY HORSE BEDDING (FT MYER),W91QV115T0004,1,OT,OTHER FUNCTIONS,8710,FORAGE AND FEED,D,NOT A BUNDLED REQUIREMENT,C9E,ALL OTHERS NOT IDENTIFIABLE TO ANY OTHER PROCUREMENT PROGRAM,311119,OTHER ANIMAL FOOD MANUFACTURING,C,NO CLAUSES INCLUDED AND NO SUSTAINABILITY INCLUDED,A,U.S. OWNED BUSINESS,000,NONE,Z,NOT IT PRODUCTS OR SERVICES,A,MEETS REQUIREMENTS,USA,UNITED STATES,C,NOT A MANUFACTURED END PRODUCT,B,PLAN NOT REQUIRED,F,COMPETED UNDER SAP,SP1,SIMPLIFIED ACQUISITION,NONE,NO SET ASIDE USED.,NONE,NO PREFERENCE USED,,,,,,,2,A,COMMERCIAL ITEM,f,N,NO,N,NO,Y,YES,N,NO,0.00,N,NO,N,NO,N,NO,N,NO,X,NOT APPLICABLE,,,,,,,,NONE,NONE,N,NO,X,NOT APPLICABLE EXEMPT FROM CAS,N,TRANSACTION DOES NOT USE GFE/GFP,U,UNKNOWN,N,NO,X,NOT APPLICABLE,N,NO,Z,NOT APPLICABLE,N,NO,X,NOT APPLICABLE,f,f,f,f,f,f,f,f,f,f,f,f,f,f,f,f,f,f,f,OTHER THAN SMALL BUSINESS,O,f,f,f,f,f,f,f,f,f,f,f,f,f,f,f,f,f,CORPORATE NOT TAX EXEMPT,t,f,f,f,t,f,f,f,f,f,f,f,f,f,f,f,f,t,f,f,f,f,f,f,f,f,f,f,t,f,f,f,f,f,f,f,f,f,f,f,f,f,f,f,f,f,f,f,f,f,,,,,,,,,,,https://www.usaspending.gov/award/CONT_AWD_W91QV115C0007_9700_-NONE-_-NONE-/,2023-06-02 14:07:10+00
CONT_AWD_W91QV120C0096_9700_-NONE-_-NONE-,W91QV120C0096,,,,Q: Not Designated Nonemergency/Emergency/Disaster/Wildfire Suppression,,,,,384500.55,0.00,384500.55,384500.55,2020-09-03,2020,2021-04-19,2021,2020-09-21,2021-07-01,2021-07-01 00:00:00,,2020-08-24,097,Department of Defense,2100,Department of the Army,W91QV1,W6QM MICC-FT BELVOIR,097,Department of Defense,2100,Department of the Army,W81XLC,W1C9 ARLINGTON NATL CEM,021-2021/2021-1805-000,021-1805,32.0: Land and structures,0008: ARMY NATIONAL CEMETERIES PROGRAM,X,NOT APPLICABLE,,,L3F4AGQLK4V3,,LINDSAY COMPANY,LINDSAY COMPANY,,5HAY0,L3F4AGQLK4V3,,LINDSAY COMPANY,LINDSAY COMPANY  LLC,USA,UNITED STATES,2301D GEORGIA AVE NW STE 800,,WASHINGTON,11001,DISTRICT OF COLUMBIA,11,DC,DISTRICT OF COLUMBIA,200013003,DC-98,DC-98,2024656060,,USA,UNITED STATES,FORT MYER,51013,ARLINGTON,51,VA,VIRGINIA,222119500,VA-08,VA-08,AWARD,D,DEFINITIVE CONTRACT,,,,,,,J,FIRM FIXED PRICE,ANC WATER INFILTRATION REPAIRS,W91QV120R0033,1,OT,OTHER FUNCTIONS,Z2ND,REPAIR OR ALTERATION OF SEWAGE AND WASTE FACILITIES,H,NOT BUNDLED,C2,CONSTRUCTION,237110,WATER AND SEWER LINE AND RELATED STRUCTURES CONSTRUCTION,C,NO CLAUSES INCLUDED AND NO SUSTAINABILITY INCLUDED,A,U.S. OWNED BUSINESS,000,NONE,Z,NOT IT PRODUCTS OR SERVICES,E,NOT REQUIRED,USA,UNITED STATES,C,NOT A MANUFACTURED END PRODUCT,B,PLAN NOT REQUIRED,B,NOT AVAILABLE FOR COMPETITION,SSS,ONLY ONE SOURCE,8AN,8(A) SOLE SOURCE,NONE,NO PREFERENCE USED,,,,,OTH,AUTHORIZED BY STATUTE (FAR 6.302-5(A)(2)(I)),1,D,COMMERCIAL ITEM PROCEDURES NOT USED,f,N,NO,N,NO,Y,YES,N,NO,0.00,N,NO,N,NO,N,NO,Y,YES,X,NOT APPLICABLE,,,,,,,,NONE,NONE,N,NO,X,NOT APPLICABLE EXEMPT FROM CAS,N,TRANSACTION DOES NOT USE GFE/GFP,U,UNKNOWN,D,NOT CONSOLIDATED,Y,YES - SERVICE WHERE PBA IS USED.,N,NO,A,FAR 52.232-16 PROGRESS PAYMENTS,N,NO,X,NOT APPLICABLE,f,f,f,f,f,f,f,t,t,t,f,f,t,f,f,t,f,f,f,SMALL BUSINESS,S,f,f,f,f,f,f,f,f,f,f,f,f,f,f,f,f,f,CORPORATE NOT TAX EXEMPT,t,f,f,f,f,f,f,f,f,f,f,f,f,f,f,f,f,t,f,f,f,f,f,f,f,t,f,f,t,f,f,f,f,f,f,f,f,f,f,f,f,f,f,f,f,t,f,t,t,f,,,,,,,,,,,https://www.usaspending.gov/award/CONT_AWD_W91QV120C0096_9700_-NONE-_-NONE-/,2023-06-02 14:07:10+00
CONT_AWD_W91QV121C0008_9700_-NONE-_-NONE-,W91QV121C0008,,,,,,,,,53788.15,,53788.15,53788.15,2020-12-03,2021,2021-04-19,2021,2020-12-02,2021-04-02,2021-04-02 00:00:00,,2020-11-27,097,Department of Defense,2100,Department of the Army,W91QV1,W6QM MICC-FT BELVOIR,097,Department of Defense,2100,Department of the Army,W23QEP,W3HV USA GARRISON FT DETRICK,,,,,X,NOT APPLICABLE,,,HYMHV1A4KKV4,,BOLAND TRANE SERVICES INC,"BOLAND TRANE SERVICES, INC.",,1D039,HYMHV1A4KKV4,,BOLAND TRANE SERVICES INC,BOLAND TRANE SERVICES  INC.,USA,UNITED STATES,30 W WATKINS MILL RD STE 300,,GAITHERSBURG,24031,MONTGOMERY,24,MD,MARYLAND,208784005,MD-06,MD-06,2403063000,2403063400,USA,UNITED STATES,FREDERICK,24021,FREDERICK,24,MD,MARYLAND,217026203,MD-06,MD-06,AWARD,D,DEFINITIVE CONTRACT,,,,,,,J,FIRM FIXED PRICE,POWER PLANT CHILLER RENTAL,W91QV121R0016,1,,,4130,REFRIGERATION AND AIR CONDITIONING COMPONENTS,H,NOT BUNDLED,S1,SERVICES,238220,"PLUMBING, HEATING, AND AIR-CONDITIONING CONTRACTORS",C,NO CLAUSES INCLUDED AND NO SUSTAINABILITY INCLUDED,A,U.S. OWNED BUSINESS,000,NONE,Z,NOT IT PRODUCTS OR SERVICES,A,MEETS REQUIREMENTS,USA,UNITED STATES,D,MFG IN U.S.,B,PLAN NOT REQUIRED,B,NOT AVAILABLE FOR COMPETITION,SSS,ONLY ONE SOURCE,NONE,NO SET ASIDE USED.,NONE,NO PREFERENCE USED,,,,,OTH,AUTHORIZED BY STATUTE (FAR 6.302-5(A)(2)(I)),1,A,COMMERCIAL ITEM,f,N,NO,N,NO,N,NO,N,NO,0.00,N,NO,N,NO,N,NO,N,NO,X,NOT APPLICABLE,,,,,,,,NONE,NONE,N,NO,X,NOT APPLICABLE EXEMPT FROM CAS,N,TRANSACTION DOES NOT USE GFE/GFP,U,UNKNOWN,D,NOT CONSOLIDATED,X,NOT APPLICABLE,N,NO,Z,NOT APPLICABLE,N,NO,X,NOT APPLICABLE,f,f,f,f,f,f,f,f,f,f,f,f,f,f,f,f,f,f,f,OTHER THAN SMALL BUSINESS,O,f,f,f,f,f,f,f,f,f,f,f,f,f,f,f,f,f,CORPORATE NOT TAX EXEMPT,t,f,f,f,f,f,f,f,f,f,f,f,f,f,f,f,f,t,f,f,f,f,f,f,f,t,f,f,t,f,f,f,f,f,f,f,f,f,f,f,f,f,f,f,f,f,f,f,f,f,,,,,,,,,,,https://www.usaspending.gov/award/CONT_AWD_W91QV121C0008_9700_-NONE-_-NONE-/,2023-06-02 14:07:10+00
CONT_AWD_W91RUS19C0024_9700_-NONE-_-NONE-,W91RUS19C0024,,,,Q: Not Designated Nonemergency/Emergency/Disaster/Wildfire Suppression,,,,,2840997.44,0.00,2840997.44,2840997.44,2019-07-18,2019,2021-04-19,2021,2019-07-22,2021-09-20,2021-09-20 00:00:00,,2018-02-22,097,Department of Defense,2100,Department of the Army,W91RUS,W6QK ACC-APG CONT CT SW SECTOR,097,Department of Defense,2100,Department of the Army,W61DD3,W04Y USA ELECTRONIC PROVING GR,097-2018/2019-0400-000,097-0400,25.5: Research and development contracts,0001: BASIC RESEARCH,X,NOT APPLICABLE,,,RJP8JJQGMKY4,883336190,ANDRO COMPUTATIONAL SOLUTIONS LLC,ANDRO COMPUTATIONAL SOLUTIONS LLC,,024U8,RJP8JJQGMKY4,883336190,ANDRO COMPUTATIONAL SOLUTIONS LLC,ANDRO COMPUTATIONAL SOLUTIONS LLC,USA,UNITED STATES,7980 TURIN RD,,ROME,36065,ONEIDA,36,NY,NEW YORK,134401934,NY-22,NY-21,3153341163,3153341397,USA,UNITED STATES,ROME,36065,ONEIDA,36,NY,NEW YORK,134401934,NY-22,NY-21,AWARD,D,DEFINITIVE CONTRACT,,,,,,,U,COST PLUS FIXED FEE,STRAIN RESEARCH AND DEVELOPMENT,HQ003418RIF01,1,OT,OTHER FUNCTIONS,AC65,R&D- DEFENSE SYSTEM: ELECTRONICS/COMMUNICATION EQUIPMENT (OPERATIONAL SYSTEMS DEVELOPMENT),H,NOT BUNDLED,S1,SERVICES,541715,"RESEARCH AND DEVELOPMENT IN THE PHYSICAL, ENGINEERING, AND LIFE SCIENCES (EXCEPT NANOTECHNOLOGY AND BIOTECHNOLOGY)",C,NO CLAUSES INCLUDED AND NO SUSTAINABILITY INCLUDED,A,U.S. OWNED BUSINESS,000,NONE,Z,NOT IT PRODUCTS OR SERVICES,E,NOT REQUIRED,USA,UNITED STATES,C,NOT A MANUFACTURED END PRODUCT,B,PLAN NOT REQUIRED,A,FULL AND OPEN COMPETITION,BR,BASIC RESEARCH,NONE,NO SET ASIDE USED.,NONE,NO PREFERENCE USED,,,,,,,1,D,COMMERCIAL ITEM PROCEDURES NOT USED,f,N,NO,N,NO,Y,YES,N,NO,0.00,N,NO,N,NO,N,NO,N,NO,X,NOT APPLICABLE,,,,,,,,NONE,NONE,N,NO,X,NOT APPLICABLE EXEMPT FROM CAS,N,TRANSACTION DOES NOT USE GFE/GFP,U,UNKNOWN,D,NOT CONSOLIDATED,N,NO - SERVICE WHERE PBA IS NOT USED.,N,NO,Z,NOT APPLICABLE,N,NO,X,NOT APPLICABLE,f,f,f,f,f,f,f,f,f,f,f,f,f,f,f,f,f,f,f,SMALL BUSINESS,S,f,f,f,f,f,f,f,f,f,f,f,f,f,f,f,f,f,OTHER,f,f,f,f,f,f,f,f,f,f,f,f,f,f,f,f,f,t,f,f,f,f,f,f,f,f,t,f,t,f,f,f,f,f,f,f,f,f,f,f,f,f,f,f,f,f,f,f,f,f,,,,,,,,,,,https://www.usaspending.gov/award/CONT_AWD_W91RUS19C0024_9700_-NONE-_-NONE-/,2021-04-19 16:59:01+00
CONT_AWD_W91WAW12C0061_9700_-NONE-_-NONE-,W91WAW12C0061,,,,,,,,,3993690.46,,3993690.46,5396786.46,2012-09-15,2012,2021-04-20,2021,2012-09-14,2015-09-15,2015-09-15 00:00:00,,,097,Department of Defense,9763,Defense Contract Management Agency,S0302A,DCMA MOUNTAIN PACIFIC,097,Department of Defense,1700,Department of the Navy,N68520,FLEET READINESS CENTER,,,,,X,NOT APPLICABLE,,,GFFEGV4LU163,183902048,"BLUE YONDER, INC.","BLUE YONDER, INC.",JDA SOFTWARE,5LEK6,W5ELEGSFKGS5,078707043,BLUE YONDER  INC.,RP CROWN PARENT  LLC,USA,UNITED STATES,15059 N SCOTTSDALE RD STE 400,,SCOTTSDALE,04013,MARICOPA,04,AZ,ARIZONA,852542666,AZ-06,AZ-01,7048440459,,USA,UNITED STATES,SCOTTSDALE,04013,MARICOPA,04,AZ,ARIZONA,852603653,AZ-06,AZ-01,AWARD,D,DEFINITIVE CONTRACT,,,,,,,J,FIRM FIXED PRICE,FFP SUSTAINMENT AND SUPPORT SERVICES,,1,OT,OTHER FUNCTIONS,D319,IT AND TELECOM- ANNUAL SOFTWARE MAINTENANCE SERVICE PLANS,D,NOT A BUNDLED REQUIREMENT,S1,SERVICES,541511,CUSTOM COMPUTER PROGRAMMING SERVICES,C,NO CLAUSES INCLUDED AND NO SUSTAINABILITY INCLUDED,A,U.S. OWNED BUSINESS,000,NONE,E,COMMERCIAL SERVICE,E,NOT REQUIRED,USA,UNITED STATES,C,NOT A MANUFACTURED END PRODUCT,B,PLAN NOT REQUIRED,C,NOT COMPETED,SSS,ONLY ONE SOURCE,NONE,NO SET ASIDE USED.,NONE,NO PREFERENCE USED,,,,,ONE,ONLY ONE SOURCE-OTHER (FAR 6.302-1 OTHER),1,A,COMMERCIAL ITEM,f,N,NO,N,NO,Y,YES,N,NO,0.00,N,NO,N,NO,N,NO,N,NO,A,ECONOMY ACT,,,,,,,,NONE,NONE,N,NO,Y,YES - CAS CLAUSE INCLUDED,N,TRANSACTION DOES NOT USE GFE/GFP,U,UNKNOWN,N,NO,Y,YES - SERVICE WHERE PBA IS USED.,N,NO,Z,NOT APPLICABLE,N,NO,X,NOT APPLICABLE,f,f,f,f,f,f,f,f,f,f,f,f,f,f,f,f,f,f,f,OTHER THAN SMALL BUSINESS,O,f,f,f,f,f,f,f,f,f,f,f,f,f,f,f,f,f,CORPORATE NOT TAX EXEMPT,t,f,f,f,f,f,f,f,f,f,f,f,f,f,f,t,f,f,f,f,f,f,f,f,f,f,f,f,t,f,f,f,f,f,f,f,f,f,f,f,f,f,f,f,f,f,f,f,f,f,,,,,,,,,,,https://www.usaspending.gov/award/CONT_AWD_W91WAW12C0061_9700_-NONE-_-NONE-/,2021-11-03 13:52:47+00
CONT_AWD_W91YTZ17C0020_9700_-NONE-_-NONE-,W91YTZ17C0020,,,,Q: Not Designated Nonemergency/Emergency/Disaster/Wildfire Suppression,,,,,185896.14,0.00,185896.14,232600.80,2017-06-09,2017,2021-04-20,2021,2017-10-01,2021-09-30,2022-09-30 00:00:00,,,097,Department of Defense,2100,Department of the Army,W91YTZ,W40M MRCO EAST,097,Department of Defense,2100,Department of the Army,W31BMY,W2MQ USA MEDDAC FT RUCKER,097-2020/2020-0130-000;097-2021/2021-0130-000,097-0130,26.0: Supplies and materials,0000: UNKNOWN/OTHER,X,NOT APPLICABLE,,,PU6HHX2R11C7,153910070,"BECKMAN COULTER, INC","BECKMAN COULTER, INC.",,0HWD8,MBFSJ8M4RQB6,024744476,DANAHER CORPORATION,DANAHER CORPORATION,USA,UNITED STATES,250 S KRAEMER BLVD,,BREA,06059,ORANGE,06,CA,CALIFORNIA,928216232,CA-39,CA-40,7149614288,7142234110,USA,UNITED STATES,FORT RUCKER,01045,DALE,01,AL,ALABAMA,363622262,AL-02,AL-01,AWARD,D,DEFINITIVE CONTRACT,,,,,,,J,FIRM FIXED PRICE,IGF::OT::IGF  MONTHLY CPRR,W91YTZ17T0253,1,OT,OTHER FUNCTIONS,Q301,MEDICAL- LABORATORY TESTING,H,NOT BUNDLED,C9B,MEDICAL AND DENTAL SUPPLIES AND EQUIPMENT,325413,IN-VITRO DIAGNOSTIC SUBSTANCE MANUFACTURING,C,NO CLAUSES INCLUDED AND NO SUSTAINABILITY INCLUDED,A,U.S. OWNED BUSINESS,000,NONE,Z,NOT IT PRODUCTS OR SERVICES,E,NOT REQUIRED,USA,UNITED STATES,C,NOT A MANUFACTURED END PRODUCT,B,PLAN NOT REQUIRED,A,FULL AND OPEN COMPETITION,NP,NEGOTIATED PROPOSAL/QUOTE,NONE,NO SET ASIDE USED.,NONE,NO PREFERENCE USED,,,,,,,1,A,COMMERCIAL ITEM,f,N,NO,N,NO,X,NOT APPLICABLE,N,NO,0.00,N,NO,X,NOT APPLICABLE,X,NOT APPLICABLE,X,NOT APPLICABLE,X,NOT APPLICABLE,,,,,,,,NONE,NONE,N,NO,X,NOT APPLICABLE EXEMPT FROM CAS,N,TRANSACTION DOES NOT USE GFE/GFP,U,UNKNOWN,D,NOT CONSOLIDATED,Y,YES - SERVICE WHERE PBA IS USED.,N,NO,Z,NOT APPLICABLE,N,NO,X,NOT APPLICABLE,f,f,f,f,f,f,f,f,f,f,f,f,f,f,f,f,f,f,f,OTHER THAN SMALL BUSINESS,O,f,f,f,f,f,f,f,f,f,f,f,f,f,f,f,f,f,CORPORATE NOT TAX EXEMPT,t,f,f,f,f,f,f,f,f,f,f,f,t,f,f,f,f,t,f,f,f,f,f,f,f,f,f,f,t,f,f,f,f,f,f,f,f,f,f,f,f,f,f,f,f,f,f,f,f,f,H LAWRENCE  CUL,13704222.00,DANIEL L COMAS,9846729.00,THOMAS P JOYCE JR,8406276.00,WILLIAM K DANIEL,8300202.00,MARK A BECK,6972169.00,https://www.usaspending.gov/award/CONT_AWD_W91YTZ17C0020_9700_-NONE-_-NONE-/,2021-04-20 22:27:15+00
