contract_award_unique_key,award_id_piid,parent_award_agency_id,parent_award_agency_name,parent_award_id_piid,disaster_emergency_fund_codes,outlayed_amount_from_COVID-19_supplementals,obligated_amount_from_COVID-19_supplementals,outlayed_amount_from_IIJA_supplemental,obligated_amount_from_IIJA_supplemental,total_obligated_amount,total_outlayed_amount,current_total_value_of_award,potential_total_value_of_award,award_base_action_date,award_base_action_date_fiscal_year,award_latest_action_date,award_latest_action_date_fiscal_year,period_of_performance_start_date,period_of_performance_current_end_date,period_of_performance_potential_end_date,ordering_period_end_date,solicitation_date,awarding_agency_code,awarding_agency_name,awarding_sub_agency_code,awarding_sub_agency_name,awarding_office_code,awarding_office_name,funding_agency_code,funding_agency_name,funding_sub_agency_code,funding_sub_agency_name,funding_office_code,funding_office_name,treasury_accounts_funding_this_award,federal_accounts_funding_this_award,object_classes_funding_this_award,program_activities_funding_this_award,foreign_funding,foreign_funding_description,sam_exception,sam_exception_description,recipient_uei,recipient_duns,recipient_name,recipient_name_raw,recipient_doing_business_as_name,cage_code,recipient_parent_uei,recipient_parent_duns,recipient_parent_name,recipient_parent_name_raw,recipient_country_code,recipient_country_name,recipient_address_line_1,recipient_address_line_2,recipient_city_name,prime_award_summary_recipient_county_fips_code,recipient_county_name,prime_award_summary_recipient_state_fips_code,recipient_state_code,recipient_state_name,recipient_zip_4_code,prime_award_summary_recipient_cd_original,prime_award_summary_recipient_cd_current,recipient_phone_number,recipient_fax_number,primary_place_of_performance_country_code,primary_place_of_performance_country_name,primary_place_of_performance_city_name,prime_award_summary_place_of_performance_county_fips_code,primary_place_of_performance_county_name,prime_award_summary_place_of_performance_state_fips_code,primary_place_of_performance_state_code,primary_place_of_performance_state_name,primary_place_of_performance_zip_4,prime_award_summary_place_of_performance_cd_original,prime_award_summary_place_of_performance_cd_current,award_or_idv_flag,award_type_code,award_type,idv_type_code,idv_type,multiple_or_single_award_idv_code,multiple_or_single_award_idv,type_of_idc_code,type_of_idc,type_of_contract_pricing_code,type_of_contract_pricing,prime_award_base_transaction_description,solicitation_identifier,number_of_actions,inherently_governmental_functions,inherently_governmental_functions_description,product_or_service_code,product_or_service_code_description,contract_bundling_code,contract_bundling,dod_claimant_program_code,dod_claimant_program_description,naics_code,naics_description,recovered_materials_sustainability_code,recovered_materials_sustainability,domestic_or_foreign_entity_code,domestic_or_foreign_entity,dod_acquisition_program_code,dod_acquisition_program_description,information_technology_commercial_item_category_code,information_technology_commercial_item_category,epa_designated_product_code,epa_designated_product,country_of_product_or_service_origin_code,country_of_product_or_service_origin,place_of_manufacture_code,place_of_manufacture,subcontracting_plan_code,subcontracting_plan,extent_competed_code,extent_competed,solicitation_procedures_code,solicitation_procedures,type_of_set_aside_code,type_of_set_aside,evaluated_preference_code,evaluated_preference,research_code,research,fair_opportunity_limited_sources_code,fair_opportunity_limited_sources,other_than_full_and_open_competition_code,other_than_full_and_open_competition,number_of_offers_received,commercial_item_acquisition_procedures_code,commercial_item_acquisition_procedures,small_business_competitiveness_demonstration_program,simplified_procedures_for_certain_commercial_items_code,simplified_procedures_for_certain_commercial_items,a76_fair_act_action_code,a76_fair_act_action,fed_biz_opps_code,fed_biz_opps,local_area_set_aside_code,local_area_set_aside,price_evaluation_adjustment_preference_percent_difference,clinger_cohen_act_planning_code,clinger_cohen_act_planning,materials_supplies_articles_equipment_code,materials_supplies_articles_equipment,labor_standards_code,labor_standards,construction_wage_rate_requirements_code,construction_wage_rate_requirements,interagency_contracting_authority_code,interagency_contracting_authority,other_statutory_authority,program_acronym,parent_award_type_code,parent_award_type,parent_award_single_or_multiple_code,parent_award_single_or_multiple,major_program,national_interest_action_code,national_interest_action,cost_or_pricing_data_code,cost_or_pricing_data,cost_accounting_standards_clause_code,cost_accounting_standards_clause,government_furnished_property_code,government_furnished_property,sea_transportation_code,sea_transportation,consolidated_contract_code,consolidated_contract,performance_based_service_acquisition_code,performance_based_service_acquisition,multi_year_contract_code,multi_year_contract,contract_financing_code,contract_financing,purchase_card_as_payment_method_code,purchase_card_as_payment_method,contingency_humanitarian_or_peacekeeping_operation_code,contingency_humanitarian_or_peacekeeping_operation,alaskan_native_corporation_owned_firm,american_indian_owned_business,indian_tribe_federally_recognized,native_hawaiian_organization_owned_firm,tribally_owned_firm,veteran_owned_business,service_disabled_veteran_owned_business,woman_owned_business,women_owned_small_business,economically_disadvantaged_women_owned_small_business,joint_venture_women_owned_small_business,joint_venture_economic_disadvantaged_women_owned_small_bus,minority_owned_business,subcontinent_asian_asian_indian_american_owned_business,asian_pacific_american_owned_business,black_american_owned_business,hispanic_american_owned_business,native_american_owned_business,other_minority_owned_business,contracting_officers_determination_of_business_size,contracting_officers_determination_of_business_size_code,emerging_small_business,community_developed_corporation_owned_firm,labor_surplus_area_firm,us_federal_government,federally_funded_research_and_development_corp,federal_agency,us_state_government,us_local_government,city_local_government,county_local_government,inter_municipal_local_government,local_government_owned,municipality_local_government,school_district_local_government,township_local_government,us_tribal_government,foreign_government,organizational_type,corporate_entity_not_tax_exempt,corporate_entity_tax_exempt,partnership_or_limited_liability_partnership,sole_proprietorship,small_agricultural_cooperative,international_organization,us_government_entity,community_development_corporation,domestic_shelter,educational_institution,foundation,hospital_flag,manufacturer_of_goods,veterinary_hospital,hispanic_servicing_institution,receives_contracts,receives_financial_assistance,receives_contracts_and_financial_assistance,airport_authority,council_of_governments,housing_authorities_public_tribal,interstate_entity,planning_commission,port_authority,transit_authority,subchapter_scorporation,limited_liability_corporation,foreign_owned,for_profit_organization,nonprofit_organization,other_not_for_profit_organization,the_ability_one_program,private_university_or_college,state_controlled_institution_of_higher_learning,1862_land_grant_college,1890_land_grant_college,1994_land_grant_college,minority_institution,historically_black_college,tribal_college,alaskan_native_servicing_institution,native_hawaiian_servicing_institution,school_of_forestry,veterinary_college,dot_certified_disadvantage,self_certified_small_disadvantaged_business,small_disadvantaged_business,c8a_program_participant,historically_underutilized_business_zone_hubzone_firm,sba_certified_8a_joint_venture,highly_compensated_officer_1_name,highly_compensated_officer_1_amount,highly_compensated_officer_2_name,highly_compensated_officer_2_amount,highly_compensated_officer_3_name,highly_compensated_officer_3_amount,highly_compensated_officer_4_name,highly_compensated_officer_4_amount,highly_compensated_officer_5_name,highly_compensated_officer_5_amount,usaspending_permalink,last_modified_date
CONT_AWD_FA282316C4029_9700_-NONE-_-NONE-,FA282316C4029,,,,,,,,,111105.97,,634891.24,634891.24,2016-09-29,2016,2021-11-29,2022,2016-09-29,2018-01-12,2018-06-29 00:00:00,,,097,Department of Defense,5700,Department of the Air Force,FA2823,FA2823  AFTC PZIO,097,Department of Defense,5700,Department of the Air Force,F1T2BR,F1T2BR 96 CEN PROJECTS,,,,,X,NOT APPLICABLE,,,LAGGQNAP7TN5,,JASON CRONIN CONSTRUCTION INCORPORATED,JASON CRONIN CONSTRUCTION INCORPORATED,,4LUD4,LAGGQNAP7TN5,,JASON CRONIN CONSTRUCTION INCORPORATED,CRONIN CONSTRUCTION  INC.,USA,UNITED STATES,99 S ALCANIZ ST,,PENSACOLA,12033,ESCAMBIA,12,FL,FLORIDA,325028002,FL-01,FL-01,8505493777,8505493450,USA,UNITED STATES,EGLIN AFB,12091,OKALOOSA,12,FL,FLORIDA,325426000,FL-01,FL-01,AWARD,D,DEFINITIVE CONTRACT,,,,,,,J,FIRM FIXED PRICE,"IGF::OT::IGF  FTFA 16-1063, CONSTRUCT ADDITION BLDG486",FA282316R4039,1,OT,OTHER FUNCTIONS,Z2EZ,REPAIR OR ALTERATION OF OTHER INDUSTRIAL BUILDINGS,D,NOT A BUNDLED REQUIREMENT,C2,CONSTRUCTION,236220,COMMERCIAL AND INSTITUTIONAL BUILDING CONSTRUCTION,C,NO CLAUSES INCLUDED AND NO SUSTAINABILITY INCLUDED,A,U.S. OWNED BUSINESS,000,NONE,Z,NOT IT PRODUCTS OR SERVICES,E,NOT REQUIRED,USA,UNITED STATES,C,NOT A MANUFACTURED END PRODUCT,B,PLAN NOT REQUIRED,B,NOT AVAILABLE FOR COMPETITION,SSS,ONLY ONE SOURCE,8AN,8(A) SOLE SOURCE,NONE,NO PREFERENCE USED,,,,,OTH,AUTHORIZED BY STATUTE (FAR 6.302-5(A)(2)(I)),1,D,COMMERCIAL ITEM PROCEDURES NOT USED,f,N,NO,N,NO,Y,YES,N,NO,0.00,N,NO,N,NO,N,NO,Y,YES,X,NOT APPLICABLE,,,,,,,,NONE,NONE,N,NO,X,NOT APPLICABLE EXEMPT FROM CAS,Y,TRANSACTION USES GFE/GFP,U,UNKNOWN,N,NO,Y,YES - SERVICE WHERE PBA IS USED.,N,NO,Z,NOT APPLICABLE,N,NO,X,NOT APPLICABLE,f,f,f,f,f,f,f,t,t,t,f,f,t,f,f,f,t,f,f,SMALL BUSINESS,S,f,f,f,f,f,f,f,f,f,f,f,f,f,f,f,f,f,CORPORATE NOT TAX EXEMPT,t,f,f,f,f,f,f,f,f,f,f,f,f,f,f,f,f,t,f,f,f,f,f,f,f,t,f,f,t,f,f,f,f,f,f,f,f,f,f,f,f,f,f,f,t,t,f,t,f,f,,,,,,,,,,,https://www.usaspending.gov/award/CONT_AWD_FA282316C4029_9700_-NONE-_-NONE-/,2025-04-22 16:50:17+00
CONT_AWD_FA300215C0008_9700_-NONE-_-NONE-,FA300215C0008,,,,Q: Not Designated Nonemergency/Emergency/Disaster/Wildfire Suppression,,,,,117187577.95,0.00,117187639.95,117187639.95,2015-05-15,2015,2021-11-30,2022,2015-05-15,2018-03-10,2018-03-10 00:00:00,,,097,Department of Defense,5700,Department of the Air Force,FA3300,FA3300  42 CONS CC,097,Department of Defense,5700,Department of the Air Force,F2X0A1,F2X0A1 42 ABW CC,057-2016/2016-3400-000,057-3400,25.4: Operation and maintenance of facilities,0001: OPERATING FORCES,X,NOT APPLICABLE,,,NFP6ZR4G4ZS3,,VECTRUS SYSTEMS CORPORATION,VECTRUS SYSTEMS CORPORATION,,5KFW6,DZFBJC3BM8Q9,,"VECTRUS, INC.",VECTRUS SYSTEMS CORPORATION,USA,UNITED STATES,400 CANNON ST BLDG 1060,,MAXWELL AFB,01101,MONTGOMERY,01,AL,ALABAMA,361125978,AL-02,AL-02,7196375980,7195913673,USA,UNITED STATES,MONTGOMERY,01101,MONTGOMERY,01,AL,ALABAMA,361125978,AL-02,AL-02,AWARD,D,DEFINITIVE CONTRACT,,,,,,,L,FIXED PRICE INCENTIVE,IGF::OT::IGF BASE OPERATING SERVICES (BOS) AT MAXWELL AFB AL.,,1,OT,OTHER FUNCTIONS,S216,HOUSEKEEPING- FACILITIES OPERATIONS SUPPORT,D,NOT A BUNDLED REQUIREMENT,S1,SERVICES,561210,FACILITIES SUPPORT SERVICES,C,NO CLAUSES INCLUDED AND NO SUSTAINABILITY INCLUDED,A,U.S. OWNED BUSINESS,000,NONE,Z,NOT IT PRODUCTS OR SERVICES,E,NOT REQUIRED,USA,UNITED STATES,C,NOT A MANUFACTURED END PRODUCT,F,INDIVIDUAL SUBCONTRACT PLAN,C,NOT COMPETED,SSS,ONLY ONE SOURCE,NONE,NO SET ASIDE USED.,NONE,NO PREFERENCE USED,,,,,ONE,ONLY ONE SOURCE-OTHER (FAR 6.302-1 OTHER),1,D,COMMERCIAL ITEM PROCEDURES NOT USED,f,N,NO,N,NO,X,NOT APPLICABLE,N,NO,0.00,Y,YES,X,NOT APPLICABLE,Y,YES,Y,YES,X,NOT APPLICABLE,,,,,,,,NONE,NONE,Y,YES,Y,YES - CAS CLAUSE INCLUDED,N,TRANSACTION DOES NOT USE GFE/GFP,N,NO,N,NO,Y,YES - SERVICE WHERE PBA IS USED.,N,NO,D,UNUSUAL PROGRESS PAYMENTS OR ADVANCE PAYMENTS,N,NO,X,NOT APPLICABLE,f,f,f,f,f,f,f,f,f,f,f,f,f,f,f,f,f,f,f,OTHER THAN SMALL BUSINESS,O,f,f,f,f,f,f,f,f,f,f,f,f,f,f,f,f,f,CORPORATE NOT TAX EXEMPT,t,f,f,f,f,f,f,f,f,f,f,f,f,f,f,f,f,t,f,f,f,f,f,f,f,f,f,f,t,f,f,f,f,f,f,f,f,f,f,f,f,f,f,f,f,f,f,f,f,f,,,,,,,,,,,https://www.usaspending.gov/award/CONT_AWD_FA300215C0008_9700_-NONE-_-NONE-/,2022-04-02 14:48:34+00
CONT_AWD_FA309919CA006_9700_-NONE-_-NONE-,FA309919CA006,,,,Q: Not Designated Nonemergency/Emergency/Disaster/Wildfire Suppression,,,,,3396360.67,1808724.27,3396360.67,3396360.67,2019-09-18,2019,2021-11-29,2022,2019-08-05,2021-12-28,2021-12-28 00:00:00,,2019-07-15,097,Department of Defense,5700,Department of the Air Force,FA3099,FA3099  47 CONF CC,097,Department of Defense,5700,Department of the Air Force,F2R3C1,F2R3C1 47 CES CER,057-2017/2019-3080-000;057-2019/2019-3400-000,057-3080;057-3400,31.0: Equipment;32.0: Land and structures,0001: OPERATING FORCES;0002: SUPPORT VEHICLES AND EQUIPMENT,X,NOT APPLICABLE,,,GDESNKUVKKZ3,079337255,"PRECISION CONSTRUCTION GROUP, LLC","PRECISION CONSTRUCTION GROUP, LLC",,73PB3,GDESNKUVKKZ3,079337255,"PRECISION CONSTRUCTION GROUP, LLC",PRECISION CONSTRUCTION GROUP  LLC,USA,UNITED STATES,59905 E. HORNBILL PLACE,,ORACLE,04021,PINAL,04,AZ,ARIZONA,856237362,AZ-26,AZ-06,4062497730,,USA,UNITED STATES,LAUGHLIN AFB,48465,VAL VERDE,48,TX,TEXAS,788435102,TX-23,TX-23,AWARD,D,DEFINITIVE CONTRACT,,,,,,,J,FIRM FIXED PRICE,"PURCHASE AND INSTALLATION OF T-1 SUNSHADES AT LAUGHLIN AFB, TX.",FA309919RA003,1,OT,OTHER FUNCTIONS,Y1BZ,CONSTRUCTION OF OTHER AIRFIELD STRUCTURES,H,NOT BUNDLED,C2,CONSTRUCTION,236220,COMMERCIAL AND INSTITUTIONAL BUILDING CONSTRUCTION,C,NO CLAUSES INCLUDED AND NO SUSTAINABILITY INCLUDED,A,U.S. OWNED BUSINESS,000,NONE,Z,NOT IT PRODUCTS OR SERVICES,E,NOT REQUIRED,USA,UNITED STATES,C,NOT A MANUFACTURED END PRODUCT,B,PLAN NOT REQUIRED,D,FULL AND OPEN COMPETITION AFTER EXCLUSION OF SOURCES,NP,NEGOTIATED PROPOSAL/QUOTE,SDVOSBC,SERVICE DISABLED VETERAN OWNED SMALL BUSINESS SET-ASIDE,NONE,NO PREFERENCE USED,,,,,,,2,D,COMMERCIAL ITEM PROCEDURES NOT USED,f,N,NO,N,NO,Y,YES,N,NO,0.00,N,NO,Y,YES,Y,YES,Y,YES,X,NOT APPLICABLE,,,,,,,,NONE,NONE,N,NO,X,NOT APPLICABLE EXEMPT FROM CAS,N,TRANSACTION DOES NOT USE GFE/GFP,N,NO,D,NOT CONSOLIDATED,N,NO - SERVICE WHERE PBA IS NOT USED.,N,NO,Z,NOT APPLICABLE,N,NO,X,NOT APPLICABLE,f,f,f,f,f,t,t,f,f,f,f,f,f,f,f,f,f,f,f,SMALL BUSINESS,S,f,f,f,f,f,f,f,f,f,f,f,f,f,f,f,f,f,OTHER,f,f,f,f,f,f,f,f,f,f,f,f,f,f,f,f,f,t,f,f,f,f,f,f,f,f,t,f,t,f,f,f,f,f,f,f,f,f,f,f,f,f,f,f,f,f,f,f,f,f,,,,,,,,,,,https://www.usaspending.gov/award/CONT_AWD_FA309919CA006_9700_-NONE-_-NONE-/,2021-11-30 15:07:04+00
CONT_AWD_FA330020C0004_9700_-NONE-_-NONE-,FA330020C0004,,,,Q: Not Designated Nonemergency/Emergency/Disaster/Wildfire Suppression,,,,,14741.64,0.00,20465.28,29483.28,2019-10-07,2020,2021-11-29,2022,2019-10-01,2022-09-30,2022-09-30 00:00:00,,,097,Department of Defense,5700,Department of the Air Force,FA3300,FA3300  42 CONS CC,097,Department of Defense,5700,Department of the Air Force,F2X4A2,F2X4A2 42 MDSS SGSLA,097-2021/2021-0130-000;097-2022/2022-0130-000,097-0130,25.4: Operation and maintenance of facilities,0801: REIMBURSABLE,X,NOT APPLICABLE,,,RS7SSUSLPC73,968383120,TITAN FACILITY SERVICES LLC,"TITAN FACILITY SERVICES, LLC",,6FBK5,RS7SSUSLPC73,968383120,TITAN FACILITY SERVICES LLC,TITAN FACILITY SERVICES  LLC,USA,UNITED STATES,2954 E CLIFTON AVE,,GILBERT,04013,MARICOPA,04,AZ,ARIZONA,852951423,AZ-05,AZ-05,4809930405,4803553162,USA,UNITED STATES,MONTGOMERY,01101,MONTGOMERY,01,AL,ALABAMA,361126027,AL-02,AL-02,AWARD,D,DEFINITIVE CONTRACT,,,,,,,J,FIRM FIXED PRICE,VET CUSTODIAL SERVICES,,1,OT,OTHER FUNCTIONS,S201,HOUSEKEEPING- CUSTODIAL JANITORIAL,H,NOT BUNDLED,S1,SERVICES,561720,JANITORIAL SERVICES,C,NO CLAUSES INCLUDED AND NO SUSTAINABILITY INCLUDED,A,U.S. OWNED BUSINESS,000,NONE,Z,NOT IT PRODUCTS OR SERVICES,E,NOT REQUIRED,USA,UNITED STATES,C,NOT A MANUFACTURED END PRODUCT,B,PLAN NOT REQUIRED,B,NOT AVAILABLE FOR COMPETITION,SSS,ONLY ONE SOURCE,8AN,8(A) SOLE SOURCE,NONE,NO PREFERENCE USED,,,,,OTH,AUTHORIZED BY STATUTE (FAR 6.302-5(A)(2)(I)),1,A,COMMERCIAL ITEM,f,N,NO,N,NO,N,NO,N,NO,0.00,N,NO,X,NOT APPLICABLE,Y,YES,X,NOT APPLICABLE,X,NOT APPLICABLE,,,,,,,,NONE,NONE,N,NO,X,NOT APPLICABLE EXEMPT FROM CAS,N,TRANSACTION DOES NOT USE GFE/GFP,N,NO,D,NOT CONSOLIDATED,Y,YES - SERVICE WHERE PBA IS USED.,N,NO,Z,NOT APPLICABLE,N,NO,X,NOT APPLICABLE,f,t,f,f,f,f,f,f,f,f,f,f,t,f,f,f,f,t,f,SMALL BUSINESS,S,f,f,f,f,f,f,f,f,f,f,f,f,f,f,f,f,f,CORPORATE NOT TAX EXEMPT,t,f,f,f,f,f,f,f,f,f,f,f,f,f,f,f,f,t,f,f,f,f,f,f,f,f,t,f,t,f,f,f,f,f,f,f,f,f,f,f,f,f,f,f,f,t,f,t,f,f,,,,,,,,,,,https://www.usaspending.gov/award/CONT_AWD_FA330020C0004_9700_-NONE-_-NONE-/,2021-12-06 09:09:09+00
CONT_AWD_FA442718C0001_9700_-NONE-_-NONE-,FA442718C0001,,,,N: Emergency P.L. 116-136;Q: Not Designated Nonemergency/Emergency/Disaster/Wildfire Suppression,,-14085.42,,,847715.06,169218.86,1519797.59,1687942.68,2017-10-01,2018,2021-11-24,2022,2017-10-01,2022-09-30,2022-09-30 00:00:00,,,097,Department of Defense,5700,Department of the Air Force,FA4427,FA4427  60 CONS LGC,097,Department of Defense,5700,Department of the Air Force,F3Z363,F3Z363 NAF ACCOUNTING OFFICE,057-2019/2019-3400-000;057-2020/2020-3400-000;057-2021/2021-3400-000;057-2022/2022-3400-000,057-3400,"23.3: Communications, utilities, and miscellaneous charges",0000: UNKNOWN/OTHER;0001: OPERATING FORCES,X,NOT APPLICABLE,,,CHG7YLETYHP5,176488646,"JTJ RESOURCES, INC","JTJ RESOURCES, INC.",,45WT7,CHG7YLETYHP5,176488646,"JTJ RESOURCES, INC",JTJ RESOURCES  LLC,USA,UNITED STATES,4387 N HENRY BLVD,,STOCKBRIDGE,13151,HENRY,13,GA,GEORGIA,302813660,GA-13,GA-13,6782849050,8777107899,USA,UNITED STATES,TRAVIS AFB,06095,SOLANO,06,CA,CALIFORNIA,945350001,CA-03,CA-08,AWARD,D,DEFINITIVE CONTRACT,,,,,,,J,FIRM FIXED PRICE,IGF::OT::IGF POSTAL SERVICES,FA442717R0022,1,OT,OTHER FUNCTIONS,R613,SUPPORT- ADMINISTRATIVE: POST OFFICE,H,NOT BUNDLED,S1,SERVICES,491110,POSTAL SERVICE,C,NO CLAUSES INCLUDED AND NO SUSTAINABILITY INCLUDED,A,U.S. OWNED BUSINESS,000,NONE,Z,NOT IT PRODUCTS OR SERVICES,E,NOT REQUIRED,USA,UNITED STATES,C,NOT A MANUFACTURED END PRODUCT,B,PLAN NOT REQUIRED,B,NOT AVAILABLE FOR COMPETITION,SSS,ONLY ONE SOURCE,8AN,8(A) SOLE SOURCE,NONE,NO PREFERENCE USED,,,,,OTH,AUTHORIZED BY STATUTE (FAR 6.302-5(A)(2)(I)),1,A,COMMERCIAL ITEM,f,N,NO,N,NO,N,NO,N,NO,0.00,N,NO,N,NO,Y,YES,N,NO,X,NOT APPLICABLE,,,,,,,,NONE,NONE,N,NO,X,NOT APPLICABLE EXEMPT FROM CAS,N,TRANSACTION DOES NOT USE GFE/GFP,U,UNKNOWN,D,NOT CONSOLIDATED,Y,YES - SERVICE WHERE PBA IS USED.,N,NO,Z,NOT APPLICABLE,N,NO,X,NOT APPLICABLE,f,f,f,f,f,t,t,t,t,t,f,f,t,f,f,t,f,f,f,SMALL BUSINESS,S,f,f,f,f,f,f,f,f,f,f,f,f,f,f,f,f,f,CORPORATE NOT TAX EXEMPT,t,f,f,f,f,f,f,f,f,f,f,f,f,f,f,f,f,t,f,f,f,f,f,f,f,t,f,f,t,f,f,f,f,f,f,f,f,f,f,f,f,f,f,f,t,t,f,t,f,f,,,,,,,,,,,https://www.usaspending.gov/award/CONT_AWD_FA442718C0001_9700_-NONE-_-NONE-/,2021-12-07 18:26:41+00
CONT_AWD_FA462518C0004_9700_-NONE-_-NONE-,FA462518C0004,,,,Q: Not Designated Nonemergency/Emergency/Disaster/Wildfire Suppression,,,,,56506.68,10550.24,56506.68,56506.68,2017-10-01,2018,2021-11-24,2022,2017-10-01,2022-09-30,2022-09-30 00:00:00,,,097,Department of Defense,5700,Department of the Air Force,FA4625,FA4625  509 CONS CC,097,Department of Defense,5700,Department of the Air Force,F4E3ZA,509 CES,057-2019/2019-3400-000;057-2020/2020-3400-000;057-2021/2021-3400-000;057-2022/2022-3400-000,057-3400,25.4: Operation and maintenance of facilities,0001: OPERATING FORCES,X,NOT APPLICABLE,,,FNBZT84K2VB3,,DBT TRANSPORTATION SERVICES LLC,DBT TRANSPORTATION SERVICES LLC,,7SD18,FNBZT84K2VB3,,DBT TRANSPORTATION SERVICES LLC,DBT TRANSPORTATION SERVICES LLC,USA,UNITED STATES,2655 CRESCENT DRIVE STE A1,,LAFAYETTE,08013,BOULDER,08,CO,COLORADO,800269066,CO-02,CO-02,7206263542,,USA,UNITED STATES,WHITEMAN AFB,29101,JOHNSON,29,MO,MISSOURI,653051161,MO-04,MO-04,AWARD,D,DEFINITIVE CONTRACT,,,,,,,J,FIRM FIXED PRICE,IGF::OT::IGF RWIS,,1,OT,OTHER FUNCTIONS,D318,"IT AND TELECOM- INTEGRATED HARDWARE/SOFTWARE/SERVICES SOLUTIONS, PREDOMINANTLY SERVICES",H,NOT BUNDLED,S1,SERVICES,811219,OTHER ELECTRONIC AND PRECISION EQUIPMENT REPAIR AND MAINTENANCE,C,NO CLAUSES INCLUDED AND NO SUSTAINABILITY INCLUDED,A,U.S. OWNED BUSINESS,000,NONE,E,COMMERCIAL SERVICE,E,NOT REQUIRED,USA,UNITED STATES,C,NOT A MANUFACTURED END PRODUCT,B,PLAN NOT REQUIRED,G,NOT COMPETED UNDER SAP,SP1,SIMPLIFIED ACQUISITION,NONE,NO SET ASIDE USED.,NONE,NO PREFERENCE USED,,,,,SP2,SAP NON-COMPETITION (FAR 13),1,A,COMMERCIAL ITEM,f,N,NO,N,NO,X,NOT APPLICABLE,N,NO,0.00,N,NO,X,NOT APPLICABLE,Y,YES,X,NOT APPLICABLE,X,NOT APPLICABLE,,,,,,,,NONE,NONE,N,NO,X,NOT APPLICABLE EXEMPT FROM CAS,N,TRANSACTION DOES NOT USE GFE/GFP,U,UNKNOWN,D,NOT CONSOLIDATED,Y,YES - SERVICE WHERE PBA IS USED.,N,NO,Z,NOT APPLICABLE,N,NO,X,NOT APPLICABLE,f,f,f,f,f,f,f,t,t,f,f,f,f,f,f,f,f,f,f,SMALL BUSINESS,S,f,f,f,f,f,f,f,f,f,f,f,f,f,f,f,f,f,PARTNERSHIP,f,f,t,f,f,f,f,f,f,f,f,f,t,f,f,f,f,t,f,f,f,f,f,f,f,f,t,f,t,f,f,f,f,f,f,f,f,f,f,f,f,f,f,f,f,f,f,f,f,f,,,,,,,,,,,https://www.usaspending.gov/award/CONT_AWD_FA462518C0004_9700_-NONE-_-NONE-/,2022-10-11 10:09:43+00
CONT_AWD_FA480314C0003_9700_-NONE-_-NONE-,FA480314C0003,,,,,,,,,7149694.90,,7149694.90,7149694.90,2014-05-14,2014,2021-11-30,2022,2014-05-14,2018-03-27,2018-03-27 00:00:00,,,097,Department of Defense,5700,Department of the Air Force,FA4803,FA4803  20 CONS LGCA,097,Department of Defense,5700,Department of the Air Force,F3U3CE,20 CES CERF,,,,,X,NOT APPLICABLE,,,MHQBFZ5X8LD3,135606189,"SOCO CONTRACTING COMPANY, INC","SOCO CONTRACTING COMPANY, INC",,46GM2,MHQBFZ5X8LD3,135606189,"SOCO CONTRACTING COMPANY, INC",SOCO CONTRACTING COMPANY  INC,USA,UNITED STATES,3175 PRESIDENTIAL DRIVE,,ATLANTA,13089,DEKALB,13,GA,GEORGIA,303403907,GA-06,GA-04,7703351256,7702168369,USA,UNITED STATES,SHAW AFB,45085,SUMTER,45,SC,SOUTH CAROLINA,291520019,SC-05,SC-05,AWARD,D,DEFINITIVE CONTRACT,,,,,,,J,FIRM FIXED PRICE,IGF::OT::IGF- RENOVATE BLDG 806&DEMO BLDGS 3 BLDGS,FA480314R0003,1,OT,OTHER FUNCTIONS,Z2FB,REPAIR OR ALTERATION OF RECREATIONAL BUILDINGS,D,NOT A BUNDLED REQUIREMENT,C2,CONSTRUCTION,236220,COMMERCIAL AND INSTITUTIONAL BUILDING CONSTRUCTION,C,NO CLAUSES INCLUDED AND NO SUSTAINABILITY INCLUDED,A,U.S. OWNED BUSINESS,000,NONE,Z,NOT IT PRODUCTS OR SERVICES,E,NOT REQUIRED,USA,UNITED STATES,C,NOT A MANUFACTURED END PRODUCT,B,PLAN NOT REQUIRED,D,FULL AND OPEN COMPETITION AFTER EXCLUSION OF SOURCES,NP,NEGOTIATED PROPOSAL/QUOTE,8A,8A COMPETED,NONE,NO PREFERENCE USED,,,,,,,6,D,COMMERCIAL ITEM PROCEDURES NOT USED,f,N,NO,N,NO,Y,YES,Y,YES,0.00,N,NO,N,NO,N,NO,Y,YES,X,NOT APPLICABLE,,,,,,,,NONE,NONE,N,NO,X,NOT APPLICABLE EXEMPT FROM CAS,N,TRANSACTION DOES NOT USE GFE/GFP,U,UNKNOWN,N,NO,N,NO - SERVICE WHERE PBA IS NOT USED.,N,NO,A,FAR 52.232-16 PROGRESS PAYMENTS,N,NO,X,NOT APPLICABLE,f,f,f,f,f,f,f,f,f,f,f,f,f,t,f,f,f,f,f,SMALL BUSINESS,S,f,f,f,f,f,f,f,f,f,f,f,f,f,f,f,f,f,CORPORATE NOT TAX EXEMPT,t,f,f,f,f,f,f,f,f,f,f,f,f,f,f,f,f,t,f,f,f,f,f,f,f,f,f,f,t,f,f,f,f,f,f,f,f,f,f,f,f,f,f,f,t,t,f,t,f,f,,,,,,,,,,,https://www.usaspending.gov/award/CONT_AWD_FA480314C0003_9700_-NONE-_-NONE-/,2021-11-30 14:11:10+00
CONT_AWD_FA487719CA022_9700_-NONE-_-NONE-,FA487719CA022,,,,,,,,,27800.62,0.00,68697.00,68697.00,2019-08-30,2019,2021-11-29,2022,2019-08-30,2019-11-13,2019-11-13 00:00:00,,,097,Department of Defense,5700,Department of the Air Force,FA4877,FA4877  355 CONS PK,097,Department of Defense,5700,Department of the Air Force,F1P35A,F1P35A 355 CES,057-2019/2019-3400-000,057-3400,25.4: Operation and maintenance of facilities,,X,NOT APPLICABLE,,,HVEAJN7CKVG5,080031584,VISION CONTRACTING INC,VISION CONTRACTING INC,,7H2S0,HVEAJN7CKVG5,080031584,VISION CONTRACTING INC,VISION CONTRACTING INC,USA,UNITED STATES,37 CEDARHURST AVE STE G,,MEDFORD,36103,SUFFOLK,36,NY,NEW YORK,117631571,NY-01,NY-01,5168073056,,USA,UNITED STATES,TUCSON,04019,PIMA,04,AZ,ARIZONA,857073602,AZ-02,AZ-06,AWARD,D,DEFINITIVE CONTRACT,,,,,,,J,FIRM FIXED PRICE,PKA - REPAIR WORK FOR THE SEWER LINE AT 3RD AND MADERA.  WORK INCLUDES RAISING MULTIPLE COMM LINES AND FIXING THE SEWER.  ADDITIONAL TRENCHING ABOVE WHAT IS ALREADY COMPLETE WILL ALSO NEED TO BE DONE.,FA487719RA016,1,OT,OTHER FUNCTIONS,Z2PZ,REPAIR OR ALTERATION OF OTHER NON-BUILDING FACILITIES,H,NOT BUNDLED,C2,CONSTRUCTION,237110,WATER AND SEWER LINE AND RELATED STRUCTURES CONSTRUCTION,C,NO CLAUSES INCLUDED AND NO SUSTAINABILITY INCLUDED,A,U.S. OWNED BUSINESS,000,NONE,Z,NOT IT PRODUCTS OR SERVICES,E,NOT REQUIRED,USA,UNITED STATES,C,NOT A MANUFACTURED END PRODUCT,B,PLAN NOT REQUIRED,F,COMPETED UNDER SAP,SP1,SIMPLIFIED ACQUISITION,SBA,SMALL BUSINESS SET ASIDE - TOTAL,NONE,NO PREFERENCE USED,,,,,,,4,D,COMMERCIAL ITEM PROCEDURES NOT USED,f,N,NO,N,NO,Y,YES,N,NO,0.00,N,NO,X,NOT APPLICABLE,N,NO,Y,YES,X,NOT APPLICABLE,,,,,,,,NONE,NONE,N,NO,X,NOT APPLICABLE EXEMPT FROM CAS,N,TRANSACTION DOES NOT USE GFE/GFP,N,NO,D,NOT CONSOLIDATED,N,NO - SERVICE WHERE PBA IS NOT USED.,N,NO,Z,NOT APPLICABLE,N,NO,X,NOT APPLICABLE,f,f,f,f,f,f,f,t,t,f,f,f,f,f,f,f,f,f,f,SMALL BUSINESS,S,f,f,f,f,f,f,f,f,f,f,f,f,f,f,f,f,f,CORPORATE NOT TAX EXEMPT,t,f,f,f,f,f,f,f,f,f,f,f,f,f,f,f,f,t,f,f,f,f,f,f,f,f,f,f,t,f,f,f,f,f,f,f,f,f,f,f,f,f,f,f,f,f,f,f,f,f,,,,,,,,,,,https://www.usaspending.gov/award/CONT_AWD_FA487719CA022_9700_-NONE-_-NONE-/,2021-12-10 14:50:29+00
CONT_AWD_FA489022C0002_9700_-NONE-_-NONE-,FA489022C0002,,,,Q: Not Designated Nonemergency/Emergency/Disaster/Wildfire Suppression,,,,,340492.00,0.00,388492.00,1061500.00,2021-11-30,2022,2021-11-30,2022,2021-12-01,2022-05-31,2022-05-31 00:00:00,,2021-11-23,097,Department of Defense,5700,Department of the Air Force,FA4890,FA4890  HQ ACC AMIC,097,Department of Defense,5700,Department of the Air Force,F2QF37,HQ ACC A3C,057-2022/2022-3400-000,057-3400,25.1: Advisory and assistance services,0001: OPERATING FORCES,X,NOT APPLICABLE,,,FNKXRJDWJAD1,133239397,MIRACLE SYSTEMS LLC,MIRACLE SYSTEMS LLC,,8ASY4,FNKXRJDWJAD1,133239397,MIRACLE SYSTEMS LLC,MIRACLE SYSTEMS LLC,USA,UNITED STATES,1621 N KENT STREET SUITE 1000,,ARLINGTON,51013,ARLINGTON,51,VA,VIRGINIA,222092141,VA-08,VA-08,5713311355,2023153261,USA,UNITED STATES,HAMPTON,51650,HAMPTON CITY,51,VA,VIRGINIA,236661514,VA-03,VA-03,AWARD,D,DEFINITIVE CONTRACT,,,,,,,J,FIRM FIXED PRICE,"THIS REQUIREMENT PRIMARILY SUPPORTS THE AIR OPERATIONS CENTER (AOC) AND EVOLVING DIVISION REQUIREMENTS, SUCH AS E-11 BATTLEFIELD AIRBORNE COMMUNICATIONS NODE (BACN), EC-130E AND INFORMATION OPERATIONS (IO) SUPPORT.  THIS IS A BRIDGE ACTION.",FA489022R0016,1,OT,OTHER FUNCTIONS,R408,SUPPORT- PROFESSIONAL: PROGRAM MANAGEMENT/SUPPORT,H,NOT BUNDLED,S1,SERVICES,541611,ADMINISTRATIVE MANAGEMENT AND GENERAL MANAGEMENT CONSULTING SERVICES,C,NO CLAUSES INCLUDED AND NO SUSTAINABILITY INCLUDED,A,U.S. OWNED BUSINESS,000,NONE,Z,NOT IT PRODUCTS OR SERVICES,A,MEETS REQUIREMENTS,USA,UNITED STATES,C,NOT A MANUFACTURED END PRODUCT,B,PLAN NOT REQUIRED,C,NOT COMPETED,SSS,ONLY ONE SOURCE,NONE,NO SET ASIDE USED.,NONE,NO PREFERENCE USED,,,,,ONE,ONLY ONE SOURCE-OTHER (FAR 6.302-1 OTHER),1,D,COMMERCIAL ITEM PROCEDURES NOT USED,f,N,NO,N,NO,Y,YES,N,NO,0.00,N,NO,X,NOT APPLICABLE,Y,YES,X,NOT APPLICABLE,X,NOT APPLICABLE,,,,,,,,NONE,NONE,N,NO,X,NOT APPLICABLE EXEMPT FROM CAS,N,TRANSACTION DOES NOT USE GFE/GFP,U,UNKNOWN,D,NOT CONSOLIDATED,Y,YES - SERVICE WHERE PBA IS USED.,N,NO,Z,NOT APPLICABLE,N,NO,X,NOT APPLICABLE,f,f,f,f,f,f,f,f,f,f,f,f,t,t,f,f,f,f,f,OTHER THAN SMALL BUSINESS,O,f,f,f,f,f,f,f,f,f,f,f,f,f,f,f,f,f,CORPORATE NOT TAX EXEMPT,t,f,f,f,f,f,f,f,f,f,f,f,f,f,f,f,f,t,f,f,f,f,f,f,f,f,t,f,t,f,f,f,f,f,f,f,f,f,f,f,f,f,f,f,f,t,f,f,f,f,SANDESH  SHARDA,282000.00,SAMEER  SHARMA,200000.00,STEPHEN  NICHLOS,180000.00,SONAL  SHARDA,950000.00,DAN  FLETCHER,180000.00,https://www.usaspending.gov/award/CONT_AWD_FA489022C0002_9700_-NONE-_-NONE-/,2021-11-30 10:33:50+00
CONT_AWD_FA520520C0004_9700_-NONE-_-NONE-,FA520520C0004,,,,,,,,,25233.50,,25233.50,25233.50,2019-12-06,2020,2021-11-30,2022,2019-12-06,2020-01-24,2020-01-24 00:00:00,,2019-11-01,097,Department of Defense,5700,Department of the Air Force,FA5205,FA5205  35 CONS PK,097,Department of Defense,1700,Department of the Navy,N00038,CDR US PACIFIC COMMAND USPACOM,,,,,X,NOT APPLICABLE,,,KMRNALS9DB43,116962032,"J&J GCS, LLC","J&J GCS, LLC",,88T66,KMRNALS9DB43,116962032,"J&J GCS, LLC",J&J GCS  LLC,USA,UNITED STATES,7710 RIALTO BLVD UNIT 200,,AUSTIN,48453,TRAVIS,48,TX,TEXAS,787358575,TX-21,TX-21,5124447271,,PHL,PHILIPPINES,,,,,,,,,,AWARD,D,DEFINITIVE CONTRACT,,,,,,,J,FIRM FIXED PRICE,"INTERIRO DEMOLITION OF 2ND FLOOR, HARIBON BUILDING, CLARK AB PHILIPPINES.",FA520520QB004,1,OT,OTHER FUNCTIONS,Z2AZ,REPAIR OR ALTERATION OF OTHER ADMINISTRATIVE FACILITIES AND SERVICE BUILDINGS,H,NOT BUNDLED,C2,CONSTRUCTION,238910,SITE PREPARATION CONTRACTORS,C,NO CLAUSES INCLUDED AND NO SUSTAINABILITY INCLUDED,A,U.S. OWNED BUSINESS,000,NONE,Z,NOT IT PRODUCTS OR SERVICES,A,MEETS REQUIREMENTS,PHL,PHILIPPINES,C,NOT A MANUFACTURED END PRODUCT,B,PLAN NOT REQUIRED,F,COMPETED UNDER SAP,SP1,SIMPLIFIED ACQUISITION,NONE,NO SET ASIDE USED.,NONE,NO PREFERENCE USED,,,,,,,3,A,COMMERCIAL ITEM,f,N,NO,N,NO,X,NOT APPLICABLE,N,NO,0.00,N,NO,X,NOT APPLICABLE,X,NOT APPLICABLE,X,NOT APPLICABLE,X,NOT APPLICABLE,,,,,,,,NONE,NONE,N,NO,X,NOT APPLICABLE EXEMPT FROM CAS,N,TRANSACTION DOES NOT USE GFE/GFP,N,NO,D,NOT CONSOLIDATED,N,NO - SERVICE WHERE PBA IS NOT USED.,N,NO,Z,NOT APPLICABLE,N,NO,X,NOT APPLICABLE,f,f,f,f,f,f,f,f,f,f,f,f,f,f,f,f,f,f,f,OTHER THAN SMALL BUSINESS,O,f,f,f,f,f,f,f,f,f,f,f,f,f,f,f,f,f,PARTNERSHIP,f,f,t,f,f,f,f,f,f,f,f,f,f,f,f,f,f,t,f,f,f,f,f,f,f,f,f,f,t,f,f,f,f,f,f,f,f,f,f,f,f,f,f,f,f,f,f,f,f,f,,,,,,,,,,,https://www.usaspending.gov/award/CONT_AWD_FA520520C0004_9700_-NONE-_-NONE-/,2021-11-29 20:47:55+00
CONT_AWD_FA542221C0007_9700_-NONE-_-NONE-,FA542221C0007,,,,Q: Not Designated Nonemergency/Emergency/Disaster/Wildfire Suppression,,,,,95116.09,0.00,95116.09,95116.09,2021-09-13,2021,2021-11-27,2022,2022-01-11,2022-04-30,2022-04-30 00:00:00,,,097,Department of Defense,5700,Department of the Air Force,FA5422,FA5422  406 AEW CONS,097,Department of Defense,5700,Department of the Air Force,F3N075,F3N075 406 AEW,057-2021/2021-3400-000,057-3400,25.4: Operation and maintenance of facilities,0001: OPERATING FORCES,X,NOT APPLICABLE,,,P9MEZM9KQFN3,865448708,GOLDEN RELIEF RESOURCES LTD,GOLDEN RELIEF RESOURCES LTD,,SSV94,P9MEZM9KQFN3,865448708,GOLDEN RELIEF RESOURCES LTD,GOLDEN RELIEF RESOURCES LTD,VGB,"VIRGIN ISLANDS, BRITISH","TRIDENT CHAMBERS, WICKHAMS CAY",,ROAD TOWN,,,,,TORTOLA,,,,,9714227544,DJI,DJIBOUTI,,,,,,,09363,,,AWARD,D,DEFINITIVE CONTRACT,,,,,,,J,FIRM FIXED PRICE,CONTAINERIZED LAUNDRY FACILITY,FA542221Q0006,1,,,3510,LAUNDRY AND DRY CLEANING EQUIPMENT,H,NOT BUNDLED,C9E,ALL OTHERS NOT IDENTIFIABLE TO ANY OTHER PROCUREMENT PROGRAM,333318,OTHER COMMERCIAL AND SERVICE INDUSTRY MACHINERY MANUFACTURING,C,NO CLAUSES INCLUDED AND NO SUSTAINABILITY INCLUDED,A,U.S. OWNED BUSINESS,000,NONE,Z,NOT IT PRODUCTS OR SERVICES,E,NOT REQUIRED,USA,UNITED STATES,D,MFG IN U.S.,B,PLAN NOT REQUIRED,F,COMPETED UNDER SAP,SP1,SIMPLIFIED ACQUISITION,NONE,NO SET ASIDE USED.,NONE,NO PREFERENCE USED,,,,,,,5,A,COMMERCIAL ITEM,f,N,NO,N,NO,N,NO,Y,YES,0.00,N,NO,X,NOT APPLICABLE,X,NOT APPLICABLE,X,NOT APPLICABLE,X,NOT APPLICABLE,,,,,,,,NONE,NONE,N,NO,X,NOT APPLICABLE EXEMPT FROM CAS,N,TRANSACTION DOES NOT USE GFE/GFP,Y,YES,D,NOT CONSOLIDATED,X,NOT APPLICABLE,N,NO,Z,NOT APPLICABLE,N,NO,X,NOT APPLICABLE,f,f,f,f,f,f,f,f,f,f,f,f,f,f,f,f,f,f,f,SMALL BUSINESS,S,f,f,f,f,f,f,f,f,f,f,f,f,f,f,f,f,f,CORPORATE NOT TAX EXEMPT,t,f,f,f,f,f,f,f,f,f,f,f,f,f,f,f,f,t,f,f,f,f,f,f,f,f,f,f,t,f,f,f,f,f,f,f,f,f,f,f,f,f,f,f,f,f,f,f,f,f,,,,,,,,,,,https://www.usaspending.gov/award/CONT_AWD_FA542221C0007_9700_-NONE-_-NONE-/,2021-11-27 02:28:17+00
CONT_AWD_FA542221C0008_9700_-NONE-_-NONE-,FA542221C0008,,,,Q: Not Designated Nonemergency/Emergency/Disaster/Wildfire Suppression,,,,,264267.47,0.00,264267.47,264267.47,2021-09-16,2021,2021-11-27,2022,2021-11-01,2022-01-11,2022-01-11 00:00:00,,2021-08-13,097,Department of Defense,5700,Department of the Air Force,FA5422,FA5422  406 AEW CONS,097,Department of Defense,5700,Department of the Air Force,F3N075,F3N075 406 AEW,057-2021/2021-3400-000,057-3400,25.7: Operation and maintenance of equipment,0000: UNKNOWN/OTHER,X,NOT APPLICABLE,,,SH1VCXTRZRT5,559919590,MGT DJIBOUTI SARL,MGT DJIBOUTI SARL,,SACC1,SH1VCXTRZRT5,559919590,MGT DJIBOUTI SARL,MGT DJIBOUTI SARL,DJI,DJIBOUTI,LOT 535 HARAMOUS,,DJIBOUTI,,,,,,,,,,,DJI,DJIBOUTI,,,,,,,09363,,,AWARD,D,DEFINITIVE CONTRACT,,,,,,,J,FIRM FIXED PRICE,PRIME POWER GENERATOR OVERHAUL,,1,OT,OTHER FUNCTIONS,J028,"MAINT/REPAIR/REBUILD OF EQUIPMENT- ENGINES, TURBINES, AND COMPONENTS",H,NOT BUNDLED,C9E,ALL OTHERS NOT IDENTIFIABLE TO ANY OTHER PROCUREMENT PROGRAM,811310,COMMERCIAL AND INDUSTRIAL MACHINERY AND EQUIPMENT (EXCEPT AUTOMOTIVE AND ELECTRONIC) REPAIR AND MAINTENANCE,C,NO CLAUSES INCLUDED AND NO SUSTAINABILITY INCLUDED,A,U.S. OWNED BUSINESS,000,NONE,Z,NOT IT PRODUCTS OR SERVICES,E,NOT REQUIRED,USA,UNITED STATES,C,NOT A MANUFACTURED END PRODUCT,B,PLAN NOT REQUIRED,A,FULL AND OPEN COMPETITION,NP,NEGOTIATED PROPOSAL/QUOTE,NONE,NO SET ASIDE USED.,NONE,NO PREFERENCE USED,,,,,,,1,A,COMMERCIAL ITEM,f,N,NO,N,NO,X,NOT APPLICABLE,N,NO,0.00,N,NO,X,NOT APPLICABLE,X,NOT APPLICABLE,X,NOT APPLICABLE,X,NOT APPLICABLE,,,,,,,,NONE,NONE,N,NO,X,NOT APPLICABLE EXEMPT FROM CAS,N,TRANSACTION DOES NOT USE GFE/GFP,N,NO,D,NOT CONSOLIDATED,N,NO - SERVICE WHERE PBA IS NOT USED.,N,NO,Z,NOT APPLICABLE,N,NO,X,NOT APPLICABLE,f,f,f,f,f,f,f,f,f,f,f,f,f,f,f,f,f,f,f,OTHER THAN SMALL BUSINESS,O,f,f,f,f,f,f,f,f,f,f,f,f,f,f,f,f,f,INTERNATIONAL ORG,f,f,f,f,f,t,f,f,f,f,f,f,f,f,f,f,f,t,f,f,f,f,f,f,f,f,f,f,t,f,f,f,f,f,f,f,f,f,f,f,f,f,f,f,f,f,f,f,f,f,,,,,,,,,,,https://www.usaspending.gov/award/CONT_AWD_FA542221C0008_9700_-NONE-_-NONE-/,2021-11-27 02:32:18+00
CONT_AWD_FA570321C0030_9700_-NONE-_-NONE-,FA570321C0030,,,,Q: Not Designated Nonemergency/Emergency/Disaster/Wildfire Suppression,,,,,237119.49,0.00,237119.49,237119.49,2021-07-04,2021,2021-11-24,2022,2021-07-04,2022-03-07,2022-03-07 00:00:00,,2021-06-30,097,Department of Defense,5700,Department of the Air Force,FA5703,FA5703  386 ECONS LGC,097,Department of Defense,5700,Department of the Air Force,F3UUAA,386 AEW FM,057-2021/2021-3400-000;057-2022/2022-3400-000,057-3400,32.0: Land and structures,0001: OPERATING FORCES,X,NOT APPLICABLE,,,GNFQH1FLA3A9,534745638,DOU'A AL KUWAIT EST,DOU'A AL-KUWAIT EST,,SGB03,GNFQH1FLA3A9,534745638,DOU'A AL KUWAIT EST,DOU'A AL-KUWAIT,KWT,KUWAIT,FAHAD AL SALEM MUBARAKIYA,,HAWALLI,,,,,,32005,,,,,KWT,KUWAIT,,,,,,,,,,AWARD,D,DEFINITIVE CONTRACT,,,,,,,J,FIRM FIXED PRICE,"CONSTRUCT LATRINE, SHOWER, LAUNDRY FACILITY",,1,OT,OTHER FUNCTIONS,Y1JZ,CONSTRUCTION OF MISCELLANEOUS BUILDINGS,H,NOT BUNDLED,C2,CONSTRUCTION,236220,COMMERCIAL AND INSTITUTIONAL BUILDING CONSTRUCTION,C,NO CLAUSES INCLUDED AND NO SUSTAINABILITY INCLUDED,D,FOREIGN-OWNED BUSINESS NOT INCORPORATED IN THE U.S.,000,NONE,Z,NOT IT PRODUCTS OR SERVICES,E,NOT REQUIRED,KWT,KUWAIT,C,NOT A MANUFACTURED END PRODUCT,B,PLAN NOT REQUIRED,F,COMPETED UNDER SAP,SP1,SIMPLIFIED ACQUISITION,NONE,NO SET ASIDE USED.,NONE,NO PREFERENCE USED,,,,,,,6,B,SUPPLIES OR SERVICES PURSUANT TO FAR 12.102(F),f,N,NO,N,NO,X,NOT APPLICABLE,N,NO,0.00,N,NO,X,NOT APPLICABLE,X,NOT APPLICABLE,X,NOT APPLICABLE,X,NOT APPLICABLE,,,,,,,,NONE,NONE,N,NO,X,NOT APPLICABLE EXEMPT FROM CAS,N,TRANSACTION DOES NOT USE GFE/GFP,U,UNKNOWN,D,NOT CONSOLIDATED,N,NO - SERVICE WHERE PBA IS NOT USED.,N,NO,Z,NOT APPLICABLE,N,NO,X,NOT APPLICABLE,f,f,f,f,f,f,f,f,f,f,f,f,f,f,f,f,f,f,f,OTHER THAN SMALL BUSINESS,O,f,f,f,f,f,f,f,f,f,f,f,f,f,f,f,f,f,OTHER,f,f,f,f,f,f,f,f,f,f,f,f,f,f,f,f,f,t,f,f,f,f,f,f,f,f,f,f,t,f,f,f,f,f,f,f,f,f,f,f,f,f,f,f,f,f,f,f,f,f,,,,,,,,,,,https://www.usaspending.gov/award/CONT_AWD_FA570321C0030_9700_-NONE-_-NONE-/,2021-11-30 05:14:58+00
CONT_AWD_FA580821C0015_9700_-NONE-_-NONE-,FA580821C0015,,,,Q: Not Designated Nonemergency/Emergency/Disaster/Wildfire Suppression,,,,,281970.00,0.00,281970.00,281970.00,2021-01-29,2021,2021-11-24,2022,2021-01-29,2021-09-15,2021-09-15 00:00:00,,2020-12-09,097,Department of Defense,5700,Department of the Air Force,FA5808,FA5808  332 AEW ECONS CONS,097,Department of Defense,5700,Department of the Air Force,F3UURB,332 AEW FM,057-2021/2021-3400-000;057-2022/2022-3400-000,057-3400,32.0: Land and structures,0001: OPERATING FORCES,X,NOT APPLICABLE,,,KMMDSHTM6675,534688440,JORDAN PIONEER FOR METAL INDUSTRY CO.,JORDAN PIONEER FOR METAL INDUSTRY,,SADC9,KMMDSHTM6675,534688440,JORDAN PIONEER FOR METAL INDUSTRY CO.,JORDAN PIONEER FOR METAL INDU STRY,JOR,JORDAN,AIRPORT ROAD; AL QASTAL,,AMMAN,,,,,,11953,,,,,JOR,JORDAN,,,,,,,,,,AWARD,D,DEFINITIVE CONTRACT,,,,,,,J,FIRM FIXED PRICE,MOVE FIRE STATION 2 / TRANSIENT ALERT,,1,OT,OTHER FUNCTIONS,Y1AZ,CONSTRUCTION OF OTHER ADMINISTRATIVE FACILITIES AND SERVICE BUILDINGS,H,NOT BUNDLED,C9E,ALL OTHERS NOT IDENTIFIABLE TO ANY OTHER PROCUREMENT PROGRAM,236220,COMMERCIAL AND INSTITUTIONAL BUILDING CONSTRUCTION,C,NO CLAUSES INCLUDED AND NO SUSTAINABILITY INCLUDED,D,FOREIGN-OWNED BUSINESS NOT INCORPORATED IN THE U.S.,000,NONE,Z,NOT IT PRODUCTS OR SERVICES,E,NOT REQUIRED,JOR,JORDAN,C,NOT A MANUFACTURED END PRODUCT,B,PLAN NOT REQUIRED,F,COMPETED UNDER SAP,SP1,SIMPLIFIED ACQUISITION,NONE,NO SET ASIDE USED.,NONE,NO PREFERENCE USED,,,,,,,6,A,COMMERCIAL ITEM,f,N,NO,N,NO,X,NOT APPLICABLE,N,NO,0.00,N,NO,X,NOT APPLICABLE,X,NOT APPLICABLE,X,NOT APPLICABLE,X,NOT APPLICABLE,,,,,,,,NONE,NONE,N,NO,X,NOT APPLICABLE EXEMPT FROM CAS,N,TRANSACTION DOES NOT USE GFE/GFP,N,NO,D,NOT CONSOLIDATED,N,NO - SERVICE WHERE PBA IS NOT USED.,N,NO,Z,NOT APPLICABLE,N,NO,X,NOT APPLICABLE,f,f,f,f,f,f,f,f,f,f,f,f,f,f,f,f,f,f,f,OTHER THAN SMALL BUSINESS,O,f,f,f,f,f,f,f,f,f,f,f,f,f,f,f,f,f,INTERNATIONAL ORG,f,f,f,f,f,t,f,f,f,f,f,f,f,f,f,f,f,t,f,f,f,f,f,f,f,f,t,f,t,f,f,f,f,f,f,f,f,f,f,f,f,f,f,f,f,f,f,f,f,f,,,,,,,,,,,https://www.usaspending.gov/award/CONT_AWD_FA580821C0015_9700_-NONE-_-NONE-/,2021-11-26 01:46:21+00
CONT_AWD_FA580821C0034_9700_-NONE-_-NONE-,FA580821C0034,,,,Q: Not Designated Nonemergency/Emergency/Disaster/Wildfire Suppression,,,,,63735.40,0.00,63735.40,63735.40,2021-07-08,2021,2021-11-30,2022,2021-07-29,2021-12-04,2021-12-04 00:00:00,,2021-06-04,097,Department of Defense,5700,Department of the Air Force,FA5808,FA5808  332 AEW ECONS CONS,097,Department of Defense,5700,Department of the Air Force,F3UURB,332 AEW FM,057-2021/2021-3400-000,057-3400,32.0: Land and structures,0001: OPERATING FORCES,X,NOT APPLICABLE,,,S8J6GD4B25E8,557668385,ZIAD MOHAMMAD ABDULLAH ABU-HASHISH,ZIAD MOHAMMAD ABDULLAH ABU-HASHISH,,SGWG5,S8J6GD4B25E8,557668385,ZIAD MOHAMMAD ABDULLAH ABU-HASHISH,ZIAD MOHAMMAD ABDULLAH ABU-HASHISH,JOR,JORDAN,PRINCE MUHAMMAD STREET,,AMMAN,,,,,,20586,,,,,JOR,JORDAN,,,,,,,,,,AWARD,D,DEFINITIVE CONTRACT,,,,,,,J,FIRM FIXED PRICE,REPAIR REPEARLAND LATRINE,FA580821R0036,1,OT,OTHER FUNCTIONS,Y1AZ,CONSTRUCTION OF OTHER ADMINISTRATIVE FACILITIES AND SERVICE BUILDINGS,H,NOT BUNDLED,C2,CONSTRUCTION,236220,COMMERCIAL AND INSTITUTIONAL BUILDING CONSTRUCTION,C,NO CLAUSES INCLUDED AND NO SUSTAINABILITY INCLUDED,D,FOREIGN-OWNED BUSINESS NOT INCORPORATED IN THE U.S.,000,NONE,Z,NOT IT PRODUCTS OR SERVICES,E,NOT REQUIRED,JOR,JORDAN,C,NOT A MANUFACTURED END PRODUCT,B,PLAN NOT REQUIRED,F,COMPETED UNDER SAP,SP1,SIMPLIFIED ACQUISITION,NONE,NO SET ASIDE USED.,NONE,NO PREFERENCE USED,,,,,,,8,D,COMMERCIAL ITEM PROCEDURES NOT USED,f,N,NO,N,NO,N,NO,N,NO,0.00,N,NO,X,NOT APPLICABLE,X,NOT APPLICABLE,X,NOT APPLICABLE,X,NOT APPLICABLE,,,,,,,,NONE,NONE,N,NO,X,NOT APPLICABLE EXEMPT FROM CAS,N,TRANSACTION DOES NOT USE GFE/GFP,N,NO,D,NOT CONSOLIDATED,N,NO - SERVICE WHERE PBA IS NOT USED.,N,NO,Z,NOT APPLICABLE,N,NO,A,CONTINGENCY OPERATION AS DEFINED IN 10 U.S.C. 101(A)(13),f,f,f,f,f,f,f,f,f,f,f,f,f,f,f,f,f,f,f,OTHER THAN SMALL BUSINESS,O,f,f,f,f,f,f,f,f,f,f,f,f,f,f,f,f,f,OTHER,f,f,f,f,f,f,f,f,f,f,f,f,f,f,f,f,f,t,f,f,f,f,f,f,f,f,f,f,t,f,f,f,f,f,f,f,f,f,f,f,f,f,f,f,f,f,f,f,f,f,,,,,,,,,,,https://www.usaspending.gov/award/CONT_AWD_FA580821C0034_9700_-NONE-_-NONE-/,2021-11-30 05:55:41+00
CONT_AWD_FA701418C1009_9700_-NONE-_-NONE-,FA701418C1009,,,,Q: Not Designated Nonemergency/Emergency/Disaster/Wildfire Suppression,,,,,347613.53,0.00,347613.53,2896074.53,2018-07-03,2018,2021-11-30,2022,2018-07-09,2019-11-08,2021-11-30 00:00:00,,2018-04-26,097,Department of Defense,5700,Department of the Air Force,FA7014,FA7014  AFDW PK,097,Department of Defense,5700,Department of the Air Force,F1AKA2,F1AKA2 AF A26OR,057-2018/2018-3400-000;057-2019/2019-3400-000,057-3400,25.1: Advisory and assistance services,0001: OPERATING FORCES,X,NOT APPLICABLE,,,QLNMVC12KWY3,,"LEIDOS, INC.","LEIDOS, INC.",,5UTE2,ZL41ERXMPAR3,,"LEIDOS HOLDINGS, INC.",LEIDOS HOLDINGS  INC.,USA,UNITED STATES,11951 FREEDOM DR,,RESTON,51059,FAIRFAX,51,VA,VIRGINIA,201905640,VA-11,VA-11,5715266000,,USA,UNITED STATES,RESTON,51059,FAIRFAX,51,VA,VIRGINIA,201905640,VA-11,VA-11,AWARD,D,DEFINITIVE CONTRACT,,,,,,,J,FIRM FIXED PRICE,LABOR; IGF::OT;;IGF,FA701418R1027,1,OT,OTHER FUNCTIONS,D399,IT AND TELECOM- OTHER IT AND TELECOMMUNICATIONS,H,NOT BUNDLED,S1,SERVICES,541512,COMPUTER SYSTEMS DESIGN SERVICES,C,NO CLAUSES INCLUDED AND NO SUSTAINABILITY INCLUDED,A,U.S. OWNED BUSINESS,000,NONE,E,COMMERCIAL SERVICE,E,NOT REQUIRED,USA,UNITED STATES,C,NOT A MANUFACTURED END PRODUCT,B,PLAN NOT REQUIRED,A,FULL AND OPEN COMPETITION,NP,NEGOTIATED PROPOSAL/QUOTE,NONE,NO SET ASIDE USED.,NONE,NO PREFERENCE USED,,,,,,,1,A,COMMERCIAL ITEM,f,N,NO,N,NO,Y,YES,N,NO,0.00,N,NO,X,NOT APPLICABLE,X,NOT APPLICABLE,X,NOT APPLICABLE,X,NOT APPLICABLE,,,,,,,,NONE,NONE,N,NO,X,NOT APPLICABLE EXEMPT FROM CAS,N,TRANSACTION DOES NOT USE GFE/GFP,U,UNKNOWN,D,NOT CONSOLIDATED,N,NO - SERVICE WHERE PBA IS NOT USED.,N,NO,Z,NOT APPLICABLE,N,NO,X,NOT APPLICABLE,f,f,f,f,f,f,f,f,f,f,f,f,f,f,f,f,f,f,f,OTHER THAN SMALL BUSINESS,O,f,f,f,f,f,f,f,f,f,f,f,f,f,f,f,f,f,CORPORATE NOT TAX EXEMPT,t,f,f,f,f,f,f,f,f,f,f,f,f,f,f,f,f,t,f,f,f,f,f,f,f,f,f,f,t,f,f,f,f,f,f,f,f,f,f,f,f,f,f,f,f,f,f,f,f,f,,,,,,,,,,,https://www.usaspending.gov/award/CONT_AWD_FA701418C1009_9700_-NONE-_-NONE-/,2022-04-02 14:48:34+00
CONT_AWD_FA701421C0026_9700_-NONE-_-NONE-,FA701421C0026,,,,Q: Not Designated Nonemergency/Emergency/Disaster/Wildfire Suppression,,,,,33145.00,0.00,33145.00,33145.00,2021-07-20,2021,2021-11-30,2022,2021-07-20,2021-12-30,2021-12-30 00:00:00,,2021-07-01,097,Department of Defense,5700,Department of the Air Force,FA7014,FA7014  AFDW PK,097,Department of Defense,5700,Department of the Air Force,F1AKCP,F1AKCP AFDW CCP,057-2021/2021-3400-000,057-3400,31.0: Equipment,0001: OPERATING FORCES,X,NOT APPLICABLE,,,XM6RM9F52M43,256427725,PROFIT SYSTEMS INC,PROFIT SYSTEMS INC,,3AT55,XM6RM9F52M43,256427725,PROFIT SYSTEMS INC,PROFIT SYSTEMS INC,CAN,CANADA,15 INNOVATION BLVD SUITE 105,,SASKATOON,,,,,SK,S7N 2X8,,,3069753737,3069753739,USA,UNITED STATES,ANDREWS AFB,24033,PRINCE GEORGES,24,MD,MARYLAND,207626604,MD-04,MD-05,AWARD,D,DEFINITIVE CONTRACT,,,,,,,J,FIRM FIXED PRICE,PKA-FY21-TAYLOR-TILLET-GRAY. EVENT MANAGEMENT SOFTWARE TO BE INSTALLED AT THE GENERAL JACOB E. SMART CONFERENCE CENTER.,FA701421R0025,1,OT,OTHER FUNCTIONS,7A20,IT AND TELECOM - APPLICATION DEVELOPMENT SOFTWARE (PERPETUAL LICENSE SOFTWARE),H,NOT BUNDLED,C9E,ALL OTHERS NOT IDENTIFIABLE TO ANY OTHER PROCUREMENT PROGRAM,511210,SOFTWARE PUBLISHERS,C,NO CLAUSES INCLUDED AND NO SUSTAINABILITY INCLUDED,D,FOREIGN-OWNED BUSINESS NOT INCORPORATED IN THE U.S.,000,NONE,B,OTHER COMMERCIAL ITEM,E,NOT REQUIRED,CAN,CANADA,L,MFG OUTSIDE U.S. - QUALIFYING COUNTRY (DOD ONLY),B,PLAN NOT REQUIRED,C,NOT COMPETED,SSS,ONLY ONE SOURCE,NONE,NO SET ASIDE USED.,NONE,NO PREFERENCE USED,,,,,ONE,ONLY ONE SOURCE-OTHER (FAR 6.302-1 OTHER),1,A,COMMERCIAL ITEM,f,N,NO,N,NO,X,NOT APPLICABLE,N,NO,0.00,N,NO,X,NOT APPLICABLE,X,NOT APPLICABLE,X,NOT APPLICABLE,X,NOT APPLICABLE,,,,,,,,NONE,NONE,N,NO,X,NOT APPLICABLE EXEMPT FROM CAS,N,TRANSACTION DOES NOT USE GFE/GFP,N,NO,D,NOT CONSOLIDATED,X,NOT APPLICABLE,N,NO,Z,NOT APPLICABLE,N,NO,X,NOT APPLICABLE,f,f,f,f,f,f,f,f,f,f,f,f,f,f,f,f,f,f,f,OTHER THAN SMALL BUSINESS,O,f,f,f,f,f,f,f,f,f,f,f,f,f,f,f,f,f,INTERNATIONAL ORG,f,f,f,f,f,t,f,f,f,f,f,f,f,f,f,f,f,t,f,f,f,f,f,f,f,f,f,f,t,f,f,f,f,f,f,f,f,f,f,f,f,f,f,f,f,f,f,f,f,f,,,,,,,,,,,https://www.usaspending.gov/award/CONT_AWD_FA701421C0026_9700_-NONE-_-NONE-/,2021-11-30 14:51:21+00
CONT_AWD_FA820321C0005_9700_-NONE-_-NONE-,FA820321C0005,,,,,,,,,446112.00,,446112.00,446112.00,2021-09-02,2021,2021-11-30,2022,2021-09-02,2023-01-03,2023-01-03 00:00:00,,2021-03-09,097,Department of Defense,5700,Department of the Air Force,FA8203,FA8203 AFSC PZAAB,097,Department of Defense,5700,Department of the Air Force,F2DCCW,F2DCCW ALC CSAG S,,,,,X,NOT APPLICABLE,,,LC8DKF8C9Z64,964132864,HYDRO-AIRE AEROSPACE CORP,"HYDRO-AIRE, INC.",,81982,VCFNC31LV829,001280726,CRANE CO,CRANE CO,USA,UNITED STATES,3000 WINONA AVE,,BURBANK,06037,LOS ANGELES,06,CA,CALIFORNIA,915042540,CA-28,CA-30,8185262261,,USA,UNITED STATES,BURBANK,06037,LOS ANGELES,06,CA,CALIFORNIA,915042540,CA-28,CA-30,AWARD,D,DEFINITIVE CONTRACT,,,,,,,J,FIRM FIXED PRICE,SPARES BUY FOR THE KC-135 WEAPON SYSTEM,FA820321Q0007,1,OT,OTHER FUNCTIONS,5998,"ELECTRICAL AND ELECTRONIC ASSEMBLIES, BOARDS, CARDS, AND ASSOCIATED HARDWARE",H,NOT BUNDLED,A1A,AIRFRAMES AND SPARES,336413,OTHER AIRCRAFT PARTS AND AUXILIARY EQUIPMENT MANUFACTURING,C,NO CLAUSES INCLUDED AND NO SUSTAINABILITY INCLUDED,A,U.S. OWNED BUSINESS,000,NONE,Z,NOT IT PRODUCTS OR SERVICES,E,NOT REQUIRED,USA,UNITED STATES,D,MFG IN U.S.,B,PLAN NOT REQUIRED,C,NOT COMPETED,SSS,ONLY ONE SOURCE,NONE,NO SET ASIDE USED.,NONE,NO PREFERENCE USED,,,,,ONE,ONLY ONE SOURCE-OTHER (FAR 6.302-1 OTHER),1,D,COMMERCIAL ITEM PROCEDURES NOT USED,f,N,NO,N,NO,X,NOT APPLICABLE,N,NO,0.00,N,NO,N,NO,X,NOT APPLICABLE,X,NOT APPLICABLE,X,NOT APPLICABLE,,,,,,,,NONE,NONE,N,NO,X,NOT APPLICABLE EXEMPT FROM CAS,N,TRANSACTION DOES NOT USE GFE/GFP,N,NO,D,NOT CONSOLIDATED,X,NOT APPLICABLE,N,NO,Z,NOT APPLICABLE,N,NO,X,NOT APPLICABLE,f,f,f,f,f,f,f,f,f,f,f,f,f,f,f,f,f,f,f,OTHER THAN SMALL BUSINESS,O,f,f,f,f,f,f,f,f,f,f,f,f,f,f,f,f,f,CORPORATE NOT TAX EXEMPT,t,f,f,f,f,f,f,f,f,f,f,f,t,f,f,f,f,t,f,f,f,f,f,f,f,f,f,f,t,f,f,f,f,f,f,f,f,f,f,f,f,f,f,f,f,f,f,f,f,f,,,,,,,,,,,https://www.usaspending.gov/award/CONT_AWD_FA820321C0005_9700_-NONE-_-NONE-/,2021-11-30 16:15:51+00
CONT_AWD_FA820421C0010_9700_-NONE-_-NONE-,FA820421C0010,,,,,,,,,443500.51,,443500.51,443500.51,2021-08-26,2021,2021-11-30,2022,2021-08-26,2023-03-31,2023-03-31 00:00:00,,2021-04-21,097,Department of Defense,5700,Department of the Air Force,FA8214,FA8214  AFNWC PZBB,097,Department of Defense,5700,Department of the Air Force,F4FBEQ,F4FBEQ AFRL RGF,,,,,X,NOT APPLICABLE,,,J3R2KNLS7GE4,117828895,"VARDA SPACE INDUSTRIES, INC.","VARDA SPACE INDUSTRIES, INC.",,8UED5,J3R2KNLS7GE4,117828895,"VARDA SPACE INDUSTRIES, INC.",VARDA SPACE INDUSTRIES  INC.,USA,UNITED STATES,433 ALASKA AVE,,TORRANCE,06037,LOS ANGELES,06,CA,CALIFORNIA,905033901,CA-43,CA-43,7166408092,,USA,UNITED STATES,TORRANCE,06037,LOS ANGELES,06,CA,CALIFORNIA,905033901,CA-43,CA-43,AWARD,D,DEFINITIVE CONTRACT,,,,,,,J,FIRM FIXED PRICE,SBIR AWARD ISO AFNWC INNOVATION AF212-DCSO1.,,1,OT,OTHER FUNCTIONS,AC13,NATIONAL DEFENSE R&D SERVICES; DEPARTMENT OF DEFENSE - MILITARY; EXPERIMENTAL DEVELOPMENT,H,NOT BUNDLED,C9E,ALL OTHERS NOT IDENTIFIABLE TO ANY OTHER PROCUREMENT PROGRAM,541715,"RESEARCH AND DEVELOPMENT IN THE PHYSICAL, ENGINEERING, AND LIFE SCIENCES (EXCEPT NANOTECHNOLOGY AND BIOTECHNOLOGY)",C,NO CLAUSES INCLUDED AND NO SUSTAINABILITY INCLUDED,A,U.S. OWNED BUSINESS,000,NONE,Z,NOT IT PRODUCTS OR SERVICES,E,NOT REQUIRED,USA,UNITED STATES,C,NOT A MANUFACTURED END PRODUCT,B,PLAN NOT REQUIRED,D,FULL AND OPEN COMPETITION AFTER EXCLUSION OF SOURCES,NP,NEGOTIATED PROPOSAL/QUOTE,SBA,SMALL BUSINESS SET ASIDE - TOTAL,NONE,NO PREFERENCE USED,SR2,SMALL BUSINESS INNOVATION RESEARCH PROGRAM PHASE II ACTION,,,,,52,A,COMMERCIAL ITEM,f,N,NO,N,NO,X,NOT APPLICABLE,N,NO,0.00,N,NO,N,NO,X,NOT APPLICABLE,X,NOT APPLICABLE,X,NOT APPLICABLE,,,,,,,,NONE,NONE,N,NO,X,NOT APPLICABLE EXEMPT FROM CAS,N,TRANSACTION DOES NOT USE GFE/GFP,N,NO,D,NOT CONSOLIDATED,N,NO - SERVICE WHERE PBA IS NOT USED.,N,NO,Z,NOT APPLICABLE,N,NO,X,NOT APPLICABLE,f,f,f,f,f,f,f,f,f,f,f,f,f,f,f,f,f,f,f,SMALL BUSINESS,S,f,f,f,f,f,f,f,f,f,f,f,f,f,f,f,f,f,CORPORATE NOT TAX EXEMPT,t,f,f,f,f,f,f,f,f,f,f,f,t,f,f,f,f,t,f,f,f,f,f,f,f,f,f,f,t,f,f,f,f,f,f,f,f,f,f,f,f,f,f,f,f,t,f,f,f,f,,,,,,,,,,,https://www.usaspending.gov/award/CONT_AWD_FA820421C0010_9700_-NONE-_-NONE-/,2021-11-30 16:35:40+00
CONT_AWD_FA821021C0001_9700_-NONE-_-NONE-,FA821021C0001,,,,,,,,,2000000.00,,2000000.00,2000000.00,2021-08-30,2021,2021-11-30,2022,2021-08-30,2022-02-26,2022-02-26 00:00:00,,2021-03-17,097,Department of Defense,5700,Department of the Air Force,FA8210,FA8210  AFLCMC WNRK HILL,097,Department of Defense,5700,Department of the Air Force,F2DCAC,F2DCAC AFLCMC ESG,,,,,X,NOT APPLICABLE,,,UKDFFURQW5Z1,079394814,LUMINOSTICS INC,"LUMINOSTICS, INC.",,74HS9,UKDFFURQW5Z1,079394814,LUMINOSTICS INC,LUMINOSTICS  INC.,USA,UNITED STATES,446 S HILLVIEW DR,,MILPITAS,06085,SANTA CLARA,06,CA,CALIFORNIA,950355464,CA-17,CA-17,8329313293,,USA,UNITED STATES,MILPITAS,06085,SANTA CLARA,06,CA,CALIFORNIA,950355464,CA-17,CA-17,AWARD,D,DEFINITIVE CONTRACT,,,,,,,J,FIRM FIXED PRICE,COVID-19 RAPID ANTIGEN TEST KITS PRODUCT EXPANSION EFFORT,FA821021R5003,1,,,6515,"MEDICAL AND SURGICAL INSTRUMENTS, EQUIPMENT, AND SUPPLIES",H,NOT BUNDLED,C9B,MEDICAL AND DENTAL SUPPLIES AND EQUIPMENT,325413,IN-VITRO DIAGNOSTIC SUBSTANCE MANUFACTURING,C,NO CLAUSES INCLUDED AND NO SUSTAINABILITY INCLUDED,A,U.S. OWNED BUSINESS,000,NONE,Z,NOT IT PRODUCTS OR SERVICES,E,NOT REQUIRED,USA,UNITED STATES,D,MFG IN U.S.,B,PLAN NOT REQUIRED,C,NOT COMPETED,SSS,ONLY ONE SOURCE,NONE,NO SET ASIDE USED.,NONE,NO PREFERENCE USED,,,,,ONE,ONLY ONE SOURCE-OTHER (FAR 6.302-1 OTHER),1,A,COMMERCIAL ITEM,f,N,NO,N,NO,X,NOT APPLICABLE,N,NO,0.00,N,NO,X,NOT APPLICABLE,X,NOT APPLICABLE,X,NOT APPLICABLE,X,NOT APPLICABLE,,,,,,,,NONE,NONE,N,NO,X,NOT APPLICABLE EXEMPT FROM CAS,N,TRANSACTION DOES NOT USE GFE/GFP,N,NO,D,NOT CONSOLIDATED,X,NOT APPLICABLE,N,NO,Z,NOT APPLICABLE,N,NO,X,NOT APPLICABLE,f,f,f,f,f,f,f,f,f,f,f,f,f,f,f,f,f,f,f,SMALL BUSINESS,S,f,f,f,f,f,f,f,f,f,f,f,f,f,f,f,f,f,CORPORATE NOT TAX EXEMPT,t,f,f,f,f,f,f,f,f,f,f,f,f,f,f,f,f,t,f,f,f,f,f,f,f,f,f,f,t,f,f,f,f,f,f,f,f,f,f,f,f,f,f,f,f,f,f,f,f,f,,,,,,,,,,,https://www.usaspending.gov/award/CONT_AWD_FA821021C0001_9700_-NONE-_-NONE-/,2021-11-30 17:00:58+00
CONT_AWD_FA852917C0001_9700_-NONE-_-NONE-,FA852917C0001,,,,Q: Not Designated Nonemergency/Emergency/Disaster/Wildfire Suppression,,,,,6367459.17,409685.19,6367459.17,6367459.17,2017-03-24,2017,2021-11-24,2022,2017-03-24,2022-03-23,2022-03-23 00:00:00,,,097,Department of Defense,5700,Department of the Air Force,FA8529,FA8529  AFLCMC C3IBK,097,Department of Defense,5700,Department of the Air Force,F3QCCR,F3QCCR AFLCMC C3I,057-2018/2018-3840-000;057-2019/2019-3840-000;057-2020/2020-3840-000,057-3840,25.7: Operation and maintenance of equipment,0001: OPERATING FORCES;OPTN: FIELD IS OPTIONAL PRIOR TO FY21,X,NOT APPLICABLE,,,CHM5ZAJTSS99,,THE CORPORATION OF MERCER UNIVERSITY,"CORPORATION OF MERCER UNIVERSITY, THE",,0AC45,FKLCLQFBA463,,THE CORPORATION OF MERCER UNIVERSITY,THE CORPORATION OF MERCER UNIVERSITY,USA,UNITED STATES,135 OSIGIAN BLVD,,WARNER ROBINS,13153,HOUSTON,13,GA,GEORGIA,310887810,GA-08,GA-08,4789536800,4789536807,USA,UNITED STATES,WARNER ROBINS,13153,HOUSTON,13,GA,GEORGIA,310887810,GA-08,GA-08,AWARD,D,DEFINITIVE CONTRACT,,,,,,,S,COST NO FEE,IGF::OT::IGF E-8 AIRCRAFT STRUCTURAL INTEGRITY PROGRAM (ASIP) ENGINEERING SERVICES,,1,OT,OTHER FUNCTIONS,R425,SUPPORT- PROFESSIONAL: ENGINEERING/TECHNICAL,H,NOT BUNDLED,A1C,OTHER AIRCRAFT EQUIPMENT,541330,ENGINEERING SERVICES,C,NO CLAUSES INCLUDED AND NO SUSTAINABILITY INCLUDED,A,U.S. OWNED BUSINESS,000,NONE,Z,NOT IT PRODUCTS OR SERVICES,E,NOT REQUIRED,USA,UNITED STATES,C,NOT A MANUFACTURED END PRODUCT,F,INDIVIDUAL SUBCONTRACT PLAN,C,NOT COMPETED,SSS,ONLY ONE SOURCE,NONE,NO SET ASIDE USED.,NONE,NO PREFERENCE USED,,,,,MES,"MOBILIZATION, ESSENTIAL R&D (FAR 6.302-3)",1,D,COMMERCIAL ITEM PROCEDURES NOT USED,f,N,NO,N,NO,X,NOT APPLICABLE,N,NO,0.00,N,NO,X,NOT APPLICABLE,Y,YES,X,NOT APPLICABLE,X,NOT APPLICABLE,,,,,,,,NONE,NONE,Y,YES,X,NOT APPLICABLE EXEMPT FROM CAS,Y,TRANSACTION USES GFE/GFP,N,NO,D,NOT CONSOLIDATED,N,NO - SERVICE WHERE PBA IS NOT USED.,N,NO,Z,NOT APPLICABLE,N,NO,X,NOT APPLICABLE,f,f,f,f,f,f,f,f,f,f,f,f,f,f,f,f,f,f,f,OTHER THAN SMALL BUSINESS,O,f,f,f,f,f,f,f,f,f,f,f,f,f,f,f,f,f,CORPORATE TAX EXEMPT,f,t,f,f,f,f,f,f,f,t,f,f,f,f,f,f,f,t,f,f,f,f,f,f,f,f,f,f,f,t,f,f,t,f,f,f,f,f,f,f,f,f,f,f,f,f,f,f,f,f,,,,,,,,,,,https://www.usaspending.gov/award/CONT_AWD_FA852917C0001_9700_-NONE-_-NONE-/,2025-04-22 16:50:17+00
CONT_AWD_FA855520C0001_9700_-NONE-_-NONE-,FA855520C0001,,,,,,,,,1580027.00,0.00,1580027.00,1580027.00,2019-10-04,2020,2021-11-29,2022,2019-10-04,2023-11-01,2023-11-01 00:00:00,,2019-09-20,097,Department of Defense,5700,Department of the Air Force,FA8555,FA8555  AFLCMC C3IBK,097,Department of Defense,5700,Department of the Air Force,F3QCAZ,F3QCAZ AFLCMC ESG,057-2019/2021-3080-000;057-2020/2020-3400-000,057-3080;057-3400,26.0: Supplies and materials;31.0: Equipment,,X,NOT APPLICABLE,,,KL3FGJUARFC3,790439405,CPI SATCOM & ANTENNA TECHNOLOGIES INC.,CPI SATCOM & ANTENNA TECHNOLOGIES INC.,,0P0N7,EAH2UTWCT3G6,606096639,"C.P.I. INTERNATIONAL, INC.",CPI SATCOM & ANTENNA TECHNOLOGIES INC.,USA,UNITED STATES,1000 KLEIN RD,,PLANO,48085,COLLIN,48,TX,TEXAS,750743756,TX-03,TX-32,9728525274,,USA,UNITED STATES,PLANO,48085,COLLIN,48,TX,TEXAS,750743756,TX-03,TX-32,AWARD,D,DEFINITIVE CONTRACT,,,,,,,J,FIRM FIXED PRICE,SUBREFLECTOR IN SUPPORT OF FSSMI CONTRACT,,1,OT,OTHER FUNCTIONS,J058,"MAINT/REPAIR/REBUILD OF EQUIPMENT- COMMUNICATION, DETECTION, AND COHERENT RADIATION EQUIPMENT",H,NOT BUNDLED,C9E,ALL OTHERS NOT IDENTIFIABLE TO ANY OTHER PROCUREMENT PROGRAM,334511,"SEARCH, DETECTION, NAVIGATION, GUIDANCE, AERONAUTICAL, AND NAUTICAL SYSTEM AND INSTRUMENT MANUFACTURING",C,NO CLAUSES INCLUDED AND NO SUSTAINABILITY INCLUDED,A,U.S. OWNED BUSINESS,000,NONE,Z,NOT IT PRODUCTS OR SERVICES,E,NOT REQUIRED,USA,UNITED STATES,C,NOT A MANUFACTURED END PRODUCT,B,PLAN NOT REQUIRED,C,NOT COMPETED,SSS,ONLY ONE SOURCE,NONE,NO SET ASIDE USED.,NONE,NO PREFERENCE USED,,,,,URG,URGENCY (FAR 6.302-2),1,D,COMMERCIAL ITEM PROCEDURES NOT USED,f,N,NO,N,NO,X,NOT APPLICABLE,N,NO,0.00,N,NO,N,NO,X,NOT APPLICABLE,X,NOT APPLICABLE,X,NOT APPLICABLE,,,,,,,,NONE,NONE,N,NO,X,NOT APPLICABLE EXEMPT FROM CAS,N,TRANSACTION DOES NOT USE GFE/GFP,N,NO,D,NOT CONSOLIDATED,N,NO - SERVICE WHERE PBA IS NOT USED.,N,NO,Z,NOT APPLICABLE,N,NO,X,NOT APPLICABLE,f,f,f,f,f,f,f,f,f,f,f,f,f,f,f,f,f,f,f,OTHER THAN SMALL BUSINESS,O,f,f,f,f,f,f,f,f,f,f,f,f,f,f,f,f,f,CORPORATE NOT TAX EXEMPT,t,f,f,f,f,f,f,f,f,f,f,f,t,f,f,f,f,t,f,f,f,f,f,f,f,f,f,f,t,f,f,f,f,f,f,f,f,f,f,f,f,f,f,f,f,f,f,f,f,f,CHRISTOPHER  BRADY,1828976.00,SCOTT  BUTLER,999342.00,MANUEL B MORA,985163.00,WILLIAM  WEISS,975733.00,CARLO  ZAFFANELLA,956823.00,https://www.usaspending.gov/award/CONT_AWD_FA855520C0001_9700_-NONE-_-NONE-/,2021-11-29 09:09:13+00
CONT_AWD_FA860421CB061_9700_-NONE-_-NONE-,FA860421CB061,,,,,,,,,422295.00,,422295.00,422295.00,2021-09-14,2021,2021-11-29,2022,2021-09-14,2021-12-31,2021-12-31 00:00:00,,2021-08-31,097,Department of Defense,5700,Department of the Air Force,FA8604,FA8604  AFLCMC PZI,097,Department of Defense,5700,Department of the Air Force,F4FDAG,F4FDAG AFLCMC WIG GLOBAL HAWK,,,,,X,NOT APPLICABLE,,,MWDRZJ2ZVPV7,787800114,"GENERAL DYNAMICS MISSION SYSTEMS, INC.","GENERAL DYNAMICS MISSION SYSTEMS, INC",,1VPW8,VF58HFRNGEL8,001381284,GENERAL DYNAMICS CORP,GENERAL DYNAMICS CORPORATION,USA,UNITED STATES,8201 E MCDOWELL ROAD,,SCOTTSDALE,04013,MARICOPA,04,AZ,ARIZONA,852573812,AZ-09,AZ-01,7343253734,,USA,UNITED STATES,DAYTON,39057,GREENE,39,OH,OHIO,454330501,OH-10,OH-10,AWARD,D,DEFINITIVE CONTRACT,,,,,,,J,FIRM FIXED PRICE,GENERAL DYNAMICS UNIVERSAL SECURE PHONES,,1,OT,OTHER FUNCTIONS,7G21,IT AND TELECOM - NETWORK: DIGITAL NETWORK PRODUCTS (HARDWARE AND PERPETUAL LICENSE SOFTWARE),H,NOT BUNDLED,A7,ELECTRONICS AND COMMUNICATION EQUIPMENT,334111,ELECTRONIC COMPUTER MANUFACTURING,C,NO CLAUSES INCLUDED AND NO SUSTAINABILITY INCLUDED,A,U.S. OWNED BUSINESS,000,NONE,B,OTHER COMMERCIAL ITEM,E,NOT REQUIRED,USA,UNITED STATES,D,MFG IN U.S.,B,PLAN NOT REQUIRED,G,NOT COMPETED UNDER SAP,SP1,SIMPLIFIED ACQUISITION,NONE,NO SET ASIDE USED.,NONE,NO PREFERENCE USED,,,,,SP2,SAP NON-COMPETITION (FAR 13),1,A,COMMERCIAL ITEM,f,Y,YES,N,NO,N,NO,N,NO,0.00,N,NO,N,NO,N,NO,N,NO,X,NOT APPLICABLE,,,,,,,,NONE,NONE,N,NO,X,NOT APPLICABLE EXEMPT FROM CAS,N,TRANSACTION DOES NOT USE GFE/GFP,N,NO,D,NOT CONSOLIDATED,X,NOT APPLICABLE,N,NO,Z,NOT APPLICABLE,N,NO,X,NOT APPLICABLE,f,f,f,f,f,f,f,f,f,f,f,f,f,f,f,f,f,f,f,OTHER THAN SMALL BUSINESS,O,f,f,f,f,f,f,f,f,f,f,f,f,f,f,f,f,f,CORPORATE NOT TAX EXEMPT,t,f,f,f,f,f,f,f,f,f,f,f,t,f,f,f,f,t,f,f,f,f,f,f,f,f,f,f,t,f,f,f,f,f,f,f,f,f,f,f,f,f,f,f,f,f,f,f,f,f,CHRISTOPHER  BRADY,3328131.00,WILLIAM  WEISS,1304518.00,MANUEL  MORA,1291937.00,JAMES  STOCKDALE,1233334.00,CARLO  ZAFFANELLA,1165945.00,https://www.usaspending.gov/award/CONT_AWD_FA860421CB061_9700_-NONE-_-NONE-/,2021-11-29 12:32:22+00
CONT_AWD_FA860422CB004_9700_-NONE-_-NONE-,FA860422CB004,,,,,,,,,151959.06,,151959.06,151959.06,2021-11-30,2022,2021-11-30,2022,2021-11-30,2021-12-31,2021-12-31 00:00:00,,,097,Department of Defense,5700,Department of the Air Force,FA8604,FA8604  AFLCMC PZI,097,Department of Defense,5700,Department of the Air Force,F4FDAT,F4FDAT AFLCMC XA BLDG 802,,,,,X,NOT APPLICABLE,,,F3H1A4S2W2J1,005629210,STELLAR INNOVATIONS & SOLUTIONS INC.,STELLAR INNOVATIONS & SOLUTIONS INC.,,6C9L3,F3H1A4S2W2J1,005629210,STELLAR INNOVATIONS & SOLUTIONS INC.,STELLAR INNOVATIONS & SOLUTIONS INC.,USA,UNITED STATES,3131 ELBEE RD,,MORAINE,39113,MONTGOMERY,39,OH,OHIO,454391919,OH-10,OH-10,9376815181,9376418959,USA,UNITED STATES,DAYTON,39057,GREENE,39,OH,OHIO,454337213,OH-10,OH-10,AWARD,D,DEFINITIVE CONTRACT,,,,,,,J,FIRM FIXED PRICE,HAAS HALL UPGRADES AND VTC EQUIPMENT,,1,,,7E20,"IT AND TELECOM - END USER: HELP DESK;TIER 1-2, WORKSPACE, PRINT, PRODUCTIVITY TOOL (HW/PERPETUAL SW)",H,NOT BUNDLED,A7,ELECTRONICS AND COMMUNICATION EQUIPMENT,541519,OTHER COMPUTER RELATED SERVICES,C,NO CLAUSES INCLUDED AND NO SUSTAINABILITY INCLUDED,A,U.S. OWNED BUSINESS,000,NONE,A,COMMERCIALLY AVAILABLE,E,NOT REQUIRED,USA,UNITED STATES,D,MFG IN U.S.,B,PLAN NOT REQUIRED,G,NOT COMPETED UNDER SAP,SP1,SIMPLIFIED ACQUISITION,8AN,8(A) SOLE SOURCE,NONE,NO PREFERENCE USED,,,,,OTH,AUTHORIZED BY STATUTE (FAR 6.302-5(A)(2)(I)),1,A,COMMERCIAL ITEM,f,N,NO,N,NO,X,NOT APPLICABLE,N,NO,0.00,N,NO,X,NOT APPLICABLE,X,NOT APPLICABLE,X,NOT APPLICABLE,X,NOT APPLICABLE,,,,,,,,NONE,NONE,N,NO,X,NOT APPLICABLE EXEMPT FROM CAS,N,TRANSACTION DOES NOT USE GFE/GFP,U,UNKNOWN,D,NOT CONSOLIDATED,X,NOT APPLICABLE,N,NO,Z,NOT APPLICABLE,N,NO,X,NOT APPLICABLE,f,f,f,f,f,t,t,f,f,f,f,f,t,f,f,t,f,f,f,SMALL BUSINESS,S,f,f,f,f,f,f,f,f,f,f,f,f,f,f,f,f,f,CORPORATE NOT TAX EXEMPT,t,f,f,f,f,f,f,f,f,f,f,f,f,f,f,f,f,t,f,f,f,f,f,f,f,t,f,f,t,f,f,f,f,f,f,f,f,f,f,f,f,f,f,f,f,t,f,t,f,f,,,,,,,,,,,https://www.usaspending.gov/award/CONT_AWD_FA860422CB004_9700_-NONE-_-NONE-/,2021-11-30 10:14:14+00
CONT_AWD_FA861520C6071_9700_-NONE-_-NONE-,FA861520C6071,,,,Q: Not Designated Nonemergency/Emergency/Disaster/Wildfire Suppression,,,,,2985504.49,0.00,2985504.49,2985504.49,2020-09-09,2020,2021-11-30,2022,2020-09-09,2022-09-08,2022-09-08 00:00:00,,2019-11-14,097,Department of Defense,5700,Department of the Air Force,FA8615,FA8615 AFLCMC WAMK F16,097,Department of Defense,97F5,Washington Headquarters Services,HQ0642,WASHINGTON HEADQUARTERS SERVICES,097-2019/2020-0400-000,097-0400,25.5: Research and development contracts,0001: BASIC RESEARCH;OPTN: FIELD IS OPTIONAL PRIOR TO FY21,X,NOT APPLICABLE,,,EHAHZYYA4RK6,,"DPA LABS, INC.","DPA LABS, INC.",DPA COMPONENTS INTERNATIONAL,6S055,EHAHZYYA4RK6,,"DPA LABS, INC.",DPA LABS  INC.,USA,UNITED STATES,2251 WARD AVE,,SIMI VALLEY,06111,VENTURA,06,CA,CALIFORNIA,930657556,CA-25,CA-26,8055819200,8055819790,USA,UNITED STATES,SIMI VALLEY,06111,VENTURA,06,CA,CALIFORNIA,930657556,CA-26,CA-26,AWARD,D,DEFINITIVE CONTRACT,,,,,,,J,FIRM FIXED PRICE,RIF FY19 - SEMI-AUTO REMANUFACTURING OF INTEGRATED CIRCUITS,,1,OT,OTHER FUNCTIONS,AD92,R&D- DEFENSE OTHER: OTHER (APPLIED RESEARCH/EXPLORATORY DEVELOPMENT),H,NOT BUNDLED,A7,ELECTRONICS AND COMMUNICATION EQUIPMENT,541715,"RESEARCH AND DEVELOPMENT IN THE PHYSICAL, ENGINEERING, AND LIFE SCIENCES (EXCEPT NANOTECHNOLOGY AND BIOTECHNOLOGY)",C,NO CLAUSES INCLUDED AND NO SUSTAINABILITY INCLUDED,A,U.S. OWNED BUSINESS,000,NONE,Z,NOT IT PRODUCTS OR SERVICES,E,NOT REQUIRED,USA,UNITED STATES,C,NOT A MANUFACTURED END PRODUCT,B,PLAN NOT REQUIRED,A,FULL AND OPEN COMPETITION,BR,BASIC RESEARCH,NONE,NO SET ASIDE USED.,NONE,NO PREFERENCE USED,,,,,,,1,D,COMMERCIAL ITEM PROCEDURES NOT USED,f,N,NO,N,NO,N,NO,N,NO,0.00,N,NO,N,NO,N,NO,N,NO,X,NOT APPLICABLE,,,,,,,,NONE,NONE,Y,YES,X,NOT APPLICABLE EXEMPT FROM CAS,N,TRANSACTION DOES NOT USE GFE/GFP,U,UNKNOWN,D,NOT CONSOLIDATED,N,NO - SERVICE WHERE PBA IS NOT USED.,N,NO,A,FAR 52.232-16 PROGRESS PAYMENTS,N,NO,X,NOT APPLICABLE,f,f,f,f,f,f,f,f,f,f,f,f,t,f,t,f,f,f,f,SMALL BUSINESS,S,f,f,f,f,f,f,f,f,f,f,f,f,f,f,f,f,f,CORPORATE NOT TAX EXEMPT,t,f,f,f,f,f,f,f,f,f,f,f,f,f,f,f,f,t,f,f,f,f,f,f,f,f,f,f,t,f,f,f,f,f,f,f,f,f,f,f,f,f,f,f,f,t,f,f,f,f,,,,,,,,,,,https://www.usaspending.gov/award/CONT_AWD_FA861520C6071_9700_-NONE-_-NONE-/,2025-04-22 16:50:17+00
CONT_AWD_FA862120C0033_9700_-NONE-_-NONE-,FA862120C0033,,,,N: Emergency P.L. 116-136;Q: Not Designated Nonemergency/Emergency/Disaster/Wildfire Suppression,0,44929.00,,,195658.00,0.00,195658.00,195658.00,2020-08-27,2020,2021-11-26,2022,2020-12-31,2021-12-31,2021-12-31 00:00:00,,,097,Department of Defense,5700,Department of the Air Force,FA8621,FA8621 AFLCMC WNSK SIMS,097,Department of Defense,5700,Department of the Air Force,F4FDAY,F4FDAY AFLCMC WNS,057-2020/2020-3400-000;057-2021/2021-3400-000,057-3400,25.7: Operation and maintenance of equipment,0001: OPERATING FORCES;OPTN: FIELD IS OPTIONAL PRIOR TO FY21,X,NOT APPLICABLE,,,SPBYMKW24AC6,784029469,"IMMERSIVE DISPLAY SOLUTIONS, INC","IMMERSIVE DISPLAY SOLUTIONS, INC",,4HNY0,SPBYMKW24AC6,784029469,"IMMERSIVE DISPLAY SOLUTIONS, INC",IMMERSIVE DISPLAY SOLUTIONS,USA,UNITED STATES,3005 CHASTAIN MEADOWS PKWY STE 700,,MARIETTA,13067,COBB,13,GA,GEORGIA,300663396,GA-11,GA-11,7704201850,7704201851,USA,UNITED STATES,MARIETTA,13067,COBB,13,GA,GEORGIA,300663396,GA-11,GA-11,AWARD,D,DEFINITIVE CONTRACT,,,,,,,J,FIRM FIXED PRICE,JOINT TERMINAL CONTROL TRAINING AND REHEARSAL SYSTEM PRODUCTION AND SUSTAINMENT DOME AND DESKTOP MOVES,,1,OT,OTHER FUNCTIONS,R799,SUPPORT- MANAGEMENT: OTHER,H,NOT BUNDLED,A2,MISSILE AND SPACE SYSTEMS,333318,OTHER COMMERCIAL AND SERVICE INDUSTRY MACHINERY MANUFACTURING,C,NO CLAUSES INCLUDED AND NO SUSTAINABILITY INCLUDED,A,U.S. OWNED BUSINESS,000,NONE,Z,NOT IT PRODUCTS OR SERVICES,E,NOT REQUIRED,USA,UNITED STATES,C,NOT A MANUFACTURED END PRODUCT,B,PLAN NOT REQUIRED,C,NOT COMPETED,SSS,ONLY ONE SOURCE,NONE,NO SET ASIDE USED.,NONE,NO PREFERENCE USED,,,,,ONE,ONLY ONE SOURCE-OTHER (FAR 6.302-1 OTHER),1,D,COMMERCIAL ITEM PROCEDURES NOT USED,f,N,NO,N,NO,X,NOT APPLICABLE,N,NO,0.00,N,NO,X,NOT APPLICABLE,X,NOT APPLICABLE,X,NOT APPLICABLE,X,NOT APPLICABLE,,,,,,,,NONE,NONE,N,NO,X,NOT APPLICABLE EXEMPT FROM CAS,N,TRANSACTION DOES NOT USE GFE/GFP,U,UNKNOWN,D,NOT CONSOLIDATED,Y,YES - SERVICE WHERE PBA IS USED.,N,NO,Z,NOT APPLICABLE,N,NO,X,NOT APPLICABLE,f,f,f,f,f,f,f,f,f,f,f,f,f,f,f,f,f,f,f,SMALL BUSINESS,S,f,f,f,f,f,f,f,f,f,f,f,f,f,f,f,f,f,CORPORATE NOT TAX EXEMPT,t,f,f,f,f,f,f,f,f,f,f,f,t,f,f,f,f,t,f,f,f,f,f,f,f,f,f,f,t,f,f,f,f,f,f,f,f,f,f,f,f,f,f,f,f,f,f,f,f,f,,,,,,,,,,,https://www.usaspending.gov/award/CONT_AWD_FA862120C0033_9700_-NONE-_-NONE-/,2021-11-29 10:24:39+00
CONT_AWD_FA864920C0179_9700_-NONE-_-NONE-,FA864920C0179,,,,Q: Not Designated Nonemergency/Emergency/Disaster/Wildfire Suppression,,,,,945166.00,0.00,945166.00,945166.00,2020-06-04,2020,2021-11-30,2022,2020-06-04,2022-01-03,2022-01-03 00:00:00,,2019-08-24,097,Department of Defense,5700,Department of the Air Force,FA8649,FA8649 USAF SBIR STTR CNTRCTNG AFRL,097,Department of Defense,5700,Department of the Air Force,F4FBEQ,F4FBEQ AFRL RGF,057-2020/2021-3600-000,057-3600,25.5: Research and development contracts,0001: BASIC RESEARCH,X,NOT APPLICABLE,,,FJJFC6GNW767,117194242,"DREAM SYSTEMS, LLC","DREAM SYSTEMS, LLC",,8EF30,FJJFC6GNW767,117194242,"DREAM SYSTEMS, LLC",DREAM SYSTEMS  LLC,USA,UNITED STATES,660 COMMERCE DR STE C,,ROSEVILLE,06061,PLACER,06,CA,CALIFORNIA,956786421,CA-04,CA-03,6502084561,6503699241,USA,UNITED STATES,ROSEVILLE,06061,PLACER,06,CA,CALIFORNIA,956781111,CA-04,CA-03,AWARD,D,DEFINITIVE CONTRACT,,,,,,,J,FIRM FIXED PRICE,"COVID-19 DIB SMALL BUSINESS INNOVATION RESEARCH PHASE II AWARD - SOLVING WARFIGHTER MEDICAL READINESS, PERFORMANCE AND HEALTH ISSUES IMPACTED BY OBSTRUCTIVE SLEEP APNEA",,1,OT,OTHER FUNCTIONS,AD92,R&D- DEFENSE OTHER: OTHER (APPLIED RESEARCH/EXPLORATORY DEVELOPMENT),H,NOT BUNDLED,A7,ELECTRONICS AND COMMUNICATION EQUIPMENT,541715,"RESEARCH AND DEVELOPMENT IN THE PHYSICAL, ENGINEERING, AND LIFE SCIENCES (EXCEPT NANOTECHNOLOGY AND BIOTECHNOLOGY)",C,NO CLAUSES INCLUDED AND NO SUSTAINABILITY INCLUDED,A,U.S. OWNED BUSINESS,000,NONE,Z,NOT IT PRODUCTS OR SERVICES,E,NOT REQUIRED,USA,UNITED STATES,C,NOT A MANUFACTURED END PRODUCT,B,PLAN NOT REQUIRED,D,FULL AND OPEN COMPETITION AFTER EXCLUSION OF SOURCES,NP,NEGOTIATED PROPOSAL/QUOTE,SBA,SMALL BUSINESS SET ASIDE - TOTAL,NONE,NO PREFERENCE USED,SR2,SMALL BUSINESS INNOVATION RESEARCH PROGRAM PHASE II ACTION,,,,,999,A,COMMERCIAL ITEM,f,N,NO,N,NO,N,NO,N,NO,0.00,N,NO,X,NOT APPLICABLE,X,NOT APPLICABLE,X,NOT APPLICABLE,X,NOT APPLICABLE,,,,,,,,NONE,NONE,N,NO,X,NOT APPLICABLE EXEMPT FROM CAS,N,TRANSACTION DOES NOT USE GFE/GFP,N,NO,D,NOT CONSOLIDATED,Y,YES - SERVICE WHERE PBA IS USED.,N,NO,Z,NOT APPLICABLE,N,NO,X,NOT APPLICABLE,f,f,f,f,f,f,f,f,f,f,f,f,f,f,f,f,f,f,f,SMALL BUSINESS,S,f,f,f,f,f,f,f,f,f,f,f,f,f,f,f,f,f,PARTNERSHIP,f,f,t,f,f,f,f,f,f,f,f,f,f,f,f,f,f,t,f,f,f,f,f,f,f,f,f,f,t,f,f,f,f,f,f,f,f,f,f,f,f,f,f,f,f,t,f,f,f,f,,,,,,,,,,,https://www.usaspending.gov/award/CONT_AWD_FA864920C0179_9700_-NONE-_-NONE-/,2021-12-01 08:45:17+00
CONT_AWD_FA865019C5033_9700_-NONE-_-NONE-,FA865019C5033,,,,,,,,,750000.00,,750000.00,750000.00,2019-06-27,2019,2021-11-29,2022,2019-06-27,2022-05-31,2022-05-31 00:00:00,,2019-01-31,097,Department of Defense,5700,Department of the Air Force,FA8650,FA8650  USAF AFMC AFRL PZL AFRL/PZL,097,Department of Defense,5700,Department of the Air Force,F4FBDC,F4FBDC AFRL RXRS,,,,,X,NOT APPLICABLE,,,ND71US7MF6Z5,626135755,TEXAS BIOCHEMICALS INC,TEXAS BIOCHEMICALS INCORPORATED,,4FQS9,ND71US7MF6Z5,626135755,TEXAS BIOCHEMICALS INC,TEXAS BIOCHEMICALS INCORPORATED,USA,UNITED STATES,7610 EAST MARK DRIVE STE # 105,,COLLEGE STATION,48041,BRAZOS,48,TX,TEXAS,778404189,TX-17,TX-10,9797396085,9797045050,USA,UNITED STATES,COLLEGE STATION,48041,BRAZOS,48,TX,TEXAS,778404189,TX-17,TX-10,AWARD,D,DEFINITIVE CONTRACT,,,,,,,J,FIRM FIXED PRICE,A NOVEL COST EFFECTIVE LOW TEMPERATURE COPPER INKS,,1,OT,OTHER FUNCTIONS,AJ42,R&D- GENERAL SCIENCE/TECHNOLOGY: ENGINEERING (APPLIED RESEARCH/EXPLORATORY DEVELOPMENT),H,NOT BUNDLED,A1C,OTHER AIRCRAFT EQUIPMENT,541715,"RESEARCH AND DEVELOPMENT IN THE PHYSICAL, ENGINEERING, AND LIFE SCIENCES (EXCEPT NANOTECHNOLOGY AND BIOTECHNOLOGY)",C,NO CLAUSES INCLUDED AND NO SUSTAINABILITY INCLUDED,A,U.S. OWNED BUSINESS,000,NONE,Z,NOT IT PRODUCTS OR SERVICES,E,NOT REQUIRED,USA,UNITED STATES,C,NOT A MANUFACTURED END PRODUCT,B,PLAN NOT REQUIRED,D,FULL AND OPEN COMPETITION AFTER EXCLUSION OF SOURCES,NP,NEGOTIATED PROPOSAL/QUOTE,SBA,SMALL BUSINESS SET ASIDE - TOTAL,NONE,NO PREFERENCE USED,SR2,SMALL BUSINESS INNOVATION RESEARCH PROGRAM PHASE II ACTION,,,,,2,D,COMMERCIAL ITEM PROCEDURES NOT USED,f,N,NO,N,NO,X,NOT APPLICABLE,N,NO,0.00,N,NO,X,NOT APPLICABLE,X,NOT APPLICABLE,X,NOT APPLICABLE,X,NOT APPLICABLE,,,,,,,,NONE,NONE,N,NO,X,NOT APPLICABLE EXEMPT FROM CAS,N,TRANSACTION DOES NOT USE GFE/GFP,U,UNKNOWN,D,NOT CONSOLIDATED,N,NO - SERVICE WHERE PBA IS NOT USED.,N,NO,Z,NOT APPLICABLE,N,NO,X,NOT APPLICABLE,f,f,f,f,f,f,f,f,f,f,f,f,t,t,f,f,f,f,f,SMALL BUSINESS,S,f,f,f,f,f,f,f,f,f,f,f,f,f,f,f,f,f,CORPORATE NOT TAX EXEMPT,t,f,f,f,f,f,f,f,f,f,f,f,f,f,f,f,f,t,f,f,f,f,f,f,f,f,f,f,t,f,f,f,f,f,f,f,f,f,f,f,f,f,f,f,f,t,f,f,f,f,,,,,,,,,,,https://www.usaspending.gov/award/CONT_AWD_FA865019C5033_9700_-NONE-_-NONE-/,2021-11-29 14:04:05+00
CONT_AWD_FA865020C7033_9700_-NONE-_-NONE-,FA865020C7033,,,,N: Emergency P.L. 116-136;Q: Not Designated Nonemergency/Emergency/Disaster/Wildfire Suppression,0,724555.94,,,683611.90,0.00,683611.90,683611.90,2020-09-01,2020,2021-11-29,2022,2020-09-01,2021-11-30,2021-11-30 00:00:00,,2019-06-12,097,Department of Defense,5700,Department of the Air Force,FA8650,FA8650  USAF AFMC AFRL PZL AFRL/PZL,097,Department of Defense,97AE,Defense Advanced Research Projects Agency,HR0011,DEF ADVANCED RESEARCH PROJECTS AGCY,097-2020/2021-0400-000,097-0400,25.5: Research and development contracts,0001: BASIC RESEARCH;OPTN: FIELD IS OPTIONAL PRIOR TO FY21,X,NOT APPLICABLE,,,R8KMUKAJRKJ6,807454640,"MODERN TECHNOLOGY SOLUTIONS, INC.","MODERN TECHNOLOGY SOLUTIONS, INC.",MTSI,0X988,R8KMUKAJRKJ6,807454640,"MODERN TECHNOLOGY SOLUTIONS, INC.",MODERN TECHNOLOGY SOLUTIONS  INC.,USA,UNITED STATES,5285 SHAWNEE RD STE 400,,ALEXANDRIA,51059,FAIRFAX,51,VA,VIRGINIA,223122328,VA-08,VA-08,7035643824,7035643824,USA,UNITED STATES,ALEXANDRIA,51059,FAIRFAX,51,VA,VIRGINIA,223122328,VA-08,VA-08,AWARD,D,DEFINITIVE CONTRACT,,,,,,,J,FIRM FIXED PRICE,SINGLE POD INDIVIDUAL RECOVERY VIA AERIAL LONG LINE SYSTEM (SPIRALLS) SECTION 889,HR001119S0054,1,OT,OTHER FUNCTIONS,AC62,R&D- DEFENSE SYSTEM: ELECTRONICS/COMMUNICATION EQUIPMENT (APPLIED RESEARCH/EXPLORATORY DEVELOPMENT),H,NOT BUNDLED,A7,ELECTRONICS AND COMMUNICATION EQUIPMENT,541715,"RESEARCH AND DEVELOPMENT IN THE PHYSICAL, ENGINEERING, AND LIFE SCIENCES (EXCEPT NANOTECHNOLOGY AND BIOTECHNOLOGY)",C,NO CLAUSES INCLUDED AND NO SUSTAINABILITY INCLUDED,A,U.S. OWNED BUSINESS,000,NONE,Z,NOT IT PRODUCTS OR SERVICES,E,NOT REQUIRED,USA,UNITED STATES,C,NOT A MANUFACTURED END PRODUCT,B,PLAN NOT REQUIRED,A,FULL AND OPEN COMPETITION,NP,NEGOTIATED PROPOSAL/QUOTE,NONE,NO SET ASIDE USED.,NONE,NO PREFERENCE USED,,,,,,,1,D,COMMERCIAL ITEM PROCEDURES NOT USED,f,N,NO,N,NO,X,NOT APPLICABLE,N,NO,0.00,N,NO,X,NOT APPLICABLE,X,NOT APPLICABLE,X,NOT APPLICABLE,X,NOT APPLICABLE,,,,,,,,NONE,NONE,N,NO,X,NOT APPLICABLE EXEMPT FROM CAS,N,TRANSACTION DOES NOT USE GFE/GFP,U,UNKNOWN,D,NOT CONSOLIDATED,N,NO - SERVICE WHERE PBA IS NOT USED.,Y,YES,Z,NOT APPLICABLE,N,NO,X,NOT APPLICABLE,f,f,f,f,f,f,f,f,f,f,f,f,f,f,f,f,f,f,f,SMALL BUSINESS,S,f,f,f,f,f,f,f,f,f,f,f,f,f,f,f,f,f,CORPORATE NOT TAX EXEMPT,t,f,f,f,f,f,f,f,f,f,f,f,f,f,f,f,f,t,f,f,f,f,f,f,f,t,f,f,t,f,f,f,f,f,f,f,f,f,f,f,f,f,f,f,f,f,f,f,f,f,KEVIN  ROBINSON,1240281.00,ROBERT  DANN,676349.00,TIMOTHY  KING,883398.00,GREGORY  COALE,774435.00,DAVID  MESSINA,533610.00,https://www.usaspending.gov/award/CONT_AWD_FA865020C7033_9700_-NONE-_-NONE-/,2021-11-30 12:20:24+00
CONT_AWD_FA865120C0016_9700_-NONE-_-NONE-,FA865120C0016,,,,,,,,,749922.91,0.00,749922.91,749922.91,2019-10-31,2020,2021-11-30,2022,2019-10-31,2022-07-31,2022-07-31 00:00:00,,2019-04-19,097,Department of Defense,5700,Department of the Air Force,FA8651,FA8651 AFRL RAZ,097,Department of Defense,5700,Department of the Air Force,F1TBAY,F1TBAY AFRL RW SIBR,057-2019/2020-3600-000,057-3600,25.5: Research and development contracts,,X,NOT APPLICABLE,,,C12TQVKF5413,859244204,"SCIENTIFIC SYSTEMS COMPANY, INC.",SCIENTIFIC SYSTEMS COMPANY INC.,,0KT97,C12TQVKF5413,859244204,"SCIENTIFIC SYSTEMS COMPANY, INC.",SCIENTIFIC SYSTEMS COMPANY INC.,USA,UNITED STATES,500 W CUMMINGS PARK STE 3000,,WOBURN,25017,MIDDLESEX,25,MA,MASSACHUSETTS,018016562,MA-05,MA-05,7819335355,7819384752,USA,UNITED STATES,WOBURN,25017,MIDDLESEX,25,MA,MASSACHUSETTS,018016562,MA-05,MA-05,AWARD,D,DEFINITIVE CONTRACT,,,,,,,J,FIRM FIXED PRICE,"MPATH:  MINIATURIZED, PLUG-AND-PLAY, ACQUISITION AND TRACKING HARDWARE - PHASE II",,1,OT,OTHER FUNCTIONS,AC52,R&D- DEFENSE SYSTEM: WEAPONS (APPLIED RESEARCH/EXPLORATORY DEVELOPMENT),H,NOT BUNDLED,A5,WEAPONS,541715,"RESEARCH AND DEVELOPMENT IN THE PHYSICAL, ENGINEERING, AND LIFE SCIENCES (EXCEPT NANOTECHNOLOGY AND BIOTECHNOLOGY)",C,NO CLAUSES INCLUDED AND NO SUSTAINABILITY INCLUDED,A,U.S. OWNED BUSINESS,000,NONE,Z,NOT IT PRODUCTS OR SERVICES,E,NOT REQUIRED,USA,UNITED STATES,C,NOT A MANUFACTURED END PRODUCT,B,PLAN NOT REQUIRED,D,FULL AND OPEN COMPETITION AFTER EXCLUSION OF SOURCES,NP,NEGOTIATED PROPOSAL/QUOTE,SBA,SMALL BUSINESS SET ASIDE - TOTAL,NONE,NO PREFERENCE USED,SR2,SMALL BUSINESS INNOVATION RESEARCH PROGRAM PHASE II ACTION,,,,,4,D,COMMERCIAL ITEM PROCEDURES NOT USED,f,N,NO,N,NO,X,NOT APPLICABLE,N,NO,0.00,N,NO,X,NOT APPLICABLE,X,NOT APPLICABLE,X,NOT APPLICABLE,X,NOT APPLICABLE,,,,,,,,NONE,NONE,N,NO,X,NOT APPLICABLE EXEMPT FROM CAS,N,TRANSACTION DOES NOT USE GFE/GFP,N,NO,D,NOT CONSOLIDATED,Y,YES - SERVICE WHERE PBA IS USED.,N,NO,Z,NOT APPLICABLE,N,NO,X,NOT APPLICABLE,f,f,f,f,f,f,f,f,f,f,f,f,f,f,f,f,f,f,f,SMALL BUSINESS,S,f,f,f,f,f,f,f,f,f,f,f,f,f,f,f,f,f,CORPORATE NOT TAX EXEMPT,t,f,f,f,f,f,f,f,f,f,f,f,f,f,f,f,f,t,f,f,f,f,f,f,f,f,f,f,t,f,f,f,f,f,f,f,f,f,f,f,f,f,f,f,f,t,f,f,f,f,KUNAL G MEHRA,477212.00,RAMAN K MEHRA,425141.00,OWEN C BROWN,369792.00,SANJEEV  SEEREERAM,311997.00,SSU-HSIN  YU,301790.00,https://www.usaspending.gov/award/CONT_AWD_FA865120C0016_9700_-NONE-_-NONE-/,2022-03-30 18:27:36+00
CONT_AWD_FA875018C0146_9700_-NONE-_-NONE-,FA875018C0146,,,,N: Emergency P.L. 116-136;Q: Not Designated Nonemergency/Emergency/Disaster/Wildfire Suppression,578861.36,-237855.36,,,8569784.00,730379.19,8569784.00,8569784.00,2018-07-27,2018,2021-11-30,2022,2018-07-27,2022-03-28,2022-03-28 00:00:00,,,097,Department of Defense,5700,Department of the Air Force,FA8750,FA8750  AFRL RIK,097,Department of Defense,97AE,Defense Advanced Research Projects Agency,HR0011,DEF ADVANCED RESEARCH PROJECTS AGCY,097-2017/2018-0400-000;097-2018/2019-0400-000;097-2019/2020-0400-000;097-2020/2021-0400-000;097-2021/2022-0400-000;097-2022/2023-0400-000,097-0400,25.5: Research and development contracts,0001: BASIC RESEARCH;OPTN: FIELD IS OPTIONAL PRIOR TO FY21,X,NOT APPLICABLE,,,KDT2YLB34NT6,001690924,LOCKHEED MARTIN CORPORATION,LOCKHEED MARTIN CORPORATION,LOCKHEED MARTIN,16331,ZFN2JJXBLZT3,834951691,LOCKHEED MARTIN CORP,LOCKHEED MARTIN CORPORATION,USA,UNITED STATES,100 GLOBAL INNOVATION CIR,,ORLANDO,12095,ORANGE,12,FL,FLORIDA,328255002,FL-07,FL-10,4073062680,4073061727,USA,UNITED STATES,ORLANDO,12095,ORANGE,12,FL,FLORIDA,328255002,FL-09,FL-10,AWARD,D,DEFINITIVE CONTRACT,,,,,,,U,COST PLUS FIXED FEE,AGILE CONSEC EVALUATION SUPPORT (ACES),HR001118S0010,1,OT,OTHER FUNCTIONS,AD92,R&D- DEFENSE OTHER: OTHER (APPLIED RESEARCH/EXPLORATORY DEVELOPMENT),H,NOT BUNDLED,A7,ELECTRONICS AND COMMUNICATION EQUIPMENT,541715,"RESEARCH AND DEVELOPMENT IN THE PHYSICAL, ENGINEERING, AND LIFE SCIENCES (EXCEPT NANOTECHNOLOGY AND BIOTECHNOLOGY)",C,NO CLAUSES INCLUDED AND NO SUSTAINABILITY INCLUDED,A,U.S. OWNED BUSINESS,000,NONE,Z,NOT IT PRODUCTS OR SERVICES,E,NOT REQUIRED,USA,UNITED STATES,C,NOT A MANUFACTURED END PRODUCT,H,DOD COMPREHENSIVE SUBCONTRACT PLAN,A,FULL AND OPEN COMPETITION,BR,BASIC RESEARCH,NONE,NO SET ASIDE USED.,NONE,NO PREFERENCE USED,,,,,,,35,D,COMMERCIAL ITEM PROCEDURES NOT USED,f,N,NO,N,NO,Y,YES,N,NO,0.00,N,NO,X,NOT APPLICABLE,X,NOT APPLICABLE,X,NOT APPLICABLE,X,NOT APPLICABLE,,,,,,,,NONE,NONE,N,NO,Y,YES - CAS CLAUSE INCLUDED,N,TRANSACTION DOES NOT USE GFE/GFP,N,NO,D,NOT CONSOLIDATED,Y,YES - SERVICE WHERE PBA IS USED.,N,NO,Z,NOT APPLICABLE,N,NO,X,NOT APPLICABLE,f,f,f,f,f,f,f,f,f,f,f,f,f,f,f,f,f,f,f,OTHER THAN SMALL BUSINESS,O,f,f,f,f,f,f,f,f,f,f,f,f,f,f,f,f,f,CORPORATE NOT TAX EXEMPT,t,f,f,f,f,f,f,f,f,f,f,f,t,f,f,f,f,t,f,f,f,f,f,f,f,f,f,f,t,f,f,f,f,f,f,f,f,f,f,f,f,f,f,f,f,f,f,f,f,f,,,,,,,,,,,https://www.usaspending.gov/award/CONT_AWD_FA875018C0146_9700_-NONE-_-NONE-/,2021-12-01 08:27:13+00
CONT_AWD_FA875022C0503_9700_-NONE-_-NONE-,FA875022C0503,,,,,,,,,156436.00,,156436.00,156436.00,2021-11-29,2022,2021-11-29,2022,2021-11-29,2022-04-29,2022-04-29 00:00:00,,,097,Department of Defense,5700,Department of the Air Force,FA8750,FA8750  AFRL RIK,097,Department of Defense,5700,Department of the Air Force,F4FBEQ,F4FBEQ AFRL RGF,,,,,X,NOT APPLICABLE,,,EN78W198KUG7,,METRON INCORPORATED,"METRON, INCORPORATED",,8W019,EN78W198KUG7,,METRON INCORPORATED,METRON  INCORPORATED,USA,UNITED STATES,1818 LIBRARY ST STE 600,,RESTON,51059,FAIRFAX,51,VA,VIRGINIA,201905631,VA-11,VA-11,7037878700,7037873518,USA,UNITED STATES,RESTON,51059,FAIRFAX,51,VA,VIRGINIA,201905631,VA-11,VA-11,AWARD,D,DEFINITIVE CONTRACT,,,,,,,J,FIRM FIXED PRICE,LEVERAGING AN EDGE BASED CROSS-DOMAIN SERVICE FRAMEWORK TO SIMPLIFY PLANNING (LEBC),,1,OT,OTHER FUNCTIONS,AC12,NATIONAL DEFENSE R&D SERVICES; DEPARTMENT OF DEFENSE - MILITARY; APPLIED RESEARCH,H,NOT BUNDLED,A7,ELECTRONICS AND COMMUNICATION EQUIPMENT,541715,"RESEARCH AND DEVELOPMENT IN THE PHYSICAL, ENGINEERING, AND LIFE SCIENCES (EXCEPT NANOTECHNOLOGY AND BIOTECHNOLOGY)",C,NO CLAUSES INCLUDED AND NO SUSTAINABILITY INCLUDED,A,U.S. OWNED BUSINESS,000,NONE,Z,NOT IT PRODUCTS OR SERVICES,E,NOT REQUIRED,USA,UNITED STATES,C,NOT A MANUFACTURED END PRODUCT,B,PLAN NOT REQUIRED,D,FULL AND OPEN COMPETITION AFTER EXCLUSION OF SOURCES,NP,NEGOTIATED PROPOSAL/QUOTE,SBA,SMALL BUSINESS SET ASIDE - TOTAL,NONE,NO PREFERENCE USED,ST1,SMALL TECHNOLOGY TRANSFER RESEARCH PROGRAM PHASE I,,,,,13,D,COMMERCIAL ITEM PROCEDURES NOT USED,f,N,NO,N,NO,N,NO,N,NO,0.00,N,NO,X,NOT APPLICABLE,X,NOT APPLICABLE,X,NOT APPLICABLE,X,NOT APPLICABLE,,,,,,,,NONE,NONE,N,NO,X,NOT APPLICABLE EXEMPT FROM CAS,N,TRANSACTION DOES NOT USE GFE/GFP,N,NO,D,NOT CONSOLIDATED,Y,YES - SERVICE WHERE PBA IS USED.,N,NO,Z,NOT APPLICABLE,N,NO,X,NOT APPLICABLE,f,f,f,f,f,f,f,f,f,f,f,f,f,f,f,f,f,f,f,SMALL BUSINESS,S,f,f,f,f,f,f,f,f,f,f,f,f,f,f,f,f,f,CORPORATE NOT TAX EXEMPT,t,f,f,f,f,f,f,f,f,f,f,f,f,f,f,f,f,t,f,f,f,f,f,f,f,f,f,f,t,f,f,f,f,f,f,f,f,f,f,f,f,f,f,f,f,f,f,f,f,f,JOHN  GURLEY,902755.00,ROBERT  ZARNICH,516685.00,JEFFREY  MONROE,491501.00,ERIC  GEORGE,485604.00,CHRISTOPHER  BONER,469256.00,https://www.usaspending.gov/award/CONT_AWD_FA875022C0503_9700_-NONE-_-NONE-/,2022-08-17 07:31:18+00
CONT_AWD_FA945116C0060_9700_-NONE-_-NONE-,FA945116C0060,,,,,,,,,10501.00,,10501.00,10501.00,2016-09-13,2016,2021-11-30,2022,2016-09-13,2021-09-30,2021-09-30 00:00:00,,,097,Department of Defense,5700,Department of the Air Force,FA9451,FA9451  AFRL RDK,097,Department of Defense,5700,Department of the Air Force,F2KBAH,F2KBAH AFRL DET 15 MAUI AFRL RDSM,,,,,X,NOT APPLICABLE,,,EDABPCFPLHJ3,803176718,MAUI ECONOMIC DEVELOPMENT BOARD INC,MAUI ECONOMIC DEVELOPMENT BOARD INC,MEDB,0YL94,EDABPCFPLHJ3,803176718,MAUI ECONOMIC DEVELOPMENT BOARD INC,MAUI ECONOMIC DEVELOPMENT BOARD  INC,USA,UNITED STATES,1305 N HOLOPONO ST STE 1,,KIHEI,15009,MAUI,15,HI,HAWAII,967536916,HI-02,HI-02,8088752300,8088790011,USA,UNITED STATES,KIHEI,15009,MAUI,15,HI,HAWAII,967536916,HI-02,HI-02,AWARD,D,DEFINITIVE CONTRACT,,,,,,,J,FIRM FIXED PRICE,IGF::OT::IGF SPACE SITUATIONAL AWARENESS CONFERENCE (SSA)-MAUI 2016-2020,,1,OT,OTHER FUNCTIONS,R706,SUPPORT- MANAGEMENT: LOGISTICS SUPPORT,D,NOT A BUNDLED REQUIREMENT,S1,SERVICES,561920,CONVENTION AND TRADE SHOW ORGANIZERS,C,NO CLAUSES INCLUDED AND NO SUSTAINABILITY INCLUDED,A,U.S. OWNED BUSINESS,000,NONE,Z,NOT IT PRODUCTS OR SERVICES,E,NOT REQUIRED,USA,UNITED STATES,C,NOT A MANUFACTURED END PRODUCT,B,PLAN NOT REQUIRED,F,COMPETED UNDER SAP,SP1,SIMPLIFIED ACQUISITION,NONE,NO SET ASIDE USED.,NONE,NO PREFERENCE USED,,,,,,,1,B,SUPPLIES OR SERVICES PURSUANT TO FAR 12.102(F),f,N,NO,N,NO,X,NOT APPLICABLE,N,NO,0.00,N,NO,X,NOT APPLICABLE,X,NOT APPLICABLE,X,NOT APPLICABLE,X,NOT APPLICABLE,,,,,,,,NONE,NONE,N,NO,X,NOT APPLICABLE EXEMPT FROM CAS,N,TRANSACTION DOES NOT USE GFE/GFP,U,UNKNOWN,N,NO,Y,YES - SERVICE WHERE PBA IS USED.,N,NO,Z,NOT APPLICABLE,N,NO,X,NOT APPLICABLE,f,f,f,f,f,f,f,f,f,f,f,f,f,f,f,f,f,f,f,OTHER THAN SMALL BUSINESS,O,f,f,f,f,f,f,f,f,f,f,f,f,f,f,f,f,f,CORPORATE TAX EXEMPT,f,t,f,f,f,f,f,f,f,f,f,f,f,f,f,f,f,t,f,f,f,f,f,f,f,f,f,f,f,t,f,f,f,f,f,f,f,f,f,f,f,f,f,f,f,f,f,f,f,f,,,,,,,,,,,https://www.usaspending.gov/award/CONT_AWD_FA945116C0060_9700_-NONE-_-NONE-/,2021-12-02 16:08:00+00
CONT_AWD_H9222216C0029_9700_-NONE-_-NONE-,H9222216C0029,,,,,,,,,176464296.83,,163268110.33,163268110.33,2016-02-25,2016,2021-11-30,2022,2016-02-23,2021-06-24,2021-06-24 00:00:00,,,097,Department of Defense,97ZS,U.S. Special Operations Command,H92402,HQ USSOCOM,097,Department of Defense,97ZS,U.S. Special Operations Command,H92402,HQ USSOCOM,,,,,X,NOT APPLICABLE,,,KL7NPLN7CNW5,,"CACI-ATHENA, LLC","CACI-ATHENA, INC.",,45C42,QSRTXLFKV857,,CACI INTERNATIONAL INC,CACI INTERNATIONAL INC.,USA,UNITED STATES,1100 N GLEBE RD STE 148,,ARLINGTON,51013,ARLINGTON,51,VA,VIRGINIA,222014798,VA-11,VA-08,7036794137,7036793402,USA,UNITED STATES,FORT BRAGG,37051,CUMBERLAND,37,NC,NORTH CAROLINA,283071740,NC-08,NC-09,AWARD,D,DEFINITIVE CONTRACT,,,,,,,Z,LABOR HOURS,ODCS  IGF::OT::IGF,H9222214R0013,1,OT,OTHER FUNCTIONS,R423,SUPPORT- PROFESSIONAL: INTELLIGENCE,D,NOT A BUNDLED REQUIREMENT,S1,SERVICES,541990,"ALL OTHER PROFESSIONAL, SCIENTIFIC, AND TECHNICAL SERVICES",C,NO CLAUSES INCLUDED AND NO SUSTAINABILITY INCLUDED,A,U.S. OWNED BUSINESS,000,NONE,Z,NOT IT PRODUCTS OR SERVICES,E,NOT REQUIRED,USA,UNITED STATES,C,NOT A MANUFACTURED END PRODUCT,H,DOD COMPREHENSIVE SUBCONTRACT PLAN,A,FULL AND OPEN COMPETITION,NP,NEGOTIATED PROPOSAL/QUOTE,NONE,NO SET ASIDE USED.,NONE,NO PREFERENCE USED,,,,,,,5,D,COMMERCIAL ITEM PROCEDURES NOT USED,f,N,NO,N,NO,Y,YES,N,NO,0.00,N,NO,N,NO,N,NO,N,NO,X,NOT APPLICABLE,,,,,,,,NONE,NONE,N,NO,Y,YES - CAS CLAUSE INCLUDED,N,TRANSACTION DOES NOT USE GFE/GFP,N,NO,N,NO,Y,YES - SERVICE WHERE PBA IS USED.,N,NO,Z,NOT APPLICABLE,N,NO,X,NOT APPLICABLE,f,f,f,f,f,f,f,f,f,f,f,f,f,f,f,f,f,f,f,OTHER THAN SMALL BUSINESS,O,f,f,f,f,f,f,f,f,f,f,f,f,f,f,f,f,f,CORPORATE NOT TAX EXEMPT,t,f,f,f,f,f,f,f,f,f,f,f,f,f,f,f,f,t,f,f,f,f,f,f,f,f,f,f,t,f,f,f,f,f,f,f,f,f,f,f,f,f,f,f,f,f,f,f,f,f,,,,,,,,,,,https://www.usaspending.gov/award/CONT_AWD_H9222216C0029_9700_-NONE-_-NONE-/,2022-04-02 14:48:34+00
CONT_AWD_H9223917C0010_9700_-NONE-_-NONE-,H9223917C0010,,,,,,,,,1785920.32,,1785920.32,1785920.32,2017-08-11,2017,2021-11-29,2022,2017-08-14,2022-08-13,2022-08-13 00:00:00,,,097,Department of Defense,97ZS,U.S. Special Operations Command,H92239,HQ USASOC CONTRACTING,097,Department of Defense,97ZS,U.S. Special Operations Command,H92239,HQ USASOC CONTRACTING,,,,,X,NOT APPLICABLE,,,K4U8LGLJ2LG1,135469307,HORIZON PERFORMANCE L.L.C.,HORIZON PERFORMANCE L.L.C.,,3HNP9,K4U8LGLJ2LG1,135469307,HORIZON PERFORMANCE L.L.C.,HORIZON PERFORMANCE L.L.C.,USA,UNITED STATES,8000 REGENCY PKWY STE 240,,CARY,37183,WAKE,37,NC,NORTH CAROLINA,275188582,NC-04,NC-04,9196746644,9194004359,USA,UNITED STATES,CARY,37183,WAKE,37,NC,NORTH CAROLINA,275183001,NC-02,NC-04,AWARD,D,DEFINITIVE CONTRACT,,,,,,,J,FIRM FIXED PRICE,IGF::CT::IGF                                                     SOFTWARE LICENSE AND MAINTENANCE SUPPORT SERVICES,H9223917T0015,1,CT,CRITICAL FUNCTIONS,D308,IT AND TELECOM- PROGRAMMING,H,NOT BUNDLED,S1,SERVICES,541511,CUSTOM COMPUTER PROGRAMMING SERVICES,C,NO CLAUSES INCLUDED AND NO SUSTAINABILITY INCLUDED,A,U.S. OWNED BUSINESS,000,NONE,E,COMMERCIAL SERVICE,E,NOT REQUIRED,USA,UNITED STATES,C,NOT A MANUFACTURED END PRODUCT,B,PLAN NOT REQUIRED,C,NOT COMPETED,SSS,ONLY ONE SOURCE,NONE,NO SET ASIDE USED.,NONE,NO PREFERENCE USED,,,,,ONE,ONLY ONE SOURCE-OTHER (FAR 6.302-1 OTHER),1,A,COMMERCIAL ITEM,f,N,NO,N,NO,Y,YES,N,NO,0.00,N,NO,N,NO,Y,YES,N,NO,X,NOT APPLICABLE,,,,,,,,NONE,NONE,N,NO,X,NOT APPLICABLE EXEMPT FROM CAS,N,TRANSACTION DOES NOT USE GFE/GFP,N,NO,D,NOT CONSOLIDATED,Y,YES - SERVICE WHERE PBA IS USED.,N,NO,Z,NOT APPLICABLE,N,NO,X,NOT APPLICABLE,f,f,f,f,f,f,f,f,f,f,f,f,f,f,f,f,f,f,f,SMALL BUSINESS,S,f,f,f,f,f,f,f,f,f,f,f,f,f,f,f,f,f,OTHER,f,f,f,f,f,f,f,f,f,f,f,f,f,f,f,f,f,t,f,f,f,f,f,f,f,f,t,f,t,f,f,f,f,f,f,f,f,f,f,f,f,f,f,f,f,f,f,f,f,f,,,,,,,,,,,https://www.usaspending.gov/award/CONT_AWD_H9223917C0010_9700_-NONE-_-NONE-/,2021-11-29 12:02:18+00
CONT_AWD_H9240221C0003_9700_-NONE-_-NONE-,H9240221C0003,,,,,,,,,596692.00,,596692.00,596692.00,2020-12-22,2021,2021-11-30,2022,2020-12-22,2021-12-21,2021-12-21 00:00:00,,2020-08-03,097,Department of Defense,97ZS,U.S. Special Operations Command,H92402,HQ USSOCOM,097,Department of Defense,97ZS,U.S. Special Operations Command,H92402,HQ USSOCOM,,,,,X,NOT APPLICABLE,,,GP14R1TCKTD8,147262257,SYNDETIX INC,SYNDETIX INCORPORATED,,68281,GP14R1TCKTD8,147262257,SYNDETIX INC,SYNDETIX INCORPORATED,USA,UNITED STATES,2820 N TELSHOR BLVD,,LAS CRUCES,35013,DOÑA ANA,35,NM,NEW MEXICO,880118230,NM-02,NM-02,5755228762,5755211619,USA,UNITED STATES,LAS CRUCES,35013,DONA ANA,35,NM,NEW MEXICO,880118230,NM-02,NM-02,AWARD,D,DEFINITIVE CONTRACT,,,,,,,J,FIRM FIXED PRICE,UAS FEASIBILITY STUDY,,1,OT,OTHER FUNCTIONS,AC12,NATIONAL DEFENSE R&D SERVICES; DEPARTMENT OF DEFENSE - MILITARY; APPLIED RESEARCH,H,NOT BUNDLED,S1,SERVICES,541330,ENGINEERING SERVICES,C,NO CLAUSES INCLUDED AND NO SUSTAINABILITY INCLUDED,A,U.S. OWNED BUSINESS,000,NONE,Z,NOT IT PRODUCTS OR SERVICES,E,NOT REQUIRED,USA,UNITED STATES,C,NOT A MANUFACTURED END PRODUCT,B,PLAN NOT REQUIRED,D,FULL AND OPEN COMPETITION AFTER EXCLUSION OF SOURCES,NP,NEGOTIATED PROPOSAL/QUOTE,SBA,SMALL BUSINESS SET ASIDE - TOTAL,NONE,NO PREFERENCE USED,SR2,SMALL BUSINESS INNOVATION RESEARCH PROGRAM PHASE II ACTION,,,,,1,D,COMMERCIAL ITEM PROCEDURES NOT USED,f,N,NO,N,NO,N,NO,N,NO,0.00,N,NO,X,NOT APPLICABLE,X,NOT APPLICABLE,X,NOT APPLICABLE,X,NOT APPLICABLE,,,,,,,,NONE,NONE,N,NO,X,NOT APPLICABLE EXEMPT FROM CAS,N,TRANSACTION DOES NOT USE GFE/GFP,U,UNKNOWN,D,NOT CONSOLIDATED,N,NO - SERVICE WHERE PBA IS NOT USED.,N,NO,Z,NOT APPLICABLE,N,NO,X,NOT APPLICABLE,f,f,f,f,f,t,f,f,f,f,f,f,t,f,f,f,t,f,f,SMALL BUSINESS,S,f,f,f,f,f,f,f,f,f,f,f,f,f,f,f,f,f,CORPORATE NOT TAX EXEMPT,t,f,f,f,f,f,f,f,f,f,f,f,f,f,f,f,f,t,f,f,f,f,f,f,f,t,f,f,t,f,f,f,f,f,f,f,f,f,f,f,f,f,f,f,f,t,f,f,f,f,,,,,,,,,,,https://www.usaspending.gov/award/CONT_AWD_H9240221C0003_9700_-NONE-_-NONE-/,2021-11-30 17:44:20+00
CONT_AWD_H9240421C0006_9700_-NONE-_-NONE-,H9240421C0006,,,,,,,,,1642594.09,,1642594.10,1642594.10,2021-02-17,2021,2021-11-29,2022,2021-02-23,2022-06-23,2022-06-23 00:00:00,,2020-07-24,097,Department of Defense,97ZS,U.S. Special Operations Command,H92404,HQ USSOCOM,097,Department of Defense,97ZS,U.S. Special Operations Command,H92404,HQ USSOCOM,,,,,X,NOT APPLICABLE,,,GLN7JNAYLQ63,080379044,REDSKY LLC,NTS SERVICES LLC,,7Q6G6,GLN7JNAYLQ63,080379044,REDSKY LLC,NTS SERVICES LLC,USA,UNITED STATES,40865 TULIP POPLAR PL,,ALDIE,51107,LOUDOUN,51,VA,VIRGINIA,201053174,VA-10,VA-10,7036510033,7036510033,USA,UNITED STATES,TAMPA,12057,HILLSBOROUGH,12,FL,FLORIDA,336215323,FL-14,FL-14,AWARD,D,DEFINITIVE CONTRACT,,,,,,,J,FIRM FIXED PRICE,WGC MATERIAL,,1,CL,CLOSELY ASSOCIATED,DF10,IT AND TELECOM - IT MANAGEMENT AS A SERVICE,H,NOT BUNDLED,S1,SERVICES,541519,OTHER COMPUTER RELATED SERVICES,C,NO CLAUSES INCLUDED AND NO SUSTAINABILITY INCLUDED,A,U.S. OWNED BUSINESS,000,NONE,F,NON-COMMERCIAL SERVICE,E,NOT REQUIRED,USA,UNITED STATES,C,NOT A MANUFACTURED END PRODUCT,B,PLAN NOT REQUIRED,G,NOT COMPETED UNDER SAP,SP1,SIMPLIFIED ACQUISITION,8AN,8(A) SOLE SOURCE,NONE,NO PREFERENCE USED,,,,,OTH,AUTHORIZED BY STATUTE (FAR 6.302-5(A)(2)(I)),1,D,COMMERCIAL ITEM PROCEDURES NOT USED,f,N,NO,N,NO,X,NOT APPLICABLE,N,NO,0.00,N,NO,X,NOT APPLICABLE,X,NOT APPLICABLE,X,NOT APPLICABLE,X,NOT APPLICABLE,,,,,,,,NONE,NONE,N,NO,X,NOT APPLICABLE EXEMPT FROM CAS,N,TRANSACTION DOES NOT USE GFE/GFP,U,UNKNOWN,D,NOT CONSOLIDATED,Y,YES - SERVICE WHERE PBA IS USED.,N,NO,Z,NOT APPLICABLE,N,NO,X,NOT APPLICABLE,f,f,f,f,f,f,f,t,t,t,f,f,t,f,f,f,t,f,f,SMALL BUSINESS,S,f,f,f,f,f,f,f,f,f,f,f,f,f,f,f,f,f,SOLE PROPRIETORSHIP,f,f,f,t,f,f,f,f,f,f,f,f,f,f,f,f,f,t,f,f,f,f,f,f,f,f,t,f,t,f,f,f,f,f,f,f,f,f,f,f,f,f,f,f,t,t,f,t,f,f,,,,,,,,,,,https://www.usaspending.gov/award/CONT_AWD_H9240421C0006_9700_-NONE-_-NONE-/,2021-11-29 14:55:17+00
CONT_AWD_HC102819C0017_9700_-NONE-_-NONE-,HC102819C0017,,,,,,,,,1143414.63,0.00,1143414.63,1143414.63,2019-09-19,2019,2021-11-24,2022,2019-09-19,2021-03-20,2021-09-20 00:00:00,,2019-09-06,097,Department of Defense,97AK,Defense Information Systems Agency,HC1084,IT CONTRACTING DIVISION - PL84,097,Department of Defense,97AK,Defense Information Systems Agency,HC1047,DEFENSE INFORMATION SYSTEMS AGENCY,097-X-4930-000,097-4930,25.2: Other services from non-Federal sources,,X,NOT APPLICABLE,,,L6MJSNNQS7M1,829590269,RED ALPHA LLC,RED ALPHA LLC,,5CCB9,L6MJSNNQS7M1,829590269,RED ALPHA LLC,RED ALPHA LLC,USA,UNITED STATES,114 NATIONAL BUSINESS PKWY STE 200,,ANNAPOLIS JUNCTION,24003,ANNE ARUNDEL,24,MD,MARYLAND,207011001,MD-02,MD-05,4106959700,8883469176,USA,UNITED STATES,FORT GEORGE G MEADE,24003,ANNE ARUNDEL,24,MD,MARYLAND,207550007,MD-02,MD-05,AWARD,D,DEFINITIVE CONTRACT,,,,,,,J,FIRM FIXED PRICE,LABOR ARCHITECTURE AND SOFTWARE ENGINEERING SUPPORT,HC102819R0099,1,OT,OTHER FUNCTIONS,D399,IT AND TELECOM- OTHER IT AND TELECOMMUNICATIONS,H,NOT BUNDLED,S1,SERVICES,541511,CUSTOM COMPUTER PROGRAMMING SERVICES,C,NO CLAUSES INCLUDED AND NO SUSTAINABILITY INCLUDED,A,U.S. OWNED BUSINESS,000,NONE,E,COMMERCIAL SERVICE,E,NOT REQUIRED,USA,UNITED STATES,C,NOT A MANUFACTURED END PRODUCT,B,PLAN NOT REQUIRED,G,NOT COMPETED UNDER SAP,SP1,SIMPLIFIED ACQUISITION,8AN,8(A) SOLE SOURCE,NONE,NO PREFERENCE USED,,,,,OTH,AUTHORIZED BY STATUTE (FAR 6.302-5(A)(2)(I)),1,A,COMMERCIAL ITEM,f,Y,YES,N,NO,X,NOT APPLICABLE,N,NO,0.00,N,NO,N,NO,N,NO,N,NO,X,NOT APPLICABLE,,,,,,,,NONE,NONE,N,NO,X,NOT APPLICABLE EXEMPT FROM CAS,Y,TRANSACTION USES GFE/GFP,U,UNKNOWN,D,NOT CONSOLIDATED,Y,YES - SERVICE WHERE PBA IS USED.,N,NO,Z,NOT APPLICABLE,N,NO,X,NOT APPLICABLE,f,f,f,f,f,f,f,f,f,f,f,f,t,f,t,f,f,f,f,SMALL BUSINESS,S,f,f,f,f,f,f,f,f,f,f,f,f,f,f,f,f,f,OTHER,f,f,f,f,f,f,f,f,f,f,f,f,f,f,f,f,f,t,f,f,f,f,f,f,f,t,f,f,t,f,f,f,f,f,f,f,f,f,f,f,f,f,f,f,f,t,f,t,f,f,DANIEL  RA,253519.00,LOGAN  BREWER,229740.00,SUE  MATTIS,225829.00,JOSEPH  BLASKO,211337.00,JON  WHITE,202755.00,https://www.usaspending.gov/award/CONT_AWD_HC102819C0017_9700_-NONE-_-NONE-/,2021-12-07 18:26:41+00
CONT_AWD_HDEC0419C0005_9700_-NONE-_-NONE-,HDEC0419C0005,,,,,,,,,47503.00,,47503.00,47503.00,2018-12-20,2019,2021-11-24,2022,2018-12-20,2021-11-30,2021-11-30 00:00:00,,,097,Department of Defense,97AZ,Defense Commissary Agency,HDEC04,DEFENSE COMMISSARY AGENCY,097,Department of Defense,97AZ,Defense Commissary Agency,HDEC04,DEFENSE COMMISSARY AGENCY,,,,,X,NOT APPLICABLE,,,RUFLNTKK7TB4,,"INTERSERV MAINTENANCE MANAGEMENT SOLUTIONS, INC.","INTERSERV MAINTENANCE MANAGEMENT SOLUTIONS, INC.",,39ZN5,RUFLNTKK7TB4,,"INTERSERV MAINTENANCE MANAGEMENT SOLUTIONS, INC.",INTERSERV MAINTENANCE MANAGEMENT SOLUTIONS  INC.,USA,UNITED STATES,1305 BARNARD ST,,SAVANNAH,13051,CHATHAM,13,GA,GEORGIA,314016746,GA-01,GA-01,9122364838,9122363266,USA,UNITED STATES,SAVANNAH,13051,CHATHAM,13,GA,GEORGIA,314016746,GA-01,GA-01,AWARD,D,DEFINITIVE CONTRACT,,,,,,,J,FIRM FIXED PRICE,MAINTENANCE AND REPAIR OF MISCELLANEOUS FOOD EQUIPMENT,HDEC0418R0066,1,CT,CRITICAL FUNCTIONS,J073,MAINT/REPAIR/REBUILD OF EQUIPMENT- FOOD PREPARATION AND SERVING EQUIPMENT,H,NOT BUNDLED,S1,SERVICES,811310,COMMERCIAL AND INDUSTRIAL MACHINERY AND EQUIPMENT (EXCEPT AUTOMOTIVE AND ELECTRONIC) REPAIR AND MAINTENANCE,C,NO CLAUSES INCLUDED AND NO SUSTAINABILITY INCLUDED,A,U.S. OWNED BUSINESS,000,NONE,Z,NOT IT PRODUCTS OR SERVICES,E,NOT REQUIRED,USA,UNITED STATES,C,NOT A MANUFACTURED END PRODUCT,B,PLAN NOT REQUIRED,F,COMPETED UNDER SAP,SP1,SIMPLIFIED ACQUISITION,SBA,SMALL BUSINESS SET ASIDE - TOTAL,NONE,NO PREFERENCE USED,,,,,,,3,A,COMMERCIAL ITEM,f,N,NO,N,NO,Y,YES,N,NO,0.00,N,NO,N,NO,Y,YES,N,NO,X,NOT APPLICABLE,,,,,,,,NONE,NONE,N,NO,N,NO - CAS WAIVER APPROVED,N,TRANSACTION DOES NOT USE GFE/GFP,U,UNKNOWN,D,NOT CONSOLIDATED,Y,YES - SERVICE WHERE PBA IS USED.,N,NO,Z,NOT APPLICABLE,N,NO,X,NOT APPLICABLE,f,f,f,f,f,f,f,f,f,f,f,f,t,f,f,t,f,f,f,SMALL BUSINESS,S,f,f,f,f,f,f,f,f,f,f,f,f,f,f,f,f,f,OTHER,f,f,f,f,f,f,f,f,f,f,f,f,f,f,f,f,f,t,f,f,f,f,f,f,f,t,f,f,t,f,f,f,f,f,f,f,f,f,f,f,f,f,f,f,f,t,f,f,f,f,,,,,,,,,,,https://www.usaspending.gov/award/CONT_AWD_HDEC0419C0005_9700_-NONE-_-NONE-/,2025-04-22 16:50:17+00
CONT_AWD_HDTRA117C0011_9700_-NONE-_-NONE-,HDTRA117C0011,,,,Q: Not Designated Nonemergency/Emergency/Disaster/Wildfire Suppression,,,,,10248538.40,0.00,10373294.17,10373294.17,2016-12-21,2017,2021-11-30,2022,2017-01-01,2020-09-30,2020-09-30 00:00:00,,,097,Department of Defense,9761,Defense Threat Reduction Agency,HDTRA1,DEFENSE THREAT REDUCTION AGENCY,097,Department of Defense,9761,Defense Threat Reduction Agency,HDTRA1,DEFENSE THREAT REDUCTION AGENCY,097-2017/2018-0400-000;097-2018/2019-0400-000;097-2019/2020-0400-000;097-2020/2021-0400-000,097-0400,25.5: Research and development contracts,0001: BASIC RESEARCH,X,NOT APPLICABLE,,,LJW4TFNLCDD1,,MEMED DIAGNOSTICS LTD,MEMED DIAGNOSTICS LTD,,3503A,VFXBUHSEDCU5,,MEMED DIAGNOSTICS LTD,MEMED DIAGNOSTICS LTD,ISR,ISRAEL,5 NACHUM HET,,TIRAT CARMEL,,,,,,,,,,,ISR,ISRAEL,,,,,,,,,,AWARD,D,DEFINITIVE CONTRACT,,,,,,,U,COST PLUS FIXED FEE,IGF::OT::IGF  BASE PERIOD,,1,OT,OTHER FUNCTIONS,AD93,R&D- DEFENSE OTHER: OTHER (ADVANCED DEVELOPMENT),D,NOT A BUNDLED REQUIREMENT,C9E,ALL OTHERS NOT IDENTIFIABLE TO ANY OTHER PROCUREMENT PROGRAM,541711,RESEARCH AND DEVELOPMENT IN BIOTECHNOLOGY,C,NO CLAUSES INCLUDED AND NO SUSTAINABILITY INCLUDED,D,FOREIGN-OWNED BUSINESS NOT INCORPORATED IN THE U.S.,000,NONE,Z,NOT IT PRODUCTS OR SERVICES,E,NOT REQUIRED,ISR,ISRAEL,C,NOT A MANUFACTURED END PRODUCT,B,PLAN NOT REQUIRED,A,FULL AND OPEN COMPETITION,BR,BASIC RESEARCH,NONE,NO SET ASIDE USED.,NONE,NO PREFERENCE USED,,,,,,,55,D,COMMERCIAL ITEM PROCEDURES NOT USED,f,N,NO,N,NO,X,NOT APPLICABLE,N,NO,0.00,N,NO,X,NOT APPLICABLE,X,NOT APPLICABLE,X,NOT APPLICABLE,X,NOT APPLICABLE,,,,,,,,NONE,NONE,Y,YES,X,NOT APPLICABLE EXEMPT FROM CAS,N,TRANSACTION DOES NOT USE GFE/GFP,U,UNKNOWN,N,NO,Y,YES - SERVICE WHERE PBA IS USED.,N,NO,Z,NOT APPLICABLE,N,NO,X,NOT APPLICABLE,f,f,f,f,f,f,f,f,f,f,f,f,f,f,f,f,f,f,f,OTHER THAN SMALL BUSINESS,O,f,f,f,f,f,f,f,f,f,f,f,f,f,f,f,f,f,INTERNATIONAL ORG,f,f,f,f,f,t,f,f,f,f,f,f,f,f,f,f,f,t,f,f,f,f,f,f,f,f,f,t,t,f,f,f,f,f,f,f,f,f,f,f,f,f,f,f,f,f,f,f,f,f,,,,,,,,,,,https://www.usaspending.gov/award/CONT_AWD_HDTRA117C0011_9700_-NONE-_-NONE-/,2025-04-22 16:50:17+00
CONT_AWD_HDTRA117C0078_9700_-NONE-_-NONE-,HDTRA117C0078,,,,Q: Not Designated Nonemergency/Emergency/Disaster/Wildfire Suppression,,,,,1802654.40,0.00,1802654.40,2467821.60,2017-09-11,2017,2021-11-29,2022,2017-09-13,2022-12-11,2022-12-11 00:00:00,,,097,Department of Defense,9761,Defense Threat Reduction Agency,HDTRA1,DEFENSE THREAT REDUCTION AGENCY,097,Department of Defense,9761,Defense Threat Reduction Agency,HDTRA1,DEFENSE THREAT REDUCTION AGENCY,097-2019/2019-0100-000;097-2020/2020-0100-000;097-2021/2021-0100-000,097-0100,25.1: Advisory and assistance services,0003: TRAINING AND RECRUITING,X,NOT APPLICABLE,,,CMVLQH8CKYQ5,964419266,"FEDWRITERS, INC.",COGENTA CORPORATION,,65RV7,CMVLQH8CKYQ5,964419266,"FEDWRITERS, INC.",COGENTA CORPORATION,USA,UNITED STATES,4031 UNIVERSITY DRIVE SUITE 100,,FAIRFAX,51600,FAIRFAX (CITY),51,VA,VIRGINIA,220303400,VA-11,VA-11,2022710312,7032777730,USA,UNITED STATES,FAIRFAX,51600,FAIRFAX CITY,51,VA,VIRGINIA,220303400,VA-11,VA-11,AWARD,D,DEFINITIVE CONTRACT,,,,,,,J,FIRM FIXED PRICE,SENIOR TECHNICAL WRITER SUPPORT  IGF::OT::IGF,,1,OT,OTHER FUNCTIONS,R406,SUPPORT- PROFESSIONAL: POLICY REVIEW/DEVELOPMENT,H,NOT BUNDLED,S1,SERVICES,541990,"ALL OTHER PROFESSIONAL, SCIENTIFIC, AND TECHNICAL SERVICES",C,NO CLAUSES INCLUDED AND NO SUSTAINABILITY INCLUDED,A,U.S. OWNED BUSINESS,000,NONE,Z,NOT IT PRODUCTS OR SERVICES,E,NOT REQUIRED,USA,UNITED STATES,C,NOT A MANUFACTURED END PRODUCT,B,PLAN NOT REQUIRED,B,NOT AVAILABLE FOR COMPETITION,SSS,ONLY ONE SOURCE,8AN,8(A) SOLE SOURCE,NONE,NO PREFERENCE USED,,,,,OTH,AUTHORIZED BY STATUTE (FAR 6.302-5(A)(2)(I)),1,A,COMMERCIAL ITEM,f,N,NO,N,NO,N,NO,N,NO,0.00,N,NO,X,NOT APPLICABLE,X,NOT APPLICABLE,X,NOT APPLICABLE,X,NOT APPLICABLE,,,,,,,,NONE,NONE,N,NO,X,NOT APPLICABLE EXEMPT FROM CAS,N,TRANSACTION DOES NOT USE GFE/GFP,U,UNKNOWN,D,NOT CONSOLIDATED,Y,YES - SERVICE WHERE PBA IS USED.,N,NO,Z,NOT APPLICABLE,N,NO,X,NOT APPLICABLE,f,f,f,f,f,f,f,f,f,f,f,f,t,f,t,f,f,f,f,SMALL BUSINESS,S,f,f,f,f,f,f,f,f,f,f,f,f,f,f,f,f,f,CORPORATE NOT TAX EXEMPT,t,f,f,f,f,f,f,f,f,f,f,f,f,f,f,f,f,t,f,f,f,f,f,f,f,t,f,f,t,f,f,f,f,f,f,f,f,f,f,f,f,f,f,f,f,t,f,t,f,f,,,,,,,,,,,https://www.usaspending.gov/award/CONT_AWD_HDTRA117C0078_9700_-NONE-_-NONE-/,2021-11-29 13:39:25+00
CONT_AWD_HDTRA117C0081_9700_-NONE-_-NONE-,HDTRA117C0081,,,,Q: Not Designated Nonemergency/Emergency/Disaster/Wildfire Suppression,,,,,2425423.53,0.00,2934908.40,3865957.84,2017-09-28,2017,2021-11-30,2022,2017-09-28,2019-09-28,2020-09-28 00:00:00,,,097,Department of Defense,9761,Defense Threat Reduction Agency,HDTRA1,DEFENSE THREAT REDUCTION AGENCY,097,Department of Defense,9761,Defense Threat Reduction Agency,HDTRA1,DEFENSE THREAT REDUCTION AGENCY,097-2017/2017-0100-000;097-2018/2018-0100-000,097-0100,25.1: Advisory and assistance services,0003: TRAINING AND RECRUITING,X,NOT APPLICABLE,,,XPA8X2BWTD49,,IBEX IT BUSINESS EXPERTS LLC,IBEX IT BUSINESS EXPERTS LLC,,6DRY3,XPA8X2BWTD49,,IBEX IT BUSINESS EXPERTS LLC,IBEX IT BUSINESS EXPERTS LLC,USA,UNITED STATES,3295 RIVER EXCHANGE DR STE 212,,NORCROSS,13121,FULTON,13,GA,GEORGIA,300924204,GA-06,GA-07,6787527542,,USA,UNITED STATES,PEACHTREE CORNERS,13121,FULTON,13,GA,GEORGIA,300924204,GA-07,GA-07,AWARD,D,DEFINITIVE CONTRACT,,,,,,,J,FIRM FIXED PRICE,BUSINESS ANALYTICAL AND ADVISORY SUPPORT. IGF::OT::IGF,HDTRA117R0082,1,OT,OTHER FUNCTIONS,R699,SUPPORT- ADMINISTRATIVE: OTHER,H,NOT BUNDLED,S1,SERVICES,541611,ADMINISTRATIVE MANAGEMENT AND GENERAL MANAGEMENT CONSULTING SERVICES,C,NO CLAUSES INCLUDED AND NO SUSTAINABILITY INCLUDED,A,U.S. OWNED BUSINESS,000,NONE,Z,NOT IT PRODUCTS OR SERVICES,E,NOT REQUIRED,USA,UNITED STATES,C,NOT A MANUFACTURED END PRODUCT,B,PLAN NOT REQUIRED,G,NOT COMPETED UNDER SAP,SP1,SIMPLIFIED ACQUISITION,8AN,8(A) SOLE SOURCE,NONE,NO PREFERENCE USED,,,,,OTH,AUTHORIZED BY STATUTE (FAR 6.302-5(A)(2)(I)),1,A,COMMERCIAL ITEM,f,N,NO,N,NO,X,NOT APPLICABLE,N,NO,0.00,N,NO,X,NOT APPLICABLE,N,NO,X,NOT APPLICABLE,X,NOT APPLICABLE,,,,,,,,NONE,NONE,N,NO,X,NOT APPLICABLE EXEMPT FROM CAS,N,TRANSACTION DOES NOT USE GFE/GFP,N,NO,D,NOT CONSOLIDATED,Y,YES - SERVICE WHERE PBA IS USED.,N,NO,Z,NOT APPLICABLE,N,NO,X,NOT APPLICABLE,f,f,f,f,f,f,f,t,t,t,f,f,t,f,f,t,f,f,f,SMALL BUSINESS,S,f,f,f,f,f,f,f,f,f,f,f,f,f,f,f,f,f,CORPORATE NOT TAX EXEMPT,t,f,f,f,f,f,f,f,f,f,f,f,f,f,f,f,f,t,f,f,f,f,f,f,f,f,t,f,t,f,f,f,f,f,f,f,f,f,f,f,f,f,f,f,t,t,f,t,f,f,,,,,,,,,,,https://www.usaspending.gov/award/CONT_AWD_HDTRA117C0081_9700_-NONE-_-NONE-/,2025-04-22 16:50:17+00
CONT_AWD_HQ003412C0023_9700_-NONE-_-NONE-,HQ003412C0023,,,,Q: Not Designated Nonemergency/Emergency/Disaster/Wildfire Suppression,,,,,6757135.32,0.00,6757135.32,6757135.32,2012-03-02,2012,2021-11-29,2022,2012-04-19,2017-04-18,2017-04-18 00:00:00,,,097,Department of Defense,97F5,Washington Headquarters Services,HQ0034,WASHINGTON HEADQUARTERS SERVICES,097,Department of Defense,97F5,Washington Headquarters Services,HQ0067,OFFICE OF NET ASSESSMENT,097-2022/2022-0100-000,097-0100,25.1: Advisory and assistance services,0003: TRAINING AND RECRUITING,X,NOT APPLICABLE,,,MDSWM6MB1BH7,054781240,"LEIDOS, INC.","LEIDOS, INC.",LEIDOS,52302,ZL41ERXMPAR3,611641312,"LEIDOS HOLDINGS, INC.",SAIC  INC.,USA,UNITED STATES,11951 FREEDOM DR,,RESTON,51059,FAIRFAX,51,VA,VIRGINIA,201905640,VA-11,VA-11,5715267028,5715267976,USA,UNITED STATES,MCLEAN,51059,FAIRFAX,51,VA,VIRGINIA,221023701,VA-11,VA-11,AWARD,D,DEFINITIVE CONTRACT,,,,,,,U,COST PLUS FIXED FEE,DIRECT COSTS AND FIXED FEE,HQ003412R0035,1,OT,OTHER FUNCTIONS,R499,SUPPORT- PROFESSIONAL: OTHER,D,NOT A BUNDLED REQUIREMENT,S1,SERVICES,541690,OTHER SCIENTIFIC AND TECHNICAL CONSULTING SERVICES,C,NO CLAUSES INCLUDED AND NO SUSTAINABILITY INCLUDED,A,U.S. OWNED BUSINESS,000,NONE,Z,NOT IT PRODUCTS OR SERVICES,E,NOT REQUIRED,USA,UNITED STATES,C,NOT A MANUFACTURED END PRODUCT,B,PLAN NOT REQUIRED,C,NOT COMPETED,SSS,ONLY ONE SOURCE,NONE,NO SET ASIDE USED.,NONE,NO PREFERENCE USED,,,,,NS,NATIONAL SECURITY (FAR 6.302-6),1,D,COMMERCIAL ITEM PROCEDURES NOT USED,f,N,NO,N,NO,N,NO,N,NO,0.00,N,NO,X,NOT APPLICABLE,N,NO,X,NOT APPLICABLE,X,NOT APPLICABLE,,,,,,,,NONE,NONE,Y,YES,Y,YES - CAS CLAUSE INCLUDED,N,TRANSACTION DOES NOT USE GFE/GFP,U,UNKNOWN,N,NO,Y,YES - SERVICE WHERE PBA IS USED.,N,NO,Z,NOT APPLICABLE,N,NO,X,NOT APPLICABLE,f,f,f,f,f,f,f,f,f,f,f,f,f,f,f,f,f,f,f,OTHER THAN SMALL BUSINESS,O,f,f,f,f,f,f,f,f,f,f,f,f,f,f,f,f,f,CORPORATE NOT TAX EXEMPT,t,f,f,f,f,f,f,f,f,f,f,f,f,f,f,f,f,t,f,f,f,f,f,f,f,f,f,f,t,f,f,f,f,f,f,f,f,f,f,f,f,f,f,f,f,f,f,f,f,f,,,,,,,,,,,https://www.usaspending.gov/award/CONT_AWD_HQ003412C0023_9700_-NONE-_-NONE-/,2021-11-29 12:43:20+00
CONT_AWD_HQ003415C0012_9700_-NONE-_-NONE-,HQ003415C0012,,,,,,,,,10073782.08,0.00,10193976.63,10193976.63,2015-01-08,2015,2021-11-24,2022,2015-01-08,2020-07-19,2020-07-19 00:00:00,,,097,Department of Defense,97F5,Washington Headquarters Services,HQ0034,WASHINGTON HEADQUARTERS SERVICES,097,Department of Defense,97F5,Washington Headquarters Services,HQ0016,WHS/FSD/OPS/FFD/RESOURCE,097-2019/2019-0100-000;097-2020/2020-0100-000,097-0100,25.1: Advisory and assistance services,,X,NOT APPLICABLE,,,P59VUPXG1U99,800579554,"ALEX-ALTERNATIVE EXPERTS, LLC","ALEX - ALTERNATIVE EXPERTS, LLC",,0LAR5,P59VUPXG1U99,800579554,"ALEX-ALTERNATIVE EXPERTS, LLC",ALEX - ALTERNATIVE EXPERTS  LLC,USA,UNITED STATES,4443 BROOKFIELD CORPORATE DR STE 110,,CHANTILLY,51059,FAIRFAX,51,VA,VIRGINIA,201514023,VA-05,VA-11,7035029700,7035029705,USA,UNITED STATES,WASHINGTON,11001,DISTRICT OF COLUMBIA,11,DC,DISTRICT OF COLUMBIA,203011155,DC-98,DC-98,AWARD,D,DEFINITIVE CONTRACT,,,,,,,J,FIRM FIXED PRICE,IGF::OT::IGF  FACILITIES CONFIGURATION MANAGEMENT PROGRAM REQUIREMENT.,HQ003414R0163,1,CT,CRITICAL FUNCTIONS,D301,IT AND TELECOM- FACILITY OPERATION AND MAINTENANCE,D,NOT A BUNDLED REQUIREMENT,S1,SERVICES,541513,COMPUTER FACILITIES MANAGEMENT SERVICES,C,NO CLAUSES INCLUDED AND NO SUSTAINABILITY INCLUDED,A,U.S. OWNED BUSINESS,000,NONE,E,COMMERCIAL SERVICE,A,MEETS REQUIREMENTS,USA,UNITED STATES,C,NOT A MANUFACTURED END PRODUCT,B,PLAN NOT REQUIRED,D,FULL AND OPEN COMPETITION AFTER EXCLUSION OF SOURCES,NP,NEGOTIATED PROPOSAL/QUOTE,8A,8A COMPETED,NONE,NO PREFERENCE USED,,,,,,,3,A,COMMERCIAL ITEM,f,N,NO,N,NO,Y,YES,N,NO,0.00,N,NO,X,NOT APPLICABLE,Y,YES,X,NOT APPLICABLE,X,NOT APPLICABLE,,,,,,,,NONE,NONE,N,NO,X,NOT APPLICABLE EXEMPT FROM CAS,N,TRANSACTION DOES NOT USE GFE/GFP,U,UNKNOWN,N,NO,Y,YES - SERVICE WHERE PBA IS USED.,N,NO,Z,NOT APPLICABLE,N,NO,X,NOT APPLICABLE,f,f,f,f,f,f,f,t,t,t,f,f,t,f,f,f,t,f,f,SMALL BUSINESS,S,f,f,f,f,f,f,f,f,f,f,f,f,f,f,f,f,f,OTHER,f,f,f,f,f,f,f,f,f,f,f,f,f,f,f,f,f,t,f,f,f,f,f,f,f,f,t,f,t,f,f,f,f,f,f,f,f,f,f,f,f,f,f,f,f,t,f,t,f,f,,,,,,,,,,,https://www.usaspending.gov/award/CONT_AWD_HQ003415C0012_9700_-NONE-_-NONE-/,2021-12-07 18:26:41+00
CONT_AWD_HQ003415C0084_9700_-NONE-_-NONE-,HQ003415C0084,,,,Q: Not Designated Nonemergency/Emergency/Disaster/Wildfire Suppression,,,,,19223270.66,1279238.72,19223270.66,19223270.66,2015-08-28,2015,2021-11-24,2022,2015-08-28,2020-09-24,2020-09-24 00:00:00,,,097,Department of Defense,97F5,Washington Headquarters Services,HQ0034,WASHINGTON HEADQUARTERS SERVICES,097,Department of Defense,97AD,Immediate Office of the Secretary of Defense,HQ0002,OFFICE OF THE SECRETARY OF DEFENSE,097-2017/2017-0100-000;097-2018/2018-0100-000;097-2020/2020-0100-000,097-0100,25.2: Other services from non-Federal sources;25.7: Operation and maintenance of equipment,OPTN: FIELD IS OPTIONAL PRIOR TO FY21,X,NOT APPLICABLE,,,SG42D5YAM9G4,,IKUN LLC,IKUN LLC,,4UYY6,KW9NCQ8W64S4,,NANA REGIONAL CORPORATION INC,AKIMA  LLC,USA,UNITED STATES,13873 PARK CENTER RD STE 400N,,HERNDON,51059,FAIRFAX,51,VA,VIRGINIA,201713271,VA-11,VA-11,7037666782,,USA,UNITED STATES,WASHINGTON,11001,DISTRICT OF COLUMBIA,11,DC,DISTRICT OF COLUMBIA,203011155,DC-98,DC-98,AWARD,D,DEFINITIVE CONTRACT,,,,,,,J,FIRM FIXED PRICE,IGF::OT::IGF INTEGRATED LOGISTICS AND ASSET MGT,HQ003415R0148,1,OT,OTHER FUNCTIONS,R706,SUPPORT- MANAGEMENT: LOGISTICS SUPPORT,D,NOT A BUNDLED REQUIREMENT,S1,SERVICES,541513,COMPUTER FACILITIES MANAGEMENT SERVICES,C,NO CLAUSES INCLUDED AND NO SUSTAINABILITY INCLUDED,A,U.S. OWNED BUSINESS,000,NONE,Z,NOT IT PRODUCTS OR SERVICES,E,NOT REQUIRED,USA,UNITED STATES,C,NOT A MANUFACTURED END PRODUCT,B,PLAN NOT REQUIRED,B,NOT AVAILABLE FOR COMPETITION,SSS,ONLY ONE SOURCE,8AN,8(A) SOLE SOURCE,NONE,NO PREFERENCE USED,,,,,OTH,AUTHORIZED BY STATUTE (FAR 6.302-5(A)(2)(I)),1,A,COMMERCIAL ITEM,f,N,NO,N,NO,N,NO,N,NO,0.00,N,NO,N,NO,Y,YES,N,NO,X,NOT APPLICABLE,,,,,,,,NONE,NONE,N,NO,X,NOT APPLICABLE EXEMPT FROM CAS,N,TRANSACTION DOES NOT USE GFE/GFP,U,UNKNOWN,N,NO,Y,YES - SERVICE WHERE PBA IS USED.,N,NO,Z,NOT APPLICABLE,N,NO,X,NOT APPLICABLE,t,f,f,f,f,f,f,f,f,f,f,f,f,f,f,f,f,t,f,SMALL BUSINESS,S,f,f,f,f,f,f,f,f,f,f,f,f,f,f,f,f,f,CORPORATE NOT TAX EXEMPT,t,f,f,f,f,f,f,f,f,f,f,f,f,f,f,f,f,t,f,f,f,f,f,f,f,f,t,f,t,f,f,f,f,f,f,f,f,f,f,f,f,f,f,f,f,t,f,t,f,f,,,,,,,,,,,https://www.usaspending.gov/award/CONT_AWD_HQ003415C0084_9700_-NONE-_-NONE-/,2022-04-02 14:48:34+00
CONT_AWD_HQ003419C0069_9700_-NONE-_-NONE-,HQ003419C0069,,,,,,,,,306092.01,0.00,306092.01,306092.01,2019-05-02,2019,2021-11-24,2022,2019-05-02,2020-09-27,2020-09-27 00:00:00,,,097,Department of Defense,97F5,Washington Headquarters Services,HQ0034,WASHINGTON HEADQUARTERS SERVICES,097,Department of Defense,97AT,Defense Security Cooperation Agency,HQ0013,DEFENSE SECURITY COOPERATION AGENCY,097-2017/2018-0100-000,097-0100,31.0: Equipment,,X,NOT APPLICABLE,,,Z1LGCNGU28Q6,,TALU LLC,"TALU, LLC",,70U35,KW9NCQ8W64S4,,NANA REGIONAL CORPORATION INC,AKIMA  LLC,USA,UNITED STATES,"13873 PARK CENTER ROAD, SUITE 400N-250",,HERNDON,51059,FAIRFAX,51,VA,VIRGINIA,201713223,VA-11,VA-11,5713235711,5713235201,USA,UNITED STATES,WASHINGTON,11001,DISTRICT OF COLUMBIA,11,DC,DISTRICT OF COLUMBIA,203011155,DC-98,DC-98,AWARD,D,DEFINITIVE CONTRACT,,,,,,,J,FIRM FIXED PRICE,SUPPLIES/SERVICES,HQ001318Q0047,1,OT,OTHER FUNCTIONS,7110,OFFICE FURNITURE,H,NOT BUNDLED,S1,SERVICES,337215,"SHOWCASE, PARTITION, SHELVING, AND LOCKER MANUFACTURING",C,NO CLAUSES INCLUDED AND NO SUSTAINABILITY INCLUDED,A,U.S. OWNED BUSINESS,000,NONE,Z,NOT IT PRODUCTS OR SERVICES,E,NOT REQUIRED,USA,UNITED STATES,D,MFG IN U.S.,B,PLAN NOT REQUIRED,F,COMPETED UNDER SAP,SP1,SIMPLIFIED ACQUISITION,SBA,SMALL BUSINESS SET ASIDE - TOTAL,NONE,NO PREFERENCE USED,,,,,,,1,D,COMMERCIAL ITEM PROCEDURES NOT USED,f,N,NO,N,NO,X,NOT APPLICABLE,N,NO,0.00,N,NO,N,NO,N,NO,N,NO,X,NOT APPLICABLE,,,,,,,,NONE,NONE,N,NO,X,NOT APPLICABLE EXEMPT FROM CAS,N,TRANSACTION DOES NOT USE GFE/GFP,U,UNKNOWN,D,NOT CONSOLIDATED,X,NOT APPLICABLE,N,NO,Z,NOT APPLICABLE,N,NO,X,NOT APPLICABLE,t,f,f,f,f,f,f,f,f,f,f,f,t,f,f,f,f,t,f,SMALL BUSINESS,S,f,f,f,f,f,f,f,f,f,f,f,f,f,f,f,f,f,CORPORATE NOT TAX EXEMPT,t,f,f,f,f,f,f,f,f,f,f,f,f,f,f,f,f,t,f,f,f,f,f,f,f,f,t,f,t,f,f,f,f,f,f,f,f,f,f,f,f,f,f,f,f,t,f,t,f,f,"MURAD J SBITAN,",208068.00,SCOTT C MACKIE,378125.00,MUNYARADZI  MAKANDA,117644.00,,,,,https://www.usaspending.gov/award/CONT_AWD_HQ003419C0069_9700_-NONE-_-NONE-/,2024-02-09 15:26:35+00
CONT_AWD_HQ086020C7400_9700_-NONE-_-NONE-,HQ086020C7400,,,,Q: Not Designated Nonemergency/Emergency/Disaster/Wildfire Suppression,,,,,3995169.00,0.00,3995169.00,3995169.00,2020-07-08,2020,2021-11-24,2022,2020-07-09,2023-09-28,2023-09-28 00:00:00,,2020-04-16,097,Department of Defense,97JC,Missile Defense Agency,HQ0860,MISSILE DEFENSE AGENCY (MDA),097,Department of Defense,97JC,Missile Defense Agency,HQ0147,MISSILE DEFENSE AGENCY (MDA),097-2019/2020-0400-000;097-2021/2022-0400-000,097-0400,25.5: Research and development contracts,0001: BASIC RESEARCH;OPTN: FIELD IS OPTIONAL PRIOR TO FY21,X,NOT APPLICABLE,,,YAPUZLNJ1856,187594788,"NOKOMIS, INC","NOKOMIS, INC",,3YQJ9,YAPUZLNJ1856,187594788,"NOKOMIS, INC",NOKOMIS  INC,USA,UNITED STATES,310 5TH ST,,CHARLEROI,42125,WASHINGTON,42,PA,PENNSYLVANIA,150221517,PA-09,PA-14,7244833946,7244833968,USA,UNITED STATES,CHARLEROI,42125,WASHINGTON,42,PA,PENNSYLVANIA,150221517,PA-14,PA-14,AWARD,D,DEFINITIVE CONTRACT,,,,,,,U,COST PLUS FIXED FEE,SBIR/STTR PHASE II R&D:  AN EMBEDDED HEALTH MONITORING SYSTEM FOR DETERMINING READINESS OF ELECTRONICS COMPONENTS,,1,OT,OTHER FUNCTIONS,AC22,NATIONAL DEFENSE R&D SERVICES; ATOMIC ENERGY DEFENSE ACTIVITIES; APPLIED RESEARCH,H,NOT BUNDLED,A2,MISSILE AND SPACE SYSTEMS,541715,"RESEARCH AND DEVELOPMENT IN THE PHYSICAL, ENGINEERING, AND LIFE SCIENCES (EXCEPT NANOTECHNOLOGY AND BIOTECHNOLOGY)",C,NO CLAUSES INCLUDED AND NO SUSTAINABILITY INCLUDED,A,U.S. OWNED BUSINESS,CAA,MDA SUPPORT,Z,NOT IT PRODUCTS OR SERVICES,E,NOT REQUIRED,USA,UNITED STATES,C,NOT A MANUFACTURED END PRODUCT,B,PLAN NOT REQUIRED,D,FULL AND OPEN COMPETITION AFTER EXCLUSION OF SOURCES,NP,NEGOTIATED PROPOSAL/QUOTE,SBA,SMALL BUSINESS SET ASIDE - TOTAL,NONE,NO PREFERENCE USED,SR2,SMALL BUSINESS INNOVATION RESEARCH PROGRAM PHASE II ACTION,,,,,1,D,COMMERCIAL ITEM PROCEDURES NOT USED,f,N,NO,N,NO,X,NOT APPLICABLE,N,NO,0.00,N,NO,X,NOT APPLICABLE,X,NOT APPLICABLE,X,NOT APPLICABLE,X,NOT APPLICABLE,,,,,,,,NONE,NONE,N,NO,X,NOT APPLICABLE EXEMPT FROM CAS,N,TRANSACTION DOES NOT USE GFE/GFP,N,NO,D,NOT CONSOLIDATED,N,NO - SERVICE WHERE PBA IS NOT USED.,N,NO,Z,NOT APPLICABLE,N,NO,X,NOT APPLICABLE,f,f,f,f,f,f,f,f,f,f,f,f,f,f,f,f,f,f,f,SMALL BUSINESS,S,f,f,f,f,f,f,f,f,f,f,f,f,f,f,f,f,f,CORPORATE NOT TAX EXEMPT,t,f,f,f,f,f,f,f,f,f,f,f,f,f,f,f,f,t,f,f,f,f,f,f,f,f,f,f,t,f,f,f,f,f,f,f,f,f,f,f,f,f,f,f,f,f,f,f,f,f,,,,,,,,,,,https://www.usaspending.gov/award/CONT_AWD_HQ086020C7400_9700_-NONE-_-NONE-/,2021-12-07 18:26:41+00
CONT_AWD_HQ086022C7001_9700_-NONE-_-NONE-,HQ086022C7001,,,,Q: Not Designated Nonemergency/Emergency/Disaster/Wildfire Suppression,,,,,149989.00,0.00,149989.00,149989.00,2021-11-30,2022,2021-11-30,2022,2021-11-30,2022-09-09,2022-09-09 00:00:00,,,097,Department of Defense,97JC,Missile Defense Agency,HQ0860,MISSILE DEFENSE AGENCY (MDA),097,Department of Defense,97JC,Missile Defense Agency,HQ0860,MISSILE DEFENSE AGENCY (MDA),097-2021/2022-0400-000,097-0400,25.5: Research and development contracts,0001: BASIC RESEARCH,X,NOT APPLICABLE,,,JDMKJN2L1G17,079421944,"THERMAL EXPANSION SOLUTIONS, INC","THERMAL EXPANSION SOLUTIONS, INC.",,759L5,JDMKJN2L1G17,079421944,"THERMAL EXPANSION SOLUTIONS, INC",THERMAL EXPANSION SOLUTIONS  LLC,USA,UNITED STATES,501 GRAHAM RD,,COLLEGE STATION,48041,BRAZOS,48,TX,TEXAS,778459662,TX-17,TX-10,9567893723,,USA,UNITED STATES,COLLEGE STATION,48041,BRAZOS,48,TX,TEXAS,778453534,TX-17,TX-10,AWARD,D,DEFINITIVE CONTRACT,,,,,,,J,FIRM FIXED PRICE,SBIR/STTR PHASE I RESEARCH & DEVELOPMENT,,1,OT,OTHER FUNCTIONS,AC23,NATIONAL DEFENSE R&D SERVICES; ATOMIC ENERGY DEFENSE ACTIVITIES; EXPERIMENTAL DEVELOPMENT,H,NOT BUNDLED,A2,MISSILE AND SPACE SYSTEMS,541715,"RESEARCH AND DEVELOPMENT IN THE PHYSICAL, ENGINEERING, AND LIFE SCIENCES (EXCEPT NANOTECHNOLOGY AND BIOTECHNOLOGY)",C,NO CLAUSES INCLUDED AND NO SUSTAINABILITY INCLUDED,A,U.S. OWNED BUSINESS,CAA,MDA SUPPORT,Z,NOT IT PRODUCTS OR SERVICES,E,NOT REQUIRED,USA,UNITED STATES,C,NOT A MANUFACTURED END PRODUCT,B,PLAN NOT REQUIRED,D,FULL AND OPEN COMPETITION AFTER EXCLUSION OF SOURCES,NP,NEGOTIATED PROPOSAL/QUOTE,SBA,SMALL BUSINESS SET ASIDE - TOTAL,NONE,NO PREFERENCE USED,SR1,SMALL BUSINESS INNOVATION RESEARCH PROGRAM PHASE I ACTION,,,,,329,D,COMMERCIAL ITEM PROCEDURES NOT USED,f,N,NO,N,NO,N,NO,N,NO,0.00,N,NO,N,NO,N,NO,N,NO,X,NOT APPLICABLE,,,,,,,,NONE,NONE,N,NO,X,NOT APPLICABLE EXEMPT FROM CAS,N,TRANSACTION DOES NOT USE GFE/GFP,U,UNKNOWN,D,NOT CONSOLIDATED,N,NO - SERVICE WHERE PBA IS NOT USED.,N,NO,Z,NOT APPLICABLE,N,NO,X,NOT APPLICABLE,f,f,f,f,f,f,f,f,f,f,f,f,f,f,f,f,f,f,f,SMALL BUSINESS,S,f,f,f,f,f,f,f,f,f,f,f,f,f,f,f,f,f,CORPORATE NOT TAX EXEMPT,t,f,f,f,f,f,f,f,f,f,f,f,t,f,f,f,f,t,f,f,f,f,f,f,f,f,f,f,t,f,f,f,f,f,f,f,f,f,f,f,f,f,f,f,f,f,f,f,f,f,,,,,,,,,,,https://www.usaspending.gov/award/CONT_AWD_HQ086022C7001_9700_-NONE-_-NONE-/,2021-11-30 14:09:58+00
CONT_AWD_HQ086022C7003_9700_-NONE-_-NONE-,HQ086022C7003,,,,Q: Not Designated Nonemergency/Emergency/Disaster/Wildfire Suppression,,,,,149487.00,0.00,149487.00,149487.00,2021-11-30,2022,2021-11-30,2022,2021-11-30,2022-08-05,2022-08-05 00:00:00,,,097,Department of Defense,97JC,Missile Defense Agency,HQ0860,MISSILE DEFENSE AGENCY (MDA),097,Department of Defense,97JC,Missile Defense Agency,HQ0860,MISSILE DEFENSE AGENCY (MDA),097-2021/2022-0400-000,097-0400,25.5: Research and development contracts,0001: BASIC RESEARCH,X,NOT APPLICABLE,,,HLLGL89TZEW4,084025188,ROCKY MOUNTAIN INSTRUMENT CO.,ROCKY MOUNTAIN INSTRUMENT CO.,,4R768,HLLGL89TZEW4,084025188,ROCKY MOUNTAIN INSTRUMENT CO.,ROCKY MOUNTAIN INSTRUMENT CO.,USA,UNITED STATES,106 LASER DR,,LAFAYETTE,08013,BOULDER,08,CO,COLORADO,800262930,CO-02,CO-02,3036645000,3036645001,USA,UNITED STATES,LAFAYETTE,08013,BOULDER,08,CO,COLORADO,800262494,CO-02,CO-02,AWARD,D,DEFINITIVE CONTRACT,,,,,,,J,FIRM FIXED PRICE,SBIR/STTR PHASE I RESEARCH & DEVELOPMENT,,1,OT,OTHER FUNCTIONS,AC23,NATIONAL DEFENSE R&D SERVICES; ATOMIC ENERGY DEFENSE ACTIVITIES; EXPERIMENTAL DEVELOPMENT,H,NOT BUNDLED,A2,MISSILE AND SPACE SYSTEMS,541715,"RESEARCH AND DEVELOPMENT IN THE PHYSICAL, ENGINEERING, AND LIFE SCIENCES (EXCEPT NANOTECHNOLOGY AND BIOTECHNOLOGY)",C,NO CLAUSES INCLUDED AND NO SUSTAINABILITY INCLUDED,A,U.S. OWNED BUSINESS,CAA,MDA SUPPORT,Z,NOT IT PRODUCTS OR SERVICES,E,NOT REQUIRED,USA,UNITED STATES,C,NOT A MANUFACTURED END PRODUCT,B,PLAN NOT REQUIRED,D,FULL AND OPEN COMPETITION AFTER EXCLUSION OF SOURCES,NP,NEGOTIATED PROPOSAL/QUOTE,SBA,SMALL BUSINESS SET ASIDE - TOTAL,NONE,NO PREFERENCE USED,SR1,SMALL BUSINESS INNOVATION RESEARCH PROGRAM PHASE I ACTION,,,,,329,D,COMMERCIAL ITEM PROCEDURES NOT USED,f,N,NO,N,NO,N,NO,N,NO,0.00,N,NO,N,NO,N,NO,N,NO,X,NOT APPLICABLE,,,,,,,,NONE,NONE,N,NO,X,NOT APPLICABLE EXEMPT FROM CAS,N,TRANSACTION DOES NOT USE GFE/GFP,U,UNKNOWN,D,NOT CONSOLIDATED,N,NO - SERVICE WHERE PBA IS NOT USED.,N,NO,Z,NOT APPLICABLE,N,NO,X,NOT APPLICABLE,f,f,f,f,f,f,f,f,f,f,f,f,t,f,t,f,f,f,f,SMALL BUSINESS,S,f,f,f,f,f,f,f,f,f,f,f,f,f,f,f,f,f,CORPORATE NOT TAX EXEMPT,t,f,f,f,f,f,f,f,f,f,f,f,t,f,f,f,f,t,f,f,f,f,f,f,f,f,f,f,t,f,f,f,f,f,f,f,f,f,f,f,f,f,f,f,f,f,f,f,f,f,,,,,,,,,,,https://www.usaspending.gov/award/CONT_AWD_HQ086022C7003_9700_-NONE-_-NONE-/,2021-11-30 14:12:49+00
CONT_AWD_HQ086022C7004_9700_-NONE-_-NONE-,HQ086022C7004,,,,Q: Not Designated Nonemergency/Emergency/Disaster/Wildfire Suppression,,,,,149994.00,0.00,149994.00,149994.00,2021-11-30,2022,2021-11-30,2022,2021-11-30,2022-08-05,2022-08-05 00:00:00,,,097,Department of Defense,97JC,Missile Defense Agency,HQ0860,MISSILE DEFENSE AGENCY (MDA),097,Department of Defense,97JC,Missile Defense Agency,HQ0147,MISSILE DEFENSE AGENCY (MDA),097-2021/2022-0400-000,097-0400,25.5: Research and development contracts,0001: BASIC RESEARCH,X,NOT APPLICABLE,,,HMADMY8YKVP5,130550262,"MODUS OPERANDI, INC.","MODUS OPERANDI, INC.",,1BN77,HMADMY8YKVP5,130550262,"MODUS OPERANDI, INC.",MODUS OPERANDI  INC.,USA,UNITED STATES,1333 GATEWAY DR STE 1026,,MELBOURNE,12009,BREVARD,12,FL,FLORIDA,329012648,FL-08,FL-08,3214731407,3214731499,USA,UNITED STATES,MELBOURNE,12009,BREVARD,12,FL,FLORIDA,329011201,FL-08,FL-08,AWARD,D,DEFINITIVE CONTRACT,,,,,,,J,FIRM FIXED PRICE,SBIR/STTR PHASE I RESEARCH & DEVELOPMENT ASSURE (AI FOR SOFTWARE SUBMISSION REQUIREMENTS),,1,OT,OTHER FUNCTIONS,AC23,NATIONAL DEFENSE R&D SERVICES; ATOMIC ENERGY DEFENSE ACTIVITIES; EXPERIMENTAL DEVELOPMENT,H,NOT BUNDLED,A2,MISSILE AND SPACE SYSTEMS,541715,"RESEARCH AND DEVELOPMENT IN THE PHYSICAL, ENGINEERING, AND LIFE SCIENCES (EXCEPT NANOTECHNOLOGY AND BIOTECHNOLOGY)",C,NO CLAUSES INCLUDED AND NO SUSTAINABILITY INCLUDED,A,U.S. OWNED BUSINESS,CAA,MDA SUPPORT,Z,NOT IT PRODUCTS OR SERVICES,E,NOT REQUIRED,USA,UNITED STATES,C,NOT A MANUFACTURED END PRODUCT,B,PLAN NOT REQUIRED,D,FULL AND OPEN COMPETITION AFTER EXCLUSION OF SOURCES,NP,NEGOTIATED PROPOSAL/QUOTE,SBA,SMALL BUSINESS SET ASIDE - TOTAL,NONE,NO PREFERENCE USED,SR1,SMALL BUSINESS INNOVATION RESEARCH PROGRAM PHASE I ACTION,,,,,329,D,COMMERCIAL ITEM PROCEDURES NOT USED,f,N,NO,N,NO,N,NO,N,NO,0.00,N,NO,N,NO,N,NO,N,NO,X,NOT APPLICABLE,,,,,,,,NONE,NONE,N,NO,X,NOT APPLICABLE EXEMPT FROM CAS,N,TRANSACTION DOES NOT USE GFE/GFP,U,UNKNOWN,D,NOT CONSOLIDATED,N,NO - SERVICE WHERE PBA IS NOT USED.,N,NO,Z,NOT APPLICABLE,N,NO,X,NOT APPLICABLE,f,f,f,f,f,f,f,f,f,f,f,f,f,f,f,f,f,f,f,SMALL BUSINESS,S,f,f,f,f,f,f,f,f,f,f,f,f,f,f,f,f,f,CORPORATE NOT TAX EXEMPT,t,f,f,f,f,f,f,f,f,f,f,f,f,f,f,f,f,t,f,f,f,f,f,f,f,f,f,f,t,f,f,f,f,f,f,f,f,f,f,f,f,f,f,f,f,f,f,f,f,f,,,,,,,,,,,https://www.usaspending.gov/award/CONT_AWD_HQ086022C7004_9700_-NONE-_-NONE-/,2021-11-30 15:28:55+00
CONT_AWD_HQ086022C7006_9700_-NONE-_-NONE-,HQ086022C7006,,,,Q: Not Designated Nonemergency/Emergency/Disaster/Wildfire Suppression,,,,,149887.00,0.00,149887.00,149887.00,2021-11-30,2022,2021-11-30,2022,2021-11-30,2022-08-05,2022-08-05 00:00:00,,,097,Department of Defense,97JC,Missile Defense Agency,HQ0860,MISSILE DEFENSE AGENCY (MDA),097,Department of Defense,97JC,Missile Defense Agency,HQ0147,MISSILE DEFENSE AGENCY (MDA),097-2021/2022-0400-000,097-0400,25.5: Research and development contracts,0001: BASIC RESEARCH,X,NOT APPLICABLE,,,L2AGQEHRG756,,NOETIC STRATEGIES INC,"NOETIC STRATEGIES, INC.",,4JQ59,L2AGQEHRG756,,NOETIC STRATEGIES INC,NOETIC STRATEGIES  INC.,USA,UNITED STATES,1300 MERIDIAN ST N STE 3100,,HUNTSVILLE,01089,MADISON,01,AL,ALABAMA,358014682,AL-05,AL-05,2564894921,2564894922,USA,UNITED STATES,HUNTSVILLE,01089,MADISON,01,AL,ALABAMA,358015104,AL-05,AL-05,AWARD,D,DEFINITIVE CONTRACT,,,,,,,J,FIRM FIXED PRICE,SBIR/STTR PHASE I RESEARCH & DEVELOPMENT INTEGRATED DEVELOPMENT ENVIRONMENT ARTIFICIAL LEARNING (IDEAL),,1,OT,OTHER FUNCTIONS,AC23,NATIONAL DEFENSE R&D SERVICES; ATOMIC ENERGY DEFENSE ACTIVITIES; EXPERIMENTAL DEVELOPMENT,H,NOT BUNDLED,A2,MISSILE AND SPACE SYSTEMS,541715,"RESEARCH AND DEVELOPMENT IN THE PHYSICAL, ENGINEERING, AND LIFE SCIENCES (EXCEPT NANOTECHNOLOGY AND BIOTECHNOLOGY)",C,NO CLAUSES INCLUDED AND NO SUSTAINABILITY INCLUDED,A,U.S. OWNED BUSINESS,CAA,MDA SUPPORT,Z,NOT IT PRODUCTS OR SERVICES,E,NOT REQUIRED,USA,UNITED STATES,C,NOT A MANUFACTURED END PRODUCT,B,PLAN NOT REQUIRED,D,FULL AND OPEN COMPETITION AFTER EXCLUSION OF SOURCES,NP,NEGOTIATED PROPOSAL/QUOTE,SBA,SMALL BUSINESS SET ASIDE - TOTAL,NONE,NO PREFERENCE USED,SR1,SMALL BUSINESS INNOVATION RESEARCH PROGRAM PHASE I ACTION,,,,,329,D,COMMERCIAL ITEM PROCEDURES NOT USED,f,N,NO,N,NO,N,NO,N,NO,0.00,N,NO,N,NO,N,NO,N,NO,X,NOT APPLICABLE,,,,,,,,NONE,NONE,N,NO,X,NOT APPLICABLE EXEMPT FROM CAS,N,TRANSACTION DOES NOT USE GFE/GFP,U,UNKNOWN,D,NOT CONSOLIDATED,N,NO - SERVICE WHERE PBA IS NOT USED.,N,NO,Z,NOT APPLICABLE,N,NO,X,NOT APPLICABLE,f,f,f,f,f,f,f,t,t,t,f,f,t,f,f,f,f,t,f,SMALL BUSINESS,S,f,f,f,f,f,f,f,f,f,f,f,f,f,f,f,f,f,CORPORATE NOT TAX EXEMPT,t,f,f,f,f,f,f,f,f,f,f,f,f,f,f,f,f,t,f,f,f,f,f,f,f,t,f,f,t,f,f,f,f,f,f,f,f,f,f,f,f,f,f,f,f,t,f,t,t,f,,,,,,,,,,,https://www.usaspending.gov/award/CONT_AWD_HQ086022C7006_9700_-NONE-_-NONE-/,2024-04-29 15:03:37+00
CONT_AWD_HQ086022C7008_9700_-NONE-_-NONE-,HQ086022C7008,,,,Q: Not Designated Nonemergency/Emergency/Disaster/Wildfire Suppression,,,,,149994.91,0.00,149994.91,149994.91,2021-11-30,2022,2021-11-30,2022,2021-11-30,2022-08-05,2022-08-05 00:00:00,,,097,Department of Defense,97JC,Missile Defense Agency,HQ0860,MISSILE DEFENSE AGENCY (MDA),097,Department of Defense,97JC,Missile Defense Agency,HQ0147,MISSILE DEFENSE AGENCY (MDA),097-2021/2022-0400-000,097-0400,25.5: Research and development contracts,0001: BASIC RESEARCH,X,NOT APPLICABLE,,,HMADMY8YKVP5,,"MODUS OPERANDI, INC.","MODUS OPERANDI, INC.",,1BN77,HMADMY8YKVP5,,"MODUS OPERANDI, INC.",MODUS OPERANDI  INC.,USA,UNITED STATES,1333 GATEWAY DR STE 1026,,MELBOURNE,12009,BREVARD,12,FL,FLORIDA,329012648,FL-08,FL-08,3214731407,3214731499,USA,UNITED STATES,MELBOURNE,12009,BREVARD,12,FL,FLORIDA,329011201,FL-08,FL-08,AWARD,D,DEFINITIVE CONTRACT,,,,,,,J,FIRM FIXED PRICE,SBIR/STTR PHASE I RESEARCH & DEVELOPMENTMAAM (ML AUTOMATED ARCHITECTURAL MODELING),,1,OT,OTHER FUNCTIONS,AC23,NATIONAL DEFENSE R&D SERVICES; ATOMIC ENERGY DEFENSE ACTIVITIES; EXPERIMENTAL DEVELOPMENT,H,NOT BUNDLED,A2,MISSILE AND SPACE SYSTEMS,541715,"RESEARCH AND DEVELOPMENT IN THE PHYSICAL, ENGINEERING, AND LIFE SCIENCES (EXCEPT NANOTECHNOLOGY AND BIOTECHNOLOGY)",C,NO CLAUSES INCLUDED AND NO SUSTAINABILITY INCLUDED,A,U.S. OWNED BUSINESS,CAA,MDA SUPPORT,Z,NOT IT PRODUCTS OR SERVICES,E,NOT REQUIRED,USA,UNITED STATES,C,NOT A MANUFACTURED END PRODUCT,B,PLAN NOT REQUIRED,D,FULL AND OPEN COMPETITION AFTER EXCLUSION OF SOURCES,NP,NEGOTIATED PROPOSAL/QUOTE,SBA,SMALL BUSINESS SET ASIDE - TOTAL,NONE,NO PREFERENCE USED,SR1,SMALL BUSINESS INNOVATION RESEARCH PROGRAM PHASE I ACTION,,,,,329,D,COMMERCIAL ITEM PROCEDURES NOT USED,f,N,NO,N,NO,N,NO,N,NO,0.00,N,NO,N,NO,N,NO,N,NO,X,NOT APPLICABLE,,,,,,,,NONE,NONE,N,NO,X,NOT APPLICABLE EXEMPT FROM CAS,N,TRANSACTION DOES NOT USE GFE/GFP,U,UNKNOWN,D,NOT CONSOLIDATED,N,NO - SERVICE WHERE PBA IS NOT USED.,N,NO,Z,NOT APPLICABLE,N,NO,X,NOT APPLICABLE,f,f,f,f,f,f,f,f,f,f,f,f,f,f,f,f,f,f,f,SMALL BUSINESS,S,f,f,f,f,f,f,f,f,f,f,f,f,f,f,f,f,f,CORPORATE NOT TAX EXEMPT,t,f,f,f,f,f,f,f,f,f,f,f,f,f,f,f,f,t,f,f,f,f,f,f,f,f,f,f,t,f,f,f,f,f,f,f,f,f,f,f,f,f,f,f,f,f,f,f,f,f,,,,,,,,,,,https://www.usaspending.gov/award/CONT_AWD_HQ086022C7008_9700_-NONE-_-NONE-/,2024-03-26 13:37:05+00
CONT_AWD_HQ086022C7009_9700_-NONE-_-NONE-,HQ086022C7009,,,,Q: Not Designated Nonemergency/Emergency/Disaster/Wildfire Suppression,,,,,145806.00,0.00,145806.00,145806.00,2021-11-30,2022,2021-11-30,2022,2021-11-30,2022-08-05,2022-08-05 00:00:00,,,097,Department of Defense,97JC,Missile Defense Agency,HQ0860,MISSILE DEFENSE AGENCY (MDA),097,Department of Defense,97JC,Missile Defense Agency,HQ0860,MISSILE DEFENSE AGENCY (MDA),097-2021/2022-0400-000,097-0400,25.5: Research and development contracts,0001: BASIC RESEARCH,X,NOT APPLICABLE,,,QWM1XWLUFQM8,,TRIDENT SYSTEMS LLC,TRIDENT SYSTEMS INCORPORATED,,1FD95,DG87J5EZLC94,,OWL CYBER DEFENSE SOLUTIONS LLC,OWL CYBER DEFENSE SOLUTIONS  LLC,USA,UNITED STATES,10201 FAIRFAX BLVD STE 300,,FAIRFAX,51600,FAIRFAX (CITY),51,VA,VIRGINIA,220302222,VA-11,VA-11,7036917763,7032736608,USA,UNITED STATES,FAIRFAX,51600,FAIRFAX CITY,51,VA,VIRGINIA,220302514,VA-11,VA-11,AWARD,D,DEFINITIVE CONTRACT,,,,,,,J,FIRM FIXED PRICE,SBIR/STTR PHASE I RESEARCH & DEVELOPMENT,,1,OT,OTHER FUNCTIONS,AC23,NATIONAL DEFENSE R&D SERVICES; ATOMIC ENERGY DEFENSE ACTIVITIES; EXPERIMENTAL DEVELOPMENT,H,NOT BUNDLED,A2,MISSILE AND SPACE SYSTEMS,541715,"RESEARCH AND DEVELOPMENT IN THE PHYSICAL, ENGINEERING, AND LIFE SCIENCES (EXCEPT NANOTECHNOLOGY AND BIOTECHNOLOGY)",C,NO CLAUSES INCLUDED AND NO SUSTAINABILITY INCLUDED,A,U.S. OWNED BUSINESS,CAA,MDA SUPPORT,Z,NOT IT PRODUCTS OR SERVICES,E,NOT REQUIRED,USA,UNITED STATES,C,NOT A MANUFACTURED END PRODUCT,B,PLAN NOT REQUIRED,D,FULL AND OPEN COMPETITION AFTER EXCLUSION OF SOURCES,NP,NEGOTIATED PROPOSAL/QUOTE,SBA,SMALL BUSINESS SET ASIDE - TOTAL,NONE,NO PREFERENCE USED,SR1,SMALL BUSINESS INNOVATION RESEARCH PROGRAM PHASE I ACTION,,,,,329,D,COMMERCIAL ITEM PROCEDURES NOT USED,f,N,NO,N,NO,N,NO,N,NO,0.00,N,NO,N,NO,N,NO,N,NO,X,NOT APPLICABLE,,,,,,,,NONE,NONE,N,NO,X,NOT APPLICABLE EXEMPT FROM CAS,N,TRANSACTION DOES NOT USE GFE/GFP,U,UNKNOWN,D,NOT CONSOLIDATED,N,NO - SERVICE WHERE PBA IS NOT USED.,N,NO,Z,NOT APPLICABLE,N,NO,X,NOT APPLICABLE,f,f,f,f,f,t,f,f,f,f,f,f,f,f,f,f,f,f,f,SMALL BUSINESS,S,f,f,f,f,f,f,f,f,f,f,f,f,f,f,f,f,f,CORPORATE NOT TAX EXEMPT,t,f,f,f,f,f,f,f,f,f,f,f,f,f,f,f,f,t,f,f,f,f,f,f,f,t,f,f,t,f,f,f,f,f,f,f,f,f,f,f,f,f,f,f,f,f,f,f,f,f,STEVE  SANTONICOLA,314029.00,JOHN  BROGLIO,438095.00,BONNIE  EDWARDS,449057.00,DANIEL  HIBBARD,319104.00,JIMMY  O'LOONEY,323479.00,https://www.usaspending.gov/award/CONT_AWD_HQ086022C7009_9700_-NONE-_-NONE-/,2024-03-26 13:37:06+00
CONT_AWD_HQ086022C7010_9700_-NONE-_-NONE-,HQ086022C7010,,,,Q: Not Designated Nonemergency/Emergency/Disaster/Wildfire Suppression,,,,,149799.45,0.00,149799.45,149799.45,2021-11-29,2022,2021-11-29,2022,2021-11-29,2022-08-05,2022-08-05 00:00:00,,,097,Department of Defense,97JC,Missile Defense Agency,HQ0860,MISSILE DEFENSE AGENCY (MDA),097,Department of Defense,97JC,Missile Defense Agency,HQ0860,MISSILE DEFENSE AGENCY (MDA),097-2021/2022-0400-000,097-0400,25.5: Research and development contracts,0001: BASIC RESEARCH,X,NOT APPLICABLE,,,ULSZZUD8P7W7,031764616,EDAPTIVE COMPUTING INC,"EDAPTIVE COMPUTING, INC.",,09QW4,ULSZZUD8P7W7,031764616,EDAPTIVE COMPUTING INC,EDAPTIVE COMPUTING  INC.,USA,UNITED STATES,1245 LYONS RD STE G,,DAYTON,39113,MONTGOMERY,39,OH,OHIO,454581818,OH-10,OH-10,9374330477,9374337366,USA,UNITED STATES,WEST LAFAYETTE,18157,TIPPECANOE,18,IN,INDIANA,479065328,IN-04,IN-04,AWARD,D,DEFINITIVE CONTRACT,,,,,,,J,FIRM FIXED PRICE,SBIR/STTR PHASE I RESEARCH & DEVELOPMENT - EDAPTIVE COMPUTING,,1,OT,OTHER FUNCTIONS,AC23,NATIONAL DEFENSE R&D SERVICES; ATOMIC ENERGY DEFENSE ACTIVITIES; EXPERIMENTAL DEVELOPMENT,H,NOT BUNDLED,A2,MISSILE AND SPACE SYSTEMS,541715,"RESEARCH AND DEVELOPMENT IN THE PHYSICAL, ENGINEERING, AND LIFE SCIENCES (EXCEPT NANOTECHNOLOGY AND BIOTECHNOLOGY)",C,NO CLAUSES INCLUDED AND NO SUSTAINABILITY INCLUDED,A,U.S. OWNED BUSINESS,CAA,MDA SUPPORT,Z,NOT IT PRODUCTS OR SERVICES,E,NOT REQUIRED,USA,UNITED STATES,C,NOT A MANUFACTURED END PRODUCT,B,PLAN NOT REQUIRED,D,FULL AND OPEN COMPETITION AFTER EXCLUSION OF SOURCES,NP,NEGOTIATED PROPOSAL/QUOTE,SBA,SMALL BUSINESS SET ASIDE - TOTAL,NONE,NO PREFERENCE USED,SR1,SMALL BUSINESS INNOVATION RESEARCH PROGRAM PHASE I ACTION,,,,,329,D,COMMERCIAL ITEM PROCEDURES NOT USED,f,N,NO,N,NO,N,NO,N,NO,0.00,N,NO,N,NO,N,NO,N,NO,X,NOT APPLICABLE,,,,,,,,NONE,NONE,N,NO,X,NOT APPLICABLE EXEMPT FROM CAS,N,TRANSACTION DOES NOT USE GFE/GFP,N,NO,D,NOT CONSOLIDATED,N,NO - SERVICE WHERE PBA IS NOT USED.,N,NO,Z,NOT APPLICABLE,N,NO,X,NOT APPLICABLE,f,f,f,f,f,f,f,t,t,f,f,f,t,t,f,f,f,f,f,SMALL BUSINESS,S,f,f,f,f,f,f,f,f,f,f,f,f,f,f,f,f,f,CORPORATE NOT TAX EXEMPT,t,f,f,f,f,f,f,f,f,f,f,f,f,f,f,f,f,t,f,f,f,f,f,f,f,t,f,f,t,f,f,f,f,f,f,f,f,f,f,f,f,f,f,f,f,f,f,f,f,f,,,,,,,,,,,https://www.usaspending.gov/award/CONT_AWD_HQ086022C7010_9700_-NONE-_-NONE-/,2021-11-29 17:49:02+00
CONT_AWD_HQ086022C7012_9700_-NONE-_-NONE-,HQ086022C7012,,,,Q: Not Designated Nonemergency/Emergency/Disaster/Wildfire Suppression,,,,,149983.76,0.00,149983.76,149983.76,2021-11-29,2022,2021-11-29,2022,2021-11-29,2022-08-05,2022-08-05 00:00:00,,,097,Department of Defense,97JC,Missile Defense Agency,HQ0860,MISSILE DEFENSE AGENCY (MDA),097,Department of Defense,97JC,Missile Defense Agency,HQ0860,MISSILE DEFENSE AGENCY (MDA),097-2021/2022-0400-000,097-0400,25.5: Research and development contracts,0001: BASIC RESEARCH,X,NOT APPLICABLE,,,KJ4DZXGYDAG6,080446447,FOVI 3D INC,"FOVI 3D, INC.",,6PAY3,KJ4DZXGYDAG6,080446447,FOVI 3D INC,FOVI 3D  INC.,USA,UNITED STATES,5555 N LAMAR BLVD STE D-117,,AUSTIN,48453,TRAVIS,48,TX,TEXAS,787511075,TX-10,TX-37,5126270265,,USA,UNITED STATES,WEST LAFAYETTE,18157,TIPPECANOE,18,IN,INDIANA,479065328,IN-04,IN-04,AWARD,D,DEFINITIVE CONTRACT,,,,,,,J,FIRM FIXED PRICE,SBIR/STTR PHASE I RESEARCH & DEVELOPMENT - FOVI 3D,,1,OT,OTHER FUNCTIONS,AC23,NATIONAL DEFENSE R&D SERVICES; ATOMIC ENERGY DEFENSE ACTIVITIES; EXPERIMENTAL DEVELOPMENT,H,NOT BUNDLED,A2,MISSILE AND SPACE SYSTEMS,541715,"RESEARCH AND DEVELOPMENT IN THE PHYSICAL, ENGINEERING, AND LIFE SCIENCES (EXCEPT NANOTECHNOLOGY AND BIOTECHNOLOGY)",C,NO CLAUSES INCLUDED AND NO SUSTAINABILITY INCLUDED,A,U.S. OWNED BUSINESS,CAA,MDA SUPPORT,Z,NOT IT PRODUCTS OR SERVICES,E,NOT REQUIRED,USA,UNITED STATES,C,NOT A MANUFACTURED END PRODUCT,B,PLAN NOT REQUIRED,D,FULL AND OPEN COMPETITION AFTER EXCLUSION OF SOURCES,NP,NEGOTIATED PROPOSAL/QUOTE,SBA,SMALL BUSINESS SET ASIDE - TOTAL,NONE,NO PREFERENCE USED,SR1,SMALL BUSINESS INNOVATION RESEARCH PROGRAM PHASE I ACTION,,,,,329,D,COMMERCIAL ITEM PROCEDURES NOT USED,f,N,NO,N,NO,N,NO,N,NO,0.00,N,NO,N,NO,N,NO,N,NO,X,NOT APPLICABLE,,,,,,,,NONE,NONE,N,NO,X,NOT APPLICABLE EXEMPT FROM CAS,N,TRANSACTION DOES NOT USE GFE/GFP,U,UNKNOWN,D,NOT CONSOLIDATED,N,NO - SERVICE WHERE PBA IS NOT USED.,N,NO,Z,NOT APPLICABLE,N,NO,X,NOT APPLICABLE,f,f,f,f,f,f,f,t,t,f,f,f,f,f,f,f,f,f,f,SMALL BUSINESS,S,f,f,f,f,f,f,f,f,f,f,f,f,f,f,f,f,f,CORPORATE NOT TAX EXEMPT,t,f,f,f,f,f,f,f,f,f,f,f,f,f,f,f,f,t,f,f,f,f,f,f,f,f,f,f,t,f,f,f,f,f,f,f,f,f,f,f,f,f,f,f,f,t,f,f,f,f,,,,,,,,,,,https://www.usaspending.gov/award/CONT_AWD_HQ086022C7012_9700_-NONE-_-NONE-/,2021-11-29 14:28:26+00
CONT_AWD_HQ086022C7017_9700_-NONE-_-NONE-,HQ086022C7017,,,,Q: Not Designated Nonemergency/Emergency/Disaster/Wildfire Suppression,,,,,149952.87,0.00,149952.87,149952.87,2021-11-30,2022,2021-11-30,2022,2021-11-30,2022-08-05,2022-08-05 00:00:00,,,097,Department of Defense,97JC,Missile Defense Agency,HQ0860,MISSILE DEFENSE AGENCY (MDA),097,Department of Defense,97JC,Missile Defense Agency,HQ0147,MISSILE DEFENSE AGENCY (MDA),097-2021/2022-0400-000,097-0400,25.5: Research and development contracts,0001: BASIC RESEARCH,X,NOT APPLICABLE,,,RMG1AZ1ZH8Q7,073800062,PHYSICAL SCIENCES INC.,PHYSICAL SCIENCES INC.,,8K901,RMG1AZ1ZH8Q7,073800062,PHYSICAL SCIENCES INC.,PHYSICAL SCIENCES  INC.,USA,UNITED STATES,20 NEW ENGLAND BUSINESS CTR DR,,ANDOVER,25009,ESSEX,25,MA,MASSACHUSETTS,018101022,MA-03,MA-06,9786890003,9786893232,USA,UNITED STATES,WEST LAFAYETTE,18157,TIPPECANOE,18,IN,INDIANA,479065328,IN-04,IN-04,AWARD,D,DEFINITIVE CONTRACT,,,,,,,J,FIRM FIXED PRICE,SBIR/STTR PHASE I RESEARCH & DEVELOPMENT - RADIATION HARDENED FOVEATED HYBRID INFRARED SCENE PROJECTOR,,1,OT,OTHER FUNCTIONS,AC23,NATIONAL DEFENSE R&D SERVICES; ATOMIC ENERGY DEFENSE ACTIVITIES; EXPERIMENTAL DEVELOPMENT,H,NOT BUNDLED,A2,MISSILE AND SPACE SYSTEMS,541715,"RESEARCH AND DEVELOPMENT IN THE PHYSICAL, ENGINEERING, AND LIFE SCIENCES (EXCEPT NANOTECHNOLOGY AND BIOTECHNOLOGY)",C,NO CLAUSES INCLUDED AND NO SUSTAINABILITY INCLUDED,A,U.S. OWNED BUSINESS,CAA,MDA SUPPORT,Z,NOT IT PRODUCTS OR SERVICES,E,NOT REQUIRED,USA,UNITED STATES,C,NOT A MANUFACTURED END PRODUCT,B,PLAN NOT REQUIRED,D,FULL AND OPEN COMPETITION AFTER EXCLUSION OF SOURCES,NP,NEGOTIATED PROPOSAL/QUOTE,SBA,SMALL BUSINESS SET ASIDE - TOTAL,NONE,NO PREFERENCE USED,SR1,SMALL BUSINESS INNOVATION RESEARCH PROGRAM PHASE I ACTION,,,,,329,D,COMMERCIAL ITEM PROCEDURES NOT USED,f,N,NO,N,NO,N,NO,N,NO,0.00,N,NO,N,NO,N,NO,N,NO,X,NOT APPLICABLE,,,,,,,,NONE,NONE,N,NO,X,NOT APPLICABLE EXEMPT FROM CAS,N,TRANSACTION DOES NOT USE GFE/GFP,U,UNKNOWN,D,NOT CONSOLIDATED,N,NO - SERVICE WHERE PBA IS NOT USED.,N,NO,Z,NOT APPLICABLE,N,NO,X,NOT APPLICABLE,f,f,f,f,f,f,f,f,f,f,f,f,f,f,f,f,f,f,f,SMALL BUSINESS,S,f,f,f,f,f,f,f,f,f,f,f,f,f,f,f,f,f,CORPORATE NOT TAX EXEMPT,t,f,f,f,f,f,f,f,f,f,f,f,f,f,f,f,f,t,f,f,f,f,f,f,f,f,f,f,t,f,f,f,f,f,f,f,f,f,f,f,f,f,f,f,f,f,f,f,f,f,B. DAVID  GREEN,482181.00,WILLIAM J MARINELLI,427562.00,STEVEN R GENESTRETI,399007.00,BOGDAN R COSOFRET,333460.00,MARK G ALLEN,398641.00,https://www.usaspending.gov/award/CONT_AWD_HQ086022C7017_9700_-NONE-_-NONE-/,2021-11-30 22:00:07+00
CONT_AWD_HQ086022C7018_9700_-NONE-_-NONE-,HQ086022C7018,,,,Q: Not Designated Nonemergency/Emergency/Disaster/Wildfire Suppression,,,,,154644.80,0.00,154644.80,154644.80,2021-11-30,2022,2021-11-30,2022,2021-11-30,2022-08-05,2022-08-05 00:00:00,,,097,Department of Defense,97JC,Missile Defense Agency,HQ0860,MISSILE DEFENSE AGENCY (MDA),097,Department of Defense,97JC,Missile Defense Agency,HQ0860,MISSILE DEFENSE AGENCY (MDA),097-2021/2022-0400-000,097-0400,25.5: Research and development contracts,0001: BASIC RESEARCH,X,NOT APPLICABLE,,,D859W8HNHD86,054205491,INSPIRD INC.,INSPIRD INC.,,6DC34,D859W8HNHD86,054205491,INSPIRD INC.,NSPIRD INC,USA,UNITED STATES,24261 CHRISANTA AVE,,MISSION VIEJO,06059,ORANGE,06,CA,CALIFORNIA,926914003,CA-45,CA-40,8186943944,5096921956,USA,UNITED STATES,MISSION VIEJO,06059,ORANGE,06,CA,CALIFORNIA,926911111,CA-45,CA-40,AWARD,D,DEFINITIVE CONTRACT,,,,,,,J,FIRM FIXED PRICE,SBIR/STTR PHASE I RESEARCH & DEVELOPMENT,,1,"CL,CT","CLOSELY ASSOCIATED,CRITICAL FUNCTIONS",AC23,NATIONAL DEFENSE R&D SERVICES; ATOMIC ENERGY DEFENSE ACTIVITIES; EXPERIMENTAL DEVELOPMENT,H,NOT BUNDLED,A2,MISSILE AND SPACE SYSTEMS,541715,"RESEARCH AND DEVELOPMENT IN THE PHYSICAL, ENGINEERING, AND LIFE SCIENCES (EXCEPT NANOTECHNOLOGY AND BIOTECHNOLOGY)",C,NO CLAUSES INCLUDED AND NO SUSTAINABILITY INCLUDED,A,U.S. OWNED BUSINESS,CAA,MDA SUPPORT,Z,NOT IT PRODUCTS OR SERVICES,E,NOT REQUIRED,USA,UNITED STATES,C,NOT A MANUFACTURED END PRODUCT,B,PLAN NOT REQUIRED,D,FULL AND OPEN COMPETITION AFTER EXCLUSION OF SOURCES,NP,NEGOTIATED PROPOSAL/QUOTE,SBA,SMALL BUSINESS SET ASIDE - TOTAL,NONE,NO PREFERENCE USED,SR1,SMALL BUSINESS INNOVATION RESEARCH PROGRAM PHASE I ACTION,,,,,329,D,COMMERCIAL ITEM PROCEDURES NOT USED,f,N,NO,N,NO,X,NOT APPLICABLE,N,NO,0.00,N,NO,X,NOT APPLICABLE,N,NO,X,NOT APPLICABLE,X,NOT APPLICABLE,,,,,,,,NONE,NONE,N,NO,X,NOT APPLICABLE EXEMPT FROM CAS,N,TRANSACTION DOES NOT USE GFE/GFP,U,UNKNOWN,D,NOT CONSOLIDATED,N,NO - SERVICE WHERE PBA IS NOT USED.,N,NO,Z,NOT APPLICABLE,N,NO,X,NOT APPLICABLE,f,f,f,f,f,f,f,f,f,f,f,f,t,t,f,f,f,f,f,SMALL BUSINESS,S,f,f,f,f,f,f,f,f,f,f,f,f,f,f,f,f,f,CORPORATE NOT TAX EXEMPT,t,f,f,f,f,f,f,f,f,f,f,f,f,f,f,f,f,t,f,f,f,f,f,f,f,f,f,f,t,f,f,f,f,f,f,f,f,f,f,f,f,f,f,f,f,f,f,f,f,f,,,,,,,,,,,https://www.usaspending.gov/award/CONT_AWD_HQ086022C7018_9700_-NONE-_-NONE-/,2021-11-30 18:25:02+00
CONT_AWD_HQ086022C7020_9700_-NONE-_-NONE-,HQ086022C7020,,,,Q: Not Designated Nonemergency/Emergency/Disaster/Wildfire Suppression,,,,,147571.00,0.00,147571.00,147571.00,2021-11-30,2022,2021-11-30,2022,2021-11-30,2022-08-05,2022-08-05 00:00:00,,,097,Department of Defense,97JC,Missile Defense Agency,HQ0860,MISSILE DEFENSE AGENCY (MDA),097,Department of Defense,97JC,Missile Defense Agency,HQ0860,MISSILE DEFENSE AGENCY (MDA),097-2021/2022-0400-000,097-0400,25.5: Research and development contracts,0001: BASIC RESEARCH,X,NOT APPLICABLE,,,YRMLQVHSYKY8,080424111,VIRTUALITICS INC,"VIRTUALITICS, INC.",,82RW7,YRMLQVHSYKY8,080424111,VIRTUALITICS INC,VIRTUALITICS  INC.,USA,UNITED STATES,225 S LAKE AVE # 120,,PASADENA,06037,LOS ANGELES,06,CA,CALIFORNIA,911013005,CA-27,CA-28,6267147155,,USA,UNITED STATES,PASADENA,06037,LOS ANGELES,06,CA,CALIFORNIA,911013005,CA-27,CA-28,AWARD,D,DEFINITIVE CONTRACT,,,,,,,J,FIRM FIXED PRICE,SBIR/STTR PHASE I RESEARCH & DEVELOPMENT,,1,OT,OTHER FUNCTIONS,AC23,NATIONAL DEFENSE R&D SERVICES; ATOMIC ENERGY DEFENSE ACTIVITIES; EXPERIMENTAL DEVELOPMENT,H,NOT BUNDLED,A2,MISSILE AND SPACE SYSTEMS,541715,"RESEARCH AND DEVELOPMENT IN THE PHYSICAL, ENGINEERING, AND LIFE SCIENCES (EXCEPT NANOTECHNOLOGY AND BIOTECHNOLOGY)",C,NO CLAUSES INCLUDED AND NO SUSTAINABILITY INCLUDED,A,U.S. OWNED BUSINESS,CAA,MDA SUPPORT,Z,NOT IT PRODUCTS OR SERVICES,E,NOT REQUIRED,USA,UNITED STATES,C,NOT A MANUFACTURED END PRODUCT,B,PLAN NOT REQUIRED,D,FULL AND OPEN COMPETITION AFTER EXCLUSION OF SOURCES,NP,NEGOTIATED PROPOSAL/QUOTE,SBA,SMALL BUSINESS SET ASIDE - TOTAL,NONE,NO PREFERENCE USED,SR1,SMALL BUSINESS INNOVATION RESEARCH PROGRAM PHASE I ACTION,,,,,329,D,COMMERCIAL ITEM PROCEDURES NOT USED,f,N,NO,N,NO,X,NOT APPLICABLE,N,NO,0.00,N,NO,X,NOT APPLICABLE,X,NOT APPLICABLE,X,NOT APPLICABLE,X,NOT APPLICABLE,,,,,,,,NONE,NONE,N,NO,X,NOT APPLICABLE EXEMPT FROM CAS,N,TRANSACTION DOES NOT USE GFE/GFP,U,UNKNOWN,D,NOT CONSOLIDATED,N,NO - SERVICE WHERE PBA IS NOT USED.,N,NO,Z,NOT APPLICABLE,N,NO,X,NOT APPLICABLE,f,f,f,f,f,f,f,f,f,f,f,f,f,f,f,f,f,f,f,SMALL BUSINESS,S,f,f,f,f,f,f,f,f,f,f,f,f,f,f,f,f,f,CORPORATE NOT TAX EXEMPT,t,f,f,f,f,f,f,f,f,f,f,f,f,f,f,f,f,t,f,f,f,f,f,f,f,f,f,f,t,f,f,f,f,f,f,f,f,f,f,f,f,f,f,f,f,f,f,f,f,f,,,,,,,,,,,https://www.usaspending.gov/award/CONT_AWD_HQ086022C7020_9700_-NONE-_-NONE-/,2021-11-30 18:28:52+00
CONT_AWD_HQ086022C7022_9700_-NONE-_-NONE-,HQ086022C7022,,,,Q: Not Designated Nonemergency/Emergency/Disaster/Wildfire Suppression,,,,,150000.00,0.00,150000.00,150000.00,2021-11-30,2022,2021-11-30,2022,2021-11-30,2022-08-05,2022-08-05 00:00:00,,,097,Department of Defense,97JC,Missile Defense Agency,HQ0860,MISSILE DEFENSE AGENCY (MDA),097,Department of Defense,97JC,Missile Defense Agency,HQ0860,MISSILE DEFENSE AGENCY (MDA),097-2021/2022-0400-000,097-0400,25.5: Research and development contracts,0001: BASIC RESEARCH,X,NOT APPLICABLE,,,E7MNGQ56KYB7,128005423,"OPTIMIZATION TECHNOLOGIES, INC.","OPTIMIZATION TECHNOLOGIES, INC.",,3CJF0,E7MNGQ56KYB7,128005423,"OPTIMIZATION TECHNOLOGIES, INC.",OPTIMIZATION TECHNOLOGIES  INC.,USA,UNITED STATES,2241 17TH ST,,BOULDER,08013,BOULDER,08,CO,COLORADO,803024362,CO-02,CO-02,3034473255,3034473886,USA,UNITED STATES,BOULDER,08013,BOULDER,08,CO,COLORADO,803024362,CO-02,CO-02,AWARD,D,DEFINITIVE CONTRACT,,,,,,,J,FIRM FIXED PRICE,SBIR/STTR PHASE I RESEARCH & DEVELOPMENT,,1,OT,OTHER FUNCTIONS,AC23,NATIONAL DEFENSE R&D SERVICES; ATOMIC ENERGY DEFENSE ACTIVITIES; EXPERIMENTAL DEVELOPMENT,H,NOT BUNDLED,A2,MISSILE AND SPACE SYSTEMS,541715,"RESEARCH AND DEVELOPMENT IN THE PHYSICAL, ENGINEERING, AND LIFE SCIENCES (EXCEPT NANOTECHNOLOGY AND BIOTECHNOLOGY)",C,NO CLAUSES INCLUDED AND NO SUSTAINABILITY INCLUDED,A,U.S. OWNED BUSINESS,CAA,MDA SUPPORT,Z,NOT IT PRODUCTS OR SERVICES,E,NOT REQUIRED,USA,UNITED STATES,C,NOT A MANUFACTURED END PRODUCT,B,PLAN NOT REQUIRED,D,FULL AND OPEN COMPETITION AFTER EXCLUSION OF SOURCES,NP,NEGOTIATED PROPOSAL/QUOTE,SBA,SMALL BUSINESS SET ASIDE - TOTAL,NONE,NO PREFERENCE USED,SR1,SMALL BUSINESS INNOVATION RESEARCH PROGRAM PHASE I ACTION,,,,,329,D,COMMERCIAL ITEM PROCEDURES NOT USED,f,N,NO,N,NO,X,NOT APPLICABLE,N,NO,0.00,N,NO,X,NOT APPLICABLE,X,NOT APPLICABLE,X,NOT APPLICABLE,X,NOT APPLICABLE,,,,,,,,NONE,NONE,N,NO,X,NOT APPLICABLE EXEMPT FROM CAS,N,TRANSACTION DOES NOT USE GFE/GFP,U,UNKNOWN,D,NOT CONSOLIDATED,N,NO - SERVICE WHERE PBA IS NOT USED.,N,NO,Z,NOT APPLICABLE,N,NO,X,NOT APPLICABLE,f,f,f,f,f,f,f,f,f,f,f,f,f,f,f,f,f,f,f,SMALL BUSINESS,S,f,f,f,f,f,f,f,f,f,f,f,f,f,f,f,f,f,CORPORATE NOT TAX EXEMPT,t,f,f,f,f,f,f,f,f,f,f,f,f,f,f,f,f,t,f,f,f,f,f,f,f,t,f,f,t,f,f,f,f,f,f,f,f,f,f,f,f,f,f,f,f,f,f,f,f,f,,,,,,,,,,,https://www.usaspending.gov/award/CONT_AWD_HQ086022C7022_9700_-NONE-_-NONE-/,2021-11-30 18:31:54+00
CONT_AWD_HQ086022C7024_9700_-NONE-_-NONE-,HQ086022C7024,,,,Q: Not Designated Nonemergency/Emergency/Disaster/Wildfire Suppression,,,,,154995.68,0.00,154995.68,154995.68,2021-11-30,2022,2021-11-30,2022,2021-11-30,2022-08-05,2022-08-05 00:00:00,,,097,Department of Defense,97JC,Missile Defense Agency,HQ0860,MISSILE DEFENSE AGENCY (MDA),097,Department of Defense,97JC,Missile Defense Agency,HQ0860,MISSILE DEFENSE AGENCY (MDA),097-2021/2022-0400-000,097-0400,25.5: Research and development contracts,0001: BASIC RESEARCH,X,NOT APPLICABLE,,,CSPJJ1VXPMT9,968887195,NOU SYSTEMS INC,"NOU SYSTEMS, INC.",,6GXX4,CSPJJ1VXPMT9,968887195,NOU SYSTEMS INC,NOU SYSTEMS INC,USA,UNITED STATES,7047 OLD MADISON PIKE STE 305,,HUNTSVILLE,01089,MADISON,01,AL,ALABAMA,358062197,AL-05,AL-05,2563279007,2563275542,USA,UNITED STATES,HUNTSVILLE,01089,MADISON,01,AL,ALABAMA,358062197,AL-05,AL-05,AWARD,D,DEFINITIVE CONTRACT,,,,,,,J,FIRM FIXED PRICE,SBIR/STTR PHASE I RESEARCH & DEVELOPMENT,,1,OT,OTHER FUNCTIONS,AC23,NATIONAL DEFENSE R&D SERVICES; ATOMIC ENERGY DEFENSE ACTIVITIES; EXPERIMENTAL DEVELOPMENT,H,NOT BUNDLED,A2,MISSILE AND SPACE SYSTEMS,541715,"RESEARCH AND DEVELOPMENT IN THE PHYSICAL, ENGINEERING, AND LIFE SCIENCES (EXCEPT NANOTECHNOLOGY AND BIOTECHNOLOGY)",C,NO CLAUSES INCLUDED AND NO SUSTAINABILITY INCLUDED,A,U.S. OWNED BUSINESS,CAA,MDA SUPPORT,Z,NOT IT PRODUCTS OR SERVICES,E,NOT REQUIRED,USA,UNITED STATES,C,NOT A MANUFACTURED END PRODUCT,B,PLAN NOT REQUIRED,D,FULL AND OPEN COMPETITION AFTER EXCLUSION OF SOURCES,NP,NEGOTIATED PROPOSAL/QUOTE,SBA,SMALL BUSINESS SET ASIDE - TOTAL,NONE,NO PREFERENCE USED,SR1,SMALL BUSINESS INNOVATION RESEARCH PROGRAM PHASE I ACTION,,,,,329,D,COMMERCIAL ITEM PROCEDURES NOT USED,f,N,NO,N,NO,N,NO,N,NO,0.00,N,NO,X,NOT APPLICABLE,X,NOT APPLICABLE,N,NO,X,NOT APPLICABLE,,,,,,,,NONE,NONE,N,NO,X,NOT APPLICABLE EXEMPT FROM CAS,N,TRANSACTION DOES NOT USE GFE/GFP,U,UNKNOWN,D,NOT CONSOLIDATED,N,NO - SERVICE WHERE PBA IS NOT USED.,N,NO,Z,NOT APPLICABLE,N,NO,X,NOT APPLICABLE,f,f,f,f,f,f,f,t,t,f,f,f,f,f,f,f,f,f,f,SMALL BUSINESS,S,f,f,f,f,f,f,f,f,f,f,f,f,f,f,f,f,f,CORPORATE NOT TAX EXEMPT,t,f,f,f,f,f,f,f,f,f,f,f,f,f,f,f,f,t,f,f,f,f,f,f,f,t,f,f,t,f,f,f,f,f,f,f,f,f,f,f,f,f,f,f,f,f,f,f,f,f,GREG  TACKETT,275000.00,JAY B ROMINE,255616.00,WILLIAM S BROWER,255766.00,FRANK J MELLO,255616.00,LEE  PHILLIPS,275000.00,https://www.usaspending.gov/award/CONT_AWD_HQ086022C7024_9700_-NONE-_-NONE-/,2021-11-30 18:34:47+00
CONT_AWD_HQ086022C7037_9700_-NONE-_-NONE-,HQ086022C7037,,,,Q: Not Designated Nonemergency/Emergency/Disaster/Wildfire Suppression,,,,,149969.00,0.00,149969.00,149969.00,2021-11-29,2022,2021-11-29,2022,2021-11-29,2022-08-05,2022-08-05 00:00:00,,,097,Department of Defense,97JC,Missile Defense Agency,HQ0860,MISSILE DEFENSE AGENCY (MDA),097,Department of Defense,97JC,Missile Defense Agency,HQ0147,MISSILE DEFENSE AGENCY (MDA),097-2021/2022-0400-000,097-0400,25.5: Research and development contracts,0001: BASIC RESEARCH,X,NOT APPLICABLE,,,JDKYAKDT4TT6,,CREARE LLC,CREARE LLC,,8A287,JDKYAKDT4TT6,,CREARE LLC,CREARE INCORPORATED,USA,UNITED STATES,16 GREAT HOLLOW RD,,HANOVER,33009,GRAFTON,33,NH,NEW HAMPSHIRE,037553116,NH-02,NH-02,6036433800,6036434657,USA,UNITED STATES,HANOVER,33009,GRAFTON,33,NH,NEW HAMPSHIRE,037551252,NH-02,NH-02,AWARD,D,DEFINITIVE CONTRACT,,,,,,,J,FIRM FIXED PRICE,SBIR/STTR PHASE I RESEARCH & DEVELOPMENT,,1,OT,OTHER FUNCTIONS,AC23,NATIONAL DEFENSE R&D SERVICES; ATOMIC ENERGY DEFENSE ACTIVITIES; EXPERIMENTAL DEVELOPMENT,H,NOT BUNDLED,A2,MISSILE AND SPACE SYSTEMS,541715,"RESEARCH AND DEVELOPMENT IN THE PHYSICAL, ENGINEERING, AND LIFE SCIENCES (EXCEPT NANOTECHNOLOGY AND BIOTECHNOLOGY)",C,NO CLAUSES INCLUDED AND NO SUSTAINABILITY INCLUDED,A,U.S. OWNED BUSINESS,CAA,MDA SUPPORT,Z,NOT IT PRODUCTS OR SERVICES,E,NOT REQUIRED,USA,UNITED STATES,C,NOT A MANUFACTURED END PRODUCT,B,PLAN NOT REQUIRED,D,FULL AND OPEN COMPETITION AFTER EXCLUSION OF SOURCES,NP,NEGOTIATED PROPOSAL/QUOTE,SBA,SMALL BUSINESS SET ASIDE - TOTAL,NONE,NO PREFERENCE USED,SR1,SMALL BUSINESS INNOVATION RESEARCH PROGRAM PHASE I ACTION,,,,,329,D,COMMERCIAL ITEM PROCEDURES NOT USED,f,N,NO,N,NO,X,NOT APPLICABLE,N,NO,0.00,N,NO,N,NO,N,NO,N,NO,X,NOT APPLICABLE,,,,,,,,NONE,NONE,N,NO,X,NOT APPLICABLE EXEMPT FROM CAS,N,TRANSACTION DOES NOT USE GFE/GFP,U,UNKNOWN,D,NOT CONSOLIDATED,N,NO - SERVICE WHERE PBA IS NOT USED.,N,NO,Z,NOT APPLICABLE,N,NO,X,NOT APPLICABLE,f,f,f,f,f,f,f,f,f,f,f,f,f,f,f,f,f,f,f,SMALL BUSINESS,S,f,f,f,f,f,f,f,f,f,f,f,f,f,f,f,f,f,CORPORATE NOT TAX EXEMPT,t,f,f,f,f,f,f,f,f,f,f,f,t,f,f,f,f,t,f,f,f,f,f,f,f,f,t,f,t,f,f,f,f,f,f,f,f,f,f,f,f,f,f,f,f,f,f,f,f,f,BRUCE R PILVELAIT,583085.00,PATRICK J MAGARI,580231.00,ODILE H CLAVIER,570490.00,MARK V ZAGAROLA,514869.00,MICHAEL G IZENSON,481126.00,https://www.usaspending.gov/award/CONT_AWD_HQ086022C7037_9700_-NONE-_-NONE-/,2024-03-26 13:37:05+00
CONT_AWD_HQ086022C7039_9700_-NONE-_-NONE-,HQ086022C7039,,,,Q: Not Designated Nonemergency/Emergency/Disaster/Wildfire Suppression,,,,,154980.00,0.00,154980.00,154980.00,2021-11-30,2022,2021-11-30,2022,2021-11-30,2022-08-05,2022-08-05 00:00:00,,,097,Department of Defense,97JC,Missile Defense Agency,HQ0860,MISSILE DEFENSE AGENCY (MDA),097,Department of Defense,97JC,Missile Defense Agency,HQ0147,MISSILE DEFENSE AGENCY (MDA),097-2021/2022-0400-000,097-0400,25.5: Research and development contracts,0001: BASIC RESEARCH,X,NOT APPLICABLE,,,Q9DSGGYNU8J9,057246073,"CALIOLA ENGINEERING, LLC","CALIOLA ENGINEERING, LLC",,8DPM1,Q9DSGGYNU8J9,057246073,"CALIOLA ENGINEERING, LLC",CALIOLA ENGINEERING  LLC,USA,UNITED STATES,106 SUNBIRD CLIFFS LN,,COLORADO SPRINGS,08041,EL PASO,08,CO,COLORADO,809198013,CO-05,CO-05,3109366157,,USA,UNITED STATES,COLORADO SPRINGS,08041,EL PASO,08,CO,COLORADO,809193324,CO-05,CO-05,AWARD,D,DEFINITIVE CONTRACT,,,,,,,J,FIRM FIXED PRICE,SBIR/STTR PHASE I RESEARCH & DEVELOPMENT,,1,OT,OTHER FUNCTIONS,AC23,NATIONAL DEFENSE R&D SERVICES; ATOMIC ENERGY DEFENSE ACTIVITIES; EXPERIMENTAL DEVELOPMENT,H,NOT BUNDLED,A2,MISSILE AND SPACE SYSTEMS,541715,"RESEARCH AND DEVELOPMENT IN THE PHYSICAL, ENGINEERING, AND LIFE SCIENCES (EXCEPT NANOTECHNOLOGY AND BIOTECHNOLOGY)",C,NO CLAUSES INCLUDED AND NO SUSTAINABILITY INCLUDED,A,U.S. OWNED BUSINESS,CAA,MDA SUPPORT,Z,NOT IT PRODUCTS OR SERVICES,E,NOT REQUIRED,USA,UNITED STATES,C,NOT A MANUFACTURED END PRODUCT,B,PLAN NOT REQUIRED,D,FULL AND OPEN COMPETITION AFTER EXCLUSION OF SOURCES,NP,NEGOTIATED PROPOSAL/QUOTE,SBA,SMALL BUSINESS SET ASIDE - TOTAL,NONE,NO PREFERENCE USED,SR1,SMALL BUSINESS INNOVATION RESEARCH PROGRAM PHASE I ACTION,,,,,329,D,COMMERCIAL ITEM PROCEDURES NOT USED,f,N,NO,N,NO,N,NO,N,NO,0.00,N,NO,N,NO,N,NO,N,NO,X,NOT APPLICABLE,,,,,,,,NONE,NONE,N,NO,X,NOT APPLICABLE EXEMPT FROM CAS,N,TRANSACTION DOES NOT USE GFE/GFP,U,UNKNOWN,D,NOT CONSOLIDATED,N,NO - SERVICE WHERE PBA IS NOT USED.,N,NO,Z,NOT APPLICABLE,N,NO,X,NOT APPLICABLE,f,f,f,f,f,f,f,t,t,f,f,f,f,f,f,f,f,f,f,SMALL BUSINESS,S,f,f,f,f,f,f,f,f,f,f,f,f,f,f,f,f,f,CORPORATE NOT TAX EXEMPT,t,f,f,f,f,f,f,f,f,f,f,f,f,f,f,f,f,t,f,f,f,f,f,f,f,f,t,f,t,f,f,f,f,f,f,f,f,f,f,f,f,f,f,f,f,f,f,f,f,f,,,,,,,,,,,https://www.usaspending.gov/award/CONT_AWD_HQ086022C7039_9700_-NONE-_-NONE-/,2021-11-30 15:42:44+00
CONT_AWD_HQ086022C7040_9700_-NONE-_-NONE-,HQ086022C7040,,,,Q: Not Designated Nonemergency/Emergency/Disaster/Wildfire Suppression,,,,,149863.60,0.00,149863.60,149863.60,2021-11-29,2022,2021-11-29,2022,2021-11-29,2022-08-05,2022-08-05 00:00:00,,,097,Department of Defense,97JC,Missile Defense Agency,HQ0860,MISSILE DEFENSE AGENCY (MDA),097,Department of Defense,97JC,Missile Defense Agency,HQ0147,MISSILE DEFENSE AGENCY (MDA),097-2021/2022-0400-000,097-0400,25.5: Research and development contracts,0001: BASIC RESEARCH,X,NOT APPLICABLE,,,C3DAVH4VJDG3,782766831,SPECTRAL ENERGIES LLC,"SPECTRAL ENERGIES, LLC",,4GE34,C3DAVH4VJDG3,782766831,SPECTRAL ENERGIES LLC,SPECTRAL ENERGIES  LLC,USA,UNITED STATES,4065 EXECUTIVE DR.,,BEAVERCREEK,39057,GREENE,39,OH,OHIO,454301062,OH-10,OH-10,9372669570,9372567702,USA,UNITED STATES,BEAVERCREEK,39057,GREENE,39,OH,OHIO,454301110,OH-10,OH-10,AWARD,D,DEFINITIVE CONTRACT,,,,,,,J,FIRM FIXED PRICE,SBIR/STTR PHASE I RESEARCH & DEVELOPMENT - SIGNALS OF OPPORTUNITY AIDED INERTIAL NAVIGATION IN GPS DENIED ENVIRONMENTS,,1,OT,OTHER FUNCTIONS,AC23,NATIONAL DEFENSE R&D SERVICES; ATOMIC ENERGY DEFENSE ACTIVITIES; EXPERIMENTAL DEVELOPMENT,H,NOT BUNDLED,A2,MISSILE AND SPACE SYSTEMS,541715,"RESEARCH AND DEVELOPMENT IN THE PHYSICAL, ENGINEERING, AND LIFE SCIENCES (EXCEPT NANOTECHNOLOGY AND BIOTECHNOLOGY)",C,NO CLAUSES INCLUDED AND NO SUSTAINABILITY INCLUDED,A,U.S. OWNED BUSINESS,CAA,MDA SUPPORT,Z,NOT IT PRODUCTS OR SERVICES,E,NOT REQUIRED,USA,UNITED STATES,C,NOT A MANUFACTURED END PRODUCT,B,PLAN NOT REQUIRED,D,FULL AND OPEN COMPETITION AFTER EXCLUSION OF SOURCES,NP,NEGOTIATED PROPOSAL/QUOTE,SBA,SMALL BUSINESS SET ASIDE - TOTAL,NONE,NO PREFERENCE USED,SR1,SMALL BUSINESS INNOVATION RESEARCH PROGRAM PHASE I ACTION,,,,,329,D,COMMERCIAL ITEM PROCEDURES NOT USED,f,N,NO,N,NO,N,NO,N,NO,0.00,N,NO,N,NO,N,NO,N,NO,X,NOT APPLICABLE,,,,,,,,NONE,NONE,N,NO,X,NOT APPLICABLE EXEMPT FROM CAS,N,TRANSACTION DOES NOT USE GFE/GFP,N,NO,D,NOT CONSOLIDATED,N,NO - SERVICE WHERE PBA IS NOT USED.,N,NO,Z,NOT APPLICABLE,N,NO,X,NOT APPLICABLE,f,f,f,f,f,f,f,f,f,f,f,f,t,t,f,f,f,f,f,SMALL BUSINESS,S,f,f,f,f,f,f,f,f,f,f,f,f,f,f,f,f,f,CORPORATE NOT TAX EXEMPT,t,f,f,f,f,f,f,f,f,f,f,f,f,f,f,f,f,t,f,f,f,f,f,f,f,t,f,f,t,f,f,f,f,f,f,f,f,f,f,f,f,f,f,f,f,t,f,f,f,f,,,,,,,,,,,https://www.usaspending.gov/award/CONT_AWD_HQ086022C7040_9700_-NONE-_-NONE-/,2021-11-29 22:11:11+00
CONT_AWD_HQ086022C7043_9700_-NONE-_-NONE-,HQ086022C7043,,,,Q: Not Designated Nonemergency/Emergency/Disaster/Wildfire Suppression,,,,,149989.74,0.00,149989.74,149989.74,2021-11-30,2022,2021-11-30,2022,2021-11-30,2022-08-05,2022-08-05 00:00:00,,,097,Department of Defense,97JC,Missile Defense Agency,HQ0860,MISSILE DEFENSE AGENCY (MDA),097,Department of Defense,97JC,Missile Defense Agency,HQ0147,MISSILE DEFENSE AGENCY (MDA),097-2021/2022-0400-000,097-0400,25.5: Research and development contracts,0001: BASIC RESEARCH,X,NOT APPLICABLE,,,CSZST8YFP7K1,,CAPESYM INC,"CAPESYM, INC",,1SB50,CSZST8YFP7K1,,CAPESYM INC,CAPESYM  INC,USA,UNITED STATES,6 HURON DR STE 1,,NATICK,25017,MIDDLESEX,25,MA,MASSACHUSETTS,017601325,MA-05,MA-05,5086537100,5086537155,USA,UNITED STATES,NATICK,25017,MIDDLESEX,25,MA,MASSACHUSETTS,017601325,MA-05,MA-05,AWARD,D,DEFINITIVE CONTRACT,,,,,,,J,FIRM FIXED PRICE,SBIR/STTR PHASE I RESEARCH & DEVELOPMENT INNOVATIVE SYSTEM FOR GROWTH OF LARGE CDZNTE CRYSTALS.,,1,OT,OTHER FUNCTIONS,AC23,NATIONAL DEFENSE R&D SERVICES; ATOMIC ENERGY DEFENSE ACTIVITIES; EXPERIMENTAL DEVELOPMENT,H,NOT BUNDLED,A2,MISSILE AND SPACE SYSTEMS,541715,"RESEARCH AND DEVELOPMENT IN THE PHYSICAL, ENGINEERING, AND LIFE SCIENCES (EXCEPT NANOTECHNOLOGY AND BIOTECHNOLOGY)",C,NO CLAUSES INCLUDED AND NO SUSTAINABILITY INCLUDED,A,U.S. OWNED BUSINESS,CAA,MDA SUPPORT,Z,NOT IT PRODUCTS OR SERVICES,E,NOT REQUIRED,USA,UNITED STATES,C,NOT A MANUFACTURED END PRODUCT,B,PLAN NOT REQUIRED,D,FULL AND OPEN COMPETITION AFTER EXCLUSION OF SOURCES,NP,NEGOTIATED PROPOSAL/QUOTE,SBA,SMALL BUSINESS SET ASIDE - TOTAL,NONE,NO PREFERENCE USED,SR1,SMALL BUSINESS INNOVATION RESEARCH PROGRAM PHASE I ACTION,,,,,329,D,COMMERCIAL ITEM PROCEDURES NOT USED,f,N,NO,N,NO,N,NO,N,NO,0.00,N,NO,N,NO,N,NO,N,NO,X,NOT APPLICABLE,,,,,,,,NONE,NONE,N,NO,Y,YES - CAS CLAUSE INCLUDED,N,TRANSACTION DOES NOT USE GFE/GFP,N,NO,D,NOT CONSOLIDATED,N,NO - SERVICE WHERE PBA IS NOT USED.,N,NO,Z,NOT APPLICABLE,N,NO,X,NOT APPLICABLE,f,f,f,f,f,f,f,f,f,f,f,f,f,f,f,f,f,f,f,SMALL BUSINESS,S,f,f,f,f,f,f,f,f,f,f,f,f,f,f,f,f,f,CORPORATE NOT TAX EXEMPT,t,f,f,f,f,f,f,f,f,f,f,f,f,f,f,f,f,t,f,f,f,f,f,f,f,f,f,f,t,f,f,f,f,f,f,f,f,f,f,f,f,f,f,f,f,f,f,f,f,f,,,,,,,,,,,https://www.usaspending.gov/award/CONT_AWD_HQ086022C7043_9700_-NONE-_-NONE-/,2024-11-20 10:16:16+00
CONT_AWD_HQ086022C7047_9700_-NONE-_-NONE-,HQ086022C7047,,,,Q: Not Designated Nonemergency/Emergency/Disaster/Wildfire Suppression,,,,,149205.26,0.00,149205.26,149205.26,2021-11-30,2022,2021-11-30,2022,2021-11-30,2022-08-05,2022-08-05 00:00:00,,,097,Department of Defense,97JC,Missile Defense Agency,HQ0860,MISSILE DEFENSE AGENCY (MDA),097,Department of Defense,97JC,Missile Defense Agency,HQ0147,MISSILE DEFENSE AGENCY (MDA),097-2021/2022-0400-000,097-0400,25.5: Research and development contracts,0001: BASIC RESEARCH,X,NOT APPLICABLE,,,H1ZRXJKFZ4K7,832864370,IERUS TECHNOLOGIES INC,"IERUS TECHNOLOGIES, INC",,5TST8,H1ZRXJKFZ4K7,832864370,IERUS TECHNOLOGIES INC,IERUS TECHNOLOGIES  LLC,USA,UNITED STATES,2904 WESTCORP BLVD STE 210,,HUNTSVILLE,01089,MADISON,01,AL,ALABAMA,358056410,AL-05,AL-05,2563192026,8665421708,USA,UNITED STATES,HUNTSVILLE,01089,MADISON,01,AL,ALABAMA,358056410,AL-05,AL-05,AWARD,D,DEFINITIVE CONTRACT,,,,,,,J,FIRM FIXED PRICE,SBIR/STTR PHASE I RESEARCH & DEVELOPMENT: OPTIMIZED WAVEFORMS FOR X-BAND MISSILE DEFENSE RADARS,,1,OT,OTHER FUNCTIONS,AC23,NATIONAL DEFENSE R&D SERVICES; ATOMIC ENERGY DEFENSE ACTIVITIES; EXPERIMENTAL DEVELOPMENT,H,NOT BUNDLED,A2,MISSILE AND SPACE SYSTEMS,541715,"RESEARCH AND DEVELOPMENT IN THE PHYSICAL, ENGINEERING, AND LIFE SCIENCES (EXCEPT NANOTECHNOLOGY AND BIOTECHNOLOGY)",C,NO CLAUSES INCLUDED AND NO SUSTAINABILITY INCLUDED,A,U.S. OWNED BUSINESS,CAA,MDA SUPPORT,Z,NOT IT PRODUCTS OR SERVICES,E,NOT REQUIRED,USA,UNITED STATES,C,NOT A MANUFACTURED END PRODUCT,B,PLAN NOT REQUIRED,D,FULL AND OPEN COMPETITION AFTER EXCLUSION OF SOURCES,NP,NEGOTIATED PROPOSAL/QUOTE,SBA,SMALL BUSINESS SET ASIDE - TOTAL,NONE,NO PREFERENCE USED,SR1,SMALL BUSINESS INNOVATION RESEARCH PROGRAM PHASE I ACTION,,,,,329,D,COMMERCIAL ITEM PROCEDURES NOT USED,f,N,NO,N,NO,N,NO,N,NO,0.00,N,NO,N,NO,N,NO,N,NO,X,NOT APPLICABLE,,,,,,,,NONE,NONE,N,NO,X,NOT APPLICABLE EXEMPT FROM CAS,N,TRANSACTION DOES NOT USE GFE/GFP,N,NO,D,NOT CONSOLIDATED,N,NO - SERVICE WHERE PBA IS NOT USED.,N,NO,Z,NOT APPLICABLE,N,NO,X,NOT APPLICABLE,f,f,f,f,f,f,f,f,f,f,f,f,f,f,f,f,f,f,f,SMALL BUSINESS,S,f,f,f,f,f,f,f,f,f,f,f,f,f,f,f,f,f,CORPORATE NOT TAX EXEMPT,t,f,f,f,f,f,f,f,f,f,f,f,f,f,f,f,f,t,f,f,f,f,f,f,f,t,f,f,t,f,f,f,f,f,f,f,f,f,f,f,f,f,f,f,f,f,f,f,t,f,JASON  KEEN,208783.00,MICHAEL  ROESCH,190436.00,DANIEL  FAIRCLOTH,225296.00,DAN  BODEKER,218093.00,KYLE  MOORE,201682.00,https://www.usaspending.gov/award/CONT_AWD_HQ086022C7047_9700_-NONE-_-NONE-/,2021-11-30 18:15:02+00
CONT_AWD_HQ086022C7052_9700_-NONE-_-NONE-,HQ086022C7052,,,,Q: Not Designated Nonemergency/Emergency/Disaster/Wildfire Suppression,,,,,149941.22,0.00,149941.22,149941.22,2021-11-30,2022,2021-11-30,2022,2021-11-30,2022-08-05,2022-08-05 00:00:00,,,097,Department of Defense,97JC,Missile Defense Agency,HQ0860,MISSILE DEFENSE AGENCY (MDA),097,Department of Defense,97JC,Missile Defense Agency,HQ0147,MISSILE DEFENSE AGENCY (MDA),097-2021/2022-0400-000,097-0400,25.5: Research and development contracts,0001: BASIC RESEARCH,X,NOT APPLICABLE,,,G1UKJ2A75RN3,601218253,"ENERGETIC MATERIALS & PRODUCTS, INC.","ENERGETIC MATERIALS & PRODUCTS, INC.",,4EWG8,G1UKJ2A75RN3,601218253,"ENERGETIC MATERIALS & PRODUCTS, INC.",ENERGETIC MATERIALS AND PRODUCTS  INC.,USA,UNITED STATES,1413 BRANDI LN,,ROUND ROCK,48491,WILLIAMSON,48,TX,TEXAS,786814101,TX-31,TX-31,5123801942,,USA,UNITED STATES,ROUND ROCK,48491,WILLIAMSON,48,TX,TEXAS,786814101,TX-31,TX-31,AWARD,D,DEFINITIVE CONTRACT,,,,,,,J,FIRM FIXED PRICE,SBIR/STTR PHASE I RESEARCH & DEVELOPMENT - KILL ENHANCING DEVICE,,1,OT,OTHER FUNCTIONS,AC23,NATIONAL DEFENSE R&D SERVICES; ATOMIC ENERGY DEFENSE ACTIVITIES; EXPERIMENTAL DEVELOPMENT,H,NOT BUNDLED,A2,MISSILE AND SPACE SYSTEMS,541715,"RESEARCH AND DEVELOPMENT IN THE PHYSICAL, ENGINEERING, AND LIFE SCIENCES (EXCEPT NANOTECHNOLOGY AND BIOTECHNOLOGY)",C,NO CLAUSES INCLUDED AND NO SUSTAINABILITY INCLUDED,A,U.S. OWNED BUSINESS,CAA,MDA SUPPORT,Z,NOT IT PRODUCTS OR SERVICES,E,NOT REQUIRED,USA,UNITED STATES,C,NOT A MANUFACTURED END PRODUCT,B,PLAN NOT REQUIRED,D,FULL AND OPEN COMPETITION AFTER EXCLUSION OF SOURCES,NP,NEGOTIATED PROPOSAL/QUOTE,SBA,SMALL BUSINESS SET ASIDE - TOTAL,NONE,NO PREFERENCE USED,SR1,SMALL BUSINESS INNOVATION RESEARCH PROGRAM PHASE I ACTION,,,,,329,D,COMMERCIAL ITEM PROCEDURES NOT USED,f,N,NO,N,NO,N,NO,N,NO,0.00,N,NO,N,NO,N,NO,N,NO,X,NOT APPLICABLE,,,,,,,,NONE,NONE,N,NO,X,NOT APPLICABLE EXEMPT FROM CAS,N,TRANSACTION DOES NOT USE GFE/GFP,U,UNKNOWN,D,NOT CONSOLIDATED,N,NO - SERVICE WHERE PBA IS NOT USED.,N,NO,Z,NOT APPLICABLE,N,NO,X,NOT APPLICABLE,f,f,f,f,f,f,f,f,f,f,f,f,f,f,f,f,f,f,f,SMALL BUSINESS,S,f,f,f,f,f,f,f,f,f,f,f,f,f,f,f,f,f,CORPORATE NOT TAX EXEMPT,t,f,f,f,f,f,f,f,f,f,f,f,f,f,f,f,f,t,f,f,f,f,f,f,f,f,f,f,t,f,f,f,f,f,f,f,f,f,f,f,f,f,f,f,f,f,f,f,f,f,,,,,,,,,,,https://www.usaspending.gov/award/CONT_AWD_HQ086022C7052_9700_-NONE-_-NONE-/,2021-11-30 21:02:36+00
CONT_AWD_HQ086022C7053_9700_-NONE-_-NONE-,HQ086022C7053,,,,Q: Not Designated Nonemergency/Emergency/Disaster/Wildfire Suppression,,,,,149990.09,0.00,149990.09,149990.09,2021-11-30,2022,2021-11-30,2022,2021-11-30,2022-08-05,2022-08-05 00:00:00,,,097,Department of Defense,97JC,Missile Defense Agency,HQ0860,MISSILE DEFENSE AGENCY (MDA),097,Department of Defense,97JC,Missile Defense Agency,HQ0147,MISSILE DEFENSE AGENCY (MDA),097-2021/2022-0400-000,097-0400,25.5: Research and development contracts,0001: BASIC RESEARCH,X,NOT APPLICABLE,,,DD7KTEMDG6A5,040707460,"CORVID TECHNOLOGIES, LLC",CORVID TECHNOLOGIES LLC,,1VJF8,DD7KTEMDG6A5,040707460,"CORVID TECHNOLOGIES, LLC",CORVID TECHNOLOGIES  INC.,USA,UNITED STATES,153 LANGTREE CAMPUS DR STE 401,,MOORESVILLE,37097,IREDELL,37,NC,NORTH CAROLINA,281178723,NC-13,NC-10,7047996944,7047997974,USA,UNITED STATES,MOORESVILLE,37097,IREDELL,37,NC,NORTH CAROLINA,281178723,NC-10,NC-10,AWARD,D,DEFINITIVE CONTRACT,,,,,,,J,FIRM FIXED PRICE,SBIR/STTR PHASE I RESEARCH & DEVELOPMENT - KILL ENHANCING DEVICES,,1,OT,OTHER FUNCTIONS,AC23,NATIONAL DEFENSE R&D SERVICES; ATOMIC ENERGY DEFENSE ACTIVITIES; EXPERIMENTAL DEVELOPMENT,H,NOT BUNDLED,A2,MISSILE AND SPACE SYSTEMS,541715,"RESEARCH AND DEVELOPMENT IN THE PHYSICAL, ENGINEERING, AND LIFE SCIENCES (EXCEPT NANOTECHNOLOGY AND BIOTECHNOLOGY)",C,NO CLAUSES INCLUDED AND NO SUSTAINABILITY INCLUDED,A,U.S. OWNED BUSINESS,CAA,MDA SUPPORT,Z,NOT IT PRODUCTS OR SERVICES,E,NOT REQUIRED,USA,UNITED STATES,C,NOT A MANUFACTURED END PRODUCT,B,PLAN NOT REQUIRED,D,FULL AND OPEN COMPETITION AFTER EXCLUSION OF SOURCES,NP,NEGOTIATED PROPOSAL/QUOTE,SBA,SMALL BUSINESS SET ASIDE - TOTAL,NONE,NO PREFERENCE USED,SR1,SMALL BUSINESS INNOVATION RESEARCH PROGRAM PHASE I ACTION,,,,,329,D,COMMERCIAL ITEM PROCEDURES NOT USED,f,N,NO,N,NO,N,NO,N,NO,0.00,N,NO,N,NO,N,NO,N,NO,X,NOT APPLICABLE,,,,,,,,NONE,NONE,N,NO,X,NOT APPLICABLE EXEMPT FROM CAS,N,TRANSACTION DOES NOT USE GFE/GFP,U,UNKNOWN,D,NOT CONSOLIDATED,N,NO - SERVICE WHERE PBA IS NOT USED.,N,NO,Z,NOT APPLICABLE,N,NO,X,NOT APPLICABLE,f,f,f,f,f,f,f,f,f,f,f,f,f,f,f,f,f,f,f,SMALL BUSINESS,S,f,f,f,f,f,f,f,f,f,f,f,f,f,f,f,f,f,CORPORATE NOT TAX EXEMPT,t,f,f,f,f,f,f,f,f,f,f,f,f,f,f,f,f,t,f,f,f,f,f,f,f,f,t,f,t,f,f,f,f,f,f,f,f,f,f,f,f,f,f,f,f,f,f,f,f,f,DAVID  ROBINSON,350000.00,EDWIN  BERNA,325771.00,,,,,,,https://www.usaspending.gov/award/CONT_AWD_HQ086022C7053_9700_-NONE-_-NONE-/,2021-11-30 14:01:10+00
CONT_AWD_HQ086022C7056_9700_-NONE-_-NONE-,HQ086022C7056,,,,Q: Not Designated Nonemergency/Emergency/Disaster/Wildfire Suppression,,,,,149920.47,0.00,149920.47,149920.47,2021-11-29,2022,2021-11-29,2022,2021-11-29,2022-08-05,2022-08-05 00:00:00,,,097,Department of Defense,97JC,Missile Defense Agency,HQ0860,MISSILE DEFENSE AGENCY (MDA),097,Department of Defense,97JC,Missile Defense Agency,HQ0147,MISSILE DEFENSE AGENCY (MDA),097-2021/2022-0400-000,097-0400,25.5: Research and development contracts,0001: BASIC RESEARCH,X,NOT APPLICABLE,,,V3KCP1HNFM33,185169620,CFD RESEARCH CORPORATION,CFD RESEARCH CORPORATION,,0DEW1,V3KCP1HNFM33,185169620,CFD RESEARCH CORPORATION,CFD RESEARCH CORPORATION,USA,UNITED STATES,6820 MOQUIN DR NW,,HUNTSVILLE,01089,MADISON,01,AL,ALABAMA,358062900,AL-05,AL-05,2563610799,2567264803,USA,UNITED STATES,HUNTSVILLE,01089,MADISON,01,AL,ALABAMA,358062900,AL-05,AL-05,AWARD,D,DEFINITIVE CONTRACT,,,,,,,J,FIRM FIXED PRICE,SBIR/STTR PHASE I RESEARCH & DEVELOPMENT - A MODULAR FRAMEWORK FOR OPTIMIZATION OF PURSUIT EVASION STRATEGIES FOR HYPERSONIC INTERCEPT,,1,OT,OTHER FUNCTIONS,AC23,NATIONAL DEFENSE R&D SERVICES; ATOMIC ENERGY DEFENSE ACTIVITIES; EXPERIMENTAL DEVELOPMENT,H,NOT BUNDLED,A2,MISSILE AND SPACE SYSTEMS,541715,"RESEARCH AND DEVELOPMENT IN THE PHYSICAL, ENGINEERING, AND LIFE SCIENCES (EXCEPT NANOTECHNOLOGY AND BIOTECHNOLOGY)",C,NO CLAUSES INCLUDED AND NO SUSTAINABILITY INCLUDED,A,U.S. OWNED BUSINESS,CAA,MDA SUPPORT,Z,NOT IT PRODUCTS OR SERVICES,E,NOT REQUIRED,USA,UNITED STATES,C,NOT A MANUFACTURED END PRODUCT,B,PLAN NOT REQUIRED,D,FULL AND OPEN COMPETITION AFTER EXCLUSION OF SOURCES,NP,NEGOTIATED PROPOSAL/QUOTE,SBA,SMALL BUSINESS SET ASIDE - TOTAL,NONE,NO PREFERENCE USED,SR1,SMALL BUSINESS INNOVATION RESEARCH PROGRAM PHASE I ACTION,,,,,329,D,COMMERCIAL ITEM PROCEDURES NOT USED,f,N,NO,N,NO,N,NO,N,NO,0.00,N,NO,N,NO,N,NO,N,NO,X,NOT APPLICABLE,,,,,,,,NONE,NONE,N,NO,X,NOT APPLICABLE EXEMPT FROM CAS,N,TRANSACTION DOES NOT USE GFE/GFP,U,UNKNOWN,D,NOT CONSOLIDATED,N,NO - SERVICE WHERE PBA IS NOT USED.,N,NO,Z,NOT APPLICABLE,N,NO,X,NOT APPLICABLE,f,f,f,f,f,f,f,f,f,f,f,f,f,f,f,f,f,f,f,SMALL BUSINESS,S,f,f,f,f,f,f,f,f,f,f,f,f,f,f,f,f,f,CORPORATE NOT TAX EXEMPT,t,f,f,f,f,f,f,f,f,f,f,f,f,f,f,f,f,t,f,f,f,f,f,f,f,f,f,f,t,f,f,f,f,f,f,f,f,f,f,f,f,f,f,f,f,f,f,f,f,f,SAMEER  SINGHAL,311004.00,STEPHEN  CAYSON,244649.00,PEGGY  SARGENT,215390.00,SAMI  HABCHI,256918.00,KAPIL  PANT,253340.00,https://www.usaspending.gov/award/CONT_AWD_HQ086022C7056_9700_-NONE-_-NONE-/,2021-11-29 15:25:46+00
CONT_AWD_HQ086022C7058_9700_-NONE-_-NONE-,HQ086022C7058,,,,Q: Not Designated Nonemergency/Emergency/Disaster/Wildfire Suppression,,,,,149834.00,0.00,149834.00,149834.00,2021-11-30,2022,2021-11-30,2022,2021-11-30,2022-08-05,2022-08-05 00:00:00,,,097,Department of Defense,97JC,Missile Defense Agency,HQ0860,MISSILE DEFENSE AGENCY (MDA),097,Department of Defense,97JC,Missile Defense Agency,HQ0147,MISSILE DEFENSE AGENCY (MDA),097-2021/2022-0400-000,097-0400,25.5: Research and development contracts,0001: BASIC RESEARCH,X,NOT APPLICABLE,,,RMG1AZ1ZH8Q7,073800062,PHYSICAL SCIENCES INC.,PHYSICAL SCIENCES INC.,,8K901,RMG1AZ1ZH8Q7,073800062,PHYSICAL SCIENCES INC.,PHYSICAL SCIENCES  INC.,USA,UNITED STATES,20 NEW ENGLAND BUSINESS CTR DR,,ANDOVER,25009,ESSEX,25,MA,MASSACHUSETTS,018101022,MA-03,MA-06,9786890003,9786893232,USA,UNITED STATES,ANDOVER,25009,ESSEX,25,MA,MASSACHUSETTS,018101111,MA-03,MA-06,AWARD,D,DEFINITIVE CONTRACT,,,,,,,J,FIRM FIXED PRICE,SBIR/STTR PHASE I RESEARCH & DEVELOPMENT- ULTRA HIGH APPARENT TEMPERATURE LARGE FORMAT DMD-BASED IR SCENE PROJECTOR,,1,OT,OTHER FUNCTIONS,AC23,NATIONAL DEFENSE R&D SERVICES; ATOMIC ENERGY DEFENSE ACTIVITIES; EXPERIMENTAL DEVELOPMENT,H,NOT BUNDLED,A2,MISSILE AND SPACE SYSTEMS,541715,"RESEARCH AND DEVELOPMENT IN THE PHYSICAL, ENGINEERING, AND LIFE SCIENCES (EXCEPT NANOTECHNOLOGY AND BIOTECHNOLOGY)",C,NO CLAUSES INCLUDED AND NO SUSTAINABILITY INCLUDED,A,U.S. OWNED BUSINESS,CAA,MDA SUPPORT,Z,NOT IT PRODUCTS OR SERVICES,E,NOT REQUIRED,USA,UNITED STATES,C,NOT A MANUFACTURED END PRODUCT,B,PLAN NOT REQUIRED,D,FULL AND OPEN COMPETITION AFTER EXCLUSION OF SOURCES,NP,NEGOTIATED PROPOSAL/QUOTE,SBA,SMALL BUSINESS SET ASIDE - TOTAL,NONE,NO PREFERENCE USED,SR1,SMALL BUSINESS INNOVATION RESEARCH PROGRAM PHASE I ACTION,,,,,329,D,COMMERCIAL ITEM PROCEDURES NOT USED,f,N,NO,N,NO,N,NO,N,NO,0.00,N,NO,N,NO,N,NO,N,NO,X,NOT APPLICABLE,,,,,,,,NONE,NONE,N,NO,X,NOT APPLICABLE EXEMPT FROM CAS,N,TRANSACTION DOES NOT USE GFE/GFP,U,UNKNOWN,D,NOT CONSOLIDATED,Y,YES - SERVICE WHERE PBA IS USED.,N,NO,Z,NOT APPLICABLE,N,NO,X,NOT APPLICABLE,f,f,f,f,f,f,f,f,f,f,f,f,f,f,f,f,f,f,f,SMALL BUSINESS,S,f,f,f,f,f,f,f,f,f,f,f,f,f,f,f,f,f,CORPORATE NOT TAX EXEMPT,t,f,f,f,f,f,f,f,f,f,f,f,f,f,f,f,f,t,f,f,f,f,f,f,f,f,f,f,t,f,f,f,f,f,f,f,f,f,f,f,f,f,f,f,f,f,f,f,f,f,B. DAVID  GREEN,482181.00,WILLIAM J MARINELLI,427562.00,STEVEN R GENESTRETI,399007.00,BOGDAN R COSOFRET,333460.00,MARK G ALLEN,398641.00,https://www.usaspending.gov/award/CONT_AWD_HQ086022C7058_9700_-NONE-_-NONE-/,2021-11-30 21:32:55+00
CONT_AWD_HQ086022C7061_9700_-NONE-_-NONE-,HQ086022C7061,,,,Q: Not Designated Nonemergency/Emergency/Disaster/Wildfire Suppression,,,,,149990.83,0.00,149990.83,149990.83,2021-11-30,2022,2021-11-30,2022,2021-11-30,2022-08-05,2022-08-05 00:00:00,,,097,Department of Defense,97JC,Missile Defense Agency,HQ0860,MISSILE DEFENSE AGENCY (MDA),097,Department of Defense,97JC,Missile Defense Agency,HQ0860,MISSILE DEFENSE AGENCY (MDA),097-2021/2022-0400-000,097-0400,25.5: Research and development contracts,0001: BASIC RESEARCH,X,NOT APPLICABLE,,,D6M2SL1TEZK3,129457037,KENT OPTRONICS INC,"KENT OPTRONICS, INC.",,1PRM5,D6M2SL1TEZK3,129457037,KENT OPTRONICS INC,KENT OPTRONICS INC,USA,UNITED STATES,40 CORPORATE PARK DR,,HOPEWELL JUNCTION,36027,DUTCHESS,36,NY,NEW YORK,125336552,NY-18,NY-17,8458970138,8458970603,USA,UNITED STATES,HOPEWELL JUNCTION,36027,DUTCHESS,36,NY,NEW YORK,125330001,NY-18,NY-17,AWARD,D,DEFINITIVE CONTRACT,,,,,,,J,FIRM FIXED PRICE,SBIR/STTR PHASE I RESEARCH & DEVELOPMENT,,1,OT,OTHER FUNCTIONS,AC23,NATIONAL DEFENSE R&D SERVICES; ATOMIC ENERGY DEFENSE ACTIVITIES; EXPERIMENTAL DEVELOPMENT,H,NOT BUNDLED,A2,MISSILE AND SPACE SYSTEMS,541715,"RESEARCH AND DEVELOPMENT IN THE PHYSICAL, ENGINEERING, AND LIFE SCIENCES (EXCEPT NANOTECHNOLOGY AND BIOTECHNOLOGY)",C,NO CLAUSES INCLUDED AND NO SUSTAINABILITY INCLUDED,A,U.S. OWNED BUSINESS,CAA,MDA SUPPORT,Z,NOT IT PRODUCTS OR SERVICES,E,NOT REQUIRED,USA,UNITED STATES,C,NOT A MANUFACTURED END PRODUCT,B,PLAN NOT REQUIRED,D,FULL AND OPEN COMPETITION AFTER EXCLUSION OF SOURCES,NP,NEGOTIATED PROPOSAL/QUOTE,SBA,SMALL BUSINESS SET ASIDE - TOTAL,NONE,NO PREFERENCE USED,SR1,SMALL BUSINESS INNOVATION RESEARCH PROGRAM PHASE I ACTION,,,,,329,D,COMMERCIAL ITEM PROCEDURES NOT USED,f,N,NO,N,NO,N,NO,N,NO,0.00,N,NO,N,NO,N,NO,N,NO,X,NOT APPLICABLE,,,,,,,,NONE,NONE,N,NO,X,NOT APPLICABLE EXEMPT FROM CAS,N,TRANSACTION DOES NOT USE GFE/GFP,U,UNKNOWN,D,NOT CONSOLIDATED,N,NO - SERVICE WHERE PBA IS NOT USED.,N,NO,Z,NOT APPLICABLE,N,NO,X,NOT APPLICABLE,f,f,f,f,f,f,f,f,f,f,f,f,t,f,t,f,f,f,f,SMALL BUSINESS,S,f,f,f,f,f,f,f,f,f,f,f,f,f,f,f,f,f,CORPORATE NOT TAX EXEMPT,t,f,f,f,f,f,f,f,f,f,f,f,f,f,f,f,f,t,f,f,f,f,f,f,f,f,f,f,t,f,f,f,f,f,f,f,f,f,f,f,f,f,f,f,f,t,f,f,f,f,,,,,,,,,,,https://www.usaspending.gov/award/CONT_AWD_HQ086022C7061_9700_-NONE-_-NONE-/,2021-11-30 13:46:23+00
CONT_AWD_HQ086022C7062_9700_-NONE-_-NONE-,HQ086022C7062,,,,Q: Not Designated Nonemergency/Emergency/Disaster/Wildfire Suppression,,,,,154790.00,0.00,154790.00,154790.00,2021-11-30,2022,2021-11-30,2022,2021-11-30,2022-08-05,2022-08-05 00:00:00,,,097,Department of Defense,97JC,Missile Defense Agency,HQ0860,MISSILE DEFENSE AGENCY (MDA),097,Department of Defense,97JC,Missile Defense Agency,HQ0147,MISSILE DEFENSE AGENCY (MDA),097-2021/2022-0400-000,097-0400,25.5: Research and development contracts,0001: BASIC RESEARCH,X,NOT APPLICABLE,,,DA91DUWSMSQ7,796010411,"TRITON SYSTEMS, INC.","TRITON SYSTEMS, INC.",,0VLJ1,DA91DUWSMSQ7,796010411,"TRITON SYSTEMS, INC.",TRITON SYSTEMS  INC.,USA,UNITED STATES,330 BILLERICA RD STE 200,,CHELMSFORD,25017,MIDDLESEX,25,MA,MASSACHUSETTS,018244140,MA-03,MA-03,9788564174,9782509585,USA,UNITED STATES,CHELMSFORD,25017,MIDDLESEX,25,MA,MASSACHUSETTS,018240002,MA-03,MA-03,AWARD,D,DEFINITIVE CONTRACT,,,,,,,J,FIRM FIXED PRICE,SBIR/STTR PHASE I RESEARCH & DEVELOPMENT CONSTABLE CONTEXTUAL REASONING SYSTEM FOR THREAT CLASSIFICATION,,1,OT,OTHER FUNCTIONS,AC23,NATIONAL DEFENSE R&D SERVICES; ATOMIC ENERGY DEFENSE ACTIVITIES; EXPERIMENTAL DEVELOPMENT,H,NOT BUNDLED,A2,MISSILE AND SPACE SYSTEMS,541715,"RESEARCH AND DEVELOPMENT IN THE PHYSICAL, ENGINEERING, AND LIFE SCIENCES (EXCEPT NANOTECHNOLOGY AND BIOTECHNOLOGY)",C,NO CLAUSES INCLUDED AND NO SUSTAINABILITY INCLUDED,A,U.S. OWNED BUSINESS,CAA,MDA SUPPORT,Z,NOT IT PRODUCTS OR SERVICES,E,NOT REQUIRED,USA,UNITED STATES,C,NOT A MANUFACTURED END PRODUCT,B,PLAN NOT REQUIRED,D,FULL AND OPEN COMPETITION AFTER EXCLUSION OF SOURCES,NP,NEGOTIATED PROPOSAL/QUOTE,SBA,SMALL BUSINESS SET ASIDE - TOTAL,NONE,NO PREFERENCE USED,SR1,SMALL BUSINESS INNOVATION RESEARCH PROGRAM PHASE I ACTION,,,,,329,D,COMMERCIAL ITEM PROCEDURES NOT USED,f,N,NO,N,NO,N,NO,N,NO,0.00,N,NO,N,NO,N,NO,N,NO,X,NOT APPLICABLE,,,,,,,,NONE,NONE,N,NO,X,NOT APPLICABLE EXEMPT FROM CAS,N,TRANSACTION DOES NOT USE GFE/GFP,U,UNKNOWN,D,NOT CONSOLIDATED,N,NO - SERVICE WHERE PBA IS NOT USED.,N,NO,Z,NOT APPLICABLE,N,NO,X,NOT APPLICABLE,f,f,f,f,f,f,f,f,f,f,f,f,f,f,f,f,f,f,f,SMALL BUSINESS,S,f,f,f,f,f,f,f,f,f,f,f,f,f,f,f,f,f,CORPORATE NOT TAX EXEMPT,t,f,f,f,f,f,f,f,f,f,f,f,f,f,f,f,f,t,f,f,f,f,f,f,f,f,f,f,t,f,f,f,f,f,f,f,f,f,f,f,f,f,f,f,f,f,f,f,f,f,,,,,,,,,,,https://www.usaspending.gov/award/CONT_AWD_HQ086022C7062_9700_-NONE-_-NONE-/,2021-11-30 13:34:41+00
CONT_AWD_HQ086022C7063_9700_-NONE-_-NONE-,HQ086022C7063,,,,Q: Not Designated Nonemergency/Emergency/Disaster/Wildfire Suppression,,,,,149998.29,0.00,149998.29,149998.29,2021-11-30,2022,2021-11-30,2022,2021-11-30,2022-08-05,2022-08-05 00:00:00,,,097,Department of Defense,97JC,Missile Defense Agency,HQ0860,MISSILE DEFENSE AGENCY (MDA),097,Department of Defense,97JC,Missile Defense Agency,HQ0860,MISSILE DEFENSE AGENCY (MDA),097-2021/2022-0400-000,097-0400,25.5: Research and development contracts,0001: BASIC RESEARCH,X,NOT APPLICABLE,,,G5CTKNN62KG5,079640621,CLOSTRA INC,"CLOSTRA, INC.",,7NYG3,G5CTKNN62KG5,079640621,CLOSTRA INC,CLOSTRA  INC.,USA,UNITED STATES,1221 BRICKELL AVE STE 900,,MIAMI,12086,MIAMI-DADE,12,FL,FLORIDA,331313800,FL-27,FL-27,4152751534,,USA,UNITED STATES,MIAMI,12086,MIAMI-DADE,12,FL,FLORIDA,331313893,FL-27,FL-27,AWARD,D,DEFINITIVE CONTRACT,,,,,,,J,FIRM FIXED PRICE,SBIR/STTR PHASE I RESEARCH & DEVELOPMENT,,1,OT,OTHER FUNCTIONS,AC23,NATIONAL DEFENSE R&D SERVICES; ATOMIC ENERGY DEFENSE ACTIVITIES; EXPERIMENTAL DEVELOPMENT,H,NOT BUNDLED,A2,MISSILE AND SPACE SYSTEMS,541715,"RESEARCH AND DEVELOPMENT IN THE PHYSICAL, ENGINEERING, AND LIFE SCIENCES (EXCEPT NANOTECHNOLOGY AND BIOTECHNOLOGY)",C,NO CLAUSES INCLUDED AND NO SUSTAINABILITY INCLUDED,A,U.S. OWNED BUSINESS,CAA,MDA SUPPORT,Z,NOT IT PRODUCTS OR SERVICES,E,NOT REQUIRED,USA,UNITED STATES,C,NOT A MANUFACTURED END PRODUCT,B,PLAN NOT REQUIRED,D,FULL AND OPEN COMPETITION AFTER EXCLUSION OF SOURCES,NP,NEGOTIATED PROPOSAL/QUOTE,SBA,SMALL BUSINESS SET ASIDE - TOTAL,NONE,NO PREFERENCE USED,SR1,SMALL BUSINESS INNOVATION RESEARCH PROGRAM PHASE I ACTION,,,,,329,D,COMMERCIAL ITEM PROCEDURES NOT USED,f,N,NO,N,NO,N,NO,N,NO,0.00,N,NO,N,NO,N,NO,N,NO,X,NOT APPLICABLE,,,,,,,,NONE,NONE,N,NO,X,NOT APPLICABLE EXEMPT FROM CAS,N,TRANSACTION DOES NOT USE GFE/GFP,U,UNKNOWN,D,NOT CONSOLIDATED,N,NO - SERVICE WHERE PBA IS NOT USED.,N,NO,Z,NOT APPLICABLE,N,NO,X,NOT APPLICABLE,f,f,f,f,f,f,f,f,f,f,f,f,f,f,f,f,f,f,f,SMALL BUSINESS,S,f,f,f,f,f,f,f,f,f,f,f,f,f,f,f,f,f,CORPORATE NOT TAX EXEMPT,t,f,f,f,f,f,f,f,f,f,f,f,f,f,f,f,f,t,f,f,f,f,f,f,f,f,f,f,t,f,f,f,f,f,f,f,f,f,f,f,f,f,f,f,f,f,f,f,f,f,,,,,,,,,,,https://www.usaspending.gov/award/CONT_AWD_HQ086022C7063_9700_-NONE-_-NONE-/,2021-11-30 13:57:49+00
CONT_AWD_HQ086022C7066_9700_-NONE-_-NONE-,HQ086022C7066,,,,Q: Not Designated Nonemergency/Emergency/Disaster/Wildfire Suppression,,,,,150000.00,0.00,150000.00,150000.00,2021-11-30,2022,2021-11-30,2022,2021-11-30,2022-08-05,2022-08-05 00:00:00,,,097,Department of Defense,97JC,Missile Defense Agency,HQ0860,MISSILE DEFENSE AGENCY (MDA),097,Department of Defense,97JC,Missile Defense Agency,HQ0147,MISSILE DEFENSE AGENCY (MDA),097-2021/2022-0400-000,097-0400,25.5: Research and development contracts,0001: BASIC RESEARCH,X,NOT APPLICABLE,,,PK1CB3L39XX8,054672662,TOYON RESEARCH CORPORATION,TOYON RESEARCH CORPORATION,,4U552,PK1CB3L39XX8,054672662,TOYON RESEARCH CORPORATION,TOYON RESEARCH CORPORATION,USA,UNITED STATES,6800 CORTONA DR,,GOLETA,06083,SANTA BARBARA,06,CA,CALIFORNIA,931173021,CA-24,CA-24,8059686787,8056858089,USA,UNITED STATES,GOLETA,06083,SANTA BARBARA,06,CA,CALIFORNIA,931175330,CA-24,CA-24,AWARD,D,DEFINITIVE CONTRACT,,,,,,,J,FIRM FIXED PRICE,SBIR/STTR PHASE I RESEARCH & DEVELOPMENT CONTEXTUAL REASONING FOR THREAT CLASSIFICATION REFINEMENT,,1,OT,OTHER FUNCTIONS,AC23,NATIONAL DEFENSE R&D SERVICES; ATOMIC ENERGY DEFENSE ACTIVITIES; EXPERIMENTAL DEVELOPMENT,H,NOT BUNDLED,A2,MISSILE AND SPACE SYSTEMS,541715,"RESEARCH AND DEVELOPMENT IN THE PHYSICAL, ENGINEERING, AND LIFE SCIENCES (EXCEPT NANOTECHNOLOGY AND BIOTECHNOLOGY)",C,NO CLAUSES INCLUDED AND NO SUSTAINABILITY INCLUDED,A,U.S. OWNED BUSINESS,CAA,MDA SUPPORT,Z,NOT IT PRODUCTS OR SERVICES,E,NOT REQUIRED,USA,UNITED STATES,C,NOT A MANUFACTURED END PRODUCT,B,PLAN NOT REQUIRED,D,FULL AND OPEN COMPETITION AFTER EXCLUSION OF SOURCES,NP,NEGOTIATED PROPOSAL/QUOTE,SBA,SMALL BUSINESS SET ASIDE - TOTAL,NONE,NO PREFERENCE USED,SR1,SMALL BUSINESS INNOVATION RESEARCH PROGRAM PHASE I ACTION,,,,,329,D,COMMERCIAL ITEM PROCEDURES NOT USED,f,N,NO,N,NO,N,NO,N,NO,0.00,N,NO,N,NO,N,NO,N,NO,X,NOT APPLICABLE,,,,,,,,NONE,NONE,N,NO,X,NOT APPLICABLE EXEMPT FROM CAS,N,TRANSACTION DOES NOT USE GFE/GFP,U,UNKNOWN,D,NOT CONSOLIDATED,N,NO - SERVICE WHERE PBA IS NOT USED.,N,NO,Z,NOT APPLICABLE,N,NO,X,NOT APPLICABLE,f,f,f,f,f,f,f,f,f,f,f,f,f,f,f,f,f,f,f,SMALL BUSINESS,S,f,f,f,f,f,f,f,f,f,f,f,f,f,f,f,f,f,CORPORATE NOT TAX EXEMPT,t,f,f,f,f,f,f,f,f,f,f,f,f,f,f,f,f,t,f,f,f,f,f,f,f,t,f,f,t,f,f,f,f,f,f,f,f,f,f,f,f,f,f,f,f,f,f,f,f,f,,,,,,,,,,,https://www.usaspending.gov/award/CONT_AWD_HQ086022C7066_9700_-NONE-_-NONE-/,2021-11-30 12:36:03+00
CONT_AWD_HQ086022C7070_9700_-NONE-_-NONE-,HQ086022C7070,,,,Q: Not Designated Nonemergency/Emergency/Disaster/Wildfire Suppression,,,,,154994.33,0.00,154994.33,154994.33,2021-11-29,2022,2021-11-29,2022,2021-11-29,2022-08-05,2022-08-05 00:00:00,,,097,Department of Defense,97JC,Missile Defense Agency,HQ0860,MISSILE DEFENSE AGENCY (MDA),097,Department of Defense,97JC,Missile Defense Agency,HQ0147,MISSILE DEFENSE AGENCY (MDA),097-2021/2022-0400-000,097-0400,25.5: Research and development contracts,0001: BASIC RESEARCH,X,NOT APPLICABLE,,,CSPJJ1VXPMT9,968887195,NOU SYSTEMS INC,"NOU SYSTEMS, INC.",,6GXX4,CSPJJ1VXPMT9,968887195,NOU SYSTEMS INC,NOU SYSTEMS INC,USA,UNITED STATES,7047 OLD MADISON PIKE STE 305,,HUNTSVILLE,01089,MADISON,01,AL,ALABAMA,358062197,AL-05,AL-05,2563279007,2563275542,USA,UNITED STATES,HUNTSVILLE,01089,MADISON,01,AL,ALABAMA,358062197,AL-05,AL-05,AWARD,D,DEFINITIVE CONTRACT,,,,,,,J,FIRM FIXED PRICE,SBIR/STTR PHASE I RESEARCH & DEVELOPMENT - FEDERATED LEARNING FOR ACCURATE OBJECT CLASSIFICATION,,1,OT,OTHER FUNCTIONS,AC23,NATIONAL DEFENSE R&D SERVICES; ATOMIC ENERGY DEFENSE ACTIVITIES; EXPERIMENTAL DEVELOPMENT,H,NOT BUNDLED,A2,MISSILE AND SPACE SYSTEMS,541715,"RESEARCH AND DEVELOPMENT IN THE PHYSICAL, ENGINEERING, AND LIFE SCIENCES (EXCEPT NANOTECHNOLOGY AND BIOTECHNOLOGY)",C,NO CLAUSES INCLUDED AND NO SUSTAINABILITY INCLUDED,A,U.S. OWNED BUSINESS,CAA,MDA SUPPORT,Z,NOT IT PRODUCTS OR SERVICES,E,NOT REQUIRED,USA,UNITED STATES,C,NOT A MANUFACTURED END PRODUCT,B,PLAN NOT REQUIRED,D,FULL AND OPEN COMPETITION AFTER EXCLUSION OF SOURCES,NP,NEGOTIATED PROPOSAL/QUOTE,SBA,SMALL BUSINESS SET ASIDE - TOTAL,NONE,NO PREFERENCE USED,SR1,SMALL BUSINESS INNOVATION RESEARCH PROGRAM PHASE I ACTION,,,,,329,D,COMMERCIAL ITEM PROCEDURES NOT USED,f,N,NO,N,NO,N,NO,N,NO,0.00,N,NO,N,NO,N,NO,N,NO,X,NOT APPLICABLE,,,,,,,,NONE,NONE,N,NO,X,NOT APPLICABLE EXEMPT FROM CAS,N,TRANSACTION DOES NOT USE GFE/GFP,N,NO,D,NOT CONSOLIDATED,N,NO - SERVICE WHERE PBA IS NOT USED.,N,NO,Z,NOT APPLICABLE,N,NO,X,NOT APPLICABLE,f,f,f,f,f,f,f,t,t,f,f,f,f,f,f,f,f,f,f,SMALL BUSINESS,S,f,f,f,f,f,f,f,f,f,f,f,f,f,f,f,f,f,CORPORATE NOT TAX EXEMPT,t,f,f,f,f,f,f,f,f,f,f,f,f,f,f,f,f,t,f,f,f,f,f,f,f,t,f,f,t,f,f,f,f,f,f,f,f,f,f,f,f,f,f,f,f,f,f,f,f,f,GREG  TACKETT,275000.00,JAY B ROMINE,255616.00,WILLIAM S BROWER,255766.00,FRANK J MELLO,255616.00,LEE  PHILLIPS,275000.00,https://www.usaspending.gov/award/CONT_AWD_HQ086022C7070_9700_-NONE-_-NONE-/,2021-11-29 13:20:33+00
CONT_AWD_HQ086022C7071_9700_-NONE-_-NONE-,HQ086022C7071,,,,Q: Not Designated Nonemergency/Emergency/Disaster/Wildfire Suppression,,,,,150000.00,0.00,150000.00,150000.00,2021-11-24,2022,2021-11-24,2022,2021-11-24,2022-08-05,2022-08-05 00:00:00,,,097,Department of Defense,97JC,Missile Defense Agency,HQ0860,MISSILE DEFENSE AGENCY (MDA),097,Department of Defense,97JC,Missile Defense Agency,HQ0147,MISSILE DEFENSE AGENCY (MDA),097-2021/2022-0400-000,097-0400,25.5: Research and development contracts,0001: BASIC RESEARCH,X,NOT APPLICABLE,,,YJXQFQ83DQR4,555403328,KNOWLEDGE BASED SYSTEMS INC,"KNOWLEDGE BASED SYSTEMS, INC.",,0HKB8,YJXQFQ83DQR4,555403328,KNOWLEDGE BASED SYSTEMS INC,KNOWLEDGE BASED SYSTEMS  INC.,USA,UNITED STATES,1408 UNIVERSITY DR E,,COLLEGE STATION,48041,BRAZOS,48,TX,TEXAS,778402335,TX-17,TX-10,9792605274,9796912829,USA,UNITED STATES,COLLEGE STATION,48041,BRAZOS,48,TX,TEXAS,778402335,TX-17,TX-10,AWARD,D,DEFINITIVE CONTRACT,,,,,,,J,FIRM FIXED PRICE,SBIR/STTR PHASE I RESEARCH & DEVELOPMENT - FEDERATED LEARNING BASED COOPERATIVE SENSING FOR EFFICIENT THREAT DETECTION (FEDSENSE),,1,OT,OTHER FUNCTIONS,AC23,NATIONAL DEFENSE R&D SERVICES; ATOMIC ENERGY DEFENSE ACTIVITIES; EXPERIMENTAL DEVELOPMENT,H,NOT BUNDLED,A2,MISSILE AND SPACE SYSTEMS,541715,"RESEARCH AND DEVELOPMENT IN THE PHYSICAL, ENGINEERING, AND LIFE SCIENCES (EXCEPT NANOTECHNOLOGY AND BIOTECHNOLOGY)",C,NO CLAUSES INCLUDED AND NO SUSTAINABILITY INCLUDED,A,U.S. OWNED BUSINESS,CAA,MDA SUPPORT,Z,NOT IT PRODUCTS OR SERVICES,E,NOT REQUIRED,USA,UNITED STATES,C,NOT A MANUFACTURED END PRODUCT,B,PLAN NOT REQUIRED,D,FULL AND OPEN COMPETITION AFTER EXCLUSION OF SOURCES,NP,NEGOTIATED PROPOSAL/QUOTE,SBA,SMALL BUSINESS SET ASIDE - TOTAL,NONE,NO PREFERENCE USED,SR1,SMALL BUSINESS INNOVATION RESEARCH PROGRAM PHASE I ACTION,,,,,329,D,COMMERCIAL ITEM PROCEDURES NOT USED,f,N,NO,N,NO,N,NO,N,NO,0.00,N,NO,N,NO,N,NO,N,NO,X,NOT APPLICABLE,,,,,,,,NONE,NONE,N,NO,X,NOT APPLICABLE EXEMPT FROM CAS,N,TRANSACTION DOES NOT USE GFE/GFP,N,NO,D,NOT CONSOLIDATED,N,NO - SERVICE WHERE PBA IS NOT USED.,N,NO,Z,NOT APPLICABLE,N,NO,X,NOT APPLICABLE,f,f,f,f,f,f,f,f,f,f,f,f,f,f,f,f,f,f,f,SMALL BUSINESS,S,f,f,f,f,f,f,f,f,f,f,f,f,f,f,f,f,f,CORPORATE NOT TAX EXEMPT,t,f,f,f,f,f,f,f,f,f,f,f,f,f,f,f,f,t,f,f,f,f,f,f,f,f,f,f,t,f,f,f,f,f,f,f,f,f,f,f,f,f,f,f,f,f,f,f,f,f,,,,,,,,,,,https://www.usaspending.gov/award/CONT_AWD_HQ086022C7071_9700_-NONE-_-NONE-/,2021-12-07 18:26:41+00
CONT_AWD_HQ086022C7072_9700_-NONE-_-NONE-,HQ086022C7072,,,,Q: Not Designated Nonemergency/Emergency/Disaster/Wildfire Suppression,,,,,149819.00,0.00,149819.00,149819.00,2021-11-29,2022,2021-11-29,2022,2021-11-29,2022-08-05,2022-08-05 00:00:00,,,097,Department of Defense,97JC,Missile Defense Agency,HQ0860,MISSILE DEFENSE AGENCY (MDA),097,Department of Defense,97JC,Missile Defense Agency,HQ0147,MISSILE DEFENSE AGENCY (MDA),097-2021/2022-0400-000,097-0400,25.5: Research and development contracts,0001: BASIC RESEARCH,X,NOT APPLICABLE,,,DL9DNJ5MGXM4,111305843,"BLACK RIVER SYSTEMS COMPANY, INC.",BLACK RIVER SYSTEMS COMPANY INC,,1E8L6,DL9DNJ5MGXM4,111305843,"BLACK RIVER SYSTEMS COMPANY, INC.",BLACK RIVER SYSTEMS COMPANY INC,USA,UNITED STATES,162 GENESEE ST,,UTICA,36065,ONEIDA,36,NY,NEW YORK,135024324,NY-22,NY-22,3157327385,3157325837,USA,UNITED STATES,UTICA,36065,ONEIDA,36,NY,NEW YORK,135024324,NY-22,NY-22,AWARD,D,DEFINITIVE CONTRACT,,,,,,,J,FIRM FIXED PRICE,SBIR/STTR PHASE I RESEARCH & DEVELOPMENT - FEDERATED LEARNING FOR ACCURATE OBJECT CLASSIFICATION,,1,OT,OTHER FUNCTIONS,AC23,NATIONAL DEFENSE R&D SERVICES; ATOMIC ENERGY DEFENSE ACTIVITIES; EXPERIMENTAL DEVELOPMENT,H,NOT BUNDLED,A2,MISSILE AND SPACE SYSTEMS,541715,"RESEARCH AND DEVELOPMENT IN THE PHYSICAL, ENGINEERING, AND LIFE SCIENCES (EXCEPT NANOTECHNOLOGY AND BIOTECHNOLOGY)",C,NO CLAUSES INCLUDED AND NO SUSTAINABILITY INCLUDED,A,U.S. OWNED BUSINESS,CAA,MDA SUPPORT,Z,NOT IT PRODUCTS OR SERVICES,E,NOT REQUIRED,USA,UNITED STATES,C,NOT A MANUFACTURED END PRODUCT,B,PLAN NOT REQUIRED,D,FULL AND OPEN COMPETITION AFTER EXCLUSION OF SOURCES,NP,NEGOTIATED PROPOSAL/QUOTE,SBA,SMALL BUSINESS SET ASIDE - TOTAL,NONE,NO PREFERENCE USED,SR1,SMALL BUSINESS INNOVATION RESEARCH PROGRAM PHASE I ACTION,,,,,329,D,COMMERCIAL ITEM PROCEDURES NOT USED,f,N,NO,N,NO,N,NO,N,NO,0.00,N,NO,N,NO,N,NO,N,NO,X,NOT APPLICABLE,,,,,,,,NONE,NONE,N,NO,X,NOT APPLICABLE EXEMPT FROM CAS,N,TRANSACTION DOES NOT USE GFE/GFP,N,NO,D,NOT CONSOLIDATED,N,NO - SERVICE WHERE PBA IS NOT USED.,N,NO,Z,NOT APPLICABLE,N,NO,X,NOT APPLICABLE,f,f,f,f,f,f,f,f,f,f,f,f,f,f,f,f,f,f,f,SMALL BUSINESS,S,f,f,f,f,f,f,f,f,f,f,f,f,f,f,f,f,f,OTHER,f,f,f,f,f,f,f,f,f,f,f,f,f,f,f,f,f,t,f,f,f,f,f,f,f,t,f,f,t,f,f,f,f,f,f,f,f,f,f,f,f,f,f,f,f,f,f,f,f,f,EUGENE  ZADRA,252577.00,PETER  SHEA,251185.00,JEFFREY  BRANDSTADT,245397.00,MICHAEL  KRUMME,245397.00,MILISSA  BENINCASA,231686.00,https://www.usaspending.gov/award/CONT_AWD_HQ086022C7072_9700_-NONE-_-NONE-/,2021-11-29 12:08:57+00
CONT_AWD_HQ086022C7075_9700_-NONE-_-NONE-,HQ086022C7075,,,,Q: Not Designated Nonemergency/Emergency/Disaster/Wildfire Suppression,,,,,149999.00,0.00,149999.00,149999.00,2021-11-30,2022,2021-11-30,2022,2021-11-30,2022-08-05,2022-08-05 00:00:00,,,097,Department of Defense,97JC,Missile Defense Agency,HQ0860,MISSILE DEFENSE AGENCY (MDA),097,Department of Defense,97JC,Missile Defense Agency,HQ0147,MISSILE DEFENSE AGENCY (MDA),097-2021/2022-0400-000,097-0400,25.5: Research and development contracts,0001: BASIC RESEARCH,X,NOT APPLICABLE,,,LYSTBJSGN458,078491477,ARCHARITHMS INC,"ARCHARITHMS, INC",,6S1Z4,LYSTBJSGN458,078491477,ARCHARITHMS INC,ARCHARITHMS  INC.,USA,UNITED STATES,303 WILLIAMS AVE SW STE 131,,HUNTSVILLE,01089,MADISON,01,AL,ALABAMA,358016001,AL-05,AL-05,2567638781,2567638781,USA,UNITED STATES,HUNTSVILLE,01089,MADISON,01,AL,ALABAMA,358011111,AL-05,AL-05,AWARD,D,DEFINITIVE CONTRACT,,,,,,,J,FIRM FIXED PRICE,SBIR/STTR PHASE I RESEARCH & DEVELOPMENT - SALVO MANAGEMENT USING ARTIFICIAL INTELLIGENCE,,1,OT,OTHER FUNCTIONS,AC23,NATIONAL DEFENSE R&D SERVICES; ATOMIC ENERGY DEFENSE ACTIVITIES; EXPERIMENTAL DEVELOPMENT,H,NOT BUNDLED,A2,MISSILE AND SPACE SYSTEMS,541715,"RESEARCH AND DEVELOPMENT IN THE PHYSICAL, ENGINEERING, AND LIFE SCIENCES (EXCEPT NANOTECHNOLOGY AND BIOTECHNOLOGY)",C,NO CLAUSES INCLUDED AND NO SUSTAINABILITY INCLUDED,A,U.S. OWNED BUSINESS,CAA,MDA SUPPORT,Z,NOT IT PRODUCTS OR SERVICES,E,NOT REQUIRED,USA,UNITED STATES,C,NOT A MANUFACTURED END PRODUCT,B,PLAN NOT REQUIRED,D,FULL AND OPEN COMPETITION AFTER EXCLUSION OF SOURCES,NP,NEGOTIATED PROPOSAL/QUOTE,SBA,SMALL BUSINESS SET ASIDE - TOTAL,NONE,NO PREFERENCE USED,SR1,SMALL BUSINESS INNOVATION RESEARCH PROGRAM PHASE I ACTION,,,,,329,D,COMMERCIAL ITEM PROCEDURES NOT USED,f,N,NO,N,NO,N,NO,N,NO,0.00,N,NO,N,NO,N,NO,N,NO,X,NOT APPLICABLE,,,,,,,,NONE,NONE,N,NO,X,NOT APPLICABLE EXEMPT FROM CAS,N,TRANSACTION DOES NOT USE GFE/GFP,N,NO,D,NOT CONSOLIDATED,N,NO - SERVICE WHERE PBA IS NOT USED.,N,NO,Z,NOT APPLICABLE,N,NO,X,NOT APPLICABLE,f,f,f,f,f,f,f,f,f,f,f,f,f,f,f,f,f,f,f,SMALL BUSINESS,S,f,f,f,f,f,f,f,f,f,f,f,f,f,f,f,f,f,CORPORATE NOT TAX EXEMPT,t,f,f,f,f,f,f,f,f,f,f,f,f,f,f,f,f,t,f,f,f,f,f,f,f,f,f,f,t,f,f,f,f,f,f,f,f,f,f,f,f,f,f,f,f,f,f,f,t,f,,,,,,,,,,,https://www.usaspending.gov/award/CONT_AWD_HQ086022C7075_9700_-NONE-_-NONE-/,2021-11-30 20:30:34+00
CONT_AWD_HQ086022C7076_9700_-NONE-_-NONE-,HQ086022C7076,,,,Q: Not Designated Nonemergency/Emergency/Disaster/Wildfire Suppression,,,,,149994.00,0.00,149994.00,149994.00,2021-11-30,2022,2021-11-30,2022,2021-11-30,2022-08-05,2022-08-05 00:00:00,,,097,Department of Defense,97JC,Missile Defense Agency,HQ0860,MISSILE DEFENSE AGENCY (MDA),097,Department of Defense,97JC,Missile Defense Agency,HQ0147,MISSILE DEFENSE AGENCY (MDA),097-2021/2022-0400-000,097-0400,25.5: Research and development contracts,0001: BASIC RESEARCH,X,NOT APPLICABLE,,,C12TQVKF5413,859244204,"SCIENTIFIC SYSTEMS COMPANY, INC.",SCIENTIFIC SYSTEMS COMPANY INC.,,0KT97,C12TQVKF5413,859244204,"SCIENTIFIC SYSTEMS COMPANY, INC.",SCIENTIFIC SYSTEMS COMPANY INC.,USA,UNITED STATES,500 W CUMMINGS PARK STE 3000,,WOBURN,25017,MIDDLESEX,25,MA,MASSACHUSETTS,018016562,MA-05,MA-05,7819335355,7819384752,USA,UNITED STATES,WOBURN,25017,MIDDLESEX,25,MA,MASSACHUSETTS,018011111,MA-05,MA-05,AWARD,D,DEFINITIVE CONTRACT,,,,,,,J,FIRM FIXED PRICE,SBIR/STTR PHASE I RESEARCH & DEVELOPMENT - REINFORCEMENT LEARNING FOR INTELLIGENT SALVO MANAGEMENT (RLISM),,1,OT,OTHER FUNCTIONS,AC23,NATIONAL DEFENSE R&D SERVICES; ATOMIC ENERGY DEFENSE ACTIVITIES; EXPERIMENTAL DEVELOPMENT,H,NOT BUNDLED,A2,MISSILE AND SPACE SYSTEMS,541715,"RESEARCH AND DEVELOPMENT IN THE PHYSICAL, ENGINEERING, AND LIFE SCIENCES (EXCEPT NANOTECHNOLOGY AND BIOTECHNOLOGY)",C,NO CLAUSES INCLUDED AND NO SUSTAINABILITY INCLUDED,A,U.S. OWNED BUSINESS,CAA,MDA SUPPORT,Z,NOT IT PRODUCTS OR SERVICES,E,NOT REQUIRED,USA,UNITED STATES,C,NOT A MANUFACTURED END PRODUCT,B,PLAN NOT REQUIRED,D,FULL AND OPEN COMPETITION AFTER EXCLUSION OF SOURCES,NP,NEGOTIATED PROPOSAL/QUOTE,SBA,SMALL BUSINESS SET ASIDE - TOTAL,NONE,NO PREFERENCE USED,SR1,SMALL BUSINESS INNOVATION RESEARCH PROGRAM PHASE I ACTION,,,,,329,D,COMMERCIAL ITEM PROCEDURES NOT USED,f,N,NO,N,NO,N,NO,N,NO,0.00,N,NO,N,NO,N,NO,N,NO,X,NOT APPLICABLE,,,,,,,,NONE,NONE,N,NO,X,NOT APPLICABLE EXEMPT FROM CAS,N,TRANSACTION DOES NOT USE GFE/GFP,N,NO,D,NOT CONSOLIDATED,N,NO - SERVICE WHERE PBA IS NOT USED.,N,NO,Z,NOT APPLICABLE,N,NO,X,NOT APPLICABLE,f,f,f,f,f,f,f,f,f,f,f,f,f,f,f,f,f,f,f,SMALL BUSINESS,S,f,f,f,f,f,f,f,f,f,f,f,f,f,f,f,f,f,CORPORATE NOT TAX EXEMPT,t,f,f,f,f,f,f,f,f,f,f,f,f,f,f,f,f,t,f,f,f,f,f,f,f,f,f,f,t,f,f,f,f,f,f,f,f,f,f,f,f,f,f,f,f,f,f,f,f,f,KUNAL G MEHRA,477212.00,RAMAN K MEHRA,425141.00,OWEN C BROWN,369792.00,SANJEEV  SEEREERAM,311997.00,SSU-HSIN  YU,301790.00,https://www.usaspending.gov/award/CONT_AWD_HQ086022C7076_9700_-NONE-_-NONE-/,2022-03-30 18:27:36+00
CONT_AWD_HQ086022C7077_9700_-NONE-_-NONE-,HQ086022C7077,,,,Q: Not Designated Nonemergency/Emergency/Disaster/Wildfire Suppression,,,,,150000.00,0.00,150000.00,150000.00,2021-11-26,2022,2021-11-26,2022,2021-11-26,2022-08-05,2022-08-05 00:00:00,,,097,Department of Defense,97JC,Missile Defense Agency,HQ0860,MISSILE DEFENSE AGENCY (MDA),097,Department of Defense,97JC,Missile Defense Agency,HQ0147,MISSILE DEFENSE AGENCY (MDA),097-2021/2022-0400-000,097-0400,25.5: Research and development contracts,0001: BASIC RESEARCH,X,NOT APPLICABLE,,,YJXQFQ83DQR4,555403328,KNOWLEDGE BASED SYSTEMS INC,"KNOWLEDGE BASED SYSTEMS, INC.",,0HKB8,YJXQFQ83DQR4,555403328,KNOWLEDGE BASED SYSTEMS INC,KNOWLEDGE BASED SYSTEMS  INC.,USA,UNITED STATES,1408 UNIVERSITY DR E,,COLLEGE STATION,48041,BRAZOS,48,TX,TEXAS,778402335,TX-17,TX-10,9792605274,9796912829,USA,UNITED STATES,COLLEGE STATION,48041,BRAZOS,48,TX,TEXAS,778402335,TX-17,TX-10,AWARD,D,DEFINITIVE CONTRACT,,,,,,,J,FIRM FIXED PRICE,SBIR/STTR PHASE I RESEARCH & DEVELOPMENT - SALVO MANAGEMENT USING ARTIFICIAL INTELLIGENCE (SAM),,1,OT,OTHER FUNCTIONS,AC23,NATIONAL DEFENSE R&D SERVICES; ATOMIC ENERGY DEFENSE ACTIVITIES; EXPERIMENTAL DEVELOPMENT,H,NOT BUNDLED,A2,MISSILE AND SPACE SYSTEMS,541715,"RESEARCH AND DEVELOPMENT IN THE PHYSICAL, ENGINEERING, AND LIFE SCIENCES (EXCEPT NANOTECHNOLOGY AND BIOTECHNOLOGY)",C,NO CLAUSES INCLUDED AND NO SUSTAINABILITY INCLUDED,A,U.S. OWNED BUSINESS,CAA,MDA SUPPORT,Z,NOT IT PRODUCTS OR SERVICES,E,NOT REQUIRED,USA,UNITED STATES,C,NOT A MANUFACTURED END PRODUCT,B,PLAN NOT REQUIRED,D,FULL AND OPEN COMPETITION AFTER EXCLUSION OF SOURCES,NP,NEGOTIATED PROPOSAL/QUOTE,SBA,SMALL BUSINESS SET ASIDE - TOTAL,NONE,NO PREFERENCE USED,SR1,SMALL BUSINESS INNOVATION RESEARCH PROGRAM PHASE I ACTION,,,,,329,D,COMMERCIAL ITEM PROCEDURES NOT USED,f,N,NO,N,NO,N,NO,N,NO,0.00,N,NO,N,NO,N,NO,N,NO,X,NOT APPLICABLE,,,,,,,,NONE,NONE,N,NO,X,NOT APPLICABLE EXEMPT FROM CAS,N,TRANSACTION DOES NOT USE GFE/GFP,N,NO,D,NOT CONSOLIDATED,N,NO - SERVICE WHERE PBA IS NOT USED.,N,NO,Z,NOT APPLICABLE,N,NO,X,NOT APPLICABLE,f,f,f,f,f,f,f,f,f,f,f,f,f,f,f,f,f,f,f,SMALL BUSINESS,S,f,f,f,f,f,f,f,f,f,f,f,f,f,f,f,f,f,CORPORATE NOT TAX EXEMPT,t,f,f,f,f,f,f,f,f,f,f,f,f,f,f,f,f,t,f,f,f,f,f,f,f,f,f,f,t,f,f,f,f,f,f,f,f,f,f,f,f,f,f,f,f,f,f,f,f,f,,,,,,,,,,,https://www.usaspending.gov/award/CONT_AWD_HQ086022C7077_9700_-NONE-_-NONE-/,2021-11-26 08:50:18+00
CONT_AWD_HQ086022C7078_9700_-NONE-_-NONE-,HQ086022C7078,,,,Q: Not Designated Nonemergency/Emergency/Disaster/Wildfire Suppression,,,,,149999.00,0.00,149999.00,149999.00,2021-11-24,2022,2021-11-24,2022,2021-11-24,2022-08-05,2022-08-05 00:00:00,,,097,Department of Defense,97JC,Missile Defense Agency,HQ0860,MISSILE DEFENSE AGENCY (MDA),097,Department of Defense,97JC,Missile Defense Agency,HQ0147,MISSILE DEFENSE AGENCY (MDA),097-2021/2022-0400-000,097-0400,25.5: Research and development contracts,0001: BASIC RESEARCH,X,NOT APPLICABLE,,,PK1CB3L39XX8,054672662,TOYON RESEARCH CORPORATION,TOYON RESEARCH CORPORATION,,4U552,PK1CB3L39XX8,054672662,TOYON RESEARCH CORPORATION,TOYON RESEARCH CORPORATION,USA,UNITED STATES,6800 CORTONA DR,,GOLETA,06083,SANTA BARBARA,06,CA,CALIFORNIA,931173021,CA-24,CA-24,8059686787,8056858089,USA,UNITED STATES,GOLETA,06083,SANTA BARBARA,06,CA,CALIFORNIA,931173021,CA-24,CA-24,AWARD,D,DEFINITIVE CONTRACT,,,,,,,J,FIRM FIXED PRICE,SBIR/STTR PHASE I RESEARCH & DEVELOPMENT - SALVO MANAGEMENT USING ARTIFICIAL INTELLIGENCE,,1,OT,OTHER FUNCTIONS,AC23,NATIONAL DEFENSE R&D SERVICES; ATOMIC ENERGY DEFENSE ACTIVITIES; EXPERIMENTAL DEVELOPMENT,H,NOT BUNDLED,A2,MISSILE AND SPACE SYSTEMS,541715,"RESEARCH AND DEVELOPMENT IN THE PHYSICAL, ENGINEERING, AND LIFE SCIENCES (EXCEPT NANOTECHNOLOGY AND BIOTECHNOLOGY)",C,NO CLAUSES INCLUDED AND NO SUSTAINABILITY INCLUDED,A,U.S. OWNED BUSINESS,CAA,MDA SUPPORT,Z,NOT IT PRODUCTS OR SERVICES,E,NOT REQUIRED,USA,UNITED STATES,C,NOT A MANUFACTURED END PRODUCT,B,PLAN NOT REQUIRED,D,FULL AND OPEN COMPETITION AFTER EXCLUSION OF SOURCES,NP,NEGOTIATED PROPOSAL/QUOTE,SBA,SMALL BUSINESS SET ASIDE - TOTAL,NONE,NO PREFERENCE USED,SR1,SMALL BUSINESS INNOVATION RESEARCH PROGRAM PHASE I ACTION,,,,,329,D,COMMERCIAL ITEM PROCEDURES NOT USED,f,N,NO,N,NO,N,NO,N,NO,0.00,N,NO,N,NO,N,NO,N,NO,X,NOT APPLICABLE,,,,,,,,NONE,NONE,N,NO,X,NOT APPLICABLE EXEMPT FROM CAS,N,TRANSACTION DOES NOT USE GFE/GFP,N,NO,D,NOT CONSOLIDATED,N,NO - SERVICE WHERE PBA IS NOT USED.,N,NO,Z,NOT APPLICABLE,N,NO,X,NOT APPLICABLE,f,f,f,f,f,f,f,f,f,f,f,f,f,f,f,f,f,f,f,SMALL BUSINESS,S,f,f,f,f,f,f,f,f,f,f,f,f,f,f,f,f,f,CORPORATE NOT TAX EXEMPT,t,f,f,f,f,f,f,f,f,f,f,f,f,f,f,f,f,t,f,f,f,f,f,f,f,t,f,f,t,f,f,f,f,f,f,f,f,f,f,f,f,f,f,f,f,f,f,f,f,f,,,,,,,,,,,https://www.usaspending.gov/award/CONT_AWD_HQ086022C7078_9700_-NONE-_-NONE-/,2021-12-07 18:26:41+00
CONT_AWD_HQ086022C7079_9700_-NONE-_-NONE-,HQ086022C7079,,,,Q: Not Designated Nonemergency/Emergency/Disaster/Wildfire Suppression,,,,,149930.00,0.00,149930.00,149930.00,2021-11-24,2022,2021-11-24,2022,2021-11-24,2022-08-05,2022-08-05 00:00:00,,,097,Department of Defense,97JC,Missile Defense Agency,HQ0860,MISSILE DEFENSE AGENCY (MDA),097,Department of Defense,97JC,Missile Defense Agency,HQ0147,MISSILE DEFENSE AGENCY (MDA),097-2021/2022-0400-000,097-0400,25.5: Research and development contracts,0001: BASIC RESEARCH,X,NOT APPLICABLE,,,GUX9G5D1NBX5,787318828,TRUSTED SEMICONDUCTOR SOLUTIONS INC,TRUSTED SEMICONDUCTOR SOLUTIONS INC.,,4LZE5,GUX9G5D1NBX5,787318828,TRUSTED SEMICONDUCTOR SOLUTIONS INC,TRUSTED SEMICONDUCTOR SOLUTIONS INC.,USA,UNITED STATES,7101 NORTHLAND CIR N STE 204,,BROOKLYN PARK,27053,HENNEPIN,27,MN,MINNESOTA,554281517,MN-03,MN-03,6126182115,7634179900,USA,UNITED STATES,MINNEAPOLIS,27053,HENNEPIN,27,MN,MINNESOTA,554281517,MN-03,MN-03,AWARD,D,DEFINITIVE CONTRACT,,,,,,,J,FIRM FIXED PRICE,SBIR/STTR PHASE I RESEARCH & DEVELOPMENT - RADIATION MITIGATED STATE OF THE ART FIELD PROGRAMMABLE GATE ARRAY (FPGA),,1,OT,OTHER FUNCTIONS,AC23,NATIONAL DEFENSE R&D SERVICES; ATOMIC ENERGY DEFENSE ACTIVITIES; EXPERIMENTAL DEVELOPMENT,H,NOT BUNDLED,A2,MISSILE AND SPACE SYSTEMS,541715,"RESEARCH AND DEVELOPMENT IN THE PHYSICAL, ENGINEERING, AND LIFE SCIENCES (EXCEPT NANOTECHNOLOGY AND BIOTECHNOLOGY)",C,NO CLAUSES INCLUDED AND NO SUSTAINABILITY INCLUDED,A,U.S. OWNED BUSINESS,CAA,MDA SUPPORT,Z,NOT IT PRODUCTS OR SERVICES,E,NOT REQUIRED,USA,UNITED STATES,C,NOT A MANUFACTURED END PRODUCT,B,PLAN NOT REQUIRED,D,FULL AND OPEN COMPETITION AFTER EXCLUSION OF SOURCES,NP,NEGOTIATED PROPOSAL/QUOTE,SBA,SMALL BUSINESS SET ASIDE - TOTAL,NONE,NO PREFERENCE USED,SR1,SMALL BUSINESS INNOVATION RESEARCH PROGRAM PHASE I ACTION,,,,,329,D,COMMERCIAL ITEM PROCEDURES NOT USED,f,N,NO,N,NO,N,NO,N,NO,0.00,N,NO,N,NO,N,NO,N,NO,X,NOT APPLICABLE,,,,,,,,NONE,NONE,N,NO,X,NOT APPLICABLE EXEMPT FROM CAS,N,TRANSACTION DOES NOT USE GFE/GFP,N,NO,D,NOT CONSOLIDATED,N,NO - SERVICE WHERE PBA IS NOT USED.,N,NO,Z,NOT APPLICABLE,N,NO,X,NOT APPLICABLE,f,f,f,f,f,f,f,f,f,f,f,f,f,f,f,f,f,f,f,SMALL BUSINESS,S,f,f,f,f,f,f,f,f,f,f,f,f,f,f,f,f,f,CORPORATE NOT TAX EXEMPT,t,f,f,f,f,f,f,f,f,f,f,f,t,f,f,f,f,t,f,f,f,f,f,f,f,f,f,f,t,f,f,f,f,f,f,f,f,f,f,f,f,f,f,f,f,f,f,f,f,f,,,,,,,,,,,https://www.usaspending.gov/award/CONT_AWD_HQ086022C7079_9700_-NONE-_-NONE-/,2021-12-07 18:26:41+00
CONT_AWD_HQ086022C7080_9700_-NONE-_-NONE-,HQ086022C7080,,,,Q: Not Designated Nonemergency/Emergency/Disaster/Wildfire Suppression,,,,,149912.00,0.00,149912.00,149912.00,2021-11-29,2022,2021-11-29,2022,2021-11-29,2022-08-05,2022-08-05 00:00:00,,,097,Department of Defense,97JC,Missile Defense Agency,HQ0860,MISSILE DEFENSE AGENCY (MDA),097,Department of Defense,97JC,Missile Defense Agency,HQ0147,MISSILE DEFENSE AGENCY (MDA),097-2021/2022-0400-000,097-0400,25.5: Research and development contracts,0001: BASIC RESEARCH,X,NOT APPLICABLE,,,V3KCP1HNFM33,185169620,CFD RESEARCH CORPORATION,CFD RESEARCH CORPORATION,,0DEW1,V3KCP1HNFM33,185169620,CFD RESEARCH CORPORATION,CFD RESEARCH CORPORATION,USA,UNITED STATES,6820 MOQUIN DR NW,,HUNTSVILLE,01089,MADISON,01,AL,ALABAMA,358062900,AL-05,AL-05,2563610799,2567264803,USA,UNITED STATES,HUNTSVILLE,01089,MADISON,01,AL,ALABAMA,358062900,AL-05,AL-05,AWARD,D,DEFINITIVE CONTRACT,,,,,,,J,FIRM FIXED PRICE,SBIR/STTR PHASE I RESEARCH & DEVELOPMENT - HETEROGENEOUS COMPUTING SYSTEM WITH DYNAMIC FAULT TOLERANCE TO RADIATION HARDEN COMMERCIAL MICROELECTRONICS (HETERO-HARD),,1,OT,OTHER FUNCTIONS,AC23,NATIONAL DEFENSE R&D SERVICES; ATOMIC ENERGY DEFENSE ACTIVITIES; EXPERIMENTAL DEVELOPMENT,H,NOT BUNDLED,A2,MISSILE AND SPACE SYSTEMS,541715,"RESEARCH AND DEVELOPMENT IN THE PHYSICAL, ENGINEERING, AND LIFE SCIENCES (EXCEPT NANOTECHNOLOGY AND BIOTECHNOLOGY)",C,NO CLAUSES INCLUDED AND NO SUSTAINABILITY INCLUDED,A,U.S. OWNED BUSINESS,CAA,MDA SUPPORT,Z,NOT IT PRODUCTS OR SERVICES,E,NOT REQUIRED,USA,UNITED STATES,C,NOT A MANUFACTURED END PRODUCT,B,PLAN NOT REQUIRED,D,FULL AND OPEN COMPETITION AFTER EXCLUSION OF SOURCES,NP,NEGOTIATED PROPOSAL/QUOTE,SBA,SMALL BUSINESS SET ASIDE - TOTAL,NONE,NO PREFERENCE USED,SR1,SMALL BUSINESS INNOVATION RESEARCH PROGRAM PHASE I ACTION,,,,,329,D,COMMERCIAL ITEM PROCEDURES NOT USED,f,N,NO,N,NO,N,NO,N,NO,0.00,N,NO,N,NO,N,NO,N,NO,X,NOT APPLICABLE,,,,,,,,NONE,NONE,N,NO,X,NOT APPLICABLE EXEMPT FROM CAS,N,TRANSACTION DOES NOT USE GFE/GFP,U,UNKNOWN,D,NOT CONSOLIDATED,Y,YES - SERVICE WHERE PBA IS USED.,N,NO,Z,NOT APPLICABLE,N,NO,X,NOT APPLICABLE,f,f,f,f,f,f,f,f,f,f,f,f,f,f,f,f,f,f,f,SMALL BUSINESS,S,f,f,f,f,f,f,f,f,f,f,f,f,f,f,f,f,f,CORPORATE NOT TAX EXEMPT,t,f,f,f,f,f,f,f,f,f,f,f,f,f,f,f,f,t,f,f,f,f,f,f,f,f,f,f,t,f,f,f,f,f,f,f,f,f,f,f,f,f,f,f,f,f,f,f,f,f,SAMEER  SINGHAL,311004.00,STEPHEN  CAYSON,244649.00,PEGGY  SARGENT,215390.00,SAMI  HABCHI,256918.00,KAPIL  PANT,253340.00,https://www.usaspending.gov/award/CONT_AWD_HQ086022C7080_9700_-NONE-_-NONE-/,2021-11-29 15:50:01+00
CONT_AWD_HQ086022C7081_9700_-NONE-_-NONE-,HQ086022C7081,,,,Q: Not Designated Nonemergency/Emergency/Disaster/Wildfire Suppression,,,,,146264.00,0.00,146264.00,146264.00,2021-11-29,2022,2021-11-29,2022,2021-11-29,2022-08-05,2022-08-05 00:00:00,,,097,Department of Defense,97JC,Missile Defense Agency,HQ0860,MISSILE DEFENSE AGENCY (MDA),097,Department of Defense,97JC,Missile Defense Agency,HQ0147,MISSILE DEFENSE AGENCY (MDA),097-2021/2022-0400-000,097-0400,25.5: Research and development contracts,0001: BASIC RESEARCH,X,NOT APPLICABLE,,,E652EP6DMVA7,,GLOBAL CIRCUIT INNOVATIONS INC,"GLOBAL CIRCUIT INNOVATIONS, INC.",,7DGP6,E652EP6DMVA7,,GLOBAL CIRCUIT INNOVATIONS INC,GLOBAL CIRQUIT INNOVATION INC,USA,UNITED STATES,4815 LIST DR STE 109,,COLORADO SPRINGS,08041,EL PASO,08,CO,COLORADO,809193312,CO-05,CO-05,7195736777,7195917931,USA,UNITED STATES,COLORADO SPRINGS,08041,EL PASO,08,CO,COLORADO,809193312,CO-05,CO-05,AWARD,D,DEFINITIVE CONTRACT,,,,,,,J,FIRM FIXED PRICE,SBIR/STTR PHASE I RESEARCH & DEVELOPMENT - ERROR DETECTION AND LATCH-UP PREVENTION IN RADIATION HARDENED LOGIC UNITS,,1,OT,OTHER FUNCTIONS,AC23,NATIONAL DEFENSE R&D SERVICES; ATOMIC ENERGY DEFENSE ACTIVITIES; EXPERIMENTAL DEVELOPMENT,H,NOT BUNDLED,A2,MISSILE AND SPACE SYSTEMS,541715,"RESEARCH AND DEVELOPMENT IN THE PHYSICAL, ENGINEERING, AND LIFE SCIENCES (EXCEPT NANOTECHNOLOGY AND BIOTECHNOLOGY)",C,NO CLAUSES INCLUDED AND NO SUSTAINABILITY INCLUDED,A,U.S. OWNED BUSINESS,CAA,MDA SUPPORT,Z,NOT IT PRODUCTS OR SERVICES,E,NOT REQUIRED,USA,UNITED STATES,C,NOT A MANUFACTURED END PRODUCT,B,PLAN NOT REQUIRED,D,FULL AND OPEN COMPETITION AFTER EXCLUSION OF SOURCES,NP,NEGOTIATED PROPOSAL/QUOTE,SBA,SMALL BUSINESS SET ASIDE - TOTAL,NONE,NO PREFERENCE USED,SR1,SMALL BUSINESS INNOVATION RESEARCH PROGRAM PHASE I ACTION,,,,,329,D,COMMERCIAL ITEM PROCEDURES NOT USED,f,N,NO,N,NO,N,NO,N,NO,0.00,N,NO,N,NO,N,NO,N,NO,X,NOT APPLICABLE,,,,,,,,NONE,NONE,N,NO,X,NOT APPLICABLE EXEMPT FROM CAS,N,TRANSACTION DOES NOT USE GFE/GFP,U,UNKNOWN,D,NOT CONSOLIDATED,Y,YES - SERVICE WHERE PBA IS USED.,N,NO,Z,NOT APPLICABLE,N,NO,X,NOT APPLICABLE,f,f,f,f,f,f,f,f,f,f,f,f,f,f,f,f,f,f,f,SMALL BUSINESS,S,f,f,f,f,f,f,f,f,f,f,f,f,f,f,f,f,f,CORPORATE NOT TAX EXEMPT,t,f,f,f,f,f,f,f,f,f,f,f,t,f,f,f,f,t,f,f,f,f,f,f,f,f,f,f,t,f,f,f,f,f,f,f,f,f,f,f,f,f,f,f,f,f,f,f,f,f,,,,,,,,,,,https://www.usaspending.gov/award/CONT_AWD_HQ086022C7081_9700_-NONE-_-NONE-/,2024-03-26 13:42:14+00
CONT_AWD_HQ086022C7082_9700_-NONE-_-NONE-,HQ086022C7082,,,,Q: Not Designated Nonemergency/Emergency/Disaster/Wildfire Suppression,,,,,149658.00,0.00,149658.00,149658.00,2021-11-29,2022,2021-11-29,2022,2021-11-29,2022-08-05,2022-08-05 00:00:00,,,097,Department of Defense,97JC,Missile Defense Agency,HQ0860,MISSILE DEFENSE AGENCY (MDA),097,Department of Defense,97JC,Missile Defense Agency,HQ0147,MISSILE DEFENSE AGENCY (MDA),097-2021/2022-0400-000,097-0400,25.5: Research and development contracts,0001: BASIC RESEARCH,X,NOT APPLICABLE,,,CLW2B8WVV1D4,124289294,STREAMLINE AUTOMATION LLC,"STREAMLINE AUTOMATION, LLC",,3FYU0,CLW2B8WVV1D4,124289294,STREAMLINE AUTOMATION LLC,STREAMLINE AUTOMATION  LLC,USA,UNITED STATES,3100 FRESH WAY SW,,HUNTSVILLE,01089,MADISON,01,AL,ALABAMA,358056720,AL-05,AL-05,2567131220,2567131225,USA,UNITED STATES,HUNTSVILLE,01089,MADISON,01,AL,ALABAMA,358056720,AL-05,AL-05,AWARD,D,DEFINITIVE CONTRACT,,,,,,,J,FIRM FIXED PRICE,SBIR/STTR PHASE I RESEARCH & DEVELOPMENT - RADIATION HARDENING OF NON-HARDENED COMMERCIAL MICROELECTRONICS,,1,OT,OTHER FUNCTIONS,AC23,NATIONAL DEFENSE R&D SERVICES; ATOMIC ENERGY DEFENSE ACTIVITIES; EXPERIMENTAL DEVELOPMENT,H,NOT BUNDLED,A2,MISSILE AND SPACE SYSTEMS,541715,"RESEARCH AND DEVELOPMENT IN THE PHYSICAL, ENGINEERING, AND LIFE SCIENCES (EXCEPT NANOTECHNOLOGY AND BIOTECHNOLOGY)",C,NO CLAUSES INCLUDED AND NO SUSTAINABILITY INCLUDED,A,U.S. OWNED BUSINESS,CAA,MDA SUPPORT,Z,NOT IT PRODUCTS OR SERVICES,E,NOT REQUIRED,USA,UNITED STATES,C,NOT A MANUFACTURED END PRODUCT,B,PLAN NOT REQUIRED,D,FULL AND OPEN COMPETITION AFTER EXCLUSION OF SOURCES,NP,NEGOTIATED PROPOSAL/QUOTE,SBA,SMALL BUSINESS SET ASIDE - TOTAL,NONE,NO PREFERENCE USED,SR1,SMALL BUSINESS INNOVATION RESEARCH PROGRAM PHASE I ACTION,,,,,329,D,COMMERCIAL ITEM PROCEDURES NOT USED,f,N,NO,N,NO,N,NO,N,NO,0.00,N,NO,N,NO,N,NO,N,NO,X,NOT APPLICABLE,,,,,,,,NONE,NONE,N,NO,X,NOT APPLICABLE EXEMPT FROM CAS,N,TRANSACTION DOES NOT USE GFE/GFP,U,UNKNOWN,D,NOT CONSOLIDATED,Y,YES - SERVICE WHERE PBA IS USED.,N,NO,Z,NOT APPLICABLE,N,NO,X,NOT APPLICABLE,f,f,f,f,f,f,f,f,f,f,f,f,f,f,f,f,f,f,f,SMALL BUSINESS,S,f,f,f,f,f,f,f,f,f,f,f,f,f,f,f,f,f,PARTNERSHIP,f,f,t,f,f,f,f,f,f,f,f,f,t,f,f,f,f,t,f,f,f,f,f,f,f,f,t,f,t,f,f,f,f,f,f,f,f,f,f,f,f,f,f,f,f,f,f,f,f,f,,,,,,,,,,,https://www.usaspending.gov/award/CONT_AWD_HQ086022C7082_9700_-NONE-_-NONE-/,2021-11-29 07:52:53+00
CONT_AWD_HQ086022C7083_9700_-NONE-_-NONE-,HQ086022C7083,,,,Q: Not Designated Nonemergency/Emergency/Disaster/Wildfire Suppression,,,,,149884.00,0.00,149884.00,149884.00,2021-11-29,2022,2021-11-29,2022,2021-11-29,2022-08-05,2022-08-05 00:00:00,,,097,Department of Defense,97JC,Missile Defense Agency,HQ0860,MISSILE DEFENSE AGENCY (MDA),097,Department of Defense,97JC,Missile Defense Agency,HQ0147,MISSILE DEFENSE AGENCY (MDA),097-2021/2022-0400-000,097-0400,25.5: Research and development contracts,0001: BASIC RESEARCH,X,NOT APPLICABLE,,,MTPCSNM9NV96,828058508,GOOFYFOOT LABS LLC,GOOFYFOOT LABS LLC,,5GYV9,MTPCSNM9NV96,828058508,GOOFYFOOT LABS LLC,GOOFYFOOT LABS LLC,USA,UNITED STATES,5821 SKY PARK DR,,PLANO,48085,COLLIN,48,TX,TEXAS,750934539,TX-03,TX-04,6175005481,,USA,UNITED STATES,PLANO,48121,DENTON,48,TX,TEXAS,750936378,TX-24,TX-26,AWARD,D,DEFINITIVE CONTRACT,,,,,,,J,FIRM FIXED PRICE,"SBIR/STTR PHASE I RESEARCH & DEVELOPMENT- EDGENF CPU - 28-NM, RAD HARD, 1.7-GHZ CPU",,1,OT,OTHER FUNCTIONS,AC23,NATIONAL DEFENSE R&D SERVICES; ATOMIC ENERGY DEFENSE ACTIVITIES; EXPERIMENTAL DEVELOPMENT,H,NOT BUNDLED,A2,MISSILE AND SPACE SYSTEMS,541715,"RESEARCH AND DEVELOPMENT IN THE PHYSICAL, ENGINEERING, AND LIFE SCIENCES (EXCEPT NANOTECHNOLOGY AND BIOTECHNOLOGY)",C,NO CLAUSES INCLUDED AND NO SUSTAINABILITY INCLUDED,A,U.S. OWNED BUSINESS,CAA,MDA SUPPORT,Z,NOT IT PRODUCTS OR SERVICES,E,NOT REQUIRED,USA,UNITED STATES,C,NOT A MANUFACTURED END PRODUCT,B,PLAN NOT REQUIRED,D,FULL AND OPEN COMPETITION AFTER EXCLUSION OF SOURCES,NP,NEGOTIATED PROPOSAL/QUOTE,SBA,SMALL BUSINESS SET ASIDE - TOTAL,NONE,NO PREFERENCE USED,SR1,SMALL BUSINESS INNOVATION RESEARCH PROGRAM PHASE I ACTION,,,,,329,D,COMMERCIAL ITEM PROCEDURES NOT USED,f,N,NO,N,NO,N,NO,N,NO,0.00,N,NO,N,NO,N,NO,N,NO,X,NOT APPLICABLE,,,,,,,,NONE,NONE,N,NO,X,NOT APPLICABLE EXEMPT FROM CAS,N,TRANSACTION DOES NOT USE GFE/GFP,U,UNKNOWN,D,NOT CONSOLIDATED,Y,YES - SERVICE WHERE PBA IS USED.,N,NO,Z,NOT APPLICABLE,N,NO,X,NOT APPLICABLE,f,f,f,f,f,f,f,t,t,t,f,f,t,t,f,f,f,f,f,SMALL BUSINESS,S,f,f,f,f,f,f,f,f,f,f,f,f,f,f,f,f,f,CORPORATE NOT TAX EXEMPT,t,f,f,f,f,f,f,f,f,f,f,f,f,f,f,f,f,t,f,f,f,f,f,f,f,f,t,f,t,f,f,f,f,f,f,f,f,f,f,f,f,f,f,f,f,t,f,f,f,f,,,,,,,,,,,https://www.usaspending.gov/award/CONT_AWD_HQ086022C7083_9700_-NONE-_-NONE-/,2021-11-29 08:21:12+00
CONT_AWD_HQ086022C7502_9700_-NONE-_-NONE-,HQ086022C7502,,,,Q: Not Designated Nonemergency/Emergency/Disaster/Wildfire Suppression,,,,,149970.00,0.00,149970.00,149970.00,2021-11-24,2022,2021-11-24,2022,2021-11-24,2022-08-05,2022-08-05 00:00:00,,,097,Department of Defense,97JC,Missile Defense Agency,HQ0860,MISSILE DEFENSE AGENCY (MDA),097,Department of Defense,97JC,Missile Defense Agency,HQ0147,MISSILE DEFENSE AGENCY (MDA),097-2021/2022-0400-000,097-0400,25.5: Research and development contracts,0001: BASIC RESEARCH,X,NOT APPLICABLE,,,SKSZV1JCCLJ7,013017947,"INNOSYS, INC.","INNOSYS, INC.",,3M7S1,SKSZV1JCCLJ7,013017947,"INNOSYS, INC.",INNOSYS  INC.,USA,UNITED STATES,2900 S MAIN ST,,SALT LAKE CITY,49035,SALT LAKE,49,UT,UTAH,841153516,UT-04,UT-02,8019757399,8019757448,USA,UNITED STATES,SALT LAKE CITY,49035,SALT LAKE,49,UT,UTAH,841151892,UT-02,UT-02,AWARD,D,DEFINITIVE CONTRACT,,,,,,,J,FIRM FIXED PRICE,SBIR/STTR PHASE I RESEARCH & DEVELOPMENT - METHODOLOGIES TO DEVELOP RADIATION TESTING ENVIRONMENTS FOR SURVIVABLE MICROELECTRONICS,,1,OT,OTHER FUNCTIONS,AC23,NATIONAL DEFENSE R&D SERVICES; ATOMIC ENERGY DEFENSE ACTIVITIES; EXPERIMENTAL DEVELOPMENT,H,NOT BUNDLED,A2,MISSILE AND SPACE SYSTEMS,541715,"RESEARCH AND DEVELOPMENT IN THE PHYSICAL, ENGINEERING, AND LIFE SCIENCES (EXCEPT NANOTECHNOLOGY AND BIOTECHNOLOGY)",C,NO CLAUSES INCLUDED AND NO SUSTAINABILITY INCLUDED,A,U.S. OWNED BUSINESS,CAA,MDA SUPPORT,Z,NOT IT PRODUCTS OR SERVICES,E,NOT REQUIRED,USA,UNITED STATES,C,NOT A MANUFACTURED END PRODUCT,B,PLAN NOT REQUIRED,D,FULL AND OPEN COMPETITION AFTER EXCLUSION OF SOURCES,NP,NEGOTIATED PROPOSAL/QUOTE,SBA,SMALL BUSINESS SET ASIDE - TOTAL,NONE,NO PREFERENCE USED,ST1,SMALL TECHNOLOGY TRANSFER RESEARCH PROGRAM PHASE I,,,,,329,D,COMMERCIAL ITEM PROCEDURES NOT USED,f,N,NO,N,NO,N,NO,N,NO,0.00,N,NO,N,NO,N,NO,N,NO,X,NOT APPLICABLE,,,,,,,,NONE,NONE,N,NO,X,NOT APPLICABLE EXEMPT FROM CAS,N,TRANSACTION DOES NOT USE GFE/GFP,U,UNKNOWN,D,NOT CONSOLIDATED,Y,YES - SERVICE WHERE PBA IS USED.,N,NO,Z,NOT APPLICABLE,N,NO,X,NOT APPLICABLE,f,f,f,f,f,f,f,t,f,f,f,f,t,f,t,f,f,f,f,SMALL BUSINESS,S,f,f,f,f,f,f,f,f,f,f,f,f,f,f,f,f,f,CORPORATE NOT TAX EXEMPT,t,f,f,f,f,f,f,f,f,f,f,f,t,f,f,f,f,t,f,f,f,f,f,f,f,f,f,f,t,f,f,f,f,f,f,f,f,f,f,f,f,f,f,f,f,f,f,f,f,f,,,,,,,,,,,https://www.usaspending.gov/award/CONT_AWD_HQ086022C7502_9700_-NONE-_-NONE-/,2021-12-07 18:26:41+00
CONT_AWD_HQ086022C7505_9700_-NONE-_-NONE-,HQ086022C7505,,,,Q: Not Designated Nonemergency/Emergency/Disaster/Wildfire Suppression,,,,,154997.07,0.00,154997.07,154997.07,2021-11-24,2022,2021-11-24,2022,2021-11-24,2022-08-05,2022-08-05 00:00:00,,,097,Department of Defense,97JC,Missile Defense Agency,HQ0860,MISSILE DEFENSE AGENCY (MDA),097,Department of Defense,97JC,Missile Defense Agency,HQ0147,MISSILE DEFENSE AGENCY (MDA),097-2021/2022-0400-000,097-0400,25.5: Research and development contracts,0001: BASIC RESEARCH,X,NOT APPLICABLE,,,GKFSZDJJ1R41,,RTSYNC CORP,RTSYNC CORP.,,4AV90,GKFSZDJJ1R41,,RTSYNC CORP,RTSYNC CORP.,USA,UNITED STATES,6909 W RAY RD 15-107,,CHANDLER,04013,MARICOPA,04,AZ,ARIZONA,852261699,AZ-09,AZ-04,6023346649,5203341493,USA,UNITED STATES,CHANDLER,04013,MARICOPA,04,AZ,ARIZONA,852261699,AZ-09,AZ-04,AWARD,D,DEFINITIVE CONTRACT,,,,,,,J,FIRM FIXED PRICE,SBIR/STTR PHASE I RESEARCH & DEVELOPMENT,,1,OT,OTHER FUNCTIONS,AC23,NATIONAL DEFENSE R&D SERVICES; ATOMIC ENERGY DEFENSE ACTIVITIES; EXPERIMENTAL DEVELOPMENT,H,NOT BUNDLED,A2,MISSILE AND SPACE SYSTEMS,541715,"RESEARCH AND DEVELOPMENT IN THE PHYSICAL, ENGINEERING, AND LIFE SCIENCES (EXCEPT NANOTECHNOLOGY AND BIOTECHNOLOGY)",C,NO CLAUSES INCLUDED AND NO SUSTAINABILITY INCLUDED,A,U.S. OWNED BUSINESS,CAA,MDA SUPPORT,Z,NOT IT PRODUCTS OR SERVICES,E,NOT REQUIRED,USA,UNITED STATES,C,NOT A MANUFACTURED END PRODUCT,B,PLAN NOT REQUIRED,D,FULL AND OPEN COMPETITION AFTER EXCLUSION OF SOURCES,NP,NEGOTIATED PROPOSAL/QUOTE,SBA,SMALL BUSINESS SET ASIDE - TOTAL,NONE,NO PREFERENCE USED,ST1,SMALL TECHNOLOGY TRANSFER RESEARCH PROGRAM PHASE I,,,,,80,D,COMMERCIAL ITEM PROCEDURES NOT USED,f,N,NO,N,NO,N,NO,N,NO,0.00,N,NO,N,NO,N,NO,N,NO,X,NOT APPLICABLE,,,,,,,,NONE,NONE,N,NO,X,NOT APPLICABLE EXEMPT FROM CAS,N,TRANSACTION DOES NOT USE GFE/GFP,U,UNKNOWN,D,NOT CONSOLIDATED,N,NO - SERVICE WHERE PBA IS NOT USED.,N,NO,Z,NOT APPLICABLE,N,NO,X,NOT APPLICABLE,f,f,f,f,f,f,f,f,f,f,f,f,t,f,t,f,f,f,f,SMALL BUSINESS,S,f,f,f,f,f,f,f,f,f,f,f,f,f,f,f,f,f,CORPORATE NOT TAX EXEMPT,t,f,f,f,f,f,f,f,f,f,f,f,f,f,f,f,f,t,f,f,f,f,f,f,f,t,f,f,t,f,f,f,f,f,f,f,f,f,f,f,f,f,f,f,f,t,f,f,f,f,,,,,,,,,,,https://www.usaspending.gov/award/CONT_AWD_HQ086022C7505_9700_-NONE-_-NONE-/,2024-11-20 10:19:04+00
CONT_AWD_HQ086022C7512_9700_-NONE-_-NONE-,HQ086022C7512,,,,Q: Not Designated Nonemergency/Emergency/Disaster/Wildfire Suppression,,,,,149983.00,0.00,149983.00,149983.00,2021-11-24,2022,2021-11-24,2022,2021-11-24,2022-08-05,2022-08-05 00:00:00,,2021-06-17,097,Department of Defense,97JC,Missile Defense Agency,HQ0860,MISSILE DEFENSE AGENCY (MDA),097,Department of Defense,97JC,Missile Defense Agency,HQ0147,MISSILE DEFENSE AGENCY (MDA),097-2021/2022-0400-000,097-0400,25.5: Research and development contracts,0001: BASIC RESEARCH,X,NOT APPLICABLE,,,R7JQP2K23WH1,830813718,"ATTOLLO ENGINEERING, LLC","ATTOLLO ENGINEERING, LLC",,6ULE3,R7JQP2K23WH1,830813718,"ATTOLLO ENGINEERING, LLC",MACDOUGAL  MICHAEL,USA,UNITED STATES,160 CAMINO RUIZ,,CAMARILLO,06111,VENTURA,06,CA,CALIFORNIA,930126700,CA-26,CA-26,8054441432,,USA,UNITED STATES,CAMARILLO,06111,VENTURA,06,CA,CALIFORNIA,930126700,CA-26,CA-26,AWARD,D,DEFINITIVE CONTRACT,,,,,,,J,FIRM FIXED PRICE,SBIR/STTR PHASE I RESEARCH & DEVELOPMENT SLS HIGH PERFORMANCE LWIR FPAS,,1,OT,OTHER FUNCTIONS,AC23,NATIONAL DEFENSE R&D SERVICES; ATOMIC ENERGY DEFENSE ACTIVITIES; EXPERIMENTAL DEVELOPMENT,H,NOT BUNDLED,A2,MISSILE AND SPACE SYSTEMS,541715,"RESEARCH AND DEVELOPMENT IN THE PHYSICAL, ENGINEERING, AND LIFE SCIENCES (EXCEPT NANOTECHNOLOGY AND BIOTECHNOLOGY)",C,NO CLAUSES INCLUDED AND NO SUSTAINABILITY INCLUDED,A,U.S. OWNED BUSINESS,CAA,MDA SUPPORT,Z,NOT IT PRODUCTS OR SERVICES,E,NOT REQUIRED,USA,UNITED STATES,C,NOT A MANUFACTURED END PRODUCT,B,PLAN NOT REQUIRED,D,FULL AND OPEN COMPETITION AFTER EXCLUSION OF SOURCES,NP,NEGOTIATED PROPOSAL/QUOTE,SBA,SMALL BUSINESS SET ASIDE - TOTAL,NONE,NO PREFERENCE USED,ST1,SMALL TECHNOLOGY TRANSFER RESEARCH PROGRAM PHASE I,,,,,84,D,COMMERCIAL ITEM PROCEDURES NOT USED,f,N,NO,N,NO,N,NO,N,NO,0.00,N,NO,N,NO,N,NO,N,NO,X,NOT APPLICABLE,,,,,,,,NONE,NONE,N,NO,X,NOT APPLICABLE EXEMPT FROM CAS,N,TRANSACTION DOES NOT USE GFE/GFP,U,UNKNOWN,D,NOT CONSOLIDATED,N,NO - SERVICE WHERE PBA IS NOT USED.,N,NO,Z,NOT APPLICABLE,N,NO,X,NOT APPLICABLE,f,f,f,f,f,f,f,f,f,f,f,f,f,f,f,f,f,f,f,SMALL BUSINESS,S,f,f,f,f,f,f,f,f,f,f,f,f,f,f,f,f,f,PARTNERSHIP,f,f,t,f,f,f,f,f,f,f,f,f,f,f,f,f,f,t,f,f,f,f,f,f,f,f,t,f,t,f,f,f,f,f,f,f,f,f,f,f,f,f,f,f,f,f,f,f,f,f,,,,,,,,,,,https://www.usaspending.gov/award/CONT_AWD_HQ086022C7512_9700_-NONE-_-NONE-/,2021-12-07 18:26:41+00
CONT_AWD_HT001515C0007_9700_-NONE-_-NONE-,HT001515C0007,,,,Q: Not Designated Nonemergency/Emergency/Disaster/Wildfire Suppression,,,,,20773898.98,0.00,20773898.98,20773898.98,2015-09-28,2015,2021-11-30,2022,2015-09-28,2021-03-31,2021-03-31 00:00:00,,,097,Department of Defense,97DH,Defense Health Agency,HT0015,DHA ENTERPRISE MED SUPPORT EMS-CD,097,Department of Defense,97DH,Defense Health Agency,HT0040,DEFENSE HEALTH AGENCY (DHA),097-2019/2019-0130-000;097-2020/2020-0130-000;097-2021/2021-0130-000,097-0130,25.7: Operation and maintenance of equipment,0801: REIMBURSABLE,X,NOT APPLICABLE,,,F7LSWJF8A2W3,967227583,"STS SYSTEMS INTEGRATION, LLC",STS SYSTEMS INTEGRATION,,6A1Z0,PQUEL5MZFDJ3,060036357,BRISTOL BAY NATIVE CORPORATION,BRISTOL BAY NATIVE CORPORATION,USA,UNITED STATES,1077 CENTRAL PKWY S,,SAN ANTONIO,48029,BEXAR,48,TX,TEXAS,782325079,TX-23,TX-21,2108882631,2108882641,USA,UNITED STATES,SAN ANTONIO,48029,BEXAR,48,TX,TEXAS,782325079,TX-21,TX-21,AWARD,D,DEFINITIVE CONTRACT,,,,,,,J,FIRM FIXED PRICE,IGF::OT::IGF SOLUTION ARCHITECT SUPPORT,HT001515R0042,1,OT,OTHER FUNCTIONS,D318,"IT AND TELECOM- INTEGRATED HARDWARE/SOFTWARE/SERVICES SOLUTIONS, PREDOMINANTLY SERVICES",D,NOT A BUNDLED REQUIREMENT,S1,SERVICES,541512,COMPUTER SYSTEMS DESIGN SERVICES,C,NO CLAUSES INCLUDED AND NO SUSTAINABILITY INCLUDED,A,U.S. OWNED BUSINESS,000,NONE,E,COMMERCIAL SERVICE,E,NOT REQUIRED,USA,UNITED STATES,C,NOT A MANUFACTURED END PRODUCT,B,PLAN NOT REQUIRED,B,NOT AVAILABLE FOR COMPETITION,SSS,ONLY ONE SOURCE,8AN,8(A) SOLE SOURCE,NONE,NO PREFERENCE USED,,,,,OTH,AUTHORIZED BY STATUTE (FAR 6.302-5(A)(2)(I)),1,A,COMMERCIAL ITEM,f,N,NO,N,NO,Y,YES,N,NO,0.00,Y,YES,N,NO,N,NO,N,NO,X,NOT APPLICABLE,,,,,,,,NONE,NONE,N,NO,Y,YES - CAS CLAUSE INCLUDED,N,TRANSACTION DOES NOT USE GFE/GFP,N,NO,N,NO,Y,YES - SERVICE WHERE PBA IS USED.,N,NO,Z,NOT APPLICABLE,N,NO,X,NOT APPLICABLE,t,f,f,f,f,f,f,f,f,f,f,f,f,f,f,f,f,t,f,SMALL BUSINESS,S,f,f,f,f,f,f,f,f,f,f,f,f,f,f,f,f,f,CORPORATE NOT TAX EXEMPT,t,f,f,f,f,f,f,f,f,f,f,f,f,f,f,f,f,t,f,f,f,f,f,f,f,f,t,f,t,f,f,f,f,f,f,f,f,f,f,f,f,f,f,f,f,t,f,t,f,f,STEVE  DONEGHY,340000.00,,,,,,,,,https://www.usaspending.gov/award/CONT_AWD_HT001515C0007_9700_-NONE-_-NONE-/,2021-11-30 14:55:18+00
CONT_AWD_M0026419C0009_9700_-NONE-_-NONE-,M0026419C0009,,,,E: Emergency P.L. 116-20;Q: Not Designated Nonemergency/Emergency/Disaster/Wildfire Suppression,,,,,1074193.38,187646.24,1074193.38,1074193.38,2019-09-12,2019,2021-11-29,2022,2019-09-12,2021-09-12,2021-09-12 00:00:00,,2019-08-21,097,Department of Defense,1700,Department of the Navy,M00264,COMMANDER,097,Department of Defense,1700,Department of the Navy,M00084,COMMANDING OFFICER,017-2019/2019-1106-000;017-2020/2020-1106-000,017-1106,25.1: Advisory and assistance services,OPTN: FIELD IS OPTIONAL PRIOR TO FY21,X,NOT APPLICABLE,,,MHB9PQ6TRMA7,801812863,TNDA TECHNOLOGIES INC.,TNDA TECHNOLOGIES INC.,,4YSP8,MHB9PQ6TRMA7,801812863,TNDA TECHNOLOGIES INC.,TNDA TECHNOLOGIES INC.,USA,UNITED STATES,186 DONOVAN LN,,STAFFORD,51179,STAFFORD,51,VA,VIRGINIA,225566335,VA-01,VA-07,5406287583,,USA,UNITED STATES,QUANTICO,51153,PRINCE WILLIAM,51,VA,VIRGINIA,221345119,VA-01,VA-07,AWARD,D,DEFINITIVE CONTRACT,,,,,,,J,FIRM FIXED PRICE,BUSINESS PROCESS STRATEGY AND INTEGRATION SUPPORT,M0026419Q0168,1,OT,OTHER FUNCTIONS,R408,SUPPORT- PROFESSIONAL: PROGRAM MANAGEMENT/SUPPORT,H,NOT BUNDLED,S1,SERVICES,541611,ADMINISTRATIVE MANAGEMENT AND GENERAL MANAGEMENT CONSULTING SERVICES,C,NO CLAUSES INCLUDED AND NO SUSTAINABILITY INCLUDED,A,U.S. OWNED BUSINESS,000,NONE,Z,NOT IT PRODUCTS OR SERVICES,E,NOT REQUIRED,USA,UNITED STATES,C,NOT A MANUFACTURED END PRODUCT,B,PLAN NOT REQUIRED,G,NOT COMPETED UNDER SAP,SP1,SIMPLIFIED ACQUISITION,8AN,8(A) SOLE SOURCE,NONE,NO PREFERENCE USED,,,,,OTH,AUTHORIZED BY STATUTE (FAR 6.302-5(A)(2)(I)),1,A,COMMERCIAL ITEM,f,Y,YES,N,NO,Y,YES,N,NO,0.00,N,NO,X,NOT APPLICABLE,X,NOT APPLICABLE,X,NOT APPLICABLE,X,NOT APPLICABLE,,,,,,,,NONE,NONE,N,NO,X,NOT APPLICABLE EXEMPT FROM CAS,N,TRANSACTION DOES NOT USE GFE/GFP,U,UNKNOWN,D,NOT CONSOLIDATED,Y,YES - SERVICE WHERE PBA IS USED.,N,NO,Z,NOT APPLICABLE,N,NO,X,NOT APPLICABLE,f,f,f,f,f,t,t,f,f,f,f,f,t,f,f,t,f,f,f,SMALL BUSINESS,S,f,f,f,f,f,f,f,f,f,f,f,f,f,f,f,f,f,CORPORATE NOT TAX EXEMPT,t,f,f,f,f,f,f,f,f,f,f,f,f,f,f,f,f,t,f,f,f,f,f,f,f,t,f,f,t,f,f,f,f,f,f,f,f,f,f,f,f,f,f,f,f,t,f,t,f,f,,,,,,,,,,,https://www.usaspending.gov/award/CONT_AWD_M0026419C0009_9700_-NONE-_-NONE-/,2021-11-29 12:35:18+00
CONT_AWD_N0001417C1042_9700_-NONE-_-NONE-,N0001417C1042,,,,,,,,,3490807.00,0.00,3490807.00,7772302.00,2017-08-16,2017,2021-11-30,2022,2017-09-01,2022-01-31,2023-07-31 00:00:00,,,097,Department of Defense,1700,Department of the Navy,N00014,OFFICE OF NAVAL RESEARCH,097,Department of Defense,1700,Department of the Navy,N00014,OFFICE OF NAVAL RESEARCH,017-2019/2020-1319-000,017-1319,25.5: Research and development contracts,,X,NOT APPLICABLE,,,EXGMSFRXG2G5,096908843,"HODGES TRANSPORTATION, INC.","HODGES TRANSPORTATION, INC.",,2D144,EXGMSFRXG2G5,096908843,"HODGES TRANSPORTATION, INC.",HODGES TRANSPORTATION  INC.,USA,UNITED STATES,605 FORT CHURCHILL RD,,SILVER SPRINGS,32019,LYON,32,NV,NEVADA,894298002,NV-02,NV-02,7756292000,7756292029,USA,UNITED STATES,SILVER SPRINGS,32019,LYON,32,NV,NEVADA,894298002,NV-02,NV-02,AWARD,D,DEFINITIVE CONTRACT,,,,,,,U,COST PLUS FIXED FEE,VEHICLE AUTONOMY RD IGF::CT::IGF,N0001417SB004,1,CT,CRITICAL FUNCTIONS,AD93,R&D- DEFENSE OTHER: OTHER (ADVANCED DEVELOPMENT),H,NOT BUNDLED,S1,SERVICES,541712,"RESEARCH AND DEVELOPMENT IN THE PHYSICAL, ENGINEERING, AND LIFE SCIENCES (EXCEPT BIOTECHNOLOGY)",C,NO CLAUSES INCLUDED AND NO SUSTAINABILITY INCLUDED,A,U.S. OWNED BUSINESS,000,NONE,Z,NOT IT PRODUCTS OR SERVICES,E,NOT REQUIRED,USA,UNITED STATES,C,NOT A MANUFACTURED END PRODUCT,B,PLAN NOT REQUIRED,A,FULL AND OPEN COMPETITION,BR,BASIC RESEARCH,NONE,NO SET ASIDE USED.,NONE,NO PREFERENCE USED,,,,,,,11,D,COMMERCIAL ITEM PROCEDURES NOT USED,f,N,NO,N,NO,Y,YES,N,NO,0.00,N,NO,X,NOT APPLICABLE,X,NOT APPLICABLE,X,NOT APPLICABLE,X,NOT APPLICABLE,,,,,,,,NONE,NONE,Y,YES,X,NOT APPLICABLE EXEMPT FROM CAS,N,TRANSACTION DOES NOT USE GFE/GFP,N,NO,D,NOT CONSOLIDATED,N,NO - SERVICE WHERE PBA IS NOT USED.,N,NO,Z,NOT APPLICABLE,N,NO,X,NOT APPLICABLE,f,f,f,f,f,f,f,f,f,f,f,f,f,f,f,f,f,f,f,SMALL BUSINESS,S,f,f,f,f,f,f,f,f,f,f,f,f,f,f,f,f,f,CORPORATE NOT TAX EXEMPT,t,f,f,f,f,f,f,f,f,f,f,f,f,f,f,f,f,t,f,f,f,f,f,f,f,t,f,f,t,f,f,f,f,f,f,f,f,f,f,f,f,f,f,f,f,f,f,f,t,f,,,,,,,,,,,https://www.usaspending.gov/award/CONT_AWD_N0001417C1042_9700_-NONE-_-NONE-/,2021-11-30 15:55:52+00
CONT_AWD_N0001417C2030_9700_-NONE-_-NONE-,N0001417C2030,,,,Q: Not Designated Nonemergency/Emergency/Disaster/Wildfire Suppression,,,,,423052.00,0.00,423052.00,423052.00,2017-05-04,2017,2021-11-24,2022,2017-05-09,2021-12-31,2021-12-31 00:00:00,,,097,Department of Defense,1700,Department of the Navy,N00014,OFFICE OF NAVAL RESEARCH,097,Department of Defense,1700,Department of the Navy,N00014,OFFICE OF NAVAL RESEARCH,017-2018/2019-1319-000;017-2020/2021-1319-000,017-1319,25.5: Research and development contracts,0001: BASIC RESEARCH,X,NOT APPLICABLE,,,WQKMXY9FRUC5,967953613,"TELEDYNE SCIENTIFIC & IMAGING, LLC","TELEDYNE SCIENTIFIC & IMAGING, LLC",,2D609,SQ2DSCE69F15,112358432,TELEDYNE TECHNOLOGIES INCORPORATED,TELEDYNE TECHNOLOGIES INC,USA,UNITED STATES,1049 CAMINO DOS RIOS,,THOUSAND OAKS,06111,VENTURA,06,CA,CALIFORNIA,913602362,CA-26,CA-26,8053734141,,USA,UNITED STATES,THOUSAND OAKS,06111,VENTURA,06,CA,CALIFORNIA,913602362,CA-26,CA-26,AWARD,D,DEFINITIVE CONTRACT,,,,,,,U,COST PLUS FIXED FEE,IGF::CL::IGF  LOW PRESSURE CONSOLIDATION OF NANO-CBN MONOLITHS FOR TOOLING APPLICATIONS,N0001417SB001,1,"CL,CT","CLOSELY ASSOCIATED,CRITICAL FUNCTIONS",AD92,R&D- DEFENSE OTHER: OTHER (APPLIED RESEARCH/EXPLORATORY DEVELOPMENT),H,NOT BUNDLED,S1,SERVICES,541712,"RESEARCH AND DEVELOPMENT IN THE PHYSICAL, ENGINEERING, AND LIFE SCIENCES (EXCEPT BIOTECHNOLOGY)",C,NO CLAUSES INCLUDED AND NO SUSTAINABILITY INCLUDED,A,U.S. OWNED BUSINESS,000,NONE,Z,NOT IT PRODUCTS OR SERVICES,E,NOT REQUIRED,USA,UNITED STATES,C,NOT A MANUFACTURED END PRODUCT,B,PLAN NOT REQUIRED,A,FULL AND OPEN COMPETITION,NP,NEGOTIATED PROPOSAL/QUOTE,NONE,NO SET ASIDE USED.,NONE,NO PREFERENCE USED,,,,,,,999,D,COMMERCIAL ITEM PROCEDURES NOT USED,f,N,NO,N,NO,Y,YES,N,NO,0.00,N,NO,N,NO,N,NO,N,NO,X,NOT APPLICABLE,,,,,,,,NONE,NONE,N,NO,X,NOT APPLICABLE EXEMPT FROM CAS,N,TRANSACTION DOES NOT USE GFE/GFP,N,NO,D,NOT CONSOLIDATED,N,NO - SERVICE WHERE PBA IS NOT USED.,N,NO,Z,NOT APPLICABLE,N,NO,X,NOT APPLICABLE,f,f,f,f,f,f,f,f,f,f,f,f,f,f,f,f,f,f,f,OTHER THAN SMALL BUSINESS,O,f,f,f,f,f,f,f,f,f,f,f,f,f,f,f,f,f,CORPORATE NOT TAX EXEMPT,t,f,f,f,f,f,f,f,f,f,f,f,t,f,f,f,f,t,f,f,f,f,f,f,f,f,t,f,t,f,f,f,f,f,f,f,f,f,f,f,f,f,f,f,f,f,f,f,f,f,,,,,,,,,,,https://www.usaspending.gov/award/CONT_AWD_N0001417C2030_9700_-NONE-_-NONE-/,2021-12-07 18:26:41+00
CONT_AWD_N0010419CBA11_9700_-NONE-_-NONE-,N0010419CBA11,,,,,,,,,0.00,,0.00,0.00,2018-11-01,2019,2021-11-30,2022,2018-11-01,2019-10-17,2019-10-17 00:00:00,,,097,Department of Defense,1700,Department of the Navy,N00104,NAVSUP WEAPON SYSTEMS SUPPORT MECH,097,Department of Defense,1700,Department of the Navy,N00104,NAVSUP WEAPON SYSTEMS SUPPORT MECH,,,,,X,NOT APPLICABLE,,,LJ9KTV1ARN93,809919038,"STAG ENTERPRISE, INC.","STAG ENTERPRISE, INC.",,0YSA1,LJ9KTV1ARN93,809919038,"STAG ENTERPRISE, INC.",STAG ENTERPRISE  INC.,USA,UNITED STATES,383 WILBANKS DR,,BALL GROUND,13057,CHEROKEE,13,GA,GEORGIA,301076002,GA-11,GA-11,7707208888,7707208887,USA,UNITED STATES,BALL GROUND,13057,CHEROKEE,13,GA,GEORGIA,301076002,GA-11,GA-11,AWARD,D,DEFINITIVE CONTRACT,,,,,,,J,FIRM FIXED PRICE,"GAGE,LIQUID QUANTIT",N0010418RBK56,1,OT,OTHER FUNCTIONS,6680,"LIQUID AND GAS FLOW, LIQUID LEVEL, AND MECHANICAL MOTION MEASURING INSTRUMENTS",H,NOT BUNDLED,A3,SHIPS,333999,ALL OTHER MISCELLANEOUS GENERAL PURPOSE MACHINERY MANUFACTURING,C,NO CLAUSES INCLUDED AND NO SUSTAINABILITY INCLUDED,A,U.S. OWNED BUSINESS,000,NONE,Z,NOT IT PRODUCTS OR SERVICES,E,NOT REQUIRED,USA,UNITED STATES,D,MFG IN U.S.,B,PLAN NOT REQUIRED,A,FULL AND OPEN COMPETITION,NP,NEGOTIATED PROPOSAL/QUOTE,NONE,NO SET ASIDE USED.,NONE,NO PREFERENCE USED,,,,,,,1,D,COMMERCIAL ITEM PROCEDURES NOT USED,f,N,NO,N,NO,Y,YES,N,NO,0.00,N,NO,Y,YES,N,NO,X,NOT APPLICABLE,X,NOT APPLICABLE,,,,,,,,NONE,NONE,N,NO,X,NOT APPLICABLE EXEMPT FROM CAS,N,TRANSACTION DOES NOT USE GFE/GFP,N,NO,D,NOT CONSOLIDATED,X,NOT APPLICABLE,N,NO,Z,NOT APPLICABLE,N,NO,X,NOT APPLICABLE,f,f,f,f,f,t,f,t,t,f,f,f,t,f,t,f,f,f,f,SMALL BUSINESS,S,f,f,f,f,f,f,f,f,f,f,f,f,f,f,f,f,f,CORPORATE NOT TAX EXEMPT,t,f,f,f,f,f,f,f,f,f,f,f,f,f,f,f,f,t,f,f,f,f,f,f,f,f,f,f,t,f,f,f,f,f,f,f,f,f,f,f,f,f,f,f,t,t,f,f,f,f,,,,,,,,,,,https://www.usaspending.gov/award/CONT_AWD_N0010419CBA11_9700_-NONE-_-NONE-/,2021-12-13 16:18:08+00
CONT_AWD_N0010421CCA05_9700_-NONE-_-NONE-,N0010421CCA05,,,,,,,,,1791000.00,,1791000.00,1791000.00,2021-06-21,2021,2021-11-30,2022,2021-06-21,2022-07-27,2022-07-27 00:00:00,,2021-04-06,097,Department of Defense,1700,Department of the Navy,N00104,NAVSUP WEAPON SYSTEMS SUPPORT MECH,097,Department of Defense,1700,Department of the Navy,N00104,NAVSUP WEAPON SYSTEMS SUPPORT MECH,,,,,X,NOT APPLICABLE,,,GEMTMFN5D233,,ENVIRONMENTAL SYSTEMS LLC,"ENVIRONMENTAL SYSTEMS, LLC",,65625,WZPDCB84Z2R3,,ALLIED MARINE SERVICES  LLC,EVAC US INC.,USA,UNITED STATES,433 LOG CANOE CIR,,STEVENSVILLE,24035,QUEEN ANNE'S,24,MD,MARYLAND,216662229,MD-01,MD-01,4106436313,,USA,UNITED STATES,STEVENSVILLE,24035,QUEEN ANNES,24,MD,MARYLAND,216662229,MD-01,MD-01,AWARD,D,DEFINITIVE CONTRACT,,,,,,,J,FIRM FIXED PRICE,"PUMPING UNIT,SEWAGE",N0010421RCZ53,1,OT,OTHER FUNCTIONS,4630,SEWAGE TREATMENT EQUIPMENT,H,NOT BUNDLED,A3,SHIPS,333999,ALL OTHER MISCELLANEOUS GENERAL PURPOSE MACHINERY MANUFACTURING,C,NO CLAUSES INCLUDED AND NO SUSTAINABILITY INCLUDED,C,FOREIGN-OWNED BUSINESS INCORPORATED IN THE U.S.,000,NONE,Z,NOT IT PRODUCTS OR SERVICES,E,NOT REQUIRED,USA,UNITED STATES,D,MFG IN U.S.,B,PLAN NOT REQUIRED,C,NOT COMPETED,SSS,ONLY ONE SOURCE,NONE,NO SET ASIDE USED.,NONE,NO PREFERENCE USED,,,,,ONE,ONLY ONE SOURCE-OTHER (FAR 6.302-1 OTHER),1,D,COMMERCIAL ITEM PROCEDURES NOT USED,f,N,NO,N,NO,X,NOT APPLICABLE,N,NO,0.00,N,NO,N,NO,N,NO,N,NO,X,NOT APPLICABLE,,,,,,,,NONE,NONE,N,NO,Y,YES - CAS CLAUSE INCLUDED,Y,TRANSACTION USES GFE/GFP,N,NO,D,NOT CONSOLIDATED,X,NOT APPLICABLE,N,NO,Z,NOT APPLICABLE,N,NO,X,NOT APPLICABLE,f,f,f,f,f,f,f,f,f,f,f,f,f,f,f,f,f,f,f,SMALL BUSINESS,S,f,f,f,f,f,f,f,f,f,f,f,f,f,f,f,f,f,CORPORATE NOT TAX EXEMPT,t,f,f,f,f,f,f,f,f,f,f,f,f,f,f,f,f,t,f,f,f,f,f,f,f,f,f,t,t,f,f,f,f,f,f,f,f,f,f,f,f,f,f,f,f,f,f,f,f,f,,,,,,,,,,,https://www.usaspending.gov/award/CONT_AWD_N0010421CCA05_9700_-NONE-_-NONE-/,2022-04-02 14:48:34+00
CONT_AWD_N0024421C0012_9700_-NONE-_-NONE-,N0024421C0012,,,,Q: Not Designated Nonemergency/Emergency/Disaster/Wildfire Suppression,,,,,486055.00,0.00,486055.00,1074140.00,2021-03-31,2021,2021-11-30,2022,2021-03-31,2022-03-30,2022-07-31 00:00:00,,2021-02-26,097,Department of Defense,1700,Department of the Navy,N00244,NAVSUP FLT LOG CTR  SAN DIEGO,097,Department of Defense,1700,Department of the Navy,N62271,NAVAL POSTGRADUATE SCHOOL,017-2021/2021-1804-000,017-1804,25.3: Other goods and services from Federal sources,0001: OPERATING FORCES,X,NOT APPLICABLE,,,QJ8HMDK7MRM3,175104595,UNIVERSITY OF CALIFORNIA SAN DIEGO,UNIVERSITY OF CALIFORNIA SAN DIEGO,,7H459,NUDGYLBB4S99,071549000,STATE OF CALIFORNIA CONTROLLERS OFFICE,,USA,UNITED STATES,8622 DISCOVERY WAY RM 116,,LA JOLLA,06073,SAN DIEGO,06,CA,CALIFORNIA,920931500,CA-52,CA-50,8585347962,8585345306,USA,UNITED STATES,LA JOLLA,06073,SAN DIEGO,06,CA,CALIFORNIA,920931500,CA-52,CA-50,AWARD,D,DEFINITIVE CONTRACT,,,,,,,J,FIRM FIXED PRICE,HYDROPHONE MODULES,N0024421R0012,1,OT,OTHER FUNCTIONS,5845,UNDERWATER SOUND EQUIPMENT,H,NOT BUNDLED,C9E,ALL OTHERS NOT IDENTIFIABLE TO ANY OTHER PROCUREMENT PROGRAM,334511,"SEARCH, DETECTION, NAVIGATION, GUIDANCE, AERONAUTICAL, AND NAUTICAL SYSTEM AND INSTRUMENT MANUFACTURING",C,NO CLAUSES INCLUDED AND NO SUSTAINABILITY INCLUDED,A,U.S. OWNED BUSINESS,000,NONE,Z,NOT IT PRODUCTS OR SERVICES,A,MEETS REQUIREMENTS,USA,UNITED STATES,D,MFG IN U.S.,B,PLAN NOT REQUIRED,C,NOT COMPETED,SSS,ONLY ONE SOURCE,NONE,NO SET ASIDE USED.,NONE,NO PREFERENCE USED,,,,,ONE,ONLY ONE SOURCE-OTHER (FAR 6.302-1 OTHER),1,D,COMMERCIAL ITEM PROCEDURES NOT USED,f,N,NO,N,NO,Y,YES,N,NO,0.00,N,NO,N,NO,N,NO,N,NO,X,NOT APPLICABLE,,,,,,,,NONE,NONE,N,NO,X,NOT APPLICABLE EXEMPT FROM CAS,N,TRANSACTION DOES NOT USE GFE/GFP,U,UNKNOWN,D,NOT CONSOLIDATED,X,NOT APPLICABLE,N,NO,Z,NOT APPLICABLE,N,NO,X,NOT APPLICABLE,f,f,f,f,f,f,f,f,f,f,f,f,f,f,f,f,f,f,f,OTHER THAN SMALL BUSINESS,O,f,f,f,f,f,f,f,f,f,f,f,f,f,f,f,f,f,CORPORATE TAX EXEMPT,f,t,f,f,f,f,f,f,f,t,f,f,f,f,f,f,f,t,f,f,f,f,f,f,f,f,f,f,f,t,f,f,f,t,t,f,f,f,f,f,f,f,f,f,f,f,f,f,f,f,,,,,,,,,,,https://www.usaspending.gov/award/CONT_AWD_N0024421C0012_9700_-NONE-_-NONE-/,2021-11-30 17:58:32+00
CONT_AWD_N0038322CM001_9700_-NONE-_-NONE-,N0038322CM001,,,,,,,,,1736715.00,,1736715.00,1736715.00,2021-11-24,2022,2021-11-24,2022,2021-11-24,2022-11-25,2022-11-25 00:00:00,,2021-08-04,097,Department of Defense,1700,Department of the Navy,N00383,NAVSUP WEAPON SYSTEMS SUPPORT,097,Department of Defense,1700,Department of the Navy,N00383,NAVSUP WEAPON SYSTEMS SUPPORT,,,,,X,NOT APPLICABLE,,,NWJXD3EE75U7,,GOODRICH CORPORATION,GOODRICH CORPORATION,,97153,PPLZG8J3N9D4,,RTX CORP,GOODRICH CORPORATION,USA,UNITED STATES,101 WACO ST,,TROY,39109,MIAMI,39,OH,OHIO,453733872,OH-08,OH-08,9374402021,,USA,UNITED STATES,TROY,39109,MIAMI,39,OH,OHIO,453733872,OH-08,OH-08,AWARD,D,DEFINITIVE CONTRACT,,,,,,,J,FIRM FIXED PRICE,ELECTRIC BRAKE ACTU,,1,OT,OTHER FUNCTIONS,1680,MISCELLANEOUS AIRCRAFT ACCESSORIES AND COMPONENTS,H,NOT BUNDLED,A1A,AIRFRAMES AND SPARES,335312,MOTOR AND GENERATOR MANUFACTURING,C,NO CLAUSES INCLUDED AND NO SUSTAINABILITY INCLUDED,A,U.S. OWNED BUSINESS,000,NONE,Z,NOT IT PRODUCTS OR SERVICES,E,NOT REQUIRED,USA,UNITED STATES,D,MFG IN U.S.,A,PLAN NOT INCLUDED - NO SUBCONTRACTING POSSIBILITIES,C,NOT COMPETED,SSS,ONLY ONE SOURCE,NONE,NO SET ASIDE USED.,NONE,NO PREFERENCE USED,,,,,ONE,ONLY ONE SOURCE-OTHER (FAR 6.302-1 OTHER),1,A,COMMERCIAL ITEM,f,N,NO,N,NO,N,NO,N,NO,0.00,N,NO,N,NO,N,NO,X,NOT APPLICABLE,X,NOT APPLICABLE,,,,,,,,NONE,NONE,N,NO,X,NOT APPLICABLE EXEMPT FROM CAS,N,TRANSACTION DOES NOT USE GFE/GFP,N,NO,D,NOT CONSOLIDATED,X,NOT APPLICABLE,N,NO,Z,NOT APPLICABLE,N,NO,X,NOT APPLICABLE,f,f,f,f,f,f,f,f,f,f,f,f,f,f,f,f,f,f,f,OTHER THAN SMALL BUSINESS,O,f,f,f,f,f,f,f,f,f,f,f,f,f,f,f,f,f,CORPORATE NOT TAX EXEMPT,t,f,f,f,f,f,f,f,f,f,f,f,t,f,f,f,f,t,f,f,f,f,f,f,f,f,f,f,t,f,f,f,f,f,f,f,f,f,f,f,f,f,f,f,f,f,f,f,f,f,,,,,,,,,,,https://www.usaspending.gov/award/CONT_AWD_N0038322CM001_9700_-NONE-_-NONE-/,2023-07-02 07:35:41+00
CONT_AWD_N0038322CN011_9700_-NONE-_-NONE-,N0038322CN011,,,,,,,,,298388.62,,298388.62,298388.62,2021-11-30,2022,2021-11-30,2022,2021-11-30,2022-08-29,2022-08-29 00:00:00,,2021-11-12,097,Department of Defense,1700,Department of the Navy,N00383,NAVSUP WEAPON SYSTEMS SUPPORT,097,Department of Defense,1700,Department of the Navy,N00383,NAVSUP WEAPON SYSTEMS SUPPORT,,,,,X,NOT APPLICABLE,,,JHLBPBLX9M63,,"NOBLES WORLDWIDE, INC.","NOBLES WORLDWIDE, INC.",,76793,JHLBPBLX9M63,,"NOBLES WORLDWIDE, INC.",NOBLES MANUFACTURING  INC.,USA,UNITED STATES,1105 E PINE ST,,SAINT CROIX FALLS,55095,POLK,55,WI,WISCONSIN,540249002,WI-07,WI-07,7155542121,7154831884,USA,UNITED STATES,SAINT CROIX FALLS,55095,POLK,55,WI,WISCONSIN,540249002,WI-07,WI-07,AWARD,D,DEFINITIVE CONTRACT,,,,,,,J,FIRM FIXED PRICE,"CHUTE,FEED,AIRCRAFT",,1,OT,OTHER FUNCTIONS,1005,"GUNS, THROUGH 30MM",H,NOT BUNDLED,A1A,AIRFRAMES AND SPARES,336413,OTHER AIRCRAFT PARTS AND AUXILIARY EQUIPMENT MANUFACTURING,C,NO CLAUSES INCLUDED AND NO SUSTAINABILITY INCLUDED,A,U.S. OWNED BUSINESS,000,NONE,Z,NOT IT PRODUCTS OR SERVICES,E,NOT REQUIRED,USA,UNITED STATES,D,MFG IN U.S.,B,PLAN NOT REQUIRED,C,NOT COMPETED,SSS,ONLY ONE SOURCE,NONE,NO SET ASIDE USED.,NONE,NO PREFERENCE USED,,,,,ONE,ONLY ONE SOURCE-OTHER (FAR 6.302-1 OTHER),1,D,COMMERCIAL ITEM PROCEDURES NOT USED,f,N,NO,N,NO,X,NOT APPLICABLE,N,NO,0.00,N,NO,X,NOT APPLICABLE,N,NO,X,NOT APPLICABLE,X,NOT APPLICABLE,,,,,,,,NONE,NONE,N,NO,X,NOT APPLICABLE EXEMPT FROM CAS,N,TRANSACTION DOES NOT USE GFE/GFP,N,NO,D,NOT CONSOLIDATED,X,NOT APPLICABLE,N,NO,Z,NOT APPLICABLE,N,NO,X,NOT APPLICABLE,f,f,f,f,f,f,f,f,f,f,f,f,f,f,f,f,f,f,f,SMALL BUSINESS,S,f,f,f,f,f,f,f,f,f,f,f,f,f,f,f,f,f,CORPORATE NOT TAX EXEMPT,t,f,f,f,f,f,f,f,f,f,f,f,t,f,f,f,f,t,f,f,f,f,f,f,f,f,f,f,t,f,f,f,f,f,f,f,f,f,f,f,f,f,f,f,f,f,f,f,f,f,,,,,,,,,,,https://www.usaspending.gov/award/CONT_AWD_N0038322CN011_9700_-NONE-_-NONE-/,2022-11-22 06:29:56+00
CONT_AWD_N0042122C0012_9700_-NONE-_-NONE-,N0042122C0012,,,,,,,,,267269.87,,267269.87,267269.87,2021-11-30,2022,2021-11-30,2022,2021-10-01,2022-09-30,2022-09-30 00:00:00,,2021-11-22,097,Department of Defense,1700,Department of the Navy,N00421,NAVAL AIR WARFARE CENTER AIR DIV,097,Department of Defense,1700,Department of the Navy,N00421,NAVAL AIR WARFARE CENTER AIR DIV,,,,,X,NOT APPLICABLE,,,RHLAM7GSJGJ4,,HOTTINGER BRUEL & KJAER INC.,HOTTINGER BRUEL & KJAER INC.,,01HT4,NSFAYV7YAJB1,,SPECTRIS PLC,HOTTINGER BALDWIN MEASUREMENTS  INC.,USA,UNITED STATES,19 BARTLETT ST,,MARLBOROUGH,25017,MIDDLESEX,25,MA,MASSACHUSETTS,017523014,MA-03,MA-03,7702096869,,USA,UNITED STATES,PATUXENT RIVER,24037,SAINT MARYS,24,MD,MARYLAND,206701553,MD-05,MD-05,AWARD,D,DEFINITIVE CONTRACT,,,,,,,J,FIRM FIXED PRICE,P/N: RSMS10F REINSTATE RELIASOFT MASTER SYNTHESIS SUITE,N0042122Q0025,1,OT,OTHER FUNCTIONS,7B22,IT AND TELECOM - COMPUTE: SERVERS (HARDWARE AND PERPETUAL LICENSE SOFTWARE),H,NOT BUNDLED,S1,SERVICES,541519,OTHER COMPUTER RELATED SERVICES,C,NO CLAUSES INCLUDED AND NO SUSTAINABILITY INCLUDED,C,FOREIGN-OWNED BUSINESS INCORPORATED IN THE U.S.,000,NONE,A,COMMERCIALLY AVAILABLE,A,MEETS REQUIREMENTS,USA,UNITED STATES,D,MFG IN U.S.,B,PLAN NOT REQUIRED,F,COMPETED UNDER SAP,SP1,SIMPLIFIED ACQUISITION,NONE,NO SET ASIDE USED.,NONE,NO PREFERENCE USED,,,,,,,1,A,COMMERCIAL ITEM,f,N,NO,N,NO,Y,YES,N,NO,0.00,N,NO,N,NO,N,NO,N,NO,X,NOT APPLICABLE,,,,,,,,NONE,NONE,N,NO,X,NOT APPLICABLE EXEMPT FROM CAS,N,TRANSACTION DOES NOT USE GFE/GFP,U,UNKNOWN,D,NOT CONSOLIDATED,X,NOT APPLICABLE,N,NO,Z,NOT APPLICABLE,N,NO,X,NOT APPLICABLE,f,f,f,f,f,f,f,f,f,f,f,f,f,f,f,f,f,f,f,OTHER THAN SMALL BUSINESS,O,f,f,f,f,f,f,f,f,f,f,f,f,f,f,f,f,f,CORPORATE NOT TAX EXEMPT,t,f,f,f,f,f,f,f,f,f,f,f,t,f,f,f,f,t,f,f,f,f,f,f,f,f,f,t,t,f,f,f,f,f,f,f,f,f,f,f,f,f,f,f,f,f,f,f,f,f,,,,,,,,,,,https://www.usaspending.gov/award/CONT_AWD_N0042122C0012_9700_-NONE-_-NONE-/,2023-03-22 15:52:49+00
CONT_AWD_N3220521C4126_9700_-NONE-_-NONE-,N3220521C4126,,,,,,,,,11014526.45,,11014526.45,11014526.45,2021-06-08,2021,2021-11-30,2022,2021-07-10,2021-10-22,2021-10-22 00:00:00,,2021-01-05,097,Department of Defense,1700,Department of the Navy,N32205,MSCHQ NORFOLK,097,Department of Defense,1700,Department of the Navy,N32205,MSCHQ NORFOLK,,,,,X,NOT APPLICABLE,,,L7ZETMM4M9R3,627065423,VIGOR MARINE LLC,VIGOR MARINE LLC,,4PGG4,GLB1EGQHMTM7,117730694,CARLYLE GROUP MANAGEMENT L.L.C.,VIGOR MARINE LLC,USA,UNITED STATES,5555 N CHANNEL AVE,,PORTLAND,41051,MULTNOMAH,41,OR,OREGON,97217,OR-03,OR-03,5032471416,,USA,UNITED STATES,PORTLAND,41051,MULTNOMAH,41,OR,OREGON,972173077,OR-03,OR-03,AWARD,D,DEFINITIVE CONTRACT,,,,,,,J,FIRM FIXED PRICE,N104A1 - PM1 - S. JEWELL - USNS GUADALUPE FY21 MTA,N3220521R4126,1,OT,OTHER FUNCTIONS,J999,NON-NUCLEAR SHIP REPAIR (WEST),H,NOT BUNDLED,A3,SHIPS,336611,SHIP BUILDING AND REPAIRING,C,NO CLAUSES INCLUDED AND NO SUSTAINABILITY INCLUDED,A,U.S. OWNED BUSINESS,000,NONE,Z,NOT IT PRODUCTS OR SERVICES,E,NOT REQUIRED,USA,UNITED STATES,C,NOT A MANUFACTURED END PRODUCT,F,INDIVIDUAL SUBCONTRACT PLAN,A,FULL AND OPEN COMPETITION,NP,NEGOTIATED PROPOSAL/QUOTE,NONE,NO SET ASIDE USED.,NONE,NO PREFERENCE USED,,,,,,,1,D,COMMERCIAL ITEM PROCEDURES NOT USED,f,N,NO,N,NO,Y,YES,N,NO,0.00,N,NO,Y,YES,X,NOT APPLICABLE,X,NOT APPLICABLE,X,NOT APPLICABLE,,,,,,,,NONE,NONE,Y,YES,X,NOT APPLICABLE EXEMPT FROM CAS,N,TRANSACTION DOES NOT USE GFE/GFP,U,UNKNOWN,D,NOT CONSOLIDATED,Y,YES - SERVICE WHERE PBA IS USED.,N,NO,C,PERCENTAGE OF COMPLETION PROGRESS PAYMENTS,N,NO,X,NOT APPLICABLE,f,f,f,f,f,f,f,f,f,f,f,f,f,f,f,f,f,f,f,OTHER THAN SMALL BUSINESS,O,f,f,f,f,f,f,f,f,f,f,f,f,f,f,f,f,f,CORPORATE NOT TAX EXEMPT,t,f,f,f,f,f,f,f,f,f,f,f,f,f,f,f,f,t,f,f,f,f,f,f,f,f,t,f,t,f,f,f,f,f,f,f,f,f,f,f,f,f,f,f,f,f,f,f,f,f,"JOHN (""DAVE"")  BYERS",543456.00,MICHAEL R PEARSON,336789.00,"MARK  SCHIELY, SR.",213957.00,KENNETH J SWINGLE,185300.00,MICHAEL  LAMB,185112.00,https://www.usaspending.gov/award/CONT_AWD_N3220521C4126_9700_-NONE-_-NONE-/,2021-11-30 09:43:16+00
CONT_AWD_N4008420C0050_9700_-NONE-_-NONE-,N4008420C0050,,,,,,,,,606000.00,,606000.00,606000.00,2020-03-09,2020,2021-11-30,2022,2020-03-09,2022-01-31,2022-01-31 00:00:00,,2019-11-27,097,Department of Defense,1700,Department of the Navy,N40084,NAVFACSYSCOM FAR EAST,097,Department of Defense,1700,Department of the Navy,N62583,NAVAL FACILIITES ENGINEERING AND,,,,,X,NOT APPLICABLE,,,UANMU2AX4GA5,713619880,MORITA CORPORATION,MORITA CORPORATION,,J1458,LVENVGJNJ7N5,690570635,MORITA CORPORATION,MORITA HOLDINGS CORPORATION,JPN,JAPAN,"1-5, TECHNO-PARK",,SANDA,,,,,HYOGO,669-1339,00,,,,JPN,JAPAN,,,,,,,,,,AWARD,D,DEFINITIVE CONTRACT,,,,,,,J,FIRM FIXED PRICE,THIS PROCUREMENT IS FOR ONE CNRJ FIRE PUMPER MODEL #MCF750X100USNV.,N4008420T0003,1,OT,OTHER FUNCTIONS,4210,FIRE FIGHTING EQUIPMENT,H,NOT BUNDLED,A4B,NON-COMBAT VEHICLES,336120,HEAVY DUTY TRUCK MANUFACTURING,C,NO CLAUSES INCLUDED AND NO SUSTAINABILITY INCLUDED,D,FOREIGN-OWNED BUSINESS NOT INCORPORATED IN THE U.S.,000,NONE,Z,NOT IT PRODUCTS OR SERVICES,A,MEETS REQUIREMENTS,JPN,JAPAN,L,MFG OUTSIDE U.S. - QUALIFYING COUNTRY (DOD ONLY),B,PLAN NOT REQUIRED,F,COMPETED UNDER SAP,SP1,SIMPLIFIED ACQUISITION,NONE,NO SET ASIDE USED.,NONE,NO PREFERENCE USED,,,,,,,4,A,COMMERCIAL ITEM,f,N,NO,N,NO,Y,YES,N,NO,0.00,N,NO,X,NOT APPLICABLE,X,NOT APPLICABLE,X,NOT APPLICABLE,X,NOT APPLICABLE,,,,,,,,NONE,NONE,N,NO,X,NOT APPLICABLE EXEMPT FROM CAS,N,TRANSACTION DOES NOT USE GFE/GFP,U,UNKNOWN,D,NOT CONSOLIDATED,X,NOT APPLICABLE,N,NO,Z,NOT APPLICABLE,N,NO,X,NOT APPLICABLE,f,f,f,f,f,f,f,f,f,f,f,f,f,f,f,f,f,f,f,OTHER THAN SMALL BUSINESS,O,f,f,f,f,f,f,f,f,f,f,f,f,f,f,f,f,f,CORPORATE TAX EXEMPT,f,t,f,f,f,f,f,f,f,f,f,f,t,f,f,f,f,t,f,f,f,f,f,f,f,f,f,f,t,f,f,f,f,f,f,f,f,f,f,f,f,f,f,f,f,f,f,f,f,f,,,,,,,,,,,https://www.usaspending.gov/award/CONT_AWD_N4008420C0050_9700_-NONE-_-NONE-/,2021-11-29 21:22:23+00
CONT_AWD_N4008422C7004_9700_-NONE-_-NONE-,N4008422C7004,,,,,,,,,115074.15,,115074.15,115074.15,2021-11-26,2022,2021-11-26,2022,2021-11-25,2022-05-21,2022-05-21 00:00:00,,2021-10-13,097,Department of Defense,1700,Department of the Navy,N40084,NAVFACSYSCOM FAR EAST,097,Department of Defense,1700,Department of the Navy,N61060,NAVAL AIR FACILITY MISAWA JAPAN,,,,,X,NOT APPLICABLE,,,QAEUX5XMJKD8,,"KAMIKITA KENSETSU CO.,LTD.","KAMIKITA KENSETSU CO.,LTD.",,JS371,QAEUX5XMJKD8,,"KAMIKITA KENSETSU CO.,LTD.",KAMIKITA KENSETSU CO. LTD.,JPN,JAPAN,"2-62, HONAMICHO",,TOWADA,,,,,AOMORI,034-0037,,,,,JPN,JAPAN,,,,,,,,,,AWARD,D,DEFINITIVE CONTRACT,,,,,,,J,FIRM FIXED PRICE,"REPLACE A/C UNIT IN CALIBRATION ROOM, BLDG. 976, NAF MISAWA, JAPAN",N4008422T7004,1,OT,OTHER FUNCTIONS,Y1EB,CONSTRUCTION OF MAINTENANCE BUILDINGS,H,NOT BUNDLED,C2,CONSTRUCTION,238220,"PLUMBING, HEATING, AND AIR-CONDITIONING CONTRACTORS",C,NO CLAUSES INCLUDED AND NO SUSTAINABILITY INCLUDED,D,FOREIGN-OWNED BUSINESS NOT INCORPORATED IN THE U.S.,000,NONE,Z,NOT IT PRODUCTS OR SERVICES,E,NOT REQUIRED,JPN,JAPAN,C,NOT A MANUFACTURED END PRODUCT,B,PLAN NOT REQUIRED,F,COMPETED UNDER SAP,SP1,SIMPLIFIED ACQUISITION,NONE,NO SET ASIDE USED.,NONE,NO PREFERENCE USED,,,,,,,6,D,COMMERCIAL ITEM PROCEDURES NOT USED,f,N,NO,N,NO,Y,YES,N,NO,0.00,N,NO,X,NOT APPLICABLE,X,NOT APPLICABLE,X,NOT APPLICABLE,X,NOT APPLICABLE,,,,,,,,NONE,NONE,N,NO,X,NOT APPLICABLE EXEMPT FROM CAS,N,TRANSACTION DOES NOT USE GFE/GFP,U,UNKNOWN,D,NOT CONSOLIDATED,N,NO - SERVICE WHERE PBA IS NOT USED.,N,NO,Z,NOT APPLICABLE,N,NO,X,NOT APPLICABLE,f,f,f,f,f,f,f,f,f,f,f,f,f,f,f,f,f,f,f,OTHER THAN SMALL BUSINESS,O,f,f,f,f,f,f,f,f,f,f,f,f,f,f,f,f,f,CORPORATE NOT TAX EXEMPT,t,f,f,f,f,f,f,f,f,f,f,f,f,f,f,f,f,t,f,f,f,f,f,f,f,f,f,f,t,f,f,f,f,f,f,f,f,f,f,f,f,f,f,f,f,f,f,f,f,f,,,,,,,,,,,https://www.usaspending.gov/award/CONT_AWD_N4008422C7004_9700_-NONE-_-NONE-/,2023-09-29 10:53:53+00
CONT_AWD_N4008517C5002_9700_-NONE-_-NONE-,N4008517C5002,,,,C: Emergency P.L. 115-123;N: Emergency P.L. 116-136;Q: Not Designated Nonemergency/Emergency/Disaster/Wildfire Suppression,,-1303523.52,,,60609281.91,20084522.69,60609281.91,65905281.91,2017-06-27,2017,2021-11-30,2022,2017-06-27,2021-11-16,2021-11-16 00:00:00,,,097,Department of Defense,1700,Department of the Navy,N62470,NAVFACSYSCOM ATLANTIC,097,Department of Defense,1700,Department of the Navy,N39040,PORTSMOUTH NAVAL SHIPYARD GF,017-2017/2017-1804-000;017-2017/2019-1810-000;017-2018/2020-1810-000;017-2018/2022-1205-000;017-2019/2019-1804-000;017-2019/2021-1810-000;017-2020/2020-1804-000;017-2020/2022-1810-000;017-2021/2021-1804-000,017-1205;017-1804;017-1810,25.3: Other goods and services from Federal sources;25.4: Operation and maintenance of facilities;31.0: Equipment,0001: OPERATING FORCES;0001: SUPPORT VEHICLES AND EQUIPMENT;0002: COMMUNICATIONS AND ELECTRONICS EQUIPMENT;OPTN: FIELD IS OPTIONAL PRIOR TO FY21,X,NOT APPLICABLE,,,S175L3H4MKV1,006854210,CIANBRO CORPORATION,CIANBRO CORPORATION,,5S864,DKNUHVKSM6J3,109132519,THE CIANBRO COMPANIES,THE CIANBRO COMPANIES,USA,UNITED STATES,101 CIANBRO SQUARE,,PITTSFIELD,23025,SOMERSET,23,ME,MAINE,049676301,ME-02,ME-02,2076792155,2076792465,USA,UNITED STATES,KITTERY,23031,YORK,23,ME,MAINE,039046152,ME-01,ME-01,AWARD,D,DEFINITIVE CONTRACT,,,,,,,J,FIRM FIXED PRICE,IGF::OT::IGF CIP DRY DOCK 1 DEFUELING COMPLEX PNSY KITTERY ME,N4008516R3036,1,OT,OTHER FUNCTIONS,N020,INSTALLATION OF EQUIPMENT- SHIP AND MARINE EQUIPMENT,H,NOT BUNDLED,C2,CONSTRUCTION,236210,INDUSTRIAL BUILDING CONSTRUCTION,B,FAR 52.223-4 AND FAR 52.223-9 INCLUDED,A,U.S. OWNED BUSINESS,000,NONE,Z,NOT IT PRODUCTS OR SERVICES,A,MEETS REQUIREMENTS,USA,UNITED STATES,C,NOT A MANUFACTURED END PRODUCT,F,INDIVIDUAL SUBCONTRACT PLAN,A,FULL AND OPEN COMPETITION,NP,NEGOTIATED PROPOSAL/QUOTE,NONE,NO SET ASIDE USED.,NONE,NO PREFERENCE USED,,,,,,,2,D,COMMERCIAL ITEM PROCEDURES NOT USED,f,N,NO,N,NO,Y,YES,N,NO,0.00,N,NO,N,NO,N,NO,Y,YES,X,NOT APPLICABLE,,,,,,,,NONE,NONE,N,NO,Y,YES - CAS CLAUSE INCLUDED,N,TRANSACTION DOES NOT USE GFE/GFP,U,UNKNOWN,D,NOT CONSOLIDATED,N,NO - SERVICE WHERE PBA IS NOT USED.,N,NO,Z,NOT APPLICABLE,N,NO,X,NOT APPLICABLE,f,f,f,f,f,f,f,f,f,f,f,f,f,f,f,f,f,f,f,OTHER THAN SMALL BUSINESS,O,f,f,f,f,f,f,f,f,f,f,f,f,f,f,f,f,f,OTHER,f,f,f,f,f,f,f,f,f,f,f,f,f,f,f,f,f,t,f,f,f,f,f,f,f,t,f,f,t,f,f,f,f,f,f,f,f,f,f,f,f,f,f,f,f,f,f,f,f,f,,,,,,,,,,,https://www.usaspending.gov/award/CONT_AWD_N4008517C5002_9700_-NONE-_-NONE-/,2021-11-30 10:48:23+00
CONT_AWD_N4008520C0081_9700_-NONE-_-NONE-,N4008520C0081,,,,,,,,,591957.34,,591957.34,591957.34,2020-09-30,2020,2021-11-30,2022,2020-09-30,2021-11-30,2021-11-30 00:00:00,,2020-04-10,097,Department of Defense,1700,Department of the Navy,N40085,NAVFACSYSCOM MID-ATLANTIC,097,Department of Defense,1700,Department of the Navy,N40085,NAVFACSYSCOM MID-ATLANTIC,,,,,X,NOT APPLICABLE,,,CADSMUE9J2M4,117411008,AMERITECH CONTRACTING LLC,AMERITECH MECHANICAL INC.,,8HBD7,CADSMUE9J2M4,117411008,AMERITECH CONTRACTING LLC,AMERITECH MECHANICAL INC.,USA,UNITED STATES,23 DEVON DR,,PAWCATUCK,09011,NEW LONDON,09,CT,CONNECTICUT,063791232,CT-02,CT-02,8606089959,,USA,UNITED STATES,NEWPORT,44005,NEWPORT,44,RI,RHODE ISLAND,028411212,RI-01,RI-01,AWARD,D,DEFINITIVE CONTRACT,,,,,,,J,FIRM FIXED PRICE,NUWC B1171 BASEMENT COMFORT CHILLERS,N4008520B3324,1,OT,OTHER FUNCTIONS,J041,"MAINT/REPAIR/REBUILD OF EQUIPMENT- REFRIGERATION, AIR CONDITIONING, AND AIR CIRCULATING EQUIPMENT",H,NOT BUNDLED,C2,CONSTRUCTION,238220,"PLUMBING, HEATING, AND AIR-CONDITIONING CONTRACTORS",C,NO CLAUSES INCLUDED AND NO SUSTAINABILITY INCLUDED,A,U.S. OWNED BUSINESS,000,NONE,Z,NOT IT PRODUCTS OR SERVICES,E,NOT REQUIRED,USA,UNITED STATES,C,NOT A MANUFACTURED END PRODUCT,B,PLAN NOT REQUIRED,D,FULL AND OPEN COMPETITION AFTER EXCLUSION OF SOURCES,SB,SEALED BID,SBA,SMALL BUSINESS SET ASIDE - TOTAL,NONE,NO PREFERENCE USED,,,,,,,5,D,COMMERCIAL ITEM PROCEDURES NOT USED,f,N,NO,N,NO,Y,YES,N,NO,0.00,N,NO,Y,YES,Y,YES,Y,YES,X,NOT APPLICABLE,,,,,,,,NONE,NONE,N,NO,X,NOT APPLICABLE EXEMPT FROM CAS,N,TRANSACTION DOES NOT USE GFE/GFP,U,UNKNOWN,D,NOT CONSOLIDATED,Y,YES - SERVICE WHERE PBA IS USED.,N,NO,Z,NOT APPLICABLE,N,NO,X,NOT APPLICABLE,f,f,f,f,f,t,f,f,f,f,f,f,f,f,f,f,f,f,f,SMALL BUSINESS,S,f,f,f,f,f,f,f,f,f,f,f,f,f,f,f,f,f,CORPORATE NOT TAX EXEMPT,t,f,f,f,f,f,f,f,f,f,f,f,f,f,f,f,f,t,f,f,f,f,f,f,f,f,f,f,t,f,f,f,f,f,f,f,f,f,f,f,f,f,f,f,f,t,f,f,f,f,,,,,,,,,,,https://www.usaspending.gov/award/CONT_AWD_N4008520C0081_9700_-NONE-_-NONE-/,2021-11-30 10:03:14+00
CONT_AWD_N4033921CF015_9700_-NONE-_-NONE-,N4033921CF015,,,,,,,,,1731346.00,,1752867.00,1806024.00,2021-08-24,2021,2021-11-28,2022,2021-10-02,2021-12-04,2021-12-04 00:00:00,,2021-04-14,097,Department of Defense,1700,Department of the Navy,N40339,NAVSUP FLC BAHRAIN,097,Department of Defense,1700,Department of the Navy,N40448,CTF-53 MSC BAHRAIN NAVY CARGO,,,,,X,NOT APPLICABLE,,,WMXJSAMQ73E9,851137781,DRY DOCKS WORLD - DUBAI FZCO,DRYDOCKS WORLD- DUBAI LLC,,1DWLW,PNGWYZHR46L6,864344460,DRYDOCKS WORLD- DUBAI LLC,DRYDOCKS WORLD- DUBAI LLC,ARE,UNITED ARAB EMIRATES,JUMEIRAH BEACH ROAD,,DUBAI,,,,,,,,,,,ARE,UNITED ARAB EMIRATES,,,,,,,,,,AWARD,D,DEFINITIVE CONTRACT,,,,,,,J,FIRM FIXED PRICE,USNS CATAWBA MTA,N4033921RF005,1,OT,OTHER FUNCTIONS,J998,NON-NUCLEAR SHIP REPAIR (EAST),H,NOT BUNDLED,A3,SHIPS,336611,SHIP BUILDING AND REPAIRING,C,NO CLAUSES INCLUDED AND NO SUSTAINABILITY INCLUDED,D,FOREIGN-OWNED BUSINESS NOT INCORPORATED IN THE U.S.,000,NONE,Z,NOT IT PRODUCTS OR SERVICES,E,NOT REQUIRED,ARE,UNITED ARAB EMIRATES,C,NOT A MANUFACTURED END PRODUCT,B,PLAN NOT REQUIRED,A,FULL AND OPEN COMPETITION,NP,NEGOTIATED PROPOSAL/QUOTE,NONE,NO SET ASIDE USED.,NONE,NO PREFERENCE USED,,,,,,,2,D,COMMERCIAL ITEM PROCEDURES NOT USED,f,N,NO,N,NO,Y,YES,N,NO,0.00,N,NO,X,NOT APPLICABLE,X,NOT APPLICABLE,X,NOT APPLICABLE,X,NOT APPLICABLE,,,,,,,,NONE,NONE,N,NO,X,NOT APPLICABLE EXEMPT FROM CAS,N,TRANSACTION DOES NOT USE GFE/GFP,U,UNKNOWN,D,NOT CONSOLIDATED,Y,YES - SERVICE WHERE PBA IS USED.,N,NO,Z,NOT APPLICABLE,N,NO,X,NOT APPLICABLE,f,f,f,f,f,f,f,f,f,f,f,f,f,f,f,f,f,f,f,OTHER THAN SMALL BUSINESS,O,f,f,f,f,f,f,f,f,f,f,f,f,f,f,f,f,f,CORPORATE NOT TAX EXEMPT,t,f,f,f,f,f,f,f,f,f,f,f,f,f,f,f,f,t,f,f,f,f,f,f,f,f,t,f,t,f,f,f,f,f,f,f,f,f,f,f,f,f,f,f,f,f,f,f,f,f,,,,,,,,,,,https://www.usaspending.gov/award/CONT_AWD_N4033921CF015_9700_-NONE-_-NONE-/,2021-11-28 07:07:33+00
CONT_AWD_N6274288C0201_9700_-NONE-_-NONE-,N6274288C0201,,,,,,,,,0.00,,0.00,0.00,2010-05-17,2010,2021-11-30,2022,2010-05-17,2041-12-31,2041-12-31 00:00:00,,,097,Department of Defense,1700,Department of the Navy,N62742,NAVFACSYSCOM PACIFIC,097,Department of Defense,1700,Department of the Navy,N62742,NAVFACSYSCOM PACIFIC,,,,,X,NOT APPLICABLE,,,D4W7SB9CF8G4,077701647,CITY & COUNTY OF HONOLULU,"HONOLULU, CITY & COUNTY OF",,1JCN6,D4W7SB9CF8G4,077701647,CITY & COUNTY OF HONOLULU,CITY & COUNTY OF HONOLULU,USA,UNITED STATES,530 S KING ST RM 100,,HONOLULU,15003,HONOLULU,15,HI,HAWAII,968133014,HI-01,HI-01,8087683996,8087683297,USA,UNITED STATES,HONOLULU,15003,HONOLULU,15,HI,HAWAII,968133014,HI-01,HI-01,AWARD,D,DEFINITIVE CONTRACT,,,,,,,J,FIRM FIXED PRICE,"CHANGE CONTRACTOR'S DUNS NUMBER, CAGE CODE AND DEPARTMENT NAME AND ADDRESS.",,1,,,S119,UTILITIES- OTHER,D,NOT A BUNDLED REQUIREMENT,S1,SERVICES,221320,SEWAGE TREATMENT FACILITIES,C,NO CLAUSES INCLUDED AND NO SUSTAINABILITY INCLUDED,,,,,Z,NOT IT PRODUCTS OR SERVICES,E,NOT REQUIRED,,,C,NOT A MANUFACTURED END PRODUCT,B,PLAN NOT REQUIRED,B,NOT AVAILABLE FOR COMPETITION,SSS,ONLY ONE SOURCE,NONE,NO SET ASIDE USED.,NONE,NO PREFERENCE USED,,,,,UT,UTILITIES (FAR 6.302-1(B)(3)),1,,,f,,,,,,,,,0.00,,,,,,,,,X,NOT APPLICABLE,,,,,,,,NONE,NONE,N,NO,,,N,TRANSACTION DOES NOT USE GFE/GFP,N,NO,,,,NO - SERVICE WHERE PBA IS NOT USED.,,,Z,NOT APPLICABLE,N,NO,X,NOT APPLICABLE,f,f,f,f,f,f,f,f,f,f,f,f,f,f,f,f,f,f,f,OTHER THAN SMALL BUSINESS,O,f,f,f,f,f,f,f,t,t,t,f,f,t,f,f,f,f,US GOVERNMENT ENTITY,f,f,f,f,f,f,t,f,f,f,f,f,f,f,f,f,f,t,f,f,f,f,f,f,f,f,f,f,f,f,f,f,f,f,f,f,f,f,f,f,f,f,f,f,f,f,f,f,f,f,,,,,,,,,,,https://www.usaspending.gov/award/CONT_AWD_N6274288C0201_9700_-NONE-_-NONE-/,2021-11-30 13:55:46+00
CONT_AWD_N6274288C0203_9700_-NONE-_-NONE-,N6274288C0203,,,,,,,,,492702.00,,492702.00,492702.00,1989-10-01,1990,2021-11-29,2022,1988-09-30,2041-12-31,2041-12-31 00:00:00,,,097,Department of Defense,1700,Department of the Navy,N62742,NAVFACSYSCOM PACIFIC,097,Department of Defense,1700,Department of the Navy,N62742,NAVFACSYSCOM PACIFIC,,,,,X,NOT APPLICABLE,,,LUC1RRKCT3Q9,111764853,CITY & COUNTY OF HONOLULU ENVIRON SERVICES,"HONOLULU, CITY & COUNTY OF",,4NZS4,D4W7SB9CF8G4,077701647,CITY & COUNTY OF HONOLULU,CITY & COUNTY OF HONOLULU,USA,UNITED STATES,1000 ULUOHIA ST STE 308,,KAPOLEI,15003,HONOLULU,15,HI,HAWAII,967072040,HI-01,HI-01,8087683458,8087683487,USA,UNITED STATES,PEARL HARBOR,15003,HONOLULU,15,HI,HAWAII,968604884,HI-01,HI-01,AWARD,D,DEFINITIVE CONTRACT,,,,,,,J,FIRM FIXED PRICE,"UTILITY SERVICE CONTRACT FOR SEWAGE SERVICE TO NAVAL FACILITIES IN THE MOANALUA AREA, HONOLULU, HAWAII",,1,,,S119,UTILITIES- OTHER,D,NOT A BUNDLED REQUIREMENT,S1,SERVICES,221320,SEWAGE TREATMENT FACILITIES,C,NO CLAUSES INCLUDED AND NO SUSTAINABILITY INCLUDED,B,OTHER U.S. ENTITY (E.G. GOVERNMENT),000,NONE,Z,NOT IT PRODUCTS OR SERVICES,E,NOT REQUIRED,USA,UNITED STATES,C,NOT A MANUFACTURED END PRODUCT,B,PLAN NOT REQUIRED,B,NOT AVAILABLE FOR COMPETITION,SSS,ONLY ONE SOURCE,NONE,NO SET ASIDE USED.,NONE,NO PREFERENCE USED,,,,,UT,UTILITIES (FAR 6.302-1(B)(3)),1,,,f,N,NO,N,NO,X,NOT APPLICABLE,,,0.00,N,NO,X,NOT APPLICABLE,X,NOT APPLICABLE,X,NOT APPLICABLE,X,NOT APPLICABLE,,,,,,,,NONE,NONE,N,NO,X,NOT APPLICABLE EXEMPT FROM CAS,N,TRANSACTION DOES NOT USE GFE/GFP,N,NO,N,NO,X,NOT APPLICABLE,N,NO,Z,NOT APPLICABLE,N,NO,X,NOT APPLICABLE,f,f,f,f,f,f,f,f,f,f,f,f,f,f,f,f,f,f,f,OTHER THAN SMALL BUSINESS,O,f,f,f,f,f,f,f,t,t,t,f,t,t,f,f,f,f,US GOVERNMENT ENTITY,f,f,f,f,f,f,t,f,f,f,f,f,f,f,f,f,f,t,f,f,f,f,f,f,f,f,f,f,f,f,f,f,f,f,f,f,f,f,f,f,f,f,f,f,f,f,f,f,f,f,,,,,,,,,,,https://www.usaspending.gov/award/CONT_AWD_N6274288C0203_9700_-NONE-_-NONE-/,2021-11-29 15:07:08+00
CONT_AWD_N6833518C0171_9700_-NONE-_-NONE-,N6833518C0171,,,,,,,,,2418210.50,,2418210.50,2418210.50,2018-06-29,2018,2021-11-29,2022,2018-06-29,2020-06-30,2020-06-30 00:00:00,,2018-01-08,097,Department of Defense,9763,Defense Contract Management Agency,S0530A,DCMA SOUTHERN CALIFORNIA (CARSON),097,Department of Defense,1700,Department of the Navy,N68335,NAVAIR WARFARE CTR AIRCRAFT DIV,,,,,X,NOT APPLICABLE,,,RFEWEFJB9U76,153662841,NORTH STAR SCIENTIFIC CORP,NORTH STAR SCIENTIFIC CORPORATION,,3YJM5,RFEWEFJB9U76,153662841,NORTH STAR SCIENTIFIC CORP,NORTH STAR SCIENTIFIC CORPORATION,USA,UNITED STATES,91-238 KALAELOA BLVD STE A,,KAPOLEI,15003,HONOLULU,15,HI,HAWAII,967071847,HI-01,HI-01,8086824100,8086825100,USA,UNITED STATES,KAPOLEI,15003,HONOLULU,15,HI,HAWAII,967071847,HI-01,HI-01,AWARD,D,DEFINITIVE CONTRACT,,,,,,,U,COST PLUS FIXED FEE,RESEARCH AND DEVELOPMENT,,1,OT,OTHER FUNCTIONS,AC62,R&D- DEFENSE SYSTEM: ELECTRONICS/COMMUNICATION EQUIPMENT (APPLIED RESEARCH/EXPLORATORY DEVELOPMENT),H,NOT BUNDLED,A7,ELECTRONICS AND COMMUNICATION EQUIPMENT,541715,"RESEARCH AND DEVELOPMENT IN THE PHYSICAL, ENGINEERING, AND LIFE SCIENCES (EXCEPT NANOTECHNOLOGY AND BIOTECHNOLOGY)",C,NO CLAUSES INCLUDED AND NO SUSTAINABILITY INCLUDED,A,U.S. OWNED BUSINESS,000,NONE,Z,NOT IT PRODUCTS OR SERVICES,E,NOT REQUIRED,USA,UNITED STATES,C,NOT A MANUFACTURED END PRODUCT,B,PLAN NOT REQUIRED,D,FULL AND OPEN COMPETITION AFTER EXCLUSION OF SOURCES,NP,NEGOTIATED PROPOSAL/QUOTE,SBA,SMALL BUSINESS SET ASIDE - TOTAL,NONE,NO PREFERENCE USED,SR3,SMALL BUSINESS INNOVATION RESEARCH PROGRAM PHASE III ACTION,,,,,2,D,COMMERCIAL ITEM PROCEDURES NOT USED,f,N,NO,N,NO,X,NOT APPLICABLE,N,NO,0.00,N,NO,N,NO,N,NO,N,NO,X,NOT APPLICABLE,,,,,,,,NONE,NONE,N,NO,X,NOT APPLICABLE EXEMPT FROM CAS,Y,TRANSACTION USES GFE/GFP,U,UNKNOWN,D,NOT CONSOLIDATED,Y,YES - SERVICE WHERE PBA IS USED.,N,NO,Z,NOT APPLICABLE,N,NO,X,NOT APPLICABLE,f,f,f,f,f,t,f,f,f,f,f,f,f,f,f,f,f,f,f,SMALL BUSINESS,S,f,f,f,f,f,f,f,f,f,f,f,f,f,f,f,f,f,CORPORATE NOT TAX EXEMPT,t,f,f,f,f,f,f,f,f,f,f,f,t,f,f,f,f,t,f,f,f,f,f,f,f,f,f,f,t,f,f,f,f,f,f,f,f,f,f,f,f,f,f,f,f,f,f,f,f,f,,,,,,,,,,,https://www.usaspending.gov/award/CONT_AWD_N6833518C0171_9700_-NONE-_-NONE-/,2021-11-29 13:35:52+00
CONT_AWD_N6833519C0258_9700_-NONE-_-NONE-,N6833519C0258,,,,Q: Not Designated Nonemergency/Emergency/Disaster/Wildfire Suppression,,,,,1248567.00,246437.00,1248567.00,1248567.00,2019-04-17,2019,2021-11-29,2022,2019-04-17,2022-01-31,2022-01-31 00:00:00,,2019-04-17,097,Department of Defense,1700,Department of the Navy,N68335,NAVAIR WARFARE CTR AIRCRAFT DIV,097,Department of Defense,1700,Department of the Navy,N66001,NIWC PACIFIC,017-2018/2019-1319-000;017-2020/2021-1319-000,017-1319,25.5: Research and development contracts,OPTN: FIELD IS OPTIONAL PRIOR TO FY21,X,NOT APPLICABLE,,,G2NJJG6615B3,141703756,"ADAPTIVE DYNAMICS, INC.",ADAPTIVE DYNAMICS INC,,4MK79,G2NJJG6615B3,141703756,"ADAPTIVE DYNAMICS, INC.",ADAPTIVE DYNAMICS INC,USA,UNITED STATES,15373 INNOVATION DR STE 115,,SAN DIEGO,06073,SAN DIEGO,06,CA,CALIFORNIA,921283424,CA-52,CA-51,8586731016,8582176365,USA,UNITED STATES,SAN DIEGO,06073,SAN DIEGO,06,CA,CALIFORNIA,921283424,CA-52,CA-51,AWARD,D,DEFINITIVE CONTRACT,,,,,,,U,COST PLUS FIXED FEE,RESEARCH AND DEVELOPMENT,,1,OT,OTHER FUNCTIONS,AD92,R&D- DEFENSE OTHER: OTHER (APPLIED RESEARCH/EXPLORATORY DEVELOPMENT),H,NOT BUNDLED,C9E,ALL OTHERS NOT IDENTIFIABLE TO ANY OTHER PROCUREMENT PROGRAM,541715,"RESEARCH AND DEVELOPMENT IN THE PHYSICAL, ENGINEERING, AND LIFE SCIENCES (EXCEPT NANOTECHNOLOGY AND BIOTECHNOLOGY)",C,NO CLAUSES INCLUDED AND NO SUSTAINABILITY INCLUDED,A,U.S. OWNED BUSINESS,000,NONE,Z,NOT IT PRODUCTS OR SERVICES,E,NOT REQUIRED,USA,UNITED STATES,C,NOT A MANUFACTURED END PRODUCT,B,PLAN NOT REQUIRED,D,FULL AND OPEN COMPETITION AFTER EXCLUSION OF SOURCES,NP,NEGOTIATED PROPOSAL/QUOTE,SBA,SMALL BUSINESS SET ASIDE - TOTAL,NONE,NO PREFERENCE USED,SR2,SMALL BUSINESS INNOVATION RESEARCH PROGRAM PHASE II ACTION,,,,,1,D,COMMERCIAL ITEM PROCEDURES NOT USED,f,N,NO,N,NO,X,NOT APPLICABLE,N,NO,0.00,N,NO,N,NO,N,NO,N,NO,X,NOT APPLICABLE,,,,,,,,NONE,NONE,N,NO,X,NOT APPLICABLE EXEMPT FROM CAS,N,TRANSACTION DOES NOT USE GFE/GFP,U,UNKNOWN,D,NOT CONSOLIDATED,N,NO - SERVICE WHERE PBA IS NOT USED.,N,NO,Z,NOT APPLICABLE,N,NO,X,NOT APPLICABLE,f,f,f,f,f,f,f,f,f,f,f,f,f,f,f,f,f,f,f,SMALL BUSINESS,S,f,f,f,f,f,f,f,f,f,f,f,f,f,f,f,f,f,CORPORATE NOT TAX EXEMPT,t,f,f,f,f,f,f,f,f,f,f,f,f,f,f,f,f,t,f,f,f,f,f,f,f,f,f,f,t,f,f,f,f,f,f,f,f,f,f,f,f,f,f,f,f,t,f,f,f,f,,,,,,,,,,,https://www.usaspending.gov/award/CONT_AWD_N6833519C0258_9700_-NONE-_-NONE-/,2021-11-29 15:39:12+00
CONT_AWD_N6833521C0730_9700_-NONE-_-NONE-,N6833521C0730,,,,,,,,,1775349.30,,1775349.30,2187305.82,2021-07-28,2021,2021-11-24,2022,2021-07-28,2022-07-11,2022-07-11 00:00:00,,2020-11-27,097,Department of Defense,1700,Department of the Navy,N68335,NAVAIR WARFARE CTR AIRCRAFT DIV,097,Department of Defense,1700,Department of the Navy,N68335,NAVAIR WARFARE CTR AIRCRAFT DIV,,,,,X,NOT APPLICABLE,,,CLH8D5KDN9D6,040370249,"HYDRAULICS INTERNATIONAL, INC.","HYDRAULICS INTERNATIONAL, INC.",,56529,CLH8D5KDN9D6,040370249,"HYDRAULICS INTERNATIONAL, INC.",HYDRAULICS INTERNATIONAL  INC.,USA,UNITED STATES,9201 INDEPENDENCE AVE,,CHATSWORTH,06037,LOS ANGELES,06,CA,CALIFORNIA,913115905,CA-30,CA-32,8189981231,8187182459,USA,UNITED STATES,CHATSWORTH,06037,LOS ANGELES,06,CA,CALIFORNIA,913115905,CA-30,CA-32,AWARD,D,DEFINITIVE CONTRACT,,,,,,,J,FIRM FIXED PRICE,"TEST SET,HYDRAULIC",N6833521R0284,1,,,4920,AIRCRAFT MAINTENANCE AND REPAIR SHOP SPECIALIZED EQUIPMENT,H,NOT BUNDLED,A1C,OTHER AIRCRAFT EQUIPMENT,334519,OTHER MEASURING AND CONTROLLING DEVICE MANUFACTURING,C,NO CLAUSES INCLUDED AND NO SUSTAINABILITY INCLUDED,A,U.S. OWNED BUSINESS,101,H-1 UPGRADES,Z,NOT IT PRODUCTS OR SERVICES,A,MEETS REQUIREMENTS,USA,UNITED STATES,D,MFG IN U.S.,B,PLAN NOT REQUIRED,C,NOT COMPETED,SSS,ONLY ONE SOURCE,NONE,NO SET ASIDE USED.,NONE,NO PREFERENCE USED,,,,,ONE,ONLY ONE SOURCE-OTHER (FAR 6.302-1 OTHER),1,D,COMMERCIAL ITEM PROCEDURES NOT USED,f,N,NO,N,NO,Y,YES,N,NO,0.00,N,NO,N,NO,N,NO,N,NO,X,NOT APPLICABLE,,,,,,,,NONE,NONE,N,NO,X,NOT APPLICABLE EXEMPT FROM CAS,N,TRANSACTION DOES NOT USE GFE/GFP,U,UNKNOWN,D,NOT CONSOLIDATED,X,NOT APPLICABLE,N,NO,Z,NOT APPLICABLE,N,NO,X,NOT APPLICABLE,f,f,f,f,f,f,f,f,f,f,f,f,f,f,f,f,f,f,f,SMALL BUSINESS,S,f,f,f,f,f,f,f,f,f,f,f,f,f,f,f,f,f,CORPORATE NOT TAX EXEMPT,t,f,f,f,f,f,f,f,f,f,f,f,t,f,f,f,f,t,f,f,f,f,f,f,f,f,f,f,t,f,f,f,f,f,f,f,f,f,f,f,f,f,f,f,f,f,f,f,f,f,,,,,,,,,,,https://www.usaspending.gov/award/CONT_AWD_N6833521C0730_9700_-NONE-_-NONE-/,2021-12-08 17:39:41+00
CONT_AWD_N6833521C0755_9700_-NONE-_-NONE-,N6833521C0755,,,,,,,,,30448.33,,30448.33,30448.33,2021-08-10,2021,2021-11-24,2022,2021-08-10,2022-01-18,2022-01-18 00:00:00,,,097,Department of Defense,1700,Department of the Navy,N68335,NAVAIR WARFARE CTR AIRCRAFT DIV,097,Department of Defense,1700,Department of the Navy,N68335,NAVAIR WARFARE CTR AIRCRAFT DIV,,,,,X,NOT APPLICABLE,,,W52LMPXT2L59,117452035,ROME SOLUTIONS LLC,ROME SOLUTIONS LLC,,8QC63,W52LMPXT2L59,117452035,ROME SOLUTIONS LLC,ROME SOLUTIONS LLC,USA,UNITED STATES,300 DELAWARE AVE STE 210,,WILMINGTON,10003,NEW CASTLE,10,DE,DELAWARE,198016601,DE-00,DE-00,,,USA,UNITED STATES,WILMINGTON,10003,NEW CASTLE,10,DE,DELAWARE,198016601,DE-00,DE-00,AWARD,D,DEFINITIVE CONTRACT,,,,,,,J,FIRM FIXED PRICE,ACCELERMOTER INPUT MODULE,,1,OT,OTHER FUNCTIONS,6625,ELECTRICAL AND ELECTRONIC PROPERTIES MEASURING AND TESTING INSTRUMENTS,H,NOT BUNDLED,A1C,OTHER AIRCRAFT EQUIPMENT,334519,OTHER MEASURING AND CONTROLLING DEVICE MANUFACTURING,C,NO CLAUSES INCLUDED AND NO SUSTAINABILITY INCLUDED,A,U.S. OWNED BUSINESS,000,NONE,Z,NOT IT PRODUCTS OR SERVICES,E,NOT REQUIRED,USA,UNITED STATES,D,MFG IN U.S.,B,PLAN NOT REQUIRED,F,COMPETED UNDER SAP,SP1,SIMPLIFIED ACQUISITION,SBA,SMALL BUSINESS SET ASIDE - TOTAL,NONE,NO PREFERENCE USED,,,,,,,4,A,COMMERCIAL ITEM,f,N,NO,N,NO,X,NOT APPLICABLE,N,NO,0.00,N,NO,X,NOT APPLICABLE,X,NOT APPLICABLE,X,NOT APPLICABLE,X,NOT APPLICABLE,,,,,,,,NONE,NONE,N,NO,X,NOT APPLICABLE EXEMPT FROM CAS,N,TRANSACTION DOES NOT USE GFE/GFP,U,UNKNOWN,D,NOT CONSOLIDATED,X,NOT APPLICABLE,N,NO,Z,NOT APPLICABLE,N,NO,X,NOT APPLICABLE,f,f,f,f,f,f,f,f,f,f,f,f,t,t,f,f,f,f,f,SMALL BUSINESS,S,f,f,f,f,f,f,f,f,f,f,f,f,f,f,f,f,f,CORPORATE NOT TAX EXEMPT,t,f,f,f,f,f,f,f,f,f,f,f,f,f,f,f,f,t,f,f,f,f,f,f,f,f,f,f,t,f,f,f,f,f,f,f,f,f,f,f,f,f,f,f,f,t,f,f,f,f,,,,,,,,,,,https://www.usaspending.gov/award/CONT_AWD_N6833521C0755_9700_-NONE-_-NONE-/,2021-12-08 17:39:41+00
CONT_AWD_N6833521C0864_9700_-NONE-_-NONE-,N6833521C0864,,,,,,,,,139932.00,,139932.00,239906.00,2021-09-28,2021,2021-11-24,2022,2021-09-28,2022-04-04,2022-10-03 00:00:00,,,097,Department of Defense,1700,Department of the Navy,N68335,NAVAIR WARFARE CTR AIRCRAFT DIV,097,Department of Defense,1700,Department of the Navy,N61340,NAWC TRAINING SYSTEMS DIV,,,,,X,NOT APPLICABLE,,,K1GCPNNZKEN7,,APTIMA INC,"APTIMA, INC.",,05TY6,K1GCPNNZKEN7,,APTIMA INC,APTIMA  INC.,USA,UNITED STATES,12 GILL ST STE 1400,,WOBURN,25017,MIDDLESEX,25,MA,MASSACHUSETTS,018011753,MA-05,MA-05,7814962424,7819354385,USA,UNITED STATES,WOBURN,25017,MIDDLESEX,25,MA,MASSACHUSETTS,018010002,MA-05,MA-05,AWARD,D,DEFINITIVE CONTRACT,,,,,,,J,FIRM FIXED PRICE,KICK-OFF BRIEFING MATERIALS & FWA CERT.,,1,OT,OTHER FUNCTIONS,AC11,NATIONAL DEFENSE R&D SERVICES; DEPARTMENT OF DEFENSE - MILITARY; BASIC RESEARCH,H,NOT BUNDLED,C9E,ALL OTHERS NOT IDENTIFIABLE TO ANY OTHER PROCUREMENT PROGRAM,541715,"RESEARCH AND DEVELOPMENT IN THE PHYSICAL, ENGINEERING, AND LIFE SCIENCES (EXCEPT NANOTECHNOLOGY AND BIOTECHNOLOGY)",C,NO CLAUSES INCLUDED AND NO SUSTAINABILITY INCLUDED,A,U.S. OWNED BUSINESS,000,NONE,Z,NOT IT PRODUCTS OR SERVICES,E,NOT REQUIRED,USA,UNITED STATES,C,NOT A MANUFACTURED END PRODUCT,B,PLAN NOT REQUIRED,D,FULL AND OPEN COMPETITION AFTER EXCLUSION OF SOURCES,NP,NEGOTIATED PROPOSAL/QUOTE,SBA,SMALL BUSINESS SET ASIDE - TOTAL,NONE,NO PREFERENCE USED,ST1,SMALL TECHNOLOGY TRANSFER RESEARCH PROGRAM PHASE I,,,,,3,D,COMMERCIAL ITEM PROCEDURES NOT USED,f,N,NO,N,NO,X,NOT APPLICABLE,N,NO,0.00,N,NO,X,NOT APPLICABLE,X,NOT APPLICABLE,X,NOT APPLICABLE,X,NOT APPLICABLE,,,,,,,,NONE,NONE,N,NO,X,NOT APPLICABLE EXEMPT FROM CAS,N,TRANSACTION DOES NOT USE GFE/GFP,U,UNKNOWN,D,NOT CONSOLIDATED,N,NO - SERVICE WHERE PBA IS NOT USED.,N,NO,Z,NOT APPLICABLE,N,NO,X,NOT APPLICABLE,f,f,f,f,f,f,f,f,f,f,f,f,f,f,f,f,f,f,f,SMALL BUSINESS,S,f,f,f,f,f,f,f,f,f,f,f,f,f,f,f,f,f,CORPORATE NOT TAX EXEMPT,t,f,f,f,f,f,f,f,f,f,f,f,f,f,f,f,f,t,f,f,f,f,f,f,f,t,f,f,t,f,f,f,f,f,f,f,f,f,f,f,f,f,f,f,f,f,f,f,f,f,MICHAEL  GARRITY,253810.00,JANET  SPRUILL,258081.00,THOMAS  MCKENNA,260574.00,SHAWN  WEIL,259389.00,KARA  ORVIS,234648.00,https://www.usaspending.gov/award/CONT_AWD_N6833521C0864_9700_-NONE-_-NONE-/,2024-04-11 08:46:16+00
CONT_AWD_N6833522C0151_9700_-NONE-_-NONE-,N6833522C0151,,,,,,,,,1233600.00,,1233600.00,1233600.00,2021-11-24,2022,2021-11-24,2022,2021-11-24,2022-07-29,2022-07-29 00:00:00,,2021-08-18,097,Department of Defense,1700,Department of the Navy,N68335,NAVAIR WARFARE CTR AIRCRAFT DIV,097,Department of Defense,1700,Department of the Navy,N68335,NAVAIR WARFARE CTR AIRCRAFT DIV,,,,,X,NOT APPLICABLE,,,F4N4SM3CDTF9,,"CLEANING TECHNOLOGIES GROUP, LLC","CLEANING TECHNOLOGIES GROUP, LLC",,4T5B5,JQQXKCBLELM5,,CLEANING TECHNOLOGIES GROUP  LLC,CLEANING TECHNOLOGIES GROUP  LLC,USA,UNITED STATES,9 N MAIN ST,,JAMESTOWN,36013,CHAUTAUQUA,36,NY,NEW YORK,147015213,NY-23,NY-23,7166652340,7166652480,USA,UNITED STATES,JAMESTOWN,36013,CHAUTAUQUA,36,NY,NEW YORK,147015213,NY-23,NY-23,AWARD,D,DEFINITIVE CONTRACT,,,,,,,J,FIRM FIXED PRICE,AQ-2-1122 TANKS AND ATTACHMENTS,N6833521R0379,1,OT,OTHER FUNCTIONS,4940,MISCELLANEOUS MAINTENANCE AND REPAIR SHOP SPECIALIZED EQUIPMENT,H,NOT BUNDLED,C9E,ALL OTHERS NOT IDENTIFIABLE TO ANY OTHER PROCUREMENT PROGRAM,335999,ALL OTHER MISCELLANEOUS ELECTRICAL EQUIPMENT AND COMPONENT MANUFACTURING,C,NO CLAUSES INCLUDED AND NO SUSTAINABILITY INCLUDED,A,U.S. OWNED BUSINESS,000,NONE,Z,NOT IT PRODUCTS OR SERVICES,A,MEETS REQUIREMENTS,USA,UNITED STATES,D,MFG IN U.S.,F,INDIVIDUAL SUBCONTRACT PLAN,C,NOT COMPETED,SSS,ONLY ONE SOURCE,NONE,NO SET ASIDE USED.,NONE,NO PREFERENCE USED,,,,,ONE,ONLY ONE SOURCE-OTHER (FAR 6.302-1 OTHER),1,A,COMMERCIAL ITEM,f,N,NO,N,NO,Y,YES,N,NO,0.00,N,NO,X,NOT APPLICABLE,X,NOT APPLICABLE,X,NOT APPLICABLE,X,NOT APPLICABLE,,,,,,,,NONE,NONE,N,NO,X,NOT APPLICABLE EXEMPT FROM CAS,N,TRANSACTION DOES NOT USE GFE/GFP,N,NO,D,NOT CONSOLIDATED,X,NOT APPLICABLE,N,NO,Z,NOT APPLICABLE,N,NO,X,NOT APPLICABLE,f,f,f,f,f,f,f,f,f,f,f,f,f,f,f,f,f,f,f,OTHER THAN SMALL BUSINESS,O,f,f,f,f,f,f,f,f,f,f,f,f,f,f,f,f,f,PARTNERSHIP,f,f,t,f,f,f,f,f,f,f,f,f,t,f,f,f,f,t,f,f,f,f,f,f,f,f,f,f,t,f,f,f,f,f,f,f,f,f,f,f,f,f,f,f,f,f,f,f,f,f,,,,,,,,,,,https://www.usaspending.gov/award/CONT_AWD_N6833522C0151_9700_-NONE-_-NONE-/,2023-12-21 13:08:16+00
CONT_AWD_N6893622C0008_9700_-NONE-_-NONE-,N6893622C0008,,,,,,,,,139827.16,,139827.16,238905.99,2021-11-30,2022,2021-11-30,2022,2021-11-30,2022-06-01,2022-11-30 00:00:00,,,097,Department of Defense,1700,Department of the Navy,N68936,NAVAL AIR WARFARE CENTER,097,Department of Defense,1700,Department of the Navy,N68936,NAVAL AIR WARFARE CENTER,,,,,X,NOT APPLICABLE,,,MBJQM9EQS4Q6,,"UNITED PROTECTIVE TECHNOLOGIES, LLC","UNITED PROTECTIVE TECHNOLOGIES, LLC",,3EV52,MBJQM9EQS4Q6,,"UNITED PROTECTIVE TECHNOLOGIES, LLC",UNITED PROTECTIVE TECHNOLOGIES  LLC,USA,UNITED STATES,142 CARA CT,,LOCUST,37167,STANLY,37,NC,NORTH CAROLINA,280979740,NC-08,NC-08,7048882470,7048880975,USA,UNITED STATES,LOCUST,37167,STANLY,37,NC,NORTH CAROLINA,280971111,NC-08,NC-08,AWARD,D,DEFINITIVE CONTRACT,,,,,,,J,FIRM FIXED PRICE,SBIR PHASE 1 LOW EMISSIVITY TRANSPARENT HYPERSONIC ATOMIC LAYER (LETHAL) COMPOSITE,,1,OT,OTHER FUNCTIONS,AJ11,GENERAL SCIENCE AND TECHNOLOGY R&D SERVICES; GENERAL SCIENCE AND TECHNOLOGY; BASIC RESEARCH,H,NOT BUNDLED,C9E,ALL OTHERS NOT IDENTIFIABLE TO ANY OTHER PROCUREMENT PROGRAM,541715,"RESEARCH AND DEVELOPMENT IN THE PHYSICAL, ENGINEERING, AND LIFE SCIENCES (EXCEPT NANOTECHNOLOGY AND BIOTECHNOLOGY)",C,NO CLAUSES INCLUDED AND NO SUSTAINABILITY INCLUDED,A,U.S. OWNED BUSINESS,000,NONE,Z,NOT IT PRODUCTS OR SERVICES,E,NOT REQUIRED,USA,UNITED STATES,C,NOT A MANUFACTURED END PRODUCT,B,PLAN NOT REQUIRED,D,FULL AND OPEN COMPETITION AFTER EXCLUSION OF SOURCES,NP,NEGOTIATED PROPOSAL/QUOTE,SBA,SMALL BUSINESS SET ASIDE - TOTAL,NONE,NO PREFERENCE USED,SR1,SMALL BUSINESS INNOVATION RESEARCH PROGRAM PHASE I ACTION,,,,,15,D,COMMERCIAL ITEM PROCEDURES NOT USED,f,N,NO,N,NO,X,NOT APPLICABLE,N,NO,0.00,N,NO,X,NOT APPLICABLE,X,NOT APPLICABLE,N,NO,X,NOT APPLICABLE,,,,,,,,NONE,NONE,N,NO,X,NOT APPLICABLE EXEMPT FROM CAS,N,TRANSACTION DOES NOT USE GFE/GFP,U,UNKNOWN,D,NOT CONSOLIDATED,N,NO - SERVICE WHERE PBA IS NOT USED.,N,NO,Z,NOT APPLICABLE,N,NO,X,NOT APPLICABLE,f,f,f,f,f,f,f,f,f,f,f,f,f,f,f,f,f,f,f,SMALL BUSINESS,S,f,f,f,f,f,f,f,f,f,f,f,f,f,f,f,f,f,OTHER,f,f,f,f,f,f,f,f,f,f,f,f,f,f,f,f,f,t,f,f,f,f,f,f,f,f,t,f,t,f,f,f,f,f,f,f,f,f,f,f,f,f,f,f,f,f,f,f,f,f,,,,,,,,,,,https://www.usaspending.gov/award/CONT_AWD_N6893622C0008_9700_-NONE-_-NONE-/,2024-04-12 02:10:45+00
CONT_AWD_SP451018C0005_9700_-NONE-_-NONE-,SP451018C0005,,,,Q: Not Designated Nonemergency/Emergency/Disaster/Wildfire Suppression,,,,,113077.39,5720.61,113077.39,160177.08,2018-01-09,2018,2021-11-24,2022,2018-01-09,2023-01-08,2023-01-08 00:00:00,,,097,Department of Defense,97AS,Defense Logistics Agency,SP4510,DLA DISPOSITION SERVICES -  EBS,097,Department of Defense,97AS,Defense Logistics Agency,SP4510,DLA DISPOSITION SERVICES -  EBS,097-X-4930-005,097-4930,25.2: Other services from non-Federal sources,0801: REIMBURSABLE;OPTN: FIELD IS OPTIONAL PRIOR TO FY21,X,NOT APPLICABLE,,,NGFXU6ZQJK59,079930039,"FOUR PEAKS GLOBAL, INC.",FOUR PEAKS GLOBAL INC.,,7GQW1,NGFXU6ZQJK59,079930039,"FOUR PEAKS GLOBAL, INC.",FOUR PEAKS GLOBAL INC.,USA,UNITED STATES,28150 N ALMA SCHOOL PKWY STE 201,,SCOTTSDALE,04013,MARICOPA,04,AZ,ARIZONA,852628050,AZ-06,AZ-01,4803615112,4804228592,USA,UNITED STATES,TUCSON,04019,PIMA,04,AZ,ARIZONA,857112101,AZ-02,AZ-06,AWARD,D,DEFINITIVE CONTRACT,,,,,,,J,FIRM FIXED PRICE,8504977973!CUSTODIAL JANITORIAL SERVICES,SP451017Q1046,1,OT,OTHER FUNCTIONS,S201,HOUSEKEEPING- CUSTODIAL JANITORIAL,H,NOT BUNDLED,S1,SERVICES,561720,JANITORIAL SERVICES,C,NO CLAUSES INCLUDED AND NO SUSTAINABILITY INCLUDED,A,U.S. OWNED BUSINESS,000,NONE,Z,NOT IT PRODUCTS OR SERVICES,E,NOT REQUIRED,USA,UNITED STATES,C,NOT A MANUFACTURED END PRODUCT,B,PLAN NOT REQUIRED,F,COMPETED UNDER SAP,SP1,SIMPLIFIED ACQUISITION,NONE,NO SET ASIDE USED.,NONE,NO PREFERENCE USED,,,,,,,4,A,COMMERCIAL ITEM,f,N,NO,N,NO,Y,YES,N,NO,0.00,N,NO,X,NOT APPLICABLE,Y,YES,X,NOT APPLICABLE,X,NOT APPLICABLE,,,,,,,,NONE,NONE,N,NO,X,NOT APPLICABLE EXEMPT FROM CAS,N,TRANSACTION DOES NOT USE GFE/GFP,U,UNKNOWN,D,NOT CONSOLIDATED,Y,YES - SERVICE WHERE PBA IS USED.,N,NO,Z,NOT APPLICABLE,N,NO,X,NOT APPLICABLE,f,f,f,f,f,t,t,f,f,f,f,f,f,f,f,f,f,f,f,SMALL BUSINESS,S,f,f,f,f,f,f,f,f,f,f,f,f,f,f,f,f,f,CORPORATE NOT TAX EXEMPT,t,f,f,f,f,f,f,f,f,f,f,f,f,f,f,f,f,t,f,f,f,f,f,f,f,f,f,f,t,f,f,f,f,f,f,f,f,f,f,f,f,f,f,f,f,t,f,f,f,f,,,,,,,,,,,https://www.usaspending.gov/award/CONT_AWD_SP451018C0005_9700_-NONE-_-NONE-/,2021-11-28 20:09:17+00
CONT_AWD_SP470120C0004_9700_-NONE-_-NONE-,SP470120C0004,,,,Q: Not Designated Nonemergency/Emergency/Disaster/Wildfire Suppression,,,,,418809.00,0.00,418809.00,418809.00,2019-12-14,2020,2021-11-30,2022,2019-12-14,2022-12-14,2022-12-14 00:00:00,,,097,Department of Defense,97AS,Defense Logistics Agency,SP4701,DCSO PHILADELPHIA,097,Department of Defense,97AS,Defense Logistics Agency,SL4701,DO NOT SHIP MATERIEL/MROS TO DODAAC,097-X-4930-005,097-4930,25.7: Operation and maintenance of equipment,0801: REIMBURSABLE,X,NOT APPLICABLE,,,EJJMMJHYDFH6,938265865,SOFTWARE INFORMATION RESOURCE CORP.,SOFTWARE INFORMATION RESOURCE CORP.,,1PQ53,EJJMMJHYDFH6,938265865,SOFTWARE INFORMATION RESOURCE CORP.,SOFTWARE INFORMATION RESOURCE CORP.,USA,UNITED STATES,730 24TH ST NW STE 3,,WASHINGTON,11001,DISTRICT OF COLUMBIA,11,DC,DISTRICT OF COLUMBIA,200372500,DC-98,DC-98,2025362800,2024780155,USA,UNITED STATES,WASHINGTON,11001,DISTRICT OF COLUMBIA,11,DC,DISTRICT OF COLUMBIA,200372500,DC-98,DC-98,AWARD,D,DEFINITIVE CONTRACT,,,,,,,J,FIRM FIXED PRICE,8507033903!GREENLIGHT SOFTWARE MAINTENANCE,SP470120R0004,1,OT,OTHER FUNCTIONS,D302,IT AND TELECOM- SYSTEMS DEVELOPMENT,H,NOT BUNDLED,S1,SERVICES,541519,OTHER COMPUTER RELATED SERVICES,C,NO CLAUSES INCLUDED AND NO SUSTAINABILITY INCLUDED,A,U.S. OWNED BUSINESS,000,NONE,E,COMMERCIAL SERVICE,E,NOT REQUIRED,USA,UNITED STATES,C,NOT A MANUFACTURED END PRODUCT,B,PLAN NOT REQUIRED,D,FULL AND OPEN COMPETITION AFTER EXCLUSION OF SOURCES,NP,NEGOTIATED PROPOSAL/QUOTE,SBA,SMALL BUSINESS SET ASIDE - TOTAL,NONE,NO PREFERENCE USED,,,,,BND,BRAND NAME DESCRIPTION (FAR 6.302-1(C)),2,A,COMMERCIAL ITEM,f,N,NO,N,NO,N,NO,N,NO,0.00,N,NO,X,NOT APPLICABLE,X,NOT APPLICABLE,X,NOT APPLICABLE,X,NOT APPLICABLE,,,,,,,,NONE,NONE,N,NO,X,NOT APPLICABLE EXEMPT FROM CAS,N,TRANSACTION DOES NOT USE GFE/GFP,U,UNKNOWN,D,NOT CONSOLIDATED,N,NO - SERVICE WHERE PBA IS NOT USED.,Y,YES,Z,NOT APPLICABLE,N,NO,X,NOT APPLICABLE,f,f,f,f,f,f,f,t,t,f,f,f,t,t,f,f,f,f,f,SMALL BUSINESS,S,f,f,f,f,f,f,f,f,f,f,f,f,f,f,f,f,f,CORPORATE NOT TAX EXEMPT,t,f,f,f,f,f,f,f,f,f,f,f,f,f,f,f,f,t,f,f,f,f,f,f,f,f,f,f,t,f,f,f,f,f,f,f,f,f,f,f,f,f,f,f,f,t,f,f,t,f,BHAVNA  GANDHI,150000.00,AJAY  GANDHI,125000.00,,,,,,,https://www.usaspending.gov/award/CONT_AWD_SP470120C0004_9700_-NONE-_-NONE-/,2021-11-30 10:42:32+00
CONT_AWD_SPE4A622C0014_9700_-NONE-_-NONE-,SPE4A622C0014,,,,Q: Not Designated Nonemergency/Emergency/Disaster/Wildfire Suppression,,,,,285439.20,0.00,285439.20,285439.20,2021-11-30,2022,2021-11-30,2022,2021-11-30,2022-04-29,2022-04-29 00:00:00,,2021-05-19,097,Department of Defense,97AS,Defense Logistics Agency,SPE4A6,DLA AVIATION,097,Department of Defense,97AS,Defense Logistics Agency,SPE4A6,DLA AVIATION,097-X-4930-005,097-4930,26.0: Supplies and materials,0801: REIMBURSABLE,X,NOT APPLICABLE,,,G1EVUT8EBLV1,,"TRANSAERO, INC.","TRANSAERO, INC.",,27541,G1EVUT8EBLV1,,"TRANSAERO, INC.",TRANSAERO  INC.,USA,UNITED STATES,35 MELVILLE PARK RD STE 100,,MELVILLE,36103,SUFFOLK,36,NY,NEW YORK,117473268,,NY-01,6317521240,6317521242,USA,UNITED STATES,MELVILLE,36103,SUFFOLK,36,NY,NEW YORK,117473268,NY-03,NY-01,AWARD,D,DEFINITIVE CONTRACT,,,,,,,J,FIRM FIXED PRICE,"8508676713!CABLE ASSEMBLY,POWER,ELECTRIC",SPE4A621R0417,1,,,6150,MISCELLANEOUS ELECTRIC POWER AND DISTRIBUTION EQUIPMENT,H,NOT BUNDLED,A1C,OTHER AIRCRAFT EQUIPMENT,334419,OTHER ELECTRONIC COMPONENT MANUFACTURING,C,NO CLAUSES INCLUDED AND NO SUSTAINABILITY INCLUDED,A,U.S. OWNED BUSINESS,000,NONE,Z,NOT IT PRODUCTS OR SERVICES,E,NOT REQUIRED,USA,UNITED STATES,D,MFG IN U.S.,B,PLAN NOT REQUIRED,F,COMPETED UNDER SAP,SP1,SIMPLIFIED ACQUISITION,NONE,NO SET ASIDE USED.,NONE,NO PREFERENCE USED,,,,,,,1,D,COMMERCIAL ITEM PROCEDURES NOT USED,f,N,NO,N,NO,N,NO,N,NO,,N,NO,Y,YES,X,NOT APPLICABLE,X,NOT APPLICABLE,X,NOT APPLICABLE,,,,,,,,NONE,NONE,N,NO,X,NOT APPLICABLE EXEMPT FROM CAS,N,TRANSACTION DOES NOT USE GFE/GFP,U,UNKNOWN,D,NOT CONSOLIDATED,X,NOT APPLICABLE,N,NO,Z,NOT APPLICABLE,N,NO,X,NOT APPLICABLE,f,f,f,f,f,f,f,f,f,f,f,f,f,f,f,f,f,f,f,SMALL BUSINESS,S,f,f,f,f,f,f,f,f,f,f,f,f,f,f,f,f,f,CORPORATE NOT TAX EXEMPT,t,f,f,f,f,f,f,f,f,f,f,f,f,f,f,f,f,t,f,f,f,f,f,f,f,f,f,f,t,f,f,f,f,f,f,f,f,f,f,f,f,f,f,f,f,f,f,f,f,f,,,,,,,,,,,https://www.usaspending.gov/award/CONT_AWD_SPE4A622C0014_9700_-NONE-_-NONE-/,2022-05-19 18:13:08+00
CONT_AWD_SPE4A622C0015_9700_-NONE-_-NONE-,SPE4A622C0015,,,,Q: Not Designated Nonemergency/Emergency/Disaster/Wildfire Suppression,,,,,561210.00,0.00,561210.00,561210.00,2021-11-29,2022,2021-11-29,2022,2021-11-29,2022-10-17,2022-10-17 00:00:00,,2021-01-08,097,Department of Defense,97AS,Defense Logistics Agency,SPE4A6,DLA AVIATION,097,Department of Defense,97AS,Defense Logistics Agency,SPE4A6,DLA AVIATION,097-X-4930-005,097-4930,26.0: Supplies and materials,0801: REIMBURSABLE,X,NOT APPLICABLE,,,TWJNLZXJ39F1,,"AAR SUPPLY CHAIN, INC","AAR SUPPLY CHAIN, INC.",,1Y249,EULWGLS7QNF6,,AARCORP,AAR CORP.,USA,UNITED STATES,1100 N WOOD DALE RD,,WOOD DALE,17043,DUPAGE,17,IL,ILLINOIS,601911060,IL-08,IL-08,6302272811,,USA,UNITED STATES,WOOD DALE,17043,DUPAGE,17,IL,ILLINOIS,601911060,IL-08,IL-08,AWARD,D,DEFINITIVE CONTRACT,,,,,,,J,FIRM FIXED PRICE,8508705759!INDICATOR SUBASSEMB,SPE4A621R0122,1,,,6610,FLIGHT INSTRUMENTS,H,NOT BUNDLED,A1C,OTHER AIRCRAFT EQUIPMENT,334511,"SEARCH, DETECTION, NAVIGATION, GUIDANCE, AERONAUTICAL, AND NAUTICAL SYSTEM AND INSTRUMENT MANUFACTURING",C,NO CLAUSES INCLUDED AND NO SUSTAINABILITY INCLUDED,A,U.S. OWNED BUSINESS,000,NONE,Z,NOT IT PRODUCTS OR SERVICES,E,NOT REQUIRED,USA,UNITED STATES,D,MFG IN U.S.,B,PLAN NOT REQUIRED,F,COMPETED UNDER SAP,SP1,SIMPLIFIED ACQUISITION,NONE,NO SET ASIDE USED.,NONE,NO PREFERENCE USED,,,,,,,1,D,COMMERCIAL ITEM PROCEDURES NOT USED,f,N,NO,N,NO,N,NO,N,NO,0.00,N,NO,Y,YES,X,NOT APPLICABLE,X,NOT APPLICABLE,X,NOT APPLICABLE,,,,,,,,NONE,NONE,N,NO,X,NOT APPLICABLE EXEMPT FROM CAS,N,TRANSACTION DOES NOT USE GFE/GFP,U,UNKNOWN,D,NOT CONSOLIDATED,X,NOT APPLICABLE,N,NO,Z,NOT APPLICABLE,N,NO,X,NOT APPLICABLE,f,f,f,f,f,f,f,f,f,f,f,f,f,f,f,f,f,f,f,OTHER THAN SMALL BUSINESS,O,f,f,f,f,f,f,f,f,f,f,f,f,f,f,f,f,f,CORPORATE NOT TAX EXEMPT,t,f,f,f,f,f,f,f,f,f,f,f,f,f,f,f,f,t,f,f,f,f,f,f,f,f,f,f,t,f,f,f,f,f,f,f,f,f,f,f,f,f,f,f,f,f,f,f,f,f,,,,,,,,,,,https://www.usaspending.gov/award/CONT_AWD_SPE4A622C0015_9700_-NONE-_-NONE-/,2023-03-29 10:08:32+00
CONT_AWD_SPE4A720C0063_9700_-NONE-_-NONE-,SPE4A720C0063,,,,Q: Not Designated Nonemergency/Emergency/Disaster/Wildfire Suppression,,,,,1228808.70,0.00,1228808.70,1228808.70,2020-02-05,2020,2021-11-30,2022,2020-02-05,2022-12-12,2022-12-12 00:00:00,,2019-05-20,097,Department of Defense,97AS,Defense Logistics Agency,SPE4A7,DLA AVIATION,097,Department of Defense,97AS,Defense Logistics Agency,SPE4A7,DLA AVIATION,097-X-4930-005,097-4930,25.7: Operation and maintenance of equipment;26.0: Supplies and materials,0801: REIMBURSABLE,X,NOT APPLICABLE,,,TJ6PLVEXMA47,,BAE SYSTEMS LAND & ARMAMENTS L.P.,BAE SYSTEMS LAND & ARMAMENTS L.P.,,54786,E5K9VR2A1MW9,,BAE SYSTEMS PLC,BAE SYSTEMS LAND & ARMAMENTS L.P.,USA,UNITED STATES,7822 S 46TH ST,,PHOENIX,04013,MARICOPA,04,AZ,ARIZONA,850445313,AZ-07,AZ-03,7172258665,,USA,UNITED STATES,PHOENIX,04013,MARICOPA,04,AZ,ARIZONA,850445313,AZ-07,AZ-03,AWARD,D,DEFINITIVE CONTRACT,,,,,,,J,FIRM FIXED PRICE,8507042076!CANOPY ASSEMBLY,SPE4A719R0798,1,,,1680,MISCELLANEOUS AIRCRAFT ACCESSORIES AND COMPONENTS,H,NOT BUNDLED,A1A,AIRFRAMES AND SPARES,336413,OTHER AIRCRAFT PARTS AND AUXILIARY EQUIPMENT MANUFACTURING,C,NO CLAUSES INCLUDED AND NO SUSTAINABILITY INCLUDED,A,U.S. OWNED BUSINESS,000,NONE,Z,NOT IT PRODUCTS OR SERVICES,E,NOT REQUIRED,USA,UNITED STATES,D,MFG IN U.S.,F,INDIVIDUAL SUBCONTRACT PLAN,F,COMPETED UNDER SAP,SP1,SIMPLIFIED ACQUISITION,NONE,NO SET ASIDE USED.,NONE,NO PREFERENCE USED,,,,,,,1,D,COMMERCIAL ITEM PROCEDURES NOT USED,f,N,NO,N,NO,Y,YES,N,NO,0.00,N,NO,N,NO,X,NOT APPLICABLE,X,NOT APPLICABLE,X,NOT APPLICABLE,,,,,,,,NONE,NONE,N,NO,X,NOT APPLICABLE EXEMPT FROM CAS,N,TRANSACTION DOES NOT USE GFE/GFP,U,UNKNOWN,D,NOT CONSOLIDATED,X,NOT APPLICABLE,N,NO,Z,NOT APPLICABLE,N,NO,X,NOT APPLICABLE,f,f,f,f,f,f,f,f,f,f,f,f,f,f,f,f,f,f,f,OTHER THAN SMALL BUSINESS,O,f,f,f,f,f,f,f,f,f,f,f,f,f,f,f,f,f,CORPORATE NOT TAX EXEMPT,t,f,f,f,f,f,f,f,f,f,f,f,f,f,f,f,f,t,f,f,f,f,f,f,f,f,f,f,t,f,f,f,f,f,f,f,f,f,f,f,f,f,f,f,f,f,f,f,f,f,THOMAS A ARSENEAULT,4190743.00,ALICE  ELDRIGE,1585776.00,JEREMY  TONDREAULT,1273143.00,MICHELLE  MURPHY,1118360.00,GUY  MONTMINY,1334868.00,https://www.usaspending.gov/award/CONT_AWD_SPE4A720C0063_9700_-NONE-_-NONE-/,2025-04-22 16:50:17+00
CONT_AWD_SPE5EK21CF055_9700_-NONE-_-NONE-,SPE5EK21CF055,,,,Q: Not Designated Nonemergency/Emergency/Disaster/Wildfire Suppression,,,,,86094.28,0.00,86094.28,86094.28,2021-04-12,2021,2021-11-30,2022,2021-04-12,2022-06-28,2022-06-28 00:00:00,,2020-10-08,097,Department of Defense,97AS,Defense Logistics Agency,SPE5EK,DLA AVIATION,097,Department of Defense,97AS,Defense Logistics Agency,SPE5EK,DLA AVIATION,097-X-4930-005,097-4930,25.7: Operation and maintenance of equipment;26.0: Supplies and materials,0801: REIMBURSABLE,X,NOT APPLICABLE,,,JCJ3B9GKYJ32,859690450,HOFFMANN FABRICATING LLC,"HOFFMANN FABRICATING, LLC",,1RLH6,JCJ3B9GKYJ32,859690450,HOFFMANN FABRICATING LLC,HOFFMANN FABRICATING  LLC,USA,UNITED STATES,909 E WATERMAN ST,,WICHITA,20173,SEDGWICK,20,KS,KANSAS,672024731,KS-04,KS-04,3162626041,3162624709,USA,UNITED STATES,WICHITA,20173,SEDGWICK,20,KS,KANSAS,672024731,KS-04,KS-04,AWARD,D,DEFINITIVE CONTRACT,,,,,,,J,FIRM FIXED PRICE,"8508110225!STRAP,WEBBING",SPE5EK21T1185,1,,,5340,"HARDWARE, COMMERCIAL",H,NOT BUNDLED,C9E,ALL OTHERS NOT IDENTIFIABLE TO ANY OTHER PROCUREMENT PROGRAM,332510,HARDWARE MANUFACTURING,C,NO CLAUSES INCLUDED AND NO SUSTAINABILITY INCLUDED,A,U.S. OWNED BUSINESS,000,NONE,Z,NOT IT PRODUCTS OR SERVICES,E,NOT REQUIRED,USA,UNITED STATES,D,MFG IN U.S.,B,PLAN NOT REQUIRED,F,COMPETED UNDER SAP,SP1,SIMPLIFIED ACQUISITION,NONE,NO SET ASIDE USED.,NONE,NO PREFERENCE USED,,,,,,,5,D,COMMERCIAL ITEM PROCEDURES NOT USED,f,N,NO,N,NO,N,NO,N,NO,,N,NO,Y,YES,X,NOT APPLICABLE,X,NOT APPLICABLE,X,NOT APPLICABLE,,,,,,,,NONE,NONE,N,NO,X,NOT APPLICABLE EXEMPT FROM CAS,N,TRANSACTION DOES NOT USE GFE/GFP,U,UNKNOWN,D,NOT CONSOLIDATED,X,NOT APPLICABLE,N,NO,Z,NOT APPLICABLE,N,NO,X,NOT APPLICABLE,f,f,f,f,f,f,f,t,t,f,f,f,f,f,f,f,f,f,f,SMALL BUSINESS,S,f,f,f,f,f,f,f,f,f,f,f,f,f,f,f,f,f,CORPORATE NOT TAX EXEMPT,t,f,f,f,f,f,f,f,f,f,f,f,f,f,f,f,f,t,f,f,f,f,f,f,f,f,t,f,t,f,f,f,f,f,f,f,f,f,f,f,f,f,f,f,f,f,f,f,t,f,,,,,,,,,,,https://www.usaspending.gov/award/CONT_AWD_SPE5EK21CF055_9700_-NONE-_-NONE-/,2021-11-30 14:44:41+00
CONT_AWD_SPE8EF22CF007_9700_-NONE-_-NONE-,SPE8EF22CF007,,,,Q: Not Designated Nonemergency/Emergency/Disaster/Wildfire Suppression,,,,,8038.12,0.00,8038.12,8038.12,2021-11-30,2022,2021-11-30,2022,2021-11-30,2022-11-14,2022-11-14 00:00:00,,2021-09-27,097,Department of Defense,97AS,Defense Logistics Agency,SPE8EF,DLA TROOP SUPPORT,097,Department of Defense,97AS,Defense Logistics Agency,SPE8EF,DLA TROOP SUPPORT,097-X-4930-005,097-4930,26.0: Supplies and materials,0801: REIMBURSABLE,X,NOT APPLICABLE,,,NRLDHML776K5,,"WECKWORTH MANUFACTURING, INC","WECKWORTH MANUFACTURING, INC.",,9J595,NRLDHML776K5,,"WECKWORTH MANUFACTURING, INC",WECKWORTH MANUFACTURING  INC.,USA,UNITED STATES,117 BAUGHMAN AVE,,HAYSVILLE,20173,SEDGWICK,20,KS,KANSAS,670601305,,KS-04,3164252034,3162634492,USA,UNITED STATES,HAYSVILLE,20173,SEDGWICK,20,KS,KANSAS,670601305,KS-04,KS-04,AWARD,D,DEFINITIVE CONTRACT,,,,,,,J,FIRM FIXED PRICE,"8508717402!PIN,WARNING STREAME",SPE8EF21T1922,1,,,1730,AIRCRAFT GROUND SERVICING EQUIPMENT,H,NOT BUNDLED,C9E,ALL OTHERS NOT IDENTIFIABLE TO ANY OTHER PROCUREMENT PROGRAM,336413,OTHER AIRCRAFT PARTS AND AUXILIARY EQUIPMENT MANUFACTURING,C,NO CLAUSES INCLUDED AND NO SUSTAINABILITY INCLUDED,A,U.S. OWNED BUSINESS,000,NONE,Z,NOT IT PRODUCTS OR SERVICES,E,NOT REQUIRED,USA,UNITED STATES,D,MFG IN U.S.,B,PLAN NOT REQUIRED,F,COMPETED UNDER SAP,SP1,SIMPLIFIED ACQUISITION,NONE,NO SET ASIDE USED.,NONE,NO PREFERENCE USED,,,,,,,1,D,COMMERCIAL ITEM PROCEDURES NOT USED,f,N,NO,N,NO,N,NO,N,NO,,N,NO,N,NO,X,NOT APPLICABLE,X,NOT APPLICABLE,X,NOT APPLICABLE,,,,,,,,NONE,NONE,N,NO,X,NOT APPLICABLE EXEMPT FROM CAS,N,TRANSACTION DOES NOT USE GFE/GFP,U,UNKNOWN,D,NOT CONSOLIDATED,X,NOT APPLICABLE,N,NO,Z,NOT APPLICABLE,N,NO,X,NOT APPLICABLE,f,f,f,f,f,f,f,f,f,f,f,f,f,f,f,f,f,f,f,SMALL BUSINESS,S,f,f,f,f,f,f,f,f,f,f,f,f,f,f,f,f,f,CORPORATE NOT TAX EXEMPT,t,f,f,f,f,f,f,f,f,f,f,f,t,f,f,f,f,t,f,f,f,f,f,f,f,f,f,f,t,f,f,f,f,f,f,f,f,f,f,f,f,f,f,f,f,f,f,f,f,f,,,,,,,,,,,https://www.usaspending.gov/award/CONT_AWD_SPE8EF22CF007_9700_-NONE-_-NONE-/,2023-09-26 07:17:22+00
CONT_AWD_SPRHA119C0004_9700_-NONE-_-NONE-,SPRHA119C0004,,,,,,,,,1535000.00,,1535000.00,1535000.00,2019-02-13,2019,2021-11-30,2022,2019-02-13,2021-05-31,2021-05-31 00:00:00,,2018-08-02,097,Department of Defense,97AS,Defense Logistics Agency,SPRHA1,"DLA  AVIATION AT OGDEN, UT",097,Department of Defense,5700,Department of the Air Force,F2DCCW,F2DCCW ALC CSAG S,,,,,X,NOT APPLICABLE,,,HVVKL7253CK3,008513152,WOODWARD HRT INC,"WOODWARD HRT, INC.",,81873,NJ83KV3NU9A6,005069380,WOODWARD GOVERNOR COMPANY,WOODWARD GOVERNOR COMPANY,USA,UNITED STATES,25200 W RYE CANYON RD,,SANTA CLARITA,06037,LOS ANGELES,06,CA,CALIFORNIA,913551204,CA-25,CA-27,6617025747,6617025385,USA,UNITED STATES,VALENCIA,06037,LOS ANGELES,06,CA,CALIFORNIA,913551204,CA-25,CA-27,AWARD,D,DEFINITIVE CONTRACT,,,,,,,J,FIRM FIXED PRICE,T-38 CYLINDER ASSEMBLY,SPRHA118R0897,1,,,1630,AIRCRAFT WHEEL AND BRAKE SYSTEMS,H,NOT BUNDLED,A1A,AIRFRAMES AND SPARES,336413,OTHER AIRCRAFT PARTS AND AUXILIARY EQUIPMENT MANUFACTURING,C,NO CLAUSES INCLUDED AND NO SUSTAINABILITY INCLUDED,A,U.S. OWNED BUSINESS,000,NONE,Z,NOT IT PRODUCTS OR SERVICES,E,NOT REQUIRED,USA,UNITED STATES,D,MFG IN U.S.,B,PLAN NOT REQUIRED,C,NOT COMPETED,SSS,ONLY ONE SOURCE,NONE,NO SET ASIDE USED.,NONE,NO PREFERENCE USED,,,,,ONE,ONLY ONE SOURCE-OTHER (FAR 6.302-1 OTHER),1,D,COMMERCIAL ITEM PROCEDURES NOT USED,f,N,NO,N,NO,X,NOT APPLICABLE,N,NO,0.00,N,NO,N,NO,X,NOT APPLICABLE,X,NOT APPLICABLE,X,NOT APPLICABLE,,,,,,,,NONE,NONE,Y,YES,Y,YES - CAS CLAUSE INCLUDED,N,TRANSACTION DOES NOT USE GFE/GFP,N,NO,D,NOT CONSOLIDATED,X,NOT APPLICABLE,N,NO,Z,NOT APPLICABLE,N,NO,X,NOT APPLICABLE,f,f,f,f,f,f,f,f,f,f,f,f,f,f,f,f,f,f,f,OTHER THAN SMALL BUSINESS,O,f,f,f,f,f,f,f,f,f,f,f,f,f,f,f,f,f,CORPORATE NOT TAX EXEMPT,t,f,f,f,f,f,f,f,f,f,f,f,t,f,f,f,f,t,f,f,f,f,f,f,f,f,f,f,t,f,f,f,f,f,f,f,f,f,f,f,f,f,f,f,f,f,f,f,f,f,CARL  MOFFITT,540000.00,WILLIAM  STONE,477758.00,WILLIAM  SHUMAKER,510089.00,MARTIN  KURZDORFER,510137.00,LOUCAS  CHRISTODULIDES,385782.00,https://www.usaspending.gov/award/CONT_AWD_SPRHA119C0004_9700_-NONE-_-NONE-/,2021-11-30 15:31:12+00
CONT_AWD_W15QKN20C5046_9700_-NONE-_-NONE-,W15QKN20C5046,,,,Q: Not Designated Nonemergency/Emergency/Disaster/Wildfire Suppression,,,,,1178368.36,0.00,1178368.36,1178368.36,2020-09-21,2020,2021-11-29,2022,2020-09-22,2021-12-30,2021-12-30 00:00:00,,2020-06-22,097,Department of Defense,2100,Department of the Army,W15QKN,W6QK ACC-RI-PICATINNY,097,Department of Defense,2100,Department of the Army,W26AHU,W6KH COL ERNEST DERVISHIAN USA,021-2020/2020-2080-000,021-2080,25.4: Operation and maintenance of facilities,0001: OPERATING FORCES,X,NOT APPLICABLE,,,CJN9CXYNLK57,,COMPREHENSIVE APPROACH LLC,"COMPREHENSIVE APPROACH, LLC",,737Z3,CJN9CXYNLK57,,COMPREHENSIVE APPROACH LLC,COMPREHENSIVE APPROACH  LLC,USA,UNITED STATES,161 FORT EVANS ROAD NE SUITE 250,,LEESBURG,51107,LOUDOUN,51,VA,VIRGINIA,201763376,VA-10,VA-10,7034026430,7032291407,USA,UNITED STATES,FORT BELVOIR,51059,FAIRFAX,51,VA,VIRGINIA,220606242,VA-08,VA-08,AWARD,D,DEFINITIVE CONTRACT,,,,,,,J,FIRM FIXED PRICE,"CONSTRUCTION PROJECT, CSS# 9888-2 FOR REPAIR OMS FACILITY - FORT BELVOIR, VA (VA020) AT THE JOHN SINGLETON MOSBY USARC, 8831 JOHN J. KINGMAN ROAD, FORT BELVOIR, VA 22060 IN SUPPORT OF THE 99TH READINESS DIVISION.",W15QKN20R5028,1,OT,OTHER FUNCTIONS,Z1AA,MAINTENANCE OF OFFICE BUILDINGS,H,NOT BUNDLED,C2,CONSTRUCTION,236220,COMMERCIAL AND INSTITUTIONAL BUILDING CONSTRUCTION,C,NO CLAUSES INCLUDED AND NO SUSTAINABILITY INCLUDED,A,U.S. OWNED BUSINESS,000,NONE,Z,NOT IT PRODUCTS OR SERVICES,E,NOT REQUIRED,USA,UNITED STATES,C,NOT A MANUFACTURED END PRODUCT,B,PLAN NOT REQUIRED,D,FULL AND OPEN COMPETITION AFTER EXCLUSION OF SOURCES,NP,NEGOTIATED PROPOSAL/QUOTE,HZC,HUBZONE SET-ASIDE,NONE,NO PREFERENCE USED,,,,,,,8,D,COMMERCIAL ITEM PROCEDURES NOT USED,f,N,NO,N,NO,Y,YES,N,NO,0.00,N,NO,N,NO,N,NO,Y,YES,X,NOT APPLICABLE,,,,,,,,NONE,NONE,N,NO,X,NOT APPLICABLE EXEMPT FROM CAS,N,TRANSACTION DOES NOT USE GFE/GFP,U,UNKNOWN,D,NOT CONSOLIDATED,Y,YES - SERVICE WHERE PBA IS USED.,N,NO,Z,NOT APPLICABLE,N,NO,X,NOT APPLICABLE,f,f,f,f,f,t,t,f,f,f,f,f,t,f,t,f,f,f,f,SMALL BUSINESS,S,f,f,f,f,f,f,f,f,f,f,f,f,f,f,f,f,f,CORPORATE NOT TAX EXEMPT,t,f,f,f,f,f,f,f,f,f,f,f,f,f,f,f,f,t,f,f,f,f,f,f,f,f,t,f,t,f,f,f,f,f,f,f,f,f,f,f,f,f,f,f,f,t,f,f,t,f,,,,,,,,,,,https://www.usaspending.gov/award/CONT_AWD_W15QKN20C5046_9700_-NONE-_-NONE-/,2023-12-29 09:46:48+00
CONT_AWD_W15QKN21C5011_9700_-NONE-_-NONE-,W15QKN21C5011,,,,Q: Not Designated Nonemergency/Emergency/Disaster/Wildfire Suppression,,,,,363485.67,0.00,363485.67,363485.67,2021-03-22,2021,2021-11-29,2022,2021-02-25,2021-05-27,2021-05-27 00:00:00,,2021-02-25,097,Department of Defense,2100,Department of the Army,W15QKN,W6QK ACC-RI-PICATINNY,097,Department of Defense,1700,Department of the Navy,M20179,COMMANDING OFFICER,017-2021/2021-1106-000,017-1106,21.0: Travel and transportation of persons,0001: OPERATING FORCES,X,NOT APPLICABLE,,,KNF5PNAMP243,,"ARAMARK SPORTS AND ENTERTAINMENT SERVICES, LLC",ARAMARK SPORTS AND ENTERTAINMENT SERVICES LLC,,7NPT9,XUJ6UAM48AV6,,ARAMARK HOLDINGS CORPORATION,ARAMARK SPORTS AND ENTERTAINMENT SERVICES LLC,USA,UNITED STATES,2400 MARKET ST STE 5-9,,PHILADELPHIA,42101,PHILADELPHIA,42,PA,PENNSYLVANIA,191033031,PA-03,PA-03,6307684729,,USA,UNITED STATES,PHILADELPHIA,42101,PHILADELPHIA,42,PA,PENNSYLVANIA,191072208,PA-03,PA-02,AWARD,D,DEFINITIVE CONTRACT,,,,,,,J,FIRM FIXED PRICE,"EMERGENCY CATERING SUPPORT FOR CLB-22 SUPPORTING THE COVID-19 VACCINATION SITE IN PHILADELPHIA, PA.",,1,OT,OTHER FUNCTIONS,S203,HOUSEKEEPING- FOOD,H,NOT BUNDLED,S1,SERVICES,722320,CATERERS,C,NO CLAUSES INCLUDED AND NO SUSTAINABILITY INCLUDED,A,U.S. OWNED BUSINESS,000,NONE,Z,NOT IT PRODUCTS OR SERVICES,E,NOT REQUIRED,USA,UNITED STATES,C,NOT A MANUFACTURED END PRODUCT,B,PLAN NOT REQUIRED,C,NOT COMPETED,SSS,ONLY ONE SOURCE,NONE,NO SET ASIDE USED.,NONE,NO PREFERENCE USED,,,,,URG,URGENCY (FAR 6.302-2),1,A,COMMERCIAL ITEM,f,N,NO,N,NO,N,NO,N,NO,0.00,N,NO,X,NOT APPLICABLE,Y,YES,X,NOT APPLICABLE,X,NOT APPLICABLE,,,,,,,,P20C,COVID-19 2020,N,NO,X,NOT APPLICABLE EXEMPT FROM CAS,N,TRANSACTION DOES NOT USE GFE/GFP,U,UNKNOWN,D,NOT CONSOLIDATED,Y,YES - SERVICE WHERE PBA IS USED.,N,NO,Z,NOT APPLICABLE,Y,YES,C,"PRESIDENTIAL ISSUED EMERGENCY DECLARATION, OR A MAJOR DISASTER DECLARATION",f,f,f,f,f,f,f,f,f,f,f,f,f,f,f,f,f,f,f,OTHER THAN SMALL BUSINESS,O,f,f,f,f,f,f,f,f,f,f,f,f,f,f,f,f,f,CORPORATE NOT TAX EXEMPT,t,f,f,f,f,f,f,f,f,f,f,f,f,f,f,f,f,t,f,f,f,f,f,f,f,f,f,f,t,f,f,f,f,f,f,f,f,f,f,f,f,f,f,f,f,f,f,f,f,f,,,,,,,,,,,https://www.usaspending.gov/award/CONT_AWD_W15QKN21C5011_9700_-NONE-_-NONE-/,2022-04-02 14:48:34+00
CONT_AWD_W15QKN21C5015_9700_-NONE-_-NONE-,W15QKN21C5015,,,,,,,,,211624.44,,211624.44,211624.44,2021-04-21,2021,2021-11-29,2022,2021-03-29,2021-06-28,2021-06-28 00:00:00,,2021-03-24,097,Department of Defense,2100,Department of the Army,W15QKN,W6QK ACC-RI-PICATINNY,097,Department of Defense,2100,Department of the Army,W90RZ9,0004 CS HHC    HHC EXPEDITIONA,,,,,X,NOT APPLICABLE,,,WWLFTJ2DNB19,611701327,COMPASS GROUP USA INC,"COMPASS GROUP USA, INC.",,1K7B2,Q2TBKK1PDPB8,220824952,COMPASS CONTRACT SERVICES (U.K.) LIMITED,COMPASS GROUP PLC,USA,UNITED STATES,2400 YORKMONT RD,,CHARLOTTE,37119,MECKLENBURG,37,NC,NORTH CAROLINA,282174511,NC-12,NC-12,7043286236,7042955399,USA,UNITED STATES,NEWARK,34013,ESSEX,34,NJ,NEW JERSEY,071033902,NJ-10,NJ-10,AWARD,D,DEFINITIVE CONTRACT,,,,,,,J,FIRM FIXED PRICE,"EMERGENCY CATERING - NEWARK, NJ",,1,OT,OTHER FUNCTIONS,S203,HOUSEKEEPING- FOOD,H,NOT BUNDLED,S1,SERVICES,722320,CATERERS,C,NO CLAUSES INCLUDED AND NO SUSTAINABILITY INCLUDED,C,FOREIGN-OWNED BUSINESS INCORPORATED IN THE U.S.,000,NONE,Z,NOT IT PRODUCTS OR SERVICES,E,NOT REQUIRED,USA,UNITED STATES,C,NOT A MANUFACTURED END PRODUCT,B,PLAN NOT REQUIRED,C,NOT COMPETED,SSS,ONLY ONE SOURCE,NONE,NO SET ASIDE USED.,NONE,NO PREFERENCE USED,,,,,URG,URGENCY (FAR 6.302-2),1,A,COMMERCIAL ITEM,f,N,NO,N,NO,X,NOT APPLICABLE,N,NO,0.00,N,NO,X,NOT APPLICABLE,Y,YES,X,NOT APPLICABLE,X,NOT APPLICABLE,,,,,,,,P20C,COVID-19 2020,N,NO,X,NOT APPLICABLE EXEMPT FROM CAS,N,TRANSACTION DOES NOT USE GFE/GFP,U,UNKNOWN,D,NOT CONSOLIDATED,Y,YES - SERVICE WHERE PBA IS USED.,N,NO,Z,NOT APPLICABLE,Y,YES,C,"PRESIDENTIAL ISSUED EMERGENCY DECLARATION, OR A MAJOR DISASTER DECLARATION",f,f,f,f,f,f,f,f,f,f,f,f,f,f,f,f,f,f,f,OTHER THAN SMALL BUSINESS,O,f,f,f,f,f,f,f,f,f,f,f,f,f,f,f,f,f,CORPORATE NOT TAX EXEMPT,t,f,f,f,f,f,f,f,f,f,f,f,f,f,f,f,f,t,f,f,f,f,f,f,f,f,f,t,t,f,f,f,f,f,f,f,f,f,f,f,f,f,f,f,f,f,f,f,f,f,,,,,,,,,,,https://www.usaspending.gov/award/CONT_AWD_W15QKN21C5015_9700_-NONE-_-NONE-/,2021-11-29 15:13:29+00
CONT_AWD_W31P4Q22C0006_9700_-NONE-_-NONE-,W31P4Q22C0006,,,,Q: Not Designated Nonemergency/Emergency/Disaster/Wildfire Suppression,,,,,224160.00,0.00,224160.00,224160.00,2021-11-15,2022,2021-11-30,2022,2021-11-15,2022-10-17,2022-10-17 12:10:00,,,097,Department of Defense,2100,Department of the Army,W31P4Q,W6QK ACC-RSA,097,Department of Defense,97AE,Defense Advanced Research Projects Agency,HR0011,DEF ADVANCED RESEARCH PROJECTS AGCY,097-2021/2022-0400-000,097-0400,25.5: Research and development contracts,0001: BASIC RESEARCH,X,NOT APPLICABLE,,,Y9NYPZALSSS6,128529943,KESTREL TECHNOLOGY LLC,KESTREL TECHNOLOGY LLC,,1PJ39,Y9NYPZALSSS6,128529943,KESTREL TECHNOLOGY LLC,KESTREL TECHNOLOGY LLC,USA,UNITED STATES,3260 HILLVIEW AVE FL 2,,PALO ALTO,06085,SANTA CLARA,06,CA,CALIFORNIA,943041225,CA-18,CA-16,2097684278,,USA,UNITED STATES,PALO ALTO,06085,SANTA CLARA,06,CA,CALIFORNIA,943041225,CA-18,CA-16,AWARD,D,DEFINITIVE CONTRACT,,,,,,,J,FIRM FIXED PRICE,"DARPA SMALL BUSINESS INNOVATION RESEARCH (SBIR) PHASE I EFFORT ENTITLED, ""BINARY ASSURANCE THROUGH PROOFS OF PROPERTIES""",,1,OT,OTHER FUNCTIONS,AC32,NATIONAL DEFENSE R&D SERVICES; DEFENSE-RELATED ACTIVITIES; APPLIED RESEARCH,H,NOT BUNDLED,A2,MISSILE AND SPACE SYSTEMS,541715,"RESEARCH AND DEVELOPMENT IN THE PHYSICAL, ENGINEERING, AND LIFE SCIENCES (EXCEPT NANOTECHNOLOGY AND BIOTECHNOLOGY)",C,NO CLAUSES INCLUDED AND NO SUSTAINABILITY INCLUDED,A,U.S. OWNED BUSINESS,000,NONE,Z,NOT IT PRODUCTS OR SERVICES,E,NOT REQUIRED,USA,UNITED STATES,C,NOT A MANUFACTURED END PRODUCT,B,PLAN NOT REQUIRED,D,FULL AND OPEN COMPETITION AFTER EXCLUSION OF SOURCES,NP,NEGOTIATED PROPOSAL/QUOTE,SBA,SMALL BUSINESS SET ASIDE - TOTAL,NONE,NO PREFERENCE USED,SR1,SMALL BUSINESS INNOVATION RESEARCH PROGRAM PHASE I ACTION,,,,,11,D,COMMERCIAL ITEM PROCEDURES NOT USED,f,N,NO,N,NO,X,NOT APPLICABLE,N,NO,0.00,N,NO,X,NOT APPLICABLE,X,NOT APPLICABLE,X,NOT APPLICABLE,X,NOT APPLICABLE,,,,,,,,NONE,NONE,N,NO,X,NOT APPLICABLE EXEMPT FROM CAS,N,TRANSACTION DOES NOT USE GFE/GFP,N,NO,D,NOT CONSOLIDATED,N,NO - SERVICE WHERE PBA IS NOT USED.,N,NO,Z,NOT APPLICABLE,N,NO,X,NOT APPLICABLE,f,f,f,f,f,f,f,f,f,f,f,f,f,f,f,f,f,f,f,SMALL BUSINESS,S,f,f,f,f,f,f,f,f,f,f,f,f,f,f,f,f,f,PARTNERSHIP,f,f,t,f,f,f,f,f,f,f,f,f,f,f,f,f,f,t,f,f,f,f,f,f,f,f,t,f,t,f,f,f,f,f,f,f,f,f,f,f,f,f,f,f,f,f,f,f,f,f,,,,,,,,,,,https://www.usaspending.gov/award/CONT_AWD_W31P4Q22C0006_9700_-NONE-_-NONE-/,2021-11-30 08:44:44+00
CONT_AWD_W50S8621C0003_9700_-NONE-_-NONE-,W50S8621C0003,,,,Q: Not Designated Nonemergency/Emergency/Disaster/Wildfire Suppression,,,,,267700.00,0.00,267700.00,267700.00,2021-09-28,2021,2021-11-30,2022,2021-09-20,2022-05-30,2022-05-30 00:00:00,,2021-06-24,097,Department of Defense,2100,Department of the Army,W50S86,W7NF USPFO ACTIVITY MIANG CRTC,097,Department of Defense,5700,Department of the Air Force,F6A6CE,DIRECTOR CE,057-2021/2021-3840-000,057-3840,32.0: Land and structures,0001: OPERATING FORCES,X,NOT APPLICABLE,,,H7NSHX7427G8,058610266,SAWYER SERVICES INC,SAWYER SERVICES INC,,6YX85,H7NSHX7427G8,058610266,SAWYER SERVICES INC,SAWYER SERVICES INC,USA,UNITED STATES,56851 GRATIOT,,CHESTERFIELD,26099,MACOMB,26,MI,MICHIGAN,480511308,MI-10,MI-09,8044003993,5868160323,USA,UNITED STATES,ALPENA,26007,ALPENA,26,MI,MICHIGAN,497079633,MI-01,MI-01,AWARD,D,DEFINITIVE CONTRACT,,,,,,,J,FIRM FIXED PRICE,"REPLACE B490 HVAC CHILLER FOR ALPENA CRTC, MICHIGAN ANG.",W50S8621R0006,1,OT,OTHER FUNCTIONS,Z2BG,REPAIR OR ALTERATION OF ELECTRONIC AND COMMUNICATIONS FACILITIES,H,NOT BUNDLED,C2,CONSTRUCTION,238220,"PLUMBING, HEATING, AND AIR-CONDITIONING CONTRACTORS",C,NO CLAUSES INCLUDED AND NO SUSTAINABILITY INCLUDED,A,U.S. OWNED BUSINESS,000,NONE,Z,NOT IT PRODUCTS OR SERVICES,E,NOT REQUIRED,USA,UNITED STATES,C,NOT A MANUFACTURED END PRODUCT,B,PLAN NOT REQUIRED,B,NOT AVAILABLE FOR COMPETITION,SSS,ONLY ONE SOURCE,8AN,8(A) SOLE SOURCE,NONE,NO PREFERENCE USED,,,,,OTH,AUTHORIZED BY STATUTE (FAR 6.302-5(A)(2)(I)),1,D,COMMERCIAL ITEM PROCEDURES NOT USED,f,N,NO,N,NO,N,NO,N,NO,0.00,N,NO,Y,YES,Y,YES,Y,YES,X,NOT APPLICABLE,,,,,,,,NONE,NONE,N,NO,X,NOT APPLICABLE EXEMPT FROM CAS,N,TRANSACTION DOES NOT USE GFE/GFP,N,NO,D,NOT CONSOLIDATED,N,NO - SERVICE WHERE PBA IS NOT USED.,N,NO,Z,NOT APPLICABLE,N,NO,X,NOT APPLICABLE,f,f,f,f,f,f,f,t,t,t,f,f,t,f,f,f,t,f,f,SMALL BUSINESS,S,f,f,f,f,f,f,f,f,f,f,f,f,f,f,f,f,f,CORPORATE NOT TAX EXEMPT,t,f,f,f,f,f,f,f,f,f,f,f,f,f,f,f,f,t,f,f,f,f,f,f,f,f,f,f,t,f,f,f,f,f,f,f,f,f,f,f,f,f,f,f,t,t,f,t,f,f,,,,,,,,,,,https://www.usaspending.gov/award/CONT_AWD_W50S8621C0003_9700_-NONE-_-NONE-/,2021-11-30 09:59:37+00
CONT_AWD_W52P1J16C3025_9700_-NONE-_-NONE-,W52P1J16C3025,,,,Q: Not Designated Nonemergency/Emergency/Disaster/Wildfire Suppression,,,,,3965494.25,107300.00,3965494.25,3965494.25,2016-09-29,2016,2021-11-29,2022,2016-09-29,2022-03-31,2022-03-31 00:00:00,,,097,Department of Defense,2100,Department of the Army,W52P1J,W0DA US ARMY SUSTAINMENT CMD,097,Department of Defense,2100,Department of the Army,W52P1J,W0DA US ARMY SUSTAINMENT CMD,097-X-4930-001,097-4930,25.2: Other services from non-Federal sources,0000: UNKNOWN/OTHER,X,NOT APPLICABLE,,,EJTKTEEGCNX4,163837714,SCHWARZ CONSTRUCTION LLC,"SCHWARZ CONSTRUCTION, LLC",,61F47,EJTKTEEGCNX4,163837714,SCHWARZ CONSTRUCTION LLC,SCHWARZ  KAREN,USA,UNITED STATES,9 SASSAFRAS LANE,,FLORENCE,21015,BOONE,21,KY,KENTUCKY,410428849,KY-04,KY-04,5136460589,8596470058,USA,UNITED STATES,RICHMOND,21151,MADISON,21,KY,KENTUCKY,404755050,KY-06,KY-06,AWARD,D,DEFINITIVE CONTRACT,,,,,,,J,FIRM FIXED PRICE,IGF::OT::IGF,W52P1J16R3046,1,OT,OTHER FUNCTIONS,Y1NE,CONSTRUCTION OF WATER SUPPLY FACILITIES,D,NOT A BUNDLED REQUIREMENT,S1,SERVICES,237110,WATER AND SEWER LINE AND RELATED STRUCTURES CONSTRUCTION,C,NO CLAUSES INCLUDED AND NO SUSTAINABILITY INCLUDED,A,U.S. OWNED BUSINESS,000,NONE,Z,NOT IT PRODUCTS OR SERVICES,E,NOT REQUIRED,USA,UNITED STATES,C,NOT A MANUFACTURED END PRODUCT,B,PLAN NOT REQUIRED,B,NOT AVAILABLE FOR COMPETITION,SSS,ONLY ONE SOURCE,8AN,8(A) SOLE SOURCE,NONE,NO PREFERENCE USED,,,,,OTH,AUTHORIZED BY STATUTE (FAR 6.302-5(A)(2)(I)),1,D,COMMERCIAL ITEM PROCEDURES NOT USED,f,N,NO,N,NO,Y,YES,N,NO,0.00,N,NO,N,NO,N,NO,Y,YES,X,NOT APPLICABLE,,,,,,,,NONE,NONE,Y,YES,X,NOT APPLICABLE EXEMPT FROM CAS,N,TRANSACTION DOES NOT USE GFE/GFP,U,UNKNOWN,N,NO,N,NO - SERVICE WHERE PBA IS NOT USED.,N,NO,Z,NOT APPLICABLE,N,NO,X,NOT APPLICABLE,f,f,f,f,f,f,f,t,t,t,f,f,t,f,f,t,f,f,f,SMALL BUSINESS,S,f,f,f,f,f,f,f,f,f,f,f,f,f,f,f,f,f,CORPORATE NOT TAX EXEMPT,t,f,f,f,f,f,f,f,f,f,f,f,f,f,f,f,f,t,f,f,f,f,f,f,f,f,t,f,t,f,f,f,f,f,f,f,f,f,f,f,f,f,f,f,t,t,f,t,f,f,,,,,,,,,,,https://www.usaspending.gov/award/CONT_AWD_W52P1J16C3025_9700_-NONE-_-NONE-/,2021-11-29 11:40:58+00
CONT_AWD_W52P1J17C0001_9700_-NONE-_-NONE-,W52P1J17C0001,,,,,,,,,6101107.00,,6101107.00,6101107.00,2016-10-31,2017,2021-11-24,2022,2016-11-01,2020-10-31,2021-10-31 12:10:00,,,097,Department of Defense,2100,Department of the Army,W58RGZ,W6QK ACC-RSA,097,Department of Defense,2100,Department of the Army,W58H0Z,W0H9 US ARMY AVN & MISSLES CMD,,,,,A,FOREIGN FUNDS FMS,,,NKALELNK6F48,837750223,LONGBOW LLC,LONGBOW LLC,,04WF2,ZFN2JJXBLZT3,834951691,LOCKHEED MARTIN CORP,LOCKHEED MARTIN CORPORATION,USA,UNITED STATES,5600 W SAND LAKE RD,,ORLANDO,12095,ORANGE,12,FL,FLORIDA,328198907,FL-10,FL-10,4073562223,4073567199,USA,UNITED STATES,ORLANDO,12095,ORANGE,12,FL,FLORIDA,328198907,FL-10,FL-10,AWARD,D,DEFINITIVE CONTRACT,,,,,,,J,FIRM FIXED PRICE,IGF::OT::IGF  KUWAIT FCR PPSS FOLLOW-ON,,1,OT,OTHER FUNCTIONS,J016,MAINT/REPAIR/REBUILD OF EQUIPMENT- AIRCRAFT COMPONENTS AND ACCESSORIES,D,NOT A BUNDLED REQUIREMENT,A7,ELECTRONICS AND COMMUNICATION EQUIPMENT,336413,OTHER AIRCRAFT PARTS AND AUXILIARY EQUIPMENT MANUFACTURING,C,NO CLAUSES INCLUDED AND NO SUSTAINABILITY INCLUDED,A,U.S. OWNED BUSINESS,000,NONE,Z,NOT IT PRODUCTS OR SERVICES,E,NOT REQUIRED,USA,UNITED STATES,C,NOT A MANUFACTURED END PRODUCT,A,PLAN NOT INCLUDED - NO SUBCONTRACTING POSSIBILITIES,B,NOT AVAILABLE FOR COMPETITION,SSS,ONLY ONE SOURCE,NONE,NO SET ASIDE USED.,NONE,NO PREFERENCE USED,,,,,IA,INTERNATIONAL AGREEMENT (FAR 6.302-4),1,D,COMMERCIAL ITEM PROCEDURES NOT USED,f,N,NO,N,NO,N,NO,N,NO,0.00,N,NO,N,NO,N,NO,N,NO,X,NOT APPLICABLE,,,,,,,,NONE,NONE,Y,YES,Y,YES - CAS CLAUSE INCLUDED,N,TRANSACTION DOES NOT USE GFE/GFP,N,NO,N,NO,N,NO - SERVICE WHERE PBA IS NOT USED.,N,NO,Z,NOT APPLICABLE,N,NO,X,NOT APPLICABLE,f,f,f,f,f,f,f,f,f,f,f,f,f,f,f,f,f,f,f,OTHER THAN SMALL BUSINESS,O,f,f,f,f,f,f,f,f,f,f,f,f,f,f,f,f,f,PARTNERSHIP,f,f,t,f,f,f,f,f,f,f,f,f,f,f,f,f,f,t,f,f,f,f,f,f,f,f,f,f,t,f,f,f,f,f,f,f,f,f,f,f,f,f,f,f,f,f,f,f,f,f,,,,,,,,,,,https://www.usaspending.gov/award/CONT_AWD_W52P1J17C0001_9700_-NONE-_-NONE-/,2021-12-09 19:20:52+00
CONT_AWD_W564KV17C0056_9700_-NONE-_-NONE-,W564KV17C0056,,,,,,,,,75208.48,,75208.48,75208.48,2017-06-23,2017,2021-11-30,2022,2017-06-19,2022-09-30,2022-09-30 00:00:00,,,097,Department of Defense,2100,Department of the Army,W564KV,0409 AQ HQ     CONTRACT,097,Department of Defense,2100,Department of the Army,W81MN5,W6E1 USAG STUTTGART,,,,,X,NOT APPLICABLE,,,M63QPLTNGLW7,,"BUNDESMINISTERIUM FÜR UMWELT, NATURSCHUTZ UND REAKTORSICHERHEIT","BUNDESMINISTERIUM FUR UMWELT, NATURSCHUTZ UND REAKTORSICHERHEIT",,CL097,PSH3YJ1952P6,,BUNDESMINISTERIUM FUR UMWELT  NATURSCHUTZ UND REAKTORSICHERHEIT,BUNDESMINISTERIUM FUR UMWELT  NATURSCHUTZ UND REAKTORSICHERHEIT,DEU,GERMANY,ROBERT-SCHUMAN-PLATZ 3,,BONN,,,,,NORDRHEIN-WESTFALEN,53175,,,,,DEU,GERMANY,,,,,,,,,,AWARD,D,DEFINITIVE CONTRACT,,,,,,,J,FIRM FIXED PRICE,IGF::OT::IGF REPAIR DEFICIENCIES BLDG. 3362,,1,OT,OTHER FUNCTIONS,Z1AA,MAINTENANCE OF OFFICE BUILDINGS,H,NOT BUNDLED,C2,CONSTRUCTION,236118,RESIDENTIAL REMODELERS,C,NO CLAUSES INCLUDED AND NO SUSTAINABILITY INCLUDED,O,OTHER FOREIGN ENTITY (E.G. FOREIGN GOVERNMENT),000,NONE,Z,NOT IT PRODUCTS OR SERVICES,E,NOT REQUIRED,DEU,GERMANY,C,NOT A MANUFACTURED END PRODUCT,B,PLAN NOT REQUIRED,A,FULL AND OPEN COMPETITION,NP,NEGOTIATED PROPOSAL/QUOTE,NONE,NO SET ASIDE USED.,NONE,NO PREFERENCE USED,,,,,,,3,D,COMMERCIAL ITEM PROCEDURES NOT USED,f,N,NO,N,NO,N,NO,N,NO,0.00,N,NO,X,NOT APPLICABLE,X,NOT APPLICABLE,X,NOT APPLICABLE,X,NOT APPLICABLE,,,,,,,,NONE,NONE,N,NO,X,NOT APPLICABLE EXEMPT FROM CAS,N,TRANSACTION DOES NOT USE GFE/GFP,U,UNKNOWN,D,NOT CONSOLIDATED,N,NO - SERVICE WHERE PBA IS NOT USED.,N,NO,Z,NOT APPLICABLE,N,NO,X,NOT APPLICABLE,f,f,f,f,f,f,f,f,f,f,f,f,f,f,f,f,f,f,f,OTHER THAN SMALL BUSINESS,O,f,f,f,f,f,f,f,f,f,f,f,f,f,f,f,f,t,FOREIGN GOVERNMENT,f,f,f,f,f,f,f,f,f,f,f,f,f,f,f,f,f,t,f,f,f,f,f,f,f,f,f,f,f,f,f,f,f,f,f,f,f,f,f,f,f,f,f,f,f,f,f,f,f,f,,,,,,,,,,,https://www.usaspending.gov/award/CONT_AWD_W564KV17C0056_9700_-NONE-_-NONE-/,2024-05-31 09:51:22+00
CONT_AWD_W564KV17C0076_9700_-NONE-_-NONE-,W564KV17C0076,,,,,,,,,11679.64,,11679.64,11679.64,2017-07-20,2017,2021-11-30,2022,2017-07-20,2022-09-30,2022-09-30 00:00:00,,,097,Department of Defense,2100,Department of the Army,W564KV,0409 AQ HQ     CONTRACT,097,Department of Defense,2100,Department of the Army,W81MN5,W6E1 USAG STUTTGART,,,,,X,NOT APPLICABLE,,,M63QPLTNGLW7,,"BUNDESMINISTERIUM FÜR UMWELT, NATURSCHUTZ UND REAKTORSICHERHEIT","BUNDESMINISTERIUM FUR UMWELT, NATURSCHUTZ UND REAKTORSICHERHEIT",,CL097,PSH3YJ1952P6,,BUNDESMINISTERIUM FUR UMWELT  NATURSCHUTZ UND REAKTORSICHERHEIT,BUNDESMINISTERIUM FUR UMWELT  NATURSCHUTZ UND REAKTORSICHERHEIT,DEU,GERMANY,ROBERT-SCHUMAN-PLATZ 3,,BONN,,,,,NORDRHEIN-WESTFALEN,53175,,,,,DEU,GERMANY,,,,,,,,,,AWARD,D,DEFINITIVE CONTRACT,,,,,,,J,FIRM FIXED PRICE,IGF::OT::IGF REPAIR INTERSECTION,,1,OT,OTHER FUNCTIONS,Z1LB,MAINTENANCE OF HIGHWAYS/ROADS/STREETS/BRIDGES/RAILWAYS,H,NOT BUNDLED,C2,CONSTRUCTION,238990,ALL OTHER SPECIALTY TRADE CONTRACTORS,C,NO CLAUSES INCLUDED AND NO SUSTAINABILITY INCLUDED,O,OTHER FOREIGN ENTITY (E.G. FOREIGN GOVERNMENT),000,NONE,Z,NOT IT PRODUCTS OR SERVICES,E,NOT REQUIRED,DEU,GERMANY,C,NOT A MANUFACTURED END PRODUCT,B,PLAN NOT REQUIRED,A,FULL AND OPEN COMPETITION,NP,NEGOTIATED PROPOSAL/QUOTE,NONE,NO SET ASIDE USED.,NONE,NO PREFERENCE USED,,,,,,,3,D,COMMERCIAL ITEM PROCEDURES NOT USED,f,N,NO,N,NO,N,NO,N,NO,0.00,N,NO,X,NOT APPLICABLE,X,NOT APPLICABLE,X,NOT APPLICABLE,X,NOT APPLICABLE,,,,,,,,NONE,NONE,N,NO,X,NOT APPLICABLE EXEMPT FROM CAS,N,TRANSACTION DOES NOT USE GFE/GFP,U,UNKNOWN,D,NOT CONSOLIDATED,N,NO - SERVICE WHERE PBA IS NOT USED.,N,NO,Z,NOT APPLICABLE,N,NO,X,NOT APPLICABLE,f,f,f,f,f,f,f,f,f,f,f,f,f,f,f,f,f,f,f,OTHER THAN SMALL BUSINESS,O,f,f,f,f,f,f,f,f,f,f,f,f,f,f,f,f,t,FOREIGN GOVERNMENT,f,f,f,f,f,f,f,f,f,f,f,f,f,f,f,f,f,t,f,f,f,f,f,f,f,f,f,f,f,f,f,f,f,f,f,f,f,f,f,f,f,f,f,f,f,f,f,f,f,f,,,,,,,,,,,https://www.usaspending.gov/award/CONT_AWD_W564KV17C0076_9700_-NONE-_-NONE-/,2024-05-31 09:51:22+00
CONT_AWD_W564KV17C0089_9700_-NONE-_-NONE-,W564KV17C0089,,,,,,,,,406373.39,,406373.39,406373.39,2017-07-28,2017,2021-11-30,2022,2017-07-28,2022-09-30,2022-09-30 00:00:00,,,097,Department of Defense,2100,Department of the Army,W564KV,0409 AQ HQ     CONTRACT,097,Department of Defense,2100,Department of the Army,WK4FRD,W6FH USAG ANSBACH,,,,,X,NOT APPLICABLE,,,M63QPLTNGLW7,551528420,"BUNDESMINISTERIUM FÜR UMWELT, NATURSCHUTZ UND REAKTORSICHERHEIT","BUNDESMINISTERIUM FUR UMWELT, NATURSCHUTZ UND REAKTORSICHERHEIT",,CL097,PSH3YJ1952P6,551528297,BUNDESMINISTERIUM FUR UMWELT  NATURSCHUTZ UND REAKTORSICHERHEIT,BUNDESMINISTERIUM FUR UMWELT  NATURSCHUTZ UND REAKTORSICHERHEIT,DEU,GERMANY,ROBERT-SCHUMAN-PLATZ 3,,BONN,,,,,NORDRHEIN-WESTFALEN,53175,,,,,DEU,GERMANY,,,,,,,,,,AWARD,D,DEFINITIVE CONTRACT,,,,,,,J,FIRM FIXED PRICE,"IGF::OT::IGF REPAIR SIDEWALKS, KATTERBACH AF HOUSING",,1,OT,OTHER FUNCTIONS,Z2FA,REPAIR OR ALTERATION OF FAMILY HOUSING FACILITIES,H,NOT BUNDLED,C2,CONSTRUCTION,238110,POURED CONCRETE FOUNDATION AND STRUCTURE CONTRACTORS,C,NO CLAUSES INCLUDED AND NO SUSTAINABILITY INCLUDED,O,OTHER FOREIGN ENTITY (E.G. FOREIGN GOVERNMENT),000,NONE,Z,NOT IT PRODUCTS OR SERVICES,E,NOT REQUIRED,DEU,GERMANY,C,NOT A MANUFACTURED END PRODUCT,B,PLAN NOT REQUIRED,A,FULL AND OPEN COMPETITION,NP,NEGOTIATED PROPOSAL/QUOTE,NONE,NO SET ASIDE USED.,NONE,NO PREFERENCE USED,,,,,,,3,D,COMMERCIAL ITEM PROCEDURES NOT USED,f,N,NO,N,NO,N,NO,N,NO,0.00,N,NO,X,NOT APPLICABLE,X,NOT APPLICABLE,X,NOT APPLICABLE,X,NOT APPLICABLE,,,,,,,,NONE,NONE,N,NO,X,NOT APPLICABLE EXEMPT FROM CAS,N,TRANSACTION DOES NOT USE GFE/GFP,U,UNKNOWN,D,NOT CONSOLIDATED,N,NO - SERVICE WHERE PBA IS NOT USED.,N,NO,Z,NOT APPLICABLE,N,NO,X,NOT APPLICABLE,f,f,f,f,f,f,f,f,f,f,f,f,f,f,f,f,f,f,f,OTHER THAN SMALL BUSINESS,O,f,f,f,f,f,f,f,f,f,f,f,f,f,f,f,f,t,FOREIGN GOVERNMENT,f,f,f,f,f,f,f,f,f,f,f,f,f,f,f,f,f,t,f,f,f,f,f,f,f,f,f,f,f,f,f,f,f,f,f,f,f,f,f,f,f,f,f,f,f,f,f,f,f,f,,,,,,,,,,,https://www.usaspending.gov/award/CONT_AWD_W564KV17C0089_9700_-NONE-_-NONE-/,2021-11-30 08:43:05+00
CONT_AWD_W56HZV04C0339_9700_-NONE-_-NONE-,W56HZV04C0339,,,,,,,,,34286337.25,,0.00,0.00,2004-03-12,2004,2021-11-30,2022,2004-03-12,2007-02-28,2007-02-28 00:00:00,,,097,Department of Defense,9763,Defense Contract Management Agency,S4801A,DCMA SEATTLE,097,Department of Defense,2100,Department of the Army,W56HZV,W4GG HQ US ARMY TACOM,,,,,X,NOT APPLICABLE,,,W8FLQS3BBMW9,009488495,RED DOT CORPORATION,RED DOT CORPORATION,,62534,W8FLQS3BBMW9,009488495,RED DOT CORPORATION,RED DOT CORPORATION,USA,UNITED STATES,495 ANDOVER PARK E,,TUKWILA,53033,KING,53,WA,WASHINGTON,98188,WA-09,WA-09,,,USA,UNITED STATES,TUKWILA,53033,KING,53,WA,WASHINGTON,981887605,WA-09,WA-09,AWARD,D,DEFINITIVE CONTRACT,,,,,,,J,FIRM FIXED PRICE,200408!004179!2100!W56HZV!TACOM - WARREN                  !W56HZV04C0339  !A!N! !N!             !      !20040312!20040831!009488495!009488495!009488495!N!RED DOT CORPORATION           !495 ANDOVER PARK E        !TUKWILA             !WA!98188!63000!033!53!SEATTLE             !KING                  !WASHINGTON!+000009736500!N!N!000000000000!4120!AIR CONDITIONING EQUIP                            !B9 !PRODUCTION EQUIPMENT                !000 !*                             !336391!E! !3! ! ! ! ! !99990909!B! ! !N!Z!D!N!J!1!001!N!2A!Z!N!A! !  !N!B!N!N! ! !A! !A!A!00 !A!B!N! ! ! ! !    !      !0001! !,,1,,,4120,AIR CONDITIONING EQUIPMENT,D,NOT A BUNDLED REQUIREMENT,B9,PRODUCTION EQUIPMENT,336391,MOTOR VEHICLE AIR-CONDITIONING MANUFACTURING,C,NO CLAUSES INCLUDED AND NO SUSTAINABILITY INCLUDED,,,000,NONE,,,E,NOT REQUIRED,,,,,B,PLAN NOT REQUIRED,C,NOT COMPETED,,,NONE,NO SET ASIDE USED.,,,,,,,URG,URGENCY (FAR 6.302-2),1,D,COMMERCIAL ITEM PROCEDURES NOT USED,f,N,NO,N,NO,X,NOT APPLICABLE,,,0.00,N,NO,N,NO,X,NOT APPLICABLE,X,NOT APPLICABLE,X,NOT APPLICABLE,,,,,,,,NONE,NONE,N,NO,X,NOT APPLICABLE EXEMPT FROM CAS,Y,TRANSACTION USES GFE/GFP,N,NO,N,NO,X,NOT APPLICABLE,N,NO,A,FAR 52.232-16 PROGRESS PAYMENTS,N,NO,X,NOT APPLICABLE,f,f,f,f,f,f,f,f,f,f,f,f,f,f,f,f,f,f,f,SMALL BUSINESS,S,f,f,f,f,f,f,f,f,f,f,f,f,f,f,f,f,f,,f,f,f,f,f,f,f,f,f,f,f,f,f,f,f,f,f,f,f,f,f,f,f,f,f,f,f,f,f,f,f,f,f,f,f,f,f,f,f,f,f,f,f,f,f,f,f,f,f,f,,,,,,,,,,,https://www.usaspending.gov/award/CONT_AWD_W56HZV04C0339_9700_-NONE-_-NONE-/,2021-11-30 16:58:01+00
CONT_AWD_W56HZV11C0132_9700_-NONE-_-NONE-,W56HZV11C0132,,,,,,,,,20920783.66,0.00,20920783.66,20920783.66,2011-09-16,2011,2021-11-30,2022,2011-09-16,2014-10-31,2014-10-31 00:00:00,,,097,Department of Defense,9763,Defense Contract Management Agency,S1403A,DCMA GREAT LAKES,097,Department of Defense,2100,Department of the Army,W56HZV,W4GG HQ US ARMY TACOM,021-2014/2014-2020-000,021-2020,25.7: Operation and maintenance of equipment,,X,NOT APPLICABLE,,,FG7HKV9NTDK5,,"DRS SUSTAINMENT SYSTEMS, INC","DRS SUSTAINMENT SYSTEMS, INC.",,98255,W8PTMRME1496,,LEONARDO SPA,,USA,UNITED STATES,4201 INNOVATION WAY,,BRIDGETON,29189,ST. LOUIS,29,MO,MISSOURI,63044,MO-02,MO-01,3145534721,3145534545,USA,UNITED STATES,WEST PLAINS,29091,HOWELL,29,MO,MISSOURI,657753071,MO-08,MO-08,AWARD,D,DEFINITIVE CONTRACT,,,,,,,J,FIRM FIXED PRICE,"THIS ACTION IS FOR THE FY11 M1200 ARMORED KNIGHT RESET EFFORT. THE REQUIREMENT IS FOR A QUANTITY RESET OF 72 VEHICLES.  FIXED PRICED CLINS ASSOCIATED WITH THIS ACTION ARE FOR THE LABOR AND MATERIAL FOR THE ACTUAL RESET OF 72 UNITS, INCLUDING ALL MANDATORY REPLACEMENT PARTS. THE CPFF CLINS FOR THIS EFFORT ENTAIL BASE AND ADDITIONAL UNIT REQUIREMENTS FOR ADDITIONAL WORK EFFORT (AWE) OR LABOR AND MATERIALS OVER AND ABOVE BASIC RESET REQUIREMENTS, RESET OF THE FIRE SUPPORT SENSOR SYSTEM (FS3), FIELD NET SPARES REPAIRS, NET TRAINING AND DISASSEMBLY OF PARTS FROM 35 M707 S.  THE FUNDING IS FY11 OPERATION AND MAINTENANCE (OMA) FOR THIS EFFORT.",,1,,,2355,"COMBAT, ASSAULT, AND TACTICAL VEHICLES, WHEELED",D,NOT A BUNDLED REQUIREMENT,A4B,NON-COMBAT VEHICLES,336992,"MILITARY ARMORED VEHICLE, TANK, AND TANK COMPONENT MANUFACTURING",C,NO CLAUSES INCLUDED AND NO SUSTAINABILITY INCLUDED,C,FOREIGN-OWNED BUSINESS INCORPORATED IN THE U.S.,575,ABRAMS UPGRADE,Z,NOT IT PRODUCTS OR SERVICES,E,NOT REQUIRED,USA,UNITED STATES,D,MFG IN U.S.,C,PLAN REQUIRED - INCENTIVE NOT INCLUDED,C,NOT COMPETED,SSS,ONLY ONE SOURCE,NONE,NO SET ASIDE USED.,NONE,NO PREFERENCE USED,,,,,ONE,ONLY ONE SOURCE-OTHER (FAR 6.302-1 OTHER),1,D,COMMERCIAL ITEM PROCEDURES NOT USED,f,N,NO,N,NO,N,NO,N,NO,0.00,N,NO,X,NOT APPLICABLE,N,NO,X,NOT APPLICABLE,X,NOT APPLICABLE,,,,,,,,NONE,NONE,Y,YES,Y,YES - CAS CLAUSE INCLUDED,N,TRANSACTION DOES NOT USE GFE/GFP,N,NO,N,NO,X,NOT APPLICABLE,N,NO,Z,NOT APPLICABLE,N,NO,X,NOT APPLICABLE,f,f,f,f,f,f,f,f,f,f,f,f,f,f,f,f,f,f,f,OTHER THAN SMALL BUSINESS,O,f,f,f,f,f,f,f,f,f,f,f,f,f,f,f,f,f,CORPORATE NOT TAX EXEMPT,t,f,f,f,f,f,f,f,f,f,f,f,t,f,f,t,f,f,f,f,f,f,f,f,f,f,f,f,t,f,f,f,f,f,f,f,f,f,f,f,f,f,f,f,f,f,f,f,f,f,JOHN A BAYLOUNY,1060537.00,AARON J HANKSINS,568380.00,JASON W RINSKY,889727.00,MICHAEL D DIPPOLD,1185820.00,MARK A DORFMAN,1339249.00,https://www.usaspending.gov/award/CONT_AWD_W56HZV11C0132_9700_-NONE-_-NONE-/,2022-04-02 14:48:34+00
CONT_AWD_W56HZV20C0037_9700_-NONE-_-NONE-,W56HZV20C0037,,,,,,,,,16242941.57,,16242941.57,16242941.57,2019-12-13,2020,2021-11-30,2022,2019-12-13,2022-02-28,2022-02-28 12:02:00,,2019-10-22,097,Department of Defense,2100,Department of the Army,W56HZV,W4GG HQ US ARMY TACOM,097,Department of Defense,2100,Department of the Army,W50U4K,W4GG HQ US ARMY TACOM,,,,,A,FOREIGN FUNDS FMS,,,NWM1JWVDA853,,AM GENERAL LLC,AM GENERAL LLC,,0H3G6,F1RLRDZK2KC9,,"KPS CAPITAL PARTNERS, LP",AM GENERAL LLC,USA,UNITED STATES,105 N NILES AVE,,SOUTH BEND,18141,ST. JOSEPH,18,IN,INDIANA,466172705,IN-02,IN-02,5742842823,5742842839,JOR,JORDAN,,,,,,,,,,AWARD,D,DEFINITIVE CONTRACT,,,,,,,J,FIRM FIXED PRICE,FOREIGN MILITARY SALE FOR COUNTRY OF JORDAN HMMWV RESET OF 200 M998 TO MISSION CAPABLE VEHICLES.,W56HZV19R0035,1,OT,OTHER FUNCTIONS,2320,"TRUCKS AND TRUCK TRACTORS, WHEELED",H,NOT BUNDLED,A4B,NON-COMBAT VEHICLES,336992,"MILITARY ARMORED VEHICLE, TANK, AND TANK COMPONENT MANUFACTURING",C,NO CLAUSES INCLUDED AND NO SUSTAINABILITY INCLUDED,A,U.S. OWNED BUSINESS,000,NONE,Z,NOT IT PRODUCTS OR SERVICES,E,NOT REQUIRED,USA,UNITED STATES,D,MFG IN U.S.,G,COMMERCIAL SUBCONTRACT PLAN,B,NOT AVAILABLE FOR COMPETITION,SSS,ONLY ONE SOURCE,NONE,NO SET ASIDE USED.,NONE,NO PREFERENCE USED,,,,,IA,INTERNATIONAL AGREEMENT (FAR 6.302-4),1,D,COMMERCIAL ITEM PROCEDURES NOT USED,f,N,NO,N,NO,X,NOT APPLICABLE,N,NO,0.00,N,NO,X,NOT APPLICABLE,X,NOT APPLICABLE,X,NOT APPLICABLE,X,NOT APPLICABLE,,,,,,,,NONE,NONE,Y,YES,Y,YES - CAS CLAUSE INCLUDED,N,TRANSACTION DOES NOT USE GFE/GFP,Y,YES,D,NOT CONSOLIDATED,X,NOT APPLICABLE,N,NO,Z,NOT APPLICABLE,N,NO,X,NOT APPLICABLE,f,f,f,f,f,f,f,f,f,f,f,f,f,f,f,f,f,f,f,OTHER THAN SMALL BUSINESS,O,f,f,f,f,f,f,f,f,f,f,f,f,f,f,f,f,f,OTHER,f,f,f,f,f,f,f,f,f,f,f,f,t,f,f,f,f,t,f,f,f,f,f,f,f,f,t,f,t,f,f,f,f,f,f,f,f,f,f,f,f,f,f,f,f,f,f,f,f,f,RICHARD A HOVE,6548734.00,STEPHEN B ZINK,2267776.00,ROBERT J GOLD,2232587.00,TRICIA  SHERICK,2023118.00,CLAUDIA  GAST,1181123.00,https://www.usaspending.gov/award/CONT_AWD_W56HZV20C0037_9700_-NONE-_-NONE-/,2022-04-02 14:48:34+00
CONT_AWD_W56JSR16C0026_9700_-NONE-_-NONE-,W56JSR16C0026,,,,,,,,,7447841.02,0.00,7554438.58,10855080.35,2016-09-09,2016,2021-11-29,2022,2016-09-11,2019-11-25,2019-11-25 00:00:00,,,097,Department of Defense,2100,Department of the Army,W56JSR,W6QK ACC-APG,097,Department of Defense,2100,Department of the Army,W90W2B,W4FH USA CECOM SEC CTR,021-2019/2019-2020-000,021-2020,25.2: Other services from non-Federal sources,,X,NOT APPLICABLE,,,SGK5EGB9VQM8,,"ARCTIC SLOPE TECHNICAL SERVICES, INC.","ARCTIC SLOPE TECHNICAL SERVICES, INC.",,6HBK6,CY16XXPHX213,,ARCTIC SLOPE REGIONAL CORPORATION,ARCTIC SLOPE REGIONAL CORPORATION,USA,UNITED STATES,7000 MUIRKIRK MEADOWS DR,,BELTSVILLE,24031,MONTGOMERY,24,MD,MARYLAND,20705,MD-05,MD-04,3018379029,3018375539,USA,UNITED STATES,ABERDEEN PROVING GROUND,24025,HARFORD,24,MD,MARYLAND,210051834,MD-02,MD-01,AWARD,D,DEFINITIVE CONTRACT,,,,,,,J,FIRM FIXED PRICE,IGF::OT::IGF  SERVICE CONTRACT FOR NON COMMERCIAL SERVICES 8A AWARD,W56JSR16R0021,1,OT,OTHER FUNCTIONS,R425,SUPPORT- PROFESSIONAL: ENGINEERING/TECHNICAL,D,NOT A BUNDLED REQUIREMENT,S1,SERVICES,541511,CUSTOM COMPUTER PROGRAMMING SERVICES,C,NO CLAUSES INCLUDED AND NO SUSTAINABILITY INCLUDED,A,U.S. OWNED BUSINESS,000,NONE,Z,NOT IT PRODUCTS OR SERVICES,E,NOT REQUIRED,USA,UNITED STATES,C,NOT A MANUFACTURED END PRODUCT,F,INDIVIDUAL SUBCONTRACT PLAN,B,NOT AVAILABLE FOR COMPETITION,SSS,ONLY ONE SOURCE,NONE,NO SET ASIDE USED.,NONE,NO PREFERENCE USED,,,,,OTH,AUTHORIZED BY STATUTE (FAR 6.302-5(A)(2)(I)),1,D,COMMERCIAL ITEM PROCEDURES NOT USED,f,N,NO,N,NO,N,NO,N,NO,0.00,N,NO,N,NO,N,NO,N,NO,X,NOT APPLICABLE,,,,,,,,NONE,NONE,Y,YES,Y,YES - CAS CLAUSE INCLUDED,N,TRANSACTION DOES NOT USE GFE/GFP,N,NO,N,NO,Y,YES - SERVICE WHERE PBA IS USED.,N,NO,Z,NOT APPLICABLE,N,NO,X,NOT APPLICABLE,t,f,f,f,f,f,f,f,f,f,f,f,t,f,f,f,f,t,f,OTHER THAN SMALL BUSINESS,O,f,f,f,f,f,f,f,f,f,f,f,f,f,f,f,f,f,CORPORATE NOT TAX EXEMPT,t,f,f,f,f,f,f,f,f,f,f,f,f,f,f,f,f,t,f,f,f,f,f,f,f,f,f,f,t,f,f,f,f,f,f,f,f,f,f,f,f,f,f,f,f,t,f,t,f,f,DAVID  ZIEGLER,643766.00,DAVID  ZIEGLER,643766.00,DAVID  ZIEGLER,643766.00,DAVID  ZIEGLER,643766.00,DAVID  ZIEGLER,643766.00,https://www.usaspending.gov/award/CONT_AWD_W56JSR16C0026_9700_-NONE-_-NONE-/,2025-04-22 16:50:17+00
CONT_AWD_W56SGK16C0033_9700_-NONE-_-NONE-,W56SGK16C0033,,,,,,,,,723249.20,0.00,723249.20,723249.20,2016-09-06,2016,2021-11-26,2022,2016-09-06,2020-11-05,2020-11-05 00:00:00,,,097,Department of Defense,2100,Department of the Army,W56SGK,W6QK ELE RCC PHOENIX,097,Department of Defense,2100,Department of the Army,W9008Z,W6AK USAE DSCS CENTCOM,021-2018/2019-2091-000;021-2019/2020-2091-000,021-2091,25.2: Other services from non-Federal sources;26.0: Supplies and materials,,X,NOT APPLICABLE,,,KA5HQCLKUVW1,790238638,DOMESTIC AWARDEES (UNDISCLOSED),DOMESTIC AWARDEES (UNDISCLOSED),,3JEH0,KA5HQCLKUVW1,790238638,DOMESTIC AWARDEES (UNDISCLOSED),DOMESTIC CONTRACTOR (UNDISCLOSED),USA,UNITED STATES,1800 F ST NW,,WASHINGTON,11001,DISTRICT OF COLUMBIA,11,DC,DISTRICT OF COLUMBIA,204050001,DC-98,DC-98,2022159767,,AFG,AFGHANISTAN,,,,,,,00000,,,AWARD,D,DEFINITIVE CONTRACT,,,,,,,J,FIRM FIXED PRICE,IGF::OT::IGF       COREPBM/M3,W56SGK16R0029,1,OT,OTHER FUNCTIONS,7030,INFORMATION TECHNOLOGY SOFTWARE,D,NOT A BUNDLED REQUIREMENT,S1,SERVICES,511210,SOFTWARE PUBLISHERS,C,NO CLAUSES INCLUDED AND NO SUSTAINABILITY INCLUDED,A,U.S. OWNED BUSINESS,000,NONE,E,COMMERCIAL SERVICE,A,MEETS REQUIREMENTS,USA,UNITED STATES,D,MFG IN U.S.,B,PLAN NOT REQUIRED,C,NOT COMPETED,SSS,ONLY ONE SOURCE,NONE,NO SET ASIDE USED.,NONE,NO PREFERENCE USED,,,,,UNQ,UNIQUE SOURCE (FAR 6.302-1(B)(1)),1,A,COMMERCIAL ITEM,f,N,NO,N,NO,Y,YES,N,NO,0.00,N,NO,X,NOT APPLICABLE,X,NOT APPLICABLE,X,NOT APPLICABLE,X,NOT APPLICABLE,,,,,,,,O15F,OPERATION FREEDOM'S SENTINEL (OFS),N,NO,X,NOT APPLICABLE EXEMPT FROM CAS,N,TRANSACTION DOES NOT USE GFE/GFP,N,NO,N,NO,X,NOT APPLICABLE,N,NO,Z,NOT APPLICABLE,N,NO,A,CONTINGENCY OPERATION AS DEFINED IN 10 U.S.C. 101(A)(13),f,f,f,f,f,f,f,f,f,f,f,f,f,f,f,f,f,f,f,OTHER THAN SMALL BUSINESS,O,f,f,f,f,f,f,f,f,f,f,f,f,f,f,f,f,f,OTHER,f,f,f,f,f,f,f,f,f,f,f,f,f,f,f,f,f,t,f,f,f,f,f,f,f,f,f,f,t,f,f,f,f,f,f,f,f,f,f,f,f,f,f,f,f,f,f,f,f,f,,,,,,,,,,,https://www.usaspending.gov/award/CONT_AWD_W56SGK16C0033_9700_-NONE-_-NONE-/,2021-11-26 02:44:37+00
CONT_AWD_W58RGZ12C0157_9700_-NONE-_-NONE-,W58RGZ12C0157,,,,,,,,,2439362.06,,2439362.06,2439362.06,2012-09-28,2012,2021-11-30,2022,2012-09-28,2016-05-31,2016-05-31 12:05:00,,,097,Department of Defense,2100,Department of the Army,W58RGZ,W6QK ACC-RSA,097,Department of Defense,2100,Department of the Army,W58H0Z,W0H9 US ARMY AVN & MISSLES CMD,,,,,X,NOT APPLICABLE,,,UTJWTSLMFNG4,835551474,SIKORSKY AIRCRAFT CORPORATION,SIKORSKY AIRCRAFT CORPORATION,,78286,ZFN2JJXBLZT3,834951691,LOCKHEED MARTIN CORP,LOCKHEED MARTIN CORPORATION,USA,UNITED STATES,6900 MAIN ST,,STRATFORD,09001,FAIRFIELD,09,CT,CONNECTICUT,066141385,CT-03,CT-03,2033865105,8606609913,USA,UNITED STATES,STRATFORD,09001,FAIRFIELD,09,CT,CONNECTICUT,066141385,CT-03,CT-03,AWARD,D,DEFINITIVE CONTRACT,,,,,,,J,FIRM FIXED PRICE,BASE CONTRACT.,,1,,,1615,"HELICOPTER ROTOR BLADES, DRIVE MECHANISMS AND COMPONENTS",D,NOT A BUNDLED REQUIREMENT,A1C,OTHER AIRCRAFT EQUIPMENT,336413,OTHER AIRCRAFT PARTS AND AUXILIARY EQUIPMENT MANUFACTURING,C,NO CLAUSES INCLUDED AND NO SUSTAINABILITY INCLUDED,A,U.S. OWNED BUSINESS,156,BLACK HAWK (UH-60A/L),Z,NOT IT PRODUCTS OR SERVICES,E,NOT REQUIRED,USA,UNITED STATES,D,MFG IN U.S.,C,PLAN REQUIRED - INCENTIVE NOT INCLUDED,C,NOT COMPETED,SSS,ONLY ONE SOURCE,NONE,NO SET ASIDE USED.,NONE,NO PREFERENCE USED,,,,,ONE,ONLY ONE SOURCE-OTHER (FAR 6.302-1 OTHER),1,D,COMMERCIAL ITEM PROCEDURES NOT USED,f,N,NO,N,NO,Y,YES,N,NO,0.00,N,NO,Y,YES,X,NOT APPLICABLE,X,NOT APPLICABLE,X,NOT APPLICABLE,,,,,,,,NONE,NONE,Y,YES,X,NOT APPLICABLE EXEMPT FROM CAS,N,TRANSACTION DOES NOT USE GFE/GFP,N,NO,N,NO,X,NOT APPLICABLE,N,NO,Z,NOT APPLICABLE,N,NO,X,NOT APPLICABLE,f,f,f,f,f,f,f,f,f,f,f,f,f,f,f,f,f,f,f,OTHER THAN SMALL BUSINESS,O,f,f,f,f,f,f,f,f,f,f,f,f,f,f,f,f,f,CORPORATE NOT TAX EXEMPT,t,f,f,f,f,f,f,f,f,f,f,f,f,f,f,f,f,t,f,f,f,f,f,f,f,f,f,f,t,f,f,f,f,f,f,f,f,f,f,f,f,f,f,f,f,f,f,f,f,f,,,,,,,,,,,https://www.usaspending.gov/award/CONT_AWD_W58RGZ12C0157_9700_-NONE-_-NONE-/,2021-12-01 08:31:05+00
CONT_AWD_W81K0017C0008_9700_-NONE-_-NONE-,W81K0017C0008,,,,Q: Not Designated Nonemergency/Emergency/Disaster/Wildfire Suppression,,,,,3891155.41,0.00,3891155.41,3891155.41,2017-03-31,2017,2021-11-30,2022,2017-04-01,2022-03-31,2022-03-31 00:00:00,,,097,Department of Defense,2100,Department of the Army,W81K00,W40M MRC0 WEST,097,Department of Defense,2100,Department of the Army,W90R72,W07R USA MED RDNS CMD WEST,097-2019/2019-0130-000;097-2020/2020-0130-000;097-2021/2021-0130-000,097-0130,25.7: Operation and maintenance of equipment,0801: REIMBURSABLE;OPTN: FIELD IS OPTIONAL PRIOR TO FY21,X,NOT APPLICABLE,,,K9MCL74ARMP3,078360754,OSI VISION LLC,OSI VISION LLC,,6MZ16,K9MCL74ARMP3,078360754,OSI VISION LLC,OSI VISION LLC,USA,UNITED STATES,17806 W INTERSTATE 10 STE 300,,SAN ANTONIO,48029,BEXAR,48,TX,TEXAS,782578222,TX-20,TX-23,2107716075,,USA,UNITED STATES,SAN ANTONIO,48029,BEXAR,48,TX,TEXAS,782347601,TX-21,TX-21,AWARD,D,DEFINITIVE CONTRACT,,,,,,,J,FIRM FIXED PRICE,VTC TECHNICIANS,W81K0017R0014,1,OT,OTHER FUNCTIONS,5895,MISCELLANEOUS COMMUNICATION EQUIPMENT,H,NOT BUNDLED,S1,SERVICES,541519,OTHER COMPUTER RELATED SERVICES,C,NO CLAUSES INCLUDED AND NO SUSTAINABILITY INCLUDED,A,U.S. OWNED BUSINESS,000,NONE,Z,NOT IT PRODUCTS OR SERVICES,A,MEETS REQUIREMENTS,USA,UNITED STATES,D,MFG IN U.S.,B,PLAN NOT REQUIRED,B,NOT AVAILABLE FOR COMPETITION,SSS,ONLY ONE SOURCE,NONE,NO SET ASIDE USED.,NONE,NO PREFERENCE USED,,,,,OTH,AUTHORIZED BY STATUTE (FAR 6.302-5(A)(2)(I)),1,A,COMMERCIAL ITEM,f,N,NO,N,NO,N,NO,N,NO,0.00,N,NO,N,NO,Y,YES,N,NO,X,NOT APPLICABLE,,,,,,,,NONE,NONE,N,NO,X,NOT APPLICABLE EXEMPT FROM CAS,N,TRANSACTION DOES NOT USE GFE/GFP,U,UNKNOWN,D,NOT CONSOLIDATED,X,NOT APPLICABLE,N,NO,Z,NOT APPLICABLE,N,NO,X,NOT APPLICABLE,f,t,f,f,f,t,f,f,f,f,f,f,t,f,f,f,f,t,f,SMALL BUSINESS,S,f,f,f,f,f,f,f,f,f,f,f,f,f,f,f,f,f,SOLE PROPRIETORSHIP,f,f,f,t,f,f,f,f,f,f,f,f,f,f,f,f,f,t,f,f,f,f,f,f,f,f,t,f,t,f,f,f,f,f,f,f,f,f,f,f,f,f,f,f,f,t,f,t,f,f,,,,,,,,,,,https://www.usaspending.gov/award/CONT_AWD_W81K0017C0008_9700_-NONE-_-NONE-/,2021-11-30 08:14:41+00
CONT_AWD_W81XWH13C0016_9700_-NONE-_-NONE-,W81XWH13C0016,,,,,,,,,5794795.44,,5794795.44,5794795.44,2013-02-04,2013,2021-11-29,2022,2013-02-01,2017-01-31,2017-01-31 00:00:00,,,097,Department of Defense,2100,Department of the Army,W81XWH,W4PZ USA MED RSCH ACQUIS ACT,097,Department of Defense,97DH,Defense Health Agency,HT0003,DEFENSE HEALTH AGENCY,,,,,X,NOT APPLICABLE,,,UPHNDWC969N5,114400633,AMERICAN REGISTRY OF PATHOLOGY,AMERICAN REGISTRY OF PATHOLOGY,,2U804,UPHNDWC969N5,114400633,AMERICAN REGISTRY OF PATHOLOGY,AMERICAN REGISTRY OF PATHOLOGY,USA,UNITED STATES,14TH ALASKA AVE NW,,WASHINGTON,11001,DISTRICT OF COLUMBIA,11,DC,DISTRICT OF COLUMBIA,203060001,DC-06,DC-98,2027822102,2027827883,USA,UNITED STATES,SILVER SPRING,24031,MONTGOMERY,24,MD,MARYLAND,209106511,MD-08,MD-08,AWARD,D,DEFINITIVE CONTRACT,,,,,,,J,FIRM FIXED PRICE,MUSEUM SUPPORT SERVICES - NMHM,W81XWH12R0027,1,CL,CLOSELY ASSOCIATED,R499,SUPPORT- PROFESSIONAL: OTHER,D,NOT A BUNDLED REQUIREMENT,S1,SERVICES,541611,ADMINISTRATIVE MANAGEMENT AND GENERAL MANAGEMENT CONSULTING SERVICES,C,NO CLAUSES INCLUDED AND NO SUSTAINABILITY INCLUDED,A,U.S. OWNED BUSINESS,000,NONE,Z,NOT IT PRODUCTS OR SERVICES,E,NOT REQUIRED,USA,UNITED STATES,C,NOT A MANUFACTURED END PRODUCT,C,PLAN REQUIRED - INCENTIVE NOT INCLUDED,A,FULL AND OPEN COMPETITION,NP,NEGOTIATED PROPOSAL/QUOTE,NONE,NO SET ASIDE USED.,NONE,NO PREFERENCE USED,,,,,,,8,A,COMMERCIAL ITEM,f,N,NO,N,NO,Y,YES,N,NO,0.00,N,NO,N,NO,Y,YES,N,NO,A,ECONOMY ACT,,,,,,,,NONE,NONE,N,NO,Y,YES - CAS CLAUSE INCLUDED,N,TRANSACTION DOES NOT USE GFE/GFP,N,NO,N,NO,Y,YES - SERVICE WHERE PBA IS USED.,N,NO,Z,NOT APPLICABLE,N,NO,X,NOT APPLICABLE,f,f,f,f,f,f,f,f,f,f,f,f,f,f,f,f,f,f,f,OTHER THAN SMALL BUSINESS,O,f,f,f,f,f,f,f,f,f,f,f,f,f,f,f,f,f,CORPORATE TAX EXEMPT,f,t,f,f,f,f,f,f,f,f,f,f,f,f,f,f,f,t,f,f,f,f,f,f,f,f,f,f,f,t,f,f,f,f,f,f,f,f,f,f,f,f,f,f,f,f,f,f,f,f,,,,,,,,,,,https://www.usaspending.gov/award/CONT_AWD_W81XWH13C0016_9700_-NONE-_-NONE-/,2021-11-29 10:07:27+00
CONT_AWD_W900KK16C0005_9700_-NONE-_-NONE-,W900KK16C0005,,,,,,,,,31741235.80,0.00,31741235.80,31741235.80,2016-03-28,2016,2021-11-30,2022,2016-03-30,2021-09-28,2021-09-28 00:00:00,,,097,Department of Defense,9763,Defense Contract Management Agency,S2401A,DCMA GREAT PLAINS,097,Department of Defense,2100,Department of the Army,W900KK,W6QK ACC-APG-ORLANDO,021-2018/2019-2040-000,021-2040,25.5: Research and development contracts,,X,NOT APPLICABLE,,,M6SWVFKC1997,041776824,NORTH WIND TEST LLC,"AERO SYSTEMS ENGINEERING, INC.",,54933,CMP3RPFLS335,080552303,CTHC LLC,CALSPAN TECHNOLOGY HOLDING CORPORATION,USA,UNITED STATES,358 E FILLMORE AVE,,SAINT PAUL,27123,RAMSEY,27,MN,MINNESOTA,551071289,MN-04,MN-04,6512201129,6512270519,USA,UNITED STATES,SAINT PAUL,27123,RAMSEY,27,MN,MINNESOTA,551071204,MN-04,MN-04,AWARD,D,DEFINITIVE CONTRACT,,,,,,,U,COST PLUS FIXED FEE,BASE - CONTRACT AWARD IGF::CL::IGF,,1,CL,CLOSELY ASSOCIATED,AZ12,R&D- OTHER RESEARCH AND DEVELOPMENT (APPLIED RESEARCH/EXPLORATORY DEVELOPMENT),D,NOT A BUNDLED REQUIREMENT,C9E,ALL OTHERS NOT IDENTIFIABLE TO ANY OTHER PROCUREMENT PROGRAM,541712,"RESEARCH AND DEVELOPMENT IN THE PHYSICAL, ENGINEERING, AND LIFE SCIENCES (EXCEPT BIOTECHNOLOGY)",C,NO CLAUSES INCLUDED AND NO SUSTAINABILITY INCLUDED,A,U.S. OWNED BUSINESS,000,NONE,Z,NOT IT PRODUCTS OR SERVICES,E,NOT REQUIRED,USA,UNITED STATES,C,NOT A MANUFACTURED END PRODUCT,F,INDIVIDUAL SUBCONTRACT PLAN,A,FULL AND OPEN COMPETITION,NP,NEGOTIATED PROPOSAL/QUOTE,NONE,NO SET ASIDE USED.,NONE,NO PREFERENCE USED,,,,,,,2,D,COMMERCIAL ITEM PROCEDURES NOT USED,f,N,NO,N,NO,X,NOT APPLICABLE,N,NO,0.00,N,NO,X,NOT APPLICABLE,X,NOT APPLICABLE,X,NOT APPLICABLE,X,NOT APPLICABLE,,,,,,,,NONE,NONE,N,NO,X,NOT APPLICABLE EXEMPT FROM CAS,Y,TRANSACTION USES GFE/GFP,N,NO,N,NO,N,NO - SERVICE WHERE PBA IS NOT USED.,N,NO,Z,NOT APPLICABLE,N,NO,X,NOT APPLICABLE,f,f,f,f,f,f,f,f,f,f,f,f,f,f,f,f,f,f,f,OTHER THAN SMALL BUSINESS,O,f,f,f,f,f,f,f,f,f,f,f,f,f,f,f,f,f,CORPORATE NOT TAX EXEMPT,t,f,f,f,f,f,f,f,f,f,f,f,t,f,f,f,f,t,f,f,f,f,f,f,f,f,f,f,t,f,f,f,f,f,f,f,f,f,f,f,f,f,f,f,f,f,f,f,f,f,,,,,,,,,,,https://www.usaspending.gov/award/CONT_AWD_W900KK16C0005_9700_-NONE-_-NONE-/,2021-11-30 15:34:27+00
CONT_AWD_W9115120C0033_9700_-NONE-_-NONE-,W9115120C0033,,,,,,,,,1482900.00,,1482900.00,1482900.00,2020-09-22,2020,2021-11-30,2022,2020-09-24,2021-12-10,2021-12-10 00:00:00,,2020-08-20,097,Department of Defense,2100,Department of the Army,W91151,W6QM MICC-FDO FT HOOD,097,Department of Defense,2100,Department of the Army,W45NQ9,W0VC ENGR R U ACT,,,,,X,NOT APPLICABLE,,,D6BCWJLLFPB9,801234225,SENECA CONSTRUCTION MANAGEMENT LLC,"SENECA CONSTRUCTION MANAGEMENT, LLC",,4TY27,D6BCWJLLFPB9,801234225,SENECA CONSTRUCTION MANAGEMENT LLC,SENECA CONSTRUCTION MANAGEMENT  LLC,USA,UNITED STATES,807 N 2ND ST STE A,,KILLEEN,48027,BELL,48,TX,TEXAS,765414710,TX-31,TX-11,2543949303,2542139983,USA,UNITED STATES,FORT HOOD,48027,BELL,48,TX,TEXAS,765441208,TX-31,TX-31,AWARD,D,DEFINITIVE CONTRACT,,,,,,,J,FIRM FIXED PRICE,CONSTRUCT A NEW MULTI-FUNCTIONAL BUILDING SHAS #2,W9115120B0013,1,OT,OTHER FUNCTIONS,Y1AZ,CONSTRUCTION OF OTHER ADMINISTRATIVE FACILITIES AND SERVICE BUILDINGS,H,NOT BUNDLED,C2,CONSTRUCTION,236220,COMMERCIAL AND INSTITUTIONAL BUILDING CONSTRUCTION,C,NO CLAUSES INCLUDED AND NO SUSTAINABILITY INCLUDED,A,U.S. OWNED BUSINESS,000,NONE,Z,NOT IT PRODUCTS OR SERVICES,A,MEETS REQUIREMENTS,USA,UNITED STATES,C,NOT A MANUFACTURED END PRODUCT,B,PLAN NOT REQUIRED,D,FULL AND OPEN COMPETITION AFTER EXCLUSION OF SOURCES,SB,SEALED BID,SBA,SMALL BUSINESS SET ASIDE - TOTAL,NONE,NO PREFERENCE USED,,,,,,,6,D,COMMERCIAL ITEM PROCEDURES NOT USED,f,N,NO,N,NO,X,NOT APPLICABLE,N,NO,0.00,N,NO,X,NOT APPLICABLE,X,NOT APPLICABLE,Y,YES,X,NOT APPLICABLE,,,,,,,,NONE,NONE,N,NO,X,NOT APPLICABLE EXEMPT FROM CAS,N,TRANSACTION DOES NOT USE GFE/GFP,N,NO,D,NOT CONSOLIDATED,N,NO - SERVICE WHERE PBA IS NOT USED.,N,NO,Z,NOT APPLICABLE,N,NO,X,NOT APPLICABLE,f,t,t,f,f,f,f,t,t,t,f,f,t,f,f,f,f,t,f,SMALL BUSINESS,S,f,f,f,f,f,f,f,f,f,f,f,f,f,f,f,f,f,CORPORATE NOT TAX EXEMPT,t,f,f,f,f,f,f,f,f,f,f,f,f,f,f,f,f,t,f,f,f,f,f,f,f,t,f,f,t,f,f,f,f,f,f,f,f,f,f,f,f,f,f,f,t,t,f,t,f,f,,,,,,,,,,,https://www.usaspending.gov/award/CONT_AWD_W9115120C0033_9700_-NONE-_-NONE-/,2021-11-30 16:06:33+00
CONT_AWD_W911NF17C0031_9700_-NONE-_-NONE-,W911NF17C0031,,,,N: Emergency P.L. 116-136;Q: Not Designated Nonemergency/Emergency/Disaster/Wildfire Suppression,287222.04,-287222.04,,,4871774.00,287222.04,4871774.00,4871774.00,2017-03-23,2017,2021-11-29,2022,2017-03-23,2022-03-31,2022-03-31 00:00:00,,,097,Department of Defense,2100,Department of the Army,W911NF,W6QK ACC-APG DURHAM,097,Department of Defense,97AE,Defense Advanced Research Projects Agency,HR0011,DEF ADVANCED RESEARCH PROJECTS AGCY,097-2019/2020-0400-000;097-2020/2021-0400-000;097-2021/2022-0400-000,097-0400,25.5: Research and development contracts,0001: BASIC RESEARCH;OPTN: FIELD IS OPTIONAL PRIOR TO FY21,X,NOT APPLICABLE,,,LWF3QUSCDNG1,,RAYTHEON COMPANY,RAYTHEON COMPANY,,0AYP7,PPLZG8J3N9D4,,RTX CORP,RAYTHEON TECHNOLOGIES CORPORATION,USA,UNITED STATES,50 APPLE HILL DR,,TEWKSBURY,25017,MIDDLESEX,25,MA,MASSACHUSETTS,018761140,MA-06,MA-06,3106479438,3106473536,USA,UNITED STATES,TEWKSBURY,25017,MIDDLESEX,25,MA,MASSACHUSETTS,018761140,MA-06,MA-06,AWARD,D,DEFINITIVE CONTRACT,,,,,,,U,COST PLUS FIXED FEE,IGF::OT::IGF,,1,OT,OTHER FUNCTIONS,AJ41,R&D- GENERAL SCIENCE/TECHNOLOGY: ENGINEERING (BASIC RESEARCH),H,NOT BUNDLED,C9E,ALL OTHERS NOT IDENTIFIABLE TO ANY OTHER PROCUREMENT PROGRAM,541712,"RESEARCH AND DEVELOPMENT IN THE PHYSICAL, ENGINEERING, AND LIFE SCIENCES (EXCEPT BIOTECHNOLOGY)",C,NO CLAUSES INCLUDED AND NO SUSTAINABILITY INCLUDED,A,U.S. OWNED BUSINESS,000,NONE,Z,NOT IT PRODUCTS OR SERVICES,E,NOT REQUIRED,USA,UNITED STATES,C,NOT A MANUFACTURED END PRODUCT,H,DOD COMPREHENSIVE SUBCONTRACT PLAN,A,FULL AND OPEN COMPETITION,BR,BASIC RESEARCH,NONE,NO SET ASIDE USED.,NONE,NO PREFERENCE USED,,,,,,,10,D,COMMERCIAL ITEM PROCEDURES NOT USED,f,N,NO,N,NO,X,NOT APPLICABLE,N,NO,0.00,N,NO,X,NOT APPLICABLE,X,NOT APPLICABLE,X,NOT APPLICABLE,X,NOT APPLICABLE,,,,,,,,NONE,NONE,Y,YES,Y,YES - CAS CLAUSE INCLUDED,N,TRANSACTION DOES NOT USE GFE/GFP,U,UNKNOWN,D,NOT CONSOLIDATED,Y,YES - SERVICE WHERE PBA IS USED.,N,NO,Z,NOT APPLICABLE,N,NO,X,NOT APPLICABLE,f,f,f,f,f,f,f,f,f,f,f,f,f,f,f,f,f,f,f,OTHER THAN SMALL BUSINESS,O,f,f,f,f,f,f,f,f,f,f,f,f,f,f,f,f,f,CORPORATE NOT TAX EXEMPT,t,f,f,f,f,f,f,f,f,f,f,f,t,f,f,f,f,t,f,f,f,f,f,f,f,f,f,f,t,f,f,f,f,f,f,f,f,f,f,f,f,f,f,f,f,f,f,f,f,f,,,,,,,,,,,https://www.usaspending.gov/award/CONT_AWD_W911NF17C0031_9700_-NONE-_-NONE-/,2025-12-31 09:44:17+00
CONT_AWD_W911NF19C0068_9700_-NONE-_-NONE-,W911NF19C0068,,,,,,,,,1004121.95,0.00,1004121.95,1004121.95,2019-07-18,2019,2021-11-24,2022,2019-07-18,2022-02-28,2022-02-28 00:00:00,,2013-11-20,097,Department of Defense,2100,Department of the Army,W911NF,W6QK ACC-APG DURHAM,097,Department of Defense,2100,Department of the Army,W91CPT,W6EY CCDC HEADQUARTERS,097-2018/2019-0400-000,097-0400,25.5: Research and development contracts,,X,NOT APPLICABLE,,,KLK5ZWJKYH73,078282228,"BINERGY SCIENTIFIC, INC.",BINERGY SCIENTIFIC INC.,,74JS0,KLK5ZWJKYH73,078282228,"BINERGY SCIENTIFIC, INC.",BINERGY SCIENTIFIC,USA,UNITED STATES,4291 WIEUCA RD NE,,ATLANTA,13121,FULTON,13,GA,GEORGIA,303423843,GA-11,GA-06,2567148936,,USA,UNITED STATES,ATLANTA,13121,FULTON,13,GA,GEORGIA,303423843,GA-11,GA-06,AWARD,D,DEFINITIVE CONTRACT,,,,,,,J,FIRM FIXED PRICE,SBIR PHASE II AWARD - DETECTION OF ACTIVE BIOLOGICAL TOXINS BY EXPLOITING NATIVE BINDING SPECIFICITIES,,1,OT,OTHER FUNCTIONS,AZ11,R&D- OTHER RESEARCH AND DEVELOPMENT (BASIC RESEARCH),H,NOT BUNDLED,S1,SERVICES,541715,"RESEARCH AND DEVELOPMENT IN THE PHYSICAL, ENGINEERING, AND LIFE SCIENCES (EXCEPT NANOTECHNOLOGY AND BIOTECHNOLOGY)",C,NO CLAUSES INCLUDED AND NO SUSTAINABILITY INCLUDED,A,U.S. OWNED BUSINESS,000,NONE,Z,NOT IT PRODUCTS OR SERVICES,E,NOT REQUIRED,USA,UNITED STATES,C,NOT A MANUFACTURED END PRODUCT,B,PLAN NOT REQUIRED,D,FULL AND OPEN COMPETITION AFTER EXCLUSION OF SOURCES,NP,NEGOTIATED PROPOSAL/QUOTE,SBA,SMALL BUSINESS SET ASIDE - TOTAL,NONE,NO PREFERENCE USED,SR2,SMALL BUSINESS INNOVATION RESEARCH PROGRAM PHASE II ACTION,,,,,5,D,COMMERCIAL ITEM PROCEDURES NOT USED,f,N,NO,N,NO,X,NOT APPLICABLE,N,NO,0.00,N,NO,X,NOT APPLICABLE,X,NOT APPLICABLE,X,NOT APPLICABLE,X,NOT APPLICABLE,,,,,,,,NONE,NONE,N,NO,X,NOT APPLICABLE EXEMPT FROM CAS,N,TRANSACTION DOES NOT USE GFE/GFP,U,UNKNOWN,D,NOT CONSOLIDATED,Y,YES - SERVICE WHERE PBA IS USED.,N,NO,Z,NOT APPLICABLE,N,NO,X,NOT APPLICABLE,f,f,f,f,f,f,f,f,f,f,f,f,f,f,f,f,f,f,f,SMALL BUSINESS,S,f,f,f,f,f,f,f,f,f,f,f,f,f,f,f,f,f,CORPORATE NOT TAX EXEMPT,t,f,f,f,f,f,f,f,f,f,f,f,f,f,f,f,f,t,f,f,f,f,f,f,f,f,f,f,t,f,f,f,f,f,f,f,f,f,f,f,f,f,f,f,f,f,f,f,f,f,,,,,,,,,,,https://www.usaspending.gov/award/CONT_AWD_W911NF19C0068_9700_-NONE-_-NONE-/,2021-12-09 19:20:52+00
CONT_AWD_W911QX12C0150_9700_-NONE-_-NONE-,W911QX12C0150,,,,,,,,,23125342.99,,23125343.49,27189421.49,2012-09-24,2012,2021-11-24,2022,2012-09-24,2017-06-15,2017-06-15 00:00:00,,,097,Department of Defense,9763,Defense Contract Management Agency,S5111A,DCMA SOUTHEAST (HAMPTON),097,Department of Defense,2100,Department of the Army,W15QKN,W6QK ACC-RI-PICATINNY,,,,,X,NOT APPLICABLE,,,M77JKM28BM27,789962201,ADVANCED MISSION SYSTEMS LLC,"ADVANCED MISSION SYSTEMS, LLC",,4MGG3,M77JKM28BM27,789962201,ADVANCED MISSION SYSTEMS LLC,ADVANCED MISSION SYSTEMS  LLC,USA,UNITED STATES,3120 WHITEHALL PARK DR,,CHARLOTTE,37119,MECKLENBURG,37,NC,NORTH CAROLINA,282733335,NC-06,NC-12,9808192606,9808192570,USA,UNITED STATES,BUCHANAN,51023,BOTETOURT,51,VA,VIRGINIA,240664647,VA-06,VA-06,AWARD,D,DEFINITIVE CONTRACT,,,,,,,U,COST PLUS FIXED FEE,DEVELOPMENT OF TRAINING,,1,OT,OTHER FUNCTIONS,AC64,R&D- DEFENSE SYSTEM: ELECTRONICS/COMMUNICATION EQUIPMENT (ENGINEERING DEVELOPMENT),D,NOT A BUNDLED REQUIREMENT,S1,SERVICES,541712,"RESEARCH AND DEVELOPMENT IN THE PHYSICAL, ENGINEERING, AND LIFE SCIENCES (EXCEPT BIOTECHNOLOGY)",C,NO CLAUSES INCLUDED AND NO SUSTAINABILITY INCLUDED,A,U.S. OWNED BUSINESS,000,NONE,Z,NOT IT PRODUCTS OR SERVICES,E,NOT REQUIRED,USA,UNITED STATES,C,NOT A MANUFACTURED END PRODUCT,B,PLAN NOT REQUIRED,A,FULL AND OPEN COMPETITION,BR,BASIC RESEARCH,NONE,NO SET ASIDE USED.,NONE,NO PREFERENCE USED,,,,,,,999,D,COMMERCIAL ITEM PROCEDURES NOT USED,f,N,NO,N,NO,Y,YES,N,NO,0.00,N,NO,N,NO,N,NO,N,NO,X,NOT APPLICABLE,,,,,,,,NONE,NONE,N,NO,X,NOT APPLICABLE EXEMPT FROM CAS,N,TRANSACTION DOES NOT USE GFE/GFP,N,NO,N,NO,Y,YES - SERVICE WHERE PBA IS USED.,N,NO,Z,NOT APPLICABLE,N,NO,X,NOT APPLICABLE,f,f,f,f,f,f,f,f,f,f,f,f,f,f,f,f,f,f,f,SMALL BUSINESS,S,f,f,f,f,f,f,f,f,f,f,f,f,f,f,f,f,f,CORPORATE NOT TAX EXEMPT,t,f,f,f,f,f,f,f,f,f,f,f,f,f,f,f,f,t,f,f,f,f,f,f,f,f,t,f,t,f,f,f,f,f,f,f,f,f,f,f,f,f,f,f,f,f,f,f,f,f,,,,,,,,,,,https://www.usaspending.gov/award/CONT_AWD_W911QX12C0150_9700_-NONE-_-NONE-/,2021-12-09 19:20:52+00
CONT_AWD_W911QX18C0035_9700_-NONE-_-NONE-,W911QX18C0035,,,,,,,,,1878195.39,0.00,2155087.92,2172451.74,2018-08-30,2018,2021-11-29,2022,2018-08-30,2019-11-15,2019-11-15 00:00:00,,2018-08-16,097,Department of Defense,2100,Department of the Army,W911QX,W6QK ACC-APG ADELPHI,097,Department of Defense,2100,Department of the Army,W813LT,W262 PROP BK ACCT 5 ARL APG,021-2019/2020-2040-000,021-2040,25.2: Other services from non-Federal sources,,X,NOT APPLICABLE,,,SLGWM5YNR661,624026790,"KAPILI SERVICES, LLC","KAPILI SERVICES, LLC",,4HJA9,SLGWM5YNR661,624026790,"KAPILI SERVICES, LLC",A & J PACIFIC  LLC,USA,UNITED STATES,12565 RESEARCH PKWY STE 300,,ORLANDO,12095,ORANGE,12,FL,FLORIDA,328263283,FL-07,FL-10,4074753864,,USA,UNITED STATES,ABERDEEN PROVING GROUND,24025,HARFORD,24,MD,MARYLAND,210055066,MD-02,MD-01,AWARD,D,DEFINITIVE CONTRACT,,,,,,,U,COST PLUS FIXED FEE,ADMINISTRATIE SUPPORT SERVICES,,1,OT,OTHER FUNCTIONS,R699,SUPPORT- ADMINISTRATIVE: OTHER,H,NOT BUNDLED,S1,SERVICES,541611,ADMINISTRATIVE MANAGEMENT AND GENERAL MANAGEMENT CONSULTING SERVICES,C,NO CLAUSES INCLUDED AND NO SUSTAINABILITY INCLUDED,A,U.S. OWNED BUSINESS,000,NONE,Z,NOT IT PRODUCTS OR SERVICES,E,NOT REQUIRED,USA,UNITED STATES,C,NOT A MANUFACTURED END PRODUCT,B,PLAN NOT REQUIRED,B,NOT AVAILABLE FOR COMPETITION,SSS,ONLY ONE SOURCE,8AN,8(A) SOLE SOURCE,NONE,NO PREFERENCE USED,,,,,OTH,AUTHORIZED BY STATUTE (FAR 6.302-5(A)(2)(I)),1,D,COMMERCIAL ITEM PROCEDURES NOT USED,f,N,NO,N,NO,N,NO,N,NO,0.00,N,NO,X,NOT APPLICABLE,Y,YES,X,NOT APPLICABLE,X,NOT APPLICABLE,,,,,,,,NONE,NONE,N,NO,X,NOT APPLICABLE EXEMPT FROM CAS,N,TRANSACTION DOES NOT USE GFE/GFP,N,NO,D,NOT CONSOLIDATED,Y,YES - SERVICE WHERE PBA IS USED.,N,NO,Z,NOT APPLICABLE,N,NO,X,NOT APPLICABLE,f,f,f,t,f,f,f,f,f,f,f,f,f,f,f,f,f,f,f,SMALL BUSINESS,S,f,f,f,f,f,f,f,f,f,f,f,f,f,f,f,f,f,CORPORATE NOT TAX EXEMPT,t,f,f,f,f,f,f,f,f,f,f,f,f,f,f,f,f,t,f,f,f,f,f,f,f,f,t,f,t,f,f,f,f,f,f,f,f,f,f,f,f,f,f,f,f,t,f,t,f,f,,,,,,,,,,,https://www.usaspending.gov/award/CONT_AWD_W911QX18C0035_9700_-NONE-_-NONE-/,2021-11-29 15:40:17+00
CONT_AWD_W911QY16C0053_9700_-NONE-_-NONE-,W911QY16C0053,,,,,,,,,500310.14,0.00,500310.14,500310.14,2016-02-23,2016,2021-11-30,2022,2015-12-30,2020-10-31,2020-10-31 00:00:00,,,097,Department of Defense,2100,Department of the Army,W911QY,W6QK ACC-APG NATICK,097,Department of Defense,2100,Department of the Army,W56YHX,W1D1 NATICK SOLDIER CENTER,021-2020/2021-2040-000,021-2040,25.2: Other services from non-Federal sources,,X,NOT APPLICABLE,,,W82GWKAX7GX4,055949887,"HILLS, INC.","HILLS, INC.",,5P785,W82GWKAX7GX4,055949887,"HILLS, INC.",HILLS  INC.,USA,UNITED STATES,7785 ELLIS RD,,MELBOURNE,12009,BREVARD,12,FL,FLORIDA,329041105,FL-08,FL-08,4077242370,3216767635,USA,UNITED STATES,MELBOURNE,12009,BREVARD,12,FL,FLORIDA,329041105,FL-08,FL-08,AWARD,D,DEFINITIVE CONTRACT,,,,,,,J,FIRM FIXED PRICE,IGF::CL::IGF  NRX-8 OPERATIONS SUPPORT,,1,OT,OTHER FUNCTIONS,J036,MAINT/REPAIR/REBUILD OF EQUIPMENT- SPECIAL INDUSTRY MACHINERY,D,NOT A BUNDLED REQUIREMENT,S1,SERVICES,561990,ALL OTHER SUPPORT SERVICES,C,NO CLAUSES INCLUDED AND NO SUSTAINABILITY INCLUDED,A,U.S. OWNED BUSINESS,000,NONE,Z,NOT IT PRODUCTS OR SERVICES,E,NOT REQUIRED,USA,UNITED STATES,C,NOT A MANUFACTURED END PRODUCT,B,PLAN NOT REQUIRED,G,NOT COMPETED UNDER SAP,SP1,SIMPLIFIED ACQUISITION,NONE,NO SET ASIDE USED.,NONE,NO PREFERENCE USED,,,,,SP2,SAP NON-COMPETITION (FAR 13),1,A,COMMERCIAL ITEM,f,Y,YES,N,NO,N,NO,N,NO,0.00,N,NO,X,NOT APPLICABLE,Y,YES,X,NOT APPLICABLE,X,NOT APPLICABLE,,,,,,,,NONE,NONE,N,NO,X,NOT APPLICABLE EXEMPT FROM CAS,N,TRANSACTION DOES NOT USE GFE/GFP,N,NO,N,NO,Y,YES - SERVICE WHERE PBA IS USED.,N,NO,Z,NOT APPLICABLE,N,NO,X,NOT APPLICABLE,f,f,f,f,f,f,f,t,t,f,f,f,f,f,f,f,f,f,f,OTHER THAN SMALL BUSINESS,O,f,f,f,f,f,f,f,f,f,f,f,f,f,f,f,f,f,CORPORATE NOT TAX EXEMPT,t,f,f,f,f,f,f,f,f,f,f,f,f,f,f,f,f,t,f,f,f,f,f,f,f,t,f,f,t,f,f,f,f,f,f,f,f,f,f,f,f,f,f,f,f,f,f,f,f,f,,,,,,,,,,,https://www.usaspending.gov/award/CONT_AWD_W911QY16C0053_9700_-NONE-_-NONE-/,2021-11-30 10:55:47+00
CONT_AWD_W911QY21C0023_9700_-NONE-_-NONE-,W911QY21C0023,,,,,,,,,996000.00,,996000.00,996000.00,2020-12-11,2021,2021-11-30,2022,2020-12-11,2022-01-31,2022-01-31 00:00:00,,2020-10-29,097,Department of Defense,2100,Department of the Army,W911QY,W6QK ACC-APG NATICK,097,Department of Defense,2100,Department of the Army,W80M26,W4HP ACTV SPECIAL PROJECTS SPT,,,,,X,NOT APPLICABLE,,,DP5SRT1HDFA3,027535215,G3 TECHNOLOGIES INC,"G3 TECHNOLOGIES, INC.",,1UFT6,DP5SRT1HDFA3,027535215,G3 TECHNOLOGIES INC,G3 TECHNOLOGIES  INC.,USA,UNITED STATES,10280 OLD COLUMBIA RD STE 260,,COLUMBIA,24027,HOWARD,24,MD,MARYLAND,210462380,MD-03,MD-03,4102908110,4102906626,USA,UNITED STATES,COLUMBIA,24027,HOWARD,24,MD,MARYLAND,210462380,MD-03,MD-03,AWARD,D,DEFINITIVE CONTRACT,,,,,,,J,FIRM FIXED PRICE,RESEARCH AND DEVELOPMENT,,1,OT,OTHER FUNCTIONS,R425,SUPPORT- PROFESSIONAL: ENGINEERING/TECHNICAL,H,NOT BUNDLED,S1,SERVICES,541715,"RESEARCH AND DEVELOPMENT IN THE PHYSICAL, ENGINEERING, AND LIFE SCIENCES (EXCEPT NANOTECHNOLOGY AND BIOTECHNOLOGY)",C,NO CLAUSES INCLUDED AND NO SUSTAINABILITY INCLUDED,A,U.S. OWNED BUSINESS,000,NONE,Z,NOT IT PRODUCTS OR SERVICES,E,NOT REQUIRED,USA,UNITED STATES,C,NOT A MANUFACTURED END PRODUCT,B,PLAN NOT REQUIRED,C,NOT COMPETED,SSS,ONLY ONE SOURCE,NONE,NO SET ASIDE USED.,NONE,NO PREFERENCE USED,,,,,NS,NATIONAL SECURITY (FAR 6.302-6),1,D,COMMERCIAL ITEM PROCEDURES NOT USED,f,N,NO,N,NO,X,NOT APPLICABLE,N,NO,0.00,N,NO,N,NO,N,NO,N,NO,X,NOT APPLICABLE,,,,,,,,NONE,NONE,N,NO,X,NOT APPLICABLE EXEMPT FROM CAS,N,TRANSACTION DOES NOT USE GFE/GFP,U,UNKNOWN,D,NOT CONSOLIDATED,N,NO - SERVICE WHERE PBA IS NOT USED.,N,NO,Z,NOT APPLICABLE,N,NO,X,NOT APPLICABLE,f,f,f,f,f,f,f,f,f,f,f,f,f,f,f,f,f,f,f,SMALL BUSINESS,S,f,f,f,f,f,f,f,f,f,f,f,f,f,f,f,f,f,CORPORATE NOT TAX EXEMPT,t,f,f,f,f,f,f,f,f,f,f,f,t,f,f,f,f,t,f,f,f,f,f,f,f,f,f,f,t,f,f,f,f,f,f,f,f,f,f,f,f,f,f,f,f,f,f,f,f,f,GREGORY  ROWE,250000.00,JAMES  RUGOLO,240000.00,ANDREW  PARK,240000.00,THOMAS  DZIWULSKI,240000.00,HENRY W MATTHEWS,240000.00,https://www.usaspending.gov/award/CONT_AWD_W911QY21C0023_9700_-NONE-_-NONE-/,2021-11-30 15:58:04+00
CONT_AWD_W911SF20C0008_9700_-NONE-_-NONE-,W911SF20C0008,,,,,,,,,2023377.94,,2023377.95,5172337.34,2020-09-24,2020,2021-11-29,2022,2020-09-24,2022-09-25,2022-09-25 00:00:00,,,097,Department of Defense,2100,Department of the Army,W911SF,W6QM MICC-FT BENNING,097,Department of Defense,2100,Department of the Army,W908H3,W1SZ 1ST BN 309TH REGT CS CSS,,,,,X,NOT APPLICABLE,,,ESSBYZ1ZJPQ1,,ONES WHITETAIL JOINT VENTURE LLC,ONES WHITETAIL JOINT VENTURE LLC,,8MJF2,ESSBYZ1ZJPQ1,,ONES WHITETAIL JOINT VENTURE LLC,ONES WHITETAIL JOINT VENTURE LLC,USA,UNITED STATES,100 W MAIN ST STE 300,,PAWHUSKA,40113,OSAGE,40,OK,OKLAHOMA,740564145,OK-03,OK-03,9189192601,,USA,UNITED STATES,FORT BENNING,13215,MUSCOGEE,13,GA,GEORGIA,319052160,GA-02,GA-02,AWARD,D,DEFINITIVE CONTRACT,,,,,,,J,FIRM FIXED PRICE,NPDES MS4,W911SF20R0030,1,OT,OTHER FUNCTIONS,F103,ENVIRONMENTAL SYSTEMS PROTECTION- WATER QUALITY SUPPORT,H,NOT BUNDLED,S1,SERVICES,541620,ENVIRONMENTAL CONSULTING SERVICES,F,ENVIRONMENTALLY PREFERABLE,A,U.S. OWNED BUSINESS,000,NONE,Z,NOT IT PRODUCTS OR SERVICES,E,NOT REQUIRED,USA,UNITED STATES,C,NOT A MANUFACTURED END PRODUCT,B,PLAN NOT REQUIRED,G,NOT COMPETED UNDER SAP,SP1,SIMPLIFIED ACQUISITION,8AN,8(A) SOLE SOURCE,NONE,NO PREFERENCE USED,,,,,OTH,AUTHORIZED BY STATUTE (FAR 6.302-5(A)(2)(I)),1,A,COMMERCIAL ITEM,f,N,NO,N,NO,X,NOT APPLICABLE,N,NO,0.00,N,NO,X,NOT APPLICABLE,Y,YES,X,NOT APPLICABLE,X,NOT APPLICABLE,,,,,,,,NONE,NONE,N,NO,X,NOT APPLICABLE EXEMPT FROM CAS,N,TRANSACTION DOES NOT USE GFE/GFP,U,UNKNOWN,D,NOT CONSOLIDATED,Y,YES - SERVICE WHERE PBA IS USED.,N,NO,Z,NOT APPLICABLE,N,NO,X,NOT APPLICABLE,f,f,f,f,t,f,f,f,f,f,f,f,t,f,f,f,f,t,f,SMALL BUSINESS,S,f,f,f,f,f,f,f,f,f,f,f,f,f,f,f,f,f,CORPORATE TAX EXEMPT,f,t,f,f,f,f,f,f,f,f,f,f,f,f,f,f,f,t,f,f,f,f,f,f,f,f,t,f,t,f,f,f,f,f,f,f,f,f,f,f,f,f,f,f,t,t,f,f,f,t,,,,,,,,,,,https://www.usaspending.gov/award/CONT_AWD_W911SF20C0008_9700_-NONE-_-NONE-/,2025-04-22 16:50:17+00
CONT_AWD_W9123619C0024_9700_-NONE-_-NONE-,W9123619C0024,,,,Q: Not Designated Nonemergency/Emergency/Disaster/Wildfire Suppression,,,,,3676357.70,0.00,3676357.70,3676357.70,2019-07-11,2019,2021-11-24,2022,2019-07-10,2021-04-21,2021-04-21 00:00:00,,2019-05-02,097,Department of Defense,2100,Department of the Army,W91236,W2SD ENDIST NORFOLK,097,Department of Defense,2100,Department of the Army,W91236,W2SD ENDIST NORFOLK,021-2019/2023-2050-000,021-2050,32.0: Land and structures,0001: MAJOR CONSTRUCTION,X,NOT APPLICABLE,,,F7A5AA89YB36,611155735,KNIGHTO LLC,"KNIGHTO, LLC",,52YK4,F7A5AA89YB36,611155735,KNIGHTO LLC,KNIGHTO  LLC,USA,UNITED STATES,208 S KING ST STE 104,,LEESBURG,51107,LOUDOUN,51,VA,VIRGINIA,201753018,VA-10,VA-10,7037790900,7037790918,USA,UNITED STATES,RICHMOND,51041,CHESTERFIELD,51,VA,VIRGINIA,232975000,VA-03,VA-04,AWARD,D,DEFINITIVE CONTRACT,,,,,,,J,FIRM FIXED PRICE,DSCR B. 201 RENOVATION,W9123619B0018,1,OT,OTHER FUNCTIONS,Z2NZ,REPAIR OR ALTERATION OF OTHER UTILITIES,H,NOT BUNDLED,C2,CONSTRUCTION,236220,COMMERCIAL AND INSTITUTIONAL BUILDING CONSTRUCTION,L,FAR 52.223-4 & BIO-BASED & ENERGY EFFICIENT & ENVIRONMENTALLY PREFERABLE,A,U.S. OWNED BUSINESS,000,NONE,Z,NOT IT PRODUCTS OR SERVICES,A,MEETS REQUIREMENTS,USA,UNITED STATES,C,NOT A MANUFACTURED END PRODUCT,B,PLAN NOT REQUIRED,D,FULL AND OPEN COMPETITION AFTER EXCLUSION OF SOURCES,SB,SEALED BID,SDVOSBC,SERVICE DISABLED VETERAN OWNED SMALL BUSINESS SET-ASIDE,NONE,NO PREFERENCE USED,,,,,,,4,D,COMMERCIAL ITEM PROCEDURES NOT USED,f,N,NO,N,NO,Y,YES,N,NO,0.00,N,NO,X,NOT APPLICABLE,X,NOT APPLICABLE,Y,YES,X,NOT APPLICABLE,,,,,,,,NONE,NONE,N,NO,X,NOT APPLICABLE EXEMPT FROM CAS,N,TRANSACTION DOES NOT USE GFE/GFP,U,UNKNOWN,D,NOT CONSOLIDATED,N,NO - SERVICE WHERE PBA IS NOT USED.,N,NO,Z,NOT APPLICABLE,N,NO,X,NOT APPLICABLE,f,f,f,f,f,t,t,f,f,f,f,f,t,f,f,t,f,f,f,SMALL BUSINESS,S,f,f,f,f,f,f,f,f,f,f,f,f,f,f,f,f,f,CORPORATE NOT TAX EXEMPT,t,f,f,f,f,f,f,f,f,f,f,f,f,f,f,f,f,t,f,f,f,f,f,f,f,f,t,f,t,f,f,f,f,f,f,f,f,f,f,f,f,f,f,f,t,t,f,t,t,f,,,,,,,,,,,https://www.usaspending.gov/award/CONT_AWD_W9123619C0024_9700_-NONE-_-NONE-/,2021-12-09 19:20:52+00
CONT_AWD_W9126G17C0037_9700_-NONE-_-NONE-,W9126G17C0037,,,,,,,,,537015.50,,537015.50,537015.50,2017-04-17,2017,2021-11-29,2022,2017-04-17,2021-04-16,2021-04-16 00:00:00,,,097,Department of Defense,2100,Department of the Army,W9126G,W076 ENDIST FT WORTH,096,Corps of Engineers - Civil Works,96CE,U.S. Army Corps of Engineers - Civil Program Financing Only,966501,,,,,,X,NOT APPLICABLE,,,ZRVUBEWP7MW7,135812811,"KERR, PEGGY G","KERR, PEGGY G",,0ZPF0,ZRVUBEWP7MW7,135812811,"KERR, PEGGY G",KERR  PEGGY G,USA,UNITED STATES,875 COOPERS CROSSING RD,,CHINA SPRING,48309,MCLENNAN,48,TX,TEXAS,76633,TX-17,TX-17,2548369086,,USA,UNITED STATES,GRANGER,48491,WILLIAMSON,48,TX,TEXAS,765300248,TX-31,TX-31,AWARD,D,DEFINITIVE CONTRACT,,,,,,,J,FIRM FIXED PRICE,IGF::OT::IGF REFUSE COLLECTION AND DISPOSAL FOR LAKE GEORGETOWN AND GRANGER LAKE; PERIOD OF PERFORMANCE THROUGH 09 APRIL 2021,W9126G17R0052,1,OT,OTHER FUNCTIONS,S205,HOUSEKEEPING- TRASH/GARBAGE COLLECTION,H,NOT BUNDLED,S1,SERVICES,562111,SOLID WASTE COLLECTION,E,BIO-BASED,A,U.S. OWNED BUSINESS,000,NONE,Z,NOT IT PRODUCTS OR SERVICES,D,JUSTIFICATION - PERFORMANCE,USA,UNITED STATES,C,NOT A MANUFACTURED END PRODUCT,B,PLAN NOT REQUIRED,F,COMPETED UNDER SAP,SP1,SIMPLIFIED ACQUISITION,SBA,SMALL BUSINESS SET ASIDE - TOTAL,NONE,NO PREFERENCE USED,,,,,,,1,A,COMMERCIAL ITEM,f,N,NO,N,NO,Y,YES,N,NO,0.00,N,NO,X,NOT APPLICABLE,Y,YES,X,NOT APPLICABLE,X,NOT APPLICABLE,,,,,,,,NONE,NONE,N,NO,X,NOT APPLICABLE EXEMPT FROM CAS,N,TRANSACTION DOES NOT USE GFE/GFP,N,NO,D,NOT CONSOLIDATED,Y,YES - SERVICE WHERE PBA IS USED.,N,NO,Z,NOT APPLICABLE,N,NO,X,NOT APPLICABLE,f,f,f,f,f,f,f,t,t,f,f,f,f,f,f,f,f,f,f,SMALL BUSINESS,S,f,f,f,f,f,f,f,f,f,f,f,f,f,f,f,f,f,SOLE PROPRIETORSHIP,f,f,f,t,f,f,f,f,f,f,f,f,f,f,f,f,f,t,f,f,f,f,f,f,f,f,f,f,t,f,f,f,f,f,f,f,f,f,f,f,f,f,f,f,f,f,f,f,f,f,,,,,,,,,,,https://www.usaspending.gov/award/CONT_AWD_W9126G17C0037_9700_-NONE-_-NONE-/,2021-11-29 14:59:51+00
CONT_AWD_W9127820C0041_9700_-NONE-_-NONE-,W9127820C0041,,,,Q: Not Designated Nonemergency/Emergency/Disaster/Wildfire Suppression,,,,,5670221.56,0.00,5670221.56,5670221.56,2020-09-30,2020,2021-11-29,2022,2022-09-30,2022-10-18,2022-10-18 00:00:00,,2020-08-14,097,Department of Defense,2100,Department of the Army,W91278,W074 ENDIST MOBILE,097,Department of Defense,2100,Department of the Army,W31BMU,W6CE USAG FT RUCKER,021-2020/2024-2050-000,021-2050,32.0: Land and structures,0001: MAJOR CONSTRUCTION,X,NOT APPLICABLE,,,KW2RL9X5L5C4,,"MACHIS MID-ATLANTIC, INC.","MACHIS MID-ATLANTIC, INC",,67CP6,KW2RL9X5L5C4,,"MACHIS MID-ATLANTIC, INC.",MACHIS MID-ATLANTIC  INC,USA,UNITED STATES,7383 OLD ALEXANDER FERRY RD,,CLINTON,24033,PRINCE GEORGE'S,24,MD,MARYLAND,207351832,MD-05,MD-05,3018684429,,USA,UNITED STATES,FORT RUCKER,01045,DALE,01,AL,ALABAMA,363620009,AL-02,AL-01,AWARD,D,DEFINITIVE CONTRACT,,,,,,,J,FIRM FIXED PRICE,RPR AIRFIELD PAVEMENT HANCHEY,W9127820R0117,1,OT,OTHER FUNCTIONS,Y1JZ,CONSTRUCTION OF MISCELLANEOUS BUILDINGS,H,NOT BUNDLED,C2,CONSTRUCTION,236220,COMMERCIAL AND INSTITUTIONAL BUILDING CONSTRUCTION,L,FAR 52.223-4 & BIO-BASED & ENERGY EFFICIENT & ENVIRONMENTALLY PREFERABLE,A,U.S. OWNED BUSINESS,000,NONE,Z,NOT IT PRODUCTS OR SERVICES,A,MEETS REQUIREMENTS,USA,UNITED STATES,C,NOT A MANUFACTURED END PRODUCT,B,PLAN NOT REQUIRED,B,NOT AVAILABLE FOR COMPETITION,SSS,ONLY ONE SOURCE,8AN,8(A) SOLE SOURCE,NONE,NO PREFERENCE USED,,,,,OTH,AUTHORIZED BY STATUTE (FAR 6.302-5(A)(2)(I)),1,D,COMMERCIAL ITEM PROCEDURES NOT USED,f,N,NO,N,NO,N,NO,N,NO,0.00,N,NO,N,NO,N,NO,Y,YES,X,NOT APPLICABLE,,,,,,,,NONE,NONE,N,NO,X,NOT APPLICABLE EXEMPT FROM CAS,N,TRANSACTION DOES NOT USE GFE/GFP,N,NO,D,NOT CONSOLIDATED,N,NO - SERVICE WHERE PBA IS NOT USED.,N,NO,Z,NOT APPLICABLE,N,NO,X,NOT APPLICABLE,f,f,f,f,t,f,f,f,f,f,f,f,t,f,f,f,f,t,f,SMALL BUSINESS,S,f,f,f,f,f,f,f,f,f,f,f,f,f,f,f,f,f,CORPORATE NOT TAX EXEMPT,t,f,f,f,f,f,f,f,f,f,f,f,f,f,f,f,f,t,f,f,f,f,f,f,f,f,f,f,t,f,f,f,f,f,f,f,f,f,f,f,f,f,f,f,f,t,f,t,f,f,,,,,,,,,,,https://www.usaspending.gov/award/CONT_AWD_W9127820C0041_9700_-NONE-_-NONE-/,2022-04-01 14:22:53+00
CONT_AWD_W912BV16C0014_9700_-NONE-_-NONE-,W912BV16C0014,,,,,,,,,301689.31,,301689.31,301689.31,2016-03-23,2016,2021-11-29,2022,2016-03-23,2021-03-31,2021-03-31 00:00:00,,,097,Department of Defense,2100,Department of the Army,W912BV,W076 ENDIST TULSA,096,Corps of Engineers - Civil Works,96CE,U.S. Army Corps of Engineers - Civil Program Financing Only,966501,,,,,,X,NOT APPLICABLE,,,DYUHFYKXKCZ8,094081700,SOUTHERN DISPOSAL INC,SOUTHERN DISPOSAL INC,,1PSR3,DYUHFYKXKCZ8,094081700,SOUTHERN DISPOSAL INC,SOUTHERN DISPOSAL INC,USA,UNITED STATES,HWY 271 S,,ANTLERS,40127,PUSHMATAHA,40,OK,OKLAHOMA,74523,OK-02,OK-02,5802983729,5802983885,USA,UNITED STATES,SAWYER,40023,CHOCTAW,40,OK,OKLAHOMA,747560159,OK-02,OK-02,AWARD,D,DEFINITIVE CONTRACT,,,,,,,J,FIRM FIXED PRICE,"IGF::OT::IGF  HUGO LAKE, PINE CREEK LAKE, AND PAT MAYSE LAKE REFUSE COLLECTION SERVICES",W912BV16R0067,1,OT,OTHER FUNCTIONS,S205,HOUSEKEEPING- TRASH/GARBAGE COLLECTION,D,NOT A BUNDLED REQUIREMENT,S1,SERVICES,562111,SOLID WASTE COLLECTION,B,FAR 52.223-4 AND FAR 52.223-9 INCLUDED,A,U.S. OWNED BUSINESS,000,NONE,Z,NOT IT PRODUCTS OR SERVICES,A,MEETS REQUIREMENTS,USA,UNITED STATES,C,NOT A MANUFACTURED END PRODUCT,B,PLAN NOT REQUIRED,F,COMPETED UNDER SAP,SP1,SIMPLIFIED ACQUISITION,SBA,SMALL BUSINESS SET ASIDE - TOTAL,NONE,NO PREFERENCE USED,,,,,,,4,A,COMMERCIAL ITEM,f,N,NO,N,NO,Y,YES,N,NO,0.00,N,NO,X,NOT APPLICABLE,Y,YES,X,NOT APPLICABLE,X,NOT APPLICABLE,,,,,,,,NONE,NONE,N,NO,X,NOT APPLICABLE EXEMPT FROM CAS,N,TRANSACTION DOES NOT USE GFE/GFP,U,UNKNOWN,N,NO,Y,YES - SERVICE WHERE PBA IS USED.,N,NO,Z,NOT APPLICABLE,N,NO,X,NOT APPLICABLE,f,f,f,f,f,t,f,f,f,f,f,f,f,f,f,f,f,f,f,SMALL BUSINESS,S,f,f,f,f,f,f,f,f,f,f,f,f,f,f,f,f,f,CORPORATE NOT TAX EXEMPT,t,f,f,f,f,f,f,f,f,f,f,f,f,f,f,f,f,t,f,f,f,f,f,f,f,f,f,f,t,f,f,f,f,f,f,f,f,f,f,f,f,f,f,f,f,f,f,f,f,f,,,,,,,,,,,https://www.usaspending.gov/award/CONT_AWD_W912BV16C0014_9700_-NONE-_-NONE-/,2021-11-29 16:58:37+00
CONT_AWD_W912DQ20C1064_9700_-NONE-_-NONE-,W912DQ20C1064,,,,Q: Not Designated Nonemergency/Emergency/Disaster/Wildfire Suppression,,,,,150171.00,29936.60,150171.00,158779.00,2020-04-27,2020,2021-11-30,2022,2020-04-27,2023-04-30,2023-04-30 00:00:00,,,097,Department of Defense,2100,Department of the Army,W912DQ,W071 ENDIST KANSAS CITY,096,Corps of Engineers - Civil Works,96CE,U.S. Army Corps of Engineers - Civil Program Financing Only,966501,,096-X-3123-000,096-3123,25.4: Operation and maintenance of facilities,0002: FLOOD RISK MANAGEMENT,X,NOT APPLICABLE,,,KBAGL5YT48A8,123846052,"APPANOOSE, COUNTY OF","APPANOOSE, COUNTY OF",,5AYR4,GH6EWNSAAXR3,050785583,APPANOOSE COUNTY TREASURER,COUNTY OF APPANOOSE,USA,UNITED STATES,1125 W VAN BUREN ST,,CENTERVILLE,19007,APPANOOSE,19,IA,IOWA,525443400,IA-02,IA-03,6414377100,6414377107,USA,UNITED STATES,CENTERVILLE,19007,APPANOOSE,19,IA,IOWA,525441769,IA-02,IA-03,AWARD,D,DEFINITIVE CONTRACT,,,,,,,J,FIRM FIXED PRICE,LAW ENFORCEMENT-BASE PERIOD FY20,W912DQ20R1042,1,OT,OTHER FUNCTIONS,R499,SUPPORT- PROFESSIONAL: OTHER,H,NOT BUNDLED,S1,SERVICES,922120,POLICE PROTECTION,C,NO CLAUSES INCLUDED AND NO SUSTAINABILITY INCLUDED,B,OTHER U.S. ENTITY (E.G. GOVERNMENT),000,NONE,Z,NOT IT PRODUCTS OR SERVICES,A,MEETS REQUIREMENTS,USA,UNITED STATES,C,NOT A MANUFACTURED END PRODUCT,B,PLAN NOT REQUIRED,C,NOT COMPETED,SSS,ONLY ONE SOURCE,NONE,NO SET ASIDE USED.,NONE,NO PREFERENCE USED,,,,,ONE,ONLY ONE SOURCE-OTHER (FAR 6.302-1 OTHER),1,A,COMMERCIAL ITEM,f,N,NO,N,NO,Y,YES,N,NO,0.00,N,NO,N,NO,N,NO,N,NO,X,NOT APPLICABLE,,,,,,,,NONE,NONE,N,NO,X,NOT APPLICABLE EXEMPT FROM CAS,N,TRANSACTION DOES NOT USE GFE/GFP,U,UNKNOWN,D,NOT CONSOLIDATED,Y,YES - SERVICE WHERE PBA IS USED.,N,NO,Z,NOT APPLICABLE,N,NO,X,NOT APPLICABLE,f,f,f,f,f,f,f,f,f,f,f,f,f,f,f,f,f,f,f,OTHER THAN SMALL BUSINESS,O,f,f,f,f,f,f,f,t,f,t,f,f,f,f,f,f,f,US GOVERNMENT ENTITY,f,f,f,f,f,f,t,f,f,f,f,f,f,f,f,f,f,t,f,f,f,f,f,f,f,f,f,f,f,f,f,f,f,f,f,f,f,f,f,f,f,f,f,f,f,f,f,f,f,f,,,,,,,,,,,https://www.usaspending.gov/award/CONT_AWD_W912DQ20C1064_9700_-NONE-_-NONE-/,2021-11-30 15:43:28+00
CONT_AWD_W912DR17C0042_9700_-NONE-_-NONE-,W912DR17C0042,,,,N: Emergency P.L. 116-136;Q: Not Designated Nonemergency/Emergency/Disaster/Wildfire Suppression,0,443542.94,,,2923003.35,57010.18,2923003.35,3050227.42,2017-09-29,2017,2021-11-24,2022,2017-09-29,2022-09-28,2022-09-28 00:00:00,,,097,Department of Defense,2100,Department of the Army,W912DR,W2SD ENDIST BALTIMORE,097,Department of Defense,2100,Department of the Army,W912DR,W2SD ENDIST BALTIMORE,021-2019/2019-2020-000;021-2020/2020-2020-000;021-2021/2021-2020-000;021-2022/2022-2020-000,021-2020,32.0: Land and structures,0001: OPERATING FORCES;OPTN: FIELD IS OPTIONAL PRIOR TO FY21,X,NOT APPLICABLE,,,JKWJLKJRP1J1,034079702,"OM GROUP, INC","OM GROUP, INC.",,57UD9,JKWJLKJRP1J1,034079702,"OM GROUP, INC",OM GROUP  INC.,USA,UNITED STATES,30 KNIGHTSBRIDGE RD STE 525 OFFICE 265,,PISCATAWAY,34023,MIDDLESEX,34,NJ,NEW JERSEY,088543963,NJ-06,NJ-06,9085101238,9088222450,USA,UNITED STATES,FORT BELVOIR,51059,FAIRFAX,51,VA,VIRGINIA,220606243,VA-08,VA-08,AWARD,D,DEFINITIVE CONTRACT,,,,,,,J,FIRM FIXED PRICE,"IGF::OT::IGF PERFORMANCE WORK STATEMENT FOR ENVIRONMENTAL PROGRAMS AND SYSTEM SUPPORT FOR ARMY RESERVE INSTALLATION MANAGEMENT DIRECTORATE AT FORT BELVOIR, VIRGINIA",W912DR17R0042,1,OT,OTHER FUNCTIONS,F999,OTHER ENVIRONMENTAL SERVICES,H,NOT BUNDLED,S1,SERVICES,561990,ALL OTHER SUPPORT SERVICES,C,NO CLAUSES INCLUDED AND NO SUSTAINABILITY INCLUDED,A,U.S. OWNED BUSINESS,000,NONE,Z,NOT IT PRODUCTS OR SERVICES,E,NOT REQUIRED,USA,UNITED STATES,C,NOT A MANUFACTURED END PRODUCT,B,PLAN NOT REQUIRED,B,NOT AVAILABLE FOR COMPETITION,SSS,ONLY ONE SOURCE,8AN,8(A) SOLE SOURCE,NONE,NO PREFERENCE USED,,,,,OTH,AUTHORIZED BY STATUTE (FAR 6.302-5(A)(2)(I)),1,D,COMMERCIAL ITEM PROCEDURES NOT USED,f,N,NO,N,NO,X,NOT APPLICABLE,N,NO,0.00,N,NO,X,NOT APPLICABLE,Y,YES,X,NOT APPLICABLE,X,NOT APPLICABLE,,,,,,,,NONE,NONE,Y,YES,X,NOT APPLICABLE EXEMPT FROM CAS,N,TRANSACTION DOES NOT USE GFE/GFP,N,NO,D,NOT CONSOLIDATED,Y,YES - SERVICE WHERE PBA IS USED.,N,NO,A,FAR 52.232-16 PROGRESS PAYMENTS,N,NO,X,NOT APPLICABLE,f,f,f,f,f,f,f,t,t,t,f,f,t,t,f,f,f,f,f,SMALL BUSINESS,S,f,f,f,f,f,f,f,f,f,f,f,f,f,f,f,f,f,OTHER,f,f,f,f,f,f,f,f,f,f,f,f,f,f,f,f,f,t,f,f,f,f,f,f,f,f,f,f,t,f,f,f,f,f,f,f,f,f,f,f,f,f,f,f,f,t,f,t,f,f,,,,,,,,,,,https://www.usaspending.gov/award/CONT_AWD_W912DR17C0042_9700_-NONE-_-NONE-/,2021-12-09 19:20:52+00
CONT_AWD_W912DW18C0013_9700_-NONE-_-NONE-,W912DW18C0013,,,,Q: Not Designated Nonemergency/Emergency/Disaster/Wildfire Suppression,,,,,15965697.28,0.00,15965697.28,15965697.28,2018-03-02,2018,2021-11-30,2022,2018-03-02,2022-02-26,2022-02-26 00:00:00,,,097,Department of Defense,2100,Department of the Army,W912DW,W071 ENDIST SEATTLE,097,Department of Defense,2100,Department of the Army,W912DW,W071 ENDIST SEATTLE,097-2014/2018-0500-000;097-2015/2019-0500-000;097-2016/2020-0500-000;097-2017/2021-0500-000,097-0500,32.0: Land and structures,0001: MAJOR CONSTRUCTION,X,NOT APPLICABLE,,,KHM6PQD5HMV6,080640109,SAW-GREENLAND JV LLC,SAW-GREENLAND JV LLC,,7V4J7,DD6XL5A7BZB6,080639709,SAW-GREENLAND JV LLC,SAW-GREENLAND JV LLC,USA,UNITED STATES,2625 PRODUCTION RD STE A,,VIRGINIA BEACH,51810,VIRGINIA BEACH (CITY),51,VA,VIRGINIA,234545255,VA-02,VA-02,7574861580,,USA,UNITED STATES,TACOMA,53053,PIERCE,53,WA,WASHINGTON,984339568,WA-10,WA-10,AWARD,D,DEFINITIVE CONTRACT,,,,,,,J,FIRM FIXED PRICE,IGF::OT::IGF  DECENTRALIZE HEAT PLANTS,W912DW17R0007,1,OT,OTHER FUNCTIONS,Y1NB,CONSTRUCTION OF HEATING AND COOLING PLANTS,H,NOT BUNDLED,S1,SERVICES,238220,"PLUMBING, HEATING, AND AIR-CONDITIONING CONTRACTORS",F,ENVIRONMENTALLY PREFERABLE,A,U.S. OWNED BUSINESS,000,NONE,Z,NOT IT PRODUCTS OR SERVICES,A,MEETS REQUIREMENTS,USA,UNITED STATES,C,NOT A MANUFACTURED END PRODUCT,B,PLAN NOT REQUIRED,D,FULL AND OPEN COMPETITION AFTER EXCLUSION OF SOURCES,NP,NEGOTIATED PROPOSAL/QUOTE,8A,8A COMPETED,NONE,NO PREFERENCE USED,,,,,,,3,D,COMMERCIAL ITEM PROCEDURES NOT USED,f,N,NO,N,NO,Y,YES,N,NO,0.00,N,NO,N,NO,N,NO,Y,YES,X,NOT APPLICABLE,,,,,,,,NONE,NONE,N,NO,X,NOT APPLICABLE EXEMPT FROM CAS,N,TRANSACTION DOES NOT USE GFE/GFP,U,UNKNOWN,D,NOT CONSOLIDATED,N,NO - SERVICE WHERE PBA IS NOT USED.,N,NO,Z,NOT APPLICABLE,N,NO,X,NOT APPLICABLE,f,f,f,f,f,t,t,f,f,f,f,f,t,f,t,f,f,f,f,SMALL BUSINESS,S,f,f,f,f,f,f,f,f,f,f,f,f,f,f,f,f,f,CORPORATE NOT TAX EXEMPT,t,f,f,f,f,f,f,f,f,f,f,f,f,f,f,f,f,t,f,f,f,f,f,f,f,f,t,f,t,f,f,f,f,f,f,f,f,f,f,f,f,f,f,f,f,t,f,f,f,t,,,,,,,,,,,https://www.usaspending.gov/award/CONT_AWD_W912DW18C0013_9700_-NONE-_-NONE-/,2021-11-30 16:26:55+00
CONT_AWD_W912DY19C0089_9700_-NONE-_-NONE-,W912DY19C0089,,,,N: Emergency P.L. 116-136;Q: Not Designated Nonemergency/Emergency/Disaster/Wildfire Suppression,0,156829.43,,,533932.37,372102.94,533932.37,533932.37,2019-09-26,2019,2021-11-30,2022,2019-09-26,2022-05-16,2022-05-16 00:00:00,,2019-09-04,097,Department of Defense,2100,Department of the Army,W912DY,W2V6 USA ENG SPT CTR HUNTSVIL,097,Department of Defense,2100,Department of the Army,W912DY,W2V6 USA ENG SPT CTR HUNTSVIL,021-2019/2019-2020-000;021-2020/2020-2020-000,021-2020,25.4: Operation and maintenance of facilities,OPTN: FIELD IS OPTIONAL PRIOR TO FY21,X,NOT APPLICABLE,,,U1HTJ9JBLN31,080163650,RED HERITAGE MEDIA LLC,"RED HERITAGE MEDIA, LLC",,7LNH3,U1HTJ9JBLN31,080163650,RED HERITAGE MEDIA LLC,RED HERITAGE MEDIA  LLC,USA,UNITED STATES,996 AVENUE OF THE NATIONS,,ROCK HILL,45091,YORK,45,SC,SOUTH CAROLINA,297307645,SC-05,SC-05,8033664792,,USA,UNITED STATES,WASHINGTON,11001,DISTRICT OF COLUMBIA,11,DC,DISTRICT OF COLUMBIA,203400002,DC-98,DC-98,AWARD,D,DEFINITIVE CONTRACT,,,,,,,J,FIRM FIXED PRICE,CONSTRUCTION - REPLACE HEAT TUBE BUNDLES,W912DY19R0181,1,OT,OTHER FUNCTIONS,Y1JZ,CONSTRUCTION OF MISCELLANEOUS BUILDINGS,H,NOT BUNDLED,C2,CONSTRUCTION,236220,COMMERCIAL AND INSTITUTIONAL BUILDING CONSTRUCTION,C,NO CLAUSES INCLUDED AND NO SUSTAINABILITY INCLUDED,A,U.S. OWNED BUSINESS,000,NONE,Z,NOT IT PRODUCTS OR SERVICES,A,MEETS REQUIREMENTS,USA,UNITED STATES,C,NOT A MANUFACTURED END PRODUCT,B,PLAN NOT REQUIRED,G,NOT COMPETED UNDER SAP,SP1,SIMPLIFIED ACQUISITION,8AN,8(A) SOLE SOURCE,NONE,NO PREFERENCE USED,,,,,OTH,AUTHORIZED BY STATUTE (FAR 6.302-5(A)(2)(I)),1,D,COMMERCIAL ITEM PROCEDURES NOT USED,f,N,NO,N,NO,X,NOT APPLICABLE,N,NO,0.00,N,NO,X,NOT APPLICABLE,X,NOT APPLICABLE,Y,YES,A,ECONOMY ACT,,,,,,,,NONE,NONE,N,NO,X,NOT APPLICABLE EXEMPT FROM CAS,N,TRANSACTION DOES NOT USE GFE/GFP,N,NO,D,NOT CONSOLIDATED,N,NO - SERVICE WHERE PBA IS NOT USED.,N,NO,Z,NOT APPLICABLE,N,NO,X,NOT APPLICABLE,f,t,t,f,t,f,f,f,f,f,f,f,t,f,f,f,f,t,f,SMALL BUSINESS,S,f,f,f,f,f,f,f,f,f,f,f,f,f,f,f,f,f,CORPORATE NOT TAX EXEMPT,t,f,f,f,f,f,f,f,f,f,f,f,f,f,f,f,f,t,f,f,f,f,f,f,f,f,t,f,t,f,f,f,f,f,f,f,f,f,f,f,f,f,f,f,f,f,f,t,t,f,,,,,,,,,,,https://www.usaspending.gov/award/CONT_AWD_W912DY19C0089_9700_-NONE-_-NONE-/,2021-11-30 10:31:06+00
CONT_AWD_W912EE19C0012_9700_-NONE-_-NONE-,W912EE19C0012,,,,Q: Not Designated Nonemergency/Emergency/Disaster/Wildfire Suppression,,,,,2093456.50,311564.29,2093456.50,2093456.50,2019-09-23,2019,2021-11-29,2022,2018-09-18,2024-09-30,2024-09-30 00:00:00,,2019-08-07,097,Department of Defense,2100,Department of the Army,W912EE,W07V ENDIST VICKSBURG,096,Corps of Engineers - Civil Works,96CE,U.S. Army Corps of Engineers - Civil Program Financing Only,966501,,096-X-3112-000,096-3112,32.0: Land and structures,0002: FLOOD RISK MANAGMENT,X,NOT APPLICABLE,,,HNC7FBDLK2E1,783180532,TLSL INC,TLSL INC,,1GEN5,HNC7FBDLK2E1,783180532,TLSL INC,TLSL INC,USA,UNITED STATES,210 COUNTY ROAD 770,,WALNUT,28003,ALCORN,28,MS,MISSISSIPPI,386838740,MS-01,MS-01,6622235376,6622235600,USA,UNITED STATES,VICKSBURG,28149,WARREN,28,MS,MISSISSIPPI,391830702,MS-02,MS-02,AWARD,D,DEFINITIVE CONTRACT,,,,,,,J,FIRM FIXED PRICE,BIG SUN PHASE VIII,W912EE19B0014,1,OT,OTHER FUNCTIONS,Y1PZ,CONSTRUCTION OF OTHER NON-BUILDING FACILITIES,H,NOT BUNDLED,C2,CONSTRUCTION,237990,OTHER HEAVY AND CIVIL ENGINEERING CONSTRUCTION,E,BIO-BASED,A,U.S. OWNED BUSINESS,000,NONE,Z,NOT IT PRODUCTS OR SERVICES,E,NOT REQUIRED,USA,UNITED STATES,C,NOT A MANUFACTURED END PRODUCT,B,PLAN NOT REQUIRED,D,FULL AND OPEN COMPETITION AFTER EXCLUSION OF SOURCES,SB,SEALED BID,WOSB,WOMEN OWNED SMALL BUSINESS,NONE,NO PREFERENCE USED,,,,,,,4,D,COMMERCIAL ITEM PROCEDURES NOT USED,f,N,NO,N,NO,Y,YES,N,NO,0.00,N,NO,N,NO,N,NO,Y,YES,X,NOT APPLICABLE,,,,,,,,NONE,NONE,N,NO,X,NOT APPLICABLE EXEMPT FROM CAS,N,TRANSACTION DOES NOT USE GFE/GFP,U,UNKNOWN,D,NOT CONSOLIDATED,N,NO - SERVICE WHERE PBA IS NOT USED.,N,NO,C,PERCENTAGE OF COMPLETION PROGRESS PAYMENTS,N,NO,X,NOT APPLICABLE,f,f,f,f,f,f,f,t,t,t,f,f,f,f,f,f,f,f,f,SMALL BUSINESS,S,f,f,f,f,f,f,f,f,f,f,f,f,f,f,f,f,f,CORPORATE NOT TAX EXEMPT,t,f,f,f,f,f,f,f,f,f,f,f,f,f,f,f,f,t,f,f,f,f,f,f,f,t,f,f,t,f,f,f,f,f,f,f,f,f,f,f,f,f,f,f,t,f,f,f,f,f,,,,,,,,,,,https://www.usaspending.gov/award/CONT_AWD_W912EE19C0012_9700_-NONE-_-NONE-/,2021-11-29 11:49:13+00
CONT_AWD_W912EE20C0007_9700_-NONE-_-NONE-,W912EE20C0007,,,,Q: Not Designated Nonemergency/Emergency/Disaster/Wildfire Suppression,,,,,1188749.00,316519.00,1188749.00,1188749.00,2020-09-21,2020,2021-11-29,2022,2020-09-21,2025-07-31,2025-07-31 00:00:00,,2020-08-05,097,Department of Defense,2100,Department of the Army,W912EE,W07V ENDIST VICKSBURG,096,Corps of Engineers - Civil Works,96CE,U.S. Army Corps of Engineers - Civil Program Financing Only,966501,,096-X-3112-000,096-3112,32.0: Land and structures,0002: FLOOD RISK MANAGMENT,X,NOT APPLICABLE,,,LFWLA238B2B6,787273200,QUINN CONTRACTING INC,QUINN CONTRACTING INC,,0TG05,LFWLA238B2B6,787273200,QUINN CONTRACTING INC,QUINN CONTRACTING INC,USA,UNITED STATES,24590 HIGHWAY 370,,FALKNER,28139,TIPPAH,28,MS,MISSISSIPPI,386299533,MS-01,MS-01,6628378778,6628378334,USA,UNITED STATES,VICKSBURG,28149,WARREN,28,MS,MISSISSIPPI,391800708,MS-02,MS-02,AWARD,D,DEFINITIVE CONTRACT,,,,,,,J,FIRM FIXED PRICE,BIG SUNFLOWER RIVER BASIN PHASE (X).,W912EE20B0009,1,OT,OTHER FUNCTIONS,Y1PZ,CONSTRUCTION OF OTHER NON-BUILDING FACILITIES,H,NOT BUNDLED,C2,CONSTRUCTION,237990,OTHER HEAVY AND CIVIL ENGINEERING CONSTRUCTION,C,NO CLAUSES INCLUDED AND NO SUSTAINABILITY INCLUDED,A,U.S. OWNED BUSINESS,000,NONE,Z,NOT IT PRODUCTS OR SERVICES,E,NOT REQUIRED,USA,UNITED STATES,C,NOT A MANUFACTURED END PRODUCT,B,PLAN NOT REQUIRED,D,FULL AND OPEN COMPETITION AFTER EXCLUSION OF SOURCES,SB,SEALED BID,WOSB,WOMEN OWNED SMALL BUSINESS,NONE,NO PREFERENCE USED,,,,,,,7,D,COMMERCIAL ITEM PROCEDURES NOT USED,f,N,NO,N,NO,Y,YES,N,NO,0.00,N,NO,X,NOT APPLICABLE,X,NOT APPLICABLE,Y,YES,X,NOT APPLICABLE,,,,,,,,NONE,NONE,N,NO,X,NOT APPLICABLE EXEMPT FROM CAS,N,TRANSACTION DOES NOT USE GFE/GFP,N,NO,D,NOT CONSOLIDATED,N,NO - SERVICE WHERE PBA IS NOT USED.,N,NO,Z,NOT APPLICABLE,N,NO,X,NOT APPLICABLE,f,f,f,f,f,f,f,t,t,t,f,f,f,f,f,f,f,f,f,SMALL BUSINESS,S,f,t,f,f,f,f,f,f,f,f,f,f,f,f,f,f,f,CORPORATE NOT TAX EXEMPT,t,f,f,f,f,f,f,f,f,f,f,f,f,f,f,f,f,t,f,f,f,f,f,f,f,t,f,f,t,f,f,f,f,f,f,f,f,f,f,f,f,f,f,f,t,f,f,f,t,f,,,,,,,,,,,https://www.usaspending.gov/award/CONT_AWD_W912EE20C0007_9700_-NONE-_-NONE-/,2021-11-29 11:54:50+00
CONT_AWD_W912EK20C0041_9700_-NONE-_-NONE-,W912EK20C0041,,,,Q: Not Designated Nonemergency/Emergency/Disaster/Wildfire Suppression,,,,,134486.85,0.00,134486.85,220086.85,2020-06-05,2020,2021-11-29,2022,2020-06-05,2022-03-31,2022-12-01 00:00:00,,,097,Department of Defense,2100,Department of the Army,W912EK,W07V ENDIST ROCK ISLAND,096,Corps of Engineers - Civil Works,96CE,U.S. Army Corps of Engineers - Civil Program Financing Only,966501,,096-X-3123-000,096-3123,25.2: Other services from non-Federal sources,0002: FLOOD RISK MANAGEMENT,X,NOT APPLICABLE,,,ET9ZHCMQ3CK7,117024072,"RTSB, L.L.C.","RTSB, L.L.C.",,89V34,ET9ZHCMQ3CK7,117024072,"RTSB, L.L.C.",RTSB  L.L.C.,USA,UNITED STATES,34334 WHITE OAK LN,,CUMMING,19049,DALLAS,19,IA,IOWA,500614430,IA-03,IA-03,5152385705,,USA,UNITED STATES,JOHNSTON,19153,POLK,19,IA,IOWA,501311941,IA-03,IA-03,AWARD,D,DEFINITIVE CONTRACT,,,,,,,J,FIRM FIXED PRICE,SAYLORVILLE LAKE MOWING CONTRACT,,1,OT,OTHER FUNCTIONS,S208,HOUSEKEEPING- LANDSCAPING/GROUNDSKEEPING,H,NOT BUNDLED,S1,SERVICES,561730,LANDSCAPING SERVICES,C,NO CLAUSES INCLUDED AND NO SUSTAINABILITY INCLUDED,A,U.S. OWNED BUSINESS,000,NONE,Z,NOT IT PRODUCTS OR SERVICES,E,NOT REQUIRED,USA,UNITED STATES,C,NOT A MANUFACTURED END PRODUCT,B,PLAN NOT REQUIRED,F,COMPETED UNDER SAP,SP1,SIMPLIFIED ACQUISITION,NONE,NO SET ASIDE USED.,NONE,NO PREFERENCE USED,,,,,,,1,A,COMMERCIAL ITEM,f,N,NO,N,NO,N,NO,N,NO,0.00,N,NO,X,NOT APPLICABLE,Y,YES,X,NOT APPLICABLE,X,NOT APPLICABLE,,,,,,,,NONE,NONE,N,NO,X,NOT APPLICABLE EXEMPT FROM CAS,N,TRANSACTION DOES NOT USE GFE/GFP,U,UNKNOWN,D,NOT CONSOLIDATED,Y,YES - SERVICE WHERE PBA IS USED.,N,NO,Z,NOT APPLICABLE,N,NO,X,NOT APPLICABLE,f,f,f,f,f,f,f,t,t,f,f,f,f,f,f,f,f,f,f,SMALL BUSINESS,S,f,f,f,f,f,f,f,f,f,f,f,f,f,f,f,f,f,PARTNERSHIP,f,f,t,f,f,f,f,f,f,f,f,f,f,f,f,f,f,t,f,f,f,f,f,f,f,f,t,f,t,f,f,f,f,f,f,f,f,f,f,f,f,f,f,f,f,t,f,f,f,f,,,,,,,,,,,https://www.usaspending.gov/award/CONT_AWD_W912EK20C0041_9700_-NONE-_-NONE-/,2021-11-29 13:24:26+00
CONT_AWD_W912EK20C0053_9700_-NONE-_-NONE-,W912EK20C0053,,,,N: Emergency P.L. 116-136;Q: Not Designated Nonemergency/Emergency/Disaster/Wildfire Suppression,0,1699800.00,,,1826937.45,0.00,1826937.45,1826937.45,2020-09-24,2020,2021-11-30,2022,2020-09-24,2022-01-29,2022-01-29 00:00:00,,2020-07-30,097,Department of Defense,2100,Department of the Army,W912EK,W07V ENDIST ROCK ISLAND,097,Department of Defense,2100,Department of the Army,W912EK,W07V ENDIST ROCK ISLAND,021-2020/2020-2020-000,021-2020,32.0: Land and structures,0001: OPERATING FORCES;OPTN: FIELD IS OPTIONAL PRIOR TO FY21,X,NOT APPLICABLE,,,J6V4CVPM55F9,078682026,"GREENSTONE CONSTRUCTION, INC.",GREENSTONE CONSTRUCTION INC,,6TK22,J6V4CVPM55F9,078682026,"GREENSTONE CONSTRUCTION, INC.",GREENSTONE CONSTRUCTION INC,USA,UNITED STATES,"827 28TH ST S, SUITE B FARGO",,FARGO,38017,CASS,38,ND,NORTH DAKOTA,581038727,ND-00,ND-00,7012931200,7012931221,USA,UNITED STATES,ELWOOD,17197,WILL,17,IL,ILLINOIS,604219301,IL-11,IL-14,AWARD,D,DEFINITIVE CONTRACT,,,,,,,J,FIRM FIXED PRICE,"ELWOOD, IL REPAIR HVAC&ELECTRICAL US ARMY CORPS OF ENGINEERS, ROCK ISLAND, IL.",W912EK20R0013,1,OT,OTHER FUNCTIONS,Z2QA,REPAIR OR ALTERATION OF RESTORATION OF REAL PROPERTY (PUBLIC OR PRIVATE),H,NOT BUNDLED,C2,CONSTRUCTION,236220,COMMERCIAL AND INSTITUTIONAL BUILDING CONSTRUCTION,B,FAR 52.223-4 AND FAR 52.223-9 INCLUDED,A,U.S. OWNED BUSINESS,000,NONE,Z,NOT IT PRODUCTS OR SERVICES,A,MEETS REQUIREMENTS,USA,UNITED STATES,C,NOT A MANUFACTURED END PRODUCT,B,PLAN NOT REQUIRED,B,NOT AVAILABLE FOR COMPETITION,SSS,ONLY ONE SOURCE,8AN,8(A) SOLE SOURCE,NONE,NO PREFERENCE USED,,,,,OTH,AUTHORIZED BY STATUTE (FAR 6.302-5(A)(2)(I)),1,D,COMMERCIAL ITEM PROCEDURES NOT USED,f,N,NO,N,NO,Y,YES,N,NO,0.00,N,NO,X,NOT APPLICABLE,X,NOT APPLICABLE,Y,YES,X,NOT APPLICABLE,,,,,,,,NONE,NONE,N,NO,X,NOT APPLICABLE EXEMPT FROM CAS,N,TRANSACTION DOES NOT USE GFE/GFP,U,UNKNOWN,D,NOT CONSOLIDATED,Y,YES - SERVICE WHERE PBA IS USED.,N,NO,A,FAR 52.232-16 PROGRESS PAYMENTS,N,NO,X,NOT APPLICABLE,f,t,f,f,f,t,t,f,f,f,f,f,t,f,f,f,f,t,f,SMALL BUSINESS,S,f,f,f,f,f,f,f,f,f,f,f,f,f,f,f,f,f,CORPORATE NOT TAX EXEMPT,t,f,f,f,f,f,f,f,f,f,f,f,f,f,f,f,f,t,f,f,f,f,f,f,f,t,f,f,t,f,f,f,f,f,f,f,f,f,f,f,f,f,f,f,f,t,f,t,f,f,,,,,,,,,,,https://www.usaspending.gov/award/CONT_AWD_W912EK20C0053_9700_-NONE-_-NONE-/,2021-11-30 14:12:08+00
CONT_AWD_W912EP19C0029_9700_-NONE-_-NONE-,W912EP19C0029,,,,Q: Not Designated Nonemergency/Emergency/Disaster/Wildfire Suppression,,,,,13736787.60,0.00,13736787.60,13739787.60,2019-09-13,2019,2021-11-30,2022,2019-09-13,2021-09-24,2021-09-24 00:00:00,,2019-07-15,097,Department of Defense,2100,Department of the Army,W912EP,W074 ENDIST JACKSNVLLE,097,Department of Defense,2100,Department of the Army,W912EP,W074 ENDIST JACKSNVLLE,021-2019/2019-2020-000;021-2021/2021-2020-000,021-2020,32.0: Land and structures,0001: OPERATING FORCES,X,NOT APPLICABLE,,,M9LFLA6K8HE4,006930358,"GREAT LAKES DREDGE & DOCK CO, LLC","GREAT LAKES DREDGE & DOCK COMPANY, LLC",,1BSU5,Y1TKNHJ8TK71,362899130,GREAT LAKES DREDGE & DOCK CORPORATION,GREAT LAKES DREDGE & DOCK CORPORATION,USA,UNITED STATES,2122 YORK RD STE 200,,OAK BROOK,17043,DUPAGE,17,IL,ILLINOIS,605231923,IL-07,IL-07,6305743469,6305742909,USA,UNITED STATES,KINGS BAY,13039,CAMDEN,13,GA,GEORGIA,315470055,GA-01,GA-01,AWARD,D,DEFINITIVE CONTRACT,,,,,,,J,FIRM FIXED PRICE,MOBILIZATION AND DEMOBILIZATION,W912EP19B0022,1,OT,OTHER FUNCTIONS,Z1KF,MAINTENANCE OF DREDGING FACILITIES,H,NOT BUNDLED,C2,CONSTRUCTION,237110,WATER AND SEWER LINE AND RELATED STRUCTURES CONSTRUCTION,B,FAR 52.223-4 AND FAR 52.223-9 INCLUDED,A,U.S. OWNED BUSINESS,000,NONE,Z,NOT IT PRODUCTS OR SERVICES,A,MEETS REQUIREMENTS,USA,UNITED STATES,C,NOT A MANUFACTURED END PRODUCT,F,INDIVIDUAL SUBCONTRACT PLAN,A,FULL AND OPEN COMPETITION,SB,SEALED BID,NONE,NO SET ASIDE USED.,NONE,NO PREFERENCE USED,,,,,,,4,D,COMMERCIAL ITEM PROCEDURES NOT USED,f,N,NO,N,NO,Y,YES,N,NO,0.00,N,NO,N,NO,N,NO,Y,YES,X,NOT APPLICABLE,,,,,,,,NONE,NONE,N,NO,X,NOT APPLICABLE EXEMPT FROM CAS,Y,TRANSACTION USES GFE/GFP,U,UNKNOWN,D,NOT CONSOLIDATED,Y,YES - SERVICE WHERE PBA IS USED.,N,NO,C,PERCENTAGE OF COMPLETION PROGRESS PAYMENTS,N,NO,X,NOT APPLICABLE,f,f,f,f,f,f,f,f,f,f,f,f,f,f,f,f,f,f,f,OTHER THAN SMALL BUSINESS,O,f,f,f,f,f,f,f,f,f,f,f,f,f,f,f,f,f,CORPORATE NOT TAX EXEMPT,t,f,f,f,f,f,f,f,f,f,f,f,f,f,f,f,f,t,f,f,f,f,f,f,f,f,t,f,t,f,f,f,f,f,f,f,f,f,f,f,f,f,f,f,f,f,f,f,f,f,,,,,,,,,,,https://www.usaspending.gov/award/CONT_AWD_W912EP19C0029_9700_-NONE-_-NONE-/,2021-11-30 15:14:13+00
CONT_AWD_W912HY20C0025_9700_-NONE-_-NONE-,W912HY20C0025,,,,Q: Not Designated Nonemergency/Emergency/Disaster/Wildfire Suppression,,,,,900432.48,71122.20,900432.48,900432.48,2020-07-30,2020,2021-11-24,2022,2020-08-15,2021-01-31,2021-01-31 00:00:00,,2020-04-27,097,Department of Defense,2100,Department of the Army,W912HY,W076 ENDIST GALVESTON,096,Corps of Engineers - Civil Works,96CE,U.S. Army Corps of Engineers - Civil Program Financing Only,966501,,096-X-4902-000,096-4902,25.2: Other services from non-Federal sources;25.4: Operation and maintenance of facilities,0803: INTRA-CORPS;OPTN: FIELD IS OPTIONAL PRIOR TO FY21,X,NOT APPLICABLE,,,N593JWU6B5A7,962029737,RJY GROUP LLC,"RJY GROUP, LLC",,5YJ43,N593JWU6B5A7,962029737,RJY GROUP LLC,RJY GROUP  LLC,USA,UNITED STATES,9303 KIRBY STE B,,HOUSTON,48201,HARRIS,48,TX,TEXAS,770542516,TX-09,TX-09,7138381147,7138381188,USA,UNITED STATES,GALVESTON,48167,GALVESTON,48,TX,TEXAS,775501229,TX-14,TX-14,AWARD,D,DEFINITIVE CONTRACT,,,,,,,J,FIRM FIXED PRICE,"REPLACE CHILLER #1 (CH-1)AT FORT POINT RESERVATION, JADWIN BUILDING",W912HY20B0030,1,OT,OTHER FUNCTIONS,Z1AA,MAINTENANCE OF OFFICE BUILDINGS,H,NOT BUNDLED,C2,CONSTRUCTION,238220,"PLUMBING, HEATING, AND AIR-CONDITIONING CONTRACTORS",D,ENERGY EFFICIENT,A,U.S. OWNED BUSINESS,000,NONE,Z,NOT IT PRODUCTS OR SERVICES,A,MEETS REQUIREMENTS,USA,UNITED STATES,C,NOT A MANUFACTURED END PRODUCT,B,PLAN NOT REQUIRED,D,FULL AND OPEN COMPETITION AFTER EXCLUSION OF SOURCES,SB,SEALED BID,SBA,SMALL BUSINESS SET ASIDE - TOTAL,NONE,NO PREFERENCE USED,,,,,,,4,D,COMMERCIAL ITEM PROCEDURES NOT USED,f,N,NO,N,NO,Y,YES,N,NO,0.00,N,NO,X,NOT APPLICABLE,X,NOT APPLICABLE,Y,YES,X,NOT APPLICABLE,,,,,,,,NONE,NONE,N,NO,X,NOT APPLICABLE EXEMPT FROM CAS,N,TRANSACTION DOES NOT USE GFE/GFP,U,UNKNOWN,D,NOT CONSOLIDATED,N,NO - SERVICE WHERE PBA IS NOT USED.,N,NO,C,PERCENTAGE OF COMPLETION PROGRESS PAYMENTS,N,NO,X,NOT APPLICABLE,f,f,f,f,f,t,t,f,f,f,f,f,t,f,f,t,f,f,f,SMALL BUSINESS,S,f,f,f,f,f,f,f,f,f,f,f,f,f,f,f,f,f,CORPORATE NOT TAX EXEMPT,t,f,f,f,f,f,f,f,f,f,f,f,f,f,f,f,f,t,f,f,f,f,f,f,f,f,t,f,t,f,f,f,f,f,f,f,f,f,f,f,f,f,f,f,f,f,f,f,f,f,,,,,,,,,,,https://www.usaspending.gov/award/CONT_AWD_W912HY20C0025_9700_-NONE-_-NONE-/,2021-12-09 19:20:52+00
CONT_AWD_W912KC21C0036_9700_-NONE-_-NONE-,W912KC21C0036,,,,,,,,,0.00,,0.00,0.00,2021-09-29,2021,2021-11-30,2022,2021-09-29,2023-05-02,2023-05-02 00:00:00,,2021-09-24,097,Department of Defense,2100,Department of the Army,W912KC,W7NX USPFO ACTIVITY PA ARNG,097,Department of Defense,2100,Department of the Army,W9163K,"W8BW PAARNG ELEMENT, JF HQ",,,,,X,NOT APPLICABLE,,,VTHTPFSNFM75,,CH2M HILL - HDR JV,CH2M HILL - HDR JV,,750V1,MKCAUUG2K7H6,,JACOBS ENGINEERING GROUP INC,CH2M HILL  INC.,USA,UNITED STATES,9191 S JAMAICA ST,,ENGLEWOOD,08031,DENVER,08,CO,COLORADO,801125946,CO-04,CO-04,7202862586,7202868939,USA,UNITED STATES,ANNVILLE,42075,LEBANON,42,PA,PENNSYLVANIA,170035003,PA-09,PA-09,AWARD,D,DEFINITIVE CONTRACT,,,,,,,J,FIRM FIXED PRICE,ACP INSPECTION SERVICES,W912KC21R0035,1,OT,OTHER FUNCTIONS,H956,OTHER QC/TEST/INSPECT- CONSTRUCTION AND BUILDING MATERIALS,H,NOT BUNDLED,S1,SERVICES,541350,BUILDING INSPECTION SERVICES,C,NO CLAUSES INCLUDED AND NO SUSTAINABILITY INCLUDED,A,U.S. OWNED BUSINESS,000,NONE,Z,NOT IT PRODUCTS OR SERVICES,E,NOT REQUIRED,USA,UNITED STATES,C,NOT A MANUFACTURED END PRODUCT,B,PLAN NOT REQUIRED,C,NOT COMPETED,SSS,ONLY ONE SOURCE,NONE,NO SET ASIDE USED.,NONE,NO PREFERENCE USED,,,,,ONE,ONLY ONE SOURCE-OTHER (FAR 6.302-1 OTHER),1,A,COMMERCIAL ITEM,f,N,NO,N,NO,Y,YES,N,NO,0.00,N,NO,X,NOT APPLICABLE,X,NOT APPLICABLE,X,NOT APPLICABLE,X,NOT APPLICABLE,,,,,,,,NONE,NONE,N,NO,X,NOT APPLICABLE EXEMPT FROM CAS,N,TRANSACTION DOES NOT USE GFE/GFP,U,UNKNOWN,D,NOT CONSOLIDATED,Y,YES - SERVICE WHERE PBA IS USED.,N,NO,Z,NOT APPLICABLE,N,NO,X,NOT APPLICABLE,f,f,f,f,f,f,f,f,f,f,f,f,f,f,f,f,f,f,f,OTHER THAN SMALL BUSINESS,O,f,f,f,f,f,f,f,f,f,f,f,f,f,f,f,f,f,OTHER,f,f,f,f,f,f,f,f,f,f,f,f,f,f,f,f,f,t,f,f,f,f,f,f,f,f,f,f,t,f,f,f,f,f,f,f,f,f,f,f,f,f,f,f,f,f,f,f,f,f,,,,,,,,,,,https://www.usaspending.gov/award/CONT_AWD_W912KC21C0036_9700_-NONE-_-NONE-/,2024-09-27 11:04:22+00
CONT_AWD_W912KC22C0002_9700_-NONE-_-NONE-,W912KC22C0002,,,,,,,,,707841.76,,707841.76,707841.76,2021-11-30,2022,2021-11-30,2022,2021-11-30,2022-12-31,2022-12-31 00:00:00,,2021-11-16,097,Department of Defense,2100,Department of the Army,W912KC,W7NX USPFO ACTIVITY PA ARNG,097,Department of Defense,2100,Department of the Army,W9163K,"W8BW PAARNG ELEMENT, JF HQ",,,,,X,NOT APPLICABLE,,,XNRAGDML64A8,,"INTERAGENCY READINESS SOLUTIONS, LLC","INTERAGENCY READINESS SOLUTIONS, LLC",,5QXC5,XNRAGDML64A8,,"INTERAGENCY READINESS SOLUTIONS, LLC",INTERAGENCY READINESS SOLUTIONS  LLC,USA,UNITED STATES,5870 D CAPO ISLAND RD,,SAINT AUGUSTINE,12109,ST. JOHNS,12,FL,FLORIDA,320958024,FL-04,FL-05,5408368538,,USA,UNITED STATES,ANNVILLE,42075,LEBANON,42,PA,PENNSYLVANIA,170035003,PA-09,PA-09,AWARD,D,DEFINITIVE CONTRACT,,,,,,,J,FIRM FIXED PRICE,DATA MANAGEMENT TECH (3),W912KC22R0007,1,OT,OTHER FUNCTIONS,R425,SUPPORT- PROFESSIONAL: ENGINEERING/TECHNICAL,H,NOT BUNDLED,S1,SERVICES,541330,ENGINEERING SERVICES,C,NO CLAUSES INCLUDED AND NO SUSTAINABILITY INCLUDED,A,U.S. OWNED BUSINESS,000,NONE,Z,NOT IT PRODUCTS OR SERVICES,E,NOT REQUIRED,USA,UNITED STATES,C,NOT A MANUFACTURED END PRODUCT,B,PLAN NOT REQUIRED,B,NOT AVAILABLE FOR COMPETITION,SSS,ONLY ONE SOURCE,8AN,8(A) SOLE SOURCE,NONE,NO PREFERENCE USED,,,,,OTH,AUTHORIZED BY STATUTE (FAR 6.302-5(A)(2)(I)),1,A,COMMERCIAL ITEM,f,N,NO,N,NO,Y,YES,N,NO,0.00,N,NO,N,NO,Y,YES,N,NO,X,NOT APPLICABLE,,,,,,,,NONE,NONE,N,NO,X,NOT APPLICABLE EXEMPT FROM CAS,N,TRANSACTION DOES NOT USE GFE/GFP,U,UNKNOWN,D,NOT CONSOLIDATED,Y,YES - SERVICE WHERE PBA IS USED.,N,NO,Z,NOT APPLICABLE,N,NO,X,NOT APPLICABLE,f,f,f,t,f,f,f,f,f,f,f,f,t,f,f,f,f,t,f,SMALL BUSINESS,S,f,f,f,f,f,f,f,f,f,f,f,f,f,f,f,f,f,PARTNERSHIP,f,f,t,f,f,f,f,f,f,f,f,f,f,f,f,f,f,t,f,f,f,f,f,f,f,f,t,f,t,f,f,f,f,f,f,f,f,f,f,f,f,f,f,f,f,t,f,t,f,f,,,,,,,,,,,https://www.usaspending.gov/award/CONT_AWD_W912KC22C0002_9700_-NONE-_-NONE-/,2024-05-14 16:15:57+00
CONT_AWD_W912L820C0009_9700_-NONE-_-NONE-,W912L820C0009,,,,,,,,,163086.00,,163086.00,163086.00,2020-09-24,2020,2021-11-30,2022,2020-10-15,2022-01-31,2022-01-31 00:00:00,,,097,Department of Defense,2100,Department of the Army,W912L8,W7N7 USPFO ACTIVITY WV ARNG,097,Department of Defense,2100,Department of the Army,W912L8,W7N7 USPFO ACTIVITY WV ARNG,,,,,X,NOT APPLICABLE,,,L9NLAYAX6TF8,041734583,CITY CONSTRUCTION CO INC,"CITY CONSTRUCTION COMPANY, INC.",,0LSA3,L9NLAYAX6TF8,041734583,CITY CONSTRUCTION CO INC,CITY CONSTRUCTION COMPANY  INC,USA,UNITED STATES,284 FACTORY ST STE 101,,CLARKSBURG,54033,HARRISON,54,WV,WEST VIRGINIA,26301,WV-01,WV-02,3046249457,3046236337,USA,UNITED STATES,BUCKHANNON,54097,UPSHUR,54,WV,WEST VIRGINIA,262018423,WV-02,WV-02,AWARD,D,DEFINITIVE CONTRACT,,,,,,,J,FIRM FIXED PRICE,USPFO DOORS,W912L820B0008,1,OT,OTHER FUNCTIONS,Z2AA,REPAIR OR ALTERATION OF OFFICE BUILDINGS,H,NOT BUNDLED,C2,CONSTRUCTION,236220,COMMERCIAL AND INSTITUTIONAL BUILDING CONSTRUCTION,C,NO CLAUSES INCLUDED AND NO SUSTAINABILITY INCLUDED,A,U.S. OWNED BUSINESS,000,NONE,Z,NOT IT PRODUCTS OR SERVICES,E,NOT REQUIRED,USA,UNITED STATES,C,NOT A MANUFACTURED END PRODUCT,B,PLAN NOT REQUIRED,D,FULL AND OPEN COMPETITION AFTER EXCLUSION OF SOURCES,SB,SEALED BID,SBA,SMALL BUSINESS SET ASIDE - TOTAL,NONE,NO PREFERENCE USED,,,,,,,4,D,COMMERCIAL ITEM PROCEDURES NOT USED,f,N,NO,N,NO,Y,YES,N,NO,0.00,N,NO,N,NO,N,NO,Y,YES,X,NOT APPLICABLE,,,,,,,,NONE,NONE,N,NO,X,NOT APPLICABLE EXEMPT FROM CAS,N,TRANSACTION DOES NOT USE GFE/GFP,U,UNKNOWN,D,NOT CONSOLIDATED,Y,YES - SERVICE WHERE PBA IS USED.,N,NO,A,FAR 52.232-16 PROGRESS PAYMENTS,N,NO,X,NOT APPLICABLE,f,f,f,f,f,f,f,f,f,f,f,f,f,f,f,f,f,f,f,SMALL BUSINESS,S,f,f,f,f,f,f,f,f,f,f,f,f,f,f,f,f,f,CORPORATE NOT TAX EXEMPT,t,f,f,f,f,f,f,f,f,f,f,f,f,f,f,f,f,t,f,f,f,f,f,f,f,f,f,f,t,f,f,f,f,f,f,f,f,f,f,f,f,f,f,f,f,f,f,f,f,f,,,,,,,,,,,https://www.usaspending.gov/award/CONT_AWD_W912L820C0009_9700_-NONE-_-NONE-/,2021-11-30 15:50:37+00
CONT_AWD_W912P420C0014_9700_-NONE-_-NONE-,W912P420C0014,,,,Q: Not Designated Nonemergency/Emergency/Disaster/Wildfire Suppression,,,,,1787408.20,914582.60,1787408.20,1932408.20,2020-09-16,2020,2021-11-30,2022,2020-09-15,2021-10-12,2021-10-12 00:00:00,,2020-08-08,097,Department of Defense,2100,Department of the Army,W912P4,W072 ENDIST BUFFALO,096,Corps of Engineers - Civil Works,96CE,U.S. Army Corps of Engineers - Civil Program Financing Only,966501,,096-X-3123-000,096-3123,32.0: Land and structures,0001: COMMERCIAL NAVIGATION,X,NOT APPLICABLE,,,WDA2XS7QBA68,004806659,GEO GRADEL CO,GEO. GRADEL CO.,,0MVR1,WDA2XS7QBA68,004806659,GEO GRADEL CO,GEO. GRADEL CO.,USA,UNITED STATES,3135 FRONT ST,,TOLEDO,39095,LUCAS,39,OH,OHIO,436052120,OH-09,OH-09,4196917123,4196910877,USA,UNITED STATES,CLEVELAND,39035,CUYAHOGA,39,OH,OHIO,441142528,OH-11,OH-11,AWARD,D,DEFINITIVE CONTRACT,,,,,,,J,FIRM FIXED PRICE,SHEET PILE CLEVELAND EAST,W912P420B0012,1,CL,CLOSELY ASSOCIATED,Z2PZ,REPAIR OR ALTERATION OF OTHER NON-BUILDING FACILITIES,H,NOT BUNDLED,C2,CONSTRUCTION,237990,OTHER HEAVY AND CIVIL ENGINEERING CONSTRUCTION,D,ENERGY EFFICIENT,A,U.S. OWNED BUSINESS,000,NONE,Z,NOT IT PRODUCTS OR SERVICES,E,NOT REQUIRED,USA,UNITED STATES,C,NOT A MANUFACTURED END PRODUCT,B,PLAN NOT REQUIRED,F,COMPETED UNDER SAP,SP1,SIMPLIFIED ACQUISITION,SBA,SMALL BUSINESS SET ASIDE - TOTAL,NONE,NO PREFERENCE USED,,,,,,,4,D,COMMERCIAL ITEM PROCEDURES NOT USED,f,N,NO,N,NO,Y,YES,N,NO,0.00,N,NO,X,NOT APPLICABLE,X,NOT APPLICABLE,Y,YES,X,NOT APPLICABLE,,,,,,,,NONE,NONE,N,NO,X,NOT APPLICABLE EXEMPT FROM CAS,N,TRANSACTION DOES NOT USE GFE/GFP,U,UNKNOWN,D,NOT CONSOLIDATED,Y,YES - SERVICE WHERE PBA IS USED.,N,NO,Z,NOT APPLICABLE,N,NO,X,NOT APPLICABLE,f,f,f,f,f,f,f,f,f,f,f,f,f,f,f,f,f,f,f,SMALL BUSINESS,S,f,f,f,f,f,f,f,f,f,f,f,f,f,f,f,f,f,CORPORATE NOT TAX EXEMPT,t,f,f,f,f,f,f,f,f,f,f,f,f,f,f,f,f,t,f,f,f,f,f,f,f,f,f,f,t,f,f,f,f,f,f,f,f,f,f,f,f,f,f,f,f,f,f,f,f,f,,,,,,,,,,,https://www.usaspending.gov/award/CONT_AWD_W912P420C0014_9700_-NONE-_-NONE-/,2021-11-30 12:05:19+00
CONT_AWD_W912P617C0002_9700_-NONE-_-NONE-,W912P617C0002,,,,,,,,,7303342.98,,7303342.98,7303342.98,2017-03-24,2017,2021-11-29,2022,2017-03-24,2021-07-30,2021-07-30 00:00:00,,,097,Department of Defense,2100,Department of the Army,W912P6,W072 ENDIST CHICAGO,097,Department of Defense,2100,Department of the Army,W912P6,W072 ENDIST CHICAGO,,,,,X,NOT APPLICABLE,,,PD45MS78A175,027473040,SMITH-ROOT INC,"SMITH-ROOT, INC.",,55158,PD45MS78A175,027473040,SMITH-ROOT INC,SMITH-ROOT  INC.,USA,UNITED STATES,16603 NE 50TH AVE,,VANCOUVER,53011,CLARK,53,WA,WASHINGTON,986861845,WA-03,WA-03,3605730202,3605732064,USA,UNITED STATES,LOCKPORT,17197,WILL,17,IL,ILLINOIS,604410001,IL-03,IL-01,AWARD,D,DEFINITIVE CONTRACT,,,,,,,J,FIRM FIXED PRICE,IGF::OT::IGF OTHER THAN IG FUNCTION BARRIER IIB,W912P617R0001,1,OT,OTHER FUNCTIONS,S216,HOUSEKEEPING- FACILITIES OPERATIONS SUPPORT,H,NOT BUNDLED,S1,SERVICES,488310,PORT AND HARBOR OPERATIONS,E,BIO-BASED,A,U.S. OWNED BUSINESS,000,NONE,Z,NOT IT PRODUCTS OR SERVICES,E,NOT REQUIRED,USA,UNITED STATES,C,NOT A MANUFACTURED END PRODUCT,B,PLAN NOT REQUIRED,C,NOT COMPETED,SSS,ONLY ONE SOURCE,NONE,NO SET ASIDE USED.,NONE,NO PREFERENCE USED,,,,,FOC,FOLLOW-ON CONTRACT (FAR 6.302-1(A)(2)(II/III)),1,D,COMMERCIAL ITEM PROCEDURES NOT USED,f,N,NO,N,NO,Y,YES,N,NO,0.00,N,NO,N,NO,Y,YES,N,NO,X,NOT APPLICABLE,,,,,,,,NONE,NONE,N,NO,X,NOT APPLICABLE EXEMPT FROM CAS,N,TRANSACTION DOES NOT USE GFE/GFP,U,UNKNOWN,D,NOT CONSOLIDATED,Y,YES - SERVICE WHERE PBA IS USED.,N,NO,Z,NOT APPLICABLE,Y,YES,X,NOT APPLICABLE,f,f,f,f,f,f,f,f,f,f,f,f,f,f,f,f,f,f,f,SMALL BUSINESS,S,f,f,f,f,f,f,f,f,f,f,f,f,f,f,f,f,f,CORPORATE NOT TAX EXEMPT,t,f,f,f,f,f,f,f,f,f,f,f,t,f,f,f,f,t,f,f,f,f,f,f,f,f,f,f,t,f,f,f,f,f,f,f,f,f,f,f,f,f,f,f,f,f,f,f,f,f,,,,,,,,,,,https://www.usaspending.gov/award/CONT_AWD_W912P617C0002_9700_-NONE-_-NONE-/,2021-11-29 16:53:50+00
CONT_AWD_W912P620C0029_9700_-NONE-_-NONE-,W912P620C0029,,,,Q: Not Designated Nonemergency/Emergency/Disaster/Wildfire Suppression,,,,,823407.45,140417.05,823407.45,823407.45,2020-09-30,2020,2021-11-29,2022,2020-09-29,2022-03-08,2022-03-08 00:00:00,,2020-08-26,097,Department of Defense,2100,Department of the Army,W912P6,W072 ENDIST CHICAGO,096,Corps of Engineers - Civil Works,96CE,U.S. Army Corps of Engineers - Civil Program Financing Only,966501,,096-X-3123-000,096-3123,32.0: Land and structures,0003: AQUATIC ECOSYSTEM RESTORATION,X,NOT APPLICABLE,,,N1QXZ9T1EJW6,003925872,VORIS MECHANICAL INC,"VORIS MECHANICAL, INC.",,1TK64,N1QXZ9T1EJW6,003925872,VORIS MECHANICAL INC,VORIS MECHANICAL  INC.,USA,UNITED STATES,370 WINDY POINT DR,,GLENDALE HEIGHTS,17043,DUPAGE,17,IL,ILLINOIS,601392176,IL-08,IL-08,6304697800,6304697911,USA,UNITED STATES,ROMEOVILLE,17197,WILL,17,IL,ILLINOIS,604467500,IL-11,IL-14,AWARD,D,DEFINITIVE CONTRACT,,,,,,,J,FIRM FIXED PRICE,"BARRIER 2B COOLING SYSTEM REPLACEMENT - ROMEOVILLE, IL",W912P620B0028,1,OT,OTHER FUNCTIONS,J041,"MAINT/REPAIR/REBUILD OF EQUIPMENT- REFRIGERATION, AIR CONDITIONING, AND AIR CIRCULATING EQUIPMENT",H,NOT BUNDLED,C2,CONSTRUCTION,237110,WATER AND SEWER LINE AND RELATED STRUCTURES CONSTRUCTION,C,NO CLAUSES INCLUDED AND NO SUSTAINABILITY INCLUDED,A,U.S. OWNED BUSINESS,000,NONE,Z,NOT IT PRODUCTS OR SERVICES,E,NOT REQUIRED,USA,UNITED STATES,C,NOT A MANUFACTURED END PRODUCT,B,PLAN NOT REQUIRED,D,FULL AND OPEN COMPETITION AFTER EXCLUSION OF SOURCES,SB,SEALED BID,SBA,SMALL BUSINESS SET ASIDE - TOTAL,NONE,NO PREFERENCE USED,,,,,,,7,D,COMMERCIAL ITEM PROCEDURES NOT USED,f,N,NO,N,NO,Y,YES,N,NO,0.00,N,NO,X,NOT APPLICABLE,N,NO,Y,YES,X,NOT APPLICABLE,,,,,,,,NONE,NONE,N,NO,X,NOT APPLICABLE EXEMPT FROM CAS,N,TRANSACTION DOES NOT USE GFE/GFP,N,NO,D,NOT CONSOLIDATED,Y,YES - SERVICE WHERE PBA IS USED.,N,NO,Z,NOT APPLICABLE,N,NO,X,NOT APPLICABLE,f,f,f,f,f,f,f,t,t,f,f,f,f,f,f,f,f,f,f,SMALL BUSINESS,S,f,f,f,f,f,f,f,f,f,f,f,f,f,f,f,f,f,CORPORATE NOT TAX EXEMPT,t,f,f,f,f,f,f,f,f,f,f,f,f,f,f,f,f,t,f,f,f,f,f,f,f,f,f,f,t,f,f,f,f,f,f,f,f,f,f,f,f,f,f,f,f,f,f,f,f,f,,,,,,,,,,,https://www.usaspending.gov/award/CONT_AWD_W912P620C0029_9700_-NONE-_-NONE-/,2021-11-29 15:09:36+00
CONT_AWD_W912P720C0013_9700_-NONE-_-NONE-,W912P720C0013,,,,Q: Not Designated Nonemergency/Emergency/Disaster/Wildfire Suppression,,,,,5433294.38,930417.00,5433294.38,5433294.38,2020-07-31,2020,2021-11-24,2022,2020-08-03,2021-11-30,2021-11-30 00:00:00,,2020-06-19,097,Department of Defense,2100,Department of the Army,W912P7,W075 ENDIST SAN FRAN,097,Department of Defense,2100,Department of the Army,W912P7,W075 ENDIST SAN FRAN,096-X-3123-000,096-3123,32.0: Land and structures,0001: COMMERCIAL NAVIGATION;OPTN: FIELD IS OPTIONAL PRIOR TO FY21,X,NOT APPLICABLE,,,J4FNSXYNNGD4,,"PACIFIC DREDGE AND CONSTRUCTION, LLC","PACIFIC DREDGE AND CONSTRUCTION, LLC",,7D6M1,J4FNSXYNNGD4,,"PACIFIC DREDGE AND CONSTRUCTION, LLC",PACIFIC DREDGE COMPANY  LLC,USA,UNITED STATES,1444 CESAR E CHAVEZ PKWY,,SAN DIEGO,06073,SAN DIEGO,06,CA,CALIFORNIA,921132132,CA-51,CA-52,6195337932,,USA,UNITED STATES,SAN FRANCISCO,06075,SAN FRANCISCO,06,CA,CALIFORNIA,941023406,CA-12,CA-11,AWARD,D,DEFINITIVE CONTRACT,,,,,,,J,FIRM FIXED PRICE,PETALUMA RIVER MAINTENANCE DREDGING PROJECT,W912P720B0010,1,OT,OTHER FUNCTIONS,Z1KF,MAINTENANCE OF DREDGING FACILITIES,H,NOT BUNDLED,C2,CONSTRUCTION,237990,OTHER HEAVY AND CIVIL ENGINEERING CONSTRUCTION,B,FAR 52.223-4 AND FAR 52.223-9 INCLUDED,A,U.S. OWNED BUSINESS,000,NONE,Z,NOT IT PRODUCTS OR SERVICES,A,MEETS REQUIREMENTS,USA,UNITED STATES,C,NOT A MANUFACTURED END PRODUCT,B,PLAN NOT REQUIRED,A,FULL AND OPEN COMPETITION,SB,SEALED BID,NONE,NO SET ASIDE USED.,NONE,NO PREFERENCE USED,,,,,,,3,D,COMMERCIAL ITEM PROCEDURES NOT USED,f,N,NO,N,NO,Y,YES,N,NO,0.00,N,NO,X,NOT APPLICABLE,X,NOT APPLICABLE,Y,YES,X,NOT APPLICABLE,,,,,,,,NONE,NONE,N,NO,X,NOT APPLICABLE EXEMPT FROM CAS,N,TRANSACTION DOES NOT USE GFE/GFP,U,UNKNOWN,D,NOT CONSOLIDATED,N,NO - SERVICE WHERE PBA IS NOT USED.,N,NO,Z,NOT APPLICABLE,N,NO,X,NOT APPLICABLE,f,f,f,f,f,f,f,f,f,f,f,f,f,f,f,f,f,f,f,SMALL BUSINESS,S,f,f,f,f,f,f,f,f,f,f,f,f,f,f,f,f,f,PARTNERSHIP,f,f,t,f,f,f,f,f,f,f,f,f,f,f,f,f,f,t,f,f,f,f,f,f,f,f,f,f,t,f,f,f,f,f,f,f,f,f,f,f,f,f,f,f,f,f,f,f,f,f,,,,,,,,,,,https://www.usaspending.gov/award/CONT_AWD_W912P720C0013_9700_-NONE-_-NONE-/,2025-04-22 16:50:17+00
CONT_AWD_W912P822C0005_9700_-NONE-_-NONE-,W912P822C0005,,,,C: Emergency P.L. 115-123,,,,,1719900.00,0.00,1719900.00,1719900.00,2021-11-30,2022,2021-11-30,2022,2021-11-30,2021-12-10,2021-12-10 00:00:00,,2021-09-08,097,Department of Defense,2100,Department of the Army,W912P8,W07V ENDIST NEW ORLEANS,096,Corps of Engineers - Civil Works,96CE,U.S. Army Corps of Engineers - Civil Program Financing Only,966501,,096-X-3122-000,096-3122,25.2: Other services from non-Federal sources,0002: FLOOD RISK MANAGEMENT,X,NOT APPLICABLE,,,YKWXKXRQNBV4,832427269,DELTA LAND SERVICES LLC,"DELTA LAND SERVICES, L.L.C.",,5VQ49,YKWXKXRQNBV4,832427269,DELTA LAND SERVICES LLC,DELTA LAND SERVICES  L.L.C.,USA,UNITED STATES,1090 CINCLARE DR,,PORT ALLEN,22121,WEST BATON ROUGE,22,LA,LOUISIANA,707673235,LA-02,LA-06,2257180428,,USA,UNITED STATES,NEW ORLEANS,22071,ORLEANS,22,LA,LOUISIANA,701183651,LA-02,LA-01,AWARD,D,DEFINITIVE CONTRACT,,,,,,,J,FIRM FIXED PRICE,WEST SHORE LAKE PONTCHARTRAIN MITIGATION CREDITS - CZ BLH (BELLE POINTE),W912P821R0052,1,OT,OTHER FUNCTIONS,F099,NATURAL RESOURCES/CONSERVATION- OTHER,H,NOT BUNDLED,C9E,ALL OTHERS NOT IDENTIFIABLE TO ANY OTHER PROCUREMENT PROGRAM,523910,MISCELLANEOUS INTERMEDIATION,C,NO CLAUSES INCLUDED AND NO SUSTAINABILITY INCLUDED,A,U.S. OWNED BUSINESS,000,NONE,Z,NOT IT PRODUCTS OR SERVICES,E,NOT REQUIRED,USA,UNITED STATES,C,NOT A MANUFACTURED END PRODUCT,B,PLAN NOT REQUIRED,A,FULL AND OPEN COMPETITION,NP,NEGOTIATED PROPOSAL/QUOTE,NONE,NO SET ASIDE USED.,NONE,NO PREFERENCE USED,,,,,,,2,D,COMMERCIAL ITEM PROCEDURES NOT USED,f,N,NO,N,NO,X,NOT APPLICABLE,N,NO,0.00,N,NO,X,NOT APPLICABLE,X,NOT APPLICABLE,X,NOT APPLICABLE,X,NOT APPLICABLE,,,,,,,,NONE,NONE,N,NO,X,NOT APPLICABLE EXEMPT FROM CAS,N,TRANSACTION DOES NOT USE GFE/GFP,U,UNKNOWN,D,NOT CONSOLIDATED,N,NO - SERVICE WHERE PBA IS NOT USED.,Y,YES,Z,NOT APPLICABLE,N,NO,X,NOT APPLICABLE,f,f,f,f,f,f,f,f,f,f,f,f,f,f,f,f,f,f,f,SMALL BUSINESS,S,f,f,f,f,f,f,f,f,f,f,f,f,f,f,f,f,f,PARTNERSHIP,f,f,t,f,f,f,f,f,f,f,f,f,f,f,f,f,f,t,f,f,f,f,f,f,f,f,t,f,t,f,f,f,f,f,f,f,f,f,f,f,f,f,f,f,f,f,f,f,f,f,,,,,,,,,,,https://www.usaspending.gov/award/CONT_AWD_W912P822C0005_9700_-NONE-_-NONE-/,2022-03-08 17:02:32+00
CONT_AWD_W912P822C0006_9700_-NONE-_-NONE-,W912P822C0006,,,,C: Emergency P.L. 115-123,,,,,3969420.00,0.00,3969420.00,3969420.00,2021-11-30,2022,2021-11-30,2022,2021-11-30,2021-12-10,2021-12-10 00:00:00,,2021-09-08,097,Department of Defense,2100,Department of the Army,W912P8,W07V ENDIST NEW ORLEANS,096,Corps of Engineers - Civil Works,96CE,U.S. Army Corps of Engineers - Civil Program Financing Only,966501,,096-X-3122-000,096-3122,25.2: Other services from non-Federal sources,0002: FLOOD RISK MANAGEMENT,X,NOT APPLICABLE,,,YKWXKXRQNBV4,832427269,DELTA LAND SERVICES LLC,"DELTA LAND SERVICES, L.L.C.",,5VQ49,YKWXKXRQNBV4,832427269,DELTA LAND SERVICES LLC,DELTA LAND SERVICES  L.L.C.,USA,UNITED STATES,1090 CINCLARE DR,,PORT ALLEN,22121,WEST BATON ROUGE,22,LA,LOUISIANA,707673235,LA-02,LA-06,2257180428,,USA,UNITED STATES,NEW ORLEANS,22071,ORLEANS,22,LA,LOUISIANA,701183651,LA-02,LA-01,AWARD,D,DEFINITIVE CONTRACT,,,,,,,J,FIRM FIXED PRICE,WEST SHORE LAKE PONTCHARTRAIN MITIGATION CREDITS - CZ BLH (COW BRANCH),W912P821R0052,1,OT,OTHER FUNCTIONS,F099,NATURAL RESOURCES/CONSERVATION- OTHER,H,NOT BUNDLED,C9E,ALL OTHERS NOT IDENTIFIABLE TO ANY OTHER PROCUREMENT PROGRAM,523910,MISCELLANEOUS INTERMEDIATION,C,NO CLAUSES INCLUDED AND NO SUSTAINABILITY INCLUDED,A,U.S. OWNED BUSINESS,000,NONE,Z,NOT IT PRODUCTS OR SERVICES,E,NOT REQUIRED,USA,UNITED STATES,C,NOT A MANUFACTURED END PRODUCT,B,PLAN NOT REQUIRED,A,FULL AND OPEN COMPETITION,NP,NEGOTIATED PROPOSAL/QUOTE,NONE,NO SET ASIDE USED.,NONE,NO PREFERENCE USED,,,,,,,2,D,COMMERCIAL ITEM PROCEDURES NOT USED,f,N,NO,N,NO,X,NOT APPLICABLE,N,NO,0.00,N,NO,X,NOT APPLICABLE,X,NOT APPLICABLE,X,NOT APPLICABLE,X,NOT APPLICABLE,,,,,,,,NONE,NONE,N,NO,X,NOT APPLICABLE EXEMPT FROM CAS,N,TRANSACTION DOES NOT USE GFE/GFP,U,UNKNOWN,D,NOT CONSOLIDATED,N,NO - SERVICE WHERE PBA IS NOT USED.,Y,YES,Z,NOT APPLICABLE,N,NO,X,NOT APPLICABLE,f,f,f,f,f,f,f,f,f,f,f,f,f,f,f,f,f,f,f,SMALL BUSINESS,S,f,f,f,f,f,f,f,f,f,f,f,f,f,f,f,f,f,PARTNERSHIP,f,f,t,f,f,f,f,f,f,f,f,f,f,f,f,f,f,t,f,f,f,f,f,f,f,f,t,f,t,f,f,f,f,f,f,f,f,f,f,f,f,f,f,f,f,f,f,f,f,f,,,,,,,,,,,https://www.usaspending.gov/award/CONT_AWD_W912P822C0006_9700_-NONE-_-NONE-/,2022-03-08 17:02:32+00
CONT_AWD_W912PQ20C0002_9700_-NONE-_-NONE-,W912PQ20C0002,,,,,,,,,666600.00,,666600.00,666600.00,2020-09-30,2020,2021-11-29,2022,2020-09-30,2021-12-31,2021-12-31 00:00:00,,2020-08-12,097,Department of Defense,2100,Department of the Army,W912PQ,W7NR USPFO ACTIVITY NY ARNG,097,Department of Defense,2100,Department of the Army,W56PPG,"W8BN NYARNG ELEMENT, JF HQ",,,,,X,NOT APPLICABLE,,,N78KKEV1N7V7,,WELCH CONSTRUCTION INC.,WELCH CONSTRUCTION INC.,,52B94,N78KKEV1N7V7,,WELCH CONSTRUCTION INC.,WELCH CONSTRUCTION INC.,USA,UNITED STATES,4331 SLATE HILL RD,,MARCELLUS,36067,ONONDAGA,36,NY,NEW YORK,131089511,NY-24,NY-22,3156732076,3156733880,USA,UNITED STATES,MARCELLUS,36067,ONONDAGA,36,NY,NEW YORK,131089511,NY-24,NY-22,AWARD,D,DEFINITIVE CONTRACT,,,,,,,J,FIRM FIXED PRICE,ROOF REPAIR PROJECT AT SYRACUSE ARMORY FOR THE NY NATIONAL GUARD,W912PQ20B0002,1,OT,OTHER FUNCTIONS,Z1EB,MAINTENANCE OF MAINTENANCE BUILDINGS,H,NOT BUNDLED,C2,CONSTRUCTION,238160,ROOFING CONTRACTORS,C,NO CLAUSES INCLUDED AND NO SUSTAINABILITY INCLUDED,A,U.S. OWNED BUSINESS,000,NONE,Z,NOT IT PRODUCTS OR SERVICES,E,NOT REQUIRED,USA,UNITED STATES,C,NOT A MANUFACTURED END PRODUCT,B,PLAN NOT REQUIRED,D,FULL AND OPEN COMPETITION AFTER EXCLUSION OF SOURCES,SB,SEALED BID,SDVOSBC,SERVICE DISABLED VETERAN OWNED SMALL BUSINESS SET-ASIDE,NONE,NO PREFERENCE USED,,,,,,,7,D,COMMERCIAL ITEM PROCEDURES NOT USED,f,N,NO,N,NO,Y,YES,N,NO,0.00,N,NO,X,NOT APPLICABLE,X,NOT APPLICABLE,Y,YES,X,NOT APPLICABLE,,,,,,,,NONE,NONE,N,NO,X,NOT APPLICABLE EXEMPT FROM CAS,N,TRANSACTION DOES NOT USE GFE/GFP,N,NO,D,NOT CONSOLIDATED,Y,YES - SERVICE WHERE PBA IS USED.,N,NO,Z,NOT APPLICABLE,N,NO,X,NOT APPLICABLE,f,f,f,f,f,t,t,f,f,f,f,f,f,f,f,f,f,f,f,SMALL BUSINESS,S,f,f,f,f,f,f,f,f,f,f,f,f,f,f,f,f,f,CORPORATE NOT TAX EXEMPT,t,f,f,f,f,f,f,f,f,f,f,f,f,f,f,f,f,t,f,f,f,f,f,f,f,f,f,f,t,f,f,f,f,f,f,f,f,f,f,f,f,f,f,f,f,f,f,f,f,f,,,,,,,,,,,https://www.usaspending.gov/award/CONT_AWD_W912PQ20C0002_9700_-NONE-_-NONE-/,2024-09-27 11:04:22+00
CONT_AWD_W912QR20C0012_9700_-NONE-_-NONE-,W912QR20C0012,,,,Q: Not Designated Nonemergency/Emergency/Disaster/Wildfire Suppression,,,,,20351336.91,1763972.12,20351336.91,21079879.91,2020-03-26,2020,2021-11-30,2022,2020-03-26,2022-03-28,2022-03-28 00:00:00,,2019-11-01,097,Department of Defense,2100,Department of the Army,W912QR,W072 ENDIST LOUISVILLE,097,Department of Defense,2100,Department of the Army,W912QR,W072 ENDIST LOUISVILLE,021-2016/2020-2086-000;021-2020/2020-2080-000;021-2020/2024-2086-000;021-2021/2021-2080-000,021-2080;021-2086,32.0: Land and structures,0001: MAJOR CONSTRUCTION;0001: OPERATING FORCES;OPTN: FIELD IS OPTIONAL PRIOR TO FY21,X,NOT APPLICABLE,,,EXF4BLB9P9V1,092398189,"HARKINS BUILDERS, INC.","HARKINS BUILDERS, INC.",,0ME80,EXF4BLB9P9V1,092398189,"HARKINS BUILDERS, INC.",HARKINS BUILDERS  INC.,USA,UNITED STATES,10490 LITTLE PATUXENT PKWY STE 400,,COLUMBIA,24027,HOWARD,24,MD,MARYLAND,210444929,MD-07,MD-03,4104804013,4104804299,USA,UNITED STATES,NEWARK,10003,NEW CASTLE,10,DE,DELAWARE,197110002,DE-00,DE-00,AWARD,D,DEFINITIVE CONTRACT,,,,,,,J,FIRM FIXED PRICE,"CONSTRUCTION OF NEW ARMY RESERVE CENTER NEWARK, DE",W912QR20R0001,1,OT,OTHER FUNCTIONS,Y1JZ,CONSTRUCTION OF MISCELLANEOUS BUILDINGS,H,NOT BUNDLED,C2,CONSTRUCTION,236220,COMMERCIAL AND INSTITUTIONAL BUILDING CONSTRUCTION,D,ENERGY EFFICIENT,A,U.S. OWNED BUSINESS,000,NONE,Z,NOT IT PRODUCTS OR SERVICES,A,MEETS REQUIREMENTS,USA,UNITED STATES,C,NOT A MANUFACTURED END PRODUCT,F,INDIVIDUAL SUBCONTRACT PLAN,A,FULL AND OPEN COMPETITION,NP,NEGOTIATED PROPOSAL/QUOTE,NONE,NO SET ASIDE USED.,NONE,NO PREFERENCE USED,,,,,,,4,D,COMMERCIAL ITEM PROCEDURES NOT USED,f,N,NO,N,NO,Y,YES,N,NO,0.00,N,NO,N,NO,N,NO,Y,YES,X,NOT APPLICABLE,,,,,,,,NONE,NONE,N,NO,X,NOT APPLICABLE EXEMPT FROM CAS,N,TRANSACTION DOES NOT USE GFE/GFP,N,NO,D,NOT CONSOLIDATED,N,NO - SERVICE WHERE PBA IS NOT USED.,N,NO,Z,NOT APPLICABLE,N,NO,X,NOT APPLICABLE,f,f,f,f,f,f,f,f,f,f,f,f,f,f,f,f,f,f,f,OTHER THAN SMALL BUSINESS,O,f,f,f,f,f,f,f,f,f,f,f,f,f,f,f,f,f,CORPORATE NOT TAX EXEMPT,t,f,f,f,f,f,f,f,f,f,f,f,f,f,f,f,f,t,f,f,f,f,f,f,f,t,f,f,t,f,f,f,f,f,f,f,f,f,f,f,f,f,f,f,f,f,f,f,f,f,,,,,,,,,,,https://www.usaspending.gov/award/CONT_AWD_W912QR20C0012_9700_-NONE-_-NONE-/,2021-11-30 14:49:16+00
CONT_AWD_W9132T17C0008_9700_-NONE-_-NONE-,W9132T17C0008,,,,Q: Not Designated Nonemergency/Emergency/Disaster/Wildfire Suppression,,,,,1490844.65,0.00,2000000.00,2000000.00,2017-08-14,2017,2021-11-24,2022,2017-08-16,2018-08-15,2018-08-15 00:00:00,,,097,Department of Defense,2100,Department of the Army,W9132T,W2R2 CONST ENGRG LAB,097,Department of Defense,2100,Department of the Army,W52EU2,W2R2 CONST ENGRG LAB,021-2017/2018-2040-000,021-2040,25.4: Operation and maintenance of facilities,0001: BASIC RESEARCH,X,NOT APPLICABLE,,,Y8CWNJRCNN91,041544081,UNIVERSITY OF ILLINOIS,UNIVERSITY OF ILLINOIS,,4B808,Y8CWNJRCNN91,041544081,UNIVERSITY OF ILLINOIS,UNIVERSITY OF ILLINOIS,USA,UNITED STATES,506 S WRIGHT ST STE 364,,URBANA,17019,CHAMPAIGN,17,IL,ILLINOIS,618013649,IL-13,IL-13,2173332187,2172396830,USA,UNITED STATES,URBANA,17019,CHAMPAIGN,17,IL,ILLINOIS,618013649,IL-13,IL-13,AWARD,D,DEFINITIVE CONTRACT,,,,,,,S,COST NO FEE,"IGF::OT::IGF BAA 17-017 ""CERL STUDENT SUPPORT AND RESEARCH OPPORTUNITIES AY 2017-2018 U435CNE",W912HZ17BAA01,1,OT,OTHER FUNCTIONS,AZ12,R&D- OTHER RESEARCH AND DEVELOPMENT (APPLIED RESEARCH/EXPLORATORY DEVELOPMENT),H,NOT BUNDLED,S1,SERVICES,541712,"RESEARCH AND DEVELOPMENT IN THE PHYSICAL, ENGINEERING, AND LIFE SCIENCES (EXCEPT BIOTECHNOLOGY)",F,ENVIRONMENTALLY PREFERABLE,B,OTHER U.S. ENTITY (E.G. GOVERNMENT),000,NONE,Z,NOT IT PRODUCTS OR SERVICES,A,MEETS REQUIREMENTS,USA,UNITED STATES,C,NOT A MANUFACTURED END PRODUCT,B,PLAN NOT REQUIRED,A,FULL AND OPEN COMPETITION,BR,BASIC RESEARCH,NONE,NO SET ASIDE USED.,NONE,NO PREFERENCE USED,,,,,,,2,D,COMMERCIAL ITEM PROCEDURES NOT USED,f,N,NO,N,NO,Y,YES,N,NO,0.00,N,NO,X,NOT APPLICABLE,X,NOT APPLICABLE,X,NOT APPLICABLE,X,NOT APPLICABLE,,,,,,,,NONE,NONE,Y,YES,Y,YES - CAS CLAUSE INCLUDED,N,TRANSACTION DOES NOT USE GFE/GFP,U,UNKNOWN,D,NOT CONSOLIDATED,N,NO - SERVICE WHERE PBA IS NOT USED.,N,NO,Z,NOT APPLICABLE,N,NO,X,NOT APPLICABLE,f,f,f,f,f,f,f,f,f,f,f,f,f,f,f,f,f,f,f,OTHER THAN SMALL BUSINESS,O,f,f,f,f,f,f,t,f,f,f,f,f,f,f,f,f,f,US GOVERNMENT ENTITY,f,f,f,f,f,f,t,f,f,t,f,f,f,f,f,f,f,t,f,f,f,f,f,f,f,f,f,f,f,f,f,f,f,t,t,f,f,f,f,f,f,f,f,f,f,f,f,f,f,f,,,,,,,,,,,https://www.usaspending.gov/award/CONT_AWD_W9132T17C0008_9700_-NONE-_-NONE-/,2021-12-01 18:30:53+00
CONT_AWD_W9132T19C0014_9700_-NONE-_-NONE-,W9132T19C0014,,,,Q: Not Designated Nonemergency/Emergency/Disaster/Wildfire Suppression,,,,,1277140.50,0.00,2000000.00,2000000.00,2019-08-08,2019,2021-11-24,2022,2019-08-08,2020-08-15,2020-08-15 00:00:00,,2019-02-01,097,Department of Defense,2100,Department of the Army,W9132T,W2R2 CONST ENGRG LAB,097,Department of Defense,2100,Department of the Army,W52EU2,W2R2 CONST ENGRG LAB,021-2019/2019-2020-000;021-2019/2020-2040-000;021-2020/2020-2020-000;021-2020/2021-2040-000,021-2020;021-2040,25.4: Operation and maintenance of facilities;25.5: Research and development contracts,0001: BASIC RESEARCH;0001: OPERATING FORCES,X,NOT APPLICABLE,,,Y8CWNJRCNN91,,UNIVERSITY OF ILLINOIS,UNIVERSITY OF ILLINOIS,,4B808,Y8CWNJRCNN91,,UNIVERSITY OF ILLINOIS,UNIVERSITY OF ILLINOIS,USA,UNITED STATES,364 HENRY ADMINISTRATION BLDG,,URBANA,17019,CHAMPAIGN,17,IL,ILLINOIS,61801,IL-13,IL-13,2173332187,2172396830,USA,UNITED STATES,URBANA,17019,CHAMPAIGN,17,IL,ILLINOIS,618013649,IL-13,IL-13,AWARD,D,DEFINITIVE CONTRACT,,,,,,,J,FIRM FIXED PRICE,"BAA 19-010 ""CERL STUDENT SUPPORT AND RESEARCH OPPORTUNITIES AY 2019-2020"" U435CNE",W912HZ19BAA01,1,OT,OTHER FUNCTIONS,AZ12,R&D- OTHER RESEARCH AND DEVELOPMENT (APPLIED RESEARCH/EXPLORATORY DEVELOPMENT),H,NOT BUNDLED,S1,SERVICES,541715,"RESEARCH AND DEVELOPMENT IN THE PHYSICAL, ENGINEERING, AND LIFE SCIENCES (EXCEPT NANOTECHNOLOGY AND BIOTECHNOLOGY)",F,ENVIRONMENTALLY PREFERABLE,B,OTHER U.S. ENTITY (E.G. GOVERNMENT),000,NONE,Z,NOT IT PRODUCTS OR SERVICES,A,MEETS REQUIREMENTS,USA,UNITED STATES,C,NOT A MANUFACTURED END PRODUCT,B,PLAN NOT REQUIRED,A,FULL AND OPEN COMPETITION,BR,BASIC RESEARCH,NONE,NO SET ASIDE USED.,NONE,NO PREFERENCE USED,,,,,,,2,D,COMMERCIAL ITEM PROCEDURES NOT USED,f,N,NO,N,NO,Y,YES,N,NO,0.00,N,NO,X,NOT APPLICABLE,X,NOT APPLICABLE,X,NOT APPLICABLE,X,NOT APPLICABLE,,,,,,,,NONE,NONE,N,NO,X,NOT APPLICABLE EXEMPT FROM CAS,N,TRANSACTION DOES NOT USE GFE/GFP,U,UNKNOWN,D,NOT CONSOLIDATED,Y,YES - SERVICE WHERE PBA IS USED.,N,NO,Z,NOT APPLICABLE,N,NO,X,NOT APPLICABLE,f,f,f,f,f,f,f,f,f,f,f,f,f,f,f,f,f,f,f,OTHER THAN SMALL BUSINESS,O,f,f,f,f,f,f,t,f,f,f,f,f,f,f,f,f,f,US GOVERNMENT ENTITY,f,f,f,f,f,f,t,f,f,t,f,f,f,f,f,f,f,t,f,f,f,f,f,f,f,f,f,f,f,f,f,f,f,t,t,f,f,f,f,f,f,f,f,f,f,f,f,f,f,f,,,,,,,,,,,https://www.usaspending.gov/award/CONT_AWD_W9132T19C0014_9700_-NONE-_-NONE-/,2023-10-02 21:00:58+00
CONT_AWD_W913E522C0002_9700_-NONE-_-NONE-,W913E522C0002,,,,,,,,,500000.00,,500000.00,500000.00,2021-11-30,2022,2021-11-30,2022,2021-11-30,2023-05-30,2023-05-30 00:00:00,,2020-10-01,097,Department of Defense,2100,Department of the Army,W913E5,W2R2 COLD RGNS RSCH ENG LAB,097,Department of Defense,2100,Department of the Army,W81EWF,W2R2 USA ENGR R & D CTR,,,,,X,NOT APPLICABLE,,,LDEPJ8PF15P4,,"TRANSCEND ENGINEERING AND TECHNOLOGY, LLC","TRANSCEND ENGINEERING AND TECHNOLOGY, LLC",,5PFQ0,LDEPJ8PF15P4,,"TRANSCEND ENGINEERING AND TECHNOLOGY, LLC",TRANSCEND ENGINEERING AND TECHNOLOGY  LLC,USA,UNITED STATES,768 S MAIN ST UNIT 2,,BETHEL,50027,WINDSOR,50,VT,VERMONT,050324472,VT-00,VT-00,8024313456,,USA,UNITED STATES,HANOVER,33009,GRAFTON,33,NH,NEW HAMPSHIRE,037551290,NH-02,NH-02,AWARD,D,DEFINITIVE CONTRACT,,,,,,,J,FIRM FIXED PRICE,"EO14042 TRANSCEND BAA PROPOSAL TITLED, ""PROCESSING DATA FROM SUBSURFACE SENSING INFRASTRUCTURE IN THE ARCTIC"" U437020",W912HZ20BAA01,1,OT,OTHER FUNCTIONS,AJ12,GENERAL SCIENCE AND TECHNOLOGY R&D SERVICES; GENERAL SCIENCE AND TECHNOLOGY; APPLIED RESEARCH,H,NOT BUNDLED,S1,SERVICES,541715,"RESEARCH AND DEVELOPMENT IN THE PHYSICAL, ENGINEERING, AND LIFE SCIENCES (EXCEPT NANOTECHNOLOGY AND BIOTECHNOLOGY)",F,ENVIRONMENTALLY PREFERABLE,A,U.S. OWNED BUSINESS,000,NONE,Z,NOT IT PRODUCTS OR SERVICES,E,NOT REQUIRED,USA,UNITED STATES,C,NOT A MANUFACTURED END PRODUCT,B,PLAN NOT REQUIRED,A,FULL AND OPEN COMPETITION,BR,BASIC RESEARCH,NONE,NO SET ASIDE USED.,NONE,NO PREFERENCE USED,,,,,,,2,D,COMMERCIAL ITEM PROCEDURES NOT USED,f,N,NO,N,NO,Y,YES,N,NO,0.00,N,NO,X,NOT APPLICABLE,X,NOT APPLICABLE,X,NOT APPLICABLE,X,NOT APPLICABLE,,,,,,,,NONE,NONE,N,NO,X,NOT APPLICABLE EXEMPT FROM CAS,N,TRANSACTION DOES NOT USE GFE/GFP,U,UNKNOWN,D,NOT CONSOLIDATED,N,NO - SERVICE WHERE PBA IS NOT USED.,N,NO,Z,NOT APPLICABLE,N,NO,X,NOT APPLICABLE,f,f,f,f,f,f,f,f,f,f,f,f,f,f,f,f,f,f,f,SMALL BUSINESS,S,f,f,f,f,f,f,f,f,f,f,f,f,f,f,f,f,f,CORPORATE NOT TAX EXEMPT,t,f,f,f,f,f,f,f,f,f,f,f,f,f,f,f,f,t,f,f,f,f,f,f,f,f,t,f,t,f,f,f,f,f,f,f,f,f,f,f,f,f,f,f,f,f,f,f,f,f,,,,,,,,,,,https://www.usaspending.gov/award/CONT_AWD_W913E522C0002_9700_-NONE-_-NONE-/,2023-08-28 15:39:08+00
CONT_AWD_W91CRB21C5025_9700_-NONE-_-NONE-,W91CRB21C5025,,,,,,,,,1591875.00,,1591875.00,1591875.00,2021-05-20,2021,2021-11-24,2022,2021-05-20,2022-03-28,2022-03-28 12:03:00,,2021-04-23,097,Department of Defense,2100,Department of the Army,W91CRB,W6QK ACC-APG,097,Department of Defense,2100,Department of the Army,W56RTN,W4GV USA HQ COMM ELECT CMD,,,,,A,FOREIGN FUNDS FMS,,,G7WGK6L5ES76,,"TELEDYNE FLIR DEFENSE, INC.","FLIR SYSTEMS, INC.",,3UVR3,SQ2DSCE69F15,,TELEDYNE TECHNOLOGIES INCORPORATED,TELEDYNE TECHNOLOGIES IN,USA,UNITED STATES,25 ESQUIRE RD.,,NORTH BILLERICA,25017,MIDDLESEX,25,MA,MASSACHUSETTS,018622501,MA-06,MA-03,5034983806,5035684681,USA,UNITED STATES,NORTH BILLERICA,25017,MIDDLESEX,25,MA,MASSACHUSETTS,018622501,MA-06,MA-03,AWARD,D,DEFINITIVE CONTRACT,,,,,,,J,FIRM FIXED PRICE,"1. THIS IS A FIRM FIXED PRICE CONTRACT UNDER FOREIGN MILITARY SALES (FMS) REQUIREMENT FOR THE GOVERNMENT OF POLAND UNDER FMS CASES PL-B-UDP.  2. THIS CONTRACT IS SOLE-SOURCE TO FLIR SYSTEMS, INC. FOR RECON V THERMAL BINOCULARS.",W91CRB21R5016,1,,,5855,"NIGHT VISION EQUIPMENT, EMITTED AND REFLECTED RADIATION",H,NOT BUNDLED,A7,ELECTRONICS AND COMMUNICATION EQUIPMENT,333314,OPTICAL INSTRUMENT AND LENS MANUFACTURING,C,NO CLAUSES INCLUDED AND NO SUSTAINABILITY INCLUDED,A,U.S. OWNED BUSINESS,000,NONE,Z,NOT IT PRODUCTS OR SERVICES,E,NOT REQUIRED,USA,UNITED STATES,D,MFG IN U.S.,B,PLAN NOT REQUIRED,C,NOT COMPETED,SSS,ONLY ONE SOURCE,NONE,NO SET ASIDE USED.,NONE,NO PREFERENCE USED,,,,,ONE,ONLY ONE SOURCE-OTHER (FAR 6.302-1 OTHER),1,A,COMMERCIAL ITEM,f,N,NO,N,NO,X,NOT APPLICABLE,N,NO,0.00,N,NO,X,NOT APPLICABLE,X,NOT APPLICABLE,X,NOT APPLICABLE,X,NOT APPLICABLE,,,,,,,,NONE,NONE,N,NO,X,NOT APPLICABLE EXEMPT FROM CAS,N,TRANSACTION DOES NOT USE GFE/GFP,U,UNKNOWN,D,NOT CONSOLIDATED,X,NOT APPLICABLE,N,NO,Z,NOT APPLICABLE,N,NO,X,NOT APPLICABLE,f,f,f,f,f,f,f,f,f,f,f,f,f,f,f,f,f,f,f,OTHER THAN SMALL BUSINESS,O,f,f,f,f,f,f,f,f,f,f,f,f,f,f,f,f,f,CORPORATE NOT TAX EXEMPT,t,f,f,f,f,f,f,f,f,f,f,f,t,f,f,f,f,t,f,f,f,f,f,f,f,f,f,f,t,f,f,f,f,f,f,f,f,f,f,f,f,f,f,f,f,f,f,f,f,f,,,,,,,,,,,https://www.usaspending.gov/award/CONT_AWD_W91CRB21C5025_9700_-NONE-_-NONE-/,2022-04-02 14:48:34+00
CONT_AWD_W91QVN21C0003_9700_-NONE-_-NONE-,W91QVN21C0003,,,,Q: Not Designated Nonemergency/Emergency/Disaster/Wildfire Suppression,,,,,1382723.07,0.00,1382723.07,1382723.07,2020-12-22,2021,2021-11-29,2022,2020-12-21,2021-11-29,2021-11-29 00:00:00,,2020-11-15,097,Department of Defense,2100,Department of the Army,W91QVN,0411 AQ HQ     CONTRACT AUG,097,Department of Defense,2100,Department of the Army,W582LQ,0002 AR HQ     DIV HQ AND HQ B,021-2021/2021-2020-000,021-2020,25.7: Operation and maintenance of equipment,0001: OPERATING FORCES,X,NOT APPLICABLE,,,M4EMC4DX1F34,687955161,"BOSUNG INDUSTRY CO., LTD.","BOSUNG INDUSTRY CO., LTD.",,3608F,M4EMC4DX1F34,687955161,"BOSUNG INDUSTRY CO., LTD.",BOSUNG INDUSTRY CO.  LTD.,KOR,"KOREA, SOUTH","34 HWANGSAEUL-RO 200BEON-GIL, BUNDANG-GU",ROOM 704,SONGNAM,,,,,KYONGGI,463825,,,,,KOR,"KOREA, SOUTH",,,,,,,,,,AWARD,D,DEFINITIVE CONTRACT,,,,,,,J,FIRM FIXED PRICE,PERFORM FIELD LEVEL MAINTENANCE SERVICES TCV,,1,OT,OTHER FUNCTIONS,J023,"MAINT/REPAIR/REBUILD OF EQUIPMENT- GROUND EFFECT VEHICLES, MOTOR VEHICLES, TRAILERS, AND CYCLES",H,NOT BUNDLED,S1,SERVICES,811111,GENERAL AUTOMOTIVE REPAIR,C,NO CLAUSES INCLUDED AND NO SUSTAINABILITY INCLUDED,D,FOREIGN-OWNED BUSINESS NOT INCORPORATED IN THE U.S.,000,NONE,Z,NOT IT PRODUCTS OR SERVICES,E,NOT REQUIRED,KOR,"KOREA, SOUTH",C,NOT A MANUFACTURED END PRODUCT,B,PLAN NOT REQUIRED,C,NOT COMPETED,SSS,ONLY ONE SOURCE,NONE,NO SET ASIDE USED.,NONE,NO PREFERENCE USED,,,,,FOC,FOLLOW-ON CONTRACT (FAR 6.302-1(A)(2)(II/III)),1,A,COMMERCIAL ITEM,f,N,NO,N,NO,X,NOT APPLICABLE,N,NO,0.00,N,NO,X,NOT APPLICABLE,X,NOT APPLICABLE,X,NOT APPLICABLE,X,NOT APPLICABLE,,,,,,,,NONE,NONE,N,NO,X,NOT APPLICABLE EXEMPT FROM CAS,N,TRANSACTION DOES NOT USE GFE/GFP,N,NO,D,NOT CONSOLIDATED,Y,YES - SERVICE WHERE PBA IS USED.,N,NO,Z,NOT APPLICABLE,N,NO,X,NOT APPLICABLE,f,f,f,f,f,f,f,f,f,f,f,f,f,f,f,f,f,f,f,OTHER THAN SMALL BUSINESS,O,f,f,f,f,f,f,f,f,f,f,f,f,f,f,f,f,f,INTERNATIONAL ORG,f,f,f,f,f,t,f,f,f,f,f,f,f,f,f,f,f,t,f,f,f,f,f,f,f,f,f,f,t,f,f,f,f,f,f,f,f,f,f,f,f,f,f,f,f,f,f,f,f,f,,,,,,,,,,,https://www.usaspending.gov/award/CONT_AWD_W91QVN21C0003_9700_-NONE-_-NONE-/,2021-11-29 20:28:00+00
CONT_AWD_W91YTZ20C0016_9700_-NONE-_-NONE-,W91YTZ20C0016,,,,,,,,,35193.68,,35193.68,572678.48,2020-08-27,2020,2021-11-29,2022,2020-08-27,2021-10-31,2025-10-31 00:00:00,,2020-08-17,097,Department of Defense,2100,Department of the Army,W91YTZ,W40M MRCO EAST,097,Department of Defense,2100,Department of the Army,W36XTM,W2L6 WOMACK AMC,,,,,X,NOT APPLICABLE,,,LLA5KJMFQPU8,078461876,"MPF FEDERAL, LLC","MPF FEDERAL, LLC",,6SCJ2,LLA5KJMFQPU8,078461876,"MPF FEDERAL, LLC",MPF INTERNATIONAL LLC,USA,UNITED STATES,702 RUSSELL AVE STE 440,,GAITHERSBURG,24031,MONTGOMERY,24,MD,MARYLAND,208772615,MD-03,MD-06,2027760655,,USA,UNITED STATES,FORT BRAGG,37051,CUMBERLAND,37,NC,NORTH CAROLINA,283108943,NC-08,NC-09,AWARD,D,DEFINITIVE CONTRACT,,,,,,,J,FIRM FIXED PRICE,DATA SCIENTIST,W91YTZ20R0064,1,OT,OTHER FUNCTIONS,AN45,HEALTH R&D SERVICES; HEALTH CARE - OTHER; EXPENSES FOR R&D FACILITIES AND MAJOR EQUIPMENT,H,NOT BUNDLED,S1,SERVICES,541715,"RESEARCH AND DEVELOPMENT IN THE PHYSICAL, ENGINEERING, AND LIFE SCIENCES (EXCEPT NANOTECHNOLOGY AND BIOTECHNOLOGY)",C,NO CLAUSES INCLUDED AND NO SUSTAINABILITY INCLUDED,A,U.S. OWNED BUSINESS,000,NONE,Z,NOT IT PRODUCTS OR SERVICES,E,NOT REQUIRED,USA,UNITED STATES,C,NOT A MANUFACTURED END PRODUCT,B,PLAN NOT REQUIRED,B,NOT AVAILABLE FOR COMPETITION,SSS,ONLY ONE SOURCE,8AN,8(A) SOLE SOURCE,NONE,NO PREFERENCE USED,,,,,OTH,AUTHORIZED BY STATUTE (FAR 6.302-5(A)(2)(I)),1,A,COMMERCIAL ITEM,f,N,NO,N,NO,Y,YES,N,NO,0.00,N,NO,N,NO,N,NO,N,NO,X,NOT APPLICABLE,,,,,,,,NONE,NONE,N,NO,X,NOT APPLICABLE EXEMPT FROM CAS,N,TRANSACTION DOES NOT USE GFE/GFP,U,UNKNOWN,D,NOT CONSOLIDATED,N,NO - SERVICE WHERE PBA IS NOT USED.,N,NO,Z,NOT APPLICABLE,N,NO,X,NOT APPLICABLE,f,f,f,f,f,f,f,t,t,t,f,f,t,f,f,t,f,f,f,SMALL BUSINESS,S,f,f,f,f,f,f,f,f,f,f,f,f,f,f,f,f,f,CORPORATE NOT TAX EXEMPT,t,f,f,f,f,f,f,f,f,f,f,f,f,f,f,f,f,t,f,f,f,f,f,f,f,f,t,f,t,f,f,f,f,f,f,f,f,f,f,f,f,f,f,f,f,t,f,t,t,f,,,,,,,,,,,https://www.usaspending.gov/award/CONT_AWD_W91YTZ20C0016_9700_-NONE-_-NONE-/,2021-11-29 16:42:49+00
