contract_award_unique_key,award_id_piid,parent_award_agency_id,parent_award_agency_name,parent_award_id_piid,disaster_emergency_fund_codes,outlayed_amount_from_COVID-19_supplementals,obligated_amount_from_COVID-19_supplementals,outlayed_amount_from_IIJA_supplemental,obligated_amount_from_IIJA_supplemental,total_obligated_amount,total_outlayed_amount,current_total_value_of_award,potential_total_value_of_award,award_base_action_date,award_base_action_date_fiscal_year,award_latest_action_date,award_latest_action_date_fiscal_year,period_of_performance_start_date,period_of_performance_current_end_date,period_of_performance_potential_end_date,ordering_period_end_date,solicitation_date,awarding_agency_code,awarding_agency_name,awarding_sub_agency_code,awarding_sub_agency_name,awarding_office_code,awarding_office_name,funding_agency_code,funding_agency_name,funding_sub_agency_code,funding_sub_agency_name,funding_office_code,funding_office_name,treasury_accounts_funding_this_award,federal_accounts_funding_this_award,object_classes_funding_this_award,program_activities_funding_this_award,foreign_funding,foreign_funding_description,sam_exception,sam_exception_description,recipient_uei,recipient_duns,recipient_name,recipient_name_raw,recipient_doing_business_as_name,cage_code,recipient_parent_uei,recipient_parent_duns,recipient_parent_name,recipient_parent_name_raw,recipient_country_code,recipient_country_name,recipient_address_line_1,recipient_address_line_2,recipient_city_name,prime_award_summary_recipient_county_fips_code,recipient_county_name,prime_award_summary_recipient_state_fips_code,recipient_state_code,recipient_state_name,recipient_zip_4_code,prime_award_summary_recipient_cd_original,prime_award_summary_recipient_cd_current,recipient_phone_number,recipient_fax_number,primary_place_of_performance_country_code,primary_place_of_performance_country_name,primary_place_of_performance_city_name,prime_award_summary_place_of_performance_county_fips_code,primary_place_of_performance_county_name,prime_award_summary_place_of_performance_state_fips_code,primary_place_of_performance_state_code,primary_place_of_performance_state_name,primary_place_of_performance_zip_4,prime_award_summary_place_of_performance_cd_original,prime_award_summary_place_of_performance_cd_current,award_or_idv_flag,award_type_code,award_type,idv_type_code,idv_type,multiple_or_single_award_idv_code,multiple_or_single_award_idv,type_of_idc_code,type_of_idc,type_of_contract_pricing_code,type_of_contract_pricing,prime_award_base_transaction_description,solicitation_identifier,number_of_actions,inherently_governmental_functions,inherently_governmental_functions_description,product_or_service_code,product_or_service_code_description,contract_bundling_code,contract_bundling,dod_claimant_program_code,dod_claimant_program_description,naics_code,naics_description,recovered_materials_sustainability_code,recovered_materials_sustainability,domestic_or_foreign_entity_code,domestic_or_foreign_entity,dod_acquisition_program_code,dod_acquisition_program_description,information_technology_commercial_item_category_code,information_technology_commercial_item_category,epa_designated_product_code,epa_designated_product,country_of_product_or_service_origin_code,country_of_product_or_service_origin,place_of_manufacture_code,place_of_manufacture,subcontracting_plan_code,subcontracting_plan,extent_competed_code,extent_competed,solicitation_procedures_code,solicitation_procedures,type_of_set_aside_code,type_of_set_aside,evaluated_preference_code,evaluated_preference,research_code,research,fair_opportunity_limited_sources_code,fair_opportunity_limited_sources,other_than_full_and_open_competition_code,other_than_full_and_open_competition,number_of_offers_received,commercial_item_acquisition_procedures_code,commercial_item_acquisition_procedures,small_business_competitiveness_demonstration_program,simplified_procedures_for_certain_commercial_items_code,simplified_procedures_for_certain_commercial_items,a76_fair_act_action_code,a76_fair_act_action,fed_biz_opps_code,fed_biz_opps,local_area_set_aside_code,local_area_set_aside,price_evaluation_adjustment_preference_percent_difference,clinger_cohen_act_planning_code,clinger_cohen_act_planning,materials_supplies_articles_equipment_code,materials_supplies_articles_equipment,labor_standards_code,labor_standards,construction_wage_rate_requirements_code,construction_wage_rate_requirements,interagency_contracting_authority_code,interagency_contracting_authority,other_statutory_authority,program_acronym,parent_award_type_code,parent_award_type,parent_award_single_or_multiple_code,parent_award_single_or_multiple,major_program,national_interest_action_code,national_interest_action,cost_or_pricing_data_code,cost_or_pricing_data,cost_accounting_standards_clause_code,cost_accounting_standards_clause,government_furnished_property_code,government_furnished_property,sea_transportation_code,sea_transportation,consolidated_contract_code,consolidated_contract,performance_based_service_acquisition_code,performance_based_service_acquisition,multi_year_contract_code,multi_year_contract,contract_financing_code,contract_financing,purchase_card_as_payment_method_code,purchase_card_as_payment_method,contingency_humanitarian_or_peacekeeping_operation_code,contingency_humanitarian_or_peacekeeping_operation,alaskan_native_corporation_owned_firm,american_indian_owned_business,indian_tribe_federally_recognized,native_hawaiian_organization_owned_firm,tribally_owned_firm,veteran_owned_business,service_disabled_veteran_owned_business,woman_owned_business,women_owned_small_business,economically_disadvantaged_women_owned_small_business,joint_venture_women_owned_small_business,joint_venture_economic_disadvantaged_women_owned_small_bus,minority_owned_business,subcontinent_asian_asian_indian_american_owned_business,asian_pacific_american_owned_business,black_american_owned_business,hispanic_american_owned_business,native_american_owned_business,other_minority_owned_business,contracting_officers_determination_of_business_size,contracting_officers_determination_of_business_size_code,emerging_small_business,community_developed_corporation_owned_firm,labor_surplus_area_firm,us_federal_government,federally_funded_research_and_development_corp,federal_agency,us_state_government,us_local_government,city_local_government,county_local_government,inter_municipal_local_government,local_government_owned,municipality_local_government,school_district_local_government,township_local_government,us_tribal_government,foreign_government,organizational_type,corporate_entity_not_tax_exempt,corporate_entity_tax_exempt,partnership_or_limited_liability_partnership,sole_proprietorship,small_agricultural_cooperative,international_organization,us_government_entity,community_development_corporation,domestic_shelter,educational_institution,foundation,hospital_flag,manufacturer_of_goods,veterinary_hospital,hispanic_servicing_institution,receives_contracts,receives_financial_assistance,receives_contracts_and_financial_assistance,airport_authority,council_of_governments,housing_authorities_public_tribal,interstate_entity,planning_commission,port_authority,transit_authority,subchapter_scorporation,limited_liability_corporation,foreign_owned,for_profit_organization,nonprofit_organization,other_not_for_profit_organization,the_ability_one_program,private_university_or_college,state_controlled_institution_of_higher_learning,1862_land_grant_college,1890_land_grant_college,1994_land_grant_college,minority_institution,historically_black_college,tribal_college,alaskan_native_servicing_institution,native_hawaiian_servicing_institution,school_of_forestry,veterinary_college,dot_certified_disadvantage,self_certified_small_disadvantaged_business,small_disadvantaged_business,c8a_program_participant,historically_underutilized_business_zone_hubzone_firm,sba_certified_8a_joint_venture,highly_compensated_officer_1_name,highly_compensated_officer_1_amount,highly_compensated_officer_2_name,highly_compensated_officer_2_amount,highly_compensated_officer_3_name,highly_compensated_officer_3_amount,highly_compensated_officer_4_name,highly_compensated_officer_4_amount,highly_compensated_officer_5_name,highly_compensated_officer_5_amount,usaspending_permalink,last_modified_date
CONT_AWD_DAAH0100CR103_9700_-NONE-_-NONE-,DAAH0100CR103,,,,,,,,,750000.00,,0.00,0.00,2000-04-20,2000,2021-08-23,2021,2000-04-20,2005-12-31,2005-12-31 00:00:00,,,097,Department of Defense,9763,Defense Contract Management Agency,S4803A,DCMA CONTRACT LIFECYCLE MGMT,097,Department of Defense,2100,Department of the Army,W31P4Q,W6QK ACC-RSA,,,,,X,NOT APPLICABLE,,,MK5ANJVWVZK7,,"TDA RESEARCH, INC.",TDA RESEARCH INC,,0BHX7,MK5ANJVWVZK7,,"TDA RESEARCH, INC.",TDA RESEARCH  INC.,USA,UNITED STATES,12345 W 52ND AVE,,WHEAT RIDGE,08059,JEFFERSON,08,CO,COLORADO,80033,CO-07,CO-07,,,USA,UNITED STATES,WHEAT RIDGE,08059,JEFFERSON,08,CO,COLORADO,800331916,CO-07,CO-07,AWARD,D,DEFINITIVE CONTRACT,,,,,,,U,COST PLUS FIXED FEE,200007!2100!001547!AH01  !USA AVIATION AND MISSILE COMMAND!DAAH0100CR103  !A!*!*                  !20000420!20020722!181947730!181947730!181947730!N!0BHX7!TDA RESEARCH INC              !12345 W 52ND AVE          !WHEAT RIDGE         !CO!80033!84440!059!08!WHEAT RIDGE         !JEFFERSON             !COLORADO  !0001!+000000399434!N!N!000000000000!AD92!RDTE/OTHER DEFENSE-APPLIED RESEARCH               !S1 !SERVICES                      !1AIC!APACHE (AH-64) ADV ATTACK     !3721!3!*!*!*!B!N!Z!A !N!U!2!002!K!* !Z!Y!Z!* !* !N!B!N!A!*!B!A!A!A!*  !*!N!C!B!N!*!*!*!*!*!,,1,,,AD92,R&D- DEFENSE OTHER: OTHER (APPLIED RESEARCH/EXPLORATORY DEVELOPMENT),D,NOT A BUNDLED REQUIREMENT,S1,SERVICES,541710,"RESEARCH AND DEVELOPMENT IN THE PHYSICAL, ENGINEERING, AND LIFE SCIENCES",C,NO CLAUSES INCLUDED AND NO SUSTAINABILITY INCLUDED,,,AIC,APACHE (AH-64) ADV ATTACK,,,E,NOT REQUIRED,,,C,NOT A MANUFACTURED END PRODUCT,B,PLAN NOT REQUIRED,D,FULL AND OPEN COMPETITION AFTER EXCLUSION OF SOURCES,NP,NEGOTIATED PROPOSAL/QUOTE,SBA,SMALL BUSINESS SET ASIDE - TOTAL,,,SR2,SMALL BUSINESS INNOVATION RESEARCH PROGRAM PHASE II ACTION,,,,,2,D,COMMERCIAL ITEM PROCEDURES NOT USED,f,N,NO,N,NO,X,NOT APPLICABLE,,,0.00,N,NO,X,NOT APPLICABLE,N,NO,X,NOT APPLICABLE,X,NOT APPLICABLE,,,,,,,,NONE,NONE,Y,YES,X,NOT APPLICABLE EXEMPT FROM CAS,Y,TRANSACTION USES GFE/GFP,N,NO,N,NO,N,NO - SERVICE WHERE PBA IS NOT USED.,N,NO,Z,NOT APPLICABLE,N,NO,X,NOT APPLICABLE,f,f,f,f,f,f,f,f,f,f,f,f,f,f,f,f,f,f,f,SMALL BUSINESS,S,f,f,f,f,f,f,f,f,f,f,f,f,f,f,f,f,f,,f,f,f,f,f,f,f,f,f,f,f,f,f,f,f,f,f,f,f,f,f,f,f,f,f,f,f,f,f,f,f,f,f,f,f,f,f,f,f,f,f,f,f,f,f,f,f,f,f,f,,,,,,,,,,,https://www.usaspending.gov/award/CONT_AWD_DAAH0100CR103_9700_-NONE-_-NONE-/,2022-04-07 13:13:52+00
CONT_AWD_DAAH0101CR184_9700_-NONE-_-NONE-,DAAH0101CR184,,,,,,,,,499970.00,,0.00,0.00,2001-08-15,2001,2021-08-20,2021,2001-08-15,2003-11-18,2021-03-01 00:00:00,,,097,Department of Defense,9763,Defense Contract Management Agency,S4803A,DCMA CONTRACT LIFECYCLE MGMT,097,Department of Defense,2100,Department of the Army,W13W8J,0181 EN CO     ENG VERTICAL CO,,,,,X,NOT APPLICABLE,,,EKPLFGUEJGW3,858801483,"MATERIALS & SYSTEMS RESEARCH, INC.","MATERIALS & SYSTEMS RESEARCH,",,0TV17,EKPLFGUEJGW3,858801483,"MATERIALS & SYSTEMS RESEARCH, INC.",MATERIALS & SYSTEMS RESEARCH  INC.,USA,UNITED STATES,5395 WEST 700 SOUTH,,SALT LAKE CITY,49035,SALT LAKE,49,UT,UTAH,84104,UT-02,UT-02,,,USA,UNITED STATES,WHEAT RIDGE,08059,JEFFERSON,08,CO,COLORADO,800331916,CO-07,CO-07,AWARD,D,DEFINITIVE CONTRACT,,,,,,,U,COST PLUS FIXED FEE,"200111!002739!2100!AH01  !USA AVIATION AND MISSILE COMMAND!DAAH0101CR184  !A!N!*!N!                   !20010815!20031118!858801483!858801483!858801483!N!MATERIALS & SYSTEMS RESEARCH, !5395 WEST 700 SOUTH       !SALT LAKE CITY      !UT!84104!67000!035!49!SALT LAKE CITY      !SALT LAKE             !UTAH      !+000000250000!N!N!000000000000!AD92!RDTE/OTHER DEFENSE-APPLIED RESEARCH               !A2 !MISSILE AND SPACE SYSTEMS     !1000!NOT DISCERNABLE OR CLASSIFIED !541710!*!*!3! ! ! !*!*!*!B!*!*!N!Z!A !N!U!2!002!K!  !Z!N!Z!  !  !N!A!N!N!A! ! ! !B!A!000!A!B!N! ! ! ! !    !      !0001!",,1,,,AD92,R&D- DEFENSE OTHER: OTHER (APPLIED RESEARCH/EXPLORATORY DEVELOPMENT),D,NOT A BUNDLED REQUIREMENT,A2,MISSILE AND SPACE SYSTEMS,541710,"RESEARCH AND DEVELOPMENT IN THE PHYSICAL, ENGINEERING, AND LIFE SCIENCES",,,,,1000,,,,,,,,,,B,PLAN NOT REQUIRED,D,FULL AND OPEN COMPETITION AFTER EXCLUSION OF SOURCES,,,SBA,SMALL BUSINESS SET ASIDE - TOTAL,,,,,,,,,2,D,COMMERCIAL ITEM PROCEDURES NOT USED,f,N,NO,N,NO,X,NOT APPLICABLE,,,0.00,N,NO,X,NOT APPLICABLE,N,NO,X,NOT APPLICABLE,X,NOT APPLICABLE,,,,,,,,NONE,NONE,N,NO,X,NOT APPLICABLE EXEMPT FROM CAS,N,TRANSACTION DOES NOT USE GFE/GFP,N,NO,N,NO,N,NO - SERVICE WHERE PBA IS NOT USED.,N,NO,Z,NOT APPLICABLE,N,NO,X,NOT APPLICABLE,f,f,f,f,f,f,f,f,f,f,f,f,f,t,f,f,f,f,f,SMALL BUSINESS,S,f,f,f,f,f,f,f,f,f,f,f,f,f,f,f,f,f,,f,f,f,f,f,f,f,f,f,f,f,f,f,f,f,f,f,f,f,f,f,f,f,f,f,f,f,f,f,f,f,f,f,f,f,f,f,f,f,f,f,f,f,f,f,t,t,f,f,f,DINESH  SHETTY,33000.00,ANIL  VIRKAR,33000.00,,,,,,,https://www.usaspending.gov/award/CONT_AWD_DAAH0101CR184_9700_-NONE-_-NONE-/,2021-08-25 15:15:19+00
CONT_AWD_DAAH0101CR189_9700_-NONE-_-NONE-,DAAH0101CR189,,,,,,,,,750000.00,,0.00,0.00,2001-07-17,2001,2021-08-23,2021,2001-07-17,2012-01-20,2012-01-20 00:00:00,,,097,Department of Defense,9763,Defense Contract Management Agency,S4803A,DCMA CONTRACT LIFECYCLE MGMT,097,Department of Defense,2100,Department of the Army,W31P4Q,W6QK ACC-RSA,,,,,X,NOT APPLICABLE,,,MK5ANJVWVZK7,,"TDA RESEARCH, INC.",TDA RESEARCH INC,,0BHX7,MK5ANJVWVZK7,,"TDA RESEARCH, INC.",TDA RESEARCH  INC.,USA,UNITED STATES,12345 W 52ND AVE,,WHEAT RIDGE,08059,JEFFERSON,08,CO,COLORADO,80033,CO-07,CO-07,,,USA,UNITED STATES,WHEAT RIDGE,08059,JEFFERSON,08,CO,COLORADO,800331916,CO-07,CO-07,AWARD,D,DEFINITIVE CONTRACT,,,,,,,U,COST PLUS FIXED FEE,200111!002556!2100!AH01  !USA AVIATION AND MISSILE COMMAND!DAAH0101CR189  !A!N!*!N!                   !20010717!20031015!181947730!181947730!181947730!N!TDA RESEARCH INC              !12345 W 52ND AVE          !WHEAT RIDGE         !CO!80033!84440!059!08!WHEAT RIDGE         !JEFFERSON             !COLORADO  !+000000367168!N!N!000000000000!AD92!RDTE/OTHER DEFENSE-APPLIED RESEARCH               !A2 !MISSILE AND SPACE SYSTEMS     !1000!NOT DISCERNABLE OR CLASSIFIED !541710!*!*!3! ! ! !*!*!*!B!*!*!N!Z!A !N!U!2!002!K!  !Z!Y!Z!  !  !N!B!N!N! ! !A! !B!A!000!C!B!N! ! ! ! !    !      !0001!,,1,,,AD92,R&D- DEFENSE OTHER: OTHER (APPLIED RESEARCH/EXPLORATORY DEVELOPMENT),D,NOT A BUNDLED REQUIREMENT,A2,MISSILE AND SPACE SYSTEMS,541710,"RESEARCH AND DEVELOPMENT IN THE PHYSICAL, ENGINEERING, AND LIFE SCIENCES",C,NO CLAUSES INCLUDED AND NO SUSTAINABILITY INCLUDED,,,000,NONE,Z,NOT IT PRODUCTS OR SERVICES,E,NOT REQUIRED,,,,,B,PLAN NOT REQUIRED,D,FULL AND OPEN COMPETITION AFTER EXCLUSION OF SOURCES,NP,NEGOTIATED PROPOSAL/QUOTE,SBA,SMALL BUSINESS SET ASIDE - TOTAL,,,SR2,SMALL BUSINESS INNOVATION RESEARCH PROGRAM PHASE II ACTION,,,,,2,D,COMMERCIAL ITEM PROCEDURES NOT USED,f,N,NO,N,NO,X,NOT APPLICABLE,,,0.00,N,NO,X,NOT APPLICABLE,N,NO,X,NOT APPLICABLE,X,NOT APPLICABLE,,,,,,,,NONE,NONE,Y,YES,X,NOT APPLICABLE EXEMPT FROM CAS,Y,TRANSACTION USES GFE/GFP,N,NO,N,NO,N,NO - SERVICE WHERE PBA IS NOT USED.,N,NO,Z,NOT APPLICABLE,N,NO,X,NOT APPLICABLE,f,f,f,f,f,f,f,f,f,f,f,f,f,f,f,f,f,f,f,SMALL BUSINESS,S,f,f,f,f,f,f,f,f,f,f,f,f,f,f,f,f,f,,f,f,f,f,f,f,f,f,f,f,f,f,f,f,f,f,f,f,f,f,f,f,f,f,f,f,f,f,f,f,f,f,f,f,f,f,f,f,f,f,f,f,f,f,f,f,f,f,f,f,,,,,,,,,,,https://www.usaspending.gov/award/CONT_AWD_DAAH0101CR189_9700_-NONE-_-NONE-/,2022-07-27 16:05:40+00
CONT_AWD_DAAH0102CR184_9700_-NONE-_-NONE-,DAAH0102CR184,,,,,,,,,742650.01,,0.00,0.00,2002-05-23,2002,2021-08-20,2021,2002-05-23,2005-11-30,2005-11-30 00:00:00,,,097,Department of Defense,9763,Defense Contract Management Agency,S4803A,DCMA CONTRACT LIFECYCLE MGMT,097,Department of Defense,2100,Department of the Army,W31G3H,W0H9 US ARMY AVN & MISSLES CMD,,,,,X,NOT APPLICABLE,,,MK5ANJVWVZK7,,"TDA RESEARCH, INC.",TDA RESEARCH INC,,0BHX7,MK5ANJVWVZK7,,"TDA RESEARCH, INC.",TDA RESEARCH  INC.,USA,UNITED STATES,12345 W 52ND AVE,,WHEAT RIDGE,08059,JEFFERSON,08,CO,COLORADO,80033,CO-07,CO-07,,,USA,UNITED STATES,WHEAT RIDGE,08059,JEFFERSON,08,CO,COLORADO,800331916,CO-07,CO-07,AWARD,D,DEFINITIVE CONTRACT,,,,,,,U,COST PLUS FIXED FEE,200209!002235!2100!AH01  !USA AVIATION AND MISSILE COMMAND!DAAH0102CR184  !A!N! !N!                   !20020523!20050830!181947730!181947730!181947730!N!TDA RESEARCH INC              !12345 W 52ND AVE          !WHEAT RIDGE         !CO!80033!84440!059!08!WHEAT RIDGE         !JEFFERSON             !COLORADO  !+000000352634!N!N!000000000000!AD92!RDTE/OTHER DEFENSE-APPLIED RESEARCH               !A2 !MISSILE AND SPACE SYSTEMS     !1000!NOT DISCERNABLE OR CLASSIFIED !541710!E! !3! ! ! ! ! !99990909!B! ! !N!Z!A!N!U!2!002!K!  !Z!N!Z!  !  !N!B!N!N! ! !A! !B!A!000!C!B!N! ! ! ! !    !      !0001!,,1,,,AD92,R&D- DEFENSE OTHER: OTHER (APPLIED RESEARCH/EXPLORATORY DEVELOPMENT),D,NOT A BUNDLED REQUIREMENT,A2,MISSILE AND SPACE SYSTEMS,541710,"RESEARCH AND DEVELOPMENT IN THE PHYSICAL, ENGINEERING, AND LIFE SCIENCES",C,NO CLAUSES INCLUDED AND NO SUSTAINABILITY INCLUDED,,,1000,,,,E,NOT REQUIRED,,,,,B,PLAN NOT REQUIRED,D,FULL AND OPEN COMPETITION AFTER EXCLUSION OF SOURCES,,,SBA,SMALL BUSINESS SET ASIDE - TOTAL,,,SR2,SMALL BUSINESS INNOVATION RESEARCH PROGRAM PHASE II ACTION,,,,,2,D,COMMERCIAL ITEM PROCEDURES NOT USED,f,N,NO,N,NO,X,NOT APPLICABLE,,,0.00,N,NO,X,NOT APPLICABLE,N,NO,X,NOT APPLICABLE,X,NOT APPLICABLE,,,,,,,,NONE,NONE,N,NO,X,NOT APPLICABLE EXEMPT FROM CAS,N,TRANSACTION DOES NOT USE GFE/GFP,N,NO,N,NO,N,NO - SERVICE WHERE PBA IS NOT USED.,N,NO,Z,NOT APPLICABLE,N,NO,X,NOT APPLICABLE,f,f,f,f,f,f,f,f,f,f,f,f,f,f,f,f,f,f,f,SMALL BUSINESS,S,f,f,f,f,f,f,f,f,f,f,f,f,f,f,f,f,f,,f,f,f,f,f,f,f,f,f,f,f,f,f,f,f,f,f,f,f,f,f,f,f,f,f,f,f,f,f,f,f,f,f,f,f,f,f,f,f,f,f,f,f,f,f,f,f,f,f,f,,,,,,,,,,,https://www.usaspending.gov/award/CONT_AWD_DAAH0102CR184_9700_-NONE-_-NONE-/,2022-04-07 13:13:52+00
CONT_AWD_DABK2503C0002_9700_-NONE-_-NONE-,DABK2503C0002,,,,,,,,,291336932.27,,441237.00,1214515.00,2003-06-25,2003,2021-08-20,2021,2003-06-25,2009-05-31,2009-05-31 00:00:00,,,097,Department of Defense,2100,Department of the Army,W9124E,W6QM MICC-FT POLK,097,Department of Defense,2100,Department of the Army,W42QQ4,W0VF RMO,,,,,X,NOT APPLICABLE,,,W6T8K184C5V8,113500284,"AMENTUM GOVERNMENT SERVICES, INC.","AMENTUM GOVERNMENT SERVICES, INC.",AGS,2X996,NACNFSZD87F6,153561212,AECOM,AECOM SERVICES  INC.,USA,UNITED STATES,20501 SENECA MEADOWS PKWY STE 300,,GERMANTOWN,24031,MONTGOMERY,24,MD,MARYLAND,208767019,MD-06,MD-06,7037456015,,USA,UNITED STATES,FORT POLK,22115,VERNON,22,LA,LOUISIANA,714593104,LA-04,LA-04,AWARD,D,DEFINITIVE CONTRACT,,,,,,,R,COST PLUS AWARD FEE,,,1,,,S216,HOUSEKEEPING- FACILITIES OPERATIONS SUPPORT,D,NOT A BUNDLED REQUIREMENT,S1,SERVICES,561210,FACILITIES SUPPORT SERVICES,C,NO CLAUSES INCLUDED AND NO SUSTAINABILITY INCLUDED,,,000,NONE,Z,NOT IT PRODUCTS OR SERVICES,E,NOT REQUIRED,USA,UNITED STATES,C,NOT A MANUFACTURED END PRODUCT,C,PLAN REQUIRED - INCENTIVE NOT INCLUDED,A,FULL AND OPEN COMPETITION,SB,SEALED BID,NONE,NO SET ASIDE USED.,NONE,NO PREFERENCE USED,,,,,,,4,D,COMMERCIAL ITEM PROCEDURES NOT USED,f,N,NO,N,NO,Y,YES,,,0.00,N,NO,X,NOT APPLICABLE,Y,YES,X,NOT APPLICABLE,X,NOT APPLICABLE,,,,,,,,NONE,NONE,N,NO,Y,YES - CAS CLAUSE INCLUDED,N,TRANSACTION DOES NOT USE GFE/GFP,U,UNKNOWN,N,NO,N,NO - SERVICE WHERE PBA IS NOT USED.,N,NO,Z,NOT APPLICABLE,N,NO,X,NOT APPLICABLE,f,f,f,f,f,f,f,f,f,f,f,f,f,f,f,f,f,f,f,OTHER THAN SMALL BUSINESS,O,f,f,f,f,f,f,f,f,f,f,f,f,f,f,f,f,f,CORPORATE NOT TAX EXEMPT,t,f,f,f,f,f,f,f,f,f,f,f,f,f,f,f,f,t,f,f,f,f,f,f,f,f,f,f,t,f,f,f,f,f,f,f,f,f,f,f,f,f,f,f,f,f,f,f,f,f,,,,,,,,,,,https://www.usaspending.gov/award/CONT_AWD_DABK2503C0002_9700_-NONE-_-NONE-/,2021-11-01 14:45:30+00
CONT_AWD_F0960303C0347_9700_-NONE-_-NONE-,F0960303C0347,,,,,,,,,33367686.72,,32937839.63,25946066.63,2003-09-26,2003,2021-08-17,2021,2003-09-26,2021-09-05,2021-09-05 00:00:00,,,097,Department of Defense,9763,Defense Contract Management Agency,S0302A,DCMA MOUNTAIN PACIFIC,097,Department of Defense,5700,Department of the Air Force,FA8505,FA8505  AFLCMC WAQKB,,,,,X,NOT APPLICABLE,,,FGALAZF3ERP2,186599767,HONEYWELL INTERNATIONAL INC.,HONEYWELL INTERNATIONAL INC,,5Y043,YBVGQEYENNM6,139691877,HONEYWELL INTERNATIONAL INC,HONEYWELL INTERNATIONAL INC.,USA,UNITED STATES,21640 N  12TH AVE,,PHOENIX,04013,MARICOPA,04,AZ,ARIZONA,85027,AZ-06,AZ-90,,,USA,UNITED STATES,PHOENIX,04013,MARICOPA,04,AZ,ARIZONA,850272764,AZ-06,AZ-01,AWARD,D,DEFINITIVE CONTRACT,,,,,,,J,FIRM FIXED PRICE,200312!000273!5700!GJ60  !WARNER ROBINS ALC/LFK           !F0960303C0347  !A!N! !N!                   !20030926!20130930!186599767!186599767!139691877!N!HONEYWELL INTERNATIONAL INC   !21640 N  12TH AVE         !PHOENIX             !AZ!85027!65968!153!13!ROBINS AFB          !HOUSTON               !GEORGIA   !+000002183301!N!N!000000000000!5895!MISCELLANEOUS COMMUNICATION EQUIPMENT             !A1A!AIRFRAMES AND SPARES          !3AFF!F-15 EAGLE                    !334290!E! !3! ! ! ! ! !99990909!B! ! !A! !D!N!J!1!001!N!1G!Z!N!Z!  !  !Y!C!N! ! ! !A!A!A!A!000!A!C!N! ! ! ! !    !      !0001! !,,1,,,5895,MISCELLANEOUS COMMUNICATION EQUIPMENT,D,NOT A BUNDLED REQUIREMENT,A1A,AIRFRAMES AND SPARES,334290,OTHER COMMUNICATIONS EQUIPMENT MANUFACTURING,C,NO CLAUSES INCLUDED AND NO SUSTAINABILITY INCLUDED,,,000,NONE,Z,NOT IT PRODUCTS OR SERVICES,E,NOT REQUIRED,USA,UNITED STATES,D,MFG IN U.S.,C,PLAN REQUIRED - INCENTIVE NOT INCLUDED,C,NOT COMPETED,SSS,ONLY ONE SOURCE,NONE,NO SET ASIDE USED.,NONE,NO PREFERENCE USED,,,,,ONE,ONLY ONE SOURCE-OTHER (FAR 6.302-1 OTHER),1,A,COMMERCIAL ITEM,f,N,NO,N,NO,Y,YES,,,0.00,N,NO,N,NO,X,NOT APPLICABLE,X,NOT APPLICABLE,X,NOT APPLICABLE,,,,,,,,NONE,NONE,N,NO,X,NOT APPLICABLE EXEMPT FROM CAS,Y,TRANSACTION USES GFE/GFP,N,NO,N,NO,X,NOT APPLICABLE,N,NO,Z,NOT APPLICABLE,N,NO,X,NOT APPLICABLE,f,f,f,f,f,f,f,f,f,f,f,f,f,f,f,f,f,f,f,OTHER THAN SMALL BUSINESS,O,f,f,f,f,f,f,f,f,f,f,f,f,f,f,f,f,f,,f,f,f,f,f,f,f,f,f,f,f,f,f,f,f,f,f,f,f,f,f,f,f,f,f,f,f,f,f,f,f,f,f,f,f,f,f,f,f,f,f,f,f,f,f,f,f,f,f,f,,,,,,,,,,,https://www.usaspending.gov/award/CONT_AWD_F0960303C0347_9700_-NONE-_-NONE-/,2021-08-27 16:39:29+00
CONT_AWD_FA226321C0014_9700_-NONE-_-NONE-,FA226321C0014,,,,Q: Not Designated Nonemergency/Emergency/Disaster/Wildfire Suppression,,,,,3355000.00,0.00,3355000.00,3355000.00,2021-01-28,2021,2021-08-17,2021,2021-01-28,2022-09-30,2022-09-30 00:00:00,,2020-09-29,097,Department of Defense,5700,Department of the Air Force,FA2263,FA2263 AFLCMC ROMK AFMETCAL,097,Department of Defense,5700,Department of the Air Force,F4FTMM,F4FTMM AFLCMC WNM AFMETCAL SUPPLIES,057-2020/2022-3010-000,057-3010,31.0: Equipment,0001: COMBAT AIRCRAFT,A,FOREIGN FUNDS FMS,,,DFLDAUBMHMV4,105451665,"ADVANCED INTEGRATION, LLC","ADVANCED INTEGRATION, LLC",,3CMK9,DFLDAUBMHMV4,105451665,"ADVANCED INTEGRATION, LLC",ADVANCED INTEGRATION  LLC,USA,UNITED STATES,6880 TUSSING RD,,REYNOLDSBURG,39049,FRANKLIN,39,OH,OHIO,430684101,OH-03,OH-15,6148632433,6148632544,USA,UNITED STATES,REYNOLDSBURG,39049,FRANKLIN,39,OH,OHIO,430684101,OH-03,OH-15,AWARD,D,DEFINITIVE CONTRACT,,,,,,,J,FIRM FIXED PRICE,PORTABLE AUTOMATIC TEST EQUIPMENT CALIBRATORS (PATEC),FA226320Q0002,1,,,6625,ELECTRICAL AND ELECTRONIC PROPERTIES MEASURING AND TESTING INSTRUMENTS,H,NOT BUNDLED,A7,ELECTRONICS AND COMMUNICATION EQUIPMENT,334515,INSTRUMENT MANUFACTURING FOR MEASURING AND TESTING ELECTRICITY AND ELECTRICAL SIGNALS,C,NO CLAUSES INCLUDED AND NO SUSTAINABILITY INCLUDED,A,U.S. OWNED BUSINESS,000,NONE,Z,NOT IT PRODUCTS OR SERVICES,E,NOT REQUIRED,USA,UNITED STATES,D,MFG IN U.S.,B,PLAN NOT REQUIRED,F,COMPETED UNDER SAP,SP1,SIMPLIFIED ACQUISITION,SBA,SMALL BUSINESS SET ASIDE - TOTAL,NONE,NO PREFERENCE USED,,,,,,,2,A,COMMERCIAL ITEM,f,Y,YES,N,NO,Y,YES,N,NO,0.00,N,NO,X,NOT APPLICABLE,X,NOT APPLICABLE,X,NOT APPLICABLE,X,NOT APPLICABLE,,,,,,,,NONE,NONE,W,NOT OBTAINED - WAIVED,X,NOT APPLICABLE EXEMPT FROM CAS,N,TRANSACTION DOES NOT USE GFE/GFP,N,NO,D,NOT CONSOLIDATED,X,NOT APPLICABLE,N,NO,F,PERFORMANCE-BASED FINANCING,N,NO,X,NOT APPLICABLE,f,f,f,f,f,t,f,f,f,f,f,f,f,f,f,f,f,f,f,SMALL BUSINESS,S,f,f,f,f,f,f,f,f,f,f,f,f,f,f,f,f,f,CORPORATE NOT TAX EXEMPT,t,f,f,f,f,f,f,f,f,f,f,f,f,f,f,f,f,t,f,f,f,f,f,f,f,f,t,f,t,f,f,f,f,f,f,f,f,f,f,f,f,f,f,f,f,f,f,f,f,f,,,,,,,,,,,https://www.usaspending.gov/award/CONT_AWD_FA226321C0014_9700_-NONE-_-NONE-/,2021-08-17 13:28:02+00
CONT_AWD_FA248721C0011_9700_-NONE-_-NONE-,FA248721C0011,,,,Q: Not Designated Nonemergency/Emergency/Disaster/Wildfire Suppression,,,,,750000.00,0.00,750000.00,750000.00,2021-06-15,2021,2021-08-20,2021,2021-06-15,2023-06-15,2023-06-15 00:00:00,,2021-01-06,097,Department of Defense,5700,Department of the Air Force,FA2487,FA2487  AFTC PZZD (EGLIN),097,Department of Defense,5700,Department of the Air Force,F4FBEQ,F4FBEQ AFRL RGF,057-2020/2021-3600-000,057-3600,25.5: Research and development contracts,0001: BASIC RESEARCH,X,NOT APPLICABLE,,,DNE7MBEM1C45,079422616,IDAHO SCIENTIFIC LLC,IDAHO SCIENTIFIC LLC,,75CK3,DNE7MBEM1C45,079422616,IDAHO SCIENTIFIC LLC,IDAHO SCIENTIFIC LLC,USA,UNITED STATES,199 N CAPITOL BLVD STE 402,,BOISE,16001,ADA,16,ID,IDAHO,837025937,ID-02,ID-02,2085962248,,USA,UNITED STATES,BOISE,16001,ADA,16,ID,IDAHO,837025937,ID-02,ID-02,AWARD,D,DEFINITIVE CONTRACT,,,,,,,J,FIRM FIXED PRICE,SMALL BUSINESS INNOVATION RESEARCH PHASE II - SECURE ASSURED FILE TRANSFER (SAFE-T) DRIVE,,1,OT,OTHER FUNCTIONS,AC33,NATIONAL DEFENSE R&D SERVICES; DEFENSE-RELATED ACTIVITIES; EXPERIMENTAL DEVELOPMENT,H,NOT BUNDLED,A5,WEAPONS,541715,"RESEARCH AND DEVELOPMENT IN THE PHYSICAL, ENGINEERING, AND LIFE SCIENCES (EXCEPT NANOTECHNOLOGY AND BIOTECHNOLOGY)",C,NO CLAUSES INCLUDED AND NO SUSTAINABILITY INCLUDED,A,U.S. OWNED BUSINESS,000,NONE,Z,NOT IT PRODUCTS OR SERVICES,E,NOT REQUIRED,USA,UNITED STATES,C,NOT A MANUFACTURED END PRODUCT,B,PLAN NOT REQUIRED,D,FULL AND OPEN COMPETITION AFTER EXCLUSION OF SOURCES,NP,NEGOTIATED PROPOSAL/QUOTE,SBA,SMALL BUSINESS SET ASIDE - TOTAL,NONE,NO PREFERENCE USED,SR2,SMALL BUSINESS INNOVATION RESEARCH PROGRAM PHASE II ACTION,,,,,1,D,COMMERCIAL ITEM PROCEDURES NOT USED,f,N,NO,N,NO,X,NOT APPLICABLE,N,NO,0.00,N,NO,X,NOT APPLICABLE,X,NOT APPLICABLE,X,NOT APPLICABLE,X,NOT APPLICABLE,,,,,,,,NONE,NONE,N,NO,X,NOT APPLICABLE EXEMPT FROM CAS,N,TRANSACTION DOES NOT USE GFE/GFP,U,UNKNOWN,D,NOT CONSOLIDATED,Y,YES - SERVICE WHERE PBA IS USED.,N,NO,Z,NOT APPLICABLE,N,NO,X,NOT APPLICABLE,f,f,f,f,f,f,f,f,f,f,f,f,f,f,f,f,f,f,f,SMALL BUSINESS,S,f,f,f,f,f,f,f,f,f,f,f,f,f,f,f,f,f,SOLE PROPRIETORSHIP,f,f,f,t,f,f,f,f,f,f,f,f,f,f,f,f,f,t,f,f,f,f,f,f,f,f,t,f,t,f,f,f,f,f,f,f,f,f,f,f,f,f,f,f,f,f,f,f,f,f,,,,,,,,,,,https://www.usaspending.gov/award/CONT_AWD_FA248721C0011_9700_-NONE-_-NONE-/,2021-08-20 15:36:57+00
CONT_AWD_FA255017C2009_9700_-NONE-_-NONE-,FA255017C2009,,,,Q: Not Designated Nonemergency/Emergency/Disaster/Wildfire Suppression,,,,,661864.98,0.00,661864.98,1490992.98,2017-09-13,2017,2021-08-17,2021,2017-09-25,2022-09-24,2022-09-24 00:00:00,,,097,Department of Defense,5700,Department of the Air Force,FA2550,FA2550  50 CONS PKP,097,Department of Defense,5700,Department of the Air Force,F3R0C0,F3R0C0 50 SW COMPTROLLER SQUADRON,057-2017/2017-3400-000;057-2019/2019-3400-000;057-2020/2020-3400-000,057-3400,25.1: Advisory and assistance services,,X,NOT APPLICABLE,,,VEWPLY1UA1T5,,"ACCENTZ, INC.","ACCENTZ, INC.",,6G3R3,VEWPLY1UA1T5,,"ACCENTZ, INC.",ACCENTZ  INC.,USA,UNITED STATES,6695 S QUEMOY CIR,,AURORA,08005,ARAPAHOE,08,CO,COLORADO,800162686,CO-06,CO-06,3038085336,3036486480,USA,UNITED STATES,COLORADO SPRINGS,08041,EL PASO,08,CO,COLORADO,809127150,CO-05,CO-05,AWARD,D,DEFINITIVE CONTRACT,,,,,,,J,FIRM FIXED PRICE,IGF::OT::IGF COST ESTIMATING AND ACCOUNTING LIAISON SERVICES,FA255017R2007,1,OT,OTHER FUNCTIONS,R703,SUPPORT- MANAGEMENT: ACCOUNTING,H,NOT BUNDLED,S1,SERVICES,541219,OTHER ACCOUNTING SERVICES,C,NO CLAUSES INCLUDED AND NO SUSTAINABILITY INCLUDED,A,U.S. OWNED BUSINESS,000,NONE,Z,NOT IT PRODUCTS OR SERVICES,E,NOT REQUIRED,USA,UNITED STATES,C,NOT A MANUFACTURED END PRODUCT,B,PLAN NOT REQUIRED,B,NOT AVAILABLE FOR COMPETITION,SSS,ONLY ONE SOURCE,8AN,8(A) SOLE SOURCE,NONE,NO PREFERENCE USED,,,,,OTH,AUTHORIZED BY STATUTE (FAR 6.302-5(A)(2)(I)),1,A,COMMERCIAL ITEM,f,N,NO,N,NO,Y,YES,N,NO,0.00,N,NO,X,NOT APPLICABLE,Y,YES,X,NOT APPLICABLE,X,NOT APPLICABLE,,,,,,,,NONE,NONE,N,NO,X,NOT APPLICABLE EXEMPT FROM CAS,N,TRANSACTION DOES NOT USE GFE/GFP,U,UNKNOWN,D,NOT CONSOLIDATED,Y,YES - SERVICE WHERE PBA IS USED.,N,NO,Z,NOT APPLICABLE,N,NO,X,NOT APPLICABLE,f,f,f,f,f,f,f,t,t,t,f,f,t,t,f,f,f,f,f,SMALL BUSINESS,S,f,f,f,f,f,f,f,f,f,f,f,f,f,f,f,f,f,CORPORATE NOT TAX EXEMPT,t,f,f,f,f,f,f,f,f,f,f,f,f,f,f,f,f,t,f,f,f,f,f,f,f,t,f,f,t,f,f,f,f,f,f,f,f,f,f,f,f,f,f,f,t,f,f,t,f,f,,,,,,,,,,,https://www.usaspending.gov/award/CONT_AWD_FA255017C2009_9700_-NONE-_-NONE-/,2022-10-18 20:21:51+00
CONT_AWD_FA300219CA005_9700_-NONE-_-NONE-,FA300219CA005,,,,Q: Not Designated Nonemergency/Emergency/Disaster/Wildfire Suppression,,,,,5257522.22,1326442.72,8799634.04,10149372.62,2019-01-24,2019,2021-08-18,2021,2019-01-22,2021-04-22,2021-04-22 00:00:00,,2018-12-02,097,Department of Defense,5700,Department of the Air Force,FA3002,FA3002  338 ESS CC,097,Department of Defense,5700,Department of the Air Force,F3PT61,HQ AFRS CCEA,057-2019/2019-3400-000;057-2020/2020-3400-000,057-3400,25.2: Other services from non-Federal sources;25.7: Operation and maintenance of equipment,0001: OPERATING FORCES,X,NOT APPLICABLE,,,X9Y2PL4NYAE1,144665846,AVITURE INC,"AVITURE, INC.",,3SLV0,X9Y2PL4NYAE1,144665846,AVITURE INC,AVITURE  INC.,USA,UNITED STATES,"2802 FLINTROCK TRACE, SUITE 2016",,AUSTIN,48453,TRAVIS,48,TX,TEXAS,787381743,TX-02,TX-25,8005904950,8008717350,USA,UNITED STATES,AUSTIN,48453,TRAVIS,48,TX,TEXAS,787011001,TX-21,TX-37,AWARD,D,DEFINITIVE CONTRACT,,,,,,,J,FIRM FIXED PRICE,DELIVERY OF MOBILE WEB APPLICATION AND INCIDENTAL SERVICES,FA300219QA001,1,OT,OTHER FUNCTIONS,7030,INFORMATION TECHNOLOGY SOFTWARE,H,NOT BUNDLED,C9E,ALL OTHERS NOT IDENTIFIABLE TO ANY OTHER PROCUREMENT PROGRAM,519190,ALL OTHER INFORMATION SERVICES,C,NO CLAUSES INCLUDED AND NO SUSTAINABILITY INCLUDED,A,U.S. OWNED BUSINESS,000,NONE,B,OTHER COMMERCIAL ITEM,E,NOT REQUIRED,USA,UNITED STATES,D,MFG IN U.S.,B,PLAN NOT REQUIRED,F,COMPETED UNDER SAP,SP1,SIMPLIFIED ACQUISITION,SBA,SMALL BUSINESS SET ASIDE - TOTAL,NONE,NO PREFERENCE USED,,,,,,,1,B,SUPPLIES OR SERVICES PURSUANT TO FAR 12.102(F),f,Y,YES,N,NO,Y,YES,N,NO,0.00,N,NO,X,NOT APPLICABLE,X,NOT APPLICABLE,X,NOT APPLICABLE,X,NOT APPLICABLE,,,,,,,,NONE,NONE,N,NO,X,NOT APPLICABLE EXEMPT FROM CAS,N,TRANSACTION DOES NOT USE GFE/GFP,N,NO,D,NOT CONSOLIDATED,X,NOT APPLICABLE,N,NO,Z,NOT APPLICABLE,N,NO,X,NOT APPLICABLE,f,f,f,f,f,t,f,f,f,f,f,f,t,f,f,f,t,f,f,SMALL BUSINESS,S,f,f,f,f,f,f,f,f,f,f,f,f,f,f,f,f,f,CORPORATE NOT TAX EXEMPT,t,f,f,f,f,f,f,f,f,f,f,f,f,f,f,f,f,t,f,f,f,f,f,f,f,t,f,f,t,f,f,f,f,f,f,f,f,f,f,f,f,f,f,f,f,t,f,f,f,f,,,,,,,,,,,https://www.usaspending.gov/award/CONT_AWD_FA300219CA005_9700_-NONE-_-NONE-/,2021-08-18 17:17:42+00
CONT_AWD_FA300220C0015_9700_-NONE-_-NONE-,FA300220C0015,,,,Q: Not Designated Nonemergency/Emergency/Disaster/Wildfire Suppression,,,,,1963635.72,1577718.10,1999947.72,1999947.72,2020-07-01,2020,2021-08-17,2021,2020-07-01,2021-06-30,2021-06-30 00:00:00,,2020-05-28,097,Department of Defense,5700,Department of the Air Force,FA3002,FA3002  338 ESS CC,097,Department of Defense,5700,Department of the Air Force,F3PH2A,F3PH2A HQ 19AF,057-2020/2020-3400-000,057-3400,31.0: Equipment,0001: OPERATING FORCES,X,NOT APPLICABLE,,,JJ9BBEJC9K18,128516114,DISCOVERY MACHINE INC,"DISCOVERY MACHINE, INC.",,1PL43,JJ9BBEJC9K18,128516114,DISCOVERY MACHINE INC,DISCOVERY MACHINE INC,USA,UNITED STATES,153 W FOURTH ST UNIT 1,,WILLIAMSPORT,42081,LYCOMING,42,PA,PENNSYLVANIA,177016121,PA-12,PA-09,5706011966,5703295662,USA,UNITED STATES,RANDOLPH AFB,48029,BEXAR,48,TX,TEXAS,781504419,TX-28,TX-28,AWARD,D,DEFINITIVE CONTRACT,,,,,,,J,FIRM FIXED PRICE,SBIR PHASE 3 AWARD FOR DMI VIPER INTEGRATION AND ENHANCEMENTS,,1,OT,OTHER FUNCTIONS,D318,"IT AND TELECOM- INTEGRATED HARDWARE/SOFTWARE/SERVICES SOLUTIONS, PREDOMINANTLY SERVICES",H,NOT BUNDLED,C9E,ALL OTHERS NOT IDENTIFIABLE TO ANY OTHER PROCUREMENT PROGRAM,541715,"RESEARCH AND DEVELOPMENT IN THE PHYSICAL, ENGINEERING, AND LIFE SCIENCES (EXCEPT NANOTECHNOLOGY AND BIOTECHNOLOGY)",C,NO CLAUSES INCLUDED AND NO SUSTAINABILITY INCLUDED,A,U.S. OWNED BUSINESS,000,NONE,E,COMMERCIAL SERVICE,E,NOT REQUIRED,USA,UNITED STATES,C,NOT A MANUFACTURED END PRODUCT,B,PLAN NOT REQUIRED,B,NOT AVAILABLE FOR COMPETITION,SSS,ONLY ONE SOURCE,NONE,NO SET ASIDE USED.,NONE,NO PREFERENCE USED,SR3,SMALL BUSINESS INNOVATION RESEARCH PROGRAM PHASE III ACTION,,,OTH,AUTHORIZED BY STATUTE (FAR 6.302-5(A)(2)(I)),1,A,COMMERCIAL ITEM,f,N,NO,N,NO,X,NOT APPLICABLE,N,NO,0.00,N,NO,X,NOT APPLICABLE,X,NOT APPLICABLE,X,NOT APPLICABLE,X,NOT APPLICABLE,,,,,,,,NONE,NONE,N,NO,X,NOT APPLICABLE EXEMPT FROM CAS,N,TRANSACTION DOES NOT USE GFE/GFP,N,NO,D,NOT CONSOLIDATED,Y,YES - SERVICE WHERE PBA IS USED.,N,NO,Z,NOT APPLICABLE,N,NO,X,NOT APPLICABLE,f,f,f,f,f,f,f,t,t,f,f,f,f,f,f,f,f,f,f,SMALL BUSINESS,S,f,f,f,f,f,f,f,f,f,f,f,f,f,f,f,f,f,CORPORATE NOT TAX EXEMPT,t,f,f,f,f,f,f,f,f,f,f,f,f,f,f,f,f,t,f,f,f,f,f,f,f,t,f,f,t,f,f,f,f,f,f,f,f,f,f,f,f,f,f,f,f,f,f,f,t,f,,,,,,,,,,,https://www.usaspending.gov/award/CONT_AWD_FA300220C0015_9700_-NONE-_-NONE-/,2021-08-17 11:56:42+00
CONT_AWD_FA301020C0028_9700_-NONE-_-NONE-,FA301020C0028,,,,Q: Not Designated Nonemergency/Emergency/Disaster/Wildfire Suppression,,,,,706804.24,0.00,706804.24,706804.24,2020-09-23,2020,2021-08-23,2021,2020-09-23,2021-11-05,2021-11-05 00:00:00,,2020-07-31,097,Department of Defense,5700,Department of the Air Force,FA3010,FA3010  81 CONS CC,097,Department of Defense,97AV,Defense Counterintelligence and Security Agency,HS0021,DEFENSE CI AND SECURITY AGENCY,097-2020/2020-0100-000,097-0100,32.0: Land and structures,OPTN: FIELD IS OPTIONAL PRIOR TO FY21,X,NOT APPLICABLE,,,K9AGH98YB8V3,,"GSI CONSTRUCTION CORPORATION, INC.","GSI CONSTRUCTION CORPORATION, INC",,6LFP6,K9AGH98YB8V3,,"GSI CONSTRUCTION CORPORATION, INC.",GSI CONSTRUCTION CORPORATION  INC,USA,UNITED STATES,2993 WALLACE LAKE RD,,PACE,12113,SANTA ROSA,12,FL,FLORIDA,325719177,FL-01,FL-01,8505547149,8504290145,USA,UNITED STATES,BILOXI,28047,HARRISON,28,MS,MISSISSIPPI,395342701,MS-04,MS-04,AWARD,D,DEFINITIVE CONTRACT,,,,,,,J,FIRM FIXED PRICE,RENOVATE BUILDING 412 FOR DCSA,FA301020R0038,1,OT,OTHER FUNCTIONS,Z2AA,REPAIR OR ALTERATION OF OFFICE BUILDINGS,H,NOT BUNDLED,C2,CONSTRUCTION,236220,COMMERCIAL AND INSTITUTIONAL BUILDING CONSTRUCTION,C,NO CLAUSES INCLUDED AND NO SUSTAINABILITY INCLUDED,A,U.S. OWNED BUSINESS,000,NONE,Z,NOT IT PRODUCTS OR SERVICES,E,NOT REQUIRED,USA,UNITED STATES,C,NOT A MANUFACTURED END PRODUCT,B,PLAN NOT REQUIRED,D,FULL AND OPEN COMPETITION AFTER EXCLUSION OF SOURCES,NP,NEGOTIATED PROPOSAL/QUOTE,SDVOSBC,SERVICE DISABLED VETERAN OWNED SMALL BUSINESS SET-ASIDE,NONE,NO PREFERENCE USED,,,,,,,3,D,COMMERCIAL ITEM PROCEDURES NOT USED,f,N,NO,N,NO,Y,YES,N,NO,0.00,N,NO,X,NOT APPLICABLE,X,NOT APPLICABLE,Y,YES,X,NOT APPLICABLE,,,,,,,,NONE,NONE,N,NO,X,NOT APPLICABLE EXEMPT FROM CAS,N,TRANSACTION DOES NOT USE GFE/GFP,U,UNKNOWN,D,NOT CONSOLIDATED,N,NO - SERVICE WHERE PBA IS NOT USED.,N,NO,Z,NOT APPLICABLE,N,NO,X,NOT APPLICABLE,f,f,f,f,f,t,t,f,f,f,f,f,f,f,f,f,f,f,f,SMALL BUSINESS,S,f,f,f,f,f,f,f,f,f,f,f,f,f,f,f,f,f,CORPORATE NOT TAX EXEMPT,t,f,f,f,f,f,f,f,f,f,f,f,f,f,f,f,f,t,f,f,f,f,f,f,f,t,f,f,t,f,f,f,f,f,f,f,f,f,f,f,f,f,f,f,f,f,f,f,f,f,,,,,,,,,,,https://www.usaspending.gov/award/CONT_AWD_FA301020C0028_9700_-NONE-_-NONE-/,2024-02-09 15:26:35+00
CONT_AWD_FA301621C0039_9700_-NONE-_-NONE-,FA301621C0039,,,,Q: Not Designated Nonemergency/Emergency/Disaster/Wildfire Suppression,,,,,110130.63,0.00,110130.63,126590.63,2021-05-14,2021,2021-08-20,2021,2021-05-14,2021-10-31,2026-10-31 00:00:00,,2020-11-12,097,Department of Defense,5700,Department of the Air Force,FA3016,FA3016  502 CONS CL,097,Department of Defense,5700,Department of the Air Force,F2MRAU,F2MRAU 502 ABW CC,057-2021/2021-3400-000,057-3400,31.0: Equipment,0001: OPERATING FORCES,X,NOT APPLICABLE,,,CWBUKRTUUFY1,079260250,VTS GROUP INC,VTS GROUP,,72RV3,CWBUKRTUUFY1,079260250,VTS GROUP INC,VTS GROUP,USA,UNITED STATES,121 ROSEWOOD DR,,LA VERNIA,48493,WILSON,48,TX,TEXAS,781214757,TX-28,TX-15,2103900598,8882903648,USA,UNITED STATES,LA VERNIA,48493,WILSON,48,TX,TEXAS,781214757,TX-28,TX-15,AWARD,D,DEFINITIVE CONTRACT,,,,,,,J,FIRM FIXED PRICE,502 CONS VTC UPGRADES,FA301621Q0009,1,,,7G21,IT AND TELECOM - NETWORK: DIGITAL NETWORK PRODUCTS (HARDWARE AND PERPETUAL LICENSE SOFTWARE),H,NOT BUNDLED,A7,ELECTRONICS AND COMMUNICATION EQUIPMENT,334310,AUDIO AND VIDEO EQUIPMENT MANUFACTURING,A,FAR 52.223-4 INCLUDED,A,U.S. OWNED BUSINESS,000,NONE,A,COMMERCIALLY AVAILABLE,A,MEETS REQUIREMENTS,USA,UNITED STATES,D,MFG IN U.S.,B,PLAN NOT REQUIRED,G,NOT COMPETED UNDER SAP,SP1,SIMPLIFIED ACQUISITION,8AN,8(A) SOLE SOURCE,NONE,NO PREFERENCE USED,,,,,OTH,AUTHORIZED BY STATUTE (FAR 6.302-5(A)(2)(I)),1,A,COMMERCIAL ITEM,f,N,NO,N,NO,X,NOT APPLICABLE,N,NO,0.00,N,NO,X,NOT APPLICABLE,N,NO,X,NOT APPLICABLE,X,NOT APPLICABLE,,,,,,,,NONE,NONE,N,NO,X,NOT APPLICABLE EXEMPT FROM CAS,N,TRANSACTION DOES NOT USE GFE/GFP,N,NO,D,NOT CONSOLIDATED,X,NOT APPLICABLE,N,NO,Z,NOT APPLICABLE,N,NO,X,NOT APPLICABLE,f,f,f,f,f,t,t,f,f,f,f,f,t,f,f,f,t,f,f,SMALL BUSINESS,S,f,f,f,f,f,f,f,f,f,f,f,f,f,f,f,f,f,SOLE PROPRIETORSHIP,f,f,f,t,f,f,f,f,f,f,f,f,f,f,f,f,f,t,f,f,f,f,f,f,f,f,t,f,t,f,f,f,f,f,f,f,f,f,f,f,f,f,f,f,f,t,f,t,f,f,,,,,,,,,,,https://www.usaspending.gov/award/CONT_AWD_FA301621C0039_9700_-NONE-_-NONE-/,2021-08-20 08:25:12+00
CONT_AWD_FA330021C0044_9700_-NONE-_-NONE-,FA330021C0044,,,,,,,,,119424.00,,119424.00,119424.00,2021-08-18,2021,2021-08-18,2021,2021-09-30,2022-09-29,2022-09-29 00:00:00,,2021-08-04,097,Department of Defense,5700,Department of the Air Force,FA3300,FA3300  42 CONS CC,097,Department of Defense,5700,Department of the Air Force,F2X4A2,F2X4A2 42 MDSS SGSLA,,,,,X,NOT APPLICABLE,,,DJS8EKA7DLZ6,078720033,SERVEFED INC.,SERVEFED INC.,,73W11,DJS8EKA7DLZ6,078720033,SERVEFED INC.,SERVEFED INC.,USA,UNITED STATES,4539 METROPOLITAN CT STE 202,,FREDERICK,24021,FREDERICK,24,MD,MARYLAND,217049452,MD-06,MD-06,3016371767,3016371576,USA,UNITED STATES,MONTGOMERY,01101,MONTGOMERY,01,AL,ALABAMA,361125000,AL-02,AL-02,AWARD,D,DEFINITIVE CONTRACT,,,,,,,J,FIRM FIXED PRICE,DISEASE MANAGER NURSE,,1,OT,OTHER FUNCTIONS,Q401,MEDICAL- NURSING,H,NOT BUNDLED,S1,SERVICES,621399,OFFICES OF ALL OTHER MISCELLANEOUS HEALTH PRACTITIONERS,C,NO CLAUSES INCLUDED AND NO SUSTAINABILITY INCLUDED,A,U.S. OWNED BUSINESS,000,NONE,Z,NOT IT PRODUCTS OR SERVICES,E,NOT REQUIRED,USA,UNITED STATES,C,NOT A MANUFACTURED END PRODUCT,B,PLAN NOT REQUIRED,G,NOT COMPETED UNDER SAP,SP1,SIMPLIFIED ACQUISITION,8AN,8(A) SOLE SOURCE,NONE,NO PREFERENCE USED,,,,,OTH,AUTHORIZED BY STATUTE (FAR 6.302-5(A)(2)(I)),1,A,COMMERCIAL ITEM,f,N,NO,N,NO,X,NOT APPLICABLE,N,NO,0.00,N,NO,X,NOT APPLICABLE,X,NOT APPLICABLE,X,NOT APPLICABLE,X,NOT APPLICABLE,,,,,,,,NONE,NONE,N,NO,X,NOT APPLICABLE EXEMPT FROM CAS,N,TRANSACTION DOES NOT USE GFE/GFP,N,NO,D,NOT CONSOLIDATED,Y,YES - SERVICE WHERE PBA IS USED.,N,NO,Z,NOT APPLICABLE,N,NO,X,NOT APPLICABLE,f,f,f,f,f,f,f,f,f,f,f,f,t,t,f,f,f,f,f,SMALL BUSINESS,S,f,f,f,f,f,f,f,f,f,f,f,f,f,f,f,f,f,CORPORATE NOT TAX EXEMPT,t,f,f,f,f,f,f,f,f,f,f,f,f,f,f,f,f,t,f,f,f,f,f,f,f,t,f,f,t,f,f,f,f,f,f,f,f,f,f,f,f,f,f,f,t,t,f,t,f,f,,,,,,,,,,,https://www.usaspending.gov/award/CONT_AWD_FA330021C0044_9700_-NONE-_-NONE-/,2021-08-18 16:11:56+00
CONT_AWD_FA441720C0012_9700_-NONE-_-NONE-,FA441720C0012,,,,Q: Not Designated Nonemergency/Emergency/Disaster/Wildfire Suppression,,,,,2108214.87,1534297.50,2109000.00,2109000.00,2020-09-22,2020,2021-08-18,2021,2020-08-06,2022-01-04,2022-01-04 00:00:00,,2020-07-01,097,Department of Defense,5700,Department of the Air Force,FA4417,FA4417 1 SOCONS,097,Department of Defense,5700,Department of the Air Force,F2F323,1 SOCES CEOE,057-2020/2020-3400-000,057-3400,32.0: Land and structures,0001: OPERATING FORCES,X,NOT APPLICABLE,,,QP8VNJ36KNY4,011922423,WRIGHT BROS LLC,"WRIGHT BROS., LLC",,5MAM2,QP8VNJ36KNY4,011922423,WRIGHT BROS LLC,WRIGHT BROS.  LLC,USA,UNITED STATES,110 MANHATTAN DR,,ANDALUSIA,01039,COVINGTON,01,AL,ALABAMA,364202573,AL-02,AL-01,3344271944,3342221979,USA,UNITED STATES,HURLBURT FIELD,12091,OKALOOSA,12,FL,FLORIDA,325441000,FL-01,FL-01,AWARD,D,DEFINITIVE CONTRACT,,,,,,,J,FIRM FIXED PRICE,REPAIR INTERIORS 505TH/705TH TRS BLDG 90021,FA441720R0015,1,OT,OTHER FUNCTIONS,Z2JZ,REPAIR OR ALTERATION OF MISCELLANEOUS BUILDINGS,H,NOT BUNDLED,C2,CONSTRUCTION,236220,COMMERCIAL AND INSTITUTIONAL BUILDING CONSTRUCTION,F,ENVIRONMENTALLY PREFERABLE,A,U.S. OWNED BUSINESS,000,NONE,Z,NOT IT PRODUCTS OR SERVICES,E,NOT REQUIRED,USA,UNITED STATES,C,NOT A MANUFACTURED END PRODUCT,B,PLAN NOT REQUIRED,D,FULL AND OPEN COMPETITION AFTER EXCLUSION OF SOURCES,NP,NEGOTIATED PROPOSAL/QUOTE,HZC,HUBZONE SET-ASIDE,NONE,NO PREFERENCE USED,,,,,,,6,D,COMMERCIAL ITEM PROCEDURES NOT USED,f,N,NO,N,NO,Y,YES,N,NO,0.00,N,NO,X,NOT APPLICABLE,X,NOT APPLICABLE,Y,YES,X,NOT APPLICABLE,,,,,,,,NONE,NONE,N,NO,X,NOT APPLICABLE EXEMPT FROM CAS,N,TRANSACTION DOES NOT USE GFE/GFP,N,NO,D,NOT CONSOLIDATED,N,NO - SERVICE WHERE PBA IS NOT USED.,N,NO,Z,NOT APPLICABLE,N,NO,X,NOT APPLICABLE,f,t,f,f,f,f,f,f,f,f,f,f,t,f,f,f,f,t,f,SMALL BUSINESS,S,f,f,f,f,f,f,f,f,f,f,f,f,f,f,f,f,f,CORPORATE NOT TAX EXEMPT,t,f,f,f,f,f,f,f,f,f,f,f,f,f,f,f,f,t,f,f,f,f,f,f,f,f,t,f,t,f,f,f,f,f,f,f,f,f,f,f,f,f,f,f,f,t,f,t,t,f,,,,,,,,,,,https://www.usaspending.gov/award/CONT_AWD_FA441720C0012_9700_-NONE-_-NONE-/,2021-08-18 13:54:03+00
CONT_AWD_FA445221C0025_9700_-NONE-_-NONE-,FA445221C0025,,,,Q: Not Designated Nonemergency/Emergency/Disaster/Wildfire Suppression,,,,,75592.00,0.00,75592.00,75592.00,2021-08-16,2021,2021-08-18,2021,2021-08-16,2021-12-12,2021-12-12 00:00:00,,2021-08-12,097,Department of Defense,5700,Department of the Air Force,FA4452,FA4452  763 ESS,097,Department of Defense,5700,Department of the Air Force,F3SF38,F3SF38 HQ AMC A310 A3ER,057-2021/2021-3400-000,057-3400,25.2: Other services from non-Federal sources,0000: UNKNOWN/OTHER,X,NOT APPLICABLE,,,XJAJJBWBGAJ5,002252673,GRYPHON GROUP SECURITY SOLUTIONS LLC,"GRYPHON GROUP SECURITY SOLUTIONS, LLC",,6TND9,GP6QJJLZKDY6,056070126,"GRYPHON GROUP SECURITY SOLUTIONS, LLC",GRYPHON GROUP SECURITY SOLUTIONS  LLC,USA,UNITED STATES,16780 AIRBASE RD,,MAXTON,37165,SCOTLAND,37,NC,NORTH CAROLINA,283648754,NC-09,NC-08,4046641001,,USA,UNITED STATES,SCOTT AFB,17163,SAINT CLAIR,17,IL,ILLINOIS,622256140,IL-12,IL-12,AWARD,D,DEFINITIVE CONTRACT,,,,,,,J,FIRM FIXED PRICE,SERE TRAINING,,1,OT,OTHER FUNCTIONS,U099,EDUCATION/TRAINING- OTHER,H,NOT BUNDLED,S1,SERVICES,611699,ALL OTHER MISCELLANEOUS SCHOOLS AND INSTRUCTION,C,NO CLAUSES INCLUDED AND NO SUSTAINABILITY INCLUDED,A,U.S. OWNED BUSINESS,000,NONE,Z,NOT IT PRODUCTS OR SERVICES,E,NOT REQUIRED,USA,UNITED STATES,C,NOT A MANUFACTURED END PRODUCT,B,PLAN NOT REQUIRED,C,NOT COMPETED,SSS,ONLY ONE SOURCE,NONE,NO SET ASIDE USED.,NONE,NO PREFERENCE USED,,,,,ONE,ONLY ONE SOURCE-OTHER (FAR 6.302-1 OTHER),1,A,COMMERCIAL ITEM,f,N,NO,N,NO,N,NO,N,NO,0.00,N,NO,N,NO,X,NOT APPLICABLE,N,NO,X,NOT APPLICABLE,,,,,,,,NONE,NONE,N,NO,X,NOT APPLICABLE EXEMPT FROM CAS,N,TRANSACTION DOES NOT USE GFE/GFP,N,NO,D,NOT CONSOLIDATED,N,NO - SERVICE WHERE PBA IS NOT USED.,N,NO,Z,NOT APPLICABLE,N,NO,X,NOT APPLICABLE,f,f,f,f,f,t,t,f,f,f,f,f,f,f,f,f,f,f,f,SMALL BUSINESS,S,f,f,f,f,f,f,f,f,f,f,f,f,f,f,f,f,f,PARTNERSHIP,f,f,t,f,f,f,f,f,f,f,f,f,f,f,f,f,f,t,f,f,f,f,f,f,f,f,t,f,t,f,f,f,f,f,f,f,f,f,f,f,f,f,f,f,f,t,f,f,f,f,,,,,,,,,,,https://www.usaspending.gov/award/CONT_AWD_FA445221C0025_9700_-NONE-_-NONE-/,2021-08-18 12:49:06+00
CONT_AWD_FA461321C0013_9700_-NONE-_-NONE-,FA461321C0013,,,,Q: Not Designated Nonemergency/Emergency/Disaster/Wildfire Suppression,,,,,20084.00,0.00,20084.00,20084.00,2021-08-17,2021,2021-08-17,2021,2021-07-06,2021-12-30,2021-12-30 00:00:00,,2021-07-01,097,Department of Defense,5700,Department of the Air Force,FA4613,FA4613  90 CONS PK,097,Department of Defense,5700,Department of the Air Force,F1Y3DA,90 CES,057-2021/2021-3400-000,057-3400,32.0: Land and structures,0001: OPERATING FORCES,X,NOT APPLICABLE,,,PQX9V5VF4XC3,,KJN INDUSTRIES LLC,KJN INDUSTRIES LLC,,90U95,PQX9V5VF4XC3,,KJN INDUSTRIES LLC,KJN INDUSTRIES LLC,USA,UNITED STATES,822 W 3150 S,,SYRACUSE,49011,DAVIS,49,UT,UTAH,840758010,UT-01,UT-01,8016289096,,USA,UNITED STATES,FE WARREN AFB,56021,LARAMIE,56,WY,WYOMING,820052005,WY-00,WY-00,AWARD,D,DEFINITIVE CONTRACT,,,,,,,J,FIRM FIXED PRICE,BLD 1235 HEAT TAPE,FA461321R0007,1,OT,OTHER FUNCTIONS,N059,INSTALLATION OF EQUIPMENT- ELECTRICAL AND ELECTRONIC EQUIPMENT COMPONENTS,H,NOT BUNDLED,C2,CONSTRUCTION,238210,ELECTRICAL CONTRACTORS AND OTHER WIRING INSTALLATION CONTRACTORS,C,NO CLAUSES INCLUDED AND NO SUSTAINABILITY INCLUDED,A,U.S. OWNED BUSINESS,000,NONE,Z,NOT IT PRODUCTS OR SERVICES,E,NOT REQUIRED,USA,UNITED STATES,C,NOT A MANUFACTURED END PRODUCT,B,PLAN NOT REQUIRED,F,COMPETED UNDER SAP,SP1,SIMPLIFIED ACQUISITION,WOSB,WOMEN OWNED SMALL BUSINESS,NONE,NO PREFERENCE USED,,,,,,,5,D,COMMERCIAL ITEM PROCEDURES NOT USED,f,N,NO,N,NO,Y,YES,N,NO,0.00,N,NO,N,NO,N,NO,Y,YES,X,NOT APPLICABLE,,,,,,,,NONE,NONE,N,NO,X,NOT APPLICABLE EXEMPT FROM CAS,N,TRANSACTION DOES NOT USE GFE/GFP,U,UNKNOWN,D,NOT CONSOLIDATED,N,NO - SERVICE WHERE PBA IS NOT USED.,N,NO,Z,NOT APPLICABLE,N,NO,X,NOT APPLICABLE,f,f,f,f,f,t,t,t,t,f,f,f,f,f,f,f,f,f,f,SMALL BUSINESS,S,f,f,f,f,f,f,f,f,f,f,f,f,f,f,f,f,f,CORPORATE NOT TAX EXEMPT,t,f,f,f,f,f,f,f,f,f,f,f,f,f,f,f,f,t,f,f,f,f,f,f,f,f,t,f,t,f,f,f,f,f,f,f,f,f,f,f,f,f,f,f,f,f,f,f,f,f,,,,,,,,,,,https://www.usaspending.gov/award/CONT_AWD_FA461321C0013_9700_-NONE-_-NONE-/,2022-04-01 14:22:53+00
CONT_AWD_FA462517C0005_9700_-NONE-_-NONE-,FA462517C0005,,,,Q: Not Designated Nonemergency/Emergency/Disaster/Wildfire Suppression,,,,,129066.56,20529.61,138132.76,138132.76,2016-12-29,2017,2021-08-23,2021,2017-01-01,2021-12-31,2021-12-31 00:00:00,,,097,Department of Defense,5700,Department of the Air Force,FA4625,FA4625  509 CONS CC,097,Department of Defense,5700,Department of the Air Force,F4E3ZA,509 CES,057-2018/2018-3400-000;057-2019/2019-3400-000;057-2020/2020-3400-000;057-2021/2021-3400-000,057-3400,25.4: Operation and maintenance of facilities,0001: OPERATING FORCES,X,NOT APPLICABLE,,,TPRUD5RGA7J3,969706139,COMPLETE SEPTIC SERVICE LLC,"COMPLETE SEPTIC SERVICE, LLC",,6JP23,TPRUD5RGA7J3,969706139,COMPLETE SEPTIC SERVICE LLC,COMPLETE SEPTIC SERVICE  LLC,USA,UNITED STATES,53 SE 860,,LEETON,29101,JOHNSON,29,MO,MISSOURI,647618182,MO-04,MO-04,6602382929,6606534865,USA,UNITED STATES,WHITEMAN AFB,29101,JOHNSON,29,MO,MISSOURI,653055316,MO-04,MO-04,AWARD,D,DEFINITIVE CONTRACT,,,,,,,J,FIRM FIXED PRICE,IGF::OT::IGF SERVICE PORTABLE TOILETS,FA462517Q0002,1,OT,OTHER FUNCTIONS,S216,HOUSEKEEPING- FACILITIES OPERATIONS SUPPORT,D,NOT A BUNDLED REQUIREMENT,S1,SERVICES,562991,SEPTIC TANK AND RELATED SERVICES,C,NO CLAUSES INCLUDED AND NO SUSTAINABILITY INCLUDED,A,U.S. OWNED BUSINESS,000,NONE,Z,NOT IT PRODUCTS OR SERVICES,E,NOT REQUIRED,USA,UNITED STATES,C,NOT A MANUFACTURED END PRODUCT,B,PLAN NOT REQUIRED,F,COMPETED UNDER SAP,SP1,SIMPLIFIED ACQUISITION,SBA,SMALL BUSINESS SET ASIDE - TOTAL,NONE,NO PREFERENCE USED,,,,,,,1,A,COMMERCIAL ITEM,f,N,NO,N,NO,Y,YES,N,NO,0.00,N,NO,N,NO,Y,YES,N,NO,X,NOT APPLICABLE,,,,,,,,NONE,NONE,N,NO,X,NOT APPLICABLE EXEMPT FROM CAS,N,TRANSACTION DOES NOT USE GFE/GFP,N,NO,N,NO,Y,YES - SERVICE WHERE PBA IS USED.,N,NO,Z,NOT APPLICABLE,N,NO,X,NOT APPLICABLE,f,f,f,f,f,f,f,f,f,f,f,f,f,f,f,f,f,f,f,SMALL BUSINESS,S,f,f,f,f,f,f,f,f,f,f,f,f,f,f,f,f,f,PARTNERSHIP,f,f,t,f,f,f,f,f,f,f,f,f,f,f,f,f,f,t,f,f,f,f,f,f,f,f,t,f,t,f,f,f,f,f,f,f,f,f,f,f,f,f,f,f,f,f,f,f,f,f,,,,,,,,,,,https://www.usaspending.gov/award/CONT_AWD_FA462517C0005_9700_-NONE-_-NONE-/,2022-01-28 16:00:32+00
CONT_AWD_FA462620C0026_9700_-NONE-_-NONE-,FA462620C0026,,,,Q: Not Designated Nonemergency/Emergency/Disaster/Wildfire Suppression,,,,,1948985.41,1354787.59,1948985.41,1948985.41,2020-04-24,2020,2021-08-20,2021,2020-04-03,2021-10-22,2021-10-22 00:00:00,,2019-09-30,097,Department of Defense,5700,Department of the Air Force,FA4626,FA4626  341 CONS  LGC,097,Department of Defense,5700,Department of the Air Force,F2W3D5,341 CES CECR BASE SRMC,057-2020/2020-3400-000;057-2021/2021-3400-000,057-3400,32.0: Land and structures,0001: OPERATING FORCES,X,NOT APPLICABLE,,,RWZEN7DKN9Y1,175343177,ROUNTREE CONSTRUCTION INCORPORATED,ROUNTREE CONSTRUCTION INC,,0B2Z5,RWZEN7DKN9Y1,175343177,ROUNTREE CONSTRUCTION INCORPORATED,ROUNTREE CONSTRUCTION INC,USA,UNITED STATES,2228 UPPER RIVER RD STOP 2,,GREAT FALLS,30013,CASCADE,30,MT,MONTANA,594057100,MT-00,MT-02,4068701810,4067717193,USA,UNITED STATES,MALMSTROM AFB,30013,CASCADE,30,MT,MONTANA,594026863,MT-00,MT-02,AWARD,D,DEFINITIVE CONTRACT,,,,,,,J,FIRM FIXED PRICE,THIS EFFORT INCLUDES THE RENOVATION OF BUILDING 500 AND UPGRADING THE BUILDING'S LIFE SAFETY FEATURES.,FA462619RA008,1,OT,OTHER FUNCTIONS,Z2AA,REPAIR OR ALTERATION OF OFFICE BUILDINGS,H,NOT BUNDLED,C2,CONSTRUCTION,236220,COMMERCIAL AND INSTITUTIONAL BUILDING CONSTRUCTION,C,NO CLAUSES INCLUDED AND NO SUSTAINABILITY INCLUDED,A,U.S. OWNED BUSINESS,000,NONE,Z,NOT IT PRODUCTS OR SERVICES,E,NOT REQUIRED,USA,UNITED STATES,C,NOT A MANUFACTURED END PRODUCT,B,PLAN NOT REQUIRED,D,FULL AND OPEN COMPETITION AFTER EXCLUSION OF SOURCES,NP,NEGOTIATED PROPOSAL/QUOTE,SBA,SMALL BUSINESS SET ASIDE - TOTAL,NONE,NO PREFERENCE USED,,,,,,,5,D,COMMERCIAL ITEM PROCEDURES NOT USED,f,N,NO,N,NO,Y,YES,N,NO,0.00,N,NO,N,NO,N,NO,Y,YES,X,NOT APPLICABLE,,,,,,,,NONE,NONE,N,NO,X,NOT APPLICABLE EXEMPT FROM CAS,N,TRANSACTION DOES NOT USE GFE/GFP,N,NO,D,NOT CONSOLIDATED,Y,YES - SERVICE WHERE PBA IS USED.,N,NO,A,FAR 52.232-16 PROGRESS PAYMENTS,N,NO,X,NOT APPLICABLE,f,f,f,f,f,f,f,f,f,f,f,f,f,f,f,f,f,f,f,SMALL BUSINESS,S,f,f,f,f,f,f,f,f,f,f,f,f,f,f,f,f,f,CORPORATE NOT TAX EXEMPT,t,f,f,f,f,f,f,f,f,f,f,f,f,f,f,f,f,t,f,f,f,f,f,f,f,f,f,f,t,f,f,f,f,f,f,f,f,f,f,f,f,f,f,f,f,t,f,f,f,f,,,,,,,,,,,https://www.usaspending.gov/award/CONT_AWD_FA462620C0026_9700_-NONE-_-NONE-/,2021-08-20 18:36:09+00
CONT_AWD_FA469018CA008_9700_-NONE-_-NONE-,FA469018CA008,,,,Q: Not Designated Nonemergency/Emergency/Disaster/Wildfire Suppression,,,,,43462.12,11020.92,43462.12,43462.12,2018-08-24,2018,2021-08-23,2021,2018-08-24,2022-09-23,2022-09-23 00:00:00,,,097,Department of Defense,5700,Department of the Air Force,FA4690,FA4690  28 CONS PKC,097,Department of Defense,5700,Department of the Air Force,F1V3G1,F1V3G1 28 SFS SFOSA,057-2019/2019-3400-000;057-2020/2020-3400-000;057-2021/2021-3400-000,057-3400,26.0: Supplies and materials,0000: UNKNOWN/OTHER;0001: OPERATING FORCES,X,NOT APPLICABLE,,,SYKMD2LAXJN5,030990136,RV GLOBAL SOLUTIONS INC.,RV GLOBAL SOLUTIONS INC,,6TC84,SYKMD2LAXJN5,030990136,RV GLOBAL SOLUTIONS INC.,RV SOLUTIONS INC,USA,UNITED STATES,30 SKYTOP GDNS APT 14,,PARLIN,34023,MIDDLESEX,34,NJ,NEW JERSEY,088592135,NJ-12,NJ-06,7328020009,7328131569,USA,UNITED STATES,ELLSWORTH AFB,46093,MEADE,46,SD,SOUTH DAKOTA,577064906,SD-00,SD-00,AWARD,D,DEFINITIVE CONTRACT,,,,,,,J,FIRM FIXED PRICE,"PROVIDE PREVENTIVE MAINTENANCE INSPECTIONS (PMI) ON THREE OVERSPEED&DIRECTIONAL DETECTION SYSTEM (ODDS) USROOM-3, COMPUTERS, SYSTEM COMPONENTS, AND SOFTWARE.",FA469018QA004,1,OT,OTHER FUNCTIONS,J059,MAINT/REPAIR/REBUILD OF EQUIPMENT- ELECTRICAL AND ELECTRONIC EQUIPMENT COMPONENTS,H,NOT BUNDLED,S1,SERVICES,811212,COMPUTER AND OFFICE MACHINE REPAIR AND MAINTENANCE,C,NO CLAUSES INCLUDED AND NO SUSTAINABILITY INCLUDED,A,U.S. OWNED BUSINESS,000,NONE,Z,NOT IT PRODUCTS OR SERVICES,E,NOT REQUIRED,USA,UNITED STATES,C,NOT A MANUFACTURED END PRODUCT,B,PLAN NOT REQUIRED,F,COMPETED UNDER SAP,SP1,SIMPLIFIED ACQUISITION,SBA,SMALL BUSINESS SET ASIDE - TOTAL,NONE,NO PREFERENCE USED,,,,,,,1,A,COMMERCIAL ITEM,f,N,NO,N,NO,Y,YES,N,NO,0.00,N,NO,N,NO,Y,YES,N,NO,X,NOT APPLICABLE,,,,,,,,NONE,NONE,N,NO,X,NOT APPLICABLE EXEMPT FROM CAS,N,TRANSACTION DOES NOT USE GFE/GFP,N,NO,D,NOT CONSOLIDATED,Y,YES - SERVICE WHERE PBA IS USED.,N,NO,Z,NOT APPLICABLE,N,NO,X,NOT APPLICABLE,f,f,f,f,f,f,f,f,f,f,f,f,t,t,f,f,f,f,f,SMALL BUSINESS,S,f,f,f,f,f,f,f,f,f,f,f,f,f,f,f,f,f,CORPORATE NOT TAX EXEMPT,t,f,f,f,f,f,f,f,f,f,f,f,f,f,f,f,f,t,f,f,f,f,f,f,f,t,f,f,t,f,f,f,f,f,f,f,f,f,f,f,f,f,f,f,t,t,f,t,f,f,,,,,,,,,,,https://www.usaspending.gov/award/CONT_AWD_FA469018CA008_9700_-NONE-_-NONE-/,2021-08-23 14:36:08+00
CONT_AWD_FA480119C0002_9700_-NONE-_-NONE-,FA480119C0002,,,,Q: Not Designated Nonemergency/Emergency/Disaster/Wildfire Suppression,,,,,715911.05,57142.23,715911.05,1517062.65,2018-10-01,2019,2021-08-17,2021,2018-10-01,2021-09-30,2023-09-30 00:00:00,,,097,Department of Defense,5700,Department of the Air Force,FA4801,FA4801 49 CONS PK,097,Department of Defense,5700,Department of the Air Force,F2E3CE,F2E3CE 49 CES,057-2019/2019-3400-000;057-2020/2020-3400-000;057-2021/2021-3400-000,057-3400,"23.3: Communications, utilities, and miscellaneous charges;25.4: Operation and maintenance of facilities;32.0: Land and structures",0000: UNKNOWN/OTHER;0001: OPERATING FORCES,X,NOT APPLICABLE,,,D3GDNBLUJNK3,163684975,"NATIONAL O & M, INC.","NATIONAL O & M, INC.",,30DK7,D3GDNBLUJNK3,163684975,"NATIONAL O & M, INC.",NATIONAL O&M  INC.,USA,UNITED STATES,1807 MURRY RD SW STE O,,ROANOKE,51770,ROANOKE (CITY),51,VA,VIRGINIA,240181527,VA-06,VA-06,5403459200,5403459201,USA,UNITED STATES,HOLLOMAN AFB,35035,OTERO,35,NM,NEW MEXICO,883300424,NM-02,NM-02,AWARD,D,DEFINITIVE CONTRACT,,,,,,,J,FIRM FIXED PRICE,WWTP AWARD,FA480118R0002,1,OT,OTHER FUNCTIONS,S222,HOUSEKEEPING- WASTE TREATMENT/STORAGE,H,NOT BUNDLED,S1,SERVICES,221320,SEWAGE TREATMENT FACILITIES,C,NO CLAUSES INCLUDED AND NO SUSTAINABILITY INCLUDED,A,U.S. OWNED BUSINESS,000,NONE,Z,NOT IT PRODUCTS OR SERVICES,E,NOT REQUIRED,USA,UNITED STATES,C,NOT A MANUFACTURED END PRODUCT,B,PLAN NOT REQUIRED,F,COMPETED UNDER SAP,SP1,SIMPLIFIED ACQUISITION,NONE,NO SET ASIDE USED.,NONE,NO PREFERENCE USED,,,,,,,3,A,COMMERCIAL ITEM,f,N,NO,N,NO,Y,YES,N,NO,0.00,N,NO,X,NOT APPLICABLE,Y,YES,X,NOT APPLICABLE,X,NOT APPLICABLE,,,,,,,,NONE,NONE,N,NO,X,NOT APPLICABLE EXEMPT FROM CAS,Y,TRANSACTION USES GFE/GFP,U,UNKNOWN,D,NOT CONSOLIDATED,Y,YES - SERVICE WHERE PBA IS USED.,N,NO,Z,NOT APPLICABLE,N,NO,X,NOT APPLICABLE,f,f,f,f,f,f,f,f,f,f,f,f,f,f,f,f,f,f,f,SMALL BUSINESS,S,f,f,f,f,f,f,f,f,f,f,f,f,f,f,f,f,f,CORPORATE NOT TAX EXEMPT,t,f,f,f,f,f,f,f,f,f,f,f,f,f,f,f,f,t,f,f,f,f,f,f,f,t,f,f,t,f,f,f,f,f,f,f,f,f,f,f,f,f,f,f,f,f,f,f,f,f,,,,,,,,,,,https://www.usaspending.gov/award/CONT_AWD_FA480119C0002_9700_-NONE-_-NONE-/,2021-08-18 13:21:08+00
CONT_AWD_FA480915CR004_9700_-NONE-_-NONE-,FA480915CR004,,,,E: Emergency P.L. 116-20;Q: Not Designated Nonemergency/Emergency/Disaster/Wildfire Suppression,,,,,122010.35,0.00,122010.35,131390.35,2014-10-01,2015,2021-08-17,2021,2014-10-01,2019-09-30,2020-03-31 00:00:00,,,097,Department of Defense,5700,Department of the Air Force,FA4809,FA4809  4TH CONS SQ CC,097,Department of Defense,5700,Department of the Air Force,F3T3CE,F3T3CE 4 CES CECH,057-2016/2016-3400-000;057-2019/2019-3400-000,057-3400,"23.3: Communications, utilities, and miscellaneous charges",0001: OPERATING FORCES,X,NOT APPLICABLE,,,S8MJG8LY4LK4,171711369,"BENNIE A. MOORE SEPTIC TANK SERVICE, INC.","MOORE, BENNIE A SEPTIC TANK SERVICE INC",,3TZA8,S8MJG8LY4LK4,171711369,"BENNIE A. MOORE SEPTIC TANK SERVICE, INC.",MOORE  BENNIE A SEPTIC TANK SERVICE INC,USA,UNITED STATES,4294 US HWY 17,,WILLIAMSTON,37117,MARTIN,37,NC,NORTH CAROLINA,278928216,NC-01,NC-01,2527925978,2527921074,USA,UNITED STATES,STUMPY POINT,37055,DARE,37,NC,NORTH CAROLINA,279780670,NC-03,NC-03,AWARD,D,DEFINITIVE CONTRACT,,,,,,,J,FIRM FIXED PRICE,IGF::OT::IGF NON-PERSONAL SERVICES PUMP DCBR SEPTIC TANK,FA480914T0013,1,OT,OTHER FUNCTIONS,S299,HOUSEKEEPING- OTHER,D,NOT A BUNDLED REQUIREMENT,S1,SERVICES,562991,SEPTIC TANK AND RELATED SERVICES,C,NO CLAUSES INCLUDED AND NO SUSTAINABILITY INCLUDED,A,U.S. OWNED BUSINESS,000,NONE,Z,NOT IT PRODUCTS OR SERVICES,E,NOT REQUIRED,USA,UNITED STATES,C,NOT A MANUFACTURED END PRODUCT,B,PLAN NOT REQUIRED,F,COMPETED UNDER SAP,SP1,SIMPLIFIED ACQUISITION,SBA,SMALL BUSINESS SET ASIDE - TOTAL,NONE,NO PREFERENCE USED,,,,,,,2,A,COMMERCIAL ITEM,f,N,NO,N,NO,X,NOT APPLICABLE,N,NO,0.00,N,NO,X,NOT APPLICABLE,Y,YES,X,NOT APPLICABLE,X,NOT APPLICABLE,,,,,,,,NONE,NONE,N,NO,N,NO - CAS WAIVER APPROVED,N,TRANSACTION DOES NOT USE GFE/GFP,N,NO,N,NO,Y,YES - SERVICE WHERE PBA IS USED.,N,NO,Z,NOT APPLICABLE,N,NO,X,NOT APPLICABLE,f,f,f,f,f,t,f,f,f,f,f,f,f,f,f,f,f,f,f,SMALL BUSINESS,S,f,f,f,f,f,f,f,f,f,f,f,f,f,f,f,f,f,OTHER,f,f,f,f,f,f,f,f,f,f,f,f,t,f,f,f,f,t,f,f,f,f,f,f,f,t,f,f,t,f,f,f,f,f,f,f,f,f,f,f,f,f,f,f,f,f,f,f,f,f,,,,,,,,,,,https://www.usaspending.gov/award/CONT_AWD_FA480915CR004_9700_-NONE-_-NONE-/,2021-08-17 11:09:17+00
CONT_AWD_FA481920C0035_9700_-NONE-_-NONE-,FA481920C0035,,,,Q: Not Designated Nonemergency/Emergency/Disaster/Wildfire Suppression,,,,,1507244.40,1507244.40,1507244.40,1507244.40,2020-09-26,2020,2021-08-18,2021,2020-09-26,2021-09-16,2021-09-16 00:00:00,,2020-08-18,097,Department of Defense,5700,Department of the Air Force,FA4819,FA4819  325 CONS PKP,097,Department of Defense,5700,Department of the Air Force,F4A360,F4A360 325 CES CEIAR,057-2020/2020-3400-000,057-3400,32.0: Land and structures,0001: OPERATING FORCES,X,NOT APPLICABLE,,,CJ9VJKG66K86,965784502,PIGOTT ASPHALT AND SITEWORK LLC,PIGOTT ASPHALT AND SITEWORK LLC,,7WC72,CJ9VJKG66K86,965784502,PIGOTT ASPHALT AND SITEWORK LLC,PIGOTT ASPHALT AND SITEWORK LLC,USA,UNITED STATES,12 ASPHALT WAY,,CRAWFORDVILLE,12129,WAKULLA,12,FL,FLORIDA,323273499,FL-02,FL-02,8502517409,,USA,UNITED STATES,PANAMA CITY,12005,BAY,12,FL,FLORIDA,324031008,FL-02,FL-02,AWARD,D,DEFINITIVE CONTRACT,,,,,,,J,FIRM FIXED PRICE,THIS IS A CONSTRUCTION REQUIREMENT FOR MULTIPLE PAVING PROJECTS.,FA481920R0029,1,OT,OTHER FUNCTIONS,Z1LB,MAINTENANCE OF HIGHWAYS/ROADS/STREETS/BRIDGES/RAILWAYS,H,NOT BUNDLED,C2,CONSTRUCTION,237310,"HIGHWAY, STREET, AND BRIDGE CONSTRUCTION",C,NO CLAUSES INCLUDED AND NO SUSTAINABILITY INCLUDED,A,U.S. OWNED BUSINESS,000,NONE,Z,NOT IT PRODUCTS OR SERVICES,E,NOT REQUIRED,USA,UNITED STATES,C,NOT A MANUFACTURED END PRODUCT,B,PLAN NOT REQUIRED,D,FULL AND OPEN COMPETITION AFTER EXCLUSION OF SOURCES,NP,NEGOTIATED PROPOSAL/QUOTE,SBA,SMALL BUSINESS SET ASIDE - TOTAL,NONE,NO PREFERENCE USED,,,,,,,10,D,COMMERCIAL ITEM PROCEDURES NOT USED,f,N,NO,N,NO,Y,YES,N,NO,0.00,N,NO,X,NOT APPLICABLE,Y,YES,Y,YES,X,NOT APPLICABLE,,,,,,,,NONE,NONE,N,NO,X,NOT APPLICABLE EXEMPT FROM CAS,N,TRANSACTION DOES NOT USE GFE/GFP,N,NO,D,NOT CONSOLIDATED,N,NO - SERVICE WHERE PBA IS NOT USED.,N,NO,Z,NOT APPLICABLE,N,NO,X,NOT APPLICABLE,f,f,f,f,f,f,f,f,f,f,f,f,f,f,f,f,f,f,f,SMALL BUSINESS,S,f,f,f,f,f,f,f,f,f,f,f,f,f,f,f,f,f,CORPORATE NOT TAX EXEMPT,t,f,f,f,f,f,f,f,f,f,f,f,f,f,f,f,f,t,f,f,f,f,f,f,f,f,t,f,t,f,f,f,f,f,f,f,f,f,f,f,f,f,f,f,f,f,f,f,f,f,,,,,,,,,,,https://www.usaspending.gov/award/CONT_AWD_FA481920C0035_9700_-NONE-_-NONE-/,2021-08-18 12:20:25+00
CONT_AWD_FA481920C0043_9700_-NONE-_-NONE-,FA481920C0043,,,,Q: Not Designated Nonemergency/Emergency/Disaster/Wildfire Suppression,,,,,5767806.90,5767806.90,5767806.90,5767806.90,2020-09-28,2020,2021-08-24,2021,2020-09-28,2021-09-24,2021-09-24 00:00:00,,2020-08-27,097,Department of Defense,5700,Department of the Air Force,FA4819,FA4819  325 CONS PKP,097,Department of Defense,5700,Department of the Air Force,F4A360,F4A360 325 CES CEIAR,057-2020/2020-3400-000,057-3400,32.0: Land and structures,0001: OPERATING FORCES,X,NOT APPLICABLE,,,GKNAX87LFK71,079656118,MIA GENERAL CONTRACTING LLC,MIA GENERAL CONTRACTING LLC,,7AN73,GKNAX87LFK71,079656118,MIA GENERAL CONTRACTING LLC,MIA GENERAL CONTRACTING LLC,USA,UNITED STATES,3960 NAVY BLVD SUITE 20,,PENSACOLA,12033,ESCAMBIA,12,FL,FLORIDA,325071268,FL-01,FL-01,4058209527,,USA,UNITED STATES,PANAMA CITY,12005,BAY,12,FL,FLORIDA,324045543,FL-02,FL-02,AWARD,D,DEFINITIVE CONTRACT,,,,,,,J,FIRM FIXED PRICE,"REQUIREMENT TO DEMOLISH FORMER LIVING FACILITIES LOCATED ON TYNDALL AFB, FL.",,1,OT,OTHER FUNCTIONS,P400,SALVAGE- DEMOLITION OF BUILDINGS,H,NOT BUNDLED,C9E,ALL OTHERS NOT IDENTIFIABLE TO ANY OTHER PROCUREMENT PROGRAM,238910,SITE PREPARATION CONTRACTORS,C,NO CLAUSES INCLUDED AND NO SUSTAINABILITY INCLUDED,A,U.S. OWNED BUSINESS,000,NONE,Z,NOT IT PRODUCTS OR SERVICES,E,NOT REQUIRED,USA,UNITED STATES,C,NOT A MANUFACTURED END PRODUCT,B,PLAN NOT REQUIRED,B,NOT AVAILABLE FOR COMPETITION,SSS,ONLY ONE SOURCE,8AN,8(A) SOLE SOURCE,NONE,NO PREFERENCE USED,,,,,OTH,AUTHORIZED BY STATUTE (FAR 6.302-5(A)(2)(I)),1,D,COMMERCIAL ITEM PROCEDURES NOT USED,f,N,NO,N,NO,X,NOT APPLICABLE,N,NO,0.00,N,NO,X,NOT APPLICABLE,X,NOT APPLICABLE,Y,YES,X,NOT APPLICABLE,,,,,,,,NONE,NONE,Y,YES,X,NOT APPLICABLE EXEMPT FROM CAS,N,TRANSACTION DOES NOT USE GFE/GFP,N,NO,D,NOT CONSOLIDATED,N,NO - SERVICE WHERE PBA IS NOT USED.,N,NO,Z,NOT APPLICABLE,N,NO,X,NOT APPLICABLE,f,t,f,f,f,f,f,t,t,t,f,f,t,f,f,f,f,t,f,SMALL BUSINESS,S,f,f,f,f,f,f,f,f,f,f,f,f,f,f,f,f,f,PARTNERSHIP,f,f,t,f,f,f,f,f,f,f,f,f,f,f,f,f,f,t,f,f,f,f,f,f,f,f,t,f,t,f,f,f,f,f,f,f,f,f,f,f,f,f,f,f,f,t,f,t,t,f,,,,,,,,,,,https://www.usaspending.gov/award/CONT_AWD_FA481920C0043_9700_-NONE-_-NONE-/,2021-08-25 07:42:06+00
CONT_AWD_FA481920C0046_9700_-NONE-_-NONE-,FA481920C0046,,,,Q: Not Designated Nonemergency/Emergency/Disaster/Wildfire Suppression,,,,,243335.11,214134.89,243335.11,243335.11,2020-09-28,2020,2021-08-24,2021,2020-09-28,2021-09-10,2021-09-10 00:00:00,,2020-09-23,097,Department of Defense,5700,Department of the Air Force,FA4819,FA4819  325 CONS PKP,097,Department of Defense,5700,Department of the Air Force,F4A360,F4A360 325 CES CEIAR,057-2020/2020-3400-000,057-3400,32.0: Land and structures,0001: OPERATING FORCES,X,NOT APPLICABLE,,,C6EQX3DJDKM5,080871290,DMLM SOLUTIONS & SERVICES INC.,DMLM SOLUTIONS & SERVICES INC.,,7YGM4,C6EQX3DJDKM5,080871290,DMLM SOLUTIONS & SERVICES INC.,DMLM SOLUTIONS & SERVICES INC.,USA,UNITED STATES,7308 HAWK LANE,,SACHSE,48085,COLLIN,48,TX,TEXAS,750482172,TX-32,TX-03,4697867066,,USA,UNITED STATES,PANAMA CITY,12005,BAY,12,FL,FLORIDA,324030007,FL-02,FL-02,AWARD,D,DEFINITIVE CONTRACT,,,,,,,J,FIRM FIXED PRICE,THIS IS A DESIGN BUILD REQUIREMENT TO RESTORE B239,FA481920R1006,1,OT,OTHER FUNCTIONS,Z2EB,REPAIR OR ALTERATION OF MAINTENANCE BUILDINGS,H,NOT BUNDLED,C2,CONSTRUCTION,236220,COMMERCIAL AND INSTITUTIONAL BUILDING CONSTRUCTION,C,NO CLAUSES INCLUDED AND NO SUSTAINABILITY INCLUDED,A,U.S. OWNED BUSINESS,000,NONE,Z,NOT IT PRODUCTS OR SERVICES,E,NOT REQUIRED,USA,UNITED STATES,C,NOT A MANUFACTURED END PRODUCT,B,PLAN NOT REQUIRED,D,FULL AND OPEN COMPETITION AFTER EXCLUSION OF SOURCES,NP,NEGOTIATED PROPOSAL/QUOTE,SDVOSBC,SERVICE DISABLED VETERAN OWNED SMALL BUSINESS SET-ASIDE,NONE,NO PREFERENCE USED,,,,,,,5,D,COMMERCIAL ITEM PROCEDURES NOT USED,f,N,NO,N,NO,Y,YES,N,NO,0.00,N,NO,X,NOT APPLICABLE,Y,YES,Y,YES,X,NOT APPLICABLE,,,,,,,,NONE,NONE,N,NO,X,NOT APPLICABLE EXEMPT FROM CAS,N,TRANSACTION DOES NOT USE GFE/GFP,N,NO,D,NOT CONSOLIDATED,N,NO - SERVICE WHERE PBA IS NOT USED.,N,NO,A,FAR 52.232-16 PROGRESS PAYMENTS,N,NO,X,NOT APPLICABLE,f,f,f,f,f,t,t,f,f,f,f,f,t,f,f,t,f,f,f,SMALL BUSINESS,S,f,f,f,f,f,f,f,f,f,f,f,f,f,f,f,f,f,CORPORATE NOT TAX EXEMPT,t,f,f,f,f,f,f,f,f,f,f,f,f,f,f,f,f,t,f,f,f,f,f,f,f,f,f,f,t,f,f,f,f,f,f,f,f,f,f,f,f,f,f,f,f,t,f,f,f,f,,,,,,,,,,,https://www.usaspending.gov/award/CONT_AWD_FA481920C0046_9700_-NONE-_-NONE-/,2021-08-25 07:44:08+00
CONT_AWD_FA486121C0023_9700_-NONE-_-NONE-,FA486121C0023,,,,Q: Not Designated Nonemergency/Emergency/Disaster/Wildfire Suppression,,,,,124972.24,124972.24,124972.24,124972.24,2021-07-23,2021,2021-08-24,2021,2021-07-23,2021-09-16,2021-09-16 00:00:00,,2021-07-23,097,Department of Defense,5700,Department of the Air Force,FA4861,FA4861  99 CONS LGC,097,Department of Defense,5700,Department of the Air Force,F3G2DC,432 MXG RA               CREECH AFB,057-2021/2021-3400-000,057-3400,25.4: Operation and maintenance of facilities,0001: OPERATING FORCES,X,NOT APPLICABLE,,,KJTFNAH7Z9B2,079867431,ARRIOLA CONSULTING & INSPECTIONS LLC,"ARRIOLA CONSULTING & INSPECTIONS, LLC",,7ELS0,KJTFNAH7Z9B2,079867431,ARRIOLA CONSULTING & INSPECTIONS LLC,ARRIOLA CONSULTING & INSPECTIONS  LLC,USA,UNITED STATES,8565 S EASTERN AVE STE 132,,LAS VEGAS,32003,CLARK,32,NV,NEVADA,891232906,NV-03,NV-03,7025339172,,USA,UNITED STATES,LAS VEGAS,32003,CLARK,32,NV,NEVADA,891081000,NV-01,NV-04,AWARD,D,DEFINITIVE CONTRACT,,,,,,,J,FIRM FIXED PRICE,"PAINT/REPAIR WALLS FOR 432 AMXS, BLDG 1000",,1,OT,OTHER FUNCTIONS,Z2JZ,REPAIR OR ALTERATION OF MISCELLANEOUS BUILDINGS,H,NOT BUNDLED,C2,CONSTRUCTION,238320,PAINTING AND WALL COVERING CONTRACTORS,C,NO CLAUSES INCLUDED AND NO SUSTAINABILITY INCLUDED,A,U.S. OWNED BUSINESS,000,NONE,Z,NOT IT PRODUCTS OR SERVICES,E,NOT REQUIRED,USA,UNITED STATES,C,NOT A MANUFACTURED END PRODUCT,B,PLAN NOT REQUIRED,B,NOT AVAILABLE FOR COMPETITION,SSS,ONLY ONE SOURCE,8AN,8(A) SOLE SOURCE,NONE,NO PREFERENCE USED,,,,,OTH,AUTHORIZED BY STATUTE (FAR 6.302-5(A)(2)(I)),1,D,COMMERCIAL ITEM PROCEDURES NOT USED,f,N,NO,N,NO,X,NOT APPLICABLE,N,NO,0.00,N,NO,X,NOT APPLICABLE,X,NOT APPLICABLE,X,NOT APPLICABLE,X,NOT APPLICABLE,,,,,,,,NONE,NONE,N,NO,X,NOT APPLICABLE EXEMPT FROM CAS,N,TRANSACTION DOES NOT USE GFE/GFP,N,NO,D,NOT CONSOLIDATED,N,NO - SERVICE WHERE PBA IS NOT USED.,N,NO,Z,NOT APPLICABLE,N,NO,X,NOT APPLICABLE,f,f,f,f,f,f,f,f,f,f,f,f,t,f,f,f,t,f,f,SMALL BUSINESS,S,f,f,f,f,f,f,f,f,f,f,f,f,f,f,f,f,f,PARTNERSHIP,f,f,t,f,f,f,f,f,f,f,f,f,f,f,f,f,f,t,f,f,f,f,f,f,f,f,t,f,t,f,f,f,f,f,f,f,f,f,f,f,f,f,f,f,t,t,f,t,f,f,,,,,,,,,,,https://www.usaspending.gov/award/CONT_AWD_FA486121C0023_9700_-NONE-_-NONE-/,2021-08-24 13:35:40+00
CONT_AWD_FA489015C0010_9700_-NONE-_-NONE-,FA489015C0010,,,,N: Emergency P.L. 116-136;Q: Not Designated Nonemergency/Emergency/Disaster/Wildfire Suppression,,3438297.56,,,41726297.72,10829283.08,41830489.72,50934807.46,2014-11-06,2015,2021-08-18,2021,2014-10-31,2021-08-31,2021-08-31 00:00:00,,,097,Department of Defense,5700,Department of the Air Force,FA4890,FA4890  HQ ACC AMIC,097,Department of Defense,5700,Department of the Air Force,F2QF26,ACC TRSS,057-2018/2018-3400-000;057-2019/2019-3400-000;057-2020/2020-3400-000;057-2021/2021-3400-000,057-3400,25.2: Other services from non-Federal sources,0000: UNKNOWN/OTHER;0001: OPERATING FORCES;OPTN: FIELD IS OPTIONAL PRIOR TO FY21,X,NOT APPLICABLE,,,H5KSMPBC79J7,,SONORAN TECHNOLOGY & PROFESSIONAL SERVICES LLC,"SONORAN TECHNOLOGY AND PROFESSIONAL SERVICES, LLC",,4P5X4,H5KSMPBC79J7,,SONORAN TECHNOLOGY & PROFESSIONAL SERVICES LLC,SONORAN TECHNOLOGY AND PROFESSIONAL SERVICES  LLC,USA,UNITED STATES,15655 W ROOSEVELT ST STE 141,,GOODYEAR,04013,MARICOPA,04,AZ,ARIZONA,853389311,AZ-08,AZ-09,6239327926,6239323146,USA,UNITED STATES,TINKER AFB,40109,OKLAHOMA,40,OK,OKLAHOMA,731459000,OK-04,OK-04,AWARD,D,DEFINITIVE CONTRACT,,,,,,,J,FIRM FIXED PRICE,"IGF::OT::IGF  1.1 SCOPE OF WORK  THE CONTRACTOR SHALL PROVIDE ALL PERSONNEL AND SERVICES, EXCEPT AS SPECIFIED IN THIS PERFORMANCE WORK STATEMENT (PWS), TO PERFORM E-3 MISSION CREW TRAINING (MCT) AT TINKER AIR FORCE BASE (AFB), OKLAHOMA.  IN ADDITION, THE CONTRACTOR SHALL PROVIDE E-3 MCT TO THE PROFICIENCY LEVEL IN ACCORDANCE WITH (IAW) 552 AIR CONTROL WING (ACW) MCT TRAINING TASK LISTS (TTLS) AT TINKER AIR FORCE BASE (AFB), OKLAHOMA.  THIS PWS PROVIDES THE TECHNICAL AND PROGRAM MANAGEMENT REQUIREMENTS FOR THE FULL SPECTRUM OF UNITED STATES AIR FORCE (USAF) DIRECTED E-3 MCT EFFORTS.  THESE EFFORTS INCLUDE COURSEWARE DEVELOPMENT, ACADEMIC INSTRUCTION, AIRCREW TRAINING DEVICE (ATD) INSTRUCTION, SIMULATOR OPERATOR SUPPORT, SCENARIO DEVELOPMENT, MISSION CREW ATD EVENT SCHEDULING, AND SUPPORT FUNCTIONS.",FA489013R0122,1,OT,OTHER FUNCTIONS,U009,EDUCATION/TRAINING- GENERAL,D,NOT A BUNDLED REQUIREMENT,S1,SERVICES,611512,FLIGHT TRAINING,C,NO CLAUSES INCLUDED AND NO SUSTAINABILITY INCLUDED,A,U.S. OWNED BUSINESS,000,NONE,Z,NOT IT PRODUCTS OR SERVICES,E,NOT REQUIRED,USA,UNITED STATES,C,NOT A MANUFACTURED END PRODUCT,B,PLAN NOT REQUIRED,D,FULL AND OPEN COMPETITION AFTER EXCLUSION OF SOURCES,NP,NEGOTIATED PROPOSAL/QUOTE,SBA,SMALL BUSINESS SET ASIDE - TOTAL,NONE,NO PREFERENCE USED,,,,,,,6,A,COMMERCIAL ITEM,f,N,NO,N,NO,Y,YES,N,NO,0.00,N,NO,N,NO,Y,YES,X,NOT APPLICABLE,X,NOT APPLICABLE,,,,,,,,NONE,NONE,N,NO,X,NOT APPLICABLE EXEMPT FROM CAS,N,TRANSACTION DOES NOT USE GFE/GFP,U,UNKNOWN,N,NO,Y,YES - SERVICE WHERE PBA IS USED.,N,NO,Z,NOT APPLICABLE,N,NO,X,NOT APPLICABLE,f,f,f,f,f,t,t,f,f,f,f,f,f,f,f,t,f,f,f,SMALL BUSINESS,S,f,f,f,f,f,f,f,f,f,f,f,f,f,f,f,f,f,OTHER,f,f,f,f,f,f,f,f,f,f,f,f,f,f,f,f,f,t,f,f,f,f,f,f,f,f,t,f,t,f,f,f,f,f,f,f,f,f,f,f,f,f,f,f,f,t,f,t,f,f,PAUL  SMILEY,276666.00,,,,,,,,,https://www.usaspending.gov/award/CONT_AWD_FA489015C0010_9700_-NONE-_-NONE-/,2025-04-22 16:50:17+00
CONT_AWD_FA489717C0002_9700_-NONE-_-NONE-,FA489717C0002,,,,Q: Not Designated Nonemergency/Emergency/Disaster/Wildfire Suppression,,,,,4814568.25,994263.66,4825246.36,4838822.75,2017-03-10,2017,2021-08-17,2021,2017-03-10,2022-09-27,2022-09-27 00:00:00,,,097,Department of Defense,5700,Department of the Air Force,FA4897,FA4897 366 CONS PKP,097,Department of Defense,5700,Department of the Air Force,F3F3CE,366 CES CERF,057-2019/2019-3400-000;057-2020/2020-3400-000;057-2021/2021-3400-000,057-3400,25.4: Operation and maintenance of facilities,0001: OPERATING FORCES,X,NOT APPLICABLE,,,NYW5USFNX6X6,867790511,"TRACE, INC.","TRACE, INC.",,00PK2,NYW5USFNX6X6,867790511,"TRACE, INC.",TRACE  INC.,USA,UNITED STATES,5519 N GLENWOOD ST,,GARDEN CITY,16001,ADA,16,ID,IDAHO,837141336,ID-02,ID-02,2089394350,2089392617,USA,UNITED STATES,MOUNTAIN HOME AFB,16039,ELMORE,16,ID,IDAHO,836485000,ID-02,ID-02,AWARD,D,DEFINITIVE CONTRACT,,,,,,,J,FIRM FIXED PRICE,"IGF::OT::IGF GROUNDS MAINTENANCE SERVICE FOR MOUNTAIN HOME AFB, ID.",FA489717R0001,1,OT,OTHER FUNCTIONS,S208,HOUSEKEEPING- LANDSCAPING/GROUNDSKEEPING,H,NOT BUNDLED,S1,SERVICES,561730,LANDSCAPING SERVICES,C,NO CLAUSES INCLUDED AND NO SUSTAINABILITY INCLUDED,A,U.S. OWNED BUSINESS,000,NONE,Z,NOT IT PRODUCTS OR SERVICES,E,NOT REQUIRED,USA,UNITED STATES,C,NOT A MANUFACTURED END PRODUCT,G,COMMERCIAL SUBCONTRACT PLAN,G,NOT COMPETED UNDER SAP,SP1,SIMPLIFIED ACQUISITION,NONE,NO SET ASIDE USED.,NONE,NO PREFERENCE USED,,,,,OTH,AUTHORIZED BY STATUTE (FAR 6.302-5(A)(2)(I)),1,A,COMMERCIAL ITEM,f,N,NO,N,NO,Y,YES,N,NO,0.00,N,NO,X,NOT APPLICABLE,Y,YES,X,NOT APPLICABLE,X,NOT APPLICABLE,,,,,,,,NONE,NONE,N,NO,X,NOT APPLICABLE EXEMPT FROM CAS,N,TRANSACTION DOES NOT USE GFE/GFP,U,UNKNOWN,D,NOT CONSOLIDATED,Y,YES - SERVICE WHERE PBA IS USED.,N,NO,Z,NOT APPLICABLE,N,NO,X,NOT APPLICABLE,f,f,f,f,f,f,f,f,f,f,f,f,f,f,f,f,f,f,f,OTHER THAN SMALL BUSINESS,O,f,f,f,f,f,f,f,f,f,f,f,f,f,f,f,f,f,CORPORATE TAX EXEMPT,f,t,f,f,f,f,f,f,f,f,f,f,f,f,f,f,f,t,f,f,f,f,f,f,f,f,f,f,f,t,f,t,f,f,f,f,f,f,f,f,f,f,f,f,f,f,f,f,f,f,,,,,,,,,,,https://www.usaspending.gov/award/CONT_AWD_FA489717C0002_9700_-NONE-_-NONE-/,2021-08-17 20:18:55+00
CONT_AWD_FA500021C0057_9700_-NONE-_-NONE-,FA500021C0057,,,,Q: Not Designated Nonemergency/Emergency/Disaster/Wildfire Suppression,,,,,250643.69,0.00,250643.69,250643.69,2021-08-20,2021,2021-08-20,2021,2021-08-20,2022-05-28,2022-05-28 00:00:00,,2021-07-13,097,Department of Defense,5700,Department of the Air Force,FA5000,FA5000  673 CONS LGC,097,Department of Defense,5700,Department of the Air Force,F1W3EA,673D CES CEP/CER/CEA,057-2021/2021-3400-000,057-3400,32.0: Land and structures,0001: OPERATING FORCES,X,NOT APPLICABLE,,,MFM6WQKK5J39,,GREEN EARTH LANDWORKS LLC,GREEN EARTH LANDWORKS LLC,,337R5,MFM6WQKK5J39,,GREEN EARTH LANDWORKS LLC,GREEN EARTH LANDWORKS LLC,USA,UNITED STATES,5440 B ST,,ANCHORAGE,02020,ANCHORAGE,02,AK,ALASKA,995181639,AK-00,AK-00,9072437892,9077430099,USA,UNITED STATES,JBER,02020,ANCHORAGE,02,AK,ALASKA,995064504,AK-00,AK-00,AWARD,D,DEFINITIVE CONTRACT,,,,,,,J,FIRM FIXED PRICE,REPAIR HVAC SYSTEMS LAUNDRY BLDG. 651,FA500021R0062,1,OT,OTHER FUNCTIONS,Z2JZ,REPAIR OR ALTERATION OF MISCELLANEOUS BUILDINGS,H,NOT BUNDLED,C2,CONSTRUCTION,238220,"PLUMBING, HEATING, AND AIR-CONDITIONING CONTRACTORS",C,NO CLAUSES INCLUDED AND NO SUSTAINABILITY INCLUDED,A,U.S. OWNED BUSINESS,000,NONE,Z,NOT IT PRODUCTS OR SERVICES,E,NOT REQUIRED,USA,UNITED STATES,C,NOT A MANUFACTURED END PRODUCT,B,PLAN NOT REQUIRED,F,COMPETED UNDER SAP,SP1,SIMPLIFIED ACQUISITION,SBA,SMALL BUSINESS SET ASIDE - TOTAL,NONE,NO PREFERENCE USED,,,,,,,3,D,COMMERCIAL ITEM PROCEDURES NOT USED,f,N,NO,N,NO,X,NOT APPLICABLE,N,NO,0.00,N,NO,Y,YES,N,NO,Y,YES,X,NOT APPLICABLE,,,,,,,,NONE,NONE,N,NO,X,NOT APPLICABLE EXEMPT FROM CAS,N,TRANSACTION DOES NOT USE GFE/GFP,N,NO,D,NOT CONSOLIDATED,N,NO - SERVICE WHERE PBA IS NOT USED.,N,NO,Z,NOT APPLICABLE,N,NO,X,NOT APPLICABLE,f,f,f,f,f,f,f,t,t,t,f,f,t,f,f,f,t,f,f,SMALL BUSINESS,S,f,f,f,f,f,f,f,f,f,f,f,f,f,f,f,f,f,CORPORATE NOT TAX EXEMPT,t,f,f,f,f,f,f,f,f,f,f,f,f,f,f,f,f,t,f,f,f,f,f,f,f,f,t,f,t,f,f,f,f,f,f,f,f,f,f,f,f,f,f,f,t,t,f,t,f,f,,,,,,,,,,,https://www.usaspending.gov/award/CONT_AWD_FA500021C0057_9700_-NONE-_-NONE-/,2024-06-14 13:29:25+00
CONT_AWD_FA568517C0003_9700_-NONE-_-NONE-,FA568517C0003,,,,,,,,,764400.00,,764400.00,846300.00,2016-12-22,2017,2021-08-19,2021,2016-12-21,2021-09-30,2022-03-31 00:00:00,,,097,Department of Defense,5700,Department of the Air Force,FA5685,FA5685  39 CONS LGC,097,Department of Defense,5700,Department of the Air Force,F2G4A2,39 MDS SGSR,,,,,X,NOT APPLICABLE,,,SJJPYGJLJP38,566219946,OZHAN SURER OZEL SAGLIK HIZMETLERI OZEL EGITIM TEKSTIL INS TURIZM TASIMACILIK SAN LTD STI,OZHAN SURER OZEL SAGLIK HIZMETLERI OZEL EGITIM TEKSTIL INSAAT TURIZM TASIMACILIK SANAYI VE,,TA939,SJJPYGJLJP38,566219946,OZHAN SURER OZEL SAGLIK HIZMETLERI OZEL EGITIM TEKSTIL INS TURIZM TASIMACILIK SAN LTD STI,OZHAN SURER OZEL SAGLIK HIZMETLERI OZEL EGITIM TEKSTIL INSAAT TURIZM TASIMACILIK,TUR,TURKEY,YILMAZ AP,CEMAL PASA MAH,ADANA,,,,,,,,,,,TUR,TURKEY,,,,,,,09824,,,AWARD,D,DEFINITIVE CONTRACT,,,,,,,J,FIRM FIXED PRICE,IGF::OT::IGF ORTHOPEDIC SURGERY SERVICES NON-PERSONAL - INCIRLIK AB,FA568517R0002,1,OT,OTHER FUNCTIONS,Q513,MEDICAL- ORTHOPEDIC,D,NOT A BUNDLED REQUIREMENT,S1,SERVICES,621111,OFFICES OF PHYSICIANS (EXCEPT MENTAL HEALTH SPECIALISTS),C,NO CLAUSES INCLUDED AND NO SUSTAINABILITY INCLUDED,D,FOREIGN-OWNED BUSINESS NOT INCORPORATED IN THE U.S.,000,NONE,Z,NOT IT PRODUCTS OR SERVICES,E,NOT REQUIRED,TUR,TURKEY,C,NOT A MANUFACTURED END PRODUCT,B,PLAN NOT REQUIRED,F,COMPETED UNDER SAP,SP1,SIMPLIFIED ACQUISITION,NONE,NO SET ASIDE USED.,NONE,NO PREFERENCE USED,,,,,,,3,A,COMMERCIAL ITEM,f,N,NO,N,NO,Y,YES,N,NO,0.00,N,NO,X,NOT APPLICABLE,X,NOT APPLICABLE,X,NOT APPLICABLE,X,NOT APPLICABLE,,,,,,,,NONE,NONE,N,NO,X,NOT APPLICABLE EXEMPT FROM CAS,N,TRANSACTION DOES NOT USE GFE/GFP,N,NO,N,NO,N,NO - SERVICE WHERE PBA IS NOT USED.,N,NO,Z,NOT APPLICABLE,N,NO,X,NOT APPLICABLE,f,f,f,f,f,f,f,f,f,f,f,f,t,f,f,f,f,f,t,OTHER THAN SMALL BUSINESS,O,f,f,f,f,f,f,f,f,f,f,f,f,f,f,f,f,f,OTHER,f,f,f,f,f,f,f,t,f,f,f,f,f,f,f,f,f,t,f,f,f,f,f,f,f,f,f,f,f,f,t,f,f,f,f,f,f,f,f,f,f,f,f,f,f,f,f,f,f,f,,,,,,,,,,,https://www.usaspending.gov/award/CONT_AWD_FA568517C0003_9700_-NONE-_-NONE-/,2021-08-19 03:20:23+00
CONT_AWD_FA670318C0010_9700_-NONE-_-NONE-,FA670318C0010,,,,C: Emergency P.L. 115-123;Q: Not Designated Nonemergency/Emergency/Disaster/Wildfire Suppression,,,,,4738712.50,0.00,9138482.22,9138482.22,2018-09-29,2018,2021-08-23,2021,2018-09-29,2020-08-31,2020-08-31 00:00:00,,2018-08-20,097,Department of Defense,5700,Department of the Air Force,FA6703,FA6703  94TH CONTRACTING FLIGHT PK,097,Department of Defense,5700,Department of the Air Force,F5B323,94MSG CE,057-2018/2018-3740-000;057-2019/2019-3740-000,057-3740,32.0: Land and structures,,X,NOT APPLICABLE,,,ZHZXLM74L9W3,086302795,TRIDENT BUILDING SOLUTIONS LLC,TRIDENT BUILDING SOLUTIONS LLC,,82Z33,ZHZXLM74L9W3,086302795,TRIDENT BUILDING SOLUTIONS LLC,TRIDENT BUILDING SOLUTIONS LLC,USA,UNITED STATES,2100 RIVEREDGE PKWY STE 825,,ATLANTA,13121,FULTON,13,GA,GEORGIA,303284641,GA-06,GA-07,7709524200,,USA,UNITED STATES,MARIETTA,13067,COBB,13,GA,GEORGIA,300694900,GA-11,GA-11,AWARD,D,DEFINITIVE CONTRACT,,,,,,,J,FIRM FIXED PRICE,FGWB 13-0018,FA670318B0003,1,CL,CLOSELY ASSOCIATED,Z2AA,REPAIR OR ALTERATION OF OFFICE BUILDINGS,H,NOT BUNDLED,C2,CONSTRUCTION,236220,COMMERCIAL AND INSTITUTIONAL BUILDING CONSTRUCTION,A,FAR 52.223-4 INCLUDED,A,U.S. OWNED BUSINESS,000,NONE,Z,NOT IT PRODUCTS OR SERVICES,A,MEETS REQUIREMENTS,USA,UNITED STATES,C,NOT A MANUFACTURED END PRODUCT,B,PLAN NOT REQUIRED,D,FULL AND OPEN COMPETITION AFTER EXCLUSION OF SOURCES,SB,SEALED BID,SBA,SMALL BUSINESS SET ASIDE - TOTAL,NONE,NO PREFERENCE USED,,,,,,,3,D,COMMERCIAL ITEM PROCEDURES NOT USED,f,N,NO,N,NO,Y,YES,N,NO,0.00,N,NO,N,NO,N,NO,Y,YES,X,NOT APPLICABLE,,,,,,,,NONE,NONE,N,NO,X,NOT APPLICABLE EXEMPT FROM CAS,N,TRANSACTION DOES NOT USE GFE/GFP,U,UNKNOWN,D,NOT CONSOLIDATED,Y,YES - SERVICE WHERE PBA IS USED.,N,NO,C,PERCENTAGE OF COMPLETION PROGRESS PAYMENTS,N,NO,X,NOT APPLICABLE,f,f,f,f,f,f,f,f,f,f,f,f,f,f,f,f,f,f,f,SMALL BUSINESS,S,f,f,f,f,f,f,f,f,f,f,f,f,f,f,f,f,f,PARTNERSHIP,f,f,t,f,f,f,f,f,f,f,f,f,f,f,f,f,f,t,f,f,f,f,f,f,f,f,t,f,t,f,f,f,f,f,f,f,f,f,f,f,f,f,f,f,f,f,f,f,f,f,,,,,,,,,,,https://www.usaspending.gov/award/CONT_AWD_FA670318C0010_9700_-NONE-_-NONE-/,2021-08-23 15:11:43+00
CONT_AWD_FA680017C0006_9700_-NONE-_-NONE-,FA680017C0006,,,,Q: Not Designated Nonemergency/Emergency/Disaster/Wildfire Suppression,,,,,5664677.34,155376.40,5983095.51,5983095.51,2017-09-26,2017,2021-08-24,2021,2017-09-26,2020-09-27,2020-09-27 00:00:00,,,097,Department of Defense,5700,Department of the Air Force,FA6800,FA6800 AFICC 767 ESF,097,Department of Defense,5700,Department of the Air Force,F1GFA5,AFGS DPCC,057-2017/2017-3400-000;057-2018/2018-3400-000;057-2019/2019-3400-000;057-2020/2020-3400-000;057-2021/2021-3400-000,057-3400,25.1: Advisory and assistance services;25.2: Other services from non-Federal sources;25.7: Operation and maintenance of equipment,0000: UNKNOWN/OTHER;0001: OPERATING FORCES,X,NOT APPLICABLE,,,SR9YMM6QE8B5,968289210,"SYSCOM, INC","SYSCOM, INC",,6F2K8,SR9YMM6QE8B5,968289210,"SYSCOM, INC",SYSCOM  INC,USA,UNITED STATES,4465 NORTH PARK DR SUITE 208,,COLORADO SPRINGS,08041,EL PASO,08,CO,COLORADO,809074238,CO-05,CO-05,7199646448,7194662016,USA,UNITED STATES,BARKSDALE AFB,22015,BOSSIER,22,LA,LOUISIANA,711102071,LA-04,LA-04,AWARD,D,DEFINITIVE CONTRACT,,,,,,,J,FIRM FIXED PRICE,IGF::OT::IGF RTF EQUIPMENT AND TRAINING SUPPORT,FA680017R0002,1,OT,OTHER FUNCTIONS,R425,SUPPORT- PROFESSIONAL: ENGINEERING/TECHNICAL,H,NOT BUNDLED,S1,SERVICES,541330,ENGINEERING SERVICES,C,NO CLAUSES INCLUDED AND NO SUSTAINABILITY INCLUDED,A,U.S. OWNED BUSINESS,000,NONE,Z,NOT IT PRODUCTS OR SERVICES,E,NOT REQUIRED,USA,UNITED STATES,C,NOT A MANUFACTURED END PRODUCT,B,PLAN NOT REQUIRED,D,FULL AND OPEN COMPETITION AFTER EXCLUSION OF SOURCES,NP,NEGOTIATED PROPOSAL/QUOTE,SBA,SMALL BUSINESS SET ASIDE - TOTAL,NONE,NO PREFERENCE USED,,,,,,,2,D,COMMERCIAL ITEM PROCEDURES NOT USED,f,N,NO,N,NO,Y,YES,N,NO,0.00,N,NO,N,NO,N,NO,N,NO,X,NOT APPLICABLE,,,,,,,,NONE,NONE,N,NO,X,NOT APPLICABLE EXEMPT FROM CAS,N,TRANSACTION DOES NOT USE GFE/GFP,U,UNKNOWN,D,NOT CONSOLIDATED,Y,YES - SERVICE WHERE PBA IS USED.,N,NO,Z,NOT APPLICABLE,N,NO,X,NOT APPLICABLE,f,f,f,f,f,f,f,f,f,f,f,f,t,f,f,f,t,f,f,SMALL BUSINESS,S,f,f,f,f,f,f,f,f,f,f,f,f,f,f,f,f,f,CORPORATE NOT TAX EXEMPT,t,f,f,f,f,f,f,f,f,f,f,f,f,f,f,f,f,t,f,f,f,f,f,f,f,f,f,f,t,f,f,f,f,f,f,f,f,f,f,f,f,f,f,f,t,t,f,t,t,f,,,,,,,,,,,https://www.usaspending.gov/award/CONT_AWD_FA680017C0006_9700_-NONE-_-NONE-/,2021-08-24 10:50:33+00
CONT_AWD_FA700016C0019_9700_-NONE-_-NONE-,FA700016C0019,,,,Q: Not Designated Nonemergency/Emergency/Disaster/Wildfire Suppression,,,,,3585128.10,828540.96,3605478.90,3614478.90,2016-03-31,2016,2021-08-18,2021,2016-04-01,2021-09-27,2021-09-27 00:00:00,,,097,Department of Defense,5700,Department of the Air Force,FA7000,FA7000  10 CONS LGC,097,Department of Defense,5700,Department of the Air Force,F4B611,F4B611 306 FTG,057-2016/2016-3400-000;057-2018/2018-3400-000;057-2019/2019-3400-000;057-2020/2020-3400-000;057-2021/2021-3400-000,057-3400,25.7: Operation and maintenance of equipment,0000: UNKNOWN/OTHER;0001: OPERATING FORCES,X,NOT APPLICABLE,,,CXX3D13SMK75,079404826,ATMOSPHERIC SCIENCE TECHNOLOGY LLC,ATMOSPHERIC SCIENCE TECHNOLOGY LLC,,773W9,QJJUBEUWTJF7,079199298,AQUATE SERVICES LLC,ATMOSPHERIC SCIENCE TECHNOLOGY LLC,USA,UNITED STATES,2005 WEST WRANGLER BLVD,,SEMINOLE,40133,SEMINOLE,40,OK,OKLAHOMA,748682044,OK-04,OK-05,2569295155,2568376117,USA,UNITED STATES,USAF ACADEMY,08041,EL PASO,08,CO,COLORADO,808400396,CO-05,CO-05,AWARD,D,DEFINITIVE CONTRACT,,,,,,,J,FIRM FIXED PRICE,IGF::OT::IGF  METEOROLOGICAL SERVICES,FA700016T0052,1,OT,OTHER FUNCTIONS,R427,SUPPORT- PROFESSIONAL: WEATHER REPORTING/OBSERVATION,D,NOT A BUNDLED REQUIREMENT,S1,SERVICES,541990,"ALL OTHER PROFESSIONAL, SCIENTIFIC, AND TECHNICAL SERVICES",C,NO CLAUSES INCLUDED AND NO SUSTAINABILITY INCLUDED,A,U.S. OWNED BUSINESS,000,NONE,Z,NOT IT PRODUCTS OR SERVICES,E,NOT REQUIRED,USA,UNITED STATES,C,NOT A MANUFACTURED END PRODUCT,B,PLAN NOT REQUIRED,G,NOT COMPETED UNDER SAP,SP1,SIMPLIFIED ACQUISITION,8AN,8(A) SOLE SOURCE,NONE,NO PREFERENCE USED,,,,,OTH,AUTHORIZED BY STATUTE (FAR 6.302-5(A)(2)(I)),1,A,COMMERCIAL ITEM,f,Y,YES,N,NO,Y,YES,N,NO,0.00,N,NO,N,NO,Y,YES,N,NO,X,NOT APPLICABLE,,,,,,,,NONE,NONE,N,NO,X,NOT APPLICABLE EXEMPT FROM CAS,N,TRANSACTION DOES NOT USE GFE/GFP,U,UNKNOWN,N,NO,Y,YES - SERVICE WHERE PBA IS USED.,N,NO,Z,NOT APPLICABLE,N,NO,X,NOT APPLICABLE,f,f,t,f,t,f,f,f,f,f,f,f,t,f,f,f,f,t,f,SMALL BUSINESS,S,f,f,f,f,f,f,f,f,f,f,f,f,f,f,f,f,f,OTHER,f,f,f,f,f,f,f,f,f,f,f,f,f,f,f,f,f,t,f,f,f,f,f,f,f,f,t,f,t,f,f,f,f,f,f,f,f,f,f,f,f,f,f,f,f,t,f,t,f,f,,,,,,,,,,,https://www.usaspending.gov/award/CONT_AWD_FA700016C0019_9700_-NONE-_-NONE-/,2021-08-18 20:21:07+00
CONT_AWD_FA701421C0028_9700_-NONE-_-NONE-,FA701421C0028,,,,Q: Not Designated Nonemergency/Emergency/Disaster/Wildfire Suppression,,,,,181003.10,0.00,181003.10,181003.10,2021-08-17,2021,2021-08-17,2021,2021-08-17,2021-09-24,2021-09-24 00:00:00,,2021-07-30,097,Department of Defense,5700,Department of the Air Force,FA7014,FA7014  AFDW PK,097,Department of Defense,5700,Department of the Air Force,F1AF1Z,F1AF1Z SAF AA,057-2021/2021-3400-000,057-3400,25.2: Other services from non-Federal sources,0000: UNKNOWN/OTHER,X,NOT APPLICABLE,,,N64TTJ32L344,,"RHP OPERATIONS NH, LLC","RHP OPERATIONS NH, LLC",,4YTK4,N64TTJ32L344,,"RHP OPERATIONS NH, LLC",RHP OPERATIONS NH  LLC,USA,UNITED STATES,201 WATERFRONT ST,,OXON HILL,24033,PRINCE GEORGE'S,24,MD,MARYLAND,207451135,MD-04,MD-04,3019652636,,USA,UNITED STATES,OXON HILL,24033,PRINCE GEORGES,24,MD,MARYLAND,207451135,MD-04,MD-04,AWARD,D,DEFINITIVE CONTRACT,,,,,,,J,FIRM FIXED PRICE,PKH - BUTLER - TEIXEIRA CSAF CONFERENCE AND SENIOR ENLISTED SUMMIT,FA701421Q0042,1,OT,OTHER FUNCTIONS,V231,"TRANSPORTATION/TRAVEL/RELOCATION- TRAVEL/LODGING/RECRUITMENT: LODGING, HOTEL/MOTEL",H,NOT BUNDLED,S1,SERVICES,721110,HOTELS (EXCEPT CASINO HOTELS) AND MOTELS,C,NO CLAUSES INCLUDED AND NO SUSTAINABILITY INCLUDED,A,U.S. OWNED BUSINESS,000,NONE,Z,NOT IT PRODUCTS OR SERVICES,E,NOT REQUIRED,USA,UNITED STATES,C,NOT A MANUFACTURED END PRODUCT,B,PLAN NOT REQUIRED,C,NOT COMPETED,SSS,ONLY ONE SOURCE,NONE,NO SET ASIDE USED.,NONE,NO PREFERENCE USED,,,,,ONE,ONLY ONE SOURCE-OTHER (FAR 6.302-1 OTHER),1,A,COMMERCIAL ITEM,f,N,NO,N,NO,Y,YES,N,NO,0.00,N,NO,X,NOT APPLICABLE,X,NOT APPLICABLE,X,NOT APPLICABLE,X,NOT APPLICABLE,,,,,,,,NONE,NONE,N,NO,X,NOT APPLICABLE EXEMPT FROM CAS,N,TRANSACTION DOES NOT USE GFE/GFP,N,NO,D,NOT CONSOLIDATED,N,NO - SERVICE WHERE PBA IS NOT USED.,N,NO,Z,NOT APPLICABLE,N,NO,X,NOT APPLICABLE,f,f,f,f,f,f,f,f,f,f,f,f,f,f,f,f,f,f,f,OTHER THAN SMALL BUSINESS,O,f,f,f,f,f,f,f,f,f,f,f,f,f,f,f,f,f,CORPORATE NOT TAX EXEMPT,t,f,f,f,f,f,f,f,f,f,f,f,f,f,f,f,f,t,f,f,f,f,f,f,f,f,f,f,t,f,f,f,f,f,f,f,f,f,f,f,f,f,f,f,f,f,f,f,f,f,,,,,,,,,,,https://www.usaspending.gov/award/CONT_AWD_FA701421C0028_9700_-NONE-_-NONE-/,2023-05-25 14:11:25+00
CONT_AWD_FA702211C0009_9700_-NONE-_-NONE-,FA702211C0009,,,,,,,,,49454721.06,,49636450.83,49636450.83,2011-03-25,2011,2021-08-19,2021,2011-04-01,2016-03-31,2016-03-31 00:00:00,,,097,Department of Defense,9763,Defense Contract Management Agency,S2101A,DCMA MID-ATLANTIC (BALTIMORE),097,Department of Defense,5700,Department of the Air Force,FA7022,FA7022  AMIC DET 2 OL PATRICK PKA,,,,,X,NOT APPLICABLE,,,TTTVDEQ7A2K3,069341303,"SCHAFER GOVERNMENT SERVICES, LLC","SCHAFER GOVERNMENT SERVICES, LLC",,8F406,DUN6EJ4H75K8,081041651,"GRYPHON TECHNOLOGIES, INC.",GRYPHON TECHNOLOGIES  INC.,USA,UNITED STATES,101 BILLERICA AVE BLDG 5 STE 201,,NORTH BILLERICA,25017,MIDDLESEX,25,MA,MASSACHUSETTS,018621271,MA-06,MA-03,7579552639,9782442559,USA,UNITED STATES,WASHINGTON,11001,DISTRICT OF COLUMBIA,11,DC,DISTRICT OF COLUMBIA,200033544,DC-98,DC-98,AWARD,D,DEFINITIVE CONTRACT,,,,,,,U,COST PLUS FIXED FEE,NPP ANALYSIS AND SUPPORT SERVICES,FA702210R0032,1,,,R499,SUPPORT- PROFESSIONAL: OTHER,D,NOT A BUNDLED REQUIREMENT,S1,SERVICES,541380,TESTING LABORATORIES,C,NO CLAUSES INCLUDED AND NO SUSTAINABILITY INCLUDED,A,U.S. OWNED BUSINESS,000,NONE,Z,NOT IT PRODUCTS OR SERVICES,E,NOT REQUIRED,USA,UNITED STATES,C,NOT A MANUFACTURED END PRODUCT,B,PLAN NOT REQUIRED,C,NOT COMPETED,SSS,ONLY ONE SOURCE,NONE,NO SET ASIDE USED.,NONE,NO PREFERENCE USED,,,,,ONE,ONLY ONE SOURCE-OTHER (FAR 6.302-1 OTHER),1,D,COMMERCIAL ITEM PROCEDURES NOT USED,f,N,NO,N,NO,X,NOT APPLICABLE,N,NO,0.00,N,NO,Y,YES,X,NOT APPLICABLE,X,NOT APPLICABLE,X,NOT APPLICABLE,,,,,,,,NONE,NONE,Y,YES,Y,YES - CAS CLAUSE INCLUDED,Y,TRANSACTION USES GFE/GFP,N,NO,N,NO,Y,YES - SERVICE WHERE PBA IS USED.,N,NO,Z,NOT APPLICABLE,N,NO,X,NOT APPLICABLE,f,f,f,f,f,f,f,f,f,f,f,f,f,f,f,f,f,f,f,OTHER THAN SMALL BUSINESS,O,f,f,f,f,f,f,f,f,f,f,f,f,f,f,f,f,f,CORPORATE NOT TAX EXEMPT,t,f,f,f,f,f,f,f,f,f,f,f,f,f,f,f,f,t,f,f,f,f,f,f,f,f,f,f,t,f,f,f,f,f,f,f,f,f,f,f,f,f,f,f,f,f,f,f,f,f,LEE  SHABE,520000.00,MARK  CONNEL,320422.00,GARY  SAUER,289958.00,CLINT  GREEN,283333.00,MICAHEL  STRICH,279400.00,https://www.usaspending.gov/award/CONT_AWD_FA702211C0009_9700_-NONE-_-NONE-/,2021-11-02 16:18:57+00
CONT_AWD_FA702215C0003_9700_-NONE-_-NONE-,FA702215C0003,,,,,,,,,3256284.54,,3256284.54,3940591.54,2015-03-31,2015,2021-08-19,2021,2015-04-01,2015-09-30,2015-09-30 00:00:00,,,097,Department of Defense,9763,Defense Contract Management Agency,S2101A,DCMA MID-ATLANTIC (BALTIMORE),097,Department of Defense,5700,Department of the Air Force,FA7022,FA7022  AMIC DET 2 OL PATRICK PKA,,,,,X,NOT APPLICABLE,,,TTTVDEQ7A2K3,069341303,"SCHAFER GOVERNMENT SERVICES, LLC","SCHAFER GOVERNMENT SERVICES, LLC",,8F406,DUN6EJ4H75K8,081041651,"GRYPHON TECHNOLOGIES, INC.",GRYPHON TECHNOLOGIES  INC.,USA,UNITED STATES,101 BILLERICA AVE BLDG 5 STE 201,,NORTH BILLERICA,25017,MIDDLESEX,25,MA,MASSACHUSETTS,018621271,MA-06,MA-03,7579552639,9782442559,USA,UNITED STATES,NORTH BILLERICA,25017,MIDDLESEX,25,MA,MASSACHUSETTS,018621271,MA-06,MA-03,AWARD,D,DEFINITIVE CONTRACT,,,,,,,J,FIRM FIXED PRICE,IGF::OT::IGF LABORATORY ANALYTICAL SERVICES&SUPPORT,FA702215R0008,1,OT,OTHER FUNCTIONS,R499,SUPPORT- PROFESSIONAL: OTHER,D,NOT A BUNDLED REQUIREMENT,S1,SERVICES,541380,TESTING LABORATORIES,C,NO CLAUSES INCLUDED AND NO SUSTAINABILITY INCLUDED,A,U.S. OWNED BUSINESS,000,NONE,Z,NOT IT PRODUCTS OR SERVICES,E,NOT REQUIRED,USA,UNITED STATES,C,NOT A MANUFACTURED END PRODUCT,B,PLAN NOT REQUIRED,C,NOT COMPETED,SSS,ONLY ONE SOURCE,NONE,NO SET ASIDE USED.,NONE,NO PREFERENCE USED,,,,,ONE,ONLY ONE SOURCE-OTHER (FAR 6.302-1 OTHER),1,D,COMMERCIAL ITEM PROCEDURES NOT USED,f,N,NO,N,NO,Y,YES,N,NO,0.00,N,NO,Y,YES,N,NO,N,NO,X,NOT APPLICABLE,,,,,,,,NONE,NONE,N,NO,Y,YES - CAS CLAUSE INCLUDED,N,TRANSACTION DOES NOT USE GFE/GFP,U,UNKNOWN,N,NO,Y,YES - SERVICE WHERE PBA IS USED.,N,NO,Z,NOT APPLICABLE,N,NO,X,NOT APPLICABLE,f,f,f,f,f,f,f,f,f,f,f,f,f,f,f,f,f,f,f,OTHER THAN SMALL BUSINESS,O,f,f,f,f,f,f,f,f,f,f,f,f,f,f,f,f,f,CORPORATE NOT TAX EXEMPT,t,f,f,f,f,f,f,f,f,f,f,f,f,f,f,f,f,t,f,f,f,f,f,f,f,f,f,f,t,f,f,f,f,f,f,f,f,f,f,f,f,f,f,f,f,f,f,f,f,f,LEE  SHABE,520000.00,MARK  CONNEL,320422.00,GARY  SAUER,289958.00,CLINT  GREEN,283333.00,MICAHEL  STRICH,279400.00,https://www.usaspending.gov/award/CONT_AWD_FA702215C0003_9700_-NONE-_-NONE-/,2021-11-09 00:09:11+00
CONT_AWD_FA703719CA003_9700_-NONE-_-NONE-,FA703719CA003,,,,E: Emergency P.L. 116-20;N: Emergency P.L. 116-136;Q: Not Designated Nonemergency/Emergency/Disaster/Wildfire Suppression,,1292115.00,,,3877623.00,222024.50,3877623.00,3877623.00,2019-03-27,2019,2021-08-19,2021,2019-03-29,2022-07-12,2022-07-12 00:00:00,,2019-02-12,097,Department of Defense,5700,Department of the Air Force,FA7037,FA7037 AMIC DET 2 JBSA,097,Department of Defense,5700,Department of the Air Force,F2MTD2,F2MTD2 AFISRA A3T,057-2019/2019-3400-000;057-2020/2020-3400-000;057-2021/2021-3400-000,057-3400,25.2: Other services from non-Federal sources,0000: UNKNOWN/OTHER;0001: OPERATING FORCES,X,NOT APPLICABLE,,,X3KBMPBMB3C1,042328471,"ITI SOLUTIONS, INC.",ITI SOLUTIONS INC,,1VVG9,X3KBMPBMB3C1,042328471,"ITI SOLUTIONS, INC.",ITI SOLUTIONS INC,USA,UNITED STATES,"14603 HUEBNER RD, STE 2402",,SAN ANTONIO,48029,BEXAR,48,TX,TEXAS,782305469,TX-23,TX-21,2107335744,2104932253,USA,UNITED STATES,SAN ANTONIO,48029,BEXAR,48,TX,TEXAS,782437006,TX-20,TX-23,AWARD,D,DEFINITIVE CONTRACT,,,,,,,J,FIRM FIXED PRICE,LANGUAGE PORTAL,,1,OT,OTHER FUNCTIONS,U008,EDUCATION/TRAINING- TRAINING/CURRICULUM DEVELOPMENT,H,NOT BUNDLED,S1,SERVICES,541513,COMPUTER FACILITIES MANAGEMENT SERVICES,C,NO CLAUSES INCLUDED AND NO SUSTAINABILITY INCLUDED,A,U.S. OWNED BUSINESS,000,NONE,Z,NOT IT PRODUCTS OR SERVICES,E,NOT REQUIRED,USA,UNITED STATES,C,NOT A MANUFACTURED END PRODUCT,B,PLAN NOT REQUIRED,G,NOT COMPETED UNDER SAP,SP1,SIMPLIFIED ACQUISITION,8AN,8(A) SOLE SOURCE,NONE,NO PREFERENCE USED,,,,,OTH,AUTHORIZED BY STATUTE (FAR 6.302-5(A)(2)(I)),1,A,COMMERCIAL ITEM,f,N,NO,N,NO,X,NOT APPLICABLE,N,NO,0.00,N,NO,N,NO,Y,YES,X,NOT APPLICABLE,X,NOT APPLICABLE,,,,,,,,NONE,NONE,N,NO,X,NOT APPLICABLE EXEMPT FROM CAS,N,TRANSACTION DOES NOT USE GFE/GFP,N,NO,D,NOT CONSOLIDATED,Y,YES - SERVICE WHERE PBA IS USED.,N,NO,Z,NOT APPLICABLE,N,NO,X,NOT APPLICABLE,f,f,f,f,f,t,t,f,f,f,f,f,t,f,f,f,t,f,f,SMALL BUSINESS,S,f,f,f,f,f,f,f,f,f,f,f,f,f,f,f,f,f,CORPORATE NOT TAX EXEMPT,t,f,f,f,f,f,f,f,f,f,f,f,f,f,f,f,f,t,f,f,f,f,f,f,f,t,f,f,t,f,f,f,f,f,f,f,f,f,f,f,f,f,f,f,f,t,f,t,f,f,,,,,,,,,,,https://www.usaspending.gov/award/CONT_AWD_FA703719CA003_9700_-NONE-_-NONE-/,2021-08-19 12:02:41+00
CONT_AWD_FA811719C0009_9700_-NONE-_-NONE-,FA811719C0009,,,,,,,,,629120.00,,629120.00,629120.00,2019-09-26,2019,2021-08-24,2021,2019-09-26,2021-09-26,2021-09-26 00:00:00,,2019-07-22,097,Department of Defense,9763,Defense Contract Management Agency,S4201A,DCMA MID-ATLANTIC (NEW CUMBERLAND),097,Department of Defense,5700,Department of the Air Force,FA8117,FA8117  AFSC PZABA,,,,,X,NOT APPLICABLE,,,MEUXC25TGDD8,364015917,CAES MISSION SYSTEMS LLC,"HERLEY INDUSTRIES, INC.",,24469,MQBGZ7HNRBG9,349084822,UNDERSEA SENSOR SYSTEMS INC,HERLEY INDUSTRIES  INC.,USA,UNITED STATES,3061 INDUSTRY DR,,LANCASTER,42071,LANCASTER,42,PA,PENNSYLVANIA,176034025,PA-16,PA-11,7173972777,,USA,UNITED STATES,LANCASTER,42071,LANCASTER,42,PA,PENNSYLVANIA,176034025,PA-11,PA-11,AWARD,D,DEFINITIVE CONTRACT,,,,,,,J,FIRM FIXED PRICE,REPAIR OF ELECTRONIC AMPLIFIER FOR B52 AIRCRAFT,FA811719R0011,1,OT,OTHER FUNCTIONS,J061,MAINT/REPAIR/REBUILD OF EQUIPMENT- ELECTRIC WIRE AND POWER DISTRIBUTION EQUIPMENT,H,NOT BUNDLED,A1B,AIRCRAFT ENGINES AND SPARES,336413,OTHER AIRCRAFT PARTS AND AUXILIARY EQUIPMENT MANUFACTURING,C,NO CLAUSES INCLUDED AND NO SUSTAINABILITY INCLUDED,C,FOREIGN-OWNED BUSINESS INCORPORATED IN THE U.S.,000,NONE,Z,NOT IT PRODUCTS OR SERVICES,E,NOT REQUIRED,USA,UNITED STATES,C,NOT A MANUFACTURED END PRODUCT,B,PLAN NOT REQUIRED,C,NOT COMPETED,SSS,ONLY ONE SOURCE,NONE,NO SET ASIDE USED.,NONE,NO PREFERENCE USED,,,,,ONE,ONLY ONE SOURCE-OTHER (FAR 6.302-1 OTHER),1,D,COMMERCIAL ITEM PROCEDURES NOT USED,f,N,NO,N,NO,X,NOT APPLICABLE,N,NO,0.00,N,NO,X,NOT APPLICABLE,Y,YES,X,NOT APPLICABLE,X,NOT APPLICABLE,,,,,,,,NONE,NONE,N,NO,X,NOT APPLICABLE EXEMPT FROM CAS,N,TRANSACTION DOES NOT USE GFE/GFP,N,NO,D,NOT CONSOLIDATED,N,NO - SERVICE WHERE PBA IS NOT USED.,N,NO,Z,NOT APPLICABLE,N,NO,X,NOT APPLICABLE,f,f,f,f,f,f,f,f,f,f,f,f,f,f,f,f,f,f,f,OTHER THAN SMALL BUSINESS,O,f,f,f,f,f,f,f,f,f,f,f,f,f,f,f,f,f,CORPORATE NOT TAX EXEMPT,t,f,f,f,f,f,f,f,f,f,f,f,t,f,f,f,f,t,f,f,f,f,f,f,f,f,f,t,t,f,f,f,f,f,f,f,f,f,f,f,f,f,f,f,f,f,f,f,f,f,,,,,,,,,,,https://www.usaspending.gov/award/CONT_AWD_FA811719C0009_9700_-NONE-_-NONE-/,2021-08-24 12:36:01+00
CONT_AWD_FA813720C0074_9700_-NONE-_-NONE-,FA813720C0074,,,,,,,,,2755778.39,,2755778.39,2755778.39,2020-09-24,2020,2021-08-17,2021,2020-09-24,2022-03-15,2022-03-15 00:00:00,,2020-08-24,097,Department of Defense,5700,Department of the Air Force,FA8137,FA8137  AFSC PZIOC,097,Department of Defense,5700,Department of the Air Force,F3YCHH,F3YCHH 76 MXSG MXRIWF,,,,,X,NOT APPLICABLE,,,D56MUMNUV8S5,080204435,"NATIVE STAR GROUP, INC",NATIVE STAR GROUP INC,,7L3E7,D56MUMNUV8S5,080204435,"NATIVE STAR GROUP, INC",NATIVE STAR GROUP INC,USA,UNITED STATES,17406 E 425 RD,,JAY,40041,DELAWARE,40,OK,OKLAHOMA,74346,OK-02,OK-02,9182536338,9185536639,USA,UNITED STATES,TINKER AFB,40109,OKLAHOMA,40,OK,OKLAHOMA,731459000,OK-04,OK-04,AWARD,D,DEFINITIVE CONTRACT,,,,,,,J,FIRM FIXED PRICE,WWYK150193 WO57074 REPAIR AHU SYSTEM B229,FA813720R0072,1,OT,OTHER FUNCTIONS,Z2CA,REPAIR OR ALTERATION OF SCHOOLS,H,NOT BUNDLED,C2,CONSTRUCTION,236220,COMMERCIAL AND INSTITUTIONAL BUILDING CONSTRUCTION,C,NO CLAUSES INCLUDED AND NO SUSTAINABILITY INCLUDED,A,U.S. OWNED BUSINESS,000,NONE,Z,NOT IT PRODUCTS OR SERVICES,A,MEETS REQUIREMENTS,USA,UNITED STATES,C,NOT A MANUFACTURED END PRODUCT,B,PLAN NOT REQUIRED,B,NOT AVAILABLE FOR COMPETITION,SSS,ONLY ONE SOURCE,8AN,8(A) SOLE SOURCE,NONE,NO PREFERENCE USED,,,,,OTH,AUTHORIZED BY STATUTE (FAR 6.302-5(A)(2)(I)),1,D,COMMERCIAL ITEM PROCEDURES NOT USED,f,N,NO,N,NO,N,NO,N,NO,0.00,N,NO,N,NO,N,NO,Y,YES,X,NOT APPLICABLE,,,,,,,,NONE,NONE,Y,YES,X,NOT APPLICABLE EXEMPT FROM CAS,N,TRANSACTION DOES NOT USE GFE/GFP,N,NO,D,NOT CONSOLIDATED,N,NO - SERVICE WHERE PBA IS NOT USED.,N,NO,A,FAR 52.232-16 PROGRESS PAYMENTS,Y,YES,X,NOT APPLICABLE,f,t,f,f,f,f,f,t,t,t,f,f,t,f,f,f,f,t,f,SMALL BUSINESS,S,f,f,f,f,f,f,f,f,f,f,f,f,f,f,f,f,f,CORPORATE NOT TAX EXEMPT,t,f,f,f,f,f,f,f,f,f,f,f,f,f,f,f,f,t,f,f,f,f,f,f,f,t,f,f,t,f,f,f,f,f,f,f,f,f,f,f,f,f,f,f,t,t,f,t,t,f,,,,,,,,,,,https://www.usaspending.gov/award/CONT_AWD_FA813720C0074_9700_-NONE-_-NONE-/,2021-08-17 13:59:21+00
CONT_AWD_FA813721C0043_9700_-NONE-_-NONE-,FA813721C0043,,,,,,,,,111312.98,,111312.98,111312.98,2021-08-20,2021,2021-08-20,2021,2021-08-20,2021-10-25,2021-10-25 00:00:00,,2021-08-18,097,Department of Defense,5700,Department of the Air Force,FA8137,FA8137  AFSC PZIOC,097,Department of Defense,5700,Department of the Air Force,F3YCHH,F3YCHH 76 MXSG MXRIWF,,,,,X,NOT APPLICABLE,,,RT47KJGETZB6,012577055,"CARMEN ROOFING SERVICES, LLC","CARMEN ROOFING SERVICES, LLC",,87A18,RT47KJGETZB6,012577055,"CARMEN ROOFING SERVICES, LLC",CARMEN ROOFING SERVICES  LLC,USA,UNITED STATES,6804 ECHO CANYON DR,,MCKINNEY,48085,COLLIN,48,TX,TEXAS,750722380,TX-03,TX-03,2108541660,,USA,UNITED STATES,OKLAHOMA CITY,40109,OKLAHOMA,40,OK,OKLAHOMA,731454546,OK-04,OK-04,AWARD,D,DEFINITIVE CONTRACT,,,,,,,J,FIRM FIXED PRICE,"REPLACE EXHAUST FANS 10 BLOWER WHEEL, B2122",,1,OT,OTHER FUNCTIONS,K043,MODIFICATION OF EQUIPMENT- PUMPS AND COMPRESSORS,H,NOT BUNDLED,C2,CONSTRUCTION,236220,COMMERCIAL AND INSTITUTIONAL BUILDING CONSTRUCTION,C,NO CLAUSES INCLUDED AND NO SUSTAINABILITY INCLUDED,A,U.S. OWNED BUSINESS,000,NONE,Z,NOT IT PRODUCTS OR SERVICES,E,NOT REQUIRED,USA,UNITED STATES,C,NOT A MANUFACTURED END PRODUCT,B,PLAN NOT REQUIRED,G,NOT COMPETED UNDER SAP,SP1,SIMPLIFIED ACQUISITION,NONE,NO SET ASIDE USED.,NONE,NO PREFERENCE USED,,,,,SP2,SAP NON-COMPETITION (FAR 13),1,D,COMMERCIAL ITEM PROCEDURES NOT USED,f,N,NO,N,NO,X,NOT APPLICABLE,N,NO,0.00,N,NO,X,NOT APPLICABLE,X,NOT APPLICABLE,Y,YES,X,NOT APPLICABLE,,,,,,,,NONE,NONE,Y,YES,X,NOT APPLICABLE EXEMPT FROM CAS,N,TRANSACTION DOES NOT USE GFE/GFP,N,NO,D,NOT CONSOLIDATED,Y,YES - SERVICE WHERE PBA IS USED.,N,NO,C,PERCENTAGE OF COMPLETION PROGRESS PAYMENTS,N,NO,A,CONTINGENCY OPERATION AS DEFINED IN 10 U.S.C. 101(A)(13),f,f,f,f,f,f,f,f,f,f,f,f,t,f,f,f,t,f,f,SMALL BUSINESS,S,f,f,f,f,f,f,f,f,f,f,f,f,f,f,f,f,f,SOLE PROPRIETORSHIP,f,f,f,t,f,f,f,f,f,f,f,f,f,f,f,f,f,t,f,f,f,f,f,f,f,f,t,f,t,f,f,f,f,f,f,f,f,f,f,f,f,f,f,f,f,t,f,t,f,f,ALAN E FLEITZ,125000.00,CORY E FLEITZ,125000.00,NATHAN M HARRISON,135000.00,DANIEL J JOSIMOV,80200.00,SARAH  BARBER,50000.00,https://www.usaspending.gov/award/CONT_AWD_FA813721C0043_9700_-NONE-_-NONE-/,2021-08-20 16:06:18+00
CONT_AWD_FA820421C0003_9700_-NONE-_-NONE-,FA820421C0003,,,,,,,,,1499956.67,,1499956.67,1499956.67,2021-08-24,2021,2021-08-24,2021,2021-08-24,2023-11-30,2023-11-30 00:00:00,,2021-04-21,097,Department of Defense,5700,Department of the Air Force,FA8204,FA8204  AFNWC PZBG,097,Department of Defense,5700,Department of the Air Force,F4FBEQ,F4FBEQ AFRL RGF,,,,,X,NOT APPLICABLE,,,XGYZK5MHNJZ8,,COMBUSTION RESEARCH & FLOW TECHNOLOGY INC,COMBUSTION RESEARCH AND FLOW TECHNOLOGY INC,,018B5,XGYZK5MHNJZ8,,COMBUSTION RESEARCH & FLOW TECHNOLOGY INC,COMBUSTION RESEARCH AND FLOW TECHNOLOGY INC,USA,UNITED STATES,6210 KELLERS CHURCH RD,,PIPERSVILLE,42017,BUCKS,42,PA,PENNSYLVANIA,189471020,PA-08,PA-01,2157661520,2157661524,USA,UNITED STATES,PIPERSVILLE,42017,BUCKS,42,PA,PENNSYLVANIA,189471020,PA-01,PA-01,AWARD,D,DEFINITIVE CONTRACT,,,,,,,J,FIRM FIXED PRICE,SBIR AWARD ISO AFNWC INNOVATION AF212-DCSO1.,,1,OT,OTHER FUNCTIONS,AC13,NATIONAL DEFENSE R&D SERVICES; DEPARTMENT OF DEFENSE - MILITARY; EXPERIMENTAL DEVELOPMENT,H,NOT BUNDLED,C9E,ALL OTHERS NOT IDENTIFIABLE TO ANY OTHER PROCUREMENT PROGRAM,541715,"RESEARCH AND DEVELOPMENT IN THE PHYSICAL, ENGINEERING, AND LIFE SCIENCES (EXCEPT NANOTECHNOLOGY AND BIOTECHNOLOGY)",C,NO CLAUSES INCLUDED AND NO SUSTAINABILITY INCLUDED,A,U.S. OWNED BUSINESS,000,NONE,Z,NOT IT PRODUCTS OR SERVICES,E,NOT REQUIRED,USA,UNITED STATES,C,NOT A MANUFACTURED END PRODUCT,B,PLAN NOT REQUIRED,D,FULL AND OPEN COMPETITION AFTER EXCLUSION OF SOURCES,NP,NEGOTIATED PROPOSAL/QUOTE,SBA,SMALL BUSINESS SET ASIDE - TOTAL,NONE,NO PREFERENCE USED,SR2,SMALL BUSINESS INNOVATION RESEARCH PROGRAM PHASE II ACTION,,,,,52,A,COMMERCIAL ITEM,f,N,NO,N,NO,X,NOT APPLICABLE,N,NO,0.00,N,NO,N,NO,X,NOT APPLICABLE,X,NOT APPLICABLE,X,NOT APPLICABLE,,,,,,,,NONE,NONE,N,NO,X,NOT APPLICABLE EXEMPT FROM CAS,N,TRANSACTION DOES NOT USE GFE/GFP,N,NO,D,NOT CONSOLIDATED,N,NO - SERVICE WHERE PBA IS NOT USED.,N,NO,Z,NOT APPLICABLE,N,NO,X,NOT APPLICABLE,f,f,f,f,f,f,f,f,f,f,f,f,f,f,f,f,f,f,f,SMALL BUSINESS,S,f,f,f,f,f,f,f,f,f,f,f,f,f,f,f,f,f,CORPORATE NOT TAX EXEMPT,t,f,f,f,f,f,f,f,f,f,f,f,f,f,f,f,f,t,f,f,f,f,f,f,f,f,f,f,t,f,f,f,f,f,f,f,f,f,f,f,f,f,f,f,f,f,f,f,f,f,,,,,,,,,,,https://www.usaspending.gov/award/CONT_AWD_FA820421C0003_9700_-NONE-_-NONE-/,2025-03-28 10:09:42+00
CONT_AWD_FA820421C0011_9700_-NONE-_-NONE-,FA820421C0011,,,,,,,,,1058270.11,,1058270.11,1058270.11,2021-08-24,2021,2021-08-24,2021,2021-08-24,2022-08-31,2022-08-31 00:00:00,,2021-04-21,097,Department of Defense,5700,Department of the Air Force,FA8204,FA8204  AFNWC PZBG,097,Department of Defense,5700,Department of the Air Force,F4FBEQ,F4FBEQ AFRL RGF,,,,,X,NOT APPLICABLE,,,E2G7MJ4TJBM4,,BRIDGEPHASE LLC,"BRIDGEPHASE, LLC",,591G1,E2G7MJ4TJBM4,,BRIDGEPHASE LLC,BRIDGEPHASE  LLC,USA,UNITED STATES,2800 SHIRLINGTON RD STE 704,,ARLINGTON,51510,ALEXANDRIA (CITY),51,VA,VIRGINIA,222063611,VA-08,VA-08,7035668306,7038909497,USA,UNITED STATES,ARLINGTON,51510,ALEXANDRIA CITY,51,VA,VIRGINIA,222063611,VA-08,VA-08,AWARD,D,DEFINITIVE CONTRACT,,,,,,,J,FIRM FIXED PRICE,SBIR AWARD ISO AFNWC INNOVATION AF212-DCSO1.,,1,OT,OTHER FUNCTIONS,AC13,NATIONAL DEFENSE R&D SERVICES; DEPARTMENT OF DEFENSE - MILITARY; EXPERIMENTAL DEVELOPMENT,H,NOT BUNDLED,C9E,ALL OTHERS NOT IDENTIFIABLE TO ANY OTHER PROCUREMENT PROGRAM,541715,"RESEARCH AND DEVELOPMENT IN THE PHYSICAL, ENGINEERING, AND LIFE SCIENCES (EXCEPT NANOTECHNOLOGY AND BIOTECHNOLOGY)",C,NO CLAUSES INCLUDED AND NO SUSTAINABILITY INCLUDED,A,U.S. OWNED BUSINESS,000,NONE,Z,NOT IT PRODUCTS OR SERVICES,E,NOT REQUIRED,USA,UNITED STATES,C,NOT A MANUFACTURED END PRODUCT,B,PLAN NOT REQUIRED,D,FULL AND OPEN COMPETITION AFTER EXCLUSION OF SOURCES,NP,NEGOTIATED PROPOSAL/QUOTE,SBA,SMALL BUSINESS SET ASIDE - TOTAL,NONE,NO PREFERENCE USED,SR2,SMALL BUSINESS INNOVATION RESEARCH PROGRAM PHASE II ACTION,,,,,52,A,COMMERCIAL ITEM,f,N,NO,N,NO,X,NOT APPLICABLE,N,NO,0.00,N,NO,N,NO,X,NOT APPLICABLE,X,NOT APPLICABLE,X,NOT APPLICABLE,,,,,,,,NONE,NONE,N,NO,X,NOT APPLICABLE EXEMPT FROM CAS,N,TRANSACTION DOES NOT USE GFE/GFP,N,NO,D,NOT CONSOLIDATED,N,NO - SERVICE WHERE PBA IS NOT USED.,N,NO,Z,NOT APPLICABLE,N,NO,X,NOT APPLICABLE,f,f,f,f,f,f,f,f,f,f,f,f,f,f,f,f,f,f,f,SMALL BUSINESS,S,f,f,f,f,f,f,f,f,f,f,f,f,f,f,f,f,f,PARTNERSHIP,f,f,t,f,f,f,f,f,f,f,f,f,f,f,f,f,f,t,f,f,f,f,f,f,f,f,t,f,t,f,f,f,f,f,f,f,f,f,f,f,f,f,f,f,f,f,f,f,f,f,,,,,,,,,,,https://www.usaspending.gov/award/CONT_AWD_FA820421C0011_9700_-NONE-_-NONE-/,2025-02-28 12:23:06+00
CONT_AWD_FA820421C0013_9700_-NONE-_-NONE-,FA820421C0013,,,,,,,,,1494614.72,,1494614.72,1494614.72,2021-08-24,2021,2021-08-24,2021,2021-08-24,2023-08-31,2023-08-31 00:00:00,,2021-04-21,097,Department of Defense,5700,Department of the Air Force,FA8204,FA8204  AFNWC PZBG,097,Department of Defense,5700,Department of the Air Force,F4FBEQ,F4FBEQ AFRL RGF,,,,,X,NOT APPLICABLE,,,GE6SB9D2NFM3,884812025,INNOVATIVE SCIENTIFIC SOLUTIONS INC,"INNOVATIVE SCIENTIFIC SOLUTIONS, INC",,032G3,GE6SB9D2NFM3,884812025,INNOVATIVE SCIENTIFIC SOLUTIONS INC,INNOVATIVE SCIENTIFIC SOLUTIONS  INC,USA,UNITED STATES,7610 MCEWEN RD,,DAYTON,39113,MONTGOMERY,39,OH,OHIO,454593908,OH-10,OH-10,9376303012,9376303015,USA,UNITED STATES,DAYTON,39113,MONTGOMERY,39,OH,OHIO,454593908,OH-10,OH-10,AWARD,D,DEFINITIVE CONTRACT,,,,,,,J,FIRM FIXED PRICE,SBIR AWARD ISO AFNWC INNOVATION AF212-DCSO1.,,1,OT,OTHER FUNCTIONS,AC13,NATIONAL DEFENSE R&D SERVICES; DEPARTMENT OF DEFENSE - MILITARY; EXPERIMENTAL DEVELOPMENT,H,NOT BUNDLED,C9E,ALL OTHERS NOT IDENTIFIABLE TO ANY OTHER PROCUREMENT PROGRAM,541715,"RESEARCH AND DEVELOPMENT IN THE PHYSICAL, ENGINEERING, AND LIFE SCIENCES (EXCEPT NANOTECHNOLOGY AND BIOTECHNOLOGY)",C,NO CLAUSES INCLUDED AND NO SUSTAINABILITY INCLUDED,A,U.S. OWNED BUSINESS,000,NONE,Z,NOT IT PRODUCTS OR SERVICES,E,NOT REQUIRED,USA,UNITED STATES,C,NOT A MANUFACTURED END PRODUCT,B,PLAN NOT REQUIRED,D,FULL AND OPEN COMPETITION AFTER EXCLUSION OF SOURCES,NP,NEGOTIATED PROPOSAL/QUOTE,SBA,SMALL BUSINESS SET ASIDE - TOTAL,NONE,NO PREFERENCE USED,SR2,SMALL BUSINESS INNOVATION RESEARCH PROGRAM PHASE II ACTION,,,,,52,A,COMMERCIAL ITEM,f,N,NO,N,NO,X,NOT APPLICABLE,N,NO,0.00,N,NO,N,NO,X,NOT APPLICABLE,X,NOT APPLICABLE,X,NOT APPLICABLE,,,,,,,,NONE,NONE,N,NO,X,NOT APPLICABLE EXEMPT FROM CAS,N,TRANSACTION DOES NOT USE GFE/GFP,N,NO,D,NOT CONSOLIDATED,N,NO - SERVICE WHERE PBA IS NOT USED.,N,NO,Z,NOT APPLICABLE,N,NO,X,NOT APPLICABLE,f,f,f,f,f,f,f,f,f,f,f,f,f,f,f,f,f,f,f,SMALL BUSINESS,S,f,f,f,f,f,f,f,f,f,f,f,f,f,f,f,f,f,CORPORATE NOT TAX EXEMPT,t,f,f,f,f,f,f,f,f,f,f,f,f,f,f,f,f,t,f,f,f,f,f,f,f,f,f,f,t,f,f,f,f,f,f,f,f,f,f,f,f,f,f,f,f,f,f,f,f,f,,,,,,,,,,,https://www.usaspending.gov/award/CONT_AWD_FA820421C0013_9700_-NONE-_-NONE-/,2021-08-24 17:43:48+00
CONT_AWD_FA821320C0015_9700_-NONE-_-NONE-,FA821320C0015,,,,N: Emergency P.L. 116-136,0,247301.53,,,247301.53,0.00,247301.53,247301.53,2020-07-07,2020,2021-08-20,2021,2020-07-08,2021-09-08,2021-09-08 00:00:00,,2020-03-31,097,Department of Defense,5700,Department of the Air Force,FA8213,FA8213  AFLCMC EBHK,097,Department of Defense,5700,Department of the Air Force,FA8213,FA8213  AFLCMC EBHK,057-2020/2020-3400-000,057-3400,25.7: Operation and maintenance of equipment,OPTN: FIELD IS OPTIONAL PRIOR TO FY21,X,NOT APPLICABLE,,,C3NRYDF1K755,005240536,CHEMRING ENERGETIC DEVICES INC,"CHEMRING ENERGETIC DEVICES, INC.",,93455,J6LFYSFAMVN5,216244954,CHEMRING GROUP PLC,CHEMRING GROUP PLC,USA,UNITED STATES,2525 CURTISS ST,,DOWNERS GROVE,17043,DUPAGE,17,IL,ILLINOIS,605154060,IL-11,IL-06,6309690620,6308295973,USA,UNITED STATES,DOWNERS GROVE,17043,DUPAGE,17,IL,ILLINOIS,605154060,IL-11,IL-06,AWARD,D,DEFINITIVE CONTRACT,,,,,,,J,FIRM FIXED PRICE,"PILOT EJECTION SEAT COMPONENTS, CAD/PAD F-15 REMANUFACTURER",FA821320R3015,1,,,1377,CARTRIDGE AND PROPELLANT ACTUATED DEVICES AND COMPONENTS,H,NOT BUNDLED,A6,AMMUNITION,325920,EXPLOSIVES MANUFACTURING,C,NO CLAUSES INCLUDED AND NO SUSTAINABILITY INCLUDED,C,FOREIGN-OWNED BUSINESS INCORPORATED IN THE U.S.,000,NONE,Z,NOT IT PRODUCTS OR SERVICES,E,NOT REQUIRED,USA,UNITED STATES,D,MFG IN U.S.,F,INDIVIDUAL SUBCONTRACT PLAN,A,FULL AND OPEN COMPETITION,NP,NEGOTIATED PROPOSAL/QUOTE,NONE,NO SET ASIDE USED.,NONE,NO PREFERENCE USED,,,,,,,1,D,COMMERCIAL ITEM PROCEDURES NOT USED,f,N,NO,N,NO,X,NOT APPLICABLE,N,NO,0.00,N,NO,Y,YES,X,NOT APPLICABLE,X,NOT APPLICABLE,X,NOT APPLICABLE,,,,,,,,NONE,NONE,N,NO,X,NOT APPLICABLE EXEMPT FROM CAS,Y,TRANSACTION USES GFE/GFP,N,NO,D,NOT CONSOLIDATED,X,NOT APPLICABLE,N,NO,Z,NOT APPLICABLE,N,NO,X,NOT APPLICABLE,f,f,f,f,f,f,f,f,f,f,f,f,f,f,f,f,f,f,f,OTHER THAN SMALL BUSINESS,O,f,f,f,f,f,f,f,f,f,f,f,f,f,f,f,f,f,CORPORATE NOT TAX EXEMPT,t,f,f,f,f,f,f,f,f,f,f,f,t,f,f,f,f,t,f,f,f,f,f,f,f,f,f,t,t,f,f,f,f,f,f,f,f,f,f,f,f,f,f,f,f,f,f,f,f,f,,,,,,,,,,,https://www.usaspending.gov/award/CONT_AWD_FA821320C0015_9700_-NONE-_-NONE-/,2021-08-20 11:46:22+00
CONT_AWD_FA821321C0011_9700_-NONE-_-NONE-,FA821321C0011,,,,,,,,,365006.45,,278394.75,278394.75,2021-08-18,2021,2021-08-18,2021,2021-08-18,2022-10-20,2022-10-20 00:00:00,,2021-02-02,097,Department of Defense,5700,Department of the Air Force,FA8213,FA8213  AFLCMC EBHK,097,Department of Defense,5700,Department of the Air Force,F2DCDE,F2DCDE AFLCMC EBH,,,,,X,NOT APPLICABLE,,,C3NRYDF1K755,,CHEMRING ENERGETIC DEVICES INC,"CHEMRING ENERGETIC DEVICES, INC.",,93455,J6LFYSFAMVN5,,CHEMRING GROUP PLC,CHEMRING GROUP PLC,USA,UNITED STATES,2525 CURTISS ST,,DOWNERS GROVE,17043,DUPAGE,17,IL,ILLINOIS,605154060,IL-11,IL-06,6309818372,6308295973,USA,UNITED STATES,DOWNERS GROVE,17043,DUPAGE,17,IL,ILLINOIS,605154060,IL-11,IL-06,AWARD,D,DEFINITIVE CONTRACT,,,,,,,J,FIRM FIXED PRICE,INITIATOR CARTRIDGES FOR F-15 CAD/PAD,FA821321R3005,1,,,1377,CARTRIDGE AND PROPELLANT ACTUATED DEVICES AND COMPONENTS,H,NOT BUNDLED,A6,AMMUNITION,325920,EXPLOSIVES MANUFACTURING,C,NO CLAUSES INCLUDED AND NO SUSTAINABILITY INCLUDED,C,FOREIGN-OWNED BUSINESS INCORPORATED IN THE U.S.,000,NONE,Z,NOT IT PRODUCTS OR SERVICES,E,NOT REQUIRED,USA,UNITED STATES,D,MFG IN U.S.,B,PLAN NOT REQUIRED,A,FULL AND OPEN COMPETITION,NP,NEGOTIATED PROPOSAL/QUOTE,NONE,NO SET ASIDE USED.,NONE,NO PREFERENCE USED,,,,,,,2,D,COMMERCIAL ITEM PROCEDURES NOT USED,f,N,NO,N,NO,X,NOT APPLICABLE,N,NO,0.00,N,NO,Y,YES,X,NOT APPLICABLE,X,NOT APPLICABLE,X,NOT APPLICABLE,,,,,,,,NONE,NONE,N,NO,X,NOT APPLICABLE EXEMPT FROM CAS,N,TRANSACTION DOES NOT USE GFE/GFP,N,NO,D,NOT CONSOLIDATED,X,NOT APPLICABLE,N,NO,Z,NOT APPLICABLE,N,NO,X,NOT APPLICABLE,f,f,f,f,f,f,f,f,f,f,f,f,f,f,f,f,f,f,f,OTHER THAN SMALL BUSINESS,O,f,f,f,f,f,f,f,f,f,f,f,f,f,f,f,f,f,CORPORATE NOT TAX EXEMPT,t,f,f,f,f,f,f,f,f,f,f,f,t,f,f,f,f,t,f,f,f,f,f,f,f,f,f,t,t,f,f,f,f,f,f,f,f,f,f,f,f,f,f,f,f,f,f,f,f,f,,,,,,,,,,,https://www.usaspending.gov/award/CONT_AWD_FA821321C0011_9700_-NONE-_-NONE-/,2023-03-08 06:19:41+00
CONT_AWD_FA822417C0019_9700_-NONE-_-NONE-,FA822417C0019,,,,,,,,,26007231.36,,26007231.36,26007231.36,2017-06-30,2017,2021-08-24,2021,2017-07-16,2022-07-15,2022-07-15 00:00:00,,,097,Department of Defense,5700,Department of the Air Force,FA8224,FA8224  AFSC OL H PZIM,097,Department of Defense,5700,Department of the Air Force,F3LGMC,F3LGMC MILSATCOM USSF SSCE CPM,,,,,X,NOT APPLICABLE,,,JMSSMX3NDKF4,080266639,LOCKHEED MARTIN CORPORATION,LOCKHEED MARTIN CORPORATION,,7MU49,ZFN2JJXBLZT3,834951691,LOCKHEED MARTIN CORP,LOCKHEED MARTIN CORPORATION,USA,UNITED STATES,700 N FREDERICK AVE,,GAITHERSBURG,24031,MONTGOMERY,24,MD,MARYLAND,208793328,MD-06,MD-06,4087420568,4087425752,USA,UNITED STATES,GAITHERSBURG,24031,MONTGOMERY,24,MD,MARYLAND,208781000,MD-06,MD-06,AWARD,D,DEFINITIVE CONTRACT,,,,,,,J,FIRM FIXED PRICE,"IGF::OT::IGF  THE PURPOSE IS TO PROVIDE SUSTAINMENT SUPPORT TO THE GLOBAL BROADCAST SERVICE (GBS)AS REQUIRED FOR TIER II OPERATIONS SUPPORT, DECC GBS DOMAIN EXPERTISE, CYBER SECURITY SUPPORT OF THE SBM AND RBM, SIGONELLA PRIMARY INJECTION POINT (PIP) AND REACH BACK SUPPORT, AND CYBER SECURITY SUPPORT.",FA822416R0072,1,OT,OTHER FUNCTIONS,R425,SUPPORT- PROFESSIONAL: ENGINEERING/TECHNICAL,H,NOT BUNDLED,S1,SERVICES,541519,OTHER COMPUTER RELATED SERVICES,C,NO CLAUSES INCLUDED AND NO SUSTAINABILITY INCLUDED,A,U.S. OWNED BUSINESS,000,NONE,Z,NOT IT PRODUCTS OR SERVICES,E,NOT REQUIRED,USA,UNITED STATES,C,NOT A MANUFACTURED END PRODUCT,B,PLAN NOT REQUIRED,C,NOT COMPETED,SSS,ONLY ONE SOURCE,NONE,NO SET ASIDE USED.,NONE,NO PREFERENCE USED,,,,,ONE,ONLY ONE SOURCE-OTHER (FAR 6.302-1 OTHER),1,D,COMMERCIAL ITEM PROCEDURES NOT USED,f,N,NO,N,NO,Y,YES,N,NO,0.00,N,NO,N,NO,N,NO,N,NO,X,NOT APPLICABLE,,,,,,,,NONE,NONE,N,NO,Y,YES - CAS CLAUSE INCLUDED,N,TRANSACTION DOES NOT USE GFE/GFP,U,UNKNOWN,D,NOT CONSOLIDATED,Y,YES - SERVICE WHERE PBA IS USED.,N,NO,Z,NOT APPLICABLE,N,NO,X,NOT APPLICABLE,f,f,f,f,f,f,f,f,f,f,f,f,f,f,f,f,f,f,f,OTHER THAN SMALL BUSINESS,O,f,f,f,f,f,f,f,f,f,f,f,f,f,f,f,f,f,CORPORATE NOT TAX EXEMPT,t,f,f,f,f,f,f,f,f,f,f,f,f,f,f,f,f,t,f,f,f,f,f,f,f,f,f,f,t,f,f,f,f,f,f,f,f,f,f,f,f,f,f,f,f,f,f,f,f,f,,,,,,,,,,,https://www.usaspending.gov/award/CONT_AWD_FA822417C0019_9700_-NONE-_-NONE-/,2021-08-24 15:07:51+00
CONT_AWD_FA822721C0008_9700_-NONE-_-NONE-,FA822721C0008,,,,,,,,,2844125.00,,2844125.00,2844125.00,2021-08-23,2021,2021-08-23,2021,2021-08-23,2022-08-30,2022-08-30 00:00:00,,2021-06-15,097,Department of Defense,5700,Department of the Air Force,FA8227,FA8227  AFSC OL H PZIM,097,Department of Defense,5700,Department of the Air Force,F2DCBP,F2DCBP 309 MXSG OBM GINV,,,,,X,NOT APPLICABLE,,,JJH2FJSS7ED4,,REL INC,"REL, INC.",,5DLA1,JJH2FJSS7ED4,,REL INC,REL  INC.,USA,UNITED STATES,57640 N 11TH ST,,CALUMET,26061,HOUGHTON,26,MI,MICHIGAN,499133118,MI-01,MI-01,9063373018,9063372930,USA,UNITED STATES,CALUMET,26061,HOUGHTON,26,MI,MICHIGAN,499131665,MI-01,MI-01,AWARD,D,DEFINITIVE CONTRACT,,,,,,,J,FIRM FIXED PRICE,"MAGNETIC PARTICLE BOOTH SYSTEM FOR HILL AIR FORCE BASE, UTAH.",FA822721Q0153,1,,,4310,COMPRESSORS AND VACUUM PUMPS,H,NOT BUNDLED,C9E,ALL OTHERS NOT IDENTIFIABLE TO ANY OTHER PROCUREMENT PROGRAM,334519,OTHER MEASURING AND CONTROLLING DEVICE MANUFACTURING,C,NO CLAUSES INCLUDED AND NO SUSTAINABILITY INCLUDED,A,U.S. OWNED BUSINESS,000,NONE,Z,NOT IT PRODUCTS OR SERVICES,E,NOT REQUIRED,USA,UNITED STATES,D,MFG IN U.S.,B,PLAN NOT REQUIRED,F,COMPETED UNDER SAP,SP1,SIMPLIFIED ACQUISITION,SBA,SMALL BUSINESS SET ASIDE - TOTAL,NONE,NO PREFERENCE USED,,,,,,,1,A,COMMERCIAL ITEM,f,Y,YES,N,NO,Y,YES,N,NO,0.00,N,NO,X,NOT APPLICABLE,X,NOT APPLICABLE,X,NOT APPLICABLE,X,NOT APPLICABLE,,,,,,,,NONE,NONE,N,NO,X,NOT APPLICABLE EXEMPT FROM CAS,N,TRANSACTION DOES NOT USE GFE/GFP,N,NO,D,NOT CONSOLIDATED,X,NOT APPLICABLE,N,NO,F,PERFORMANCE-BASED FINANCING,N,NO,X,NOT APPLICABLE,f,f,f,f,f,f,f,f,f,f,f,f,f,f,f,f,f,f,f,SMALL BUSINESS,S,f,f,f,f,f,f,f,f,f,f,f,f,f,f,f,f,f,CORPORATE NOT TAX EXEMPT,t,f,f,f,f,f,f,f,f,f,f,f,t,f,f,f,f,t,f,f,f,f,f,f,f,f,f,f,t,f,f,f,f,f,f,f,f,f,f,f,f,f,f,f,f,f,f,f,f,f,,,,,,,,,,,https://www.usaspending.gov/award/CONT_AWD_FA822721C0008_9700_-NONE-_-NONE-/,2024-03-06 10:34:49+00
CONT_AWD_FA852419C0002_9700_-NONE-_-NONE-,FA852419C0002,,,,,,,,,3995896.81,,3995896.81,3995896.81,2019-03-26,2019,2021-08-20,2021,2019-03-26,2020-03-25,2020-03-25 00:00:00,,2018-11-20,097,Department of Defense,5700,Department of the Air Force,FA8524,FA8524  AFSC PZAAA,097,Department of Defense,5700,Department of the Air Force,F3QL07,F3QL07 411 SCMS,,,,,X,NOT APPLICABLE,,,Q4MLDTFGHDM7,,"ABLE AEROSPACE SERVICES, INC.","ABLE AEROSPACE SERVICES, INC.",,1QCB8,HKUMGJBEMKN3,,TEXTRON INC,TEXTRON INC.,USA,UNITED STATES,7706 E VELOCITY WAY,,MESA,04013,MARICOPA,04,AZ,ARIZONA,852126006,AZ-05,AZ-05,6024438360,6023041277,USA,UNITED STATES,MESA,04013,MARICOPA,04,AZ,ARIZONA,852126006,AZ-05,AZ-05,AWARD,D,DEFINITIVE CONTRACT,,,,,,,J,FIRM FIXED PRICE,OVERHAUL OF THE UH-1N TRANSMISSION,FA852419Q0001,1,OT,OTHER FUNCTIONS,J016,MAINT/REPAIR/REBUILD OF EQUIPMENT- AIRCRAFT COMPONENTS AND ACCESSORIES,H,NOT BUNDLED,A1B,AIRCRAFT ENGINES AND SPARES,336412,AIRCRAFT ENGINE AND ENGINE PARTS MANUFACTURING,C,NO CLAUSES INCLUDED AND NO SUSTAINABILITY INCLUDED,A,U.S. OWNED BUSINESS,000,NONE,Z,NOT IT PRODUCTS OR SERVICES,E,NOT REQUIRED,USA,UNITED STATES,C,NOT A MANUFACTURED END PRODUCT,F,INDIVIDUAL SUBCONTRACT PLAN,F,COMPETED UNDER SAP,SP1,SIMPLIFIED ACQUISITION,NONE,NO SET ASIDE USED.,NONE,NO PREFERENCE USED,,,,,,,2,A,COMMERCIAL ITEM,f,Y,YES,N,NO,X,NOT APPLICABLE,N,NO,0.00,N,NO,X,NOT APPLICABLE,Y,YES,X,NOT APPLICABLE,X,NOT APPLICABLE,,,,,,,,NONE,NONE,N,NO,X,NOT APPLICABLE EXEMPT FROM CAS,Y,TRANSACTION USES GFE/GFP,N,NO,D,NOT CONSOLIDATED,Y,YES - SERVICE WHERE PBA IS USED.,N,NO,Z,NOT APPLICABLE,N,NO,X,NOT APPLICABLE,f,f,f,f,f,f,f,f,f,f,f,f,f,f,f,f,f,f,f,OTHER THAN SMALL BUSINESS,O,f,f,f,f,f,f,f,f,f,f,f,f,f,f,f,f,f,CORPORATE NOT TAX EXEMPT,t,f,f,f,f,f,f,f,f,f,f,f,t,f,f,f,f,t,f,f,f,f,f,f,f,f,f,f,t,f,f,f,f,f,f,f,f,f,f,f,f,f,f,f,f,f,f,f,f,f,,,,,,,,,,,https://www.usaspending.gov/award/CONT_AWD_FA852419C0002_9700_-NONE-_-NONE-/,2025-04-22 16:50:17+00
CONT_AWD_FA853215C0013_9700_-NONE-_-NONE-,FA853215C0013,,,,Q: Not Designated Nonemergency/Emergency/Disaster/Wildfire Suppression,,,,,1884404.17,0.00,1884404.17,2707190.46,2015-09-30,2015,2021-08-19,2021,2015-09-30,2021-08-26,2021-08-26 00:00:00,,,097,Department of Defense,5700,Department of the Air Force,FA8533,FA8533  AFLCMC ROKB,097,Department of Defense,5700,Department of the Air Force,F3QCDK,F3QCDK AFLCMC ROZ SPT EQUIP VEH,017-2017/2017-1804-000;057-2019/2019-3400-000,017-1804;057-3400,25.3: Other goods and services from Federal sources;31.0: Equipment,0001: OPERATING FORCES,X,NOT APPLICABLE,,,EXAWDKRALAD5,026595124,ATEC INC,"ATEC, INC.",,09552,EXAWDKRALAD5,026595124,ATEC INC,ATEC  INC.,USA,UNITED STATES,12600 EXECUTIVE DR,,STAFFORD,48157,FORT BEND,48,TX,TEXAS,774773604,TX-22,TX-09,2812762700,2812406514,USA,UNITED STATES,STAFFORD,48157,FORT BEND,48,TX,TEXAS,774773604,TX-22,TX-09,AWARD,D,DEFINITIVE CONTRACT,,,,,,,J,FIRM FIXED PRICE,"PURCHASING TEST SETS, AIRCRAFT ENGINE",FA853215R5026,1,,,4920,AIRCRAFT MAINTENANCE AND REPAIR SHOP SPECIALIZED EQUIPMENT,D,NOT A BUNDLED REQUIREMENT,A1C,OTHER AIRCRAFT EQUIPMENT,334419,OTHER ELECTRONIC COMPONENT MANUFACTURING,C,NO CLAUSES INCLUDED AND NO SUSTAINABILITY INCLUDED,A,U.S. OWNED BUSINESS,000,NONE,Z,NOT IT PRODUCTS OR SERVICES,E,NOT REQUIRED,USA,UNITED STATES,D,MFG IN U.S.,B,PLAN NOT REQUIRED,C,NOT COMPETED,SSS,ONLY ONE SOURCE,NONE,NO SET ASIDE USED.,NONE,NO PREFERENCE USED,,,,,UNQ,UNIQUE SOURCE (FAR 6.302-1(B)(1)),1,D,COMMERCIAL ITEM PROCEDURES NOT USED,f,N,NO,N,NO,Y,YES,N,NO,0.00,N,NO,Y,YES,X,NOT APPLICABLE,X,NOT APPLICABLE,X,NOT APPLICABLE,,,,,,,,NONE,NONE,Y,YES,X,NOT APPLICABLE EXEMPT FROM CAS,N,TRANSACTION DOES NOT USE GFE/GFP,N,NO,N,NO,X,NOT APPLICABLE,N,NO,Z,NOT APPLICABLE,N,NO,X,NOT APPLICABLE,f,f,f,f,f,f,f,f,f,f,f,f,f,f,f,f,f,f,f,SMALL BUSINESS,S,f,f,f,f,f,f,f,f,f,f,f,f,f,f,f,f,f,CORPORATE NOT TAX EXEMPT,t,f,f,f,f,f,f,f,f,f,f,f,t,f,f,f,f,t,f,f,f,f,f,f,f,f,f,f,t,f,f,f,f,f,f,f,f,f,f,f,f,f,f,f,f,f,f,f,f,f,,,,,,,,,,,https://www.usaspending.gov/award/CONT_AWD_FA853215C0013_9700_-NONE-_-NONE-/,2021-08-19 13:08:18+00
CONT_AWD_FA857119CA007_9700_-NONE-_-NONE-,FA857119CA007,,,,Q: Not Designated Nonemergency/Emergency/Disaster/Wildfire Suppression,,,,,749833.44,0.00,749833.44,749833.44,2019-03-01,2019,2021-08-20,2021,2019-03-01,2021-12-17,2021-12-17 00:00:00,,2018-12-31,097,Department of Defense,5700,Department of the Air Force,FA8571,FA8571  MAINT CONTRACTING AFSC PZIM,097,Department of Defense,5700,Department of the Air Force,FA2263,FA2263 AFLCMC ROMK AFMETCAL,057-2018/2019-3600-000,057-3600,25.5: Research and development contracts,0001: BASIC RESEARCH,X,NOT APPLICABLE,,,X13SUGQE8VG6,127283500,"ENGINEERING AND SOFTWARE SYSTEM SOLUTIONS, INC.","ENGINEERING AND SOFTWARE SYSTEM SOLUTIONS, INC.",,1PHL4,X13SUGQE8VG6,127283500,"ENGINEERING AND SOFTWARE SYSTEM SOLUTIONS, INC.",ENGINEERING AND SOFTWARE SYSTEM SOLUTIONS  INC.,USA,UNITED STATES,550 W C ST STE 1630,,SAN DIEGO,06073,SAN DIEGO,06,CA,CALIFORNIA,921013569,CA-52,CA-50,6192233066,6192232431,USA,UNITED STATES,SAN DIEGO,06073,SAN DIEGO,06,CA,CALIFORNIA,921010307,CA-53,CA-50,AWARD,D,DEFINITIVE CONTRACT,,,,,,,J,FIRM FIXED PRICE,SMALL BUSINESS INNOVATIVE RESEARCH (SBIR) PROGRAM PHASE II,,1,OT,OTHER FUNCTIONS,AC16,R&D- DEFENSE SYSTEM: AIRCRAFT (MANAGEMENT/SUPPORT),H,NOT BUNDLED,A7,ELECTRONICS AND COMMUNICATION EQUIPMENT,541715,"RESEARCH AND DEVELOPMENT IN THE PHYSICAL, ENGINEERING, AND LIFE SCIENCES (EXCEPT NANOTECHNOLOGY AND BIOTECHNOLOGY)",C,NO CLAUSES INCLUDED AND NO SUSTAINABILITY INCLUDED,A,U.S. OWNED BUSINESS,000,NONE,Z,NOT IT PRODUCTS OR SERVICES,E,NOT REQUIRED,USA,UNITED STATES,C,NOT A MANUFACTURED END PRODUCT,B,PLAN NOT REQUIRED,D,FULL AND OPEN COMPETITION AFTER EXCLUSION OF SOURCES,NP,NEGOTIATED PROPOSAL/QUOTE,SBA,SMALL BUSINESS SET ASIDE - TOTAL,NONE,NO PREFERENCE USED,SR2,SMALL BUSINESS INNOVATION RESEARCH PROGRAM PHASE II ACTION,,,,,1,D,COMMERCIAL ITEM PROCEDURES NOT USED,f,N,NO,N,NO,X,NOT APPLICABLE,N,NO,0.00,N,NO,X,NOT APPLICABLE,X,NOT APPLICABLE,X,NOT APPLICABLE,X,NOT APPLICABLE,,,,,,,,NONE,NONE,N,NO,X,NOT APPLICABLE EXEMPT FROM CAS,N,TRANSACTION DOES NOT USE GFE/GFP,N,NO,D,NOT CONSOLIDATED,N,NO - SERVICE WHERE PBA IS NOT USED.,N,NO,Z,NOT APPLICABLE,N,NO,X,NOT APPLICABLE,f,f,f,f,f,f,f,t,t,f,f,f,f,f,f,f,f,f,f,SMALL BUSINESS,S,f,f,f,f,f,f,f,f,f,f,f,f,f,f,f,f,f,CORPORATE NOT TAX EXEMPT,t,f,f,f,f,f,f,f,f,f,f,f,f,f,f,f,f,t,f,f,f,f,f,f,f,f,f,f,t,f,f,f,f,f,f,f,f,f,f,f,f,f,f,f,f,f,f,f,f,f,TERI  SGAMMATO,263598.00,DANIELE  PELESSONE,224852.00,CHAD  FORREST,211453.00,CLINT  FORREST,228340.00,DOUG  WISER,208214.00,https://www.usaspending.gov/award/CONT_AWD_FA857119CA007_9700_-NONE-_-NONE-/,2021-08-20 10:25:50+00
CONT_AWD_FA860118C0030_9700_-NONE-_-NONE-,FA860118C0030,,,,C: Emergency P.L. 115-123;E: Emergency P.L. 116-20,,,,,2779220.33,0.00,2779220.33,2779220.33,2018-07-10,2018,2021-08-20,2021,2018-07-10,2021-10-23,2021-10-23 00:00:00,,2018-05-17,097,Department of Defense,5700,Department of the Air Force,FA8601,FA8601  AFLCMC PZIO,097,Department of Defense,5700,Department of the Air Force,F4F2AA,F4F2AA 88 CEG CC,057-2018/2018-3400-000;057-2019/2019-3400-000,057-3400,32.0: Land and structures,0001: OPERATING FORCES;OPTN: FIELD IS OPTIONAL PRIOR TO FY21,X,NOT APPLICABLE,,,DRLTAXYFZBK8,146755603,"PINNACLE CONSTRUCTION DEVELOPMENT GROUP, INC.","PINNACLE CONSTRUCTION DEVELOPMENT GROUP, INC.",,3V7Z3,DRLTAXYFZBK8,146755603,"PINNACLE CONSTRUCTION DEVELOPMENT GROUP, INC.",PINNACLE CONSTRUCTION AND DEVELOPMENT CORP.,USA,UNITED STATES,5755 GRANGER RD STE 110,,INDEPENDENCE,39035,CUYAHOGA,39,OH,OHIO,441311463,OH-14,OH-07,4409750981,4409751015,USA,UNITED STATES,DAYTON,39057,GREENE,39,OH,OHIO,454337810,OH-10,OH-10,AWARD,D,DEFINITIVE CONTRACT,,,,,,,J,FIRM FIXED PRICE,REPAIR HVAC PMEL BUILDING 30884,FA860118B0003,1,OT,OTHER FUNCTIONS,Z1DB,MAINTENANCE OF LABORATORIES AND CLINICS,H,NOT BUNDLED,C2,CONSTRUCTION,238220,"PLUMBING, HEATING, AND AIR-CONDITIONING CONTRACTORS",C,NO CLAUSES INCLUDED AND NO SUSTAINABILITY INCLUDED,A,U.S. OWNED BUSINESS,000,NONE,Z,NOT IT PRODUCTS OR SERVICES,E,NOT REQUIRED,USA,UNITED STATES,C,NOT A MANUFACTURED END PRODUCT,B,PLAN NOT REQUIRED,D,FULL AND OPEN COMPETITION AFTER EXCLUSION OF SOURCES,SB,SEALED BID,SBA,SMALL BUSINESS SET ASIDE - TOTAL,NONE,NO PREFERENCE USED,,,,,,,7,D,COMMERCIAL ITEM PROCEDURES NOT USED,f,N,NO,N,NO,Y,YES,N,NO,0.00,N,NO,N,NO,N,NO,Y,YES,X,NOT APPLICABLE,,,,,,,,NONE,NONE,N,NO,X,NOT APPLICABLE EXEMPT FROM CAS,N,TRANSACTION DOES NOT USE GFE/GFP,U,UNKNOWN,D,NOT CONSOLIDATED,N,NO - SERVICE WHERE PBA IS NOT USED.,N,NO,C,PERCENTAGE OF COMPLETION PROGRESS PAYMENTS,N,NO,X,NOT APPLICABLE,f,f,f,f,f,f,f,t,t,f,f,f,f,f,f,f,f,f,f,SMALL BUSINESS,S,f,f,f,f,f,f,f,f,f,f,f,f,f,f,f,f,f,CORPORATE NOT TAX EXEMPT,t,f,f,f,f,f,f,f,f,f,f,f,f,f,f,f,f,t,f,f,f,f,f,f,f,t,f,f,t,f,f,f,f,f,f,f,f,f,f,f,f,f,f,f,f,t,f,f,f,f,,,,,,,,,,,https://www.usaspending.gov/award/CONT_AWD_FA860118C0030_9700_-NONE-_-NONE-/,2021-08-30 13:15:34+00
CONT_AWD_FA860119CA045_9700_-NONE-_-NONE-,FA860119CA045,,,,Q: Not Designated Nonemergency/Emergency/Disaster/Wildfire Suppression,,,,,3689905.59,0.00,3689905.59,3689905.59,2019-08-01,2019,2021-08-18,2021,2019-08-01,2021-09-30,2021-09-30 00:00:00,,2019-04-26,097,Department of Defense,5700,Department of the Air Force,FA8601,FA8601  AFLCMC PZIO,097,Department of Defense,5700,Department of the Air Force,F4FBCT,F4FBCT AFRL RXO,057-2018/2019-3600-000;057-2019/2020-3600-000,057-3600,32.0: Land and structures,,X,NOT APPLICABLE,,,T8L9KVJ6UKV7,958287898,"PROTECTIVE COATINGS, INC.","PROTECTIVE COATINGS, INC.",,1JYH6,T8L9KVJ6UKV7,958287898,"PROTECTIVE COATINGS, INC.",PROTECTIVE COATINGS  INC.,USA,UNITED STATES,4321 WEBSTER ST,,DAYTON,39113,MONTGOMERY,39,OH,OHIO,454144935,OH-10,OH-10,9372757711,9372757726,USA,UNITED STATES,DAYTON,39057,GREENE,39,OH,OHIO,454335209,OH-10,OH-10,AWARD,D,DEFINITIVE CONTRACT,,,,,,,J,FIRM FIXED PRICE,RENOVATE MILITARY CHARACTERIZATION FACILITY AIR FORCE RESEARCH LABORATORY,FA860119RA024,1,OT,OTHER FUNCTIONS,Z2JZ,REPAIR OR ALTERATION OF MISCELLANEOUS BUILDINGS,H,NOT BUNDLED,C2,CONSTRUCTION,236220,COMMERCIAL AND INSTITUTIONAL BUILDING CONSTRUCTION,C,NO CLAUSES INCLUDED AND NO SUSTAINABILITY INCLUDED,A,U.S. OWNED BUSINESS,000,NONE,Z,NOT IT PRODUCTS OR SERVICES,E,NOT REQUIRED,USA,UNITED STATES,C,NOT A MANUFACTURED END PRODUCT,B,PLAN NOT REQUIRED,B,NOT AVAILABLE FOR COMPETITION,SSS,ONLY ONE SOURCE,8AN,8(A) SOLE SOURCE,NONE,NO PREFERENCE USED,,,,,OTH,AUTHORIZED BY STATUTE (FAR 6.302-5(A)(2)(I)),1,D,COMMERCIAL ITEM PROCEDURES NOT USED,f,N,NO,N,NO,X,NOT APPLICABLE,N,NO,0.00,N,NO,N,NO,N,NO,Y,YES,X,NOT APPLICABLE,,,,,,,,NONE,NONE,Y,YES,X,NOT APPLICABLE EXEMPT FROM CAS,N,TRANSACTION DOES NOT USE GFE/GFP,N,NO,D,NOT CONSOLIDATED,N,NO - SERVICE WHERE PBA IS NOT USED.,Y,YES,Z,NOT APPLICABLE,N,NO,X,NOT APPLICABLE,f,f,f,f,f,f,f,f,f,f,f,f,f,f,f,f,f,f,f,SMALL BUSINESS,S,f,f,f,f,f,f,f,f,f,f,f,f,f,f,f,f,f,CORPORATE NOT TAX EXEMPT,t,f,f,f,f,f,f,f,f,f,f,f,f,f,f,f,f,t,f,f,f,f,f,f,f,f,f,f,t,f,f,f,f,f,f,f,f,f,f,f,f,f,f,f,f,f,f,t,f,f,,,,,,,,,,,https://www.usaspending.gov/award/CONT_AWD_FA860119CA045_9700_-NONE-_-NONE-/,2021-08-18 18:31:24+00
CONT_AWD_FA860421CB049_9700_-NONE-_-NONE-,FA860421CB049,,,,Q: Not Designated Nonemergency/Emergency/Disaster/Wildfire Suppression,,,,,246917.56,0.00,246917.56,246917.56,2021-08-10,2021,2021-08-17,2021,2021-08-10,2021-08-30,2021-08-30 00:00:00,,,097,Department of Defense,5700,Department of the Air Force,FA8604,FA8604  AFLCMC PZI,097,Department of Defense,5700,Department of the Air Force,F4F1AV,F4F1AV 88 CS SPECIAL PROJECTS,057-2021/2021-3400-000,057-3400,"23.3: Communications, utilities, and miscellaneous charges",0000: UNKNOWN/OTHER,X,NOT APPLICABLE,,,C8VFSNKTMQB6,614948396,WORLD WIDE TECHNOLOGY LLC,"WORLD WIDE TECHNOLOGY, LLC",,0MNV1,XLLLFFAR2YT7,131784451,"WORLD WIDE TECHNOLOGY HOLDING CO., INC.",WORLD WIDE TECHNOLOGY HOLDING CO.  INC.,USA,UNITED STATES,1 WORLD WIDE WAY,,SAINT LOUIS,29189,ST. LOUIS,29,MO,MISSOURI,631463002,MO-02,MO-01,3149191400,3149191420,USA,UNITED STATES,DAYTON,39057,GREENE,39,OH,OHIO,454337213,OH-10,OH-10,AWARD,D,DEFINITIVE CONTRACT,,,,,,,J,FIRM FIXED PRICE,CISCO PRODUCTS,,1,,,7G21,IT AND TELECOM - NETWORK: DIGITAL NETWORK PRODUCTS (HARDWARE AND PERPETUAL LICENSE SOFTWARE),H,NOT BUNDLED,A7,ELECTRONICS AND COMMUNICATION EQUIPMENT,541519,OTHER COMPUTER RELATED SERVICES,C,NO CLAUSES INCLUDED AND NO SUSTAINABILITY INCLUDED,A,U.S. OWNED BUSINESS,000,NONE,A,COMMERCIALLY AVAILABLE,E,NOT REQUIRED,USA,UNITED STATES,D,MFG IN U.S.,B,PLAN NOT REQUIRED,F,COMPETED UNDER SAP,SP1,SIMPLIFIED ACQUISITION,NONE,NO SET ASIDE USED.,NONE,NO PREFERENCE USED,,,,,,,1,A,COMMERCIAL ITEM,f,N,NO,N,NO,N,NO,N,NO,0.00,N,NO,N,NO,N,NO,N,NO,X,NOT APPLICABLE,,,,,,,,NONE,NONE,N,NO,X,NOT APPLICABLE EXEMPT FROM CAS,N,TRANSACTION DOES NOT USE GFE/GFP,N,NO,D,NOT CONSOLIDATED,X,NOT APPLICABLE,N,NO,Z,NOT APPLICABLE,N,NO,X,NOT APPLICABLE,f,f,f,f,f,f,f,f,f,f,f,f,f,f,f,f,f,f,f,OTHER THAN SMALL BUSINESS,O,f,f,f,f,f,f,f,f,f,f,f,f,f,f,f,f,f,PARTNERSHIP,f,f,t,f,f,f,f,f,f,f,f,f,f,f,f,f,f,t,f,f,f,f,f,f,f,f,t,f,t,f,f,f,f,f,f,f,f,f,f,f,f,f,f,f,f,f,f,f,f,f,,,,,,,,,,,https://www.usaspending.gov/award/CONT_AWD_FA860421CB049_9700_-NONE-_-NONE-/,2021-08-17 10:00:44+00
CONT_AWD_FA862014C4005_9700_-NONE-_-NONE-,FA862014C4005,,,,,,,,,911957.65,,0.00,0.01,2014-03-19,2014,2021-08-18,2021,2014-04-01,2016-03-31,2016-03-31 00:00:00,,,097,Department of Defense,9763,Defense Contract Management Agency,S0602A,DCMA MOUNTAIN PACIFIC (DENVER),097,Department of Defense,5700,Department of the Air Force,F4FDAH,F4FDAH AFLCMC WIN SENSORS,,,,,X,NOT APPLICABLE,,,SG2MC7UQ9A11,147285949,LOCKHEED MARTIN CORPORATION,LOCKHEED MARTIN CORPORATION,,3VPT9,ZFN2JJXBLZT3,834951691,LOCKHEED MARTIN CORP,LOCKHEED MARTIN CORPORATION,USA,UNITED STATES,9970 FEDERAL DR,,COLORADO SPRINGS,08041,EL PASO,08,CO,COLORADO,809213616,CO-05,CO-05,6103544357,6103541690,USA,UNITED STATES,COLORADO SPRINGS,08041,EL PASO,08,CO,COLORADO,809213616,CO-05,CO-05,AWARD,D,DEFINITIVE CONTRACT,,,,,,,J,FIRM FIXED PRICE,AIRCRAFT TECHNICAL MANUALS 2014-2016 PEACE KRYPTON&PIONEER,,1,,,7610,BOOKS AND PAMPHLETS,D,NOT A BUNDLED REQUIREMENT,S1,SERVICES,336413,OTHER AIRCRAFT PARTS AND AUXILIARY EQUIPMENT MANUFACTURING,C,NO CLAUSES INCLUDED AND NO SUSTAINABILITY INCLUDED,A,U.S. OWNED BUSINESS,000,NONE,Z,NOT IT PRODUCTS OR SERVICES,E,NOT REQUIRED,USA,UNITED STATES,D,MFG IN U.S.,B,PLAN NOT REQUIRED,C,NOT COMPETED,SSS,ONLY ONE SOURCE,NONE,NO SET ASIDE USED.,NONE,NO PREFERENCE USED,,,,,NS,NATIONAL SECURITY (FAR 6.302-6),1,D,COMMERCIAL ITEM PROCEDURES NOT USED,f,N,NO,N,NO,X,NOT APPLICABLE,N,NO,0.00,N,NO,X,NOT APPLICABLE,X,NOT APPLICABLE,X,NOT APPLICABLE,X,NOT APPLICABLE,,,,,,,,NONE,NONE,N,NO,X,NOT APPLICABLE EXEMPT FROM CAS,N,TRANSACTION DOES NOT USE GFE/GFP,U,UNKNOWN,N,NO,X,NOT APPLICABLE,N,NO,Z,NOT APPLICABLE,N,NO,X,NOT APPLICABLE,f,f,f,f,f,f,f,f,f,f,f,f,f,f,f,f,f,f,f,OTHER THAN SMALL BUSINESS,O,f,f,f,f,f,f,f,f,f,f,f,f,f,f,f,f,f,CORPORATE NOT TAX EXEMPT,t,f,f,f,f,f,f,f,f,f,f,f,f,f,f,f,f,t,f,f,f,f,f,f,f,f,f,f,t,f,f,f,f,f,f,f,f,f,f,f,f,f,f,f,f,f,f,f,f,f,,,,,,,,,,,https://www.usaspending.gov/award/CONT_AWD_FA862014C4005_9700_-NONE-_-NONE-/,2021-08-18 18:43:55+00
CONT_AWD_FA862020C4016_9700_-NONE-_-NONE-,FA862020C4016,,,,Q: Not Designated Nonemergency/Emergency/Disaster/Wildfire Suppression,,,,,25268902.86,0.00,28154126.96,28154126.96,2019-11-26,2020,2021-08-17,2021,2019-11-26,2021-11-30,2021-11-30 00:00:00,,2019-09-04,097,Department of Defense,5700,Department of the Air Force,FA8620,FA8620  AFLCMC WIJK    BIG SAFARI,097,Department of Defense,5700,Department of the Air Force,F4FDAJ,F4FDAJ 645 AESG,097-2020/2020-0100-000,097-0100,25.7: Operation and maintenance of equipment,,X,NOT APPLICABLE,,,HGK2W69NTSB1,808656313,"NORTH AMERICAN SURVEILLANCE SYSTEMS, INC","NORTH AMERICAN SURVEILLANCE SYSTEMS, INC.",MAG AEROSPACE,6TNF3,JM3KFJD63CK7,831650044,MAG DS CORP,MAG DS CORP.,USA,UNITED STATES,7065 CHALLENGER AVE,,TITUSVILLE,12009,BREVARD,12,FL,FLORIDA,327808201,FL-08,FL-08,3347142481,3213836078,USA,UNITED STATES,TITUSVILLE,12009,BREVARD,12,FL,FLORIDA,327808201,FL-08,FL-08,AWARD,D,DEFINITIVE CONTRACT,,,,,,,J,FIRM FIXED PRICE,BIG SAFARI,,1,CT,CRITICAL FUNCTIONS,R706,SUPPORT- MANAGEMENT: LOGISTICS SUPPORT,H,NOT BUNDLED,S1,SERVICES,611512,FLIGHT TRAINING,C,NO CLAUSES INCLUDED AND NO SUSTAINABILITY INCLUDED,A,U.S. OWNED BUSINESS,000,NONE,Z,NOT IT PRODUCTS OR SERVICES,E,NOT REQUIRED,USA,UNITED STATES,C,NOT A MANUFACTURED END PRODUCT,A,PLAN NOT INCLUDED - NO SUBCONTRACTING POSSIBILITIES,C,NOT COMPETED,SSS,ONLY ONE SOURCE,NONE,NO SET ASIDE USED.,NONE,NO PREFERENCE USED,,,,,NS,NATIONAL SECURITY (FAR 6.302-6),1,D,COMMERCIAL ITEM PROCEDURES NOT USED,f,N,NO,N,NO,X,NOT APPLICABLE,N,NO,0.00,N,NO,X,NOT APPLICABLE,X,NOT APPLICABLE,X,NOT APPLICABLE,X,NOT APPLICABLE,,,,,,,,NONE,NONE,Y,YES,Y,YES - CAS CLAUSE INCLUDED,N,TRANSACTION DOES NOT USE GFE/GFP,U,UNKNOWN,D,NOT CONSOLIDATED,Y,YES - SERVICE WHERE PBA IS USED.,N,NO,Z,NOT APPLICABLE,N,NO,X,NOT APPLICABLE,f,f,f,f,f,f,f,f,f,f,f,f,f,f,f,f,f,f,f,OTHER THAN SMALL BUSINESS,O,f,f,f,f,f,f,f,f,f,f,f,f,f,f,f,f,f,CORPORATE NOT TAX EXEMPT,t,f,f,f,f,f,f,f,f,f,f,f,f,f,f,f,f,t,f,f,f,f,f,f,f,f,f,f,t,f,f,f,f,f,f,f,f,f,f,f,f,f,f,f,f,f,f,f,f,f,,,,,,,,,,,https://www.usaspending.gov/award/CONT_AWD_FA862020C4016_9700_-NONE-_-NONE-/,2021-08-18 17:20:41+00
CONT_AWD_FA863020C6061_9700_-NONE-_-NONE-,FA863020C6061,,,,,,,,,603920.49,,603920.49,919535.83,2020-09-29,2020,2021-08-18,2021,2021-09-27,2022-09-28,2023-09-28 00:00:00,,2020-07-22,097,Department of Defense,5700,Department of the Air Force,FA8630,FA8630  AFLCMC WFK AFSAC,097,Department of Defense,5700,Department of the Air Force,F4FTBS,F4FTBS AFLCMC WF AFSAC,,,,,A,FOREIGN FUNDS FMS,,,P3GJJM99M3Y4,065846767,"NATIVA, INC.","NATIVA, INC.",,7FYH9,P3GJJM99M3Y4,065846767,"NATIVA, INC.",NATIVA  INC.,USA,UNITED STATES,1275 KINNEAR RD,,COLUMBUS,39049,FRANKLIN,39,OH,OHIO,432121180,OH-03,OH-03,6147199245,,USA,UNITED STATES,DAYTON,39057,GREENE,39,OH,OHIO,454330501,OH-10,OH-10,AWARD,D,DEFINITIVE CONTRACT,,,,,,,J,FIRM FIXED PRICE,BRANDING AND MARKETING SUBJECT MATTER EXPERT,,1,OT,OTHER FUNCTIONS,R708,SUPPORT- MANAGEMENT: PUBLIC RELATIONS,H,NOT BUNDLED,S1,SERVICES,541613,MARKETING CONSULTING SERVICES,C,NO CLAUSES INCLUDED AND NO SUSTAINABILITY INCLUDED,A,U.S. OWNED BUSINESS,000,NONE,Z,NOT IT PRODUCTS OR SERVICES,E,NOT REQUIRED,USA,UNITED STATES,C,NOT A MANUFACTURED END PRODUCT,B,PLAN NOT REQUIRED,B,NOT AVAILABLE FOR COMPETITION,SSS,ONLY ONE SOURCE,8AN,8(A) SOLE SOURCE,NONE,NO PREFERENCE USED,,,,,OTH,AUTHORIZED BY STATUTE (FAR 6.302-5(A)(2)(I)),1,A,COMMERCIAL ITEM,f,N,NO,N,NO,X,NOT APPLICABLE,N,NO,0.00,N,NO,X,NOT APPLICABLE,X,NOT APPLICABLE,X,NOT APPLICABLE,X,NOT APPLICABLE,,,,,,,,NONE,NONE,N,NO,X,NOT APPLICABLE EXEMPT FROM CAS,N,TRANSACTION DOES NOT USE GFE/GFP,U,UNKNOWN,D,NOT CONSOLIDATED,Y,YES - SERVICE WHERE PBA IS USED.,N,NO,Z,NOT APPLICABLE,N,NO,X,NOT APPLICABLE,f,f,f,f,f,f,f,f,f,f,f,f,t,f,f,f,t,f,f,SMALL BUSINESS,S,f,f,f,f,f,f,f,f,f,f,f,f,f,f,f,f,f,CORPORATE NOT TAX EXEMPT,t,f,f,f,f,f,f,f,f,f,f,f,f,f,f,f,f,t,f,f,f,f,f,f,f,t,f,f,t,f,f,f,f,f,f,f,f,f,f,f,f,f,f,f,f,t,f,t,f,f,,,,,,,,,,,https://www.usaspending.gov/award/CONT_AWD_FA863020C6061_9700_-NONE-_-NONE-/,2021-08-18 17:02:12+00
CONT_AWD_FA863820C0046_9700_-NONE-_-NONE-,FA863820C0046,,,,N: Emergency P.L. 116-136;Q: Not Designated Nonemergency/Emergency/Disaster/Wildfire Suppression,,,,,125361885.00,18000000.00,125361885.00,125361885.00,2020-05-01,2020,2021-08-18,2021,2020-05-01,2021-09-10,2021-09-10 00:00:00,,2020-04-27,097,Department of Defense,5700,Department of the Air Force,FA8638,FA8638 AFLCMC HBKD,097,Department of Defense,5700,Department of the Air Force,F4FDAY,F4FDAY AFLCMC WNS,057-2020/2022-3080-000,057-3080,31.0: Equipment,0002: SUPPORT VEHICLES AND EQUIPMENT;0003: COMMUNICATIONS AND ELECTONICS EQUIPMENT;OPTN: FIELD IS OPTIONAL PRIOR TO FY21,X,NOT APPLICABLE,,,YLQMY5SGNE55,006173082,3M COMPANY,3M COMPANY,3M,76381,YLQMY5SGNE55,006173082,3M COMPANY,3M COMPANY,USA,UNITED STATES,3M CENTER,,SAINT PAUL,27123,RAMSEY,27,MN,MINNESOTA,551441001,MN-04,MN-04,8665565712,8884270511,USA,UNITED STATES,SAINT PAUL,27123,RAMSEY,27,MN,MINNESOTA,551441001,MN-04,MN-04,AWARD,D,DEFINITIVE CONTRACT,,,,,,,J,FIRM FIXED PRICE,COVID-19 DHHS - CAPACITY EXPANSION FOR US RESPIRATORY PROTECTION,,1,,,6515,"MEDICAL AND SURGICAL INSTRUMENTS, EQUIPMENT, AND SUPPLIES",H,NOT BUNDLED,C9E,ALL OTHERS NOT IDENTIFIABLE TO ANY OTHER PROCUREMENT PROGRAM,339113,SURGICAL APPLIANCE AND SUPPLIES MANUFACTURING,C,NO CLAUSES INCLUDED AND NO SUSTAINABILITY INCLUDED,A,U.S. OWNED BUSINESS,000,NONE,Z,NOT IT PRODUCTS OR SERVICES,E,NOT REQUIRED,USA,UNITED STATES,D,MFG IN U.S.,G,COMMERCIAL SUBCONTRACT PLAN,C,NOT COMPETED,SSS,ONLY ONE SOURCE,NONE,NO SET ASIDE USED.,NONE,NO PREFERENCE USED,,,,,URG,URGENCY (FAR 6.302-2),1,A,COMMERCIAL ITEM,f,N,NO,N,NO,X,NOT APPLICABLE,N,NO,0.00,N,NO,X,NOT APPLICABLE,X,NOT APPLICABLE,X,NOT APPLICABLE,A,ECONOMY ACT,,,,,,,COVID-19,P20C,COVID-19 2020,N,NO,X,NOT APPLICABLE EXEMPT FROM CAS,N,TRANSACTION DOES NOT USE GFE/GFP,U,UNKNOWN,D,NOT CONSOLIDATED,X,NOT APPLICABLE,N,NO,E,COMMERCIAL FINANCING,N,NO,C,"PRESIDENTIAL ISSUED EMERGENCY DECLARATION, OR A MAJOR DISASTER DECLARATION",f,f,f,f,f,f,f,f,f,f,f,f,f,f,f,f,f,f,f,OTHER THAN SMALL BUSINESS,O,f,f,f,f,f,f,f,f,f,f,f,f,f,f,f,f,f,CORPORATE NOT TAX EXEMPT,t,f,f,f,f,f,f,f,f,f,f,f,t,f,f,f,f,t,f,f,f,f,f,f,f,f,f,f,t,f,f,f,f,f,f,f,f,f,f,f,f,f,f,f,f,f,f,f,f,f,,,,,,,,,,,https://www.usaspending.gov/award/CONT_AWD_FA863820C0046_9700_-NONE-_-NONE-/,2021-08-18 14:29:13+00
CONT_AWD_FA864919CA038_9700_-NONE-_-NONE-,FA864919CA038,,,,,,,,,649979.54,0.00,649979.54,649979.54,2019-08-12,2019,2021-08-17,2021,2019-08-12,2021-04-12,2021-04-12 00:00:00,,2019-05-30,097,Department of Defense,5700,Department of the Air Force,FA8649,FA8649 USAF SBIR STTR CNTRCTNG AFRL,097,Department of Defense,5700,Department of the Air Force,F4FBEQ,F4FBEQ AFRL RGF,057-2019/2020-3600-000,057-3600,25.5: Research and development contracts,,X,NOT APPLICABLE,,,CY5AJC6C4173,130426393,"THE MAGIS GROUP, LLC","MAGIS GROUP, LLC",,37JP1,CY5AJC6C4173,130426393,"THE MAGIS GROUP, LLC",MAGIS GROUP   LLC,USA,UNITED STATES,1942 BROADWAY STE 314,,BOULDER,08013,BOULDER,08,CO,COLORADO,803029534,CO-02,CO-02,3034442912,3035584224,USA,UNITED STATES,BOULDER,08013,BOULDER,08,CO,COLORADO,803029534,CO-02,CO-02,AWARD,D,DEFINITIVE CONTRACT,,,,,,,J,FIRM FIXED PRICE,SBIR II F2-11632,FA864919RSBR1,1,OT,OTHER FUNCTIONS,AD92,R&D- DEFENSE OTHER: OTHER (APPLIED RESEARCH/EXPLORATORY DEVELOPMENT),H,NOT BUNDLED,S1,SERVICES,541715,"RESEARCH AND DEVELOPMENT IN THE PHYSICAL, ENGINEERING, AND LIFE SCIENCES (EXCEPT NANOTECHNOLOGY AND BIOTECHNOLOGY)",C,NO CLAUSES INCLUDED AND NO SUSTAINABILITY INCLUDED,A,U.S. OWNED BUSINESS,000,NONE,Z,NOT IT PRODUCTS OR SERVICES,E,NOT REQUIRED,USA,UNITED STATES,C,NOT A MANUFACTURED END PRODUCT,B,PLAN NOT REQUIRED,D,FULL AND OPEN COMPETITION AFTER EXCLUSION OF SOURCES,NP,NEGOTIATED PROPOSAL/QUOTE,SBA,SMALL BUSINESS SET ASIDE - TOTAL,NONE,NO PREFERENCE USED,SR2,SMALL BUSINESS INNOVATION RESEARCH PROGRAM PHASE II ACTION,,,,,700,D,COMMERCIAL ITEM PROCEDURES NOT USED,f,N,NO,N,NO,Y,YES,N,NO,0.00,N,NO,X,NOT APPLICABLE,X,NOT APPLICABLE,X,NOT APPLICABLE,X,NOT APPLICABLE,,,,,,,,NONE,NONE,N,NO,X,NOT APPLICABLE EXEMPT FROM CAS,N,TRANSACTION DOES NOT USE GFE/GFP,U,UNKNOWN,D,NOT CONSOLIDATED,Y,YES - SERVICE WHERE PBA IS USED.,N,NO,Z,NOT APPLICABLE,N,NO,X,NOT APPLICABLE,f,f,f,f,f,f,f,f,f,f,f,f,f,f,f,f,f,f,f,SMALL BUSINESS,S,f,f,f,f,f,f,f,f,f,f,f,f,f,f,f,f,f,PARTNERSHIP,f,f,t,f,f,f,f,f,f,f,f,f,f,f,f,f,f,t,f,f,f,f,f,f,f,f,t,f,t,f,f,f,f,f,f,f,f,f,f,f,f,f,f,f,f,t,f,f,f,f,,,,,,,,,,,https://www.usaspending.gov/award/CONT_AWD_FA864919CA038_9700_-NONE-_-NONE-/,2021-08-17 08:08:03+00
CONT_AWD_FA864920C0052_9700_-NONE-_-NONE-,FA864920C0052,,,,Q: Not Designated Nonemergency/Emergency/Disaster/Wildfire Suppression,,,,,1499265.00,0.00,1499265.00,1499265.00,2020-06-08,2020,2021-08-23,2021,2020-06-05,2022-03-07,2022-03-07 00:00:00,,2019-08-24,097,Department of Defense,5700,Department of the Air Force,FA8649,FA8649 USAF SBIR STTR CNTRCTNG AFRL,097,Department of Defense,5700,Department of the Air Force,F4FBEQ,F4FBEQ AFRL RGF,057-2019/2020-3600-000,057-3600,25.5: Research and development contracts,,X,NOT APPLICABLE,,,TVJUWVKSHA25,116929049,"SPACE EXPLORATION ENGINEERING, LLC","SPACE EXPLORATION ENGINEERING, LLC",,8B1Z5,TVJUWVKSHA25,116929049,"SPACE EXPLORATION ENGINEERING, LLC",SPACE EXPLORATION ENGINEERING  LLC,USA,UNITED STATES,210 W PENNSYLVANIA AVE STE 400,,TOWSON,24005,BALTIMORE,24,MD,MARYLAND,212044511,MD-03,MD-02,4108073981,,USA,UNITED STATES,TOWSON,24005,BALTIMORE,24,MD,MARYLAND,212044511,MD-03,MD-02,AWARD,D,DEFINITIVE CONTRACT,,,,,,,J,FIRM FIXED PRICE,"COVID-19 DIB ""A COMMERCIAL FRAMEWORK FOR ASSESSING CISLUNAR MISSION ACTIVITIES AND OPPORTUNITIES""",,1,OT,OTHER FUNCTIONS,AD92,R&D- DEFENSE OTHER: OTHER (APPLIED RESEARCH/EXPLORATORY DEVELOPMENT),H,NOT BUNDLED,A7,ELECTRONICS AND COMMUNICATION EQUIPMENT,541715,"RESEARCH AND DEVELOPMENT IN THE PHYSICAL, ENGINEERING, AND LIFE SCIENCES (EXCEPT NANOTECHNOLOGY AND BIOTECHNOLOGY)",C,NO CLAUSES INCLUDED AND NO SUSTAINABILITY INCLUDED,A,U.S. OWNED BUSINESS,000,NONE,Z,NOT IT PRODUCTS OR SERVICES,E,NOT REQUIRED,USA,UNITED STATES,C,NOT A MANUFACTURED END PRODUCT,B,PLAN NOT REQUIRED,D,FULL AND OPEN COMPETITION AFTER EXCLUSION OF SOURCES,NP,NEGOTIATED PROPOSAL/QUOTE,SBA,SMALL BUSINESS SET ASIDE - TOTAL,NONE,NO PREFERENCE USED,SR2,SMALL BUSINESS INNOVATION RESEARCH PROGRAM PHASE II ACTION,,,,,999,A,COMMERCIAL ITEM,f,N,NO,N,NO,N,NO,N,NO,0.00,N,NO,X,NOT APPLICABLE,X,NOT APPLICABLE,X,NOT APPLICABLE,X,NOT APPLICABLE,,,,,,,,P20C,COVID-19 2020,N,NO,X,NOT APPLICABLE EXEMPT FROM CAS,N,TRANSACTION DOES NOT USE GFE/GFP,N,NO,D,NOT CONSOLIDATED,Y,YES - SERVICE WHERE PBA IS USED.,N,NO,Z,NOT APPLICABLE,N,NO,C,"PRESIDENTIAL ISSUED EMERGENCY DECLARATION, OR A MAJOR DISASTER DECLARATION",f,f,f,f,f,f,f,f,f,f,f,f,f,f,f,f,f,f,f,SMALL BUSINESS,S,f,f,f,f,f,f,f,f,f,f,f,f,f,f,f,f,f,PARTNERSHIP,f,f,t,f,f,f,f,f,f,f,f,f,f,f,f,f,f,t,f,f,f,f,f,f,f,f,t,f,t,f,f,f,f,f,f,f,f,f,f,f,f,f,f,f,f,f,f,f,f,f,,,,,,,,,,,https://www.usaspending.gov/award/CONT_AWD_FA864920C0052_9700_-NONE-_-NONE-/,2021-08-23 09:46:52+00
CONT_AWD_FA864920C0169_9700_-NONE-_-NONE-,FA864920C0169,,,,N: Emergency P.L. 116-136;Q: Not Designated Nonemergency/Emergency/Disaster/Wildfire Suppression,,1095571.09,,,1095571.09,0.00,1095571.09,1095571.09,2020-06-08,2020,2021-08-19,2021,2020-06-08,2021-12-31,2021-12-31 00:00:00,,2019-08-24,097,Department of Defense,5700,Department of the Air Force,FA8649,FA8649 USAF SBIR STTR CNTRCTNG AFRL,097,Department of Defense,5700,Department of the Air Force,F4FBEQ,F4FBEQ AFRL RGF,057-2020/2021-3600-000,057-3600,25.5: Research and development contracts,,X,NOT APPLICABLE,,,CUZEPXLMG2H4,080238316,WILDER SYSTEMS INC.,"WILDER SYSTEMS, LLC",,7N2C5,CUZEPXLMG2H4,080238316,WILDER SYSTEMS INC.,WILDER SYSTEMS  LLC,USA,UNITED STATES,1701 DIRECTORS BLVD STE 300,,AUSTIN,48453,TRAVIS,48,TX,TEXAS,787441044,TX-25,TX-35,7138257348,,USA,UNITED STATES,AUSTIN,48453,TRAVIS,48,TX,TEXAS,787441044,TX-35,TX-35,AWARD,D,DEFINITIVE CONTRACT,,,,,,,J,FIRM FIXED PRICE,COVID-19 DIB- ROBOTS AS A SERVICE FOR STRUCTURAL AIRCRAFT REPAIR,,1,OT,OTHER FUNCTIONS,AD92,R&D- DEFENSE OTHER: OTHER (APPLIED RESEARCH/EXPLORATORY DEVELOPMENT),H,NOT BUNDLED,A7,ELECTRONICS AND COMMUNICATION EQUIPMENT,541715,"RESEARCH AND DEVELOPMENT IN THE PHYSICAL, ENGINEERING, AND LIFE SCIENCES (EXCEPT NANOTECHNOLOGY AND BIOTECHNOLOGY)",C,NO CLAUSES INCLUDED AND NO SUSTAINABILITY INCLUDED,A,U.S. OWNED BUSINESS,000,NONE,Z,NOT IT PRODUCTS OR SERVICES,E,NOT REQUIRED,USA,UNITED STATES,C,NOT A MANUFACTURED END PRODUCT,B,PLAN NOT REQUIRED,D,FULL AND OPEN COMPETITION AFTER EXCLUSION OF SOURCES,NP,NEGOTIATED PROPOSAL/QUOTE,SBA,SMALL BUSINESS SET ASIDE - TOTAL,NONE,NO PREFERENCE USED,SR2,SMALL BUSINESS INNOVATION RESEARCH PROGRAM PHASE II ACTION,,,,,999,A,COMMERCIAL ITEM,f,N,NO,N,NO,N,NO,N,NO,0.00,N,NO,X,NOT APPLICABLE,X,NOT APPLICABLE,X,NOT APPLICABLE,X,NOT APPLICABLE,,,,,,,,P20C,COVID-19 2020,N,NO,X,NOT APPLICABLE EXEMPT FROM CAS,N,TRANSACTION DOES NOT USE GFE/GFP,N,NO,D,NOT CONSOLIDATED,Y,YES - SERVICE WHERE PBA IS USED.,N,NO,Z,NOT APPLICABLE,N,NO,C,"PRESIDENTIAL ISSUED EMERGENCY DECLARATION, OR A MAJOR DISASTER DECLARATION",f,f,f,f,f,f,f,f,f,f,f,f,f,f,f,f,f,f,f,SMALL BUSINESS,S,f,f,f,f,f,f,f,f,f,f,f,f,f,f,f,f,f,CORPORATE NOT TAX EXEMPT,t,f,f,f,f,f,f,f,f,f,f,f,f,f,f,f,f,t,f,f,f,f,f,f,f,f,t,f,t,f,f,f,f,f,f,f,f,f,f,f,f,f,f,f,f,t,f,f,f,f,,,,,,,,,,,https://www.usaspending.gov/award/CONT_AWD_FA864920C0169_9700_-NONE-_-NONE-/,2021-08-19 08:25:50+00
CONT_AWD_FA865016C7646_9700_-NONE-_-NONE-,FA865016C7646,,,,,,,,,852966.85,,857821.00,1365332.00,2016-04-18,2016,2021-08-20,2021,2016-04-18,2019-10-15,2019-10-15 00:00:00,,,097,Department of Defense,9763,Defense Contract Management Agency,S0701A,DCMA NORTHEAST (HARTFORD),097,Department of Defense,97AE,Defense Advanced Research Projects Agency,HR0011,DEF ADVANCED RESEARCH PROJECTS AGCY,,,,,X,NOT APPLICABLE,,,KQG9ZKVSELH6,,RTX CORPORATION,UNITED TECHNOLOGIES CORPORATION,UNITED TECHNOLOGIES RESEARCH CENTER,9B660,PPLZG8J3N9D4,,RTX CORP,RAYTHEON TECHNOLOGIES CORPORATION,USA,UNITED STATES,411 SILVER LN,,EAST HARTFORD,09003,HARTFORD,09,CT,CONNECTICUT,061181127,CT-01,CT-01,8606107526,,USA,UNITED STATES,EAST HARTFORD,09003,HARTFORD,09,CT,CONNECTICUT,061181127,CT-01,CT-01,AWARD,D,DEFINITIVE CONTRACT,,,,,,,U,COST PLUS FIXED FEE,IGF::OT::IGF EQUIPS SEEDLING,,1,OT,OTHER FUNCTIONS,AC61,R&D- DEFENSE SYSTEM: ELECTRONICS/COMMUNICATION EQUIPMENT (BASIC RESEARCH),D,NOT A BUNDLED REQUIREMENT,A7,ELECTRONICS AND COMMUNICATION EQUIPMENT,541712,"RESEARCH AND DEVELOPMENT IN THE PHYSICAL, ENGINEERING, AND LIFE SCIENCES (EXCEPT BIOTECHNOLOGY)",C,NO CLAUSES INCLUDED AND NO SUSTAINABILITY INCLUDED,A,U.S. OWNED BUSINESS,000,NONE,Z,NOT IT PRODUCTS OR SERVICES,E,NOT REQUIRED,USA,UNITED STATES,C,NOT A MANUFACTURED END PRODUCT,F,INDIVIDUAL SUBCONTRACT PLAN,A,FULL AND OPEN COMPETITION,BR,BASIC RESEARCH,NONE,NO SET ASIDE USED.,NONE,NO PREFERENCE USED,,,,,,,21,D,COMMERCIAL ITEM PROCEDURES NOT USED,f,N,NO,N,NO,X,NOT APPLICABLE,N,NO,0.00,N,NO,X,NOT APPLICABLE,X,NOT APPLICABLE,X,NOT APPLICABLE,X,NOT APPLICABLE,,,,,,,,NONE,NONE,Y,YES,Y,YES - CAS CLAUSE INCLUDED,N,TRANSACTION DOES NOT USE GFE/GFP,U,UNKNOWN,N,NO,Y,YES - SERVICE WHERE PBA IS USED.,N,NO,Z,NOT APPLICABLE,N,NO,X,NOT APPLICABLE,f,f,f,f,f,f,f,f,f,f,f,f,f,f,f,f,f,f,f,OTHER THAN SMALL BUSINESS,O,f,f,f,f,f,f,f,f,f,f,f,f,f,f,f,f,f,CORPORATE NOT TAX EXEMPT,t,f,f,f,f,f,f,f,f,f,f,f,f,f,f,f,f,t,f,f,f,f,f,f,f,f,f,f,t,f,f,f,f,f,f,f,f,f,f,f,f,f,f,f,f,f,f,f,f,f,,,,,,,,,,,https://www.usaspending.gov/award/CONT_AWD_FA865016C7646_9700_-NONE-_-NONE-/,2022-04-01 14:22:53+00
CONT_AWD_FA865018C2825_9700_-NONE-_-NONE-,FA865018C2825,,,,Q: Not Designated Nonemergency/Emergency/Disaster/Wildfire Suppression,,,,,1449092.00,103507.00,1449092.00,1449092.00,2018-08-29,2018,2021-08-19,2021,2018-08-29,2022-05-26,2022-05-26 00:00:00,,2018-05-31,097,Department of Defense,5700,Department of the Air Force,FA8650,FA8650  USAF AFMC AFRL PZL AFRL/PZL,097,Department of Defense,5700,Department of the Air Force,F4FBQQ,F4FBQQ AFRL RQQ,057-2018/2019-3600-000,057-3600,25.5: Research and development contracts,OPTN: FIELD IS OPTIONAL PRIOR TO FY21,X,NOT APPLICABLE,,,EJ5QQHF7B1P6,048159342,"FLORIDA TURBINE TECHNOLOGIES, INC.",FLORIDA TURBINE TECHNOLOGIES INC.,,1SVQ9,H6BWMHGJ5AF5,884457813,"KRATOS DEFENSE & SECURITY SOLUTIONS, INC.",FLORIDA TURBINE TECHNOLOGIES INC.,USA,UNITED STATES,1701 MILITARY TRL STE 110,,JUPITER,12099,PALM BEACH,12,FL,FLORIDA,334586331,FL-18,FL-21,5614276337,5614276192,USA,UNITED STATES,JUPITER,12099,PALM BEACH,12,FL,FLORIDA,334586331,FL-18,FL-21,AWARD,D,DEFINITIVE CONTRACT,,,,,,,J,FIRM FIXED PRICE,AIR RIDING THRUST BALANCE SYSTEM,,1,OT,OTHER FUNCTIONS,AD92,R&D- DEFENSE OTHER: OTHER (APPLIED RESEARCH/EXPLORATORY DEVELOPMENT),H,NOT BUNDLED,A1C,OTHER AIRCRAFT EQUIPMENT,541715,"RESEARCH AND DEVELOPMENT IN THE PHYSICAL, ENGINEERING, AND LIFE SCIENCES (EXCEPT NANOTECHNOLOGY AND BIOTECHNOLOGY)",C,NO CLAUSES INCLUDED AND NO SUSTAINABILITY INCLUDED,A,U.S. OWNED BUSINESS,000,NONE,Z,NOT IT PRODUCTS OR SERVICES,E,NOT REQUIRED,USA,UNITED STATES,C,NOT A MANUFACTURED END PRODUCT,B,PLAN NOT REQUIRED,D,FULL AND OPEN COMPETITION AFTER EXCLUSION OF SOURCES,NP,NEGOTIATED PROPOSAL/QUOTE,SBA,SMALL BUSINESS SET ASIDE - TOTAL,NONE,NO PREFERENCE USED,SR2,SMALL BUSINESS INNOVATION RESEARCH PROGRAM PHASE II ACTION,,,,,1,D,COMMERCIAL ITEM PROCEDURES NOT USED,f,N,NO,N,NO,N,NO,N,NO,0.00,N,NO,X,NOT APPLICABLE,X,NOT APPLICABLE,X,NOT APPLICABLE,X,NOT APPLICABLE,,,,,,,,NONE,NONE,Y,YES,X,NOT APPLICABLE EXEMPT FROM CAS,N,TRANSACTION DOES NOT USE GFE/GFP,U,UNKNOWN,D,NOT CONSOLIDATED,Y,YES - SERVICE WHERE PBA IS USED.,N,NO,Z,NOT APPLICABLE,N,NO,X,NOT APPLICABLE,f,f,f,f,f,f,f,t,t,f,f,f,f,f,f,f,f,f,f,SMALL BUSINESS,S,f,f,f,f,f,f,f,f,f,f,f,f,f,f,f,f,f,CORPORATE NOT TAX EXEMPT,t,f,f,f,f,f,f,f,f,f,f,f,f,f,f,f,f,t,f,f,f,f,f,f,f,t,f,f,t,f,f,f,f,f,f,f,f,f,f,f,f,f,f,f,f,f,f,f,f,f,,,,,,,,,,,https://www.usaspending.gov/award/CONT_AWD_FA865018C2825_9700_-NONE-_-NONE-/,2021-08-23 16:46:33+00
CONT_AWD_FA865018C7825_9700_-NONE-_-NONE-,FA865018C7825,,,,N: Emergency P.L. 116-136,240369.01,-240369.01,,,1704461.00,240369.01,1704461.00,1704461.00,2017-10-12,2018,2021-08-23,2021,2017-10-12,2022-02-28,2022-02-28 00:00:00,,,097,Department of Defense,5700,Department of the Air Force,FA8650,FA8650  USAF AFMC AFRL PZL AFRL/PZL,097,Department of Defense,97AE,Defense Advanced Research Projects Agency,HR0011,DEF ADVANCED RESEARCH PROJECTS AGCY,097-2019/2020-0400-000;097-2020/2021-0400-000,097-0400,25.5: Research and development contracts,OPTN: FIELD IS OPTIONAL PRIOR TO FY21,X,NOT APPLICABLE,,,NKAZLXLL7Z91,,UNIVERSITY OF SOUTH FLORIDA,UNIVERSITY OF SOUTH FLORIDA,UNIVERSITY OF SOUTH FLORIDA,1F202,NKAZLXLL7Z91,,UNIVERSITY OF SOUTH FLORIDA,UNIVERSITY OF SOUTH FLORIDA,USA,UNITED STATES,4202 E FOWLER AVE,,TAMPA,12057,HILLSBOROUGH,12,FL,FLORIDA,336209951,FL-14,FL-15,8139743340,8139745362,USA,UNITED STATES,TAMPA,12057,HILLSBOROUGH,12,FL,FLORIDA,336209951,FL-14,FL-15,AWARD,D,DEFINITIVE CONTRACT,,,,,,,S,COST NO FEE,IGF::OT::IGF SOCIALSIM,HR001117S0018,1,OT,OTHER FUNCTIONS,AC11,NATIONAL DEFENSE R&D SERVICES; DEPARTMENT OF DEFENSE - MILITARY; BASIC RESEARCH,H,NOT BUNDLED,C9E,ALL OTHERS NOT IDENTIFIABLE TO ANY OTHER PROCUREMENT PROGRAM,541715,"RESEARCH AND DEVELOPMENT IN THE PHYSICAL, ENGINEERING, AND LIFE SCIENCES (EXCEPT NANOTECHNOLOGY AND BIOTECHNOLOGY)",C,NO CLAUSES INCLUDED AND NO SUSTAINABILITY INCLUDED,B,OTHER U.S. ENTITY (E.G. GOVERNMENT),000,NONE,Z,NOT IT PRODUCTS OR SERVICES,E,NOT REQUIRED,USA,UNITED STATES,C,NOT A MANUFACTURED END PRODUCT,F,INDIVIDUAL SUBCONTRACT PLAN,A,FULL AND OPEN COMPETITION,BR,BASIC RESEARCH,NONE,NO SET ASIDE USED.,NONE,NO PREFERENCE USED,,,,,,,35,D,COMMERCIAL ITEM PROCEDURES NOT USED,f,N,NO,N,NO,Y,YES,N,NO,0.00,N,NO,X,NOT APPLICABLE,X,NOT APPLICABLE,X,NOT APPLICABLE,X,NOT APPLICABLE,,,,,,,,NONE,NONE,N,NO,Y,YES - CAS CLAUSE INCLUDED,N,TRANSACTION DOES NOT USE GFE/GFP,U,UNKNOWN,D,NOT CONSOLIDATED,Y,YES - SERVICE WHERE PBA IS USED.,N,NO,Z,NOT APPLICABLE,N,NO,X,NOT APPLICABLE,f,f,f,f,f,f,f,f,f,f,f,f,f,f,f,f,f,f,f,OTHER THAN SMALL BUSINESS,O,f,f,f,f,f,f,t,f,f,f,f,f,f,f,f,f,f,US GOVERNMENT ENTITY,f,f,f,f,f,f,t,f,f,t,f,f,f,f,f,f,f,t,f,f,f,f,f,f,f,f,f,f,f,f,f,f,f,t,f,f,f,f,f,f,f,f,f,f,f,f,f,f,f,f,,,,,,,,,,,https://www.usaspending.gov/award/CONT_AWD_FA865018C7825_9700_-NONE-_-NONE-/,2022-12-08 07:45:56+00
CONT_AWD_FA865019C5217_9700_-NONE-_-NONE-,FA865019C5217,,,,N: Emergency P.L. 116-136;Q: Not Designated Nonemergency/Emergency/Disaster/Wildfire Suppression,226256.38,-226256.38,,,1519000.00,229532.65,2833376.00,2833376.00,2019-08-20,2019,2021-08-23,2021,2019-08-20,2023-04-05,2023-04-05 00:00:00,,2018-12-20,097,Department of Defense,5700,Department of the Air Force,FA8650,FA8650  USAF AFMC AFRL PZL AFRL/PZL,097,Department of Defense,5700,Department of the Air Force,F4FBFN,F4FBFN AFRL RXN,057-2019/2020-3600-000;057-2020/2021-3600-000;057-2021/2022-3600-000,057-3600,25.5: Research and development contracts,0001: BASIC RESEARCH;OPTN: FIELD IS OPTIONAL PRIOR TO FY21,X,NOT APPLICABLE,,,CLEZQNYDCHK5,174410394,"HILL ENGINEERING, LLC","HILL ENGINEERING, LLC",,37BS8,CLEZQNYDCHK5,174410394,"HILL ENGINEERING, LLC",HILL ENGINEERING  LLC,USA,UNITED STATES,3083 GOLD CANAL DR STE 100,,RANCHO CORDOVA,06067,SACRAMENTO,06,CA,CALIFORNIA,956706127,CA-07,CA-06,9166355706,9166044517,USA,UNITED STATES,RANCHO CORDOVA,06067,SACRAMENTO,06,CA,CALIFORNIA,956706127,CA-07,CA-06,AWARD,D,DEFINITIVE CONTRACT,,,,,,,U,COST PLUS FIXED FEE,NONDESTRUCTIVE EVALUATION FOR QUALITY ASSURANCE AND SURVEILLANCE OF COLD EXPANDED FASTENER HOLES,FA865019S5010,1,OT,OTHER FUNCTIONS,AC12,NATIONAL DEFENSE R&D SERVICES; DEPARTMENT OF DEFENSE - MILITARY; APPLIED RESEARCH,H,NOT BUNDLED,A1C,OTHER AIRCRAFT EQUIPMENT,541715,"RESEARCH AND DEVELOPMENT IN THE PHYSICAL, ENGINEERING, AND LIFE SCIENCES (EXCEPT NANOTECHNOLOGY AND BIOTECHNOLOGY)",C,NO CLAUSES INCLUDED AND NO SUSTAINABILITY INCLUDED,A,U.S. OWNED BUSINESS,000,NONE,Z,NOT IT PRODUCTS OR SERVICES,E,NOT REQUIRED,USA,UNITED STATES,C,NOT A MANUFACTURED END PRODUCT,B,PLAN NOT REQUIRED,A,FULL AND OPEN COMPETITION,NP,NEGOTIATED PROPOSAL/QUOTE,NONE,NO SET ASIDE USED.,NONE,NO PREFERENCE USED,,,,,,,1,D,COMMERCIAL ITEM PROCEDURES NOT USED,f,N,NO,N,NO,X,NOT APPLICABLE,N,NO,0.00,N,NO,X,NOT APPLICABLE,X,NOT APPLICABLE,X,NOT APPLICABLE,X,NOT APPLICABLE,,,,,,,,NONE,NONE,N,NO,X,NOT APPLICABLE EXEMPT FROM CAS,N,TRANSACTION DOES NOT USE GFE/GFP,U,UNKNOWN,D,NOT CONSOLIDATED,Y,YES - SERVICE WHERE PBA IS USED.,N,NO,Z,NOT APPLICABLE,N,NO,X,NOT APPLICABLE,f,f,f,f,f,f,f,f,f,f,f,f,f,f,f,f,f,f,f,SMALL BUSINESS,S,f,f,f,f,f,f,f,f,f,f,f,f,f,f,f,f,f,PARTNERSHIP,f,f,t,f,f,f,f,f,f,f,f,f,f,f,f,f,f,t,f,f,f,f,f,f,f,f,t,f,t,f,f,f,f,f,f,f,f,f,f,f,f,f,f,f,f,f,f,f,f,f,,,,,,,,,,,https://www.usaspending.gov/award/CONT_AWD_FA865019C5217_9700_-NONE-_-NONE-/,2021-08-23 13:21:26+00
CONT_AWD_FA865019C9216_9700_-NONE-_-NONE-,FA865019C9216,,,,Q: Not Designated Nonemergency/Emergency/Disaster/Wildfire Suppression,,,,,1679150.00,0.00,1679150.00,1679150.00,2019-05-20,2019,2021-08-18,2021,2019-05-20,2021-05-20,2021-05-20 00:00:00,,2018-11-30,097,Department of Defense,5700,Department of the Air Force,FA8650,FA8650  USAF AFMC AFRL PZL AFRL/PZL,097,Department of Defense,5700,Department of the Air Force,F2KBAA,AFRL RVF,057-2018/2019-3600-000,057-3600,25.5: Research and development contracts,0001: BASIC RESEARCH,X,NOT APPLICABLE,,,YAJJH8KCTF51,967349668,"INTELLIGENT FUSION TECHNOLOGY, INC.","INTELLIGENT FUSION TECHNOLOGY, INC.",I-FUSION,6B0K6,YAJJH8KCTF51,967349668,"INTELLIGENT FUSION TECHNOLOGY, INC.",INTELLIGENT FUSION TECHNOLOGY,USA,UNITED STATES,20271 GOLDENROD LN STE 2066,,GERMANTOWN,24031,MONTGOMERY,24,MD,MARYLAND,208764104,MD-06,MD-06,9495960057,3015157262,USA,UNITED STATES,GERMANTOWN,24031,MONTGOMERY,24,MD,MARYLAND,208764104,MD-06,MD-06,AWARD,D,DEFINITIVE CONTRACT,,,,,,,U,COST PLUS FIXED FEE,GLOBAL NETWORK ACCESS TERMINAL GROUND 1ST APPROACH,FA865019S9216,1,OT,OTHER FUNCTIONS,AC22,NATIONAL DEFENSE R&D SERVICES; ATOMIC ENERGY DEFENSE ACTIVITIES; APPLIED RESEARCH,H,NOT BUNDLED,A7,ELECTRONICS AND COMMUNICATION EQUIPMENT,541715,"RESEARCH AND DEVELOPMENT IN THE PHYSICAL, ENGINEERING, AND LIFE SCIENCES (EXCEPT NANOTECHNOLOGY AND BIOTECHNOLOGY)",C,NO CLAUSES INCLUDED AND NO SUSTAINABILITY INCLUDED,A,U.S. OWNED BUSINESS,000,NONE,Z,NOT IT PRODUCTS OR SERVICES,E,NOT REQUIRED,USA,UNITED STATES,C,NOT A MANUFACTURED END PRODUCT,B,PLAN NOT REQUIRED,D,FULL AND OPEN COMPETITION AFTER EXCLUSION OF SOURCES,NP,NEGOTIATED PROPOSAL/QUOTE,SBA,SMALL BUSINESS SET ASIDE - TOTAL,NONE,NO PREFERENCE USED,SR2,SMALL BUSINESS INNOVATION RESEARCH PROGRAM PHASE II ACTION,,,,,6,D,COMMERCIAL ITEM PROCEDURES NOT USED,f,N,NO,N,NO,X,NOT APPLICABLE,N,NO,0.00,N,NO,X,NOT APPLICABLE,X,NOT APPLICABLE,X,NOT APPLICABLE,X,NOT APPLICABLE,,,,,,,,NONE,NONE,N,NO,X,NOT APPLICABLE EXEMPT FROM CAS,N,TRANSACTION DOES NOT USE GFE/GFP,U,UNKNOWN,D,NOT CONSOLIDATED,Y,YES - SERVICE WHERE PBA IS USED.,N,NO,Z,NOT APPLICABLE,N,NO,X,NOT APPLICABLE,f,f,f,f,f,f,f,t,t,t,f,f,t,f,t,f,f,f,f,SMALL BUSINESS,S,f,f,f,f,f,f,f,f,f,f,f,f,f,f,f,f,f,CORPORATE NOT TAX EXEMPT,t,f,f,f,f,f,f,f,f,f,f,f,f,f,f,f,f,t,f,f,f,f,f,f,f,f,f,f,t,f,f,f,f,f,f,f,f,f,f,f,f,f,f,f,f,t,f,f,f,f,,,,,,,,,,,https://www.usaspending.gov/award/CONT_AWD_FA865019C9216_9700_-NONE-_-NONE-/,2021-08-18 14:08:25+00
CONT_AWD_FA865020C2401_9700_-NONE-_-NONE-,FA865020C2401,,,,N: Emergency P.L. 116-136,65634.31,232740.69,,,298375.00,65634.31,298375.00,298375.00,2020-07-10,2020,2021-08-19,2021,2020-07-10,2021-02-26,2021-02-26 00:00:00,,2020-03-04,097,Department of Defense,9763,Defense Contract Management Agency,S3309A,DCMA NORTHEAST (GARDEN CITY),097,Department of Defense,5700,Department of the Air Force,FA8650,FA8650  USAF AFMC AFRL PZL AFRL/PZL,097-2020/2021-0400-000,097-0400,25.5: Research and development contracts,OPTN: FIELD IS OPTIONAL PRIOR TO FY21,X,NOT APPLICABLE,,,HCR9W77NTHH8,804033277,ACENT LABORATORIES LLC,ACENT LABORATORIES LLC,,4TVS8,JDC1G1UUQKD1,803616072,ACENT HOLDINGS INC.,ACENT LABORATORIES LLC,USA,UNITED STATES,481 JOHNSON AVE STE A,,BOHEMIA,36103,SUFFOLK,36,NY,NEW YORK,117162608,NY-02,NY-02,6318012845,6316851441,USA,UNITED STATES,BOHEMIA,36103,SUFFOLK,36,NY,NEW YORK,117162608,NY-02,NY-02,AWARD,D,DEFINITIVE CONTRACT,,,,,,,U,COST PLUS FIXED FEE,"ENABLING TECHNOLOGIES FOR HIGH SPEED OPERABLE (ETHOS), ECONOMICAL TEST FACILITY FUEL HEATER",,1,OT,OTHER FUNCTIONS,AC12,NATIONAL DEFENSE R&D SERVICES; DEPARTMENT OF DEFENSE - MILITARY; APPLIED RESEARCH,H,NOT BUNDLED,A1C,OTHER AIRCRAFT EQUIPMENT,541715,"RESEARCH AND DEVELOPMENT IN THE PHYSICAL, ENGINEERING, AND LIFE SCIENCES (EXCEPT NANOTECHNOLOGY AND BIOTECHNOLOGY)",C,NO CLAUSES INCLUDED AND NO SUSTAINABILITY INCLUDED,A,U.S. OWNED BUSINESS,000,NONE,Z,NOT IT PRODUCTS OR SERVICES,E,NOT REQUIRED,USA,UNITED STATES,C,NOT A MANUFACTURED END PRODUCT,B,PLAN NOT REQUIRED,A,FULL AND OPEN COMPETITION,NP,NEGOTIATED PROPOSAL/QUOTE,NONE,NO SET ASIDE USED.,NONE,NO PREFERENCE USED,,,,,,,1,D,COMMERCIAL ITEM PROCEDURES NOT USED,f,N,NO,N,NO,X,NOT APPLICABLE,N,NO,0.00,N,NO,X,NOT APPLICABLE,X,NOT APPLICABLE,X,NOT APPLICABLE,X,NOT APPLICABLE,,,,,,,,NONE,NONE,Y,YES,X,NOT APPLICABLE EXEMPT FROM CAS,N,TRANSACTION DOES NOT USE GFE/GFP,U,UNKNOWN,D,NOT CONSOLIDATED,Y,YES - SERVICE WHERE PBA IS USED.,N,NO,Z,NOT APPLICABLE,N,NO,X,NOT APPLICABLE,f,f,f,f,f,f,f,f,f,f,f,f,f,f,f,f,f,f,f,SMALL BUSINESS,S,f,f,f,f,f,f,f,f,f,f,f,f,f,f,f,f,f,CORPORATE NOT TAX EXEMPT,t,f,f,f,f,f,f,f,f,f,f,f,f,f,f,f,f,t,f,f,f,f,f,f,f,f,t,f,t,f,f,f,f,f,f,f,f,f,f,f,f,f,f,f,f,f,f,f,f,f,,,,,,,,,,,https://www.usaspending.gov/award/CONT_AWD_FA865020C2401_9700_-NONE-_-NONE-/,2021-08-24 16:01:15+00
CONT_AWD_FA865020C5005_9700_-NONE-_-NONE-,FA865020C5005,,,,Q: Not Designated Nonemergency/Emergency/Disaster/Wildfire Suppression,,,,,2499968.00,127658.58,2499968.00,2499968.00,2020-06-04,2020,2021-08-23,2021,2020-06-04,2022-10-07,2022-10-07 00:00:00,,2019-10-08,097,Department of Defense,5700,Department of the Air Force,FA8650,FA8650  USAF AFMC AFRL PZL AFRL/PZL,097,Department of Defense,5700,Department of the Air Force,F4FBFN,F4FBFN AFRL RXN,057-2019/2020-3600-000,057-3600,25.5: Research and development contracts,OPTN: FIELD IS OPTIONAL PRIOR TO FY21,X,NOT APPLICABLE,,,KMW3TK51HPN9,038379579,"SECURBORATION, INC.","SECURBORATION, INC.",,1XSD0,KMW3TK51HPN9,038379579,"SECURBORATION, INC.",SECURBORATION  INC.,USA,UNITED STATES,1050 W NASA BLVD STE 155,,MELBOURNE,12009,BREVARD,12,FL,FLORIDA,329011822,FL-08,FL-08,9192443946,,USA,UNITED STATES,MELBOURNE,12009,BREVARD,12,FL,FLORIDA,329011822,FL-08,FL-08,AWARD,D,DEFINITIVE CONTRACT,,,,,,,U,COST PLUS FIXED FEE,KNOWLEDGE-AIDED INTERFACE FOR BIG DATA STREAMS,,1,OT,OTHER FUNCTIONS,AC13,NATIONAL DEFENSE R&D SERVICES; DEPARTMENT OF DEFENSE - MILITARY; EXPERIMENTAL DEVELOPMENT,H,NOT BUNDLED,A1C,OTHER AIRCRAFT EQUIPMENT,541715,"RESEARCH AND DEVELOPMENT IN THE PHYSICAL, ENGINEERING, AND LIFE SCIENCES (EXCEPT NANOTECHNOLOGY AND BIOTECHNOLOGY)",C,NO CLAUSES INCLUDED AND NO SUSTAINABILITY INCLUDED,A,U.S. OWNED BUSINESS,000,NONE,Z,NOT IT PRODUCTS OR SERVICES,E,NOT REQUIRED,USA,UNITED STATES,C,NOT A MANUFACTURED END PRODUCT,B,PLAN NOT REQUIRED,D,FULL AND OPEN COMPETITION AFTER EXCLUSION OF SOURCES,NP,NEGOTIATED PROPOSAL/QUOTE,SBA,SMALL BUSINESS SET ASIDE - TOTAL,NONE,NO PREFERENCE USED,ST2,SMALL TECHNOLOGY TRANSFER RESEARCH PROGRAM PHASE II,,,,,1,D,COMMERCIAL ITEM PROCEDURES NOT USED,f,N,NO,N,NO,X,NOT APPLICABLE,N,NO,0.00,N,NO,X,NOT APPLICABLE,X,NOT APPLICABLE,X,NOT APPLICABLE,X,NOT APPLICABLE,,,,,,,,NONE,NONE,N,NO,X,NOT APPLICABLE EXEMPT FROM CAS,N,TRANSACTION DOES NOT USE GFE/GFP,U,UNKNOWN,D,NOT CONSOLIDATED,Y,YES - SERVICE WHERE PBA IS USED.,N,NO,Z,NOT APPLICABLE,N,NO,X,NOT APPLICABLE,f,f,f,f,f,f,f,f,f,f,f,f,f,f,f,f,f,f,f,SMALL BUSINESS,S,f,f,f,f,f,f,f,f,f,f,f,f,f,f,f,f,f,CORPORATE NOT TAX EXEMPT,t,f,f,f,f,f,f,f,f,f,f,f,f,f,f,f,f,t,f,f,f,f,f,f,f,t,f,f,t,f,f,f,f,f,f,f,f,f,f,f,f,f,f,f,f,f,f,f,f,f,,,,,,,,,,,https://www.usaspending.gov/award/CONT_AWD_FA865020C5005_9700_-NONE-_-NONE-/,2021-08-23 11:14:32+00
CONT_AWD_FA865621C0123_9700_-NONE-_-NONE-,FA865621C0123,,,,Q: Not Designated Nonemergency/Emergency/Disaster/Wildfire Suppression,,,,,949998.00,0.00,949998.00,949998.00,2021-04-29,2021,2021-08-19,2021,2021-04-29,2021-04-29,2022-07-29 00:00:00,,2021-02-04,097,Department of Defense,5700,Department of the Air Force,FA8656,FA8656 AFLCMC EBX,097,Department of Defense,5700,Department of the Air Force,F4FBEQ,F4FBEQ AFRL RGF,057-2020/2021-3600-000,057-3600,25.5: Research and development contracts,0001: BASIC RESEARCH,X,NOT APPLICABLE,,,HD9RM38CWBM6,079241476,"R-DEX SYSTEMS, INC.","R-DEX SYSTEMS, INC",,71WY6,HD9RM38CWBM6,079241476,"R-DEX SYSTEMS, INC.",R-DEX SYSTEMS  LLC,USA,UNITED STATES,1225 JOHNSON FERRY RD STE 240,,MARIETTA,13067,COBB,13,GA,GEORGIA,300682768,GA-06,GA-11,6786412380,,USA,UNITED STATES,MARIETTA,13067,COBB,13,GA,GEORGIA,300682768,GA-06,GA-11,AWARD,D,DEFINITIVE CONTRACT,,,,,,,J,FIRM FIXED PRICE,SIBR PHASE II IMPROVED TARGET CLASSIFICATION FOR SEEKERS,,1,OT,OTHER FUNCTIONS,AC12,NATIONAL DEFENSE R&D SERVICES; DEPARTMENT OF DEFENSE - MILITARY; APPLIED RESEARCH,H,NOT BUNDLED,A5,WEAPONS,541715,"RESEARCH AND DEVELOPMENT IN THE PHYSICAL, ENGINEERING, AND LIFE SCIENCES (EXCEPT NANOTECHNOLOGY AND BIOTECHNOLOGY)",C,NO CLAUSES INCLUDED AND NO SUSTAINABILITY INCLUDED,A,U.S. OWNED BUSINESS,000,NONE,Z,NOT IT PRODUCTS OR SERVICES,E,NOT REQUIRED,USA,UNITED STATES,C,NOT A MANUFACTURED END PRODUCT,B,PLAN NOT REQUIRED,D,FULL AND OPEN COMPETITION AFTER EXCLUSION OF SOURCES,NP,NEGOTIATED PROPOSAL/QUOTE,SBA,SMALL BUSINESS SET ASIDE - TOTAL,NONE,NO PREFERENCE USED,SR2,SMALL BUSINESS INNOVATION RESEARCH PROGRAM PHASE II ACTION,,,,,213,D,COMMERCIAL ITEM PROCEDURES NOT USED,f,N,NO,N,NO,X,NOT APPLICABLE,N,NO,0.00,N,NO,X,NOT APPLICABLE,X,NOT APPLICABLE,X,NOT APPLICABLE,X,NOT APPLICABLE,,,,,,,,NONE,NONE,N,NO,X,NOT APPLICABLE EXEMPT FROM CAS,N,TRANSACTION DOES NOT USE GFE/GFP,U,UNKNOWN,D,NOT CONSOLIDATED,N,NO - SERVICE WHERE PBA IS NOT USED.,N,NO,Z,NOT APPLICABLE,N,NO,X,NOT APPLICABLE,f,f,f,f,f,f,f,f,f,f,f,f,f,f,f,f,f,f,f,SMALL BUSINESS,S,f,f,f,f,f,f,f,f,f,f,f,f,f,f,f,f,f,CORPORATE NOT TAX EXEMPT,t,f,f,f,f,f,f,f,f,f,f,f,f,f,f,f,f,t,f,f,f,f,f,f,f,t,f,f,t,f,f,f,f,f,f,f,f,f,f,f,f,f,f,f,f,f,f,f,f,f,,,,,,,,,,,https://www.usaspending.gov/award/CONT_AWD_FA865621C0123_9700_-NONE-_-NONE-/,2021-08-19 16:56:27+00
CONT_AWD_FA870217C0007_9700_-NONE-_-NONE-,FA870217C0007,,,,Q: Not Designated Nonemergency/Emergency/Disaster/Wildfire Suppression,,,,,83665467.98,-606.48,83665467.98,83689768.22,2016-10-31,2017,2021-08-23,2021,2016-10-31,2018-03-31,2020-03-31 00:00:00,,,097,Department of Defense,5700,Department of the Air Force,FA8702,FA8702  AFLCMC PZE NON PEO,097,Department of Defense,5700,Department of the Air Force,F2BDAZ,F2BDAZ AFLCMC HBF,017-2018/2019-1319-000;021-2017/2018-2040-000;057-2016/2017-3600-000;057-2017/2018-3600-000;057-2018/2019-3600-000;097-2017/2018-0400-000,017-1319;021-2040;057-3600;097-0400,25.1: Advisory and assistance services;25.2: Other services from non-Federal sources;25.5: Research and development contracts;31.0: Equipment,0001: BASIC RESEARCH;OPTN: FIELD IS OPTIONAL PRIOR TO FY21,X,NOT APPLICABLE,,,SN5KKUDR9LY8,001424985,MASSACHUSETTS INSTITUTE OF TECHNOLOGY,MASSACHUSETTS INSTITUTE OF TECHNOLOGY,MIT LINCOLN LABORATORY,3G050,E2NYLCDML6V1,001425594,MASSACHUSETTS INSTITUTE OF TECHNOLOGY,MASSACHUSETTS INSTITUTE OF TECHNOLOGY,USA,UNITED STATES,244 WOOD ST,,LEXINGTON,25017,MIDDLESEX,25,MA,MASSACHUSETTS,024216426,MA-05,MA-05,7819817134,7819810262,USA,UNITED STATES,LEXINGTON,25017,MIDDLESEX,25,MA,MASSACHUSETTS,024216426,MA-05,MA-05,AWARD,D,DEFINITIVE CONTRACT,,,,,,,S,COST NO FEE,IGF::OT::IGF  CONTINUATION CONTRACT FOR FA8721-05-C-0002,,1,OT,OTHER FUNCTIONS,AC61,R&D- DEFENSE SYSTEM: ELECTRONICS/COMMUNICATION EQUIPMENT (BASIC RESEARCH),D,NOT A BUNDLED REQUIREMENT,S1,SERVICES,541990,"ALL OTHER PROFESSIONAL, SCIENTIFIC, AND TECHNICAL SERVICES",C,NO CLAUSES INCLUDED AND NO SUSTAINABILITY INCLUDED,A,U.S. OWNED BUSINESS,000,NONE,Z,NOT IT PRODUCTS OR SERVICES,E,NOT REQUIRED,USA,UNITED STATES,C,NOT A MANUFACTURED END PRODUCT,B,PLAN NOT REQUIRED,C,NOT COMPETED,SSS,ONLY ONE SOURCE,NONE,NO SET ASIDE USED.,NONE,NO PREFERENCE USED,,,,,UNQ,UNIQUE SOURCE (FAR 6.302-1(B)(1)),1,D,COMMERCIAL ITEM PROCEDURES NOT USED,f,N,NO,N,NO,X,NOT APPLICABLE,N,NO,0.00,N,NO,X,NOT APPLICABLE,X,NOT APPLICABLE,X,NOT APPLICABLE,X,NOT APPLICABLE,,,,,,,,NONE,NONE,Y,YES,X,NOT APPLICABLE EXEMPT FROM CAS,N,TRANSACTION DOES NOT USE GFE/GFP,U,UNKNOWN,N,NO,N,NO - SERVICE WHERE PBA IS NOT USED.,N,NO,Z,NOT APPLICABLE,N,NO,X,NOT APPLICABLE,f,f,f,f,f,f,f,f,f,f,f,f,f,f,f,f,f,f,f,OTHER THAN SMALL BUSINESS,O,f,f,f,f,f,f,f,f,f,f,f,f,f,f,f,f,f,CORPORATE TAX EXEMPT,f,t,f,f,f,f,f,f,f,t,f,f,f,f,f,f,f,t,f,f,f,f,f,f,f,f,f,f,f,t,f,f,t,f,t,f,f,f,f,f,f,f,f,f,f,f,f,f,f,f,,,,,,,,,,,https://www.usaspending.gov/award/CONT_AWD_FA870217C0007_9700_-NONE-_-NONE-/,2021-08-24 10:38:51+00
CONT_AWD_FA872620C0003_9700_-NONE-_-NONE-,FA872620C0003,,,,,,,,,215167.00,0.00,215167.00,215167.00,2019-12-06,2020,2021-08-24,2021,2019-12-06,2020-08-31,2020-08-31 00:00:00,,2019-11-05,097,Department of Defense,5700,Department of the Air Force,FA8726,FA8726  AFLCMC HNK C3IN,097,Department of Defense,5700,Department of the Air Force,F2BDAZ,F2BDAZ AFLCMC HBF,057-2019/2020-3600-000,057-3600,25.5: Research and development contracts,,X,NOT APPLICABLE,,,J4Q3HP6NHK47,060605883,"ROCKWELL COLLINS, INC.","ROCKWELL COLLINS, INC.",GOVERNMENT SYSTEMS,13499,PPLZG8J3N9D4,001344142,RTX CORP,"ROCKWELL COLLINS, INC.",USA,UNITED STATES,400 COLLINS RD NE,,CEDAR RAPIDS,19113,LINN,19,IA,IOWA,524980505,IA-01,IA-02,3192638129,,USA,UNITED STATES,CEDAR RAPIDS,19113,LINN,19,IA,IOWA,524980505,IA-01,IA-02,AWARD,D,DEFINITIVE CONTRACT,,,,,,,Y,TIME AND MATERIALS,PROJECT ENIGMA,,1,OT,OTHER FUNCTIONS,AC61,R&D- DEFENSE SYSTEM: ELECTRONICS/COMMUNICATION EQUIPMENT (BASIC RESEARCH),H,NOT BUNDLED,C9E,ALL OTHERS NOT IDENTIFIABLE TO ANY OTHER PROCUREMENT PROGRAM,334511,"SEARCH, DETECTION, NAVIGATION, GUIDANCE, AERONAUTICAL, AND NAUTICAL SYSTEM AND INSTRUMENT MANUFACTURING",C,NO CLAUSES INCLUDED AND NO SUSTAINABILITY INCLUDED,A,U.S. OWNED BUSINESS,000,NONE,Z,NOT IT PRODUCTS OR SERVICES,E,NOT REQUIRED,USA,UNITED STATES,C,NOT A MANUFACTURED END PRODUCT,B,PLAN NOT REQUIRED,G,NOT COMPETED UNDER SAP,SP1,SIMPLIFIED ACQUISITION,NONE,NO SET ASIDE USED.,NONE,NO PREFERENCE USED,,,,,SP2,SAP NON-COMPETITION (FAR 13),1,D,COMMERCIAL ITEM PROCEDURES NOT USED,f,N,NO,N,NO,X,NOT APPLICABLE,N,NO,0.00,N,NO,N,NO,N,NO,N,NO,X,NOT APPLICABLE,,,,,,,,NONE,NONE,N,NO,X,NOT APPLICABLE EXEMPT FROM CAS,N,TRANSACTION DOES NOT USE GFE/GFP,U,UNKNOWN,D,NOT CONSOLIDATED,N,NO - SERVICE WHERE PBA IS NOT USED.,N,NO,Z,NOT APPLICABLE,N,NO,X,NOT APPLICABLE,f,f,f,f,f,f,f,f,f,f,f,f,f,f,f,f,f,f,f,OTHER THAN SMALL BUSINESS,O,f,f,f,f,f,f,f,f,f,f,f,f,f,f,f,f,f,CORPORATE NOT TAX EXEMPT,t,f,f,f,f,f,f,f,f,f,f,f,t,f,f,f,f,t,f,f,f,f,f,f,f,f,f,f,t,f,f,f,f,f,f,f,f,f,f,f,f,f,f,f,f,f,f,f,f,f,,,,,,,,,,,https://www.usaspending.gov/award/CONT_AWD_FA872620C0003_9700_-NONE-_-NONE-/,2021-08-26 14:13:27+00
CONT_AWD_FA872621C0012_9700_-NONE-_-NONE-,FA872621C0012,,,,,,,,,106116.85,,106116.85,106116.85,2021-08-24,2021,2021-08-24,2021,2021-08-24,2022-02-15,2022-02-15 00:00:00,,,097,Department of Defense,5700,Department of the Air Force,FA8726,FA8726  AFLCMC HNK C3IN,097,Department of Defense,97F5,Washington Headquarters Services,HQ0642,WASHINGTON HEADQUARTERS SERVICES,,,,,X,NOT APPLICABLE,,,VLJTYY8HRQV8,,"SIGNATURE RESEARCH, INC.","SIGNATURE RESEARCH, INC.",,4FF25,GYJ7A9CU49A4,,"SIGNATURE RESEARCH, INC.",SIGNATURE RESEARCH  INC,USA,UNITED STATES,2061 FOUNTAIN PROFESSIONAL CT UNIT A & B,,NAVARRE,12113,SANTA ROSA,12,FL,FLORIDA,325665105,FL-01,FL-01,8509395800,8509395880,USA,UNITED STATES,NAVARRE,12113,SANTA ROSA,12,FL,FLORIDA,325665105,FL-01,FL-01,AWARD,D,DEFINITIVE CONTRACT,,,,,,,U,COST PLUS FIXED FEE,QUADCOPTER IR IMAGE COLLECT,,1,OT,OTHER FUNCTIONS,AC11,NATIONAL DEFENSE R&D SERVICES; DEPARTMENT OF DEFENSE - MILITARY; BASIC RESEARCH,H,NOT BUNDLED,C9E,ALL OTHERS NOT IDENTIFIABLE TO ANY OTHER PROCUREMENT PROGRAM,541715,"RESEARCH AND DEVELOPMENT IN THE PHYSICAL, ENGINEERING, AND LIFE SCIENCES (EXCEPT NANOTECHNOLOGY AND BIOTECHNOLOGY)",C,NO CLAUSES INCLUDED AND NO SUSTAINABILITY INCLUDED,A,U.S. OWNED BUSINESS,000,NONE,Z,NOT IT PRODUCTS OR SERVICES,E,NOT REQUIRED,USA,UNITED STATES,C,NOT A MANUFACTURED END PRODUCT,B,PLAN NOT REQUIRED,C,NOT COMPETED,SSS,ONLY ONE SOURCE,NONE,NO SET ASIDE USED.,NONE,NO PREFERENCE USED,,,,,ONE,ONLY ONE SOURCE-OTHER (FAR 6.302-1 OTHER),1,D,COMMERCIAL ITEM PROCEDURES NOT USED,f,N,NO,N,NO,X,NOT APPLICABLE,N,NO,0.00,N,NO,X,NOT APPLICABLE,X,NOT APPLICABLE,X,NOT APPLICABLE,X,NOT APPLICABLE,,,,,,,,NONE,NONE,W,NOT OBTAINED - WAIVED,X,NOT APPLICABLE EXEMPT FROM CAS,N,TRANSACTION DOES NOT USE GFE/GFP,U,UNKNOWN,D,NOT CONSOLIDATED,N,NO - SERVICE WHERE PBA IS NOT USED.,N,NO,Z,NOT APPLICABLE,N,NO,X,NOT APPLICABLE,f,f,f,f,f,f,f,f,f,f,f,f,f,f,f,f,f,f,f,OTHER THAN SMALL BUSINESS,O,f,f,f,f,f,f,f,f,f,f,f,f,f,f,f,f,f,CORPORATE NOT TAX EXEMPT,t,f,f,f,f,f,f,f,f,f,f,f,f,f,f,f,f,t,f,f,f,f,f,f,f,f,f,f,t,f,f,f,f,f,f,f,f,f,f,f,f,f,f,f,f,f,f,f,f,f,,,,,,,,,,,https://www.usaspending.gov/award/CONT_AWD_FA872621C0012_9700_-NONE-_-NONE-/,2024-06-11 07:16:53+00
CONT_AWD_FA873417C0001_9700_-NONE-_-NONE-,FA873417C0001,,,,Q: Not Designated Nonemergency/Emergency/Disaster/Wildfire Suppression,,,,,2432803.00,491893.00,2432803.00,2432803.00,2017-08-22,2017,2021-08-24,2021,2017-08-22,2022-08-27,2022-08-27 00:00:00,,,097,Department of Defense,5700,Department of the Air Force,FA8734,FA8734  AFLCMC GBK,097,Department of Defense,5700,Department of the Air Force,F3PT43,F3PT43 AFLCMC HIH,057-2019/2019-3400-000;057-2019/2020-3600-000;057-2020/2020-3400-000;057-2020/2021-3600-000;057-2021/2021-3400-000;057-2021/2022-3600-000,057-3400;057-3600,25.1: Advisory and assistance services,0001: BASIC RESEARCH;0001: OPERATING FORCES,X,NOT APPLICABLE,,,M5R1LG262C33,,JYG INNOVATIONS LLC,,,5X0W5,M5R1LG262C33,,JYG INNOVATIONS LLC,JYG INNOVATIONS LLC,USA,UNITED STATES,6450 POE AVENUE SUITE 103,,DAYTON,39113,MONTGOMERY,39,OH,OHIO,454142667,OH-10,OH-10,9376303858,8888977307,USA,UNITED STATES,DAYTON,39113,MONTGOMERY,39,OH,OHIO,454142667,OH-10,OH-10,AWARD,D,DEFINITIVE CONTRACT,,,,,,,J,FIRM FIXED PRICE,IGF::OT::IGF HIH FIAR SUPPORT,,1,OT,OTHER FUNCTIONS,D399,IT AND TELECOM- OTHER IT AND TELECOMMUNICATIONS,H,NOT BUNDLED,S1,SERVICES,541512,COMPUTER SYSTEMS DESIGN SERVICES,C,NO CLAUSES INCLUDED AND NO SUSTAINABILITY INCLUDED,A,U.S. OWNED BUSINESS,000,NONE,F,NON-COMMERCIAL SERVICE,E,NOT REQUIRED,USA,UNITED STATES,C,NOT A MANUFACTURED END PRODUCT,B,PLAN NOT REQUIRED,B,NOT AVAILABLE FOR COMPETITION,SSS,ONLY ONE SOURCE,8AN,8(A) SOLE SOURCE,NONE,NO PREFERENCE USED,,,,,OTH,AUTHORIZED BY STATUTE (FAR 6.302-5(A)(2)(I)),1,D,COMMERCIAL ITEM PROCEDURES NOT USED,f,N,NO,N,NO,X,NOT APPLICABLE,N,NO,0.00,N,NO,X,NOT APPLICABLE,X,NOT APPLICABLE,X,NOT APPLICABLE,X,NOT APPLICABLE,,,,,,,,NONE,NONE,N,NO,X,NOT APPLICABLE EXEMPT FROM CAS,N,TRANSACTION DOES NOT USE GFE/GFP,U,UNKNOWN,D,NOT CONSOLIDATED,Y,YES - SERVICE WHERE PBA IS USED.,N,NO,Z,NOT APPLICABLE,N,NO,X,NOT APPLICABLE,f,f,f,f,f,f,f,t,t,t,f,f,t,f,f,t,f,f,f,SMALL BUSINESS,S,f,f,f,f,f,f,f,f,f,f,f,f,f,f,f,f,f,CORPORATE NOT TAX EXEMPT,t,f,f,f,f,f,f,f,f,f,f,f,f,f,f,f,f,t,f,f,f,f,f,f,f,f,f,f,t,f,f,f,f,f,f,f,f,f,f,f,f,f,f,f,f,t,f,t,f,f,,,,,,,,,,,https://www.usaspending.gov/award/CONT_AWD_FA873417C0001_9700_-NONE-_-NONE-/,2022-11-04 12:19:35+00
CONT_AWD_FA873519C0001_9700_-NONE-_-NONE-,FA873519C0001,,,,N: Emergency P.L. 116-136;Q: Not Designated Nonemergency/Emergency/Disaster/Wildfire Suppression,428852.06,-428852.06,,,3228871.39,428852.06,2626789.33,2626789.33,2018-10-09,2019,2021-08-23,2021,2018-10-09,2021-11-23,2021-11-23 00:00:00,,2018-05-18,097,Department of Defense,5700,Department of the Air Force,FA8735,FA8735 NUCLEAR NTW DIV AFNWC PZHN,097,Department of Defense,5700,Department of the Air Force,F2BDEG,F2BDEG AFLCMC C3I,057-2018/2019-3600-000;057-2020/2021-3600-000,057-3600,25.5: Research and development contracts,0001: BASIC RESEARCH;OPTN: FIELD IS OPTIONAL PRIOR TO FY21,X,NOT APPLICABLE,,,PTMFLMD2CUB4,618019632,"L3 TECHNOLOGIES, INC.","L3 TECHNOLOGIES, INC.",COMMUNICATION SYSTEMS - EAST DIVISION,11447,SJULQDJ8NZU7,004203337,"L3HARRIS TECHNOLOGIES, INC","L3 TECHNOLOGIES, INC.",USA,UNITED STATES,1 FEDERAL ST,,CAMDEN,34007,CAMDEN,34,NJ,NEW JERSEY,081031088,NJ-01,NJ-01,8563384352,8563382250,USA,UNITED STATES,CAMDEN,34007,CAMDEN,34,NJ,NEW JERSEY,081031088,NJ-01,NJ-01,AWARD,D,DEFINITIVE CONTRACT,,,,,,,J,FIRM FIXED PRICE,IGF::OT::IGF VERY LOW FREQUENCY WAVEFORMS AND MODES,,1,OT,OTHER FUNCTIONS,AJ14,GENERAL SCIENCE & TECHNOLOGY R&D SVCS; GENERAL SCIENCE & TECHNOLOGY; R&D ADMINISTRATIVE EXPENSES,H,NOT BUNDLED,A7,ELECTRONICS AND COMMUNICATION EQUIPMENT,541715,"RESEARCH AND DEVELOPMENT IN THE PHYSICAL, ENGINEERING, AND LIFE SCIENCES (EXCEPT NANOTECHNOLOGY AND BIOTECHNOLOGY)",C,NO CLAUSES INCLUDED AND NO SUSTAINABILITY INCLUDED,A,U.S. OWNED BUSINESS,000,NONE,Z,NOT IT PRODUCTS OR SERVICES,E,NOT REQUIRED,USA,UNITED STATES,C,NOT A MANUFACTURED END PRODUCT,F,INDIVIDUAL SUBCONTRACT PLAN,A,FULL AND OPEN COMPETITION,BR,BASIC RESEARCH,NONE,NO SET ASIDE USED.,NONE,NO PREFERENCE USED,,,,,,,1,D,COMMERCIAL ITEM PROCEDURES NOT USED,f,N,NO,N,NO,X,NOT APPLICABLE,N,NO,0.00,N,NO,N,NO,N,NO,N,NO,X,NOT APPLICABLE,,,,,,,,NONE,NONE,Y,YES,X,NOT APPLICABLE EXEMPT FROM CAS,N,TRANSACTION DOES NOT USE GFE/GFP,U,UNKNOWN,D,NOT CONSOLIDATED,N,NO - SERVICE WHERE PBA IS NOT USED.,N,NO,Z,NOT APPLICABLE,N,NO,X,NOT APPLICABLE,f,f,f,f,f,f,f,f,f,f,f,f,f,f,f,f,f,f,f,OTHER THAN SMALL BUSINESS,O,f,f,f,f,f,f,f,f,f,f,f,f,f,f,f,f,f,CORPORATE NOT TAX EXEMPT,t,f,f,f,f,f,f,f,f,f,f,f,t,f,f,f,f,t,f,f,f,f,f,f,f,f,f,f,t,f,f,f,f,f,f,f,f,f,f,f,f,f,f,f,f,f,f,f,f,f,,,,,,,,,,,https://www.usaspending.gov/award/CONT_AWD_FA873519C0001_9700_-NONE-_-NONE-/,2021-08-24 12:11:36+00
CONT_AWD_FA875016C0170_9700_-NONE-_-NONE-,FA875016C0170,,,,,,,,,5681454.00,0.00,6562529.00,6562529.00,2016-05-16,2016,2021-08-19,2021,2016-05-16,2021-01-18,2021-01-18 00:00:00,,,097,Department of Defense,9763,Defense Contract Management Agency,S0507A,DCMA MOUNTAIN PACIFIC (STOCKTON),097,Department of Defense,5700,Department of the Air Force,FA8750,FA8750  AFRL RIK,097-2018/2019-0400-000;097-2019/2020-0400-000,097-0400,25.5: Research and development contracts,,X,NOT APPLICABLE,,,SRG2J1WS9X63,009232752,SRI INTERNATIONAL,SRI INTERNATIONAL,,03652,SRG2J1WS9X63,009232752,SRI INTERNATIONAL,SRI INTERNATIONAL,USA,UNITED STATES,333 RAVENSWOOD AVE,,MENLO PARK,06081,SAN MATEO,06,CA,CALIFORNIA,940253453,CA-18,CA-16,6508594424,6508596009,USA,UNITED STATES,MENLO PARK,06081,SAN MATEO,06,CA,CALIFORNIA,940253453,CA-18,CA-16,AWARD,D,DEFINITIVE CONTRACT,,,,,,,U,COST PLUS FIXED FEE,IGF::OT::IGF SPOTTING AUDIO-VISUAL INCONSISTENCIES (SAVI),FA875015R0001,1,OT,OTHER FUNCTIONS,AD92,R&D- DEFENSE OTHER: OTHER (APPLIED RESEARCH/EXPLORATORY DEVELOPMENT),D,NOT A BUNDLED REQUIREMENT,A7,ELECTRONICS AND COMMUNICATION EQUIPMENT,541712,"RESEARCH AND DEVELOPMENT IN THE PHYSICAL, ENGINEERING, AND LIFE SCIENCES (EXCEPT BIOTECHNOLOGY)",C,NO CLAUSES INCLUDED AND NO SUSTAINABILITY INCLUDED,A,U.S. OWNED BUSINESS,000,NONE,Z,NOT IT PRODUCTS OR SERVICES,E,NOT REQUIRED,USA,UNITED STATES,C,NOT A MANUFACTURED END PRODUCT,F,INDIVIDUAL SUBCONTRACT PLAN,A,FULL AND OPEN COMPETITION,BR,BASIC RESEARCH,NONE,NO SET ASIDE USED.,NONE,NO PREFERENCE USED,,,,,,,38,D,COMMERCIAL ITEM PROCEDURES NOT USED,f,N,NO,N,NO,Y,YES,N,NO,0.00,N,NO,X,NOT APPLICABLE,X,NOT APPLICABLE,X,NOT APPLICABLE,X,NOT APPLICABLE,,,,,,,,NONE,NONE,N,NO,Y,YES - CAS CLAUSE INCLUDED,N,TRANSACTION DOES NOT USE GFE/GFP,N,NO,N,NO,Y,YES - SERVICE WHERE PBA IS USED.,N,NO,Z,NOT APPLICABLE,N,NO,X,NOT APPLICABLE,f,f,f,f,f,f,f,f,f,f,f,f,f,f,f,f,f,f,f,OTHER THAN SMALL BUSINESS,O,f,f,f,f,f,f,f,f,f,f,f,f,f,f,f,f,f,CORPORATE TAX EXEMPT,f,t,f,f,f,f,f,f,f,f,f,f,f,f,f,f,f,t,f,f,f,f,f,f,f,f,f,f,f,t,f,f,f,f,f,f,f,f,f,f,f,f,f,f,f,f,f,f,f,f,,,,,,,,,,,https://www.usaspending.gov/award/CONT_AWD_FA875016C0170_9700_-NONE-_-NONE-/,2021-08-27 16:41:33+00
CONT_AWD_FA875016C0293_9700_-NONE-_-NONE-,FA875016C0293,,,,N: Emergency P.L. 116-136;Q: Not Designated Nonemergency/Emergency/Disaster/Wildfire Suppression,0,1500000.00,,,14236941.00,1175525.41,14236941.00,14236941.00,2016-09-15,2016,2021-08-20,2021,2016-09-15,2021-12-31,2021-12-31 00:00:00,,,097,Department of Defense,5700,Department of the Air Force,FA8750,FA8750  AFRL RIK,097,Department of Defense,5700,Department of the Air Force,F4HBGD,F4HBGD AFRL RIGD,057-2019/2020-3600-000;057-2020/2021-3600-000;057-2021/2022-3600-000,057-3600,25.5: Research and development contracts,0001: BASIC RESEARCH;OPTN: FIELD IS OPTIONAL PRIOR TO FY21,X,NOT APPLICABLE,,,ZFYCZKT1PPS8,968090709,"AX ENTERPRIZE, LLC","AX ENTERPRIZE, LLC",AX ENTERPRIZE,6E8F9,ZFYCZKT1PPS8,968090709,"AX ENTERPRIZE, LLC",AX ENTERPRIZE  LLC,USA,UNITED STATES,4947 COMMERCIAL DRIVE,,YORKVILLE,36065,ONEIDA,36,NY,NEW YORK,134951119,NY-22,NY-22,8552902940,3152351993,USA,UNITED STATES,YORKVILLE,36065,ONEIDA,36,NY,NEW YORK,134951119,NY-22,NY-22,AWARD,D,DEFINITIVE CONTRACT,,,,,,,U,COST PLUS FIXED FEE,IGF::OT::IGF COLLABORATIVE LOW-ALTITUDE UAS INTEGRATION EFFORT (CLUE),FA875015R0001,1,OT,OTHER FUNCTIONS,AD92,R&D- DEFENSE OTHER: OTHER (APPLIED RESEARCH/EXPLORATORY DEVELOPMENT),D,NOT A BUNDLED REQUIREMENT,A7,ELECTRONICS AND COMMUNICATION EQUIPMENT,541712,"RESEARCH AND DEVELOPMENT IN THE PHYSICAL, ENGINEERING, AND LIFE SCIENCES (EXCEPT BIOTECHNOLOGY)",C,NO CLAUSES INCLUDED AND NO SUSTAINABILITY INCLUDED,A,U.S. OWNED BUSINESS,000,NONE,Z,NOT IT PRODUCTS OR SERVICES,E,NOT REQUIRED,USA,UNITED STATES,C,NOT A MANUFACTURED END PRODUCT,B,PLAN NOT REQUIRED,A,FULL AND OPEN COMPETITION,BR,BASIC RESEARCH,NONE,NO SET ASIDE USED.,NONE,NO PREFERENCE USED,,,,,,,2,D,COMMERCIAL ITEM PROCEDURES NOT USED,f,N,NO,N,NO,Y,YES,N,NO,0.00,N,NO,X,NOT APPLICABLE,X,NOT APPLICABLE,X,NOT APPLICABLE,X,NOT APPLICABLE,,,,,,,,NONE,NONE,Y,YES,X,NOT APPLICABLE EXEMPT FROM CAS,N,TRANSACTION DOES NOT USE GFE/GFP,N,NO,N,NO,Y,YES - SERVICE WHERE PBA IS USED.,N,NO,Z,NOT APPLICABLE,N,NO,X,NOT APPLICABLE,f,f,f,f,f,f,f,t,t,f,f,f,f,f,f,f,f,f,f,SMALL BUSINESS,S,f,f,f,f,f,f,f,f,f,f,f,f,f,f,f,f,f,PARTNERSHIP,f,f,t,f,f,f,f,f,f,f,f,f,f,f,f,f,f,t,f,f,f,f,f,f,f,f,t,f,t,f,f,f,f,f,f,f,f,f,f,f,f,f,f,f,f,f,f,f,f,f,,,,,,,,,,,https://www.usaspending.gov/award/CONT_AWD_FA875016C0293_9700_-NONE-_-NONE-/,2021-08-23 07:37:58+00
CONT_AWD_FA875121C0009_9700_-NONE-_-NONE-,FA875121C0009,,,,,,,,,71472.77,,71472.77,71472.77,2021-08-17,2021,2021-08-17,2021,2021-08-17,2021-09-29,2021-09-29 00:00:00,,2021-06-17,097,Department of Defense,5700,Department of the Air Force,FA8751,FA8751  AFRL RIKO,097,Department of Defense,5700,Department of the Air Force,F4HBC1,F4HBC1 AFRL RIO RRS,,,,,X,NOT APPLICABLE,,,MTMJWJC4UZC3,,SIMON ROOFING AND SHEET METAL CORP.,,,1TNC9,MTMJWJC4UZC3,,SIMON ROOFING AND SHEET METAL CORP.,SIMON ROOFING AND SHEET METAL CORP.,USA,UNITED STATES,70 KARAGO AVE,,YOUNGSTOWN,39099,MAHONING,39,OH,OHIO,445125949,OH-13,OH-06,8005237714,3306297399,USA,UNITED STATES,NEW BERLIN,36017,CHENANGO,36,NY,NEW YORK,134114000,NY-22,NY-19,AWARD,D,DEFINITIVE CONTRACT,,,,,,,J,FIRM FIXED PRICE,MAINTAIN ROOF B3,,1,OT,OTHER FUNCTIONS,Z1AA,MAINTENANCE OF OFFICE BUILDINGS,H,NOT BUNDLED,C2,CONSTRUCTION,238160,ROOFING CONTRACTORS,C,NO CLAUSES INCLUDED AND NO SUSTAINABILITY INCLUDED,A,U.S. OWNED BUSINESS,000,NONE,Z,NOT IT PRODUCTS OR SERVICES,E,NOT REQUIRED,USA,UNITED STATES,C,NOT A MANUFACTURED END PRODUCT,B,PLAN NOT REQUIRED,A,FULL AND OPEN COMPETITION,SB,SEALED BID,NONE,NO SET ASIDE USED.,NONE,NO PREFERENCE USED,,,,,,,4,A,COMMERCIAL ITEM,f,N,NO,N,NO,X,NOT APPLICABLE,N,NO,0.00,N,NO,X,NOT APPLICABLE,Y,YES,Y,YES,X,NOT APPLICABLE,,,,,,,,NONE,NONE,N,NO,X,NOT APPLICABLE EXEMPT FROM CAS,N,TRANSACTION DOES NOT USE GFE/GFP,N,NO,D,NOT CONSOLIDATED,Y,YES - SERVICE WHERE PBA IS USED.,N,NO,Z,NOT APPLICABLE,N,NO,X,NOT APPLICABLE,f,f,f,f,f,f,f,f,f,f,f,f,f,f,f,f,f,f,f,OTHER THAN SMALL BUSINESS,O,f,f,f,f,f,f,f,f,f,f,f,f,f,f,f,f,f,CORPORATE NOT TAX EXEMPT,t,f,f,f,f,f,f,f,f,f,f,f,t,f,f,f,f,t,f,f,f,f,f,f,f,f,f,f,t,f,f,f,f,f,f,f,f,f,f,f,f,f,f,f,f,f,f,f,f,f,,,,,,,,,,,https://www.usaspending.gov/award/CONT_AWD_FA875121C0009_9700_-NONE-_-NONE-/,2022-11-07 13:15:07+00
CONT_AWD_FA877119C0015_9700_-NONE-_-NONE-,FA877119C0015,,,,Q: Not Designated Nonemergency/Emergency/Disaster/Wildfire Suppression,,,,,6124110.20,1235837.41,6124110.20,6124110.20,2019-09-13,2019,2021-08-23,2021,2019-09-13,2020-11-07,2020-11-07 00:00:00,,2019-08-08,097,Department of Defense,5700,Department of the Air Force,FA8771,FA8771  AFLCMC GBK,097,Department of Defense,5700,Department of the Air Force,F2XTKB,HQ OSSG KABN,057-2018/2019-3600-000;057-2019/2019-3400-000;057-2019/2020-3600-000;057-2020/2021-3600-000,057-3400;057-3600,"23.3: Communications, utilities, and miscellaneous charges;25.1: Advisory and assistance services;31.0: Equipment",0001: BASIC RESEARCH,X,NOT APPLICABLE,,,YUZFZ7G7J7D3,829602304,"FEARLESS SOLUTIONS, LLC","FEARLESS SOLUTIONS, LLC",FEARLESS,5BS71,YUZFZ7G7J7D3,829602304,"FEARLESS SOLUTIONS, LLC",FEARLESS SOLUTIONS  LLC,USA,UNITED STATES,8 MARKET PLACE SUITE 304,,BALTIMORE,24510,BALTIMORE (CITY),24,MD,MARYLAND,212024113,MD-07,MD-07,4103949600,4107793706,USA,UNITED STATES,BALTIMORE,24510,BALTIMORE CITY,24,MD,MARYLAND,212024113,MD-07,MD-07,AWARD,D,DEFINITIVE CONTRACT,,,,,,,J,FIRM FIXED PRICE,SMALL BUSINESS INNOVATION RESEARCH (SBIR) PHASE III FOR BUSINESS AND ENTERPRISE SYSTEMS PRODUCT INNOVATION (BESPIN) DRUDONNA,,1,OT,OTHER FUNCTIONS,D308,IT AND TELECOM- PROGRAMMING,H,NOT BUNDLED,S1,SERVICES,541511,CUSTOM COMPUTER PROGRAMMING SERVICES,C,NO CLAUSES INCLUDED AND NO SUSTAINABILITY INCLUDED,A,U.S. OWNED BUSINESS,000,NONE,F,NON-COMMERCIAL SERVICE,E,NOT REQUIRED,USA,UNITED STATES,C,NOT A MANUFACTURED END PRODUCT,B,PLAN NOT REQUIRED,B,NOT AVAILABLE FOR COMPETITION,SSS,ONLY ONE SOURCE,NONE,NO SET ASIDE USED.,NONE,NO PREFERENCE USED,SR3,SMALL BUSINESS INNOVATION RESEARCH PROGRAM PHASE III ACTION,,,OTH,AUTHORIZED BY STATUTE (FAR 6.302-5(A)(2)(I)),1,D,COMMERCIAL ITEM PROCEDURES NOT USED,f,N,NO,N,NO,X,NOT APPLICABLE,N,NO,0.00,N,NO,X,NOT APPLICABLE,X,NOT APPLICABLE,X,NOT APPLICABLE,X,NOT APPLICABLE,,,,,,,,NONE,NONE,N,NO,X,NOT APPLICABLE EXEMPT FROM CAS,N,TRANSACTION DOES NOT USE GFE/GFP,U,UNKNOWN,D,NOT CONSOLIDATED,Y,YES - SERVICE WHERE PBA IS USED.,N,NO,Z,NOT APPLICABLE,N,NO,X,NOT APPLICABLE,f,f,f,f,f,f,f,f,f,f,f,f,t,f,f,t,f,f,f,SMALL BUSINESS,S,f,f,f,f,f,f,f,f,f,f,f,f,f,f,f,f,f,CORPORATE NOT TAX EXEMPT,t,f,f,f,f,f,f,f,f,f,f,f,f,f,f,f,f,t,f,f,f,f,f,f,f,f,t,f,t,f,f,f,f,f,f,f,f,f,f,f,f,f,f,f,t,t,f,t,t,f,ALKA  BHAVE,450000.00,DELALI  DZIRASA,281520.00,GREG  GODBOUT,281010.00,JOHN  FOSTER,255000.00,RAVI  GOURINENI,255000.00,https://www.usaspending.gov/award/CONT_AWD_FA877119C0015_9700_-NONE-_-NONE-/,2021-08-26 07:59:05+00
CONT_AWD_FA881019C0011_9700_-NONE-_-NONE-,FA881019C0011,,,,Q: Not Designated Nonemergency/Emergency/Disaster/Wildfire Suppression,,,,,847566.19,0.00,847566.19,857707.65,2019-08-13,2019,2021-08-17,2021,2019-08-13,2021-08-25,2021-08-25 00:00:00,,2018-10-26,097,Department of Defense,5700,Department of the Air Force,FA8810,FA8810  SPACE SENSING SSC/SNK,097,Department of Defense,5700,Department of the Air Force,F2TSTA,F2TSTA SMC IS,057-2019/2020-3600-000;057-2020/2021-3600-000,057-3600,25.7: Operation and maintenance of equipment,0001: BASIC RESEARCH;0002: APPLIED RESEARCH,X,NOT APPLICABLE,,,UADFJ6VSXM98,831784314,BLUE STORM ASSOCIATES INC.,BLUE STORM ASSOCIATES INC.,PEMDAS TECHNOLOGIES&INNOVATIONS,5SRR7,UADFJ6VSXM98,831784314,BLUE STORM ASSOCIATES INC.,BLUE STORM ASSOCIATES INC.,USA,UNITED STATES,8605 CROSS VW,,FAIRFAX STATION,51059,FAIRFAX,51,VA,VIRGINIA,220393358,VA-11,VA-11,7036281676,,USA,UNITED STATES,FAIRFAX STATION,51059,FAIRFAX,51,VA,VIRGINIA,220393358,VA-11,VA-11,AWARD,D,DEFINITIVE CONTRACT,,,,,,,B,FIXED PRICE LEVEL OF EFFORT,ENHANCING BATTLESPACE AWARENESS THROUGH ASSIMILATION OF OVERHEAD PERSISTENT INFRARED DATA SOLUTION FOR TOOLS APPLICATIONS AND PROCESSES LAB,,1,OT,OTHER FUNCTIONS,AC22,NATIONAL DEFENSE R&D SERVICES; ATOMIC ENERGY DEFENSE ACTIVITIES; APPLIED RESEARCH,H,NOT BUNDLED,A2,MISSILE AND SPACE SYSTEMS,541715,"RESEARCH AND DEVELOPMENT IN THE PHYSICAL, ENGINEERING, AND LIFE SCIENCES (EXCEPT NANOTECHNOLOGY AND BIOTECHNOLOGY)",C,NO CLAUSES INCLUDED AND NO SUSTAINABILITY INCLUDED,A,U.S. OWNED BUSINESS,210,SBIRS HIGH,Z,NOT IT PRODUCTS OR SERVICES,E,NOT REQUIRED,USA,UNITED STATES,C,NOT A MANUFACTURED END PRODUCT,B,PLAN NOT REQUIRED,A,FULL AND OPEN COMPETITION,BR,BASIC RESEARCH,NONE,NO SET ASIDE USED.,NONE,NO PREFERENCE USED,,,,,,,61,D,COMMERCIAL ITEM PROCEDURES NOT USED,f,N,NO,N,NO,X,NOT APPLICABLE,N,NO,0.00,N,NO,N,NO,N,NO,N,NO,X,NOT APPLICABLE,,,,,,,,NONE,NONE,N,NO,X,NOT APPLICABLE EXEMPT FROM CAS,N,TRANSACTION DOES NOT USE GFE/GFP,U,UNKNOWN,D,NOT CONSOLIDATED,N,NO - SERVICE WHERE PBA IS NOT USED.,N,NO,Z,NOT APPLICABLE,N,NO,X,NOT APPLICABLE,f,f,f,f,f,t,t,t,t,f,f,f,f,f,f,f,f,f,f,SMALL BUSINESS,S,f,f,f,f,f,f,f,f,f,f,f,f,f,f,f,f,f,CORPORATE NOT TAX EXEMPT,t,f,f,f,f,f,f,f,f,f,f,f,f,f,f,f,f,t,f,f,f,f,f,f,f,t,f,f,t,f,f,f,f,f,f,f,f,f,f,f,f,f,f,f,f,f,f,f,f,f,,,,,,,,,,,https://www.usaspending.gov/award/CONT_AWD_FA881019C0011_9700_-NONE-_-NONE-/,2021-08-18 10:47:39+00
CONT_AWD_FA910120C0016_9700_-NONE-_-NONE-,FA910120C0016,,,,,,,,,749999.37,0.00,749999.37,749999.37,2020-01-23,2020,2021-08-17,2021,2020-01-23,2023-04-23,2023-04-23 00:00:00,,2019-08-29,097,Department of Defense,5700,Department of the Air Force,FA9101,FA9101  AEDC PKP   PROCRMNT BR,097,Department of Defense,5700,Department of the Air Force,F4FBEQ,F4FBEQ AFRL RGF,057-2019/2020-3600-000,057-3600,25.5: Research and development contracts,,X,NOT APPLICABLE,,,WNEEJHCJCRP8,080964949,CVD MESOSCRIBE TECHNOLOGIES CORP,CVD MESOSCRIBE TECHNOLOGIES CORPORATION,MESOSCRIBE TECHNOLOGIES,80JK7,PHV4F6NMWQQ4,081380198,CVD EQUIPMENT CORPORATION,CVD EQUIPMENT CORPORATION,USA,UNITED STATES,355 S TECHNOLOGY DR,,CENTRAL ISLIP,36103,SUFFOLK,36,NY,NEW YORK,117224416,NY-02,NY-02,6319817081,,USA,UNITED STATES,CENTRAL ISLIP,36103,SUFFOLK,36,NY,NEW YORK,117224416,NY-02,NY-02,AWARD,D,DEFINITIVE CONTRACT,,,,,,,J,FIRM FIXED PRICE,DEVELOPMENT OF ADVANCED TEMPERATURE AND HEAT FLUX SENSORS,,1,OT,OTHER FUNCTIONS,AD95,R&D- DEFENSE OTHER: OTHER (OPERATIONAL SYSTEMS DEVELOPMENT),H,NOT BUNDLED,S1,SERVICES,541715,"RESEARCH AND DEVELOPMENT IN THE PHYSICAL, ENGINEERING, AND LIFE SCIENCES (EXCEPT NANOTECHNOLOGY AND BIOTECHNOLOGY)",C,NO CLAUSES INCLUDED AND NO SUSTAINABILITY INCLUDED,A,U.S. OWNED BUSINESS,000,NONE,Z,NOT IT PRODUCTS OR SERVICES,E,NOT REQUIRED,USA,UNITED STATES,C,NOT A MANUFACTURED END PRODUCT,B,PLAN NOT REQUIRED,D,FULL AND OPEN COMPETITION AFTER EXCLUSION OF SOURCES,NP,NEGOTIATED PROPOSAL/QUOTE,SBA,SMALL BUSINESS SET ASIDE - TOTAL,NONE,NO PREFERENCE USED,ST2,SMALL TECHNOLOGY TRANSFER RESEARCH PROGRAM PHASE II,,,,,2,D,COMMERCIAL ITEM PROCEDURES NOT USED,f,N,NO,N,NO,X,NOT APPLICABLE,N,NO,0.00,N,NO,X,NOT APPLICABLE,X,NOT APPLICABLE,X,NOT APPLICABLE,X,NOT APPLICABLE,,,,,,,,NONE,NONE,N,NO,X,NOT APPLICABLE EXEMPT FROM CAS,N,TRANSACTION DOES NOT USE GFE/GFP,U,UNKNOWN,D,NOT CONSOLIDATED,N,NO - SERVICE WHERE PBA IS NOT USED.,N,NO,Z,NOT APPLICABLE,N,NO,X,NOT APPLICABLE,f,f,f,f,f,f,f,f,f,f,f,f,f,f,f,f,f,f,f,SMALL BUSINESS,S,f,f,f,f,f,f,f,f,f,f,f,f,f,f,f,f,f,CORPORATE NOT TAX EXEMPT,t,f,f,f,f,f,f,f,f,f,f,f,f,f,f,f,f,t,f,f,f,f,f,f,f,f,f,f,t,f,f,f,f,f,f,f,f,f,f,f,f,f,f,f,f,f,f,f,f,f,,,,,,,,,,,https://www.usaspending.gov/award/CONT_AWD_FA910120C0016_9700_-NONE-_-NONE-/,2021-08-18 13:41:28+00
CONT_AWD_FA945119C0503_9700_-NONE-_-NONE-,FA945119C0503,,,,,,,,,749991.00,0.00,749991.00,749991.00,2018-12-17,2019,2021-08-20,2021,2018-12-17,2021-10-30,2021-10-30 00:00:00,,2018-08-27,097,Department of Defense,5700,Department of the Air Force,FA9451,FA9451  AFRL RDK,097,Department of Defense,5700,Department of the Air Force,F2KBAB,AFRL RDF,057-2018/2019-3600-000,057-3600,25.5: Research and development contracts,,X,NOT APPLICABLE,,,DMKEXJ8NQ4C5,082191198,ARETE ASSOCIATES,ARETE ASSOCIATES,,8N501,DMKEXJ8NQ4C5,082191198,ARETE ASSOCIATES,ARETE ASSOCIATES,USA,UNITED STATES,9301 CORBIN AVE STE 2000,,NORTHRIDGE,06037,LOS ANGELES,06,CA,CALIFORNIA,913242508,CA-30,CA-32,7034130290,,USA,UNITED STATES,NORTHRIDGE,06037,LOS ANGELES,06,CA,CALIFORNIA,913242508,CA-30,CA-32,AWARD,D,DEFINITIVE CONTRACT,,,,,,,J,FIRM FIXED PRICE,ALTERNATIVE METHODS FOR CREATING A SODIUM GUIDESTAR,,1,OT,OTHER FUNCTIONS,AC22,NATIONAL DEFENSE R&D SERVICES; ATOMIC ENERGY DEFENSE ACTIVITIES; APPLIED RESEARCH,H,NOT BUNDLED,A5,WEAPONS,541715,"RESEARCH AND DEVELOPMENT IN THE PHYSICAL, ENGINEERING, AND LIFE SCIENCES (EXCEPT NANOTECHNOLOGY AND BIOTECHNOLOGY)",C,NO CLAUSES INCLUDED AND NO SUSTAINABILITY INCLUDED,A,U.S. OWNED BUSINESS,000,NONE,Z,NOT IT PRODUCTS OR SERVICES,E,NOT REQUIRED,USA,UNITED STATES,C,NOT A MANUFACTURED END PRODUCT,B,PLAN NOT REQUIRED,D,FULL AND OPEN COMPETITION AFTER EXCLUSION OF SOURCES,NP,NEGOTIATED PROPOSAL/QUOTE,SBA,SMALL BUSINESS SET ASIDE - TOTAL,NONE,NO PREFERENCE USED,ST2,SMALL TECHNOLOGY TRANSFER RESEARCH PROGRAM PHASE II,,,,,4,D,COMMERCIAL ITEM PROCEDURES NOT USED,f,N,NO,N,NO,X,NOT APPLICABLE,N,NO,0.00,N,NO,X,NOT APPLICABLE,X,NOT APPLICABLE,X,NOT APPLICABLE,X,NOT APPLICABLE,,,,,,,,NONE,NONE,N,NO,X,NOT APPLICABLE EXEMPT FROM CAS,N,TRANSACTION DOES NOT USE GFE/GFP,U,UNKNOWN,D,NOT CONSOLIDATED,Y,YES - SERVICE WHERE PBA IS USED.,N,NO,Z,NOT APPLICABLE,N,NO,X,NOT APPLICABLE,f,f,f,f,f,f,f,f,f,f,f,f,f,f,f,f,f,f,f,SMALL BUSINESS,S,f,f,f,f,f,f,f,f,f,f,f,f,f,f,f,f,f,CORPORATE NOT TAX EXEMPT,t,f,f,f,f,f,f,f,f,f,f,f,t,f,f,f,f,t,f,f,f,f,f,f,f,f,f,f,t,f,f,f,f,f,f,f,f,f,f,f,f,f,f,f,f,f,f,f,f,f,DAVID  CAMPION,531780.00,CHRIS  CHOI,435331.00,DOUG  DEPROSPO,464164.00,SALLIE  DIVINCENZO,374916.00,JEFF  MERCER,376202.00,https://www.usaspending.gov/award/CONT_AWD_FA945119C0503_9700_-NONE-_-NONE-/,2021-08-20 13:06:15+00
CONT_AWD_FA945119C0609_9700_-NONE-_-NONE-,FA945119C0609,,,,,,,,,894834.00,0.00,894834.00,894834.00,2019-07-02,2019,2021-08-24,2021,2019-07-02,2021-12-15,2021-12-15 00:00:00,,2019-01-23,097,Department of Defense,5700,Department of the Air Force,FA9451,FA9451  AFRL RDK,097,Department of Defense,5700,Department of the Air Force,F2KBAB,AFRL RDF,057-2018/2019-3600-000;057-2019/2020-3600-000,057-3600,25.5: Research and development contracts,,X,NOT APPLICABLE,,,HCXHVBD9HKN9,877452664,INTELLIGENT FIBER OPTIC SYSTEMS CORPORATION,INTELLIGENT FIBER OPTIC SYSTEMS CORPORATION,,02QJ7,HCXHVBD9HKN9,877452664,INTELLIGENT FIBER OPTIC SYSTEMS CORPORATION,INTELLIGENT FIBER OPTIC SYSTEMS CORPORATION,USA,UNITED STATES,4425 FORTRAN DR # 4425-X,,SAN JOSE,06085,SANTA CLARA,06,CA,CALIFORNIA,951342300,CA-17,CA-17,4085659004,4085659005,USA,UNITED STATES,SAN JOSE,06085,SANTA CLARA,06,CA,CALIFORNIA,951342300,CA-17,CA-17,AWARD,D,DEFINITIVE CONTRACT,,,,,,,U,COST PLUS FIXED FEE,LOW COST INERTIAL RATE SENSORS WITH LONG TERM STABILITY,,1,OT,OTHER FUNCTIONS,AC51,R&D- DEFENSE SYSTEM: WEAPONS (BASIC RESEARCH),H,NOT BUNDLED,A5,WEAPONS,541715,"RESEARCH AND DEVELOPMENT IN THE PHYSICAL, ENGINEERING, AND LIFE SCIENCES (EXCEPT NANOTECHNOLOGY AND BIOTECHNOLOGY)",C,NO CLAUSES INCLUDED AND NO SUSTAINABILITY INCLUDED,A,U.S. OWNED BUSINESS,000,NONE,Z,NOT IT PRODUCTS OR SERVICES,E,NOT REQUIRED,USA,UNITED STATES,C,NOT A MANUFACTURED END PRODUCT,B,PLAN NOT REQUIRED,A,FULL AND OPEN COMPETITION,NP,NEGOTIATED PROPOSAL/QUOTE,NONE,NO SET ASIDE USED.,NONE,NO PREFERENCE USED,,,,,,,1,D,COMMERCIAL ITEM PROCEDURES NOT USED,f,N,NO,N,NO,X,NOT APPLICABLE,N,NO,0.00,Y,YES,N,NO,X,NOT APPLICABLE,N,NO,X,NOT APPLICABLE,,,,,,,,NONE,NONE,N,NO,Y,YES - CAS CLAUSE INCLUDED,N,TRANSACTION DOES NOT USE GFE/GFP,N,NO,D,NOT CONSOLIDATED,N,NO - SERVICE WHERE PBA IS NOT USED.,Y,YES,Z,NOT APPLICABLE,N,NO,X,NOT APPLICABLE,f,f,f,f,f,f,f,f,f,f,f,f,f,f,f,f,f,f,f,SMALL BUSINESS,S,f,f,f,f,f,f,f,f,f,f,f,f,f,f,f,f,f,CORPORATE NOT TAX EXEMPT,t,f,f,f,f,f,f,f,f,f,f,f,f,f,f,f,f,t,f,f,f,f,f,f,f,f,f,f,t,f,f,f,f,f,f,f,f,f,f,f,f,f,f,f,f,f,f,f,f,f,,,,,,,,,,,https://www.usaspending.gov/award/CONT_AWD_FA945119C0609_9700_-NONE-_-NONE-/,2021-09-01 14:41:18+00
CONT_AWD_FA955019C7001_9700_-NONE-_-NONE-,FA955019C7001,,,,,,,,,499822.00,0.00,499822.00,499822.00,2019-03-22,2019,2021-08-17,2021,2019-03-22,2020-03-21,2020-03-21 00:00:00,,2018-02-14,097,Department of Defense,5700,Department of the Air Force,FA9550,FA9550  AFRL AFOSR,097,Department of Defense,97AE,Defense Advanced Research Projects Agency,HR0011,DEF ADVANCED RESEARCH PROJECTS AGCY,097-2018/2019-0400-000,097-0400,25.5: Research and development contracts,,X,NOT APPLICABLE,,,NQMMHKXBCMB8,344227264,MENLO SYSTEMS GMBH,MENLO SYSTEMS GMBH,,CG780,NQMMHKXBCMB8,344227264,MENLO SYSTEMS GMBH,MENLO SYSTEMS GMBH,DEU,GERMANY,AM KLOPFERSPITZ 19A,,PLANEGG,,,,,,82152,,,9733004490,9733003600,DEU,GERMANY,,,,,,,,,,AWARD,D,DEFINITIVE CONTRACT,,,,,,,J,FIRM FIXED PRICE,KERR COMB MICROWAVE OSCILLATOR,,1,OT,OTHER FUNCTIONS,AJ12,GENERAL SCIENCE AND TECHNOLOGY R&D SERVICES; GENERAL SCIENCE AND TECHNOLOGY; APPLIED RESEARCH,H,NOT BUNDLED,S1,SERVICES,541715,"RESEARCH AND DEVELOPMENT IN THE PHYSICAL, ENGINEERING, AND LIFE SCIENCES (EXCEPT NANOTECHNOLOGY AND BIOTECHNOLOGY)",C,NO CLAUSES INCLUDED AND NO SUSTAINABILITY INCLUDED,D,FOREIGN-OWNED BUSINESS NOT INCORPORATED IN THE U.S.,000,NONE,Z,NOT IT PRODUCTS OR SERVICES,E,NOT REQUIRED,USA,UNITED STATES,C,NOT A MANUFACTURED END PRODUCT,B,PLAN NOT REQUIRED,A,FULL AND OPEN COMPETITION,NP,NEGOTIATED PROPOSAL/QUOTE,NONE,NO SET ASIDE USED.,NONE,NO PREFERENCE USED,,,,,,,999,D,COMMERCIAL ITEM PROCEDURES NOT USED,f,N,NO,N,NO,X,NOT APPLICABLE,N,NO,0.00,N,NO,X,NOT APPLICABLE,X,NOT APPLICABLE,X,NOT APPLICABLE,X,NOT APPLICABLE,,,,,,,,NONE,NONE,N,NO,X,NOT APPLICABLE EXEMPT FROM CAS,N,TRANSACTION DOES NOT USE GFE/GFP,U,UNKNOWN,D,NOT CONSOLIDATED,Y,YES - SERVICE WHERE PBA IS USED.,N,NO,Z,NOT APPLICABLE,N,NO,X,NOT APPLICABLE,f,f,f,f,f,f,f,f,f,f,f,f,f,f,f,f,f,f,f,OTHER THAN SMALL BUSINESS,O,f,f,f,f,f,f,f,f,f,f,f,f,f,f,f,f,f,CORPORATE NOT TAX EXEMPT,t,f,f,f,f,f,f,f,f,f,f,f,t,f,f,f,f,t,f,f,f,f,f,f,f,f,f,f,t,f,f,f,f,f,f,f,f,f,f,f,f,f,f,f,f,f,f,f,f,f,,,,,,,,,,,https://www.usaspending.gov/award/CONT_AWD_FA955019C7001_9700_-NONE-_-NONE-/,2021-08-18 10:58:14+00
CONT_AWD_H9240321C0003_9700_-NONE-_-NONE-,H9240321C0003,,,,,,,,,322907.70,,322907.70,322907.70,2020-11-23,2021,2021-08-18,2021,2020-11-23,2021-10-01,2021-10-01 00:00:00,,2020-09-02,097,Department of Defense,97ZS,U.S. Special Operations Command,H92403,HQ USSOCOM,097,Department of Defense,97ZS,U.S. Special Operations Command,H92403,HQ USSOCOM,,,,,X,NOT APPLICABLE,,,E14MK2BXGJA7,601449515,BLACK HILLS AMMUNITION INC,"BLACK HILLS AMMUNITION, INC.",,0MCU7,E14MK2BXGJA7,601449515,BLACK HILLS AMMUNITION INC,BLACK HILLS AMMUNITION  INC.,USA,UNITED STATES,1699 SEDIVY LN,,RAPID CITY,46103,PENNINGTON,46,SD,SOUTH DAKOTA,577034177,SD-00,SD-00,6053485150,6053489827,USA,UNITED STATES,RAPID CITY,46103,PENNINGTON,46,SD,SOUTH DAKOTA,577034177,SD-00,SD-00,AWARD,D,DEFINITIVE CONTRACT,,,,,,,J,FIRM FIXED PRICE,338 NORMA MAGNUM (NM) SURROGATE,,1,OT,OTHER FUNCTIONS,1305,"AMMUNITION, THROUGH 30MM",H,NOT BUNDLED,A6,AMMUNITION,332992,SMALL ARMS AMMUNITION MANUFACTURING,A,FAR 52.223-4 INCLUDED,A,U.S. OWNED BUSINESS,000,NONE,Z,NOT IT PRODUCTS OR SERVICES,A,MEETS REQUIREMENTS,USA,UNITED STATES,D,MFG IN U.S.,B,PLAN NOT REQUIRED,C,NOT COMPETED,SSS,ONLY ONE SOURCE,NONE,NO SET ASIDE USED.,NONE,NO PREFERENCE USED,,,,,ONE,ONLY ONE SOURCE-OTHER (FAR 6.302-1 OTHER),1,A,COMMERCIAL ITEM,f,N,NO,N,NO,N,NO,N,NO,0.00,N,NO,N,NO,N,NO,N,NO,X,NOT APPLICABLE,,,,,,,,NONE,NONE,N,NO,X,NOT APPLICABLE EXEMPT FROM CAS,N,TRANSACTION DOES NOT USE GFE/GFP,U,UNKNOWN,D,NOT CONSOLIDATED,X,NOT APPLICABLE,N,NO,Z,NOT APPLICABLE,N,NO,X,NOT APPLICABLE,f,f,f,f,f,f,f,t,t,f,f,f,f,f,f,f,f,f,f,SMALL BUSINESS,S,f,f,f,f,f,f,f,f,f,f,f,f,f,f,f,f,f,CORPORATE NOT TAX EXEMPT,t,f,f,f,f,f,f,f,f,f,f,f,f,f,f,f,f,t,f,f,f,f,f,f,f,t,f,f,t,f,f,f,f,f,f,f,f,f,f,f,f,f,f,f,f,f,f,f,f,f,,,,,,,,,,,https://www.usaspending.gov/award/CONT_AWD_H9240321C0003_9700_-NONE-_-NONE-/,2021-08-18 15:28:59+00
CONT_AWD_H9240421C0014_9700_-NONE-_-NONE-,H9240421C0014,,,,,,,,,462977.55,,462977.55,1851910.20,2021-08-23,2021,2021-08-23,2021,2021-08-23,2022-09-09,2025-09-09 00:00:00,,2021-07-07,097,Department of Defense,97ZS,U.S. Special Operations Command,H92404,HQ USSOCOM,097,Department of Defense,97ZS,U.S. Special Operations Command,H92404,HQ USSOCOM,,,,,X,NOT APPLICABLE,,,JAXJSTJJSP74,,"RTX BBN TECHNOLOGIES, INC.",RAYTHEON BBN TECHNOLOGIES CORP.,,3U6L5,PPLZG8J3N9D4,,RTX CORP,RAYTHEON COMPANY,USA,UNITED STATES,10 MOULTON ST,,CAMBRIDGE,25017,MIDDLESEX,25,MA,MASSACHUSETTS,021381119,MA-05,MA-05,6178735587,,USA,UNITED STATES,TAMPA,12057,HILLSBOROUGH,12,FL,FLORIDA,336215313,FL-14,FL-14,AWARD,D,DEFINITIVE CONTRACT,,,,,,,J,FIRM FIXED PRICE,SOCOM BBN MULTIMEDIA MONITORING SYSTEM,H9240421R0014,1,OT,OTHER FUNCTIONS,7J20,IT AND TELECOM - SECURITY AND COMPLIANCE PRODUCTS (HARDWARE AND PERPETUAL LICENSE SOFTWARE),H,NOT BUNDLED,A7,ELECTRONICS AND COMMUNICATION EQUIPMENT,541519,OTHER COMPUTER RELATED SERVICES,C,NO CLAUSES INCLUDED AND NO SUSTAINABILITY INCLUDED,A,U.S. OWNED BUSINESS,000,NONE,A,COMMERCIALLY AVAILABLE,A,MEETS REQUIREMENTS,USA,UNITED STATES,D,MFG IN U.S.,B,PLAN NOT REQUIRED,G,NOT COMPETED UNDER SAP,SP1,SIMPLIFIED ACQUISITION,NONE,NO SET ASIDE USED.,NONE,NO PREFERENCE USED,,,,,SP2,SAP NON-COMPETITION (FAR 13),1,A,COMMERCIAL ITEM,f,Y,YES,N,NO,Y,YES,N,NO,0.00,N,NO,N,NO,X,NOT APPLICABLE,X,NOT APPLICABLE,X,NOT APPLICABLE,,,,,,,,NONE,NONE,N,NO,X,NOT APPLICABLE EXEMPT FROM CAS,N,TRANSACTION DOES NOT USE GFE/GFP,U,UNKNOWN,D,NOT CONSOLIDATED,X,NOT APPLICABLE,N,NO,Z,NOT APPLICABLE,N,NO,X,NOT APPLICABLE,f,f,f,f,f,f,f,f,f,f,f,f,f,f,f,f,f,f,f,OTHER THAN SMALL BUSINESS,O,f,f,f,f,f,f,f,f,f,f,f,f,f,f,f,f,f,CORPORATE NOT TAX EXEMPT,t,f,f,f,f,f,f,f,f,f,f,f,f,f,f,f,f,t,f,f,f,f,f,f,f,f,f,f,t,f,f,f,f,f,f,f,f,f,f,f,f,f,f,f,f,f,f,f,f,f,,,,,,,,,,,https://www.usaspending.gov/award/CONT_AWD_H9240421C0014_9700_-NONE-_-NONE-/,2025-01-31 09:32:17+00
CONT_AWD_HQ003419C0176_9700_-NONE-_-NONE-,HQ003419C0176,,,,Q: Not Designated Nonemergency/Emergency/Disaster/Wildfire Suppression,,,,,307049.76,34116.64,307049.76,307049.76,2019-09-26,2019,2021-08-20,2021,2019-09-29,2022-09-28,2022-09-28 00:00:00,,,097,Department of Defense,97F5,Washington Headquarters Services,HQ0034,WASHINGTON HEADQUARTERS SERVICES,097,Department of Defense,97F5,Washington Headquarters Services,HQ0193,WHS HISTORIANS OFFICE,097-2019/2019-0100-000;097-2020/2020-0100-000,097-0100,25.1: Advisory and assistance services,OPTN: FIELD IS OPTIONAL PRIOR TO FY21,X,NOT APPLICABLE,,,YX9YVNJEBL75,057641750,ANDREW BUTRICA,"BUTRICA, ANDREW",,1KMY3,YX9YVNJEBL75,057641750,ANDREW BUTRICA,BUTRICA  ANDREW,USA,UNITED STATES,5225 POOKS HILL RD APT 913S,,BETHESDA,24031,MONTGOMERY,24,MD,MARYLAND,208146716,MD-08,MD-08,3016563486,3016563486,USA,UNITED STATES,WASHINGTON,11001,DISTRICT OF COLUMBIA,11,DC,DISTRICT OF COLUMBIA,203011155,DC-98,DC-98,AWARD,D,DEFINITIVE CONTRACT,,,,,,,J,FIRM FIXED PRICE,PUBLICATIONS RESEARCH ASST SPPT. SRVS.,HQ003419R0265,1,OT,OTHER FUNCTIONS,R499,SUPPORT- PROFESSIONAL: OTHER,H,NOT BUNDLED,S1,SERVICES,541720,RESEARCH AND DEVELOPMENT IN THE SOCIAL SCIENCES AND HUMANITIES,C,NO CLAUSES INCLUDED AND NO SUSTAINABILITY INCLUDED,A,U.S. OWNED BUSINESS,000,NONE,Z,NOT IT PRODUCTS OR SERVICES,E,NOT REQUIRED,USA,UNITED STATES,C,NOT A MANUFACTURED END PRODUCT,B,PLAN NOT REQUIRED,F,COMPETED UNDER SAP,SP1,SIMPLIFIED ACQUISITION,SBA,SMALL BUSINESS SET ASIDE - TOTAL,NONE,NO PREFERENCE USED,,,,,,,9,A,COMMERCIAL ITEM,f,N,NO,N,NO,Y,YES,N,NO,0.00,N,NO,N,NO,N,NO,N,NO,X,NOT APPLICABLE,,,,,,,,NONE,NONE,N,NO,X,NOT APPLICABLE EXEMPT FROM CAS,N,TRANSACTION DOES NOT USE GFE/GFP,U,UNKNOWN,D,NOT CONSOLIDATED,Y,YES - SERVICE WHERE PBA IS USED.,N,NO,Z,NOT APPLICABLE,N,NO,X,NOT APPLICABLE,f,f,f,f,f,f,f,f,f,f,f,f,f,f,f,f,f,f,f,SMALL BUSINESS,S,f,f,f,f,f,f,f,f,f,f,f,f,f,f,f,f,f,SOLE PROPRIETORSHIP,f,f,f,t,f,f,f,f,f,f,f,f,f,f,f,f,f,t,f,f,f,f,f,f,f,f,f,f,t,f,f,f,f,f,f,f,f,f,f,f,f,f,f,f,f,f,f,f,f,f,,,,,,,,,,,https://www.usaspending.gov/award/CONT_AWD_HQ003419C0176_9700_-NONE-_-NONE-/,2021-08-20 08:40:51+00
CONT_AWD_HQ003419C0188_9700_-NONE-_-NONE-,HQ003419C0188,,,,,,,,,2355288.57,,2355288.57,2355288.57,2019-09-30,2019,2021-08-24,2021,2019-09-30,2021-08-27,2021-08-27 00:00:00,,2019-09-04,097,Department of Defense,97F5,Washington Headquarters Services,HQ0034,WASHINGTON HEADQUARTERS SERVICES,097,Department of Defense,97F5,Washington Headquarters Services,HQ0700,COMMANDER,,,,,X,NOT APPLICABLE,,,VT9LNBB822A4,078312077,"CHEROKEE NATION ENVIRONMENTAL SOLUTIONS, L.L.C.","CHEROKEE NATION ENVIRONMENTAL SOLUTIONS, L.L.C.",,6YTD7,VT9LNBB822A4,078312077,"CHEROKEE NATION ENVIRONMENTAL SOLUTIONS, L.L.C.",CHEROKEE NATION ENVIRONMENTAL SOLUTIONS  L.L.C.,USA,UNITED STATES,10838 E MARSHALL ST STE 220 D,,TULSA,40143,TULSA,40,OK,OKLAHOMA,741165682,OK-01,OK-01,9184303463,9185837948,USA,UNITED STATES,FAIRFIELD,42001,ADAMS,42,PA,PENNSYLVANIA,173208922,PA-13,PA-13,AWARD,D,DEFINITIVE CONTRACT,,,,,,,J,FIRM FIXED PRICE,DESIGN BUILD CONSTRUCTION OF A WASTE WATER FACILITY STORAGE BUILDING AND UPGRADES TO FACILITY SECURITY SYSTEMS.,HQ003419R0338,1,OT,OTHER FUNCTIONS,Y1AZ,CONSTRUCTION OF OTHER ADMINISTRATIVE FACILITIES AND SERVICE BUILDINGS,H,NOT BUNDLED,C2,CONSTRUCTION,237130,POWER AND COMMUNICATION LINE AND RELATED STRUCTURES CONSTRUCTION,L,FAR 52.223-4 & BIO-BASED & ENERGY EFFICIENT & ENVIRONMENTALLY PREFERABLE,A,U.S. OWNED BUSINESS,000,NONE,Z,NOT IT PRODUCTS OR SERVICES,A,MEETS REQUIREMENTS,USA,UNITED STATES,C,NOT A MANUFACTURED END PRODUCT,B,PLAN NOT REQUIRED,B,NOT AVAILABLE FOR COMPETITION,SSS,ONLY ONE SOURCE,8AN,8(A) SOLE SOURCE,NONE,NO PREFERENCE USED,,,,,OTH,AUTHORIZED BY STATUTE (FAR 6.302-5(A)(2)(I)),1,D,COMMERCIAL ITEM PROCEDURES NOT USED,f,N,NO,N,NO,N,NO,N,NO,0.00,Y,YES,N,NO,N,NO,Y,YES,X,NOT APPLICABLE,,,,,,,,NONE,NONE,N,NO,X,NOT APPLICABLE EXEMPT FROM CAS,N,TRANSACTION DOES NOT USE GFE/GFP,U,UNKNOWN,D,NOT CONSOLIDATED,N,NO - SERVICE WHERE PBA IS NOT USED.,N,NO,C,PERCENTAGE OF COMPLETION PROGRESS PAYMENTS,N,NO,X,NOT APPLICABLE,f,t,f,f,t,f,f,f,f,f,f,f,t,f,f,f,f,t,f,SMALL BUSINESS,S,f,f,f,f,f,f,f,f,f,f,f,f,f,f,f,f,f,CORPORATE NOT TAX EXEMPT,t,f,f,f,f,f,f,f,f,f,f,f,f,f,f,f,f,t,f,f,f,f,f,f,f,f,t,f,t,f,f,f,f,f,f,f,f,f,f,f,f,f,f,f,f,t,f,t,t,f,,,,,,,,,,,https://www.usaspending.gov/award/CONT_AWD_HQ003419C0188_9700_-NONE-_-NONE-/,2021-08-24 16:45:33+00
CONT_AWD_HQ003420C0159_9700_-NONE-_-NONE-,HQ003420C0159,,,,Q: Not Designated Nonemergency/Emergency/Disaster/Wildfire Suppression,,,,,123864.00,0.00,123864.00,123864.00,2020-09-22,2020,2021-08-19,2021,2020-09-23,2021-09-21,2021-09-21 00:00:00,,2020-09-17,097,Department of Defense,97F5,Washington Headquarters Services,HQ0034,WASHINGTON HEADQUARTERS SERVICES,097,Department of Defense,97F5,Washington Headquarters Services,HQ0034,WASHINGTON HEADQUARTERS SERVICES,097-2020/2021-0111-000,097-0111,25.1: Advisory and assistance services,OPTN: FIELD IS OPTIONAL PRIOR TO FY21,X,NOT APPLICABLE,,,M2M1NJSD9FD3,117014263,THINK ACQUISITION LLC,"RANDOLPH JR, WILLIAM C.",,89V37,M2M1NJSD9FD3,117014263,THINK ACQUISITION LLC,RANDOLPH JR  WILLIAM C.,USA,UNITED STATES,216 N FIRST ST,,HAMPTON,51650,HAMPTON (CITY),51,VA,VIRGINIA,236641402,VA-03,VA-03,7038196192,,USA,UNITED STATES,ALEXANDRIA,51510,ALEXANDRIA CITY,51,VA,VIRGINIA,223500002,VA-08,VA-08,AWARD,D,DEFINITIVE CONTRACT,,,,,,,J,FIRM FIXED PRICE,THINK ACQUISITION TRAINING PROGRAM,HQ003420R0400,1,OT,OTHER FUNCTIONS,U008,EDUCATION/TRAINING- TRAINING/CURRICULUM DEVELOPMENT,H,NOT BUNDLED,S1,SERVICES,611430,PROFESSIONAL AND MANAGEMENT DEVELOPMENT TRAINING,C,NO CLAUSES INCLUDED AND NO SUSTAINABILITY INCLUDED,A,U.S. OWNED BUSINESS,000,NONE,Z,NOT IT PRODUCTS OR SERVICES,E,NOT REQUIRED,USA,UNITED STATES,C,NOT A MANUFACTURED END PRODUCT,B,PLAN NOT REQUIRED,D,FULL AND OPEN COMPETITION AFTER EXCLUSION OF SOURCES,NP,NEGOTIATED PROPOSAL/QUOTE,SBA,SMALL BUSINESS SET ASIDE - TOTAL,NONE,NO PREFERENCE USED,,,,,BND,BRAND NAME DESCRIPTION (FAR 6.302-1(C)),1,A,COMMERCIAL ITEM,f,N,NO,N,NO,Y,YES,N,NO,0.00,N,NO,X,NOT APPLICABLE,X,NOT APPLICABLE,X,NOT APPLICABLE,X,NOT APPLICABLE,,,,,,,,NONE,NONE,N,NO,X,NOT APPLICABLE EXEMPT FROM CAS,N,TRANSACTION DOES NOT USE GFE/GFP,U,UNKNOWN,D,NOT CONSOLIDATED,Y,YES - SERVICE WHERE PBA IS USED.,N,NO,Z,NOT APPLICABLE,N,NO,X,NOT APPLICABLE,f,f,f,f,f,t,t,f,f,f,f,f,t,f,f,t,f,f,f,SMALL BUSINESS,S,f,f,f,f,f,f,f,f,f,f,f,f,f,f,f,f,f,CORPORATE NOT TAX EXEMPT,t,f,f,f,f,f,f,f,f,f,f,f,f,f,f,f,f,t,f,f,f,f,f,f,f,f,t,f,t,f,f,f,f,f,f,f,f,f,f,f,f,f,f,f,f,t,f,f,f,f,,,,,,,,,,,https://www.usaspending.gov/award/CONT_AWD_HQ003420C0159_9700_-NONE-_-NONE-/,2021-08-19 16:25:09+00
CONT_AWD_HQ014715F0003_9700_-NONE-_-NONE-,HQ014715F0003,,,,Q: Not Designated Nonemergency/Emergency/Disaster/Wildfire Suppression,,,,,15072631.68,268126.09,15582037.46,15582037.46,2014-11-24,2015,2021-08-18,2021,2014-12-01,2020-05-31,2020-05-31 00:00:00,,,097,Department of Defense,97JC,Missile Defense Agency,HQ0858,MISSILE DEFENSE AGENCY (MDA),097,Department of Defense,97JC,Missile Defense Agency,HQ0147,MISSILE DEFENSE AGENCY (MDA),097-2015/2016-0400-000;097-2018/2019-0400-000;097-2019/2020-0400-000;097-2020/2021-0400-000,097-0400,25.1: Advisory and assistance services;25.4: Operation and maintenance of facilities,0002: APPLIED RESEARCH;0003: ADVANCED TECHNOLOGY DEVELOPMENT;OPTN: FIELD IS OPTIONAL PRIOR TO FY21,X,NOT APPLICABLE,,,L75EWKZBQY35,028063048,HUNTSVILLE REHABILITATION FOUNDATION,HUNTSVILLE REHABILITATION FOUNDATION,,6H262,L75EWKZBQY35,028063048,HUNTSVILLE REHABILITATION FOUNDATION,HUNTSVILLE REHABILITATION FOUNDATION,USA,UNITED STATES,2939 JOHNSON RD SW,,HUNTSVILLE,01089,MADISON,01,AL,ALABAMA,358055844,AL-05,AL-05,2568800671,2568802149,USA,UNITED STATES,FORT BELVOIR,51059,FAIRFAX,51,VA,VIRGINIA,220606241,VA-08,VA-08,AWARD,D,DEFINITIVE CONTRACT,,,,,,,J,FIRM FIXED PRICE,"IGF::OT::IGF THE CONTRACTOR SHALL PROVIDE ALL LABOR, MANAGEMENT, SUPERVISION, EQUIPMENT, AND SUPPLIES REQUIRED TO OPERATE MDA CUSTODIAL SERVICES IN MULTIPLE LOCATIONS TO MAINTAIN FACILITIES WHICH PRESENT A CLEAN, NEAT, AND PROFESSIONAL APPEARANCE.",HQ014715T0003,1,OT,OTHER FUNCTIONS,S201,HOUSEKEEPING- CUSTODIAL JANITORIAL,D,NOT A BUNDLED REQUIREMENT,S1,SERVICES,561720,JANITORIAL SERVICES,C,NO CLAUSES INCLUDED AND NO SUSTAINABILITY INCLUDED,A,U.S. OWNED BUSINESS,CAA,MDA SUPPORT,Z,NOT IT PRODUCTS OR SERVICES,E,NOT REQUIRED,USA,UNITED STATES,C,NOT A MANUFACTURED END PRODUCT,B,PLAN NOT REQUIRED,C,NOT COMPETED,SSS,ONLY ONE SOURCE,NONE,NO SET ASIDE USED.,NONE,NO PREFERENCE USED,,,,,FOC,FOLLOW-ON CONTRACT (FAR 6.302-1(A)(2)(II/III)),1,A,COMMERCIAL ITEM,f,N,NO,N,NO,Y,YES,N,NO,0.00,N,NO,N,NO,Y,YES,N,NO,X,NOT APPLICABLE,,,,,,,,NONE,NONE,Y,YES,X,NOT APPLICABLE EXEMPT FROM CAS,N,TRANSACTION DOES NOT USE GFE/GFP,U,UNKNOWN,N,NO,Y,YES - SERVICE WHERE PBA IS USED.,N,NO,Z,NOT APPLICABLE,N,NO,X,NOT APPLICABLE,f,f,f,f,f,f,f,f,f,f,f,f,f,f,f,f,f,f,f,OTHER THAN SMALL BUSINESS,O,f,f,f,f,f,f,f,f,f,f,f,f,f,f,f,f,f,CORPORATE TAX EXEMPT,f,t,f,f,f,f,f,f,f,f,f,f,t,f,f,f,f,t,f,f,f,f,f,f,f,f,f,f,f,t,f,t,f,f,f,f,f,f,f,f,f,f,f,f,f,f,f,f,f,f,,,,,,,,,,,https://www.usaspending.gov/award/CONT_AWD_HQ014715F0003_9700_-NONE-_-NONE-/,2021-08-18 12:33:26+00
CONT_AWD_HQ014716C6000_9700_-NONE-_-NONE-,HQ014716C6000,,,,,,,,,565017.06,,584950.00,584950.00,2015-12-22,2016,2021-08-18,2021,2015-12-22,2019-03-21,2019-03-21 00:00:00,,,097,Department of Defense,97JC,Missile Defense Agency,HQ0147,MISSILE DEFENSE AGENCY (MDA),097,Department of Defense,97JC,Missile Defense Agency,HQ0147,MISSILE DEFENSE AGENCY (MDA),,,,,X,NOT APPLICABLE,,,FTMTDMBR29C7,001910777,THE JOHNS HOPKINS UNIVERSITY,"JOHNS HOPKINS UNIVERSITY, THE",,5L406,FTMTDMBR29C7,001910777,THE JOHNS HOPKINS UNIVERSITY,JOHNS HOPKINS UNIVERSITY,USA,UNITED STATES,3400 N CHARLES ST W400 WYMAN PARK BLDG,,BALTIMORE,24510,BALTIMORE (CITY),24,MD,MARYLAND,212182680,MD-07,MD-07,4105168444,4105167775,USA,UNITED STATES,BALTIMORE,24510,BALTIMORE CITY,24,MD,MARYLAND,212182680,MD-07,MD-07,AWARD,D,DEFINITIVE CONTRACT,,,,,,,S,COST NO FEE,IGF::OT::IGF   RESEARCH&DEVELOPMENT,HQ014716Q6011,1,OT,OTHER FUNCTIONS,AC23,NATIONAL DEFENSE R&D SERVICES; ATOMIC ENERGY DEFENSE ACTIVITIES; EXPERIMENTAL DEVELOPMENT,D,NOT A BUNDLED REQUIREMENT,A2,MISSILE AND SPACE SYSTEMS,541712,"RESEARCH AND DEVELOPMENT IN THE PHYSICAL, ENGINEERING, AND LIFE SCIENCES (EXCEPT BIOTECHNOLOGY)",C,NO CLAUSES INCLUDED AND NO SUSTAINABILITY INCLUDED,A,U.S. OWNED BUSINESS,CAA,MDA SUPPORT,Z,NOT IT PRODUCTS OR SERVICES,E,NOT REQUIRED,USA,UNITED STATES,C,NOT A MANUFACTURED END PRODUCT,B,PLAN NOT REQUIRED,A,FULL AND OPEN COMPETITION,BR,BASIC RESEARCH,NONE,NO SET ASIDE USED.,NONE,NO PREFERENCE USED,,,,,,,1,D,COMMERCIAL ITEM PROCEDURES NOT USED,f,N,NO,N,NO,Y,YES,N,NO,0.00,N,NO,N,NO,N,NO,N,NO,X,NOT APPLICABLE,,,,,,,,NONE,NONE,N,NO,Y,YES - CAS CLAUSE INCLUDED,N,TRANSACTION DOES NOT USE GFE/GFP,U,UNKNOWN,N,NO,Y,YES - SERVICE WHERE PBA IS USED.,N,NO,Z,NOT APPLICABLE,N,NO,X,NOT APPLICABLE,f,f,f,f,f,f,f,f,f,f,f,f,f,f,f,f,f,f,f,OTHER THAN SMALL BUSINESS,O,f,f,f,f,f,f,f,f,f,f,f,f,f,f,f,f,f,CORPORATE TAX EXEMPT,f,t,f,f,f,f,f,f,f,t,f,f,f,f,f,f,f,t,f,f,f,f,f,f,f,f,f,f,f,t,f,f,t,f,f,f,f,f,f,f,f,f,f,f,f,f,f,f,f,f,,,,,,,,,,,https://www.usaspending.gov/award/CONT_AWD_HQ014716C6000_9700_-NONE-_-NONE-/,2021-08-18 09:44:17+00
CONT_AWD_HQ014717C7415_9700_-NONE-_-NONE-,HQ014717C7415,,,,,,,,,999870.51,,999870.51,999870.51,2017-07-18,2017,2021-08-24,2021,2017-07-18,2020-01-17,2020-01-17 00:00:00,,,097,Department of Defense,97JC,Missile Defense Agency,HQ0860,MISSILE DEFENSE AGENCY (MDA),097,Department of Defense,97JC,Missile Defense Agency,HQ0860,MISSILE DEFENSE AGENCY (MDA),,,,,X,NOT APPLICABLE,,,X7KGA99EEDX5,195754056,TANNER RESEARCH INC,"TANNER RESEARCH, INC.",,0EV37,X7KGA99EEDX5,195754056,TANNER RESEARCH INC,TANNER RESEARCH  INC.,USA,UNITED STATES,825 S MYRTLE AVE,,MONROVIA,06037,LOS ANGELES,06,CA,CALIFORNIA,910163424,CA-32,CA-31,6264719700,6264719800,USA,UNITED STATES,MONROVIA,06037,LOS ANGELES,06,CA,CALIFORNIA,910163424,CA-32,CA-31,AWARD,D,DEFINITIVE CONTRACT,,,,,,,U,COST PLUS FIXED FEE,IGF::OT::IGF SBIR/STTR PHASE II R&D,,1,OT,OTHER FUNCTIONS,AC22,NATIONAL DEFENSE R&D SERVICES; ATOMIC ENERGY DEFENSE ACTIVITIES; APPLIED RESEARCH,H,NOT BUNDLED,A2,MISSILE AND SPACE SYSTEMS,541712,"RESEARCH AND DEVELOPMENT IN THE PHYSICAL, ENGINEERING, AND LIFE SCIENCES (EXCEPT BIOTECHNOLOGY)",C,NO CLAUSES INCLUDED AND NO SUSTAINABILITY INCLUDED,A,U.S. OWNED BUSINESS,CAA,MDA SUPPORT,Z,NOT IT PRODUCTS OR SERVICES,E,NOT REQUIRED,USA,UNITED STATES,C,NOT A MANUFACTURED END PRODUCT,B,PLAN NOT REQUIRED,D,FULL AND OPEN COMPETITION AFTER EXCLUSION OF SOURCES,NP,NEGOTIATED PROPOSAL/QUOTE,SBA,SMALL BUSINESS SET ASIDE - TOTAL,NONE,NO PREFERENCE USED,SR2,SMALL BUSINESS INNOVATION RESEARCH PROGRAM PHASE II ACTION,,,,,1,D,COMMERCIAL ITEM PROCEDURES NOT USED,f,N,NO,N,NO,X,NOT APPLICABLE,N,NO,0.00,N,NO,X,NOT APPLICABLE,X,NOT APPLICABLE,X,NOT APPLICABLE,X,NOT APPLICABLE,,,,,,,,NONE,NONE,N,NO,X,NOT APPLICABLE EXEMPT FROM CAS,N,TRANSACTION DOES NOT USE GFE/GFP,U,UNKNOWN,D,NOT CONSOLIDATED,N,NO - SERVICE WHERE PBA IS NOT USED.,N,NO,Z,NOT APPLICABLE,N,NO,X,NOT APPLICABLE,f,f,f,f,f,f,f,f,f,f,f,f,f,f,f,f,f,f,f,SMALL BUSINESS,S,f,f,f,f,f,f,f,f,f,f,f,f,f,f,f,f,f,CORPORATE NOT TAX EXEMPT,t,f,f,f,f,f,f,f,f,f,f,f,f,f,f,f,f,t,f,f,f,f,f,f,f,f,f,f,t,f,f,f,f,f,f,f,f,f,f,f,f,f,f,f,f,f,f,f,f,f,,,,,,,,,,,https://www.usaspending.gov/award/CONT_AWD_HQ014717C7415_9700_-NONE-_-NONE-/,2021-08-24 16:35:23+00
CONT_AWD_HQ042315C0008_9700_-NONE-_-NONE-,HQ042315C0008,,,,,,,,,17780167.02,,17780167.02,17780167.02,2015-03-30,2015,2021-08-18,2021,2015-04-01,2020-09-30,2020-09-30 00:00:00,,,097,Department of Defense,97BZ,Defense Finance and Accounting Service,HQ0423,DEFENSE FINANCE AND ACCOUNTING SVC,097,Department of Defense,97BZ,Defense Finance and Accounting Service,HQ0243,DFAS-FINANCIAL SYSTEMS ACTIVITY,,,,,X,NOT APPLICABLE,,,NML3JFNVEAW6,,"AVAYA FEDERAL SOLUTIONS, INC.","AVAYA FEDERAL SOLUTIONS, INC.",,4NGZ0,YFLJMZFMHU81,,AVAYA HOLDINGS CORP.,AVAYA FEDERAL SOLUTIONS  INC.,USA,UNITED STATES,12730 FAIR LAKES CIRCLE,,FAIRFAX,51059,FAIRFAX,51,VA,VIRGINIA,220334901,VA-11,VA-11,7033908276,7033908276,USA,UNITED STATES,CLEVELAND,39035,CUYAHOGA,39,OH,OHIO,441992055,OH-11,OH-11,AWARD,D,DEFINITIVE CONTRACT,,,,,,,J,FIRM FIXED PRICE,ENTERPRICE PRIVATE BRANCH EXCHANGE SOFTWARE MAINTENANCE.,,1,,,7030,INFORMATION TECHNOLOGY SOFTWARE,D,NOT A BUNDLED REQUIREMENT,C9E,ALL OTHERS NOT IDENTIFIABLE TO ANY OTHER PROCUREMENT PROGRAM,541511,CUSTOM COMPUTER PROGRAMMING SERVICES,C,NO CLAUSES INCLUDED AND NO SUSTAINABILITY INCLUDED,A,U.S. OWNED BUSINESS,000,NONE,A,COMMERCIALLY AVAILABLE,A,MEETS REQUIREMENTS,USA,UNITED STATES,D,MFG IN U.S.,B,PLAN NOT REQUIRED,C,NOT COMPETED,SSS,ONLY ONE SOURCE,NONE,NO SET ASIDE USED.,NONE,NO PREFERENCE USED,,,,,BND,BRAND NAME DESCRIPTION (FAR 6.302-1(C)),1,A,COMMERCIAL ITEM,f,N,NO,N,NO,Y,YES,N,NO,0.00,N,NO,N,NO,N,NO,N,NO,X,NOT APPLICABLE,,,,,,,,NONE,NONE,N,NO,X,NOT APPLICABLE EXEMPT FROM CAS,N,TRANSACTION DOES NOT USE GFE/GFP,N,NO,N,NO,X,NOT APPLICABLE,N,NO,Z,NOT APPLICABLE,N,NO,X,NOT APPLICABLE,f,f,f,f,f,f,f,f,f,f,f,f,f,f,f,f,f,f,f,OTHER THAN SMALL BUSINESS,O,f,f,f,f,f,f,f,f,f,f,f,f,f,f,f,f,f,CORPORATE NOT TAX EXEMPT,t,f,f,f,f,f,f,f,f,f,f,f,f,f,f,f,f,t,f,f,f,f,f,f,f,f,f,f,t,f,f,f,f,f,f,f,f,f,f,f,f,f,f,f,f,f,f,f,f,f,PATRICK  DENNIS,9248424.00,MARYLOU  MACO,3395330.00,AMY  O'KEEFE,3255868.00,SOREN  ABILDGAARD,2677993.00,ALAN B MASAREK,2527119.00,https://www.usaspending.gov/award/CONT_AWD_HQ042315C0008_9700_-NONE-_-NONE-/,2025-04-22 16:50:17+00
CONT_AWD_HQ085120C0003_9700_-NONE-_-NONE-,HQ085120C0003,,,,Q: Not Designated Nonemergency/Emergency/Disaster/Wildfire Suppression,,,,,3715526.00,2477017.34,3715526.00,3715526.00,2020-02-26,2020,2021-08-19,2021,2020-02-26,2021-06-30,2021-06-30 00:00:00,,2019-12-16,097,Department of Defense,97JC,Missile Defense Agency,HQ0851,MISSILE DEFENSE AGENCY (MDA),097,Department of Defense,97JC,Missile Defense Agency,HQ0851,MISSILE DEFENSE AGENCY (MDA),097-2018/2020-0300-000,097-0300,25.7: Operation and maintenance of equipment,0002: SPECIAL OPERATIONS COMMAND;OPTN: FIELD IS OPTIONAL PRIOR TO FY21,X,NOT APPLICABLE,,,PMV4LNEN45Z1,078359898,AEROJET ROCKETDYNE INC,"AEROJET ROCKETDYNE, INC.",,2D389,F8F5V4MJ2KX2,001316330,"AEROJET ROCKETDYNE HOLDINGS, INC.",AEROJET ROCKETDYNE HOLDI,USA,UNITED STATES,950 EXPLORER BLVD NW,,HUNTSVILLE,01089,MADISON,01,AL,ALABAMA,358062808,AL-05,AL-05,2569225441,,USA,UNITED STATES,HUNTSVILLE,01089,MADISON,01,AL,ALABAMA,358063612,AL-05,AL-05,AWARD,D,DEFINITIVE CONTRACT,,,,,,,J,FIRM FIXED PRICE,TEST CHAMBER REASSEMBLY,HQ085120R0001,1,OT,OTHER FUNCTIONS,J014,MAINT/REPAIR/REBUILD OF EQUIPMENT- GUIDED MISSILES,H,NOT BUNDLED,C9E,ALL OTHERS NOT IDENTIFIABLE TO ANY OTHER PROCUREMENT PROGRAM,336419,OTHER GUIDED MISSILE AND SPACE VEHICLE PARTS AND AUXILIARY EQUIPMENT MANUFACTURING,C,NO CLAUSES INCLUDED AND NO SUSTAINABILITY INCLUDED,A,U.S. OWNED BUSINESS,257,HC/MC-130 RECAP,Z,NOT IT PRODUCTS OR SERVICES,E,NOT REQUIRED,USA,UNITED STATES,C,NOT A MANUFACTURED END PRODUCT,F,INDIVIDUAL SUBCONTRACT PLAN,C,NOT COMPETED,SSS,ONLY ONE SOURCE,NONE,NO SET ASIDE USED.,NONE,NO PREFERENCE USED,,,,,ONE,ONLY ONE SOURCE-OTHER (FAR 6.302-1 OTHER),1,D,COMMERCIAL ITEM PROCEDURES NOT USED,f,N,NO,N,NO,Y,YES,N,NO,0.00,N,NO,X,NOT APPLICABLE,X,NOT APPLICABLE,X,NOT APPLICABLE,X,NOT APPLICABLE,,,,,,,,NONE,NONE,Y,YES,Y,YES - CAS CLAUSE INCLUDED,N,TRANSACTION DOES NOT USE GFE/GFP,U,UNKNOWN,D,NOT CONSOLIDATED,N,NO - SERVICE WHERE PBA IS NOT USED.,N,NO,A,FAR 52.232-16 PROGRESS PAYMENTS,N,NO,X,NOT APPLICABLE,f,f,f,f,f,f,f,f,f,f,f,f,f,f,f,f,f,f,f,OTHER THAN SMALL BUSINESS,O,f,f,f,f,f,f,f,f,f,f,f,f,f,f,f,f,f,CORPORATE NOT TAX EXEMPT,t,f,f,f,f,f,f,f,f,f,f,f,t,f,f,f,f,t,f,f,f,f,f,f,f,f,f,f,t,f,f,f,f,f,f,f,f,f,f,f,f,f,f,f,f,f,f,f,f,f,,,,,,,,,,,https://www.usaspending.gov/award/CONT_AWD_HQ085120C0003_9700_-NONE-_-NONE-/,2021-08-19 15:53:50+00
CONT_AWD_HQC00717C0004_9700_-NONE-_-NONE-,HQC00717C0004,,,,,,,,,622146.60,,622146.60,622146.60,2017-09-29,2017,2021-08-23,2021,2017-09-30,2022-09-29,2022-09-29 00:00:00,,,097,Department of Defense,97AZ,Defense Commissary Agency,HQC007,DEFENSE COMMISSARY AGENCY,097,Department of Defense,97AZ,Defense Commissary Agency,HQC007,DEFENSE COMMISSARY AGENCY,,,,,X,NOT APPLICABLE,,,X1JJYEW4HAN9,789007064,FOUR LLC,FOUR LLC,,4M4Z2,X1JJYEW4HAN9,789007064,FOUR LLC,FOUR LLC,USA,UNITED STATES,12930 WORLDGATE DR STE 125,,HERNDON,51059,FAIRFAX,51,VA,VIRGINIA,201706033,VA-11,VA-11,7033045142,7038154882,USA,UNITED STATES,HERNDON,51059,FAIRFAX,51,VA,VIRGINIA,201706033,VA-11,VA-11,AWARD,D,DEFINITIVE CONTRACT,,,,,,,J,FIRM FIXED PRICE,QMULOS SOFTWARE LICENSES AND MAINTENANCE,HQC00717Q0034,1,,,7030,INFORMATION TECHNOLOGY SOFTWARE,H,NOT BUNDLED,C9E,ALL OTHERS NOT IDENTIFIABLE TO ANY OTHER PROCUREMENT PROGRAM,511210,SOFTWARE PUBLISHERS,C,NO CLAUSES INCLUDED AND NO SUSTAINABILITY INCLUDED,A,U.S. OWNED BUSINESS,000,NONE,A,COMMERCIALLY AVAILABLE,A,MEETS REQUIREMENTS,USA,UNITED STATES,D,MFG IN U.S.,B,PLAN NOT REQUIRED,B,NOT AVAILABLE FOR COMPETITION,SSS,ONLY ONE SOURCE,8AN,8(A) SOLE SOURCE,NONE,NO PREFERENCE USED,,,,,OTH,AUTHORIZED BY STATUTE (FAR 6.302-5(A)(2)(I)),1,A,COMMERCIAL ITEM,f,N,NO,N,NO,X,NOT APPLICABLE,N,NO,0.00,N,NO,X,NOT APPLICABLE,X,NOT APPLICABLE,X,NOT APPLICABLE,X,NOT APPLICABLE,,,,,,,,NONE,NONE,N,NO,X,NOT APPLICABLE EXEMPT FROM CAS,N,TRANSACTION DOES NOT USE GFE/GFP,U,UNKNOWN,D,NOT CONSOLIDATED,X,NOT APPLICABLE,N,NO,Z,NOT APPLICABLE,N,NO,X,NOT APPLICABLE,f,f,f,f,f,f,f,t,t,t,f,f,t,f,f,f,f,f,t,SMALL BUSINESS,S,f,f,f,f,f,f,f,f,f,f,f,f,f,f,f,f,f,PARTNERSHIP,f,f,t,f,f,f,f,f,f,f,f,f,f,f,f,f,f,t,f,f,f,f,f,f,f,f,t,f,t,f,f,f,f,f,f,f,f,f,f,f,f,f,f,f,f,t,f,t,f,f,,,,,,,,,,,https://www.usaspending.gov/award/CONT_AWD_HQC00717C0004_9700_-NONE-_-NONE-/,2021-08-23 13:26:58+00
CONT_AWD_HR001118C0012_9700_-NONE-_-NONE-,HR001118C0012,,,,Q: Not Designated Nonemergency/Emergency/Disaster/Wildfire Suppression,,,,,11507900.00,1514102.37,11507900.00,11507900.00,2017-11-30,2018,2021-08-23,2021,2017-11-30,2021-09-30,2021-09-30 00:00:00,,,097,Department of Defense,97AE,Defense Advanced Research Projects Agency,HR0011,DEF ADVANCED RESEARCH PROJECTS AGCY,097,Department of Defense,97AE,Defense Advanced Research Projects Agency,HR0011,DEF ADVANCED RESEARCH PROJECTS AGCY,097-2017/2018-0400-000;097-2018/2019-0400-000;097-2019/2020-0400-000;097-2020/2021-0400-000,097-0400,25.5: Research and development contracts,0001: BASIC RESEARCH;OPTN: FIELD IS OPTIONAL PRIOR TO FY21,X,NOT APPLICABLE,,,HJP4JZG1FUL9,002232973,LOCKHEED MARTIN CORPORATION,LOCKHEED MARTIN CORPORATION,,03640,ZFN2JJXBLZT3,834951691,LOCKHEED MARTIN CORP,LOCKHEED MARTIN CORPORATION,USA,UNITED STATES,1801 STATE RT 17 C,,OWEGO,36107,TIOGA,36,NY,NEW YORK,138273900,NY-23,NY-23,6077512353,6077412008,USA,UNITED STATES,OWEGO,36107,TIOGA,36,NY,NEW YORK,138273900,NY-23,NY-23,AWARD,D,DEFINITIVE CONTRACT,,,,,,,U,COST PLUS FIXED FEE,"THE SSITH PROGRAM EXPLORES A NEW APPROACH TO ADDRESS THE USE OF HARDWARE SECURITY ARCHITECTURES TO HELP PROTECT SYSTEMS AGAINST CLASSES OF HARDWARE VULNERABILITIES, RATHER THAN FOCUSING ON SINGLE INSTANCES OF SOFTWARE WEAKNESS THAT EXPLOIT THOSE VULNERABILITIES.",HR001117S0023,1,OT,OTHER FUNCTIONS,AD92,R&D- DEFENSE OTHER: OTHER (APPLIED RESEARCH/EXPLORATORY DEVELOPMENT),H,NOT BUNDLED,A7,ELECTRONICS AND COMMUNICATION EQUIPMENT,541715,"RESEARCH AND DEVELOPMENT IN THE PHYSICAL, ENGINEERING, AND LIFE SCIENCES (EXCEPT NANOTECHNOLOGY AND BIOTECHNOLOGY)",C,NO CLAUSES INCLUDED AND NO SUSTAINABILITY INCLUDED,A,U.S. OWNED BUSINESS,000,NONE,Z,NOT IT PRODUCTS OR SERVICES,E,NOT REQUIRED,USA,UNITED STATES,C,NOT A MANUFACTURED END PRODUCT,H,DOD COMPREHENSIVE SUBCONTRACT PLAN,A,FULL AND OPEN COMPETITION,BR,BASIC RESEARCH,NONE,NO SET ASIDE USED.,NONE,NO PREFERENCE USED,,,,,,,32,D,COMMERCIAL ITEM PROCEDURES NOT USED,f,N,NO,N,NO,Y,YES,N,NO,0.00,N,NO,X,NOT APPLICABLE,N,NO,X,NOT APPLICABLE,X,NOT APPLICABLE,,,,,,,,NONE,NONE,Y,YES,Y,YES - CAS CLAUSE INCLUDED,Y,TRANSACTION USES GFE/GFP,N,NO,D,NOT CONSOLIDATED,N,NO - SERVICE WHERE PBA IS NOT USED.,N,NO,Z,NOT APPLICABLE,N,NO,X,NOT APPLICABLE,f,f,f,f,f,f,f,f,f,f,f,f,f,f,f,f,f,f,f,OTHER THAN SMALL BUSINESS,O,f,f,f,f,f,f,f,f,f,f,f,f,f,f,f,f,f,CORPORATE NOT TAX EXEMPT,t,f,f,f,f,f,f,f,f,f,f,f,t,f,f,f,f,t,f,f,f,f,f,f,f,f,f,f,t,f,f,f,f,f,f,f,f,f,f,f,f,f,f,f,f,f,f,f,f,f,,,,,,,,,,,https://www.usaspending.gov/award/CONT_AWD_HR001118C0012_9700_-NONE-_-NONE-/,2021-08-23 17:24:41+00
CONT_AWD_HR001120C0052_9700_-NONE-_-NONE-,HR001120C0052,,,,,,,,,1484799.56,,1484799.56,1484799.56,2020-04-17,2020,2021-08-23,2021,2020-04-17,2021-08-31,2021-08-31 00:00:00,,2019-10-31,097,Department of Defense,97AE,Defense Advanced Research Projects Agency,HR0011,DEF ADVANCED RESEARCH PROJECTS AGCY,097,Department of Defense,97AE,Defense Advanced Research Projects Agency,HR0011,DEF ADVANCED RESEARCH PROJECTS AGCY,,,,,X,NOT APPLICABLE,,,K9DSMEZBT4G3,081060038,"AUGUSTUS AEROSPACE COMPANY, LLC",AUGUSTUS AEROSPACE COMPANY,,826C3,K9DSMEZBT4G3,081060038,"AUGUSTUS AEROSPACE COMPANY, LLC",AUGUSTUS AEROSPACE COMPANY,USA,UNITED STATES,7222 COMMERCE CENTER DR STE 180,,COLORADO SPRINGS,08041,EL PASO,08,CO,COLORADO,809192631,CO-05,CO-05,7207137277,,USA,UNITED STATES,COLORADO SPRINGS,08041,EL PASO,08,CO,COLORADO,809192631,CO-05,CO-05,AWARD,D,DEFINITIVE CONTRACT,,,,,,,J,FIRM FIXED PRICE,"GUNSMOKE PAYLOAD DEVELOPMENT, THE GOAL OF THIS PROJECT IS TO DEVELOP AND DEMONSTRATE TWO IDENTICAL DEMONSTRATION PAYLOADS THAT WILL BE CAPABLE OF COHERENTLY AND DYNAMICALLY SAMPLING ACROSS UP TO 2000 MHZ OF RADIO FREQUENCY (RF) SPECTRUM.",HR001120R0003,1,OT,OTHER FUNCTIONS,AD93,R&D- DEFENSE OTHER: OTHER (ADVANCED DEVELOPMENT),H,NOT BUNDLED,C9E,ALL OTHERS NOT IDENTIFIABLE TO ANY OTHER PROCUREMENT PROGRAM,541715,"RESEARCH AND DEVELOPMENT IN THE PHYSICAL, ENGINEERING, AND LIFE SCIENCES (EXCEPT NANOTECHNOLOGY AND BIOTECHNOLOGY)",C,NO CLAUSES INCLUDED AND NO SUSTAINABILITY INCLUDED,A,U.S. OWNED BUSINESS,000,NONE,Z,NOT IT PRODUCTS OR SERVICES,E,NOT REQUIRED,USA,UNITED STATES,C,NOT A MANUFACTURED END PRODUCT,B,PLAN NOT REQUIRED,A,FULL AND OPEN COMPETITION,NP,NEGOTIATED PROPOSAL/QUOTE,NONE,NO SET ASIDE USED.,NONE,NO PREFERENCE USED,SR3,SMALL BUSINESS INNOVATION RESEARCH PROGRAM PHASE III ACTION,,,,,1,D,COMMERCIAL ITEM PROCEDURES NOT USED,f,N,NO,N,NO,X,NOT APPLICABLE,N,NO,0.00,N,NO,X,NOT APPLICABLE,X,NOT APPLICABLE,X,NOT APPLICABLE,X,NOT APPLICABLE,,,,,,,,NONE,NONE,N,NO,X,NOT APPLICABLE EXEMPT FROM CAS,N,TRANSACTION DOES NOT USE GFE/GFP,N,NO,D,NOT CONSOLIDATED,N,NO - SERVICE WHERE PBA IS NOT USED.,N,NO,Z,NOT APPLICABLE,N,NO,X,NOT APPLICABLE,f,f,f,f,f,t,f,f,f,f,f,f,f,f,f,f,f,f,f,SMALL BUSINESS,S,f,f,f,f,f,f,f,f,f,f,f,f,f,f,f,f,f,CORPORATE NOT TAX EXEMPT,t,f,f,f,f,f,f,f,f,f,f,f,f,f,f,f,f,t,f,f,f,f,f,f,f,t,f,f,t,f,f,f,f,f,f,f,f,f,f,f,f,f,f,f,f,f,f,f,f,f,,,,,,,,,,,https://www.usaspending.gov/award/CONT_AWD_HR001120C0052_9700_-NONE-_-NONE-/,2021-08-23 14:10:54+00
CONT_AWD_HR001120C0131_9700_-NONE-_-NONE-,HR001120C0131,,,,,,,,,2316925.00,,2316925.00,2316925.00,2020-04-22,2020,2021-08-20,2021,2020-04-22,2021-10-15,2021-10-15 00:00:00,,2019-08-24,097,Department of Defense,97AE,Defense Advanced Research Projects Agency,HR0011,DEF ADVANCED RESEARCH PROJECTS AGCY,097,Department of Defense,97AE,Defense Advanced Research Projects Agency,HR0011,DEF ADVANCED RESEARCH PROJECTS AGCY,,,,,X,NOT APPLICABLE,,,SXHHGF88NPK4,963478297,MAINSTEM LLC,MAINSTEM LLC,,63EE4,SXHHGF88NPK4,963478297,MAINSTEM LLC,MAINSTEM LLC,USA,UNITED STATES,8170 MAPLE LAWN BLVD STE 180,,FULTON,24027,HOWARD,24,MD,MARYLAND,207592575,MD-08,MD-03,7038674014,,USA,UNITED STATES,ROCKVILLE,24031,MONTGOMERY,24,MD,MARYLAND,208500303,MD-08,MD-08,AWARD,D,DEFINITIVE CONTRACT,,,,,,,J,FIRM FIXED PRICE,GNU RADIO SIGNAL PROCESSING,HR001119S0032,1,OT,OTHER FUNCTIONS,AD93,R&D- DEFENSE OTHER: OTHER (ADVANCED DEVELOPMENT),H,NOT BUNDLED,C9E,ALL OTHERS NOT IDENTIFIABLE TO ANY OTHER PROCUREMENT PROGRAM,541715,"RESEARCH AND DEVELOPMENT IN THE PHYSICAL, ENGINEERING, AND LIFE SCIENCES (EXCEPT NANOTECHNOLOGY AND BIOTECHNOLOGY)",C,NO CLAUSES INCLUDED AND NO SUSTAINABILITY INCLUDED,A,U.S. OWNED BUSINESS,000,NONE,Z,NOT IT PRODUCTS OR SERVICES,E,NOT REQUIRED,USA,UNITED STATES,C,NOT A MANUFACTURED END PRODUCT,B,PLAN NOT REQUIRED,A,FULL AND OPEN COMPETITION,BR,BASIC RESEARCH,NONE,NO SET ASIDE USED.,NONE,NO PREFERENCE USED,,,,,,,57,D,COMMERCIAL ITEM PROCEDURES NOT USED,f,N,NO,N,NO,Y,YES,N,NO,0.00,N,NO,X,NOT APPLICABLE,X,NOT APPLICABLE,X,NOT APPLICABLE,X,NOT APPLICABLE,,,,,,,,NONE,NONE,N,NO,X,NOT APPLICABLE EXEMPT FROM CAS,N,TRANSACTION DOES NOT USE GFE/GFP,N,NO,D,NOT CONSOLIDATED,N,NO - SERVICE WHERE PBA IS NOT USED.,N,NO,Z,NOT APPLICABLE,N,NO,X,NOT APPLICABLE,f,f,f,f,f,f,f,f,f,f,f,f,f,f,f,f,f,f,f,SMALL BUSINESS,S,f,f,f,f,f,f,f,f,f,f,f,f,f,f,f,f,f,CORPORATE NOT TAX EXEMPT,t,f,f,f,f,f,f,f,f,f,f,f,f,f,f,f,f,t,f,f,f,f,f,f,f,f,t,f,t,f,f,f,f,f,f,f,f,f,f,f,f,f,f,f,f,f,f,f,f,f,DOUG  WOLFE,1457115.00,MARK  KOCKLER,214700.00,MARK  DAVIS,481704.00,ROBERT  VOGT,445633.00,SEAN  DESMOND,452225.00,https://www.usaspending.gov/award/CONT_AWD_HR001120C0131_9700_-NONE-_-NONE-/,2021-08-20 14:49:43+00
CONT_AWD_HR001121C0198_9700_-NONE-_-NONE-,HR001121C0198,,,,,,,,,224984.00,,224984.00,224984.00,2021-08-20,2021,2021-08-20,2021,2021-08-20,2022-03-20,2022-03-20 00:00:00,,,097,Department of Defense,97AE,Defense Advanced Research Projects Agency,HR0011,DEF ADVANCED RESEARCH PROJECTS AGCY,097,Department of Defense,97AE,Defense Advanced Research Projects Agency,HR0011,DEF ADVANCED RESEARCH PROJECTS AGCY,,,,,X,NOT APPLICABLE,,,WKDAD8MUU775,,"SIVANANTHAN LABORATORIES, INC.","SIVANANTHAN LABORATORIES, INC.",,5SYY8,WKDAD8MUU775,,"SIVANANTHAN LABORATORIES, INC.",SIVANANTHAN LABORATORIES  INC.,USA,UNITED STATES,590 TERRITORIAL DR STE H,,BOLINGBROOK,17197,WILL,17,IL,ILLINOIS,604404887,IL-11,IL-11,6302153324,6302260081,USA,UNITED STATES,BOLINGBROOK,17197,WILL,17,IL,ILLINOIS,604403695,IL-11,IL-11,AWARD,D,DEFINITIVE CONTRACT,,,,,,,J,FIRM FIXED PRICE,METASURFACE-COUPLED 2D MATERIALS FOR UNCOOLED LWIR IMAGING,HR001121S0007,1,OT,OTHER FUNCTIONS,AC12,NATIONAL DEFENSE R&D SERVICES; DEPARTMENT OF DEFENSE - MILITARY; APPLIED RESEARCH,H,NOT BUNDLED,C9E,ALL OTHERS NOT IDENTIFIABLE TO ANY OTHER PROCUREMENT PROGRAM,541715,"RESEARCH AND DEVELOPMENT IN THE PHYSICAL, ENGINEERING, AND LIFE SCIENCES (EXCEPT NANOTECHNOLOGY AND BIOTECHNOLOGY)",C,NO CLAUSES INCLUDED AND NO SUSTAINABILITY INCLUDED,A,U.S. OWNED BUSINESS,000,NONE,Z,NOT IT PRODUCTS OR SERVICES,E,NOT REQUIRED,USA,UNITED STATES,C,NOT A MANUFACTURED END PRODUCT,B,PLAN NOT REQUIRED,D,FULL AND OPEN COMPETITION AFTER EXCLUSION OF SOURCES,NP,NEGOTIATED PROPOSAL/QUOTE,SBA,SMALL BUSINESS SET ASIDE - TOTAL,NONE,NO PREFERENCE USED,SR1,SMALL BUSINESS INNOVATION RESEARCH PROGRAM PHASE I ACTION,,,,,8,D,COMMERCIAL ITEM PROCEDURES NOT USED,f,N,NO,N,NO,Y,YES,N,NO,0.00,N,NO,X,NOT APPLICABLE,N,NO,X,NOT APPLICABLE,X,NOT APPLICABLE,,,,,,,,NONE,NONE,N,NO,X,NOT APPLICABLE EXEMPT FROM CAS,N,TRANSACTION DOES NOT USE GFE/GFP,N,NO,D,NOT CONSOLIDATED,N,NO - SERVICE WHERE PBA IS NOT USED.,N,NO,Z,NOT APPLICABLE,N,NO,X,NOT APPLICABLE,f,f,f,f,f,f,f,f,f,f,f,f,t,t,f,f,f,f,f,SMALL BUSINESS,S,f,f,f,f,f,f,f,f,f,f,f,f,f,f,f,f,f,CORPORATE NOT TAX EXEMPT,t,f,f,f,f,f,f,f,f,f,f,f,f,f,f,f,f,t,f,f,f,f,f,f,f,f,f,f,t,f,f,f,f,f,f,f,f,f,f,f,f,f,f,f,f,f,f,f,f,f,,,,,,,,,,,https://www.usaspending.gov/award/CONT_AWD_HR001121C0198_9700_-NONE-_-NONE-/,2023-01-22 06:29:54+00
CONT_AWD_HT001520C0010_9700_-NONE-_-NONE-,HT001520C0010,,,,,,,,,233283.00,,233283.00,358140.00,2020-09-25,2020,2021-08-19,2021,2020-09-28,2022-09-27,2023-09-27 00:00:00,,2020-09-15,097,Department of Defense,97DH,Defense Health Agency,HT0015,DHA ENTERPRISE MED SUPPORT EMS-CD,097,Department of Defense,97DH,Defense Health Agency,HT0037,DEFENSE HEALTH AGENCY J6/ISRMB,,,,,X,NOT APPLICABLE,,,LUP2TRXNFW39,,"FIRST DATABANK, INC.","FIRST DATABANK, INC.",,00YC0,XKA9QA4TEW67,,MCG HEALTH  LLC,FIRST DATABANK  INC.,USA,UNITED STATES,"701 GATEWAY BLVD, STE 600",,SAN FRANCISCO,06075,SAN FRANCISCO,06,CA,CALIFORNIA,94188,CA-14,CA-11,3175717200,3175717253,USA,UNITED STATES,JBSA FT SAM HOUSTON,48029,BEXAR,48,TX,TEXAS,782344400,TX-21,TX-21,AWARD,D,DEFINITIVE CONTRACT,,,,,,,J,FIRM FIXED PRICE,CLIN 0001-NEW LICENSES FOR PHARMACY OPERATION  DIVISION,,1,OT,OTHER FUNCTIONS,D318,"IT AND TELECOM- INTEGRATED HARDWARE/SOFTWARE/SERVICES SOLUTIONS, PREDOMINANTLY SERVICES",H,NOT BUNDLED,C9E,ALL OTHERS NOT IDENTIFIABLE TO ANY OTHER PROCUREMENT PROGRAM,541519,OTHER COMPUTER RELATED SERVICES,C,NO CLAUSES INCLUDED AND NO SUSTAINABILITY INCLUDED,A,U.S. OWNED BUSINESS,000,NONE,A,COMMERCIALLY AVAILABLE,E,NOT REQUIRED,USA,UNITED STATES,C,NOT A MANUFACTURED END PRODUCT,B,PLAN NOT REQUIRED,C,NOT COMPETED,SSS,ONLY ONE SOURCE,NONE,NO SET ASIDE USED.,NONE,NO PREFERENCE USED,,,,,ONE,ONLY ONE SOURCE-OTHER (FAR 6.302-1 OTHER),1,A,COMMERCIAL ITEM,f,N,NO,N,NO,X,NOT APPLICABLE,N,NO,0.00,N,NO,N,NO,N,NO,N,NO,X,NOT APPLICABLE,,,,,,,,NONE,NONE,N,NO,X,NOT APPLICABLE EXEMPT FROM CAS,N,TRANSACTION DOES NOT USE GFE/GFP,N,NO,D,NOT CONSOLIDATED,N,NO - SERVICE WHERE PBA IS NOT USED.,N,NO,Z,NOT APPLICABLE,N,NO,X,NOT APPLICABLE,f,f,f,f,f,f,f,f,f,f,f,f,f,f,f,f,f,f,f,OTHER THAN SMALL BUSINESS,O,f,f,f,f,f,f,f,f,f,f,f,f,f,f,f,f,f,CORPORATE NOT TAX EXEMPT,t,f,f,f,f,f,f,f,f,f,f,f,f,f,f,f,f,t,f,f,f,f,f,f,f,f,f,f,t,f,f,f,f,f,f,f,f,f,f,f,f,f,f,f,f,f,f,f,f,f,,,,,,,,,,,https://www.usaspending.gov/award/CONT_AWD_HT001520C0010_9700_-NONE-_-NONE-/,2022-04-02 14:48:34+00
CONT_AWD_M6785419C7001_9700_-NONE-_-NONE-,M6785419C7001,,,,Q: Not Designated Nonemergency/Emergency/Disaster/Wildfire Suppression,,,,,1500000.00,1000000.00,1500000.00,1500000.00,2019-08-27,2019,2021-08-18,2021,2019-09-01,2022-08-31,2022-08-31 00:00:00,,2019-08-12,097,Department of Defense,1700,Department of the Navy,M67854,COMMANDER,097,Department of Defense,1700,Department of the Navy,M00080,HEADQUARTERS USMC ARI,017-2019/2019-1106-000;017-2020/2020-1106-000;017-2021/2021-1106-000,017-1106,25.1: Advisory and assistance services,0001: OPERATING FORCES;OPTN: FIELD IS OPTIONAL PRIOR TO FY21,X,NOT APPLICABLE,,,XNTLMEE9SXN3,127332323,"ANASEC, INC.","ANASEC, INC",,3ERQ8,XNTLMEE9SXN3,127332323,"ANASEC, INC.",ANASEC  LLC,USA,UNITED STATES,125 WOODSTREAM BLVD STE 204,,STAFFORD,51179,STAFFORD,51,VA,VIRGINIA,225564630,VA-01,VA-07,7036797568,5403015209,USA,UNITED STATES,STAFFORD,51179,STAFFORD,51,VA,VIRGINIA,225564630,VA-01,VA-07,AWARD,D,DEFINITIVE CONTRACT,,,,,,,J,FIRM FIXED PRICE,BASE YEAR,M6785419Q7001,1,OT,OTHER FUNCTIONS,D319,IT AND TELECOM- ANNUAL SOFTWARE MAINTENANCE SERVICE PLANS,H,NOT BUNDLED,C9E,ALL OTHERS NOT IDENTIFIABLE TO ANY OTHER PROCUREMENT PROGRAM,541519,OTHER COMPUTER RELATED SERVICES,C,NO CLAUSES INCLUDED AND NO SUSTAINABILITY INCLUDED,A,U.S. OWNED BUSINESS,000,NONE,A,COMMERCIALLY AVAILABLE,E,NOT REQUIRED,USA,UNITED STATES,C,NOT A MANUFACTURED END PRODUCT,B,PLAN NOT REQUIRED,C,NOT COMPETED,SSS,ONLY ONE SOURCE,NONE,NO SET ASIDE USED.,NONE,NO PREFERENCE USED,,,,,ONE,ONLY ONE SOURCE-OTHER (FAR 6.302-1 OTHER),1,A,COMMERCIAL ITEM,f,N,NO,N,NO,Y,YES,N,NO,0.00,N,NO,X,NOT APPLICABLE,N,NO,X,NOT APPLICABLE,X,NOT APPLICABLE,,,,,,,,NONE,NONE,N,NO,X,NOT APPLICABLE EXEMPT FROM CAS,N,TRANSACTION DOES NOT USE GFE/GFP,U,UNKNOWN,D,NOT CONSOLIDATED,Y,YES - SERVICE WHERE PBA IS USED.,N,NO,Z,NOT APPLICABLE,N,NO,X,NOT APPLICABLE,f,f,f,f,f,t,t,f,f,f,f,f,f,f,f,f,f,f,f,SMALL BUSINESS,S,f,f,f,f,f,f,f,f,f,f,f,f,f,f,f,f,f,CORPORATE NOT TAX EXEMPT,t,f,f,f,f,f,f,f,f,f,f,f,f,f,f,f,f,t,f,f,f,f,f,f,f,t,f,f,t,f,f,f,f,f,f,f,f,f,f,f,f,f,f,f,f,f,f,f,f,f,,,,,,,,,,,https://www.usaspending.gov/award/CONT_AWD_M6785419C7001_9700_-NONE-_-NONE-/,2021-08-18 08:01:29+00
CONT_AWD_N0001403C0238_9700_-NONE-_-NONE-,N0001403C0238,,,,,,,,,8748108.00,,0.00,0.00,2003-04-21,2003,2021-08-17,2021,2003-04-21,2012-03-31,2012-03-31 00:00:00,,,097,Department of Defense,9763,Defense Contract Management Agency,S1002A,DCMA SOUTHEAST,097,Department of Defense,1700,Department of the Navy,N00014,OFFICE OF NAVAL RESEARCH,,,,,X,NOT APPLICABLE,,,MDSWM6MB1BH7,054781240,"LEIDOS, INC.","LEIDOS, INC.",,52302,ZL41ERXMPAR3,611641312,"LEIDOS HOLDINGS, INC.",SAIC  INC.,USA,UNITED STATES,1750 PRESIDENTS ST,,RESTON,51059,FAIRFAX,51,VA,VIRGINIA,201905617,VA-11,VA-11,5715266000,,USA,UNITED STATES,SAN DIEGO,06073,SAN DIEGO,06,CA,CALIFORNIA,921211522,CA-52,CA-50,AWARD,D,DEFINITIVE CONTRACT,,,,,,,U,COST PLUS FIXED FEE,"200307!001349!1700!E612A !OFFICE OF NAVAL RESEARCH, HEADQU!N0001403C0238  !A!N! !N!                   !20030421!20040120!054781240!054781240!054781240!N!SCIENCE APPLICATIONS INTERNATI!10260 CAMPUS POINT DRIVE  !SAN DIEGO           !CA!92121!66000!073!06!SAN DIEGO           !SAN DIEGO             !CALIFORNIA!+000000780000!N!N!000000000000!AD93!RDTE/OTHER DEFENSE-ADV TECH DEV                   !S1 !SERVICES                      !2000!NOT DISCERNABLE OR CLASSIFIED !541710!E! !3! ! ! ! ! !99990909!B! ! !A! !A!U!U!2!003!E!  !Z!Y!Z!  !  !N!C!N! ! ! !C!C!A!A!000!A!C!N! ! ! ! !    !      !0001! !",,1,,,AD93,R&D- DEFENSE OTHER: OTHER (ADVANCED DEVELOPMENT),D,NOT A BUNDLED REQUIREMENT,S1,SERVICES,541710,"RESEARCH AND DEVELOPMENT IN THE PHYSICAL, ENGINEERING, AND LIFE SCIENCES",C,NO CLAUSES INCLUDED AND NO SUSTAINABILITY INCLUDED,A,U.S. OWNED BUSINESS,000,NONE,Z,NOT IT PRODUCTS OR SERVICES,E,NOT REQUIRED,USA,UNITED STATES,,,C,PLAN REQUIRED - INCENTIVE NOT INCLUDED,D,FULL AND OPEN COMPETITION AFTER EXCLUSION OF SOURCES,BR,BASIC RESEARCH,NONE,NO SET ASIDE USED.,NONE,NO PREFERENCE USED,,,,,,,3,D,COMMERCIAL ITEM PROCEDURES NOT USED,f,N,NO,N,NO,Y,YES,,,0.00,N,NO,X,NOT APPLICABLE,N,NO,X,NOT APPLICABLE,X,NOT APPLICABLE,,,,,,,,NONE,NONE,Y,YES,X,NOT APPLICABLE EXEMPT FROM CAS,N,TRANSACTION DOES NOT USE GFE/GFP,U,UNKNOWN,N,NO,N,NO - SERVICE WHERE PBA IS NOT USED.,N,NO,Z,NOT APPLICABLE,N,NO,X,NOT APPLICABLE,f,f,f,f,f,f,f,f,f,f,f,f,f,f,f,f,f,f,f,OTHER THAN SMALL BUSINESS,O,f,f,f,f,f,f,f,f,f,f,f,f,f,f,f,f,f,CORPORATE NOT TAX EXEMPT,t,f,f,f,f,f,f,f,f,f,f,f,f,f,f,f,f,t,f,f,f,f,f,f,f,f,f,f,t,f,f,f,f,f,f,f,f,f,f,f,f,f,f,f,f,f,f,f,f,f,,,,,,,,,,,https://www.usaspending.gov/award/CONT_AWD_N0001403C0238_9700_-NONE-_-NONE-/,2021-08-18 08:32:41+00
CONT_AWD_N0002410C4406_9700_-NONE-_-NONE-,N0002410C4406,,,,,,,,,373700471.64,,373989169.64,641628171.64,2010-09-13,2010,2021-08-17,2021,2010-09-09,2011-03-18,2011-03-18 00:00:00,,,097,Department of Defense,1700,Department of the Navy,N40027,SOUTHEAST REGIONAL MAINT CENTER,097,Department of Defense,1700,Department of the Navy,N4002A,SOUTHEAST REGIONAL MAINT CTR,,,,,X,NOT APPLICABLE,,,U23DM4ULNLS3,002890994,BAE SYSTEMS JACKSONVILLE SHIP REPAIR LLC,BAE SYSTEMS SOUTHEAST SHIPYARDS MAYPORT LLC,,64745,E5K9VR2A1MW9,217304393,BAE SYSTEMS PLC,BAE SYSTEMS JACKSONVILLE SHIP REPAIR LLC,USA,UNITED STATES,8500 HECKSCHER DR,,JACKSONVILLE,12031,DUVAL,12,FL,FLORIDA,322262434,FL-04,FL-04,9042512619,9042512680,USA,UNITED STATES,JACKSONVILLE,12031,DUVAL,12,FL,FLORIDA,322280057,FL-04,FL-05,AWARD,D,DEFINITIVE CONTRACT,,,,,,,V,COST PLUS INCENTIVE FEE,CG/DDG MAYPORT MSMO,N0002409R4412,1,,,J998,NON-NUCLEAR SHIP REPAIR (EAST),D,NOT A BUNDLED REQUIREMENT,A3,SHIPS,336611,SHIP BUILDING AND REPAIRING,C,NO CLAUSES INCLUDED AND NO SUSTAINABILITY INCLUDED,A,U.S. OWNED BUSINESS,000,NONE,Z,NOT IT PRODUCTS OR SERVICES,E,NOT REQUIRED,USA,UNITED STATES,C,NOT A MANUFACTURED END PRODUCT,D,PLAN REQUIRED - INCENTIVE INCLUDED,A,FULL AND OPEN COMPETITION,NP,NEGOTIATED PROPOSAL/QUOTE,NONE,NO SET ASIDE USED.,NONE,NO PREFERENCE USED,,,,,,,2,D,COMMERCIAL ITEM PROCEDURES NOT USED,f,N,NO,N,NO,Y,YES,N,NO,0.00,N,NO,Y,YES,N,NO,X,NOT APPLICABLE,X,NOT APPLICABLE,,,,,,,,NONE,NONE,N,NO,Y,YES - CAS CLAUSE INCLUDED,N,TRANSACTION DOES NOT USE GFE/GFP,U,UNKNOWN,N,NO,N,NO - SERVICE WHERE PBA IS NOT USED.,N,NO,F,PERFORMANCE-BASED FINANCING,N,NO,X,NOT APPLICABLE,f,f,f,f,f,f,f,f,f,f,f,f,f,f,f,f,f,f,f,OTHER THAN SMALL BUSINESS,O,f,f,f,f,f,f,f,f,f,f,f,f,f,f,f,f,f,CORPORATE NOT TAX EXEMPT,t,f,f,f,f,f,f,f,f,f,f,f,f,f,f,f,f,t,f,f,f,f,f,f,f,f,t,f,t,f,f,f,f,f,f,f,f,f,f,f,f,f,f,f,f,f,f,f,f,f,THOMAS A ARSENEAULT,2853284.00,GUY H MONTMINY,1787108.00,JEREMY P TONDREAULT,1335005.00,DAVID S HOWAT,1216573.00,ALICE  ELDRIDGE,983165.00,https://www.usaspending.gov/award/CONT_AWD_N0002410C4406_9700_-NONE-_-NONE-/,2021-08-17 10:00:03+00
CONT_AWD_N0002411C5204_9700_-NONE-_-NONE-,N0002411C5204,,,,,,,,,18038386.17,,18038386.17,74750809.00,2010-11-19,2011,2021-08-17,2021,2010-11-19,2015-11-18,2015-11-18 00:00:00,,,097,Department of Defense,1700,Department of the Navy,N00024,NAVSEA HQ,097,Department of Defense,1700,Department of the Navy,N00024,NAVSEA HQ,,,,,X,NOT APPLICABLE,,,RR6LDZSW3E31,606421105,"ADVANCED ACOUSTIC CONCEPTS, INC.","ADVANCED ACOUSTIC CONCEPTS, INC.",,0HD46,RR6LDZSW3E31,606421105,"ADVANCED ACOUSTIC CONCEPTS, INC.",ADVANCED ACOUSTIC CONCEPTS  INC.,USA,UNITED STATES,425 OSER AVE UNIT 1,,HAUPPAUGE,36103,SUFFOLK,36,NY,NEW YORK,117883640,NY-01,NY-01,6312735700,6312735809,USA,UNITED STATES,HAUPPAUGE,36103,SUFFOLK,36,NY,NEW YORK,117883640,NY-01,NY-01,AWARD,D,DEFINITIVE CONTRACT,,,,,,,U,COST PLUS FIXED FEE,ENGINEERING SERVICES IN SUPPORT OF THE AN/SQQ-89(V) AND (V)15 PROGRAMS.,N0002410R5231,1,,,AC65,R&D- DEFENSE SYSTEM: ELECTRONICS/COMMUNICATION EQUIPMENT (OPERATIONAL SYSTEMS DEVELOPMENT),D,NOT A BUNDLED REQUIREMENT,A7,ELECTRONICS AND COMMUNICATION EQUIPMENT,541712,"RESEARCH AND DEVELOPMENT IN THE PHYSICAL, ENGINEERING, AND LIFE SCIENCES (EXCEPT BIOTECHNOLOGY)",C,NO CLAUSES INCLUDED AND NO SUSTAINABILITY INCLUDED,A,U.S. OWNED BUSINESS,000,NONE,Z,NOT IT PRODUCTS OR SERVICES,E,NOT REQUIRED,USA,UNITED STATES,C,NOT A MANUFACTURED END PRODUCT,B,PLAN NOT REQUIRED,B,NOT AVAILABLE FOR COMPETITION,SSS,ONLY ONE SOURCE,NONE,NO SET ASIDE USED.,NONE,NO PREFERENCE USED,SR3,SMALL BUSINESS INNOVATION RESEARCH PROGRAM PHASE III ACTION,,,OTH,AUTHORIZED BY STATUTE (FAR 6.302-5(A)(2)(I)),1,D,COMMERCIAL ITEM PROCEDURES NOT USED,f,N,NO,N,NO,Y,YES,N,NO,0.00,N,NO,Y,YES,N,NO,X,NOT APPLICABLE,X,NOT APPLICABLE,,,,,,,,NONE,NONE,Y,YES,X,NOT APPLICABLE EXEMPT FROM CAS,N,TRANSACTION DOES NOT USE GFE/GFP,U,UNKNOWN,N,NO,N,NO - SERVICE WHERE PBA IS NOT USED.,N,NO,Z,NOT APPLICABLE,N,NO,X,NOT APPLICABLE,f,f,f,f,f,f,f,f,f,f,f,f,f,f,f,f,f,f,f,SMALL BUSINESS,S,f,f,t,f,f,f,f,f,f,f,f,f,f,f,f,f,f,CORPORATE NOT TAX EXEMPT,t,f,f,f,f,f,f,f,f,f,f,f,f,f,f,f,f,t,f,f,f,f,f,f,f,f,f,f,t,f,f,f,f,f,f,f,f,f,f,f,f,f,f,f,f,f,f,f,f,f,,,,,,,,,,,https://www.usaspending.gov/award/CONT_AWD_N0002411C5204_9700_-NONE-_-NONE-/,2021-08-17 11:30:26+00
CONT_AWD_N0002418C4101_9700_-NONE-_-NONE-,N0002418C4101,,,,,,,,,641811.41,,641811.41,641811.41,2018-09-28,2018,2021-08-24,2021,2018-09-28,2019-09-27,2019-09-27 00:00:00,,2018-03-29,097,Department of Defense,1700,Department of the Navy,N00024,NAVSEA HQ,097,Department of Defense,1700,Department of the Navy,N00024,NAVSEA HQ,,,,,X,NOT APPLICABLE,,,HLVBPCA2LH41,,ROLLS-ROYCE MARINE NORTH AMERICA INC.,ROLLS-ROYCE MARINE NORTH AMERICA INC.,,07309,VE65QFAKCLG7,,ROLLS-ROYCE HOLDINGS PLC,ROLLS-ROYCE NORTH AMERIC,USA,UNITED STATES,110 NORFOLK ST,,WALPOLE,25021,NORFOLK,25,MA,MASSACHUSETTS,020811704,MA-08,MA-08,5087341374,5087341136,USA,UNITED STATES,WALPOLE,25021,NORFOLK,25,MA,MASSACHUSETTS,020811704,MA-08,MA-08,AWARD,D,DEFINITIVE CONTRACT,,,,,,,J,FIRM FIXED PRICE,RR04 PROCESSORS MODULE,N0002418R4101,1,,,2835,"GAS TURBINES AND JET ENGINES; NON-AIRCRAFT PRIME MOVER, AIRCRAFT NON-PRIME MOVER, AND COMPONENTS",H,NOT BUNDLED,A1B,AIRCRAFT ENGINES AND SPARES,333611,TURBINE AND TURBINE GENERATOR SET UNITS MANUFACTURING,C,NO CLAUSES INCLUDED AND NO SUSTAINABILITY INCLUDED,C,FOREIGN-OWNED BUSINESS INCORPORATED IN THE U.S.,000,NONE,Z,NOT IT PRODUCTS OR SERVICES,E,NOT REQUIRED,USA,UNITED STATES,D,MFG IN U.S.,B,PLAN NOT REQUIRED,C,NOT COMPETED,SSS,ONLY ONE SOURCE,NONE,NO SET ASIDE USED.,NONE,NO PREFERENCE USED,,,,,ONE,ONLY ONE SOURCE-OTHER (FAR 6.302-1 OTHER),1,A,COMMERCIAL ITEM,f,N,NO,N,NO,Y,YES,N,NO,0.00,N,NO,X,NOT APPLICABLE,X,NOT APPLICABLE,X,NOT APPLICABLE,X,NOT APPLICABLE,,,,,,,,NONE,NONE,N,NO,X,NOT APPLICABLE EXEMPT FROM CAS,N,TRANSACTION DOES NOT USE GFE/GFP,N,NO,D,NOT CONSOLIDATED,X,NOT APPLICABLE,N,NO,Z,NOT APPLICABLE,N,NO,X,NOT APPLICABLE,f,f,f,f,f,f,f,f,f,f,f,f,f,f,f,f,f,f,f,OTHER THAN SMALL BUSINESS,O,f,f,f,f,f,f,f,f,f,f,f,f,f,f,f,f,f,CORPORATE NOT TAX EXEMPT,t,f,f,f,f,f,f,f,f,f,f,f,t,f,f,f,f,t,f,f,f,f,f,f,f,f,f,t,t,f,f,f,f,f,f,f,f,f,f,f,f,f,f,f,f,f,f,f,f,f,THOMAS  BELL,2513527.00,PHILIP  BURKHOLDER,695288.00,TIMOTHY  WALTON,717058.00,DAN  ANTAL,1037559.00,CANDICE  BINEYARD,562398.00,https://www.usaspending.gov/award/CONT_AWD_N0002418C4101_9700_-NONE-_-NONE-/,2022-04-02 14:48:34+00
CONT_AWD_N0002418C4133_9700_-NONE-_-NONE-,N0002418C4133,,,,,,,,,2264081.67,,2264081.67,2264081.67,2017-12-21,2018,2021-08-17,2021,2017-12-21,2021-09-30,2021-09-30 00:00:00,,,097,Department of Defense,1700,Department of the Navy,N00024,NAVSEA HQ,097,Department of Defense,1700,Department of the Navy,N00024,NAVSEA HQ,,,,,X,NOT APPLICABLE,,,MXAYK8PM3D99,074528345,"TERADYNE, INC.","TERADYNE, INC.",,23350,YJBYQBNZDJJ7,001017490,TERADYNE INC,TERADYNE  INC.,USA,UNITED STATES,700 RIVERPARK DR,,NORTH READING,25017,MIDDLESEX,25,MA,MASSACHUSETTS,018642634,MA-06,MA-06,9783701277,4437872346,USA,UNITED STATES,NORTH READING,25017,MIDDLESEX,25,MA,MASSACHUSETTS,018642635,MA-06,MA-06,AWARD,D,DEFINITIVE CONTRACT,,,,,,,J,FIRM FIXED PRICE,BOEING SERVICE LIFE EXTENSION KIT,N0002417R4133,1,OT,OTHER FUNCTIONS,6625,ELECTRICAL AND ELECTRONIC PROPERTIES MEASURING AND TESTING INSTRUMENTS,H,NOT BUNDLED,A7,ELECTRONICS AND COMMUNICATION EQUIPMENT,334515,INSTRUMENT MANUFACTURING FOR MEASURING AND TESTING ELECTRICITY AND ELECTRICAL SIGNALS,C,NO CLAUSES INCLUDED AND NO SUSTAINABILITY INCLUDED,A,U.S. OWNED BUSINESS,000,NONE,Z,NOT IT PRODUCTS OR SERVICES,A,MEETS REQUIREMENTS,USA,UNITED STATES,D,MFG IN U.S.,G,COMMERCIAL SUBCONTRACT PLAN,C,NOT COMPETED,SSS,ONLY ONE SOURCE,NONE,NO SET ASIDE USED.,NONE,NO PREFERENCE USED,,,,,ONE,ONLY ONE SOURCE-OTHER (FAR 6.302-1 OTHER),1,A,COMMERCIAL ITEM,f,N,NO,N,NO,Y,YES,N,NO,0.00,N,NO,X,NOT APPLICABLE,X,NOT APPLICABLE,X,NOT APPLICABLE,X,NOT APPLICABLE,,,,,,,,NONE,NONE,N,NO,X,NOT APPLICABLE EXEMPT FROM CAS,Y,TRANSACTION USES GFE/GFP,N,NO,D,NOT CONSOLIDATED,X,NOT APPLICABLE,N,NO,A,FAR 52.232-16 PROGRESS PAYMENTS,N,NO,X,NOT APPLICABLE,f,f,f,f,f,f,f,f,f,f,f,f,f,f,f,f,f,f,f,OTHER THAN SMALL BUSINESS,O,f,f,f,f,f,f,f,f,f,f,f,f,f,f,f,f,f,CORPORATE NOT TAX EXEMPT,t,f,f,f,f,f,f,f,f,f,f,f,t,f,f,f,f,t,f,f,f,f,f,f,f,f,f,f,t,f,f,f,f,f,f,f,f,f,f,f,f,f,f,f,f,f,f,f,f,f,,,,,,,,,,,https://www.usaspending.gov/award/CONT_AWD_N0002418C4133_9700_-NONE-_-NONE-/,2021-08-17 11:49:15+00
CONT_AWD_N0002421C2213_9700_-NONE-_-NONE-,N0002421C2213,,,,,,,,,4606805.58,,4606805.58,4606805.58,2021-01-15,2021,2021-08-20,2021,2021-01-15,2022-02-28,2022-02-28 00:00:00,,2020-07-22,097,Department of Defense,1700,Department of the Navy,N00024,NAVSEA HQ,097,Department of Defense,1700,Department of the Navy,N00024,NAVSEA HQ,,,,,X,NOT APPLICABLE,,,X1CGWE5NY6S3,124851440,"HANWHA PHILLY SHIPYARD, INC.","PHILLY SHIPYARD, INC.",,5D5M3,FNSJKWCJT5M9,517694589,PHILLY SHIPYARD  INC.,PHILLY SHIPYARD  INC.,USA,UNITED STATES,2100 KITTY HAWK AVE,,PHILADELPHIA,42101,PHILADELPHIA,42,PA,PENNSYLVANIA,191121808,PA-01,PA-05,2158752715,2152752700,USA,UNITED STATES,PHILADELPHIA,42101,PHILADELPHIA,42,PA,PENNSYLVANIA,191121024,PA-05,PA-05,AWARD,D,DEFINITIVE CONTRACT,,,,,,,J,FIRM FIXED PRICE,T-ARC(X) INDUSTRY STUDIES,N0002420R2211,1,"CL,CT","CLOSELY ASSOCIATED,CRITICAL FUNCTIONS",1925,SPECIAL SERVICE VESSELS,H,NOT BUNDLED,A3,SHIPS,336611,SHIP BUILDING AND REPAIRING,C,NO CLAUSES INCLUDED AND NO SUSTAINABILITY INCLUDED,A,U.S. OWNED BUSINESS,000,NONE,Z,NOT IT PRODUCTS OR SERVICES,A,MEETS REQUIREMENTS,USA,UNITED STATES,D,MFG IN U.S.,B,PLAN NOT REQUIRED,A,FULL AND OPEN COMPETITION,SB,SEALED BID,NONE,NO SET ASIDE USED.,NONE,NO PREFERENCE USED,,,,,,,6,D,COMMERCIAL ITEM PROCEDURES NOT USED,f,N,NO,N,NO,Y,YES,N,NO,0.00,N,NO,N,NO,N,NO,X,NOT APPLICABLE,X,NOT APPLICABLE,,,,,,,,NONE,NONE,N,NO,Y,YES - CAS CLAUSE INCLUDED,N,TRANSACTION DOES NOT USE GFE/GFP,U,UNKNOWN,D,NOT CONSOLIDATED,X,NOT APPLICABLE,N,NO,Z,NOT APPLICABLE,N,NO,X,NOT APPLICABLE,f,f,f,f,f,f,f,f,f,f,f,f,f,f,f,f,f,f,f,SMALL BUSINESS,S,f,f,f,f,f,f,f,f,f,f,f,f,f,f,f,f,f,CORPORATE NOT TAX EXEMPT,t,f,f,f,f,f,f,f,f,f,f,f,t,f,f,f,f,t,f,f,f,f,f,f,f,f,f,f,t,f,f,f,f,f,f,f,f,f,f,f,f,f,f,f,f,f,f,f,f,f,,,,,,,,,,,https://www.usaspending.gov/award/CONT_AWD_N0002421C2213_9700_-NONE-_-NONE-/,2021-08-20 10:04:12+00
CONT_AWD_N0002421C2214_9700_-NONE-_-NONE-,N0002421C2214,,,,,,,,,328717.00,,328717.00,328717.00,2021-08-24,2021,2021-08-24,2021,2021-08-10,2021-11-08,2021-11-08 00:00:00,,2021-06-11,097,Department of Defense,1700,Department of the Navy,N00024,NAVSEA HQ,097,Department of Defense,1700,Department of the Navy,N00024,NAVSEA HQ,,,,,A,FOREIGN FUNDS FMS,,,NJ2RRT5BMCX1,009025891,VIGOR WORKS LLC,VIGOR WORKS LLC,,5Y009,GLB1EGQHMTM7,117730694,CARLYLE GROUP MANAGEMENT L.L.C.,VIGOR WORKS LLC,USA,UNITED STATES,9700 SE LAWNFIELD RD,,CLACKAMAS,41005,CLACKAMAS,41,OR,OREGON,970157636,OR-05,OR-05,5036536300,,USA,UNITED STATES,CLACKAMAS,41005,CLACKAMAS,41,OR,OREGON,970157636,OR-05,OR-05,AWARD,D,DEFINITIVE CONTRACT,,,,,,,J,FIRM FIXED PRICE,N-CCM DETAIL DESIGN UP FRONT ENGINEERING,N0002421R2214,1,,,1940,SMALL CRAFT,H,NOT BUNDLED,A3,SHIPS,336612,BOAT BUILDING,C,NO CLAUSES INCLUDED AND NO SUSTAINABILITY INCLUDED,A,U.S. OWNED BUSINESS,000,NONE,Z,NOT IT PRODUCTS OR SERVICES,A,MEETS REQUIREMENTS,USA,UNITED STATES,D,MFG IN U.S.,B,PLAN NOT REQUIRED,B,NOT AVAILABLE FOR COMPETITION,SSS,ONLY ONE SOURCE,NONE,NO SET ASIDE USED.,NONE,NO PREFERENCE USED,,,,,IA,INTERNATIONAL AGREEMENT (FAR 6.302-4),1,D,COMMERCIAL ITEM PROCEDURES NOT USED,f,N,NO,N,NO,X,NOT APPLICABLE,N,NO,0.00,N,NO,Y,YES,X,NOT APPLICABLE,N,NO,X,NOT APPLICABLE,,,,,,,,NONE,NONE,N,NO,X,NOT APPLICABLE EXEMPT FROM CAS,N,TRANSACTION DOES NOT USE GFE/GFP,U,UNKNOWN,D,NOT CONSOLIDATED,X,NOT APPLICABLE,N,NO,Z,NOT APPLICABLE,N,NO,X,NOT APPLICABLE,f,f,f,f,f,f,f,f,f,f,f,f,f,f,f,f,f,f,f,OTHER THAN SMALL BUSINESS,O,f,f,f,f,f,f,f,f,f,f,f,f,f,f,f,f,f,CORPORATE NOT TAX EXEMPT,t,f,f,f,f,f,f,f,f,f,f,f,f,f,f,f,f,t,f,f,f,f,f,f,f,f,t,f,t,f,f,f,f,f,f,f,f,f,f,f,f,f,f,f,f,f,f,f,f,f,"EDWARD (""JAY"")  HEBERT",332593.00,DAVID  WHITCOMB,330695.00,NICOLE  COONS,234057.00,CHRIS  PALMER,218179.00,DOMONIQUE  LARTIQUE,209994.00,https://www.usaspending.gov/award/CONT_AWD_N0002421C2214_9700_-NONE-_-NONE-/,2021-08-24 23:07:27+00
CONT_AWD_N0002421C2275_9700_-NONE-_-NONE-,N0002421C2275,,,,N: Emergency P.L. 116-136,,1292575.00,,,1752345.00,0.00,1752345.00,1752345.00,2021-05-14,2021,2021-08-17,2021,2021-05-14,2021-10-10,2021-10-10 00:00:00,,2021-02-24,097,Department of Defense,1700,Department of the Navy,N00024,NAVSEA HQ,097,Department of Defense,1700,Department of the Navy,N00024,NAVSEA HQ,017-2020/2022-1810-000,017-1810,31.0: Equipment,0001: SUPPORT VEHICLES AND EQUIPMENT,X,NOT APPLICABLE,,,EETDKGF28NR9,118007503,"DOCK HIGH, LLC","DOCK HIGH, LLC",,8ZSF3,EETDKGF28NR9,118007503,"DOCK HIGH, LLC",DOCK HIGH  LLC,USA,UNITED STATES,3565 HUGO ST,,SAN DIEGO,06073,SAN DIEGO,06,CA,CALIFORNIA,921062150,CA-52,CA-50,6199545353,,USA,UNITED STATES,SAN DIEGO,06073,SAN DIEGO,06,CA,CALIFORNIA,921062150,CA-52,CA-50,AWARD,D,DEFINITIVE CONTRACT,,,,,,,J,FIRM FIXED PRICE,FLAG BARGE,N0002421R2275,1,OT,OTHER FUNCTIONS,1940,SMALL CRAFT,H,NOT BUNDLED,A3,SHIPS,336612,BOAT BUILDING,C,NO CLAUSES INCLUDED AND NO SUSTAINABILITY INCLUDED,A,U.S. OWNED BUSINESS,000,NONE,Z,NOT IT PRODUCTS OR SERVICES,A,MEETS REQUIREMENTS,USA,UNITED STATES,D,MFG IN U.S.,B,PLAN NOT REQUIRED,F,COMPETED UNDER SAP,SP1,SIMPLIFIED ACQUISITION,SBA,SMALL BUSINESS SET ASIDE - TOTAL,NONE,NO PREFERENCE USED,,,,,,,1,A,COMMERCIAL ITEM,f,N,NO,N,NO,Y,YES,N,NO,0.00,N,NO,X,NOT APPLICABLE,X,NOT APPLICABLE,X,NOT APPLICABLE,X,NOT APPLICABLE,,,,,,,,NONE,NONE,N,NO,Y,YES - CAS CLAUSE INCLUDED,N,TRANSACTION DOES NOT USE GFE/GFP,U,UNKNOWN,D,NOT CONSOLIDATED,X,NOT APPLICABLE,N,NO,Z,NOT APPLICABLE,N,NO,X,NOT APPLICABLE,f,f,f,f,f,f,f,t,f,f,f,f,f,f,f,f,f,f,f,SMALL BUSINESS,S,f,f,f,f,f,f,f,f,f,f,f,f,f,f,f,f,f,OTHER,f,f,f,f,f,f,f,f,f,f,f,f,f,f,f,f,f,t,f,f,f,f,f,f,f,f,f,f,t,f,f,f,f,f,f,f,f,f,f,f,f,f,f,f,f,t,f,f,f,f,,,,,,,,,,,https://www.usaspending.gov/award/CONT_AWD_N0002421C2275_9700_-NONE-_-NONE-/,2021-08-17 12:24:07+00
CONT_AWD_N0010419CK017_9700_-NONE-_-NONE-,N0010419CK017,,,,Q: Not Designated Nonemergency/Emergency/Disaster/Wildfire Suppression,,,,,6160413.00,1649268.00,3667578.00,3667578.00,2019-09-24,2019,2021-08-23,2021,2019-09-24,2021-08-23,2021-08-23 00:00:00,,2019-09-24,097,Department of Defense,1700,Department of the Navy,N00104,NAVSUP WEAPON SYSTEMS SUPPORT MECH,097,Department of Defense,1700,Department of the Navy,N00174,NSWC INDIAN HEAD DIVISION,017-2019/2021-1508-000;057-2018/2020-3011-000,017-1508;057-3011,26.0: Supplies and materials;31.0: Equipment,OPTN: FIELD IS OPTIONAL PRIOR TO FY21,X,NOT APPLICABLE,,,F14JJL7BTEQ6,136108342,MISSION SYSTEMS DAVENPORT INC.,CARLETON LIFE SUPPORT SYSTEMS INC.,,99251,J13LTHC2FKL5,371977171,COBHAM MISSION SYSTEMS ORCHARD PARK INC.,COBHAM MISSION SYSTEMS O,USA,UNITED STATES,2734 HICKORY GROVE RD,,DAVENPORT,19163,SCOTT,19,IA,IOWA,528041203,IA-02,IA-01,5638884628,5633836430,USA,UNITED STATES,DAVENPORT,19163,SCOTT,19,IA,IOWA,528041203,IA-02,IA-01,AWARD,D,DEFINITIVE CONTRACT,,,,,,,J,FIRM FIXED PRICE,DODIC: SS34 AND SS35 UWARS,N0010418RK058,1,,,1377,CARTRIDGE AND PROPELLANT ACTUATED DEVICES AND COMPONENTS,H,NOT BUNDLED,A6,AMMUNITION,325920,EXPLOSIVES MANUFACTURING,C,NO CLAUSES INCLUDED AND NO SUSTAINABILITY INCLUDED,C,FOREIGN-OWNED BUSINESS INCORPORATED IN THE U.S.,000,NONE,Z,NOT IT PRODUCTS OR SERVICES,A,MEETS REQUIREMENTS,USA,UNITED STATES,D,MFG IN U.S.,F,INDIVIDUAL SUBCONTRACT PLAN,C,NOT COMPETED,SSS,ONLY ONE SOURCE,NONE,NO SET ASIDE USED.,NONE,NO PREFERENCE USED,,,,,ONE,ONLY ONE SOURCE-OTHER (FAR 6.302-1 OTHER),1,D,COMMERCIAL ITEM PROCEDURES NOT USED,f,N,NO,N,NO,Y,YES,N,NO,0.00,N,NO,Y,YES,N,NO,N,NO,X,NOT APPLICABLE,,,,,,,,NONE,NONE,Y,YES,Y,YES - CAS CLAUSE INCLUDED,N,TRANSACTION DOES NOT USE GFE/GFP,U,UNKNOWN,D,NOT CONSOLIDATED,X,NOT APPLICABLE,N,NO,Z,NOT APPLICABLE,N,NO,X,NOT APPLICABLE,f,f,f,f,f,f,f,f,f,f,f,f,f,f,f,f,f,f,f,OTHER THAN SMALL BUSINESS,O,f,f,f,f,f,f,f,f,f,f,f,f,f,f,f,f,f,CORPORATE NOT TAX EXEMPT,t,f,f,f,f,f,f,f,f,f,f,f,t,f,f,f,f,t,f,f,f,f,f,f,f,f,f,t,t,f,f,f,f,f,f,f,f,f,f,f,f,f,f,f,f,f,f,f,f,f,KEVIN  MCKEOWN,1088174.00,MANDY  COLE,595310.00,STANLEY  BUELT,591334.00,DALE  SCHWACH,449205.00,JOHN  MCLAUGHLIN,446335.00,https://www.usaspending.gov/award/CONT_AWD_N0010419CK017_9700_-NONE-_-NONE-/,2021-08-23 13:42:55+00
CONT_AWD_N0010419CK031_9700_-NONE-_-NONE-,N0010419CK031,,,,,,,,,143071.00,,143071.00,143071.00,2018-12-18,2019,2021-08-23,2021,2018-12-18,2021-06-08,2021-06-08 00:00:00,,,097,Department of Defense,9763,Defense Contract Management Agency,S3309A,DCMA NORTHEAST (GARDEN CITY),097,Department of Defense,1700,Department of the Navy,N00104,NAVSUP WEAPON SYSTEMS SUPPORT MECH,,,,,A,FOREIGN FUNDS FMS,,,LLQ7JE5K5BF8,064732134,CHARL INDUSTRIES INC.,CHARL INDUSTRIES INC.,,6K539,LLQ7JE5K5BF8,064732134,CHARL INDUSTRIES INC.,CHARL INDUSTRIES INC.,USA,UNITED STATES,225 ENGINEERS RD,,HAUPPAUGE,36103,SUFFOLK,36,NY,NEW YORK,117884020,NY-01,NY-01,6312340100,6312345544,USA,UNITED STATES,HAUPPAUGE,36103,SUFFOLK,36,NY,NEW YORK,117884020,NY-01,NY-01,AWARD,D,DEFINITIVE CONTRACT,,,,,,,J,FIRM FIXED PRICE,DODIC: M700,N0010418RK107,1,,,1377,CARTRIDGE AND PROPELLANT ACTUATED DEVICES AND COMPONENTS,H,NOT BUNDLED,A6,AMMUNITION,325920,EXPLOSIVES MANUFACTURING,C,NO CLAUSES INCLUDED AND NO SUSTAINABILITY INCLUDED,A,U.S. OWNED BUSINESS,000,NONE,Z,NOT IT PRODUCTS OR SERVICES,A,MEETS REQUIREMENTS,USA,UNITED STATES,D,MFG IN U.S.,B,PLAN NOT REQUIRED,A,FULL AND OPEN COMPETITION,NP,NEGOTIATED PROPOSAL/QUOTE,NONE,NO SET ASIDE USED.,NONE,NO PREFERENCE USED,,,,,,,1,D,COMMERCIAL ITEM PROCEDURES NOT USED,f,N,NO,N,NO,Y,YES,N,NO,0.00,N,NO,Y,YES,X,NOT APPLICABLE,X,NOT APPLICABLE,X,NOT APPLICABLE,,,,,,,,NONE,NONE,N,NO,X,NOT APPLICABLE EXEMPT FROM CAS,Y,TRANSACTION USES GFE/GFP,U,UNKNOWN,D,NOT CONSOLIDATED,X,NOT APPLICABLE,N,NO,Z,NOT APPLICABLE,N,NO,X,NOT APPLICABLE,f,f,f,f,f,f,f,f,f,f,f,f,f,f,f,f,f,f,f,SMALL BUSINESS,S,f,f,f,f,f,f,f,f,f,f,f,f,f,f,f,f,f,CORPORATE NOT TAX EXEMPT,t,f,f,f,f,f,f,f,f,f,f,f,f,f,f,f,f,t,f,f,f,f,f,f,f,f,f,f,t,f,f,f,f,f,f,f,f,f,f,f,f,f,f,f,f,f,f,f,f,f,,,,,,,,,,,https://www.usaspending.gov/award/CONT_AWD_N0010419CK031_9700_-NONE-_-NONE-/,2021-08-23 15:15:36+00
CONT_AWD_N0010421CBA07_9700_-NONE-_-NONE-,N0010421CBA07,,,,,,,,,125018.10,,125018.10,125018.10,2021-01-29,2021,2021-08-17,2021,2021-01-29,2021-09-24,2021-09-24 00:00:00,,,097,Department of Defense,1700,Department of the Navy,N00104,NAVSUP WEAPON SYSTEMS SUPPORT MECH,097,Department of Defense,1700,Department of the Navy,N00104,NAVSUP WEAPON SYSTEMS SUPPORT MECH,,,,,X,NOT APPLICABLE,,,ER1DVBAT47K1,,D. L. MARTIN CO.,D. L. MARTIN CO.,,7E947,ER1DVBAT47K1,,D. L. MARTIN CO.,"MARTIN, D. L. CO.",USA,UNITED STATES,25 D.L. MARTIN DR,,MERCERSBURG,42055,FRANKLIN,42,PA,PENNSYLVANIA,172361715,PA-13,PA-13,7173282141,7173285919,USA,UNITED STATES,MERCERSBURG,42055,FRANKLIN,42,PA,PENNSYLVANIA,172361715,PA-13,PA-13,AWARD,D,DEFINITIVE CONTRACT,,,,,,,J,FIRM FIXED PRICE,BOT WEDG RET FASTNR,N0010420REL26,1,OT,OTHER FUNCTIONS,5340,"HARDWARE, COMMERCIAL",H,NOT BUNDLED,A3,SHIPS,332510,HARDWARE MANUFACTURING,C,NO CLAUSES INCLUDED AND NO SUSTAINABILITY INCLUDED,A,U.S. OWNED BUSINESS,000,NONE,Z,NOT IT PRODUCTS OR SERVICES,E,NOT REQUIRED,USA,UNITED STATES,D,MFG IN U.S.,B,PLAN NOT REQUIRED,D,FULL AND OPEN COMPETITION AFTER EXCLUSION OF SOURCES,NP,NEGOTIATED PROPOSAL/QUOTE,SBA,SMALL BUSINESS SET ASIDE - TOTAL,NONE,NO PREFERENCE USED,,,,,,,3,D,COMMERCIAL ITEM PROCEDURES NOT USED,f,N,NO,N,NO,Y,YES,N,NO,0.00,N,NO,Y,YES,N,NO,N,NO,X,NOT APPLICABLE,,,,,,,,NONE,NONE,N,NO,X,NOT APPLICABLE EXEMPT FROM CAS,N,TRANSACTION DOES NOT USE GFE/GFP,N,NO,D,NOT CONSOLIDATED,X,NOT APPLICABLE,N,NO,Z,NOT APPLICABLE,N,NO,X,NOT APPLICABLE,f,f,f,f,f,f,f,f,f,f,f,f,f,f,f,f,f,f,f,SMALL BUSINESS,S,f,f,f,f,f,f,f,f,f,f,f,f,f,f,f,f,f,CORPORATE NOT TAX EXEMPT,t,f,f,f,f,f,f,f,f,f,f,f,t,f,f,f,f,t,f,f,f,f,f,f,f,f,f,f,t,f,f,f,f,f,f,f,f,f,f,f,f,f,f,f,f,f,f,f,f,f,,,,,,,,,,,https://www.usaspending.gov/award/CONT_AWD_N0010421CBA07_9700_-NONE-_-NONE-/,2025-04-22 16:50:17+00
CONT_AWD_N0018912C0007_9700_-NONE-_-NONE-,N0018912C0007,,,,Q: Not Designated Nonemergency/Emergency/Disaster/Wildfire Suppression,,,,,12005086.19,0.00,12272526.35,12272526.35,2012-02-01,2012,2021-08-17,2021,2012-03-28,2017-05-27,2017-05-27 00:00:00,,,097,Department of Defense,1700,Department of the Navy,N00189,NAVSUP FLT LOG CTR NORFOLK,097,Department of Defense,1700,Department of the Navy,N46581,NAVAL SURFACE FORCE USLANTFLT,017-2015/2015-1804-000;017-2016/2016-1804-000;017-2017/2017-1804-000,017-1804,25.2: Other services from non-Federal sources;25.3: Other goods and services from Federal sources;25.4: Operation and maintenance of facilities;25.7: Operation and maintenance of equipment,0001: OPERATING FORCES;OPTN: FIELD IS OPTIONAL PRIOR TO FY21,X,NOT APPLICABLE,,,GE5FJT1MLF86,009066817,A2Z INC,"A2Z, INC.",,1T4J1,GE5FJT1MLF86,009066817,A2Z INC,A2Z  INC.,USA,UNITED STATES,1604 WILLIMANTIC CT,,VIRGINIA BEACH,51810,VIRGINIA BEACH (CITY),51,VA,VIRGINIA,234564877,VA-02,VA-02,7578516805,7578513517,USA,UNITED STATES,NORFOLK,51710,NORFOLK CITY,51,VA,VIRGINIA,235113392,VA-02,VA-03,AWARD,D,DEFINITIVE CONTRACT,,,,,,,Y,TIME AND MATERIALS,PHYSICAL DISTRIBUTION SUPPORT SERVICES,N0018911R0063,1,,,M1GZ,OPERATION OF OTHER WAREHOUSE BUILDINGS,D,NOT A BUNDLED REQUIREMENT,S1,SERVICES,541614,"PROCESS, PHYSICAL DISTRIBUTION, AND LOGISTICS CONSULTING SERVICES",C,NO CLAUSES INCLUDED AND NO SUSTAINABILITY INCLUDED,A,U.S. OWNED BUSINESS,000,NONE,Z,NOT IT PRODUCTS OR SERVICES,E,NOT REQUIRED,USA,UNITED STATES,C,NOT A MANUFACTURED END PRODUCT,B,PLAN NOT REQUIRED,D,FULL AND OPEN COMPETITION AFTER EXCLUSION OF SOURCES,NP,NEGOTIATED PROPOSAL/QUOTE,SBA,SMALL BUSINESS SET ASIDE - TOTAL,NONE,NO PREFERENCE USED,,,,,,,1,A,COMMERCIAL ITEM,f,N,NO,N,NO,Y,YES,N,NO,0.00,N,NO,N,NO,Y,YES,N,NO,X,NOT APPLICABLE,,,,,,,,NONE,NONE,N,NO,X,NOT APPLICABLE EXEMPT FROM CAS,N,TRANSACTION DOES NOT USE GFE/GFP,N,NO,N,NO,Y,YES - SERVICE WHERE PBA IS USED.,N,NO,Z,NOT APPLICABLE,N,NO,X,NOT APPLICABLE,f,f,f,f,f,t,f,t,f,f,f,f,f,f,f,f,f,f,f,SMALL BUSINESS,S,f,f,f,f,f,f,f,f,f,f,f,f,f,f,f,f,f,OTHER,f,f,f,f,f,f,f,f,f,f,f,f,f,f,f,t,f,f,f,f,f,f,f,f,f,t,f,f,t,f,f,f,f,f,f,f,f,f,f,f,f,f,f,f,f,f,f,f,f,f,,,,,,,,,,,https://www.usaspending.gov/award/CONT_AWD_N0018912C0007_9700_-NONE-_-NONE-/,2021-08-17 12:48:32+00
CONT_AWD_N0018914CZ019_9700_-NONE-_-NONE-,N0018914CZ019,,,,,,,,,11803462.81,,15482505.93,15482505.93,2014-04-03,2014,2021-08-23,2021,2014-04-26,2017-04-25,2017-04-25 00:00:00,,,097,Department of Defense,9763,Defense Contract Management Agency,S1002A,DCMA SOUTHEAST,097,Department of Defense,1700,Department of the Navy,N00189,NAVSUP FLT LOG CTR NORFOLK,,,,,X,NOT APPLICABLE,,,QLNMVC12KWY3,,"LEIDOS, INC.","LEIDOS, INC.",,5UTE2,ZL41ERXMPAR3,,"LEIDOS HOLDINGS, INC.","LEIDOS, INC.",USA,UNITED STATES,11951 FREEDOM DR,,RESTON,51059,FAIRFAX,51,VA,VIRGINIA,201905640,VA-11,VA-11,5715267028,5715267976,USA,UNITED STATES,RESTON,51059,FAIRFAX,51,VA,VIRGINIA,201905640,VA-11,VA-11,AWARD,D,DEFINITIVE CONTRACT,,,,,,,U,COST PLUS FIXED FEE,IGF::OT::IGF NCCOSC SUPPORT SERVICES,N0018913RZ110,1,OT,OTHER FUNCTIONS,R499,SUPPORT- PROFESSIONAL: OTHER,D,NOT A BUNDLED REQUIREMENT,S1,SERVICES,541990,"ALL OTHER PROFESSIONAL, SCIENTIFIC, AND TECHNICAL SERVICES",C,NO CLAUSES INCLUDED AND NO SUSTAINABILITY INCLUDED,A,U.S. OWNED BUSINESS,000,NONE,Z,NOT IT PRODUCTS OR SERVICES,E,NOT REQUIRED,USA,UNITED STATES,C,NOT A MANUFACTURED END PRODUCT,C,PLAN REQUIRED - INCENTIVE NOT INCLUDED,A,FULL AND OPEN COMPETITION,NP,NEGOTIATED PROPOSAL/QUOTE,NONE,NO SET ASIDE USED.,NONE,NO PREFERENCE USED,,,,,,,4,D,COMMERCIAL ITEM PROCEDURES NOT USED,f,N,NO,N,NO,Y,YES,N,NO,0.00,N,NO,N,NO,N,NO,N,NO,X,NOT APPLICABLE,,,,,,,,NONE,NONE,N,NO,Y,YES - CAS CLAUSE INCLUDED,N,TRANSACTION DOES NOT USE GFE/GFP,N,NO,N,NO,Y,YES - SERVICE WHERE PBA IS USED.,N,NO,D,UNUSUAL PROGRESS PAYMENTS OR ADVANCE PAYMENTS,N,NO,X,NOT APPLICABLE,f,f,f,f,f,f,f,f,f,f,f,f,f,f,f,f,f,f,f,OTHER THAN SMALL BUSINESS,O,f,f,f,f,f,f,f,f,f,f,f,f,f,f,f,f,f,CORPORATE NOT TAX EXEMPT,t,f,f,f,f,f,f,f,f,f,f,f,f,f,f,f,f,t,f,f,f,f,f,f,f,f,f,f,t,f,f,f,f,f,f,f,f,f,f,f,f,f,f,f,f,f,f,f,f,f,,,,,,,,,,,https://www.usaspending.gov/award/CONT_AWD_N0018914CZ019_9700_-NONE-_-NONE-/,2025-04-22 16:50:17+00
CONT_AWD_N0018916CZ073_9700_-NONE-_-NONE-,N0018916CZ073,,,,,,,,,7265644.80,0.00,7265644.80,7265644.80,2016-08-30,2016,2021-08-18,2021,2016-09-29,2021-09-28,2021-09-28 00:00:00,,,097,Department of Defense,1700,Department of the Navy,N00189,NAVSUP FLT LOG CTR NORFOLK,097,Department of Defense,1700,Department of the Navy,N00018,BUREAU OF MEDICINE AND SURGERY,097-2016/2016-0130-000;097-2019/2019-0130-000,097-0130,25.6: Medical care;25.8: Subsistence and support of persons,,X,NOT APPLICABLE,,,T4UET5D7JPB4,121269968,"APOGEE SOLUTIONS, INC.","APOGEE SOLUTIONS, INC.",,3CAD1,T4UET5D7JPB4,121269968,"APOGEE SOLUTIONS, INC.",APOGEE SOLUTIONS  INC.,USA,UNITED STATES,501 INDEPENDENCE PKWY STE 108,,CHESAPEAKE,51550,CHESAPEAKE (CITY),51,VA,VIRGINIA,233205173,VA-03,VA-03,7575492645,7575499939,USA,UNITED STATES,FALLS CHURCH,51059,FAIRFAX,51,VA,VIRGINIA,220422799,VA-08,VA-08,AWARD,D,DEFINITIVE CONTRACT,,,,,,,J,FIRM FIXED PRICE,IGF::OT::IGF WOUNDED WARRIOR REGIMENT SERVICES,N0018916RZ023,1,OT,OTHER FUNCTIONS,Q999,MEDICAL- OTHER,D,NOT A BUNDLED REQUIREMENT,S1,SERVICES,621999,ALL OTHER MISCELLANEOUS AMBULATORY HEALTH CARE SERVICES,C,NO CLAUSES INCLUDED AND NO SUSTAINABILITY INCLUDED,A,U.S. OWNED BUSINESS,000,NONE,Z,NOT IT PRODUCTS OR SERVICES,E,NOT REQUIRED,USA,UNITED STATES,C,NOT A MANUFACTURED END PRODUCT,B,PLAN NOT REQUIRED,D,FULL AND OPEN COMPETITION AFTER EXCLUSION OF SOURCES,NP,NEGOTIATED PROPOSAL/QUOTE,SBA,SMALL BUSINESS SET ASIDE - TOTAL,NONE,NO PREFERENCE USED,,,,,,,5,A,COMMERCIAL ITEM,f,N,NO,N,NO,Y,YES,N,NO,0.00,N,NO,N,NO,N,NO,N,NO,X,NOT APPLICABLE,,,,,,,,NONE,NONE,N,NO,X,NOT APPLICABLE EXEMPT FROM CAS,N,TRANSACTION DOES NOT USE GFE/GFP,U,UNKNOWN,N,NO,Y,YES - SERVICE WHERE PBA IS USED.,N,NO,Z,NOT APPLICABLE,N,NO,X,NOT APPLICABLE,f,f,f,f,f,f,f,t,t,t,f,f,f,f,f,f,f,f,f,SMALL BUSINESS,S,f,f,f,f,f,f,f,f,f,f,f,f,f,f,f,f,f,CORPORATE NOT TAX EXEMPT,t,f,f,f,f,f,f,f,f,f,f,f,f,f,f,f,f,t,f,f,f,f,f,f,f,t,f,f,t,f,f,f,f,f,f,f,f,f,f,f,f,f,f,f,f,f,f,f,f,f,,,,,,,,,,,https://www.usaspending.gov/award/CONT_AWD_N0018916CZ073_9700_-NONE-_-NONE-/,2021-08-18 09:55:03+00
CONT_AWD_N0038320CD016_9700_-NONE-_-NONE-,N0038320CD016,,,,,,,,,15410.00,,15410.00,15410.00,2020-04-27,2020,2021-08-18,2021,2020-04-27,2022-08-18,2022-08-18 00:00:00,,,097,Department of Defense,1700,Department of the Navy,N00383,NAVSUP WEAPON SYSTEMS SUPPORT,097,Department of Defense,1700,Department of the Navy,N00383,NAVSUP WEAPON SYSTEMS SUPPORT,,,,,X,NOT APPLICABLE,,,Y7SVCCT598Z5,145061201,GOODRICH CORPORATION,GOODRICH CORPORATION,,3TAH8,PPLZG8J3N9D4,001344142,RTX CORP,GOODRICH CORPORATION,USA,UNITED STATES,4115 CORPORATE CENTER DR,,MONROE,37179,UNION,37,NC,NORTH CAROLINA,281101313,NC-09,NC-08,7042822718,,USA,UNITED STATES,MONROE,37179,UNION,37,NC,NORTH CAROLINA,281102702,NC-09,NC-08,AWARD,D,DEFINITIVE CONTRACT,,,,,,,J,FIRM FIXED PRICE,IGNITION UNIT,,1,OT,OTHER FUNCTIONS,2925,"ENGINE ELECTRICAL SYSTEM COMPONENTS, AIRCRAFT PRIME MOVING",H,NOT BUNDLED,A1C,OTHER AIRCRAFT EQUIPMENT,332439,OTHER METAL CONTAINER MANUFACTURING,C,NO CLAUSES INCLUDED AND NO SUSTAINABILITY INCLUDED,A,U.S. OWNED BUSINESS,000,NONE,Z,NOT IT PRODUCTS OR SERVICES,E,NOT REQUIRED,USA,UNITED STATES,D,MFG IN U.S.,B,PLAN NOT REQUIRED,C,NOT COMPETED,SSS,ONLY ONE SOURCE,NONE,NO SET ASIDE USED.,NONE,NO PREFERENCE USED,,,,,ONE,ONLY ONE SOURCE-OTHER (FAR 6.302-1 OTHER),1,A,COMMERCIAL ITEM,f,N,NO,N,NO,X,NOT APPLICABLE,N,NO,0.00,N,NO,N,NO,N,NO,X,NOT APPLICABLE,X,NOT APPLICABLE,,,,,,,,NONE,NONE,W,NOT OBTAINED - WAIVED,X,NOT APPLICABLE EXEMPT FROM CAS,N,TRANSACTION DOES NOT USE GFE/GFP,U,UNKNOWN,D,NOT CONSOLIDATED,X,NOT APPLICABLE,N,NO,Z,NOT APPLICABLE,N,NO,X,NOT APPLICABLE,f,f,f,f,f,f,f,f,f,f,f,f,f,f,f,f,f,f,f,OTHER THAN SMALL BUSINESS,O,f,f,f,f,f,f,f,f,f,f,f,f,f,f,f,f,f,CORPORATE NOT TAX EXEMPT,t,f,f,f,f,f,f,f,f,f,f,f,f,f,f,f,f,t,f,f,f,f,f,f,f,f,f,f,t,f,f,f,f,f,f,f,f,f,f,f,f,f,f,f,f,f,f,f,f,f,,,,,,,,,,,https://www.usaspending.gov/award/CONT_AWD_N0038320CD016_9700_-NONE-_-NONE-/,2021-09-27 15:59:28+00
CONT_AWD_N0042111C1044_9700_-NONE-_-NONE-,N0042111C1044,,,,,,,,,194845415.62,,194845415.62,194845415.62,2011-06-30,2011,2021-08-23,2021,2011-07-01,2017-01-31,2017-01-31 00:00:00,,,097,Department of Defense,9763,Defense Contract Management Agency,S1403A,DCMA GREAT LAKES,097,Department of Defense,1700,Department of the Navy,N00421,NAVAL AIR WARFARE CENTER AIR DIV,,,,,A,FOREIGN FUNDS FMS,,,NHQJPMYJEVJ9,067448076,"KAY AND ASSOCIATES, INC.","KAY AND ASSOCIATES, INC.",,9B116,NHQJPMYJEVJ9,067448076,"KAY AND ASSOCIATES, INC.",KAY AND ASSOCIATES  INC.,USA,UNITED STATES,165 N ARLINGTON HEIGHTS RD STE 150,,BUFFALO GROVE,17097,LAKE,17,IL,ILLINOIS,600891783,IL-10,IL-09,8472558444,8472556818,USA,UNITED STATES,BUFFALO GROVE,17097,LAKE,17,IL,ILLINOIS,600891783,IL-10,IL-09,AWARD,D,DEFINITIVE CONTRACT,,,,,,,U,COST PLUS FIXED FEE,FA-18 CMS,N0042111R0033,1,,,J016,MAINT/REPAIR/REBUILD OF EQUIPMENT- AIRCRAFT COMPONENTS AND ACCESSORIES,D,NOT A BUNDLED REQUIREMENT,S1,SERVICES,488190,OTHER SUPPORT ACTIVITIES FOR AIR TRANSPORTATION,C,NO CLAUSES INCLUDED AND NO SUSTAINABILITY INCLUDED,A,U.S. OWNED BUSINESS,000,NONE,Z,NOT IT PRODUCTS OR SERVICES,E,NOT REQUIRED,USA,UNITED STATES,C,NOT A MANUFACTURED END PRODUCT,B,PLAN NOT REQUIRED,C,NOT COMPETED,SSS,ONLY ONE SOURCE,NONE,NO SET ASIDE USED.,NONE,NO PREFERENCE USED,,,,,ONE,ONLY ONE SOURCE-OTHER (FAR 6.302-1 OTHER),1,D,COMMERCIAL ITEM PROCEDURES NOT USED,f,N,NO,N,NO,Y,YES,N,NO,0.00,N,NO,X,NOT APPLICABLE,X,NOT APPLICABLE,X,NOT APPLICABLE,X,NOT APPLICABLE,,,,,,,,NONE,NONE,N,NO,Y,YES - CAS CLAUSE INCLUDED,N,TRANSACTION DOES NOT USE GFE/GFP,N,NO,N,NO,N,NO - SERVICE WHERE PBA IS NOT USED.,N,NO,Z,NOT APPLICABLE,N,NO,X,NOT APPLICABLE,f,f,f,f,f,f,f,f,f,f,f,f,f,f,f,f,f,f,f,OTHER THAN SMALL BUSINESS,O,f,f,f,f,f,f,f,f,f,f,f,f,f,f,f,f,f,OTHER,f,f,f,f,f,f,f,f,f,f,f,f,f,f,f,t,f,f,f,f,f,f,f,f,f,t,f,f,t,f,f,f,f,f,f,f,f,f,f,f,f,f,f,f,f,f,f,f,f,f,GREGORY G KAY,885827.00,BRADLEY J KAY,884484.00,JOSHUA  KAY,225144.00,DIANNA  CHINN,225000.00,KAREN  RABUS,226188.00,https://www.usaspending.gov/award/CONT_AWD_N0042111C1044_9700_-NONE-_-NONE-/,2021-08-23 14:26:45+00
CONT_AWD_N0042115C0038_9700_-NONE-_-NONE-,N0042115C0038,,,,Q: Not Designated Nonemergency/Emergency/Disaster/Wildfire Suppression,,,,,52026823.20,0.00,53891187.75,53901573.75,2015-05-14,2015,2021-08-23,2021,2015-05-16,2018-11-20,2018-11-20 00:00:00,,,097,Department of Defense,1700,Department of the Navy,N00421,NAVAL AIR WARFARE CENTER AIR DIV,097,Department of Defense,1700,Department of the Navy,N00421,NAVAL AIR WARFARE CENTER AIR DIV,057-2016/2016-3400-000,057-3400,25.1: Advisory and assistance services,0001: OPERATING FORCES,X,NOT APPLICABLE,,,KJDQBTJ7KUH4,122095169,"AMERICAN ELECTRONIC WARFARE ASSOCIATES, INCORPORATED","AMERICAN ELECTRONIC WARFARE ASSOCIATES, INCORPORATED",,3Y493,KJDQBTJ7KUH4,122095169,"AMERICAN ELECTRONIC WARFARE ASSOCIATES, INCORPORATED",AMERICAN ELECTRONIC WARFARE ASSOCIATES  INCORPORATED,USA,UNITED STATES,44427 AIRPORT RD STE 200,,CALIFORNIA,24037,ST. MARY'S,24,MD,MARYLAND,206192034,MD-05,MD-05,3018637102,3018630298,USA,UNITED STATES,PATUXENT RIVER,24037,SAINT MARYS,24,MD,MARYLAND,206701507,MD-05,MD-05,AWARD,D,DEFINITIVE CONTRACT,,,,,,,U,COST PLUS FIXED FEE,IGF::OT::IGF BRIDGE CONTRACT,N0042115R0048,1,OT,OTHER FUNCTIONS,R408,SUPPORT- PROFESSIONAL: PROGRAM MANAGEMENT/SUPPORT,D,NOT A BUNDLED REQUIREMENT,S1,SERVICES,541330,ENGINEERING SERVICES,C,NO CLAUSES INCLUDED AND NO SUSTAINABILITY INCLUDED,A,U.S. OWNED BUSINESS,000,NONE,Z,NOT IT PRODUCTS OR SERVICES,E,NOT REQUIRED,USA,UNITED STATES,C,NOT A MANUFACTURED END PRODUCT,B,PLAN NOT REQUIRED,C,NOT COMPETED,SSS,ONLY ONE SOURCE,NONE,NO SET ASIDE USED.,NONE,NO PREFERENCE USED,,,,,ONE,ONLY ONE SOURCE-OTHER (FAR 6.302-1 OTHER),1,D,COMMERCIAL ITEM PROCEDURES NOT USED,f,N,NO,N,NO,Y,YES,N,NO,0.00,N,NO,N,NO,Y,YES,N,NO,X,NOT APPLICABLE,,,,,,,,NONE,NONE,Y,YES,X,NOT APPLICABLE EXEMPT FROM CAS,N,TRANSACTION DOES NOT USE GFE/GFP,U,UNKNOWN,N,NO,Y,YES - SERVICE WHERE PBA IS USED.,N,NO,Z,NOT APPLICABLE,N,NO,X,NOT APPLICABLE,f,f,f,f,f,t,f,f,f,f,f,f,f,f,f,f,f,f,f,SMALL BUSINESS,S,f,f,f,f,f,f,f,f,f,f,f,f,f,f,f,f,f,CORPORATE NOT TAX EXEMPT,t,f,f,f,f,f,f,f,f,f,f,f,f,f,f,f,f,t,f,f,f,f,f,f,f,t,f,f,t,f,f,f,f,f,f,f,f,f,f,f,f,f,f,f,f,f,f,f,f,f,CHARLES L JEFFRIES,291000.00,RAMONA  EAKER,255000.00,MARC  BRIERE,220000.00,JODI  PILKERTON,220000.00,JAMES  DONOVAN,215000.00,https://www.usaspending.gov/award/CONT_AWD_N0042115C0038_9700_-NONE-_-NONE-/,2021-08-23 11:51:50+00
CONT_AWD_N0042119C0016_9700_-NONE-_-NONE-,N0042119C0016,,,,,,,,,1967922.60,0.00,1967922.60,1967922.60,2019-04-03,2019,2021-08-18,2021,2019-04-03,2020-02-29,2020-02-29 00:00:00,,2019-03-14,097,Department of Defense,1700,Department of the Navy,N00421,NAVAL AIR WARFARE CENTER AIR DIV,097,Department of Defense,1700,Department of the Navy,N00421,NAVAL AIR WARFARE CENTER AIR DIV,017-2017/2019-1506-000;017-2019/2021-1506-000,017-1506,26.0: Supplies and materials,,X,NOT APPLICABLE,,,HYN4LL3VRAE6,116749289,SAFE INC,SAFE INC,,3CC53,HYN4LL3VRAE6,116749289,SAFE INC,SAFE INC,USA,UNITED STATES,5032 S ASH AVE STE 101,,TEMPE,04013,MARICOPA,04,AZ,ARIZONA,852826842,AZ-09,AZ-04,4808202032,4808202072,USA,UNITED STATES,TEMPE,04013,MARICOPA,04,AZ,ARIZONA,852826842,AZ-09,AZ-04,AWARD,D,DEFINITIVE CONTRACT,,,,,,,J,FIRM FIXED PRICE,FUNDING IN SUPPORT OF CLIN 0001,,1,"CL,CT","CLOSELY ASSOCIATED,CRITICAL FUNCTIONS",1680,MISCELLANEOUS AIRCRAFT ACCESSORIES AND COMPONENTS,H,NOT BUNDLED,A1A,AIRFRAMES AND SPARES,336413,OTHER AIRCRAFT PARTS AND AUXILIARY EQUIPMENT MANUFACTURING,C,NO CLAUSES INCLUDED AND NO SUSTAINABILITY INCLUDED,A,U.S. OWNED BUSINESS,000,NONE,Z,NOT IT PRODUCTS OR SERVICES,A,MEETS REQUIREMENTS,USA,UNITED STATES,D,MFG IN U.S.,B,PLAN NOT REQUIRED,C,NOT COMPETED,SSS,ONLY ONE SOURCE,NONE,NO SET ASIDE USED.,NONE,NO PREFERENCE USED,,,,,URG,URGENCY (FAR 6.302-2),1,D,COMMERCIAL ITEM PROCEDURES NOT USED,f,N,NO,N,NO,X,NOT APPLICABLE,N,NO,0.00,N,NO,N,NO,N,NO,N,NO,X,NOT APPLICABLE,,,,,,,,NONE,NONE,N,NO,Y,YES - CAS CLAUSE INCLUDED,N,TRANSACTION DOES NOT USE GFE/GFP,U,UNKNOWN,D,NOT CONSOLIDATED,X,NOT APPLICABLE,N,NO,A,FAR 52.232-16 PROGRESS PAYMENTS,N,NO,X,NOT APPLICABLE,f,f,f,f,f,t,f,f,f,f,f,f,f,f,f,f,f,f,f,SMALL BUSINESS,S,f,f,f,f,f,f,f,f,f,f,f,f,f,f,f,f,f,CORPORATE NOT TAX EXEMPT,t,f,f,f,f,f,f,f,f,f,f,f,t,f,f,f,f,t,f,f,f,f,f,f,f,f,f,f,t,f,f,f,f,f,f,f,f,f,f,f,f,f,f,f,f,f,f,f,f,f,,,,,,,,,,,https://www.usaspending.gov/award/CONT_AWD_N0042119C0016_9700_-NONE-_-NONE-/,2021-08-18 09:22:18+00
CONT_AWD_N0042121C0045_9700_-NONE-_-NONE-,N0042121C0045,,,,,,,,,2093663.63,,2093663.63,2333663.63,2021-08-18,2021,2021-08-18,2021,2021-08-18,2022-04-22,2022-04-22 00:00:00,,2021-06-15,097,Department of Defense,1700,Department of the Navy,N00421,NAVAL AIR WARFARE CENTER AIR DIV,097,Department of Defense,1700,Department of the Navy,N00421,NAVAL AIR WARFARE CENTER AIR DIV,,,,,X,NOT APPLICABLE,,,GC2ZPH2W8J14,,"THE SANCHEZ GROUP OF COMPANIES, LLC","SANCHEZ GROUP OF COMPANIES, LLC, THE",,8GQW1,K1X3AGMLFCJ3,,"THE SANCHEZ GROUP OF COMPANIES, LLC",SANCHEZ GROUP OF COMPANIES  LLC  THE,USA,UNITED STATES,20990 POINT LOOKOUT RD,,CALLAWAY,24037,ST. MARY'S,24,MD,MARYLAND,206202035,MD-05,MD-05,7865861392,,USA,UNITED STATES,PATUXENT RIVER,24037,SAINT MARYS,24,MD,MARYLAND,206709998,MD-05,MD-05,AWARD,D,DEFINITIVE CONTRACT,,,,,,,J,FIRM FIXED PRICE,B2272 PROCUREMENT PILOT,N0042121R0151,1,OT,OTHER FUNCTIONS,Z2AZ,REPAIR OR ALTERATION OF OTHER ADMINISTRATIVE FACILITIES AND SERVICE BUILDINGS,H,NOT BUNDLED,C2,CONSTRUCTION,236220,COMMERCIAL AND INSTITUTIONAL BUILDING CONSTRUCTION,C,NO CLAUSES INCLUDED AND NO SUSTAINABILITY INCLUDED,A,U.S. OWNED BUSINESS,000,NONE,Z,NOT IT PRODUCTS OR SERVICES,E,NOT REQUIRED,USA,UNITED STATES,C,NOT A MANUFACTURED END PRODUCT,B,PLAN NOT REQUIRED,C,NOT COMPETED,SSS,ONLY ONE SOURCE,NONE,NO SET ASIDE USED.,NONE,NO PREFERENCE USED,,,,,ONE,ONLY ONE SOURCE-OTHER (FAR 6.302-1 OTHER),1,D,COMMERCIAL ITEM PROCEDURES NOT USED,f,N,NO,N,NO,Y,YES,N,NO,0.00,N,NO,N,NO,N,NO,Y,YES,X,NOT APPLICABLE,,,,,,,,NONE,NONE,N,NO,X,NOT APPLICABLE EXEMPT FROM CAS,N,TRANSACTION DOES NOT USE GFE/GFP,U,UNKNOWN,D,NOT CONSOLIDATED,N,NO - SERVICE WHERE PBA IS NOT USED.,N,NO,Z,NOT APPLICABLE,N,NO,X,NOT APPLICABLE,f,f,f,f,f,f,f,f,f,f,f,f,t,f,f,f,t,f,f,SMALL BUSINESS,S,f,f,f,f,f,f,f,f,f,f,f,f,f,f,f,f,f,CORPORATE NOT TAX EXEMPT,t,f,f,f,f,f,f,f,f,f,f,f,f,f,f,f,f,t,f,f,f,f,f,f,f,f,t,f,t,f,f,f,f,f,f,f,f,f,f,f,f,f,f,f,f,t,f,t,f,f,,,,,,,,,,,https://www.usaspending.gov/award/CONT_AWD_N0042121C0045_9700_-NONE-_-NONE-/,2024-11-26 19:45:58+00
CONT_AWD_N3220517C3505_9700_-NONE-_-NONE-,N3220517C3505,,,,,,,,,35788650.58,0.00,35788650.58,35788650.58,2017-08-04,2017,2021-08-17,2021,2017-08-04,2021-07-02,2021-07-02 00:00:00,,,097,Department of Defense,1700,Department of the Navy,N32205,MSCHQ NORFOLK,097,Department of Defense,1700,Department of the Navy,N32205,MSCHQ NORFOLK,097-X-4930-000,097-4930,25.2: Other services from non-Federal sources,,X,NOT APPLICABLE,,,LMCHUDJAQ3L5,963335141,ALPHA MARINE SERVICES LLC,"ALPHA MARINE SERVICES, L.L.C.",,7PJR0,LMCHUDJAQ3L5,963335141,ALPHA MARINE SERVICES LLC,ALPHA MARINE SERVICES  L.L.C.,USA,UNITED STATES,16201 EAST MAIN ST,,GALLIANO,22057,LAFOURCHE,22,LA,LOUISIANA,70354,LA-01,LA-01,9856014250,,USA,UNITED STATES,NORFOLK,51710,NORFOLK CITY,51,VA,VIRGINIA,235110001,VA-02,VA-03,AWARD,D,DEFINITIVE CONTRACT,,,,,,,J,FIRM FIXED PRICE,N103A PEROHA IGF::OT::IGF DEEP SEA FREIGHT (TOWING&SALVAGE VESSEL) - FIRM PERIOD,N3220517R3505,1,OT,OTHER FUNCTIONS,V124,TRANSPORTATION/TRAVEL/RELOCATION- TRANSPORTATION: MARINE CHARTER,H,NOT BUNDLED,S1,SERVICES,483111,DEEP SEA FREIGHT TRANSPORTATION,C,NO CLAUSES INCLUDED AND NO SUSTAINABILITY INCLUDED,A,U.S. OWNED BUSINESS,000,NONE,Z,NOT IT PRODUCTS OR SERVICES,E,NOT REQUIRED,USA,UNITED STATES,C,NOT A MANUFACTURED END PRODUCT,B,PLAN NOT REQUIRED,A,FULL AND OPEN COMPETITION,NP,NEGOTIATED PROPOSAL/QUOTE,NONE,NO SET ASIDE USED.,NONE,NO PREFERENCE USED,,,,,,,3,D,COMMERCIAL ITEM PROCEDURES NOT USED,f,N,NO,N,NO,X,NOT APPLICABLE,N,NO,0.00,N,NO,X,NOT APPLICABLE,Y,YES,X,NOT APPLICABLE,X,NOT APPLICABLE,,,,,,,,NONE,NONE,N,NO,X,NOT APPLICABLE EXEMPT FROM CAS,N,TRANSACTION DOES NOT USE GFE/GFP,U,UNKNOWN,D,NOT CONSOLIDATED,Y,YES - SERVICE WHERE PBA IS USED.,N,NO,Z,NOT APPLICABLE,N,NO,X,NOT APPLICABLE,f,f,f,f,f,f,f,f,f,f,f,f,f,f,f,f,f,f,f,SMALL BUSINESS,S,f,f,f,f,f,f,f,f,f,f,f,f,f,f,f,f,f,PARTNERSHIP,f,f,t,f,f,f,f,f,f,f,f,f,f,f,f,f,f,t,f,f,f,f,f,f,f,f,t,f,t,f,f,f,f,f,f,f,f,f,f,f,f,f,f,f,f,t,f,f,f,f,,,,,,,,,,,https://www.usaspending.gov/award/CONT_AWD_N3220517C3505_9700_-NONE-_-NONE-/,2021-08-17 08:06:48+00
CONT_AWD_N3319119C1000_9700_-NONE-_-NONE-,N3319119C1000,,,,Q: Not Designated Nonemergency/Emergency/Disaster/Wildfire Suppression,,,,,7968136.56,0.00,7968136.56,7968136.56,2019-05-20,2019,2021-08-19,2021,2019-05-20,2021-11-20,2021-11-20 00:00:00,,2018-07-25,097,Department of Defense,1700,Department of the Navy,N33191,NAVFACSYSCOM EUROPE AFRICA CENTRAL,097,Department of Defense,1700,Department of the Navy,N33191,NAVFACSYSCOM EUROPE AFRICA CENTRAL,017-2019/2019-1804-000,017-1804,25.3: Other goods and services from Federal sources,0001: OPERATING FORCES,X,NOT APPLICABLE,,,JKKPL5AJL3N5,464773431,CONSTRUCCIONES FELIPE CASTELLANO SA,"CONSTRUCCIONES FELIPE CASTELLANO, S.A",,462BB,E44PZE9SA1E5,463695951,CASTELLANO COBRA UTE MACC LEY 18-1982,GRUPO PROCOURVAL SL.,ESP,SPAIN,AVENIDA VALDECARRETAS 8,,ROTA,,,,,CADIZ,115200000,,,,,ESP,SPAIN,,,,,,,,,,AWARD,D,DEFINITIVE CONTRACT,,,,,,,J,FIRM FIXED PRICE,REPAIR INSTALLATION FIRE SUPPRESSION DEFICIENCY,N3319118R1600,1,OT,OTHER FUNCTIONS,Z2AZ,REPAIR OR ALTERATION OF OTHER ADMINISTRATIVE FACILITIES AND SERVICE BUILDINGS,H,NOT BUNDLED,C2,CONSTRUCTION,236220,COMMERCIAL AND INSTITUTIONAL BUILDING CONSTRUCTION,C,NO CLAUSES INCLUDED AND NO SUSTAINABILITY INCLUDED,D,FOREIGN-OWNED BUSINESS NOT INCORPORATED IN THE U.S.,000,NONE,Z,NOT IT PRODUCTS OR SERVICES,E,NOT REQUIRED,ESP,SPAIN,C,NOT A MANUFACTURED END PRODUCT,B,PLAN NOT REQUIRED,A,FULL AND OPEN COMPETITION,NP,NEGOTIATED PROPOSAL/QUOTE,NONE,NO SET ASIDE USED.,NONE,NO PREFERENCE USED,,,,,,,8,D,COMMERCIAL ITEM PROCEDURES NOT USED,f,N,NO,N,NO,Y,YES,N,NO,0.00,N,NO,X,NOT APPLICABLE,X,NOT APPLICABLE,X,NOT APPLICABLE,X,NOT APPLICABLE,,,,,,,,NONE,NONE,N,NO,X,NOT APPLICABLE EXEMPT FROM CAS,N,TRANSACTION DOES NOT USE GFE/GFP,U,UNKNOWN,D,NOT CONSOLIDATED,N,NO - SERVICE WHERE PBA IS NOT USED.,N,NO,Z,NOT APPLICABLE,N,NO,X,NOT APPLICABLE,f,f,f,f,f,f,f,f,f,f,f,f,f,f,f,f,f,f,f,OTHER THAN SMALL BUSINESS,O,f,f,f,f,f,f,f,f,f,f,f,f,f,f,f,f,f,OTHER,f,f,f,f,f,f,f,f,f,f,f,f,f,f,f,f,f,t,f,f,f,f,f,f,f,f,f,f,t,f,f,f,f,f,f,f,f,f,f,f,f,f,f,f,f,f,f,f,f,f,,,,,,,,,,,https://www.usaspending.gov/award/CONT_AWD_N3319119C1000_9700_-NONE-_-NONE-/,2021-08-19 03:27:53+00
CONT_AWD_N3904021C0080_9700_-NONE-_-NONE-,N3904021C0080,,,,,,,,,4216124.00,,4216124.00,4216124.00,2021-05-20,2021,2021-08-19,2021,2021-05-03,2021-12-12,2021-12-12 00:00:00,,2021-02-11,097,Department of Defense,1700,Department of the Navy,N39040,PORTSMOUTH NAVAL SHIPYARD GF,097,Department of Defense,1700,Department of the Navy,N39040,PORTSMOUTH NAVAL SHIPYARD GF,,,,,X,NOT APPLICABLE,,,UAF9VK2RN5U4,831757047,EMPIRE HOSPITALITY LLC,"EMPIRE HOSPITALITY, LLC",,5NWN6,UAF9VK2RN5U4,831757047,EMPIRE HOSPITALITY LLC,EMPIRE HOSPITALITY  LLC,USA,UNITED STATES,901 OFFICERS ROW,,VANCOUVER,53011,CLARK,53,WA,WASHINGTON,986613849,WA-03,WA-03,5416063718,5416101851,USA,UNITED STATES,SAN DIEGO,06073,SAN DIEGO,06,CA,CALIFORNIA,921365298,CA-51,CA-52,AWARD,D,DEFINITIVE CONTRACT,,,,,,,J,FIRM FIXED PRICE,TEMPORARY LODGING,N3904021R0080,1,OT,OTHER FUNCTIONS,V231,"TRANSPORTATION/TRAVEL/RELOCATION- TRAVEL/LODGING/RECRUITMENT: LODGING, HOTEL/MOTEL",H,NOT BUNDLED,S1,SERVICES,531110,LESSORS OF RESIDENTIAL BUILDINGS AND DWELLINGS,C,NO CLAUSES INCLUDED AND NO SUSTAINABILITY INCLUDED,A,U.S. OWNED BUSINESS,000,NONE,Z,NOT IT PRODUCTS OR SERVICES,E,NOT REQUIRED,USA,UNITED STATES,C,NOT A MANUFACTURED END PRODUCT,B,PLAN NOT REQUIRED,D,FULL AND OPEN COMPETITION AFTER EXCLUSION OF SOURCES,NP,NEGOTIATED PROPOSAL/QUOTE,SBA,SMALL BUSINESS SET ASIDE - TOTAL,NONE,NO PREFERENCE USED,,,,,,,21,A,COMMERCIAL ITEM,f,N,NO,N,NO,Y,YES,N,NO,0.00,N,NO,X,NOT APPLICABLE,X,NOT APPLICABLE,X,NOT APPLICABLE,X,NOT APPLICABLE,,,,,,,,NONE,NONE,N,NO,X,NOT APPLICABLE EXEMPT FROM CAS,N,TRANSACTION DOES NOT USE GFE/GFP,N,NO,D,NOT CONSOLIDATED,Y,YES - SERVICE WHERE PBA IS USED.,N,NO,Z,NOT APPLICABLE,N,NO,X,NOT APPLICABLE,f,f,f,f,f,f,f,f,f,f,f,f,f,f,f,f,f,f,f,SMALL BUSINESS,S,f,f,f,f,f,f,f,f,f,f,f,f,f,f,f,f,f,CORPORATE NOT TAX EXEMPT,t,f,f,f,f,f,f,f,f,f,f,f,f,f,f,f,f,t,f,f,f,f,f,f,f,f,t,f,t,f,f,f,f,f,f,f,f,f,f,f,f,f,f,f,f,t,f,f,f,f,,,,,,,,,,,https://www.usaspending.gov/award/CONT_AWD_N3904021C0080_9700_-NONE-_-NONE-/,2021-08-19 09:30:29+00
CONT_AWD_N4008421C7012_9700_-NONE-_-NONE-,N4008421C7012,,,,,,,,,138076.24,,138076.24,138076.24,2021-08-24,2021,2021-08-24,2021,2021-08-24,2022-01-21,2022-01-21 00:00:00,,2021-07-28,097,Department of Defense,1700,Department of the Navy,N40084,NAVFACSYSCOM FAR EAST,097,Department of Defense,1700,Department of the Navy,N61060,NAVAL AIR FACILITY MISAWA JAPAN,,,,,X,NOT APPLICABLE,,,R1RBFM74NWJ3,,"TANAKAGUMI CO.,LTD.","TANAKAGUMI CO.,LTD.",,JSP38,ZR4JYQDXHM17,,TANAKAGUMI CO. LTD.,TANAKAGUMI CO. LTD.,JPN,JAPAN,"5-50-2199, AOBA, OIRASE-CHO",,KAMIKITA-GUN,,,,,AOMORI,039-2189,,,,,JPN,JAPAN,,,,,,,,,,AWARD,D,DEFINITIVE CONTRACT,,,,,,,J,FIRM FIXED PRICE,"REPLACE LIGHT FIXTURES WITH LED, BLDG. 929 AND 956, NAF MISAWA, JAPAN",N4008421T7012,1,OT,OTHER FUNCTIONS,Y1AA,CONSTRUCTION OF OFFICE BUILDINGS,H,NOT BUNDLED,C2,CONSTRUCTION,238210,ELECTRICAL CONTRACTORS AND OTHER WIRING INSTALLATION CONTRACTORS,C,NO CLAUSES INCLUDED AND NO SUSTAINABILITY INCLUDED,D,FOREIGN-OWNED BUSINESS NOT INCORPORATED IN THE U.S.,000,NONE,Z,NOT IT PRODUCTS OR SERVICES,E,NOT REQUIRED,JPN,JAPAN,C,NOT A MANUFACTURED END PRODUCT,B,PLAN NOT REQUIRED,F,COMPETED UNDER SAP,SP1,SIMPLIFIED ACQUISITION,NONE,NO SET ASIDE USED.,NONE,NO PREFERENCE USED,,,,,,,4,D,COMMERCIAL ITEM PROCEDURES NOT USED,f,N,NO,N,NO,Y,YES,N,NO,0.00,N,NO,X,NOT APPLICABLE,X,NOT APPLICABLE,X,NOT APPLICABLE,X,NOT APPLICABLE,,,,,,,,NONE,NONE,N,NO,X,NOT APPLICABLE EXEMPT FROM CAS,N,TRANSACTION DOES NOT USE GFE/GFP,U,UNKNOWN,D,NOT CONSOLIDATED,N,NO - SERVICE WHERE PBA IS NOT USED.,N,NO,Z,NOT APPLICABLE,N,NO,X,NOT APPLICABLE,f,f,f,f,f,f,f,f,f,f,f,f,f,f,f,f,f,f,f,OTHER THAN SMALL BUSINESS,O,f,f,f,f,f,f,f,f,f,f,f,f,f,f,f,f,f,CORPORATE NOT TAX EXEMPT,t,f,f,f,f,f,f,f,f,f,f,f,f,f,f,f,f,t,f,f,f,f,f,f,f,f,f,f,t,f,f,f,f,f,f,f,f,f,f,f,f,f,f,f,f,f,f,f,f,f,,,,,,,,,,,https://www.usaspending.gov/award/CONT_AWD_N4008421C7012_9700_-NONE-_-NONE-/,2022-07-06 14:08:03+00
CONT_AWD_N4008516C4620_9700_-NONE-_-NONE-,N4008516C4620,,,,Q: Not Designated Nonemergency/Emergency/Disaster/Wildfire Suppression,,,,,2511428.00,-325528.00,2511428.00,2511428.00,2016-04-11,2016,2021-08-19,2021,2016-04-08,2016-07-31,2016-07-31 00:00:00,,,097,Department of Defense,1700,Department of the Navy,N40085,NAVFACSYSCOM MID-ATLANTIC,097,Department of Defense,1700,Department of the Navy,N40085,NAVFACSYSCOM MID-ATLANTIC,017-2016/2016-1804-000,017-1804,25.4: Operation and maintenance of facilities,0001: OPERATING FORCES,X,NOT APPLICABLE,,,SDGQX4YAWGG2,,"DOYON MANAGEMENT SERVICES, LLC","DOYON MANAGEMENT SERVICES, LLC",,73F12,DGWUT8NL4LB4,,"DOYON, LIMITED",DOYON MANAGEMENT SERVICES  LLC,USA,UNITED STATES,"221 THIRD STREET, SUITE 204",,NEWPORT,44005,NEWPORT,44,RI,RHODE ISLAND,028401088,RI-02,RI-01,2533445300,,USA,UNITED STATES,NEWPORT,44005,NEWPORT,44,RI,RHODE ISLAND,028411712,RI-01,RI-01,AWARD,D,DEFINITIVE CONTRACT,,,,,,,J,FIRM FIXED PRICE,IGF::OT::IGF B-68 REPLACE SIDING ISS PROJECT,N4008516R4618,1,OT,OTHER FUNCTIONS,Y1AZ,CONSTRUCTION OF OTHER ADMINISTRATIVE FACILITIES AND SERVICE BUILDINGS,D,NOT A BUNDLED REQUIREMENT,C2,CONSTRUCTION,236220,COMMERCIAL AND INSTITUTIONAL BUILDING CONSTRUCTION,C,NO CLAUSES INCLUDED AND NO SUSTAINABILITY INCLUDED,A,U.S. OWNED BUSINESS,000,NONE,Z,NOT IT PRODUCTS OR SERVICES,E,NOT REQUIRED,USA,UNITED STATES,C,NOT A MANUFACTURED END PRODUCT,B,PLAN NOT REQUIRED,B,NOT AVAILABLE FOR COMPETITION,SSS,ONLY ONE SOURCE,8AN,8(A) SOLE SOURCE,NONE,NO PREFERENCE USED,,,,,OTH,AUTHORIZED BY STATUTE (FAR 6.302-5(A)(2)(I)),1,D,COMMERCIAL ITEM PROCEDURES NOT USED,f,N,NO,N,NO,Y,YES,N,NO,0.00,N,NO,N,NO,N,NO,Y,YES,X,NOT APPLICABLE,,,,,,,,NONE,NONE,Y,YES,X,NOT APPLICABLE EXEMPT FROM CAS,Y,TRANSACTION USES GFE/GFP,U,UNKNOWN,N,NO,N,NO - SERVICE WHERE PBA IS NOT USED.,N,NO,Z,NOT APPLICABLE,N,NO,X,NOT APPLICABLE,t,f,f,f,f,f,f,f,f,f,f,f,t,f,f,f,f,t,f,SMALL BUSINESS,S,f,f,f,f,f,f,f,f,f,f,f,f,f,f,f,f,f,PARTNERSHIP,f,f,t,f,f,f,f,f,f,f,f,f,f,f,f,f,f,t,f,f,f,f,f,f,f,f,t,f,t,f,f,f,f,f,f,f,f,f,f,f,f,f,f,f,f,t,f,t,f,f,,,,,,,,,,,https://www.usaspending.gov/award/CONT_AWD_N4008516C4620_9700_-NONE-_-NONE-/,2022-04-02 14:48:34+00
CONT_AWD_N4008518C3008_9700_-NONE-_-NONE-,N4008518C3008,,,,,,,,,2041881.79,0.00,2041881.79,2041881.79,2018-07-11,2018,2021-08-18,2021,2018-07-10,2019-10-15,2019-10-15 00:00:00,,2018-02-28,097,Department of Defense,1700,Department of the Navy,N40085,NAVFACSYSCOM MID-ATLANTIC,097,Department of Defense,1700,Department of the Navy,N61463,NAVY REGION MID ATLANTIC,017-2019/2019-1806-000,017-1806,25.4: Operation and maintenance of facilities,,X,NOT APPLICABLE,,,XJEBDRH9UKK5,002096830,DRIVE CONSTRUCTION INC,"DRIVE CONSTRUCTION, INC.",,6WA21,XJEBDRH9UKK5,002096830,DRIVE CONSTRUCTION INC,DRIVE CONSTRUCTION  INC.,USA,UNITED STATES,7235 S. FERDINAND AVENUE,,BRIDGEVIEW,17031,COOK,17,IL,ILLINOIS,604551182,IL-03,IL-06,7085462591,7085462592,USA,UNITED STATES,SAGINAW,26145,SAGINAW,26,MI,MICHIGAN,486014731,MI-05,MI-08,AWARD,D,DEFINITIVE CONTRACT,,,,,,,J,FIRM FIXED PRICE,IGF::OT::IGF NOSC SAGINAW ATFP SECURITY UPGRADES,N4008518R3008,1,OT,OTHER FUNCTIONS,Z2PZ,REPAIR OR ALTERATION OF OTHER NON-BUILDING FACILITIES,H,NOT BUNDLED,C2,CONSTRUCTION,236220,COMMERCIAL AND INSTITUTIONAL BUILDING CONSTRUCTION,C,NO CLAUSES INCLUDED AND NO SUSTAINABILITY INCLUDED,A,U.S. OWNED BUSINESS,000,NONE,Z,NOT IT PRODUCTS OR SERVICES,E,NOT REQUIRED,USA,UNITED STATES,C,NOT A MANUFACTURED END PRODUCT,B,PLAN NOT REQUIRED,D,FULL AND OPEN COMPETITION AFTER EXCLUSION OF SOURCES,NP,NEGOTIATED PROPOSAL/QUOTE,SBA,SMALL BUSINESS SET ASIDE - TOTAL,NONE,NO PREFERENCE USED,,,,,,,3,D,COMMERCIAL ITEM PROCEDURES NOT USED,f,N,NO,N,NO,Y,YES,N,NO,0.00,N,NO,X,NOT APPLICABLE,X,NOT APPLICABLE,Y,YES,X,NOT APPLICABLE,,,,,,,,NONE,NONE,N,NO,Y,YES - CAS CLAUSE INCLUDED,N,TRANSACTION DOES NOT USE GFE/GFP,N,NO,D,NOT CONSOLIDATED,Y,YES - SERVICE WHERE PBA IS USED.,N,NO,Z,NOT APPLICABLE,N,NO,X,NOT APPLICABLE,f,f,f,f,f,f,f,f,f,f,f,f,t,f,f,f,t,f,f,SMALL BUSINESS,S,f,f,f,f,f,f,f,f,f,f,f,f,f,f,f,f,f,CORPORATE NOT TAX EXEMPT,t,f,f,f,f,f,f,f,f,f,f,f,f,f,f,f,f,t,f,f,f,f,f,f,f,f,f,f,t,f,f,f,f,f,f,f,f,f,f,f,f,f,f,f,t,t,f,t,f,f,,,,,,,,,,,https://www.usaspending.gov/award/CONT_AWD_N4008518C3008_9700_-NONE-_-NONE-/,2021-08-18 07:20:31+00
CONT_AWD_N4008518C3009_9700_-NONE-_-NONE-,N4008518C3009,,,,,,,,,1659180.00,0.00,1659180.00,1659180.00,2018-07-11,2018,2021-08-18,2021,2018-07-10,2019-10-12,2019-10-12 00:00:00,,2018-02-28,097,Department of Defense,1700,Department of the Navy,N40085,NAVFACSYSCOM MID-ATLANTIC,097,Department of Defense,1700,Department of the Navy,N61463,NAVY REGION MID ATLANTIC,017-2019/2019-1806-000,017-1806,25.4: Operation and maintenance of facilities,,X,NOT APPLICABLE,,,XJEBDRH9UKK5,002096830,DRIVE CONSTRUCTION INC,"DRIVE CONSTRUCTION, INC.",,6WA21,XJEBDRH9UKK5,002096830,DRIVE CONSTRUCTION INC,DRIVE CONSTRUCTION  INC.,USA,UNITED STATES,7235 S. FERDINAND AVENUE,,BRIDGEVIEW,17031,COOK,17,IL,ILLINOIS,604551182,IL-03,IL-06,7085462591,7085462592,USA,UNITED STATES,PERRYSBURG,39173,WOOD,39,OH,OHIO,435513014,OH-05,OH-09,AWARD,D,DEFINITIVE CONTRACT,,,,,,,J,FIRM FIXED PRICE,IGF::OT::IGF NOSC TOLEDO ATFP SECURITY UPGRADES,N4008518R3009,1,OT,OTHER FUNCTIONS,Z2PZ,REPAIR OR ALTERATION OF OTHER NON-BUILDING FACILITIES,H,NOT BUNDLED,C2,CONSTRUCTION,236220,COMMERCIAL AND INSTITUTIONAL BUILDING CONSTRUCTION,C,NO CLAUSES INCLUDED AND NO SUSTAINABILITY INCLUDED,A,U.S. OWNED BUSINESS,000,NONE,Z,NOT IT PRODUCTS OR SERVICES,E,NOT REQUIRED,USA,UNITED STATES,C,NOT A MANUFACTURED END PRODUCT,B,PLAN NOT REQUIRED,D,FULL AND OPEN COMPETITION AFTER EXCLUSION OF SOURCES,NP,NEGOTIATED PROPOSAL/QUOTE,SBA,SMALL BUSINESS SET ASIDE - TOTAL,NONE,NO PREFERENCE USED,,,,,,,4,D,COMMERCIAL ITEM PROCEDURES NOT USED,f,N,NO,N,NO,Y,YES,N,NO,0.00,N,NO,X,NOT APPLICABLE,X,NOT APPLICABLE,Y,YES,X,NOT APPLICABLE,,,,,,,,NONE,NONE,N,NO,Y,YES - CAS CLAUSE INCLUDED,N,TRANSACTION DOES NOT USE GFE/GFP,N,NO,D,NOT CONSOLIDATED,Y,YES - SERVICE WHERE PBA IS USED.,N,NO,Z,NOT APPLICABLE,N,NO,X,NOT APPLICABLE,f,f,f,f,f,f,f,f,f,f,f,f,t,f,f,f,t,f,f,SMALL BUSINESS,S,f,f,f,f,f,f,f,f,f,f,f,f,f,f,f,f,f,CORPORATE NOT TAX EXEMPT,t,f,f,f,f,f,f,f,f,f,f,f,f,f,f,f,f,t,f,f,f,f,f,f,f,f,f,f,t,f,f,f,f,f,f,f,f,f,f,f,f,f,f,f,t,t,f,t,f,f,,,,,,,,,,,https://www.usaspending.gov/award/CONT_AWD_N4008518C3009_9700_-NONE-_-NONE-/,2021-08-18 07:33:28+00
CONT_AWD_N4008518C3010_9700_-NONE-_-NONE-,N4008518C3010,,,,,,,,,1554808.21,0.00,1554808.21,1554808.21,2018-07-10,2018,2021-08-18,2021,2018-07-10,2019-07-10,2019-07-10 00:00:00,,2018-03-01,097,Department of Defense,1700,Department of the Navy,N40085,NAVFACSYSCOM MID-ATLANTIC,097,Department of Defense,1700,Department of the Navy,N61463,NAVY REGION MID ATLANTIC,017-2018/2018-1806-000,017-1806,25.4: Operation and maintenance of facilities,,X,NOT APPLICABLE,,,XJEBDRH9UKK5,002096830,DRIVE CONSTRUCTION INC,"DRIVE CONSTRUCTION, INC.",,6WA21,XJEBDRH9UKK5,002096830,DRIVE CONSTRUCTION INC,DRIVE CONSTRUCTION  INC.,USA,UNITED STATES,7235 S. FERDINAND AVENUE,,BRIDGEVIEW,17031,COOK,17,IL,ILLINOIS,604551182,IL-03,IL-06,7085462591,7085462592,USA,UNITED STATES,PEORIA,17143,PEORIA,17,IL,ILLINOIS,616045251,IL-18,IL-17,AWARD,D,DEFINITIVE CONTRACT,,,,,,,J,FIRM FIXED PRICE,IGF::OT::IGF NOSC PEORIA ATFP SECURITY UPGRADES,N4008518R3010,1,OT,OTHER FUNCTIONS,Z2PZ,REPAIR OR ALTERATION OF OTHER NON-BUILDING FACILITIES,H,NOT BUNDLED,C2,CONSTRUCTION,236220,COMMERCIAL AND INSTITUTIONAL BUILDING CONSTRUCTION,C,NO CLAUSES INCLUDED AND NO SUSTAINABILITY INCLUDED,A,U.S. OWNED BUSINESS,000,NONE,Z,NOT IT PRODUCTS OR SERVICES,E,NOT REQUIRED,USA,UNITED STATES,C,NOT A MANUFACTURED END PRODUCT,B,PLAN NOT REQUIRED,D,FULL AND OPEN COMPETITION AFTER EXCLUSION OF SOURCES,NP,NEGOTIATED PROPOSAL/QUOTE,SBA,SMALL BUSINESS SET ASIDE - TOTAL,NONE,NO PREFERENCE USED,,,,,,,3,D,COMMERCIAL ITEM PROCEDURES NOT USED,f,N,NO,N,NO,Y,YES,N,NO,0.00,N,NO,X,NOT APPLICABLE,X,NOT APPLICABLE,Y,YES,X,NOT APPLICABLE,,,,,,,,NONE,NONE,N,NO,Y,YES - CAS CLAUSE INCLUDED,N,TRANSACTION DOES NOT USE GFE/GFP,N,NO,D,NOT CONSOLIDATED,Y,YES - SERVICE WHERE PBA IS USED.,N,NO,Z,NOT APPLICABLE,N,NO,X,NOT APPLICABLE,f,f,f,f,f,f,f,f,f,f,f,f,t,f,f,f,t,f,f,SMALL BUSINESS,S,f,f,f,f,f,f,f,f,f,f,f,f,f,f,f,f,f,CORPORATE NOT TAX EXEMPT,t,f,f,f,f,f,f,f,f,f,f,f,f,f,f,f,f,t,f,f,f,f,f,f,f,f,f,f,t,f,f,f,f,f,f,f,f,f,f,f,f,f,f,f,t,t,f,t,f,f,,,,,,,,,,,https://www.usaspending.gov/award/CONT_AWD_N4008518C3010_9700_-NONE-_-NONE-/,2021-08-18 07:58:18+00
CONT_AWD_N4008518C3039_9700_-NONE-_-NONE-,N4008518C3039,,,,,,,,,2743230.00,0.00,2743230.00,2743230.00,2018-09-29,2018,2021-08-18,2021,2018-09-29,2020-01-01,2020-01-01 00:00:00,,2018-08-03,097,Department of Defense,1700,Department of the Navy,N40085,NAVFACSYSCOM MID-ATLANTIC,097,Department of Defense,1700,Department of the Navy,N61463,NAVY REGION MID ATLANTIC,017-2018/2018-1806-000,017-1806,25.4: Operation and maintenance of facilities,,X,NOT APPLICABLE,,,XJEBDRH9UKK5,002096830,DRIVE CONSTRUCTION INC,"DRIVE CONSTRUCTION, INC.",,6WA21,XJEBDRH9UKK5,002096830,DRIVE CONSTRUCTION INC,DRIVE CONSTRUCTION  INC.,USA,UNITED STATES,7235 S. FERDINAND AVENUE,,BRIDGEVIEW,17031,COOK,17,IL,ILLINOIS,604551182,IL-03,IL-06,7085462591,7085462592,USA,UNITED STATES,GREEN BAY,55009,BROWN,55,WI,WISCONSIN,543045731,WI-08,WI-08,AWARD,D,DEFINITIVE CONTRACT,,,,,,,J,FIRM FIXED PRICE,"IGF::OT:IGF NOSC GREEN BAY ATFP SECURITY UPGRADES, GREEN BAY WISCONSIN",N4008518R3039,1,OT,OTHER FUNCTIONS,Z2PZ,REPAIR OR ALTERATION OF OTHER NON-BUILDING FACILITIES,H,NOT BUNDLED,C2,CONSTRUCTION,236220,COMMERCIAL AND INSTITUTIONAL BUILDING CONSTRUCTION,C,NO CLAUSES INCLUDED AND NO SUSTAINABILITY INCLUDED,A,U.S. OWNED BUSINESS,000,NONE,Z,NOT IT PRODUCTS OR SERVICES,E,NOT REQUIRED,USA,UNITED STATES,C,NOT A MANUFACTURED END PRODUCT,B,PLAN NOT REQUIRED,B,NOT AVAILABLE FOR COMPETITION,SSS,ONLY ONE SOURCE,8AN,8(A) SOLE SOURCE,NONE,NO PREFERENCE USED,,,,,OTH,AUTHORIZED BY STATUTE (FAR 6.302-5(A)(2)(I)),1,D,COMMERCIAL ITEM PROCEDURES NOT USED,f,N,NO,N,NO,X,NOT APPLICABLE,N,NO,0.00,N,NO,X,NOT APPLICABLE,X,NOT APPLICABLE,Y,YES,X,NOT APPLICABLE,,,,,,,,NONE,NONE,N,NO,Y,YES - CAS CLAUSE INCLUDED,N,TRANSACTION DOES NOT USE GFE/GFP,N,NO,D,NOT CONSOLIDATED,Y,YES - SERVICE WHERE PBA IS USED.,N,NO,Z,NOT APPLICABLE,N,NO,X,NOT APPLICABLE,f,f,f,f,f,f,f,f,f,f,f,f,t,f,f,f,t,f,f,SMALL BUSINESS,S,f,f,f,f,f,f,f,f,f,f,f,f,f,f,f,f,f,CORPORATE NOT TAX EXEMPT,t,f,f,f,f,f,f,f,f,f,f,f,f,f,f,f,f,t,f,f,f,f,f,f,f,f,f,f,t,f,f,f,f,f,f,f,f,f,f,f,f,f,f,f,t,t,f,t,f,f,,,,,,,,,,,https://www.usaspending.gov/award/CONT_AWD_N4008518C3039_9700_-NONE-_-NONE-/,2021-08-18 08:15:49+00
CONT_AWD_N4008520C0015_9700_-NONE-_-NONE-,N4008520C0015,,,,N: Emergency P.L. 116-136;Q: Not Designated Nonemergency/Emergency/Disaster/Wildfire Suppression,,271054.00,,,3801202.57,0.00,3801502.57,3801502.57,2020-04-27,2020,2021-08-24,2021,2020-04-14,2021-10-31,2021-10-31 00:00:00,,2019-10-10,097,Department of Defense,1700,Department of the Navy,N40085,NAVFACSYSCOM MID-ATLANTIC,097,Department of Defense,1700,Department of the Navy,N61463,NAVY REGION MID ATLANTIC,017-2017/2017-1806-000;017-2018/2018-1806-000;017-2020/2020-1804-000;017-2021/2021-1806-000,017-1804;017-1806,25.4: Operation and maintenance of facilities,0001: OPERATING FORCES,X,NOT APPLICABLE,,,SMM7NQR17EG4,005230243,KENT CONSOLIDATED CONSTRUCTION INC,KENT CONSOLIDATED CONSTRUCTION,,6RC78,SMM7NQR17EG4,005230243,KENT CONSOLIDATED CONSTRUCTION INC,KENT CONSOLIDATED CONSTRUCTION,USA,UNITED STATES,1369 HEADLAND AVE STE 1,,DOTHAN,01069,HOUSTON,01,AL,ALABAMA,363032819,AL-02,AL-01,3347021547,3346775542,USA,UNITED STATES,BUFFALO,36029,ERIE,36,NY,NEW YORK,142010280,NY-26,NY-26,AWARD,D,DEFINITIVE CONTRACT,,,,,,,J,FIRM FIXED PRICE,"ATFP IMPROVMENTS AT NOSC ROCHESTER, SYRACUSE AND BUFFALO NY COMPLETION CONTRACT",N4008520R2504,1,OT,OTHER FUNCTIONS,Z1AZ,MAINTENANCE OF OTHER ADMINISTRATIVE FACILITIES AND SERVICE BUILDINGS,H,NOT BUNDLED,C2,CONSTRUCTION,236210,INDUSTRIAL BUILDING CONSTRUCTION,C,NO CLAUSES INCLUDED AND NO SUSTAINABILITY INCLUDED,A,U.S. OWNED BUSINESS,000,NONE,Z,NOT IT PRODUCTS OR SERVICES,E,NOT REQUIRED,USA,UNITED STATES,C,NOT A MANUFACTURED END PRODUCT,B,PLAN NOT REQUIRED,C,NOT COMPETED,SSS,ONLY ONE SOURCE,NONE,NO SET ASIDE USED.,NONE,NO PREFERENCE USED,,,,,ONE,ONLY ONE SOURCE-OTHER (FAR 6.302-1 OTHER),1,D,COMMERCIAL ITEM PROCEDURES NOT USED,f,N,NO,N,NO,Y,YES,N,NO,0.00,N,NO,Y,YES,X,NOT APPLICABLE,Y,YES,X,NOT APPLICABLE,,,,,,,,NONE,NONE,N,NO,Y,YES - CAS CLAUSE INCLUDED,N,TRANSACTION DOES NOT USE GFE/GFP,U,UNKNOWN,D,NOT CONSOLIDATED,Y,YES - SERVICE WHERE PBA IS USED.,N,NO,Z,NOT APPLICABLE,N,NO,X,NOT APPLICABLE,f,f,f,f,f,f,f,f,f,f,f,f,f,f,f,f,f,f,f,SMALL BUSINESS,S,f,f,f,f,f,f,f,f,f,f,f,f,f,f,f,f,f,CORPORATE NOT TAX EXEMPT,t,f,f,f,f,f,f,f,f,f,f,f,f,f,f,f,f,t,f,f,f,f,f,f,f,f,f,f,t,f,f,f,f,f,f,f,f,f,f,f,f,f,f,f,f,f,f,f,f,f,,,,,,,,,,,https://www.usaspending.gov/award/CONT_AWD_N4008520C0015_9700_-NONE-_-NONE-/,2021-08-24 13:56:54+00
CONT_AWD_N4008521C0055_9700_-NONE-_-NONE-,N4008521C0055,,,,Q: Not Designated Nonemergency/Emergency/Disaster/Wildfire Suppression,,,,,1497949.00,0.00,1497949.00,1497949.00,2021-08-24,2021,2021-08-24,2021,2021-08-24,2022-02-28,2022-02-28 00:00:00,,2021-07-02,097,Department of Defense,1700,Department of the Navy,N40085,NAVFACSYSCOM MID-ATLANTIC,097,Department of Defense,1700,Department of the Navy,MMP100,COMMANDING GENERAL,017-2021/2021-1106-000,017-1106,25.4: Operation and maintenance of facilities,0001: OPERATING FORCES,X,NOT APPLICABLE,,,EKYQNG81VTJ9,,THE HP GROUP LLC,"HP GROUP, LLC, THE",,4TKL8,EKYQNG81VTJ9,,THE HP GROUP LLC,HP GROUP  LLC  THE,USA,UNITED STATES,211 EAST DIVINE STREET,,DUNN,37085,HARNETT,37,NC,NORTH CAROLINA,283345305,NC-02,NC-13,9108920726,9108920008,USA,UNITED STATES,CAMP LEJEUNE,37133,ONSLOW,37,NC,NORTH CAROLINA,285472521,NC-03,NC-03,AWARD,D,DEFINITIVE CONTRACT,,,,,,,J,FIRM FIXED PRICE,AS890 HANGAR DOOR REPAIRS,N4008521R0171,1,OT,OTHER FUNCTIONS,Z2JZ,REPAIR OR ALTERATION OF MISCELLANEOUS BUILDINGS,H,NOT BUNDLED,C2,CONSTRUCTION,238290,OTHER BUILDING EQUIPMENT CONTRACTORS,C,NO CLAUSES INCLUDED AND NO SUSTAINABILITY INCLUDED,A,U.S. OWNED BUSINESS,000,NONE,Z,NOT IT PRODUCTS OR SERVICES,E,NOT REQUIRED,USA,UNITED STATES,C,NOT A MANUFACTURED END PRODUCT,B,PLAN NOT REQUIRED,B,NOT AVAILABLE FOR COMPETITION,SSS,ONLY ONE SOURCE,8AN,8(A) SOLE SOURCE,NONE,NO PREFERENCE USED,,,,,OTH,AUTHORIZED BY STATUTE (FAR 6.302-5(A)(2)(I)),1,A,COMMERCIAL ITEM,f,N,NO,N,NO,Y,YES,N,NO,0.00,N,NO,X,NOT APPLICABLE,X,NOT APPLICABLE,Y,YES,X,NOT APPLICABLE,,,,,,,,NONE,NONE,N,NO,X,NOT APPLICABLE EXEMPT FROM CAS,N,TRANSACTION DOES NOT USE GFE/GFP,U,UNKNOWN,D,NOT CONSOLIDATED,Y,YES - SERVICE WHERE PBA IS USED.,N,NO,Z,NOT APPLICABLE,N,NO,X,NOT APPLICABLE,f,f,f,f,f,t,t,f,f,f,f,f,t,f,f,f,f,f,t,SMALL BUSINESS,S,f,f,f,f,f,f,f,f,f,f,f,f,f,f,f,f,f,PARTNERSHIP,f,f,t,f,f,f,f,f,f,f,f,f,f,f,f,f,f,t,f,f,f,f,f,f,f,f,t,f,t,f,f,f,f,f,f,f,f,f,f,f,f,f,f,f,f,t,f,t,f,f,,,,,,,,,,,https://www.usaspending.gov/award/CONT_AWD_N4008521C0055_9700_-NONE-_-NONE-/,2024-10-08 14:47:33+00
CONT_AWD_N4019213C3001_9700_-NONE-_-NONE-,N4019213C3001,,,,Q: Not Designated Nonemergency/Emergency/Disaster/Wildfire Suppression,,,,,259120848.95,-31942.63,259120848.95,259120848.95,2012-12-14,2013,2021-08-17,2021,2012-12-14,2015-06-30,2015-06-30 00:00:00,,,097,Department of Defense,1700,Department of the Navy,N40192,NAVFACSYSCOM MARIANAS,097,Department of Defense,1700,Department of the Navy,N40192,NAVFACSYSCOM MARIANAS,017-2014/2014-0735-000;017-2014/2014-1106-000;017-2014/2014-1804-000;017-2014/2018-1205-000;017-2015/2015-1106-000;017-2015/2015-1804-000;021-2014/2014-2020-000;097-2014/2014-0100-000;097-2014/2014-0130-000;097-X-4930-000;097-X-4930-005,017-0735;017-1106;017-1205;017-1804;021-2020;097-0100;097-0130;097-4930,22.0: Transportation of things;25.2: Other services from non-Federal sources;25.3: Other goods and services from Federal sources;25.4: Operation and maintenance of facilities;25.7: Operation and maintenance of equipment;26.0: Supplies and materials;32.0: Land and structures,0801: REIMBURSABLE;OPTN: FIELD IS OPTIONAL PRIOR TO FY21,X,NOT APPLICABLE,,,VWDRE72J7AF3,,DZSP 21 LLC,DZSP 21 LLC,,3WUL3,VWDRE72J7AF3,,DZSP 21 LLC,DZSP 21 LLC,USA,UNITED STATES,"1818 MARKET ST, 22ND FLR",,PHILADELPHIA,42101,PHILADELPHIA,42,PA,PENNSYLVANIA,191033614,PA-03,PA-03,6714793996,6714793990,USA,UNITED STATES,SANTA RITA,66010,GUAM,66,GU,GUAM,969151259,GU-98,GU-98,AWARD,D,DEFINITIVE CONTRACT,,,,,,,R,COST PLUS AWARD FEE,RE-ISSUE (CONTRACT #N40192-10-C-3000) AS (CONTRACT #N40192-13-C-3001) FOR 4TH AWARD OPTION PERIOD AND 5TH AWARD OPTION PERIOD TO INCLUDE ALL EXHIBITS LINE ITEMS FOR 4TH AWARD OPTION PERIOD AND 5TH AWARD OPTION PERIOD.,,1,OT,OTHER FUNCTIONS,S216,HOUSEKEEPING- FACILITIES OPERATIONS SUPPORT,D,NOT A BUNDLED REQUIREMENT,S1,SERVICES,561210,FACILITIES SUPPORT SERVICES,C,NO CLAUSES INCLUDED AND NO SUSTAINABILITY INCLUDED,A,U.S. OWNED BUSINESS,000,NONE,Z,NOT IT PRODUCTS OR SERVICES,E,NOT REQUIRED,USA,UNITED STATES,C,NOT A MANUFACTURED END PRODUCT,D,PLAN REQUIRED - INCENTIVE INCLUDED,A,FULL AND OPEN COMPETITION,NP,NEGOTIATED PROPOSAL/QUOTE,NONE,NO SET ASIDE USED.,NONE,NO PREFERENCE USED,,,,,,,7,D,COMMERCIAL ITEM PROCEDURES NOT USED,f,N,NO,N,NO,N,NO,N,NO,0.00,N,NO,X,NOT APPLICABLE,Y,YES,X,NOT APPLICABLE,X,NOT APPLICABLE,,,,,,,,NONE,NONE,N,NO,X,NOT APPLICABLE EXEMPT FROM CAS,N,TRANSACTION DOES NOT USE GFE/GFP,U,UNKNOWN,N,NO,Y,YES - SERVICE WHERE PBA IS USED.,N,NO,Z,NOT APPLICABLE,N,NO,X,NOT APPLICABLE,f,f,f,f,f,f,f,f,f,f,f,f,f,f,f,f,f,f,f,OTHER THAN SMALL BUSINESS,O,f,f,f,f,f,f,f,f,f,f,f,f,f,f,f,f,f,PARTNERSHIP,f,f,t,f,f,f,f,f,f,f,f,f,f,f,f,f,f,t,f,f,f,f,f,f,f,f,f,f,t,f,f,f,f,f,f,f,f,f,f,f,f,f,f,f,f,f,f,f,f,f,JOHN  HELLER,1577279.00,PATRICIA  MUNCHEL,901479.00,JAMES M WHITNEY,900332.00,KARL  SPINNENWEBER,879336.00,JILL  BRUNING,854508.00,https://www.usaspending.gov/award/CONT_AWD_N4019213C3001_9700_-NONE-_-NONE-/,2025-04-01 10:21:17+00
CONT_AWD_N4523A21C1052_9700_-NONE-_-NONE-,N4523A21C1052,,,,Q: Not Designated Nonemergency/Emergency/Disaster/Wildfire Suppression,,,,,2443703.05,0.00,2443703.05,2443703.05,2021-03-17,2021,2021-08-18,2021,2021-03-10,2021-08-30,2021-08-30 00:00:00,,2020-12-03,097,Department of Defense,1700,Department of the Navy,N4523A,PUGET SOUND NAVAL SHIPYARD IMF,097,Department of Defense,1700,Department of the Navy,N4523A,PUGET SOUND NAVAL SHIPYARD IMF,017-2021/2021-1804-000,017-1804,25.7: Operation and maintenance of equipment,0001: OPERATING FORCES,X,NOT APPLICABLE,,,ECA6EWF2DA94,826933645,"ICE FLOE, LLC","ICE FLOE, LLC",,69661,ECA6EWF2DA94,826933645,"ICE FLOE, LLC",ICE FLOE  LLC,USA,UNITED STATES,5400 S CAMERON RD,,FREELAND,53029,ISLAND,53,WA,WASHINGTON,982499782,WA-02,WA-02,3603315500,3603316181,USA,UNITED STATES,EVERETT,53061,SNOHOMISH,53,WA,WASHINGTON,982013411,WA-02,WA-02,AWARD,D,DEFINITIVE CONTRACT,,,,,,,J,FIRM FIXED PRICE,YT-802 - MAINTENANCE AND REPAIR,N4523A21R1051,1,CT,CRITICAL FUNCTIONS,J019,"MAINT/REPAIR/REBUILD OF EQUIPMENT- SHIPS, SMALL CRAFT, PONTOONS, AND FLOATING DOCKS",H,NOT BUNDLED,A3,SHIPS,336611,SHIP BUILDING AND REPAIRING,C,NO CLAUSES INCLUDED AND NO SUSTAINABILITY INCLUDED,A,U.S. OWNED BUSINESS,000,NONE,Z,NOT IT PRODUCTS OR SERVICES,E,NOT REQUIRED,USA,UNITED STATES,C,NOT A MANUFACTURED END PRODUCT,B,PLAN NOT REQUIRED,D,FULL AND OPEN COMPETITION AFTER EXCLUSION OF SOURCES,NP,NEGOTIATED PROPOSAL/QUOTE,SBA,SMALL BUSINESS SET ASIDE - TOTAL,NONE,NO PREFERENCE USED,,,,,,,1,D,COMMERCIAL ITEM PROCEDURES NOT USED,f,N,NO,N,NO,Y,YES,N,NO,0.00,N,NO,Y,YES,X,NOT APPLICABLE,X,NOT APPLICABLE,X,NOT APPLICABLE,,,,,,,OTHER,NONE,NONE,Y,YES,X,NOT APPLICABLE EXEMPT FROM CAS,Y,TRANSACTION USES GFE/GFP,N,NO,D,NOT CONSOLIDATED,N,NO - SERVICE WHERE PBA IS NOT USED.,N,NO,C,PERCENTAGE OF COMPLETION PROGRESS PAYMENTS,N,NO,X,NOT APPLICABLE,f,f,f,f,f,f,f,f,f,f,f,f,f,f,f,f,f,f,f,SMALL BUSINESS,S,f,f,f,f,f,f,f,f,f,f,f,f,f,f,f,f,f,PARTNERSHIP,f,f,t,f,f,f,f,f,f,f,f,f,f,f,f,f,f,t,f,f,f,f,f,f,f,f,t,f,t,f,f,f,f,f,f,f,f,f,f,f,f,f,f,f,f,t,f,f,f,f,,,,,,,,,,,https://www.usaspending.gov/award/CONT_AWD_N4523A21C1052_9700_-NONE-_-NONE-/,2021-08-18 18:04:48+00
CONT_AWD_N6134016C0006_9700_-NONE-_-NONE-,N6134016C0006,,,,,,,,,7987230.62,,7987230.62,7987230.62,2016-05-20,2016,2021-08-20,2021,2016-05-24,2021-08-26,2021-08-26 00:00:00,,,097,Department of Defense,1700,Department of the Navy,N61340,NAWC TRAINING SYSTEMS DIV,097,Department of Defense,1700,Department of the Navy,N61340,NAWC TRAINING SYSTEMS DIV,,,,,A,FOREIGN FUNDS FMS,,,N2JLD2JFJS28,,"CAE USA, INC.",CAE USA INC.,,69479,LVSPFPM1RXH9,,CAE INC,CAE USA INC.,USA,UNITED STATES,4908 TAMPA WEST BLVD,,TAMPA,12057,HILLSBOROUGH,12,FL,FLORIDA,336342411,FL-14,FL-14,8138871296,8139016625,DNK,DENMARK,,,,,,,,,,AWARD,D,DEFINITIVE CONTRACT,,,,,,,J,FIRM FIXED PRICE,IGF::CT::IGF,N6134015R0026,1,OT,OTHER FUNCTIONS,J069,MAINT/REPAIR/REBUILD OF EQUIPMENT- TRAINING AIDS AND DEVICES,D,NOT A BUNDLED REQUIREMENT,S1,SERVICES,541330,ENGINEERING SERVICES,C,NO CLAUSES INCLUDED AND NO SUSTAINABILITY INCLUDED,A,U.S. OWNED BUSINESS,000,NONE,Z,NOT IT PRODUCTS OR SERVICES,E,NOT REQUIRED,USA,UNITED STATES,C,NOT A MANUFACTURED END PRODUCT,B,PLAN NOT REQUIRED,B,NOT AVAILABLE FOR COMPETITION,SSS,ONLY ONE SOURCE,NONE,NO SET ASIDE USED.,NONE,NO PREFERENCE USED,,,,,IA,INTERNATIONAL AGREEMENT (FAR 6.302-4),1,D,COMMERCIAL ITEM PROCEDURES NOT USED,f,N,NO,N,NO,X,NOT APPLICABLE,N,NO,0.00,N,NO,X,NOT APPLICABLE,X,NOT APPLICABLE,X,NOT APPLICABLE,X,NOT APPLICABLE,,,,,,,,NONE,NONE,N,NO,X,NOT APPLICABLE EXEMPT FROM CAS,N,TRANSACTION DOES NOT USE GFE/GFP,N,NO,N,NO,Y,YES - SERVICE WHERE PBA IS USED.,N,NO,D,UNUSUAL PROGRESS PAYMENTS OR ADVANCE PAYMENTS,N,NO,X,NOT APPLICABLE,f,f,f,f,f,f,f,f,f,f,f,f,f,f,f,f,f,f,f,OTHER THAN SMALL BUSINESS,O,f,f,f,f,f,f,f,f,f,f,f,f,f,f,f,f,f,CORPORATE NOT TAX EXEMPT,t,f,f,f,f,f,f,f,f,f,f,f,t,f,f,f,f,t,f,f,f,f,f,f,f,f,f,f,t,f,f,f,f,f,f,f,f,f,f,f,f,f,f,f,f,f,f,f,f,f,,,,,,,,,,,https://www.usaspending.gov/award/CONT_AWD_N6134016C0006_9700_-NONE-_-NONE-/,2022-04-02 14:48:34+00
CONT_AWD_N6264515C4024_9700_-NONE-_-NONE-,N6264515C4024,,,,,,,,,480780.23,0.00,480780.23,480780.23,2015-07-23,2015,2021-08-17,2021,2015-08-01,2020-07-31,2020-07-31 00:00:00,,,097,Department of Defense,1700,Department of the Navy,N62645,NAVAL MEDICAL LOGISTICS COMMAND,097,Department of Defense,1700,Department of the Navy,N66097,NHLTHCLINIC OAK HARBOR WA,097-2019/2019-0130-000,097-0130,25.6: Medical care,,X,NOT APPLICABLE,,,DHFLCHUB3JM9,169170888,VENESCO LLC,"VENESCO, LLC",,4P5R3,DHFLCHUB3JM9,169170888,VENESCO LLC,VENESCO  LLC,USA,UNITED STATES,"14801 MURDOCK ST, SUITE 125",,CHANTILLY,51059,FAIRFAX,51,VA,VIRGINIA,201511037,VA-10,VA-11,7036615019,7032663300,USA,UNITED STATES,OAK HARBOR,53029,ISLAND,53,WA,WASHINGTON,982788800,WA-02,WA-02,AWARD,D,DEFINITIVE CONTRACT,,,,,,,J,FIRM FIXED PRICE,IGF::OT::IGF  HEALTH SYSTEMS SPECIALIST/DATA ANALYST SERVICES AT NH OAK HARBOR,,1,OT,OTHER FUNCTIONS,R799,SUPPORT- MANAGEMENT: OTHER,D,NOT A BUNDLED REQUIREMENT,S1,SERVICES,541611,ADMINISTRATIVE MANAGEMENT AND GENERAL MANAGEMENT CONSULTING SERVICES,C,NO CLAUSES INCLUDED AND NO SUSTAINABILITY INCLUDED,A,U.S. OWNED BUSINESS,000,NONE,Z,NOT IT PRODUCTS OR SERVICES,E,NOT REQUIRED,USA,UNITED STATES,C,NOT A MANUFACTURED END PRODUCT,B,PLAN NOT REQUIRED,B,NOT AVAILABLE FOR COMPETITION,SSS,ONLY ONE SOURCE,8AN,8(A) SOLE SOURCE,NONE,NO PREFERENCE USED,,,,,OTH,AUTHORIZED BY STATUTE (FAR 6.302-5(A)(2)(I)),1,A,COMMERCIAL ITEM,f,N,NO,N,NO,X,NOT APPLICABLE,N,NO,0.00,N,NO,X,NOT APPLICABLE,X,NOT APPLICABLE,X,NOT APPLICABLE,X,NOT APPLICABLE,,,,,,,,NONE,NONE,N,NO,X,NOT APPLICABLE EXEMPT FROM CAS,N,TRANSACTION DOES NOT USE GFE/GFP,U,UNKNOWN,N,NO,Y,YES - SERVICE WHERE PBA IS USED.,N,NO,Z,NOT APPLICABLE,N,NO,X,NOT APPLICABLE,f,f,f,f,f,f,f,f,f,f,f,f,t,t,f,f,f,f,f,SMALL BUSINESS,S,f,f,f,f,f,f,f,f,f,f,f,f,f,f,f,f,f,PARTNERSHIP,f,f,t,f,f,f,f,f,f,f,f,f,f,f,f,f,f,t,f,f,f,f,f,f,f,f,t,f,t,f,f,f,f,f,f,f,f,f,f,f,f,f,f,f,f,t,f,t,f,f,GEE  SINGH,355547.00,BEN  GUTHRIE,420147.00,SPENCER  HEDDEN,275779.00,PHILLIP  CHANG,197120.00,RICHARD  WONG,173345.00,https://www.usaspending.gov/award/CONT_AWD_N6264515C4024_9700_-NONE-_-NONE-/,2021-08-17 13:08:13+00
CONT_AWD_N6274216C1130_9700_-NONE-_-NONE-,N6274216C1130,,,,Q: Not Designated Nonemergency/Emergency/Disaster/Wildfire Suppression,,,,,107021237.59,-13277.56,107021237.59,107021237.59,2016-06-24,2016,2021-08-20,2021,2016-07-01,2017-06-30,2017-06-30 00:00:00,,,097,Department of Defense,1700,Department of the Navy,N40192,NAVFACSYSCOM MARIANAS,097,Department of Defense,1700,Department of the Navy,N40192,NAVFACSYSCOM MARIANAS,017-2016/2016-1106-000;017-2016/2016-1804-000;017-2017/2017-1106-000;017-2017/2017-1804-000;057-2014/2018-3300-000;057-2016/2016-3400-000;057-2017/2017-3400-000;097-2017/2017-0100-000;097-X-4930-005,017-1106;017-1804;057-3300;057-3400;097-0100;097-4930,21.0: Travel and transportation of persons;22.0: Transportation of things;25.1: Advisory and assistance services;25.2: Other services from non-Federal sources;25.3: Other goods and services from Federal sources;25.4: Operation and maintenance of facilities;25.7: Operation and maintenance of equipment;26.0: Supplies and materials;32.0: Land and structures,0001: OPERATING FORCES;0003: TRAINING AND RECRUITING;0801: REIMBURSABLE,X,NOT APPLICABLE,,,VWDRE72J7AF3,149388758,DZSP 21 LLC,DZSP 21 LLC,,3WUL3,VWDRE72J7AF3,149388758,DZSP 21 LLC,DZSP 21 LLC,USA,UNITED STATES,901 LINCOLN DR W STE 200,,MARLTON,34005,BURLINGTON,34,NJ,NEW JERSEY,080533131,NJ-03,NJ-03,7036567407,,USA,UNITED STATES,SANTA RITA,66010,GUAM,66,GU,GUAM,969151259,GU-98,GU-98,AWARD,D,DEFINITIVE CONTRACT,,,,,,,U,COST PLUS FIXED FEE,"IGF::OT::IGF AWARD OF CONTRACT N62742-16-C-1130, GUAM BASE OPERATIONS SUPPORT SERVICES FOR THE JOINT REGION MARIANAS (JRM).  OBLIGATION OF BASE PERIOD.",N6274216R1130,1,OT,OTHER FUNCTIONS,S216,HOUSEKEEPING- FACILITIES OPERATIONS SUPPORT,D,NOT A BUNDLED REQUIREMENT,S1,SERVICES,561210,FACILITIES SUPPORT SERVICES,B,FAR 52.223-4 AND FAR 52.223-9 INCLUDED,A,U.S. OWNED BUSINESS,000,NONE,Z,NOT IT PRODUCTS OR SERVICES,A,MEETS REQUIREMENTS,USA,UNITED STATES,C,NOT A MANUFACTURED END PRODUCT,F,INDIVIDUAL SUBCONTRACT PLAN,C,NOT COMPETED,SSS,ONLY ONE SOURCE,NONE,NO SET ASIDE USED.,NONE,NO PREFERENCE USED,,,,,ONE,ONLY ONE SOURCE-OTHER (FAR 6.302-1 OTHER),1,D,COMMERCIAL ITEM PROCEDURES NOT USED,f,N,NO,N,NO,Y,YES,N,NO,0.00,N,NO,X,NOT APPLICABLE,Y,YES,X,NOT APPLICABLE,X,NOT APPLICABLE,,,,,,,,NONE,NONE,N,NO,Y,YES - CAS CLAUSE INCLUDED,N,TRANSACTION DOES NOT USE GFE/GFP,Y,YES,N,NO,Y,YES - SERVICE WHERE PBA IS USED.,N,NO,Z,NOT APPLICABLE,N,NO,X,NOT APPLICABLE,f,f,f,f,f,f,f,f,f,f,f,f,f,f,f,f,f,f,f,OTHER THAN SMALL BUSINESS,O,f,f,f,f,f,f,f,f,f,f,f,f,f,f,f,f,f,OTHER,f,f,f,f,f,f,f,f,f,f,f,f,f,f,f,f,f,t,f,f,f,f,f,f,f,f,t,f,t,f,f,f,f,f,f,f,f,f,f,f,f,f,f,f,f,f,f,f,f,f,CHARLES B HAZZARD,258600.00,ROBERT W JACKSON,156000.00,EARL T BLACKWELL,178160.00,MARK W LOPEZ,146328.00,SHIELA R CONCEPCION,145600.00,https://www.usaspending.gov/award/CONT_AWD_N6274216C1130_9700_-NONE-_-NONE-/,2021-08-20 02:51:08+00
CONT_AWD_N6274217C1170_9700_-NONE-_-NONE-,N6274217C1170,,,,Q: Not Designated Nonemergency/Emergency/Disaster/Wildfire Suppression,,,,,92716804.35,-2312.13,92716804.35,92716804.35,2017-06-28,2017,2021-08-23,2021,2017-07-01,2018-04-30,2018-04-30 00:00:00,,,097,Department of Defense,1700,Department of the Navy,N40192,NAVFACSYSCOM MARIANAS,097,Department of Defense,1700,Department of the Navy,N40192,NAVFACSYSCOM MARIANAS,017-2017/2017-1106-000;017-2017/2017-1804-000;017-2018/2018-1106-000;017-2018/2018-1804-000;057-2018/2018-3400-000;097-2018/2018-0100-000;097-2018/2019-0400-000;097-X-4930-005,017-1106;017-1804;057-3400;097-0100;097-0400;097-4930,21.0: Travel and transportation of persons;22.0: Transportation of things;25.1: Advisory and assistance services;25.2: Other services from non-Federal sources;25.3: Other goods and services from Federal sources;25.4: Operation and maintenance of facilities;25.7: Operation and maintenance of equipment;31.0: Equipment,0001: OPERATING FORCES;0801: REIMBURSABLE,X,NOT APPLICABLE,,,VWDRE72J7AF3,149388758,DZSP 21 LLC,DZSP 21 LLC,,3WUL3,VWDRE72J7AF3,149388758,DZSP 21 LLC,DZSP 21 LLC,USA,UNITED STATES,901 LINCOLN DR W STE 200,,MARLTON,34005,BURLINGTON,34,NJ,NEW JERSEY,080533131,NJ-03,NJ-03,7036567407,,USA,UNITED STATES,SANTA RITA,66010,GUAM,66,GU,GUAM,969151259,GU-98,GU-98,AWARD,D,DEFINITIVE CONTRACT,,,,,,,U,COST PLUS FIXED FEE,"IGF::OT::IGF AWARD OF CONTRACT N62742-17-C-1170, GUAM BASE OPERATIONS SUPPORT SERVICES FOR THE JOINT REGION MARIANAS (JRM).  OBLIGATION OF BASE PERIOD.",N6274217R1170,1,OT,OTHER FUNCTIONS,S216,HOUSEKEEPING- FACILITIES OPERATIONS SUPPORT,H,NOT BUNDLED,S1,SERVICES,561210,FACILITIES SUPPORT SERVICES,B,FAR 52.223-4 AND FAR 52.223-9 INCLUDED,A,U.S. OWNED BUSINESS,000,NONE,Z,NOT IT PRODUCTS OR SERVICES,A,MEETS REQUIREMENTS,USA,UNITED STATES,C,NOT A MANUFACTURED END PRODUCT,F,INDIVIDUAL SUBCONTRACT PLAN,C,NOT COMPETED,SSS,ONLY ONE SOURCE,NONE,NO SET ASIDE USED.,NONE,NO PREFERENCE USED,,,,,ONE,ONLY ONE SOURCE-OTHER (FAR 6.302-1 OTHER),1,D,COMMERCIAL ITEM PROCEDURES NOT USED,f,N,NO,N,NO,Y,YES,N,NO,0.00,N,NO,X,NOT APPLICABLE,Y,YES,X,NOT APPLICABLE,X,NOT APPLICABLE,,,,,,,,NONE,NONE,N,NO,Y,YES - CAS CLAUSE INCLUDED,N,TRANSACTION DOES NOT USE GFE/GFP,Y,YES,D,NOT CONSOLIDATED,Y,YES - SERVICE WHERE PBA IS USED.,N,NO,Z,NOT APPLICABLE,N,NO,X,NOT APPLICABLE,f,f,f,f,f,f,f,f,f,f,f,f,f,f,f,f,f,f,f,OTHER THAN SMALL BUSINESS,O,f,f,f,f,f,f,f,f,f,f,f,f,f,f,f,f,f,OTHER,f,f,f,f,f,f,f,f,f,f,f,f,f,f,f,f,f,t,f,f,f,f,f,f,f,f,t,f,t,f,f,f,f,f,f,f,f,f,f,f,f,f,f,f,f,f,f,f,f,f,CHARLES B HAZZARD,258600.00,ROBERT W JACKSON,156000.00,EARL T BLACKWELL,178160.00,MARK W LOPEZ,146328.00,SHIELA R CONCEPCION,145600.00,https://www.usaspending.gov/award/CONT_AWD_N6274217C1170_9700_-NONE-_-NONE-/,2021-08-22 22:48:18+00
CONT_AWD_N6274217C1190_9700_-NONE-_-NONE-,N6274217C1190,,,,Q: Not Designated Nonemergency/Emergency/Disaster/Wildfire Suppression,,,,,3845180.10,17143.36,3845180.10,399903026.10,2017-09-21,2017,2021-08-23,2021,2017-09-22,2020-02-22,2026-08-22 00:00:00,,,097,Department of Defense,1700,Department of the Navy,N62742,NAVFACSYSCOM PACIFIC,097,Department of Defense,1700,Department of the Navy,N62742,NAVFACSYSCOM PACIFIC,017-2016/2016-1804-000;017-2017/2017-1804-000;017-2020/2020-1804-000;057-2020/2020-3840-000;097-2014/2014-0130-000;097-2017/2017-0130-000;097-2020/2020-0100-000;097-X-4930-003;097-X-4930-005,017-1804;057-3840;097-0100;097-0130;097-4930,25.1: Advisory and assistance services;25.2: Other services from non-Federal sources;25.3: Other goods and services from Federal sources;25.4: Operation and maintenance of facilities;25.7: Operation and maintenance of equipment;31.0: Equipment,0001: OPERATING FORCES;0801: REIMBURSABLE;OPTN: FIELD IS OPTIONAL PRIOR TO FY21,X,NOT APPLICABLE,,,ZJG9LCFG13S9,808093350,"FLUOR FEDERAL SOLUTIONS, LLC","FLUOR FEDERAL SOLUTIONS, LLC",,4WSG1,MFA3GM9L8X58,006907190,FLUOR CORPORATION,FLUOR CORPORATION,USA,UNITED STATES,100 FLUOR DANIEL DR,,GREENVILLE,45045,GREENVILLE,45,SC,SOUTH CAROLINA,296072761,SC-04,SC-04,8642814076,8646767210,USA,UNITED STATES,SANTA RITA,66010,GUAM,66,GU,GUAM,969151259,GU-98,GU-98,AWARD,D,DEFINITIVE CONTRACT,,,,,,,R,COST PLUS AWARD FEE,"IGF::OT::IGF AWARD OF CONTRACT N62742-17-C-1190, GUAM BASE OPERATIONS SUPPORT SERVICES FOR THE JOINT REGION MARIANAS (JRM).",N6274213R1150,1,OT,OTHER FUNCTIONS,S216,HOUSEKEEPING- FACILITIES OPERATIONS SUPPORT,H,NOT BUNDLED,S1,SERVICES,561210,FACILITIES SUPPORT SERVICES,B,FAR 52.223-4 AND FAR 52.223-9 INCLUDED,A,U.S. OWNED BUSINESS,000,NONE,Z,NOT IT PRODUCTS OR SERVICES,A,MEETS REQUIREMENTS,USA,UNITED STATES,C,NOT A MANUFACTURED END PRODUCT,F,INDIVIDUAL SUBCONTRACT PLAN,A,FULL AND OPEN COMPETITION,NP,NEGOTIATED PROPOSAL/QUOTE,NONE,NO SET ASIDE USED.,NONE,NO PREFERENCE USED,,,,,,,8,D,COMMERCIAL ITEM PROCEDURES NOT USED,f,N,NO,N,NO,Y,YES,N,NO,0.00,N,NO,X,NOT APPLICABLE,Y,YES,X,NOT APPLICABLE,X,NOT APPLICABLE,,,,,,,,NONE,NONE,N,NO,Y,YES - CAS CLAUSE INCLUDED,N,TRANSACTION DOES NOT USE GFE/GFP,U,UNKNOWN,D,NOT CONSOLIDATED,Y,YES - SERVICE WHERE PBA IS USED.,N,NO,Z,NOT APPLICABLE,N,NO,X,NOT APPLICABLE,f,f,f,f,f,f,f,f,f,f,f,f,f,f,f,f,f,f,f,OTHER THAN SMALL BUSINESS,O,f,f,f,f,f,f,f,f,f,f,f,f,f,f,f,f,f,CORPORATE NOT TAX EXEMPT,t,f,f,f,f,f,f,f,f,f,f,f,f,f,f,f,f,t,f,f,f,f,f,f,f,f,t,f,t,f,f,f,f,f,f,f,f,f,f,f,f,f,f,f,f,f,f,f,f,f,GARRY W FLOWERS,3588038.00,D. MICHAEL  STEUERT,3551066.00,THOMAS  D'AGOSTINO,1593866.00,DAWN A STOUT,1274015.00,ERIC P HELM,1149522.00,https://www.usaspending.gov/award/CONT_AWD_N6274217C1190_9700_-NONE-_-NONE-/,2021-08-23 15:36:33+00
CONT_AWD_N6274219C1301_9700_-NONE-_-NONE-,N6274219C1301,,,,E: Emergency P.L. 116-20;Q: Not Designated Nonemergency/Emergency/Disaster/Wildfire Suppression,,,,,15403486.36,0.00,15403486.36,15403486.36,2019-09-16,2019,2021-08-24,2021,2019-09-16,2021-12-04,2021-12-04 00:00:00,,2019-04-15,097,Department of Defense,1700,Department of the Navy,N62742,NAVFACSYSCOM PACIFIC,097,Department of Defense,1700,Department of the Navy,N62742,NAVFACSYSCOM PACIFIC,017-2019/2023-1205-000;017-2021/2021-1106-000,017-1106;017-1205,31.0: Equipment;32.0: Land and structures,0001: OPERATING FORCES,X,NOT APPLICABLE,,,J1P1SQSCUYK6,621610278,NAN INC,"NAN, INC.",,0U373,J1P1SQSCUYK6,621610278,NAN INC,NAN  INC.,USA,UNITED STATES,636 LAUMAKA ST,,HONOLULU,15003,HONOLULU,15,HI,HAWAII,968192312,HI-01,HI-01,8088424929,8088418281,USA,UNITED STATES,YIGO,66010,GUAM,66,GU,GUAM,969292309,GU-98,GU-98,AWARD,D,DEFINITIVE CONTRACT,,,,,,,J,FIRM FIXED PRICE,"FY19 MCON P-295, ORDNANCE OPS, AAFB GUAM",N6274219R1301,1,OT,OTHER FUNCTIONS,Y1AZ,CONSTRUCTION OF OTHER ADMINISTRATIVE FACILITIES AND SERVICE BUILDINGS,H,NOT BUNDLED,C2,CONSTRUCTION,236220,COMMERCIAL AND INSTITUTIONAL BUILDING CONSTRUCTION,B,FAR 52.223-4 AND FAR 52.223-9 INCLUDED,A,U.S. OWNED BUSINESS,000,NONE,Z,NOT IT PRODUCTS OR SERVICES,A,MEETS REQUIREMENTS,USA,UNITED STATES,C,NOT A MANUFACTURED END PRODUCT,F,INDIVIDUAL SUBCONTRACT PLAN,A,FULL AND OPEN COMPETITION,NP,NEGOTIATED PROPOSAL/QUOTE,NONE,NO SET ASIDE USED.,NONE,NO PREFERENCE USED,,,,,,,3,D,COMMERCIAL ITEM PROCEDURES NOT USED,f,N,NO,N,NO,Y,YES,N,NO,0.00,N,NO,X,NOT APPLICABLE,X,NOT APPLICABLE,Y,YES,X,NOT APPLICABLE,,,,,,,,NONE,NONE,N,NO,X,NOT APPLICABLE EXEMPT FROM CAS,N,TRANSACTION DOES NOT USE GFE/GFP,Y,YES,D,NOT CONSOLIDATED,N,NO - SERVICE WHERE PBA IS NOT USED.,N,NO,Z,NOT APPLICABLE,N,NO,X,NOT APPLICABLE,f,f,f,f,f,f,f,f,f,f,f,f,t,f,t,f,f,f,f,OTHER THAN SMALL BUSINESS,O,f,f,f,f,f,f,f,f,f,f,f,f,f,f,f,f,f,CORPORATE NOT TAX EXEMPT,t,f,f,f,f,f,f,f,f,f,f,f,f,f,f,f,f,t,f,f,f,f,f,f,f,t,f,f,t,f,f,f,f,f,f,f,f,f,f,f,f,f,f,f,f,f,f,f,f,f,,,,,,,,,,,https://www.usaspending.gov/award/CONT_AWD_N6274219C1301_9700_-NONE-_-NONE-/,2021-08-24 01:38:13+00
CONT_AWD_N6523616C1008_9700_-NONE-_-NONE-,N6523616C1008,,,,,,,,,877824.00,,877824.00,877824.00,2016-09-22,2016,2021-08-23,2021,2016-09-21,2021-10-06,2021-10-06 00:00:00,,,097,Department of Defense,1700,Department of the Navy,N65236,NIWC ATLANTIC,097,Department of Defense,1700,Department of the Navy,N65236,NIWC ATLANTIC,,,,,X,NOT APPLICABLE,,,HFK9V1G2B513,069373090,"MOTOROLA SOLUTIONS, INC.","MOTOROLA SOLUTIONS, INC.",,78205,G2LUXP8ND8U6,001325463,"MOTOROLA SOLUTIONS, INC.",MOTOROLA  INC,USA,UNITED STATES,809 PINNACLE DR STE G,,LINTHICUM HEIGHTS,24003,ANNE ARUNDEL,24,MD,MARYLAND,210902535,MD-03,MD-03,4107126545,4107124996,USA,UNITED STATES,LINTHICUM HEIGHTS,24003,ANNE ARUNDEL,24,MD,MARYLAND,210902535,MD-03,MD-03,AWARD,D,DEFINITIVE CONTRACT,,,,,,,J,FIRM FIXED PRICE,RBDF TRUNKED RADIO SYSTEM IGF::OT::IGF,N6523616R0028,1,OT,OTHER FUNCTIONS,5820,"RADIO AND TELEVISION COMMUNICATION EQUIPMENT, EXCEPT AIRBORNE",D,NOT A BUNDLED REQUIREMENT,A7,ELECTRONICS AND COMMUNICATION EQUIPMENT,334220,RADIO AND TELEVISION BROADCASTING AND WIRELESS COMMUNICATIONS EQUIPMENT MANUFACTURING,C,NO CLAUSES INCLUDED AND NO SUSTAINABILITY INCLUDED,A,U.S. OWNED BUSINESS,000,NONE,Z,NOT IT PRODUCTS OR SERVICES,A,MEETS REQUIREMENTS,USA,UNITED STATES,D,MFG IN U.S.,B,PLAN NOT REQUIRED,B,NOT AVAILABLE FOR COMPETITION,SSS,ONLY ONE SOURCE,NONE,NO SET ASIDE USED.,NONE,NO PREFERENCE USED,,,,,IA,INTERNATIONAL AGREEMENT (FAR 6.302-4),1,A,COMMERCIAL ITEM,f,N,NO,N,NO,X,NOT APPLICABLE,N,NO,0.00,N,NO,N,NO,N,NO,N,NO,X,NOT APPLICABLE,,,,,,,,NONE,NONE,N,NO,X,NOT APPLICABLE EXEMPT FROM CAS,N,TRANSACTION DOES NOT USE GFE/GFP,U,UNKNOWN,N,NO,X,NOT APPLICABLE,N,NO,Z,NOT APPLICABLE,N,NO,X,NOT APPLICABLE,f,f,f,f,f,f,f,f,f,f,f,f,f,f,f,f,f,f,f,OTHER THAN SMALL BUSINESS,O,f,f,f,f,f,f,f,f,f,f,f,f,f,f,f,f,f,CORPORATE NOT TAX EXEMPT,t,f,f,f,f,f,f,f,f,f,f,f,t,f,f,f,f,t,f,f,f,f,f,f,f,f,f,f,t,f,f,f,f,f,f,f,f,f,f,f,f,f,f,f,f,f,f,f,f,f,,,,,,,,,,,https://www.usaspending.gov/award/CONT_AWD_N6523616C1008_9700_-NONE-_-NONE-/,2021-08-23 13:01:57+00
CONT_AWD_N6600118C4017_9700_-NONE-_-NONE-,N6600118C4017,,,,,,,,,4009632.00,,4009632.00,8628751.00,2018-02-23,2018,2021-08-23,2021,2018-02-22,2019-08-21,2021-02-21 00:00:00,,,097,Department of Defense,1700,Department of the Navy,N66001,NIWC PACIFIC,097,Department of Defense,97AE,Defense Advanced Research Projects Agency,HR0011,DEF ADVANCED RESEARCH PROJECTS AGCY,,,,,X,NOT APPLICABLE,,,SA7ZWUEM9RG4,964928464,SYSTEMS & TECHNOLOGY RESEARCH LLC,SYSTEMS & TECHNOLOGY RESEARCH LLC,,65L89,SA7ZWUEM9RG4,964928464,SYSTEMS & TECHNOLOGY RESEARCH LLC,SYSTEMS & TECHNOLOGY RESEARCH LLC,USA,UNITED STATES,600 W CUMMINGS PARK STE 6500,,WOBURN,25017,MIDDLESEX,25,MA,MASSACHUSETTS,018017222,MA-05,MA-05,7816061602,7812817998,USA,UNITED STATES,SAN DIEGO,06073,SAN DIEGO,06,CA,CALIFORNIA,921525001,CA-52,CA-50,AWARD,D,DEFINITIVE CONTRACT,,,,,,,U,COST PLUS FIXED FEE,IGF::OT::IGF  RESEARCH IAW THE SOW TOOLS FOR RESILIENT EXPEDITIONARY FORCES (T-REX)),N6600118R4017,1,OT,OTHER FUNCTIONS,AD93,R&D- DEFENSE OTHER: OTHER (ADVANCED DEVELOPMENT),H,NOT BUNDLED,C9E,ALL OTHERS NOT IDENTIFIABLE TO ANY OTHER PROCUREMENT PROGRAM,541715,"RESEARCH AND DEVELOPMENT IN THE PHYSICAL, ENGINEERING, AND LIFE SCIENCES (EXCEPT NANOTECHNOLOGY AND BIOTECHNOLOGY)",C,NO CLAUSES INCLUDED AND NO SUSTAINABILITY INCLUDED,A,U.S. OWNED BUSINESS,000,NONE,Z,NOT IT PRODUCTS OR SERVICES,E,NOT REQUIRED,USA,UNITED STATES,C,NOT A MANUFACTURED END PRODUCT,B,PLAN NOT REQUIRED,A,FULL AND OPEN COMPETITION,NP,NEGOTIATED PROPOSAL/QUOTE,NONE,NO SET ASIDE USED.,NONE,NO PREFERENCE USED,,,,,,,9,D,COMMERCIAL ITEM PROCEDURES NOT USED,f,N,NO,N,NO,Y,YES,N,NO,0.00,N,NO,N,NO,N,NO,N,NO,X,NOT APPLICABLE,,,,,,,,NONE,NONE,N,NO,Y,YES - CAS CLAUSE INCLUDED,N,TRANSACTION DOES NOT USE GFE/GFP,U,UNKNOWN,D,NOT CONSOLIDATED,N,NO - SERVICE WHERE PBA IS NOT USED.,N,NO,Z,NOT APPLICABLE,N,NO,X,NOT APPLICABLE,f,f,f,f,f,f,f,f,f,f,f,f,f,f,f,f,f,f,f,SMALL BUSINESS,S,f,f,f,f,f,f,f,f,f,f,f,f,f,f,f,f,f,PARTNERSHIP,f,f,t,f,f,f,f,f,f,f,f,f,f,f,f,f,f,t,f,f,f,f,f,f,f,f,t,f,t,f,f,f,f,f,f,f,f,f,f,f,f,f,f,f,f,f,f,f,f,f,MARK  LUETTGEN,701792.00,MARK  MCCLURE,564280.00,STEPHEN  KOGON,530683.00,MARK  STEVENS,454446.00,THOMAS  GLYNN,442517.00,https://www.usaspending.gov/award/CONT_AWD_N6600118C4017_9700_-NONE-_-NONE-/,2021-08-23 17:41:41+00
CONT_AWD_N6660415C086B_9700_-NONE-_-NONE-,N6660415C086B,,,,,,,,,1353839.31,,1153839.31,3856836.31,2015-07-27,2015,2021-08-17,2021,2015-07-20,2020-07-27,2020-07-27 00:00:00,,,097,Department of Defense,9763,Defense Contract Management Agency,S0512A,DCMA SOUTHERN CALIFORNIA,097,Department of Defense,1700,Department of the Navy,N66604,NUWC DIV NEWPORT,,,,,X,NOT APPLICABLE,,,CKVATCP8BKQ3,016556495,"L3 TECHNOLOGIES, INC.",L-3 COMMUNICATIONS CORPORATION,,60225,SJULQDJ8NZU7,004203337,"L3HARRIS TECHNOLOGIES, INC","L3 TECHNOLOGIES, INC.",USA,UNITED STATES,15825 ROXFORD ST,,SYLMAR,06037,LOS ANGELES,06,CA,CALIFORNIA,913423537,CA-29,CA-29,8188332140,8183622491,USA,UNITED STATES,SYLMAR,06037,LOS ANGELES,06,CA,CALIFORNIA,913423537,CA-29,CA-29,AWARD,D,DEFINITIVE CONTRACT,,,,,,,U,COST PLUS FIXED FEE,RAPID TECHNICAL INSERTION (RTI) WEIGHT REDUCTION INITIATIVE LITTORAL COMBAT SHIPS,N6660414R1120,1,,,5845,UNDERWATER SOUND EQUIPMENT,D,NOT A BUNDLED REQUIREMENT,C9E,ALL OTHERS NOT IDENTIFIABLE TO ANY OTHER PROCUREMENT PROGRAM,334511,"SEARCH, DETECTION, NAVIGATION, GUIDANCE, AERONAUTICAL, AND NAUTICAL SYSTEM AND INSTRUMENT MANUFACTURING",C,NO CLAUSES INCLUDED AND NO SUSTAINABILITY INCLUDED,A,U.S. OWNED BUSINESS,000,NONE,Z,NOT IT PRODUCTS OR SERVICES,E,NOT REQUIRED,USA,UNITED STATES,D,MFG IN U.S.,F,INDIVIDUAL SUBCONTRACT PLAN,A,FULL AND OPEN COMPETITION,NP,NEGOTIATED PROPOSAL/QUOTE,NONE,NO SET ASIDE USED.,NONE,NO PREFERENCE USED,,,,,,,4,D,COMMERCIAL ITEM PROCEDURES NOT USED,f,N,NO,N,NO,Y,YES,N,NO,0.00,N,NO,X,NOT APPLICABLE,X,NOT APPLICABLE,X,NOT APPLICABLE,X,NOT APPLICABLE,,,,,,,,NONE,NONE,N,NO,Y,YES - CAS CLAUSE INCLUDED,Y,TRANSACTION USES GFE/GFP,N,NO,N,NO,X,NOT APPLICABLE,N,NO,A,FAR 52.232-16 PROGRESS PAYMENTS,N,NO,X,NOT APPLICABLE,f,f,f,f,f,f,f,f,f,f,f,f,f,f,f,f,f,f,f,OTHER THAN SMALL BUSINESS,O,f,f,f,f,f,f,f,f,f,f,f,f,f,f,f,f,f,CORPORATE NOT TAX EXEMPT,t,f,f,f,f,f,f,f,f,f,f,f,t,f,f,f,f,t,f,f,f,f,f,f,f,f,f,f,t,f,f,f,f,f,f,f,f,f,f,f,f,f,f,f,f,f,f,f,f,f,,,,,,,,,,,https://www.usaspending.gov/award/CONT_AWD_N6660415C086B_9700_-NONE-_-NONE-/,2021-08-27 17:23:14+00
CONT_AWD_N6833517C0048_9700_-NONE-_-NONE-,N6833517C0048,,,,,,,,,1982213.00,,1982213.00,1982213.00,2016-11-01,2017,2021-08-23,2021,2016-11-01,2022-03-30,2022-03-30 00:00:00,,,097,Department of Defense,1700,Department of the Navy,N68335,NAVAIR WARFARE CTR AIRCRAFT DIV,097,Department of Defense,1700,Department of the Navy,N00014,OFFICE OF NAVAL RESEARCH,,,,,X,NOT APPLICABLE,,,M1LHUN6EB5H6,097607852,"MAYACHITRA, INC.",MAYACHITRA INC,,3BBE9,M1LHUN6EB5H6,097607852,"MAYACHITRA, INC.",MAYACHITRA INC,USA,UNITED STATES,5266 HOLLISTER AVE STE 229,,SANTA BARBARA,06083,SANTA BARBARA,06,CA,CALIFORNIA,931113047,CA-24,CA-24,8054488227,,USA,UNITED STATES,SANTA BARBARA,06083,SANTA BARBARA,06,CA,CALIFORNIA,931113047,CA-24,CA-24,AWARD,D,DEFINITIVE CONTRACT,,,,,,,U,COST PLUS FIXED FEE,IGF::OT::IGF SBIR PHASE II,,1,OT,OTHER FUNCTIONS,AD91,R&D- DEFENSE OTHER: OTHER (BASIC RESEARCH),D,NOT A BUNDLED REQUIREMENT,C9E,ALL OTHERS NOT IDENTIFIABLE TO ANY OTHER PROCUREMENT PROGRAM,541712,"RESEARCH AND DEVELOPMENT IN THE PHYSICAL, ENGINEERING, AND LIFE SCIENCES (EXCEPT BIOTECHNOLOGY)",C,NO CLAUSES INCLUDED AND NO SUSTAINABILITY INCLUDED,A,U.S. OWNED BUSINESS,000,NONE,Z,NOT IT PRODUCTS OR SERVICES,E,NOT REQUIRED,USA,UNITED STATES,C,NOT A MANUFACTURED END PRODUCT,B,PLAN NOT REQUIRED,D,FULL AND OPEN COMPETITION AFTER EXCLUSION OF SOURCES,NP,NEGOTIATED PROPOSAL/QUOTE,SBA,SMALL BUSINESS SET ASIDE - TOTAL,NONE,NO PREFERENCE USED,SR2,SMALL BUSINESS INNOVATION RESEARCH PROGRAM PHASE II ACTION,,,,,12,D,COMMERCIAL ITEM PROCEDURES NOT USED,f,N,NO,N,NO,X,NOT APPLICABLE,N,NO,0.00,N,NO,X,NOT APPLICABLE,X,NOT APPLICABLE,X,NOT APPLICABLE,X,NOT APPLICABLE,,,,,,,,NONE,NONE,Y,YES,X,NOT APPLICABLE EXEMPT FROM CAS,N,TRANSACTION DOES NOT USE GFE/GFP,U,UNKNOWN,N,NO,Y,YES - SERVICE WHERE PBA IS USED.,N,NO,Z,NOT APPLICABLE,N,NO,X,NOT APPLICABLE,f,f,f,f,f,f,f,f,f,f,f,f,t,t,f,f,f,f,f,SMALL BUSINESS,S,f,f,f,f,f,f,f,f,f,f,f,f,f,f,f,f,f,CORPORATE NOT TAX EXEMPT,t,f,f,f,f,f,f,f,f,f,f,f,f,f,f,f,f,t,f,f,f,f,f,f,f,f,f,f,t,f,f,f,f,f,f,f,f,f,f,f,f,f,f,f,f,f,f,f,f,f,,,,,,,,,,,https://www.usaspending.gov/award/CONT_AWD_N6833517C0048_9700_-NONE-_-NONE-/,2021-08-23 17:26:32+00
CONT_AWD_N6833518C0017_9700_-NONE-_-NONE-,N6833518C0017,,,,Q: Not Designated Nonemergency/Emergency/Disaster/Wildfire Suppression,,,,,999973.00,0.00,999973.00,999973.00,2018-01-29,2018,2021-08-23,2021,2018-01-29,2022-04-15,2022-04-15 00:00:00,,,097,Department of Defense,1700,Department of the Navy,N68335,NAVAIR WARFARE CTR AIRCRAFT DIV,097,Department of Defense,1700,Department of the Navy,N00421,NAVAL AIR WARFARE CENTER AIR DIV,017-2018/2019-1319-000,017-1319,25.5: Research and development contracts,0001: BASIC RESEARCH,X,NOT APPLICABLE,,,KCLCXA6CAD85,010983174,"TECHNICAL DATA ANALYSIS, INC.","TECHNICAL DATA ANALYSIS, INC.",,1C7J0,KCLCXA6CAD85,010983174,"TECHNICAL DATA ANALYSIS, INC.",TECHNICAL DATA ANALYSIS  INC.,USA,UNITED STATES,3190 FAIRVIEW PK DR STE 650,,FALLS CHURCH,51059,FAIRFAX,51,VA,VIRGINIA,220424530,VA-11,VA-08,7032371300,7032370301,USA,UNITED STATES,FALLS CHURCH,51059,FAIRFAX,51,VA,VIRGINIA,220424530,VA-11,VA-08,AWARD,D,DEFINITIVE CONTRACT,,,,,,,U,COST PLUS FIXED FEE,STTR P2 TOPIC N16A-T004 IGF::OT::IGF,,1,OT,OTHER FUNCTIONS,AC62,R&D- DEFENSE SYSTEM: ELECTRONICS/COMMUNICATION EQUIPMENT (APPLIED RESEARCH/EXPLORATORY DEVELOPMENT),H,NOT BUNDLED,A7,ELECTRONICS AND COMMUNICATION EQUIPMENT,541715,"RESEARCH AND DEVELOPMENT IN THE PHYSICAL, ENGINEERING, AND LIFE SCIENCES (EXCEPT NANOTECHNOLOGY AND BIOTECHNOLOGY)",C,NO CLAUSES INCLUDED AND NO SUSTAINABILITY INCLUDED,A,U.S. OWNED BUSINESS,000,NONE,Z,NOT IT PRODUCTS OR SERVICES,E,NOT REQUIRED,USA,UNITED STATES,C,NOT A MANUFACTURED END PRODUCT,B,PLAN NOT REQUIRED,D,FULL AND OPEN COMPETITION AFTER EXCLUSION OF SOURCES,NP,NEGOTIATED PROPOSAL/QUOTE,SBA,SMALL BUSINESS SET ASIDE - TOTAL,NONE,NO PREFERENCE USED,ST2,SMALL TECHNOLOGY TRANSFER RESEARCH PROGRAM PHASE II,,,,,11,D,COMMERCIAL ITEM PROCEDURES NOT USED,f,N,NO,N,NO,N,NO,N,NO,0.00,N,NO,N,NO,N,NO,N,NO,X,NOT APPLICABLE,,,,,,,,NONE,NONE,Y,YES,X,NOT APPLICABLE EXEMPT FROM CAS,N,TRANSACTION DOES NOT USE GFE/GFP,U,UNKNOWN,D,NOT CONSOLIDATED,N,NO - SERVICE WHERE PBA IS NOT USED.,N,NO,Z,NOT APPLICABLE,N,NO,X,NOT APPLICABLE,f,f,f,f,f,f,f,f,f,f,f,f,f,f,f,f,f,f,f,SMALL BUSINESS,S,f,f,f,f,f,f,f,f,f,f,f,f,f,f,f,f,f,CORPORATE NOT TAX EXEMPT,t,f,f,f,f,f,f,f,f,f,f,f,f,f,f,f,f,t,f,f,f,f,f,f,f,t,f,f,t,f,f,f,f,f,f,f,f,f,f,f,f,f,f,f,f,f,f,f,f,f,,,,,,,,,,,https://www.usaspending.gov/award/CONT_AWD_N6833518C0017_9700_-NONE-_-NONE-/,2021-08-23 10:17:19+00
CONT_AWD_N6833518C0178_9700_-NONE-_-NONE-,N6833518C0178,,,,Q: Not Designated Nonemergency/Emergency/Disaster/Wildfire Suppression,,,,,1014597.00,0.00,1014597.00,1514595.00,2018-07-31,2018,2021-08-23,2021,2018-07-31,2021-05-24,2021-11-01 00:00:00,,2018-03-01,097,Department of Defense,1700,Department of the Navy,N68335,NAVAIR WARFARE CTR AIRCRAFT DIV,097,Department of Defense,1700,Department of the Navy,N00023,NAVAL SUPPLY SYSTEMS COMMAND,017-2019/2020-1319-000,017-1319,25.5: Research and development contracts,0001: BASIC RESEARCH,X,NOT APPLICABLE,,,YUNJQSCD2Z99,131640919,"SI2 TECHNOLOGIES, INC","SI2 TECHNOLOGIES, INC",,3FJY9,YUNJQSCD2Z99,131640919,"SI2 TECHNOLOGIES, INC",SI2 TECHNOLOGIES  INC,USA,UNITED STATES,267 BOSTON RD,,NORTH BILLERICA,25017,MIDDLESEX,25,MA,MASSACHUSETTS,018622310,MA-06,MA-03,9784955300,9784955310,USA,UNITED STATES,NORTH BILLERICA,25017,MIDDLESEX,25,MA,MASSACHUSETTS,018622310,MA-06,MA-03,AWARD,D,DEFINITIVE CONTRACT,,,,,,,U,COST PLUS FIXED FEE,IGF::OT::IGF,,1,OT,OTHER FUNCTIONS,AD92,R&D- DEFENSE OTHER: OTHER (APPLIED RESEARCH/EXPLORATORY DEVELOPMENT),H,NOT BUNDLED,C9E,ALL OTHERS NOT IDENTIFIABLE TO ANY OTHER PROCUREMENT PROGRAM,541715,"RESEARCH AND DEVELOPMENT IN THE PHYSICAL, ENGINEERING, AND LIFE SCIENCES (EXCEPT NANOTECHNOLOGY AND BIOTECHNOLOGY)",C,NO CLAUSES INCLUDED AND NO SUSTAINABILITY INCLUDED,A,U.S. OWNED BUSINESS,000,NONE,Z,NOT IT PRODUCTS OR SERVICES,E,NOT REQUIRED,USA,UNITED STATES,C,NOT A MANUFACTURED END PRODUCT,B,PLAN NOT REQUIRED,D,FULL AND OPEN COMPETITION AFTER EXCLUSION OF SOURCES,NP,NEGOTIATED PROPOSAL/QUOTE,SBA,SMALL BUSINESS SET ASIDE - TOTAL,NONE,NO PREFERENCE USED,SR2,SMALL BUSINESS INNOVATION RESEARCH PROGRAM PHASE II ACTION,,,,,2,D,COMMERCIAL ITEM PROCEDURES NOT USED,f,N,NO,N,NO,X,NOT APPLICABLE,N,NO,0.00,N,NO,X,NOT APPLICABLE,X,NOT APPLICABLE,X,NOT APPLICABLE,X,NOT APPLICABLE,,,,,,,,NONE,NONE,N,NO,X,NOT APPLICABLE EXEMPT FROM CAS,N,TRANSACTION DOES NOT USE GFE/GFP,U,UNKNOWN,D,NOT CONSOLIDATED,Y,YES - SERVICE WHERE PBA IS USED.,N,NO,Z,NOT APPLICABLE,N,NO,X,NOT APPLICABLE,f,f,f,f,f,f,f,f,f,f,f,f,f,f,f,f,f,f,f,SMALL BUSINESS,S,f,f,f,f,f,f,f,f,f,f,f,f,f,f,f,f,f,CORPORATE NOT TAX EXEMPT,t,f,f,f,f,f,f,f,f,f,f,f,f,f,f,f,f,t,f,f,f,f,f,f,f,f,f,f,t,f,f,f,f,f,f,f,f,f,f,f,f,f,f,f,f,f,f,f,f,f,,,,,,,,,,,https://www.usaspending.gov/award/CONT_AWD_N6833518C0178_9700_-NONE-_-NONE-/,2021-08-23 08:47:22+00
CONT_AWD_N6833519C0027_9700_-NONE-_-NONE-,N6833519C0027,,,,Q: Not Designated Nonemergency/Emergency/Disaster/Wildfire Suppression,,,,,1499999.00,0.00,1499999.00,1499999.00,2018-11-07,2019,2021-08-19,2021,2018-11-07,2021-11-17,2021-11-17 00:00:00,,2018-05-21,097,Department of Defense,1700,Department of the Navy,N68335,NAVAIR WARFARE CTR AIRCRAFT DIV,097,Department of Defense,1700,Department of the Navy,N68335,NAVAIR WARFARE CTR AIRCRAFT DIV,017-2019/2020-1319-000;017-2020/2021-1319-000;097-2020/2021-0400-000,017-1319;097-0400,25.5: Research and development contracts,0001: BASIC RESEARCH,X,NOT APPLICABLE,,,RJH6GQUD3BT5,625511050,OPTO-KNOWLEDGE SYSTEMS INC,"OPTO-KNOWLEDGE SYSTEMS, INC.",,0PKJ3,RJH6GQUD3BT5,625511050,OPTO-KNOWLEDGE SYSTEMS INC,OPTO-KNOWLEDGE SYSTEMS  INC.,USA,UNITED STATES,19805 HAMILTON AVE,,TORRANCE,06037,LOS ANGELES,06,CA,CALIFORNIA,905021341,CA-43,CA-44,3107560520,3107560511,USA,UNITED STATES,TORRANCE,06037,LOS ANGELES,06,CA,CALIFORNIA,905021341,CA-43,CA-44,AWARD,D,DEFINITIVE CONTRACT,,,,,,,U,COST PLUS FIXED FEE,"RESEARCH AND DEVELOPMENT  ""IGF::OT::IGF""",,1,OT,OTHER FUNCTIONS,AD91,R&D- DEFENSE OTHER: OTHER (BASIC RESEARCH),H,NOT BUNDLED,C9E,ALL OTHERS NOT IDENTIFIABLE TO ANY OTHER PROCUREMENT PROGRAM,541715,"RESEARCH AND DEVELOPMENT IN THE PHYSICAL, ENGINEERING, AND LIFE SCIENCES (EXCEPT NANOTECHNOLOGY AND BIOTECHNOLOGY)",C,NO CLAUSES INCLUDED AND NO SUSTAINABILITY INCLUDED,A,U.S. OWNED BUSINESS,000,NONE,Z,NOT IT PRODUCTS OR SERVICES,E,NOT REQUIRED,USA,UNITED STATES,C,NOT A MANUFACTURED END PRODUCT,B,PLAN NOT REQUIRED,D,FULL AND OPEN COMPETITION AFTER EXCLUSION OF SOURCES,NP,NEGOTIATED PROPOSAL/QUOTE,SBA,SMALL BUSINESS SET ASIDE - TOTAL,NONE,NO PREFERENCE USED,SR2,SMALL BUSINESS INNOVATION RESEARCH PROGRAM PHASE II ACTION,,,,,12,D,COMMERCIAL ITEM PROCEDURES NOT USED,f,N,NO,N,NO,X,NOT APPLICABLE,N,NO,0.00,N,NO,X,NOT APPLICABLE,X,NOT APPLICABLE,X,NOT APPLICABLE,X,NOT APPLICABLE,,,,,,,,NONE,NONE,N,NO,X,NOT APPLICABLE EXEMPT FROM CAS,N,TRANSACTION DOES NOT USE GFE/GFP,U,UNKNOWN,D,NOT CONSOLIDATED,N,NO - SERVICE WHERE PBA IS NOT USED.,N,NO,Z,NOT APPLICABLE,N,NO,X,NOT APPLICABLE,f,f,f,f,f,f,f,f,f,f,f,f,f,f,f,f,f,f,f,SMALL BUSINESS,S,f,f,f,f,f,f,f,f,f,f,f,f,f,f,f,f,f,CORPORATE NOT TAX EXEMPT,t,f,f,f,f,f,f,f,f,f,f,f,f,f,f,f,f,t,f,f,f,f,f,f,f,f,f,f,t,f,f,f,f,f,f,f,f,f,f,f,f,f,f,f,f,f,f,f,f,f,,,,,,,,,,,https://www.usaspending.gov/award/CONT_AWD_N6833519C0027_9700_-NONE-_-NONE-/,2021-08-19 14:37:58+00
CONT_AWD_N6833519C0074_9700_-NONE-_-NONE-,N6833519C0074,,,,,,,,,1003566.45,0.00,1003566.45,1003566.45,2018-10-29,2019,2021-08-23,2021,2018-10-29,2020-09-15,2020-09-15 00:00:00,,2017-08-08,097,Department of Defense,1700,Department of the Navy,N68335,NAVAIR WARFARE CTR AIRCRAFT DIV,097,Department of Defense,1700,Department of the Navy,N68335,NAVAIR WARFARE CTR AIRCRAFT DIV,017-2019/2019-1804-000,017-1804,26.0: Supplies and materials,,X,NOT APPLICABLE,,,HEEWJQMWFKF6,079950210,CHOCTAW DEFENSE MANUFACTURING LLC,CHOCTAW DEFENSE MANUFACTURING LLC,,7H9J3,GNZLNKLREX72,080735806,CHOCTAW NATION OF OKLAHOMA,,USA,UNITED STATES,3 SKYWAY DRIVE,,MCALESTER,40121,PITTSBURG,40,OK,OKLAHOMA,745017610,OK-02,OK-02,9184262871,,USA,UNITED STATES,MCALESTER,40121,PITTSBURG,40,OK,OKLAHOMA,745017610,OK-02,OK-02,AWARD,D,DEFINITIVE CONTRACT,,,,,,,J,FIRM FIXED PRICE,CONFIGURATION 1 - AIRFRAME TOOLBOXES,N6833517R0340,1,OT,OTHER FUNCTIONS,R699,SUPPORT- ADMINISTRATIVE: OTHER,H,NOT BUNDLED,A1C,OTHER AIRCRAFT EQUIPMENT,561910,PACKAGING AND LABELING SERVICES,C,NO CLAUSES INCLUDED AND NO SUSTAINABILITY INCLUDED,A,U.S. OWNED BUSINESS,198,F-35,Z,NOT IT PRODUCTS OR SERVICES,E,NOT REQUIRED,USA,UNITED STATES,C,NOT A MANUFACTURED END PRODUCT,B,PLAN NOT REQUIRED,B,NOT AVAILABLE FOR COMPETITION,SSS,ONLY ONE SOURCE,8AN,8(A) SOLE SOURCE,NONE,NO PREFERENCE USED,,,,,OTH,AUTHORIZED BY STATUTE (FAR 6.302-5(A)(2)(I)),1,D,COMMERCIAL ITEM PROCEDURES NOT USED,f,N,NO,N,NO,Y,YES,N,NO,0.00,N,NO,Y,YES,N,NO,N,NO,X,NOT APPLICABLE,,,,,,,,NONE,NONE,N,NO,X,NOT APPLICABLE EXEMPT FROM CAS,N,TRANSACTION DOES NOT USE GFE/GFP,U,UNKNOWN,D,NOT CONSOLIDATED,Y,YES - SERVICE WHERE PBA IS USED.,N,NO,Z,NOT APPLICABLE,N,NO,X,NOT APPLICABLE,f,t,t,f,t,f,f,f,f,f,f,f,t,f,f,f,f,t,f,SMALL BUSINESS,S,f,f,f,f,f,f,f,f,f,f,f,f,f,f,f,f,f,CORPORATE TAX EXEMPT,f,t,f,f,f,f,f,f,f,f,f,f,t,f,f,f,f,t,f,f,f,f,f,f,f,f,t,f,t,f,f,f,f,f,f,f,f,f,f,f,f,f,f,f,f,t,f,t,f,f,,,,,,,,,,,https://www.usaspending.gov/award/CONT_AWD_N6833519C0074_9700_-NONE-_-NONE-/,2021-11-01 14:29:19+00
CONT_AWD_N6833519C0294_9700_-NONE-_-NONE-,N6833519C0294,,,,Q: Not Designated Nonemergency/Emergency/Disaster/Wildfire Suppression,,,,,1223900.00,0.00,1223900.00,1357800.00,2019-09-12,2019,2021-08-24,2021,2019-09-12,2022-09-08,2022-09-08 00:00:00,,2019-06-24,097,Department of Defense,1700,Department of the Navy,N68335,NAVAIR WARFARE CTR AIRCRAFT DIV,097,Department of Defense,1700,Department of the Navy,N68335,NAVAIR WARFARE CTR AIRCRAFT DIV,017-2020/2022-1506-000,017-1506,25.5: Research and development contracts,0001: COMBAT AIRCRAFT,X,NOT APPLICABLE,,,W4CHGAKA1A87,836696807,W5 TECHNOLOGIES INC,W5 TECHNOLOGIES INC,,56YX1,W4CHGAKA1A87,836696807,W5 TECHNOLOGIES INC,W5 TECHNOLOGIES INC,USA,UNITED STATES,1525 N HAYDEN RD STE 115,,SCOTTSDALE,04013,MARICOPA,04,AZ,ARIZONA,852573771,AZ-09,AZ-01,4804226009,4804233407,USA,UNITED STATES,SCOTTSDALE,04013,MARICOPA,04,AZ,ARIZONA,852573771,AZ-09,AZ-01,AWARD,D,DEFINITIVE CONTRACT,,,,,,,J,FIRM FIXED PRICE,MUOOS MODEL #1900-1 SBIR PHASE III,,1,OT,OTHER FUNCTIONS,AC63,R&D- DEFENSE SYSTEM: ELECTRONICS/COMMUNICATION EQUIPMENT (ADVANCED DEVELOPMENT),H,NOT BUNDLED,C9E,ALL OTHERS NOT IDENTIFIABLE TO ANY OTHER PROCUREMENT PROGRAM,541715,"RESEARCH AND DEVELOPMENT IN THE PHYSICAL, ENGINEERING, AND LIFE SCIENCES (EXCEPT NANOTECHNOLOGY AND BIOTECHNOLOGY)",C,NO CLAUSES INCLUDED AND NO SUSTAINABILITY INCLUDED,A,U.S. OWNED BUSINESS,000,NONE,Z,NOT IT PRODUCTS OR SERVICES,E,NOT REQUIRED,USA,UNITED STATES,C,NOT A MANUFACTURED END PRODUCT,B,PLAN NOT REQUIRED,B,NOT AVAILABLE FOR COMPETITION,SSS,ONLY ONE SOURCE,NONE,NO SET ASIDE USED.,NONE,NO PREFERENCE USED,SR3,SMALL BUSINESS INNOVATION RESEARCH PROGRAM PHASE III ACTION,,,OTH,AUTHORIZED BY STATUTE (FAR 6.302-5(A)(2)(I)),1,D,COMMERCIAL ITEM PROCEDURES NOT USED,f,N,NO,N,NO,N,NO,N,NO,0.00,N,NO,X,NOT APPLICABLE,X,NOT APPLICABLE,X,NOT APPLICABLE,X,NOT APPLICABLE,,,,,,,,NONE,NONE,N,NO,X,NOT APPLICABLE EXEMPT FROM CAS,N,TRANSACTION DOES NOT USE GFE/GFP,N,NO,D,NOT CONSOLIDATED,Y,YES - SERVICE WHERE PBA IS USED.,N,NO,Z,NOT APPLICABLE,N,NO,X,NOT APPLICABLE,f,f,f,f,f,f,f,f,f,f,f,f,f,f,f,f,f,f,f,SMALL BUSINESS,S,f,f,f,f,f,f,f,f,f,f,f,f,f,f,f,f,f,CORPORATE NOT TAX EXEMPT,t,f,f,f,f,f,f,f,f,f,f,f,f,f,f,f,f,t,f,f,f,f,f,f,f,t,f,f,t,f,f,f,f,f,f,f,f,f,f,f,f,f,f,f,f,f,f,f,f,f,,,,,,,,,,,https://www.usaspending.gov/award/CONT_AWD_N6833519C0294_9700_-NONE-_-NONE-/,2021-08-24 07:02:51+00
CONT_AWD_N6833519C0678_9700_-NONE-_-NONE-,N6833519C0678,,,,Q: Not Designated Nonemergency/Emergency/Disaster/Wildfire Suppression,,,,,994080.42,0.00,994080.80,1493329.39,2019-09-25,2019,2021-08-19,2021,2019-09-25,2021-06-01,2022-09-20 00:00:00,,2019-06-11,097,Department of Defense,1700,Department of the Navy,N68335,NAVAIR WARFARE CTR AIRCRAFT DIV,097,Department of Defense,1700,Department of the Navy,N68335,NAVAIR WARFARE CTR AIRCRAFT DIV,017-2020/2021-1319-000;097-2020/2021-0400-000,017-1319;097-0400,25.5: Research and development contracts,0001: BASIC RESEARCH,X,NOT APPLICABLE,,,H1ZRXJKFZ4K7,832864370,IERUS TECHNOLOGIES INC,"IERUS TECHNOLOGIES, INC",,5TST8,H1ZRXJKFZ4K7,832864370,IERUS TECHNOLOGIES INC,IERUS TECHNOLOGIES  LLC,USA,UNITED STATES,2904 WESTCORP BLVD STE 210,,HUNTSVILLE,01089,MADISON,01,AL,ALABAMA,358056410,AL-05,AL-05,2563192026,8665421708,USA,UNITED STATES,HUNTSVILLE,01089,MADISON,01,AL,ALABAMA,358056410,AL-05,AL-05,AWARD,D,DEFINITIVE CONTRACT,,,,,,,U,COST PLUS FIXED FEE,RESEARCH AND DEVELOPMENT,,1,OT,OTHER FUNCTIONS,AD91,R&D- DEFENSE OTHER: OTHER (BASIC RESEARCH),H,NOT BUNDLED,C9E,ALL OTHERS NOT IDENTIFIABLE TO ANY OTHER PROCUREMENT PROGRAM,541715,"RESEARCH AND DEVELOPMENT IN THE PHYSICAL, ENGINEERING, AND LIFE SCIENCES (EXCEPT NANOTECHNOLOGY AND BIOTECHNOLOGY)",C,NO CLAUSES INCLUDED AND NO SUSTAINABILITY INCLUDED,A,U.S. OWNED BUSINESS,000,NONE,Z,NOT IT PRODUCTS OR SERVICES,E,NOT REQUIRED,USA,UNITED STATES,C,NOT A MANUFACTURED END PRODUCT,B,PLAN NOT REQUIRED,D,FULL AND OPEN COMPETITION AFTER EXCLUSION OF SOURCES,NP,NEGOTIATED PROPOSAL/QUOTE,SBA,SMALL BUSINESS SET ASIDE - TOTAL,NONE,NO PREFERENCE USED,ST2,SMALL TECHNOLOGY TRANSFER RESEARCH PROGRAM PHASE II,,,,,1,D,COMMERCIAL ITEM PROCEDURES NOT USED,f,N,NO,N,NO,X,NOT APPLICABLE,N,NO,0.00,N,NO,X,NOT APPLICABLE,X,NOT APPLICABLE,X,NOT APPLICABLE,X,NOT APPLICABLE,,,,,,,,NONE,NONE,N,NO,X,NOT APPLICABLE EXEMPT FROM CAS,N,TRANSACTION DOES NOT USE GFE/GFP,U,UNKNOWN,D,NOT CONSOLIDATED,N,NO - SERVICE WHERE PBA IS NOT USED.,N,NO,Z,NOT APPLICABLE,N,NO,X,NOT APPLICABLE,f,f,f,f,f,f,f,f,f,f,f,f,f,f,f,f,f,f,f,SMALL BUSINESS,S,f,f,f,f,f,f,f,f,f,f,f,f,f,f,f,f,f,CORPORATE NOT TAX EXEMPT,t,f,f,f,f,f,f,f,f,f,f,f,f,f,f,f,f,t,f,f,f,f,f,f,f,t,f,f,t,f,f,f,f,f,f,f,f,f,f,f,f,f,f,f,f,f,f,f,t,f,JASON  KEEN,208783.00,MICHAEL  ROESCH,190436.00,DANIEL  FAIRCLOTH,225296.00,DAN  BODEKER,218093.00,KYLE  MOORE,201682.00,https://www.usaspending.gov/award/CONT_AWD_N6833519C0678_9700_-NONE-_-NONE-/,2021-08-19 15:06:52+00
CONT_AWD_N6833520C0475_9700_-NONE-_-NONE-,N6833520C0475,,,,Q: Not Designated Nonemergency/Emergency/Disaster/Wildfire Suppression,,,,,1047603.45,160374.09,1214780.00,1214780.00,2020-07-21,2020,2021-08-19,2021,2020-07-21,2022-07-21,2022-07-21 00:00:00,,2019-03-22,097,Department of Defense,1700,Department of the Navy,N68335,NAVAIR WARFARE CTR AIRCRAFT DIV,097,Department of Defense,1700,Department of the Navy,N00019,NAVAL AIR SYSTEMS COMMAND,017-2019/2021-1508-000,017-1508,26.0: Supplies and materials,OPTN: FIELD IS OPTIONAL PRIOR TO FY21,X,NOT APPLICABLE,,,VTEWM5QSE598,794598573,RAYTHEON COMPANY,RAYTHEON COMPANY,,15090,PPLZG8J3N9D4,001344142,RTX CORP,RAYTHEON COMPANY,USA,UNITED STATES,1151 E HERMANS RD,,TUCSON,04019,PIMA,04,AZ,ARIZONA,857569367,AZ-03,AZ-07,3106479438,,USA,UNITED STATES,TUCSON,04019,PIMA,04,AZ,ARIZONA,857569367,AZ-03,AZ-07,AWARD,D,DEFINITIVE CONTRACT,,,,,,,U,COST PLUS FIXED FEE,GBU 49,N6833518R0212,1,,,1325,BOMBS,H,NOT BUNDLED,A5,WEAPONS,336414,GUIDED MISSILE AND SPACE VEHICLE MANUFACTURING,C,NO CLAUSES INCLUDED AND NO SUSTAINABILITY INCLUDED,A,U.S. OWNED BUSINESS,000,NONE,Z,NOT IT PRODUCTS OR SERVICES,A,MEETS REQUIREMENTS,USA,UNITED STATES,D,MFG IN U.S.,B,PLAN NOT REQUIRED,C,NOT COMPETED,SSS,ONLY ONE SOURCE,NONE,NO SET ASIDE USED.,NONE,NO PREFERENCE USED,,,,,ONE,ONLY ONE SOURCE-OTHER (FAR 6.302-1 OTHER),1,D,COMMERCIAL ITEM PROCEDURES NOT USED,f,N,NO,N,NO,Y,YES,N,NO,0.00,N,NO,X,NOT APPLICABLE,X,NOT APPLICABLE,X,NOT APPLICABLE,X,NOT APPLICABLE,,,,,,,,NONE,NONE,N,NO,X,NOT APPLICABLE EXEMPT FROM CAS,N,TRANSACTION DOES NOT USE GFE/GFP,U,UNKNOWN,D,NOT CONSOLIDATED,X,NOT APPLICABLE,N,NO,Z,NOT APPLICABLE,N,NO,X,NOT APPLICABLE,f,f,f,f,f,f,f,f,f,f,f,f,f,f,f,f,f,f,f,OTHER THAN SMALL BUSINESS,O,f,f,f,f,f,f,f,f,f,f,f,f,f,f,f,f,f,CORPORATE NOT TAX EXEMPT,t,f,f,f,f,f,f,f,f,f,f,f,t,f,f,f,f,t,f,f,f,f,f,f,f,f,f,f,t,f,f,f,f,f,f,f,f,f,f,f,f,f,f,f,f,f,f,f,f,f,,,,,,,,,,,https://www.usaspending.gov/award/CONT_AWD_N6833520C0475_9700_-NONE-_-NONE-/,2021-08-19 13:15:49+00
CONT_AWD_N6833520C0919_9700_-NONE-_-NONE-,N6833520C0919,,,,Q: Not Designated Nonemergency/Emergency/Disaster/Wildfire Suppression,,,,,239996.00,0.00,239996.00,239996.00,2020-09-01,2020,2021-08-24,2021,2020-09-01,2021-12-10,2021-12-10 00:00:00,,,097,Department of Defense,9763,Defense Contract Management Agency,S0530A,DCMA SOUTHERN CALIFORNIA (CARSON),097,Department of Defense,1700,Department of the Navy,N00421,NAVAL AIR WARFARE CENTER AIR DIV,017-2020/2021-1319-000,017-1319,25.5: Research and development contracts,0001: BASIC RESEARCH;OPTN: FIELD IS OPTIONAL PRIOR TO FY21,X,NOT APPLICABLE,,,Y3J4LKVH3D94,,"STARPOINT TECHNOLOGY, INC.","STARPOINT TECHNOLOGY, INC.",,64VP2,Y3J4LKVH3D94,,"STARPOINT TECHNOLOGY, INC.",STARPOINT TECHNOLOGY INC,USA,UNITED STATES,2054 ARTESIA BLVD APT B,,TORRANCE,06037,LOS ANGELES,06,CA,CALIFORNIA,905043071,CA-43,CA-43,3104339578,3105388167,USA,UNITED STATES,TORRANCE,06037,LOS ANGELES,06,CA,CALIFORNIA,905011510,CA-43,CA-43,AWARD,D,DEFINITIVE CONTRACT,,,,,,,J,FIRM FIXED PRICE,RESEARCH AND DEVELOPMENT,,1,OT,OTHER FUNCTIONS,AD91,R&D- DEFENSE OTHER: OTHER (BASIC RESEARCH),H,NOT BUNDLED,C9E,ALL OTHERS NOT IDENTIFIABLE TO ANY OTHER PROCUREMENT PROGRAM,541715,"RESEARCH AND DEVELOPMENT IN THE PHYSICAL, ENGINEERING, AND LIFE SCIENCES (EXCEPT NANOTECHNOLOGY AND BIOTECHNOLOGY)",C,NO CLAUSES INCLUDED AND NO SUSTAINABILITY INCLUDED,A,U.S. OWNED BUSINESS,000,NONE,Z,NOT IT PRODUCTS OR SERVICES,E,NOT REQUIRED,USA,UNITED STATES,C,NOT A MANUFACTURED END PRODUCT,B,PLAN NOT REQUIRED,D,FULL AND OPEN COMPETITION AFTER EXCLUSION OF SOURCES,NP,NEGOTIATED PROPOSAL/QUOTE,SBA,SMALL BUSINESS SET ASIDE - TOTAL,NONE,NO PREFERENCE USED,SR1,SMALL BUSINESS INNOVATION RESEARCH PROGRAM PHASE I ACTION,,,,,1,D,COMMERCIAL ITEM PROCEDURES NOT USED,f,N,NO,N,NO,X,NOT APPLICABLE,N,NO,0.00,N,NO,X,NOT APPLICABLE,X,NOT APPLICABLE,X,NOT APPLICABLE,X,NOT APPLICABLE,,,,,,,,NONE,NONE,N,NO,X,NOT APPLICABLE EXEMPT FROM CAS,N,TRANSACTION DOES NOT USE GFE/GFP,U,UNKNOWN,D,NOT CONSOLIDATED,N,NO - SERVICE WHERE PBA IS NOT USED.,N,NO,Z,NOT APPLICABLE,N,NO,X,NOT APPLICABLE,f,f,f,f,f,f,f,f,f,f,f,f,f,f,f,f,f,f,f,SMALL BUSINESS,S,f,f,f,f,f,f,f,f,f,f,f,f,f,f,f,f,f,CORPORATE NOT TAX EXEMPT,t,f,f,f,f,f,f,f,f,f,f,f,f,f,f,f,f,t,f,f,f,f,f,f,f,f,f,f,t,f,f,f,f,f,f,f,f,f,f,f,f,f,f,f,f,f,f,f,f,f,J.  JANNSON,1152676.00,G.  SAVANT,667144.00,R.  SHIE,634311.00,K.  WALTER,654277.00,Y.  KIM,675029.00,https://www.usaspending.gov/award/CONT_AWD_N6833520C0919_9700_-NONE-_-NONE-/,2022-05-27 15:04:32+00
CONT_AWD_N6833521C0083_9700_-NONE-_-NONE-,N6833521C0083,,,,Q: Not Designated Nonemergency/Emergency/Disaster/Wildfire Suppression,,,,,239481.00,0.00,239481.00,239481.00,2020-10-08,2021,2021-08-24,2021,2020-10-13,2021-10-13,2021-10-13 00:00:00,,2020-07-01,097,Department of Defense,1700,Department of the Navy,N68335,NAVAIR WARFARE CTR AIRCRAFT DIV,097,Department of Defense,1700,Department of the Navy,N00014,OFFICE OF NAVAL RESEARCH,017-2020/2021-1319-000,017-1319,25.5: Research and development contracts,0001: BASIC RESEARCH,X,NOT APPLICABLE,,,WE9NMNL1ZNB6,078678983,ADVANCED CERAMIC FIBERS LLC,"ADVANCED CERAMIC FIBERS, LLC",,6WN33,WE9NMNL1ZNB6,078678983,ADVANCED CERAMIC FIBERS LLC,ADVANCED CERAMIC FIBERS  LLC,USA,UNITED STATES,2300 N. YELLOWSTONE HWY STE 210,,IDAHO FALLS,16019,BONNEVILLE,16,ID,IDAHO,834011662,ID-02,ID-02,2085226008,2085226008,USA,UNITED STATES,IDAHO FALLS,16019,BONNEVILLE,16,ID,IDAHO,834011662,ID-02,ID-02,AWARD,D,DEFINITIVE CONTRACT,,,,,,,J,FIRM FIXED PRICE,RESEARCH AND DEVELOPMENT,,1,OT,OTHER FUNCTIONS,AD91,R&D- DEFENSE OTHER: OTHER (BASIC RESEARCH),H,NOT BUNDLED,C9E,ALL OTHERS NOT IDENTIFIABLE TO ANY OTHER PROCUREMENT PROGRAM,541715,"RESEARCH AND DEVELOPMENT IN THE PHYSICAL, ENGINEERING, AND LIFE SCIENCES (EXCEPT NANOTECHNOLOGY AND BIOTECHNOLOGY)",C,NO CLAUSES INCLUDED AND NO SUSTAINABILITY INCLUDED,A,U.S. OWNED BUSINESS,000,NONE,Z,NOT IT PRODUCTS OR SERVICES,E,NOT REQUIRED,USA,UNITED STATES,C,NOT A MANUFACTURED END PRODUCT,B,PLAN NOT REQUIRED,D,FULL AND OPEN COMPETITION AFTER EXCLUSION OF SOURCES,NP,NEGOTIATED PROPOSAL/QUOTE,SBA,SMALL BUSINESS SET ASIDE - TOTAL,NONE,NO PREFERENCE USED,SR1,SMALL BUSINESS INNOVATION RESEARCH PROGRAM PHASE I ACTION,,,,,35,D,COMMERCIAL ITEM PROCEDURES NOT USED,f,N,NO,N,NO,X,NOT APPLICABLE,N,NO,0.00,N,NO,X,NOT APPLICABLE,X,NOT APPLICABLE,N,NO,X,NOT APPLICABLE,,,,,,,,NONE,NONE,N,NO,X,NOT APPLICABLE EXEMPT FROM CAS,N,TRANSACTION DOES NOT USE GFE/GFP,U,UNKNOWN,D,NOT CONSOLIDATED,N,NO - SERVICE WHERE PBA IS NOT USED.,N,NO,Z,NOT APPLICABLE,N,NO,X,NOT APPLICABLE,f,f,f,f,f,f,f,f,f,f,f,f,f,f,f,f,f,f,f,SMALL BUSINESS,S,f,f,f,f,f,f,f,f,f,f,f,f,f,f,f,f,f,OTHER,f,f,f,f,f,f,f,f,f,f,f,f,f,f,f,f,f,t,f,f,f,f,f,f,f,f,t,f,t,f,f,f,f,f,f,f,f,f,f,f,f,f,f,f,f,f,f,f,f,f,,,,,,,,,,,https://www.usaspending.gov/award/CONT_AWD_N6833521C0083_9700_-NONE-_-NONE-/,2021-08-24 10:03:37+00
CONT_AWD_N6833521C0104_9700_-NONE-_-NONE-,N6833521C0104,,,,Q: Not Designated Nonemergency/Emergency/Disaster/Wildfire Suppression,,,,,599917.50,0.00,599917.50,1599000.50,2020-10-23,2021,2021-08-19,2021,2020-10-23,2021-10-23,2023-10-23 00:00:00,,2020-05-05,097,Department of Defense,1700,Department of the Navy,N68335,NAVAIR WARFARE CTR AIRCRAFT DIV,097,Department of Defense,1700,Department of the Navy,N68335,NAVAIR WARFARE CTR AIRCRAFT DIV,017-2020/2021-1319-000;097-2020/2021-0400-000,017-1319;097-0400,25.5: Research and development contracts,0001: BASIC RESEARCH,X,NOT APPLICABLE,,,KVW6Q3KKMY83,,TWINLEAF LLC,TWINLEAF LLC,,4PRT0,KVW6Q3KKMY83,,TWINLEAF LLC,TWINLEAF LLC,USA,UNITED STATES,300 DEER CREEK DR STE 300,,PLAINSBORO,34023,MIDDLESEX,34,NJ,NEW JERSEY,08536,NJ-12,NJ-12,6097590859,6092281059,USA,UNITED STATES,PLAINSBORO,34023,MIDDLESEX,34,NJ,NEW JERSEY,085362548,NJ-12,NJ-12,AWARD,D,DEFINITIVE CONTRACT,,,,,,,U,COST PLUS FIXED FEE,RESEARCH AND DEVELOPMENT- PH 2,,1,CT,CRITICAL FUNCTIONS,AC32,NATIONAL DEFENSE R&D SERVICES; DEFENSE-RELATED ACTIVITIES; APPLIED RESEARCH,H,NOT BUNDLED,C9E,ALL OTHERS NOT IDENTIFIABLE TO ANY OTHER PROCUREMENT PROGRAM,541715,"RESEARCH AND DEVELOPMENT IN THE PHYSICAL, ENGINEERING, AND LIFE SCIENCES (EXCEPT NANOTECHNOLOGY AND BIOTECHNOLOGY)",C,NO CLAUSES INCLUDED AND NO SUSTAINABILITY INCLUDED,A,U.S. OWNED BUSINESS,000,NONE,Z,NOT IT PRODUCTS OR SERVICES,E,NOT REQUIRED,USA,UNITED STATES,C,NOT A MANUFACTURED END PRODUCT,B,PLAN NOT REQUIRED,D,FULL AND OPEN COMPETITION AFTER EXCLUSION OF SOURCES,NP,NEGOTIATED PROPOSAL/QUOTE,SBA,SMALL BUSINESS SET ASIDE - TOTAL,NONE,NO PREFERENCE USED,ST2,SMALL TECHNOLOGY TRANSFER RESEARCH PROGRAM PHASE II,,,,,4,D,COMMERCIAL ITEM PROCEDURES NOT USED,f,N,NO,N,NO,X,NOT APPLICABLE,N,NO,0.00,N,NO,X,NOT APPLICABLE,X,NOT APPLICABLE,X,NOT APPLICABLE,X,NOT APPLICABLE,,,,,,,,NONE,NONE,N,NO,X,NOT APPLICABLE EXEMPT FROM CAS,N,TRANSACTION DOES NOT USE GFE/GFP,U,UNKNOWN,D,NOT CONSOLIDATED,Y,YES - SERVICE WHERE PBA IS USED.,N,NO,Z,NOT APPLICABLE,N,NO,X,NOT APPLICABLE,f,f,f,f,f,f,f,t,t,f,f,f,f,f,f,f,f,f,f,SMALL BUSINESS,S,f,f,f,f,f,f,f,f,f,f,f,f,f,f,f,f,f,CORPORATE NOT TAX EXEMPT,t,f,f,f,f,f,f,f,f,f,f,f,f,f,f,f,f,t,f,f,f,f,f,f,f,f,t,f,t,f,f,f,f,f,f,f,f,f,f,f,f,f,f,f,f,f,f,f,f,f,,,,,,,,,,,https://www.usaspending.gov/award/CONT_AWD_N6833521C0104_9700_-NONE-_-NONE-/,2024-04-10 15:30:30+00
CONT_AWD_N6833521C0407_9700_-NONE-_-NONE-,N6833521C0407,,,,,,,,,139893.00,,139893.00,239338.00,2021-05-11,2021,2021-08-17,2021,2021-06-07,2021-12-07,2022-06-07 00:00:00,,,097,Department of Defense,1700,Department of the Navy,N68335,NAVAIR WARFARE CTR AIRCRAFT DIV,097,Department of Defense,1700,Department of the Navy,N00014,OFFICE OF NAVAL RESEARCH,,,,,X,NOT APPLICABLE,,,FJY5JFV87427,081054642,"HYSONIC TECHNOLOGIES, LLC","HYSONIC TECHNOLOGIES, LLC",,81GX0,FJY5JFV87427,081054642,"HYSONIC TECHNOLOGIES, LLC",HYSONIC TECHNOLOGIES  LLC,USA,UNITED STATES,1281 WIN HENTSCHEL BLVD,,WEST LAFAYETTE,18157,TIPPECANOE,18,IN,INDIANA,479064182,IN-04,IN-04,7657750270,,USA,UNITED STATES,WEST LAFAYETTE,18157,TIPPECANOE,18,IN,INDIANA,479064182,IN-04,IN-04,AWARD,D,DEFINITIVE CONTRACT,,,,,,,J,FIRM FIXED PRICE,STTR PHASE 1,,1,OT,OTHER FUNCTIONS,AC11,NATIONAL DEFENSE R&D SERVICES; DEPARTMENT OF DEFENSE - MILITARY; BASIC RESEARCH,H,NOT BUNDLED,C9E,ALL OTHERS NOT IDENTIFIABLE TO ANY OTHER PROCUREMENT PROGRAM,541715,"RESEARCH AND DEVELOPMENT IN THE PHYSICAL, ENGINEERING, AND LIFE SCIENCES (EXCEPT NANOTECHNOLOGY AND BIOTECHNOLOGY)",C,NO CLAUSES INCLUDED AND NO SUSTAINABILITY INCLUDED,A,U.S. OWNED BUSINESS,000,NONE,Z,NOT IT PRODUCTS OR SERVICES,E,NOT REQUIRED,USA,UNITED STATES,C,NOT A MANUFACTURED END PRODUCT,B,PLAN NOT REQUIRED,D,FULL AND OPEN COMPETITION AFTER EXCLUSION OF SOURCES,NP,NEGOTIATED PROPOSAL/QUOTE,SBA,SMALL BUSINESS SET ASIDE - TOTAL,NONE,NO PREFERENCE USED,ST1,SMALL TECHNOLOGY TRANSFER RESEARCH PROGRAM PHASE I,,,,,13,D,COMMERCIAL ITEM PROCEDURES NOT USED,f,N,NO,N,NO,X,NOT APPLICABLE,N,NO,0.00,N,NO,X,NOT APPLICABLE,X,NOT APPLICABLE,X,NOT APPLICABLE,X,NOT APPLICABLE,,,,,,,,NONE,NONE,N,NO,X,NOT APPLICABLE EXEMPT FROM CAS,N,TRANSACTION DOES NOT USE GFE/GFP,U,UNKNOWN,D,NOT CONSOLIDATED,N,NO - SERVICE WHERE PBA IS NOT USED.,N,NO,Z,NOT APPLICABLE,N,NO,X,NOT APPLICABLE,f,f,f,f,f,f,f,f,f,f,f,f,f,f,f,f,f,f,f,SMALL BUSINESS,S,f,f,f,f,f,f,f,f,f,f,f,f,f,f,f,f,f,PARTNERSHIP,f,f,t,f,f,f,f,f,f,f,f,f,f,f,f,f,f,t,f,f,f,f,f,f,f,f,t,f,t,f,f,f,f,f,f,f,f,f,f,f,f,f,f,f,f,f,f,f,f,f,,,,,,,,,,,https://www.usaspending.gov/award/CONT_AWD_N6833521C0407_9700_-NONE-_-NONE-/,2021-08-17 17:01:12+00
CONT_AWD_N6833521C0456_9700_-NONE-_-NONE-,N6833521C0456,,,,,,,,,291556.00,,291556.00,291556.00,2021-08-24,2021,2021-08-24,2021,2021-08-24,2022-08-31,2022-08-31 00:00:00,,2021-08-01,097,Department of Defense,1700,Department of the Navy,N68335,NAVAIR WARFARE CTR AIRCRAFT DIV,097,Department of Defense,1700,Department of the Navy,N68335,NAVAIR WARFARE CTR AIRCRAFT DIV,,,,,A,FOREIGN FUNDS FMS,,,TJMNJL47DK77,,"TELEDYNE RISI, INC.","TELEDYNE RISI, INC.",,0EUB8,SQ2DSCE69F15,,TELEDYNE TECHNOLOGIES INCORPORATED,"TELEDYNE RISI, INC.",USA,UNITED STATES,19735 DEARBORN ST,,CHATSWORTH,06037,LOS ANGELES,06,CA,CALIFORNIA,913116510,CA-30,CA-32,8187186669,8189983312,USA,UNITED STATES,CHATSWORTH,06037,LOS ANGELES,06,CA,CALIFORNIA,913116510,CA-30,CA-32,AWARD,D,DEFINITIVE CONTRACT,,,,,,,J,FIRM FIXED PRICE,TTU/515E TEST SET,,1,,,6625,ELECTRICAL AND ELECTRONIC PROPERTIES MEASURING AND TESTING INSTRUMENTS,H,NOT BUNDLED,A1C,OTHER AIRCRAFT EQUIPMENT,334515,INSTRUMENT MANUFACTURING FOR MEASURING AND TESTING ELECTRICITY AND ELECTRICAL SIGNALS,C,NO CLAUSES INCLUDED AND NO SUSTAINABILITY INCLUDED,A,U.S. OWNED BUSINESS,000,NONE,Z,NOT IT PRODUCTS OR SERVICES,A,MEETS REQUIREMENTS,USA,UNITED STATES,D,MFG IN U.S.,B,PLAN NOT REQUIRED,B,NOT AVAILABLE FOR COMPETITION,SSS,ONLY ONE SOURCE,NONE,NO SET ASIDE USED.,NONE,NO PREFERENCE USED,,,,,IA,INTERNATIONAL AGREEMENT (FAR 6.302-4),1,D,COMMERCIAL ITEM PROCEDURES NOT USED,f,N,NO,N,NO,X,NOT APPLICABLE,N,NO,0.00,N,NO,Y,YES,X,NOT APPLICABLE,X,NOT APPLICABLE,X,NOT APPLICABLE,,,,,,,,NONE,NONE,N,NO,X,NOT APPLICABLE EXEMPT FROM CAS,N,TRANSACTION DOES NOT USE GFE/GFP,U,UNKNOWN,D,NOT CONSOLIDATED,X,NOT APPLICABLE,N,NO,Z,NOT APPLICABLE,N,NO,X,NOT APPLICABLE,f,f,f,f,f,f,f,f,f,f,f,f,f,f,f,f,f,f,f,OTHER THAN SMALL BUSINESS,O,f,f,f,f,f,f,f,f,f,f,f,f,f,f,f,f,f,CORPORATE NOT TAX EXEMPT,t,f,f,f,f,f,f,f,f,f,f,f,t,f,f,f,f,t,f,f,f,f,f,f,f,f,f,f,t,f,f,f,f,f,f,f,f,f,f,f,f,f,f,f,f,f,f,f,f,f,,,,,,,,,,,https://www.usaspending.gov/award/CONT_AWD_N6833521C0456_9700_-NONE-_-NONE-/,2022-08-04 07:37:20+00
CONT_AWD_N6833521C0481_9700_-NONE-_-NONE-,N6833521C0481,,,,,,,,,195192.18,,195192.18,195192.18,2021-08-18,2021,2021-08-18,2021,2021-08-18,2021-10-26,2021-10-26 00:00:00,,,097,Department of Defense,1700,Department of the Navy,N68335,NAVAIR WARFARE CTR AIRCRAFT DIV,097,Department of Defense,1700,Department of the Navy,N3555A,NAVAL AIR WARFARE CTR AIRCRAFT DIV,,,,,X,NOT APPLICABLE,,,LHSBQKG97P89,,"INDUSTRIES FOR THE BLIND AND VISUALLY IMPAIRED, INC.","INDUSTRIES FOR THE BLIND AND VISUALLY IMPAIRED, INC.",,9U362,LHSBQKG97P89,,"INDUSTRIES FOR THE BLIND AND VISUALLY IMPAIRED, INC.",INDUSTRIES FOR THE BLIND  INC.,USA,UNITED STATES,445 S CURTIS RD,,WEST ALLIS,55079,MILWAUKEE,55,WI,WISCONSIN,532141016,WI-05,WI-05,4147783055,4147783041,USA,UNITED STATES,MILWAUKEE,55079,MILWAUKEE,55,WI,WISCONSIN,532141016,WI-05,WI-05,AWARD,D,DEFINITIVE CONTRACT,,,,,,,J,FIRM FIXED PRICE,DELL R740-M4,,1,,,5975,ELECTRICAL HARDWARE AND SUPPLIES,H,NOT BUNDLED,C9E,ALL OTHERS NOT IDENTIFIABLE TO ANY OTHER PROCUREMENT PROGRAM,493110,GENERAL WAREHOUSING AND STORAGE,C,NO CLAUSES INCLUDED AND NO SUSTAINABILITY INCLUDED,A,U.S. OWNED BUSINESS,000,NONE,Z,NOT IT PRODUCTS OR SERVICES,A,MEETS REQUIREMENTS,USA,UNITED STATES,D,MFG IN U.S.,B,PLAN NOT REQUIRED,C,NOT COMPETED,SSS,ONLY ONE SOURCE,NONE,NO SET ASIDE USED.,NONE,NO PREFERENCE USED,,,,,ONE,ONLY ONE SOURCE-OTHER (FAR 6.302-1 OTHER),1,D,COMMERCIAL ITEM PROCEDURES NOT USED,f,N,NO,N,NO,X,NOT APPLICABLE,N,NO,0.00,N,NO,X,NOT APPLICABLE,X,NOT APPLICABLE,X,NOT APPLICABLE,X,NOT APPLICABLE,,,,,,,,NONE,NONE,N,NO,X,NOT APPLICABLE EXEMPT FROM CAS,N,TRANSACTION DOES NOT USE GFE/GFP,U,UNKNOWN,D,NOT CONSOLIDATED,X,NOT APPLICABLE,N,NO,Z,NOT APPLICABLE,N,NO,X,NOT APPLICABLE,f,f,f,f,f,f,f,f,f,f,f,f,f,f,f,f,f,f,f,OTHER THAN SMALL BUSINESS,O,f,f,f,f,f,f,f,f,f,f,f,f,f,f,f,f,f,CORPORATE TAX EXEMPT,f,t,f,f,f,f,f,f,f,f,f,f,t,f,f,f,f,t,f,f,f,f,f,f,f,f,f,f,f,t,f,t,f,f,f,f,f,f,f,f,f,f,f,f,f,f,f,f,f,f,,,,,,,,,,,https://www.usaspending.gov/award/CONT_AWD_N6833521C0481_9700_-NONE-_-NONE-/,2023-06-09 12:58:19+00
CONT_AWD_N6833521C0500_9700_-NONE-_-NONE-,N6833521C0500,,,,,,,,,139955.00,,139955.00,239792.00,2021-08-23,2021,2021-08-23,2021,2021-08-23,2022-02-21,2022-08-22 00:00:00,,,097,Department of Defense,1700,Department of the Navy,N68335,NAVAIR WARFARE CTR AIRCRAFT DIV,097,Department of Defense,1700,Department of the Navy,N00421,NAVAL AIR WARFARE CENTER AIR DIV,,,,,X,NOT APPLICABLE,,,CEM3SLZ41968,,COASPIRE LLC,"COASPIRE, LLC",,6UKK9,CEM3SLZ41968,,COASPIRE LLC,COASPIRE  LLC,USA,UNITED STATES,4031 UNIVERSITY DR STE 408,,FAIRFAX,51600,FAIRFAX (CITY),51,VA,VIRGINIA,220303409,VA-11,VA-11,7032777716,7032771730,USA,UNITED STATES,FAIRFAX,51600,FAIRFAX CITY,51,VA,VIRGINIA,220303409,VA-11,VA-11,AWARD,D,DEFINITIVE CONTRACT,,,,,,,J,FIRM FIXED PRICE,SBIR PH I,,1,"CL,CT","CLOSELY ASSOCIATED,CRITICAL FUNCTIONS",AC11,NATIONAL DEFENSE R&D SERVICES; DEPARTMENT OF DEFENSE - MILITARY; BASIC RESEARCH,H,NOT BUNDLED,C9E,ALL OTHERS NOT IDENTIFIABLE TO ANY OTHER PROCUREMENT PROGRAM,541715,"RESEARCH AND DEVELOPMENT IN THE PHYSICAL, ENGINEERING, AND LIFE SCIENCES (EXCEPT NANOTECHNOLOGY AND BIOTECHNOLOGY)",C,NO CLAUSES INCLUDED AND NO SUSTAINABILITY INCLUDED,A,U.S. OWNED BUSINESS,000,NONE,Z,NOT IT PRODUCTS OR SERVICES,E,NOT REQUIRED,USA,UNITED STATES,C,NOT A MANUFACTURED END PRODUCT,B,PLAN NOT REQUIRED,D,FULL AND OPEN COMPETITION AFTER EXCLUSION OF SOURCES,NP,NEGOTIATED PROPOSAL/QUOTE,SBA,SMALL BUSINESS SET ASIDE - TOTAL,NONE,NO PREFERENCE USED,SR1,SMALL BUSINESS INNOVATION RESEARCH PROGRAM PHASE I ACTION,,,,,22,D,COMMERCIAL ITEM PROCEDURES NOT USED,f,N,NO,N,NO,X,NOT APPLICABLE,N,NO,0.00,N,NO,X,NOT APPLICABLE,X,NOT APPLICABLE,X,NOT APPLICABLE,X,NOT APPLICABLE,,,,,,,,NONE,NONE,N,NO,X,NOT APPLICABLE EXEMPT FROM CAS,N,TRANSACTION DOES NOT USE GFE/GFP,U,UNKNOWN,D,NOT CONSOLIDATED,N,NO - SERVICE WHERE PBA IS NOT USED.,N,NO,Z,NOT APPLICABLE,N,NO,X,NOT APPLICABLE,f,f,f,f,f,t,t,f,f,f,f,f,f,f,f,f,f,f,f,SMALL BUSINESS,S,f,f,f,f,f,f,f,f,f,f,f,f,f,f,f,f,f,PARTNERSHIP,f,f,t,f,f,f,f,f,f,f,f,f,f,f,f,f,f,t,f,f,f,f,f,f,f,f,t,f,t,f,f,f,f,f,f,f,f,f,f,f,f,f,f,f,f,f,f,f,f,f,,,,,,,,,,,https://www.usaspending.gov/award/CONT_AWD_N6833521C0500_9700_-NONE-_-NONE-/,2022-09-28 07:33:16+00
CONT_AWD_N6833521C0502_9700_-NONE-_-NONE-,N6833521C0502,,,,,,,,,139894.00,,139894.00,239881.00,2021-08-23,2021,2021-08-23,2021,2021-08-23,2022-02-21,2022-08-22 00:00:00,,,097,Department of Defense,1700,Department of the Navy,N68335,NAVAIR WARFARE CTR AIRCRAFT DIV,097,Department of Defense,1700,Department of the Navy,N00421,NAVAL AIR WARFARE CENTER AIR DIV,,,,,X,NOT APPLICABLE,,,NTRFLXK2TSE5,,ITI ENGINEERING LLC,"IRVIN TECHNOLOGIES, INC.",,3EEM8,NTRFLXK2TSE5,,ITI ENGINEERING LLC,IRVIN TECHNOLOGIES  INC.,USA,UNITED STATES,1081 WILLA SPRINGS DR,,WINTER SPRINGS,12117,SEMINOLE,12,FL,FLORIDA,327085235,FL-07,FL-07,3212144206,8772170920,USA,UNITED STATES,WINTER SPRINGS,12117,SEMINOLE,12,FL,FLORIDA,327085235,FL-07,FL-07,AWARD,D,DEFINITIVE CONTRACT,,,,,,,J,FIRM FIXED PRICE,SBIR PH I,,1,"CL,CT","CLOSELY ASSOCIATED,CRITICAL FUNCTIONS",AC11,NATIONAL DEFENSE R&D SERVICES; DEPARTMENT OF DEFENSE - MILITARY; BASIC RESEARCH,H,NOT BUNDLED,C9E,ALL OTHERS NOT IDENTIFIABLE TO ANY OTHER PROCUREMENT PROGRAM,541715,"RESEARCH AND DEVELOPMENT IN THE PHYSICAL, ENGINEERING, AND LIFE SCIENCES (EXCEPT NANOTECHNOLOGY AND BIOTECHNOLOGY)",C,NO CLAUSES INCLUDED AND NO SUSTAINABILITY INCLUDED,A,U.S. OWNED BUSINESS,000,NONE,Z,NOT IT PRODUCTS OR SERVICES,E,NOT REQUIRED,USA,UNITED STATES,C,NOT A MANUFACTURED END PRODUCT,B,PLAN NOT REQUIRED,D,FULL AND OPEN COMPETITION AFTER EXCLUSION OF SOURCES,NP,NEGOTIATED PROPOSAL/QUOTE,SBA,SMALL BUSINESS SET ASIDE - TOTAL,NONE,NO PREFERENCE USED,SR1,SMALL BUSINESS INNOVATION RESEARCH PROGRAM PHASE I ACTION,,,,,22,D,COMMERCIAL ITEM PROCEDURES NOT USED,f,N,NO,N,NO,X,NOT APPLICABLE,N,NO,0.00,N,NO,X,NOT APPLICABLE,X,NOT APPLICABLE,X,NOT APPLICABLE,X,NOT APPLICABLE,,,,,,,,NONE,NONE,N,NO,X,NOT APPLICABLE EXEMPT FROM CAS,N,TRANSACTION DOES NOT USE GFE/GFP,U,UNKNOWN,D,NOT CONSOLIDATED,N,NO - SERVICE WHERE PBA IS NOT USED.,N,NO,Z,NOT APPLICABLE,N,NO,X,NOT APPLICABLE,f,f,f,f,f,f,f,f,f,f,f,f,f,f,f,f,f,f,f,SMALL BUSINESS,S,f,f,f,f,f,f,f,f,f,f,f,f,f,f,f,f,f,CORPORATE NOT TAX EXEMPT,t,f,f,f,f,f,f,f,f,f,f,f,t,f,f,f,f,t,f,f,f,f,f,f,f,t,f,f,t,f,f,f,f,f,f,f,f,f,f,f,f,f,f,f,f,f,f,f,f,f,,,,,,,,,,,https://www.usaspending.gov/award/CONT_AWD_N6833521C0502_9700_-NONE-_-NONE-/,2022-06-01 07:42:37+00
CONT_AWD_N6833521C0567_9700_-NONE-_-NONE-,N6833521C0567,,,,,,,,,140000.00,,140000.00,239962.00,2021-08-17,2021,2021-08-17,2021,2021-08-17,2022-02-22,2022-08-18 00:00:00,,2021-08-09,097,Department of Defense,1700,Department of the Navy,N68335,NAVAIR WARFARE CTR AIRCRAFT DIV,097,Department of Defense,1700,Department of the Navy,N00024,NAVSEA HQ,,,,,X,NOT APPLICABLE,,,S699ATX27YK4,,DANIEL H WAGNER ASSOCIATES INC,"DANIEL H. WAGNER ASSOCIATES, INCORPORATED",,1B836,S699ATX27YK4,,DANIEL H WAGNER ASSOCIATES INC,DANIEL H. WAGNER ASSOCIATES  INCORPORATED,USA,UNITED STATES,559 W UWCHLAN AVE STE 140,,EXTON,42029,CHESTER,42,PA,PENNSYLVANIA,193413013,PA-06,PA-06,7577277700,7577220249,USA,UNITED STATES,EXTON,42029,CHESTER,42,PA,PENNSYLVANIA,193413013,PA-06,PA-06,AWARD,D,DEFINITIVE CONTRACT,,,,,,,J,FIRM FIXED PRICE,SBIR PHASE I.,,1,OT,OTHER FUNCTIONS,AC11,NATIONAL DEFENSE R&D SERVICES; DEPARTMENT OF DEFENSE - MILITARY; BASIC RESEARCH,H,NOT BUNDLED,C9E,ALL OTHERS NOT IDENTIFIABLE TO ANY OTHER PROCUREMENT PROGRAM,541715,"RESEARCH AND DEVELOPMENT IN THE PHYSICAL, ENGINEERING, AND LIFE SCIENCES (EXCEPT NANOTECHNOLOGY AND BIOTECHNOLOGY)",C,NO CLAUSES INCLUDED AND NO SUSTAINABILITY INCLUDED,A,U.S. OWNED BUSINESS,000,NONE,Z,NOT IT PRODUCTS OR SERVICES,E,NOT REQUIRED,USA,UNITED STATES,C,NOT A MANUFACTURED END PRODUCT,B,PLAN NOT REQUIRED,D,FULL AND OPEN COMPETITION AFTER EXCLUSION OF SOURCES,NP,NEGOTIATED PROPOSAL/QUOTE,SBA,SMALL BUSINESS SET ASIDE - TOTAL,NONE,NO PREFERENCE USED,SR1,SMALL BUSINESS INNOVATION RESEARCH PROGRAM PHASE I ACTION,,,,,14,D,COMMERCIAL ITEM PROCEDURES NOT USED,f,N,NO,N,NO,X,NOT APPLICABLE,N,NO,0.00,N,NO,X,NOT APPLICABLE,X,NOT APPLICABLE,X,NOT APPLICABLE,X,NOT APPLICABLE,,,,,,,,NONE,NONE,N,NO,X,NOT APPLICABLE EXEMPT FROM CAS,N,TRANSACTION DOES NOT USE GFE/GFP,U,UNKNOWN,D,NOT CONSOLIDATED,N,NO - SERVICE WHERE PBA IS NOT USED.,N,NO,Z,NOT APPLICABLE,N,NO,X,NOT APPLICABLE,f,f,f,f,f,f,f,f,f,f,f,f,f,f,f,f,f,f,f,SMALL BUSINESS,S,f,f,f,f,f,f,f,f,f,f,f,f,f,f,f,f,f,CORPORATE NOT TAX EXEMPT,t,f,f,f,f,f,f,f,f,f,f,f,f,f,f,f,f,t,f,f,f,f,f,f,f,f,f,f,t,f,f,f,f,f,f,f,f,f,f,f,f,f,f,f,f,f,f,f,f,f,,,,,,,,,,,https://www.usaspending.gov/award/CONT_AWD_N6833521C0567_9700_-NONE-_-NONE-/,2023-01-18 06:25:04+00
CONT_AWD_N6945018C7214_9700_-NONE-_-NONE-,N6945018C7214,,,,Q: Not Designated Nonemergency/Emergency/Disaster/Wildfire Suppression,,,,,3933860.00,186600.96,3933860.00,3933860.00,2018-09-20,2018,2021-08-17,2021,2018-09-20,2022-09-30,2022-09-30 00:00:00,,,097,Department of Defense,1700,Department of the Navy,N69450,NAVFACSYSCOM SOUTHEAST,097,Department of Defense,1700,Department of the Navy,N69450,NAVFACSYSCOM SOUTHEAST,017-2018/2018-1804-000;017-2019/2019-1804-000;017-2020/2020-1804-000,017-1804,25.3: Other goods and services from Federal sources;25.4: Operation and maintenance of facilities,0001: OPERATING FORCES;OPTN: FIELD IS OPTIONAL PRIOR TO FY21,X,NOT APPLICABLE,,,S6Z7GMYZCFB3,079473835,"DAWSON ENTERPRISES, INC.","DAWSON ENTERPRISES, LLC",,76NW2,S6Z7GMYZCFB3,079473835,"DAWSON ENTERPRISES, INC.",DAWSON ENTERPRISES  LLC,USA,UNITED STATES,900 FORT ST MALL STE 1850,,HONOLULU,15003,HONOLULU,15,HI,HAWAII,968133721,HI-01,HI-01,8085365500,,USA,UNITED STATES,JACKSONVILLE,12031,DUVAL,12,FL,FLORIDA,322280073,FL-04,FL-05,AWARD,D,DEFINITIVE CONTRACT,,,,,,,J,FIRM FIXED PRICE,IGF::OT::IGF SITE PREP FOR 16 TRAILERS,N6945018R7214,1,OT,OTHER FUNCTIONS,Z2AB,REPAIR OR ALTERATION OF CONFERENCE SPACE AND FACILITIES,H,NOT BUNDLED,S1,SERVICES,561210,FACILITIES SUPPORT SERVICES,C,NO CLAUSES INCLUDED AND NO SUSTAINABILITY INCLUDED,A,U.S. OWNED BUSINESS,000,NONE,Z,NOT IT PRODUCTS OR SERVICES,E,NOT REQUIRED,USA,UNITED STATES,C,NOT A MANUFACTURED END PRODUCT,B,PLAN NOT REQUIRED,B,NOT AVAILABLE FOR COMPETITION,SSS,ONLY ONE SOURCE,8AN,8(A) SOLE SOURCE,NONE,NO PREFERENCE USED,,,,,OTH,AUTHORIZED BY STATUTE (FAR 6.302-5(A)(2)(I)),1,D,COMMERCIAL ITEM PROCEDURES NOT USED,f,N,NO,N,NO,N,NO,N,NO,0.00,Y,YES,N,NO,Y,YES,Y,YES,X,NOT APPLICABLE,,,,,,,,NONE,NONE,N,NO,X,NOT APPLICABLE EXEMPT FROM CAS,N,TRANSACTION DOES NOT USE GFE/GFP,U,UNKNOWN,D,NOT CONSOLIDATED,Y,YES - SERVICE WHERE PBA IS USED.,N,NO,Z,NOT APPLICABLE,N,NO,X,NOT APPLICABLE,f,f,f,t,f,f,f,f,f,f,f,f,t,f,f,f,f,t,f,SMALL BUSINESS,S,f,f,f,f,f,f,f,f,f,f,f,f,f,f,f,f,f,PARTNERSHIP,f,f,t,f,f,f,f,f,f,f,f,f,f,f,f,f,f,t,f,f,f,f,f,f,f,f,f,f,t,f,f,f,f,f,f,f,f,f,f,f,f,f,f,f,f,t,f,t,f,f,BRYAN  HARA,210000.00,CHRISTOPHER  BREDEHOEFT,190000.00,AMIR  MATIN,169125.00,MARK  COATS,165000.00,MICHAEL  FONSECA,150000.00,https://www.usaspending.gov/award/CONT_AWD_N6945018C7214_9700_-NONE-_-NONE-/,2021-08-17 07:16:55+00
CONT_AWD_SP470320C0006_9700_-NONE-_-NONE-,SP470320C0006,,,,Q: Not Designated Nonemergency/Emergency/Disaster/Wildfire Suppression,,,,,156833.11,103806.39,156833.11,294213.11,2020-01-24,2020,2021-08-19,2021,2020-01-24,2022-01-28,2022-01-28 00:00:00,,,097,Department of Defense,97AS,Defense Logistics Agency,SP4703,DCSO RICHMOND DIVISION #1,097,Department of Defense,97AS,Defense Logistics Agency,SP4703,DCSO RICHMOND DIVISION #1,097-X-4930-005,097-4930,25.2: Other services from non-Federal sources,0801: REIMBURSABLE,X,NOT APPLICABLE,,,KBL6XLDCXKG8,009000050,HONEYWELL INTERNATIONAL INC.,HONEYWELL INTERNATIONAL INC.,,99193,YBVGQEYENNM6,139691877,HONEYWELL INTERNATIONAL INC,HONEYWELL INTERNATIONAL INC.,USA,UNITED STATES,111 S 34TH ST,,PHOENIX,04013,MARICOPA,04,AZ,ARIZONA,850342802,AZ-07,AZ-03,8006013099,,USA,UNITED STATES,RICHMOND,51041,CHESTERFIELD,51,VA,VIRGINIA,232975000,VA-03,VA-04,AWARD,D,DEFINITIVE CONTRACT,,,,,,,J,FIRM FIXED PRICE,8507076497!MONTHLY PREVENTIVE MAINTENANC,,1,OT,OTHER FUNCTIONS,J063,"MAINT/REPAIR/REBUILD OF EQUIPMENT- ALARM, SIGNAL, AND SECURITY DETECTION SYSTEMS",H,NOT BUNDLED,S1,SERVICES,238210,ELECTRICAL CONTRACTORS AND OTHER WIRING INSTALLATION CONTRACTORS,C,NO CLAUSES INCLUDED AND NO SUSTAINABILITY INCLUDED,A,U.S. OWNED BUSINESS,000,NONE,Z,NOT IT PRODUCTS OR SERVICES,E,NOT REQUIRED,USA,UNITED STATES,C,NOT A MANUFACTURED END PRODUCT,B,PLAN NOT REQUIRED,C,NOT COMPETED,SSS,ONLY ONE SOURCE,NONE,NO SET ASIDE USED.,NONE,NO PREFERENCE USED,,,,,ONE,ONLY ONE SOURCE-OTHER (FAR 6.302-1 OTHER),1,D,COMMERCIAL ITEM PROCEDURES NOT USED,f,N,NO,N,NO,N,NO,N,NO,0.00,N,NO,X,NOT APPLICABLE,Y,YES,X,NOT APPLICABLE,X,NOT APPLICABLE,,,,,,,,NONE,NONE,N,NO,X,NOT APPLICABLE EXEMPT FROM CAS,N,TRANSACTION DOES NOT USE GFE/GFP,U,UNKNOWN,D,NOT CONSOLIDATED,Y,YES - SERVICE WHERE PBA IS USED.,Y,YES,Z,NOT APPLICABLE,N,NO,X,NOT APPLICABLE,f,f,f,f,f,f,f,f,f,f,f,f,f,f,f,f,f,f,f,OTHER THAN SMALL BUSINESS,O,f,f,f,f,f,f,f,f,f,f,f,f,f,f,f,f,f,CORPORATE NOT TAX EXEMPT,t,f,f,f,f,f,f,f,f,f,f,f,t,f,f,f,f,t,f,f,f,f,f,f,f,f,f,f,t,f,f,f,f,f,f,f,f,f,f,f,f,f,f,f,f,f,f,f,f,f,,,,,,,,,,,https://www.usaspending.gov/award/CONT_AWD_SP470320C0006_9700_-NONE-_-NONE-/,2021-08-19 16:14:26+00
CONT_AWD_SP800017C0010_9700_-NONE-_-NONE-,SP800017C0010,,,,,,,,,613620.00,0.00,613620.00,613620.00,2017-09-29,2017,2021-08-19,2021,2017-09-29,2022-09-29,2022-09-29 00:00:00,,,097,Department of Defense,97AS,Defense Logistics Agency,SP8000,DCSO COLUMBUS,097,Department of Defense,97AS,Defense Logistics Agency,SP1001,DLA HEADQUARTERS J8,097-2019/2019-0100-000,097-0100,25.3: Other goods and services from Federal sources,,X,NOT APPLICABLE,,,GRAGNBRNMZB7,,"LATROBE SPECIALTY METALS CO, LLC","LATROBE SPECIALTY METALS COMPANY, LLC",,87225,LZGRU1ZA1L65,,CARPENTER TECHNOLOGY CORPORATION,CARPENTER TECHNOLOGY CORPORATION,USA,UNITED STATES,2626 LIGONIER ST,,LATROBE,42129,WESTMORELAND,42,PA,PENNSYLVANIA,156503246,PA-18,PA-14,7245324967,7245326391,USA,UNITED STATES,LATROBE,42129,WESTMORELAND,42,PA,PENNSYLVANIA,156503246,PA-14,PA-14,AWARD,D,DEFINITIVE CONTRACT,,,,,,,J,FIRM FIXED PRICE,IGF::OT::IGF!8504718135!INVENTORY HOLDIN,SP800017R0009,1,OT,OTHER FUNCTIONS,R706,SUPPORT- MANAGEMENT: LOGISTICS SUPPORT,H,NOT BUNDLED,S1,SERVICES,541614,"PROCESS, PHYSICAL DISTRIBUTION, AND LOGISTICS CONSULTING SERVICES",C,NO CLAUSES INCLUDED AND NO SUSTAINABILITY INCLUDED,A,U.S. OWNED BUSINESS,000,NONE,Z,NOT IT PRODUCTS OR SERVICES,E,NOT REQUIRED,USA,UNITED STATES,C,NOT A MANUFACTURED END PRODUCT,B,PLAN NOT REQUIRED,A,FULL AND OPEN COMPETITION,NP,NEGOTIATED PROPOSAL/QUOTE,NONE,NO SET ASIDE USED.,NONE,NO PREFERENCE USED,,,,,,,1,A,COMMERCIAL ITEM,f,N,NO,N,NO,Y,YES,N,NO,0.00,N,NO,X,NOT APPLICABLE,Y,YES,X,NOT APPLICABLE,X,NOT APPLICABLE,,,,,,,,NONE,NONE,N,NO,X,NOT APPLICABLE EXEMPT FROM CAS,N,TRANSACTION DOES NOT USE GFE/GFP,U,UNKNOWN,D,NOT CONSOLIDATED,N,NO - SERVICE WHERE PBA IS NOT USED.,N,NO,Z,NOT APPLICABLE,N,NO,X,NOT APPLICABLE,f,f,f,f,f,f,f,f,f,f,f,f,f,f,f,f,f,f,f,OTHER THAN SMALL BUSINESS,O,f,f,f,f,f,f,f,f,f,f,f,f,f,f,f,f,f,CORPORATE NOT TAX EXEMPT,t,f,f,f,f,f,f,f,f,f,f,f,t,f,f,f,f,t,f,f,f,f,f,f,f,f,f,f,t,f,f,f,f,f,f,f,f,f,f,f,f,f,f,f,f,f,f,f,f,f,,,,,,,,,,,https://www.usaspending.gov/award/CONT_AWD_SP800017C0010_9700_-NONE-_-NONE-/,2025-04-22 16:50:17+00
CONT_AWD_SPE1C120C0005_9700_-NONE-_-NONE-,SPE1C120C0005,,,,Q: Not Designated Nonemergency/Emergency/Disaster/Wildfire Suppression,,,,,3177570.00,1906542.00,3177570.00,3177570.00,2020-01-09,2020,2021-08-17,2021,2020-01-09,2022-03-25,2022-03-25 00:00:00,,,097,Department of Defense,97AS,Defense Logistics Agency,SPE1C1,DLA TROOP SUPPORT,097,Department of Defense,97AS,Defense Logistics Agency,SPE1C1,DLA TROOP SUPPORT,097-X-4930-005,097-4930,26.0: Supplies and materials,0801: REIMBURSABLE,X,NOT APPLICABLE,,,HNNUJXHSXGU3,003253788,THALES DEFENSE & SECURITY INC,"THALES DEFENSE & SECURITY, INC",,23386,QWSHM2ZMJNB4,275250553,THALES,THALES,USA,UNITED STATES,22605 GATEWAY CENTER DR,,CLARKSBURG,24031,MONTGOMERY,24,MD,MARYLAND,208712001,MD-06,MD-06,8009140303,2408647902,USA,UNITED STATES,CLARKSBURG,24031,MONTGOMERY,24,MD,MARYLAND,208712001,MD-06,MD-06,AWARD,D,DEFINITIVE CONTRACT,,,,,,,J,FIRM FIXED PRICE,"8507071150!VISOR,FLYER'S HELME",,1,,,8475,SPECIALIZED FLIGHT CLOTHING AND ACCESSORIES,H,NOT BUNDLED,A9,"TEXTILES, CLOTHING AND EQUIPAGE",315990,APPAREL ACCESSORIES AND OTHER APPAREL MANUFACTURING,C,NO CLAUSES INCLUDED AND NO SUSTAINABILITY INCLUDED,C,FOREIGN-OWNED BUSINESS INCORPORATED IN THE U.S.,000,NONE,Z,NOT IT PRODUCTS OR SERVICES,E,NOT REQUIRED,USA,UNITED STATES,D,MFG IN U.S.,F,INDIVIDUAL SUBCONTRACT PLAN,F,COMPETED UNDER SAP,SP1,SIMPLIFIED ACQUISITION,NONE,NO SET ASIDE USED.,NONE,NO PREFERENCE USED,,,,,,,1,D,COMMERCIAL ITEM PROCEDURES NOT USED,f,N,NO,N,NO,N,NO,N,NO,,N,NO,X,NOT APPLICABLE,X,NOT APPLICABLE,X,NOT APPLICABLE,X,NOT APPLICABLE,,,,,,,,NONE,NONE,N,NO,X,NOT APPLICABLE EXEMPT FROM CAS,N,TRANSACTION DOES NOT USE GFE/GFP,U,UNKNOWN,D,NOT CONSOLIDATED,X,NOT APPLICABLE,N,NO,Z,NOT APPLICABLE,N,NO,X,NOT APPLICABLE,f,f,f,f,f,f,f,f,f,f,f,f,f,f,f,f,f,f,f,OTHER THAN SMALL BUSINESS,O,f,f,f,f,f,f,f,f,f,f,f,f,f,f,f,f,f,CORPORATE NOT TAX EXEMPT,t,f,f,f,f,f,f,f,f,f,f,f,t,f,f,f,f,t,f,f,f,f,f,f,f,f,f,t,t,f,f,f,f,f,f,f,f,f,f,f,f,f,f,f,f,f,f,f,f,f,MICHAEL  SHEEHAN,1154000.00,BRIAN  MILLER,462000.00,DOUGLAS  BISHOP,522000.00,GARY  KIDWELL,428000.00,GLEN  PARKER,525000.00,https://www.usaspending.gov/award/CONT_AWD_SPE1C120C0005_9700_-NONE-_-NONE-/,2021-08-17 12:00:30+00
CONT_AWD_SPE4A521C0033_9700_-NONE-_-NONE-,SPE4A521C0033,,,,Q: Not Designated Nonemergency/Emergency/Disaster/Wildfire Suppression,,,,,514093.00,0.00,514093.00,514093.00,2021-08-20,2021,2021-08-20,2021,2021-08-20,2022-10-14,2022-10-14 00:00:00,,2021-03-05,097,Department of Defense,97AS,Defense Logistics Agency,SPE4A5,DLA AVIATION,097,Department of Defense,97AS,Defense Logistics Agency,SPE4A5,DLA AVIATION,097-X-4930-005,097-4930,26.0: Supplies and materials,0801: REIMBURSABLE,X,NOT APPLICABLE,,,WTPJHYWAGGX7,,NORTHROP GRUMMAN SYSTEMS CORPORATION,NORTHROP GRUMMAN SYSTEMS CORPORATION,,78JW8,NKVZLJL93QT6,,NORTHROP GRUMMAN CORPORATION,NORTHROP GRUMMAN SYSTEMS CORPORATION,USA,UNITED STATES,6401 S AIR DEPOT BLVD,,OKLAHOMA CITY,40109,OKLAHOMA,40,OK,OKLAHOMA,731355911,OK-04,OK-04,7037134096,,USA,UNITED STATES,OKLAHOMA CITY,40109,OKLAHOMA,40,OK,OKLAHOMA,731355911,OK-04,OK-04,AWARD,D,DEFINITIVE CONTRACT,,,,,,,J,FIRM FIXED PRICE,8508448406!RELAY ASSEMBLY,SPE4A521R0188,1,,,5945,RELAYS AND SOLENOIDS,H,NOT BUNDLED,A1B,AIRCRAFT ENGINES AND SPARES,335314,RELAY AND INDUSTRIAL CONTROL MANUFACTURING,C,NO CLAUSES INCLUDED AND NO SUSTAINABILITY INCLUDED,A,U.S. OWNED BUSINESS,000,NONE,Z,NOT IT PRODUCTS OR SERVICES,E,NOT REQUIRED,USA,UNITED STATES,D,MFG IN U.S.,B,PLAN NOT REQUIRED,C,NOT COMPETED,SSS,ONLY ONE SOURCE,NONE,NO SET ASIDE USED.,NONE,NO PREFERENCE USED,,,,,ONE,ONLY ONE SOURCE-OTHER (FAR 6.302-1 OTHER),1,D,COMMERCIAL ITEM PROCEDURES NOT USED,f,N,NO,N,NO,Y,YES,N,NO,,N,NO,Y,YES,X,NOT APPLICABLE,X,NOT APPLICABLE,X,NOT APPLICABLE,,,,,,,,NONE,NONE,N,NO,X,NOT APPLICABLE EXEMPT FROM CAS,N,TRANSACTION DOES NOT USE GFE/GFP,U,UNKNOWN,D,NOT CONSOLIDATED,X,NOT APPLICABLE,N,NO,Z,NOT APPLICABLE,N,NO,X,NOT APPLICABLE,f,f,f,f,f,f,f,f,f,f,f,f,f,f,f,f,f,f,f,OTHER THAN SMALL BUSINESS,O,f,f,f,f,f,f,f,f,f,f,f,f,f,f,f,f,f,CORPORATE TAX EXEMPT,f,t,f,f,f,f,f,f,f,f,f,f,f,f,f,f,f,t,f,f,f,f,f,f,f,f,f,f,t,f,f,f,f,f,f,f,f,f,f,f,f,f,f,f,f,f,f,f,f,f,,,,,,,,,,,https://www.usaspending.gov/award/CONT_AWD_SPE4A521C0033_9700_-NONE-_-NONE-/,2023-03-31 08:38:32+00
CONT_AWD_SPE4A521C0034_9700_-NONE-_-NONE-,SPE4A521C0034,,,,Q: Not Designated Nonemergency/Emergency/Disaster/Wildfire Suppression,,,,,292303.00,0.00,292303.00,292303.00,2021-08-20,2021,2021-08-20,2021,2021-08-20,2022-07-11,2022-07-11 00:00:00,,2021-05-27,097,Department of Defense,97AS,Defense Logistics Agency,SPE4A5,DLA AVIATION,097,Department of Defense,97AS,Defense Logistics Agency,SPE4A5,DLA AVIATION,097-X-4930-005,097-4930,26.0: Supplies and materials,0801: REIMBURSABLE,X,NOT APPLICABLE,,,G1EVUT8EBLV1,012895066,"TRANSAERO, INC.","TRANSAERO, INC.",,27541,G1EVUT8EBLV1,012895066,"TRANSAERO, INC.",TRANSAERO  INC.,USA,UNITED STATES,35 MELVILLE PARK RD STE 100,,MELVILLE,36103,SUFFOLK,36,NY,NEW YORK,117473268,,NY-01,6317521240,6317521242,USA,UNITED STATES,MELVILLE,36103,SUFFOLK,36,NY,NEW YORK,117473268,NY-03,NY-01,AWARD,D,DEFINITIVE CONTRACT,,,,,,,J,FIRM FIXED PRICE,"8508460664!HOUSING,BELLOWS",SPE4A521R0324,1,,,2915,"ENGINE FUEL SYSTEM COMPONENTS, AIRCRAFT AND MISSILE PRIME MOVERS",H,NOT BUNDLED,A1B,AIRCRAFT ENGINES AND SPARES,336412,AIRCRAFT ENGINE AND ENGINE PARTS MANUFACTURING,C,NO CLAUSES INCLUDED AND NO SUSTAINABILITY INCLUDED,A,U.S. OWNED BUSINESS,000,NONE,Z,NOT IT PRODUCTS OR SERVICES,E,NOT REQUIRED,USA,UNITED STATES,D,MFG IN U.S.,B,PLAN NOT REQUIRED,C,NOT COMPETED,SSS,ONLY ONE SOURCE,NONE,NO SET ASIDE USED.,NONE,NO PREFERENCE USED,,,,,ONE,ONLY ONE SOURCE-OTHER (FAR 6.302-1 OTHER),1,D,COMMERCIAL ITEM PROCEDURES NOT USED,f,N,NO,N,NO,Y,YES,N,NO,,N,NO,Y,YES,X,NOT APPLICABLE,X,NOT APPLICABLE,X,NOT APPLICABLE,,,,,,,,NONE,NONE,N,NO,X,NOT APPLICABLE EXEMPT FROM CAS,N,TRANSACTION DOES NOT USE GFE/GFP,U,UNKNOWN,D,NOT CONSOLIDATED,X,NOT APPLICABLE,N,NO,Z,NOT APPLICABLE,N,NO,X,NOT APPLICABLE,f,f,f,f,f,f,f,f,f,f,f,f,f,f,f,f,f,f,f,SMALL BUSINESS,S,f,f,f,f,f,f,f,f,f,f,f,f,f,f,f,f,f,CORPORATE NOT TAX EXEMPT,t,f,f,f,f,f,f,f,f,f,f,f,f,f,f,f,f,t,f,f,f,f,f,f,f,f,f,f,t,f,f,f,f,f,f,f,f,f,f,f,f,f,f,f,f,f,f,f,f,f,,,,,,,,,,,https://www.usaspending.gov/award/CONT_AWD_SPE4A521C0034_9700_-NONE-_-NONE-/,2022-01-20 06:31:40+00
CONT_AWD_SPE4A617C0196_9700_-NONE-_-NONE-,SPE4A617C0196,,,,Q: Not Designated Nonemergency/Emergency/Disaster/Wildfire Suppression,,,,,0.00,0.00,0.00,0.00,2017-08-18,2017,2021-08-18,2021,2017-08-18,2019-12-11,2019-12-11 00:00:00,,,097,Department of Defense,97AS,Defense Logistics Agency,SPE4A6,DLA AVIATION,097,Department of Defense,97AS,Defense Logistics Agency,SPE4A6,DLA AVIATION,097-X-4930-005,097-4930,25.7: Operation and maintenance of equipment,0801: REIMBURSABLE,X,NOT APPLICABLE,,,G1EVUT8EBLV1,012895066,"TRANSAERO, INC.","TRANSAERO, INC.",,27541,G1EVUT8EBLV1,012895066,"TRANSAERO, INC.",TRANSAERO  INC.,USA,UNITED STATES,35 MELVILLE PARK RD STE 100,,MELVILLE,36103,SUFFOLK,36,NY,NEW YORK,117473268,NY-03,NY-01,6317521240,6317521242,USA,UNITED STATES,MELVILLE,36103,SUFFOLK,36,NY,NEW YORK,117473268,NY-03,NY-01,AWARD,D,DEFINITIVE CONTRACT,,,,,,,J,FIRM FIXED PRICE,8504635839!MANIFOLD ASSEMBLY,SPE4A617R0434,1,,,1620,AIRCRAFT LANDING GEAR COMPONENTS,H,NOT BUNDLED,A1C,OTHER AIRCRAFT EQUIPMENT,336413,OTHER AIRCRAFT PARTS AND AUXILIARY EQUIPMENT MANUFACTURING,C,NO CLAUSES INCLUDED AND NO SUSTAINABILITY INCLUDED,A,U.S. OWNED BUSINESS,000,NONE,Z,NOT IT PRODUCTS OR SERVICES,E,NOT REQUIRED,USA,UNITED STATES,D,MFG IN U.S.,B,PLAN NOT REQUIRED,C,NOT COMPETED,SSS,ONLY ONE SOURCE,NONE,NO SET ASIDE USED.,NONE,NO PREFERENCE USED,,,,,ONE,ONLY ONE SOURCE-OTHER (FAR 6.302-1 OTHER),1,D,COMMERCIAL ITEM PROCEDURES NOT USED,f,N,NO,N,NO,N,NO,N,NO,,N,NO,Y,YES,X,NOT APPLICABLE,X,NOT APPLICABLE,X,NOT APPLICABLE,,,,,,,,NONE,NONE,N,NO,X,NOT APPLICABLE EXEMPT FROM CAS,N,TRANSACTION DOES NOT USE GFE/GFP,U,UNKNOWN,D,NOT CONSOLIDATED,X,NOT APPLICABLE,N,NO,Z,NOT APPLICABLE,N,NO,X,NOT APPLICABLE,f,f,f,f,f,f,f,f,f,f,f,f,f,f,f,f,f,f,f,SMALL BUSINESS,S,f,f,f,f,f,f,f,f,f,f,f,f,f,f,f,f,f,CORPORATE NOT TAX EXEMPT,t,f,f,f,f,f,f,f,f,f,f,f,f,f,f,f,f,t,f,f,f,f,f,f,f,f,f,f,t,f,f,f,f,f,f,f,f,f,f,f,f,f,f,f,f,f,f,f,f,f,,,,,,,,,,,https://www.usaspending.gov/award/CONT_AWD_SPE4A617C0196_9700_-NONE-_-NONE-/,2021-08-18 12:13:54+00
CONT_AWD_SPE4A718C0438_9700_-NONE-_-NONE-,SPE4A718C0438,,,,,,,,,365434.38,,365434.38,365434.38,2018-06-29,2018,2021-08-19,2021,2018-06-29,2019-03-08,2019-03-08 00:00:00,,2018-04-19,097,Department of Defense,97AS,Defense Logistics Agency,SPE4A7,DLA AVIATION,097,Department of Defense,97AS,Defense Logistics Agency,SPE4A7,DLA AVIATION,,,,,X,NOT APPLICABLE,,,C1H9M7YF9LW8,005390083,"MOELLER MFG. COMPANY, LLC","MOELLER MFG. COMPANY, INC.",,08244,L6ULPGNLKKD7,079606053,ALARM & SUPPRESSION  INC.,MOELLER MFG. COMPANY  INC.,USA,UNITED STATES,30100 BECK RD,,WIXOM,26125,OAKLAND,26,MI,MICHIGAN,483932827,MI-11,MI-11,2489603999,2489601593,USA,UNITED STATES,WIXOM,26125,OAKLAND,26,MI,MICHIGAN,483932827,MI-11,MI-11,AWARD,D,DEFINITIVE CONTRACT,,,,,,,J,FIRM FIXED PRICE,"8505631515!RING ASSY,LOCKING",SPE4A718R0573,1,,,2840,"GAS TURBINES AND JET ENGINES, AIRCRAFT, PRIME MOVING; AND COMPONENTS",H,NOT BUNDLED,A1A,AIRFRAMES AND SPARES,336412,AIRCRAFT ENGINE AND ENGINE PARTS MANUFACTURING,C,NO CLAUSES INCLUDED AND NO SUSTAINABILITY INCLUDED,A,U.S. OWNED BUSINESS,000,NONE,Z,NOT IT PRODUCTS OR SERVICES,E,NOT REQUIRED,USA,UNITED STATES,D,MFG IN U.S.,B,PLAN NOT REQUIRED,A,FULL AND OPEN COMPETITION,NP,NEGOTIATED PROPOSAL/QUOTE,NONE,NO SET ASIDE USED.,NONE,NO PREFERENCE USED,,,,,,,1,D,COMMERCIAL ITEM PROCEDURES NOT USED,f,N,NO,N,NO,Y,YES,N,NO,,N,NO,Y,YES,X,NOT APPLICABLE,X,NOT APPLICABLE,X,NOT APPLICABLE,,,,,,,,NONE,NONE,N,NO,X,NOT APPLICABLE EXEMPT FROM CAS,N,TRANSACTION DOES NOT USE GFE/GFP,U,UNKNOWN,D,NOT CONSOLIDATED,X,NOT APPLICABLE,N,NO,Z,NOT APPLICABLE,N,NO,X,NOT APPLICABLE,f,f,f,f,f,f,f,f,f,f,f,f,f,f,f,f,f,f,f,SMALL BUSINESS,S,f,f,f,f,f,f,f,f,f,f,f,f,f,f,f,f,f,CORPORATE NOT TAX EXEMPT,t,f,f,f,f,f,f,f,f,f,f,f,t,f,f,f,f,t,f,f,f,f,f,f,f,f,f,f,t,f,f,f,f,f,f,f,f,f,f,f,f,f,f,f,f,f,f,f,f,f,,,,,,,,,,,https://www.usaspending.gov/award/CONT_AWD_SPE4A718C0438_9700_-NONE-_-NONE-/,2021-08-19 11:18:47+00
CONT_AWD_SPE5E220CF013_9700_-NONE-_-NONE-,SPE5E220CF013,,,,Q: Not Designated Nonemergency/Emergency/Disaster/Wildfire Suppression,,,,,13727.46,13727.46,13727.46,13727.46,2020-02-25,2020,2021-08-19,2021,2020-02-25,2022-06-08,2022-06-08 00:00:00,,2019-12-13,097,Department of Defense,97AS,Defense Logistics Agency,SPE5E2,DLA AVIATION,097,Department of Defense,97AS,Defense Logistics Agency,SPE5E2,DLA AVIATION,097-X-4930-005,097-4930,25.7: Operation and maintenance of equipment;26.0: Supplies and materials,0801: REIMBURSABLE,X,NOT APPLICABLE,,,KHMGEK1ANNJ8,079742980,GLOBAL LOGISTICS STRATEGIES INC.,GLOBAL LOGISTICS STRATEGIES INC.,,7BUL6,KHMGEK1ANNJ8,079742980,GLOBAL LOGISTICS STRATEGIES INC.,GLOBAL LOGISTICS STRATEGIES INC.,USA,UNITED STATES,709 APOLLO BEACH BLVD,,APOLLO BEACH,12057,HILLSBOROUGH,12,FL,FLORIDA,335722102,FL-14,FL-14,8137539177,,USA,UNITED STATES,TAMPA,12057,HILLSBOROUGH,12,FL,FLORIDA,336342412,FL-14,FL-14,AWARD,D,DEFINITIVE CONTRACT,,,,,,,J,FIRM FIXED PRICE,"8507194034!SCREW,CAP,SOCKET HE",SPE5E220T2905,1,,,5305,SCREWS,H,NOT BUNDLED,C9E,ALL OTHERS NOT IDENTIFIABLE TO ANY OTHER PROCUREMENT PROGRAM,332722,"BOLT, NUT, SCREW, RIVET, AND WASHER MANUFACTURING",C,NO CLAUSES INCLUDED AND NO SUSTAINABILITY INCLUDED,A,U.S. OWNED BUSINESS,000,NONE,Z,NOT IT PRODUCTS OR SERVICES,E,NOT REQUIRED,USA,UNITED STATES,D,MFG IN U.S.,B,PLAN NOT REQUIRED,F,COMPETED UNDER SAP,SP1,SIMPLIFIED ACQUISITION,NONE,NO SET ASIDE USED.,NONE,NO PREFERENCE USED,,,,,,,9,D,COMMERCIAL ITEM PROCEDURES NOT USED,f,N,NO,N,NO,N,NO,N,NO,,N,NO,N,NO,X,NOT APPLICABLE,X,NOT APPLICABLE,X,NOT APPLICABLE,,,,,,,,NONE,NONE,N,NO,X,NOT APPLICABLE EXEMPT FROM CAS,N,TRANSACTION DOES NOT USE GFE/GFP,U,UNKNOWN,D,NOT CONSOLIDATED,X,NOT APPLICABLE,N,NO,Z,NOT APPLICABLE,N,NO,X,NOT APPLICABLE,f,f,f,f,f,t,t,f,f,f,f,f,f,f,f,f,f,f,f,SMALL BUSINESS,S,f,f,f,f,f,f,f,f,f,f,f,f,f,f,f,f,f,CORPORATE NOT TAX EXEMPT,t,f,f,f,f,f,f,f,f,f,f,f,f,f,f,f,f,t,f,f,f,f,f,f,f,f,f,f,t,f,f,f,f,f,f,f,f,f,f,f,f,f,f,f,f,t,f,f,f,f,,,,,,,,,,,https://www.usaspending.gov/award/CONT_AWD_SPE5E220CF013_9700_-NONE-_-NONE-/,2021-08-19 15:13:28+00
CONT_AWD_SPE5E221CF006_9700_-NONE-_-NONE-,SPE5E221CF006,,,,Q: Not Designated Nonemergency/Emergency/Disaster/Wildfire Suppression,,,,,4117.41,600.00,4117.41,4117.41,2021-04-01,2021,2021-08-23,2021,2021-04-01,2022-04-06,2022-04-06 00:00:00,,2020-12-28,097,Department of Defense,97AS,Defense Logistics Agency,SPE5E2,DLA AVIATION,097,Department of Defense,97AS,Defense Logistics Agency,SPE5E2,DLA AVIATION,097-X-4930-005,097-4930,25.7: Operation and maintenance of equipment;26.0: Supplies and materials,0801: REIMBURSABLE,X,NOT APPLICABLE,,,EJRGNJY3K667,027005180,"ALAMO AIRCRAFT, LTD.","ALAMO AIRCRAFT, LTD.",,55345,L4CDNHC9J191,079501717,"ALAMO AIRCRAFT, LTD.",ALAMO AIRCRAFT SUPPLY INC.,USA,UNITED STATES,2538 SW 36TH ST,,SAN ANTONIO,48029,BEXAR,48,TX,TEXAS,782374032,TX-20,TX-20,2104345577,2104341030,USA,UNITED STATES,SAN ANTONIO,48029,BEXAR,48,TX,TEXAS,782374032,TX-20,TX-20,AWARD,D,DEFINITIVE CONTRACT,,,,,,,J,FIRM FIXED PRICE,"8508080837!CLAMP,LOOP",SPE5E221T0619,1,,,5340,"HARDWARE, COMMERCIAL",H,NOT BUNDLED,C9E,ALL OTHERS NOT IDENTIFIABLE TO ANY OTHER PROCUREMENT PROGRAM,332510,HARDWARE MANUFACTURING,C,NO CLAUSES INCLUDED AND NO SUSTAINABILITY INCLUDED,A,U.S. OWNED BUSINESS,000,NONE,Z,NOT IT PRODUCTS OR SERVICES,E,NOT REQUIRED,USA,UNITED STATES,D,MFG IN U.S.,B,PLAN NOT REQUIRED,F,COMPETED UNDER SAP,SP1,SIMPLIFIED ACQUISITION,NONE,NO SET ASIDE USED.,NONE,NO PREFERENCE USED,,,,,,,10,D,COMMERCIAL ITEM PROCEDURES NOT USED,f,N,NO,N,NO,N,NO,N,NO,,N,NO,N,NO,X,NOT APPLICABLE,X,NOT APPLICABLE,X,NOT APPLICABLE,,,,,,,,NONE,NONE,N,NO,X,NOT APPLICABLE EXEMPT FROM CAS,N,TRANSACTION DOES NOT USE GFE/GFP,U,UNKNOWN,D,NOT CONSOLIDATED,X,NOT APPLICABLE,N,NO,Z,NOT APPLICABLE,N,NO,X,NOT APPLICABLE,f,f,f,f,f,f,f,f,f,f,f,f,f,f,f,f,f,f,f,SMALL BUSINESS,S,f,f,f,f,f,f,f,f,f,f,f,f,f,f,f,f,f,PARTNERSHIP,f,f,t,f,f,f,f,f,f,f,f,f,f,f,f,f,f,t,f,f,f,f,f,f,f,f,f,f,t,f,f,f,f,f,f,f,f,f,f,f,f,f,f,f,f,f,f,f,f,f,,,,,,,,,,,https://www.usaspending.gov/award/CONT_AWD_SPE5E221CF006_9700_-NONE-_-NONE-/,2021-08-23 16:43:16+00
CONT_AWD_SPE5E221CF015_9700_-NONE-_-NONE-,SPE5E221CF015,,,,Q: Not Designated Nonemergency/Emergency/Disaster/Wildfire Suppression,,,,,2066.88,0.00,2066.88,2066.88,2021-08-17,2021,2021-08-17,2021,2021-08-17,2022-08-12,2022-08-12 00:00:00,,2021-07-19,097,Department of Defense,97AS,Defense Logistics Agency,SPE5E2,DLA AVIATION,097,Department of Defense,97AS,Defense Logistics Agency,SPE5E2,DLA AVIATION,097-X-4930-005,097-4930,25.7: Operation and maintenance of equipment;26.0: Supplies and materials,0801: REIMBURSABLE,X,NOT APPLICABLE,,,HXCFD5FGCA67,,"FREEHOLD MANUFACTURING ASSEMBLY COMPANY, INC.",FREEHOLD MANUFACTURING ASSEMBLY CO INC,,2S308,HXCFD5FGCA67,,"FREEHOLD MANUFACTURING ASSEMBLY COMPANY, INC.",FREEHOLD MANUFACTURING ASSEMBLY CO INC,USA,UNITED STATES,86 BIRCH AVE,,LITTLE SILVER,34025,MONMOUTH,34,NJ,NEW JERSEY,077391107,,NJ-06,7322249066,7322249077,USA,UNITED STATES,LITTLE SILVER,34025,MONMOUTH,34,NJ,NEW JERSEY,077391107,NJ-04,NJ-06,AWARD,D,DEFINITIVE CONTRACT,,,,,,,J,FIRM FIXED PRICE,"8508443295!STANDOFF,THREADED,S",SPE5E121T2936,1,,,5340,"HARDWARE, COMMERCIAL",H,NOT BUNDLED,C9E,ALL OTHERS NOT IDENTIFIABLE TO ANY OTHER PROCUREMENT PROGRAM,332510,HARDWARE MANUFACTURING,C,NO CLAUSES INCLUDED AND NO SUSTAINABILITY INCLUDED,A,U.S. OWNED BUSINESS,000,NONE,Z,NOT IT PRODUCTS OR SERVICES,E,NOT REQUIRED,USA,UNITED STATES,D,MFG IN U.S.,B,PLAN NOT REQUIRED,F,COMPETED UNDER SAP,SP1,SIMPLIFIED ACQUISITION,NONE,NO SET ASIDE USED.,NONE,NO PREFERENCE USED,,,,,,,9,D,COMMERCIAL ITEM PROCEDURES NOT USED,f,N,NO,N,NO,N,NO,N,NO,,N,NO,N,NO,X,NOT APPLICABLE,X,NOT APPLICABLE,X,NOT APPLICABLE,,,,,,,,NONE,NONE,N,NO,X,NOT APPLICABLE EXEMPT FROM CAS,N,TRANSACTION DOES NOT USE GFE/GFP,U,UNKNOWN,D,NOT CONSOLIDATED,X,NOT APPLICABLE,N,NO,Z,NOT APPLICABLE,N,NO,X,NOT APPLICABLE,f,f,f,f,f,f,f,t,t,f,f,f,f,f,f,f,f,f,f,SMALL BUSINESS,S,f,f,f,f,f,f,f,f,f,f,f,f,f,f,f,f,f,CORPORATE NOT TAX EXEMPT,t,f,f,f,f,f,f,f,f,f,f,f,t,f,f,f,f,t,f,f,f,f,f,f,f,f,f,f,t,f,f,f,f,f,f,f,f,f,f,f,f,f,f,f,f,f,f,f,f,f,,,,,,,,,,,https://www.usaspending.gov/award/CONT_AWD_SPE5E221CF015_9700_-NONE-_-NONE-/,2024-03-24 07:38:06+00
CONT_AWD_SPE5E720CF084_9700_-NONE-_-NONE-,SPE5E720CF084,,,,Q: Not Designated Nonemergency/Emergency/Disaster/Wildfire Suppression,,,,,0.00,0.00,0.00,0.00,2020-04-08,2020,2021-08-24,2021,2020-04-08,2021-02-22,2021-02-22 00:00:00,,2020-03-19,097,Department of Defense,97AS,Defense Logistics Agency,SPE5E7,DLA AVIATION,097,Department of Defense,97AS,Defense Logistics Agency,SPE5E7,DLA AVIATION,097-X-4930-005,097-4930,25.7: Operation and maintenance of equipment;26.0: Supplies and materials,0801: REIMBURSABLE,X,NOT APPLICABLE,,,WF29U1Y9LFN4,137131848,V.J. INDUSTRIES INC.,V. J. INDUSTRIES INC.,,894W2,WF29U1Y9LFN4,137131848,V.J. INDUSTRIES INC.,V. J. INDUSTRIES INC.,USA,UNITED STATES,827 DEGURSE AVE,,MARINE CITY,26147,ST. CLAIR,26,MI,MICHIGAN,480391532,MI-10,MI-09,8107653900,,USA,UNITED STATES,MARINE CITY,26147,SAINT CLAIR,26,MI,MICHIGAN,480391532,MI-10,MI-09,AWARD,D,DEFINITIVE CONTRACT,,,,,,,J,FIRM FIXED PRICE,"8507300950!NUT,PLAIN,ROUND",SPE5E720T6323,1,,,5310,NUTS AND WASHERS,H,NOT BUNDLED,C9E,ALL OTHERS NOT IDENTIFIABLE TO ANY OTHER PROCUREMENT PROGRAM,332722,"BOLT, NUT, SCREW, RIVET, AND WASHER MANUFACTURING",C,NO CLAUSES INCLUDED AND NO SUSTAINABILITY INCLUDED,A,U.S. OWNED BUSINESS,000,NONE,Z,NOT IT PRODUCTS OR SERVICES,E,NOT REQUIRED,USA,UNITED STATES,D,MFG IN U.S.,B,PLAN NOT REQUIRED,F,COMPETED UNDER SAP,SP1,SIMPLIFIED ACQUISITION,SBA,SMALL BUSINESS SET ASIDE - TOTAL,NONE,NO PREFERENCE USED,,,,,,,2,D,COMMERCIAL ITEM PROCEDURES NOT USED,f,N,NO,N,NO,N,NO,N,NO,,N,NO,Y,YES,X,NOT APPLICABLE,X,NOT APPLICABLE,X,NOT APPLICABLE,,,,,,,,NONE,NONE,N,NO,X,NOT APPLICABLE EXEMPT FROM CAS,N,TRANSACTION DOES NOT USE GFE/GFP,U,UNKNOWN,D,NOT CONSOLIDATED,X,NOT APPLICABLE,N,NO,Z,NOT APPLICABLE,N,NO,X,NOT APPLICABLE,f,f,f,f,f,f,f,t,t,f,f,f,f,f,f,f,f,f,f,SMALL BUSINESS,S,f,f,f,f,f,f,f,f,f,f,f,f,f,f,f,f,f,CORPORATE NOT TAX EXEMPT,t,f,f,f,f,f,f,f,f,f,f,f,f,f,f,f,f,t,f,f,f,f,f,f,f,f,f,f,t,f,f,f,f,f,f,f,f,f,f,f,f,f,f,f,f,f,f,f,f,f,,,,,,,,,,,https://www.usaspending.gov/award/CONT_AWD_SPE5E720CF084_9700_-NONE-_-NONE-/,2021-11-29 12:24:54+00
CONT_AWD_SPE5E820CF038_9700_-NONE-_-NONE-,SPE5E820CF038,,,,Q: Not Designated Nonemergency/Emergency/Disaster/Wildfire Suppression,,,,,0.00,0.00,0.00,0.00,2020-02-05,2020,2021-08-24,2021,2020-02-05,2022-09-14,2022-09-14 00:00:00,,2020-01-14,097,Department of Defense,97AS,Defense Logistics Agency,SPE5E8,DLA AVIATION,097,Department of Defense,97AS,Defense Logistics Agency,SPE5E8,DLA AVIATION,097-X-4930-005,097-4930,25.7: Operation and maintenance of equipment;26.0: Supplies and materials,0801: REIMBURSABLE,X,NOT APPLICABLE,,,KC5EFWULFNP3,,ELECTRONIC HARDWARE CORP,ELECTRONIC HARDWARE CORP.,,23480,HWEKCSGSXNG4,,NETWORK 1 FINANCIAL GROUP  INC.,NETWORK 1 FINANCIAL GROUP  INC.,USA,UNITED STATES,1881 LAKELAND AVE,,RONKONKOMA,36103,SUFFOLK,36,NY,NEW YORK,117797416,NY-02,NY-02,6319648620,6317521971,USA,UNITED STATES,RONKONKOMA,36103,SUFFOLK,36,NY,NEW YORK,117797416,NY-02,NY-02,AWARD,D,DEFINITIVE CONTRACT,,,,,,,J,FIRM FIXED PRICE,8507125734!KNOB,SPE5E820T4174,1,,,5355,KNOBS AND POINTERS,H,NOT BUNDLED,C9E,ALL OTHERS NOT IDENTIFIABLE TO ANY OTHER PROCUREMENT PROGRAM,327999,ALL OTHER MISCELLANEOUS NONMETALLIC MINERAL PRODUCT MANUFACTURING,C,NO CLAUSES INCLUDED AND NO SUSTAINABILITY INCLUDED,A,U.S. OWNED BUSINESS,000,NONE,Z,NOT IT PRODUCTS OR SERVICES,E,NOT REQUIRED,USA,UNITED STATES,D,MFG IN U.S.,B,PLAN NOT REQUIRED,F,COMPETED UNDER SAP,SP1,SIMPLIFIED ACQUISITION,NONE,NO SET ASIDE USED.,NONE,NO PREFERENCE USED,,,,,,,4,D,COMMERCIAL ITEM PROCEDURES NOT USED,f,N,NO,N,NO,N,NO,N,NO,,N,NO,N,NO,X,NOT APPLICABLE,X,NOT APPLICABLE,X,NOT APPLICABLE,,,,,,,,NONE,NONE,N,NO,X,NOT APPLICABLE EXEMPT FROM CAS,N,TRANSACTION DOES NOT USE GFE/GFP,U,UNKNOWN,D,NOT CONSOLIDATED,X,NOT APPLICABLE,N,NO,Z,NOT APPLICABLE,N,NO,X,NOT APPLICABLE,f,f,f,f,f,t,t,f,f,f,f,f,f,f,f,f,f,f,f,SMALL BUSINESS,S,f,f,f,f,f,f,f,f,f,f,f,f,f,f,f,f,f,CORPORATE NOT TAX EXEMPT,t,f,f,f,f,f,f,f,f,f,f,f,t,f,f,f,f,t,f,f,f,f,f,f,f,f,f,f,t,f,f,f,f,f,f,f,f,f,f,f,f,f,f,f,f,f,f,f,f,f,,,,,,,,,,,https://www.usaspending.gov/award/CONT_AWD_SPE5E820CF038_9700_-NONE-_-NONE-/,2025-04-22 16:50:17+00
CONT_AWD_SPE5E821C0003_9700_-NONE-_-NONE-,SPE5E821C0003,,,,Q: Not Designated Nonemergency/Emergency/Disaster/Wildfire Suppression,,,,,339000.00,271200.00,339000.00,339000.00,2020-10-16,2021,2021-08-17,2021,2020-10-16,2021-06-21,2021-06-21 00:00:00,,2020-06-24,097,Department of Defense,97AS,Defense Logistics Agency,SPE5E8,DLA AVIATION,097,Department of Defense,97AS,Defense Logistics Agency,SPE5E8,DLA AVIATION,097-X-4930-005,097-4930,26.0: Supplies and materials,0801: REIMBURSABLE,X,NOT APPLICABLE,,,SCDNGDTJFMC1,,ALTA MAX LLC,ALTA MAX L.L.C.,,1W6B4,SCDNGDTJFMC1,,ALTA MAX LLC,ALTA MAX L.L.C.,USA,UNITED STATES,246 HARBOUR CIR,,NEW ORLEANS,22071,ORLEANS,22,LA,LOUISIANA,701261104,LA-02,LA-02,5049488625,5049487702,USA,UNITED STATES,NEW ORLEANS,22071,ORLEANS,22,LA,LOUISIANA,701261104,LA-02,LA-02,AWARD,D,DEFINITIVE CONTRACT,,,,,,,J,FIRM FIXED PRICE,"8507707808!SEAL,ANTIPILFERAGE",SPE5E820R0004,1,,,5340,"HARDWARE, COMMERCIAL",H,NOT BUNDLED,C9E,ALL OTHERS NOT IDENTIFIABLE TO ANY OTHER PROCUREMENT PROGRAM,332510,HARDWARE MANUFACTURING,C,NO CLAUSES INCLUDED AND NO SUSTAINABILITY INCLUDED,A,U.S. OWNED BUSINESS,000,NONE,Z,NOT IT PRODUCTS OR SERVICES,E,NOT REQUIRED,USA,UNITED STATES,D,MFG IN U.S.,B,PLAN NOT REQUIRED,F,COMPETED UNDER SAP,SP1,SIMPLIFIED ACQUISITION,NONE,NO SET ASIDE USED.,NONE,NO PREFERENCE USED,,,,,,,6,D,COMMERCIAL ITEM PROCEDURES NOT USED,f,N,NO,N,NO,N,NO,N,NO,,N,NO,Y,YES,X,NOT APPLICABLE,X,NOT APPLICABLE,X,NOT APPLICABLE,,,,,,,,NONE,NONE,N,NO,X,NOT APPLICABLE EXEMPT FROM CAS,N,TRANSACTION DOES NOT USE GFE/GFP,U,UNKNOWN,D,NOT CONSOLIDATED,X,NOT APPLICABLE,N,NO,Z,NOT APPLICABLE,N,NO,X,NOT APPLICABLE,f,f,f,f,f,t,t,f,f,f,f,f,f,f,f,f,f,f,f,SMALL BUSINESS,S,f,f,f,f,f,f,f,f,f,f,f,f,f,f,f,f,f,OTHER,f,f,f,f,f,f,f,f,f,f,f,f,t,f,f,f,f,t,f,f,f,f,f,f,f,f,t,f,t,f,f,f,f,f,f,f,f,f,f,f,f,f,f,f,f,f,f,f,t,f,,,,,,,,,,,https://www.usaspending.gov/award/CONT_AWD_SPE5E821C0003_9700_-NONE-_-NONE-/,2025-04-22 16:50:17+00
CONT_AWD_SPE5EC18CF122_9700_-NONE-_-NONE-,SPE5EC18CF122,,,,Q: Not Designated Nonemergency/Emergency/Disaster/Wildfire Suppression,,,,,10860.00,0.00,10860.00,10860.00,2018-04-16,2018,2021-08-23,2021,2018-04-16,2022-04-18,2022-04-18 00:00:00,,,097,Department of Defense,97AS,Defense Logistics Agency,SPE5EC,DLA AVIATION,097,Department of Defense,97AS,Defense Logistics Agency,SPE5EC,DLA AVIATION,097-X-4930-005,097-4930,25.7: Operation and maintenance of equipment,0801: REIMBURSABLE,X,NOT APPLICABLE,,,X8PAMEL6S335,058022187,SOLO ENTERPRISE CORP.,SOLO ENTERPRISE CORP.,,09245,X8PAMEL6S335,058022187,SOLO ENTERPRISE CORP.,SOLO ENTERPRISE CORP.,USA,UNITED STATES,220 N CALIFORNIA AVE,,CITY OF INDUSTRY,06037,LOS ANGELES,06,CA,CALIFORNIA,917444323,CA-32,CA-31,6269613591,6269683320,USA,UNITED STATES,CITY OF INDUSTRY,06037,LOS ANGELES,06,CA,CALIFORNIA,917444323,CA-32,CA-31,AWARD,D,DEFINITIVE CONTRACT,,,,,,,J,FIRM FIXED PRICE,"8505372478!PIN,STRAIGHT,HEADLE",SPE5EC18T0887,1,,,5315,"NAILS, MACHINE KEYS, AND PINS",H,NOT BUNDLED,C9E,ALL OTHERS NOT IDENTIFIABLE TO ANY OTHER PROCUREMENT PROGRAM,332510,HARDWARE MANUFACTURING,C,NO CLAUSES INCLUDED AND NO SUSTAINABILITY INCLUDED,A,U.S. OWNED BUSINESS,000,NONE,Z,NOT IT PRODUCTS OR SERVICES,E,NOT REQUIRED,USA,UNITED STATES,D,MFG IN U.S.,B,PLAN NOT REQUIRED,F,COMPETED UNDER SAP,SP1,SIMPLIFIED ACQUISITION,NONE,NO SET ASIDE USED.,NONE,NO PREFERENCE USED,,,,,,,5,D,COMMERCIAL ITEM PROCEDURES NOT USED,f,N,NO,N,NO,N,NO,N,NO,0.00,N,NO,N,NO,X,NOT APPLICABLE,X,NOT APPLICABLE,X,NOT APPLICABLE,,,,,,,,NONE,NONE,N,NO,X,NOT APPLICABLE EXEMPT FROM CAS,N,TRANSACTION DOES NOT USE GFE/GFP,U,UNKNOWN,D,NOT CONSOLIDATED,X,NOT APPLICABLE,N,NO,Z,NOT APPLICABLE,N,NO,X,NOT APPLICABLE,f,f,f,f,f,f,f,f,f,f,f,f,f,f,f,f,t,f,f,SMALL BUSINESS,S,f,f,f,f,f,f,f,f,f,f,f,f,f,f,f,f,f,CORPORATE NOT TAX EXEMPT,t,f,f,f,f,f,f,f,f,f,f,f,t,f,f,f,f,t,f,f,f,f,f,f,f,f,f,f,t,f,f,f,f,f,f,f,f,f,f,f,f,f,f,f,f,f,f,f,f,f,,,,,,,,,,,https://www.usaspending.gov/award/CONT_AWD_SPE5EC18CF122_9700_-NONE-_-NONE-/,2021-09-08 11:27:40+00
CONT_AWD_SPE5EJ21CF027_9700_-NONE-_-NONE-,SPE5EJ21CF027,,,,Q: Not Designated Nonemergency/Emergency/Disaster/Wildfire Suppression,,,,,1752.08,0.00,1752.08,1752.08,2021-01-29,2021,2021-08-24,2021,2021-01-29,2022-06-25,2022-06-25 00:00:00,,2020-12-17,097,Department of Defense,97AS,Defense Logistics Agency,SPE5EJ,DLA AVIATION,097,Department of Defense,97AS,Defense Logistics Agency,SPE5EJ,DLA AVIATION,097-X-4930-005,097-4930,25.7: Operation and maintenance of equipment;26.0: Supplies and materials,0801: REIMBURSABLE,X,NOT APPLICABLE,,,EXUTQ383XLJ3,058020637,"MEG TECHNOLOGIES, INC.","MEG TECHNOLOGIES, INC.",,6W912,EXUTQ383XLJ3,058020637,"MEG TECHNOLOGIES, INC.",MEG TECHNOLOGIES  INC.,USA,UNITED STATES,15381 ASSEMBLY LANE,,HUNTINGTON BEACH,06059,ORANGE,06,CA,CALIFORNIA,926491327,CA-48,CA-47,7148933050,7148933404,USA,UNITED STATES,HUNTINGTON BEACH,06059,ORANGE,06,CA,CALIFORNIA,926491327,CA-48,CA-47,AWARD,D,DEFINITIVE CONTRACT,,,,,,,J,FIRM FIXED PRICE,"8507938137!WASHER,FLAT",SPE5EJ21T2594,1,,,5310,NUTS AND WASHERS,H,NOT BUNDLED,C9E,ALL OTHERS NOT IDENTIFIABLE TO ANY OTHER PROCUREMENT PROGRAM,331529,OTHER NONFERROUS METAL FOUNDRIES (EXCEPT DIE-CASTING),C,NO CLAUSES INCLUDED AND NO SUSTAINABILITY INCLUDED,A,U.S. OWNED BUSINESS,000,NONE,Z,NOT IT PRODUCTS OR SERVICES,E,NOT REQUIRED,USA,UNITED STATES,D,MFG IN U.S.,B,PLAN NOT REQUIRED,F,COMPETED UNDER SAP,SP1,SIMPLIFIED ACQUISITION,NONE,NO SET ASIDE USED.,NONE,NO PREFERENCE USED,,,,,,,8,D,COMMERCIAL ITEM PROCEDURES NOT USED,f,N,NO,N,NO,N,NO,N,NO,,N,NO,N,NO,X,NOT APPLICABLE,X,NOT APPLICABLE,X,NOT APPLICABLE,,,,,,,,NONE,NONE,N,NO,X,NOT APPLICABLE EXEMPT FROM CAS,N,TRANSACTION DOES NOT USE GFE/GFP,U,UNKNOWN,D,NOT CONSOLIDATED,X,NOT APPLICABLE,N,NO,Z,NOT APPLICABLE,N,NO,X,NOT APPLICABLE,f,f,f,f,f,f,f,t,t,f,f,f,t,f,f,f,f,f,t,SMALL BUSINESS,S,f,f,f,f,f,f,f,f,f,f,f,f,f,f,f,f,f,CORPORATE NOT TAX EXEMPT,t,f,f,f,f,f,f,f,f,f,f,f,f,f,f,f,f,t,f,f,f,f,f,f,f,t,f,f,t,f,f,f,f,f,f,f,f,f,f,f,f,f,f,f,t,f,f,f,f,f,,,,,,,,,,,https://www.usaspending.gov/award/CONT_AWD_SPE5EJ21CF027_9700_-NONE-_-NONE-/,2021-11-29 12:07:33+00
CONT_AWD_SPE5EK18CF042_9700_-NONE-_-NONE-,SPE5EK18CF042,,,,,,,,,4672.20,,4672.20,4672.20,2018-02-05,2018,2021-08-18,2021,2018-02-05,2018-11-19,2018-11-19 00:00:00,,,097,Department of Defense,97AS,Defense Logistics Agency,SPE5EK,DLA AVIATION,097,Department of Defense,97AS,Defense Logistics Agency,SPE5EK,DLA AVIATION,,,,,X,NOT APPLICABLE,,,NWQ7CQD312C1,009679796,"ARGO SPRING MANUFACTURING CO., INC.","ARGO SPRING MANUFACTURING CO., INC.",,30391,NWQ7CQD312C1,009679796,"ARGO SPRING MANUFACTURING CO., INC.",ARGO SPRING MFG.CO.INC.,USA,UNITED STATES,13930 SHOEMAKER AVENUE,,NORWALK,06037,LOS ANGELES,06,CA,CALIFORNIA,906504534,CA-38,CA-38,5629216741,5629216362,USA,UNITED STATES,NORWALK,06037,LOS ANGELES,06,CA,CALIFORNIA,906504534,CA-38,CA-38,AWARD,D,DEFINITIVE CONTRACT,,,,,,,J,FIRM FIXED PRICE,"8505157081!SPRING,HELICAL,COMP",SPE5EK17TE068,1,,,5360,"COIL, FLAT, LEAF, AND WIRE SPRINGS",H,NOT BUNDLED,C9E,ALL OTHERS NOT IDENTIFIABLE TO ANY OTHER PROCUREMENT PROGRAM,332613,SPRING MANUFACTURING,C,NO CLAUSES INCLUDED AND NO SUSTAINABILITY INCLUDED,A,U.S. OWNED BUSINESS,000,NONE,Z,NOT IT PRODUCTS OR SERVICES,E,NOT REQUIRED,USA,UNITED STATES,D,MFG IN U.S.,B,PLAN NOT REQUIRED,F,COMPETED UNDER SAP,SP1,SIMPLIFIED ACQUISITION,NONE,NO SET ASIDE USED.,NONE,NO PREFERENCE USED,,,,,,,6,D,COMMERCIAL ITEM PROCEDURES NOT USED,f,N,NO,N,NO,N,NO,N,NO,,N,NO,N,NO,X,NOT APPLICABLE,X,NOT APPLICABLE,X,NOT APPLICABLE,,,,,,,,NONE,NONE,N,NO,X,NOT APPLICABLE EXEMPT FROM CAS,N,TRANSACTION DOES NOT USE GFE/GFP,U,UNKNOWN,D,NOT CONSOLIDATED,X,NOT APPLICABLE,N,NO,Z,NOT APPLICABLE,N,NO,X,NOT APPLICABLE,f,f,f,f,f,f,f,f,f,f,f,f,f,f,f,f,f,f,f,SMALL BUSINESS,S,f,f,f,f,f,f,f,f,f,f,f,f,f,f,f,f,f,CORPORATE NOT TAX EXEMPT,t,f,f,f,f,f,f,f,f,f,f,f,t,f,f,f,f,t,f,f,f,f,f,f,f,f,f,f,t,f,f,f,f,f,f,f,f,f,f,f,f,f,f,f,f,f,f,f,f,f,,,,,,,,,,,https://www.usaspending.gov/award/CONT_AWD_SPE5EK18CF042_9700_-NONE-_-NONE-/,2021-08-18 15:20:37+00
CONT_AWD_SPE5EK20CF050_9700_-NONE-_-NONE-,SPE5EK20CF050,,,,Q: Not Designated Nonemergency/Emergency/Disaster/Wildfire Suppression,,,,,96250.00,2500.00,96250.00,96250.00,2020-04-13,2020,2021-08-23,2021,2020-04-13,2022-02-18,2022-02-18 00:00:00,,2020-03-24,097,Department of Defense,97AS,Defense Logistics Agency,SPE5EK,DLA AVIATION,097,Department of Defense,97AS,Defense Logistics Agency,SPE5EK,DLA AVIATION,097-X-4930-005,097-4930,25.7: Operation and maintenance of equipment;26.0: Supplies and materials,0801: REIMBURSABLE,X,NOT APPLICABLE,,,LCY8KN87VLH8,171836195,THAKER CONSULTING & MANUFACTURING CO CORP,THAKER CONSULTING & MFG. CO. CORP.,,34CZ9,LCY8KN87VLH8,171836195,THAKER CONSULTING & MANUFACTURING CO CORP,THAKER CONSULTING & MFG. CO. CORP.,USA,UNITED STATES,920 LINCOLN AVE COM 10,,HOLBROOK,36103,SUFFOLK,36,NY,NEW YORK,117412257,NY-02,NY-02,6317509558,6317509559,USA,UNITED STATES,HOLBROOK,36103,SUFFOLK,36,NY,NEW YORK,117412257,NY-02,NY-02,AWARD,D,DEFINITIVE CONTRACT,,,,,,,J,FIRM FIXED PRICE,"8507299905!HINGE,ACCESS DOOR",SPE5EK20Q0078,1,,,5340,"HARDWARE, COMMERCIAL",H,NOT BUNDLED,C9E,ALL OTHERS NOT IDENTIFIABLE TO ANY OTHER PROCUREMENT PROGRAM,332510,HARDWARE MANUFACTURING,C,NO CLAUSES INCLUDED AND NO SUSTAINABILITY INCLUDED,A,U.S. OWNED BUSINESS,000,NONE,Z,NOT IT PRODUCTS OR SERVICES,E,NOT REQUIRED,USA,UNITED STATES,D,MFG IN U.S.,B,PLAN NOT REQUIRED,F,COMPETED UNDER SAP,SP1,SIMPLIFIED ACQUISITION,SBA,SMALL BUSINESS SET ASIDE - TOTAL,NONE,NO PREFERENCE USED,,,,,,,4,D,COMMERCIAL ITEM PROCEDURES NOT USED,f,N,NO,N,NO,N,NO,N,NO,,N,NO,Y,YES,X,NOT APPLICABLE,X,NOT APPLICABLE,X,NOT APPLICABLE,,,,,,,,NONE,NONE,N,NO,X,NOT APPLICABLE EXEMPT FROM CAS,N,TRANSACTION DOES NOT USE GFE/GFP,U,UNKNOWN,D,NOT CONSOLIDATED,X,NOT APPLICABLE,N,NO,Z,NOT APPLICABLE,N,NO,X,NOT APPLICABLE,f,f,f,f,f,f,f,f,f,f,f,f,t,t,f,f,f,f,f,SMALL BUSINESS,S,f,f,f,f,f,f,f,f,f,f,f,f,f,f,f,f,f,CORPORATE NOT TAX EXEMPT,t,f,f,f,f,f,f,f,f,f,f,f,t,f,f,f,f,t,f,f,f,f,f,f,f,t,f,f,t,f,f,f,f,f,f,f,f,f,f,f,f,f,f,f,f,t,f,f,f,f,,,,,,,,,,,https://www.usaspending.gov/award/CONT_AWD_SPE5EK20CF050_9700_-NONE-_-NONE-/,2021-08-23 11:16:46+00
CONT_AWD_SPE5EK21CF033_9700_-NONE-_-NONE-,SPE5EK21CF033,,,,Q: Not Designated Nonemergency/Emergency/Disaster/Wildfire Suppression,,,,,15795.00,0.00,15795.00,15795.00,2021-02-09,2021,2021-08-23,2021,2021-02-09,2022-02-18,2022-02-18 00:00:00,,2021-01-11,097,Department of Defense,97AS,Defense Logistics Agency,SPE5EK,DLA AVIATION,097,Department of Defense,97AS,Defense Logistics Agency,SPE5EK,DLA AVIATION,097-X-4930-005,097-4930,25.7: Operation and maintenance of equipment;26.0: Supplies and materials,0801: REIMBURSABLE,X,NOT APPLICABLE,,,LG2PK4V5L3K3,618947084,FREEDOM PRECISION MANUFACTURING LLC,"FREEDOM PRECISION MANUFACTURING, LLC",,5NNW7,LG2PK4V5L3K3,618947084,FREEDOM PRECISION MANUFACTURING LLC,FREEDOM PRECISION MANUFACTURING  LLC,USA,UNITED STATES,645C S BRINDLEE MTN PKWY,,ARAB,01095,MARSHALL,01,AL,ALABAMA,350161581,AL-04,AL-04,2565862200,2565862201,USA,UNITED STATES,ARAB,01095,MARSHALL,01,AL,ALABAMA,350161581,AL-04,AL-04,AWARD,D,DEFINITIVE CONTRACT,,,,,,,J,FIRM FIXED PRICE,"8507973812!GUARD,STUD",SPE5EK21T3703,1,,,5340,"HARDWARE, COMMERCIAL",H,NOT BUNDLED,C9E,ALL OTHERS NOT IDENTIFIABLE TO ANY OTHER PROCUREMENT PROGRAM,332510,HARDWARE MANUFACTURING,C,NO CLAUSES INCLUDED AND NO SUSTAINABILITY INCLUDED,A,U.S. OWNED BUSINESS,000,NONE,Z,NOT IT PRODUCTS OR SERVICES,E,NOT REQUIRED,USA,UNITED STATES,D,MFG IN U.S.,B,PLAN NOT REQUIRED,F,COMPETED UNDER SAP,SP1,SIMPLIFIED ACQUISITION,SBA,SMALL BUSINESS SET ASIDE - TOTAL,NONE,NO PREFERENCE USED,,,,,,,4,D,COMMERCIAL ITEM PROCEDURES NOT USED,f,N,NO,N,NO,N,NO,N,NO,,N,NO,Y,YES,X,NOT APPLICABLE,X,NOT APPLICABLE,X,NOT APPLICABLE,,,,,,,,NONE,NONE,N,NO,X,NOT APPLICABLE EXEMPT FROM CAS,N,TRANSACTION DOES NOT USE GFE/GFP,U,UNKNOWN,D,NOT CONSOLIDATED,X,NOT APPLICABLE,N,NO,Z,NOT APPLICABLE,N,NO,X,NOT APPLICABLE,f,f,f,f,f,f,f,f,f,f,f,f,f,f,f,f,f,f,f,SMALL BUSINESS,S,f,f,f,f,f,f,f,f,f,f,f,f,f,f,f,f,f,CORPORATE NOT TAX EXEMPT,t,f,f,f,f,f,f,f,f,f,f,f,t,f,f,f,f,t,f,f,f,f,f,f,f,t,f,f,t,f,f,f,f,f,f,f,f,f,f,f,f,f,f,f,f,f,f,f,f,f,,,,,,,,,,,https://www.usaspending.gov/award/CONT_AWD_SPE5EK21CF033_9700_-NONE-_-NONE-/,2021-08-23 17:24:36+00
CONT_AWD_SPE5EK21CF046_9700_-NONE-_-NONE-,SPE5EK21CF046,,,,Q: Not Designated Nonemergency/Emergency/Disaster/Wildfire Suppression,,,,,6130.00,250.00,6130.00,6130.00,2021-03-11,2021,2021-08-24,2021,2021-03-11,2022-06-06,2022-06-06 00:00:00,,2020-10-20,097,Department of Defense,97AS,Defense Logistics Agency,SPE5EK,DLA AVIATION,097,Department of Defense,97AS,Defense Logistics Agency,SPE5EK,DLA AVIATION,097-X-4930-005,097-4930,25.7: Operation and maintenance of equipment;26.0: Supplies and materials,0801: REIMBURSABLE,X,NOT APPLICABLE,,,NRLDHML776K5,121763932,"WECKWORTH MANUFACTURING, INC","WECKWORTH MANUFACTURING, INC.",,9J595,NRLDHML776K5,121763932,"WECKWORTH MANUFACTURING, INC",WECKWORTH MANUFACTURING  INC.,USA,UNITED STATES,117 BAUGHMAN AVE,,HAYSVILLE,20173,SEDGWICK,20,KS,KANSAS,670601305,KS-04,KS-04,3164252034,3162634492,USA,UNITED STATES,HAYSVILLE,20173,SEDGWICK,20,KS,KANSAS,670601305,KS-04,KS-04,AWARD,D,DEFINITIVE CONTRACT,,,,,,,J,FIRM FIXED PRICE,"8508047428!BOOT,DUST AND MOIST",SPE5EK21T1625,1,,,5340,"HARDWARE, COMMERCIAL",H,NOT BUNDLED,C9E,ALL OTHERS NOT IDENTIFIABLE TO ANY OTHER PROCUREMENT PROGRAM,332510,HARDWARE MANUFACTURING,C,NO CLAUSES INCLUDED AND NO SUSTAINABILITY INCLUDED,A,U.S. OWNED BUSINESS,000,NONE,Z,NOT IT PRODUCTS OR SERVICES,E,NOT REQUIRED,USA,UNITED STATES,D,MFG IN U.S.,B,PLAN NOT REQUIRED,F,COMPETED UNDER SAP,SP1,SIMPLIFIED ACQUISITION,NONE,NO SET ASIDE USED.,NONE,NO PREFERENCE USED,,,,,,,4,D,COMMERCIAL ITEM PROCEDURES NOT USED,f,N,NO,N,NO,N,NO,N,NO,,N,NO,N,NO,X,NOT APPLICABLE,X,NOT APPLICABLE,X,NOT APPLICABLE,,,,,,,,NONE,NONE,N,NO,X,NOT APPLICABLE EXEMPT FROM CAS,N,TRANSACTION DOES NOT USE GFE/GFP,U,UNKNOWN,D,NOT CONSOLIDATED,X,NOT APPLICABLE,N,NO,Z,NOT APPLICABLE,N,NO,X,NOT APPLICABLE,f,f,f,f,f,f,f,f,f,f,f,f,f,f,f,f,f,f,f,SMALL BUSINESS,S,f,f,f,f,f,f,f,f,f,f,f,f,f,f,f,f,f,CORPORATE NOT TAX EXEMPT,t,f,f,f,f,f,f,f,f,f,f,f,t,f,f,f,f,t,f,f,f,f,f,f,f,f,f,f,t,f,f,f,f,f,f,f,f,f,f,f,f,f,f,f,f,f,f,f,f,f,,,,,,,,,,,https://www.usaspending.gov/award/CONT_AWD_SPE5EK21CF046_9700_-NONE-_-NONE-/,2021-08-25 07:55:05+00
CONT_AWD_SPE8E521CF032_9700_-NONE-_-NONE-,SPE8E521CF032,,,,Q: Not Designated Nonemergency/Emergency/Disaster/Wildfire Suppression,,,,,126802.00,0.00,126802.00,126802.00,2021-08-18,2021,2021-08-18,2021,2021-08-18,2023-01-03,2023-01-03 00:00:00,,2021-06-03,097,Department of Defense,97AS,Defense Logistics Agency,SPE8E5,DLA TROOP SUPPORT,097,Department of Defense,97AS,Defense Logistics Agency,SPE8E5,DLA TROOP SUPPORT,097-X-4930-005,097-4930,25.7: Operation and maintenance of equipment;26.0: Supplies and materials,0801: REIMBURSABLE,X,NOT APPLICABLE,,,EM32MLK73164,,"MARATHONNORCO AEROSPACE, INC.",MARATHONNORCO AEROSPACE INC,,08844,EM32MLK73164,,"MARATHONNORCO AEROSPACE, INC.",MARATHONNORCO AEROSPACE INC,USA,UNITED STATES,8301 IMPERIAL DR,,WACO,48309,MCLENNAN,48,TX,TEXAS,767126524,,TX-17,2543157524,,USA,UNITED STATES,WACO,48309,MCLENNAN,48,TX,TEXAS,767126524,TX-17,TX-17,AWARD,D,DEFINITIVE CONTRACT,,,,,,,J,FIRM FIXED PRICE,"8508453329!FRAME,AWNING",SPE8E521T3715,1,,,7230,"DRAPERIES, AWNINGS, AND SHADES",H,NOT BUNDLED,C9E,ALL OTHERS NOT IDENTIFIABLE TO ANY OTHER PROCUREMENT PROGRAM,314120,CURTAIN AND LINEN MILLS,C,NO CLAUSES INCLUDED AND NO SUSTAINABILITY INCLUDED,A,U.S. OWNED BUSINESS,000,NONE,Z,NOT IT PRODUCTS OR SERVICES,E,NOT REQUIRED,USA,UNITED STATES,D,MFG IN U.S.,B,PLAN NOT REQUIRED,F,COMPETED UNDER SAP,SP1,SIMPLIFIED ACQUISITION,NONE,NO SET ASIDE USED.,NONE,NO PREFERENCE USED,,,,,,,4,D,COMMERCIAL ITEM PROCEDURES NOT USED,f,N,NO,N,NO,N,NO,N,NO,,N,NO,Y,YES,X,NOT APPLICABLE,X,NOT APPLICABLE,X,NOT APPLICABLE,,,,,,,,NONE,NONE,N,NO,X,NOT APPLICABLE EXEMPT FROM CAS,N,TRANSACTION DOES NOT USE GFE/GFP,U,UNKNOWN,D,NOT CONSOLIDATED,X,NOT APPLICABLE,N,NO,Z,NOT APPLICABLE,N,NO,X,NOT APPLICABLE,f,f,f,f,f,f,f,f,f,f,f,f,f,f,f,f,f,f,f,OTHER THAN SMALL BUSINESS,O,f,f,f,f,f,f,f,f,f,f,f,f,f,f,f,f,f,CORPORATE NOT TAX EXEMPT,t,f,f,f,f,f,f,f,f,f,f,f,t,f,f,f,f,t,f,f,f,f,f,f,f,f,f,f,t,f,f,f,f,f,f,f,f,f,f,f,f,f,f,f,f,f,f,f,f,f,,,,,,,,,,,https://www.usaspending.gov/award/CONT_AWD_SPE8E521CF032_9700_-NONE-_-NONE-/,2022-11-27 06:51:09+00
CONT_AWD_SPE8E521CF034_9700_-NONE-_-NONE-,SPE8E521CF034,,,,Q: Not Designated Nonemergency/Emergency/Disaster/Wildfire Suppression,,,,,69050.00,0.00,69050.00,69050.00,2021-08-24,2021,2021-08-24,2021,2021-08-24,2022-03-22,2022-03-22 00:00:00,,2021-08-05,097,Department of Defense,97AS,Defense Logistics Agency,SPE8E5,DLA TROOP SUPPORT,097,Department of Defense,97AS,Defense Logistics Agency,SPE8E5,DLA TROOP SUPPORT,097-X-4930-005,097-4930,25.7: Operation and maintenance of equipment;26.0: Supplies and materials,0801: REIMBURSABLE,X,NOT APPLICABLE,,,XYG3NMMYCLS8,,"INFLATION SYSTEMS, INC.","INFLATION SYSTEMS, INC",,62882,XYG3NMMYCLS8,,"INFLATION SYSTEMS, INC.",INFLATION SYSTEMS  INC,USA,UNITED STATES,500 OGDEN AVE,,MAMARONECK,36119,WESTCHESTER,36,NY,NEW YORK,105432227,,NY-16,9143818070,9143818072,USA,UNITED STATES,MAMARONECK,36119,WESTCHESTER,36,NY,NEW YORK,105432227,NY-16,NY-16,AWARD,D,DEFINITIVE CONTRACT,,,,,,,J,FIRM FIXED PRICE,8508468740!CONTRACTOR FIRST ARTICLE TEST,SPE8E521Q0517,1,,,4210,FIRE FIGHTING EQUIPMENT,H,NOT BUNDLED,C9A,CONSTRUCTION EQUIPMENT,332911,INDUSTRIAL VALVE MANUFACTURING,C,NO CLAUSES INCLUDED AND NO SUSTAINABILITY INCLUDED,A,U.S. OWNED BUSINESS,000,NONE,Z,NOT IT PRODUCTS OR SERVICES,E,NOT REQUIRED,USA,UNITED STATES,D,MFG IN U.S.,B,PLAN NOT REQUIRED,F,COMPETED UNDER SAP,SP1,SIMPLIFIED ACQUISITION,NONE,NO SET ASIDE USED.,NONE,NO PREFERENCE USED,,,,,,,1,D,COMMERCIAL ITEM PROCEDURES NOT USED,f,N,NO,N,NO,N,NO,N,NO,,N,NO,Y,YES,X,NOT APPLICABLE,X,NOT APPLICABLE,X,NOT APPLICABLE,,,,,,,,NONE,NONE,N,NO,X,NOT APPLICABLE EXEMPT FROM CAS,N,TRANSACTION DOES NOT USE GFE/GFP,U,UNKNOWN,D,NOT CONSOLIDATED,X,NOT APPLICABLE,N,NO,Z,NOT APPLICABLE,N,NO,X,NOT APPLICABLE,f,f,f,f,f,f,f,f,f,f,f,f,f,f,f,f,f,f,f,SMALL BUSINESS,S,f,f,f,f,f,f,f,f,f,f,f,f,f,f,f,f,f,CORPORATE NOT TAX EXEMPT,t,f,f,f,f,f,f,f,f,f,f,f,t,f,f,f,f,t,f,f,f,f,f,f,f,t,f,f,t,f,f,f,f,f,f,f,f,f,f,f,f,f,f,f,f,f,f,f,f,f,,,,,,,,,,,https://www.usaspending.gov/award/CONT_AWD_SPE8E521CF034_9700_-NONE-_-NONE-/,2022-11-27 06:51:04+00
CONT_AWD_SPE8E620CF041_9700_-NONE-_-NONE-,SPE8E620CF041,,,,Q: Not Designated Nonemergency/Emergency/Disaster/Wildfire Suppression,,,,,235944.80,0.00,235944.80,235944.80,2020-09-22,2020,2021-08-24,2021,2020-09-22,2021-10-15,2021-10-15 00:00:00,,2020-09-11,097,Department of Defense,97AS,Defense Logistics Agency,SPE8E6,DLA TROOP SUPPORT,097,Department of Defense,97AS,Defense Logistics Agency,SPE8E6,DLA TROOP SUPPORT,097-X-4930-005,097-4930,25.7: Operation and maintenance of equipment;26.0: Supplies and materials,OPTN: FIELD IS OPTIONAL PRIOR TO FY21,X,NOT APPLICABLE,,,NRLDHML776K5,121763932,"WECKWORTH MANUFACTURING, INC","WECKWORTH MANUFACTURING, INC.",,9J595,NRLDHML776K5,121763932,"WECKWORTH MANUFACTURING, INC",WECKWORTH MANUFACTURING  INC.,USA,UNITED STATES,117 BAUGHMAN AVE,,HAYSVILLE,20173,SEDGWICK,20,KS,KANSAS,670601305,KS-04,KS-04,3164252034,3162634492,USA,UNITED STATES,HAYSVILLE,20173,SEDGWICK,20,KS,KANSAS,670601305,KS-04,KS-04,AWARD,D,DEFINITIVE CONTRACT,,,,,,,J,FIRM FIXED PRICE,"8507666910!SHELTER,FIRE,M-2002",SPE8E620Q0366,1,,,4240,SAFETY AND RESCUE EQUIPMENT,H,NOT BUNDLED,C9A,CONSTRUCTION EQUIPMENT,339113,SURGICAL APPLIANCE AND SUPPLIES MANUFACTURING,C,NO CLAUSES INCLUDED AND NO SUSTAINABILITY INCLUDED,A,U.S. OWNED BUSINESS,000,NONE,Z,NOT IT PRODUCTS OR SERVICES,E,NOT REQUIRED,USA,UNITED STATES,D,MFG IN U.S.,B,PLAN NOT REQUIRED,F,COMPETED UNDER SAP,SP1,SIMPLIFIED ACQUISITION,SBA,SMALL BUSINESS SET ASIDE - TOTAL,NONE,NO PREFERENCE USED,,,,,,,3,D,COMMERCIAL ITEM PROCEDURES NOT USED,f,N,NO,N,NO,N,NO,N,NO,,N,NO,Y,YES,X,NOT APPLICABLE,X,NOT APPLICABLE,X,NOT APPLICABLE,,,,,,,,NONE,NONE,N,NO,X,NOT APPLICABLE EXEMPT FROM CAS,N,TRANSACTION DOES NOT USE GFE/GFP,U,UNKNOWN,D,NOT CONSOLIDATED,X,NOT APPLICABLE,N,NO,Z,NOT APPLICABLE,N,NO,X,NOT APPLICABLE,f,f,f,f,f,f,f,f,f,f,f,f,f,f,f,f,f,f,f,SMALL BUSINESS,S,f,f,f,f,f,f,f,f,f,f,f,f,f,f,f,f,f,CORPORATE NOT TAX EXEMPT,t,f,f,f,f,f,f,f,f,f,f,f,t,f,f,f,f,t,f,f,f,f,f,f,f,f,f,f,t,f,f,f,f,f,f,f,f,f,f,f,f,f,f,f,f,f,f,f,f,f,,,,,,,,,,,https://www.usaspending.gov/award/CONT_AWD_SPE8E620CF041_9700_-NONE-_-NONE-/,2021-08-25 08:28:15+00
CONT_AWD_SPE8E921C0002_9700_-NONE-_-NONE-,SPE8E921C0002,,,,Q: Not Designated Nonemergency/Emergency/Disaster/Wildfire Suppression,,,,,192060.00,0.00,192060.00,192060.00,2020-12-15,2021,2021-08-24,2021,2020-12-15,2021-12-23,2021-12-23 00:00:00,,2020-11-09,097,Department of Defense,97AS,Defense Logistics Agency,SPE8E9,DLA TROOP SUPPORT,097,Department of Defense,97AS,Defense Logistics Agency,SPE8E9,DLA TROOP SUPPORT,097-X-4930-005,097-4930,25.7: Operation and maintenance of equipment;26.0: Supplies and materials,0801: REIMBURSABLE,X,NOT APPLICABLE,,,PBMGLVJFCXK1,002354165,"SWITLIK PARACHUTE COMPANY, INC.","SWITLIK PARACHUTE COMPANY, INC.",,78673,PBMGLVJFCXK1,002354165,"SWITLIK PARACHUTE COMPANY, INC.",SWITLIK PARACHUTE COMPANY INC,USA,UNITED STATES,1325 E STATE ST,,TRENTON,34021,MERCER,34,NJ,NEW JERSEY,086091615,NJ-04,NJ-12,6095873300,6095866647,USA,UNITED STATES,TRENTON,34021,MERCER,34,NJ,NEW JERSEY,086091615,NJ-04,NJ-12,AWARD,D,DEFINITIVE CONTRACT,,,,,,,J,FIRM FIXED PRICE,"8507840093!LIFE PRESERVER,UNDE",SPE8E921Q0054,1,,,4220,MARINE LIFESAVING AND DIVING EQUIPMENT,H,NOT BUNDLED,C9E,ALL OTHERS NOT IDENTIFIABLE TO ANY OTHER PROCUREMENT PROGRAM,333316,PHOTOGRAPHIC AND PHOTOCOPYING EQUIPMENT MANUFACTURING,C,NO CLAUSES INCLUDED AND NO SUSTAINABILITY INCLUDED,A,U.S. OWNED BUSINESS,000,NONE,Z,NOT IT PRODUCTS OR SERVICES,E,NOT REQUIRED,USA,UNITED STATES,D,MFG IN U.S.,B,PLAN NOT REQUIRED,F,COMPETED UNDER SAP,SP1,SIMPLIFIED ACQUISITION,SBA,SMALL BUSINESS SET ASIDE - TOTAL,NONE,NO PREFERENCE USED,,,,,,,1,D,COMMERCIAL ITEM PROCEDURES NOT USED,f,N,NO,N,NO,N,NO,N,NO,,N,NO,Y,YES,X,NOT APPLICABLE,X,NOT APPLICABLE,X,NOT APPLICABLE,,,,,,,,NONE,NONE,N,NO,X,NOT APPLICABLE EXEMPT FROM CAS,N,TRANSACTION DOES NOT USE GFE/GFP,U,UNKNOWN,D,NOT CONSOLIDATED,X,NOT APPLICABLE,N,NO,Z,NOT APPLICABLE,N,NO,X,NOT APPLICABLE,f,f,f,f,f,f,f,f,f,f,f,f,f,f,f,f,f,f,f,SMALL BUSINESS,S,f,f,f,f,f,f,f,f,f,f,f,f,f,f,f,f,f,CORPORATE NOT TAX EXEMPT,t,f,f,f,f,f,f,f,f,f,f,f,t,f,f,f,f,t,f,f,f,f,f,f,f,f,f,f,t,f,f,f,f,f,f,f,f,f,f,f,f,f,f,f,f,f,f,f,f,f,,,,,,,,,,,https://www.usaspending.gov/award/CONT_AWD_SPE8E921C0002_9700_-NONE-_-NONE-/,2021-08-25 09:03:22+00
CONT_AWD_SPE8E921C0004_9700_-NONE-_-NONE-,SPE8E921C0004,,,,Q: Not Designated Nonemergency/Emergency/Disaster/Wildfire Suppression,,,,,239240.00,0.00,239240.00,239240.00,2021-03-19,2021,2021-08-24,2021,2021-03-19,2022-05-15,2022-05-15 00:00:00,,2021-02-04,097,Department of Defense,97AS,Defense Logistics Agency,SPE8E9,DLA TROOP SUPPORT,097,Department of Defense,97AS,Defense Logistics Agency,SPE8E9,DLA TROOP SUPPORT,097-X-4930-005,097-4930,25.7: Operation and maintenance of equipment;26.0: Supplies and materials,0801: REIMBURSABLE,X,NOT APPLICABLE,,,PBMGLVJFCXK1,002354165,"SWITLIK PARACHUTE COMPANY, INC.","SWITLIK PARACHUTE COMPANY, INC.",,78673,PBMGLVJFCXK1,002354165,"SWITLIK PARACHUTE COMPANY, INC.",SWITLIK PARACHUTE COMPANY INC,USA,UNITED STATES,1325 E STATE ST,,TRENTON,34021,MERCER,34,NJ,NEW JERSEY,086091615,NJ-04,NJ-12,6095873300,6095866647,USA,UNITED STATES,TRENTON,34021,MERCER,34,NJ,NEW JERSEY,086091615,NJ-04,NJ-12,AWARD,D,DEFINITIVE CONTRACT,,,,,,,J,FIRM FIXED PRICE,"8508069194!LIFE PRESERVER,UNDE",SPE8E921Q0179,1,,,4220,MARINE LIFESAVING AND DIVING EQUIPMENT,H,NOT BUNDLED,C9E,ALL OTHERS NOT IDENTIFIABLE TO ANY OTHER PROCUREMENT PROGRAM,333316,PHOTOGRAPHIC AND PHOTOCOPYING EQUIPMENT MANUFACTURING,C,NO CLAUSES INCLUDED AND NO SUSTAINABILITY INCLUDED,A,U.S. OWNED BUSINESS,000,NONE,Z,NOT IT PRODUCTS OR SERVICES,E,NOT REQUIRED,USA,UNITED STATES,D,MFG IN U.S.,B,PLAN NOT REQUIRED,F,COMPETED UNDER SAP,SP1,SIMPLIFIED ACQUISITION,SBA,SMALL BUSINESS SET ASIDE - TOTAL,NONE,NO PREFERENCE USED,,,,,,,1,D,COMMERCIAL ITEM PROCEDURES NOT USED,f,N,NO,N,NO,N,NO,N,NO,,N,NO,Y,YES,X,NOT APPLICABLE,X,NOT APPLICABLE,X,NOT APPLICABLE,,,,,,,,NONE,NONE,N,NO,X,NOT APPLICABLE EXEMPT FROM CAS,N,TRANSACTION DOES NOT USE GFE/GFP,U,UNKNOWN,D,NOT CONSOLIDATED,X,NOT APPLICABLE,N,NO,Z,NOT APPLICABLE,N,NO,X,NOT APPLICABLE,f,f,f,f,f,f,f,f,f,f,f,f,f,f,f,f,f,f,f,SMALL BUSINESS,S,f,f,f,f,f,f,f,f,f,f,f,f,f,f,f,f,f,CORPORATE NOT TAX EXEMPT,t,f,f,f,f,f,f,f,f,f,f,f,t,f,f,f,f,t,f,f,f,f,f,f,f,f,f,f,t,f,f,f,f,f,f,f,f,f,f,f,f,f,f,f,f,f,f,f,f,f,,,,,,,,,,,https://www.usaspending.gov/award/CONT_AWD_SPE8E921C0004_9700_-NONE-_-NONE-/,2021-08-25 10:16:07+00
CONT_AWD_SPE8E921CF008_9700_-NONE-_-NONE-,SPE8E921CF008,,,,Q: Not Designated Nonemergency/Emergency/Disaster/Wildfire Suppression,,,,,5727.20,0.00,5727.20,5727.20,2021-08-18,2021,2021-08-18,2021,2021-08-18,2022-04-25,2022-04-25 00:00:00,,2021-01-29,097,Department of Defense,97AS,Defense Logistics Agency,SPE8E9,DLA TROOP SUPPORT,097,Department of Defense,97AS,Defense Logistics Agency,SPE8E9,DLA TROOP SUPPORT,097-X-4930-005,097-4930,25.7: Operation and maintenance of equipment;26.0: Supplies and materials,0801: REIMBURSABLE,X,NOT APPLICABLE,,,KQKLM69MAKG6,,"MC & R ENTERPRISES, INC","MC & R ENTERPRISES, INC.",,6RUH0,KQKLM69MAKG6,,"MC & R ENTERPRISES, INC",BRIGHT SKY INDUSTRIES,USA,UNITED STATES,12405 LOS NIETOS ROAD UNIT 107,,SANTA FE SPRINGS,06037,LOS ANGELES,06,CA,CALIFORNIA,906706114,,CA-38,5629443644,5622962669,USA,UNITED STATES,SANTA FE SPRINGS,06037,LOS ANGELES,06,CA,CALIFORNIA,906706114,CA-38,CA-38,AWARD,D,DEFINITIVE CONTRACT,,,,,,,J,FIRM FIXED PRICE,8508112988!NONMETALLIC SPECIAL,SPE8E921T1372,1,,,9390,MISCELLANEOUS FABRICATED NONMETALLIC MATERIALS,H,NOT BUNDLED,C9A,CONSTRUCTION EQUIPMENT,327999,ALL OTHER MISCELLANEOUS NONMETALLIC MINERAL PRODUCT MANUFACTURING,C,NO CLAUSES INCLUDED AND NO SUSTAINABILITY INCLUDED,A,U.S. OWNED BUSINESS,000,NONE,Z,NOT IT PRODUCTS OR SERVICES,E,NOT REQUIRED,USA,UNITED STATES,D,MFG IN U.S.,B,PLAN NOT REQUIRED,F,COMPETED UNDER SAP,SP1,SIMPLIFIED ACQUISITION,NONE,NO SET ASIDE USED.,NONE,NO PREFERENCE USED,,,,,,,4,D,COMMERCIAL ITEM PROCEDURES NOT USED,f,N,NO,N,NO,N,NO,N,NO,,N,NO,N,NO,X,NOT APPLICABLE,X,NOT APPLICABLE,X,NOT APPLICABLE,,,,,,,,NONE,NONE,N,NO,X,NOT APPLICABLE EXEMPT FROM CAS,N,TRANSACTION DOES NOT USE GFE/GFP,U,UNKNOWN,D,NOT CONSOLIDATED,X,NOT APPLICABLE,N,NO,Z,NOT APPLICABLE,N,NO,X,NOT APPLICABLE,f,f,f,f,f,f,f,t,t,f,f,f,t,f,f,f,t,f,f,SMALL BUSINESS,S,f,f,f,f,f,f,f,f,f,f,f,f,f,f,f,f,f,CORPORATE NOT TAX EXEMPT,t,f,f,f,f,f,f,f,f,f,f,f,t,f,f,f,f,t,f,f,f,f,f,f,f,f,f,f,t,f,f,f,f,f,f,f,f,f,f,f,f,f,f,f,f,t,f,f,f,f,,,,,,,,,,,https://www.usaspending.gov/award/CONT_AWD_SPE8E921CF008_9700_-NONE-_-NONE-/,2023-02-10 06:25:35+00
CONT_AWD_SPMYM221C0008_9700_-NONE-_-NONE-,SPMYM221C0008,,,,Q: Not Designated Nonemergency/Emergency/Disaster/Wildfire Suppression,,,,,284911.43,0.00,284911.43,284911.43,2021-05-21,2021,2021-08-20,2021,2021-05-21,2021-11-22,2021-11-22 00:00:00,,,097,Department of Defense,97AS,Defense Logistics Agency,SPMYM2,DLA MARITIME - PUGET SOUND,097,Department of Defense,1700,Department of the Navy,N4523A,PUGET SOUND NAVAL SHIPYARD IMF,017-2021/2021-1804-000,017-1804,26.0: Supplies and materials,0001: OPERATING FORCES,X,NOT APPLICABLE,,,Y24LGAR6VGR5,076955772,CHANT ENGINEERING CO INC,"CHANT ENGINEERING CO., INC.",,7K419,Y24LGAR6VGR5,076955772,CHANT ENGINEERING CO INC,CHANT ENGINEERING CO.  INC.,USA,UNITED STATES,59 INDUSTRIAL DR,,NEW BRITAIN,42017,BUCKS,42,PA,PENNSYLVANIA,189015186,PA-08,PA-01,2152304260,2152304261,USA,UNITED STATES,DOYLESTOWN,42017,BUCKS,42,PA,PENNSYLVANIA,189015186,PA-01,PA-01,AWARD,D,DEFINITIVE CONTRACT,,,,,,,J,FIRM FIXED PRICE,HOSE TEST BENCH,SPMYM221Q1117,1,,,3695,MISCELLANEOUS SPECIAL INDUSTRY MACHINERY,H,NOT BUNDLED,A3,SHIPS,333999,ALL OTHER MISCELLANEOUS GENERAL PURPOSE MACHINERY MANUFACTURING,C,NO CLAUSES INCLUDED AND NO SUSTAINABILITY INCLUDED,A,U.S. OWNED BUSINESS,000,NONE,Z,NOT IT PRODUCTS OR SERVICES,A,MEETS REQUIREMENTS,USA,UNITED STATES,D,MFG IN U.S.,B,PLAN NOT REQUIRED,F,COMPETED UNDER SAP,SP1,SIMPLIFIED ACQUISITION,SBA,SMALL BUSINESS SET ASIDE - TOTAL,NONE,NO PREFERENCE USED,,,,,,,3,A,COMMERCIAL ITEM,f,N,NO,N,NO,Y,YES,N,NO,0.00,N,NO,X,NOT APPLICABLE,X,NOT APPLICABLE,X,NOT APPLICABLE,X,NOT APPLICABLE,,,,,,,,NONE,NONE,N,NO,X,NOT APPLICABLE EXEMPT FROM CAS,N,TRANSACTION DOES NOT USE GFE/GFP,U,UNKNOWN,D,NOT CONSOLIDATED,X,NOT APPLICABLE,N,NO,Z,NOT APPLICABLE,N,NO,X,NOT APPLICABLE,f,f,f,f,f,f,f,f,f,f,f,f,f,f,f,f,f,f,f,SMALL BUSINESS,S,f,f,f,f,f,f,f,f,f,f,f,f,f,f,f,f,f,CORPORATE NOT TAX EXEMPT,t,f,f,f,f,f,f,f,f,f,f,f,t,f,f,f,f,t,f,f,f,f,f,f,f,f,f,f,t,f,f,f,f,f,f,f,f,f,f,f,f,f,f,f,f,f,f,f,f,f,,,,,,,,,,,https://www.usaspending.gov/award/CONT_AWD_SPMYM221C0008_9700_-NONE-_-NONE-/,2021-08-20 07:54:28+00
CONT_AWD_SPRDL120C0117_9700_-NONE-_-NONE-,SPRDL120C0117,,,,,,,,,282198.00,0.00,282198.00,359466.50,2020-03-20,2020,2021-08-20,2021,2020-03-20,2022-07-19,2022-07-19 12:07:00,,2020-02-05,097,Department of Defense,97AS,Defense Logistics Agency,SPRDL1,DLA LAND WARREN,097,Department of Defense,2100,Department of the Army,W56HZV,W4GG HQ US ARMY TACOM,097-X-4930-000,097-4930,25.2: Other services from non-Federal sources,,X,NOT APPLICABLE,,,KBYMZC8MELF9,828270970,GATE INDUSTRIES,GATE INDUSTRIES,,56Z87,KBYMZC8MELF9,828270970,GATE INDUSTRIES,GATE INDUSTRIES,USA,UNITED STATES,1507 PLAZA DEL AMO,,TORRANCE,06037,LOS ANGELES,06,CA,CALIFORNIA,905014935,CA-43,CA-44,4245588350,4245588369,USA,UNITED STATES,TORRANCE,06037,LOS ANGELES,06,CA,CALIFORNIA,905014935,CA-43,CA-44,AWARD,D,DEFINITIVE CONTRACT,,,,,,,J,FIRM FIXED PRICE,ACQUISITION OF 107 EACH CIRCUIT CARD ASSEMBLY WITH 100% OPTION.  NSN: 5998-01-456-9848.,SPRDL120R0089,1,,,5998,"ELECTRICAL AND ELECTRONIC ASSEMBLIES, BOARDS, CARDS, AND ASSOCIATED HARDWARE",H,NOT BUNDLED,A5,WEAPONS,334418,PRINTED CIRCUIT ASSEMBLY (ELECTRONIC ASSEMBLY) MANUFACTURING,C,NO CLAUSES INCLUDED AND NO SUSTAINABILITY INCLUDED,A,U.S. OWNED BUSINESS,000,NONE,Z,NOT IT PRODUCTS OR SERVICES,E,NOT REQUIRED,USA,UNITED STATES,D,MFG IN U.S.,B,PLAN NOT REQUIRED,D,FULL AND OPEN COMPETITION AFTER EXCLUSION OF SOURCES,NP,NEGOTIATED PROPOSAL/QUOTE,SBA,SMALL BUSINESS SET ASIDE - TOTAL,NONE,NO PREFERENCE USED,,,,,,,5,D,COMMERCIAL ITEM PROCEDURES NOT USED,f,N,NO,N,NO,Y,YES,Y,YES,0.00,N,NO,Y,YES,X,NOT APPLICABLE,X,NOT APPLICABLE,X,NOT APPLICABLE,,,,,,,,NONE,NONE,N,NO,X,NOT APPLICABLE EXEMPT FROM CAS,N,TRANSACTION DOES NOT USE GFE/GFP,N,NO,D,NOT CONSOLIDATED,X,NOT APPLICABLE,N,NO,Z,NOT APPLICABLE,N,NO,X,NOT APPLICABLE,f,f,f,f,f,f,f,f,f,f,f,f,t,f,t,f,f,f,f,SMALL BUSINESS,S,f,f,f,f,f,f,f,f,f,f,f,f,f,f,f,f,f,CORPORATE NOT TAX EXEMPT,t,f,f,f,f,f,f,f,f,f,f,f,t,f,f,f,f,t,f,f,f,f,f,f,f,t,f,f,t,f,f,f,f,f,f,f,f,f,f,f,f,f,f,f,f,t,f,f,f,f,,,,,,,,,,,https://www.usaspending.gov/award/CONT_AWD_SPRDL120C0117_9700_-NONE-_-NONE-/,2021-08-20 10:52:28+00
CONT_AWD_SPRDL121C0018_9700_-NONE-_-NONE-,SPRDL121C0018,,,,Q: Not Designated Nonemergency/Emergency/Disaster/Wildfire Suppression,,,,,1895750.00,0.00,1895750.00,3867350.00,2021-08-23,2021,2021-08-23,2021,2021-08-23,2023-02-14,2023-02-14 12:02:00,,2020-03-23,097,Department of Defense,97AS,Defense Logistics Agency,SPRDL1,DLA LAND WARREN,097,Department of Defense,2100,Department of the Army,W56HZV,W4GG HQ US ARMY TACOM,097-X-4930-001,097-4930,26.0: Supplies and materials,0000: UNKNOWN/OTHER,X,NOT APPLICABLE,,,K4L7WM27KEB3,,"TECMOTIV (USA), INC.","TECMOTIV (USA), INC.",,0L7R7,CE2WML1J3PB7,,TECMOTIV CORPORATION,TECMOTIV CORPORATION,USA,UNITED STATES,1500 JAMES AVE,,NIAGARA FALLS,36063,NIAGARA,36,NY,NEW YORK,143051222,NY-26,NY-26,7162821211,7162851781,USA,UNITED STATES,NIAGARA FALLS,36063,NIAGARA,36,NY,NEW YORK,143051222,NY-26,NY-26,AWARD,D,DEFINITIVE CONTRACT,,,,,,,J,FIRM FIXED PRICE,"TRAVERSE GEARBOX, AS NSN:3010-01-682-1250 P/N 13056251 QTY 50 100% OPTION",SPRDL120R0119,1,,,3010,TORQUE CONVERTERS AND SPEED CHANGERS,H,NOT BUNDLED,A4A,COMBAT VEHICLES,333612,"SPEED CHANGER, INDUSTRIAL HIGH-SPEED DRIVE, AND GEAR MANUFACTURING",C,NO CLAUSES INCLUDED AND NO SUSTAINABILITY INCLUDED,A,U.S. OWNED BUSINESS,000,NONE,Z,NOT IT PRODUCTS OR SERVICES,E,NOT REQUIRED,USA,UNITED STATES,D,MFG IN U.S.,B,PLAN NOT REQUIRED,D,FULL AND OPEN COMPETITION AFTER EXCLUSION OF SOURCES,NP,NEGOTIATED PROPOSAL/QUOTE,SBA,SMALL BUSINESS SET ASIDE - TOTAL,NONE,NO PREFERENCE USED,,,,,,,1,D,COMMERCIAL ITEM PROCEDURES NOT USED,f,N,NO,N,NO,Y,YES,N,NO,0.00,N,NO,Y,YES,N,NO,X,NOT APPLICABLE,X,NOT APPLICABLE,,,,,,,,NONE,NONE,Y,YES,X,NOT APPLICABLE EXEMPT FROM CAS,N,TRANSACTION DOES NOT USE GFE/GFP,N,NO,D,NOT CONSOLIDATED,X,NOT APPLICABLE,N,NO,Z,NOT APPLICABLE,N,NO,X,NOT APPLICABLE,f,f,f,f,f,f,f,f,f,f,f,f,f,f,f,f,f,f,f,SMALL BUSINESS,S,f,f,f,f,f,f,f,f,f,f,f,f,f,f,f,f,f,CORPORATE NOT TAX EXEMPT,t,f,f,f,f,f,f,f,f,f,f,f,t,f,f,f,f,t,f,f,f,f,f,f,f,f,f,f,t,f,f,f,f,f,f,f,f,f,f,f,f,f,f,f,f,f,f,f,f,f,,,,,,,,,,,https://www.usaspending.gov/award/CONT_AWD_SPRDL121C0018_9700_-NONE-_-NONE-/,2023-10-20 08:25:52+00
CONT_AWD_SPRDL121C0032_9700_-NONE-_-NONE-,SPRDL121C0032,,,,Q: Not Designated Nonemergency/Emergency/Disaster/Wildfire Suppression,,,,,179325.00,0.00,179325.00,358650.00,2021-08-24,2021,2021-08-24,2021,2021-08-24,2022-02-21,2022-02-21 12:02:00,,2020-10-28,097,Department of Defense,97AS,Defense Logistics Agency,SPRDL1,DLA LAND WARREN,097,Department of Defense,2100,Department of the Army,W56HZV,W4GG HQ US ARMY TACOM,097-X-4930-001,097-4930,26.0: Supplies and materials,0000: UNKNOWN/OTHER,X,NOT APPLICABLE,,,ML2YNFKLFGW3,,"MTP DRIVETRAIN SERVICES, L.L.C.","MTP DRIVETRAIN SERVICES, L.L.C.",,3WXD8,HGPNJKUQH5K7,,JOE GEAR HOLDINGS  L.L.C.,MTP DRIVETRAIN SERVICES  L.L.C.,USA,UNITED STATES,205 MCDONALD DR,,MANY,22085,SABINE,22,LA,LOUISIANA,714493823,LA-04,LA-04,3182562083,3182563526,USA,UNITED STATES,MANY,22085,SABINE,22,LA,LOUISIANA,714493823,LA-04,LA-04,AWARD,D,DEFINITIVE CONTRACT,,,,,,,J,FIRM FIXED PRICE,DRESSED TRANSMISSIONS WITH CONTAINERS,SPRDL120R0257,1,,,2520,VEHICULAR POWER TRANSMISSION COMPONENTS,H,NOT BUNDLED,A4B,NON-COMBAT VEHICLES,333613,MECHANICAL POWER TRANSMISSION EQUIPMENT MANUFACTURING,C,NO CLAUSES INCLUDED AND NO SUSTAINABILITY INCLUDED,A,U.S. OWNED BUSINESS,000,NONE,Z,NOT IT PRODUCTS OR SERVICES,E,NOT REQUIRED,USA,UNITED STATES,D,MFG IN U.S.,B,PLAN NOT REQUIRED,C,NOT COMPETED,SSS,ONLY ONE SOURCE,NONE,NO SET ASIDE USED.,NONE,NO PREFERENCE USED,,,,,ONE,ONLY ONE SOURCE-OTHER (FAR 6.302-1 OTHER),1,A,COMMERCIAL ITEM,f,N,NO,N,NO,Y,YES,N,NO,0.00,N,NO,X,NOT APPLICABLE,X,NOT APPLICABLE,X,NOT APPLICABLE,X,NOT APPLICABLE,,,,,,,,NONE,NONE,N,NO,X,NOT APPLICABLE EXEMPT FROM CAS,N,TRANSACTION DOES NOT USE GFE/GFP,N,NO,D,NOT CONSOLIDATED,X,NOT APPLICABLE,N,NO,Z,NOT APPLICABLE,N,NO,X,NOT APPLICABLE,f,f,f,f,f,f,f,f,f,f,f,f,f,f,f,f,f,f,f,SMALL BUSINESS,S,f,f,f,f,f,f,f,f,f,f,f,f,f,f,f,f,f,PARTNERSHIP,f,f,t,f,f,f,f,f,f,f,f,f,f,f,f,f,f,t,f,f,f,f,f,f,f,f,f,f,t,f,f,f,f,f,f,f,f,f,f,f,f,f,f,f,f,f,f,f,t,f,,,,,,,,,,,https://www.usaspending.gov/award/CONT_AWD_SPRDL121C0032_9700_-NONE-_-NONE-/,2022-07-21 07:47:34+00
CONT_AWD_SPRHA118C0016_9700_-NONE-_-NONE-,SPRHA118C0016,,,,,,,,,288380.00,,288380.00,288380.00,2018-07-02,2018,2021-08-17,2021,2018-07-02,2021-12-01,2021-12-01 00:00:00,,2018-01-31,097,Department of Defense,97AS,Defense Logistics Agency,SPRHA1,"DLA  AVIATION AT OGDEN, UT",097,Department of Defense,5700,Department of the Air Force,FD2020,FD2020  OO ALC PK,,,,,X,NOT APPLICABLE,,,FA38CTVQM319,207884594,CANADIAN COMMERCIAL CORPORATION,CANADIAN COMMERCIAL CORPORATION,,98247,U9K6KBHBD899,241015486,GOVERNMENT OF CANADA,GOVERNMENT OF CANADA,CAN,CANADA,350 ALBERT ST SUITE 700,,OTTAWA,,,,,ON,K1A 0S6,,,6139959349,6139952121,CAN,CANADA,,,,,,,-,,,AWARD,D,DEFINITIVE CONTRACT,,,,,,,J,FIRM FIXED PRICE,"CYLINDER,INNER MAIN",SPRHA118R0327,1,,,1650,"AIRCRAFT HYDRAULIC, VACUUM, AND DE-ICING SYSTEM COMPONENTS",H,NOT BUNDLED,A1A,AIRFRAMES AND SPARES,336413,OTHER AIRCRAFT PARTS AND AUXILIARY EQUIPMENT MANUFACTURING,C,NO CLAUSES INCLUDED AND NO SUSTAINABILITY INCLUDED,O,OTHER FOREIGN ENTITY (E.G. FOREIGN GOVERNMENT),000,NONE,Z,NOT IT PRODUCTS OR SERVICES,E,NOT REQUIRED,CAN,CANADA,L,MFG OUTSIDE U.S. - QUALIFYING COUNTRY (DOD ONLY),B,PLAN NOT REQUIRED,A,FULL AND OPEN COMPETITION,NP,NEGOTIATED PROPOSAL/QUOTE,NONE,NO SET ASIDE USED.,NONE,NO PREFERENCE USED,,,,,,,1,D,COMMERCIAL ITEM PROCEDURES NOT USED,f,N,NO,N,NO,X,NOT APPLICABLE,N,NO,0.00,N,NO,X,NOT APPLICABLE,X,NOT APPLICABLE,X,NOT APPLICABLE,X,NOT APPLICABLE,,,,,,,,NONE,NONE,N,NO,X,NOT APPLICABLE EXEMPT FROM CAS,N,TRANSACTION DOES NOT USE GFE/GFP,N,NO,D,NOT CONSOLIDATED,X,NOT APPLICABLE,N,NO,Z,NOT APPLICABLE,N,NO,X,NOT APPLICABLE,f,f,f,f,f,f,f,f,f,f,f,f,f,f,f,f,f,f,f,OTHER THAN SMALL BUSINESS,O,f,f,f,f,f,f,f,f,f,f,f,f,f,f,f,f,t,FOREIGN GOVERNMENT,f,f,f,f,f,f,f,f,f,f,f,f,f,f,f,f,f,t,f,f,f,f,f,f,f,f,f,f,f,f,f,f,f,f,f,f,f,f,f,f,f,f,f,f,f,f,f,f,f,f,,,,,,,,,,,https://www.usaspending.gov/award/CONT_AWD_SPRHA118C0016_9700_-NONE-_-NONE-/,2021-08-17 13:00:57+00
CONT_AWD_SPRPA120CZ034_9700_-NONE-_-NONE-,SPRPA120CZ034,,,,,,,,,1754326.00,,1754326.00,1754326.00,2020-05-20,2020,2021-08-18,2021,2020-05-20,2021-09-30,2021-09-30 00:00:00,,2019-09-20,097,Department of Defense,97AS,Defense Logistics Agency,SPRPA1,"DLA AVIATION AT PHILADELPHIA, PA",097,Department of Defense,1700,Department of the Navy,N00383,NAVSUP WEAPON SYSTEMS SUPPORT,,,,,X,NOT APPLICABLE,,,VWFEMZ7UAXD3,135230154,TELEPHONICS CORPORATION,TELEPHONICS CORPORATION,,64694,XGBKJGXQPVC4,050590710,GRIFFON CORPORATION,TELEPHONICS CORPORATION,USA,UNITED STATES,815 BROADHOLLOW RD,,FARMINGDALE,36103,SUFFOLK,36,NY,NEW YORK,117353904,NY-02,NY-02,6317557296,6317557644,USA,UNITED STATES,FARMINGDALE,36103,SUFFOLK,36,NY,NEW YORK,117353904,NY-02,NY-02,AWARD,D,DEFINITIVE CONTRACT,,,,,,,J,FIRM FIXED PRICE,ANTENNA,,1,OT,OTHER FUNCTIONS,5985,"ANTENNAS, WAVEGUIDES, AND RELATED EQUIPMENT",H,NOT BUNDLED,A1A,AIRFRAMES AND SPARES,333999,ALL OTHER MISCELLANEOUS GENERAL PURPOSE MACHINERY MANUFACTURING,C,NO CLAUSES INCLUDED AND NO SUSTAINABILITY INCLUDED,A,U.S. OWNED BUSINESS,000,NONE,Z,NOT IT PRODUCTS OR SERVICES,E,NOT REQUIRED,USA,UNITED STATES,D,MFG IN U.S.,F,INDIVIDUAL SUBCONTRACT PLAN,C,NOT COMPETED,SSS,ONLY ONE SOURCE,NONE,NO SET ASIDE USED.,NONE,NO PREFERENCE USED,,,,,ONE,ONLY ONE SOURCE-OTHER (FAR 6.302-1 OTHER),1,D,COMMERCIAL ITEM PROCEDURES NOT USED,f,N,NO,N,NO,N,NO,N,NO,0.00,N,NO,X,NOT APPLICABLE,X,NOT APPLICABLE,X,NOT APPLICABLE,X,NOT APPLICABLE,,,,,,,,NONE,NONE,N,NO,X,NOT APPLICABLE EXEMPT FROM CAS,N,TRANSACTION DOES NOT USE GFE/GFP,N,NO,D,NOT CONSOLIDATED,X,NOT APPLICABLE,N,NO,Z,NOT APPLICABLE,N,NO,X,NOT APPLICABLE,f,f,f,f,f,f,f,f,f,f,f,f,f,f,f,f,f,f,f,OTHER THAN SMALL BUSINESS,O,f,f,f,f,f,f,f,f,f,f,f,f,f,f,f,f,f,CORPORATE NOT TAX EXEMPT,t,f,f,f,f,f,f,f,f,f,f,f,t,f,f,f,f,t,f,f,f,f,f,f,f,f,f,f,t,f,f,f,f,f,f,f,f,f,f,f,f,f,f,f,f,f,f,f,f,f,,,,,,,,,,,https://www.usaspending.gov/award/CONT_AWD_SPRPA120CZ034_9700_-NONE-_-NONE-/,2021-08-30 08:32:19+00
CONT_AWD_SPRPA121CW032_9700_-NONE-_-NONE-,SPRPA121CW032,,,,,,,,,340000.00,,340000.00,340000.00,2021-03-05,2021,2021-08-17,2021,2021-03-05,2021-10-15,2021-10-15 00:00:00,,2021-01-11,097,Department of Defense,97AS,Defense Logistics Agency,SPRPA1,"DLA AVIATION AT PHILADELPHIA, PA",097,Department of Defense,1700,Department of the Navy,N00383,NAVSUP WEAPON SYSTEMS SUPPORT,,,,,X,NOT APPLICABLE,,,U747JEJGR7K5,004283917,THE CHAMPION COMPANY,"CHAMPION COMPANY, THE",,94231,U747JEJGR7K5,004283917,THE CHAMPION COMPANY,THE CHAMPION COMPANY,USA,UNITED STATES,400 HARRISON ST,,SPRINGFIELD,39023,CLARK,39,OH,OHIO,455052067,OH-08,OH-10,9373245681,9373242397,USA,UNITED STATES,SPRINGFIELD,39023,CLARK,39,OH,OHIO,455052067,OH-08,OH-10,AWARD,D,DEFINITIVE CONTRACT,,,,,,,J,FIRM FIXED PRICE,"CONTAINER,SHIPPING",SPRPA121RW083,1,OT,OTHER FUNCTIONS,8145,SPECIALIZED SHIPPING AND STORAGE CONTAINERS,H,NOT BUNDLED,A8C,SEPARATELY PROCURED CONTAINERS AND HANDLING EQUIPMENT,334290,OTHER COMMUNICATIONS EQUIPMENT MANUFACTURING,C,NO CLAUSES INCLUDED AND NO SUSTAINABILITY INCLUDED,A,U.S. OWNED BUSINESS,000,NONE,Z,NOT IT PRODUCTS OR SERVICES,E,NOT REQUIRED,USA,UNITED STATES,D,MFG IN U.S.,B,PLAN NOT REQUIRED,G,NOT COMPETED UNDER SAP,SP1,SIMPLIFIED ACQUISITION,NONE,NO SET ASIDE USED.,NONE,NO PREFERENCE USED,,,,,SP2,SAP NON-COMPETITION (FAR 13),1,D,COMMERCIAL ITEM PROCEDURES NOT USED,f,N,NO,N,NO,X,NOT APPLICABLE,N,NO,0.00,N,NO,X,NOT APPLICABLE,N,NO,X,NOT APPLICABLE,X,NOT APPLICABLE,,,,,,,,NONE,NONE,W,NOT OBTAINED - WAIVED,X,NOT APPLICABLE EXEMPT FROM CAS,N,TRANSACTION DOES NOT USE GFE/GFP,N,NO,D,NOT CONSOLIDATED,X,NOT APPLICABLE,N,NO,Z,NOT APPLICABLE,N,NO,X,NOT APPLICABLE,f,f,f,f,f,f,f,f,f,f,f,f,f,f,f,f,f,f,f,SMALL BUSINESS,S,f,f,f,f,f,f,f,f,f,f,f,f,f,f,f,f,f,CORPORATE NOT TAX EXEMPT,t,f,f,f,f,f,f,f,f,f,f,f,t,f,f,f,f,t,f,f,f,f,f,f,f,f,f,f,t,f,f,f,f,f,f,f,f,f,f,f,f,f,f,f,f,f,f,f,f,f,,,,,,,,,,,https://www.usaspending.gov/award/CONT_AWD_SPRPA121CW032_9700_-NONE-_-NONE-/,2021-08-18 16:21:03+00
CONT_AWD_SPRRA218C0069_9700_-NONE-_-NONE-,SPRRA218C0069,,,,Q: Not Designated Nonemergency/Emergency/Disaster/Wildfire Suppression,,,,,734250.00,511750.00,734250.00,734250.00,2018-09-05,2018,2021-08-20,2021,2018-09-05,2022-04-30,2022-04-30 12:04:00,,2018-03-20,097,Department of Defense,97AS,Defense Logistics Agency,SPRRA2,"DLA AVIATION AT HUNTSVILLE, AL",097,Department of Defense,2100,Department of the Army,W31G3H,W0H9 US ARMY AVN & MISSLES CMD,097-X-4930-001,097-4930,26.0: Supplies and materials,0000: UNKNOWN/OTHER,X,NOT APPLICABLE,,,XSV6AZJ6SDJ7,196882310,RAYTHEON COMPANY,RAYTHEON COMPANY,,05716,PPLZG8J3N9D4,001344142,RTX CORP,RAYTHEON COMPANY,USA,UNITED STATES,350 LOWELL ST,,ANDOVER,25009,ESSEX,25,MA,MASSACHUSETTS,018104400,MA-03,MA-06,3106479438,3106473536,USA,UNITED STATES,ANDOVER,25009,ESSEX,25,MA,MASSACHUSETTS,018104400,MA-03,MA-06,AWARD,D,DEFINITIVE CONTRACT,,,,,,,J,FIRM FIXED PRICE,CIRCUIT CARD ASSEMBLY,SPRRA218R0088,1,,,5998,"ELECTRICAL AND ELECTRONIC ASSEMBLIES, BOARDS, CARDS, AND ASSOCIATED HARDWARE",H,NOT BUNDLED,A1A,AIRFRAMES AND SPARES,334412,BARE PRINTED CIRCUIT BOARD MANUFACTURING,C,NO CLAUSES INCLUDED AND NO SUSTAINABILITY INCLUDED,A,U.S. OWNED BUSINESS,000,NONE,Z,NOT IT PRODUCTS OR SERVICES,E,NOT REQUIRED,USA,UNITED STATES,D,MFG IN U.S.,B,PLAN NOT REQUIRED,C,NOT COMPETED,SSS,ONLY ONE SOURCE,NONE,NO SET ASIDE USED.,NONE,NO PREFERENCE USED,,,,,ONE,ONLY ONE SOURCE-OTHER (FAR 6.302-1 OTHER),1,D,COMMERCIAL ITEM PROCEDURES NOT USED,f,N,NO,N,NO,Y,YES,N,NO,0.00,N,NO,N,NO,N,NO,N,NO,X,NOT APPLICABLE,,,,,,,,NONE,NONE,N,NO,X,NOT APPLICABLE EXEMPT FROM CAS,N,TRANSACTION DOES NOT USE GFE/GFP,N,NO,D,NOT CONSOLIDATED,X,NOT APPLICABLE,N,NO,Z,NOT APPLICABLE,N,NO,X,NOT APPLICABLE,f,f,f,f,f,f,f,f,f,f,f,f,f,f,f,f,f,f,f,OTHER THAN SMALL BUSINESS,O,f,f,f,f,f,f,f,f,f,f,f,f,f,f,f,f,f,CORPORATE NOT TAX EXEMPT,t,f,f,f,f,f,f,f,f,f,f,f,t,f,f,f,f,t,f,f,f,f,f,f,f,f,f,f,t,f,f,f,f,f,f,f,f,f,f,f,f,f,f,f,f,f,f,f,f,f,,,,,,,,,,,https://www.usaspending.gov/award/CONT_AWD_SPRRA218C0069_9700_-NONE-_-NONE-/,2021-08-20 09:20:57+00
CONT_AWD_SPRRA218C0078_9700_-NONE-_-NONE-,SPRRA218C0078,,,,Q: Not Designated Nonemergency/Emergency/Disaster/Wildfire Suppression,,,,,835409.45,472187.95,835409.45,835409.45,2018-09-18,2018,2021-08-20,2021,2018-09-18,2021-11-30,2021-11-30 12:11:00,,2018-03-20,097,Department of Defense,97AS,Defense Logistics Agency,SPRRA2,"DLA AVIATION AT HUNTSVILLE, AL",097,Department of Defense,2100,Department of the Army,W31G3H,W0H9 US ARMY AVN & MISSLES CMD,097-X-4930-001,097-4930,26.0: Supplies and materials,0000: UNKNOWN/OTHER,X,NOT APPLICABLE,,,XSV6AZJ6SDJ7,196882310,RAYTHEON COMPANY,RAYTHEON COMPANY,,05716,PPLZG8J3N9D4,001344142,RTX CORP,RAYTHEON COMPANY,USA,UNITED STATES,350 LOWELL ST,,ANDOVER,25009,ESSEX,25,MA,MASSACHUSETTS,018104400,MA-03,MA-06,3106479438,3106473536,USA,UNITED STATES,ANDOVER,25009,ESSEX,25,MA,MASSACHUSETTS,018104400,MA-03,MA-06,AWARD,D,DEFINITIVE CONTRACT,,,,,,,J,FIRM FIXED PRICE,"PRON: D18H0052D1, P/N: 13657355, NSN: 5895-01-632-9475, NOUN: PROCESSOR, SIGNAL",SPRRA218R0087,1,,,5895,MISCELLANEOUS COMMUNICATION EQUIPMENT,H,NOT BUNDLED,A1A,AIRFRAMES AND SPARES,334290,OTHER COMMUNICATIONS EQUIPMENT MANUFACTURING,C,NO CLAUSES INCLUDED AND NO SUSTAINABILITY INCLUDED,A,U.S. OWNED BUSINESS,000,NONE,Z,NOT IT PRODUCTS OR SERVICES,E,NOT REQUIRED,USA,UNITED STATES,D,MFG IN U.S.,B,PLAN NOT REQUIRED,C,NOT COMPETED,SSS,ONLY ONE SOURCE,NONE,NO SET ASIDE USED.,NONE,NO PREFERENCE USED,,,,,ONE,ONLY ONE SOURCE-OTHER (FAR 6.302-1 OTHER),1,D,COMMERCIAL ITEM PROCEDURES NOT USED,f,N,NO,N,NO,Y,YES,N,NO,0.00,N,NO,N,NO,N,NO,N,NO,X,NOT APPLICABLE,,,,,,,,NONE,NONE,N,NO,X,NOT APPLICABLE EXEMPT FROM CAS,N,TRANSACTION DOES NOT USE GFE/GFP,N,NO,D,NOT CONSOLIDATED,X,NOT APPLICABLE,N,NO,Z,NOT APPLICABLE,N,NO,X,NOT APPLICABLE,f,f,f,f,f,f,f,f,f,f,f,f,f,f,f,f,f,f,f,OTHER THAN SMALL BUSINESS,O,f,f,f,f,f,f,f,f,f,f,f,f,f,f,f,f,f,CORPORATE NOT TAX EXEMPT,t,f,f,f,f,f,f,f,f,f,f,f,t,f,f,f,f,t,f,f,f,f,f,f,f,f,f,f,t,f,f,f,f,f,f,f,f,f,f,f,f,f,f,f,f,f,f,f,f,f,,,,,,,,,,,https://www.usaspending.gov/award/CONT_AWD_SPRRA218C0078_9700_-NONE-_-NONE-/,2021-08-20 09:40:21+00
CONT_AWD_SPRRA218C0086_9700_-NONE-_-NONE-,SPRRA218C0086,,,,Q: Not Designated Nonemergency/Emergency/Disaster/Wildfire Suppression,,,,,1414897.20,366038.30,1414897.20,1414897.20,2018-09-25,2018,2021-08-24,2021,2018-09-25,2022-05-31,2022-05-31 12:05:00,,2018-06-27,097,Department of Defense,97AS,Defense Logistics Agency,SPRRA2,"DLA AVIATION AT HUNTSVILLE, AL",097,Department of Defense,2100,Department of the Army,W31G3H,W0H9 US ARMY AVN & MISSLES CMD,097-X-4930-001,097-4930,26.0: Supplies and materials,0000: UNKNOWN/OTHER,X,NOT APPLICABLE,,,XSV6AZJ6SDJ7,196882310,RAYTHEON COMPANY,RAYTHEON COMPANY,,05716,PPLZG8J3N9D4,001344142,RTX CORP,RAYTHEON COMPANY,USA,UNITED STATES,350 LOWELL ST,,ANDOVER,25009,ESSEX,25,MA,MASSACHUSETTS,018104400,MA-03,MA-06,3106479438,3106473536,USA,UNITED STATES,ANDOVER,25009,ESSEX,25,MA,MASSACHUSETTS,018104400,MA-03,MA-06,AWARD,D,DEFINITIVE CONTRACT,,,,,,,J,FIRM FIXED PRICE,NOMENCLATURE: CIRCUIT CARD ASSEMBLY NSN: 5998-01-652-2778 PART NUMBER: 13646234-3 WEAPON SYSTEM: M-D6,SPRRA218R0130,1,,,5998,"ELECTRICAL AND ELECTRONIC ASSEMBLIES, BOARDS, CARDS, AND ASSOCIATED HARDWARE",H,NOT BUNDLED,A2,MISSILE AND SPACE SYSTEMS,334412,BARE PRINTED CIRCUIT BOARD MANUFACTURING,C,NO CLAUSES INCLUDED AND NO SUSTAINABILITY INCLUDED,A,U.S. OWNED BUSINESS,148,PAC-3,Z,NOT IT PRODUCTS OR SERVICES,E,NOT REQUIRED,USA,UNITED STATES,D,MFG IN U.S.,B,PLAN NOT REQUIRED,C,NOT COMPETED,SSS,ONLY ONE SOURCE,NONE,NO SET ASIDE USED.,NONE,NO PREFERENCE USED,,,,,ONE,ONLY ONE SOURCE-OTHER (FAR 6.302-1 OTHER),1,D,COMMERCIAL ITEM PROCEDURES NOT USED,f,N,NO,N,NO,X,NOT APPLICABLE,N,NO,0.00,N,NO,X,NOT APPLICABLE,X,NOT APPLICABLE,X,NOT APPLICABLE,X,NOT APPLICABLE,,,,,,,,NONE,NONE,N,NO,X,NOT APPLICABLE EXEMPT FROM CAS,Y,TRANSACTION USES GFE/GFP,U,UNKNOWN,D,NOT CONSOLIDATED,X,NOT APPLICABLE,N,NO,Z,NOT APPLICABLE,N,NO,X,NOT APPLICABLE,f,f,f,f,f,f,f,f,f,f,f,f,f,f,f,f,f,f,f,OTHER THAN SMALL BUSINESS,O,f,f,f,f,f,f,f,f,f,f,f,f,f,f,f,f,f,CORPORATE NOT TAX EXEMPT,t,f,f,f,f,f,f,f,f,f,f,f,t,f,f,f,f,t,f,f,f,f,f,f,f,f,f,f,t,f,f,f,f,f,f,f,f,f,f,f,f,f,f,f,f,f,f,f,f,f,,,,,,,,,,,https://www.usaspending.gov/award/CONT_AWD_SPRRA218C0086_9700_-NONE-_-NONE-/,2021-08-24 10:09:03+00
CONT_AWD_SPRRA220C0003_9700_-NONE-_-NONE-,SPRRA220C0003,,,,Q: Not Designated Nonemergency/Emergency/Disaster/Wildfire Suppression,,,,,3337549.80,778761.62,3337549.80,3337549.80,2020-08-05,2020,2021-08-20,2021,2020-08-05,2022-02-28,2022-02-28 12:02:00,,2019-09-17,097,Department of Defense,97AS,Defense Logistics Agency,SPRRA2,"DLA AVIATION AT HUNTSVILLE, AL",097,Department of Defense,2100,Department of the Army,W31G3H,W0H9 US ARMY AVN & MISSLES CMD,097-X-4930-001,097-4930,26.0: Supplies and materials,0000: UNKNOWN/OTHER,X,NOT APPLICABLE,,,MC27B7LGBL34,884634718,DRS NETWORK & IMAGING SYSTEMS LLC,"DRS NETWORK & IMAGING SYSTEMS, LLC",,32865,W8PTMRME1496,428869465,LEONARDO SPA,LEONARDO DRS  INC.,USA,UNITED STATES,100 N BABCOCK ST,,MELBOURNE,12009,BREVARD,12,FL,FLORIDA,329356715,FL-08,FL-08,3216221167,,USA,UNITED STATES,MELBOURNE,12009,BREVARD,12,FL,FLORIDA,329356715,FL-08,FL-08,AWARD,D,DEFINITIVE CONTRACT,,,,,,,J,FIRM FIXED PRICE,DLA SPARES LASER SHUTTER ASSY,SPRRA219R0066,1,,,1240,OPTICAL SIGHTING AND RANGING EQUIPMENT,H,NOT BUNDLED,A2,MISSILE AND SPACE SYSTEMS,333314,OPTICAL INSTRUMENT AND LENS MANUFACTURING,C,NO CLAUSES INCLUDED AND NO SUSTAINABILITY INCLUDED,A,U.S. OWNED BUSINESS,000,NONE,Z,NOT IT PRODUCTS OR SERVICES,E,NOT REQUIRED,USA,UNITED STATES,D,MFG IN U.S.,F,INDIVIDUAL SUBCONTRACT PLAN,C,NOT COMPETED,SSS,ONLY ONE SOURCE,NONE,NO SET ASIDE USED.,NONE,NO PREFERENCE USED,,,,,ONE,ONLY ONE SOURCE-OTHER (FAR 6.302-1 OTHER),1,D,COMMERCIAL ITEM PROCEDURES NOT USED,f,N,NO,N,NO,Y,YES,N,NO,0.00,N,NO,X,NOT APPLICABLE,X,NOT APPLICABLE,X,NOT APPLICABLE,X,NOT APPLICABLE,,,,,,,,NONE,NONE,Y,YES,Y,YES - CAS CLAUSE INCLUDED,N,TRANSACTION DOES NOT USE GFE/GFP,U,UNKNOWN,D,NOT CONSOLIDATED,X,NOT APPLICABLE,N,NO,Z,NOT APPLICABLE,N,NO,X,NOT APPLICABLE,f,f,f,f,f,f,f,f,f,f,f,f,f,f,f,f,f,f,f,OTHER THAN SMALL BUSINESS,O,f,f,f,f,f,f,f,f,f,f,f,f,f,f,f,f,f,CORPORATE NOT TAX EXEMPT,t,f,f,f,f,f,f,f,f,f,f,f,t,f,f,f,f,t,f,f,f,f,f,f,f,f,t,f,t,f,f,f,f,f,f,f,f,f,f,f,f,f,f,f,f,f,f,f,f,f,JOHN A BAYLOUNY,1060537.00,MARK A DORFMAN,1339249.00,MICHAEL D DIPPOLD,1185820.00,JASON W RINSKY,889727.00,JERRY K HATHAWAY,640541.00,https://www.usaspending.gov/award/CONT_AWD_SPRRA220C0003_9700_-NONE-_-NONE-/,2021-08-20 10:49:48+00
CONT_AWD_SPRTA118C0058_9700_-NONE-_-NONE-,SPRTA118C0058,,,,,,,,,803355.00,,803355.00,803355.00,2018-06-25,2018,2021-08-20,2021,2018-06-25,2021-10-08,2021-10-08 00:00:00,,2017-08-01,097,Department of Defense,97AS,Defense Logistics Agency,SPRTA1,"DLA AVIATION AT OKLAHOMA CITY, OK",097,Department of Defense,5700,Department of the Air Force,F3YCAB,F3YCAB 848 SCMG GLSC,,,,,X,NOT APPLICABLE,,,SGW1LCBNY451,,MERRILL CORPORATION,MERRILL CORPORATION,,0JXZ1,SGW1LCBNY451,,MERRILL CORPORATION,MISSION SUPPORT INC.,USA,UNITED STATES,BLDG Z-15 FREEPORT CTR,,CLEARFIELD,49011,DAVIS,49,UT,UTAH,84016,UT-01,UT-01,8017737900,8017731628,USA,UNITED STATES,CLEARFIELD,49011,DAVIS,49,UT,UTAH,840160135,UT-01,UT-01,AWARD,D,DEFINITIVE CONTRACT,,,,,,,J,FIRM FIXED PRICE,AIRCRAFT DOOR,SPRTA117R0467,1,,,1560,AIRFRAME STRUCTURAL COMPONENTS,H,NOT BUNDLED,A1C,OTHER AIRCRAFT EQUIPMENT,336413,OTHER AIRCRAFT PARTS AND AUXILIARY EQUIPMENT MANUFACTURING,C,NO CLAUSES INCLUDED AND NO SUSTAINABILITY INCLUDED,A,U.S. OWNED BUSINESS,000,NONE,Z,NOT IT PRODUCTS OR SERVICES,E,NOT REQUIRED,USA,UNITED STATES,D,MFG IN U.S.,B,PLAN NOT REQUIRED,C,NOT COMPETED,SSS,ONLY ONE SOURCE,NONE,NO SET ASIDE USED.,NONE,NO PREFERENCE USED,,,,,ONE,ONLY ONE SOURCE-OTHER (FAR 6.302-1 OTHER),1,D,COMMERCIAL ITEM PROCEDURES NOT USED,f,N,NO,N,NO,Y,YES,N,NO,0.00,N,NO,Y,YES,X,NOT APPLICABLE,X,NOT APPLICABLE,X,NOT APPLICABLE,,,,,,,,NONE,NONE,N,NO,X,NOT APPLICABLE EXEMPT FROM CAS,N,TRANSACTION DOES NOT USE GFE/GFP,N,NO,D,NOT CONSOLIDATED,X,NOT APPLICABLE,N,NO,Z,NOT APPLICABLE,N,NO,X,NOT APPLICABLE,f,f,f,f,f,f,f,f,f,f,f,f,f,f,f,f,f,f,f,SMALL BUSINESS,S,f,f,f,f,f,f,f,f,f,f,f,f,f,f,f,f,f,CORPORATE NOT TAX EXEMPT,t,f,f,f,f,f,f,f,f,f,f,f,f,f,f,f,f,t,f,f,f,f,f,f,f,t,f,f,t,f,f,f,f,f,f,f,f,f,f,f,f,f,f,f,f,f,f,f,f,f,,,,,,,,,,,https://www.usaspending.gov/award/CONT_AWD_SPRTA118C0058_9700_-NONE-_-NONE-/,2022-04-07 13:13:52+00
CONT_AWD_SPRTA120C0040_9700_-NONE-_-NONE-,SPRTA120C0040,,,,,,,,,366876.54,,366876.54,366876.54,2020-02-28,2020,2021-08-24,2021,2020-02-28,2020-11-20,2020-11-20 00:00:00,,2019-10-23,097,Department of Defense,97AS,Defense Logistics Agency,SPRTA1,"DLA AVIATION AT OKLAHOMA CITY, OK",097,Department of Defense,5700,Department of the Air Force,F3YCAB,F3YCAB 848 SCMG GLSC,,,,,X,NOT APPLICABLE,,,SGW1LCBNY451,608174959,MERRILL CORPORATION,MERRILL CORPORATION,,0JXZ1,SGW1LCBNY451,608174959,MERRILL CORPORATION,MISSION SUPPORT INC.,USA,UNITED STATES,BLDG Z-15 FREEPORT CTR,,CLEARFIELD,49011,DAVIS,49,UT,UTAH,84016,UT-01,UT-01,8017737900,8017731628,USA,UNITED STATES,CLEARFIELD,49011,DAVIS,49,UT,UTAH,840160135,UT-01,UT-01,AWARD,D,DEFINITIVE CONTRACT,,,,,,,J,FIRM FIXED PRICE,NEW MANUFACTURE OF B-52 FORWARD CREW ENTRY DOORS.,SPRTA120R0002,1,,,1560,AIRFRAME STRUCTURAL COMPONENTS,H,NOT BUNDLED,A1C,OTHER AIRCRAFT EQUIPMENT,336413,OTHER AIRCRAFT PARTS AND AUXILIARY EQUIPMENT MANUFACTURING,C,NO CLAUSES INCLUDED AND NO SUSTAINABILITY INCLUDED,A,U.S. OWNED BUSINESS,000,NONE,Z,NOT IT PRODUCTS OR SERVICES,E,NOT REQUIRED,USA,UNITED STATES,D,MFG IN U.S.,B,PLAN NOT REQUIRED,D,FULL AND OPEN COMPETITION AFTER EXCLUSION OF SOURCES,NP,NEGOTIATED PROPOSAL/QUOTE,SBA,SMALL BUSINESS SET ASIDE - TOTAL,NONE,NO PREFERENCE USED,,,,,,,2,D,COMMERCIAL ITEM PROCEDURES NOT USED,f,N,NO,N,NO,Y,YES,N,NO,0.00,N,NO,Y,YES,N,NO,X,NOT APPLICABLE,X,NOT APPLICABLE,,,,,,,,NONE,NONE,N,NO,X,NOT APPLICABLE EXEMPT FROM CAS,N,TRANSACTION DOES NOT USE GFE/GFP,N,NO,D,NOT CONSOLIDATED,X,NOT APPLICABLE,N,NO,Z,NOT APPLICABLE,N,NO,X,NOT APPLICABLE,f,f,f,f,f,f,f,f,f,f,f,f,f,f,f,f,f,f,f,SMALL BUSINESS,S,f,f,f,f,f,f,f,f,f,f,f,f,f,f,f,f,f,CORPORATE NOT TAX EXEMPT,t,f,f,f,f,f,f,f,f,f,f,f,f,f,f,f,f,t,f,f,f,f,f,f,f,t,f,f,t,f,f,f,f,f,f,f,f,f,f,f,f,f,f,f,f,f,f,f,f,f,,,,,,,,,,,https://www.usaspending.gov/award/CONT_AWD_SPRTA120C0040_9700_-NONE-_-NONE-/,2021-08-24 10:38:20+00
CONT_AWD_SPRTA121C0056_9700_-NONE-_-NONE-,SPRTA121C0056,,,,,,,,,363615.00,,363615.00,363615.00,2021-08-18,2021,2021-08-18,2021,2021-08-18,2022-10-28,2022-10-28 00:00:00,,2021-05-21,097,Department of Defense,97AS,Defense Logistics Agency,SPRTA1,"DLA AVIATION AT OKLAHOMA CITY, OK",097,Department of Defense,5700,Department of the Air Force,F3YCAB,F3YCAB 848 SCMG GLSC,,,,,X,NOT APPLICABLE,,,NBSPDCRRMSZ3,,EATON AEROSPACE LLC,,,99643,MBJ8ANU347W7,,EATON CORPORATION PUBLIC LIMITED COMPANY,,USA,UNITED STATES,4690 COLORADO BLVD,,LOS ANGELES,06037,LOS ANGELES,06,CA,CALIFORNIA,900391106,CA-28,CA-30,8184090324,,USA,UNITED STATES,LOS ANGELES,06037,LOS ANGELES,06,CA,CALIFORNIA,900391106,CA-28,CA-30,AWARD,D,DEFINITIVE CONTRACT,,,,,,,J,FIRM FIXED PRICE,"VALVE, LINEAR DIRECT",SPRTA121R0092,1,,,4810,"VALVES, POWERED",H,NOT BUNDLED,A1B,AIRCRAFT ENGINES AND SPARES,336412,AIRCRAFT ENGINE AND ENGINE PARTS MANUFACTURING,C,NO CLAUSES INCLUDED AND NO SUSTAINABILITY INCLUDED,C,FOREIGN-OWNED BUSINESS INCORPORATED IN THE U.S.,000,NONE,Z,NOT IT PRODUCTS OR SERVICES,E,NOT REQUIRED,USA,UNITED STATES,D,MFG IN U.S.,B,PLAN NOT REQUIRED,C,NOT COMPETED,SSS,ONLY ONE SOURCE,NONE,NO SET ASIDE USED.,NONE,NO PREFERENCE USED,,,,,ONE,ONLY ONE SOURCE-OTHER (FAR 6.302-1 OTHER),1,D,COMMERCIAL ITEM PROCEDURES NOT USED,f,N,NO,N,NO,X,NOT APPLICABLE,N,NO,0.00,N,NO,N,NO,X,NOT APPLICABLE,X,NOT APPLICABLE,X,NOT APPLICABLE,,,,,,,,NONE,NONE,N,NO,X,NOT APPLICABLE EXEMPT FROM CAS,N,TRANSACTION DOES NOT USE GFE/GFP,N,NO,D,NOT CONSOLIDATED,X,NOT APPLICABLE,N,NO,Z,NOT APPLICABLE,N,NO,X,NOT APPLICABLE,f,f,f,f,f,f,f,f,f,f,f,f,f,f,f,f,f,f,f,OTHER THAN SMALL BUSINESS,O,f,f,f,f,f,f,f,f,f,f,f,f,f,f,f,f,f,CORPORATE NOT TAX EXEMPT,t,f,f,f,f,f,f,f,f,f,f,f,t,f,f,f,f,t,f,f,f,f,f,f,f,f,f,t,t,f,f,f,f,f,f,f,f,f,f,f,f,f,f,f,f,f,f,f,f,f,,,,,,,,,,,https://www.usaspending.gov/award/CONT_AWD_SPRTA121C0056_9700_-NONE-_-NONE-/,2022-11-08 06:50:48+00
CONT_AWD_SPRTA121C0060_9700_-NONE-_-NONE-,SPRTA121C0060,,,,,,,,,371101.44,,371101.44,371101.44,2021-08-17,2021,2021-08-17,2021,2021-08-17,2022-11-15,2022-11-15 00:00:00,,2021-06-25,097,Department of Defense,97AS,Defense Logistics Agency,SPRTA1,"DLA AVIATION AT OKLAHOMA CITY, OK",097,Department of Defense,5700,Department of the Air Force,F3YCAB,F3YCAB 848 SCMG GLSC,,,,,X,NOT APPLICABLE,,,LUKJQHLR55N8,,"AMERICAN FUEL CELL AND COATED FABRICS COMPANY, LLC",AMERICAN FUEL CELL AND COATED FABRICS COMPANY,,05476,U5VFUPHT6MD5,,ZODIAC AEROSPACE,ZODIAC AEROSPACE,USA,UNITED STATES,601 FIRESTONE DR,,MAGNOLIA,05027,COLUMBIA,05,AR,ARKANSAS,717539712,,AR-04,5618276605,,USA,UNITED STATES,MAGNOLIA,05027,COLUMBIA,05,AR,ARKANSAS,717539712,AR-04,AR-04,AWARD,D,DEFINITIVE CONTRACT,,,,,,,J,FIRM FIXED PRICE,"CELL, FUEL, AIRCRAFT SUPPORTING THE KC-135 AIRCRAFT.",SPRTA121Q0393,1,,,1560,AIRFRAME STRUCTURAL COMPONENTS,H,NOT BUNDLED,A1C,OTHER AIRCRAFT EQUIPMENT,336413,OTHER AIRCRAFT PARTS AND AUXILIARY EQUIPMENT MANUFACTURING,C,NO CLAUSES INCLUDED AND NO SUSTAINABILITY INCLUDED,A,U.S. OWNED BUSINESS,000,NONE,Z,NOT IT PRODUCTS OR SERVICES,E,NOT REQUIRED,USA,UNITED STATES,D,MFG IN U.S.,B,PLAN NOT REQUIRED,A,FULL AND OPEN COMPETITION,NP,NEGOTIATED PROPOSAL/QUOTE,NONE,NO SET ASIDE USED.,NONE,NO PREFERENCE USED,,,,,,,2,D,COMMERCIAL ITEM PROCEDURES NOT USED,f,N,NO,N,NO,X,NOT APPLICABLE,N,NO,0.00,N,NO,Y,YES,X,NOT APPLICABLE,X,NOT APPLICABLE,X,NOT APPLICABLE,,,,,,,,NONE,NONE,N,NO,X,NOT APPLICABLE EXEMPT FROM CAS,N,TRANSACTION DOES NOT USE GFE/GFP,N,NO,D,NOT CONSOLIDATED,X,NOT APPLICABLE,N,NO,Z,NOT APPLICABLE,N,NO,X,NOT APPLICABLE,f,f,f,f,f,f,f,f,f,f,f,f,f,f,f,f,f,f,f,SMALL BUSINESS,S,f,f,f,f,f,f,f,f,f,f,f,f,f,f,f,f,f,PARTNERSHIP,f,f,t,f,f,f,f,f,f,f,f,f,t,f,f,f,f,t,f,f,f,f,f,f,f,f,f,f,t,f,f,f,f,f,f,f,f,f,f,f,f,f,f,f,f,f,f,f,f,f,,,,,,,,,,,https://www.usaspending.gov/award/CONT_AWD_SPRTA121C0060_9700_-NONE-_-NONE-/,2023-02-09 06:37:47+00
CONT_AWD_W15QKN09C0057_9700_-NONE-_-NONE-,W15QKN09C0057,,,,,,,,,1039508.00,,1039508.00,1562829.58,2008-12-15,2009,2021-08-17,2021,2008-12-15,2012-03-07,2012-03-07 00:00:00,,,097,Department of Defense,9763,Defense Contract Management Agency,S1002A,DCMA SOUTHEAST,097,Department of Defense,2100,Department of the Army,W90Z7R,W6DT PEO AMMO,,,,,X,NOT APPLICABLE,,,MDSWM6MB1BH7,054781240,"LEIDOS, INC.","LEIDOS, INC.",,52302,ZL41ERXMPAR3,611641312,"LEIDOS HOLDINGS, INC.",SAIC  INC.,USA,UNITED STATES,1750 PRESIDENTS ST,,RESTON,51059,FAIRFAX,51,VA,VIRGINIA,201905617,VA-11,VA-11,5715266000,,USA,UNITED STATES,SAN DIEGO,06073,SAN DIEGO,06,CA,CALIFORNIA,921211522,CA-52,CA-50,AWARD,D,DEFINITIVE CONTRACT,,,,,,,Y,TIME AND MATERIALS,SYSTEMS ENGINEERING SUPPORT TO PM-FCS,,1,,,AD26,R&D- DEFENSE OTHER: SERVICES (MANAGEMENT/SUPPORT),D,NOT A BUNDLED REQUIREMENT,S1,SERVICES,541611,ADMINISTRATIVE MANAGEMENT AND GENERAL MANAGEMENT CONSULTING SERVICES,C,NO CLAUSES INCLUDED AND NO SUSTAINABILITY INCLUDED,A,U.S. OWNED BUSINESS,000,NONE,Z,NOT IT PRODUCTS OR SERVICES,E,NOT REQUIRED,USA,UNITED STATES,C,NOT A MANUFACTURED END PRODUCT,A,PLAN NOT INCLUDED - NO SUBCONTRACTING POSSIBILITIES,D,FULL AND OPEN COMPETITION AFTER EXCLUSION OF SOURCES,AS,ALTERNATIVE SOURCES,NONE,NO SET ASIDE USED.,NONE,NO PREFERENCE USED,,,,,,,3,A,COMMERCIAL ITEM,f,N,NO,N,NO,Y,YES,N,NO,0.00,N,NO,X,NOT APPLICABLE,N,NO,X,NOT APPLICABLE,X,NOT APPLICABLE,,,,,,,,NONE,NONE,N,NO,X,NOT APPLICABLE EXEMPT FROM CAS,N,TRANSACTION DOES NOT USE GFE/GFP,N,NO,N,NO,N,NO - SERVICE WHERE PBA IS NOT USED.,N,NO,Z,NOT APPLICABLE,N,NO,X,NOT APPLICABLE,f,f,f,f,f,f,f,f,f,f,f,f,f,f,f,f,f,f,f,OTHER THAN SMALL BUSINESS,O,f,f,f,f,f,f,f,f,f,f,f,f,f,f,f,f,f,CORPORATE NOT TAX EXEMPT,t,f,f,f,f,f,f,f,f,f,f,f,f,f,f,f,f,t,f,f,f,f,f,f,f,f,f,f,t,f,f,f,f,f,f,f,f,f,f,f,f,f,f,f,f,f,f,f,f,f,,,,,,,,,,,https://www.usaspending.gov/award/CONT_AWD_W15QKN09C0057_9700_-NONE-_-NONE-/,2021-08-18 08:37:27+00
CONT_AWD_W15QKN14C1035_9700_-NONE-_-NONE-,W15QKN14C1035,,,,,,,,,60187.02,,60187.02,105480.24,2014-09-08,2014,2021-08-18,2021,2014-09-04,2017-09-29,2019-09-29 00:00:00,,,097,Department of Defense,2100,Department of the Army,W15QKN,W6QK ACC-RI-PICATINNY,097,Department of Defense,2100,Department of the Army,W81GH2,W6KH CHARLESTON AFR CENTER,,,,,X,NOT APPLICABLE,,,CYSKDNSBGG99,102284080,"CLEAN COUNTRY, INC.","CLEAN COUNTRY, INC.",,0T8M3,CYSKDNSBGG99,102284080,"CLEAN COUNTRY, INC.",CLEAN COUNTRY  INC.,USA,UNITED STATES,11025 O ST,,OMAHA,31055,DOUGLAS,31,NE,NEBRASKA,681372347,NE-02,NE-02,4027332123,4027332122,USA,UNITED STATES,RAINELLE,54025,GREENBRIER,54,WV,WEST VIRGINIA,259621456,WV-03,WV-01,AWARD,D,DEFINITIVE CONTRACT,,,,,,,J,FIRM FIXED PRICE,"IGF::OT::IGF THIS IS A NON-PERSONAL SERVICES CONTRACT TO PROVIDE CUSTODIAL SERVICES IN SUPPORT OF THE 99 TH REGIONAL SUPPORT COMMAND AT RAINELLE, WV. THE GOVERNMENT SHALL NOT EXERCISE ANY SUPERVISION OR CONTROL OVER THE CONTRACT SERVICE PROVIDERS PERFORMING THE SERVICES HEREIN. SUCH CONTRACT SERVICES PROVIDERS SHALL BE ACCOUNTABLE SOLELY TO THE CONTRACTOR WHO, IN TURN IS RESPONSIBLE TO THE GOVERNMENT.",W15QKN14R1046,1,OT,OTHER FUNCTIONS,S201,HOUSEKEEPING- CUSTODIAL JANITORIAL,D,NOT A BUNDLED REQUIREMENT,S1,SERVICES,561720,JANITORIAL SERVICES,C,NO CLAUSES INCLUDED AND NO SUSTAINABILITY INCLUDED,A,U.S. OWNED BUSINESS,000,NONE,Z,NOT IT PRODUCTS OR SERVICES,E,NOT REQUIRED,USA,UNITED STATES,C,NOT A MANUFACTURED END PRODUCT,B,PLAN NOT REQUIRED,D,FULL AND OPEN COMPETITION AFTER EXCLUSION OF SOURCES,NP,NEGOTIATED PROPOSAL/QUOTE,SBA,SMALL BUSINESS SET ASIDE - TOTAL,NONE,NO PREFERENCE USED,,,,,,,3,A,COMMERCIAL ITEM,f,N,NO,N,NO,X,NOT APPLICABLE,N,NO,0.00,N,NO,N,NO,Y,YES,N,NO,X,NOT APPLICABLE,,,,,,,,NONE,NONE,N,NO,X,NOT APPLICABLE EXEMPT FROM CAS,N,TRANSACTION DOES NOT USE GFE/GFP,N,NO,N,NO,Y,YES - SERVICE WHERE PBA IS USED.,N,NO,Z,NOT APPLICABLE,N,NO,X,NOT APPLICABLE,f,f,f,f,f,f,f,f,f,f,f,f,f,f,f,f,f,f,f,SMALL BUSINESS,S,f,f,f,f,f,f,f,f,f,f,f,f,f,f,f,f,f,CORPORATE NOT TAX EXEMPT,t,f,f,f,f,f,f,f,f,f,f,f,f,f,f,f,f,t,f,f,f,f,f,f,f,f,f,f,t,f,f,f,f,f,f,f,f,f,f,f,f,f,f,f,f,f,f,f,f,f,,,,,,,,,,,https://www.usaspending.gov/award/CONT_AWD_W15QKN14C1035_9700_-NONE-_-NONE-/,2021-08-18 15:03:23+00
CONT_AWD_W15QKN20C0072_9700_-NONE-_-NONE-,W15QKN20C0072,,,,,,,,,429700.00,,429700.00,429700.00,2020-09-23,2020,2021-08-23,2021,2020-09-23,2022-01-31,2022-01-31 12:01:00,,,097,Department of Defense,2100,Department of the Army,W15QKN,W6QK ACC-RI-PICATINNY,097,Department of Defense,2100,Department of the Army,W15BW9,W4MK CCDC ARMAMENTS CENTER,,,,,X,NOT APPLICABLE,,,EJ48F8P5FCN4,,TECHKNOWSERV CORP,TECHKNOWSERV CORP,,6SSN3,EJ48F8P5FCN4,,TECHKNOWSERV CORP,TECHKNOWSERV CORP,USA,UNITED STATES,498 MECKLEY RD,,STATE COLLEGE,42027,CENTRE,42,PA,PENNSYLVANIA,168012521,PA-12,PA-15,8142370144,,USA,UNITED STATES,STATE COLLEGE,42027,CENTRE,42,PA,PENNSYLVANIA,168012521,PA-12,PA-15,AWARD,D,DEFINITIVE CONTRACT,,,,,,,J,FIRM FIXED PRICE,ULTRASONIC TEST INSPECTION SYSTEM.,W15QKN20R0111,1,,,6635,PHYSICAL PROPERTIES TESTING AND INSPECTION,H,NOT BUNDLED,C9E,ALL OTHERS NOT IDENTIFIABLE TO ANY OTHER PROCUREMENT PROGRAM,334519,OTHER MEASURING AND CONTROLLING DEVICE MANUFACTURING,C,NO CLAUSES INCLUDED AND NO SUSTAINABILITY INCLUDED,A,U.S. OWNED BUSINESS,000,NONE,Z,NOT IT PRODUCTS OR SERVICES,E,NOT REQUIRED,USA,UNITED STATES,D,MFG IN U.S.,B,PLAN NOT REQUIRED,F,COMPETED UNDER SAP,SP1,SIMPLIFIED ACQUISITION,NONE,NO SET ASIDE USED.,NONE,NO PREFERENCE USED,,,,,,,3,A,COMMERCIAL ITEM,f,N,NO,N,NO,Y,YES,N,NO,0.00,N,NO,X,NOT APPLICABLE,X,NOT APPLICABLE,X,NOT APPLICABLE,X,NOT APPLICABLE,,,,,,,,NONE,NONE,N,NO,X,NOT APPLICABLE EXEMPT FROM CAS,N,TRANSACTION DOES NOT USE GFE/GFP,U,UNKNOWN,D,NOT CONSOLIDATED,X,NOT APPLICABLE,N,NO,Z,NOT APPLICABLE,N,NO,X,NOT APPLICABLE,f,f,f,f,f,f,f,t,t,t,f,f,f,f,f,f,f,f,f,SMALL BUSINESS,S,f,f,f,f,f,f,f,f,f,f,f,f,f,f,f,f,f,CORPORATE NOT TAX EXEMPT,t,f,f,f,f,f,f,f,f,f,f,f,f,f,f,f,f,t,f,f,f,f,f,f,f,f,f,f,t,f,f,f,f,f,f,f,f,f,f,f,f,f,f,f,f,f,f,f,f,f,,,,,,,,,,,https://www.usaspending.gov/award/CONT_AWD_W15QKN20C0072_9700_-NONE-_-NONE-/,2023-12-29 09:46:48+00
CONT_AWD_W15QKN20C0075_9700_-NONE-_-NONE-,W15QKN20C0075,,,,,,,,,3111445.24,,3111445.24,3932028.75,2020-09-24,2020,2021-08-24,2021,2020-09-27,2021-09-26,2021-12-26 12:12:00,,2020-09-03,097,Department of Defense,2100,Department of the Army,W15QKN,W6QK ACC-RI-PICATINNY,097,Department of Defense,2100,Department of the Army,W15P62,W6DR PEO C3N,,,,,X,NOT APPLICABLE,,,GCDRRLH96BP3,079591739,LINCHPIN SOLUTIONS INC,LINCHPIN SOLUTIONS INC.,,75VN6,GCDRRLH96BP3,079591739,LINCHPIN SOLUTIONS INC,LINCHPIN SOLUTIONS INC.,USA,UNITED STATES,15201 OCTAVIA LN,,ODESSA,12057,HILLSBOROUGH,12,FL,FLORIDA,335561403,FL-14,FL-14,8319170073,,USA,UNITED STATES,DU BOIS,42033,CLEARFIELD,42,PA,PENNSYLVANIA,158013920,PA-15,PA-15,AWARD,D,DEFINITIVE CONTRACT,,,,,,,J,FIRM FIXED PRICE,"ACTION FOR SUPPORT SERVICES TO THE SATELLITE MAINTENANCE CENTER TO INCLUDE OBTAINING DATA ON EQUIPMENT FAILURE REPORTING, TROUBLE TICKETING, OUTAGES, REPAIR TRACKING, AND MAINTENANCE  (SMC) FOR PRODUCT MANAGER SATELLITE COMMUNICATIONS (PDM SATCOM).",W15QKN20R0142,1,OT,OTHER FUNCTIONS,R425,SUPPORT- PROFESSIONAL: ENGINEERING/TECHNICAL,H,NOT BUNDLED,S1,SERVICES,541330,ENGINEERING SERVICES,C,NO CLAUSES INCLUDED AND NO SUSTAINABILITY INCLUDED,A,U.S. OWNED BUSINESS,000,NONE,Z,NOT IT PRODUCTS OR SERVICES,E,NOT REQUIRED,USA,UNITED STATES,C,NOT A MANUFACTURED END PRODUCT,B,PLAN NOT REQUIRED,B,NOT AVAILABLE FOR COMPETITION,SSS,ONLY ONE SOURCE,8AN,8(A) SOLE SOURCE,NONE,NO PREFERENCE USED,,,,,OTH,AUTHORIZED BY STATUTE (FAR 6.302-5(A)(2)(I)),1,A,COMMERCIAL ITEM,f,N,NO,N,NO,X,NOT APPLICABLE,N,NO,0.00,N,NO,X,NOT APPLICABLE,X,NOT APPLICABLE,X,NOT APPLICABLE,X,NOT APPLICABLE,,,,,,,,NONE,NONE,N,NO,X,NOT APPLICABLE EXEMPT FROM CAS,N,TRANSACTION DOES NOT USE GFE/GFP,N,NO,D,NOT CONSOLIDATED,Y,YES - SERVICE WHERE PBA IS USED.,N,NO,Z,NOT APPLICABLE,N,NO,X,NOT APPLICABLE,f,f,f,f,f,t,t,f,f,f,f,f,t,f,f,f,t,f,f,SMALL BUSINESS,S,f,f,f,f,f,f,f,f,f,f,f,f,f,f,f,f,f,CORPORATE NOT TAX EXEMPT,t,f,f,f,f,f,f,f,f,f,f,f,f,f,f,f,f,t,f,f,f,f,f,f,f,t,f,f,t,f,f,f,f,f,f,f,f,f,f,f,f,f,f,f,f,t,f,t,f,f,,,,,,,,,,,https://www.usaspending.gov/award/CONT_AWD_W15QKN20C0075_9700_-NONE-_-NONE-/,2021-08-24 08:43:43+00
CONT_AWD_W31P4Q10C0003_9700_-NONE-_-NONE-,W31P4Q10C0003,,,,Q: Not Designated Nonemergency/Emergency/Disaster/Wildfire Suppression,,,,,85111738.51,0.00,85111738.51,85111738.51,2010-03-01,2010,2021-08-19,2021,2010-03-01,2015-12-31,2015-12-31 00:00:00,,,097,Department of Defense,2100,Department of the Army,W31P4Q,W6QK ACC-RSA,097,Department of Defense,2100,Department of the Army,W91EUN,W6DV PEO M & S REDSTONE,021-2014/2015-2040-000,021-2040,25.5: Research and development contracts,OPTN: FIELD IS OPTIONAL PRIOR TO FY21,X,NOT APPLICABLE,,,XSV6AZJ6SDJ7,,RAYTHEON COMPANY,RAYTHEON COMPANY,,05716,PPLZG8J3N9D4,,RTX CORP,RAYTHEON COMPANY,USA,UNITED STATES,350 LOWELL ST,,ANDOVER,25009,ESSEX,25,MA,MASSACHUSETTS,018104400,MA-03,MA-06,9784401345,9784403371,USA,UNITED STATES,ANDOVER,25009,ESSEX,25,MA,MASSACHUSETTS,018104400,MA-03,MA-06,AWARD,D,DEFINITIVE CONTRACT,,,,,,,U,COST PLUS FIXED FEE,IV&V SPT - PROG/CONF,W31P4Q08R0306,1,,,AJ45,R&D- GENERAL SCIENCE/TECHNOLOGY: ENGINEERING (OPERATIONAL SYSTEMS DEVELOPMENT),D,NOT A BUNDLED REQUIREMENT,A2,MISSILE AND SPACE SYSTEMS,334413,SEMICONDUCTOR AND RELATED DEVICE MANUFACTURING,C,NO CLAUSES INCLUDED AND NO SUSTAINABILITY INCLUDED,A,U.S. OWNED BUSINESS,000,NONE,Z,NOT IT PRODUCTS OR SERVICES,E,NOT REQUIRED,USA,UNITED STATES,C,NOT A MANUFACTURED END PRODUCT,B,PLAN NOT REQUIRED,C,NOT COMPETED,SSS,ONLY ONE SOURCE,NONE,NO SET ASIDE USED.,NONE,NO PREFERENCE USED,,,,,ONE,ONLY ONE SOURCE-OTHER (FAR 6.302-1 OTHER),1,D,COMMERCIAL ITEM PROCEDURES NOT USED,f,N,NO,N,NO,N,NO,N,NO,0.00,N,NO,N,NO,N,NO,N,NO,X,NOT APPLICABLE,,,,,,,,NONE,NONE,N,NO,X,NOT APPLICABLE EXEMPT FROM CAS,N,TRANSACTION DOES NOT USE GFE/GFP,N,NO,N,NO,N,NO - SERVICE WHERE PBA IS NOT USED.,N,NO,Z,NOT APPLICABLE,N,NO,X,NOT APPLICABLE,f,f,f,f,f,f,f,f,f,f,f,f,f,f,f,f,f,f,f,OTHER THAN SMALL BUSINESS,O,f,f,f,f,f,f,f,f,f,f,f,f,f,f,f,f,f,CORPORATE NOT TAX EXEMPT,t,f,f,f,f,f,f,f,f,f,f,f,t,f,f,t,f,f,f,f,f,f,f,f,f,f,f,f,t,f,f,f,f,f,f,f,f,f,f,f,f,f,f,f,f,f,f,f,f,f,,,,,,,,,,,https://www.usaspending.gov/award/CONT_AWD_W31P4Q10C0003_9700_-NONE-_-NONE-/,2025-04-22 16:50:17+00
CONT_AWD_W31P4Q21C0060_9700_-NONE-_-NONE-,W31P4Q21C0060,,,,,,,,,224922.00,,224922.00,224922.00,2021-08-23,2021,2021-08-23,2021,2021-08-23,2022-03-24,2022-03-24 12:03:00,,,097,Department of Defense,2100,Department of the Army,W31P4Q,W6QK ACC-RSA,097,Department of Defense,97AE,Defense Advanced Research Projects Agency,HR0011,DEF ADVANCED RESEARCH PROJECTS AGCY,,,,,X,NOT APPLICABLE,,,YGUHPW4898H1,,"EARTHLY DYNAMICS, LLC","EARTHLY DYNAMICS, LLC",,1UPM3,YGUHPW4898H1,,"EARTHLY DYNAMICS, LLC",EARTHLY DYNAMICS  LLC,USA,UNITED STATES,1447 PEACHTREE ST NE STE 300,,ATLANTA,13121,FULTON,13,GA,GEORGIA,303093034,GA-05,GA-05,5419081017,,USA,UNITED STATES,ATLANTA,13121,FULTON,13,GA,GEORGIA,303091111,GA-05,GA-05,AWARD,D,DEFINITIVE CONTRACT,,,,,,,J,FIRM FIXED PRICE,"DARPA SMALL BUSINESS INNOVATION RESEARCH (SBIR) PHASE I EFFORT ENTITLED, ""PORTABLE PERSONAL PARAGLIDER AIR MOBILITY SYSTEM""",,1,OT,OTHER FUNCTIONS,AC32,NATIONAL DEFENSE R&D SERVICES; DEFENSE-RELATED ACTIVITIES; APPLIED RESEARCH,H,NOT BUNDLED,A2,MISSILE AND SPACE SYSTEMS,541715,"RESEARCH AND DEVELOPMENT IN THE PHYSICAL, ENGINEERING, AND LIFE SCIENCES (EXCEPT NANOTECHNOLOGY AND BIOTECHNOLOGY)",C,NO CLAUSES INCLUDED AND NO SUSTAINABILITY INCLUDED,A,U.S. OWNED BUSINESS,000,NONE,Z,NOT IT PRODUCTS OR SERVICES,E,NOT REQUIRED,USA,UNITED STATES,C,NOT A MANUFACTURED END PRODUCT,B,PLAN NOT REQUIRED,D,FULL AND OPEN COMPETITION AFTER EXCLUSION OF SOURCES,NP,NEGOTIATED PROPOSAL/QUOTE,SBA,SMALL BUSINESS SET ASIDE - TOTAL,NONE,NO PREFERENCE USED,SR1,SMALL BUSINESS INNOVATION RESEARCH PROGRAM PHASE I ACTION,,,,,41,D,COMMERCIAL ITEM PROCEDURES NOT USED,f,N,NO,N,NO,X,NOT APPLICABLE,N,NO,0.00,N,NO,X,NOT APPLICABLE,X,NOT APPLICABLE,X,NOT APPLICABLE,X,NOT APPLICABLE,,,,,,,,NONE,NONE,N,NO,X,NOT APPLICABLE EXEMPT FROM CAS,N,TRANSACTION DOES NOT USE GFE/GFP,N,NO,D,NOT CONSOLIDATED,N,NO - SERVICE WHERE PBA IS NOT USED.,N,NO,Z,NOT APPLICABLE,N,NO,X,NOT APPLICABLE,f,f,f,f,f,f,f,t,t,f,f,f,f,f,f,f,f,f,f,SMALL BUSINESS,S,f,f,f,f,f,f,f,f,f,f,f,f,f,f,f,f,f,CORPORATE NOT TAX EXEMPT,t,f,f,f,f,f,f,f,f,f,f,f,f,f,f,f,f,t,f,f,f,f,f,f,f,f,t,f,t,f,f,f,f,f,f,f,f,f,f,f,f,f,f,f,f,f,f,f,f,f,,,,,,,,,,,https://www.usaspending.gov/award/CONT_AWD_W31P4Q21C0060_9700_-NONE-_-NONE-/,2023-03-21 07:35:18+00
CONT_AWD_W31P4Q21C0061_9700_-NONE-_-NONE-,W31P4Q21C0061,,,,,,,,,225000.00,,225000.00,225000.00,2021-08-23,2021,2021-08-23,2021,2021-08-23,2022-03-24,2022-03-24 12:03:00,,,097,Department of Defense,2100,Department of the Army,W31P4Q,W6QK ACC-RSA,097,Department of Defense,97AE,Defense Advanced Research Projects Agency,HR0011,DEF ADVANCED RESEARCH PROJECTS AGCY,,,,,X,NOT APPLICABLE,,,VJ11DKU4JE85,,AIRBUOYANT LLC,AIRBUOYANT LLC,,8GAK7,VJ11DKU4JE85,,AIRBUOYANT LLC,AIRBUOYANT LLC,USA,UNITED STATES,1508 E 7TH ST,,ANDERSON,18095,MADISON,18,IN,INDIANA,460123423,IN-05,IN-05,7656239815,,USA,UNITED STATES,ANDERSON,18095,MADISON,18,IN,INDIANA,460123423,IN-05,IN-05,AWARD,D,DEFINITIVE CONTRACT,,,,,,,J,FIRM FIXED PRICE,"DARPA SMALL BUSINESS INNOVATION RESEARCH (SBIR) PHASE I EFFORT ENTITLED, ""EJ-1 ELECTRIC JETPACK""",,1,OT,OTHER FUNCTIONS,AC32,NATIONAL DEFENSE R&D SERVICES; DEFENSE-RELATED ACTIVITIES; APPLIED RESEARCH,H,NOT BUNDLED,A2,MISSILE AND SPACE SYSTEMS,541715,"RESEARCH AND DEVELOPMENT IN THE PHYSICAL, ENGINEERING, AND LIFE SCIENCES (EXCEPT NANOTECHNOLOGY AND BIOTECHNOLOGY)",C,NO CLAUSES INCLUDED AND NO SUSTAINABILITY INCLUDED,A,U.S. OWNED BUSINESS,000,NONE,Z,NOT IT PRODUCTS OR SERVICES,E,NOT REQUIRED,USA,UNITED STATES,C,NOT A MANUFACTURED END PRODUCT,B,PLAN NOT REQUIRED,D,FULL AND OPEN COMPETITION AFTER EXCLUSION OF SOURCES,NP,NEGOTIATED PROPOSAL/QUOTE,SBA,SMALL BUSINESS SET ASIDE - TOTAL,NONE,NO PREFERENCE USED,SR1,SMALL BUSINESS INNOVATION RESEARCH PROGRAM PHASE I ACTION,,,,,41,D,COMMERCIAL ITEM PROCEDURES NOT USED,f,N,NO,N,NO,X,NOT APPLICABLE,N,NO,0.00,N,NO,X,NOT APPLICABLE,X,NOT APPLICABLE,X,NOT APPLICABLE,X,NOT APPLICABLE,,,,,,,,NONE,NONE,N,NO,X,NOT APPLICABLE EXEMPT FROM CAS,N,TRANSACTION DOES NOT USE GFE/GFP,N,NO,D,NOT CONSOLIDATED,N,NO - SERVICE WHERE PBA IS NOT USED.,N,NO,Z,NOT APPLICABLE,N,NO,X,NOT APPLICABLE,f,f,f,f,f,f,f,f,f,f,f,f,f,f,f,f,f,f,f,SMALL BUSINESS,S,f,f,f,f,f,f,f,f,f,f,f,f,f,f,f,f,f,CORPORATE NOT TAX EXEMPT,t,f,f,f,f,f,f,f,f,f,f,f,f,f,f,f,f,t,f,f,f,f,f,f,f,f,t,f,t,f,f,f,f,f,f,f,f,f,f,f,f,f,f,f,f,t,f,f,f,f,,,,,,,,,,,https://www.usaspending.gov/award/CONT_AWD_W31P4Q21C0061_9700_-NONE-_-NONE-/,2025-10-02 07:39:36+00
CONT_AWD_W45PVN21C0004_9700_-NONE-_-NONE-,W45PVN21C0004,,,,,,,,,115505.27,,115505.27,115505.27,2021-02-22,2021,2021-08-19,2021,2021-02-22,2021-08-27,2021-08-27 00:00:00,,,097,Department of Defense,2100,Department of the Army,W45PVN,"W390 CAMP STANLEY, TX",097,Department of Defense,2100,Department of the Army,W45PVN,"W390 CAMP STANLEY, TX",,,,,X,NOT APPLICABLE,,,ELBRRRX1B1T4,022155461,K-AIR CORPORATION,K-AIR CORPORATION,,62QL9,ELBRRRX1B1T4,022155461,K-AIR CORPORATION,K-AIR CORPORATION,USA,UNITED STATES,5413 BANDERA RD STE 403,,SAN ANTONIO,48029,BEXAR,48,TX,TEXAS,782381955,TX-20,TX-20,2108885247,2103388573,USA,UNITED STATES,BOERNE,48029,BEXAR,48,TX,TEXAS,780155000,TX-23,TX-21,AWARD,D,DEFINITIVE CONTRACT,,,,,,,J,FIRM FIXED PRICE,HVAC SYSTEM REPLACEMENT AT BLDG 45,W45PVN21R0003,1,OT,OTHER FUNCTIONS,Y1AA,CONSTRUCTION OF OFFICE BUILDINGS,H,NOT BUNDLED,C2,CONSTRUCTION,238220,"PLUMBING, HEATING, AND AIR-CONDITIONING CONTRACTORS",C,NO CLAUSES INCLUDED AND NO SUSTAINABILITY INCLUDED,A,U.S. OWNED BUSINESS,000,NONE,Z,NOT IT PRODUCTS OR SERVICES,E,NOT REQUIRED,USA,UNITED STATES,C,NOT A MANUFACTURED END PRODUCT,B,PLAN NOT REQUIRED,G,NOT COMPETED UNDER SAP,SP1,SIMPLIFIED ACQUISITION,8AN,8(A) SOLE SOURCE,NONE,NO PREFERENCE USED,,,,,OTH,AUTHORIZED BY STATUTE (FAR 6.302-5(A)(2)(I)),1,D,COMMERCIAL ITEM PROCEDURES NOT USED,f,N,NO,N,NO,X,NOT APPLICABLE,N,NO,0.00,N,NO,N,NO,N,NO,Y,YES,X,NOT APPLICABLE,,,,,,,,NONE,NONE,N,NO,X,NOT APPLICABLE EXEMPT FROM CAS,N,TRANSACTION DOES NOT USE GFE/GFP,N,NO,D,NOT CONSOLIDATED,N,NO - SERVICE WHERE PBA IS NOT USED.,N,NO,Z,NOT APPLICABLE,N,NO,X,NOT APPLICABLE,f,f,f,f,f,t,t,f,f,f,f,f,t,f,t,f,f,f,f,SMALL BUSINESS,S,f,f,f,f,f,f,f,f,f,f,f,f,f,f,f,f,f,CORPORATE NOT TAX EXEMPT,t,f,f,f,f,f,f,f,f,f,f,f,f,f,f,f,f,t,f,f,f,f,f,f,f,t,f,f,t,f,f,f,f,f,f,f,f,f,f,f,f,f,f,f,t,t,f,t,f,f,,,,,,,,,,,https://www.usaspending.gov/award/CONT_AWD_W45PVN21C0004_9700_-NONE-_-NONE-/,2021-08-19 13:58:00+00
CONT_AWD_W50S6L20C0008_9700_-NONE-_-NONE-,W50S6L20C0008,,,,Q: Not Designated Nonemergency/Emergency/Disaster/Wildfire Suppression,,,,,119000.00,33230.00,119000.00,119000.00,2020-09-25,2020,2021-08-23,2021,2020-09-25,2021-09-30,2021-09-30 00:00:00,,2020-07-21,097,Department of Defense,2100,Department of the Army,W50S6L,W7MU USPFO ACTIVITY AKANG 176,097,Department of Defense,5700,Department of the Air Force,F7L3C1,F7L3C1 176 CES,057-2020/2020-3840-000,057-3840,32.0: Land and structures,0001: OPERATING FORCES,X,NOT APPLICABLE,,,ZXD1UXJ5YMQ1,,CAPITAL CONSTRUCTION LLC,CAPITAL CONSTRUCTION LLC,,82XJ5,ZXD1UXJ5YMQ1,,CAPITAL CONSTRUCTION LLC,CAPITAL CONSTRUCTION LLC,USA,UNITED STATES,1515 E TUDOR RD STE 4,,ANCHORAGE,02020,ANCHORAGE,02,AK,ALASKA,995071036,AK-00,AK-00,9073012928,9072432811,USA,UNITED STATES,ELMENDORF AFB,02020,ANCHORAGE,02,AK,ALASKA,995061101,AK-00,AK-00,AWARD,D,DEFINITIVE CONTRACT,,,,,,,J,FIRM FIXED PRICE,BASE BID FOR FXSB172538,W50S6L20B0012,1,OT,OTHER FUNCTIONS,Y1GD,CONSTRUCTION OF OPEN STORAGE FACILITIES,H,NOT BUNDLED,C2,CONSTRUCTION,236220,COMMERCIAL AND INSTITUTIONAL BUILDING CONSTRUCTION,A,FAR 52.223-4 INCLUDED,A,U.S. OWNED BUSINESS,000,NONE,Z,NOT IT PRODUCTS OR SERVICES,A,MEETS REQUIREMENTS,USA,UNITED STATES,C,NOT A MANUFACTURED END PRODUCT,B,PLAN NOT REQUIRED,D,FULL AND OPEN COMPETITION AFTER EXCLUSION OF SOURCES,SB,SEALED BID,SBA,SMALL BUSINESS SET ASIDE - TOTAL,NONE,NO PREFERENCE USED,,,,,,,5,D,COMMERCIAL ITEM PROCEDURES NOT USED,f,N,NO,N,NO,Y,YES,N,NO,0.00,N,NO,X,NOT APPLICABLE,X,NOT APPLICABLE,Y,YES,X,NOT APPLICABLE,,,,,,,,NONE,NONE,N,NO,X,NOT APPLICABLE EXEMPT FROM CAS,N,TRANSACTION DOES NOT USE GFE/GFP,U,UNKNOWN,D,NOT CONSOLIDATED,N,NO - SERVICE WHERE PBA IS NOT USED.,N,NO,C,PERCENTAGE OF COMPLETION PROGRESS PAYMENTS,N,NO,X,NOT APPLICABLE,f,f,f,f,f,f,f,f,f,f,f,f,f,f,f,f,f,f,f,SMALL BUSINESS,S,f,f,f,f,f,f,f,f,f,f,f,f,f,f,f,f,f,CORPORATE NOT TAX EXEMPT,t,f,f,f,f,f,f,f,f,f,f,f,f,f,f,f,f,t,f,f,f,f,f,f,f,f,f,f,t,f,f,f,f,f,f,f,f,f,f,f,f,f,f,f,f,t,f,f,f,f,,,,,,,,,,,https://www.usaspending.gov/award/CONT_AWD_W50S6L20C0008_9700_-NONE-_-NONE-/,2024-09-27 11:04:22+00
CONT_AWD_W50S7720C7001_9700_-NONE-_-NONE-,W50S7720C7001,,,,Q: Not Designated Nonemergency/Emergency/Disaster/Wildfire Suppression,,,,,290819.96,259751.01,290819.96,290819.96,2020-09-28,2020,2021-08-21,2021,2020-11-11,2021-10-29,2021-10-29 00:00:00,,2020-07-17,097,Department of Defense,2100,Department of the Army,W50S77,W7N2 USPFO ACTIVITY TXANG 147,097,Department of Defense,5700,Department of the Air Force,F6S3CE,147TH CES,057-2020/2020-3840-000;057-2021/2021-3840-000,057-3840,32.0: Land and structures,0001: OPERATING FORCES,X,NOT APPLICABLE,,,GMGZEQDN6AS9,,LANTERRA LLC,"LANTERRA, L.L.C.",,5ZZ28,GMGZEQDN6AS9,,LANTERRA LLC,LANTERRA  L.L.C.,USA,UNITED STATES,"10101 FONDREN ROAD, SUITE 220",,HOUSTON,48201,HARRIS,48,TX,TEXAS,770964564,TX-09,TX-07,7134602588,7137959565,USA,UNITED STATES,HOUSTON,48201,HARRIS,48,TX,TEXAS,770345582,TX-22,TX-36,AWARD,D,DEFINITIVE CONTRACT,,,,,,,J,FIRM FIXED PRICE,"BW TRAFFIC IMPROVEMENTS, AIR FIELD MARKINGS AND FIRE SUPPRESSION REPAIRS.",W50S7720R7001,1,OT,OTHER FUNCTIONS,Z2LZ,REPAIR OR ALTERATION OF PARKING FACILITIES,H,NOT BUNDLED,C2,CONSTRUCTION,237310,"HIGHWAY, STREET, AND BRIDGE CONSTRUCTION",C,NO CLAUSES INCLUDED AND NO SUSTAINABILITY INCLUDED,A,U.S. OWNED BUSINESS,000,NONE,Z,NOT IT PRODUCTS OR SERVICES,E,NOT REQUIRED,USA,UNITED STATES,C,NOT A MANUFACTURED END PRODUCT,B,PLAN NOT REQUIRED,B,NOT AVAILABLE FOR COMPETITION,SSS,ONLY ONE SOURCE,8AN,8(A) SOLE SOURCE,NONE,NO PREFERENCE USED,,,,,OTH,AUTHORIZED BY STATUTE (FAR 6.302-5(A)(2)(I)),1,D,COMMERCIAL ITEM PROCEDURES NOT USED,f,N,NO,N,NO,X,NOT APPLICABLE,N,NO,0.00,N,NO,N,NO,N,NO,Y,YES,X,NOT APPLICABLE,,,,,,,,NONE,NONE,N,NO,X,NOT APPLICABLE EXEMPT FROM CAS,N,TRANSACTION DOES NOT USE GFE/GFP,N,NO,D,NOT CONSOLIDATED,Y,YES - SERVICE WHERE PBA IS USED.,N,NO,A,FAR 52.232-16 PROGRESS PAYMENTS,N,NO,X,NOT APPLICABLE,f,f,f,f,f,f,f,f,f,f,f,f,t,f,f,f,t,f,f,SMALL BUSINESS,S,f,f,f,f,f,f,f,f,f,f,f,f,f,f,f,f,f,CORPORATE NOT TAX EXEMPT,t,f,f,f,f,f,f,f,f,f,f,f,f,f,f,f,f,t,f,f,f,f,f,f,f,f,t,f,t,f,f,f,f,f,f,f,f,f,f,f,f,f,f,f,f,t,f,t,f,f,,,,,,,,,,,https://www.usaspending.gov/award/CONT_AWD_W50S7720C7001_9700_-NONE-_-NONE-/,2024-09-27 11:04:22+00
CONT_AWD_W50S7X21C0006_9700_-NONE-_-NONE-,W50S7X21C0006,,,,Q: Not Designated Nonemergency/Emergency/Disaster/Wildfire Suppression,,,,,13725.00,0.00,13725.00,13725.00,2021-08-23,2021,2021-08-23,2021,2021-08-23,2021-10-23,2021-10-23 00:00:00,,,097,Department of Defense,2100,Department of the Army,W50S7X,W7M9 USPFO ACTIVITY KSANG 184,097,Department of Defense,5700,Department of the Air Force,F7V3CE,184 CES  F7V3CE,057-2021/2021-3840-000,057-3840,32.0: Land and structures,0001: OPERATING FORCES,X,NOT APPLICABLE,,,E9FCRKHMCJ33,031454184,"SOUTHWESTERN ELECTRICAL COMPANY, INC.","SOUTHWESTERN ELECTRICAL COMPANY, INC.",,0D3J4,E9FCRKHMCJ33,031454184,"SOUTHWESTERN ELECTRICAL COMPANY, INC.",SOUTHWESTERN ELECTRICAL COMPANY  INC.,USA,UNITED STATES,1638 E 1ST ST N,,WICHITA,20173,SEDGWICK,20,KS,KANSAS,672144161,KS-04,KS-04,3162631264,3162632665,USA,UNITED STATES,WICHITA,20173,SEDGWICK,20,KS,KANSAS,672144161,KS-04,KS-04,AWARD,D,DEFINITIVE CONTRACT,,,,,,,J,FIRM FIXED PRICE,REPALCE FIRE CONTROL PANEL AT SOMKY HILL ANGR,W50S7X21Q0026,1,OT,OTHER FUNCTIONS,Z2AA,REPAIR OR ALTERATION OF OFFICE BUILDINGS,H,NOT BUNDLED,C2,CONSTRUCTION,238210,ELECTRICAL CONTRACTORS AND OTHER WIRING INSTALLATION CONTRACTORS,C,NO CLAUSES INCLUDED AND NO SUSTAINABILITY INCLUDED,A,U.S. OWNED BUSINESS,000,NONE,Z,NOT IT PRODUCTS OR SERVICES,E,NOT REQUIRED,USA,UNITED STATES,C,NOT A MANUFACTURED END PRODUCT,B,PLAN NOT REQUIRED,F,COMPETED UNDER SAP,SP1,SIMPLIFIED ACQUISITION,SBA,SMALL BUSINESS SET ASIDE - TOTAL,NONE,NO PREFERENCE USED,,,,,,,2,D,COMMERCIAL ITEM PROCEDURES NOT USED,f,N,NO,N,NO,X,NOT APPLICABLE,N,NO,0.00,N,NO,X,NOT APPLICABLE,X,NOT APPLICABLE,Y,YES,X,NOT APPLICABLE,,,,,,,,NONE,NONE,N,NO,X,NOT APPLICABLE EXEMPT FROM CAS,N,TRANSACTION DOES NOT USE GFE/GFP,U,UNKNOWN,D,NOT CONSOLIDATED,N,NO - SERVICE WHERE PBA IS NOT USED.,N,NO,C,PERCENTAGE OF COMPLETION PROGRESS PAYMENTS,N,NO,X,NOT APPLICABLE,f,f,f,f,f,f,f,f,f,f,f,f,f,f,f,f,f,f,f,SMALL BUSINESS,S,f,f,f,f,f,f,f,f,f,f,f,f,f,f,f,f,f,CORPORATE NOT TAX EXEMPT,t,f,f,f,f,f,f,f,f,f,f,f,f,f,f,f,f,t,f,f,f,f,f,f,f,f,f,f,t,f,f,f,f,f,f,f,f,f,f,f,f,f,f,f,f,f,f,f,f,f,,,,,,,,,,,https://www.usaspending.gov/award/CONT_AWD_W50S7X21C0006_9700_-NONE-_-NONE-/,2022-01-18 12:40:00+00
CONT_AWD_W50S8320C0002_9700_-NONE-_-NONE-,W50S8320C0002,,,,Q: Not Designated Nonemergency/Emergency/Disaster/Wildfire Suppression,,,,,1185451.74,899756.54,1185451.74,1185451.74,2020-09-29,2020,2021-08-18,2021,2020-10-13,2021-10-12,2021-10-12 00:00:00,,2020-08-18,097,Department of Defense,2100,Department of the Army,W50S83,W7NC USPFO ACTIVITY MEANG 101,097,Department of Defense,5700,Department of the Air Force,F7QJCE,CIVIL ENGINEERS,097-X-4930-005,097-4930,25.4: Operation and maintenance of facilities;32.0: Land and structures,0801: REIMBURSABLE,X,NOT APPLICABLE,,,EK72P7KTKN13,,PHELAN CONSTRUCTION LLC,"PHELAN CONSTRUCTION, LLC",,8EK77,EK72P7KTKN13,,PHELAN CONSTRUCTION LLC,PHELAN CONSTRUCTION  LLC,USA,UNITED STATES,492 SUTTON ST BLDG 89,,NORTH ANDOVER,25009,ESSEX,25,MA,MASSACHUSETTS,018451505,MA-06,MA-06,9782963327,,USA,UNITED STATES,HERMON,23019,PENOBSCOT,23,ME,MAINE,044010407,ME-02,ME-02,AWARD,D,DEFINITIVE CONTRACT,,,,,,,J,FIRM FIXED PRICE,ADAL BLDG. 530 POL OPERATIONS,W50S8320B0002,1,OT,OTHER FUNCTIONS,Y1JZ,CONSTRUCTION OF MISCELLANEOUS BUILDINGS,H,NOT BUNDLED,C2,CONSTRUCTION,236220,COMMERCIAL AND INSTITUTIONAL BUILDING CONSTRUCTION,C,NO CLAUSES INCLUDED AND NO SUSTAINABILITY INCLUDED,A,U.S. OWNED BUSINESS,000,NONE,Z,NOT IT PRODUCTS OR SERVICES,E,NOT REQUIRED,USA,UNITED STATES,C,NOT A MANUFACTURED END PRODUCT,B,PLAN NOT REQUIRED,D,FULL AND OPEN COMPETITION AFTER EXCLUSION OF SOURCES,SB,SEALED BID,SBA,SMALL BUSINESS SET ASIDE - TOTAL,NONE,NO PREFERENCE USED,,,,,,,5,D,COMMERCIAL ITEM PROCEDURES NOT USED,f,N,NO,N,NO,Y,YES,N,NO,0.00,N,NO,X,NOT APPLICABLE,X,NOT APPLICABLE,Y,YES,X,NOT APPLICABLE,,,,,,,,NONE,NONE,N,NO,X,NOT APPLICABLE EXEMPT FROM CAS,N,TRANSACTION DOES NOT USE GFE/GFP,U,UNKNOWN,D,NOT CONSOLIDATED,N,NO - SERVICE WHERE PBA IS NOT USED.,N,NO,Z,NOT APPLICABLE,N,NO,X,NOT APPLICABLE,f,f,f,f,f,f,f,t,t,t,f,f,f,f,f,f,f,f,f,SMALL BUSINESS,S,f,f,f,f,f,f,f,f,f,f,f,f,f,f,f,f,f,OTHER,f,f,f,f,f,f,f,f,f,f,f,f,f,f,f,f,f,t,f,f,f,f,f,f,f,f,t,f,t,f,f,f,f,f,f,f,f,f,f,f,f,f,f,f,f,f,f,f,f,f,,,,,,,,,,,https://www.usaspending.gov/award/CONT_AWD_W50S8320C0002_9700_-NONE-_-NONE-/,2024-09-27 11:04:22+00
CONT_AWD_W50S8721C5003_9700_-NONE-_-NONE-,W50S8721C5003,,,,Q: Not Designated Nonemergency/Emergency/Disaster/Wildfire Suppression,,,,,200545.00,0.00,200545.00,200545.00,2021-08-24,2021,2021-08-24,2021,2021-08-23,2022-01-31,2022-01-31 00:00:00,,,097,Department of Defense,2100,Department of the Army,W50S87,W7NS USPFO ACTIVITY NCANG 145,097,Department of Defense,5700,Department of the Air Force,F8L3CE,CIVIL ENGINEERING`,057-2021/2021-3840-000,057-3840,32.0: Land and structures,0001: OPERATING FORCES,X,NOT APPLICABLE,,,C7J1AQRDB6N6,,"NICHOLS CUSTOM BUILDERS & DESIGN, INC.","NICHOLS CUSTOM BUILDERS & DESIGN, INC.",,6FKM4,C7J1AQRDB6N6,,"NICHOLS CUSTOM BUILDERS & DESIGN, INC.",NICHOLS CUSTOM BUILDERS & DESIGN  INC.,USA,UNITED STATES,9816 EMERALD POINT DR UNIT 9,,CHARLOTTE,37119,MECKLENBURG,37,NC,NORTH CAROLINA,282786536,NC-12,NC-14,7044006786,7042881096,USA,UNITED STATES,CHARLOTTE,37119,MECKLENBURG,37,NC,NORTH CAROLINA,282083866,NC-12,NC-12,AWARD,D,DEFINITIVE CONTRACT,,,,,,,J,FIRM FIXED PRICE,BUILDING 4 REWORK INTERIOR SPACE,W50S8721R5001,1,OT,OTHER FUNCTIONS,Z1QA,MAINTENANCE OF RESTORATION OF REAL PROPERTY (PUBLIC OR PRIVATE),H,NOT BUNDLED,C2,CONSTRUCTION,236220,COMMERCIAL AND INSTITUTIONAL BUILDING CONSTRUCTION,C,NO CLAUSES INCLUDED AND NO SUSTAINABILITY INCLUDED,A,U.S. OWNED BUSINESS,000,NONE,Z,NOT IT PRODUCTS OR SERVICES,E,NOT REQUIRED,USA,UNITED STATES,C,NOT A MANUFACTURED END PRODUCT,B,PLAN NOT REQUIRED,B,NOT AVAILABLE FOR COMPETITION,SSS,ONLY ONE SOURCE,8AN,8(A) SOLE SOURCE,NONE,NO PREFERENCE USED,,,,,OTH,AUTHORIZED BY STATUTE (FAR 6.302-5(A)(2)(I)),1,A,COMMERCIAL ITEM,f,N,NO,N,NO,Y,YES,N,NO,0.00,N,NO,N,NO,N,NO,Y,YES,X,NOT APPLICABLE,,,,,,,,NONE,NONE,N,NO,X,NOT APPLICABLE EXEMPT FROM CAS,N,TRANSACTION DOES NOT USE GFE/GFP,U,UNKNOWN,D,NOT CONSOLIDATED,Y,YES - SERVICE WHERE PBA IS USED.,N,NO,Z,NOT APPLICABLE,N,NO,X,NOT APPLICABLE,f,f,f,f,f,f,f,f,f,f,f,f,t,f,f,t,f,f,f,SMALL BUSINESS,S,f,f,f,f,f,f,f,f,f,f,f,f,f,f,f,f,f,CORPORATE NOT TAX EXEMPT,t,f,f,f,f,f,f,f,f,f,f,f,f,f,f,f,f,t,f,f,f,f,f,f,f,t,f,f,t,f,f,f,f,f,f,f,f,f,f,f,f,f,f,f,t,t,f,t,f,f,,,,,,,,,,,https://www.usaspending.gov/award/CONT_AWD_W50S8721C5003_9700_-NONE-_-NONE-/,2023-03-13 20:54:54+00
CONT_AWD_W50S8W20C0003_9700_-NONE-_-NONE-,W50S8W20C0003,,,,N: Emergency P.L. 116-136;Q: Not Designated Nonemergency/Emergency/Disaster/Wildfire Suppression,,26874.08,,,175016.89,92622.24,175016.89,175016.89,2020-05-31,2020,2021-08-19,2021,2020-06-01,2020-12-11,2020-12-11 00:00:00,,2020-04-08,097,Department of Defense,2100,Department of the Army,W50S8W,W7N9 USPFO ACTIVITY WYANG 153,097,Department of Defense,5700,Department of the Air Force,F9V0WG,153 AW WING,057-2020/2020-3840-000;057-2021/2021-3840-000,057-3840,25.2: Other services from non-Federal sources,0001: OPERATING FORCES,X,NOT APPLICABLE,,,NK86VVNMJ926,076004352,"TRIPLE A BUILDING SERVICES, INC","TRIPLE A BUILDING SERVICES, INC.",,4YRU4,NK86VVNMJ926,076004352,"TRIPLE A BUILDING SERVICES, INC",AGUIRRE  ANTHONY,USA,UNITED STATES,369 N 4TH ST,,LARAMIE,56001,ALBANY,56,WY,WYOMING,820703132,WY-00,WY-00,3074609396,3074609397,USA,UNITED STATES,GUERNSEY,56031,PLATTE,56,WY,WYOMING,822140008,WY-00,WY-00,AWARD,D,DEFINITIVE CONTRACT,,,,,,,J,FIRM FIXED PRICE,AIRFIELD OPERATIONS SERVICES,W50S8W20R0005,1,OT,OTHER FUNCTIONS,M1BD,OPERATION OF AIRPORT RUNWAYS AND TAXIWAYS,H,NOT BUNDLED,S1,SERVICES,488119,OTHER AIRPORT OPERATIONS,C,NO CLAUSES INCLUDED AND NO SUSTAINABILITY INCLUDED,A,U.S. OWNED BUSINESS,000,NONE,Z,NOT IT PRODUCTS OR SERVICES,E,NOT REQUIRED,USA,UNITED STATES,C,NOT A MANUFACTURED END PRODUCT,B,PLAN NOT REQUIRED,B,NOT AVAILABLE FOR COMPETITION,SSS,ONLY ONE SOURCE,8AN,8(A) SOLE SOURCE,NONE,NO PREFERENCE USED,,,,,OTH,AUTHORIZED BY STATUTE (FAR 6.302-5(A)(2)(I)),1,A,COMMERCIAL ITEM,f,N,NO,N,NO,Y,YES,N,NO,0.00,N,NO,X,NOT APPLICABLE,Y,YES,X,NOT APPLICABLE,X,NOT APPLICABLE,,,,,,,,NONE,NONE,N,NO,X,NOT APPLICABLE EXEMPT FROM CAS,Y,TRANSACTION USES GFE/GFP,U,UNKNOWN,D,NOT CONSOLIDATED,Y,YES - SERVICE WHERE PBA IS USED.,N,NO,Z,NOT APPLICABLE,N,NO,X,NOT APPLICABLE,f,f,f,f,f,f,f,f,f,f,f,f,t,f,f,f,t,f,f,SMALL BUSINESS,S,f,f,f,f,f,f,f,f,f,f,f,f,f,f,f,f,f,CORPORATE NOT TAX EXEMPT,t,f,f,f,f,f,f,f,f,f,f,f,f,f,f,f,f,t,f,f,f,f,f,f,f,t,f,f,t,f,f,f,f,f,f,f,f,f,f,f,f,f,f,f,t,t,f,t,t,f,,,,,,,,,,,https://www.usaspending.gov/award/CONT_AWD_W50S8W20C0003_9700_-NONE-_-NONE-/,2021-10-07 09:37:21+00
CONT_AWD_W52P1J11C0038_9700_-NONE-_-NONE-,W52P1J11C0038,,,,,,,,,270549309.35,,267160665.35,267160665.35,2011-07-28,2011,2021-08-20,2021,2011-07-28,2018-12-01,2018-12-01 12:12:00,,,097,Department of Defense,2100,Department of the Army,W52P1J,W0DA US ARMY SUSTAINMENT CMD,097,Department of Defense,2100,Department of the Army,W907EH,W6DT PEO AMMO,,,,,X,NOT APPLICABLE,,,MXB2U9UM7TL5,081227882,OLIN WINCHESTER LLC,OLIN WINCHESTER LLC,WINCHESTER AMMUNITION,83WW3,MXB2U9UM7TL5,081227882,OLIN WINCHESTER LLC,OLIN WINCHESTER LLC,USA,UNITED STATES,600 POWDER MILL RD,,EAST ALTON,17119,MADISON,17,IL,ILLINOIS,620241273,IL-12,IL-13,6182583523,,USA,UNITED STATES,EAST ALTON,17119,MADISON,17,IL,ILLINOIS,620241174,IL-12,IL-13,AWARD,D,DEFINITIVE CONTRACT,,,,,,,K,FIXED PRICE WITH ECONOMIC PRICE ADJUSTMENT,"AWARD SMALL CALIBER AMMUNITION PRODUCTION, SPECIFICALLY,  5.56MM, 7.62MM, AND CAL .50.",W52P1J10R0203,1,,,1305,"AMMUNITION, THROUGH 30MM",D,NOT A BUNDLED REQUIREMENT,A6,AMMUNITION,332992,SMALL ARMS AMMUNITION MANUFACTURING,C,NO CLAUSES INCLUDED AND NO SUSTAINABILITY INCLUDED,A,U.S. OWNED BUSINESS,000,NONE,Z,NOT IT PRODUCTS OR SERVICES,E,NOT REQUIRED,USA,UNITED STATES,D,MFG IN U.S.,C,PLAN REQUIRED - INCENTIVE NOT INCLUDED,D,FULL AND OPEN COMPETITION AFTER EXCLUSION OF SOURCES,NP,NEGOTIATED PROPOSAL/QUOTE,NONE,NO SET ASIDE USED.,NONE,NO PREFERENCE USED,,,,,MES,"MOBILIZATION, ESSENTIAL R&D (FAR 6.302-3)",2,D,COMMERCIAL ITEM PROCEDURES NOT USED,f,N,NO,N,NO,Y,YES,N,NO,0.00,N,NO,Y,YES,X,NOT APPLICABLE,X,NOT APPLICABLE,X,NOT APPLICABLE,,,,,,,,NONE,NONE,N,NO,X,NOT APPLICABLE EXEMPT FROM CAS,Y,TRANSACTION USES GFE/GFP,Y,YES,N,NO,X,NOT APPLICABLE,N,NO,A,FAR 52.232-16 PROGRESS PAYMENTS,N,NO,X,NOT APPLICABLE,f,f,f,f,f,f,f,f,f,f,f,f,f,f,f,f,f,f,f,OTHER THAN SMALL BUSINESS,O,f,f,f,f,f,f,f,f,f,f,f,f,f,f,f,f,f,CORPORATE NOT TAX EXEMPT,t,f,f,f,f,f,f,f,f,f,f,f,f,f,f,f,f,t,f,f,f,f,f,f,f,f,f,f,t,f,f,f,f,f,f,f,f,f,f,f,f,f,f,f,f,f,f,f,f,f,,,,,,,,,,,https://www.usaspending.gov/award/CONT_AWD_W52P1J11C0038_9700_-NONE-_-NONE-/,2021-08-20 11:58:15+00
CONT_AWD_W564KV16C0040_9700_-NONE-_-NONE-,W564KV16C0040,,,,,,,,,193996.52,,193996.52,193996.52,2016-04-21,2016,2021-08-19,2021,2016-04-21,2021-09-30,2021-09-30 00:00:00,,,097,Department of Defense,2100,Department of the Army,W564KV,0409 AQ HQ     CONTRACT,097,Department of Defense,2100,Department of the Army,WK4FRD,W6FH USAG ANSBACH,,,,,X,NOT APPLICABLE,6,AWARDS TO FOREIGN ENTITIES FOR WORK PERFORMED OUTSIDE THE UNITED STATES,WWFNFCV65M13,332619535,BUNDESAMT FÜR BAUWESEN UND RAUMORDNUNG,BUNDESAMT F¿R BAUWESEN UND RAUMORDNUNG,,,WWFNFCV65M13,332619535,BUNDESAMT FÜR BAUWESEN UND RAUMORDNUNG,BUNDESAMT FUER BAUWESEN UND RAUMORDNUNG,DEU,GERMANY,DEICHMANNS AUE 31-37,,BONN,,,,,,53179,,,,,DEU,GERMANY,,,,,,,,,,AWARD,D,DEFINITIVE CONTRACT,,,,,,,J,FIRM FIXED PRICE,"IGF::OT::IGF REPAIR/REPLACE CANOPIES AND PAVED AREAS AFH KATTERBACH HSG, ANSBACH",,1,OT,OTHER FUNCTIONS,Z2FA,REPAIR OR ALTERATION OF FAMILY HOUSING FACILITIES,D,NOT A BUNDLED REQUIREMENT,C2,CONSTRUCTION,238190,"OTHER FOUNDATION, STRUCTURE, AND BUILDING EXTERIOR CONTRACTORS",C,NO CLAUSES INCLUDED AND NO SUSTAINABILITY INCLUDED,O,OTHER FOREIGN ENTITY (E.G. FOREIGN GOVERNMENT),000,NONE,Z,NOT IT PRODUCTS OR SERVICES,E,NOT REQUIRED,DEU,GERMANY,C,NOT A MANUFACTURED END PRODUCT,B,PLAN NOT REQUIRED,A,FULL AND OPEN COMPETITION,NP,NEGOTIATED PROPOSAL/QUOTE,NONE,NO SET ASIDE USED.,NONE,NO PREFERENCE USED,,,,,,,3,D,COMMERCIAL ITEM PROCEDURES NOT USED,f,N,NO,N,NO,N,NO,N,NO,0.00,N,NO,X,NOT APPLICABLE,X,NOT APPLICABLE,X,NOT APPLICABLE,X,NOT APPLICABLE,,,,,,,,NONE,NONE,N,NO,X,NOT APPLICABLE EXEMPT FROM CAS,N,TRANSACTION DOES NOT USE GFE/GFP,U,UNKNOWN,N,NO,N,NO - SERVICE WHERE PBA IS NOT USED.,N,NO,Z,NOT APPLICABLE,N,NO,X,NOT APPLICABLE,f,f,f,f,f,f,f,f,f,f,f,f,f,f,f,f,f,f,f,OTHER THAN SMALL BUSINESS,O,f,f,f,f,f,f,f,f,f,f,f,f,f,f,f,f,f,,f,f,f,f,f,f,f,f,f,f,f,f,f,f,f,f,f,f,f,f,f,f,f,f,f,f,f,f,f,f,f,f,f,f,f,f,f,f,f,f,f,f,f,f,f,f,f,f,f,f,,,,,,,,,,,https://www.usaspending.gov/award/CONT_AWD_W564KV16C0040_9700_-NONE-_-NONE-/,2021-08-19 02:17:15+00
CONT_AWD_W564KV16C0049_9700_-NONE-_-NONE-,W564KV16C0049,,,,Q: Not Designated Nonemergency/Emergency/Disaster/Wildfire Suppression,,,,,834037.10,0.00,834037.10,834037.10,2016-06-08,2016,2021-08-23,2021,2016-06-08,2021-09-30,2021-09-30 00:00:00,,,097,Department of Defense,2100,Department of the Army,W564KV,0409 AQ HQ     CONTRACT,097,Department of Defense,2100,Department of the Army,W582RS,W6E9 USAG WIESBADEN,021-2016/2016-0725-000,021-0725,25.4: Operation and maintenance of facilities,OPTN: FIELD IS OPTIONAL PRIOR TO FY21,X,NOT APPLICABLE,,,M63QPLTNGLW7,551528420,"BUNDESMINISTERIUM FÜR UMWELT, NATURSCHUTZ UND REAKTORSICHERHEIT","BUNDESMINISTERIUM FUR UMWELT, NATURSCHUTZ UND REAKTORSICHERHEIT",,CL097,PSH3YJ1952P6,551528297,BUNDESMINISTERIUM FUR UMWELT  NATURSCHUTZ UND REAKTORSICHERHEIT,BUNDESMINISTERIUM FUR UMWELT  NATURSCHUTZ UND REAKTORSICHERHEIT,DEU,GERMANY,ROBERT-SCHUMAN-PLATZ 3,,BONN,,,,,NORDRHEIN-WESTFALEN,53175,,,,,DEU,GERMANY,,,,,,,,,,AWARD,D,DEFINITIVE CONTRACT,,,,,,,J,FIRM FIXED PRICE,IGF::OT::IGF REPLACE ROOFS AT AUKAMM ARMY FAMILY HOUSING,,1,OT,OTHER FUNCTIONS,Z1FA,MAINTENANCE OF FAMILY HOUSING FACILITIES,D,NOT A BUNDLED REQUIREMENT,C2,CONSTRUCTION,238160,ROOFING CONTRACTORS,C,NO CLAUSES INCLUDED AND NO SUSTAINABILITY INCLUDED,O,OTHER FOREIGN ENTITY (E.G. FOREIGN GOVERNMENT),000,NONE,Z,NOT IT PRODUCTS OR SERVICES,E,NOT REQUIRED,DEU,GERMANY,C,NOT A MANUFACTURED END PRODUCT,B,PLAN NOT REQUIRED,A,FULL AND OPEN COMPETITION,NP,NEGOTIATED PROPOSAL/QUOTE,NONE,NO SET ASIDE USED.,NONE,NO PREFERENCE USED,,,,,,,3,D,COMMERCIAL ITEM PROCEDURES NOT USED,f,N,NO,N,NO,N,NO,N,NO,0.00,N,NO,X,NOT APPLICABLE,X,NOT APPLICABLE,X,NOT APPLICABLE,X,NOT APPLICABLE,,,,,,,,NONE,NONE,N,NO,X,NOT APPLICABLE EXEMPT FROM CAS,N,TRANSACTION DOES NOT USE GFE/GFP,U,UNKNOWN,N,NO,N,NO - SERVICE WHERE PBA IS NOT USED.,N,NO,Z,NOT APPLICABLE,N,NO,X,NOT APPLICABLE,f,f,f,f,f,f,f,f,f,f,f,f,f,f,f,f,f,f,f,OTHER THAN SMALL BUSINESS,O,f,f,f,f,f,f,f,f,f,f,f,f,f,f,f,f,t,FOREIGN GOVERNMENT,f,f,f,f,f,f,f,f,f,f,f,f,f,f,f,f,f,t,f,f,f,f,f,f,f,f,f,f,f,f,f,f,f,f,f,f,f,f,f,f,f,f,f,f,f,f,f,f,f,f,,,,,,,,,,,https://www.usaspending.gov/award/CONT_AWD_W564KV16C0049_9700_-NONE-_-NONE-/,2021-08-23 08:00:32+00
CONT_AWD_W564KV16C0051_9700_-NONE-_-NONE-,W564KV16C0051,,,,Q: Not Designated Nonemergency/Emergency/Disaster/Wildfire Suppression,,,,,644439.08,0.00,644439.08,644439.08,2016-05-17,2016,2021-08-23,2021,2016-05-17,2021-09-30,2021-09-30 00:00:00,,,097,Department of Defense,2100,Department of the Army,W564KV,0409 AQ HQ     CONTRACT,097,Department of Defense,2100,Department of the Army,W582RS,W6E9 USAG WIESBADEN,021-2016/2016-0725-000,021-0725,25.4: Operation and maintenance of facilities,OPTN: FIELD IS OPTIONAL PRIOR TO FY21,X,NOT APPLICABLE,,,M63QPLTNGLW7,551528420,"BUNDESMINISTERIUM FÜR UMWELT, NATURSCHUTZ UND REAKTORSICHERHEIT","BUNDESMINISTERIUM FUR UMWELT, NATURSCHUTZ UND REAKTORSICHERHEIT",,CL097,PSH3YJ1952P6,551528297,BUNDESMINISTERIUM FUR UMWELT  NATURSCHUTZ UND REAKTORSICHERHEIT,BUNDESMINISTERIUM FUR UMWELT  NATURSCHUTZ UND REAKTORSICHERHEIT,DEU,GERMANY,ROBERT-SCHUMAN-PLATZ 3,,BONN,,,,,NORDRHEIN-WESTFALEN,53175,,,,,DEU,GERMANY,,,,,,,,,,AWARD,D,DEFINITIVE CONTRACT,,,,,,,J,FIRM FIXED PRICE,IGF::OT::IGF REPLACE ROOFS AT AUKAMM AFH,,1,OT,OTHER FUNCTIONS,Z1FA,MAINTENANCE OF FAMILY HOUSING FACILITIES,D,NOT A BUNDLED REQUIREMENT,C2,CONSTRUCTION,238160,ROOFING CONTRACTORS,C,NO CLAUSES INCLUDED AND NO SUSTAINABILITY INCLUDED,O,OTHER FOREIGN ENTITY (E.G. FOREIGN GOVERNMENT),000,NONE,Z,NOT IT PRODUCTS OR SERVICES,E,NOT REQUIRED,DEU,GERMANY,C,NOT A MANUFACTURED END PRODUCT,B,PLAN NOT REQUIRED,A,FULL AND OPEN COMPETITION,NP,NEGOTIATED PROPOSAL/QUOTE,NONE,NO SET ASIDE USED.,NONE,NO PREFERENCE USED,,,,,,,3,D,COMMERCIAL ITEM PROCEDURES NOT USED,f,N,NO,N,NO,N,NO,N,NO,0.00,N,NO,X,NOT APPLICABLE,X,NOT APPLICABLE,X,NOT APPLICABLE,X,NOT APPLICABLE,,,,,,,,NONE,NONE,N,NO,X,NOT APPLICABLE EXEMPT FROM CAS,N,TRANSACTION DOES NOT USE GFE/GFP,U,UNKNOWN,N,NO,N,NO - SERVICE WHERE PBA IS NOT USED.,N,NO,Z,NOT APPLICABLE,N,NO,X,NOT APPLICABLE,f,f,f,f,f,f,f,f,f,f,f,f,f,f,f,f,f,f,f,OTHER THAN SMALL BUSINESS,O,f,f,f,f,f,f,f,f,f,f,f,f,f,f,f,f,t,FOREIGN GOVERNMENT,f,f,f,f,f,f,f,f,f,f,f,f,f,f,f,f,f,t,f,f,f,f,f,f,f,f,f,f,f,f,f,f,f,f,f,f,f,f,f,f,f,f,f,f,f,f,f,f,f,f,,,,,,,,,,,https://www.usaspending.gov/award/CONT_AWD_W564KV16C0051_9700_-NONE-_-NONE-/,2021-08-23 07:51:17+00
CONT_AWD_W564KV16C0053_9700_-NONE-_-NONE-,W564KV16C0053,,,,Q: Not Designated Nonemergency/Emergency/Disaster/Wildfire Suppression,,,,,371020.19,0.00,371020.19,371020.19,2016-06-08,2016,2021-08-23,2021,2016-06-08,2021-09-30,2021-09-30 00:00:00,,,097,Department of Defense,2100,Department of the Army,W564KV,0409 AQ HQ     CONTRACT,097,Department of Defense,2100,Department of the Army,W582RS,W6E9 USAG WIESBADEN,021-2016/2016-0725-000,021-0725,25.4: Operation and maintenance of facilities,OPTN: FIELD IS OPTIONAL PRIOR TO FY21,X,NOT APPLICABLE,,,M63QPLTNGLW7,551528420,"BUNDESMINISTERIUM FÜR UMWELT, NATURSCHUTZ UND REAKTORSICHERHEIT","BUNDESMINISTERIUM FUR UMWELT, NATURSCHUTZ UND REAKTORSICHERHEIT",,CL097,PSH3YJ1952P6,551528297,BUNDESMINISTERIUM FUR UMWELT  NATURSCHUTZ UND REAKTORSICHERHEIT,BUNDESMINISTERIUM FUR UMWELT  NATURSCHUTZ UND REAKTORSICHERHEIT,DEU,GERMANY,ROBERT-SCHUMAN-PLATZ 3,,BONN,,,,,NORDRHEIN-WESTFALEN,53175,,,,,DEU,GERMANY,,,,,,,,,,AWARD,D,DEFINITIVE CONTRACT,,,,,,,J,FIRM FIXED PRICE,"IGF::OT::IGF REPLACE  ROOFS AT AUKAMM ARMY FAMILY HOUSING , CARIOUS BUILDINGS",,1,OT,OTHER FUNCTIONS,Z1FA,MAINTENANCE OF FAMILY HOUSING FACILITIES,D,NOT A BUNDLED REQUIREMENT,C2,CONSTRUCTION,238160,ROOFING CONTRACTORS,C,NO CLAUSES INCLUDED AND NO SUSTAINABILITY INCLUDED,O,OTHER FOREIGN ENTITY (E.G. FOREIGN GOVERNMENT),000,NONE,Z,NOT IT PRODUCTS OR SERVICES,E,NOT REQUIRED,DEU,GERMANY,C,NOT A MANUFACTURED END PRODUCT,B,PLAN NOT REQUIRED,A,FULL AND OPEN COMPETITION,NP,NEGOTIATED PROPOSAL/QUOTE,NONE,NO SET ASIDE USED.,NONE,NO PREFERENCE USED,,,,,,,3,D,COMMERCIAL ITEM PROCEDURES NOT USED,f,N,NO,N,NO,N,NO,N,NO,0.00,N,NO,X,NOT APPLICABLE,X,NOT APPLICABLE,X,NOT APPLICABLE,X,NOT APPLICABLE,,,,,,,,NONE,NONE,N,NO,X,NOT APPLICABLE EXEMPT FROM CAS,N,TRANSACTION DOES NOT USE GFE/GFP,U,UNKNOWN,N,NO,N,NO - SERVICE WHERE PBA IS NOT USED.,N,NO,Z,NOT APPLICABLE,N,NO,X,NOT APPLICABLE,f,f,f,f,f,f,f,f,f,f,f,f,f,f,f,f,f,f,f,OTHER THAN SMALL BUSINESS,O,f,f,f,f,f,f,f,f,f,f,f,f,f,f,f,f,t,FOREIGN GOVERNMENT,f,f,f,f,f,f,f,f,f,f,f,f,f,f,f,f,f,t,f,f,f,f,f,f,f,f,f,f,f,f,f,f,f,f,f,f,f,f,f,f,f,f,f,f,f,f,f,f,f,f,,,,,,,,,,,https://www.usaspending.gov/award/CONT_AWD_W564KV16C0053_9700_-NONE-_-NONE-/,2021-08-23 08:03:58+00
CONT_AWD_W564KV16C0100_9700_-NONE-_-NONE-,W564KV16C0100,,,,,,,,,374444.40,,374444.40,374444.40,2016-08-17,2016,2021-08-19,2021,2016-08-16,2021-09-30,2021-09-30 00:00:00,,,097,Department of Defense,2100,Department of the Army,W564KV,0409 AQ HQ     CONTRACT,097,Department of Defense,2100,Department of the Army,WK4FRD,W6FH USAG ANSBACH,,,,,X,NOT APPLICABLE,,,M63QPLTNGLW7,551528420,"BUNDESMINISTERIUM FÜR UMWELT, NATURSCHUTZ UND REAKTORSICHERHEIT","BUNDESMINISTERIUM FUR UMWELT, NATURSCHUTZ UND REAKTORSICHERHEIT",,CL097,PSH3YJ1952P6,551528297,BUNDESMINISTERIUM FUR UMWELT  NATURSCHUTZ UND REAKTORSICHERHEIT,BUNDESMINISTERIUM FUR UMWELT  NATURSCHUTZ UND REAKTORSICHERHEIT,DEU,GERMANY,ROBERT-SCHUMAN-PLATZ 3,,BONN,,,,,NORDRHEIN-WESTFALEN,53175,,,,,DEU,GERMANY,,,,,,,,,,AWARD,D,DEFINITIVE CONTRACT,,,,,,,J,FIRM FIXED PRICE,"IGF::OT::IGF DEMOLISH TOWERS BLDG 5511, 5738, NANT2, 8015, USAG WIDE, ANSBACH",,1,OT,OTHER FUNCTIONS,Y1JZ,CONSTRUCTION OF MISCELLANEOUS BUILDINGS,D,NOT A BUNDLED REQUIREMENT,C2,CONSTRUCTION,238190,"OTHER FOUNDATION, STRUCTURE, AND BUILDING EXTERIOR CONTRACTORS",C,NO CLAUSES INCLUDED AND NO SUSTAINABILITY INCLUDED,O,OTHER FOREIGN ENTITY (E.G. FOREIGN GOVERNMENT),000,NONE,Z,NOT IT PRODUCTS OR SERVICES,E,NOT REQUIRED,DEU,GERMANY,C,NOT A MANUFACTURED END PRODUCT,B,PLAN NOT REQUIRED,A,FULL AND OPEN COMPETITION,NP,NEGOTIATED PROPOSAL/QUOTE,NONE,NO SET ASIDE USED.,NONE,NO PREFERENCE USED,,,,,,,3,D,COMMERCIAL ITEM PROCEDURES NOT USED,f,N,NO,N,NO,N,NO,N,NO,0.00,N,NO,X,NOT APPLICABLE,X,NOT APPLICABLE,X,NOT APPLICABLE,X,NOT APPLICABLE,,,,,,,,NONE,NONE,N,NO,X,NOT APPLICABLE EXEMPT FROM CAS,N,TRANSACTION DOES NOT USE GFE/GFP,U,UNKNOWN,N,NO,N,NO - SERVICE WHERE PBA IS NOT USED.,N,NO,Z,NOT APPLICABLE,N,NO,X,NOT APPLICABLE,f,f,f,f,f,f,f,f,f,f,f,f,f,f,f,f,f,f,f,OTHER THAN SMALL BUSINESS,O,f,f,f,f,f,f,f,f,f,f,f,f,f,f,f,f,t,FOREIGN GOVERNMENT,f,f,f,f,f,f,f,f,f,f,f,f,f,f,f,f,f,t,f,f,f,f,f,f,f,f,f,f,f,f,f,f,f,f,f,f,f,f,f,f,f,f,f,f,f,f,f,f,f,f,,,,,,,,,,,https://www.usaspending.gov/award/CONT_AWD_W564KV16C0100_9700_-NONE-_-NONE-/,2021-08-19 01:38:52+00
CONT_AWD_W564KV16C0122_9700_-NONE-_-NONE-,W564KV16C0122,,,,,,,,,426590.36,,426590.36,426590.36,2016-09-12,2016,2021-08-23,2021,2016-08-31,2021-09-30,2021-09-30 00:00:00,,,097,Department of Defense,2100,Department of the Army,W564KV,0409 AQ HQ     CONTRACT,097,Department of Defense,2100,Department of the Army,W81MN5,W6E1 USAG STUTTGART,,,,,X,NOT APPLICABLE,,,M63QPLTNGLW7,551528420,"BUNDESMINISTERIUM FÜR UMWELT, NATURSCHUTZ UND REAKTORSICHERHEIT","BUNDESMINISTERIUM FUR UMWELT, NATURSCHUTZ UND REAKTORSICHERHEIT",,CL097,PSH3YJ1952P6,551528297,BUNDESMINISTERIUM FUR UMWELT  NATURSCHUTZ UND REAKTORSICHERHEIT,BUNDESMINISTERIUM FUR UMWELT  NATURSCHUTZ UND REAKTORSICHERHEIT,DEU,GERMANY,ROBERT-SCHUMAN-PLATZ 3,,BONN,,,,,NORDRHEIN-WESTFALEN,53175,,,,,DEU,GERMANY,,,,,,,,,,AWARD,D,DEFINITIVE CONTRACT,,,,,,,J,FIRM FIXED PRICE,"IGF::OT::IGF REPAIR ROOF AND EXTERIOR, BLDG. 3319",,1,OT,OTHER FUNCTIONS,Z1AA,MAINTENANCE OF OFFICE BUILDINGS,D,NOT A BUNDLED REQUIREMENT,C2,CONSTRUCTION,236118,RESIDENTIAL REMODELERS,C,NO CLAUSES INCLUDED AND NO SUSTAINABILITY INCLUDED,O,OTHER FOREIGN ENTITY (E.G. FOREIGN GOVERNMENT),000,NONE,Z,NOT IT PRODUCTS OR SERVICES,E,NOT REQUIRED,DEU,GERMANY,C,NOT A MANUFACTURED END PRODUCT,B,PLAN NOT REQUIRED,A,FULL AND OPEN COMPETITION,NP,NEGOTIATED PROPOSAL/QUOTE,NONE,NO SET ASIDE USED.,NONE,NO PREFERENCE USED,,,,,,,3,D,COMMERCIAL ITEM PROCEDURES NOT USED,f,N,NO,N,NO,N,NO,N,NO,0.00,N,NO,X,NOT APPLICABLE,X,NOT APPLICABLE,X,NOT APPLICABLE,X,NOT APPLICABLE,,,,,,,,NONE,NONE,N,NO,X,NOT APPLICABLE EXEMPT FROM CAS,N,TRANSACTION DOES NOT USE GFE/GFP,U,UNKNOWN,N,NO,N,NO - SERVICE WHERE PBA IS NOT USED.,N,NO,Z,NOT APPLICABLE,N,NO,X,NOT APPLICABLE,f,f,f,f,f,f,f,f,f,f,f,f,f,f,f,f,f,f,f,OTHER THAN SMALL BUSINESS,O,f,f,f,f,f,f,f,f,f,f,f,f,f,f,f,f,t,FOREIGN GOVERNMENT,f,f,f,f,f,f,f,f,f,f,f,f,f,f,f,f,f,t,f,f,f,f,f,f,f,f,f,f,f,f,f,f,f,f,f,f,f,f,f,f,f,f,f,f,f,f,f,f,f,f,,,,,,,,,,,https://www.usaspending.gov/award/CONT_AWD_W564KV16C0122_9700_-NONE-_-NONE-/,2021-08-23 07:57:28+00
CONT_AWD_W564KV16C0144_9700_-NONE-_-NONE-,W564KV16C0144,,,,,,,,,92636.90,,92636.90,92636.90,2016-09-23,2016,2021-08-19,2021,2016-09-23,2021-09-30,2021-09-30 00:00:00,,,097,Department of Defense,2100,Department of the Army,W564KV,0409 AQ HQ     CONTRACT,097,Department of Defense,2100,Department of the Army,W90S01,W6FM USAG BAVARIA,,,,,X,NOT APPLICABLE,,,M63QPLTNGLW7,551528420,"BUNDESMINISTERIUM FÜR UMWELT, NATURSCHUTZ UND REAKTORSICHERHEIT","BUNDESMINISTERIUM FUR UMWELT, NATURSCHUTZ UND REAKTORSICHERHEIT",,CL097,PSH3YJ1952P6,551528297,BUNDESMINISTERIUM FUR UMWELT  NATURSCHUTZ UND REAKTORSICHERHEIT,BUNDESMINISTERIUM FUR UMWELT  NATURSCHUTZ UND REAKTORSICHERHEIT,DEU,GERMANY,ROBERT-SCHUMAN-PLATZ 3,,BONN,,,,,NORDRHEIN-WESTFALEN,53175,,,,,DEU,GERMANY,,,,,,,,,,AWARD,D,DEFINITIVE CONTRACT,,,,,,,J,FIRM FIXED PRICE,"IGF::OT::IGF REPAIR SEPARATORS, PHASE IV, TOWER BARRACKS, GRAFENWOEHR",,1,OT,OTHER FUNCTIONS,Z2NZ,REPAIR OR ALTERATION OF OTHER UTILITIES,D,NOT A BUNDLED REQUIREMENT,C2,CONSTRUCTION,237130,POWER AND COMMUNICATION LINE AND RELATED STRUCTURES CONSTRUCTION,C,NO CLAUSES INCLUDED AND NO SUSTAINABILITY INCLUDED,O,OTHER FOREIGN ENTITY (E.G. FOREIGN GOVERNMENT),000,NONE,Z,NOT IT PRODUCTS OR SERVICES,E,NOT REQUIRED,DEU,GERMANY,C,NOT A MANUFACTURED END PRODUCT,B,PLAN NOT REQUIRED,A,FULL AND OPEN COMPETITION,NP,NEGOTIATED PROPOSAL/QUOTE,NONE,NO SET ASIDE USED.,NONE,NO PREFERENCE USED,,,,,,,3,D,COMMERCIAL ITEM PROCEDURES NOT USED,f,N,NO,N,NO,N,NO,N,NO,0.00,N,NO,X,NOT APPLICABLE,X,NOT APPLICABLE,X,NOT APPLICABLE,X,NOT APPLICABLE,,,,,,,,NONE,NONE,N,NO,X,NOT APPLICABLE EXEMPT FROM CAS,N,TRANSACTION DOES NOT USE GFE/GFP,U,UNKNOWN,N,NO,N,NO - SERVICE WHERE PBA IS NOT USED.,N,NO,Z,NOT APPLICABLE,N,NO,X,NOT APPLICABLE,f,f,f,f,f,f,f,f,f,f,f,f,f,f,f,f,f,f,f,OTHER THAN SMALL BUSINESS,O,f,f,f,f,f,f,f,f,f,f,f,f,f,f,f,f,t,FOREIGN GOVERNMENT,f,f,f,f,f,f,f,f,f,f,f,f,f,f,f,f,f,t,f,f,f,f,f,f,f,f,f,f,f,f,f,f,f,f,f,f,f,f,f,f,f,f,f,f,f,f,f,f,f,f,,,,,,,,,,,https://www.usaspending.gov/award/CONT_AWD_W564KV16C0144_9700_-NONE-_-NONE-/,2021-08-19 01:52:25+00
CONT_AWD_W564KV16C0153_9700_-NONE-_-NONE-,W564KV16C0153,,,,,,,,,1083010.42,,1083010.42,1083010.42,2016-09-30,2016,2021-08-19,2021,2016-09-28,2021-09-30,2021-09-30 00:00:00,,,097,Department of Defense,2100,Department of the Army,W564KV,0409 AQ HQ     CONTRACT,097,Department of Defense,2100,Department of the Army,WK4FRD,W6FH USAG ANSBACH,,,,,X,NOT APPLICABLE,,,M63QPLTNGLW7,551528420,"BUNDESMINISTERIUM FÜR UMWELT, NATURSCHUTZ UND REAKTORSICHERHEIT","BUNDESMINISTERIUM FUR UMWELT, NATURSCHUTZ UND REAKTORSICHERHEIT",,CL097,PSH3YJ1952P6,551528297,BUNDESMINISTERIUM FUR UMWELT  NATURSCHUTZ UND REAKTORSICHERHEIT,BUNDESMINISTERIUM FUR UMWELT  NATURSCHUTZ UND REAKTORSICHERHEIT,DEU,GERMANY,ROBERT-SCHUMAN-PLATZ 3,,BONN,,,,,NORDRHEIN-WESTFALEN,53175,,,,,DEU,GERMANY,,,,,,,,,,AWARD,D,DEFINITIVE CONTRACT,,,,,,,J,FIRM FIXED PRICE,"IGF::OT::IGF REPLACE WATER PIPES BLDG #5919, 5920, 5930 - 5950, 5952 - 5955, KATTERBACH HSG, ANSBACH",,1,OT,OTHER FUNCTIONS,Z2FA,REPAIR OR ALTERATION OF FAMILY HOUSING FACILITIES,D,NOT A BUNDLED REQUIREMENT,C2,CONSTRUCTION,237110,WATER AND SEWER LINE AND RELATED STRUCTURES CONSTRUCTION,C,NO CLAUSES INCLUDED AND NO SUSTAINABILITY INCLUDED,O,OTHER FOREIGN ENTITY (E.G. FOREIGN GOVERNMENT),000,NONE,Z,NOT IT PRODUCTS OR SERVICES,E,NOT REQUIRED,DEU,GERMANY,C,NOT A MANUFACTURED END PRODUCT,B,PLAN NOT REQUIRED,A,FULL AND OPEN COMPETITION,NP,NEGOTIATED PROPOSAL/QUOTE,NONE,NO SET ASIDE USED.,NONE,NO PREFERENCE USED,,,,,,,3,D,COMMERCIAL ITEM PROCEDURES NOT USED,f,N,NO,N,NO,N,NO,N,NO,0.00,N,NO,X,NOT APPLICABLE,X,NOT APPLICABLE,X,NOT APPLICABLE,X,NOT APPLICABLE,,,,,,,,NONE,NONE,N,NO,X,NOT APPLICABLE EXEMPT FROM CAS,N,TRANSACTION DOES NOT USE GFE/GFP,U,UNKNOWN,N,NO,N,NO - SERVICE WHERE PBA IS NOT USED.,N,NO,Z,NOT APPLICABLE,N,NO,X,NOT APPLICABLE,f,f,f,f,f,f,f,f,f,f,f,f,f,f,f,f,f,f,f,OTHER THAN SMALL BUSINESS,O,f,f,f,f,f,f,f,f,f,f,f,f,f,f,f,f,t,FOREIGN GOVERNMENT,f,f,f,f,f,f,f,f,f,f,f,f,f,f,f,f,f,t,f,f,f,f,f,f,f,f,f,f,f,f,f,f,f,f,f,f,f,f,f,f,f,f,f,f,f,f,f,f,f,f,,,,,,,,,,,https://www.usaspending.gov/award/CONT_AWD_W564KV16C0153_9700_-NONE-_-NONE-/,2021-08-19 01:32:55+00
CONT_AWD_W56HZV10C0113_9700_-NONE-_-NONE-,W56HZV10C0113,,,,,,,,,7179410.00,,386000.00,386000.00,2010-02-25,2010,2021-08-17,2021,2010-02-25,2012-06-30,2012-06-30 00:00:00,,,097,Department of Defense,9763,Defense Contract Management Agency,S1002A,DCMA SOUTHEAST,097,Department of Defense,2100,Department of the Army,W56HZV,W4GG HQ US ARMY TACOM,,,,,X,NOT APPLICABLE,,,PQSTC7GEV5L6,833063055,LEIDOS INC,"LEIDOS, INC.",,5UTP8,ZL41ERXMPAR3,611641312,"LEIDOS HOLDINGS, INC.","LEIDOS, INC.",USA,UNITED STATES,1750 PRESIDENTS ST,,RESTON,51059,FAIRFAX,51,VA,VIRGINIA,201905661,VA-11,VA-11,5715266000,,USA,UNITED STATES,RESTON,51059,FAIRFAX,51,VA,VIRGINIA,201905664,VA-11,VA-11,AWARD,D,DEFINITIVE CONTRACT,,,,,,,U,COST PLUS FIXED FEE,SILICON CARBINE MODULE DEVELOPMENT,,1,,,AJ33,R&D- GENERAL SCIENCE/TECHNOLOGY: ENVIRONMENTAL SCIENCES (ADVANCED DEVELOPMENT),D,NOT A BUNDLED REQUIREMENT,C9E,ALL OTHERS NOT IDENTIFIABLE TO ANY OTHER PROCUREMENT PROGRAM,541712,"RESEARCH AND DEVELOPMENT IN THE PHYSICAL, ENGINEERING, AND LIFE SCIENCES (EXCEPT BIOTECHNOLOGY)",C,NO CLAUSES INCLUDED AND NO SUSTAINABILITY INCLUDED,A,U.S. OWNED BUSINESS,000,NONE,Z,NOT IT PRODUCTS OR SERVICES,E,NOT REQUIRED,USA,UNITED STATES,C,NOT A MANUFACTURED END PRODUCT,C,PLAN REQUIRED - INCENTIVE NOT INCLUDED,A,FULL AND OPEN COMPETITION,NP,NEGOTIATED PROPOSAL/QUOTE,NONE,NO SET ASIDE USED.,NONE,NO PREFERENCE USED,,,,,,,16,D,COMMERCIAL ITEM PROCEDURES NOT USED,f,N,NO,N,NO,Y,YES,N,NO,0.00,N,NO,X,NOT APPLICABLE,X,NOT APPLICABLE,X,NOT APPLICABLE,X,NOT APPLICABLE,,,,,,,,NONE,NONE,Y,YES,Y,YES - CAS CLAUSE INCLUDED,N,TRANSACTION DOES NOT USE GFE/GFP,N,NO,N,NO,Y,YES - SERVICE WHERE PBA IS USED.,N,NO,Z,NOT APPLICABLE,N,NO,X,NOT APPLICABLE,f,f,f,f,f,f,f,f,f,f,f,f,f,f,f,f,f,f,f,OTHER THAN SMALL BUSINESS,O,f,f,f,f,f,f,f,f,f,f,f,f,f,f,f,f,f,CORPORATE NOT TAX EXEMPT,t,f,f,f,f,f,f,f,f,f,f,f,f,f,f,f,f,t,f,f,f,f,f,f,f,f,f,f,t,f,f,f,f,f,f,f,f,f,f,f,f,f,f,f,f,f,f,f,f,f,,,,,,,,,,,https://www.usaspending.gov/award/CONT_AWD_W56HZV10C0113_9700_-NONE-_-NONE-/,2021-08-18 08:29:04+00
CONT_AWD_W56HZV16CL577_9700_-NONE-_-NONE-,W56HZV16CL577,,,,,,,,,1166020.00,,1166020.00,1166020.00,2016-09-22,2016,2021-08-18,2021,2016-09-22,2018-03-30,2018-03-30 00:00:00,,,097,Department of Defense,2100,Department of the Army,W56HZV,W4GG HQ US ARMY TACOM,097,Department of Defense,2100,Department of the Army,W74R7L,W3YU CTR OF MILITARY HISTORY,,,,,X,NOT APPLICABLE,,,F5FLWFQ4FEP8,062751977,BUILDING FOUR FABRICATION LLC,BUILDING 4 FABRICATION LLC,,7MLK5,F5FLWFQ4FEP8,062751977,BUILDING FOUR FABRICATION LLC,BUILDING 4 FABRICATION LLC,USA,UNITED STATES,6020 POPLAR SPRING DR,,NORCROSS,13135,GWINNETT,13,GA,GEORGIA,300921383,GA-06,GA-04,8327231467,,USA,UNITED STATES,FORT BELVOIR,51059,FAIRFAX,51,VA,VIRGINIA,220606243,VA-08,VA-08,AWARD,D,DEFINITIVE CONTRACT,,,,,,,J,FIRM FIXED PRICE,IGF::OT::IGF  FABRICATION OF EXHIBIT COMPONENTS,W56HZV16RL130,1,OT,OTHER FUNCTIONS,Y1PB,CONSTRUCTION OF EXHIBIT DESIGN (NON-BUILDING),D,NOT A BUNDLED REQUIREMENT,S1,SERVICES,712110,MUSEUMS,C,NO CLAUSES INCLUDED AND NO SUSTAINABILITY INCLUDED,A,U.S. OWNED BUSINESS,000,NONE,Z,NOT IT PRODUCTS OR SERVICES,E,NOT REQUIRED,USA,UNITED STATES,C,NOT A MANUFACTURED END PRODUCT,B,PLAN NOT REQUIRED,F,COMPETED UNDER SAP,SP1,SIMPLIFIED ACQUISITION,SBA,SMALL BUSINESS SET ASIDE - TOTAL,NONE,NO PREFERENCE USED,,,,,,,11,A,COMMERCIAL ITEM,f,Y,YES,N,NO,Y,YES,N,NO,0.00,N,NO,N,NO,Y,YES,N,NO,X,NOT APPLICABLE,,,,,,,,NONE,NONE,N,NO,X,NOT APPLICABLE EXEMPT FROM CAS,N,TRANSACTION DOES NOT USE GFE/GFP,N,NO,N,NO,N,NO - SERVICE WHERE PBA IS NOT USED.,N,NO,Z,NOT APPLICABLE,N,NO,X,NOT APPLICABLE,f,f,f,f,f,f,f,f,f,f,f,f,f,f,f,f,f,f,f,SMALL BUSINESS,S,f,f,f,f,f,f,f,f,f,f,f,f,f,f,f,f,f,PARTNERSHIP,f,f,t,f,f,f,f,f,f,f,f,f,f,f,f,f,f,t,f,f,f,f,f,f,f,f,t,f,t,f,f,f,f,f,f,f,f,f,f,f,f,f,f,f,f,t,f,f,f,f,,,,,,,,,,,https://www.usaspending.gov/award/CONT_AWD_W56HZV16CL577_9700_-NONE-_-NONE-/,2021-08-18 20:55:23+00
CONT_AWD_W56HZV21C0063_9700_-NONE-_-NONE-,W56HZV21C0063,,,,,,,,,183091.88,,183091.88,183091.88,2020-12-16,2021,2021-08-20,2021,2020-12-16,2021-06-14,2021-06-14 12:06:00,,2020-07-29,097,Department of Defense,2100,Department of the Army,W56HZV,W4GG HQ US ARMY TACOM,097,Department of Defense,2100,Department of the Army,W56HZV,W4GG HQ US ARMY TACOM,,,,,A,FOREIGN FUNDS FMS,,,QNLWJ5NY6KY7,780119918,"BROTHERS BODY AND EQUIPMENT, LLC","BROTHERS BODY AND EQUIPMENT, LLC",,4F7L1,QNLWJ5NY6KY7,780119918,"BROTHERS BODY AND EQUIPMENT, LLC",BROTHERS BODY AND EQUIPMENT  LLC,USA,UNITED STATES,352 SOUTH ST BLDG 24,,GALION,39033,CRAWFORD,39,OH,OHIO,448332742,OH-04,OH-05,4194621975,8665696770,USA,UNITED STATES,GALION,39033,CRAWFORD,39,OH,OHIO,448332742,OH-04,OH-05,AWARD,D,DEFINITIVE CONTRACT,,,,,,,J,FIRM FIXED PRICE,TO PROCURE 4 EACH FORD RANGER PICK UP TRUCKS AND SPARES FOR THE COUNTRY OF BELIZE,W56HZV20Q0002,1,,,2355,"COMBAT, ASSAULT, AND TACTICAL VEHICLES, WHEELED",H,NOT BUNDLED,C9E,ALL OTHERS NOT IDENTIFIABLE TO ANY OTHER PROCUREMENT PROGRAM,336111,AUTOMOBILE MANUFACTURING,C,NO CLAUSES INCLUDED AND NO SUSTAINABILITY INCLUDED,A,U.S. OWNED BUSINESS,000,NONE,Z,NOT IT PRODUCTS OR SERVICES,E,NOT REQUIRED,USA,UNITED STATES,D,MFG IN U.S.,B,PLAN NOT REQUIRED,F,COMPETED UNDER SAP,SP1,SIMPLIFIED ACQUISITION,SBA,SMALL BUSINESS SET ASIDE - TOTAL,NONE,NO PREFERENCE USED,,,,,,,4,A,COMMERCIAL ITEM,f,N,NO,N,NO,Y,YES,N,NO,0.00,N,NO,X,NOT APPLICABLE,X,NOT APPLICABLE,X,NOT APPLICABLE,X,NOT APPLICABLE,,,,,,,,NONE,NONE,N,NO,X,NOT APPLICABLE EXEMPT FROM CAS,N,TRANSACTION DOES NOT USE GFE/GFP,U,UNKNOWN,D,NOT CONSOLIDATED,X,NOT APPLICABLE,N,NO,Z,NOT APPLICABLE,N,NO,X,NOT APPLICABLE,f,f,f,f,f,t,t,f,f,f,f,f,f,f,f,f,f,f,f,SMALL BUSINESS,S,f,f,f,f,f,f,f,f,f,f,f,f,f,f,f,f,f,OTHER,f,f,f,f,f,f,f,f,f,f,f,f,t,f,f,f,f,t,f,f,f,f,f,f,f,f,t,f,t,f,f,f,f,f,f,f,f,f,f,f,f,f,f,f,f,f,f,f,t,f,,,,,,,,,,,https://www.usaspending.gov/award/CONT_AWD_W56HZV21C0063_9700_-NONE-_-NONE-/,2021-08-20 07:40:58+00
CONT_AWD_W56HZV21C0117_9700_-NONE-_-NONE-,W56HZV21C0117,,,,,,,,,9982848.00,,9982848.00,9982848.00,2021-07-08,2021,2021-08-19,2021,2021-07-08,2022-10-31,2022-10-31 12:10:00,,2021-06-08,097,Department of Defense,2100,Department of the Army,W56HZV,W4GG HQ US ARMY TACOM,097,Department of Defense,2100,Department of the Army,W50U4K,W4GG HQ US ARMY TACOM,,,,,A,FOREIGN FUNDS FMS,,,MPMNQAR64RF1,078492549,MDT ARMOR CORP,MDT ARMOR CORPORATION,,3GT82,H4MJL4QXBAJ3,125511639,M D T ARMOR CORPORATION,MDT ARMOR CORPORATION,USA,UNITED STATES,308 ALABAMA ST,,AUBURN,01081,LEE,01,AL,ALABAMA,368324343,AL-03,AL-03,3345240040,3343210556,USA,UNITED STATES,AUBURN,01081,LEE,01,AL,ALABAMA,368324343,AL-03,AL-03,AWARD,D,DEFINITIVE CONTRACT,,,,,,,J,FIRM FIXED PRICE,CONTRACT W56HZV-21-C-0117 IS FOR THE PRODUCTION OF THE DAVID LIGHT ARMORED COMBAT VEHICLE FOR THE COUNTRY OF ISRAEL.  FMS CASE IS-ZYU.,W56HZV21R0147,1,,,2355,"COMBAT, ASSAULT, AND TACTICAL VEHICLES, WHEELED",H,NOT BUNDLED,C9E,ALL OTHERS NOT IDENTIFIABLE TO ANY OTHER PROCUREMENT PROGRAM,336112,LIGHT TRUCK AND UTILITY VEHICLE MANUFACTURING,C,NO CLAUSES INCLUDED AND NO SUSTAINABILITY INCLUDED,C,FOREIGN-OWNED BUSINESS INCORPORATED IN THE U.S.,000,NONE,Z,NOT IT PRODUCTS OR SERVICES,A,MEETS REQUIREMENTS,USA,UNITED STATES,D,MFG IN U.S.,B,PLAN NOT REQUIRED,B,NOT AVAILABLE FOR COMPETITION,SSS,ONLY ONE SOURCE,NONE,NO SET ASIDE USED.,NONE,NO PREFERENCE USED,,,,,IA,INTERNATIONAL AGREEMENT (FAR 6.302-4),1,A,COMMERCIAL ITEM,f,N,NO,N,NO,X,NOT APPLICABLE,N,NO,0.00,N,NO,X,NOT APPLICABLE,X,NOT APPLICABLE,X,NOT APPLICABLE,X,NOT APPLICABLE,,,,,,,,NONE,NONE,N,NO,X,NOT APPLICABLE EXEMPT FROM CAS,N,TRANSACTION DOES NOT USE GFE/GFP,U,UNKNOWN,D,NOT CONSOLIDATED,X,NOT APPLICABLE,N,NO,Z,NOT APPLICABLE,N,NO,X,NOT APPLICABLE,f,f,f,f,f,f,f,f,f,f,f,f,f,f,f,f,f,f,f,SMALL BUSINESS,S,f,f,f,f,f,f,f,f,f,f,f,f,f,f,f,f,f,CORPORATE NOT TAX EXEMPT,t,f,f,f,f,f,f,f,f,f,f,f,t,f,f,f,f,t,f,f,f,f,f,f,f,f,f,t,t,f,f,f,f,f,f,f,f,f,f,f,f,f,f,f,f,t,f,f,f,f,,,,,,,,,,,https://www.usaspending.gov/award/CONT_AWD_W56HZV21C0117_9700_-NONE-_-NONE-/,2021-08-19 12:47:53+00
CONT_AWD_W56HZV21CL014_9700_-NONE-_-NONE-,W56HZV21CL014,,,,,,,,,25310.00,,25310.00,25310.00,2021-08-19,2021,2021-08-19,2021,2021-08-19,2021-10-08,2021-10-15 00:00:00,,2021-07-27,097,Department of Defense,2100,Department of the Army,W56HZV,W4GG HQ US ARMY TACOM,097,Department of Defense,2100,Department of the Army,W80SWP,W3WC CTR FOR ARMY ANALYSIS,,,,,X,NOT APPLICABLE,,,JZKPAE2HQHM4,,TEKNIWELL INC,TEKNIWELL LLC,,88JS5,JZKPAE2HQHM4,,TEKNIWELL INC,TEKNIWELL LLC,USA,UNITED STATES,14308 KENLON LN,,ACCOKEEK,24033,PRINCE GEORGE'S,24,MD,MARYLAND,206073746,MD-05,MD-05,2024152866,,USA,UNITED STATES,FORT BELVOIR,51059,FAIRFAX,51,VA,VIRGINIA,220600001,VA-08,VA-08,AWARD,D,DEFINITIVE CONTRACT,,,,,,,J,FIRM FIXED PRICE,"BUILDING 1839 INTERIOR PAINTING, BUILDING 1839 EXTERIOR PAINTING, BUILDING 805 EXTERIOR HANDRAIL PAINTING",W56HZV21RL087,1,OT,OTHER FUNCTIONS,Z1AA,MAINTENANCE OF OFFICE BUILDINGS,H,NOT BUNDLED,C2,CONSTRUCTION,238320,PAINTING AND WALL COVERING CONTRACTORS,E,BIO-BASED,A,U.S. OWNED BUSINESS,000,NONE,Z,NOT IT PRODUCTS OR SERVICES,A,MEETS REQUIREMENTS,USA,UNITED STATES,C,NOT A MANUFACTURED END PRODUCT,B,PLAN NOT REQUIRED,F,COMPETED UNDER SAP,SP1,SIMPLIFIED ACQUISITION,SBA,SMALL BUSINESS SET ASIDE - TOTAL,NONE,NO PREFERENCE USED,,,,,,,6,D,COMMERCIAL ITEM PROCEDURES NOT USED,f,N,NO,N,NO,Y,YES,N,NO,0.00,N,NO,N,NO,N,NO,Y,YES,X,NOT APPLICABLE,,,,,,,,NONE,NONE,N,NO,X,NOT APPLICABLE EXEMPT FROM CAS,N,TRANSACTION DOES NOT USE GFE/GFP,N,NO,D,NOT CONSOLIDATED,Y,YES - SERVICE WHERE PBA IS USED.,N,NO,A,FAR 52.232-16 PROGRESS PAYMENTS,N,NO,X,NOT APPLICABLE,f,f,f,f,f,f,f,t,t,t,f,f,t,f,f,t,f,f,f,SMALL BUSINESS,S,f,f,f,f,f,f,f,f,f,f,f,f,f,f,f,f,f,PARTNERSHIP,f,f,t,f,f,f,f,f,f,f,f,f,f,f,f,f,f,t,f,f,f,f,f,f,f,f,t,f,t,f,f,f,f,f,f,f,f,f,f,f,f,f,f,f,f,t,f,f,f,f,,,,,,,,,,,https://www.usaspending.gov/award/CONT_AWD_W56HZV21CL014_9700_-NONE-_-NONE-/,2023-03-03 18:27:07+00
CONT_AWD_W56KGU18C0016_9700_-NONE-_-NONE-,W56KGU18C0016,,,,,,,,,999988.43,,999988.43,999988.43,2018-02-15,2018,2021-08-23,2021,2018-05-25,2020-09-24,2020-09-24 00:00:00,,,097,Department of Defense,9763,Defense Contract Management Agency,S0530A,DCMA SOUTHERN CALIFORNIA (CARSON),097,Department of Defense,2100,Department of the Army,W56KGU,W6QK ACC-APG,,,,,X,NOT APPLICABLE,,,DG3AB4E8R4D8,153865951,PHYSICAL OPTICS CORPORATION,PHYSICAL OPTICS CORPORATION,,0AZ36,J51ULX3CNCZ4,106760549,MERCURY SYSTEMS INC,MERCURY SYSTEMS  INC.,USA,UNITED STATES,20701 MANHATTAN PL,,TORRANCE,06037,LOS ANGELES,06,CA,CALIFORNIA,905011829,CA-43,CA-43,3103203088,3103204667,USA,UNITED STATES,TORRANCE,06037,LOS ANGELES,06,CA,CALIFORNIA,905011510,CA-43,CA-43,AWARD,D,DEFINITIVE CONTRACT,,,,,,,J,FIRM FIXED PRICE,"THE PURPOSE OF THIS CONTRACT IS TO EXECUTE THE PHASE II SBIR AWARD, FULLY FUNDING YEAR 1.",,1,OT,OTHER FUNCTIONS,AC62,R&D- DEFENSE SYSTEM: ELECTRONICS/COMMUNICATION EQUIPMENT (APPLIED RESEARCH/EXPLORATORY DEVELOPMENT),H,NOT BUNDLED,A7,ELECTRONICS AND COMMUNICATION EQUIPMENT,541715,"RESEARCH AND DEVELOPMENT IN THE PHYSICAL, ENGINEERING, AND LIFE SCIENCES (EXCEPT NANOTECHNOLOGY AND BIOTECHNOLOGY)",C,NO CLAUSES INCLUDED AND NO SUSTAINABILITY INCLUDED,A,U.S. OWNED BUSINESS,ZOP,OTHER ENVIRONMENTAL PROGRAMS,Z,NOT IT PRODUCTS OR SERVICES,E,NOT REQUIRED,USA,UNITED STATES,C,NOT A MANUFACTURED END PRODUCT,B,PLAN NOT REQUIRED,D,FULL AND OPEN COMPETITION AFTER EXCLUSION OF SOURCES,NP,NEGOTIATED PROPOSAL/QUOTE,SBA,SMALL BUSINESS SET ASIDE - TOTAL,NONE,NO PREFERENCE USED,ST2,SMALL TECHNOLOGY TRANSFER RESEARCH PROGRAM PHASE II,,,,,1,D,COMMERCIAL ITEM PROCEDURES NOT USED,f,N,NO,N,NO,X,NOT APPLICABLE,N,NO,0.00,N,NO,N,NO,N,NO,N,NO,X,NOT APPLICABLE,,,,,,,,NONE,NONE,N,NO,X,NOT APPLICABLE EXEMPT FROM CAS,N,TRANSACTION DOES NOT USE GFE/GFP,N,NO,D,NOT CONSOLIDATED,N,NO - SERVICE WHERE PBA IS NOT USED.,N,NO,Z,NOT APPLICABLE,N,NO,X,NOT APPLICABLE,f,f,f,f,f,f,f,f,f,f,f,f,f,f,f,f,f,f,f,SMALL BUSINESS,S,f,f,f,f,f,f,f,f,f,f,f,f,f,f,f,f,f,CORPORATE NOT TAX EXEMPT,t,f,f,f,f,f,f,f,f,f,f,f,f,f,f,f,f,t,f,f,f,f,f,f,f,f,f,f,t,f,f,f,f,f,f,f,f,f,f,f,f,f,f,f,f,f,f,f,f,f,J.  JANNSON,1152676.00,G.  SAVANT,667144.00,R.  SHIE,634311.00,K.  WALTER,654277.00,Y.  KIM,675029.00,https://www.usaspending.gov/award/CONT_AWD_W56KGU18C0016_9700_-NONE-_-NONE-/,2021-08-24 18:00:48+00
CONT_AWD_W58RGZ21C0027_9700_-NONE-_-NONE-,W58RGZ21C0027,,,,,,,,,116493.57,,116493.57,172452.43,2021-08-23,2021,2021-08-23,2021,2021-08-23,2022-02-21,2022-02-21 12:02:00,,,097,Department of Defense,2100,Department of the Army,W58RGZ,W6QK ACC-RSA,097,Department of Defense,2100,Department of the Army,W90BWX,W1DF CCDC AV MISSILE CENTER,,,,,X,NOT APPLICABLE,,,HXWBWPL78EQ2,968014394,RC INTEGRATED SYSTEMS LLC,RC INTEGRATED SYSTEMS LLC,,6CQM7,HXWBWPL78EQ2,968014394,RC INTEGRATED SYSTEMS LLC,RC INTEGRATED SYSTEMS,USA,UNITED STATES,20100 S WESTERN AVE SUITE A5,,TORRANCE,06037,LOS ANGELES,06,CA,CALIFORNIA,905011307,CA-43,CA-43,7603831218,7603831218,USA,UNITED STATES,REDONDO BEACH,06037,LOS ANGELES,06,CA,CALIFORNIA,902776853,CA-33,CA-36,AWARD,D,DEFINITIVE CONTRACT,,,,,,,J,FIRM FIXED PRICE,"ARMY SMALL BUSINESS INNOVATION RESEARCH (SBIR) PHASE I FOR EFFORT ENTITLED, INTELLIGENT CONDITION AWARENESS MONITORING (ICAM) SYSTEM",,1,OT,OTHER FUNCTIONS,AC32,NATIONAL DEFENSE R&D SERVICES; DEFENSE-RELATED ACTIVITIES; APPLIED RESEARCH,H,NOT BUNDLED,A2,MISSILE AND SPACE SYSTEMS,541715,"RESEARCH AND DEVELOPMENT IN THE PHYSICAL, ENGINEERING, AND LIFE SCIENCES (EXCEPT NANOTECHNOLOGY AND BIOTECHNOLOGY)",C,NO CLAUSES INCLUDED AND NO SUSTAINABILITY INCLUDED,A,U.S. OWNED BUSINESS,000,NONE,Z,NOT IT PRODUCTS OR SERVICES,E,NOT REQUIRED,USA,UNITED STATES,C,NOT A MANUFACTURED END PRODUCT,B,PLAN NOT REQUIRED,D,FULL AND OPEN COMPETITION AFTER EXCLUSION OF SOURCES,NP,NEGOTIATED PROPOSAL/QUOTE,SBA,SMALL BUSINESS SET ASIDE - TOTAL,NONE,NO PREFERENCE USED,SR1,SMALL BUSINESS INNOVATION RESEARCH PROGRAM PHASE I ACTION,,,,,14,D,COMMERCIAL ITEM PROCEDURES NOT USED,f,N,NO,N,NO,X,NOT APPLICABLE,N,NO,0.00,N,NO,X,NOT APPLICABLE,X,NOT APPLICABLE,X,NOT APPLICABLE,X,NOT APPLICABLE,,,,,,,,NONE,NONE,N,NO,X,NOT APPLICABLE EXEMPT FROM CAS,N,TRANSACTION DOES NOT USE GFE/GFP,N,NO,D,NOT CONSOLIDATED,N,NO - SERVICE WHERE PBA IS NOT USED.,N,NO,Z,NOT APPLICABLE,N,NO,X,NOT APPLICABLE,f,f,f,f,f,f,f,t,t,f,f,f,t,f,t,f,f,f,f,SMALL BUSINESS,S,f,f,f,f,f,f,f,f,f,f,f,f,f,f,f,f,f,CORPORATE NOT TAX EXEMPT,t,f,f,f,f,f,f,f,f,f,f,f,f,f,f,f,f,t,f,f,f,f,f,f,f,f,t,f,t,f,f,f,f,f,f,f,f,f,f,f,f,f,f,f,f,f,f,f,f,f,,,,,,,,,,,https://www.usaspending.gov/award/CONT_AWD_W58RGZ21C0027_9700_-NONE-_-NONE-/,2021-08-23 14:15:51+00
CONT_AWD_W81K0016C0035_9700_-NONE-_-NONE-,W81K0016C0035,,,,,,,,,716955.35,,716955.35,716955.35,2016-09-30,2016,2021-08-17,2021,2016-10-01,2021-09-30,2021-09-30 00:00:00,,,097,Department of Defense,2100,Department of the Army,W81K00,W40M MRC0 WEST,097,Department of Defense,2100,Department of the Army,W81NTE,W2DN BROOKE AMC,,,,,X,NOT APPLICABLE,,,SZZGP5HKLT28,828344502,"CHEROKEE NATION HEALTHCARE SERVICES, L.L.C.","CHEROKEE NATION HEALTHCARE SERVICES, L.L.C.",,578X2,SZZGP5HKLT28,828344502,"CHEROKEE NATION HEALTHCARE SERVICES, L.L.C.",CHEROKEE NATION HEALTHCARE SERVICES  L.L.C.,USA,UNITED STATES,RTE 3 BOX 498,,STILWELL,40001,ADAIR,40,OK,OKLAHOMA,749609555,OK-02,OK-02,2105646603,,USA,UNITED STATES,SAN ANTONIO,48029,BEXAR,48,TX,TEXAS,782346400,TX-21,TX-21,AWARD,D,DEFINITIVE CONTRACT,,,,,,,J,FIRM FIXED PRICE,IGF::OT::IGF   CREDENTIAL CLERK,W81K0016T0313,1,OT,OTHER FUNCTIONS,R699,SUPPORT- ADMINISTRATIVE: OTHER,D,NOT A BUNDLED REQUIREMENT,S1,SERVICES,561990,ALL OTHER SUPPORT SERVICES,C,NO CLAUSES INCLUDED AND NO SUSTAINABILITY INCLUDED,A,U.S. OWNED BUSINESS,000,NONE,Z,NOT IT PRODUCTS OR SERVICES,E,NOT REQUIRED,USA,UNITED STATES,C,NOT A MANUFACTURED END PRODUCT,B,PLAN NOT REQUIRED,G,NOT COMPETED UNDER SAP,SP1,SIMPLIFIED ACQUISITION,8AN,8(A) SOLE SOURCE,NONE,NO PREFERENCE USED,,,,,OTH,AUTHORIZED BY STATUTE (FAR 6.302-5(A)(2)(I)),1,A,COMMERCIAL ITEM,f,N,NO,N,NO,X,NOT APPLICABLE,N,NO,0.00,N,NO,N,NO,Y,YES,N,NO,X,NOT APPLICABLE,,,,,,,,NONE,NONE,N,NO,X,NOT APPLICABLE EXEMPT FROM CAS,N,TRANSACTION DOES NOT USE GFE/GFP,U,UNKNOWN,N,NO,Y,YES - SERVICE WHERE PBA IS USED.,N,NO,Z,NOT APPLICABLE,N,NO,X,NOT APPLICABLE,f,t,f,f,t,f,f,f,f,f,f,f,t,f,f,f,f,t,f,SMALL BUSINESS,S,f,f,f,f,f,f,f,f,f,f,f,f,f,f,f,f,f,OTHER,f,f,f,f,f,f,f,f,f,f,f,f,f,f,f,f,f,t,f,f,f,f,f,f,f,f,t,f,t,f,f,f,f,f,f,f,f,f,f,f,f,f,f,f,f,t,f,t,f,f,,,,,,,,,,,https://www.usaspending.gov/award/CONT_AWD_W81K0016C0035_9700_-NONE-_-NONE-/,2021-08-17 15:33:58+00
CONT_AWD_W81K0020C0004_9700_-NONE-_-NONE-,W81K0020C0004,,,,,,,,,3319701.67,0.00,3319701.67,3319701.67,2020-03-13,2020,2021-08-23,2021,2020-04-01,2021-03-31,2021-03-31 00:00:00,,2020-03-05,097,Department of Defense,2100,Department of the Army,W81K00,W40M MRC0 WEST,097,Department of Defense,2100,Department of the Army,W51HQT,W2P1 USA MEDDAC FORT CARSON,097-2020/2020-0130-000,097-0130,25.6: Medical care,,X,NOT APPLICABLE,,,LZ53AT1DCF44,828448253,"CHEROKEE NATION OPERATIONAL SOLUTIONS, L.L.C.","CHEROKEE NATION OPERATIONAL SOLUTIONS, L.L.C.",,57X59,LZ53AT1DCF44,828448253,"CHEROKEE NATION OPERATIONAL SOLUTIONS, L.L.C.",CHEROKEE NATION DISTRIBUTION  L.L.C.,USA,UNITED STATES,10838 E MARSHALL ST STE 220-A,,TULSA,40143,TULSA,40,OK,OKLAHOMA,741165682,OK-01,OK-01,9184303453,,USA,UNITED STATES,COLORADO SPRINGS,08041,EL PASO,08,CO,COLORADO,809132066,CO-05,CO-05,AWARD,D,DEFINITIVE CONTRACT,,,,,,,J,FIRM FIXED PRICE,ER PHYSICIAN (7 FTE),W81K0020R0010,1,OT,OTHER FUNCTIONS,Q201,MEDICAL- GENERAL HEALTH CARE,H,NOT BUNDLED,S1,SERVICES,621111,OFFICES OF PHYSICIANS (EXCEPT MENTAL HEALTH SPECIALISTS),C,NO CLAUSES INCLUDED AND NO SUSTAINABILITY INCLUDED,A,U.S. OWNED BUSINESS,000,NONE,Z,NOT IT PRODUCTS OR SERVICES,E,NOT REQUIRED,USA,UNITED STATES,C,NOT A MANUFACTURED END PRODUCT,B,PLAN NOT REQUIRED,B,NOT AVAILABLE FOR COMPETITION,SSS,ONLY ONE SOURCE,8AN,8(A) SOLE SOURCE,NONE,NO PREFERENCE USED,,,,,OTH,AUTHORIZED BY STATUTE (FAR 6.302-5(A)(2)(I)),1,A,COMMERCIAL ITEM,f,N,NO,N,NO,X,NOT APPLICABLE,N,NO,0.00,N,NO,X,NOT APPLICABLE,Y,YES,X,NOT APPLICABLE,X,NOT APPLICABLE,,,,,,,,NONE,NONE,N,NO,X,NOT APPLICABLE EXEMPT FROM CAS,N,TRANSACTION DOES NOT USE GFE/GFP,U,UNKNOWN,D,NOT CONSOLIDATED,Y,YES - SERVICE WHERE PBA IS USED.,N,NO,Z,NOT APPLICABLE,N,NO,X,NOT APPLICABLE,f,t,f,f,t,f,f,f,f,f,f,f,t,f,f,f,f,t,f,SMALL BUSINESS,S,f,f,f,f,f,f,f,f,f,f,f,f,f,f,f,f,f,CORPORATE NOT TAX EXEMPT,t,f,f,f,f,f,f,f,f,f,f,f,t,f,f,f,f,t,f,f,f,f,f,f,f,f,t,f,t,f,f,f,f,f,f,f,f,f,f,f,f,f,f,f,f,t,f,t,f,f,,,,,,,,,,,https://www.usaspending.gov/award/CONT_AWD_W81K0020C0004_9700_-NONE-_-NONE-/,2021-08-23 16:33:15+00
CONT_AWD_W81K0420C0003_9700_-NONE-_-NONE-,W81K0420C0003,,,,,,,,,5738387.10,,5738387.10,7636720.50,2020-03-27,2020,2021-08-19,2021,2020-04-01,2021-10-31,2021-10-31 00:00:00,,2020-02-26,097,Department of Defense,2100,Department of the Army,W81K04,W40M USA HCA,097,Department of Defense,2100,Department of the Army,W45RBK,W3VY USA MEDCOM,,,,,X,NOT APPLICABLE,,,VG33D4SQVLE3,,SODEXO MANAGEMENT INC.,SODEXO MANAGEMENT INC.,,1EGB9,J4DADJVSZ5C1,,SODEXO,SODEXO  INC.,USA,UNITED STATES,9801 WASHINGTONIAN BLVD,,GAITHERSBURG,24031,MONTGOMERY,24,MD,MARYLAND,208785355,MD-06,MD-06,3019874482,3019874917,USA,UNITED STATES,FORT LEONARD WOOD,29169,PULASKI,29,MO,MISSOURI,654738952,MO-04,MO-04,AWARD,D,DEFINITIVE CONTRACT,,,,,,,J,FIRM FIXED PRICE,"NUTRITION CARE SERVICES AT WEST POINT, NY FORT STEWART, GA FORT LEONARD WOOD, MO FORT RILEY, KS FORT IRWIN, CA AND PROGRAM MANAGER AT FORT SAM HOUSTON, TX.",W81K0420R0022,1,OT,OTHER FUNCTIONS,Q999,MEDICAL- OTHER,H,NOT BUNDLED,S1,SERVICES,722310,FOOD SERVICE CONTRACTORS,C,NO CLAUSES INCLUDED AND NO SUSTAINABILITY INCLUDED,D,FOREIGN-OWNED BUSINESS NOT INCORPORATED IN THE U.S.,000,NONE,Z,NOT IT PRODUCTS OR SERVICES,E,NOT REQUIRED,USA,UNITED STATES,C,NOT A MANUFACTURED END PRODUCT,F,INDIVIDUAL SUBCONTRACT PLAN,C,NOT COMPETED,SSS,ONLY ONE SOURCE,NONE,NO SET ASIDE USED.,NONE,NO PREFERENCE USED,,,,,ONE,ONLY ONE SOURCE-OTHER (FAR 6.302-1 OTHER),1,A,COMMERCIAL ITEM,f,N,NO,N,NO,Y,YES,N,NO,0.00,N,NO,N,NO,Y,YES,X,NOT APPLICABLE,X,NOT APPLICABLE,,,,,,,,NONE,NONE,N,NO,X,NOT APPLICABLE EXEMPT FROM CAS,Y,TRANSACTION USES GFE/GFP,N,NO,D,NOT CONSOLIDATED,Y,YES - SERVICE WHERE PBA IS USED.,N,NO,Z,NOT APPLICABLE,N,NO,X,NOT APPLICABLE,f,f,f,f,f,f,f,f,f,f,f,f,f,f,f,f,f,f,f,OTHER THAN SMALL BUSINESS,O,f,f,f,f,f,f,f,f,f,f,f,f,f,f,f,f,f,CORPORATE NOT TAX EXEMPT,t,f,f,f,f,f,f,f,f,f,f,f,f,f,f,f,f,t,f,f,f,f,f,f,f,f,f,f,t,f,f,f,f,f,f,f,f,f,f,f,f,f,f,f,f,f,f,f,f,f,,,,,,,,,,,https://www.usaspending.gov/award/CONT_AWD_W81K0420C0003_9700_-NONE-_-NONE-/,2023-10-02 21:00:58+00
CONT_AWD_W81XWH17C0028_9700_-NONE-_-NONE-,W81XWH17C0028,,,,Q: Not Designated Nonemergency/Emergency/Disaster/Wildfire Suppression,,,,,1881596.88,0.00,1881596.88,1881596.88,2017-01-27,2017,2021-08-18,2021,2017-01-27,2022-01-31,2022-01-31 00:00:00,,,097,Department of Defense,2100,Department of the Army,W81XWH,W4PZ USA MED RSCH ACQUIS ACT,097,Department of Defense,2100,Department of the Army,W45MW3,W03S USA INST OF SURG RSCH,097-2020/2021-0130-000,097-0130,25.5: Research and development contracts,0002: RESEARCH DEVELOPMENT TEST AND EVALUATION,X,NOT APPLICABLE,,,DHFLCHUB3JM9,169170888,VENESCO LLC,"VENESCO, LLC",,4P5R3,DHFLCHUB3JM9,169170888,VENESCO LLC,VENESCO  LLC,USA,UNITED STATES,"14801 MURDOCK ST, SUITE 125",,CHANTILLY,51059,FAIRFAX,51,VA,VIRGINIA,201511037,VA-10,VA-11,7036615019,7032663300,USA,UNITED STATES,SAN ANTONIO,48029,BEXAR,48,TX,TEXAS,782347601,TX-21,TX-21,AWARD,D,DEFINITIVE CONTRACT,,,,,,,J,FIRM FIXED PRICE,IGF::OT::IGF BASE YEAR BIOMEDICAL RESEARCH SUPPORT,W81XWH16R0078,1,OT,OTHER FUNCTIONS,AN17,R&D- MEDICAL: BIOMEDICAL (COMMERCIALIZED),D,NOT A BUNDLED REQUIREMENT,S1,SERVICES,541712,"RESEARCH AND DEVELOPMENT IN THE PHYSICAL, ENGINEERING, AND LIFE SCIENCES (EXCEPT BIOTECHNOLOGY)",C,NO CLAUSES INCLUDED AND NO SUSTAINABILITY INCLUDED,A,U.S. OWNED BUSINESS,000,NONE,Z,NOT IT PRODUCTS OR SERVICES,E,NOT REQUIRED,USA,UNITED STATES,C,NOT A MANUFACTURED END PRODUCT,B,PLAN NOT REQUIRED,B,NOT AVAILABLE FOR COMPETITION,SSS,ONLY ONE SOURCE,8AN,8(A) SOLE SOURCE,NONE,NO PREFERENCE USED,,,,,OTH,AUTHORIZED BY STATUTE (FAR 6.302-5(A)(2)(I)),1,A,COMMERCIAL ITEM,f,N,NO,N,NO,X,NOT APPLICABLE,N,NO,0.00,N,NO,N,NO,N,NO,N,NO,X,NOT APPLICABLE,,,,,,,,NONE,NONE,N,NO,N,NO - CAS WAIVER APPROVED,N,TRANSACTION DOES NOT USE GFE/GFP,U,UNKNOWN,N,NO,Y,YES - SERVICE WHERE PBA IS USED.,N,NO,Z,NOT APPLICABLE,N,NO,X,NOT APPLICABLE,f,f,f,f,f,f,f,f,f,f,f,f,t,t,f,f,f,f,f,SMALL BUSINESS,S,f,f,f,f,f,f,f,f,f,f,f,f,f,f,f,f,f,PARTNERSHIP,f,f,t,f,f,f,f,f,f,f,f,f,f,f,f,f,f,t,f,f,f,f,f,f,f,f,t,f,t,f,f,f,f,f,f,f,f,f,f,f,f,f,f,f,f,t,f,t,f,f,GEE  SINGH,355547.00,BEN  GUTHRIE,420147.00,SPENCER  HEDDEN,275779.00,PHILLIP  CHANG,197120.00,RICHARD  WONG,173345.00,https://www.usaspending.gov/award/CONT_AWD_W81XWH17C0028_9700_-NONE-_-NONE-/,2021-08-18 09:52:02+00
CONT_AWD_W81XWH17C0107_9700_-NONE-_-NONE-,W81XWH17C0107,,,,,,,,,149937.50,,149937.50,149937.50,2017-08-03,2017,2021-08-20,2021,2017-08-15,2018-03-14,2018-03-14 00:00:00,,,097,Department of Defense,2100,Department of the Army,W81XWH,W4PZ USA MED RSCH ACQUIS ACT,097,Department of Defense,2100,Department of the Army,W23RYX,W03J USA MED RES AND DEV CMD,,,,,X,NOT APPLICABLE,,,HYSAD9APAW63,032613301,INNOVISION LLC,"INNOVISION,LLC",,7UKM6,HYSAD9APAW63,032613301,INNOVISION LLC,INNOVISION LLC,USA,UNITED STATES,6250 WOODEN SHOE LN,,DAYTON,39113,MONTGOMERY,39,OH,OHIO,454591558,OH-10,OH-10,9378384102,,USA,UNITED STATES,DAYTON,39113,MONTGOMERY,39,OH,OHIO,454591558,OH-10,OH-10,AWARD,D,DEFINITIVE CONTRACT,,,,,,,J,FIRM FIXED PRICE,"IGF::CT::IGF  SBIR PHASE I AWARD DYNAMICS FOR WARFIGHTER AVATARS WITH COMPLETE ARTICULATED ANATOMY""",HQ003416RCDST,1,CT,CRITICAL FUNCTIONS,AN91,R&D- MEDICAL: OTHER (BASIC RESEARCH),H,NOT BUNDLED,S1,SERVICES,541712,"RESEARCH AND DEVELOPMENT IN THE PHYSICAL, ENGINEERING, AND LIFE SCIENCES (EXCEPT BIOTECHNOLOGY)",C,NO CLAUSES INCLUDED AND NO SUSTAINABILITY INCLUDED,A,U.S. OWNED BUSINESS,000,NONE,Z,NOT IT PRODUCTS OR SERVICES,E,NOT REQUIRED,USA,UNITED STATES,C,NOT A MANUFACTURED END PRODUCT,B,PLAN NOT REQUIRED,D,FULL AND OPEN COMPETITION AFTER EXCLUSION OF SOURCES,NP,NEGOTIATED PROPOSAL/QUOTE,SBA,SMALL BUSINESS SET ASIDE - TOTAL,NONE,NO PREFERENCE USED,,,,,,,126,D,COMMERCIAL ITEM PROCEDURES NOT USED,f,N,NO,N,NO,X,NOT APPLICABLE,N,NO,0.00,N,NO,N,NO,N,NO,N,NO,X,NOT APPLICABLE,,,,,,,S10,NONE,NONE,N,NO,X,NOT APPLICABLE EXEMPT FROM CAS,N,TRANSACTION DOES NOT USE GFE/GFP,N,NO,D,NOT CONSOLIDATED,Y,YES - SERVICE WHERE PBA IS USED.,N,NO,Z,NOT APPLICABLE,N,NO,X,NOT APPLICABLE,f,f,f,f,f,f,f,f,f,f,f,f,f,f,f,f,f,f,f,SMALL BUSINESS,S,f,f,f,f,f,f,f,f,f,f,f,f,f,f,f,f,f,CORPORATE NOT TAX EXEMPT,t,f,f,f,f,f,f,f,f,f,f,f,f,f,f,f,f,t,f,f,f,f,f,f,f,f,t,f,t,f,f,f,f,f,f,f,f,f,f,f,f,f,f,f,f,t,f,f,f,f,,,,,,,,,,,https://www.usaspending.gov/award/CONT_AWD_W81XWH17C0107_9700_-NONE-_-NONE-/,2021-08-20 13:48:00+00
CONT_AWD_W81XWH17C0112_9700_-NONE-_-NONE-,W81XWH17C0112,,,,,,,,,149837.08,,149837.08,149837.08,2017-08-10,2017,2021-08-20,2021,2017-08-15,2018-03-14,2018-03-14 00:00:00,,,097,Department of Defense,2100,Department of the Army,W81XWH,W4PZ USA MED RSCH ACQUIS ACT,097,Department of Defense,2100,Department of the Army,W23RYX,W03J USA MED RES AND DEV CMD,,,,,X,NOT APPLICABLE,,,SWJHU7YPRAU9,824978477,IFYBER LLC,"IFYBER, LLC",,57KY5,SWJHU7YPRAU9,824978477,IFYBER LLC,IFYBER  LLC,USA,UNITED STATES,2415 N TRIPHAMMER RD STE 6,,ITHACA,36109,TOMPKINS,36,NY,NEW YORK,148501094,NY-23,NY-19,6073302307,6073302319,USA,UNITED STATES,MEDFORD,25017,MIDDLESEX,25,MA,MASSACHUSETTS,021554242,MA-05,MA-05,AWARD,D,DEFINITIVE CONTRACT,,,,,,,J,FIRM FIXED PRICE,IGF::CT::IGF  SBIR PHASE I AWARD COMPRESSIVE HABILIMENT INTEGRATED TECHNOLOGY FOR CONTINUOUS HEALTH ASSESSMENT TASKS,HQ003416RCDST,1,OT,OTHER FUNCTIONS,AN91,R&D- MEDICAL: OTHER (BASIC RESEARCH),H,NOT BUNDLED,S1,SERVICES,541712,"RESEARCH AND DEVELOPMENT IN THE PHYSICAL, ENGINEERING, AND LIFE SCIENCES (EXCEPT BIOTECHNOLOGY)",C,NO CLAUSES INCLUDED AND NO SUSTAINABILITY INCLUDED,A,U.S. OWNED BUSINESS,000,NONE,Z,NOT IT PRODUCTS OR SERVICES,E,NOT REQUIRED,USA,UNITED STATES,C,NOT A MANUFACTURED END PRODUCT,B,PLAN NOT REQUIRED,D,FULL AND OPEN COMPETITION AFTER EXCLUSION OF SOURCES,NP,NEGOTIATED PROPOSAL/QUOTE,SBA,SMALL BUSINESS SET ASIDE - TOTAL,NONE,NO PREFERENCE USED,SR1,SMALL BUSINESS INNOVATION RESEARCH PROGRAM PHASE I ACTION,,,,,126,D,COMMERCIAL ITEM PROCEDURES NOT USED,f,N,NO,N,NO,X,NOT APPLICABLE,N,NO,0.00,N,NO,N,NO,N,NO,N,NO,X,NOT APPLICABLE,,,,,,,S10,NONE,NONE,N,NO,X,NOT APPLICABLE EXEMPT FROM CAS,N,TRANSACTION DOES NOT USE GFE/GFP,N,NO,D,NOT CONSOLIDATED,Y,YES - SERVICE WHERE PBA IS USED.,N,NO,Z,NOT APPLICABLE,N,NO,X,NOT APPLICABLE,f,f,f,f,f,f,f,f,f,f,f,f,f,f,f,f,f,f,f,SMALL BUSINESS,S,f,f,f,f,f,f,f,f,f,f,f,f,f,f,f,f,f,CORPORATE NOT TAX EXEMPT,t,f,f,f,f,f,f,f,f,f,f,f,f,f,f,f,f,t,f,f,f,f,f,f,f,f,t,f,t,f,f,f,f,f,f,f,f,f,f,f,f,f,f,f,f,f,f,f,f,f,,,,,,,,,,,https://www.usaspending.gov/award/CONT_AWD_W81XWH17C0112_9700_-NONE-_-NONE-/,2021-08-20 13:18:19+00
CONT_AWD_W81XWH19C0107_9700_-NONE-_-NONE-,W81XWH19C0107,,,,Q: Not Designated Nonemergency/Emergency/Disaster/Wildfire Suppression,,,,,999993.72,0.00,999993.72,999993.72,2019-08-15,2019,2021-08-17,2021,2019-08-19,2022-06-18,2022-06-18 00:00:00,,2018-10-17,097,Department of Defense,2100,Department of the Army,W81XWH,W4PZ USA MED RSCH ACQUIS ACT,097,Department of Defense,2100,Department of the Army,W23RYX,W03J USA MED RES AND DEV CMD,021-2019/2020-2040-000,021-2040,25.5: Research and development contracts,,X,NOT APPLICABLE,,,DD1BYN8SN355,115243701,"CHARLES RIVER ANALYTICS, INC.","CHARLES RIVER ANALYTICS, INC.",,9W641,DD1BYN8SN355,115243701,"CHARLES RIVER ANALYTICS, INC.",CHARLES RIVER ANALYTICS  INC.,USA,UNITED STATES,625 MOUNT AUBURN ST,,CAMBRIDGE,25017,MIDDLESEX,25,MA,MASSACHUSETTS,021384555,MA-05,MA-05,6174913474,6178680780,USA,UNITED STATES,CAMBRIDGE,25017,MIDDLESEX,25,MA,MASSACHUSETTS,021384555,MA-05,MA-05,AWARD,D,DEFINITIVE CONTRACT,,,,,,,J,FIRM FIXED PRICE,ARMY R&D MEDICAL CONTRACT SBIR PH II - A2-7606 YR 2 TITLE BODY-AWARE ROBOTIC APPLIQUE FOR COLLABORATIVE EVACUATION BRACE TOPIC NO A17-139,HQ003418RODAB,1,OT,OTHER FUNCTIONS,AN91,R&D- MEDICAL: OTHER (BASIC RESEARCH),H,NOT BUNDLED,S1,SERVICES,541715,"RESEARCH AND DEVELOPMENT IN THE PHYSICAL, ENGINEERING, AND LIFE SCIENCES (EXCEPT NANOTECHNOLOGY AND BIOTECHNOLOGY)",C,NO CLAUSES INCLUDED AND NO SUSTAINABILITY INCLUDED,A,U.S. OWNED BUSINESS,000,NONE,Z,NOT IT PRODUCTS OR SERVICES,E,NOT REQUIRED,USA,UNITED STATES,C,NOT A MANUFACTURED END PRODUCT,B,PLAN NOT REQUIRED,D,FULL AND OPEN COMPETITION AFTER EXCLUSION OF SOURCES,NP,NEGOTIATED PROPOSAL/QUOTE,SBA,SMALL BUSINESS SET ASIDE - TOTAL,NONE,NO PREFERENCE USED,SR2,SMALL BUSINESS INNOVATION RESEARCH PROGRAM PHASE II ACTION,,,,,6,D,COMMERCIAL ITEM PROCEDURES NOT USED,f,N,NO,N,NO,N,NO,N,NO,0.00,N,NO,X,NOT APPLICABLE,X,NOT APPLICABLE,X,NOT APPLICABLE,X,NOT APPLICABLE,,,,,,,,NONE,NONE,N,NO,X,NOT APPLICABLE EXEMPT FROM CAS,N,TRANSACTION DOES NOT USE GFE/GFP,U,UNKNOWN,D,NOT CONSOLIDATED,N,NO - SERVICE WHERE PBA IS NOT USED.,N,NO,Z,NOT APPLICABLE,N,NO,X,NOT APPLICABLE,f,f,f,f,f,f,f,f,f,f,f,f,f,f,f,f,f,f,f,SMALL BUSINESS,S,f,f,f,f,f,f,f,f,f,f,f,f,f,f,f,f,f,CORPORATE NOT TAX EXEMPT,t,f,f,f,f,f,f,f,f,f,f,f,f,f,f,f,f,t,f,f,f,f,f,f,f,t,f,f,t,f,f,f,f,f,f,f,f,f,f,f,f,f,f,f,f,f,f,f,f,f,DONALD S REYNOLDS,250706.00,KAREN A HARPER,321192.00,AVROM J PFEFFER,267375.00,WILLIAM S NEAL REILLY,296334.00,BRAD E ROSENBERG,245236.00,https://www.usaspending.gov/award/CONT_AWD_W81XWH19C0107_9700_-NONE-_-NONE-/,2021-08-17 14:29:46+00
CONT_AWD_W81XWH20C0036_9700_-NONE-_-NONE-,W81XWH20C0036,,,,Q: Not Designated Nonemergency/Emergency/Disaster/Wildfire Suppression,,,,,0.00,0.00,0.00,0.00,2020-03-27,2020,2021-08-20,2021,2020-08-01,2021-07-31,2025-07-31 00:00:00,,2019-09-19,097,Department of Defense,2100,Department of the Army,W81XWH,W4PZ USA MED RSCH ACQUIS ACT,097,Department of Defense,2100,Department of the Army,W91ZSQ,W03J HQ CO USA MED DEV MAT CM,097-2019/2020-0130-000,097-0130,25.5: Research and development contracts,,X,NOT APPLICABLE,,,GCJNYKYE93F6,079758727,"GOLDBELT FRONTIER, LLC","GOLDBELT FRONTIER, LLC",,7D3B6,GCJNYKYE93F6,079758727,"GOLDBELT FRONTIER, LLC",GOLDBELT FRONTIER  LLC,USA,UNITED STATES,5500 CHEROKEE AVE STE 100,,ALEXANDRIA,51059,FAIRFAX,51,VA,VIRGINIA,223122357,VA-08,VA-08,2023746434,,USA,UNITED STATES,ALEXANDRIA,51059,FAIRFAX,51,VA,VIRGINIA,223122357,VA-08,VA-08,AWARD,D,DEFINITIVE CONTRACT,,,,,,,J,FIRM FIXED PRICE,SENIOR SCIENTIFIC SUPPORT SERVICES,W81XWH19R0098,1,OT,OTHER FUNCTIONS,R408,SUPPORT- PROFESSIONAL: PROGRAM MANAGEMENT/SUPPORT,H,NOT BUNDLED,S1,SERVICES,541690,OTHER SCIENTIFIC AND TECHNICAL CONSULTING SERVICES,C,NO CLAUSES INCLUDED AND NO SUSTAINABILITY INCLUDED,A,U.S. OWNED BUSINESS,000,NONE,Z,NOT IT PRODUCTS OR SERVICES,E,NOT REQUIRED,USA,UNITED STATES,C,NOT A MANUFACTURED END PRODUCT,B,PLAN NOT REQUIRED,D,FULL AND OPEN COMPETITION AFTER EXCLUSION OF SOURCES,NP,NEGOTIATED PROPOSAL/QUOTE,SBA,SMALL BUSINESS SET ASIDE - TOTAL,NONE,NO PREFERENCE USED,,,,,,,11,A,COMMERCIAL ITEM,f,N,NO,N,NO,X,NOT APPLICABLE,N,NO,0.00,N,NO,N,NO,N,NO,N,NO,X,NOT APPLICABLE,,,,,,,,NONE,NONE,N,NO,X,NOT APPLICABLE EXEMPT FROM CAS,N,TRANSACTION DOES NOT USE GFE/GFP,N,NO,D,NOT CONSOLIDATED,Y,YES - SERVICE WHERE PBA IS USED.,N,NO,Z,NOT APPLICABLE,N,NO,X,NOT APPLICABLE,t,f,f,f,f,f,f,f,f,f,f,f,t,f,f,f,f,t,f,SMALL BUSINESS,S,f,f,f,f,f,f,f,f,f,f,f,f,f,f,f,f,f,CORPORATE NOT TAX EXEMPT,t,f,f,f,f,f,f,f,f,f,f,f,f,f,f,f,f,t,f,f,f,f,f,f,f,f,t,f,t,f,f,f,f,f,f,f,f,f,f,f,f,f,f,f,f,t,f,t,f,f,,,,,,,,,,,https://www.usaspending.gov/award/CONT_AWD_W81XWH20C0036_9700_-NONE-_-NONE-/,2021-08-20 11:17:28+00
CONT_AWD_W90BRJ21C0003_9700_-NONE-_-NONE-,W90BRJ21C0003,,,,,,,,,572518.76,,572518.76,572518.76,2021-04-08,2021,2021-08-23,2021,2021-04-08,2022-03-10,2022-03-10 00:00:00,,2021-04-05,097,Department of Defense,2100,Department of the Army,W90BRJ,W3ZL OFC PM SANG MOD PROG,097,Department of Defense,2100,Department of the Army,W90BRJ,W3ZL OFC PM SANG MOD PROG,,,,,A,FOREIGN FUNDS FMS,,,HWCBKCG2DGK7,,TAMIMI GLOBAL CO LTD.,TAMIMI GLOBAL CO LTD.,,SJ488,HWCBKCG2DGK7,,TAMIMI GLOBAL CO LTD.,TAMIMI GLOBAL CO LTD.,SAU,SAUDI ARABIA,1ST INDUSTRIAL CITY,,DAMMAM,,,,,,31411,,,2818131959,,SAU,SAUDI ARABIA,,,,,,,,,,AWARD,D,DEFINITIVE CONTRACT,,,,,,,J,FIRM FIXED PRICE,ESKAN DFAC MANPOWER,W90BRJ21Q0005,1,OT,OTHER FUNCTIONS,S203,HOUSEKEEPING- FOOD,H,NOT BUNDLED,S1,SERVICES,722310,FOOD SERVICE CONTRACTORS,C,NO CLAUSES INCLUDED AND NO SUSTAINABILITY INCLUDED,D,FOREIGN-OWNED BUSINESS NOT INCORPORATED IN THE U.S.,000,NONE,Z,NOT IT PRODUCTS OR SERVICES,E,NOT REQUIRED,SAU,SAUDI ARABIA,C,NOT A MANUFACTURED END PRODUCT,B,PLAN NOT REQUIRED,G,NOT COMPETED UNDER SAP,SP1,SIMPLIFIED ACQUISITION,NONE,NO SET ASIDE USED.,NONE,NO PREFERENCE USED,,,,,SP2,SAP NON-COMPETITION (FAR 13),1,A,COMMERCIAL ITEM,f,Y,YES,N,NO,X,NOT APPLICABLE,N,NO,0.00,N,NO,X,NOT APPLICABLE,X,NOT APPLICABLE,X,NOT APPLICABLE,X,NOT APPLICABLE,,,,,,,,NONE,NONE,N,NO,X,NOT APPLICABLE EXEMPT FROM CAS,N,TRANSACTION DOES NOT USE GFE/GFP,U,UNKNOWN,D,NOT CONSOLIDATED,Y,YES - SERVICE WHERE PBA IS USED.,N,NO,Z,NOT APPLICABLE,N,NO,X,NOT APPLICABLE,f,f,f,f,f,f,f,f,f,f,f,f,f,f,f,f,f,f,f,OTHER THAN SMALL BUSINESS,O,f,f,f,f,f,f,f,f,f,f,f,f,f,f,f,f,f,CORPORATE TAX EXEMPT,f,t,f,f,f,f,f,f,f,f,f,f,f,f,f,f,f,t,f,f,f,f,f,f,f,f,t,f,t,f,f,f,f,f,f,f,f,f,f,f,f,f,f,f,f,f,f,f,f,f,,,,,,,,,,,https://www.usaspending.gov/award/CONT_AWD_W90BRJ21C0003_9700_-NONE-_-NONE-/,2023-03-28 16:02:48+00
CONT_AWD_W90VN721C0011_9700_-NONE-_-NONE-,W90VN721C0011,,,,Q: Not Designated Nonemergency/Emergency/Disaster/Wildfire Suppression,,,,,151114.13,0.00,151114.13,151114.13,2021-08-17,2021,2021-08-17,2021,2021-08-20,2022-06-13,2022-06-13 00:00:00,,,097,Department of Defense,2100,Department of the Army,W90VN7,0906 AQ CO     DET B CONTRACTI,097,Department of Defense,5700,Department of the Air Force,F2L3SF,8 SFS SFTRA,057-2021/2021-3400-000,057-3400,25.4: Operation and maintenance of facilities,0001: OPERATING FORCES,X,NOT APPLICABLE,,,YKK2DKFQANS3,,KWM INDUSTRIES INC,KWM INDUSTRIES INC.,,1K10F,YKK2DKFQANS3,,KWM INDUSTRIES INC,KWM INDUSTRIES INC.,KOR,"KOREA, SOUTH","61 GODEOKBUK-RO, GODEOK-MYEON",,PYEONGTAEK,,,,,GYEONGGI,17789,,,,,KOR,"KOREA, SOUTH",,,,,,,,,,AWARD,D,DEFINITIVE CONTRACT,,,,,,,J,FIRM FIXED PRICE,CCTV/IDS NORTH GATE,,1,OT,OTHER FUNCTIONS,N063,"INSTALLATION OF EQUIPMENT- ALARM, SIGNAL, AND SECURITY DETECTION SYSTEMS",H,NOT BUNDLED,S1,SERVICES,238210,ELECTRICAL CONTRACTORS AND OTHER WIRING INSTALLATION CONTRACTORS,C,NO CLAUSES INCLUDED AND NO SUSTAINABILITY INCLUDED,D,FOREIGN-OWNED BUSINESS NOT INCORPORATED IN THE U.S.,000,NONE,Z,NOT IT PRODUCTS OR SERVICES,E,NOT REQUIRED,KOR,"KOREA, SOUTH",C,NOT A MANUFACTURED END PRODUCT,B,PLAN NOT REQUIRED,F,COMPETED UNDER SAP,SP1,SIMPLIFIED ACQUISITION,NONE,NO SET ASIDE USED.,NONE,NO PREFERENCE USED,,,,,,,1,A,COMMERCIAL ITEM,f,N,NO,N,NO,X,NOT APPLICABLE,N,NO,0.00,N,NO,X,NOT APPLICABLE,X,NOT APPLICABLE,X,NOT APPLICABLE,X,NOT APPLICABLE,,,,,,,,NONE,NONE,N,NO,X,NOT APPLICABLE EXEMPT FROM CAS,N,TRANSACTION DOES NOT USE GFE/GFP,U,UNKNOWN,D,NOT CONSOLIDATED,Y,YES - SERVICE WHERE PBA IS USED.,N,NO,Z,NOT APPLICABLE,N,NO,X,NOT APPLICABLE,f,f,f,f,f,f,f,f,f,f,f,f,f,f,f,f,f,f,f,OTHER THAN SMALL BUSINESS,O,f,f,f,f,f,f,f,f,f,f,f,f,f,f,f,f,f,CORPORATE NOT TAX EXEMPT,t,f,f,f,f,f,f,f,f,f,f,f,f,f,f,f,f,t,f,f,f,f,f,f,f,f,f,f,t,f,f,f,f,f,f,f,f,f,f,f,f,f,f,f,f,f,f,f,f,f,,,,,,,,,,,https://www.usaspending.gov/award/CONT_AWD_W90VN721C0011_9700_-NONE-_-NONE-/,2023-03-13 20:54:52+00
CONT_AWD_W9113M14C0030_9700_-NONE-_-NONE-,W9113M14C0030,,,,,,,,,3382891.19,,3386631.14,3386631.14,2014-08-05,2014,2021-08-18,2021,2014-07-09,2015-01-08,2016-08-08 00:00:00,,,097,Department of Defense,2100,Department of the Army,W9113M,W6QK ACC-RSA,097,Department of Defense,2100,Department of the Army,W31RPD,W4T8 USASMDC HUNTSVILLE,,,,,X,NOT APPLICABLE,,,G4GEPYU4AJ23,,MILTEC CORPORATION,MILTEC CORPORATION,,09KZ5,YX6EL4J1WLP9,,GENERAL ATOMICS,MILTEC CORPORATION,USA,UNITED STATES,678 DISCOVERY DR,,HUNTSVILLE,01089,MADISON,01,AL,ALABAMA,358062802,AL-05,AL-05,2564281215,2564281465,USA,UNITED STATES,HUNTSVILLE,01089,MADISON,01,AL,ALABAMA,358062802,AL-05,AL-05,AWARD,D,DEFINITIVE CONTRACT,,,,,,,U,COST PLUS FIXED FEE,SGS COMPLETION RISK REDUCTION (UNFUNDED),,1,OT,OTHER FUNCTIONS,AC23,NATIONAL DEFENSE R&D SERVICES; ATOMIC ENERGY DEFENSE ACTIVITIES; EXPERIMENTAL DEVELOPMENT,D,NOT A BUNDLED REQUIREMENT,A2,MISSILE AND SPACE SYSTEMS,541712,"RESEARCH AND DEVELOPMENT IN THE PHYSICAL, ENGINEERING, AND LIFE SCIENCES (EXCEPT BIOTECHNOLOGY)",C,NO CLAUSES INCLUDED AND NO SUSTAINABILITY INCLUDED,A,U.S. OWNED BUSINESS,000,NONE,Z,NOT IT PRODUCTS OR SERVICES,E,NOT REQUIRED,USA,UNITED STATES,C,NOT A MANUFACTURED END PRODUCT,C,PLAN REQUIRED - INCENTIVE NOT INCLUDED,C,NOT COMPETED,SSS,ONLY ONE SOURCE,NONE,NO SET ASIDE USED.,NONE,NO PREFERENCE USED,,,,,ONE,ONLY ONE SOURCE-OTHER (FAR 6.302-1 OTHER),1,D,COMMERCIAL ITEM PROCEDURES NOT USED,f,N,NO,N,NO,Y,YES,N,NO,0.00,N,NO,N,NO,N,NO,N,NO,X,NOT APPLICABLE,,,,,,,,NONE,NONE,N,NO,Y,YES - CAS CLAUSE INCLUDED,N,TRANSACTION DOES NOT USE GFE/GFP,N,NO,N,NO,Y,YES - SERVICE WHERE PBA IS USED.,N,NO,Z,NOT APPLICABLE,N,NO,X,NOT APPLICABLE,f,f,f,f,f,f,f,f,f,f,f,f,f,f,f,f,f,f,f,OTHER THAN SMALL BUSINESS,O,f,f,f,f,f,f,f,f,f,f,f,f,f,f,f,f,f,CORPORATE NOT TAX EXEMPT,t,f,f,f,f,f,f,f,f,f,f,f,f,f,f,f,f,t,f,f,f,f,f,f,f,f,f,f,t,f,f,f,f,f,f,f,f,f,f,f,f,f,f,f,f,f,f,f,f,f,,,,,,,,,,,https://www.usaspending.gov/award/CONT_AWD_W9113M14C0030_9700_-NONE-_-NONE-/,2025-12-31 09:44:17+00
CONT_AWD_W9113M19C0075_9700_-NONE-_-NONE-,W9113M19C0075,,,,N: Emergency P.L. 116-136,0,500654.71,,,999998.41,0.00,999998.41,999998.41,2019-08-30,2019,2021-08-18,2021,2019-08-30,2022-06-29,2022-06-29 00:00:00,,2015-04-24,097,Department of Defense,2100,Department of the Army,W9113M,W6QK ACC-RSA,097,Department of Defense,2100,Department of the Army,W31RPD,W4T8 USASMDC HUNTSVILLE,021-2018/2019-2040-000;021-2020/2021-2040-000,021-2040,25.5: Research and development contracts,OPTN: FIELD IS OPTIONAL PRIOR TO FY21,X,NOT APPLICABLE,,,GKJZWMKKWWX4,,MATERIALS SCIENCES LLC,MATERIALS SCIENCES LLC,,5E807,WXRTZLL25AE5,,"SEEMANN COMPOSITES, LLC",MATERIALS SCIENCES LLC,USA,UNITED STATES,135 ROCK RD,,HORSHAM,42091,MONTGOMERY,42,PA,PENNSYLVANIA,190442310,PA-07,PA-04,2155428400,2155428401,USA,UNITED STATES,HORSHAM,42091,MONTGOMERY,42,PA,PENNSYLVANIA,190442310,PA-04,PA-04,AWARD,D,DEFINITIVE CONTRACT,,,,,,,B,FIXED PRICE LEVEL OF EFFORT,LOW THERMAL CONDUCTIVITY FIBER FOR SOLID NOZZLE INSULATION.  SR2 PHASE II LABOR,,1,OT,OTHER FUNCTIONS,AC23,NATIONAL DEFENSE R&D SERVICES; ATOMIC ENERGY DEFENSE ACTIVITIES; EXPERIMENTAL DEVELOPMENT,H,NOT BUNDLED,S1,SERVICES,541715,"RESEARCH AND DEVELOPMENT IN THE PHYSICAL, ENGINEERING, AND LIFE SCIENCES (EXCEPT NANOTECHNOLOGY AND BIOTECHNOLOGY)",C,NO CLAUSES INCLUDED AND NO SUSTAINABILITY INCLUDED,A,U.S. OWNED BUSINESS,000,NONE,Z,NOT IT PRODUCTS OR SERVICES,E,NOT REQUIRED,USA,UNITED STATES,C,NOT A MANUFACTURED END PRODUCT,B,PLAN NOT REQUIRED,D,FULL AND OPEN COMPETITION AFTER EXCLUSION OF SOURCES,BR,BASIC RESEARCH,SBA,SMALL BUSINESS SET ASIDE - TOTAL,NONE,NO PREFERENCE USED,,,,,,,1,D,COMMERCIAL ITEM PROCEDURES NOT USED,f,N,NO,N,NO,X,NOT APPLICABLE,N,NO,0.00,N,NO,Y,YES,Y,YES,N,NO,X,NOT APPLICABLE,,,,,,,,NONE,NONE,N,NO,X,NOT APPLICABLE EXEMPT FROM CAS,N,TRANSACTION DOES NOT USE GFE/GFP,U,UNKNOWN,D,NOT CONSOLIDATED,N,NO - SERVICE WHERE PBA IS NOT USED.,N,NO,C,PERCENTAGE OF COMPLETION PROGRESS PAYMENTS,N,NO,X,NOT APPLICABLE,f,f,f,f,f,f,f,f,f,f,f,f,f,f,f,f,f,f,f,SMALL BUSINESS,S,f,f,f,f,f,f,f,f,f,f,f,f,f,f,f,f,f,PARTNERSHIP,f,f,t,f,f,f,f,f,f,f,f,f,f,f,f,f,f,t,f,f,f,f,f,f,f,f,t,f,t,f,f,f,f,f,f,f,f,f,f,f,f,f,f,f,f,f,f,f,f,f,,,,,,,,,,,https://www.usaspending.gov/award/CONT_AWD_W9113M19C0075_9700_-NONE-_-NONE-/,2025-12-31 09:44:17+00
CONT_AWD_W9113M20C0073_9700_-NONE-_-NONE-,W9113M20C0073,,,,Q: Not Designated Nonemergency/Emergency/Disaster/Wildfire Suppression,,,,,1049898.79,0.00,1049898.79,1049898.79,2020-08-19,2020,2021-08-19,2021,2020-08-19,2022-08-18,2022-08-18 00:00:00,,2018-04-20,097,Department of Defense,2100,Department of the Army,W9113M,W6QK ACC-RSA,097,Department of Defense,2100,Department of the Army,W31RPD,W4T8 USASMDC HUNTSVILLE,021-2019/2020-2040-000,021-2040,25.5: Research and development contracts,OPTN: FIELD IS OPTIONAL PRIOR TO FY21,X,NOT APPLICABLE,,,UL5LZFWEL515,,INGENIA SERVICES INC,"INGENIA SERVICES, INC.",,6PLA5,UL5LZFWEL515,,INGENIA SERVICES INC,INGENIA SERVICES  INC.,USA,UNITED STATES,3206 HERITAGE TRADE DRIVE #104,,WAKE FOREST,37183,WAKE,37,NC,NORTH CAROLINA,275874487,NC-02,NC-02,9196309844,,USA,UNITED STATES,WAKE FOREST,37183,WAKE,37,NC,NORTH CAROLINA,275874487,NC-04,NC-02,AWARD,D,DEFINITIVE CONTRACT,,,,,,,B,FIXED PRICE LEVEL OF EFFORT,SR2 COMMON TRACK PROTOCOL ADAPTIVE TRANSLATOR MODULE.,,1,OT,OTHER FUNCTIONS,AC21,NATIONAL DEFENSE R&D SERVICES; ATOMIC ENERGY DEFENSE ACTIVITIES; BASIC RESEARCH,H,NOT BUNDLED,A2,MISSILE AND SPACE SYSTEMS,541715,"RESEARCH AND DEVELOPMENT IN THE PHYSICAL, ENGINEERING, AND LIFE SCIENCES (EXCEPT NANOTECHNOLOGY AND BIOTECHNOLOGY)",C,NO CLAUSES INCLUDED AND NO SUSTAINABILITY INCLUDED,A,U.S. OWNED BUSINESS,000,NONE,Z,NOT IT PRODUCTS OR SERVICES,E,NOT REQUIRED,USA,UNITED STATES,C,NOT A MANUFACTURED END PRODUCT,B,PLAN NOT REQUIRED,D,FULL AND OPEN COMPETITION AFTER EXCLUSION OF SOURCES,NP,NEGOTIATED PROPOSAL/QUOTE,SBA,SMALL BUSINESS SET ASIDE - TOTAL,NONE,NO PREFERENCE USED,,,,,,,1,D,COMMERCIAL ITEM PROCEDURES NOT USED,f,N,NO,N,NO,X,NOT APPLICABLE,N,NO,0.00,N,NO,N,NO,Y,YES,N,NO,X,NOT APPLICABLE,,,,,,,,NONE,NONE,N,NO,X,NOT APPLICABLE EXEMPT FROM CAS,N,TRANSACTION DOES NOT USE GFE/GFP,U,UNKNOWN,D,NOT CONSOLIDATED,Y,YES - SERVICE WHERE PBA IS USED.,N,NO,C,PERCENTAGE OF COMPLETION PROGRESS PAYMENTS,N,NO,X,NOT APPLICABLE,f,f,f,f,f,f,f,f,f,f,f,f,f,f,f,f,f,f,f,SMALL BUSINESS,S,f,f,f,f,f,f,f,f,f,f,f,f,f,f,f,f,f,CORPORATE NOT TAX EXEMPT,t,f,f,f,f,f,f,f,f,f,f,f,f,f,f,f,f,t,f,f,f,f,f,f,f,t,f,f,t,f,f,f,f,f,f,f,f,f,f,f,f,f,f,f,f,f,f,f,f,f,,,,,,,,,,,https://www.usaspending.gov/award/CONT_AWD_W9113M20C0073_9700_-NONE-_-NONE-/,2025-12-31 09:44:17+00
CONT_AWD_W9115116C0005_9700_-NONE-_-NONE-,W9115116C0005,,,,N: Emergency P.L. 116-136;Q: Not Designated Nonemergency/Emergency/Disaster/Wildfire Suppression,0,981330.29,,,18022319.85,0.00,18612871.23,18612871.23,2016-07-06,2016,2021-08-24,2021,2016-07-01,2021-06-30,2021-06-30 00:00:00,,,097,Department of Defense,2100,Department of the Army,W91151,W6QM MICC-FDO FT HOOD,097,Department of Defense,2100,Department of the Army,W56XPS,W6YR USALRCTR FT HOOD,021-2017/2017-2020-000;021-2018/2018-2020-000;021-2019/2019-2020-000;021-2020/2020-2020-000;021-2021/2021-2020-000,021-2020,25.4: Operation and maintenance of facilities,0001: OPERATING FORCES;OPTN: FIELD IS OPTIONAL PRIOR TO FY21,X,NOT APPLICABLE,,,M1TCVLSF65Z9,791780778,SKOOKUM EDUCATIONAL PROGRAMS,SKOOKUM EDUCATIONAL PROGRAMS,,1CQA5,M1TCVLSF65Z9,791780778,SKOOKUM EDUCATIONAL PROGRAMS,SKOOKUM EDUCATIONAL PROGRAMS INC,USA,UNITED STATES,4525 AUTO CENTER WAY,,BREMERTON,53035,KITSAP,53,WA,WASHINGTON,983124021,WA-06,WA-06,3604750756,3604750756,USA,UNITED STATES,FORT HOOD,48027,BELL,48,TX,TEXAS,765445027,TX-31,TX-31,AWARD,D,DEFINITIVE CONTRACT,,,,,,,J,FIRM FIXED PRICE,IGF::OT::IGF CIF OPERATIONS,W9115115R0035,1,OT,OTHER FUNCTIONS,J010,MAINT/REPAIR/REBUILD OF EQUIPMENT- WEAPONS,D,NOT A BUNDLED REQUIREMENT,S1,SERVICES,561210,FACILITIES SUPPORT SERVICES,C,NO CLAUSES INCLUDED AND NO SUSTAINABILITY INCLUDED,A,U.S. OWNED BUSINESS,000,NONE,Z,NOT IT PRODUCTS OR SERVICES,E,NOT REQUIRED,USA,UNITED STATES,C,NOT A MANUFACTURED END PRODUCT,G,COMMERCIAL SUBCONTRACT PLAN,B,NOT AVAILABLE FOR COMPETITION,SSS,ONLY ONE SOURCE,NONE,NO SET ASIDE USED.,NONE,NO PREFERENCE USED,,,,,OTH,AUTHORIZED BY STATUTE (FAR 6.302-5(A)(2)(I)),1,D,COMMERCIAL ITEM PROCEDURES NOT USED,f,N,NO,N,NO,X,NOT APPLICABLE,N,NO,0.00,N,NO,X,NOT APPLICABLE,Y,YES,X,NOT APPLICABLE,X,NOT APPLICABLE,,,,,,,,NONE,NONE,N,NO,X,NOT APPLICABLE EXEMPT FROM CAS,N,TRANSACTION DOES NOT USE GFE/GFP,U,UNKNOWN,N,NO,Y,YES - SERVICE WHERE PBA IS USED.,N,NO,Z,NOT APPLICABLE,N,NO,X,NOT APPLICABLE,f,f,f,f,f,f,f,f,f,f,f,f,f,f,f,f,f,f,f,OTHER THAN SMALL BUSINESS,O,f,f,f,f,f,f,f,f,f,f,f,f,f,f,f,f,f,CORPORATE TAX EXEMPT,f,t,f,f,f,f,f,f,f,f,f,f,f,f,f,f,f,t,f,f,f,f,f,f,f,f,f,f,f,t,f,t,f,f,f,f,f,f,f,f,f,f,f,f,f,f,f,f,f,f,,,,,,,,,,,https://www.usaspending.gov/award/CONT_AWD_W9115116C0005_9700_-NONE-_-NONE-/,2021-08-24 16:02:04+00
CONT_AWD_W9115118C0029_9700_-NONE-_-NONE-,W9115118C0029,,,,,,,,,1663653.85,,1678455.00,1678455.00,2018-09-26,2018,2021-08-19,2021,2018-09-27,2020-09-30,2020-09-30 00:00:00,,2018-08-01,097,Department of Defense,2100,Department of the Army,W91151,W6QM MICC-FDO FT HOOD,097,Department of Defense,2100,Department of the Army,W36HY2,W469 USA OTC ABNSO TEST DIR,,,,,X,NOT APPLICABLE,,,SRG2J1WS9X63,009232752,SRI INTERNATIONAL,SRI INTERNATIONAL,,03652,SRG2J1WS9X63,009232752,SRI INTERNATIONAL,SRI INTERNATIONAL,USA,UNITED STATES,333 RAVENSWOOD AVE,,MENLO PARK,06081,SAN MATEO,06,CA,CALIFORNIA,940253453,CA-18,CA-16,6508594424,6508596009,USA,UNITED STATES,FORT BRAGG,37051,CUMBERLAND,37,NC,NORTH CAROLINA,283070506,NC-08,NC-09,AWARD,D,DEFINITIVE CONTRACT,,,,,,,U,COST PLUS FIXED FEE,PURCHASE / BUILD APLS CARGO/ ARU 262 HRS,W9115118R0051,1,OT,OTHER FUNCTIONS,AC67,R&D- DEFENSE SYSTEM: ELECTRONICS/COMMUNICATION EQUIPMENT (COMMERCIALIZED),H,NOT BUNDLED,S1,SERVICES,811219,OTHER ELECTRONIC AND PRECISION EQUIPMENT REPAIR AND MAINTENANCE,C,NO CLAUSES INCLUDED AND NO SUSTAINABILITY INCLUDED,A,U.S. OWNED BUSINESS,000,NONE,Z,NOT IT PRODUCTS OR SERVICES,A,MEETS REQUIREMENTS,USA,UNITED STATES,C,NOT A MANUFACTURED END PRODUCT,F,INDIVIDUAL SUBCONTRACT PLAN,C,NOT COMPETED,SSS,ONLY ONE SOURCE,NONE,NO SET ASIDE USED.,NONE,NO PREFERENCE USED,,,,,ONE,ONLY ONE SOURCE-OTHER (FAR 6.302-1 OTHER),1,D,COMMERCIAL ITEM PROCEDURES NOT USED,f,N,NO,N,NO,Y,YES,N,NO,0.00,N,NO,X,NOT APPLICABLE,X,NOT APPLICABLE,X,NOT APPLICABLE,X,NOT APPLICABLE,,,,,,,,NONE,NONE,N,NO,Y,YES - CAS CLAUSE INCLUDED,N,TRANSACTION DOES NOT USE GFE/GFP,U,UNKNOWN,D,NOT CONSOLIDATED,Y,YES - SERVICE WHERE PBA IS USED.,N,NO,Z,NOT APPLICABLE,N,NO,X,NOT APPLICABLE,f,f,f,f,f,f,f,f,f,f,f,f,f,f,f,f,f,f,f,OTHER THAN SMALL BUSINESS,O,f,f,f,f,f,f,f,f,f,f,f,f,f,f,f,f,f,CORPORATE TAX EXEMPT,f,t,f,f,f,f,f,f,f,f,f,f,f,f,f,f,f,t,f,f,f,f,f,f,f,f,f,f,f,t,f,f,f,f,f,f,f,f,f,f,f,f,f,f,f,f,f,f,f,f,,,,,,,,,,,https://www.usaspending.gov/award/CONT_AWD_W9115118C0029_9700_-NONE-_-NONE-/,2021-08-19 14:13:39+00
CONT_AWD_W9115118C0036_9700_-NONE-_-NONE-,W9115118C0036,,,,,,,,,4337120.30,0.00,4337120.30,4337120.30,2018-09-24,2018,2021-08-24,2021,2018-09-26,2021-10-08,2021-10-08 00:00:00,,2018-08-16,097,Department of Defense,2100,Department of the Army,W91151,W6QM MICC-FDO FT HOOD,097,Department of Defense,2100,Department of the Army,W45NQ9,W0VC ENGR R U ACT,021-2018/2018-2020-000,021-2020,25.4: Operation and maintenance of facilities,,X,NOT APPLICABLE,,,GEDHZA6BEGQ3,839136355,"LONE STAR GRADING & MATERIALS, LLC","LONE STAR GRADING & MATERIALS, LTD.",,1MVF8,GEDHZA6BEGQ3,839136355,"LONE STAR GRADING & MATERIALS, LLC",LONE STAR GRADING & MATERIALS  LTD.,USA,UNITED STATES,6535 ELM GROVE RD,,BELTON,48027,BELL,48,TX,TEXAS,765137945,TX-31,TX-31,2549470149,2549337904,USA,UNITED STATES,FORT HOOD,48027,BELL,48,TX,TEXAS,765441027,TX-25,TX-31,AWARD,D,DEFINITIVE CONTRACT,,,,,,,J,FIRM FIXED PRICE,IGF::OT::IGF REPAIR TRIPLE A ROAD,W9115118B0015,1,OT,OTHER FUNCTIONS,Z2LB,REPAIR OR ALTERATION OF HIGHWAYS/ROADS/STREETS/BRIDGES/RAILWAYS,H,NOT BUNDLED,C2,CONSTRUCTION,237310,"HIGHWAY, STREET, AND BRIDGE CONSTRUCTION",C,NO CLAUSES INCLUDED AND NO SUSTAINABILITY INCLUDED,A,U.S. OWNED BUSINESS,000,NONE,Z,NOT IT PRODUCTS OR SERVICES,E,NOT REQUIRED,USA,UNITED STATES,C,NOT A MANUFACTURED END PRODUCT,B,PLAN NOT REQUIRED,D,FULL AND OPEN COMPETITION AFTER EXCLUSION OF SOURCES,SB,SEALED BID,SBA,SMALL BUSINESS SET ASIDE - TOTAL,NONE,NO PREFERENCE USED,,,,,,,6,D,COMMERCIAL ITEM PROCEDURES NOT USED,f,N,NO,N,NO,Y,YES,N,NO,0.00,N,NO,X,NOT APPLICABLE,X,NOT APPLICABLE,Y,YES,X,NOT APPLICABLE,,,,,,,,NONE,NONE,N,NO,X,NOT APPLICABLE EXEMPT FROM CAS,N,TRANSACTION DOES NOT USE GFE/GFP,N,NO,D,NOT CONSOLIDATED,N,NO - SERVICE WHERE PBA IS NOT USED.,N,NO,A,FAR 52.232-16 PROGRESS PAYMENTS,N,NO,X,NOT APPLICABLE,f,f,f,f,f,f,f,t,t,f,f,f,f,f,f,f,f,f,f,SMALL BUSINESS,S,f,f,f,f,f,f,f,f,f,f,f,f,f,f,f,f,f,PARTNERSHIP,f,f,t,f,f,f,f,f,f,f,f,f,f,f,f,f,f,t,f,f,f,f,f,f,f,f,t,f,t,f,f,f,f,f,f,f,f,f,f,f,f,f,f,f,f,f,f,f,f,f,,,,,,,,,,,https://www.usaspending.gov/award/CONT_AWD_W9115118C0036_9700_-NONE-_-NONE-/,2021-08-24 15:14:23+00
CONT_AWD_W9115119C0038_9700_-NONE-_-NONE-,W9115119C0038,,,,Q: Not Designated Nonemergency/Emergency/Disaster/Wildfire Suppression,,,,,10165278.79,746506.12,10165278.79,10165278.79,2019-09-25,2019,2021-08-17,2021,2019-10-03,2021-09-03,2021-09-03 00:00:00,,2019-06-26,097,Department of Defense,2100,Department of the Army,W91151,W6QM MICC-FDO FT HOOD,097,Department of Defense,2100,Department of the Army,W45NQ9,W0VC ENGR R U ACT,021-2019/2019-2020-000,021-2020,25.4: Operation and maintenance of facilities,OPTN: FIELD IS OPTIONAL PRIOR TO FY21,X,NOT APPLICABLE,,,YMCFGH28QC18,079596683,ASHFORD INTERNATIONAL LLC,ASHFORD INTERNATIONAL LLC,,71ND7,PPMREJL7KKD9,027244592,"ASHFORD INTERNATIONAL, LLC",ASHFORD INTERNATIONAL LLC,USA,UNITED STATES,4102 CLEAR CREEK DR,,KILLEEN,48027,BELL,48,TX,TEXAS,765495953,TX-25,TX-11,2147334813,2147235965,USA,UNITED STATES,FORT HOOD,48027,BELL,48,TX,TEXAS,765441027,TX-25,TX-31,AWARD,D,DEFINITIVE CONTRACT,,,,,,,J,FIRM FIXED PRICE,RENOVATE TEMF BUILDING 26041,W9115119B0016,1,OT,OTHER FUNCTIONS,Z1EB,MAINTENANCE OF MAINTENANCE BUILDINGS,H,NOT BUNDLED,C2,CONSTRUCTION,236220,COMMERCIAL AND INSTITUTIONAL BUILDING CONSTRUCTION,C,NO CLAUSES INCLUDED AND NO SUSTAINABILITY INCLUDED,A,U.S. OWNED BUSINESS,000,NONE,Z,NOT IT PRODUCTS OR SERVICES,E,NOT REQUIRED,USA,UNITED STATES,C,NOT A MANUFACTURED END PRODUCT,B,PLAN NOT REQUIRED,A,FULL AND OPEN COMPETITION,SB,SEALED BID,NONE,NO SET ASIDE USED.,HZE,HUBZONE PRICE EVALUATION,,,,,,,1,D,COMMERCIAL ITEM PROCEDURES NOT USED,f,N,NO,N,NO,Y,YES,N,NO,0.00,N,NO,N,NO,N,NO,Y,YES,X,NOT APPLICABLE,,,,,,,,NONE,NONE,N,NO,X,NOT APPLICABLE EXEMPT FROM CAS,N,TRANSACTION DOES NOT USE GFE/GFP,U,UNKNOWN,D,NOT CONSOLIDATED,Y,YES - SERVICE WHERE PBA IS USED.,N,NO,Z,NOT APPLICABLE,N,NO,X,NOT APPLICABLE,f,t,f,f,f,f,f,t,t,t,f,f,t,f,f,f,f,t,f,SMALL BUSINESS,S,f,f,f,f,f,f,f,f,f,f,f,f,f,f,f,f,f,PARTNERSHIP,f,f,t,f,f,f,f,f,f,f,f,f,f,f,f,f,f,t,f,f,f,f,f,f,f,f,t,f,t,f,f,f,f,f,f,f,f,f,f,f,f,f,f,f,f,t,f,t,t,f,,,,,,,,,,,https://www.usaspending.gov/award/CONT_AWD_W9115119C0038_9700_-NONE-_-NONE-/,2021-08-18 12:30:35+00
CONT_AWD_W9115120C0034_9700_-NONE-_-NONE-,W9115120C0034,,,,,,,,,111492.45,,121495.57,167489.33,2020-09-22,2020,2021-08-18,2021,2020-09-22,2022-02-21,2022-02-21 00:00:00,,,097,Department of Defense,2100,Department of the Army,W91151,W6QM MICC-FDO FT HOOD,097,Department of Defense,2100,Department of the Army,W81C39,W04W USA WHITE SANDS MSL RANGE,,,,,X,NOT APPLICABLE,,,YEG4AQRRQFC6,794350025,MZA ASSOCIATES CORPORATION,MZA ASSOCIATES CORPORATION,,0VG59,YEG4AQRRQFC6,794350025,MZA ASSOCIATES CORPORATION,MZA ASSOCIATES CORPORATION,USA,UNITED STATES,"4900 LANG AVE NE, STE 100",,ALBUQUERQUE,35001,BERNALILLO,35,NM,NEW MEXICO,871099708,NM-01,NM-01,5052459970,5052459971,USA,UNITED STATES,WHITE SANDS MISSILE RANGE,35013,DONA ANA,35,NM,NEW MEXICO,880020006,NM-02,NM-02,AWARD,D,DEFINITIVE CONTRACT,,,,,,,J,FIRM FIXED PRICE,MONTHLY PROGRESS REPORT 1,,1,OT,OTHER FUNCTIONS,AC61,R&D- DEFENSE SYSTEM: ELECTRONICS/COMMUNICATION EQUIPMENT (BASIC RESEARCH),H,NOT BUNDLED,S1,SERVICES,541715,"RESEARCH AND DEVELOPMENT IN THE PHYSICAL, ENGINEERING, AND LIFE SCIENCES (EXCEPT NANOTECHNOLOGY AND BIOTECHNOLOGY)",C,NO CLAUSES INCLUDED AND NO SUSTAINABILITY INCLUDED,A,U.S. OWNED BUSINESS,000,NONE,Z,NOT IT PRODUCTS OR SERVICES,E,NOT REQUIRED,USA,UNITED STATES,C,NOT A MANUFACTURED END PRODUCT,B,PLAN NOT REQUIRED,D,FULL AND OPEN COMPETITION AFTER EXCLUSION OF SOURCES,NP,NEGOTIATED PROPOSAL/QUOTE,SBA,SMALL BUSINESS SET ASIDE - TOTAL,NONE,NO PREFERENCE USED,SR1,SMALL BUSINESS INNOVATION RESEARCH PROGRAM PHASE I ACTION,,,,,1,D,COMMERCIAL ITEM PROCEDURES NOT USED,f,N,NO,N,NO,X,NOT APPLICABLE,N,NO,0.00,N,NO,X,NOT APPLICABLE,Y,YES,X,NOT APPLICABLE,X,NOT APPLICABLE,,,,,,,,NONE,NONE,N,NO,X,NOT APPLICABLE EXEMPT FROM CAS,N,TRANSACTION DOES NOT USE GFE/GFP,N,NO,D,NOT CONSOLIDATED,N,NO - SERVICE WHERE PBA IS NOT USED.,N,NO,Z,NOT APPLICABLE,N,NO,X,NOT APPLICABLE,f,f,f,f,f,t,f,f,f,f,f,f,f,f,f,f,f,f,f,SMALL BUSINESS,S,f,f,f,f,f,f,f,f,f,f,f,f,f,f,f,f,f,CORPORATE NOT TAX EXEMPT,t,f,f,f,f,f,f,f,f,f,f,f,f,f,f,f,f,t,f,f,f,f,f,f,f,f,f,f,t,f,f,f,f,f,f,f,f,f,f,f,f,f,f,f,f,f,f,f,f,f,ROBERT W PRAUS II,455549.00,JUSTIN  MANSELL,375850.00,MATTHEW  WHITELEY,375850.00,STEPHEN M REHNBERG,288587.00,RICHARD  BAGNELL,295523.00,https://www.usaspending.gov/award/CONT_AWD_W9115120C0034_9700_-NONE-_-NONE-/,2021-08-18 10:42:14+00
CONT_AWD_W9115121C0036_9700_-NONE-_-NONE-,W9115121C0036,,,,,,,,,111496.15,,111496.15,167493.37,2021-08-16,2021,2021-08-19,2021,2021-08-11,2022-05-02,2022-09-07 00:00:00,,,097,Department of Defense,2100,Department of the Army,W9124Q,W6QM MICC-HUACHUCA,097,Department of Defense,2100,Department of the Army,W81C39,W04W USA WHITE SANDS MSL RANGE,,,,,X,NOT APPLICABLE,,,RMG1AZ1ZH8Q7,073800062,PHYSICAL SCIENCES INC.,PHYSICAL SCIENCES INC.,,8K901,RMG1AZ1ZH8Q7,073800062,PHYSICAL SCIENCES INC.,PHYSICAL SCIENCES  INC.,USA,UNITED STATES,20 NEW ENGLAND BUSINESS CTR DR,,ANDOVER,25009,ESSEX,25,MA,MASSACHUSETTS,018101022,MA-03,MA-06,9786890003,9786893232,USA,UNITED STATES,WHITE SANDS MISSILE RANGE,35013,DONA ANA,35,NM,NEW MEXICO,880021120,NM-02,NM-02,AWARD,D,DEFINITIVE CONTRACT,,,,,,,J,FIRM FIXED PRICE,SBIR PHASE I,,1,OT,OTHER FUNCTIONS,AC11,NATIONAL DEFENSE R&D SERVICES; DEPARTMENT OF DEFENSE - MILITARY; BASIC RESEARCH,H,NOT BUNDLED,S1,SERVICES,541715,"RESEARCH AND DEVELOPMENT IN THE PHYSICAL, ENGINEERING, AND LIFE SCIENCES (EXCEPT NANOTECHNOLOGY AND BIOTECHNOLOGY)",C,NO CLAUSES INCLUDED AND NO SUSTAINABILITY INCLUDED,A,U.S. OWNED BUSINESS,000,NONE,Z,NOT IT PRODUCTS OR SERVICES,E,NOT REQUIRED,USA,UNITED STATES,C,NOT A MANUFACTURED END PRODUCT,B,PLAN NOT REQUIRED,D,FULL AND OPEN COMPETITION AFTER EXCLUSION OF SOURCES,NP,NEGOTIATED PROPOSAL/QUOTE,SBA,SMALL BUSINESS SET ASIDE - TOTAL,NONE,NO PREFERENCE USED,SR1,SMALL BUSINESS INNOVATION RESEARCH PROGRAM PHASE I ACTION,,,,,1,D,COMMERCIAL ITEM PROCEDURES NOT USED,f,N,NO,N,NO,N,NO,N,NO,0.00,N,NO,X,NOT APPLICABLE,Y,YES,X,NOT APPLICABLE,X,NOT APPLICABLE,,,,,,,,NONE,NONE,N,NO,X,NOT APPLICABLE EXEMPT FROM CAS,N,TRANSACTION DOES NOT USE GFE/GFP,N,NO,D,NOT CONSOLIDATED,N,NO - SERVICE WHERE PBA IS NOT USED.,N,NO,Z,NOT APPLICABLE,N,NO,X,NOT APPLICABLE,f,f,f,f,f,f,f,f,f,f,f,f,f,f,f,f,f,f,f,SMALL BUSINESS,S,f,f,f,f,f,f,f,f,f,f,f,f,f,f,f,f,f,CORPORATE NOT TAX EXEMPT,t,f,f,f,f,f,f,f,f,f,f,f,f,f,f,f,f,t,f,f,f,f,f,f,f,f,f,f,t,f,f,f,f,f,f,f,f,f,f,f,f,f,f,f,f,f,f,f,f,f,B. DAVID  GREEN,482181.00,WILLIAM J MARINELLI,427562.00,STEVEN R GENESTRETI,399007.00,BOGDAN R COSOFRET,333460.00,MARK G ALLEN,398641.00,https://www.usaspending.gov/award/CONT_AWD_W9115121C0036_9700_-NONE-_-NONE-/,2021-08-19 16:59:53+00
CONT_AWD_W911KB19C0024_9700_-NONE-_-NONE-,W911KB19C0024,,,,,,,,,1672280.00,,1672280.00,1687011.37,2019-08-08,2019,2021-08-20,2021,2019-08-07,2020-02-14,2020-02-14 00:00:00,,2019-07-10,097,Department of Defense,2100,Department of the Army,W911KB,W2SN ENDIST ALASKA,097,Department of Defense,2100,Department of the Army,W911KB,W2SN ENDIST ALASKA,,,,,X,NOT APPLICABLE,,,TX3AEXL9UYA5,,"BRICE CIVIL CONSTRUCTORS, INC.","BRICE CIVIL CONSTRUCTORS, INC.",,7S5E5,TX3AEXL9UYA5,,"BRICE CIVIL CONSTRUCTORS, INC.",BRICE CIVIL CONSTRUCTORS  INC.,USA,UNITED STATES,3800 CENTERPOINT DRIVE SUITE B423,,ANCHORAGE,02020,ANCHORAGE,02,AK,ALASKA,995035825,AK-00,AK-00,9072752894,,USA,UNITED STATES,CLEAR,02068,DENALI,02,AK,ALASKA,997040001,AK-00,AK-00,AWARD,D,DEFINITIVE CONTRACT,,,,,,,J,FIRM FIXED PRICE,CONSTRUCTION OF CONCRETE LOAD-OUT PAD,W911KB19R0032,1,OT,OTHER FUNCTIONS,Y1LB,"CONSTRUCTION OF HIGHWAYS, ROADS, STREETS, BRIDGES, AND RAILWAYS",H,NOT BUNDLED,C2,CONSTRUCTION,237310,"HIGHWAY, STREET, AND BRIDGE CONSTRUCTION",B,FAR 52.223-4 AND FAR 52.223-9 INCLUDED,A,U.S. OWNED BUSINESS,000,NONE,Z,NOT IT PRODUCTS OR SERVICES,A,MEETS REQUIREMENTS,USA,UNITED STATES,C,NOT A MANUFACTURED END PRODUCT,B,PLAN NOT REQUIRED,B,NOT AVAILABLE FOR COMPETITION,SSS,ONLY ONE SOURCE,8AN,8(A) SOLE SOURCE,NONE,NO PREFERENCE USED,,,,,OTH,AUTHORIZED BY STATUTE (FAR 6.302-5(A)(2)(I)),1,D,COMMERCIAL ITEM PROCEDURES NOT USED,f,N,NO,N,NO,Y,YES,N,NO,0.00,N,NO,N,NO,N,NO,Y,YES,X,NOT APPLICABLE,,,,,,,,NONE,NONE,N,NO,X,NOT APPLICABLE EXEMPT FROM CAS,N,TRANSACTION DOES NOT USE GFE/GFP,U,UNKNOWN,D,NOT CONSOLIDATED,N,NO - SERVICE WHERE PBA IS NOT USED.,N,NO,Z,NOT APPLICABLE,N,NO,X,NOT APPLICABLE,t,f,f,f,f,f,f,f,f,f,f,f,t,f,f,f,f,t,f,SMALL BUSINESS,S,f,f,f,f,f,f,f,f,f,f,f,f,f,f,f,f,f,CORPORATE NOT TAX EXEMPT,t,f,f,f,f,f,f,f,f,f,f,f,f,f,f,f,f,t,f,f,f,f,f,f,f,f,f,f,t,f,f,f,f,f,f,f,f,f,f,f,f,f,f,f,t,t,f,t,f,f,JON  MCVAY,379292.00,,,,,,,,,https://www.usaspending.gov/award/CONT_AWD_W911KB19C0024_9700_-NONE-_-NONE-/,2025-04-22 16:50:17+00
CONT_AWD_W911N213C0021_9700_-NONE-_-NONE-,W911N213C0021,,,,,,,,,1152861.85,,1152861.85,1152861.85,2013-01-11,2013,2021-08-19,2021,2013-01-10,2018-07-08,2018-07-08 00:00:00,,,097,Department of Defense,2100,Department of the Army,W911N2,W6QK LAD CONTR OFF,097,Department of Defense,2100,Department of the Army,W800AF,W0L6 USA DEP LETTERKENY,,,,,X,NOT APPLICABLE,,,YP21EQE9MM33,794481031,"BON SECOUR MANAGEMENT, L.L.C.",BON SECOUR MANAGEMENT LLC,,6ENJ2,YP21EQE9MM33,794481031,"BON SECOUR MANAGEMENT, L.L.C.",BON SECOUR MANAGEMENT LLC,USA,UNITED STATES,1115 DEVEREUX LN,,MECHANICSBURG,42041,CUMBERLAND,42,PA,PENNSYLVANIA,170506621,PA-04,PA-10,7174330385,7172671615,USA,UNITED STATES,CHAMBERSBURG,42055,FRANKLIN,42,PA,PENNSYLVANIA,172014150,PA-13,PA-13,AWARD,D,DEFINITIVE CONTRACT,,,,,,,J,FIRM FIXED PRICE,RAILROAD MAINTENANCE,W911N213R0010,1,OT,OTHER FUNCTIONS,J022,MAINT/REPAIR/REBUILD OF EQUIPMENT- RAILWAY EQUIPMENT,D,NOT A BUNDLED REQUIREMENT,S1,SERVICES,488210,SUPPORT ACTIVITIES FOR RAIL TRANSPORTATION,C,NO CLAUSES INCLUDED AND NO SUSTAINABILITY INCLUDED,A,U.S. OWNED BUSINESS,000,NONE,Z,NOT IT PRODUCTS OR SERVICES,E,NOT REQUIRED,USA,UNITED STATES,C,NOT A MANUFACTURED END PRODUCT,B,PLAN NOT REQUIRED,D,FULL AND OPEN COMPETITION AFTER EXCLUSION OF SOURCES,NP,NEGOTIATED PROPOSAL/QUOTE,SBA,SMALL BUSINESS SET ASIDE - TOTAL,NONE,NO PREFERENCE USED,,,,,,,4,A,COMMERCIAL ITEM,f,N,NO,N,NO,Y,YES,N,NO,0.00,N,NO,N,NO,Y,YES,N,NO,X,NOT APPLICABLE,,,,,,,,NONE,NONE,N,NO,X,NOT APPLICABLE EXEMPT FROM CAS,N,TRANSACTION DOES NOT USE GFE/GFP,U,UNKNOWN,N,NO,Y,YES - SERVICE WHERE PBA IS USED.,N,NO,Z,NOT APPLICABLE,N,NO,X,NOT APPLICABLE,f,f,f,f,f,t,t,f,f,f,f,f,f,f,f,f,f,f,f,SMALL BUSINESS,S,f,f,f,f,f,f,f,f,f,f,f,f,f,f,f,f,f,PARTNERSHIP,f,f,t,f,f,f,f,f,f,f,f,f,f,f,f,f,f,t,f,f,f,f,f,f,f,f,t,f,t,f,f,f,f,f,f,f,f,f,f,f,f,f,f,f,f,f,f,f,f,f,,,,,,,,,,,https://www.usaspending.gov/award/CONT_AWD_W911N213C0021_9700_-NONE-_-NONE-/,2021-08-19 10:42:13+00
CONT_AWD_W911NF17C0070_9700_-NONE-_-NONE-,W911NF17C0070,,,,,,,,,1999623.00,0.00,1999623.00,1999623.00,2017-09-08,2017,2021-08-19,2021,2017-09-08,2022-07-31,2022-07-31 00:00:00,,,097,Department of Defense,2100,Department of the Army,W911NF,W6QK ACC-APG DURHAM,097,Department of Defense,97AE,Defense Advanced Research Projects Agency,HR0011,DEF ADVANCED RESEARCH PROJECTS AGCY,097-2018/2019-0400-000,097-0400,25.5: Research and development contracts,,X,NOT APPLICABLE,,,SA7ZWUEM9RG4,964928464,SYSTEMS & TECHNOLOGY RESEARCH LLC,SYSTEMS & TECHNOLOGY RESEARCH LLC,,65L89,SA7ZWUEM9RG4,964928464,SYSTEMS & TECHNOLOGY RESEARCH LLC,SYSTEMS & TECHNOLOGY RESEARCH LLC,USA,UNITED STATES,600 W CUMMINGS PARK STE 6500,,WOBURN,25017,MIDDLESEX,25,MA,MASSACHUSETTS,018017222,MA-05,MA-05,7816061602,7812817998,USA,UNITED STATES,WOBURN,25017,MIDDLESEX,25,MA,MASSACHUSETTS,018017222,MA-05,MA-05,AWARD,D,DEFINITIVE CONTRACT,,,,,,,J,FIRM FIXED PRICE,IGF::OT::IGF STTR PHASE II,,1,OT,OTHER FUNCTIONS,AZ11,R&D- OTHER RESEARCH AND DEVELOPMENT (BASIC RESEARCH),H,NOT BUNDLED,S1,SERVICES,541712,"RESEARCH AND DEVELOPMENT IN THE PHYSICAL, ENGINEERING, AND LIFE SCIENCES (EXCEPT BIOTECHNOLOGY)",C,NO CLAUSES INCLUDED AND NO SUSTAINABILITY INCLUDED,A,U.S. OWNED BUSINESS,000,NONE,Z,NOT IT PRODUCTS OR SERVICES,E,NOT REQUIRED,USA,UNITED STATES,C,NOT A MANUFACTURED END PRODUCT,B,PLAN NOT REQUIRED,D,FULL AND OPEN COMPETITION AFTER EXCLUSION OF SOURCES,NP,NEGOTIATED PROPOSAL/QUOTE,SBA,SMALL BUSINESS SET ASIDE - TOTAL,NONE,NO PREFERENCE USED,ST2,SMALL TECHNOLOGY TRANSFER RESEARCH PROGRAM PHASE II,,,,,5,D,COMMERCIAL ITEM PROCEDURES NOT USED,f,N,NO,N,NO,X,NOT APPLICABLE,N,NO,0.00,N,NO,X,NOT APPLICABLE,X,NOT APPLICABLE,X,NOT APPLICABLE,X,NOT APPLICABLE,,,,,,,,NONE,NONE,Y,YES,X,NOT APPLICABLE EXEMPT FROM CAS,N,TRANSACTION DOES NOT USE GFE/GFP,U,UNKNOWN,D,NOT CONSOLIDATED,Y,YES - SERVICE WHERE PBA IS USED.,N,NO,Z,NOT APPLICABLE,N,NO,X,NOT APPLICABLE,f,f,f,f,f,f,f,f,f,f,f,f,f,f,f,f,f,f,f,SMALL BUSINESS,S,f,f,f,f,f,f,f,f,f,f,f,f,f,f,f,f,f,PARTNERSHIP,f,f,t,f,f,f,f,f,f,f,f,f,f,f,f,f,f,t,f,f,f,f,f,f,f,f,t,f,t,f,f,f,f,f,f,f,f,f,f,f,f,f,f,f,f,f,f,f,f,f,MARK  LUETTGEN,701792.00,MARK  MCCLURE,564280.00,STEPHEN  KOGON,530683.00,MARK  STEVENS,454446.00,THOMAS  GLYNN,442517.00,https://www.usaspending.gov/award/CONT_AWD_W911NF17C0070_9700_-NONE-_-NONE-/,2021-08-19 15:56:09+00
CONT_AWD_W911NF18C0073_9700_-NONE-_-NONE-,W911NF18C0073,,,,,,,,,388859.25,0.00,388859.25,388859.25,2018-09-27,2018,2021-08-24,2021,2018-09-27,2020-11-23,2020-11-23 00:00:00,,2017-01-10,097,Department of Defense,9763,Defense Contract Management Agency,S2401A,DCMA GREAT PLAINS,097,Department of Defense,2100,Department of the Army,W911NF,W6QK ACC-APG DURHAM,021-2019/2020-2040-000,021-2040,25.5: Research and development contracts,,X,NOT APPLICABLE,,,V822WUGLT2Y1,079133100,ANTIMICROBIAL MATERIALS INC,"ANTIMICROBIAL MATERIALS, INC.",,6ZBH1,V822WUGLT2Y1,079133100,ANTIMICROBIAL MATERIALS INC,ANTIMICROBIAL MATERIALS  INC.,USA,UNITED STATES,5201 S SWEETBRIAR CT,,SIOUX FALLS,46083,LINCOLN,46,SD,SOUTH DAKOTA,571082856,SD-00,SD-00,6053664749,,USA,UNITED STATES,SIOUX FALLS,46083,LINCOLN,46,SD,SOUTH DAKOTA,571082856,SD-00,SD-00,AWARD,D,DEFINITIVE CONTRACT,,,,,,,J,FIRM FIXED PRICE,BIOLOGICALLY-DERIVED TARGETED ANTIFUNGALS FOR TEXTILE APPLICATIONS,,1,OT,OTHER FUNCTIONS,AZ11,R&D- OTHER RESEARCH AND DEVELOPMENT (BASIC RESEARCH),H,NOT BUNDLED,S1,SERVICES,541715,"RESEARCH AND DEVELOPMENT IN THE PHYSICAL, ENGINEERING, AND LIFE SCIENCES (EXCEPT NANOTECHNOLOGY AND BIOTECHNOLOGY)",C,NO CLAUSES INCLUDED AND NO SUSTAINABILITY INCLUDED,A,U.S. OWNED BUSINESS,000,NONE,Z,NOT IT PRODUCTS OR SERVICES,E,NOT REQUIRED,USA,UNITED STATES,C,NOT A MANUFACTURED END PRODUCT,B,PLAN NOT REQUIRED,D,FULL AND OPEN COMPETITION AFTER EXCLUSION OF SOURCES,NP,NEGOTIATED PROPOSAL/QUOTE,SBA,SMALL BUSINESS SET ASIDE - TOTAL,NONE,NO PREFERENCE USED,SR2,SMALL BUSINESS INNOVATION RESEARCH PROGRAM PHASE II ACTION,,,,,2,D,COMMERCIAL ITEM PROCEDURES NOT USED,f,N,NO,N,NO,N,NO,N,NO,0.00,N,NO,X,NOT APPLICABLE,X,NOT APPLICABLE,X,NOT APPLICABLE,X,NOT APPLICABLE,,,,,,,,NONE,NONE,N,NO,X,NOT APPLICABLE EXEMPT FROM CAS,Y,TRANSACTION USES GFE/GFP,U,UNKNOWN,D,NOT CONSOLIDATED,Y,YES - SERVICE WHERE PBA IS USED.,N,NO,Z,NOT APPLICABLE,N,NO,X,NOT APPLICABLE,f,f,f,f,f,f,f,f,f,f,f,f,f,f,f,f,f,f,f,SMALL BUSINESS,S,f,f,f,f,f,f,f,f,f,f,f,f,f,f,f,f,f,CORPORATE NOT TAX EXEMPT,t,f,f,f,f,f,f,f,f,f,f,f,t,f,f,f,f,t,f,f,f,f,f,f,f,t,f,f,t,f,f,f,f,f,f,f,f,f,f,f,f,f,f,f,f,f,f,f,f,f,,,,,,,,,,,https://www.usaspending.gov/award/CONT_AWD_W911NF18C0073_9700_-NONE-_-NONE-/,2021-08-24 07:15:25+00
CONT_AWD_W911NF19C0037_9700_-NONE-_-NONE-,W911NF19C0037,,,,,,,,,3961331.28,0.00,4000000.00,4000000.00,2019-03-27,2019,2021-08-18,2021,2019-03-27,2021-10-31,2021-10-31 00:00:00,,2019-03-06,097,Department of Defense,2100,Department of the Army,W911NF,W6QK ACC-APG DURHAM,097,Department of Defense,2100,Department of the Army,W36QYT,W262 PROP BK ACCT DURHAM,021-2019/2020-2040-000;021-2020/2021-2040-000,021-2040,25.5: Research and development contracts,,X,NOT APPLICABLE,,,CNNVSEJGQXB8,962708322,BENNETT AEROSPACE INC,"BENNETT AEROSPACE, INC.",,61DA9,CNNVSEJGQXB8,962708322,BENNETT AEROSPACE INC,BENNETT AEROSPACE  INC.,USA,UNITED STATES,1100 CRESCENT GREEN STE 250,,CARY,37183,WAKE,37,NC,NORTH CAROLINA,275188105,NC-04,NC-04,9198595454,9198595455,USA,UNITED STATES,DURHAM,37063,DURHAM,37,NC,NORTH CAROLINA,277094935,NC-04,NC-04,AWARD,D,DEFINITIVE CONTRACT,,,,,,,U,COST PLUS FIXED FEE,ARO ADMINISTRATIVE SUPPORT SERVICES,,1,OT,OTHER FUNCTIONS,R699,SUPPORT- ADMINISTRATIVE: OTHER,H,NOT BUNDLED,S1,SERVICES,541611,ADMINISTRATIVE MANAGEMENT AND GENERAL MANAGEMENT CONSULTING SERVICES,C,NO CLAUSES INCLUDED AND NO SUSTAINABILITY INCLUDED,A,U.S. OWNED BUSINESS,000,NONE,Z,NOT IT PRODUCTS OR SERVICES,E,NOT REQUIRED,USA,UNITED STATES,C,NOT A MANUFACTURED END PRODUCT,B,PLAN NOT REQUIRED,B,NOT AVAILABLE FOR COMPETITION,SSS,ONLY ONE SOURCE,8AN,8(A) SOLE SOURCE,NONE,NO PREFERENCE USED,,,,,OTH,AUTHORIZED BY STATUTE (FAR 6.302-5(A)(2)(I)),1,D,COMMERCIAL ITEM PROCEDURES NOT USED,f,N,NO,N,NO,X,NOT APPLICABLE,N,NO,0.00,N,NO,X,NOT APPLICABLE,Y,YES,X,NOT APPLICABLE,X,NOT APPLICABLE,,,,,,,,NONE,NONE,N,NO,X,NOT APPLICABLE EXEMPT FROM CAS,Y,TRANSACTION USES GFE/GFP,U,UNKNOWN,D,NOT CONSOLIDATED,Y,YES - SERVICE WHERE PBA IS USED.,N,NO,Z,NOT APPLICABLE,N,NO,X,NOT APPLICABLE,f,f,f,f,f,t,f,t,t,t,f,f,f,t,f,f,f,f,f,SMALL BUSINESS,S,f,f,f,f,f,f,f,f,f,f,f,f,f,f,f,f,f,CORPORATE NOT TAX EXEMPT,t,f,f,f,f,f,f,f,f,f,f,f,f,f,f,f,f,t,f,f,f,f,f,f,f,t,f,f,t,f,f,f,f,f,f,f,f,f,f,f,f,f,f,f,f,t,f,t,f,f,JULIA  BENNETT,537182.00,DAVID  WHITMIRE,457115.00,,,,,,,https://www.usaspending.gov/award/CONT_AWD_W911NF19C0037_9700_-NONE-_-NONE-/,2021-08-18 15:40:08+00
CONT_AWD_W911NF20C0049_9700_-NONE-_-NONE-,W911NF20C0049,,,,N: Emergency P.L. 116-136,0,1773324.00,,,1329993.00,0.00,1329993.00,1329993.00,2020-08-19,2020,2021-08-24,2021,2020-08-19,2022-08-23,2022-08-23 00:00:00,,2020-06-22,097,Department of Defense,2100,Department of the Army,W911NF,W6QK ACC-APG DURHAM,097,Department of Defense,2100,Department of the Army,W36QYT,W262 PROP BK ACCT DURHAM,021-2020/2021-2040-000,021-2040,25.5: Research and development contracts,OPTN: FIELD IS OPTIONAL PRIOR TO FY21,X,NOT APPLICABLE,,,C4Y5CNN55L37,080921977,INTELLISENSE SYSTEMS INC,"INTELLISENSE SYSTEMS, INC.",,7Z4Y5,C4Y5CNN55L37,080921977,INTELLISENSE SYSTEMS INC,INTELLISENSE SYSTEMS  INC.,USA,UNITED STATES,21041 S WESTERN AVE,,TORRANCE,06037,LOS ANGELES,06,CA,CALIFORNIA,905011727,CA-43,CA-43,3103201827,,USA,UNITED STATES,TORRANCE,06037,LOS ANGELES,06,CA,CALIFORNIA,905011727,CA-43,CA-43,AWARD,D,DEFINITIVE CONTRACT,,,,,,,J,FIRM FIXED PRICE,FIRST MONTHLY TECHNICAL REPORT,,1,OT,OTHER FUNCTIONS,AZ11,R&D- OTHER RESEARCH AND DEVELOPMENT (BASIC RESEARCH),H,NOT BUNDLED,S1,SERVICES,541715,"RESEARCH AND DEVELOPMENT IN THE PHYSICAL, ENGINEERING, AND LIFE SCIENCES (EXCEPT NANOTECHNOLOGY AND BIOTECHNOLOGY)",C,NO CLAUSES INCLUDED AND NO SUSTAINABILITY INCLUDED,A,U.S. OWNED BUSINESS,000,NONE,Z,NOT IT PRODUCTS OR SERVICES,E,NOT REQUIRED,USA,UNITED STATES,C,NOT A MANUFACTURED END PRODUCT,B,PLAN NOT REQUIRED,D,FULL AND OPEN COMPETITION AFTER EXCLUSION OF SOURCES,NP,NEGOTIATED PROPOSAL/QUOTE,SBA,SMALL BUSINESS SET ASIDE - TOTAL,NONE,NO PREFERENCE USED,SR2,SMALL BUSINESS INNOVATION RESEARCH PROGRAM PHASE II ACTION,,,,,2,D,COMMERCIAL ITEM PROCEDURES NOT USED,f,N,NO,N,NO,X,NOT APPLICABLE,N,NO,0.00,N,NO,X,NOT APPLICABLE,X,NOT APPLICABLE,X,NOT APPLICABLE,X,NOT APPLICABLE,,,,,,,,NONE,NONE,N,NO,X,NOT APPLICABLE EXEMPT FROM CAS,N,TRANSACTION DOES NOT USE GFE/GFP,U,UNKNOWN,D,NOT CONSOLIDATED,Y,YES - SERVICE WHERE PBA IS USED.,N,NO,Z,NOT APPLICABLE,N,NO,X,NOT APPLICABLE,f,f,f,f,f,f,f,f,f,f,f,f,f,f,f,f,f,f,f,SMALL BUSINESS,S,f,f,f,f,f,f,f,f,f,f,f,f,f,f,f,f,f,CORPORATE NOT TAX EXEMPT,t,f,f,f,f,f,f,f,f,f,f,f,f,f,f,f,f,t,f,f,f,f,f,f,f,f,f,f,t,f,f,f,f,f,f,f,f,f,f,f,f,f,f,f,f,f,f,f,f,f,FRANK  WILLIS,682077.00,CHRISTIAN  VEERIS,332815.00,DAVID  MILLER,323396.00,SELVY  UTAMA,331189.00,MIN-YI  SHIH,353027.00,https://www.usaspending.gov/award/CONT_AWD_W911NF20C0049_9700_-NONE-_-NONE-/,2021-08-24 14:36:57+00
CONT_AWD_W911QX19C0011_9700_-NONE-_-NONE-,W911QX19C0011,,,,Q: Not Designated Nonemergency/Emergency/Disaster/Wildfire Suppression,,,,,3923978.00,0.00,3923978.00,3923978.00,2019-09-19,2019,2021-08-17,2021,2019-09-10,2021-11-30,2021-11-30 00:00:00,,2019-08-06,097,Department of Defense,2100,Department of the Army,W911QX,W6QK ACC-APG ADELPHI,097,Department of Defense,2100,Department of the Army,W813LT,W262 PROP BK ACCT 5 ARL APG,021-2020/2021-2040-000,021-2040,25.4: Operation and maintenance of facilities;32.0: Land and structures,,X,NOT APPLICABLE,,,XHDBKA151ZA9,079093007,LG CONSTRUCTION INC,"LG CONSTRUCTION, INC.",,6YKW6,XHDBKA151ZA9,079093007,LG CONSTRUCTION INC,LG CONSTRUCTION  INC.,USA,UNITED STATES,636 BROAD ST STE 203,,PERRYVILLE,24015,CECIL,24,MD,MARYLAND,219032814,MD-01,MD-01,9107784578,,USA,UNITED STATES,ABERDEEN PROVING GROUND,24025,HARFORD,24,MD,MARYLAND,210050001,MD-02,MD-01,AWARD,D,DEFINITIVE CONTRACT,,,,,,,J,FIRM FIXED PRICE,RENOVATE BLDG 520 INFORMS LAB,,1,OT,OTHER FUNCTIONS,Z2AA,REPAIR OR ALTERATION OF OFFICE BUILDINGS,H,NOT BUNDLED,C9E,ALL OTHERS NOT IDENTIFIABLE TO ANY OTHER PROCUREMENT PROGRAM,236220,COMMERCIAL AND INSTITUTIONAL BUILDING CONSTRUCTION,C,NO CLAUSES INCLUDED AND NO SUSTAINABILITY INCLUDED,A,U.S. OWNED BUSINESS,000,NONE,Z,NOT IT PRODUCTS OR SERVICES,E,NOT REQUIRED,USA,UNITED STATES,C,NOT A MANUFACTURED END PRODUCT,B,PLAN NOT REQUIRED,B,NOT AVAILABLE FOR COMPETITION,SSS,ONLY ONE SOURCE,8AN,8(A) SOLE SOURCE,NONE,NO PREFERENCE USED,,,,,OTH,AUTHORIZED BY STATUTE (FAR 6.302-5(A)(2)(I)),1,D,COMMERCIAL ITEM PROCEDURES NOT USED,f,N,NO,N,NO,N,NO,N,NO,0.00,N,NO,X,NOT APPLICABLE,N,NO,Y,YES,X,NOT APPLICABLE,,,,,,,,NONE,NONE,Y,YES,X,NOT APPLICABLE EXEMPT FROM CAS,N,TRANSACTION DOES NOT USE GFE/GFP,U,UNKNOWN,D,NOT CONSOLIDATED,Y,YES - SERVICE WHERE PBA IS USED.,N,NO,Z,NOT APPLICABLE,N,NO,X,NOT APPLICABLE,f,f,f,f,f,t,f,f,f,f,f,f,t,f,f,f,t,f,f,SMALL BUSINESS,S,f,f,f,f,f,f,f,f,f,f,f,f,f,f,f,f,f,CORPORATE NOT TAX EXEMPT,t,f,f,f,f,f,f,f,f,f,f,f,f,f,f,f,f,t,f,f,f,f,f,f,f,f,f,f,t,f,f,f,f,f,f,f,f,f,f,f,f,f,f,f,t,t,f,t,f,f,,,,,,,,,,,https://www.usaspending.gov/award/CONT_AWD_W911QX19C0011_9700_-NONE-_-NONE-/,2021-08-17 17:12:52+00
CONT_AWD_W911QY10C0161_9700_-NONE-_-NONE-,W911QY10C0161,,,,,,,,,4209364.00,,4695074.00,4895643.00,2010-09-28,2010,2021-08-17,2021,2010-09-28,2013-12-31,2013-12-31 00:00:00,,,097,Department of Defense,9763,Defense Contract Management Agency,S1002A,DCMA SOUTHEAST,097,Department of Defense,2100,Department of the Army,W911QY,W6QK ACC-APG NATICK,,,,,X,NOT APPLICABLE,,,PQSTC7GEV5L6,833063055,LEIDOS INC,"LEIDOS, INC.",,5UTP8,ZL41ERXMPAR3,611641312,"LEIDOS HOLDINGS, INC.","LEIDOS, INC.",USA,UNITED STATES,1750 PRESIDENTS ST,,RESTON,51059,FAIRFAX,51,VA,VIRGINIA,201905661,VA-11,VA-11,5715266000,,USA,UNITED STATES,RESTON,51059,FAIRFAX,51,VA,VIRGINIA,201903832,VA-11,VA-11,AWARD,D,DEFINITIVE CONTRACT,,,,,,,U,COST PLUS FIXED FEE,RESEARCH AND DEVELOPMENT FOR A TACTICAL INFORMATION MANAGEMENT AND NETWORKING TOOLSET AND INTEGRATION.,,1,,,AC61,R&D- DEFENSE SYSTEM: ELECTRONICS/COMMUNICATION EQUIPMENT (BASIC RESEARCH),D,NOT A BUNDLED REQUIREMENT,S1,SERVICES,541712,"RESEARCH AND DEVELOPMENT IN THE PHYSICAL, ENGINEERING, AND LIFE SCIENCES (EXCEPT BIOTECHNOLOGY)",C,NO CLAUSES INCLUDED AND NO SUSTAINABILITY INCLUDED,A,U.S. OWNED BUSINESS,000,NONE,Z,NOT IT PRODUCTS OR SERVICES,E,NOT REQUIRED,USA,UNITED STATES,C,NOT A MANUFACTURED END PRODUCT,C,PLAN REQUIRED - INCENTIVE NOT INCLUDED,A,FULL AND OPEN COMPETITION,NP,NEGOTIATED PROPOSAL/QUOTE,NONE,NO SET ASIDE USED.,NONE,NO PREFERENCE USED,,,,,,,1,D,COMMERCIAL ITEM PROCEDURES NOT USED,f,N,NO,N,NO,Y,YES,N,NO,0.00,N,NO,N,NO,N,NO,N,NO,X,NOT APPLICABLE,,,,,,,,NONE,NONE,N,NO,Y,YES - CAS CLAUSE INCLUDED,N,TRANSACTION DOES NOT USE GFE/GFP,N,NO,N,NO,Y,YES - SERVICE WHERE PBA IS USED.,N,NO,Z,NOT APPLICABLE,N,NO,X,NOT APPLICABLE,f,f,f,f,f,f,f,f,f,f,f,f,f,f,f,f,f,f,f,OTHER THAN SMALL BUSINESS,O,f,f,f,f,f,f,f,f,f,f,f,f,f,f,f,f,f,CORPORATE NOT TAX EXEMPT,t,f,f,f,f,f,f,f,f,f,f,f,f,f,f,f,f,t,f,f,f,f,f,f,f,f,f,f,t,f,f,f,f,f,f,f,f,f,f,f,f,f,f,f,f,f,f,f,f,f,,,,,,,,,,,https://www.usaspending.gov/award/CONT_AWD_W911QY10C0161_9700_-NONE-_-NONE-/,2021-08-18 08:15:33+00
CONT_AWD_W911QY19C0019_9700_-NONE-_-NONE-,W911QY19C0019,,,,,,,,,1549991.56,,1549991.56,1549991.56,2019-02-25,2019,2021-08-23,2021,2019-03-11,2022-10-31,2022-10-31 00:00:00,,2016-11-30,097,Department of Defense,2100,Department of the Army,W911QY,W6QK ACC-APG NATICK,097,Department of Defense,2100,Department of the Army,W56YHX,W1D1 NATICK SOLDIER CENTER,,,,,X,NOT APPLICABLE,,,GN3MJYM5GKH6,080237221,BEEHEX INC,BEEHEX INC,,7PGA4,GN3MJYM5GKH6,080237221,BEEHEX INC,BEEHEX INC,USA,UNITED STATES,1130 GAHANNA PKWY,,COLUMBUS,39049,FRANKLIN,39,OH,OHIO,432306615,OH-03,OH-03,6149064734,,USA,UNITED STATES,COLUMBUS,39049,FRANKLIN,39,OH,OHIO,432306615,OH-03,OH-03,AWARD,D,DEFINITIVE CONTRACT,,,,,,,J,FIRM FIXED PRICE,3D FOOD PRINTING CONTROL SYSTEM,,1,OT,OTHER FUNCTIONS,AZ11,R&D- OTHER RESEARCH AND DEVELOPMENT (BASIC RESEARCH),H,NOT BUNDLED,S1,SERVICES,311999,ALL OTHER MISCELLANEOUS FOOD MANUFACTURING,C,NO CLAUSES INCLUDED AND NO SUSTAINABILITY INCLUDED,A,U.S. OWNED BUSINESS,000,NONE,Z,NOT IT PRODUCTS OR SERVICES,E,NOT REQUIRED,USA,UNITED STATES,C,NOT A MANUFACTURED END PRODUCT,B,PLAN NOT REQUIRED,D,FULL AND OPEN COMPETITION AFTER EXCLUSION OF SOURCES,NP,NEGOTIATED PROPOSAL/QUOTE,SBA,SMALL BUSINESS SET ASIDE - TOTAL,NONE,NO PREFERENCE USED,SR2,SMALL BUSINESS INNOVATION RESEARCH PROGRAM PHASE II ACTION,,,,,1,D,COMMERCIAL ITEM PROCEDURES NOT USED,f,N,NO,N,NO,X,NOT APPLICABLE,N,NO,0.00,N,NO,X,NOT APPLICABLE,X,NOT APPLICABLE,X,NOT APPLICABLE,X,NOT APPLICABLE,,,,,,,,NONE,NONE,N,NO,Y,YES - CAS CLAUSE INCLUDED,N,TRANSACTION DOES NOT USE GFE/GFP,U,UNKNOWN,D,NOT CONSOLIDATED,Y,YES - SERVICE WHERE PBA IS USED.,N,NO,Z,NOT APPLICABLE,N,NO,X,NOT APPLICABLE,f,f,f,f,f,f,f,f,f,f,f,f,f,f,f,f,f,f,f,SMALL BUSINESS,S,f,f,f,f,f,f,f,f,f,f,f,f,f,f,f,f,f,CORPORATE NOT TAX EXEMPT,t,f,f,f,f,f,f,f,f,f,f,f,f,f,f,f,f,t,f,f,f,f,f,f,f,f,f,f,t,f,f,f,f,f,f,f,f,f,f,f,f,f,f,f,f,t,f,f,f,f,,,,,,,,,,,https://www.usaspending.gov/award/CONT_AWD_W911QY19C0019_9700_-NONE-_-NONE-/,2021-08-23 13:53:11+00
CONT_AWD_W911QY19C0049_9700_-NONE-_-NONE-,W911QY19C0049,,,,,,,,,722220.00,0.00,1040997.51,1040997.51,2019-04-01,2019,2021-08-24,2021,2019-04-01,2021-07-31,2021-07-31 00:00:00,,2019-01-06,097,Department of Defense,2100,Department of the Army,W911QY,W6QK ACC-APG NATICK,097,Department of Defense,2100,Department of the Army,W56XNH,W6DZ CPE CBRND FT DETRICK,097-2019/2020-0400-000;097-2020/2021-0400-000,097-0400,25.5: Research and development contracts,,X,NOT APPLICABLE,,,GC2RFAZK8G64,073438462,"RESILIENCE GOVERNMENT SERVICES, INC.","OLOGY BIOSERVICES, INC",,3GQS9,GC2RFAZK8G64,073438462,"RESILIENCE GOVERNMENT SERVICES, INC.",NANOTHERAPEUTICS  INC.,USA,UNITED STATES,13200 NW NANO COURT,,ALACHUA,12001,ALACHUA,12,FL,FLORIDA,326158726,FL-03,FL-03,3012767851,3864622087,USA,UNITED STATES,ALACHUA,12001,ALACHUA,12,FL,FLORIDA,326158726,FL-03,FL-03,AWARD,D,DEFINITIVE CONTRACT,,,,,,,U,COST PLUS FIXED FEE,PMR AND PMC,W911QY19R0000,1,OT,OTHER FUNCTIONS,AN93,R&D- MEDICAL: OTHER (ADVANCED DEVELOPMENT),H,NOT BUNDLED,S1,SERVICES,541714,RESEARCH AND DEVELOPMENT IN BIOTECHNOLOGY (EXCEPT NANOBIOTECHNOLOGY),C,NO CLAUSES INCLUDED AND NO SUSTAINABILITY INCLUDED,A,U.S. OWNED BUSINESS,000,NONE,Z,NOT IT PRODUCTS OR SERVICES,E,NOT REQUIRED,USA,UNITED STATES,C,NOT A MANUFACTURED END PRODUCT,B,PLAN NOT REQUIRED,C,NOT COMPETED,SSS,ONLY ONE SOURCE,NONE,NO SET ASIDE USED.,NONE,NO PREFERENCE USED,,,,,ONE,ONLY ONE SOURCE-OTHER (FAR 6.302-1 OTHER),1,D,COMMERCIAL ITEM PROCEDURES NOT USED,f,N,NO,N,NO,Y,YES,N,NO,0.00,N,NO,Y,YES,Y,YES,X,NOT APPLICABLE,X,NOT APPLICABLE,,,,,,,,NONE,NONE,N,NO,X,NOT APPLICABLE EXEMPT FROM CAS,N,TRANSACTION DOES NOT USE GFE/GFP,U,UNKNOWN,D,NOT CONSOLIDATED,Y,YES - SERVICE WHERE PBA IS USED.,N,NO,Z,NOT APPLICABLE,N,NO,X,NOT APPLICABLE,f,f,f,f,f,f,f,f,f,f,f,f,f,f,f,f,f,f,f,SMALL BUSINESS,S,f,f,f,f,f,f,f,f,f,f,f,f,f,f,f,f,f,CORPORATE NOT TAX EXEMPT,t,f,f,f,f,f,f,f,f,f,f,f,t,f,f,f,f,t,f,f,f,f,f,f,f,f,f,f,t,f,f,f,f,f,f,f,f,f,f,f,f,f,f,f,f,f,f,f,f,f,PETER H KHOURY,553557.00,JAMES M MATTHEW,400513.00,ROBERT V HOUSE,345440.00,MICHAEL T COOKE,344667.00,BRANDON B BREGA,333179.00,https://www.usaspending.gov/award/CONT_AWD_W911QY19C0049_9700_-NONE-_-NONE-/,2021-08-24 16:13:36+00
CONT_AWD_W911QY20C0105_9700_-NONE-_-NONE-,W911QY20C0105,,,,,,,,,1099657.57,,1099657.57,1099657.57,2020-09-14,2020,2021-08-23,2021,2020-09-11,2022-09-20,2022-09-20 00:00:00,,2018-08-24,097,Department of Defense,2100,Department of the Army,W911QY,W6QK ACC-APG NATICK,097,Department of Defense,2100,Department of the Army,W56YHX,W1D1 NATICK SOLDIER CENTER,,,,,X,NOT APPLICABLE,,,MGPGL46NHDA4,,"HY-TEK MANUFACTURING CO., INC.","HY-TEK MANUFACTURING CO., INC.",,0PE50,MGPGL46NHDA4,,"HY-TEK MANUFACTURING CO., INC.",HY-TEK MANUFACTURING CO  INC,USA,UNITED STATES,1998 BUCKTAIL LANE,,SUGAR GROVE,17089,KANE,17,IL,ILLINOIS,605549609,IL-14,IL-14,6304667664,6304667678,USA,UNITED STATES,SUGAR GROVE,17089,KANE,17,IL,ILLINOIS,605549606,IL-14,IL-14,AWARD,D,DEFINITIVE CONTRACT,,,,,,,J,FIRM FIXED PRICE,SBIR PHASE II - PROPOSAL NUMBER A2-8312,,1,OT,OTHER FUNCTIONS,AD62,R&D- DEFENSE OTHER: CONSTRUCTION (APPLIED RESEARCH/EXPLORATORY DEVELOPMENT),H,NOT BUNDLED,S1,SERVICES,541715,"RESEARCH AND DEVELOPMENT IN THE PHYSICAL, ENGINEERING, AND LIFE SCIENCES (EXCEPT NANOTECHNOLOGY AND BIOTECHNOLOGY)",C,NO CLAUSES INCLUDED AND NO SUSTAINABILITY INCLUDED,A,U.S. OWNED BUSINESS,000,NONE,Z,NOT IT PRODUCTS OR SERVICES,E,NOT REQUIRED,USA,UNITED STATES,C,NOT A MANUFACTURED END PRODUCT,B,PLAN NOT REQUIRED,D,FULL AND OPEN COMPETITION AFTER EXCLUSION OF SOURCES,NP,NEGOTIATED PROPOSAL/QUOTE,SBA,SMALL BUSINESS SET ASIDE - TOTAL,NONE,NO PREFERENCE USED,SR2,SMALL BUSINESS INNOVATION RESEARCH PROGRAM PHASE II ACTION,,,,,1,D,COMMERCIAL ITEM PROCEDURES NOT USED,f,N,NO,N,NO,X,NOT APPLICABLE,N,NO,0.00,N,NO,X,NOT APPLICABLE,X,NOT APPLICABLE,X,NOT APPLICABLE,X,NOT APPLICABLE,,,,,,,,NONE,NONE,N,NO,X,NOT APPLICABLE EXEMPT FROM CAS,N,TRANSACTION DOES NOT USE GFE/GFP,U,UNKNOWN,D,NOT CONSOLIDATED,Y,YES - SERVICE WHERE PBA IS USED.,N,NO,Z,NOT APPLICABLE,N,NO,X,NOT APPLICABLE,f,f,f,f,f,f,f,t,t,f,f,f,f,f,f,f,f,f,f,SMALL BUSINESS,S,f,f,f,f,f,f,f,f,f,f,f,f,f,f,f,f,f,CORPORATE NOT TAX EXEMPT,t,f,f,f,f,f,f,f,f,f,f,f,t,f,f,f,f,t,f,f,f,f,f,f,f,f,f,f,t,f,f,f,f,f,f,f,f,f,f,f,f,f,f,f,f,f,f,f,f,f,,,,,,,,,,,https://www.usaspending.gov/award/CONT_AWD_W911QY20C0105_9700_-NONE-_-NONE-/,2025-12-31 09:44:17+00
CONT_AWD_W911QY21C0100_9700_-NONE-_-NONE-,W911QY21C0100,,,,,,,,,331600.00,,331600.00,331600.00,2021-08-19,2021,2021-08-19,2021,2021-08-19,2022-02-28,2022-02-28 00:00:00,,2021-06-16,097,Department of Defense,2100,Department of the Army,W911QY,W6QK ACC-APG NATICK,097,Department of Defense,2100,Department of the Army,W5K9Z9,W6DS CPE GSS FT BELVOIR,,,,,X,NOT APPLICABLE,,,N9HJAHANRNB7,074095829,"SOUTHEASTERN KENTUCKY REHABILITATION INDUSTRIES, INC","SOUTHEASTERN KENTUCKY REHABILITATION INDUSTRIES, INC.",,2Z957,N9HJAHANRNB7,074095829,"SOUTHEASTERN KENTUCKY REHABILITATION INDUSTRIES, INC",SOUTHEASTERN KENTUCKY REHABILITATION INDUSTRIES  INC.,USA,UNITED STATES,1205 W CUMBERLAND GAP PKWY,,CORBIN,21125,LAUREL,21,KY,KENTUCKY,407015902,KY-05,KY-05,6065287490,6065287497,USA,UNITED STATES,CORBIN,21125,LAUREL,21,KY,KENTUCKY,407015902,KY-05,KY-05,AWARD,D,DEFINITIVE CONTRACT,,,,,,,J,FIRM FIXED PRICE,IFAK II CARRIERS,,1,,,6545,"REPLENISHABLE FIELD MEDICAL SETS, KITS, AND OUTFITS",H,NOT BUNDLED,C9E,ALL OTHERS NOT IDENTIFIABLE TO ANY OTHER PROCUREMENT PROGRAM,315990,APPAREL ACCESSORIES AND OTHER APPAREL MANUFACTURING,C,NO CLAUSES INCLUDED AND NO SUSTAINABILITY INCLUDED,A,U.S. OWNED BUSINESS,000,NONE,Z,NOT IT PRODUCTS OR SERVICES,A,MEETS REQUIREMENTS,USA,UNITED STATES,D,MFG IN U.S.,B,PLAN NOT REQUIRED,B,NOT AVAILABLE FOR COMPETITION,SSS,ONLY ONE SOURCE,NONE,NO SET ASIDE USED.,NONE,NO PREFERENCE USED,,,,,OTH,AUTHORIZED BY STATUTE (FAR 6.302-5(A)(2)(I)),1,D,COMMERCIAL ITEM PROCEDURES NOT USED,f,N,NO,N,NO,X,NOT APPLICABLE,N,NO,0.00,N,NO,X,NOT APPLICABLE,X,NOT APPLICABLE,X,NOT APPLICABLE,X,NOT APPLICABLE,,,,,,,,NONE,NONE,N,NO,X,NOT APPLICABLE EXEMPT FROM CAS,N,TRANSACTION DOES NOT USE GFE/GFP,U,UNKNOWN,D,NOT CONSOLIDATED,X,NOT APPLICABLE,N,NO,Z,NOT APPLICABLE,N,NO,X,NOT APPLICABLE,f,f,f,f,f,f,f,f,f,f,f,f,f,f,f,f,f,f,f,OTHER THAN SMALL BUSINESS,O,f,f,f,f,f,f,f,f,f,f,f,f,f,f,f,f,f,CORPORATE TAX EXEMPT,f,t,f,f,f,f,f,f,f,f,f,f,t,f,f,f,f,t,f,f,f,f,f,f,f,f,f,f,f,t,f,t,f,f,f,f,f,f,f,f,f,f,f,f,f,f,f,f,f,f,,,,,,,,,,,https://www.usaspending.gov/award/CONT_AWD_W911QY21C0100_9700_-NONE-_-NONE-/,2022-03-29 07:28:02+00
CONT_AWD_W911SG20C0019_9700_-NONE-_-NONE-,W911SG20C0019,,,,N: Emergency P.L. 116-136,0,1452578.00,,,726289.00,0.00,726289.00,726289.00,2020-08-17,2020,2021-08-20,2021,2020-08-17,2021-09-17,2021-09-17 00:00:00,,2020-06-01,097,Department of Defense,2100,Department of the Army,W911SG,W6QM MICC-FT BLISS,097,Department of Defense,2100,Department of the Army,W45C21,W6CL USAG FMWR,021-2020/2020-2020-000,021-2020,25.4: Operation and maintenance of facilities,OPTN: FIELD IS OPTIONAL PRIOR TO FY21,X,NOT APPLICABLE,,,CXGRWCKD8GV5,104044961,BEACH PRODUCTS BY WATER VENTURES,BEACH PRODUCTS BY WATER VENTURES,,1JHN9,CXGRWCKD8GV5,104044961,BEACH PRODUCTS BY WATER VENTURES,BEACH PRODUCTS BY WATER VENTURES,USA,UNITED STATES,26234 ENTERPRISE COURT,,LAKE FOREST,06059,ORANGE,06,CA,CALIFORNIA,926308405,CA-45,CA-40,9494703299,9494703699,USA,UNITED STATES,EL PASO,48141,EL PASO,48,TX,TEXAS,799040005,TX-16,TX-16,AWARD,D,DEFINITIVE CONTRACT,,,,,,,J,FIRM FIXED PRICE,REPAIR/REPLACE SPLASH PARK BLDG 11377,W911SG20R0033,1,OT,OTHER FUNCTIONS,Z2JZ,REPAIR OR ALTERATION OF MISCELLANEOUS BUILDINGS,H,NOT BUNDLED,C2,CONSTRUCTION,238990,ALL OTHER SPECIALTY TRADE CONTRACTORS,C,NO CLAUSES INCLUDED AND NO SUSTAINABILITY INCLUDED,A,U.S. OWNED BUSINESS,000,NONE,Z,NOT IT PRODUCTS OR SERVICES,E,NOT REQUIRED,USA,UNITED STATES,C,NOT A MANUFACTURED END PRODUCT,B,PLAN NOT REQUIRED,D,FULL AND OPEN COMPETITION AFTER EXCLUSION OF SOURCES,NP,NEGOTIATED PROPOSAL/QUOTE,SBA,SMALL BUSINESS SET ASIDE - TOTAL,NONE,NO PREFERENCE USED,,,,,,,3,D,COMMERCIAL ITEM PROCEDURES NOT USED,f,N,NO,N,NO,Y,YES,N,NO,0.00,N,NO,X,NOT APPLICABLE,X,NOT APPLICABLE,Y,YES,X,NOT APPLICABLE,,,,,,,,NONE,NONE,N,NO,X,NOT APPLICABLE EXEMPT FROM CAS,N,TRANSACTION DOES NOT USE GFE/GFP,U,UNKNOWN,D,NOT CONSOLIDATED,Y,YES - SERVICE WHERE PBA IS USED.,N,NO,A,FAR 52.232-16 PROGRESS PAYMENTS,N,NO,X,NOT APPLICABLE,f,f,f,f,f,f,f,f,f,f,f,f,f,f,f,f,f,f,f,SMALL BUSINESS,S,f,f,f,f,f,f,f,f,f,f,f,f,f,f,f,f,f,CORPORATE NOT TAX EXEMPT,t,f,f,f,f,f,f,f,f,f,f,f,f,f,f,f,f,t,f,f,f,f,f,f,f,f,f,f,t,f,f,f,f,f,f,f,f,f,f,f,f,f,f,f,f,f,f,f,f,f,,,,,,,,,,,https://www.usaspending.gov/award/CONT_AWD_W911SG20C0019_9700_-NONE-_-NONE-/,2021-08-20 11:42:33+00
CONT_AWD_W911SR20C0027_9700_-NONE-_-NONE-,W911SR20C0027,,,,,,,,,167498.26,,167498.26,167498.26,2020-04-26,2020,2021-08-23,2021,2020-04-27,2021-12-29,2021-12-29 00:00:00,,,097,Department of Defense,2100,Department of the Army,W911SR,W6QK ACC-APG,097,Department of Defense,2100,Department of the Army,W91B94,W6JR CCDC CHEM BIO CENTER,,,,,X,NOT APPLICABLE,,,PMVAL8J63516,184758308,LYNNTECH INC.,LYNNTECH INC.,,0LHF9,NNR8M8NDABJ7,962340746,"ASTIN HOLDINGS, L.P.",ASTIN HOLDINGS  L.P.,USA,UNITED STATES,2501 EARL RUDDER FREEWAY S,,COLLEGE STATION,48041,BRAZOS,48,TX,TEXAS,778457384,TX-17,TX-10,9797642296,8884798650,USA,UNITED STATES,COLLEGE STATION,48041,BRAZOS,48,TX,TEXAS,778457384,TX-17,TX-10,AWARD,D,DEFINITIVE CONTRACT,,,,,,,J,FIRM FIXED PRICE,"SMALL BUSINESS INNOVATION RESEARCH (SBIR) PHASE I ""SCALABLE PROCESS FOR DRYING OBSCURANTS"". THE OBJECTIVE OF THIS CONTRACT IS TO REDUCE AGGLOMERATION IN OBSCURANT MATERIAL FLAKES USING A SPRAY DRYING PLASMA TREATMENT PROCESS.",,1,OT,OTHER FUNCTIONS,AD22,R&D- DEFENSE OTHER: SERVICES (APPLIED RESEARCH/EXPLORATORY DEVELOPMENT),H,NOT BUNDLED,S1,SERVICES,541715,"RESEARCH AND DEVELOPMENT IN THE PHYSICAL, ENGINEERING, AND LIFE SCIENCES (EXCEPT NANOTECHNOLOGY AND BIOTECHNOLOGY)",C,NO CLAUSES INCLUDED AND NO SUSTAINABILITY INCLUDED,A,U.S. OWNED BUSINESS,000,NONE,Z,NOT IT PRODUCTS OR SERVICES,A,MEETS REQUIREMENTS,USA,UNITED STATES,C,NOT A MANUFACTURED END PRODUCT,B,PLAN NOT REQUIRED,D,FULL AND OPEN COMPETITION AFTER EXCLUSION OF SOURCES,NP,NEGOTIATED PROPOSAL/QUOTE,SBA,SMALL BUSINESS SET ASIDE - TOTAL,NONE,NO PREFERENCE USED,SR1,SMALL BUSINESS INNOVATION RESEARCH PROGRAM PHASE I ACTION,,,,,1,D,COMMERCIAL ITEM PROCEDURES NOT USED,f,N,NO,N,NO,N,NO,N,NO,0.00,N,NO,X,NOT APPLICABLE,X,NOT APPLICABLE,X,NOT APPLICABLE,X,NOT APPLICABLE,,,,,,,,NONE,NONE,N,NO,X,NOT APPLICABLE EXEMPT FROM CAS,N,TRANSACTION DOES NOT USE GFE/GFP,U,UNKNOWN,D,NOT CONSOLIDATED,Y,YES - SERVICE WHERE PBA IS USED.,N,NO,Z,NOT APPLICABLE,N,NO,X,NOT APPLICABLE,f,f,f,f,f,f,f,f,f,f,f,f,f,f,f,f,f,f,f,SMALL BUSINESS,S,f,f,f,f,f,f,f,f,f,f,f,f,f,f,f,f,f,CORPORATE NOT TAX EXEMPT,t,f,f,f,f,f,f,f,f,f,f,f,f,f,f,f,f,t,f,f,f,f,f,f,f,f,f,f,t,f,f,f,f,f,f,f,f,f,f,f,f,f,f,f,f,f,f,f,f,f,,,,,,,,,,,https://www.usaspending.gov/award/CONT_AWD_W911SR20C0027_9700_-NONE-_-NONE-/,2021-08-23 19:40:28+00
CONT_AWD_W911SR20C0050_9700_-NONE-_-NONE-,W911SR20C0050,,,,N: Emergency P.L. 116-136;Q: Not Designated Nonemergency/Emergency/Disaster/Wildfire Suppression,0,27577777.76,,,9579101.94,0.00,9579101.94,9579101.94,2020-08-03,2020,2021-08-17,2021,2020-08-03,2021-08-30,2021-08-30 00:00:00,,2020-05-26,097,Department of Defense,2100,Department of the Army,W58P05,W6QK ACC-APG NATICK,097,Department of Defense,2100,Department of the Army,W56XNH,W6DZ CPE CBRND FT DETRICK,021-2020/2021-2040-000,021-2040,25.5: Research and development contracts,0001: BASIC RESEARCH;OPTN: FIELD IS OPTIONAL PRIOR TO FY21,X,NOT APPLICABLE,,,Q83NPDNW2783,,QUALITY IMPACT INC,QUALITY IMPACT INC.,,8LGM8,Q83NPDNW2783,,QUALITY IMPACT INC,QUALITY IMPACT INC.,USA,UNITED STATES,879 SHELL BLVD APT 104,,FOSTER CITY,06081,SAN MATEO,06,CA,CALIFORNIA,944042529,CA-14,CA-15,7578131545,,USA,UNITED STATES,FOSTER CITY,06081,SAN MATEO,06,CA,CALIFORNIA,944042529,CA-14,CA-15,AWARD,D,DEFINITIVE CONTRACT,,,,,,,J,FIRM FIXED PRICE,SAFETY SYRINGES AND NEEDLES TO SUPPORT COVID-19 RESPONSE.,W911SR20R0003,1,OT,OTHER FUNCTIONS,6515,"MEDICAL AND SURGICAL INSTRUMENTS, EQUIPMENT, AND SUPPLIES",H,NOT BUNDLED,C9B,MEDICAL AND DENTAL SUPPLIES AND EQUIPMENT,339112,SURGICAL AND MEDICAL INSTRUMENT MANUFACTURING,C,NO CLAUSES INCLUDED AND NO SUSTAINABILITY INCLUDED,A,U.S. OWNED BUSINESS,000,NONE,Z,NOT IT PRODUCTS OR SERVICES,E,NOT REQUIRED,CHN,CHINA,J,MFG OUTSIDE U.S. - DOMESTIC NONAVAILABILITY,B,PLAN NOT REQUIRED,A,FULL AND OPEN COMPETITION,NP,NEGOTIATED PROPOSAL/QUOTE,NONE,NO SET ASIDE USED.,NONE,NO PREFERENCE USED,,,,,,,16,A,COMMERCIAL ITEM,f,N,NO,N,NO,Y,YES,N,NO,0.00,N,NO,X,NOT APPLICABLE,X,NOT APPLICABLE,X,NOT APPLICABLE,X,NOT APPLICABLE,,,,,,,,P20C,COVID-19 2020,N,NO,X,NOT APPLICABLE EXEMPT FROM CAS,N,TRANSACTION DOES NOT USE GFE/GFP,U,UNKNOWN,D,NOT CONSOLIDATED,X,NOT APPLICABLE,N,NO,Z,NOT APPLICABLE,N,NO,C,"PRESIDENTIAL ISSUED EMERGENCY DECLARATION, OR A MAJOR DISASTER DECLARATION",f,f,f,f,f,t,f,f,f,f,f,f,f,f,f,f,f,f,f,SMALL BUSINESS,S,f,f,f,f,f,f,f,f,f,f,f,f,f,f,f,f,f,CORPORATE NOT TAX EXEMPT,t,f,f,f,f,f,f,f,f,f,f,f,f,f,f,f,f,t,f,f,f,f,f,f,f,t,f,f,t,f,f,f,f,f,f,f,f,f,f,f,f,f,f,f,f,t,f,f,f,f,,,,,,,,,,,https://www.usaspending.gov/award/CONT_AWD_W911SR20C0050_9700_-NONE-_-NONE-/,2025-12-31 09:44:17+00
CONT_AWD_W911SR20C0055_9700_-NONE-_-NONE-,W911SR20C0055,,,,N: Emergency P.L. 116-136,0,445764.00,,,167362.00,0.00,167362.00,167362.00,2020-09-04,2020,2021-08-19,2021,2020-09-04,2021-12-22,2021-12-22 00:00:00,,,097,Department of Defense,2100,Department of the Army,W911SR,W6QK ACC-APG,097,Department of Defense,2100,Department of the Army,W91B94,W6JR CCDC CHEM BIO CENTER,021-2020/2021-2040-000,021-2040,25.5: Research and development contracts,OPTN: FIELD IS OPTIONAL PRIOR TO FY21,X,NOT APPLICABLE,,,MXT5BGZX32S3,614108918,"SCIENTIFIC APPLICATIONS & RESEARCH ASSOCIATES, INC.","SCIENTIFIC APPLICATIONS & RESEARCH ASSOCIATES, INC.",,0LK26,MXT5BGZX32S3,614108918,"SCIENTIFIC APPLICATIONS & RESEARCH ASSOCIATES, INC.",SCIENTIFIC APPLICATION & RESEARCH ASSOCIATES,USA,UNITED STATES,6300 GATEWAY DR,,CYPRESS,06059,ORANGE,06,CA,CALIFORNIA,906304844,CA-47,CA-45,7142244410,7142241710,USA,UNITED STATES,CYPRESS,06059,ORANGE,06,CA,CALIFORNIA,906303178,CA-47,CA-45,AWARD,D,DEFINITIVE CONTRACT,,,,,,,J,FIRM FIXED PRICE,TO CONDUCT DEVELOPMENT OF A BRAKING SYSTEM CAPABLE OF ACTIVATION AT HYPERSONIC VELOCITIES ENABLES RAPID SENSITIVE PAYLOAD DELIVERY WITHOUT SACRIFICING MUNITION TRANSIT TIME.,,1,OT,OTHER FUNCTIONS,AD22,R&D- DEFENSE OTHER: SERVICES (APPLIED RESEARCH/EXPLORATORY DEVELOPMENT),H,NOT BUNDLED,S1,SERVICES,541715,"RESEARCH AND DEVELOPMENT IN THE PHYSICAL, ENGINEERING, AND LIFE SCIENCES (EXCEPT NANOTECHNOLOGY AND BIOTECHNOLOGY)",C,NO CLAUSES INCLUDED AND NO SUSTAINABILITY INCLUDED,A,U.S. OWNED BUSINESS,000,NONE,Z,NOT IT PRODUCTS OR SERVICES,E,NOT REQUIRED,USA,UNITED STATES,C,NOT A MANUFACTURED END PRODUCT,B,PLAN NOT REQUIRED,D,FULL AND OPEN COMPETITION AFTER EXCLUSION OF SOURCES,NP,NEGOTIATED PROPOSAL/QUOTE,SBA,SMALL BUSINESS SET ASIDE - TOTAL,NONE,NO PREFERENCE USED,SR1,SMALL BUSINESS INNOVATION RESEARCH PROGRAM PHASE I ACTION,,,,,1,D,COMMERCIAL ITEM PROCEDURES NOT USED,f,N,NO,N,NO,N,NO,N,NO,0.00,N,NO,X,NOT APPLICABLE,X,NOT APPLICABLE,X,NOT APPLICABLE,X,NOT APPLICABLE,,,,,,,,NONE,NONE,N,NO,X,NOT APPLICABLE EXEMPT FROM CAS,N,TRANSACTION DOES NOT USE GFE/GFP,U,UNKNOWN,D,NOT CONSOLIDATED,Y,YES - SERVICE WHERE PBA IS USED.,N,NO,Z,NOT APPLICABLE,N,NO,X,NOT APPLICABLE,f,f,f,f,f,f,f,f,f,f,f,f,f,f,f,f,f,f,f,SMALL BUSINESS,S,f,f,f,f,f,f,f,f,f,f,f,f,f,f,f,f,f,CORPORATE NOT TAX EXEMPT,t,f,f,f,f,f,f,f,f,f,f,f,f,f,f,f,f,t,f,f,f,f,f,f,f,t,f,f,t,f,f,f,f,f,f,f,f,f,f,f,f,f,f,f,f,f,f,f,f,f,SCOTT  ELDRIDGE,504013.00,PARVIZ  PARHAMI,569314.00,CAMERON  HETTLER,269307.00,JAY  CLECKLER,273185.00,AMY  DOCKENDORF,257723.00,https://www.usaspending.gov/award/CONT_AWD_W911SR20C0055_9700_-NONE-_-NONE-/,2021-08-19 08:08:09+00
CONT_AWD_W911SR21C0035_9700_-NONE-_-NONE-,W911SR21C0035,,,,,,,,,167462.41,,167462.41,167462.41,2021-08-20,2021,2021-08-20,2021,2021-08-19,2022-02-02,2022-02-02 00:00:00,,,097,Department of Defense,2100,Department of the Army,W911SR,W6QK ACC-APG,097,Department of Defense,2100,Department of the Army,W91B94,W6JR CCDC CHEM BIO CENTER,,,,,X,NOT APPLICABLE,,,DA91DUWSMSQ7,,"TRITON SYSTEMS, INC.","TRITON SYSTEMS, INC.",,0VLJ1,DA91DUWSMSQ7,,"TRITON SYSTEMS, INC.",TRITON SYSTEMS  INC.,USA,UNITED STATES,330 BILLERICA RD STE 200,,CHELMSFORD,25017,MIDDLESEX,25,MA,MASSACHUSETTS,018244140,MA-03,MA-03,9788564174,9782509585,USA,UNITED STATES,CHELMSFORD,25017,MIDDLESEX,25,MA,MASSACHUSETTS,018240440,MA-03,MA-03,AWARD,D,DEFINITIVE CONTRACT,,,,,,,J,FIRM FIXED PRICE,SBIR PH1,,1,OT,OTHER FUNCTIONS,AC12,NATIONAL DEFENSE R&D SERVICES; DEPARTMENT OF DEFENSE - MILITARY; APPLIED RESEARCH,H,NOT BUNDLED,S1,SERVICES,541715,"RESEARCH AND DEVELOPMENT IN THE PHYSICAL, ENGINEERING, AND LIFE SCIENCES (EXCEPT NANOTECHNOLOGY AND BIOTECHNOLOGY)",C,NO CLAUSES INCLUDED AND NO SUSTAINABILITY INCLUDED,A,U.S. OWNED BUSINESS,000,NONE,Z,NOT IT PRODUCTS OR SERVICES,E,NOT REQUIRED,USA,UNITED STATES,C,NOT A MANUFACTURED END PRODUCT,B,PLAN NOT REQUIRED,D,FULL AND OPEN COMPETITION AFTER EXCLUSION OF SOURCES,NP,NEGOTIATED PROPOSAL/QUOTE,SBA,SMALL BUSINESS SET ASIDE - TOTAL,NONE,NO PREFERENCE USED,SR1,SMALL BUSINESS INNOVATION RESEARCH PROGRAM PHASE I ACTION,,,,,1,D,COMMERCIAL ITEM PROCEDURES NOT USED,f,N,NO,N,NO,X,NOT APPLICABLE,N,NO,0.00,N,NO,X,NOT APPLICABLE,X,NOT APPLICABLE,X,NOT APPLICABLE,X,NOT APPLICABLE,,,,,,,,NONE,NONE,N,NO,X,NOT APPLICABLE EXEMPT FROM CAS,N,TRANSACTION DOES NOT USE GFE/GFP,U,UNKNOWN,D,NOT CONSOLIDATED,N,NO - SERVICE WHERE PBA IS NOT USED.,N,NO,Z,NOT APPLICABLE,N,NO,X,NOT APPLICABLE,f,f,f,f,f,f,f,f,f,f,f,f,f,f,f,f,f,f,f,SMALL BUSINESS,S,f,f,f,f,f,f,f,f,f,f,f,f,f,f,f,f,f,CORPORATE NOT TAX EXEMPT,t,f,f,f,f,f,f,f,f,f,f,f,f,f,f,f,f,t,f,f,f,f,f,f,f,f,f,f,t,f,f,f,f,f,f,f,f,f,f,f,f,f,f,f,f,f,f,f,f,f,,,,,,,,,,,https://www.usaspending.gov/award/CONT_AWD_W911SR21C0035_9700_-NONE-_-NONE-/,2023-03-15 09:31:52+00
CONT_AWD_W911W615C0009_9700_-NONE-_-NONE-,W911W615C0009,,,,,,,,,1000000.00,,1000000.00,1000000.00,2015-05-18,2015,2021-08-19,2021,2015-05-18,2020-01-25,2020-01-25 00:00:00,,,097,Department of Defense,9763,Defense Contract Management Agency,S0602A,DCMA MOUNTAIN PACIFIC (DENVER),097,Department of Defense,2100,Department of the Army,W911W6,W6QK AATD CONTR OFF,,,,,X,NOT APPLICABLE,,,MK5ANJVWVZK7,181947730,"TDA RESEARCH, INC.","TDA RESEARCH, INC.",,0BHX7,MK5ANJVWVZK7,181947730,"TDA RESEARCH, INC.",TDA RESEARCH  INC.,USA,UNITED STATES,12345 W 52ND AVE,,WHEAT RIDGE,08059,JEFFERSON,08,CO,COLORADO,800331916,CO-07,CO-07,3039402300,3034227763,USA,UNITED STATES,WHEAT RIDGE,08059,JEFFERSON,08,CO,COLORADO,800331916,CO-07,CO-07,AWARD,D,DEFINITIVE CONTRACT,,,,,,,U,COST PLUS FIXED FEE,IGF::OT::IGF PAINT ADDITVE FOR EARLY DECTECTION OF CORROSION ~ SBIR PHASE II,,1,OT,OTHER FUNCTIONS,AC12,NATIONAL DEFENSE R&D SERVICES; DEPARTMENT OF DEFENSE - MILITARY; APPLIED RESEARCH,D,NOT A BUNDLED REQUIREMENT,A1C,OTHER AIRCRAFT EQUIPMENT,541712,"RESEARCH AND DEVELOPMENT IN THE PHYSICAL, ENGINEERING, AND LIFE SCIENCES (EXCEPT BIOTECHNOLOGY)",C,NO CLAUSES INCLUDED AND NO SUSTAINABILITY INCLUDED,A,U.S. OWNED BUSINESS,000,NONE,Z,NOT IT PRODUCTS OR SERVICES,E,NOT REQUIRED,USA,UNITED STATES,C,NOT A MANUFACTURED END PRODUCT,B,PLAN NOT REQUIRED,D,FULL AND OPEN COMPETITION AFTER EXCLUSION OF SOURCES,NP,NEGOTIATED PROPOSAL/QUOTE,SBA,SMALL BUSINESS SET ASIDE - TOTAL,NONE,NO PREFERENCE USED,SR2,SMALL BUSINESS INNOVATION RESEARCH PROGRAM PHASE II ACTION,,,,,1,D,COMMERCIAL ITEM PROCEDURES NOT USED,f,N,NO,N,NO,N,NO,N,NO,0.00,N,NO,N,NO,X,NOT APPLICABLE,N,NO,X,NOT APPLICABLE,,,,,,,,NONE,NONE,N,NO,X,NOT APPLICABLE EXEMPT FROM CAS,Y,TRANSACTION USES GFE/GFP,N,NO,N,NO,Y,YES - SERVICE WHERE PBA IS USED.,N,NO,Z,NOT APPLICABLE,N,NO,X,NOT APPLICABLE,f,f,f,f,f,f,f,f,f,f,f,f,f,f,f,f,f,f,f,SMALL BUSINESS,S,f,f,f,f,f,f,f,f,f,f,f,f,f,f,f,f,f,CORPORATE NOT TAX EXEMPT,t,f,f,f,f,f,f,f,f,f,f,f,f,f,f,f,f,t,f,f,f,f,f,f,f,t,f,f,t,f,f,f,f,f,f,f,f,f,f,f,f,f,f,f,f,f,f,f,f,f,,,,,,,,,,,https://www.usaspending.gov/award/CONT_AWD_W911W615C0009_9700_-NONE-_-NONE-/,2021-08-19 19:44:02+00
CONT_AWD_W911W621C0005_9700_-NONE-_-NONE-,W911W621C0005,,,,,,,,,111358.75,,111358.75,167226.23,2021-08-18,2021,2021-08-18,2021,2021-08-30,2022-02-15,2022-02-15 00:00:00,,,097,Department of Defense,2100,Department of the Army,W911W6,W6QK AATD CONTR OFF,097,Department of Defense,2100,Department of the Army,W90BWX,W1DF CCDC AV MISSILE CENTER,,,,,X,NOT APPLICABLE,,,U2DYBLL85L56,,ARCHITECTURE TECHNOLOGY INC,"ARCHITECTURE TECHNOLOGY, INC.",,5V452,U2DYBLL85L56,,ARCHITECTURE TECHNOLOGY INC,ARCHITECTURE TECHNOLOGY CORPORATION,USA,UNITED STATES,9971 VALLEY VIEW RD,,EDEN PRAIRIE,27053,HENNEPIN,27,MN,MINNESOTA,553443526,MN-03,MN-03,9528295864,9528299392,USA,UNITED STATES,EDEN PRAIRIE,27053,HENNEPIN,27,MN,MINNESOTA,553443526,MN-03,MN-03,AWARD,D,DEFINITIVE CONTRACT,,,,,,,J,FIRM FIXED PRICE,SBIR P I  FINAL REPORT AND PROJECT SUMMARY,,1,OT,OTHER FUNCTIONS,AC32,NATIONAL DEFENSE R&D SERVICES; DEFENSE-RELATED ACTIVITIES; APPLIED RESEARCH,H,NOT BUNDLED,A1C,OTHER AIRCRAFT EQUIPMENT,541715,"RESEARCH AND DEVELOPMENT IN THE PHYSICAL, ENGINEERING, AND LIFE SCIENCES (EXCEPT NANOTECHNOLOGY AND BIOTECHNOLOGY)",C,NO CLAUSES INCLUDED AND NO SUSTAINABILITY INCLUDED,A,U.S. OWNED BUSINESS,000,NONE,Z,NOT IT PRODUCTS OR SERVICES,E,NOT REQUIRED,USA,UNITED STATES,C,NOT A MANUFACTURED END PRODUCT,B,PLAN NOT REQUIRED,D,FULL AND OPEN COMPETITION AFTER EXCLUSION OF SOURCES,NP,NEGOTIATED PROPOSAL/QUOTE,SBA,SMALL BUSINESS SET ASIDE - TOTAL,NONE,NO PREFERENCE USED,SR1,SMALL BUSINESS INNOVATION RESEARCH PROGRAM PHASE I ACTION,,,,,19,D,COMMERCIAL ITEM PROCEDURES NOT USED,f,N,NO,N,NO,X,NOT APPLICABLE,N,NO,0.00,N,NO,N,NO,N,NO,N,NO,X,NOT APPLICABLE,,,,,,,,NONE,NONE,N,NO,X,NOT APPLICABLE EXEMPT FROM CAS,N,TRANSACTION DOES NOT USE GFE/GFP,U,UNKNOWN,D,NOT CONSOLIDATED,Y,YES - SERVICE WHERE PBA IS USED.,N,NO,Z,NOT APPLICABLE,N,NO,X,NOT APPLICABLE,f,f,f,f,f,f,f,f,f,f,f,f,f,f,f,f,f,f,f,SMALL BUSINESS,S,f,f,f,f,f,f,f,f,f,f,f,f,f,f,f,f,f,CORPORATE NOT TAX EXEMPT,t,f,f,f,f,f,f,f,f,f,f,f,f,f,f,f,f,t,f,f,f,f,f,f,f,f,f,f,t,f,f,f,f,f,f,f,f,f,f,f,f,f,f,f,f,f,f,f,f,f,,,,,,,,,,,https://www.usaspending.gov/award/CONT_AWD_W911W621C0005_9700_-NONE-_-NONE-/,2025-03-13 10:12:57+00
CONT_AWD_W9123613C0063_9700_-NONE-_-NONE-,W9123613C0063,,,,N: Emergency P.L. 116-136;Q: Not Designated Nonemergency/Emergency/Disaster/Wildfire Suppression,1968663.39,,,,76245621.42,1968663.39,76245621.42,76245621.42,2013-09-24,2013,2021-08-23,2021,2013-09-17,2020-09-14,2020-09-14 00:00:00,,,097,Department of Defense,2100,Department of the Army,W91236,W2SD ENDIST NORFOLK,097,Department of Defense,2100,Department of the Army,W81XLC,W1C9 ARLINGTON NATL CEM,021-2013/2017-2050-000;021-2018/2022-2050-000;021-2020/2020-2020-000,021-2020;021-2050,32.0: Land and structures,0001: MAJOR CONSTRUCTION;OPTN: FIELD IS OPTIONAL PRIOR TO FY21,X,NOT APPLICABLE,,,KFNCDSZJZ6M3,605045848,FORRESTER CONSTRUCTION COMPANY,FORRESTER CONSTRUCTION COMPANY,,0NSH9,KFNCDSZJZ6M3,605045848,FORRESTER CONSTRUCTION COMPANY,FORRESTER CONSTRUCTION COMPANY,USA,UNITED STATES,12231 PARKLAWN DR,,ROCKVILLE,24031,MONTGOMERY,24,MD,MARYLAND,208521792,MD-08,MD-08,3018161700,3018161701,USA,UNITED STATES,ARLINGTON,51013,ARLINGTON,51,VA,VIRGINIA,222011000,VA-08,VA-08,AWARD,D,DEFINITIVE CONTRACT,,,,,,,J,FIRM FIXED PRICE,"IGF::OT::IGF MILLENNIUM PROJECT, ARLINGTON NATIONAL CEMETERY, ARLINGTON, VA",W9123613R0012,1,OT,OTHER FUNCTIONS,Y1AZ,CONSTRUCTION OF OTHER ADMINISTRATIVE FACILITIES AND SERVICE BUILDINGS,D,NOT A BUNDLED REQUIREMENT,C2,CONSTRUCTION,236220,COMMERCIAL AND INSTITUTIONAL BUILDING CONSTRUCTION,C,NO CLAUSES INCLUDED AND NO SUSTAINABILITY INCLUDED,A,U.S. OWNED BUSINESS,000,NONE,Z,NOT IT PRODUCTS OR SERVICES,E,NOT REQUIRED,USA,UNITED STATES,C,NOT A MANUFACTURED END PRODUCT,C,PLAN REQUIRED - INCENTIVE NOT INCLUDED,A,FULL AND OPEN COMPETITION,NP,NEGOTIATED PROPOSAL/QUOTE,NONE,NO SET ASIDE USED.,NONE,NO PREFERENCE USED,,,,,,,4,D,COMMERCIAL ITEM PROCEDURES NOT USED,f,N,NO,N,NO,Y,YES,N,NO,0.00,N,NO,N,NO,N,NO,Y,YES,X,NOT APPLICABLE,,,,,,,,NONE,NONE,N,NO,X,NOT APPLICABLE EXEMPT FROM CAS,N,TRANSACTION DOES NOT USE GFE/GFP,U,UNKNOWN,N,NO,N,NO - SERVICE WHERE PBA IS NOT USED.,N,NO,A,FAR 52.232-16 PROGRESS PAYMENTS,N,NO,X,NOT APPLICABLE,f,f,f,f,f,f,f,f,f,f,f,f,f,f,f,f,f,f,f,OTHER THAN SMALL BUSINESS,O,f,f,f,f,f,f,f,f,f,f,f,f,f,f,f,f,f,CORPORATE NOT TAX EXEMPT,t,f,f,f,f,f,f,f,f,f,f,f,f,f,f,f,f,t,f,f,f,f,f,f,f,f,f,f,t,f,f,f,f,f,f,f,f,f,f,f,f,f,f,f,f,f,f,f,f,f,,,,,,,,,,,https://www.usaspending.gov/award/CONT_AWD_W9123613C0063_9700_-NONE-_-NONE-/,2021-08-23 15:41:31+00
CONT_AWD_W9123818C0014_9700_-NONE-_-NONE-,W9123818C0014,,,,Q: Not Designated Nonemergency/Emergency/Disaster/Wildfire Suppression,,,,,18349375.53,613184.90,18349375.53,18349375.53,2018-05-10,2018,2021-08-20,2021,2018-05-10,2020-02-20,2020-02-20 00:00:00,,,097,Department of Defense,2100,Department of the Army,W91238,W075 ENDIST SACRAMENTO,096,Corps of Engineers - Civil Works,96CE,U.S. Army Corps of Engineers - Civil Program Financing Only,966501,,096-X-3122-000;096-X-8862-000,096-3122;096-8862,32.0: Land and structures,0002: FLOOD RISK MANAGEMENT,X,NOT APPLICABLE,,,XJ9BB6NXMF94,019591614,MALONEY CONSTRUCTION INC,"MALONEY CONSTRUCTION, INC.",,5ZPP1,XJ9BB6NXMF94,019591614,MALONEY CONSTRUCTION INC,MALONEY CONSTRUCTION  INC.,USA,UNITED STATES,7120 REDWOOD BLVD,,NOVATO,06041,MARIN,06,CA,CALIFORNIA,949454114,CA-02,CA-02,4158955304,7077801591,USA,UNITED STATES,SACRAMENTO,06067,SACRAMENTO,06,CA,CALIFORNIA,958331000,CA-06,CA-06,AWARD,D,DEFINITIVE CONTRACT,,,,,,,J,FIRM FIXED PRICE,REACH D LEVEE REPAIR,W9123818B0001,1,OT,OTHER FUNCTIONS,Y1LC,CONSTRUCTION OF TUNNELS AND SUBSURFACE STRUCTURES,H,NOT BUNDLED,C2,CONSTRUCTION,237990,OTHER HEAVY AND CIVIL ENGINEERING CONSTRUCTION,C,NO CLAUSES INCLUDED AND NO SUSTAINABILITY INCLUDED,A,U.S. OWNED BUSINESS,000,NONE,Z,NOT IT PRODUCTS OR SERVICES,E,NOT REQUIRED,USA,UNITED STATES,C,NOT A MANUFACTURED END PRODUCT,B,PLAN NOT REQUIRED,D,FULL AND OPEN COMPETITION AFTER EXCLUSION OF SOURCES,SB,SEALED BID,HZC,HUBZONE SET-ASIDE,NONE,NO PREFERENCE USED,,,,,,,3,D,COMMERCIAL ITEM PROCEDURES NOT USED,f,N,NO,N,NO,Y,YES,N,NO,0.00,N,NO,X,NOT APPLICABLE,X,NOT APPLICABLE,Y,YES,X,NOT APPLICABLE,,,,,,,,NONE,NONE,N,NO,X,NOT APPLICABLE EXEMPT FROM CAS,N,TRANSACTION DOES NOT USE GFE/GFP,U,UNKNOWN,D,NOT CONSOLIDATED,N,NO - SERVICE WHERE PBA IS NOT USED.,N,NO,C,PERCENTAGE OF COMPLETION PROGRESS PAYMENTS,N,NO,X,NOT APPLICABLE,f,f,f,f,f,f,f,f,f,f,f,f,f,f,f,f,f,f,f,SMALL BUSINESS,S,f,f,f,f,f,f,f,f,f,f,f,f,f,f,f,f,f,CORPORATE NOT TAX EXEMPT,t,f,f,f,f,f,f,f,f,f,f,f,f,f,f,f,f,t,f,f,f,f,f,f,f,t,f,f,t,f,f,f,f,f,f,f,f,f,f,f,f,f,f,f,f,f,f,f,t,f,,,,,,,,,,,https://www.usaspending.gov/award/CONT_AWD_W9123818C0014_9700_-NONE-_-NONE-/,2021-08-20 16:41:22+00
CONT_AWD_W9124217C0005_9700_-NONE-_-NONE-,W9124217C0005,,,,,,,,,16429210.82,,16429210.82,16429210.82,2017-09-25,2017,2021-08-20,2021,2017-09-25,2021-09-10,2021-09-10 00:00:00,,,097,Department of Defense,2100,Department of the Army,W91242,W7NS USPFO ACTIVITY NC ARNG,097,Department of Defense,2100,Department of the Army,W802JL,"W8BP NCARNG ELEMENT, JF HQ",,,,,X,NOT APPLICABLE,,,CKWRPN22N5Y3,024574683,DANIELS & DANIELS CONSTRUCTION CO INC,"DANIELS & DANIELS CONSTRUCTION COMPANY, INC.",,0B9U3,CKWRPN22N5Y3,024574683,DANIELS & DANIELS CONSTRUCTION CO INC,DANIELS & DANIELS CONSTRUCTION COMPANY  INC.,USA,UNITED STATES,178 NC HIGHWAY 111 S,,GOLDSBORO,37191,WAYNE,37,NC,NORTH CAROLINA,275349219,NC-07,NC-01,9197784525,9197786850,USA,UNITED STATES,WILMINGTON,37129,NEW HANOVER,37,NC,NORTH CAROLINA,284017237,NC-07,NC-07,AWARD,D,DEFINITIVE CONTRACT,,,,,,,J,FIRM FIXED PRICE,"IGF::OT::IGF NEW CONSTRUCTION, NATIONAL GUARD READINESS CENTER, 50,150 SF BUILDING, LOCATED IN WILMINGTON NORTH CAROLINA PROJECT #371301",W9124217B0005,1,OT,OTHER FUNCTIONS,Y1AA,CONSTRUCTION OF OFFICE BUILDINGS,H,NOT BUNDLED,C2,CONSTRUCTION,236220,COMMERCIAL AND INSTITUTIONAL BUILDING CONSTRUCTION,C,NO CLAUSES INCLUDED AND NO SUSTAINABILITY INCLUDED,A,U.S. OWNED BUSINESS,000,NONE,Z,NOT IT PRODUCTS OR SERVICES,E,NOT REQUIRED,USA,UNITED STATES,C,NOT A MANUFACTURED END PRODUCT,B,PLAN NOT REQUIRED,D,FULL AND OPEN COMPETITION AFTER EXCLUSION OF SOURCES,SB,SEALED BID,SBA,SMALL BUSINESS SET ASIDE - TOTAL,NONE,NO PREFERENCE USED,,,,,,,7,D,COMMERCIAL ITEM PROCEDURES NOT USED,f,N,NO,N,NO,Y,YES,N,NO,0.00,Y,YES,X,NOT APPLICABLE,X,NOT APPLICABLE,Y,YES,X,NOT APPLICABLE,,,,,,,,NONE,NONE,N,NO,X,NOT APPLICABLE EXEMPT FROM CAS,N,TRANSACTION DOES NOT USE GFE/GFP,U,UNKNOWN,D,NOT CONSOLIDATED,N,NO - SERVICE WHERE PBA IS NOT USED.,N,NO,Z,NOT APPLICABLE,N,NO,X,NOT APPLICABLE,f,f,f,f,f,f,f,f,f,f,f,f,f,f,f,f,f,f,f,SMALL BUSINESS,S,f,f,f,f,f,f,f,f,f,f,f,f,f,f,f,f,f,CORPORATE NOT TAX EXEMPT,t,f,f,f,f,f,f,f,f,f,f,f,f,f,f,f,f,t,f,f,f,f,f,f,f,t,f,f,t,f,f,f,f,f,f,f,f,f,f,f,f,f,f,f,f,f,f,f,f,f,,,,,,,,,,,https://www.usaspending.gov/award/CONT_AWD_W9124217C0005_9700_-NONE-_-NONE-/,2021-08-20 14:31:18+00
CONT_AWD_W9124719C0060_9700_-NONE-_-NONE-,W9124719C0060,,,,Q: Not Designated Nonemergency/Emergency/Disaster/Wildfire Suppression,,,,,1033329.96,0.00,1033329.96,1033329.96,2019-08-29,2019,2021-08-23,2021,2019-08-30,2022-08-31,2022-08-31 00:00:00,,,097,Department of Defense,2100,Department of the Army,W91247,W6QM MICC FDO FT BRAGG,097,Department of Defense,2100,Department of the Army,W91GMA,W3YB HQ USA FORSCOM,021-2019/2019-2020-000;021-2020/2020-2020-000,021-2020,25.2: Other services from non-Federal sources,OPTN: FIELD IS OPTIONAL PRIOR TO FY21,X,NOT APPLICABLE,,,XTBHXXA5ZLF5,,UMYUAQ TECHNOLOGY LLC,"UMYUAQ TECHNOLOGY, LLC",,81QP0,JVMBL1VNBCS8,,CHOGGIUNG LTD,CHOGGIUNG LTD.,USA,UNITED STATES,2722 W BITTERS RD STE 118,,SAN ANTONIO,48029,BEXAR,48,TX,TEXAS,782481235,TX-21,TX-23,2108891900,,USA,UNITED STATES,FORT BRAGG,37051,CUMBERLAND,37,NC,NORTH CAROLINA,283108943,NC-08,NC-09,AWARD,D,DEFINITIVE CONTRACT,,,,,,,J,FIRM FIXED PRICE,COMPASS SUPPORT SERVICES (BASE YEAR),W9124719R0050,1,OT,OTHER FUNCTIONS,D303,IT AND TELECOM- DATA ENTRY,H,NOT BUNDLED,S1,SERVICES,518210,"DATA PROCESSING, HOSTING, AND RELATED SERVICES",C,NO CLAUSES INCLUDED AND NO SUSTAINABILITY INCLUDED,A,U.S. OWNED BUSINESS,000,NONE,E,COMMERCIAL SERVICE,E,NOT REQUIRED,USA,UNITED STATES,C,NOT A MANUFACTURED END PRODUCT,B,PLAN NOT REQUIRED,G,NOT COMPETED UNDER SAP,SP1,SIMPLIFIED ACQUISITION,8AN,8(A) SOLE SOURCE,NONE,NO PREFERENCE USED,,,,,OTH,AUTHORIZED BY STATUTE (FAR 6.302-5(A)(2)(I)),1,A,COMMERCIAL ITEM,f,N,NO,N,NO,X,NOT APPLICABLE,N,NO,0.00,N,NO,X,NOT APPLICABLE,X,NOT APPLICABLE,X,NOT APPLICABLE,X,NOT APPLICABLE,,,,,,,,NONE,NONE,N,NO,X,NOT APPLICABLE EXEMPT FROM CAS,N,TRANSACTION DOES NOT USE GFE/GFP,U,UNKNOWN,D,NOT CONSOLIDATED,Y,YES - SERVICE WHERE PBA IS USED.,N,NO,Z,NOT APPLICABLE,N,NO,X,NOT APPLICABLE,t,f,f,f,f,f,f,f,f,f,f,f,t,f,f,f,f,t,f,SMALL BUSINESS,S,f,f,f,f,f,f,f,f,f,f,f,f,f,f,f,f,f,CORPORATE TAX EXEMPT,f,t,f,f,f,f,f,f,f,f,f,f,f,f,f,f,f,t,f,f,f,f,f,f,f,f,t,f,t,f,f,f,f,f,f,f,f,f,f,f,f,f,f,f,f,t,f,t,f,f,,,,,,,,,,,https://www.usaspending.gov/award/CONT_AWD_W9124719C0060_9700_-NONE-_-NONE-/,2025-04-22 16:50:17+00
CONT_AWD_W9124720C0046_9700_-NONE-_-NONE-,W9124720C0046,,,,,,,,,179424.73,,179424.73,179424.73,2020-09-22,2020,2021-08-17,2021,2020-09-22,2021-09-30,2021-09-30 00:00:00,,2020-09-10,097,Department of Defense,2100,Department of the Army,W91247,W6QM MICC FDO FT BRAGG,097,Department of Defense,2100,Department of the Army,W36B5K,W0U3 USAG FT BRAGG,,,,,X,NOT APPLICABLE,,,N2TWXM1KGEN4,827442851,ALR ARCHITECTURE PC,"A.L.R. ARCHITECTURE, PC",,58HY9,N2TWXM1KGEN4,827442851,ALR ARCHITECTURE PC,A.L.R. ARCHITECTURE  PC,USA,UNITED STATES,9401 SOUTHERN PINE BLVD STE M,,CHARLOTTE,37119,MECKLENBURG,37,NC,NORTH CAROLINA,282735596,NC-12,NC-12,7043482699,7043489399,USA,UNITED STATES,FORT BRAGG,37051,CUMBERLAND,37,NC,NORTH CAROLINA,283108943,NC-08,NC-09,AWARD,D,DEFINITIVE CONTRACT,,,,,,,J,FIRM FIXED PRICE,FA-16111-20 DESIGN BLDG W1967,W9124720R0088,1,OT,OTHER FUNCTIONS,C219,ARCHITECT AND ENGINEERING- GENERAL: OTHER,H,NOT BUNDLED,C2,CONSTRUCTION,541310,ARCHITECTURAL SERVICES,C,NO CLAUSES INCLUDED AND NO SUSTAINABILITY INCLUDED,A,U.S. OWNED BUSINESS,000,NONE,Z,NOT IT PRODUCTS OR SERVICES,E,NOT REQUIRED,USA,UNITED STATES,C,NOT A MANUFACTURED END PRODUCT,B,PLAN NOT REQUIRED,B,NOT AVAILABLE FOR COMPETITION,SSS,ONLY ONE SOURCE,NONE,NO SET ASIDE USED.,NONE,NO PREFERENCE USED,,,,,OTH,AUTHORIZED BY STATUTE (FAR 6.302-5(A)(2)(I)),1,D,COMMERCIAL ITEM PROCEDURES NOT USED,f,N,NO,N,NO,X,NOT APPLICABLE,N,NO,0.00,N,NO,N,NO,N,NO,X,NOT APPLICABLE,X,NOT APPLICABLE,,,,,,,,NONE,NONE,N,NO,X,NOT APPLICABLE EXEMPT FROM CAS,N,TRANSACTION DOES NOT USE GFE/GFP,N,NO,D,NOT CONSOLIDATED,N,NO - SERVICE WHERE PBA IS NOT USED.,N,NO,A,FAR 52.232-16 PROGRESS PAYMENTS,N,NO,X,NOT APPLICABLE,f,f,f,f,f,f,f,f,f,f,f,f,t,f,t,f,f,f,f,SMALL BUSINESS,S,f,f,f,f,f,f,f,f,f,f,f,f,f,f,f,f,f,CORPORATE NOT TAX EXEMPT,t,f,f,f,f,f,f,f,f,f,f,f,f,f,f,f,f,t,f,f,f,f,f,f,f,f,f,f,t,f,f,f,f,f,f,f,f,f,f,f,f,f,f,f,f,t,f,t,f,f,,,,,,,,,,,https://www.usaspending.gov/award/CONT_AWD_W9124720C0046_9700_-NONE-_-NONE-/,2021-08-17 10:07:54+00
CONT_AWD_W9124721C0027_9700_-NONE-_-NONE-,W9124721C0027,,,,,,,,,203919.00,,203919.00,203919.00,2021-08-10,2021,2021-08-23,2021,2021-08-10,2021-09-30,2021-09-30 00:00:00,,2021-06-30,097,Department of Defense,2100,Department of the Army,W91247,W6QM MICC FDO FT BRAGG,097,Department of Defense,2100,Department of the Army,W36B5K,W0U3 USAG FT BRAGG,,,,,X,NOT APPLICABLE,,,D8GGP2SJKJ85,100761468,ACHUTI LLC,ACHUTI LLC,,873W3,D8GGP2SJKJ85,100761468,ACHUTI LLC,ACHUTI LLC,USA,UNITED STATES,200 S DAWSON ST APT 104,,RALEIGH,37183,WAKE,37,NC,NORTH CAROLINA,276011360,NC-02,NC-02,9192197351,,USA,UNITED STATES,FORT BRAGG,37051,CUMBERLAND,37,NC,NORTH CAROLINA,283105000,NC-08,NC-09,AWARD,D,DEFINITIVE CONTRACT,,,,,,,J,FIRM FIXED PRICE,"CONSTRUCTION_G6-00003-21, DES, PHYSICAL",W9124721R0051,1,OT,OTHER FUNCTIONS,Y1QA,CONSTRUCTION OF RESTORATION OF REAL PROPERTY (PUBLIC OR PRIVATE),H,NOT BUNDLED,C2,CONSTRUCTION,238990,ALL OTHER SPECIALTY TRADE CONTRACTORS,C,NO CLAUSES INCLUDED AND NO SUSTAINABILITY INCLUDED,A,U.S. OWNED BUSINESS,000,NONE,Z,NOT IT PRODUCTS OR SERVICES,E,NOT REQUIRED,USA,UNITED STATES,C,NOT A MANUFACTURED END PRODUCT,B,PLAN NOT REQUIRED,G,NOT COMPETED UNDER SAP,SP1,SIMPLIFIED ACQUISITION,8AN,8(A) SOLE SOURCE,NONE,NO PREFERENCE USED,,,,,OTH,AUTHORIZED BY STATUTE (FAR 6.302-5(A)(2)(I)),1,D,COMMERCIAL ITEM PROCEDURES NOT USED,f,N,NO,N,NO,Y,YES,N,NO,0.00,N,NO,X,NOT APPLICABLE,X,NOT APPLICABLE,Y,YES,X,NOT APPLICABLE,,,,,,,,NONE,NONE,N,NO,X,NOT APPLICABLE EXEMPT FROM CAS,N,TRANSACTION DOES NOT USE GFE/GFP,N,NO,D,NOT CONSOLIDATED,N,NO - SERVICE WHERE PBA IS NOT USED.,N,NO,A,FAR 52.232-16 PROGRESS PAYMENTS,N,NO,X,NOT APPLICABLE,f,t,f,f,f,f,f,f,f,f,f,f,t,f,f,f,f,t,f,SMALL BUSINESS,S,f,f,f,f,f,f,f,f,f,f,f,f,f,f,f,f,f,SOLE PROPRIETORSHIP,f,f,f,t,f,f,f,f,f,f,f,f,f,f,f,f,f,t,f,f,f,f,f,f,f,t,f,f,t,f,f,f,f,f,f,f,f,f,f,f,f,f,f,f,t,t,f,t,t,f,,,,,,,,,,,https://www.usaspending.gov/award/CONT_AWD_W9124721C0027_9700_-NONE-_-NONE-/,2021-08-23 15:39:44+00
CONT_AWD_W9124920C0024_9700_-NONE-_-NONE-,W9124920C0024,,,,,,,,,3545380.00,,3545380.00,3545380.00,2020-09-21,2020,2021-08-18,2021,2020-09-30,2021-09-29,2021-09-29 00:00:00,,2020-09-08,097,Department of Defense,2100,Department of the Army,W91249,W6QM MICC-FT GORDON,097,Department of Defense,2100,Department of the Army,W58TSU,W6ZB CYBER PROTECTION BDE,,,,,X,NOT APPLICABLE,,,VKQBYWLARE73,018976330,"PATRIOT STRATEGIES, LLC","PATRIOT STRATEGIES, LLC",,78UE0,VKQBYWLARE73,018976330,"PATRIOT STRATEGIES, LLC",PATRIOT STRATEGIES  LLC,USA,UNITED STATES,625 N WASHINGTON STREET SUITE 425,,ALEXANDRIA,51510,ALEXANDRIA (CITY),51,VA,VIRGINIA,223142371,VA-08,VA-08,5712943451,,USA,UNITED STATES,AUGUSTA,13245,RICHMOND,13,GA,GEORGIA,309050001,GA-12,GA-12,AWARD,D,DEFINITIVE CONTRACT,,,,,,,J,FIRM FIXED PRICE,SANS TRAINING,W9124920R0045,1,CT,CRITICAL FUNCTIONS,U008,EDUCATION/TRAINING- TRAINING/CURRICULUM DEVELOPMENT,H,NOT BUNDLED,S1,SERVICES,611430,PROFESSIONAL AND MANAGEMENT DEVELOPMENT TRAINING,C,NO CLAUSES INCLUDED AND NO SUSTAINABILITY INCLUDED,A,U.S. OWNED BUSINESS,000,NONE,Z,NOT IT PRODUCTS OR SERVICES,E,NOT REQUIRED,USA,UNITED STATES,C,NOT A MANUFACTURED END PRODUCT,B,PLAN NOT REQUIRED,B,NOT AVAILABLE FOR COMPETITION,SSS,ONLY ONE SOURCE,8AN,8(A) SOLE SOURCE,NONE,NO PREFERENCE USED,,,,,OTH,AUTHORIZED BY STATUTE (FAR 6.302-5(A)(2)(I)),1,A,COMMERCIAL ITEM,f,N,NO,N,NO,Y,YES,N,NO,0.00,N,NO,X,NOT APPLICABLE,N,NO,X,NOT APPLICABLE,X,NOT APPLICABLE,,,,,,,,NONE,NONE,N,NO,X,NOT APPLICABLE EXEMPT FROM CAS,N,TRANSACTION DOES NOT USE GFE/GFP,U,UNKNOWN,D,NOT CONSOLIDATED,Y,YES - SERVICE WHERE PBA IS USED.,N,NO,F,PERFORMANCE-BASED FINANCING,N,NO,X,NOT APPLICABLE,f,f,f,f,f,t,t,f,f,f,f,f,t,f,f,t,f,f,f,SMALL BUSINESS,S,f,f,f,f,f,f,f,f,f,f,f,f,f,f,f,f,f,CORPORATE NOT TAX EXEMPT,t,f,f,f,f,f,f,f,f,f,f,f,f,f,f,f,f,t,f,f,f,f,f,f,f,f,t,f,t,f,f,f,f,f,f,f,f,f,f,f,f,f,f,f,f,t,f,t,f,f,,,,,,,,,,,https://www.usaspending.gov/award/CONT_AWD_W9124920C0024_9700_-NONE-_-NONE-/,2021-08-18 15:25:02+00
CONT_AWD_W9124C19C0014_9700_-NONE-_-NONE-,W9124C19C0014,,,,,,,,,364895.43,0.00,364895.43,364895.43,2019-08-14,2019,2021-08-23,2021,2019-08-14,2022-09-28,2022-09-28 00:00:00,,2019-05-30,097,Department of Defense,2100,Department of the Army,W9124C,W6QM MICC-FT JACKSON,097,Department of Defense,2100,Department of the Army,W37N02,W6CC USAG FT JACKSON,021-2019/2019-2020-000,021-2020,25.4: Operation and maintenance of facilities,,X,NOT APPLICABLE,,,U8Z6WFM4WTZ5,132082020,PALMETTO CONSULTING ENGINEERING GROUP INC,"PALMETTO CONSULTING ENGINEERING GROUP, INC.",,3FVE4,U8Z6WFM4WTZ5,132082020,PALMETTO CONSULTING ENGINEERING GROUP INC,PALMETTO CONSULTING ENGINEERING GROUP  INC.,USA,UNITED STATES,1416 CHAPIN RD.,,CHAPIN,45063,LEXINGTON,45,SC,SOUTH CAROLINA,290369302,SC-02,SC-02,8039322300,8033452823,USA,UNITED STATES,COLUMBIA,45079,RICHLAND,45,SC,SOUTH CAROLINA,292070002,SC-02,SC-02,AWARD,D,DEFINITIVE CONTRACT,,,,,,,J,FIRM FIXED PRICE,STORM WATER MONITORING SERVICES,W9124C19R0007,1,OT,OTHER FUNCTIONS,B533,SPECIAL STUDIES/ANALYSIS- WATER QUALITY,H,NOT BUNDLED,S1,SERVICES,541620,ENVIRONMENTAL CONSULTING SERVICES,C,NO CLAUSES INCLUDED AND NO SUSTAINABILITY INCLUDED,A,U.S. OWNED BUSINESS,000,NONE,Z,NOT IT PRODUCTS OR SERVICES,A,MEETS REQUIREMENTS,USA,UNITED STATES,C,NOT A MANUFACTURED END PRODUCT,B,PLAN NOT REQUIRED,F,COMPETED UNDER SAP,SP1,SIMPLIFIED ACQUISITION,WOSB,WOMEN OWNED SMALL BUSINESS,NONE,NO PREFERENCE USED,,,,,,,2,A,COMMERCIAL ITEM,f,Y,YES,N,NO,Y,YES,N,NO,0.00,N,NO,X,NOT APPLICABLE,N,NO,X,NOT APPLICABLE,X,NOT APPLICABLE,,,,,,,,NONE,NONE,N,NO,X,NOT APPLICABLE EXEMPT FROM CAS,N,TRANSACTION DOES NOT USE GFE/GFP,U,UNKNOWN,D,NOT CONSOLIDATED,Y,YES - SERVICE WHERE PBA IS USED.,N,NO,Z,NOT APPLICABLE,N,NO,X,NOT APPLICABLE,f,f,f,f,f,f,f,t,t,t,f,f,f,f,f,f,f,f,f,SMALL BUSINESS,S,f,f,f,f,f,f,f,f,f,f,f,f,f,f,f,f,f,CORPORATE NOT TAX EXEMPT,t,f,f,f,f,f,f,f,f,f,f,f,f,f,f,f,f,t,f,f,f,f,f,f,f,t,f,f,t,f,f,f,f,f,f,f,f,f,f,f,f,f,f,f,f,t,f,f,f,f,,,,,,,,,,,https://www.usaspending.gov/award/CONT_AWD_W9124C19C0014_9700_-NONE-_-NONE-/,2021-08-23 14:46:58+00
CONT_AWD_W9124C21C0027_9700_-NONE-_-NONE-,W9124C21C0027,,,,,,,,,263686.89,,263686.89,263686.89,2021-08-20,2021,2021-08-20,2021,2021-08-20,2021-11-11,2021-11-11 00:00:00,,,097,Department of Defense,2100,Department of the Army,W9124C,W6QM MICC-FT JACKSON,097,Department of Defense,2100,Department of the Army,W37HFT,W6VE USA TRNG CTR & FT JACKSON,,,,,X,NOT APPLICABLE,,,KHFLCLB4BW91,,"FEDERAL PRISON INDUSTRIES, INC","FEDERAL PRISON INDUSTRIES, INC",,1XFF6,NW2RJN8TQQW1,,GOVERNMENT OF THE UNITED STATES,GOVERNMENT OF THE UNITED STATES,USA,UNITED STATES,3301 LEESTOWN RD,,LEXINGTON,21067,FAYETTE,21,KY,KENTUCKY,405118702,KY-06,KY-06,8008273168,8592549692,USA,UNITED STATES,COLUMBIA,45079,RICHLAND,45,SC,SOUTH CAROLINA,292077005,SC-02,SC-02,AWARD,D,DEFINITIVE CONTRACT,,,,,,,J,FIRM FIXED PRICE,HHBN FURNITURE ACQUISITION 1ST AND 2ND FLOOR,W9124C21R0041,1,OT,OTHER FUNCTIONS,7110,OFFICE FURNITURE,H,NOT BUNDLED,C9E,ALL OTHERS NOT IDENTIFIABLE TO ANY OTHER PROCUREMENT PROGRAM,337215,"SHOWCASE, PARTITION, SHELVING, AND LOCKER MANUFACTURING",C,NO CLAUSES INCLUDED AND NO SUSTAINABILITY INCLUDED,B,OTHER U.S. ENTITY (E.G. GOVERNMENT),000,NONE,Z,NOT IT PRODUCTS OR SERVICES,A,MEETS REQUIREMENTS,USA,UNITED STATES,D,MFG IN U.S.,B,PLAN NOT REQUIRED,F,COMPETED UNDER SAP,SP1,SIMPLIFIED ACQUISITION,NONE,NO SET ASIDE USED.,NONE,NO PREFERENCE USED,,,,,,,1,A,COMMERCIAL ITEM,f,N,NO,N,NO,Y,YES,N,NO,0.00,N,NO,X,NOT APPLICABLE,X,NOT APPLICABLE,X,NOT APPLICABLE,X,NOT APPLICABLE,,,,,,,,NONE,NONE,N,NO,X,NOT APPLICABLE EXEMPT FROM CAS,N,TRANSACTION DOES NOT USE GFE/GFP,N,NO,D,NOT CONSOLIDATED,X,NOT APPLICABLE,N,NO,Z,NOT APPLICABLE,N,NO,X,NOT APPLICABLE,f,f,f,f,f,f,f,f,f,f,f,f,f,f,f,f,f,f,f,OTHER THAN SMALL BUSINESS,O,f,f,f,t,f,t,f,f,f,f,f,f,f,f,f,f,f,US GOVERNMENT ENTITY,f,f,f,f,f,f,t,f,f,f,f,f,f,f,f,f,f,t,f,f,f,f,f,f,f,f,f,f,f,f,f,f,f,f,f,f,f,f,f,f,f,f,f,f,f,f,f,f,f,f,,,,,,,,,,,https://www.usaspending.gov/award/CONT_AWD_W9124C21C0027_9700_-NONE-_-NONE-/,2023-12-22 08:08:19+00
CONT_AWD_W9124D11C0019_9700_-NONE-_-NONE-,W9124D11C0019,,,,,,,,,179252282.14,,183603113.42,183603113.42,2011-09-14,2011,2021-08-20,2021,2011-09-08,2016-07-31,2016-07-31 00:00:00,,,097,Department of Defense,2100,Department of the Army,W9124D,W6QM MICC-FT KNOX,097,Department of Defense,2100,Department of the Army,W22PES,W6CD DPW,,,,,X,NOT APPLICABLE,,,VKFFM58F5EN5,074809377,SOURCEAMERICA,SOURCEAMERICA,,64067,VKFFM58F5EN5,074809377,SOURCEAMERICA,NISH,USA,UNITED STATES,8401 OLD COURTHOUSE RD STE 110,,VIENNA,51059,FAIRFAX,51,VA,VIRGINIA,221823820,VA-11,VA-11,5712264697,7038769774,USA,UNITED STATES,FORT KNOX,21093,HARDIN,21,KY,KENTUCKY,401215000,KY-02,KY-02,AWARD,D,DEFINITIVE CONTRACT,,,,,,,J,FIRM FIXED PRICE,FACILITIES MAINTENANCE,W9124D11R0024,1,,,S216,HOUSEKEEPING- FACILITIES OPERATIONS SUPPORT,D,NOT A BUNDLED REQUIREMENT,S1,SERVICES,561210,FACILITIES SUPPORT SERVICES,C,NO CLAUSES INCLUDED AND NO SUSTAINABILITY INCLUDED,A,U.S. OWNED BUSINESS,000,NONE,Z,NOT IT PRODUCTS OR SERVICES,E,NOT REQUIRED,USA,UNITED STATES,C,NOT A MANUFACTURED END PRODUCT,C,PLAN REQUIRED - INCENTIVE NOT INCLUDED,B,NOT AVAILABLE FOR COMPETITION,SSS,ONLY ONE SOURCE,NONE,NO SET ASIDE USED.,NONE,NO PREFERENCE USED,,,,,OTH,AUTHORIZED BY STATUTE (FAR 6.302-5(A)(2)(I)),1,A,COMMERCIAL ITEM,f,N,NO,N,NO,N,NO,N,NO,0.00,N,NO,N,NO,Y,YES,Y,YES,X,NOT APPLICABLE,,,,,,,,NONE,NONE,Y,YES,X,NOT APPLICABLE EXEMPT FROM CAS,Y,TRANSACTION USES GFE/GFP,N,NO,N,NO,Y,YES - SERVICE WHERE PBA IS USED.,N,NO,Z,NOT APPLICABLE,N,NO,X,NOT APPLICABLE,f,f,f,f,f,f,f,f,f,f,f,f,f,f,f,f,f,f,f,OTHER THAN SMALL BUSINESS,O,f,f,f,f,f,f,f,f,f,f,f,f,f,f,f,f,f,CORPORATE TAX EXEMPT,f,t,f,f,f,f,f,f,f,f,f,f,f,f,f,t,f,f,f,f,f,f,f,f,f,f,f,f,f,t,f,t,f,f,f,f,f,f,f,f,f,f,f,f,f,f,f,f,f,f,,,,,,,,,,,https://www.usaspending.gov/award/CONT_AWD_W9124D11C0019_9700_-NONE-_-NONE-/,2021-08-20 09:42:35+00
CONT_AWD_W9124E20C0004_9700_-NONE-_-NONE-,W9124E20C0004,,,,,,,,,1824638.18,,1824638.18,1824638.18,2020-09-24,2020,2021-08-19,2021,2020-09-25,2021-09-24,2021-09-24 00:00:00,,2020-06-17,097,Department of Defense,2100,Department of the Army,W9124E,W6QM MICC-FT POLK,097,Department of Defense,2100,Department of the Army,W42NU5,W0VF DIR OF PUBLIC WORKS,,,,,X,NOT APPLICABLE,,,GR5LW8Z4K3B6,790794395,2R CONSTRUCTION LLC,"2 R CONSTRUCTION, LLC",,56SF0,GR5LW8Z4K3B6,790794395,2R CONSTRUCTION LLC,2 R TRUCKING & DIRTWORK LLC,USA,UNITED STATES,309 E UNION ST,,MINDEN,22119,WEBSTER,22,LA,LOUISIANA,710554603,LA-04,LA-04,3183829028,3183829029,USA,UNITED STATES,FORT POLK,22115,VERNON,22,LA,LOUISIANA,714593106,LA-04,LA-04,AWARD,D,DEFINITIVE CONTRACT,,,,,,,J,FIRM FIXED PRICE,MCFARLAND ROAD REPAIRS,,1,OT,OTHER FUNCTIONS,Y1LB,"CONSTRUCTION OF HIGHWAYS, ROADS, STREETS, BRIDGES, AND RAILWAYS",H,NOT BUNDLED,C2,CONSTRUCTION,237310,"HIGHWAY, STREET, AND BRIDGE CONSTRUCTION",C,NO CLAUSES INCLUDED AND NO SUSTAINABILITY INCLUDED,A,U.S. OWNED BUSINESS,000,NONE,Z,NOT IT PRODUCTS OR SERVICES,E,NOT REQUIRED,USA,UNITED STATES,C,NOT A MANUFACTURED END PRODUCT,B,PLAN NOT REQUIRED,B,NOT AVAILABLE FOR COMPETITION,SSS,ONLY ONE SOURCE,8AN,8(A) SOLE SOURCE,NONE,NO PREFERENCE USED,,,,,OTH,AUTHORIZED BY STATUTE (FAR 6.302-5(A)(2)(I)),1,A,COMMERCIAL ITEM,f,N,NO,N,NO,N,NO,N,NO,0.00,N,NO,N,NO,X,NOT APPLICABLE,Y,YES,X,NOT APPLICABLE,,,,,,,,NONE,NONE,N,NO,X,NOT APPLICABLE EXEMPT FROM CAS,N,TRANSACTION DOES NOT USE GFE/GFP,U,UNKNOWN,D,NOT CONSOLIDATED,N,NO - SERVICE WHERE PBA IS NOT USED.,N,NO,Z,NOT APPLICABLE,N,NO,X,NOT APPLICABLE,f,f,f,f,f,f,f,f,f,f,f,f,t,f,f,t,f,f,f,SMALL BUSINESS,S,f,f,f,f,f,f,f,f,f,f,f,f,f,f,f,f,f,CORPORATE NOT TAX EXEMPT,t,f,f,f,f,f,f,f,f,f,f,f,f,f,f,f,f,t,f,f,f,f,f,f,f,f,t,f,t,f,f,f,f,f,f,f,f,f,f,f,f,f,f,f,t,t,f,t,t,f,,,,,,,,,,,https://www.usaspending.gov/award/CONT_AWD_W9124E20C0004_9700_-NONE-_-NONE-/,2021-08-19 17:41:00+00
CONT_AWD_W9124G17C0001_9700_-NONE-_-NONE-,W9124G17C0001,,,,,,,,,0.00,,0.00,0.00,2016-12-29,2017,2021-08-17,2021,2016-12-29,2017-09-12,2017-09-12 00:00:00,,,097,Department of Defense,2100,Department of the Army,W9124G,W6QM MICC-FT RUCKER,097,Department of Defense,2100,Department of the Army,W31BMZ,W0U9 AVIATION COE,,,,,X,NOT APPLICABLE,,,PMZLELGKHNU3,,CAE USA INC.,CAE USA INC.,,6BBS0,LVSPFPM1RXH9,,CAE INC,CAE USA INC.,USA,UNITED STATES,4908 TAMPA WEST BLVD,,TAMPA,12057,HILLSBOROUGH,12,FL,FLORIDA,336342411,FL-14,FL-14,8138871296,8139016625,USA,UNITED STATES,FORT RUCKER,01045,DALE,01,AL,ALABAMA,363620031,AL-02,AL-01,AWARD,D,DEFINITIVE CONTRACT,,,,,,,U,COST PLUS FIXED FEE,IGF::OT::IGF,W9124G16R0004,1,OT,OTHER FUNCTIONS,U009,EDUCATION/TRAINING- GENERAL,D,NOT A BUNDLED REQUIREMENT,S1,SERVICES,611512,FLIGHT TRAINING,C,NO CLAUSES INCLUDED AND NO SUSTAINABILITY INCLUDED,A,U.S. OWNED BUSINESS,000,NONE,Z,NOT IT PRODUCTS OR SERVICES,E,NOT REQUIRED,USA,UNITED STATES,C,NOT A MANUFACTURED END PRODUCT,F,INDIVIDUAL SUBCONTRACT PLAN,A,FULL AND OPEN COMPETITION,NP,NEGOTIATED PROPOSAL/QUOTE,NONE,NO SET ASIDE USED.,NONE,NO PREFERENCE USED,,,,,,,3,D,COMMERCIAL ITEM PROCEDURES NOT USED,f,N,NO,N,NO,Y,YES,N,NO,0.00,N,NO,N,NO,Y,YES,N,NO,X,NOT APPLICABLE,,,,,,,,NONE,NONE,N,NO,Y,YES - CAS CLAUSE INCLUDED,N,TRANSACTION DOES NOT USE GFE/GFP,N,NO,N,NO,Y,YES - SERVICE WHERE PBA IS USED.,N,NO,Z,NOT APPLICABLE,N,NO,X,NOT APPLICABLE,f,f,f,f,f,f,f,f,f,f,f,f,f,f,f,f,f,f,f,OTHER THAN SMALL BUSINESS,O,f,f,f,f,f,f,f,f,f,f,f,f,f,f,f,f,f,CORPORATE NOT TAX EXEMPT,t,f,f,f,f,f,f,f,f,f,f,f,t,f,f,f,f,t,f,f,f,f,f,f,f,f,f,f,t,f,f,f,f,f,f,f,f,f,f,f,f,f,f,f,f,f,f,f,f,f,,,,,,,,,,,https://www.usaspending.gov/award/CONT_AWD_W9124G17C0001_9700_-NONE-_-NONE-/,2025-06-23 11:32:25+00
CONT_AWD_W9124L20C0005_9700_-NONE-_-NONE-,W9124L20C0005,,,,,,,,,2351459.00,0.00,2454169.00,2454169.00,2020-03-16,2020,2021-08-20,2021,2020-03-13,2021-10-22,2021-10-22 00:00:00,,2020-02-04,097,Department of Defense,2100,Department of the Army,W9124L,W6QM MICC-FT SILL,097,Department of Defense,2100,Department of the Army,W44DQ7,W6CS DPW PROPERTY ACCT,021-2020/2020-2020-000,021-2020,25.2: Other services from non-Federal sources,,X,NOT APPLICABLE,,,T277PH2FP3M7,808678069,"POWER WASHING EXTREME, INC. (DBA) PWE, INC.","POWER WASHING EXTREME, INC.",,4Y6B6,T277PH2FP3M7,808678069,"POWER WASHING EXTREME, INC. (DBA) PWE, INC.",POWER WASHING EXTREME  INC.,USA,UNITED STATES,10 BAYLEE CREEK CIR,,LAWTON,40031,COMANCHE,40,OK,OKLAHOMA,735015565,OK-04,OK-04,5805121277,5805811865,USA,UNITED STATES,FORT SILL,40031,COMANCHE,40,OK,OKLAHOMA,735034433,OK-04,OK-04,AWARD,D,DEFINITIVE CONTRACT,,,,,,,J,FIRM FIXED PRICE,CONSTRUCT NEW RAPPEL TOWER,W9124L20R0018,1,OT,OTHER FUNCTIONS,Y1PZ,CONSTRUCTION OF OTHER NON-BUILDING FACILITIES,H,NOT BUNDLED,C2,CONSTRUCTION,236220,COMMERCIAL AND INSTITUTIONAL BUILDING CONSTRUCTION,C,NO CLAUSES INCLUDED AND NO SUSTAINABILITY INCLUDED,A,U.S. OWNED BUSINESS,000,NONE,Z,NOT IT PRODUCTS OR SERVICES,E,NOT REQUIRED,USA,UNITED STATES,C,NOT A MANUFACTURED END PRODUCT,B,PLAN NOT REQUIRED,B,NOT AVAILABLE FOR COMPETITION,SSS,ONLY ONE SOURCE,8AN,8(A) SOLE SOURCE,NONE,NO PREFERENCE USED,,,,,OTH,AUTHORIZED BY STATUTE (FAR 6.302-5(A)(2)(I)),1,A,COMMERCIAL ITEM,f,N,NO,N,NO,N,NO,N,NO,0.00,N,NO,N,NO,X,NOT APPLICABLE,Y,YES,X,NOT APPLICABLE,,,,,,,,NONE,NONE,N,NO,X,NOT APPLICABLE EXEMPT FROM CAS,N,TRANSACTION DOES NOT USE GFE/GFP,U,UNKNOWN,D,NOT CONSOLIDATED,N,NO - SERVICE WHERE PBA IS NOT USED.,N,NO,Z,NOT APPLICABLE,N,NO,X,NOT APPLICABLE,f,f,f,f,f,f,f,t,t,t,f,f,t,f,f,f,t,f,f,SMALL BUSINESS,S,f,f,f,f,f,f,f,f,f,f,f,f,f,f,f,f,f,CORPORATE NOT TAX EXEMPT,t,f,f,f,f,f,f,f,f,f,f,f,f,f,f,f,f,t,f,f,f,f,f,f,f,t,f,f,t,f,f,f,f,f,f,f,f,f,f,f,f,f,f,f,f,f,f,t,f,f,,,,,,,,,,,https://www.usaspending.gov/award/CONT_AWD_W9124L20C0005_9700_-NONE-_-NONE-/,2021-08-20 10:14:54+00
CONT_AWD_W9124P20C0052_9700_-NONE-_-NONE-,W9124P20C0052,,,,,,,,,320000.00,,320000.00,320000.00,2020-09-25,2020,2021-08-20,2021,2020-09-28,2022-08-18,2022-08-18 00:00:00,,2020-09-22,097,Department of Defense,2100,Department of the Army,W9124P,W6QK ACC-RSA,097,Department of Defense,2100,Department of the Army,W90BWX,W1DF CCDC AV MISSILE CENTER,,,,,X,NOT APPLICABLE,,,KCJ1MBRMSQH8,032749868,"TOTAL PARTS PLUS, LLC","TOTAL PARTS PLUS, INC.",,3FR61,KCJ1MBRMSQH8,032749868,"TOTAL PARTS PLUS, LLC",TOTAL PARTS PLUS INC,USA,UNITED STATES,70 READY AVE NW,,FORT WALTON BEACH,12091,OKALOOSA,12,FL,FLORIDA,325483857,FL-01,FL-01,8502447293,8506645349,USA,UNITED STATES,FORT WALTON BEACH,12091,OKALOOSA,12,FL,FLORIDA,325483857,FL-01,FL-01,AWARD,D,DEFINITIVE CONTRACT,,,,,,,J,FIRM FIXED PRICE,TPP SUBSCRIPTION,W9124P20T8111,1,,,7030,INFORMATION TECHNOLOGY SOFTWARE,H,NOT BUNDLED,C9E,ALL OTHERS NOT IDENTIFIABLE TO ANY OTHER PROCUREMENT PROGRAM,511210,SOFTWARE PUBLISHERS,C,NO CLAUSES INCLUDED AND NO SUSTAINABILITY INCLUDED,A,U.S. OWNED BUSINESS,000,NONE,A,COMMERCIALLY AVAILABLE,A,MEETS REQUIREMENTS,USA,UNITED STATES,D,MFG IN U.S.,B,PLAN NOT REQUIRED,C,NOT COMPETED,SSS,ONLY ONE SOURCE,NONE,NO SET ASIDE USED.,NONE,NO PREFERENCE USED,,,,,ONE,ONLY ONE SOURCE-OTHER (FAR 6.302-1 OTHER),1,A,COMMERCIAL ITEM,f,N,NO,N,NO,Y,YES,N,NO,0.00,N,NO,X,NOT APPLICABLE,X,NOT APPLICABLE,X,NOT APPLICABLE,X,NOT APPLICABLE,,,,,,,,NONE,NONE,N,NO,X,NOT APPLICABLE EXEMPT FROM CAS,N,TRANSACTION DOES NOT USE GFE/GFP,U,UNKNOWN,D,NOT CONSOLIDATED,X,NOT APPLICABLE,N,NO,Z,NOT APPLICABLE,N,NO,X,NOT APPLICABLE,f,f,f,f,f,f,f,f,f,f,f,f,f,f,f,f,f,f,f,SMALL BUSINESS,S,f,f,f,f,f,f,f,f,f,f,f,f,f,f,f,f,f,CORPORATE NOT TAX EXEMPT,t,f,f,f,f,f,f,f,f,f,f,f,f,f,f,f,f,t,f,f,f,f,f,f,f,t,f,f,t,f,f,f,f,f,f,f,f,f,f,f,f,f,f,f,f,f,f,f,f,f,,,,,,,,,,,https://www.usaspending.gov/award/CONT_AWD_W9124P20C0052_9700_-NONE-_-NONE-/,2021-08-20 07:40:15+00
CONT_AWD_W9126G20C0012_9700_-NONE-_-NONE-,W9126G20C0012,,,,,,,,,127898.12,,127898.12,127898.12,2020-01-31,2020,2021-08-19,2021,2020-01-31,2020-06-19,2020-06-19 00:00:00,,2019-09-10,097,Department of Defense,2100,Department of the Army,W9126G,W076 ENDIST FT WORTH,096,Corps of Engineers - Civil Works,96CE,U.S. Army Corps of Engineers - Civil Program Financing Only,966501,,,,,,X,NOT APPLICABLE,,,WD7KMH37BQG7,176182335,"ATHENA ENGINEERING & ENVIRONMENTAL, LLC",K S WARE & ASSOCIATES LLC,,1KD02,WD7KMH37BQG7,176182335,"ATHENA ENGINEERING & ENVIRONMENTAL, LLC",K S WARE & ASSOCIATES LLC,USA,UNITED STATES,54 LINDSLEY AVE,,NASHVILLE,47037,DAVIDSON,47,TN,TENNESSEE,372102039,TN-05,TN-05,6152559702,6152565873,USA,UNITED STATES,FORT WORTH,48439,TARRANT,48,TX,TEXAS,761020300,TX-12,TX-12,AWARD,D,DEFINITIVE CONTRACT,,,,,,,J,FIRM FIXED PRICE,FORT HOOD : AE TO AWARD FOR VE STUDY,W9126G19R0139,1,OT,OTHER FUNCTIONS,C219,ARCHITECT AND ENGINEERING- GENERAL: OTHER,H,NOT BUNDLED,S1,SERVICES,541330,ENGINEERING SERVICES,G,FAR 52.223-4 & ENERGY EFFICIENT,A,U.S. OWNED BUSINESS,000,NONE,Z,NOT IT PRODUCTS OR SERVICES,A,MEETS REQUIREMENTS,USA,UNITED STATES,C,NOT A MANUFACTURED END PRODUCT,B,PLAN NOT REQUIRED,D,FULL AND OPEN COMPETITION AFTER EXCLUSION OF SOURCES,AE,ARCHITECT-ENGINEER FAR 6.102,SBA,SMALL BUSINESS SET ASIDE - TOTAL,NONE,NO PREFERENCE USED,,,,,,,3,A,COMMERCIAL ITEM,f,N,NO,N,NO,Y,YES,N,NO,0.00,N,NO,X,NOT APPLICABLE,Y,YES,X,NOT APPLICABLE,X,NOT APPLICABLE,,,,,,,,NONE,NONE,N,NO,X,NOT APPLICABLE EXEMPT FROM CAS,N,TRANSACTION DOES NOT USE GFE/GFP,U,UNKNOWN,D,NOT CONSOLIDATED,N,NO - SERVICE WHERE PBA IS NOT USED.,N,NO,Z,NOT APPLICABLE,N,NO,X,NOT APPLICABLE,f,f,f,f,f,f,f,t,t,f,f,f,f,f,f,f,f,f,f,SMALL BUSINESS,S,f,f,f,f,f,f,f,f,f,f,f,f,f,f,f,f,f,PARTNERSHIP,f,f,t,f,f,f,f,f,f,f,f,f,f,f,f,f,f,t,f,f,f,f,f,f,f,f,t,f,t,f,f,f,f,f,f,f,f,f,f,f,f,f,f,f,t,f,f,f,f,f,,,,,,,,,,,https://www.usaspending.gov/award/CONT_AWD_W9126G20C0012_9700_-NONE-_-NONE-/,2021-08-19 11:59:24+00
CONT_AWD_W9126G20C0045_9700_-NONE-_-NONE-,W9126G20C0045,,,,Q: Not Designated Nonemergency/Emergency/Disaster/Wildfire Suppression,,,,,3135290.00,0.00,3135290.00,3158014.00,2020-09-21,2020,2021-08-18,2021,2020-09-30,2022-09-27,2022-09-27 00:00:00,,,097,Department of Defense,2100,Department of the Army,W9126G,W076 ENDIST FT WORTH,097,Department of Defense,2100,Department of the Army,W9126G,W076 ENDIST FT WORTH,021-2020/2020-2020-000,021-2020,25.1: Advisory and assistance services,OPTN: FIELD IS OPTIONAL PRIOR TO FY21,X,NOT APPLICABLE,,,Z1KXENYHN6N8,012049963,"SOL SOLUTIONS, LLC","SOL SOLUTIONS, LLC",,5X2D5,Z1KXENYHN6N8,012049963,"SOL SOLUTIONS, LLC",SOL SOLUTIONS  LLC,USA,UNITED STATES,12036 N 62ND PL,,SCOTTSDALE,04013,MARICOPA,04,AZ,ARIZONA,852544903,AZ-09,AZ-01,4805447045,,USA,UNITED STATES,FORT POLK,22115,VERNON,22,LA,LOUISIANA,714593106,LA-04,LA-04,AWARD,D,DEFINITIVE CONTRACT,,,,,,,J,FIRM FIXED PRICE,COMPLIANCE MANAGEMENT BRANCH REGULATORY ENVIRONMENTAL SUPPORT,W9126G20R0098,1,OT,OTHER FUNCTIONS,F115,ENVIRONMENTAL SYSTEMS PROTECTION- ENVIRONMENTAL CONSULTING AND LEGAL SUPPORT,H,NOT BUNDLED,S1,SERVICES,541620,ENVIRONMENTAL CONSULTING SERVICES,C,NO CLAUSES INCLUDED AND NO SUSTAINABILITY INCLUDED,A,U.S. OWNED BUSINESS,000,NONE,Z,NOT IT PRODUCTS OR SERVICES,E,NOT REQUIRED,USA,UNITED STATES,C,NOT A MANUFACTURED END PRODUCT,B,PLAN NOT REQUIRED,G,NOT COMPETED UNDER SAP,SP1,SIMPLIFIED ACQUISITION,8AN,8(A) SOLE SOURCE,NONE,NO PREFERENCE USED,,,,,OTH,AUTHORIZED BY STATUTE (FAR 6.302-5(A)(2)(I)),1,A,COMMERCIAL ITEM,f,N,NO,N,NO,Y,YES,N,NO,0.00,N,NO,X,NOT APPLICABLE,Y,YES,X,NOT APPLICABLE,X,NOT APPLICABLE,,,,,,,,NONE,NONE,N,NO,X,NOT APPLICABLE EXEMPT FROM CAS,Y,TRANSACTION USES GFE/GFP,U,UNKNOWN,D,NOT CONSOLIDATED,Y,YES - SERVICE WHERE PBA IS USED.,N,NO,Z,NOT APPLICABLE,N,NO,X,NOT APPLICABLE,f,f,f,f,f,t,t,f,f,f,f,f,t,f,f,f,t,f,f,SMALL BUSINESS,S,f,f,f,f,f,f,f,f,f,f,f,f,f,f,f,f,f,CORPORATE NOT TAX EXEMPT,t,f,f,f,f,f,f,f,f,f,f,f,f,f,f,f,f,t,f,f,f,f,f,f,f,f,t,f,t,f,f,f,f,f,f,f,f,f,f,f,f,f,f,f,f,t,f,t,f,f,,,,,,,,,,,https://www.usaspending.gov/award/CONT_AWD_W9126G20C0045_9700_-NONE-_-NONE-/,2022-02-11 09:00:26+00
CONT_AWD_W9126G21C0020_9700_-NONE-_-NONE-,W9126G21C0020,,,,Q: Not Designated Nonemergency/Emergency/Disaster/Wildfire Suppression,,,,,8849.00,8849.00,8849.00,8849.00,2021-08-03,2021,2021-08-18,2021,2021-08-02,2021-08-31,2021-08-31 00:00:00,,,097,Department of Defense,2100,Department of the Army,W9126G,W076 ENDIST FT WORTH,096,Corps of Engineers - Civil Works,96CE,U.S. Army Corps of Engineers - Civil Program Financing Only,966501,,096-X-3123-000,096-3123,25.4: Operation and maintenance of facilities,0005: MULTIPURPOSE AND OTHER PROGRAMS,X,NOT APPLICABLE,,,WAVNLJL6HK43,610547270,"SUPERIOR ELEVATOR SERVICES, L.L.C.",SUPERIOR ELEVATOR SERVICES LLC,,4FEG4,WAVNLJL6HK43,610547270,"SUPERIOR ELEVATOR SERVICES, L.L.C.",SUPERIOR ELEVATOR SERVICES LLC,USA,UNITED STATES,1845 SUMMIT AVE STE 400,,PLANO,48085,COLLIN,48,TX,TEXAS,750748186,TX-03,TX-32,9724243211,9724243209,USA,UNITED STATES,WHITNEY,48217,HILL,48,TX,TEXAS,766924822,TX-25,TX-06,AWARD,D,DEFINITIVE CONTRACT,,,,,,,J,FIRM FIXED PRICE,ELEVATOR REPAIRS,W9126G21Q0053,1,OT,OTHER FUNCTIONS,J036,MAINT/REPAIR/REBUILD OF EQUIPMENT- SPECIAL INDUSTRY MACHINERY,H,NOT BUNDLED,S1,SERVICES,238290,OTHER BUILDING EQUIPMENT CONTRACTORS,B,FAR 52.223-4 AND FAR 52.223-9 INCLUDED,A,U.S. OWNED BUSINESS,000,NONE,Z,NOT IT PRODUCTS OR SERVICES,A,MEETS REQUIREMENTS,USA,UNITED STATES,C,NOT A MANUFACTURED END PRODUCT,B,PLAN NOT REQUIRED,G,NOT COMPETED UNDER SAP,SP1,SIMPLIFIED ACQUISITION,NONE,NO SET ASIDE USED.,NONE,NO PREFERENCE USED,,,,,SP2,SAP NON-COMPETITION (FAR 13),1,A,COMMERCIAL ITEM,f,N,NO,N,NO,X,NOT APPLICABLE,N,NO,0.00,N,NO,N,NO,N,NO,N,NO,X,NOT APPLICABLE,,,,,,,,NONE,NONE,N,NO,X,NOT APPLICABLE EXEMPT FROM CAS,N,TRANSACTION DOES NOT USE GFE/GFP,U,UNKNOWN,D,NOT CONSOLIDATED,Y,YES - SERVICE WHERE PBA IS USED.,N,NO,Z,NOT APPLICABLE,N,NO,X,NOT APPLICABLE,f,f,f,f,f,t,t,f,f,f,f,f,t,f,f,f,f,t,f,SMALL BUSINESS,S,f,f,f,f,f,f,f,f,f,f,f,f,f,f,f,f,f,PARTNERSHIP,f,f,t,f,f,f,f,f,f,f,f,f,f,f,f,f,f,t,f,f,f,f,f,f,f,f,t,f,t,f,f,f,f,f,f,f,f,f,f,f,f,f,f,f,f,t,f,f,f,f,,,,,,,,,,,https://www.usaspending.gov/award/CONT_AWD_W9126G21C0020_9700_-NONE-_-NONE-/,2021-08-18 11:36:47+00
CONT_AWD_W9126G21C0023_9700_-NONE-_-NONE-,W9126G21C0023,,,,,,,,,430024.00,,430024.00,430024.00,2021-08-16,2021,2021-08-23,2021,2021-08-12,2022-05-20,2022-05-20 00:00:00,,2021-06-22,097,Department of Defense,2100,Department of the Army,W9126G,W076 ENDIST FT WORTH,097,Department of Defense,2100,Department of the Army,W9126G,W076 ENDIST FT WORTH,,,,,X,NOT APPLICABLE,,,XUWNY2NVEDH9,001023261,C & E INDUSTRIAL SERVICES INC,C & E INDUSTRIAL SERVICES INC.,,3PML7,XUWNY2NVEDH9,001023261,C & E INDUSTRIAL SERVICES INC,C & E INDUSTRIAL SERVICES INC.,USA,UNITED STATES,103 MAGUEY CT,,SUNLAND PARK,35013,DOÑA ANA,35,NM,NEW MEXICO,880639231,NM-02,NM-02,5759970190,5759979040,USA,UNITED STATES,WHITE SANDS MISSILE RANGE,35013,DONA ANA,35,NM,NEW MEXICO,880021120,NM-02,NM-02,AWARD,D,DEFINITIVE CONTRACT,,,,,,,J,FIRM FIXED PRICE,"BUILDING 1318 HVAC SYSTEMS & COMPONENTS RENOVATION, WSMR, NM.",W9126G21B0013,1,OT,OTHER FUNCTIONS,Z2JZ,REPAIR OR ALTERATION OF MISCELLANEOUS BUILDINGS,H,NOT BUNDLED,C2,CONSTRUCTION,238220,"PLUMBING, HEATING, AND AIR-CONDITIONING CONTRACTORS",G,FAR 52.223-4 & ENERGY EFFICIENT,A,U.S. OWNED BUSINESS,000,NONE,Z,NOT IT PRODUCTS OR SERVICES,A,MEETS REQUIREMENTS,USA,UNITED STATES,C,NOT A MANUFACTURED END PRODUCT,B,PLAN NOT REQUIRED,D,FULL AND OPEN COMPETITION AFTER EXCLUSION OF SOURCES,SB,SEALED BID,SBA,SMALL BUSINESS SET ASIDE - TOTAL,NONE,NO PREFERENCE USED,,,,,,,1,D,COMMERCIAL ITEM PROCEDURES NOT USED,f,N,NO,N,NO,Y,YES,N,NO,0.00,N,NO,N,NO,N,NO,Y,YES,X,NOT APPLICABLE,,,,,,,,NONE,NONE,N,NO,X,NOT APPLICABLE EXEMPT FROM CAS,N,TRANSACTION DOES NOT USE GFE/GFP,U,UNKNOWN,D,NOT CONSOLIDATED,Y,YES - SERVICE WHERE PBA IS USED.,N,NO,Z,NOT APPLICABLE,N,NO,X,NOT APPLICABLE,f,f,f,f,f,f,f,t,t,f,f,f,f,f,f,f,t,f,f,SMALL BUSINESS,S,f,f,f,f,f,f,f,f,f,f,f,f,f,f,f,f,f,CORPORATE NOT TAX EXEMPT,t,f,f,f,f,f,f,f,f,f,f,f,f,f,f,f,f,t,f,f,f,f,f,f,f,t,f,f,t,f,f,f,f,f,f,f,f,f,f,f,f,f,f,f,f,t,f,f,f,f,,,,,,,,,,,https://www.usaspending.gov/award/CONT_AWD_W9126G21C0023_9700_-NONE-_-NONE-/,2021-08-30 09:30:52+00
CONT_AWD_W9127811C0008_9700_-NONE-_-NONE-,W9127811C0008,,,,,,,,,16852227.47,,20107503.13,20250876.75,2011-04-08,2011,2021-08-24,2021,2011-04-08,2016-10-27,2016-10-27 00:00:00,,,097,Department of Defense,2100,Department of the Army,W91278,W074 ENDIST MOBILE,096,Corps of Engineers - Civil Works,96CE,U.S. Army Corps of Engineers - Civil Program Financing Only,966501,,,,,,X,NOT APPLICABLE,,,YUGJUFZZBKN3,033717307,ANDERSON CONSTRUCTION COMPANY OF FORT GAINES,ANDERSON CONSTRUCTION COMPANY OF FORT GAINES,,0GRZ6,YUGJUFZZBKN3,033717307,ANDERSON CONSTRUCTION COMPANY OF FORT GAINES,ANDERSON CONSTRUCTION CO OF FORT GAINES,USA,UNITED STATES,58 CROZIER LN,,FORT GAINES,13061,CLAY,13,GA,GEORGIA,398512649,GA-02,GA-02,2297682555,2297682591,USA,UNITED STATES,WEST POINT,13285,TROUP,13,GA,GEORGIA,318330001,GA-03,GA-03,AWARD,D,DEFINITIVE CONTRACT,,,,,,,R,COST PLUS AWARD FEE,"TAS::96 3123::TAS OPERATION AND MAINTENANCE OF GOVERNMENT-OWNED FACILITIES AND EQUIPMENT, WEST POINT LAKE, GEORGIA",W9127810R0070,1,,,M291,OPER OF GOVT RECREA NON-BLDG STRUC,D,NOT A BUNDLED REQUIREMENT,S1,SERVICES,561210,FACILITIES SUPPORT SERVICES,C,NO CLAUSES INCLUDED AND NO SUSTAINABILITY INCLUDED,A,U.S. OWNED BUSINESS,000,NONE,Z,NOT IT PRODUCTS OR SERVICES,E,NOT REQUIRED,USA,UNITED STATES,C,NOT A MANUFACTURED END PRODUCT,B,PLAN NOT REQUIRED,D,FULL AND OPEN COMPETITION AFTER EXCLUSION OF SOURCES,NP,NEGOTIATED PROPOSAL/QUOTE,SBA,SMALL BUSINESS SET ASIDE - TOTAL,NONE,NO PREFERENCE USED,,,,,,,8,D,COMMERCIAL ITEM PROCEDURES NOT USED,f,N,NO,N,NO,Y,YES,N,NO,0.00,N,NO,X,NOT APPLICABLE,Y,YES,Y,YES,X,NOT APPLICABLE,,,,,,,,NONE,NONE,N,NO,Y,YES - CAS CLAUSE INCLUDED,N,TRANSACTION DOES NOT USE GFE/GFP,N,NO,N,NO,Y,YES - SERVICE WHERE PBA IS USED.,N,NO,Z,NOT APPLICABLE,N,NO,X,NOT APPLICABLE,f,f,f,f,f,f,f,f,f,f,f,f,f,f,f,f,f,f,f,SMALL BUSINESS,S,f,f,f,f,f,f,f,f,f,f,f,f,f,f,f,f,f,CORPORATE NOT TAX EXEMPT,t,f,f,f,f,f,f,f,f,f,f,f,f,f,f,t,f,f,f,f,f,f,f,f,f,f,f,f,t,f,f,f,f,f,f,f,f,f,f,f,f,f,f,f,f,f,f,f,t,f,,,,,,,,,,,https://www.usaspending.gov/award/CONT_AWD_W9127811C0008_9700_-NONE-_-NONE-/,2021-08-24 14:06:45+00
CONT_AWD_W9127819C0033_9700_-NONE-_-NONE-,W9127819C0033,,,,Q: Not Designated Nonemergency/Emergency/Disaster/Wildfire Suppression,,,,,3435708.31,0.00,3435708.31,3435708.31,2019-09-27,2019,2021-08-17,2021,2019-09-27,2021-06-10,2021-06-10 00:00:00,,2019-09-11,097,Department of Defense,2100,Department of the Army,W91278,W074 ENDIST MOBILE,097,Department of Defense,5700,Department of the Air Force,F4A360,F4A360 325 CES CEIAR,021-2019/2023-2050-000,021-2050,32.0: Land and structures,0001: MAJOR CONSTRUCTION,X,NOT APPLICABLE,,,P9B9FM196LE6,071235987,"SOUTHEASTERN INDUSTRIAL CONSTRUCTION, LLC","SOUTHEASTERN INDUSTRIAL CONSTRUCTION, LLC",,7JQ86,P9B9FM196LE6,071235987,"SOUTHEASTERN INDUSTRIAL CONSTRUCTION, LLC",DESTIN GROUP LLC,USA,UNITED STATES,49 GARNETT BAYOU RD,,SANTA ROSA BEACH,12131,WALTON,12,FL,FLORIDA,324593498,FL-01,FL-01,8506870074,,USA,UNITED STATES,PANAMA CITY,12005,BAY,12,FL,FLORIDA,324083503,FL-02,FL-02,AWARD,D,DEFINITIVE CONTRACT,,,,,,,J,FIRM FIXED PRICE,BASE BID RENO BLDG 649 TYNDALL,W9127819R0108,1,OT,OTHER FUNCTIONS,Y1JZ,CONSTRUCTION OF MISCELLANEOUS BUILDINGS,H,NOT BUNDLED,C2,CONSTRUCTION,236220,COMMERCIAL AND INSTITUTIONAL BUILDING CONSTRUCTION,L,FAR 52.223-4 & BIO-BASED & ENERGY EFFICIENT & ENVIRONMENTALLY PREFERABLE,A,U.S. OWNED BUSINESS,000,NONE,Z,NOT IT PRODUCTS OR SERVICES,A,MEETS REQUIREMENTS,USA,UNITED STATES,C,NOT A MANUFACTURED END PRODUCT,B,PLAN NOT REQUIRED,B,NOT AVAILABLE FOR COMPETITION,SSS,ONLY ONE SOURCE,8AN,8(A) SOLE SOURCE,NONE,NO PREFERENCE USED,,,,,OTH,AUTHORIZED BY STATUTE (FAR 6.302-5(A)(2)(I)),1,D,COMMERCIAL ITEM PROCEDURES NOT USED,f,N,NO,N,NO,N,NO,N,NO,0.00,N,NO,N,NO,N,NO,Y,YES,X,NOT APPLICABLE,,,,,,,,NONE,NONE,N,NO,X,NOT APPLICABLE EXEMPT FROM CAS,N,TRANSACTION DOES NOT USE GFE/GFP,N,NO,D,NOT CONSOLIDATED,N,NO - SERVICE WHERE PBA IS NOT USED.,N,NO,Z,NOT APPLICABLE,N,NO,X,NOT APPLICABLE,f,f,f,f,f,f,f,f,f,f,f,f,t,f,f,f,f,f,t,SMALL BUSINESS,S,f,f,f,f,f,f,f,f,f,f,f,f,f,f,f,f,f,CORPORATE NOT TAX EXEMPT,t,f,f,f,f,f,f,f,f,f,f,f,f,f,f,f,f,t,f,f,f,f,f,f,f,f,t,f,t,f,f,f,f,f,f,f,f,f,f,f,f,f,f,f,f,t,f,t,f,f,,,,,,,,,,,https://www.usaspending.gov/award/CONT_AWD_W9127819C0033_9700_-NONE-_-NONE-/,2021-08-17 08:10:07+00
CONT_AWD_W9127Q20C0005_9700_-NONE-_-NONE-,W9127Q20C0005,,,,,,,,,458160.13,,458160.13,458160.13,2020-09-25,2020,2021-08-19,2021,2020-09-25,2021-08-20,2021-08-20 00:00:00,,2020-07-09,097,Department of Defense,2100,Department of the Army,W9127Q,W7NH USPFO ACTIVITY MS ARNG,097,Department of Defense,2100,Department of the Army,W91G1N,"W8AG MSARNG ELEMENT, JF HQ",,,,,X,NOT APPLICABLE,,,KQFMAKCKMAF7,,"LOGIS-TECH, LLC","LOGIS-TECH, INC.",,0BJV1,KQFMAKCKMAF7,,"LOGIS-TECH, LLC",LOGIS-TECH  INC.,USA,UNITED STATES,9450 INNOVATION DR STE 1,,MANASSAS,51153,PRINCE WILLIAM,51,VA,VIRGINIA,201102214,VA-01,VA-10,7033930122,7033934858,USA,UNITED STATES,MANASSAS,51153,PRINCE WILLIAM,51,VA,VIRGINIA,201102214,VA-01,VA-10,AWARD,D,DEFINITIVE CONTRACT,,,,,,,J,FIRM FIXED PRICE,CHP OP LINES,W9127Q20R0019,1,OT,OTHER FUNCTIONS,J041,"MAINT/REPAIR/REBUILD OF EQUIPMENT- REFRIGERATION, AIR CONDITIONING, AND AIR CIRCULATING EQUIPMENT",H,NOT BUNDLED,S1,SERVICES,334512,"AUTOMATIC ENVIRONMENTAL CONTROL MANUFACTURING FOR RESIDENTIAL, COMMERCIAL, AND APPLIANCE USE",C,NO CLAUSES INCLUDED AND NO SUSTAINABILITY INCLUDED,A,U.S. OWNED BUSINESS,000,NONE,Z,NOT IT PRODUCTS OR SERVICES,A,MEETS REQUIREMENTS,USA,UNITED STATES,C,NOT A MANUFACTURED END PRODUCT,B,PLAN NOT REQUIRED,C,NOT COMPETED,SSS,ONLY ONE SOURCE,NONE,NO SET ASIDE USED.,NONE,NO PREFERENCE USED,SR3,SMALL BUSINESS INNOVATION RESEARCH PROGRAM PHASE III ACTION,,,UNQ,UNIQUE SOURCE (FAR 6.302-1(B)(1)),1,A,COMMERCIAL ITEM,f,N,NO,N,NO,X,NOT APPLICABLE,N,NO,0.00,N,NO,X,NOT APPLICABLE,Y,YES,X,NOT APPLICABLE,X,NOT APPLICABLE,,,,,,,,NONE,NONE,N,NO,X,NOT APPLICABLE EXEMPT FROM CAS,N,TRANSACTION DOES NOT USE GFE/GFP,U,UNKNOWN,D,NOT CONSOLIDATED,N,NO - SERVICE WHERE PBA IS NOT USED.,N,NO,Z,NOT APPLICABLE,N,NO,X,NOT APPLICABLE,f,f,f,f,f,f,f,f,f,f,f,f,f,f,f,f,f,f,f,SMALL BUSINESS,S,f,f,f,f,f,f,f,f,f,f,f,f,f,f,f,f,f,CORPORATE NOT TAX EXEMPT,t,f,f,f,f,f,f,f,f,f,f,f,t,f,f,f,f,t,f,f,f,f,f,f,f,t,f,f,t,f,f,f,f,f,f,f,f,f,f,f,f,f,f,f,f,f,f,f,f,f,,,,,,,,,,,https://www.usaspending.gov/award/CONT_AWD_W9127Q20C0005_9700_-NONE-_-NONE-/,2024-09-27 11:04:22+00
CONT_AWD_W9128F21C0046_9700_-NONE-_-NONE-,W9128F21C0046,,,,,,,,,362329.77,,362329.77,362329.77,2021-08-18,2021,2021-08-18,2021,2021-08-18,2022-03-28,2022-03-28 00:00:00,,2021-03-23,097,Department of Defense,2100,Department of the Army,W9128F,W071 ENDIST OMAHA,097,Department of Defense,97AS,Defense Logistics Agency,SC0600,DLA ENERGY,,,,,X,NOT APPLICABLE,,,RCSCLH7GJF85,,KNK ENGINEERING CONSULTING CORP.,KNK ENGINEERING CONSULTING CORP.,,5T9M1,RCSCLH7GJF85,,KNK ENGINEERING CONSULTING CORP.,KNK ENGINEERING CONSULTING CORP.,USA,UNITED STATES,6911 PISTOL RANGE RD STE 209,,TAMPA,12057,HILLSBOROUGH,12,FL,FLORIDA,336356371,FL-14,FL-14,7274033163,,USA,UNITED STATES,WARNER ROBINS,13153,HOUSTON,13,GA,GEORGIA,310981679,GA-08,GA-02,AWARD,D,DEFINITIVE CONTRACT,,,,,,,J,FIRM FIXED PRICE,"REPAIR PUMPHOUSE #3 SECONDARY CONTAINMENT AT ROBINS AFB, GA.",W9128F21R0042,1,OT,OTHER FUNCTIONS,Z2GC,REPAIR OR ALTERATION OF FUEL STORAGE BUILDINGS,H,NOT BUNDLED,C2,CONSTRUCTION,237120,OIL AND GAS PIPELINE AND RELATED STRUCTURES CONSTRUCTION,F,ENVIRONMENTALLY PREFERABLE,A,U.S. OWNED BUSINESS,000,NONE,Z,NOT IT PRODUCTS OR SERVICES,E,NOT REQUIRED,USA,UNITED STATES,C,NOT A MANUFACTURED END PRODUCT,B,PLAN NOT REQUIRED,B,NOT AVAILABLE FOR COMPETITION,SSS,ONLY ONE SOURCE,8AN,8(A) SOLE SOURCE,NONE,NO PREFERENCE USED,,,,,OTH,AUTHORIZED BY STATUTE (FAR 6.302-5(A)(2)(I)),1,D,COMMERCIAL ITEM PROCEDURES NOT USED,f,N,NO,N,NO,X,NOT APPLICABLE,N,NO,0.00,N,NO,X,NOT APPLICABLE,X,NOT APPLICABLE,Y,YES,A,ECONOMY ACT,,,,,,,,NONE,NONE,N,NO,Y,YES - CAS CLAUSE INCLUDED,N,TRANSACTION DOES NOT USE GFE/GFP,U,UNKNOWN,D,NOT CONSOLIDATED,N,NO - SERVICE WHERE PBA IS NOT USED.,N,NO,C,PERCENTAGE OF COMPLETION PROGRESS PAYMENTS,N,NO,X,NOT APPLICABLE,f,f,f,f,f,f,f,t,t,t,f,f,t,f,t,f,f,f,f,SMALL BUSINESS,S,f,f,f,f,f,f,f,f,f,f,f,f,f,f,f,f,f,CORPORATE NOT TAX EXEMPT,t,f,f,f,f,f,f,f,f,f,f,f,f,f,f,f,f,t,f,f,f,f,f,f,f,t,f,f,t,f,f,f,f,f,f,f,f,f,f,f,f,f,f,f,t,t,f,t,f,f,,,,,,,,,,,https://www.usaspending.gov/award/CONT_AWD_W9128F21C0046_9700_-NONE-_-NONE-/,2023-03-23 15:02:12+00
CONT_AWD_W9128Z16C0003_9700_-NONE-_-NONE-,W9128Z16C0003,,,,Q: Not Designated Nonemergency/Emergency/Disaster/Wildfire Suppression,,,,,1049300.20,89228.54,1049300.20,1049300.20,2016-06-16,2016,2021-08-24,2021,2016-06-25,2021-08-24,2021-08-24 12:08:00,,,097,Department of Defense,2100,Department of the Army,W9128Z,W6QK ACC-APG CONT CT SW SECTOR,097,Department of Defense,2100,Department of the Army,W61DDB,W248 USA INFO SYS ENGR COMD,017-2019/2021-1810-000;021-2018/2020-2035-000;021-2019/2021-2035-000;021-2020/2022-2035-000;057-2019/2021-3021-000;057-2020/2020-3400-000;057-2021/2021-3400-000;097-2018/2020-0300-000;097-2019/2021-0300-000,017-1810;021-2035;057-3021;057-3400;097-0300,25.6: Medical care;25.7: Operation and maintenance of equipment;31.0: Equipment,0000: UNKNOWN/OTHER;0001: OPERATING FORCES;0001: SPACE PROCUREMENT;0001: SUPPORT VEHICLES AND EQUIPMENT;0002: SPECIAL OPERATIONS COMMAND;OPTN: FIELD IS OPTIONAL PRIOR TO FY21,X,NOT APPLICABLE,,,DSKTKLGD3LL1,010488560,ORSA TECHNOLOGIES LLC,"ORSA TECHNOLOGIES, LLC",,6PM99,DSKTKLGD3LL1,010488560,ORSA TECHNOLOGIES LLC,ORSA TECHNOLOGIES  LLC,USA,UNITED STATES,420 E FRY BLVD,,SIERRA VISTA,04003,COCHISE,04,AZ,ARIZONA,856351821,AZ-06,AZ-06,5204566404,5203351265,USA,UNITED STATES,SIERRA VISTA,04003,COCHISE,04,AZ,ARIZONA,856351821,AZ-02,AZ-06,AWARD,D,DEFINITIVE CONTRACT,,,,,,,J,FIRM FIXED PRICE,"IGF::CL,CT::IGF    8(A) DIRECT AWARD SEVERABLE FIRM FIXED PRICE FOR NON-PERSONAL SERVICES TO PROVIDE LOGISTICS SUPPORT TO THE INFORMATION SYSTEMS ENGINEERING COMMAND (ISEC), TRANSMISSION SYSTEMS DIRECTORATE (TSD),",,1,OT,OTHER FUNCTIONS,D318,"IT AND TELECOM- INTEGRATED HARDWARE/SOFTWARE/SERVICES SOLUTIONS, PREDOMINANTLY SERVICES",D,NOT A BUNDLED REQUIREMENT,A7,ELECTRONICS AND COMMUNICATION EQUIPMENT,541611,ADMINISTRATIVE MANAGEMENT AND GENERAL MANAGEMENT CONSULTING SERVICES,C,NO CLAUSES INCLUDED AND NO SUSTAINABILITY INCLUDED,A,U.S. OWNED BUSINESS,000,NONE,F,NON-COMMERCIAL SERVICE,E,NOT REQUIRED,USA,UNITED STATES,C,NOT A MANUFACTURED END PRODUCT,B,PLAN NOT REQUIRED,B,NOT AVAILABLE FOR COMPETITION,SSS,ONLY ONE SOURCE,8AN,8(A) SOLE SOURCE,NONE,NO PREFERENCE USED,,,,,OTH,AUTHORIZED BY STATUTE (FAR 6.302-5(A)(2)(I)),1,D,COMMERCIAL ITEM PROCEDURES NOT USED,f,N,NO,N,NO,N,NO,N,NO,0.00,N,NO,N,NO,Y,YES,N,NO,X,NOT APPLICABLE,,,,,,,,NONE,NONE,N,NO,X,NOT APPLICABLE EXEMPT FROM CAS,N,TRANSACTION DOES NOT USE GFE/GFP,N,NO,N,NO,Y,YES - SERVICE WHERE PBA IS USED.,N,NO,Z,NOT APPLICABLE,N,NO,X,NOT APPLICABLE,f,f,f,f,f,t,t,f,f,f,f,f,t,f,f,t,f,f,f,SMALL BUSINESS,S,f,f,f,f,f,f,f,f,f,f,f,f,f,f,f,f,f,PARTNERSHIP,f,f,t,f,f,f,f,f,f,f,f,f,f,f,f,f,f,t,f,f,f,f,f,f,f,f,t,f,t,f,f,f,f,f,f,f,f,f,f,f,f,f,f,f,f,t,f,t,f,f,,,,,,,,,,,https://www.usaspending.gov/award/CONT_AWD_W9128Z16C0003_9700_-NONE-_-NONE-/,2021-08-24 12:47:18+00
CONT_AWD_W912BU21C0002_9700_-NONE-_-NONE-,W912BU21C0002,,,,Q: Not Designated Nonemergency/Emergency/Disaster/Wildfire Suppression,,,,,494009.89,0.00,494009.89,494009.89,2020-10-14,2021,2021-08-23,2021,2020-10-28,2021-09-23,2021-09-23 00:00:00,,2020-08-10,097,Department of Defense,2100,Department of the Army,W912BU,W2SD ENDIST PHILADELPHIA,097,Department of Defense,2100,Department of the Army,W912BU,W2SD ENDIST PHILADELPHIA,021-2021/2025-2050-000,021-2050,25.4: Operation and maintenance of facilities,0002: MINOR CONSTRUCTION,X,NOT APPLICABLE,,,QUU7KSJG1RE4,159062012,"MOUNTAIN CONSULTING, INC.","MOUNTAIN CONSULTING, INC.",,37EP0,QUU7KSJG1RE4,159062012,"MOUNTAIN CONSULTING, INC.",MOUNTAIN CONSULTING  INC.,USA,UNITED STATES,103 SOUTH BRADFORD STREET,,DOVER,10001,KENT,10,DE,DELAWARE,199047317,DE-00,DE-00,3027449875,8666726428,USA,UNITED STATES,TOBYHANNA,42089,MONROE,42,PA,PENNSYLVANIA,184665002,PA-08,PA-08,AWARD,D,DEFINITIVE CONTRACT,,,,,,,J,FIRM FIXED PRICE,TOBYHANNA FIRE ALARM,W912BU20R0038,1,OT,OTHER FUNCTIONS,Z2AA,REPAIR OR ALTERATION OF OFFICE BUILDINGS,H,NOT BUNDLED,C2,CONSTRUCTION,238210,ELECTRICAL CONTRACTORS AND OTHER WIRING INSTALLATION CONTRACTORS,C,NO CLAUSES INCLUDED AND NO SUSTAINABILITY INCLUDED,A,U.S. OWNED BUSINESS,000,NONE,Z,NOT IT PRODUCTS OR SERVICES,E,NOT REQUIRED,USA,UNITED STATES,C,NOT A MANUFACTURED END PRODUCT,B,PLAN NOT REQUIRED,B,NOT AVAILABLE FOR COMPETITION,SSS,ONLY ONE SOURCE,8AN,8(A) SOLE SOURCE,NONE,NO PREFERENCE USED,,,,,OTH,AUTHORIZED BY STATUTE (FAR 6.302-5(A)(2)(I)),1,D,COMMERCIAL ITEM PROCEDURES NOT USED,f,N,NO,N,NO,N,NO,N,NO,0.00,N,NO,N,NO,N,NO,Y,YES,X,NOT APPLICABLE,,,,,,,,NONE,NONE,N,NO,X,NOT APPLICABLE EXEMPT FROM CAS,N,TRANSACTION DOES NOT USE GFE/GFP,U,UNKNOWN,D,NOT CONSOLIDATED,N,NO - SERVICE WHERE PBA IS NOT USED.,N,NO,A,FAR 52.232-16 PROGRESS PAYMENTS,N,NO,X,NOT APPLICABLE,f,f,f,f,f,f,f,t,t,t,f,f,t,f,f,t,f,f,f,SMALL BUSINESS,S,f,f,f,f,f,f,f,f,f,f,f,f,f,f,f,f,f,OTHER,f,f,f,f,f,f,f,f,f,f,f,f,f,f,f,f,f,t,f,f,f,f,f,f,f,t,f,f,t,f,f,f,f,f,f,f,f,f,f,f,f,f,f,f,t,t,f,t,t,f,,,,,,,,,,,https://www.usaspending.gov/award/CONT_AWD_W912BU21C0002_9700_-NONE-_-NONE-/,2021-08-23 13:56:51+00
CONT_AWD_W912BU21C0019_9700_-NONE-_-NONE-,W912BU21C0019,,,,Q: Not Designated Nonemergency/Emergency/Disaster/Wildfire Suppression,,,,,22374.00,0.00,22374.00,22374.00,2021-02-12,2021,2021-08-20,2021,2021-02-09,2021-12-31,2021-12-31 00:00:00,,,097,Department of Defense,2100,Department of the Army,W912BU,W2SD ENDIST PHILADELPHIA,097,Department of Defense,2100,Department of the Army,W912BU,W2SD ENDIST PHILADELPHIA,021-2019/2023-2050-000;021-2020/2024-2050-000,021-2050,25.1: Advisory and assistance services,0001: MAJOR CONSTRUCTION,X,NOT APPLICABLE,,,HL9BANW2EUD4,053600573,SGS NORTH AMERICA INC.,SGS NORTH AMERICA INC.,,45RV9,C29PH58KPGN4,480992718,SGS SERTEC S.R.L.,SGS NORTH AMERICA INC.,USA,UNITED STATES,201 ROUTE 17 NORTH,,RUTHERFORD,34003,BERGEN,34,NJ,NEW JERSEY,070702574,NJ-09,NJ-09,2015083108,2015083196,USA,UNITED STATES,PHILADELPHIA,42101,PHILADELPHIA,42,PA,PENNSYLVANIA,191451555,PA-03,PA-03,AWARD,D,DEFINITIVE CONTRACT,,,,,,,J,FIRM FIXED PRICE,LABORATORY TESTING,W912BU21R0013,1,CL,CLOSELY ASSOCIATED,H168,QUALITY CONTROL- CHEMICALS AND CHEMICAL PRODUCTS,H,NOT BUNDLED,S1,SERVICES,541380,TESTING LABORATORIES,C,NO CLAUSES INCLUDED AND NO SUSTAINABILITY INCLUDED,C,FOREIGN-OWNED BUSINESS INCORPORATED IN THE U.S.,000,NONE,Z,NOT IT PRODUCTS OR SERVICES,E,NOT REQUIRED,USA,UNITED STATES,C,NOT A MANUFACTURED END PRODUCT,B,PLAN NOT REQUIRED,F,COMPETED UNDER SAP,SP1,SIMPLIFIED ACQUISITION,NONE,NO SET ASIDE USED.,NONE,NO PREFERENCE USED,,,,,,,3,A,COMMERCIAL ITEM,f,N,NO,N,NO,X,NOT APPLICABLE,N,NO,0.00,Y,YES,X,NOT APPLICABLE,Y,YES,X,NOT APPLICABLE,X,NOT APPLICABLE,,,,,,,,NONE,NONE,N,NO,Y,YES - CAS CLAUSE INCLUDED,N,TRANSACTION DOES NOT USE GFE/GFP,U,UNKNOWN,D,NOT CONSOLIDATED,N,NO - SERVICE WHERE PBA IS NOT USED.,N,NO,Z,NOT APPLICABLE,N,NO,X,NOT APPLICABLE,f,f,f,f,f,f,f,f,f,f,f,f,f,f,f,f,f,f,f,SMALL BUSINESS,S,f,f,f,f,f,f,f,f,f,f,f,f,f,f,f,f,f,CORPORATE NOT TAX EXEMPT,t,f,f,f,f,f,f,f,f,f,f,f,f,f,f,f,f,t,f,f,f,f,f,f,f,f,f,t,t,f,f,f,f,f,f,f,f,f,f,f,f,f,f,f,f,f,f,f,f,f,,,,,,,,,,,https://www.usaspending.gov/award/CONT_AWD_W912BU21C0019_9700_-NONE-_-NONE-/,2021-08-20 16:19:32+00
CONT_AWD_W912CN18C0006_9700_-NONE-_-NONE-,W912CN18C0006,,,,,,,,,175740.00,0.00,175740.00,175740.00,2018-03-29,2018,2021-08-24,2021,2018-04-01,2020-03-31,2020-03-31 00:00:00,,,097,Department of Defense,2100,Department of the Army,W912CN,0413 AQ HQ     RCO-HI,097,Department of Defense,2100,Department of the Army,WX3JN8,W07C TRIPLER AMC,097-2019/2019-0130-000,097-0130,25.2: Other services from non-Federal sources,,X,NOT APPLICABLE,,,C1FRXZNZ8QG3,,ALBRECHT LOUIS,"ALBRECHT, LOUIS",,54JQ0,C1FRXZNZ8QG3,,ALBRECHT LOUIS,ALBRECHT  LOUIS,USA,UNITED STATES,1101 4TH ST,,LA GRANDE,41061,UNION,41,OR,OREGON,978502103,OR-02,OR-02,8084332933,8084332943,USA,UNITED STATES,SCHOFIELD BARRACKS,15003,HONOLULU,15,HI,HAWAII,968575000,HI-02,HI-02,AWARD,D,DEFINITIVE CONTRACT,,,,,,,J,FIRM FIXED PRICE,PSC G002 CHAPLAIN SERVICES,W912CB18Q0035,1,OT,OTHER FUNCTIONS,G002,SOCIAL- CHAPLAIN,H,NOT BUNDLED,S1,SERVICES,813110,RELIGIOUS ORGANIZATIONS,C,NO CLAUSES INCLUDED AND NO SUSTAINABILITY INCLUDED,A,U.S. OWNED BUSINESS,000,NONE,Z,NOT IT PRODUCTS OR SERVICES,E,NOT REQUIRED,USA,UNITED STATES,C,NOT A MANUFACTURED END PRODUCT,B,PLAN NOT REQUIRED,C,NOT COMPETED,SSS,ONLY ONE SOURCE,NONE,NO SET ASIDE USED.,NONE,NO PREFERENCE USED,,,,,ONE,ONLY ONE SOURCE-OTHER (FAR 6.302-1 OTHER),1,A,COMMERCIAL ITEM,f,N,NO,N,NO,X,NOT APPLICABLE,N,NO,0.00,N,NO,N,NO,N,NO,N,NO,X,NOT APPLICABLE,,,,,,,,NONE,NONE,N,NO,X,NOT APPLICABLE EXEMPT FROM CAS,N,TRANSACTION DOES NOT USE GFE/GFP,U,UNKNOWN,D,NOT CONSOLIDATED,N,NO - SERVICE WHERE PBA IS NOT USED.,N,NO,Z,NOT APPLICABLE,N,NO,X,NOT APPLICABLE,f,f,f,f,f,f,f,f,f,f,f,f,f,f,f,f,f,f,f,SMALL BUSINESS,S,f,f,f,f,f,f,f,f,f,f,f,f,f,f,f,f,f,SOLE PROPRIETORSHIP,f,f,f,t,f,f,f,f,f,f,f,f,f,f,f,f,f,t,f,f,f,f,f,f,f,f,f,f,t,f,f,f,f,f,f,f,f,f,f,f,f,f,f,f,f,t,f,f,f,f,,,,,,,,,,,https://www.usaspending.gov/award/CONT_AWD_W912CN18C0006_9700_-NONE-_-NONE-/,2022-03-31 15:07:04+00
CONT_AWD_W912DQ18C1013_9700_-NONE-_-NONE-,W912DQ18C1013,,,,Q: Not Designated Nonemergency/Emergency/Disaster/Wildfire Suppression,,,,,13042644.00,1409008.20,13042644.00,13042644.00,2018-02-01,2018,2021-08-23,2021,2018-02-01,2021-06-30,2021-06-30 00:00:00,,,097,Department of Defense,2100,Department of the Army,W912DQ,W071 ENDIST KANSAS CITY,096,Corps of Engineers - Civil Works,96CE,U.S. Army Corps of Engineers - Civil Program Financing Only,966501,,096-X-3122-000;096-X-8862-000,096-3122;096-8862,32.0: Land and structures,0002: FLOOD RISK MANAGEMENT;OPTN: FIELD IS OPTIONAL PRIOR TO FY21,X,NOT APPLICABLE,,,TEZ5C59FTBQ1,080663316,FRONTIER-ARROWHEAD JVA,FRONTIER-ARROWHEAD JVA,,7VUH2,TEZ5C59FTBQ1,080663316,FRONTIER-ARROWHEAD JVA,FRONTIER-ARROWHEAD JVA,USA,UNITED STATES,13406 HOLMES RD,,KANSAS CITY,29095,JACKSON,29,MO,MISSOURI,641451446,MO-05,MO-05,3402011549,8169122295,USA,UNITED STATES,TOPEKA,20177,SHAWNEE,20,KS,KANSAS,666010105,KS-02,KS-02,AWARD,D,DEFINITIVE CONTRACT,,,,,,,J,FIRM FIXED PRICE,SOUTH TOPEKA FLOODWALL MODIFICATION,W912DQ17B1011,1,OT,OTHER FUNCTIONS,Y1PZ,CONSTRUCTION OF OTHER NON-BUILDING FACILITIES,H,NOT BUNDLED,C2,CONSTRUCTION,237990,OTHER HEAVY AND CIVIL ENGINEERING CONSTRUCTION,B,FAR 52.223-4 AND FAR 52.223-9 INCLUDED,A,U.S. OWNED BUSINESS,000,NONE,Z,NOT IT PRODUCTS OR SERVICES,A,MEETS REQUIREMENTS,USA,UNITED STATES,C,NOT A MANUFACTURED END PRODUCT,F,INDIVIDUAL SUBCONTRACT PLAN,A,FULL AND OPEN COMPETITION,SB,SEALED BID,NONE,NO SET ASIDE USED.,NONE,NO PREFERENCE USED,,,,,,,5,D,COMMERCIAL ITEM PROCEDURES NOT USED,f,N,NO,N,NO,Y,YES,N,NO,0.00,N,NO,N,NO,N,NO,Y,YES,X,NOT APPLICABLE,,,,,,,,NONE,NONE,N,NO,X,NOT APPLICABLE EXEMPT FROM CAS,N,TRANSACTION DOES NOT USE GFE/GFP,U,UNKNOWN,D,NOT CONSOLIDATED,N,NO - SERVICE WHERE PBA IS NOT USED.,N,NO,Z,NOT APPLICABLE,N,NO,X,NOT APPLICABLE,f,f,f,f,f,t,f,f,f,f,f,f,f,f,f,f,f,f,f,OTHER THAN SMALL BUSINESS,O,f,f,f,f,f,f,f,f,f,f,f,f,f,f,f,f,f,PARTNERSHIP,f,f,t,f,f,f,f,f,f,f,f,f,f,f,f,f,f,t,f,f,f,f,f,f,f,f,f,f,t,f,f,f,f,f,f,f,f,f,f,f,f,f,f,f,f,f,f,f,f,f,,,,,,,,,,,https://www.usaspending.gov/award/CONT_AWD_W912DQ18C1013_9700_-NONE-_-NONE-/,2021-08-23 16:37:41+00
CONT_AWD_W912DQ18C1049_9700_-NONE-_-NONE-,W912DQ18C1049,,,,Q: Not Designated Nonemergency/Emergency/Disaster/Wildfire Suppression,,,,,317801.00,0.00,317801.00,317801.00,2018-06-08,2018,2021-08-19,2021,2018-05-31,2021-11-20,2021-11-20 00:00:00,,,097,Department of Defense,2100,Department of the Army,W912DQ,W071 ENDIST KANSAS CITY,097,Department of Defense,2100,Department of the Army,W912DQ,W071 ENDIST KANSAS CITY,096-X-3125-000;096-X-8862-000,096-3125;096-8862,32.0: Land and structures,0006: EMERGENCY MANAGEMENT,X,NOT APPLICABLE,,,JXFALJV71FK6,076970987,C L RICHARDSON CONSTRUCTION COMPANY,C L RICHARDSON CONSTRUCTION COMPANY,,1DBY0,JXFALJV71FK6,076970987,C L RICHARDSON CONSTRUCTION COMPANY,C L RICHARDSON CONSTRUCTION COMPANY,USA,UNITED STATES,15475 US HWY 63 S,,ASHLAND,29019,BOONE,29,MO,MISSOURI,650109568,MO-04,MO-03,5736579557,5736571078,USA,UNITED STATES,MORRISON,29073,GASCONADE,29,MO,MISSOURI,650619998,MO-03,MO-03,AWARD,D,DEFINITIVE CONTRACT,,,,,,,J,FIRM FIXED PRICE,"LEVEE, A-1 LEVEE",W912DQ18B1009,1,OT,OTHER FUNCTIONS,Y1PC,CONSTRUCTION OF UNIMPROVED REAL PROPERTY (LAND),H,NOT BUNDLED,C2,CONSTRUCTION,237990,OTHER HEAVY AND CIVIL ENGINEERING CONSTRUCTION,B,FAR 52.223-4 AND FAR 52.223-9 INCLUDED,A,U.S. OWNED BUSINESS,000,NONE,Z,NOT IT PRODUCTS OR SERVICES,A,MEETS REQUIREMENTS,USA,UNITED STATES,C,NOT A MANUFACTURED END PRODUCT,B,PLAN NOT REQUIRED,D,FULL AND OPEN COMPETITION AFTER EXCLUSION OF SOURCES,SB,SEALED BID,SBA,SMALL BUSINESS SET ASIDE - TOTAL,NONE,NO PREFERENCE USED,,,,,,,4,D,COMMERCIAL ITEM PROCEDURES NOT USED,f,N,NO,N,NO,Y,YES,N,NO,0.00,N,NO,X,NOT APPLICABLE,X,NOT APPLICABLE,Y,YES,X,NOT APPLICABLE,,,,,,,,NONE,NONE,N,NO,X,NOT APPLICABLE EXEMPT FROM CAS,N,TRANSACTION DOES NOT USE GFE/GFP,U,UNKNOWN,D,NOT CONSOLIDATED,N,NO - SERVICE WHERE PBA IS NOT USED.,N,NO,Z,NOT APPLICABLE,N,NO,X,NOT APPLICABLE,f,f,f,f,f,f,f,f,f,f,f,f,f,f,f,f,f,f,f,SMALL BUSINESS,S,f,f,f,f,f,f,f,f,f,f,f,f,f,f,f,f,f,CORPORATE NOT TAX EXEMPT,t,f,f,f,f,f,f,f,f,f,f,f,f,f,f,f,f,t,f,f,f,f,f,f,f,f,f,f,t,f,f,f,f,f,f,f,f,f,f,f,f,f,f,f,f,f,f,f,f,f,,,,,,,,,,,https://www.usaspending.gov/award/CONT_AWD_W912DQ18C1049_9700_-NONE-_-NONE-/,2021-08-19 10:44:01+00
CONT_AWD_W912DQ21C1026_9700_-NONE-_-NONE-,W912DQ21C1026,,,,N: Emergency P.L. 116-136,,522166.00,,,522166.00,0.00,522166.00,522166.00,2021-04-28,2021,2021-08-23,2021,2021-04-28,2022-02-28,2022-02-28 00:00:00,,2021-03-22,097,Department of Defense,2100,Department of the Army,W912DQ,W071 ENDIST KANSAS CITY,096,Corps of Engineers - Civil Works,96CE,U.S. Army Corps of Engineers - Civil Program Financing Only,966501,,096-2020/2021-3123-000,096-3123,25.4: Operation and maintenance of facilities,0002: FLOOD RISK MANAGEMENT;0005: MULTIPURPOSE AND OTHER PROGRAMS,X,NOT APPLICABLE,,,DSVLGHLHCTM7,153401422,"CARACAL ENTERPRISES, LLC",CARACAL ENTERPRISES LLC,,3YDH6,DSVLGHLHCTM7,153401422,"CARACAL ENTERPRISES, LLC",CARACAL ENTERPRISES LLC,USA,UNITED STATES,1260 HOLM RD STE A,,PETALUMA,06097,SONOMA,06,CA,CALIFORNIA,949541106,CA-02,CA-02,7077733373,7077733381,USA,UNITED STATES,KANSAS CITY,29095,JACKSON,29,MO,MISSOURI,641062896,MO-05,MO-05,AWARD,D,DEFINITIVE CONTRACT,,,,,,,J,FIRM FIXED PRICE,37 AUTOMATED FEE MACHINES (AFMS) WITH INSTALLATION SERVICES AT MULTIPLE LAKE LOCATIONS AROUND THE NWK DISTRICT.,W912DQ21R1022,1,OT,OTHER FUNCTIONS,7420,ACCOUNTING AND CALCULATING MACHINES,H,NOT BUNDLED,C9E,ALL OTHERS NOT IDENTIFIABLE TO ANY OTHER PROCUREMENT PROGRAM,333318,OTHER COMMERCIAL AND SERVICE INDUSTRY MACHINERY MANUFACTURING,D,ENERGY EFFICIENT,A,U.S. OWNED BUSINESS,000,NONE,Z,NOT IT PRODUCTS OR SERVICES,A,MEETS REQUIREMENTS,USA,UNITED STATES,D,MFG IN U.S.,B,PLAN NOT REQUIRED,F,COMPETED UNDER SAP,SP1,SIMPLIFIED ACQUISITION,SBA,SMALL BUSINESS SET ASIDE - TOTAL,NONE,NO PREFERENCE USED,,,,,,,1,A,COMMERCIAL ITEM,f,N,NO,N,NO,Y,YES,N,NO,0.00,N,NO,X,NOT APPLICABLE,Y,YES,X,NOT APPLICABLE,X,NOT APPLICABLE,,,,,,,,NONE,NONE,N,NO,X,NOT APPLICABLE EXEMPT FROM CAS,N,TRANSACTION DOES NOT USE GFE/GFP,N,NO,D,NOT CONSOLIDATED,X,NOT APPLICABLE,N,NO,Z,NOT APPLICABLE,N,NO,X,NOT APPLICABLE,f,f,f,f,f,f,f,f,f,f,f,f,f,f,f,f,f,f,f,SMALL BUSINESS,S,f,f,f,f,f,f,f,f,f,f,f,f,f,f,f,f,f,PARTNERSHIP,f,f,t,f,f,f,f,f,f,f,f,f,f,f,f,f,f,t,f,f,f,f,f,f,f,f,t,f,t,f,f,f,f,f,f,f,f,f,f,f,f,f,f,f,f,t,f,f,f,f,,,,,,,,,,,https://www.usaspending.gov/award/CONT_AWD_W912DQ21C1026_9700_-NONE-_-NONE-/,2021-08-23 11:56:26+00
CONT_AWD_W912DR20C0038_9700_-NONE-_-NONE-,W912DR20C0038,,,,N: Emergency P.L. 116-136;Q: Not Designated Nonemergency/Emergency/Disaster/Wildfire Suppression,0,926090.13,,,1421804.91,0.00,1421804.91,1421804.91,2020-08-10,2020,2021-08-19,2021,2020-09-15,2021-11-24,2021-11-24 00:00:00,,2020-06-30,097,Department of Defense,2100,Department of the Army,W912DR,W2SD ENDIST BALTIMORE,097,Department of Defense,2100,Department of the Army,W912DR,W2SD ENDIST BALTIMORE,021-2020/2020-2020-000;021-2020/2024-2050-000,021-2020;021-2050,32.0: Land and structures,0001: OPERATING FORCES;OPTN: FIELD IS OPTIONAL PRIOR TO FY21,X,NOT APPLICABLE,,,XB5BHLMH8NN7,167265086,"MEM CONTRACTING, INC.","MEM CONTRACTING, INC.",,315E6,XB5BHLMH8NN7,167265086,"MEM CONTRACTING, INC.",MEM CONTRACTING  INC.,USA,UNITED STATES,819 S PHILADELPHIA BLVD STE C,,ABERDEEN,24025,HARFORD,24,MD,MARYLAND,210013612,MD-02,MD-01,4435022824,4435022349,USA,UNITED STATES,ABERDEEN PROVING GROUND,24025,HARFORD,24,MD,MARYLAND,210050006,MD-02,MD-01,AWARD,D,DEFINITIVE CONTRACT,,,,,,,J,FIRM FIXED PRICE,"BLDG 6002, 6006, 6009&6010 RENOS AT CECOM AT APG, MD",W912DR20R0037,1,"CL,CT","CLOSELY ASSOCIATED,CRITICAL FUNCTIONS",Y1EZ,CONSTRUCTION OF OTHER INDUSTRIAL BUILDINGS,H,NOT BUNDLED,C2,CONSTRUCTION,237990,OTHER HEAVY AND CIVIL ENGINEERING CONSTRUCTION,C,NO CLAUSES INCLUDED AND NO SUSTAINABILITY INCLUDED,A,U.S. OWNED BUSINESS,000,NONE,Z,NOT IT PRODUCTS OR SERVICES,E,NOT REQUIRED,USA,UNITED STATES,C,NOT A MANUFACTURED END PRODUCT,B,PLAN NOT REQUIRED,B,NOT AVAILABLE FOR COMPETITION,SSS,ONLY ONE SOURCE,8AN,8(A) SOLE SOURCE,NONE,NO PREFERENCE USED,,,,,OTH,AUTHORIZED BY STATUTE (FAR 6.302-5(A)(2)(I)),1,D,COMMERCIAL ITEM PROCEDURES NOT USED,f,N,NO,N,NO,X,NOT APPLICABLE,N,NO,0.00,N,NO,X,NOT APPLICABLE,X,NOT APPLICABLE,Y,YES,X,NOT APPLICABLE,,,,,,,,NONE,NONE,N,NO,X,NOT APPLICABLE EXEMPT FROM CAS,N,TRANSACTION DOES NOT USE GFE/GFP,U,UNKNOWN,D,NOT CONSOLIDATED,N,NO - SERVICE WHERE PBA IS NOT USED.,N,NO,A,FAR 52.232-16 PROGRESS PAYMENTS,N,NO,X,NOT APPLICABLE,f,f,f,f,f,t,t,f,f,f,f,f,t,f,t,f,f,f,f,SMALL BUSINESS,S,f,f,f,f,f,f,f,f,f,f,f,f,f,f,f,f,f,CORPORATE NOT TAX EXEMPT,t,f,f,f,f,f,f,f,f,f,f,f,f,f,f,f,f,t,f,f,f,f,f,f,f,t,f,f,t,f,f,f,f,f,f,f,f,f,f,f,f,f,f,f,f,t,f,t,f,f,,,,,,,,,,,https://www.usaspending.gov/award/CONT_AWD_W912DR20C0038_9700_-NONE-_-NONE-/,2021-08-19 15:38:01+00
CONT_AWD_W912DS17C0010_9700_-NONE-_-NONE-,W912DS17C0010,,,,Q: Not Designated Nonemergency/Emergency/Disaster/Wildfire Suppression,,,,,318780.00,31680.00,318780.00,318780.00,2017-08-23,2017,2021-08-20,2021,2017-08-23,2022-09-03,2022-09-03 00:00:00,,,097,Department of Defense,2100,Department of the Army,W912DS,W2SD ENDIST NEW YORK,097,Department of Defense,2100,Department of the Army,W912DS,W2SD ENDIST NEW YORK,096-X-4902-000,096-4902,25.2: Other services from non-Federal sources,0803: INTRA-CORPS;OPTN: FIELD IS OPTIONAL PRIOR TO FY21,X,NOT APPLICABLE,,,ZQ6MX2539A95,808369040,BLUE SHIELD SECURITY & PROTECTION INC,BLUE SHIELD SECURITY AND PROTECTION INC.,,50JN4,ZQ6MX2539A95,808369040,BLUE SHIELD SECURITY & PROTECTION INC,BLUE SHIELD SECURITY AND PROTECTION INC.,USA,UNITED STATES,353 W 48 ST 4 FL,,NEW YORK,36061,NEW YORK,36,NY,NEW YORK,100361324,NY-10,NY-12,6463723835,6466198095,USA,UNITED STATES,TROY,36083,RENSSELAER,36,NY,NEW YORK,121809215,NY-19,NY-20,AWARD,D,DEFINITIVE CONTRACT,,,,,,,J,FIRM FIXED PRICE,IGF::CT::IGF AFO SECURITY SERVICES,W912DS17R0017,1,OT,OTHER FUNCTIONS,F999,OTHER ENVIRONMENTAL SERVICES,H,NOT BUNDLED,S1,SERVICES,561612,SECURITY GUARDS AND PATROL SERVICES,F,ENVIRONMENTALLY PREFERABLE,A,U.S. OWNED BUSINESS,000,NONE,Z,NOT IT PRODUCTS OR SERVICES,A,MEETS REQUIREMENTS,USA,UNITED STATES,C,NOT A MANUFACTURED END PRODUCT,B,PLAN NOT REQUIRED,F,COMPETED UNDER SAP,SP1,SIMPLIFIED ACQUISITION,SBA,SMALL BUSINESS SET ASIDE - TOTAL,NONE,NO PREFERENCE USED,,,,,,,13,A,COMMERCIAL ITEM,f,N,NO,N,NO,Y,YES,N,NO,0.00,N,NO,N,NO,Y,YES,N,NO,X,NOT APPLICABLE,,,,,,,,NONE,NONE,N,NO,X,NOT APPLICABLE EXEMPT FROM CAS,N,TRANSACTION DOES NOT USE GFE/GFP,N,NO,D,NOT CONSOLIDATED,Y,YES - SERVICE WHERE PBA IS USED.,N,NO,Z,NOT APPLICABLE,N,NO,X,NOT APPLICABLE,f,f,f,f,f,f,f,f,f,f,f,f,f,f,f,f,t,f,f,SMALL BUSINESS,S,f,f,f,f,f,f,f,f,f,f,f,f,f,f,f,f,f,CORPORATE NOT TAX EXEMPT,t,f,f,f,f,f,f,f,f,f,f,f,f,f,f,f,f,t,f,f,f,f,f,f,f,f,f,f,t,f,f,f,f,f,f,f,f,f,f,f,f,f,f,f,f,f,f,f,f,f,,,,,,,,,,,https://www.usaspending.gov/award/CONT_AWD_W912DS17C0010_9700_-NONE-_-NONE-/,2021-08-20 10:28:04+00
CONT_AWD_W912DS18C0029_9700_-NONE-_-NONE-,W912DS18C0029,,,,,,,,,1328266.73,,1328266.73,1328266.73,2018-09-30,2018,2021-08-17,2021,2018-09-30,2019-09-22,2019-09-22 00:00:00,,2018-09-27,097,Department of Defense,2100,Department of the Army,W912DS,W2SD ENDIST NEW YORK,097,Department of Defense,2100,Department of the Army,W912DS,W2SD ENDIST NEW YORK,,,,,X,NOT APPLICABLE,,,SFLTCMFLXBN8,806110479,"CALL ASSOCIATES, INC.","CALL ASSOCIATES, INC.",,5CP17,SFLTCMFLXBN8,806110479,"CALL ASSOCIATES, INC.",CALL ASSOCIATES  INC.,USA,UNITED STATES,567 EXCHANGE ST STE 211,,BUFFALO,36029,ERIE,36,NY,NEW YORK,142101368,NY-26,NY-26,7168531045,7168531418,USA,UNITED STATES,WEST POINT,36071,ORANGE,36,NY,NEW YORK,109961106,NY-18,NY-18,AWARD,D,DEFINITIVE CONTRACT,,,,,,,J,FIRM FIXED PRICE,WASHINGTON HALL GENE RENOVATIONS,W912DS18R0026,1,OT,OTHER FUNCTIONS,Z1QA,MAINTENANCE OF RESTORATION OF REAL PROPERTY (PUBLIC OR PRIVATE),H,NOT BUNDLED,C2,CONSTRUCTION,236220,COMMERCIAL AND INSTITUTIONAL BUILDING CONSTRUCTION,B,FAR 52.223-4 AND FAR 52.223-9 INCLUDED,A,U.S. OWNED BUSINESS,000,NONE,Z,NOT IT PRODUCTS OR SERVICES,A,MEETS REQUIREMENTS,USA,UNITED STATES,C,NOT A MANUFACTURED END PRODUCT,B,PLAN NOT REQUIRED,G,NOT COMPETED UNDER SAP,SP1,SIMPLIFIED ACQUISITION,8AN,8(A) SOLE SOURCE,NONE,NO PREFERENCE USED,,,,,OTH,AUTHORIZED BY STATUTE (FAR 6.302-5(A)(2)(I)),1,D,COMMERCIAL ITEM PROCEDURES NOT USED,f,N,NO,N,NO,Y,YES,N,NO,0.00,N,NO,X,NOT APPLICABLE,Y,YES,Y,YES,X,NOT APPLICABLE,,,,,,,,NONE,NONE,N,NO,X,NOT APPLICABLE EXEMPT FROM CAS,N,TRANSACTION DOES NOT USE GFE/GFP,U,UNKNOWN,D,NOT CONSOLIDATED,Y,YES - SERVICE WHERE PBA IS USED.,N,NO,A,FAR 52.232-16 PROGRESS PAYMENTS,N,NO,X,NOT APPLICABLE,f,f,f,f,f,f,f,f,f,f,f,f,t,f,t,f,f,f,f,SMALL BUSINESS,S,f,f,f,f,f,f,f,f,f,f,f,f,f,f,f,f,f,CORPORATE NOT TAX EXEMPT,t,f,f,f,f,f,f,f,f,f,f,f,f,f,f,f,f,t,f,f,f,f,f,f,f,t,f,f,t,f,f,f,f,f,f,f,f,f,f,f,f,f,f,f,t,t,f,t,t,f,,,,,,,,,,,https://www.usaspending.gov/award/CONT_AWD_W912DS18C0029_9700_-NONE-_-NONE-/,2021-08-17 14:34:32+00
CONT_AWD_W912DY19C0050_9700_-NONE-_-NONE-,W912DY19C0050,,,,Q: Not Designated Nonemergency/Emergency/Disaster/Wildfire Suppression,,,,,569967.85,31039.94,569967.85,569967.85,2019-09-10,2019,2021-08-17,2021,2019-09-23,2022-09-22,2022-09-22 00:00:00,,2019-07-05,097,Department of Defense,2100,Department of the Army,W912DY,W2V6 USA ENG SPT CTR HUNTSVIL,097,Department of Defense,2100,Department of the Army,W912DY,W2V6 USA ENG SPT CTR HUNTSVIL,021-2019/2019-2020-000,021-2020,25.4: Operation and maintenance of facilities,OPTN: FIELD IS OPTIONAL PRIOR TO FY21,X,NOT APPLICABLE,,,C1J1B6AJTQK4,,ADDON SERVICES LLC,"ADDON SERVICES, LLC",,6VC96,C1J1B6AJTQK4,,ADDON SERVICES LLC,ADDON SERVICES  LLC,USA,UNITED STATES,27789 MOUND RD STE 200,,WARREN,26099,MACOMB,26,MI,MICHIGAN,480922697,MI-09,MI-10,2487036997,2482471697,USA,UNITED STATES,FORT BRAGG,37051,CUMBERLAND,37,NC,NORTH CAROLINA,283070506,NC-08,NC-09,AWARD,D,DEFINITIVE CONTRACT,,,,,,,J,FIRM FIXED PRICE,WAMC CADD SUPPORT,W912DY19R0110,1,OT,OTHER FUNCTIONS,R408,SUPPORT- PROFESSIONAL: PROGRAM MANAGEMENT/SUPPORT,H,NOT BUNDLED,S1,SERVICES,561210,FACILITIES SUPPORT SERVICES,J,FAR 52.223-4 & BIO-BASED & ENERGY EFFICIENT,A,U.S. OWNED BUSINESS,000,NONE,Z,NOT IT PRODUCTS OR SERVICES,A,MEETS REQUIREMENTS,USA,UNITED STATES,C,NOT A MANUFACTURED END PRODUCT,B,PLAN NOT REQUIRED,B,NOT AVAILABLE FOR COMPETITION,SSS,ONLY ONE SOURCE,8AN,8(A) SOLE SOURCE,NONE,NO PREFERENCE USED,,,,,OTH,AUTHORIZED BY STATUTE (FAR 6.302-5(A)(2)(I)),1,D,COMMERCIAL ITEM PROCEDURES NOT USED,f,N,NO,N,NO,X,NOT APPLICABLE,N,NO,0.00,N,NO,X,NOT APPLICABLE,Y,YES,X,NOT APPLICABLE,X,NOT APPLICABLE,,,,,,,,NONE,NONE,N,NO,X,NOT APPLICABLE EXEMPT FROM CAS,N,TRANSACTION DOES NOT USE GFE/GFP,U,UNKNOWN,D,NOT CONSOLIDATED,N,NO - SERVICE WHERE PBA IS NOT USED.,N,NO,A,FAR 52.232-16 PROGRESS PAYMENTS,N,NO,X,NOT APPLICABLE,f,f,f,f,f,f,f,t,t,t,f,f,t,t,f,f,f,f,f,SMALL BUSINESS,S,f,f,f,f,f,f,f,f,f,f,f,f,f,f,f,f,f,CORPORATE NOT TAX EXEMPT,t,f,f,f,f,f,f,f,f,f,f,f,f,f,f,f,f,t,f,f,f,f,f,f,f,f,t,f,t,f,f,f,f,f,f,f,f,f,f,f,f,f,f,f,f,t,f,t,f,f,,,,,,,,,,,https://www.usaspending.gov/award/CONT_AWD_W912DY19C0050_9700_-NONE-_-NONE-/,2022-04-01 14:22:53+00
CONT_AWD_W912EF16C0009_9700_-NONE-_-NONE-,W912EF16C0009,,,,,,,,,897571.73,,897571.73,897571.73,2015-12-17,2016,2021-08-18,2021,2016-01-01,2021-04-30,2021-04-30 00:00:00,,,097,Department of Defense,2100,Department of the Army,W912EF,US ARMY ENGINEER DISTRICT WALLA WAL,096,Corps of Engineers - Civil Works,96CE,U.S. Army Corps of Engineers - Civil Program Financing Only,966501,,,,,,X,NOT APPLICABLE,,,UBFHSM8MK2A4,180921850,ASOTIN DEVELOPMENTAL SERVICE,"ASOTIN, COUNTY OF",,1FHL6,LLDJSFTNC368,017200874,"ASOTIN, COUNTY OF",COUNTY OF ASOTIN,USA,UNITED STATES,549 5TH ST STE A,,CLARKSTON,53003,ASOTIN,53,WA,WASHINGTON,994031980,WA-05,WA-05,5097588349,5097586557,USA,UNITED STATES,CLARKSTON,53003,ASOTIN,53,WA,WASHINGTON,994031943,WA-05,WA-05,AWARD,D,DEFINITIVE CONTRACT,,,,,,,J,FIRM FIXED PRICE,IGF::OT::IGF GROUNDS MAINTENANCE FOR LEWISTON LEVEES AND JANITORIAL FOR LOWER GRANITE NATURAL RESOURCES MANAGEMENT SECTION,W912EF16R0004,1,OT,OTHER FUNCTIONS,F018,NATURAL RESOURCES/CONSERVATION- OTHER FOREST/RANGE IMPROVEMENTS (NON-CONSTRUCTION),D,NOT A BUNDLED REQUIREMENT,S1,SERVICES,561730,LANDSCAPING SERVICES,C,NO CLAUSES INCLUDED AND NO SUSTAINABILITY INCLUDED,B,OTHER U.S. ENTITY (E.G. GOVERNMENT),000,NONE,Z,NOT IT PRODUCTS OR SERVICES,E,NOT REQUIRED,USA,UNITED STATES,C,NOT A MANUFACTURED END PRODUCT,B,PLAN NOT REQUIRED,B,NOT AVAILABLE FOR COMPETITION,SSS,ONLY ONE SOURCE,NONE,NO SET ASIDE USED.,NONE,NO PREFERENCE USED,,,,,OTH,AUTHORIZED BY STATUTE (FAR 6.302-5(A)(2)(I)),1,A,COMMERCIAL ITEM,f,N,NO,N,NO,Y,YES,N,NO,0.00,N,NO,X,NOT APPLICABLE,Y,YES,X,NOT APPLICABLE,X,NOT APPLICABLE,,,,,,,,NONE,NONE,N,NO,X,NOT APPLICABLE EXEMPT FROM CAS,N,TRANSACTION DOES NOT USE GFE/GFP,U,UNKNOWN,N,NO,Y,YES - SERVICE WHERE PBA IS USED.,N,NO,Z,NOT APPLICABLE,N,NO,X,NOT APPLICABLE,f,f,f,f,f,f,f,f,f,f,f,f,f,f,f,f,f,f,f,OTHER THAN SMALL BUSINESS,O,f,f,f,f,f,f,f,t,f,t,f,f,f,f,f,f,f,US GOVERNMENT ENTITY,f,f,f,f,f,f,t,f,f,f,f,f,f,f,f,f,f,t,f,f,f,f,f,f,f,f,f,f,f,f,f,t,f,f,f,f,f,f,f,f,f,f,f,f,f,f,f,f,f,f,,,,,,,,,,,https://www.usaspending.gov/award/CONT_AWD_W912EF16C0009_9700_-NONE-_-NONE-/,2021-08-18 16:50:47+00
CONT_AWD_W912EK15C0047_9700_-NONE-_-NONE-,W912EK15C0047,,,,,,,,,15500178.81,,15500178.81,15500178.81,2015-09-16,2015,2021-08-23,2021,2015-09-16,2021-06-05,2021-06-05 00:00:00,,,097,Department of Defense,2100,Department of the Army,W912EK,W07V ENDIST ROCK ISLAND,096,Corps of Engineers - Civil Works,96CE,U.S. Army Corps of Engineers - Civil Program Financing Only,966501,,,,,,X,NOT APPLICABLE,,,R8K6NACXCUJ3,078982568,G & G STEEL INC,"G & G STEEL, INC.",,7X643,XC1HB6BN7QH5,182051805,GENERAL SOUTHERN INDUSTRIES INC,GENERAL SOUTHERN INDUSTRIES INC,USA,UNITED STATES,15825 HWY 243,,RUSSELLVILLE,01059,FRANKLIN,01,AL,ALABAMA,356530000,AL-04,AL-04,2562770118,2562770218,USA,UNITED STATES,PLEASANT VALLEY,19163,SCOTT,19,IA,IOWA,527670534,IA-02,IA-01,AWARD,D,DEFINITIVE CONTRACT,,,,,,,J,FIRM FIXED PRICE,"IGF::OT:IGF MISSISSIPPI RIVER BASIN, LOCKS AND DAMS 2, 12, 15 AND 15A, MINNESOTA, IOWA, AND ILLINOIS, MITER GATE REPLACEMENT.",W912EK15R0019,1,OT,OTHER FUNCTIONS,9640,IRON AND STEEL PRIMARY AND SEMIFINISHED PRODUCTS,D,NOT A BUNDLED REQUIREMENT,C9E,ALL OTHERS NOT IDENTIFIABLE TO ANY OTHER PROCUREMENT PROGRAM,332312,FABRICATED STRUCTURAL METAL MANUFACTURING,C,NO CLAUSES INCLUDED AND NO SUSTAINABILITY INCLUDED,A,U.S. OWNED BUSINESS,000,NONE,Z,NOT IT PRODUCTS OR SERVICES,E,NOT REQUIRED,USA,UNITED STATES,D,MFG IN U.S.,B,PLAN NOT REQUIRED,D,FULL AND OPEN COMPETITION AFTER EXCLUSION OF SOURCES,NP,NEGOTIATED PROPOSAL/QUOTE,SBA,SMALL BUSINESS SET ASIDE - TOTAL,NONE,NO PREFERENCE USED,,,,,,,3,D,COMMERCIAL ITEM PROCEDURES NOT USED,f,N,NO,N,NO,Y,YES,N,NO,0.00,N,NO,Y,YES,N,NO,N,NO,X,NOT APPLICABLE,,,,,,,,NONE,NONE,N,NO,X,NOT APPLICABLE EXEMPT FROM CAS,N,TRANSACTION DOES NOT USE GFE/GFP,U,UNKNOWN,N,NO,X,NOT APPLICABLE,N,NO,A,FAR 52.232-16 PROGRESS PAYMENTS,N,NO,X,NOT APPLICABLE,f,f,f,f,f,f,f,f,f,f,f,f,f,f,f,f,f,f,f,SMALL BUSINESS,S,f,f,f,f,f,f,f,f,f,f,f,f,f,f,f,f,f,CORPORATE NOT TAX EXEMPT,t,f,f,f,f,f,f,f,f,f,f,f,f,f,f,f,f,t,f,f,f,f,f,f,f,f,f,f,t,f,f,f,f,f,f,f,f,f,f,f,f,f,f,f,f,f,f,f,f,f,,,,,,,,,,,https://www.usaspending.gov/award/CONT_AWD_W912EK15C0047_9700_-NONE-_-NONE-/,2021-08-23 13:07:12+00
CONT_AWD_W912EK20C0066_9700_-NONE-_-NONE-,W912EK20C0066,,,,Q: Not Designated Nonemergency/Emergency/Disaster/Wildfire Suppression,,,,,409188.00,389402.10,409188.00,409188.00,2020-09-30,2020,2021-08-18,2021,2020-09-30,2021-08-30,2021-08-30 00:00:00,,,097,Department of Defense,2100,Department of the Army,W912EK,W07V ENDIST ROCK ISLAND,096,Corps of Engineers - Civil Works,96CE,U.S. Army Corps of Engineers - Civil Program Financing Only,966501,,096-X-3123-000,096-3123,32.0: Land and structures,0002: FLOOD RISK MANAGEMENT,X,NOT APPLICABLE,,,NKFAQ2J467L3,125134036,"SUPPLIED INDUSTRIAL SOLUTIONS, INC.","SUPPLIED INDUSTRIAL SOLUTIONS, INC.",,3CX55,NKFAQ2J467L3,125134036,"SUPPLIED INDUSTRIAL SOLUTIONS, INC.",SUPPLIED INDUSTRIAL SOLUTIONS INC,USA,UNITED STATES,1635 WEST 1ST STREET SUITE 151,,GRANITE CITY,17119,MADISON,17,IL,ILLINOIS,620401858,IL-12,IL-13,6184528151,6182578013,USA,UNITED STATES,KNOXVILLE,19125,MARION,19,IA,IOWA,501388769,IA-02,IA-01,AWARD,D,DEFINITIVE CONTRACT,,,,,,,J,FIRM FIXED PRICE,LAKE RED ROCK NORTH OVERLOOK SHOWER HOUS,,1,OT,OTHER FUNCTIONS,Z2QA,REPAIR OR ALTERATION OF RESTORATION OF REAL PROPERTY (PUBLIC OR PRIVATE),H,NOT BUNDLED,C2,CONSTRUCTION,237990,OTHER HEAVY AND CIVIL ENGINEERING CONSTRUCTION,H,FAR 52.223-4 & BIO-BASED,A,U.S. OWNED BUSINESS,000,NONE,Z,NOT IT PRODUCTS OR SERVICES,A,MEETS REQUIREMENTS,USA,UNITED STATES,C,NOT A MANUFACTURED END PRODUCT,B,PLAN NOT REQUIRED,G,NOT COMPETED UNDER SAP,SP1,SIMPLIFIED ACQUISITION,NONE,NO SET ASIDE USED.,NONE,NO PREFERENCE USED,,,,,OTH,AUTHORIZED BY STATUTE (FAR 6.302-5(A)(2)(I)),1,D,COMMERCIAL ITEM PROCEDURES NOT USED,f,N,NO,N,NO,N,NO,N,NO,0.00,N,NO,X,NOT APPLICABLE,N,NO,Y,YES,X,NOT APPLICABLE,,,,,,,,NONE,NONE,N,NO,X,NOT APPLICABLE EXEMPT FROM CAS,N,TRANSACTION DOES NOT USE GFE/GFP,U,UNKNOWN,D,NOT CONSOLIDATED,Y,YES - SERVICE WHERE PBA IS USED.,N,NO,Z,NOT APPLICABLE,N,NO,X,NOT APPLICABLE,f,f,f,f,f,t,t,f,f,f,f,f,t,f,f,t,f,f,f,SMALL BUSINESS,S,f,f,f,f,f,f,f,f,f,f,f,f,f,f,f,f,f,CORPORATE NOT TAX EXEMPT,t,f,f,f,f,f,f,f,f,f,f,f,f,f,f,f,f,t,f,f,f,f,f,f,f,t,f,f,t,f,f,f,f,f,f,f,f,f,f,f,f,f,f,f,t,t,f,t,t,f,,,,,,,,,,,https://www.usaspending.gov/award/CONT_AWD_W912EK20C0066_9700_-NONE-_-NONE-/,2021-08-18 16:06:14+00
CONT_AWD_W912ES19C0002_9700_-NONE-_-NONE-,W912ES19C0002,,,,Q: Not Designated Nonemergency/Emergency/Disaster/Wildfire Suppression,,,,,1240700.00,684392.50,1240700.00,1240700.00,2019-04-01,2019,2021-08-23,2021,2019-04-01,2022-06-30,2022-06-30 00:00:00,,2018-10-31,097,Department of Defense,2100,Department of the Army,W912ES,W07V ENDIST ST PAUL,096,Corps of Engineers - Civil Works,96CE,U.S. Army Corps of Engineers - Civil Program Financing Only,966501,,096-X-3122-000;096-X-8862-000,096-3122;096-8862,25.2: Other services from non-Federal sources,0002: FLOOD RISK MANAGEMENT;OPTN: FIELD IS OPTIONAL PRIOR TO FY21,X,NOT APPLICABLE,,,LRKNPDNJJYZ3,127255102,ENGINEERING & CONSTRUCTION INNOVATIONS INC,"ENGINEERING & CONSTRUCTION INNOVATIONS, INC.",,1X3R7,N7WZRXK5EBE5,650056179,ENGINEERING & CONSTRUCTION INNOVATIONS  INC.,ENGINEERING & CONSTRUCTION INNOVATIONS  INC.,USA,UNITED STATES,7002 6TH ST N,,OAKDALE,27163,WASHINGTON,27,MN,MINNESOTA,551286146,MN-04,MN-04,6512989111,6512989113,USA,UNITED STATES,DELANO,27171,WRIGHT,27,MN,MINNESOTA,553280013,MN-06,MN-06,AWARD,D,DEFINITIVE CONTRACT,,,,,,,J,FIRM FIXED PRICE,CROW RIVER DESIGN/BUILD PROJECT,W912ES18R0004,1,OT,OTHER FUNCTIONS,Z2QA,REPAIR OR ALTERATION OF RESTORATION OF REAL PROPERTY (PUBLIC OR PRIVATE),H,NOT BUNDLED,C2,CONSTRUCTION,237990,OTHER HEAVY AND CIVIL ENGINEERING CONSTRUCTION,E,BIO-BASED,A,U.S. OWNED BUSINESS,000,NONE,Z,NOT IT PRODUCTS OR SERVICES,A,MEETS REQUIREMENTS,USA,UNITED STATES,C,NOT A MANUFACTURED END PRODUCT,B,PLAN NOT REQUIRED,D,FULL AND OPEN COMPETITION AFTER EXCLUSION OF SOURCES,TS,TWO STEP,SBA,SMALL BUSINESS SET ASIDE - TOTAL,NONE,NO PREFERENCE USED,,,,,,,4,D,COMMERCIAL ITEM PROCEDURES NOT USED,f,N,NO,N,NO,Y,YES,N,NO,0.00,N,NO,N,NO,N,NO,Y,YES,X,NOT APPLICABLE,,,,,,,,NONE,NONE,N,NO,X,NOT APPLICABLE EXEMPT FROM CAS,N,TRANSACTION DOES NOT USE GFE/GFP,U,UNKNOWN,D,NOT CONSOLIDATED,N,NO - SERVICE WHERE PBA IS NOT USED.,N,NO,Z,NOT APPLICABLE,N,NO,X,NOT APPLICABLE,f,f,f,f,f,f,f,f,f,f,f,f,f,f,f,f,f,f,f,SMALL BUSINESS,S,f,f,f,f,f,f,f,f,f,f,f,f,f,f,f,f,f,CORPORATE NOT TAX EXEMPT,t,f,f,f,f,f,f,f,f,f,f,f,f,f,f,f,f,t,f,f,f,f,f,f,f,f,f,f,t,f,f,f,f,f,f,f,f,f,f,f,f,f,f,f,f,f,f,f,f,f,,,,,,,,,,,https://www.usaspending.gov/award/CONT_AWD_W912ES19C0002_9700_-NONE-_-NONE-/,2021-08-23 15:31:05+00
CONT_AWD_W912GB11C0013_9700_-NONE-_-NONE-,W912GB11C0013,,,,,,,,,20328922.71,,27437199.79,27437199.79,2011-05-04,2011,2021-08-23,2021,2011-03-16,2022-08-27,2022-08-27 00:00:00,,,097,Department of Defense,2100,Department of the Army,W912GB,W2SD ENDIST EUROPE,097,Department of Defense,2100,Department of the Army,W912GB,W2SD ENDIST EUROPE,,,,,X,NOT APPLICABLE,,,LN9PU5M2YZN5,123456787,MISCELLANEOUS FOREIGN AWARDEES,MISCELLANEOUS FOREIGN CONTRACTORS,,35KC0,LN9PU5M2YZN5,123456787,MISCELLANEOUS FOREIGN AWARDEES,MISCELLANEOUS FOREIGN CONTRACTORS,USA,UNITED STATES,2011 CRYSTAL DR STE 911,,ARLINGTON,51013,ARLINGTON,51,VA,VIRGINIA,222023732,VA-98,VA-08,7036053406,7036053454,DEU,GERMANY,,,,,,,,,,AWARD,D,DEFINITIVE CONTRACT,,,,,,,J,FIRM FIXED PRICE,"PART 1, ADDITIONAL SERVICES",,1,,,Y166,CONSTRUCTION OF PENAL FACILITIES,D,NOT A BUNDLED REQUIREMENT,C2,CONSTRUCTION,238990,ALL OTHER SPECIALTY TRADE CONTRACTORS,C,NO CLAUSES INCLUDED AND NO SUSTAINABILITY INCLUDED,O,OTHER FOREIGN ENTITY (E.G. FOREIGN GOVERNMENT),000,NONE,Z,NOT IT PRODUCTS OR SERVICES,E,NOT REQUIRED,DEU,GERMANY,C,NOT A MANUFACTURED END PRODUCT,B,PLAN NOT REQUIRED,A,FULL AND OPEN COMPETITION,NP,NEGOTIATED PROPOSAL/QUOTE,NONE,NO SET ASIDE USED.,NONE,NO PREFERENCE USED,,,,,,,5,D,COMMERCIAL ITEM PROCEDURES NOT USED,f,N,NO,N,NO,X,NOT APPLICABLE,N,NO,0.00,N,NO,X,NOT APPLICABLE,X,NOT APPLICABLE,X,NOT APPLICABLE,X,NOT APPLICABLE,,,,,,,,NONE,NONE,N,NO,X,NOT APPLICABLE EXEMPT FROM CAS,N,TRANSACTION DOES NOT USE GFE/GFP,N,NO,N,NO,N,NO - SERVICE WHERE PBA IS NOT USED.,N,NO,Z,NOT APPLICABLE,N,NO,X,NOT APPLICABLE,f,f,f,f,f,f,f,f,f,f,f,f,f,f,f,f,f,f,f,OTHER THAN SMALL BUSINESS,O,f,f,f,f,f,f,f,f,f,f,f,f,f,f,f,f,f,OTHER,f,f,f,f,f,f,f,f,f,f,f,f,f,f,f,f,f,t,f,f,f,f,f,f,f,f,f,f,t,f,f,f,f,f,f,f,f,f,f,f,f,f,f,f,f,f,f,f,f,f,,,,,,,,,,,https://www.usaspending.gov/award/CONT_AWD_W912GB11C0013_9700_-NONE-_-NONE-/,2021-08-23 09:10:04+00
CONT_AWD_W912GB11C0016_9700_-NONE-_-NONE-,W912GB11C0016,,,,,,,,,12974403.25,,12996824.91,12996824.91,2011-05-03,2011,2021-08-19,2021,2011-03-22,2023-12-30,2023-12-30 00:00:00,,,097,Department of Defense,2100,Department of the Army,W912GB,W2SD ENDIST EUROPE,097,Department of Defense,2100,Department of the Army,W74RDV,W0JV HQ USACE MIL PROGRAMS,,,,,X,NOT APPLICABLE,,,LN9PU5M2YZN5,123456787,MISCELLANEOUS FOREIGN AWARDEES,MISCELLANEOUS FOREIGN CONTRACTORS,,35KC0,LN9PU5M2YZN5,123456787,MISCELLANEOUS FOREIGN AWARDEES,MISCELLANEOUS FOREIGN CONTRACTORS,USA,UNITED STATES,2011 CRYSTAL DR STE 911,,ARLINGTON,51013,ARLINGTON,51,VA,VIRGINIA,222023732,VA-98,VA-08,7036053406,7036053454,DEU,GERMANY,,,,,,,,,,AWARD,D,DEFINITIVE CONTRACT,,,,,,,J,FIRM FIXED PRICE,7.1.2-7.1.4 SERVICES TITLE I,,1,,,Y111,CONSTRUCTION OF OFFICE BUILDINGS,D,NOT A BUNDLED REQUIREMENT,C2,CONSTRUCTION,238990,ALL OTHER SPECIALTY TRADE CONTRACTORS,C,NO CLAUSES INCLUDED AND NO SUSTAINABILITY INCLUDED,O,OTHER FOREIGN ENTITY (E.G. FOREIGN GOVERNMENT),000,NONE,Z,NOT IT PRODUCTS OR SERVICES,E,NOT REQUIRED,DEU,GERMANY,C,NOT A MANUFACTURED END PRODUCT,B,PLAN NOT REQUIRED,A,FULL AND OPEN COMPETITION,NP,NEGOTIATED PROPOSAL/QUOTE,NONE,NO SET ASIDE USED.,NONE,NO PREFERENCE USED,,,,,,,2,D,COMMERCIAL ITEM PROCEDURES NOT USED,f,N,NO,N,NO,X,NOT APPLICABLE,N,NO,0.00,N,NO,X,NOT APPLICABLE,X,NOT APPLICABLE,X,NOT APPLICABLE,X,NOT APPLICABLE,,,,,,,,NONE,NONE,N,NO,X,NOT APPLICABLE EXEMPT FROM CAS,N,TRANSACTION DOES NOT USE GFE/GFP,N,NO,N,NO,N,NO - SERVICE WHERE PBA IS NOT USED.,N,NO,Z,NOT APPLICABLE,N,NO,X,NOT APPLICABLE,f,f,f,f,f,f,f,f,f,f,f,f,f,f,f,f,f,f,f,OTHER THAN SMALL BUSINESS,O,f,f,f,f,f,f,f,f,f,f,f,f,f,f,f,f,f,OTHER,f,f,f,f,f,f,f,f,f,f,f,f,f,f,f,f,f,t,f,f,f,f,f,f,f,f,f,f,t,f,f,f,f,f,f,f,f,f,f,f,f,f,f,f,f,f,f,f,f,f,,,,,,,,,,,https://www.usaspending.gov/award/CONT_AWD_W912GB11C0016_9700_-NONE-_-NONE-/,2021-08-19 08:34:57+00
CONT_AWD_W912GB15C0027_9700_-NONE-_-NONE-,W912GB15C0027,,,,Q: Not Designated Nonemergency/Emergency/Disaster/Wildfire Suppression,,,,,5407826.72,3189963.83,5407826.72,5407826.72,2015-09-29,2015,2021-08-18,2021,2015-09-22,2022-09-23,2022-09-23 00:00:00,,,097,Department of Defense,2100,Department of the Army,W912GB,W2SD ENDIST EUROPE,097,Department of Defense,2100,Department of the Army,W90S02,W6FM SITE HOH,021-2015/2019-2050-000;021-2016/2020-2050-000;021-2020/2024-2050-000,021-2050,25.1: Advisory and assistance services;25.4: Operation and maintenance of facilities;32.0: Land and structures,OPTN: FIELD IS OPTIONAL PRIOR TO FY21,X,NOT APPLICABLE,6,AWARDS TO FOREIGN ENTITIES FOR WORK PERFORMED OUTSIDE THE UNITED STATES,WWFNFCV65M13,332619535,BUNDESAMT FÜR BAUWESEN UND RAUMORDNUNG,BUNDESAMT F¿R BAUWESEN UND RAUMORDNUNG,BUNDESAMT F¿R BAUWESEN,,WWFNFCV65M13,332619535,BUNDESAMT FÜR BAUWESEN UND RAUMORDNUNG,BUNDESAMT FUER BAUWESEN UND RAUMORDNUNG,DEU,GERMANY,DEICHMANNS AUE 31-37,,BONN,,,,,,53179,,,228994010,,DEU,GERMANY,,,,,,,,,,AWARD,D,DEFINITIVE CONTRACT,,,,,,,J,FIRM FIXED PRICE,"IGF::OT::IGF  REPAIR AFH UNITS, VILSECK, GERMANY",,1,OT,OTHER FUNCTIONS,Z2PZ,REPAIR OR ALTERATION OF OTHER NON-BUILDING FACILITIES,D,NOT A BUNDLED REQUIREMENT,C2,CONSTRUCTION,238990,ALL OTHER SPECIALTY TRADE CONTRACTORS,C,NO CLAUSES INCLUDED AND NO SUSTAINABILITY INCLUDED,O,OTHER FOREIGN ENTITY (E.G. FOREIGN GOVERNMENT),000,NONE,Z,NOT IT PRODUCTS OR SERVICES,E,NOT REQUIRED,DEU,GERMANY,C,NOT A MANUFACTURED END PRODUCT,B,PLAN NOT REQUIRED,A,FULL AND OPEN COMPETITION,NP,NEGOTIATED PROPOSAL/QUOTE,NONE,NO SET ASIDE USED.,NONE,NO PREFERENCE USED,,,,,,,2,D,COMMERCIAL ITEM PROCEDURES NOT USED,f,N,NO,N,NO,N,NO,N,NO,0.00,N,NO,X,NOT APPLICABLE,X,NOT APPLICABLE,X,NOT APPLICABLE,X,NOT APPLICABLE,,,,,,,,NONE,NONE,N,NO,X,NOT APPLICABLE EXEMPT FROM CAS,N,TRANSACTION DOES NOT USE GFE/GFP,N,NO,N,NO,N,NO - SERVICE WHERE PBA IS NOT USED.,N,NO,Z,NOT APPLICABLE,N,NO,X,NOT APPLICABLE,f,f,f,f,f,f,f,f,f,f,f,f,f,f,f,f,f,f,f,OTHER THAN SMALL BUSINESS,O,f,f,f,f,f,f,f,f,f,f,f,f,f,f,f,f,f,,f,f,f,f,f,f,f,f,f,f,f,f,f,f,f,f,f,f,f,f,f,f,f,f,f,f,f,f,f,f,f,f,f,f,f,f,f,f,f,f,f,f,f,f,f,f,f,f,f,f,,,,,,,,,,,https://www.usaspending.gov/award/CONT_AWD_W912GB15C0027_9700_-NONE-_-NONE-/,2021-08-18 10:06:15+00
CONT_AWD_W912GB16C0052_9700_-NONE-_-NONE-,W912GB16C0052,,,,,,,,,365355.81,,365355.81,365355.81,2016-09-30,2016,2021-08-24,2021,2016-09-29,2026-12-30,2026-12-30 00:00:00,,,097,Department of Defense,2100,Department of the Army,W912GB,W2SD ENDIST EUROPE,097,Department of Defense,2100,Department of the Army,W90S02,W6FM SITE HOH,,,,,X,NOT APPLICABLE,6,AWARDS TO FOREIGN ENTITIES FOR WORK PERFORMED OUTSIDE THE UNITED STATES,WWFNFCV65M13,332619535,BUNDESAMT FÜR BAUWESEN UND RAUMORDNUNG,BUNDESAMT FÜR BAUWESEN UND RAUMORDNUNG,,,WWFNFCV65M13,332619535,BUNDESAMT FÜR BAUWESEN UND RAUMORDNUNG,BUNDESAMT FUER BAUWESEN UND RAUMORDNUNG,DEU,GERMANY,DEICHMANNS AUE 31-37,,BONN,,,,,,53179,,,,,DEU,GERMANY,,,,,,,,,,AWARD,D,DEFINITIVE CONTRACT,,,,,,,J,FIRM FIXED PRICE,"IGF::OT::IGF RENOVATE BLDG.  163 RHEIN ORDNANCE BARRACKS, KAISERSLAUTERN GERMANY IGF::OT::IGF",,1,OT,OTHER FUNCTIONS,Y1FD,CONSTRUCTION OF DINING FACILITIES,D,NOT A BUNDLED REQUIREMENT,C2,CONSTRUCTION,238990,ALL OTHER SPECIALTY TRADE CONTRACTORS,C,NO CLAUSES INCLUDED AND NO SUSTAINABILITY INCLUDED,D,FOREIGN-OWNED BUSINESS NOT INCORPORATED IN THE U.S.,000,NONE,Z,NOT IT PRODUCTS OR SERVICES,E,NOT REQUIRED,DEU,GERMANY,C,NOT A MANUFACTURED END PRODUCT,B,PLAN NOT REQUIRED,A,FULL AND OPEN COMPETITION,NP,NEGOTIATED PROPOSAL/QUOTE,NONE,NO SET ASIDE USED.,NONE,NO PREFERENCE USED,,,,,,,3,D,COMMERCIAL ITEM PROCEDURES NOT USED,f,N,NO,N,NO,X,NOT APPLICABLE,N,NO,0.00,N,NO,X,NOT APPLICABLE,X,NOT APPLICABLE,X,NOT APPLICABLE,X,NOT APPLICABLE,,,,,,,,NONE,NONE,N,NO,X,NOT APPLICABLE EXEMPT FROM CAS,N,TRANSACTION DOES NOT USE GFE/GFP,N,NO,N,NO,N,NO - SERVICE WHERE PBA IS NOT USED.,N,NO,Z,NOT APPLICABLE,N,NO,X,NOT APPLICABLE,f,f,f,f,f,f,f,f,f,f,f,f,f,f,f,f,f,f,f,OTHER THAN SMALL BUSINESS,O,f,f,f,f,f,f,f,f,f,f,f,f,f,f,f,f,f,,f,f,f,f,f,f,f,f,f,f,f,f,f,f,f,f,f,f,f,f,f,f,f,f,f,f,f,f,f,f,f,f,f,f,f,f,f,f,f,f,f,f,f,f,f,f,f,f,f,f,,,,,,,,,,,https://www.usaspending.gov/award/CONT_AWD_W912GB16C0052_9700_-NONE-_-NONE-/,2021-08-24 12:08:17+00
CONT_AWD_W912GB20C0048_9700_-NONE-_-NONE-,W912GB20C0048,,,,Q: Not Designated Nonemergency/Emergency/Disaster/Wildfire Suppression,,,,,34554.84,0.00,34554.84,34554.84,2020-09-29,2020,2021-08-23,2021,2020-11-15,2022-03-21,2022-03-21 00:00:00,,2020-03-08,097,Department of Defense,2100,Department of the Army,W912GB,W2SD ENDIST EUROPE,097,Department of Defense,2100,Department of the Army,W91FVL,W1DR USAE DSCS EUCOM,021-2019/2023-2050-000,021-2050,32.0: Land and structures,OPTN: FIELD IS OPTIONAL PRIOR TO FY21,X,NOT APPLICABLE,,,LQQ3JPQ8LMC6,506861443,ASLAN CONSTRUCTION SERVICE CJSC,ASLAN CONSTRUCTION SERVICE CJSC,,SBHK6,LQQ3JPQ8LMC6,506861443,ASLAN CONSTRUCTION SERVICE CJSC,ASLAN INSHAAT SERVIS LLC,AZE,AZERBAIJAN,"SABAIL DISTRICT, PASSAGE 1128",,BAKU,,,,,,AZ1004,,,,,AZE,AZERBAIJAN,,,,,,,,,,AWARD,D,DEFINITIVE CONTRACT,,,,,,,J,FIRM FIXED PRICE,SOFA:SCHOOL BUILDING,W912GB20R0039,1,OT,OTHER FUNCTIONS,Y1CA,CONSTRUCTION OF SCHOOLS,H,NOT BUNDLED,C2,CONSTRUCTION,236220,COMMERCIAL AND INSTITUTIONAL BUILDING CONSTRUCTION,F,ENVIRONMENTALLY PREFERABLE,D,FOREIGN-OWNED BUSINESS NOT INCORPORATED IN THE U.S.,ZSF,STATUS OF FORCES AGREEMENT,Z,NOT IT PRODUCTS OR SERVICES,E,NOT REQUIRED,AZE,AZERBAIJAN,C,NOT A MANUFACTURED END PRODUCT,B,PLAN NOT REQUIRED,A,FULL AND OPEN COMPETITION,NP,NEGOTIATED PROPOSAL/QUOTE,NONE,NO SET ASIDE USED.,NONE,NO PREFERENCE USED,,,,,,,4,D,COMMERCIAL ITEM PROCEDURES NOT USED,f,N,NO,N,NO,Y,YES,N,NO,0.00,N,NO,X,NOT APPLICABLE,X,NOT APPLICABLE,X,NOT APPLICABLE,X,NOT APPLICABLE,,,,,,,,NONE,NONE,N,NO,X,NOT APPLICABLE EXEMPT FROM CAS,N,TRANSACTION DOES NOT USE GFE/GFP,U,UNKNOWN,D,NOT CONSOLIDATED,N,NO - SERVICE WHERE PBA IS NOT USED.,N,NO,D,UNUSUAL PROGRESS PAYMENTS OR ADVANCE PAYMENTS,N,NO,X,NOT APPLICABLE,f,f,f,f,f,f,f,f,f,f,f,f,f,f,f,f,f,f,f,OTHER THAN SMALL BUSINESS,O,f,f,f,f,f,f,f,f,f,f,f,f,f,f,f,f,f,CORPORATE NOT TAX EXEMPT,t,f,f,f,f,f,f,f,f,f,f,f,f,f,f,f,f,t,f,f,f,f,f,f,f,f,f,f,t,f,f,f,f,f,f,f,f,f,f,f,f,f,f,f,f,f,f,f,f,f,,,,,,,,,,,https://www.usaspending.gov/award/CONT_AWD_W912GB20C0048_9700_-NONE-_-NONE-/,2021-08-23 07:39:09+00
CONT_AWD_W912HN15C0015_9700_-NONE-_-NONE-,W912HN15C0015,,,,,,,,,99897017.63,,99897017.63,99897017.63,2015-07-31,2015,2021-08-19,2021,2015-07-31,2018-05-20,2018-05-20 00:00:00,,,097,Department of Defense,2100,Department of the Army,W912HN,W074 ENDIST SAVANNAH,097,Department of Defense,2100,Department of the Army,W33SJG,W2SR ENDIST SAVANNAH CW,,,,,X,NOT APPLICABLE,,,YAFDWNWM6JL7,125122965,CDM CONSTRUCTORS INC,CDM CONSTRUCTORS INC.,,1TWG9,SK8BJTEP5KB3,055990261,CDM SMITH INC.,CDM SMITH INC.,USA,UNITED STATES,2301 MAITLAND CENTER PKWY STE 300,,MAITLAND,12095,ORANGE,12,FL,FLORIDA,327517422,FL-07,FL-10,3033832300,7202641180,USA,UNITED STATES,SAVANNAH,13051,CHATHAM,13,GA,GEORGIA,314013640,GA-01,GA-01,AWARD,D,DEFINITIVE CONTRACT,,,,,,,J,FIRM FIXED PRICE,IGF::OT::IGF SHEP DISSOLVED OXYGEN INJECTION SYSTEM,W912HN13R0018,1,OT,OTHER FUNCTIONS,Y1JZ,CONSTRUCTION OF MISCELLANEOUS BUILDINGS,D,NOT A BUNDLED REQUIREMENT,C2,CONSTRUCTION,237990,OTHER HEAVY AND CIVIL ENGINEERING CONSTRUCTION,E,BIO-BASED,A,U.S. OWNED BUSINESS,000,NONE,Z,NOT IT PRODUCTS OR SERVICES,E,NOT REQUIRED,USA,UNITED STATES,C,NOT A MANUFACTURED END PRODUCT,F,INDIVIDUAL SUBCONTRACT PLAN,A,FULL AND OPEN COMPETITION,NP,NEGOTIATED PROPOSAL/QUOTE,NONE,NO SET ASIDE USED.,NONE,NO PREFERENCE USED,,,,,,,4,D,COMMERCIAL ITEM PROCEDURES NOT USED,f,N,NO,N,NO,Y,YES,N,NO,0.00,N,NO,N,NO,N,NO,Y,YES,X,NOT APPLICABLE,,,,,,,,NONE,NONE,N,NO,X,NOT APPLICABLE EXEMPT FROM CAS,N,TRANSACTION DOES NOT USE GFE/GFP,U,UNKNOWN,N,NO,N,NO - SERVICE WHERE PBA IS NOT USED.,N,NO,C,PERCENTAGE OF COMPLETION PROGRESS PAYMENTS,N,NO,X,NOT APPLICABLE,f,f,f,f,f,f,f,f,f,f,f,f,f,f,f,f,f,f,f,OTHER THAN SMALL BUSINESS,O,f,f,f,f,f,f,f,f,f,f,f,f,f,f,f,f,f,CORPORATE NOT TAX EXEMPT,t,f,f,f,f,f,f,f,f,f,f,f,f,f,f,f,f,t,f,f,f,f,f,f,f,f,f,f,t,f,f,f,f,f,f,f,f,f,f,f,f,f,f,f,f,f,f,f,f,f,,,,,,,,,,,https://www.usaspending.gov/award/CONT_AWD_W912HN15C0015_9700_-NONE-_-NONE-/,2021-08-19 12:47:59+00
CONT_AWD_W912HN20C3001_9700_-NONE-_-NONE-,W912HN20C3001,,,,Q: Not Designated Nonemergency/Emergency/Disaster/Wildfire Suppression,,,,,5155000.00,0.00,5229989.00,5229989.00,2019-11-12,2020,2021-08-24,2021,2019-11-12,2021-11-30,2021-11-30 00:00:00,,2019-09-03,097,Department of Defense,2100,Department of the Army,W912HN,W074 ENDIST SAVANNAH,097,Department of Defense,2100,Department of the Army,W33SJG,W2SR ENDIST SAVANNAH CW,021-2016/2020-2050-000;021-2020/2024-2050-000,021-2050,32.0: Land and structures,0001: MAJOR CONSTRUCTION,X,NOT APPLICABLE,,,Z6ZVR3MXC9L4,828255583,C & C CONTRACTORS LLC,"C&C CONTRACTORS, LLC",,56PB2,Z6ZVR3MXC9L4,828255583,C & C CONTRACTORS LLC,C&C CONTRACTORS  LLC,USA,UNITED STATES,209 LYON ST,,NOTASULGA,01087,MACON,01,AL,ALABAMA,368662584,AL-03,AL-02,3342574307,,USA,UNITED STATES,FORT BENNING,13215,MUSCOGEE,13,GA,GEORGIA,319052102,GA-02,GA-02,AWARD,D,DEFINITIVE CONTRACT,,,,,,,J,FIRM FIXED PRICE,"PROJECT NUMBER: 87980, GOOD HOPE TRAINING AREA 1, FT. BENNING, GEORGIA",W912HN19B3006,1,OT,OTHER FUNCTIONS,Y1LB,"CONSTRUCTION OF HIGHWAYS, ROADS, STREETS, BRIDGES, AND RAILWAYS",H,NOT BUNDLED,C2,CONSTRUCTION,237990,OTHER HEAVY AND CIVIL ENGINEERING CONSTRUCTION,F,ENVIRONMENTALLY PREFERABLE,A,U.S. OWNED BUSINESS,000,NONE,Z,NOT IT PRODUCTS OR SERVICES,E,NOT REQUIRED,USA,UNITED STATES,C,NOT A MANUFACTURED END PRODUCT,B,PLAN NOT REQUIRED,D,FULL AND OPEN COMPETITION AFTER EXCLUSION OF SOURCES,SB,SEALED BID,SBA,SMALL BUSINESS SET ASIDE - TOTAL,NONE,NO PREFERENCE USED,,,,,,,2,D,COMMERCIAL ITEM PROCEDURES NOT USED,f,N,NO,N,NO,Y,YES,N,NO,0.00,N,NO,X,NOT APPLICABLE,X,NOT APPLICABLE,Y,YES,X,NOT APPLICABLE,,,,,,,,NONE,NONE,N,NO,X,NOT APPLICABLE EXEMPT FROM CAS,N,TRANSACTION DOES NOT USE GFE/GFP,U,UNKNOWN,D,NOT CONSOLIDATED,N,NO - SERVICE WHERE PBA IS NOT USED.,N,NO,Z,NOT APPLICABLE,N,NO,X,NOT APPLICABLE,f,f,f,f,f,t,t,f,f,f,f,f,f,f,f,f,f,f,f,SMALL BUSINESS,S,f,f,f,f,f,f,f,f,f,f,f,f,f,f,f,f,f,CORPORATE NOT TAX EXEMPT,t,f,f,f,f,f,f,f,f,f,f,f,f,f,f,f,f,t,f,f,f,f,f,f,f,t,f,f,t,f,f,f,f,f,f,f,f,f,f,f,f,f,f,f,f,t,f,f,t,f,,,,,,,,,,,https://www.usaspending.gov/award/CONT_AWD_W912HN20C3001_9700_-NONE-_-NONE-/,2021-08-24 10:51:37+00
CONT_AWD_W912HN20C3002_9700_-NONE-_-NONE-,W912HN20C3002,,,,Q: Not Designated Nonemergency/Emergency/Disaster/Wildfire Suppression,,,,,5080937.00,0.00,5080937.00,5080937.00,2019-11-13,2020,2021-08-24,2021,2019-11-13,2021-11-30,2021-11-30 00:00:00,,2019-09-03,097,Department of Defense,2100,Department of the Army,W912HN,W074 ENDIST SAVANNAH,097,Department of Defense,2100,Department of the Army,W33SJG,W2SR ENDIST SAVANNAH CW,021-2019/2023-2050-000;021-2020/2024-2050-000,021-2050,32.0: Land and structures,0001: MAJOR CONSTRUCTION,X,NOT APPLICABLE,,,Z6ZVR3MXC9L4,828255583,C & C CONTRACTORS LLC,"C&C CONTRACTORS, LLC",,56PB2,Z6ZVR3MXC9L4,828255583,C & C CONTRACTORS LLC,C&C CONTRACTORS  LLC,USA,UNITED STATES,209 LYON ST,,NOTASULGA,01087,MACON,01,AL,ALABAMA,368662584,AL-03,AL-02,3342574307,,USA,UNITED STATES,FORT BENNING,13215,MUSCOGEE,13,GA,GEORGIA,319052102,GA-02,GA-02,AWARD,D,DEFINITIVE CONTRACT,,,,,,,J,FIRM FIXED PRICE,"PROJECT NUMBER: 89215, GOOD HOPE TRAINING AREA 2, FT. BENNING, GEORGIA",W912HN19B3007,1,OT,OTHER FUNCTIONS,Y1LB,"CONSTRUCTION OF HIGHWAYS, ROADS, STREETS, BRIDGES, AND RAILWAYS",H,NOT BUNDLED,C2,CONSTRUCTION,237990,OTHER HEAVY AND CIVIL ENGINEERING CONSTRUCTION,F,ENVIRONMENTALLY PREFERABLE,A,U.S. OWNED BUSINESS,000,NONE,Z,NOT IT PRODUCTS OR SERVICES,E,NOT REQUIRED,USA,UNITED STATES,C,NOT A MANUFACTURED END PRODUCT,B,PLAN NOT REQUIRED,D,FULL AND OPEN COMPETITION AFTER EXCLUSION OF SOURCES,SB,SEALED BID,SBA,SMALL BUSINESS SET ASIDE - TOTAL,NONE,NO PREFERENCE USED,,,,,,,2,D,COMMERCIAL ITEM PROCEDURES NOT USED,f,N,NO,N,NO,Y,YES,N,NO,0.00,N,NO,Y,YES,Y,YES,Y,YES,X,NOT APPLICABLE,,,,,,,,NONE,NONE,N,NO,X,NOT APPLICABLE EXEMPT FROM CAS,N,TRANSACTION DOES NOT USE GFE/GFP,U,UNKNOWN,D,NOT CONSOLIDATED,N,NO - SERVICE WHERE PBA IS NOT USED.,N,NO,Z,NOT APPLICABLE,N,NO,X,NOT APPLICABLE,f,f,f,f,f,t,t,f,f,f,f,f,f,f,f,f,f,f,f,SMALL BUSINESS,S,f,f,f,f,f,f,f,f,f,f,f,f,f,f,f,f,f,CORPORATE NOT TAX EXEMPT,t,f,f,f,f,f,f,f,f,f,f,f,f,f,f,f,f,t,f,f,f,f,f,f,f,t,f,f,t,f,f,f,f,f,f,f,f,f,f,f,f,f,f,f,f,t,f,f,t,f,,,,,,,,,,,https://www.usaspending.gov/award/CONT_AWD_W912HN20C3002_9700_-NONE-_-NONE-/,2021-08-24 10:39:20+00
CONT_AWD_W912HQ16C0037_9700_-NONE-_-NONE-,W912HQ16C0037,,,,,,,,,2121414.00,,2121414.00,2121414.00,2016-08-24,2016,2021-08-24,2021,2016-08-24,2022-02-24,2022-02-24 00:00:00,,,097,Department of Defense,2100,Department of the Army,W912HQ,W4LD USA HECSA,097,Department of Defense,2100,Department of the Army,W74RDV,W0JV HQ USACE MIL PROGRAMS,,,,,X,NOT APPLICABLE,,,CG8RBJJMTVD9,806514985,PARAGON ROBOTICS LLC,"PARAGON ROBOTICS, L.L.C.",,58E92,CG8RBJJMTVD9,806514985,PARAGON ROBOTICS LLC,PARAGON ROBOTICS  L.L.C.,USA,UNITED STATES,5386 MAJESTIC PKWY STE 2,,BEDFORD HEIGHTS,39035,CUYAHOGA,39,OH,OHIO,441466907,OH-14,OH-11,3309777981,3309777981,USA,UNITED STATES,BEDFORD,39035,CUYAHOGA,39,OH,OHIO,441466907,OH-11,OH-11,AWARD,D,DEFINITIVE CONTRACT,,,,,,,J,FIRM FIXED PRICE,IGF::OT::IGF EW-201601,,1,OT,OTHER FUNCTIONS,AH91,R&D- ENVIRONMENTAL PROTECTION: OTHER (BASIC RESEARCH),D,NOT A BUNDLED REQUIREMENT,S1,SERVICES,541712,"RESEARCH AND DEVELOPMENT IN THE PHYSICAL, ENGINEERING, AND LIFE SCIENCES (EXCEPT BIOTECHNOLOGY)",C,NO CLAUSES INCLUDED AND NO SUSTAINABILITY INCLUDED,A,U.S. OWNED BUSINESS,000,NONE,Z,NOT IT PRODUCTS OR SERVICES,E,NOT REQUIRED,USA,UNITED STATES,C,NOT A MANUFACTURED END PRODUCT,B,PLAN NOT REQUIRED,A,FULL AND OPEN COMPETITION,NP,NEGOTIATED PROPOSAL/QUOTE,NONE,NO SET ASIDE USED.,NONE,NO PREFERENCE USED,,,,,,,22,D,COMMERCIAL ITEM PROCEDURES NOT USED,f,N,NO,N,NO,N,NO,N,NO,0.00,N,NO,X,NOT APPLICABLE,X,NOT APPLICABLE,X,NOT APPLICABLE,X,NOT APPLICABLE,,,,,,,,P20C,COVID-19 2020,N,NO,X,NOT APPLICABLE EXEMPT FROM CAS,N,TRANSACTION DOES NOT USE GFE/GFP,N,NO,N,NO,N,NO - SERVICE WHERE PBA IS NOT USED.,N,NO,Z,NOT APPLICABLE,N,NO,C,"PRESIDENTIAL ISSUED EMERGENCY DECLARATION, OR A MAJOR DISASTER DECLARATION",f,f,f,f,f,f,f,f,f,f,f,f,f,f,f,f,f,f,f,OTHER THAN SMALL BUSINESS,O,f,f,f,f,f,f,f,f,f,f,f,f,f,f,f,f,f,OTHER,f,f,f,f,f,f,f,f,f,f,f,f,t,f,f,f,f,t,f,f,f,f,f,f,f,f,t,f,t,f,f,f,f,f,f,f,f,f,f,f,f,f,f,f,f,t,f,f,f,f,,,,,,,,,,,https://www.usaspending.gov/award/CONT_AWD_W912HQ16C0037_9700_-NONE-_-NONE-/,2021-08-24 16:31:15+00
CONT_AWD_W912HQ16C0048_9700_-NONE-_-NONE-,W912HQ16C0048,,,,Q: Not Designated Nonemergency/Emergency/Disaster/Wildfire Suppression,,,,,2246402.00,0.00,2465781.00,2465781.00,2016-09-16,2016,2021-08-23,2021,2016-09-16,2021-09-16,2021-09-16 00:00:00,,,097,Department of Defense,2100,Department of the Army,W912HQ,W4LD USA HECSA,097,Department of Defense,2100,Department of the Army,W74RDV,W0JV HQ USACE MIL PROGRAMS,097-2020/2021-0400-000,097-0400,25.5: Research and development contracts,,X,NOT APPLICABLE,,,YRXVL4JYCEF5,072051394,PURDUE UNIVERSITY,PURDUE UNIVERSITY,,6D418,YRXVL4JYCEF5,072051394,PURDUE UNIVERSITY,PURDUE UNIVERSITY,USA,UNITED STATES,401 SOUTH GRANT ST,,WEST LAFAYETTE,18157,TIPPECANOE,18,IN,INDIANA,479072024,IN-04,IN-04,7654941063,7654941360,USA,UNITED STATES,WEST LAFAYETTE,18157,TIPPECANOE,18,IN,INDIANA,479072024,IN-04,IN-04,AWARD,D,DEFINITIVE CONTRACT,,,,,,,S,COST NO FEE,IGF::OT::IGF PROJECT ER 2626 FOR: DEVELOPMENT OF AMPHIBIAN POLY- AND PERFLUOROALKYL SUBSTANCES TOXICITY REFERENCE VALUES FOR USE IN ECOLOGICAL RISK ASSESSMENT AT AQUEOUS FILM FORMING FOAM SITES,,1,OT,OTHER FUNCTIONS,AH91,R&D- ENVIRONMENTAL PROTECTION: OTHER (BASIC RESEARCH),D,NOT A BUNDLED REQUIREMENT,S1,SERVICES,541712,"RESEARCH AND DEVELOPMENT IN THE PHYSICAL, ENGINEERING, AND LIFE SCIENCES (EXCEPT BIOTECHNOLOGY)",C,NO CLAUSES INCLUDED AND NO SUSTAINABILITY INCLUDED,A,U.S. OWNED BUSINESS,000,NONE,Z,NOT IT PRODUCTS OR SERVICES,E,NOT REQUIRED,USA,UNITED STATES,C,NOT A MANUFACTURED END PRODUCT,F,INDIVIDUAL SUBCONTRACT PLAN,A,FULL AND OPEN COMPETITION,BR,BASIC RESEARCH,NONE,NO SET ASIDE USED.,NONE,NO PREFERENCE USED,,,,,,,80,D,COMMERCIAL ITEM PROCEDURES NOT USED,f,N,NO,N,NO,X,NOT APPLICABLE,N,NO,0.00,N,NO,X,NOT APPLICABLE,X,NOT APPLICABLE,X,NOT APPLICABLE,X,NOT APPLICABLE,,,,,,,,NONE,NONE,N,NO,Y,YES - CAS CLAUSE INCLUDED,N,TRANSACTION DOES NOT USE GFE/GFP,U,UNKNOWN,N,NO,N,NO - SERVICE WHERE PBA IS NOT USED.,N,NO,Z,NOT APPLICABLE,N,NO,X,NOT APPLICABLE,f,f,f,f,f,f,f,f,f,f,f,f,f,f,f,f,f,f,f,OTHER THAN SMALL BUSINESS,O,f,f,f,f,f,f,f,f,f,f,f,f,f,f,f,f,f,OTHER,f,f,f,f,f,f,f,f,f,t,f,f,f,f,f,f,f,t,f,f,f,f,f,f,f,f,f,f,f,f,t,f,f,f,t,f,f,f,f,f,f,f,f,f,f,f,f,f,f,f,,,,,,,,,,,https://www.usaspending.gov/award/CONT_AWD_W912HQ16C0048_9700_-NONE-_-NONE-/,2021-08-23 11:31:35+00
CONT_AWD_W912HQ17C0025_9700_-NONE-_-NONE-,W912HQ17C0025,,,,,,,,,1014222.00,,1014222.00,1014222.00,2017-09-28,2017,2021-08-18,2021,2017-09-28,2022-09-28,2022-09-28 00:00:00,,,097,Department of Defense,2100,Department of the Army,W912HQ,W4LD USA HECSA,097,Department of Defense,2100,Department of the Army,W74RDV,W0JV HQ USACE MIL PROGRAMS,,,,,X,NOT APPLICABLE,,,T72NHKM259N3,059007500,UNIVERSITY OF DELAWARE,UNIVERSITY OF DELAWARE,,015X1,T72NHKM259N3,059007500,UNIVERSITY OF DELAWARE,UNIVERSITY OF DELAWARE,USA,UNITED STATES,220 HULLIHEN HALL,,NEWARK,10003,NEW CASTLE,10,DE,DELAWARE,197160099,DE-00,DE-00,3028316688,3028312828,USA,UNITED STATES,NEWARK,10003,NEW CASTLE,10,DE,DELAWARE,197160099,DE-00,DE-00,AWARD,D,DEFINITIVE CONTRACT,,,,,,,S,COST NO FEE,IGF::OT::IGF ER-2726 APPLICATION OF CARBON AND NITROGEN STABLE ISOTOPE ANALYSIS TO EVALUATE BIOTIC AND ABIOTIC DEGRADATION OF DNAN AND NTO,,1,OT,OTHER FUNCTIONS,AH91,R&D- ENVIRONMENTAL PROTECTION: OTHER (BASIC RESEARCH),H,NOT BUNDLED,S1,SERVICES,541712,"RESEARCH AND DEVELOPMENT IN THE PHYSICAL, ENGINEERING, AND LIFE SCIENCES (EXCEPT BIOTECHNOLOGY)",C,NO CLAUSES INCLUDED AND NO SUSTAINABILITY INCLUDED,A,U.S. OWNED BUSINESS,000,NONE,Z,NOT IT PRODUCTS OR SERVICES,E,NOT REQUIRED,USA,UNITED STATES,C,NOT A MANUFACTURED END PRODUCT,F,INDIVIDUAL SUBCONTRACT PLAN,A,FULL AND OPEN COMPETITION,BR,BASIC RESEARCH,NONE,NO SET ASIDE USED.,NONE,NO PREFERENCE USED,,,,,,,92,D,COMMERCIAL ITEM PROCEDURES NOT USED,f,N,NO,N,NO,N,NO,N,NO,0.00,N,NO,X,NOT APPLICABLE,X,NOT APPLICABLE,X,NOT APPLICABLE,X,NOT APPLICABLE,,,,,,,,P20C,COVID-19 2020,N,NO,Y,YES - CAS CLAUSE INCLUDED,N,TRANSACTION DOES NOT USE GFE/GFP,N,NO,D,NOT CONSOLIDATED,N,NO - SERVICE WHERE PBA IS NOT USED.,N,NO,Z,NOT APPLICABLE,N,NO,C,"PRESIDENTIAL ISSUED EMERGENCY DECLARATION, OR A MAJOR DISASTER DECLARATION",f,f,f,f,f,f,f,f,f,f,f,f,f,f,f,f,f,f,f,OTHER THAN SMALL BUSINESS,O,f,f,f,f,f,f,f,f,f,f,f,f,f,f,f,f,f,CORPORATE TAX EXEMPT,f,t,f,f,f,f,f,f,f,t,f,f,f,f,f,f,f,t,f,f,f,f,f,f,f,f,f,f,f,t,f,f,t,f,t,f,f,f,f,f,f,f,f,f,f,f,f,f,f,f,,,,,,,,,,,https://www.usaspending.gov/award/CONT_AWD_W912HQ17C0025_9700_-NONE-_-NONE-/,2021-08-18 11:07:30+00
CONT_AWD_W912HV20C0003_9700_-NONE-_-NONE-,W912HV20C0003,,,,Q: Not Designated Nonemergency/Emergency/Disaster/Wildfire Suppression,,,,,722337.76,0.00,722337.76,722337.76,2020-05-29,2020,2021-08-24,2021,2020-05-22,2021-05-07,2021-05-07 00:00:00,,2020-01-07,097,Department of Defense,2100,Department of the Army,W912HV,W2SN ENDIST JAPAN,097,Department of Defense,2100,Department of the Army,W912HV,W2SN ENDIST JAPAN,021-2020/2024-2050-000,021-2050,32.0: Land and structures,0001: MAJOR CONSTRUCTION,X,NOT APPLICABLE,,,GW6ZE1QWBLH3,694313677,"ONAKA GUMI CO.,LTD.","ONAKA GUMI CO., LTD.",,JS482,GW6ZE1QWBLH3,694313677,"ONAKA GUMI CO.,LTD.",ONAKA GUMI CO.  LTD.,JPN,JAPAN,"2-1-1, OHIRA",,URASOE,,,,,,901-2113,,,3124986241,3124986241,JPN,JAPAN,,,,,,,,,,AWARD,D,DEFINITIVE CONTRACT,,,,,,,J,FIRM FIXED PRICE,"DLA DWCF WATERFRONT REPAIRS WHITE BEACH ARMY FUEL PIER&TENGAN BASIN (CAMP COURTNEY) OKINAWA, JAPAN",W912HV20R0003,1,OT,OTHER FUNCTIONS,Z2AZ,REPAIR OR ALTERATION OF OTHER ADMINISTRATIVE FACILITIES AND SERVICE BUILDINGS,H,NOT BUNDLED,S1,SERVICES,237310,"HIGHWAY, STREET, AND BRIDGE CONSTRUCTION",F,ENVIRONMENTALLY PREFERABLE,D,FOREIGN-OWNED BUSINESS NOT INCORPORATED IN THE U.S.,ZSF,STATUS OF FORCES AGREEMENT,Z,NOT IT PRODUCTS OR SERVICES,E,NOT REQUIRED,JPN,JAPAN,C,NOT A MANUFACTURED END PRODUCT,B,PLAN NOT REQUIRED,A,FULL AND OPEN COMPETITION,NP,NEGOTIATED PROPOSAL/QUOTE,NONE,NO SET ASIDE USED.,NONE,NO PREFERENCE USED,,,,,,,3,D,COMMERCIAL ITEM PROCEDURES NOT USED,f,N,NO,N,NO,Y,YES,N,NO,0.00,N,NO,X,NOT APPLICABLE,X,NOT APPLICABLE,X,NOT APPLICABLE,X,NOT APPLICABLE,,,,,,,,NONE,NONE,N,NO,X,NOT APPLICABLE EXEMPT FROM CAS,N,TRANSACTION DOES NOT USE GFE/GFP,N,NO,D,NOT CONSOLIDATED,Y,YES - SERVICE WHERE PBA IS USED.,N,NO,Z,NOT APPLICABLE,N,NO,X,NOT APPLICABLE,f,f,f,f,f,f,f,f,f,f,f,f,f,f,f,f,f,f,f,OTHER THAN SMALL BUSINESS,O,f,f,f,f,f,f,f,f,f,f,f,f,f,f,f,f,f,OTHER,f,f,f,f,f,f,f,f,f,f,f,f,f,f,f,f,f,t,f,f,f,f,f,f,f,f,f,f,t,f,f,f,f,f,f,f,f,f,f,f,f,f,f,f,f,f,f,f,f,f,,,,,,,,,,,https://www.usaspending.gov/award/CONT_AWD_W912HV20C0003_9700_-NONE-_-NONE-/,2021-08-24 02:45:44+00
CONT_AWD_W912HV21C0005_9700_-NONE-_-NONE-,W912HV21C0005,,,,,,,,,2641055.53,,2641055.53,2641055.53,2021-07-15,2021,2021-08-24,2021,2021-07-15,2022-11-13,2022-11-13 00:00:00,,2021-05-12,097,Department of Defense,2100,Department of the Army,W912HV,W2SN ENDIST JAPAN,097,Department of Defense,2100,Department of the Army,W912HV,W2SN ENDIST JAPAN,,,,,X,NOT APPLICABLE,,,MBQALQVMNDX5,,"MITSUBISHI HEAVY INDUSTRIES TRANSPORTATION AND CONSTRUCTION ENGINEERING, LTD.","MITSUBISHI HEAVY INDUSTRIES TRANSPORTATION AND CONSTRUCTION ENGINEERING, LTD.",,JSHC6,RLV2NRTMNVD9,,"MITSUBISHI HEAVY INDUSTRIES, LTD.",MITSUBISHI HEAVY INDUSTRIES ENGINEERING  LTD.,JPN,JAPAN,"3-3-1, MINATOMIRAI, NISHI-KU",MITSUBISHIJUKOYOKOHAMA BLDG. 12F.,YOKOHAMA,,,,,KANAGAWA,220-0012,,,,,JPN,JAPAN,,,,,,,,,,AWARD,D,DEFINITIVE CONTRACT,,,,,,,J,FIRM FIXED PRICE,"REPAIR BUILDING 163-11, SAGAMI GENERAL DEPOT, JAPAN",W912HV21B0006,1,OT,OTHER FUNCTIONS,Z2GZ,REPAIR OR ALTERATION OF OTHER WAREHOUSE BUILDINGS,H,NOT BUNDLED,C2,CONSTRUCTION,236220,COMMERCIAL AND INSTITUTIONAL BUILDING CONSTRUCTION,D,ENERGY EFFICIENT,D,FOREIGN-OWNED BUSINESS NOT INCORPORATED IN THE U.S.,ZSF,STATUS OF FORCES AGREEMENT,Z,NOT IT PRODUCTS OR SERVICES,E,NOT REQUIRED,JPN,JAPAN,C,NOT A MANUFACTURED END PRODUCT,B,PLAN NOT REQUIRED,A,FULL AND OPEN COMPETITION,SB,SEALED BID,NONE,NO SET ASIDE USED.,NONE,NO PREFERENCE USED,,,,,,,2,D,COMMERCIAL ITEM PROCEDURES NOT USED,f,N,NO,N,NO,Y,YES,N,NO,0.00,N,NO,X,NOT APPLICABLE,X,NOT APPLICABLE,X,NOT APPLICABLE,X,NOT APPLICABLE,,,,,,,,NONE,NONE,N,NO,X,NOT APPLICABLE EXEMPT FROM CAS,N,TRANSACTION DOES NOT USE GFE/GFP,U,UNKNOWN,D,NOT CONSOLIDATED,Y,YES - SERVICE WHERE PBA IS USED.,N,NO,C,PERCENTAGE OF COMPLETION PROGRESS PAYMENTS,N,NO,X,NOT APPLICABLE,f,f,f,f,f,f,f,f,f,f,f,f,f,f,f,f,f,f,f,OTHER THAN SMALL BUSINESS,O,f,f,f,f,f,f,f,f,f,f,f,f,f,f,f,f,f,CORPORATE TAX EXEMPT,f,t,f,f,f,f,f,f,f,f,f,f,f,f,f,f,f,t,f,f,f,f,f,f,f,f,f,f,t,f,f,f,f,f,f,f,f,f,f,f,f,f,f,f,f,f,f,f,f,f,,,,,,,,,,,https://www.usaspending.gov/award/CONT_AWD_W912HV21C0005_9700_-NONE-_-NONE-/,2022-04-02 14:48:34+00
CONT_AWD_W912HY19C0019_9700_-NONE-_-NONE-,W912HY19C0019,,,,Q: Not Designated Nonemergency/Emergency/Disaster/Wildfire Suppression,,,,,5087380.58,1147652.45,5087380.58,5087380.58,2019-09-21,2019,2021-08-20,2021,2019-09-21,2021-06-13,2021-06-13 00:00:00,,2019-07-26,097,Department of Defense,2100,Department of the Army,W912HY,W076 ENDIST GALVESTON,096,Corps of Engineers - Civil Works,96CE,U.S. Army Corps of Engineers - Civil Program Financing Only,966501,,096-X-3123-000,096-3123,32.0: Land and structures,0001: COMMERCIAL NAVIGATION;OPTN: FIELD IS OPTIONAL PRIOR TO FY21,X,NOT APPLICABLE,,,HGG9RPDJGJ16,968589569,DREDGIT CORPORATION,DREDGIT ENVIRONMENTAL CORPORATION,,7CDN1,HGG9RPDJGJ16,968589569,DREDGIT CORPORATION,DREDGIT ENVIRONMENTAL CORPORATION,USA,UNITED STATES,701 N POST OAK RD STE 350,,HOUSTON,48201,HARRIS,48,TX,TEXAS,770243877,TX-02,TX-38,7139794885,7137870703,USA,UNITED STATES,GALVESTON,48167,GALVESTON,48,TX,TEXAS,775506294,TX-14,TX-14,AWARD,D,DEFINITIVE CONTRACT,,,,,,,J,FIRM FIXED PRICE,SEMI-COMPACTED INPERVIOUS FILL,W912HY19B0012,1,OT,OTHER FUNCTIONS,Z1KB,MAINTENANCE OF CANALS,H,NOT BUNDLED,C2,CONSTRUCTION,237990,OTHER HEAVY AND CIVIL ENGINEERING CONSTRUCTION,D,ENERGY EFFICIENT,A,U.S. OWNED BUSINESS,000,NONE,Z,NOT IT PRODUCTS OR SERVICES,A,MEETS REQUIREMENTS,USA,UNITED STATES,C,NOT A MANUFACTURED END PRODUCT,B,PLAN NOT REQUIRED,A,FULL AND OPEN COMPETITION,SB,SEALED BID,NONE,NO SET ASIDE USED.,NONE,NO PREFERENCE USED,,,,,,,6,D,COMMERCIAL ITEM PROCEDURES NOT USED,f,N,NO,N,NO,Y,YES,N,NO,0.00,N,NO,N,NO,X,NOT APPLICABLE,Y,YES,X,NOT APPLICABLE,,,,,,,,NONE,NONE,N,NO,X,NOT APPLICABLE EXEMPT FROM CAS,N,TRANSACTION DOES NOT USE GFE/GFP,U,UNKNOWN,D,NOT CONSOLIDATED,N,NO - SERVICE WHERE PBA IS NOT USED.,N,NO,E,COMMERCIAL FINANCING,N,NO,X,NOT APPLICABLE,f,f,f,f,f,f,f,t,t,f,f,f,f,f,f,f,f,f,f,SMALL BUSINESS,S,f,f,f,f,f,f,f,f,f,f,f,f,f,f,f,f,f,CORPORATE NOT TAX EXEMPT,t,f,f,f,f,f,f,f,f,f,f,f,f,f,f,f,f,t,f,f,f,f,f,f,f,f,f,f,t,f,f,f,f,f,f,f,f,f,f,f,f,f,f,f,f,f,f,f,f,f,,,,,,,,,,,https://www.usaspending.gov/award/CONT_AWD_W912HY19C0019_9700_-NONE-_-NONE-/,2021-08-20 16:38:41+00
CONT_AWD_W912HZ10C0031_9700_-NONE-_-NONE-,W912HZ10C0031,,,,,,,,,849936.30,,849936.30,849936.30,2010-05-17,2010,2021-08-23,2021,2010-05-17,2014-09-30,2014-09-30 00:00:00,,,097,Department of Defense,2100,Department of the Army,W912HZ,W2R2 USA ENGR R & D CTR,097,Department of Defense,2100,Department of the Army,W81EWF,W2R2 USA ENGR R & D CTR,,,,,X,NOT APPLICABLE,,,V6AFQPN18437,170230239,UNIVERSITY OF TEXAS AT AUSTIN,UNIVERSITY OF TEXAS AT AUSTIN,,9B981,X5NKD2NFF2V3,042000273,UNIVERSITY OF TEXAS SYSTEM,UNIVERSITY OF TEXAS SYSTEM,USA,UNITED STATES,101 E 27TH STE 4308,,AUSTIN,48453,TRAVIS,48,TX,TEXAS,787121500,TX-25,TX-25,5124716424,5124716564,USA,UNITED STATES,AUSTIN,48453,TRAVIS,48,TX,TEXAS,787121500,TX-25,TX-25,AWARD,D,DEFINITIVE CONTRACT,,,,,,,S,COST NO FEE,"U438120  BAA 09-4524, YEAR 1",,1,,,AZ12,R&D- OTHER RESEARCH AND DEVELOPMENT (APPLIED RESEARCH/EXPLORATORY DEVELOPMENT),D,NOT A BUNDLED REQUIREMENT,C9E,ALL OTHERS NOT IDENTIFIABLE TO ANY OTHER PROCUREMENT PROGRAM,541712,"RESEARCH AND DEVELOPMENT IN THE PHYSICAL, ENGINEERING, AND LIFE SCIENCES (EXCEPT BIOTECHNOLOGY)",C,NO CLAUSES INCLUDED AND NO SUSTAINABILITY INCLUDED,B,OTHER U.S. ENTITY (E.G. GOVERNMENT),000,NONE,Z,NOT IT PRODUCTS OR SERVICES,E,NOT REQUIRED,USA,UNITED STATES,C,NOT A MANUFACTURED END PRODUCT,C,PLAN REQUIRED - INCENTIVE NOT INCLUDED,A,FULL AND OPEN COMPETITION,NP,NEGOTIATED PROPOSAL/QUOTE,NONE,NO SET ASIDE USED.,NONE,NO PREFERENCE USED,,,,,,,2,D,COMMERCIAL ITEM PROCEDURES NOT USED,f,N,NO,N,NO,Y,YES,N,NO,0.00,N,NO,N,NO,N,NO,N,NO,X,NOT APPLICABLE,,,,,,,,NONE,NONE,N,NO,X,NOT APPLICABLE EXEMPT FROM CAS,N,TRANSACTION DOES NOT USE GFE/GFP,N,NO,N,NO,Y,YES - SERVICE WHERE PBA IS USED.,N,NO,Z,NOT APPLICABLE,N,NO,X,NOT APPLICABLE,f,f,f,f,f,f,f,f,f,f,f,f,f,f,f,f,f,f,f,OTHER THAN SMALL BUSINESS,O,f,f,f,f,f,f,f,f,f,f,f,f,f,f,f,f,f,OTHER,f,f,f,f,f,f,f,f,f,t,f,f,f,f,f,f,f,t,f,f,f,f,f,f,f,f,f,f,f,t,f,f,f,t,f,f,f,f,f,f,f,f,f,f,f,f,f,f,f,f,,,,,,,,,,,https://www.usaspending.gov/award/CONT_AWD_W912HZ10C0031_9700_-NONE-_-NONE-/,2021-08-23 13:27:54+00
CONT_AWD_W912HZ16C0028_9700_-NONE-_-NONE-,W912HZ16C0028,,,,,,,,,245134.04,,245134.04,687279.04,2016-08-16,2016,2021-08-17,2021,2016-08-16,2017-08-15,2019-08-15 00:00:00,,,097,Department of Defense,2100,Department of the Army,W912HZ,W2R2 USA ENGR R & D CTR,097,Department of Defense,2100,Department of the Army,W81EWF,W2R2 USA ENGR R & D CTR,,,,,X,NOT APPLICABLE,,,EXNTYZTJ7HZ4,077482169,TETRA TECH INC,"TETRA TECH, INC.",,1XBB7,LMRMKLLL3LG5,045224250,"TETRA TECH, INC.",TETRA TECH  INC.,USA,UNITED STATES,"1093 COMMERCE PARK DR, STE 100",,OAK RIDGE,47001,ANDERSON,47,TN,TENNESSEE,378308029,TN-03,TN-03,8652204739,8654826052,USA,UNITED STATES,OAK RIDGE,47001,ANDERSON,47,TN,TENNESSEE,378308029,TN-03,TN-03,AWARD,D,DEFINITIVE CONTRACT,,,,,,,U,COST PLUS FIXED FEE,IGF::OT::IGF BAA-14-0082 FOR ROLE OF ABIOTIC TREATMENT OF RDX IN GROUNDWATER U433D10,W912HZ14BAA01,1,OT,OTHER FUNCTIONS,AJ31,R&D- GENERAL SCIENCE/TECHNOLOGY: ENVIRONMENTAL SCIENCES (BASIC RESEARCH),D,NOT A BUNDLED REQUIREMENT,S1,SERVICES,541712,"RESEARCH AND DEVELOPMENT IN THE PHYSICAL, ENGINEERING, AND LIFE SCIENCES (EXCEPT BIOTECHNOLOGY)",C,NO CLAUSES INCLUDED AND NO SUSTAINABILITY INCLUDED,A,U.S. OWNED BUSINESS,000,NONE,Z,NOT IT PRODUCTS OR SERVICES,E,NOT REQUIRED,USA,UNITED STATES,C,NOT A MANUFACTURED END PRODUCT,B,PLAN NOT REQUIRED,A,FULL AND OPEN COMPETITION,BR,BASIC RESEARCH,NONE,NO SET ASIDE USED.,NONE,NO PREFERENCE USED,,,,,,,2,D,COMMERCIAL ITEM PROCEDURES NOT USED,f,N,NO,N,NO,X,NOT APPLICABLE,N,NO,0.00,N,NO,N,NO,N,NO,N,NO,X,NOT APPLICABLE,,,,,,,,NONE,NONE,N,NO,Y,YES - CAS CLAUSE INCLUDED,N,TRANSACTION DOES NOT USE GFE/GFP,U,UNKNOWN,N,NO,Y,YES - SERVICE WHERE PBA IS USED.,N,NO,Z,NOT APPLICABLE,N,NO,X,NOT APPLICABLE,f,f,f,f,f,f,f,f,f,f,f,f,f,f,f,f,f,f,f,OTHER THAN SMALL BUSINESS,O,f,f,f,f,f,f,f,f,f,f,f,f,f,f,f,f,f,CORPORATE NOT TAX EXEMPT,t,f,f,f,f,f,f,f,f,f,f,f,f,f,f,f,f,t,f,f,f,f,f,f,f,f,f,f,t,f,f,f,f,f,f,f,f,f,f,f,f,f,f,f,f,f,f,f,f,f,,,,,,,,,,,https://www.usaspending.gov/award/CONT_AWD_W912HZ16C0028_9700_-NONE-_-NONE-/,2021-08-17 16:58:33+00
CONT_AWD_W912HZ21C0044_9700_-NONE-_-NONE-,W912HZ21C0044,,,,,,,,,81671.05,,81671.05,81671.05,2021-08-20,2021,2021-08-20,2021,2021-08-18,2021-09-30,2021-09-30 00:00:00,,,097,Department of Defense,2100,Department of the Army,W912HZ,W2R2 USA ENGR R & D CTR,096,Corps of Engineers - Civil Works,96CE,U.S. Army Corps of Engineers - Civil Program Financing Only,966501,,,,,,X,NOT APPLICABLE,,,EMSJF133EBY9,105868038,"TECAN U.S., INC.","TECAN U.S., INC.",,1GUA3,FSKTAYXYMJ16,481807568,TECAN GROUP AG,TECAN GROUP AG,USA,UNITED STATES,9401 GLOBE CENTER DR STE 140,,MORRISVILLE,37183,WAKE,37,NC,NORTH CAROLINA,275606211,NC-04,NC-02,9192375727,9193615201,USA,UNITED STATES,VICKSBURG,28149,WARREN,28,MS,MISSISSIPPI,391834006,MS-02,MS-02,AWARD,D,DEFINITIVE CONTRACT,,,,,,,J,FIRM FIXED PRICE,SPARK IMG SYSTEM --- PROJECT NO.: 493040,,1,,,6695,COMBINATION AND MISCELLANEOUS INSTRUMENTS,H,NOT BUNDLED,C9E,ALL OTHERS NOT IDENTIFIABLE TO ANY OTHER PROCUREMENT PROGRAM,334516,ANALYTICAL LABORATORY INSTRUMENT MANUFACTURING,C,NO CLAUSES INCLUDED AND NO SUSTAINABILITY INCLUDED,A,U.S. OWNED BUSINESS,000,NONE,Z,NOT IT PRODUCTS OR SERVICES,A,MEETS REQUIREMENTS,USA,UNITED STATES,D,MFG IN U.S.,B,PLAN NOT REQUIRED,F,COMPETED UNDER SAP,SP1,SIMPLIFIED ACQUISITION,NONE,NO SET ASIDE USED.,NONE,NO PREFERENCE USED,,,,,,,3,A,COMMERCIAL ITEM,f,N,NO,N,NO,X,NOT APPLICABLE,N,NO,0.00,N,NO,X,NOT APPLICABLE,X,NOT APPLICABLE,X,NOT APPLICABLE,X,NOT APPLICABLE,,,,,,,,NONE,NONE,N,NO,X,NOT APPLICABLE EXEMPT FROM CAS,N,TRANSACTION DOES NOT USE GFE/GFP,U,UNKNOWN,D,NOT CONSOLIDATED,X,NOT APPLICABLE,N,NO,Z,NOT APPLICABLE,N,NO,X,NOT APPLICABLE,f,f,f,f,f,f,f,f,f,f,f,f,f,f,f,f,f,f,f,OTHER THAN SMALL BUSINESS,O,f,f,f,f,f,f,f,f,f,f,f,f,f,f,f,f,f,CORPORATE NOT TAX EXEMPT,t,f,f,f,f,f,f,f,f,f,f,f,f,f,f,f,f,t,f,f,f,f,f,f,f,f,f,f,t,f,f,f,f,f,f,f,f,f,f,f,f,f,f,f,f,f,f,f,f,f,,,,,,,,,,,https://www.usaspending.gov/award/CONT_AWD_W912HZ21C0044_9700_-NONE-_-NONE-/,2022-01-28 10:10:01+00
CONT_AWD_W912KC21C0020_9700_-NONE-_-NONE-,W912KC21C0020,,,,,,,,,571996.39,,571996.39,571996.39,2021-06-29,2021,2021-08-18,2021,2021-06-24,2021-10-31,2021-10-31 00:00:00,,,097,Department of Defense,2100,Department of the Army,W912KC,W7NX USPFO ACTIVITY PA ARNG,097,Department of Defense,2100,Department of the Army,W90LL4,W7NX USPFO ACTIVITY PA ARNG,,,,,X,NOT APPLICABLE,,,D5KMYLN89CU6,010848489,VALLEY FOODS INC,VALLEY FOODS INCORPORATED,,1JGP3,D5KMYLN89CU6,010848489,VALLEY FOODS INC,VALLEY FOODS INCORPORATED,USA,UNITED STATES,335 E BOARDMAN ST,,YOUNGSTOWN,39099,MAHONING,39,OH,OHIO,445031829,OH-13,OH-06,8002284053,3307467016,USA,UNITED STATES,ANNVILLE,42075,LEBANON,42,PA,PENNSYLVANIA,170035003,PA-09,PA-09,AWARD,D,DEFINITIVE CONTRACT,,,,,,,J,FIRM FIXED PRICE,IDT AT RATIONS (JULY - OCT 2021),,1,OT,OTHER FUNCTIONS,8970,COMPOSITE FOOD PACKAGES,H,NOT BUNDLED,B2,SUBSISTENCE,311991,PERISHABLE PREPARED FOOD MANUFACTURING,C,NO CLAUSES INCLUDED AND NO SUSTAINABILITY INCLUDED,A,U.S. OWNED BUSINESS,000,NONE,Z,NOT IT PRODUCTS OR SERVICES,A,MEETS REQUIREMENTS,USA,UNITED STATES,C,NOT A MANUFACTURED END PRODUCT,B,PLAN NOT REQUIRED,G,NOT COMPETED UNDER SAP,SP1,SIMPLIFIED ACQUISITION,NONE,NO SET ASIDE USED.,NONE,NO PREFERENCE USED,,,,,SP2,SAP NON-COMPETITION (FAR 13),1,A,COMMERCIAL ITEM,f,N,NO,N,NO,N,NO,N,NO,0.00,N,NO,X,NOT APPLICABLE,N,NO,X,NOT APPLICABLE,X,NOT APPLICABLE,,,,,,,,NONE,NONE,N,NO,X,NOT APPLICABLE EXEMPT FROM CAS,N,TRANSACTION DOES NOT USE GFE/GFP,U,UNKNOWN,D,NOT CONSOLIDATED,X,NOT APPLICABLE,N,NO,Z,NOT APPLICABLE,N,NO,X,NOT APPLICABLE,f,f,f,f,f,f,f,t,t,f,f,f,f,f,f,f,f,f,f,SMALL BUSINESS,S,f,f,f,f,f,f,f,f,f,f,f,f,f,f,f,f,f,CORPORATE NOT TAX EXEMPT,t,f,f,f,f,f,f,f,f,f,f,f,t,f,f,f,f,t,f,f,f,f,f,f,f,f,f,f,t,f,f,f,f,f,f,f,f,f,f,f,f,f,f,f,f,f,f,f,f,f,,,,,,,,,,,https://www.usaspending.gov/award/CONT_AWD_W912KC21C0020_9700_-NONE-_-NONE-/,2021-08-18 15:34:47+00
CONT_AWD_W912L119C0010_9700_-NONE-_-NONE-,W912L119C0010,,,,N: Emergency P.L. 116-136,0,1795346.40,,,2712470.76,0.00,2712470.76,3691954.52,2019-09-27,2019,2021-08-21,2021,2019-09-27,2022-09-29,2023-09-29 00:00:00,,2019-09-20,097,Department of Defense,2100,Department of the Army,W912L1,W7N2 USPFO ACTIVITY TX ARNG,097,Department of Defense,2100,Department of the Army,W560JB,W8B7 TX ARNG MED DET,021-2019/2019-2065-000;021-2020/2020-2065-000,021-2065,25.2: Other services from non-Federal sources,OPTN: FIELD IS OPTIONAL PRIOR TO FY21,X,NOT APPLICABLE,,,FKDJN2QZT8J6,808079227,POSTERITY GROUP LLC,POSTERITY GROUP LLC,,4WU89,FKDJN2QZT8J6,808079227,POSTERITY GROUP LLC,POSTERITY GROUP LLC,USA,UNITED STATES,7361 CALHOUN PL STE 200,,DERWOOD,24031,MONTGOMERY,24,MD,MARYLAND,208552779,MD-06,MD-08,3012325675,8006911788,USA,UNITED STATES,AUSTIN,48453,TRAVIS,48,TX,TEXAS,787031222,TX-25,TX-37,AWARD,D,DEFINITIVE CONTRACT,,,,,,,J,FIRM FIXED PRICE,BEHAVIORAL HEALTH SERVICE (BASE YEAR),W912L119R0042,1,"CL,CT","CLOSELY ASSOCIATED,CRITICAL FUNCTIONS",G099,SOCIAL- OTHER,H,NOT BUNDLED,S1,SERVICES,621399,OFFICES OF ALL OTHER MISCELLANEOUS HEALTH PRACTITIONERS,C,NO CLAUSES INCLUDED AND NO SUSTAINABILITY INCLUDED,A,U.S. OWNED BUSINESS,000,NONE,Z,NOT IT PRODUCTS OR SERVICES,E,NOT REQUIRED,USA,UNITED STATES,C,NOT A MANUFACTURED END PRODUCT,B,PLAN NOT REQUIRED,B,NOT AVAILABLE FOR COMPETITION,SSS,ONLY ONE SOURCE,8AN,8(A) SOLE SOURCE,NONE,NO PREFERENCE USED,,,,,OTH,AUTHORIZED BY STATUTE (FAR 6.302-5(A)(2)(I)),1,A,COMMERCIAL ITEM,f,N,NO,N,NO,Y,YES,N,NO,0.00,N,NO,X,NOT APPLICABLE,X,NOT APPLICABLE,X,NOT APPLICABLE,X,NOT APPLICABLE,,,,,,,,NONE,NONE,N,NO,X,NOT APPLICABLE EXEMPT FROM CAS,N,TRANSACTION DOES NOT USE GFE/GFP,U,UNKNOWN,D,NOT CONSOLIDATED,Y,YES - SERVICE WHERE PBA IS USED.,N,NO,Z,NOT APPLICABLE,N,NO,X,NOT APPLICABLE,f,f,f,f,f,t,t,f,f,f,f,f,t,f,f,t,f,f,f,SMALL BUSINESS,S,f,f,f,f,f,f,f,f,f,f,f,f,f,f,f,f,f,CORPORATE NOT TAX EXEMPT,t,f,f,f,f,f,f,f,f,f,f,f,f,f,f,f,f,t,f,f,f,f,f,f,f,f,t,f,t,f,f,f,f,f,f,f,f,f,f,f,f,f,f,f,f,f,f,t,f,f,,,,,,,,,,,https://www.usaspending.gov/award/CONT_AWD_W912L119C0010_9700_-NONE-_-NONE-/,2021-08-21 14:41:30+00
CONT_AWD_W912P620C0025_9700_-NONE-_-NONE-,W912P620C0025,,,,Q: Not Designated Nonemergency/Emergency/Disaster/Wildfire Suppression,,,,,496000.00,162260.00,496000.00,496000.00,2020-09-30,2020,2021-08-20,2021,2020-09-30,2022-05-31,2022-05-31 00:00:00,,2020-08-27,097,Department of Defense,2100,Department of the Army,W912P6,W072 ENDIST CHICAGO,096,Corps of Engineers - Civil Works,96CE,U.S. Army Corps of Engineers - Civil Program Financing Only,966501,,096-X-3123-000,096-3123,25.2: Other services from non-Federal sources,0005: MULTIPURPOSE AND OTHER PROGRAMS,X,NOT APPLICABLE,,,ZV9LTJKXZM11,781556340,OTTENWELLER CONTRACTING LLC,OTTENWELLER CONTRACTING LLC,,7RC64,ZV9LTJKXZM11,781556340,OTTENWELLER CONTRACTING LLC,OTTENWELLER CONTRACTING LLC,USA,UNITED STATES,1220 EDSALL AVE,,FORT WAYNE,18003,ALLEN,18,IN,INDIANA,468032217,IN-03,IN-03,2604849183,2604849187,USA,UNITED STATES,LAGRO,18169,WABASH,18,IN,INDIANA,469410001,IN-02,IN-02,AWARD,D,DEFINITIVE CONTRACT,,,,,,,J,FIRM FIXED PRICE,"REPLACE 20 TON HOIST&TROLLEY AT SALAMONIE LAKE, INDIANA",W912P620B0025,1,CT,CRITICAL FUNCTIONS,Y1PZ,CONSTRUCTION OF OTHER NON-BUILDING FACILITIES,H,NOT BUNDLED,C2,CONSTRUCTION,237990,OTHER HEAVY AND CIVIL ENGINEERING CONSTRUCTION,C,NO CLAUSES INCLUDED AND NO SUSTAINABILITY INCLUDED,A,U.S. OWNED BUSINESS,000,NONE,Z,NOT IT PRODUCTS OR SERVICES,E,NOT REQUIRED,USA,UNITED STATES,C,NOT A MANUFACTURED END PRODUCT,B,PLAN NOT REQUIRED,D,FULL AND OPEN COMPETITION AFTER EXCLUSION OF SOURCES,SB,SEALED BID,SBA,SMALL BUSINESS SET ASIDE - TOTAL,NONE,NO PREFERENCE USED,,,,,,,3,D,COMMERCIAL ITEM PROCEDURES NOT USED,f,N,NO,N,NO,Y,YES,N,NO,0.00,N,NO,X,NOT APPLICABLE,X,NOT APPLICABLE,Y,YES,X,NOT APPLICABLE,,,,,,,,NONE,NONE,N,NO,X,NOT APPLICABLE EXEMPT FROM CAS,N,TRANSACTION DOES NOT USE GFE/GFP,N,NO,D,NOT CONSOLIDATED,N,NO - SERVICE WHERE PBA IS NOT USED.,N,NO,Z,NOT APPLICABLE,N,NO,X,NOT APPLICABLE,f,f,f,f,f,f,f,f,f,f,f,f,f,f,f,f,f,f,f,SMALL BUSINESS,S,f,f,f,f,f,f,f,f,f,f,f,f,f,f,f,f,f,PARTNERSHIP,f,f,t,f,f,f,f,f,f,f,f,f,f,f,f,f,f,t,f,f,f,f,f,f,f,f,t,f,t,f,f,f,f,f,f,f,f,f,f,f,f,f,f,f,f,t,f,f,f,f,,,,,,,,,,,https://www.usaspending.gov/award/CONT_AWD_W912P620C0025_9700_-NONE-_-NONE-/,2021-08-20 08:42:35+00
CONT_AWD_W912P821C0048_9700_-NONE-_-NONE-,W912P821C0048,,,,Q: Not Designated Nonemergency/Emergency/Disaster/Wildfire Suppression,,,,,245213.23,0.00,245213.23,245213.23,2021-08-18,2021,2021-08-18,2021,2021-08-18,2021-11-30,2021-11-30 00:00:00,,,097,Department of Defense,2100,Department of the Army,W912P8,W07V ENDIST NEW ORLEANS,096,Corps of Engineers - Civil Works,96CE,U.S. Army Corps of Engineers - Civil Program Financing Only,966501,,096-X-3112-000,096-3112,25.4: Operation and maintenance of facilities,0005: MULTIPURPOSE AND OTHER PROGRAMS,X,NOT APPLICABLE,,,WMB9P4NBBKL3,079767961,"LAKEY, INC.","LAKEY, INC.",,7CV46,WMB9P4NBBKL3,079767961,"LAKEY, INC.",LAKEY  INC.,USA,UNITED STATES,207 E FRANK AVE STE 101,,LUFKIN,48005,ANGELINA,48,TX,TEXAS,759013058,TX-01,TX-17,9368997173,,USA,UNITED STATES,NORCO,22089,SAINT CHARLES,22,LA,LOUISIANA,700790001,LA-06,LA-01,AWARD,D,DEFINITIVE CONTRACT,,,,,,,J,FIRM FIXED PRICE,"REPLACEMENT OF 250 ANCHOR PLATES ON THE SERVICE BRIDGE GIRDER, BONNET CARRE SPILLWAY.",W912P821R0034,1,OT,OTHER FUNCTIONS,Z1LB,MAINTENANCE OF HIGHWAYS/ROADS/STREETS/BRIDGES/RAILWAYS,H,NOT BUNDLED,C2,CONSTRUCTION,237310,"HIGHWAY, STREET, AND BRIDGE CONSTRUCTION",C,NO CLAUSES INCLUDED AND NO SUSTAINABILITY INCLUDED,A,U.S. OWNED BUSINESS,000,NONE,Z,NOT IT PRODUCTS OR SERVICES,E,NOT REQUIRED,USA,UNITED STATES,C,NOT A MANUFACTURED END PRODUCT,B,PLAN NOT REQUIRED,G,NOT COMPETED UNDER SAP,SP1,SIMPLIFIED ACQUISITION,8AN,8(A) SOLE SOURCE,NONE,NO PREFERENCE USED,,,,,OTH,AUTHORIZED BY STATUTE (FAR 6.302-5(A)(2)(I)),1,D,COMMERCIAL ITEM PROCEDURES NOT USED,f,N,NO,N,NO,Y,YES,N,NO,0.00,N,NO,Y,YES,X,NOT APPLICABLE,Y,YES,X,NOT APPLICABLE,,,,,,,,NONE,NONE,N,NO,X,NOT APPLICABLE EXEMPT FROM CAS,N,TRANSACTION DOES NOT USE GFE/GFP,U,UNKNOWN,D,NOT CONSOLIDATED,Y,YES - SERVICE WHERE PBA IS USED.,N,NO,Z,NOT APPLICABLE,N,NO,X,NOT APPLICABLE,f,f,f,f,f,f,f,t,t,t,f,f,t,f,f,f,t,f,f,SMALL BUSINESS,S,f,f,f,f,f,f,f,f,f,f,f,f,f,f,f,f,f,CORPORATE NOT TAX EXEMPT,t,f,f,f,f,f,f,f,f,f,f,f,f,f,f,f,f,t,f,f,f,f,f,f,f,t,f,f,t,f,f,f,f,f,f,f,f,f,f,f,f,f,f,f,t,t,f,t,t,f,,,,,,,,,,,https://www.usaspending.gov/award/CONT_AWD_W912P821C0048_9700_-NONE-_-NONE-/,2022-01-20 16:03:05+00
CONT_AWD_W912PL17C0021_9700_-NONE-_-NONE-,W912PL17C0021,,,,Q: Not Designated Nonemergency/Emergency/Disaster/Wildfire Suppression,,,,,2068050.00,146829.70,2068050.00,2575988.10,2017-06-20,2017,2021-08-24,2021,2017-06-20,2021-07-09,2022-07-09 00:00:00,,,097,Department of Defense,2100,Department of the Army,W912PL,W075 ENDIST LOS ANGELES,097,Department of Defense,2100,Department of the Army,W912PL,W075 ENDIST LOS ANGELES,021-2018/2022-2050-000;021-2019/2023-2050-000;021-2020/2024-2050-000,021-2050,32.0: Land and structures,OPTN: FIELD IS OPTIONAL PRIOR TO FY21,X,NOT APPLICABLE,,,ZPMXYAK733B8,002057409,BISHOP INC,"BISHOP, INC.",,5SG44,ZPMXYAK733B8,002057409,BISHOP INC,BISHOP  INC.,USA,UNITED STATES,1429 W COLLINS AVE,,ORANGE,06059,ORANGE,06,CA,CALIFORNIA,928675416,CA-46,CA-46,7146281208,7146281209,USA,UNITED STATES,PORT HUENEME,06111,VENTURA,06,CA,CALIFORNIA,930411107,CA-26,CA-26,AWARD,D,DEFINITIVE CONTRACT,,,,,,,J,FIRM FIXED PRICE,"IGF::OT::IGF DLA INSTALLATION O&M SERVICES, PORT HUENEME, CALIFORNIA",W912PL17R0024,1,OT,OTHER FUNCTIONS,S216,HOUSEKEEPING- FACILITIES OPERATIONS SUPPORT,H,NOT BUNDLED,S1,SERVICES,561210,FACILITIES SUPPORT SERVICES,I,FAR 52.223-4 & ENVIRONMENTALLY PREFERABLE,A,U.S. OWNED BUSINESS,000,NONE,Z,NOT IT PRODUCTS OR SERVICES,A,MEETS REQUIREMENTS,USA,UNITED STATES,C,NOT A MANUFACTURED END PRODUCT,B,PLAN NOT REQUIRED,B,NOT AVAILABLE FOR COMPETITION,SSS,ONLY ONE SOURCE,8AN,8(A) SOLE SOURCE,NONE,NO PREFERENCE USED,,,,,OTH,AUTHORIZED BY STATUTE (FAR 6.302-5(A)(2)(I)),1,D,COMMERCIAL ITEM PROCEDURES NOT USED,f,N,NO,N,NO,N,NO,N,NO,0.00,N,NO,N,NO,Y,YES,N,NO,A,ECONOMY ACT,,,,,,,,NONE,NONE,Y,YES,X,NOT APPLICABLE EXEMPT FROM CAS,N,TRANSACTION DOES NOT USE GFE/GFP,U,UNKNOWN,D,NOT CONSOLIDATED,Y,YES - SERVICE WHERE PBA IS USED.,N,NO,A,FAR 52.232-16 PROGRESS PAYMENTS,N,NO,X,NOT APPLICABLE,f,f,f,f,f,f,f,f,f,f,f,f,f,f,f,f,t,f,f,SMALL BUSINESS,S,f,f,f,f,f,f,f,f,f,f,f,f,f,f,f,f,f,CORPORATE NOT TAX EXEMPT,t,f,f,f,f,f,f,f,f,f,f,f,f,f,f,f,f,t,f,f,f,f,f,f,f,f,f,f,t,f,f,f,f,f,f,f,f,f,f,f,f,f,f,f,t,t,f,t,f,f,,,,,,,,,,,https://www.usaspending.gov/award/CONT_AWD_W912PL17C0021_9700_-NONE-_-NONE-/,2021-08-24 15:16:15+00
CONT_AWD_W912PP19C0032_9700_-NONE-_-NONE-,W912PP19C0032,,,,Q: Not Designated Nonemergency/Emergency/Disaster/Wildfire Suppression,,,,,757021.02,148832.47,757021.02,757021.02,2019-09-28,2019,2021-08-20,2021,2019-09-28,2020-10-16,2020-10-16 00:00:00,,2019-09-17,097,Department of Defense,2100,Department of the Army,W912PP,W075 ENDIST ALBUQUERQUE,097,Department of Defense,2100,Department of the Army,W912PP,W075 ENDIST ALBUQUERQUE,021-2019/2023-2050-000,021-2050,25.4: Operation and maintenance of facilities,OPTN: FIELD IS OPTIONAL PRIOR TO FY21,X,NOT APPLICABLE,,,EYUYGMBP46G6,828886130,"UNIFIED CONTRACTOR, INC","UNIFIED CONTRACTOR, INC.",,59G48,EYUYGMBP46G6,828886130,"UNIFIED CONTRACTOR, INC",UNIFIED CONTRACTOR  INC.,USA,UNITED STATES,"609 BROADWAY BLVD NE, SUITE 228",,ALBUQUERQUE,35001,BERNALILLO,35,NM,NEW MEXICO,871022334,NM-01,NM-01,5053525275,,USA,UNITED STATES,ALBUQUERQUE,35001,BERNALILLO,35,NM,NEW MEXICO,871850006,NM-01,NM-01,AWARD,D,DEFINITIVE CONTRACT,,,,,,,J,FIRM FIXED PRICE,FY19 BUILDING 20203 BASEMENT SCIF,W912PP19R0049,1,OT,OTHER FUNCTIONS,Z2AB,REPAIR OR ALTERATION OF CONFERENCE SPACE AND FACILITIES,H,NOT BUNDLED,C2,CONSTRUCTION,236220,COMMERCIAL AND INSTITUTIONAL BUILDING CONSTRUCTION,E,BIO-BASED,A,U.S. OWNED BUSINESS,000,NONE,Z,NOT IT PRODUCTS OR SERVICES,A,MEETS REQUIREMENTS,USA,UNITED STATES,C,NOT A MANUFACTURED END PRODUCT,B,PLAN NOT REQUIRED,B,NOT AVAILABLE FOR COMPETITION,SSS,ONLY ONE SOURCE,8AN,8(A) SOLE SOURCE,NONE,NO PREFERENCE USED,,,,,OTH,AUTHORIZED BY STATUTE (FAR 6.302-5(A)(2)(I)),1,D,COMMERCIAL ITEM PROCEDURES NOT USED,f,N,NO,N,NO,Y,YES,N,NO,0.00,N,NO,N,NO,N,NO,Y,YES,A,ECONOMY ACT,,,,,,,,NONE,NONE,N,NO,X,NOT APPLICABLE EXEMPT FROM CAS,N,TRANSACTION DOES NOT USE GFE/GFP,N,NO,D,NOT CONSOLIDATED,Y,YES - SERVICE WHERE PBA IS USED.,N,NO,C,PERCENTAGE OF COMPLETION PROGRESS PAYMENTS,N,NO,X,NOT APPLICABLE,f,f,f,f,f,f,f,f,f,f,f,f,f,f,f,f,t,f,f,SMALL BUSINESS,S,f,f,f,f,f,f,f,f,f,f,f,f,f,f,f,f,f,CORPORATE NOT TAX EXEMPT,t,f,f,f,f,f,f,f,f,f,f,f,f,f,f,f,f,t,f,f,f,f,f,f,f,t,f,f,t,f,f,f,f,f,f,f,f,f,f,f,f,f,f,f,t,t,f,t,t,f,,,,,,,,,,,https://www.usaspending.gov/award/CONT_AWD_W912PP19C0032_9700_-NONE-_-NONE-/,2021-08-20 20:16:03+00
CONT_AWD_W912SR21C0004_9700_-NONE-_-NONE-,W912SR21C0004,,,,,,,,,244276.12,,244276.12,244276.12,2021-08-20,2021,2021-08-20,2021,2021-08-27,2021-12-25,2021-12-25 00:00:00,,,097,Department of Defense,2100,Department of the Army,W912SR,0409 AQ HQ     CONTRACT,097,Department of Defense,2100,Department of the Army,W91FVL,W1DR USAE DSCS EUCOM,,,,,X,NOT APPLICABLE,,,SKX2TJCG5HF3,,"D.O.O. ""FINALPROM VM"" BIJELJINA","D.O.O. ""FINALPROM VM"" BIJELJINA",,SGRT8,SKX2TJCG5HF3,,"D.O.O. ""FINALPROM VM"" BIJELJINA","D.O.O. ""FINALPROM VM"" BIJELJINA",BIH,BOSNIA AND HERZEGOVINA,PAVLOVICA PUT 2,,BIJELJINA,,,,,,76300,,,3876568926,,BIH,BOSNIA AND HERZEGOVINA,,,,,,,,,,AWARD,D,DEFINITIVE CONTRACT,,,,,,,J,FIRM FIXED PRICE,"PRIMARY SCHOOL ""DOSITEJ OBRADOVIC"" RENEW",W912SR21Q0022,1,OT,OTHER FUNCTIONS,Z2QA,REPAIR OR ALTERATION OF RESTORATION OF REAL PROPERTY (PUBLIC OR PRIVATE),H,NOT BUNDLED,C2,CONSTRUCTION,236220,COMMERCIAL AND INSTITUTIONAL BUILDING CONSTRUCTION,C,NO CLAUSES INCLUDED AND NO SUSTAINABILITY INCLUDED,D,FOREIGN-OWNED BUSINESS NOT INCORPORATED IN THE U.S.,000,NONE,Z,NOT IT PRODUCTS OR SERVICES,E,NOT REQUIRED,BIH,BOSNIA AND HERZEGOVINA,C,NOT A MANUFACTURED END PRODUCT,B,PLAN NOT REQUIRED,F,COMPETED UNDER SAP,SP1,SIMPLIFIED ACQUISITION,NONE,NO SET ASIDE USED.,NONE,NO PREFERENCE USED,,,,,,,3,D,COMMERCIAL ITEM PROCEDURES NOT USED,f,N,NO,N,NO,X,NOT APPLICABLE,N,NO,0.00,N,NO,X,NOT APPLICABLE,X,NOT APPLICABLE,X,NOT APPLICABLE,X,NOT APPLICABLE,,,,,,,,NONE,NONE,N,NO,X,NOT APPLICABLE EXEMPT FROM CAS,N,TRANSACTION DOES NOT USE GFE/GFP,U,UNKNOWN,D,NOT CONSOLIDATED,Y,YES - SERVICE WHERE PBA IS USED.,N,NO,Z,NOT APPLICABLE,N,NO,A,CONTINGENCY OPERATION AS DEFINED IN 10 U.S.C. 101(A)(13),f,f,f,f,f,f,f,f,f,f,f,f,f,f,f,f,f,f,f,OTHER THAN SMALL BUSINESS,O,f,f,f,f,f,f,f,f,f,f,f,f,f,f,f,f,f,OTHER,f,f,f,f,f,f,f,f,f,f,f,f,f,f,f,f,f,t,f,f,f,f,f,f,f,f,f,f,t,f,f,f,f,f,f,f,f,f,f,f,f,f,f,f,f,f,f,f,f,f,,,,,,,,,,,https://www.usaspending.gov/award/CONT_AWD_W912SR21C0004_9700_-NONE-_-NONE-/,2024-05-31 09:51:22+00
CONT_AWD_W912SV19C6005_9700_-NONE-_-NONE-,W912SV19C6005,,,,Q: Not Designated Nonemergency/Emergency/Disaster/Wildfire Suppression,,,,,396216.93,135162.58,396216.93,396216.93,2019-09-13,2019,2021-08-23,2021,2019-09-13,2021-09-30,2021-09-30 00:00:00,,,097,Department of Defense,2100,Department of the Army,W50S80,W7NE USPFO ACTIVITY MAANG 102,097,Department of Defense,5700,Department of the Air Force,F8M3CY,F8M3CY 202D CYBER ISRG RA,057-2019/2019-3840-000;057-2020/2020-3840-000,057-3840,25.7: Operation and maintenance of equipment,0001: OPERATING FORCES,X,NOT APPLICABLE,,,YAPJS2NCNXC6,076462480,LOW VOLTAGE WIRING LTD,"LOW VOLTAGE WIRING, LTD",,62873,YAPJS2NCNXC6,076462480,LOW VOLTAGE WIRING LTD,LOW VOLTAGE WIRING  LTD,USA,UNITED STATES,1540 QUAIL LAKE LOOP,,COLORADO SPRINGS,08041,EL PASO,08,CO,COLORADO,809064652,CO-05,CO-05,7195408900,7195408933,USA,UNITED STATES,BUZZARDS BAY,25001,BARNSTABLE,25,MA,MASSACHUSETTS,025421001,MA-09,MA-09,AWARD,D,DEFINITIVE CONTRACT,,,,,,,J,FIRM FIXED PRICE,VINDICATOR UPGRADE,W912SV19Q6005,1,OT,OTHER FUNCTIONS,6350,"MISCELLANEOUS ALARM, SIGNAL, AND SECURITY DETECTION SYSTEMS",H,NOT BUNDLED,C9E,ALL OTHERS NOT IDENTIFIABLE TO ANY OTHER PROCUREMENT PROGRAM,334290,OTHER COMMUNICATIONS EQUIPMENT MANUFACTURING,C,NO CLAUSES INCLUDED AND NO SUSTAINABILITY INCLUDED,A,U.S. OWNED BUSINESS,000,NONE,Z,NOT IT PRODUCTS OR SERVICES,A,MEETS REQUIREMENTS,USA,UNITED STATES,D,MFG IN U.S.,B,PLAN NOT REQUIRED,F,COMPETED UNDER SAP,SP1,SIMPLIFIED ACQUISITION,SBA,SMALL BUSINESS SET ASIDE - TOTAL,NONE,NO PREFERENCE USED,,,,,,,1,A,COMMERCIAL ITEM,f,N,NO,N,NO,Y,YES,N,NO,0.00,N,NO,X,NOT APPLICABLE,X,NOT APPLICABLE,X,NOT APPLICABLE,X,NOT APPLICABLE,,,,,,,,NONE,NONE,N,NO,X,NOT APPLICABLE EXEMPT FROM CAS,N,TRANSACTION DOES NOT USE GFE/GFP,U,UNKNOWN,D,NOT CONSOLIDATED,X,NOT APPLICABLE,N,NO,Z,NOT APPLICABLE,N,NO,X,NOT APPLICABLE,f,f,f,f,f,t,t,f,f,f,f,f,f,f,f,f,f,f,f,SMALL BUSINESS,S,f,f,f,f,f,f,f,f,f,f,f,f,f,f,f,f,f,CORPORATE NOT TAX EXEMPT,t,f,f,f,f,f,f,f,f,f,f,f,f,f,f,f,f,t,f,f,f,f,f,f,f,f,f,f,t,f,f,f,f,f,f,f,f,f,f,f,f,f,f,f,f,f,f,f,f,f,,,,,,,,,,,https://www.usaspending.gov/award/CONT_AWD_W912SV19C6005_9700_-NONE-_-NONE-/,2021-08-23 10:52:28+00
CONT_AWD_W912UM20C0003_9700_-NONE-_-NONE-,W912UM20C0003,,,,Q: Not Designated Nonemergency/Emergency/Disaster/Wildfire Suppression,,,,,2472224.00,0.00,2472224.00,2472224.00,2020-08-28,2020,2021-08-24,2021,2020-08-28,2021-08-27,2021-08-27 00:00:00,,2020-06-10,097,Department of Defense,2100,Department of the Army,W912UM,W2SN ENDIST FAR EAST,097,Department of Defense,2100,Department of the Army,W912UM,W2SN ENDIST FAR EAST,021-2020/2020-2020-000,021-2020,25.1: Advisory and assistance services,OPTN: FIELD IS OPTIONAL PRIOR TO FY21,X,NOT APPLICABLE,,,ZAF8NCEHQ9N7,688312032,"DAEBO ENGINEERING & CONSTRUCTION CO., LTD.","DAEBO ENGINEERING & CONSTRUCTION CO., LTD.",,1B26F,EAQDY9NKA565,688162569,DAEBO INDUSTRIAL CO.  LTD.,DAEBO INDUSTRIAL CO.  LTD.,KOR,"KOREA, SOUTH","5-1 MAESONGGOSAEK-RO 375BEON-GIL, MAESONG-MYEON",,HWASEONG,,,,,GYEONGGI,18290,,,,,KOR,"KOREA, SOUTH",,,,,,,,,,AWARD,D,DEFINITIVE CONTRACT,,,,,,,J,FIRM FIXED PRICE,HEXAVALENT CHROMIUM VI CLEAN UP,W912UM20R0009,1,OT,OTHER FUNCTIONS,R425,SUPPORT- PROFESSIONAL: ENGINEERING/TECHNICAL,H,NOT BUNDLED,S1,SERVICES,812990,ALL OTHER PERSONAL SERVICES,C,NO CLAUSES INCLUDED AND NO SUSTAINABILITY INCLUDED,D,FOREIGN-OWNED BUSINESS NOT INCORPORATED IN THE U.S.,000,NONE,Z,NOT IT PRODUCTS OR SERVICES,A,MEETS REQUIREMENTS,KOR,"KOREA, SOUTH",C,NOT A MANUFACTURED END PRODUCT,B,PLAN NOT REQUIRED,A,FULL AND OPEN COMPETITION,NP,NEGOTIATED PROPOSAL/QUOTE,NONE,NO SET ASIDE USED.,NONE,NO PREFERENCE USED,,,,,,,4,A,COMMERCIAL ITEM,f,N,NO,N,NO,X,NOT APPLICABLE,N,NO,0.00,N,NO,X,NOT APPLICABLE,X,NOT APPLICABLE,X,NOT APPLICABLE,X,NOT APPLICABLE,,,,,,,,NONE,NONE,N,NO,X,NOT APPLICABLE EXEMPT FROM CAS,N,TRANSACTION DOES NOT USE GFE/GFP,N,NO,D,NOT CONSOLIDATED,Y,YES - SERVICE WHERE PBA IS USED.,N,NO,Z,NOT APPLICABLE,N,NO,X,NOT APPLICABLE,f,f,f,f,f,f,f,f,f,f,f,f,f,f,f,f,f,f,f,OTHER THAN SMALL BUSINESS,O,f,f,f,f,f,f,f,f,f,f,f,f,f,f,f,f,f,CORPORATE TAX EXEMPT,f,t,f,f,f,f,f,f,f,f,f,f,f,f,f,f,f,t,f,f,f,f,f,f,f,f,f,f,t,f,f,f,f,f,f,f,f,f,f,f,f,f,f,f,f,f,f,f,f,f,,,,,,,,,,,https://www.usaspending.gov/award/CONT_AWD_W912UM20C0003_9700_-NONE-_-NONE-/,2021-08-24 00:02:20+00
CONT_AWD_W912WJ18C0034_9700_-NONE-_-NONE-,W912WJ18C0034,,,,Q: Not Designated Nonemergency/Emergency/Disaster/Wildfire Suppression,,,,,3844682.00,0.00,3844682.00,3844682.00,2018-09-28,2018,2021-08-18,2021,2018-09-27,2022-12-31,2022-12-31 00:00:00,,2018-08-21,097,Department of Defense,2100,Department of the Army,W912WJ,W2SD ENDIST NEW ENGLAND,097,Department of Defense,2100,Department of the Army,W912WJ,W2SD ENDIST NEW ENGLAND,021-2018/2018-2020-000;021-2020/2020-2020-000,021-2020,32.0: Land and structures,0001: OPERATING FORCES,X,NOT APPLICABLE,,,HSRQXQ7ZVKM4,,KOMAN GOVERNMENT SOLUTIONS LLC,"KOMAN GOVERNMENT SOLUTIONS, LLC",,3HXX0,DEZJJRF8KHH3,,"NATIVES OF KODIAK, INCORPORATED",NATIVES OF KODIAK  INCORPORATED,USA,UNITED STATES,293 BOSTON POST RD W STE 100,,MARLBOROUGH,25017,MIDDLESEX,25,MA,MASSACHUSETTS,017524615,MA-03,MA-03,5083667442,,USA,UNITED STATES,BUZZARDS BAY,25001,BARNSTABLE,25,MA,MASSACHUSETTS,025421001,MA-09,MA-09,AWARD,D,DEFINITIVE CONTRACT,,,,,,,J,FIRM FIXED PRICE,"RANGE RESTORATION, REMEDIATION, AND MAINTENANCE AT CAMP EDWARDS, BARNSTABLE, MASSACHUSETTS",W912WJ18R0029,1,OT,OTHER FUNCTIONS,Y1QA,CONSTRUCTION OF RESTORATION OF REAL PROPERTY (PUBLIC OR PRIVATE),H,NOT BUNDLED,C2,CONSTRUCTION,237990,OTHER HEAVY AND CIVIL ENGINEERING CONSTRUCTION,C,NO CLAUSES INCLUDED AND NO SUSTAINABILITY INCLUDED,A,U.S. OWNED BUSINESS,000,NONE,Z,NOT IT PRODUCTS OR SERVICES,E,NOT REQUIRED,USA,UNITED STATES,C,NOT A MANUFACTURED END PRODUCT,B,PLAN NOT REQUIRED,B,NOT AVAILABLE FOR COMPETITION,SSS,ONLY ONE SOURCE,8AN,8(A) SOLE SOURCE,NONE,NO PREFERENCE USED,,,,,OTH,AUTHORIZED BY STATUTE (FAR 6.302-5(A)(2)(I)),1,D,COMMERCIAL ITEM PROCEDURES NOT USED,f,N,NO,N,NO,X,NOT APPLICABLE,N,NO,0.00,N,NO,X,NOT APPLICABLE,X,NOT APPLICABLE,Y,YES,X,NOT APPLICABLE,,,,,,,,NONE,NONE,N,NO,X,NOT APPLICABLE EXEMPT FROM CAS,N,TRANSACTION DOES NOT USE GFE/GFP,U,UNKNOWN,D,NOT CONSOLIDATED,N,NO - SERVICE WHERE PBA IS NOT USED.,N,NO,Z,NOT APPLICABLE,N,NO,X,NOT APPLICABLE,t,f,f,f,f,f,f,f,f,f,f,f,t,f,f,f,f,t,f,SMALL BUSINESS,S,f,f,f,f,f,f,f,f,f,f,f,f,f,f,f,f,f,OTHER,f,f,f,f,f,f,f,f,f,f,f,f,f,f,f,f,f,t,f,f,f,f,f,f,f,f,t,f,t,f,f,f,f,f,f,f,f,f,f,f,f,f,f,f,f,t,f,t,f,f,,,,,,,,,,,https://www.usaspending.gov/award/CONT_AWD_W912WJ18C0034_9700_-NONE-_-NONE-/,2022-04-02 14:48:34+00
CONT_AWD_W912WJ20C0022_9700_-NONE-_-NONE-,W912WJ20C0022,,,,,,,,,3876886.00,,3876886.00,3941886.00,2020-09-29,2020,2021-08-23,2021,2020-10-15,2021-12-01,2021-12-01 00:00:00,,2020-08-07,097,Department of Defense,2100,Department of the Army,W912WJ,W2SD ENDIST NEW ENGLAND,097,Department of Defense,2100,Department of the Army,W912WJ,W2SD ENDIST NEW ENGLAND,,,,,X,NOT APPLICABLE,,,CA7GMN33QT96,883235905,R. ZOPPO CORP.,R. ZOPPO CORP.,,1KFU1,CA7GMN33QT96,883235905,R. ZOPPO CORP.,R. ZOPPO CORP.,USA,UNITED STATES,160 OLD MAPLE ST,,STOUGHTON,25021,NORFOLK,25,MA,MASSACHUSETTS,020721934,MA-08,MA-08,7813448822,7813447382,USA,UNITED STATES,BOURNE,25001,BARNSTABLE,25,MA,MASSACHUSETTS,025323005,MA-09,MA-09,AWARD,D,DEFINITIVE CONTRACT,,,,,,,J,FIRM FIXED PRICE,"REHABILITATE HIGHWAY LIGHTS AT THE BOURNE AND SAGAMORE BRIDGES, BOURNE, MA",W912WJ20B0013,1,OT,OTHER FUNCTIONS,Y1QA,CONSTRUCTION OF RESTORATION OF REAL PROPERTY (PUBLIC OR PRIVATE),H,NOT BUNDLED,C2,CONSTRUCTION,237310,"HIGHWAY, STREET, AND BRIDGE CONSTRUCTION",H,FAR 52.223-4 & BIO-BASED,A,U.S. OWNED BUSINESS,000,NONE,Z,NOT IT PRODUCTS OR SERVICES,A,MEETS REQUIREMENTS,USA,UNITED STATES,C,NOT A MANUFACTURED END PRODUCT,B,PLAN NOT REQUIRED,D,FULL AND OPEN COMPETITION AFTER EXCLUSION OF SOURCES,SB,SEALED BID,SBA,SMALL BUSINESS SET ASIDE - TOTAL,NONE,NO PREFERENCE USED,,,,,,,1,D,COMMERCIAL ITEM PROCEDURES NOT USED,f,N,NO,N,NO,Y,YES,N,NO,0.00,N,NO,X,NOT APPLICABLE,X,NOT APPLICABLE,Y,YES,X,NOT APPLICABLE,,,,,,,,NONE,NONE,N,NO,X,NOT APPLICABLE EXEMPT FROM CAS,N,TRANSACTION DOES NOT USE GFE/GFP,U,UNKNOWN,B,CONSOLIDATED REQUIREMENTS WITH WRITTEN DETERMINATION,N,NO - SERVICE WHERE PBA IS NOT USED.,N,NO,Z,NOT APPLICABLE,N,NO,X,NOT APPLICABLE,f,f,f,f,f,f,f,f,f,f,f,f,f,f,f,f,f,f,f,SMALL BUSINESS,S,f,f,f,f,f,f,f,f,f,f,f,f,f,f,f,f,f,CORPORATE NOT TAX EXEMPT,t,f,f,f,f,f,f,f,f,f,f,f,f,f,f,f,f,t,f,f,f,f,f,f,f,t,f,f,t,f,f,f,f,f,f,f,f,f,f,f,f,f,f,f,f,f,f,f,f,f,,,,,,,,,,,https://www.usaspending.gov/award/CONT_AWD_W912WJ20C0022_9700_-NONE-_-NONE-/,2021-08-23 09:39:24+00
CONT_AWD_W9132T16C0012_9700_-NONE-_-NONE-,W9132T16C0012,,,,,,,,,1463573.15,,1932174.55,1932174.55,2016-08-15,2016,2021-08-23,2021,2016-08-15,2017-08-15,2017-08-15 00:00:00,,,097,Department of Defense,2100,Department of the Army,W9132T,W2R2 CONST ENGRG LAB,097,Department of Defense,2100,Department of the Army,W81EWF,W2R2 USA ENGR R & D CTR,,,,,X,NOT APPLICABLE,,,Y8CWNJRCNN91,041544081,UNIVERSITY OF ILLINOIS,UNIVERSITY OF ILLINOIS,,4B808,Y8CWNJRCNN91,041544081,UNIVERSITY OF ILLINOIS,UNIVERSITY OF ILLINOIS,USA,UNITED STATES,506 S WRIGHT ST STE 364,,URBANA,17019,CHAMPAIGN,17,IL,ILLINOIS,618013649,IL-13,IL-13,2173332187,2172396830,USA,UNITED STATES,URBANA,17019,CHAMPAIGN,17,IL,ILLINOIS,618013620,IL-13,IL-13,AWARD,D,DEFINITIVE CONTRACT,,,,,,,S,COST NO FEE,IGF::OT::IGF  BAA STUDENT RESEARCH SUPPORT (AUG 2016 - AUG 2017) U435000,W912HZ16BAA01,1,OT,OTHER FUNCTIONS,AZ12,R&D- OTHER RESEARCH AND DEVELOPMENT (APPLIED RESEARCH/EXPLORATORY DEVELOPMENT),D,NOT A BUNDLED REQUIREMENT,S1,SERVICES,541712,"RESEARCH AND DEVELOPMENT IN THE PHYSICAL, ENGINEERING, AND LIFE SCIENCES (EXCEPT BIOTECHNOLOGY)",F,ENVIRONMENTALLY PREFERABLE,B,OTHER U.S. ENTITY (E.G. GOVERNMENT),000,NONE,Z,NOT IT PRODUCTS OR SERVICES,E,NOT REQUIRED,USA,UNITED STATES,C,NOT A MANUFACTURED END PRODUCT,B,PLAN NOT REQUIRED,A,FULL AND OPEN COMPETITION,BR,BASIC RESEARCH,NONE,NO SET ASIDE USED.,NONE,NO PREFERENCE USED,,,,,,,2,D,COMMERCIAL ITEM PROCEDURES NOT USED,f,N,NO,N,NO,Y,YES,N,NO,0.00,N,NO,N,NO,N,NO,N,NO,X,NOT APPLICABLE,,,,,,,,NONE,NONE,Y,YES,Y,YES - CAS CLAUSE INCLUDED,N,TRANSACTION DOES NOT USE GFE/GFP,U,UNKNOWN,N,NO,Y,YES - SERVICE WHERE PBA IS USED.,N,NO,Z,NOT APPLICABLE,N,NO,X,NOT APPLICABLE,f,f,f,f,f,f,f,f,f,f,f,f,f,f,f,f,f,f,f,OTHER THAN SMALL BUSINESS,O,f,f,f,f,f,f,t,f,f,f,f,f,f,f,f,f,f,US GOVERNMENT ENTITY,f,f,f,f,f,f,t,f,f,t,f,f,f,f,f,f,f,t,f,f,f,f,f,f,f,f,f,f,f,f,f,f,f,t,t,f,f,f,f,f,f,f,f,f,f,f,f,f,f,f,,,,,,,,,,,https://www.usaspending.gov/award/CONT_AWD_W9132T16C0012_9700_-NONE-_-NONE-/,2021-08-23 16:06:17+00
CONT_AWD_W91CRB20C0023_9700_-NONE-_-NONE-,W91CRB20C0023,,,,Q: Not Designated Nonemergency/Emergency/Disaster/Wildfire Suppression,,,,,2901648.77,0.00,2901648.77,2901648.77,2020-05-26,2020,2021-08-17,2021,2020-05-21,2021-11-21,2021-11-21 00:00:00,,2020-05-13,097,Department of Defense,2100,Department of the Army,W91CRB,W6QK ACC-APG,097,Department of Defense,2100,Department of the Army,W81MR8,W4NJ USA CHIEF INFO OFF G6,021-2020/2020-2020-000,021-2020,25.1: Advisory and assistance services,OPTN: FIELD IS OPTIONAL PRIOR TO FY21,X,NOT APPLICABLE,,,JKWJLKJRP1J1,034079702,"OM GROUP, INC","OM GROUP, INC.",,57UD9,JKWJLKJRP1J1,034079702,"OM GROUP, INC",OM GROUP  INC.,USA,UNITED STATES,30 KNIGHTSBRIDGE RD STE 525 OFC 259,,PISCATAWAY,34023,MIDDLESEX,34,NJ,NEW JERSEY,088543963,NJ-06,NJ-06,9085101238,9088222450,USA,UNITED STATES,WASHINGTON,11001,DISTRICT OF COLUMBIA,11,DC,DISTRICT OF COLUMBIA,203100107,DC-98,DC-98,AWARD,D,DEFINITIVE CONTRACT,,,,,,,J,FIRM FIXED PRICE,BASE YEAR CLOUD HOSTING SERVICES AND LABOR,,1,OT,OTHER FUNCTIONS,D305,"IT AND TELECOM - TELEPROCESSING, TIMESHARE, CLOUD COMPUTING, AND HIGH PERFORMANCE COMPUTING",H,NOT BUNDLED,S1,SERVICES,518210,"DATA PROCESSING, HOSTING, AND RELATED SERVICES",C,NO CLAUSES INCLUDED AND NO SUSTAINABILITY INCLUDED,A,U.S. OWNED BUSINESS,000,NONE,E,COMMERCIAL SERVICE,E,NOT REQUIRED,USA,UNITED STATES,C,NOT A MANUFACTURED END PRODUCT,B,PLAN NOT REQUIRED,G,NOT COMPETED UNDER SAP,SP1,SIMPLIFIED ACQUISITION,8AN,8(A) SOLE SOURCE,NONE,NO PREFERENCE USED,,,,,OTH,AUTHORIZED BY STATUTE (FAR 6.302-5(A)(2)(I)),1,A,COMMERCIAL ITEM,f,N,NO,N,NO,X,NOT APPLICABLE,N,NO,0.00,N,NO,X,NOT APPLICABLE,X,NOT APPLICABLE,X,NOT APPLICABLE,X,NOT APPLICABLE,,,,,,,,NONE,NONE,Y,YES,X,NOT APPLICABLE EXEMPT FROM CAS,N,TRANSACTION DOES NOT USE GFE/GFP,U,UNKNOWN,D,NOT CONSOLIDATED,Y,YES - SERVICE WHERE PBA IS USED.,N,NO,Z,NOT APPLICABLE,N,NO,X,NOT APPLICABLE,f,f,f,f,f,f,f,t,t,t,f,f,t,t,f,f,f,f,f,SMALL BUSINESS,S,f,f,f,f,f,f,f,f,f,f,f,f,f,f,f,f,f,OTHER,f,f,f,f,f,f,f,f,f,f,f,f,f,f,f,f,f,t,f,f,f,f,f,f,f,f,f,f,t,f,f,f,f,f,f,f,f,f,f,f,f,f,f,f,f,t,f,t,f,f,SOWMYA  HARIHARAN,355000.00,SANGITA  SUBRAMANIAN,350000.00,AARON  TILOCK,242000.00,SIVARAJ  SIVASUBRAMANIAM,220000.00,DESIREE  EVERETT,210000.00,https://www.usaspending.gov/award/CONT_AWD_W91CRB20C0023_9700_-NONE-_-NONE-/,2021-08-17 12:53:01+00
CONT_AWD_W91CRB21C5034_9700_-NONE-_-NONE-,W91CRB21C5034,,,,,,,,,535665.00,,535665.00,535665.00,2021-07-13,2021,2021-08-18,2021,2021-07-13,2022-07-31,2022-07-31 12:07:00,,2021-06-17,097,Department of Defense,2100,Department of the Army,W91CRB,W6QK ACC-APG,097,Department of Defense,2100,Department of the Army,W56RTN,W4GV USA HQ COMM ELECT CMD,,,,,A,FOREIGN FUNDS FMS,,,MC2YEN912K88,809046274,R3 UNIQ INC,R3 UNIQ INC,,74WH3,MC2YEN912K88,809046274,R3 UNIQ INC,R3 UNIQ INC,USA,UNITED STATES,2535 TECH DR STE 300,,BETTENDORF,19163,SCOTT,19,IA,IOWA,527223278,IA-02,IA-01,5638238505,5638238864,USA,UNITED STATES,HOPE HULL,01085,LOWNDES,01,AL,ALABAMA,360436056,AL-07,AL-07,AWARD,D,DEFINITIVE CONTRACT,,,,,,,J,FIRM FIXED PRICE,"REQUIREMENT IS TO PROCURE MILTOPE RLC-G4 RUGGEDIZED LAPTOPS FOR UKRAINE, ROMANIA, AND BELGIUM.",W91CRB21R5029,1,,,7B22,IT AND TELECOM - COMPUTE: SERVERS (HARDWARE AND PERPETUAL LICENSE SOFTWARE),H,NOT BUNDLED,C9E,ALL OTHERS NOT IDENTIFIABLE TO ANY OTHER PROCUREMENT PROGRAM,334111,ELECTRONIC COMPUTER MANUFACTURING,C,NO CLAUSES INCLUDED AND NO SUSTAINABILITY INCLUDED,A,U.S. OWNED BUSINESS,000,NONE,A,COMMERCIALLY AVAILABLE,E,NOT REQUIRED,USA,UNITED STATES,D,MFG IN U.S.,B,PLAN NOT REQUIRED,D,FULL AND OPEN COMPETITION AFTER EXCLUSION OF SOURCES,NP,NEGOTIATED PROPOSAL/QUOTE,SBA,SMALL BUSINESS SET ASIDE - TOTAL,NONE,NO PREFERENCE USED,,,,,BND,BRAND NAME DESCRIPTION (FAR 6.302-1(C)),8,A,COMMERCIAL ITEM,f,N,NO,N,NO,Y,YES,N,NO,0.00,N,NO,X,NOT APPLICABLE,X,NOT APPLICABLE,X,NOT APPLICABLE,X,NOT APPLICABLE,,,,,,,,NONE,NONE,Y,YES,X,NOT APPLICABLE EXEMPT FROM CAS,N,TRANSACTION DOES NOT USE GFE/GFP,U,UNKNOWN,D,NOT CONSOLIDATED,X,NOT APPLICABLE,N,NO,Z,NOT APPLICABLE,N,NO,X,NOT APPLICABLE,f,f,f,f,f,f,f,f,f,f,f,f,t,t,f,f,f,f,f,SMALL BUSINESS,S,f,f,f,f,f,f,f,f,f,f,f,f,f,f,f,f,f,CORPORATE NOT TAX EXEMPT,t,f,f,f,f,f,f,f,f,f,f,f,f,f,f,f,f,t,f,f,f,f,f,f,f,t,f,f,t,f,f,f,f,f,f,f,f,f,f,f,f,f,f,f,t,t,f,t,f,f,,,,,,,,,,,https://www.usaspending.gov/award/CONT_AWD_W91CRB21C5034_9700_-NONE-_-NONE-/,2021-08-18 13:58:46+00
CONT_AWD_W91QV120C0094_9700_-NONE-_-NONE-,W91QV120C0094,,,,,,,,,2881364.00,,2881364.00,2881364.00,2020-09-15,2020,2021-08-17,2021,2020-09-14,2021-09-24,2021-09-24 00:00:00,,2020-09-04,097,Department of Defense,2100,Department of the Army,W91QV1,W6QM MICC-FT BELVOIR,097,Department of Defense,2100,Department of the Army,W81XLC,W1C9 ARLINGTON NATL CEM,,,,,X,NOT APPLICABLE,,,QRB1TFJMTJS8,,BOONERANG CONSULTING LLC,"BOONERANG CONSULTING, LLC",,57FA4,QRB1TFJMTJS8,,BOONERANG CONSULTING LLC,BOONERANG CONSULTING LLC,USA,UNITED STATES,101 N HAVEN ST 3RD FL,,BALTIMORE,24510,BALTIMORE (CITY),24,MD,MARYLAND,212241633,MD-02,MD-07,4109774864,4104830071,USA,UNITED STATES,FORT MYER,51013,ARLINGTON,51,VA,VIRGINIA,222115003,VA-08,VA-08,AWARD,D,DEFINITIVE CONTRACT,,,,,,,J,FIRM FIXED PRICE,ANC VISITORS GARAGE REPAIRS,W91QV120R0119,1,OT,OTHER FUNCTIONS,Z2LZ,REPAIR OR ALTERATION OF PARKING FACILITIES,H,NOT BUNDLED,C2,CONSTRUCTION,237310,"HIGHWAY, STREET, AND BRIDGE CONSTRUCTION",C,NO CLAUSES INCLUDED AND NO SUSTAINABILITY INCLUDED,A,U.S. OWNED BUSINESS,000,NONE,Z,NOT IT PRODUCTS OR SERVICES,E,NOT REQUIRED,USA,UNITED STATES,C,NOT A MANUFACTURED END PRODUCT,B,PLAN NOT REQUIRED,B,NOT AVAILABLE FOR COMPETITION,SSS,ONLY ONE SOURCE,8AN,8(A) SOLE SOURCE,NONE,NO PREFERENCE USED,,,,,OTH,AUTHORIZED BY STATUTE (FAR 6.302-5(A)(2)(I)),1,D,COMMERCIAL ITEM PROCEDURES NOT USED,f,N,NO,N,NO,N,NO,N,NO,0.00,N,NO,X,NOT APPLICABLE,X,NOT APPLICABLE,Y,YES,X,NOT APPLICABLE,,,,,,,,NONE,NONE,N,NO,X,NOT APPLICABLE EXEMPT FROM CAS,N,TRANSACTION DOES NOT USE GFE/GFP,U,UNKNOWN,D,NOT CONSOLIDATED,Y,YES - SERVICE WHERE PBA IS USED.,N,NO,A,FAR 52.232-16 PROGRESS PAYMENTS,N,NO,X,NOT APPLICABLE,f,f,f,f,f,f,f,t,t,t,f,f,t,f,f,t,f,f,f,SMALL BUSINESS,S,f,f,f,f,f,f,f,f,f,f,f,f,f,f,f,f,f,CORPORATE NOT TAX EXEMPT,t,f,f,f,f,f,f,f,f,f,f,f,f,f,f,f,f,t,f,f,f,f,f,f,f,t,t,f,t,f,f,f,f,f,f,f,f,f,f,f,f,f,f,f,t,t,f,t,t,f,,,,,,,,,,,https://www.usaspending.gov/award/CONT_AWD_W91QV120C0094_9700_-NONE-_-NONE-/,2023-06-02 14:07:10+00
CONT_AWD_W91QV121C0032_9700_-NONE-_-NONE-,W91QV121C0032,,,,,,,,,102991.94,,102991.94,102991.94,2021-06-04,2021,2021-08-18,2021,2021-06-04,2021-08-31,2021-08-31 00:00:00,,2021-05-19,097,Department of Defense,2100,Department of the Army,W91QV1,W6QM MICC-FT BELVOIR,097,Department of Defense,2100,Department of the Army,W80HUJ,W0UC USA JBM-HH,,,,,X,NOT APPLICABLE,,,N18MQLD1JSK1,079123291,EARTH WORTH L.L.C.,EARTH WORTH L.L.C.,,789F0,N18MQLD1JSK1,079123291,EARTH WORTH L.L.C.,EARTH WORTH L.L.C.,USA,UNITED STATES,1500 EATON RD,,WASHINGTON,11001,DISTRICT OF COLUMBIA,11,DC,DISTRICT OF COLUMBIA,200205961,DC-98,DC-98,3107436730,,USA,UNITED STATES,FORT MYER,51013,ARLINGTON,51,VA,VIRGINIA,222111199,VA-08,VA-08,AWARD,D,DEFINITIVE CONTRACT,,,,,,,J,FIRM FIXED PRICE,REPAIR TWO WATER VALVES. MC B61 WATER VALVE,W91QV121R0058,1,OT,OTHER FUNCTIONS,Z2NE,REPAIR OR ALTERATION OF WATER SUPPLY FACILITIES,H,NOT BUNDLED,C2,CONSTRUCTION,237110,WATER AND SEWER LINE AND RELATED STRUCTURES CONSTRUCTION,C,NO CLAUSES INCLUDED AND NO SUSTAINABILITY INCLUDED,A,U.S. OWNED BUSINESS,000,NONE,Z,NOT IT PRODUCTS OR SERVICES,E,NOT REQUIRED,USA,UNITED STATES,C,NOT A MANUFACTURED END PRODUCT,B,PLAN NOT REQUIRED,G,NOT COMPETED UNDER SAP,SP1,SIMPLIFIED ACQUISITION,8AN,8(A) SOLE SOURCE,NONE,NO PREFERENCE USED,,,,,OTH,AUTHORIZED BY STATUTE (FAR 6.302-5(A)(2)(I)),1,D,COMMERCIAL ITEM PROCEDURES NOT USED,f,N,NO,N,NO,Y,YES,N,NO,0.00,N,NO,X,NOT APPLICABLE,Y,YES,Y,YES,X,NOT APPLICABLE,,,,,,,,NONE,NONE,N,NO,X,NOT APPLICABLE EXEMPT FROM CAS,N,TRANSACTION DOES NOT USE GFE/GFP,U,UNKNOWN,D,NOT CONSOLIDATED,Y,YES - SERVICE WHERE PBA IS USED.,N,NO,Z,NOT APPLICABLE,N,NO,X,NOT APPLICABLE,f,f,f,f,f,f,f,t,t,t,f,f,t,f,f,t,f,f,f,SMALL BUSINESS,S,f,f,f,f,f,f,f,f,f,f,f,f,f,f,f,f,f,PARTNERSHIP,f,f,t,f,f,f,f,f,f,f,f,f,f,f,f,f,f,t,f,f,f,f,f,f,f,f,t,f,t,f,f,f,f,f,f,f,f,f,f,f,f,f,f,f,t,t,f,t,t,f,,,,,,,,,,,https://www.usaspending.gov/award/CONT_AWD_W91QV121C0032_9700_-NONE-_-NONE-/,2021-08-18 19:03:50+00
CONT_AWD_W91QV121C0045_9700_-NONE-_-NONE-,W91QV121C0045,,,,,,,,,1749452.00,,1749452.00,1749452.00,2021-08-17,2021,2021-08-17,2021,2021-08-16,2022-05-28,2022-05-28 00:00:00,,2021-08-02,097,Department of Defense,2100,Department of the Army,W91QV1,W6QM MICC-FT BELVOIR,097,Department of Defense,2100,Department of the Army,W81XLC,W1C9 ARLINGTON NATL CEM,,,,,X,NOT APPLICABLE,,,PJDZNFZVJJ87,,MAGADIA CONSULTING INC,"MAGADIA CONSULTING, INC.",,59SC7,PJDZNFZVJJ87,,MAGADIA CONSULTING INC,MAGADIA CONSULTING  INC.,USA,UNITED STATES,1734 ELTON RD STE 220,,SILVER SPRING,24031,MONTGOMERY,24,MD,MARYLAND,209031724,MD-03,MD-08,2404624406,3015728079,USA,UNITED STATES,FORT MYER,51013,ARLINGTON,51,VA,VIRGINIA,222115003,VA-08,VA-08,AWARD,D,DEFINITIVE CONTRACT,,,,,,,J,FIRM FIXED PRICE,BOUNDARY WALL REPAIRS,W91QV121R0096,1,OT,OTHER FUNCTIONS,Z2PZ,REPAIR OR ALTERATION OF OTHER NON-BUILDING FACILITIES,H,NOT BUNDLED,C2,CONSTRUCTION,238140,MASONRY CONTRACTORS,C,NO CLAUSES INCLUDED AND NO SUSTAINABILITY INCLUDED,A,U.S. OWNED BUSINESS,000,NONE,Z,NOT IT PRODUCTS OR SERVICES,E,NOT REQUIRED,USA,UNITED STATES,C,NOT A MANUFACTURED END PRODUCT,B,PLAN NOT REQUIRED,B,NOT AVAILABLE FOR COMPETITION,SSS,ONLY ONE SOURCE,8AN,8(A) SOLE SOURCE,NONE,NO PREFERENCE USED,,,,,OTH,AUTHORIZED BY STATUTE (FAR 6.302-5(A)(2)(I)),1,D,COMMERCIAL ITEM PROCEDURES NOT USED,f,N,NO,N,NO,N,NO,N,NO,0.00,N,NO,X,NOT APPLICABLE,X,NOT APPLICABLE,Y,YES,X,NOT APPLICABLE,,,,,,,,NONE,NONE,N,NO,X,NOT APPLICABLE EXEMPT FROM CAS,N,TRANSACTION DOES NOT USE GFE/GFP,U,UNKNOWN,D,NOT CONSOLIDATED,Y,YES - SERVICE WHERE PBA IS USED.,N,NO,A,FAR 52.232-16 PROGRESS PAYMENTS,N,NO,X,NOT APPLICABLE,f,f,f,f,f,f,f,t,t,t,f,f,t,f,f,t,f,f,f,SMALL BUSINESS,S,f,f,f,f,f,f,f,f,f,f,f,f,f,f,f,f,f,CORPORATE NOT TAX EXEMPT,t,f,f,f,f,f,f,f,f,f,f,f,f,f,f,f,f,t,f,f,f,f,f,f,f,f,f,f,t,f,f,f,f,f,f,f,f,f,f,f,f,f,f,f,t,t,f,t,f,f,,,,,,,,,,,https://www.usaspending.gov/award/CONT_AWD_W91QV121C0045_9700_-NONE-_-NONE-/,2023-06-02 14:07:10+00
CONT_AWD_W91QV121C0049_9700_-NONE-_-NONE-,W91QV121C0049,,,,,,,,,14086.00,,14086.00,14086.00,2021-08-19,2021,2021-08-19,2021,2021-08-23,2021-09-23,2021-09-23 00:00:00,,2021-08-17,097,Department of Defense,2100,Department of the Army,W91QV1,W6QM MICC-FT BELVOIR,097,Department of Defense,2100,Department of the Army,W81XLC,W1C9 ARLINGTON NATL CEM,,,,,X,NOT APPLICABLE,,,PJDZNFZVJJ87,,MAGADIA CONSULTING INC,"MAGADIA CONSULTING, INC.",,59SC7,PJDZNFZVJJ87,,MAGADIA CONSULTING INC,MAGADIA CONSULTING  INC.,USA,UNITED STATES,1734 ELTON RD STE 220,,SILVER SPRING,24031,MONTGOMERY,24,MD,MARYLAND,209031724,MD-03,MD-08,2404624406,3015728079,USA,UNITED STATES,FORT MYER,51013,ARLINGTON,51,VA,VIRGINIA,222115003,VA-08,VA-08,AWARD,D,DEFINITIVE CONTRACT,,,,,,,J,FIRM FIXED PRICE,DUCTLESS SPLIT UNIT AIR CONDITIONING,W91QV121R0102,1,OT,OTHER FUNCTIONS,Z2AA,REPAIR OR ALTERATION OF OFFICE BUILDINGS,H,NOT BUNDLED,C2,CONSTRUCTION,238220,"PLUMBING, HEATING, AND AIR-CONDITIONING CONTRACTORS",C,NO CLAUSES INCLUDED AND NO SUSTAINABILITY INCLUDED,A,U.S. OWNED BUSINESS,000,NONE,Z,NOT IT PRODUCTS OR SERVICES,E,NOT REQUIRED,USA,UNITED STATES,C,NOT A MANUFACTURED END PRODUCT,B,PLAN NOT REQUIRED,B,NOT AVAILABLE FOR COMPETITION,SSS,ONLY ONE SOURCE,8AN,8(A) SOLE SOURCE,NONE,NO PREFERENCE USED,,,,,OTH,AUTHORIZED BY STATUTE (FAR 6.302-5(A)(2)(I)),1,D,COMMERCIAL ITEM PROCEDURES NOT USED,f,N,NO,N,NO,N,NO,N,NO,0.00,N,NO,X,NOT APPLICABLE,X,NOT APPLICABLE,Y,YES,X,NOT APPLICABLE,,,,,,,,NONE,NONE,N,NO,X,NOT APPLICABLE EXEMPT FROM CAS,N,TRANSACTION DOES NOT USE GFE/GFP,U,UNKNOWN,D,NOT CONSOLIDATED,Y,YES - SERVICE WHERE PBA IS USED.,N,NO,A,FAR 52.232-16 PROGRESS PAYMENTS,N,NO,X,NOT APPLICABLE,f,f,f,f,f,f,f,t,t,t,f,f,t,f,f,t,f,f,f,SMALL BUSINESS,S,f,f,f,f,f,f,f,f,f,f,f,f,f,f,f,f,f,CORPORATE NOT TAX EXEMPT,t,f,f,f,f,f,f,f,f,f,f,f,f,f,f,f,f,t,f,f,f,f,f,f,f,f,f,f,t,f,f,f,f,f,f,f,f,f,f,f,f,f,f,f,t,t,f,t,f,f,,,,,,,,,,,https://www.usaspending.gov/award/CONT_AWD_W91QV121C0049_9700_-NONE-_-NONE-/,2023-06-02 14:07:10+00
CONT_AWD_W91QV121C0050_9700_-NONE-_-NONE-,W91QV121C0050,,,,,,,,,38288.17,,38288.17,38288.17,2021-08-19,2021,2021-08-19,2021,2021-08-18,2021-09-23,2021-09-23 00:00:00,,2021-08-17,097,Department of Defense,2100,Department of the Army,W91QV1,W6QM MICC-FT BELVOIR,097,Department of Defense,2100,Department of the Army,W81XLC,W1C9 ARLINGTON NATL CEM,,,,,X,NOT APPLICABLE,,,M6NXFNNBE1F5,,"ENCORE ASSOCIATES, LLC","ENCORE ASSOCIATES, LLC",,3ZTG3,M6NXFNNBE1F5,,"ENCORE ASSOCIATES, LLC",ENCORE & ASSOCIATES,USA,UNITED STATES,4004 VOLTA AVE STE B,,BRENTWOOD,24033,PRINCE GEORGE'S,24,MD,MARYLAND,207221460,MD-04,MD-04,3012772223,3012623596,USA,UNITED STATES,FORT MYER,51013,ARLINGTON,51,VA,VIRGINIA,222115003,VA-08,VA-08,AWARD,D,DEFINITIVE CONTRACT,,,,,,,J,FIRM FIXED PRICE,AMPHITHEATER CARPET REPLACEMENT,W91QV121R0126,1,OT,OTHER FUNCTIONS,S214,HOUSEKEEPING- CARPET LAYING/CLEANING,H,NOT BUNDLED,S1,SERVICES,238330,FLOORING CONTRACTORS,C,NO CLAUSES INCLUDED AND NO SUSTAINABILITY INCLUDED,A,U.S. OWNED BUSINESS,000,NONE,Z,NOT IT PRODUCTS OR SERVICES,E,NOT REQUIRED,USA,UNITED STATES,C,NOT A MANUFACTURED END PRODUCT,B,PLAN NOT REQUIRED,B,NOT AVAILABLE FOR COMPETITION,SSS,ONLY ONE SOURCE,8AN,8(A) SOLE SOURCE,NONE,NO PREFERENCE USED,,,,,OTH,AUTHORIZED BY STATUTE (FAR 6.302-5(A)(2)(I)),1,A,COMMERCIAL ITEM,f,N,NO,N,NO,Y,YES,N,NO,0.00,N,NO,X,NOT APPLICABLE,X,NOT APPLICABLE,X,NOT APPLICABLE,X,NOT APPLICABLE,,,,,,,,NONE,NONE,N,NO,X,NOT APPLICABLE EXEMPT FROM CAS,N,TRANSACTION DOES NOT USE GFE/GFP,U,UNKNOWN,D,NOT CONSOLIDATED,Y,YES - SERVICE WHERE PBA IS USED.,N,NO,A,FAR 52.232-16 PROGRESS PAYMENTS,N,NO,X,NOT APPLICABLE,f,f,f,f,f,f,f,t,t,t,f,f,t,f,f,t,f,f,f,SMALL BUSINESS,S,f,f,f,f,f,f,f,f,f,f,f,f,f,f,f,f,f,CORPORATE NOT TAX EXEMPT,t,f,f,f,f,f,f,f,f,f,f,f,f,f,f,f,f,t,f,f,f,f,f,f,f,f,t,f,t,f,f,f,f,f,f,f,f,f,f,f,f,f,f,f,t,t,f,t,t,f,,,,,,,,,,,https://www.usaspending.gov/award/CONT_AWD_W91QV121C0050_9700_-NONE-_-NONE-/,2023-06-02 14:07:10+00
CONT_AWD_W91RUS19C0023_9700_-NONE-_-NONE-,W91RUS19C0023,,,,N: Emergency P.L. 116-136;Q: Not Designated Nonemergency/Emergency/Disaster/Wildfire Suppression,0,7517.02,,,2701455.08,0.00,3332610.28,5588630.84,2019-07-10,2019,2021-08-17,2021,2019-07-10,2022-07-11,2024-07-11 00:00:00,,,097,Department of Defense,2100,Department of the Army,W91RUS,W6QK ACC-APG CONT CT SW SECTOR,097,Department of Defense,2100,Department of the Army,W91BYD,0093 SC BDE    THEATER SIGNAL,021-2019/2019-2020-000;021-2019/2019-2080-000;021-2020/2020-2020-000;021-2020/2020-2080-000;057-2019/2019-3400-000,021-2020;021-2080;057-3400,"23.3: Communications, utilities, and miscellaneous charges;25.7: Operation and maintenance of equipment;31.0: Equipment",OPTN: FIELD IS OPTIONAL PRIOR TO FY21,X,NOT APPLICABLE,,,MPWJK1778LW3,024062664,"SENECA TELECOMMUNICATIONS, LLC","SENECA TELECOMMUNICATIONS, LLC",,5ZSD3,KBYGDNJEK5P6,967036554,SENECA HOLDINGS LLC,SENECA TELECOMMUNICATIONS  LLC,USA,UNITED STATES,90 OHI:YO' WAY,,SALAMANCA,36009,CATTARAUGUS,36,NY,NEW YORK,14779,NY-23,NY-23,3124206677,7169458141,USA,UNITED STATES,FORT EUSTIS,51700,NEWPORT NEWS CITY,51,VA,VIRGINIA,236040003,VA-03,VA-03,AWARD,D,DEFINITIVE CONTRACT,,,,,,,J,FIRM FIXED PRICE,VTC/AV MAINTENANCE SERVICE,,1,OT,OTHER FUNCTIONS,D320,IT AND TELECOM- ANNUAL HARDWARE MAINTENANCE SERVICE PLANS,H,NOT BUNDLED,S1,SERVICES,541519,OTHER COMPUTER RELATED SERVICES,C,NO CLAUSES INCLUDED AND NO SUSTAINABILITY INCLUDED,A,U.S. OWNED BUSINESS,000,NONE,A,COMMERCIALLY AVAILABLE,E,NOT REQUIRED,USA,UNITED STATES,C,NOT A MANUFACTURED END PRODUCT,B,PLAN NOT REQUIRED,G,NOT COMPETED UNDER SAP,SP1,SIMPLIFIED ACQUISITION,8AN,8(A) SOLE SOURCE,NONE,NO PREFERENCE USED,,,,,OTH,AUTHORIZED BY STATUTE (FAR 6.302-5(A)(2)(I)),1,A,COMMERCIAL ITEM,f,Y,YES,N,NO,X,NOT APPLICABLE,N,NO,0.00,N,NO,X,NOT APPLICABLE,X,NOT APPLICABLE,X,NOT APPLICABLE,X,NOT APPLICABLE,,,,,,,,NONE,NONE,N,NO,X,NOT APPLICABLE EXEMPT FROM CAS,Y,TRANSACTION USES GFE/GFP,U,UNKNOWN,D,NOT CONSOLIDATED,Y,YES - SERVICE WHERE PBA IS USED.,N,NO,Z,NOT APPLICABLE,N,NO,X,NOT APPLICABLE,f,f,t,f,t,f,f,f,f,f,f,f,t,f,f,f,f,t,f,SMALL BUSINESS,S,f,f,f,f,f,f,f,f,f,f,f,f,f,f,f,f,f,CORPORATE NOT TAX EXEMPT,t,f,f,f,f,f,f,f,f,f,f,f,f,f,f,f,f,t,f,f,f,f,f,f,f,f,t,f,t,f,f,f,f,f,f,f,f,f,f,f,f,f,f,f,f,t,f,t,f,f,ROBERTO  NANG,245816.00,SCOTT  SELBY,217523.00,KERRIE  MCCABE,194112.00,JEFFREY  ELLIS,192496.00,JOSEPH  DWORACZYK,160940.00,https://www.usaspending.gov/award/CONT_AWD_W91RUS19C0023_9700_-NONE-_-NONE-/,2021-08-17 17:49:43+00
CONT_AWD_W91YTZ14C0215_9700_-NONE-_-NONE-,W91YTZ14C0215,,,,,,,,,394236.01,0.00,394236.01,394236.01,2014-03-26,2014,2021-08-20,2021,2014-03-26,2019-09-30,2019-09-30 00:00:00,,,097,Department of Defense,2100,Department of the Army,W91YTZ,W40M MRCO EAST,097,Department of Defense,2100,Department of the Army,W26AL3,W2K1 USA MEDDAC FT EUSTIS,097-2014/2014-0130-000;097-2019/2019-0130-000,097-0130,25.6: Medical care,,X,NOT APPLICABLE,,,DFXUDLBNZFJ8,,REEF SYSTEMS CORP,REEF SYSTEMS CORP,,53QF5,DFXUDLBNZFJ8,,REEF SYSTEMS CORP,REEF SYSTEMS CORP,USA,UNITED STATES,1230 SE MAYNARD RD SUITE 202,,CARY,37183,WAKE,37,NC,NORTH CAROLINA,275116945,NC-04,NC-02,9195218337,9284381742,USA,UNITED STATES,FORT EUSTIS,51700,NEWPORT NEWS CITY,51,VA,VIRGINIA,236045548,VA-03,VA-03,AWARD,D,DEFINITIVE CONTRACT,,,,,,,J,FIRM FIXED PRICE,IGF::CL::IGF SLEEP STUDY TECHNICIAN SERVICES,W91YTZ14R0009,1,CT,CRITICAL FUNCTIONS,Q999,MEDICAL- OTHER,D,NOT A BUNDLED REQUIREMENT,S1,SERVICES,621111,OFFICES OF PHYSICIANS (EXCEPT MENTAL HEALTH SPECIALISTS),C,NO CLAUSES INCLUDED AND NO SUSTAINABILITY INCLUDED,A,U.S. OWNED BUSINESS,000,NONE,Z,NOT IT PRODUCTS OR SERVICES,E,NOT REQUIRED,USA,UNITED STATES,C,NOT A MANUFACTURED END PRODUCT,B,PLAN NOT REQUIRED,G,NOT COMPETED UNDER SAP,SP1,SIMPLIFIED ACQUISITION,8AN,8(A) SOLE SOURCE,NONE,NO PREFERENCE USED,,,,,OTH,AUTHORIZED BY STATUTE (FAR 6.302-5(A)(2)(I)),1,A,COMMERCIAL ITEM,f,N,NO,N,NO,Y,YES,N,NO,0.00,N,NO,N,NO,N,NO,N,NO,X,NOT APPLICABLE,,,,,,,,NONE,NONE,N,NO,X,NOT APPLICABLE EXEMPT FROM CAS,N,TRANSACTION DOES NOT USE GFE/GFP,U,UNKNOWN,N,NO,Y,YES - SERVICE WHERE PBA IS USED.,N,NO,Z,NOT APPLICABLE,N,NO,X,NOT APPLICABLE,f,f,f,f,f,f,f,f,f,f,f,f,f,f,f,f,f,f,f,SMALL BUSINESS,S,f,f,f,f,f,f,f,f,f,f,f,f,f,f,f,f,f,CORPORATE NOT TAX EXEMPT,t,f,f,f,f,f,f,f,f,f,f,f,f,f,f,f,f,t,f,f,f,f,f,f,f,f,f,f,t,f,f,f,f,f,f,f,f,f,f,f,f,f,f,f,f,f,f,t,f,f,,,,,,,,,,,https://www.usaspending.gov/award/CONT_AWD_W91YTZ14C0215_9700_-NONE-_-NONE-/,2022-04-07 13:13:52+00
CONT_AWD_W91YTZ15C0025_9700_-NONE-_-NONE-,W91YTZ15C0025,,,,Q: Not Designated Nonemergency/Emergency/Disaster/Wildfire Suppression,,,,,6983461.49,0.00,6983461.49,6983461.49,2015-09-29,2015,2021-08-18,2021,2015-10-01,2020-10-31,2020-10-31 00:00:00,,,097,Department of Defense,2100,Department of the Army,W91YTZ,W40M MRCO EAST,097,Department of Defense,2100,Department of the Army,W16SLD,W2H8 USA MEDDAC US MIL ACADEMY,097-2016/2016-0130-000;097-2017/2017-0130-000;097-2018/2018-0130-000;097-2020/2020-0130-000,097-0130,25.6: Medical care,0801: REIMBURSABLE,X,NOT APPLICABLE,,,Z4U7KBDMXLQ3,,VISION TECHNOLOGY INC,VISION TECHNOLOGY INC.,,69L69,Z4U7KBDMXLQ3,,VISION TECHNOLOGY INC,VISION TECHNOLOGY INC,USA,UNITED STATES,4611 GOV HOUSE DR SW 919,,HUNTSVILLE,01089,MADISON,01,AL,ALABAMA,358053250,AL-05,AL-05,2564792704,2563252688,USA,UNITED STATES,WEST POINT,36071,ORANGE,36,NY,NEW YORK,109960006,NY-18,NY-18,AWARD,D,DEFINITIVE CONTRACT,,,,,,,J,FIRM FIXED PRICE,IGF::CT::IGF EMERGENCY ROOM PHYSICIANS,W91YTZ15R0060,1,CT,CRITICAL FUNCTIONS,Q509,MEDICAL- INTERNAL MEDICINE,D,NOT A BUNDLED REQUIREMENT,S1,SERVICES,621111,OFFICES OF PHYSICIANS (EXCEPT MENTAL HEALTH SPECIALISTS),C,NO CLAUSES INCLUDED AND NO SUSTAINABILITY INCLUDED,A,U.S. OWNED BUSINESS,000,NONE,Z,NOT IT PRODUCTS OR SERVICES,E,NOT REQUIRED,USA,UNITED STATES,C,NOT A MANUFACTURED END PRODUCT,B,PLAN NOT REQUIRED,D,FULL AND OPEN COMPETITION AFTER EXCLUSION OF SOURCES,NP,NEGOTIATED PROPOSAL/QUOTE,HZC,HUBZONE SET-ASIDE,NONE,NO PREFERENCE USED,,,,,,,5,A,COMMERCIAL ITEM,f,N,NO,N,NO,Y,YES,N,NO,0.00,N,NO,N,NO,N,NO,N,NO,X,NOT APPLICABLE,,,,,,,,NONE,NONE,N,NO,X,NOT APPLICABLE EXEMPT FROM CAS,N,TRANSACTION DOES NOT USE GFE/GFP,U,UNKNOWN,N,NO,N,NO - SERVICE WHERE PBA IS NOT USED.,N,NO,Z,NOT APPLICABLE,N,NO,X,NOT APPLICABLE,f,f,f,f,f,f,f,f,f,f,f,f,t,f,f,t,f,f,f,SMALL BUSINESS,S,f,f,f,f,f,f,f,f,f,f,f,f,f,f,f,f,f,CORPORATE NOT TAX EXEMPT,t,f,f,f,f,f,f,f,f,f,f,f,f,f,f,f,f,t,f,f,f,f,f,f,f,t,f,f,t,f,f,f,f,f,f,f,f,f,f,f,f,f,f,f,f,t,f,f,t,f,,,,,,,,,,,https://www.usaspending.gov/award/CONT_AWD_W91YTZ15C0025_9700_-NONE-_-NONE-/,2022-06-08 17:45:25+00
CONT_AWD_W91YTZ17C0014_9700_-NONE-_-NONE-,W91YTZ17C0014,,,,,,,,,660577.22,0.00,660577.22,1156166.14,2017-05-16,2017,2021-08-22,2021,2017-05-16,2020-05-15,2022-05-15 00:00:00,,,097,Department of Defense,2100,Department of the Army,W91YTZ,W40M MRCO EAST,097,Department of Defense,2100,Department of the Army,W16SLD,W2H8 USA MEDDAC US MIL ACADEMY,097-2019/2019-0130-000,097-0130,25.6: Medical care,,X,NOT APPLICABLE,,,JN15W2MMH6E7,164805975,THE MAASAI GROUP LLC,"MAASAI GROUP, LLC, THE",,54H94,JN15W2MMH6E7,164805975,THE MAASAI GROUP LLC,MAASAI GROUP  LLC  THE,USA,UNITED STATES,10432 BALLS FORD RD STE 300,,MANASSAS,51153,PRINCE WILLIAM,51,VA,VIRGINIA,201092517,VA-01,VA-10,7039069538,5712227326,USA,UNITED STATES,WEST POINT,36071,ORANGE,36,NY,NEW YORK,109960006,NY-18,NY-18,AWARD,D,DEFINITIVE CONTRACT,,,,,,,J,FIRM FIXED PRICE,IGF::CT::IGF OCCUPATIONAL HEALTH NURSING SERVICES,W91YTZ17R0015,1,CT,CRITICAL FUNCTIONS,Q401,MEDICAL- NURSING,H,NOT BUNDLED,S1,SERVICES,621399,OFFICES OF ALL OTHER MISCELLANEOUS HEALTH PRACTITIONERS,C,NO CLAUSES INCLUDED AND NO SUSTAINABILITY INCLUDED,A,U.S. OWNED BUSINESS,000,NONE,Z,NOT IT PRODUCTS OR SERVICES,E,NOT REQUIRED,USA,UNITED STATES,C,NOT A MANUFACTURED END PRODUCT,B,PLAN NOT REQUIRED,B,NOT AVAILABLE FOR COMPETITION,SSS,ONLY ONE SOURCE,8AN,8(A) SOLE SOURCE,NONE,NO PREFERENCE USED,,,,,OTH,AUTHORIZED BY STATUTE (FAR 6.302-5(A)(2)(I)),1,A,COMMERCIAL ITEM,f,N,NO,N,NO,Y,YES,N,NO,0.00,N,NO,N,NO,Y,YES,N,NO,X,NOT APPLICABLE,,,,,,,,NONE,NONE,N,NO,X,NOT APPLICABLE EXEMPT FROM CAS,N,TRANSACTION DOES NOT USE GFE/GFP,U,UNKNOWN,D,NOT CONSOLIDATED,Y,YES - SERVICE WHERE PBA IS USED.,N,NO,Z,NOT APPLICABLE,N,NO,X,NOT APPLICABLE,f,f,f,f,f,t,t,f,f,f,f,f,t,f,f,t,f,f,f,SMALL BUSINESS,S,f,f,f,f,f,f,f,f,f,f,f,f,f,f,f,f,f,PARTNERSHIP,f,f,t,f,f,f,f,f,f,f,f,f,f,f,f,f,f,t,f,f,f,f,f,f,f,f,t,f,t,f,f,f,f,f,f,f,f,f,f,f,f,f,f,f,f,t,f,t,f,f,,,,,,,,,,,https://www.usaspending.gov/award/CONT_AWD_W91YTZ17C0014_9700_-NONE-_-NONE-/,2021-08-22 21:10:08+00
CONT_AWD_W91YU016C0005_9700_-NONE-_-NONE-,W91YU016C0005,,,,,,,,,17340145.20,0.00,17340145.20,17340145.20,2016-02-22,2016,2021-08-17,2021,2016-02-16,2020-08-31,2020-08-31 00:00:00,,,097,Department of Defense,2100,Department of the Army,W81K02,W40M MRCO PACIFIC,097,Department of Defense,2100,Department of the Army,W81WYN,W6GS USAG FT HUNTER LIGGETT,021-2020/2020-2080-000,021-2080,25.2: Other services from non-Federal sources,,X,NOT APPLICABLE,,,P16DCFBH6FK5,,"AIR METHODS, LLC",AIR METHODS CORPORATION,,07QY8,N1SWSGJ9T7Z9,,AIR METHODS CORPORATION,AIR METHODS CORPORATION,USA,UNITED STATES,7301 S PEORIA,,ENGLEWOOD,08005,ARAPAHOE,08,CO,COLORADO,801124133,CO-06,CO-06,3032564187,3037491320,USA,UNITED STATES,JOLON,06053,MONTEREY,06,CA,CALIFORNIA,939280101,CA-20,CA-18,AWARD,D,DEFINITIVE CONTRACT,,,,,,,J,FIRM FIXED PRICE,IGF::CT::IGF MEDEVAC SERVICES 24/7,W91YU016R0001,1,CT,CRITICAL FUNCTIONS,V225,TRANSPORTATION/TRAVEL/RELOCATION- TRAVEL/LODGING/RECRUITMENT: AMBULANCE,D,NOT A BUNDLED REQUIREMENT,S1,SERVICES,621910,AMBULANCE SERVICES,C,NO CLAUSES INCLUDED AND NO SUSTAINABILITY INCLUDED,A,U.S. OWNED BUSINESS,000,NONE,Z,NOT IT PRODUCTS OR SERVICES,A,MEETS REQUIREMENTS,USA,UNITED STATES,C,NOT A MANUFACTURED END PRODUCT,B,PLAN NOT REQUIRED,A,FULL AND OPEN COMPETITION,NP,NEGOTIATED PROPOSAL/QUOTE,NONE,NO SET ASIDE USED.,NONE,NO PREFERENCE USED,,,,,,,2,A,COMMERCIAL ITEM,f,N,NO,N,NO,Y,YES,N,NO,0.00,N,NO,X,NOT APPLICABLE,Y,YES,X,NOT APPLICABLE,X,NOT APPLICABLE,,,,,,,,NONE,NONE,N,NO,X,NOT APPLICABLE EXEMPT FROM CAS,N,TRANSACTION DOES NOT USE GFE/GFP,U,UNKNOWN,N,NO,Y,YES - SERVICE WHERE PBA IS USED.,N,NO,Z,NOT APPLICABLE,N,NO,X,NOT APPLICABLE,f,f,f,f,f,f,f,f,f,f,f,f,f,f,f,f,f,f,f,OTHER THAN SMALL BUSINESS,O,f,f,f,f,f,f,f,f,f,f,f,f,f,f,f,f,f,CORPORATE NOT TAX EXEMPT,t,f,f,f,f,f,f,f,f,f,f,f,t,f,f,f,f,t,f,f,f,f,f,f,f,f,f,f,t,f,f,f,f,f,f,f,f,f,f,f,f,f,f,f,f,f,f,f,f,f,,,,,,,,,,,https://www.usaspending.gov/award/CONT_AWD_W91YU016C0005_9700_-NONE-_-NONE-/,2025-04-25 10:28:59+00
CONT_AWD_W91ZLK18C0002_9700_-NONE-_-NONE-,W91ZLK18C0002,,,,Q: Not Designated Nonemergency/Emergency/Disaster/Wildfire Suppression,,,,,6108504.54,0.00,6271446.01,6339494.11,2018-09-12,2018,2021-08-19,2021,2018-09-14,2021-09-29,2021-09-29 00:00:00,,,097,Department of Defense,2100,Department of the Army,W91ZLK,W6QK ACC-APG DIR,097,Department of Defense,2100,Department of the Army,W81C5M,W4QU USA ABERDEEN TEST CENTER,021-2019/2020-2040-000;021-2020/2021-2040-000,021-2040,26.0: Supplies and materials,0001: BASIC RESEARCH;OPTN: FIELD IS OPTIONAL PRIOR TO FY21,X,NOT APPLICABLE,,,NKZQDVEJXJ34,,"AKIMA SUPPORT OPERATIONS, LLC","AKIMA SUPPORT OPERATIONS, LLC",,5U5K8,KW9NCQ8W64S4,,NANA REGIONAL CORPORATION INC,"AKIMA, LLC",USA,UNITED STATES,10807 NEW ALLEGIANCE DR STE 350-520,,COLORADO SPRINGS,08041,EL PASO,08,CO,COLORADO,809213796,CO-11,CO-05,7202010905,,USA,UNITED STATES,ABERDEEN PROVING GROUND,24025,HARFORD,24,MD,MARYLAND,210055059,MD-02,MD-01,AWARD,D,DEFINITIVE CONTRACT,,,,,,,J,FIRM FIXED PRICE,"AIRFIELD SERVICES FOR PHILLIPS AIRFIELD UNDER ARMY TEST COMMAND, APG, MARYLAND",,1,OT,OTHER FUNCTIONS,M1BA,OPERATION OF AIR TRAFFIC CONTROL TOWERS,H,NOT BUNDLED,S1,SERVICES,488190,OTHER SUPPORT ACTIVITIES FOR AIR TRANSPORTATION,C,NO CLAUSES INCLUDED AND NO SUSTAINABILITY INCLUDED,A,U.S. OWNED BUSINESS,000,NONE,Z,NOT IT PRODUCTS OR SERVICES,E,NOT REQUIRED,USA,UNITED STATES,C,NOT A MANUFACTURED END PRODUCT,B,PLAN NOT REQUIRED,G,NOT COMPETED UNDER SAP,SP1,SIMPLIFIED ACQUISITION,8AN,8(A) SOLE SOURCE,NONE,NO PREFERENCE USED,,,,,OTH,AUTHORIZED BY STATUTE (FAR 6.302-5(A)(2)(I)),1,A,COMMERCIAL ITEM,f,Y,YES,N,NO,N,NO,N,NO,0.00,N,NO,X,NOT APPLICABLE,Y,YES,X,NOT APPLICABLE,X,NOT APPLICABLE,,,,,,,,NONE,NONE,N,NO,X,NOT APPLICABLE EXEMPT FROM CAS,N,TRANSACTION DOES NOT USE GFE/GFP,U,UNKNOWN,D,NOT CONSOLIDATED,Y,YES - SERVICE WHERE PBA IS USED.,N,NO,Z,NOT APPLICABLE,N,NO,X,NOT APPLICABLE,t,f,f,f,f,f,f,f,f,f,f,f,t,f,f,f,f,t,f,SMALL BUSINESS,S,f,f,f,f,f,f,f,f,f,f,f,f,f,f,f,f,f,CORPORATE NOT TAX EXEMPT,t,f,f,f,f,f,f,f,f,f,f,f,f,f,f,f,f,t,f,f,f,f,f,f,f,f,t,f,t,f,f,f,f,f,f,f,f,f,f,f,f,f,f,f,f,t,f,t,f,f,DOUGLAS  MAGEE,217500.00,SCOTT  RAUER,0.00,,,,,,,https://www.usaspending.gov/award/CONT_AWD_W91ZLK18C0002_9700_-NONE-_-NONE-/,2022-04-02 14:48:34+00
