contract_award_unique_key,award_id_piid,parent_award_agency_id,parent_award_agency_name,parent_award_id_piid,disaster_emergency_fund_codes,outlayed_amount_from_COVID-19_supplementals,obligated_amount_from_COVID-19_supplementals,outlayed_amount_from_IIJA_supplemental,obligated_amount_from_IIJA_supplemental,total_obligated_amount,total_outlayed_amount,current_total_value_of_award,potential_total_value_of_award,award_base_action_date,award_base_action_date_fiscal_year,award_latest_action_date,award_latest_action_date_fiscal_year,period_of_performance_start_date,period_of_performance_current_end_date,period_of_performance_potential_end_date,ordering_period_end_date,solicitation_date,awarding_agency_code,awarding_agency_name,awarding_sub_agency_code,awarding_sub_agency_name,awarding_office_code,awarding_office_name,funding_agency_code,funding_agency_name,funding_sub_agency_code,funding_sub_agency_name,funding_office_code,funding_office_name,treasury_accounts_funding_this_award,federal_accounts_funding_this_award,object_classes_funding_this_award,program_activities_funding_this_award,foreign_funding,foreign_funding_description,sam_exception,sam_exception_description,recipient_uei,recipient_duns,recipient_name,recipient_name_raw,recipient_doing_business_as_name,cage_code,recipient_parent_uei,recipient_parent_duns,recipient_parent_name,recipient_parent_name_raw,recipient_country_code,recipient_country_name,recipient_address_line_1,recipient_address_line_2,recipient_city_name,prime_award_summary_recipient_county_fips_code,recipient_county_name,prime_award_summary_recipient_state_fips_code,recipient_state_code,recipient_state_name,recipient_zip_4_code,prime_award_summary_recipient_cd_original,prime_award_summary_recipient_cd_current,recipient_phone_number,recipient_fax_number,primary_place_of_performance_country_code,primary_place_of_performance_country_name,primary_place_of_performance_city_name,prime_award_summary_place_of_performance_county_fips_code,primary_place_of_performance_county_name,prime_award_summary_place_of_performance_state_fips_code,primary_place_of_performance_state_code,primary_place_of_performance_state_name,primary_place_of_performance_zip_4,prime_award_summary_place_of_performance_cd_original,prime_award_summary_place_of_performance_cd_current,award_or_idv_flag,award_type_code,award_type,idv_type_code,idv_type,multiple_or_single_award_idv_code,multiple_or_single_award_idv,type_of_idc_code,type_of_idc,type_of_contract_pricing_code,type_of_contract_pricing,prime_award_base_transaction_description,solicitation_identifier,number_of_actions,inherently_governmental_functions,inherently_governmental_functions_description,product_or_service_code,product_or_service_code_description,contract_bundling_code,contract_bundling,dod_claimant_program_code,dod_claimant_program_description,naics_code,naics_description,recovered_materials_sustainability_code,recovered_materials_sustainability,domestic_or_foreign_entity_code,domestic_or_foreign_entity,dod_acquisition_program_code,dod_acquisition_program_description,information_technology_commercial_item_category_code,information_technology_commercial_item_category,epa_designated_product_code,epa_designated_product,country_of_product_or_service_origin_code,country_of_product_or_service_origin,place_of_manufacture_code,place_of_manufacture,subcontracting_plan_code,subcontracting_plan,extent_competed_code,extent_competed,solicitation_procedures_code,solicitation_procedures,type_of_set_aside_code,type_of_set_aside,evaluated_preference_code,evaluated_preference,research_code,research,fair_opportunity_limited_sources_code,fair_opportunity_limited_sources,other_than_full_and_open_competition_code,other_than_full_and_open_competition,number_of_offers_received,commercial_item_acquisition_procedures_code,commercial_item_acquisition_procedures,small_business_competitiveness_demonstration_program,simplified_procedures_for_certain_commercial_items_code,simplified_procedures_for_certain_commercial_items,a76_fair_act_action_code,a76_fair_act_action,fed_biz_opps_code,fed_biz_opps,local_area_set_aside_code,local_area_set_aside,price_evaluation_adjustment_preference_percent_difference,clinger_cohen_act_planning_code,clinger_cohen_act_planning,materials_supplies_articles_equipment_code,materials_supplies_articles_equipment,labor_standards_code,labor_standards,construction_wage_rate_requirements_code,construction_wage_rate_requirements,interagency_contracting_authority_code,interagency_contracting_authority,other_statutory_authority,program_acronym,parent_award_type_code,parent_award_type,parent_award_single_or_multiple_code,parent_award_single_or_multiple,major_program,national_interest_action_code,national_interest_action,cost_or_pricing_data_code,cost_or_pricing_data,cost_accounting_standards_clause_code,cost_accounting_standards_clause,government_furnished_property_code,government_furnished_property,sea_transportation_code,sea_transportation,consolidated_contract_code,consolidated_contract,performance_based_service_acquisition_code,performance_based_service_acquisition,multi_year_contract_code,multi_year_contract,contract_financing_code,contract_financing,purchase_card_as_payment_method_code,purchase_card_as_payment_method,contingency_humanitarian_or_peacekeeping_operation_code,contingency_humanitarian_or_peacekeeping_operation,alaskan_native_corporation_owned_firm,american_indian_owned_business,indian_tribe_federally_recognized,native_hawaiian_organization_owned_firm,tribally_owned_firm,veteran_owned_business,service_disabled_veteran_owned_business,woman_owned_business,women_owned_small_business,economically_disadvantaged_women_owned_small_business,joint_venture_women_owned_small_business,joint_venture_economic_disadvantaged_women_owned_small_bus,minority_owned_business,subcontinent_asian_asian_indian_american_owned_business,asian_pacific_american_owned_business,black_american_owned_business,hispanic_american_owned_business,native_american_owned_business,other_minority_owned_business,contracting_officers_determination_of_business_size,contracting_officers_determination_of_business_size_code,emerging_small_business,community_developed_corporation_owned_firm,labor_surplus_area_firm,us_federal_government,federally_funded_research_and_development_corp,federal_agency,us_state_government,us_local_government,city_local_government,county_local_government,inter_municipal_local_government,local_government_owned,municipality_local_government,school_district_local_government,township_local_government,us_tribal_government,foreign_government,organizational_type,corporate_entity_not_tax_exempt,corporate_entity_tax_exempt,partnership_or_limited_liability_partnership,sole_proprietorship,small_agricultural_cooperative,international_organization,us_government_entity,community_development_corporation,domestic_shelter,educational_institution,foundation,hospital_flag,manufacturer_of_goods,veterinary_hospital,hispanic_servicing_institution,receives_contracts,receives_financial_assistance,receives_contracts_and_financial_assistance,airport_authority,council_of_governments,housing_authorities_public_tribal,interstate_entity,planning_commission,port_authority,transit_authority,subchapter_scorporation,limited_liability_corporation,foreign_owned,for_profit_organization,nonprofit_organization,other_not_for_profit_organization,the_ability_one_program,private_university_or_college,state_controlled_institution_of_higher_learning,1862_land_grant_college,1890_land_grant_college,1994_land_grant_college,minority_institution,historically_black_college,tribal_college,alaskan_native_servicing_institution,native_hawaiian_servicing_institution,school_of_forestry,veterinary_college,dot_certified_disadvantage,self_certified_small_disadvantaged_business,small_disadvantaged_business,c8a_program_participant,historically_underutilized_business_zone_hubzone_firm,sba_certified_8a_joint_venture,highly_compensated_officer_1_name,highly_compensated_officer_1_amount,highly_compensated_officer_2_name,highly_compensated_officer_2_amount,highly_compensated_officer_3_name,highly_compensated_officer_3_amount,highly_compensated_officer_4_name,highly_compensated_officer_4_amount,highly_compensated_officer_5_name,highly_compensated_officer_5_amount,usaspending_permalink,last_modified_date
CONT_AWD_FA252121C0010_9700_-NONE-_-NONE-,FA252121C0010,,,,Q: Not Designated Nonemergency/Emergency/Disaster/Wildfire Suppression,,,,,7648927.75,7165439.73,7648927.75,7648927.75,2020-10-30,2021,2023-07-05,2023,2020-10-30,2023-07-28,2023-07-28 00:00:00,,2020-04-13,097,Department of Defense,5700,Department of the Air Force,FA2521,FA2521  45 CONS PK,097,Department of Defense,5700,Department of the Air Force,F3K3DD,F3K3DD   45 CES CEN,057-2021/2021-3400-000;057-2021/2021-3410-000;057-2023/2023-3410-000,057-3400;057-3410,"23.3: Communications, utilities, and miscellaneous charges;25.2: Other services from non-Federal sources;31.0: Equipment;32.0: Land and structures",0000: UNKNOWN/OTHER;0001: OPERATING FORCES;0004: ADMINISTRATION AND SERVICE-WIDE ACTIVITIES;0004: ADMINISTRATION AND SERVICEWIDE ACTIVITIES;0020: NA,X,NOT APPLICABLE,,,M9WFVMBGU833,,MARINO COURT CONTRACTORS LLC,"MARINO COURT CONTRACTORS, LLC",,8GXL4,M9WFVMBGU833,,MARINO COURT CONTRACTORS LLC,MARINO COURT CONTRACTORS  LLC,USA,UNITED STATES,19W132 MARINO CT,,ITASCA,17043,DUPAGE,17,IL,ILLINOIS,601431208,IL-08,IL-08,8152100291,,USA,UNITED STATES,PATRICK AFB,12009,BREVARD,12,FL,FLORIDA,329250038,FL-08,FL-08,AWARD,D,DEFINITIVE CONTRACT,,,,,,,J,FIRM FIXED PRICE,NEW AWARD,FA252120B0003,1,OT,OTHER FUNCTIONS,Z2AA,REPAIR OR ALTERATION OF OFFICE BUILDINGS,H,NOT BUNDLED,C2,CONSTRUCTION,236220,COMMERCIAL AND INSTITUTIONAL BUILDING CONSTRUCTION,F,ENVIRONMENTALLY PREFERABLE,A,U.S. OWNED BUSINESS,000,NONE,Z,NOT IT PRODUCTS OR SERVICES,E,NOT REQUIRED,USA,UNITED STATES,C,NOT A MANUFACTURED END PRODUCT,B,PLAN NOT REQUIRED,A,FULL AND OPEN COMPETITION,SB,SEALED BID,NONE,NO SET ASIDE USED.,NONE,NO PREFERENCE USED,,,,,,,10,D,COMMERCIAL PRODUCTS/SERVICES PROCEDURES NOT USED,f,N,NO,N,NO,Y,YES,N,NO,0.00,N,NO,N,NO,N,NO,Y,YES,X,NOT APPLICABLE,,,,,,,,NONE,NONE,N,NO,X,NOT APPLICABLE EXEMPT FROM CAS,N,TRANSACTION DOES NOT USE GFE/GFP,N,NO,D,NOT CONSOLIDATED,N,NO - SERVICE WHERE PBA IS NOT USED.,N,NO,Z,NOT APPLICABLE,N,NO,X,NOT APPLICABLE,f,f,f,f,f,f,f,t,t,t,t,t,f,f,f,f,f,f,f,SMALL BUSINESS,S,f,f,f,f,f,f,f,f,f,f,f,f,f,f,f,f,f,PARTNERSHIP,f,f,t,f,f,f,f,f,f,f,f,f,f,f,f,f,f,t,f,f,f,f,f,f,f,f,t,f,t,f,f,f,f,f,f,f,f,f,f,f,f,f,f,f,f,t,f,f,f,f,,,,,,,,,,,https://www.usaspending.gov/award/CONT_AWD_FA252121C0010_9700_-NONE-_-NONE-/,2023-07-05 10:44:02+00
CONT_AWD_FA255022C0016_9700_-NONE-_-NONE-,FA255022C0016,,,,,,,,,912602.88,,912602.88,912602.88,2022-09-22,2022,2023-07-07,2023,2022-09-22,2023-08-18,2023-08-18 00:00:00,,2022-08-16,097,Department of Defense,5700,Department of the Air Force,FA2550,FA2550  50 CONS PKP,097,Department of Defense,5700,Department of the Air Force,F3R1C0,F3R1C0 1 SOPS,,,,,X,NOT APPLICABLE,,,JNNTJM27DVD7,,BLUE SKIES FURNITURE LLC,BLUE SKIES FURNITURE LLC,,5QCL4,JNNTJM27DVD7,,BLUE SKIES FURNITURE LLC,BLUE SKIES FURNITURE LLC,USA,UNITED STATES,121 E BIJOU ST,,COLORADO SPRINGS,08041,EL PASO,08,CO,COLORADO,809031407,CO-05,CO-05,7193315639,7193688558,USA,UNITED STATES,COLORADO SPRINGS,08041,EL PASO,08,CO,COLORADO,809123000,CO-05,CO-05,AWARD,D,DEFINITIVE CONTRACT,,,,,,,J,FIRM FIXED PRICE,MODULAR FACILITY 9 REMODEL WITH FURNITURE,,1,,,7110,OFFICE FURNITURE,H,NOT BUNDLED,C2,CONSTRUCTION,337214,OFFICE FURNITURE (EXCEPT WOOD) MANUFACTURING,C,NO CLAUSES INCLUDED AND NO SUSTAINABILITY INCLUDED,A,U.S. OWNED BUSINESS,000,NONE,Z,NOT IT PRODUCTS OR SERVICES,E,NOT REQUIRED,USA,UNITED STATES,D,MFG IN U.S.,B,PLAN NOT REQUIRED,B,NOT AVAILABLE FOR COMPETITION,SSS,ONLY ONE SOURCE,8AN,8(A) SOLE SOURCE,NONE,NO PREFERENCE USED,,,,,OTH,AUTHORIZED BY STATUTE (FAR 6.302-5(A)(2)(I)),1,D,COMMERCIAL PRODUCTS/SERVICES PROCEDURES NOT USED,f,N,NO,N,NO,N,NO,N,NO,0.00,N,NO,N,NO,N,NO,Y,YES,X,NOT APPLICABLE,,,,,,,,NONE,NONE,N,NO,X,NOT APPLICABLE EXEMPT FROM CAS,N,TRANSACTION DOES NOT USE GFE/GFP,N,NO,D,NOT CONSOLIDATED,X,NOT APPLICABLE,N,NO,Z,NOT APPLICABLE,N,NO,X,NOT APPLICABLE,f,t,f,f,f,f,f,f,f,f,f,f,t,f,f,f,f,t,f,SMALL BUSINESS,S,f,f,f,f,f,f,f,f,f,f,f,f,f,f,f,f,f,PARTNERSHIP,f,f,t,f,f,f,f,f,f,f,f,f,f,f,f,f,f,t,f,f,f,f,f,f,f,f,t,f,t,f,f,f,f,f,f,f,f,f,f,f,f,f,f,f,t,t,f,t,t,f,,,,,,,,,,,https://www.usaspending.gov/award/CONT_AWD_FA255022C0016_9700_-NONE-_-NONE-/,2023-07-07 13:37:37+00
CONT_AWD_FA281615C0015_9700_-NONE-_-NONE-,FA281615C0015,,,,,,,,,1300588.60,0.00,2628069.73,2921308.40,2015-06-30,2015,2023-07-11,2023,2015-07-01,2020-06-30,2020-12-30 00:00:00,,,097,Department of Defense,5700,Department of the Air Force,FA2816,FA2816  SMC PK PKO,097,Department of Defense,5700,Department of the Air Force,F2T0BA,F2T0BA 61 ABG CE 61CELS,057-2018/2018-0745-000;057-2019/2019-0745-000;057-2019/2019-3400-000,057-0745;057-3400,25.4: Operation and maintenance of facilities;32.0: Land and structures,,X,NOT APPLICABLE,,,YZ4KGCH7CTF1,,"VOBECKY ENTERPRISES, INCORPORATED","VOBECKY ENTERPRISES, INCORPORATED",,57B83,YZ4KGCH7CTF1,,"VOBECKY ENTERPRISES, INCORPORATED",VOBECKY ENTERPRISES  INCORPORATED,USA,UNITED STATES,440 W SIERRA MADRE AVE,,GLENDORA,06037,LOS ANGELES,06,CA,CALIFORNIA,917412072,CA-27,CA-31,6268525800,6266055023,USA,UNITED STATES,EL SEGUNDO,06037,LOS ANGELES,06,CA,CALIFORNIA,902452808,CA-36,CA-36,AWARD,D,DEFINITIVE CONTRACT,,,,,,,J,FIRM FIXED PRICE,IGF::CL::IGF HAZARDOUS MATERIAL MANAGEMENT LABOR,FA281615R0016,1,OT,OTHER FUNCTIONS,R699,SUPPORT- ADMINISTRATIVE: OTHER,D,NOT A BUNDLED REQUIREMENT,S1,SERVICES,561110,OFFICE ADMINISTRATIVE SERVICES,C,NO CLAUSES INCLUDED AND NO SUSTAINABILITY INCLUDED,A,U.S. OWNED BUSINESS,000,NONE,Z,NOT IT PRODUCTS OR SERVICES,E,NOT REQUIRED,USA,UNITED STATES,C,NOT A MANUFACTURED END PRODUCT,B,PLAN NOT REQUIRED,G,NOT COMPETED UNDER SAP,SP1,SIMPLIFIED ACQUISITION,NONE,NO SET ASIDE USED.,NONE,NO PREFERENCE USED,,,,,SP2,SAP NON-COMPETITION (FAR 13),1,A,COMMERCIAL PRODUCTS/SERVICES,f,N,NO,N,NO,X,NOT APPLICABLE,N,NO,0.00,N,NO,X,NOT APPLICABLE,Y,YES,X,NOT APPLICABLE,X,NOT APPLICABLE,,,,,,,,NONE,NONE,N,NO,X,NOT APPLICABLE EXEMPT FROM CAS,N,TRANSACTION DOES NOT USE GFE/GFP,U,UNKNOWN,N,NO,Y,YES - SERVICE WHERE PBA IS USED.,N,NO,Z,NOT APPLICABLE,N,NO,X,NOT APPLICABLE,f,f,f,f,f,f,f,t,t,t,f,f,t,f,f,t,f,f,f,SMALL BUSINESS,S,f,f,f,f,f,f,f,f,f,f,f,f,f,f,f,f,f,CORPORATE NOT TAX EXEMPT,t,f,f,f,f,f,f,f,f,f,f,f,f,f,f,f,f,t,f,f,f,f,f,f,f,t,f,f,t,f,f,f,f,f,f,f,f,f,f,f,f,f,f,f,t,t,f,t,f,f,,,,,,,,,,,https://www.usaspending.gov/award/CONT_AWD_FA281615C0015_9700_-NONE-_-NONE-/,2023-07-11 19:21:26+00
CONT_AWD_FA282323C0022_9700_-NONE-_-NONE-,FA282323C0022,,,,,,,,,28340.86,,28340.97,28340.97,2023-07-07,2023,2023-07-07,2023,2023-06-21,2023-09-29,2023-09-29 00:00:00,,,097,Department of Defense,5700,Department of the Air Force,FA2823,FA2823  AFTC PZIO,097,Department of Defense,5700,Department of the Air Force,F1TEBU,F1TEBU AFNWC NDB,,,,,X,NOT APPLICABLE,,,NA8DN89KAXY8,,VEOLIA ES TECHNICAL SOLUTIONS LLC,VEOLIA ES TECHNICAL SOLUTIONS LLC,,3C7H6,FS9BKJL85JK8,,VEOLIA ENVIRONNEMENT,VEOLIA ENVIRONMENTAL SERVICES NORTH AMERICA CORP.,USA,UNITED STATES,53 STATE ST STE 14,,BOSTON,25025,SUFFOLK,25,MA,MASSACHUSETTS,021093205,MA-08,MA-08,9787250068,,USA,UNITED STATES,EGLIN AFB,12091,OKALOOSA,12,FL,FLORIDA,325420353,FL-01,FL-01,AWARD,D,DEFINITIVE CONTRACT,,,,,,,J,FIRM FIXED PRICE,IT EQUIPMENT DESTRUCTION IAW VEOLIA QUOTE DATED 27 APRIL 2023 AND PWS DATED 16 MARCH 2023.,,1,OT,OTHER FUNCTIONS,DJ01,IT AND TELECOM - SECURITY AND COMPLIANCE SUPPORT SERVICES (LABOR),H,NOT BUNDLED,,,562211,HAZARDOUS WASTE TREATMENT AND DISPOSAL,C,NO CLAUSES INCLUDED AND NO SUSTAINABILITY INCLUDED,A,U.S. OWNED BUSINESS,000,NONE,E,COMMERCIAL SERVICE,B,JUSTIFICATION - TIME,USA,UNITED STATES,C,NOT A MANUFACTURED END PRODUCT,B,PLAN NOT REQUIRED,F,COMPETED UNDER SAP,SP1,SIMPLIFIED ACQUISITION,NONE,NO SET ASIDE USED.,NONE,NO PREFERENCE USED,,,,,,,1,A,COMMERCIAL PRODUCTS/SERVICES,f,N,NO,,,N,NO,N,NO,0.00,N,NO,N,NO,Y,YES,N,NO,X,NOT APPLICABLE,,,,,,,,NONE,NONE,N,NO,X,NOT APPLICABLE EXEMPT FROM CAS,N,TRANSACTION DOES NOT USE GFE/GFP,,,D,NOT CONSOLIDATED,N,NO - SERVICE WHERE PBA IS NOT USED.,N,NO,Z,NOT APPLICABLE,N,NO,X,NOT APPLICABLE,f,f,f,f,f,f,f,f,f,f,f,f,f,f,f,f,f,f,f,OTHER THAN SMALL BUSINESS,O,f,f,f,f,f,f,f,f,f,f,f,f,f,f,f,f,f,OTHER,f,f,f,f,f,f,f,f,f,f,f,f,f,f,f,f,f,t,f,f,f,f,f,f,f,f,t,f,t,f,f,f,f,f,f,f,f,f,f,f,f,f,f,f,f,f,f,f,f,f,,,,,,,,,,,https://www.usaspending.gov/award/CONT_AWD_FA282323C0022_9700_-NONE-_-NONE-/,2023-07-10 07:50:15+00
CONT_AWD_FA301019CA012_9700_-NONE-_-NONE-,FA301019CA012,,,,N: Emergency P.L. 116-136;Q: Not Designated Nonemergency/Emergency/Disaster/Wildfire Suppression,,1262820.00,,,2207065.36,2312.96,2207065.36,2207065.36,2019-09-06,2019,2023-07-06,2023,2019-09-06,2021-09-24,2021-09-24 00:00:00,,2019-07-25,097,Department of Defense,5700,Department of the Air Force,FA3010,FA3010  81 CONS CC,097,Department of Defense,5700,Department of the Air Force,F2J4PC,PROFESSIONAL CONTRACTS MEDICAL,097-2019/2019-0130-000;097-2020/2020-0130-000,097-0130,25.6: Medical care,0001: OPERATION AND MAINTENANCE;0020: UNDISTRIBUTED,X,NOT APPLICABLE,,,ZJ78KKD7ASC4,,MAXMED HEALTHCARE INC,MAXMED HEALTHCARE INC,,5A2F2,ZJ78KKD7ASC4,,MAXMED HEALTHCARE INC,MAXMED HEALTHCARE INC,USA,UNITED STATES,506 E RAMSEY RD STE 1,,SAN ANTONIO,48029,BEXAR,48,TX,TEXAS,782164657,TX-20,TX-21,2105993233,2105796654,USA,UNITED STATES,BILOXI,28047,HARRISON,28,MS,MISSISSIPPI,395342701,MS-04,MS-04,AWARD,D,DEFINITIVE CONTRACT,,,,,,,J,FIRM FIXED PRICE,11 FTE CLINICAL NURSES (VARIOUS CLINICS),FA301019RA020,1,OT,OTHER FUNCTIONS,Q401,MEDICAL- NURSING,H,NOT BUNDLED,S1,SERVICES,622110,GENERAL MEDICAL AND SURGICAL HOSPITALS,C,NO CLAUSES INCLUDED AND NO SUSTAINABILITY INCLUDED,A,U.S. OWNED BUSINESS,000,NONE,Z,NOT IT PRODUCTS OR SERVICES,E,NOT REQUIRED,USA,UNITED STATES,C,NOT A MANUFACTURED END PRODUCT,B,PLAN NOT REQUIRED,B,NOT AVAILABLE FOR COMPETITION,SSS,ONLY ONE SOURCE,8AN,8(A) SOLE SOURCE,NONE,NO PREFERENCE USED,,,,,OTH,AUTHORIZED BY STATUTE (FAR 6.302-5(A)(2)(I)),1,A,COMMERCIAL PRODUCTS/SERVICES,f,N,NO,N,NO,N,NO,N,NO,0.00,N,NO,N,NO,Y,YES,N,NO,X,NOT APPLICABLE,,,,,,,,NONE,NONE,N,NO,X,NOT APPLICABLE EXEMPT FROM CAS,N,TRANSACTION DOES NOT USE GFE/GFP,N,NO,D,NOT CONSOLIDATED,Y,YES - SERVICE WHERE PBA IS USED.,N,NO,Z,NOT APPLICABLE,N,NO,X,NOT APPLICABLE,f,f,f,f,f,f,f,f,f,f,f,f,t,f,f,t,f,f,f,SMALL BUSINESS,S,f,f,f,f,f,f,f,f,f,f,f,f,f,f,f,f,f,CORPORATE NOT TAX EXEMPT,t,f,f,f,f,f,f,f,f,f,f,f,f,f,f,f,f,t,f,f,f,f,f,f,f,f,f,f,t,f,f,f,f,f,f,f,f,f,f,f,f,f,f,f,f,t,f,t,f,f,,,,,,,,,,,https://www.usaspending.gov/award/CONT_AWD_FA301019CA012_9700_-NONE-_-NONE-/,2023-07-06 17:26:39+00
CONT_AWD_FA301618C0015_9700_-NONE-_-NONE-,FA301618C0015,,,,N: Emergency P.L. 116-136;Q: Not Designated Nonemergency/Emergency/Disaster/Wildfire Suppression,,12201.60,,,2681034.13,272821.71,2681034.13,2681034.13,2018-04-04,2018,2023-07-07,2023,2018-04-04,2023-04-30,2023-04-30 00:00:00,,,097,Department of Defense,5700,Department of the Air Force,FA3016,FA3016  502 CONS CL,097,Department of Defense,5700,Department of the Air Force,F2MTW8,F2MTW8 59 MDW CCR,057-2021/2021-3400-000;097-2018/2018-0130-000;097-2019/2019-0130-000;097-2020/2020-0130-000;097-2021/2021-0130-000;097-2022/2022-0130-000;097-2023/2023-0130-000,057-3400;097-0130,21.0: Travel and transportation of persons;25.2: Other services from non-Federal sources;25.6: Medical care,0000: UNKNOWN/OTHER;0001: OPERATION AND MAINTENANCE;0020: N/A;0020: UNDISTRIBUTED;0801: REIMBURSABLE,X,NOT APPLICABLE,,,TFBJUQYLMKN7,,MHSYSTEMS INC,MHSYSTEMS INC,,6KXN1,TFBJUQYLMKN7,,MHSYSTEMS INC,MERCY HOME HEALTHCARE AGENCY CORPORATION,USA,UNITED STATES,2102 E 21ST ST N STE B,,WICHITA,20173,SEDGWICK,20,KS,KANSAS,672141943,KS-04,KS-04,3164947593,3162630000,USA,UNITED STATES,JBSA LACKLAND,48029,BEXAR,48,TX,TEXAS,782369908,TX-23,TX-23,AWARD,D,DEFINITIVE CONTRACT,,,,,,,J,FIRM FIXED PRICE,ANCILLARY SUPPORT SERVICES-MEDICAL,FA301618R0023,1,OT,OTHER FUNCTIONS,Q802,CLERICAL MEDICAL SUPPORT,H,NOT BUNDLED,S1,SERVICES,561110,OFFICE ADMINISTRATIVE SERVICES,C,NO CLAUSES INCLUDED AND NO SUSTAINABILITY INCLUDED,A,U.S. OWNED BUSINESS,000,NONE,Z,NOT IT PRODUCTS OR SERVICES,E,NOT REQUIRED,USA,UNITED STATES,C,NOT A MANUFACTURED END PRODUCT,B,PLAN NOT REQUIRED,F,COMPETED UNDER SAP,SP1,SIMPLIFIED ACQUISITION,8A,8A COMPETED,NONE,NO PREFERENCE USED,,,,,,,37,A,COMMERCIAL PRODUCTS/SERVICES,f,Y,YES,N,NO,Y,YES,N,NO,0.00,N,NO,N,NO,Y,YES,N,NO,X,NOT APPLICABLE,,,,,,,,NONE,NONE,N,NO,X,NOT APPLICABLE EXEMPT FROM CAS,N,TRANSACTION DOES NOT USE GFE/GFP,N,NO,D,NOT CONSOLIDATED,Y,YES - SERVICE WHERE PBA IS USED.,N,NO,Z,NOT APPLICABLE,N,NO,X,NOT APPLICABLE,f,f,f,f,f,f,f,f,f,f,f,f,f,f,f,t,f,f,f,SMALL BUSINESS,S,f,f,f,f,f,f,f,f,f,f,f,f,f,f,f,f,f,CORPORATE NOT TAX EXEMPT,t,f,f,f,f,f,f,f,f,f,f,f,f,f,f,f,f,t,f,f,f,f,f,f,f,t,f,f,t,f,f,f,f,f,f,f,f,f,f,f,f,f,f,f,f,f,f,t,f,f,,,,,,,,,,,https://www.usaspending.gov/award/CONT_AWD_FA301618C0015_9700_-NONE-_-NONE-/,2023-07-07 10:07:16+00
CONT_AWD_FA301622C0068_9700_-NONE-_-NONE-,FA301622C0068,,,,,,,,,1610337.02,,1610337.02,1610337.02,2022-09-22,2022,2023-07-11,2023,2022-09-26,2023-07-31,2023-07-31 00:00:00,,2022-08-18,097,Department of Defense,5700,Department of the Air Force,FA3016,FA3016  502 CONS CL,097,Department of Defense,5700,Department of the Air Force,F3P3A9,12 MSG CECU,,,,,X,NOT APPLICABLE,,,DJ3BBTYS5CM1,,JVR LLC,JVR LLC,,7ZG14,DJ3BBTYS5CM1,,JVR LLC,JVR  LLC,USA,UNITED STATES,1716 S SAN MARCOS,STE 117,SAN ANTONIO,48029,BEXAR,48,TX,TEXAS,782077050,TX-35,TX-35,2106873891,,USA,UNITED STATES,LACKLAND AFB,48029,BEXAR,48,TX,TEXAS,782365272,TX-23,TX-23,AWARD,D,DEFINITIVE CONTRACT,,,,,,,J,FIRM FIXED PRICE,JBSA LACKLAND DEMOLITIONS - 6 BUILDINGS,,1,OT,OTHER FUNCTIONS,P400,SALVAGE- DEMOLITION OF BUILDINGS,H,NOT BUNDLED,S1,SERVICES,238910,SITE PREPARATION CONTRACTORS,C,NO CLAUSES INCLUDED AND NO SUSTAINABILITY INCLUDED,A,U.S. OWNED BUSINESS,000,NONE,Z,NOT IT PRODUCTS OR SERVICES,E,NOT REQUIRED,USA,UNITED STATES,C,NOT A MANUFACTURED END PRODUCT,B,PLAN NOT REQUIRED,G,NOT COMPETED UNDER SAP,SP1,SIMPLIFIED ACQUISITION,NONE,NO SET ASIDE USED.,NONE,NO PREFERENCE USED,,,,,SP2,SAP NON-COMPETITION (FAR 13),1,A,COMMERCIAL PRODUCTS/SERVICES,f,N,NO,N,NO,N,NO,N,NO,0.00,N,NO,N,NO,Y,YES,X,NOT APPLICABLE,X,NOT APPLICABLE,,,,,,,,NONE,NONE,N,NO,X,NOT APPLICABLE EXEMPT FROM CAS,N,TRANSACTION DOES NOT USE GFE/GFP,N,NO,D,NOT CONSOLIDATED,Y,YES - SERVICE WHERE PBA IS USED.,N,NO,Z,NOT APPLICABLE,N,NO,X,NOT APPLICABLE,f,f,f,f,f,f,f,f,f,f,f,f,t,f,f,f,t,f,f,SMALL BUSINESS,S,f,f,f,f,f,f,f,f,f,f,f,f,f,f,f,f,f,SOLE PROPRIETORSHIP,f,f,f,t,f,f,f,f,f,f,f,f,f,f,f,f,f,t,f,f,f,f,f,f,f,f,f,f,t,f,f,f,f,f,f,f,f,f,f,f,f,f,f,f,f,f,f,t,t,f,,,,,,,,,,,https://www.usaspending.gov/award/CONT_AWD_FA301622C0068_9700_-NONE-_-NONE-/,2023-07-11 08:21:47+00
CONT_AWD_FA302019CA013_9700_-NONE-_-NONE-,FA302019CA013,,,,E: Emergency P.L. 116-20;Q: Not Designated Nonemergency/Emergency/Disaster/Wildfire Suppression,,,,,2837757.51,1202456.65,2850557.30,2858703.38,2019-08-16,2019,2023-07-03,2023,2019-08-16,2024-07-21,2024-07-21 00:00:00,,2019-06-13,097,Department of Defense,5700,Department of the Air Force,FA3020,FA3020  82 CONS LGC,097,Department of Defense,5700,Department of the Air Force,F3V0B1,82 TRW TO,057-2019/2019-3400-000;057-2020/2020-3400-000;057-2021/2021-3400-000;057-2022/2022-3400-000;057-2023/2023-3400-000,057-3400,25.7: Operation and maintenance of equipment,0000: UNKNOWN/OTHER;0001: OPERATING FORCES;0004: ADMINISTRATION AND SERVICE-WIDE ACTIVITIES;0020: UNDISTRIBUTED,X,NOT APPLICABLE,,,PQNNHF72NNM6,,"CHEROKEE NATION STRATEGIC PROGRAMS, L.L.C.","CHEROKEE NATION STRATEGIC PROGRAMS, L.L.C.",,70UT1,TBAHL1WANLF3,,CHEROKEE NATION,CHEROKEE NATION STRATEGIC PROGRAMS  L.L.C.,USA,UNITED STATES,10838 E MARSHALL ST STE 200 E,,TULSA,40143,TULSA,40,OK,OKLAHOMA,741165682,OK-01,OK-01,9183847484,9184303424,USA,UNITED STATES,SHEPPARD AFB,48485,WICHITA,48,TX,TEXAS,763111000,TX-13,TX-13,AWARD,D,DEFINITIVE CONTRACT,,,,,,,J,FIRM FIXED PRICE,FY20 TECHNICAL TRAINING SUPPORT SERVICES,,1,OT,OTHER FUNCTIONS,D301,IT AND TELECOM- FACILITY OPERATION AND MAINTENANCE,H,NOT BUNDLED,S1,SERVICES,541511,CUSTOM COMPUTER PROGRAMMING SERVICES,C,NO CLAUSES INCLUDED AND NO SUSTAINABILITY INCLUDED,A,U.S. OWNED BUSINESS,000,NONE,E,COMMERCIAL SERVICE,E,NOT REQUIRED,USA,UNITED STATES,C,NOT A MANUFACTURED END PRODUCT,B,PLAN NOT REQUIRED,G,NOT COMPETED UNDER SAP,SP1,SIMPLIFIED ACQUISITION,8AN,8(A) SOLE SOURCE,NONE,NO PREFERENCE USED,,,,,OTH,AUTHORIZED BY STATUTE (FAR 6.302-5(A)(2)(I)),1,A,COMMERCIAL PRODUCTS/SERVICES,f,N,NO,N,NO,N,NO,N,NO,0.00,N,NO,N,NO,Y,YES,N,NO,X,NOT APPLICABLE,,,,,,,,NONE,NONE,N,NO,X,NOT APPLICABLE EXEMPT FROM CAS,N,TRANSACTION DOES NOT USE GFE/GFP,U,UNKNOWN,D,NOT CONSOLIDATED,Y,YES - SERVICE WHERE PBA IS USED.,N,NO,Z,NOT APPLICABLE,N,NO,X,NOT APPLICABLE,f,t,f,f,t,f,f,f,f,f,f,f,t,f,f,f,f,t,f,SMALL BUSINESS,S,f,f,f,f,f,f,f,f,f,f,f,f,f,f,f,f,f,CORPORATE NOT TAX EXEMPT,t,f,f,f,f,f,f,f,f,f,f,f,f,f,f,f,f,t,f,f,f,f,f,f,f,f,t,f,t,f,f,f,f,f,f,f,f,f,f,f,f,f,f,f,f,t,f,t,f,f,OWEN  UNANGST,59554.00,GARY JOE  HARRISON,215711.00,BRAD  BARNHART,199299.00,,,,,https://www.usaspending.gov/award/CONT_AWD_FA302019CA013_9700_-NONE-_-NONE-/,2023-07-03 10:14:07+00
CONT_AWD_FA303023C0004_9700_-NONE-_-NONE-,FA303023C0004,,,,Q: Not Designated Nonemergency/Emergency/Disaster/Wildfire Suppression,,,,,207500.00,0.00,207500.00,207500.00,2023-04-25,2023,2023-07-11,2023,2023-05-22,2023-08-15,2023-08-15 00:00:00,,2023-02-14,097,Department of Defense,5700,Department of the Air Force,FA3030,FA3030  17 CONS CC,097,Department of Defense,5700,Department of the Air Force,F1Z312,17 CES CERF RA,057-2022/2022-3400-000,057-3400,32.0: Land and structures,0004: ADMINISTRATION AND SERVICE-WIDE ACTIVITIES,X,NOT APPLICABLE,,,K3JCKNP1JV29,,SHAVER CONSTRUCTION & CONTRACTING SERVICES LLC,SHAVER CONSTRUCTION & CONTRACTING SERVICES LLC,,7MVU5,K3JCKNP1JV29,,SHAVER CONSTRUCTION & CONTRACTING SERVICES LLC,SHAVER CONSTRUCTION & CONTRACTING SERVICES  LLC,USA,UNITED STATES,4108 US HIGHWAY 96 N,,JASPER,48241,JASPER,48,TX,TEXAS,759516643,TX-36,TX-36,4095947556,,USA,UNITED STATES,GOODFELLOW AFB,48451,TOM GREEN,48,TX,TEXAS,769083100,TX-11,TX-11,AWARD,D,DEFINITIVE CONTRACT,,,,,,,J,FIRM FIXED PRICE,REPAIR BASE GYM FOUNDATION,FA303023R0001,1,OT,OTHER FUNCTIONS,Z2JZ,REPAIR OR ALTERATION OF MISCELLANEOUS BUILDINGS,H,NOT BUNDLED,,,238110,POURED CONCRETE FOUNDATION AND STRUCTURE CONTRACTORS,C,NO CLAUSES INCLUDED AND NO SUSTAINABILITY INCLUDED,A,U.S. OWNED BUSINESS,000,NONE,Z,NOT IT PRODUCTS OR SERVICES,E,NOT REQUIRED,USA,UNITED STATES,C,NOT A MANUFACTURED END PRODUCT,B,PLAN NOT REQUIRED,D,FULL AND OPEN COMPETITION AFTER EXCLUSION OF SOURCES,NP,NEGOTIATED PROPOSAL/QUOTE,SBA,SMALL BUSINESS SET ASIDE - TOTAL,NONE,NO PREFERENCE USED,,,,,,,4,D,COMMERCIAL PRODUCTS/SERVICES PROCEDURES NOT USED,f,N,NO,,,X,NOT APPLICABLE,N,NO,0.00,N,NO,X,NOT APPLICABLE,Y,YES,Y,YES,X,NOT APPLICABLE,,,,,,,,NONE,NONE,N,NO,X,NOT APPLICABLE EXEMPT FROM CAS,N,TRANSACTION DOES NOT USE GFE/GFP,,,D,NOT CONSOLIDATED,N,NO - SERVICE WHERE PBA IS NOT USED.,N,NO,Z,NOT APPLICABLE,N,NO,X,NOT APPLICABLE,f,f,f,f,f,f,f,f,f,f,f,f,f,f,f,f,f,f,f,SMALL BUSINESS,S,f,f,f,f,f,f,f,f,f,f,f,f,f,f,f,f,f,CORPORATE NOT TAX EXEMPT,t,f,f,f,f,f,f,f,f,f,f,f,f,f,f,f,f,t,f,f,f,f,f,f,f,f,t,f,t,f,f,f,f,f,f,f,f,f,f,f,f,f,f,f,f,f,f,f,f,f,,,,,,,,,,,https://www.usaspending.gov/award/CONT_AWD_FA303023C0004_9700_-NONE-_-NONE-/,2023-07-11 15:03:02+00
CONT_AWD_FA330020C0038_9700_-NONE-_-NONE-,FA330020C0038,,,,Q: Not Designated Nonemergency/Emergency/Disaster/Wildfire Suppression,,,,,146913.44,113392.52,146913.44,181775.24,2020-08-07,2020,2023-07-06,2023,2020-08-07,2024-09-29,2025-09-29 00:00:00,,,097,Department of Defense,5700,Department of the Air Force,FA3300,FA3300  42 CONS CC,097,Department of Defense,5700,Department of the Air Force,F2X3CE,F2X3CE  42 ABW CE,057-2020/2020-3400-000;057-2021/2021-3400-000;057-2022/2022-3400-000;057-2023/2023-3400-000,057-3400,"23.3: Communications, utilities, and miscellaneous charges;25.4: Operation and maintenance of facilities",0001: OPERATING FORCES;0004: ADMINISTRATION AND SERVICE-WIDE ACTIVITIES;0020: UNDISTRIBUTED,X,NOT APPLICABLE,,,UQW5ZJEAF1E4,,"ASPIRE TECHNOLOGY SOLUTIONS, LLC","ASPIRE TECHNOLOGY SOLUTIONS, LLC",,7SWR2,UQW5ZJEAF1E4,,"ASPIRE TECHNOLOGY SOLUTIONS, LLC",ASPIRE TECHNOLOGY SOLUTIONS LLC,USA,UNITED STATES,555 COUNTY ROAD 33,,PRATTVILLE,01001,AUTAUGA,01,AL,ALABAMA,360677933,AL-02,AL-06,3348195400,,USA,UNITED STATES,MONTGOMERY,01101,MONTGOMERY,01,AL,ALABAMA,361125000,AL-07,AL-02,AWARD,D,DEFINITIVE CONTRACT,,,,,,,J,FIRM FIXED PRICE,MAXWELL DORM WIFI SERVICES,,1,OT,OTHER FUNCTIONS,D322,IT AND TELECOM- INTERNET,H,NOT BUNDLED,S1,SERVICES,517911,TELECOMMUNICATIONS RESELLERS,C,NO CLAUSES INCLUDED AND NO SUSTAINABILITY INCLUDED,A,U.S. OWNED BUSINESS,000,NONE,E,COMMERCIAL SERVICE,E,NOT REQUIRED,USA,UNITED STATES,C,NOT A MANUFACTURED END PRODUCT,B,PLAN NOT REQUIRED,F,COMPETED UNDER SAP,SP1,SIMPLIFIED ACQUISITION,SBA,SMALL BUSINESS SET ASIDE - TOTAL,NONE,NO PREFERENCE USED,,,,,,,4,A,COMMERCIAL PRODUCTS/SERVICES,f,N,NO,N,NO,N,NO,N,NO,0.00,N,NO,N,NO,N,NO,N,NO,X,NOT APPLICABLE,,,,,,,,NONE,NONE,N,NO,X,NOT APPLICABLE EXEMPT FROM CAS,N,TRANSACTION DOES NOT USE GFE/GFP,N,NO,D,NOT CONSOLIDATED,N,NO - SERVICE WHERE PBA IS NOT USED.,N,NO,Z,NOT APPLICABLE,N,NO,X,NOT APPLICABLE,f,f,f,f,f,t,t,f,f,f,f,f,t,f,f,t,f,f,f,SMALL BUSINESS,S,f,f,f,f,f,f,f,f,f,f,f,f,f,f,f,f,f,PARTNERSHIP,f,f,t,f,f,f,f,f,f,f,f,f,f,f,f,f,f,t,f,f,f,f,f,f,f,f,t,f,t,f,f,f,f,f,f,f,f,f,f,f,f,f,f,f,f,f,f,f,f,f,,,,,,,,,,,https://www.usaspending.gov/award/CONT_AWD_FA330020C0038_9700_-NONE-_-NONE-/,2023-07-06 16:20:32+00
CONT_AWD_FA441819CA025_9700_-NONE-_-NONE-,FA441819CA025,,,,,,,,,8832934.82,,8832934.82,10794534.82,2019-06-07,2019,2023-07-14,2023,2019-08-01,2024-07-31,2024-07-31 00:00:00,,2018-10-23,097,Department of Defense,5700,Department of the Air Force,FA4418,FA4418  628 CONS PK,097,Department of Defense,1700,Department of the Navy,N65236,NIWC ATLANTIC,,,,,X,NOT APPLICABLE,,,CJ6USAF6QF94,,"T&H SERVICES, LLC",T&H SERVICES LLC,,745J0,JB37E7W7RPM9,,TLINGIT HAIDA TRIBAL BUSINESS CORPORATION,T&H SERVICES LLC,USA,UNITED STATES,9097 GLACIER HIGHWAY,,JUNEAU,02110,JUNEAU,02,AK,ALASKA,998016922,AK-00,AK-00,7193210807,,USA,UNITED STATES,NORTH CHARLESTON,45019,CHARLESTON,45,SC,SOUTH CAROLINA,294199022,SC-06,SC-06,AWARD,D,DEFINITIVE CONTRACT,,,,,,,J,FIRM FIXED PRICE,"FACILITY MAINTENANCE SERVICES IN SUPPORT OF NIWC AT JOINT BASE CHARLESTON, SC.",FA441819RA001,1,OT,OTHER FUNCTIONS,Z1AZ,MAINTENANCE OF OTHER ADMINISTRATIVE FACILITIES AND SERVICE BUILDINGS,H,NOT BUNDLED,S1,SERVICES,561210,FACILITIES SUPPORT SERVICES,C,NO CLAUSES INCLUDED AND NO SUSTAINABILITY INCLUDED,A,U.S. OWNED BUSINESS,000,NONE,Z,NOT IT PRODUCTS OR SERVICES,E,NOT REQUIRED,USA,UNITED STATES,C,NOT A MANUFACTURED END PRODUCT,B,PLAN NOT REQUIRED,D,FULL AND OPEN COMPETITION AFTER EXCLUSION OF SOURCES,NP,NEGOTIATED PROPOSAL/QUOTE,8A,8A COMPETED,NONE,NO PREFERENCE USED,,,,,,,2,A,COMMERCIAL PRODUCTS/SERVICES,f,N,NO,N,NO,Y,YES,N,NO,0.00,N,NO,X,NOT APPLICABLE,Y,YES,X,NOT APPLICABLE,X,NOT APPLICABLE,,,,,,,,NONE,NONE,N,NO,X,NOT APPLICABLE EXEMPT FROM CAS,N,TRANSACTION DOES NOT USE GFE/GFP,N,NO,D,NOT CONSOLIDATED,Y,YES - SERVICE WHERE PBA IS USED.,N,NO,Z,NOT APPLICABLE,N,NO,X,NOT APPLICABLE,f,f,t,f,t,f,f,f,f,f,f,f,t,f,f,f,f,t,f,SMALL BUSINESS,S,f,f,f,f,f,f,f,f,f,f,f,f,f,f,f,f,f,CORPORATE TAX EXEMPT,f,t,f,f,f,f,f,f,f,f,f,f,f,f,f,f,f,t,f,f,f,f,f,f,f,f,t,f,t,f,f,f,f,f,f,f,f,f,f,f,f,f,f,f,f,t,f,t,t,f,CHARLES  BARTLEY,108805.00,ERNEST  PARRETT,104000.00,RONALD  ANDREWS,92893.00,RICHARD  AVILES,87589.00,BLANE  MARTINEZ,85122.00,https://www.usaspending.gov/award/CONT_AWD_FA441819CA025_9700_-NONE-_-NONE-/,2023-07-14 14:01:05+00
CONT_AWD_FA442722C0010_9700_-NONE-_-NONE-,FA442722C0010,,,,Q: Not Designated Nonemergency/Emergency/Disaster/Wildfire Suppression,,,,,184913.76,118072.61,184913.76,184913.76,2022-06-08,2022,2023-07-05,2023,2022-06-08,2023-09-18,2023-09-18 00:00:00,,,097,Department of Defense,5700,Department of the Air Force,FA4427,FA4427  60 CONS LGC,097,Department of Defense,5700,Department of the Air Force,F3Z345,F3Z345 60 CES,097-X-4930-003,097-4930,32.0: Land and structures,0801: REIMBURSABLE,X,NOT APPLICABLE,,,M9JFPNTD9788,,"KAL ARCHITECTS, INC.","KAL ARCHITECTS, INC.",,1HJM9,M9JFPNTD9788,,"KAL ARCHITECTS, INC.",KAL ARCHITECTS  INC.,USA,UNITED STATES,12 MAUCHLY STE J,,IRVINE,06059,ORANGE,06,CA,CALIFORNIA,926186303,CA-47,CA-47,9494508420,9494508424,USA,UNITED STATES,TRAVIS AFB,06095,SOLANO,06,CA,CALIFORNIA,945350001,CA-08,CA-08,AWARD,D,DEFINITIVE CONTRACT,,,,,,,J,FIRM FIXED PRICE,A&E DESIGN SERVICES FOR B841 ON TRAVIS AFB.,,1,OT,OTHER FUNCTIONS,C211,"ARCHITECT AND ENGINEERING- GENERAL: LANDSCAPING, INTERIOR LAYOUT, AND DESIGNING",H,NOT BUNDLED,S1,SERVICES,541330,ENGINEERING SERVICES,C,NO CLAUSES INCLUDED AND NO SUSTAINABILITY INCLUDED,A,U.S. OWNED BUSINESS,000,NONE,Z,NOT IT PRODUCTS OR SERVICES,A,MEETS REQUIREMENTS,USA,UNITED STATES,C,NOT A MANUFACTURED END PRODUCT,B,PLAN NOT REQUIRED,C,NOT COMPETED,SSS,ONLY ONE SOURCE,NONE,NO SET ASIDE USED.,NONE,NO PREFERENCE USED,,,,,ONE,ONLY ONE SOURCE-OTHER (FAR 6.302-1 OTHER),1,D,COMMERCIAL PRODUCTS/SERVICES PROCEDURES NOT USED,f,N,NO,N,NO,X,NOT APPLICABLE,N,NO,0.00,N,NO,X,NOT APPLICABLE,X,NOT APPLICABLE,X,NOT APPLICABLE,X,NOT APPLICABLE,,,,,,,,NONE,NONE,N,NO,X,NOT APPLICABLE EXEMPT FROM CAS,N,TRANSACTION DOES NOT USE GFE/GFP,N,NO,D,NOT CONSOLIDATED,N,NO - SERVICE WHERE PBA IS NOT USED.,N,NO,Z,NOT APPLICABLE,N,NO,X,NOT APPLICABLE,f,f,f,f,f,f,f,t,t,f,f,f,f,t,f,f,f,f,f,SMALL BUSINESS,S,f,f,f,f,f,f,f,f,f,f,f,f,f,f,f,f,f,CORPORATE NOT TAX EXEMPT,t,f,f,f,f,f,f,f,f,f,f,f,f,f,f,f,f,t,f,f,f,f,f,f,f,t,f,f,t,f,f,f,f,f,f,f,f,f,f,f,f,f,f,f,t,t,f,f,f,f,,,,,,,,,,,https://www.usaspending.gov/award/CONT_AWD_FA442722C0010_9700_-NONE-_-NONE-/,2023-08-24 18:02:46+00
CONT_AWD_FA442723C0007_9700_-NONE-_-NONE-,FA442723C0007,,,,Q: Not Designated Nonemergency/Emergency/Disaster/Wildfire Suppression,,,,,9098.00,9098.00,9098.00,9098.00,2023-02-08,2023,2023-07-13,2023,2023-02-10,2023-09-22,2023-09-22 00:00:00,,2023-01-30,097,Department of Defense,5700,Department of the Air Force,FA4427,FA4427  60 CONS LGC,097,Department of Defense,5700,Department of the Air Force,F3Z384,F3Z384 60 CES CEOE,057-2023/2023-3400-000,057-3400,26.0: Supplies and materials,0004: ADMINISTRATION AND SERVICE-WIDE ACTIVITIES,X,NOT APPLICABLE,,,JH6WJZG8NSC8,,"HUDSON, CICELY B","HUDSON, CICELY B",,1UXN4,JH6WJZG8NSC8,,"HUDSON, CICELY B",HUDSON  CICELY B,USA,UNITED STATES,910 FARRAGUT ST NW,,WASHINGTON,11001,DISTRICT OF COLUMBIA,11,DC,DISTRICT OF COLUMBIA,200113943,DC-98,DC-98,2025311223,6785654803,USA,UNITED STATES,TRAVIS AFB,06095,SOLANO,06,CA,CALIFORNIA,945350001,CA-08,CA-08,AWARD,D,DEFINITIVE CONTRACT,,,,,,,J,FIRM FIXED PRICE,B549 LVT IPO FLOORING INSTALLATION,FA442723Q0010,1,OT,OTHER FUNCTIONS,Z2AA,REPAIR OR ALTERATION OF OFFICE BUILDINGS,H,NOT BUNDLED,,,238330,FLOORING CONTRACTORS,C,NO CLAUSES INCLUDED AND NO SUSTAINABILITY INCLUDED,A,U.S. OWNED BUSINESS,000,NONE,Z,NOT IT PRODUCTS OR SERVICES,A,MEETS REQUIREMENTS,USA,UNITED STATES,C,NOT A MANUFACTURED END PRODUCT,B,PLAN NOT REQUIRED,D,FULL AND OPEN COMPETITION AFTER EXCLUSION OF SOURCES,NP,NEGOTIATED PROPOSAL/QUOTE,SBA,SMALL BUSINESS SET ASIDE - TOTAL,NONE,NO PREFERENCE USED,,,,,,,2,D,COMMERCIAL PRODUCTS/SERVICES PROCEDURES NOT USED,f,N,NO,,,X,NOT APPLICABLE,N,NO,0.00,N,NO,X,NOT APPLICABLE,X,NOT APPLICABLE,Y,YES,X,NOT APPLICABLE,,,,,,,,NONE,NONE,N,NO,X,NOT APPLICABLE EXEMPT FROM CAS,N,TRANSACTION DOES NOT USE GFE/GFP,,,D,NOT CONSOLIDATED,N,NO - SERVICE WHERE PBA IS NOT USED.,N,NO,Z,NOT APPLICABLE,N,NO,X,NOT APPLICABLE,f,f,f,f,f,f,f,t,t,t,f,f,t,f,f,t,f,f,f,SMALL BUSINESS,S,f,f,f,f,f,f,f,f,f,f,f,f,f,f,f,f,f,SOLE PROPRIETORSHIP,f,f,f,t,f,f,f,f,f,f,f,f,f,f,f,f,f,t,f,f,f,f,f,f,f,f,f,f,t,f,f,f,f,f,f,f,f,f,f,f,f,f,f,f,f,t,f,f,f,f,,,,,,,,,,,https://www.usaspending.gov/award/CONT_AWD_FA442723C0007_9700_-NONE-_-NONE-/,2023-07-13 20:40:04+00
CONT_AWD_FA445218C0004_9700_-NONE-_-NONE-,FA445218C0004,,,,Q: Not Designated Nonemergency/Emergency/Disaster/Wildfire Suppression,,,,,23911212.51,4694558.15,26027825.93,26715417.07,2018-06-06,2018,2023-07-06,2023,2018-07-01,2023-09-30,2023-09-30 00:00:00,,,097,Department of Defense,5700,Department of the Air Force,FA4452,FA4452  763 ESS,097,Department of Defense,5700,Department of the Air Force,F3SF55,F3SF55 HQ AMC A6XR,097-X-4930-003,097-4930,25.7: Operation and maintenance of equipment,0801: REIMBURSABLE,X,NOT APPLICABLE,,,E7ZBN7JMNKY9,,DPRA INCORPORATED,DPRA INCORPORATED,,1RGT1,E7ZBN7JMNKY9,,DPRA INCORPORATED,DPRA INCORPORATED,USA,UNITED STATES,10215 TECH DR STE 201,,KNOXVILLE,47093,KNOX,47,TN,TENNESSEE,379320000,TN-02,TN-02,8652184209,8657774010,USA,UNITED STATES,SCOTT AFB,17163,SAINT CLAIR,17,IL,ILLINOIS,622256014,IL-12,IL-12,AWARD,D,DEFINITIVE CONTRACT,,,,,,,J,FIRM FIXED PRICE,IGF:OT::IGF CAMPS,FA445217R0007,1,OT,OTHER FUNCTIONS,D399,IT AND TELECOM- OTHER IT AND TELECOMMUNICATIONS,H,NOT BUNDLED,S1,SERVICES,541511,CUSTOM COMPUTER PROGRAMMING SERVICES,C,NO CLAUSES INCLUDED AND NO SUSTAINABILITY INCLUDED,A,U.S. OWNED BUSINESS,000,NONE,F,NONCOMMERCIAL SERVICE,E,NOT REQUIRED,USA,UNITED STATES,C,NOT A MANUFACTURED END PRODUCT,B,PLAN NOT REQUIRED,D,FULL AND OPEN COMPETITION AFTER EXCLUSION OF SOURCES,NP,NEGOTIATED PROPOSAL/QUOTE,SBA,SMALL BUSINESS SET ASIDE - TOTAL,NONE,NO PREFERENCE USED,,,,,,,8,D,COMMERCIAL PRODUCTS/SERVICES PROCEDURES NOT USED,f,N,NO,N,NO,Y,YES,N,NO,0.00,N,NO,N,NO,N,NO,N,NO,X,NOT APPLICABLE,,,,,,,,NONE,NONE,N,NO,X,NOT APPLICABLE EXEMPT FROM CAS,Y,TRANSACTION USES GFE/GFP,N,NO,D,NOT CONSOLIDATED,Y,YES - SERVICE WHERE PBA IS USED.,N,NO,Z,NOT APPLICABLE,N,NO,X,NOT APPLICABLE,f,f,f,f,f,f,f,f,f,f,f,f,f,f,f,f,f,f,f,SMALL BUSINESS,S,f,f,f,f,f,f,f,f,f,f,f,f,f,f,f,f,f,CORPORATE NOT TAX EXEMPT,t,f,f,f,f,f,f,f,f,f,f,f,f,f,f,f,f,t,f,f,f,f,f,f,f,f,f,f,t,f,f,f,f,f,f,f,f,f,f,f,f,f,f,f,f,f,f,f,f,f,,,,,,,,,,,https://www.usaspending.gov/award/CONT_AWD_FA445218C0004_9700_-NONE-_-NONE-/,2023-11-18 11:55:51+00
CONT_AWD_FA449723C0011_9700_-NONE-_-NONE-,FA449723C0011,,,,Q: Not Designated Nonemergency/Emergency/Disaster/Wildfire Suppression,,,,,25500.00,0.00,25500.00,127500.00,2023-07-12,2023,2023-07-12,2023,2023-07-12,2024-07-11,2028-07-11 00:00:00,,,097,Department of Defense,5700,Department of the Air Force,FA4497,FA4497  436 CONS LGC,097,Department of Defense,5700,Department of the Air Force,F1Q0MU,BASE MUSEUM,057-2023/2023-3400-000,057-3400,25.7: Operation and maintenance of equipment,0801: REIMBURSABLE,X,NOT APPLICABLE,,,LKJEXKMNX1K3,,DETECT INC,DETECT INC,,3GWD9,UN3UNNQGEF85,,"DETECT, INC.",DETECT  INC.,USA,UNITED STATES,2817 HWY 77,,PANAMA CITY,12005,BAY,12,FL,FLORIDA,324054409,FL-02,FL-02,8507637200,8507630920,USA,UNITED STATES,DOVER AFB,10001,KENT,10,DE,DELAWARE,199025016,DE-00,DE-00,AWARD,D,DEFINITIVE CONTRACT,,,,,,,J,FIRM FIXED PRICE,BIRD RADAR MAINTENANCE SUPPORT.,,1,OT,OTHER FUNCTIONS,J059,MAINT/REPAIR/REBUILD OF EQUIPMENT- ELECTRICAL AND ELECTRONIC EQUIPMENT COMPONENTS,H,NOT BUNDLED,,,811210,ELECTRONIC AND PRECISION EQUIPMENT REPAIR AND MAINTENANCE,C,NO CLAUSES INCLUDED AND NO SUSTAINABILITY INCLUDED,A,U.S. OWNED BUSINESS,000,NONE,Z,NOT IT PRODUCTS OR SERVICES,E,NOT REQUIRED,USA,UNITED STATES,C,NOT A MANUFACTURED END PRODUCT,B,PLAN NOT REQUIRED,C,NOT COMPETED,SSS,ONLY ONE SOURCE,NONE,NO SET ASIDE USED.,NONE,NO PREFERENCE USED,,,,,ONE,ONLY ONE SOURCE-OTHER (FAR 6.302-1 OTHER),1,A,COMMERCIAL PRODUCTS/SERVICES,f,N,NO,,,X,NOT APPLICABLE,N,NO,0.00,N,NO,N,NO,Y,YES,X,NOT APPLICABLE,X,NOT APPLICABLE,,,,,,,,NONE,NONE,N,NO,X,NOT APPLICABLE EXEMPT FROM CAS,N,TRANSACTION DOES NOT USE GFE/GFP,,,D,NOT CONSOLIDATED,N,NO - SERVICE WHERE PBA IS NOT USED.,N,NO,Z,NOT APPLICABLE,N,NO,X,NOT APPLICABLE,f,f,f,f,f,f,f,f,f,f,f,f,f,f,f,f,f,f,f,SMALL BUSINESS,S,f,f,f,f,f,f,f,f,f,f,f,f,f,f,f,f,f,CORPORATE NOT TAX EXEMPT,t,f,f,f,f,f,f,f,f,f,f,f,t,f,f,f,f,t,f,f,f,f,f,f,f,f,f,f,t,f,f,f,f,f,f,f,f,f,f,f,f,f,f,f,f,f,f,f,f,f,,,,,,,,,,,https://www.usaspending.gov/award/CONT_AWD_FA449723C0011_9700_-NONE-_-NONE-/,2023-07-12 07:30:47+00
CONT_AWD_FA460023C0013_9700_-NONE-_-NONE-,FA460023C0013,,,,,,,,,41105.50,,41105.50,41105.50,2023-07-13,2023,2023-07-13,2023,2023-07-13,2023-11-13,2023-11-13 00:00:00,,,097,Department of Defense,5700,Department of the Air Force,FA4600,FA4600  55 CONS  PKP,097,Department of Defense,5700,Department of the Air Force,F3HSE1,F3HSE1 USSTRATCOM J0,,,,,X,NOT APPLICABLE,,,HU9LL2Z2V4J1,,"LDIA HOLDINGS, LLC","LDIA HOLDINGS, LLC",,7TDW3,HU9LL2Z2V4J1,,"LDIA HOLDINGS, LLC",LDIA HOLDINGS  LLC,USA,UNITED STATES,3019 ALVIN DEVANE BLVD STE 400,,AUSTIN,48453,TRAVIS,48,TX,TEXAS,787417418,TX-35,TX-35,5127924619,,USA,UNITED STATES,OFFUTT AFB,31153,SARPY,31,NE,NEBRASKA,681130001,NE-01,NE-01,AWARD,D,DEFINITIVE CONTRACT,,,,,,,J,FIRM FIXED PRICE,GCC VIDEO WALL,,1,,,5810,COMMUNICATIONS SECURITY EQUIPMENT AND COMPONENTS,H,NOT BUNDLED,,,561621,SECURITY SYSTEMS SERVICES (EXCEPT LOCKSMITHS),C,NO CLAUSES INCLUDED AND NO SUSTAINABILITY INCLUDED,A,U.S. OWNED BUSINESS,000,NONE,Z,NOT IT PRODUCTS OR SERVICES,E,NOT REQUIRED,USA,UNITED STATES,D,MFG IN U.S.,B,PLAN NOT REQUIRED,F,COMPETED UNDER SAP,SP1,SIMPLIFIED ACQUISITION,SBA,SMALL BUSINESS SET ASIDE - TOTAL,NONE,NO PREFERENCE USED,,,,,,,2,A,COMMERCIAL PRODUCTS/SERVICES,f,N,NO,,,N,NO,N,NO,0.00,N,NO,X,NOT APPLICABLE,X,NOT APPLICABLE,X,NOT APPLICABLE,X,NOT APPLICABLE,,,,,,,,NONE,NONE,N,NO,X,NOT APPLICABLE EXEMPT FROM CAS,N,TRANSACTION DOES NOT USE GFE/GFP,,,D,NOT CONSOLIDATED,X,NOT APPLICABLE,N,NO,Z,NOT APPLICABLE,N,NO,X,NOT APPLICABLE,f,f,f,f,f,f,f,f,f,f,f,f,f,f,f,f,f,f,f,SMALL BUSINESS,S,f,f,f,f,f,f,f,f,f,f,f,f,f,f,f,f,f,PARTNERSHIP,f,f,t,f,f,f,f,f,f,f,f,f,f,f,f,f,f,t,f,f,f,f,f,f,f,f,t,f,t,f,f,f,f,f,f,f,f,f,f,f,f,f,f,f,f,f,f,f,f,f,,,,,,,,,,,https://www.usaspending.gov/award/CONT_AWD_FA460023C0013_9700_-NONE-_-NONE-/,2023-07-13 09:31:35+00
CONT_AWD_FA462523C0023_9700_-NONE-_-NONE-,FA462523C0023,,,,Q: Not Designated Nonemergency/Emergency/Disaster/Wildfire Suppression,,,,,177385.14,0.00,177385.14,177385.14,2023-07-13,2023,2023-07-13,2023,2023-09-05,2023-09-15,2023-09-15 00:00:00,,,097,Department of Defense,5700,Department of the Air Force,FA4625,FA4625  509 CONS CC,097,Department of Defense,5700,Department of the Air Force,F4E32H,F4E32H 509 FSS,057-2023/2023-3400-000,057-3400,25.4: Operation and maintenance of facilities,0004: ADMINISTRATION AND SERVICE-WIDE ACTIVITIES,X,NOT APPLICABLE,,,JM1BP2BJDDE3,,SCS INTEGRATED SUPPORT SOLUTIONS LLC,SCS INTEGRATED SUPPORT SOLUTIONS LLC,,508A5,JM1BP2BJDDE3,,SCS INTEGRATED SUPPORT SOLUTIONS LLC,SCS INTEGRATED SUPPORT SOLUTIONS  LLC,USA,UNITED STATES,15 E BOSCAWEN ST,,WINCHESTER,51840,WINCHESTER (CITY),51,VA,VIRGINIA,226014779,VA-06,VA-06,7034945025,8007847514,USA,UNITED STATES,WINCHESTER,51840,WINCHESTER CITY,51,VA,VIRGINIA,226016506,VA-06,VA-06,AWARD,D,DEFINITIVE CONTRACT,,,,,,,J,FIRM FIXED PRICE,FURNITURE FOR ANNEX BUILDING AT WHITEMAN AIR FORCE BASE.,,1,,,7110,OFFICE FURNITURE,H,NOT BUNDLED,,,337214,OFFICE FURNITURE (EXCEPT WOOD) MANUFACTURING,C,NO CLAUSES INCLUDED AND NO SUSTAINABILITY INCLUDED,A,U.S. OWNED BUSINESS,000,NONE,Z,NOT IT PRODUCTS OR SERVICES,E,NOT REQUIRED,USA,UNITED STATES,D,MFG IN U.S.,B,PLAN NOT REQUIRED,F,COMPETED UNDER SAP,SP1,SIMPLIFIED ACQUISITION,SBA,SMALL BUSINESS SET ASIDE - TOTAL,NONE,NO PREFERENCE USED,,,,,,,4,A,COMMERCIAL PRODUCTS/SERVICES,f,N,NO,,,X,NOT APPLICABLE,N,NO,0.00,N,NO,X,NOT APPLICABLE,Y,YES,X,NOT APPLICABLE,X,NOT APPLICABLE,,,,,,,,NONE,NONE,W,NOT OBTAINED - WAIVED,X,NOT APPLICABLE EXEMPT FROM CAS,N,TRANSACTION DOES NOT USE GFE/GFP,,,D,NOT CONSOLIDATED,X,NOT APPLICABLE,N,NO,Z,NOT APPLICABLE,N,NO,X,NOT APPLICABLE,f,f,f,f,f,f,f,f,f,f,f,f,f,f,f,f,f,f,f,SMALL BUSINESS,S,f,f,f,f,f,f,f,f,f,f,f,f,f,f,f,f,f,CORPORATE NOT TAX EXEMPT,t,f,f,f,f,f,f,f,f,f,f,f,t,f,f,f,f,t,f,f,f,f,f,f,f,f,t,f,t,f,f,f,f,f,f,f,f,f,f,f,f,f,f,f,f,f,f,f,t,f,,,,,,,,,,,https://www.usaspending.gov/award/CONT_AWD_FA462523C0023_9700_-NONE-_-NONE-/,2024-01-30 17:38:20+00
CONT_AWD_FA462623C0007_9700_-NONE-_-NONE-,FA462623C0007,,,,Q: Not Designated Nonemergency/Emergency/Disaster/Wildfire Suppression,,,,,79922.00,0.00,79922.00,79922.00,2023-07-10,2023,2023-07-10,2023,2023-06-30,2023-08-28,2023-08-28 00:00:00,,2023-06-23,097,Department of Defense,5700,Department of the Air Force,FA4626,FA4626  341 CONS  LGC,097,Department of Defense,5700,Department of the Air Force,F2W3D2,341 CES CEOX SERVICES,057-2023/2023-3400-000,057-3400,25.4: Operation and maintenance of facilities,0004: ADMINISTRATION AND SERVICE-WIDE ACTIVITIES,X,NOT APPLICABLE,,,H1AQE7891Q94,,"MID MOUNTAIN BOILER AND STEAM, INC.",MID MOUNTAIN BOILER & STEAM INC,,5MGM1,H1AQE7891Q94,,"MID MOUNTAIN BOILER AND STEAM, INC.",MID MOUNTAIN BOILER STEAM,USA,UNITED STATES,6674 SUNSHINE SHRS,,NINE MILE FALLS,53065,STEVENS,53,WA,WASHINGTON,990269537,WA-05,WA-05,5093298671,,USA,UNITED STATES,GREAT FALLS,30013,CASCADE,30,MT,MONTANA,594056338,MT-02,MT-02,AWARD,D,DEFINITIVE CONTRACT,,,,,,,J,FIRM FIXED PRICE,"HEAT PLANT #1 GENERATOR REPAIR AT MALMSTROM AIR FORCE BASE, MONTANA.",,1,OT,OTHER FUNCTIONS,J045,"MAINT/REPAIR/REBUILD OF EQUIPMENT- PLUMBING, HEATING, AND WASTE DISPOSAL EQUIPMENT",H,NOT BUNDLED,,,238220,"PLUMBING, HEATING, AND AIR-CONDITIONING CONTRACTORS",C,NO CLAUSES INCLUDED AND NO SUSTAINABILITY INCLUDED,A,U.S. OWNED BUSINESS,000,NONE,Z,NOT IT PRODUCTS OR SERVICES,E,NOT REQUIRED,USA,UNITED STATES,C,NOT A MANUFACTURED END PRODUCT,B,PLAN NOT REQUIRED,C,NOT COMPETED,SSS,ONLY ONE SOURCE,NONE,NO SET ASIDE USED.,NONE,NO PREFERENCE USED,,,,,ONE,ONLY ONE SOURCE-OTHER (FAR 6.302-1 OTHER),1,D,COMMERCIAL PRODUCTS/SERVICES PROCEDURES NOT USED,f,N,NO,,,X,NOT APPLICABLE,N,NO,0.00,N,NO,Y,YES,N,NO,Y,YES,X,NOT APPLICABLE,,,,,,,,NONE,NONE,N,NO,X,NOT APPLICABLE EXEMPT FROM CAS,N,TRANSACTION DOES NOT USE GFE/GFP,,,D,NOT CONSOLIDATED,N,NO - SERVICE WHERE PBA IS NOT USED.,N,NO,Z,NOT APPLICABLE,N,NO,X,NOT APPLICABLE,f,f,f,f,f,f,f,f,f,f,f,f,f,f,f,f,f,f,f,SMALL BUSINESS,S,f,f,f,f,f,f,f,f,f,f,f,f,f,f,f,f,f,CORPORATE NOT TAX EXEMPT,t,f,f,f,f,f,f,f,f,f,f,f,f,f,f,f,f,t,f,f,f,f,f,f,f,f,f,f,t,f,f,f,f,f,f,f,f,f,f,f,f,f,f,f,f,t,f,f,f,f,,,,,,,,,,,https://www.usaspending.gov/award/CONT_AWD_FA462623C0007_9700_-NONE-_-NONE-/,2024-01-08 19:23:47+00
CONT_AWD_FA465423C0011_9700_-NONE-_-NONE-,FA465423C0011,,,,Q: Not Designated Nonemergency/Emergency/Disaster/Wildfire Suppression,,,,,19936.80,0.00,19936.80,19936.80,2023-07-12,2023,2023-07-12,2023,2023-07-11,2023-10-11,2023-10-11 00:00:00,,,097,Department of Defense,5700,Department of the Air Force,FA4654,FA4654 434 CONF LGC,097,Department of Defense,5700,Department of the Air Force,F5D001,F5D001 434 ARW FM,057-2023/2023-3740-000,057-3740,31.0: Equipment,0004: ADMINISTRATION AND SERVICE-WIDE ACTIVITIES,X,NOT APPLICABLE,,,HFK9V1G2B513,,"MOTOROLA SOLUTIONS, INC.","MOTOROLA SOLUTIONS, INC.",,78205,G2LUXP8ND8U6,,"MOTOROLA SOLUTIONS, INC.",MOTOROLA  INC,USA,UNITED STATES,809 PINNACLE DR STE G,,LINTHICUM HEIGHTS,24003,ANNE ARUNDEL,24,MD,MARYLAND,210902536,MD-03,MD-03,4107126404,4107126501,USA,UNITED STATES,GRISSOM ARB,18103,MIAMI,18,IN,INDIANA,469711622,IN-02,IN-02,AWARD,D,DEFINITIVE CONTRACT,,,,,,,J,FIRM FIXED PRICE,PAGERS,,1,,,5810,COMMUNICATIONS SECURITY EQUIPMENT AND COMPONENTS,H,NOT BUNDLED,,,517112,WIRELESS TELECOMMUNICATIONS CARRIERS (EXCEPT SATELLITE),C,NO CLAUSES INCLUDED AND NO SUSTAINABILITY INCLUDED,A,U.S. OWNED BUSINESS,000,NONE,Z,NOT IT PRODUCTS OR SERVICES,E,NOT REQUIRED,USA,UNITED STATES,D,MFG IN U.S.,B,PLAN NOT REQUIRED,C,NOT COMPETED,SSS,ONLY ONE SOURCE,NONE,NO SET ASIDE USED.,NONE,NO PREFERENCE USED,,,,,ONE,ONLY ONE SOURCE-OTHER (FAR 6.302-1 OTHER),1,A,COMMERCIAL PRODUCTS/SERVICES,f,N,NO,,,X,NOT APPLICABLE,N,NO,0.00,N,NO,X,NOT APPLICABLE,X,NOT APPLICABLE,X,NOT APPLICABLE,X,NOT APPLICABLE,,,,,,,,NONE,NONE,N,NO,X,NOT APPLICABLE EXEMPT FROM CAS,N,TRANSACTION DOES NOT USE GFE/GFP,,,D,NOT CONSOLIDATED,X,NOT APPLICABLE,N,NO,Z,NOT APPLICABLE,N,NO,X,NOT APPLICABLE,f,f,f,f,f,f,f,f,f,f,f,f,f,f,f,f,f,f,f,OTHER THAN SMALL BUSINESS,O,f,f,f,f,f,f,f,f,f,f,f,f,f,f,f,f,f,CORPORATE NOT TAX EXEMPT,t,f,f,f,f,f,f,f,f,f,f,f,t,f,f,f,f,t,f,f,f,f,f,f,f,f,f,f,t,f,f,f,f,f,f,f,f,f,f,f,f,f,f,f,f,f,f,f,f,f,,,,,,,,,,,https://www.usaspending.gov/award/CONT_AWD_FA465423C0011_9700_-NONE-_-NONE-/,2024-05-02 20:16:00+00
CONT_AWD_FA481419CA015_9700_-NONE-_-NONE-,FA481419CA015,,,,Q: Not Designated Nonemergency/Emergency/Disaster/Wildfire Suppression,,,,,3978781.16,740424.66,3978781.16,3978781.16,2019-07-03,2019,2023-07-11,2023,2019-07-03,2024-07-14,2024-07-14 00:00:00,,2019-04-30,097,Department of Defense,5700,Department of the Air Force,FA4814,FA4814 6 CONS PK,097,Department of Defense,5700,Department of the Air Force,F2VUEN,F2VUEN HQ USSOCOM SOCS EN,097-2019/2019-0100-000;097-2020/2020-0100-000;097-2021/2021-0100-000;097-2022/2022-0100-000;097-2023/2023-0100-000,097-0100,25.4: Operation and maintenance of facilities,0003: TRAINING AND RECRUITING;0004: ADMINISTRATION AND SERVICE-WIDE ACTIVITIES;0004: ADMINISTRATION AND SERVICEWIDE ACTIVITIES,X,NOT APPLICABLE,,,RDDEZRA7CSB3,,"B.E. SCAIFE PLUMBING COMPANY, INC","B.E. SCAIFE PLUMBING COMPANY, INC",,6PFR8,RJ6PJ7G61N26,,B.E. SCAIFE PLUMBING COMPANY  INC,B.E. SCAIFE PLUMBING COMPANY  INC,USA,UNITED STATES,9453 LACKLAND RD,,SAINT LOUIS,29189,ST. LOUIS,29,MO,MISSOURI,631143633,MO-01,MO-01,3144295200,3144295201,USA,UNITED STATES,TAMPA,12057,HILLSBOROUGH,12,FL,FLORIDA,336215119,FL-14,FL-14,AWARD,D,DEFINITIVE CONTRACT,,,,,,,J,FIRM FIXED PRICE,FURNISHINGS MANAGEMENT,FA481419TF079,1,OT,OTHER FUNCTIONS,V301,TRANSPORTATION/TRAVEL/RELOCATION- RELOCATION: RELOCATION,H,NOT BUNDLED,S1,SERVICES,484210,USED HOUSEHOLD AND OFFICE GOODS MOVING,C,NO CLAUSES INCLUDED AND NO SUSTAINABILITY INCLUDED,A,U.S. OWNED BUSINESS,000,NONE,Z,NOT IT PRODUCTS OR SERVICES,E,NOT REQUIRED,USA,UNITED STATES,C,NOT A MANUFACTURED END PRODUCT,B,PLAN NOT REQUIRED,F,COMPETED UNDER SAP,SP1,SIMPLIFIED ACQUISITION,8A,8A COMPETED,NONE,NO PREFERENCE USED,,,,,,,6,A,COMMERCIAL PRODUCTS/SERVICES,f,N,NO,N,NO,Y,YES,N,NO,0.00,N,NO,N,NO,Y,YES,N,NO,X,NOT APPLICABLE,,,,,,,,NONE,NONE,N,NO,X,NOT APPLICABLE EXEMPT FROM CAS,N,TRANSACTION DOES NOT USE GFE/GFP,N,NO,D,NOT CONSOLIDATED,Y,YES - SERVICE WHERE PBA IS USED.,N,NO,Z,NOT APPLICABLE,N,NO,X,NOT APPLICABLE,f,f,f,f,f,t,f,f,f,f,f,f,t,f,f,t,f,f,f,SMALL BUSINESS,S,f,f,f,f,f,f,f,f,f,f,f,f,f,f,f,f,f,CORPORATE NOT TAX EXEMPT,t,f,f,f,f,f,f,f,f,f,f,f,f,f,f,f,f,t,f,f,f,f,f,f,f,t,f,f,t,f,f,f,f,f,f,f,f,f,f,f,f,f,f,f,t,t,f,t,f,f,,,,,,,,,,,https://www.usaspending.gov/award/CONT_AWD_FA481419CA015_9700_-NONE-_-NONE-/,2023-07-11 12:57:25+00
CONT_AWD_FA486123C0012_9700_-NONE-_-NONE-,FA486123C0012,,,,Q: Not Designated Nonemergency/Emergency/Disaster/Wildfire Suppression,,,,,89586.43,89586.43,89586.43,89586.43,2023-04-03,2023,2023-07-13,2023,2023-04-03,2023-07-08,2023-07-08 00:00:00,,,097,Department of Defense,5700,Department of the Air Force,FA4861,FA4861  99 CONS LGC,097,Department of Defense,5700,Department of the Air Force,F3G3JB,F3G3JB 432 SPTS CREECH AFB,057-2023/2023-3400-000,057-3400,"23.3: Communications, utilities, and miscellaneous charges",0004: ADMINISTRATION AND SERVICE-WIDE ACTIVITIES,X,NOT APPLICABLE,,,YC1LFC59CJ76,,C4 ENGINEERING & INTEGRATION LLC,C4 ENGINEERING & INTEGRATION LLC,,4N7Z5,YC1LFC59CJ76,,C4 ENGINEERING & INTEGRATION LLC,C4 ENGINEERING & INTEGRATION LLC,USA,UNITED STATES,357 W 6160 S,STE 4,SALT LAKE CITY,49035,SALT LAKE,49,UT,UTAH,841073314,UT-04,UT-04,8017068084,8013592812,USA,UNITED STATES,INDIAN SPRINGS,32003,CLARK,32,NV,NEVADA,890180002,NV-04,NV-04,AWARD,D,DEFINITIVE CONTRACT,,,,,,,J,FIRM FIXED PRICE,"THE CONTRACTOR SHALL FURNISH ONE NEW 24 STRAND SINGLE MODE (SM) OS2 LOOSE DIELECTRIC FIBER OPTIC CABLE (FOC) RUN AND TWO FIBER PATCH PANELS FROM INFORMATION TRANSFER BUILDINGS (ITB), B1052 TO FIRE STATION B1150.",,1,OT,OTHER FUNCTIONS,N059,INSTALLATION OF EQUIPMENT- ELECTRICAL AND ELECTRONIC EQUIPMENT COMPONENTS,H,NOT BUNDLED,,,238210,ELECTRICAL CONTRACTORS AND OTHER WIRING INSTALLATION CONTRACTORS,C,NO CLAUSES INCLUDED AND NO SUSTAINABILITY INCLUDED,A,U.S. OWNED BUSINESS,000,NONE,Z,NOT IT PRODUCTS OR SERVICES,E,NOT REQUIRED,USA,UNITED STATES,C,NOT A MANUFACTURED END PRODUCT,B,PLAN NOT REQUIRED,F,COMPETED UNDER SAP,SP1,SIMPLIFIED ACQUISITION,SBA,SMALL BUSINESS SET ASIDE - TOTAL,NONE,NO PREFERENCE USED,,,,,,,9,A,COMMERCIAL PRODUCTS/SERVICES,f,N,NO,,,X,NOT APPLICABLE,N,NO,0.00,N,NO,N,NO,N,NO,N,NO,X,NOT APPLICABLE,,,,,,,,NONE,NONE,N,NO,X,NOT APPLICABLE EXEMPT FROM CAS,N,TRANSACTION DOES NOT USE GFE/GFP,,,D,NOT CONSOLIDATED,Y,YES - SERVICE WHERE PBA IS USED.,N,NO,E,COMMERCIAL FINANCING,N,NO,X,NOT APPLICABLE,f,f,f,f,t,f,f,f,f,f,f,f,t,f,f,f,f,t,f,SMALL BUSINESS,S,f,f,f,f,f,f,f,f,f,f,f,f,f,f,f,f,f,PARTNERSHIP,f,f,t,f,f,f,f,f,f,f,f,f,f,f,f,f,f,t,f,f,f,f,f,f,f,f,t,f,t,f,f,f,f,f,f,f,f,f,f,f,f,f,f,f,f,t,f,f,f,f,,,,,,,,,,,https://www.usaspending.gov/award/CONT_AWD_FA486123C0012_9700_-NONE-_-NONE-/,2023-07-13 17:57:26+00
CONT_AWD_FA489018C0002_9700_-NONE-_-NONE-,FA489018C0002,,,,Q: Not Designated Nonemergency/Emergency/Disaster/Wildfire Suppression,,,,,24041489.90,0.00,50063475.01,51923951.01,2017-11-14,2018,2023-07-11,2023,2017-12-01,2023-07-31,2023-09-30 00:00:00,,,097,Department of Defense,5700,Department of the Air Force,FA4890,FA4890  HQ ACC AMIC,097,Department of Defense,5700,Department of the Air Force,F2QF15,F2QF15 ACC A589,057-2018/2018-3400-000;057-2019/2019-3400-000;057-2021/2021-3400-000,057-3400,25.2: Other services from non-Federal sources;25.7: Operation and maintenance of equipment,0000: UNKNOWN/OTHER,X,NOT APPLICABLE,,,WND2DZ7JS6D3,,"ROCKHILL GROUP, INC., THE","ROCKHILL GROUP, INC., THE",,33MG2,WND2DZ7JS6D3,,"ROCKHILL GROUP, INC., THE",ROCKHILL GROUP  INC.  THE,USA,UNITED STATES,1 ROCKHILL DR,,MOLINO,12033,ESCAMBIA,12,FL,FLORIDA,325774178,FL-01,FL-01,8507540400,8507540401,USA,UNITED STATES,BEALE AFB,06115,YUBA,06,CA,CALIFORNIA,959030300,CA-01,CA-01,AWARD,D,DEFINITIVE CONTRACT,,,,,,,J,FIRM FIXED PRICE,"IGF::OT::IGF CONTRACT AIRCREW TRAINING AND COURSEWARE DEVELOPMENT FOR RQ-4, U-2&T-38.",FA489017R0013,1,OT,OTHER FUNCTIONS,U009,EDUCATION/TRAINING- GENERAL,H,NOT BUNDLED,S1,SERVICES,611512,FLIGHT TRAINING,C,NO CLAUSES INCLUDED AND NO SUSTAINABILITY INCLUDED,A,U.S. OWNED BUSINESS,000,NONE,Z,NOT IT PRODUCTS OR SERVICES,E,NOT REQUIRED,USA,UNITED STATES,C,NOT A MANUFACTURED END PRODUCT,B,PLAN NOT REQUIRED,D,FULL AND OPEN COMPETITION AFTER EXCLUSION OF SOURCES,NP,NEGOTIATED PROPOSAL/QUOTE,SDVOSBC,SERVICE DISABLED VETERAN OWNED SMALL BUSINESS SET-ASIDE,NONE,NO PREFERENCE USED,,,,,,,11,A,COMMERCIAL PRODUCTS/SERVICES,f,N,NO,N,NO,Y,YES,N,NO,0.00,N,NO,N,NO,Y,YES,N,NO,X,NOT APPLICABLE,,,,,,,,NONE,NONE,N,NO,X,NOT APPLICABLE EXEMPT FROM CAS,N,TRANSACTION DOES NOT USE GFE/GFP,U,UNKNOWN,D,NOT CONSOLIDATED,Y,YES - SERVICE WHERE PBA IS USED.,N,NO,Z,NOT APPLICABLE,N,NO,X,NOT APPLICABLE,f,f,f,f,f,t,t,f,f,f,f,f,t,f,f,f,t,f,f,SMALL BUSINESS,S,f,f,f,f,f,f,f,f,f,f,f,f,f,f,f,f,f,CORPORATE NOT TAX EXEMPT,t,f,f,f,f,f,f,f,f,f,f,f,f,f,f,f,f,t,f,f,f,f,f,f,f,t,f,f,t,f,f,f,f,f,f,f,f,f,f,f,f,f,f,f,f,t,f,f,f,f,JAMES  ROCKHILL,370000.00,JESSICA  ROCKHILL,195000.00,PETER  ROCKHILL,180170.00,THOMAS  BRADY,171532.00,MIKE  BYRNE,0.00,https://www.usaspending.gov/award/CONT_AWD_FA489018C0002_9700_-NONE-_-NONE-/,2023-11-16 17:26:50+00
CONT_AWD_FA489018C0006_9700_-NONE-_-NONE-,FA489018C0006,,,,,,,,,15157467.67,,20614123.99,20614123.99,2017-11-21,2018,2023-07-06,2023,2017-11-23,2018-11-30,2018-11-30 00:00:00,,,097,Department of Defense,5700,Department of the Air Force,FA4890,FA4890  HQ ACC AMIC,097,Department of Defense,5700,Department of the Air Force,F3UT64,USAFCENT A6P  A6X,,,,,X,NOT APPLICABLE,,,RJUFNTKG8D91,,CENTURUM INFORMATION TECHNOLOGY INC,"CENTURUM INFORMATION TECHNOLOGY, INC.",,3P825,NR8FEWNLZQF6,,CENTURUM INC.,CENTURUM INC.,USA,UNITED STATES,651 ROUTE 73 N STE 107,,MARLTON,34005,BURLINGTON,34,NJ,NEW JERSEY,080533445,NJ-03,NJ-03,8567511111,8567510286,USA,UNITED STATES,SHAW AFB,45085,SUMTER,45,SC,SOUTH CAROLINA,291527920,SC-05,SC-05,AWARD,D,DEFINITIVE CONTRACT,,,,,,,S,COST NO FEE,IGF::OT::IGF PROVIDE A COMMUNICATIONS EI WORK FORCE TO AUGMENT EXISTING UNITED STATES AIR FORCE (USAF) AIR NATIONAL GUARD  PERSONNEL ENSURING CRITICAL COMMUNICATION INFORMATION SYSTEMS ARE AVAILABLE TO FORWARD DEPLOYED FORCES SUPPORTING USAFCENT IN USCENTCOM AOR.,FA489017R0058,1,OT,OTHER FUNCTIONS,R425,SUPPORT- PROFESSIONAL: ENGINEERING/TECHNICAL,H,NOT BUNDLED,S1,SERVICES,541330,ENGINEERING SERVICES,C,NO CLAUSES INCLUDED AND NO SUSTAINABILITY INCLUDED,A,U.S. OWNED BUSINESS,000,NONE,Z,NOT IT PRODUCTS OR SERVICES,E,NOT REQUIRED,USA,UNITED STATES,C,NOT A MANUFACTURED END PRODUCT,B,PLAN NOT REQUIRED,C,NOT COMPETED,SSS,ONLY ONE SOURCE,NONE,NO SET ASIDE USED.,NONE,NO PREFERENCE USED,,,,,ONE,ONLY ONE SOURCE-OTHER (FAR 6.302-1 OTHER),1,D,COMMERCIAL PRODUCTS/SERVICES PROCEDURES NOT USED,f,N,NO,N,NO,Y,YES,N,NO,0.00,N,NO,N,NO,N,NO,N,NO,X,NOT APPLICABLE,,,,,,,,NONE,NONE,N,NO,Y,YES - CAS CLAUSE INCLUDED,N,TRANSACTION DOES NOT USE GFE/GFP,U,UNKNOWN,D,NOT CONSOLIDATED,Y,YES - SERVICE WHERE PBA IS USED.,N,NO,Z,NOT APPLICABLE,N,NO,X,NOT APPLICABLE,f,f,f,f,f,f,f,f,f,f,f,f,f,f,f,f,f,f,f,OTHER THAN SMALL BUSINESS,O,f,f,f,f,f,f,f,f,f,f,f,f,f,f,f,f,f,CORPORATE NOT TAX EXEMPT,t,f,f,f,f,f,f,f,f,f,f,f,f,f,f,f,f,t,f,f,f,f,f,f,f,t,f,f,t,f,f,f,f,f,f,f,f,f,f,f,f,f,f,f,f,f,f,f,f,f,,,,,,,,,,,https://www.usaspending.gov/award/CONT_AWD_FA489018C0006_9700_-NONE-_-NONE-/,2023-07-06 12:18:53+00
CONT_AWD_FA491122C0032_9700_-NONE-_-NONE-,FA491122C0032,,,,,,,,,984975.00,,984975.00,984975.00,2022-08-19,2022,2023-07-05,2023,2022-09-27,2023-12-09,2023-12-09 00:00:00,,2022-08-19,097,Department of Defense,5700,Department of the Air Force,FA4911,FA4911  378 ECONS,097,Department of Defense,5700,Department of the Air Force,F3UUPS,F3UUPS 376 AEG FM,,,,,X,NOT APPLICABLE,,,REGXLY7K8283,,TAWREEK DIMENSIONS ESTABLISHMENT (TDE),TAWREEK DIMENSIONS ESTABLISHMENT (TDE),,SVZ29,REGXLY7K8283,,TAWREEK DIMENSIONS ESTABLISHMENT (TDE),TAWREEK DIMENSIONS ESTABLISHM ENT (TDE),SAU,SAUDI ARABIA,ASH-SHAIKH SALMAN IBN HAMAD-AL-KHALIFAH AL-MALAZ,UNIT 101,RIYADH,,,,,,11564,,,,,SAU,SAUDI ARABIA,,,,,,,09877,,,AWARD,D,DEFINITIVE CONTRACT,,,,,,,J,FIRM FIXED PRICE,G&H BLOCK LATRINES AND SHOWERS,,1,,,5410,PREFABRICATED AND PORTABLE BUILDINGS,H,NOT BUNDLED,C9E,ALL OTHERS NOT IDENTIFIABLE TO ANY OTHER PROCUREMENT PROGRAM,332439,OTHER METAL CONTAINER MANUFACTURING,C,NO CLAUSES INCLUDED AND NO SUSTAINABILITY INCLUDED,D,FOREIGN-OWNED BUSINESS NOT INCORPORATED IN THE U.S.,000,NONE,Z,NOT IT PRODUCTS OR SERVICES,E,NOT REQUIRED,SAU,SAUDI ARABIA,E,MFG OUTSIDE U.S. - USE OUTSIDE THE UNITED STATES,B,PLAN NOT REQUIRED,F,COMPETED UNDER SAP,SP1,SIMPLIFIED ACQUISITION,NONE,NO SET ASIDE USED.,NONE,NO PREFERENCE USED,,,,,,,2,D,COMMERCIAL PRODUCTS/SERVICES PROCEDURES NOT USED,f,N,NO,N,NO,X,NOT APPLICABLE,N,NO,0.00,N,NO,X,NOT APPLICABLE,X,NOT APPLICABLE,X,NOT APPLICABLE,X,NOT APPLICABLE,,,,,,,,NONE,NONE,N,NO,X,NOT APPLICABLE EXEMPT FROM CAS,N,TRANSACTION DOES NOT USE GFE/GFP,N,NO,D,NOT CONSOLIDATED,X,NOT APPLICABLE,N,NO,Z,NOT APPLICABLE,N,NO,X,NOT APPLICABLE,f,f,f,f,f,f,f,f,f,f,f,f,f,f,f,f,f,f,f,OTHER THAN SMALL BUSINESS,O,f,f,f,f,f,f,f,f,f,f,f,f,f,f,f,f,f,SOLE PROPRIETORSHIP,f,f,f,t,f,f,f,f,f,f,f,f,f,f,f,f,f,t,f,f,f,f,f,f,f,f,t,f,t,f,f,f,f,f,f,f,f,f,f,f,f,f,f,f,f,f,f,f,f,f,,,,,,,,,,,https://www.usaspending.gov/award/CONT_AWD_FA491122C0032_9700_-NONE-_-NONE-/,2024-09-06 15:05:22+00
CONT_AWD_FA491123C0006_9700_-NONE-_-NONE-,FA491123C0006,,,,Q: Not Designated Nonemergency/Emergency/Disaster/Wildfire Suppression,,,,,227746.00,218820.69,227746.00,227746.00,2023-03-26,2023,2023-07-05,2023,2023-03-15,2023-06-23,2023-06-23 00:00:00,,2023-02-17,097,Department of Defense,5700,Department of the Air Force,FA4911,FA4911  378 ECONS,097,Department of Defense,5700,Department of the Air Force,FH4863,FH4863  378 AEW ECES CEI,057-2023/2023-3400-000,057-3400,25.4: Operation and maintenance of facilities,0004: ADMINISTRATION AND SERVICE-WIDE ACTIVITIES,X,NOT APPLICABLE,,,JE4FUFSEN5F8,,GOLDEN LINES CONTRACTING COMPANY,GOLDEN LINES CONTRACTING ESTABLISHMENT,,SNP29,JE4FUFSEN5F8,,GOLDEN LINES CONTRACTING COMPANY,GOLDEN LINE CONTRACTING EST.,SAU,SAUDI ARABIA,3 -ABI JAAFER ALMANSOUR STREET,,RIYADH,,,,,,11481,,,,,SAU,SAUDI ARABIA,,,,,,,09877,,,AWARD,D,DEFINITIVE CONTRACT,,,,,,,J,FIRM FIXED PRICE,COMMUNICATION DUCTS,,1,OT,OTHER FUNCTIONS,Y1BG,CONSTRUCTION OF ELECTRONIC AND COMMUNICATIONS FACILITIES,H,NOT BUNDLED,,,238910,SITE PREPARATION CONTRACTORS,C,NO CLAUSES INCLUDED AND NO SUSTAINABILITY INCLUDED,D,FOREIGN-OWNED BUSINESS NOT INCORPORATED IN THE U.S.,000,NONE,Z,NOT IT PRODUCTS OR SERVICES,E,NOT REQUIRED,SAU,SAUDI ARABIA,C,NOT A MANUFACTURED END PRODUCT,B,PLAN NOT REQUIRED,F,COMPETED UNDER SAP,SP1,SIMPLIFIED ACQUISITION,NONE,NO SET ASIDE USED.,NONE,NO PREFERENCE USED,,,,,,,5,D,COMMERCIAL PRODUCTS/SERVICES PROCEDURES NOT USED,f,N,NO,,,X,NOT APPLICABLE,N,NO,0.00,N,NO,X,NOT APPLICABLE,X,NOT APPLICABLE,X,NOT APPLICABLE,X,NOT APPLICABLE,,,,,,,,NONE,NONE,N,NO,X,NOT APPLICABLE EXEMPT FROM CAS,N,TRANSACTION DOES NOT USE GFE/GFP,,,D,NOT CONSOLIDATED,N,NO - SERVICE WHERE PBA IS NOT USED.,N,NO,E,COMMERCIAL FINANCING,N,NO,X,NOT APPLICABLE,f,f,f,f,f,f,f,f,f,f,f,f,f,f,f,f,f,f,f,OTHER THAN SMALL BUSINESS,O,f,f,f,f,f,f,f,f,f,f,f,f,f,f,f,f,f,CORPORATE NOT TAX EXEMPT,t,f,f,f,f,f,f,f,f,f,f,f,f,f,f,f,f,t,f,f,f,f,f,f,f,f,t,f,t,f,f,f,f,f,f,f,f,f,f,f,f,f,f,f,f,f,f,f,f,f,,,,,,,,,,,https://www.usaspending.gov/award/CONT_AWD_FA491123C0006_9700_-NONE-_-NONE-/,2023-07-05 03:15:31+00
CONT_AWD_FA491123C0015_9700_-NONE-_-NONE-,FA491123C0015,,,,Q: Not Designated Nonemergency/Emergency/Disaster/Wildfire Suppression,,,,,761696.75,0.00,761696.75,761696.75,2023-07-01,2023,2023-07-01,2023,2023-07-04,2023-09-29,2023-09-29 00:00:00,,2023-03-29,097,Department of Defense,5700,Department of the Air Force,FA4911,FA4911  378 ECONS,097,Department of Defense,5700,Department of the Air Force,F3UUPS,F3UUPS 376 AEG FM,057-2023/2023-3400-000,057-3400,32.0: Land and structures,0004: ADMINISTRATION AND SERVICE-WIDE ACTIVITIES,X,NOT APPLICABLE,,,JCJLXTHYQQL3,,SAUDI NAVAL SUPPORT CO.,SAUDI NAVAL SUPPORT CO.,,SG052,JCJLXTHYQQL3,,SAUDI NAVAL SUPPORT CO.,SAUDI NAVAL SUPPORT CO LTD,SAU,SAUDI ARABIA,MOHAMMAD BIN DAKHEEL STREET,"AL AQIQ DISTRICT, BUILDING 13",RIYADH,,,,,,11543,,,,,SAU,SAUDI ARABIA,,,,,,,,,,AWARD,D,DEFINITIVE CONTRACT,,,,,,,J,FIRM FIXED PRICE,CONSTRUCTION FOR THE REPAIR AND REPLACEMENT OF THE S2 TAXIWAY CULVERT,FA491123Q0013,1,OT,OTHER FUNCTIONS,Y1PZ,CONSTRUCTION OF OTHER NON-BUILDING FACILITIES,H,NOT BUNDLED,,,238190,"OTHER FOUNDATION, STRUCTURE, AND BUILDING EXTERIOR CONTRACTORS",C,NO CLAUSES INCLUDED AND NO SUSTAINABILITY INCLUDED,D,FOREIGN-OWNED BUSINESS NOT INCORPORATED IN THE U.S.,000,NONE,Z,NOT IT PRODUCTS OR SERVICES,E,NOT REQUIRED,SAU,SAUDI ARABIA,C,NOT A MANUFACTURED END PRODUCT,B,PLAN NOT REQUIRED,A,FULL AND OPEN COMPETITION,NP,NEGOTIATED PROPOSAL/QUOTE,NONE,NO SET ASIDE USED.,NONE,NO PREFERENCE USED,,,,,,,8,D,COMMERCIAL PRODUCTS/SERVICES PROCEDURES NOT USED,f,N,NO,,,X,NOT APPLICABLE,N,NO,0.00,N,NO,X,NOT APPLICABLE,X,NOT APPLICABLE,X,NOT APPLICABLE,X,NOT APPLICABLE,,,,,,,,NONE,NONE,N,NO,X,NOT APPLICABLE EXEMPT FROM CAS,N,TRANSACTION DOES NOT USE GFE/GFP,,,D,NOT CONSOLIDATED,N,NO - SERVICE WHERE PBA IS NOT USED.,N,NO,Z,NOT APPLICABLE,N,NO,X,NOT APPLICABLE,f,f,f,f,f,f,f,f,f,f,f,f,f,f,f,f,f,f,f,OTHER THAN SMALL BUSINESS,O,f,f,f,f,f,f,f,f,f,f,f,f,f,f,f,f,f,OTHER,f,f,f,f,f,f,f,t,f,f,f,f,f,f,f,f,f,t,f,f,f,f,f,f,f,f,f,f,f,f,t,f,f,f,f,f,f,f,f,f,f,f,f,f,f,f,f,f,f,f,,,,,,,,,,,https://www.usaspending.gov/award/CONT_AWD_FA491123C0015_9700_-NONE-_-NONE-/,2023-07-01 07:28:48+00
CONT_AWD_FA527023C0013_9700_-NONE-_-NONE-,FA527023C0013,,,,,,,,,1389338.47,,1389338.47,1389338.47,2023-03-28,2023,2023-07-13,2023,2023-03-20,2023-10-31,2023-10-31 00:00:00,,,097,Department of Defense,5700,Department of the Air Force,FA5270,FA5270  18 CONS PK,097,Department of Defense,5700,Department of the Air Force,FA5270,FA5270  18 CONS PK,,,,,X,NOT APPLICABLE,,,XPBWUMLKT1E1,,K.K. K P G H O T E L AND R E S O R T,K.K. K P G H O T E L AND R E S O R T,,JSSP3,XPBWUMLKT1E1,,K.K. K P G H O T E L AND R E S O R T,K.K. K P G H O T E L AND R E S O R T,JPN,JAPAN,I OU SHIMA MACHI 1 - KOU 3 2 7 7 - 7,,NAGASAKI,,,,,,,,,,,JPN,JAPAN,,,,,,,,,,AWARD,D,DEFINITIVE CONTRACT,,,,,,,J,FIRM FIXED PRICE,HOTELS FOR LONG TERM STAY,,1,OT,OTHER FUNCTIONS,V231,"TRANSPORTATION/TRAVEL/RELOCATION- TRAVEL/LODGING/RECRUITMENT: LODGING, HOTEL/MOTEL",H,NOT BUNDLED,,,721110,HOTELS (EXCEPT CASINO HOTELS) AND MOTELS,C,NO CLAUSES INCLUDED AND NO SUSTAINABILITY INCLUDED,D,FOREIGN-OWNED BUSINESS NOT INCORPORATED IN THE U.S.,000,NONE,Z,NOT IT PRODUCTS OR SERVICES,E,NOT REQUIRED,JPN,JAPAN,C,NOT A MANUFACTURED END PRODUCT,B,PLAN NOT REQUIRED,G,NOT COMPETED UNDER SAP,SP1,SIMPLIFIED ACQUISITION,NONE,NO SET ASIDE USED.,NONE,NO PREFERENCE USED,,,,,SP2,SAP NON-COMPETITION (FAR 13),1,A,COMMERCIAL PRODUCTS/SERVICES,f,Y,YES,,,X,NOT APPLICABLE,N,NO,0.00,N,NO,X,NOT APPLICABLE,X,NOT APPLICABLE,X,NOT APPLICABLE,X,NOT APPLICABLE,,,,,,,,NONE,NONE,N,NO,X,NOT APPLICABLE EXEMPT FROM CAS,N,TRANSACTION DOES NOT USE GFE/GFP,,,D,NOT CONSOLIDATED,N,NO - SERVICE WHERE PBA IS NOT USED.,N,NO,Z,NOT APPLICABLE,N,NO,X,NOT APPLICABLE,f,f,f,f,f,f,f,f,f,f,f,f,f,f,f,f,f,f,f,OTHER THAN SMALL BUSINESS,O,f,f,f,f,f,f,f,f,f,f,f,f,f,f,f,f,f,OTHER,f,f,f,f,f,f,f,f,f,f,f,f,f,f,f,f,f,t,f,f,f,f,f,f,f,f,f,f,t,f,f,f,f,f,f,f,f,f,f,f,f,f,f,f,f,f,f,f,f,f,,,,,,,,,,,https://www.usaspending.gov/award/CONT_AWD_FA527023C0013_9700_-NONE-_-NONE-/,2023-07-12 21:11:56+00
CONT_AWD_FA527023C0024_9700_-NONE-_-NONE-,FA527023C0024,,,,,,,,,714315.39,,714315.39,714315.39,2023-07-06,2023,2023-07-06,2023,2023-06-27,2023-07-22,2023-07-22 00:00:00,,,097,Department of Defense,5700,Department of the Air Force,FA5270,FA5270  18 CONS PK,097,Department of Defense,5700,Department of the Air Force,FA5270,FA5270  18 CONS PK,,,,,X,NOT APPLICABLE,,,LN9PU5M2YZN5,,MISCELLANEOUS FOREIGN AWARDEES,MISCELLANEOUS FOREIGN AWARDEES,,35KC0,LN9PU5M2YZN5,,MISCELLANEOUS FOREIGN AWARDEES,MISCELLANEOUS FOREIGN CONTRACTORS,USA,UNITED STATES,1800 F ST NW,,WASHINGTON,11001,DISTRICT OF COLUMBIA,11,DC,DISTRICT OF COLUMBIA,204050001,DC-98,DC-98,2026942989,,JPN,JAPAN,,,,,,,,,,AWARD,D,DEFINITIVE CONTRACT,,,,,,,J,FIRM FIXED PRICE,EX LODGING,,1,,,7210,HOUSEHOLD FURNISHINGS,H,NOT BUNDLED,,,721110,HOTELS (EXCEPT CASINO HOTELS) AND MOTELS,C,NO CLAUSES INCLUDED AND NO SUSTAINABILITY INCLUDED,D,FOREIGN-OWNED BUSINESS NOT INCORPORATED IN THE U.S.,000,NONE,Z,NOT IT PRODUCTS OR SERVICES,E,NOT REQUIRED,JPN,JAPAN,L,MFG OUTSIDE U.S. - QUALIFYING COUNTRY (DOD ONLY),B,PLAN NOT REQUIRED,G,NOT COMPETED UNDER SAP,SP1,SIMPLIFIED ACQUISITION,NONE,NO SET ASIDE USED.,NONE,NO PREFERENCE USED,,,,,SP2,SAP NON-COMPETITION (FAR 13),1,A,COMMERCIAL PRODUCTS/SERVICES,f,Y,YES,,,X,NOT APPLICABLE,N,NO,0.00,N,NO,X,NOT APPLICABLE,X,NOT APPLICABLE,X,NOT APPLICABLE,X,NOT APPLICABLE,,,,,,,,NONE,NONE,N,NO,X,NOT APPLICABLE EXEMPT FROM CAS,N,TRANSACTION DOES NOT USE GFE/GFP,,,D,NOT CONSOLIDATED,X,NOT APPLICABLE,N,NO,Z,NOT APPLICABLE,Y,YES,X,NOT APPLICABLE,f,f,f,f,f,f,f,f,f,f,f,f,f,f,f,f,f,f,f,OTHER THAN SMALL BUSINESS,O,f,f,f,f,f,f,f,f,f,f,f,f,f,f,f,f,f,OTHER,f,f,f,f,f,f,f,f,f,f,f,f,f,f,f,f,f,t,f,f,f,f,f,f,f,f,f,f,t,f,f,f,f,f,f,f,f,f,f,f,f,f,f,f,f,f,f,f,f,f,,,,,,,,,,,https://www.usaspending.gov/award/CONT_AWD_FA527023C0024_9700_-NONE-_-NONE-/,2023-07-07 01:36:16+00
CONT_AWD_FA561322C0022_9700_-NONE-_-NONE-,FA561322C0022,,,,Q: Not Designated Nonemergency/Emergency/Disaster/Wildfire Suppression,,,,,345607.68,144003.20,345607.68,864019.20,2022-07-14,2022,2023-07-07,2023,2022-07-15,2024-07-14,2027-07-14 00:00:00,,,097,Department of Defense,5700,Department of the Air Force,FA5613,FA5613  700 CONS PK,097,Department of Defense,5700,Department of the Air Force,F3N041,86 MDG AF BPN,097-2022/2022-0130-000;097-2023/2023-0130-000,097-0130,25.6: Medical care,0001: OPERATION AND MAINTENANCE,X,NOT APPLICABLE,,,DX31ASPF87A4,,"STERLING MEDICAL ASSOCIATES, INC","STERLING MEDICAL ASSOCIATES, INC",,1DK07,XA6HAJAKFJ93,,STERLING MEDICAL CORPORATION,STERLING MEDICAL CORPORATION,USA,UNITED STATES,411 OAK ST,,CINCINNATI,39061,HAMILTON,39,OH,OHIO,452192598,OH-01,OH-01,5139841800,5139844909,DEU,GERMANY,,,,,,,,,,AWARD,D,DEFINITIVE CONTRACT,,,,,,,J,FIRM FIXED PRICE,UTILIZATION MANAGEMENT AND CASE MANAGEMENT,,1,OT,OTHER FUNCTIONS,Q999,MEDICAL- OTHER,H,NOT BUNDLED,S1,SERVICES,621491,HMO MEDICAL CENTERS,C,NO CLAUSES INCLUDED AND NO SUSTAINABILITY INCLUDED,A,U.S. OWNED BUSINESS,000,NONE,Z,NOT IT PRODUCTS OR SERVICES,E,NOT REQUIRED,DEU,GERMANY,C,NOT A MANUFACTURED END PRODUCT,B,PLAN NOT REQUIRED,F,COMPETED UNDER SAP,SP1,SIMPLIFIED ACQUISITION,NONE,NO SET ASIDE USED.,NONE,NO PREFERENCE USED,,,,,,,5,A,COMMERCIAL PRODUCTS/SERVICES,f,N,NO,N,NO,X,NOT APPLICABLE,N,NO,0.00,N,NO,X,NOT APPLICABLE,X,NOT APPLICABLE,X,NOT APPLICABLE,X,NOT APPLICABLE,,,,,,,,NONE,NONE,N,NO,X,NOT APPLICABLE EXEMPT FROM CAS,N,TRANSACTION DOES NOT USE GFE/GFP,N,NO,D,NOT CONSOLIDATED,N,NO - SERVICE WHERE PBA IS NOT USED.,N,NO,Z,NOT APPLICABLE,N,NO,X,NOT APPLICABLE,f,f,f,f,f,f,f,f,f,f,f,f,f,f,f,f,f,f,f,OTHER THAN SMALL BUSINESS,O,f,f,f,f,f,f,f,f,f,f,f,f,f,f,f,f,f,CORPORATE NOT TAX EXEMPT,t,f,f,f,f,f,f,f,f,f,f,f,f,f,f,f,f,t,f,f,f,f,f,f,f,f,f,f,t,f,f,f,f,f,f,f,f,f,f,f,f,f,f,f,f,f,f,f,f,f,RICHARD  BLATT,1700000.00,BRANDON  BLATT,1350000.00,KAREN  BLATT,175000.00,JIM  TANSOR,90000.00,LINDA  SPENCER,112000.00,https://www.usaspending.gov/award/CONT_AWD_FA561322C0022_9700_-NONE-_-NONE-/,2023-07-07 07:39:44+00
CONT_AWD_FA568222C0020_9700_-NONE-_-NONE-,FA568222C0020,,,,Q: Not Designated Nonemergency/Emergency/Disaster/Wildfire Suppression,,,,,172647.79,172129.84,172647.79,172647.79,2022-09-20,2022,2023-07-11,2023,2022-09-20,2023-08-19,2023-08-19 00:00:00,,2022-09-16,097,Department of Defense,5700,Department of the Air Force,FA5682,FA5682 31 CONS (UNIT 6102),097,Department of Defense,5700,Department of the Air Force,F1F3A2,31 CES ENGINEER,057-2022/2022-3400-000,057-3400,32.0: Land and structures,0004: ADMINISTRATION AND SERVICE-WIDE ACTIVITIES,X,NOT APPLICABLE,,,LMHZXD1EYFC7,,EIFFAGE INFRAESTRUCTURAS SAU,EIFFAGE INFRAESTRUCTURAS SA,,607DB,MKJ5LJDMEN83,,EIFFAGE,EIFFAGE,ESP,SPAIN,CALLE RIO VIEJO 3,,DOS HERMANAS,,,,,SEVILLA,41703,,,,,ITA,ITALY,,,,,,,,,,AWARD,D,DEFINITIVE CONTRACT,,,,,,,J,FIRM FIXED PRICE,PKC - TOWNSEND - CALECA - 31CES - ASHE 19-1061 RENOVATE BLDG 1360 FOR G-ASNT SYSTEM,FA568222R0008,1,OT,OTHER FUNCTIONS,Y1BG,CONSTRUCTION OF ELECTRONIC AND COMMUNICATIONS FACILITIES,H,NOT BUNDLED,C2,CONSTRUCTION,237130,POWER AND COMMUNICATION LINE AND RELATED STRUCTURES CONSTRUCTION,C,NO CLAUSES INCLUDED AND NO SUSTAINABILITY INCLUDED,D,FOREIGN-OWNED BUSINESS NOT INCORPORATED IN THE U.S.,000,NONE,Z,NOT IT PRODUCTS OR SERVICES,E,NOT REQUIRED,ITA,ITALY,C,NOT A MANUFACTURED END PRODUCT,B,PLAN NOT REQUIRED,A,FULL AND OPEN COMPETITION,NP,NEGOTIATED PROPOSAL/QUOTE,NONE,NO SET ASIDE USED.,NONE,NO PREFERENCE USED,,,,,,,5,D,COMMERCIAL PRODUCTS/SERVICES PROCEDURES NOT USED,f,N,NO,N,NO,X,NOT APPLICABLE,N,NO,0.00,N,NO,X,NOT APPLICABLE,X,NOT APPLICABLE,X,NOT APPLICABLE,X,NOT APPLICABLE,,,,,,,,NONE,NONE,N,NO,X,NOT APPLICABLE EXEMPT FROM CAS,N,TRANSACTION DOES NOT USE GFE/GFP,N,NO,D,NOT CONSOLIDATED,N,NO - SERVICE WHERE PBA IS NOT USED.,N,NO,Z,NOT APPLICABLE,N,NO,X,NOT APPLICABLE,f,f,f,f,f,f,f,f,f,f,f,f,f,f,f,f,f,f,f,OTHER THAN SMALL BUSINESS,O,f,f,f,f,f,f,f,f,f,f,f,f,f,f,f,f,f,INTERNATIONAL ORG,f,f,f,f,f,t,f,f,f,f,f,f,f,f,f,f,f,t,f,f,f,f,f,f,f,f,f,f,t,f,f,f,f,f,f,f,f,f,f,f,f,f,f,f,f,f,f,f,f,f,,,,,,,,,,,https://www.usaspending.gov/award/CONT_AWD_FA568222C0020_9700_-NONE-_-NONE-/,2023-07-11 08:53:00+00
CONT_AWD_FA570222C0002_9700_-NONE-_-NONE-,FA570222C0002,,,,Q: Not Designated Nonemergency/Emergency/Disaster/Wildfire Suppression,,,,,16000.00,0.00,543000.00,543000.00,2021-11-23,2022,2023-07-13,2023,2021-11-23,2023-07-06,2023-07-06 00:00:00,,2021-11-17,097,Department of Defense,5700,Department of the Air Force,FA5702,FA5702  379 ECONS,097,Department of Defense,5700,Department of the Air Force,F3UUAU,379 ECPTS FM,057-2019/2019-3400-000,057-3400,31.0: Equipment,0001: OPERATING FORCES,X,NOT APPLICABLE,,,GA6WQ2UKN7Q1,,DIVERSIFIED CONSTRUCTION COMPANY WLL,DIVERSIFIED CONSTRUCTION COMPA NY W L L,,SBL86,GA6WQ2UKN7Q1,,DIVERSIFIED CONSTRUCTION COMPANY WLL,DIVERSIFIED CONSTRUCTION COMP,QAT,QATAR,"UNIT 117, JBK COMPOUND, SALWA",ROAD,DOHA,,,,,,,,,7208786963,,QAT,QATAR,,,,,,,093090000,,,AWARD,D,DEFINITIVE CONTRACT,,,,,,,J,FIRM FIXED PRICE,PAINT BOOTH,,1,OT,OTHER FUNCTIONS,N045,"INSTALLATION OF EQUIPMENT- PLUMBING, HEATING, AND WASTE DISPOSAL EQUIPMENT",H,NOT BUNDLED,C2,CONSTRUCTION,423730,WARM AIR HEATING AND AIR-CONDITIONING EQUIPMENT AND SUPPLIES MERCHANT WHOLESALERS,C,NO CLAUSES INCLUDED AND NO SUSTAINABILITY INCLUDED,D,FOREIGN-OWNED BUSINESS NOT INCORPORATED IN THE U.S.,000,NONE,Z,NOT IT PRODUCTS OR SERVICES,E,NOT REQUIRED,QAT,QATAR,C,NOT A MANUFACTURED END PRODUCT,B,PLAN NOT REQUIRED,F,COMPETED UNDER SAP,SP1,SIMPLIFIED ACQUISITION,NONE,NO SET ASIDE USED.,NONE,NO PREFERENCE USED,,,,,,,3,C,SERVICES PURSUANT TO FAR 12.102(G),f,N,NO,N,NO,X,NOT APPLICABLE,N,NO,0.00,N,NO,X,NOT APPLICABLE,X,NOT APPLICABLE,X,NOT APPLICABLE,X,NOT APPLICABLE,,,,,,,,NONE,NONE,Y,YES,X,NOT APPLICABLE EXEMPT FROM CAS,N,TRANSACTION DOES NOT USE GFE/GFP,N,NO,D,NOT CONSOLIDATED,Y,YES - SERVICE WHERE PBA IS USED.,N,NO,Z,NOT APPLICABLE,N,NO,A,CONTINGENCY OPERATION AS DEFINED IN 10 U.S.C. 101(A)(13),f,f,f,f,f,f,f,f,f,f,f,f,f,f,f,f,f,f,f,OTHER THAN SMALL BUSINESS,O,f,f,f,f,f,f,f,f,f,f,f,f,f,f,f,f,f,PARTNERSHIP,f,f,t,f,f,f,f,f,f,f,f,f,f,f,f,f,f,t,f,f,f,f,f,f,f,f,t,f,t,f,f,f,f,f,f,f,f,f,f,f,f,f,f,f,f,f,f,f,f,f,,,,,,,,,,,https://www.usaspending.gov/award/CONT_AWD_FA570222C0002_9700_-NONE-_-NONE-/,2023-07-13 01:41:25+00
CONT_AWD_FA570319C0015_9700_-NONE-_-NONE-,FA570319C0015,,,,Q: Not Designated Nonemergency/Emergency/Disaster/Wildfire Suppression,,,,,8434162.09,13977.00,16868324.18,16868324.18,2019-03-06,2019,2023-07-04,2023,2019-03-06,2023-11-14,2023-11-14 00:00:00,,2018-12-23,097,Department of Defense,5700,Department of the Air Force,FA5703,FA5703  386 ECONS LGC,097,Department of Defense,5700,Department of the Air Force,FA5703,FA5703  386 ECONS LGC,057-2019/2019-3400-000;057-2023/2023-3400-000,057-3400,25.4: Operation and maintenance of facilities;32.0: Land and structures,0004: ADMINISTRATION AND SERVICE-WIDE ACTIVITIES,X,NOT APPLICABLE,,,ZT4LMPL89QU6,,BRITISH LINK KUWAIT LOGISTICS COMPANY FOR AIR-CONDITIONING SERVICES K.S.C.C.,BRITISH LINK KUWAIT FOR AIR-CONDITIONING SERVICES K.S.C.C,,SF491,ZT4LMPL89QU6,,BRITISH LINK KUWAIT LOGISTICS COMPANY FOR AIR-CONDITIONING SERVICES K.S.C.C.,BRITISH LINK KUWAIT LTD,KWT,KUWAIT,3RD FLOOR,AL SOOR STREET,KUWAIT CITY,,,,,,,,,,,KWT,KUWAIT,,,,,,,,,,AWARD,D,DEFINITIVE CONTRACT,,,,,,,J,FIRM FIXED PRICE,CONSTRUCT BILLETING FACILITIES,FA570319R0008,1,OT,OTHER FUNCTIONS,Y1FC,CONSTRUCTION OF TROOP HOUSING FACILITIES,H,NOT BUNDLED,C2,CONSTRUCTION,236116,NEW MULTIFAMILY HOUSING CONSTRUCTION (EXCEPT FOR-SALE BUILDERS),C,NO CLAUSES INCLUDED AND NO SUSTAINABILITY INCLUDED,D,FOREIGN-OWNED BUSINESS NOT INCORPORATED IN THE U.S.,000,NONE,Z,NOT IT PRODUCTS OR SERVICES,E,NOT REQUIRED,KWT,KUWAIT,C,NOT A MANUFACTURED END PRODUCT,B,PLAN NOT REQUIRED,A,FULL AND OPEN COMPETITION,NP,NEGOTIATED PROPOSAL/QUOTE,NONE,NO SET ASIDE USED.,NONE,NO PREFERENCE USED,,,,,,,5,D,COMMERCIAL PRODUCTS/SERVICES PROCEDURES NOT USED,f,N,NO,N,NO,N,NO,N,NO,0.00,N,NO,X,NOT APPLICABLE,X,NOT APPLICABLE,X,NOT APPLICABLE,X,NOT APPLICABLE,,,,,,,,NONE,NONE,N,NO,N,NO - CAS WAIVER APPROVED,N,TRANSACTION DOES NOT USE GFE/GFP,U,UNKNOWN,D,NOT CONSOLIDATED,N,NO - SERVICE WHERE PBA IS NOT USED.,N,NO,A,FAR 52.232-16 PROGRESS PAYMENTS,N,NO,X,NOT APPLICABLE,f,f,f,f,f,f,f,f,f,f,f,f,f,f,f,f,f,f,f,OTHER THAN SMALL BUSINESS,O,f,f,f,f,f,f,f,f,f,f,f,f,f,f,f,f,f,PARTNERSHIP,f,f,t,f,f,f,f,f,f,f,f,f,f,f,f,f,f,t,f,f,f,f,f,f,f,f,f,f,t,f,f,f,f,f,f,f,f,f,f,f,f,f,f,f,f,f,f,f,f,f,,,,,,,,,,,https://www.usaspending.gov/award/CONT_AWD_FA570319C0015_9700_-NONE-_-NONE-/,2023-07-05 09:20:56+00
CONT_AWD_FA665623C0002_9700_-NONE-_-NONE-,FA665623C0002,,,,Q: Not Designated Nonemergency/Emergency/Disaster/Wildfire Suppression,,,,,31472.24,31472.24,62944.48,62944.48,2023-02-10,2023,2023-07-07,2023,2023-02-10,2023-08-16,2023-08-16 00:00:00,,2023-02-09,097,Department of Defense,5700,Department of the Air Force,FA6656,FA6656  910 AW LGC  YNGSTN WRN ARPT,097,Department of Defense,5700,Department of the Air Force,F5Q517,F5Q517 910 AW SGPB,097-2022/2024-0350-000,097-0350,31.0: Equipment,0020: UNDISTRIBUTED,X,NOT APPLICABLE,,,CRG3ND68KH28,,"MCGILL HOSE & COUPLING, INC.","MCGILL HOSE & COUPLING, INC.",,7L974,CRG3ND68KH28,,"MCGILL HOSE & COUPLING, INC.",MCGILL HOSE & COUPLING  INC.,USA,UNITED STATES,45 INDUSTRIAL DR,,EAST LONGMEADOW,25013,HAMPDEN,25,MA,MASSACHUSETTS,010283162,MA-01,MA-01,4135253977,4135253175,USA,UNITED STATES,VIENNA,39155,TRUMBULL,39,OH,OHIO,444739705,OH-14,OH-14,AWARD,D,DEFINITIVE CONTRACT,,,,,,,J,FIRM FIXED PRICE,DRY LINK DRY DISCONNECT REPLACEMENT PARTS FOR AERIAL SPRAY,,1,,,4730,"HOSE, PIPE, TUBE, LUBRICATION, AND RAILING FITTINGS",H,NOT BUNDLED,,,332996,FABRICATED PIPE AND PIPE FITTING MANUFACTURING,C,NO CLAUSES INCLUDED AND NO SUSTAINABILITY INCLUDED,A,U.S. OWNED BUSINESS,000,NONE,Z,NOT IT PRODUCTS OR SERVICES,E,NOT REQUIRED,USA,UNITED STATES,D,MFG IN U.S.,B,PLAN NOT REQUIRED,F,COMPETED UNDER SAP,SP1,SIMPLIFIED ACQUISITION,SBA,SMALL BUSINESS SET ASIDE - TOTAL,NONE,NO PREFERENCE USED,,,,,,,5,A,COMMERCIAL PRODUCTS/SERVICES,f,N,NO,,,X,NOT APPLICABLE,N,NO,0.00,N,NO,X,NOT APPLICABLE,X,NOT APPLICABLE,X,NOT APPLICABLE,X,NOT APPLICABLE,,,,,,,,NONE,NONE,N,NO,X,NOT APPLICABLE EXEMPT FROM CAS,N,TRANSACTION DOES NOT USE GFE/GFP,,,D,NOT CONSOLIDATED,X,NOT APPLICABLE,N,NO,Z,NOT APPLICABLE,N,NO,X,NOT APPLICABLE,f,f,f,f,f,f,f,f,f,f,f,f,f,f,f,f,f,f,f,SMALL BUSINESS,S,f,f,f,f,f,f,f,f,f,f,f,f,f,f,f,f,f,CORPORATE NOT TAX EXEMPT,t,f,f,f,f,f,f,f,f,f,f,f,f,f,f,f,f,t,f,f,f,f,f,f,f,f,f,f,t,f,f,f,f,f,f,f,f,f,f,f,f,f,f,f,f,f,f,f,f,f,,,,,,,,,,,https://www.usaspending.gov/award/CONT_AWD_FA665623C0002_9700_-NONE-_-NONE-/,2023-07-07 13:55:58+00
CONT_AWD_FA670323C0007_9700_-NONE-_-NONE-,FA670323C0007,,,,Q: Not Designated Nonemergency/Emergency/Disaster/Wildfire Suppression,,,,,23551.00,0.00,23551.00,23551.00,2023-07-10,2023,2023-07-10,2023,2023-07-13,2023-07-27,2023-10-27 00:00:00,,,097,Department of Defense,5700,Department of the Air Force,FA6703,FA6703  94TH CONTRACTING FLIGHT PK,097,Department of Defense,5700,Department of the Air Force,F5BT80,622  CEG,057-2023/2023-3740-000,057-3740,32.0: Land and structures,0001: OPERATING FORCES,X,NOT APPLICABLE,,,SQJMUTZCR394,,SHORT LOAD READY MIX CONCRETE LLC,SHORT LOAD READY MIX CONCRETE LLC,,9KDP3,SQJMUTZCR394,,SHORT LOAD READY MIX CONCRETE LLC,SHORT LOAD READY MIX CONCRETE LLC,USA,UNITED STATES,1444 MUNICIPAL PKWY,,DOUGLASVILLE,13097,DOUGLAS,13,GA,GEORGIA,301342061,GA-13,GA-06,4708808544,,USA,UNITED STATES,MARIETTA,13067,COBB,13,GA,GEORGIA,300694900,GA-11,GA-11,AWARD,D,DEFINITIVE CONTRACT,,,,,,,J,FIRM FIXED PRICE,ROCK AND AGGREGATE,,1,,,3820,"MINING, ROCK DRILLING, EARTH BORING, AND RELATED EQUIPMENT",H,NOT BUNDLED,,,212319,OTHER CRUSHED AND BROKEN STONE MINING AND QUARRYING,C,NO CLAUSES INCLUDED AND NO SUSTAINABILITY INCLUDED,A,U.S. OWNED BUSINESS,000,NONE,Z,NOT IT PRODUCTS OR SERVICES,E,NOT REQUIRED,USA,UNITED STATES,D,MFG IN U.S.,B,PLAN NOT REQUIRED,F,COMPETED UNDER SAP,SP1,SIMPLIFIED ACQUISITION,SBA,SMALL BUSINESS SET ASIDE - TOTAL,NONE,NO PREFERENCE USED,,,,,,,2,A,COMMERCIAL PRODUCTS/SERVICES,f,N,NO,,,N,NO,N,NO,0.00,N,NO,X,NOT APPLICABLE,X,NOT APPLICABLE,X,NOT APPLICABLE,X,NOT APPLICABLE,,,,,,,,NONE,NONE,N,NO,X,NOT APPLICABLE EXEMPT FROM CAS,N,TRANSACTION DOES NOT USE GFE/GFP,,,D,NOT CONSOLIDATED,X,NOT APPLICABLE,N,NO,Z,NOT APPLICABLE,N,NO,X,NOT APPLICABLE,f,f,f,f,f,t,t,f,f,f,f,f,f,f,f,f,f,f,f,SMALL BUSINESS,S,f,f,f,f,f,f,f,f,f,f,f,f,f,f,f,f,f,CORPORATE NOT TAX EXEMPT,t,f,f,f,f,f,f,f,f,f,f,f,f,f,f,f,f,t,f,f,f,f,f,f,f,f,t,f,t,f,f,f,f,f,f,f,f,f,f,f,f,f,f,f,f,t,f,f,f,f,,,,,,,,,,,https://www.usaspending.gov/award/CONT_AWD_FA670323C0007_9700_-NONE-_-NONE-/,2023-12-17 19:23:57+00
CONT_AWD_FA680019CA006_9700_-NONE-_-NONE-,FA680019CA006,,,,E: Emergency P.L. 116-20;Q: Not Designated Nonemergency/Emergency/Disaster/Wildfire Suppression,,,,,8065901.45,0.00,8168373.14,8168373.14,2019-04-30,2019,2023-07-11,2023,2019-05-01,2024-04-30,2024-04-30 00:00:00,,2019-02-08,097,Department of Defense,5700,Department of the Air Force,FA6800,FA6800 AFICC 767 ESF,097,Department of Defense,5700,Department of the Air Force,F1GFA4,F1GFA4 AFGSC A4,057-2019/2019-3400-000;057-2020/2020-3400-000;057-2021/2021-3400-000,057-3400,25.7: Operation and maintenance of equipment,0000: UNKNOWN/OTHER;0001: OPERATING FORCES,X,NOT APPLICABLE,,,DUENN2W6JAK3,,DELTA SOLUTIONS & STRATEGIES LLC,"DELTA SOLUTIONS & STRATEGIES, LLC",,1RUU6,DUENN2W6JAK3,,DELTA SOLUTIONS & STRATEGIES LLC,DELTA SOLUTIONS & STRATEGIES  LLC,USA,UNITED STATES,"7150 CAMPUS DRIVE, SUITE 365",,COLORADO SPRINGS,08041,EL PASO,08,CO,COLORADO,809206519,CO-05,CO-05,7194750605,7194758005,USA,UNITED STATES,BARKSDALE AFB,22015,BOSSIER,22,LA,LOUISIANA,711102151,LA-04,LA-04,AWARD,D,DEFINITIVE CONTRACT,,,,,,,J,FIRM FIXED PRICE,TECHNICAL ORDER LIBRARY&MAINTENANCE DATA SUPPORT (TOLMDS),FA680019RA001,1,CT,CRITICAL FUNCTIONS,D314,IT AND TELECOM- SYSTEM ACQUISITION SUPPORT,H,NOT BUNDLED,S1,SERVICES,541519,OTHER COMPUTER RELATED SERVICES,C,NO CLAUSES INCLUDED AND NO SUSTAINABILITY INCLUDED,A,U.S. OWNED BUSINESS,000,NONE,E,COMMERCIAL SERVICE,E,NOT REQUIRED,USA,UNITED STATES,C,NOT A MANUFACTURED END PRODUCT,B,PLAN NOT REQUIRED,F,COMPETED UNDER SAP,SP1,SIMPLIFIED ACQUISITION,SBA,SMALL BUSINESS SET ASIDE - TOTAL,NONE,NO PREFERENCE USED,,,,,,,5,A,COMMERCIAL PRODUCTS/SERVICES,f,N,NO,N,NO,Y,YES,N,NO,0.00,N,NO,X,NOT APPLICABLE,Y,YES,X,NOT APPLICABLE,X,NOT APPLICABLE,,,,,,,,NONE,NONE,N,NO,X,NOT APPLICABLE EXEMPT FROM CAS,N,TRANSACTION DOES NOT USE GFE/GFP,N,NO,D,NOT CONSOLIDATED,N,NO - SERVICE WHERE PBA IS NOT USED.,N,NO,Z,NOT APPLICABLE,N,NO,X,NOT APPLICABLE,f,f,f,f,f,t,t,f,f,f,f,f,f,f,f,f,f,f,f,SMALL BUSINESS,S,f,f,f,f,f,f,f,f,f,f,f,f,f,f,f,f,f,CORPORATE NOT TAX EXEMPT,t,f,f,f,f,f,f,f,f,f,f,f,f,f,f,f,f,t,f,f,f,f,f,f,f,f,t,f,t,f,f,f,f,f,f,f,f,f,f,f,f,f,f,f,f,f,f,f,f,f,MARK  STAFFORD,666916.00,SCOTT  ANIBLE,175000.00,DEBBIE  LEACH,250000.00,BOB  VEAZEY,250000.00,KYLE  BURKETT,118000.00,https://www.usaspending.gov/award/CONT_AWD_FA680019CA006_9700_-NONE-_-NONE-/,2023-07-11 12:09:02+00
CONT_AWD_FA680023C0009_9700_-NONE-_-NONE-,FA680023C0009,,,,,,,,,300000.00,,300000.00,300000.00,2023-07-11,2023,2023-07-11,2023,2023-07-11,2024-01-11,2024-01-11 00:00:00,,2023-07-10,097,Department of Defense,5700,Department of the Air Force,FA6800,FA6800 AFICC 767 ESF,097,Department of Defense,5700,Department of the Air Force,F1GFA5,AFGS DPCC,,,,,X,NOT APPLICABLE,,,V3C5VS458NR9,,"INNOVET, LLC","INNOVET, LLC",,7V7T3,V3C5VS458NR9,,"INNOVET, LLC",INNOVET  LLC,USA,UNITED STATES,3500 S DUPONT HWY,STE I-104,DOVER,10001,KENT,10,DE,DELAWARE,199016041,DE-00,DE-00,6466756000,,USA,UNITED STATES,BARKSDALE AFB,22015,BOSSIER,22,LA,LOUISIANA,711102151,LA-04,LA-04,AWARD,D,DEFINITIVE CONTRACT,,,,,,,J,FIRM FIXED PRICE,SBIR PHASE III - DIGITAL MODERNIZATION TO ACCELERATE PROCESSES (DMAP) FORM 1067,FA680023R0008,1,OT,OTHER FUNCTIONS,7A20,IT AND TELECOM - APPLICATION DEVELOPMENT SOFTWARE (PERPETUAL LICENSE SOFTWARE),H,NOT BUNDLED,,,541715,"RESEARCH AND DEVELOPMENT IN THE PHYSICAL, ENGINEERING, AND LIFE SCIENCES (EXCEPT NANOTECHNOLOGY AND BIOTECHNOLOGY)",C,NO CLAUSES INCLUDED AND NO SUSTAINABILITY INCLUDED,A,U.S. OWNED BUSINESS,000,NONE,B,COMMERCIAL PRODUCT,E,NOT REQUIRED,USA,UNITED STATES,D,MFG IN U.S.,B,PLAN NOT REQUIRED,B,NOT AVAILABLE FOR COMPETITION,SSS,ONLY ONE SOURCE,NONE,NO SET ASIDE USED.,NONE,NO PREFERENCE USED,SR3,SMALL BUSINESS INNOVATION RESEARCH PROGRAM PHASE III ACTION,,,OTH,AUTHORIZED BY STATUTE (FAR 6.302-5(A)(2)(I)),1,A,COMMERCIAL PRODUCTS/SERVICES,f,N,NO,,,X,NOT APPLICABLE,N,NO,0.00,N,NO,X,NOT APPLICABLE,X,NOT APPLICABLE,X,NOT APPLICABLE,X,NOT APPLICABLE,,,,,,,,NONE,NONE,N,NO,X,NOT APPLICABLE EXEMPT FROM CAS,N,TRANSACTION DOES NOT USE GFE/GFP,,,D,NOT CONSOLIDATED,X,NOT APPLICABLE,N,NO,Z,NOT APPLICABLE,N,NO,X,NOT APPLICABLE,f,f,f,f,f,f,f,f,f,f,f,f,f,f,f,f,f,f,f,SMALL BUSINESS,S,f,f,f,f,f,f,f,f,f,f,f,f,f,f,f,f,f,CORPORATE NOT TAX EXEMPT,t,f,f,f,f,f,f,f,f,f,f,f,f,f,f,f,f,t,f,f,f,f,f,f,f,f,t,f,t,f,f,f,f,f,f,f,f,f,f,f,f,f,f,f,f,t,f,f,f,f,,,,,,,,,,,https://www.usaspending.gov/award/CONT_AWD_FA680023C0009_9700_-NONE-_-NONE-/,2024-03-08 19:31:24+00
CONT_AWD_FA702223C0005_9700_-NONE-_-NONE-,FA702223C0005,,,,Q: Not Designated Nonemergency/Emergency/Disaster/Wildfire Suppression,,,,,586251.84,36640.74,586251.84,586251.84,2023-07-06,2023,2023-07-11,2023,2023-07-12,2024-11-11,2024-11-11 00:00:00,,2023-06-13,097,Department of Defense,5700,Department of the Air Force,FA7022,FA7022  AMIC DET 2 OL PATRICK PKA,097,Department of Defense,5700,Department of the Air Force,F3KTK7,F3KTK7 USAF SDB,057-2023/2024-3600-000,057-3600,31.0: Equipment,0020: UNDISTRIBUTED,X,NOT APPLICABLE,,,NTG1A7TKHLN7,,SPACE COAST INTELLIGENT SOLUTIONS INC,SPACE COAST INTELLIGENT SOLUTIONS INC,,5L4Y8,M92KW6DY9AM9,,SPACE COAST INTELLIGENT SOLUTIONS INC,SPACE COAST INTELLIGENT SOLUTIONS INC,USA,UNITED STATES,770 NORTH DR,STE B,MELBOURNE,12009,BREVARD,12,FL,FLORIDA,329349270,FL-08,FL-08,3216226858,,USA,UNITED STATES,MELBOURNE,12009,BREVARD,12,FL,FLORIDA,329342801,FL-08,FL-08,AWARD,D,DEFINITIVE CONTRACT,,,,,,,J,FIRM FIXED PRICE,THE AIR FORCE TECHNICAL APPLICATION CENTER CONTRACT FOR MATERIALS ANALYSIS GEOGRAPHICAL INFORMATION SYSTEM (MAGIS) SOFTWARE AND SUPPORT.,,1,OT,OTHER FUNCTIONS,AC33,NATIONAL DEFENSE R&D SERVICES; DEFENSE-RELATED ACTIVITIES; EXPERIMENTAL DEVELOPMENT,H,NOT BUNDLED,,,541330,ENGINEERING SERVICES,C,NO CLAUSES INCLUDED AND NO SUSTAINABILITY INCLUDED,A,U.S. OWNED BUSINESS,000,NONE,Z,NOT IT PRODUCTS OR SERVICES,E,NOT REQUIRED,USA,UNITED STATES,C,NOT A MANUFACTURED END PRODUCT,B,PLAN NOT REQUIRED,F,COMPETED UNDER SAP,SP1,SIMPLIFIED ACQUISITION,NONE,NO SET ASIDE USED.,NONE,NO PREFERENCE USED,,,,,,,1,A,COMMERCIAL PRODUCTS/SERVICES,f,Y,YES,,,N,NO,N,NO,0.00,N,NO,N,NO,N,NO,N,NO,X,NOT APPLICABLE,,,,,,,,NONE,NONE,N,NO,X,NOT APPLICABLE EXEMPT FROM CAS,N,TRANSACTION DOES NOT USE GFE/GFP,,,D,NOT CONSOLIDATED,Y,YES - SERVICE WHERE PBA IS USED.,N,NO,Z,NOT APPLICABLE,N,NO,X,NOT APPLICABLE,f,f,f,f,f,f,f,f,f,f,f,f,t,f,f,f,t,f,f,OTHER THAN SMALL BUSINESS,O,f,f,f,f,f,f,f,f,f,f,f,f,f,f,f,f,f,CORPORATE NOT TAX EXEMPT,t,f,f,f,f,f,f,f,f,f,f,f,t,f,f,f,f,t,f,f,f,f,f,f,f,t,f,f,t,f,f,f,f,f,f,f,f,f,f,f,f,f,f,f,f,f,f,f,f,f,,,,,,,,,,,https://www.usaspending.gov/award/CONT_AWD_FA702223C0005_9700_-NONE-_-NONE-/,2023-08-29 12:15:35+00
CONT_AWD_FA703723C0004_9700_-NONE-_-NONE-,FA703723C0004,,,,Q: Not Designated Nonemergency/Emergency/Disaster/Wildfire Suppression,,,,,5900.00,5900.00,5900.00,5900.00,2023-07-12,2023,2023-07-12,2023,2023-07-17,2023-08-30,2023-08-30 00:00:00,,2023-06-26,097,Department of Defense,5700,Department of the Air Force,FA7037,FA7037 AMIC DET 2 JBSA,097,Department of Defense,5700,Department of the Air Force,F2MTCC,HQ AF ISR AGENC CSE,057-2023/2023-3400-000,057-3400,25.2: Other services from non-Federal sources,0020: UNDISTRIBUTED,X,NOT APPLICABLE,,,VPCRFX7S63U1,,"DLC AIRCRAFT PRESERVATION SERVICES, LLC","DLC AIRCRAFT PRESERVATION SERVICES, LLC",,80EB2,VPCRFX7S63U1,,"DLC AIRCRAFT PRESERVATION SERVICES, LLC",DLC AIRCRAFT PRESERVATION SERVICES  LLC,USA,UNITED STATES,12106 GHOSTBRIDGE,,HELOTES,48029,BEXAR,48,TX,TEXAS,780234454,TX-23,TX-23,2107484515,,USA,UNITED STATES,SAN ANTONIO,48029,BEXAR,48,TX,TEXAS,782437046,TX-23,TX-23,AWARD,D,DEFINITIVE CONTRACT,,,,,,,J,FIRM FIXED PRICE,"PKB-WOOD-JONES: REPAIRS TO EC-47 STATIC DISPLAY AERIAL VEHICLE AT THE AIR PARK IN FRONT OF BUILDING 2000, 102 HALL BLVD, JBSA-LACKLAND.",,1,OT,OTHER FUNCTIONS,J015,MAINT/REPAIR/REBUILD OF EQUIPMENT- AIRCRAFT AND AIRFRAME STRUCTURAL COMPONENTS,H,NOT BUNDLED,,,488190,OTHER SUPPORT ACTIVITIES FOR AIR TRANSPORTATION,C,NO CLAUSES INCLUDED AND NO SUSTAINABILITY INCLUDED,A,U.S. OWNED BUSINESS,000,NONE,Z,NOT IT PRODUCTS OR SERVICES,E,NOT REQUIRED,USA,UNITED STATES,C,NOT A MANUFACTURED END PRODUCT,B,PLAN NOT REQUIRED,F,COMPETED UNDER SAP,SP1,SIMPLIFIED ACQUISITION,SBA,SMALL BUSINESS SET ASIDE - TOTAL,NONE,NO PREFERENCE USED,,,,,,,2,A,COMMERCIAL PRODUCTS/SERVICES,f,N,NO,,,X,NOT APPLICABLE,Y,YES,0.00,N,NO,X,NOT APPLICABLE,X,NOT APPLICABLE,N,NO,X,NOT APPLICABLE,,,,,,,,NONE,NONE,N,NO,X,NOT APPLICABLE EXEMPT FROM CAS,N,TRANSACTION DOES NOT USE GFE/GFP,,,D,NOT CONSOLIDATED,Y,YES - SERVICE WHERE PBA IS USED.,N,NO,Z,NOT APPLICABLE,N,NO,X,NOT APPLICABLE,f,f,f,f,f,f,f,t,t,t,f,f,f,f,f,f,t,f,f,SMALL BUSINESS,S,f,f,f,f,f,f,f,f,f,f,f,f,f,f,f,f,f,SOLE PROPRIETORSHIP,f,f,f,t,f,f,f,f,f,f,f,f,f,f,f,f,f,t,f,f,f,f,f,f,f,f,t,f,t,f,f,f,f,f,f,f,f,f,f,f,f,f,f,f,f,t,f,f,f,f,,,,,,,,,,,https://www.usaspending.gov/award/CONT_AWD_FA703723C0004_9700_-NONE-_-NONE-/,2023-10-17 11:39:18+00
CONT_AWD_FA714620C0955_9700_-NONE-_-NONE-,FA714620C0955,,,,Q: Not Designated Nonemergency/Emergency/Disaster/Wildfire Suppression,,,,,7657663.36,10518862.02,8624318.00,10437412.00,2020-09-30,2020,2023-07-14,2023,2020-09-29,2023-09-29,2023-09-29 00:00:00,,2020-07-25,097,Department of Defense,5700,Department of the Air Force,FA7146,FA7146  SAF OC PK,097,Department of Defense,5700,Department of the Air Force,F1AF1T,F1AF1T SAF CDM,057-2020/2020-3400-000;057-2021/2021-3400-000;057-2022/2022-3400-000;057-2023/2023-3400-000,057-3400,25.1: Advisory and assistance services;31.0: Equipment,0001: OPERATING FORCES;0004: ADMINISTRATION AND SERVICE-WIDE ACTIVITIES;0020: UNDISTRIBUTED,X,NOT APPLICABLE,,,LYLNBN42NK29,,COGILITY SOFTWARE CORPORATION,COGILITY SOFTWARE CORPORATION,,53U26,LYLNBN42NK29,,COGILITY SOFTWARE CORPORATION,COGILITY SOFTWARE CORPORATION,USA,UNITED STATES,15495 SAND CANYON AVE STE 150,,IRVINE,06059,ORANGE,06,CA,CALIFORNIA,926183153,CA-47,CA-47,5712246879,9493980019,USA,UNITED STATES,IRVINE,06059,ORANGE,06,CA,CALIFORNIA,926183153,CA-47,CA-47,AWARD,D,DEFINITIVE CONTRACT,,,,,,,J,FIRM FIXED PRICE,AF INT COGILITY,,1,,,7030,INFORMATION TECHNOLOGY SOFTWARE,H,NOT BUNDLED,S1,SERVICES,541990,"ALL OTHER PROFESSIONAL, SCIENTIFIC, AND TECHNICAL SERVICES",C,NO CLAUSES INCLUDED AND NO SUSTAINABILITY INCLUDED,A,U.S. OWNED BUSINESS,000,NONE,B,COMMERCIAL PRODUCT,E,NOT REQUIRED,USA,UNITED STATES,D,MFG IN U.S.,B,PLAN NOT REQUIRED,C,NOT COMPETED,SSS,ONLY ONE SOURCE,NONE,NO SET ASIDE USED.,NONE,NO PREFERENCE USED,,,,,UNQ,UNIQUE SOURCE (FAR 6.302-1(B)(1)),1,A,COMMERCIAL PRODUCTS/SERVICES,f,N,NO,N,NO,X,NOT APPLICABLE,N,NO,0.00,N,NO,X,NOT APPLICABLE,X,NOT APPLICABLE,X,NOT APPLICABLE,X,NOT APPLICABLE,,,,,,,,NONE,NONE,N,NO,X,NOT APPLICABLE EXEMPT FROM CAS,N,TRANSACTION DOES NOT USE GFE/GFP,U,UNKNOWN,D,NOT CONSOLIDATED,X,NOT APPLICABLE,N,NO,Z,NOT APPLICABLE,N,NO,X,NOT APPLICABLE,f,f,f,f,f,f,f,f,f,f,f,f,f,f,f,f,f,f,f,OTHER THAN SMALL BUSINESS,O,f,f,f,f,f,f,f,f,f,f,f,f,f,f,f,f,f,CORPORATE NOT TAX EXEMPT,t,f,f,f,f,f,f,f,f,f,f,f,f,f,f,f,f,t,f,f,f,f,f,f,f,f,f,f,t,f,f,f,f,f,f,f,f,f,f,f,f,f,f,f,f,t,f,f,f,f,,,,,,,,,,,https://www.usaspending.gov/award/CONT_AWD_FA714620C0955_9700_-NONE-_-NONE-/,2023-07-14 17:33:38+00
CONT_AWD_FA714622CB035_9700_-NONE-_-NONE-,FA714622CB035,,,,Q: Not Designated Nonemergency/Emergency/Disaster/Wildfire Suppression,,,,,510107.76,62661.20,510107.76,510107.76,2022-09-12,2022,2023-07-12,2023,2022-09-08,2024-09-11,2024-09-11 00:00:00,,,097,Department of Defense,5700,Department of the Air Force,FA7146,FA7146  SAF OC PK,097,Department of Defense,5700,Department of the Air Force,FA7146,FA7146  SAF OC PK,097-2022/2022-0100-000,097-0100,31.0: Equipment,0020: UNDISTRIBUTED,X,NOT APPLICABLE,,,FKUCYGRK1EQ3,,"ORACLE AMERICA, INC","ORACLE AMERICA, INC.",,63U09,J3TKCN6S76D6,,ORACLE CORPORATION,ORACLE AMERICA  INC.,USA,UNITED STATES,500 ORACLE PKWY,,REDWOOD CITY,06081,SAN MATEO,06,CA,CALIFORNIA,940651677,CA-15,CA-15,7033640650,,USA,UNITED STATES,FORT WASHINGTON,24033,PRINCE GEORGES,24,MD,MARYLAND,207441418,MD-04,MD-04,AWARD,D,DEFINITIVE CONTRACT,,,,,,,J,FIRM FIXED PRICE,CLOUD SERVICES,,1,OT,OTHER FUNCTIONS,R425,SUPPORT- PROFESSIONAL: ENGINEERING/TECHNICAL,H,NOT BUNDLED,S1,SERVICES,541330,ENGINEERING SERVICES,C,NO CLAUSES INCLUDED AND NO SUSTAINABILITY INCLUDED,A,U.S. OWNED BUSINESS,000,NONE,Z,NOT IT PRODUCTS OR SERVICES,E,NOT REQUIRED,USA,UNITED STATES,C,NOT A MANUFACTURED END PRODUCT,B,PLAN NOT REQUIRED,F,COMPETED UNDER SAP,SP1,SIMPLIFIED ACQUISITION,NONE,NO SET ASIDE USED.,NONE,NO PREFERENCE USED,,,,,,,1,A,COMMERCIAL PRODUCTS/SERVICES,f,N,NO,N,NO,X,NOT APPLICABLE,N,NO,0.00,N,NO,X,NOT APPLICABLE,X,NOT APPLICABLE,X,NOT APPLICABLE,X,NOT APPLICABLE,,,,,,,,NONE,NONE,N,NO,X,NOT APPLICABLE EXEMPT FROM CAS,N,TRANSACTION DOES NOT USE GFE/GFP,N,NO,D,NOT CONSOLIDATED,N,NO - SERVICE WHERE PBA IS NOT USED.,N,NO,Z,NOT APPLICABLE,N,NO,X,NOT APPLICABLE,f,f,f,f,f,f,f,f,f,f,f,f,f,f,f,f,f,f,f,OTHER THAN SMALL BUSINESS,O,f,f,f,f,f,f,f,f,f,f,f,f,f,f,f,f,f,CORPORATE NOT TAX EXEMPT,t,f,f,f,f,f,f,f,f,f,f,f,t,f,f,f,f,t,f,f,f,f,f,f,f,f,f,f,t,f,f,f,f,f,f,f,f,f,f,f,f,f,f,f,f,f,f,f,f,f,,,,,,,,,,,https://www.usaspending.gov/award/CONT_AWD_FA714622CB035_9700_-NONE-_-NONE-/,2023-07-12 17:18:19+00
CONT_AWD_FA805122C0008_9700_-NONE-_-NONE-,FA805122C0008,,,,,,,,,749962.87,,749962.87,749962.87,2022-09-28,2022,2023-07-06,2023,2022-09-28,2024-09-27,2024-09-27 00:00:00,,2022-05-05,097,Department of Defense,5700,Department of the Air Force,FA8051,FA8051  772 ESS PKD,097,Department of Defense,5700,Department of the Air Force,F4FBEQ,F4FBEQ AFRL RGF,,,,,X,NOT APPLICABLE,,,DD1BYN8SN355,,"CHARLES RIVER ANALYTICS, INC.","CHARLES RIVER ANALYTICS, INC.",,9W641,DD1BYN8SN355,,"CHARLES RIVER ANALYTICS, INC.",CHARLES RIVER ANALYTICS  INC.,USA,UNITED STATES,625 MOUNT AUBURN ST,,CAMBRIDGE,25017,MIDDLESEX,25,MA,MASSACHUSETTS,021384555,MA-05,MA-05,6174913474,6178680780,USA,UNITED STATES,CAMBRIDGE,25017,MIDDLESEX,25,MA,MASSACHUSETTS,021384555,MA-05,MA-05,AWARD,D,DEFINITIVE CONTRACT,,,,,,,J,FIRM FIXED PRICE,SMALL BUSINESS INNOVATION RESEARCH (SBIR) PHASE II - REAL-TIME ASSESSMENT AND DECISION INTERACTIVE TOOLKIT (READI),FA805120R3024,1,OT,OTHER FUNCTIONS,AJ13,GENERAL SCIENCE & TECHNOLOGY R&D SVCS; GENERAL SCIENCE & TECHNOLOGY; EXPERIMENTAL DEVELOPMENT,H,NOT BUNDLED,S1,SERVICES,541715,"RESEARCH AND DEVELOPMENT IN THE PHYSICAL, ENGINEERING, AND LIFE SCIENCES (EXCEPT NANOTECHNOLOGY AND BIOTECHNOLOGY)",C,NO CLAUSES INCLUDED AND NO SUSTAINABILITY INCLUDED,A,U.S. OWNED BUSINESS,000,NONE,Z,NOT IT PRODUCTS OR SERVICES,E,NOT REQUIRED,USA,UNITED STATES,C,NOT A MANUFACTURED END PRODUCT,B,PLAN NOT REQUIRED,D,FULL AND OPEN COMPETITION AFTER EXCLUSION OF SOURCES,NP,NEGOTIATED PROPOSAL/QUOTE,SBA,SMALL BUSINESS SET ASIDE - TOTAL,NONE,NO PREFERENCE USED,SR2,SMALL BUSINESS INNOVATION RESEARCH PROGRAM PHASE II ACTION,,,,,2,D,COMMERCIAL PRODUCTS/SERVICES PROCEDURES NOT USED,f,N,NO,N,NO,X,NOT APPLICABLE,N,NO,0.00,N,NO,X,NOT APPLICABLE,N,NO,X,NOT APPLICABLE,X,NOT APPLICABLE,,,,,,,,NONE,NONE,N,NO,X,NOT APPLICABLE EXEMPT FROM CAS,N,TRANSACTION DOES NOT USE GFE/GFP,N,NO,D,NOT CONSOLIDATED,N,NO - SERVICE WHERE PBA IS NOT USED.,N,NO,Z,NOT APPLICABLE,N,NO,X,NOT APPLICABLE,f,f,f,f,f,f,f,f,f,f,f,f,f,f,f,f,f,f,f,SMALL BUSINESS,S,f,f,f,f,f,f,f,f,f,f,f,f,f,f,f,f,f,CORPORATE NOT TAX EXEMPT,t,f,f,f,f,f,f,f,f,f,f,f,f,f,f,f,f,t,f,f,f,f,f,f,f,t,f,f,t,f,f,f,f,f,f,f,f,f,f,f,f,f,f,f,f,f,f,f,f,f,DONALD S REYNOLDS,325408.00,KAREN A HARPER,346792.00,PETER  WEYHRAUCH,309135.00,WILLIAM S NEAL REILLY,331090.00,RICH  WRONSKI,311254.00,https://www.usaspending.gov/award/CONT_AWD_FA805122C0008_9700_-NONE-_-NONE-/,2025-04-22 16:50:17+00
CONT_AWD_FA805123C0013_9700_-NONE-_-NONE-,FA805123C0013,,,,Q: Not Designated Nonemergency/Emergency/Disaster/Wildfire Suppression,,,,,1541892.00,0.00,1541892.00,1541892.00,2023-07-13,2023,2023-07-13,2023,2023-07-26,2024-03-22,2024-03-22 00:00:00,,2023-03-24,097,Department of Defense,5700,Department of the Air Force,FA8051,FA8051  772 ESS PKD,097,Department of Defense,5700,Department of the Air Force,F2MUAA,AFCEC CTN,057-2023/2023-3400-000,057-3400,32.0: Land and structures,0004: ADMINISTRATION AND SERVICE-WIDE ACTIVITIES,X,NOT APPLICABLE,,,H2ZDMKZLM472,,REASOR BUILDING GROUP LLC,REASOR BUILDING GROUP LLC,,7NSR5,J5CPZ9VUWC54,,REASOR BUILDING GROUP LLC,REASOR BUILDING GROUP LLC,USA,UNITED STATES,7100 PLANTATION ROAD,STE 11,PENSACOLA,12033,ESCAMBIA,12,FL,FLORIDA,325046234,FL-01,FL-01,8505309097,,USA,UNITED STATES,PANAMA CITY,12005,BAY,12,FL,FLORIDA,324030007,FL-02,FL-02,AWARD,D,DEFINITIVE CONTRACT,,,,,,,J,FIRM FIXED PRICE,MINOR CONSTRUCTION FOR TYNDALL ROBOTICS MAINTENANCE FACILITY,,1,OT,OTHER FUNCTIONS,Y1EB,CONSTRUCTION OF MAINTENANCE BUILDINGS,H,NOT BUNDLED,,,236220,COMMERCIAL AND INSTITUTIONAL BUILDING CONSTRUCTION,C,NO CLAUSES INCLUDED AND NO SUSTAINABILITY INCLUDED,A,U.S. OWNED BUSINESS,000,NONE,Z,NOT IT PRODUCTS OR SERVICES,E,NOT REQUIRED,USA,UNITED STATES,C,NOT A MANUFACTURED END PRODUCT,B,PLAN NOT REQUIRED,B,NOT AVAILABLE FOR COMPETITION,SSS,ONLY ONE SOURCE,8AN,8(A) SOLE SOURCE,NONE,NO PREFERENCE USED,,,,,OTH,AUTHORIZED BY STATUTE (FAR 6.302-5(A)(2)(I)),1,A,COMMERCIAL PRODUCTS/SERVICES,f,N,NO,,,X,NOT APPLICABLE,N,NO,0.00,N,NO,X,NOT APPLICABLE,X,NOT APPLICABLE,Y,YES,X,NOT APPLICABLE,,,,,,,,NONE,NONE,N,NO,X,NOT APPLICABLE EXEMPT FROM CAS,N,TRANSACTION DOES NOT USE GFE/GFP,,,D,NOT CONSOLIDATED,N,NO - SERVICE WHERE PBA IS NOT USED.,N,NO,Z,NOT APPLICABLE,N,NO,X,NOT APPLICABLE,f,f,f,f,f,f,f,f,f,f,f,f,t,f,f,f,t,f,f,SMALL BUSINESS,S,f,f,f,f,f,f,f,f,f,f,f,f,f,f,f,f,f,PARTNERSHIP,f,f,t,f,f,f,f,f,f,f,f,f,f,f,f,f,f,t,f,f,f,f,f,f,f,t,f,f,t,f,f,f,f,f,f,f,f,f,f,f,f,f,f,f,f,t,f,t,f,f,,,,,,,,,,,https://www.usaspending.gov/award/CONT_AWD_FA805123C0013_9700_-NONE-_-NONE-/,2023-08-11 15:44:24+00
CONT_AWD_FA810017C0021_9700_-NONE-_-NONE-,FA810017C0021,,,,,,,,,1576338.94,,1576338.94,1576339.29,2017-08-31,2017,2023-07-10,2023,2017-08-31,2022-09-17,2022-09-17 00:00:00,,,097,Department of Defense,5700,Department of the Air Force,FA8100,FA8100  AFSC PZIEC,097,Department of Defense,5700,Department of the Air Force,F3YCBS,F3YCBS 406 SCMS,,,,,X,NOT APPLICABLE,,,F17EVN9J5WJ5,,S & K GLOBAL SOLUTIONS LLC,"S & K GLOBAL SOLUTIONS, LLC.",,43CU2,F17EVN9J5WJ5,,S & K GLOBAL SOLUTIONS LLC,S & K GLOBAL SOLUTIONS  LLC,USA,UNITED STATES,145 SOUTHLAKE CREST STE 2,,POLSON,30047,LAKE,30,MT,MONTANA,598606969,MT-00,MT-01,4067455725,4067457506,USA,UNITED STATES,POLSON,30047,LAKE,30,MT,MONTANA,598606969,MT-01,MT-01,AWARD,D,DEFINITIVE CONTRACT,,,,,,,J,FIRM FIXED PRICE,IGF::OT::IGF 448TH SUPPLY CHAIN ADVISORY AND ASSISTANCE SERVICES,FA810017R0005,1,OT,OTHER FUNCTIONS,R499,SUPPORT- PROFESSIONAL: OTHER,H,NOT BUNDLED,A1B,AIRCRAFT ENGINES AND SPARES,541330,ENGINEERING SERVICES,C,NO CLAUSES INCLUDED AND NO SUSTAINABILITY INCLUDED,A,U.S. OWNED BUSINESS,000,NONE,Z,NOT IT PRODUCTS OR SERVICES,E,NOT REQUIRED,USA,UNITED STATES,C,NOT A MANUFACTURED END PRODUCT,B,PLAN NOT REQUIRED,G,NOT COMPETED UNDER SAP,SP1,SIMPLIFIED ACQUISITION,8AN,8(A) SOLE SOURCE,NONE,NO PREFERENCE USED,,,,,OTH,AUTHORIZED BY STATUTE (FAR 6.302-5(A)(2)(I)),1,A,COMMERCIAL PRODUCTS/SERVICES,f,Y,YES,N,NO,X,NOT APPLICABLE,N,NO,0.00,N,NO,X,NOT APPLICABLE,X,NOT APPLICABLE,X,NOT APPLICABLE,X,NOT APPLICABLE,,,,,,,,NONE,NONE,N,NO,X,NOT APPLICABLE EXEMPT FROM CAS,Y,TRANSACTION USES GFE/GFP,N,NO,D,NOT CONSOLIDATED,Y,YES - SERVICE WHERE PBA IS USED.,N,NO,Z,NOT APPLICABLE,N,NO,X,NOT APPLICABLE,f,t,t,f,t,f,f,f,f,f,f,f,t,f,f,f,f,t,f,SMALL BUSINESS,S,f,f,f,f,f,f,f,f,f,f,f,f,f,f,f,f,f,CORPORATE NOT TAX EXEMPT,t,f,f,f,f,f,f,f,f,f,f,f,f,f,f,f,f,t,f,f,f,f,f,f,f,f,t,f,t,f,f,f,f,f,f,f,f,f,f,f,f,f,f,f,f,t,f,t,f,f,BARBARA  DEBERNARDO,184000.00,STEVEN P VAN KEUREN,180000.00,JOHN  DENNY,175000.00,JOY  NORRIS,158933.00,ROBERT J ERICKSON,154510.00,https://www.usaspending.gov/award/CONT_AWD_FA810017C0021_9700_-NONE-_-NONE-/,2025-04-22 16:50:17+00
CONT_AWD_FA812618C0006_9700_-NONE-_-NONE-,FA812618C0006,,,,,,,,,524997.69,,524997.69,524997.69,2018-07-20,2018,2023-07-06,2023,2018-08-01,2024-01-31,2024-01-31 00:00:00,,,097,Department of Defense,5700,Department of the Air Force,FA8126,FA8126  AFSC PZIMB,097,Department of Defense,5700,Department of the Air Force,F3YCEB,F3YCEB OC ALC OBC,,,,,X,NOT APPLICABLE,,,Z9TUHQN8QK35,,NORTHROP GRUMMAN SYSTEMS CORPORATION,"AMHERST SYSTEMS, INC.",,1L4J7,NKVZLJL93QT6,,NORTHROP GRUMMAN CORPORATION,NORTHROP GRUMMAN SYSTEMS CORPORATION,USA,UNITED STATES,1740 WEHRLE DR,,BUFFALO,36029,ERIE,36,NY,NEW YORK,142217032,NY-26,NY-26,7166261780,7166310629,USA,UNITED STATES,OKLAHOMA CITY,40109,OKLAHOMA,40,OK,OKLAHOMA,731453015,OK-04,OK-04,AWARD,D,DEFINITIVE CONTRACT,,,,,,,J,FIRM FIXED PRICE,PREVENTIVE MAINTENACE (PM) FOR CEESIM,FA812617R0008,1,OT,OTHER FUNCTIONS,J066,MAINT/REPAIR/REBUILD OF EQUIPMENT- INSTRUMENTS AND LABORATORY EQUIPMENT,H,NOT BUNDLED,S1,SERVICES,811219,OTHER ELECTRONIC AND PRECISION EQUIPMENT REPAIR AND MAINTENANCE,C,NO CLAUSES INCLUDED AND NO SUSTAINABILITY INCLUDED,A,U.S. OWNED BUSINESS,000,NONE,Z,NOT IT PRODUCTS OR SERVICES,E,NOT REQUIRED,USA,UNITED STATES,C,NOT A MANUFACTURED END PRODUCT,B,PLAN NOT REQUIRED,G,NOT COMPETED UNDER SAP,SP1,SIMPLIFIED ACQUISITION,NONE,NO SET ASIDE USED.,NONE,NO PREFERENCE USED,,,,,SP2,SAP NON-COMPETITION (FAR 13),1,D,COMMERCIAL PRODUCTS/SERVICES PROCEDURES NOT USED,f,N,NO,N,NO,Y,YES,N,NO,0.00,N,NO,N,NO,Y,YES,N,NO,X,NOT APPLICABLE,,,,,,,,NONE,NONE,N,NO,Y,YES - CAS CLAUSE INCLUDED,N,TRANSACTION DOES NOT USE GFE/GFP,U,UNKNOWN,D,NOT CONSOLIDATED,Y,YES - SERVICE WHERE PBA IS USED.,N,NO,Z,NOT APPLICABLE,N,NO,X,NOT APPLICABLE,f,f,f,f,f,f,f,f,f,f,f,f,f,f,f,f,f,f,f,OTHER THAN SMALL BUSINESS,O,f,f,f,f,f,f,f,f,f,f,f,f,f,f,f,f,f,CORPORATE NOT TAX EXEMPT,t,f,f,f,f,f,f,f,f,f,f,f,t,f,f,f,f,t,f,f,f,f,f,f,f,f,f,f,t,f,f,f,f,f,f,f,f,f,f,f,f,f,f,f,f,f,f,f,f,f,,,,,,,,,,,https://www.usaspending.gov/award/CONT_AWD_FA812618C0006_9700_-NONE-_-NONE-/,2023-07-06 13:13:52+00
CONT_AWD_FA821320C0005_9700_-NONE-_-NONE-,FA821320C0005,,,,Q: Not Designated Nonemergency/Emergency/Disaster/Wildfire Suppression,,,,,100708731.85,0.00,66310125.70,66310125.70,2020-08-17,2020,2023-07-13,2023,2020-08-17,2024-07-12,2024-07-12 00:00:00,,2019-05-06,097,Department of Defense,5700,Department of the Air Force,FA8213,FA8213  AFLCMC EBHK,097,Department of Defense,5700,Department of the Air Force,F2DCAE,F2DCAE AFLCMC/EBH,057-2018/2020-3011-000,057-3011,31.0: Equipment,0001: AMMUNITION AND SUPPORT;OPTN: FIELD IS OPTIONAL PRIOR TO FY21,X,NOT APPLICABLE,,,SL2UCFSFHAF9,,"KAMAN PRECISION PRODUCTS, LLC","KAMAN PRECISION PRODUCTS, INC.",,3BDX5,SCEEGJW7XZE5,,KAMAN CORP,KAMAN CORPORATION,USA,UNITED STATES,6655 E COLONIAL DR,,ORLANDO,12095,ORANGE,12,FL,FLORIDA,328075200,FL-10,FL-10,8606324536,8606324567,USA,UNITED STATES,ORLANDO,12095,ORANGE,12,FL,FLORIDA,328075200,FL-10,FL-10,AWARD,D,DEFINITIVE CONTRACT,,,,,,,J,FIRM FIXED PRICE,"1325016758741 JOINT PROGRAMMABLE FUZE 152A/B SYSTEM, SPARES AND TRAINERS LOT 15 AND 16",FA821319R3010,1,,,1325,BOMBS,H,NOT BUNDLED,A5,WEAPONS,332993,AMMUNITION (EXCEPT SMALL ARMS) MANUFACTURING,C,NO CLAUSES INCLUDED AND NO SUSTAINABILITY INCLUDED,A,U.S. OWNED BUSINESS,000,NONE,Z,NOT IT PRODUCTS OR SERVICES,E,NOT REQUIRED,USA,UNITED STATES,D,MFG IN U.S.,F,INDIVIDUAL SUBCONTRACT PLAN,C,NOT COMPETED,SSS,ONLY ONE SOURCE,NONE,NO SET ASIDE USED.,NONE,NO PREFERENCE USED,,,,,PDR,PATENT OR DATA RIGHTS (FAR 6.302-1(B)(2)),1,D,COMMERCIAL PRODUCTS/SERVICES PROCEDURES NOT USED,f,N,NO,N,NO,X,NOT APPLICABLE,N,NO,0.00,N,NO,Y,YES,Y,YES,X,NOT APPLICABLE,X,NOT APPLICABLE,,,,,,,,NONE,NONE,Y,YES,Y,YES - CAS CLAUSE INCLUDED,Y,TRANSACTION USES GFE/GFP,N,NO,D,NOT CONSOLIDATED,X,NOT APPLICABLE,N,NO,Z,NOT APPLICABLE,N,NO,X,NOT APPLICABLE,f,f,f,f,f,f,f,f,f,f,f,f,f,f,f,f,f,f,f,OTHER THAN SMALL BUSINESS,O,f,f,f,f,f,f,f,f,f,f,f,f,f,f,f,f,f,CORPORATE NOT TAX EXEMPT,t,f,f,f,f,f,f,f,f,f,f,f,t,f,f,f,f,t,f,f,f,f,f,f,f,f,f,f,t,f,f,f,f,f,f,f,f,f,f,f,f,f,f,f,f,f,f,f,f,f,,,,,,,,,,,https://www.usaspending.gov/award/CONT_AWD_FA821320C0005_9700_-NONE-_-NONE-/,2023-07-13 12:27:04+00
CONT_AWD_FA830722C0027_9700_-NONE-_-NONE-,FA830722C0027,,,,,,,,,4976488.07,,4999758.07,7385030.90,2022-07-12,2022,2023-07-11,2023,2022-07-12,2024-07-11,2024-07-11 00:00:00,,2022-05-24,097,Department of Defense,5700,Department of the Air Force,FA8307,FA8307  AFLCMC HNCK HNC CYBER & NTR,097,Department of Defense,5700,Department of the Air Force,F2MTN7,F2MTN7 AFLCMC HNC,,,,,X,NOT APPLICABLE,,,YDUNDQ3D8TY9,,"ANNO.AI, INC.","ANNO.AI, INC.",,8BBR2,YDUNDQ3D8TY9,,"ANNO.AI, INC.",ANNO.AI  INC.,USA,UNITED STATES,16500 LAKE STREET EXT,,MINNETONKA,27053,HENNEPIN,27,MN,MINNESOTA,553452740,MN-03,MN-03,3128044934,,USA,UNITED STATES,MINNETONKA,27053,HENNEPIN,27,MN,MINNESOTA,553452740,MN-03,MN-03,AWARD,D,DEFINITIVE CONTRACT,,,,,,,J,FIRM FIXED PRICE,ANNOAI SMALL BUSINESS INNOVATION RESEARCH PHASE II,FA830722R0112,1,OT,OTHER FUNCTIONS,AC31,NATIONAL DEFENSE R&D SERVICES; DEFENSE-RELATED ACTIVITIES; BASIC RESEARCH,H,NOT BUNDLED,C9E,ALL OTHERS NOT IDENTIFIABLE TO ANY OTHER PROCUREMENT PROGRAM,541512,COMPUTER SYSTEMS DESIGN SERVICES,C,NO CLAUSES INCLUDED AND NO SUSTAINABILITY INCLUDED,A,U.S. OWNED BUSINESS,000,NONE,Z,NOT IT PRODUCTS OR SERVICES,E,NOT REQUIRED,USA,UNITED STATES,C,NOT A MANUFACTURED END PRODUCT,B,PLAN NOT REQUIRED,D,FULL AND OPEN COMPETITION AFTER EXCLUSION OF SOURCES,NP,NEGOTIATED PROPOSAL/QUOTE,SBA,SMALL BUSINESS SET ASIDE - TOTAL,NONE,NO PREFERENCE USED,ST2,SMALL TECHNOLOGY TRANSFER RESEARCH PROGRAM PHASE II,,,,,1,D,COMMERCIAL PRODUCTS/SERVICES PROCEDURES NOT USED,f,N,NO,N,NO,X,NOT APPLICABLE,N,NO,0.00,N,NO,X,NOT APPLICABLE,X,NOT APPLICABLE,X,NOT APPLICABLE,X,NOT APPLICABLE,,,,,,,,NONE,NONE,W,NOT OBTAINED - WAIVED,X,NOT APPLICABLE EXEMPT FROM CAS,N,TRANSACTION DOES NOT USE GFE/GFP,U,UNKNOWN,D,NOT CONSOLIDATED,N,NO - SERVICE WHERE PBA IS NOT USED.,N,NO,Z,NOT APPLICABLE,N,NO,X,NOT APPLICABLE,f,f,f,f,f,f,f,f,f,f,f,f,f,f,f,f,f,f,f,SMALL BUSINESS,S,f,f,f,f,f,f,f,f,f,f,f,f,f,f,f,f,f,CORPORATE NOT TAX EXEMPT,t,f,f,f,f,f,f,f,f,f,f,f,f,f,f,f,f,t,f,f,f,f,f,f,f,f,f,f,t,f,f,f,f,f,f,f,f,f,f,f,f,f,f,f,f,f,f,f,f,f,,,,,,,,,,,https://www.usaspending.gov/award/CONT_AWD_FA830722C0027_9700_-NONE-_-NONE-/,2023-07-12 13:26:33+00
CONT_AWD_FA850415C0002_9700_-NONE-_-NONE-,FA850415C0002,,,,,,,,,16066301.26,,16066301.26,29189761.26,2015-02-26,2015,2023-07-13,2023,2015-02-26,2023-08-01,2023-08-01 00:00:00,,,097,Department of Defense,5700,Department of the Air Force,FA8504,FA8504  AFLCMC WLNKA,097,Department of Defense,5700,Department of the Air Force,F3QCCC,F3QCCC AFLCMC WLN,,,,,X,NOT APPLICABLE,,,F125YU6SWK59,,BATTELLE MEMORIAL INSTITUTE,BATTELLE MEMORIAL INSTITUTE,,79986,F125YU6SWK59,,BATTELLE MEMORIAL INSTITUTE,BATTELLE MEMORIAL INSTITUTE,USA,UNITED STATES,505 KING AVENUE,,COLUMBUS,39049,FRANKLIN,39,OH,OHIO,432012696,OH-03,OH-03,6144246503,6144585603,USA,UNITED STATES,COLUMBUS,39049,FRANKLIN,39,OH,OHIO,432012696,OH-03,OH-03,AWARD,D,DEFINITIVE CONTRACT,,,,,,,J,FIRM FIXED PRICE,PURCHASE MODULAR AERIAL SPRAY SYSTEM FOR C-130,,1,,,1560,AIRFRAME STRUCTURAL COMPONENTS,D,NOT A BUNDLED REQUIREMENT,A1A,AIRFRAMES AND SPARES,336413,OTHER AIRCRAFT PARTS AND AUXILIARY EQUIPMENT MANUFACTURING,C,NO CLAUSES INCLUDED AND NO SUSTAINABILITY INCLUDED,A,U.S. OWNED BUSINESS,000,NONE,Z,NOT IT PRODUCTS OR SERVICES,E,NOT REQUIRED,USA,UNITED STATES,D,MFG IN U.S.,F,INDIVIDUAL SUBCONTRACT PLAN,A,FULL AND OPEN COMPETITION,NP,NEGOTIATED PROPOSAL/QUOTE,NONE,NO SET ASIDE USED.,NONE,NO PREFERENCE USED,,,,,,,1,D,COMMERCIAL PRODUCTS/SERVICES PROCEDURES NOT USED,f,N,NO,N,NO,X,NOT APPLICABLE,N,NO,0.00,N,NO,Y,YES,X,NOT APPLICABLE,X,NOT APPLICABLE,X,NOT APPLICABLE,,,,,,,,NONE,NONE,N,NO,X,NOT APPLICABLE EXEMPT FROM CAS,N,TRANSACTION DOES NOT USE GFE/GFP,N,NO,N,NO,X,NOT APPLICABLE,N,NO,Z,NOT APPLICABLE,N,NO,X,NOT APPLICABLE,f,f,f,f,f,f,f,f,f,f,f,f,f,f,f,f,f,f,f,OTHER THAN SMALL BUSINESS,O,f,f,f,f,f,f,f,f,f,f,f,f,f,f,f,f,f,CORPORATE TAX EXEMPT,f,t,f,f,f,f,f,f,f,f,f,f,t,f,f,f,f,t,f,f,f,f,f,f,f,f,f,f,f,t,f,f,f,f,f,f,f,f,f,f,f,f,f,f,f,f,f,f,f,f,,,,,,,,,,,https://www.usaspending.gov/award/CONT_AWD_FA850415C0002_9700_-NONE-_-NONE-/,2023-07-13 15:53:52+00
CONT_AWD_FA852218C0003_9700_-NONE-_-NONE-,FA852218C0003,,,,,,,,,1607880.00,,1607880.00,2802780.00,2018-07-31,2018,2023-07-13,2023,2018-07-31,2023-07-30,2023-07-30 00:00:00,,2017-11-17,097,Department of Defense,5700,Department of the Air Force,FA8522,FA8522  AFSC PZABB,097,Department of Defense,5700,Department of the Air Force,F3QL04,F3QL04 408 SCMS,,,,,X,NOT APPLICABLE,,,KLQ7NM9LCTL9,,RODELCO ELECTRONICS CORP,RODELCO ELECTRONICS CORP.,,59926,KLQ7NM9LCTL9,,RODELCO ELECTRONICS CORP,RODELCO ELECTRONICS CORP.,USA,UNITED STATES,111 HAYNES CT,,RONKONKOMA,36103,SUFFOLK,36,NY,NEW YORK,117797221,NY-02,NY-02,6319810900,6319811792,USA,UNITED STATES,RONKONKOMA,36103,SUFFOLK,36,NY,NEW YORK,117797221,NY-02,NY-02,AWARD,D,DEFINITIVE CONTRACT,,,,,,,J,FIRM FIXED PRICE,SPARES PURCHASE FOR ALQ-184 CONTROL COUNTERMEASURE,FA852217R0010,1,,,5865,"ELECTRONIC COUNTERMEASURES, COUNTER-COUNTERMEASURES AND QUICK REACTION CAPABILITY EQUIPMENT",H,NOT BUNDLED,A7,ELECTRONICS AND COMMUNICATION EQUIPMENT,334511,"SEARCH, DETECTION, NAVIGATION, GUIDANCE, AERONAUTICAL, AND NAUTICAL SYSTEM AND INSTRUMENT MANUFACTURING",C,NO CLAUSES INCLUDED AND NO SUSTAINABILITY INCLUDED,A,U.S. OWNED BUSINESS,000,NONE,Z,NOT IT PRODUCTS OR SERVICES,E,NOT REQUIRED,USA,UNITED STATES,D,MFG IN U.S.,B,PLAN NOT REQUIRED,A,FULL AND OPEN COMPETITION,NP,NEGOTIATED PROPOSAL/QUOTE,NONE,NO SET ASIDE USED.,NONE,NO PREFERENCE USED,,,,,,,1,D,COMMERCIAL PRODUCTS/SERVICES PROCEDURES NOT USED,f,N,NO,N,NO,X,NOT APPLICABLE,N,NO,0.00,N,NO,Y,YES,X,NOT APPLICABLE,X,NOT APPLICABLE,X,NOT APPLICABLE,,,,,,,,NONE,NONE,N,NO,X,NOT APPLICABLE EXEMPT FROM CAS,N,TRANSACTION DOES NOT USE GFE/GFP,N,NO,D,NOT CONSOLIDATED,X,NOT APPLICABLE,N,NO,Z,NOT APPLICABLE,N,NO,X,NOT APPLICABLE,f,f,f,f,f,f,f,f,f,f,f,f,f,f,f,f,f,f,f,SMALL BUSINESS,S,f,f,f,f,f,f,f,f,f,f,f,f,f,f,f,f,f,CORPORATE NOT TAX EXEMPT,t,f,f,f,f,f,f,f,f,f,f,f,f,f,f,f,f,t,f,f,f,f,f,f,f,f,f,f,t,f,f,f,f,f,f,f,f,f,f,f,f,f,f,f,f,f,f,f,f,f,,,,,,,,,,,https://www.usaspending.gov/award/CONT_AWD_FA852218C0003_9700_-NONE-_-NONE-/,2023-07-13 12:33:21+00
CONT_AWD_FA857621C0002_9700_-NONE-_-NONE-,FA857621C0002,,,,,,,,,61787762.00,,61787762.00,61787762.00,2021-05-27,2021,2023-07-05,2023,2021-05-27,2023-07-31,2023-07-31 00:00:00,,2021-03-23,097,Department of Defense,5700,Department of the Air Force,FA8576,FA8576  AFLCMC ESKC,097,Department of Defense,5700,Department of the Air Force,F4FDAY,F4FDAY AFLCMC WNS,,,,,X,NOT APPLICABLE,,,WRK6FN8BDXN5,,US MEDICAL GLOVE COMPANY L.L.C.,US MEDICAL GLOVE COMPANY L.L.C.,,8SXM6,WRK6FN8BDXN5,,US MEDICAL GLOVE COMPANY L.L.C.,US MEDICAL GLOVE COMPANY L.L.C.,USA,UNITED STATES,841 CORPORATE DR STE 302,,LEXINGTON,21067,FAYETTE,21,KY,KENTUCKY,405035424,KY-06,KY-06,7037259463,,USA,UNITED STATES,LEXINGTON,21067,FAYETTE,21,KY,KENTUCKY,405035424,KY-06,KY-06,AWARD,D,DEFINITIVE CONTRACT,,,,,,,J,FIRM FIXED PRICE,COVID-19 DHHS CAPACITY EXPANSION TO INCREASE CONUS PRODUCTION OF GLOVES WITH 24 NEW PRODUCTION LINES. CONTRACT WILL RESULT IN CAPACITY TO PRODUCE 192.48 MILLION GLOVES PER MONTH.,FA857621R0003,1,,,6505,DRUGS AND BIOLOGICALS,H,NOT BUNDLED,C9B,MEDICAL AND DENTAL SUPPLIES AND EQUIPMENT,325412,PHARMACEUTICAL PREPARATION MANUFACTURING,C,NO CLAUSES INCLUDED AND NO SUSTAINABILITY INCLUDED,A,U.S. OWNED BUSINESS,000,NONE,Z,NOT IT PRODUCTS OR SERVICES,E,NOT REQUIRED,USA,UNITED STATES,D,MFG IN U.S.,B,PLAN NOT REQUIRED,A,FULL AND OPEN COMPETITION,NP,NEGOTIATED PROPOSAL/QUOTE,NONE,NO SET ASIDE USED.,NONE,NO PREFERENCE USED,,,,,,,1,D,COMMERCIAL PRODUCTS/SERVICES PROCEDURES NOT USED,f,N,NO,N,NO,X,NOT APPLICABLE,N,NO,0.00,N,NO,X,NOT APPLICABLE,X,NOT APPLICABLE,X,NOT APPLICABLE,X,NOT APPLICABLE,,,,,,,,NONE,NONE,N,NO,X,NOT APPLICABLE EXEMPT FROM CAS,N,TRANSACTION DOES NOT USE GFE/GFP,N,NO,D,NOT CONSOLIDATED,X,NOT APPLICABLE,N,NO,Z,NOT APPLICABLE,N,NO,X,NOT APPLICABLE,f,f,f,f,f,f,f,f,f,f,f,f,f,f,f,f,f,f,f,SMALL BUSINESS,S,f,f,f,f,f,f,f,f,f,f,f,f,f,f,f,f,f,CORPORATE NOT TAX EXEMPT,t,f,f,f,f,f,f,f,f,f,f,f,f,f,f,f,f,t,f,f,f,f,f,f,f,f,f,f,t,f,f,f,f,f,f,f,f,f,f,f,f,f,f,f,f,f,f,f,f,f,,,,,,,,,,,https://www.usaspending.gov/award/CONT_AWD_FA857621C0002_9700_-NONE-_-NONE-/,2023-07-05 10:27:32+00
CONT_AWD_FA860420C8107_9700_-NONE-_-NONE-,FA860420C8107,,,,Q: Not Designated Nonemergency/Emergency/Disaster/Wildfire Suppression,,,,,677769.00,0.00,677769.00,677769.00,2020-08-28,2020,2023-07-11,2023,2020-08-28,2021-11-12,2023-11-12 00:00:00,,2020-06-03,097,Department of Defense,5700,Department of the Air Force,FA8604,FA8604  AFLCMC PZI,097,Department of Defense,5700,Department of the Air Force,F4FDBM,F4FDBM AFLCMC EN_EZ,057-2020/2022-3080-000,057-3080,31.0: Equipment,0002: SUPPORT VEHICLES AND EQUIPMENT,X,NOT APPLICABLE,,,XW35PP1QJBQ3,,"WAREHOUSE ONE, INC","WAREHOUSE ONE, INC.",,1QTB8,XW35PP1QJBQ3,,"WAREHOUSE ONE, INC",WAREHOUSE ONE  INC.,USA,UNITED STATES,7800 E 12TH ST STE 13,,KANSAS CITY,29095,JACKSON,29,MO,MISSOURI,641262375,MO-05,MO-05,8164836999,8162552207,USA,UNITED STATES,KANSAS CITY,29095,JACKSON,29,MO,MISSOURI,641262375,MO-05,MO-05,AWARD,D,DEFINITIVE CONTRACT,,,,,,,J,FIRM FIXED PRICE,NON-ACAT MECHANIZED MATERIAL HANDLING SYSTEM AT RAF LAKENHEATH,FA860420R8107,1,,,3990,MISCELLANEOUS MATERIALS HANDLING EQUIPMENT,H,NOT BUNDLED,C9E,ALL OTHERS NOT IDENTIFIABLE TO ANY OTHER PROCUREMENT PROGRAM,333922,CONVEYOR AND CONVEYING EQUIPMENT MANUFACTURING,C,NO CLAUSES INCLUDED AND NO SUSTAINABILITY INCLUDED,A,U.S. OWNED BUSINESS,000,NONE,Z,NOT IT PRODUCTS OR SERVICES,E,NOT REQUIRED,USA,UNITED STATES,D,MFG IN U.S.,B,PLAN NOT REQUIRED,D,FULL AND OPEN COMPETITION AFTER EXCLUSION OF SOURCES,NP,NEGOTIATED PROPOSAL/QUOTE,SBA,SMALL BUSINESS SET ASIDE - TOTAL,NONE,NO PREFERENCE USED,,,,,,,1,A,COMMERCIAL PRODUCTS/SERVICES,f,N,NO,N,NO,X,NOT APPLICABLE,N,NO,0.00,N,NO,X,NOT APPLICABLE,X,NOT APPLICABLE,X,NOT APPLICABLE,X,NOT APPLICABLE,,,,,,,,NONE,NONE,N,NO,X,NOT APPLICABLE EXEMPT FROM CAS,N,TRANSACTION DOES NOT USE GFE/GFP,U,UNKNOWN,D,NOT CONSOLIDATED,X,NOT APPLICABLE,N,NO,Z,NOT APPLICABLE,N,NO,X,NOT APPLICABLE,f,f,f,f,f,f,f,f,f,f,f,f,f,f,f,f,f,f,f,SMALL BUSINESS,S,f,f,f,f,f,f,f,f,f,f,f,f,f,f,f,f,f,CORPORATE NOT TAX EXEMPT,t,f,f,f,f,f,f,f,f,f,f,f,f,f,f,f,f,t,f,f,f,f,f,f,f,f,f,f,t,f,f,f,f,f,f,f,f,f,f,f,f,f,f,f,f,f,f,f,t,f,,,,,,,,,,,https://www.usaspending.gov/award/CONT_AWD_FA860420C8107_9700_-NONE-_-NONE-/,2025-04-22 16:50:17+00
CONT_AWD_FA860421CB056_9700_-NONE-_-NONE-,FA860421CB056,,,,,,,,,1101258.27,,1101258.27,1101258.27,2021-08-31,2021,2023-07-13,2023,2021-08-31,2023-08-30,2023-08-30 00:00:00,,2021-06-11,097,Department of Defense,5700,Department of the Air Force,FA8604,FA8604  AFLCMC PZI,097,Department of Defense,5700,Department of the Air Force,F4FDBM,F4FDBM AFLCMC EN_EZ,,,,,X,NOT APPLICABLE,,,XW35PP1QJBQ3,,"WAREHOUSE ONE, INC","WAREHOUSE ONE, INC.",,1QTB8,XW35PP1QJBQ3,,"WAREHOUSE ONE, INC",WAREHOUSE ONE  INC.,USA,UNITED STATES,7800 E 12TH ST STE 13,,KANSAS CITY,29095,JACKSON,29,MO,MISSOURI,641262375,MO-05,MO-05,8164836999,8162552207,USA,UNITED STATES,KANSAS CITY,29095,JACKSON,29,MO,MISSOURI,641262372,MO-05,MO-05,AWARD,D,DEFINITIVE CONTRACT,,,,,,,J,FIRM FIXED PRICE,NON ACAT STORAGE AID SYSTEM BUCKLEY AND CHARLOTTE,FA860421RB016,1,,,3990,MISCELLANEOUS MATERIALS HANDLING EQUIPMENT,H,NOT BUNDLED,C9D,MATERIALS HANDLING EQUIPMENT,333922,CONVEYOR AND CONVEYING EQUIPMENT MANUFACTURING,C,NO CLAUSES INCLUDED AND NO SUSTAINABILITY INCLUDED,A,U.S. OWNED BUSINESS,000,NONE,Z,NOT IT PRODUCTS OR SERVICES,E,NOT REQUIRED,USA,UNITED STATES,D,MFG IN U.S.,B,PLAN NOT REQUIRED,D,FULL AND OPEN COMPETITION AFTER EXCLUSION OF SOURCES,NP,NEGOTIATED PROPOSAL/QUOTE,SBA,SMALL BUSINESS SET ASIDE - TOTAL,NONE,NO PREFERENCE USED,,,,,,,3,A,COMMERCIAL PRODUCTS/SERVICES,f,N,NO,N,NO,Y,YES,N,NO,0.00,N,NO,X,NOT APPLICABLE,N,NO,N,NO,X,NOT APPLICABLE,,,,,,,,NONE,NONE,N,NO,X,NOT APPLICABLE EXEMPT FROM CAS,N,TRANSACTION DOES NOT USE GFE/GFP,U,UNKNOWN,D,NOT CONSOLIDATED,X,NOT APPLICABLE,N,NO,Z,NOT APPLICABLE,N,NO,X,NOT APPLICABLE,f,f,f,f,f,f,f,f,f,f,f,f,f,f,f,f,f,f,f,SMALL BUSINESS,S,f,f,f,f,f,f,f,f,f,f,f,f,f,f,f,f,f,CORPORATE NOT TAX EXEMPT,t,f,f,f,f,f,f,f,f,f,f,f,f,f,f,f,f,t,f,f,f,f,f,f,f,f,f,f,t,f,f,f,f,f,f,f,f,f,f,f,f,f,f,f,f,f,f,f,t,f,,,,,,,,,,,https://www.usaspending.gov/award/CONT_AWD_FA860421CB056_9700_-NONE-_-NONE-/,2025-04-22 16:50:17+00
CONT_AWD_FA860422CB038_9700_-NONE-_-NONE-,FA860422CB038,,,,,,,,,991275.22,,2053175.22,2053175.22,2022-08-26,2022,2023-07-10,2023,2022-08-26,2025-05-25,2025-05-25 00:00:00,,2022-06-08,097,Department of Defense,5700,Department of the Air Force,FA8604,FA8604  AFLCMC PZI,097,Department of Defense,5700,Department of the Air Force,F4FDBL,F4FDBL AFLCMC EZJA,,,,,X,NOT APPLICABLE,,,XW35PP1QJBQ3,,"WAREHOUSE ONE, INC","WAREHOUSE ONE, INC.",,1QTB8,XW35PP1QJBQ3,,"WAREHOUSE ONE, INC",WAREHOUSE ONE  INC.,USA,UNITED STATES,7800 E 12TH ST STE 13,,KANSAS CITY,29095,JACKSON,29,MO,MISSOURI,641262375,MO-05,MO-05,8164836999,8162552207,USA,UNITED STATES,JACKSONVILLE,12031,DUVAL,12,FL,FLORIDA,322181002,FL-04,FL-04,AWARD,D,DEFINITIVE CONTRACT,,,,,,,J,FIRM FIXED PRICE,"NON-ACAT, MECHANIZED MATERIAL HANDLING STORAGE AID SYSTEM FOR JACKSONVILLE ANGB, FL",FA860422RB010,1,,,3990,MISCELLANEOUS MATERIALS HANDLING EQUIPMENT,H,NOT BUNDLED,C9D,MATERIALS HANDLING EQUIPMENT,333922,CONVEYOR AND CONVEYING EQUIPMENT MANUFACTURING,C,NO CLAUSES INCLUDED AND NO SUSTAINABILITY INCLUDED,A,U.S. OWNED BUSINESS,000,NONE,Z,NOT IT PRODUCTS OR SERVICES,E,NOT REQUIRED,USA,UNITED STATES,D,MFG IN U.S.,B,PLAN NOT REQUIRED,D,FULL AND OPEN COMPETITION AFTER EXCLUSION OF SOURCES,NP,NEGOTIATED PROPOSAL/QUOTE,SBA,SMALL BUSINESS SET ASIDE - TOTAL,NONE,NO PREFERENCE USED,,,,,,,2,A,COMMERCIAL PRODUCTS/SERVICES,f,N,NO,N,NO,Y,YES,N,NO,0.00,N,NO,X,NOT APPLICABLE,X,NOT APPLICABLE,X,NOT APPLICABLE,X,NOT APPLICABLE,,,,,,,,NONE,NONE,N,NO,X,NOT APPLICABLE EXEMPT FROM CAS,N,TRANSACTION DOES NOT USE GFE/GFP,N,NO,D,NOT CONSOLIDATED,X,NOT APPLICABLE,N,NO,Z,NOT APPLICABLE,N,NO,X,NOT APPLICABLE,f,f,f,f,f,f,f,f,f,f,f,f,f,f,f,f,f,f,f,SMALL BUSINESS,S,f,f,f,f,f,f,f,f,f,f,f,f,f,f,f,f,f,CORPORATE NOT TAX EXEMPT,t,f,f,f,f,f,f,f,f,f,f,f,f,f,f,f,f,t,f,f,f,f,f,f,f,t,f,f,t,f,f,f,f,f,f,f,f,f,f,f,f,f,f,f,f,f,f,f,t,f,,,,,,,,,,,https://www.usaspending.gov/award/CONT_AWD_FA860422CB038_9700_-NONE-_-NONE-/,2023-07-10 17:15:02+00
CONT_AWD_FA860423CB021_9700_-NONE-_-NONE-,FA860423CB021,,,,,,,,,182017.00,,182017.00,182017.00,2023-03-13,2023,2023-07-07,2023,2023-03-13,2023-10-09,2023-10-09 00:00:00,,2023-01-19,097,Department of Defense,5700,Department of the Air Force,FA8604,FA8604  AFLCMC PZI,097,Department of Defense,5700,Department of the Air Force,F4FDBM,F4FDBM AFLCMC EN_EZ,,,,,X,NOT APPLICABLE,,,XW35PP1QJBQ3,,"WAREHOUSE ONE, INC","WAREHOUSE ONE, INC.",,1QTB8,XW35PP1QJBQ3,,"WAREHOUSE ONE, INC",WAREHOUSE ONE  INC.,USA,UNITED STATES,7800 E 12TH ST STE 13,,KANSAS CITY,29095,JACKSON,29,MO,MISSOURI,641262375,MO-05,MO-05,8164836999,8162552207,GBR,UNITED KINGDOM,,,,,,,,,,AWARD,D,DEFINITIVE CONTRACT,,,,,,,J,FIRM FIXED PRICE,MMHS STORAGE AID SYSTEM,FA860423RB002,1,,,3990,MISCELLANEOUS MATERIALS HANDLING EQUIPMENT,H,NOT BUNDLED,,,333922,CONVEYOR AND CONVEYING EQUIPMENT MANUFACTURING,C,NO CLAUSES INCLUDED AND NO SUSTAINABILITY INCLUDED,A,U.S. OWNED BUSINESS,000,NONE,Z,NOT IT PRODUCTS OR SERVICES,E,NOT REQUIRED,USA,UNITED STATES,D,MFG IN U.S.,B,PLAN NOT REQUIRED,D,FULL AND OPEN COMPETITION AFTER EXCLUSION OF SOURCES,NP,NEGOTIATED PROPOSAL/QUOTE,SBA,SMALL BUSINESS SET ASIDE - TOTAL,NONE,NO PREFERENCE USED,,,,,,,2,A,COMMERCIAL PRODUCTS/SERVICES,f,N,NO,,,Y,YES,N,NO,0.00,N,NO,X,NOT APPLICABLE,X,NOT APPLICABLE,X,NOT APPLICABLE,X,NOT APPLICABLE,,,,,,,,NONE,NONE,N,NO,X,NOT APPLICABLE EXEMPT FROM CAS,N,TRANSACTION DOES NOT USE GFE/GFP,,,D,NOT CONSOLIDATED,X,NOT APPLICABLE,N,NO,Z,NOT APPLICABLE,N,NO,X,NOT APPLICABLE,f,f,f,f,f,f,f,f,f,f,f,f,f,f,f,f,f,f,f,SMALL BUSINESS,S,f,f,f,f,f,f,f,f,f,f,f,f,f,f,f,f,f,CORPORATE NOT TAX EXEMPT,t,f,f,f,f,f,f,f,f,f,f,f,f,f,f,f,f,t,f,f,f,f,f,f,f,t,f,f,t,f,f,f,f,f,f,f,f,f,f,f,f,f,f,f,f,f,f,f,f,f,,,,,,,,,,,https://www.usaspending.gov/award/CONT_AWD_FA860423CB021_9700_-NONE-_-NONE-/,2023-07-07 09:07:31+00
CONT_AWD_FA862121C0061_9700_-NONE-_-NONE-,FA862121C0061,,,,Q: Not Designated Nonemergency/Emergency/Disaster/Wildfire Suppression,,,,,3741326.00,123195.00,3741326.00,3741326.00,2021-05-20,2021,2023-07-11,2023,2021-05-24,2023-11-24,2023-11-24 00:00:00,,2021-03-05,097,Department of Defense,5700,Department of the Air Force,FA8621,FA8621 AFLCMC WNSK SIMS,097,Department of Defense,5700,Department of the Air Force,F3PH2A,F3PH2A HQ 19AF,057-2021/2021-3400-000;057-2023/2023-3400-000,057-3400,25.7: Operation and maintenance of equipment,0000: UNKNOWN/OTHER;0020: UNDISTRIBUTED,X,NOT APPLICABLE,,,MBJ1M4J96R34,,SPECULAR THEORY INC.,"SPECULAR THEORY, INC.",,85FE7,MBJ1M4J96R34,,SPECULAR THEORY INC.,SPECULAR THEORY  INC.,USA,UNITED STATES,2320 ABBOT KINNEY BLVD STE A,,VENICE,06037,LOS ANGELES,06,CA,CALIFORNIA,902917705,CA-36,CA-36,4158164983,,USA,UNITED STATES,VENICE,06037,LOS ANGELES,06,CA,CALIFORNIA,902914930,CA-36,CA-36,AWARD,D,DEFINITIVE CONTRACT,,,,,,,J,FIRM FIXED PRICE,SBIR PHASE III-AIR TO AIR VIRTUAL REFUELER (AAVR),FA862121R0061,1,,,6930,OPERATION TRAINING DEVICES,H,NOT BUNDLED,A7,ELECTRONICS AND COMMUNICATION EQUIPMENT,611420,COMPUTER TRAINING,C,NO CLAUSES INCLUDED AND NO SUSTAINABILITY INCLUDED,A,U.S. OWNED BUSINESS,000,NONE,Z,NOT IT PRODUCTS OR SERVICES,E,NOT REQUIRED,USA,UNITED STATES,D,MFG IN U.S.,B,PLAN NOT REQUIRED,C,NOT COMPETED,SSS,ONLY ONE SOURCE,NONE,NO SET ASIDE USED.,NONE,NO PREFERENCE USED,SR3,SMALL BUSINESS INNOVATION RESEARCH PROGRAM PHASE III ACTION,,,ONE,ONLY ONE SOURCE-OTHER (FAR 6.302-1 OTHER),1,D,COMMERCIAL PRODUCTS/SERVICES PROCEDURES NOT USED,f,N,NO,N,NO,X,NOT APPLICABLE,N,NO,0.00,N,NO,X,NOT APPLICABLE,X,NOT APPLICABLE,X,NOT APPLICABLE,X,NOT APPLICABLE,,,,,,,,NONE,NONE,N,NO,X,NOT APPLICABLE EXEMPT FROM CAS,N,TRANSACTION DOES NOT USE GFE/GFP,U,UNKNOWN,D,NOT CONSOLIDATED,X,NOT APPLICABLE,N,NO,Z,NOT APPLICABLE,N,NO,X,NOT APPLICABLE,f,f,f,f,f,f,f,f,f,f,f,f,f,f,f,f,f,f,f,OTHER THAN SMALL BUSINESS,O,f,f,f,f,f,f,f,f,f,f,f,f,f,f,f,f,f,CORPORATE NOT TAX EXEMPT,t,f,f,f,f,f,f,f,f,f,f,f,f,f,f,f,f,t,f,f,f,f,f,f,f,f,f,f,t,f,f,f,f,f,f,f,f,f,f,f,f,f,f,f,f,f,f,f,f,f,,,,,,,,,,,https://www.usaspending.gov/award/CONT_AWD_FA862121C0061_9700_-NONE-_-NONE-/,2023-07-17 17:58:13+00
CONT_AWD_FA865010C1783_9700_-NONE-_-NONE-,FA865010C1783,,,,,,,,,4979834.00,,4979834.00,4979834.00,2010-04-12,2010,2023-07-14,2023,2010-04-12,2017-03-30,2017-03-30 00:00:00,,,097,Department of Defense,9763,Defense Contract Management Agency,S3605A,DCMA OHIO RIVER VALLEY (DAYTON),097,Department of Defense,5700,Department of the Air Force,FA8650,FA8650  USAF AFMC AFRL PZL AFRL/PZL,,,,,X,NOT APPLICABLE,,,L73CMBUJKJT5,,DEFENSE RESEARCH ASSOCIATES INC,"DEFENSE RESEARCH ASSOCIATES, INC.",,3U868,P4S4TPRPQ4Z3,,DEFENSE RESEARCH ASSOCIATES INC,DEFENSE RESEARCH ASSOCIATES INC,USA,UNITED STATES,3915 GERMANY LANE STE 102,,DAYTON,39057,GREENE,39,OH,OHIO,454311608,OH-10,OH-10,9374311644,9374274526,USA,UNITED STATES,DAYTON,39057,GREENE,39,OH,OHIO,454311688,OH-10,OH-10,AWARD,D,DEFINITIVE CONTRACT,,,,,,,U,COST PLUS FIXED FEE,SBIR II NEW START,,1,,,AC13,NATIONAL DEFENSE R&D SERVICES; DEPARTMENT OF DEFENSE - MILITARY; EXPERIMENTAL DEVELOPMENT,D,NOT A BUNDLED REQUIREMENT,A1C,OTHER AIRCRAFT EQUIPMENT,541712,"RESEARCH AND DEVELOPMENT IN THE PHYSICAL, ENGINEERING, AND LIFE SCIENCES (EXCEPT BIOTECHNOLOGY)",C,NO CLAUSES INCLUDED AND NO SUSTAINABILITY INCLUDED,A,U.S. OWNED BUSINESS,000,NONE,Z,NOT IT PRODUCTS OR SERVICES,E,NOT REQUIRED,USA,UNITED STATES,C,NOT A MANUFACTURED END PRODUCT,B,PLAN NOT REQUIRED,A,FULL AND OPEN COMPETITION,NP,NEGOTIATED PROPOSAL/QUOTE,NONE,NO SET ASIDE USED.,NONE,NO PREFERENCE USED,,,,,,,1,D,COMMERCIAL PRODUCTS/SERVICES PROCEDURES NOT USED,f,N,NO,N,NO,X,NOT APPLICABLE,N,NO,0.00,N,NO,X,NOT APPLICABLE,X,NOT APPLICABLE,X,NOT APPLICABLE,X,NOT APPLICABLE,,,,,,,,NONE,NONE,Y,YES,X,NOT APPLICABLE EXEMPT FROM CAS,Y,TRANSACTION USES GFE/GFP,U,UNKNOWN,N,NO,Y,YES - SERVICE WHERE PBA IS USED.,N,NO,Z,NOT APPLICABLE,N,NO,X,NOT APPLICABLE,f,f,f,f,f,t,f,f,f,f,f,f,f,f,f,f,f,f,f,SMALL BUSINESS,S,f,f,f,f,f,f,f,f,f,f,f,f,f,f,f,f,f,CORPORATE NOT TAX EXEMPT,t,f,f,f,f,f,f,f,f,f,f,f,f,f,f,f,f,t,f,f,f,f,f,f,f,f,f,f,t,f,f,f,f,f,f,f,f,f,f,f,f,f,f,f,f,f,f,f,f,f,,,,,,,,,,,https://www.usaspending.gov/award/CONT_AWD_FA865010C1783_9700_-NONE-_-NONE-/,2023-07-14 09:40:03+00
CONT_AWD_FA865016C2741_9700_-NONE-_-NONE-,FA865016C2741,,,,Q: Not Designated Nonemergency/Emergency/Disaster/Wildfire Suppression,,,,,1299673.00,0.00,2049663.00,2049663.00,2016-09-07,2016,2023-07-14,2023,2016-09-07,2024-07-05,2024-07-05 00:00:00,,,097,Department of Defense,5700,Department of the Air Force,FA8650,FA8650  USAF AFMC AFRL PZL AFRL/PZL,097,Department of Defense,5700,Department of the Air Force,F4FBQH,F4FBQH AFRL RQH,057-2018/2019-3600-000,057-3600,25.5: Research and development contracts,0001: BASIC RESEARCH,X,NOT APPLICABLE,,,YS94KQDW2HK9,,AHMIC AEROSPACE LLC,AHMIC AEROSPACE LLC,,76TS7,YS94KQDW2HK9,,AHMIC AEROSPACE LLC,AHMIC AEROSPACE LLC,USA,UNITED STATES,75A HARBERT DR,,BEAVERCREEK,39057,GREENE,39,OH,OHIO,454405126,OH-10,OH-10,9379129438,,USA,UNITED STATES,OAKWOOD,39113,MONTGOMERY,39,OH,OHIO,454091981,OH-10,OH-10,AWARD,D,DEFINITIVE CONTRACT,,,,,,,U,COST PLUS FIXED FEE,IGF::OT::IGF ACTIVE CONTROL OF A SCRAMJET ENGINE - STTR PHASE II,,1,OT,OTHER FUNCTIONS,AC12,NATIONAL DEFENSE R&D SERVICES; DEPARTMENT OF DEFENSE - MILITARY; APPLIED RESEARCH,D,NOT A BUNDLED REQUIREMENT,A1C,OTHER AIRCRAFT EQUIPMENT,541712,"RESEARCH AND DEVELOPMENT IN THE PHYSICAL, ENGINEERING, AND LIFE SCIENCES (EXCEPT BIOTECHNOLOGY)",C,NO CLAUSES INCLUDED AND NO SUSTAINABILITY INCLUDED,A,U.S. OWNED BUSINESS,000,NONE,Z,NOT IT PRODUCTS OR SERVICES,E,NOT REQUIRED,USA,UNITED STATES,C,NOT A MANUFACTURED END PRODUCT,B,PLAN NOT REQUIRED,D,FULL AND OPEN COMPETITION AFTER EXCLUSION OF SOURCES,NP,NEGOTIATED PROPOSAL/QUOTE,SBA,SMALL BUSINESS SET ASIDE - TOTAL,NONE,NO PREFERENCE USED,ST2,SMALL TECHNOLOGY TRANSFER RESEARCH PROGRAM PHASE II,,,,,3,D,COMMERCIAL PRODUCTS/SERVICES PROCEDURES NOT USED,f,N,NO,N,NO,X,NOT APPLICABLE,N,NO,0.00,N,NO,X,NOT APPLICABLE,X,NOT APPLICABLE,X,NOT APPLICABLE,X,NOT APPLICABLE,,,,,,,,NONE,NONE,N,NO,X,NOT APPLICABLE EXEMPT FROM CAS,N,TRANSACTION DOES NOT USE GFE/GFP,U,UNKNOWN,N,NO,Y,YES - SERVICE WHERE PBA IS USED.,N,NO,Z,NOT APPLICABLE,N,NO,X,NOT APPLICABLE,f,f,f,f,f,t,t,f,f,f,f,f,f,f,f,f,f,f,f,SMALL BUSINESS,S,f,f,f,f,f,f,f,f,f,f,f,f,f,f,f,f,f,CORPORATE NOT TAX EXEMPT,t,f,f,f,f,f,f,f,f,f,f,f,f,f,f,f,f,t,f,f,f,f,f,f,f,f,t,f,t,f,f,f,f,f,f,f,f,f,f,f,f,f,f,f,f,f,f,f,f,f,,,,,,,,,,,https://www.usaspending.gov/award/CONT_AWD_FA865016C2741_9700_-NONE-_-NONE-/,2023-07-14 12:31:49+00
CONT_AWD_FA865018C5717_9700_-NONE-_-NONE-,FA865018C5717,,,,Q: Not Designated Nonemergency/Emergency/Disaster/Wildfire Suppression,,,,,8520024.00,0.00,8520024.00,8520024.00,2017-12-20,2018,2023-07-14,2023,2017-12-20,2023-07-31,2023-07-31 00:00:00,,,097,Department of Defense,5700,Department of the Air Force,FA8650,FA8650  USAF AFMC AFRL PZL AFRL/PZL,097,Department of Defense,5700,Department of the Air Force,F4FBCN,F4FBCN AFRL RXM,057-2018/2019-3600-000;057-2020/2021-3600-000,057-3600,25.5: Research and development contracts,0001: BASIC RESEARCH,X,NOT APPLICABLE,,,N3NULR7A1A88,,"CARBON CARBON ADVANCED TECHNOLOGIES, INC.","CARBON CARBON ADVANCED TECHNOLOGIES, INC.",C-CAT,0FRV0,N3NULR7A1A88,,"CARBON CARBON ADVANCED TECHNOLOGIES, INC.",CARBON CARBON ADVANCED TECHNOLOGIES  INC.,USA,UNITED STATES,4704 EDEN RD,,KENNEDALE,48439,TARRANT,48,TX,TEXAS,760606800,TX-06,TX-25,8179852500,8179852504,USA,UNITED STATES,ARLINGTON,48439,TARRANT,48,TX,TEXAS,760013300,TX-25,TX-25,AWARD,D,DEFINITIVE CONTRACT,,,,,,,U,COST PLUS FIXED FEE,CARBON-CARBON MATERIAL PRODUCIBILITY MANUFACTURING,,1,OT,OTHER FUNCTIONS,AZ13,R&D- OTHER RESEARCH AND DEVELOPMENT (ADVANCED DEVELOPMENT),H,NOT BUNDLED,A1A,AIRFRAMES AND SPARES,541715,"RESEARCH AND DEVELOPMENT IN THE PHYSICAL, ENGINEERING, AND LIFE SCIENCES (EXCEPT NANOTECHNOLOGY AND BIOTECHNOLOGY)",C,NO CLAUSES INCLUDED AND NO SUSTAINABILITY INCLUDED,A,U.S. OWNED BUSINESS,000,NONE,Z,NOT IT PRODUCTS OR SERVICES,E,NOT REQUIRED,USA,UNITED STATES,C,NOT A MANUFACTURED END PRODUCT,B,PLAN NOT REQUIRED,D,FULL AND OPEN COMPETITION AFTER EXCLUSION OF SOURCES,NP,NEGOTIATED PROPOSAL/QUOTE,SBA,SMALL BUSINESS SET ASIDE - TOTAL,NONE,NO PREFERENCE USED,SR3,SMALL BUSINESS INNOVATION RESEARCH PROGRAM PHASE III ACTION,,,,,1,D,COMMERCIAL PRODUCTS/SERVICES PROCEDURES NOT USED,f,N,NO,N,NO,X,NOT APPLICABLE,N,NO,0.00,N,NO,X,NOT APPLICABLE,X,NOT APPLICABLE,X,NOT APPLICABLE,X,NOT APPLICABLE,,,,,,,,NONE,NONE,Y,YES,X,NOT APPLICABLE EXEMPT FROM CAS,N,TRANSACTION DOES NOT USE GFE/GFP,Y,YES,D,NOT CONSOLIDATED,Y,YES - SERVICE WHERE PBA IS USED.,N,NO,Z,NOT APPLICABLE,N,NO,X,NOT APPLICABLE,f,f,f,f,f,f,f,f,f,f,f,f,f,f,f,f,f,f,f,SMALL BUSINESS,S,f,f,f,f,f,f,f,f,f,f,f,f,f,f,f,f,f,CORPORATE NOT TAX EXEMPT,t,f,f,f,f,f,f,f,f,f,f,f,t,f,f,f,f,t,f,f,f,f,f,f,f,t,f,f,t,f,f,f,f,f,f,f,f,f,f,f,f,f,f,f,f,f,f,f,f,f,,,,,,,,,,,https://www.usaspending.gov/award/CONT_AWD_FA865018C5717_9700_-NONE-_-NONE-/,2023-07-14 13:22:38+00
CONT_AWD_FA865022C5623_9700_-NONE-_-NONE-,FA865022C5623,,,,Q: Not Designated Nonemergency/Emergency/Disaster/Wildfire Suppression,,,,,891200.00,0.00,891200.00,891200.00,2022-01-31,2022,2023-07-11,2023,2022-01-31,2023-10-02,2023-10-02 00:00:00,,2021-09-30,097,Department of Defense,5700,Department of the Air Force,FA8650,FA8650  USAF AFMC AFRL PZL AFRL/PZL,097,Department of Defense,2100,Department of the Army,W74RDV,W0JV HQ USACE MIL PROGRAMS,097-2021/2022-0400-000,097-0400,25.1: Advisory and assistance services,0001: BASIC RESEARCH,X,NOT APPLICABLE,,,FF1MKYK1SXF9,,ELECTRIC POWER RESEARCH INSTITUTE INC,"ELECTRIC POWER RESEARCH INSTITUTE, INC.",EPRI,1QC22,JBV2SMLRBK29,,ELECTRIC POWER RESEARCH INSTITUTE INC,ELECTRIC POWER RESEARCH INSTITUTE  INC.,USA,UNITED STATES,942 CORRIDOR PARK BLVD,,KNOXVILLE,47093,KNOX,47,TN,TENNESSEE,379323723,TN-02,TN-02,8652188106,8652188114,USA,UNITED STATES,KNOXVILLE,47093,KNOX,47,TN,TENNESSEE,379323723,TN-02,TN-02,AWARD,D,DEFINITIVE CONTRACT,,,,,,,S,COST NO FEE,EPRI ENTERPRISE WIDE VEHICLE,,1,OT,OTHER FUNCTIONS,AC12,NATIONAL DEFENSE R&D SERVICES; DEPARTMENT OF DEFENSE - MILITARY; APPLIED RESEARCH,H,NOT BUNDLED,C9E,ALL OTHERS NOT IDENTIFIABLE TO ANY OTHER PROCUREMENT PROGRAM,541715,"RESEARCH AND DEVELOPMENT IN THE PHYSICAL, ENGINEERING, AND LIFE SCIENCES (EXCEPT NANOTECHNOLOGY AND BIOTECHNOLOGY)",C,NO CLAUSES INCLUDED AND NO SUSTAINABILITY INCLUDED,A,U.S. OWNED BUSINESS,000,NONE,Z,NOT IT PRODUCTS OR SERVICES,E,NOT REQUIRED,USA,UNITED STATES,C,NOT A MANUFACTURED END PRODUCT,B,PLAN NOT REQUIRED,A,FULL AND OPEN COMPETITION,NP,NEGOTIATED PROPOSAL/QUOTE,NONE,NO SET ASIDE USED.,NONE,NO PREFERENCE USED,,,,,,,1,D,COMMERCIAL PRODUCTS/SERVICES PROCEDURES NOT USED,f,N,NO,N,NO,X,NOT APPLICABLE,N,NO,0.00,N,NO,X,NOT APPLICABLE,X,NOT APPLICABLE,X,NOT APPLICABLE,X,NOT APPLICABLE,,,,,,,,NONE,NONE,N,NO,X,NOT APPLICABLE EXEMPT FROM CAS,N,TRANSACTION DOES NOT USE GFE/GFP,U,UNKNOWN,D,NOT CONSOLIDATED,N,NO - SERVICE WHERE PBA IS NOT USED.,N,NO,Z,NOT APPLICABLE,N,NO,X,NOT APPLICABLE,f,f,f,f,f,f,f,f,f,f,f,f,f,f,f,f,f,f,f,OTHER THAN SMALL BUSINESS,O,f,f,f,f,f,f,f,f,f,f,f,f,f,f,f,f,f,CORPORATE TAX EXEMPT,f,t,f,f,f,f,f,f,f,f,f,f,f,f,f,f,f,t,f,f,f,f,f,f,f,f,f,f,f,t,f,f,f,f,f,f,f,f,f,f,f,f,f,f,f,f,f,f,f,f,,,,,,,,,,,https://www.usaspending.gov/award/CONT_AWD_FA865022C5623_9700_-NONE-_-NONE-/,2023-07-11 10:07:26+00
CONT_AWD_FA865023C5620_9700_-NONE-_-NONE-,FA865023C5620,,,,,,,,,349630.00,,349630.00,349630.00,2022-11-23,2023,2023-07-14,2023,2022-11-23,2023-12-31,2023-12-31 00:00:00,,2021-07-15,097,Department of Defense,5700,Department of the Air Force,FA8650,FA8650  USAF AFMC AFRL PZL AFRL/PZL,097,Department of Defense,5700,Department of the Air Force,F4FBFQ,F4FBFQ AFRL RXMZ,,,,,X,NOT APPLICABLE,,,M2FYKG7HP723,,GENERAL ELECTRIC COMPANY,GENERAL ELECTRIC COMPANY,GE,28339,JRZ1WHXAKBM3,,GENERAL ELECTRIC COMPANY,GENERAL ELECTRIC COMPANY,USA,UNITED STATES,1 RESEARCH CIR,,NISKAYUNA,36093,SCHENECTADY,36,NY,NEW YORK,123091027,NY-20,NY-20,5183876692,5183875019,USA,UNITED STATES,SCHENECTADY,36093,SCHENECTADY,36,NY,NEW YORK,123091027,NY-20,NY-20,AWARD,D,DEFINITIVE CONTRACT,,,,,,,U,COST PLUS FIXED FEE,CARGO MOVEMENT PLANNER,FA865018S5008,1,OT,OTHER FUNCTIONS,AC12,NATIONAL DEFENSE R&D SERVICES; DEPARTMENT OF DEFENSE - MILITARY; APPLIED RESEARCH,H,NOT BUNDLED,,,541715,"RESEARCH AND DEVELOPMENT IN THE PHYSICAL, ENGINEERING, AND LIFE SCIENCES (EXCEPT NANOTECHNOLOGY AND BIOTECHNOLOGY)",C,NO CLAUSES INCLUDED AND NO SUSTAINABILITY INCLUDED,A,U.S. OWNED BUSINESS,000,NONE,Z,NOT IT PRODUCTS OR SERVICES,E,NOT REQUIRED,USA,UNITED STATES,C,NOT A MANUFACTURED END PRODUCT,B,PLAN NOT REQUIRED,A,FULL AND OPEN COMPETITION,NP,NEGOTIATED PROPOSAL/QUOTE,NONE,NO SET ASIDE USED.,NONE,NO PREFERENCE USED,,,,,,,1,D,COMMERCIAL PRODUCTS/SERVICES PROCEDURES NOT USED,f,N,NO,,,X,NOT APPLICABLE,N,NO,0.00,N,NO,N,NO,N,NO,N,NO,X,NOT APPLICABLE,,,,,,,,NONE,NONE,N,NO,X,NOT APPLICABLE EXEMPT FROM CAS,N,TRANSACTION DOES NOT USE GFE/GFP,N,NO,D,NOT CONSOLIDATED,N,NO - SERVICE WHERE PBA IS NOT USED.,N,NO,Z,NOT APPLICABLE,N,NO,X,NOT APPLICABLE,f,f,f,f,f,f,f,f,f,f,f,f,f,f,f,f,f,f,f,OTHER THAN SMALL BUSINESS,O,f,f,f,f,f,f,f,f,f,f,f,f,f,f,f,f,f,CORPORATE NOT TAX EXEMPT,t,f,f,f,f,f,f,f,f,f,f,f,f,f,f,f,f,t,f,f,f,f,f,f,f,f,f,f,t,f,f,f,f,f,f,f,f,f,f,f,f,f,f,f,f,f,f,f,f,f,,,,,,,,,,,https://www.usaspending.gov/award/CONT_AWD_FA865023C5620_9700_-NONE-_-NONE-/,2023-07-14 12:14:52+00
CONT_AWD_FA865023C9318_9700_-NONE-_-NONE-,FA865023C9318,,,,,,,,,1249766.00,,1249766.00,1249766.00,2023-06-29,2023,2023-07-14,2023,2023-07-03,2025-04-02,2025-04-02 00:00:00,,2022-08-11,097,Department of Defense,5700,Department of the Air Force,FA8650,FA8650  USAF AFMC AFRL PZL AFRL/PZL,097,Department of Defense,5700,Department of the Air Force,F4FBEQ,F4FBEQ AFRL RGF,,,,,X,NOT APPLICABLE,,,F4J9NKV7M7T8,,SPACEWORKS ENTERPRISES INC,SPACEWORKS ENTERPRISES INC,,1RJL8,F4J9NKV7M7T8,,SPACEWORKS ENTERPRISES INC,SPACEWORKS ENGINEERING INC,USA,UNITED STATES,3980 DEKALB TECHNOLOGY PKWY,STE 760,ATLANTA,13089,DEKALB,13,GA,GEORGIA,303402773,GA-04,GA-04,7703798007,7703798001,USA,UNITED STATES,ATLANTA,13089,DEKALB,13,GA,GEORGIA,303402773,GA-04,GA-04,AWARD,D,DEFINITIVE CONTRACT,,,,,,,J,FIRM FIXED PRICE,STABILIZATION CONCEPTS FOR NEXT GENERATION INTERMODAL CONTAINERS DEPLOYED FROM ROCKET CARGO VEHICLES,,1,OT,OTHER FUNCTIONS,AC13,NATIONAL DEFENSE R&D SERVICES; DEPARTMENT OF DEFENSE - MILITARY; EXPERIMENTAL DEVELOPMENT,H,NOT BUNDLED,,,541715,"RESEARCH AND DEVELOPMENT IN THE PHYSICAL, ENGINEERING, AND LIFE SCIENCES (EXCEPT NANOTECHNOLOGY AND BIOTECHNOLOGY)",C,NO CLAUSES INCLUDED AND NO SUSTAINABILITY INCLUDED,A,U.S. OWNED BUSINESS,000,NONE,Z,NOT IT PRODUCTS OR SERVICES,E,NOT REQUIRED,USA,UNITED STATES,C,NOT A MANUFACTURED END PRODUCT,B,PLAN NOT REQUIRED,D,FULL AND OPEN COMPETITION AFTER EXCLUSION OF SOURCES,NP,NEGOTIATED PROPOSAL/QUOTE,SBA,SMALL BUSINESS SET ASIDE - TOTAL,NONE,NO PREFERENCE USED,SR2,SMALL BUSINESS INNOVATION RESEARCH PROGRAM PHASE II ACTION,,,,,6,D,COMMERCIAL PRODUCTS/SERVICES PROCEDURES NOT USED,f,N,NO,,,X,NOT APPLICABLE,N,NO,0.00,N,NO,X,NOT APPLICABLE,X,NOT APPLICABLE,X,NOT APPLICABLE,X,NOT APPLICABLE,,,,,,,,NONE,NONE,N,NO,X,NOT APPLICABLE EXEMPT FROM CAS,N,TRANSACTION DOES NOT USE GFE/GFP,,,D,NOT CONSOLIDATED,Y,YES - SERVICE WHERE PBA IS USED.,N,NO,Z,NOT APPLICABLE,N,NO,X,NOT APPLICABLE,f,f,f,f,f,f,f,f,f,f,f,f,f,f,f,f,f,f,f,SMALL BUSINESS,S,f,f,f,f,f,f,f,f,f,f,f,f,f,f,f,f,f,CORPORATE NOT TAX EXEMPT,t,f,f,f,f,f,f,f,f,f,f,f,f,f,f,f,f,t,f,f,f,f,f,f,f,t,f,f,t,f,f,f,f,f,f,f,f,f,f,f,f,f,f,f,f,f,f,f,f,f,,,,,,,,,,,https://www.usaspending.gov/award/CONT_AWD_FA865023C9318_9700_-NONE-_-NONE-/,2023-07-14 11:18:00+00
CONT_AWD_FA865121C0031_9700_-NONE-_-NONE-,FA865121C0031,,,,Q: Not Designated Nonemergency/Emergency/Disaster/Wildfire Suppression,,,,,728449.00,0.00,728449.00,728449.00,2021-04-06,2021,2023-07-07,2023,2021-04-06,2023-09-07,2023-09-07 00:00:00,,2020-07-30,097,Department of Defense,5700,Department of the Air Force,FA8651,FA8651 AFRL RAZ,097,Department of Defense,5700,Department of the Air Force,F4FBEQ,F4FBEQ AFRL RGF,057-2020/2021-3600-000,057-3600,25.5: Research and development contracts,0001: BASIC RESEARCH,X,NOT APPLICABLE,,,H1ZRXJKFZ4K7,,IERUS TECHNOLOGIES INC,"IERUS TECHNOLOGIES, INC",,5TST8,H1ZRXJKFZ4K7,,IERUS TECHNOLOGIES INC,IERUS TECHNOLOGIES  LLC,USA,UNITED STATES,2904 WESTCORP BLVD STE 210,,HUNTSVILLE,01089,MADISON,01,AL,ALABAMA,358056410,AL-05,AL-05,2563192026,8665421708,USA,UNITED STATES,HUNTSVILLE,01089,MADISON,01,AL,ALABAMA,358056410,AL-05,AL-05,AWARD,D,DEFINITIVE CONTRACT,,,,,,,J,FIRM FIXED PRICE,HIGH SPEED SENSOR MODEL:  AERO-OPTICAL PREDICTION TOOL,,1,OT,OTHER FUNCTIONS,AC12,NATIONAL DEFENSE R&D SERVICES; DEPARTMENT OF DEFENSE - MILITARY; APPLIED RESEARCH,H,NOT BUNDLED,A5,WEAPONS,541715,"RESEARCH AND DEVELOPMENT IN THE PHYSICAL, ENGINEERING, AND LIFE SCIENCES (EXCEPT NANOTECHNOLOGY AND BIOTECHNOLOGY)",C,NO CLAUSES INCLUDED AND NO SUSTAINABILITY INCLUDED,A,U.S. OWNED BUSINESS,000,NONE,Z,NOT IT PRODUCTS OR SERVICES,E,NOT REQUIRED,USA,UNITED STATES,C,NOT A MANUFACTURED END PRODUCT,B,PLAN NOT REQUIRED,D,FULL AND OPEN COMPETITION AFTER EXCLUSION OF SOURCES,NP,NEGOTIATED PROPOSAL/QUOTE,SBA,SMALL BUSINESS SET ASIDE - TOTAL,NONE,NO PREFERENCE USED,SR2,SMALL BUSINESS INNOVATION RESEARCH PROGRAM PHASE II ACTION,,,,,2,D,COMMERCIAL PRODUCTS/SERVICES PROCEDURES NOT USED,f,N,NO,N,NO,X,NOT APPLICABLE,N,NO,0.00,N,NO,X,NOT APPLICABLE,X,NOT APPLICABLE,X,NOT APPLICABLE,X,NOT APPLICABLE,,,,,,,,NONE,NONE,N,NO,X,NOT APPLICABLE EXEMPT FROM CAS,N,TRANSACTION DOES NOT USE GFE/GFP,N,NO,D,NOT CONSOLIDATED,Y,YES - SERVICE WHERE PBA IS USED.,N,NO,Z,NOT APPLICABLE,N,NO,X,NOT APPLICABLE,f,f,f,f,f,f,f,f,f,f,f,f,f,f,f,f,f,f,f,SMALL BUSINESS,S,f,f,f,f,f,f,f,f,f,f,f,f,f,f,f,f,f,CORPORATE NOT TAX EXEMPT,t,f,f,f,f,f,f,f,f,f,f,f,f,f,f,f,f,t,f,f,f,f,f,f,f,t,f,f,t,f,f,f,f,f,f,f,f,f,f,f,f,f,f,f,f,f,f,f,t,f,DANIEL  FAIRCLOTH,251452.00,DAN  BODEKER,252872.00,JASON  KEEN,245915.00,KYLE  MOORE,234367.00,DANE  PHILLIPS,231888.00,https://www.usaspending.gov/award/CONT_AWD_FA865121C0031_9700_-NONE-_-NONE-/,2025-04-22 16:50:17+00
CONT_AWD_FA867509C0003_9700_-NONE-_-NONE-,FA867509C0003,,,,,,,,,80555623.00,,198138081.00,364819283.00,2008-12-05,2009,2023-07-13,2023,2008-12-01,2012-12-11,2012-12-11 00:00:00,,,097,Department of Defense,5700,Department of the Air Force,FA8675,FA8675  AFLCMC EBAK,097,Department of Defense,5700,Department of the Air Force,F1TEBD,F1TEBD AFLCMC EBAS,,,,,X,NOT APPLICABLE,,,VTEWM5QSE598,,RAYTHEON COMPANY,RAYTHEON COMPANY,RAYTHEON,15090,PPLZG8J3N9D4,,RTX CORP,RAYTHEON COMPANY,USA,UNITED STATES,1151 E HERMANS RD,,TUCSON,04019,PIMA,04,AZ,ARIZONA,857569367,AZ-03,AZ-07,5206655119,5207940076,USA,UNITED STATES,TUCSON,04019,PIMA,04,AZ,ARIZONA,857569367,AZ-07,AZ-07,AWARD,D,DEFINITIVE CONTRACT,,,,,,,J,FIRM FIXED PRICE,CONTRACTOR LOGISTICS SUPPORT (CLS) AND LOT 8 PRODUCTION,,1,,,J016,MAINT/REPAIR/REBUILD OF EQUIPMENT- AIRCRAFT COMPONENTS AND ACCESSORIES,D,NOT A BUNDLED REQUIREMENT,S1,SERVICES,811219,OTHER ELECTRONIC AND PRECISION EQUIPMENT REPAIR AND MAINTENANCE,C,NO CLAUSES INCLUDED AND NO SUSTAINABILITY INCLUDED,,,000,NONE,Z,NOT IT PRODUCTS OR SERVICES,E,NOT REQUIRED,USA,UNITED STATES,C,NOT A MANUFACTURED END PRODUCT,C,PLAN REQUIRED - INCENTIVE NOT INCLUDED,C,NOT COMPETED,SSS,ONLY ONE SOURCE,NONE,NO SET ASIDE USED.,NONE,NO PREFERENCE USED,,,,,ONE,ONLY ONE SOURCE-OTHER (FAR 6.302-1 OTHER),1,D,COMMERCIAL PRODUCTS/SERVICES PROCEDURES NOT USED,f,N,NO,N,NO,Y,YES,,,0.00,N,NO,X,NOT APPLICABLE,Y,YES,X,NOT APPLICABLE,X,NOT APPLICABLE,,,,,,,,NONE,NONE,Y,YES,Y,YES - CAS CLAUSE INCLUDED,Y,TRANSACTION USES GFE/GFP,U,UNKNOWN,N,NO,Y,YES - SERVICE WHERE PBA IS USED.,N,NO,Z,NOT APPLICABLE,N,NO,X,NOT APPLICABLE,f,f,f,f,f,f,f,f,f,f,f,f,f,f,f,f,f,f,f,OTHER THAN SMALL BUSINESS,O,f,f,f,f,f,f,f,f,f,f,f,f,f,f,f,f,f,CORPORATE NOT TAX EXEMPT,t,f,f,f,f,f,f,f,f,f,f,f,t,f,f,f,f,t,f,f,f,f,f,f,f,f,f,f,t,f,f,f,f,f,f,f,f,f,f,f,f,f,f,f,f,f,f,f,f,f,,,,,,,,,,,https://www.usaspending.gov/award/CONT_AWD_FA867509C0003_9700_-NONE-_-NONE-/,2023-07-25 12:04:46+00
CONT_AWD_FA867509C0004_9700_-NONE-_-NONE-,FA867509C0004,,,,,,,,,15795678.79,,39508030.00,39508030.00,2009-01-13,2009,2023-07-13,2023,2009-01-13,2012-12-11,2012-12-11 00:00:00,,,097,Department of Defense,5700,Department of the Air Force,FA8675,FA8675  AFLCMC EBAK,097,Department of Defense,5700,Department of the Air Force,F1TEBD,F1TEBD AFLCMC EBAS,,,,,X,NOT APPLICABLE,,,VTEWM5QSE598,,RAYTHEON COMPANY,RAYTHEON COMPANY,RAYTHEON,15090,PPLZG8J3N9D4,,RTX CORP,RAYTHEON COMPANY,USA,UNITED STATES,1151 E HERMANS RD,,TUCSON,04019,PIMA,04,AZ,ARIZONA,857569367,AZ-03,AZ-07,5206655119,5207940076,USA,UNITED STATES,TUCSON,04019,PIMA,04,AZ,ARIZONA,857569367,AZ-07,AZ-07,AWARD,D,DEFINITIVE CONTRACT,,,,,,,U,COST PLUS FIXED FEE,HTS SWUP,,1,,,AC25,NATIONAL DEFENSE R&D SVCS; ATOMIC ENERGY DEFENSE ACTIVITIES; R&D FACILITIES & MAJ EQUIP,D,NOT A BUNDLED REQUIREMENT,A7,ELECTRONICS AND COMMUNICATION EQUIPMENT,541712,"RESEARCH AND DEVELOPMENT IN THE PHYSICAL, ENGINEERING, AND LIFE SCIENCES (EXCEPT BIOTECHNOLOGY)",C,NO CLAUSES INCLUDED AND NO SUSTAINABILITY INCLUDED,,,000,NONE,Z,NOT IT PRODUCTS OR SERVICES,E,NOT REQUIRED,USA,UNITED STATES,C,NOT A MANUFACTURED END PRODUCT,C,PLAN REQUIRED - INCENTIVE NOT INCLUDED,C,NOT COMPETED,SSS,ONLY ONE SOURCE,NONE,NO SET ASIDE USED.,NONE,NO PREFERENCE USED,,,,,ONE,ONLY ONE SOURCE-OTHER (FAR 6.302-1 OTHER),1,D,COMMERCIAL PRODUCTS/SERVICES PROCEDURES NOT USED,f,N,NO,N,NO,Y,YES,,,0.00,N,NO,Y,YES,N,NO,X,NOT APPLICABLE,X,NOT APPLICABLE,,,,,,,,NONE,NONE,Y,YES,X,NOT APPLICABLE EXEMPT FROM CAS,N,TRANSACTION DOES NOT USE GFE/GFP,U,UNKNOWN,N,NO,N,NO - SERVICE WHERE PBA IS NOT USED.,N,NO,Z,NOT APPLICABLE,N,NO,X,NOT APPLICABLE,f,f,f,f,f,f,f,f,f,f,f,f,f,f,f,f,f,f,f,OTHER THAN SMALL BUSINESS,O,f,f,f,f,f,f,f,f,f,f,f,f,f,f,f,f,f,CORPORATE NOT TAX EXEMPT,t,f,f,f,f,f,f,f,f,f,f,f,t,f,f,f,f,t,f,f,f,f,f,f,f,f,f,f,t,f,f,f,f,f,f,f,f,f,f,f,f,f,f,f,f,f,f,f,f,f,,,,,,,,,,,https://www.usaspending.gov/award/CONT_AWD_FA867509C0004_9700_-NONE-_-NONE-/,2023-07-25 12:08:00+00
CONT_AWD_FA867509C0164_9700_-NONE-_-NONE-,FA867509C0164,,,,,,,,,5358142.00,,5358142.00,5785895.00,2009-09-29,2009,2023-07-13,2023,2009-09-29,2013-10-04,2013-10-04 00:00:00,,,097,Department of Defense,5700,Department of the Air Force,FA8675,FA8675  AFLCMC EBAK,097,Department of Defense,5700,Department of the Air Force,F1TEBD,F1TEBD AFLCMC EBAS,,,,,X,NOT APPLICABLE,,,VTEWM5QSE598,,RAYTHEON COMPANY,RAYTHEON COMPANY,RAYTHEON,15090,PPLZG8J3N9D4,,RTX CORP,RAYTHEON COMPANY,USA,UNITED STATES,1151 E HERMANS RD,,TUCSON,04019,PIMA,04,AZ,ARIZONA,857569367,AZ-03,AZ-07,5206655119,5207940076,USA,UNITED STATES,TUCSON,04019,PIMA,04,AZ,ARIZONA,857569367,AZ-07,AZ-07,AWARD,D,DEFINITIVE CONTRACT,,,,,,,U,COST PLUS FIXED FEE,A6 DSPA REPLACEMENT,,1,,,5998,"ELECTRICAL AND ELECTRONIC ASSEMBLIES, BOARDS, CARDS, AND ASSOCIATED HARDWARE",D,NOT A BUNDLED REQUIREMENT,A7,ELECTRONICS AND COMMUNICATION EQUIPMENT,334418,PRINTED CIRCUIT ASSEMBLY (ELECTRONIC ASSEMBLY) MANUFACTURING,C,NO CLAUSES INCLUDED AND NO SUSTAINABILITY INCLUDED,A,U.S. OWNED BUSINESS,000,NONE,Z,NOT IT PRODUCTS OR SERVICES,E,NOT REQUIRED,USA,UNITED STATES,D,MFG IN U.S.,C,PLAN REQUIRED - INCENTIVE NOT INCLUDED,C,NOT COMPETED,SSS,ONLY ONE SOURCE,NONE,NO SET ASIDE USED.,NONE,NO PREFERENCE USED,,,,,ONE,ONLY ONE SOURCE-OTHER (FAR 6.302-1 OTHER),1,D,COMMERCIAL PRODUCTS/SERVICES PROCEDURES NOT USED,f,N,NO,N,NO,Y,YES,N,NO,0.00,N,NO,Y,YES,X,NOT APPLICABLE,X,NOT APPLICABLE,X,NOT APPLICABLE,,,,,,,,NONE,NONE,Y,YES,Y,YES - CAS CLAUSE INCLUDED,Y,TRANSACTION USES GFE/GFP,U,UNKNOWN,N,NO,X,NOT APPLICABLE,N,NO,Z,NOT APPLICABLE,N,NO,X,NOT APPLICABLE,f,f,f,f,f,f,f,f,f,f,f,f,f,f,f,f,f,f,f,OTHER THAN SMALL BUSINESS,O,f,f,f,f,f,f,f,f,f,f,f,f,f,f,f,f,f,CORPORATE NOT TAX EXEMPT,t,f,f,f,f,f,f,f,f,f,f,f,t,f,f,f,f,t,f,f,f,f,f,f,f,f,f,f,t,f,f,f,f,f,f,f,f,f,f,f,f,f,f,f,f,f,f,f,f,f,,,,,,,,,,,https://www.usaspending.gov/award/CONT_AWD_FA867509C0164_9700_-NONE-_-NONE-/,2025-04-22 16:50:17+00
CONT_AWD_FA867511C0161_9700_-NONE-_-NONE-,FA867511C0161,,,,,,,,,2077979.69,,3007124.00,3007124.00,2011-09-21,2011,2023-07-13,2023,2011-09-21,2013-10-04,2013-10-04 00:00:00,,,097,Department of Defense,5700,Department of the Air Force,FA8675,FA8675  AFLCMC EBAK,097,Department of Defense,5700,Department of the Air Force,F1TEBD,F1TEBD AFLCMC EBAS,,,,,X,NOT APPLICABLE,,,VTEWM5QSE598,,RAYTHEON COMPANY,RAYTHEON COMPANY,,15090,PPLZG8J3N9D4,,RTX CORP,RAYTHEON COMPANY,USA,UNITED STATES,1151 E HERMANS RD,,TUCSON,04019,PIMA,04,AZ,ARIZONA,857569367,AZ-03,AZ-07,5206655119,5207940076,USA,UNITED STATES,TUCSON,04019,PIMA,04,AZ,ARIZONA,857569367,AZ-07,AZ-07,AWARD,D,DEFINITIVE CONTRACT,,,,,,,V,COST PLUS INCENTIVE FEE,FACTORY TEST EQUIPMENT,,1,,,6625,ELECTRICAL AND ELECTRONIC PROPERTIES MEASURING AND TESTING INSTRUMENTS,D,NOT A BUNDLED REQUIREMENT,A7,ELECTRONICS AND COMMUNICATION EQUIPMENT,811219,OTHER ELECTRONIC AND PRECISION EQUIPMENT REPAIR AND MAINTENANCE,C,NO CLAUSES INCLUDED AND NO SUSTAINABILITY INCLUDED,A,U.S. OWNED BUSINESS,000,NONE,Z,NOT IT PRODUCTS OR SERVICES,E,NOT REQUIRED,USA,UNITED STATES,D,MFG IN U.S.,A,PLAN NOT INCLUDED - NO SUBCONTRACTING POSSIBILITIES,C,NOT COMPETED,SSS,ONLY ONE SOURCE,NONE,NO SET ASIDE USED.,NONE,NO PREFERENCE USED,,,,,ONE,ONLY ONE SOURCE-OTHER (FAR 6.302-1 OTHER),1,D,COMMERCIAL PRODUCTS/SERVICES PROCEDURES NOT USED,f,N,NO,N,NO,Y,YES,N,NO,0.00,N,NO,X,NOT APPLICABLE,N,NO,N,NO,X,NOT APPLICABLE,,,,,,,,NONE,NONE,Y,YES,X,NOT APPLICABLE EXEMPT FROM CAS,Y,TRANSACTION USES GFE/GFP,U,UNKNOWN,N,NO,X,NOT APPLICABLE,N,NO,Z,NOT APPLICABLE,N,NO,X,NOT APPLICABLE,f,f,f,f,f,f,f,f,f,f,f,f,f,f,f,f,f,f,f,OTHER THAN SMALL BUSINESS,O,f,f,f,f,f,f,f,f,f,f,f,f,f,f,f,f,f,CORPORATE NOT TAX EXEMPT,t,f,f,f,f,f,f,f,f,f,f,f,t,f,f,f,f,t,f,f,f,f,f,f,f,f,f,f,t,f,f,f,f,f,f,f,f,f,f,f,f,f,f,f,f,f,f,f,f,f,,,,,,,,,,,https://www.usaspending.gov/award/CONT_AWD_FA867511C0161_9700_-NONE-_-NONE-/,2025-04-22 16:50:17+00
CONT_AWD_FA867511C0387_9700_-NONE-_-NONE-,FA867511C0387,,,,,,,,,6991117.13,0.00,7318143.00,7318143.00,2011-06-21,2011,2023-07-13,2023,2011-06-21,2013-10-04,2013-10-04 00:00:00,,,097,Department of Defense,5700,Department of the Air Force,FA8675,FA8675  AFLCMC EBAK,097,Department of Defense,5700,Department of the Air Force,F1TEBE,F1TEBE AFLCMC EBAD,057-2013/2014-3600-000,057-3600,31.0: Equipment,,X,NOT APPLICABLE,,,VTEWM5QSE598,,RAYTHEON COMPANY,RAYTHEON COMPANY,,15090,PPLZG8J3N9D4,,RTX CORP,RAYTHEON COMPANY,USA,UNITED STATES,1151 E HERMANS RD,,TUCSON,04019,PIMA,04,AZ,ARIZONA,857569367,AZ-03,AZ-07,5206655119,5207940076,USA,UNITED STATES,TUCSON,04019,PIMA,04,AZ,ARIZONA,857569367,AZ-07,AZ-07,AWARD,D,DEFINITIVE CONTRACT,,,,,,,U,COST PLUS FIXED FEE,SWUP 2 RISK REDUCTION,,1,,,AC25,NATIONAL DEFENSE R&D SVCS; ATOMIC ENERGY DEFENSE ACTIVITIES; R&D FACILITIES & MAJ EQUIP,D,NOT A BUNDLED REQUIREMENT,A7,ELECTRONICS AND COMMUNICATION EQUIPMENT,541712,"RESEARCH AND DEVELOPMENT IN THE PHYSICAL, ENGINEERING, AND LIFE SCIENCES (EXCEPT BIOTECHNOLOGY)",C,NO CLAUSES INCLUDED AND NO SUSTAINABILITY INCLUDED,A,U.S. OWNED BUSINESS,000,NONE,Z,NOT IT PRODUCTS OR SERVICES,E,NOT REQUIRED,USA,UNITED STATES,C,NOT A MANUFACTURED END PRODUCT,C,PLAN REQUIRED - INCENTIVE NOT INCLUDED,C,NOT COMPETED,SSS,ONLY ONE SOURCE,NONE,NO SET ASIDE USED.,NONE,NO PREFERENCE USED,,,,,ONE,ONLY ONE SOURCE-OTHER (FAR 6.302-1 OTHER),1,D,COMMERCIAL PRODUCTS/SERVICES PROCEDURES NOT USED,f,N,NO,N,NO,Y,YES,N,NO,0.00,N,NO,X,NOT APPLICABLE,X,NOT APPLICABLE,X,NOT APPLICABLE,X,NOT APPLICABLE,,,,,,,,NONE,NONE,Y,YES,Y,YES - CAS CLAUSE INCLUDED,N,TRANSACTION DOES NOT USE GFE/GFP,U,UNKNOWN,N,NO,N,NO - SERVICE WHERE PBA IS NOT USED.,N,NO,Z,NOT APPLICABLE,N,NO,X,NOT APPLICABLE,f,f,f,f,f,f,f,f,f,f,f,f,f,f,f,f,f,f,f,OTHER THAN SMALL BUSINESS,O,f,f,f,f,f,f,f,f,f,f,f,f,f,f,f,f,f,CORPORATE NOT TAX EXEMPT,t,f,f,f,f,f,f,f,f,f,f,f,t,f,f,f,f,t,f,f,f,f,f,f,f,f,f,f,t,f,f,f,f,f,f,f,f,f,f,f,f,f,f,f,f,f,f,f,f,f,,,,,,,,,,,https://www.usaspending.gov/award/CONT_AWD_FA867511C0387_9700_-NONE-_-NONE-/,2025-04-22 16:50:17+00
CONT_AWD_FA867513C0222_9700_-NONE-_-NONE-,FA867513C0222,,,,,,,,,2016377.03,,2518834.00,2518834.00,2013-09-03,2013,2023-07-13,2023,2013-09-03,2013-10-04,2013-10-04 00:00:00,,,097,Department of Defense,5700,Department of the Air Force,FA8675,FA8675  AFLCMC EBAK,097,Department of Defense,5700,Department of the Air Force,F1TEBD,F1TEBD AFLCMC EBAS,,,,,X,NOT APPLICABLE,,,VTEWM5QSE598,,RAYTHEON COMPANY,RAYTHEON COMPANY,,15090,PPLZG8J3N9D4,,RTX CORP,RAYTHEON COMPANY,USA,UNITED STATES,1151 E HERMANS RD,,TUCSON,04019,PIMA,04,AZ,ARIZONA,857569367,AZ-03,AZ-07,5206655119,5207940076,USA,UNITED STATES,TUCSON,04019,PIMA,04,AZ,ARIZONA,857569367,AZ-07,AZ-07,AWARD,D,DEFINITIVE CONTRACT,,,,,,,V,COST PLUS INCENTIVE FEE,SYSTEM LEVEL ACCEPTANCE TEST SETS (SLATS),,1,,,6625,ELECTRICAL AND ELECTRONIC PROPERTIES MEASURING AND TESTING INSTRUMENTS,D,NOT A BUNDLED REQUIREMENT,A7,ELECTRONICS AND COMMUNICATION EQUIPMENT,811219,OTHER ELECTRONIC AND PRECISION EQUIPMENT REPAIR AND MAINTENANCE,C,NO CLAUSES INCLUDED AND NO SUSTAINABILITY INCLUDED,A,U.S. OWNED BUSINESS,185,AMRAAM,Z,NOT IT PRODUCTS OR SERVICES,E,NOT REQUIRED,USA,UNITED STATES,D,MFG IN U.S.,A,PLAN NOT INCLUDED - NO SUBCONTRACTING POSSIBILITIES,C,NOT COMPETED,SSS,ONLY ONE SOURCE,NONE,NO SET ASIDE USED.,NONE,NO PREFERENCE USED,,,,,ONE,ONLY ONE SOURCE-OTHER (FAR 6.302-1 OTHER),1,D,COMMERCIAL PRODUCTS/SERVICES PROCEDURES NOT USED,f,N,NO,N,NO,Y,YES,N,NO,0.00,N,NO,X,NOT APPLICABLE,N,NO,N,NO,X,NOT APPLICABLE,,,,,,,,NONE,NONE,Y,YES,X,NOT APPLICABLE EXEMPT FROM CAS,Y,TRANSACTION USES GFE/GFP,U,UNKNOWN,N,NO,X,NOT APPLICABLE,N,NO,Z,NOT APPLICABLE,N,NO,X,NOT APPLICABLE,f,f,f,f,f,f,f,f,f,f,f,f,f,f,f,f,f,f,f,OTHER THAN SMALL BUSINESS,O,f,f,f,f,f,f,f,f,f,f,f,f,f,f,f,f,f,CORPORATE NOT TAX EXEMPT,t,f,f,f,f,f,f,f,f,f,f,f,t,f,f,f,f,t,f,f,f,f,f,f,f,f,f,f,t,f,f,f,f,f,f,f,f,f,f,f,f,f,f,f,f,f,f,f,f,f,,,,,,,,,,,https://www.usaspending.gov/award/CONT_AWD_FA867513C0222_9700_-NONE-_-NONE-/,2025-04-22 16:50:17+00
CONT_AWD_FA867515C0004_9700_-NONE-_-NONE-,FA867515C0004,,,,Q: Not Designated Nonemergency/Emergency/Disaster/Wildfire Suppression,,,,,71878626.06,1977770.94,71663179.00,71663178.99,2014-12-30,2015,2023-07-13,2023,2014-12-10,2018-12-31,2018-12-31 00:00:00,,,097,Department of Defense,5700,Department of the Air Force,FA8675,FA8675  AFLCMC EBAK,097,Department of Defense,5700,Department of the Air Force,F1TEBD,F1TEBD AFLCMC EBAS,057-2015/2015-3400-000,057-3400,25.7: Operation and maintenance of equipment,OPTN: FIELD IS OPTIONAL PRIOR TO FY21,X,NOT APPLICABLE,,,VTEWM5QSE598,,RAYTHEON COMPANY,RAYTHEON COMPANY,,15090,PPLZG8J3N9D4,,RTX CORP,RAYTHEON COMPANY,USA,UNITED STATES,1151 E HERMANS RD,,TUCSON,04019,PIMA,04,AZ,ARIZONA,857569367,AZ-03,AZ-07,9784368150,9784368556,USA,UNITED STATES,TUCSON,04019,PIMA,04,AZ,ARIZONA,857569367,AZ-07,AZ-07,AWARD,D,DEFINITIVE CONTRACT,,,,,,,L,FIXED PRICE INCENTIVE,IGF::OT::IGF HTS CLS FY15 - FY18,,1,OT,OTHER FUNCTIONS,J035,MAINT/REPAIR/REBUILD OF EQUIPMENT- SERVICE AND TRADE EQUIPMENT,D,NOT A BUNDLED REQUIREMENT,S1,SERVICES,811219,OTHER ELECTRONIC AND PRECISION EQUIPMENT REPAIR AND MAINTENANCE,C,NO CLAUSES INCLUDED AND NO SUSTAINABILITY INCLUDED,A,U.S. OWNED BUSINESS,000,NONE,Z,NOT IT PRODUCTS OR SERVICES,E,NOT REQUIRED,USA,UNITED STATES,C,NOT A MANUFACTURED END PRODUCT,C,PLAN REQUIRED - INCENTIVE NOT INCLUDED,C,NOT COMPETED,SSS,ONLY ONE SOURCE,NONE,NO SET ASIDE USED.,NONE,NO PREFERENCE USED,,,,,ONE,ONLY ONE SOURCE-OTHER (FAR 6.302-1 OTHER),1,D,COMMERCIAL PRODUCTS/SERVICES PROCEDURES NOT USED,f,N,NO,N,NO,Y,YES,N,NO,0.00,N,NO,X,NOT APPLICABLE,Y,YES,X,NOT APPLICABLE,X,NOT APPLICABLE,,,,,,,,NONE,NONE,Y,YES,Y,YES - CAS CLAUSE INCLUDED,Y,TRANSACTION USES GFE/GFP,U,UNKNOWN,N,NO,Y,YES - SERVICE WHERE PBA IS USED.,N,NO,Z,NOT APPLICABLE,N,NO,X,NOT APPLICABLE,f,f,f,f,f,f,f,f,f,f,f,f,f,f,f,f,f,f,f,OTHER THAN SMALL BUSINESS,O,f,f,f,f,f,f,f,f,f,f,f,f,f,f,f,f,f,CORPORATE NOT TAX EXEMPT,t,f,f,f,f,f,f,f,f,f,f,f,t,f,f,f,f,t,f,f,f,f,f,f,f,f,f,f,t,f,f,f,f,f,f,f,f,f,f,f,f,f,f,f,f,f,f,f,f,f,,,,,,,,,,,https://www.usaspending.gov/award/CONT_AWD_FA867515C0004_9700_-NONE-_-NONE-/,2025-04-22 16:50:17+00
CONT_AWD_FA867515C0021_9700_-NONE-_-NONE-,FA867515C0021,,,,Q: Not Designated Nonemergency/Emergency/Disaster/Wildfire Suppression,,,,,5312088.39,34751.78,5117264.00,5117263.99,2015-04-14,2015,2023-07-13,2023,2015-04-14,2017-10-14,2017-10-14 00:00:00,,,097,Department of Defense,5700,Department of the Air Force,FA8675,FA8675  AFLCMC EBAK,097,Department of Defense,5700,Department of the Air Force,F1TEBD,F1TEBD AFLCMC EBAS,057-2015/2015-3400-000,057-3400,25.7: Operation and maintenance of equipment,OPTN: FIELD IS OPTIONAL PRIOR TO FY21,X,NOT APPLICABLE,,,VTEWM5QSE598,,RAYTHEON COMPANY,RAYTHEON COMPANY,RAYTHEON,15090,PPLZG8J3N9D4,,RTX CORP,RAYTHEON COMPANY,USA,UNITED STATES,1151 E HERMANS RD,,TUCSON,04019,PIMA,04,AZ,ARIZONA,857569367,AZ-03,AZ-07,3106479438,3106473536,USA,UNITED STATES,TUCSON,04019,PIMA,04,AZ,ARIZONA,857569367,AZ-07,AZ-07,AWARD,D,DEFINITIVE CONTRACT,,,,,,,U,COST PLUS FIXED FEE,HIGH-SPEED ANTI-RADIATION MISSLE TARGETING SYSTEM RATE SENSOR AND CONTROL REPLACEMENT,,1,,,5998,"ELECTRICAL AND ELECTRONIC ASSEMBLIES, BOARDS, CARDS, AND ASSOCIATED HARDWARE",D,NOT A BUNDLED REQUIREMENT,A7,ELECTRONICS AND COMMUNICATION EQUIPMENT,334419,OTHER ELECTRONIC COMPONENT MANUFACTURING,C,NO CLAUSES INCLUDED AND NO SUSTAINABILITY INCLUDED,A,U.S. OWNED BUSINESS,000,NONE,Z,NOT IT PRODUCTS OR SERVICES,E,NOT REQUIRED,USA,UNITED STATES,D,MFG IN U.S.,C,PLAN REQUIRED - INCENTIVE NOT INCLUDED,C,NOT COMPETED,SSS,ONLY ONE SOURCE,NONE,NO SET ASIDE USED.,NONE,NO PREFERENCE USED,,,,,ONE,ONLY ONE SOURCE-OTHER (FAR 6.302-1 OTHER),1,D,COMMERCIAL PRODUCTS/SERVICES PROCEDURES NOT USED,f,N,NO,N,NO,N,NO,N,NO,0.00,N,NO,N,NO,N,NO,N,NO,X,NOT APPLICABLE,,,,,,,,NONE,NONE,Y,YES,Y,YES - CAS CLAUSE INCLUDED,Y,TRANSACTION USES GFE/GFP,U,UNKNOWN,N,NO,X,NOT APPLICABLE,N,NO,Z,NOT APPLICABLE,N,NO,X,NOT APPLICABLE,f,f,f,f,f,f,f,f,f,f,f,f,f,f,f,f,f,f,f,OTHER THAN SMALL BUSINESS,O,f,f,f,f,f,f,f,f,f,f,f,f,f,f,f,f,f,CORPORATE NOT TAX EXEMPT,t,f,f,f,f,f,f,f,f,f,f,f,t,f,f,f,f,t,f,f,f,f,f,f,f,f,f,f,t,f,f,f,f,f,f,f,f,f,f,f,f,f,f,f,f,f,f,f,f,f,,,,,,,,,,,https://www.usaspending.gov/award/CONT_AWD_FA867515C0021_9700_-NONE-_-NONE-/,2025-04-22 16:50:17+00
CONT_AWD_FA873020C0049_9700_-NONE-_-NONE-,FA873020C0049,,,,,,,,,1687643.96,,1687643.96,1687643.96,2020-06-29,2020,2023-07-13,2023,2020-07-01,2025-06-30,2025-06-30 00:00:00,,2020-06-16,097,Department of Defense,5700,Department of the Air Force,FA2383,FA2383 FOREIGN MLTRY SLS AFLCMC/HBN,097,Department of Defense,5700,Department of the Air Force,F2BDAR,F2BDAR AFLCMC HBN INTRN C2 SNSRS DV,,,,,X,NOT APPLICABLE,,,J7YANRBLTYF1,,"M G R ENTERPRISES, INC.",M G R ENTERPRISES,,79540,J7YANRBLTYF1,,"M G R ENTERPRISES, INC.",M G R ENTERPRISES  INC.,USA,UNITED STATES,5951 SNEED DR,,DEALE,24003,ANNE ARUNDEL,24,MD,MARYLAND,207519736,MD-05,MD-05,3017048691,4108670199,USA,UNITED STATES,DEALE,24003,ANNE ARUNDEL,24,MD,MARYLAND,207519736,MD-05,MD-05,AWARD,D,DEFINITIVE CONTRACT,,,,,,,J,FIRM FIXED PRICE,EGYPT AIR FORCE INTEGRATED LOGISTIC SYSTEM APPLCATION SOFTWARE SUPPORT,,1,CT,CRITICAL FUNCTIONS,D318,"IT AND TELECOM- INTEGRATED HARDWARE/SOFTWARE/SERVICES SOLUTIONS, PREDOMINANTLY SERVICES",H,NOT BUNDLED,A7,ELECTRONICS AND COMMUNICATION EQUIPMENT,541511,CUSTOM COMPUTER PROGRAMMING SERVICES,C,NO CLAUSES INCLUDED AND NO SUSTAINABILITY INCLUDED,A,U.S. OWNED BUSINESS,000,NONE,E,COMMERCIAL SERVICE,E,NOT REQUIRED,USA,UNITED STATES,C,NOT A MANUFACTURED END PRODUCT,B,PLAN NOT REQUIRED,B,NOT AVAILABLE FOR COMPETITION,SSS,ONLY ONE SOURCE,NONE,NO SET ASIDE USED.,NONE,NO PREFERENCE USED,,,,,IA,INTERNATIONAL AGREEMENT (FAR 6.302-4),1,A,COMMERCIAL PRODUCTS/SERVICES,f,N,NO,N,NO,X,NOT APPLICABLE,N,NO,0.00,N,NO,X,NOT APPLICABLE,X,NOT APPLICABLE,X,NOT APPLICABLE,X,NOT APPLICABLE,,,,,,,,NONE,NONE,N,NO,X,NOT APPLICABLE EXEMPT FROM CAS,N,TRANSACTION DOES NOT USE GFE/GFP,U,UNKNOWN,D,NOT CONSOLIDATED,N,NO - SERVICE WHERE PBA IS NOT USED.,N,NO,Z,NOT APPLICABLE,N,NO,X,NOT APPLICABLE,f,f,f,f,f,f,f,f,f,f,f,f,t,f,f,t,f,f,f,OTHER THAN SMALL BUSINESS,O,f,f,f,f,f,f,f,f,f,f,f,f,f,f,f,f,f,CORPORATE NOT TAX EXEMPT,t,f,f,f,f,f,f,f,f,f,f,f,f,f,f,f,f,t,f,f,f,f,f,f,f,f,f,f,t,f,f,f,f,f,f,f,f,f,f,f,f,f,f,f,f,t,f,f,f,f,,,,,,,,,,,https://www.usaspending.gov/award/CONT_AWD_FA873020C0049_9700_-NONE-_-NONE-/,2023-07-31 09:06:00+00
CONT_AWD_FA875019C0501_9700_-NONE-_-NONE-,FA875019C0501,,,,Q: Not Designated Nonemergency/Emergency/Disaster/Wildfire Suppression,,,,,11445794.00,95956.99,11445794.00,13957449.00,2019-05-16,2019,2023-07-10,2023,2019-05-16,2024-09-30,2024-09-30 00:00:00,,2018-07-18,097,Department of Defense,5700,Department of the Air Force,FA8750,FA8750  AFRL RIK,097,Department of Defense,97AE,Defense Advanced Research Projects Agency,HR0011,DEF ADVANCED RESEARCH PROJECTS AGCY,097-2018/2019-0400-000;097-2019/2020-0400-000;097-2020/2021-0400-000;097-2021/2022-0400-000;097-2022/2023-0400-000,097-0400,25.5: Research and development contracts,0001: BASIC RESEARCH;0099: N/A;00CA: N/A,X,NOT APPLICABLE,,,EP8HTN6PUJW3,,"TWO SIX LABS, LLC","TWO SIX LABS, LLC",,4AS04,CGH4KL6JK9R7,,"TWO SIX LABS HOLDINGS, INC.",TWO SIX LABS HOLDINGS  INC.,USA,UNITED STATES,901 N STUART ST STE 1000,,ARLINGTON,51013,ARLINGTON,51,VA,VIRGINIA,222034129,VA-08,VA-08,7033527713,7035668904,USA,UNITED STATES,ARLINGTON,51013,ARLINGTON,51,VA,VIRGINIA,222034129,VA-08,VA-08,AWARD,D,DEFINITIVE CONTRACT,,,,,,,U,COST PLUS FIXED FEE,FACILITATING INTERCHANGE AND NONPUBLIC INFORMATION SHARING WHILE HIDING WITHIN LOCAL INHOSPITABLE NETWORK ENVIRONMENTS (FINISH LINE),HR001118S0052,1,OT,OTHER FUNCTIONS,AD92,R&D- DEFENSE OTHER: OTHER (APPLIED RESEARCH/EXPLORATORY DEVELOPMENT),H,NOT BUNDLED,A7,ELECTRONICS AND COMMUNICATION EQUIPMENT,541715,"RESEARCH AND DEVELOPMENT IN THE PHYSICAL, ENGINEERING, AND LIFE SCIENCES (EXCEPT NANOTECHNOLOGY AND BIOTECHNOLOGY)",C,NO CLAUSES INCLUDED AND NO SUSTAINABILITY INCLUDED,A,U.S. OWNED BUSINESS,000,NONE,Z,NOT IT PRODUCTS OR SERVICES,E,NOT REQUIRED,USA,UNITED STATES,C,NOT A MANUFACTURED END PRODUCT,B,PLAN NOT REQUIRED,A,FULL AND OPEN COMPETITION,BR,BASIC RESEARCH,NONE,NO SET ASIDE USED.,NONE,NO PREFERENCE USED,,,,,,,24,D,COMMERCIAL PRODUCTS/SERVICES PROCEDURES NOT USED,f,N,NO,N,NO,Y,YES,N,NO,0.00,N,NO,X,NOT APPLICABLE,X,NOT APPLICABLE,X,NOT APPLICABLE,X,NOT APPLICABLE,,,,,,,,NONE,NONE,N,NO,X,NOT APPLICABLE EXEMPT FROM CAS,N,TRANSACTION DOES NOT USE GFE/GFP,N,NO,D,NOT CONSOLIDATED,Y,YES - SERVICE WHERE PBA IS USED.,N,NO,Z,NOT APPLICABLE,N,NO,X,NOT APPLICABLE,f,f,f,f,f,f,f,f,f,f,f,f,f,f,f,f,f,f,f,OTHER THAN SMALL BUSINESS,O,f,f,f,f,f,f,f,f,f,f,f,f,f,f,f,f,f,CORPORATE NOT TAX EXEMPT,t,f,f,f,f,f,f,f,f,f,f,f,f,f,f,f,f,t,f,f,f,f,f,f,f,f,t,f,t,f,f,f,f,f,f,f,f,f,f,f,f,f,f,f,f,f,f,f,f,f,JEFF  KARRELS,462081.00,BOB  KWAJA,514301.00,MICHAEL  WEAR,562933.00,AMY  DALTON,420067.00,ANDRZEJ  GORSKI,408742.00,https://www.usaspending.gov/award/CONT_AWD_FA875019C0501_9700_-NONE-_-NONE-/,2024-07-17 11:54:37+00
CONT_AWD_FA875021C0518_9700_-NONE-_-NONE-,FA875021C0518,,,,,,,,,1284778.00,,1284778.00,1284778.00,2021-09-22,2021,2023-07-05,2023,2021-09-22,2023-09-22,2023-09-22 00:00:00,,2021-05-12,097,Department of Defense,9763,Defense Contract Management Agency,S1002A,DCMA SOUTHEAST,097,Department of Defense,5700,Department of the Air Force,FA8750,FA8750  AFRL RIK,,,,,X,NOT APPLICABLE,,,Z475KM9G68V8,,"COLVIN RUN NETWORKS, INC","COLVIN RUN NETWORKS, INC",,800J6,CKXWZN89D8X4,,COLVIN RUN NETWORKS INC,COLVIN RUN NETWORKS INC,USA,UNITED STATES,1775 TYSONS BLVD,FL 5,TYSONS,51059,FAIRFAX,51,VA,VIRGINIA,221024285,VA-11,VA-11,7039671967,,USA,UNITED STATES,RESTON,51059,FAIRFAX,51,VA,VIRGINIA,201903330,VA-11,VA-11,AWARD,D,DEFINITIVE CONTRACT,,,,,,,J,FIRM FIXED PRICE,SIFTR: SYSTEMATIC INFORMATION FUSION FOR TECHNICAL REPORTING,,1,OT,OTHER FUNCTIONS,AC12,NATIONAL DEFENSE R&D SERVICES; DEPARTMENT OF DEFENSE - MILITARY; APPLIED RESEARCH,H,NOT BUNDLED,A7,ELECTRONICS AND COMMUNICATION EQUIPMENT,541715,"RESEARCH AND DEVELOPMENT IN THE PHYSICAL, ENGINEERING, AND LIFE SCIENCES (EXCEPT NANOTECHNOLOGY AND BIOTECHNOLOGY)",C,NO CLAUSES INCLUDED AND NO SUSTAINABILITY INCLUDED,A,U.S. OWNED BUSINESS,000,NONE,Z,NOT IT PRODUCTS OR SERVICES,E,NOT REQUIRED,USA,UNITED STATES,C,NOT A MANUFACTURED END PRODUCT,B,PLAN NOT REQUIRED,D,FULL AND OPEN COMPETITION AFTER EXCLUSION OF SOURCES,NP,NEGOTIATED PROPOSAL/QUOTE,SBA,SMALL BUSINESS SET ASIDE - TOTAL,NONE,NO PREFERENCE USED,SR2,SMALL BUSINESS INNOVATION RESEARCH PROGRAM PHASE II ACTION,,,,,46,D,COMMERCIAL PRODUCTS/SERVICES PROCEDURES NOT USED,f,N,NO,N,NO,X,NOT APPLICABLE,N,NO,0.00,N,NO,X,NOT APPLICABLE,X,NOT APPLICABLE,X,NOT APPLICABLE,X,NOT APPLICABLE,,,,,,,,NONE,NONE,N,NO,X,NOT APPLICABLE EXEMPT FROM CAS,N,TRANSACTION DOES NOT USE GFE/GFP,N,NO,D,NOT CONSOLIDATED,Y,YES - SERVICE WHERE PBA IS USED.,N,NO,Z,NOT APPLICABLE,N,NO,X,NOT APPLICABLE,f,f,f,f,f,f,f,f,f,f,f,f,f,f,f,f,f,f,f,SMALL BUSINESS,S,f,f,f,f,f,f,f,f,f,f,f,f,f,f,f,f,f,CORPORATE NOT TAX EXEMPT,t,f,f,f,f,f,f,f,f,f,f,f,f,f,f,f,f,t,f,f,f,f,f,f,f,t,f,f,t,f,f,f,f,f,f,f,f,f,f,f,f,f,f,f,f,t,f,f,f,f,,,,,,,,,,,https://www.usaspending.gov/award/CONT_AWD_FA875021C0518_9700_-NONE-_-NONE-/,2023-07-28 15:07:35+00
CONT_AWD_FA875022C1004_9700_-NONE-_-NONE-,FA875022C1004,,,,,,,,,999996.00,,999996.00,999996.00,2022-01-12,2022,2023-07-13,2023,2022-01-12,2024-01-10,2024-01-10 00:00:00,,2021-04-21,097,Department of Defense,5700,Department of the Air Force,FA8750,FA8750  AFRL RIK,097,Department of Defense,5700,Department of the Air Force,F4FBEQ,F4FBEQ AFRL RGF,,,,,X,NOT APPLICABLE,,,YAJJH8KCTF51,,"INTELLIGENT FUSION TECHNOLOGY, INC.","INTELLIGENT FUSION TECHNOLOGY, INC.",I-FUSION,6B0K6,YAJJH8KCTF51,,"INTELLIGENT FUSION TECHNOLOGY, INC.",INTELLIGENT FUSION TECHNOLOGY,USA,UNITED STATES,20271 GOLDENROD LN STE 2066,,GERMANTOWN,24031,MONTGOMERY,24,MD,MARYLAND,208764104,MD-06,MD-06,3015157261,3015157262,USA,UNITED STATES,GERMANTOWN,24031,MONTGOMERY,24,MD,MARYLAND,208741187,MD-06,MD-06,AWARD,D,DEFINITIVE CONTRACT,,,,,,,U,COST PLUS FIXED FEE,EXPLAINABLE AND TRANSPARENT MACHINE LEARNING FOR AUTONOMOUS DECISION-MAKING,,1,OT,OTHER FUNCTIONS,AC12,NATIONAL DEFENSE R&D SERVICES; DEPARTMENT OF DEFENSE - MILITARY; APPLIED RESEARCH,H,NOT BUNDLED,A7,ELECTRONICS AND COMMUNICATION EQUIPMENT,541715,"RESEARCH AND DEVELOPMENT IN THE PHYSICAL, ENGINEERING, AND LIFE SCIENCES (EXCEPT NANOTECHNOLOGY AND BIOTECHNOLOGY)",C,NO CLAUSES INCLUDED AND NO SUSTAINABILITY INCLUDED,A,U.S. OWNED BUSINESS,000,NONE,Z,NOT IT PRODUCTS OR SERVICES,E,NOT REQUIRED,USA,UNITED STATES,C,NOT A MANUFACTURED END PRODUCT,B,PLAN NOT REQUIRED,D,FULL AND OPEN COMPETITION AFTER EXCLUSION OF SOURCES,NP,NEGOTIATED PROPOSAL/QUOTE,SBA,SMALL BUSINESS SET ASIDE - TOTAL,NONE,NO PREFERENCE USED,SR2,SMALL BUSINESS INNOVATION RESEARCH PROGRAM PHASE II ACTION,,,,,21,D,COMMERCIAL PRODUCTS/SERVICES PROCEDURES NOT USED,f,N,NO,N,NO,N,NO,N,NO,0.00,N,NO,X,NOT APPLICABLE,X,NOT APPLICABLE,X,NOT APPLICABLE,X,NOT APPLICABLE,,,,,,,,NONE,NONE,N,NO,X,NOT APPLICABLE EXEMPT FROM CAS,N,TRANSACTION DOES NOT USE GFE/GFP,N,NO,D,NOT CONSOLIDATED,Y,YES - SERVICE WHERE PBA IS USED.,N,NO,Z,NOT APPLICABLE,N,NO,X,NOT APPLICABLE,f,f,f,f,f,f,f,t,t,t,f,f,t,f,t,f,f,f,f,SMALL BUSINESS,S,f,f,f,f,f,f,f,f,f,f,f,f,f,f,f,f,f,CORPORATE NOT TAX EXEMPT,t,f,f,f,f,f,f,f,f,f,f,f,f,f,f,f,f,t,f,f,f,f,f,f,f,f,f,f,t,f,f,f,f,f,f,f,f,f,f,f,f,f,f,f,f,t,f,f,f,f,,,,,,,,,,,https://www.usaspending.gov/award/CONT_AWD_FA875022C1004_9700_-NONE-_-NONE-/,2023-07-14 07:56:55+00
CONT_AWD_FA881021C0027_9700_-NONE-_-NONE-,FA881021C0027,,,,,,,,,3499975.40,,3499975.40,3499975.40,2021-08-19,2021,2023-07-07,2023,2021-08-19,2023-08-18,2025-02-18 00:00:00,,2021-06-03,097,Department of Defense,5700,Department of the Air Force,FA9453,FA9453  AFRL RVK,097,Department of Defense,5700,Department of the Air Force,F4FBEQ,F4FBEQ AFRL RGF,,,,,X,NOT APPLICABLE,,,QM7PN38M94U7,,STARFISH SPACE INC.,STARFISH SPACE INC.,,8F8Q5,QM7PN38M94U7,,STARFISH SPACE INC.,STARFISH SPACE INC.,USA,UNITED STATES,26204 147TH AVE SE,,KENT,53033,KING,53,WA,WASHINGTON,980428146,WA-08,WA-08,3194303143,,USA,UNITED STATES,KENT,53033,KING,53,WA,WASHINGTON,980428146,WA-08,WA-08,AWARD,D,DEFINITIVE CONTRACT,,,,,,,J,FIRM FIXED PRICE,"STARFISH SPACE, SPACE PITCH DAY 2021",,1,OT,OTHER FUNCTIONS,AC13,NATIONAL DEFENSE R&D SERVICES; DEPARTMENT OF DEFENSE - MILITARY; EXPERIMENTAL DEVELOPMENT,H,NOT BUNDLED,A2,MISSILE AND SPACE SYSTEMS,541990,"ALL OTHER PROFESSIONAL, SCIENTIFIC, AND TECHNICAL SERVICES",C,NO CLAUSES INCLUDED AND NO SUSTAINABILITY INCLUDED,A,U.S. OWNED BUSINESS,000,NONE,Z,NOT IT PRODUCTS OR SERVICES,E,NOT REQUIRED,USA,UNITED STATES,C,NOT A MANUFACTURED END PRODUCT,B,PLAN NOT REQUIRED,D,FULL AND OPEN COMPETITION AFTER EXCLUSION OF SOURCES,NP,NEGOTIATED PROPOSAL/QUOTE,SBA,SMALL BUSINESS SET ASIDE - TOTAL,NONE,NO PREFERENCE USED,ST2,SMALL TECHNOLOGY TRANSFER RESEARCH PROGRAM PHASE II,,,,,36,A,COMMERCIAL PRODUCTS/SERVICES,f,N,NO,N,NO,X,NOT APPLICABLE,N,NO,0.00,N,NO,N,NO,N,NO,N,NO,X,NOT APPLICABLE,,,,,,,,NONE,NONE,N,NO,X,NOT APPLICABLE EXEMPT FROM CAS,N,TRANSACTION DOES NOT USE GFE/GFP,U,UNKNOWN,D,NOT CONSOLIDATED,N,NO - SERVICE WHERE PBA IS NOT USED.,N,NO,Z,NOT APPLICABLE,N,NO,X,NOT APPLICABLE,f,f,f,f,f,f,f,f,f,f,f,f,f,f,f,f,f,f,f,SMALL BUSINESS,S,f,f,f,f,f,f,f,f,f,f,f,f,f,f,f,f,f,CORPORATE NOT TAX EXEMPT,t,f,f,f,f,f,f,f,f,f,f,f,t,f,f,f,f,t,f,f,f,f,f,f,f,f,f,f,t,f,f,f,f,f,f,f,f,f,f,f,f,f,f,f,f,f,f,f,f,f,,,,,,,,,,,https://www.usaspending.gov/award/CONT_AWD_FA881021C0027_9700_-NONE-_-NONE-/,2023-07-11 10:33:20+00
CONT_AWD_FA910119C0037_9700_-NONE-_-NONE-,FA910119C0037,,,,Q: Not Designated Nonemergency/Emergency/Disaster/Wildfire Suppression,,,,,1699903.98,0.00,1699903.98,1699903.98,2019-03-29,2019,2023-07-12,2023,2019-03-29,2023-09-30,2023-09-30 00:00:00,,2018-09-25,097,Department of Defense,5700,Department of the Air Force,FA9101,FA9101  AEDC PKP   PROCRMNT BR,097,Department of Defense,5700,Department of the Air Force,F1EEDA,F1EEDA INTEGRATED AEDC TSTA,057-2018/2019-3600-000,057-3600,25.5: Research and development contracts,0001: BASIC RESEARCH,X,NOT APPLICABLE,,,DRAJJ5Q57NX5,,"OPTICAL SCIENCES, LLC",OPTICAL SCIENCES CORPORATION,,02VY5,DRAJJ5Q57NX5,,"OPTICAL SCIENCES, LLC",OPTICAL SCIENCES CORPORATION,USA,UNITED STATES,6767 OLD MADISON PIKE NW STE 650,,HUNTSVILLE,01089,MADISON,01,AL,ALABAMA,358062187,AL-05,AL-05,2569221500,2569221501,USA,UNITED STATES,HUNTSVILLE,01089,MADISON,01,AL,ALABAMA,358062187,AL-05,AL-05,AWARD,D,DEFINITIVE CONTRACT,,,,,,,U,COST PLUS FIXED FEE,DYNAMIC OPTICAL COUPLER,,1,OT,OTHER FUNCTIONS,AD92,R&D- DEFENSE OTHER: OTHER (APPLIED RESEARCH/EXPLORATORY DEVELOPMENT),H,NOT BUNDLED,S1,SERVICES,541715,"RESEARCH AND DEVELOPMENT IN THE PHYSICAL, ENGINEERING, AND LIFE SCIENCES (EXCEPT NANOTECHNOLOGY AND BIOTECHNOLOGY)",C,NO CLAUSES INCLUDED AND NO SUSTAINABILITY INCLUDED,A,U.S. OWNED BUSINESS,000,NONE,Z,NOT IT PRODUCTS OR SERVICES,E,NOT REQUIRED,USA,UNITED STATES,C,NOT A MANUFACTURED END PRODUCT,B,PLAN NOT REQUIRED,D,FULL AND OPEN COMPETITION AFTER EXCLUSION OF SOURCES,NP,NEGOTIATED PROPOSAL/QUOTE,SBA,SMALL BUSINESS SET ASIDE - TOTAL,NONE,NO PREFERENCE USED,SR2,SMALL BUSINESS INNOVATION RESEARCH PROGRAM PHASE II ACTION,,,,,1,D,COMMERCIAL PRODUCTS/SERVICES PROCEDURES NOT USED,f,N,NO,N,NO,X,NOT APPLICABLE,N,NO,0.00,N,NO,X,NOT APPLICABLE,X,NOT APPLICABLE,X,NOT APPLICABLE,X,NOT APPLICABLE,,,,,,,,NONE,NONE,Y,YES,X,NOT APPLICABLE EXEMPT FROM CAS,N,TRANSACTION DOES NOT USE GFE/GFP,U,UNKNOWN,D,NOT CONSOLIDATED,Y,YES - SERVICE WHERE PBA IS USED.,N,NO,Z,NOT APPLICABLE,N,NO,X,NOT APPLICABLE,f,f,f,f,f,f,f,f,f,f,f,f,f,f,f,f,f,f,f,SMALL BUSINESS,S,f,f,f,f,f,f,f,f,f,f,f,f,f,f,f,f,f,CORPORATE NOT TAX EXEMPT,t,f,f,f,f,f,f,f,f,f,f,f,t,f,f,f,f,t,f,f,f,f,f,f,f,t,f,f,t,f,f,f,f,f,f,f,f,f,f,f,f,f,f,f,f,f,f,f,f,f,,,,,,,,,,,https://www.usaspending.gov/award/CONT_AWD_FA910119C0037_9700_-NONE-_-NONE-/,2023-07-12 15:01:55+00
CONT_AWD_FA930219C0007_9700_-NONE-_-NONE-,FA930219C0007,,,,Q: Not Designated Nonemergency/Emergency/Disaster/Wildfire Suppression,,,,,837363.00,13571.91,837363.00,837363.00,2018-10-01,2019,2023-07-05,2023,2018-10-01,2023-09-30,2023-09-30 00:00:00,,,097,Department of Defense,5700,Department of the Air Force,FA9304,FA9304  AFTC PZZ,097,Department of Defense,5700,Department of the Air Force,F1STAB,F1STAB USAF TPS CCR,057-2019/2020-3600-000;057-2020/2021-3600-000;057-2021/2022-3600-000,057-3600,25.2: Other services from non-Federal sources;25.7: Operation and maintenance of equipment,0002: APPLIED RESEARCH;OPTN: FIELD IS OPTIONAL PRIOR TO FY21,X,NOT APPLICABLE,,,F2FAKY5Y68H2,,DAVID GLEN MITCHELL,MITCHELL AEROSPACE RESEARCH,,6AK40,F2FAKY5Y68H2,,DAVID GLEN MITCHELL,MITCHELL AEROSPACE RESEARCH,USA,UNITED STATES,3780 KILROY AIRPORT WAY STE 200,,LONG BEACH,06037,LOS ANGELES,06,CA,CALIFORNIA,908062458,CA-42,CA-42,5622567056,5622567057,USA,UNITED STATES,LONG BEACH,06037,LOS ANGELES,06,CA,CALIFORNIA,908062458,CA-42,CA-42,AWARD,D,DEFINITIVE CONTRACT,,,,,,,J,FIRM FIXED PRICE,CURRICULUM DEVELOPMENT,,1,OT,OTHER FUNCTIONS,U008,EDUCATION/TRAINING- TRAINING/CURRICULUM DEVELOPMENT,H,NOT BUNDLED,S1,SERVICES,611512,FLIGHT TRAINING,C,NO CLAUSES INCLUDED AND NO SUSTAINABILITY INCLUDED,A,U.S. OWNED BUSINESS,000,NONE,Z,NOT IT PRODUCTS OR SERVICES,E,NOT REQUIRED,USA,UNITED STATES,C,NOT A MANUFACTURED END PRODUCT,B,PLAN NOT REQUIRED,F,COMPETED UNDER SAP,SP1,SIMPLIFIED ACQUISITION,SBA,SMALL BUSINESS SET ASIDE - TOTAL,NONE,NO PREFERENCE USED,,,,,,,1,A,COMMERCIAL PRODUCTS/SERVICES,f,N,NO,N,NO,X,NOT APPLICABLE,N,NO,0.00,N,NO,X,NOT APPLICABLE,Y,YES,X,NOT APPLICABLE,X,NOT APPLICABLE,,,,,,,,NONE,NONE,N,NO,X,NOT APPLICABLE EXEMPT FROM CAS,N,TRANSACTION DOES NOT USE GFE/GFP,N,NO,D,NOT CONSOLIDATED,Y,YES - SERVICE WHERE PBA IS USED.,N,NO,Z,NOT APPLICABLE,N,NO,X,NOT APPLICABLE,f,f,f,f,f,f,f,f,f,f,f,f,f,f,f,f,f,f,f,SMALL BUSINESS,S,f,f,f,f,f,f,f,f,f,f,f,f,f,f,f,f,f,SOLE PROPRIETORSHIP,f,f,f,t,f,f,f,f,f,f,f,f,f,f,f,f,f,t,f,f,f,f,f,f,f,f,f,f,t,f,f,f,f,f,f,f,f,f,f,f,f,f,f,f,f,f,f,f,f,f,,,,,,,,,,,https://www.usaspending.gov/award/CONT_AWD_FA930219C0007_9700_-NONE-_-NONE-/,2023-07-07 14:04:08+00
CONT_AWD_FA930220C0003_9700_-NONE-_-NONE-,FA930220C0003,,,,Q: Not Designated Nonemergency/Emergency/Disaster/Wildfire Suppression,,,,,226092.00,61293.84,226092.00,226092.00,2020-08-06,2020,2023-07-12,2023,2020-08-05,2024-08-04,2024-08-04 00:00:00,,,097,Department of Defense,5700,Department of the Air Force,FA9302,FA9302  AFTC PZZ,097,Department of Defense,5700,Department of the Air Force,F1S0AS,F1S0AS 412 TW JSF,057-2020/2021-3600-000,057-3600,31.0: Equipment,OPTN: FIELD IS OPTIONAL PRIOR TO FY21,X,NOT APPLICABLE,,,KWBKH6NE1AD9,,CATALOGIC SOFTWARE INC,"CATALOGIC SOFTWARE, INC.",,70ML8,KWBKH6NE1AD9,,CATALOGIC SOFTWARE INC,DPX CORP.,USA,UNITED STATES,50 TICE BLVD STE 110,,WOODCLIFF LAKE,34003,BERGEN,34,NJ,NEW JERSEY,076777654,NJ-05,NJ-05,2019308217,2013019183,USA,UNITED STATES,EDWARDS,06029,KERN,06,CA,CALIFORNIA,935241002,CA-20,CA-20,AWARD,D,DEFINITIVE CONTRACT,,,,,,,J,FIRM FIXED PRICE,CATALOGIC SOFTWARE RENEWAL AND SUPPORT,,1,,,7030,INFORMATION TECHNOLOGY SOFTWARE,H,NOT BUNDLED,C9E,ALL OTHERS NOT IDENTIFIABLE TO ANY OTHER PROCUREMENT PROGRAM,511210,SOFTWARE PUBLISHERS,C,NO CLAUSES INCLUDED AND NO SUSTAINABILITY INCLUDED,A,U.S. OWNED BUSINESS,000,NONE,A,COMMERCIALLY AVAILABLE OFF-THE-SHELF (COTS) ITEM,E,NOT REQUIRED,USA,UNITED STATES,D,MFG IN U.S.,B,PLAN NOT REQUIRED,C,NOT COMPETED,SSS,ONLY ONE SOURCE,NONE,NO SET ASIDE USED.,NONE,NO PREFERENCE USED,,,,,ONE,ONLY ONE SOURCE-OTHER (FAR 6.302-1 OTHER),1,A,COMMERCIAL PRODUCTS/SERVICES,f,N,NO,N,NO,X,NOT APPLICABLE,N,NO,0.00,N,NO,X,NOT APPLICABLE,X,NOT APPLICABLE,X,NOT APPLICABLE,X,NOT APPLICABLE,,,,,,,,NONE,NONE,N,NO,X,NOT APPLICABLE EXEMPT FROM CAS,N,TRANSACTION DOES NOT USE GFE/GFP,N,NO,D,NOT CONSOLIDATED,X,NOT APPLICABLE,Y,YES,Z,NOT APPLICABLE,N,NO,X,NOT APPLICABLE,f,f,f,f,f,f,f,f,f,f,f,f,f,f,f,f,f,f,f,OTHER THAN SMALL BUSINESS,O,f,f,f,f,f,f,f,f,f,f,f,f,f,f,f,f,f,CORPORATE NOT TAX EXEMPT,t,f,f,f,f,f,f,f,f,f,f,f,f,f,f,f,f,t,f,f,f,f,f,f,f,f,f,f,t,f,f,f,f,f,f,f,f,f,f,f,f,f,f,f,f,f,f,f,f,f,,,,,,,,,,,https://www.usaspending.gov/award/CONT_AWD_FA930220C0003_9700_-NONE-_-NONE-/,2023-07-12 12:50:24+00
CONT_AWD_FA945321C0549_9700_-NONE-_-NONE-,FA945321C0549,,,,Q: Not Designated Nonemergency/Emergency/Disaster/Wildfire Suppression,,,,,749403.00,0.00,749403.00,749403.00,2021-04-12,2021,2023-07-11,2023,2023-07-17,2023-12-15,2023-12-15 00:00:00,,2019-08-01,097,Department of Defense,5700,Department of the Air Force,FA9453,FA9453  AFRL RVK,097,Department of Defense,5700,Department of the Air Force,F4FBEQ,F4FBEQ AFRL RGF,057-2020/2021-3600-000,057-3600,25.5: Research and development contracts,0001: BASIC RESEARCH,X,NOT APPLICABLE,,,HPJ9UY3F7HP9,,VIBRANT CORPORATION,VIBRANT CORPORATION,,4SKD3,WHESZRJ35XB7,,VIBRANT CORPORATION,VIBRANT CORPORATION,USA,UNITED STATES,8916 ADAMS ST,,ALBUQUERQUE,35001,BERNALILLO,35,NM,NEW MEXICO,871132707,NM-01,NM-01,5053141505,5054922537,USA,UNITED STATES,ALBUQUERQUE,35001,BERNALILLO,35,NM,NEW MEXICO,871132710,NM-01,NM-01,AWARD,D,DEFINITIVE CONTRACT,,,,,,,J,FIRM FIXED PRICE,PROCESS COMPENSATED RESONANCE TESTING FOR QUALIFICATION OF ADDITIVELY MANUFACTURED LAUNCH AND SPACE VEHICLE COMPONENTS,,1,OT,OTHER FUNCTIONS,AC21,NATIONAL DEFENSE R&D SERVICES; ATOMIC ENERGY DEFENSE ACTIVITIES; BASIC RESEARCH,H,NOT BUNDLED,A2,MISSILE AND SPACE SYSTEMS,541715,"RESEARCH AND DEVELOPMENT IN THE PHYSICAL, ENGINEERING, AND LIFE SCIENCES (EXCEPT NANOTECHNOLOGY AND BIOTECHNOLOGY)",C,NO CLAUSES INCLUDED AND NO SUSTAINABILITY INCLUDED,A,U.S. OWNED BUSINESS,000,NONE,Z,NOT IT PRODUCTS OR SERVICES,E,NOT REQUIRED,USA,UNITED STATES,C,NOT A MANUFACTURED END PRODUCT,B,PLAN NOT REQUIRED,D,FULL AND OPEN COMPETITION AFTER EXCLUSION OF SOURCES,NP,NEGOTIATED PROPOSAL/QUOTE,SBA,SMALL BUSINESS SET ASIDE - TOTAL,NONE,NO PREFERENCE USED,SR2,SMALL BUSINESS INNOVATION RESEARCH PROGRAM PHASE II ACTION,,,,,2,D,COMMERCIAL PRODUCTS/SERVICES PROCEDURES NOT USED,f,N,NO,N,NO,X,NOT APPLICABLE,N,NO,0.00,N,NO,X,NOT APPLICABLE,X,NOT APPLICABLE,X,NOT APPLICABLE,X,NOT APPLICABLE,,,,,,,,NONE,NONE,W,NOT OBTAINED - WAIVED,X,NOT APPLICABLE EXEMPT FROM CAS,N,TRANSACTION DOES NOT USE GFE/GFP,U,UNKNOWN,D,NOT CONSOLIDATED,N,NO - SERVICE WHERE PBA IS NOT USED.,N,NO,Z,NOT APPLICABLE,N,NO,X,NOT APPLICABLE,f,f,f,f,f,f,f,f,f,f,f,f,f,f,f,f,f,f,f,SMALL BUSINESS,S,f,f,f,f,f,f,f,f,f,f,f,f,f,f,f,f,f,CORPORATE NOT TAX EXEMPT,t,f,f,f,f,f,f,f,f,f,f,f,f,f,f,f,f,t,f,f,f,f,f,f,f,f,f,f,t,f,f,f,f,f,f,f,f,f,f,f,f,f,f,f,f,f,f,f,f,f,,,,,,,,,,,https://www.usaspending.gov/award/CONT_AWD_FA945321C0549_9700_-NONE-_-NONE-/,2023-07-11 11:27:07+00
CONT_AWD_H9224120C0004_9700_-NONE-_-NONE-,H9224120C0004,,,,Q: Not Designated Nonemergency/Emergency/Disaster/Wildfire Suppression,,,,,2349268.65,0.00,2349268.65,2349268.65,2020-07-21,2020,2023-07-02,2023,2020-07-15,2022-12-15,2022-12-15 00:00:00,,2020-02-03,097,Department of Defense,97ZS,U.S. Special Operations Command,H92241,AMSAM-SPK,097,Department of Defense,97ZS,U.S. Special Operations Command,H92241,AMSAM-SPK,021-2019/2021-2031-000,021-2031,25.2: Other services from non-Federal sources,OPTN: FIELD IS OPTIONAL PRIOR TO FY21,X,NOT APPLICABLE,,,SNJ8YY61GB95,,TEXTRON SYSTEMS CORPORATION,AAI CORPORATION,,97384,HKUMGJBEMKN3,,TEXTRON INC,TEXTRON INC.,USA,UNITED STATES,124 INDUSTRY LN,,HUNT VALLEY,24005,BALTIMORE,24,MD,MARYLAND,210303342,MD-02,MD-02,4106283320,,USA,UNITED STATES,COCKEYSVILLE,24005,BALTIMORE,24,MD,MARYLAND,210300126,MD-02,MD-02,AWARD,D,DEFINITIVE CONTRACT,,,,,,,J,FIRM FIXED PRICE,PROCURE ABE MODEL 410A BORESIGHT SYSTEMS,H9224120R0001,1,,,1680,MISCELLANEOUS AIRCRAFT ACCESSORIES AND COMPONENTS,H,NOT BUNDLED,A1C,OTHER AIRCRAFT EQUIPMENT,336413,OTHER AIRCRAFT PARTS AND AUXILIARY EQUIPMENT MANUFACTURING,C,NO CLAUSES INCLUDED AND NO SUSTAINABILITY INCLUDED,A,U.S. OWNED BUSINESS,000,NONE,Z,NOT IT PRODUCTS OR SERVICES,A,MEETS REQUIREMENTS,USA,UNITED STATES,D,MFG IN U.S.,F,INDIVIDUAL SUBCONTRACT PLAN,C,NOT COMPETED,SSS,ONLY ONE SOURCE,NONE,NO SET ASIDE USED.,NONE,NO PREFERENCE USED,,,,,ONE,ONLY ONE SOURCE-OTHER (FAR 6.302-1 OTHER),1,D,COMMERCIAL PRODUCTS/SERVICES PROCEDURES NOT USED,f,N,NO,N,NO,Y,YES,N,NO,0.00,N,NO,X,NOT APPLICABLE,X,NOT APPLICABLE,X,NOT APPLICABLE,X,NOT APPLICABLE,,,,,,,,NONE,NONE,N,NO,Y,YES - CAS CLAUSE INCLUDED,Y,TRANSACTION USES GFE/GFP,U,UNKNOWN,D,NOT CONSOLIDATED,X,NOT APPLICABLE,N,NO,Z,NOT APPLICABLE,N,NO,X,NOT APPLICABLE,f,f,f,f,f,f,f,f,f,f,f,f,f,f,f,f,f,f,f,OTHER THAN SMALL BUSINESS,O,f,f,f,f,f,f,f,f,f,f,f,f,f,f,f,f,f,CORPORATE NOT TAX EXEMPT,t,f,f,f,f,f,f,f,f,f,f,f,t,f,f,f,f,t,f,f,f,f,f,f,f,f,f,f,t,f,f,f,f,f,f,f,f,f,f,f,f,f,f,f,f,f,f,f,f,f,,,,,,,,,,,https://www.usaspending.gov/award/CONT_AWD_H9224120C0004_9700_-NONE-_-NONE-/,2023-07-02 10:19:46+00
CONT_AWD_H9228122C0002_9700_-NONE-_-NONE-,H9228122C0002,,,,,,,,,650000.00,,650000.00,650000.00,2022-07-29,2022,2023-07-11,2023,2022-07-29,2023-07-28,2023-07-28 00:00:00,,2022-07-27,097,Department of Defense,97ZS,U.S. Special Operations Command,H92281,SOCSOUTH,097,Department of Defense,97ZS,U.S. Special Operations Command,H92281,SOCSOUTH,,,,,X,NOT APPLICABLE,,,UNFUY8J791Q3,,JEDBURGH STRATEGIC SERVICES LLC,JEDBURGH STRATEGIC SERVICES LLC,,9ARA7,UNFUY8J791Q3,,JEDBURGH STRATEGIC SERVICES LLC,JEDBURGH STRATEGIC SERVICES LLC,USA,UNITED STATES,2473 NW 66TH DR,,BOCA RATON,12099,PALM BEACH,12,FL,FLORIDA,334962002,FL-23,FL-23,9106399212,,COL,COLOMBIA,,,,,,,,,,AWARD,D,DEFINITIVE CONTRACT,,,,,,,J,FIRM FIXED PRICE,FLIGHT HOURS FOR MLS,H9228122R0006,1,OT,OTHER FUNCTIONS,V999,TRANSPORTATION/TRAVEL/RELOCATION- OTHER: OTHER,H,NOT BUNDLED,S1,SERVICES,481219,OTHER NONSCHEDULED AIR TRANSPORTATION,C,NO CLAUSES INCLUDED AND NO SUSTAINABILITY INCLUDED,A,U.S. OWNED BUSINESS,000,NONE,Z,NOT IT PRODUCTS OR SERVICES,A,MEETS REQUIREMENTS,USA,UNITED STATES,C,NOT A MANUFACTURED END PRODUCT,B,PLAN NOT REQUIRED,C,NOT COMPETED,SSS,ONLY ONE SOURCE,NONE,NO SET ASIDE USED.,NONE,NO PREFERENCE USED,,,,,NS,NATIONAL SECURITY (FAR 6.302-6),1,A,COMMERCIAL PRODUCTS/SERVICES,f,N,NO,N,NO,X,NOT APPLICABLE,N,NO,0.00,N,NO,X,NOT APPLICABLE,X,NOT APPLICABLE,X,NOT APPLICABLE,X,NOT APPLICABLE,,,,,,,,NONE,NONE,N,NO,X,NOT APPLICABLE EXEMPT FROM CAS,N,TRANSACTION DOES NOT USE GFE/GFP,N,NO,D,NOT CONSOLIDATED,N,NO - SERVICE WHERE PBA IS NOT USED.,N,NO,Z,NOT APPLICABLE,N,NO,X,NOT APPLICABLE,f,f,f,f,f,t,t,f,f,f,f,f,f,f,f,f,f,f,f,SMALL BUSINESS,S,f,f,f,f,f,f,f,f,f,f,f,f,f,f,f,f,f,SOLE PROPRIETORSHIP,f,f,f,t,f,f,f,f,f,f,f,f,f,f,f,f,f,t,f,f,f,f,f,f,f,f,t,f,t,f,f,f,f,f,f,f,f,f,f,f,f,f,f,f,f,t,f,f,f,f,,,,,,,,,,,https://www.usaspending.gov/award/CONT_AWD_H9228122C0002_9700_-NONE-_-NONE-/,2023-07-11 14:37:52+00
CONT_AWD_HC108420C0003_9700_-NONE-_-NONE-,HC108420C0003,,,,Q: Not Designated Nonemergency/Emergency/Disaster/Wildfire Suppression,,,,,100582.23,0.00,100582.23,100582.23,2020-09-10,2020,2023-07-11,2023,2020-09-10,2024-09-20,2024-09-20 00:00:00,,,097,Department of Defense,97AK,Defense Information Systems Agency,HC1084,IT CONTRACTING DIVISION - PL84,097,Department of Defense,1700,Department of the Navy,N68732,DEFENSE FINANCE AND ACCOUNTING SERV,097-X-4930-005,097-4930,"23.3: Communications, utilities, and miscellaneous charges;31.0: Equipment",0801: REIMBURSABLE,X,NOT APPLICABLE,,,NP3NSFVMNUM3,,EATON CORPORATION,EATON CORPORATION,,31795,MBJ8ANU347W7,,EATON CORPORATION PUBLIC LIMITED COMPANY,EATON CORPORATION,USA,UNITED STATES,8609 SIX FORKS RD,,RALEIGH,37183,WAKE,37,NC,NORTH CAROLINA,276152966,NC-04,NC-02,8286510758,,USA,UNITED STATES,KITTERY,23031,YORK,23,ME,MAINE,039042100,ME-01,ME-01,AWARD,D,DEFINITIVE CONTRACT,,,,,,,J,FIRM FIXED PRICE,MAINTENANCE,HC108420R0010,1,OT,OTHER FUNCTIONS,D320,IT AND TELECOM- ANNUAL HARDWARE MAINTENANCE SERVICE PLANS,H,NOT BUNDLED,S1,SERVICES,811219,OTHER ELECTRONIC AND PRECISION EQUIPMENT REPAIR AND MAINTENANCE,C,NO CLAUSES INCLUDED AND NO SUSTAINABILITY INCLUDED,C,FOREIGN-OWNED BUSINESS INCORPORATED IN THE U.S.,000,NONE,A,COMMERCIALLY AVAILABLE OFF-THE-SHELF (COTS) ITEM,E,NOT REQUIRED,USA,UNITED STATES,C,NOT A MANUFACTURED END PRODUCT,B,PLAN NOT REQUIRED,C,NOT COMPETED,SSS,ONLY ONE SOURCE,NONE,NO SET ASIDE USED.,NONE,NO PREFERENCE USED,,,,,ONE,ONLY ONE SOURCE-OTHER (FAR 6.302-1 OTHER),1,A,COMMERCIAL PRODUCTS/SERVICES,f,N,NO,N,NO,Y,YES,N,NO,0.00,N,NO,N,NO,N,NO,N,NO,X,NOT APPLICABLE,,,,,,,,NONE,NONE,N,NO,X,NOT APPLICABLE EXEMPT FROM CAS,N,TRANSACTION DOES NOT USE GFE/GFP,U,UNKNOWN,D,NOT CONSOLIDATED,Y,YES - SERVICE WHERE PBA IS USED.,N,NO,Z,NOT APPLICABLE,N,NO,X,NOT APPLICABLE,f,f,f,f,f,f,f,f,f,f,f,f,f,f,f,f,f,f,f,OTHER THAN SMALL BUSINESS,O,f,f,f,f,f,f,f,f,f,f,f,f,f,f,f,f,f,CORPORATE NOT TAX EXEMPT,t,f,f,f,f,f,f,f,f,f,f,f,t,f,f,f,f,t,f,f,f,f,f,f,f,f,f,t,t,f,f,f,f,f,f,f,f,f,f,f,f,f,f,f,f,f,f,f,f,f,,,,,,,,,,,https://www.usaspending.gov/award/CONT_AWD_HC108420C0003_9700_-NONE-_-NONE-/,2023-07-11 16:44:07+00
CONT_AWD_HDEC0816C0003_9700_-NONE-_-NONE-,HDEC0816C0003,,,,Q: Not Designated Nonemergency/Emergency/Disaster/Wildfire Suppression,,,,,3799920.54,0.00,4342034.53,4342034.53,2015-10-08,2016,2023-07-13,2023,2015-10-06,2021-06-30,2021-06-30 00:00:00,,,097,Department of Defense,97AZ,Defense Commissary Agency,HDEC08,DEFENSE COMMISSARY AGENCY,097,Department of Defense,97AZ,Defense Commissary Agency,HDEC08,DEFENSE COMMISSARY AGENCY,097-X-4930-004,097-4930,25.4: Operation and maintenance of facilities,0000: NA,X,NOT APPLICABLE,,,VKV3NC4LVMR9,,LAMAIN CRESCENT JOINT VENTURE LLC,LAMAIN CRESCENT JOINT VENTURE LLC,,6KWP0,VKV3NC4LVMR9,,LAMAIN CRESCENT JOINT VENTURE LLC,LAMAIN CRESCENT JOINT VENTURE LLC,USA,UNITED STATES,650 POYDRAS ST. SUITE 2317,,NEW ORLEANS,22071,ORLEANS,22,LA,LOUISIANA,701306178,LA-01,LA-02,2075908955,5043240433,USA,UNITED STATES,FORT STEWART,13179,LIBERTY,13,GA,GEORGIA,313149998,GA-01,GA-01,AWARD,D,DEFINITIVE CONTRACT,,,,,,,J,FIRM FIXED PRICE,"IGF::CT::IGF SHELF STOCKING, RECEIVING/STORAGE/HOLDING AREA, AND CUSTODIAL SERVICES",HDEC0815R0026,1,CT,CRITICAL FUNCTIONS,S299,HOUSEKEEPING- OTHER,D,NOT A BUNDLED REQUIREMENT,S1,SERVICES,561990,ALL OTHER SUPPORT SERVICES,C,NO CLAUSES INCLUDED AND NO SUSTAINABILITY INCLUDED,A,U.S. OWNED BUSINESS,000,NONE,Z,NOT IT PRODUCTS OR SERVICES,E,NOT REQUIRED,USA,UNITED STATES,C,NOT A MANUFACTURED END PRODUCT,B,PLAN NOT REQUIRED,D,FULL AND OPEN COMPETITION AFTER EXCLUSION OF SOURCES,NP,NEGOTIATED PROPOSAL/QUOTE,SDVOSBC,SERVICE DISABLED VETERAN OWNED SMALL BUSINESS SET-ASIDE,NONE,NO PREFERENCE USED,,,,,,,11,D,COMMERCIAL PRODUCTS/SERVICES PROCEDURES NOT USED,f,N,NO,N,NO,Y,YES,N,NO,0.00,N,NO,X,NOT APPLICABLE,Y,YES,X,NOT APPLICABLE,X,NOT APPLICABLE,,,,,,,000,NONE,NONE,N,NO,X,NOT APPLICABLE EXEMPT FROM CAS,N,TRANSACTION DOES NOT USE GFE/GFP,N,NO,N,NO,Y,YES - SERVICE WHERE PBA IS USED.,N,NO,Z,NOT APPLICABLE,N,NO,X,NOT APPLICABLE,f,f,f,f,f,t,t,f,f,f,f,f,f,f,f,f,f,f,f,SMALL BUSINESS,S,f,f,f,f,f,f,f,f,f,f,f,f,f,f,f,f,f,CORPORATE NOT TAX EXEMPT,t,f,f,f,f,f,f,f,f,f,f,f,f,f,f,f,f,t,f,f,f,f,f,f,f,t,t,f,t,f,f,f,f,f,f,f,f,f,f,f,f,f,f,f,f,f,f,f,f,f,,,,,,,,,,,https://www.usaspending.gov/award/CONT_AWD_HDEC0816C0003_9700_-NONE-_-NONE-/,2023-07-13 07:42:49+00
CONT_AWD_HDTRA116C0028_9700_-NONE-_-NONE-,HDTRA116C0028,,,,N: Emergency P.L. 116-136;Q: Not Designated Nonemergency/Emergency/Disaster/Wildfire Suppression,10967.12,631348.88,,,6857178.44,101243.55,6857178.44,6857178.44,2016-05-19,2016,2023-07-13,2023,2016-05-19,2022-01-31,2022-01-31 00:00:00,,,097,Department of Defense,9763,Defense Contract Management Agency,S1403A,DCMA GREAT LAKES,097,Department of Defense,9761,Defense Threat Reduction Agency,HDTRA1,DEFENSE THREAT REDUCTION AGENCY,097-2018/2019-0400-000;097-2019/2020-0400-000;097-2020/2021-0400-000;097-2021/2022-0400-000,097-0400,25.5: Research and development contracts,0001: BASIC RESEARCH;0099: N/A;00CA: N/A;OPTN: FIELD IS OPTIONAL PRIOR TO FY21,X,NOT APPLICABLE,,,HKQHNFKNKL15,,MRIGLOBAL,MRIGLOBAL,,21165,GW42LHLDZ418,,MRIGLOBAL,MRIGLOBAL,USA,UNITED STATES,425 VOLKER BLVD,,KANSAS CITY,29095,JACKSON,29,MO,MISSOURI,641102241,MO-05,MO-05,8167537600,8167535519,USA,UNITED STATES,KANSAS CITY,29095,JACKSON,29,MO,MISSOURI,641102241,MO-05,MO-05,AWARD,D,DEFINITIVE CONTRACT,,,,,,,U,COST PLUS FIXED FEE,IGF::OT::IGF BASE PERIOD,,1,OT,OTHER FUNCTIONS,AD93,R&D- DEFENSE OTHER: OTHER (ADVANCED DEVELOPMENT),D,NOT A BUNDLED REQUIREMENT,C9E,ALL OTHERS NOT IDENTIFIABLE TO ANY OTHER PROCUREMENT PROGRAM,541711,RESEARCH AND DEVELOPMENT IN BIOTECHNOLOGY,C,NO CLAUSES INCLUDED AND NO SUSTAINABILITY INCLUDED,A,U.S. OWNED BUSINESS,000,NONE,Z,NOT IT PRODUCTS OR SERVICES,E,NOT REQUIRED,USA,UNITED STATES,C,NOT A MANUFACTURED END PRODUCT,F,INDIVIDUAL SUBCONTRACT PLAN,A,FULL AND OPEN COMPETITION,BR,BASIC RESEARCH,NONE,NO SET ASIDE USED.,NONE,NO PREFERENCE USED,,,,,,,9,D,COMMERCIAL PRODUCTS/SERVICES PROCEDURES NOT USED,f,N,NO,N,NO,X,NOT APPLICABLE,N,NO,0.00,N,NO,X,NOT APPLICABLE,X,NOT APPLICABLE,X,NOT APPLICABLE,X,NOT APPLICABLE,,,,,,,,NONE,NONE,N,NO,Y,YES - CAS CLAUSE INCLUDED,N,TRANSACTION DOES NOT USE GFE/GFP,N,NO,N,NO,N,NO - SERVICE WHERE PBA IS NOT USED.,N,NO,Z,NOT APPLICABLE,N,NO,X,NOT APPLICABLE,f,f,f,f,f,f,f,f,f,f,f,f,f,f,f,f,f,f,f,OTHER THAN SMALL BUSINESS,O,f,f,f,f,f,f,f,f,f,f,f,f,f,f,f,f,f,CORPORATE TAX EXEMPT,f,t,f,f,f,f,f,f,f,f,f,f,f,f,f,f,f,t,f,f,f,f,f,f,f,f,f,f,f,f,t,f,f,f,f,f,f,f,f,f,f,f,f,f,f,f,f,f,f,f,,,,,,,,,,,https://www.usaspending.gov/award/CONT_AWD_HDTRA116C0028_9700_-NONE-_-NONE-/,2023-07-13 11:50:37+00
CONT_AWD_HDTRA117C0009_9700_-NONE-_-NONE-,HDTRA117C0009,,,,Q: Not Designated Nonemergency/Emergency/Disaster/Wildfire Suppression,,,,,4429288.73,0.00,4440253.00,4440253.00,2017-01-30,2017,2023-07-13,2023,2017-02-01,2020-07-31,2020-07-31 00:00:00,,,097,Department of Defense,9761,Defense Threat Reduction Agency,HDTRA1,DEFENSE THREAT REDUCTION AGENCY,097,Department of Defense,9761,Defense Threat Reduction Agency,HDTRA1,DEFENSE THREAT REDUCTION AGENCY,097-2018/2019-0400-000;097-2019/2020-0400-000,097-0400,25.5: Research and development contracts,0099: N/A,X,NOT APPLICABLE,,,MSPWVMXXMN76,,UNIVERSITY OF TEXAS MEDICAL BRANCH AT GALVESTON,UNIVERSITY OF TEXAS MEDICAL BRANCH AT GALVESTON,,1CLT6,X5NKD2NFF2V3,,UNIVERSITY OF TEXAS SYSTEM,UNIVERSITY OF TEXAS SYSTEM,USA,UNITED STATES,301 UNIVERSITY BLVD,,GALVESTON,48167,GALVESTON,48,TX,TEXAS,775555302,TX-14,TX-14,4097722138,4092669470,USA,UNITED STATES,GALVESTON,48167,GALVESTON,48,TX,TEXAS,775555302,TX-14,TX-14,AWARD,D,DEFINITIVE CONTRACT,,,,,,,S,COST NO FEE,QUANTITATIVE DOSE EBOLA  IGF::OT::IGF,,1,OT,OTHER FUNCTIONS,AD92,R&D- DEFENSE OTHER: OTHER (APPLIED RESEARCH/EXPLORATORY DEVELOPMENT),D,NOT A BUNDLED REQUIREMENT,C9E,ALL OTHERS NOT IDENTIFIABLE TO ANY OTHER PROCUREMENT PROGRAM,541711,RESEARCH AND DEVELOPMENT IN BIOTECHNOLOGY,C,NO CLAUSES INCLUDED AND NO SUSTAINABILITY INCLUDED,B,OTHER U.S. ENTITY (E.G. GOVERNMENT),000,NONE,Z,NOT IT PRODUCTS OR SERVICES,E,NOT REQUIRED,USA,UNITED STATES,C,NOT A MANUFACTURED END PRODUCT,F,INDIVIDUAL SUBCONTRACT PLAN,A,FULL AND OPEN COMPETITION,NP,NEGOTIATED PROPOSAL/QUOTE,NONE,NO SET ASIDE USED.,NONE,NO PREFERENCE USED,,,,,,,4,D,COMMERCIAL PRODUCTS/SERVICES PROCEDURES NOT USED,f,N,NO,N,NO,X,NOT APPLICABLE,N,NO,0.00,N,NO,N,NO,N,NO,N,NO,X,NOT APPLICABLE,,,,,,,,NONE,NONE,N,NO,Y,YES - CAS CLAUSE INCLUDED,N,TRANSACTION DOES NOT USE GFE/GFP,U,UNKNOWN,N,NO,N,NO - SERVICE WHERE PBA IS NOT USED.,N,NO,Z,NOT APPLICABLE,N,NO,X,NOT APPLICABLE,f,f,f,f,f,f,f,f,f,f,f,f,f,f,f,f,f,f,f,OTHER THAN SMALL BUSINESS,O,f,f,f,f,f,f,t,f,f,f,f,f,f,f,f,f,f,US GOVERNMENT ENTITY,f,f,f,f,f,f,t,f,f,t,f,f,f,f,f,f,f,t,f,f,f,f,f,f,f,f,f,f,f,f,f,f,f,t,f,f,f,f,f,f,f,f,f,f,f,f,f,f,f,f,,,,,,,,,,,https://www.usaspending.gov/award/CONT_AWD_HDTRA117C0009_9700_-NONE-_-NONE-/,2023-07-13 13:37:04+00
CONT_AWD_HQ003422C0020_9700_-NONE-_-NONE-,HQ003422C0020,,,,,,,,,434835.26,,434835.26,434835.26,2022-01-03,2022,2023-07-10,2023,2022-01-03,2022-10-31,2022-10-31 00:00:00,,2021-12-22,097,Department of Defense,97F5,Washington Headquarters Services,HQ0034,WASHINGTON HEADQUARTERS SERVICES,097,Department of Defense,97AT,Defense Security Cooperation Agency,HQ0013,DEFENSE SECURITY COOPERATION AGENCY,,,,,X,NOT APPLICABLE,,,CT49EMG48HQ7,,"END TO END ENTERPRISE SOLUTIONS, LLC","END TO END COMPUTING, LLC",,6Q9Y9,E77ZYP55Y9U3,,D2K TECHNOLOGIES LLC,END TO END COMPUTING  LLC,USA,UNITED STATES,1800 DIAGONAL RD STE 600,,ALEXANDRIA,51510,ALEXANDRIA (CITY),51,VA,VIRGINIA,223142840,VA-08,VA-08,8337207770,5717323128,USA,UNITED STATES,ALEXANDRIA,51510,ALEXANDRIA CITY,51,VA,VIRGINIA,223143359,VA-08,VA-08,AWARD,D,DEFINITIVE CONTRACT,,,,,,,J,FIRM FIXED PRICE,DISTINGUISHED INSTRUCTION PREP,,1,OT,OTHER FUNCTIONS,U009,EDUCATION/TRAINING- GENERAL,H,NOT BUNDLED,S1,SERVICES,611710,EDUCATIONAL SUPPORT SERVICES,C,NO CLAUSES INCLUDED AND NO SUSTAINABILITY INCLUDED,A,U.S. OWNED BUSINESS,000,NONE,Z,NOT IT PRODUCTS OR SERVICES,E,NOT REQUIRED,USA,UNITED STATES,C,NOT A MANUFACTURED END PRODUCT,B,PLAN NOT REQUIRED,B,NOT AVAILABLE FOR COMPETITION,SSS,ONLY ONE SOURCE,8AN,8(A) SOLE SOURCE,NONE,NO PREFERENCE USED,,,,,OTH,AUTHORIZED BY STATUTE (FAR 6.302-5(A)(2)(I)),1,A,COMMERCIAL PRODUCTS/SERVICES,f,N,NO,N,NO,N,NO,N,NO,0.00,N,NO,N,NO,X,NOT APPLICABLE,X,NOT APPLICABLE,X,NOT APPLICABLE,,,,,,,,NONE,NONE,N,NO,X,NOT APPLICABLE EXEMPT FROM CAS,Y,TRANSACTION USES GFE/GFP,U,UNKNOWN,D,NOT CONSOLIDATED,N,NO - SERVICE WHERE PBA IS NOT USED.,N,NO,Z,NOT APPLICABLE,N,NO,X,NOT APPLICABLE,f,f,f,f,f,t,t,f,f,f,f,f,t,f,f,t,f,f,f,SMALL BUSINESS,S,f,f,f,f,f,f,f,f,f,f,f,f,f,f,f,f,f,CORPORATE NOT TAX EXEMPT,t,f,f,f,f,f,f,f,f,f,f,f,f,f,f,f,f,t,f,f,f,f,f,f,f,f,t,f,t,f,f,f,f,f,f,f,f,f,f,f,f,f,f,f,f,t,f,t,f,f,,,,,,,,,,,https://www.usaspending.gov/award/CONT_AWD_HQ003422C0020_9700_-NONE-_-NONE-/,2024-02-09 15:26:35+00
CONT_AWD_HQ003422C0063_9700_-NONE-_-NONE-,HQ003422C0063,,,,,,,,,968816.28,,968816.28,968816.28,2022-05-31,2022,2023-07-10,2023,2022-06-01,2023-05-15,2024-05-15 00:00:00,,2022-05-24,097,Department of Defense,97F5,Washington Headquarters Services,HQ0034,WASHINGTON HEADQUARTERS SERVICES,097,Department of Defense,97F5,Washington Headquarters Services,HQ0064,HUMAN RESOURCES SERVICES CENTER,,,,,X,NOT APPLICABLE,,,YJ27BFDDW5Z3,,"HUMAN CAPITAL RESOURCES AND CONCEPTS, INC",HUMAN CAPITAL RESOURCES AND CONCEPTS INC,,7C0Z1,YJ27BFDDW5Z3,,"HUMAN CAPITAL RESOURCES AND CONCEPTS, INC",HUMAN CAPITAL RESOURCES AND CONCEPTS INC,USA,UNITED STATES,403 3RD ST SW,,WINTER HAVEN,12105,POLK,12,FL,FLORIDA,338803412,FL-09,FL-18,8632690491,,USA,UNITED STATES,ALEXANDRIA,51510,ALEXANDRIA CITY,51,VA,VIRGINIA,223504000,VA-08,VA-08,AWARD,D,DEFINITIVE CONTRACT,,,,,,,J,FIRM FIXED PRICE,HR RECRUITING AND STAFFING SUPPORT SERVICES,HQ003422R0153,1,OT,OTHER FUNCTIONS,R431,SUPPORT- PROFESSIONAL: HUMAN RESOURCES,H,NOT BUNDLED,S1,SERVICES,541612,"HUMAN RESOURCES CONSULTING SERVICES (2007), HUMAN RESOURCES AND EXECUTIVE SEARCH CONSULTING SERVICES (2002)",C,NO CLAUSES INCLUDED AND NO SUSTAINABILITY INCLUDED,A,U.S. OWNED BUSINESS,000,NONE,Z,NOT IT PRODUCTS OR SERVICES,E,NOT REQUIRED,USA,UNITED STATES,C,NOT A MANUFACTURED END PRODUCT,B,PLAN NOT REQUIRED,B,NOT AVAILABLE FOR COMPETITION,SSS,ONLY ONE SOURCE,8AN,8(A) SOLE SOURCE,NONE,NO PREFERENCE USED,,,,,OTH,AUTHORIZED BY STATUTE (FAR 6.302-5(A)(2)(I)),1,A,COMMERCIAL PRODUCTS/SERVICES,f,N,NO,N,NO,X,NOT APPLICABLE,N,NO,0.00,N,NO,N,NO,Y,YES,X,NOT APPLICABLE,X,NOT APPLICABLE,,,,,,,,NONE,NONE,N,NO,X,NOT APPLICABLE EXEMPT FROM CAS,N,TRANSACTION DOES NOT USE GFE/GFP,U,UNKNOWN,D,NOT CONSOLIDATED,Y,YES - SERVICE WHERE PBA IS USED.,N,NO,Z,NOT APPLICABLE,N,NO,X,NOT APPLICABLE,f,f,f,f,f,f,f,t,t,t,f,f,t,f,f,t,f,f,f,SMALL BUSINESS,S,f,f,f,f,f,f,f,f,f,f,f,f,f,f,f,f,f,CORPORATE NOT TAX EXEMPT,t,f,f,f,f,f,f,f,f,f,f,f,f,f,f,f,f,t,f,f,f,f,f,f,f,f,f,f,t,f,f,f,f,f,f,f,f,f,f,f,f,f,f,f,f,t,f,t,t,f,,,,,,,,,,,https://www.usaspending.gov/award/CONT_AWD_HQ003422C0063_9700_-NONE-_-NONE-/,2023-07-10 13:15:51+00
CONT_AWD_HQ014719C7117_9700_-NONE-_-NONE-,HQ014719C7117,,,,Q: Not Designated Nonemergency/Emergency/Disaster/Wildfire Suppression,,,,,2539026.00,247922.96,2539026.00,2539026.00,2019-08-26,2019,2023-07-13,2023,2019-08-26,2022-11-24,2022-11-24 00:00:00,,2018-09-06,097,Department of Defense,97JC,Missile Defense Agency,HQ0860,MISSILE DEFENSE AGENCY (MDA),097,Department of Defense,97JC,Missile Defense Agency,HQ0147,MISSILE DEFENSE AGENCY (MDA),097-2019/2020-0400-000,097-0400,25.5: Research and development contracts,OPTN: FIELD IS OPTIONAL PRIOR TO FY21,X,NOT APPLICABLE,,,RMG1AZ1ZH8Q7,,PHYSICAL SCIENCES INC.,PHYSICAL SCIENCES INC.,,8K901,RMG1AZ1ZH8Q7,,PHYSICAL SCIENCES INC.,PHYSICAL SCIENCES  INC.,USA,UNITED STATES,20 NEW ENGLAND BUSINESS CTR DR,,ANDOVER,25009,ESSEX,25,MA,MASSACHUSETTS,018101022,MA-03,MA-06,9786890003,9786893232,USA,UNITED STATES,ANDOVER,25009,ESSEX,25,MA,MASSACHUSETTS,018101022,MA-06,MA-06,AWARD,D,DEFINITIVE CONTRACT,,,,,,,U,COST PLUS FIXED FEE,"SBIR/STTR PHASE II R&D:  INSENSITIVE MUNITION COMPLIANT, HIGH PERFORMANCE, LOW COST THIRD STAGE SOLID ROCKET MOTOR (TSRM) DEMONSTRATION",,1,OT,OTHER FUNCTIONS,AC22,NATIONAL DEFENSE R&D SERVICES; ATOMIC ENERGY DEFENSE ACTIVITIES; APPLIED RESEARCH,H,NOT BUNDLED,A2,MISSILE AND SPACE SYSTEMS,541715,"RESEARCH AND DEVELOPMENT IN THE PHYSICAL, ENGINEERING, AND LIFE SCIENCES (EXCEPT NANOTECHNOLOGY AND BIOTECHNOLOGY)",C,NO CLAUSES INCLUDED AND NO SUSTAINABILITY INCLUDED,A,U.S. OWNED BUSINESS,CAA,MDA SUPPORT,Z,NOT IT PRODUCTS OR SERVICES,E,NOT REQUIRED,USA,UNITED STATES,C,NOT A MANUFACTURED END PRODUCT,B,PLAN NOT REQUIRED,D,FULL AND OPEN COMPETITION AFTER EXCLUSION OF SOURCES,NP,NEGOTIATED PROPOSAL/QUOTE,SBA,SMALL BUSINESS SET ASIDE - TOTAL,NONE,NO PREFERENCE USED,SR2,SMALL BUSINESS INNOVATION RESEARCH PROGRAM PHASE II ACTION,,,,,1,D,COMMERCIAL PRODUCTS/SERVICES PROCEDURES NOT USED,f,N,NO,N,NO,X,NOT APPLICABLE,N,NO,0.00,N,NO,X,NOT APPLICABLE,X,NOT APPLICABLE,X,NOT APPLICABLE,X,NOT APPLICABLE,,,,,,,,NONE,NONE,N,NO,X,NOT APPLICABLE EXEMPT FROM CAS,N,TRANSACTION DOES NOT USE GFE/GFP,N,NO,D,NOT CONSOLIDATED,N,NO - SERVICE WHERE PBA IS NOT USED.,N,NO,Z,NOT APPLICABLE,N,NO,X,NOT APPLICABLE,f,f,f,f,f,f,f,f,f,f,f,f,f,f,f,f,f,f,f,SMALL BUSINESS,S,f,f,f,f,f,f,f,f,f,f,f,f,f,f,f,f,f,CORPORATE NOT TAX EXEMPT,t,f,f,f,f,f,f,f,f,f,f,f,f,f,f,f,f,t,f,f,f,f,f,f,f,f,f,f,t,f,f,f,f,f,f,f,f,f,f,f,f,f,f,f,f,f,f,f,f,f,WILLIAM J MARINELLI,523411.00,B. DAVID  GREEN,434465.00,STEVEN R GENESTRETI,425332.00,PETER A WARREN,382030.00,MARK G ALLEN,356574.00,https://www.usaspending.gov/award/CONT_AWD_HQ014719C7117_9700_-NONE-_-NONE-/,2023-07-13 18:23:30+00
CONT_AWD_HQ014719C7144_9700_-NONE-_-NONE-,HQ014719C7144,,,,Q: Not Designated Nonemergency/Emergency/Disaster/Wildfire Suppression,,,,,3507978.00,0.00,3507978.00,3507978.00,2019-03-08,2019,2023-07-03,2023,2019-03-08,2023-11-09,2023-11-09 00:00:00,,2018-10-18,097,Department of Defense,97JC,Missile Defense Agency,HQ0860,MISSILE DEFENSE AGENCY (MDA),097,Department of Defense,97JC,Missile Defense Agency,HQ0147,MISSILE DEFENSE AGENCY (MDA),097-2018/2019-0400-000,097-0400,25.5: Research and development contracts,0001: BASIC RESEARCH,X,NOT APPLICABLE,,,NSGLCKLKJXP3,,NUMERICA CORPORATION,NUMERICA CORPORATION,,1MW36,XCLGAFTK2KL1,,NUMERICA CORPORATION,NUMERICA CORPORATION,USA,UNITED STATES,"5042 TECHNOLOGY PKWY, STE 100",,FORT COLLINS,08069,LARIMER,08,CO,COLORADO,805285081,CO-02,CO-02,9702072211,9702072202,USA,UNITED STATES,FORT COLLINS,08069,LARIMER,08,CO,COLORADO,805285081,CO-02,CO-02,AWARD,D,DEFINITIVE CONTRACT,,,,,,,U,COST PLUS FIXED FEE,SBIR/STTR PHASE II R&D - EXTENSIONS TO THE ONBU ALGORITHM FOR INCREASED OPERATIONAL RELEVANCE,,1,OT,OTHER FUNCTIONS,AC22,NATIONAL DEFENSE R&D SERVICES; ATOMIC ENERGY DEFENSE ACTIVITIES; APPLIED RESEARCH,H,NOT BUNDLED,A2,MISSILE AND SPACE SYSTEMS,541715,"RESEARCH AND DEVELOPMENT IN THE PHYSICAL, ENGINEERING, AND LIFE SCIENCES (EXCEPT NANOTECHNOLOGY AND BIOTECHNOLOGY)",C,NO CLAUSES INCLUDED AND NO SUSTAINABILITY INCLUDED,A,U.S. OWNED BUSINESS,CAA,MDA SUPPORT,Z,NOT IT PRODUCTS OR SERVICES,E,NOT REQUIRED,USA,UNITED STATES,C,NOT A MANUFACTURED END PRODUCT,B,PLAN NOT REQUIRED,D,FULL AND OPEN COMPETITION AFTER EXCLUSION OF SOURCES,NP,NEGOTIATED PROPOSAL/QUOTE,SBA,SMALL BUSINESS SET ASIDE - TOTAL,NONE,NO PREFERENCE USED,SR2,SMALL BUSINESS INNOVATION RESEARCH PROGRAM PHASE II ACTION,,,,,1,D,COMMERCIAL PRODUCTS/SERVICES PROCEDURES NOT USED,f,N,NO,N,NO,X,NOT APPLICABLE,N,NO,0.00,N,NO,X,NOT APPLICABLE,X,NOT APPLICABLE,X,NOT APPLICABLE,X,NOT APPLICABLE,,,,,,,,NONE,NONE,N,NO,X,NOT APPLICABLE EXEMPT FROM CAS,N,TRANSACTION DOES NOT USE GFE/GFP,N,NO,D,NOT CONSOLIDATED,N,NO - SERVICE WHERE PBA IS NOT USED.,N,NO,Z,NOT APPLICABLE,N,NO,X,NOT APPLICABLE,f,f,f,f,f,f,f,f,f,f,f,f,f,f,f,f,f,f,f,SMALL BUSINESS,S,f,f,f,f,f,f,f,f,f,f,f,f,f,f,f,f,f,CORPORATE NOT TAX EXEMPT,t,f,f,f,f,f,f,f,f,f,f,f,f,f,f,f,f,t,f,f,f,f,f,f,f,t,f,f,t,f,f,f,f,f,f,f,f,f,f,f,f,f,f,f,f,f,f,f,f,f,,,,,,,,,,,https://www.usaspending.gov/award/CONT_AWD_HQ014719C7144_9700_-NONE-_-NONE-/,2023-07-03 08:38:09+00
CONT_AWD_HQ051616C0005_9700_-NONE-_-NONE-,HQ051616C0005,,,,Q: Not Designated Nonemergency/Emergency/Disaster/Wildfire Suppression,,,,,15148991.53,0.00,15148991.53,15148991.53,2016-06-30,2016,2023-07-10,2023,2016-06-30,2021-06-26,2021-06-26 00:00:00,,,097,Department of Defense,97F1,Defense Media Activity,HQ0516,HQ DEFENSE MEDIA ACTIVITY,097,Department of Defense,97F1,Defense Media Activity,HQ0516,HQ DEFENSE MEDIA ACTIVITY,097-2018/2018-0100-000;097-2019/2019-0100-000;097-2020/2020-0100-000,097-0100,24.0: Printing and reproduction;25.2: Other services from non-Federal sources,0004: ADMINISTRATION AND SERVICEWIDE ACTIVITIES;0020: UNDISTRIBUTED,X,NOT APPLICABLE,,,JT6KEKVGC7T5,,EXCIDION INC.,EXCIDION INC.,,4JAS1,JT6KEKVGC7T5,,EXCIDION INC.,EXCIDION INC.,USA,UNITED STATES,"1818 LIBRARY STREET, SUITE 500",,RESTON,51059,FAIRFAX,51,VA,VIRGINIA,201906274,VA-11,VA-11,3015291117,3023701117,USA,UNITED STATES,FORT GEORGE G MEADE,24003,ANNE ARUNDEL,24,MD,MARYLAND,207555371,MD-05,MD-05,AWARD,D,DEFINITIVE CONTRACT,,,,,,,J,FIRM FIXED PRICE,CONTENT MANAGEMENT IGF::OT::IGF,HQ051616R0002,1,OT,OTHER FUNCTIONS,R499,SUPPORT- PROFESSIONAL: OTHER,D,NOT A BUNDLED REQUIREMENT,S1,SERVICES,541820,PUBLIC RELATIONS AGENCIES,C,NO CLAUSES INCLUDED AND NO SUSTAINABILITY INCLUDED,A,U.S. OWNED BUSINESS,000,NONE,Z,NOT IT PRODUCTS OR SERVICES,E,NOT REQUIRED,USA,UNITED STATES,C,NOT A MANUFACTURED END PRODUCT,B,PLAN NOT REQUIRED,D,FULL AND OPEN COMPETITION AFTER EXCLUSION OF SOURCES,NP,NEGOTIATED PROPOSAL/QUOTE,8A,8A COMPETED,NONE,NO PREFERENCE USED,,,,,,,6,A,COMMERCIAL PRODUCTS/SERVICES,f,N,NO,N,NO,Y,YES,N,NO,0.00,N,NO,X,NOT APPLICABLE,X,NOT APPLICABLE,X,NOT APPLICABLE,X,NOT APPLICABLE,,,,,,,,NONE,NONE,N,NO,X,NOT APPLICABLE EXEMPT FROM CAS,N,TRANSACTION DOES NOT USE GFE/GFP,U,UNKNOWN,N,NO,Y,YES - SERVICE WHERE PBA IS USED.,N,NO,Z,NOT APPLICABLE,N,NO,X,NOT APPLICABLE,f,f,f,f,f,f,f,t,t,f,f,f,t,t,f,f,f,f,f,SMALL BUSINESS,S,f,f,f,f,f,f,f,f,f,f,f,f,f,f,f,f,f,CORPORATE NOT TAX EXEMPT,t,f,f,f,f,f,f,f,f,f,f,f,f,f,f,f,f,t,f,f,f,f,f,f,f,t,f,f,t,f,f,f,f,f,f,f,f,f,f,f,f,f,f,f,f,t,f,t,f,f,,,,,,,,,,,https://www.usaspending.gov/award/CONT_AWD_HQ051616C0005_9700_-NONE-_-NONE-/,2023-07-10 11:04:06+00
CONT_AWD_HQ051619C0010_9700_-NONE-_-NONE-,HQ051619C0010,,,,Q: Not Designated Nonemergency/Emergency/Disaster/Wildfire Suppression,,,,,344742.00,70300.00,344742.00,344742.00,2019-08-30,2019,2023-07-11,2023,2019-09-01,2024-08-31,2024-08-31 00:00:00,,2019-07-17,097,Department of Defense,97F1,Defense Media Activity,HQ0516,HQ DEFENSE MEDIA ACTIVITY,097,Department of Defense,97F1,Defense Media Activity,HQ0516,HQ DEFENSE MEDIA ACTIVITY,097-2019/2019-0100-000;097-2020/2020-0100-000;097-2021/2021-0100-000;097-2022/2022-0100-000;097-2023/2023-0100-000,097-0100,24.0: Printing and reproduction;25.2: Other services from non-Federal sources,0003: TRAINING AND RECRUITING;0004: ADMINISTRATION AND SERVICE-WIDE ACTIVITIES;0020: UNDISTRIBUTED,X,NOT APPLICABLE,,,MTR5MX9HQBW1,,"TERRY STEINER INTERNATIONAL, INC",TERRY STEINER INTERNATIONAL INC,,1CLT2,MTR5MX9HQBW1,,"TERRY STEINER INTERNATIONAL, INC",TERRY STEINER INTERNATIONAL INC,USA,UNITED STATES,130 W 57TH ST APT 10B,,NEW YORK,36061,NEW YORK,36,NY,NEW YORK,100193311,NY-12,NY-12,2122628262,2122628260,USA,UNITED STATES,NEW YORK,36061,NEW YORK,36,NY,NEW YORK,100193311,NY-12,NY-12,AWARD,D,DEFINITIVE CONTRACT,,,,,,,J,FIRM FIXED PRICE,PROGRAMING,,1,,,6770,"FILM, PROCESSED",H,NOT BUNDLED,C9E,ALL OTHERS NOT IDENTIFIABLE TO ANY OTHER PROCUREMENT PROGRAM,512120,MOTION PICTURE AND VIDEO DISTRIBUTION,C,NO CLAUSES INCLUDED AND NO SUSTAINABILITY INCLUDED,A,U.S. OWNED BUSINESS,000,NONE,Z,NOT IT PRODUCTS OR SERVICES,A,MEETS REQUIREMENTS,USA,UNITED STATES,D,MFG IN U.S.,B,PLAN NOT REQUIRED,G,NOT COMPETED UNDER SAP,SP1,SIMPLIFIED ACQUISITION,NONE,NO SET ASIDE USED.,NONE,NO PREFERENCE USED,,,,,OTH,AUTHORIZED BY STATUTE (FAR 6.302-5(A)(2)(I)),1,D,COMMERCIAL PRODUCTS/SERVICES PROCEDURES NOT USED,f,N,NO,N,NO,X,NOT APPLICABLE,N,NO,0.00,N,NO,N,NO,N,NO,X,NOT APPLICABLE,X,NOT APPLICABLE,,,,,,,,NONE,NONE,N,NO,X,NOT APPLICABLE EXEMPT FROM CAS,Y,TRANSACTION USES GFE/GFP,U,UNKNOWN,D,NOT CONSOLIDATED,X,NOT APPLICABLE,N,NO,D,UNUSUAL PROGRESS PAYMENTS OR ADVANCE PAYMENTS,N,NO,X,NOT APPLICABLE,f,f,f,f,f,f,f,t,f,f,f,f,f,f,f,f,f,f,f,OTHER THAN SMALL BUSINESS,O,f,f,f,f,f,f,f,f,f,f,f,f,f,f,f,f,f,CORPORATE NOT TAX EXEMPT,t,f,f,f,f,f,f,f,f,f,f,f,f,f,f,f,f,t,f,f,f,f,f,f,f,f,f,f,t,f,f,f,f,f,f,f,f,f,f,f,f,f,f,f,f,f,f,f,f,f,,,,,,,,,,,https://www.usaspending.gov/award/CONT_AWD_HQ051619C0010_9700_-NONE-_-NONE-/,2023-07-11 17:48:02+00
CONT_AWD_HQ085021C0010_9700_-NONE-_-NONE-,HQ085021C0010,,,,Q: Not Designated Nonemergency/Emergency/Disaster/Wildfire Suppression,,,,,4269459.34,731540.48,4269459.34,4269459.34,2021-05-10,2021,2023-07-12,2023,2021-05-10,2023-12-31,2023-12-31 00:00:00,,2020-10-26,097,Department of Defense,97AD,Immediate Office of the Secretary of Defense,HQ0850,SPACE DEVELOPMENT AGENCY,097,Department of Defense,5700,Department of the Air Force,FA2401,FA2401 SPACE DEVELOPMENT AGENCY SDA,097-2020/2021-0400-000;097-2021/2022-0400-000;097-2022/2023-0400-000,097-0400,25.5: Research and development contracts,0001: BASIC RESEARCH;009S: MISCELLANEOUS;00CA: N/A,X,NOT APPLICABLE,,,C12TQVKF5413,,"SCIENTIFIC SYSTEMS COMPANY, INC.",SCIENTIFIC SYSTEMS COMPANY INC.,,0KT97,C12TQVKF5413,,"SCIENTIFIC SYSTEMS COMPANY, INC.",SCIENTIFIC SYSTEMS COMPANY INC.,USA,UNITED STATES,500 W CUMMINGS PARK STE 3000,,WOBURN,25017,MIDDLESEX,25,MA,MASSACHUSETTS,018016562,MA-05,MA-05,7819335355,7819384752,USA,UNITED STATES,WOBURN,25017,MIDDLESEX,25,MA,MASSACHUSETTS,018016562,MA-05,MA-05,AWARD,D,DEFINITIVE CONTRACT,,,,,,,U,COST PLUS FIXED FEE,PROTOTYPE ON-ORBIT EXPERIMENTAL TESTBED AWARD,HQ085021S0001,1,OT,OTHER FUNCTIONS,AC23,NATIONAL DEFENSE R&D SERVICES; ATOMIC ENERGY DEFENSE ACTIVITIES; EXPERIMENTAL DEVELOPMENT,H,NOT BUNDLED,C9E,ALL OTHERS NOT IDENTIFIABLE TO ANY OTHER PROCUREMENT PROGRAM,541715,"RESEARCH AND DEVELOPMENT IN THE PHYSICAL, ENGINEERING, AND LIFE SCIENCES (EXCEPT NANOTECHNOLOGY AND BIOTECHNOLOGY)",C,NO CLAUSES INCLUDED AND NO SUSTAINABILITY INCLUDED,A,U.S. OWNED BUSINESS,000,NONE,Z,NOT IT PRODUCTS OR SERVICES,E,NOT REQUIRED,USA,UNITED STATES,C,NOT A MANUFACTURED END PRODUCT,B,PLAN NOT REQUIRED,D,FULL AND OPEN COMPETITION AFTER EXCLUSION OF SOURCES,NP,NEGOTIATED PROPOSAL/QUOTE,SBA,SMALL BUSINESS SET ASIDE - TOTAL,NONE,NO PREFERENCE USED,SR2,SMALL BUSINESS INNOVATION RESEARCH PROGRAM PHASE II ACTION,,,,,1,D,COMMERCIAL PRODUCTS/SERVICES PROCEDURES NOT USED,f,N,NO,N,NO,Y,YES,N,NO,0.00,N,NO,X,NOT APPLICABLE,X,NOT APPLICABLE,X,NOT APPLICABLE,X,NOT APPLICABLE,,,,,,,,NONE,NONE,W,NOT OBTAINED - WAIVED,Y,YES - CAS CLAUSE INCLUDED,Y,TRANSACTION USES GFE/GFP,U,UNKNOWN,D,NOT CONSOLIDATED,N,NO - SERVICE WHERE PBA IS NOT USED.,N,NO,Z,NOT APPLICABLE,N,NO,X,NOT APPLICABLE,f,f,f,f,f,f,f,f,f,f,f,f,f,f,f,f,f,f,f,SMALL BUSINESS,S,f,f,f,f,f,f,f,f,f,f,f,f,f,f,f,f,f,CORPORATE NOT TAX EXEMPT,t,f,f,f,f,f,f,f,f,f,f,f,f,f,f,f,f,t,f,f,f,f,f,f,f,f,f,f,t,f,f,f,f,f,f,f,f,f,f,f,f,f,f,f,f,f,f,f,f,f,RAMAN K MEHRA,766000.00,KUNAL G MEHRA,616000.00,THOMAS  FROST,430000.00,OWEN C BROWN,394000.00,TODD  HUGHES,375000.00,https://www.usaspending.gov/award/CONT_AWD_HQ085021C0010_9700_-NONE-_-NONE-/,2025-08-29 16:33:10+00
CONT_AWD_HQ086023C7138_9700_-NONE-_-NONE-,HQ086023C7138,,,,Q: Not Designated Nonemergency/Emergency/Disaster/Wildfire Suppression,,,,,1338430.00,0.00,1338430.00,1338430.00,2023-07-10,2023,2023-07-10,2023,2023-07-10,2025-07-09,2025-07-09 00:00:00,,2022-07-21,097,Department of Defense,97JC,Missile Defense Agency,HQ0860,MISSILE DEFENSE AGENCY (MDA),097,Department of Defense,97JC,Missile Defense Agency,HQ0147,MISSILE DEFENSE AGENCY (MDA),097-2023/2024-0400-000,097-0400,25.5: Research and development contracts,009S: MISCELLANEOUS,X,NOT APPLICABLE,,,K67NJ7DWEBK9,,"FREENT TECHNOLOGIES, INC.","FREENT TECHNOLOGIES, INC.",,3W2C2,K67NJ7DWEBK9,,"FREENT TECHNOLOGIES, INC.",FREENT TECHNOLOGIES  INC.,USA,UNITED STATES,1017 CLAUDE CIR,,HUNTSVILLE,01089,MADISON,01,AL,ALABAMA,358063501,AL-05,AL-05,2566515673,,USA,UNITED STATES,HUNTSVILLE,01089,MADISON,01,AL,ALABAMA,358063501,AL-05,AL-05,AWARD,D,DEFINITIVE CONTRACT,,,,,,,U,COST PLUS FIXED FEE,SBIR/STTR PHASE II R&D STATE-VECTOR DENSITY FUNCTIONAL METHOD FOR KILL ASSESSMENT,,1,OT,OTHER FUNCTIONS,AC13,NATIONAL DEFENSE R&D SERVICES; DEPARTMENT OF DEFENSE - MILITARY; EXPERIMENTAL DEVELOPMENT,H,NOT BUNDLED,,,541715,"RESEARCH AND DEVELOPMENT IN THE PHYSICAL, ENGINEERING, AND LIFE SCIENCES (EXCEPT NANOTECHNOLOGY AND BIOTECHNOLOGY)",C,NO CLAUSES INCLUDED AND NO SUSTAINABILITY INCLUDED,A,U.S. OWNED BUSINESS,CAA,MDA SUPPORT,Z,NOT IT PRODUCTS OR SERVICES,E,NOT REQUIRED,USA,UNITED STATES,C,NOT A MANUFACTURED END PRODUCT,B,PLAN NOT REQUIRED,D,FULL AND OPEN COMPETITION AFTER EXCLUSION OF SOURCES,NP,NEGOTIATED PROPOSAL/QUOTE,SBA,SMALL BUSINESS SET ASIDE - TOTAL,NONE,NO PREFERENCE USED,SR2,SMALL BUSINESS INNOVATION RESEARCH PROGRAM PHASE II ACTION,,,,,1,D,COMMERCIAL PRODUCTS/SERVICES PROCEDURES NOT USED,f,N,NO,,,X,NOT APPLICABLE,N,NO,0.00,N,NO,X,NOT APPLICABLE,X,NOT APPLICABLE,X,NOT APPLICABLE,X,NOT APPLICABLE,,,,,,,,NONE,NONE,N,NO,X,NOT APPLICABLE EXEMPT FROM CAS,N,TRANSACTION DOES NOT USE GFE/GFP,,,D,NOT CONSOLIDATED,N,NO - SERVICE WHERE PBA IS NOT USED.,N,NO,Z,NOT APPLICABLE,N,NO,X,NOT APPLICABLE,f,f,f,f,f,t,f,f,f,f,f,f,f,f,f,f,f,f,f,SMALL BUSINESS,S,f,f,f,f,f,f,f,f,f,f,f,f,f,f,f,f,f,CORPORATE NOT TAX EXEMPT,t,f,f,f,f,f,f,f,f,f,f,f,f,f,f,f,f,t,f,f,f,f,f,f,f,f,f,f,t,f,f,f,f,f,f,f,f,f,f,f,f,f,f,f,f,f,f,f,t,f,,,,,,,,,,,https://www.usaspending.gov/award/CONT_AWD_HQ086023C7138_9700_-NONE-_-NONE-/,2023-07-10 11:46:46+00
CONT_AWD_HQ086023C7607_9700_-NONE-_-NONE-,HQ086023C7607,,,,Q: Not Designated Nonemergency/Emergency/Disaster/Wildfire Suppression,,,,,1436529.00,0.00,1436529.00,1436529.00,2023-07-13,2023,2023-07-13,2023,2023-07-13,2025-07-12,2025-07-12 00:00:00,,2022-07-06,097,Department of Defense,97JC,Missile Defense Agency,HQ0860,MISSILE DEFENSE AGENCY (MDA),097,Department of Defense,97JC,Missile Defense Agency,HQ0147,MISSILE DEFENSE AGENCY (MDA),097-2022/2023-0400-000,097-0400,25.5: Research and development contracts,009S: MISCELLANEOUS,X,NOT APPLICABLE,,,KLK5ZWJKYH73,,"BINERGY SCIENTIFIC, INC.",BINERGY SCIENTIFIC INC,,74JS0,LT9PXAKA6KX3,,BINERGY SCIENTIFIC INC,BINERGY SCIENTIFIC INC,USA,UNITED STATES,4291 WIEUCA RD NE,,ATLANTA,13121,FULTON,13,GA,GEORGIA,303423843,GA-11,GA-06,2567148936,,USA,UNITED STATES,ATLANTA,13121,FULTON,13,GA,GEORGIA,303423843,GA-05,GA-06,AWARD,D,DEFINITIVE CONTRACT,,,,,,,U,COST PLUS FIXED FEE,SBIR/STTR PHASE II R&D - ADVANCED THIN FILM THERMAL BATTERY,,1,OT,OTHER FUNCTIONS,AC13,NATIONAL DEFENSE R&D SERVICES; DEPARTMENT OF DEFENSE - MILITARY; EXPERIMENTAL DEVELOPMENT,H,NOT BUNDLED,,,541715,"RESEARCH AND DEVELOPMENT IN THE PHYSICAL, ENGINEERING, AND LIFE SCIENCES (EXCEPT NANOTECHNOLOGY AND BIOTECHNOLOGY)",C,NO CLAUSES INCLUDED AND NO SUSTAINABILITY INCLUDED,A,U.S. OWNED BUSINESS,CAA,MDA SUPPORT,Z,NOT IT PRODUCTS OR SERVICES,E,NOT REQUIRED,USA,UNITED STATES,C,NOT A MANUFACTURED END PRODUCT,B,PLAN NOT REQUIRED,D,FULL AND OPEN COMPETITION AFTER EXCLUSION OF SOURCES,NP,NEGOTIATED PROPOSAL/QUOTE,SBA,SMALL BUSINESS SET ASIDE - TOTAL,NONE,NO PREFERENCE USED,ST2,SMALL TECHNOLOGY TRANSFER RESEARCH PROGRAM PHASE II,,,,,1,D,COMMERCIAL PRODUCTS/SERVICES PROCEDURES NOT USED,f,N,NO,,,X,NOT APPLICABLE,N,NO,0.00,N,NO,X,NOT APPLICABLE,X,NOT APPLICABLE,X,NOT APPLICABLE,X,NOT APPLICABLE,,,,,,,,NONE,NONE,N,NO,X,NOT APPLICABLE EXEMPT FROM CAS,N,TRANSACTION DOES NOT USE GFE/GFP,,,D,NOT CONSOLIDATED,Y,YES - SERVICE WHERE PBA IS USED.,N,NO,Z,NOT APPLICABLE,N,NO,X,NOT APPLICABLE,f,f,f,f,f,f,f,f,f,f,f,f,f,f,f,f,f,f,f,SMALL BUSINESS,S,f,f,f,f,f,f,f,f,f,f,f,f,f,f,f,f,f,CORPORATE NOT TAX EXEMPT,t,f,f,f,f,f,f,f,f,f,f,f,f,f,f,f,f,t,f,f,f,f,f,f,f,f,f,f,t,f,f,f,f,f,f,f,f,f,f,f,f,f,f,f,f,f,f,f,f,f,,,,,,,,,,,https://www.usaspending.gov/award/CONT_AWD_HQ086023C7607_9700_-NONE-_-NONE-/,2023-07-13 15:02:40+00
CONT_AWD_HR001120C0180_9700_-NONE-_-NONE-,HR001120C0180,,,,N: Emergency P.L. 116-136,0,8880351.00,,,17636221.00,0.00,17636221.00,17636221.00,2020-09-30,2020,2023-07-05,2023,2020-09-30,2023-09-30,2023-09-30 00:00:00,,2018-05-10,097,Department of Defense,97AE,Defense Advanced Research Projects Agency,HR0011,DEF ADVANCED RESEARCH PROJECTS AGCY,097,Department of Defense,2100,Department of the Army,W91CNY,W3U2 US AFC FCC,097-2020/2021-0400-000,097-0400,25.5: Research and development contracts,OPTN: FIELD IS OPTIONAL PRIOR TO FY21,X,NOT APPLICABLE,,,L9Q4Y83HTUM3,,"ACCELINT AI, LLC","SOAR TECHNOLOGY, INC.",,1C4L4,L9Q4Y83HTUM3,,"ACCELINT AI, LLC",SOAR TECHNOLOGY INC,USA,UNITED STATES,3600 GREEN CT STE 600,,ANN ARBOR,26161,WASHTENAW,26,MI,MICHIGAN,481052588,MI-06,MI-06,7348877617,7349138537,USA,UNITED STATES,ANN ARBOR,26161,WASHTENAW,26,MI,MICHIGAN,481052588,MI-06,MI-06,AWARD,D,DEFINITIVE CONTRACT,,,,,,,U,COST PLUS FIXED FEE,URBAN RECONNAISSANCE THROUGH SUPERVISED AUTONOMY (URSA),HR001118S0036,1,OT,OTHER FUNCTIONS,AD92,R&D- DEFENSE OTHER: OTHER (APPLIED RESEARCH/EXPLORATORY DEVELOPMENT),H,NOT BUNDLED,C9E,ALL OTHERS NOT IDENTIFIABLE TO ANY OTHER PROCUREMENT PROGRAM,541715,"RESEARCH AND DEVELOPMENT IN THE PHYSICAL, ENGINEERING, AND LIFE SCIENCES (EXCEPT NANOTECHNOLOGY AND BIOTECHNOLOGY)",C,NO CLAUSES INCLUDED AND NO SUSTAINABILITY INCLUDED,A,U.S. OWNED BUSINESS,000,NONE,Z,NOT IT PRODUCTS OR SERVICES,E,NOT REQUIRED,USA,UNITED STATES,C,NOT A MANUFACTURED END PRODUCT,B,PLAN NOT REQUIRED,A,FULL AND OPEN COMPETITION,BR,BASIC RESEARCH,NONE,NO SET ASIDE USED.,NONE,NO PREFERENCE USED,,,,,,,3,D,COMMERCIAL PRODUCTS/SERVICES PROCEDURES NOT USED,f,N,NO,N,NO,Y,YES,N,NO,0.00,N,NO,X,NOT APPLICABLE,X,NOT APPLICABLE,X,NOT APPLICABLE,X,NOT APPLICABLE,,,,,,,,NONE,NONE,N,NO,Y,YES - CAS CLAUSE INCLUDED,N,TRANSACTION DOES NOT USE GFE/GFP,N,NO,D,NOT CONSOLIDATED,N,NO - SERVICE WHERE PBA IS NOT USED.,N,NO,Z,NOT APPLICABLE,N,NO,X,NOT APPLICABLE,f,f,f,f,f,f,f,f,f,f,f,f,f,f,f,f,f,f,f,SMALL BUSINESS,S,f,f,f,f,f,f,f,f,f,f,f,f,f,f,f,f,f,CORPORATE NOT TAX EXEMPT,t,f,f,f,f,f,f,f,f,f,f,f,f,f,f,f,f,t,f,f,f,f,f,f,f,t,f,f,t,f,f,f,f,f,f,f,f,f,f,f,f,f,f,f,f,f,f,f,f,f,MIKE  VAN LENT,536822.00,DYLAN  SCHMORROW,485545.00,DENISE  NICHOLSON,450929.00,KEN  NACHBAR,318524.00,CHARLIE  KOLA,410178.00,https://www.usaspending.gov/award/CONT_AWD_HR001120C0180_9700_-NONE-_-NONE-/,2023-07-05 15:41:35+00
CONT_AWD_HR001121C0091_9700_-NONE-_-NONE-,HR001121C0091,,,,Q: Not Designated Nonemergency/Emergency/Disaster/Wildfire Suppression,,,,,2218807.34,0.00,2218807.34,2218807.34,2020-12-23,2021,2023-07-12,2023,2021-01-14,2023-07-31,2023-07-31 00:00:00,,2020-03-04,097,Department of Defense,97AE,Defense Advanced Research Projects Agency,HR0011,DEF ADVANCED RESEARCH PROJECTS AGCY,097,Department of Defense,97AE,Defense Advanced Research Projects Agency,HR0011,DEF ADVANCED RESEARCH PROJECTS AGCY,097-2020/2021-0400-000;097-2021/2022-0400-000,097-0400,25.5: Research and development contracts,0001: BASIC RESEARCH,X,NOT APPLICABLE,,,D27FSZD2L2U9,,THE BOEING COMPANY,"BOEING COMPANY, THE",,4JTJ8,NU2UC8MX6NK1,,THE BOEING COMPANY,THE BOEING COMPANY,USA,UNITED STATES,6200 JAMES S MCDONNELL BLVD,,SAINT LOUIS,29189,ST. LOUIS,29,MO,MISSOURI,631341939,MO-01,MO-01,3148826934,,USA,UNITED STATES,TUKWILA,53033,KING,53,WA,WASHINGTON,981084002,WA-07,WA-07,AWARD,D,DEFINITIVE CONTRACT,,,,,,,U,COST PLUS FIXED FEE,THE ATMOSPHERE AS A SENSOR (ATMOSENSE) PROGRAM SEEKS TO DEVELOP SCIENTIFIC UNDERSTANDING TO EXPLOIT SIGNATURES FOR GEOLOCATION OF NATURAL SOURCES WHICH DISTURB THE EARTH'S ATMOSPHERE.,HR001120S0036,1,OT,OTHER FUNCTIONS,AC11,NATIONAL DEFENSE R&D SERVICES; DEPARTMENT OF DEFENSE - MILITARY; BASIC RESEARCH,H,NOT BUNDLED,C9E,ALL OTHERS NOT IDENTIFIABLE TO ANY OTHER PROCUREMENT PROGRAM,541715,"RESEARCH AND DEVELOPMENT IN THE PHYSICAL, ENGINEERING, AND LIFE SCIENCES (EXCEPT NANOTECHNOLOGY AND BIOTECHNOLOGY)",C,NO CLAUSES INCLUDED AND NO SUSTAINABILITY INCLUDED,A,U.S. OWNED BUSINESS,000,NONE,Z,NOT IT PRODUCTS OR SERVICES,E,NOT REQUIRED,USA,UNITED STATES,C,NOT A MANUFACTURED END PRODUCT,F,INDIVIDUAL SUBCONTRACT PLAN,A,FULL AND OPEN COMPETITION,BR,BASIC RESEARCH,NONE,NO SET ASIDE USED.,NONE,NO PREFERENCE USED,,,,,,,27,D,COMMERCIAL PRODUCTS/SERVICES PROCEDURES NOT USED,f,N,NO,N,NO,Y,YES,N,NO,0.00,N,NO,X,NOT APPLICABLE,X,NOT APPLICABLE,X,NOT APPLICABLE,X,NOT APPLICABLE,,,,,,,,NONE,NONE,Y,YES,Y,YES - CAS CLAUSE INCLUDED,N,TRANSACTION DOES NOT USE GFE/GFP,N,NO,D,NOT CONSOLIDATED,N,NO - SERVICE WHERE PBA IS NOT USED.,N,NO,Z,NOT APPLICABLE,N,NO,X,NOT APPLICABLE,f,f,f,f,f,f,f,f,f,f,f,f,f,f,f,f,f,f,f,OTHER THAN SMALL BUSINESS,O,f,f,f,f,f,f,f,f,f,f,f,f,f,f,f,f,f,CORPORATE NOT TAX EXEMPT,t,f,f,f,f,f,f,f,f,f,f,f,t,f,f,f,f,t,f,f,f,f,f,f,f,f,f,f,t,f,f,f,f,f,f,f,f,f,f,f,f,f,f,f,f,f,f,f,f,f,,,,,,,,,,,https://www.usaspending.gov/award/CONT_AWD_HR001121C0091_9700_-NONE-_-NONE-/,2023-07-12 11:36:17+00
CONT_AWD_HR001122C0030_9700_-NONE-_-NONE-,HR001122C0030,,,,Q: Not Designated Nonemergency/Emergency/Disaster/Wildfire Suppression,,,,,2221604.00,0.00,2221604.00,4483122.00,2021-12-27,2022,2023-07-13,2023,2021-12-27,2023-12-31,2023-12-31 00:00:00,,2021-06-25,097,Department of Defense,97AE,Defense Advanced Research Projects Agency,HR0011,DEF ADVANCED RESEARCH PROJECTS AGCY,097,Department of Defense,97AE,Defense Advanced Research Projects Agency,HR0011,DEF ADVANCED RESEARCH PROJECTS AGCY,097-2021/2022-0400-000;097-2022/2023-0400-000,097-0400,25.5: Research and development contracts,0001: BASIC RESEARCH,X,NOT APPLICABLE,,,JL6ZMGQCB2U6,,LANGUAGE COMPUTER CORPORATION,LANGUAGE COMPUTER CORPORATION,,1WMK1,JL6ZMGQCB2U6,,LANGUAGE COMPUTER CORPORATION,LANGUAGE COMPUTER CORPORATION,USA,UNITED STATES,2435 N CENTRAL EXPY STE 1200,,RICHARDSON,48113,DALLAS,48,TX,TEXAS,750802747,TX-32,TX-32,9722310052,9722310012,USA,UNITED STATES,RICHARDSON,48113,DALLAS,48,TX,TEXAS,750802747,TX-32,TX-32,AWARD,D,DEFINITIVE CONTRACT,,,,,,,U,COST PLUS FIXED FEE,COMPUTATIONAL CULTURAL UNDERSTANDING (CCU),HR001121S0024,1,OT,OTHER FUNCTIONS,AC12,NATIONAL DEFENSE R&D SERVICES; DEPARTMENT OF DEFENSE - MILITARY; APPLIED RESEARCH,H,NOT BUNDLED,C9E,ALL OTHERS NOT IDENTIFIABLE TO ANY OTHER PROCUREMENT PROGRAM,541715,"RESEARCH AND DEVELOPMENT IN THE PHYSICAL, ENGINEERING, AND LIFE SCIENCES (EXCEPT NANOTECHNOLOGY AND BIOTECHNOLOGY)",C,NO CLAUSES INCLUDED AND NO SUSTAINABILITY INCLUDED,A,U.S. OWNED BUSINESS,000,NONE,Z,NOT IT PRODUCTS OR SERVICES,E,NOT REQUIRED,USA,UNITED STATES,C,NOT A MANUFACTURED END PRODUCT,B,PLAN NOT REQUIRED,A,FULL AND OPEN COMPETITION,BR,BASIC RESEARCH,NONE,NO SET ASIDE USED.,NONE,NO PREFERENCE USED,,,,,,,23,D,COMMERCIAL PRODUCTS/SERVICES PROCEDURES NOT USED,f,N,NO,N,NO,Y,YES,N,NO,0.00,N,NO,X,NOT APPLICABLE,N,NO,X,NOT APPLICABLE,X,NOT APPLICABLE,,,,,,,,NONE,NONE,N,NO,Y,YES - CAS CLAUSE INCLUDED,N,TRANSACTION DOES NOT USE GFE/GFP,N,NO,D,NOT CONSOLIDATED,N,NO - SERVICE WHERE PBA IS NOT USED.,N,NO,Z,NOT APPLICABLE,N,NO,X,NOT APPLICABLE,f,f,f,f,f,f,f,t,t,f,f,f,f,f,f,f,f,f,f,SMALL BUSINESS,S,f,f,f,f,f,f,f,f,f,f,f,f,f,f,f,f,f,OTHER,f,f,f,f,f,f,f,f,f,f,f,f,f,f,f,f,f,t,f,f,f,f,f,f,f,t,f,f,t,f,f,f,f,f,f,f,f,f,f,f,f,f,f,f,f,f,f,f,f,f,,,,,,,,,,,https://www.usaspending.gov/award/CONT_AWD_HR001122C0030_9700_-NONE-_-NONE-/,2023-07-13 13:50:24+00
CONT_AWD_HR001122C0178_9700_-NONE-_-NONE-,HR001122C0178,,,,,,,,,981999.00,,981999.00,981999.00,2022-09-27,2022,2023-07-06,2023,2022-09-27,2024-03-26,2024-03-26 00:00:00,,2022-03-11,097,Department of Defense,97AE,Defense Advanced Research Projects Agency,HR0011,DEF ADVANCED RESEARCH PROJECTS AGCY,097,Department of Defense,97AE,Defense Advanced Research Projects Agency,HR0011,DEF ADVANCED RESEARCH PROJECTS AGCY,,,,,X,NOT APPLICABLE,,,HT19FEFNVXC5,,SMART INFORMATION FLOW TECHNOLOGIES LLC,SMART INFORMATION FLOW TECHNOLOGIES LLC,,1NHZ1,HT19FEFNVXC5,,SMART INFORMATION FLOW TECHNOLOGIES LLC,SMART INFORMATION FLOW TECHNOLOGIES  LLC,USA,UNITED STATES,319 1ST AVE N,STE 400,MINNEAPOLIS,27053,HENNEPIN,27,MN,MINNESOTA,554011689,MN-05,MN-05,6123397438,6123397437,USA,UNITED STATES,MINNEAPOLIS,27053,HENNEPIN,27,MN,MINNESOTA,554011111,MN-05,MN-05,AWARD,D,DEFINITIVE CONTRACT,,,,,,,U,COST PLUS FIXED FEE,SBIR PHASE II COLLECTIVE ALLOSTATIC LOAD,HR001121S0007,1,OT,OTHER FUNCTIONS,AC15,NATIONAL DEFENSE R&D SVCS; DEPARTMENT OF DEFENSE - MILITARY; R&D FACILITIES & MAJ EQUIP,H,NOT BUNDLED,C9E,ALL OTHERS NOT IDENTIFIABLE TO ANY OTHER PROCUREMENT PROGRAM,541715,"RESEARCH AND DEVELOPMENT IN THE PHYSICAL, ENGINEERING, AND LIFE SCIENCES (EXCEPT NANOTECHNOLOGY AND BIOTECHNOLOGY)",C,NO CLAUSES INCLUDED AND NO SUSTAINABILITY INCLUDED,A,U.S. OWNED BUSINESS,000,NONE,Z,NOT IT PRODUCTS OR SERVICES,E,NOT REQUIRED,USA,UNITED STATES,C,NOT A MANUFACTURED END PRODUCT,B,PLAN NOT REQUIRED,D,FULL AND OPEN COMPETITION AFTER EXCLUSION OF SOURCES,NP,NEGOTIATED PROPOSAL/QUOTE,SBA,SMALL BUSINESS SET ASIDE - TOTAL,NONE,NO PREFERENCE USED,SR2,SMALL BUSINESS INNOVATION RESEARCH PROGRAM PHASE II ACTION,,,,,4,D,COMMERCIAL PRODUCTS/SERVICES PROCEDURES NOT USED,f,N,NO,N,NO,Y,YES,N,NO,0.00,N,NO,X,NOT APPLICABLE,X,NOT APPLICABLE,X,NOT APPLICABLE,X,NOT APPLICABLE,,,,,,,,NONE,NONE,N,NO,Y,YES - CAS CLAUSE INCLUDED,N,TRANSACTION DOES NOT USE GFE/GFP,N,NO,D,NOT CONSOLIDATED,N,NO - SERVICE WHERE PBA IS NOT USED.,N,NO,Z,NOT APPLICABLE,N,NO,X,NOT APPLICABLE,f,f,f,f,f,f,f,f,f,f,f,f,f,f,f,f,f,f,f,SMALL BUSINESS,S,f,f,f,f,f,f,f,f,f,f,f,f,f,f,f,f,f,PARTNERSHIP,f,f,t,f,f,f,f,f,f,f,f,f,f,f,f,f,f,t,f,f,f,f,f,f,f,f,t,f,t,f,f,f,f,f,f,f,f,f,f,f,f,f,f,f,f,f,f,f,f,f,,,,,,,,,,,https://www.usaspending.gov/award/CONT_AWD_HR001122C0178_9700_-NONE-_-NONE-/,2023-07-06 15:12:10+00
CONT_AWD_HT001121C5006_9700_-NONE-_-NONE-,HT001121C5006,,,,Q: Not Designated Nonemergency/Emergency/Disaster/Wildfire Suppression,,,,,319266.30,15638.42,319266.30,319266.30,2021-08-30,2021,2023-07-13,2023,2021-09-01,2023-05-22,2023-05-22 00:00:00,,,097,Department of Defense,97DH,Defense Health Agency,HT0011,DEFENSE HEALTH AGENCY,097,Department of Defense,97DH,Defense Health Agency,HT0068,BUSINESS SUPPORT OFFICE (J1/J8/SS),057-2021/2021-3400-000;097-2022/2022-0130-000,057-3400;097-0130,25.1: Advisory and assistance services;25.3: Other goods and services from Federal sources,0001: OPERATING FORCES;0004: ADMINISTRATION AND SERVICE-WIDE ACTIVITIES;0020: UNDISTRIBUTED,X,NOT APPLICABLE,,,NN49A4HGVWT5,,R & K ENTERPRISE SOLUTIONS INC,"R & K ENTERPRISE SOLUTIONS, INC.",,56X35,Z8SDYSNEWRW5,,R & K ENTERPRISE SOLUTIONS  INC.,R & K ENTERPRISE SOLUTIONS  INC.,USA,UNITED STATES,11830 CANON BLVD STE D,,NEWPORT NEWS,51700,NEWPORT NEWS (CITY),51,VA,VIRGINIA,236062568,VA-03,VA-03,7575349170,7575349171,USA,UNITED STATES,SAN ANTONIO,48029,BEXAR,48,TX,TEXAS,782261710,TX-23,TX-20,AWARD,D,DEFINITIVE CONTRACT,,,,,,,J,FIRM FIXED PRICE,DATA QUALITY AND INFORMATION SERVICES,,1,OT,OTHER FUNCTIONS,R699,SUPPORT- ADMINISTRATIVE: OTHER,H,NOT BUNDLED,S1,SERVICES,541611,ADMINISTRATIVE MANAGEMENT AND GENERAL MANAGEMENT CONSULTING SERVICES,C,NO CLAUSES INCLUDED AND NO SUSTAINABILITY INCLUDED,A,U.S. OWNED BUSINESS,000,NONE,Z,NOT IT PRODUCTS OR SERVICES,E,NOT REQUIRED,USA,UNITED STATES,C,NOT A MANUFACTURED END PRODUCT,B,PLAN NOT REQUIRED,F,COMPETED UNDER SAP,SP1,SIMPLIFIED ACQUISITION,SBA,SMALL BUSINESS SET ASIDE - TOTAL,NONE,NO PREFERENCE USED,,,,,,,3,A,COMMERCIAL PRODUCTS/SERVICES,f,N,NO,N,NO,N,NO,N,NO,0.00,N,NO,X,NOT APPLICABLE,Y,YES,X,NOT APPLICABLE,X,NOT APPLICABLE,,,,,,,,NONE,NONE,N,NO,X,NOT APPLICABLE EXEMPT FROM CAS,N,TRANSACTION DOES NOT USE GFE/GFP,U,UNKNOWN,D,NOT CONSOLIDATED,Y,YES - SERVICE WHERE PBA IS USED.,N,NO,Z,NOT APPLICABLE,N,NO,X,NOT APPLICABLE,f,f,f,f,f,t,t,f,f,f,f,f,f,f,f,f,f,f,f,SMALL BUSINESS,S,f,f,f,f,f,f,f,f,f,f,f,f,f,f,f,f,f,CORPORATE NOT TAX EXEMPT,t,f,f,f,f,f,f,f,f,f,f,f,f,f,f,f,f,t,f,f,f,f,f,f,f,t,f,f,t,f,f,f,f,f,f,f,f,f,f,f,f,f,f,f,f,f,f,f,f,f,JEFFREY  CONNORS,1643315.00,RICHARD  NEFZGER,909000.00,CHRISTY  DAVIS,582869.00,DEAN  LENUIK,406663.00,TROY  FAABORG,179583.00,https://www.usaspending.gov/award/CONT_AWD_HT001121C5006_9700_-NONE-_-NONE-/,2023-07-13 08:39:46+00
CONT_AWD_HT001122C0035_9700_-NONE-_-NONE-,HT001122C0035,,,,Q: Not Designated Nonemergency/Emergency/Disaster/Wildfire Suppression,,,,,2816869.80,0.00,2816869.80,3774419.60,2022-09-29,2022,2023-07-12,2023,2022-09-29,2024-03-28,2024-09-28 00:00:00,,2022-09-28,097,Department of Defense,97DH,Defense Health Agency,HT0011,DEFENSE HEALTH AGENCY,097,Department of Defense,97DH,Defense Health Agency,HT0034,DHA J6/SRMB,097-2022/2022-0130-000;097-2023/2023-0130-000,097-0130,25.1: Advisory and assistance services,0001: OPERATION AND MAINTENANCE,X,NOT APPLICABLE,,,E7BLX4AB1BE6,,WHITESPACE LLC,WHITESPACE LLC,,8GMM7,E7BLX4AB1BE6,,WHITESPACE LLC,WHITESPACE LLC,USA,UNITED STATES,4710 VAN BUREN ST,,RIVERDALE,24033,PRINCE GEORGE'S,24,MD,MARYLAND,20737,MD-05,MD-04,8608330899,,USA,UNITED STATES,ROCKVILLE,24031,MONTGOMERY,24,MD,MARYLAND,208521631,MD-08,MD-08,AWARD,D,DEFINITIVE CONTRACT,,,,,,,J,FIRM FIXED PRICE,SECTION 508 COMPLIANCE SERVICES,HT001122R0076,1,OT,OTHER FUNCTIONS,DA01,IT AND TELECOM - BUSINESS APPLICATION/APPLICATION DEVELOPMENT SUPPORT SERVICES (LABOR),H,NOT BUNDLED,S1,SERVICES,541511,CUSTOM COMPUTER PROGRAMMING SERVICES,C,NO CLAUSES INCLUDED AND NO SUSTAINABILITY INCLUDED,A,U.S. OWNED BUSINESS,000,NONE,E,COMMERCIAL SERVICE,E,NOT REQUIRED,USA,UNITED STATES,C,NOT A MANUFACTURED END PRODUCT,B,PLAN NOT REQUIRED,B,NOT AVAILABLE FOR COMPETITION,SSS,ONLY ONE SOURCE,8AN,8(A) SOLE SOURCE,NONE,NO PREFERENCE USED,,,,,OTH,AUTHORIZED BY STATUTE (FAR 6.302-5(A)(2)(I)),1,A,COMMERCIAL PRODUCTS/SERVICES,f,N,NO,N,NO,Y,YES,N,NO,0.00,Y,YES,N,NO,N,NO,N,NO,X,NOT APPLICABLE,,,,,,,,NONE,NONE,N,NO,X,NOT APPLICABLE EXEMPT FROM CAS,N,TRANSACTION DOES NOT USE GFE/GFP,U,UNKNOWN,D,NOT CONSOLIDATED,Y,YES - SERVICE WHERE PBA IS USED.,N,NO,Z,NOT APPLICABLE,N,NO,X,NOT APPLICABLE,f,f,f,f,f,f,f,f,f,f,f,f,t,f,f,t,f,f,f,SMALL BUSINESS,S,f,f,f,f,f,f,f,f,f,f,f,f,f,f,f,f,f,SOLE PROPRIETORSHIP,f,f,f,t,f,f,f,f,f,f,f,f,f,f,f,f,f,t,f,f,f,f,f,f,f,f,t,f,t,f,f,f,f,f,f,f,f,f,f,f,f,f,f,f,f,t,f,t,f,f,,,,,,,,,,,https://www.usaspending.gov/award/CONT_AWD_HT001122C0035_9700_-NONE-_-NONE-/,2023-07-12 17:43:45+00
CONT_AWD_HT001423C0007_9700_-NONE-_-NONE-,HT001423C0007,,,,Q: Not Designated Nonemergency/Emergency/Disaster/Wildfire Suppression,,,,,238291.00,0.00,238291.00,238291.00,2023-07-10,2023,2023-07-10,2023,2023-07-10,2023-09-08,2023-09-08 00:00:00,,,097,Department of Defense,97DH,Defense Health Agency,HT0014,DEFENSE HEALTH AGENCY,097,Department of Defense,97DH,Defense Health Agency,HT0017,"DIRECTOR, WRNMMC",097-2023/2023-0130-000,097-0130,26.0: Supplies and materials,0001: OPERATION AND MAINTENANCE,X,NOT APPLICABLE,,,GPRGARK3K6L8,,MEDTRONIC USA INC,MEDTRONIC USA INC,,77HM9,C3X4AESE6JJ1,,MEDTRONIC PUBLIC LIMITED COMPANY,MEDTRONIC USA  INC.,USA,UNITED STATES,710 MEDTRONIC PKWY,,MINNEAPOLIS,27003,ANOKA,27,MN,MINNESOTA,554325603,MN-05,MN-05,3143783437,,USA,UNITED STATES,BETHESDA,24031,MONTGOMERY,24,MD,MARYLAND,208890002,MD-08,MD-08,AWARD,D,DEFINITIVE CONTRACT,,,,,,,J,FIRM FIXED PRICE,REPLACEMENT PACEMAKERS AND LEADS,,1,,,6515,"MEDICAL AND SURGICAL INSTRUMENTS, EQUIPMENT, AND SUPPLIES",H,NOT BUNDLED,,,339113,SURGICAL APPLIANCE AND SUPPLIES MANUFACTURING,C,NO CLAUSES INCLUDED AND NO SUSTAINABILITY INCLUDED,C,FOREIGN-OWNED BUSINESS INCORPORATED IN THE U.S.,000,NONE,Z,NOT IT PRODUCTS OR SERVICES,A,MEETS REQUIREMENTS,USA,UNITED STATES,D,MFG IN U.S.,B,PLAN NOT REQUIRED,G,NOT COMPETED UNDER SAP,SP1,SIMPLIFIED ACQUISITION,NONE,NO SET ASIDE USED.,NONE,NO PREFERENCE USED,,,,,OTH,AUTHORIZED BY STATUTE (FAR 6.302-5(A)(2)(I)),1,A,COMMERCIAL PRODUCTS/SERVICES,f,N,NO,,,N,NO,N,NO,0.00,N,NO,N,NO,N,NO,N,NO,X,NOT APPLICABLE,,,,,,,,NONE,NONE,N,NO,X,NOT APPLICABLE EXEMPT FROM CAS,N,TRANSACTION DOES NOT USE GFE/GFP,,,D,NOT CONSOLIDATED,X,NOT APPLICABLE,N,NO,Z,NOT APPLICABLE,N,NO,X,NOT APPLICABLE,f,f,f,f,f,f,f,f,f,f,f,f,f,f,f,f,f,f,f,OTHER THAN SMALL BUSINESS,O,f,f,f,f,f,f,f,f,f,f,f,f,f,f,f,f,f,CORPORATE NOT TAX EXEMPT,t,f,f,f,f,f,f,f,f,f,f,f,t,f,f,f,f,t,f,f,f,f,f,f,f,f,f,t,t,f,f,f,f,f,f,f,f,f,f,f,f,f,f,f,f,f,f,f,f,f,,,,,,,,,,,https://www.usaspending.gov/award/CONT_AWD_HT001423C0007_9700_-NONE-_-NONE-/,2024-01-08 19:23:47+00
CONT_AWD_HT001523C0006_9700_-NONE-_-NONE-,HT001523C0006,,,,,,,,,0.00,,0.00,62416.00,2023-07-11,2023,2023-07-12,2023,2023-07-10,2027-07-10,2027-07-10 00:00:00,,,097,Department of Defense,97DH,Defense Health Agency,HT0015,DHA ENTERPRISE MED SUPPORT EMS-CD,097,Department of Defense,97DH,Defense Health Agency,HT0040,DEFENSE HEALTH AGENCY (DHA),,,,,X,NOT APPLICABLE,,,XK11LLUL61A7,,"NEW TECH SOLUTIONS, INC.","NEW TECH SOLUTIONS, INC.",,1QN24,XK11LLUL61A7,,"NEW TECH SOLUTIONS, INC.",NEW TECH SOLUTIONS  INC.,USA,UNITED STATES,4179 BUSINESS CENTER DR,,FREMONT,06001,ALAMEDA,06,CA,CALIFORNIA,945386355,CA-17,CA-17,5103534070,5103534076,USA,UNITED STATES,FREMONT,06001,ALAMEDA,06,CA,CALIFORNIA,945386355,CA-17,CA-17,AWARD,D,DEFINITIVE CONTRACT,,,,,,,J,FIRM FIXED PRICE,SOFTWARE LICENSES,HT001523Q0000,1,,,7A21,IT AND TELECOM - BUSINESS APPLICATION SOFTWARE (PERPETUAL LICENSE SOFTWARE),H,NOT BUNDLED,,,541519,OTHER COMPUTER RELATED SERVICES,C,NO CLAUSES INCLUDED AND NO SUSTAINABILITY INCLUDED,A,U.S. OWNED BUSINESS,000,NONE,A,COMMERCIALLY AVAILABLE OFF-THE-SHELF (COTS) ITEM,A,MEETS REQUIREMENTS,USA,UNITED STATES,D,MFG IN U.S.,B,PLAN NOT REQUIRED,F,COMPETED UNDER SAP,SP1,SIMPLIFIED ACQUISITION,SBA,SMALL BUSINESS SET ASIDE - TOTAL,NONE,NO PREFERENCE USED,,,,,,,1,A,COMMERCIAL PRODUCTS/SERVICES,f,N,NO,,,Y,YES,N,NO,0.00,N,NO,X,NOT APPLICABLE,X,NOT APPLICABLE,X,NOT APPLICABLE,X,NOT APPLICABLE,,,,,,,,NONE,NONE,N,NO,X,NOT APPLICABLE EXEMPT FROM CAS,N,TRANSACTION DOES NOT USE GFE/GFP,,,D,NOT CONSOLIDATED,X,NOT APPLICABLE,N,NO,Z,NOT APPLICABLE,N,NO,X,NOT APPLICABLE,f,f,f,f,f,f,f,f,f,f,f,f,t,t,f,f,f,f,f,SMALL BUSINESS,S,f,f,f,f,f,f,f,f,f,f,f,f,f,f,f,f,f,CORPORATE NOT TAX EXEMPT,t,f,f,f,f,f,f,f,f,f,f,f,t,f,f,f,f,t,f,f,f,f,f,f,f,f,f,f,t,f,f,f,f,f,f,f,f,f,f,f,f,f,f,f,f,f,f,f,f,f,RAJESH  PATEL,1841000.00,VIJAY  KUMAR,1841000.00,RAJESH  PATEL,1841000.00,VIJAY  KUMAR,1841000.00,RAJESH  PATEL,1841000.00,https://www.usaspending.gov/award/CONT_AWD_HT001523C0006_9700_-NONE-_-NONE-/,2025-01-31 09:32:17+00
CONT_AWD_M0026416C1044_9700_-NONE-_-NONE-,M0026416C1044,,,,Q: Not Designated Nonemergency/Emergency/Disaster/Wildfire Suppression,,,,,641775.79,0.00,641775.79,945429.53,2016-09-19,2016,2023-07-10,2023,2016-09-19,2021-09-16,2021-09-16 00:00:00,,,097,Department of Defense,1700,Department of the Navy,M00264,COMMANDER,097,Department of Defense,1700,Department of the Navy,M00083,COMMANDING OFFICER,017-2018/2018-1106-000;017-2019/2019-1106-000;017-2020/2020-1106-000;017-2021/2021-1106-000,017-1106,25.1: Advisory and assistance services;25.7: Operation and maintenance of equipment;31.0: Equipment,0004: ADMIN & SRVWD ACTIVITIES;0020: UNDISTRIBUTED,X,NOT APPLICABLE,,,M79BEJSAZLH1,,"VERSAR SECURITY SYSTEMS, LLC","VERSAR SECURITY SYSTEMS, LLC",,1SAH7,HKH4KNNYYNL5,,"KINGSWOOD CAPITAL MANAGEMENT, LLC",VERSAR SECURITY SYSTEMS  LLC,USA,UNITED STATES,6850 VERSAR CENTER STE 201,,SPRINGFIELD,51059,FAIRFAX,51,VA,VIRGINIA,221514176,VA-08,VA-08,7036426828,,USA,UNITED STATES,QUANTICO,51153,PRINCE WILLIAM,51,VA,VIRGINIA,221345178,VA-07,VA-07,AWARD,D,DEFINITIVE CONTRACT,,,,,,,J,FIRM FIXED PRICE,IGF::OT::IGF LIFECYCLE REPLACEMENT AND UPGRADE,M0026416R0057,1,OT,OTHER FUNCTIONS,H163,"QUALITY CONTROL- ALARM, SIGNAL, AND SECURITY DETECTION SYSTEMS",D,NOT A BUNDLED REQUIREMENT,S1,SERVICES,561621,SECURITY SYSTEMS SERVICES (EXCEPT LOCKSMITHS),C,NO CLAUSES INCLUDED AND NO SUSTAINABILITY INCLUDED,A,U.S. OWNED BUSINESS,000,NONE,Z,NOT IT PRODUCTS OR SERVICES,E,NOT REQUIRED,USA,UNITED STATES,C,NOT A MANUFACTURED END PRODUCT,B,PLAN NOT REQUIRED,A,FULL AND OPEN COMPETITION,NP,NEGOTIATED PROPOSAL/QUOTE,NONE,NO SET ASIDE USED.,NONE,NO PREFERENCE USED,,,,,,,1,A,COMMERCIAL PRODUCTS/SERVICES,f,N,NO,N,NO,Y,YES,N,NO,0.00,N,NO,X,NOT APPLICABLE,Y,YES,X,NOT APPLICABLE,X,NOT APPLICABLE,,,,,,,,NONE,NONE,N,NO,X,NOT APPLICABLE EXEMPT FROM CAS,N,TRANSACTION DOES NOT USE GFE/GFP,U,UNKNOWN,N,NO,Y,YES - SERVICE WHERE PBA IS USED.,N,NO,Z,NOT APPLICABLE,N,NO,X,NOT APPLICABLE,f,f,f,f,f,f,f,f,f,f,f,f,f,f,f,f,f,f,f,OTHER THAN SMALL BUSINESS,O,f,f,f,f,f,f,f,f,f,f,f,f,f,f,f,f,f,OTHER,f,f,f,f,f,f,f,f,f,f,f,f,f,f,f,f,f,t,f,f,f,f,f,f,f,f,t,f,t,f,f,f,f,f,f,f,f,f,f,f,f,f,f,f,f,f,f,f,f,f,DUANE  STONE,421000.00,CHRISTINE  TARRAGO,310000.00,DAN  PATTON,295000.00,SUZANNE  BATES,290000.00,BRIAN  ARBUCKLE,271000.00,https://www.usaspending.gov/award/CONT_AWD_M0026416C1044_9700_-NONE-_-NONE-/,2023-07-10 20:06:52+00
CONT_AWD_M6785416C7808_9700_-NONE-_-NONE-,M6785416C7808,,,,,,,,,5742774.27,,5742774.27,5742774.27,2016-07-01,2016,2023-07-10,2023,2016-07-01,2016-12-31,2016-12-31 00:00:00,,,097,Department of Defense,1700,Department of the Navy,M67854,COMMANDER,097,Department of Defense,1700,Department of the Navy,M67854,COMMANDER,,,,,X,NOT APPLICABLE,,,E2K2BZ9KQFV9,,"ENGINEERING SUPPORT PERSONNEL, INC.","ENGINEERING SUPPORT PERSONNEL, INC.",,1DNT4,E2K2BZ9KQFV9,,"ENGINEERING SUPPORT PERSONNEL, INC.",ENGINEERING SUPPORT PERSONNEL  INC.,USA,UNITED STATES,3361 ROUSE RD STE 165,,ORLANDO,12095,ORANGE,12,FL,FLORIDA,328172191,FL-10,FL-10,4072063600,4072063179,USA,UNITED STATES,CAMP PENDLETON,06073,SAN DIEGO,06,CA,CALIFORNIA,920550002,CA-49,CA-49,AWARD,D,DEFINITIVE CONTRACT,,,,,,,J,FIRM FIXED PRICE,IGF::OT::IGF FOR OTHER FUNCTIONS,,1,,,7050,INFORMATION TECHNOLOGY COMPONENTS,D,NOT A BUNDLED REQUIREMENT,S1,SERVICES,561210,FACILITIES SUPPORT SERVICES,C,NO CLAUSES INCLUDED AND NO SUSTAINABILITY INCLUDED,A,U.S. OWNED BUSINESS,000,NONE,F,NONCOMMERCIAL SERVICE,A,MEETS REQUIREMENTS,USA,UNITED STATES,D,MFG IN U.S.,B,PLAN NOT REQUIRED,C,NOT COMPETED,SSS,ONLY ONE SOURCE,NONE,NO SET ASIDE USED.,NONE,NO PREFERENCE USED,,,,,ONE,ONLY ONE SOURCE-OTHER (FAR 6.302-1 OTHER),1,D,COMMERCIAL PRODUCTS/SERVICES PROCEDURES NOT USED,f,N,NO,N,NO,X,NOT APPLICABLE,N,NO,0.00,N,NO,N,NO,Y,YES,N,NO,X,NOT APPLICABLE,,,,,,,,NONE,NONE,N,NO,Y,YES - CAS CLAUSE INCLUDED,N,TRANSACTION DOES NOT USE GFE/GFP,U,UNKNOWN,N,NO,X,NOT APPLICABLE,N,NO,Z,NOT APPLICABLE,N,NO,X,NOT APPLICABLE,f,f,f,f,f,t,t,f,f,f,f,f,f,f,f,f,f,f,f,SMALL BUSINESS,S,f,f,f,f,f,f,f,f,f,f,f,f,f,f,f,f,f,CORPORATE NOT TAX EXEMPT,t,f,f,f,f,f,f,f,f,f,f,f,f,f,f,f,f,t,f,f,f,f,f,f,f,f,f,f,t,f,f,f,f,f,f,f,f,f,f,f,f,f,f,f,f,f,f,f,f,f,JOHN N RUSSELL,422431.00,MICHAEL  GREIDER,217573.00,TERRI A FLANARY,131436.00,ALBERT  GOLDWASSER,30398.00,,,https://www.usaspending.gov/award/CONT_AWD_M6785416C7808_9700_-NONE-_-NONE-/,2023-07-10 15:13:55+00
CONT_AWD_M9549423C0005_9700_-NONE-_-NONE-,M9549423C0005,,,,Q: Not Designated Nonemergency/Emergency/Disaster/Wildfire Suppression,,,,,19838125.00,3030000.00,19838125.00,22736375.00,2023-03-23,2023,2023-07-14,2023,2023-03-23,2025-03-27,2028-09-29 00:00:00,,2023-01-06,097,Department of Defense,1700,Department of the Navy,M95494,COMMANDING OFFICER,097,Department of Defense,1700,Department of the Navy,M95494,COMMANDING OFFICER,017-2022/2024-1109-000,017-1109,31.0: Equipment,0020: UNDISTRIBUTED,X,NOT APPLICABLE,,,KC3CH2MSK7Q3,,"ANDURIL INDUSTRIES, INC.",ANDURIL INDUSTRIES INC,,85LD7,EPJXQLHEJ4Q7,,"ANDURIL INDUSTRIES, INC.",ANDURIL INDUSTRIES  INC.,USA,UNITED STATES,1375 SUNFLOWER AVE,,COSTA MESA,06059,ORANGE,06,CA,CALIFORNIA,92626,CA-47,CA-47,9498911607,,USA,UNITED STATES,CHERRY POINT,37049,CRAVEN,37,NC,NORTH CAROLINA,285330002,NC-03,NC-03,AWARD,D,DEFINITIVE CONTRACT,,,,,,,J,FIRM FIXED PRICE,COUNTER INTRUSION SYSTEM,M9549423R0005,1,,,6350,"MISCELLANEOUS ALARM, SIGNAL, AND SECURITY DETECTION SYSTEMS",H,NOT BUNDLED,,,334511,"SEARCH, DETECTION, NAVIGATION, GUIDANCE, AERONAUTICAL, AND NAUTICAL SYSTEM AND INSTRUMENT MANUFACTURING",C,NO CLAUSES INCLUDED AND NO SUSTAINABILITY INCLUDED,A,U.S. OWNED BUSINESS,000,NONE,Z,NOT IT PRODUCTS OR SERVICES,A,MEETS REQUIREMENTS,USA,UNITED STATES,D,MFG IN U.S.,B,PLAN NOT REQUIRED,B,NOT AVAILABLE FOR COMPETITION,SSS,ONLY ONE SOURCE,NONE,NO SET ASIDE USED.,NONE,NO PREFERENCE USED,,,,,OTH,AUTHORIZED BY STATUTE (FAR 6.302-5(A)(2)(I)),1,A,COMMERCIAL PRODUCTS/SERVICES,f,N,NO,,,Y,YES,N,NO,0.00,N,NO,X,NOT APPLICABLE,X,NOT APPLICABLE,X,NOT APPLICABLE,X,NOT APPLICABLE,,,,,,,,NONE,NONE,N,NO,X,NOT APPLICABLE EXEMPT FROM CAS,N,TRANSACTION DOES NOT USE GFE/GFP,,,D,NOT CONSOLIDATED,X,NOT APPLICABLE,N,NO,Z,NOT APPLICABLE,N,NO,X,NOT APPLICABLE,f,f,f,f,f,f,f,f,f,f,f,f,f,f,f,f,f,f,f,SMALL BUSINESS,S,f,f,f,f,f,f,f,f,f,f,f,f,f,f,f,f,f,CORPORATE NOT TAX EXEMPT,t,f,f,f,f,f,f,f,f,f,f,f,t,f,f,f,f,t,f,f,f,f,f,f,f,f,f,f,t,f,f,f,f,f,f,f,f,f,f,f,f,f,f,f,f,f,f,f,f,f,TOM  KEANE,3306500.00,SHANE  ARNOTT,2209333.00,ANDREA  LESSARD,2009116.00,LINDSAY  TRICE,1737175.00,GOKUL  SUBRAMANIAN,1632514.00,https://www.usaspending.gov/award/CONT_AWD_M9549423C0005_9700_-NONE-_-NONE-/,2023-07-14 13:43:15+00
CONT_AWD_N0001414C0017_9700_-NONE-_-NONE-,N0001414C0017,,,,,,,,,1176552.80,,1249721.00,1249721.00,2014-04-23,2014,2023-07-03,2023,2014-04-23,2018-03-30,2018-03-30 00:00:00,,,097,Department of Defense,9763,Defense Contract Management Agency,S4419A,DCMA FIXED WING FT WORTH,097,Department of Defense,1700,Department of the Navy,N00014,OFFICE OF NAVAL RESEARCH,,,,,X,NOT APPLICABLE,,,G4KDGE4JFFK7,,LOCKHEED MARTIN CORPORATION,LOCKHEED MARTIN CORPORATION,,81755,JSQTW5L2SSM1,,LOCKHEED MARTIN CORPORATION,LOCKHEED MARTIN CORPORATION,USA,UNITED STATES,1 LOCKHEED BLVD,,FORT WORTH,48439,TARRANT,48,TX,TEXAS,761083619,TX-12,TX-12,8177636775,8177636781,USA,UNITED STATES,FORT WORTH,48439,TARRANT,48,TX,TEXAS,761083619,TX-12,TX-12,AWARD,D,DEFINITIVE CONTRACT,,,,,,,U,COST PLUS FIXED FEE,LONG RANGE BROAD AGENCY ANNOUNCEMENT (BAA) FOR NAVY AND MARINE CORPS SCIENCE AND TECHNOLOGY,,99,OT,OTHER FUNCTIONS,AD92,R&D- DEFENSE OTHER: OTHER (APPLIED RESEARCH/EXPLORATORY DEVELOPMENT),D,NOT A BUNDLED REQUIREMENT,S1,SERVICES,541720,RESEARCH AND DEVELOPMENT IN THE SOCIAL SCIENCES AND HUMANITIES,C,NO CLAUSES INCLUDED AND NO SUSTAINABILITY INCLUDED,A,U.S. OWNED BUSINESS,000,NONE,Z,NOT IT PRODUCTS OR SERVICES,E,NOT REQUIRED,USA,UNITED STATES,C,NOT A MANUFACTURED END PRODUCT,C,PLAN REQUIRED - INCENTIVE NOT INCLUDED,A,FULL AND OPEN COMPETITION,BR,BASIC RESEARCH,NONE,NO SET ASIDE USED.,NONE,NO PREFERENCE USED,,,,,,,99,D,COMMERCIAL PRODUCTS/SERVICES PROCEDURES NOT USED,f,N,NO,N,NO,Y,YES,N,NO,0.00,N,NO,N,NO,N,NO,N,NO,X,NOT APPLICABLE,,,,,,,SYNTHETIIC JET FLOW CONTROL OPTIMIZATION FOR CARRIER APPROACH,NONE,NONE,Y,YES,Y,YES - CAS CLAUSE INCLUDED,N,TRANSACTION DOES NOT USE GFE/GFP,N,NO,N,NO,N,NO - SERVICE WHERE PBA IS NOT USED.,N,NO,Z,NOT APPLICABLE,N,NO,X,NOT APPLICABLE,f,f,f,f,f,f,f,f,f,f,f,f,f,f,f,f,f,f,f,OTHER THAN SMALL BUSINESS,O,f,f,f,f,f,f,f,f,f,f,f,f,f,f,f,f,f,CORPORATE NOT TAX EXEMPT,t,f,f,f,f,f,f,f,f,f,f,f,t,f,f,f,f,t,f,f,f,f,f,f,f,f,f,f,t,f,f,f,f,f,f,f,f,f,f,f,f,f,f,f,f,f,f,f,f,f,,,,,,,,,,,https://www.usaspending.gov/award/CONT_AWD_N0001414C0017_9700_-NONE-_-NONE-/,2023-07-03 11:04:52+00
CONT_AWD_N0001415C0131_9700_-NONE-_-NONE-,N0001415C0131,,,,,,,,,2588090.74,0.00,2588132.00,2588132.00,2015-05-06,2015,2023-07-06,2023,2015-05-06,2020-01-11,2020-01-11 00:00:00,,,097,Department of Defense,9763,Defense Contract Management Agency,S1002A,DCMA SOUTHEAST,097,Department of Defense,1700,Department of the Navy,N00014,OFFICE OF NAVAL RESEARCH,017-2019/2020-1319-000,017-1319,25.5: Research and development contracts,,X,NOT APPLICABLE,,,MFA3QKYKLL31,,SERCO INC.,DECISIVE ANALYTICS CORPORATION,,06CT8,DFKNPV72S9M4,,"WHITNEY BRADLEY & BROWN, INC.",DECISIVE ANALYTICS CORPORATION,USA,UNITED STATES,1400 CRYSTAL DR STE 1400,,ARLINGTON,51013,ARLINGTON,51,VA,VIRGINIA,222024153,VA-08,VA-08,7034145016,7034145099,USA,UNITED STATES,HERNDON,51059,FAIRFAX,51,VA,VIRGINIA,201706027,VA-11,VA-11,AWARD,D,DEFINITIVE CONTRACT,,,,,,,U,COST PLUS FIXED FEE,IGF::CT::IGF EXPEDITIONARY MANEUVER WARFARE APPLIED RESEARCH AND ADVANCED TECHNOLOGY DEVELOPMENT,N0001413R004X,1,CT,CRITICAL FUNCTIONS,AD92,R&D- DEFENSE OTHER: OTHER (APPLIED RESEARCH/EXPLORATORY DEVELOPMENT),D,NOT A BUNDLED REQUIREMENT,C9E,ALL OTHERS NOT IDENTIFIABLE TO ANY OTHER PROCUREMENT PROGRAM,541712,"RESEARCH AND DEVELOPMENT IN THE PHYSICAL, ENGINEERING, AND LIFE SCIENCES (EXCEPT BIOTECHNOLOGY)",C,NO CLAUSES INCLUDED AND NO SUSTAINABILITY INCLUDED,A,U.S. OWNED BUSINESS,000,NONE,Z,NOT IT PRODUCTS OR SERVICES,E,NOT REQUIRED,USA,UNITED STATES,C,NOT A MANUFACTURED END PRODUCT,B,PLAN NOT REQUIRED,A,FULL AND OPEN COMPETITION,BR,BASIC RESEARCH,NONE,NO SET ASIDE USED.,NONE,NO PREFERENCE USED,,,,,,,999,D,COMMERCIAL PRODUCTS/SERVICES PROCEDURES NOT USED,f,N,NO,N,NO,Y,YES,N,NO,0.00,N,NO,N,NO,N,NO,N,NO,X,NOT APPLICABLE,,,,,,,ANALYTICS FOR LIMITED AND ISOLATED COMPUTATIONAL ENVIRONMENTS (ALICE),NONE,NONE,Y,YES,X,NOT APPLICABLE EXEMPT FROM CAS,N,TRANSACTION DOES NOT USE GFE/GFP,N,NO,N,NO,N,NO - SERVICE WHERE PBA IS NOT USED.,N,NO,Z,NOT APPLICABLE,N,NO,X,NOT APPLICABLE,f,f,f,f,f,f,f,f,f,f,f,f,f,f,f,f,f,f,f,OTHER THAN SMALL BUSINESS,O,f,f,f,f,f,f,f,f,f,f,f,f,f,f,f,f,f,CORPORATE NOT TAX EXEMPT,t,f,f,f,f,f,f,f,f,f,f,f,f,f,f,f,f,t,f,f,f,f,f,f,f,f,f,f,t,f,f,f,f,f,f,f,f,f,f,f,f,f,f,f,f,f,f,f,f,f,DAVID  DACQUINO,2047953.00,HAL  MASON,1774183.00,GORDON  FOSTER,1015282.00,THOMAS  WATSON,805915.00,CHRISTOPHER  SULLIVAN,739843.00,https://www.usaspending.gov/award/CONT_AWD_N0001415C0131_9700_-NONE-_-NONE-/,2023-07-06 12:27:48+00
CONT_AWD_N0001417C2021_9700_-NONE-_-NONE-,N0001417C2021,,,,Q: Not Designated Nonemergency/Emergency/Disaster/Wildfire Suppression,,,,,4452289.98,0.00,4452289.98,4452289.98,2017-04-27,2017,2023-07-14,2023,2017-04-27,2022-06-21,2022-06-21 00:00:00,,,097,Department of Defense,9763,Defense Contract Management Agency,S0605A,DCMA SPACE ENTERPRISE,097,Department of Defense,1700,Department of the Navy,N00014,OFFICE OF NAVAL RESEARCH,017-2019/2020-1319-000;017-2020/2021-1319-000;017-2021/2022-1319-000,017-1319,25.5: Research and development contracts,0001: BASIC RESEARCH,X,NOT APPLICABLE,,,PAMVUBYPXF48,,LOCKHEED MARTIN CORPORATION,LOCKHEED MARTIN CORPORATION,,3FMK4,ZFN2JJXBLZT3,,LOCKHEED MARTIN CORP,LOCKHEED MARTIN CORPORATION,USA,UNITED STATES,12999 DEER CREEK CANYON RD,,LITTLETON,08059,JEFFERSON,08,CO,COLORADO,801275146,CO-02,CO-07,3039324652,,USA,UNITED STATES,LITTLETON,08059,JEFFERSON,08,CO,COLORADO,801275146,CO-07,CO-07,AWARD,D,DEFINITIVE CONTRACT,,,,,,,U,COST PLUS FIXED FEE,IGF::CL::IGF  REAL TIME RADIO FREQUENCY IDENTIFICATION (RT RFID) TESTBED,N0001416RBA01,1,CL,CLOSELY ASSOCIATED,AD93,R&D- DEFENSE OTHER: OTHER (ADVANCED DEVELOPMENT),H,NOT BUNDLED,S1,SERVICES,541712,"RESEARCH AND DEVELOPMENT IN THE PHYSICAL, ENGINEERING, AND LIFE SCIENCES (EXCEPT BIOTECHNOLOGY)",C,NO CLAUSES INCLUDED AND NO SUSTAINABILITY INCLUDED,A,U.S. OWNED BUSINESS,000,NONE,Z,NOT IT PRODUCTS OR SERVICES,E,NOT REQUIRED,USA,UNITED STATES,C,NOT A MANUFACTURED END PRODUCT,H,DOD COMPREHENSIVE SUBCONTRACT PLAN,A,FULL AND OPEN COMPETITION,NP,NEGOTIATED PROPOSAL/QUOTE,NONE,NO SET ASIDE USED.,NONE,NO PREFERENCE USED,,,,,,,999,D,COMMERCIAL PRODUCTS/SERVICES PROCEDURES NOT USED,f,N,NO,N,NO,Y,YES,N,NO,0.00,N,NO,N,NO,N,NO,N,NO,X,NOT APPLICABLE,,,,,,,,NONE,NONE,Y,YES,Y,YES - CAS CLAUSE INCLUDED,N,TRANSACTION DOES NOT USE GFE/GFP,N,NO,D,NOT CONSOLIDATED,N,NO - SERVICE WHERE PBA IS NOT USED.,N,NO,Z,NOT APPLICABLE,N,NO,X,NOT APPLICABLE,f,f,f,f,f,f,f,f,f,f,f,f,f,f,f,f,f,f,f,OTHER THAN SMALL BUSINESS,O,f,f,f,f,f,f,f,f,f,f,f,f,f,f,f,f,f,CORPORATE NOT TAX EXEMPT,t,f,f,f,f,f,f,f,f,f,f,f,f,f,f,f,f,t,f,f,f,f,f,f,f,f,f,f,t,f,f,f,f,f,f,f,f,f,f,f,f,f,f,f,f,f,f,f,f,f,,,,,,,,,,,https://www.usaspending.gov/award/CONT_AWD_N0001417C2021_9700_-NONE-_-NONE-/,2023-07-18 11:47:22+00
CONT_AWD_N0001419C2009_9700_-NONE-_-NONE-,N0001419C2009,,,,N: Emergency P.L. 116-136;Q: Not Designated Nonemergency/Emergency/Disaster/Wildfire Suppression,0,373041.83,,,4446675.00,596414.66,4446675.00,4446675.00,2018-12-10,2019,2023-07-06,2023,2018-12-10,2023-07-21,2024-04-30 00:00:00,,2018-09-21,097,Department of Defense,1700,Department of the Navy,N00014,OFFICE OF NAVAL RESEARCH,097,Department of Defense,1700,Department of the Navy,N00014,OFFICE OF NAVAL RESEARCH,017-2020/2021-1319-000;097-2020/2021-0400-000,017-1319;097-0400,25.5: Research and development contracts,0001: BASIC RESEARCH;OPTN: FIELD IS OPTIONAL PRIOR TO FY21,X,NOT APPLICABLE,,,EMXDXET56K76,,FLORIDA INSTITUTE FOR HUMAN & MACHINE COGNITION INC,FLORIDA INSTITUTE FOR HUMAN AND MACHINE COGNITION INC,,312T7,EMXDXET56K76,,FLORIDA INSTITUTE FOR HUMAN & MACHINE COGNITION INC,FLORIDA INSTITUTE FOR HUMAN AND MACHINE COGNITION INC,USA,UNITED STATES,40 S ALCANIZ ST,,PENSACOLA,12033,ESCAMBIA,12,FL,FLORIDA,325026008,FL-01,FL-01,8502024473,8502024440,USA,UNITED STATES,PENSACOLA,12033,ESCAMBIA,12,FL,FLORIDA,325026008,FL-01,FL-01,AWARD,D,DEFINITIVE CONTRACT,,,,,,,S,COST NO FEE,"IGF::CT::IGF RESEARCH AND DEVELOPMENT IN THE PHYSICAL, ENGINEERING, AND LIFE SCIENCES (EXCEPT BIOTECHNOLOGY)-SPACE VEHICLES AND GUIDED MISSILES, THEIR PROPULSION UNITS, THEIR PROPULSION UNITS PARTS, AND THEIR AUXILIARY EQUIPMENT AND PARTS",N0001418SB001,1,OT,OTHER FUNCTIONS,AD92,R&D- DEFENSE OTHER: OTHER (APPLIED RESEARCH/EXPLORATORY DEVELOPMENT),H,NOT BUNDLED,S1,SERVICES,541715,"RESEARCH AND DEVELOPMENT IN THE PHYSICAL, ENGINEERING, AND LIFE SCIENCES (EXCEPT NANOTECHNOLOGY AND BIOTECHNOLOGY)",C,NO CLAUSES INCLUDED AND NO SUSTAINABILITY INCLUDED,A,U.S. OWNED BUSINESS,000,NONE,Z,NOT IT PRODUCTS OR SERVICES,E,NOT REQUIRED,USA,UNITED STATES,C,NOT A MANUFACTURED END PRODUCT,F,INDIVIDUAL SUBCONTRACT PLAN,A,FULL AND OPEN COMPETITION,NP,NEGOTIATED PROPOSAL/QUOTE,NONE,NO SET ASIDE USED.,NONE,NO PREFERENCE USED,,,,,,,99,D,COMMERCIAL PRODUCTS/SERVICES PROCEDURES NOT USED,f,N,NO,N,NO,Y,YES,N,NO,0.00,N,NO,N,NO,N,NO,N,NO,X,NOT APPLICABLE,,,,,,,,NONE,NONE,N,NO,X,NOT APPLICABLE EXEMPT FROM CAS,N,TRANSACTION DOES NOT USE GFE/GFP,N,NO,D,NOT CONSOLIDATED,N,NO - SERVICE WHERE PBA IS NOT USED.,N,NO,Z,NOT APPLICABLE,N,NO,X,NOT APPLICABLE,f,f,f,f,f,f,f,f,f,f,f,f,f,f,f,f,f,f,f,OTHER THAN SMALL BUSINESS,O,f,f,f,f,f,f,f,f,f,f,f,f,f,f,f,f,f,CORPORATE TAX EXEMPT,f,t,f,f,f,f,f,f,f,f,f,f,f,f,f,f,f,t,f,f,f,f,f,f,f,f,f,f,f,f,t,f,f,f,f,f,f,f,f,f,f,f,f,f,f,f,f,f,f,f,,,,,,,,,,,https://www.usaspending.gov/award/CONT_AWD_N0001419C2009_9700_-NONE-_-NONE-/,2023-07-06 14:49:49+00
CONT_AWD_N0001420C1015_9700_-NONE-_-NONE-,N0001420C1015,,,,,,,,,7558918.38,0.00,7558949.00,7558949.00,2019-10-09,2020,2023-07-03,2023,2019-10-09,2023-09-30,2023-09-30 00:00:00,,2019-03-18,097,Department of Defense,1700,Department of the Navy,N00014,OFFICE OF NAVAL RESEARCH,097,Department of Defense,1700,Department of the Navy,N00014,OFFICE OF NAVAL RESEARCH,017-2019/2020-1319-000,017-1319,25.5: Research and development contracts,,X,NOT APPLICABLE,,,GTJHZE4M7YK1,,"THE CHARLES STARK DRAPER LABORATORY, INC.","CHARLES STARK DRAPER LABORATORY, INC., THE",,51993,GTJHZE4M7YK1,,"THE CHARLES STARK DRAPER LABORATORY, INC.",THE CHARLES STARK DRAPER LABORATORY INC,USA,UNITED STATES,555 TECHNOLOGY SQ,,CAMBRIDGE,25017,MIDDLESEX,25,MA,MASSACHUSETTS,021393539,MA-07,MA-07,6172582605,,USA,UNITED STATES,CAMBRIDGE,25017,MIDDLESEX,25,MA,MASSACHUSETTS,021394243,MA-07,MA-07,AWARD,D,DEFINITIVE CONTRACT,,,,,,,U,COST PLUS FIXED FEE,QUANTUM GRAVIMETER NAVIGATION SYSTEM (Q-GRAV),N0001419SB001,1,CT,CRITICAL FUNCTIONS,AD93,R&D- DEFENSE OTHER: OTHER (ADVANCED DEVELOPMENT),H,NOT BUNDLED,C9E,ALL OTHERS NOT IDENTIFIABLE TO ANY OTHER PROCUREMENT PROGRAM,541715,"RESEARCH AND DEVELOPMENT IN THE PHYSICAL, ENGINEERING, AND LIFE SCIENCES (EXCEPT NANOTECHNOLOGY AND BIOTECHNOLOGY)",C,NO CLAUSES INCLUDED AND NO SUSTAINABILITY INCLUDED,A,U.S. OWNED BUSINESS,000,NONE,Z,NOT IT PRODUCTS OR SERVICES,E,NOT REQUIRED,USA,UNITED STATES,C,NOT A MANUFACTURED END PRODUCT,F,INDIVIDUAL SUBCONTRACT PLAN,A,FULL AND OPEN COMPETITION,BR,BASIC RESEARCH,NONE,NO SET ASIDE USED.,NONE,NO PREFERENCE USED,,,,,,,99,D,COMMERCIAL PRODUCTS/SERVICES PROCEDURES NOT USED,f,N,NO,N,NO,Y,YES,N,NO,0.00,N,NO,N,NO,N,NO,N,NO,X,NOT APPLICABLE,,,,,,,,NONE,NONE,N,NO,Y,YES - CAS CLAUSE INCLUDED,N,TRANSACTION DOES NOT USE GFE/GFP,N,NO,D,NOT CONSOLIDATED,N,NO - SERVICE WHERE PBA IS NOT USED.,N,NO,Z,NOT APPLICABLE,N,NO,X,NOT APPLICABLE,f,f,f,f,f,f,f,f,f,f,f,f,f,f,f,f,f,f,f,OTHER THAN SMALL BUSINESS,O,f,f,f,f,f,f,f,f,f,f,f,f,f,f,f,f,f,CORPORATE TAX EXEMPT,f,t,f,f,f,f,f,f,f,f,f,f,f,f,f,f,f,t,f,f,f,f,f,f,f,f,f,f,f,t,f,f,f,f,f,f,f,f,f,f,f,f,f,f,f,f,f,f,f,f,,,,,,,,,,,https://www.usaspending.gov/award/CONT_AWD_N0001420C1015_9700_-NONE-_-NONE-/,2023-07-03 12:45:44+00
CONT_AWD_N0001421C1036_9700_-NONE-_-NONE-,N0001421C1036,,,,,,,,,1008534.00,,1009234.00,1009234.00,2021-07-14,2021,2023-07-11,2023,2021-07-14,2023-12-31,2023-12-31 00:00:00,,2020-10-07,097,Department of Defense,1700,Department of the Navy,N00014,OFFICE OF NAVAL RESEARCH,097,Department of Defense,1700,Department of the Navy,N00014,OFFICE OF NAVAL RESEARCH,,,,,X,NOT APPLICABLE,,,RCNJEHZ83EV6,,UNIVERSITY OF ALABAMA,UNIVERSITY OF ALABAMA,,77223,TWJWHYEM8T63,,THE UNIVERSITY OF ALABAMA SYSTEM,THE UNIVERSITY OF ALABAMA SYSTEM,USA,UNITED STATES,301 ROSE ADMIN BLDG,,TUSCALOOSA,01125,TUSCALOOSA,01,AL,ALABAMA,354870001,AL-07,AL-07,2053485152,2053488882,USA,UNITED STATES,TUSCALOOSA,01125,TUSCALOOSA,01,AL,ALABAMA,354870085,AL-07,AL-07,AWARD,D,DEFINITIVE CONTRACT,,,,,,,S,COST NO FEE,DEVELOP SOLID STATE ADDITIVE PROCESSES FOR STRUCTURAL REPAIRS OF ALUMINUM AND STEEL STRUCTURES. POWDER HEAT TREATMENT AND LASER-ASSISTED COLD SPRAY (LACS) WILL BE USED TO IMPROVE THE MECHANICAL PROPERTIES OF COLD SPRAY-BASED REPAIRS OF ALUMINUM ALL,N0001420SB001,1,OT,OTHER FUNCTIONS,AC12,NATIONAL DEFENSE R&D SERVICES; DEPARTMENT OF DEFENSE - MILITARY; APPLIED RESEARCH,H,NOT BUNDLED,S1,SERVICES,541715,"RESEARCH AND DEVELOPMENT IN THE PHYSICAL, ENGINEERING, AND LIFE SCIENCES (EXCEPT NANOTECHNOLOGY AND BIOTECHNOLOGY)",C,NO CLAUSES INCLUDED AND NO SUSTAINABILITY INCLUDED,A,U.S. OWNED BUSINESS,000,NONE,Z,NOT IT PRODUCTS OR SERVICES,E,NOT REQUIRED,USA,UNITED STATES,C,NOT A MANUFACTURED END PRODUCT,F,INDIVIDUAL SUBCONTRACT PLAN,A,FULL AND OPEN COMPETITION,BR,BASIC RESEARCH,NONE,NO SET ASIDE USED.,NONE,NO PREFERENCE USED,,,,,,,999,D,COMMERCIAL PRODUCTS/SERVICES PROCEDURES NOT USED,f,N,NO,N,NO,Y,YES,N,NO,0.00,N,NO,N,NO,N,NO,N,NO,X,NOT APPLICABLE,,,,,,,,NONE,NONE,N,NO,X,NOT APPLICABLE EXEMPT FROM CAS,N,TRANSACTION DOES NOT USE GFE/GFP,N,NO,D,NOT CONSOLIDATED,Y,YES - SERVICE WHERE PBA IS USED.,N,NO,Z,NOT APPLICABLE,N,NO,X,NOT APPLICABLE,f,f,f,f,f,f,f,f,f,f,f,f,f,f,f,f,f,f,f,OTHER THAN SMALL BUSINESS,O,f,f,f,f,f,f,f,f,f,f,f,f,f,f,f,f,f,CORPORATE TAX EXEMPT,f,t,f,f,f,f,f,f,f,t,f,f,f,f,f,f,f,t,f,f,f,f,f,f,f,f,f,f,f,t,f,f,f,t,f,f,f,f,f,f,f,f,f,f,f,f,f,f,f,f,,,,,,,,,,,https://www.usaspending.gov/award/CONT_AWD_N0001421C1036_9700_-NONE-_-NONE-/,2023-07-11 14:16:15+00
CONT_AWD_N0001423C2012_9700_-NONE-_-NONE-,N0001423C2012,,,,,,,,,25000.00,,5568258.00,5568258.00,2023-07-07,2023,2023-07-07,2023,2023-07-07,2026-07-06,2026-07-06 00:00:00,,2022-07-27,097,Department of Defense,1700,Department of the Navy,N00014,OFFICE OF NAVAL RESEARCH,097,Department of Defense,1700,Department of the Navy,N00014,OFFICE OF NAVAL RESEARCH,,,,,X,NOT APPLICABLE,,,NCLZQVJ8YAK3,,"PHOENIX INTERNATIONAL HOLDINGS, INC.","PHOENIX INTERNATIONAL HOLDINGS, INC.",,4ZW54,NCLZQVJ8YAK3,,"PHOENIX INTERNATIONAL HOLDINGS, INC.",PHOENIX INTERNATIONAL HOLDINGS INC,USA,UNITED STATES,9301 LARGO DR W,,LARGO,24033,PRINCE GEORGE'S,24,MD,MARYLAND,207744882,MD-04,MD-04,3013417800,3014990027,USA,UNITED STATES,UPPER MARLBORO,24033,PRINCE GEORGES,24,MD,MARYLAND,207745399,MD-04,MD-04,AWARD,D,DEFINITIVE CONTRACT,,,,,,,U,COST PLUS FIXED FEE,UUV-BASED SENSOR SYSTEM TESTBED AND TEST AND EVALUATION OF ADVANCED SENSOR AND AUTONOMY MODULES,N0001422SB001,1,CT,CRITICAL FUNCTIONS,AC12,NATIONAL DEFENSE R&D SERVICES; DEPARTMENT OF DEFENSE - MILITARY; APPLIED RESEARCH,H,NOT BUNDLED,,,541715,"RESEARCH AND DEVELOPMENT IN THE PHYSICAL, ENGINEERING, AND LIFE SCIENCES (EXCEPT NANOTECHNOLOGY AND BIOTECHNOLOGY)",C,NO CLAUSES INCLUDED AND NO SUSTAINABILITY INCLUDED,A,U.S. OWNED BUSINESS,000,NONE,Z,NOT IT PRODUCTS OR SERVICES,E,NOT REQUIRED,USA,UNITED STATES,C,NOT A MANUFACTURED END PRODUCT,B,PLAN NOT REQUIRED,A,FULL AND OPEN COMPETITION,BR,BASIC RESEARCH,NONE,NO SET ASIDE USED.,NONE,NO PREFERENCE USED,,,,,,,99,D,COMMERCIAL PRODUCTS/SERVICES PROCEDURES NOT USED,f,N,NO,,,Y,YES,N,NO,0.00,N,NO,X,NOT APPLICABLE,N,NO,X,NOT APPLICABLE,X,NOT APPLICABLE,,,,,,,,NONE,NONE,N,NO,X,NOT APPLICABLE EXEMPT FROM CAS,N,TRANSACTION DOES NOT USE GFE/GFP,,,D,NOT CONSOLIDATED,N,NO - SERVICE WHERE PBA IS NOT USED.,N,NO,Z,NOT APPLICABLE,N,NO,X,NOT APPLICABLE,f,f,f,f,f,f,f,f,f,f,f,f,f,f,f,f,f,f,f,SMALL BUSINESS,S,f,f,f,f,f,f,f,f,f,f,f,f,f,f,f,f,f,CORPORATE NOT TAX EXEMPT,t,f,f,f,f,f,f,f,f,f,f,f,f,f,f,f,f,t,f,f,f,f,f,f,f,f,f,f,t,f,f,f,f,f,f,f,f,f,f,f,f,f,f,f,f,f,f,f,f,f,,,,,,,,,,,https://www.usaspending.gov/award/CONT_AWD_N0001423C2012_9700_-NONE-_-NONE-/,2023-07-07 12:04:37+00
CONT_AWD_N0001915C0010_9700_-NONE-_-NONE-,N0001915C0010,,,,,,,,,7874157.00,,7874157.00,7874157.00,2014-12-16,2015,2023-07-06,2023,2014-12-16,2017-12-14,2017-12-14 00:00:00,,,097,Department of Defense,9763,Defense Contract Management Agency,SGR18A,DCMA EUROPE,097,Department of Defense,1700,Department of the Navy,N00019,NAVAL AIR SYSTEMS COMMAND,,,,,X,NOT APPLICABLE,,,NR5QYRLDJNY3,,THALES DMS FRANCE SAS,THALES DMS FRANCE SAS,,F8294,QWSHM2ZMJNB4,,THALES,THALES DMS FRANCE SAS,FRA,FRANCE,525 ROUTE DES DOLINES,,VALBONNE,,,,,,06560,,,,,FRA,FRANCE,,,,,,,,,,AWARD,D,DEFINITIVE CONTRACT,,,,,,,J,FIRM FIXED PRICE,OBSOLESCENCE/DMSMS FOR MH-60 ROMEO AIRBORNE LOW FREQUENCY SONAR.,N0001913R4005,1,,,5845,UNDERWATER SOUND EQUIPMENT,D,NOT A BUNDLED REQUIREMENT,A1C,OTHER AIRCRAFT EQUIPMENT,336413,OTHER AIRCRAFT PARTS AND AUXILIARY EQUIPMENT MANUFACTURING,C,NO CLAUSES INCLUDED AND NO SUSTAINABILITY INCLUDED,D,FOREIGN-OWNED BUSINESS NOT INCORPORATED IN THE U.S.,191,MH-60R,Z,NOT IT PRODUCTS OR SERVICES,A,MEETS REQUIREMENTS,FRA,FRANCE,J,MFG OUTSIDE U.S. - DOMESTIC NONAVAILABILITY,B,PLAN NOT REQUIRED,C,NOT COMPETED,SSS,ONLY ONE SOURCE,NONE,NO SET ASIDE USED.,NONE,NO PREFERENCE USED,,,,,ONE,ONLY ONE SOURCE-OTHER (FAR 6.302-1 OTHER),1,D,COMMERCIAL PRODUCTS/SERVICES PROCEDURES NOT USED,f,N,NO,N,NO,Y,YES,N,NO,0.00,N,NO,X,NOT APPLICABLE,X,NOT APPLICABLE,X,NOT APPLICABLE,X,NOT APPLICABLE,,,,,,,,NONE,NONE,Y,YES,X,NOT APPLICABLE EXEMPT FROM CAS,N,TRANSACTION DOES NOT USE GFE/GFP,N,NO,N,NO,X,NOT APPLICABLE,N,NO,A,FAR 52.232-16 PROGRESS PAYMENTS,N,NO,X,NOT APPLICABLE,f,f,f,f,f,f,f,f,f,f,f,f,f,f,f,f,f,f,f,OTHER THAN SMALL BUSINESS,O,f,f,f,f,f,f,f,f,f,f,f,f,f,f,f,f,f,INTERNATIONAL ORG,f,f,f,f,f,t,f,f,f,f,f,f,t,f,f,f,f,t,f,f,f,f,f,f,f,f,t,f,t,f,f,f,f,f,f,f,f,f,f,f,f,f,f,f,f,f,f,f,f,f,,,,,,,,,,,https://www.usaspending.gov/award/CONT_AWD_N0001915C0010_9700_-NONE-_-NONE-/,2023-08-01 15:54:04+00
CONT_AWD_N0001920C0013_9700_-NONE-_-NONE-,N0001920C0013,,,,,,,,,13508074.48,,13508074.48,13543134.48,2019-11-29,2020,2023-07-06,2023,2019-11-29,2023-04-30,2023-04-30 00:00:00,,2019-05-03,097,Department of Defense,9763,Defense Contract Management Agency,SGR18A,DCMA EUROPE,097,Department of Defense,1700,Department of the Navy,N00019,NAVAL AIR SYSTEMS COMMAND,,,,,A,FOREIGN FUNDS FMS,,,GCHVPJDK8669,,MARSHALL OF CAMBRIDGE AEROSPACE LIMITED,MARSHALL OF CAMBRIDGE AEROSPACE LIMITED,,K3784,LXLLBSJYY2F1,,MARSHALL OF CAMBRIDGE AEROSPACE LIMITED,MARSHALL OF CAMBRIDGE AEROSPACE LIMITED,GBR,UNITED KINGDOM,AIRPORT HOUSE,NEWMARKET ROAD,CAMBRIDGE,,,,,CAMBRIDGESHIRE,CB5 8RY,,,,,KWT,KUWAIT,,,,,,,CB5 8RY,,,AWARD,D,DEFINITIVE CONTRACT,,,,,,,J,FIRM FIXED PRICE,PLANNED MAINTENANCE INTERVAL (PMI),N0001919R0033,1,OT,OTHER FUNCTIONS,J015,MAINT/REPAIR/REBUILD OF EQUIPMENT- AIRCRAFT AND AIRFRAME STRUCTURAL COMPONENTS,H,NOT BUNDLED,S1,SERVICES,488190,OTHER SUPPORT ACTIVITIES FOR AIR TRANSPORTATION,C,NO CLAUSES INCLUDED AND NO SUSTAINABILITY INCLUDED,D,FOREIGN-OWNED BUSINESS NOT INCORPORATED IN THE U.S.,220,C-130J,Z,NOT IT PRODUCTS OR SERVICES,E,NOT REQUIRED,KWT,KUWAIT,C,NOT A MANUFACTURED END PRODUCT,B,PLAN NOT REQUIRED,B,NOT AVAILABLE FOR COMPETITION,SSS,ONLY ONE SOURCE,NONE,NO SET ASIDE USED.,NONE,NO PREFERENCE USED,,,,,IA,INTERNATIONAL AGREEMENT (FAR 6.302-4),1,D,COMMERCIAL PRODUCTS/SERVICES PROCEDURES NOT USED,f,N,NO,N,NO,Y,YES,N,NO,0.00,N,NO,X,NOT APPLICABLE,X,NOT APPLICABLE,X,NOT APPLICABLE,X,NOT APPLICABLE,,,,,,,,NONE,NONE,N,NO,Y,YES - CAS CLAUSE INCLUDED,N,TRANSACTION DOES NOT USE GFE/GFP,U,UNKNOWN,D,NOT CONSOLIDATED,Y,YES - SERVICE WHERE PBA IS USED.,N,NO,Z,NOT APPLICABLE,N,NO,X,NOT APPLICABLE,f,f,f,f,f,f,f,f,f,f,f,f,f,f,f,f,f,f,f,OTHER THAN SMALL BUSINESS,O,f,f,f,f,f,f,f,f,f,f,f,f,f,f,f,f,f,INTERNATIONAL ORG,f,f,f,f,f,t,f,f,f,f,f,f,f,f,f,f,f,t,f,f,f,f,f,f,f,f,f,f,t,f,f,f,f,f,f,f,f,f,f,f,f,f,f,f,f,f,f,f,f,f,,,,,,,,,,,https://www.usaspending.gov/award/CONT_AWD_N0001920C0013_9700_-NONE-_-NONE-/,2023-07-06 15:22:40+00
CONT_AWD_N0002416C2302_9700_-NONE-_-NONE-,N0002416C2302,,,,C: Emergency P.L. 115-123;N: Emergency P.L. 116-136;Q: Not Designated Nonemergency/Emergency/Disaster/Wildfire Suppression,0,-241723.96,,,105677135.00,14759390.67,118425495.89,119655667.89,2016-08-26,2016,2023-07-11,2023,2016-08-26,2030-04-18,2030-04-18 00:00:00,,,097,Department of Defense,1700,Department of the Navy,N62786,SUP OF SHIPBUILDING CONV AND REPAIR,097,Department of Defense,1700,Department of the Navy,N00024,NAVSEA HQ,017-2016/2018-1810-000;017-2016/2020-1611-000;017-2017/2019-1810-000;017-2017/2021-1611-000;017-2018/2020-1810-000;017-2018/2022-1611-000;017-2019/2021-1810-000;017-2019/2023-1611-000;017-2020/2020-1804-000;017-2020/2022-1810-000;017-2020/2024-1611-000,017-1611;017-1804;017-1810,25.7: Operation and maintenance of equipment;31.0: Equipment,0001: OPERATING FORCES;0001: SUPPORT VEHICLES AND EQUIPMENT;0002: COMMUNICATIONS AND ELECTRONICS EQUIPMENT;0002: SHIPBUILDING;OPTN: FIELD IS OPTIONAL PRIOR TO FY21,X,NOT APPLICABLE,,,U23DM4ULNLS3,,BAE SYSTEMS JACKSONVILLE SHIP REPAIR LLC,BAE SYSTEMS SOUTHEAST SHIPYARDS MAYPORT LLC,,64745,E5K9VR2A1MW9,,BAE SYSTEMS PLC,BAE SYSTEMS JACKSONVILLE SHIP REPAIR LLC,USA,UNITED STATES,8500 HECKSCHER DR,,JACKSONVILLE,12031,DUVAL,12,FL,FLORIDA,322262434,FL-04,FL-04,9049282140,9049282113,USA,UNITED STATES,JACKSONVILLE,12031,DUVAL,12,FL,FLORIDA,322263234,FL-04,FL-04,AWARD,D,DEFINITIVE CONTRACT,,,,,,,R,COST PLUS AWARD FEE,PSA EXECUTION FOR LCS SHIPS IN MAYPORT HOMEPORT,N0002416R2302,1,,,1905,COMBAT SHIPS AND LANDING VESSELS,D,NOT A BUNDLED REQUIREMENT,A3,SHIPS,336611,SHIP BUILDING AND REPAIRING,C,NO CLAUSES INCLUDED AND NO SUSTAINABILITY INCLUDED,C,FOREIGN-OWNED BUSINESS INCORPORATED IN THE U.S.,374,LCS,Z,NOT IT PRODUCTS OR SERVICES,E,NOT REQUIRED,USA,UNITED STATES,D,MFG IN U.S.,F,INDIVIDUAL SUBCONTRACT PLAN,A,FULL AND OPEN COMPETITION,NP,NEGOTIATED PROPOSAL/QUOTE,NONE,NO SET ASIDE USED.,NONE,NO PREFERENCE USED,,,,,,,1,D,COMMERCIAL PRODUCTS/SERVICES PROCEDURES NOT USED,f,N,NO,N,NO,Y,YES,N,NO,0.00,N,NO,Y,YES,N,NO,X,NOT APPLICABLE,X,NOT APPLICABLE,,,,,,,,NONE,NONE,Y,YES,Y,YES - CAS CLAUSE INCLUDED,Y,TRANSACTION USES GFE/GFP,Y,YES,N,NO,X,NOT APPLICABLE,N,NO,Z,NOT APPLICABLE,N,NO,X,NOT APPLICABLE,f,f,f,f,f,f,f,f,f,f,f,f,f,f,f,f,f,f,f,OTHER THAN SMALL BUSINESS,O,f,f,f,f,f,f,f,f,f,f,f,f,f,f,f,f,f,CORPORATE NOT TAX EXEMPT,t,f,f,f,f,f,f,f,f,f,f,f,f,f,f,f,f,t,f,f,f,f,f,f,f,f,t,f,t,f,f,f,f,f,f,f,f,f,f,f,f,f,f,f,f,f,f,f,f,f,THOMAS A ARSENEAULT,4190743.00,ALICE  ELDRIDGE,1585776.00,JEREMY  TONDREAULT,1273143.00,MICHELLE  MURPHY,1118360.00,GUY  MONTMINY,1334868.00,https://www.usaspending.gov/award/CONT_AWD_N0002416C2302_9700_-NONE-_-NONE-/,2023-07-11 13:27:07+00
CONT_AWD_N0002420C4401_9700_-NONE-_-NONE-,N0002420C4401,,,,N: Emergency P.L. 116-136;Q: Not Designated Nonemergency/Emergency/Disaster/Wildfire Suppression,0,17963241.39,,,77165881.02,21159863.46,77165881.02,77574708.02,2020-07-31,2020,2023-07-12,2023,2020-07-31,2022-09-09,2022-09-09 00:00:00,,2020-03-26,097,Department of Defense,1700,Department of the Navy,N55236,SOUTHWEST REGIONAL MAINT CENTER,097,Department of Defense,1700,Department of the Navy,N55262,SOUTHWEST REGIONAL MAINT CTR - AIM,017-2020/2020-1804-000;017-2020/2022-1810-000;017-2021/2021-1804-000;017-2021/2023-1810-000;017-2022/2022-1804-000,017-1804;017-1810,25.1: Advisory and assistance services;25.2: Other services from non-Federal sources;25.7: Operation and maintenance of equipment,0001: OPERATING FORCES;0001: SUPPORT VEHICLES AND EQUIPMENT;0004: ADMINISTRATION AND SERVICE-WIDE ACTIVITIES;0801: REIMBURSABLE;OPTN: FIELD IS OPTIONAL PRIOR TO FY21,X,NOT APPLICABLE,,,Q85KVUK3JBF5,,NATIONAL STEEL AND SHIPBUILDING COMPANY,NATIONAL STEEL AND SHIPBUILDING COMPANY,,81220,VF58HFRNGEL8,,GENERAL DYNAMICS CORP,GENERAL DYNAMICS CORPORATION,USA,UNITED STATES,2798 E HARBOR DR,,SAN DIEGO,06073,SAN DIEGO,06,CA,CALIFORNIA,921133650,CA-52,CA-52,6195443523,6195447633,USA,UNITED STATES,SAN DIEGO,06073,SAN DIEGO,06,CA,CALIFORNIA,921133650,CA-52,CA-52,AWARD,D,DEFINITIVE CONTRACT,,,,,,,J,FIRM FIXED PRICE,USS LAKE ERIE SELECTED RESTRICTED AVAILABILITY (SRA),N0002420R4401,1,CT,CRITICAL FUNCTIONS,J999,NON-NUCLEAR SHIP REPAIR (WEST),H,NOT BUNDLED,A3,SHIPS,336611,SHIP BUILDING AND REPAIRING,C,NO CLAUSES INCLUDED AND NO SUSTAINABILITY INCLUDED,A,U.S. OWNED BUSINESS,000,NONE,Z,NOT IT PRODUCTS OR SERVICES,E,NOT REQUIRED,USA,UNITED STATES,C,NOT A MANUFACTURED END PRODUCT,F,INDIVIDUAL SUBCONTRACT PLAN,A,FULL AND OPEN COMPETITION,NP,NEGOTIATED PROPOSAL/QUOTE,NONE,NO SET ASIDE USED.,NONE,NO PREFERENCE USED,,,,,,,3,D,COMMERCIAL PRODUCTS/SERVICES PROCEDURES NOT USED,f,N,NO,N,NO,Y,YES,N,NO,0.00,N,NO,Y,YES,X,NOT APPLICABLE,X,NOT APPLICABLE,X,NOT APPLICABLE,,,,,,,,NONE,NONE,N,NO,X,NOT APPLICABLE EXEMPT FROM CAS,Y,TRANSACTION USES GFE/GFP,N,NO,D,NOT CONSOLIDATED,N,NO - SERVICE WHERE PBA IS NOT USED.,N,NO,C,PERCENTAGE OF COMPLETION PROGRESS PAYMENTS,N,NO,X,NOT APPLICABLE,f,f,f,f,f,f,f,f,f,f,f,f,f,f,f,f,f,f,f,OTHER THAN SMALL BUSINESS,O,f,f,f,f,f,f,f,f,f,f,f,f,f,f,f,f,f,CORPORATE NOT TAX EXEMPT,t,f,f,f,f,f,f,f,f,f,f,f,t,f,f,f,f,t,f,f,f,f,f,f,f,f,f,f,t,f,f,f,f,f,f,f,f,f,f,f,f,f,f,f,f,f,f,f,f,f,DAVID J CARVER,986923.00,STEVE  DAVISON,537307.00,DEBORA  BURKE,501923.00,PETER  BOLLENBECKER,528270.00,DAVID  BAKER,507308.00,https://www.usaspending.gov/award/CONT_AWD_N0002420C4401_9700_-NONE-_-NONE-/,2023-07-12 16:41:31+00
CONT_AWD_N0003015C0037_9700_-NONE-_-NONE-,N0003015C0037,,,,,,,,,6465883.50,,6465883.50,6465883.50,2015-09-30,2015,2023-07-14,2023,2015-09-30,2020-06-30,2020-06-30 00:00:00,,,097,Department of Defense,9763,Defense Contract Management Agency,S1002A,DCMA SOUTHEAST,097,Department of Defense,1700,Department of the Navy,N00030,PAE STRATEGIC SYSTEMS PROGRAMS,,,,,X,NOT APPLICABLE,,,QCJNUT2JTAW9,,"NORTHROP GRUMMAN TECHNICAL SERVICES, INC.","NORTHROP GRUMMAN TECHNICAL SERVICES, INC.",,0JRC1,NKVZLJL93QT6,,NORTHROP GRUMMAN CORPORATION,NORTHROP GRUMMAN CORPORATION,USA,UNITED STATES,7575 COLSHIRE DR,,MCLEAN,51059,FAIRFAX,51,VA,VIRGINIA,221027508,VA-08,VA-11,7037134096,7037134955,USA,UNITED STATES,HERNDON,51059,FAIRFAX,51,VA,VIRGINIA,201706008,VA-11,VA-11,AWARD,D,DEFINITIVE CONTRACT,,,,,,,U,COST PLUS FIXED FEE,IGF::OT::IGF REENTRY SURVIVABILITY ASSESSMENT&EVAL,N0003015T0037,1,OT,OTHER FUNCTIONS,L010,TECHNICAL REPRESENTATIVE- WEAPONS,D,NOT A BUNDLED REQUIREMENT,A2,MISSILE AND SPACE SYSTEMS,541330,ENGINEERING SERVICES,C,NO CLAUSES INCLUDED AND NO SUSTAINABILITY INCLUDED,A,U.S. OWNED BUSINESS,178,TRIDENT II MISSILE,Z,NOT IT PRODUCTS OR SERVICES,E,NOT REQUIRED,USA,UNITED STATES,C,NOT A MANUFACTURED END PRODUCT,F,INDIVIDUAL SUBCONTRACT PLAN,C,NOT COMPETED,SSS,ONLY ONE SOURCE,NONE,NO SET ASIDE USED.,NONE,NO PREFERENCE USED,,,,,NS,NATIONAL SECURITY (FAR 6.302-6),1,D,COMMERCIAL PRODUCTS/SERVICES PROCEDURES NOT USED,f,N,NO,N,NO,Y,YES,N,NO,0.00,N,NO,X,NOT APPLICABLE,X,NOT APPLICABLE,X,NOT APPLICABLE,X,NOT APPLICABLE,,,,,,,,NONE,NONE,Y,YES,Y,YES - CAS CLAUSE INCLUDED,N,TRANSACTION DOES NOT USE GFE/GFP,U,UNKNOWN,N,NO,N,NO - SERVICE WHERE PBA IS NOT USED.,N,NO,Z,NOT APPLICABLE,N,NO,X,NOT APPLICABLE,f,f,f,f,f,f,f,f,f,f,f,f,f,f,f,f,f,f,f,OTHER THAN SMALL BUSINESS,O,f,f,f,f,f,f,f,f,f,f,f,f,f,f,f,f,f,CORPORATE NOT TAX EXEMPT,t,f,f,f,f,f,f,f,f,f,f,f,t,f,f,f,f,t,f,f,f,f,f,f,f,f,f,f,t,f,f,f,f,f,f,f,f,f,f,f,f,f,f,f,f,f,f,f,f,f,,,,,,,,,,,https://www.usaspending.gov/award/CONT_AWD_N0003015C0037_9700_-NONE-_-NONE-/,2023-07-14 14:13:50+00
CONT_AWD_N0003313C5303_9700_-NONE-_-NONE-,N0003313C5303,,,,,,,,,135836482.87,,135836482.87,135836482.87,2013-06-20,2013,2023-07-11,2023,2013-06-20,2022-06-30,2022-06-30 00:00:00,,,097,Department of Defense,1700,Department of the Navy,N32205,MSCHQ NORFOLK,097,Department of Defense,1700,Department of the Navy,N32205,MSCHQ NORFOLK,,,,,X,NOT APPLICABLE,,,VANJSRE1BJ77,,"SEAWARD SERVICES, INC.","SEAWARD SERVICES, INC.",,43964,VANJSRE1BJ77,,"SEAWARD SERVICES, INC.",SEAWARD SERVICES  INC.,USA,UNITED STATES,"222 PEARL STREET, 3RD FLOOR",,NEW ALBANY,18043,FLOYD,18,IN,INDIANA,471503468,IN-09,IN-09,8122072649,8122072648,USA,UNITED STATES,NEW ALBANY,18043,FLOYD,18,IN,INDIANA,471503468,IN-09,IN-09,AWARD,D,DEFINITIVE CONTRACT,,,,,,,J,FIRM FIXED PRICE,FY13 GUAM INDUSTRIAL ASSISTANCE,N0003312R5302,1,OT,OTHER FUNCTIONS,V124,TRANSPORTATION/TRAVEL/RELOCATION- TRANSPORTATION: MARINE CHARTER,D,NOT A BUNDLED REQUIREMENT,S1,SERVICES,483112,DEEP SEA PASSENGER TRANSPORTATION,C,NO CLAUSES INCLUDED AND NO SUSTAINABILITY INCLUDED,A,U.S. OWNED BUSINESS,000,NONE,Z,NOT IT PRODUCTS OR SERVICES,E,NOT REQUIRED,USA,UNITED STATES,C,NOT A MANUFACTURED END PRODUCT,B,PLAN NOT REQUIRED,A,FULL AND OPEN COMPETITION,NP,NEGOTIATED PROPOSAL/QUOTE,NONE,NO SET ASIDE USED.,NONE,NO PREFERENCE USED,,,,,,,6,D,COMMERCIAL PRODUCTS/SERVICES PROCEDURES NOT USED,f,N,NO,N,NO,Y,YES,N,NO,0.00,N,NO,N,NO,Y,YES,N,NO,X,NOT APPLICABLE,,,,,,,,NONE,NONE,N,NO,X,NOT APPLICABLE EXEMPT FROM CAS,Y,TRANSACTION USES GFE/GFP,Y,YES,N,NO,Y,YES - SERVICE WHERE PBA IS USED.,N,NO,Z,NOT APPLICABLE,N,NO,X,NOT APPLICABLE,f,f,f,f,f,f,f,f,f,f,f,f,f,f,f,f,f,f,f,SMALL BUSINESS,S,f,f,f,f,f,f,f,f,f,f,f,f,f,f,f,f,f,OTHER,f,f,f,f,f,f,f,f,f,f,f,f,f,f,f,f,f,t,f,f,f,f,f,f,f,t,f,f,t,f,f,f,f,f,f,f,f,f,f,f,f,f,f,f,f,f,f,f,f,f,JOHN  KEEVER,175000.00,TROY  THOMPSON,135000.00,BRYAN  DORE,120000.00,JAY  RUDOMETKIN,120000.00,MARK  STROUT,120000.00,https://www.usaspending.gov/award/CONT_AWD_N0003313C5303_9700_-NONE-_-NONE-/,2023-07-11 12:17:09+00
CONT_AWD_N0010419CK018_9700_-NONE-_-NONE-,N0010419CK018,,,,,,,,,268583.42,0.00,268583.42,268583.42,2018-11-05,2019,2023-07-11,2023,2018-11-05,2024-02-20,2024-02-20 00:00:00,,2018-02-02,097,Department of Defense,1700,Department of the Navy,N00104,NAVSUP WEAPON SYSTEMS SUPPORT MECH,097,Department of Defense,1700,Department of the Navy,N00174,NSWC INDIAN HEAD DIVISION,017-2017/2019-1508-000;017-2018/2019-1319-000;017-2018/2020-1508-000;017-2019/2021-1508-000,017-1319;017-1508,26.0: Supplies and materials,,A,FOREIGN FUNDS FMS,,,LT9GG9AL9445,,ROCKWELL COLLINS INC,"UNIVERSAL PROPULSION COMPANY, INC.",,17610,PPLZG8J3N9D4,,RTX CORP,UNIVERSAL PROPULSION COMPANY  INC.,USA,UNITED STATES,3530 BRANSCOMBE RD,,FAIRFIELD,06095,SOLANO,06,CA,CALIFORNIA,94533,CA-08,CA-08,7077203682,,USA,UNITED STATES,FAIRFIELD,06095,SOLANO,06,CA,CALIFORNIA,945330659,CA-08,CA-08,AWARD,D,DEFINITIVE CONTRACT,,,,,,,J,FIRM FIXED PRICE,"M647 CARTRIDGE, IMPULSE ANEROID",N0010418RK026,1,,,1377,CARTRIDGE AND PROPELLANT ACTUATED DEVICES AND COMPONENTS,H,NOT BUNDLED,A6,AMMUNITION,325920,EXPLOSIVES MANUFACTURING,C,NO CLAUSES INCLUDED AND NO SUSTAINABILITY INCLUDED,A,U.S. OWNED BUSINESS,000,NONE,Z,NOT IT PRODUCTS OR SERVICES,A,MEETS REQUIREMENTS,USA,UNITED STATES,D,MFG IN U.S.,B,PLAN NOT REQUIRED,C,NOT COMPETED,SSS,ONLY ONE SOURCE,NONE,NO SET ASIDE USED.,NONE,NO PREFERENCE USED,,,,,ONE,ONLY ONE SOURCE-OTHER (FAR 6.302-1 OTHER),1,D,COMMERCIAL PRODUCTS/SERVICES PROCEDURES NOT USED,f,N,NO,N,NO,Y,YES,N,NO,0.00,N,NO,Y,YES,N,NO,N,NO,X,NOT APPLICABLE,,,,,,,,NONE,NONE,Y,YES,X,NOT APPLICABLE EXEMPT FROM CAS,N,TRANSACTION DOES NOT USE GFE/GFP,U,UNKNOWN,D,NOT CONSOLIDATED,X,NOT APPLICABLE,N,NO,Z,NOT APPLICABLE,N,NO,X,NOT APPLICABLE,f,f,f,f,f,f,f,f,f,f,f,f,f,f,f,f,f,f,f,OTHER THAN SMALL BUSINESS,O,f,f,f,f,f,f,f,f,f,f,f,f,f,f,f,f,f,CORPORATE NOT TAX EXEMPT,t,f,f,f,f,f,f,f,f,f,f,f,t,f,f,f,f,t,f,f,f,f,f,f,f,f,f,f,t,f,f,f,f,f,f,f,f,f,f,f,f,f,f,f,f,f,f,f,f,f,,,,,,,,,,,https://www.usaspending.gov/award/CONT_AWD_N0010419CK018_9700_-NONE-_-NONE-/,2023-07-11 15:54:39+00
CONT_AWD_N0010420CK047_9700_-NONE-_-NONE-,N0010420CK047,,,,Q: Not Designated Nonemergency/Emergency/Disaster/Wildfire Suppression,,,,,2941049.22,0.00,2580881.73,2580881.73,2020-06-18,2020,2023-07-03,2023,2020-06-18,2023-07-03,2023-07-03 00:00:00,,2019-07-11,097,Department of Defense,1700,Department of the Navy,N00104,NAVSUP WEAPON SYSTEMS SUPPORT MECH,097,Department of Defense,1700,Department of the Navy,N00174,NSWC INDIAN HEAD DIVISION,017-2020/2022-1508-000,017-1508,26.0: Supplies and materials,,X,NOT APPLICABLE,,,JJ8GAYKMHZU9,,MARTIN-BAKER AIRCRAFT COMPANY LIMITED,MARTIN-BAKER AIRCRAFT CO LTD,,U1604,C5Y2RMBLW4H7,,KILLINCHY AEROSPACE HOLDINGS LIMITED,KILLINCHY AEROSPACE HOLDINGS LIMITED,GBR,UNITED KINGDOM,LOWER ROAD,,UXBRIDGE,,,,,,UB9 5AJ,,,,,GBR,UNITED KINGDOM,,,,,,,,,,AWARD,D,DEFINITIVE CONTRACT,,,,,,,J,FIRM FIXED PRICE,"DODIC: WB15, WB16",N0010419RK154,1,,,1377,CARTRIDGE AND PROPELLANT ACTUATED DEVICES AND COMPONENTS,H,NOT BUNDLED,A6,AMMUNITION,325920,EXPLOSIVES MANUFACTURING,C,NO CLAUSES INCLUDED AND NO SUSTAINABILITY INCLUDED,D,FOREIGN-OWNED BUSINESS NOT INCORPORATED IN THE U.S.,000,NONE,Z,NOT IT PRODUCTS OR SERVICES,E,NOT REQUIRED,GBR,UNITED KINGDOM,L,MFG OUTSIDE U.S. - QUALIFYING COUNTRY (DOD ONLY),B,PLAN NOT REQUIRED,C,NOT COMPETED,SSS,ONLY ONE SOURCE,NONE,NO SET ASIDE USED.,NONE,NO PREFERENCE USED,,,,,ONE,ONLY ONE SOURCE-OTHER (FAR 6.302-1 OTHER),1,D,COMMERCIAL PRODUCTS/SERVICES PROCEDURES NOT USED,f,N,NO,N,NO,Y,YES,N,NO,0.00,N,NO,X,NOT APPLICABLE,X,NOT APPLICABLE,X,NOT APPLICABLE,X,NOT APPLICABLE,,,,,,,,NONE,NONE,N,NO,Y,YES - CAS CLAUSE INCLUDED,N,TRANSACTION DOES NOT USE GFE/GFP,U,UNKNOWN,D,NOT CONSOLIDATED,X,NOT APPLICABLE,N,NO,Z,NOT APPLICABLE,N,NO,X,NOT APPLICABLE,f,f,f,f,f,f,f,f,f,f,f,f,f,f,f,f,f,f,f,OTHER THAN SMALL BUSINESS,O,f,f,f,f,f,f,f,f,f,f,f,f,f,f,f,f,f,INTERNATIONAL ORG,f,f,f,f,f,t,f,f,f,f,f,f,f,f,f,f,f,t,f,f,f,f,f,f,f,f,f,t,t,f,f,f,f,f,f,f,f,f,f,f,f,f,f,f,f,f,f,f,f,f,,,,,,,,,,,https://www.usaspending.gov/award/CONT_AWD_N0010420CK047_9700_-NONE-_-NONE-/,2023-07-03 10:56:13+00
CONT_AWD_N0010422CK013_9700_-NONE-_-NONE-,N0010422CK013,,,,,,,,,4292244.61,,4292244.61,4292244.61,2021-12-20,2022,2023-07-03,2023,2021-12-20,2023-08-10,2023-08-10 00:00:00,,2021-02-01,097,Department of Defense,1700,Department of the Navy,N00104,NAVSUP WEAPON SYSTEMS SUPPORT MECH,097,Department of Defense,1700,Department of the Navy,N00174,NSWC INDIAN HEAD DIVISION,,,,,B,FOREIGN FUNDS NON-FMS,,,JJ8GAYKMHZU9,,MARTIN-BAKER AIRCRAFT COMPANY LIMITED,MARTIN-BAKER AIRCRAFT CO LTD,,U1604,C5Y2RMBLW4H7,,KILLINCHY AEROSPACE HOLDINGS LIMITED,KILLINCHY AEROSPACE HOLDINGS LIMITED,GBR,UNITED KINGDOM,LOWER ROAD,,UXBRIDGE,,,,,,UB9 5AJ,,,,,GBR,UNITED KINGDOM,,,,,,,,,,AWARD,D,DEFINITIVE CONTRACT,,,,,,,J,FIRM FIXED PRICE,DODIC:  JN92,N0010421RK073,1,,,1377,CARTRIDGE AND PROPELLANT ACTUATED DEVICES AND COMPONENTS,H,NOT BUNDLED,A6,AMMUNITION,325920,EXPLOSIVES MANUFACTURING,C,NO CLAUSES INCLUDED AND NO SUSTAINABILITY INCLUDED,D,FOREIGN-OWNED BUSINESS NOT INCORPORATED IN THE U.S.,000,NONE,Z,NOT IT PRODUCTS OR SERVICES,E,NOT REQUIRED,GBR,UNITED KINGDOM,L,MFG OUTSIDE U.S. - QUALIFYING COUNTRY (DOD ONLY),B,PLAN NOT REQUIRED,C,NOT COMPETED,SSS,ONLY ONE SOURCE,NONE,NO SET ASIDE USED.,NONE,NO PREFERENCE USED,,,,,ONE,ONLY ONE SOURCE-OTHER (FAR 6.302-1 OTHER),1,D,COMMERCIAL PRODUCTS/SERVICES PROCEDURES NOT USED,f,N,NO,N,NO,Y,YES,N,NO,0.00,N,NO,X,NOT APPLICABLE,X,NOT APPLICABLE,X,NOT APPLICABLE,X,NOT APPLICABLE,,,,,,,,NONE,NONE,N,NO,Y,YES - CAS CLAUSE INCLUDED,N,TRANSACTION DOES NOT USE GFE/GFP,U,UNKNOWN,D,NOT CONSOLIDATED,X,NOT APPLICABLE,N,NO,Z,NOT APPLICABLE,N,NO,X,NOT APPLICABLE,f,f,f,f,f,f,f,f,f,f,f,f,f,f,f,f,f,f,f,OTHER THAN SMALL BUSINESS,O,f,f,f,f,f,f,f,f,f,f,f,f,f,f,f,f,f,INTERNATIONAL ORG,f,f,f,f,f,t,f,f,f,f,f,f,f,f,f,f,f,t,f,f,f,f,f,f,f,f,f,t,t,f,f,f,f,f,f,f,f,f,f,f,f,f,f,f,f,f,f,f,f,f,,,,,,,,,,,https://www.usaspending.gov/award/CONT_AWD_N0010422CK013_9700_-NONE-_-NONE-/,2023-07-03 13:16:40+00
CONT_AWD_N0010422CK024_9700_-NONE-_-NONE-,N0010422CK024,,,,,,,,,552825.00,,183708.00,183708.00,2022-07-08,2022,2023-07-13,2023,2022-07-08,2023-10-31,2023-10-31 00:00:00,,2021-12-17,097,Department of Defense,1700,Department of the Navy,N00104,NAVSUP WEAPON SYSTEMS SUPPORT MECH,097,Department of Defense,1700,Department of the Navy,N00174,NSWC INDIAN HEAD DIVISION,,,,,X,NOT APPLICABLE,,,TUNPLDSDV534,,EAGLEPICHER TECHNOLOGIES LLC,"EAGLEPICHER TECHNOLOGIES, LLC",,81855,K5A6XW1GB5S8,,VECTRA CO.,OM GROUP  INC.,USA,UNITED STATES,1215 W C ST,,JOPLIN,29097,JASPER,29,MO,MISSOURI,648012816,MO-07,MO-07,4172081435,4176807398,USA,UNITED STATES,JOPLIN,29097,JASPER,29,MO,MISSOURI,648012816,MO-07,MO-07,AWARD,D,DEFINITIVE CONTRACT,,,,,,,J,FIRM FIXED PRICE,DODIC: EY28,N0010422RK010,1,,,1377,CARTRIDGE AND PROPELLANT ACTUATED DEVICES AND COMPONENTS,H,NOT BUNDLED,A6,AMMUNITION,325920,EXPLOSIVES MANUFACTURING,C,NO CLAUSES INCLUDED AND NO SUSTAINABILITY INCLUDED,A,U.S. OWNED BUSINESS,000,NONE,Z,NOT IT PRODUCTS OR SERVICES,A,MEETS REQUIREMENTS,USA,UNITED STATES,D,MFG IN U.S.,B,PLAN NOT REQUIRED,C,NOT COMPETED,SSS,ONLY ONE SOURCE,NONE,NO SET ASIDE USED.,NONE,NO PREFERENCE USED,,,,,ONE,ONLY ONE SOURCE-OTHER (FAR 6.302-1 OTHER),1,D,COMMERCIAL PRODUCTS/SERVICES PROCEDURES NOT USED,f,N,NO,N,NO,Y,YES,N,NO,0.00,N,NO,Y,YES,N,NO,N,NO,X,NOT APPLICABLE,,,,,,,,NONE,NONE,N,NO,X,NOT APPLICABLE EXEMPT FROM CAS,N,TRANSACTION DOES NOT USE GFE/GFP,U,UNKNOWN,D,NOT CONSOLIDATED,X,NOT APPLICABLE,N,NO,Z,NOT APPLICABLE,N,NO,X,NOT APPLICABLE,f,f,f,f,f,f,f,f,f,f,f,f,f,f,f,f,f,f,f,OTHER THAN SMALL BUSINESS,O,f,f,f,f,f,f,f,f,f,f,f,f,f,f,f,f,f,CORPORATE NOT TAX EXEMPT,t,f,f,f,f,f,f,f,f,f,f,f,t,f,f,f,f,t,f,f,f,f,f,f,f,f,t,f,t,f,f,f,f,f,f,f,f,f,f,f,f,f,f,f,f,f,f,f,f,f,KURT  BRUENNING,944504.00,RICH  HUNTER,587311.00,NATE  RYNAS,325618.00,JON  BAGROSKY,318929.00,GEORGE  CINTRA,313829.00,https://www.usaspending.gov/award/CONT_AWD_N0010422CK024_9700_-NONE-_-NONE-/,2023-07-13 14:58:27+00
CONT_AWD_N0010423CLA0F_9700_-NONE-_-NONE-,N0010423CLA0F,,,,,,,,,702000.00,,702000.00,702000.00,2023-07-14,2023,2023-07-14,2023,2023-07-14,2025-01-09,2025-01-09 00:00:00,,2023-06-23,097,Department of Defense,1700,Department of the Navy,N00104,NAVSUP WEAPON SYSTEMS SUPPORT MECH,097,Department of Defense,1700,Department of the Navy,N00104,NAVSUP WEAPON SYSTEMS SUPPORT MECH,,,,,X,NOT APPLICABLE,,,HSV2N9ACRTJ6,,EMERSON AUTOMATION SOLUTIONS FINAL CONTROL US LP,EMERSON AUTOMATION SOLUTIONS FINAL CONTROL US LP,,15187,MKRBJA6JXXS7,,EMERSON ELECTRIC CO,EMERSON AUTOMATION SOLUTIONS FINAL CONTROL US LP,USA,UNITED STATES,55 CABOT BLVD,,MANSFIELD,25005,BRISTOL,25,MA,MASSACHUSETTS,020481137,MA-04,MA-04,5085944420,5085944299,USA,UNITED STATES,MANSFIELD,25005,BRISTOL,25,MA,MASSACHUSETTS,020481137,MA-04,MA-04,AWARD,D,DEFINITIVE CONTRACT,,,,,,,J,FIRM FIXED PRICE,"VALVE,SAFETY RELIEF",N0010422QLE18,1,,,4820,"VALVES, NONPOWERED",H,NOT BUNDLED,,,335999,ALL OTHER MISCELLANEOUS ELECTRICAL EQUIPMENT AND COMPONENT MANUFACTURING,C,NO CLAUSES INCLUDED AND NO SUSTAINABILITY INCLUDED,A,U.S. OWNED BUSINESS,000,NONE,Z,NOT IT PRODUCTS OR SERVICES,E,NOT REQUIRED,USA,UNITED STATES,D,MFG IN U.S.,A,PLAN NOT INCLUDED - NO SUBCONTRACTING POSSIBILITIES,C,NOT COMPETED,SSS,ONLY ONE SOURCE,NONE,NO SET ASIDE USED.,NONE,NO PREFERENCE USED,,,,,ONE,ONLY ONE SOURCE-OTHER (FAR 6.302-1 OTHER),1,A,COMMERCIAL PRODUCTS/SERVICES,f,N,NO,,,Y,YES,N,NO,0.00,Y,YES,X,NOT APPLICABLE,N,NO,X,NOT APPLICABLE,X,NOT APPLICABLE,,,,,,,,NONE,NONE,N,NO,X,NOT APPLICABLE EXEMPT FROM CAS,N,TRANSACTION DOES NOT USE GFE/GFP,,,D,NOT CONSOLIDATED,X,NOT APPLICABLE,N,NO,Z,NOT APPLICABLE,N,NO,X,NOT APPLICABLE,f,f,f,f,f,f,f,f,f,f,f,f,f,f,f,f,f,f,f,OTHER THAN SMALL BUSINESS,O,f,f,f,f,f,f,f,f,f,f,f,f,f,f,f,f,f,PARTNERSHIP,f,f,t,f,f,f,f,f,f,f,f,f,t,f,f,f,f,t,f,f,f,f,f,f,f,f,f,f,t,f,f,f,f,f,f,f,f,f,f,f,f,f,f,f,f,f,f,f,f,f,,,,,,,,,,,https://www.usaspending.gov/award/CONT_AWD_N0010423CLA0F_9700_-NONE-_-NONE-/,2023-07-24 07:13:42+00
CONT_AWD_N0010423CZA08_9700_-NONE-_-NONE-,N0010423CZA08,,,,,,,,,1231812.24,,1231812.24,1231812.24,2023-03-31,2023,2023-07-11,2023,2023-03-31,2024-05-24,2024-05-24 00:00:00,,2023-01-07,097,Department of Defense,9763,Defense Contract Management Agency,S2206A,DCMA NORTHEAST,097,Department of Defense,1700,Department of the Navy,N00104,NAVSUP WEAPON SYSTEMS SUPPORT MECH,,,,,X,NOT APPLICABLE,,,G45GNP4ARKJ3,,PROTERIAL CABLE AMERICA INC,HITACHI CABLE AMERICA INC.,HIGH PERFORMANCE MEDICAL SOLUTIONS,79N81,FLU4K8MGMZX7,,"HITACHI, LTD.",HITACHI CABLE AMERICA INC.,USA,UNITED STATES,15 GRAY LN STE 201,,ASHAWAY,44009,WASHINGTON,44,RI,RHODE ISLAND,028041210,RI-02,RI-02,4013152766,4013152012,USA,UNITED STATES,ASHAWAY,44009,WASHINGTON,44,RI,RHODE ISLAND,028041210,RI-02,RI-02,AWARD,D,DEFINITIVE CONTRACT,,,,,,,J,FIRM FIXED PRICE,"INTENSIFIER,PNUEMAT",N0010423RZA40,1,,,3010,TORQUE CONVERTERS AND SPEED CHANGERS,H,NOT BUNDLED,,,333612,"SPEED CHANGER, INDUSTRIAL HIGH-SPEED DRIVE, AND GEAR MANUFACTURING",C,NO CLAUSES INCLUDED AND NO SUSTAINABILITY INCLUDED,C,FOREIGN-OWNED BUSINESS INCORPORATED IN THE U.S.,000,NONE,Z,NOT IT PRODUCTS OR SERVICES,E,NOT REQUIRED,USA,UNITED STATES,D,MFG IN U.S.,F,INDIVIDUAL SUBCONTRACT PLAN,C,NOT COMPETED,SSS,ONLY ONE SOURCE,NONE,NO SET ASIDE USED.,NONE,NO PREFERENCE USED,,,,,UNQ,UNIQUE SOURCE (FAR 6.302-1(B)(1)),1,D,COMMERCIAL PRODUCTS/SERVICES PROCEDURES NOT USED,f,N,NO,,,Y,YES,N,NO,0.00,N,NO,Y,YES,N,NO,X,NOT APPLICABLE,X,NOT APPLICABLE,,,,,,,,NONE,NONE,N,NO,X,NOT APPLICABLE EXEMPT FROM CAS,N,TRANSACTION DOES NOT USE GFE/GFP,,,D,NOT CONSOLIDATED,X,NOT APPLICABLE,N,NO,Z,NOT APPLICABLE,N,NO,X,NOT APPLICABLE,f,f,f,f,f,f,f,f,f,f,f,f,f,f,f,f,f,f,f,OTHER THAN SMALL BUSINESS,O,f,f,f,f,f,f,f,f,f,f,f,f,f,f,f,f,f,CORPORATE NOT TAX EXEMPT,t,f,f,f,f,f,f,f,f,f,f,f,t,f,f,f,f,t,f,f,f,f,f,f,f,f,f,t,t,f,f,f,f,f,f,f,f,f,f,f,f,f,f,f,f,f,f,f,f,f,,,,,,,,,,,https://www.usaspending.gov/award/CONT_AWD_N0010423CZA08_9700_-NONE-_-NONE-/,2023-07-28 16:19:44+00
CONT_AWD_N0016418CGM63_9700_-NONE-_-NONE-,N0016418CGM63,,,,,,,,,378980.00,,378980.00,378980.00,2018-09-14,2018,2023-07-03,2023,2018-09-14,2024-03-11,2024-03-11 00:00:00,,2018-04-16,097,Department of Defense,1700,Department of the Navy,N00164,NSWC CRANE,097,Department of Defense,97F5,Washington Headquarters Services,HQ0642,WASHINGTON HEADQUARTERS SERVICES,,,,,X,NOT APPLICABLE,,,PVQBNRS3N6J4,,"HITACHI HIGH-TECH AMERICA, INC.","HITACHI HIGH TECHNOLOGIES AMERICA, INC.",,6WR65,FLU4K8MGMZX7,,"HITACHI, LTD.",HITACHI HIGH TECHNOLOGIES AMERICA  INC.,USA,UNITED STATES,1375 N 28TH AVE,,DALLAS,48113,DALLAS,48,TX,TEXAS,75261,TX-24,TX-24,3012502594,,USA,UNITED STATES,DALLAS,48113,DALLAS,48,TX,TEXAS,752610005,TX-33,TX-24,AWARD,D,DEFINITIVE CONTRACT,,,,,,,J,FIRM FIXED PRICE,HITACHI SU5000 FIELD EMISSION SCANNING ELECTRON MICROSCOPE FOR TRUSTED ASSURED MICROELECTRONICS PROGRAMS.,N0016418Q0106,1,,,6640,LABORATORY EQUIPMENT AND SUPPLIES,H,NOT BUNDLED,C9C,PHOTOGRAPHIC EQUIPMENT AND SUPPLIES,334516,ANALYTICAL LABORATORY INSTRUMENT MANUFACTURING,C,NO CLAUSES INCLUDED AND NO SUSTAINABILITY INCLUDED,C,FOREIGN-OWNED BUSINESS INCORPORATED IN THE U.S.,000,NONE,Z,NOT IT PRODUCTS OR SERVICES,A,MEETS REQUIREMENTS,USA,UNITED STATES,D,MFG IN U.S.,B,PLAN NOT REQUIRED,F,COMPETED UNDER SAP,SP1,SIMPLIFIED ACQUISITION,NONE,NO SET ASIDE USED.,NONE,NO PREFERENCE USED,,,,,,,3,A,COMMERCIAL PRODUCTS/SERVICES,f,Y,YES,N,NO,Y,YES,N,NO,0.00,N,NO,X,NOT APPLICABLE,X,NOT APPLICABLE,X,NOT APPLICABLE,X,NOT APPLICABLE,,,,,,,,NONE,NONE,N,NO,X,NOT APPLICABLE EXEMPT FROM CAS,N,TRANSACTION DOES NOT USE GFE/GFP,U,UNKNOWN,D,NOT CONSOLIDATED,X,NOT APPLICABLE,N,NO,Z,NOT APPLICABLE,N,NO,X,NOT APPLICABLE,f,f,f,f,f,f,f,f,f,f,f,f,f,f,f,f,f,f,f,OTHER THAN SMALL BUSINESS,O,f,f,f,f,f,f,f,f,f,f,f,f,f,f,f,f,f,CORPORATE NOT TAX EXEMPT,t,f,f,f,f,f,f,f,f,f,f,f,f,f,f,f,f,t,f,f,f,f,f,f,f,f,f,t,t,f,f,f,f,f,f,f,f,f,f,f,f,f,f,f,f,f,f,f,f,f,,,,,,,,,,,https://www.usaspending.gov/award/CONT_AWD_N0016418CGM63_9700_-NONE-_-NONE-/,2023-07-03 15:37:25+00
CONT_AWD_N0016419CGM68_9700_-NONE-_-NONE-,N0016419CGM68,,,,,,,,,695000.00,,695000.00,695000.00,2019-03-29,2019,2023-07-03,2023,2019-03-29,2020-03-29,2020-03-29 00:00:00,,2019-02-26,097,Department of Defense,1700,Department of the Navy,N00164,NSWC CRANE,097,Department of Defense,1700,Department of the Navy,N00164,NSWC CRANE,,,,,X,NOT APPLICABLE,,,PVQBNRS3N6J4,,"HITACHI HIGH-TECH AMERICA, INC.","HITACHI HIGH TECHNOLOGIES AMERICA, INC.",,6WR65,FLU4K8MGMZX7,,"HITACHI, LTD.",HITACHI HIGH TECHNOLOGIES AMERICA  INC.,USA,UNITED STATES,1375 N 28TH AVE,,DALLAS,48113,DALLAS,48,TX,TEXAS,75261,TX-24,TX-24,3012502594,,USA,UNITED STATES,CLARKSBURG,24021,FREDERICK,24,MD,MARYLAND,208718512,MD-06,MD-06,AWARD,D,DEFINITIVE CONTRACT,,,,,,,J,FIRM FIXED PRICE,VARIABLE PRESSURE FIELD EMISSION SCANNING ELECTRON MICROSCOPE,N0016419QGM68,1,,,6650,"OPTICAL INSTRUMENTS, TEST EQUIPMENT, COMPONENTS AND ACCESSORIES",H,NOT BUNDLED,A7,ELECTRONICS AND COMMUNICATION EQUIPMENT,334516,ANALYTICAL LABORATORY INSTRUMENT MANUFACTURING,C,NO CLAUSES INCLUDED AND NO SUSTAINABILITY INCLUDED,C,FOREIGN-OWNED BUSINESS INCORPORATED IN THE U.S.,000,NONE,Z,NOT IT PRODUCTS OR SERVICES,A,MEETS REQUIREMENTS,JPN,JAPAN,L,MFG OUTSIDE U.S. - QUALIFYING COUNTRY (DOD ONLY),B,PLAN NOT REQUIRED,F,COMPETED UNDER SAP,SP1,SIMPLIFIED ACQUISITION,NONE,NO SET ASIDE USED.,NONE,NO PREFERENCE USED,,,,,,,3,A,COMMERCIAL PRODUCTS/SERVICES,f,Y,YES,N,NO,Y,YES,N,NO,0.00,N,NO,X,NOT APPLICABLE,X,NOT APPLICABLE,X,NOT APPLICABLE,X,NOT APPLICABLE,,,,,,,,NONE,NONE,N,NO,X,NOT APPLICABLE EXEMPT FROM CAS,N,TRANSACTION DOES NOT USE GFE/GFP,U,UNKNOWN,D,NOT CONSOLIDATED,X,NOT APPLICABLE,N,NO,Z,NOT APPLICABLE,N,NO,X,NOT APPLICABLE,f,f,f,f,f,f,f,f,f,f,f,f,f,f,f,f,f,f,f,OTHER THAN SMALL BUSINESS,O,f,f,f,f,f,f,f,f,f,f,f,f,f,f,f,f,f,CORPORATE NOT TAX EXEMPT,t,f,f,f,f,f,f,f,f,f,f,f,f,f,f,f,f,t,f,f,f,f,f,f,f,f,f,t,t,f,f,f,f,f,f,f,f,f,f,f,f,f,f,f,f,f,f,f,f,f,,,,,,,,,,,https://www.usaspending.gov/award/CONT_AWD_N0016419CGM68_9700_-NONE-_-NONE-/,2023-07-03 14:31:22+00
CONT_AWD_N0017321C2016_9700_-NONE-_-NONE-,N0017321C2016,,,,,,,,,266399.00,,266399.00,1403674.00,2021-09-30,2021,2023-07-12,2023,2021-09-30,2022-09-29,2025-09-29 00:00:00,,2019-09-06,097,Department of Defense,1700,Department of the Navy,N00173,NAVAL RESEARCH LABORATORY,097,Department of Defense,1700,Department of the Navy,N00173,NAVAL RESEARCH LABORATORY,,,,,X,NOT APPLICABLE,,,SZPJL5ZRCLF4,,UNIVERSITY OF MISSOURI SYSTEM,UNIVERSITY OF MISSOURI SYSTEM,,9C156,LBFJB8N7LME3,,UNIVERSITY OF MISSOURI SYSTEM,UNIVERSITY OF MISSOURI SYSTEM,USA,UNITED STATES,316 UNIVERSITY HALL,,COLUMBIA,29019,BOONE,29,MO,MISSOURI,652113020,MO-04,MO-03,5738827560,5738844078,USA,UNITED STATES,COLUMBIA,29019,BOONE,29,MO,MISSOURI,652113020,MO-03,MO-03,AWARD,D,DEFINITIVE CONTRACT,,,,,,,S,COST NO FEE,STATEFUL OBJECT FEATURE CLUSTERING AND TRACKING FOR MODULAR PARALLEL ADVANCED VIDEO ACTIVITY ANALYTICS,,1,OT,OTHER FUNCTIONS,AC11,NATIONAL DEFENSE R&D SERVICES; DEPARTMENT OF DEFENSE - MILITARY; BASIC RESEARCH,H,NOT BUNDLED,C9E,ALL OTHERS NOT IDENTIFIABLE TO ANY OTHER PROCUREMENT PROGRAM,541715,"RESEARCH AND DEVELOPMENT IN THE PHYSICAL, ENGINEERING, AND LIFE SCIENCES (EXCEPT NANOTECHNOLOGY AND BIOTECHNOLOGY)",C,NO CLAUSES INCLUDED AND NO SUSTAINABILITY INCLUDED,A,U.S. OWNED BUSINESS,000,NONE,Z,NOT IT PRODUCTS OR SERVICES,E,NOT REQUIRED,USA,UNITED STATES,C,NOT A MANUFACTURED END PRODUCT,B,PLAN NOT REQUIRED,A,FULL AND OPEN COMPETITION,BR,BASIC RESEARCH,NONE,NO SET ASIDE USED.,NONE,NO PREFERENCE USED,,,,,,,1,D,COMMERCIAL PRODUCTS/SERVICES PROCEDURES NOT USED,f,N,NO,N,NO,N,NO,N,NO,0.00,N,NO,X,NOT APPLICABLE,X,NOT APPLICABLE,X,NOT APPLICABLE,X,NOT APPLICABLE,,,,,,,,NONE,NONE,N,NO,Y,YES - CAS CLAUSE INCLUDED,N,TRANSACTION DOES NOT USE GFE/GFP,U,UNKNOWN,D,NOT CONSOLIDATED,N,NO - SERVICE WHERE PBA IS NOT USED.,N,NO,Z,NOT APPLICABLE,N,NO,X,NOT APPLICABLE,f,f,f,f,f,f,f,f,f,f,f,f,f,f,f,f,f,f,f,OTHER THAN SMALL BUSINESS,O,f,f,f,f,f,f,f,f,f,f,f,f,f,f,f,f,f,OTHER,f,f,f,f,f,f,f,f,f,t,f,f,f,f,f,f,f,t,f,f,f,f,f,f,f,f,f,f,f,f,t,f,f,t,t,f,f,f,f,f,f,f,t,t,f,f,f,f,f,f,,,,,,,,,,,https://www.usaspending.gov/award/CONT_AWD_N0017321C2016_9700_-NONE-_-NONE-/,2023-07-12 15:37:57+00
CONT_AWD_N0017419C0014_9700_-NONE-_-NONE-,N0017419C0014,,,,,,,,,1942814.09,0.00,2108598.45,2108598.45,2019-08-14,2019,2023-07-12,2023,2019-08-14,2020-08-13,2020-08-13 00:00:00,,2019-06-27,097,Department of Defense,1700,Department of the Navy,N00174,NSWC INDIAN HEAD DIVISION,097,Department of Defense,1700,Department of the Navy,N00024,NAVSEA HQ,017-2019/2019-1804-000;017-2020/2020-1804-000,017-1804,25.1: Advisory and assistance services,,X,NOT APPLICABLE,,,X5UBMDXTTTQ7,,"GREYSTONES CONSULTING GROUP, LLC","GREYSTONES CONSULTING GROUP, LLC",,31RQ4,X5UBMDXTTTQ7,,"GREYSTONES CONSULTING GROUP, LLC",GREYSTONES CONSULTING GROUP  LLC,USA,UNITED STATES,1201 M ST SE STE 120,,WASHINGTON,11001,DISTRICT OF COLUMBIA,11,DC,DISTRICT OF COLUMBIA,200033711,DC-98,DC-98,2026448998,,USA,UNITED STATES,WASHINGTON,11001,DISTRICT OF COLUMBIA,11,DC,DISTRICT OF COLUMBIA,200063711,DC-98,DC-98,AWARD,D,DEFINITIVE CONTRACT,,,,,,,U,COST PLUS FIXED FEE,SEA04 RP SUPPORT,,1,OT,OTHER FUNCTIONS,R408,SUPPORT- PROFESSIONAL: PROGRAM MANAGEMENT/SUPPORT,H,NOT BUNDLED,S1,SERVICES,541330,ENGINEERING SERVICES,C,NO CLAUSES INCLUDED AND NO SUSTAINABILITY INCLUDED,A,U.S. OWNED BUSINESS,000,NONE,Z,NOT IT PRODUCTS OR SERVICES,E,NOT REQUIRED,USA,UNITED STATES,C,NOT A MANUFACTURED END PRODUCT,B,PLAN NOT REQUIRED,C,NOT COMPETED,SSS,ONLY ONE SOURCE,NONE,NO SET ASIDE USED.,NONE,NO PREFERENCE USED,,,,,ONE,ONLY ONE SOURCE-OTHER (FAR 6.302-1 OTHER),1,D,COMMERCIAL PRODUCTS/SERVICES PROCEDURES NOT USED,f,N,NO,N,NO,N,NO,N,NO,0.00,N,NO,N,NO,N,NO,N,NO,X,NOT APPLICABLE,,,,,,,,NONE,NONE,N,NO,Y,YES - CAS CLAUSE INCLUDED,N,TRANSACTION DOES NOT USE GFE/GFP,U,UNKNOWN,D,NOT CONSOLIDATED,Y,YES - SERVICE WHERE PBA IS USED.,N,NO,Z,NOT APPLICABLE,N,NO,X,NOT APPLICABLE,f,f,f,f,f,f,f,t,t,t,f,f,f,f,f,f,f,f,f,SMALL BUSINESS,S,f,f,f,f,f,f,f,f,f,f,f,f,f,f,f,f,f,CORPORATE NOT TAX EXEMPT,t,f,f,f,f,f,f,f,f,f,f,f,f,f,f,f,f,t,f,f,f,f,f,f,f,f,t,f,t,f,f,f,f,f,f,f,f,f,f,f,f,f,f,f,f,t,f,f,f,f,,,,,,,,,,,https://www.usaspending.gov/award/CONT_AWD_N0017419C0014_9700_-NONE-_-NONE-/,2023-07-12 10:48:08+00
CONT_AWD_N0017419C0015_9700_-NONE-_-NONE-,N0017419C0015,,,,,,,,,3514015.64,0.00,2140702.20,2258992.20,2019-07-19,2019,2023-07-13,2023,2019-07-12,2023-11-10,2023-11-10 00:00:00,,2018-11-30,097,Department of Defense,1700,Department of the Navy,N00174,NSWC INDIAN HEAD DIVISION,097,Department of Defense,1700,Department of the Navy,N00174,NSWC INDIAN HEAD DIVISION,017-2018/2020-1508-000;017-2019/2021-1508-000,017-1508,26.0: Supplies and materials,,X,NOT APPLICABLE,,,SJJFPNZ1K493,,"RTI TECHNOLOGIES, LLC","RTI TECHNOLOGIES, LLC",,4DFK9,SJJFPNZ1K493,,"RTI TECHNOLOGIES, LLC",RTI TECHNOLOGIES  LLC,USA,UNITED STATES,32 LAKE RD,,COLUMBIA,09110,CAPITOL,09,CT,CONNECTICUT,062371314,CT-02,CT-02,8603064772,,USA,UNITED STATES,COLUMBIA,09110,TOLLAND,09,CT,CONNECTICUT,062371314,CT-02,CT-02,AWARD,D,DEFINITIVE CONTRACT,,,,,,,J,FIRM FIXED PRICE,20MM DUMMY CARTRIDGES WITH MK7 LINKS,N0017419R0099,1,,,1305,"AMMUNITION, THROUGH 30MM",H,NOT BUNDLED,A6,AMMUNITION,332993,AMMUNITION (EXCEPT SMALL ARMS) MANUFACTURING,C,NO CLAUSES INCLUDED AND NO SUSTAINABILITY INCLUDED,A,U.S. OWNED BUSINESS,000,NONE,Z,NOT IT PRODUCTS OR SERVICES,A,MEETS REQUIREMENTS,USA,UNITED STATES,D,MFG IN U.S.,B,PLAN NOT REQUIRED,A,FULL AND OPEN COMPETITION,NP,NEGOTIATED PROPOSAL/QUOTE,NONE,NO SET ASIDE USED.,NONE,NO PREFERENCE USED,,,,,,,3,D,COMMERCIAL PRODUCTS/SERVICES PROCEDURES NOT USED,f,N,NO,N,NO,Y,YES,N,NO,0.00,N,NO,Y,YES,X,NOT APPLICABLE,X,NOT APPLICABLE,X,NOT APPLICABLE,,,,,,,,NONE,NONE,N,NO,Y,YES - CAS CLAUSE INCLUDED,N,TRANSACTION DOES NOT USE GFE/GFP,U,UNKNOWN,D,NOT CONSOLIDATED,X,NOT APPLICABLE,N,NO,A,FAR 52.232-16 PROGRESS PAYMENTS,N,NO,X,NOT APPLICABLE,f,f,f,f,f,f,f,f,f,f,f,f,f,f,f,f,f,f,f,SMALL BUSINESS,S,f,f,f,f,f,f,f,f,f,f,f,f,f,f,f,f,f,OTHER,f,f,f,f,f,f,f,f,f,f,f,f,t,f,f,f,f,t,f,f,f,f,f,f,f,f,t,f,t,f,f,f,f,f,f,f,f,f,f,f,f,f,f,f,f,f,f,f,f,f,,,,,,,,,,,https://www.usaspending.gov/award/CONT_AWD_N0017419C0015_9700_-NONE-_-NONE-/,2025-04-22 16:50:17+00
CONT_AWD_N0017423C0004_9700_-NONE-_-NONE-,N0017423C0004,,,,,,,,,504300.00,,504300.00,504300.00,2023-03-16,2023,2023-07-06,2023,2023-03-16,2023-10-12,2023-10-12 00:00:00,,2022-10-26,097,Department of Defense,1700,Department of the Navy,N00174,NSWC INDIAN HEAD DIVISION,097,Department of Defense,1700,Department of the Navy,N00174,NSWC INDIAN HEAD DIVISION,,,,,X,NOT APPLICABLE,,,ZA8GE4T4K9U1,,"PATRICK INDUSTRIES, INC","PATRICK INDUSTRIES, INC",,9BUV5,ZA8GE4T4K9U1,,"PATRICK INDUSTRIES, INC",PATRICK INDUSTRIES  INC,USA,UNITED STATES,3420 SMITH AVENUE,,EVERETT,53061,SNOHOMISH,53,WA,WASHINGTON,982014541,WA-02,WA-02,4252384357,8772775321,USA,UNITED STATES,EVERETT,53061,SNOHOMISH,53,WA,WASHINGTON,982014541,WA-02,WA-02,AWARD,D,DEFINITIVE CONTRACT,,,,,,,J,FIRM FIXED PRICE,FUZE ADAPTERS,N0017422R0111,1,,,9330,PLASTICS FABRICATED MATERIALS,H,NOT BUNDLED,,,333511,INDUSTRIAL MOLD MANUFACTURING,C,NO CLAUSES INCLUDED AND NO SUSTAINABILITY INCLUDED,A,U.S. OWNED BUSINESS,000,NONE,Z,NOT IT PRODUCTS OR SERVICES,E,NOT REQUIRED,USA,UNITED STATES,D,MFG IN U.S.,B,PLAN NOT REQUIRED,C,NOT COMPETED,SSS,ONLY ONE SOURCE,NONE,NO SET ASIDE USED.,NONE,NO PREFERENCE USED,,,,,ONE,ONLY ONE SOURCE-OTHER (FAR 6.302-1 OTHER),1,D,COMMERCIAL PRODUCTS/SERVICES PROCEDURES NOT USED,f,N,NO,,,Y,YES,N,NO,0.00,N,NO,Y,YES,X,NOT APPLICABLE,X,NOT APPLICABLE,X,NOT APPLICABLE,,,,,,,,NONE,NONE,N,NO,X,NOT APPLICABLE EXEMPT FROM CAS,N,TRANSACTION DOES NOT USE GFE/GFP,,,D,NOT CONSOLIDATED,X,NOT APPLICABLE,N,NO,Z,NOT APPLICABLE,N,NO,X,NOT APPLICABLE,f,f,f,f,f,f,f,f,f,f,f,f,f,f,f,f,f,f,f,OTHER THAN SMALL BUSINESS,O,f,f,f,f,f,f,f,f,f,f,f,f,f,f,f,f,f,CORPORATE NOT TAX EXEMPT,t,f,f,f,f,f,f,f,f,f,f,f,t,f,f,f,f,t,f,f,f,f,f,f,f,f,f,f,t,f,f,f,f,f,f,f,f,f,f,f,f,f,f,f,f,f,f,f,f,f,,,,,,,,,,,https://www.usaspending.gov/award/CONT_AWD_N0017423C0004_9700_-NONE-_-NONE-/,2023-07-06 09:57:09+00
CONT_AWD_N0024423C0003_9700_-NONE-_-NONE-,N0024423C0003,,,,,,,,,382072.50,,382072.50,382072.50,2022-12-16,2023,2023-07-13,2023,2022-12-16,2023-12-15,2023-12-15 00:00:00,,2022-12-01,097,Department of Defense,1700,Department of the Navy,N00244,NAVSUP FLT LOG CTR  SAN DIEGO,097,Department of Defense,1700,Department of the Navy,N00019,NAVAL AIR SYSTEMS COMMAND,,,,,X,NOT APPLICABLE,,,ZRJLSH4K9NL3,,VECTRUS SYSTEMS LLC,ZENETEX LLC,,1T3Q7,DZFBJC3BM8Q9,,"VECTRUS, INC.",ZENETEX LLC,USA,UNITED STATES,1875 CAMPUS COMMONS DRIVE SUITE 301,,RESTON,51059,FAIRFAX,51,VA,VIRGINIA,20191,VA-11,VA-11,7195913571,,USA,UNITED STATES,RIDGECREST,06029,KERN,06,CA,CALIFORNIA,935551101,CA-20,CA-20,AWARD,D,DEFINITIVE CONTRACT,,,,,,,U,COST PLUS FIXED FEE,LEGACY SCS ANALYTICAL SERVICES,,1,OT,OTHER FUNCTIONS,R425,SUPPORT- PROFESSIONAL: ENGINEERING/TECHNICAL,H,NOT BUNDLED,,,541330,ENGINEERING SERVICES,C,NO CLAUSES INCLUDED AND NO SUSTAINABILITY INCLUDED,A,U.S. OWNED BUSINESS,000,NONE,Z,NOT IT PRODUCTS OR SERVICES,E,NOT REQUIRED,USA,UNITED STATES,C,NOT A MANUFACTURED END PRODUCT,B,PLAN NOT REQUIRED,C,NOT COMPETED,SSS,ONLY ONE SOURCE,NONE,NO SET ASIDE USED.,NONE,NO PREFERENCE USED,,,,,ONE,ONLY ONE SOURCE-OTHER (FAR 6.302-1 OTHER),1,D,COMMERCIAL PRODUCTS/SERVICES PROCEDURES NOT USED,f,N,NO,,,X,NOT APPLICABLE,N,NO,0.00,N,NO,X,NOT APPLICABLE,X,NOT APPLICABLE,X,NOT APPLICABLE,X,NOT APPLICABLE,,,,,,,,NONE,NONE,N,NO,Y,YES - CAS CLAUSE INCLUDED,N,TRANSACTION DOES NOT USE GFE/GFP,U,UNKNOWN,D,NOT CONSOLIDATED,Y,YES - SERVICE WHERE PBA IS USED.,N,NO,Z,NOT APPLICABLE,N,NO,X,NOT APPLICABLE,f,f,f,f,f,f,f,f,f,f,f,f,f,f,f,f,f,f,f,OTHER THAN SMALL BUSINESS,O,f,f,f,f,f,f,f,f,f,f,f,f,f,f,f,f,f,OTHER,f,f,f,f,f,f,f,f,f,f,f,f,f,f,f,f,f,t,f,f,f,f,f,f,f,f,t,f,t,f,f,f,f,f,f,f,f,f,f,f,f,f,f,f,f,f,f,f,f,f,JAMES  MCDERMOTT,357000.00,MARK  GREEN,310000.00,DENNIS  ENGLAND,310000.00,ANDREW  BECK,291491.00,GERY  VANDERVLIET,336600.00,https://www.usaspending.gov/award/CONT_AWD_N0024423C0003_9700_-NONE-_-NONE-/,2023-07-13 15:39:02+00
CONT_AWD_N0025323C0003_9700_-NONE-_-NONE-,N0025323C0003,,,,,,,,,638306.11,,638306.11,638306.11,2023-03-09,2023,2023-07-10,2023,2023-03-13,2023-12-08,2023-12-08 00:00:00,,2022-09-12,097,Department of Defense,1700,Department of the Navy,N00253,NAVAL UNDERSEA WARFARE CENTER,097,Department of Defense,1700,Department of the Navy,N00253,NAVAL UNDERSEA WARFARE CENTER,,,,,X,NOT APPLICABLE,,,DPCLZ3H5GAW1,,"CHINOOK PROPERTIES, INC.","CHINOOK PROPERTIES, INC.",,1QGJ2,DPCLZ3H5GAW1,,"CHINOOK PROPERTIES, INC.",CHINOOK PROPERTIES  INC.,USA,UNITED STATES,10661 OLD FRONTIER RD NW STE 231,,SILVERDALE,53035,KITSAP,53,WA,WASHINGTON,983838577,WA-06,WA-06,3606134098,3606920496,USA,UNITED STATES,SILVERDALE,53035,KITSAP,53,WA,WASHINGTON,983151101,WA-06,WA-06,AWARD,D,DEFINITIVE CONTRACT,,,,,,,J,FIRM FIXED PRICE,"BLDG 5092 EXTERIOR IMPROVEMENTS - NAVAL UNDERWATER WARFARE CENTER, KEYPORT WA",N0025322R0035,1,OT,OTHER FUNCTIONS,Z2AA,REPAIR OR ALTERATION OF OFFICE BUILDINGS,H,NOT BUNDLED,,,238350,FINISH CARPENTRY CONTRACTORS,C,NO CLAUSES INCLUDED AND NO SUSTAINABILITY INCLUDED,A,U.S. OWNED BUSINESS,000,NONE,Z,NOT IT PRODUCTS OR SERVICES,A,MEETS REQUIREMENTS,USA,UNITED STATES,C,NOT A MANUFACTURED END PRODUCT,B,PLAN NOT REQUIRED,D,FULL AND OPEN COMPETITION AFTER EXCLUSION OF SOURCES,NP,NEGOTIATED PROPOSAL/QUOTE,SBA,SMALL BUSINESS SET ASIDE - TOTAL,NONE,NO PREFERENCE USED,,,,,,,5,D,COMMERCIAL PRODUCTS/SERVICES PROCEDURES NOT USED,f,N,NO,,,Y,YES,N,NO,0.00,N,NO,X,NOT APPLICABLE,Y,YES,Y,YES,X,NOT APPLICABLE,,,,,,,,NONE,NONE,N,NO,X,NOT APPLICABLE EXEMPT FROM CAS,N,TRANSACTION DOES NOT USE GFE/GFP,,,D,NOT CONSOLIDATED,Y,YES - SERVICE WHERE PBA IS USED.,N,NO,Z,NOT APPLICABLE,N,NO,X,NOT APPLICABLE,f,f,f,f,f,f,f,f,f,f,f,f,f,f,f,f,f,f,f,SMALL BUSINESS,S,f,f,f,f,f,f,f,f,f,f,f,f,f,f,f,f,f,CORPORATE TAX EXEMPT,f,t,f,f,f,f,f,f,f,f,f,f,f,f,f,f,f,t,f,f,f,f,f,f,f,t,f,f,t,f,f,f,f,f,f,f,f,f,f,f,f,f,f,f,f,f,f,f,f,f,,,,,,,,,,,https://www.usaspending.gov/award/CONT_AWD_N0025323C0003_9700_-NONE-_-NONE-/,2023-07-10 12:34:34+00
CONT_AWD_N0038317CC001_9700_-NONE-_-NONE-,N0038317CC001,,,,,,,,,201300.00,,201300.00,201300.00,2016-11-07,2017,2023-07-07,2023,2016-11-07,2018-10-31,2018-10-31 00:00:00,,,097,Department of Defense,9763,Defense Contract Management Agency,S3605A,DCMA OHIO RIVER VALLEY (DAYTON),097,Department of Defense,1700,Department of the Navy,N00383,NAVSUP WEAPON SYSTEMS SUPPORT,,,,,X,NOT APPLICABLE,,,GLW6HHK4F3M3,,GE AVIATION SYSTEMS LLC,GE AVIATION SYSTEMS LLC,,07639,JRZ1WHXAKBM3,,GENERAL ELECTRIC COMPANY,GE AVIATION SYSTEMS LLC,USA,UNITED STATES,740 EAST NATIONAL RD,,VANDALIA,39113,MONTGOMERY,39,OH,OHIO,453773062,OH-10,OH-10,9374150213,9374150256,USA,UNITED STATES,VANDALIA,39113,MONTGOMERY,39,OH,OHIO,453773062,OH-10,OH-10,AWARD,D,DEFINITIVE CONTRACT,,,,,,,J,FIRM FIXED PRICE,ELECTRONIC COMPONEN,,1,,,5998,"ELECTRICAL AND ELECTRONIC ASSEMBLIES, BOARDS, CARDS, AND ASSOCIATED HARDWARE",D,NOT A BUNDLED REQUIREMENT,A7,ELECTRONICS AND COMMUNICATION EQUIPMENT,336413,OTHER AIRCRAFT PARTS AND AUXILIARY EQUIPMENT MANUFACTURING,C,NO CLAUSES INCLUDED AND NO SUSTAINABILITY INCLUDED,A,U.S. OWNED BUSINESS,000,NONE,Z,NOT IT PRODUCTS OR SERVICES,E,NOT REQUIRED,USA,UNITED STATES,D,MFG IN U.S.,B,PLAN NOT REQUIRED,G,NOT COMPETED UNDER SAP,SP1,SIMPLIFIED ACQUISITION,NONE,NO SET ASIDE USED.,NONE,NO PREFERENCE USED,,,,,SP2,SAP NON-COMPETITION (FAR 13),1,D,COMMERCIAL PRODUCTS/SERVICES PROCEDURES NOT USED,f,N,NO,N,NO,N,NO,N,NO,0.00,N,NO,Y,YES,N,NO,X,NOT APPLICABLE,X,NOT APPLICABLE,,,,,,,,NONE,NONE,N,NO,X,NOT APPLICABLE EXEMPT FROM CAS,Y,TRANSACTION USES GFE/GFP,N,NO,N,NO,X,NOT APPLICABLE,N,NO,Z,NOT APPLICABLE,N,NO,X,NOT APPLICABLE,f,f,f,f,f,f,f,f,f,f,f,f,f,f,f,f,f,f,f,OTHER THAN SMALL BUSINESS,O,f,f,f,f,f,f,f,f,f,f,f,f,f,f,f,f,f,CORPORATE NOT TAX EXEMPT,t,f,f,f,f,f,f,f,f,f,f,f,f,f,f,f,f,t,f,f,f,f,f,f,f,f,f,f,t,f,f,f,f,f,f,f,f,f,f,f,f,f,f,f,f,f,f,f,f,f,,,,,,,,,,,https://www.usaspending.gov/award/CONT_AWD_N0038317CC001_9700_-NONE-_-NONE-/,2023-07-07 07:06:18+00
CONT_AWD_N0038320CH035_9700_-NONE-_-NONE-,N0038320CH035,,,,,,,,,640952.00,,640952.00,640952.00,2020-06-19,2020,2023-07-05,2023,2020-06-19,2023-02-21,2023-02-21 00:00:00,,,097,Department of Defense,1700,Department of the Navy,N00383,NAVSUP WEAPON SYSTEMS SUPPORT,097,Department of Defense,1700,Department of the Navy,N00383,NAVSUP WEAPON SYSTEMS SUPPORT,,,,,X,NOT APPLICABLE,,,Q9SBTF8ELUP4,,"GENERAL DYNAMICS-OTS, INC.","GENERAL DYNAMICS-OTS, INC.",,05606,VF58HFRNGEL8,,GENERAL DYNAMICS CORP,GENERAL DYNAMICS-OTS  INC.,USA,UNITED STATES,326 IBM ROAD BUILDING 862,,WILLISTON,50007,CHITTENDEN,50,VT,VERMONT,054957907,VT-00,VT-00,2072943022,,USA,UNITED STATES,WILLISTON,50007,CHITTENDEN,50,VT,VERMONT,054957907,VT-00,VT-00,AWARD,D,DEFINITIVE CONTRACT,,,,,,,J,FIRM FIXED PRICE,"TRANSFER UNIT,AMMUN",,1,,,1005,"GUNS, THROUGH 30MM",H,NOT BUNDLED,A1B,AIRCRAFT ENGINES AND SPARES,336413,OTHER AIRCRAFT PARTS AND AUXILIARY EQUIPMENT MANUFACTURING,C,NO CLAUSES INCLUDED AND NO SUSTAINABILITY INCLUDED,A,U.S. OWNED BUSINESS,000,NONE,Z,NOT IT PRODUCTS OR SERVICES,E,NOT REQUIRED,USA,UNITED STATES,D,MFG IN U.S.,A,PLAN NOT INCLUDED - NO SUBCONTRACTING POSSIBILITIES,G,NOT COMPETED UNDER SAP,SP1,SIMPLIFIED ACQUISITION,NONE,NO SET ASIDE USED.,NONE,NO PREFERENCE USED,,,,,SP2,SAP NON-COMPETITION (FAR 13),1,D,COMMERCIAL PRODUCTS/SERVICES PROCEDURES NOT USED,f,N,NO,N,NO,N,NO,N,NO,0.00,N,NO,X,NOT APPLICABLE,N,NO,Y,YES,X,NOT APPLICABLE,,,,,,,,NONE,NONE,N,NO,N,NO - CAS WAIVER APPROVED,Y,TRANSACTION USES GFE/GFP,N,NO,D,NOT CONSOLIDATED,X,NOT APPLICABLE,N,NO,Z,NOT APPLICABLE,N,NO,X,NOT APPLICABLE,f,f,f,f,f,f,f,f,f,f,f,f,f,f,f,f,f,f,f,OTHER THAN SMALL BUSINESS,O,f,f,f,f,f,f,f,f,f,f,f,f,f,f,f,f,f,CORPORATE NOT TAX EXEMPT,t,f,f,f,f,f,f,f,f,f,f,f,t,f,f,f,f,t,f,f,f,f,f,f,f,f,f,f,t,f,f,f,f,f,f,f,f,f,f,f,f,f,f,f,f,f,f,f,f,f,FIRAT  GEZEN,3505781.00,TIMOTHY J BAGNIEFSKI,1266696.00,KEVIN A WALL,1261447.00,JASON W GAINES,1103087.00,MARK E PETERSON,1068609.00,https://www.usaspending.gov/award/CONT_AWD_N0038320CH035_9700_-NONE-_-NONE-/,2023-07-05 16:11:32+00
CONT_AWD_N0038322CH006_9700_-NONE-_-NONE-,N0038322CH006,,,,,,,,,450000.00,,450000.00,450000.00,2022-03-24,2022,2023-07-11,2023,2022-03-24,2023-11-30,2023-11-30 00:00:00,,2021-07-28,097,Department of Defense,1700,Department of the Navy,N00383,NAVSUP WEAPON SYSTEMS SUPPORT,097,Department of Defense,1700,Department of the Navy,N00383,NAVSUP WEAPON SYSTEMS SUPPORT,,,,,X,NOT APPLICABLE,,,DD2QET4D27T3,,"SIERRA NEVADA COMPANY, LLC",SIERRA NEVADA CORPORATION,,8X691,DD2QET4D27T3,,"SIERRA NEVADA COMPANY, LLC",SIERRA NEVADA CORPORATION,USA,UNITED STATES,444 SALOMON CIR,,SPARKS,32031,WASHOE,32,NV,NEVADA,894349651,NV-02,NV-02,7034145708,,USA,UNITED STATES,SPARKS,32031,WASHOE,32,NV,NEVADA,894349651,NV-02,NV-02,AWARD,D,DEFINITIVE CONTRACT,,,,,,,J,FIRM FIXED PRICE,"PEDESTAL,ANTENNA",,1,,,5985,"ANTENNAS, WAVEGUIDES, AND RELATED EQUIPMENT",H,NOT BUNDLED,A1A,AIRFRAMES AND SPARES,334220,RADIO AND TELEVISION BROADCASTING AND WIRELESS COMMUNICATIONS EQUIPMENT MANUFACTURING,C,NO CLAUSES INCLUDED AND NO SUSTAINABILITY INCLUDED,A,U.S. OWNED BUSINESS,000,NONE,Z,NOT IT PRODUCTS OR SERVICES,E,NOT REQUIRED,USA,UNITED STATES,D,MFG IN U.S.,A,PLAN NOT INCLUDED - NO SUBCONTRACTING POSSIBILITIES,C,NOT COMPETED,SSS,ONLY ONE SOURCE,NONE,NO SET ASIDE USED.,NONE,NO PREFERENCE USED,,,,,ONE,ONLY ONE SOURCE-OTHER (FAR 6.302-1 OTHER),1,D,COMMERCIAL PRODUCTS/SERVICES PROCEDURES NOT USED,f,N,NO,N,NO,N,NO,N,NO,0.00,N,NO,X,NOT APPLICABLE,X,NOT APPLICABLE,X,NOT APPLICABLE,X,NOT APPLICABLE,,,,,,,,NONE,NONE,N,NO,X,NOT APPLICABLE EXEMPT FROM CAS,Y,TRANSACTION USES GFE/GFP,N,NO,D,NOT CONSOLIDATED,X,NOT APPLICABLE,N,NO,Z,NOT APPLICABLE,N,NO,X,NOT APPLICABLE,f,f,f,f,f,f,f,t,f,f,f,f,f,f,f,f,f,f,f,OTHER THAN SMALL BUSINESS,O,f,f,f,f,f,f,f,f,f,f,f,f,f,f,f,f,f,CORPORATE NOT TAX EXEMPT,t,f,f,f,f,f,f,f,f,f,f,f,t,f,f,f,f,t,f,f,f,f,f,f,f,t,f,f,t,f,f,f,f,f,f,f,f,f,f,f,f,f,f,f,f,f,f,f,f,f,JON  BURGOYNE,1183537.00,TIM  OWINGS,907805.00,ROB  KRONZ,607121.00,TOM  ANDERSEN,583234.00,GREG  COX,554774.00,https://www.usaspending.gov/award/CONT_AWD_N0038322CH006_9700_-NONE-_-NONE-/,2023-07-13 17:40:07+00
CONT_AWD_N0038322CP001_9700_-NONE-_-NONE-,N0038322CP001,,,,,,,,,433635.00,,433635.00,433635.00,2021-11-08,2022,2023-07-12,2023,2021-11-08,2023-05-09,2023-05-09 00:00:00,,2021-07-21,097,Department of Defense,9763,Defense Contract Management Agency,S0514A,DCMA SOUTHERN CAL (SAN DIEGO),097,Department of Defense,1700,Department of the Navy,N00383,NAVSUP WEAPON SYSTEMS SUPPORT,,,,,X,NOT APPLICABLE,,,FRJQGQHDX4J3,,"L3 TECHNOLOGIES, INC.","L3 TECHNOLOGIES, INC.",,06401,SJULQDJ8NZU7,,"L3HARRIS TECHNOLOGIES, INC",L3 TECHNOLOGIES  INC.,USA,UNITED STATES,640 N 2200 W,,SALT LAKE CITY,49035,SALT LAKE,49,UT,UTAH,841162925,UT-02,UT-02,8015942366,8015942004,USA,UNITED STATES,CARLSBAD,06073,SAN DIEGO,06,CA,CALIFORNIA,920091602,CA-49,CA-49,AWARD,D,DEFINITIVE CONTRACT,,,,,,,J,FIRM FIXED PRICE,"RECEIVER,TRANSMITTE",N0038321RP330,1,,,5821,"RADIO AND TELEVISION COMMUNICATION EQUIPMENT, AIRBORNE",H,NOT BUNDLED,A1A,AIRFRAMES AND SPARES,333999,ALL OTHER MISCELLANEOUS GENERAL PURPOSE MACHINERY MANUFACTURING,C,NO CLAUSES INCLUDED AND NO SUSTAINABILITY INCLUDED,A,U.S. OWNED BUSINESS,000,NONE,Z,NOT IT PRODUCTS OR SERVICES,E,NOT REQUIRED,USA,UNITED STATES,D,MFG IN U.S.,A,PLAN NOT INCLUDED - NO SUBCONTRACTING POSSIBILITIES,C,NOT COMPETED,SSS,ONLY ONE SOURCE,NONE,NO SET ASIDE USED.,NONE,NO PREFERENCE USED,,,,,ONE,ONLY ONE SOURCE-OTHER (FAR 6.302-1 OTHER),1,D,COMMERCIAL PRODUCTS/SERVICES PROCEDURES NOT USED,f,N,NO,N,NO,Y,YES,N,NO,0.00,N,NO,Y,YES,N,NO,X,NOT APPLICABLE,X,NOT APPLICABLE,,,,,,,,NONE,NONE,N,NO,X,NOT APPLICABLE EXEMPT FROM CAS,Y,TRANSACTION USES GFE/GFP,N,NO,D,NOT CONSOLIDATED,X,NOT APPLICABLE,N,NO,Z,NOT APPLICABLE,N,NO,X,NOT APPLICABLE,f,f,f,f,f,f,f,f,f,f,f,f,f,f,f,f,f,f,f,OTHER THAN SMALL BUSINESS,O,f,f,f,f,f,f,f,f,f,f,f,f,f,f,f,f,f,CORPORATE NOT TAX EXEMPT,t,f,f,f,f,f,f,f,f,f,f,f,t,f,f,f,f,t,f,f,f,f,f,f,f,f,f,f,t,f,f,f,f,f,f,f,f,f,f,f,f,f,f,f,f,f,f,f,f,f,,,,,,,,,,,https://www.usaspending.gov/award/CONT_AWD_N0038322CP001_9700_-NONE-_-NONE-/,2024-09-06 15:05:22+00
CONT_AWD_N0038323CB037_9700_-NONE-_-NONE-,N0038323CB037,,,,,,,,,466051.00,,466051.00,466051.00,2023-03-22,2023,2023-07-06,2023,2023-03-22,2023-09-18,2023-09-18 00:00:00,,2022-04-05,097,Department of Defense,1700,Department of the Navy,N00383,NAVSUP WEAPON SYSTEMS SUPPORT,097,Department of Defense,1700,Department of the Navy,N65916,NAVSUP WSS PHIL FMS (MPN),,,,,A,FOREIGN FUNDS FMS,,,K6HPN25G7FC4,,INTEGRATED PROCUREMENT TECHNOLOGIES,INTEGRATED PROCUREMENT TECHNOLOGIES,,4K0V2,S81BKS6LD6P8,,INTEGRATED PROCUREMENT TECHNOLOGIES,INTEGRATED PROCUREMENT TECHNOLOGIES,USA,UNITED STATES,1025 S BROWN SCHOOL RD,,VANDALIA,39113,MONTGOMERY,39,OH,OHIO,453779632,OH-10,OH-10,9374150000,9374150600,USA,UNITED STATES,VANDALIA,39113,MONTGOMERY,39,OH,OHIO,453779632,OH-10,OH-10,AWARD,D,DEFINITIVE CONTRACT,,,,,,,J,FIRM FIXED PRICE,AUDIO CONTROL PANEL,,1,,,1680,MISCELLANEOUS AIRCRAFT ACCESSORIES AND COMPONENTS,H,NOT BUNDLED,,,336413,OTHER AIRCRAFT PARTS AND AUXILIARY EQUIPMENT MANUFACTURING,C,NO CLAUSES INCLUDED AND NO SUSTAINABILITY INCLUDED,A,U.S. OWNED BUSINESS,000,NONE,Z,NOT IT PRODUCTS OR SERVICES,E,NOT REQUIRED,USA,UNITED STATES,D,MFG IN U.S.,B,PLAN NOT REQUIRED,C,NOT COMPETED,SSS,ONLY ONE SOURCE,NONE,NO SET ASIDE USED.,NONE,NO PREFERENCE USED,,,,,ONE,ONLY ONE SOURCE-OTHER (FAR 6.302-1 OTHER),1,D,COMMERCIAL PRODUCTS/SERVICES PROCEDURES NOT USED,f,N,NO,,,X,NOT APPLICABLE,N,NO,0.00,N,NO,X,NOT APPLICABLE,N,NO,N,NO,X,NOT APPLICABLE,,,,,,,,NONE,NONE,N,NO,X,NOT APPLICABLE EXEMPT FROM CAS,N,TRANSACTION DOES NOT USE GFE/GFP,,,D,NOT CONSOLIDATED,X,NOT APPLICABLE,N,NO,Z,NOT APPLICABLE,N,NO,X,NOT APPLICABLE,f,f,f,f,f,f,f,f,f,f,f,f,f,f,f,f,f,f,f,SMALL BUSINESS,S,f,f,f,f,f,f,f,f,f,f,f,f,f,f,f,f,f,CORPORATE NOT TAX EXEMPT,t,f,f,f,f,f,f,f,f,f,f,f,f,f,f,f,f,t,f,f,f,f,f,f,f,f,f,f,t,f,f,f,f,f,f,f,f,f,f,f,f,f,f,f,f,f,f,f,f,f,,,,,,,,,,,https://www.usaspending.gov/award/CONT_AWD_N0038323CB037_9700_-NONE-_-NONE-/,2023-07-06 14:21:43+00
CONT_AWD_N0038323CB056_9700_-NONE-_-NONE-,N0038323CB056,,,,,,,,,466051.00,,466051.00,466051.00,2023-06-22,2023,2023-07-06,2023,2023-06-22,2024-01-18,2024-01-18 00:00:00,,2023-06-02,097,Department of Defense,1700,Department of the Navy,N00383,NAVSUP WEAPON SYSTEMS SUPPORT,097,Department of Defense,1700,Department of the Navy,N65916,NAVSUP WSS PHIL FMS (MPN),,,,,A,FOREIGN FUNDS FMS,,,K6HPN25G7FC4,,INTEGRATED PROCUREMENT TECHNOLOGIES,INTEGRATED PROCUREMENT TECHNOLOGIES,,4K0V2,S81BKS6LD6P8,,INTEGRATED PROCUREMENT TECHNOLOGIES,INTEGRATED PROCUREMENT TECHNOLOGIES,USA,UNITED STATES,1025 S BROWN SCHOOL RD,,VANDALIA,39113,MONTGOMERY,39,OH,OHIO,453779632,OH-10,OH-10,9374150000,9374150600,USA,UNITED STATES,VANDALIA,39113,MONTGOMERY,39,OH,OHIO,453779632,OH-10,OH-10,AWARD,D,DEFINITIVE CONTRACT,,,,,,,J,FIRM FIXED PRICE,AUDIO CONTROL PANEL,,1,,,1680,MISCELLANEOUS AIRCRAFT ACCESSORIES AND COMPONENTS,H,NOT BUNDLED,,,336413,OTHER AIRCRAFT PARTS AND AUXILIARY EQUIPMENT MANUFACTURING,C,NO CLAUSES INCLUDED AND NO SUSTAINABILITY INCLUDED,A,U.S. OWNED BUSINESS,000,NONE,Z,NOT IT PRODUCTS OR SERVICES,E,NOT REQUIRED,USA,UNITED STATES,D,MFG IN U.S.,B,PLAN NOT REQUIRED,C,NOT COMPETED,SSS,ONLY ONE SOURCE,NONE,NO SET ASIDE USED.,NONE,NO PREFERENCE USED,,,,,ONE,ONLY ONE SOURCE-OTHER (FAR 6.302-1 OTHER),1,D,COMMERCIAL PRODUCTS/SERVICES PROCEDURES NOT USED,f,N,NO,,,N,NO,N,NO,0.00,N,NO,N,NO,X,NOT APPLICABLE,N,NO,X,NOT APPLICABLE,,,,,,,,NONE,NONE,N,NO,X,NOT APPLICABLE EXEMPT FROM CAS,N,TRANSACTION DOES NOT USE GFE/GFP,,,D,NOT CONSOLIDATED,X,NOT APPLICABLE,N,NO,Z,NOT APPLICABLE,N,NO,X,NOT APPLICABLE,f,f,f,f,f,f,f,f,f,f,f,f,f,f,f,f,f,f,f,SMALL BUSINESS,S,f,f,f,f,f,f,f,f,f,f,f,f,f,f,f,f,f,CORPORATE NOT TAX EXEMPT,t,f,f,f,f,f,f,f,f,f,f,f,f,f,f,f,f,t,f,f,f,f,f,f,f,f,f,f,t,f,f,f,f,f,f,f,f,f,f,f,f,f,f,f,f,f,f,f,f,f,,,,,,,,,,,https://www.usaspending.gov/award/CONT_AWD_N0038323CB056_9700_-NONE-_-NONE-/,2023-07-06 14:24:28+00
CONT_AWD_N0038323CD009_9700_-NONE-_-NONE-,N0038323CD009,,,,,,,,,1362636.00,,1362636.00,1362636.00,2023-07-06,2023,2023-07-06,2023,2023-07-06,2025-01-29,2025-01-29 00:00:00,,2022-09-06,097,Department of Defense,1700,Department of the Navy,N00383,NAVSUP WEAPON SYSTEMS SUPPORT,097,Department of Defense,1700,Department of the Navy,N00383,NAVSUP WEAPON SYSTEMS SUPPORT,,,,,X,NOT APPLICABLE,,,M42FB4JKXQS4,,"SHERWOOD AVIONICS AND ACCESSORIES, INC.","SHERWOOD AVIONICS AND ACCESSORIES, INC.",,3EM37,M42FB4JKXQS4,,"SHERWOOD AVIONICS AND ACCESSORIES, INC.",SHERWOOD AVIONICS AND ACCESSORIES  INC.,USA,UNITED STATES,4690 NW 128TH ST,,OPA LOCKA,12086,MIAMI-DADE,12,FL,FLORIDA,330545130,FL-24,FL-24,3054772994,3054773367,USA,UNITED STATES,OPA LOCKA,12086,MIAMI-DADE,12,FL,FLORIDA,330545130,FL-24,FL-24,AWARD,D,DEFINITIVE CONTRACT,,,,,,,J,FIRM FIXED PRICE,"VALVE, PRESSURE REG",N0038322RD438,1,,,1680,MISCELLANEOUS AIRCRAFT ACCESSORIES AND COMPONENTS,H,NOT BUNDLED,,,334511,"SEARCH, DETECTION, NAVIGATION, GUIDANCE, AERONAUTICAL, AND NAUTICAL SYSTEM AND INSTRUMENT MANUFACTURING",C,NO CLAUSES INCLUDED AND NO SUSTAINABILITY INCLUDED,A,U.S. OWNED BUSINESS,000,NONE,Z,NOT IT PRODUCTS OR SERVICES,E,NOT REQUIRED,USA,UNITED STATES,D,MFG IN U.S.,B,PLAN NOT REQUIRED,D,FULL AND OPEN COMPETITION AFTER EXCLUSION OF SOURCES,NP,NEGOTIATED PROPOSAL/QUOTE,NONE,NO SET ASIDE USED.,NONE,NO PREFERENCE USED,,,,,ONE,ONLY ONE SOURCE-OTHER (FAR 6.302-1 OTHER),2,D,COMMERCIAL PRODUCTS/SERVICES PROCEDURES NOT USED,f,N,NO,,,Y,YES,N,NO,0.00,N,NO,X,NOT APPLICABLE,N,NO,X,NOT APPLICABLE,X,NOT APPLICABLE,,,,,,,,NONE,NONE,N,NO,X,NOT APPLICABLE EXEMPT FROM CAS,N,TRANSACTION DOES NOT USE GFE/GFP,,,D,NOT CONSOLIDATED,X,NOT APPLICABLE,N,NO,Z,NOT APPLICABLE,N,NO,X,NOT APPLICABLE,f,f,f,f,f,f,f,f,f,f,f,f,f,f,f,f,f,f,f,SMALL BUSINESS,S,f,f,f,f,f,f,f,f,f,f,f,f,f,f,f,f,f,CORPORATE NOT TAX EXEMPT,t,f,f,f,f,f,f,f,f,f,f,f,t,f,f,f,f,t,f,f,f,f,f,f,f,f,f,f,t,f,f,f,f,f,f,f,f,f,f,f,f,f,f,f,f,f,f,f,f,f,,,,,,,,,,,https://www.usaspending.gov/award/CONT_AWD_N0038323CD009_9700_-NONE-_-NONE-/,2026-01-27 13:36:59+00
CONT_AWD_N0038323CM026_9700_-NONE-_-NONE-,N0038323CM026,,,,,,,,,503800.00,,503800.00,503800.00,2023-06-14,2023,2023-07-06,2023,2023-06-14,2024-07-06,2024-07-06 00:00:00,,2022-05-24,097,Department of Defense,1700,Department of the Navy,N00383,NAVSUP WEAPON SYSTEMS SUPPORT,097,Department of Defense,1700,Department of the Navy,N00383,NAVSUP WEAPON SYSTEMS SUPPORT,,,,,X,NOT APPLICABLE,,,XRN4L5GSHNJ5,,MASON ELECTRIC CO.,MASON ELECTRIC CO.,,81579,UAC2KLJM4XY1,,TRANSDIGM GROUP INCORPORATED,MASON ELECTRIC CO.,USA,UNITED STATES,13955 BALBOA BLVD,,SYLMAR,06037,LOS ANGELES,06,CA,CALIFORNIA,913421084,CA-29,CA-29,8183613366,8183655505,USA,UNITED STATES,SYLMAR,06037,LOS ANGELES,06,CA,CALIFORNIA,913421084,CA-29,CA-29,AWARD,D,DEFINITIVE CONTRACT,,,,,,,J,FIRM FIXED PRICE,"HUB,CONTROL WHEEL,A",,1,,,1680,MISCELLANEOUS AIRCRAFT ACCESSORIES AND COMPONENTS,H,NOT BUNDLED,,,336413,OTHER AIRCRAFT PARTS AND AUXILIARY EQUIPMENT MANUFACTURING,C,NO CLAUSES INCLUDED AND NO SUSTAINABILITY INCLUDED,A,U.S. OWNED BUSINESS,000,NONE,Z,NOT IT PRODUCTS OR SERVICES,E,NOT REQUIRED,USA,UNITED STATES,D,MFG IN U.S.,A,PLAN NOT INCLUDED - NO SUBCONTRACTING POSSIBILITIES,C,NOT COMPETED,SSS,ONLY ONE SOURCE,NONE,NO SET ASIDE USED.,NONE,NO PREFERENCE USED,,,,,ONE,ONLY ONE SOURCE-OTHER (FAR 6.302-1 OTHER),1,A,COMMERCIAL PRODUCTS/SERVICES,f,N,NO,,,N,NO,N,NO,0.00,N,NO,X,NOT APPLICABLE,N,NO,X,NOT APPLICABLE,X,NOT APPLICABLE,,,,,,,,NONE,NONE,N,NO,X,NOT APPLICABLE EXEMPT FROM CAS,Y,TRANSACTION USES GFE/GFP,,,D,NOT CONSOLIDATED,X,NOT APPLICABLE,N,NO,Z,NOT APPLICABLE,N,NO,X,NOT APPLICABLE,f,f,f,f,f,f,f,f,f,f,f,f,f,f,f,f,f,f,f,OTHER THAN SMALL BUSINESS,O,f,f,f,f,f,f,f,f,f,f,f,f,f,f,f,f,f,CORPORATE NOT TAX EXEMPT,t,f,f,f,f,f,f,f,f,f,f,f,t,f,f,f,f,t,f,f,f,f,f,f,f,f,f,f,t,f,f,f,f,f,f,f,f,f,f,f,f,f,f,f,f,f,f,f,f,f,,,,,,,,,,,https://www.usaspending.gov/award/CONT_AWD_N0038323CM026_9700_-NONE-_-NONE-/,2024-09-06 15:05:22+00
CONT_AWD_N0038323CT023_9700_-NONE-_-NONE-,N0038323CT023,,,,,,,,,419802.97,,419802.97,419802.97,2023-06-22,2023,2023-07-13,2023,2023-06-22,2025-06-23,2025-06-23 00:00:00,,2023-02-07,097,Department of Defense,1700,Department of the Navy,N00383,NAVSUP WEAPON SYSTEMS SUPPORT,097,Department of Defense,1700,Department of the Navy,N65916,NAVSUP WSS PHIL FMS (MPN),,,,,A,FOREIGN FUNDS FMS,,,JDNZNGBLW8A9,,"PALOMAR PRODUCTS, INC.",PALOMAR PRODUCTS INC,,00816,EUY1C3NM2WN3,,TRANSDIGM GROUP INCORPORATED,PALOMAR PRODUCTS INC,USA,UNITED STATES,23042 ARROYO VIS,,RANCHO SANTA MARGARITA,06059,ORANGE,06,CA,CALIFORNIA,926882617,CA-45,CA-40,9497665336,,USA,UNITED STATES,RANCHO SANTA MARGARITA,06059,ORANGE,06,CA,CALIFORNIA,926882617,CA-40,CA-40,AWARD,D,DEFINITIVE CONTRACT,,,,,,,J,FIRM FIXED PRICE,FLIGHT DECK MISSION,,1,,,5831,"INTERCOMMUNICATION AND PUBLIC ADDRESS SYSTEMS, AIRBORNE",H,NOT BUNDLED,,,334310,AUDIO AND VIDEO EQUIPMENT MANUFACTURING,C,NO CLAUSES INCLUDED AND NO SUSTAINABILITY INCLUDED,A,U.S. OWNED BUSINESS,000,NONE,Z,NOT IT PRODUCTS OR SERVICES,E,NOT REQUIRED,USA,UNITED STATES,D,MFG IN U.S.,A,PLAN NOT INCLUDED - NO SUBCONTRACTING POSSIBILITIES,G,NOT COMPETED UNDER SAP,SP1,SIMPLIFIED ACQUISITION,NONE,NO SET ASIDE USED.,NONE,NO PREFERENCE USED,,,,,SP2,SAP NON-COMPETITION (FAR 13),1,D,COMMERCIAL PRODUCTS/SERVICES PROCEDURES NOT USED,f,N,NO,,,X,NOT APPLICABLE,N,NO,0.00,N,NO,X,NOT APPLICABLE,N,NO,X,NOT APPLICABLE,X,NOT APPLICABLE,,,,,,,,NONE,NONE,N,NO,X,NOT APPLICABLE EXEMPT FROM CAS,N,TRANSACTION DOES NOT USE GFE/GFP,,,D,NOT CONSOLIDATED,X,NOT APPLICABLE,N,NO,Z,NOT APPLICABLE,N,NO,X,NOT APPLICABLE,f,f,f,f,f,f,f,f,f,f,f,f,f,f,f,f,f,f,f,OTHER THAN SMALL BUSINESS,O,f,f,f,f,f,f,f,f,f,f,f,f,f,f,f,f,f,CORPORATE NOT TAX EXEMPT,t,f,f,f,f,f,f,f,f,f,f,f,t,f,f,f,f,t,f,f,f,f,f,f,f,t,f,f,t,f,f,f,f,f,f,f,f,f,f,f,f,f,f,f,f,f,f,f,f,f,,,,,,,,,,,https://www.usaspending.gov/award/CONT_AWD_N0038323CT023_9700_-NONE-_-NONE-/,2023-07-19 07:47:24+00
CONT_AWD_N0038323CT025_9700_-NONE-_-NONE-,N0038323CT025,,,,,,,,,584448.00,,584448.00,584448.00,2023-07-12,2023,2023-07-12,2023,2023-07-12,2024-07-11,2024-07-11 00:00:00,,,097,Department of Defense,1700,Department of the Navy,N00383,NAVSUP WEAPON SYSTEMS SUPPORT,097,Department of Defense,1700,Department of the Navy,N00383,NAVSUP WEAPON SYSTEMS SUPPORT,,,,,X,NOT APPLICABLE,,,JDNZNGBLW8A9,,"PALOMAR PRODUCTS, INC.",PALOMAR PRODUCTS INC,,00816,EUY1C3NM2WN3,,TRANSDIGM GROUP INCORPORATED,PALOMAR PRODUCTS INC,USA,UNITED STATES,23042 ARROYO VIS,,RANCHO SANTA MARGARITA,06059,ORANGE,06,CA,CALIFORNIA,926882617,CA-45,CA-40,9497665336,,USA,UNITED STATES,RANCHO SANTA MARGARITA,06059,ORANGE,06,CA,CALIFORNIA,926882617,CA-40,CA-40,AWARD,D,DEFINITIVE CONTRACT,,,,,,,J,FIRM FIXED PRICE,"CHASSIS,ELECTRICAL-",,1,,,5975,ELECTRICAL HARDWARE AND SUPPLIES,H,NOT BUNDLED,,,335931,CURRENT-CARRYING WIRING DEVICE MANUFACTURING,C,NO CLAUSES INCLUDED AND NO SUSTAINABILITY INCLUDED,A,U.S. OWNED BUSINESS,000,NONE,Z,NOT IT PRODUCTS OR SERVICES,E,NOT REQUIRED,USA,UNITED STATES,D,MFG IN U.S.,A,PLAN NOT INCLUDED - NO SUBCONTRACTING POSSIBILITIES,G,NOT COMPETED UNDER SAP,SP1,SIMPLIFIED ACQUISITION,NONE,NO SET ASIDE USED.,NONE,NO PREFERENCE USED,,,,,SP2,SAP NON-COMPETITION (FAR 13),1,D,COMMERCIAL PRODUCTS/SERVICES PROCEDURES NOT USED,f,N,NO,,,X,NOT APPLICABLE,N,NO,0.00,N,NO,X,NOT APPLICABLE,N,NO,X,NOT APPLICABLE,X,NOT APPLICABLE,,,,,,,,NONE,NONE,W,NOT OBTAINED - WAIVED,X,NOT APPLICABLE EXEMPT FROM CAS,N,TRANSACTION DOES NOT USE GFE/GFP,,,D,NOT CONSOLIDATED,X,NOT APPLICABLE,N,NO,Z,NOT APPLICABLE,N,NO,X,NOT APPLICABLE,f,f,f,f,f,f,f,f,f,f,f,f,f,f,f,f,f,f,f,OTHER THAN SMALL BUSINESS,O,f,f,f,f,f,f,f,f,f,f,f,f,f,f,f,f,f,CORPORATE NOT TAX EXEMPT,t,f,f,f,f,f,f,f,f,f,f,f,t,f,f,f,f,t,f,f,f,f,f,f,f,t,f,f,t,f,f,f,f,f,f,f,f,f,f,f,f,f,f,f,f,f,f,f,f,f,,,,,,,,,,,https://www.usaspending.gov/award/CONT_AWD_N0038323CT025_9700_-NONE-_-NONE-/,2023-08-02 09:58:40+00
CONT_AWD_N0040623C0025_9700_-NONE-_-NONE-,N0040623C0025,,,,,,,,,622486.72,,622486.72,622486.72,2023-07-13,2023,2023-07-13,2023,2023-07-13,2024-01-02,2024-01-02 00:00:00,,,097,Department of Defense,1700,Department of the Navy,N00406,NAVSUP FLT LOG CTR PUGET SOUND,097,Department of Defense,1700,Department of the Navy,N29786,USNS MILLINOCKET  T-EPF 3,,,,,X,NOT APPLICABLE,,,YELYMYLF82L9,,"LAKE SHORE SYSTEMS, INC.","LAKE SHORE SYSTEMS, INC.",,7QAR4,YELYMYLF82L9,,"LAKE SHORE SYSTEMS, INC.",LAKE SHORE SYSTEMS  INC.,USA,UNITED STATES,2141 WOODWARD AVENUE,,KINGSFORD,26043,DICKINSON,26,MI,MICHIGAN,498024206,MI-01,MI-01,9067763125,,USA,UNITED STATES,KINGSFORD,26043,DICKINSON,26,MI,MICHIGAN,498024206,MI-01,MI-01,AWARD,D,DEFINITIVE CONTRACT,,,,,,,J,FIRM FIXED PRICE,STERN RAMP PARTS,N0040623R0041,1,,,3960,FREIGHT ELEVATORS,H,NOT BUNDLED,,,333921,ELEVATOR AND MOVING STAIRWAY MANUFACTURING,C,NO CLAUSES INCLUDED AND NO SUSTAINABILITY INCLUDED,A,U.S. OWNED BUSINESS,000,NONE,Z,NOT IT PRODUCTS OR SERVICES,A,MEETS REQUIREMENTS,USA,UNITED STATES,D,MFG IN U.S.,B,PLAN NOT REQUIRED,G,NOT COMPETED UNDER SAP,SP1,SIMPLIFIED ACQUISITION,NONE,NO SET ASIDE USED.,NONE,NO PREFERENCE USED,,,,,SP2,SAP NON-COMPETITION (FAR 13),1,A,COMMERCIAL PRODUCTS/SERVICES,f,Y,YES,,,Y,YES,N,NO,0.00,N,NO,X,NOT APPLICABLE,X,NOT APPLICABLE,X,NOT APPLICABLE,X,NOT APPLICABLE,,,,,,,,NONE,NONE,N,NO,X,NOT APPLICABLE EXEMPT FROM CAS,N,TRANSACTION DOES NOT USE GFE/GFP,,,D,NOT CONSOLIDATED,X,NOT APPLICABLE,N,NO,Z,NOT APPLICABLE,N,NO,X,NOT APPLICABLE,f,f,f,f,f,f,f,f,f,f,f,f,f,f,f,f,f,f,f,OTHER THAN SMALL BUSINESS,O,f,f,f,f,f,f,f,f,f,f,f,f,f,f,f,f,f,CORPORATE NOT TAX EXEMPT,t,f,f,f,f,f,f,f,f,f,f,f,t,f,f,f,f,t,f,f,f,f,f,f,f,f,f,f,t,f,f,f,f,f,f,f,f,f,f,f,f,f,f,f,f,f,f,f,f,f,SCOTT  SIEVERT,253107.00,FRITZ  WENZEL,222937.00,SCOTT  ABATA,163525.00,STEVE  MILLER,212870.00,JOHN  PARK,159133.00,https://www.usaspending.gov/award/CONT_AWD_N0040623C0025_9700_-NONE-_-NONE-/,2025-12-10 14:13:12+00
CONT_AWD_N0042115C0034_9700_-NONE-_-NONE-,N0042115C0034,,,,,,,,,3140900.92,,3546516.80,3586587.85,2015-05-28,2015,2023-07-13,2023,2015-06-01,2018-05-31,2018-05-31 00:00:00,,,097,Department of Defense,9763,Defense Contract Management Agency,S2404A,DCMA MID-ATLANTIC,097,Department of Defense,1700,Department of the Navy,N00421,NAVAL AIR WARFARE CENTER AIR DIV,,,,,X,NOT APPLICABLE,,,SKKXHJP1Y7L8,,"BOWHEAD BUSINESS AND TECHNOLOGY SOLUTIONS, LLC","BOWHEAD BUSINESS AND TECHNOLOGY SOLUTIONS, LLC",,6Q2H1,JRJCX349JCZ4,,UIC GOVERNMENT SERVICES LLC,UIC GOVERNMENT SERVICES  LLC,USA,UNITED STATES,4900 SEMINARY RD STE 1200,,ALEXANDRIA,51510,ALEXANDRIA (CITY),51,VA,VIRGINIA,223111855,VA-11,VA-08,8504846970,,USA,UNITED STATES,SPRINGFIELD,51059,FAIRFAX,51,VA,VIRGINIA,221501822,VA-11,VA-11,AWARD,D,DEFINITIVE CONTRACT,,,,,,,U,COST PLUS FIXED FEE,IGF::OT::IGF ADMINISTRATIVE AND FINANCIAL MANAGEMENT SUPPORT SERVICES FOR H-53 (PM-261),N0042115R0005,1,OT,OTHER FUNCTIONS,R408,SUPPORT- PROFESSIONAL: PROGRAM MANAGEMENT/SUPPORT,D,NOT A BUNDLED REQUIREMENT,S1,SERVICES,561110,OFFICE ADMINISTRATIVE SERVICES,C,NO CLAUSES INCLUDED AND NO SUSTAINABILITY INCLUDED,A,U.S. OWNED BUSINESS,000,NONE,Z,NOT IT PRODUCTS OR SERVICES,E,NOT REQUIRED,USA,UNITED STATES,C,NOT A MANUFACTURED END PRODUCT,B,PLAN NOT REQUIRED,B,NOT AVAILABLE FOR COMPETITION,SSS,ONLY ONE SOURCE,8AN,8(A) SOLE SOURCE,NONE,NO PREFERENCE USED,,,,,OTH,AUTHORIZED BY STATUTE (FAR 6.302-5(A)(2)(I)),1,D,COMMERCIAL PRODUCTS/SERVICES PROCEDURES NOT USED,f,N,NO,N,NO,Y,YES,N,NO,0.00,N,NO,N,NO,N,NO,N,NO,X,NOT APPLICABLE,,,,,,,,NONE,NONE,N,NO,Y,YES - CAS CLAUSE INCLUDED,N,TRANSACTION DOES NOT USE GFE/GFP,U,UNKNOWN,N,NO,Y,YES - SERVICE WHERE PBA IS USED.,N,NO,Z,NOT APPLICABLE,N,NO,X,NOT APPLICABLE,t,f,f,f,f,f,f,f,f,f,f,f,t,f,f,f,f,t,f,SMALL BUSINESS,S,f,f,f,f,f,f,f,f,f,f,f,f,f,f,f,f,f,CORPORATE NOT TAX EXEMPT,t,f,f,f,f,f,f,f,f,f,f,f,f,f,f,f,f,t,f,f,f,f,f,f,f,f,t,f,t,f,f,f,f,f,f,f,f,f,f,f,f,f,f,f,f,t,f,t,f,f,MICHAEL  HUNDLEY,498433.00,MICHELE  RAMBO,284558.00,CARY  RANDOLPH,338659.00,JUSTIN  CORRIGAN,326730.00,ROB  BIERMAN,288218.00,https://www.usaspending.gov/award/CONT_AWD_N0042115C0034_9700_-NONE-_-NONE-/,2023-07-28 16:13:21+00
CONT_AWD_N0042119C0013_9700_-NONE-_-NONE-,N0042119C0013,,,,,,,,,11951218.90,,11951218.90,11951218.90,2019-03-13,2019,2023-07-13,2023,2019-03-13,2024-03-31,2024-03-31 00:00:00,,2018-10-31,097,Department of Defense,1700,Department of the Navy,N68520,FLEET READINESS CENTER,097,Department of Defense,1700,Department of the Navy,N68520,FLEET READINESS CENTER,,,,,X,NOT APPLICABLE,,,RGERMRLQ2E64,,TECH SYSTEMS INC,"TECH SYSTEMS, INC.",,0YKH7,RGERMRLQ2E64,,TECH SYSTEMS INC,TECH SYSTEMS  INC.,USA,UNITED STATES,6361 WALKER LN STE 120,,ALEXANDRIA,51059,FAIRFAX,51,VA,VIRGINIA,223103280,VA-11,VA-11,7039240474,7039241615,USA,UNITED STATES,CHERRY POINT,37049,CRAVEN,37,NC,NORTH CAROLINA,285330021,NC-03,NC-03,AWARD,D,DEFINITIVE CONTRACT,,,,,,,J,FIRM FIXED PRICE,FRCE TRANSPORTATION SUPPORT SERVICES,N0042119R0007,1,OT,OTHER FUNCTIONS,V129,TRANSPORTATION/TRAVEL/RELOCATION- TRANSPORTATION: OTHER,H,NOT BUNDLED,S1,SERVICES,561210,FACILITIES SUPPORT SERVICES,C,NO CLAUSES INCLUDED AND NO SUSTAINABILITY INCLUDED,A,U.S. OWNED BUSINESS,000,NONE,Z,NOT IT PRODUCTS OR SERVICES,E,NOT REQUIRED,USA,UNITED STATES,C,NOT A MANUFACTURED END PRODUCT,B,PLAN NOT REQUIRED,D,FULL AND OPEN COMPETITION AFTER EXCLUSION OF SOURCES,NP,NEGOTIATED PROPOSAL/QUOTE,SBA,SMALL BUSINESS SET ASIDE - TOTAL,NONE,NO PREFERENCE USED,,,,,,,6,D,COMMERCIAL PRODUCTS/SERVICES PROCEDURES NOT USED,f,N,NO,N,NO,Y,YES,N,NO,0.00,N,NO,X,NOT APPLICABLE,X,NOT APPLICABLE,X,NOT APPLICABLE,X,NOT APPLICABLE,,,,,,,,NONE,NONE,N,NO,Y,YES - CAS CLAUSE INCLUDED,Y,TRANSACTION USES GFE/GFP,N,NO,D,NOT CONSOLIDATED,Y,YES - SERVICE WHERE PBA IS USED.,N,NO,Z,NOT APPLICABLE,N,NO,X,NOT APPLICABLE,f,f,f,f,f,t,f,f,f,f,f,f,f,f,f,f,f,f,f,SMALL BUSINESS,S,f,f,f,f,f,f,f,f,f,f,f,f,f,f,f,f,f,CORPORATE NOT TAX EXEMPT,t,f,f,f,f,f,f,f,f,f,f,f,f,f,f,f,f,t,f,f,f,f,f,f,f,t,f,f,t,f,f,f,f,f,f,f,f,f,f,f,f,f,f,f,f,t,f,f,f,f,SCOTTY R MARTIN,270000.00,BO  D'AJOUX,163000.00,MAX  LOBETO,150000.00,,,,,https://www.usaspending.gov/award/CONT_AWD_N0042119C0013_9700_-NONE-_-NONE-/,2023-07-13 19:09:43+00
CONT_AWD_N0060421C4001_9700_-NONE-_-NONE-,N0060421C4001,,,,Q: Not Designated Nonemergency/Emergency/Disaster/Wildfire Suppression,,,,,8912179.78,1102796.45,9487767.93,27855323.52,2020-12-15,2021,2023-07-06,2023,2020-12-20,2023-09-30,2025-09-30 00:00:00,,2020-07-15,097,Department of Defense,1700,Department of the Navy,N00604,NAVSUP FLT LOG CTR PEARL HARBOR,097,Department of Defense,1700,Department of the Navy,N62813,JOINT BASE PEARL HARBOR HICKAM,017-2021/2021-1804-000;017-2022/2022-1804-000;017-2023/2023-1804-000,017-1804,25.4: Operation and maintenance of facilities,0001: OPERATING FORCES;0004: ADMINISTRATION AND SERVICE-WIDE ACTIVITIES,X,NOT APPLICABLE,,,HG4NLAJJX2B3,,"BOWHEAD MARINE SUPPORT SERVICES, LLC","BOWHEAD MARINE SUPPORT SERVICES, LLC",,7TYH1,JRJCX349JCZ4,,UIC GOVERNMENT SERVICES LLC,UIC GOVERNMENT SERVICES  LLC,USA,UNITED STATES,6564 LOISDALE CT STE 900,,SPRINGFIELD,51059,FAIRFAX,51,VA,VIRGINIA,221501822,VA-11,VA-11,9127293775,,USA,UNITED STATES,PEARL HARBOR,15003,HONOLULU,15,HI,HAWAII,968603104,HI-01,HI-01,AWARD,D,DEFINITIVE CONTRACT,,,,,,,J,FIRM FIXED PRICE,PORT OPERATIONS SERVICES,N0060420R4000,1,OT,OTHER FUNCTIONS,M1PZ,OPERATION OF OTHER NON-BUILDING FACILITIES,H,NOT BUNDLED,S1,SERVICES,488310,PORT AND HARBOR OPERATIONS,E,BIO-BASED,A,U.S. OWNED BUSINESS,000,NONE,Z,NOT IT PRODUCTS OR SERVICES,E,NOT REQUIRED,USA,UNITED STATES,C,NOT A MANUFACTURED END PRODUCT,B,PLAN NOT REQUIRED,D,FULL AND OPEN COMPETITION AFTER EXCLUSION OF SOURCES,NP,NEGOTIATED PROPOSAL/QUOTE,SBA,SMALL BUSINESS SET ASIDE - TOTAL,NONE,NO PREFERENCE USED,,,,,,,3,D,COMMERCIAL PRODUCTS/SERVICES PROCEDURES NOT USED,f,N,NO,N,NO,Y,YES,N,NO,0.00,N,NO,X,NOT APPLICABLE,Y,YES,X,NOT APPLICABLE,X,NOT APPLICABLE,,,,,,,,NONE,NONE,N,NO,X,NOT APPLICABLE EXEMPT FROM CAS,Y,TRANSACTION USES GFE/GFP,N,NO,D,NOT CONSOLIDATED,Y,YES - SERVICE WHERE PBA IS USED.,N,NO,Z,NOT APPLICABLE,N,NO,X,NOT APPLICABLE,t,f,f,f,f,f,f,f,f,f,f,f,t,f,f,f,f,t,f,SMALL BUSINESS,S,f,f,f,f,f,f,f,f,f,f,f,f,f,f,f,f,f,CORPORATE NOT TAX EXEMPT,t,f,f,f,f,f,f,f,f,f,f,f,f,f,f,f,f,t,f,f,f,f,f,f,f,f,t,f,t,f,f,f,f,f,f,f,f,f,f,f,f,f,f,f,f,t,f,t,f,f,,,,,,,,,,,https://www.usaspending.gov/award/CONT_AWD_N0060421C4001_9700_-NONE-_-NONE-/,2023-07-06 14:30:57+00
CONT_AWD_N3220523C4142_9700_-NONE-_-NONE-,N3220523C4142,,,,,,,,,23831538.15,,23831538.15,24559260.45,2022-11-22,2023,2023-07-14,2023,2023-01-16,2023-05-18,2023-05-18 00:00:00,,2022-06-16,097,Department of Defense,1700,Department of the Navy,N32205,MSCHQ NORFOLK,097,Department of Defense,1700,Department of the Navy,N32205,MSCHQ NORFOLK,,,,,X,NOT APPLICABLE,,,L7ZETMM4M9R3,,VIGOR MARINE LLC,VIGOR MARINE LLC,,4PGG4,GLB1EGQHMTM7,,CARLYLE GROUP MANAGEMENT L.L.C.,VIGOR MARINE LLC,USA,UNITED STATES,5555 N CHANNEL AVE,,PORTLAND,41051,MULTNOMAH,41,OR,OREGON,97217,OR-03,OR-03,2533041382,,USA,UNITED STATES,PORTLAND,41051,MULTNOMAH,41,OR,OREGON,972177672,OR-03,OR-03,AWARD,D,DEFINITIVE CONTRACT,,,,,,,J,FIRM FIXED PRICE,N104B2 / PM4 / K. HENDRICKS / USNS MERCY MTA,N3220522R4050,1,OT,OTHER FUNCTIONS,J999,NON-NUCLEAR SHIP REPAIR (WEST),H,NOT BUNDLED,,,336611,SHIP BUILDING AND REPAIRING,C,NO CLAUSES INCLUDED AND NO SUSTAINABILITY INCLUDED,A,U.S. OWNED BUSINESS,000,NONE,Z,NOT IT PRODUCTS OR SERVICES,E,NOT REQUIRED,USA,UNITED STATES,C,NOT A MANUFACTURED END PRODUCT,F,INDIVIDUAL SUBCONTRACT PLAN,A,FULL AND OPEN COMPETITION,NP,NEGOTIATED PROPOSAL/QUOTE,NONE,NO SET ASIDE USED.,NONE,NO PREFERENCE USED,,,,,,,1,D,COMMERCIAL PRODUCTS/SERVICES PROCEDURES NOT USED,f,N,NO,,,Y,YES,N,NO,0.00,N,NO,Y,YES,X,NOT APPLICABLE,X,NOT APPLICABLE,X,NOT APPLICABLE,,,,,,,,NONE,NONE,Y,YES,X,NOT APPLICABLE EXEMPT FROM CAS,Y,TRANSACTION USES GFE/GFP,U,UNKNOWN,D,NOT CONSOLIDATED,N,NO - SERVICE WHERE PBA IS NOT USED.,N,NO,C,PERCENTAGE OF COMPLETION PROGRESS PAYMENTS,N,NO,X,NOT APPLICABLE,f,f,f,f,f,f,f,f,f,f,f,f,f,f,f,f,f,f,f,OTHER THAN SMALL BUSINESS,O,f,f,f,f,f,f,f,f,f,f,f,f,f,f,f,f,f,CORPORATE NOT TAX EXEMPT,t,f,f,f,f,f,f,f,f,f,f,f,f,f,f,f,f,t,f,f,f,f,f,f,f,f,t,f,t,f,f,f,f,f,f,f,f,f,f,f,f,f,f,f,f,f,f,f,f,f,,,,,,,,,,,https://www.usaspending.gov/award/CONT_AWD_N3220523C4142_9700_-NONE-_-NONE-/,2023-11-16 17:26:50+00
CONT_AWD_N4008020C0028_9700_-NONE-_-NONE-,N4008020C0028,,,,Q: Not Designated Nonemergency/Emergency/Disaster/Wildfire Suppression,,,,,540667.57,0.00,540667.57,540667.57,2020-09-29,2020,2023-07-03,2023,2020-09-29,2023-08-03,2023-08-03 00:00:00,,2020-08-31,097,Department of Defense,1700,Department of the Navy,N40080,NAVFACSYSCOM WASHINGTON,097,Department of Defense,1700,Department of the Navy,N00168,WALTER REED NATIONAL,097-2020/2020-0130-000,097-0130,32.0: Land and structures,0001: OPERATION AND MAINTENANCE,X,NOT APPLICABLE,,,GR8LJ61N3PM5,,RITZ CONSTRUCTION INC,"RITZ CONSTRUCTION, INC.",,71PJ1,GR8LJ61N3PM5,,RITZ CONSTRUCTION INC,RITZ CONSTRUCTION  INC.,USA,UNITED STATES,550 HIGHLAND ST # 215D,,FREDERICK,24021,FREDERICK,24,MD,MARYLAND,217015756,MD-06,MD-06,3016743513,3013292101,USA,UNITED STATES,BETHESDA,24031,MONTGOMERY,24,MD,MARYLAND,208890001,MD-08,MD-08,AWARD,D,DEFINITIVE CONTRACT,,,,,,,J,FIRM FIXED PRICE,REPAIR LEAK IN A-E GROUND FLOOR WALKWAY/,N4008020R4149,1,OT,OTHER FUNCTIONS,Z2JZ,REPAIR OR ALTERATION OF MISCELLANEOUS BUILDINGS,H,NOT BUNDLED,C2,CONSTRUCTION,238110,POURED CONCRETE FOUNDATION AND STRUCTURE CONTRACTORS,C,NO CLAUSES INCLUDED AND NO SUSTAINABILITY INCLUDED,A,U.S. OWNED BUSINESS,000,NONE,Z,NOT IT PRODUCTS OR SERVICES,E,NOT REQUIRED,USA,UNITED STATES,C,NOT A MANUFACTURED END PRODUCT,B,PLAN NOT REQUIRED,B,NOT AVAILABLE FOR COMPETITION,SSS,ONLY ONE SOURCE,8AN,8(A) SOLE SOURCE,NONE,NO PREFERENCE USED,,,,,OTH,AUTHORIZED BY STATUTE (FAR 6.302-5(A)(2)(I)),1,D,COMMERCIAL PRODUCTS/SERVICES PROCEDURES NOT USED,f,N,NO,N,NO,X,NOT APPLICABLE,N,NO,0.00,N,NO,X,NOT APPLICABLE,Y,YES,Y,YES,X,NOT APPLICABLE,,,,,,,,NONE,NONE,N,NO,X,NOT APPLICABLE EXEMPT FROM CAS,N,TRANSACTION DOES NOT USE GFE/GFP,U,UNKNOWN,D,NOT CONSOLIDATED,Y,YES - SERVICE WHERE PBA IS USED.,N,NO,Z,NOT APPLICABLE,N,NO,X,NOT APPLICABLE,f,f,f,f,f,f,f,t,t,t,f,f,t,f,t,f,f,f,f,SMALL BUSINESS,S,f,f,f,f,f,f,f,f,f,f,f,f,f,f,f,f,f,CORPORATE NOT TAX EXEMPT,t,f,f,f,f,f,f,f,f,f,f,f,f,f,f,f,f,t,f,f,f,f,f,f,f,t,f,f,t,f,f,f,f,f,f,f,f,f,f,f,f,f,f,f,f,t,f,t,t,f,,,,,,,,,,,https://www.usaspending.gov/award/CONT_AWD_N4008020C0028_9700_-NONE-_-NONE-/,2023-07-03 12:45:38+00
CONT_AWD_N4008023C0004_9700_-NONE-_-NONE-,N4008023C0004,,,,,,,,,654000.00,,654000.00,654000.00,2023-03-16,2023,2023-07-14,2023,2023-03-14,2023-08-31,2023-08-31 00:00:00,,2023-02-08,097,Department of Defense,1700,Department of the Navy,N40080,NAVFACSYSCOM WASHINGTON,097,Department of Defense,1700,Department of the Navy,M00262,COMMANDING OFFICER,,,,,X,NOT APPLICABLE,,,UF6SCNS6FZ73,,"NATIONAL DOOR SERVICE, INC.",NATIONAL DOOR SERVICE INC,,0C311,UF6SCNS6FZ73,,"NATIONAL DOOR SERVICE, INC.",NATIONAL DOOR SERVICE  INC.,USA,UNITED STATES,3501 CENTURY AVE,,HALETHORPE,24005,BALTIMORE,24,MD,MARYLAND,212272115,MD-07,MD-07,4106361640,4106364308,USA,UNITED STATES,QUANTICO,51153,PRINCE WILLIAM,51,VA,VIRGINIA,221340855,VA-07,VA-07,AWARD,D,DEFINITIVE CONTRACT,,,,,,,J,FIRM FIXED PRICE,HANGAR DOOR REPAIR BLDG 2134,N4008023Q0001,1,OT,OTHER FUNCTIONS,Z2BZ,REPAIR OR ALTERATION OF OTHER AIRFIELD STRUCTURES,H,NOT BUNDLED,,,332311,PREFABRICATED METAL BUILDING AND COMPONENT MANUFACTURING,C,NO CLAUSES INCLUDED AND NO SUSTAINABILITY INCLUDED,A,U.S. OWNED BUSINESS,000,NONE,Z,NOT IT PRODUCTS OR SERVICES,E,NOT REQUIRED,USA,UNITED STATES,C,NOT A MANUFACTURED END PRODUCT,B,PLAN NOT REQUIRED,D,FULL AND OPEN COMPETITION AFTER EXCLUSION OF SOURCES,NP,NEGOTIATED PROPOSAL/QUOTE,SBA,SMALL BUSINESS SET ASIDE - TOTAL,NONE,NO PREFERENCE USED,,,,,,,2,A,COMMERCIAL PRODUCTS/SERVICES,f,N,NO,,,X,NOT APPLICABLE,N,NO,0.00,N,NO,X,NOT APPLICABLE,Y,YES,N,NO,X,NOT APPLICABLE,,,,,,,,NONE,NONE,N,NO,X,NOT APPLICABLE EXEMPT FROM CAS,N,TRANSACTION DOES NOT USE GFE/GFP,,,D,NOT CONSOLIDATED,Y,YES - SERVICE WHERE PBA IS USED.,N,NO,F,PERFORMANCE-BASED FINANCING,N,NO,X,NOT APPLICABLE,f,f,f,f,f,f,f,f,f,f,f,f,f,f,f,f,f,f,f,SMALL BUSINESS,S,f,f,f,f,f,f,f,f,f,f,f,f,f,f,f,f,f,CORPORATE NOT TAX EXEMPT,t,f,f,f,f,f,f,f,f,f,f,f,f,f,f,f,f,t,f,f,f,f,f,f,f,f,f,f,t,f,f,f,f,f,f,f,f,f,f,f,f,f,f,f,f,f,f,f,f,f,,,,,,,,,,,https://www.usaspending.gov/award/CONT_AWD_N4008023C0004_9700_-NONE-_-NONE-/,2023-07-14 11:34:55+00
CONT_AWD_N4008515C0805_9700_-NONE-_-NONE-,N4008515C0805,,,,N: Emergency P.L. 116-136;Q: Not Designated Nonemergency/Emergency/Disaster/Wildfire Suppression,,66726.13,,,2268121.92,210082.62,2268121.92,2268121.92,2015-03-20,2015,2023-07-03,2023,2015-04-01,2023-05-31,2023-05-31 00:00:00,,,097,Department of Defense,1700,Department of the Navy,N40085,NAVFACSYSCOM MID-ATLANTIC,097,Department of Defense,1700,Department of the Navy,MMP100,COMMANDING GENERAL,017-2019/2019-1106-000;017-2020/2020-1106-000;017-2021/2021-1106-000,017-1106,25.4: Operation and maintenance of facilities,0001: OPERATING FORCES,X,NOT APPLICABLE,,,S4L9JKVPC6J7,,HARTLEY ENTERPRISE INC,HARTLEY ENTERPRISE INC,,1UMN0,S4L9JKVPC6J7,,HARTLEY ENTERPRISE INC,HARTLEY ENTERPRISE INC,USA,UNITED STATES,9813 FANNY BROWN RD,,RALEIGH,37183,WAKE,37,NC,NORTH CAROLINA,276039015,NC-02,NC-13,9197732178,9197726419,USA,UNITED STATES,CAMP LEJEUNE,37133,ONSLOW,37,NC,NORTH CAROLINA,285472521,NC-03,NC-03,AWARD,D,DEFINITIVE CONTRACT,,,,,,,J,FIRM FIXED PRICE,IGF::OT::IGF FFP WORK-BASE PERIOD-4/1/15-3/31/16,N4008515R0805,1,OT,OTHER FUNCTIONS,M1LB,"OPERATION OF HIGHWAYS, ROADS, STREETS, BRIDGES, AND RAILWAYS",D,NOT A BUNDLED REQUIREMENT,S1,SERVICES,488490,OTHER SUPPORT ACTIVITIES FOR ROAD TRANSPORTATION,C,NO CLAUSES INCLUDED AND NO SUSTAINABILITY INCLUDED,A,U.S. OWNED BUSINESS,000,NONE,Z,NOT IT PRODUCTS OR SERVICES,E,NOT REQUIRED,USA,UNITED STATES,C,NOT A MANUFACTURED END PRODUCT,B,PLAN NOT REQUIRED,D,FULL AND OPEN COMPETITION AFTER EXCLUSION OF SOURCES,NP,NEGOTIATED PROPOSAL/QUOTE,SBA,SMALL BUSINESS SET ASIDE - TOTAL,NONE,NO PREFERENCE USED,,,,,,,1,D,COMMERCIAL PRODUCTS/SERVICES PROCEDURES NOT USED,f,N,NO,N,NO,Y,YES,N,NO,0.00,N,NO,Y,YES,Y,YES,N,NO,X,NOT APPLICABLE,,,,,,,,NONE,NONE,N,NO,X,NOT APPLICABLE EXEMPT FROM CAS,N,TRANSACTION DOES NOT USE GFE/GFP,U,UNKNOWN,N,NO,Y,YES - SERVICE WHERE PBA IS USED.,N,NO,Z,NOT APPLICABLE,N,NO,X,NOT APPLICABLE,f,f,f,f,f,f,f,f,f,f,f,f,f,f,f,f,f,f,f,SMALL BUSINESS,S,f,f,f,f,f,f,f,f,f,f,f,f,f,f,f,f,f,CORPORATE NOT TAX EXEMPT,t,f,f,f,f,f,f,f,f,f,f,f,f,f,f,f,f,t,f,f,f,f,f,f,f,t,f,f,t,f,f,f,f,f,f,f,f,f,f,f,f,f,f,f,f,f,f,f,f,f,,,,,,,,,,,https://www.usaspending.gov/award/CONT_AWD_N4008515C0805_9700_-NONE-_-NONE-/,2023-07-03 11:03:46+00
CONT_AWD_N4008523C0029_9700_-NONE-_-NONE-,N4008523C0029,,,,,,,,,354400.00,,354400.00,354400.00,2023-07-13,2023,2023-07-13,2023,2023-07-31,2024-07-30,2024-07-30 00:00:00,,2023-05-15,097,Department of Defense,1700,Department of the Navy,N40085,NAVFACSYSCOM MID-ATLANTIC,097,Department of Defense,1700,Department of the Navy,N69213,NAVAL WEAPONS STATION EARLE,,,,,X,NOT APPLICABLE,,,P1C8LRDUGHB5,,OMJ CONSULTANT LLC,OMJ CONSULTANT LIMITED LIABILITY COMPANY,,81RF9,P1C8LRDUGHB5,,OMJ CONSULTANT LLC,OMJ CONSULTANT LLC,USA,UNITED STATES,24 MOCHEN CT,,SAYREVILLE,34023,MIDDLESEX,34,NJ,NEW JERSEY,088722206,NJ-06,NJ-06,7325003826,7328982189,USA,UNITED STATES,COLTS NECK,34025,MONMOUTH,34,NJ,NEW JERSEY,077225017,NJ-04,NJ-04,AWARD,D,DEFINITIVE CONTRACT,,,,,,,J,FIRM FIXED PRICE,C2 REPLACE BOILER,N4008523R2798,1,OT,OTHER FUNCTIONS,Z2NZ,REPAIR OR ALTERATION OF OTHER UTILITIES,H,NOT BUNDLED,,,238220,"PLUMBING, HEATING, AND AIR-CONDITIONING CONTRACTORS",C,NO CLAUSES INCLUDED AND NO SUSTAINABILITY INCLUDED,A,U.S. OWNED BUSINESS,000,NONE,Z,NOT IT PRODUCTS OR SERVICES,E,NOT REQUIRED,USA,UNITED STATES,C,NOT A MANUFACTURED END PRODUCT,B,PLAN NOT REQUIRED,G,NOT COMPETED UNDER SAP,SP1,SIMPLIFIED ACQUISITION,8AN,8(A) SOLE SOURCE,NONE,NO PREFERENCE USED,,,,,OTH,AUTHORIZED BY STATUTE (FAR 6.302-5(A)(2)(I)),1,D,COMMERCIAL PRODUCTS/SERVICES PROCEDURES NOT USED,f,N,NO,,,Y,YES,N,NO,0.00,N,NO,X,NOT APPLICABLE,X,NOT APPLICABLE,Y,YES,X,NOT APPLICABLE,,,,,,,,NONE,NONE,N,NO,X,NOT APPLICABLE EXEMPT FROM CAS,N,TRANSACTION DOES NOT USE GFE/GFP,,,D,NOT CONSOLIDATED,Y,YES - SERVICE WHERE PBA IS USED.,N,NO,Z,NOT APPLICABLE,N,NO,X,NOT APPLICABLE,f,f,f,f,f,f,f,f,f,f,f,f,t,t,f,f,f,f,f,SMALL BUSINESS,S,f,f,f,f,f,f,f,f,f,f,f,f,f,f,f,f,f,CORPORATE NOT TAX EXEMPT,t,f,f,f,f,f,f,f,f,f,f,f,f,f,f,f,f,t,f,f,f,f,f,f,f,f,t,f,t,f,f,f,f,f,f,f,f,f,f,f,f,f,f,f,f,t,f,t,f,f,,,,,,,,,,,https://www.usaspending.gov/award/CONT_AWD_N4008523C0029_9700_-NONE-_-NONE-/,2025-07-10 19:20:06+00
CONT_AWD_N4008523C0031_9700_-NONE-_-NONE-,N4008523C0031,,,,,,,,,3494114.00,,3494114.00,3494114.00,2023-07-06,2023,2023-07-06,2023,2023-08-04,2026-09-17,2026-09-17 00:00:00,,2023-05-22,097,Department of Defense,1700,Department of the Navy,N40085,NAVFACSYSCOM MID-ATLANTIC,097,Department of Defense,1700,Department of the Navy,N61463,NAVY REGION MID ATLANTIC,,,,,X,NOT APPLICABLE,,,DUS6AVEQ2LH8,,"MIG GOV, LLC","MIG GOV, LLC",,6WSQ7,DUS6AVEQ2LH8,,"MIG GOV, LLC",MIG GOV  LLC,USA,UNITED STATES,545 S BIRDNECK RD,STE 202H,VIRGINIA BEACH,51810,VIRGINIA BEACH (CITY),51,VA,VIRGINIA,234515891,VA-02,VA-02,7573530121,7572578146,USA,UNITED STATES,VIRGINIA BEACH,51710,NORFOLK CITY,51,VA,VIRGINIA,234598616,VA-02,VA-02,AWARD,D,DEFINITIVE CONTRACT,,,,,,,J,FIRM FIXED PRICE,"DESIGN BUILD, REPLACE QUAYWALL BLDG 3883, JOINT EXPEDITIONARY BASE LITTLE CREEK - FORT STORY (LITTLE CREEK SITE), VIRGINIA BEACH, VA",N4008523R2716,1,OT,OTHER FUNCTIONS,Z2JZ,REPAIR OR ALTERATION OF MISCELLANEOUS BUILDINGS,H,NOT BUNDLED,,,236220,COMMERCIAL AND INSTITUTIONAL BUILDING CONSTRUCTION,C,NO CLAUSES INCLUDED AND NO SUSTAINABILITY INCLUDED,A,U.S. OWNED BUSINESS,000,NONE,Z,NOT IT PRODUCTS OR SERVICES,E,NOT REQUIRED,USA,UNITED STATES,C,NOT A MANUFACTURED END PRODUCT,B,PLAN NOT REQUIRED,B,NOT AVAILABLE FOR COMPETITION,SSS,ONLY ONE SOURCE,8AN,8(A) SOLE SOURCE,NONE,NO PREFERENCE USED,,,,,OTH,AUTHORIZED BY STATUTE (FAR 6.302-5(A)(2)(I)),1,D,COMMERCIAL PRODUCTS/SERVICES PROCEDURES NOT USED,f,N,NO,,,N,NO,N,NO,0.00,N,NO,X,NOT APPLICABLE,X,NOT APPLICABLE,Y,YES,X,NOT APPLICABLE,,,,,,,,NONE,NONE,N,NO,X,NOT APPLICABLE EXEMPT FROM CAS,N,TRANSACTION DOES NOT USE GFE/GFP,,,D,NOT CONSOLIDATED,Y,YES - SERVICE WHERE PBA IS USED.,N,NO,Z,NOT APPLICABLE,N,NO,X,NOT APPLICABLE,f,f,f,f,f,t,t,f,f,f,f,f,t,f,f,f,t,f,f,SMALL BUSINESS,S,f,f,f,f,f,f,f,f,f,f,f,f,f,f,f,f,f,CORPORATE NOT TAX EXEMPT,t,f,f,f,f,f,f,f,f,f,f,f,f,f,f,f,f,t,f,f,f,f,f,f,f,f,t,f,t,f,f,f,f,f,f,f,f,f,f,f,f,f,f,f,t,t,f,t,f,f,,,,,,,,,,,https://www.usaspending.gov/award/CONT_AWD_N4008523C0031_9700_-NONE-_-NONE-/,2023-07-06 18:59:12+00
CONT_AWD_N4008523C0032_9700_-NONE-_-NONE-,N4008523C0032,,,,,,,,,2746122.00,,2746122.00,2746122.00,2023-07-13,2023,2023-07-13,2023,2023-07-14,2024-07-30,2024-07-30 00:00:00,,2023-04-07,097,Department of Defense,1700,Department of the Navy,N40085,NAVFACSYSCOM MID-ATLANTIC,097,Department of Defense,1700,Department of the Navy,N69213,NAVAL WEAPONS STATION EARLE,,,,,X,NOT APPLICABLE,,,KJA4AFFXKLY5,,SPARK ELECTRIC LLC,SPARK ELECTRIC LLC,,6TLU7,K7J5EQELMCH5,,SPARK ELECTRIC LLC,SPARK ELECTRIC LLC,USA,UNITED STATES,420 ALLEN ST,,LINDEN,34039,UNION,34,NJ,NEW JERSEY,070361274,NJ-07,NJ-07,9082963378,,USA,UNITED STATES,COLTS NECK,34025,MONMOUTH,34,NJ,NEW JERSEY,077225017,NJ-04,NJ-04,AWARD,D,DEFINITIVE CONTRACT,,,,,,,J,FIRM FIXED PRICE,PIER 3 VOLTAGE REGULATORS,N4008523R2678,1,OT,OTHER FUNCTIONS,Z1NZ,MAINTENANCE OF OTHER UTILITIES,H,NOT BUNDLED,,,238210,ELECTRICAL CONTRACTORS AND OTHER WIRING INSTALLATION CONTRACTORS,C,NO CLAUSES INCLUDED AND NO SUSTAINABILITY INCLUDED,A,U.S. OWNED BUSINESS,000,NONE,Z,NOT IT PRODUCTS OR SERVICES,E,NOT REQUIRED,USA,UNITED STATES,C,NOT A MANUFACTURED END PRODUCT,B,PLAN NOT REQUIRED,G,NOT COMPETED UNDER SAP,SP1,SIMPLIFIED ACQUISITION,8AN,8(A) SOLE SOURCE,NONE,NO PREFERENCE USED,,,,,OTH,AUTHORIZED BY STATUTE (FAR 6.302-5(A)(2)(I)),1,D,COMMERCIAL PRODUCTS/SERVICES PROCEDURES NOT USED,f,N,NO,,,X,NOT APPLICABLE,N,NO,0.00,N,NO,X,NOT APPLICABLE,X,NOT APPLICABLE,Y,YES,X,NOT APPLICABLE,,,,,,,,NONE,NONE,N,NO,X,NOT APPLICABLE EXEMPT FROM CAS,N,TRANSACTION DOES NOT USE GFE/GFP,,,D,NOT CONSOLIDATED,Y,YES - SERVICE WHERE PBA IS USED.,N,NO,Z,NOT APPLICABLE,N,NO,X,NOT APPLICABLE,f,f,f,f,f,f,f,f,f,f,f,f,t,f,f,f,t,f,f,SMALL BUSINESS,S,f,f,f,f,f,f,f,f,f,f,f,f,f,f,f,f,f,CORPORATE NOT TAX EXEMPT,t,f,f,f,f,f,f,f,f,f,f,f,f,f,f,f,f,t,f,f,f,f,f,f,f,f,t,f,t,f,f,f,f,f,f,f,f,f,f,f,f,f,f,f,f,t,f,t,f,f,,,,,,,,,,,https://www.usaspending.gov/award/CONT_AWD_N4008523C0032_9700_-NONE-_-NONE-/,2023-07-13 16:55:50+00
CONT_AWD_N4033923CF012_9700_-NONE-_-NONE-,N4033923CF012,,,,Q: Not Designated Nonemergency/Emergency/Disaster/Wildfire Suppression,,,,,426004.42,426004.42,426004.42,426004.42,2023-07-03,2023,2023-07-09,2023,2023-06-22,2023-07-08,2023-07-08 00:00:00,,2023-06-22,097,Department of Defense,1700,Department of the Navy,N40339,NAVSUP FLC BAHRAIN,097,Department of Defense,1700,Department of the Navy,N48915,FDRMC DET BAHRAIN,017-2023/2023-1804-000,017-1804,25.7: Operation and maintenance of equipment,0004: ADMINISTRATION AND SERVICE-WIDE ACTIVITIES,X,NOT APPLICABLE,,,F2BEQJNKFY83,,"CLARUS FLUID INTELLIGENCE, LLC","CLARUS FLUID INTELLIGENCE, LLC",,4GXV0,FHH6PS5YFK53,,"RELADYNE, INC.",CLARUS FLUID INTELLIGENCE  LLC,USA,UNITED STATES,3145 MERCER AVE,STE 104,BELLINGHAM,53073,WHATCOM,53,WA,WASHINGTON,982258452,WA-02,WA-02,3606711514,3603259780,DJI,DJIBOUTI,,,,,,,,,,AWARD,D,DEFINITIVE CONTRACT,,,,,,,J,FIRM FIXED PRICE,USS INDIANAPOLIS (LCS 17),N4033923RF017,1,OT,OTHER FUNCTIONS,J998,NON-NUCLEAR SHIP REPAIR (EAST),H,NOT BUNDLED,,,336611,SHIP BUILDING AND REPAIRING,C,NO CLAUSES INCLUDED AND NO SUSTAINABILITY INCLUDED,C,FOREIGN-OWNED BUSINESS INCORPORATED IN THE U.S.,000,NONE,Z,NOT IT PRODUCTS OR SERVICES,E,NOT REQUIRED,DJI,DJIBOUTI,C,NOT A MANUFACTURED END PRODUCT,B,PLAN NOT REQUIRED,C,NOT COMPETED,SSS,ONLY ONE SOURCE,NONE,NO SET ASIDE USED.,NONE,NO PREFERENCE USED,,,,,ONE,ONLY ONE SOURCE-OTHER (FAR 6.302-1 OTHER),1,D,COMMERCIAL PRODUCTS/SERVICES PROCEDURES NOT USED,f,N,NO,,,Y,YES,N,NO,0.00,N,NO,X,NOT APPLICABLE,X,NOT APPLICABLE,X,NOT APPLICABLE,X,NOT APPLICABLE,,,,,,,,NONE,NONE,N,NO,X,NOT APPLICABLE EXEMPT FROM CAS,N,TRANSACTION DOES NOT USE GFE/GFP,,,D,NOT CONSOLIDATED,Y,YES - SERVICE WHERE PBA IS USED.,N,NO,Z,NOT APPLICABLE,N,NO,X,NOT APPLICABLE,f,f,f,f,f,f,f,f,f,f,f,f,f,f,f,f,f,f,f,OTHER THAN SMALL BUSINESS,O,f,f,f,f,f,f,f,f,f,f,f,f,f,f,f,f,f,CORPORATE NOT TAX EXEMPT,t,f,f,f,f,f,f,f,f,f,f,f,f,f,f,f,f,t,f,f,f,f,f,f,f,f,t,f,t,f,f,f,f,f,f,f,f,f,f,f,f,f,f,f,f,f,f,f,f,f,,,,,,,,,,,https://www.usaspending.gov/award/CONT_AWD_N4033923CF012_9700_-NONE-_-NONE-/,2023-07-09 06:24:40+00
CONT_AWD_N4523A23C0801_9700_-NONE-_-NONE-,N4523A23C0801,,,,Q: Not Designated Nonemergency/Emergency/Disaster/Wildfire Suppression,,,,,368425.45,0.00,368425.45,368425.45,2023-07-14,2023,2023-07-14,2023,2023-07-14,2024-06-30,2024-06-30 00:00:00,,2023-02-22,097,Department of Defense,1700,Department of the Navy,N4523A,PUGET SOUND NAVAL SHIPYARD IMF,097,Department of Defense,1700,Department of the Navy,N4523A,PUGET SOUND NAVAL SHIPYARD IMF,017-2023/2023-1804-000,017-1804,25.7: Operation and maintenance of equipment,0801: REIMBURSABLE,X,NOT APPLICABLE,,,GXPHJRVG9MR7,,DRS NAVAL POWER SYSTEMS INC,DRS NAVAL POWER SYSTEMS INC,,27192,YYVHWZMPP3F8,,DRS NAVAL POWER SYSTEMS INC,DRS NAVAL POWER SYSTEMS INC,USA,UNITED STATES,W126N7449 FLINT DR,,MENOMONEE FALLS,55133,WAUKESHA,55,WI,WISCONSIN,530514479,WI-05,WI-05,4146159154,4143591910,USA,UNITED STATES,BREMERTON,53035,KITSAP,53,WA,WASHINGTON,983140001,WA-06,WA-06,AWARD,D,DEFINITIVE CONTRACT,,,,,,,J,FIRM FIXED PRICE,ON-SITE SUPPORT FOR OFF-HULL RELIABILITY,N4523A23R0807,1,OT,OTHER FUNCTIONS,B541,SPECIAL STUDIES/ANALYSIS- DEFENSE,H,NOT BUNDLED,,,336611,SHIP BUILDING AND REPAIRING,C,NO CLAUSES INCLUDED AND NO SUSTAINABILITY INCLUDED,A,U.S. OWNED BUSINESS,000,NONE,Z,NOT IT PRODUCTS OR SERVICES,E,NOT REQUIRED,USA,UNITED STATES,C,NOT A MANUFACTURED END PRODUCT,B,PLAN NOT REQUIRED,C,NOT COMPETED,SSS,ONLY ONE SOURCE,NONE,NO SET ASIDE USED.,NONE,NO PREFERENCE USED,,,,,ONE,ONLY ONE SOURCE-OTHER (FAR 6.302-1 OTHER),1,A,COMMERCIAL PRODUCTS/SERVICES,f,N,NO,,,Y,YES,N,NO,0.00,N,NO,X,NOT APPLICABLE,Y,YES,X,NOT APPLICABLE,X,NOT APPLICABLE,,,,,,,SUB,NONE,NONE,N,NO,X,NOT APPLICABLE EXEMPT FROM CAS,N,TRANSACTION DOES NOT USE GFE/GFP,,,D,NOT CONSOLIDATED,N,NO - SERVICE WHERE PBA IS NOT USED.,N,NO,Z,NOT APPLICABLE,N,NO,X,NOT APPLICABLE,f,f,f,f,f,f,f,f,f,f,f,f,f,f,f,f,f,f,f,OTHER THAN SMALL BUSINESS,O,f,f,f,f,f,f,f,f,f,f,f,f,f,f,f,f,f,CORPORATE NOT TAX EXEMPT,t,f,f,f,f,f,f,f,f,f,f,f,t,f,f,f,f,t,f,f,f,f,f,f,f,f,f,f,t,f,f,f,f,f,f,f,f,f,f,f,f,f,f,f,f,f,f,f,f,f,,,,,,,,,,,https://www.usaspending.gov/award/CONT_AWD_N4523A23C0801_9700_-NONE-_-NONE-/,2024-05-13 20:15:20+00
CONT_AWD_N4523A23C1050_9700_-NONE-_-NONE-,N4523A23C1050,,,,Q: Not Designated Nonemergency/Emergency/Disaster/Wildfire Suppression,,,,,368749.61,368749.61,368749.61,368749.61,2023-03-14,2023,2023-07-05,2023,2023-04-05,2023-07-25,2023-07-25 00:00:00,,2022-12-16,097,Department of Defense,1700,Department of the Navy,N4523A,PUGET SOUND NAVAL SHIPYARD IMF,097,Department of Defense,1700,Department of the Navy,N4523A,PUGET SOUND NAVAL SHIPYARD IMF,017-2023/2023-1804-000,017-1804,25.7: Operation and maintenance of equipment,0004: ADMINISTRATION AND SERVICE-WIDE ACTIVITIES,X,NOT APPLICABLE,,,QMDNVX8Y9Y48,,PLATYPUS MARINE INC,PLATYPUS MARINE INC,,3NEK0,ELT2U6LJGVK4,,PLATYPUS MARINE INC,PLATYPUS MARINE INC,USA,UNITED STATES,518 MARINE DR,,PORT ANGELES,53009,CLALLAM,53,WA,WASHINGTON,983632230,WA-06,WA-06,3604170709,3604170729,USA,UNITED STATES,PORT ANGELES,53009,CLALLAM,53,WA,WASHINGTON,983632230,WA-06,WA-06,AWARD,D,DEFINITIVE CONTRACT,,,,,,,J,FIRM FIXED PRICE,60DS1602 DIVE BOAT MAINTENANCE,N4523A23R1055,1,OT,OTHER FUNCTIONS,J019,"MAINT/REPAIR/REBUILD OF EQUIPMENT- SHIPS, SMALL CRAFT, PONTOONS, AND FLOATING DOCKS",H,NOT BUNDLED,,,336611,SHIP BUILDING AND REPAIRING,C,NO CLAUSES INCLUDED AND NO SUSTAINABILITY INCLUDED,A,U.S. OWNED BUSINESS,000,NONE,Z,NOT IT PRODUCTS OR SERVICES,E,NOT REQUIRED,USA,UNITED STATES,C,NOT A MANUFACTURED END PRODUCT,B,PLAN NOT REQUIRED,D,FULL AND OPEN COMPETITION AFTER EXCLUSION OF SOURCES,NP,NEGOTIATED PROPOSAL/QUOTE,SBA,SMALL BUSINESS SET ASIDE - TOTAL,NONE,NO PREFERENCE USED,,,,,,,2,D,COMMERCIAL PRODUCTS/SERVICES PROCEDURES NOT USED,f,N,NO,,,Y,YES,N,NO,0.00,N,NO,Y,YES,X,NOT APPLICABLE,X,NOT APPLICABLE,X,NOT APPLICABLE,,,,,,,CMD,NONE,NONE,N,NO,X,NOT APPLICABLE EXEMPT FROM CAS,Y,TRANSACTION USES GFE/GFP,,,D,NOT CONSOLIDATED,N,NO - SERVICE WHERE PBA IS NOT USED.,N,NO,Z,NOT APPLICABLE,N,NO,X,NOT APPLICABLE,f,f,f,f,f,f,f,f,f,f,f,f,f,f,f,f,f,f,f,SMALL BUSINESS,S,f,f,f,f,f,f,f,f,f,f,f,f,f,f,f,f,f,CORPORATE NOT TAX EXEMPT,t,f,f,f,f,f,f,f,f,f,f,f,f,f,f,f,f,t,f,f,f,f,f,f,f,f,f,f,t,f,f,f,f,f,f,f,f,f,f,f,f,f,f,f,f,f,f,f,t,f,,,,,,,,,,,https://www.usaspending.gov/award/CONT_AWD_N4523A23C1050_9700_-NONE-_-NONE-/,2023-07-05 16:52:13+00
CONT_AWD_N6247319C4420_9700_-NONE-_-NONE-,N6247319C4420,,,,N: Emergency P.L. 116-136;Q: Not Designated Nonemergency/Emergency/Disaster/Wildfire Suppression,,233489.76,,,1434744.77,389003.79,1434744.77,1434744.77,2019-05-20,2019,2023-07-03,2023,2019-05-16,2024-05-19,2024-05-19 00:00:00,,2019-04-12,097,Department of Defense,1700,Department of the Navy,N62473,NAVFACSYSCOM SOUTHWEST,097,Department of Defense,1700,Department of the Navy,N68732,DEFENSE FINANCE AND ACCOUNTING SERV,017-2019/2019-1804-000;017-2020/2020-1106-000;017-2020/2020-1804-000;017-2021/2021-1106-000;017-2021/2021-1804-000;017-2022/2022-1106-000;017-2022/2022-1804-000;017-2023/2023-1106-000;017-2023/2023-1804-000,017-1106;017-1804,"23.3: Communications, utilities, and miscellaneous charges;25.1: Advisory and assistance services;25.3: Other goods and services from Federal sources;25.4: Operation and maintenance of facilities",0001: OPERATING FORCES;0004: ADMINISTRATION AND SERVICE-WIDE ACTIVITIES;0004: ADMIN & SRVWD ACTIVITIES;0020: UNDISTRIBUTED;OPTN: FIELD IS OPTIONAL PRIOR TO FY21,X,NOT APPLICABLE,,,HME6LMM16LA1,,"CHUGACH CONSOLIDATED SOLUTIONS, LLC","CHUGACH CONSOLIDATED SOLUTIONS, LLC",,6XZF0,L2YMLW7SK3K8,,CHUGACH ALASKA CORPORATION,CHUGACH ALASKA CORPORATION,USA,UNITED STATES,3800 CENTERPOINT DR STE 1200,,ANCHORAGE,02020,ANCHORAGE,02,AK,ALASKA,995035825,AK-00,AK-00,9078682875,9075638402,USA,UNITED STATES,SAN DIEGO,06073,SAN DIEGO,06,CA,CALIFORNIA,921325000,CA-50,CA-50,AWARD,D,DEFINITIVE CONTRACT,,,,,,,J,FIRM FIXED PRICE,METER READING SERVICES - BASE PERIOD,,1,OT,OTHER FUNCTIONS,S216,HOUSEKEEPING- FACILITIES OPERATIONS SUPPORT,H,NOT BUNDLED,S1,SERVICES,561990,ALL OTHER SUPPORT SERVICES,C,NO CLAUSES INCLUDED AND NO SUSTAINABILITY INCLUDED,A,U.S. OWNED BUSINESS,000,NONE,Z,NOT IT PRODUCTS OR SERVICES,E,NOT REQUIRED,USA,UNITED STATES,C,NOT A MANUFACTURED END PRODUCT,B,PLAN NOT REQUIRED,G,NOT COMPETED UNDER SAP,SP1,SIMPLIFIED ACQUISITION,8AN,8(A) SOLE SOURCE,NONE,NO PREFERENCE USED,,,,,OTH,AUTHORIZED BY STATUTE (FAR 6.302-5(A)(2)(I)),1,A,COMMERCIAL PRODUCTS/SERVICES,f,Y,YES,N,NO,N,NO,N,NO,0.00,N,NO,X,NOT APPLICABLE,Y,YES,X,NOT APPLICABLE,X,NOT APPLICABLE,,,,,,,,NONE,NONE,N,NO,X,NOT APPLICABLE EXEMPT FROM CAS,N,TRANSACTION DOES NOT USE GFE/GFP,N,NO,D,NOT CONSOLIDATED,Y,YES - SERVICE WHERE PBA IS USED.,N,NO,Z,NOT APPLICABLE,N,NO,X,NOT APPLICABLE,t,f,f,f,t,f,f,f,f,f,f,f,t,f,f,f,f,t,f,SMALL BUSINESS,S,f,f,f,f,f,f,f,f,f,f,f,f,f,f,f,f,f,OTHER,f,f,f,f,f,f,f,f,f,f,f,f,f,f,f,f,f,t,f,f,f,f,f,f,f,f,t,f,t,f,f,f,f,f,f,f,f,f,f,f,f,f,f,f,f,t,f,t,f,f,WILLIAM  MARTZ,316544.00,COREY  ANDRUS,227452.00,BRYAN  APPELL,190559.00,STEVEN  DORSEY,177440.00,JOHN E JACKSON,176588.00,https://www.usaspending.gov/award/CONT_AWD_N6247319C4420_9700_-NONE-_-NONE-/,2023-07-03 11:14:12+00
CONT_AWD_N6247319C4606_9700_-NONE-_-NONE-,N6247319C4606,,,,Q: Not Designated Nonemergency/Emergency/Disaster/Wildfire Suppression,,,,,3740977.38,1225672.13,3740977.38,3740977.38,2019-09-26,2019,2023-07-13,2023,2019-09-27,2023-03-31,2023-03-31 00:00:00,,2019-08-21,097,Department of Defense,1700,Department of the Navy,N62473,NAVFACSYSCOM SOUTHWEST,097,Department of Defense,1700,Department of the Navy,N61065,NAVAL WEAPONS STATION SEAL BEACH,017-2019/2019-1107-000;017-2019/2019-1804-000;017-2020/2020-1107-000;017-2020/2020-1804-000;017-2021/2021-1107-000;017-2021/2021-1804-000;017-2022/2022-1107-000;017-2022/2022-1804-000;017-2023/2023-1804-000;021-2022/2022-2080-000,017-1107;017-1804;021-2080,25.3: Other goods and services from Federal sources;25.4: Operation and maintenance of facilities,0001: OPERATING FORCES;0004: ADMINISTRATION AND SERVICE-WIDE ACTIVITIES;0004: ADMIN & SRVWD ACTIVITIES;OPTN: FIELD IS OPTIONAL PRIOR TO FY21,X,NOT APPLICABLE,,,HME6LMM16LA1,,"CHUGACH CONSOLIDATED SOLUTIONS, LLC","CHUGACH CONSOLIDATED SOLUTIONS, LLC",,6XZF0,L2YMLW7SK3K8,,CHUGACH ALASKA CORPORATION,CHUGACH ALASKA CORPORATION,USA,UNITED STATES,3800 CENTERPOINT DR STE 1200,,ANCHORAGE,02020,ANCHORAGE,02,AK,ALASKA,995035825,AK-00,AK-00,9078682875,9078682876,USA,UNITED STATES,SEAL BEACH,06059,ORANGE,06,CA,CALIFORNIA,907400001,CA-47,CA-47,AWARD,D,DEFINITIVE CONTRACT,,,,,,,J,FIRM FIXED PRICE,GROUNDS MAINTENANCE SERVICES AT NWSSB&DETACHMENTS NORCO&FALLBROOK,N6247319Q4606,1,OT,OTHER FUNCTIONS,S208,HOUSEKEEPING- LANDSCAPING/GROUNDSKEEPING,H,NOT BUNDLED,S1,SERVICES,561730,LANDSCAPING SERVICES,C,NO CLAUSES INCLUDED AND NO SUSTAINABILITY INCLUDED,A,U.S. OWNED BUSINESS,000,NONE,Z,NOT IT PRODUCTS OR SERVICES,E,NOT REQUIRED,USA,UNITED STATES,C,NOT A MANUFACTURED END PRODUCT,B,PLAN NOT REQUIRED,F,COMPETED UNDER SAP,SP1,SIMPLIFIED ACQUISITION,8A,8A COMPETED,NONE,NO PREFERENCE USED,,,,,,,4,A,COMMERCIAL PRODUCTS/SERVICES,f,N,NO,N,NO,Y,YES,N,NO,0.00,N,NO,X,NOT APPLICABLE,Y,YES,X,NOT APPLICABLE,X,NOT APPLICABLE,,,,,,,,NONE,NONE,N,NO,X,NOT APPLICABLE EXEMPT FROM CAS,N,TRANSACTION DOES NOT USE GFE/GFP,U,UNKNOWN,D,NOT CONSOLIDATED,Y,YES - SERVICE WHERE PBA IS USED.,N,NO,Z,NOT APPLICABLE,N,NO,X,NOT APPLICABLE,t,f,f,f,t,f,f,f,f,f,f,f,t,f,f,f,f,t,f,SMALL BUSINESS,S,f,f,f,f,f,f,f,f,f,f,f,f,f,f,f,f,f,OTHER,f,f,f,f,f,f,f,f,f,f,f,f,f,f,f,f,f,t,f,f,f,f,f,f,f,f,t,f,t,f,f,f,f,f,f,f,f,f,f,f,f,f,f,f,f,t,f,t,f,f,WILLIAM  MARTZ,316544.00,COREY  ANDRUS,227452.00,BRYAN  APPELL,190559.00,STEVEN  DORSEY,177440.00,JOHN E JACKSON,176588.00,https://www.usaspending.gov/award/CONT_AWD_N6247319C4606_9700_-NONE-_-NONE-/,2023-07-13 11:28:52+00
CONT_AWD_N6247321C3422_9700_-NONE-_-NONE-,N6247321C3422,,,,Q: Not Designated Nonemergency/Emergency/Disaster/Wildfire Suppression,,,,,1159665.72,502778.51,1159665.72,1159665.72,2020-12-17,2021,2023-07-14,2023,2020-12-17,2023-09-20,2023-09-20 00:00:00,,2020-08-06,097,Department of Defense,1700,Department of the Navy,N62473,NAVFACSYSCOM SOUTHWEST,097,Department of Defense,1700,Department of the Navy,N63406,NAVAL BASE POINT LOMA,017-2021/2021-1804-000;017-2022/2022-1804-000;017-2023/2023-1804-000,017-1804,25.4: Operation and maintenance of facilities,0001: OPERATING FORCES;0004: ADMINISTRATION AND SERVICE-WIDE ACTIVITIES,X,NOT APPLICABLE,,,V1NFMAL22561,,ALFARO GENERAL ENGINEERING,ALFARO GENERAL ENGINEERING,,7JBJ6,V1NFMAL22561,,ALFARO GENERAL ENGINEERING,ALFARO GENERAL ENGINEERING,USA,UNITED STATES,2240 BONNEY CT,,ROCKLIN,06061,PLACER,06,CA,CALIFORNIA,957654637,CA-03,CA-03,9162769627,,USA,UNITED STATES,SAN DIEGO,06073,SAN DIEGO,06,CA,CALIFORNIA,921102001,CA-50,CA-50,AWARD,D,DEFINITIVE CONTRACT,,,,,,,J,FIRM FIXED PRICE,REFURBISH SHORE POWER CIRCUIT BREAKERS,N6247320R1005,1,OT,OTHER FUNCTIONS,S216,HOUSEKEEPING- FACILITIES OPERATIONS SUPPORT,H,NOT BUNDLED,S1,SERVICES,561990,ALL OTHER SUPPORT SERVICES,C,NO CLAUSES INCLUDED AND NO SUSTAINABILITY INCLUDED,A,U.S. OWNED BUSINESS,000,NONE,Z,NOT IT PRODUCTS OR SERVICES,E,NOT REQUIRED,USA,UNITED STATES,C,NOT A MANUFACTURED END PRODUCT,B,PLAN NOT REQUIRED,B,NOT AVAILABLE FOR COMPETITION,SSS,ONLY ONE SOURCE,8AN,8(A) SOLE SOURCE,NONE,NO PREFERENCE USED,,,,,OTH,AUTHORIZED BY STATUTE (FAR 6.302-5(A)(2)(I)),1,A,COMMERCIAL PRODUCTS/SERVICES,f,N,NO,N,NO,X,NOT APPLICABLE,N,NO,0.00,N,NO,X,NOT APPLICABLE,Y,YES,X,NOT APPLICABLE,X,NOT APPLICABLE,,,,,,,,NONE,NONE,N,NO,X,NOT APPLICABLE EXEMPT FROM CAS,N,TRANSACTION DOES NOT USE GFE/GFP,N,NO,D,NOT CONSOLIDATED,Y,YES - SERVICE WHERE PBA IS USED.,N,NO,Z,NOT APPLICABLE,N,NO,X,NOT APPLICABLE,f,f,f,f,f,t,f,f,f,f,f,f,t,f,f,f,t,f,f,SMALL BUSINESS,S,f,f,f,f,f,f,f,f,f,f,f,f,f,f,f,f,f,CORPORATE NOT TAX EXEMPT,t,f,f,f,f,f,f,f,f,f,f,f,f,f,f,f,f,t,f,f,f,f,f,f,f,t,f,f,t,f,f,f,f,f,f,f,f,f,f,f,f,f,f,f,t,t,f,t,f,f,,,,,,,,,,,https://www.usaspending.gov/award/CONT_AWD_N6247321C3422_9700_-NONE-_-NONE-/,2023-07-14 14:31:56+00
CONT_AWD_N6339412C1205_9700_-NONE-_-NONE-,N6339412C1205,,,,,,,,,13436549.29,0.00,18655125.00,18655125.00,2012-08-01,2012,2023-07-10,2023,2012-08-01,2013-07-12,2013-07-12 00:00:00,,,097,Department of Defense,9763,Defense Contract Management Agency,S5102A,HQ DEF CONTRACT MANAGEMENT AGENCY,097,Department of Defense,1700,Department of the Navy,N63394,COMMANDING OFFICER,017-2013/2014-1319-000,017-1319,25.2: Other services from non-Federal sources,,X,NOT APPLICABLE,,,HGJ8WM5JMH81,,"ENGILITY SERVICES, LLC",ENGILITY CORPORATION,,4A457,RE7WMNV9L719,,SCIENCE APPLICATIONS INTERNATIONAL CORPORATION,,USA,UNITED STATES,35 NEW ENGLAND BUSINESS CENTER DR STE 200,,ANDOVER,25009,ESSEX,25,MA,MASSACHUSETTS,018101071,MA-03,MA-06,2404343058,,USA,UNITED STATES,ANDOVER,25009,ESSEX,25,MA,MASSACHUSETTS,018101071,MA-06,MA-06,AWARD,D,DEFINITIVE CONTRACT,,,,,,,U,COST PLUS FIXED FEE,NAVAL SURVEILLANCE RADAR ENG SERVICES,N6339412R1204,1,CL,CLOSELY ASSOCIATED,R425,SUPPORT- PROFESSIONAL: ENGINEERING/TECHNICAL,D,NOT A BUNDLED REQUIREMENT,S1,SERVICES,541330,ENGINEERING SERVICES,C,NO CLAUSES INCLUDED AND NO SUSTAINABILITY INCLUDED,A,U.S. OWNED BUSINESS,000,NONE,Z,NOT IT PRODUCTS OR SERVICES,E,NOT REQUIRED,USA,UNITED STATES,C,NOT A MANUFACTURED END PRODUCT,C,PLAN REQUIRED - INCENTIVE NOT INCLUDED,C,NOT COMPETED,SSS,ONLY ONE SOURCE,NONE,NO SET ASIDE USED.,NONE,NO PREFERENCE USED,,,,,ONE,ONLY ONE SOURCE-OTHER (FAR 6.302-1 OTHER),1,D,COMMERCIAL PRODUCTS/SERVICES PROCEDURES NOT USED,f,N,NO,N,NO,Y,YES,N,NO,0.00,N,NO,Y,YES,Y,YES,N,NO,X,NOT APPLICABLE,,,,,,,,NONE,NONE,Y,YES,Y,YES - CAS CLAUSE INCLUDED,N,TRANSACTION DOES NOT USE GFE/GFP,U,UNKNOWN,N,NO,Y,YES - SERVICE WHERE PBA IS USED.,N,NO,Z,NOT APPLICABLE,N,NO,X,NOT APPLICABLE,f,f,f,f,f,f,f,f,f,f,f,f,f,f,f,f,f,f,f,OTHER THAN SMALL BUSINESS,O,f,f,f,f,f,f,f,f,f,f,f,f,f,f,f,f,f,CORPORATE NOT TAX EXEMPT,t,f,f,f,f,f,f,f,f,f,f,f,f,f,f,f,f,t,f,f,f,f,f,f,f,f,f,f,t,f,f,f,f,f,f,f,f,f,f,f,f,f,f,f,f,f,f,f,f,f,,,,,,,,,,,https://www.usaspending.gov/award/CONT_AWD_N6339412C1205_9700_-NONE-_-NONE-/,2024-09-06 15:05:22+00
CONT_AWD_N6426723C0018_9700_-NONE-_-NONE-,N6426723C0018,,,,,,,,,139921.00,,139921.00,239877.00,2023-07-12,2023,2023-07-12,2023,2023-07-12,2024-01-08,2024-07-08 00:00:00,,,097,Department of Defense,1700,Department of the Navy,N64267,NAVAL SURFACE WARFARE CENTER,097,Department of Defense,1700,Department of the Navy,N00030,PAE STRATEGIC SYSTEMS PROGRAMS,,,,,X,NOT APPLICABLE,,,NGWWYLZNA3L4,,PHOTONWARES CORP,PHOTONWARES CORP,,7S2Q3,NGWWYLZNA3L4,,PHOTONWARES CORP,PHOTONWARES CORPORATION,USA,UNITED STATES,15 PRESIDENTIAL WAY,,WOBURN,25017,MIDDLESEX,25,MA,MASSACHUSETTS,018011040,MA-05,MA-05,7812433792,7819352040,USA,UNITED STATES,WOBURN,25017,MIDDLESEX,25,MA,MASSACHUSETTS,018011111,MA-05,MA-05,AWARD,D,DEFINITIVE CONTRACT,,,,,,,J,FIRM FIXED PRICE,873AUTHORITY,,1,OT,OTHER FUNCTIONS,AC11,NATIONAL DEFENSE R&D SERVICES; DEPARTMENT OF DEFENSE - MILITARY; BASIC RESEARCH,H,NOT BUNDLED,,,541715,"RESEARCH AND DEVELOPMENT IN THE PHYSICAL, ENGINEERING, AND LIFE SCIENCES (EXCEPT NANOTECHNOLOGY AND BIOTECHNOLOGY)",C,NO CLAUSES INCLUDED AND NO SUSTAINABILITY INCLUDED,A,U.S. OWNED BUSINESS,000,NONE,Z,NOT IT PRODUCTS OR SERVICES,E,NOT REQUIRED,USA,UNITED STATES,C,NOT A MANUFACTURED END PRODUCT,B,PLAN NOT REQUIRED,D,FULL AND OPEN COMPETITION AFTER EXCLUSION OF SOURCES,NP,NEGOTIATED PROPOSAL/QUOTE,SBA,SMALL BUSINESS SET ASIDE - TOTAL,NONE,NO PREFERENCE USED,SR1,SMALL BUSINESS INNOVATION RESEARCH PROGRAM PHASE I ACTION,,,,,2,D,COMMERCIAL PRODUCTS/SERVICES PROCEDURES NOT USED,f,N,NO,,,X,NOT APPLICABLE,N,NO,0.00,N,NO,X,NOT APPLICABLE,X,NOT APPLICABLE,X,NOT APPLICABLE,X,NOT APPLICABLE,,,,,,,,NONE,NONE,N,NO,X,NOT APPLICABLE EXEMPT FROM CAS,N,TRANSACTION DOES NOT USE GFE/GFP,,,D,NOT CONSOLIDATED,N,NO - SERVICE WHERE PBA IS NOT USED.,N,NO,Z,NOT APPLICABLE,N,NO,X,NOT APPLICABLE,f,f,f,f,f,f,f,f,f,f,f,f,f,f,f,f,f,f,f,SMALL BUSINESS,S,f,f,f,f,f,f,f,f,f,f,f,f,f,f,f,f,f,CORPORATE NOT TAX EXEMPT,t,f,f,f,f,f,f,f,f,f,f,f,t,f,f,f,f,t,f,f,f,f,f,f,f,f,f,f,t,f,f,f,f,f,f,f,f,f,f,f,f,f,f,f,f,f,f,f,f,f,,,,,,,,,,,https://www.usaspending.gov/award/CONT_AWD_N6426723C0018_9700_-NONE-_-NONE-/,2024-07-05 10:37:41+00
CONT_AWD_N6426723C0021_9700_-NONE-_-NONE-,N6426723C0021,,,,,,,,,139903.00,,139903.00,239892.00,2023-07-06,2023,2023-07-06,2023,2023-07-06,2024-01-02,2024-07-01 00:00:00,,,097,Department of Defense,1700,Department of the Navy,N64267,NAVAL SURFACE WARFARE CENTER,097,Department of Defense,1700,Department of the Navy,N00030,PAE STRATEGIC SYSTEMS PROGRAMS,,,,,X,NOT APPLICABLE,,,JAARPKZFBA74,,NEODYNETICS CORPORATION,NEODYNETICS CORPORATION,,5UPD0,JAARPKZFBA74,,NEODYNETICS CORPORATION,NEODYNETICS CORPORATION,USA,UNITED STATES,16012 S WESTERN AVE STE 204,,GARDENA,06037,LOS ANGELES,06,CA,CALIFORNIA,902473760,CA-43,CA-43,3103241964,,USA,UNITED STATES,GARDENA,06037,LOS ANGELES,06,CA,CALIFORNIA,902473760,CA-43,CA-43,AWARD,D,DEFINITIVE CONTRACT,,,,,,,J,FIRM FIXED PRICE,873AUTHORITY,,1,OT,OTHER FUNCTIONS,AC11,NATIONAL DEFENSE R&D SERVICES; DEPARTMENT OF DEFENSE - MILITARY; BASIC RESEARCH,H,NOT BUNDLED,,,541714,RESEARCH AND DEVELOPMENT IN BIOTECHNOLOGY (EXCEPT NANOBIOTECHNOLOGY),C,NO CLAUSES INCLUDED AND NO SUSTAINABILITY INCLUDED,A,U.S. OWNED BUSINESS,000,NONE,Z,NOT IT PRODUCTS OR SERVICES,E,NOT REQUIRED,USA,UNITED STATES,C,NOT A MANUFACTURED END PRODUCT,B,PLAN NOT REQUIRED,D,FULL AND OPEN COMPETITION AFTER EXCLUSION OF SOURCES,NP,NEGOTIATED PROPOSAL/QUOTE,SBA,SMALL BUSINESS SET ASIDE - TOTAL,NONE,NO PREFERENCE USED,SR1,SMALL BUSINESS INNOVATION RESEARCH PROGRAM PHASE I ACTION,,,,,5,D,COMMERCIAL PRODUCTS/SERVICES PROCEDURES NOT USED,f,N,NO,,,X,NOT APPLICABLE,N,NO,0.00,N,NO,X,NOT APPLICABLE,X,NOT APPLICABLE,X,NOT APPLICABLE,X,NOT APPLICABLE,,,,,,,,NONE,NONE,N,NO,X,NOT APPLICABLE EXEMPT FROM CAS,N,TRANSACTION DOES NOT USE GFE/GFP,,,D,NOT CONSOLIDATED,N,NO - SERVICE WHERE PBA IS NOT USED.,N,NO,Z,NOT APPLICABLE,N,NO,X,NOT APPLICABLE,f,f,f,f,f,f,f,f,f,f,f,f,f,f,f,f,f,f,f,SMALL BUSINESS,S,f,f,f,f,f,f,f,f,f,f,f,f,f,f,f,f,f,CORPORATE NOT TAX EXEMPT,t,f,f,f,f,f,f,f,f,f,f,f,f,f,f,f,f,t,f,f,f,f,f,f,f,t,f,f,t,f,f,f,f,f,f,f,f,f,f,f,f,f,f,f,f,f,f,f,f,f,,,,,,,,,,,https://www.usaspending.gov/award/CONT_AWD_N6426723C0021_9700_-NONE-_-NONE-/,2025-01-13 23:28:43+00
CONT_AWD_N6833517C0328_9700_-NONE-_-NONE-,N6833517C0328,,,,Q: Not Designated Nonemergency/Emergency/Disaster/Wildfire Suppression,,,,,999609.00,66307.86,999609.00,1887153.00,2017-09-25,2017,2023-07-07,2023,2017-09-25,2021-10-29,2021-10-29 00:00:00,,,097,Department of Defense,9763,Defense Contract Management Agency,S2206A,DCMA NORTHEAST,097,Department of Defense,1700,Department of the Navy,N68335,NAVAIR WARFARE CTR AIRCRAFT DIV,017-2018/2019-1319-000,017-1319,25.5: Research and development contracts,OPTN: FIELD IS OPTIONAL PRIOR TO FY21,X,NOT APPLICABLE,,,JDKYAKDT4TT6,,CREARE LLC,CREARE LLC,,8A287,JDKYAKDT4TT6,,CREARE LLC,CREARE LLC,USA,UNITED STATES,16 GREAT HOLLOW RD,,HANOVER,33009,GRAFTON,33,NH,NEW HAMPSHIRE,037553116,NH-02,NH-02,6036433800,6036434657,USA,UNITED STATES,HANOVER,33009,GRAFTON,33,NH,NEW HAMPSHIRE,037553116,NH-02,NH-02,AWARD,D,DEFINITIVE CONTRACT,,,,,,,U,COST PLUS FIXED FEE,IGF::OT::IGF ONR SBIR PHASE II,,1,OT,OTHER FUNCTIONS,AD92,R&D- DEFENSE OTHER: OTHER (APPLIED RESEARCH/EXPLORATORY DEVELOPMENT),H,NOT BUNDLED,C9E,ALL OTHERS NOT IDENTIFIABLE TO ANY OTHER PROCUREMENT PROGRAM,541712,"RESEARCH AND DEVELOPMENT IN THE PHYSICAL, ENGINEERING, AND LIFE SCIENCES (EXCEPT BIOTECHNOLOGY)",C,NO CLAUSES INCLUDED AND NO SUSTAINABILITY INCLUDED,A,U.S. OWNED BUSINESS,000,NONE,Z,NOT IT PRODUCTS OR SERVICES,E,NOT REQUIRED,USA,UNITED STATES,C,NOT A MANUFACTURED END PRODUCT,B,PLAN NOT REQUIRED,D,FULL AND OPEN COMPETITION AFTER EXCLUSION OF SOURCES,NP,NEGOTIATED PROPOSAL/QUOTE,SBA,SMALL BUSINESS SET ASIDE - TOTAL,NONE,NO PREFERENCE USED,SR2,SMALL BUSINESS INNOVATION RESEARCH PROGRAM PHASE II ACTION,,,,,9,D,COMMERCIAL PRODUCTS/SERVICES PROCEDURES NOT USED,f,N,NO,N,NO,X,NOT APPLICABLE,N,NO,0.00,N,NO,X,NOT APPLICABLE,X,NOT APPLICABLE,X,NOT APPLICABLE,X,NOT APPLICABLE,,,,,,,,NONE,NONE,Y,YES,X,NOT APPLICABLE EXEMPT FROM CAS,Y,TRANSACTION USES GFE/GFP,U,UNKNOWN,D,NOT CONSOLIDATED,N,NO - SERVICE WHERE PBA IS NOT USED.,N,NO,Z,NOT APPLICABLE,N,NO,X,NOT APPLICABLE,f,f,f,f,f,f,f,f,f,f,f,f,f,f,f,f,f,f,f,SMALL BUSINESS,S,f,f,f,f,f,f,f,f,f,f,f,f,f,f,f,f,f,CORPORATE NOT TAX EXEMPT,t,f,f,f,f,f,f,f,f,f,f,f,t,f,f,f,f,t,f,f,f,f,f,f,f,f,t,f,t,f,f,f,f,f,f,f,f,f,f,f,f,f,f,f,f,f,f,f,f,f,BRUCE R PILVELAIT,583085.00,PATRICK J MAGARI,580231.00,ODILE H CLAVIER,570490.00,MARK V ZAGAROLA,514869.00,MICHAEL G IZENSON,481126.00,https://www.usaspending.gov/award/CONT_AWD_N6833517C0328_9700_-NONE-_-NONE-/,2023-07-07 09:21:50+00
CONT_AWD_N6833520C0592_9700_-NONE-_-NONE-,N6833520C0592,,,,N: Emergency P.L. 116-136;Q: Not Designated Nonemergency/Emergency/Disaster/Wildfire Suppression,0,117374.35,,,4362543.21,771005.52,4362543.21,6707150.92,2020-06-02,2020,2023-07-06,2023,2020-06-02,2023-09-29,2023-09-29 00:00:00,,2020-01-22,097,Department of Defense,1700,Department of the Navy,N68335,NAVAIR WARFARE CTR AIRCRAFT DIV,097,Department of Defense,1700,Department of the Navy,N3555A,NAVAL AIR WARFARE CTR AIRCRAFT DIV,017-2019/2021-1109-000;017-2020/2020-1804-000,017-1109;017-1804,25.7: Operation and maintenance of equipment;31.0: Equipment,0002: WEAPONS AND COMBAT VEHICLES;OPTN: FIELD IS OPTIONAL PRIOR TO FY21,X,NOT APPLICABLE,,,HFK9V1G2B513,,"MOTOROLA SOLUTIONS, INC.","MOTOROLA SOLUTIONS, INC.",,78205,G2LUXP8ND8U6,,"MOTOROLA SOLUTIONS, INC.",MOTOROLA  INC,USA,UNITED STATES,809 PINNACLE DR STE G,,LINTHICUM HEIGHTS,24003,ANNE ARUNDEL,24,MD,MARYLAND,210902535,MD-03,MD-03,4107126545,4107126501,USA,UNITED STATES,LINTHICUM HEIGHTS,24003,ANNE ARUNDEL,24,MD,MARYLAND,210902535,MD-03,MD-03,AWARD,D,DEFINITIVE CONTRACT,,,,,,,J,FIRM FIXED PRICE,LMR ENCLOSURE BARRIGADA,N6833520R0076,1,,,5820,"RADIO AND TELEVISION COMMUNICATION EQUIPMENT, EXCEPT AIRBORNE",H,NOT BUNDLED,C9E,ALL OTHERS NOT IDENTIFIABLE TO ANY OTHER PROCUREMENT PROGRAM,334220,RADIO AND TELEVISION BROADCASTING AND WIRELESS COMMUNICATIONS EQUIPMENT MANUFACTURING,C,NO CLAUSES INCLUDED AND NO SUSTAINABILITY INCLUDED,A,U.S. OWNED BUSINESS,000,NONE,Z,NOT IT PRODUCTS OR SERVICES,A,MEETS REQUIREMENTS,USA,UNITED STATES,D,MFG IN U.S.,B,PLAN NOT REQUIRED,C,NOT COMPETED,SSS,ONLY ONE SOURCE,NONE,NO SET ASIDE USED.,NONE,NO PREFERENCE USED,,,,,ONE,ONLY ONE SOURCE-OTHER (FAR 6.302-1 OTHER),1,A,COMMERCIAL PRODUCTS/SERVICES,f,N,NO,N,NO,Y,YES,N,NO,0.00,N,NO,X,NOT APPLICABLE,X,NOT APPLICABLE,X,NOT APPLICABLE,X,NOT APPLICABLE,,,,,,,,NONE,NONE,N,NO,X,NOT APPLICABLE EXEMPT FROM CAS,N,TRANSACTION DOES NOT USE GFE/GFP,U,UNKNOWN,D,NOT CONSOLIDATED,X,NOT APPLICABLE,N,NO,A,FAR 52.232-16 PROGRESS PAYMENTS,N,NO,X,NOT APPLICABLE,f,f,f,f,f,f,f,f,f,f,f,f,f,f,f,f,f,f,f,OTHER THAN SMALL BUSINESS,O,f,f,f,f,f,f,f,f,f,f,f,f,f,f,f,f,f,CORPORATE NOT TAX EXEMPT,t,f,f,f,f,f,f,f,f,f,f,f,t,f,f,f,f,t,f,f,f,f,f,f,f,f,f,f,t,f,f,f,f,f,f,f,f,f,f,f,f,f,f,f,f,f,f,f,f,f,,,,,,,,,,,https://www.usaspending.gov/award/CONT_AWD_N6833520C0592_9700_-NONE-_-NONE-/,2023-07-06 08:02:17+00
CONT_AWD_N6833520C0833_9700_-NONE-_-NONE-,N6833520C0833,,,,Q: Not Designated Nonemergency/Emergency/Disaster/Wildfire Suppression,,,,,1599752.00,0.00,1599752.00,1599752.00,2020-09-16,2020,2023-07-11,2023,2020-09-16,2023-08-25,2023-08-25 00:00:00,,2020-03-20,097,Department of Defense,1700,Department of the Navy,N68335,NAVAIR WARFARE CTR AIRCRAFT DIV,097,Department of Defense,1700,Department of the Navy,N66604,NUWC DIV NEWPORT,017-2020/2021-1319-000,017-1319,25.5: Research and development contracts,OPTN: FIELD IS OPTIONAL PRIOR TO FY21,X,NOT APPLICABLE,,,DL9DNJ5MGXM4,,"BLACK RIVER SYSTEMS COMPANY, INC.",BLACK RIVER SYSTEMS COMPANY INC,,1E8L6,DL9DNJ5MGXM4,,"BLACK RIVER SYSTEMS COMPANY, INC.",BLACK RIVER SYSTEMS COMPANY INC,USA,UNITED STATES,162 GENESEE ST,,UTICA,36065,ONEIDA,36,NY,NEW YORK,135024324,NY-22,NY-22,3157327385,3157325837,USA,UNITED STATES,UTICA,36065,ONEIDA,36,NY,NEW YORK,135024324,NY-22,NY-22,AWARD,D,DEFINITIVE CONTRACT,,,,,,,U,COST PLUS FIXED FEE,RESEARCH AND DEVELOPMENT,,1,CL,CLOSELY ASSOCIATED,AC32,NATIONAL DEFENSE R&D SERVICES; DEFENSE-RELATED ACTIVITIES; APPLIED RESEARCH,H,NOT BUNDLED,C9E,ALL OTHERS NOT IDENTIFIABLE TO ANY OTHER PROCUREMENT PROGRAM,541715,"RESEARCH AND DEVELOPMENT IN THE PHYSICAL, ENGINEERING, AND LIFE SCIENCES (EXCEPT NANOTECHNOLOGY AND BIOTECHNOLOGY)",C,NO CLAUSES INCLUDED AND NO SUSTAINABILITY INCLUDED,A,U.S. OWNED BUSINESS,000,NONE,Z,NOT IT PRODUCTS OR SERVICES,E,NOT REQUIRED,USA,UNITED STATES,C,NOT A MANUFACTURED END PRODUCT,B,PLAN NOT REQUIRED,D,FULL AND OPEN COMPETITION AFTER EXCLUSION OF SOURCES,NP,NEGOTIATED PROPOSAL/QUOTE,SBA,SMALL BUSINESS SET ASIDE - TOTAL,NONE,NO PREFERENCE USED,SR2,SMALL BUSINESS INNOVATION RESEARCH PROGRAM PHASE II ACTION,,,,,1,D,COMMERCIAL PRODUCTS/SERVICES PROCEDURES NOT USED,f,N,NO,N,NO,X,NOT APPLICABLE,N,NO,0.00,N,NO,X,NOT APPLICABLE,X,NOT APPLICABLE,X,NOT APPLICABLE,X,NOT APPLICABLE,,,,,,,,NONE,NONE,N,NO,X,NOT APPLICABLE EXEMPT FROM CAS,N,TRANSACTION DOES NOT USE GFE/GFP,U,UNKNOWN,D,NOT CONSOLIDATED,N,NO - SERVICE WHERE PBA IS NOT USED.,N,NO,Z,NOT APPLICABLE,N,NO,X,NOT APPLICABLE,f,f,f,f,f,f,f,f,f,f,f,f,f,f,f,f,f,f,f,SMALL BUSINESS,S,f,f,f,f,f,f,f,f,f,f,f,f,f,f,f,f,f,OTHER,f,f,f,f,f,f,f,f,f,f,f,f,f,f,f,f,f,t,f,f,f,f,f,f,f,t,f,f,t,f,f,f,f,f,f,f,f,f,f,f,f,f,f,f,f,f,f,f,f,f,JEFF  BRANDSTADT,293399.00,PETER  SHEA,263107.00,MILISSA  BENINCASA,249310.00,JASON  TESTA,246633.00,PAUL  RIVKIN,238776.00,https://www.usaspending.gov/award/CONT_AWD_N6833520C0833_9700_-NONE-_-NONE-/,2023-07-11 10:25:57+00
CONT_AWD_N6833522C0507_9700_-NONE-_-NONE-,N6833522C0507,,,,,,,,,239529.00,,239529.00,239529.00,2022-07-24,2022,2023-07-14,2023,2022-07-25,2024-01-16,2024-01-16 00:00:00,,2022-07-14,097,Department of Defense,1700,Department of the Navy,N68335,NAVAIR WARFARE CTR AIRCRAFT DIV,097,Department of Defense,1700,Department of the Navy,N00024,NAVSEA HQ,,,,,X,NOT APPLICABLE,,,EY7TLV698PF9,,INNOVTECH LLC,INNOVTECH LLC,,9AVL2,EY7TLV698PF9,,INNOVTECH LLC,INNOVTECH LLC,USA,UNITED STATES,9782 COUNTRY CREEK WAY,,DAYTON,39113,MONTGOMERY,39,OH,OHIO,45458,OH-10,OH-10,9373699132,,USA,UNITED STATES,DAYTON,39165,WARREN,39,OH,OHIO,454581111,OH-01,OH-01,AWARD,D,DEFINITIVE CONTRACT,,,,,,,J,FIRM FIXED PRICE,SBIR PHASE I.,,1,OT,OTHER FUNCTIONS,AC11,NATIONAL DEFENSE R&D SERVICES; DEPARTMENT OF DEFENSE - MILITARY; BASIC RESEARCH,H,NOT BUNDLED,C9E,ALL OTHERS NOT IDENTIFIABLE TO ANY OTHER PROCUREMENT PROGRAM,541715,"RESEARCH AND DEVELOPMENT IN THE PHYSICAL, ENGINEERING, AND LIFE SCIENCES (EXCEPT NANOTECHNOLOGY AND BIOTECHNOLOGY)",C,NO CLAUSES INCLUDED AND NO SUSTAINABILITY INCLUDED,A,U.S. OWNED BUSINESS,000,NONE,Z,NOT IT PRODUCTS OR SERVICES,E,NOT REQUIRED,USA,UNITED STATES,C,NOT A MANUFACTURED END PRODUCT,B,PLAN NOT REQUIRED,D,FULL AND OPEN COMPETITION AFTER EXCLUSION OF SOURCES,NP,NEGOTIATED PROPOSAL/QUOTE,SBA,SMALL BUSINESS SET ASIDE - TOTAL,NONE,NO PREFERENCE USED,SR1,SMALL BUSINESS INNOVATION RESEARCH PROGRAM PHASE I ACTION,,,,,13,D,COMMERCIAL PRODUCTS/SERVICES PROCEDURES NOT USED,f,N,NO,N,NO,X,NOT APPLICABLE,N,NO,0.00,N,NO,X,NOT APPLICABLE,X,NOT APPLICABLE,X,NOT APPLICABLE,X,NOT APPLICABLE,,,,,,,,NONE,NONE,N,NO,X,NOT APPLICABLE EXEMPT FROM CAS,N,TRANSACTION DOES NOT USE GFE/GFP,U,UNKNOWN,D,NOT CONSOLIDATED,N,NO - SERVICE WHERE PBA IS NOT USED.,N,NO,Z,NOT APPLICABLE,N,NO,X,NOT APPLICABLE,f,f,f,f,f,f,f,f,f,f,f,f,f,f,f,f,f,f,f,SMALL BUSINESS,S,f,f,f,f,f,f,f,f,f,f,f,f,f,f,f,f,f,CORPORATE NOT TAX EXEMPT,t,f,f,f,f,f,f,f,f,f,f,f,f,f,f,f,f,t,f,f,f,f,f,f,f,f,t,f,t,f,f,f,f,f,f,f,f,f,f,f,f,f,f,f,f,f,f,f,f,f,,,,,,,,,,,https://www.usaspending.gov/award/CONT_AWD_N6833522C0507_9700_-NONE-_-NONE-/,2023-07-14 06:50:41+00
CONT_AWD_N6833522C0551_9700_-NONE-_-NONE-,N6833522C0551,,,,,,,,,239986.00,,239986.00,239986.00,2022-07-21,2022,2023-07-13,2023,2022-07-21,2024-01-24,2024-01-24 00:00:00,,,097,Department of Defense,1700,Department of the Navy,N68335,NAVAIR WARFARE CTR AIRCRAFT DIV,097,Department of Defense,1700,Department of the Navy,N63394,COMMANDING OFFICER,,,,,X,NOT APPLICABLE,,,DD1BYN8SN355,,"CHARLES RIVER ANALYTICS, INC.","CHARLES RIVER ANALYTICS, INC.",,9W641,DD1BYN8SN355,,"CHARLES RIVER ANALYTICS, INC.",CHARLES RIVER ANALYTICS  INC.,USA,UNITED STATES,625 MOUNT AUBURN ST,,CAMBRIDGE,25017,MIDDLESEX,25,MA,MASSACHUSETTS,021384555,MA-05,MA-05,6174913474,6178680780,USA,UNITED STATES,CAMBRIDGE,25017,MIDDLESEX,25,MA,MASSACHUSETTS,021384555,MA-05,MA-05,AWARD,D,DEFINITIVE CONTRACT,,,,,,,J,FIRM FIXED PRICE,SBIR PH I,,1,OT,OTHER FUNCTIONS,AC11,NATIONAL DEFENSE R&D SERVICES; DEPARTMENT OF DEFENSE - MILITARY; BASIC RESEARCH,H,NOT BUNDLED,C9E,ALL OTHERS NOT IDENTIFIABLE TO ANY OTHER PROCUREMENT PROGRAM,541715,"RESEARCH AND DEVELOPMENT IN THE PHYSICAL, ENGINEERING, AND LIFE SCIENCES (EXCEPT NANOTECHNOLOGY AND BIOTECHNOLOGY)",C,NO CLAUSES INCLUDED AND NO SUSTAINABILITY INCLUDED,A,U.S. OWNED BUSINESS,000,NONE,Z,NOT IT PRODUCTS OR SERVICES,E,NOT REQUIRED,USA,UNITED STATES,C,NOT A MANUFACTURED END PRODUCT,B,PLAN NOT REQUIRED,D,FULL AND OPEN COMPETITION AFTER EXCLUSION OF SOURCES,NP,NEGOTIATED PROPOSAL/QUOTE,SBA,SMALL BUSINESS SET ASIDE - TOTAL,NONE,NO PREFERENCE USED,SR1,SMALL BUSINESS INNOVATION RESEARCH PROGRAM PHASE I ACTION,,,,,12,D,COMMERCIAL PRODUCTS/SERVICES PROCEDURES NOT USED,f,N,NO,N,NO,X,NOT APPLICABLE,N,NO,0.00,N,NO,X,NOT APPLICABLE,X,NOT APPLICABLE,X,NOT APPLICABLE,X,NOT APPLICABLE,,,,,,,,NONE,NONE,N,NO,X,NOT APPLICABLE EXEMPT FROM CAS,N,TRANSACTION DOES NOT USE GFE/GFP,U,UNKNOWN,D,NOT CONSOLIDATED,N,NO - SERVICE WHERE PBA IS NOT USED.,N,NO,Z,NOT APPLICABLE,N,NO,X,NOT APPLICABLE,f,f,f,f,f,f,f,f,f,f,f,f,f,f,f,f,f,f,f,SMALL BUSINESS,S,f,f,f,f,f,f,f,f,f,f,f,f,f,f,f,f,f,CORPORATE NOT TAX EXEMPT,t,f,f,f,f,f,f,f,f,f,f,f,f,f,f,f,f,t,f,f,f,f,f,f,f,t,f,f,t,f,f,f,f,f,f,f,f,f,f,f,f,f,f,f,f,f,f,f,f,f,DONALD S REYNOLDS,291737.00,KAREN A HARPER,320706.00,PETER  WEYHRAUCH,295568.00,WILLIAM S NEAL REILLY,315914.00,SAM  MAHONEY,292376.00,https://www.usaspending.gov/award/CONT_AWD_N6833522C0551_9700_-NONE-_-NONE-/,2023-07-13 10:24:10+00
CONT_AWD_N6833522C0554_9700_-NONE-_-NONE-,N6833522C0554,,,,,,,,,239915.00,,239915.00,239915.00,2022-07-26,2022,2023-07-11,2023,2022-07-26,2024-01-17,2024-01-17 00:00:00,,2022-07-18,097,Department of Defense,1700,Department of the Navy,N68335,NAVAIR WARFARE CTR AIRCRAFT DIV,097,Department of Defense,1700,Department of the Navy,N66604,NUWC DIV NEWPORT,,,,,X,NOT APPLICABLE,,,TLD8L3APDZM3,,QORTEK INC,"QORTEK, INC.",,1MH59,TLD8L3APDZM3,,QORTEK INC,QORTEK INC,USA,UNITED STATES,5933 N ROUTE 220 HWY,,LINDEN,42081,LYCOMING,42,PA,PENNSYLVANIA,177447703,PA-15,PA-15,5703222700,,USA,UNITED STATES,LINDEN,42081,LYCOMING,42,PA,PENNSYLVANIA,177447703,PA-15,PA-15,AWARD,D,DEFINITIVE CONTRACT,,,,,,,J,FIRM FIXED PRICE,SBIR PHASE I.,,1,OT,OTHER FUNCTIONS,AC11,NATIONAL DEFENSE R&D SERVICES; DEPARTMENT OF DEFENSE - MILITARY; BASIC RESEARCH,H,NOT BUNDLED,C9E,ALL OTHERS NOT IDENTIFIABLE TO ANY OTHER PROCUREMENT PROGRAM,541715,"RESEARCH AND DEVELOPMENT IN THE PHYSICAL, ENGINEERING, AND LIFE SCIENCES (EXCEPT NANOTECHNOLOGY AND BIOTECHNOLOGY)",C,NO CLAUSES INCLUDED AND NO SUSTAINABILITY INCLUDED,A,U.S. OWNED BUSINESS,000,NONE,Z,NOT IT PRODUCTS OR SERVICES,E,NOT REQUIRED,USA,UNITED STATES,C,NOT A MANUFACTURED END PRODUCT,B,PLAN NOT REQUIRED,D,FULL AND OPEN COMPETITION AFTER EXCLUSION OF SOURCES,NP,NEGOTIATED PROPOSAL/QUOTE,SBA,SMALL BUSINESS SET ASIDE - TOTAL,NONE,NO PREFERENCE USED,SR1,SMALL BUSINESS INNOVATION RESEARCH PROGRAM PHASE I ACTION,,,,,8,D,COMMERCIAL PRODUCTS/SERVICES PROCEDURES NOT USED,f,N,NO,N,NO,X,NOT APPLICABLE,N,NO,0.00,N,NO,X,NOT APPLICABLE,X,NOT APPLICABLE,X,NOT APPLICABLE,X,NOT APPLICABLE,,,,,,,,NONE,NONE,N,NO,X,NOT APPLICABLE EXEMPT FROM CAS,N,TRANSACTION DOES NOT USE GFE/GFP,U,UNKNOWN,D,NOT CONSOLIDATED,N,NO - SERVICE WHERE PBA IS NOT USED.,N,NO,Z,NOT APPLICABLE,N,NO,X,NOT APPLICABLE,f,f,f,f,f,f,f,f,f,f,f,f,f,f,f,f,f,f,f,SMALL BUSINESS,S,f,f,f,f,f,f,f,f,f,f,f,f,f,f,f,f,f,CORPORATE NOT TAX EXEMPT,t,f,f,f,f,f,f,f,f,f,f,f,f,f,f,f,f,t,f,f,f,f,f,f,f,f,f,f,t,f,f,f,f,f,f,f,f,f,f,f,f,f,f,f,f,t,f,f,f,f,,,,,,,,,,,https://www.usaspending.gov/award/CONT_AWD_N6833522C0554_9700_-NONE-_-NONE-/,2023-07-11 10:39:46+00
CONT_AWD_N6833522C0569_9700_-NONE-_-NONE-,N6833522C0569,,,,,,,,,239988.00,,239988.00,239988.00,2022-07-26,2022,2023-07-14,2023,2022-07-26,2024-01-16,2024-01-16 00:00:00,,2022-07-20,097,Department of Defense,1700,Department of the Navy,N68335,NAVAIR WARFARE CTR AIRCRAFT DIV,097,Department of Defense,1700,Department of the Navy,N64498,NSWC PHILADELPHIA DIV,,,,,X,NOT APPLICABLE,,,RY2MMXKHFMH5,,BOSTON ENGINEERING CORPORATION,BOSTON ENGINEERING CORPORATION,,1NST2,RY2MMXKHFMH5,,BOSTON ENGINEERING CORPORATION,BOSTON ENGINEERING CORPORATION,USA,UNITED STATES,300 BEAR HILL RD,,WALTHAM,25017,MIDDLESEX,25,MA,MASSACHUSETTS,024511096,MA-05,MA-05,7814668010,7814668020,USA,UNITED STATES,WALTHAM,25017,MIDDLESEX,25,MA,MASSACHUSETTS,024511096,MA-05,MA-05,AWARD,D,DEFINITIVE CONTRACT,,,,,,,J,FIRM FIXED PRICE,SBIR PHASE I.,,1,OT,OTHER FUNCTIONS,AC11,NATIONAL DEFENSE R&D SERVICES; DEPARTMENT OF DEFENSE - MILITARY; BASIC RESEARCH,H,NOT BUNDLED,C9E,ALL OTHERS NOT IDENTIFIABLE TO ANY OTHER PROCUREMENT PROGRAM,541715,"RESEARCH AND DEVELOPMENT IN THE PHYSICAL, ENGINEERING, AND LIFE SCIENCES (EXCEPT NANOTECHNOLOGY AND BIOTECHNOLOGY)",C,NO CLAUSES INCLUDED AND NO SUSTAINABILITY INCLUDED,A,U.S. OWNED BUSINESS,000,NONE,Z,NOT IT PRODUCTS OR SERVICES,E,NOT REQUIRED,USA,UNITED STATES,C,NOT A MANUFACTURED END PRODUCT,B,PLAN NOT REQUIRED,D,FULL AND OPEN COMPETITION AFTER EXCLUSION OF SOURCES,NP,NEGOTIATED PROPOSAL/QUOTE,SBA,SMALL BUSINESS SET ASIDE - TOTAL,NONE,NO PREFERENCE USED,SR1,SMALL BUSINESS INNOVATION RESEARCH PROGRAM PHASE I ACTION,,,,,15,D,COMMERCIAL PRODUCTS/SERVICES PROCEDURES NOT USED,f,N,NO,N,NO,X,NOT APPLICABLE,N,NO,0.00,N,NO,X,NOT APPLICABLE,X,NOT APPLICABLE,X,NOT APPLICABLE,X,NOT APPLICABLE,,,,,,,,NONE,NONE,N,NO,X,NOT APPLICABLE EXEMPT FROM CAS,N,TRANSACTION DOES NOT USE GFE/GFP,U,UNKNOWN,D,NOT CONSOLIDATED,N,NO - SERVICE WHERE PBA IS NOT USED.,N,NO,Z,NOT APPLICABLE,N,NO,X,NOT APPLICABLE,f,f,f,f,f,f,f,f,f,f,f,f,f,f,f,f,f,f,f,SMALL BUSINESS,S,f,f,f,f,f,f,f,f,f,f,f,f,f,f,f,f,f,CORPORATE NOT TAX EXEMPT,t,f,f,f,f,f,f,f,f,f,f,f,f,f,f,f,f,t,f,f,f,f,f,f,f,f,f,f,t,f,f,f,f,f,f,f,f,f,f,f,f,f,f,f,f,f,f,f,f,f,,,,,,,,,,,https://www.usaspending.gov/award/CONT_AWD_N6833522C0569_9700_-NONE-_-NONE-/,2023-07-14 07:22:09+00
CONT_AWD_N6833522C0586_9700_-NONE-_-NONE-,N6833522C0586,,,,,,,,,246488.00,,246488.00,246488.00,2022-08-02,2022,2023-07-14,2023,2022-08-03,2024-01-16,2024-01-16 00:00:00,,2022-07-29,097,Department of Defense,1700,Department of the Navy,N68335,NAVAIR WARFARE CTR AIRCRAFT DIV,097,Department of Defense,1700,Department of the Navy,N66604,NUWC DIV NEWPORT,,,,,X,NOT APPLICABLE,,,CSPJJ1VXPMT9,,NOU SYSTEMS INC,"NOU SYSTEMS, INC.",,6GXX4,CSPJJ1VXPMT9,,NOU SYSTEMS INC,NOU SYSTEMS INC,USA,UNITED STATES,7047 OLD MADISON PIKE STE 305,,HUNTSVILLE,01089,MADISON,01,AL,ALABAMA,358062197,AL-05,AL-05,2563279007,2563275542,USA,UNITED STATES,HUNTSVILLE,01089,MADISON,01,AL,ALABAMA,358062197,AL-05,AL-05,AWARD,D,DEFINITIVE CONTRACT,,,,,,,J,FIRM FIXED PRICE,SBIR PHASE I.,,1,OT,OTHER FUNCTIONS,AC11,NATIONAL DEFENSE R&D SERVICES; DEPARTMENT OF DEFENSE - MILITARY; BASIC RESEARCH,H,NOT BUNDLED,C9E,ALL OTHERS NOT IDENTIFIABLE TO ANY OTHER PROCUREMENT PROGRAM,541715,"RESEARCH AND DEVELOPMENT IN THE PHYSICAL, ENGINEERING, AND LIFE SCIENCES (EXCEPT NANOTECHNOLOGY AND BIOTECHNOLOGY)",C,NO CLAUSES INCLUDED AND NO SUSTAINABILITY INCLUDED,A,U.S. OWNED BUSINESS,000,NONE,Z,NOT IT PRODUCTS OR SERVICES,E,NOT REQUIRED,USA,UNITED STATES,C,NOT A MANUFACTURED END PRODUCT,B,PLAN NOT REQUIRED,D,FULL AND OPEN COMPETITION AFTER EXCLUSION OF SOURCES,NP,NEGOTIATED PROPOSAL/QUOTE,SBA,SMALL BUSINESS SET ASIDE - TOTAL,NONE,NO PREFERENCE USED,SR1,SMALL BUSINESS INNOVATION RESEARCH PROGRAM PHASE I ACTION,,,,,15,D,COMMERCIAL PRODUCTS/SERVICES PROCEDURES NOT USED,f,N,NO,N,NO,X,NOT APPLICABLE,N,NO,0.00,N,NO,X,NOT APPLICABLE,X,NOT APPLICABLE,X,NOT APPLICABLE,X,NOT APPLICABLE,,,,,,,,NONE,NONE,N,NO,X,NOT APPLICABLE EXEMPT FROM CAS,N,TRANSACTION DOES NOT USE GFE/GFP,U,UNKNOWN,D,NOT CONSOLIDATED,N,NO - SERVICE WHERE PBA IS NOT USED.,N,NO,Z,NOT APPLICABLE,N,NO,X,NOT APPLICABLE,f,f,f,f,f,f,f,t,t,f,f,f,f,f,f,f,f,f,f,SMALL BUSINESS,S,f,f,f,f,f,f,f,f,f,f,f,f,f,f,f,f,f,CORPORATE NOT TAX EXEMPT,t,f,f,f,f,f,f,f,f,f,f,f,f,f,f,f,f,t,f,f,f,f,f,f,f,t,f,f,t,f,f,f,f,f,f,f,f,f,f,f,f,f,f,f,f,f,f,f,f,f,GREG  TACKETT,270000.00,JAY B ROMINE,270000.00,WILLIAM S BROWER,270000.00,DANIEL  LANDERS,210819.00,PAUL  BISSO,243295.00,https://www.usaspending.gov/award/CONT_AWD_N6833522C0586_9700_-NONE-_-NONE-/,2023-07-14 15:32:13+00
CONT_AWD_N6833522C0595_9700_-NONE-_-NONE-,N6833522C0595,,,,,,,,,246498.00,,246498.00,246498.00,2022-08-04,2022,2023-07-11,2023,2022-08-04,2024-01-24,2024-01-24 00:00:00,,2022-07-26,097,Department of Defense,1700,Department of the Navy,N68335,NAVAIR WARFARE CTR AIRCRAFT DIV,097,Department of Defense,1700,Department of the Navy,N66604,NUWC DIV NEWPORT,,,,,X,NOT APPLICABLE,,,KBYFGSNJF3K4,,BTECH ACOUSTICS LLC,"BTECH ACOUSTICS, LLC",,1YB37,KBYFGSNJF3K4,,BTECH ACOUSTICS LLC,BTECH ACOUSTICS  LLC,USA,UNITED STATES,17 SURREY RD,,BARRINGTON,44001,BRISTOL,44,RI,RHODE ISLAND,028064509,RI-01,RI-01,4012619318,4012450000,USA,UNITED STATES,BARRINGTON,44001,BRISTOL,44,RI,RHODE ISLAND,028064509,RI-01,RI-01,AWARD,D,DEFINITIVE CONTRACT,,,,,,,J,FIRM FIXED PRICE,SBIR PHASE I.,,1,OT,OTHER FUNCTIONS,AC11,NATIONAL DEFENSE R&D SERVICES; DEPARTMENT OF DEFENSE - MILITARY; BASIC RESEARCH,H,NOT BUNDLED,C9E,ALL OTHERS NOT IDENTIFIABLE TO ANY OTHER PROCUREMENT PROGRAM,541715,"RESEARCH AND DEVELOPMENT IN THE PHYSICAL, ENGINEERING, AND LIFE SCIENCES (EXCEPT NANOTECHNOLOGY AND BIOTECHNOLOGY)",C,NO CLAUSES INCLUDED AND NO SUSTAINABILITY INCLUDED,A,U.S. OWNED BUSINESS,000,NONE,Z,NOT IT PRODUCTS OR SERVICES,E,NOT REQUIRED,USA,UNITED STATES,C,NOT A MANUFACTURED END PRODUCT,B,PLAN NOT REQUIRED,D,FULL AND OPEN COMPETITION AFTER EXCLUSION OF SOURCES,NP,NEGOTIATED PROPOSAL/QUOTE,SBA,SMALL BUSINESS SET ASIDE - TOTAL,NONE,NO PREFERENCE USED,SR1,SMALL BUSINESS INNOVATION RESEARCH PROGRAM PHASE I ACTION,,,,,8,D,COMMERCIAL PRODUCTS/SERVICES PROCEDURES NOT USED,f,N,NO,N,NO,X,NOT APPLICABLE,N,NO,0.00,N,NO,X,NOT APPLICABLE,X,NOT APPLICABLE,X,NOT APPLICABLE,X,NOT APPLICABLE,,,,,,,,NONE,NONE,N,NO,X,NOT APPLICABLE EXEMPT FROM CAS,N,TRANSACTION DOES NOT USE GFE/GFP,U,UNKNOWN,D,NOT CONSOLIDATED,N,NO - SERVICE WHERE PBA IS NOT USED.,N,NO,Z,NOT APPLICABLE,N,NO,X,NOT APPLICABLE,f,f,f,f,f,f,f,f,f,f,f,f,f,f,f,f,f,f,f,SMALL BUSINESS,S,f,f,f,f,f,f,f,f,f,f,f,f,f,f,f,f,f,SOLE PROPRIETORSHIP,f,f,f,t,f,f,f,f,f,f,f,f,f,f,f,f,f,t,f,f,f,f,f,f,f,f,f,f,t,f,f,f,f,f,f,f,f,f,f,f,f,f,f,f,f,f,f,f,f,f,,,,,,,,,,,https://www.usaspending.gov/award/CONT_AWD_N6833522C0595_9700_-NONE-_-NONE-/,2023-07-11 13:20:48+00
CONT_AWD_N6833522C0597_9700_-NONE-_-NONE-,N6833522C0597,,,,,,,,,239963.00,,239963.00,239963.00,2022-07-26,2022,2023-07-14,2023,2022-07-27,2024-01-17,2024-01-17 00:00:00,,,097,Department of Defense,1700,Department of the Navy,N68335,NAVAIR WARFARE CTR AIRCRAFT DIV,097,Department of Defense,1700,Department of the Navy,N00178,NSWC DAHLGREN,,,,,X,NOT APPLICABLE,,,E2DHYME6B1T6,,CRITICAL FREQUENCY DESIGN LLC,"CRITICAL FREQUENCY DESIGN, LLC",,6TXY9,E2DHYME6B1T6,,CRITICAL FREQUENCY DESIGN LLC,CRITICAL FREQUENCY  LLC,USA,UNITED STATES,2420 IRWIN ST,,MELBOURNE,12009,BREVARD,12,FL,FLORIDA,329017316,FL-08,FL-08,3219875272,3219875272,USA,UNITED STATES,MELBOURNE,12009,BREVARD,12,FL,FLORIDA,329017316,FL-08,FL-08,AWARD,D,DEFINITIVE CONTRACT,,,,,,,J,FIRM FIXED PRICE,SBIR PH I,,1,OT,OTHER FUNCTIONS,AC11,NATIONAL DEFENSE R&D SERVICES; DEPARTMENT OF DEFENSE - MILITARY; BASIC RESEARCH,H,NOT BUNDLED,C9E,ALL OTHERS NOT IDENTIFIABLE TO ANY OTHER PROCUREMENT PROGRAM,541715,"RESEARCH AND DEVELOPMENT IN THE PHYSICAL, ENGINEERING, AND LIFE SCIENCES (EXCEPT NANOTECHNOLOGY AND BIOTECHNOLOGY)",C,NO CLAUSES INCLUDED AND NO SUSTAINABILITY INCLUDED,A,U.S. OWNED BUSINESS,000,NONE,Z,NOT IT PRODUCTS OR SERVICES,E,NOT REQUIRED,USA,UNITED STATES,C,NOT A MANUFACTURED END PRODUCT,B,PLAN NOT REQUIRED,D,FULL AND OPEN COMPETITION AFTER EXCLUSION OF SOURCES,NP,NEGOTIATED PROPOSAL/QUOTE,SBA,SMALL BUSINESS SET ASIDE - TOTAL,NONE,NO PREFERENCE USED,SR1,SMALL BUSINESS INNOVATION RESEARCH PROGRAM PHASE I ACTION,,,,,6,D,COMMERCIAL PRODUCTS/SERVICES PROCEDURES NOT USED,f,N,NO,N,NO,X,NOT APPLICABLE,N,NO,0.00,N,NO,X,NOT APPLICABLE,X,NOT APPLICABLE,X,NOT APPLICABLE,X,NOT APPLICABLE,,,,,,,,NONE,NONE,N,NO,X,NOT APPLICABLE EXEMPT FROM CAS,N,TRANSACTION DOES NOT USE GFE/GFP,U,UNKNOWN,D,NOT CONSOLIDATED,N,NO - SERVICE WHERE PBA IS NOT USED.,N,NO,Z,NOT APPLICABLE,N,NO,X,NOT APPLICABLE,f,f,f,f,f,f,f,t,t,f,f,f,f,f,f,f,f,f,f,SMALL BUSINESS,S,f,f,f,f,f,f,f,f,f,f,f,f,f,f,f,f,f,PARTNERSHIP,f,f,t,f,f,f,f,f,f,f,f,f,f,f,f,f,f,t,f,f,f,f,f,f,f,f,t,f,t,f,f,f,f,f,f,f,f,f,f,f,f,f,f,f,f,t,f,f,f,f,,,,,,,,,,,https://www.usaspending.gov/award/CONT_AWD_N6833522C0597_9700_-NONE-_-NONE-/,2023-07-14 06:38:16+00
CONT_AWD_N6833522C0637_9700_-NONE-_-NONE-,N6833522C0637,,,,,,,,,2236080.63,,2236080.63,2236080.63,2022-09-14,2022,2023-07-12,2023,2022-09-14,2023-12-29,2023-12-29 00:00:00,,2022-04-27,097,Department of Defense,1700,Department of the Navy,N68335,NAVAIR WARFARE CTR AIRCRAFT DIV,097,Department of Defense,1700,Department of the Navy,N00019,NAVAL AIR SYSTEMS COMMAND,,,,,B,FOREIGN FUNDS NON-FMS,,,NY98VECEW8H6,,TECHNOLOGY SERVICE CORP,TECHNOLOGY SERVICE CORP,,61308,NY98VECEW8H6,,TECHNOLOGY SERVICE CORP,TECHNOLOGY SERVICE CORPORATION,USA,UNITED STATES,251 18TH ST S,STE 705,ARLINGTON,51013,ARLINGTON,51,VA,VIRGINIA,222023541,VA-08,VA-08,3015762372,3015650673,USA,UNITED STATES,ARLINGTON,51013,ARLINGTON,51,VA,VIRGINIA,222023541,VA-08,VA-08,AWARD,D,DEFINITIVE CONTRACT,,,,,,,J,FIRM FIXED PRICE,MOBILE GROUND CONTROL STATION,,1,,,5840,"RADAR EQUIPMENT, EXCEPT AIRBORNE",H,NOT BUNDLED,C9E,ALL OTHERS NOT IDENTIFIABLE TO ANY OTHER PROCUREMENT PROGRAM,334511,"SEARCH, DETECTION, NAVIGATION, GUIDANCE, AERONAUTICAL, AND NAUTICAL SYSTEM AND INSTRUMENT MANUFACTURING",C,NO CLAUSES INCLUDED AND NO SUSTAINABILITY INCLUDED,A,U.S. OWNED BUSINESS,000,NONE,Z,NOT IT PRODUCTS OR SERVICES,A,MEETS REQUIREMENTS,USA,UNITED STATES,D,MFG IN U.S.,B,PLAN NOT REQUIRED,C,NOT COMPETED,SSS,ONLY ONE SOURCE,NONE,NO SET ASIDE USED.,NONE,NO PREFERENCE USED,SR3,SMALL BUSINESS INNOVATION RESEARCH PROGRAM PHASE III ACTION,,,ONE,ONLY ONE SOURCE-OTHER (FAR 6.302-1 OTHER),1,D,COMMERCIAL PRODUCTS/SERVICES PROCEDURES NOT USED,f,N,NO,N,NO,X,NOT APPLICABLE,N,NO,0.00,N,NO,Y,YES,X,NOT APPLICABLE,X,NOT APPLICABLE,X,NOT APPLICABLE,,,,,,,,NONE,NONE,N,NO,X,NOT APPLICABLE EXEMPT FROM CAS,N,TRANSACTION DOES NOT USE GFE/GFP,U,UNKNOWN,D,NOT CONSOLIDATED,X,NOT APPLICABLE,N,NO,Z,NOT APPLICABLE,N,NO,X,NOT APPLICABLE,f,f,f,f,f,f,f,f,f,f,f,f,f,f,f,f,f,f,f,SMALL BUSINESS,S,f,f,f,f,f,f,f,f,f,f,f,f,f,f,f,f,f,CORPORATE NOT TAX EXEMPT,t,f,f,f,f,f,f,f,f,f,f,f,f,f,f,f,f,t,f,f,f,f,f,f,f,f,f,f,t,f,f,f,f,f,f,f,f,f,f,f,f,f,f,f,f,f,f,f,f,f,BRANDON  WOLFSON,640946.00,STEVEN  KILBERG,574072.00,LONDON  PROPST,353044.00,WILLIAM  HOOPER,276142.00,ALLAN  CORBEIL,269654.00,https://www.usaspending.gov/award/CONT_AWD_N6833522C0637_9700_-NONE-_-NONE-/,2023-07-12 16:24:47+00
CONT_AWD_N6833523C0271_9700_-NONE-_-NONE-,N6833523C0271,,,,,,,,,1416000.00,,1416000.00,1416000.00,2023-07-06,2023,2023-07-06,2023,2023-07-06,2024-04-21,2024-04-21 00:00:00,,2023-04-19,097,Department of Defense,1700,Department of the Navy,N68335,NAVAIR WARFARE CTR AIRCRAFT DIV,097,Department of Defense,1700,Department of the Navy,N3555A,NAVAL AIR WARFARE CTR AIRCRAFT DIV,,,,,X,NOT APPLICABLE,,,PA22XBKJKNM2,,WERLATONE INC.,WERLATONE INC.,,28812,WBNBY89YK6R6,,WERLATONE INC.,WERLATONE INC.,USA,UNITED STATES,17 JON BARRETT RD,,PATTERSON,36079,PUTNAM,36,NY,NEW YORK,125632165,NY-17,NY-17,8452782220,8452783440,USA,UNITED STATES,PATTERSON,36079,PUTNAM,36,NY,NEW YORK,125632165,NY-17,NY-17,AWARD,D,DEFINITIVE CONTRACT,,,,,,,J,FIRM FIXED PRICE,DMR COMPONENTS CONTRACT,N6833523R0101,1,,,5895,MISCELLANEOUS COMMUNICATION EQUIPMENT,H,NOT BUNDLED,,,334419,OTHER ELECTRONIC COMPONENT MANUFACTURING,C,NO CLAUSES INCLUDED AND NO SUSTAINABILITY INCLUDED,A,U.S. OWNED BUSINESS,000,NONE,Z,NOT IT PRODUCTS OR SERVICES,A,MEETS REQUIREMENTS,USA,UNITED STATES,D,MFG IN U.S.,B,PLAN NOT REQUIRED,C,NOT COMPETED,SSS,ONLY ONE SOURCE,NONE,NO SET ASIDE USED.,NONE,NO PREFERENCE USED,,,,,ONE,ONLY ONE SOURCE-OTHER (FAR 6.302-1 OTHER),1,A,COMMERCIAL PRODUCTS/SERVICES,f,N,NO,,,Y,YES,N,NO,0.00,N,NO,X,NOT APPLICABLE,X,NOT APPLICABLE,X,NOT APPLICABLE,X,NOT APPLICABLE,,,,,,,,NONE,NONE,N,NO,X,NOT APPLICABLE EXEMPT FROM CAS,N,TRANSACTION DOES NOT USE GFE/GFP,,,D,NOT CONSOLIDATED,X,NOT APPLICABLE,N,NO,Z,NOT APPLICABLE,N,NO,X,NOT APPLICABLE,f,f,f,f,f,f,f,f,f,f,f,f,f,f,f,f,f,f,f,SMALL BUSINESS,S,f,f,f,f,f,f,f,f,f,f,f,f,f,f,f,f,f,CORPORATE NOT TAX EXEMPT,t,f,f,f,f,f,f,f,f,f,f,f,t,f,f,f,f,t,f,f,f,f,f,f,f,t,f,f,t,f,f,f,f,f,f,f,f,f,f,f,f,f,f,f,f,f,f,f,f,f,,,,,,,,,,,https://www.usaspending.gov/award/CONT_AWD_N6833523C0271_9700_-NONE-_-NONE-/,2024-04-26 13:56:59+00
CONT_AWD_N6833523C0321_9700_-NONE-_-NONE-,N6833523C0321,,,,,,,,,139821.00,,139821.00,239623.00,2023-05-18,2023,2023-07-12,2023,2023-07-17,2024-01-16,2024-07-16 00:00:00,,,097,Department of Defense,1700,Department of the Navy,N68335,NAVAIR WARFARE CTR AIRCRAFT DIV,097,Department of Defense,1700,Department of the Navy,N00014,OFFICE OF NAVAL RESEARCH,,,,,X,NOT APPLICABLE,,,DNNNHTK3LVV8,,SHARED SPECTRUM COMPANY,SHARED SPECTRUM COMPANY,,1U4X9,DNNNHTK3LVV8,,SHARED SPECTRUM COMPANY,SHARED SPECTRUM COMPANY,USA,UNITED STATES,1593 SPRING HILL RD,STE 700,VIENNA,51059,FAIRFAX,51,VA,VIRGINIA,221822249,VA-11,VA-11,7037612818,7037612817,USA,UNITED STATES,VIENNA,51059,FAIRFAX,51,VA,VIRGINIA,221822249,VA-11,VA-11,AWARD,D,DEFINITIVE CONTRACT,,,,,,,J,FIRM FIXED PRICE,STTR PHASE I,,1,OT,OTHER FUNCTIONS,AC11,NATIONAL DEFENSE R&D SERVICES; DEPARTMENT OF DEFENSE - MILITARY; BASIC RESEARCH,H,NOT BUNDLED,,,541715,"RESEARCH AND DEVELOPMENT IN THE PHYSICAL, ENGINEERING, AND LIFE SCIENCES (EXCEPT NANOTECHNOLOGY AND BIOTECHNOLOGY)",C,NO CLAUSES INCLUDED AND NO SUSTAINABILITY INCLUDED,A,U.S. OWNED BUSINESS,000,NONE,Z,NOT IT PRODUCTS OR SERVICES,E,NOT REQUIRED,USA,UNITED STATES,C,NOT A MANUFACTURED END PRODUCT,B,PLAN NOT REQUIRED,D,FULL AND OPEN COMPETITION AFTER EXCLUSION OF SOURCES,NP,NEGOTIATED PROPOSAL/QUOTE,SBA,SMALL BUSINESS SET ASIDE - TOTAL,NONE,NO PREFERENCE USED,ST1,SMALL TECHNOLOGY TRANSFER RESEARCH PROGRAM PHASE I,,,,,10,D,COMMERCIAL PRODUCTS/SERVICES PROCEDURES NOT USED,f,N,NO,,,N,NO,N,NO,0.00,N,NO,X,NOT APPLICABLE,X,NOT APPLICABLE,X,NOT APPLICABLE,X,NOT APPLICABLE,,,,,,,,NONE,NONE,N,NO,X,NOT APPLICABLE EXEMPT FROM CAS,N,TRANSACTION DOES NOT USE GFE/GFP,,,D,NOT CONSOLIDATED,N,NO - SERVICE WHERE PBA IS NOT USED.,N,NO,Z,NOT APPLICABLE,N,NO,X,NOT APPLICABLE,f,f,f,f,f,f,f,f,f,f,f,f,f,f,f,f,f,f,f,SMALL BUSINESS,S,f,f,f,f,f,f,f,f,f,f,f,f,f,f,f,f,f,CORPORATE NOT TAX EXEMPT,t,f,f,f,f,f,f,f,f,f,f,f,f,f,f,f,f,t,f,f,f,f,f,f,f,f,f,f,t,f,f,f,f,f,f,f,f,f,f,f,f,f,f,f,f,f,f,f,f,f,,,,,,,,,,,https://www.usaspending.gov/award/CONT_AWD_N6833523C0321_9700_-NONE-_-NONE-/,2023-07-12 16:06:48+00
CONT_AWD_N6833523C0376_9700_-NONE-_-NONE-,N6833523C0376,,,,,,,,,139633.00,,139633.00,239383.00,2023-06-30,2023,2023-07-10,2023,2023-07-17,2024-01-16,2024-07-16 00:00:00,,2022-10-01,097,Department of Defense,1700,Department of the Navy,N68335,NAVAIR WARFARE CTR AIRCRAFT DIV,097,Department of Defense,1700,Department of the Navy,N68335,NAVAIR WARFARE CTR AIRCRAFT DIV,,,,,X,NOT APPLICABLE,,,F7G8SHTEHNU7,,CORNERSTONE RESEARCH GROUP INC,CORNERSTONE RESEARCH GROUP INC,,094V3,J18VN7TMAHK1,,CORNERSTONE RESEARCH GROUP INC,CORNERSTONE RESEARCH GROUP INC,USA,UNITED STATES,510 EARL BLVD,,MIAMISBURG,39113,MONTGOMERY,39,OH,OHIO,453426411,OH-10,OH-10,9373201877,9373201886,USA,UNITED STATES,MIAMISBURG,39113,MONTGOMERY,39,OH,OHIO,453426411,OH-10,OH-10,AWARD,D,DEFINITIVE CONTRACT,,,,,,,J,FIRM FIXED PRICE,KICK-OFF BRIEFING MATERIALS & FWA CERT.,,1,OT,OTHER FUNCTIONS,AC11,NATIONAL DEFENSE R&D SERVICES; DEPARTMENT OF DEFENSE - MILITARY; BASIC RESEARCH,H,NOT BUNDLED,,,541715,"RESEARCH AND DEVELOPMENT IN THE PHYSICAL, ENGINEERING, AND LIFE SCIENCES (EXCEPT NANOTECHNOLOGY AND BIOTECHNOLOGY)",C,NO CLAUSES INCLUDED AND NO SUSTAINABILITY INCLUDED,A,U.S. OWNED BUSINESS,000,NONE,Z,NOT IT PRODUCTS OR SERVICES,E,NOT REQUIRED,USA,UNITED STATES,C,NOT A MANUFACTURED END PRODUCT,B,PLAN NOT REQUIRED,D,FULL AND OPEN COMPETITION AFTER EXCLUSION OF SOURCES,NP,NEGOTIATED PROPOSAL/QUOTE,SBA,SMALL BUSINESS SET ASIDE - TOTAL,NONE,NO PREFERENCE USED,SR1,SMALL BUSINESS INNOVATION RESEARCH PROGRAM PHASE I ACTION,,,,,22,D,COMMERCIAL PRODUCTS/SERVICES PROCEDURES NOT USED,f,N,NO,,,N,NO,N,NO,0.00,N,NO,X,NOT APPLICABLE,X,NOT APPLICABLE,X,NOT APPLICABLE,X,NOT APPLICABLE,,,,,,,,NONE,NONE,N,NO,X,NOT APPLICABLE EXEMPT FROM CAS,N,TRANSACTION DOES NOT USE GFE/GFP,,,D,NOT CONSOLIDATED,N,NO - SERVICE WHERE PBA IS NOT USED.,N,NO,Z,NOT APPLICABLE,N,NO,X,NOT APPLICABLE,f,f,f,f,f,f,f,f,f,f,f,f,f,f,f,f,f,f,f,SMALL BUSINESS,S,f,f,f,f,f,f,f,f,f,f,f,f,f,f,f,f,f,CORPORATE NOT TAX EXEMPT,t,f,f,f,f,f,f,f,f,f,f,f,f,f,f,f,f,t,f,f,f,f,f,f,f,f,f,f,t,f,f,f,f,f,f,f,f,f,f,f,f,f,f,f,f,f,f,f,f,f,PATRICK J HOOD,430149.00,CHRISTOPHER D HEMMELGARN,269844.00,ANDREW D COTHREL,276629.00,PAUL D MCNIEL,238800.00,JEFFREY E BENNETT,218125.00,https://www.usaspending.gov/award/CONT_AWD_N6833523C0376_9700_-NONE-_-NONE-/,2024-04-11 08:31:56+00
CONT_AWD_N6833523C0435_9700_-NONE-_-NONE-,N6833523C0435,,,,,,,,,329018.31,,329018.31,329018.31,2023-06-02,2023,2023-07-06,2023,2023-06-02,2023-09-01,2023-09-01 00:00:00,,2023-04-25,097,Department of Defense,1700,Department of the Navy,N68335,NAVAIR WARFARE CTR AIRCRAFT DIV,097,Department of Defense,1700,Department of the Navy,N3555A,NAVAL AIR WARFARE CTR AIRCRAFT DIV,,,,,X,NOT APPLICABLE,,,YFJ5M3N6EKY8,,PHILLIPS CORPORATION,PHILLIPS CORPORATION,,3MPQ0,LCPXVSTUCMX3,,PHILLIPS CORPORATION,PHILLIPS CORPORATION,USA,UNITED STATES,7390 COCA COLA DR STE 200,,HANOVER,24027,HOWARD,24,MD,MARYLAND,210761937,MD-03,MD-03,4105642908,3014903991,USA,UNITED STATES,HANOVER,24027,HOWARD,24,MD,MARYLAND,210761937,MD-03,MD-03,AWARD,D,DEFINITIVE CONTRACT,,,,,,,J,FIRM FIXED PRICE,5-AXIS VERTICAL MACHINING CENTER,,1,,,3417,MILLING MACHINES,H,NOT BUNDLED,,,333517,MACHINE TOOL MANUFACTURING,C,NO CLAUSES INCLUDED AND NO SUSTAINABILITY INCLUDED,A,U.S. OWNED BUSINESS,000,NONE,Z,NOT IT PRODUCTS OR SERVICES,A,MEETS REQUIREMENTS,USA,UNITED STATES,D,MFG IN U.S.,B,PLAN NOT REQUIRED,C,NOT COMPETED,SSS,ONLY ONE SOURCE,NONE,NO SET ASIDE USED.,NONE,NO PREFERENCE USED,,,,,ONE,ONLY ONE SOURCE-OTHER (FAR 6.302-1 OTHER),1,A,COMMERCIAL PRODUCTS/SERVICES,f,N,NO,,,X,NOT APPLICABLE,N,NO,0.00,N,NO,X,NOT APPLICABLE,X,NOT APPLICABLE,X,NOT APPLICABLE,X,NOT APPLICABLE,,,,,,,,NONE,NONE,N,NO,X,NOT APPLICABLE EXEMPT FROM CAS,N,TRANSACTION DOES NOT USE GFE/GFP,,,D,NOT CONSOLIDATED,X,NOT APPLICABLE,N,NO,Z,NOT APPLICABLE,N,NO,X,NOT APPLICABLE,f,f,f,f,f,f,f,f,f,f,f,f,f,f,f,f,f,f,f,OTHER THAN SMALL BUSINESS,O,f,f,f,f,f,f,f,f,f,f,f,f,f,f,f,f,f,CORPORATE NOT TAX EXEMPT,t,f,f,f,f,f,f,f,f,f,f,f,f,f,f,f,f,t,f,f,f,f,f,f,f,f,f,f,t,f,f,f,f,f,f,f,f,f,f,f,f,f,f,f,f,f,f,f,f,f,,,,,,,,,,,https://www.usaspending.gov/award/CONT_AWD_N6833523C0435_9700_-NONE-_-NONE-/,2023-07-06 07:44:29+00
CONT_AWD_N6833523C0436_9700_-NONE-_-NONE-,N6833523C0436,,,,,,,,,139908.00,,139908.00,239373.00,2023-07-11,2023,2023-07-11,2023,2023-07-17,2024-01-16,2024-07-16 00:00:00,,,097,Department of Defense,1700,Department of the Navy,N68335,NAVAIR WARFARE CTR AIRCRAFT DIV,097,Department of Defense,1700,Department of the Navy,N00014,OFFICE OF NAVAL RESEARCH,,,,,X,NOT APPLICABLE,,,CJWAJ2D6GVN6,,OLKIN OPTICS LLC,OLKIN OPTICS LLC,,7N1N6,CJWAJ2D6GVN6,,OLKIN OPTICS LLC,OLKIN OPTICS  LLC,USA,UNITED STATES,4304 SCORPIUS ST,,ORLANDO,12095,ORANGE,12,FL,FLORIDA,328168035,FL-07,FL-10,4079208509,,USA,UNITED STATES,ORLANDO,12095,ORANGE,12,FL,FLORIDA,328168035,FL-10,FL-10,AWARD,D,DEFINITIVE CONTRACT,,,,,,,J,FIRM FIXED PRICE,SBIR PHASE I - TOPIC N231-059,,1,OT,OTHER FUNCTIONS,AC11,NATIONAL DEFENSE R&D SERVICES; DEPARTMENT OF DEFENSE - MILITARY; BASIC RESEARCH,H,NOT BUNDLED,,,541715,"RESEARCH AND DEVELOPMENT IN THE PHYSICAL, ENGINEERING, AND LIFE SCIENCES (EXCEPT NANOTECHNOLOGY AND BIOTECHNOLOGY)",C,NO CLAUSES INCLUDED AND NO SUSTAINABILITY INCLUDED,A,U.S. OWNED BUSINESS,000,NONE,Z,NOT IT PRODUCTS OR SERVICES,E,NOT REQUIRED,USA,UNITED STATES,C,NOT A MANUFACTURED END PRODUCT,B,PLAN NOT REQUIRED,D,FULL AND OPEN COMPETITION AFTER EXCLUSION OF SOURCES,NP,NEGOTIATED PROPOSAL/QUOTE,SBA,SMALL BUSINESS SET ASIDE - TOTAL,NONE,NO PREFERENCE USED,SR1,SMALL BUSINESS INNOVATION RESEARCH PROGRAM PHASE I ACTION,,,,,6,D,COMMERCIAL PRODUCTS/SERVICES PROCEDURES NOT USED,f,N,NO,,,N,NO,N,NO,0.00,N,NO,X,NOT APPLICABLE,X,NOT APPLICABLE,N,NO,X,NOT APPLICABLE,,,,,,,,NONE,NONE,N,NO,X,NOT APPLICABLE EXEMPT FROM CAS,N,TRANSACTION DOES NOT USE GFE/GFP,,,D,NOT CONSOLIDATED,N,NO - SERVICE WHERE PBA IS NOT USED.,N,NO,Z,NOT APPLICABLE,N,NO,X,NOT APPLICABLE,f,f,f,f,f,f,f,f,f,f,f,f,f,f,f,f,f,f,f,SMALL BUSINESS,S,f,f,f,f,f,f,f,f,f,f,f,f,f,f,f,f,f,PARTNERSHIP,f,f,t,f,f,f,f,f,f,f,f,f,t,f,f,f,f,t,f,f,f,f,f,f,f,f,f,f,t,f,f,f,f,f,f,f,f,f,f,f,f,f,f,f,f,f,f,f,f,f,,,,,,,,,,,https://www.usaspending.gov/award/CONT_AWD_N6833523C0436_9700_-NONE-_-NONE-/,2024-03-28 07:39:52+00
CONT_AWD_N6833523C0453_9700_-NONE-_-NONE-,N6833523C0453,,,,,,,,,146498.00,,146498.00,246487.00,2023-07-13,2023,2023-07-13,2023,2023-07-13,2024-01-16,2024-07-15 00:00:00,,,097,Department of Defense,1700,Department of the Navy,N68335,NAVAIR WARFARE CTR AIRCRAFT DIV,097,Department of Defense,1700,Department of the Navy,N63394,COMMANDING OFFICER,,,,,X,NOT APPLICABLE,,,GKJZWMKKWWX4,,MATERIALS SCIENCES LLC,MATERIALS SCIENCES LLC,,5E807,WXRTZLL25AE5,,"SEEMANN COMPOSITES, LLC",MATERIALS SCIENCES LLC,USA,UNITED STATES,135 ROCK RD,,HORSHAM,42091,MONTGOMERY,42,PA,PENNSYLVANIA,190442310,PA-04,PA-04,2155428400,2155428401,USA,UNITED STATES,HORSHAM,42091,MONTGOMERY,42,PA,PENNSYLVANIA,190442313,PA-01,PA-04,AWARD,D,DEFINITIVE CONTRACT,,,,,,,J,FIRM FIXED PRICE,SBIR PHASE I.,,1,OT,OTHER FUNCTIONS,AC11,NATIONAL DEFENSE R&D SERVICES; DEPARTMENT OF DEFENSE - MILITARY; BASIC RESEARCH,H,NOT BUNDLED,,,541715,"RESEARCH AND DEVELOPMENT IN THE PHYSICAL, ENGINEERING, AND LIFE SCIENCES (EXCEPT NANOTECHNOLOGY AND BIOTECHNOLOGY)",C,NO CLAUSES INCLUDED AND NO SUSTAINABILITY INCLUDED,A,U.S. OWNED BUSINESS,000,NONE,Z,NOT IT PRODUCTS OR SERVICES,E,NOT REQUIRED,USA,UNITED STATES,C,NOT A MANUFACTURED END PRODUCT,B,PLAN NOT REQUIRED,D,FULL AND OPEN COMPETITION AFTER EXCLUSION OF SOURCES,NP,NEGOTIATED PROPOSAL/QUOTE,SBA,SMALL BUSINESS SET ASIDE - TOTAL,NONE,NO PREFERENCE USED,SR1,SMALL BUSINESS INNOVATION RESEARCH PROGRAM PHASE I ACTION,,,,,6,D,COMMERCIAL PRODUCTS/SERVICES PROCEDURES NOT USED,f,N,NO,,,N,NO,N,NO,0.00,N,NO,X,NOT APPLICABLE,X,NOT APPLICABLE,X,NOT APPLICABLE,X,NOT APPLICABLE,,,,,,,,NONE,NONE,N,NO,X,NOT APPLICABLE EXEMPT FROM CAS,N,TRANSACTION DOES NOT USE GFE/GFP,,,D,NOT CONSOLIDATED,N,NO - SERVICE WHERE PBA IS NOT USED.,N,NO,Z,NOT APPLICABLE,N,NO,X,NOT APPLICABLE,f,f,f,f,f,f,f,f,f,f,f,f,f,f,f,f,f,f,f,SMALL BUSINESS,S,f,f,f,f,f,f,f,f,f,f,f,f,f,f,f,f,f,PARTNERSHIP,f,f,t,f,f,f,f,f,f,f,f,f,f,f,f,f,f,t,f,f,f,f,f,f,f,f,t,f,t,f,f,f,f,f,f,f,f,f,f,f,f,f,f,f,f,f,f,f,f,f,,,,,,,,,,,https://www.usaspending.gov/award/CONT_AWD_N6833523C0453_9700_-NONE-_-NONE-/,2026-03-04 06:29:43+00
CONT_AWD_N6833523C0468_9700_-NONE-_-NONE-,N6833523C0468,,,,,,,,,136468.00,,136468.00,234056.00,2023-07-14,2023,2023-07-14,2023,2023-07-17,2024-01-16,2024-07-16 00:00:00,,,097,Department of Defense,1700,Department of the Navy,N68335,NAVAIR WARFARE CTR AIRCRAFT DIV,097,Department of Defense,1700,Department of the Navy,N00014,OFFICE OF NAVAL RESEARCH,,,,,X,NOT APPLICABLE,,,DUAPJ5HS84X6,,"ODIC, INC","ODIC, INC",,1WZN2,DUAPJ5HS84X6,,"ODIC, INC",ODIC  INC,USA,UNITED STATES,"295 FOSTER STREET, SUITE 202",,LITTLETON,25017,MIDDLESEX,25,MA,MASSACHUSETTS,014602022,MA-03,MA-03,9784871210,,USA,UNITED STATES,LITTLETON,25017,MIDDLESEX,25,MA,MASSACHUSETTS,014602022,MA-03,MA-03,AWARD,D,DEFINITIVE CONTRACT,,,,,,,J,FIRM FIXED PRICE,SBIR PHASE I,,1,OT,OTHER FUNCTIONS,AC11,NATIONAL DEFENSE R&D SERVICES; DEPARTMENT OF DEFENSE - MILITARY; BASIC RESEARCH,H,NOT BUNDLED,,,541715,"RESEARCH AND DEVELOPMENT IN THE PHYSICAL, ENGINEERING, AND LIFE SCIENCES (EXCEPT NANOTECHNOLOGY AND BIOTECHNOLOGY)",C,NO CLAUSES INCLUDED AND NO SUSTAINABILITY INCLUDED,A,U.S. OWNED BUSINESS,000,NONE,Z,NOT IT PRODUCTS OR SERVICES,E,NOT REQUIRED,USA,UNITED STATES,C,NOT A MANUFACTURED END PRODUCT,B,PLAN NOT REQUIRED,D,FULL AND OPEN COMPETITION AFTER EXCLUSION OF SOURCES,NP,NEGOTIATED PROPOSAL/QUOTE,SBA,SMALL BUSINESS SET ASIDE - TOTAL,NONE,NO PREFERENCE USED,SR1,SMALL BUSINESS INNOVATION RESEARCH PROGRAM PHASE I ACTION,,,,,21,D,COMMERCIAL PRODUCTS/SERVICES PROCEDURES NOT USED,f,N,NO,,,N,NO,N,NO,0.00,N,NO,X,NOT APPLICABLE,X,NOT APPLICABLE,X,NOT APPLICABLE,X,NOT APPLICABLE,,,,,,,,NONE,NONE,N,NO,X,NOT APPLICABLE EXEMPT FROM CAS,N,TRANSACTION DOES NOT USE GFE/GFP,,,D,NOT CONSOLIDATED,N,NO - SERVICE WHERE PBA IS NOT USED.,N,NO,Z,NOT APPLICABLE,N,NO,X,NOT APPLICABLE,f,f,f,f,f,f,f,f,f,f,f,f,f,f,f,f,f,f,f,SMALL BUSINESS,S,f,f,f,f,f,f,f,f,f,f,f,f,f,f,f,f,f,CORPORATE NOT TAX EXEMPT,t,f,f,f,f,f,f,f,f,f,f,f,f,f,f,f,f,t,f,f,f,f,f,f,f,t,f,f,t,f,f,f,f,f,f,f,f,f,f,f,f,f,f,f,f,f,f,f,f,f,,,,,,,,,,,https://www.usaspending.gov/award/CONT_AWD_N6833523C0468_9700_-NONE-_-NONE-/,2024-04-12 07:36:39+00
CONT_AWD_N6833523C0472_9700_-NONE-_-NONE-,N6833523C0472,,,,,,,,,139998.00,,139998.00,239997.00,2023-07-05,2023,2023-07-05,2023,2023-07-17,2024-01-16,2024-07-16 00:00:00,,,097,Department of Defense,1700,Department of the Navy,N68335,NAVAIR WARFARE CTR AIRCRAFT DIV,097,Department of Defense,1700,Department of the Navy,N00014,OFFICE OF NAVAL RESEARCH,,,,,X,NOT APPLICABLE,,,RMG1AZ1ZH8Q7,,PHYSICAL SCIENCES INC.,PHYSICAL SCIENCES INC.,,8K901,RMG1AZ1ZH8Q7,,PHYSICAL SCIENCES INC.,PHYSICAL SCIENCES  INC.,USA,UNITED STATES,20 NEW ENGLAND BUSINESS CTR DR,,ANDOVER,25009,ESSEX,25,MA,MASSACHUSETTS,018101022,MA-03,MA-06,9786890003,,USA,UNITED STATES,ANDOVER,25009,ESSEX,25,MA,MASSACHUSETTS,018101022,MA-06,MA-06,AWARD,D,DEFINITIVE CONTRACT,,,,,,,J,FIRM FIXED PRICE,SBIR PHASE I,,1,OT,OTHER FUNCTIONS,AC11,NATIONAL DEFENSE R&D SERVICES; DEPARTMENT OF DEFENSE - MILITARY; BASIC RESEARCH,H,NOT BUNDLED,,,541715,"RESEARCH AND DEVELOPMENT IN THE PHYSICAL, ENGINEERING, AND LIFE SCIENCES (EXCEPT NANOTECHNOLOGY AND BIOTECHNOLOGY)",C,NO CLAUSES INCLUDED AND NO SUSTAINABILITY INCLUDED,A,U.S. OWNED BUSINESS,000,NONE,Z,NOT IT PRODUCTS OR SERVICES,E,NOT REQUIRED,USA,UNITED STATES,C,NOT A MANUFACTURED END PRODUCT,B,PLAN NOT REQUIRED,D,FULL AND OPEN COMPETITION AFTER EXCLUSION OF SOURCES,NP,NEGOTIATED PROPOSAL/QUOTE,SBA,SMALL BUSINESS SET ASIDE - TOTAL,NONE,NO PREFERENCE USED,SR1,SMALL BUSINESS INNOVATION RESEARCH PROGRAM PHASE I ACTION,,,,,23,D,COMMERCIAL PRODUCTS/SERVICES PROCEDURES NOT USED,f,N,NO,,,N,NO,N,NO,0.00,N,NO,X,NOT APPLICABLE,X,NOT APPLICABLE,X,NOT APPLICABLE,X,NOT APPLICABLE,,,,,,,,NONE,NONE,N,NO,X,NOT APPLICABLE EXEMPT FROM CAS,N,TRANSACTION DOES NOT USE GFE/GFP,,,D,NOT CONSOLIDATED,N,NO - SERVICE WHERE PBA IS NOT USED.,N,NO,Z,NOT APPLICABLE,N,NO,X,NOT APPLICABLE,f,f,f,f,f,f,f,f,f,f,f,f,f,f,f,f,f,f,f,SMALL BUSINESS,S,f,f,f,f,f,f,f,f,f,f,f,f,f,f,f,f,f,CORPORATE NOT TAX EXEMPT,t,f,f,f,f,f,f,f,f,f,f,f,f,f,f,f,f,t,f,f,f,f,f,f,f,f,f,f,t,f,f,f,f,f,f,f,f,f,f,f,f,f,f,f,f,f,f,f,f,f,WILLIAM J MARINELLI,543803.00,STEVEN R GENESTRETI,405162.00,BOGDAN R COSOFRET,392997.00,PETER A WARREN,378853.00,GEORGE  RODGER,375174.00,https://www.usaspending.gov/award/CONT_AWD_N6833523C0472_9700_-NONE-_-NONE-/,2024-05-23 11:48:44+00
CONT_AWD_N6833523C0473_9700_-NONE-_-NONE-,N6833523C0473,,,,,,,,,138902.00,,138902.00,235105.00,2023-07-11,2023,2023-07-11,2023,2023-07-17,2024-01-16,2024-07-16 00:00:00,,,097,Department of Defense,1700,Department of the Navy,N68335,NAVAIR WARFARE CTR AIRCRAFT DIV,097,Department of Defense,1700,Department of the Navy,N00014,OFFICE OF NAVAL RESEARCH,,,,,X,NOT APPLICABLE,,,JU1CUPU6FEY4,,PITCH AERONAUTICS INC.,PITCH AERONAUTICS INC.,,9CWS1,JU1CUPU6FEY4,,PITCH AERONAUTICS INC.,PITCH AERONAUTICS INC.,USA,UNITED STATES,6323 S FEDERAL WAY,,BOISE,16001,ADA,16,ID,IDAHO,837169134,ID-02,ID-02,3072626856,,USA,UNITED STATES,BOISE,16001,ADA,16,ID,IDAHO,837166635,ID-02,ID-02,AWARD,D,DEFINITIVE CONTRACT,,,,,,,J,FIRM FIXED PRICE,SBIR PHASE I,,1,OT,OTHER FUNCTIONS,AC11,NATIONAL DEFENSE R&D SERVICES; DEPARTMENT OF DEFENSE - MILITARY; BASIC RESEARCH,H,NOT BUNDLED,,,541715,"RESEARCH AND DEVELOPMENT IN THE PHYSICAL, ENGINEERING, AND LIFE SCIENCES (EXCEPT NANOTECHNOLOGY AND BIOTECHNOLOGY)",C,NO CLAUSES INCLUDED AND NO SUSTAINABILITY INCLUDED,A,U.S. OWNED BUSINESS,000,NONE,Z,NOT IT PRODUCTS OR SERVICES,E,NOT REQUIRED,USA,UNITED STATES,C,NOT A MANUFACTURED END PRODUCT,B,PLAN NOT REQUIRED,D,FULL AND OPEN COMPETITION AFTER EXCLUSION OF SOURCES,NP,NEGOTIATED PROPOSAL/QUOTE,SBA,SMALL BUSINESS SET ASIDE - TOTAL,NONE,NO PREFERENCE USED,SR1,SMALL BUSINESS INNOVATION RESEARCH PROGRAM PHASE I ACTION,,,,,23,D,COMMERCIAL PRODUCTS/SERVICES PROCEDURES NOT USED,f,N,NO,,,N,NO,N,NO,0.00,N,NO,X,NOT APPLICABLE,X,NOT APPLICABLE,X,NOT APPLICABLE,X,NOT APPLICABLE,,,,,,,,NONE,NONE,N,NO,X,NOT APPLICABLE EXEMPT FROM CAS,N,TRANSACTION DOES NOT USE GFE/GFP,,,D,NOT CONSOLIDATED,N,NO - SERVICE WHERE PBA IS NOT USED.,N,NO,Z,NOT APPLICABLE,N,NO,X,NOT APPLICABLE,f,f,f,f,f,t,f,f,f,f,f,f,f,f,f,f,f,f,f,SMALL BUSINESS,S,f,f,f,f,f,f,f,f,f,f,f,f,f,f,f,f,f,CORPORATE NOT TAX EXEMPT,t,f,f,f,f,f,f,f,f,f,f,f,f,f,f,f,f,t,f,f,f,f,f,f,f,f,f,f,t,f,f,f,f,f,f,f,f,f,f,f,f,f,f,f,f,f,f,f,f,f,,,,,,,,,,,https://www.usaspending.gov/award/CONT_AWD_N6833523C0473_9700_-NONE-_-NONE-/,2026-03-15 23:22:31+00
CONT_AWD_N6833523C0482_9700_-NONE-_-NONE-,N6833523C0482,,,,,,,,,139933.00,,139933.00,239902.00,2023-07-13,2023,2023-07-13,2023,2023-07-13,2024-01-09,2024-07-22 00:00:00,,,097,Department of Defense,1700,Department of the Navy,N68335,NAVAIR WARFARE CTR AIRCRAFT DIV,097,Department of Defense,1700,Department of the Navy,N00421,NAVAL AIR WARFARE CENTER AIR DIV,,,,,X,NOT APPLICABLE,,,U35VSLMQRME6,,"FUSE INTEGRATION, INC.",FUSE INTEGRATION INC,,67V62,W4QRY64JQFT5,,FUSE INTEGRATION  INC.,FUSE INTEGRATION INC,USA,UNITED STATES,4863 SHAWLINE ST,STE D,SAN DIEGO,06073,SAN DIEGO,06,CA,CALIFORNIA,921111435,CA-52,CA-51,9529943323,,USA,UNITED STATES,SAN DIEGO,06073,SAN DIEGO,06,CA,CALIFORNIA,921111435,CA-51,CA-51,AWARD,D,DEFINITIVE CONTRACT,,,,,,,J,FIRM FIXED PRICE,SBIR PH I,,1,OT,OTHER FUNCTIONS,AC11,NATIONAL DEFENSE R&D SERVICES; DEPARTMENT OF DEFENSE - MILITARY; BASIC RESEARCH,H,NOT BUNDLED,,,541715,"RESEARCH AND DEVELOPMENT IN THE PHYSICAL, ENGINEERING, AND LIFE SCIENCES (EXCEPT NANOTECHNOLOGY AND BIOTECHNOLOGY)",C,NO CLAUSES INCLUDED AND NO SUSTAINABILITY INCLUDED,A,U.S. OWNED BUSINESS,000,NONE,Z,NOT IT PRODUCTS OR SERVICES,E,NOT REQUIRED,USA,UNITED STATES,C,NOT A MANUFACTURED END PRODUCT,B,PLAN NOT REQUIRED,D,FULL AND OPEN COMPETITION AFTER EXCLUSION OF SOURCES,NP,NEGOTIATED PROPOSAL/QUOTE,SBA,SMALL BUSINESS SET ASIDE - TOTAL,NONE,NO PREFERENCE USED,SR1,SMALL BUSINESS INNOVATION RESEARCH PROGRAM PHASE I ACTION,,,,,8,D,COMMERCIAL PRODUCTS/SERVICES PROCEDURES NOT USED,f,N,NO,,,X,NOT APPLICABLE,N,NO,0.00,N,NO,X,NOT APPLICABLE,X,NOT APPLICABLE,X,NOT APPLICABLE,X,NOT APPLICABLE,,,,,,,,NONE,NONE,N,NO,X,NOT APPLICABLE EXEMPT FROM CAS,N,TRANSACTION DOES NOT USE GFE/GFP,,,D,NOT CONSOLIDATED,N,NO - SERVICE WHERE PBA IS NOT USED.,N,NO,Z,NOT APPLICABLE,N,NO,X,NOT APPLICABLE,f,f,f,f,f,t,t,f,f,f,f,f,f,f,f,f,f,f,f,SMALL BUSINESS,S,f,f,f,f,f,f,f,f,f,f,f,f,f,f,f,f,f,CORPORATE NOT TAX EXEMPT,t,f,f,f,f,f,f,f,f,f,f,f,f,f,f,f,f,t,f,f,f,f,f,f,f,f,f,f,t,f,f,f,f,f,f,f,f,f,f,f,f,f,f,f,f,f,f,f,f,f,,,,,,,,,,,https://www.usaspending.gov/award/CONT_AWD_N6833523C0482_9700_-NONE-_-NONE-/,2025-01-28 06:41:01+00
CONT_AWD_N6833523C0491_9700_-NONE-_-NONE-,N6833523C0491,,,,,,,,,139985.00,,139985.00,239918.00,2023-07-13,2023,2023-07-13,2023,2023-07-17,2024-01-16,2024-07-16 00:00:00,,,097,Department of Defense,1700,Department of the Navy,N68335,NAVAIR WARFARE CTR AIRCRAFT DIV,097,Department of Defense,1700,Department of the Navy,N00014,OFFICE OF NAVAL RESEARCH,,,,,X,NOT APPLICABLE,,,JL9DW4GMNJ53,,MAXENTRIC TECHNOLOGIES LLC,MAXENTRIC TECHNOLOGIES LLC,,3SYV8,JL9DW4GMNJ53,,MAXENTRIC TECHNOLOGIES LLC,MAXENTRIC TECHNOLOGIES  LLC,USA,UNITED STATES,2071 LEMOINE AVE,STE 302,FORT LEE,34003,BERGEN,34,NJ,NEW JERSEY,070246007,NJ-05,NJ-05,2012429805,2012424414,USA,UNITED STATES,FORT LEE,34003,BERGEN,34,NJ,NEW JERSEY,070246007,NJ-05,NJ-05,AWARD,D,DEFINITIVE CONTRACT,,,,,,,J,FIRM FIXED PRICE,SBIR PHASE I - TOPIC N231-062,,1,OT,OTHER FUNCTIONS,AC11,NATIONAL DEFENSE R&D SERVICES; DEPARTMENT OF DEFENSE - MILITARY; BASIC RESEARCH,H,NOT BUNDLED,,,541715,"RESEARCH AND DEVELOPMENT IN THE PHYSICAL, ENGINEERING, AND LIFE SCIENCES (EXCEPT NANOTECHNOLOGY AND BIOTECHNOLOGY)",C,NO CLAUSES INCLUDED AND NO SUSTAINABILITY INCLUDED,A,U.S. OWNED BUSINESS,000,NONE,Z,NOT IT PRODUCTS OR SERVICES,E,NOT REQUIRED,USA,UNITED STATES,C,NOT A MANUFACTURED END PRODUCT,B,PLAN NOT REQUIRED,D,FULL AND OPEN COMPETITION AFTER EXCLUSION OF SOURCES,NP,NEGOTIATED PROPOSAL/QUOTE,SBA,SMALL BUSINESS SET ASIDE - TOTAL,NONE,NO PREFERENCE USED,SR1,SMALL BUSINESS INNOVATION RESEARCH PROGRAM PHASE I ACTION,,,,,12,D,COMMERCIAL PRODUCTS/SERVICES PROCEDURES NOT USED,f,N,NO,,,N,NO,N,NO,0.00,N,NO,X,NOT APPLICABLE,X,NOT APPLICABLE,N,NO,X,NOT APPLICABLE,,,,,,,,NONE,NONE,N,NO,X,NOT APPLICABLE EXEMPT FROM CAS,N,TRANSACTION DOES NOT USE GFE/GFP,,,D,NOT CONSOLIDATED,N,NO - SERVICE WHERE PBA IS NOT USED.,N,NO,Z,NOT APPLICABLE,N,NO,X,NOT APPLICABLE,f,f,f,f,f,f,f,f,f,f,f,f,f,f,f,f,f,f,f,SMALL BUSINESS,S,f,f,f,f,f,f,f,f,f,f,f,f,f,f,f,f,f,CORPORATE NOT TAX EXEMPT,t,f,f,f,f,f,f,f,f,f,f,f,f,f,f,f,f,t,f,f,f,f,f,f,f,f,t,f,t,f,f,f,f,f,f,f,f,f,f,f,f,f,f,f,f,f,f,f,f,f,,,,,,,,,,,https://www.usaspending.gov/award/CONT_AWD_N6833523C0491_9700_-NONE-_-NONE-/,2025-07-25 14:25:34+00
CONT_AWD_N6833523C0502_9700_-NONE-_-NONE-,N6833523C0502,,,,,,,,,139719.00,,139719.00,239596.00,2023-07-13,2023,2023-07-13,2023,2023-07-17,2024-01-16,2024-07-16 00:00:00,,,097,Department of Defense,1700,Department of the Navy,N68335,NAVAIR WARFARE CTR AIRCRAFT DIV,097,Department of Defense,1700,Department of the Navy,N00014,OFFICE OF NAVAL RESEARCH,,,,,X,NOT APPLICABLE,,,M7C6B5RZW8A3,,HELICON CHEMICAL COMPANY LLC,HELICON CHEMICAL COMPANY LLC,,6TQ54,M7C6B5RZW8A3,,HELICON CHEMICAL COMPANY LLC,HELICON CHEMICAL COMPANY,USA,UNITED STATES,3259 PROGRESS DR,,ORLANDO,12095,ORANGE,12,FL,FLORIDA,328263230,FL-07,FL-10,3213006266,8313006263,USA,UNITED STATES,ORLANDO,12095,ORANGE,12,FL,FLORIDA,328263230,FL-10,FL-10,AWARD,D,DEFINITIVE CONTRACT,,,,,,,J,FIRM FIXED PRICE,STTR PHASE I - TOPIC N23A-T018,,1,OT,OTHER FUNCTIONS,AC11,NATIONAL DEFENSE R&D SERVICES; DEPARTMENT OF DEFENSE - MILITARY; BASIC RESEARCH,H,NOT BUNDLED,,,541715,"RESEARCH AND DEVELOPMENT IN THE PHYSICAL, ENGINEERING, AND LIFE SCIENCES (EXCEPT NANOTECHNOLOGY AND BIOTECHNOLOGY)",C,NO CLAUSES INCLUDED AND NO SUSTAINABILITY INCLUDED,A,U.S. OWNED BUSINESS,000,NONE,Z,NOT IT PRODUCTS OR SERVICES,E,NOT REQUIRED,USA,UNITED STATES,C,NOT A MANUFACTURED END PRODUCT,B,PLAN NOT REQUIRED,D,FULL AND OPEN COMPETITION AFTER EXCLUSION OF SOURCES,NP,NEGOTIATED PROPOSAL/QUOTE,SBA,SMALL BUSINESS SET ASIDE - TOTAL,NONE,NO PREFERENCE USED,ST1,SMALL TECHNOLOGY TRANSFER RESEARCH PROGRAM PHASE I,,,,,8,D,COMMERCIAL PRODUCTS/SERVICES PROCEDURES NOT USED,f,N,NO,,,N,NO,N,NO,0.00,N,NO,X,NOT APPLICABLE,X,NOT APPLICABLE,N,NO,X,NOT APPLICABLE,,,,,,,,NONE,NONE,N,NO,X,NOT APPLICABLE EXEMPT FROM CAS,N,TRANSACTION DOES NOT USE GFE/GFP,,,D,NOT CONSOLIDATED,N,NO - SERVICE WHERE PBA IS NOT USED.,N,NO,Z,NOT APPLICABLE,N,NO,X,NOT APPLICABLE,f,f,f,f,f,f,f,f,f,f,f,f,f,f,f,f,f,f,f,SMALL BUSINESS,S,f,f,f,f,f,f,f,f,f,f,f,f,f,f,f,f,f,CORPORATE NOT TAX EXEMPT,t,f,f,f,f,f,f,f,f,f,f,f,f,f,f,f,f,t,f,f,f,f,f,f,f,f,t,f,t,f,f,f,f,f,f,f,f,f,f,f,f,f,f,f,f,t,f,f,f,f,,,,,,,,,,,https://www.usaspending.gov/award/CONT_AWD_N6833523C0502_9700_-NONE-_-NONE-/,2024-07-26 07:25:08+00
CONT_AWD_N6833523C0509_9700_-NONE-_-NONE-,N6833523C0509,,,,,,,,,139640.00,,139640.00,239298.00,2023-07-10,2023,2023-07-10,2023,2023-07-10,2024-01-09,2024-07-22 00:00:00,,,097,Department of Defense,1700,Department of the Navy,N68335,NAVAIR WARFARE CTR AIRCRAFT DIV,097,Department of Defense,1700,Department of the Navy,N00421,NAVAL AIR WARFARE CENTER AIR DIV,,,,,X,NOT APPLICABLE,,,TXCCF2Q9N3V4,,ADVANCED ONION INC,"ADVANCED ONION, INC.",,56NQ1,TXCCF2Q9N3V4,,ADVANCED ONION INC,ADVANCED ONION  INC.,USA,UNITED STATES,2460 GARDEN RD SUITE E,,MONTEREY,06053,MONTEREY,06,CA,CALIFORNIA,939405398,CA-20,CA-19,5712629853,8315350111,USA,UNITED STATES,MONTEREY,06053,MONTEREY,06,CA,CALIFORNIA,939405398,CA-19,CA-19,AWARD,D,DEFINITIVE CONTRACT,,,,,,,J,FIRM FIXED PRICE,SBIR PHASE I,,1,OT,OTHER FUNCTIONS,AC11,NATIONAL DEFENSE R&D SERVICES; DEPARTMENT OF DEFENSE - MILITARY; BASIC RESEARCH,H,NOT BUNDLED,,,541715,"RESEARCH AND DEVELOPMENT IN THE PHYSICAL, ENGINEERING, AND LIFE SCIENCES (EXCEPT NANOTECHNOLOGY AND BIOTECHNOLOGY)",C,NO CLAUSES INCLUDED AND NO SUSTAINABILITY INCLUDED,A,U.S. OWNED BUSINESS,000,NONE,Z,NOT IT PRODUCTS OR SERVICES,E,NOT REQUIRED,USA,UNITED STATES,C,NOT A MANUFACTURED END PRODUCT,B,PLAN NOT REQUIRED,D,FULL AND OPEN COMPETITION AFTER EXCLUSION OF SOURCES,NP,NEGOTIATED PROPOSAL/QUOTE,SBA,SMALL BUSINESS SET ASIDE - TOTAL,NONE,NO PREFERENCE USED,SR1,SMALL BUSINESS INNOVATION RESEARCH PROGRAM PHASE I ACTION,,,,,14,D,COMMERCIAL PRODUCTS/SERVICES PROCEDURES NOT USED,f,N,NO,,,X,NOT APPLICABLE,N,NO,0.00,N,NO,X,NOT APPLICABLE,X,NOT APPLICABLE,X,NOT APPLICABLE,X,NOT APPLICABLE,,,,,,,,NONE,NONE,N,NO,X,NOT APPLICABLE EXEMPT FROM CAS,N,TRANSACTION DOES NOT USE GFE/GFP,,,D,NOT CONSOLIDATED,N,NO - SERVICE WHERE PBA IS NOT USED.,N,NO,Z,NOT APPLICABLE,N,NO,X,NOT APPLICABLE,f,f,f,f,f,t,t,f,f,f,f,f,f,f,f,f,f,f,f,SMALL BUSINESS,S,f,f,f,f,f,f,f,f,f,f,f,f,f,f,f,f,f,CORPORATE NOT TAX EXEMPT,t,f,f,f,f,f,f,f,f,f,f,f,f,f,f,f,f,t,f,f,f,f,f,f,f,t,f,f,t,f,f,f,f,f,f,f,f,f,f,f,f,f,f,f,f,f,f,f,f,f,,,,,,,,,,,https://www.usaspending.gov/award/CONT_AWD_N6833523C0509_9700_-NONE-_-NONE-/,2025-07-15 15:02:41+00
CONT_AWD_N6833523C0510_9700_-NONE-_-NONE-,N6833523C0510,,,,,,,,,140000.00,,140000.00,240000.00,2023-07-13,2023,2023-07-13,2023,2023-07-13,2023-12-20,2024-06-17 00:00:00,,2023-03-08,097,Department of Defense,1700,Department of the Navy,N68335,NAVAIR WARFARE CTR AIRCRAFT DIV,097,Department of Defense,1700,Department of the Navy,N00178,NSWC DAHLGREN,,,,,X,NOT APPLICABLE,,,PMVAL8J63516,,LYNNTECH INC.,LYNNTECH INC,,0LHF9,PBMNEVGAX697,,ASTIN HOLDINGS  L.P.,ASTIN HOLDINGS  L.P.,USA,UNITED STATES,2501 EARL RUDDER FWY S,,COLLEGE STATION,48041,BRAZOS,48,TX,TEXAS,778456023,TX-17,TX-10,9797642296,,USA,UNITED STATES,COLLEGE STATION,48041,BRAZOS,48,TX,TEXAS,778456023,TX-10,TX-10,AWARD,D,DEFINITIVE CONTRACT,,,,,,,J,FIRM FIXED PRICE,SBIR PHASE I,,1,OT,OTHER FUNCTIONS,AC11,NATIONAL DEFENSE R&D SERVICES; DEPARTMENT OF DEFENSE - MILITARY; BASIC RESEARCH,H,NOT BUNDLED,,,541715,"RESEARCH AND DEVELOPMENT IN THE PHYSICAL, ENGINEERING, AND LIFE SCIENCES (EXCEPT NANOTECHNOLOGY AND BIOTECHNOLOGY)",C,NO CLAUSES INCLUDED AND NO SUSTAINABILITY INCLUDED,A,U.S. OWNED BUSINESS,000,NONE,Z,NOT IT PRODUCTS OR SERVICES,E,NOT REQUIRED,USA,UNITED STATES,C,NOT A MANUFACTURED END PRODUCT,B,PLAN NOT REQUIRED,D,FULL AND OPEN COMPETITION AFTER EXCLUSION OF SOURCES,NP,NEGOTIATED PROPOSAL/QUOTE,SBA,SMALL BUSINESS SET ASIDE - TOTAL,NONE,NO PREFERENCE USED,SR1,SMALL BUSINESS INNOVATION RESEARCH PROGRAM PHASE I ACTION,,,,,43,D,COMMERCIAL PRODUCTS/SERVICES PROCEDURES NOT USED,f,N,NO,,,X,NOT APPLICABLE,N,NO,0.00,N,NO,X,NOT APPLICABLE,X,NOT APPLICABLE,X,NOT APPLICABLE,X,NOT APPLICABLE,,,,,,,,NONE,NONE,N,NO,X,NOT APPLICABLE EXEMPT FROM CAS,N,TRANSACTION DOES NOT USE GFE/GFP,,,D,NOT CONSOLIDATED,N,NO - SERVICE WHERE PBA IS NOT USED.,N,NO,Z,NOT APPLICABLE,N,NO,X,NOT APPLICABLE,f,f,f,f,f,f,f,f,f,f,f,f,f,f,f,f,f,f,f,SMALL BUSINESS,S,f,f,f,f,f,f,f,f,f,f,f,f,f,f,f,f,f,CORPORATE NOT TAX EXEMPT,t,f,f,f,f,f,f,f,f,f,f,f,f,f,f,f,f,t,f,f,f,f,f,f,f,f,f,f,t,f,f,f,f,f,f,f,f,f,f,f,f,f,f,f,f,f,f,f,f,f,,,,,,,,,,,https://www.usaspending.gov/award/CONT_AWD_N6833523C0510_9700_-NONE-_-NONE-/,2024-06-13 12:14:02+00
CONT_AWD_N6833523C0517_9700_-NONE-_-NONE-,N6833523C0517,,,,,,,,,139971.00,,139971.00,239963.00,2023-07-10,2023,2023-07-10,2023,2023-07-10,2023-12-26,2024-06-24 00:00:00,,,097,Department of Defense,1700,Department of the Navy,N68335,NAVAIR WARFARE CTR AIRCRAFT DIV,097,Department of Defense,1700,Department of the Navy,N00421,NAVAL AIR WARFARE CENTER AIR DIV,,,,,X,NOT APPLICABLE,,,CMZ6LMJZAMS3,,"CMSOFT, INC.","CMSOFT, INC.",,342X0,CMZ6LMJZAMS3,,"CMSOFT, INC.",CMSOFT  INC.,USA,UNITED STATES,566 GLENBROOK DR,,PALO ALTO,06085,SANTA CLARA,06,CA,CALIFORNIA,943064344,CA-16,CA-16,6508989585,,USA,UNITED STATES,PALO ALTO,06085,SANTA CLARA,06,CA,CALIFORNIA,943064344,CA-16,CA-16,AWARD,D,DEFINITIVE CONTRACT,,,,,,,J,FIRM FIXED PRICE,KICK-OFF BRIEFING MATERIALS & FWA CERT.,,1,OT,OTHER FUNCTIONS,AC11,NATIONAL DEFENSE R&D SERVICES; DEPARTMENT OF DEFENSE - MILITARY; BASIC RESEARCH,H,NOT BUNDLED,,,541715,"RESEARCH AND DEVELOPMENT IN THE PHYSICAL, ENGINEERING, AND LIFE SCIENCES (EXCEPT NANOTECHNOLOGY AND BIOTECHNOLOGY)",C,NO CLAUSES INCLUDED AND NO SUSTAINABILITY INCLUDED,A,U.S. OWNED BUSINESS,000,NONE,Z,NOT IT PRODUCTS OR SERVICES,E,NOT REQUIRED,USA,UNITED STATES,C,NOT A MANUFACTURED END PRODUCT,B,PLAN NOT REQUIRED,D,FULL AND OPEN COMPETITION AFTER EXCLUSION OF SOURCES,NP,NEGOTIATED PROPOSAL/QUOTE,SBA,SMALL BUSINESS SET ASIDE - TOTAL,NONE,NO PREFERENCE USED,SR1,SMALL BUSINESS INNOVATION RESEARCH PROGRAM PHASE I ACTION,,,,,29,D,COMMERCIAL PRODUCTS/SERVICES PROCEDURES NOT USED,f,N,NO,,,X,NOT APPLICABLE,N,NO,0.00,N,NO,X,NOT APPLICABLE,X,NOT APPLICABLE,X,NOT APPLICABLE,X,NOT APPLICABLE,,,,,,,,NONE,NONE,N,NO,X,NOT APPLICABLE EXEMPT FROM CAS,N,TRANSACTION DOES NOT USE GFE/GFP,,,D,NOT CONSOLIDATED,N,NO - SERVICE WHERE PBA IS NOT USED.,N,NO,Z,NOT APPLICABLE,N,NO,X,NOT APPLICABLE,f,f,f,f,f,f,f,f,f,f,f,f,f,f,f,f,f,f,f,SMALL BUSINESS,S,f,f,f,f,f,f,f,f,f,f,f,f,f,f,f,f,f,CORPORATE NOT TAX EXEMPT,t,f,f,f,f,f,f,f,f,f,f,f,f,f,f,f,f,t,f,f,f,f,f,f,f,t,f,f,t,f,f,f,f,f,f,f,f,f,f,f,f,f,f,f,f,t,f,f,f,f,,,,,,,,,,,https://www.usaspending.gov/award/CONT_AWD_N6833523C0517_9700_-NONE-_-NONE-/,2025-01-30 16:00:30+00
CONT_AWD_N6833523C0518_9700_-NONE-_-NONE-,N6833523C0518,,,,,,,,,139459.00,,139459.00,239144.00,2023-07-10,2023,2023-07-10,2023,2023-07-10,2023-12-26,2024-06-24 00:00:00,,,097,Department of Defense,1700,Department of the Navy,N68335,NAVAIR WARFARE CTR AIRCRAFT DIV,097,Department of Defense,1700,Department of the Navy,N00421,NAVAL AIR WARFARE CENTER AIR DIV,,,,,X,NOT APPLICABLE,,,C3DAVH4VJDG3,,SPECTRAL ENERGIES LLC,SPECTRAL ENERGIES LLC,,4GE34,WRZWXBK2Q6E1,,SPECTRAL ENERGIES LLC,SPECTRAL ENERGIES LLC,USA,UNITED STATES,4065 EXECUTIVE DR,,BEAVERCREEK,39057,GREENE,39,OH,OHIO,454301062,OH-10,OH-10,9372669570,9372567702,USA,UNITED STATES,BEAVERCREEK,39057,GREENE,39,OH,OHIO,454301062,OH-10,OH-10,AWARD,D,DEFINITIVE CONTRACT,,,,,,,J,FIRM FIXED PRICE,KICK-OFF BRIEFING MATERIALS & FWA CERT.,,1,OT,OTHER FUNCTIONS,AC11,NATIONAL DEFENSE R&D SERVICES; DEPARTMENT OF DEFENSE - MILITARY; BASIC RESEARCH,H,NOT BUNDLED,,,541715,"RESEARCH AND DEVELOPMENT IN THE PHYSICAL, ENGINEERING, AND LIFE SCIENCES (EXCEPT NANOTECHNOLOGY AND BIOTECHNOLOGY)",C,NO CLAUSES INCLUDED AND NO SUSTAINABILITY INCLUDED,A,U.S. OWNED BUSINESS,000,NONE,Z,NOT IT PRODUCTS OR SERVICES,E,NOT REQUIRED,USA,UNITED STATES,C,NOT A MANUFACTURED END PRODUCT,B,PLAN NOT REQUIRED,D,FULL AND OPEN COMPETITION AFTER EXCLUSION OF SOURCES,NP,NEGOTIATED PROPOSAL/QUOTE,SBA,SMALL BUSINESS SET ASIDE - TOTAL,NONE,NO PREFERENCE USED,SR1,SMALL BUSINESS INNOVATION RESEARCH PROGRAM PHASE I ACTION,,,,,29,D,COMMERCIAL PRODUCTS/SERVICES PROCEDURES NOT USED,f,N,NO,,,X,NOT APPLICABLE,N,NO,0.00,N,NO,X,NOT APPLICABLE,X,NOT APPLICABLE,X,NOT APPLICABLE,X,NOT APPLICABLE,,,,,,,,NONE,NONE,N,NO,X,NOT APPLICABLE EXEMPT FROM CAS,N,TRANSACTION DOES NOT USE GFE/GFP,,,D,NOT CONSOLIDATED,N,NO - SERVICE WHERE PBA IS NOT USED.,N,NO,Z,NOT APPLICABLE,N,NO,X,NOT APPLICABLE,f,f,f,f,f,f,f,f,f,f,f,f,t,t,f,f,f,f,f,SMALL BUSINESS,S,f,f,f,f,f,f,f,f,f,f,f,f,f,f,f,f,f,CORPORATE NOT TAX EXEMPT,t,f,f,f,f,f,f,f,f,f,f,f,f,f,f,f,f,t,f,f,f,f,f,f,f,t,f,f,t,f,f,f,f,f,f,f,f,f,f,f,f,f,f,f,f,t,f,f,f,f,,,,,,,,,,,https://www.usaspending.gov/award/CONT_AWD_N6833523C0518_9700_-NONE-_-NONE-/,2024-02-23 06:18:25+00
CONT_AWD_N6833523C0519_9700_-NONE-_-NONE-,N6833523C0519,,,,,,,,,146464.00,,146464.00,246409.00,2023-07-10,2023,2023-07-10,2023,2023-07-10,2023-12-26,2024-06-24 00:00:00,,,097,Department of Defense,1700,Department of the Navy,N68335,NAVAIR WARFARE CTR AIRCRAFT DIV,097,Department of Defense,1700,Department of the Navy,N00421,NAVAL AIR WARFARE CENTER AIR DIV,,,,,X,NOT APPLICABLE,,,DA91DUWSMSQ7,,"TRITON SYSTEMS, INC.","TRITON SYSTEMS, INC.",,0VLJ1,DA91DUWSMSQ7,,"TRITON SYSTEMS, INC.",TRITON SYSTEMS  INC.,USA,UNITED STATES,330 BILLERICA RD,,CHELMSFORD,25017,MIDDLESEX,25,MA,MASSACHUSETTS,018244140,MA-03,MA-03,9788564174,9782509585,USA,UNITED STATES,CHELMSFORD,25017,MIDDLESEX,25,MA,MASSACHUSETTS,018244140,MA-03,MA-03,AWARD,D,DEFINITIVE CONTRACT,,,,,,,J,FIRM FIXED PRICE,KICK-OFF BRIEFING MATERIALS & FWA CERT.,,1,OT,OTHER FUNCTIONS,AC11,NATIONAL DEFENSE R&D SERVICES; DEPARTMENT OF DEFENSE - MILITARY; BASIC RESEARCH,H,NOT BUNDLED,,,541715,"RESEARCH AND DEVELOPMENT IN THE PHYSICAL, ENGINEERING, AND LIFE SCIENCES (EXCEPT NANOTECHNOLOGY AND BIOTECHNOLOGY)",C,NO CLAUSES INCLUDED AND NO SUSTAINABILITY INCLUDED,A,U.S. OWNED BUSINESS,000,NONE,Z,NOT IT PRODUCTS OR SERVICES,E,NOT REQUIRED,USA,UNITED STATES,C,NOT A MANUFACTURED END PRODUCT,B,PLAN NOT REQUIRED,D,FULL AND OPEN COMPETITION AFTER EXCLUSION OF SOURCES,NP,NEGOTIATED PROPOSAL/QUOTE,SBA,SMALL BUSINESS SET ASIDE - TOTAL,NONE,NO PREFERENCE USED,SR1,SMALL BUSINESS INNOVATION RESEARCH PROGRAM PHASE I ACTION,,,,,29,D,COMMERCIAL PRODUCTS/SERVICES PROCEDURES NOT USED,f,N,NO,,,X,NOT APPLICABLE,N,NO,0.00,N,NO,X,NOT APPLICABLE,X,NOT APPLICABLE,X,NOT APPLICABLE,X,NOT APPLICABLE,,,,,,,,NONE,NONE,N,NO,X,NOT APPLICABLE EXEMPT FROM CAS,N,TRANSACTION DOES NOT USE GFE/GFP,,,D,NOT CONSOLIDATED,N,NO - SERVICE WHERE PBA IS NOT USED.,N,NO,Z,NOT APPLICABLE,N,NO,X,NOT APPLICABLE,f,f,f,f,f,f,f,f,f,f,f,f,f,f,f,f,f,f,f,SMALL BUSINESS,S,f,f,f,f,f,f,f,f,f,f,f,f,f,f,f,f,f,CORPORATE NOT TAX EXEMPT,t,f,f,f,f,f,f,f,f,f,f,f,f,f,f,f,f,t,f,f,f,f,f,f,f,f,f,f,t,f,f,f,f,f,f,f,f,f,f,f,f,f,f,f,f,f,f,f,f,f,,,,,,,,,,,https://www.usaspending.gov/award/CONT_AWD_N6833523C0519_9700_-NONE-_-NONE-/,2024-06-27 15:20:16+00
CONT_AWD_N6833523C0534_9700_-NONE-_-NONE-,N6833523C0534,,,,,,,,,139526.00,,139526.00,239044.00,2023-07-13,2023,2023-07-13,2023,2023-07-13,2024-01-09,2024-07-22 00:00:00,,,097,Department of Defense,1700,Department of the Navy,N68335,NAVAIR WARFARE CTR AIRCRAFT DIV,097,Department of Defense,1700,Department of the Navy,N00421,NAVAL AIR WARFARE CENTER AIR DIV,,,,,X,NOT APPLICABLE,,,VRVSN9FSN7U9,,APPLIED RESEARCH IN ACOUSTICS LLC,APPLIED RESEARCH IN ACOUSTICS LLC,,5YYD1,VRVSN9FSN7U9,,APPLIED RESEARCH IN ACOUSTICS LLC,APPLIED RESEARCH IN ACOUSTICS,USA,UNITED STATES,305 S MAIN ST,,MADISON,51113,MADISON,51,VA,VIRGINIA,227273042,VA-07,VA-07,5404230323,,USA,UNITED STATES,MADISON,51113,MADISON,51,VA,VIRGINIA,227273042,VA-07,VA-07,AWARD,D,DEFINITIVE CONTRACT,,,,,,,J,FIRM FIXED PRICE,SBIR PH I,,1,OT,OTHER FUNCTIONS,AC11,NATIONAL DEFENSE R&D SERVICES; DEPARTMENT OF DEFENSE - MILITARY; BASIC RESEARCH,H,NOT BUNDLED,,,541715,"RESEARCH AND DEVELOPMENT IN THE PHYSICAL, ENGINEERING, AND LIFE SCIENCES (EXCEPT NANOTECHNOLOGY AND BIOTECHNOLOGY)",C,NO CLAUSES INCLUDED AND NO SUSTAINABILITY INCLUDED,A,U.S. OWNED BUSINESS,000,NONE,Z,NOT IT PRODUCTS OR SERVICES,E,NOT REQUIRED,USA,UNITED STATES,C,NOT A MANUFACTURED END PRODUCT,B,PLAN NOT REQUIRED,D,FULL AND OPEN COMPETITION AFTER EXCLUSION OF SOURCES,NP,NEGOTIATED PROPOSAL/QUOTE,SBA,SMALL BUSINESS SET ASIDE - TOTAL,NONE,NO PREFERENCE USED,SR1,SMALL BUSINESS INNOVATION RESEARCH PROGRAM PHASE I ACTION,,,,,6,D,COMMERCIAL PRODUCTS/SERVICES PROCEDURES NOT USED,f,N,NO,,,X,NOT APPLICABLE,N,NO,0.00,N,NO,X,NOT APPLICABLE,X,NOT APPLICABLE,X,NOT APPLICABLE,X,NOT APPLICABLE,,,,,,,,NONE,NONE,N,NO,X,NOT APPLICABLE EXEMPT FROM CAS,N,TRANSACTION DOES NOT USE GFE/GFP,,,D,NOT CONSOLIDATED,N,NO - SERVICE WHERE PBA IS NOT USED.,N,NO,Z,NOT APPLICABLE,N,NO,X,NOT APPLICABLE,f,f,f,f,f,f,f,f,f,f,f,f,f,f,f,f,f,f,f,SMALL BUSINESS,S,f,f,f,f,f,f,f,f,f,f,f,f,f,f,f,f,f,CORPORATE NOT TAX EXEMPT,t,f,f,f,f,f,f,f,f,f,f,f,f,f,f,f,f,t,f,f,f,f,f,f,f,f,t,f,t,f,f,f,f,f,f,f,f,f,f,f,f,f,f,f,f,f,f,f,f,f,,,,,,,,,,,https://www.usaspending.gov/award/CONT_AWD_N6833523C0534_9700_-NONE-_-NONE-/,2025-03-13 11:36:34+00
CONT_AWD_N6833523C0540_9700_-NONE-_-NONE-,N6833523C0540,,,,,,,,,139974.00,,139974.00,239923.00,2023-07-13,2023,2023-07-13,2023,2023-07-17,2024-01-16,2024-07-16 00:00:00,,,097,Department of Defense,1700,Department of the Navy,N68335,NAVAIR WARFARE CTR AIRCRAFT DIV,097,Department of Defense,1700,Department of the Navy,N00014,OFFICE OF NAVAL RESEARCH,,,,,X,NOT APPLICABLE,,,PMVAL8J63516,,LYNNTECH INC.,LYNNTECH INC,,0LHF9,NNR8M8NDABJ7,,"ASTIN HOLDINGS, L.P.",ASTIN HOLDINGS  L.P.,USA,UNITED STATES,2501 EARL RUDDER FWY S,,COLLEGE STATION,48041,BRAZOS,48,TX,TEXAS,778456023,TX-17,TX-10,9797642296,,USA,UNITED STATES,COLLEGE STATION,48041,BRAZOS,48,TX,TEXAS,778456023,TX-10,TX-10,AWARD,D,DEFINITIVE CONTRACT,,,,,,,J,FIRM FIXED PRICE,SBIR PHASE I - TOPIC N231-063,,1,OT,OTHER FUNCTIONS,AC11,NATIONAL DEFENSE R&D SERVICES; DEPARTMENT OF DEFENSE - MILITARY; BASIC RESEARCH,H,NOT BUNDLED,,,541715,"RESEARCH AND DEVELOPMENT IN THE PHYSICAL, ENGINEERING, AND LIFE SCIENCES (EXCEPT NANOTECHNOLOGY AND BIOTECHNOLOGY)",C,NO CLAUSES INCLUDED AND NO SUSTAINABILITY INCLUDED,A,U.S. OWNED BUSINESS,000,NONE,Z,NOT IT PRODUCTS OR SERVICES,E,NOT REQUIRED,USA,UNITED STATES,C,NOT A MANUFACTURED END PRODUCT,B,PLAN NOT REQUIRED,D,FULL AND OPEN COMPETITION AFTER EXCLUSION OF SOURCES,NP,NEGOTIATED PROPOSAL/QUOTE,SBA,SMALL BUSINESS SET ASIDE - TOTAL,NONE,NO PREFERENCE USED,SR1,SMALL BUSINESS INNOVATION RESEARCH PROGRAM PHASE I ACTION,,,,,23,D,COMMERCIAL PRODUCTS/SERVICES PROCEDURES NOT USED,f,N,NO,,,N,NO,N,NO,0.00,N,NO,X,NOT APPLICABLE,X,NOT APPLICABLE,N,NO,X,NOT APPLICABLE,,,,,,,,NONE,NONE,N,NO,X,NOT APPLICABLE EXEMPT FROM CAS,N,TRANSACTION DOES NOT USE GFE/GFP,,,D,NOT CONSOLIDATED,N,NO - SERVICE WHERE PBA IS NOT USED.,N,NO,Z,NOT APPLICABLE,N,NO,X,NOT APPLICABLE,f,f,f,f,f,f,f,f,f,f,f,f,f,f,f,f,f,f,f,SMALL BUSINESS,S,f,f,f,f,f,f,f,f,f,f,f,f,f,f,f,f,f,CORPORATE NOT TAX EXEMPT,t,f,f,f,f,f,f,f,f,f,f,f,f,f,f,f,f,t,f,f,f,f,f,f,f,f,f,f,t,f,f,f,f,f,f,f,f,f,f,f,f,f,f,f,f,f,f,f,f,f,,,,,,,,,,,https://www.usaspending.gov/award/CONT_AWD_N6833523C0540_9700_-NONE-_-NONE-/,2024-02-21 12:32:29+00
CONT_AWD_N6833523C0548_9700_-NONE-_-NONE-,N6833523C0548,,,,,,,,,139992.00,,139992.00,239972.00,2023-07-12,2023,2023-07-12,2023,2023-07-17,2024-01-16,2024-07-16 00:00:00,,,097,Department of Defense,1700,Department of the Navy,N68335,NAVAIR WARFARE CTR AIRCRAFT DIV,097,Department of Defense,1700,Department of the Navy,N00014,OFFICE OF NAVAL RESEARCH,,,,,X,NOT APPLICABLE,,,CTV6QPMF8C97,,"NANOVOX, LLC","NANOVOX, LLC",,6LRQ2,CTV6QPMF8C97,,"NANOVOX, LLC",NANOVOX  LLC,USA,UNITED STATES,15985 NW SCHENDEL AVE STE 210,,BEAVERTON,41067,WASHINGTON,41,OR,OREGON,970066703,OR-01,OR-01,5037033260,,USA,UNITED STATES,BEAVERTON,41067,WASHINGTON,41,OR,OREGON,970066703,OR-01,OR-01,AWARD,D,DEFINITIVE CONTRACT,,,,,,,J,FIRM FIXED PRICE,SBIR PHASE I - TOPIC N231-063,,1,OT,OTHER FUNCTIONS,AC11,NATIONAL DEFENSE R&D SERVICES; DEPARTMENT OF DEFENSE - MILITARY; BASIC RESEARCH,H,NOT BUNDLED,,,541715,"RESEARCH AND DEVELOPMENT IN THE PHYSICAL, ENGINEERING, AND LIFE SCIENCES (EXCEPT NANOTECHNOLOGY AND BIOTECHNOLOGY)",C,NO CLAUSES INCLUDED AND NO SUSTAINABILITY INCLUDED,A,U.S. OWNED BUSINESS,000,NONE,Z,NOT IT PRODUCTS OR SERVICES,E,NOT REQUIRED,USA,UNITED STATES,C,NOT A MANUFACTURED END PRODUCT,B,PLAN NOT REQUIRED,D,FULL AND OPEN COMPETITION AFTER EXCLUSION OF SOURCES,NP,NEGOTIATED PROPOSAL/QUOTE,SBA,SMALL BUSINESS SET ASIDE - TOTAL,NONE,NO PREFERENCE USED,SR1,SMALL BUSINESS INNOVATION RESEARCH PROGRAM PHASE I ACTION,,,,,23,D,COMMERCIAL PRODUCTS/SERVICES PROCEDURES NOT USED,f,N,NO,,,N,NO,N,NO,0.00,N,NO,X,NOT APPLICABLE,X,NOT APPLICABLE,N,NO,X,NOT APPLICABLE,,,,,,,,NONE,NONE,N,NO,X,NOT APPLICABLE EXEMPT FROM CAS,N,TRANSACTION DOES NOT USE GFE/GFP,,,D,NOT CONSOLIDATED,N,NO - SERVICE WHERE PBA IS NOT USED.,N,NO,Z,NOT APPLICABLE,N,NO,X,NOT APPLICABLE,f,f,f,f,f,f,f,f,f,f,f,f,f,f,f,f,f,f,f,SMALL BUSINESS,S,f,f,f,f,f,f,f,f,f,f,f,f,f,f,f,f,f,CORPORATE NOT TAX EXEMPT,t,f,f,f,f,f,f,f,f,f,f,f,f,f,f,f,f,t,f,f,f,f,f,f,f,t,t,f,t,f,f,f,f,f,f,f,f,f,f,f,f,f,f,f,f,f,f,f,f,f,,,,,,,,,,,https://www.usaspending.gov/award/CONT_AWD_N6833523C0548_9700_-NONE-_-NONE-/,2025-01-21 15:33:45+00
CONT_AWD_N6833523C0565_9700_-NONE-_-NONE-,N6833523C0565,,,,,,,,,139943.00,,139943.00,239332.00,2023-07-12,2023,2023-07-12,2023,2023-07-17,2024-01-16,2024-07-16 00:00:00,,,097,Department of Defense,1700,Department of the Navy,N68335,NAVAIR WARFARE CTR AIRCRAFT DIV,097,Department of Defense,1700,Department of the Navy,N00014,OFFICE OF NAVAL RESEARCH,,,,,X,NOT APPLICABLE,,,GY5LAG926WE9,,ADDITIVE INNOVATIONS LLC,ADDITIVE INNOVATIONS LLC,,9EMV3,GY5LAG926WE9,,ADDITIVE INNOVATIONS LLC,ADDITIVE INNOVATIONS LLC,USA,UNITED STATES,"960 PENN AVE,",STE 400,PITTSBURGH,42003,ALLEGHENY,42,PA,PENNSYLVANIA,152223834,PA-18,PA-12,4124785345,,USA,UNITED STATES,PITTSBURGH,42003,ALLEGHENY,42,PA,PENNSYLVANIA,152223834,PA-12,PA-12,AWARD,D,DEFINITIVE CONTRACT,,,,,,,J,FIRM FIXED PRICE,STTR PHASE I - TOPIC N23A-T022,,1,OT,OTHER FUNCTIONS,AC11,NATIONAL DEFENSE R&D SERVICES; DEPARTMENT OF DEFENSE - MILITARY; BASIC RESEARCH,H,NOT BUNDLED,,,541715,"RESEARCH AND DEVELOPMENT IN THE PHYSICAL, ENGINEERING, AND LIFE SCIENCES (EXCEPT NANOTECHNOLOGY AND BIOTECHNOLOGY)",C,NO CLAUSES INCLUDED AND NO SUSTAINABILITY INCLUDED,A,U.S. OWNED BUSINESS,000,NONE,Z,NOT IT PRODUCTS OR SERVICES,E,NOT REQUIRED,USA,UNITED STATES,C,NOT A MANUFACTURED END PRODUCT,B,PLAN NOT REQUIRED,D,FULL AND OPEN COMPETITION AFTER EXCLUSION OF SOURCES,NP,NEGOTIATED PROPOSAL/QUOTE,SBA,SMALL BUSINESS SET ASIDE - TOTAL,NONE,NO PREFERENCE USED,ST1,SMALL TECHNOLOGY TRANSFER RESEARCH PROGRAM PHASE I,,,,,6,D,COMMERCIAL PRODUCTS/SERVICES PROCEDURES NOT USED,f,N,NO,,,N,NO,N,NO,0.00,N,NO,X,NOT APPLICABLE,X,NOT APPLICABLE,N,NO,X,NOT APPLICABLE,,,,,,,,NONE,NONE,N,NO,X,NOT APPLICABLE EXEMPT FROM CAS,N,TRANSACTION DOES NOT USE GFE/GFP,,,D,NOT CONSOLIDATED,N,NO - SERVICE WHERE PBA IS NOT USED.,N,NO,Z,NOT APPLICABLE,N,NO,X,NOT APPLICABLE,f,f,f,f,f,f,f,f,f,f,f,f,f,f,f,f,f,f,f,SMALL BUSINESS,S,f,f,f,f,f,f,f,f,f,f,f,f,f,f,f,f,f,PARTNERSHIP,f,f,t,f,f,f,f,f,f,f,f,f,f,f,f,f,f,t,f,f,f,f,f,f,f,f,t,f,t,f,f,f,f,f,f,f,f,f,f,f,f,f,f,f,f,f,f,f,f,f,,,,,,,,,,,https://www.usaspending.gov/award/CONT_AWD_N6833523C0565_9700_-NONE-_-NONE-/,2025-05-16 08:26:17+00
CONT_AWD_N6833523C0576_9700_-NONE-_-NONE-,N6833523C0576,,,,,,,,,133627.00,,133627.00,233328.00,2023-07-13,2023,2023-07-13,2023,2023-07-13,2024-01-09,2024-07-22 00:00:00,,,097,Department of Defense,1700,Department of the Navy,N68335,NAVAIR WARFARE CTR AIRCRAFT DIV,097,Department of Defense,1700,Department of the Navy,N00421,NAVAL AIR WARFARE CENTER AIR DIV,,,,,X,NOT APPLICABLE,,,MCW6XX5ENZP5,,RDA INC.,RDA INC,,0C9C3,KZZSGCJVHXS6,,"SENTIENT DIGITAL, INC.",SENTIENT DIGITAL  INC.,USA,UNITED STATES,107 N BROAD ST,,DOYLESTOWN,42017,BUCKS,42,PA,PENNSYLVANIA,189013755,PA-01,PA-01,5043237084,,USA,UNITED STATES,DOYLESTOWN,42017,BUCKS,42,PA,PENNSYLVANIA,189013755,PA-01,PA-01,AWARD,D,DEFINITIVE CONTRACT,,,,,,,J,FIRM FIXED PRICE,SBIR PH I,,1,OT,OTHER FUNCTIONS,AC11,NATIONAL DEFENSE R&D SERVICES; DEPARTMENT OF DEFENSE - MILITARY; BASIC RESEARCH,H,NOT BUNDLED,,,541715,"RESEARCH AND DEVELOPMENT IN THE PHYSICAL, ENGINEERING, AND LIFE SCIENCES (EXCEPT NANOTECHNOLOGY AND BIOTECHNOLOGY)",C,NO CLAUSES INCLUDED AND NO SUSTAINABILITY INCLUDED,A,U.S. OWNED BUSINESS,000,NONE,Z,NOT IT PRODUCTS OR SERVICES,E,NOT REQUIRED,USA,UNITED STATES,C,NOT A MANUFACTURED END PRODUCT,B,PLAN NOT REQUIRED,D,FULL AND OPEN COMPETITION AFTER EXCLUSION OF SOURCES,NP,NEGOTIATED PROPOSAL/QUOTE,SBA,SMALL BUSINESS SET ASIDE - TOTAL,NONE,NO PREFERENCE USED,SR1,SMALL BUSINESS INNOVATION RESEARCH PROGRAM PHASE I ACTION,,,,,6,D,COMMERCIAL PRODUCTS/SERVICES PROCEDURES NOT USED,f,N,NO,,,X,NOT APPLICABLE,N,NO,0.00,N,NO,X,NOT APPLICABLE,X,NOT APPLICABLE,X,NOT APPLICABLE,X,NOT APPLICABLE,,,,,,,,NONE,NONE,N,NO,X,NOT APPLICABLE EXEMPT FROM CAS,N,TRANSACTION DOES NOT USE GFE/GFP,,,D,NOT CONSOLIDATED,N,NO - SERVICE WHERE PBA IS NOT USED.,N,NO,Z,NOT APPLICABLE,N,NO,X,NOT APPLICABLE,f,f,f,f,f,t,f,f,f,f,f,f,f,f,f,f,f,f,f,SMALL BUSINESS,S,f,f,f,f,f,f,f,f,f,f,f,f,f,f,f,f,f,CORPORATE NOT TAX EXEMPT,t,f,f,f,f,f,f,f,f,f,f,f,f,f,f,f,f,t,f,f,f,f,f,f,f,f,f,f,t,f,f,f,f,f,f,f,f,f,f,f,f,f,f,f,f,f,f,f,f,f,,,,,,,,,,,https://www.usaspending.gov/award/CONT_AWD_N6833523C0576_9700_-NONE-_-NONE-/,2025-08-27 07:28:04+00
CONT_AWD_N6833523C0578_9700_-NONE-_-NONE-,N6833523C0578,,,,,,,,,139714.00,,139714.00,239520.00,2023-07-12,2023,2023-07-12,2023,2023-07-12,2024-01-02,2024-07-01 00:00:00,,,097,Department of Defense,1700,Department of the Navy,N68335,NAVAIR WARFARE CTR AIRCRAFT DIV,097,Department of Defense,1700,Department of the Navy,N00421,NAVAL AIR WARFARE CENTER AIR DIV,,,,,X,NOT APPLICABLE,,,EVJWXL9HAYN5,,PENDAR TECHNOLOGIES LLC,"PENDAR TECHNOLOGIES, LLC",,6JJU8,EVJWXL9HAYN5,,PENDAR TECHNOLOGIES LLC,PENDAR MEDICAL,USA,UNITED STATES,30 SPINELLI PL,,CAMBRIDGE,25017,MIDDLESEX,25,MA,MASSACHUSETTS,021381070,MA-05,MA-05,6179095726,6179459143,USA,UNITED STATES,CAMBRIDGE,25017,MIDDLESEX,25,MA,MASSACHUSETTS,021381070,MA-05,MA-05,AWARD,D,DEFINITIVE CONTRACT,,,,,,,J,FIRM FIXED PRICE,KICK-OFF BRIEFING MATERIALS & FWA CERT.,,1,OT,OTHER FUNCTIONS,AC11,NATIONAL DEFENSE R&D SERVICES; DEPARTMENT OF DEFENSE - MILITARY; BASIC RESEARCH,H,NOT BUNDLED,,,541715,"RESEARCH AND DEVELOPMENT IN THE PHYSICAL, ENGINEERING, AND LIFE SCIENCES (EXCEPT NANOTECHNOLOGY AND BIOTECHNOLOGY)",C,NO CLAUSES INCLUDED AND NO SUSTAINABILITY INCLUDED,A,U.S. OWNED BUSINESS,000,NONE,Z,NOT IT PRODUCTS OR SERVICES,E,NOT REQUIRED,USA,UNITED STATES,C,NOT A MANUFACTURED END PRODUCT,B,PLAN NOT REQUIRED,D,FULL AND OPEN COMPETITION AFTER EXCLUSION OF SOURCES,NP,NEGOTIATED PROPOSAL/QUOTE,SBA,SMALL BUSINESS SET ASIDE - TOTAL,NONE,NO PREFERENCE USED,SR1,SMALL BUSINESS INNOVATION RESEARCH PROGRAM PHASE I ACTION,,,,,8,D,COMMERCIAL PRODUCTS/SERVICES PROCEDURES NOT USED,f,N,NO,,,X,NOT APPLICABLE,N,NO,0.00,N,NO,X,NOT APPLICABLE,X,NOT APPLICABLE,X,NOT APPLICABLE,X,NOT APPLICABLE,,,,,,,,NONE,NONE,N,NO,X,NOT APPLICABLE EXEMPT FROM CAS,N,TRANSACTION DOES NOT USE GFE/GFP,,,D,NOT CONSOLIDATED,N,NO - SERVICE WHERE PBA IS NOT USED.,N,NO,Z,NOT APPLICABLE,N,NO,X,NOT APPLICABLE,f,f,f,f,f,f,f,f,f,f,f,f,f,f,f,f,f,f,f,SMALL BUSINESS,S,f,f,f,f,f,f,f,f,f,f,f,f,f,f,f,f,f,PARTNERSHIP,f,f,t,f,f,f,f,f,f,f,f,f,t,f,f,f,f,t,f,f,f,f,f,f,f,f,t,f,t,f,f,f,f,f,f,f,f,f,f,f,f,f,f,f,f,f,f,f,f,f,,,,,,,,,,,https://www.usaspending.gov/award/CONT_AWD_N6833523C0578_9700_-NONE-_-NONE-/,2023-07-12 15:59:00+00
CONT_AWD_N6833523C0579_9700_-NONE-_-NONE-,N6833523C0579,,,,,,,,,139983.00,,139983.00,239944.00,2023-07-12,2023,2023-07-12,2023,2023-07-12,2024-01-02,2024-07-01 00:00:00,,,097,Department of Defense,1700,Department of the Navy,N68335,NAVAIR WARFARE CTR AIRCRAFT DIV,097,Department of Defense,1700,Department of the Navy,N00421,NAVAL AIR WARFARE CENTER AIR DIV,,,,,X,NOT APPLICABLE,,,W8BLDA6GASQ1,,"TRANSWAVE PHOTONICS, LLC","TRANSWAVE PHOTONICS, LLC",,7S2R7,W8BLDA6GASQ1,,"TRANSWAVE PHOTONICS, LLC",TRANSWAVE PHOTONICS  LLC,USA,UNITED STATES,8711 BURNET RD,STE E55,AUSTIN,48453,TRAVIS,48,TX,TEXAS,787577064,TX-37,TX-37,6316823260,,USA,UNITED STATES,AUSTIN,48453,TRAVIS,48,TX,TEXAS,787577064,TX-37,TX-37,AWARD,D,DEFINITIVE CONTRACT,,,,,,,J,FIRM FIXED PRICE,KICK-OFF BRIEFING MATERIALS & FWA CERT.,,1,OT,OTHER FUNCTIONS,AC11,NATIONAL DEFENSE R&D SERVICES; DEPARTMENT OF DEFENSE - MILITARY; BASIC RESEARCH,H,NOT BUNDLED,,,541715,"RESEARCH AND DEVELOPMENT IN THE PHYSICAL, ENGINEERING, AND LIFE SCIENCES (EXCEPT NANOTECHNOLOGY AND BIOTECHNOLOGY)",C,NO CLAUSES INCLUDED AND NO SUSTAINABILITY INCLUDED,A,U.S. OWNED BUSINESS,000,NONE,Z,NOT IT PRODUCTS OR SERVICES,E,NOT REQUIRED,USA,UNITED STATES,C,NOT A MANUFACTURED END PRODUCT,B,PLAN NOT REQUIRED,D,FULL AND OPEN COMPETITION AFTER EXCLUSION OF SOURCES,NP,NEGOTIATED PROPOSAL/QUOTE,SBA,SMALL BUSINESS SET ASIDE - TOTAL,NONE,NO PREFERENCE USED,SR1,SMALL BUSINESS INNOVATION RESEARCH PROGRAM PHASE I ACTION,,,,,8,D,COMMERCIAL PRODUCTS/SERVICES PROCEDURES NOT USED,f,N,NO,,,X,NOT APPLICABLE,N,NO,0.00,N,NO,X,NOT APPLICABLE,X,NOT APPLICABLE,X,NOT APPLICABLE,X,NOT APPLICABLE,,,,,,,,NONE,NONE,N,NO,X,NOT APPLICABLE EXEMPT FROM CAS,N,TRANSACTION DOES NOT USE GFE/GFP,,,D,NOT CONSOLIDATED,N,NO - SERVICE WHERE PBA IS NOT USED.,N,NO,Z,NOT APPLICABLE,N,NO,X,NOT APPLICABLE,f,f,f,f,f,f,f,f,f,f,f,f,f,f,f,f,f,f,f,SMALL BUSINESS,S,f,f,f,f,f,f,f,f,f,f,f,f,f,f,f,f,f,PARTNERSHIP,f,f,t,f,f,f,f,f,f,f,f,f,f,f,f,f,f,t,f,f,f,f,f,f,f,f,t,f,t,f,f,f,f,f,f,f,f,f,f,f,f,f,f,f,f,f,f,f,f,f,,,,,,,,,,,https://www.usaspending.gov/award/CONT_AWD_N6833523C0579_9700_-NONE-_-NONE-/,2024-02-16 06:37:56+00
CONT_AWD_N6833523C0587_9700_-NONE-_-NONE-,N6833523C0587,,,,,,,,,139973.00,,139973.00,239971.00,2023-07-13,2023,2023-07-13,2023,2023-07-13,2024-01-09,2024-07-22 00:00:00,,,097,Department of Defense,1700,Department of the Navy,N68335,NAVAIR WARFARE CTR AIRCRAFT DIV,097,Department of Defense,1700,Department of the Navy,N00421,NAVAL AIR WARFARE CENTER AIR DIV,,,,,X,NOT APPLICABLE,,,YD9EPGTFJPD5,,"ONELIGHT SENSING, LLC","ONELIGHT SENSING, LLC",,97P19,YD9EPGTFJPD5,,"ONELIGHT SENSING, LLC",ONELIGHT SENSING  LLC,USA,UNITED STATES,1210 S BASCOM AVE,STE 100,SAN JOSE,06085,SANTA CLARA,06,CA,CALIFORNIA,951283535,CA-16,CA-16,4082220999,,USA,UNITED STATES,SAN JOSE,06085,SANTA CLARA,06,CA,CALIFORNIA,951281111,CA-17,CA-17,AWARD,D,DEFINITIVE CONTRACT,,,,,,,J,FIRM FIXED PRICE,KICK-OFF BRIEFING MATERIALS & FWA CERT.,,1,OT,OTHER FUNCTIONS,AC11,NATIONAL DEFENSE R&D SERVICES; DEPARTMENT OF DEFENSE - MILITARY; BASIC RESEARCH,H,NOT BUNDLED,,,541715,"RESEARCH AND DEVELOPMENT IN THE PHYSICAL, ENGINEERING, AND LIFE SCIENCES (EXCEPT NANOTECHNOLOGY AND BIOTECHNOLOGY)",C,NO CLAUSES INCLUDED AND NO SUSTAINABILITY INCLUDED,A,U.S. OWNED BUSINESS,000,NONE,Z,NOT IT PRODUCTS OR SERVICES,E,NOT REQUIRED,USA,UNITED STATES,C,NOT A MANUFACTURED END PRODUCT,B,PLAN NOT REQUIRED,D,FULL AND OPEN COMPETITION AFTER EXCLUSION OF SOURCES,NP,NEGOTIATED PROPOSAL/QUOTE,SBA,SMALL BUSINESS SET ASIDE - TOTAL,NONE,NO PREFERENCE USED,SR1,SMALL BUSINESS INNOVATION RESEARCH PROGRAM PHASE I ACTION,,,,,32,D,COMMERCIAL PRODUCTS/SERVICES PROCEDURES NOT USED,f,N,NO,,,X,NOT APPLICABLE,N,NO,0.00,N,NO,X,NOT APPLICABLE,X,NOT APPLICABLE,X,NOT APPLICABLE,X,NOT APPLICABLE,,,,,,,,NONE,NONE,N,NO,X,NOT APPLICABLE EXEMPT FROM CAS,N,TRANSACTION DOES NOT USE GFE/GFP,,,D,NOT CONSOLIDATED,N,NO - SERVICE WHERE PBA IS NOT USED.,N,NO,Z,NOT APPLICABLE,N,NO,X,NOT APPLICABLE,f,f,f,f,f,f,f,f,f,f,f,f,f,f,f,f,f,f,f,SMALL BUSINESS,S,f,f,f,f,f,f,f,f,f,f,f,f,f,f,f,f,f,OTHER,f,f,f,f,f,f,f,f,f,f,f,f,f,f,f,f,f,t,f,f,f,f,f,f,f,f,t,f,t,f,f,f,f,f,f,f,f,f,f,f,f,f,f,f,f,f,f,f,f,f,,,,,,,,,,,https://www.usaspending.gov/award/CONT_AWD_N6833523C0587_9700_-NONE-_-NONE-/,2024-08-25 07:24:58+00
CONT_AWD_N6833523C0588_9700_-NONE-_-NONE-,N6833523C0588,,,,,,,,,139991.00,,139991.00,239986.00,2023-07-13,2023,2023-07-13,2023,2023-07-13,2024-01-09,2024-07-22 00:00:00,,,097,Department of Defense,1700,Department of the Navy,N68335,NAVAIR WARFARE CTR AIRCRAFT DIV,097,Department of Defense,1700,Department of the Navy,N00421,NAVAL AIR WARFARE CENTER AIR DIV,,,,,X,NOT APPLICABLE,,,RJH6GQUD3BT5,,OPTO-KNOWLEDGE SYSTEMS INC,OPTO-KNOWLEDGE SYSTEMS INC,,0PKJ3,RJH6GQUD3BT5,,OPTO-KNOWLEDGE SYSTEMS INC,OPTO-KNOWLEDGE SYSTEMS  INC.,USA,UNITED STATES,19805 HAMILTON AVE,,TORRANCE,06037,LOS ANGELES,06,CA,CALIFORNIA,905021341,CA-43,CA-44,4247579115,3107560511,USA,UNITED STATES,TORRANCE,06037,LOS ANGELES,06,CA,CALIFORNIA,905021341,CA-44,CA-44,AWARD,D,DEFINITIVE CONTRACT,,,,,,,J,FIRM FIXED PRICE,KICK-OFF BRIEFING MATERIALS & FWA CERT.,,1,OT,OTHER FUNCTIONS,AC11,NATIONAL DEFENSE R&D SERVICES; DEPARTMENT OF DEFENSE - MILITARY; BASIC RESEARCH,H,NOT BUNDLED,,,541715,"RESEARCH AND DEVELOPMENT IN THE PHYSICAL, ENGINEERING, AND LIFE SCIENCES (EXCEPT NANOTECHNOLOGY AND BIOTECHNOLOGY)",C,NO CLAUSES INCLUDED AND NO SUSTAINABILITY INCLUDED,A,U.S. OWNED BUSINESS,000,NONE,Z,NOT IT PRODUCTS OR SERVICES,E,NOT REQUIRED,USA,UNITED STATES,C,NOT A MANUFACTURED END PRODUCT,B,PLAN NOT REQUIRED,D,FULL AND OPEN COMPETITION AFTER EXCLUSION OF SOURCES,NP,NEGOTIATED PROPOSAL/QUOTE,SBA,SMALL BUSINESS SET ASIDE - TOTAL,NONE,NO PREFERENCE USED,SR1,SMALL BUSINESS INNOVATION RESEARCH PROGRAM PHASE I ACTION,,,,,32,D,COMMERCIAL PRODUCTS/SERVICES PROCEDURES NOT USED,f,N,NO,,,X,NOT APPLICABLE,N,NO,0.00,N,NO,X,NOT APPLICABLE,X,NOT APPLICABLE,X,NOT APPLICABLE,X,NOT APPLICABLE,,,,,,,,NONE,NONE,N,NO,X,NOT APPLICABLE EXEMPT FROM CAS,N,TRANSACTION DOES NOT USE GFE/GFP,,,D,NOT CONSOLIDATED,N,NO - SERVICE WHERE PBA IS NOT USED.,N,NO,Z,NOT APPLICABLE,N,NO,X,NOT APPLICABLE,f,f,f,f,f,f,f,f,f,f,f,f,f,f,f,f,f,f,f,SMALL BUSINESS,S,f,f,f,f,f,f,f,f,f,f,f,f,f,f,f,f,f,CORPORATE NOT TAX EXEMPT,t,f,f,f,f,f,f,f,f,f,f,f,f,f,f,f,f,t,f,f,f,f,f,f,f,f,f,f,t,f,f,f,f,f,f,f,f,f,f,f,f,f,f,f,f,f,f,f,f,f,,,,,,,,,,,https://www.usaspending.gov/award/CONT_AWD_N6833523C0588_9700_-NONE-_-NONE-/,2024-10-17 23:11:32+00
CONT_AWD_N6833523C0589_9700_-NONE-_-NONE-,N6833523C0589,,,,,,,,,139562.00,,139562.00,239181.00,2023-07-13,2023,2023-07-13,2023,2023-07-13,2024-01-09,2024-07-22 00:00:00,,,097,Department of Defense,1700,Department of the Navy,N68335,NAVAIR WARFARE CTR AIRCRAFT DIV,097,Department of Defense,1700,Department of the Navy,N00421,NAVAL AIR WARFARE CENTER AIR DIV,,,,,X,NOT APPLICABLE,,,EB3KX1LXLPU9,,"SAAZ MICRO, INC.",SAAZ MICRO INC,,97JP8,EB3KX1LXLPU9,,"SAAZ MICRO, INC.",SAAZ MICRO  INC.,USA,UNITED STATES,2545 W HILLCREST DR,STE 200,NEWBURY PARK,06111,VENTURA,06,CA,CALIFORNIA,913202244,CA-26,CA-26,8052978128,,USA,UNITED STATES,NEWBURY PARK,06111,VENTURA,06,CA,CALIFORNIA,913202244,CA-26,CA-26,AWARD,D,DEFINITIVE CONTRACT,,,,,,,J,FIRM FIXED PRICE,KICK-OFF BRIEFING MATERIALS & FWA CERT.,,1,OT,OTHER FUNCTIONS,AC11,NATIONAL DEFENSE R&D SERVICES; DEPARTMENT OF DEFENSE - MILITARY; BASIC RESEARCH,H,NOT BUNDLED,,,541715,"RESEARCH AND DEVELOPMENT IN THE PHYSICAL, ENGINEERING, AND LIFE SCIENCES (EXCEPT NANOTECHNOLOGY AND BIOTECHNOLOGY)",C,NO CLAUSES INCLUDED AND NO SUSTAINABILITY INCLUDED,A,U.S. OWNED BUSINESS,000,NONE,Z,NOT IT PRODUCTS OR SERVICES,E,NOT REQUIRED,USA,UNITED STATES,C,NOT A MANUFACTURED END PRODUCT,B,PLAN NOT REQUIRED,D,FULL AND OPEN COMPETITION AFTER EXCLUSION OF SOURCES,NP,NEGOTIATED PROPOSAL/QUOTE,SBA,SMALL BUSINESS SET ASIDE - TOTAL,NONE,NO PREFERENCE USED,SR1,SMALL BUSINESS INNOVATION RESEARCH PROGRAM PHASE I ACTION,,,,,32,D,COMMERCIAL PRODUCTS/SERVICES PROCEDURES NOT USED,f,N,NO,,,X,NOT APPLICABLE,N,NO,0.00,N,NO,X,NOT APPLICABLE,X,NOT APPLICABLE,X,NOT APPLICABLE,X,NOT APPLICABLE,,,,,,,,NONE,NONE,N,NO,X,NOT APPLICABLE EXEMPT FROM CAS,N,TRANSACTION DOES NOT USE GFE/GFP,,,D,NOT CONSOLIDATED,N,NO - SERVICE WHERE PBA IS NOT USED.,N,NO,Z,NOT APPLICABLE,N,NO,X,NOT APPLICABLE,f,f,f,f,f,f,f,f,f,f,f,f,f,t,f,f,f,f,f,SMALL BUSINESS,S,f,f,f,f,f,f,f,f,f,f,f,f,f,f,f,f,f,CORPORATE NOT TAX EXEMPT,t,f,f,f,f,f,f,f,f,f,f,f,t,f,f,f,f,t,f,f,f,f,f,f,f,f,f,f,t,f,f,f,f,f,f,f,f,f,f,f,f,f,f,f,f,t,f,f,f,f,,,,,,,,,,,https://www.usaspending.gov/award/CONT_AWD_N6833523C0589_9700_-NONE-_-NONE-/,2025-01-28 17:27:22+00
CONT_AWD_N6833523C0592_9700_-NONE-_-NONE-,N6833523C0592,,,,,,,,,146443.00,,146443.00,246391.00,2023-07-12,2023,2023-07-12,2023,2023-07-12,2024-01-09,2024-07-22 00:00:00,,,097,Department of Defense,1700,Department of the Navy,N68335,NAVAIR WARFARE CTR AIRCRAFT DIV,097,Department of Defense,1700,Department of the Navy,N00421,NAVAL AIR WARFARE CENTER AIR DIV,,,,,X,NOT APPLICABLE,,,DMKEXJ8NQ4C5,,ARETE ASSOCIATES,ARETE ASSOCIATES,,8N501,DMKEXJ8NQ4C5,,ARETE ASSOCIATES,ARETE ASSOCIATES,USA,UNITED STATES,9301 CORBIN AVE STE 2000,,NORTHRIDGE,06037,LOS ANGELES,06,CA,CALIFORNIA,913242508,CA-32,CA-32,7034130290,,USA,UNITED STATES,NORTHRIDGE,06037,LOS ANGELES,06,CA,CALIFORNIA,913242508,CA-32,CA-32,AWARD,D,DEFINITIVE CONTRACT,,,,,,,J,FIRM FIXED PRICE,KICK-OFF BRIEFING MATERIALS & FWA CERT.,,1,OT,OTHER FUNCTIONS,AC11,NATIONAL DEFENSE R&D SERVICES; DEPARTMENT OF DEFENSE - MILITARY; BASIC RESEARCH,H,NOT BUNDLED,,,541715,"RESEARCH AND DEVELOPMENT IN THE PHYSICAL, ENGINEERING, AND LIFE SCIENCES (EXCEPT NANOTECHNOLOGY AND BIOTECHNOLOGY)",C,NO CLAUSES INCLUDED AND NO SUSTAINABILITY INCLUDED,A,U.S. OWNED BUSINESS,000,NONE,Z,NOT IT PRODUCTS OR SERVICES,E,NOT REQUIRED,USA,UNITED STATES,C,NOT A MANUFACTURED END PRODUCT,B,PLAN NOT REQUIRED,D,FULL AND OPEN COMPETITION AFTER EXCLUSION OF SOURCES,NP,NEGOTIATED PROPOSAL/QUOTE,SBA,SMALL BUSINESS SET ASIDE - TOTAL,NONE,NO PREFERENCE USED,SR1,SMALL BUSINESS INNOVATION RESEARCH PROGRAM PHASE I ACTION,,,,,48,D,COMMERCIAL PRODUCTS/SERVICES PROCEDURES NOT USED,f,N,NO,,,X,NOT APPLICABLE,N,NO,0.00,N,NO,X,NOT APPLICABLE,X,NOT APPLICABLE,X,NOT APPLICABLE,X,NOT APPLICABLE,,,,,,,,NONE,NONE,N,NO,X,NOT APPLICABLE EXEMPT FROM CAS,N,TRANSACTION DOES NOT USE GFE/GFP,,,D,NOT CONSOLIDATED,N,NO - SERVICE WHERE PBA IS NOT USED.,N,NO,Z,NOT APPLICABLE,N,NO,X,NOT APPLICABLE,f,f,f,f,f,f,f,f,f,f,f,f,f,f,f,f,f,f,f,SMALL BUSINESS,S,f,f,f,f,f,f,f,f,f,f,f,f,f,f,f,f,f,CORPORATE NOT TAX EXEMPT,t,f,f,f,f,f,f,f,f,f,f,f,t,f,f,f,f,t,f,f,f,f,f,f,f,f,f,f,t,f,f,f,f,f,f,f,f,f,f,f,f,f,f,f,f,f,f,f,f,f,DAVID  CAMPION,1106475.00,DOUGLAS  DEPROSPO,816073.00,SALLIE  DIVINCENZO,702477.00,JEFF  MERCER,637280.00,PAUL  CARTER,487678.00,https://www.usaspending.gov/award/CONT_AWD_N6833523C0592_9700_-NONE-_-NONE-/,2025-03-06 13:40:49+00
CONT_AWD_N6833523C0593_9700_-NONE-_-NONE-,N6833523C0593,,,,,,,,,139996.00,,139996.00,239991.00,2023-07-12,2023,2023-07-12,2023,2023-07-12,2024-01-09,2024-07-22 00:00:00,,,097,Department of Defense,1700,Department of the Navy,N68335,NAVAIR WARFARE CTR AIRCRAFT DIV,097,Department of Defense,1700,Department of the Navy,N00421,NAVAL AIR WARFARE CENTER AIR DIV,,,,,X,NOT APPLICABLE,,,ECDRM83ESZD6,,SENTENAI INC.,SENTENAI INC,,86V06,ECDRM83ESZD6,,SENTENAI INC.,SENTENAI INC.,USA,UNITED STATES,501 MASSACHUSETTS AVE,,CAMBRIDGE,25017,MIDDLESEX,25,MA,MASSACHUSETTS,021394018,MA-07,MA-07,6178694098,,USA,UNITED STATES,CAMBRIDGE,25017,MIDDLESEX,25,MA,MASSACHUSETTS,021394018,MA-07,MA-07,AWARD,D,DEFINITIVE CONTRACT,,,,,,,J,FIRM FIXED PRICE,KICK-OFF BRIEFING MATERIALS & FWA CERT.,,1,OT,OTHER FUNCTIONS,AC11,NATIONAL DEFENSE R&D SERVICES; DEPARTMENT OF DEFENSE - MILITARY; BASIC RESEARCH,H,NOT BUNDLED,,,541715,"RESEARCH AND DEVELOPMENT IN THE PHYSICAL, ENGINEERING, AND LIFE SCIENCES (EXCEPT NANOTECHNOLOGY AND BIOTECHNOLOGY)",C,NO CLAUSES INCLUDED AND NO SUSTAINABILITY INCLUDED,A,U.S. OWNED BUSINESS,000,NONE,Z,NOT IT PRODUCTS OR SERVICES,E,NOT REQUIRED,USA,UNITED STATES,C,NOT A MANUFACTURED END PRODUCT,B,PLAN NOT REQUIRED,D,FULL AND OPEN COMPETITION AFTER EXCLUSION OF SOURCES,NP,NEGOTIATED PROPOSAL/QUOTE,SBA,SMALL BUSINESS SET ASIDE - TOTAL,NONE,NO PREFERENCE USED,SR1,SMALL BUSINESS INNOVATION RESEARCH PROGRAM PHASE I ACTION,,,,,48,D,COMMERCIAL PRODUCTS/SERVICES PROCEDURES NOT USED,f,N,NO,,,X,NOT APPLICABLE,N,NO,0.00,N,NO,X,NOT APPLICABLE,X,NOT APPLICABLE,X,NOT APPLICABLE,X,NOT APPLICABLE,,,,,,,,NONE,NONE,N,NO,X,NOT APPLICABLE EXEMPT FROM CAS,N,TRANSACTION DOES NOT USE GFE/GFP,,,D,NOT CONSOLIDATED,N,NO - SERVICE WHERE PBA IS NOT USED.,N,NO,Z,NOT APPLICABLE,N,NO,X,NOT APPLICABLE,f,f,f,f,f,f,f,f,f,f,f,f,f,f,f,f,f,f,f,SMALL BUSINESS,S,f,f,f,f,f,f,f,f,f,f,f,f,f,f,f,f,f,CORPORATE NOT TAX EXEMPT,t,f,f,f,f,f,f,f,f,f,f,f,f,f,f,f,f,t,f,f,f,f,f,f,f,f,f,f,t,f,f,f,f,f,f,f,f,f,f,f,f,f,f,f,f,f,f,f,f,f,,,,,,,,,,,https://www.usaspending.gov/award/CONT_AWD_N6833523C0593_9700_-NONE-_-NONE-/,2024-04-21 07:20:21+00
CONT_AWD_N6833523C0597_9700_-NONE-_-NONE-,N6833523C0597,,,,,,,,,139996.00,,139996.00,239915.00,2023-07-13,2023,2023-07-13,2023,2023-07-13,2024-01-16,2024-07-15 00:00:00,,,097,Department of Defense,1700,Department of the Navy,N68335,NAVAIR WARFARE CTR AIRCRAFT DIV,097,Department of Defense,1700,Department of the Navy,N00024,NAVSEA HQ,,,,,X,NOT APPLICABLE,,,YEG4AQRRQFC6,,MZA ASSOCIATES CORPORATION,MZA ASSOCIATES CORP,,0VG59,JPCXNAHSASU2,,MZA ASSOCIATES CORPORATION,MZA ASSOCIATES CORPORATION,USA,UNITED STATES,4900 LANG AVE NE,STE 100,ALBUQUERQUE,35001,BERNALILLO,35,NM,NEW MEXICO,871099708,NM-01,NM-01,5052459970,5052459971,USA,UNITED STATES,ALBUQUERQUE,35001,BERNALILLO,35,NM,NEW MEXICO,871099708,NM-01,NM-01,AWARD,D,DEFINITIVE CONTRACT,,,,,,,J,FIRM FIXED PRICE,STTR PHASE I.,,1,OT,OTHER FUNCTIONS,AC11,NATIONAL DEFENSE R&D SERVICES; DEPARTMENT OF DEFENSE - MILITARY; BASIC RESEARCH,H,NOT BUNDLED,,,541715,"RESEARCH AND DEVELOPMENT IN THE PHYSICAL, ENGINEERING, AND LIFE SCIENCES (EXCEPT NANOTECHNOLOGY AND BIOTECHNOLOGY)",C,NO CLAUSES INCLUDED AND NO SUSTAINABILITY INCLUDED,A,U.S. OWNED BUSINESS,000,NONE,Z,NOT IT PRODUCTS OR SERVICES,E,NOT REQUIRED,USA,UNITED STATES,C,NOT A MANUFACTURED END PRODUCT,B,PLAN NOT REQUIRED,D,FULL AND OPEN COMPETITION AFTER EXCLUSION OF SOURCES,NP,NEGOTIATED PROPOSAL/QUOTE,SBA,SMALL BUSINESS SET ASIDE - TOTAL,NONE,NO PREFERENCE USED,ST1,SMALL TECHNOLOGY TRANSFER RESEARCH PROGRAM PHASE I,,,,,2,D,COMMERCIAL PRODUCTS/SERVICES PROCEDURES NOT USED,f,N,NO,,,N,NO,N,NO,0.00,N,NO,X,NOT APPLICABLE,X,NOT APPLICABLE,X,NOT APPLICABLE,X,NOT APPLICABLE,,,,,,,,NONE,NONE,N,NO,X,NOT APPLICABLE EXEMPT FROM CAS,N,TRANSACTION DOES NOT USE GFE/GFP,,,D,NOT CONSOLIDATED,N,NO - SERVICE WHERE PBA IS NOT USED.,N,NO,Z,NOT APPLICABLE,N,NO,X,NOT APPLICABLE,f,f,f,f,f,t,f,f,f,f,f,f,f,f,f,f,f,f,f,SMALL BUSINESS,S,f,f,f,f,f,f,f,f,f,f,f,f,f,f,f,f,f,CORPORATE NOT TAX EXEMPT,t,f,f,f,f,f,f,f,f,f,f,f,t,f,f,f,f,t,f,f,f,f,f,f,f,f,f,f,t,f,f,f,f,f,f,f,f,f,f,f,f,f,f,f,f,f,f,f,f,f,ROBERT W PRAUS II,539302.00,JUSTIN D MANSELL,572450.00,MATTHEW R WHITELEY,487228.00,RICHARD  BAGNELL,368146.00,ERIC P MAGEE,355548.00,https://www.usaspending.gov/award/CONT_AWD_N6833523C0597_9700_-NONE-_-NONE-/,2025-04-23 09:26:16+00
CONT_AWD_N6833523C0601_9700_-NONE-_-NONE-,N6833523C0601,,,,,,,,,139531.00,,139531.00,239207.00,2023-07-12,2023,2023-07-12,2023,2023-07-17,2024-01-16,2024-07-16 00:00:00,,,097,Department of Defense,1700,Department of the Navy,N68335,NAVAIR WARFARE CTR AIRCRAFT DIV,097,Department of Defense,1700,Department of the Navy,N00014,OFFICE OF NAVAL RESEARCH,,,,,X,NOT APPLICABLE,,,VK4HPW1NK7X8,,STELLAR SCIENCE LTD. CO.,STELLAR SCIENCE LTD CO,,1MZG2,VK4HPW1NK7X8,,STELLAR SCIENCE LTD. CO.,STELLAR SCIENCE LTD. CO.,USA,UNITED STATES,6565 AMERICAS PKWY NE,STE 925,ALBUQUERQUE,35001,BERNALILLO,35,NM,NEW MEXICO,871108123,NM-01,NM-01,8777638268,8777638268,USA,UNITED STATES,ALBUQUERQUE,35001,BERNALILLO,35,NM,NEW MEXICO,871108123,NM-01,NM-01,AWARD,D,DEFINITIVE CONTRACT,,,,,,,J,FIRM FIXED PRICE,STTR PHASE I - TOPIC N23A-T025,,1,OT,OTHER FUNCTIONS,AC11,NATIONAL DEFENSE R&D SERVICES; DEPARTMENT OF DEFENSE - MILITARY; BASIC RESEARCH,H,NOT BUNDLED,,,541715,"RESEARCH AND DEVELOPMENT IN THE PHYSICAL, ENGINEERING, AND LIFE SCIENCES (EXCEPT NANOTECHNOLOGY AND BIOTECHNOLOGY)",C,NO CLAUSES INCLUDED AND NO SUSTAINABILITY INCLUDED,A,U.S. OWNED BUSINESS,000,NONE,Z,NOT IT PRODUCTS OR SERVICES,E,NOT REQUIRED,USA,UNITED STATES,C,NOT A MANUFACTURED END PRODUCT,B,PLAN NOT REQUIRED,D,FULL AND OPEN COMPETITION AFTER EXCLUSION OF SOURCES,NP,NEGOTIATED PROPOSAL/QUOTE,SBA,SMALL BUSINESS SET ASIDE - TOTAL,NONE,NO PREFERENCE USED,ST1,SMALL TECHNOLOGY TRANSFER RESEARCH PROGRAM PHASE I,,,,,16,D,COMMERCIAL PRODUCTS/SERVICES PROCEDURES NOT USED,f,N,NO,,,N,NO,N,NO,0.00,N,NO,X,NOT APPLICABLE,X,NOT APPLICABLE,N,NO,X,NOT APPLICABLE,,,,,,,,NONE,NONE,N,NO,X,NOT APPLICABLE EXEMPT FROM CAS,N,TRANSACTION DOES NOT USE GFE/GFP,,,D,NOT CONSOLIDATED,N,NO - SERVICE WHERE PBA IS NOT USED.,N,NO,Z,NOT APPLICABLE,N,NO,X,NOT APPLICABLE,f,f,f,f,f,t,f,f,f,f,f,f,f,f,f,f,f,f,f,SMALL BUSINESS,S,f,f,f,f,f,f,f,f,f,f,f,f,f,f,f,f,f,SOLE PROPRIETORSHIP,f,f,f,t,f,f,f,f,f,f,f,f,f,f,f,f,f,t,f,f,f,f,f,f,f,f,t,f,t,f,f,f,f,f,f,f,f,f,f,f,f,f,f,f,f,f,f,f,f,f,,,,,,,,,,,https://www.usaspending.gov/award/CONT_AWD_N6833523C0601_9700_-NONE-_-NONE-/,2026-01-29 17:07:13+00
CONT_AWD_N6833523C0605_9700_-NONE-_-NONE-,N6833523C0605,,,,,,,,,146460.00,,146460.00,246167.00,2023-07-13,2023,2023-07-13,2023,2023-07-17,2024-01-16,2024-07-16 00:00:00,,,097,Department of Defense,1700,Department of the Navy,N68335,NAVAIR WARFARE CTR AIRCRAFT DIV,097,Department of Defense,1700,Department of the Navy,N00014,OFFICE OF NAVAL RESEARCH,,,,,X,NOT APPLICABLE,,,DMKEXJ8NQ4C5,,ARETE ASSOCIATES,ARETE ASSOCIATES,,8N501,DMKEXJ8NQ4C5,,ARETE ASSOCIATES,ARETE ASSOCIATES,USA,UNITED STATES,9301 CORBIN AVE STE 2000,,NORTHRIDGE,06037,LOS ANGELES,06,CA,CALIFORNIA,913242508,CA-32,CA-32,7034130290,,USA,UNITED STATES,NORTHRIDGE,06037,LOS ANGELES,06,CA,CALIFORNIA,913242508,CA-32,CA-32,AWARD,D,DEFINITIVE CONTRACT,,,,,,,J,FIRM FIXED PRICE,STTR PHASE I - TOPIC N23A-T025,,1,OT,OTHER FUNCTIONS,AC11,NATIONAL DEFENSE R&D SERVICES; DEPARTMENT OF DEFENSE - MILITARY; BASIC RESEARCH,H,NOT BUNDLED,,,541715,"RESEARCH AND DEVELOPMENT IN THE PHYSICAL, ENGINEERING, AND LIFE SCIENCES (EXCEPT NANOTECHNOLOGY AND BIOTECHNOLOGY)",C,NO CLAUSES INCLUDED AND NO SUSTAINABILITY INCLUDED,A,U.S. OWNED BUSINESS,000,NONE,Z,NOT IT PRODUCTS OR SERVICES,E,NOT REQUIRED,USA,UNITED STATES,C,NOT A MANUFACTURED END PRODUCT,B,PLAN NOT REQUIRED,D,FULL AND OPEN COMPETITION AFTER EXCLUSION OF SOURCES,NP,NEGOTIATED PROPOSAL/QUOTE,SBA,SMALL BUSINESS SET ASIDE - TOTAL,NONE,NO PREFERENCE USED,ST1,SMALL TECHNOLOGY TRANSFER RESEARCH PROGRAM PHASE I,,,,,16,D,COMMERCIAL PRODUCTS/SERVICES PROCEDURES NOT USED,f,N,NO,,,N,NO,N,NO,0.00,N,NO,X,NOT APPLICABLE,X,NOT APPLICABLE,N,NO,X,NOT APPLICABLE,,,,,,,,NONE,NONE,N,NO,X,NOT APPLICABLE EXEMPT FROM CAS,N,TRANSACTION DOES NOT USE GFE/GFP,,,D,NOT CONSOLIDATED,N,NO - SERVICE WHERE PBA IS NOT USED.,N,NO,Z,NOT APPLICABLE,N,NO,X,NOT APPLICABLE,f,f,f,f,f,f,f,f,f,f,f,f,f,f,f,f,f,f,f,SMALL BUSINESS,S,f,f,f,f,f,f,f,f,f,f,f,f,f,f,f,f,f,CORPORATE NOT TAX EXEMPT,t,f,f,f,f,f,f,f,f,f,f,f,t,f,f,f,f,t,f,f,f,f,f,f,f,f,f,f,t,f,f,f,f,f,f,f,f,f,f,f,f,f,f,f,f,f,f,f,f,f,DAVID  CAMPION,1106475.00,DOUGLAS  DEPROSPO,816073.00,SALLIE  DIVINCENZO,702477.00,JEFF  MERCER,637280.00,PAUL  CARTER,487678.00,https://www.usaspending.gov/award/CONT_AWD_N6833523C0605_9700_-NONE-_-NONE-/,2024-12-11 19:02:09+00
CONT_AWD_N6833523C0606_9700_-NONE-_-NONE-,N6833523C0606,,,,,,,,,139975.00,,139975.00,239975.00,2023-07-14,2023,2023-07-14,2023,2023-07-17,2024-01-16,2024-07-16 00:00:00,,,097,Department of Defense,1700,Department of the Navy,N68335,NAVAIR WARFARE CTR AIRCRAFT DIV,097,Department of Defense,1700,Department of the Navy,N00014,OFFICE OF NAVAL RESEARCH,,,,,X,NOT APPLICABLE,,,RB8MDWWD5MF8,,"METROLASER, INCORPORATED","METROLASER, INC.",,0DLL8,RB8MDWWD5MF8,,"METROLASER, INCORPORATED",METROLASER  INCORPORATED,USA,UNITED STATES,22941 MILL CREEK DRIVE,,LAGUNA HILLS,06059,ORANGE,06,CA,CALIFORNIA,926531264,CA-45,CA-90,9495530688,9495530495,USA,UNITED STATES,LAGUNA HILLS,06059,ORANGE,06,CA,CALIFORNIA,926531264,CA-40,CA-90,AWARD,D,DEFINITIVE CONTRACT,,,,,,,J,FIRM FIXED PRICE,STTR PHASE I - TOPIC N23A-T029,,1,CT,CRITICAL FUNCTIONS,AC11,NATIONAL DEFENSE R&D SERVICES; DEPARTMENT OF DEFENSE - MILITARY; BASIC RESEARCH,H,NOT BUNDLED,,,541715,"RESEARCH AND DEVELOPMENT IN THE PHYSICAL, ENGINEERING, AND LIFE SCIENCES (EXCEPT NANOTECHNOLOGY AND BIOTECHNOLOGY)",C,NO CLAUSES INCLUDED AND NO SUSTAINABILITY INCLUDED,A,U.S. OWNED BUSINESS,000,NONE,Z,NOT IT PRODUCTS OR SERVICES,E,NOT REQUIRED,USA,UNITED STATES,C,NOT A MANUFACTURED END PRODUCT,B,PLAN NOT REQUIRED,D,FULL AND OPEN COMPETITION AFTER EXCLUSION OF SOURCES,NP,NEGOTIATED PROPOSAL/QUOTE,SBA,SMALL BUSINESS SET ASIDE - TOTAL,NONE,NO PREFERENCE USED,ST1,SMALL TECHNOLOGY TRANSFER RESEARCH PROGRAM PHASE I,,,,,5,D,COMMERCIAL PRODUCTS/SERVICES PROCEDURES NOT USED,f,N,NO,,,N,NO,N,NO,0.00,N,NO,X,NOT APPLICABLE,X,NOT APPLICABLE,N,NO,X,NOT APPLICABLE,,,,,,,,NONE,NONE,N,NO,X,NOT APPLICABLE EXEMPT FROM CAS,N,TRANSACTION DOES NOT USE GFE/GFP,,,D,NOT CONSOLIDATED,N,NO - SERVICE WHERE PBA IS NOT USED.,N,NO,Z,NOT APPLICABLE,N,NO,X,NOT APPLICABLE,f,f,f,f,f,f,f,f,f,f,f,f,t,f,t,f,f,f,f,SMALL BUSINESS,S,f,f,f,f,f,f,f,f,f,f,f,f,f,f,f,f,f,CORPORATE NOT TAX EXEMPT,t,f,f,f,f,f,f,f,f,f,f,f,f,f,f,f,f,t,f,f,f,f,f,f,f,t,f,f,t,f,f,f,f,f,f,f,f,f,f,f,f,f,f,f,f,t,f,f,f,f,,,,,,,,,,,https://www.usaspending.gov/award/CONT_AWD_N6833523C0606_9700_-NONE-_-NONE-/,2024-09-04 14:47:34+00
CONT_AWD_N6833523C0608_9700_-NONE-_-NONE-,N6833523C0608,,,,,,,,,139459.00,,139459.00,239144.00,2023-07-13,2023,2023-07-13,2023,2023-07-17,2024-01-16,2024-07-16 00:00:00,,,097,Department of Defense,1700,Department of the Navy,N68335,NAVAIR WARFARE CTR AIRCRAFT DIV,097,Department of Defense,1700,Department of the Navy,N00014,OFFICE OF NAVAL RESEARCH,,,,,X,NOT APPLICABLE,,,C3DAVH4VJDG3,,SPECTRAL ENERGIES LLC,SPECTRAL ENERGIES LLC,,4GE34,WRZWXBK2Q6E1,,SPECTRAL ENERGIES LLC,SPECTRAL ENERGIES LLC,USA,UNITED STATES,4065 EXECUTIVE DR,,BEAVERCREEK,39057,GREENE,39,OH,OHIO,454301062,OH-10,OH-10,9372669570,9372567702,USA,UNITED STATES,BEAVERCREEK,39057,GREENE,39,OH,OHIO,454301062,OH-10,OH-10,AWARD,D,DEFINITIVE CONTRACT,,,,,,,J,FIRM FIXED PRICE,STTR PHASE I - TOPIC N23A-T029,,1,OT,OTHER FUNCTIONS,AC11,NATIONAL DEFENSE R&D SERVICES; DEPARTMENT OF DEFENSE - MILITARY; BASIC RESEARCH,H,NOT BUNDLED,,,541715,"RESEARCH AND DEVELOPMENT IN THE PHYSICAL, ENGINEERING, AND LIFE SCIENCES (EXCEPT NANOTECHNOLOGY AND BIOTECHNOLOGY)",C,NO CLAUSES INCLUDED AND NO SUSTAINABILITY INCLUDED,A,U.S. OWNED BUSINESS,000,NONE,Z,NOT IT PRODUCTS OR SERVICES,E,NOT REQUIRED,USA,UNITED STATES,C,NOT A MANUFACTURED END PRODUCT,B,PLAN NOT REQUIRED,D,FULL AND OPEN COMPETITION AFTER EXCLUSION OF SOURCES,NP,NEGOTIATED PROPOSAL/QUOTE,SBA,SMALL BUSINESS SET ASIDE - TOTAL,NONE,NO PREFERENCE USED,ST1,SMALL TECHNOLOGY TRANSFER RESEARCH PROGRAM PHASE I,,,,,5,D,COMMERCIAL PRODUCTS/SERVICES PROCEDURES NOT USED,f,N,NO,,,N,NO,N,NO,0.00,N,NO,X,NOT APPLICABLE,X,NOT APPLICABLE,N,NO,X,NOT APPLICABLE,,,,,,,,NONE,NONE,N,NO,X,NOT APPLICABLE EXEMPT FROM CAS,N,TRANSACTION DOES NOT USE GFE/GFP,,,D,NOT CONSOLIDATED,N,NO - SERVICE WHERE PBA IS NOT USED.,N,NO,Z,NOT APPLICABLE,N,NO,X,NOT APPLICABLE,f,f,f,f,f,f,f,f,f,f,f,f,t,t,f,f,f,f,f,SMALL BUSINESS,S,f,f,f,f,f,f,f,f,f,f,f,f,f,f,f,f,f,CORPORATE NOT TAX EXEMPT,t,f,f,f,f,f,f,f,f,f,f,f,f,f,f,f,f,t,f,f,f,f,f,f,f,t,f,f,t,f,f,f,f,f,f,f,f,f,f,f,f,f,f,f,f,t,f,f,f,f,,,,,,,,,,,https://www.usaspending.gov/award/CONT_AWD_N6833523C0608_9700_-NONE-_-NONE-/,2023-07-13 19:59:22+00
CONT_AWD_N6893622C0010_9700_-NONE-_-NONE-,N6893622C0010,,,,,,,,,793670.01,,793670.01,1093118.04,2021-12-09,2022,2023-07-11,2023,2021-12-09,2023-12-12,2024-12-11 00:00:00,,2021-07-29,097,Department of Defense,1700,Department of the Navy,N68936,NAVAL AIR WARFARE CENTER,097,Department of Defense,1700,Department of the Navy,N68936,NAVAL AIR WARFARE CENTER,,,,,X,NOT APPLICABLE,,,YHLNSLHNSXQ5,,ADVALUE PHOTONICS INC,"ADVALUE PHOTONICS, INC.",,4TAG7,CHL4G9LR2R31,,ADVALUE PHOTONICS INC,ADVALUE PHOTONICS INC,USA,UNITED STATES,2700 E BILBY RD,,TUCSON,04019,PIMA,04,AZ,ARIZONA,857064554,AZ-07,AZ-07,5207905468,5207901158,USA,UNITED STATES,TUCSON,04019,PIMA,04,AZ,ARIZONA,857064554,AZ-07,AZ-07,AWARD,D,DEFINITIVE CONTRACT,,,,,,,U,COST PLUS FIXED FEE,SBIR 2 N201-016,,1,OT,OTHER FUNCTIONS,AC12,NATIONAL DEFENSE R&D SERVICES; DEPARTMENT OF DEFENSE - MILITARY; APPLIED RESEARCH,H,NOT BUNDLED,C9E,ALL OTHERS NOT IDENTIFIABLE TO ANY OTHER PROCUREMENT PROGRAM,541715,"RESEARCH AND DEVELOPMENT IN THE PHYSICAL, ENGINEERING, AND LIFE SCIENCES (EXCEPT NANOTECHNOLOGY AND BIOTECHNOLOGY)",C,NO CLAUSES INCLUDED AND NO SUSTAINABILITY INCLUDED,A,U.S. OWNED BUSINESS,000,NONE,Z,NOT IT PRODUCTS OR SERVICES,E,NOT REQUIRED,USA,UNITED STATES,C,NOT A MANUFACTURED END PRODUCT,B,PLAN NOT REQUIRED,D,FULL AND OPEN COMPETITION AFTER EXCLUSION OF SOURCES,NP,NEGOTIATED PROPOSAL/QUOTE,SBA,SMALL BUSINESS SET ASIDE - TOTAL,NONE,NO PREFERENCE USED,SR2,SMALL BUSINESS INNOVATION RESEARCH PROGRAM PHASE II ACTION,,,,,1,D,COMMERCIAL PRODUCTS/SERVICES PROCEDURES NOT USED,f,N,NO,N,NO,X,NOT APPLICABLE,N,NO,0.00,N,NO,X,NOT APPLICABLE,X,NOT APPLICABLE,N,NO,X,NOT APPLICABLE,,,,,,,,NONE,NONE,N,NO,Y,YES - CAS CLAUSE INCLUDED,N,TRANSACTION DOES NOT USE GFE/GFP,U,UNKNOWN,D,NOT CONSOLIDATED,N,NO - SERVICE WHERE PBA IS NOT USED.,N,NO,Z,NOT APPLICABLE,N,NO,X,NOT APPLICABLE,f,f,f,f,f,f,f,f,f,f,f,f,t,f,t,f,f,f,f,SMALL BUSINESS,S,f,f,f,f,f,f,f,f,f,f,f,f,f,f,f,f,f,CORPORATE NOT TAX EXEMPT,t,f,f,f,f,f,f,f,f,f,f,f,f,f,f,f,f,t,f,f,f,f,f,f,f,f,f,f,t,f,f,f,f,f,f,f,f,f,f,f,f,f,f,f,f,t,f,f,f,f,,,,,,,,,,,https://www.usaspending.gov/award/CONT_AWD_N6893622C0010_9700_-NONE-_-NONE-/,2023-07-11 14:32:25+00
CONT_AWD_N6945019C8014_9700_-NONE-_-NONE-,N6945019C8014,,,,,,,,,609009.98,0.00,609009.98,609009.98,2019-06-27,2019,2023-07-14,2023,2019-06-27,2020-08-31,2020-08-31 00:00:00,,2019-02-06,097,Department of Defense,1700,Department of the Navy,N69450,NAVFACSYSCOM SOUTHEAST,097,Department of Defense,1700,Department of the Navy,N00639,NAVAL SUPPORT ACTIVITY MID-SOUTH,017-2019/2019-1804-000,017-1804,25.4: Operation and maintenance of facilities,,X,NOT APPLICABLE,,,VT9LNBB822A4,,"CHEROKEE NATION ENVIRONMENTAL SOLUTIONS, L.L.C.","CHEROKEE NATION ENVIRONMENTAL SOLUTIONS, L.L.C.",,6YTD7,VT9LNBB822A4,,"CHEROKEE NATION ENVIRONMENTAL SOLUTIONS, L.L.C.",CHEROKEE NATION ENVIRONMENTAL SOLUTIONS  L.L.C.,USA,UNITED STATES,10838 E MARSHALL ST STE 220 D,,TULSA,40143,TULSA,40,OK,OKLAHOMA,741165682,OK-01,OK-01,9184303463,9185837948,USA,UNITED STATES,MILLINGTON,47157,SHELBY,47,TN,TENNESSEE,380545026,TN-09,TN-09,AWARD,D,DEFINITIVE CONTRACT,,,,,,,J,FIRM FIXED PRICE,REPLACE WEST PORTION OF ROOF FOR BUILDIN,N6945019R8014,1,OT,OTHER FUNCTIONS,Z2AZ,REPAIR OR ALTERATION OF OTHER ADMINISTRATIVE FACILITIES AND SERVICE BUILDINGS,H,NOT BUNDLED,C2,CONSTRUCTION,238160,ROOFING CONTRACTORS,C,NO CLAUSES INCLUDED AND NO SUSTAINABILITY INCLUDED,A,U.S. OWNED BUSINESS,000,NONE,Z,NOT IT PRODUCTS OR SERVICES,E,NOT REQUIRED,USA,UNITED STATES,C,NOT A MANUFACTURED END PRODUCT,B,PLAN NOT REQUIRED,B,NOT AVAILABLE FOR COMPETITION,SSS,ONLY ONE SOURCE,8AN,8(A) SOLE SOURCE,NONE,NO PREFERENCE USED,,,,,OTH,AUTHORIZED BY STATUTE (FAR 6.302-5(A)(2)(I)),1,D,COMMERCIAL PRODUCTS/SERVICES PROCEDURES NOT USED,f,N,NO,N,NO,N,NO,N,NO,0.00,N,NO,N,NO,N,NO,Y,YES,X,NOT APPLICABLE,,,,,,,,NONE,NONE,N,NO,X,NOT APPLICABLE EXEMPT FROM CAS,N,TRANSACTION DOES NOT USE GFE/GFP,N,NO,D,NOT CONSOLIDATED,Y,YES - SERVICE WHERE PBA IS USED.,N,NO,Z,NOT APPLICABLE,N,NO,X,NOT APPLICABLE,f,t,f,f,t,f,f,f,f,f,f,f,t,f,f,f,f,t,f,SMALL BUSINESS,S,f,f,f,f,f,f,f,f,f,f,f,f,f,f,f,f,f,CORPORATE NOT TAX EXEMPT,t,f,f,f,f,f,f,f,f,f,f,f,f,f,f,f,f,t,f,f,f,f,f,f,f,f,t,f,t,f,f,f,f,f,f,f,f,f,f,f,f,f,f,f,f,t,f,t,t,f,,,,,,,,,,,https://www.usaspending.gov/award/CONT_AWD_N6945019C8014_9700_-NONE-_-NONE-/,2025-04-22 16:50:17+00
CONT_AWD_N6945021C0041_9700_-NONE-_-NONE-,N6945021C0041,,,,,,,,,8560493.31,,8560493.31,8560493.31,2021-09-29,2021,2023-07-03,2023,2021-09-30,2024-02-16,2024-02-16 00:00:00,,2021-07-16,097,Department of Defense,1700,Department of the Navy,N69450,NAVFACSYSCOM SOUTHEAST,097,Department of Defense,1700,Department of the Navy,N42237,COMMANDING OFFICER,,,,,X,NOT APPLICABLE,,,KW2RL9X5L5C4,,"MACHIS MID-ATLANTIC, INC.","MACHIS MID-ATLANTIC, INC",,67CP6,KW2RL9X5L5C4,,"MACHIS MID-ATLANTIC, INC.",MACHIS MID-ATLANTIC  INC,USA,UNITED STATES,7383 OLD ALEXANDRIA FERRY RD,,CLINTON,24033,PRINCE GEORGE'S,24,MD,MARYLAND,207351832,MD-05,MD-05,3018684429,,USA,UNITED STATES,KINGS BAY,13039,CAMDEN,13,GA,GEORGIA,315470001,GA-01,GA-01,AWARD,D,DEFINITIVE CONTRACT,,,,,,,J,FIRM FIXED PRICE,BLDG 5085 REPAIR HULL SHOP,N6945021R0102,1,OT,OTHER FUNCTIONS,Z2EZ,REPAIR OR ALTERATION OF OTHER INDUSTRIAL BUILDINGS,H,NOT BUNDLED,C2,CONSTRUCTION,236220,COMMERCIAL AND INSTITUTIONAL BUILDING CONSTRUCTION,C,NO CLAUSES INCLUDED AND NO SUSTAINABILITY INCLUDED,A,U.S. OWNED BUSINESS,000,NONE,Z,NOT IT PRODUCTS OR SERVICES,E,NOT REQUIRED,USA,UNITED STATES,C,NOT A MANUFACTURED END PRODUCT,B,PLAN NOT REQUIRED,B,NOT AVAILABLE FOR COMPETITION,SSS,ONLY ONE SOURCE,8AN,8(A) SOLE SOURCE,NONE,NO PREFERENCE USED,,,,,OTH,AUTHORIZED BY STATUTE (FAR 6.302-5(A)(2)(I)),1,D,COMMERCIAL PRODUCTS/SERVICES PROCEDURES NOT USED,f,N,NO,N,NO,Y,YES,N,NO,0.00,N,NO,N,NO,N,NO,Y,YES,X,NOT APPLICABLE,,,,,,,,NONE,NONE,N,NO,X,NOT APPLICABLE EXEMPT FROM CAS,N,TRANSACTION DOES NOT USE GFE/GFP,U,UNKNOWN,D,NOT CONSOLIDATED,Y,YES - SERVICE WHERE PBA IS USED.,N,NO,Z,NOT APPLICABLE,N,NO,X,NOT APPLICABLE,f,f,f,f,t,f,f,f,f,f,f,f,t,f,f,f,f,t,f,SMALL BUSINESS,S,f,f,f,f,f,f,f,f,f,f,f,f,f,f,f,f,f,CORPORATE NOT TAX EXEMPT,t,f,f,f,f,f,f,f,f,f,f,f,f,f,f,f,f,t,f,f,f,f,f,f,f,f,f,f,t,f,f,f,f,f,f,f,f,f,f,f,f,f,f,f,f,t,f,t,f,f,,,,,,,,,,,https://www.usaspending.gov/award/CONT_AWD_N6945021C0041_9700_-NONE-_-NONE-/,2023-07-03 10:02:17+00
CONT_AWD_N6945022C0007_9700_-NONE-_-NONE-,N6945022C0007,,,,,,,,,0.00,,3867750.00,3867750.00,2022-09-30,2022,2023-07-10,2023,2022-09-30,2032-09-29,2032-09-29 00:00:00,,2022-09-21,097,Department of Defense,1700,Department of the Navy,N69450,NAVFACSYSCOM SOUTHEAST,097,Department of Defense,1700,Department of the Navy,N69450,NAVFACSYSCOM SOUTHEAST,,,,,X,NOT APPLICABLE,,,JEPTHD796471,,MEMPHIS LIGHT GAS & WATER,"MEMPHIS, CITY OF",,1PPD1,LSWERD3XLNU8,,"CITY OF MEMPHIS, TENNESSEE",CITY OF MEMPHIS,USA,UNITED STATES,220 S MAIN ST,,MEMPHIS,47157,SHELBY,47,TN,TENNESSEE,381033917,TN-09,TN-09,9015284125,9015284554,USA,UNITED STATES,MILLINGTON,47157,SHELBY,47,TN,TENNESSEE,380540001,TN-09,TN-09,AWARD,D,DEFINITIVE CONTRACT,,,,,,,J,FIRM FIXED PRICE,"THE SUBJECT CONTRACT SUPERSEDES CONTRACT/ORDER N40083-11-C-6004, FOR NATURAL GAS AND ELECTRICAL UTILITY SERVICES.",,1,OT,OTHER FUNCTIONS,S111,UTILITIES- GAS,H,NOT BUNDLED,S1,SERVICES,221122,ELECTRIC POWER DISTRIBUTION,C,NO CLAUSES INCLUDED AND NO SUSTAINABILITY INCLUDED,B,OTHER U.S. ENTITY (E.G. GOVERNMENT),000,NONE,Z,NOT IT PRODUCTS OR SERVICES,E,NOT REQUIRED,USA,UNITED STATES,C,NOT A MANUFACTURED END PRODUCT,B,PLAN NOT REQUIRED,B,NOT AVAILABLE FOR COMPETITION,SSS,ONLY ONE SOURCE,NONE,NO SET ASIDE USED.,NONE,NO PREFERENCE USED,,,,,UT,UTILITIES (FAR 6.302-1(B)(3)),1,A,COMMERCIAL PRODUCTS/SERVICES,f,N,NO,N,NO,X,NOT APPLICABLE,N,NO,0.00,N,NO,X,NOT APPLICABLE,X,NOT APPLICABLE,X,NOT APPLICABLE,X,NOT APPLICABLE,,,,,,,,NONE,NONE,N,NO,X,NOT APPLICABLE EXEMPT FROM CAS,N,TRANSACTION DOES NOT USE GFE/GFP,U,UNKNOWN,D,NOT CONSOLIDATED,N,NO - SERVICE WHERE PBA IS NOT USED.,N,NO,Z,NOT APPLICABLE,N,NO,X,NOT APPLICABLE,f,f,f,f,f,f,f,f,f,f,f,f,f,f,f,f,f,f,f,OTHER THAN SMALL BUSINESS,O,f,f,f,f,f,f,f,t,f,f,f,f,t,f,f,f,f,US GOVERNMENT ENTITY,f,f,f,f,f,f,t,f,f,f,f,f,f,f,f,f,f,t,f,f,f,f,f,f,f,f,f,f,f,f,f,f,f,f,f,f,f,f,f,f,f,f,f,f,f,f,f,f,f,f,,,,,,,,,,,https://www.usaspending.gov/award/CONT_AWD_N6945022C0007_9700_-NONE-_-NONE-/,2025-04-22 16:50:17+00
CONT_AWD_N6945022C0046_9700_-NONE-_-NONE-,N6945022C0046,,,,,,,,,1643768.00,,1643768.00,1643768.00,2022-07-18,2022,2023-07-13,2023,2022-07-18,2023-10-17,2023-10-17 00:00:00,,2022-03-14,097,Department of Defense,1700,Department of the Navy,N69450,NAVFACSYSCOM SOUTHEAST,097,Department of Defense,1700,Department of the Navy,N65886,FLEET READINESS CENTER SOUTHEAST,,,,,X,NOT APPLICABLE,,,RVE7GUNB8G57,,"AMES 1, LLC","AMES 1 , LLC",,661P1,RVE7GUNB8G57,,"AMES 1, LLC",AMES 1   LLC,USA,UNITED STATES,3138 COMMERCIAL DR,,ANCHORAGE,02020,ANCHORAGE,02,AK,ALASKA,995013019,AK-00,AK-00,9073440067,9073440064,USA,UNITED STATES,JACKSONVILLE,12031,DUVAL,12,FL,FLORIDA,322120005,FL-04,FL-04,AWARD,D,DEFINITIVE CONTRACT,,,,,,,J,FIRM FIXED PRICE,B101V & B101K-FIRE ALARM SYSTEMS,N6945022R0057,1,OT,OTHER FUNCTIONS,Z2EZ,REPAIR OR ALTERATION OF OTHER INDUSTRIAL BUILDINGS,H,NOT BUNDLED,C2,CONSTRUCTION,236210,INDUSTRIAL BUILDING CONSTRUCTION,C,NO CLAUSES INCLUDED AND NO SUSTAINABILITY INCLUDED,A,U.S. OWNED BUSINESS,000,NONE,Z,NOT IT PRODUCTS OR SERVICES,E,NOT REQUIRED,USA,UNITED STATES,C,NOT A MANUFACTURED END PRODUCT,B,PLAN NOT REQUIRED,B,NOT AVAILABLE FOR COMPETITION,SSS,ONLY ONE SOURCE,NONE,NO SET ASIDE USED.,NONE,NO PREFERENCE USED,,,,,OTH,AUTHORIZED BY STATUTE (FAR 6.302-5(A)(2)(I)),1,D,COMMERCIAL PRODUCTS/SERVICES PROCEDURES NOT USED,f,N,NO,N,NO,X,NOT APPLICABLE,N,NO,0.00,N,NO,N,NO,N,NO,Y,YES,X,NOT APPLICABLE,,,,,,,,NONE,NONE,N,NO,Y,YES - CAS CLAUSE INCLUDED,N,TRANSACTION DOES NOT USE GFE/GFP,U,UNKNOWN,D,NOT CONSOLIDATED,Y,YES - SERVICE WHERE PBA IS USED.,N,NO,Z,NOT APPLICABLE,N,NO,X,NOT APPLICABLE,f,t,f,f,f,f,f,f,f,f,f,f,t,f,f,f,f,t,f,SMALL BUSINESS,S,f,f,f,f,f,f,f,f,f,f,f,f,f,f,f,f,f,PARTNERSHIP,f,f,t,f,f,f,f,f,f,f,f,f,f,f,f,f,f,t,f,f,f,f,f,f,f,f,t,f,t,f,f,f,f,f,f,f,f,f,f,f,f,f,f,f,f,t,f,t,t,f,,,,,,,,,,,https://www.usaspending.gov/award/CONT_AWD_N6945022C0046_9700_-NONE-_-NONE-/,2023-07-13 16:11:39+00
CONT_AWD_N6945023C0030_9700_-NONE-_-NONE-,N6945023C0030,,,,,,,,,3198751.64,,3198751.64,3198751.64,2023-07-14,2023,2023-07-14,2023,2023-07-07,2024-04-05,2024-04-05 00:00:00,,2023-04-14,097,Department of Defense,1700,Department of the Navy,N69450,NAVFACSYSCOM SOUTHEAST,097,Department of Defense,1700,Department of the Navy,N69450,NAVFACSYSCOM SOUTHEAST,,,,,X,NOT APPLICABLE,,,H2ZDMKZLM472,,REASOR BUILDING GROUP LLC,REASOR BUILDING GROUP LLC,,7NSR5,J5CPZ9VUWC54,,REASOR BUILDING GROUP LLC,REASOR BUILDING GROUP LLC,USA,UNITED STATES,7100 PLANTATION ROAD,STE 11,PENSACOLA,12033,ESCAMBIA,12,FL,FLORIDA,325046234,FL-01,FL-01,8505309097,,USA,UNITED STATES,JACKSONVILLE,12031,DUVAL,12,FL,FLORIDA,322286816,FL-05,FL-05,AWARD,D,DEFINITIVE CONTRACT,,,,,,,J,FIRM FIXED PRICE,BASE: HANGAR 1552 ROOF,N6945023R0063,1,OT,OTHER FUNCTIONS,Z2EZ,REPAIR OR ALTERATION OF OTHER INDUSTRIAL BUILDINGS,H,NOT BUNDLED,,,236220,COMMERCIAL AND INSTITUTIONAL BUILDING CONSTRUCTION,C,NO CLAUSES INCLUDED AND NO SUSTAINABILITY INCLUDED,A,U.S. OWNED BUSINESS,000,NONE,Z,NOT IT PRODUCTS OR SERVICES,E,NOT REQUIRED,USA,UNITED STATES,C,NOT A MANUFACTURED END PRODUCT,B,PLAN NOT REQUIRED,B,NOT AVAILABLE FOR COMPETITION,SSS,ONLY ONE SOURCE,8AN,8(A) SOLE SOURCE,NONE,NO PREFERENCE USED,,,,,OTH,AUTHORIZED BY STATUTE (FAR 6.302-5(A)(2)(I)),1,A,COMMERCIAL PRODUCTS/SERVICES,f,N,NO,,,Y,YES,N,NO,0.00,N,NO,X,NOT APPLICABLE,Y,YES,Y,YES,X,NOT APPLICABLE,,,,,,,,NONE,NONE,N,NO,X,NOT APPLICABLE EXEMPT FROM CAS,N,TRANSACTION DOES NOT USE GFE/GFP,,,D,NOT CONSOLIDATED,Y,YES - SERVICE WHERE PBA IS USED.,N,NO,A,FAR 52.232-16 PROGRESS PAYMENTS,N,NO,X,NOT APPLICABLE,f,f,f,f,f,f,f,f,f,f,f,f,t,f,f,f,t,f,f,SMALL BUSINESS,S,f,f,f,f,f,f,f,f,f,f,f,f,f,f,f,f,f,PARTNERSHIP,f,f,t,f,f,f,f,f,f,f,f,f,f,f,f,f,f,t,f,f,f,f,f,f,f,t,f,f,t,f,f,f,f,f,f,f,f,f,f,f,f,f,f,f,f,t,f,t,f,f,,,,,,,,,,,https://www.usaspending.gov/award/CONT_AWD_N6945023C0030_9700_-NONE-_-NONE-/,2024-08-05 15:10:25+00
CONT_AWD_N6945023C0032_9700_-NONE-_-NONE-,N6945023C0032,,,,,,,,,109643.05,,109643.05,109643.05,2023-07-05,2023,2023-07-05,2023,2023-07-06,2023-12-06,2023-12-06 00:00:00,,2023-04-11,097,Department of Defense,1700,Department of the Navy,N69450,NAVFACSYSCOM SOUTHEAST,097,Department of Defense,1700,Department of the Navy,N25GLW,NAVAL FAC ENGINEEERING CMD ATLANTIC,,,,,X,NOT APPLICABLE,,,WKLSQ2ZZ6H93,,"JIMENEZ ENGINEERING SOLUTIONS, LLC","JIMENEZ ENGINEERING SOLUTIONS, LLC",,6ZJP8,WKLSQ2ZZ6H93,,"JIMENEZ ENGINEERING SOLUTIONS, LLC",JIMENEZ ENGINEERING SOLUTIONS  LLC,USA,UNITED STATES,261 SARATOGA BLVD,,CORPUS CHRISTI,48355,NUECES,48,TX,TEXAS,78417,TX-27,TX-27,3618265805,3618265806,USA,UNITED STATES,CORPUS CHRISTI,48355,NUECES,48,TX,TEXAS,784173030,TX-27,TX-27,AWARD,D,DEFINITIVE CONTRACT,,,,,,,J,FIRM FIXED PRICE,B2760 AND B2761 RIGID RAIL REPLACEMENT,N6945023R0056,1,OT,OTHER FUNCTIONS,Z2QA,REPAIR OR ALTERATION OF RESTORATION OF REAL PROPERTY (PUBLIC OR PRIVATE),H,NOT BUNDLED,,,237130,POWER AND COMMUNICATION LINE AND RELATED STRUCTURES CONSTRUCTION,C,NO CLAUSES INCLUDED AND NO SUSTAINABILITY INCLUDED,A,U.S. OWNED BUSINESS,000,NONE,Z,NOT IT PRODUCTS OR SERVICES,E,NOT REQUIRED,USA,UNITED STATES,C,NOT A MANUFACTURED END PRODUCT,B,PLAN NOT REQUIRED,B,NOT AVAILABLE FOR COMPETITION,SSS,ONLY ONE SOURCE,8AN,8(A) SOLE SOURCE,NONE,NO PREFERENCE USED,,,,,OTH,AUTHORIZED BY STATUTE (FAR 6.302-5(A)(2)(I)),1,D,COMMERCIAL PRODUCTS/SERVICES PROCEDURES NOT USED,f,N,NO,,,X,NOT APPLICABLE,N,NO,0.00,N,NO,X,NOT APPLICABLE,Y,YES,Y,YES,X,NOT APPLICABLE,,,,,,,,NONE,NONE,N,NO,X,NOT APPLICABLE EXEMPT FROM CAS,N,TRANSACTION DOES NOT USE GFE/GFP,,,D,NOT CONSOLIDATED,Y,YES - SERVICE WHERE PBA IS USED.,N,NO,A,FAR 52.232-16 PROGRESS PAYMENTS,N,NO,X,NOT APPLICABLE,f,f,f,f,f,f,f,f,f,f,f,f,f,f,f,f,t,f,f,SMALL BUSINESS,S,f,f,f,f,f,f,f,f,f,f,f,f,f,f,f,f,f,CORPORATE NOT TAX EXEMPT,t,f,f,f,f,f,f,f,f,f,f,f,f,f,f,f,f,t,f,f,f,f,f,f,f,f,t,f,t,f,f,f,f,f,f,f,f,f,f,f,f,f,f,f,t,t,f,t,t,f,,,,,,,,,,,https://www.usaspending.gov/award/CONT_AWD_N6945023C0032_9700_-NONE-_-NONE-/,2023-07-05 16:23:27+00
CONT_AWD_N7027221C3013_9700_-NONE-_-NONE-,N7027221C3013,,,,Q: Not Designated Nonemergency/Emergency/Disaster/Wildfire Suppression,,,,,53568.00,16336.00,53568.00,53568.00,2021-07-14,2021,2023-07-07,2023,2021-07-15,2024-04-15,2024-04-15 00:00:00,,,097,Department of Defense,1700,Department of the Navy,N70272,NCTAMS LANT,097,Department of Defense,1700,Department of the Navy,N70272,NCTAMS LANT,017-2023/2023-1804-000,017-1804,25.7: Operation and maintenance of equipment,0004: ADMINISTRATION AND SERVICE-WIDE ACTIVITIES,X,NOT APPLICABLE,,,G1PWLP4FK4H8,,PVA INC,"PVA, INC.",,075M3,G1PWLP4FK4H8,,PVA INC,PVA INC,USA,UNITED STATES,2814 ERIC LN,,BURLINGTON,37001,ALAMANCE,37,NC,NORTH CAROLINA,272155491,NC-04,NC-09,3368489752,3362174554,CUB,CUBA,,,,,,,,,,AWARD,D,DEFINITIVE CONTRACT,,,,,,,J,FIRM FIXED PRICE,GTMO DMX,,1,OT,OTHER FUNCTIONS,DG01,IT AND TELECOM - NETWORK SUPPORT SERVICES (LABOR),H,NOT BUNDLED,S1,SERVICES,541512,COMPUTER SYSTEMS DESIGN SERVICES,C,NO CLAUSES INCLUDED AND NO SUSTAINABILITY INCLUDED,A,U.S. OWNED BUSINESS,000,NONE,E,COMMERCIAL SERVICE,E,NOT REQUIRED,CUB,CUBA,C,NOT A MANUFACTURED END PRODUCT,B,PLAN NOT REQUIRED,F,COMPETED UNDER SAP,SP1,SIMPLIFIED ACQUISITION,NONE,NO SET ASIDE USED.,NONE,NO PREFERENCE USED,,,,,,,1,A,COMMERCIAL PRODUCTS/SERVICES,f,N,NO,N,NO,X,NOT APPLICABLE,N,NO,0.00,N,NO,X,NOT APPLICABLE,X,NOT APPLICABLE,X,NOT APPLICABLE,X,NOT APPLICABLE,,,,,,,,NONE,NONE,N,NO,X,NOT APPLICABLE EXEMPT FROM CAS,N,TRANSACTION DOES NOT USE GFE/GFP,U,UNKNOWN,D,NOT CONSOLIDATED,Y,YES - SERVICE WHERE PBA IS USED.,N,NO,Z,NOT APPLICABLE,N,NO,X,NOT APPLICABLE,f,f,f,f,f,f,f,t,t,f,f,f,f,f,f,f,f,f,f,OTHER THAN SMALL BUSINESS,O,f,f,f,f,f,f,f,f,f,f,f,f,f,f,f,f,f,CORPORATE NOT TAX EXEMPT,t,f,f,f,f,f,f,f,f,f,f,f,f,f,f,f,f,t,f,f,f,f,f,f,f,t,f,f,t,f,f,f,f,f,f,f,f,f,f,f,f,f,f,f,f,f,f,f,f,f,,,,,,,,,,,https://www.usaspending.gov/award/CONT_AWD_N7027221C3013_9700_-NONE-_-NONE-/,2023-07-07 13:02:29+00
CONT_AWD_SPE1C122C0007_9700_-NONE-_-NONE-,SPE1C122C0007,,,,Q: Not Designated Nonemergency/Emergency/Disaster/Wildfire Suppression,,,,,1580364.72,989923.20,1580364.72,3160729.44,2022-01-21,2022,2023-07-12,2023,2022-01-21,2022-10-26,2022-10-26 00:00:00,,2021-10-15,097,Department of Defense,97AS,Defense Logistics Agency,SPE1C1,DLA TROOP SUPPORT,097,Department of Defense,97AS,Defense Logistics Agency,SPE1C1,DLA TROOP SUPPORT,097-X-4930-005,097-4930,26.0: Supplies and materials,0801: REIMBURSABLE,X,NOT APPLICABLE,,,N9HJAHANRNB7,,"SOUTHEASTERN KENTUCKY REHABILITATION INDUSTRIES, INC","SOUTHEASTERN KENTUCKY REHABILITATION INDUSTRIES, INC.",,2Z957,N9HJAHANRNB7,,"SOUTHEASTERN KENTUCKY REHABILITATION INDUSTRIES, INC",SOUTHEASTERN KENTUCKY REHABILITATION INDUSTRIES  INC.,USA,UNITED STATES,1205 W CUMBERLAND GAP PKWY,,CORBIN,21125,LAUREL,21,KY,KENTUCKY,407015902,KY-05,KY-05,6065287490,6065287497,USA,UNITED STATES,CORBIN,21125,LAUREL,21,KY,KENTUCKY,407015902,KY-05,KY-05,AWARD,D,DEFINITIVE CONTRACT,,,,,,,J,FIRM FIXED PRICE,"8508814678!DRAWERS,MEN'S, TAN, 7 PK",SPE1C122Q0021,1,,,8420,"UNDERWEAR AND NIGHTWEAR, MEN'S",H,NOT BUNDLED,A9,"TEXTILES, CLOTHING AND EQUIPAGE",315210,CUT AND SEW APPAREL CONTRACTORS,C,NO CLAUSES INCLUDED AND NO SUSTAINABILITY INCLUDED,B,OTHER U.S. ENTITY (E.G. GOVERNMENT),000,NONE,Z,NOT IT PRODUCTS OR SERVICES,E,NOT REQUIRED,USA,UNITED STATES,D,MFG IN U.S.,B,PLAN NOT REQUIRED,F,COMPETED UNDER SAP,SP1,SIMPLIFIED ACQUISITION,NONE,NO SET ASIDE USED.,NONE,NO PREFERENCE USED,,,,,,,4,D,COMMERCIAL PRODUCTS/SERVICES PROCEDURES NOT USED,f,N,NO,N,NO,N,NO,N,NO,0.00,N,NO,X,NOT APPLICABLE,X,NOT APPLICABLE,X,NOT APPLICABLE,X,NOT APPLICABLE,,,,,,,,NONE,NONE,N,NO,X,NOT APPLICABLE EXEMPT FROM CAS,N,TRANSACTION DOES NOT USE GFE/GFP,U,UNKNOWN,D,NOT CONSOLIDATED,X,NOT APPLICABLE,N,NO,Z,NOT APPLICABLE,N,NO,X,NOT APPLICABLE,f,f,f,f,f,f,f,f,f,f,f,f,f,f,f,f,f,f,f,OTHER THAN SMALL BUSINESS,O,f,f,f,f,f,f,f,f,f,f,f,f,f,f,f,f,f,CORPORATE TAX EXEMPT,f,t,f,f,f,f,f,f,f,f,f,f,t,f,f,f,f,t,f,f,f,f,f,f,f,f,f,f,f,t,f,t,f,f,f,f,f,f,f,f,f,f,f,f,f,f,f,f,f,f,,,,,,,,,,,https://www.usaspending.gov/award/CONT_AWD_SPE1C122C0007_9700_-NONE-_-NONE-/,2023-08-22 08:41:40+00
CONT_AWD_SPE1C123C0015_9700_-NONE-_-NONE-,SPE1C123C0015,,,,Q: Not Designated Nonemergency/Emergency/Disaster/Wildfire Suppression,,,,,733.25,0.00,733.25,733.25,2023-07-14,2023,2023-07-14,2023,2023-07-14,2023-08-14,2023-08-14 00:00:00,,2022-11-29,097,Department of Defense,97AS,Defense Logistics Agency,SPE1C1,DLA TROOP SUPPORT,097,Department of Defense,97AS,Defense Logistics Agency,SPE1C1,DLA TROOP SUPPORT,097-X-4930-005,097-4930,26.0: Supplies and materials,0801: REIMBURSABLE,X,NOT APPLICABLE,,,JGLMCZQHSME7,,"CPR SAVERS & FIRST AID SUPPLY, LLC",CPR SAVERS & FIRST AID SUPPLY LLC,,59BQ7,JGLMCZQHSME7,,"CPR SAVERS & FIRST AID SUPPLY, LLC",CPR SAVERS & FIRST AID SUPPLY LLC,USA,UNITED STATES,2328 W CAMPUS DR,,TEMPE,04013,MARICOPA,04,AZ,ARIZONA,852823108,,AZ-04,8004801277,4802757002,USA,UNITED STATES,TEMPE,04013,MARICOPA,04,AZ,ARIZONA,852823108,AZ-04,AZ-04,AWARD,D,DEFINITIVE CONTRACT,,,,,,,J,FIRM FIXED PRICE,"8510013351!CARRIER,SELF-PROTEC",SPE1C123T0183,1,,,8465,INDIVIDUAL EQUIPMENT,H,NOT BUNDLED,,,339999,ALL OTHER MISCELLANEOUS MANUFACTURING,C,NO CLAUSES INCLUDED AND NO SUSTAINABILITY INCLUDED,A,U.S. OWNED BUSINESS,000,NONE,Z,NOT IT PRODUCTS OR SERVICES,E,NOT REQUIRED,USA,UNITED STATES,D,MFG IN U.S.,B,PLAN NOT REQUIRED,F,COMPETED UNDER SAP,SP1,SIMPLIFIED ACQUISITION,NONE,NO SET ASIDE USED.,NONE,NO PREFERENCE USED,,,,,,,3,D,COMMERCIAL PRODUCTS/SERVICES PROCEDURES NOT USED,f,N,NO,,,N,NO,N,NO,,N,NO,N,NO,X,NOT APPLICABLE,X,NOT APPLICABLE,X,NOT APPLICABLE,,,,,,,,NONE,NONE,N,NO,X,NOT APPLICABLE EXEMPT FROM CAS,N,TRANSACTION DOES NOT USE GFE/GFP,,,D,NOT CONSOLIDATED,X,NOT APPLICABLE,N,NO,Z,NOT APPLICABLE,N,NO,X,NOT APPLICABLE,f,f,f,f,f,f,f,f,f,f,f,f,f,f,f,f,f,f,f,SMALL BUSINESS,S,f,f,f,f,f,f,f,f,f,f,f,f,f,f,f,f,f,PARTNERSHIP,f,f,t,f,f,f,f,f,f,f,f,f,f,f,f,f,f,t,f,f,f,f,f,f,f,f,t,f,t,f,f,f,f,f,f,f,f,f,f,f,f,f,f,f,f,f,f,f,f,f,,,,,,,,,,,https://www.usaspending.gov/award/CONT_AWD_SPE1C123C0015_9700_-NONE-_-NONE-/,2024-08-03 10:07:23+00
CONT_AWD_SPE4A623C0024_9700_-NONE-_-NONE-,SPE4A623C0024,,,,Q: Not Designated Nonemergency/Emergency/Disaster/Wildfire Suppression,,,,,728136.50,0.00,728136.50,728136.50,2022-12-06,2023,2023-07-06,2023,2022-12-06,2023-10-04,2023-10-04 00:00:00,,2022-06-27,097,Department of Defense,97AS,Defense Logistics Agency,SPE4A6,DLA AVIATION,097,Department of Defense,97AS,Defense Logistics Agency,SPE4A6,DLA AVIATION,097-X-4930-005,097-4930,26.0: Supplies and materials,0801: REIMBURSABLE,X,NOT APPLICABLE,,,W3Z7M1CSK8V8,,AVOX SYSTEMS INC,AVOX SYSTEMS INC.,,53655,JQ22KVJNANT9,,SAFRAN,AVOX SYSTEMS INC.,USA,UNITED STATES,225 ERIE ST,,LANCASTER,36029,ERIE,36,NY,NEW YORK,140869501,NY-23,NY-23,7166861716,7166861665,USA,UNITED STATES,LANCASTER,36029,ERIE,36,NY,NEW YORK,140869501,NY-23,NY-23,AWARD,D,DEFINITIVE CONTRACT,,,,,,,J,FIRM FIXED PRICE,"8509514390!MASK,OXYGEN",SPE4A622R0387,1,,,1660,"AIRCRAFT AIR CONDITIONING, HEATING, AND PRESSURIZING EQUIPMENT",H,NOT BUNDLED,,,336413,OTHER AIRCRAFT PARTS AND AUXILIARY EQUIPMENT MANUFACTURING,C,NO CLAUSES INCLUDED AND NO SUSTAINABILITY INCLUDED,C,FOREIGN-OWNED BUSINESS INCORPORATED IN THE U.S.,000,NONE,Z,NOT IT PRODUCTS OR SERVICES,E,NOT REQUIRED,USA,UNITED STATES,D,MFG IN U.S.,B,PLAN NOT REQUIRED,G,NOT COMPETED UNDER SAP,SP1,SIMPLIFIED ACQUISITION,NONE,NO SET ASIDE USED.,NONE,NO PREFERENCE USED,,,,,SP2,SAP NON-COMPETITION (FAR 13),1,D,COMMERCIAL PRODUCTS/SERVICES PROCEDURES NOT USED,f,N,NO,,,Y,YES,N,NO,,N,NO,Y,YES,X,NOT APPLICABLE,X,NOT APPLICABLE,X,NOT APPLICABLE,,,,,,,,NONE,NONE,N,NO,X,NOT APPLICABLE EXEMPT FROM CAS,N,TRANSACTION DOES NOT USE GFE/GFP,U,UNKNOWN,D,NOT CONSOLIDATED,X,NOT APPLICABLE,N,NO,Z,NOT APPLICABLE,N,NO,X,NOT APPLICABLE,f,f,f,f,f,f,f,f,f,f,f,f,f,f,f,f,f,f,f,OTHER THAN SMALL BUSINESS,O,f,t,f,f,f,f,f,f,f,f,f,f,f,f,f,f,f,CORPORATE NOT TAX EXEMPT,t,f,f,f,f,f,f,f,f,f,f,f,f,f,f,f,f,t,f,f,f,f,f,f,f,f,f,t,t,f,f,f,f,f,f,f,f,f,f,f,f,f,f,f,f,f,f,f,f,f,,,,,,,,,,,https://www.usaspending.gov/award/CONT_AWD_SPE4A623C0024_9700_-NONE-_-NONE-/,2023-07-06 15:47:25+00
CONT_AWD_SPE4A623C0101_9700_-NONE-_-NONE-,SPE4A623C0101,,,,Q: Not Designated Nonemergency/Emergency/Disaster/Wildfire Suppression,,,,,316279.60,0.00,316279.60,316279.60,2023-05-26,2023,2023-07-06,2023,2023-05-26,2024-04-15,2024-04-15 00:00:00,,2023-02-24,097,Department of Defense,97AS,Defense Logistics Agency,SPE4A6,DLA AVIATION,097,Department of Defense,97AS,Defense Logistics Agency,SPE4A6,DLA AVIATION,097-X-4930-005,097-4930,26.0: Supplies and materials,0801: REIMBURSABLE,X,NOT APPLICABLE,,,G1EVUT8EBLV1,,"TRANSAERO, INC.","TRANSAERO, INC.",,27541,G1EVUT8EBLV1,,"TRANSAERO, INC.",TRANSAERO  INC.,USA,UNITED STATES,35 MELVILLE PARK RD,STE 100,MELVILLE,36103,SUFFOLK,36,NY,NEW YORK,11747,NY-01,NY-01,6317521240,6317521242,USA,UNITED STATES,MELVILLE,36103,SUFFOLK,36,NY,NEW YORK,117473268,NY-01,NY-01,AWARD,D,DEFINITIVE CONTRACT,,,,,,,J,FIRM FIXED PRICE,"8509898516!CABLE ASSEMBLY,POWER,ELECTRIC",SPE4A623R0164,1,,,6150,MISCELLANEOUS ELECTRIC POWER AND DISTRIBUTION EQUIPMENT,H,NOT BUNDLED,,,336413,OTHER AIRCRAFT PARTS AND AUXILIARY EQUIPMENT MANUFACTURING,C,NO CLAUSES INCLUDED AND NO SUSTAINABILITY INCLUDED,A,U.S. OWNED BUSINESS,000,NONE,Z,NOT IT PRODUCTS OR SERVICES,E,NOT REQUIRED,GBR,UNITED KINGDOM,L,MFG OUTSIDE U.S. - QUALIFYING COUNTRY (DOD ONLY),B,PLAN NOT REQUIRED,C,NOT COMPETED,SSS,ONLY ONE SOURCE,NONE,NO SET ASIDE USED.,NONE,NO PREFERENCE USED,,,,,ONE,ONLY ONE SOURCE-OTHER (FAR 6.302-1 OTHER),1,D,COMMERCIAL PRODUCTS/SERVICES PROCEDURES NOT USED,f,N,NO,,,Y,YES,N,NO,,N,NO,Y,YES,X,NOT APPLICABLE,X,NOT APPLICABLE,X,NOT APPLICABLE,,,,,,,,NONE,NONE,N,NO,X,NOT APPLICABLE EXEMPT FROM CAS,N,TRANSACTION DOES NOT USE GFE/GFP,,,D,NOT CONSOLIDATED,X,NOT APPLICABLE,N,NO,Z,NOT APPLICABLE,N,NO,X,NOT APPLICABLE,f,f,f,f,f,f,f,f,f,f,f,f,f,f,f,f,f,f,f,SMALL BUSINESS,S,f,f,f,f,f,f,f,f,f,f,f,f,f,f,f,f,f,CORPORATE NOT TAX EXEMPT,t,f,f,f,f,f,f,f,f,f,f,f,f,f,f,f,f,t,f,f,f,f,f,f,f,f,f,f,t,f,f,f,f,f,f,f,f,f,f,f,f,f,f,f,f,f,f,f,f,f,EMPLOYEE  A,595000.00,EMPLOYEE  B,391141.00,EMPLOYEE  C,258000.00,EMPLOYEE  D,188115.00,EMPLOYEE  C,162653.00,https://www.usaspending.gov/award/CONT_AWD_SPE4A623C0101_9700_-NONE-_-NONE-/,2023-07-06 13:23:52+00
CONT_AWD_SPE4A623C0115_9700_-NONE-_-NONE-,SPE4A623C0115,,,,Q: Not Designated Nonemergency/Emergency/Disaster/Wildfire Suppression,,,,,5250.00,0.00,5250.00,5250.00,2023-06-15,2023,2023-07-12,2023,2023-06-15,2023-12-12,2023-12-12 00:00:00,,2023-06-08,097,Department of Defense,97AS,Defense Logistics Agency,SPE4A6,DLA AVIATION,097,Department of Defense,97AS,Defense Logistics Agency,SPE4A6,DLA AVIATION,097-X-4930-005,097-4930,26.0: Supplies and materials,0801: REIMBURSABLE,X,NOT APPLICABLE,,,KVD8PCQF6LB5,,"PHILLIP CABLE MANUFACTURING, INC.","PHILLIP CABLE MANUFACTURING, INC.",,6ZSR8,KVD8PCQF6LB5,,"PHILLIP CABLE MANUFACTURING, INC.",PHILLIP CABLE MANUFACTURING  INC,USA,UNITED STATES,6090 NORTHBELT PARKWAY,STE D-F,NORCROSS,13135,GWINNETT,13,GA,GEORGIA,300714654,GA-07,GA-04,6786714363,4049961163,USA,UNITED STATES,NORCROSS,13135,GWINNETT,13,GA,GEORGIA,300714654,GA-07,GA-04,AWARD,D,DEFINITIVE CONTRACT,,,,,,,J,FIRM FIXED PRICE,8509957029!WIRING HARNESS,SPE4A523T303H,1,,,6150,MISCELLANEOUS ELECTRIC POWER AND DISTRIBUTION EQUIPMENT,H,NOT BUNDLED,,,335311,"POWER, DISTRIBUTION, AND SPECIALTY TRANSFORMER MANUFACTURING",C,NO CLAUSES INCLUDED AND NO SUSTAINABILITY INCLUDED,A,U.S. OWNED BUSINESS,000,NONE,Z,NOT IT PRODUCTS OR SERVICES,E,NOT REQUIRED,USA,UNITED STATES,D,MFG IN U.S.,B,PLAN NOT REQUIRED,F,COMPETED UNDER SAP,SP1,SIMPLIFIED ACQUISITION,NONE,NO SET ASIDE USED.,NONE,NO PREFERENCE USED,,,,,,,2,D,COMMERCIAL PRODUCTS/SERVICES PROCEDURES NOT USED,f,N,NO,,,N,NO,N,NO,,N,NO,N,NO,X,NOT APPLICABLE,X,NOT APPLICABLE,X,NOT APPLICABLE,,,,,,,,NONE,NONE,N,NO,X,NOT APPLICABLE EXEMPT FROM CAS,N,TRANSACTION DOES NOT USE GFE/GFP,,,D,NOT CONSOLIDATED,X,NOT APPLICABLE,N,NO,Z,NOT APPLICABLE,N,NO,X,NOT APPLICABLE,f,f,f,f,f,f,f,f,f,f,f,f,t,f,t,f,f,f,f,SMALL BUSINESS,S,f,f,f,f,f,f,f,f,f,f,f,f,f,f,f,f,f,CORPORATE NOT TAX EXEMPT,t,f,f,f,f,f,f,f,f,f,f,f,t,f,f,f,f,t,f,f,f,f,f,f,f,t,f,f,t,f,f,f,f,f,f,f,f,f,f,f,f,f,f,f,f,t,f,f,f,f,,,,,,,,,,,https://www.usaspending.gov/award/CONT_AWD_SPE4A623C0115_9700_-NONE-_-NONE-/,2023-07-12 12:47:40+00
CONT_AWD_SPE4A718C0033_9700_-NONE-_-NONE-,SPE4A718C0033,,,,Q: Not Designated Nonemergency/Emergency/Disaster/Wildfire Suppression,,,,,0.00,0.00,0.00,0.00,2017-11-06,2018,2023-07-12,2023,2017-11-06,2021-08-23,2021-08-23 00:00:00,,,097,Department of Defense,97AS,Defense Logistics Agency,SPE4A7,DLA AVIATION,097,Department of Defense,97AS,Defense Logistics Agency,SPE4A7,DLA AVIATION,097-X-4930-005,097-4930,25.7: Operation and maintenance of equipment;26.0: Supplies and materials,0801: REIMBURSABLE,X,NOT APPLICABLE,,,RMYAXLTM5S24,,"BOEING DISTRIBUTION, INC.","BOEING DISTRIBUTION, INC.",,22819,NU2UC8MX6NK1,,THE BOEING COMPANY,BOEING DISTRIBUTION  INC.,USA,UNITED STATES,2750 REGENT BLVD,,DFW AIRPORT,48113,DALLAS,48,TX,TEXAS,75261,TX-24,TX-24,3148826934,,USA,UNITED STATES,DALLAS,48113,DALLAS,48,TX,TEXAS,752614405,TX-24,TX-24,AWARD,D,DEFINITIVE CONTRACT,,,,,,,J,FIRM FIXED PRICE,"8504866554!BLADE,FAN,AIRCRAFT",SPE4A717R1200,1,,,2840,"GAS TURBINES AND JET ENGINES, AIRCRAFT, PRIME MOVING; AND COMPONENTS",H,NOT BUNDLED,A1B,AIRCRAFT ENGINES AND SPARES,336412,AIRCRAFT ENGINE AND ENGINE PARTS MANUFACTURING,C,NO CLAUSES INCLUDED AND NO SUSTAINABILITY INCLUDED,A,U.S. OWNED BUSINESS,000,NONE,Z,NOT IT PRODUCTS OR SERVICES,E,NOT REQUIRED,USA,UNITED STATES,D,MFG IN U.S.,B,PLAN NOT REQUIRED,C,NOT COMPETED,SSS,ONLY ONE SOURCE,NONE,NO SET ASIDE USED.,NONE,NO PREFERENCE USED,,,,,ONE,ONLY ONE SOURCE-OTHER (FAR 6.302-1 OTHER),1,D,COMMERCIAL PRODUCTS/SERVICES PROCEDURES NOT USED,f,N,NO,N,NO,N,NO,N,NO,0.00,N,NO,Y,YES,X,NOT APPLICABLE,X,NOT APPLICABLE,X,NOT APPLICABLE,,,,,,,,NONE,NONE,N,NO,X,NOT APPLICABLE EXEMPT FROM CAS,N,TRANSACTION DOES NOT USE GFE/GFP,U,UNKNOWN,D,NOT CONSOLIDATED,X,NOT APPLICABLE,N,NO,Z,NOT APPLICABLE,N,NO,X,NOT APPLICABLE,f,f,f,f,f,f,f,f,f,f,f,f,f,f,f,f,f,f,f,OTHER THAN SMALL BUSINESS,O,f,f,f,f,f,f,f,f,f,f,f,f,f,f,f,f,f,CORPORATE NOT TAX EXEMPT,t,f,f,f,f,f,f,f,f,f,f,f,f,f,f,f,f,t,f,f,f,f,f,f,f,f,f,f,t,f,f,f,f,f,f,f,f,f,f,f,f,f,f,f,f,f,f,f,f,f,,,,,,,,,,,https://www.usaspending.gov/award/CONT_AWD_SPE4A718C0033_9700_-NONE-_-NONE-/,2023-07-12 13:29:38+00
CONT_AWD_SPE4A718C0127_9700_-NONE-_-NONE-,SPE4A718C0127,,,,,,,,,119930.00,,119930.00,119930.00,2017-12-13,2018,2023-07-06,2023,2017-12-14,2019-02-18,2019-02-18 00:00:00,,,097,Department of Defense,97AS,Defense Logistics Agency,SPE4A7,DLA AVIATION,097,Department of Defense,97AS,Defense Logistics Agency,SPE4A7,DLA AVIATION,,,,,X,NOT APPLICABLE,,,EYL4CTKLCWT1,,RAHE ENGINEERING INC,RAHE ENGINEERING INC.,,6TZD9,EYL4CTKLCWT1,,RAHE ENGINEERING INC,RAHE ENGINEERING INC.,USA,UNITED STATES,2650 WALNUT AVE STE P,,TUSTIN,06059,ORANGE,06,CA,CALIFORNIA,927807034,CA-40,CA-40,7142581794,7142581857,USA,UNITED STATES,TUSTIN,06059,ORANGE,06,CA,CALIFORNIA,927807034,CA-40,CA-40,AWARD,D,DEFINITIVE CONTRACT,,,,,,,J,FIRM FIXED PRICE,"8505019343!PANEL ASSY,FUEL BOO",SPE4A718R0060,1,,,1680,MISCELLANEOUS AIRCRAFT ACCESSORIES AND COMPONENTS,H,NOT BUNDLED,A1A,AIRFRAMES AND SPARES,336413,OTHER AIRCRAFT PARTS AND AUXILIARY EQUIPMENT MANUFACTURING,C,NO CLAUSES INCLUDED AND NO SUSTAINABILITY INCLUDED,A,U.S. OWNED BUSINESS,000,NONE,Z,NOT IT PRODUCTS OR SERVICES,E,NOT REQUIRED,USA,UNITED STATES,D,MFG IN U.S.,B,PLAN NOT REQUIRED,A,FULL AND OPEN COMPETITION,NP,NEGOTIATED PROPOSAL/QUOTE,NONE,NO SET ASIDE USED.,NONE,NO PREFERENCE USED,,,,,,,7,D,COMMERCIAL PRODUCTS/SERVICES PROCEDURES NOT USED,f,N,NO,N,NO,N,NO,N,NO,,N,NO,Y,YES,X,NOT APPLICABLE,X,NOT APPLICABLE,X,NOT APPLICABLE,,,,,,,,NONE,NONE,N,NO,X,NOT APPLICABLE EXEMPT FROM CAS,N,TRANSACTION DOES NOT USE GFE/GFP,U,UNKNOWN,D,NOT CONSOLIDATED,X,NOT APPLICABLE,N,NO,Z,NOT APPLICABLE,N,NO,X,NOT APPLICABLE,f,f,f,f,f,f,f,f,f,f,f,f,f,f,f,f,f,f,f,SMALL BUSINESS,S,f,f,f,f,f,f,f,f,f,f,f,f,f,f,f,f,f,CORPORATE NOT TAX EXEMPT,t,f,f,f,f,f,f,f,f,f,f,f,t,f,f,f,f,t,f,f,f,f,f,f,f,f,f,f,t,f,f,f,f,f,f,f,f,f,f,f,f,f,f,f,f,t,f,f,f,f,,,,,,,,,,,https://www.usaspending.gov/award/CONT_AWD_SPE4A718C0127_9700_-NONE-_-NONE-/,2023-07-06 08:55:12+00
CONT_AWD_SPE60015C5017_9700_-NONE-_-NONE-,SPE60015C5017,,,,Q: Not Designated Nonemergency/Emergency/Disaster/Wildfire Suppression,,,,,2672916.00,305988.00,2672916.00,4202856.00,2015-08-06,2015,2023-07-12,2023,2015-11-01,2024-10-31,2024-10-31 00:00:00,,,097,Department of Defense,97AS,Defense Logistics Agency,SPE600,DLA ENERGY,097,Department of Defense,97AS,Defense Logistics Agency,SPE600,DLA ENERGY,097-X-4930-005,097-4930,25.4: Operation and maintenance of facilities,0801: REIMBURSABLE,X,NOT APPLICABLE,,,JZ9DBQ89WTB3,,"MAYTAG AIRCRAFT/TK&K, LLC",MAYTAG AIRCRAFT/TK&K,,5TRG4,R8GALX3NWWS7,,"MERCURY AIR GROUP, INC.",MERCURY AIR GROUP  INC.,USA,UNITED STATES,6145 LEHMAN DRI STE 300,,COLORADO SPRINGS,08041,EL PASO,08,CO,COLORADO,809183440,CO-05,CO-05,7195931600,7195938518,USA,UNITED STATES,COLORADO SPRINGS,08041,EL PASO,08,CO,COLORADO,809183440,CO-05,CO-05,AWARD,D,DEFINITIVE CONTRACT,,,,,,,J,FIRM FIXED PRICE,IGF::OT::IGF!8502228155!OCONUS GOCO STOR,SPE60014R0509,1,OT,OTHER FUNCTIONS,M1GC,OPERATION OF FUEL STORAGE BUILDINGS,D,NOT A BUNDLED REQUIREMENT,A8A,PETROLEUM,493190,OTHER WAREHOUSING AND STORAGE,C,NO CLAUSES INCLUDED AND NO SUSTAINABILITY INCLUDED,A,U.S. OWNED BUSINESS,000,NONE,Z,NOT IT PRODUCTS OR SERVICES,E,NOT REQUIRED,ITA,ITALY,C,NOT A MANUFACTURED END PRODUCT,B,PLAN NOT REQUIRED,A,FULL AND OPEN COMPETITION,NP,NEGOTIATED PROPOSAL/QUOTE,NONE,NO SET ASIDE USED.,NONE,NO PREFERENCE USED,,,,,,,3,A,COMMERCIAL PRODUCTS/SERVICES,f,N,NO,N,NO,Y,YES,N,NO,0.00,N,NO,X,NOT APPLICABLE,X,NOT APPLICABLE,X,NOT APPLICABLE,X,NOT APPLICABLE,,,,,,,,NONE,NONE,N,NO,X,NOT APPLICABLE EXEMPT FROM CAS,N,TRANSACTION DOES NOT USE GFE/GFP,N,NO,N,NO,Y,YES - SERVICE WHERE PBA IS USED.,N,NO,Z,NOT APPLICABLE,N,NO,X,NOT APPLICABLE,f,f,f,f,f,f,f,f,f,f,f,f,f,f,f,f,f,f,f,SMALL BUSINESS,S,f,f,f,f,f,f,f,f,f,f,f,f,f,f,f,f,f,PARTNERSHIP,f,f,t,f,f,f,f,f,f,f,f,f,f,f,f,f,f,t,f,f,f,f,f,f,f,f,t,f,t,f,f,f,f,f,f,f,f,f,f,f,f,f,f,f,f,f,f,f,f,f,,,,,,,,,,,https://www.usaspending.gov/award/CONT_AWD_SPE60015C5017_9700_-NONE-_-NONE-/,2025-04-22 16:50:17+00
CONT_AWD_SPE7L123C0046_9700_-NONE-_-NONE-,SPE7L123C0046,,,,Q: Not Designated Nonemergency/Emergency/Disaster/Wildfire Suppression,,,,,2091.00,2091.00,2091.00,2091.00,2023-07-12,2023,2023-07-12,2023,2023-07-12,2023-11-09,2023-11-09 00:00:00,,2023-03-27,097,Department of Defense,97AS,Defense Logistics Agency,SPE7L1,DLA LAND AND MARITIME,097,Department of Defense,97AS,Defense Logistics Agency,SPE7L1,DLA LAND AND MARITIME,097-X-4930-005,097-4930,26.0: Supplies and materials,0801: REIMBURSABLE,A,FOREIGN FUNDS FMS,,,NLRMZ272JGK4,,QLINE PRODUCTS CORP,QLINE PRODUCTS CORP,,8UNV3,NLRMZ272JGK4,,QLINE PRODUCTS CORP,QLINE PRODUCT CORP.,USA,UNITED STATES,24100 TISEO BLVD,UNIT 12,PORT CHARLOTTE,12015,CHARLOTTE,12,FL,FLORIDA,339805222,,FL-17,9418836886,,USA,UNITED STATES,PUNTA GORDA,12015,CHARLOTTE,12,FL,FLORIDA,339805222,FL-17,FL-17,AWARD,D,DEFINITIVE CONTRACT,,,,,,,J,FIRM FIXED PRICE,"8510005069!COVER,ACCESS",SPE7L123T152B,1,,,5340,"HARDWARE, COMMERCIAL",H,NOT BUNDLED,,,332510,HARDWARE MANUFACTURING,C,NO CLAUSES INCLUDED AND NO SUSTAINABILITY INCLUDED,A,U.S. OWNED BUSINESS,000,NONE,Z,NOT IT PRODUCTS OR SERVICES,E,NOT REQUIRED,USA,UNITED STATES,D,MFG IN U.S.,B,PLAN NOT REQUIRED,F,COMPETED UNDER SAP,SP1,SIMPLIFIED ACQUISITION,NONE,NO SET ASIDE USED.,NONE,NO PREFERENCE USED,,,,,,,10,D,COMMERCIAL PRODUCTS/SERVICES PROCEDURES NOT USED,f,N,NO,,,N,NO,N,NO,,N,NO,N,NO,X,NOT APPLICABLE,X,NOT APPLICABLE,X,NOT APPLICABLE,,,,,,,,NONE,NONE,N,NO,X,NOT APPLICABLE EXEMPT FROM CAS,N,TRANSACTION DOES NOT USE GFE/GFP,,,D,NOT CONSOLIDATED,X,NOT APPLICABLE,N,NO,Z,NOT APPLICABLE,N,NO,X,NOT APPLICABLE,f,f,f,f,f,f,f,f,f,f,f,f,t,f,t,f,f,f,f,SMALL BUSINESS,S,f,f,f,f,f,f,f,f,f,f,f,f,f,f,f,f,f,CORPORATE NOT TAX EXEMPT,t,f,f,f,f,f,f,f,f,f,f,f,t,f,f,f,f,t,f,f,f,f,f,f,f,t,f,f,t,f,f,f,f,f,f,f,f,f,f,f,f,f,f,f,f,f,f,f,f,f,,,,,,,,,,,https://www.usaspending.gov/award/CONT_AWD_SPE7L123C0046_9700_-NONE-_-NONE-/,2023-10-08 07:14:52+00
CONT_AWD_SPE7L322C0015_9700_-NONE-_-NONE-,SPE7L322C0015,,,,Q: Not Designated Nonemergency/Emergency/Disaster/Wildfire Suppression,,,,,1658618.08,0.00,1658618.08,1658618.08,2022-03-23,2022,2023-07-11,2023,2022-03-23,2024-03-13,2024-03-13 00:00:00,,2021-12-21,097,Department of Defense,97AS,Defense Logistics Agency,SPE7L3,DLA LAND AND MARITIME,097,Department of Defense,97AS,Defense Logistics Agency,SPE7L3,DLA LAND AND MARITIME,097-X-4930-005,097-4930,26.0: Supplies and materials,0801: REIMBURSABLE,X,NOT APPLICABLE,,,XX2WFHJEFB45,,KAMPI COMPONENTS CO INC,"KAMPI COMPONENTS CO., INC.",,7Z016,XX2WFHJEFB45,,KAMPI COMPONENTS CO INC,KAMPI COMPONENTS CO.  INC.,USA,UNITED STATES,88 CANAL RD,,FAIRLESS HILLS,42017,BUCKS,42,PA,PENNSYLVANIA,190304302,PA-01,PA-01,2675434002,2155315558,USA,UNITED STATES,FAIRLESS HILLS,42017,BUCKS,42,PA,PENNSYLVANIA,190304302,PA-01,PA-01,AWARD,D,DEFINITIVE CONTRACT,,,,,,,J,FIRM FIXED PRICE,"8508950628!MOD KIT,FIRE SUPPRE",SPE7L322R0006,1,,,2590,MISCELLANEOUS VEHICULAR COMPONENTS,H,NOT BUNDLED,C9E,ALL OTHERS NOT IDENTIFIABLE TO ANY OTHER PROCUREMENT PROGRAM,336999,ALL OTHER TRANSPORTATION EQUIPMENT MANUFACTURING,C,NO CLAUSES INCLUDED AND NO SUSTAINABILITY INCLUDED,A,U.S. OWNED BUSINESS,000,NONE,Z,NOT IT PRODUCTS OR SERVICES,E,NOT REQUIRED,USA,UNITED STATES,D,MFG IN U.S.,B,PLAN NOT REQUIRED,D,FULL AND OPEN COMPETITION AFTER EXCLUSION OF SOURCES,NP,NEGOTIATED PROPOSAL/QUOTE,SBA,SMALL BUSINESS SET ASIDE - TOTAL,NONE,NO PREFERENCE USED,,,,,,,2,D,COMMERCIAL PRODUCTS/SERVICES PROCEDURES NOT USED,f,N,NO,N,NO,Y,YES,N,NO,0.00,N,NO,Y,YES,X,NOT APPLICABLE,X,NOT APPLICABLE,X,NOT APPLICABLE,,,,,,,,NONE,NONE,N,NO,X,NOT APPLICABLE EXEMPT FROM CAS,N,TRANSACTION DOES NOT USE GFE/GFP,N,NO,D,NOT CONSOLIDATED,X,NOT APPLICABLE,N,NO,Z,NOT APPLICABLE,N,NO,X,NOT APPLICABLE,f,f,f,f,f,f,f,f,f,f,f,f,f,f,f,f,f,f,f,SMALL BUSINESS,S,f,f,f,f,f,f,f,f,f,f,f,f,f,f,f,f,f,CORPORATE NOT TAX EXEMPT,t,f,f,f,f,f,f,f,f,f,f,f,f,f,f,f,f,t,f,f,f,f,f,f,f,t,f,f,t,f,f,f,f,f,f,f,f,f,f,f,f,f,f,f,f,f,f,f,f,f,ALLAN  GOODMAN,338000.00,JOHN  CARROLL,186800.00,SABRINA  DAVID,151600.00,MITCH  BLACKMAN,145600.00,JAMES  DAVIS,120000.00,https://www.usaspending.gov/award/CONT_AWD_SPE7L322C0015_9700_-NONE-_-NONE-/,2025-04-22 16:50:17+00
CONT_AWD_SPE7L323C0032_9700_-NONE-_-NONE-,SPE7L323C0032,,,,Q: Not Designated Nonemergency/Emergency/Disaster/Wildfire Suppression,,,,,1530000.00,0.00,1530000.00,1530000.00,2023-07-10,2023,2023-07-10,2023,2023-07-10,2025-01-14,2025-01-14 00:00:00,,2022-12-12,097,Department of Defense,97AS,Defense Logistics Agency,SPE7L3,DLA LAND AND MARITIME,097,Department of Defense,97AS,Defense Logistics Agency,SPE7L3,DLA LAND AND MARITIME,097-X-4930-005,097-4930,26.0: Supplies and materials,0801: REIMBURSABLE,X,NOT APPLICABLE,,,PFRSFST9SSL1,,RANTEC POWER SYSTEMS INC.,RANTEC POWER SYSTEMS INC.,,60132,RW4NDPS7PYF1,,"RPS HOLDINGS, INC.",RPS HOLDINGS  INC.,USA,UNITED STATES,1173 LOS OLIVOS AVE,,LOS OSOS,06079,SAN LUIS OBISPO,06,CA,CALIFORNIA,934023230,,CA-24,8055966062,,USA,UNITED STATES,LOS OSOS,06079,SAN LUIS OBISPO,06,CA,CALIFORNIA,934023230,CA-24,CA-24,AWARD,D,DEFINITIVE CONTRACT,,,,,,,J,FIRM FIXED PRICE,8509979510!POWER SUPPLY,SPE7L323R0005,1,,,6130,"CONVERTERS, ELECTRICAL, NONROTATING",H,NOT BUNDLED,,,335999,ALL OTHER MISCELLANEOUS ELECTRICAL EQUIPMENT AND COMPONENT MANUFACTURING,C,NO CLAUSES INCLUDED AND NO SUSTAINABILITY INCLUDED,A,U.S. OWNED BUSINESS,000,NONE,Z,NOT IT PRODUCTS OR SERVICES,E,NOT REQUIRED,USA,UNITED STATES,D,MFG IN U.S.,B,PLAN NOT REQUIRED,D,FULL AND OPEN COMPETITION AFTER EXCLUSION OF SOURCES,NP,NEGOTIATED PROPOSAL/QUOTE,SBA,SMALL BUSINESS SET ASIDE - TOTAL,NONE,NO PREFERENCE USED,,,,,,,1,D,COMMERCIAL PRODUCTS/SERVICES PROCEDURES NOT USED,f,N,NO,,,Y,YES,N,NO,,N,NO,Y,YES,X,NOT APPLICABLE,X,NOT APPLICABLE,X,NOT APPLICABLE,,,,,,,,NONE,NONE,N,NO,X,NOT APPLICABLE EXEMPT FROM CAS,N,TRANSACTION DOES NOT USE GFE/GFP,,,D,NOT CONSOLIDATED,X,NOT APPLICABLE,N,NO,Z,NOT APPLICABLE,N,NO,X,NOT APPLICABLE,f,f,f,f,f,f,f,f,f,f,f,f,f,f,f,f,f,f,f,SMALL BUSINESS,S,f,f,f,f,f,f,f,f,f,f,f,f,f,f,f,f,f,CORPORATE NOT TAX EXEMPT,t,f,f,f,f,f,f,f,f,f,f,f,t,f,f,f,f,t,f,f,f,f,f,f,f,f,f,f,t,f,f,f,f,f,f,f,f,f,f,f,f,f,f,f,f,f,f,f,f,f,JAMES  THRASHER,183038.00,ROBERT  JENSON,236424.00,BRADLEY  COLEMAN,216189.00,VINAY  CLAUSON,216189.00,THOMAS  WHITE,189245.00,https://www.usaspending.gov/award/CONT_AWD_SPE7L323C0032_9700_-NONE-_-NONE-/,2023-07-10 10:43:34+00
CONT_AWD_SPE7M221C0012_9700_-NONE-_-NONE-,SPE7M221C0012,,,,Q: Not Designated Nonemergency/Emergency/Disaster/Wildfire Suppression,,,,,2452200.00,1430450.00,2452200.00,2452200.00,2021-03-12,2021,2023-07-14,2023,2021-03-12,2023-12-31,2023-12-31 00:00:00,,,097,Department of Defense,97AS,Defense Logistics Agency,SPE7M2,DLA LAND AND MARITIME,097,Department of Defense,97AS,Defense Logistics Agency,SPE7M2,DLA LAND AND MARITIME,097-X-4930-005,097-4930,25.7: Operation and maintenance of equipment;26.0: Supplies and materials,0801: REIMBURSABLE,X,NOT APPLICABLE,,,KB7JKU9WXBN1,,"WIREROPE WORKS, INC.",WIREROPE WORKS INC,,77141,KB7JKU9WXBN1,,"WIREROPE WORKS, INC.",WIREROPE WORKS INC,USA,UNITED STATES,880 S 2ND ST,,SUNBURY,42097,NORTHUMBERLAND,42,PA,PENNSYLVANIA,178013305,PA-09,PA-09,5702860115,5702860116,USA,UNITED STATES,SUNBURY,42097,NORTHUMBERLAND,42,PA,PENNSYLVANIA,178013305,PA-09,PA-09,AWARD,D,DEFINITIVE CONTRACT,,,,,,,J,FIRM FIXED PRICE,8508029722!CABLE AND REEL ASSY,,1,,,1710,AIRCRAFT LANDING EQUIPMENT,H,NOT BUNDLED,A3,SHIPS,331222,STEEL WIRE DRAWING,C,NO CLAUSES INCLUDED AND NO SUSTAINABILITY INCLUDED,A,U.S. OWNED BUSINESS,000,NONE,Z,NOT IT PRODUCTS OR SERVICES,E,NOT REQUIRED,USA,UNITED STATES,D,MFG IN U.S.,B,PLAN NOT REQUIRED,F,COMPETED UNDER SAP,SP1,SIMPLIFIED ACQUISITION,NONE,NO SET ASIDE USED.,NONE,NO PREFERENCE USED,,,,,,,2,D,COMMERCIAL PRODUCTS/SERVICES PROCEDURES NOT USED,f,N,NO,N,NO,N,NO,N,NO,,N,NO,Y,YES,X,NOT APPLICABLE,X,NOT APPLICABLE,X,NOT APPLICABLE,,,,,,,,NONE,NONE,N,NO,X,NOT APPLICABLE EXEMPT FROM CAS,N,TRANSACTION DOES NOT USE GFE/GFP,U,UNKNOWN,D,NOT CONSOLIDATED,X,NOT APPLICABLE,N,NO,Z,NOT APPLICABLE,N,NO,X,NOT APPLICABLE,f,f,f,f,f,t,f,f,f,f,f,f,f,f,f,f,f,f,f,SMALL BUSINESS,S,f,f,f,f,f,f,f,f,f,f,f,f,f,f,f,f,f,OTHER,f,f,f,f,f,f,f,f,f,f,f,f,t,f,f,f,f,t,f,f,f,f,f,f,f,t,f,f,t,f,f,f,f,f,f,f,f,f,f,f,f,f,f,f,f,f,f,f,f,f,,,,,,,,,,,https://www.usaspending.gov/award/CONT_AWD_SPE7M221C0012_9700_-NONE-_-NONE-/,2025-04-22 16:50:17+00
CONT_AWD_SPE7M523C0018_9700_-NONE-_-NONE-,SPE7M523C0018,,,,Q: Not Designated Nonemergency/Emergency/Disaster/Wildfire Suppression,,,,,2100615.00,0.00,2100615.00,2100615.00,2023-07-12,2023,2023-07-12,2023,2023-07-12,2025-02-16,2025-02-16 00:00:00,,2022-12-09,097,Department of Defense,97AS,Defense Logistics Agency,SPE7M5,DLA LAND AND MARITIME,097,Department of Defense,97AS,Defense Logistics Agency,SPE7M5,DLA LAND AND MARITIME,097-X-4930-005,097-4930,26.0: Supplies and materials,0801: REIMBURSABLE,X,NOT APPLICABLE,,,E652EP6DMVA7,,GLOBAL CIRCUIT INNOVATIONS INC,GLOBAL CIRCUIT INNOVATIONS INC,,7DGP6,E652EP6DMVA7,,GLOBAL CIRCUIT INNOVATIONS INC,GLOBAL CIRQUIT INNOVATION INC,USA,UNITED STATES,4815 LIST DR,STE 109,COLORADO SPRINGS,08041,EL PASO,08,CO,COLORADO,809193312,CO-05,CO-05,7195736777,7195917931,USA,UNITED STATES,COLORADO SPRINGS,08041,EL PASO,08,CO,COLORADO,809193312,CO-05,CO-05,AWARD,D,DEFINITIVE CONTRACT,,,,,,,J,FIRM FIXED PRICE,"8509995582!TRANSFORMER,POWER",SPE7M523R0007,1,,,5950,COILS AND TRANSFORMERS,H,NOT BUNDLED,,,334416,"CAPACITOR, RESISTOR, COIL, TRANSFORMER, AND OTHER INDUCTOR MANUFACTURING",C,NO CLAUSES INCLUDED AND NO SUSTAINABILITY INCLUDED,A,U.S. OWNED BUSINESS,000,NONE,Z,NOT IT PRODUCTS OR SERVICES,E,NOT REQUIRED,USA,UNITED STATES,D,MFG IN U.S.,B,PLAN NOT REQUIRED,F,COMPETED UNDER SAP,SP1,SIMPLIFIED ACQUISITION,SBA,SMALL BUSINESS SET ASIDE - TOTAL,NONE,NO PREFERENCE USED,,,,,,,1,D,COMMERCIAL PRODUCTS/SERVICES PROCEDURES NOT USED,f,N,NO,,,N,NO,N,NO,,N,NO,Y,YES,X,NOT APPLICABLE,X,NOT APPLICABLE,X,NOT APPLICABLE,,,,,,,,NONE,NONE,N,NO,X,NOT APPLICABLE EXEMPT FROM CAS,N,TRANSACTION DOES NOT USE GFE/GFP,,,D,NOT CONSOLIDATED,X,NOT APPLICABLE,N,NO,Z,NOT APPLICABLE,N,NO,X,NOT APPLICABLE,f,f,f,f,f,f,f,f,f,f,f,f,f,f,f,f,f,f,f,SMALL BUSINESS,S,f,f,f,f,f,f,f,f,f,f,f,f,f,f,f,f,f,CORPORATE NOT TAX EXEMPT,t,f,f,f,f,f,f,f,f,f,f,f,t,f,f,f,f,t,f,f,f,f,f,f,f,f,f,f,t,f,f,f,f,f,f,f,f,f,f,f,f,f,f,f,f,f,f,f,f,f,,,,,,,,,,,https://www.usaspending.gov/award/CONT_AWD_SPE7M523C0018_9700_-NONE-_-NONE-/,2025-03-25 17:42:56+00
CONT_AWD_SPE7M822C0010_9700_-NONE-_-NONE-,SPE7M822C0010,,,,Q: Not Designated Nonemergency/Emergency/Disaster/Wildfire Suppression,,,,,801000.00,89000.00,801000.00,801000.00,2022-05-02,2022,2023-07-14,2023,2022-05-02,2024-08-29,2024-08-29 00:00:00,,2022-01-20,097,Department of Defense,97AS,Defense Logistics Agency,SPE7M8,DLA LAND AND MARITIME,097,Department of Defense,97AS,Defense Logistics Agency,SPE7M8,DLA LAND AND MARITIME,097-X-4930-005,097-4930,25.7: Operation and maintenance of equipment;26.0: Supplies and materials,0801: REIMBURSABLE,X,NOT APPLICABLE,,,YLF6F1JFVN18,,LCL ELECTRONICS INC,"LCL ELECTRONICS, INC.",,2Y430,YLF6F1JFVN18,,LCL ELECTRONICS INC,LCL ELECTRONICS INC,USA,UNITED STATES,8148 INDUSTRIAL PARK RD,,BAXTER,27035,CROW WING,27,MN,MINNESOTA,564258099,MN-08,MN-08,2184549012,2188296557,USA,UNITED STATES,BAXTER,27035,CROW WING,27,MN,MINNESOTA,564258270,MN-08,MN-08,AWARD,D,DEFINITIVE CONTRACT,,,,,,,J,FIRM FIXED PRICE,8509010254!SWITCH ASSEMBLY,SPE7M822R0003,1,,,5930,SWITCHES,H,NOT BUNDLED,A7,ELECTRONICS AND COMMUNICATION EQUIPMENT,335931,CURRENT-CARRYING WIRING DEVICE MANUFACTURING,C,NO CLAUSES INCLUDED AND NO SUSTAINABILITY INCLUDED,A,U.S. OWNED BUSINESS,000,NONE,Z,NOT IT PRODUCTS OR SERVICES,E,NOT REQUIRED,USA,UNITED STATES,D,MFG IN U.S.,B,PLAN NOT REQUIRED,F,COMPETED UNDER SAP,SP1,SIMPLIFIED ACQUISITION,SBA,SMALL BUSINESS SET ASIDE - TOTAL,NONE,NO PREFERENCE USED,,,,,,,3,D,COMMERCIAL PRODUCTS/SERVICES PROCEDURES NOT USED,f,N,NO,N,NO,N,NO,N,NO,,N,NO,Y,YES,X,NOT APPLICABLE,X,NOT APPLICABLE,X,NOT APPLICABLE,,,,,,,,NONE,NONE,N,NO,X,NOT APPLICABLE EXEMPT FROM CAS,N,TRANSACTION DOES NOT USE GFE/GFP,U,UNKNOWN,D,NOT CONSOLIDATED,X,NOT APPLICABLE,N,NO,Z,NOT APPLICABLE,N,NO,X,NOT APPLICABLE,f,f,f,f,f,f,f,f,f,f,f,f,f,f,f,f,f,f,f,SMALL BUSINESS,S,f,f,f,f,f,f,f,f,f,f,f,f,f,f,f,f,f,CORPORATE NOT TAX EXEMPT,t,f,f,f,f,f,f,f,f,f,f,f,t,f,f,f,f,t,f,f,f,f,f,f,f,t,f,f,t,f,f,f,f,f,f,f,f,f,f,f,f,f,f,f,f,f,f,f,t,f,,,,,,,,,,,https://www.usaspending.gov/award/CONT_AWD_SPE7M822C0010_9700_-NONE-_-NONE-/,2026-07-17 08:41:19+00
CONT_AWD_SPE8E621CF014_9700_-NONE-_-NONE-,SPE8E621CF014,,,,Q: Not Designated Nonemergency/Emergency/Disaster/Wildfire Suppression,,,,,74290.00,0.00,74290.00,74290.00,2020-11-24,2021,2023-07-06,2023,2020-11-24,2023-08-28,2023-08-28 00:00:00,,2020-10-27,097,Department of Defense,97AS,Defense Logistics Agency,SPE8E6,DLA TROOP SUPPORT,097,Department of Defense,97AS,Defense Logistics Agency,SPE8E6,DLA TROOP SUPPORT,097-X-4930-005,097-4930,25.7: Operation and maintenance of equipment;26.0: Supplies and materials,0801: REIMBURSABLE,X,NOT APPLICABLE,,,ERJBL2NAL4F1,,AMEREX CORPORATION,AMEREX CORPORATION,,54905,VBYHA7PLZZH9,,"MCWANE, INC.",MCWANE  INC.,USA,UNITED STATES,7595 GADSDEN HWY E,,TRUSSVILLE,01073,JEFFERSON,01,AL,ALABAMA,351731629,AL-06,AL-06,2056555703,2056614111,USA,UNITED STATES,TRUSSVILLE,01073,JEFFERSON,01,AL,ALABAMA,351731629,AL-06,AL-06,AWARD,D,DEFINITIVE CONTRACT,,,,,,,J,FIRM FIXED PRICE,"8507821000!EXTINGUISHER,FIRE",SPE8E621T0431,1,,,4210,FIRE FIGHTING EQUIPMENT,H,NOT BUNDLED,C9A,CONSTRUCTION EQUIPMENT,326111,PLASTICS BAG MANUFACTURING,C,NO CLAUSES INCLUDED AND NO SUSTAINABILITY INCLUDED,A,U.S. OWNED BUSINESS,000,NONE,Z,NOT IT PRODUCTS OR SERVICES,E,NOT REQUIRED,USA,UNITED STATES,D,MFG IN U.S.,B,PLAN NOT REQUIRED,F,COMPETED UNDER SAP,SP1,SIMPLIFIED ACQUISITION,NONE,NO SET ASIDE USED.,NONE,NO PREFERENCE USED,,,,,,,3,D,COMMERCIAL PRODUCTS/SERVICES PROCEDURES NOT USED,f,N,NO,N,NO,N,NO,N,NO,,N,NO,Y,YES,X,NOT APPLICABLE,X,NOT APPLICABLE,X,NOT APPLICABLE,,,,,,,,NONE,NONE,N,NO,X,NOT APPLICABLE EXEMPT FROM CAS,N,TRANSACTION DOES NOT USE GFE/GFP,U,UNKNOWN,D,NOT CONSOLIDATED,X,NOT APPLICABLE,N,NO,Z,NOT APPLICABLE,N,NO,X,NOT APPLICABLE,f,f,f,f,f,f,f,f,f,f,f,f,f,f,f,f,f,f,f,OTHER THAN SMALL BUSINESS,O,f,f,f,f,f,f,f,f,f,f,f,f,f,f,f,f,f,CORPORATE NOT TAX EXEMPT,t,f,f,f,f,f,f,f,f,f,f,f,t,f,f,f,f,t,f,f,f,f,f,f,f,f,f,f,t,f,f,f,f,f,f,f,f,f,f,f,f,f,f,f,f,f,f,f,f,f,,,,,,,,,,,https://www.usaspending.gov/award/CONT_AWD_SPE8E621CF014_9700_-NONE-_-NONE-/,2023-07-06 13:02:54+00
CONT_AWD_SPE8E622CF008_9700_-NONE-_-NONE-,SPE8E622CF008,,,,Q: Not Designated Nonemergency/Emergency/Disaster/Wildfire Suppression,,,,,0.00,0.00,0.00,0.00,2021-12-15,2022,2023-07-14,2023,2021-12-15,2022-06-13,2022-06-13 00:00:00,,2021-11-18,097,Department of Defense,97AS,Defense Logistics Agency,SPE8E6,DLA TROOP SUPPORT,097,Department of Defense,97AS,Defense Logistics Agency,SPE8E6,DLA TROOP SUPPORT,097-X-4930-005,097-4930,25.7: Operation and maintenance of equipment;26.0: Supplies and materials,0801: REIMBURSABLE,X,NOT APPLICABLE,,,DFSPWGX5LHN5,,SPENCER INDUSTRIES INCORPORATED,SPENCER INDUSTRIES INCORPORATED,,1F4J7,DFSPWGX5LHN5,,SPENCER INDUSTRIES INCORPORATED,SPENCER INDUSTRIES INCORPORATED,USA,UNITED STATES,902 BUFFALOVILLE RD,,DALE,18147,SPENCER,18,IN,INDIANA,475239057,IN-08,IN-08,8129377299,8129374637,USA,UNITED STATES,DALE,18147,SPENCER,18,IN,INDIANA,475239057,IN-08,IN-08,AWARD,D,DEFINITIVE CONTRACT,,,,,,,J,FIRM FIXED PRICE,"8508736924!TARGET,MANNEQUIN",SPE8E622T0409,1,,,6920,ARMAMENT TRAINING DEVICES,H,NOT BUNDLED,C9E,ALL OTHERS NOT IDENTIFIABLE TO ANY OTHER PROCUREMENT PROGRAM,336413,OTHER AIRCRAFT PARTS AND AUXILIARY EQUIPMENT MANUFACTURING,C,NO CLAUSES INCLUDED AND NO SUSTAINABILITY INCLUDED,A,U.S. OWNED BUSINESS,000,NONE,Z,NOT IT PRODUCTS OR SERVICES,E,NOT REQUIRED,USA,UNITED STATES,D,MFG IN U.S.,B,PLAN NOT REQUIRED,F,COMPETED UNDER SAP,SP1,SIMPLIFIED ACQUISITION,NONE,NO SET ASIDE USED.,NONE,NO PREFERENCE USED,,,,,,,2,D,COMMERCIAL PRODUCTS/SERVICES PROCEDURES NOT USED,f,N,NO,N,NO,N,NO,N,NO,,N,NO,Y,YES,X,NOT APPLICABLE,X,NOT APPLICABLE,X,NOT APPLICABLE,,,,,,,,NONE,NONE,N,NO,X,NOT APPLICABLE EXEMPT FROM CAS,N,TRANSACTION DOES NOT USE GFE/GFP,U,UNKNOWN,D,NOT CONSOLIDATED,X,NOT APPLICABLE,N,NO,Z,NOT APPLICABLE,N,NO,X,NOT APPLICABLE,f,f,f,f,f,f,f,f,f,f,f,f,f,f,f,f,f,f,f,SMALL BUSINESS,S,f,f,f,f,f,f,f,f,f,f,f,f,f,f,f,f,f,CORPORATE NOT TAX EXEMPT,t,f,f,f,f,f,f,f,f,f,f,f,t,f,f,f,f,t,f,f,f,f,f,f,f,f,f,f,t,f,f,f,f,f,f,f,f,f,f,f,f,f,f,f,f,t,f,f,f,f,,,,,,,,,,,https://www.usaspending.gov/award/CONT_AWD_SPE8E622CF008_9700_-NONE-_-NONE-/,2023-07-14 15:13:51+00
CONT_AWD_SPE8EE16CF025_9700_-NONE-_-NONE-,SPE8EE16CF025,,,,Q: Not Designated Nonemergency/Emergency/Disaster/Wildfire Suppression,,,,,23189.40,23189.40,23189.40,23189.40,2016-07-26,2016,2023-07-13,2023,2016-07-26,2023-08-31,2023-08-31 00:00:00,,,097,Department of Defense,97AS,Defense Logistics Agency,SPE8EE,DLA TROOP SUPPORT,097,Department of Defense,97AS,Defense Logistics Agency,SPE8EE,DLA TROOP SUPPORT,097-X-4930-005,097-4930,25.7: Operation and maintenance of equipment;26.0: Supplies and materials,0801: REIMBURSABLE,X,NOT APPLICABLE,,,K38NA5JP4M41,,PLATT & SON INC,"PLATT & SON, INC.",,33792,K38NA5JP4M41,,PLATT & SON INC,PLATT & SON  INC.,USA,UNITED STATES,2190 TEABERRY RD,,BEDFORD,42009,BEDFORD,42,PA,PENNSYLVANIA,155226244,PA-09,PA-13,8146238183,8146237797,USA,UNITED STATES,BEDFORD,42009,BEDFORD,42,PA,PENNSYLVANIA,155226244,PA-13,PA-13,AWARD,D,DEFINITIVE CONTRACT,,,,,,,J,FIRM FIXED PRICE,"8503466050!SLING,MULTIPLE LEG",SPE8EE16Q0525,1,,,3940,"BLOCKS, TACKLE, RIGGING, AND SLINGS",D,NOT A BUNDLED REQUIREMENT,C9A,CONSTRUCTION EQUIPMENT,314994,"ROPE, CORDAGE, TWINE, TIRE CORD, AND TIRE FABRIC MILLS",C,NO CLAUSES INCLUDED AND NO SUSTAINABILITY INCLUDED,A,U.S. OWNED BUSINESS,000,NONE,Z,NOT IT PRODUCTS OR SERVICES,E,NOT REQUIRED,USA,UNITED STATES,D,MFG IN U.S.,B,PLAN NOT REQUIRED,F,COMPETED UNDER SAP,SP1,SIMPLIFIED ACQUISITION,NONE,NO SET ASIDE USED.,NONE,NO PREFERENCE USED,,,,,,,1,D,COMMERCIAL PRODUCTS/SERVICES PROCEDURES NOT USED,f,N,NO,N,NO,N,NO,N,NO,,N,NO,Y,YES,X,NOT APPLICABLE,X,NOT APPLICABLE,X,NOT APPLICABLE,,,,,,,,NONE,NONE,N,NO,X,NOT APPLICABLE EXEMPT FROM CAS,N,TRANSACTION DOES NOT USE GFE/GFP,U,UNKNOWN,N,NO,X,NOT APPLICABLE,N,NO,Z,NOT APPLICABLE,N,NO,X,NOT APPLICABLE,f,f,f,f,f,f,f,t,t,f,f,f,f,f,f,f,f,f,f,SMALL BUSINESS,S,f,f,f,f,f,f,f,f,f,f,f,f,f,f,f,f,f,CORPORATE NOT TAX EXEMPT,t,f,f,f,f,f,f,f,f,f,f,f,t,f,f,f,f,t,f,f,f,f,f,f,f,f,f,f,t,f,f,f,f,f,f,f,f,f,f,f,f,f,f,f,f,f,f,f,f,f,,,,,,,,,,,https://www.usaspending.gov/award/CONT_AWD_SPE8EE16CF025_9700_-NONE-_-NONE-/,2023-07-13 14:15:36+00
CONT_AWD_SPE8EE18CF001_9700_-NONE-_-NONE-,SPE8EE18CF001,,,,Q: Not Designated Nonemergency/Emergency/Disaster/Wildfire Suppression,,,,,1066.07,1066.07,1066.07,1066.07,2017-10-17,2018,2023-07-13,2023,2017-10-17,2023-08-31,2023-08-31 00:00:00,,,097,Department of Defense,97AS,Defense Logistics Agency,SPE8EE,DLA TROOP SUPPORT,097,Department of Defense,97AS,Defense Logistics Agency,SPE8EE,DLA TROOP SUPPORT,097-X-4930-005,097-4930,25.7: Operation and maintenance of equipment;26.0: Supplies and materials,0801: REIMBURSABLE,X,NOT APPLICABLE,,,K38NA5JP4M41,,PLATT & SON INC,"PLATT & SON, INC.",,33792,K38NA5JP4M41,,PLATT & SON INC,PLATT & SON  INC.,USA,UNITED STATES,2190 TEABERRY RD,,BEDFORD,42009,BEDFORD,42,PA,PENNSYLVANIA,155226244,PA-09,PA-13,8146238183,8146237797,USA,UNITED STATES,BEDFORD,42009,BEDFORD,42,PA,PENNSYLVANIA,155226244,PA-13,PA-13,AWARD,D,DEFINITIVE CONTRACT,,,,,,,J,FIRM FIXED PRICE,"8504831110!SLING,MULTIPLE LEG",SPE8EE17Q0626,1,,,3940,"BLOCKS, TACKLE, RIGGING, AND SLINGS",H,NOT BUNDLED,C9A,CONSTRUCTION EQUIPMENT,314994,"ROPE, CORDAGE, TWINE, TIRE CORD, AND TIRE FABRIC MILLS",C,NO CLAUSES INCLUDED AND NO SUSTAINABILITY INCLUDED,A,U.S. OWNED BUSINESS,000,NONE,Z,NOT IT PRODUCTS OR SERVICES,E,NOT REQUIRED,USA,UNITED STATES,D,MFG IN U.S.,B,PLAN NOT REQUIRED,F,COMPETED UNDER SAP,SP1,SIMPLIFIED ACQUISITION,NONE,NO SET ASIDE USED.,NONE,NO PREFERENCE USED,,,,,,,2,D,COMMERCIAL PRODUCTS/SERVICES PROCEDURES NOT USED,f,N,NO,N,NO,N,NO,N,NO,,N,NO,N,NO,X,NOT APPLICABLE,X,NOT APPLICABLE,X,NOT APPLICABLE,,,,,,,,NONE,NONE,N,NO,X,NOT APPLICABLE EXEMPT FROM CAS,N,TRANSACTION DOES NOT USE GFE/GFP,U,UNKNOWN,D,NOT CONSOLIDATED,X,NOT APPLICABLE,N,NO,Z,NOT APPLICABLE,N,NO,X,NOT APPLICABLE,f,f,f,f,f,f,f,t,t,f,f,f,f,f,f,f,f,f,f,SMALL BUSINESS,S,f,f,f,f,f,f,f,f,f,f,f,f,f,f,f,f,f,CORPORATE NOT TAX EXEMPT,t,f,f,f,f,f,f,f,f,f,f,f,t,f,f,f,f,t,f,f,f,f,f,f,f,f,f,f,t,f,f,f,f,f,f,f,f,f,f,f,f,f,f,f,f,f,f,f,f,f,,,,,,,,,,,https://www.usaspending.gov/award/CONT_AWD_SPE8EE18CF001_9700_-NONE-_-NONE-/,2023-07-13 14:42:55+00
CONT_AWD_SPE8EG23C0001_9700_-NONE-_-NONE-,SPE8EG23C0001,,,,Q: Not Designated Nonemergency/Emergency/Disaster/Wildfire Suppression,,,,,823147.60,388866.28,823147.60,823147.60,2023-03-03,2023,2023-07-05,2023,2023-03-03,2023-05-02,2023-05-02 00:00:00,,2022-11-03,097,Department of Defense,97AS,Defense Logistics Agency,SPE8EG,DLA TROOP SUPPORT,097,Department of Defense,97AS,Defense Logistics Agency,SPE8EG,DLA TROOP SUPPORT,097-X-4930-005,097-4930,26.0: Supplies and materials,0801: REIMBURSABLE,X,NOT APPLICABLE,,,DZL7D4FRUE19,,"DCM CLEAN AIR PRODUCTS, INC.","DCM CLEAN AIR PRODUCTS, INC.",,0YBX0,DZL7D4FRUE19,,"DCM CLEAN AIR PRODUCTS, INC.",DCM CLEAN AIR PRODUCTS  INC.,USA,UNITED STATES,1650 OAK STREET,,LAKEWOOD,34029,OCEAN,34,NJ,NEW JERSEY,087015924,NJ-04,NJ-04,8006244518,8174510615,USA,UNITED STATES,LAKEWOOD,34029,OCEAN,34,NJ,NEW JERSEY,087015924,NJ-04,NJ-04,AWARD,D,DEFINITIVE CONTRACT,,,,,,,J,FIRM FIXED PRICE,8509713405!CUTTER BUNDLE COMPL,SPE8EG22Q0003,1,,,4130,REFRIGERATION AND AIR CONDITIONING COMPONENTS,H,NOT BUNDLED,,,333415,AIR-CONDITIONING AND WARM AIR HEATING EQUIPMENT AND COMMERCIAL AND INDUSTRIAL REFRIGERATION EQUIPMENT MANUFACTURING,C,NO CLAUSES INCLUDED AND NO SUSTAINABILITY INCLUDED,A,U.S. OWNED BUSINESS,000,NONE,Z,NOT IT PRODUCTS OR SERVICES,E,NOT REQUIRED,USA,UNITED STATES,D,MFG IN U.S.,B,PLAN NOT REQUIRED,G,NOT COMPETED UNDER SAP,SP1,SIMPLIFIED ACQUISITION,NONE,NO SET ASIDE USED.,NONE,NO PREFERENCE USED,,,,,SP2,SAP NON-COMPETITION (FAR 13),1,A,COMMERCIAL PRODUCTS/SERVICES,f,Y,YES,,,Y,YES,N,NO,,N,NO,X,NOT APPLICABLE,X,NOT APPLICABLE,X,NOT APPLICABLE,X,NOT APPLICABLE,,,,,,,,NONE,NONE,N,NO,X,NOT APPLICABLE EXEMPT FROM CAS,N,TRANSACTION DOES NOT USE GFE/GFP,,,D,NOT CONSOLIDATED,X,NOT APPLICABLE,N,NO,Z,NOT APPLICABLE,N,NO,X,NOT APPLICABLE,f,f,f,f,f,f,f,f,f,f,f,f,f,f,f,f,f,f,f,SMALL BUSINESS,S,f,f,f,f,f,f,f,f,f,f,f,f,f,f,f,f,f,CORPORATE NOT TAX EXEMPT,t,f,f,f,f,f,f,f,f,f,f,f,f,f,f,f,f,t,f,f,f,f,f,f,f,f,f,f,t,f,f,f,f,f,f,f,f,f,f,f,f,f,f,f,f,f,f,f,f,f,,,,,,,,,,,https://www.usaspending.gov/award/CONT_AWD_SPE8EG23C0001_9700_-NONE-_-NONE-/,2023-07-05 09:16:05+00
CONT_AWD_SPRDL122C0024_9700_-NONE-_-NONE-,SPRDL122C0024,,,,,,,,,222390.00,,222390.00,433650.00,2022-04-18,2022,2023-07-05,2023,2022-04-18,2024-03-08,2024-04-30 12:04:00,,2020-09-24,097,Department of Defense,97AS,Defense Logistics Agency,SPRDL1,DLA LAND WARREN,097,Department of Defense,2100,Department of the Army,W56HZV,W4GG HQ US ARMY TACOM,,,,,X,NOT APPLICABLE,,,X9K8A7MNWJJ6,,EDEL ENGINEERING DEVELOPMENT CO.,EDEL ENGINEERING DEVELOPMENT CO.,,00QR4,X9K8A7MNWJJ6,,EDEL ENGINEERING DEVELOPMENT CO.,EDEL ENGINEERING DEVELOPMENT CO.,USA,UNITED STATES,10524 S LA CIENEGA BLVD,,INGLEWOOD,06037,LOS ANGELES,06,CA,CALIFORNIA,903041116,CA-43,CA-43,3106499000,3106499004,USA,UNITED STATES,INGLEWOOD,06037,LOS ANGELES,06,CA,CALIFORNIA,903041116,CA-43,CA-43,AWARD,D,DEFINITIVE CONTRACT,,,,,,,J,FIRM FIXED PRICE,CIRCUIT CARD ASSEMBLY NSN: 5998-01-083-5741 IN SUPPORT OF THE M1 ABRAMS TANK. BASE QUANTITY OF 35 EACH WITH 100% OPTION THAT CAN BE EXERCISED AT ANY TIME.,SPRDL120R0282,1,,,5998,"ELECTRICAL AND ELECTRONIC ASSEMBLIES, BOARDS, CARDS, AND ASSOCIATED HARDWARE",H,NOT BUNDLED,C9E,ALL OTHERS NOT IDENTIFIABLE TO ANY OTHER PROCUREMENT PROGRAM,334418,PRINTED CIRCUIT ASSEMBLY (ELECTRONIC ASSEMBLY) MANUFACTURING,C,NO CLAUSES INCLUDED AND NO SUSTAINABILITY INCLUDED,A,U.S. OWNED BUSINESS,000,NONE,Z,NOT IT PRODUCTS OR SERVICES,E,NOT REQUIRED,USA,UNITED STATES,D,MFG IN U.S.,B,PLAN NOT REQUIRED,D,FULL AND OPEN COMPETITION AFTER EXCLUSION OF SOURCES,NP,NEGOTIATED PROPOSAL/QUOTE,SBA,SMALL BUSINESS SET ASIDE - TOTAL,NONE,NO PREFERENCE USED,,,,,,,6,D,COMMERCIAL PRODUCTS/SERVICES PROCEDURES NOT USED,f,N,NO,N,NO,Y,YES,N,NO,0.00,N,NO,X,NOT APPLICABLE,X,NOT APPLICABLE,X,NOT APPLICABLE,X,NOT APPLICABLE,,,,,,,,NONE,NONE,N,NO,X,NOT APPLICABLE EXEMPT FROM CAS,N,TRANSACTION DOES NOT USE GFE/GFP,N,NO,D,NOT CONSOLIDATED,X,NOT APPLICABLE,N,NO,Z,NOT APPLICABLE,N,NO,X,NOT APPLICABLE,f,f,f,f,f,f,f,f,f,f,f,f,f,f,f,f,f,f,f,SMALL BUSINESS,S,f,f,f,f,f,f,f,f,f,f,f,f,f,f,f,f,f,CORPORATE NOT TAX EXEMPT,t,f,f,f,f,f,f,f,f,f,f,f,t,f,f,f,f,t,f,f,f,f,f,f,f,f,f,f,t,f,f,f,f,f,f,f,f,f,f,f,f,f,f,f,f,f,f,f,t,f,,,,,,,,,,,https://www.usaspending.gov/award/CONT_AWD_SPRDL122C0024_9700_-NONE-_-NONE-/,2023-07-05 10:06:21+00
CONT_AWD_SPRDL122C0033_9700_-NONE-_-NONE-,SPRDL122C0033,,,,,,,,,209000.00,,209000.00,418000.00,2022-07-27,2022,2023-07-16,2023,2022-07-27,2023-07-30,2024-03-12 12:03:00,,2022-03-07,097,Department of Defense,97AS,Defense Logistics Agency,SPRDL1,DLA LAND WARREN,097,Department of Defense,2100,Department of the Army,W56HZV,W4GG HQ US ARMY TACOM,,,,,X,NOT APPLICABLE,,,ZLTUJL2H4LZ1,,"DCX-CHOL ENTERPRISES, INC","DCX-CHOL ENTERPRISES, INC.",,27456,QT9FVHAJCM88,,"DCX-CHOL ENTERPRISES, INC.",DCX-CHOL ENTERPRISES  INC.,USA,UNITED STATES,12831 S FIGUEROA ST,,LOS ANGELES,06037,LOS ANGELES,06,CA,CALIFORNIA,900611157,CA-43,CA-43,3105161692,3105161693,USA,UNITED STATES,LOS ANGELES,06037,LOS ANGELES,06,CA,CALIFORNIA,900611157,CA-43,CA-43,AWARD,D,DEFINITIVE CONTRACT,,,,,,,J,FIRM FIXED PRICE,WIRING HARNESS QTY 22 W/ 100% OPTION NSN: 6150-01-549-0914,SPRDL122R0043,1,,,6150,MISCELLANEOUS ELECTRIC POWER AND DISTRIBUTION EQUIPMENT,H,NOT BUNDLED,C9E,ALL OTHERS NOT IDENTIFIABLE TO ANY OTHER PROCUREMENT PROGRAM,335311,"POWER, DISTRIBUTION, AND SPECIALTY TRANSFORMER MANUFACTURING",C,NO CLAUSES INCLUDED AND NO SUSTAINABILITY INCLUDED,A,U.S. OWNED BUSINESS,000,NONE,Z,NOT IT PRODUCTS OR SERVICES,E,NOT REQUIRED,USA,UNITED STATES,D,MFG IN U.S.,B,PLAN NOT REQUIRED,D,FULL AND OPEN COMPETITION AFTER EXCLUSION OF SOURCES,NP,NEGOTIATED PROPOSAL/QUOTE,SBA,SMALL BUSINESS SET ASIDE - TOTAL,NONE,NO PREFERENCE USED,,,,,,,2,D,COMMERCIAL PRODUCTS/SERVICES PROCEDURES NOT USED,f,N,NO,N,NO,X,NOT APPLICABLE,N,NO,0.00,N,NO,X,NOT APPLICABLE,Y,YES,X,NOT APPLICABLE,X,NOT APPLICABLE,,,,,,,,NONE,NONE,N,NO,X,NOT APPLICABLE EXEMPT FROM CAS,N,TRANSACTION DOES NOT USE GFE/GFP,N,NO,D,NOT CONSOLIDATED,X,NOT APPLICABLE,N,NO,Z,NOT APPLICABLE,N,NO,X,NOT APPLICABLE,f,f,f,f,f,f,f,f,f,f,f,f,f,f,f,f,f,f,f,SMALL BUSINESS,S,f,f,f,f,f,f,f,f,f,f,f,f,f,f,f,f,f,CORPORATE NOT TAX EXEMPT,t,f,f,f,f,f,f,f,f,f,f,f,t,f,f,f,f,t,f,f,f,f,f,f,f,t,f,f,t,f,f,f,f,f,f,f,f,f,f,f,f,f,f,f,f,f,f,f,f,f,,,,,,,,,,,https://www.usaspending.gov/award/CONT_AWD_SPRDL122C0033_9700_-NONE-_-NONE-/,2023-07-16 10:28:23+00
CONT_AWD_SPRDL122C0039_9700_-NONE-_-NONE-,SPRDL122C0039,,,,,,,,,579500.00,,579500.00,1169000.00,2022-06-13,2022,2023-07-07,2023,2022-06-13,2023-07-20,2024-04-02 00:00:00,,2021-05-03,097,Department of Defense,97AS,Defense Logistics Agency,SPRDL1,DLA LAND WARREN,097,Department of Defense,2100,Department of the Army,W56HZV,W4GG HQ US ARMY TACOM,,,,,X,NOT APPLICABLE,,,CQU7PBBTJSQ5,,"FREIGHTLINER OF SAVANNAH, INC.","FREIGHTLINER OF SAVANNAH, INC.",,03AZ7,CQU7PBBTJSQ5,,"FREIGHTLINER OF SAVANNAH, INC.",FREIGHTLINER OF SAVANNAH  INC.,USA,UNITED STATES,301 OLEARY RD,,SAVANNAH,13051,CHATHAM,13,GA,GEORGIA,314079665,GA-01,GA-01,9129648574,9129644505,USA,UNITED STATES,PORT WENTWORTH,13051,CHATHAM,13,GA,GEORGIA,314079665,GA-01,GA-01,AWARD,D,DEFINITIVE CONTRACT,,,,,,,J,FIRM FIXED PRICE,"FIRM-FIXED PRICE ONE TIME BUY CONTRACT WITH ONE 100% UNEXERCISED OPTION FOR NOUN: ENGINE, DIESEL, NSN: 2815-01-438-3060, PART NUMBER: 57K00095, QUANTITY: 10 EACH",SPRDL120R0239,1,,,2815,DIESEL ENGINES AND COMPONENTS,H,NOT BUNDLED,A4B,NON-COMBAT VEHICLES,333618,OTHER ENGINE EQUIPMENT MANUFACTURING,C,NO CLAUSES INCLUDED AND NO SUSTAINABILITY INCLUDED,A,U.S. OWNED BUSINESS,000,NONE,Z,NOT IT PRODUCTS OR SERVICES,E,NOT REQUIRED,USA,UNITED STATES,D,MFG IN U.S.,B,PLAN NOT REQUIRED,D,FULL AND OPEN COMPETITION AFTER EXCLUSION OF SOURCES,NP,NEGOTIATED PROPOSAL/QUOTE,SBA,SMALL BUSINESS SET ASIDE - TOTAL,NONE,NO PREFERENCE USED,,,,,,,3,A,COMMERCIAL PRODUCTS/SERVICES,f,N,NO,N,NO,Y,YES,N,NO,0.00,N,NO,X,NOT APPLICABLE,X,NOT APPLICABLE,X,NOT APPLICABLE,X,NOT APPLICABLE,,,,,,,,NONE,NONE,N,NO,X,NOT APPLICABLE EXEMPT FROM CAS,N,TRANSACTION DOES NOT USE GFE/GFP,N,NO,D,NOT CONSOLIDATED,X,NOT APPLICABLE,N,NO,Z,NOT APPLICABLE,N,NO,X,NOT APPLICABLE,f,f,f,f,f,f,f,f,f,f,f,f,f,f,f,f,f,f,f,SMALL BUSINESS,S,f,f,f,f,f,f,f,f,f,f,f,f,f,f,f,f,f,CORPORATE NOT TAX EXEMPT,t,f,f,f,f,f,f,f,f,f,f,f,f,f,f,f,f,t,f,f,f,f,f,f,f,f,f,f,t,f,f,f,f,f,f,f,f,f,f,f,f,f,f,f,f,f,f,f,f,f,,,,,,,,,,,https://www.usaspending.gov/award/CONT_AWD_SPRDL122C0039_9700_-NONE-_-NONE-/,2025-04-22 16:50:17+00
CONT_AWD_SPRDL123C0050_9700_-NONE-_-NONE-,SPRDL123C0050,,,,,,,,,361932.90,,361932.90,361932.90,2023-04-13,2023,2023-07-12,2023,2023-04-13,2024-10-16,2024-10-16 00:00:00,,2023-01-17,097,Department of Defense,97AS,Defense Logistics Agency,SPRDL1,DLA LAND WARREN,097,Department of Defense,2100,Department of the Army,W56HZV,W4GG HQ US ARMY TACOM,,,,,X,NOT APPLICABLE,,,GWQDX5KWT3E5,,INDEPENDENT ROUGH TERRAIN CENTER LLC,INDEPENDENT ROUGH TERRAIN CENTER LLC,,1NWY2,XPFGP5KKCYZ8,,CARGOTEC OYJ,CARGOTEC OYJ,USA,UNITED STATES,103 GUADALUPE DR,,CIBOLO,48187,GUADALUPE,48,TX,TEXAS,781083144,TX-28,TX-15,2105996541,2105994009,USA,UNITED STATES,CIBOLO,48187,GUADALUPE,48,TX,TEXAS,781083144,TX-28,TX-15,AWARD,D,DEFINITIVE CONTRACT,,,,,,,J,FIRM FIXED PRICE,"FIRM FIXED PRICE ONE-TIME BUY WITH 100% OPTION FOR: NOUN: ENGINE, DIESEL NSN: 2815-01-622-3891 QTY: 15 EACH (!5 EACH FOR OPTION) PART NUMBER: EP-0011486",SPRDL123R0048,1,,,2815,DIESEL ENGINES AND COMPONENTS,H,NOT BUNDLED,,,333618,OTHER ENGINE EQUIPMENT MANUFACTURING,C,NO CLAUSES INCLUDED AND NO SUSTAINABILITY INCLUDED,A,U.S. OWNED BUSINESS,000,NONE,Z,NOT IT PRODUCTS OR SERVICES,E,NOT REQUIRED,USA,UNITED STATES,D,MFG IN U.S.,B,PLAN NOT REQUIRED,C,NOT COMPETED,SSS,ONLY ONE SOURCE,NONE,NO SET ASIDE USED.,NONE,NO PREFERENCE USED,,,,,ONE,ONLY ONE SOURCE-OTHER (FAR 6.302-1 OTHER),1,A,COMMERCIAL PRODUCTS/SERVICES,f,N,NO,,,Y,YES,N,NO,0.00,N,NO,X,NOT APPLICABLE,X,NOT APPLICABLE,X,NOT APPLICABLE,X,NOT APPLICABLE,,,,,,,,NONE,NONE,N,NO,X,NOT APPLICABLE EXEMPT FROM CAS,N,TRANSACTION DOES NOT USE GFE/GFP,,,D,NOT CONSOLIDATED,X,NOT APPLICABLE,N,NO,Z,NOT APPLICABLE,N,NO,X,NOT APPLICABLE,f,f,f,f,f,f,f,f,f,f,f,f,f,f,f,f,f,f,f,SMALL BUSINESS,S,f,f,f,f,f,f,f,f,f,f,f,f,f,f,f,f,f,PARTNERSHIP,f,f,t,f,f,f,f,f,f,f,f,f,t,f,f,f,f,t,f,f,f,f,f,f,f,f,t,f,t,f,f,f,f,f,f,f,f,f,f,f,f,f,f,f,f,f,f,f,f,f,,,,,,,,,,,https://www.usaspending.gov/award/CONT_AWD_SPRDL123C0050_9700_-NONE-_-NONE-/,2025-04-22 16:50:17+00
CONT_AWD_SPRDL123C0064_9700_-NONE-_-NONE-,SPRDL123C0064,,,,,,,,,1615600.00,,1615600.00,1615600.00,2023-07-10,2023,2023-07-10,2023,2023-07-10,2024-09-02,2024-09-02 00:00:00,,2023-06-09,097,Department of Defense,97AS,Defense Logistics Agency,SPRDL1,DLA LAND WARREN,097,Department of Defense,2100,Department of the Army,W52H09,W4GG HQ US ARMY TACOM,,,,,X,NOT APPLICABLE,,,TBLKC12FCDH8,,"ELBITAMERICA, INC.","ELBITAMERICA, INC.",,0WEC9,JMMGQ2ME8XG3,,ELBIT SYSTEMS LTD,ELBIT SYSTEMS LTD,USA,UNITED STATES,4700 MARINE CREEK PKWY,,FORT WORTH,48439,TARRANT,48,TX,TEXAS,761793505,TX-12,TX-12,8172346655,8173066655,USA,UNITED STATES,FORT WORTH,48439,TARRANT,48,TX,TEXAS,761793505,TX-12,TX-12,AWARD,D,DEFINITIVE CONTRACT,,,,,,,J,FIRM FIXED PRICE,COMMON INTELLIGENT NSN: 5999-01-609-7161 MFR PART NUMBER: 12540726 QTY: 70 *VARIANT WITH RFV*,,1,,,5999,MISCELLANEOUS ELECTRICAL AND ELECTRONIC COMPONENTS,H,NOT BUNDLED,,,334419,OTHER ELECTRONIC COMPONENT MANUFACTURING,C,NO CLAUSES INCLUDED AND NO SUSTAINABILITY INCLUDED,C,FOREIGN-OWNED BUSINESS INCORPORATED IN THE U.S.,000,NONE,Z,NOT IT PRODUCTS OR SERVICES,E,NOT REQUIRED,ISR,ISRAEL,L,MFG OUTSIDE U.S. - QUALIFYING COUNTRY (DOD ONLY),B,PLAN NOT REQUIRED,C,NOT COMPETED,SSS,ONLY ONE SOURCE,NONE,NO SET ASIDE USED.,NONE,NO PREFERENCE USED,,,,,ONE,ONLY ONE SOURCE-OTHER (FAR 6.302-1 OTHER),1,D,COMMERCIAL PRODUCTS/SERVICES PROCEDURES NOT USED,f,N,NO,,,N,NO,N,NO,0.00,N,NO,N,NO,N,NO,N,NO,X,NOT APPLICABLE,,,,,,,,NONE,NONE,N,NO,X,NOT APPLICABLE EXEMPT FROM CAS,N,TRANSACTION DOES NOT USE GFE/GFP,,,D,NOT CONSOLIDATED,X,NOT APPLICABLE,N,NO,Z,NOT APPLICABLE,N,NO,X,NOT APPLICABLE,f,f,f,f,f,f,f,f,f,f,f,f,f,f,f,f,f,f,f,OTHER THAN SMALL BUSINESS,O,f,f,f,f,f,f,f,f,f,f,f,f,f,f,f,f,f,CORPORATE NOT TAX EXEMPT,t,f,f,f,f,f,f,f,f,f,f,f,t,f,f,f,f,t,f,f,f,f,f,f,f,f,f,t,t,f,f,f,f,f,f,f,f,f,f,f,f,f,f,f,f,f,f,f,f,f,,,,,,,,,,,https://www.usaspending.gov/award/CONT_AWD_SPRDL123C0064_9700_-NONE-_-NONE-/,2024-09-06 15:05:22+00
CONT_AWD_SPRPA120CW016_9700_-NONE-_-NONE-,SPRPA120CW016,,,,,,,,,697967.85,,697967.85,697967.85,2020-04-03,2020,2023-07-10,2023,2020-04-03,2023-12-08,2023-12-08 00:00:00,,2019-08-13,097,Department of Defense,97AS,Defense Logistics Agency,SPRPA1,"DLA AVIATION AT PHILADELPHIA, PA",097,Department of Defense,1700,Department of the Navy,N00383,NAVSUP WEAPON SYSTEMS SUPPORT,,,,,X,NOT APPLICABLE,,,FX2XH55L2458,,"TRIUMPH ACTUATION SYSTEMS - YAKIMA, LLC","TRIUMPH ACTUATION SYSTEMS - YAKIMA, LLC",,97415,GFJRAJF46NN4,,"TRIUMPH GROUP, INC.","TRIUMPH ACTUATION SYSTEMS - YAKIMA, LLC",USA,UNITED STATES,2720 W WASHINGTON AVE,,YAKIMA,53077,YAKIMA,53,WA,WASHINGTON,989032513,WA-04,WA-04,5092485000,,USA,UNITED STATES,YAKIMA,53077,YAKIMA,53,WA,WASHINGTON,989032513,WA-04,WA-04,AWARD,D,DEFINITIVE CONTRACT,,,,,,,J,FIRM FIXED PRICE,ACTUATOR ASSEMBLY,SPRPA119RW466,1,,,1680,MISCELLANEOUS AIRCRAFT ACCESSORIES AND COMPONENTS,H,NOT BUNDLED,A1A,AIRFRAMES AND SPARES,333999,ALL OTHER MISCELLANEOUS GENERAL PURPOSE MACHINERY MANUFACTURING,C,NO CLAUSES INCLUDED AND NO SUSTAINABILITY INCLUDED,A,U.S. OWNED BUSINESS,000,NONE,Z,NOT IT PRODUCTS OR SERVICES,E,NOT REQUIRED,USA,UNITED STATES,D,MFG IN U.S.,F,INDIVIDUAL SUBCONTRACT PLAN,C,NOT COMPETED,SSS,ONLY ONE SOURCE,NONE,NO SET ASIDE USED.,NONE,NO PREFERENCE USED,,,,,ONE,ONLY ONE SOURCE-OTHER (FAR 6.302-1 OTHER),1,D,COMMERCIAL PRODUCTS/SERVICES PROCEDURES NOT USED,f,N,NO,N,NO,Y,YES,N,NO,0.00,N,NO,Y,YES,N,NO,N,NO,X,NOT APPLICABLE,,,,,,,,NONE,NONE,N,NO,X,NOT APPLICABLE EXEMPT FROM CAS,N,TRANSACTION DOES NOT USE GFE/GFP,N,NO,D,NOT CONSOLIDATED,X,NOT APPLICABLE,N,NO,Z,NOT APPLICABLE,N,NO,X,NOT APPLICABLE,f,f,f,f,f,f,f,f,f,f,f,f,f,f,f,f,f,f,f,OTHER THAN SMALL BUSINESS,O,f,f,f,f,f,f,f,f,f,f,f,f,f,f,f,f,f,CORPORATE NOT TAX EXEMPT,t,f,f,f,f,f,f,f,f,f,f,f,f,f,f,f,f,t,f,f,f,f,f,f,f,f,t,f,t,f,f,f,f,f,f,f,f,f,f,f,f,f,f,f,f,f,f,f,f,f,,,,,,,,,,,https://www.usaspending.gov/award/CONT_AWD_SPRPA120CW016_9700_-NONE-_-NONE-/,2023-07-11 09:51:13+00
CONT_AWD_SPRTA121C0008_9700_-NONE-_-NONE-,SPRTA121C0008,,,,,,,,,1148796.54,,1148796.54,1148796.54,2020-11-19,2021,2023-07-07,2023,2020-11-19,2023-07-31,2023-07-31 00:00:00,,2019-06-20,097,Department of Defense,97AS,Defense Logistics Agency,SPRTA1,"DLA AVIATION AT OKLAHOMA CITY, OK",097,Department of Defense,5700,Department of the Air Force,F3YTBK,F3YTBK 948 SCMG 430 SCMS GUIB,,,,,X,NOT APPLICABLE,,,QFRGFDPNNPV5,,PTI TECHNOLOGIES INC.,PTI TECHNOLOGIES INC.,,05228,SFBKRA9THBA3,,ESCO TECHNOLOGIES INC.,ESCO TECHNOLOGIES INC.,USA,UNITED STATES,501 DEL NORTE BLVD,,OXNARD,06111,VENTURA,06,CA,CALIFORNIA,930307983,CA-26,CA-26,8056043717,8056043701,USA,UNITED STATES,OXNARD,06111,VENTURA,06,CA,CALIFORNIA,930307983,CA-26,CA-26,AWARD,D,DEFINITIVE CONTRACT,,,,,,,J,FIRM FIXED PRICE,9 EACH NSN: 1680-01-141-7358,SPRTA119R0391,1,,,1680,MISCELLANEOUS AIRCRAFT ACCESSORIES AND COMPONENTS,H,NOT BUNDLED,A1C,OTHER AIRCRAFT EQUIPMENT,336412,AIRCRAFT ENGINE AND ENGINE PARTS MANUFACTURING,C,NO CLAUSES INCLUDED AND NO SUSTAINABILITY INCLUDED,A,U.S. OWNED BUSINESS,000,NONE,Z,NOT IT PRODUCTS OR SERVICES,E,NOT REQUIRED,USA,UNITED STATES,D,MFG IN U.S.,B,PLAN NOT REQUIRED,C,NOT COMPETED,SSS,ONLY ONE SOURCE,NONE,NO SET ASIDE USED.,NONE,NO PREFERENCE USED,,,,,ONE,ONLY ONE SOURCE-OTHER (FAR 6.302-1 OTHER),1,D,COMMERCIAL PRODUCTS/SERVICES PROCEDURES NOT USED,f,N,NO,N,NO,Y,YES,N,NO,0.00,N,NO,N,NO,X,NOT APPLICABLE,X,NOT APPLICABLE,X,NOT APPLICABLE,,,,,,,,NONE,NONE,N,NO,X,NOT APPLICABLE EXEMPT FROM CAS,N,TRANSACTION DOES NOT USE GFE/GFP,N,NO,D,NOT CONSOLIDATED,X,NOT APPLICABLE,N,NO,Z,NOT APPLICABLE,N,NO,X,NOT APPLICABLE,f,f,f,f,f,f,f,f,f,f,f,f,f,f,f,f,f,f,f,OTHER THAN SMALL BUSINESS,O,f,f,f,f,f,f,f,f,f,f,f,f,f,f,f,f,f,CORPORATE NOT TAX EXEMPT,t,f,f,f,f,f,f,f,f,f,f,f,t,f,f,f,f,t,f,f,f,f,f,f,f,f,f,f,t,f,f,f,f,f,f,f,f,f,f,f,f,f,f,f,f,f,f,f,f,f,,,,,,,,,,,https://www.usaspending.gov/award/CONT_AWD_SPRTA121C0008_9700_-NONE-_-NONE-/,2023-07-07 12:03:13+00
CONT_AWD_SPRTA122C0019_9700_-NONE-_-NONE-,SPRTA122C0019,,,,,,,,,3097809.00,,3097809.00,3097809.00,2022-09-29,2022,2023-07-13,2023,2022-09-29,2026-07-15,2026-07-15 00:00:00,,2021-10-04,097,Department of Defense,97AS,Defense Logistics Agency,SPRTA1,"DLA AVIATION AT OKLAHOMA CITY, OK",097,Department of Defense,5700,Department of the Air Force,F3YCAB,F3YCAB 848 SCMG GLSC,,,,,X,NOT APPLICABLE,,,HVVKL7253CK3,,WOODWARD HRT INC,"WOODWARD HRT, INC.",,81873,NJ83KV3NU9A6,,WOODWARD GOVERNOR COMPANY,WOODWARD GOVERNOR COMPANY,USA,UNITED STATES,25200 W RYE CANYON RD,,SANTA CLARITA,06037,LOS ANGELES,06,CA,CALIFORNIA,913551204,CA-27,CA-27,6617025747,6617025385,USA,UNITED STATES,VALENCIA,06037,LOS ANGELES,06,CA,CALIFORNIA,913551204,CA-27,CA-27,AWARD,D,DEFINITIVE CONTRACT,,,,,,,J,FIRM FIXED PRICE,SERVO VALVE HYDRAULIC,SPRTA122R0003,1,,,1650,"AIRCRAFT HYDRAULIC, VACUUM, AND DE-ICING SYSTEM COMPONENTS",H,NOT BUNDLED,A1B,AIRCRAFT ENGINES AND SPARES,336413,OTHER AIRCRAFT PARTS AND AUXILIARY EQUIPMENT MANUFACTURING,C,NO CLAUSES INCLUDED AND NO SUSTAINABILITY INCLUDED,A,U.S. OWNED BUSINESS,000,NONE,Z,NOT IT PRODUCTS OR SERVICES,E,NOT REQUIRED,USA,UNITED STATES,D,MFG IN U.S.,F,INDIVIDUAL SUBCONTRACT PLAN,C,NOT COMPETED,SSS,ONLY ONE SOURCE,NONE,NO SET ASIDE USED.,NONE,NO PREFERENCE USED,,,,,ONE,ONLY ONE SOURCE-OTHER (FAR 6.302-1 OTHER),1,A,COMMERCIAL PRODUCTS/SERVICES,f,N,NO,N,NO,X,NOT APPLICABLE,N,NO,0.00,N,NO,N,NO,X,NOT APPLICABLE,X,NOT APPLICABLE,X,NOT APPLICABLE,,,,,,,,NONE,NONE,N,NO,X,NOT APPLICABLE EXEMPT FROM CAS,N,TRANSACTION DOES NOT USE GFE/GFP,N,NO,D,NOT CONSOLIDATED,X,NOT APPLICABLE,N,NO,Z,NOT APPLICABLE,N,NO,X,NOT APPLICABLE,f,f,f,f,f,f,f,f,f,f,f,f,f,f,f,f,f,f,f,OTHER THAN SMALL BUSINESS,O,f,f,f,f,f,f,f,f,f,f,f,f,f,f,f,f,f,CORPORATE NOT TAX EXEMPT,t,f,f,f,f,f,f,f,f,f,f,f,t,f,f,f,f,t,f,f,f,f,f,f,f,f,f,f,t,f,f,f,f,f,f,f,f,f,f,f,f,f,f,f,f,f,f,f,f,f,,,,,,,,,,,https://www.usaspending.gov/award/CONT_AWD_SPRTA122C0019_9700_-NONE-_-NONE-/,2023-07-13 10:34:48+00
CONT_AWD_SPRTA122C1290_9700_-NONE-_-NONE-,SPRTA122C1290,,,,,,,,,291336.00,,291336.00,291336.00,2022-09-21,2022,2023-07-11,2023,2022-09-21,2024-01-31,2024-01-31 00:00:00,,2022-06-28,097,Department of Defense,97AS,Defense Logistics Agency,SPRTA1,"DLA AVIATION AT OKLAHOMA CITY, OK",097,Department of Defense,5700,Department of the Air Force,F3YCAB,F3YCAB 848 SCMG GLSC,,,,,X,NOT APPLICABLE,,,LUKJQHLR55N8,,"AMERICAN FUEL CELL AND COATED FABRICS COMPANY, LLC",AMERICAN FUEL CELL AND COATED FABRICS COMPANY,,05476,U5VFUPHT6MD5,,ZODIAC AEROSPACE,ZODIAC AEROSPACE,USA,UNITED STATES,601 FIRESTONE DR,,MAGNOLIA,05027,COLUMBIA,05,AR,ARKANSAS,717539712,AR-04,AR-04,5618276605,,USA,UNITED STATES,MAGNOLIA,05027,COLUMBIA,05,AR,ARKANSAS,717539712,AR-04,AR-04,AWARD,D,DEFINITIVE CONTRACT,,,,,,,J,FIRM FIXED PRICE,AIRFRAME STRUCTURAL COMPONENTS (FUEL CELL),SPRTA122R1290,1,,,1560,AIRFRAME STRUCTURAL COMPONENTS,H,NOT BUNDLED,A1B,AIRCRAFT ENGINES AND SPARES,336413,OTHER AIRCRAFT PARTS AND AUXILIARY EQUIPMENT MANUFACTURING,C,NO CLAUSES INCLUDED AND NO SUSTAINABILITY INCLUDED,A,U.S. OWNED BUSINESS,000,NONE,Z,NOT IT PRODUCTS OR SERVICES,E,NOT REQUIRED,USA,UNITED STATES,D,MFG IN U.S.,B,PLAN NOT REQUIRED,A,FULL AND OPEN COMPETITION,NP,NEGOTIATED PROPOSAL/QUOTE,NONE,NO SET ASIDE USED.,NONE,NO PREFERENCE USED,,,,,,,1,D,COMMERCIAL PRODUCTS/SERVICES PROCEDURES NOT USED,f,N,NO,N,NO,X,NOT APPLICABLE,N,NO,0.00,N,NO,Y,YES,X,NOT APPLICABLE,X,NOT APPLICABLE,X,NOT APPLICABLE,,,,,,,,NONE,NONE,N,NO,X,NOT APPLICABLE EXEMPT FROM CAS,N,TRANSACTION DOES NOT USE GFE/GFP,N,NO,D,NOT CONSOLIDATED,X,NOT APPLICABLE,N,NO,Z,NOT APPLICABLE,N,NO,X,NOT APPLICABLE,f,f,f,f,f,f,f,f,f,f,f,f,f,f,f,f,f,f,f,SMALL BUSINESS,S,f,f,f,f,f,f,f,f,f,f,f,f,f,f,f,f,f,PARTNERSHIP,f,f,t,f,f,f,f,f,f,f,f,f,t,f,f,f,f,t,f,f,f,f,f,f,f,f,f,f,t,f,f,f,f,f,f,f,f,f,f,f,f,f,f,f,f,f,f,f,f,f,,,,,,,,,,,https://www.usaspending.gov/award/CONT_AWD_SPRTA122C1290_9700_-NONE-_-NONE-/,2023-07-11 10:30:13+00
CONT_AWD_SPRTA122C1306_9700_-NONE-_-NONE-,SPRTA122C1306,,,,,,,,,484752.30,,484752.30,484752.30,2022-09-23,2022,2023-07-11,2023,2022-09-23,2023-10-31,2023-10-31 00:00:00,,2022-06-23,097,Department of Defense,97AS,Defense Logistics Agency,SPRTA1,"DLA AVIATION AT OKLAHOMA CITY, OK",097,Department of Defense,5700,Department of the Air Force,F3YCAB,F3YCAB 848 SCMG GLSC,,,,,X,NOT APPLICABLE,,,LUKJQHLR55N8,,"AMERICAN FUEL CELL AND COATED FABRICS COMPANY, LLC",AMERICAN FUEL CELL AND COATED FABRICS COMPANY,,05476,U5VFUPHT6MD5,,ZODIAC AEROSPACE,ZODIAC AEROSPACE,USA,UNITED STATES,601 FIRESTONE DR,,MAGNOLIA,05027,COLUMBIA,05,AR,ARKANSAS,717539712,AR-04,AR-04,5618276605,,USA,UNITED STATES,MAGNOLIA,05027,COLUMBIA,05,AR,ARKANSAS,717539712,AR-04,AR-04,AWARD,D,DEFINITIVE CONTRACT,,,,,,,J,FIRM FIXED PRICE,AIRFRAME STRUCTURAL COMPONENTS (FUEL CELL),SPRTA122R1306,1,,,1560,AIRFRAME STRUCTURAL COMPONENTS,H,NOT BUNDLED,A1B,AIRCRAFT ENGINES AND SPARES,336413,OTHER AIRCRAFT PARTS AND AUXILIARY EQUIPMENT MANUFACTURING,C,NO CLAUSES INCLUDED AND NO SUSTAINABILITY INCLUDED,A,U.S. OWNED BUSINESS,000,NONE,Z,NOT IT PRODUCTS OR SERVICES,E,NOT REQUIRED,USA,UNITED STATES,D,MFG IN U.S.,B,PLAN NOT REQUIRED,A,FULL AND OPEN COMPETITION,NP,NEGOTIATED PROPOSAL/QUOTE,NONE,NO SET ASIDE USED.,NONE,NO PREFERENCE USED,,,,,,,2,D,COMMERCIAL PRODUCTS/SERVICES PROCEDURES NOT USED,f,N,NO,N,NO,Y,YES,N,NO,0.00,N,NO,Y,YES,X,NOT APPLICABLE,X,NOT APPLICABLE,X,NOT APPLICABLE,,,,,,,,NONE,NONE,N,NO,X,NOT APPLICABLE EXEMPT FROM CAS,N,TRANSACTION DOES NOT USE GFE/GFP,N,NO,D,NOT CONSOLIDATED,X,NOT APPLICABLE,N,NO,Z,NOT APPLICABLE,N,NO,X,NOT APPLICABLE,f,f,f,f,f,f,f,f,f,f,f,f,f,f,f,f,f,f,f,SMALL BUSINESS,S,f,f,f,f,f,f,f,f,f,f,f,f,f,f,f,f,f,PARTNERSHIP,f,f,t,f,f,f,f,f,f,f,f,f,t,f,f,f,f,t,f,f,f,f,f,f,f,f,f,f,t,f,f,f,f,f,f,f,f,f,f,f,f,f,f,f,f,f,f,f,f,f,,,,,,,,,,,https://www.usaspending.gov/award/CONT_AWD_SPRTA122C1306_9700_-NONE-_-NONE-/,2023-07-11 12:54:38+00
CONT_AWD_SPRTA123C0019_9700_-NONE-_-NONE-,SPRTA123C0019,,,,,,,,,297218.80,,297218.80,297218.80,2023-04-03,2023,2023-07-11,2023,2023-04-03,2024-03-04,2024-03-04 00:00:00,,2023-01-25,097,Department of Defense,97AS,Defense Logistics Agency,SPRTA1,"DLA AVIATION AT OKLAHOMA CITY, OK",097,Department of Defense,5700,Department of the Air Force,F3YCAB,F3YCAB 848 SCMG GLSC,,,,,X,NOT APPLICABLE,,,GMQ3C6QJJ288,,"AMETEK AMERON, LLC","AMETEK AMERON, LLC",,0FRR4,N5KEKMFCWUR1,,AMETEK INC,AMETEK  INC.,USA,UNITED STATES,4750 LITTLEJOHN ST,,BALDWIN PARK,06037,LOS ANGELES,06,CA,CALIFORNIA,917062274,CA-32,CA-31,6263374640,6263371641,USA,UNITED STATES,BALDWIN PARK,06037,LOS ANGELES,06,CA,CALIFORNIA,917062274,CA-31,CA-31,AWARD,D,DEFINITIVE CONTRACT,,,,,,,J,FIRM FIXED PRICE,"EXTINGUISHER,FIRE,A SUPPORTING THE C-17",SPRTA123R0053,1,,,1680,MISCELLANEOUS AIRCRAFT ACCESSORIES AND COMPONENTS,H,NOT BUNDLED,,,336413,OTHER AIRCRAFT PARTS AND AUXILIARY EQUIPMENT MANUFACTURING,C,NO CLAUSES INCLUDED AND NO SUSTAINABILITY INCLUDED,A,U.S. OWNED BUSINESS,000,NONE,Z,NOT IT PRODUCTS OR SERVICES,E,NOT REQUIRED,USA,UNITED STATES,D,MFG IN U.S.,B,PLAN NOT REQUIRED,A,FULL AND OPEN COMPETITION,NP,NEGOTIATED PROPOSAL/QUOTE,NONE,NO SET ASIDE USED.,NONE,NO PREFERENCE USED,,,,,,,1,D,COMMERCIAL PRODUCTS/SERVICES PROCEDURES NOT USED,f,N,NO,,,X,NOT APPLICABLE,N,NO,0.00,N,NO,Y,YES,X,NOT APPLICABLE,X,NOT APPLICABLE,X,NOT APPLICABLE,,,,,,,,NONE,NONE,N,NO,X,NOT APPLICABLE EXEMPT FROM CAS,N,TRANSACTION DOES NOT USE GFE/GFP,,,D,NOT CONSOLIDATED,X,NOT APPLICABLE,N,NO,Z,NOT APPLICABLE,N,NO,X,NOT APPLICABLE,f,f,f,f,f,f,f,f,f,f,f,f,f,f,f,f,f,f,f,OTHER THAN SMALL BUSINESS,O,f,f,f,f,f,f,f,f,f,f,f,f,f,f,f,f,f,OTHER,f,f,f,f,f,f,f,f,f,f,f,f,t,f,f,f,f,t,f,f,f,f,f,f,f,f,t,f,t,f,f,f,f,f,f,f,f,f,f,f,f,f,f,f,f,f,f,f,f,f,,,,,,,,,,,https://www.usaspending.gov/award/CONT_AWD_SPRTA123C0019_9700_-NONE-_-NONE-/,2023-07-11 13:58:29+00
CONT_AWD_SPRTA123C0040_9700_-NONE-_-NONE-,SPRTA123C0040,,,,,,,,,784000.00,,784000.00,784000.00,2023-07-03,2023,2023-07-03,2023,2023-07-03,2023-08-15,2023-08-15 00:00:00,,2023-03-02,097,Department of Defense,97AS,Defense Logistics Agency,SPRTA1,"DLA AVIATION AT OKLAHOMA CITY, OK",097,Department of Defense,5700,Department of the Air Force,F3YTBK,F3YTBK 948 SCMG 430 SCMS GUIB,,,,,A,FOREIGN FUNDS FMS,,,ML5FTWJYF5V5,,"ALLCLEAR AEROSPACE & DEFENSE, INC.",ALLCLEAR AEROSPACE & DEFENSE INC,,1ZK21,KHB6XEUSKF64,,AERO PRECISION INDUSTRIES LLC,KELLSTROM DEFENSE AEROSPACE  INC.,USA,UNITED STATES,15501 SW 29TH ST,STE 101,MIRAMAR,12011,BROWARD,12,FL,FLORIDA,330275257,FL-20,FL-25,9546355147,,USA,UNITED STATES,MIRAMAR,12011,BROWARD,12,FL,FLORIDA,330275257,FL-25,FL-25,AWARD,D,DEFINITIVE CONTRACT,,,,,,,J,FIRM FIXED PRICE,"GENERATOR, ALTERNATI",SPRTA123R0080,1,,,6115,"GENERATORS AND GENERATOR SETS, ELECTRICAL",H,NOT BUNDLED,,,336413,OTHER AIRCRAFT PARTS AND AUXILIARY EQUIPMENT MANUFACTURING,C,NO CLAUSES INCLUDED AND NO SUSTAINABILITY INCLUDED,A,U.S. OWNED BUSINESS,000,NONE,Z,NOT IT PRODUCTS OR SERVICES,E,NOT REQUIRED,USA,UNITED STATES,D,MFG IN U.S.,F,INDIVIDUAL SUBCONTRACT PLAN,C,NOT COMPETED,SSS,ONLY ONE SOURCE,NONE,NO SET ASIDE USED.,NONE,NO PREFERENCE USED,,,,,ONE,ONLY ONE SOURCE-OTHER (FAR 6.302-1 OTHER),1,A,COMMERCIAL PRODUCTS/SERVICES,f,N,NO,,,X,NOT APPLICABLE,N,NO,0.00,N,NO,N,NO,X,NOT APPLICABLE,X,NOT APPLICABLE,X,NOT APPLICABLE,,,,,,,,NONE,NONE,Y,YES,X,NOT APPLICABLE EXEMPT FROM CAS,N,TRANSACTION DOES NOT USE GFE/GFP,,,D,NOT CONSOLIDATED,X,NOT APPLICABLE,N,NO,Z,NOT APPLICABLE,N,NO,X,NOT APPLICABLE,f,f,f,f,f,f,f,f,f,f,f,f,f,f,f,f,f,f,f,OTHER THAN SMALL BUSINESS,O,f,f,f,f,f,f,f,f,f,f,f,f,f,f,f,f,f,CORPORATE NOT TAX EXEMPT,t,f,f,f,f,f,f,f,f,f,f,f,t,f,f,f,f,t,f,f,f,f,f,f,f,f,f,f,t,f,f,f,f,f,f,f,f,f,f,f,f,f,f,f,f,f,f,f,f,f,,,,,,,,,,,https://www.usaspending.gov/award/CONT_AWD_SPRTA123C0040_9700_-NONE-_-NONE-/,2024-01-08 10:00:23+00
CONT_AWD_SPRTA123C0304_9700_-NONE-_-NONE-,SPRTA123C0304,,,,,,,,,12279503.00,,12279503.00,12279503.00,2023-07-12,2023,2023-07-12,2023,2023-07-12,2025-01-31,2025-01-31 00:00:00,,2022-04-22,097,Department of Defense,97AS,Defense Logistics Agency,SPRTA1,"DLA AVIATION AT OKLAHOMA CITY, OK",097,Department of Defense,5700,Department of the Air Force,F3YCAB,F3YCAB 848 SCMG GLSC,,,,,X,NOT APPLICABLE,,,DAUKP7DYKYN3,,"AEROCONTROLEX GROUP, INC.","AEROCONTROLEX GROUP, INC.",,98889,UAC2KLJM4XY1,,TRANSDIGM GROUP INCORPORATED,TRANSDIGM GROUP INCORPORATED,USA,UNITED STATES,313 GILLETT ST,,PAINESVILLE,39085,LAKE,39,OH,OHIO,440772918,OH-14,OH-14,4403926693,4403523707,USA,UNITED STATES,PAINESVILLE,39085,LAKE,39,OH,OHIO,440772918,OH-14,OH-14,AWARD,D,DEFINITIVE CONTRACT,,,,,,,J,FIRM FIXED PRICE,MISCELLANEOUS AIRCRAFT ACCESSORIES AND COMPONENTS,SPRTA122R0104,1,,,1680,MISCELLANEOUS AIRCRAFT ACCESSORIES AND COMPONENTS,H,NOT BUNDLED,,,336413,OTHER AIRCRAFT PARTS AND AUXILIARY EQUIPMENT MANUFACTURING,C,NO CLAUSES INCLUDED AND NO SUSTAINABILITY INCLUDED,A,U.S. OWNED BUSINESS,000,NONE,Z,NOT IT PRODUCTS OR SERVICES,E,NOT REQUIRED,USA,UNITED STATES,D,MFG IN U.S.,G,COMMERCIAL SUBCONTRACT PLAN,C,NOT COMPETED,SSS,ONLY ONE SOURCE,NONE,NO SET ASIDE USED.,NONE,NO PREFERENCE USED,,,,,ONE,ONLY ONE SOURCE-OTHER (FAR 6.302-1 OTHER),1,A,COMMERCIAL PRODUCTS/SERVICES,f,N,NO,,,Y,YES,N,NO,0.00,N,NO,X,NOT APPLICABLE,X,NOT APPLICABLE,X,NOT APPLICABLE,X,NOT APPLICABLE,,,,,,,,NONE,NONE,N,NO,X,NOT APPLICABLE EXEMPT FROM CAS,N,TRANSACTION DOES NOT USE GFE/GFP,,,D,NOT CONSOLIDATED,X,NOT APPLICABLE,N,NO,Z,NOT APPLICABLE,N,NO,X,NOT APPLICABLE,f,f,f,f,f,f,f,f,f,f,f,f,f,f,f,f,f,f,f,OTHER THAN SMALL BUSINESS,O,f,f,f,f,f,f,f,f,f,f,f,f,f,f,f,f,f,CORPORATE NOT TAX EXEMPT,t,f,f,f,f,f,f,f,f,f,f,f,t,f,f,f,f,t,f,f,f,f,f,f,f,f,f,f,t,f,f,f,f,f,f,f,f,f,f,f,f,f,f,f,f,f,f,f,f,f,,,,,,,,,,,https://www.usaspending.gov/award/CONT_AWD_SPRTA123C0304_9700_-NONE-_-NONE-/,2025-10-20 07:25:57+00
CONT_AWD_W15P7T22C0005_9700_-NONE-_-NONE-,W15P7T22C0005,,,,,,,,,2363142.00,,2363142.00,3862442.90,2021-11-29,2022,2023-07-14,2023,2021-11-29,2022-12-30,2023-11-28 12:11:00,,2020-05-29,097,Department of Defense,2100,Department of the Army,W15P7T,W6QK ACC-APG,097,Department of Defense,2100,Department of the Army,W15P61,W6DR PEO C3N,,,,,X,NOT APPLICABLE,,,QXWGX79K77P4,,"PACIFIC DEFENSE STRATEGIES, INC.","SPECTRANETIX, INC.",SPECTRANETIX,6DZ30,QXWGX79K77P4,,"PACIFIC DEFENSE STRATEGIES, INC.",SPECTRANETIX  INC.,USA,UNITED STATES,845 STEWART DR #B,,SUNNYVALE,06085,SANTA CLARA,06,CA,CALIFORNIA,940854504,CA-17,CA-17,4089829057,4097435170,USA,UNITED STATES,ABERDEEN PROVING GROUND,24025,HARFORD,24,MD,MARYLAND,210051006,MD-01,MD-01,AWARD,D,DEFINITIVE CONTRACT,,,,,,,J,FIRM FIXED PRICE,AWARD FROM BAA-21-R-NCFT.,,1,OT,OTHER FUNCTIONS,AJ13,GENERAL SCIENCE & TECHNOLOGY R&D SVCS; GENERAL SCIENCE & TECHNOLOGY; EXPERIMENTAL DEVELOPMENT,G,BUNDLED REQUIREMENTS UNDER A FAR 7.107-1(B) EXCEPTION,A7,ELECTRONICS AND COMMUNICATION EQUIPMENT,334290,OTHER COMMUNICATIONS EQUIPMENT MANUFACTURING,C,NO CLAUSES INCLUDED AND NO SUSTAINABILITY INCLUDED,A,U.S. OWNED BUSINESS,000,NONE,Z,NOT IT PRODUCTS OR SERVICES,E,NOT REQUIRED,USA,UNITED STATES,C,NOT A MANUFACTURED END PRODUCT,A,PLAN NOT INCLUDED - NO SUBCONTRACTING POSSIBILITIES,A,FULL AND OPEN COMPETITION,NP,NEGOTIATED PROPOSAL/QUOTE,NONE,NO SET ASIDE USED.,NONE,NO PREFERENCE USED,,,,,,,1,D,COMMERCIAL PRODUCTS/SERVICES PROCEDURES NOT USED,f,N,NO,N,NO,X,NOT APPLICABLE,N,NO,0.00,N,NO,X,NOT APPLICABLE,N,NO,X,NOT APPLICABLE,X,NOT APPLICABLE,,,,,,,,NONE,NONE,N,NO,Y,YES - CAS CLAUSE INCLUDED,N,TRANSACTION DOES NOT USE GFE/GFP,N,NO,D,NOT CONSOLIDATED,N,NO - SERVICE WHERE PBA IS NOT USED.,N,NO,Z,NOT APPLICABLE,N,NO,X,NOT APPLICABLE,f,f,f,f,f,f,f,f,f,f,f,f,f,f,f,f,f,f,f,OTHER THAN SMALL BUSINESS,O,f,f,f,f,f,f,f,f,f,f,f,f,f,f,f,f,f,CORPORATE NOT TAX EXEMPT,t,f,f,f,f,f,f,f,f,f,f,f,f,f,f,f,f,t,f,f,f,f,f,f,f,f,f,f,t,f,f,f,f,f,f,f,f,f,f,f,f,f,f,f,f,f,f,f,f,f,BRET  BANFIELD,265500.00,LARS  KARLSSON,254059.00,DONALD  PERKINS,279771.00,ROBERT  LUNA,246439.00,KENNETH  NELSON,232957.00,https://www.usaspending.gov/award/CONT_AWD_W15P7T22C0005_9700_-NONE-_-NONE-/,2023-07-14 09:16:24+00
CONT_AWD_W15QKN10C0050_9700_-NONE-_-NONE-,W15QKN10C0050,,,,Q: Not Designated Nonemergency/Emergency/Disaster/Wildfire Suppression,,,,,222747675.02,1428932.56,223434379.23,223809205.23,2010-01-27,2010,2023-07-14,2023,2010-01-27,2022-01-21,2022-01-21 12:01:00,,,097,Department of Defense,2100,Department of the Army,W15QKN,W6QK ACC-RI-PICATINNY,097,Department of Defense,2100,Department of the Army,W907EH,W6DT PEO AMMO,021-2015/2017-2034-000;021-2016/2018-2034-000;021-2017/2019-2034-000,021-2034,26.0: Supplies and materials,0001: AMMUNITION;0020: UNDISTRIBUTED,X,NOT APPLICABLE,,,RZUVNJBJ3LC3,,ALLIANT TECHSYSTEMS OPERATIONS LLC,ALLIANT TECHSYSTEMS INC.,,1PYT8,NKVZLJL93QT6,,NORTHROP GRUMMAN CORPORATION,ALLIANT TECHSYSTEMS OPERATIONS LLC,USA,UNITED STATES,4700 NATHAN LN N,,PLYMOUTH,27053,HENNEPIN,27,MN,MINNESOTA,554422512,MN-03,MN-03,7637445200,7637445816,USA,UNITED STATES,MINNEAPOLIS,27053,HENNEPIN,27,MN,MINNESOTA,554422512,MN-03,MN-03,AWARD,D,DEFINITIVE CONTRACT,,,,,,,V,COST PLUS INCENTIVE FEE,"EMD PHASE I   CPFF  THIS BASE AWARD IS FOR THE PHASE I ENGINEERING, MANUFACTURE AND DEVELOPMENT STAGE OF THE M829E4 120MM ARMOR PIERCING, FIN STABILIZED, DISCARDING SABOT TRACER CARTRIDGES.",W15QKN09R0600,1,,,1315,"AMMUNITION, 75MM THROUGH 125MM",D,NOT A BUNDLED REQUIREMENT,A6,AMMUNITION,332993,AMMUNITION (EXCEPT SMALL ARMS) MANUFACTURING,C,NO CLAUSES INCLUDED AND NO SUSTAINABILITY INCLUDED,A,U.S. OWNED BUSINESS,000,NONE,Z,NOT IT PRODUCTS OR SERVICES,E,NOT REQUIRED,USA,UNITED STATES,D,MFG IN U.S.,C,PLAN REQUIRED - INCENTIVE NOT INCLUDED,A,FULL AND OPEN COMPETITION,NP,NEGOTIATED PROPOSAL/QUOTE,NONE,NO SET ASIDE USED.,NONE,NO PREFERENCE USED,,,,,,,2,D,COMMERCIAL PRODUCTS/SERVICES PROCEDURES NOT USED,f,N,NO,N,NO,Y,YES,N,NO,0.00,N,NO,Y,YES,N,NO,N,NO,X,NOT APPLICABLE,,,,,,,,NONE,NONE,N,NO,Y,YES - CAS CLAUSE INCLUDED,Y,TRANSACTION USES GFE/GFP,U,UNKNOWN,N,NO,X,NOT APPLICABLE,N,NO,A,FAR 52.232-16 PROGRESS PAYMENTS,N,NO,X,NOT APPLICABLE,f,f,f,f,f,f,f,f,f,f,f,f,f,f,f,f,f,f,f,OTHER THAN SMALL BUSINESS,O,f,f,f,f,f,f,f,f,f,f,f,f,f,f,f,f,f,CORPORATE NOT TAX EXEMPT,t,f,f,f,f,f,f,f,f,f,f,f,f,f,f,t,f,f,f,f,f,f,f,f,f,f,f,f,t,f,f,f,f,f,f,f,f,f,f,f,f,f,f,f,f,f,f,f,f,f,,,,,,,,,,,https://www.usaspending.gov/award/CONT_AWD_W15QKN10C0050_9700_-NONE-_-NONE-/,2025-12-31 09:44:17+00
CONT_AWD_W15QKN13C0019_9700_-NONE-_-NONE-,W15QKN13C0019,,,,Q: Not Designated Nonemergency/Emergency/Disaster/Wildfire Suppression,,,,,7962584.87,0.00,7962584.87,7962584.87,2013-02-26,2013,2023-07-12,2023,2013-06-04,2018-12-21,2018-12-21 12:12:00,,,097,Department of Defense,2100,Department of the Army,W15QKN,W6QK ACC-RI-PICATINNY,097,Department of Defense,2100,Department of the Army,W907EH,W6DT PEO AMMO,021-2015/2016-2040-000;021-2017/2018-2040-000,021-2040,21.0: Travel and transportation of persons;25.1: Advisory and assistance services,0001: BASIC RESEARCH;0801: REIMBURSABLE,X,NOT APPLICABLE,,,MMLKPW9JLX64,,SCIENCE APPLICATIONS INTERNATIONAL CORPORATION,SCIENCE APPLICATIONS INTERNATIONAL CORPORATION,,6XWA8,RE7WMNV9L719,,SCIENCE APPLICATIONS INTERNATIONAL CORPORATION,SCIENCE APPLICATIONS INTERNATIONAL CORPORATION,USA,UNITED STATES,12010 SUNSET HILLS RD,,RESTON,51059,FAIRFAX,51,VA,VIRGINIA,201905856,VA-11,VA-11,7036762178,7036765063,USA,UNITED STATES,RESTON,51059,FAIRFAX,51,VA,VIRGINIA,201905856,VA-11,VA-11,AWARD,D,DEFINITIVE CONTRACT,,,,,,,J,FIRM FIXED PRICE,"THIS EFFORT IS TO PROVIDE COMPREHENSIVE PROGRAM MANAGEMENT SUPPORT FOR CURRENT AND FUTURE SMALL, MEDIUM, AND LARGE CALIBER AMMUNITION PROGRAMS.",W15QKN12RA020,1,OT,OTHER FUNCTIONS,R408,SUPPORT- PROFESSIONAL: PROGRAM MANAGEMENT/SUPPORT,D,NOT A BUNDLED REQUIREMENT,S1,SERVICES,541330,ENGINEERING SERVICES,C,NO CLAUSES INCLUDED AND NO SUSTAINABILITY INCLUDED,A,U.S. OWNED BUSINESS,000,NONE,Z,NOT IT PRODUCTS OR SERVICES,E,NOT REQUIRED,USA,UNITED STATES,C,NOT A MANUFACTURED END PRODUCT,C,PLAN REQUIRED - INCENTIVE NOT INCLUDED,A,FULL AND OPEN COMPETITION,NP,NEGOTIATED PROPOSAL/QUOTE,NONE,NO SET ASIDE USED.,NONE,NO PREFERENCE USED,,,,,,,1,A,COMMERCIAL PRODUCTS/SERVICES,f,N,NO,N,NO,Y,YES,N,NO,0.00,N,NO,N,NO,Y,YES,N,NO,X,NOT APPLICABLE,,,,,,,,NONE,NONE,N,NO,X,NOT APPLICABLE EXEMPT FROM CAS,N,TRANSACTION DOES NOT USE GFE/GFP,N,NO,N,NO,Y,YES - SERVICE WHERE PBA IS USED.,N,NO,Z,NOT APPLICABLE,N,NO,X,NOT APPLICABLE,f,f,f,f,f,f,f,f,f,f,f,f,f,f,f,f,f,f,f,OTHER THAN SMALL BUSINESS,O,f,f,f,f,f,f,f,f,f,f,f,f,f,f,f,f,f,CORPORATE NOT TAX EXEMPT,t,f,f,f,f,f,f,f,f,f,f,f,f,f,f,f,f,t,f,f,f,f,f,f,f,f,f,f,t,f,f,f,f,f,f,f,f,f,f,f,f,f,f,f,f,f,f,f,f,f,,,,,,,,,,,https://www.usaspending.gov/award/CONT_AWD_W15QKN13C0019_9700_-NONE-_-NONE-/,2023-07-12 14:04:42+00
CONT_AWD_W15QKN20C0074_9700_-NONE-_-NONE-,W15QKN20C0074,,,,Q: Not Designated Nonemergency/Emergency/Disaster/Wildfire Suppression,,,,,251335.00,0.00,251335.00,322600.00,2020-09-24,2020,2023-07-06,2023,2020-09-24,2024-09-30,2025-09-30 00:00:00,,2020-09-17,097,Department of Defense,2100,Department of the Army,W15QKN,W6QK ACC-RI-PICATINNY,097,Department of Defense,2100,Department of the Army,W91AR5,W4MK CCDC ARMAMENTS CENTER,021-2022/2023-2040-000;021-2023/2024-2040-000,021-2040,25.4: Operation and maintenance of facilities,0801: REIMBURSABLE,X,NOT APPLICABLE,,,HNALX27LW8F9,,AMERICAN CHEMICAL SOCIETY,AMERICAN CHEMICAL SOCIETY,,019P5,QLTNY1VKHMM9,,AMERICAN CHEMICAL SOCIETY,AMERICAN CHEMICAL SOCIETY,USA,UNITED STATES,2540 OLENTANGY RIVER RD,,COLUMBUS,39049,FRANKLIN,39,OH,OHIO,432021505,OH-98,OH-03,6144473650,6144473939,USA,UNITED STATES,COLUMBUS,39049,FRANKLIN,39,OH,OHIO,432021505,OH-03,OH-03,AWARD,D,DEFINITIVE CONTRACT,,,,,,,J,FIRM FIXED PRICE,PROCUREMENT OF SCIFINDER ENTERPRISE-WIDE ACCESS SOFTWARE.,W15QKN20R0097,1,,,7030,INFORMATION TECHNOLOGY SOFTWARE,H,NOT BUNDLED,C9E,ALL OTHERS NOT IDENTIFIABLE TO ANY OTHER PROCUREMENT PROGRAM,511210,SOFTWARE PUBLISHERS,C,NO CLAUSES INCLUDED AND NO SUSTAINABILITY INCLUDED,A,U.S. OWNED BUSINESS,000,NONE,E,COMMERCIAL SERVICE,E,NOT REQUIRED,USA,UNITED STATES,D,MFG IN U.S.,B,PLAN NOT REQUIRED,C,NOT COMPETED,SSS,ONLY ONE SOURCE,NONE,NO SET ASIDE USED.,NONE,NO PREFERENCE USED,,,,,ONE,ONLY ONE SOURCE-OTHER (FAR 6.302-1 OTHER),1,A,COMMERCIAL PRODUCTS/SERVICES,f,N,NO,N,NO,Y,YES,N,NO,0.00,N,NO,X,NOT APPLICABLE,N,NO,X,NOT APPLICABLE,X,NOT APPLICABLE,,,,,,,,NONE,NONE,N,NO,X,NOT APPLICABLE EXEMPT FROM CAS,N,TRANSACTION DOES NOT USE GFE/GFP,N,NO,D,NOT CONSOLIDATED,X,NOT APPLICABLE,N,NO,Z,NOT APPLICABLE,N,NO,X,NOT APPLICABLE,f,f,f,f,f,f,f,f,f,f,f,f,f,f,f,f,f,f,f,OTHER THAN SMALL BUSINESS,O,f,f,f,f,f,f,f,f,f,f,f,f,f,f,f,f,f,CORPORATE TAX EXEMPT,f,t,f,f,f,f,f,f,f,f,f,f,f,f,f,f,f,t,f,f,f,f,f,f,f,f,f,f,f,t,f,f,f,f,f,f,f,f,f,f,f,f,f,f,f,f,f,f,f,f,,,,,,,,,,,https://www.usaspending.gov/award/CONT_AWD_W15QKN20C0074_9700_-NONE-_-NONE-/,2023-07-06 12:00:21+00
CONT_AWD_W15QKN21C0052_9700_-NONE-_-NONE-,W15QKN21C0052,,,,Q: Not Designated Nonemergency/Emergency/Disaster/Wildfire Suppression,,,,,324502.08,0.00,324502.08,324502.08,2021-07-13,2021,2023-07-07,2023,2021-07-13,2024-07-12,2024-07-12 12:07:00,,2021-06-11,097,Department of Defense,2100,Department of the Army,W15QKN,W6QK ACC-RI-PICATINNY,097,Department of Defense,2100,Department of the Army,W15BW9,W4MK CCDC ARMAMENTS CENTER,021-2023/2024-2040-000,021-2040,25.1: Advisory and assistance services,0020: UNDISTRIBUTED,X,NOT APPLICABLE,,,D33QGS3Q3DJ3,,SOUTHERN METHODIST UNIVERSITY,SOUTHERN METHODIST UNIVERSITY,,4E762,D33QGS3Q3DJ3,,SOUTHERN METHODIST UNIVERSITY,SOUTHERN METHODIST UNIVERSITY INC,USA,UNITED STATES,6425 BOAZ LANE,,DALLAS,48113,DALLAS,48,TX,TEXAS,75205,TX-32,TX-24,2147682033,2147681079,USA,UNITED STATES,DALLAS,48113,DALLAS,48,TX,TEXAS,752750302,TX-24,TX-32,AWARD,D,DEFINITIVE CONTRACT,,,,,,,J,FIRM FIXED PRICE,SMU COOPERATIVE AGREEMENT-BAA- GUN TUBE PROGRAM CRITICAL VELOCITIES OF COMPOSITE GUN TUBES,,1,OT,OTHER FUNCTIONS,AC12,NATIONAL DEFENSE R&D SERVICES; DEPARTMENT OF DEFENSE - MILITARY; APPLIED RESEARCH,H,NOT BUNDLED,A5,WEAPONS,541713,RESEARCH AND DEVELOPMENT IN NANOTECHNOLOGY,C,NO CLAUSES INCLUDED AND NO SUSTAINABILITY INCLUDED,A,U.S. OWNED BUSINESS,000,NONE,Z,NOT IT PRODUCTS OR SERVICES,E,NOT REQUIRED,USA,UNITED STATES,C,NOT A MANUFACTURED END PRODUCT,B,PLAN NOT REQUIRED,C,NOT COMPETED,SSS,ONLY ONE SOURCE,NONE,NO SET ASIDE USED.,NONE,NO PREFERENCE USED,,,,,UR,UNSOLICITED RESEARCH PROPOSAL (FAR 6.302-1(A)(2)(I)),1,D,COMMERCIAL PRODUCTS/SERVICES PROCEDURES NOT USED,f,N,NO,N,NO,X,NOT APPLICABLE,N,NO,0.00,N,NO,X,NOT APPLICABLE,X,NOT APPLICABLE,X,NOT APPLICABLE,X,NOT APPLICABLE,,,,,,,,NONE,NONE,N,NO,X,NOT APPLICABLE EXEMPT FROM CAS,N,TRANSACTION DOES NOT USE GFE/GFP,N,NO,D,NOT CONSOLIDATED,N,NO - SERVICE WHERE PBA IS NOT USED.,N,NO,Z,NOT APPLICABLE,N,NO,X,NOT APPLICABLE,f,f,f,f,f,f,f,f,f,f,f,f,f,f,f,f,f,f,f,OTHER THAN SMALL BUSINESS,O,f,f,f,f,f,f,f,f,f,f,f,f,f,f,f,f,f,CORPORATE TAX EXEMPT,f,t,f,f,f,f,f,f,f,t,f,f,f,f,f,f,f,t,f,f,f,f,f,f,f,f,f,f,f,t,f,f,t,f,f,f,f,f,f,f,f,f,f,f,f,f,f,f,f,f,,,,,,,,,,,https://www.usaspending.gov/award/CONT_AWD_W15QKN21C0052_9700_-NONE-_-NONE-/,2023-07-07 10:19:38+00
CONT_AWD_W15QKN23C0029_9700_-NONE-_-NONE-,W15QKN23C0029,,,,Q: Not Designated Nonemergency/Emergency/Disaster/Wildfire Suppression,,,,,823548.06,0.00,823548.06,823548.06,2023-07-11,2023,2023-07-11,2023,2023-07-17,2024-07-16,2024-07-16 00:00:00,,2023-06-23,097,Department of Defense,2100,Department of the Army,W15QKN,W6QK ACC-RI-PICATINNY,097,Department of Defense,2100,Department of the Army,W26WXQ,W3KP HQ USARMY CRIM INVES DIV,021-2023/2023-2020-000,021-2020,25.7: Operation and maintenance of equipment,0004: ADMINISTRATION AND SERVICE-WIDE ACTIVITIES,X,NOT APPLICABLE,,,H6FRV8R74NS3,,HEXORDIA LLC,HEXORDIA LLC,,91J82,H6FRV8R74NS3,,HEXORDIA LLC,HEXORDIA LLC,USA,UNITED STATES,9262 SHORE LAWN DR,,BRIDGEPORT,36053,MADISON,36,NY,NEW YORK,130309714,NY-22,NY-22,3153165909,,USA,UNITED STATES,BRIDGEPORT,36053,MADISON,36,NY,NEW YORK,130309714,NY-22,NY-22,AWARD,D,DEFINITIVE CONTRACT,,,,,,,J,FIRM FIXED PRICE,RENEWAL AND PURCHASE OF ADDITIONAL GRAYKEY SOFTWARE LICENSES.,,1,,,7B20,IT AND TELECOM - HIGH PERFORMANCE COMPUTE (HARDWARE AND PERPETUAL LICENSE SOFTWARE),H,NOT BUNDLED,,,513210,SOFTWARE PUBLISHERS,C,NO CLAUSES INCLUDED AND NO SUSTAINABILITY INCLUDED,A,U.S. OWNED BUSINESS,000,NONE,B,COMMERCIAL PRODUCT,E,NOT REQUIRED,USA,UNITED STATES,D,MFG IN U.S.,B,PLAN NOT REQUIRED,D,FULL AND OPEN COMPETITION AFTER EXCLUSION OF SOURCES,NP,NEGOTIATED PROPOSAL/QUOTE,SBA,SMALL BUSINESS SET ASIDE - TOTAL,NONE,NO PREFERENCE USED,,,,,,,2,A,COMMERCIAL PRODUCTS/SERVICES,f,N,NO,,,X,NOT APPLICABLE,N,NO,0.00,N,NO,X,NOT APPLICABLE,X,NOT APPLICABLE,X,NOT APPLICABLE,X,NOT APPLICABLE,,,,,,,,NONE,NONE,N,NO,X,NOT APPLICABLE EXEMPT FROM CAS,N,TRANSACTION DOES NOT USE GFE/GFP,,,D,NOT CONSOLIDATED,X,NOT APPLICABLE,N,NO,Z,NOT APPLICABLE,N,NO,X,NOT APPLICABLE,f,f,f,f,f,t,t,t,t,f,f,f,f,f,f,f,f,f,f,SMALL BUSINESS,S,f,f,f,f,f,f,f,f,f,f,f,f,f,f,f,f,f,PARTNERSHIP,f,f,t,f,f,f,f,f,f,f,f,f,f,f,f,f,f,t,f,f,f,f,f,f,f,f,f,f,t,f,f,f,f,f,f,f,f,f,f,f,f,f,f,f,f,t,f,f,f,f,,,,,,,,,,,https://www.usaspending.gov/award/CONT_AWD_W15QKN23C0029_9700_-NONE-_-NONE-/,2023-07-11 15:18:12+00
CONT_AWD_W31P4Q19C0016_9700_-NONE-_-NONE-,W31P4Q19C0016,,,,,,,,,999945.36,0.00,999945.36,999945.36,2018-11-09,2019,2023-07-07,2023,2018-11-09,2023-11-07,2023-11-07 12:11:00,,2017-06-21,097,Department of Defense,2100,Department of the Army,W31P4Q,W6QK ACC-RSA,097,Department of Defense,2100,Department of the Army,W90BWX,W1DF CCDC AV MISSILE CENTER,021-2018/2019-2040-000;021-2019/2020-2040-000,021-2040,25.5: Research and development contracts,,X,NOT APPLICABLE,,,JL9DW4GMNJ53,,MAXENTRIC TECHNOLOGIES LLC,"MAXENTRIC TECHNOLOGIES, LLC",,3SYV8,JL9DW4GMNJ53,,MAXENTRIC TECHNOLOGIES LLC,MAXENTRIC TECHNOLOGIES  LLC,USA,UNITED STATES,2071 LEMOINE AVE STE 302,,FORT LEE,34003,BERGEN,34,NJ,NEW JERSEY,070246006,NJ-05,NJ-05,2012429805,2012424414,USA,UNITED STATES,FORT LEE,34003,BERGEN,34,NJ,NEW JERSEY,070246006,NJ-05,NJ-05,AWARD,D,DEFINITIVE CONTRACT,,,,,,,U,COST PLUS FIXED FEE,"ARMY SMALL BUSINESS INNOVATION RESEARCH (SBIR) PHASE II EFFORT FOR STATEMENT OF WORK ENTITLED, ""EXTREMELY HIGH FREQUENCY RAIL-BASED SYNTHETIC APERTURE RADAR""",,1,OT,OTHER FUNCTIONS,AD92,R&D- DEFENSE OTHER: OTHER (APPLIED RESEARCH/EXPLORATORY DEVELOPMENT),H,NOT BUNDLED,A2,MISSILE AND SPACE SYSTEMS,541715,"RESEARCH AND DEVELOPMENT IN THE PHYSICAL, ENGINEERING, AND LIFE SCIENCES (EXCEPT NANOTECHNOLOGY AND BIOTECHNOLOGY)",C,NO CLAUSES INCLUDED AND NO SUSTAINABILITY INCLUDED,A,U.S. OWNED BUSINESS,000,NONE,Z,NOT IT PRODUCTS OR SERVICES,E,NOT REQUIRED,USA,UNITED STATES,C,NOT A MANUFACTURED END PRODUCT,B,PLAN NOT REQUIRED,D,FULL AND OPEN COMPETITION AFTER EXCLUSION OF SOURCES,NP,NEGOTIATED PROPOSAL/QUOTE,SBA,SMALL BUSINESS SET ASIDE - TOTAL,NONE,NO PREFERENCE USED,SR2,SMALL BUSINESS INNOVATION RESEARCH PROGRAM PHASE II ACTION,,,,,2,D,COMMERCIAL PRODUCTS/SERVICES PROCEDURES NOT USED,f,N,NO,N,NO,X,NOT APPLICABLE,N,NO,0.00,N,NO,X,NOT APPLICABLE,X,NOT APPLICABLE,X,NOT APPLICABLE,X,NOT APPLICABLE,,,,,,,,NONE,NONE,N,NO,X,NOT APPLICABLE EXEMPT FROM CAS,N,TRANSACTION DOES NOT USE GFE/GFP,N,NO,D,NOT CONSOLIDATED,N,NO - SERVICE WHERE PBA IS NOT USED.,N,NO,Z,NOT APPLICABLE,N,NO,X,NOT APPLICABLE,f,f,f,f,f,f,f,f,f,f,f,f,f,f,f,f,f,f,f,SMALL BUSINESS,S,f,f,f,f,f,f,f,f,f,f,f,f,f,f,f,f,f,CORPORATE NOT TAX EXEMPT,t,f,f,f,f,f,f,f,f,f,f,f,f,f,f,f,f,t,f,f,f,f,f,f,f,f,t,f,t,f,f,f,f,f,f,f,f,f,f,f,f,f,f,f,f,f,f,f,f,f,,,,,,,,,,,https://www.usaspending.gov/award/CONT_AWD_W31P4Q19C0016_9700_-NONE-_-NONE-/,2023-07-07 08:44:38+00
CONT_AWD_W31P4Q22C0063_9700_-NONE-_-NONE-,W31P4Q22C0063,,,,,,,,,9519787.73,,9519787.73,9519787.73,2022-09-29,2022,2023-07-06,2023,2022-09-29,2023-09-30,2023-09-30 12:09:00,,2022-06-16,097,Department of Defense,2100,Department of the Army,W31P4Q,W6QK ACC-RSA,097,Department of Defense,2100,Department of the Army,W81TXD,W6DV PEO M & S REDSTONE,,,,,A,FOREIGN FUNDS FMS,,,DJUCEANK2KP4,,NORTHROP GRUMMAN SYSTEMS CORPORATION,NORTHROP GRUMMAN SYSTEMS CORPORATION,,5FVX5,NKVZLJL93QT6,,NORTHROP GRUMMAN CORPORATION,NORTHROP GRUMMAN SYSTEMS CORPORATION,USA,UNITED STATES,7575 COLSHIRE DR,,MCLEAN,51059,FAIRFAX,51,VA,VIRGINIA,221027508,VA-11,VA-11,7037134096,7037134955,USA,UNITED STATES,MCLEAN,51059,FAIRFAX,51,VA,VIRGINIA,221027508,VA-11,VA-11,AWARD,D,DEFINITIVE CONTRACT,,,,,,,J,FIRM FIXED PRICE,"TO PROVIDE HARDWARE AND TRAINING MATERIALS AND TECHNICAL MANUALS, AND TO CONDUCT TRAINING TO INTEGRATE ESTONIA, LATVIA, AND LITHUANIA INTO THE NATO ARCHITECTURE FOR THEIR (C-UAS) IN SUPPORT OF THEIR HOMELAND DEFENSE.",W31P4Q22R0043,1,OT,OTHER FUNCTIONS,R425,SUPPORT- PROFESSIONAL: ENGINEERING/TECHNICAL,H,NOT BUNDLED,C9E,ALL OTHERS NOT IDENTIFIABLE TO ANY OTHER PROCUREMENT PROGRAM,541330,ENGINEERING SERVICES,C,NO CLAUSES INCLUDED AND NO SUSTAINABILITY INCLUDED,A,U.S. OWNED BUSINESS,000,NONE,Z,NOT IT PRODUCTS OR SERVICES,E,NOT REQUIRED,USA,UNITED STATES,C,NOT A MANUFACTURED END PRODUCT,F,INDIVIDUAL SUBCONTRACT PLAN,C,NOT COMPETED,SSS,ONLY ONE SOURCE,NONE,NO SET ASIDE USED.,NONE,NO PREFERENCE USED,,,,,ONE,ONLY ONE SOURCE-OTHER (FAR 6.302-1 OTHER),1,D,COMMERCIAL PRODUCTS/SERVICES PROCEDURES NOT USED,f,N,NO,N,NO,Y,YES,N,NO,0.00,N,NO,N,NO,N,NO,N,NO,X,NOT APPLICABLE,,,,,,,,NONE,NONE,Y,YES,Y,YES - CAS CLAUSE INCLUDED,N,TRANSACTION DOES NOT USE GFE/GFP,N,NO,D,NOT CONSOLIDATED,N,NO - SERVICE WHERE PBA IS NOT USED.,N,NO,Z,NOT APPLICABLE,N,NO,X,NOT APPLICABLE,f,f,f,f,f,f,f,f,f,f,f,f,f,f,f,f,f,f,f,OTHER THAN SMALL BUSINESS,O,f,f,f,f,f,f,f,f,f,f,f,f,f,f,f,f,f,CORPORATE NOT TAX EXEMPT,t,f,f,f,f,f,f,f,f,f,f,f,t,f,f,f,f,t,f,f,f,f,f,f,f,f,f,f,t,f,f,f,f,f,f,f,f,f,f,f,f,f,f,f,f,f,f,f,f,f,,,,,,,,,,,https://www.usaspending.gov/award/CONT_AWD_W31P4Q22C0063_9700_-NONE-_-NONE-/,2023-07-06 10:20:00+00
CONT_AWD_W50S6K22C0001_9700_-NONE-_-NONE-,W50S6K22C0001,,,,Q: Not Designated Nonemergency/Emergency/Disaster/Wildfire Suppression,,,,,101036.00,101036.00,101036.00,101036.00,2022-09-23,2022,2023-07-14,2023,2022-09-23,2023-09-15,2023-09-15 00:00:00,,2022-08-08,097,Department of Defense,2100,Department of the Army,W50S6K,W7MU USPFO ACTIVITY AKANG 168,097,Department of Defense,5700,Department of the Air Force,F6R0W1,WING,057-2022/2022-3840-000,057-3840,32.0: Land and structures,0001: OPERATING FORCES,X,NOT APPLICABLE,,,VFFZN7BUVVX2,,ALCAN BUILDERS INCORPORATED,ALCAN BUILDERS INCORPORATED,,0GMU1,VFFZN7BUVVX2,,ALCAN BUILDERS INCORPORATED,ALCAN BUILDERS INCORPORATED,USA,UNITED STATES,3009 INTERNATIONAL ST,,FAIRBANKS,02090,FAIRBANKS NORTH STAR,02,AK,ALASKA,997017309,AK-00,AK-00,9074561383,9074524378,USA,UNITED STATES,EIELSON AFB,02090,FAIRBANKS NORTH STAR,02,AK,ALASKA,997022004,AK-00,AK-00,AWARD,D,DEFINITIVE CONTRACT,,,,,,,J,FIRM FIXED PRICE,REPLACE MAINTENANCE HANGAR WINDOWS AND OPERATIONS FACILITY DOORS.,W50S6K22Q0005,1,OT,OTHER FUNCTIONS,Y1JZ,CONSTRUCTION OF MISCELLANEOUS BUILDINGS,H,NOT BUNDLED,C2,CONSTRUCTION,236220,COMMERCIAL AND INSTITUTIONAL BUILDING CONSTRUCTION,C,NO CLAUSES INCLUDED AND NO SUSTAINABILITY INCLUDED,A,U.S. OWNED BUSINESS,000,NONE,Z,NOT IT PRODUCTS OR SERVICES,E,NOT REQUIRED,USA,UNITED STATES,C,NOT A MANUFACTURED END PRODUCT,B,PLAN NOT REQUIRED,F,COMPETED UNDER SAP,SP1,SIMPLIFIED ACQUISITION,SBA,SMALL BUSINESS SET ASIDE - TOTAL,NONE,NO PREFERENCE USED,,,,,,,1,D,COMMERCIAL PRODUCTS/SERVICES PROCEDURES NOT USED,f,N,NO,N,NO,Y,YES,N,NO,0.00,N,NO,X,NOT APPLICABLE,X,NOT APPLICABLE,Y,YES,X,NOT APPLICABLE,,,,,,,,NONE,NONE,N,NO,X,NOT APPLICABLE EXEMPT FROM CAS,N,TRANSACTION DOES NOT USE GFE/GFP,N,NO,D,NOT CONSOLIDATED,Y,YES - SERVICE WHERE PBA IS USED.,N,NO,Z,NOT APPLICABLE,N,NO,X,NOT APPLICABLE,f,f,f,f,f,f,f,f,f,f,f,f,f,f,f,f,f,f,f,SMALL BUSINESS,S,f,f,f,f,f,f,f,f,f,f,f,f,f,f,f,f,f,CORPORATE NOT TAX EXEMPT,t,f,f,f,f,f,f,f,f,f,f,f,f,f,f,f,f,t,f,f,f,f,f,f,f,t,f,f,t,f,f,f,f,f,f,f,f,f,f,f,f,f,f,f,f,f,f,f,f,f,,,,,,,,,,,https://www.usaspending.gov/award/CONT_AWD_W50S6K22C0001_9700_-NONE-_-NONE-/,2023-07-14 18:13:38+00
CONT_AWD_W50S7H22C0001_9700_-NONE-_-NONE-,W50S7H22C0001,,,,Q: Not Designated Nonemergency/Emergency/Disaster/Wildfire Suppression,,,,,319297.00,207975.00,319297.00,319297.00,2022-08-11,2022,2023-07-06,2023,2022-08-18,2023-08-28,2023-08-28 00:00:00,,2022-06-03,097,Department of Defense,2100,Department of the Army,W50S7H,W7NH USPFO ACTIVITY MSANG 172,097,Department of Defense,5700,Department of the Air Force,F7G3C1,172ND CES DE,057-2022/2022-3840-000,057-3840,32.0: Land and structures,0001: OPERATING FORCES,X,NOT APPLICABLE,,,NJL1GJVHAJM7,,GULF COAST SOLUTIONS LLC,"GULF COAST SOLUTIONS, LLC",,7K7N7,NJL1GJVHAJM7,,GULF COAST SOLUTIONS LLC,GULF COAST SOLUTIONS  LLC,USA,UNITED STATES,12300 BIG CREEK RD,,GULFPORT,28047,HARRISON,28,MS,MISSISSIPPI,395037306,MS-04,MS-04,2282349510,,USA,UNITED STATES,FLOWOOD,28121,RANKIN,28,MS,MISSISSIPPI,392328881,MS-03,MS-03,AWARD,D,DEFINITIVE CONTRACT,,,,,,,J,FIRM FIXED PRICE,LRXQ212506 REPAIR DDC SOFTWARE,W50S7H22R0001,1,OT,OTHER FUNCTIONS,Y1AA,CONSTRUCTION OF OFFICE BUILDINGS,H,NOT BUNDLED,C2,CONSTRUCTION,236220,COMMERCIAL AND INSTITUTIONAL BUILDING CONSTRUCTION,C,NO CLAUSES INCLUDED AND NO SUSTAINABILITY INCLUDED,A,U.S. OWNED BUSINESS,000,NONE,Z,NOT IT PRODUCTS OR SERVICES,E,NOT REQUIRED,USA,UNITED STATES,C,NOT A MANUFACTURED END PRODUCT,B,PLAN NOT REQUIRED,B,NOT AVAILABLE FOR COMPETITION,SSS,ONLY ONE SOURCE,8AN,8(A) SOLE SOURCE,NONE,NO PREFERENCE USED,,,,,OTH,AUTHORIZED BY STATUTE (FAR 6.302-5(A)(2)(I)),1,D,COMMERCIAL PRODUCTS/SERVICES PROCEDURES NOT USED,f,N,NO,N,NO,Y,YES,N,NO,0.00,N,NO,X,NOT APPLICABLE,X,NOT APPLICABLE,Y,YES,X,NOT APPLICABLE,,,,,,,,NONE,NONE,N,NO,X,NOT APPLICABLE EXEMPT FROM CAS,N,TRANSACTION DOES NOT USE GFE/GFP,N,NO,D,NOT CONSOLIDATED,N,NO - SERVICE WHERE PBA IS NOT USED.,N,NO,Z,NOT APPLICABLE,N,NO,X,NOT APPLICABLE,f,f,f,f,f,f,f,t,t,t,f,f,t,f,f,f,t,f,f,SMALL BUSINESS,S,f,f,f,f,f,f,f,f,f,f,f,f,f,f,f,f,f,SOLE PROPRIETORSHIP,f,f,f,t,f,f,f,f,f,f,f,f,f,f,f,f,f,t,f,f,f,f,f,f,f,f,t,f,t,f,f,f,f,f,f,f,f,f,f,f,f,f,f,f,t,t,f,t,f,f,,,,,,,,,,,https://www.usaspending.gov/award/CONT_AWD_W50S7H22C0001_9700_-NONE-_-NONE-/,2024-09-27 11:04:22+00
CONT_AWD_W50S8N22C0002_9700_-NONE-_-NONE-,W50S8N22C0002,,,,Q: Not Designated Nonemergency/Emergency/Disaster/Wildfire Suppression,,,,,708560.00,587799.00,708560.00,708560.00,2022-09-27,2022,2023-07-06,2023,2022-09-27,2023-09-14,2023-09-14 00:00:00,,2022-06-19,097,Department of Defense,2100,Department of the Army,W50S8N,W7NR USPFO ACTIVITY NYANG 174,097,Department of Defense,5700,Department of the Air Force,F9G3CE,F9G3CE 174 ATKW CES,097-X-4930-005,097-4930,32.0: Land and structures,0801: REIMBURSABLE,X,NOT APPLICABLE,,,HS24M3JAGVU5,,DMYLES INC.,DMYLES INC,,723U0,HS24M3JAGVU5,,DMYLES INC.,DMYLES INC.,USA,UNITED STATES,1901 CONNECTICUT AVE,,NIAGARA FALLS,36063,NIAGARA,36,NY,NEW YORK,143052107,NY-26,NY-26,7169090718,,USA,UNITED STATES,SYRACUSE,36067,ONONDAGA,36,NY,NEW YORK,132117099,NY-22,NY-22,AWARD,D,DEFINITIVE CONTRACT,,,,,,,J,FIRM FIXED PRICE,BASE FUEL STATION,,1,OT,OTHER FUNCTIONS,Y1PZ,CONSTRUCTION OF OTHER NON-BUILDING FACILITIES,H,NOT BUNDLED,C2,CONSTRUCTION,237120,OIL AND GAS PIPELINE AND RELATED STRUCTURES CONSTRUCTION,C,NO CLAUSES INCLUDED AND NO SUSTAINABILITY INCLUDED,A,U.S. OWNED BUSINESS,000,NONE,Z,NOT IT PRODUCTS OR SERVICES,E,NOT REQUIRED,USA,UNITED STATES,C,NOT A MANUFACTURED END PRODUCT,B,PLAN NOT REQUIRED,B,NOT AVAILABLE FOR COMPETITION,SSS,ONLY ONE SOURCE,8AN,8(A) SOLE SOURCE,NONE,NO PREFERENCE USED,,,,,OTH,AUTHORIZED BY STATUTE (FAR 6.302-5(A)(2)(I)),1,D,COMMERCIAL PRODUCTS/SERVICES PROCEDURES NOT USED,f,N,NO,N,NO,X,NOT APPLICABLE,N,NO,0.00,N,NO,X,NOT APPLICABLE,X,NOT APPLICABLE,Y,YES,X,NOT APPLICABLE,,,,,,,,NONE,NONE,N,NO,X,NOT APPLICABLE EXEMPT FROM CAS,N,TRANSACTION DOES NOT USE GFE/GFP,N,NO,D,NOT CONSOLIDATED,N,NO - SERVICE WHERE PBA IS NOT USED.,N,NO,Z,NOT APPLICABLE,N,NO,X,NOT APPLICABLE,f,f,f,f,f,t,t,f,f,f,f,f,t,f,f,t,f,f,f,SMALL BUSINESS,S,f,f,f,f,f,f,f,f,f,f,f,f,f,f,f,f,f,CORPORATE NOT TAX EXEMPT,t,f,f,f,f,f,f,f,f,f,f,f,f,f,f,f,f,t,f,f,f,f,f,f,f,t,f,f,t,f,f,f,f,f,f,f,f,f,f,f,f,f,f,f,f,t,f,t,f,f,,,,,,,,,,,https://www.usaspending.gov/award/CONT_AWD_W50S8N22C0002_9700_-NONE-_-NONE-/,2024-09-27 11:04:22+00
CONT_AWD_W5170123C0146_9700_-NONE-_-NONE-,W5170123C0146,,,,,,,,,149566.02,,149566.02,149566.02,2023-07-11,2023,2023-07-11,2023,2023-08-15,2023-11-15,2023-11-15 00:00:00,,2023-07-07,097,Department of Defense,2100,Department of the Army,W51701,W27P USA ACQ SPT CTR,097,Department of Defense,2100,Department of the Army,W51701,W27P USA ACQ SPT CTR,,,,,X,NOT APPLICABLE,,,SY9CU9KDZDH9,,"YRIKKA, INC.","YRIKKA, INC.",,97Y38,SY9CU9KDZDH9,,"YRIKKA, INC.",YRIKKA  INC.,USA,UNITED STATES,640 WALKER CIR,,IOWA CITY,19103,JOHNSON,19,IA,IOWA,522454707,IA-02,IA-01,5639404566,,USA,UNITED STATES,IOWA CITY,19103,JOHNSON,19,IA,IOWA,522454707,IA-01,IA-01,AWARD,D,DEFINITIVE CONTRACT,,,,,,,J,FIRM FIXED PRICE,"ARMY TOPIC A234-007, ARTIFICIAL INTELLIGENCE/MACHINE LEARNING OPEN TOPIC (PHASE I)",HQ003423R0039,1,OT,OTHER FUNCTIONS,AC12,NATIONAL DEFENSE R&D SERVICES; DEPARTMENT OF DEFENSE - MILITARY; APPLIED RESEARCH,H,NOT BUNDLED,,,541715,"RESEARCH AND DEVELOPMENT IN THE PHYSICAL, ENGINEERING, AND LIFE SCIENCES (EXCEPT NANOTECHNOLOGY AND BIOTECHNOLOGY)",C,NO CLAUSES INCLUDED AND NO SUSTAINABILITY INCLUDED,A,U.S. OWNED BUSINESS,000,NONE,Z,NOT IT PRODUCTS OR SERVICES,E,NOT REQUIRED,USA,UNITED STATES,C,NOT A MANUFACTURED END PRODUCT,B,PLAN NOT REQUIRED,D,FULL AND OPEN COMPETITION AFTER EXCLUSION OF SOURCES,NP,NEGOTIATED PROPOSAL/QUOTE,SBA,SMALL BUSINESS SET ASIDE - TOTAL,NONE,NO PREFERENCE USED,SR1,SMALL BUSINESS INNOVATION RESEARCH PROGRAM PHASE I ACTION,,,,,424,D,COMMERCIAL PRODUCTS/SERVICES PROCEDURES NOT USED,f,N,NO,,,Y,YES,N,NO,0.00,N,NO,X,NOT APPLICABLE,X,NOT APPLICABLE,X,NOT APPLICABLE,X,NOT APPLICABLE,,,,,,,,NONE,NONE,N,NO,X,NOT APPLICABLE EXEMPT FROM CAS,N,TRANSACTION DOES NOT USE GFE/GFP,,,D,NOT CONSOLIDATED,N,NO - SERVICE WHERE PBA IS NOT USED.,N,NO,Z,NOT APPLICABLE,N,NO,X,NOT APPLICABLE,f,f,f,f,f,f,f,f,f,f,f,f,t,f,f,f,f,f,t,SMALL BUSINESS,S,f,f,f,f,f,f,f,f,f,f,f,f,f,f,f,f,f,CORPORATE NOT TAX EXEMPT,t,f,f,f,f,f,f,f,f,f,f,f,f,f,f,f,f,t,f,f,f,f,f,f,f,f,f,f,t,f,f,f,f,f,f,f,f,f,f,f,f,f,f,f,f,f,f,f,f,f,,,,,,,,,,,https://www.usaspending.gov/award/CONT_AWD_W5170123C0146_9700_-NONE-_-NONE-/,2023-12-27 13:39:37+00
CONT_AWD_W5170123C0160_9700_-NONE-_-NONE-,W5170123C0160,,,,,,,,,149669.74,,149669.74,149669.74,2023-07-12,2023,2023-07-12,2023,2023-08-15,2023-11-15,2023-11-15 00:00:00,,2023-07-07,097,Department of Defense,2100,Department of the Army,W51701,W27P USA ACQ SPT CTR,097,Department of Defense,2100,Department of the Army,W51701,W27P USA ACQ SPT CTR,,,,,X,NOT APPLICABLE,,,TW4JNRLD9949,,BRIGHT APPS LLC,BRIGHT APPS LLC,,8BFU9,TW4JNRLD9949,,BRIGHT APPS LLC,BRIGHT APPS LLC,USA,UNITED STATES,2700 CHERRY LN,,WALNUT CREEK,06013,CONTRA COSTA,06,CA,CALIFORNIA,945972111,CA-11,CA-10,9258647746,,USA,UNITED STATES,WALNUT CREEK,06013,CONTRA COSTA,06,CA,CALIFORNIA,945972111,CA-10,CA-10,AWARD,D,DEFINITIVE CONTRACT,,,,,,,J,FIRM FIXED PRICE,"ARMY TOPIC A234-007, ARTIFICIAL INTELLIGENCE/MACHINE LEARNING OPEN TOPIC (PHASE I)",HQ003423R0039,1,OT,OTHER FUNCTIONS,AC12,NATIONAL DEFENSE R&D SERVICES; DEPARTMENT OF DEFENSE - MILITARY; APPLIED RESEARCH,H,NOT BUNDLED,,,541715,"RESEARCH AND DEVELOPMENT IN THE PHYSICAL, ENGINEERING, AND LIFE SCIENCES (EXCEPT NANOTECHNOLOGY AND BIOTECHNOLOGY)",C,NO CLAUSES INCLUDED AND NO SUSTAINABILITY INCLUDED,A,U.S. OWNED BUSINESS,000,NONE,Z,NOT IT PRODUCTS OR SERVICES,E,NOT REQUIRED,USA,UNITED STATES,C,NOT A MANUFACTURED END PRODUCT,B,PLAN NOT REQUIRED,D,FULL AND OPEN COMPETITION AFTER EXCLUSION OF SOURCES,NP,NEGOTIATED PROPOSAL/QUOTE,SBA,SMALL BUSINESS SET ASIDE - TOTAL,NONE,NO PREFERENCE USED,SR1,SMALL BUSINESS INNOVATION RESEARCH PROGRAM PHASE I ACTION,,,,,424,D,COMMERCIAL PRODUCTS/SERVICES PROCEDURES NOT USED,f,N,NO,,,Y,YES,N,NO,0.00,N,NO,X,NOT APPLICABLE,X,NOT APPLICABLE,X,NOT APPLICABLE,X,NOT APPLICABLE,,,,,,,,NONE,NONE,N,NO,X,NOT APPLICABLE EXEMPT FROM CAS,N,TRANSACTION DOES NOT USE GFE/GFP,,,D,NOT CONSOLIDATED,N,NO - SERVICE WHERE PBA IS NOT USED.,N,NO,Z,NOT APPLICABLE,N,NO,X,NOT APPLICABLE,f,f,f,f,f,f,f,f,f,f,f,f,f,f,f,f,f,f,f,SMALL BUSINESS,S,f,f,f,f,f,f,f,f,f,f,f,f,f,f,f,f,f,PARTNERSHIP,f,f,t,f,f,f,f,f,f,f,f,f,f,f,f,f,f,t,f,f,f,f,f,f,f,f,t,f,t,f,f,f,f,f,f,f,f,f,f,f,f,f,f,f,f,t,f,f,f,f,,,,,,,,,,,https://www.usaspending.gov/award/CONT_AWD_W5170123C0160_9700_-NONE-_-NONE-/,2024-02-12 16:23:16+00
CONT_AWD_W5170123C0161_9700_-NONE-_-NONE-,W5170123C0161,,,,,,,,,145006.40,,145006.40,145006.40,2023-07-11,2023,2023-07-11,2023,2023-08-15,2023-11-15,2023-11-15 00:00:00,,2023-07-07,097,Department of Defense,2100,Department of the Army,W51701,W27P USA ACQ SPT CTR,097,Department of Defense,2100,Department of the Army,W51701,W27P USA ACQ SPT CTR,,,,,X,NOT APPLICABLE,,,J94UZKWFP8H2,,HYPERBLOX INC,HYPERBLOX INC,,9BWM0,J94UZKWFP8H2,,HYPERBLOX INC,HYPERBLOX INC,USA,UNITED STATES,71 SPIT BROOK RD,STE 309,NASHUA,33011,HILLSBOROUGH,33,NH,NEW HAMPSHIRE,030605641,NH-02,NH-02,6307010921,,USA,UNITED STATES,NASHUA,33011,HILLSBOROUGH,33,NH,NEW HAMPSHIRE,030605641,NH-02,NH-02,AWARD,D,DEFINITIVE CONTRACT,,,,,,,J,FIRM FIXED PRICE,"ARMY TOPIC A234-007, ARTIFICIAL INTELLIGENCE/MACHINE LEARNING OPEN TOPIC (PHASE I)",HQ003423R0039,1,OT,OTHER FUNCTIONS,AC12,NATIONAL DEFENSE R&D SERVICES; DEPARTMENT OF DEFENSE - MILITARY; APPLIED RESEARCH,H,NOT BUNDLED,,,541715,"RESEARCH AND DEVELOPMENT IN THE PHYSICAL, ENGINEERING, AND LIFE SCIENCES (EXCEPT NANOTECHNOLOGY AND BIOTECHNOLOGY)",C,NO CLAUSES INCLUDED AND NO SUSTAINABILITY INCLUDED,A,U.S. OWNED BUSINESS,000,NONE,Z,NOT IT PRODUCTS OR SERVICES,E,NOT REQUIRED,USA,UNITED STATES,C,NOT A MANUFACTURED END PRODUCT,B,PLAN NOT REQUIRED,D,FULL AND OPEN COMPETITION AFTER EXCLUSION OF SOURCES,NP,NEGOTIATED PROPOSAL/QUOTE,SBA,SMALL BUSINESS SET ASIDE - TOTAL,NONE,NO PREFERENCE USED,SR1,SMALL BUSINESS INNOVATION RESEARCH PROGRAM PHASE I ACTION,,,,,424,D,COMMERCIAL PRODUCTS/SERVICES PROCEDURES NOT USED,f,N,NO,,,Y,YES,N,NO,0.00,N,NO,X,NOT APPLICABLE,X,NOT APPLICABLE,X,NOT APPLICABLE,X,NOT APPLICABLE,,,,,,,,NONE,NONE,N,NO,X,NOT APPLICABLE EXEMPT FROM CAS,N,TRANSACTION DOES NOT USE GFE/GFP,,,D,NOT CONSOLIDATED,N,NO - SERVICE WHERE PBA IS NOT USED.,N,NO,Z,NOT APPLICABLE,N,NO,X,NOT APPLICABLE,f,f,f,f,f,f,f,f,f,f,f,f,f,f,f,f,f,f,f,SMALL BUSINESS,S,f,f,f,f,f,f,f,f,f,f,f,f,f,f,f,f,f,CORPORATE NOT TAX EXEMPT,t,f,f,f,f,f,f,f,f,f,f,f,f,f,f,f,f,t,f,f,f,f,f,f,f,f,f,f,t,f,f,f,f,f,f,f,f,f,f,f,f,f,f,f,f,f,f,f,f,f,,,,,,,,,,,https://www.usaspending.gov/award/CONT_AWD_W5170123C0161_9700_-NONE-_-NONE-/,2024-01-04 17:13:43+00
CONT_AWD_W5170123C0173_9700_-NONE-_-NONE-,W5170123C0173,,,,,,,,,98671.54,,98671.54,98671.54,2023-07-14,2023,2023-07-14,2023,2023-08-15,2023-11-15,2023-11-15 00:00:00,,2023-07-07,097,Department of Defense,2100,Department of the Army,W51701,W27P USA ACQ SPT CTR,097,Department of Defense,2100,Department of the Army,W51701,W27P USA ACQ SPT CTR,,,,,X,NOT APPLICABLE,,,W1XGW9YPELM6,,"THERMOANALYTICS, INC.","THERMOANALYTICS, INC.",,06NK7,W1XGW9YPELM6,,"THERMOANALYTICS, INC.",THERMOANALYTICS  INC.,USA,UNITED STATES,23440 AIRPARK BLVD,,CALUMET,26061,HOUGHTON,26,MI,MICHIGAN,499139233,MI-01,MI-01,9064829560,9064829755,USA,UNITED STATES,CALUMET,26061,HOUGHTON,26,MI,MICHIGAN,499139233,MI-01,MI-01,AWARD,D,DEFINITIVE CONTRACT,,,,,,,J,FIRM FIXED PRICE,"ARMY TOPIC A234-007, ARTIFICIAL INTELLIGENCE/MACHINE LEARNING OPEN TOPIC (PHASE I)",HQ003423R0039,1,OT,OTHER FUNCTIONS,AC12,NATIONAL DEFENSE R&D SERVICES; DEPARTMENT OF DEFENSE - MILITARY; APPLIED RESEARCH,H,NOT BUNDLED,,,541715,"RESEARCH AND DEVELOPMENT IN THE PHYSICAL, ENGINEERING, AND LIFE SCIENCES (EXCEPT NANOTECHNOLOGY AND BIOTECHNOLOGY)",C,NO CLAUSES INCLUDED AND NO SUSTAINABILITY INCLUDED,A,U.S. OWNED BUSINESS,000,NONE,Z,NOT IT PRODUCTS OR SERVICES,E,NOT REQUIRED,USA,UNITED STATES,C,NOT A MANUFACTURED END PRODUCT,B,PLAN NOT REQUIRED,D,FULL AND OPEN COMPETITION AFTER EXCLUSION OF SOURCES,NP,NEGOTIATED PROPOSAL/QUOTE,SBA,SMALL BUSINESS SET ASIDE - TOTAL,NONE,NO PREFERENCE USED,SR1,SMALL BUSINESS INNOVATION RESEARCH PROGRAM PHASE I ACTION,,,,,424,D,COMMERCIAL PRODUCTS/SERVICES PROCEDURES NOT USED,f,N,NO,,,Y,YES,N,NO,0.00,N,NO,X,NOT APPLICABLE,X,NOT APPLICABLE,X,NOT APPLICABLE,X,NOT APPLICABLE,,,,,,,,NONE,NONE,N,NO,X,NOT APPLICABLE EXEMPT FROM CAS,N,TRANSACTION DOES NOT USE GFE/GFP,,,D,NOT CONSOLIDATED,N,NO - SERVICE WHERE PBA IS NOT USED.,N,NO,Z,NOT APPLICABLE,N,NO,X,NOT APPLICABLE,f,f,f,f,f,f,f,f,f,f,f,f,f,f,f,f,f,f,f,SMALL BUSINESS,S,f,f,f,f,f,f,f,f,f,f,f,f,f,f,f,f,f,CORPORATE NOT TAX EXEMPT,t,f,f,f,f,f,f,f,f,f,f,f,f,f,f,f,f,t,f,f,f,f,f,f,f,t,f,f,t,f,f,f,f,f,f,f,f,f,f,f,f,f,f,f,f,f,f,f,f,f,,,,,,,,,,,https://www.usaspending.gov/award/CONT_AWD_W5170123C0173_9700_-NONE-_-NONE-/,2024-01-04 17:13:42+00
CONT_AWD_W5170123C0175_9700_-NONE-_-NONE-,W5170123C0175,,,,,,,,,149104.54,,149104.54,149104.54,2023-07-11,2023,2023-07-11,2023,2023-08-15,2023-11-15,2023-11-15 00:00:00,,2023-07-07,097,Department of Defense,2100,Department of the Army,W51701,W27P USA ACQ SPT CTR,097,Department of Defense,2100,Department of the Army,W51701,W27P USA ACQ SPT CTR,,,,,X,NOT APPLICABLE,,,SAB5XACK9258,,SHERPA 6 INC,"SHERPA 6, INC.",,80H10,SAB5XACK9258,,SHERPA 6 INC,SHERPA 6  INC.,USA,UNITED STATES,10822 W TOLLER DR STE 180,,LITTLETON,08059,JEFFERSON,08,CO,COLORADO,801276328,CO-01,CO-06,7032608188,,USA,UNITED STATES,LITTLETON,08059,JEFFERSON,08,CO,COLORADO,801276328,CO-06,CO-06,AWARD,D,DEFINITIVE CONTRACT,,,,,,,J,FIRM FIXED PRICE,"ARMY TOPIC A234-007, ARTIFICIAL INTELLIGENCE/MACHINE LEARNING OPEN TOPIC (PHASE I)",HQ003423R0039,1,OT,OTHER FUNCTIONS,AC12,NATIONAL DEFENSE R&D SERVICES; DEPARTMENT OF DEFENSE - MILITARY; APPLIED RESEARCH,H,NOT BUNDLED,,,541715,"RESEARCH AND DEVELOPMENT IN THE PHYSICAL, ENGINEERING, AND LIFE SCIENCES (EXCEPT NANOTECHNOLOGY AND BIOTECHNOLOGY)",C,NO CLAUSES INCLUDED AND NO SUSTAINABILITY INCLUDED,A,U.S. OWNED BUSINESS,000,NONE,Z,NOT IT PRODUCTS OR SERVICES,E,NOT REQUIRED,USA,UNITED STATES,C,NOT A MANUFACTURED END PRODUCT,B,PLAN NOT REQUIRED,D,FULL AND OPEN COMPETITION AFTER EXCLUSION OF SOURCES,NP,NEGOTIATED PROPOSAL/QUOTE,SBA,SMALL BUSINESS SET ASIDE - TOTAL,NONE,NO PREFERENCE USED,SR1,SMALL BUSINESS INNOVATION RESEARCH PROGRAM PHASE I ACTION,,,,,424,D,COMMERCIAL PRODUCTS/SERVICES PROCEDURES NOT USED,f,N,NO,,,Y,YES,N,NO,0.00,N,NO,X,NOT APPLICABLE,X,NOT APPLICABLE,X,NOT APPLICABLE,X,NOT APPLICABLE,,,,,,,,NONE,NONE,N,NO,X,NOT APPLICABLE EXEMPT FROM CAS,N,TRANSACTION DOES NOT USE GFE/GFP,,,D,NOT CONSOLIDATED,N,NO - SERVICE WHERE PBA IS NOT USED.,N,NO,Z,NOT APPLICABLE,N,NO,X,NOT APPLICABLE,f,f,f,f,f,t,t,f,f,f,f,f,t,f,f,t,f,f,f,SMALL BUSINESS,S,f,f,f,f,f,f,f,f,f,f,f,f,f,f,f,f,f,CORPORATE NOT TAX EXEMPT,t,f,f,f,f,f,f,f,f,f,f,f,f,f,f,f,f,t,f,f,f,f,f,f,f,f,f,f,t,f,f,f,f,f,f,f,f,f,f,f,f,f,f,f,f,f,f,f,f,f,JOSEPH E DAMES,365800.00,STUART M ABRAHAMSON,361700.00,JEREMY D MYRTLE,361700.00,JAMES M HAMILTON,308910.00,VINCENT M PUGLIESE,255890.00,https://www.usaspending.gov/award/CONT_AWD_W5170123C0175_9700_-NONE-_-NONE-/,2024-01-10 09:10:32+00
CONT_AWD_W519TC23C2007_9700_-NONE-_-NONE-,W519TC23C2007,,,,Q: Not Designated Nonemergency/Emergency/Disaster/Wildfire Suppression,,,,,646512.29,0.00,646512.29,646512.29,2023-04-06,2023,2023-07-06,2023,2023-03-29,2024-02-21,2024-02-21 00:00:00,,,097,Department of Defense,2100,Department of the Army,W519TC,W6QK ACC-RI,097,Department of Defense,2100,Department of the Army,W31G1Z,W0L7 ANNISTON MUNITIONS CENTER,097-X-4930-001,097-4930,26.0: Supplies and materials,0801: REIMBURSABLE,X,NOT APPLICABLE,,,WEF7MKDAC5U3,,KAIYUH SERVICES LLC,KAIYUH SERVICES LLC,,8BN91,K3KWSY8WY8L5,,"GANA-A' YOO, LIMITED",GANA-A' YOO  LIMITED,USA,UNITED STATES,2050 KEFAUVER DR,,MILAN,47053,GIBSON,47,TN,TENNESSEE,383583406,TN-08,TN-08,5027446773,,USA,UNITED STATES,MILAN,47053,GIBSON,47,TN,TENNESSEE,383583406,TN-08,TN-08,AWARD,D,DEFINITIVE CONTRACT,,,,,,,J,FIRM FIXED PRICE,M5A2 WOODEN AMMUNITION BOX,W519TC23R2017,1,,,8140,"AMMUNITION AND NUCLEAR ORDNANCE BOXES, PACKAGES AND SPECIAL CONTAINERS",H,NOT BUNDLED,,,321920,WOOD CONTAINER AND PALLET MANUFACTURING,C,NO CLAUSES INCLUDED AND NO SUSTAINABILITY INCLUDED,A,U.S. OWNED BUSINESS,000,NONE,Z,NOT IT PRODUCTS OR SERVICES,A,MEETS REQUIREMENTS,USA,UNITED STATES,D,MFG IN U.S.,B,PLAN NOT REQUIRED,F,COMPETED UNDER SAP,SP1,SIMPLIFIED ACQUISITION,SBA,SMALL BUSINESS SET ASIDE - TOTAL,NONE,NO PREFERENCE USED,,,,,,,5,D,COMMERCIAL PRODUCTS/SERVICES PROCEDURES NOT USED,f,N,NO,,,Y,YES,N,NO,0.00,N,NO,X,NOT APPLICABLE,X,NOT APPLICABLE,X,NOT APPLICABLE,X,NOT APPLICABLE,,,,,,,,NONE,NONE,N,NO,X,NOT APPLICABLE EXEMPT FROM CAS,N,TRANSACTION DOES NOT USE GFE/GFP,,,D,NOT CONSOLIDATED,X,NOT APPLICABLE,N,NO,Z,NOT APPLICABLE,N,NO,X,NOT APPLICABLE,t,f,f,f,f,f,f,f,f,f,f,f,t,f,f,f,f,t,f,SMALL BUSINESS,S,f,f,f,f,f,f,f,f,f,f,f,f,f,f,f,f,f,CORPORATE NOT TAX EXEMPT,t,f,f,f,f,f,f,f,f,f,f,f,t,f,f,f,f,t,f,f,f,f,f,f,f,f,t,f,t,f,f,f,f,f,f,f,f,f,f,f,f,f,f,f,t,t,f,t,f,f,GANA-A'YOO  LIMITED,0.00,DENA  SOMMER-PEDEBONE,0.00,REINHARD  MUELLER,47255.00,,,,,https://www.usaspending.gov/award/CONT_AWD_W519TC23C2007_9700_-NONE-_-NONE-/,2023-07-06 14:56:11+00
CONT_AWD_W519TC23C2016_9700_-NONE-_-NONE-,W519TC23C2016,,,,Q: Not Designated Nonemergency/Emergency/Disaster/Wildfire Suppression,,,,,1298500.00,0.00,1298500.00,1298500.00,2023-06-26,2023,2023-07-05,2023,2023-06-26,2023-10-31,2023-10-31 00:00:00,,2023-05-26,097,Department of Defense,2100,Department of the Army,W519TC,W6QK ACC-RI,097,Department of Defense,2100,Department of the Army,W53W9L,W39Z STK REC ACCT-CRANE AAP,097-X-4930-001,097-4930,26.0: Supplies and materials,0801: REIMBURSABLE,X,NOT APPLICABLE,,,Z9VAFBVBKEE8,,NORTH STAR IMAGING INCORPORATED,"NORTH STAR IMAGING, INC.",,0KGB3,RTYDEXYNEZS1,,ILLINOIS TOOL WORKS INC.,ILLINOIS TOOL WORKS INC.,USA,UNITED STATES,19875 S DIAMOND LAKE RD STE 10,,ROGERS,27053,HENNEPIN,27,MN,MINNESOTA,553744651,MN-03,MN-03,7634635650,7634635651,USA,UNITED STATES,ROGERS,27053,HENNEPIN,27,MN,MINNESOTA,553744651,MN-03,MN-03,AWARD,D,DEFINITIVE CONTRACT,,,,,,,J,FIRM FIXED PRICE,X-RAY,W519TC23TXRAY,1,,,6635,PHYSICAL PROPERTIES TESTING AND INSPECTION,H,NOT BUNDLED,,,334517,IRRADIATION APPARATUS MANUFACTURING,C,NO CLAUSES INCLUDED AND NO SUSTAINABILITY INCLUDED,A,U.S. OWNED BUSINESS,000,NONE,Z,NOT IT PRODUCTS OR SERVICES,A,MEETS REQUIREMENTS,USA,UNITED STATES,D,MFG IN U.S.,B,PLAN NOT REQUIRED,G,NOT COMPETED UNDER SAP,SP1,SIMPLIFIED ACQUISITION,NONE,NO SET ASIDE USED.,NONE,NO PREFERENCE USED,,,,,SP2,SAP NON-COMPETITION (FAR 13),1,A,COMMERCIAL PRODUCTS/SERVICES,f,Y,YES,,,Y,YES,N,NO,0.00,N,NO,N,NO,X,NOT APPLICABLE,N,NO,X,NOT APPLICABLE,,,,,,,,NONE,NONE,N,NO,X,NOT APPLICABLE EXEMPT FROM CAS,N,TRANSACTION DOES NOT USE GFE/GFP,,,D,NOT CONSOLIDATED,X,NOT APPLICABLE,N,NO,Z,NOT APPLICABLE,N,NO,X,NOT APPLICABLE,f,f,f,f,f,f,f,f,f,f,f,f,f,f,f,f,f,f,f,OTHER THAN SMALL BUSINESS,O,f,f,f,f,f,f,f,f,f,f,f,f,f,f,f,f,f,CORPORATE NOT TAX EXEMPT,t,f,f,f,f,f,f,f,f,f,f,f,t,f,f,f,f,t,f,f,f,f,f,f,f,f,f,f,t,f,f,f,f,f,f,f,f,f,f,f,f,f,f,f,f,f,f,f,f,f,,,,,,,,,,,https://www.usaspending.gov/award/CONT_AWD_W519TC23C2016_9700_-NONE-_-NONE-/,2023-07-05 13:49:23+00
CONT_AWD_W52P1J20C4003_9700_-NONE-_-NONE-,W52P1J20C4003,,,,N: Emergency P.L. 116-136,0,675153.44,,,2101191.46,0.00,2101191.46,2101191.46,2020-07-29,2020,2023-07-14,2023,2020-07-30,2023-08-04,2023-08-04 00:00:00,,,097,Department of Defense,2100,Department of the Army,W519TC,W6QK ACC-RI,097,Department of Defense,2100,Department of the Army,W16XYA,W1FB US MILITARY ACADEMY,021-2020/2022-2035-000,021-2035,31.0: Equipment,OPTN: FIELD IS OPTIONAL PRIOR TO FY21,X,NOT APPLICABLE,,,KGZRMN8E8ZK6,,"CHENEGA SYSTEMS, LLC","CHENEGA SYSTEMS, LLC",,7VMR9,KGZRMN8E8ZK6,,"CHENEGA SYSTEMS, LLC",CHENEGA SYSTEMS  LLC,USA,UNITED STATES,10505 FURNACE RD STE 205,,LORTON,51059,FAIRFAX,51,VA,VIRGINIA,220792636,VA-11,VA-11,7034939880,7034939887,USA,UNITED STATES,WEST POINT,36071,ORANGE,36,NY,NEW YORK,109961595,NY-18,NY-18,AWARD,D,DEFINITIVE CONTRACT,,,,,,,J,FIRM FIXED PRICE,IT SERVICE DESK,,1,,,7035,INFORMATION TECHNOLOGY SUPPORT EQUIPMENT,H,NOT BUNDLED,S1,SERVICES,518210,"COMPUTING INFRASTRUCTURE PROVIDERS, DATA PROCESSING, WEB HOSTING, AND RELATED SERVICES",C,NO CLAUSES INCLUDED AND NO SUSTAINABILITY INCLUDED,A,U.S. OWNED BUSINESS,000,NONE,E,COMMERCIAL SERVICE,E,NOT REQUIRED,USA,UNITED STATES,D,MFG IN U.S.,B,PLAN NOT REQUIRED,G,NOT COMPETED UNDER SAP,SP1,SIMPLIFIED ACQUISITION,8AN,8(A) SOLE SOURCE,NONE,NO PREFERENCE USED,,,,,OTH,AUTHORIZED BY STATUTE (FAR 6.302-5(A)(2)(I)),1,A,COMMERCIAL PRODUCTS/SERVICES,f,Y,YES,N,NO,N,NO,N,NO,0.00,N,NO,N,NO,N,NO,X,NOT APPLICABLE,X,NOT APPLICABLE,,,,,,,,NONE,NONE,N,NO,X,NOT APPLICABLE EXEMPT FROM CAS,N,TRANSACTION DOES NOT USE GFE/GFP,U,UNKNOWN,D,NOT CONSOLIDATED,X,NOT APPLICABLE,N,NO,Z,NOT APPLICABLE,N,NO,X,NOT APPLICABLE,t,f,f,f,f,f,f,f,f,f,f,f,t,f,f,f,f,t,f,SMALL BUSINESS,S,f,f,f,f,f,f,f,f,f,f,f,f,f,f,f,f,f,OTHER,f,f,f,f,f,f,f,f,f,f,f,f,f,f,f,f,f,t,f,f,f,f,f,f,f,f,t,f,t,f,f,f,f,f,f,f,f,f,f,f,f,f,f,f,f,t,f,t,f,f,RYAN  MALONEY,334000.00,0 0 0,0.00,0 0 0,0.00,0 0 0,0.00,0 0 0,0.00,https://www.usaspending.gov/award/CONT_AWD_W52P1J20C4003_9700_-NONE-_-NONE-/,2023-07-14 11:13:28+00
CONT_AWD_W564KV18C0126_9700_-NONE-_-NONE-,W564KV18C0126,,,,,,,,,501973.28,,501973.28,501973.28,2018-09-17,2018,2023-07-06,2023,2018-09-22,2023-09-30,2023-09-30 00:00:00,,2018-09-12,097,Department of Defense,2100,Department of the Army,W564KV,0409 AQ HQ     CONTRACT,097,Department of Defense,2100,Department of the Army,W81MN5,W6E1 USAG STUTTGART,,,,,X,NOT APPLICABLE,,,M63QPLTNGLW7,,"BUNDESMINISTERIUM FÜR UMWELT, NATURSCHUTZ UND REAKTORSICHERHEIT","BUNDESMINISTERIUM FUR UMWELT, NATURSCHUTZ UND REAKTORSICHERHEIT",,CL097,PSH3YJ1952P6,,BUNDESMINISTERIUM FUR UMWELT  NATURSCHUTZ UND REAKTORSICHERHEIT,BUNDESMINISTERIUM FUR UMWELT  NATURSCHUTZ UND REAKTORSICHERHEIT,DEU,GERMANY,ROBERT-SCHUMAN-PLATZ 3,,BONN,,,,,NORDRHEIN-WESTFALEN,53175,,,,,DEU,GERMANY,,,,,,,,,,AWARD,D,DEFINITIVE CONTRACT,,,,,,,J,FIRM FIXED PRICE,"IGF::OT::IGF REPAIR STREET, PARKING, SIDEWALK LIGHTS",,1,OT,OTHER FUNCTIONS,Z1LB,MAINTENANCE OF HIGHWAYS/ROADS/STREETS/BRIDGES/RAILWAYS,H,NOT BUNDLED,C2,CONSTRUCTION,238210,ELECTRICAL CONTRACTORS AND OTHER WIRING INSTALLATION CONTRACTORS,C,NO CLAUSES INCLUDED AND NO SUSTAINABILITY INCLUDED,O,OTHER FOREIGN ENTITY (E.G. FOREIGN GOVERNMENT),000,NONE,Z,NOT IT PRODUCTS OR SERVICES,E,NOT REQUIRED,DEU,GERMANY,C,NOT A MANUFACTURED END PRODUCT,B,PLAN NOT REQUIRED,A,FULL AND OPEN COMPETITION,NP,NEGOTIATED PROPOSAL/QUOTE,NONE,NO SET ASIDE USED.,NONE,NO PREFERENCE USED,,,,,,,3,D,COMMERCIAL PRODUCTS/SERVICES PROCEDURES NOT USED,f,N,NO,N,NO,N,NO,N,NO,0.00,N,NO,X,NOT APPLICABLE,X,NOT APPLICABLE,X,NOT APPLICABLE,X,NOT APPLICABLE,,,,,,,,NONE,NONE,N,NO,X,NOT APPLICABLE EXEMPT FROM CAS,N,TRANSACTION DOES NOT USE GFE/GFP,U,UNKNOWN,D,NOT CONSOLIDATED,N,NO - SERVICE WHERE PBA IS NOT USED.,N,NO,Z,NOT APPLICABLE,N,NO,X,NOT APPLICABLE,f,f,f,f,f,f,f,f,f,f,f,f,f,f,f,f,f,f,f,OTHER THAN SMALL BUSINESS,O,f,f,f,f,f,f,f,f,f,f,f,f,f,f,f,f,t,FOREIGN GOVERNMENT,f,f,f,f,f,f,f,f,f,f,f,f,f,f,f,f,f,t,f,f,f,f,f,f,f,f,f,f,f,f,f,f,f,f,f,f,f,f,f,f,f,f,f,f,f,f,f,f,f,f,,,,,,,,,,,https://www.usaspending.gov/award/CONT_AWD_W564KV18C0126_9700_-NONE-_-NONE-/,2023-07-06 02:16:39+00
CONT_AWD_W564KV19C0006_9700_-NONE-_-NONE-,W564KV19C0006,,,,,,,,,96825.90,,96825.90,96825.90,2019-04-05,2019,2023-07-06,2023,2019-04-06,2024-09-30,2024-09-30 00:00:00,,2019-04-03,097,Department of Defense,2100,Department of the Army,W564KV,0409 AQ HQ     CONTRACT,097,Department of Defense,2100,Department of the Army,W582RS,W6E9 USAG WIESBADEN,,,,,X,NOT APPLICABLE,,,M63QPLTNGLW7,,"BUNDESMINISTERIUM FÜR UMWELT, NATURSCHUTZ UND REAKTORSICHERHEIT","BUNDESMINISTERIUM FUR UMWELT, NATURSCHUTZ UND REAKTORSICHERHEIT",,CL097,PSH3YJ1952P6,,BUNDESMINISTERIUM FUR UMWELT  NATURSCHUTZ UND REAKTORSICHERHEIT,BUNDESMINISTERIUM FUR UMWELT  NATURSCHUTZ UND REAKTORSICHERHEIT,DEU,GERMANY,ROBERT-SCHUMAN-PLATZ 3,,BONN,,,,,NORDRHEIN-WESTFALEN,53175,,,,,DEU,GERMANY,,,,,,,,,,AWARD,D,DEFINITIVE CONTRACT,,,,,,,J,FIRM FIXED PRICE,"IGF::OT::IGF CONSTRUCT NEW EQUIPMENT WAREHOUSE, CLAY KASERNE, WIESBADEN",,1,OT,OTHER FUNCTIONS,Y1EB,CONSTRUCTION OF MAINTENANCE BUILDINGS,H,NOT BUNDLED,C2,CONSTRUCTION,237990,OTHER HEAVY AND CIVIL ENGINEERING CONSTRUCTION,C,NO CLAUSES INCLUDED AND NO SUSTAINABILITY INCLUDED,O,OTHER FOREIGN ENTITY (E.G. FOREIGN GOVERNMENT),000,NONE,Z,NOT IT PRODUCTS OR SERVICES,E,NOT REQUIRED,DEU,GERMANY,C,NOT A MANUFACTURED END PRODUCT,B,PLAN NOT REQUIRED,A,FULL AND OPEN COMPETITION,NP,NEGOTIATED PROPOSAL/QUOTE,NONE,NO SET ASIDE USED.,NONE,NO PREFERENCE USED,,,,,,,3,D,COMMERCIAL PRODUCTS/SERVICES PROCEDURES NOT USED,f,N,NO,N,NO,N,NO,N,NO,0.00,N,NO,X,NOT APPLICABLE,X,NOT APPLICABLE,X,NOT APPLICABLE,X,NOT APPLICABLE,,,,,,,,NONE,NONE,N,NO,X,NOT APPLICABLE EXEMPT FROM CAS,N,TRANSACTION DOES NOT USE GFE/GFP,U,UNKNOWN,D,NOT CONSOLIDATED,N,NO - SERVICE WHERE PBA IS NOT USED.,N,NO,Z,NOT APPLICABLE,N,NO,X,NOT APPLICABLE,f,f,f,f,f,f,f,f,f,f,f,f,f,f,f,f,f,f,f,OTHER THAN SMALL BUSINESS,O,f,f,f,f,f,f,f,f,f,f,f,f,f,f,f,f,t,FOREIGN GOVERNMENT,f,f,f,f,f,f,f,f,f,f,f,f,f,f,f,f,f,t,f,f,f,f,f,f,f,f,f,f,f,f,f,f,f,f,f,f,f,f,f,f,f,f,f,f,f,f,f,f,f,f,,,,,,,,,,,https://www.usaspending.gov/award/CONT_AWD_W564KV19C0006_9700_-NONE-_-NONE-/,2023-07-06 03:00:32+00
CONT_AWD_W56HZV20C0150_9700_-NONE-_-NONE-,W56HZV20C0150,,,,,,,,,1085528.17,,1085528.17,1085528.17,2020-09-16,2020,2023-07-07,2023,2020-09-16,2023-08-31,2023-08-31 12:08:00,,2017-08-08,097,Department of Defense,2100,Department of the Army,W56HZV,W4GG HQ US ARMY TACOM,097,Department of Defense,2100,Department of the Army,W56HZV,W4GG HQ US ARMY TACOM,,,,,X,NOT APPLICABLE,,,Y9NYPZALSSS6,,KESTREL TECHNOLOGY LLC,KESTREL TECHNOLOGY LLC,,1PJ39,Y9NYPZALSSS6,,KESTREL TECHNOLOGY LLC,KESTREL TECHNOLOGY LLC,USA,UNITED STATES,3260 HILLVIEW AVE FL 2,,PALO ALTO,06085,SANTA CLARA,06,CA,CALIFORNIA,943041225,CA-18,CA-16,2097684278,,USA,UNITED STATES,PALO ALTO,06085,SANTA CLARA,06,CA,CALIFORNIA,943041225,CA-16,CA-16,AWARD,D,DEFINITIVE CONTRACT,,,,,,,U,COST PLUS FIXED FEE,SBIR PHII RESEARCH,W56HZV17R0220,1,OT,OTHER FUNCTIONS,AZ11,R&D- OTHER RESEARCH AND DEVELOPMENT (BASIC RESEARCH),H,NOT BUNDLED,S1,SERVICES,541715,"RESEARCH AND DEVELOPMENT IN THE PHYSICAL, ENGINEERING, AND LIFE SCIENCES (EXCEPT NANOTECHNOLOGY AND BIOTECHNOLOGY)",C,NO CLAUSES INCLUDED AND NO SUSTAINABILITY INCLUDED,A,U.S. OWNED BUSINESS,000,NONE,Z,NOT IT PRODUCTS OR SERVICES,E,NOT REQUIRED,USA,UNITED STATES,C,NOT A MANUFACTURED END PRODUCT,B,PLAN NOT REQUIRED,D,FULL AND OPEN COMPETITION AFTER EXCLUSION OF SOURCES,NP,NEGOTIATED PROPOSAL/QUOTE,SBA,SMALL BUSINESS SET ASIDE - TOTAL,NONE,NO PREFERENCE USED,,,,,,,187,D,COMMERCIAL PRODUCTS/SERVICES PROCEDURES NOT USED,f,N,NO,N,NO,X,NOT APPLICABLE,N,NO,0.00,N,NO,X,NOT APPLICABLE,X,NOT APPLICABLE,X,NOT APPLICABLE,X,NOT APPLICABLE,,,,,,,,NONE,NONE,Y,YES,X,NOT APPLICABLE EXEMPT FROM CAS,N,TRANSACTION DOES NOT USE GFE/GFP,N,NO,D,NOT CONSOLIDATED,N,NO - SERVICE WHERE PBA IS NOT USED.,N,NO,Z,NOT APPLICABLE,N,NO,X,NOT APPLICABLE,f,f,f,f,f,f,f,f,f,f,f,f,f,f,f,f,f,f,f,SMALL BUSINESS,S,f,f,f,f,f,f,f,f,f,f,f,f,f,f,f,f,f,PARTNERSHIP,f,f,t,f,f,f,f,f,f,f,f,f,f,f,f,f,f,t,f,f,f,f,f,f,f,f,t,f,t,f,f,f,f,f,f,f,f,f,f,f,f,f,f,f,f,f,f,f,f,f,,,,,,,,,,,https://www.usaspending.gov/award/CONT_AWD_W56HZV20C0150_9700_-NONE-_-NONE-/,2023-07-07 10:18:59+00
CONT_AWD_W56HZV20CL010_9700_-NONE-_-NONE-,W56HZV20CL010,,,,N: Emergency P.L. 116-136;Q: Not Designated Nonemergency/Emergency/Disaster/Wildfire Suppression,,2742000.00,,,3721499.25,0.00,3721499.25,3721499.25,2020-06-12,2020,2023-07-07,2023,2020-06-12,2021-06-14,2021-06-14 00:00:00,,2020-01-06,097,Department of Defense,2100,Department of the Army,W56HZV,W4GG HQ US ARMY TACOM,097,Department of Defense,2100,Department of the Army,W50U8G,W3YU CTR OF MILITARY HISTORY,021-2020/2020-2020-000,021-2020,25.1: Advisory and assistance services,OPTN: FIELD IS OPTIONAL PRIOR TO FY21,X,NOT APPLICABLE,,,ERN9NNNDWB15,,INNOVATIVE COMPUTING & APPLIED TECHNOLOGY LLC,INNOVATIVE COMPUTING & APPLIED TECHNOLOGY,,57NF2,ERN9NNNDWB15,,INNOVATIVE COMPUTING & APPLIED TECHNOLOGY LLC,INNOVATIVE COMPUTING & APPLIED TECHNOLOGY,USA,UNITED STATES,1900 CAMPUS COMMONS DR STE 410,,RESTON,51059,FAIRFAX,51,VA,VIRGINIA,201911535,VA-11,VA-11,7038995711,7033911601,USA,UNITED STATES,WASHINGTON,11001,DISTRICT OF COLUMBIA,11,DC,DISTRICT OF COLUMBIA,203195060,DC-98,DC-98,AWARD,D,DEFINITIVE CONTRACT,,,,,,,J,FIRM FIXED PRICE,APPLICATION DEVELOPER (SENIOR),W56HZV20RL870,1,OT,OTHER FUNCTIONS,D302,IT AND TELECOM- SYSTEMS DEVELOPMENT,H,NOT BUNDLED,C9E,ALL OTHERS NOT IDENTIFIABLE TO ANY OTHER PROCUREMENT PROGRAM,541512,COMPUTER SYSTEMS DESIGN SERVICES,C,NO CLAUSES INCLUDED AND NO SUSTAINABILITY INCLUDED,A,U.S. OWNED BUSINESS,000,NONE,E,COMMERCIAL SERVICE,E,NOT REQUIRED,USA,UNITED STATES,C,NOT A MANUFACTURED END PRODUCT,B,PLAN NOT REQUIRED,G,NOT COMPETED UNDER SAP,SP1,SIMPLIFIED ACQUISITION,8AN,8(A) SOLE SOURCE,NONE,NO PREFERENCE USED,,,,,OTH,AUTHORIZED BY STATUTE (FAR 6.302-5(A)(2)(I)),1,A,COMMERCIAL PRODUCTS/SERVICES,f,Y,YES,N,NO,Y,YES,N,NO,0.00,Y,YES,X,NOT APPLICABLE,X,NOT APPLICABLE,X,NOT APPLICABLE,X,NOT APPLICABLE,,,,,,,,NONE,NONE,N,NO,X,NOT APPLICABLE EXEMPT FROM CAS,N,TRANSACTION DOES NOT USE GFE/GFP,U,UNKNOWN,D,NOT CONSOLIDATED,Y,YES - SERVICE WHERE PBA IS USED.,N,NO,Z,NOT APPLICABLE,N,NO,X,NOT APPLICABLE,f,f,f,f,f,f,f,t,t,t,f,f,t,f,f,f,t,f,f,SMALL BUSINESS,S,f,f,f,f,f,f,f,f,f,f,f,f,f,f,f,f,f,OTHER,f,f,f,f,f,f,f,f,f,f,f,f,f,f,f,f,f,t,f,f,f,f,f,f,f,f,t,f,t,f,f,f,f,f,f,f,f,f,f,f,f,f,f,f,t,t,f,t,f,f,,,,,,,,,,,https://www.usaspending.gov/award/CONT_AWD_W56HZV20CL010_9700_-NONE-_-NONE-/,2023-07-07 23:03:18+00
CONT_AWD_W56HZV20CL861_9700_-NONE-_-NONE-,W56HZV20CL861,,,,,,,,,4065186.10,,4065186.10,4065186.10,2020-09-24,2020,2023-07-06,2023,2020-09-23,2023-06-30,2023-06-30 00:00:00,,2020-08-21,097,Department of Defense,2100,Department of the Army,W56HZV,W4GG HQ US ARMY TACOM,097,Department of Defense,2100,Department of the Army,W91ATL,W4GH CCDC GROUND VEHICLE SYS,,,,,X,NOT APPLICABLE,,,EM2EJ9N7KHV9,,UNIQUE TECHNICAL SOLUTIONS INC,"UNIQUE TECHNICAL SOLUTIONS, INC.",,79T30,EM2EJ9N7KHV9,,UNIQUE TECHNICAL SOLUTIONS INC,UNIQUE TECHNICAL SOLUTIONS INC,USA,UNITED STATES,323 DALTON DR,,ROCHESTER HILLS,26125,OAKLAND,26,MI,MICHIGAN,483072834,MI-10,MI-10,2484954588,,USA,UNITED STATES,WARREN,26099,MACOMB,26,MI,MICHIGAN,480895000,MI-10,MI-10,AWARD,D,DEFINITIVE CONTRACT,,,,,,,J,FIRM FIXED PRICE,200A2 OFFICE RENOVATION,W56HZV20RL912,1,OT,OTHER FUNCTIONS,Y1EZ,CONSTRUCTION OF OTHER INDUSTRIAL BUILDINGS,H,NOT BUNDLED,C2,CONSTRUCTION,236220,COMMERCIAL AND INSTITUTIONAL BUILDING CONSTRUCTION,L,FAR 52.223-4 & BIO-BASED & ENERGY EFFICIENT & ENVIRONMENTALLY PREFERABLE,A,U.S. OWNED BUSINESS,000,NONE,Z,NOT IT PRODUCTS OR SERVICES,A,MEETS REQUIREMENTS,USA,UNITED STATES,C,NOT A MANUFACTURED END PRODUCT,B,PLAN NOT REQUIRED,B,NOT AVAILABLE FOR COMPETITION,SSS,ONLY ONE SOURCE,8AN,8(A) SOLE SOURCE,NONE,NO PREFERENCE USED,,,,,OTH,AUTHORIZED BY STATUTE (FAR 6.302-5(A)(2)(I)),1,D,COMMERCIAL PRODUCTS/SERVICES PROCEDURES NOT USED,f,N,NO,N,NO,X,NOT APPLICABLE,N,NO,0.00,N,NO,X,NOT APPLICABLE,X,NOT APPLICABLE,Y,YES,X,NOT APPLICABLE,,,,,,,,NONE,NONE,Y,YES,X,NOT APPLICABLE EXEMPT FROM CAS,N,TRANSACTION DOES NOT USE GFE/GFP,U,UNKNOWN,D,NOT CONSOLIDATED,Y,YES - SERVICE WHERE PBA IS USED.,N,NO,C,PERCENTAGE OF COMPLETION PROGRESS PAYMENTS,N,NO,X,NOT APPLICABLE,f,f,f,f,f,f,f,f,f,f,f,f,t,t,f,f,f,f,f,SMALL BUSINESS,S,f,f,f,f,f,f,f,f,f,f,f,f,f,f,f,f,f,CORPORATE NOT TAX EXEMPT,t,f,f,f,f,f,f,f,f,f,f,f,f,f,f,f,f,t,f,f,f,f,f,f,f,f,f,f,t,f,f,f,f,f,f,f,f,f,f,f,f,f,f,f,f,t,f,t,f,f,,,,,,,,,,,https://www.usaspending.gov/award/CONT_AWD_W56HZV20CL861_9700_-NONE-_-NONE-/,2023-07-06 08:48:35+00
CONT_AWD_W56HZV21C0094_9700_-NONE-_-NONE-,W56HZV21C0094,,,,,,,,,1098896.88,,1098896.88,1098896.88,2021-07-13,2021,2023-07-05,2023,2021-07-13,2024-02-12,2024-02-12 12:02:00,,2017-08-08,097,Department of Defense,2100,Department of the Army,W56HZV,W4GG HQ US ARMY TACOM,097,Department of Defense,2100,Department of the Army,W56HZV,W4GG HQ US ARMY TACOM,,,,,X,NOT APPLICABLE,,,U9C1DRRKTLU9,,CONTINUUM POWDERS CORPORATION,MOLYWORKS MATERIALS CORPORATION,,7E2K8,U9C1DRRKTLU9,,CONTINUUM POWDERS CORPORATION,MOLYWORKS MATERIALS CORPORATION,USA,UNITED STATES,101 LASUEN COURT,,LOS GATOS,06085,SANTA CLARA,06,CA,CALIFORNIA,950323900,CA-18,CA-16,6128508958,,USA,UNITED STATES,LOS GATOS,06085,SANTA CLARA,06,CA,CALIFORNIA,950323900,CA-16,CA-16,AWARD,D,DEFINITIVE CONTRACT,,,,,,,U,COST PLUS FIXED FEE,PHASE II SBIR,W56HZV17R0220,1,OT,OTHER FUNCTIONS,AJ11,GENERAL SCIENCE AND TECHNOLOGY R&D SERVICES; GENERAL SCIENCE AND TECHNOLOGY; BASIC RESEARCH,H,NOT BUNDLED,S1,SERVICES,541715,"RESEARCH AND DEVELOPMENT IN THE PHYSICAL, ENGINEERING, AND LIFE SCIENCES (EXCEPT NANOTECHNOLOGY AND BIOTECHNOLOGY)",C,NO CLAUSES INCLUDED AND NO SUSTAINABILITY INCLUDED,A,U.S. OWNED BUSINESS,000,NONE,Z,NOT IT PRODUCTS OR SERVICES,E,NOT REQUIRED,USA,UNITED STATES,C,NOT A MANUFACTURED END PRODUCT,B,PLAN NOT REQUIRED,D,FULL AND OPEN COMPETITION AFTER EXCLUSION OF SOURCES,NP,NEGOTIATED PROPOSAL/QUOTE,SBA,SMALL BUSINESS SET ASIDE - TOTAL,NONE,NO PREFERENCE USED,SR2,SMALL BUSINESS INNOVATION RESEARCH PROGRAM PHASE II ACTION,,,,,1,D,COMMERCIAL PRODUCTS/SERVICES PROCEDURES NOT USED,f,N,NO,N,NO,X,NOT APPLICABLE,N,NO,0.00,N,NO,X,NOT APPLICABLE,X,NOT APPLICABLE,X,NOT APPLICABLE,X,NOT APPLICABLE,,,,,,,,NONE,NONE,N,NO,X,NOT APPLICABLE EXEMPT FROM CAS,N,TRANSACTION DOES NOT USE GFE/GFP,U,UNKNOWN,D,NOT CONSOLIDATED,N,NO - SERVICE WHERE PBA IS NOT USED.,N,NO,Z,NOT APPLICABLE,N,NO,X,NOT APPLICABLE,f,f,f,f,f,f,f,f,f,f,f,f,f,f,f,f,f,f,f,SMALL BUSINESS,S,f,f,f,f,f,f,f,f,f,f,f,f,f,f,f,f,f,CORPORATE NOT TAX EXEMPT,t,f,f,f,f,f,f,f,f,f,f,f,t,f,f,f,f,t,f,f,f,f,f,f,f,f,f,f,t,f,f,f,f,f,f,f,f,f,f,f,f,f,f,f,f,t,f,f,f,f,,,,,,,,,,,https://www.usaspending.gov/award/CONT_AWD_W56HZV21C0094_9700_-NONE-_-NONE-/,2023-07-05 14:45:58+00
CONT_AWD_W56KGU21C0034_9700_-NONE-_-NONE-,W56KGU21C0034,,,,,,,,,1499998.69,,1499998.69,1499998.69,2021-06-29,2021,2023-07-06,2023,2021-06-29,2023-07-06,2023-07-06 00:00:00,,2021-01-27,097,Department of Defense,2100,Department of the Army,W56KGU,W6QK ACC-APG,097,Department of Defense,2100,Department of the Army,W50M14,W0CU USA FUTURES CMD,,,,,X,NOT APPLICABLE,,,DRYZNRMCBKL6,,ATMOSPHERIC & SPACE TECHNOLOGY RESEARCH ASSOCIATES LLC,"ATMOSPHERIC & SPACE TECHNOLOGY RESEARCH ASSOCIATES, L.L.C.",,419Z4,DRYZNRMCBKL6,,ATMOSPHERIC & SPACE TECHNOLOGY RESEARCH ASSOCIATES LLC,ATMOSPHERIC & SPACE TECHNOLOGY RESEARCH ASSOCIATES,USA,UNITED STATES,282 CENTURY PL STE 1000,,LOUISVILLE,08013,BOULDER,08,CO,COLORADO,800271677,CO-02,CO-02,3039938039,3039938679,USA,UNITED STATES,LOUISVILLE,08013,BOULDER,08,CO,COLORADO,800271677,CO-02,CO-02,AWARD,D,DEFINITIVE CONTRACT,,,,,,,J,FIRM FIXED PRICE,SBIR PHASE II FIRM FIXED PRICE CONTRACT.,,1,OT,OTHER FUNCTIONS,AJ11,GENERAL SCIENCE AND TECHNOLOGY R&D SERVICES; GENERAL SCIENCE AND TECHNOLOGY; BASIC RESEARCH,H,NOT BUNDLED,C9E,ALL OTHERS NOT IDENTIFIABLE TO ANY OTHER PROCUREMENT PROGRAM,541715,"RESEARCH AND DEVELOPMENT IN THE PHYSICAL, ENGINEERING, AND LIFE SCIENCES (EXCEPT NANOTECHNOLOGY AND BIOTECHNOLOGY)",C,NO CLAUSES INCLUDED AND NO SUSTAINABILITY INCLUDED,A,U.S. OWNED BUSINESS,000,NONE,Z,NOT IT PRODUCTS OR SERVICES,E,NOT REQUIRED,USA,UNITED STATES,C,NOT A MANUFACTURED END PRODUCT,B,PLAN NOT REQUIRED,D,FULL AND OPEN COMPETITION AFTER EXCLUSION OF SOURCES,NP,NEGOTIATED PROPOSAL/QUOTE,SBA,SMALL BUSINESS SET ASIDE - TOTAL,NONE,NO PREFERENCE USED,SR2,SMALL BUSINESS INNOVATION RESEARCH PROGRAM PHASE II ACTION,,,,,1,D,COMMERCIAL PRODUCTS/SERVICES PROCEDURES NOT USED,f,N,NO,N,NO,N,NO,N,NO,0.00,N,NO,N,NO,N,NO,N,NO,X,NOT APPLICABLE,,,,,,,,NONE,NONE,N,NO,X,NOT APPLICABLE EXEMPT FROM CAS,N,TRANSACTION DOES NOT USE GFE/GFP,N,NO,D,NOT CONSOLIDATED,Y,YES - SERVICE WHERE PBA IS USED.,N,NO,Z,NOT APPLICABLE,N,NO,X,NOT APPLICABLE,f,f,f,f,f,f,f,f,f,f,f,f,f,f,f,f,f,f,f,SMALL BUSINESS,S,f,f,f,f,f,f,f,f,f,f,f,f,f,f,f,f,f,CORPORATE NOT TAX EXEMPT,t,f,f,f,f,f,f,f,f,f,f,f,f,f,f,f,f,t,f,f,f,f,f,f,f,f,t,f,t,f,f,f,f,f,f,f,f,f,f,f,f,f,f,f,f,f,f,f,f,f,KEVIN  KELLY,1200000.00,JOHN  AVALOS,675028.00,LORI  BECKER,658240.00,JAMES  GALLAGHER,540356.00,CHRISTOPHER  MCCALL,449681.00,https://www.usaspending.gov/award/CONT_AWD_W56KGU21C0034_9700_-NONE-_-NONE-/,2025-04-22 16:50:17+00
CONT_AWD_W56KGU22C0035_9700_-NONE-_-NONE-,W56KGU22C0035,,,,,,,,,167499.45,,167499.45,167499.45,2022-05-16,2022,2023-07-13,2023,2022-05-16,2023-11-15,2023-11-15 00:00:00,,2021-08-25,097,Department of Defense,2100,Department of the Army,W56KGU,W6QK ACC-APG,097,Department of Defense,2100,Department of the Army,W15P66,W4G8 CCDC C5ISR CENTER,,,,,X,NOT APPLICABLE,,,S6X8FST9JAM7,,OCEANIT LABORATORIES INC,OCEANIT LABORATORIES INC,,0LGN6,S6X8FST9JAM7,,OCEANIT LABORATORIES INC,OCEANIT LABORATORIES  INC.,USA,UNITED STATES,828 FORT STREET MALL,STE 600,HONOLULU,15003,HONOLULU,15,HI,HAWAII,968134314,HI-01,HI-01,8085313017,8085313177,USA,UNITED STATES,HONOLULU,15003,HONOLULU,15,HI,HAWAII,968134314,HI-01,HI-01,AWARD,D,DEFINITIVE CONTRACT,,,,,,,J,FIRM FIXED PRICE,THE PURPOSE OF THIS ACTION IS TO AWARD A DEFINITIVE FIRM FIXED PRICE SBIR PHASE I CONTRACT ASSOCIATED WITH SBIR TOPIC-A21-111.,,1,OT,OTHER FUNCTIONS,AJ11,GENERAL SCIENCE AND TECHNOLOGY R&D SERVICES; GENERAL SCIENCE AND TECHNOLOGY; BASIC RESEARCH,H,NOT BUNDLED,S1,SERVICES,541715,"RESEARCH AND DEVELOPMENT IN THE PHYSICAL, ENGINEERING, AND LIFE SCIENCES (EXCEPT NANOTECHNOLOGY AND BIOTECHNOLOGY)",C,NO CLAUSES INCLUDED AND NO SUSTAINABILITY INCLUDED,A,U.S. OWNED BUSINESS,000,NONE,Z,NOT IT PRODUCTS OR SERVICES,E,NOT REQUIRED,USA,UNITED STATES,C,NOT A MANUFACTURED END PRODUCT,B,PLAN NOT REQUIRED,D,FULL AND OPEN COMPETITION AFTER EXCLUSION OF SOURCES,NP,NEGOTIATED PROPOSAL/QUOTE,SBA,SMALL BUSINESS SET ASIDE - TOTAL,NONE,NO PREFERENCE USED,SR1,SMALL BUSINESS INNOVATION RESEARCH PROGRAM PHASE I ACTION,,,,,9,D,COMMERCIAL PRODUCTS/SERVICES PROCEDURES NOT USED,f,N,NO,N,NO,X,NOT APPLICABLE,N,NO,0.00,N,NO,N,NO,N,NO,N,NO,X,NOT APPLICABLE,,,,,,,,NONE,NONE,N,NO,X,NOT APPLICABLE EXEMPT FROM CAS,N,TRANSACTION DOES NOT USE GFE/GFP,N,NO,D,NOT CONSOLIDATED,N,NO - SERVICE WHERE PBA IS NOT USED.,N,NO,Z,NOT APPLICABLE,N,NO,X,NOT APPLICABLE,f,f,f,f,f,f,f,f,f,f,f,f,f,f,f,f,f,f,f,SMALL BUSINESS,S,f,f,f,f,f,f,f,f,f,f,f,f,f,f,f,f,f,CORPORATE NOT TAX EXEMPT,t,f,f,f,f,f,f,f,f,f,f,f,t,f,f,f,f,t,f,f,f,f,f,f,f,f,f,f,t,f,f,f,f,f,f,f,f,f,f,f,f,f,f,f,f,f,f,f,f,f,,,,,,,,,,,https://www.usaspending.gov/award/CONT_AWD_W56KGU22C0035_9700_-NONE-_-NONE-/,2025-04-22 16:50:17+00
CONT_AWD_W56KGU22C0038_9700_-NONE-_-NONE-,W56KGU22C0038,,,,,,,,,167499.72,,167499.72,167499.72,2022-05-16,2022,2023-07-13,2023,2022-05-16,2023-11-15,2023-11-15 12:11:00,,2021-08-21,097,Department of Defense,2100,Department of the Army,W56KGU,W6QK ACC-APG,097,Department of Defense,2100,Department of the Army,W15P66,W4G8 CCDC C5ISR CENTER,,,,,X,NOT APPLICABLE,,,S6X8FST9JAM7,,OCEANIT LABORATORIES INC,OCEANIT LABORATORIES INC,,0LGN6,S6X8FST9JAM7,,OCEANIT LABORATORIES INC,OCEANIT LABORATORIES  INC.,USA,UNITED STATES,828 FORT STREET MALL,STE 600,HONOLULU,15003,HONOLULU,15,HI,HAWAII,968134314,HI-01,HI-01,8085313017,8085313177,USA,UNITED STATES,HONOLULU,15003,HONOLULU,15,HI,HAWAII,968134314,HI-01,HI-01,AWARD,D,DEFINITIVE CONTRACT,,,,,,,J,FIRM FIXED PRICE,"THE PURPOSE OF THIS ACTION IS TO AWARD A 16 MONTH, FFP SBIR PHASE I CONTRACT.",,1,OT,OTHER FUNCTIONS,AJ11,GENERAL SCIENCE AND TECHNOLOGY R&D SERVICES; GENERAL SCIENCE AND TECHNOLOGY; BASIC RESEARCH,H,NOT BUNDLED,S1,SERVICES,541715,"RESEARCH AND DEVELOPMENT IN THE PHYSICAL, ENGINEERING, AND LIFE SCIENCES (EXCEPT NANOTECHNOLOGY AND BIOTECHNOLOGY)",C,NO CLAUSES INCLUDED AND NO SUSTAINABILITY INCLUDED,A,U.S. OWNED BUSINESS,000,NONE,Z,NOT IT PRODUCTS OR SERVICES,E,NOT REQUIRED,USA,UNITED STATES,C,NOT A MANUFACTURED END PRODUCT,B,PLAN NOT REQUIRED,D,FULL AND OPEN COMPETITION AFTER EXCLUSION OF SOURCES,NP,NEGOTIATED PROPOSAL/QUOTE,SBA,SMALL BUSINESS SET ASIDE - TOTAL,NONE,NO PREFERENCE USED,SR1,SMALL BUSINESS INNOVATION RESEARCH PROGRAM PHASE I ACTION,,,,,9,D,COMMERCIAL PRODUCTS/SERVICES PROCEDURES NOT USED,f,N,NO,N,NO,X,NOT APPLICABLE,N,NO,0.00,N,NO,N,NO,N,NO,N,NO,X,NOT APPLICABLE,,,,,,,,NONE,NONE,N,NO,X,NOT APPLICABLE EXEMPT FROM CAS,N,TRANSACTION DOES NOT USE GFE/GFP,N,NO,D,NOT CONSOLIDATED,Y,YES - SERVICE WHERE PBA IS USED.,N,NO,Z,NOT APPLICABLE,N,NO,X,NOT APPLICABLE,f,f,f,f,f,f,f,f,f,f,f,f,f,f,f,f,f,f,f,SMALL BUSINESS,S,f,f,f,f,f,f,f,f,f,f,f,f,f,f,f,f,f,CORPORATE NOT TAX EXEMPT,t,f,f,f,f,f,f,f,f,f,f,f,t,f,f,f,f,t,f,f,f,f,f,f,f,f,f,f,t,f,f,f,f,f,f,f,f,f,f,f,f,f,f,f,f,f,f,f,f,f,,,,,,,,,,,https://www.usaspending.gov/award/CONT_AWD_W56KGU22C0038_9700_-NONE-_-NONE-/,2023-08-25 10:15:25+00
CONT_AWD_W56KGY20C0019_9700_-NONE-_-NONE-,W56KGY20C0019,,,,,,,,,1301386.19,,1301386.19,1939214.60,2020-09-22,2020,2023-07-12,2023,2020-09-22,2021-09-21,2021-09-21 12:09:00,,2020-08-06,097,Department of Defense,2100,Department of the Army,W56KGY,W6QK ACC-APG,097,Department of Defense,2100,Department of the Army,W56TEJ,W6DP CPE ISW ABERDEEN,,,,,X,NOT APPLICABLE,,,MD3GFWQRRLJ8,,"ANAVATION, LLC","ANAVATION, LLC",,6JBM9,MD3GFWQRRLJ8,,"ANAVATION, LLC",ANAVATION LLC,USA,UNITED STATES,15040 CONFERENCE CENTER DR STE 210,,CHANTILLY,51059,FAIRFAX,51,VA,VIRGINIA,201513885,VA-11,VA-11,7039963011,7039963013,USA,UNITED STATES,CHANTILLY,51059,FAIRFAX,51,VA,VIRGINIA,201513885,VA-11,VA-11,AWARD,D,DEFINITIVE CONTRACT,,,,,,,U,COST PLUS FIXED FEE,CONTRACT AWARD FOR SBIR PHASE III,W56KGY20R0022,1,OT,OTHER FUNCTIONS,AC61,R&D- DEFENSE SYSTEM: ELECTRONICS/COMMUNICATION EQUIPMENT (BASIC RESEARCH),H,NOT BUNDLED,A7,ELECTRONICS AND COMMUNICATION EQUIPMENT,541715,"RESEARCH AND DEVELOPMENT IN THE PHYSICAL, ENGINEERING, AND LIFE SCIENCES (EXCEPT NANOTECHNOLOGY AND BIOTECHNOLOGY)",C,NO CLAUSES INCLUDED AND NO SUSTAINABILITY INCLUDED,A,U.S. OWNED BUSINESS,000,NONE,Z,NOT IT PRODUCTS OR SERVICES,E,NOT REQUIRED,USA,UNITED STATES,C,NOT A MANUFACTURED END PRODUCT,B,PLAN NOT REQUIRED,D,FULL AND OPEN COMPETITION AFTER EXCLUSION OF SOURCES,NP,NEGOTIATED PROPOSAL/QUOTE,SBA,SMALL BUSINESS SET ASIDE - TOTAL,NONE,NO PREFERENCE USED,ST3,SMALL TECHNOLOGY TRANSFER RESEARCH PROGRAM PHASE III,,,,,1,D,COMMERCIAL PRODUCTS/SERVICES PROCEDURES NOT USED,f,N,NO,N,NO,X,NOT APPLICABLE,N,NO,0.00,N,NO,X,NOT APPLICABLE,X,NOT APPLICABLE,X,NOT APPLICABLE,X,NOT APPLICABLE,,,,,,,,NONE,NONE,Y,YES,X,NOT APPLICABLE EXEMPT FROM CAS,Y,TRANSACTION USES GFE/GFP,N,NO,D,NOT CONSOLIDATED,Y,YES - SERVICE WHERE PBA IS USED.,N,NO,Z,NOT APPLICABLE,N,NO,X,NOT APPLICABLE,f,f,f,f,f,f,f,f,f,f,f,f,f,f,f,f,f,f,f,SMALL BUSINESS,S,f,f,f,f,f,f,f,f,f,f,f,f,f,f,f,f,f,PARTNERSHIP,f,f,t,f,f,f,f,f,f,f,f,f,f,f,f,f,f,t,f,f,f,f,f,f,f,f,t,f,t,f,f,f,f,f,f,f,f,f,f,f,f,f,f,f,f,f,f,f,f,f,BENJAMIN  GOSS,293410.00,CHASE  ROWAN,277670.00,TODD  GRAHAM,260152.00,SCOTT  GANZ,258670.00,AIMEE  MEDONOS,236576.00,https://www.usaspending.gov/award/CONT_AWD_W56KGY20C0019_9700_-NONE-_-NONE-/,2023-07-12 08:58:45+00
CONT_AWD_W58RGZ05C0274_9700_-NONE-_-NONE-,W58RGZ05C0274,,,,,,,,,973832892.00,,0.00,0.00,2005-09-23,2005,2023-07-12,2023,2005-09-23,2015-09-30,2015-09-30 00:00:00,,,097,Department of Defense,9763,Defense Contract Management Agency,S0304A,DCMA VERTICAL LIFT MESA,097,Department of Defense,2100,Department of the Army,W58RGZ,W6QK ACC-RSA,,,,,X,NOT APPLICABLE,,,LAJJQWA1PF31,,THE BOEING COMPANY,"BOEING COMPANY, THE",,8V613,NU2UC8MX6NK1,,THE BOEING COMPANY,THE BOEING COMPANY,USA,UNITED STATES,5000 E MCDOWELL RD,,MESA,04013,MARICOPA,04,AZ,ARIZONA,852159707,AZ-04,AZ-04,4808911200,5627951529,USA,UNITED STATES,MESA,04013,MARICOPA,04,AZ,ARIZONA,852159707,AZ-04,AZ-04,AWARD,D,DEFINITIVE CONTRACT,,,,,,,J,FIRM FIXED PRICE,,,1,,,1520,"AIRCRAFT, ROTARY WING",D,NOT A BUNDLED REQUIREMENT,A1A,AIRFRAMES AND SPARES,336411,AIRCRAFT MANUFACTURING,C,NO CLAUSES INCLUDED AND NO SUSTAINABILITY INCLUDED,,,000,NONE,,,E,NOT REQUIRED,USA,UNITED STATES,D,MFG IN U.S.,C,PLAN REQUIRED - INCENTIVE NOT INCLUDED,C,NOT COMPETED,SSS,ONLY ONE SOURCE,NONE,NO SET ASIDE USED.,NONE,NO PREFERENCE USED,,,,,ONE,ONLY ONE SOURCE-OTHER (FAR 6.302-1 OTHER),1,D,COMMERCIAL PRODUCTS/SERVICES PROCEDURES NOT USED,f,N,NO,N,NO,Y,YES,,,0.00,N,NO,Y,YES,X,NOT APPLICABLE,X,NOT APPLICABLE,X,NOT APPLICABLE,,,,,,,,NONE,NONE,Y,YES,X,NOT APPLICABLE EXEMPT FROM CAS,Y,TRANSACTION USES GFE/GFP,N,NO,N,NO,X,NOT APPLICABLE,N,NO,Z,NOT APPLICABLE,N,NO,X,NOT APPLICABLE,f,f,f,f,f,f,f,f,f,f,f,f,f,f,f,f,f,f,f,OTHER THAN SMALL BUSINESS,O,f,f,f,f,f,f,f,f,f,f,f,f,f,f,f,f,f,CORPORATE NOT TAX EXEMPT,t,f,f,f,f,f,f,f,f,f,f,f,f,f,f,t,f,f,f,f,f,f,f,f,f,f,f,f,t,f,f,f,f,f,f,f,f,f,f,f,f,f,f,f,f,f,f,f,f,f,,,,,,,,,,,https://www.usaspending.gov/award/CONT_AWD_W58RGZ05C0274_9700_-NONE-_-NONE-/,2023-07-12 14:54:05+00
CONT_AWD_W58RGZ21C0029_9700_-NONE-_-NONE-,W58RGZ21C0029,,,,,,,,,1099865.85,,1099865.85,1099865.85,2021-09-02,2021,2023-07-12,2023,2021-09-02,2024-06-10,2024-06-10 12:06:00,,2018-01-08,097,Department of Defense,2100,Department of the Army,W58RGZ,W6QK ACC-RSA,097,Department of Defense,2100,Department of the Army,W90BWX,W1DF CCDC AV MISSILE CENTER,,,,,X,NOT APPLICABLE,,,FQ98KK1G9199,,FREEDOM PHOTONICS LLC,FREEDOM PHOTONICS LLC,,39KK7,FQ98KK1G9199,,FREEDOM PHOTONICS LLC,FREEDOM PHOTONICS LLC,USA,UNITED STATES,41 AERO CAMINO,,SANTA BARBARA,06083,SANTA BARBARA,06,CA,CALIFORNIA,931173104,CA-24,CA-24,8059674900,,USA,UNITED STATES,GOLETA,06083,SANTA BARBARA,06,CA,CALIFORNIA,931173104,CA-24,CA-24,AWARD,D,DEFINITIVE CONTRACT,,,,,,,U,COST PLUS FIXED FEE,"ARMY AVIATION SBIR PHASE II FOR PROPOSAL ENTITLED, ""LOW-LATENCY OPTICAL BACKBONE NETWORKS FOR ARMY AVIATION""",,1,OT,OTHER FUNCTIONS,AC32,NATIONAL DEFENSE R&D SERVICES; DEFENSE-RELATED ACTIVITIES; APPLIED RESEARCH,H,NOT BUNDLED,A2,MISSILE AND SPACE SYSTEMS,541715,"RESEARCH AND DEVELOPMENT IN THE PHYSICAL, ENGINEERING, AND LIFE SCIENCES (EXCEPT NANOTECHNOLOGY AND BIOTECHNOLOGY)",C,NO CLAUSES INCLUDED AND NO SUSTAINABILITY INCLUDED,A,U.S. OWNED BUSINESS,000,NONE,Z,NOT IT PRODUCTS OR SERVICES,A,MEETS REQUIREMENTS,USA,UNITED STATES,C,NOT A MANUFACTURED END PRODUCT,B,PLAN NOT REQUIRED,D,FULL AND OPEN COMPETITION AFTER EXCLUSION OF SOURCES,NP,NEGOTIATED PROPOSAL/QUOTE,SBA,SMALL BUSINESS SET ASIDE - TOTAL,NONE,NO PREFERENCE USED,SR2,SMALL BUSINESS INNOVATION RESEARCH PROGRAM PHASE II ACTION,,,,,2,D,COMMERCIAL PRODUCTS/SERVICES PROCEDURES NOT USED,f,N,NO,N,NO,N,NO,N,NO,0.00,N,NO,X,NOT APPLICABLE,X,NOT APPLICABLE,X,NOT APPLICABLE,X,NOT APPLICABLE,,,,,,,,NONE,NONE,N,NO,X,NOT APPLICABLE EXEMPT FROM CAS,N,TRANSACTION DOES NOT USE GFE/GFP,N,NO,D,NOT CONSOLIDATED,N,NO - SERVICE WHERE PBA IS NOT USED.,N,NO,Z,NOT APPLICABLE,N,NO,X,NOT APPLICABLE,f,f,f,f,f,f,f,f,f,f,f,f,f,f,f,f,f,f,f,SMALL BUSINESS,S,f,f,f,f,f,f,f,f,f,f,f,f,f,f,f,f,f,PARTNERSHIP,f,f,t,f,f,f,f,f,f,f,f,f,t,f,f,f,f,t,f,f,f,f,f,f,f,f,t,f,t,f,f,f,f,f,f,f,f,f,f,f,f,f,f,f,f,f,f,f,f,f,,,,,,,,,,,https://www.usaspending.gov/award/CONT_AWD_W58RGZ21C0029_9700_-NONE-_-NONE-/,2023-07-12 11:06:43+00
CONT_AWD_W58RGZ21C0036_9700_-NONE-_-NONE-,W58RGZ21C0036,,,,,,,,,1099997.51,,1099997.51,1099997.51,2021-08-03,2021,2023-07-07,2023,2021-08-03,2024-04-02,2024-04-02 12:04:00,,2019-08-23,097,Department of Defense,2100,Department of the Army,W58RGZ,W6QK ACC-RSA,097,Department of Defense,2100,Department of the Army,W90BWX,W1DF CCDC AV MISSILE CENTER,,,,,X,NOT APPLICABLE,,,DD7KTEMDG6A5,,"CORVID TECHNOLOGIES, LLC",CORVID TECHNOLOGIES LLC,,1VJF8,VUBTVT9ADBD1,,CORVID TECHNOLOGIES LLC,CORVID TECHNOLOGIES LLC,USA,UNITED STATES,153 LANGTREE CAMPUS DR STE 401,,MOORESVILLE,37097,IREDELL,37,NC,NORTH CAROLINA,281178723,NC-10,NC-10,7047996944,7047997974,USA,UNITED STATES,MOORESVILLE,37097,IREDELL,37,NC,NORTH CAROLINA,281178723,NC-10,NC-10,AWARD,D,DEFINITIVE CONTRACT,,,,,,,U,COST PLUS FIXED FEE,"DARPA SBIR PHASE II FOR THE PROPOSAL ENTITLED ""RF INTERNET OF THINGS (RIOT) FOR COGNITIVE BATTLESPACE CONTROL PLANE""",,1,OT,OTHER FUNCTIONS,AC32,NATIONAL DEFENSE R&D SERVICES; DEFENSE-RELATED ACTIVITIES; APPLIED RESEARCH,H,NOT BUNDLED,A2,MISSILE AND SPACE SYSTEMS,541715,"RESEARCH AND DEVELOPMENT IN THE PHYSICAL, ENGINEERING, AND LIFE SCIENCES (EXCEPT NANOTECHNOLOGY AND BIOTECHNOLOGY)",C,NO CLAUSES INCLUDED AND NO SUSTAINABILITY INCLUDED,B,OTHER U.S. ENTITY (E.G. GOVERNMENT),000,NONE,Z,NOT IT PRODUCTS OR SERVICES,A,MEETS REQUIREMENTS,USA,UNITED STATES,C,NOT A MANUFACTURED END PRODUCT,B,PLAN NOT REQUIRED,D,FULL AND OPEN COMPETITION AFTER EXCLUSION OF SOURCES,NP,NEGOTIATED PROPOSAL/QUOTE,SBA,SMALL BUSINESS SET ASIDE - TOTAL,NONE,NO PREFERENCE USED,SR2,SMALL BUSINESS INNOVATION RESEARCH PROGRAM PHASE II ACTION,,,,,2,D,COMMERCIAL PRODUCTS/SERVICES PROCEDURES NOT USED,f,N,NO,N,NO,N,NO,N,NO,0.00,N,NO,X,NOT APPLICABLE,X,NOT APPLICABLE,X,NOT APPLICABLE,X,NOT APPLICABLE,,,,,,,,NONE,NONE,N,NO,N,NO - CAS WAIVER APPROVED,N,TRANSACTION DOES NOT USE GFE/GFP,N,NO,D,NOT CONSOLIDATED,N,NO - SERVICE WHERE PBA IS NOT USED.,N,NO,Z,NOT APPLICABLE,N,NO,X,NOT APPLICABLE,f,f,f,f,f,f,f,f,f,f,f,f,f,f,f,f,f,f,f,SMALL BUSINESS,S,f,f,f,f,f,f,f,f,f,f,f,f,f,f,f,f,f,CORPORATE NOT TAX EXEMPT,t,f,f,f,f,f,f,f,f,f,f,f,f,f,f,f,f,t,f,f,f,f,f,f,f,f,t,f,t,f,f,f,f,f,f,f,f,f,f,f,f,f,f,f,f,f,f,f,f,f,DAVID  ROBINSON,350000.00,EDWIN  BERNA,325771.00,,,,,,,https://www.usaspending.gov/award/CONT_AWD_W58RGZ21C0036_9700_-NONE-_-NONE-/,2023-07-07 09:24:48+00
CONT_AWD_W58RGZ22C0062_9700_-NONE-_-NONE-,W58RGZ22C0062,,,,,,,,,9627523.96,,0.00,9627523.96,2022-06-30,2022,2023-07-05,2023,2022-06-30,2023-09-28,2023-09-28 12:09:00,,2021-12-01,097,Department of Defense,2100,Department of the Army,W58RGZ,W6QK ACC-RSA,097,Department of Defense,2100,Department of the Army,W81UHH,W6DQ 01 PEO AVN,,,,,X,NOT APPLICABLE,,,MWKWXVSSC518,,"AEROVIRONMENT, INC","AEROVIRONMENT, INC.",,60107,YJG1MDHLBC88,,"AEROVIRONMENT, INC.",AEROVIRONMENT  INC.,USA,UNITED STATES,900 INNOVATORS WAY,,SIMI VALLEY,06111,VENTURA,06,CA,CALIFORNIA,930652072,CA-26,CA-26,8055208350,,USA,UNITED STATES,SIMI VALLEY,06111,VENTURA,06,CA,CALIFORNIA,930652072,CA-26,CA-26,AWARD,D,DEFINITIVE CONTRACT,,,,,,,J,FIRM FIXED PRICE,PROCUREMENT OF PUMA AE 3,,1,,,1550,UNMANNED AIRCRAFT,H,NOT BUNDLED,A5,WEAPONS,336411,AIRCRAFT MANUFACTURING,C,NO CLAUSES INCLUDED AND NO SUSTAINABILITY INCLUDED,A,U.S. OWNED BUSINESS,000,NONE,Z,NOT IT PRODUCTS OR SERVICES,E,NOT REQUIRED,USA,UNITED STATES,D,MFG IN U.S.,B,PLAN NOT REQUIRED,B,NOT AVAILABLE FOR COMPETITION,SSS,ONLY ONE SOURCE,NONE,NO SET ASIDE USED.,NONE,NO PREFERENCE USED,,,,,IA,INTERNATIONAL AGREEMENT (FAR 6.302-4),1,A,COMMERCIAL PRODUCTS/SERVICES,f,N,NO,N,NO,N,NO,N,NO,0.00,N,NO,N,NO,N,NO,N,NO,X,NOT APPLICABLE,,,,,,,,NONE,NONE,N,NO,X,NOT APPLICABLE EXEMPT FROM CAS,N,TRANSACTION DOES NOT USE GFE/GFP,N,NO,D,NOT CONSOLIDATED,X,NOT APPLICABLE,N,NO,Z,NOT APPLICABLE,N,NO,X,NOT APPLICABLE,f,f,f,f,f,f,f,f,f,f,f,f,f,f,f,f,f,f,f,SMALL BUSINESS,S,f,f,f,f,f,f,f,f,f,f,f,f,f,f,f,f,f,CORPORATE NOT TAX EXEMPT,t,f,f,f,f,f,f,f,f,f,f,f,t,f,f,f,f,t,f,f,f,f,f,f,f,f,f,f,t,f,f,f,f,f,f,f,f,f,f,f,f,f,f,f,f,f,f,f,f,f,,,,,,,,,,,https://www.usaspending.gov/award/CONT_AWD_W58RGZ22C0062_9700_-NONE-_-NONE-/,2023-07-05 18:02:12+00
CONT_AWD_W5J9JE22C0006_9700_-NONE-_-NONE-,W5J9JE22C0006,,,,Q: Not Designated Nonemergency/Emergency/Disaster/Wildfire Suppression,,,,,624300.00,0.00,624300.00,624300.00,2022-09-30,2022,2023-07-06,2023,2022-10-10,2023-07-27,2023-07-27 00:00:00,,2022-08-23,097,Department of Defense,2100,Department of the Army,W5J9JE,W076 ENDIST EXPEDITION(PROVIS),097,Department of Defense,2100,Department of the Army,W5J9JE,W076 ENDIST EXPEDITION(PROVIS),021-2022/2022-2020-000;021-2023/2023-2020-000,021-2020,32.0: Land and structures,0801: REIMBURSABLE,X,NOT APPLICABLE,,,NN2NGPDNCK23,,FOREIGN AWARDEES (UNDISCLOSED),FOREIGN AWARDEES (UNDISCLOSED),,3JEV3,NN2NGPDNCK23,,FOREIGN AWARDEES (UNDISCLOSED),FOREIGN CONTRACTOR (UNDISCLOSED),USA,UNITED STATES,1800 F ST NW,,WASHINGTON,11001,DISTRICT OF COLUMBIA,11,DC,DISTRICT OF COLUMBIA,204050001,DC-98,DC-98,7036052175,,SYR,SYRIA,,,,,,,,,,AWARD,D,DEFINITIVE CONTRACT,,,,,,,J,FIRM FIXED PRICE,MAIN BUILDING RENOVATION,W5J9JE22R0010,1,OT,OTHER FUNCTIONS,Z1JZ,MAINTENANCE OF MISCELLANEOUS BUILDINGS,H,NOT BUNDLED,C2,CONSTRUCTION,236220,COMMERCIAL AND INSTITUTIONAL BUILDING CONSTRUCTION,C,NO CLAUSES INCLUDED AND NO SUSTAINABILITY INCLUDED,D,FOREIGN-OWNED BUSINESS NOT INCORPORATED IN THE U.S.,000,NONE,Z,NOT IT PRODUCTS OR SERVICES,E,NOT REQUIRED,SYR,SYRIA,C,NOT A MANUFACTURED END PRODUCT,B,PLAN NOT REQUIRED,A,FULL AND OPEN COMPETITION,NP,NEGOTIATED PROPOSAL/QUOTE,NONE,NO SET ASIDE USED.,NONE,NO PREFERENCE USED,,,,,,,3,D,COMMERCIAL PRODUCTS/SERVICES PROCEDURES NOT USED,f,N,NO,N,NO,Y,YES,N,NO,0.00,N,NO,X,NOT APPLICABLE,X,NOT APPLICABLE,X,NOT APPLICABLE,X,NOT APPLICABLE,,,,,,,,NONE,NONE,N,NO,X,NOT APPLICABLE EXEMPT FROM CAS,N,TRANSACTION DOES NOT USE GFE/GFP,U,UNKNOWN,D,NOT CONSOLIDATED,N,NO - SERVICE WHERE PBA IS NOT USED.,N,NO,Z,NOT APPLICABLE,N,NO,X,NOT APPLICABLE,f,f,f,f,f,f,f,f,f,f,f,f,f,f,f,f,f,f,f,OTHER THAN SMALL BUSINESS,O,f,f,f,f,f,f,f,f,f,f,f,f,f,f,f,f,f,OTHER,f,f,f,f,f,f,f,f,f,f,f,f,f,f,f,f,f,t,f,f,f,f,f,f,f,f,f,f,t,f,f,f,f,f,f,f,f,f,f,f,f,f,f,f,f,f,f,f,f,f,,,,,,,,,,,https://www.usaspending.gov/award/CONT_AWD_W5J9JE22C0006_9700_-NONE-_-NONE-/,2023-07-18 12:48:31+00
CONT_AWD_W5J9JE22C0007_9700_-NONE-_-NONE-,W5J9JE22C0007,,,,Q: Not Designated Nonemergency/Emergency/Disaster/Wildfire Suppression,,,,,1100500.00,-102700.00,1100500.00,1100500.00,2022-09-30,2022,2023-07-06,2023,2022-10-10,2023-07-27,2023-07-27 00:00:00,,2022-08-22,097,Department of Defense,2100,Department of the Army,W5J9JE,W076 ENDIST EXPEDITION(PROVIS),097,Department of Defense,2100,Department of the Army,W5J9JE,W076 ENDIST EXPEDITION(PROVIS),021-2022/2022-2020-000;021-2023/2023-2020-000,021-2020,32.0: Land and structures,0801: REIMBURSABLE,X,NOT APPLICABLE,,,NN2NGPDNCK23,,FOREIGN AWARDEES (UNDISCLOSED),FOREIGN AWARDEES (UNDISCLOSED),,3JEV3,NN2NGPDNCK23,,FOREIGN AWARDEES (UNDISCLOSED),FOREIGN CONTRACTOR (UNDISCLOSED),USA,UNITED STATES,1800 F ST NW,,WASHINGTON,11001,DISTRICT OF COLUMBIA,11,DC,DISTRICT OF COLUMBIA,204050001,DC-98,DC-98,7036052175,,SYR,SYRIA,,,,,,,,,,AWARD,D,DEFINITIVE CONTRACT,,,,,,,J,FIRM FIXED PRICE,MAIN BUILDING RENOVATION,W5J9JE22R0008,1,OT,OTHER FUNCTIONS,Z1JZ,MAINTENANCE OF MISCELLANEOUS BUILDINGS,H,NOT BUNDLED,C2,CONSTRUCTION,236220,COMMERCIAL AND INSTITUTIONAL BUILDING CONSTRUCTION,C,NO CLAUSES INCLUDED AND NO SUSTAINABILITY INCLUDED,D,FOREIGN-OWNED BUSINESS NOT INCORPORATED IN THE U.S.,000,NONE,Z,NOT IT PRODUCTS OR SERVICES,E,NOT REQUIRED,SYR,SYRIA,C,NOT A MANUFACTURED END PRODUCT,B,PLAN NOT REQUIRED,A,FULL AND OPEN COMPETITION,NP,NEGOTIATED PROPOSAL/QUOTE,NONE,NO SET ASIDE USED.,NONE,NO PREFERENCE USED,,,,,,,3,D,COMMERCIAL PRODUCTS/SERVICES PROCEDURES NOT USED,f,N,NO,N,NO,Y,YES,N,NO,0.00,N,NO,X,NOT APPLICABLE,X,NOT APPLICABLE,X,NOT APPLICABLE,X,NOT APPLICABLE,,,,,,,,NONE,NONE,N,NO,X,NOT APPLICABLE EXEMPT FROM CAS,N,TRANSACTION DOES NOT USE GFE/GFP,U,UNKNOWN,D,NOT CONSOLIDATED,N,NO - SERVICE WHERE PBA IS NOT USED.,N,NO,Z,NOT APPLICABLE,N,NO,X,NOT APPLICABLE,f,f,f,f,f,f,f,f,f,f,f,f,f,f,f,f,f,f,f,OTHER THAN SMALL BUSINESS,O,f,f,f,f,f,f,f,f,f,f,f,f,f,f,f,f,f,OTHER,f,f,f,f,f,f,f,f,f,f,f,f,f,f,f,f,f,t,f,f,f,f,f,f,f,f,f,f,t,f,f,f,f,f,f,f,f,f,f,f,f,f,f,f,f,f,f,f,f,f,,,,,,,,,,,https://www.usaspending.gov/award/CONT_AWD_W5J9JE22C0007_9700_-NONE-_-NONE-/,2023-07-18 12:51:10+00
CONT_AWD_W81K0418C0002_9700_-NONE-_-NONE-,W81K0418C0002,,,,N: Emergency P.L. 116-136;Q: Not Designated Nonemergency/Emergency/Disaster/Wildfire Suppression,,2286035.20,,,63272472.91,10035800.32,63340135.21,63448401.77,2018-01-25,2018,2023-07-13,2023,2018-01-26,2023-10-31,2023-10-31 00:00:00,,,097,Department of Defense,2100,Department of the Army,W81K04,W40M USA HCA,097,Department of Defense,2100,Department of the Army,W45RBK,W3VY USA MEDCOM,021-2023/2023-2080-000;057-2020/2020-3840-000;057-2021/2021-3400-000;057-2021/2021-3840-000;057-2022/2022-3400-000;057-2022/2022-3840-000;057-2023/2023-3400-000;097-2018/2018-0130-000;097-2019/2019-0130-000;097-2020/2020-0130-000,021-2080;057-3400;057-3840;097-0130,25.6: Medical care;26.0: Supplies and materials,0001: OPERATING FORCES;0004: ADMINISTRATION AND SERVICE-WIDE ACTIVITIES,X,NOT APPLICABLE,,,XUZ9P4RC4C64,,GOODWILL INDUSTRIES OF SAN ANTONIO CONTRACT SERVICES,GOODWILL INDUSTRIES OF SAN ANTONIO CONTRACT SERVICES,,6KK45,XUZ9P4RC4C64,,GOODWILL INDUSTRIES OF SAN ANTONIO CONTRACT SERVICES,GOODWILL INDUSTRIES OF SAN ANTONIO CONTRACT SERVICES,USA,UNITED STATES,406 W COMMERCE ST,,SAN ANTONIO,48029,BEXAR,48,TX,TEXAS,782073102,TX-35,TX-35,2109248581,2104921927,USA,UNITED STATES,SAN ANTONIO,48029,BEXAR,48,TX,TEXAS,782073102,TX-35,TX-35,AWARD,D,DEFINITIVE CONTRACT,,,,,,,J,FIRM FIXED PRICE,IGF::OT::IGF  RECORDS PROCESSING SERVICES FOR AMEDD.,W81K0417R0009,1,OT,OTHER FUNCTIONS,R699,SUPPORT- ADMINISTRATIVE: OTHER,H,NOT BUNDLED,S1,SERVICES,561499,ALL OTHER BUSINESS SUPPORT SERVICES,C,NO CLAUSES INCLUDED AND NO SUSTAINABILITY INCLUDED,A,U.S. OWNED BUSINESS,000,NONE,Z,NOT IT PRODUCTS OR SERVICES,E,NOT REQUIRED,USA,UNITED STATES,C,NOT A MANUFACTURED END PRODUCT,B,PLAN NOT REQUIRED,B,NOT AVAILABLE FOR COMPETITION,SSS,ONLY ONE SOURCE,NONE,NO SET ASIDE USED.,NONE,NO PREFERENCE USED,,,,,OTH,AUTHORIZED BY STATUTE (FAR 6.302-5(A)(2)(I)),1,A,COMMERCIAL PRODUCTS/SERVICES,f,N,NO,N,NO,Y,YES,N,NO,0.00,N,NO,X,NOT APPLICABLE,Y,YES,X,NOT APPLICABLE,X,NOT APPLICABLE,,,,,,,,NONE,NONE,N,NO,X,NOT APPLICABLE EXEMPT FROM CAS,N,TRANSACTION DOES NOT USE GFE/GFP,U,UNKNOWN,D,NOT CONSOLIDATED,Y,YES - SERVICE WHERE PBA IS USED.,N,NO,Z,NOT APPLICABLE,N,NO,X,NOT APPLICABLE,f,f,f,f,f,f,f,f,f,f,f,f,f,f,f,f,f,f,f,OTHER THAN SMALL BUSINESS,O,f,f,f,f,f,f,f,f,f,f,f,f,f,f,f,f,f,CORPORATE TAX EXEMPT,f,t,f,f,f,f,f,f,f,f,f,f,f,f,f,f,f,t,f,f,f,f,f,f,f,f,f,f,f,t,f,t,f,f,f,f,f,f,f,f,f,f,f,f,f,f,f,f,f,f,KEVIN  BERGNER,0.00,MARK  MCKEEVER,0.00,LOUIS B MARYFIELD,0.00,ANNA L FLORES,0.00,DAVID  DAUPHINE,0.00,https://www.usaspending.gov/award/CONT_AWD_W81K0418C0002_9700_-NONE-_-NONE-/,2023-07-13 17:21:31+00
CONT_AWD_W81XWH20C0042_9700_-NONE-_-NONE-,W81XWH20C0042,,,,,,,,,4496897.16,,4496897.16,4496897.16,2020-09-25,2020,2023-07-10,2023,2020-09-28,2024-09-27,2024-09-27 00:00:00,,2019-03-15,097,Department of Defense,97DH,Defense Health Agency,HT9425,ARMY MED RES ACQ ACTIVITY,097,Department of Defense,97DH,Defense Health Agency,HT0989,CONG DIR MED RES PRGM / CDMRP - MM,,,,,X,NOT APPLICABLE,,,JLZSJRJVKJ49,,"CERAMEDIX HOLDING, LLC","CERAMEDIX HOLDING, LLC",,7SUF5,JLZSJRJVKJ49,,"CERAMEDIX HOLDING, LLC",CERAMEDIX HOLDING  LLC,USA,UNITED STATES,555 MADISON AVE STE 1201,,NEW YORK,36061,NEW YORK,36,NY,NEW YORK,100223328,NY-12,NY-12,2039094618,,USA,UNITED STATES,NEW YORK,36061,NEW YORK,36,NY,NEW YORK,100223328,NY-12,NY-12,AWARD,D,DEFINITIVE CONTRACT,,,,,,,B,FIXED PRICE LEVEL OF EFFORT,JW190496 FY19 NEW START,W81XWH19RJWMR,1,OT,OTHER FUNCTIONS,AN93,R&D- MEDICAL: OTHER (ADVANCED DEVELOPMENT),H,NOT BUNDLED,S1,SERVICES,541715,"RESEARCH AND DEVELOPMENT IN THE PHYSICAL, ENGINEERING, AND LIFE SCIENCES (EXCEPT NANOTECHNOLOGY AND BIOTECHNOLOGY)",C,NO CLAUSES INCLUDED AND NO SUSTAINABILITY INCLUDED,A,U.S. OWNED BUSINESS,000,NONE,Z,NOT IT PRODUCTS OR SERVICES,E,NOT REQUIRED,USA,UNITED STATES,C,NOT A MANUFACTURED END PRODUCT,B,PLAN NOT REQUIRED,C,NOT COMPETED,SSS,ONLY ONE SOURCE,NONE,NO SET ASIDE USED.,NONE,NO PREFERENCE USED,,,,,ONE,ONLY ONE SOURCE-OTHER (FAR 6.302-1 OTHER),1,D,COMMERCIAL PRODUCTS/SERVICES PROCEDURES NOT USED,f,N,NO,N,NO,Y,YES,N,NO,0.00,N,NO,X,NOT APPLICABLE,X,NOT APPLICABLE,X,NOT APPLICABLE,X,NOT APPLICABLE,,,,,,,,NONE,NONE,N,NO,Y,YES - CAS CLAUSE INCLUDED,N,TRANSACTION DOES NOT USE GFE/GFP,U,UNKNOWN,D,NOT CONSOLIDATED,Y,YES - SERVICE WHERE PBA IS USED.,Y,YES,Z,NOT APPLICABLE,N,NO,X,NOT APPLICABLE,f,f,f,f,f,f,f,f,f,f,f,f,f,f,f,f,f,f,f,SMALL BUSINESS,S,f,f,f,f,f,f,f,f,f,f,f,f,f,f,f,f,f,CORPORATE NOT TAX EXEMPT,t,f,f,f,f,f,f,f,f,f,f,f,f,f,f,f,f,t,f,f,f,f,f,f,f,f,t,f,t,f,f,f,f,f,f,f,f,f,f,f,f,f,f,f,f,f,f,f,f,f,,,,,,,,,,,https://www.usaspending.gov/award/CONT_AWD_W81XWH20C0042_9700_-NONE-_-NONE-/,2023-07-10 11:19:08+00
CONT_AWD_W900KK21C0010_9700_-NONE-_-NONE-,W900KK21C0010,,,,,,,,,1089453.72,,1089453.72,1089453.72,2021-07-08,2021,2023-07-11,2023,2021-07-07,2024-01-06,2024-01-06 00:00:00,,2018-11-28,097,Department of Defense,2100,Department of the Army,W900KK,W6QK ACC-APG-ORLANDO,097,Department of Defense,2100,Department of the Army,W32G11,W6EC CPE ST3 ORLANDO,,,,,X,NOT APPLICABLE,,,DD1BYN8SN355,,"CHARLES RIVER ANALYTICS, INC.","CHARLES RIVER ANALYTICS, INC.",,9W641,DD1BYN8SN355,,"CHARLES RIVER ANALYTICS, INC.",CHARLES RIVER ANALYTICS  INC.,USA,UNITED STATES,625 MOUNT AUBURN ST,,CAMBRIDGE,25017,MIDDLESEX,25,MA,MASSACHUSETTS,021384555,MA-05,MA-05,6174913474,6178680780,USA,UNITED STATES,CAMBRIDGE,25017,MIDDLESEX,25,MA,MASSACHUSETTS,021384555,MA-05,MA-05,AWARD,D,DEFINITIVE CONTRACT,,,,,,,J,FIRM FIXED PRICE,CYBER REACTIVE ADVERSARY FRAMEWORK FOR TRAINING (CRAFT) SBIR PHASE II BASE PERIOD - 12 MONTHS,,1,OT,OTHER FUNCTIONS,AC11,NATIONAL DEFENSE R&D SERVICES; DEPARTMENT OF DEFENSE - MILITARY; BASIC RESEARCH,H,NOT BUNDLED,C9E,ALL OTHERS NOT IDENTIFIABLE TO ANY OTHER PROCUREMENT PROGRAM,541715,"RESEARCH AND DEVELOPMENT IN THE PHYSICAL, ENGINEERING, AND LIFE SCIENCES (EXCEPT NANOTECHNOLOGY AND BIOTECHNOLOGY)",C,NO CLAUSES INCLUDED AND NO SUSTAINABILITY INCLUDED,A,U.S. OWNED BUSINESS,000,NONE,Z,NOT IT PRODUCTS OR SERVICES,E,NOT REQUIRED,USA,UNITED STATES,C,NOT A MANUFACTURED END PRODUCT,B,PLAN NOT REQUIRED,D,FULL AND OPEN COMPETITION AFTER EXCLUSION OF SOURCES,NP,NEGOTIATED PROPOSAL/QUOTE,SBA,SMALL BUSINESS SET ASIDE - TOTAL,NONE,NO PREFERENCE USED,SR2,SMALL BUSINESS INNOVATION RESEARCH PROGRAM PHASE II ACTION,,,,,47,D,COMMERCIAL PRODUCTS/SERVICES PROCEDURES NOT USED,f,N,NO,N,NO,N,NO,N,NO,0.00,N,NO,N,NO,N,NO,N,NO,X,NOT APPLICABLE,,,,,,,,NONE,NONE,N,NO,X,NOT APPLICABLE EXEMPT FROM CAS,N,TRANSACTION DOES NOT USE GFE/GFP,U,UNKNOWN,D,NOT CONSOLIDATED,N,NO - SERVICE WHERE PBA IS NOT USED.,N,NO,Z,NOT APPLICABLE,N,NO,X,NOT APPLICABLE,f,f,f,f,f,f,f,f,f,f,f,f,f,f,f,f,f,f,f,SMALL BUSINESS,S,f,f,f,f,f,f,f,f,f,f,f,f,f,f,f,f,f,CORPORATE NOT TAX EXEMPT,t,f,f,f,f,f,f,f,f,f,f,f,f,f,f,f,f,t,f,f,f,f,f,f,f,t,f,f,t,f,f,f,f,f,f,f,f,f,f,f,f,f,f,f,f,f,f,f,f,f,DONALD S REYNOLDS,291737.00,KAREN A HARPER,320706.00,PETER  WEYHRAUCH,295568.00,WILLIAM S NEAL REILLY,315914.00,SAM  MAHONEY,292376.00,https://www.usaspending.gov/award/CONT_AWD_W900KK21C0010_9700_-NONE-_-NONE-/,2023-07-11 14:15:09+00
CONT_AWD_W9113M19C0065_9700_-NONE-_-NONE-,W9113M19C0065,,,,,,,,,1050000.00,0.00,1050000.00,1050000.00,2018-11-16,2019,2023-07-14,2023,2018-11-16,2021-05-14,2021-05-14 00:00:00,,2017-01-10,097,Department of Defense,2100,Department of the Army,W9113M,W6QK ACC-RSA,097,Department of Defense,2100,Department of the Army,W31RPD,W4T8 USASMDC HUNTSVILLE,021-2019/2020-2040-000,021-2040,25.5: Research and development contracts,,X,NOT APPLICABLE,,,L1XGLKME9BC1,,"N.P. PHOTONICS, INC.","N.P. PHOTONICS, INC.",,1EHT7,L1XGLKME9BC1,,"N.P. PHOTONICS, INC.",N.P. PHOTONICS  INC.,USA,UNITED STATES,9030 S RITA RD STE 120,,TUCSON,04019,PIMA,04,AZ,ARIZONA,857479102,AZ-02,AZ-06,5204059826,5207997403,USA,UNITED STATES,TUCSON,04019,PIMA,04,AZ,ARIZONA,857479102,AZ-06,AZ-06,AWARD,D,DEFINITIVE CONTRACT,,,,,,,B,FIXED PRICE LEVEL OF EFFORT,"SMALL BUSINESS INNOVATION RESEARCH AND DEVELOPMENT - PHASE II - ""VARIABLE PULSED PARAMETER TRACKING ILLUMINATOR LASER"".",,1,OT,OTHER FUNCTIONS,AC23,NATIONAL DEFENSE R&D SERVICES; ATOMIC ENERGY DEFENSE ACTIVITIES; EXPERIMENTAL DEVELOPMENT,H,NOT BUNDLED,S1,SERVICES,541715,"RESEARCH AND DEVELOPMENT IN THE PHYSICAL, ENGINEERING, AND LIFE SCIENCES (EXCEPT NANOTECHNOLOGY AND BIOTECHNOLOGY)",C,NO CLAUSES INCLUDED AND NO SUSTAINABILITY INCLUDED,A,U.S. OWNED BUSINESS,000,NONE,Z,NOT IT PRODUCTS OR SERVICES,E,NOT REQUIRED,USA,UNITED STATES,C,NOT A MANUFACTURED END PRODUCT,B,PLAN NOT REQUIRED,D,FULL AND OPEN COMPETITION AFTER EXCLUSION OF SOURCES,NP,NEGOTIATED PROPOSAL/QUOTE,SBA,SMALL BUSINESS SET ASIDE - TOTAL,NONE,NO PREFERENCE USED,SR2,SMALL BUSINESS INNOVATION RESEARCH PROGRAM PHASE II ACTION,,,,,1,D,COMMERCIAL PRODUCTS/SERVICES PROCEDURES NOT USED,f,N,NO,N,NO,N,NO,N,NO,0.00,N,NO,N,NO,Y,YES,N,NO,X,NOT APPLICABLE,,,,,,,,NONE,NONE,N,NO,X,NOT APPLICABLE EXEMPT FROM CAS,N,TRANSACTION DOES NOT USE GFE/GFP,U,UNKNOWN,D,NOT CONSOLIDATED,N,NO - SERVICE WHERE PBA IS NOT USED.,N,NO,D,UNUSUAL PROGRESS PAYMENTS OR ADVANCE PAYMENTS,N,NO,X,NOT APPLICABLE,f,f,f,f,f,f,f,f,f,f,f,f,f,f,f,f,f,f,f,SMALL BUSINESS,S,f,f,f,f,f,f,f,f,f,f,f,f,f,f,f,f,f,CORPORATE NOT TAX EXEMPT,t,f,f,f,f,f,f,f,f,f,f,f,t,f,f,f,f,t,f,f,f,f,f,f,f,f,f,f,t,f,f,f,f,f,f,f,f,f,f,f,f,f,f,f,f,f,f,f,f,f,,,,,,,,,,,https://www.usaspending.gov/award/CONT_AWD_W9113M19C0065_9700_-NONE-_-NONE-/,2025-12-31 09:44:17+00
CONT_AWD_W9115122C0022_9700_-NONE-_-NONE-,W9115122C0022,,,,,,,,,194786.74,,194786.74,194786.74,2022-08-26,2022,2023-07-13,2023,2022-09-08,2023-09-28,2023-09-28 00:00:00,,2022-07-29,097,Department of Defense,2100,Department of the Army,W911S8,W6QM MICC-JB LEWIS-MC CHORD,097,Department of Defense,2100,Department of the Army,W68NE6,W12K JBLM LEWIS DPW,,,,,X,NOT APPLICABLE,,,MGKMPYLK7GE8,,A & D QUALITY CONSTRUCTION CO L.L.C,"A & D QUALITY CONSTRUCTION CO., L.L.C.",,6GK70,MGKMPYLK7GE8,,A & D QUALITY CONSTRUCTION CO L.L.C,A & D QUALITY CONSTRUCTION CO.  L.L.C.,USA,UNITED STATES,11412 148TH AVE SE,,RENTON,53033,KING,53,WA,WASHINGTON,980594304,WA-08,WA-08,4252717751,4252260111,USA,UNITED STATES,JOINT BASE LEWIS MCCHORD,53053,PIERCE,53,WA,WASHINGTON,984331672,WA-10,WA-10,AWARD,D,DEFINITIVE CONTRACT,,,,,,,J,FIRM FIXED PRICE,J84012 PERIMETERFENCE OBSCUR. DQA210041J,W9115122Q0122,1,OT,OTHER FUNCTIONS,Z2PZ,REPAIR OR ALTERATION OF OTHER NON-BUILDING FACILITIES,H,NOT BUNDLED,C2,CONSTRUCTION,238990,ALL OTHER SPECIALTY TRADE CONTRACTORS,C,NO CLAUSES INCLUDED AND NO SUSTAINABILITY INCLUDED,A,U.S. OWNED BUSINESS,000,NONE,Z,NOT IT PRODUCTS OR SERVICES,E,NOT REQUIRED,USA,UNITED STATES,C,NOT A MANUFACTURED END PRODUCT,B,PLAN NOT REQUIRED,F,COMPETED UNDER SAP,SP1,SIMPLIFIED ACQUISITION,SBA,SMALL BUSINESS SET ASIDE - TOTAL,NONE,NO PREFERENCE USED,,,,,,,2,D,COMMERCIAL PRODUCTS/SERVICES PROCEDURES NOT USED,f,N,NO,N,NO,Y,YES,N,NO,0.00,N,NO,Y,YES,X,NOT APPLICABLE,Y,YES,X,NOT APPLICABLE,,,,,,,,NONE,NONE,N,NO,X,NOT APPLICABLE EXEMPT FROM CAS,N,TRANSACTION DOES NOT USE GFE/GFP,U,UNKNOWN,D,NOT CONSOLIDATED,N,NO - SERVICE WHERE PBA IS NOT USED.,N,NO,Z,NOT APPLICABLE,N,NO,X,NOT APPLICABLE,f,f,f,f,f,f,f,f,f,f,f,f,f,f,f,t,f,f,f,SMALL BUSINESS,S,f,f,f,f,f,f,f,f,f,f,f,f,f,f,f,f,f,CORPORATE NOT TAX EXEMPT,t,f,f,f,f,f,f,f,f,f,f,f,f,f,f,f,f,t,f,f,f,f,f,f,f,f,t,f,t,f,f,f,f,f,f,f,f,f,f,f,f,f,f,f,t,t,f,t,f,f,,,,,,,,,,,https://www.usaspending.gov/award/CONT_AWD_W9115122C0022_9700_-NONE-_-NONE-/,2023-07-13 12:43:19+00
CONT_AWD_W9115123C0001_9700_-NONE-_-NONE-,W9115123C0001,,,,,,,,,28578.24,,28578.24,28578.24,2022-10-12,2023,2023-07-13,2023,2022-10-12,2022-12-15,2022-12-15 00:00:00,,,097,Department of Defense,2100,Department of the Army,W91151,W6QM MICC-FDO FT HOOD,097,Department of Defense,2100,Department of the Army,W56YBX,0015 CS BN     BRIGADE SUPPORT,,,,,X,NOT APPLICABLE,,,C4LFYDP54AR6,,CUEBID TECHNOLOGIES INC,CUEBID TECHNOLOGIES INC,,8EWJ9,D1S6KZBXS459,,CUEBID TECHNOLOGIES INC.,CUEBID TECHNOLOGIES INC.,USA,UNITED STATES,2933 W PALMA VISTA DR,STE 8,PALMVIEW,48215,HIDALGO,48,TX,TEXAS,785722228,TX-28,TX-15,3023803910,,USA,UNITED STATES,FORT HOOD,48027,BELL,48,TX,TEXAS,765445027,TX-31,TX-31,AWARD,D,DEFINITIVE CONTRACT,,,,,,,J,FIRM FIXED PRICE,AGRICULTURAL SANITIZATION SERVICES CONT,W9115122R0022,1,OT,OTHER FUNCTIONS,S207,HOUSEKEEPING- INSECT/RODENT CONTROL,H,NOT BUNDLED,S1,SERVICES,561710,EXTERMINATING AND PEST CONTROL SERVICES,C,NO CLAUSES INCLUDED AND NO SUSTAINABILITY INCLUDED,A,U.S. OWNED BUSINESS,000,NONE,Z,NOT IT PRODUCTS OR SERVICES,E,NOT REQUIRED,USA,UNITED STATES,C,NOT A MANUFACTURED END PRODUCT,B,PLAN NOT REQUIRED,F,COMPETED UNDER SAP,SP1,SIMPLIFIED ACQUISITION,SBA,SMALL BUSINESS SET ASIDE - TOTAL,NONE,NO PREFERENCE USED,,,,,,,4,A,COMMERCIAL PRODUCTS/SERVICES,f,Y,YES,N,NO,Y,YES,N,NO,0.00,N,NO,N,NO,Y,YES,N,NO,X,NOT APPLICABLE,,,,,,,,NONE,NONE,N,NO,X,NOT APPLICABLE EXEMPT FROM CAS,N,TRANSACTION DOES NOT USE GFE/GFP,U,UNKNOWN,D,NOT CONSOLIDATED,Y,YES - SERVICE WHERE PBA IS USED.,N,NO,Z,NOT APPLICABLE,N,NO,X,NOT APPLICABLE,f,f,f,f,f,f,f,f,f,f,f,f,f,f,f,f,f,f,f,SMALL BUSINESS,S,f,f,f,f,f,f,f,f,f,f,f,f,f,f,f,f,f,CORPORATE NOT TAX EXEMPT,t,f,f,f,f,f,f,f,f,f,f,f,f,f,f,f,f,t,f,f,f,f,f,f,f,f,t,f,t,f,f,f,f,f,f,f,f,f,f,f,f,f,f,f,f,t,f,f,f,f,,,,,,,,,,,https://www.usaspending.gov/award/CONT_AWD_W9115123C0001_9700_-NONE-_-NONE-/,2023-07-13 11:27:46+00
CONT_AWD_W911KB12C0010_9700_-NONE-_-NONE-,W911KB12C0010,,,,Q: Not Designated Nonemergency/Emergency/Disaster/Wildfire Suppression,,,,,255990215.78,89059.81,255990215.78,255990215.78,2012-09-14,2012,2023-07-06,2023,2012-09-14,2022-05-31,2022-05-31 00:00:00,,,097,Department of Defense,2100,Department of the Army,W911KB,W2SN ENDIST ALASKA,097,Department of Defense,2100,Department of the Army,W911KB,W2SN ENDIST ALASKA,021-2016/2020-2050-000,021-2050,32.0: Land and structures,0001: MAJOR CONSTRUCTION;OPTN: FIELD IS OPTIONAL PRIOR TO FY21,X,NOT APPLICABLE,,,M8JLMEHJADQ5,,THE BOEING COMPANY,"BOEING COMPANY, THE",,18355,NU2UC8MX6NK1,,THE BOEING COMPANY,THE BOEING COMPANY,USA,UNITED STATES,5301 BOLSA AVE,,HUNTINGTON BEACH,06059,ORANGE,06,CA,CALIFORNIA,926472048,CA-47,CA-47,5627974674,5627975707,IND,INDIA,,,,,,,,,,AWARD,D,DEFINITIVE CONTRACT,,,,,,,J,FIRM FIXED PRICE,"IGF::OT::IGF IND001 - INDIA FMS - C-17 BEDDOWN INFRASTRUCTURE FACILITY CONSTRUCTION, HINDAN AIR FORCE STATION, GHAZIABAD (NEW DELHI), INDIA - CLINS 0001, 0003, 0005, 0010, 0011, 0026, 0039, AND 0041",W911KB12R0002,1,OT,OTHER FUNCTIONS,Y1BD,CONSTRUCTION OF AIRPORT RUNWAYS AND TAXIWAYS,D,NOT A BUNDLED REQUIREMENT,C2,CONSTRUCTION,236220,COMMERCIAL AND INSTITUTIONAL BUILDING CONSTRUCTION,C,NO CLAUSES INCLUDED AND NO SUSTAINABILITY INCLUDED,A,U.S. OWNED BUSINESS,000,NONE,Z,NOT IT PRODUCTS OR SERVICES,E,NOT REQUIRED,USA,UNITED STATES,C,NOT A MANUFACTURED END PRODUCT,B,PLAN NOT REQUIRED,B,NOT AVAILABLE FOR COMPETITION,SSS,ONLY ONE SOURCE,NONE,NO SET ASIDE USED.,NONE,NO PREFERENCE USED,,,,,IA,INTERNATIONAL AGREEMENT (FAR 6.302-4),1,D,COMMERCIAL PRODUCTS/SERVICES PROCEDURES NOT USED,f,N,NO,N,NO,X,NOT APPLICABLE,N,NO,0.00,N,NO,X,NOT APPLICABLE,X,NOT APPLICABLE,X,NOT APPLICABLE,X,NOT APPLICABLE,,,,,,,,NONE,NONE,N,NO,X,NOT APPLICABLE EXEMPT FROM CAS,N,TRANSACTION DOES NOT USE GFE/GFP,Y,YES,N,NO,N,NO - SERVICE WHERE PBA IS NOT USED.,N,NO,A,FAR 52.232-16 PROGRESS PAYMENTS,N,NO,X,NOT APPLICABLE,f,f,f,f,f,f,f,f,f,f,f,f,f,f,f,f,f,f,f,OTHER THAN SMALL BUSINESS,O,f,f,f,f,f,f,f,f,f,f,f,f,f,f,f,f,f,CORPORATE NOT TAX EXEMPT,t,f,f,f,f,f,f,f,f,f,f,f,t,f,f,f,f,t,f,f,f,f,f,f,f,f,f,f,t,f,f,f,f,f,f,f,f,f,f,f,f,f,f,f,f,f,f,f,f,f,,,,,,,,,,,https://www.usaspending.gov/award/CONT_AWD_W911KB12C0010_9700_-NONE-_-NONE-/,2025-04-22 16:50:17+00
CONT_AWD_W911KF17C0007_9700_-NONE-_-NONE-,W911KF17C0007,,,,Q: Not Designated Nonemergency/Emergency/Disaster/Wildfire Suppression,,,,,3044045.00,1052565.00,3044045.00,3044045.00,2017-07-26,2017,2023-07-12,2023,2017-07-26,2023-01-25,2023-01-25 00:00:00,,,097,Department of Defense,2100,Department of the Army,W911KF,W6QK ACC ANAD,097,Department of Defense,2100,Department of the Army,W31G1Y,W0LX ANNISTON DEPOT PROP DIV,097-X-4930-000;097-X-4930-001,097-4930,25.2: Other services from non-Federal sources,0000: UNKNOWN/OTHER;0801: REIMBURSABLE,X,NOT APPLICABLE,,,DT8JFQCMVQ49,,"AEROSPACE COATINGS INTERNATIONAL, LLC",AEROSPACE COATINGS INTERNATIONAL INC,,3FB93,E1JMLVGA3H63,,WENCOR GROUP LLC,WENCOR GROUP  LLC,USA,UNITED STATES,370 KNIGHT DR,,OXFORD,01121,TALLADEGA,01,AL,ALABAMA,362038944,AL-03,AL-03,3364209865,2562412760,USA,UNITED STATES,ANNISTON,01015,CALHOUN,01,AL,ALABAMA,362013826,AL-03,AL-03,AWARD,D,DEFINITIVE CONTRACT,,,,,,,J,FIRM FIXED PRICE,IGF::OT::IGF HARD CHROME PLATING SERVICE,W911KF17Q0036,1,OT,OTHER FUNCTIONS,J036,MAINT/REPAIR/REBUILD OF EQUIPMENT- SPECIAL INDUSTRY MACHINERY,H,NOT BUNDLED,C9E,ALL OTHERS NOT IDENTIFIABLE TO ANY OTHER PROCUREMENT PROGRAM,332813,"ELECTROPLATING, PLATING, POLISHING, ANODIZING, AND COLORING",C,NO CLAUSES INCLUDED AND NO SUSTAINABILITY INCLUDED,A,U.S. OWNED BUSINESS,000,NONE,Z,NOT IT PRODUCTS OR SERVICES,E,NOT REQUIRED,USA,UNITED STATES,C,NOT A MANUFACTURED END PRODUCT,B,PLAN NOT REQUIRED,F,COMPETED UNDER SAP,SP1,SIMPLIFIED ACQUISITION,NONE,NO SET ASIDE USED.,NONE,NO PREFERENCE USED,,,,,,,1,A,COMMERCIAL PRODUCTS/SERVICES,f,N,NO,N,NO,Y,YES,N,NO,0.00,N,NO,N,NO,Y,YES,N,NO,X,NOT APPLICABLE,,,,,,,,NONE,NONE,N,NO,X,NOT APPLICABLE EXEMPT FROM CAS,Y,TRANSACTION USES GFE/GFP,U,UNKNOWN,D,NOT CONSOLIDATED,Y,YES - SERVICE WHERE PBA IS USED.,N,NO,Z,NOT APPLICABLE,Y,YES,X,NOT APPLICABLE,f,f,f,f,f,f,f,f,f,f,f,f,f,f,f,f,f,f,f,OTHER THAN SMALL BUSINESS,O,f,f,f,f,f,f,f,f,f,f,f,f,f,f,f,f,f,CORPORATE NOT TAX EXEMPT,t,f,f,f,f,f,f,f,f,f,f,f,t,f,f,f,f,t,f,f,f,f,f,f,f,f,t,f,t,f,f,f,f,f,f,f,f,f,f,f,f,f,f,f,f,f,f,f,f,f,,,,,,,,,,,https://www.usaspending.gov/award/CONT_AWD_W911KF17C0007_9700_-NONE-_-NONE-/,2023-07-12 14:08:33+00
CONT_AWD_W911NF21C0005_9700_-NONE-_-NONE-,W911NF21C0005,,,,,,,,,1099995.10,,1099995.10,1099995.10,2020-10-16,2021,2023-07-11,2023,2020-10-19,2024-02-28,2024-02-28 00:00:00,,2016-11-30,097,Department of Defense,2100,Department of the Army,W911NF,W6QK ACC-APG DURHAM,097,Department of Defense,2100,Department of the Army,W36QYT,W262 PROP BK ACCT DURHAM,,,,,X,NOT APPLICABLE,,,JL9DW4GMNJ53,,MAXENTRIC TECHNOLOGIES LLC,"MAXENTRIC TECHNOLOGIES, LLC",,3SYV8,JL9DW4GMNJ53,,MAXENTRIC TECHNOLOGIES LLC,MAXENTRIC TECHNOLOGIES  LLC,USA,UNITED STATES,2071 LEMOINE AVE STE 302,,FORT LEE,34003,BERGEN,34,NJ,NEW JERSEY,070246006,NJ-05,NJ-05,2012429805,2012424414,USA,UNITED STATES,FORT LEE,34003,BERGEN,34,NJ,NEW JERSEY,070246006,NJ-05,NJ-05,AWARD,D,DEFINITIVE CONTRACT,,,,,,,J,FIRM FIXED PRICE,"SBIR PHASE II- NEW CONCEPT FOR A LOW DISTORTION, HIGH- POWER, HIGH-EFFICIENCY MM-WAVE RF POWER AMPLIFIER CIRCUIT",,1,OT,OTHER FUNCTIONS,AZ11,R&D- OTHER RESEARCH AND DEVELOPMENT (BASIC RESEARCH),H,NOT BUNDLED,S1,SERVICES,541715,"RESEARCH AND DEVELOPMENT IN THE PHYSICAL, ENGINEERING, AND LIFE SCIENCES (EXCEPT NANOTECHNOLOGY AND BIOTECHNOLOGY)",C,NO CLAUSES INCLUDED AND NO SUSTAINABILITY INCLUDED,A,U.S. OWNED BUSINESS,000,NONE,Z,NOT IT PRODUCTS OR SERVICES,E,NOT REQUIRED,USA,UNITED STATES,C,NOT A MANUFACTURED END PRODUCT,B,PLAN NOT REQUIRED,D,FULL AND OPEN COMPETITION AFTER EXCLUSION OF SOURCES,NP,NEGOTIATED PROPOSAL/QUOTE,SBA,SMALL BUSINESS SET ASIDE - TOTAL,NONE,NO PREFERENCE USED,SR2,SMALL BUSINESS INNOVATION RESEARCH PROGRAM PHASE II ACTION,,,,,6,D,COMMERCIAL PRODUCTS/SERVICES PROCEDURES NOT USED,f,N,NO,N,NO,X,NOT APPLICABLE,N,NO,0.00,N,NO,X,NOT APPLICABLE,X,NOT APPLICABLE,X,NOT APPLICABLE,X,NOT APPLICABLE,,,,,,,,NONE,NONE,N,NO,X,NOT APPLICABLE EXEMPT FROM CAS,N,TRANSACTION DOES NOT USE GFE/GFP,U,UNKNOWN,D,NOT CONSOLIDATED,Y,YES - SERVICE WHERE PBA IS USED.,N,NO,Z,NOT APPLICABLE,N,NO,X,NOT APPLICABLE,f,f,f,f,f,f,f,f,f,f,f,f,f,f,f,f,f,f,f,SMALL BUSINESS,S,f,f,f,f,f,f,f,f,f,f,f,f,f,f,f,f,f,CORPORATE NOT TAX EXEMPT,t,f,f,f,f,f,f,f,f,f,f,f,f,f,f,f,f,t,f,f,f,f,f,f,f,f,t,f,t,f,f,f,f,f,f,f,f,f,f,f,f,f,f,f,f,f,f,f,f,f,,,,,,,,,,,https://www.usaspending.gov/award/CONT_AWD_W911NF21C0005_9700_-NONE-_-NONE-/,2023-07-11 10:23:37+00
CONT_AWD_W911NF22C0028_9700_-NONE-_-NONE-,W911NF22C0028,,,,Q: Not Designated Nonemergency/Emergency/Disaster/Wildfire Suppression,,,,,1994160.00,1858277.65,1994160.00,8747795.00,2022-06-21,2022,2023-07-03,2023,2022-07-01,2023-09-30,2025-07-31 00:00:00,,2021-06-24,097,Department of Defense,2100,Department of the Army,W911NF,W6QK ACC-APG DURHAM,097,Department of Defense,97AE,Defense Advanced Research Projects Agency,HR0011,DEF ADVANCED RESEARCH PROJECTS AGCY,097-2021/2022-0400-000;097-2022/2023-0400-000,097-0400,25.5: Research and development contracts,0001: BASIC RESEARCH;009S: MISCELLANEOUS;00CA: N/A,X,NOT APPLICABLE,,,CAYLP62JXMB7,,CACI INC - FEDERAL,CACI INC - FEDERAL,,8DU69,QSRTXLFKV857,,CACI INTERNATIONAL INC,CACI  INC. - FEDERAL,USA,UNITED STATES,15 VREELAND RD,,FLORHAM PARK,34027,MORRIS,34,NJ,NEW JERSEY,079321506,NJ-11,NJ-11,7036794137,4053672951,USA,UNITED STATES,FLORHAM PARK,34027,MORRIS,34,NJ,NEW JERSEY,079321506,NJ-11,NJ-11,AWARD,D,DEFINITIVE CONTRACT,,,,,,,U,COST PLUS FIXED FEE,RESEARCH BASE PERIOD--TASK-BASED EVALUATION AND METRICS SYSTEM FOR KMASS-TEMASK,HR001121S0034,1,OT,OTHER FUNCTIONS,AJ11,GENERAL SCIENCE AND TECHNOLOGY R&D SERVICES; GENERAL SCIENCE AND TECHNOLOGY; BASIC RESEARCH,H,NOT BUNDLED,C9E,ALL OTHERS NOT IDENTIFIABLE TO ANY OTHER PROCUREMENT PROGRAM,541715,"RESEARCH AND DEVELOPMENT IN THE PHYSICAL, ENGINEERING, AND LIFE SCIENCES (EXCEPT NANOTECHNOLOGY AND BIOTECHNOLOGY)",C,NO CLAUSES INCLUDED AND NO SUSTAINABILITY INCLUDED,A,U.S. OWNED BUSINESS,000,NONE,Z,NOT IT PRODUCTS OR SERVICES,E,NOT REQUIRED,USA,UNITED STATES,C,NOT A MANUFACTURED END PRODUCT,F,INDIVIDUAL SUBCONTRACT PLAN,A,FULL AND OPEN COMPETITION,BR,BASIC RESEARCH,NONE,NO SET ASIDE USED.,NONE,NO PREFERENCE USED,,,,,,,16,D,COMMERCIAL PRODUCTS/SERVICES PROCEDURES NOT USED,f,N,NO,N,NO,Y,YES,N,NO,0.00,N,NO,X,NOT APPLICABLE,X,NOT APPLICABLE,X,NOT APPLICABLE,X,NOT APPLICABLE,,,,,,,,NONE,NONE,N,NO,Y,YES - CAS CLAUSE INCLUDED,N,TRANSACTION DOES NOT USE GFE/GFP,U,UNKNOWN,D,NOT CONSOLIDATED,Y,YES - SERVICE WHERE PBA IS USED.,N,NO,Z,NOT APPLICABLE,N,NO,X,NOT APPLICABLE,f,f,f,f,f,f,f,f,f,f,f,f,f,f,f,f,f,f,f,OTHER THAN SMALL BUSINESS,O,f,f,f,f,f,f,f,f,f,f,f,f,f,f,f,f,f,CORPORATE NOT TAX EXEMPT,t,f,f,f,f,f,f,f,f,f,f,f,f,f,f,f,f,t,f,f,f,f,f,f,f,f,f,f,t,f,f,f,f,f,f,f,f,f,f,f,f,f,f,f,f,f,f,f,f,f,,,,,,,,,,,https://www.usaspending.gov/award/CONT_AWD_W911NF22C0028_9700_-NONE-_-NONE-/,2025-12-31 09:44:17+00
CONT_AWD_W911NF22C0059_9700_-NONE-_-NONE-,W911NF22C0059,,,,,,,,,296003.81,,296003.81,296003.81,2022-07-28,2022,2023-07-10,2023,2022-07-28,2024-01-31,2024-01-31 00:00:00,,2018-04-30,097,Department of Defense,2100,Department of the Army,W911NF,W6QK ACC-APG DURHAM,097,Department of Defense,2100,Department of the Army,W91BFP,W049 RESEARCH SUPPORT GROUP,,,,,X,NOT APPLICABLE,,,NXP5KAA6CNJ3,,HUMAN RESOURCES RESEARCH ORGANIZATION (HUMRRO),HUMAN RESOURCES RESEARCH ORGANIZATION,,4D519,NXP5KAA6CNJ3,,HUMAN RESOURCES RESEARCH ORGANIZATION (HUMRRO),HUMAN RESOURCES RESEARCH ORGANIZATION,USA,UNITED STATES,66 CANAL CENTER PLZ,STE 700,ALEXANDRIA,51510,ALEXANDRIA (CITY),51,VA,VIRGINIA,223141578,VA-08,VA-08,7037065685,7039350324,USA,UNITED STATES,ALEXANDRIA,51510,ALEXANDRIA CITY,51,VA,VIRGINIA,223141578,VA-08,VA-08,AWARD,D,DEFINITIVE CONTRACT,,,,,,,J,FIRM FIXED PRICE,"R&D SERVICES, TRAVEL, ODCS - (BASE)",W911NF18S0005,1,OT,OTHER FUNCTIONS,AJ12,GENERAL SCIENCE AND TECHNOLOGY R&D SERVICES; GENERAL SCIENCE AND TECHNOLOGY; APPLIED RESEARCH,H,NOT BUNDLED,C9E,ALL OTHERS NOT IDENTIFIABLE TO ANY OTHER PROCUREMENT PROGRAM,541715,"RESEARCH AND DEVELOPMENT IN THE PHYSICAL, ENGINEERING, AND LIFE SCIENCES (EXCEPT NANOTECHNOLOGY AND BIOTECHNOLOGY)",C,NO CLAUSES INCLUDED AND NO SUSTAINABILITY INCLUDED,A,U.S. OWNED BUSINESS,000,NONE,Z,NOT IT PRODUCTS OR SERVICES,E,NOT REQUIRED,USA,UNITED STATES,C,NOT A MANUFACTURED END PRODUCT,B,PLAN NOT REQUIRED,A,FULL AND OPEN COMPETITION,BR,BASIC RESEARCH,NONE,NO SET ASIDE USED.,NONE,NO PREFERENCE USED,,,,,,,1,D,COMMERCIAL PRODUCTS/SERVICES PROCEDURES NOT USED,f,N,NO,N,NO,Y,YES,N,NO,0.00,N,NO,N,NO,N,NO,X,NOT APPLICABLE,X,NOT APPLICABLE,,,,,,,,NONE,NONE,N,NO,X,NOT APPLICABLE EXEMPT FROM CAS,N,TRANSACTION DOES NOT USE GFE/GFP,U,UNKNOWN,D,NOT CONSOLIDATED,Y,YES - SERVICE WHERE PBA IS USED.,N,NO,Z,NOT APPLICABLE,N,NO,X,NOT APPLICABLE,f,f,f,f,f,f,f,f,f,f,f,f,f,f,f,f,f,f,f,OTHER THAN SMALL BUSINESS,O,f,f,f,f,f,f,f,f,f,f,f,f,f,f,f,f,f,CORPORATE NOT TAX EXEMPT,t,f,f,f,f,f,f,f,f,f,f,f,f,f,f,f,f,t,f,f,f,f,f,f,f,f,f,f,f,t,f,f,f,f,f,f,f,f,f,f,f,f,f,f,f,f,f,f,f,f,,,,,,,,,,,https://www.usaspending.gov/award/CONT_AWD_W911NF22C0059_9700_-NONE-_-NONE-/,2023-07-10 12:42:35+00
CONT_AWD_W911PT23C0017_9700_-NONE-_-NONE-,W911PT23C0017,,,,Q: Not Designated Nonemergency/Emergency/Disaster/Wildfire Suppression,,,,,56000000.00,0.00,56000000.00,56000000.00,2023-07-06,2023,2023-07-06,2023,2023-07-06,2026-09-30,2026-09-30 00:00:00,,2023-03-07,097,Department of Defense,2100,Department of the Army,W911PT,W6QK ACC WVA,097,Department of Defense,2100,Department of the Army,W16H1F,W0K9 OSC WVA-STOCK RECORD ACCT,021-2023/2025-2033-000,021-2033,25.3: Other goods and services from Federal sources,0002: WEAPONS AND OTHER COMBAT VEHICLES,X,NOT APPLICABLE,,,E23QG68NQKA4,,GFM GMBH,GFM GMBH,,0094N,N7JNGXFSHUP7,,PETRUS PRIVATSTIFTUNG,PETRUS PRIVATSTIFTUNG,AUT,AUSTRIA,ENNSER STRASSE 14,,STEYR,,,,,,4403,,,,,AUT,AUSTRIA,,,,,,,,,,AWARD,D,DEFINITIVE CONTRACT,,,,,,,J,FIRM FIXED PRICE,GFM RX-70 RADIAL FORGE- DELIVERY TO WVA,W911PT23R0006,1,,,3446,FORGING MACHINERY AND HAMMERS,H,NOT BUNDLED,,,333517,MACHINE TOOL MANUFACTURING,C,NO CLAUSES INCLUDED AND NO SUSTAINABILITY INCLUDED,D,FOREIGN-OWNED BUSINESS NOT INCORPORATED IN THE U.S.,000,NONE,Z,NOT IT PRODUCTS OR SERVICES,A,MEETS REQUIREMENTS,AUT,AUSTRIA,L,MFG OUTSIDE U.S. - QUALIFYING COUNTRY (DOD ONLY),B,PLAN NOT REQUIRED,C,NOT COMPETED,SSS,ONLY ONE SOURCE,NONE,NO SET ASIDE USED.,NONE,NO PREFERENCE USED,,,,,ONE,ONLY ONE SOURCE-OTHER (FAR 6.302-1 OTHER),1,D,COMMERCIAL PRODUCTS/SERVICES PROCEDURES NOT USED,f,N,NO,,,Y,YES,N,NO,0.00,N,NO,X,NOT APPLICABLE,X,NOT APPLICABLE,X,NOT APPLICABLE,X,NOT APPLICABLE,,,,,,,,NONE,NONE,N,NO,X,NOT APPLICABLE EXEMPT FROM CAS,N,TRANSACTION DOES NOT USE GFE/GFP,,,D,NOT CONSOLIDATED,X,NOT APPLICABLE,N,NO,Z,NOT APPLICABLE,N,NO,X,NOT APPLICABLE,f,f,f,f,f,f,f,f,f,f,f,f,f,f,f,f,f,f,f,OTHER THAN SMALL BUSINESS,O,f,f,f,f,f,f,f,f,f,f,f,f,f,f,f,f,f,SOLE PROPRIETORSHIP,f,f,f,t,f,f,f,f,f,f,f,f,t,f,f,f,f,t,f,f,f,f,f,f,f,f,t,f,t,f,f,f,f,f,f,f,f,f,f,f,f,f,f,f,f,f,f,f,f,f,,,,,,,,,,,https://www.usaspending.gov/award/CONT_AWD_W911PT23C0017_9700_-NONE-_-NONE-/,2023-07-06 21:55:47+00
CONT_AWD_W911QY15C0039_9700_-NONE-_-NONE-,W911QY15C0039,,,,,,,,,2084107.96,0.00,2084107.96,2084107.96,2015-08-24,2015,2023-07-06,2023,2015-08-19,2019-10-31,2019-10-31 00:00:00,,,097,Department of Defense,9763,Defense Contract Management Agency,S2101A,DCMA MID-ATLANTIC (BALTIMORE),097,Department of Defense,2100,Department of the Army,W56YHX,W1D1 NATICK SOLDIER CENTER,021-2019/2020-2040-000,021-2040,25.5: Research and development contracts,,X,NOT APPLICABLE,,,C1HBCJ9RMBV3,,THE JOHNS HOPKINS UNIVERSITY APPLIED PHYSICS LABORATORY LLC,"JOHNS HOPKINS UNIVERSITY APPLIED PHYSICS LABORATORY LLC, THE",,88898,FTMTDMBR29C7,,THE JOHNS HOPKINS UNIVERSITY,JOHNS HOPKINS UNIVERSITY,USA,UNITED STATES,11100 JOHNS HOPKINS RD,,LAUREL,24027,HOWARD,24,MD,MARYLAND,207236005,MD-03,MD-03,2402284347,2402282314,USA,UNITED STATES,LAUREL,24027,HOWARD,24,MD,MARYLAND,207231205,MD-03,MD-03,AWARD,D,DEFINITIVE CONTRACT,,,,,,,U,COST PLUS FIXED FEE,OTHER FUNCTION - IGF::OT::IGF   TASK 2,,1,OT,OTHER FUNCTIONS,AJ12,GENERAL SCIENCE AND TECHNOLOGY R&D SERVICES; GENERAL SCIENCE AND TECHNOLOGY; APPLIED RESEARCH,D,NOT A BUNDLED REQUIREMENT,S1,SERVICES,541712,"RESEARCH AND DEVELOPMENT IN THE PHYSICAL, ENGINEERING, AND LIFE SCIENCES (EXCEPT BIOTECHNOLOGY)",C,NO CLAUSES INCLUDED AND NO SUSTAINABILITY INCLUDED,A,U.S. OWNED BUSINESS,000,NONE,Z,NOT IT PRODUCTS OR SERVICES,E,NOT REQUIRED,USA,UNITED STATES,C,NOT A MANUFACTURED END PRODUCT,B,PLAN NOT REQUIRED,A,FULL AND OPEN COMPETITION,BR,BASIC RESEARCH,NONE,NO SET ASIDE USED.,NONE,NO PREFERENCE USED,,,,,,,1,D,COMMERCIAL PRODUCTS/SERVICES PROCEDURES NOT USED,f,N,NO,N,NO,N,NO,N,NO,0.00,N,NO,N,NO,N,NO,N,NO,X,NOT APPLICABLE,,,,,,,,NONE,NONE,N,NO,Y,YES - CAS CLAUSE INCLUDED,Y,TRANSACTION USES GFE/GFP,N,NO,N,NO,Y,YES - SERVICE WHERE PBA IS USED.,N,NO,Z,NOT APPLICABLE,N,NO,X,NOT APPLICABLE,f,f,f,f,f,f,f,f,f,f,f,f,f,f,f,f,f,f,f,OTHER THAN SMALL BUSINESS,O,f,f,f,f,f,f,f,f,f,f,f,f,f,f,f,f,f,OTHER,f,f,f,f,f,f,f,f,f,f,f,f,f,f,f,f,f,t,f,f,f,f,f,f,f,f,t,f,f,f,t,f,f,f,f,f,f,f,f,f,f,f,f,f,f,f,f,f,f,f,RALPH D SEMMEL,2133110.00,MICHAEL H MUSIMI,764959.00,JERRY A KRILL,762283.00,TIMOTHY J GALPIN,761446.00,NICHOLAS J LANGHAUSER,730986.00,https://www.usaspending.gov/award/CONT_AWD_W911QY15C0039_9700_-NONE-_-NONE-/,2023-07-17 13:20:17+00
CONT_AWD_W911QY18C0113_9700_-NONE-_-NONE-,W911QY18C0113,,,,,,,,,48396016.76,,48396016.76,48396016.76,2018-01-16,2018,2023-07-07,2023,2017-12-29,2023-01-31,2023-01-31 00:00:00,,,097,Department of Defense,2100,Department of the Army,W911QY,W6QK ACC-APG NATICK,097,Department of Defense,2100,Department of the Army,W80M26,W4HP ACTV SPECIAL PROJECTS SPT,,,,,X,NOT APPLICABLE,,,DJAKNTJDGJT5,,"RDR, INC.","RDR, INC.",,0APF5,DJAKNTJDGJT5,,"RDR, INC.",RDR  INC.,USA,UNITED STATES,5900 FORT DR STE 300,,CENTREVILLE,51059,FAIRFAX,51,VA,VIRGINIA,201212425,VA-10,VA-11,7032630347,7039611637,USA,UNITED STATES,CENTREVILLE,51059,FAIRFAX,51,VA,VIRGINIA,201212425,VA-11,VA-11,AWARD,D,DEFINITIVE CONTRACT,,,,,,,J,FIRM FIXED PRICE,LABOR AND SUPPORT J7 (BASE),W911QY18R0006,1,OT,OTHER FUNCTIONS,R499,SUPPORT- PROFESSIONAL: OTHER,H,NOT BUNDLED,S1,SERVICES,541330,ENGINEERING SERVICES,C,NO CLAUSES INCLUDED AND NO SUSTAINABILITY INCLUDED,A,U.S. OWNED BUSINESS,000,NONE,Z,NOT IT PRODUCTS OR SERVICES,E,NOT REQUIRED,USA,UNITED STATES,C,NOT A MANUFACTURED END PRODUCT,F,INDIVIDUAL SUBCONTRACT PLAN,C,NOT COMPETED,SSS,ONLY ONE SOURCE,NONE,NO SET ASIDE USED.,NONE,NO PREFERENCE USED,,,,,NS,NATIONAL SECURITY (FAR 6.302-6),1,D,COMMERCIAL PRODUCTS/SERVICES PROCEDURES NOT USED,f,N,NO,N,NO,Y,YES,N,NO,0.00,N,NO,X,NOT APPLICABLE,Y,YES,X,NOT APPLICABLE,X,NOT APPLICABLE,,,,,,,,NONE,NONE,N,NO,Y,YES - CAS CLAUSE INCLUDED,N,TRANSACTION DOES NOT USE GFE/GFP,N,NO,D,NOT CONSOLIDATED,Y,YES - SERVICE WHERE PBA IS USED.,N,NO,Z,NOT APPLICABLE,N,NO,X,NOT APPLICABLE,f,f,f,f,f,t,f,f,f,f,f,f,t,f,t,f,f,f,f,OTHER THAN SMALL BUSINESS,O,f,f,f,f,f,f,f,f,f,f,f,f,f,f,f,f,f,CORPORATE NOT TAX EXEMPT,t,f,f,f,f,f,f,f,f,f,f,f,f,f,f,f,f,t,f,f,f,f,f,f,f,f,f,f,t,f,f,f,f,f,f,f,f,f,f,f,f,f,f,f,f,f,f,f,f,f,DEREK  SASAI,365179.00,KYLE  BROWN,243305.00,MATTHEW  BERENS,214087.00,PATRICK  DEAN,205373.00,KAREN  PLUM,180092.00,https://www.usaspending.gov/award/CONT_AWD_W911QY18C0113_9700_-NONE-_-NONE-/,2023-07-07 11:03:28+00
CONT_AWD_W911QY19C0064_9700_-NONE-_-NONE-,W911QY19C0064,,,,,,,,,2062739.00,,2062739.00,2062739.00,2019-05-29,2019,2023-07-06,2023,2019-05-21,2020-12-18,2020-12-18 00:00:00,,2019-04-21,097,Department of Defense,2100,Department of the Army,W911QY,W6QK ACC-APG NATICK,097,Department of Defense,2100,Department of the Army,W80M26,W4HP ACTV SPECIAL PROJECTS SPT,,,,,X,NOT APPLICABLE,,,SRG2J1WS9X63,,SRI INTERNATIONAL,SRI INTERNATIONAL,,03652,SRG2J1WS9X63,,SRI INTERNATIONAL,SRI INTERNATIONAL,USA,UNITED STATES,333 RAVENSWOOD AVE,,MENLO PARK,06081,SAN MATEO,06,CA,CALIFORNIA,940253453,CA-16,CA-16,6508594424,6508596009,USA,UNITED STATES,MENLO PARK,06081,SAN MATEO,06,CA,CALIFORNIA,940253453,CA-16,CA-16,AWARD,D,DEFINITIVE CONTRACT,,,,,,,U,COST PLUS FIXED FEE,PHASE I AND PHASE II,,1,CL,CLOSELY ASSOCIATED,AZ13,R&D- OTHER RESEARCH AND DEVELOPMENT (ADVANCED DEVELOPMENT),H,NOT BUNDLED,C9E,ALL OTHERS NOT IDENTIFIABLE TO ANY OTHER PROCUREMENT PROGRAM,541990,"ALL OTHER PROFESSIONAL, SCIENTIFIC, AND TECHNICAL SERVICES",C,NO CLAUSES INCLUDED AND NO SUSTAINABILITY INCLUDED,A,U.S. OWNED BUSINESS,000,NONE,Z,NOT IT PRODUCTS OR SERVICES,E,NOT REQUIRED,USA,UNITED STATES,C,NOT A MANUFACTURED END PRODUCT,F,INDIVIDUAL SUBCONTRACT PLAN,C,NOT COMPETED,SSS,ONLY ONE SOURCE,NONE,NO SET ASIDE USED.,NONE,NO PREFERENCE USED,,,,,NS,NATIONAL SECURITY (FAR 6.302-6),1,D,COMMERCIAL PRODUCTS/SERVICES PROCEDURES NOT USED,f,N,NO,N,NO,X,NOT APPLICABLE,N,NO,0.00,N,NO,Y,YES,X,NOT APPLICABLE,X,NOT APPLICABLE,X,NOT APPLICABLE,,,,,,,,NONE,NONE,N,NO,Y,YES - CAS CLAUSE INCLUDED,N,TRANSACTION DOES NOT USE GFE/GFP,U,UNKNOWN,D,NOT CONSOLIDATED,Y,YES - SERVICE WHERE PBA IS USED.,N,NO,Z,NOT APPLICABLE,N,NO,X,NOT APPLICABLE,f,f,f,f,f,f,f,f,f,f,f,f,f,f,f,f,f,f,f,OTHER THAN SMALL BUSINESS,O,f,f,f,f,f,f,f,f,f,f,f,f,f,f,f,f,f,CORPORATE TAX EXEMPT,f,t,f,f,f,f,f,f,f,f,f,f,f,f,f,f,f,t,f,f,f,f,f,f,f,f,f,f,f,t,f,f,f,f,f,f,f,f,f,f,f,f,f,f,f,f,f,f,f,f,,,,,,,,,,,https://www.usaspending.gov/award/CONT_AWD_W911QY19C0064_9700_-NONE-_-NONE-/,2023-07-06 16:05:46+00
CONT_AWD_W911QY20C0067_9700_-NONE-_-NONE-,W911QY20C0067,,,,Q: Not Designated Nonemergency/Emergency/Disaster/Wildfire Suppression,,,,,1109878.00,0.00,1109878.00,1109878.00,2020-06-29,2020,2023-07-06,2023,2020-06-24,2023-12-31,2023-12-31 00:00:00,,2020-03-25,097,Department of Defense,2100,Department of the Army,W911QY,W6QK ACC-APG NATICK,097,Department of Defense,2100,Department of the Army,W56YHX,W1D1 NATICK SOLDIER CENTER,021-2019/2020-2040-000,021-2040,25.5: Research and development contracts,,X,NOT APPLICABLE,,,UXNVMEZDFNF7,,AKITA INNOVATIONS LLC,AKITA INNOVATIONS LLC,,6SUQ6,UXNVMEZDFNF7,,AKITA INNOVATIONS LLC,AKITA INNOVATIONS LLC,USA,UNITED STATES,267 BOSTON RD STE 11,,NORTH BILLERICA,25017,MIDDLESEX,25,MA,MASSACHUSETTS,018622310,MA-06,MA-03,6174481588,9787942519,USA,UNITED STATES,NORTH BILLERICA,25017,MIDDLESEX,25,MA,MASSACHUSETTS,018622310,MA-03,MA-03,AWARD,D,DEFINITIVE CONTRACT,,,,,,,J,FIRM FIXED PRICE,RESEARCH AND DEVELOPMENT,W911QY20R0022,1,OT,OTHER FUNCTIONS,AJ11,GENERAL SCIENCE AND TECHNOLOGY R&D SERVICES; GENERAL SCIENCE AND TECHNOLOGY; BASIC RESEARCH,H,NOT BUNDLED,S1,SERVICES,541715,"RESEARCH AND DEVELOPMENT IN THE PHYSICAL, ENGINEERING, AND LIFE SCIENCES (EXCEPT NANOTECHNOLOGY AND BIOTECHNOLOGY)",C,NO CLAUSES INCLUDED AND NO SUSTAINABILITY INCLUDED,A,U.S. OWNED BUSINESS,000,NONE,Z,NOT IT PRODUCTS OR SERVICES,E,NOT REQUIRED,USA,UNITED STATES,C,NOT A MANUFACTURED END PRODUCT,B,PLAN NOT REQUIRED,D,FULL AND OPEN COMPETITION AFTER EXCLUSION OF SOURCES,NP,NEGOTIATED PROPOSAL/QUOTE,SBA,SMALL BUSINESS SET ASIDE - TOTAL,NONE,NO PREFERENCE USED,ST2,SMALL TECHNOLOGY TRANSFER RESEARCH PROGRAM PHASE II,,,,,1,D,COMMERCIAL PRODUCTS/SERVICES PROCEDURES NOT USED,f,N,NO,N,NO,Y,YES,N,NO,0.00,N,NO,X,NOT APPLICABLE,X,NOT APPLICABLE,X,NOT APPLICABLE,X,NOT APPLICABLE,,,,,,,,NONE,NONE,N,NO,X,NOT APPLICABLE EXEMPT FROM CAS,N,TRANSACTION DOES NOT USE GFE/GFP,U,UNKNOWN,D,NOT CONSOLIDATED,Y,YES - SERVICE WHERE PBA IS USED.,N,NO,Z,NOT APPLICABLE,N,NO,X,NOT APPLICABLE,f,f,f,f,f,f,f,f,f,f,f,f,f,f,f,f,f,f,f,SMALL BUSINESS,S,f,f,f,f,f,f,f,f,f,f,f,f,f,f,f,f,f,PARTNERSHIP,f,f,t,f,f,f,f,f,f,f,f,f,f,f,f,f,f,t,f,f,f,f,f,f,f,t,f,f,t,f,f,f,f,f,f,f,f,f,f,f,f,f,f,f,f,f,f,f,f,f,,,,,,,,,,,https://www.usaspending.gov/award/CONT_AWD_W911QY20C0067_9700_-NONE-_-NONE-/,2023-07-06 12:49:52+00
CONT_AWD_W911QY21C0031_9700_-NONE-_-NONE-,W911QY21C0031,,,,,,,,,2205000834.00,,2205000834.00,3700200834.00,2021-06-07,2021,2023-07-14,2023,2021-06-07,2023-07-13,2023-07-13 00:00:00,,2020-10-29,097,Department of Defense,2100,Department of the Army,W58P05,W6QK ACC-APG NATICK,097,Department of Defense,2100,Department of the Army,W56XNH,W6DZ CPE CBRND FT DETRICK,,,,,X,NOT APPLICABLE,,,FCFDA78HKKG2,,MERCK SHARP & DOHME LLC,MERCK SHARP & DOHME CORP.,,6B2S4,DGEELN7LRBZ9,,"MERCK & CO., INC.",MERCK & CO.  INC.,USA,UNITED STATES,2000 GALLOPING HILL RD,,KENILWORTH,34039,UNION,34,NJ,NEW JERSEY,070331310,NJ-07,NJ-10,2673056850,,USA,UNITED STATES,KENILWORTH,34039,UNION,34,NJ,NEW JERSEY,070331300,NJ-10,NJ-10,AWARD,D,DEFINITIVE CONTRACT,,,,,,,J,FIRM FIXED PRICE,COVID-19 ORAL ANTIVIRAL  MK-4482 (MOLNUPIRAVIR),W911QY20SC001,1,,,6505,DRUGS AND BIOLOGICALS,H,NOT BUNDLED,C9B,MEDICAL AND DENTAL SUPPLIES AND EQUIPMENT,325412,PHARMACEUTICAL PREPARATION MANUFACTURING,C,NO CLAUSES INCLUDED AND NO SUSTAINABILITY INCLUDED,A,U.S. OWNED BUSINESS,000,NONE,Z,NOT IT PRODUCTS OR SERVICES,A,MEETS REQUIREMENTS,USA,UNITED STATES,D,MFG IN U.S.,G,COMMERCIAL SUBCONTRACT PLAN,A,FULL AND OPEN COMPETITION,NP,NEGOTIATED PROPOSAL/QUOTE,NONE,NO SET ASIDE USED.,NONE,NO PREFERENCE USED,,,,,,,1,A,COMMERCIAL PRODUCTS/SERVICES,f,N,NO,N,NO,Y,YES,N,NO,0.00,N,NO,X,NOT APPLICABLE,X,NOT APPLICABLE,X,NOT APPLICABLE,X,NOT APPLICABLE,,,,,,,,NONE,NONE,N,NO,X,NOT APPLICABLE EXEMPT FROM CAS,N,TRANSACTION DOES NOT USE GFE/GFP,N,NO,D,NOT CONSOLIDATED,X,NOT APPLICABLE,N,NO,Z,NOT APPLICABLE,N,NO,C,"PRESIDENTIAL ISSUED EMERGENCY DECLARATION, OR A MAJOR DISASTER DECLARATION",f,f,f,f,f,f,f,f,f,f,f,f,f,f,f,f,f,f,f,OTHER THAN SMALL BUSINESS,O,f,f,f,f,f,f,f,f,f,f,f,f,f,f,f,f,f,CORPORATE NOT TAX EXEMPT,t,f,f,f,f,f,f,f,f,f,f,f,t,f,f,f,f,t,f,f,f,f,f,f,f,f,f,f,t,f,f,f,f,f,f,f,f,f,f,f,f,f,f,f,f,f,f,f,f,f,,,,,,,,,,,https://www.usaspending.gov/award/CONT_AWD_W911QY21C0031_9700_-NONE-_-NONE-/,2023-07-14 12:15:03+00
CONT_AWD_W911QY22C0053_9700_-NONE-_-NONE-,W911QY22C0053,,,,,,,,,562800.85,,562800.85,562800.85,2022-09-21,2022,2023-07-11,2023,2022-09-21,2024-03-01,2024-03-01 00:00:00,,2022-08-01,097,Department of Defense,2100,Department of the Army,W911QY,W6QK ACC-APG NATICK,097,Department of Defense,2100,Department of the Army,W90B32,W1D1 NATICK SOLDIER CENTER,,,,,X,NOT APPLICABLE,,,DD3NWTRKJEM4,,"FORGELINE SOLUTIONS, INC.","LOST ARROW, INC.",,86NN2,DD3NWTRKJEM4,,"FORGELINE SOLUTIONS, INC.",LOST ARROW  INC.,USA,UNITED STATES,259 W SANTA CLARA ST,,VENTURA,06111,VENTURA,06,CA,CALIFORNIA,930012545,CA-24,CA-24,8056674760,,USA,UNITED STATES,VENTURA,06111,VENTURA,06,CA,CALIFORNIA,930012545,CA-24,CA-24,AWARD,D,DEFINITIVE CONTRACT,,,,,,,J,FIRM FIXED PRICE,NATIONAL SECURITY COVERED CONTRACT - SPECIALIZED CLOTHING,,1,,,8415,"CLOTHING, SPECIAL PURPOSE",H,NOT BUNDLED,A9,"TEXTILES, CLOTHING AND EQUIPAGE",315990,APPAREL ACCESSORIES AND OTHER APPAREL MANUFACTURING,C,NO CLAUSES INCLUDED AND NO SUSTAINABILITY INCLUDED,A,U.S. OWNED BUSINESS,000,NONE,Z,NOT IT PRODUCTS OR SERVICES,A,MEETS REQUIREMENTS,USA,UNITED STATES,D,MFG IN U.S.,B,PLAN NOT REQUIRED,G,NOT COMPETED UNDER SAP,SP1,SIMPLIFIED ACQUISITION,NONE,NO SET ASIDE USED.,NONE,NO PREFERENCE USED,,,,,SP2,SAP NON-COMPETITION (FAR 13),1,A,COMMERCIAL PRODUCTS/SERVICES,f,Y,YES,N,NO,X,NOT APPLICABLE,N,NO,0.00,N,NO,X,NOT APPLICABLE,X,NOT APPLICABLE,X,NOT APPLICABLE,X,NOT APPLICABLE,,,,,,,,NONE,NONE,N,NO,X,NOT APPLICABLE EXEMPT FROM CAS,N,TRANSACTION DOES NOT USE GFE/GFP,U,UNKNOWN,D,NOT CONSOLIDATED,X,NOT APPLICABLE,N,NO,Z,NOT APPLICABLE,N,NO,X,NOT APPLICABLE,f,f,f,f,f,f,f,f,f,f,f,f,f,f,f,f,f,f,f,OTHER THAN SMALL BUSINESS,O,f,f,f,f,f,f,f,f,f,f,f,f,f,f,f,f,f,CORPORATE NOT TAX EXEMPT,t,f,f,f,f,f,f,f,f,f,f,f,t,f,f,f,f,t,f,f,f,f,f,f,f,f,f,f,t,f,f,f,f,f,f,f,f,f,f,f,f,f,f,f,f,f,f,f,f,f,,,,,,,,,,,https://www.usaspending.gov/award/CONT_AWD_W911QY22C0053_9700_-NONE-_-NONE-/,2023-07-11 17:22:09+00
CONT_AWD_W911S718C0001_9700_-NONE-_-NONE-,W911S718C0001,,,,N: Emergency P.L. 116-136;Q: Not Designated Nonemergency/Emergency/Disaster/Wildfire Suppression,,-68573.86,,,437800.55,0.00,437800.55,577723.66,2018-02-02,2018,2023-07-05,2023,2018-02-02,2021-02-01,2022-02-01 00:00:00,,,097,Department of Defense,2100,Department of the Army,W911S7,W6QM MICC-FT LEONARD WOOD,097,Department of Defense,2100,Department of the Army,W90SFZ,W0VL HLS GOODS AND SERVICES,021-2018/2018-2020-000;021-2020/2020-2020-000,021-2020,25.3: Other goods and services from Federal sources,0020: UNDISTRIBUTED,X,NOT APPLICABLE,,,GX2WMLVX8JH9,,"1PROSPECT TECHNOLOGIES, LLC","1PROSPECT TECHNOLOGIES, LLC",,3B3Y0,F5YRE97F8S66,,1PROSPECT TECHNOLOGIES  LLC,1 PROSPECT TECHNOLOGIES LLC,USA,UNITED STATES,3215 W STATE ST STE 309A,,MILWAUKEE,55079,MILWAUKEE,55,WI,WISCONSIN,532083364,WI-04,WI-04,2107221380,,USA,UNITED STATES,FORT LEONARD WOOD,29169,PULASKI,29,MO,MISSOURI,654735000,MO-04,MO-04,AWARD,D,DEFINITIVE CONTRACT,,,,,,,J,FIRM FIXED PRICE,IGF::OT::IGF ALS OP CRS INSTR BASE YEAR,W911S718Q0011,1,OT,OTHER FUNCTIONS,U014,EDUCATION/TRAINING- SECURITY,H,NOT BUNDLED,S1,SERVICES,611430,PROFESSIONAL AND MANAGEMENT DEVELOPMENT TRAINING,C,NO CLAUSES INCLUDED AND NO SUSTAINABILITY INCLUDED,A,U.S. OWNED BUSINESS,000,NONE,Z,NOT IT PRODUCTS OR SERVICES,E,NOT REQUIRED,USA,UNITED STATES,C,NOT A MANUFACTURED END PRODUCT,B,PLAN NOT REQUIRED,B,NOT AVAILABLE FOR COMPETITION,SSS,ONLY ONE SOURCE,8AN,8(A) SOLE SOURCE,NONE,NO PREFERENCE USED,,,,,OTH,AUTHORIZED BY STATUTE (FAR 6.302-5(A)(2)(I)),1,A,COMMERCIAL PRODUCTS/SERVICES,f,N,NO,N,NO,N,NO,N,NO,0.00,N,NO,N,NO,Y,YES,N,NO,X,NOT APPLICABLE,,,,,,,,NONE,NONE,N,NO,X,NOT APPLICABLE EXEMPT FROM CAS,N,TRANSACTION DOES NOT USE GFE/GFP,N,NO,D,NOT CONSOLIDATED,Y,YES - SERVICE WHERE PBA IS USED.,N,NO,Z,NOT APPLICABLE,N,NO,X,NOT APPLICABLE,f,f,f,f,t,f,f,f,f,f,f,f,t,f,f,f,f,t,f,SMALL BUSINESS,S,f,f,f,f,f,f,f,f,f,f,f,f,f,f,f,f,f,CORPORATE TAX EXEMPT,f,t,f,f,f,f,f,f,f,f,f,f,f,f,f,f,f,t,f,f,f,f,f,f,f,f,t,f,t,f,f,f,f,f,f,f,f,f,f,f,f,f,f,f,f,t,f,t,f,f,,,,,,,,,,,https://www.usaspending.gov/award/CONT_AWD_W911S718C0001_9700_-NONE-_-NONE-/,2023-07-05 16:58:40+00
CONT_AWD_W911S823C0012_9700_-NONE-_-NONE-,W911S823C0012,,,,Q: Not Designated Nonemergency/Emergency/Disaster/Wildfire Suppression,,,,,12360.06,0.00,12360.06,69010.30,2023-07-11,2023,2023-07-11,2023,2023-08-01,2024-07-31,2028-07-31 00:00:00,,2023-06-08,097,Department of Defense,2100,Department of the Army,W911S8,W6QM MICC-JB LEWIS-MC CHORD,097,Department of Defense,2100,Department of the Army,W68NE6,W12K JBLM LEWIS DPW,021-2023/2023-2020-000,021-2020,25.4: Operation and maintenance of facilities,0004: ADMINISTRATION AND SERVICE-WIDE ACTIVITIES;0801: REIMBURSABLE,X,NOT APPLICABLE,,,H3K3BD8NQDW1,,"PREDATOR, LLC","PREDATOR, LLC",,6QKF8,H3K3BD8NQDW1,,"PREDATOR, LLC",PREDATOR INCORPORATED,USA,UNITED STATES,7034 STATE HIGHWAY 154 E,,GILMER,48459,UPSHUR,48,TX,TEXAS,756456924,TX-01,TX-01,6199139309,9037970177,USA,UNITED STATES,TACOMA,53053,PIERCE,53,WA,WASHINGTON,984339500,WA-10,WA-10,AWARD,D,DEFINITIVE CONTRACT,,,,,,,J,FIRM FIXED PRICE,ROUTINE CATHODIC PROTECTION SURVEY,W911S823Q0008,1,OT,OTHER FUNCTIONS,J063,"MAINT/REPAIR/REBUILD OF EQUIPMENT- ALARM, SIGNAL, AND SECURITY DETECTION SYSTEMS",H,NOT BUNDLED,,,238190,"OTHER FOUNDATION, STRUCTURE, AND BUILDING EXTERIOR CONTRACTORS",C,NO CLAUSES INCLUDED AND NO SUSTAINABILITY INCLUDED,A,U.S. OWNED BUSINESS,000,NONE,Z,NOT IT PRODUCTS OR SERVICES,E,NOT REQUIRED,USA,UNITED STATES,C,NOT A MANUFACTURED END PRODUCT,B,PLAN NOT REQUIRED,F,COMPETED UNDER SAP,SP1,SIMPLIFIED ACQUISITION,SBA,SMALL BUSINESS SET ASIDE - TOTAL,NONE,NO PREFERENCE USED,,,,,,,3,A,COMMERCIAL PRODUCTS/SERVICES,f,N,NO,,,X,NOT APPLICABLE,N,NO,0.00,N,NO,X,NOT APPLICABLE,X,NOT APPLICABLE,X,NOT APPLICABLE,X,NOT APPLICABLE,,,,,,,,NONE,NONE,N,NO,X,NOT APPLICABLE EXEMPT FROM CAS,N,TRANSACTION DOES NOT USE GFE/GFP,,,D,NOT CONSOLIDATED,Y,YES - SERVICE WHERE PBA IS USED.,N,NO,Z,NOT APPLICABLE,N,NO,X,NOT APPLICABLE,f,t,f,f,f,f,f,f,f,f,f,f,t,f,f,f,f,t,f,SMALL BUSINESS,S,f,f,f,f,f,f,f,f,f,f,f,f,f,f,f,f,f,CORPORATE NOT TAX EXEMPT,t,f,f,f,f,f,f,f,f,f,f,f,f,f,f,f,f,t,f,f,f,f,f,f,f,t,f,f,t,f,f,f,f,f,f,f,f,f,f,f,f,f,f,f,f,t,f,f,f,f,,,,,,,,,,,https://www.usaspending.gov/award/CONT_AWD_W911S823C0012_9700_-NONE-_-NONE-/,2025-08-05 14:18:02+00
CONT_AWD_W911SF22C0024_9700_-NONE-_-NONE-,W911SF22C0024,,,,Q: Not Designated Nonemergency/Emergency/Disaster/Wildfire Suppression,,,,,14285.98,0.00,14285.98,14285.98,2022-09-26,2022,2023-07-14,2023,2022-09-26,2023-07-14,2023-07-14 00:00:00,,,097,Department of Defense,2100,Department of the Army,W911SF,W6QM MICC-FT BENNING,097,Department of Defense,2100,Department of the Army,W909H3,W6CR USAG FT BENNING,021-2022/2022-2020-000,021-2020,25.2: Other services from non-Federal sources,0020: UNDISTRIBUTED,X,NOT APPLICABLE,,,HX59L82CSYW7,,TERI M INSETTA,TERI M INSETTA,,8PLP1,HX59L82CSYW7,,TERI M INSETTA,INSETTA  TERI M,USA,UNITED STATES,7408 EDDS ST,,FORT BENNING,13215,MUSCOGEE,13,GA,GEORGIA,31905,GA-02,GA-02,3153731838,,USA,UNITED STATES,FORT BENNING,13053,CHATTAHOOCHEE,13,GA,GEORGIA,319054503,GA-02,GA-02,AWARD,D,DEFINITIVE CONTRACT,,,,,,,J,FIRM FIXED PRICE,CATHOLIC PARISH COORDINATOR,W911SF22R0037,1,OT,OTHER FUNCTIONS,R799,SUPPORT- MANAGEMENT: OTHER,H,NOT BUNDLED,S1,SERVICES,813110,RELIGIOUS ORGANIZATIONS,C,NO CLAUSES INCLUDED AND NO SUSTAINABILITY INCLUDED,A,U.S. OWNED BUSINESS,000,NONE,Z,NOT IT PRODUCTS OR SERVICES,E,NOT REQUIRED,USA,UNITED STATES,C,NOT A MANUFACTURED END PRODUCT,B,PLAN NOT REQUIRED,D,FULL AND OPEN COMPETITION AFTER EXCLUSION OF SOURCES,NP,NEGOTIATED PROPOSAL/QUOTE,SBA,SMALL BUSINESS SET ASIDE - TOTAL,NONE,NO PREFERENCE USED,,,,,,,4,A,COMMERCIAL PRODUCTS/SERVICES,f,N,NO,N,NO,X,NOT APPLICABLE,N,NO,0.00,N,NO,X,NOT APPLICABLE,X,NOT APPLICABLE,X,NOT APPLICABLE,X,NOT APPLICABLE,,,,,,,,NONE,NONE,N,NO,X,NOT APPLICABLE EXEMPT FROM CAS,N,TRANSACTION DOES NOT USE GFE/GFP,U,UNKNOWN,D,NOT CONSOLIDATED,Y,YES - SERVICE WHERE PBA IS USED.,Y,YES,Z,NOT APPLICABLE,N,NO,X,NOT APPLICABLE,f,f,f,f,f,f,f,t,f,f,f,f,f,f,f,f,f,f,f,SMALL BUSINESS,S,f,f,f,f,f,f,f,f,f,f,f,f,f,f,f,f,f,SOLE PROPRIETORSHIP,f,f,f,t,f,f,f,f,f,f,f,f,f,f,f,f,f,t,f,f,f,f,f,f,f,f,f,f,t,f,f,f,f,f,f,f,f,f,f,f,f,f,f,f,f,t,f,f,f,f,,,,,,,,,,,https://www.usaspending.gov/award/CONT_AWD_W911SF22C0024_9700_-NONE-_-NONE-/,2025-04-22 16:50:17+00
CONT_AWD_W911SR14C0041_9700_-NONE-_-NONE-,W911SR14C0041,,,,Q: Not Designated Nonemergency/Emergency/Disaster/Wildfire Suppression,,,,,5608495.00,0.00,6204210.00,6204210.00,2014-06-27,2014,2023-07-12,2023,2014-06-30,2017-06-30,2017-06-30 00:00:00,,,097,Department of Defense,9763,Defense Contract Management Agency,S5102A,HQ DEF CONTRACT MANAGEMENT AGENCY,097,Department of Defense,2100,Department of the Army,W911SR,W6QK ACC-APG,097-2017/2018-0400-000,097-0400,25.5: Research and development contracts,00RB: REIMBURSABLE PROGRAM,X,NOT APPLICABLE,,,PH57UD5C1KZ3,,"CHEMRING SENSORS AND ELECTRONIC SYSTEMS, INC.","CHEMRING SENSORS AND ELECTRONIC SYSTEMS, INC.",,6KWZ6,EN2ESM6GU2Y3,,COMPAGNIE INDUSTRIELLE DE DELLE,CHEMRING SENSORS AND ELECTRONIC SYSTEMS  INC.,USA,UNITED STATES,4205 WESTINGHOUSE COMMONS DR,,CHARLOTTE,37119,MECKLENBURG,37,NC,NORTH CAROLINA,282733958,NC-14,NC-14,9802352326,,USA,UNITED STATES,STERLING,51107,LOUDOUN,51,VA,VIRGINIA,201662067,VA-10,VA-10,AWARD,D,DEFINITIVE CONTRACT,,,,,,,V,COST PLUS INCENTIVE FEE,IGF::OT::IGF  NGCD PSAM,W911SR13R0006,1,OT,OTHER FUNCTIONS,AC93,R&D- DEFENSE SYSTEM: MISCELLANEOUS HARD GOODS (ADVANCED DEVELOPMENT),D,NOT A BUNDLED REQUIREMENT,C9E,ALL OTHERS NOT IDENTIFIABLE TO ANY OTHER PROCUREMENT PROGRAM,334511,"SEARCH, DETECTION, NAVIGATION, GUIDANCE, AERONAUTICAL, AND NAUTICAL SYSTEM AND INSTRUMENT MANUFACTURING",C,NO CLAUSES INCLUDED AND NO SUSTAINABILITY INCLUDED,C,FOREIGN-OWNED BUSINESS INCORPORATED IN THE U.S.,000,NONE,Z,NOT IT PRODUCTS OR SERVICES,E,NOT REQUIRED,USA,UNITED STATES,C,NOT A MANUFACTURED END PRODUCT,C,PLAN REQUIRED - INCENTIVE NOT INCLUDED,A,FULL AND OPEN COMPETITION,NP,NEGOTIATED PROPOSAL/QUOTE,NONE,NO SET ASIDE USED.,NONE,NO PREFERENCE USED,,,,,,,31,D,COMMERCIAL PRODUCTS/SERVICES PROCEDURES NOT USED,f,N,NO,N,NO,Y,YES,N,NO,0.00,N,NO,X,NOT APPLICABLE,X,NOT APPLICABLE,X,NOT APPLICABLE,X,NOT APPLICABLE,,,,,,,,NONE,NONE,N,NO,X,NOT APPLICABLE EXEMPT FROM CAS,N,TRANSACTION DOES NOT USE GFE/GFP,U,UNKNOWN,N,NO,Y,YES - SERVICE WHERE PBA IS USED.,N,NO,Z,NOT APPLICABLE,N,NO,X,NOT APPLICABLE,f,f,f,f,f,f,f,f,f,f,f,f,f,f,f,f,f,f,f,OTHER THAN SMALL BUSINESS,O,f,f,f,f,f,f,f,f,f,f,f,f,f,f,f,f,f,CORPORATE NOT TAX EXEMPT,t,f,f,f,f,f,f,f,f,f,f,f,t,f,f,f,f,t,f,f,f,f,f,f,f,f,f,t,t,f,f,f,f,f,f,f,f,f,f,f,f,f,f,f,f,f,f,f,f,f,MARK  BOGUCKI,500689.00,AMISH  MEHTA,440489.00,ARTHUR  FERNANDES,265598.00,ASHLEY  MARKS,258556.00,SEAN  MAHONEY,253948.00,https://www.usaspending.gov/award/CONT_AWD_W911SR14C0041_9700_-NONE-_-NONE-/,2023-07-12 11:00:59+00
CONT_AWD_W911SR14C0045_9700_-NONE-_-NONE-,W911SR14C0045,,,,Q: Not Designated Nonemergency/Emergency/Disaster/Wildfire Suppression,,,,,9356389.00,64361.00,10031389.00,10031389.00,2014-07-01,2014,2023-07-12,2023,2014-06-30,2018-03-17,2018-03-17 00:00:00,,,097,Department of Defense,9763,Defense Contract Management Agency,S5102A,HQ DEF CONTRACT MANAGEMENT AGENCY,097,Department of Defense,2100,Department of the Army,W911SR,W6QK ACC-APG,021-2016/2017-2040-000;097-2016/2017-0400-000;097-2017/2018-0400-000,021-2040;097-0400,25.5: Research and development contracts,0020: UNDISTRIBUTED;00RB: REIMBURSABLE PROGRAM,X,NOT APPLICABLE,,,PH57UD5C1KZ3,,"CHEMRING SENSORS AND ELECTRONIC SYSTEMS, INC.","CHEMRING SENSORS AND ELECTRONIC SYSTEMS, INC.",,6KWZ6,EN2ESM6GU2Y3,,COMPAGNIE INDUSTRIELLE DE DELLE,CHEMRING SENSORS AND ELECTRONIC SYSTEMS  INC.,USA,UNITED STATES,4205 WESTINGHOUSE COMMONS DR,,CHARLOTTE,37119,MECKLENBURG,37,NC,NORTH CAROLINA,282733958,NC-14,NC-14,9802352326,,USA,UNITED STATES,CHARLOTTE,37119,MECKLENBURG,37,NC,NORTH CAROLINA,282733958,NC-14,NC-14,AWARD,D,DEFINITIVE CONTRACT,,,,,,,V,COST PLUS INCENTIVE FEE,IGF::OT::IGF  NGCD MSID,W911SR13R0006,1,OT,OTHER FUNCTIONS,AC93,R&D- DEFENSE SYSTEM: MISCELLANEOUS HARD GOODS (ADVANCED DEVELOPMENT),D,NOT A BUNDLED REQUIREMENT,C9E,ALL OTHERS NOT IDENTIFIABLE TO ANY OTHER PROCUREMENT PROGRAM,334511,"SEARCH, DETECTION, NAVIGATION, GUIDANCE, AERONAUTICAL, AND NAUTICAL SYSTEM AND INSTRUMENT MANUFACTURING",C,NO CLAUSES INCLUDED AND NO SUSTAINABILITY INCLUDED,C,FOREIGN-OWNED BUSINESS INCORPORATED IN THE U.S.,000,NONE,Z,NOT IT PRODUCTS OR SERVICES,E,NOT REQUIRED,USA,UNITED STATES,C,NOT A MANUFACTURED END PRODUCT,C,PLAN REQUIRED - INCENTIVE NOT INCLUDED,A,FULL AND OPEN COMPETITION,NP,NEGOTIATED PROPOSAL/QUOTE,NONE,NO SET ASIDE USED.,NONE,NO PREFERENCE USED,,,,,,,31,D,COMMERCIAL PRODUCTS/SERVICES PROCEDURES NOT USED,f,N,NO,N,NO,Y,YES,N,NO,0.00,N,NO,X,NOT APPLICABLE,X,NOT APPLICABLE,X,NOT APPLICABLE,X,NOT APPLICABLE,,,,,,,,NONE,NONE,N,NO,X,NOT APPLICABLE EXEMPT FROM CAS,N,TRANSACTION DOES NOT USE GFE/GFP,U,UNKNOWN,N,NO,Y,YES - SERVICE WHERE PBA IS USED.,N,NO,Z,NOT APPLICABLE,N,NO,X,NOT APPLICABLE,f,f,f,f,f,f,f,f,f,f,f,f,f,f,f,f,f,f,f,OTHER THAN SMALL BUSINESS,O,f,f,f,f,f,f,f,f,f,f,f,f,f,f,f,f,f,CORPORATE NOT TAX EXEMPT,t,f,f,f,f,f,f,f,f,f,f,f,t,f,f,f,f,t,f,f,f,f,f,f,f,f,f,t,t,f,f,f,f,f,f,f,f,f,f,f,f,f,f,f,f,f,f,f,f,f,MARK  BOGUCKI,500689.00,AMISH  MEHTA,440489.00,ARTHUR  FERNANDES,265598.00,ASHLEY  MARKS,258556.00,SEAN  MAHONEY,253948.00,https://www.usaspending.gov/award/CONT_AWD_W911SR14C0045_9700_-NONE-_-NONE-/,2023-07-12 11:05:52+00
CONT_AWD_W911W619C0027_9700_-NONE-_-NONE-,W911W619C0027,,,,,,,,,1720291.00,0.00,1720291.00,1720291.00,2019-09-26,2019,2023-07-13,2023,2019-09-26,2021-09-29,2021-09-29 00:00:00,,2018-11-27,097,Department of Defense,9763,Defense Contract Management Agency,S1002A,DCMA SOUTHEAST,097,Department of Defense,2100,Department of the Army,W911W6,W6QK AATD CONTR OFF,097-2018/2019-0400-000,097-0400,25.5: Research and development contracts,,X,NOT APPLICABLE,,,JKV8PJZFAGW7,,MERCURY MISSION SYSTEMS LLC,MERCURY MISSION SYSTEMS LLC,,096Y5,J51ULX3CNCZ4,,MERCURY SYSTEMS INC,MERCURY SYSTEMS  INC.,USA,UNITED STATES,2665 GULF BREEZE PKWY,,GULF BREEZE,12113,SANTA ROSA,12,FL,FLORIDA,325633023,FL-01,FL-01,5717774022,,USA,UNITED STATES,GULF BREEZE,12113,SANTA ROSA,12,FL,FLORIDA,325633023,FL-01,FL-01,AWARD,D,DEFINITIVE CONTRACT,,,,,,,J,FIRM FIXED PRICE,INTEGRATION OF MIL SPEC 1553 AVIONICS COMPONENTS INTO ARINC 429 BUSSED AIRCRAFT,,1,OT,OTHER FUNCTIONS,AC13,NATIONAL DEFENSE R&D SERVICES; DEPARTMENT OF DEFENSE - MILITARY; EXPERIMENTAL DEVELOPMENT,H,NOT BUNDLED,A1C,OTHER AIRCRAFT EQUIPMENT,541715,"RESEARCH AND DEVELOPMENT IN THE PHYSICAL, ENGINEERING, AND LIFE SCIENCES (EXCEPT NANOTECHNOLOGY AND BIOTECHNOLOGY)",C,NO CLAUSES INCLUDED AND NO SUSTAINABILITY INCLUDED,A,U.S. OWNED BUSINESS,000,NONE,Z,NOT IT PRODUCTS OR SERVICES,E,NOT REQUIRED,USA,UNITED STATES,C,NOT A MANUFACTURED END PRODUCT,B,PLAN NOT REQUIRED,A,FULL AND OPEN COMPETITION,NP,NEGOTIATED PROPOSAL/QUOTE,NONE,NO SET ASIDE USED.,NONE,NO PREFERENCE USED,,,,,,,8,D,COMMERCIAL PRODUCTS/SERVICES PROCEDURES NOT USED,f,N,NO,N,NO,X,NOT APPLICABLE,N,NO,0.00,N,NO,X,NOT APPLICABLE,X,NOT APPLICABLE,X,NOT APPLICABLE,X,NOT APPLICABLE,,,,,,,,NONE,NONE,N,NO,X,NOT APPLICABLE EXEMPT FROM CAS,N,TRANSACTION DOES NOT USE GFE/GFP,U,UNKNOWN,D,NOT CONSOLIDATED,N,NO - SERVICE WHERE PBA IS NOT USED.,N,NO,Z,NOT APPLICABLE,N,NO,X,NOT APPLICABLE,f,f,f,f,f,f,f,f,f,f,f,f,f,f,f,f,f,f,f,SMALL BUSINESS,S,f,f,f,f,f,f,f,f,f,f,f,f,f,f,f,f,f,CORPORATE NOT TAX EXEMPT,t,f,f,f,f,f,f,f,f,f,f,f,t,f,f,f,f,t,f,f,f,f,f,f,f,f,f,f,t,f,f,f,f,f,f,f,f,f,f,f,f,f,f,f,f,f,f,f,f,f,,,,,,,,,,,https://www.usaspending.gov/award/CONT_AWD_W911W619C0027_9700_-NONE-_-NONE-/,2023-08-04 10:22:35+00
CONT_AWD_W911WN22C3001_9700_-NONE-_-NONE-,W911WN22C3001,,,,Q: Not Designated Nonemergency/Emergency/Disaster/Wildfire Suppression,,,,,337700.00,49000.00,337700.00,337700.00,2022-02-11,2022,2023-07-10,2023,2022-02-11,2024-01-04,2024-01-04 00:00:00,,,097,Department of Defense,2100,Department of the Army,W911WN,W072 ENDIST PITTSBURGH,096,Corps of Engineers - Civil Works,96CE,U.S. Army Corps of Engineers - Civil Program Financing Only,960102,ARMY CORPS OF ENGINEERS CIVIL WORKS,096-X-3122-000,096-3122,25.2: Other services from non-Federal sources,0001: COMMERCIAL NAVIGATION,X,NOT APPLICABLE,,,NRHJKA1XQHC9,,EAST HILL VIDEO PRODUCTION COMPANY LLC,EAST HILL VIDEO PRODUCTION COMPANY LLC,,3GEA0,NRHJKA1XQHC9,,EAST HILL VIDEO PRODUCTION COMPANY LLC,EAST HILL VIDEO PRODUCTION COMPANY  LLC,USA,UNITED STATES,157 S. BROAD STREET SUITE 103,,LANSDALE,42091,MONTGOMERY,42,PA,PENNSYLVANIA,194463831,PA-04,PA-04,2158554457,2158552246,USA,UNITED STATES,PITTSBURGH,42003,ALLEGHENY,42,PA,PENNSYLVANIA,152220050,PA-12,PA-12,AWARD,D,DEFINITIVE CONTRACT,,,,,,,J,FIRM FIXED PRICE,LOWER MONONGAHELA RIVER NAVIGATION PROJECT. DOCUMENTARY FILMING AND EDUCATIONAL AIDS.,W911WN22R3000,1,OT,OTHER FUNCTIONS,T006,PHOTO/MAP/PRINT/PUBLICATION- FILM/VIDEO TAPE PRODUCTION,H,NOT BUNDLED,S1,SERVICES,512110,MOTION PICTURE AND VIDEO PRODUCTION,C,NO CLAUSES INCLUDED AND NO SUSTAINABILITY INCLUDED,A,U.S. OWNED BUSINESS,000,NONE,Z,NOT IT PRODUCTS OR SERVICES,E,NOT REQUIRED,USA,UNITED STATES,C,NOT A MANUFACTURED END PRODUCT,B,PLAN NOT REQUIRED,G,NOT COMPETED UNDER SAP,SP1,SIMPLIFIED ACQUISITION,8AN,8(A) SOLE SOURCE,NONE,NO PREFERENCE USED,,,,,OTH,AUTHORIZED BY STATUTE (FAR 6.302-5(A)(2)(I)),1,A,COMMERCIAL PRODUCTS/SERVICES,f,N,NO,N,NO,Y,YES,N,NO,0.00,N,NO,X,NOT APPLICABLE,Y,YES,X,NOT APPLICABLE,X,NOT APPLICABLE,,,,,,,,NONE,NONE,N,NO,X,NOT APPLICABLE EXEMPT FROM CAS,N,TRANSACTION DOES NOT USE GFE/GFP,U,UNKNOWN,D,NOT CONSOLIDATED,Y,YES - SERVICE WHERE PBA IS USED.,N,NO,Z,NOT APPLICABLE,N,NO,X,NOT APPLICABLE,f,f,f,f,f,f,f,f,f,f,f,f,t,f,f,t,f,f,f,SMALL BUSINESS,S,f,f,f,f,f,f,f,f,f,f,f,f,f,f,f,f,f,SOLE PROPRIETORSHIP,f,f,f,t,f,f,f,f,f,f,f,f,f,f,f,f,f,t,f,f,f,f,f,f,f,f,t,f,t,f,f,f,f,f,f,f,f,f,f,f,f,f,f,f,t,t,f,t,f,f,,,,,,,,,,,https://www.usaspending.gov/award/CONT_AWD_W911WN22C3001_9700_-NONE-_-NONE-/,2023-07-10 06:35:08+00
CONT_AWD_W911XK19C0005_9700_-NONE-_-NONE-,W911XK19C0005,,,,Q: Not Designated Nonemergency/Emergency/Disaster/Wildfire Suppression,,,,,257785.07,28254.81,257785.07,257785.07,2019-04-04,2019,2023-07-10,2023,2019-04-03,2021-12-31,2021-12-31 00:00:00,,2019-02-23,097,Department of Defense,2100,Department of the Army,W911XK,W072 ENDIST DETROIT,096,Corps of Engineers - Civil Works,96CE,U.S. Army Corps of Engineers - Civil Program Financing Only,960102,ARMY CORPS OF ENGINEERS CIVIL WORKS,096-X-3122-000,096-3122,32.0: Land and structures,0806: OTHER FEDERAL AGENCIES,X,NOT APPLICABLE,,,LJJ6DGARYF48,,EXP FEDERAL INC.,EXP FEDERAL INC.,,8R556,J7HQFL9N6AK5,,EXP GLOBAL INC,EXP U.S. SERVICES INC.,USA,UNITED STATES,205 N MICHIGAN AVE STE 3800,,CHICAGO,17031,COOK,17,IL,ILLINOIS,606015941,IL-07,IL-07,3126167500,3126167525,USA,UNITED STATES,CHICAGO,17031,COOK,17,IL,ILLINOIS,606015941,IL-07,IL-07,AWARD,D,DEFINITIVE CONTRACT,,,,,,,J,FIRM FIXED PRICE,DEFENSE LOGISTICS AGENCY GENERATOR REPLACEMENT ENGINEERING DURING CONSTRUCTION FOR ARCHITECT ENGINEERING SERVICES,,1,OT,OTHER FUNCTIONS,C222,ARCHITECT AND ENGINEERING- GENERAL: ELECTRICAL SYSTEMS,H,NOT BUNDLED,S1,SERVICES,541330,ENGINEERING SERVICES,C,NO CLAUSES INCLUDED AND NO SUSTAINABILITY INCLUDED,C,FOREIGN-OWNED BUSINESS INCORPORATED IN THE U.S.,000,NONE,Z,NOT IT PRODUCTS OR SERVICES,E,NOT REQUIRED,USA,UNITED STATES,C,NOT A MANUFACTURED END PRODUCT,B,PLAN NOT REQUIRED,C,NOT COMPETED,SSS,ONLY ONE SOURCE,NONE,NO SET ASIDE USED.,NONE,NO PREFERENCE USED,,,,,PDR,PATENT OR DATA RIGHTS (FAR 6.302-1(B)(2)),1,D,COMMERCIAL PRODUCTS/SERVICES PROCEDURES NOT USED,f,N,NO,N,NO,N,NO,N,NO,0.00,N,NO,X,NOT APPLICABLE,Y,YES,N,NO,X,NOT APPLICABLE,,,,,,,,NONE,NONE,N,NO,X,NOT APPLICABLE EXEMPT FROM CAS,N,TRANSACTION DOES NOT USE GFE/GFP,U,UNKNOWN,D,NOT CONSOLIDATED,N,NO - SERVICE WHERE PBA IS NOT USED.,N,NO,Z,NOT APPLICABLE,N,NO,X,NOT APPLICABLE,f,f,f,f,f,f,f,f,f,f,f,f,f,f,f,f,f,f,f,OTHER THAN SMALL BUSINESS,O,f,f,f,f,f,f,f,f,f,f,f,f,f,f,f,f,f,CORPORATE NOT TAX EXEMPT,t,f,f,f,f,f,f,f,f,f,f,f,f,f,f,f,f,t,f,f,f,f,f,f,f,f,f,t,t,f,f,f,f,f,f,f,f,f,f,f,f,f,f,f,f,f,f,f,f,f,JOHN  SAMIS,525569.00,CHARLES  MOUZANNAR,340600.00,PAUL  RICH,295488.00,THOMAS  MITORAJ,281206.00,PAUL  ZINNI,244948.00,https://www.usaspending.gov/award/CONT_AWD_W911XK19C0005_9700_-NONE-_-NONE-/,2023-07-10 10:33:36+00
CONT_AWD_W9123622C5007_9700_-NONE-_-NONE-,W9123622C5007,,,,Q: Not Designated Nonemergency/Emergency/Disaster/Wildfire Suppression,,,,,153087.34,0.00,153087.34,153087.34,2022-09-24,2022,2023-07-03,2023,2022-09-23,2023-09-20,2023-09-20 00:00:00,,2022-08-24,097,Department of Defense,2100,Department of the Army,W91236,W2SD ENDIST NORFOLK,096,Corps of Engineers - Civil Works,96CE,U.S. Army Corps of Engineers - Civil Program Financing Only,960444,ARMY CORPS OF ENGINEERS CIVIL WORKS,096-X-3123-000,096-3123,25.2: Other services from non-Federal sources;25.4: Operation and maintenance of facilities;32.0: Land and structures,0001: COMMERCIAL NAVIGATION,X,NOT APPLICABLE,,,D89EF38T2D89,,"CARTER MACHINERY COMPANY, INCORPORATED",CARTER MACHINERY COMPANY INCORPORATED,,1X240,JZSHR7DX1MQ9,,"CARTER MACHINERY COMPANY, INCORPORATED",CARTER MACHINERY COMPANY  INCORPORATED,USA,UNITED STATES,1712 S MILITARY HWY,,CHESAPEAKE,51550,CHESAPEAKE (CITY),51,VA,VIRGINIA,233202612,VA-03,VA-03,5406822059,7573665406,USA,UNITED STATES,CHESAPEAKE,51550,CHESAPEAKE CITY,51,VA,VIRGINIA,233206845,VA-02,VA-02,AWARD,D,DEFINITIVE CONTRACT,,,,,,,J,FIRM FIXED PRICE,CRANEY ISLAND BULLDOZER REPAIRS,W9123622Q5007,1,OT,OTHER FUNCTIONS,J038,MAINT/REPAIR/REBUILD OF EQUIPMENT- CONSTRUCTION/MINING/EXCAVATING/HIGHWAY MAINTENANCE EQUIPMENT,H,NOT BUNDLED,S1,SERVICES,811310,COMMERCIAL AND INDUSTRIAL MACHINERY AND EQUIPMENT (EXCEPT AUTOMOTIVE AND ELECTRONIC) REPAIR AND MAINTENANCE,E,BIO-BASED,A,U.S. OWNED BUSINESS,000,NONE,Z,NOT IT PRODUCTS OR SERVICES,E,NOT REQUIRED,USA,UNITED STATES,C,NOT A MANUFACTURED END PRODUCT,B,PLAN NOT REQUIRED,F,COMPETED UNDER SAP,SP1,SIMPLIFIED ACQUISITION,NONE,NO SET ASIDE USED.,NONE,NO PREFERENCE USED,,,,,,,1,A,COMMERCIAL PRODUCTS/SERVICES,f,N,NO,N,NO,Y,YES,N,NO,0.00,N,NO,X,NOT APPLICABLE,X,NOT APPLICABLE,X,NOT APPLICABLE,X,NOT APPLICABLE,,,,,,,,NONE,NONE,N,NO,X,NOT APPLICABLE EXEMPT FROM CAS,N,TRANSACTION DOES NOT USE GFE/GFP,U,UNKNOWN,D,NOT CONSOLIDATED,N,NO - SERVICE WHERE PBA IS NOT USED.,N,NO,Z,NOT APPLICABLE,N,NO,X,NOT APPLICABLE,f,f,f,f,f,f,f,f,f,f,f,f,f,f,f,f,f,f,f,OTHER THAN SMALL BUSINESS,O,f,f,f,f,f,f,f,f,f,f,f,f,f,f,f,f,f,CORPORATE NOT TAX EXEMPT,t,f,f,f,f,f,f,f,f,f,f,f,f,f,f,f,f,t,f,f,f,f,f,f,f,f,f,f,t,f,f,f,f,f,f,f,f,f,f,f,f,f,f,f,f,f,f,f,f,f,,,,,,,,,,,https://www.usaspending.gov/award/CONT_AWD_W9123622C5007_9700_-NONE-_-NONE-/,2023-07-03 14:57:58+00
CONT_AWD_W9124718C0020_9700_-NONE-_-NONE-,W9124718C0020,,,,N: Emergency P.L. 116-136;Q: Not Designated Nonemergency/Emergency/Disaster/Wildfire Suppression,,3646085.44,,,13615989.63,909021.36,13615989.63,13615989.63,2018-07-31,2018,2023-07-06,2023,2018-08-01,2021-12-31,2021-12-31 00:00:00,,2018-07-25,097,Department of Defense,2100,Department of the Army,W91247,W6QM MICC FDO FT BRAGG,097,Department of Defense,2100,Department of the Army,W91GMA,W3YB HQ USA FORSCOM,021-2019/2019-2020-000;021-2020/2020-2020-000;021-2021/2021-2020-000,021-2020,25.1: Advisory and assistance services;25.7: Operation and maintenance of equipment,0001: OPERATING FORCES;OPTN: FIELD IS OPTIONAL PRIOR TO FY21,X,NOT APPLICABLE,,,SMMCNFDSGDL6,,PROMODEL GOVERNMENT SOLUTIONS INC,PROMODEL CORPORATION,,049U7,HAVJMX6JABV5,,"BIGBEAR.AI FEDERAL, LLC","PROMODEL GOVERNMENT SOLUTIONS, INC.",USA,UNITED STATES,556 E TECHNOLOGY AVE,,OREM,49049,UTAH,49,UT,UTAH,840976210,UT-06,UT-03,8606085389,6103919709,USA,UNITED STATES,FORT BRAGG,37051,CUMBERLAND,37,NC,NORTH CAROLINA,283105000,NC-09,NC-09,AWARD,D,DEFINITIVE CONTRACT,,,,,,,J,FIRM FIXED PRICE,IGF::OT::IGF ARFORGEN SYNCHRONIZATION TOOL (AST),W9124718R0014,1,OT,OTHER FUNCTIONS,D319,IT AND TELECOM- ANNUAL SOFTWARE MAINTENANCE SERVICE PLANS,H,NOT BUNDLED,S1,SERVICES,541511,CUSTOM COMPUTER PROGRAMMING SERVICES,C,NO CLAUSES INCLUDED AND NO SUSTAINABILITY INCLUDED,A,U.S. OWNED BUSINESS,000,NONE,E,COMMERCIAL SERVICE,E,NOT REQUIRED,USA,UNITED STATES,C,NOT A MANUFACTURED END PRODUCT,B,PLAN NOT REQUIRED,C,NOT COMPETED,SSS,ONLY ONE SOURCE,NONE,NO SET ASIDE USED.,NONE,NO PREFERENCE USED,,,,,PDR,PATENT OR DATA RIGHTS (FAR 6.302-1(B)(2)),1,A,COMMERCIAL PRODUCTS/SERVICES,f,N,NO,N,NO,Y,YES,N,NO,0.00,N,NO,N,NO,X,NOT APPLICABLE,N,NO,X,NOT APPLICABLE,,,,,,,,NONE,NONE,N,NO,X,NOT APPLICABLE EXEMPT FROM CAS,N,TRANSACTION DOES NOT USE GFE/GFP,U,UNKNOWN,D,NOT CONSOLIDATED,Y,YES - SERVICE WHERE PBA IS USED.,N,NO,E,COMMERCIAL FINANCING,N,NO,X,NOT APPLICABLE,f,f,f,f,f,f,f,f,f,f,f,f,f,f,f,f,f,f,f,SMALL BUSINESS,S,f,f,f,f,f,f,f,f,f,f,f,f,f,f,f,f,f,CORPORATE NOT TAX EXEMPT,t,f,f,f,f,f,f,f,f,f,f,f,t,f,f,f,f,t,f,f,f,f,f,f,f,f,f,f,t,f,f,f,f,f,f,f,f,f,f,f,f,f,f,f,f,f,f,f,f,f,,,,,,,,,,,https://www.usaspending.gov/award/CONT_AWD_W9124718C0020_9700_-NONE-_-NONE-/,2023-07-06 15:08:33+00
CONT_AWD_W9124723C0023_9700_-NONE-_-NONE-,W9124723C0023,,,,,,,,,969000.00,,969000.00,969000.00,2023-04-10,2023,2023-07-11,2023,2023-04-15,2023-09-22,2023-09-22 00:00:00,,,097,Department of Defense,2100,Department of the Army,W91247,W6QM MICC FDO FT BRAGG,097,Department of Defense,2100,Department of the Army,W36B5K,W0U3 USAG FT BRAGG,,,,,X,NOT APPLICABLE,,,LVVZX4W3LNJ1,,"SOUTH EASTERN GENERAL CONTRACTING, INC.",SOUTH EASTERN GENERAL CONTRACTING INC,,57X55,LVVZX4W3LNJ1,,"SOUTH EASTERN GENERAL CONTRACTING, INC.",SOUTHEASTERN GENERAL CONTRACTING INC,USA,UNITED STATES,3059 N MAIN ST,STE 16,HOPE MILLS,37051,CUMBERLAND,37,NC,NORTH CAROLINA,283482799,NC-08,NC-07,9104746778,,USA,UNITED STATES,FORT BRAGG,37051,CUMBERLAND,37,NC,NORTH CAROLINA,283105000,NC-09,NC-09,AWARD,D,DEFINITIVE CONTRACT,,,,,,,J,FIRM FIXED PRICE,FA-60038-23 AA FT. LIBERTY SIGN,W9124723R0042,1,OT,OTHER FUNCTIONS,Y1LB,"CONSTRUCTION OF HIGHWAYS, ROADS, STREETS, BRIDGES, AND RAILWAYS",H,NOT BUNDLED,,,237310,"HIGHWAY, STREET, AND BRIDGE CONSTRUCTION",C,NO CLAUSES INCLUDED AND NO SUSTAINABILITY INCLUDED,A,U.S. OWNED BUSINESS,000,NONE,Z,NOT IT PRODUCTS OR SERVICES,E,NOT REQUIRED,USA,UNITED STATES,C,NOT A MANUFACTURED END PRODUCT,B,PLAN NOT REQUIRED,G,NOT COMPETED UNDER SAP,SP1,SIMPLIFIED ACQUISITION,8AN,8(A) SOLE SOURCE,NONE,NO PREFERENCE USED,,,,,OTH,AUTHORIZED BY STATUTE (FAR 6.302-5(A)(2)(I)),1,D,COMMERCIAL PRODUCTS/SERVICES PROCEDURES NOT USED,f,N,NO,,,Y,YES,N,NO,0.00,N,NO,Y,YES,Y,YES,Y,YES,X,NOT APPLICABLE,,,,,,,,NONE,NONE,N,NO,X,NOT APPLICABLE EXEMPT FROM CAS,N,TRANSACTION DOES NOT USE GFE/GFP,,,D,NOT CONSOLIDATED,N,NO - SERVICE WHERE PBA IS NOT USED.,N,NO,A,FAR 52.232-16 PROGRESS PAYMENTS,N,NO,X,NOT APPLICABLE,f,t,f,f,f,f,f,f,f,f,f,f,f,f,f,f,f,t,f,SMALL BUSINESS,S,f,f,f,f,f,f,f,f,f,f,f,f,f,f,f,f,f,CORPORATE NOT TAX EXEMPT,t,f,f,f,f,f,f,f,f,f,f,f,f,f,f,f,f,t,f,f,f,f,f,f,f,t,f,f,t,f,f,f,f,f,f,f,f,f,f,f,f,f,f,f,f,t,f,t,t,f,,,,,,,,,,,https://www.usaspending.gov/award/CONT_AWD_W9124723C0023_9700_-NONE-_-NONE-/,2023-07-12 15:18:25+00
CONT_AWD_W9124723C0031_9700_-NONE-_-NONE-,W9124723C0031,,,,,,,,,246795.00,,246795.00,246795.00,2023-06-05,2023,2023-07-14,2023,2023-05-18,2023-11-03,2023-11-03 00:00:00,,,097,Department of Defense,2100,Department of the Army,W91247,W6QM MICC FDO FT BRAGG,097,Department of Defense,2100,Department of the Army,W36B5K,W0U3 USAG FT BRAGG,,,,,X,NOT APPLICABLE,,,PTHMDBNVTF45,,"PIERCE & SONS CONSTRUCTION, LLC","PIERCE & SONS CONSTRUCTION, LLC",,7TZK5,PTHMDBNVTF45,,"PIERCE & SONS CONSTRUCTION, LLC",PIERCE & SONS CONSTRUCTION  LLC,USA,UNITED STATES,3686 BARLOW RD,,LUMBER BRIDGE,37155,ROBESON,37,NC,NORTH CAROLINA,283577972,NC-07,NC-07,9107404102,,USA,UNITED STATES,FORT BRAGG,37051,CUMBERLAND,37,NC,NORTH CAROLINA,283105000,NC-09,NC-09,AWARD,D,DEFINITIVE CONTRACT,,,,,,,J,FIRM FIXED PRICE,CONSTRUCTION FA-1104-23,W9124723R0041,1,OT,OTHER FUNCTIONS,Z1JZ,MAINTENANCE OF MISCELLANEOUS BUILDINGS,H,NOT BUNDLED,,,236220,COMMERCIAL AND INSTITUTIONAL BUILDING CONSTRUCTION,C,NO CLAUSES INCLUDED AND NO SUSTAINABILITY INCLUDED,A,U.S. OWNED BUSINESS,000,NONE,Z,NOT IT PRODUCTS OR SERVICES,E,NOT REQUIRED,USA,UNITED STATES,C,NOT A MANUFACTURED END PRODUCT,B,PLAN NOT REQUIRED,G,NOT COMPETED UNDER SAP,SP1,SIMPLIFIED ACQUISITION,8AN,8(A) SOLE SOURCE,NONE,NO PREFERENCE USED,,,,,OTH,AUTHORIZED BY STATUTE (FAR 6.302-5(A)(2)(I)),1,D,COMMERCIAL PRODUCTS/SERVICES PROCEDURES NOT USED,f,N,NO,,,Y,YES,N,NO,0.00,N,NO,X,NOT APPLICABLE,X,NOT APPLICABLE,X,NOT APPLICABLE,X,NOT APPLICABLE,,,,,,,,NONE,NONE,N,NO,X,NOT APPLICABLE EXEMPT FROM CAS,N,TRANSACTION DOES NOT USE GFE/GFP,,,D,NOT CONSOLIDATED,Y,YES - SERVICE WHERE PBA IS USED.,N,NO,A,FAR 52.232-16 PROGRESS PAYMENTS,N,NO,X,NOT APPLICABLE,f,t,f,f,f,f,f,f,f,f,f,f,t,f,f,f,f,t,f,SMALL BUSINESS,S,f,f,f,f,f,f,f,f,f,f,f,f,f,f,f,f,f,PARTNERSHIP,f,f,t,f,f,f,f,f,f,f,f,f,f,f,f,f,f,t,f,f,f,f,f,f,f,f,t,f,t,f,f,f,f,f,f,f,f,f,f,f,f,f,f,f,f,t,f,t,t,f,,,,,,,,,,,https://www.usaspending.gov/award/CONT_AWD_W9124723C0031_9700_-NONE-_-NONE-/,2023-07-14 14:25:38+00
CONT_AWD_W9124723C0037_9700_-NONE-_-NONE-,W9124723C0037,,,,,,,,,135262.00,,135262.00,135262.00,2023-06-06,2023,2023-07-11,2023,2023-06-12,2023-07-17,2023-07-17 00:00:00,,,097,Department of Defense,2100,Department of the Army,W91247,W6QM MICC FDO FT BRAGG,097,Department of Defense,2100,Department of the Army,W36B5K,W0U3 USAG FT BRAGG,,,,,X,NOT APPLICABLE,,,PQJRULCY9RL1,,MILVUS INDUSTRIAL SOLUTIONS INC,MILVUS INDUSTRIAL SOLUTIONS INC,,8EB38,PQJRULCY9RL1,,MILVUS INDUSTRIAL SOLUTIONS INC,MILVUS INDUSTRIAL SOLUTIONS  INC.,USA,UNITED STATES,1405 OLDTOWN DR,,FAYETTEVILLE,37051,CUMBERLAND,37,NC,NORTH CAROLINA,283140259,NC-08,NC-07,9105270167,,USA,UNITED STATES,FORT BRAGG,37051,CUMBERLAND,37,NC,NORTH CAROLINA,283109010,NC-09,NC-09,AWARD,D,DEFINITIVE CONTRACT,,,,,,,J,FIRM FIXED PRICE,"FZ-30029-22, REPAIR SINKHOLE 4-2817",W9124723R0052,1,OT,OTHER FUNCTIONS,Z2PZ,REPAIR OR ALTERATION OF OTHER NON-BUILDING FACILITIES,H,NOT BUNDLED,,,237310,"HIGHWAY, STREET, AND BRIDGE CONSTRUCTION",C,NO CLAUSES INCLUDED AND NO SUSTAINABILITY INCLUDED,A,U.S. OWNED BUSINESS,000,NONE,Z,NOT IT PRODUCTS OR SERVICES,E,NOT REQUIRED,USA,UNITED STATES,C,NOT A MANUFACTURED END PRODUCT,B,PLAN NOT REQUIRED,G,NOT COMPETED UNDER SAP,SP1,SIMPLIFIED ACQUISITION,HZS,HUBZONE SOLE SOURCE,NONE,NO PREFERENCE USED,,,,,OTH,AUTHORIZED BY STATUTE (FAR 6.302-5(A)(2)(I)),1,D,COMMERCIAL PRODUCTS/SERVICES PROCEDURES NOT USED,f,N,NO,,,Y,YES,N,NO,0.00,N,NO,Y,YES,X,NOT APPLICABLE,Y,YES,X,NOT APPLICABLE,,,,,,,,NONE,NONE,N,NO,X,NOT APPLICABLE EXEMPT FROM CAS,N,TRANSACTION DOES NOT USE GFE/GFP,,,D,NOT CONSOLIDATED,Y,YES - SERVICE WHERE PBA IS USED.,N,NO,A,FAR 52.232-16 PROGRESS PAYMENTS,N,NO,X,NOT APPLICABLE,f,f,f,f,f,t,t,f,f,f,f,f,f,f,f,t,f,f,f,SMALL BUSINESS,S,f,f,f,f,f,f,f,f,f,f,f,f,f,f,f,f,f,CORPORATE NOT TAX EXEMPT,t,f,f,f,f,f,f,f,f,f,f,f,f,f,f,f,f,t,f,f,f,f,f,f,f,t,f,f,t,f,f,f,f,f,f,f,f,f,f,f,f,f,f,f,t,t,f,f,t,f,,,,,,,,,,,https://www.usaspending.gov/award/CONT_AWD_W9124723C0037_9700_-NONE-_-NONE-/,2023-07-11 15:45:36+00
CONT_AWD_W9124723C0038_9700_-NONE-_-NONE-,W9124723C0038,,,,,,,,,57325.28,,57325.28,57325.28,2023-06-05,2023,2023-07-06,2023,2023-06-19,2023-09-07,2023-09-07 00:00:00,,2023-05-01,097,Department of Defense,2100,Department of the Army,W91247,W6QM MICC FDO FT BRAGG,097,Department of Defense,2100,Department of the Army,W36B5K,W0U3 USAG FT BRAGG,,,,,X,NOT APPLICABLE,,,GMERB1YC5DL6,,DRIVEN CONTRACTORS LLC,DRIVEN CONTRACTORS LLC,,6WVZ5,SP2PLB1G8V21,,DRIVEN CONTRACTORS LLC,DRIVEN CONTRACTORS LLC,USA,UNITED STATES,701 W DR MARTIN LUTHER KING JR DR,,MAXTON,37155,ROBESON,37,NC,NORTH CAROLINA,283641246,NC-07,NC-08,9105214535,9105214503,USA,UNITED STATES,FORT BRAGG,37051,CUMBERLAND,37,NC,NORTH CAROLINA,283109010,NC-09,NC-09,AWARD,D,DEFINITIVE CONTRACT,,,,,,,J,FIRM FIXED PRICE,FA-11002023 INSTALL NEW REAR ENTRY DOORS/FRAMES.,W9124723R0068,1,OT,OTHER FUNCTIONS,Z1QA,MAINTENANCE OF RESTORATION OF REAL PROPERTY (PUBLIC OR PRIVATE),H,NOT BUNDLED,,,236220,COMMERCIAL AND INSTITUTIONAL BUILDING CONSTRUCTION,C,NO CLAUSES INCLUDED AND NO SUSTAINABILITY INCLUDED,A,U.S. OWNED BUSINESS,000,NONE,Z,NOT IT PRODUCTS OR SERVICES,E,NOT REQUIRED,USA,UNITED STATES,C,NOT A MANUFACTURED END PRODUCT,B,PLAN NOT REQUIRED,G,NOT COMPETED UNDER SAP,SP1,SIMPLIFIED ACQUISITION,8AN,8(A) SOLE SOURCE,NONE,NO PREFERENCE USED,,,,,OTH,AUTHORIZED BY STATUTE (FAR 6.302-5(A)(2)(I)),1,D,COMMERCIAL PRODUCTS/SERVICES PROCEDURES NOT USED,f,N,NO,,,Y,YES,N,NO,0.00,N,NO,X,NOT APPLICABLE,X,NOT APPLICABLE,Y,YES,X,NOT APPLICABLE,,,,,,,,NONE,NONE,N,NO,X,NOT APPLICABLE EXEMPT FROM CAS,N,TRANSACTION DOES NOT USE GFE/GFP,,,D,NOT CONSOLIDATED,Y,YES - SERVICE WHERE PBA IS USED.,N,NO,A,FAR 52.232-16 PROGRESS PAYMENTS,N,NO,X,NOT APPLICABLE,f,t,f,f,f,f,f,f,f,f,f,f,t,f,f,f,f,t,f,SMALL BUSINESS,S,f,f,f,f,f,f,f,f,f,f,f,f,f,f,f,f,f,CORPORATE NOT TAX EXEMPT,t,f,f,f,f,f,f,f,f,f,f,f,f,f,f,f,f,t,f,f,f,f,f,f,f,f,t,f,t,f,f,f,f,f,f,f,f,f,f,f,f,f,f,f,t,t,f,t,t,f,,,,,,,,,,,https://www.usaspending.gov/award/CONT_AWD_W9124723C0038_9700_-NONE-_-NONE-/,2023-07-19 15:47:04+00
CONT_AWD_W9124818C0005_9700_-NONE-_-NONE-,W9124818C0005,,,,Q: Not Designated Nonemergency/Emergency/Disaster/Wildfire Suppression,,,,,8100737.90,0.00,8107739.41,8107739.41,2018-08-10,2018,2023-07-12,2023,2018-08-12,2023-09-14,2023-09-14 00:00:00,,2018-07-16,097,Department of Defense,2100,Department of the Army,W91248,W6QM MICC-FT CAMPBELL,097,Department of Defense,2100,Department of the Army,W90L4F,0101 AR HQ     DIV HQ AND HQ B,021-2018/2018-2020-000;021-2020/2020-2020-000,021-2020,25.7: Operation and maintenance of equipment,,X,NOT APPLICABLE,,,ZK84NAU2PBY3,,CHENEGA HEALTHCARE SERVICES LLC,"CHENEGA HEALTHCARE SERVICES, LLC",,703G2,ZHEGXL9HYV43,,THE CHENEGA CORPORATION,CHENEGA CORPORATION,USA,UNITED STATES,5726 W HAUSMAN RD STE 100,,SAN ANTONIO,48029,BEXAR,48,TX,TEXAS,782491651,TX-20,TX-20,2102363937,2106945454,USA,UNITED STATES,FORT CAMPBELL,21047,CHRISTIAN,21,KY,KENTUCKY,422239999,KY-01,KY-01,AWARD,D,DEFINITIVE CONTRACT,,,,,,,J,FIRM FIXED PRICE,LOGISTICS SUPPORT SERVICES,,1,OT,OTHER FUNCTIONS,R799,SUPPORT- MANAGEMENT: OTHER,H,NOT BUNDLED,S1,SERVICES,561210,FACILITIES SUPPORT SERVICES,C,NO CLAUSES INCLUDED AND NO SUSTAINABILITY INCLUDED,A,U.S. OWNED BUSINESS,000,NONE,Z,NOT IT PRODUCTS OR SERVICES,E,NOT REQUIRED,USA,UNITED STATES,C,NOT A MANUFACTURED END PRODUCT,B,PLAN NOT REQUIRED,B,NOT AVAILABLE FOR COMPETITION,SSS,ONLY ONE SOURCE,8AN,8(A) SOLE SOURCE,NONE,NO PREFERENCE USED,,,,,OTH,AUTHORIZED BY STATUTE (FAR 6.302-5(A)(2)(I)),1,A,COMMERCIAL PRODUCTS/SERVICES,f,N,NO,N,NO,X,NOT APPLICABLE,N,NO,0.00,N,NO,X,NOT APPLICABLE,Y,YES,X,NOT APPLICABLE,X,NOT APPLICABLE,,,,,,,,NONE,NONE,N,NO,X,NOT APPLICABLE EXEMPT FROM CAS,N,TRANSACTION DOES NOT USE GFE/GFP,N,NO,D,NOT CONSOLIDATED,Y,YES - SERVICE WHERE PBA IS USED.,N,NO,Z,NOT APPLICABLE,N,NO,X,NOT APPLICABLE,t,f,f,f,f,f,f,f,f,f,f,f,t,f,f,f,f,t,f,SMALL BUSINESS,S,f,f,f,f,f,f,f,f,f,f,f,f,f,f,f,f,f,OTHER,f,f,f,f,f,f,f,f,f,f,f,f,f,f,f,f,f,t,f,f,f,f,f,f,f,f,t,f,t,f,f,f,f,f,f,f,f,f,f,f,f,f,f,f,f,t,f,t,f,f,GRACE M CASTILLO,285000.00,0 0 0,0.00,0 0 0,0.00,0 0 0,0.00,0 0 0,0.00,https://www.usaspending.gov/award/CONT_AWD_W9124818C0005_9700_-NONE-_-NONE-/,2023-07-12 12:42:51+00
CONT_AWD_W9124920C0021_9700_-NONE-_-NONE-,W9124920C0021,,,,Q: Not Designated Nonemergency/Emergency/Disaster/Wildfire Suppression,,,,,6390629.50,0.00,6390629.50,8597833.69,2020-09-01,2020,2023-07-07,2023,2020-09-01,2024-03-13,2024-09-13 00:00:00,,,097,Department of Defense,2100,Department of the Army,W91249,W6QM MICC-FT GORDON,097,Department of Defense,2100,Department of the Army,W58MUV,W6ZS USA CYBER SCHOOL,021-2020/2020-2020-000,021-2020,25.2: Other services from non-Federal sources,OPTN: FIELD IS OPTIONAL PRIOR TO FY21,X,NOT APPLICABLE,,,JKNLLBMXNKV3,,"ADVANCED TECHNOLOGY LEADERS, INC.","ADVANCED TECHNOLOGY LEADERS, INC.",,4MDT1,JKNLLBMXNKV3,,"ADVANCED TECHNOLOGY LEADERS, INC.",ADVANCED TECHNOLOGY LEADERS  INC,USA,UNITED STATES,4811 TECHNOLOGY DR,,MARTINEZ,13073,COLUMBIA,13,GA,GEORGIA,309072606,GA-12,GA-12,7066275895,,USA,UNITED STATES,FORT GORDON,13245,RICHMOND,13,GA,GEORGIA,309055719,GA-12,GA-12,AWARD,D,DEFINITIVE CONTRACT,,,,,,,J,FIRM FIXED PRICE,USACYS 17D&170D TOOL DEVELOPER&INSTR,W9124920R0026,1,OT,OTHER FUNCTIONS,U009,EDUCATION/TRAINING- GENERAL,H,NOT BUNDLED,S1,SERVICES,611430,PROFESSIONAL AND MANAGEMENT DEVELOPMENT TRAINING,C,NO CLAUSES INCLUDED AND NO SUSTAINABILITY INCLUDED,A,U.S. OWNED BUSINESS,000,NONE,Z,NOT IT PRODUCTS OR SERVICES,E,NOT REQUIRED,USA,UNITED STATES,C,NOT A MANUFACTURED END PRODUCT,B,PLAN NOT REQUIRED,F,COMPETED UNDER SAP,SP1,SIMPLIFIED ACQUISITION,SDVOSBC,SERVICE DISABLED VETERAN OWNED SMALL BUSINESS SET-ASIDE,NONE,NO PREFERENCE USED,,,,,,,3,A,COMMERCIAL PRODUCTS/SERVICES,f,Y,YES,N,NO,X,NOT APPLICABLE,N,NO,0.00,N,NO,N,NO,Y,YES,N,NO,X,NOT APPLICABLE,,,,,,,,NONE,NONE,N,NO,X,NOT APPLICABLE EXEMPT FROM CAS,N,TRANSACTION DOES NOT USE GFE/GFP,U,UNKNOWN,D,NOT CONSOLIDATED,Y,YES - SERVICE WHERE PBA IS USED.,N,NO,Z,NOT APPLICABLE,N,NO,X,NOT APPLICABLE,f,f,f,f,f,t,t,t,t,t,f,f,t,f,f,t,f,f,f,SMALL BUSINESS,S,f,f,f,f,f,f,f,f,f,f,f,f,f,f,f,f,f,CORPORATE NOT TAX EXEMPT,t,f,f,f,f,f,f,f,f,f,f,f,f,f,f,f,f,t,f,f,f,f,f,f,f,t,f,f,t,f,f,f,f,f,f,f,f,f,f,f,f,f,f,f,f,t,f,t,f,f,,,,,,,,,,,https://www.usaspending.gov/award/CONT_AWD_W9124920C0021_9700_-NONE-_-NONE-/,2023-07-17 16:51:50+00
CONT_AWD_W9124921C0007_9700_-NONE-_-NONE-,W9124921C0007,,,,,,,,,2072030.12,,2072030.12,2072030.12,2021-03-26,2021,2023-07-07,2023,2021-03-26,2024-03-26,2024-03-26 00:00:00,,,097,Department of Defense,2100,Department of the Army,W91249,W6QM MICC-FT GORDON,097,Department of Defense,2100,Department of the Army,W33BWH,W2MB DFSC,,,,,X,NOT APPLICABLE,,,JK6QQLVXC447,,AGIL3 TECHNOLOGY SOLUTIONS LLC,"AGIL3 TECHNOLOGY SOLUTIONS, LLC",,6TJN3,JK6QQLVXC447,,AGIL3 TECHNOLOGY SOLUTIONS LLC,AGIL3 TECHNOLOGY SOLUTIONS LLC,USA,UNITED STATES,3141 FAIRVIEW PARK DR # 315,,FALLS CHURCH,51059,FAIRFAX,51,VA,VIRGINIA,220424531,VA-08,VA-08,7033104537,7033104089,USA,UNITED STATES,FOREST PARK,13063,CLAYTON,13,GA,GEORGIA,302975122,GA-13,GA-05,AWARD,D,DEFINITIVE CONTRACT,,,,,,,J,FIRM FIXED PRICE,IT OPERATIONS SUPPORT,W9124921R0013,1,OT,OTHER FUNCTIONS,J066,MAINT/REPAIR/REBUILD OF EQUIPMENT- INSTRUMENTS AND LABORATORY EQUIPMENT,H,NOT BUNDLED,S1,SERVICES,541519,OTHER COMPUTER RELATED SERVICES,C,NO CLAUSES INCLUDED AND NO SUSTAINABILITY INCLUDED,A,U.S. OWNED BUSINESS,000,NONE,Z,NOT IT PRODUCTS OR SERVICES,E,NOT REQUIRED,USA,UNITED STATES,C,NOT A MANUFACTURED END PRODUCT,B,PLAN NOT REQUIRED,G,NOT COMPETED UNDER SAP,SP1,SIMPLIFIED ACQUISITION,8AN,8(A) SOLE SOURCE,NONE,NO PREFERENCE USED,,,,,OTH,AUTHORIZED BY STATUTE (FAR 6.302-5(A)(2)(I)),1,A,COMMERCIAL PRODUCTS/SERVICES,f,Y,YES,N,NO,X,NOT APPLICABLE,N,NO,0.00,N,NO,N,NO,Y,YES,X,NOT APPLICABLE,X,NOT APPLICABLE,,,,,,,,NONE,NONE,N,NO,X,NOT APPLICABLE EXEMPT FROM CAS,N,TRANSACTION DOES NOT USE GFE/GFP,U,UNKNOWN,D,NOT CONSOLIDATED,Y,YES - SERVICE WHERE PBA IS USED.,N,NO,Z,NOT APPLICABLE,N,NO,X,NOT APPLICABLE,f,f,f,f,f,t,t,t,t,t,f,f,t,f,f,t,f,f,f,SMALL BUSINESS,S,f,f,f,f,f,f,f,f,f,f,f,f,f,f,f,f,f,CORPORATE NOT TAX EXEMPT,t,f,f,f,f,f,f,f,f,f,f,f,f,f,f,f,f,t,f,f,f,f,f,f,f,f,t,f,t,f,f,f,f,f,f,f,f,f,f,f,f,f,f,f,f,t,f,t,f,f,,,,,,,,,,,https://www.usaspending.gov/award/CONT_AWD_W9124921C0007_9700_-NONE-_-NONE-/,2023-07-13 14:58:04+00
CONT_AWD_W9124921C0015_9700_-NONE-_-NONE-,W9124921C0015,,,,,,,,,6036897.79,,6651897.79,6651897.79,2021-07-08,2021,2023-07-13,2023,2021-08-01,2024-02-29,2024-02-29 00:00:00,,,097,Department of Defense,2100,Department of the Army,W91249,W6QM MICC-FT GORDON,097,Department of Defense,2100,Department of the Army,W58MUV,W6ZS USA CYBER SCHOOL,,,,,X,NOT APPLICABLE,,,JKNLLBMXNKV3,,"ADVANCED TECHNOLOGY LEADERS, INC.","ADVANCED TECHNOLOGY LEADERS, INC.",,4MDT1,JKNLLBMXNKV3,,"ADVANCED TECHNOLOGY LEADERS, INC.",ADVANCED TECHNOLOGY LEADERS  INC,USA,UNITED STATES,4811 TECHNOLOGY DR,,MARTINEZ,13073,COLUMBIA,13,GA,GEORGIA,309072606,GA-12,GA-12,7066275895,,USA,UNITED STATES,FORT GORDON,13245,RICHMOND,13,GA,GEORGIA,309055719,GA-12,GA-12,AWARD,D,DEFINITIVE CONTRACT,,,,,,,J,FIRM FIXED PRICE,USACYS TECH INSTR SUPP (BY),W9124921R0017,1,OT,OTHER FUNCTIONS,U009,EDUCATION/TRAINING- GENERAL,H,NOT BUNDLED,S1,SERVICES,611430,PROFESSIONAL AND MANAGEMENT DEVELOPMENT TRAINING,C,NO CLAUSES INCLUDED AND NO SUSTAINABILITY INCLUDED,A,U.S. OWNED BUSINESS,000,NONE,Z,NOT IT PRODUCTS OR SERVICES,E,NOT REQUIRED,USA,UNITED STATES,C,NOT A MANUFACTURED END PRODUCT,B,PLAN NOT REQUIRED,F,COMPETED UNDER SAP,SP1,SIMPLIFIED ACQUISITION,WOSB,WOMEN OWNED SMALL BUSINESS,NONE,NO PREFERENCE USED,,,,,,,6,A,COMMERCIAL PRODUCTS/SERVICES,f,Y,YES,N,NO,X,NOT APPLICABLE,N,NO,0.00,N,NO,X,NOT APPLICABLE,Y,YES,N,NO,X,NOT APPLICABLE,,,,,,,,NONE,NONE,N,NO,X,NOT APPLICABLE EXEMPT FROM CAS,N,TRANSACTION DOES NOT USE GFE/GFP,U,UNKNOWN,D,NOT CONSOLIDATED,Y,YES - SERVICE WHERE PBA IS USED.,N,NO,Z,NOT APPLICABLE,N,NO,X,NOT APPLICABLE,f,f,f,f,f,t,t,t,t,t,f,f,t,f,f,t,f,f,f,SMALL BUSINESS,S,f,f,f,f,f,f,f,f,f,f,f,f,f,f,f,f,f,CORPORATE NOT TAX EXEMPT,t,f,f,f,f,f,f,f,f,f,f,f,f,f,f,f,f,t,f,f,f,f,f,f,f,t,f,f,t,f,f,f,f,f,f,f,f,f,f,f,f,f,f,f,f,t,f,t,f,f,,,,,,,,,,,https://www.usaspending.gov/award/CONT_AWD_W9124921C0015_9700_-NONE-_-NONE-/,2023-07-14 18:26:10+00
CONT_AWD_W9124921C0023_9700_-NONE-_-NONE-,W9124921C0023,,,,,,,,,364313.24,,364313.24,364313.24,2021-09-09,2021,2023-07-07,2023,2021-09-30,2024-09-29,2024-09-29 00:00:00,,2021-08-24,097,Department of Defense,2100,Department of the Army,W91249,W6QM MICC-FT GORDON,097,Department of Defense,2100,Department of the Army,W58TSU,W6ZB CYBER PROTECTION BDE,,,,,X,NOT APPLICABLE,,,XC1TTQC85Y49,,"SECURITY ONION SOLUTIONS, LLC","SECURITY ONION SOLUTIONS, LLC",,7KPM5,XC1TTQC85Y49,,"SECURITY ONION SOLUTIONS, LLC",SECURITY ONION SOLUTIONS LLC,USA,UNITED STATES,717 BISHOPS CIR,,EVANS,13073,COLUMBIA,13,GA,GEORGIA,308096759,GA-12,GA-12,8778866466,,USA,UNITED STATES,FORT GORDON,13245,RICHMOND,13,GA,GEORGIA,309055719,GA-12,GA-12,AWARD,D,DEFINITIVE CONTRACT,,,,,,,J,FIRM FIXED PRICE,CYBER ADVANCED INDIVIDUAL TRAINING,W9124921R0032,1,OT,OTHER FUNCTIONS,U002,EDUCATION/TRAINING- PERSONNEL TESTING,H,NOT BUNDLED,S1,SERVICES,611420,COMPUTER TRAINING,C,NO CLAUSES INCLUDED AND NO SUSTAINABILITY INCLUDED,A,U.S. OWNED BUSINESS,000,NONE,Z,NOT IT PRODUCTS OR SERVICES,E,NOT REQUIRED,USA,UNITED STATES,C,NOT A MANUFACTURED END PRODUCT,B,PLAN NOT REQUIRED,C,NOT COMPETED,SSS,ONLY ONE SOURCE,NONE,NO SET ASIDE USED.,NONE,NO PREFERENCE USED,,,,,ONE,ONLY ONE SOURCE-OTHER (FAR 6.302-1 OTHER),1,A,COMMERCIAL PRODUCTS/SERVICES,f,N,NO,N,NO,X,NOT APPLICABLE,N,NO,0.00,N,NO,N,NO,Y,YES,X,NOT APPLICABLE,X,NOT APPLICABLE,,,,,,,,NONE,NONE,N,NO,X,NOT APPLICABLE EXEMPT FROM CAS,N,TRANSACTION DOES NOT USE GFE/GFP,U,UNKNOWN,D,NOT CONSOLIDATED,Y,YES - SERVICE WHERE PBA IS USED.,N,NO,Z,NOT APPLICABLE,N,NO,X,NOT APPLICABLE,f,f,f,f,f,f,f,f,f,f,f,f,f,f,f,f,f,f,f,SMALL BUSINESS,S,f,f,f,f,f,f,f,f,f,f,f,f,f,f,f,f,f,CORPORATE NOT TAX EXEMPT,t,f,f,f,f,f,f,f,f,f,f,f,f,f,f,f,f,t,f,f,f,f,f,f,f,f,t,f,t,f,f,f,f,f,f,f,f,f,f,f,f,f,f,f,f,f,f,f,f,f,,,,,,,,,,,https://www.usaspending.gov/award/CONT_AWD_W9124921C0023_9700_-NONE-_-NONE-/,2023-07-13 14:56:18+00
CONT_AWD_W9124P18C0070_9700_-NONE-_-NONE-,W9124P18C0070,,,,,,,,,0.00,,17919433.82,84477335.46,2018-07-13,2018,2023-07-12,2023,2018-07-14,2023-09-12,2024-01-12 00:00:00,,2018-05-29,097,Department of Defense,2100,Department of the Army,W9124P,W6QK ACC-RSA,097,Department of Defense,2100,Department of the Army,W908RX,W0WF USAG REDSTONE ARSENAL,,,,,X,NOT APPLICABLE,,,GYJ5KXU67718,,THE SOLID WASTE DISPOSAL AUTHORITY OF THE CITY OF HUNTSVILLE,"SOLID WASTE DISPOSAL AUTHORITY OF THE CITY OF HUNTSVILLE, TH",,023K9,GYJ5KXU67718,,THE SOLID WASTE DISPOSAL AUTHORITY OF THE CITY OF HUNTSVILLE,THE SOLID WASTE DISPOSAL AUTHORITY OF THE CITY OF HUNTSVILLE,USA,UNITED STATES,5251 TRIANA BLVD SW,,HUNTSVILLE,01089,MADISON,01,AL,ALABAMA,358055891,AL-05,AL-05,2568806054,2568807615,USA,UNITED STATES,HUNTSVILLE,01089,MADISON,01,AL,ALABAMA,358980001,AL-05,AL-05,AWARD,D,DEFINITIVE CONTRACT,,,,,,,J,FIRM FIXED PRICE,BASELOAD STEAM,W9124P18RA004,1,OT,OTHER FUNCTIONS,E1NZ,PURCHASE OF OTHER UTILITIES,H,NOT BUNDLED,S1,SERVICES,562213,SOLID WASTE COMBUSTORS AND INCINERATORS,C,NO CLAUSES INCLUDED AND NO SUSTAINABILITY INCLUDED,B,OTHER U.S. ENTITY (E.G. GOVERNMENT),000,NONE,Z,NOT IT PRODUCTS OR SERVICES,E,NOT REQUIRED,USA,UNITED STATES,C,NOT A MANUFACTURED END PRODUCT,B,PLAN NOT REQUIRED,C,NOT COMPETED,SSS,ONLY ONE SOURCE,NONE,NO SET ASIDE USED.,NONE,NO PREFERENCE USED,,,,,ONE,ONLY ONE SOURCE-OTHER (FAR 6.302-1 OTHER),1,D,COMMERCIAL PRODUCTS/SERVICES PROCEDURES NOT USED,f,N,NO,N,NO,X,NOT APPLICABLE,N,NO,0.00,N,NO,N,NO,N,NO,N,NO,X,NOT APPLICABLE,,,,,,,,NONE,NONE,N,NO,N,NO - CAS WAIVER APPROVED,N,TRANSACTION DOES NOT USE GFE/GFP,U,UNKNOWN,D,NOT CONSOLIDATED,Y,YES - SERVICE WHERE PBA IS USED.,N,NO,Z,NOT APPLICABLE,N,NO,X,NOT APPLICABLE,f,f,f,f,f,f,f,f,f,f,f,f,f,f,f,f,f,f,f,OTHER THAN SMALL BUSINESS,O,f,f,f,f,f,f,f,t,f,f,f,t,f,f,f,f,f,US GOVERNMENT ENTITY,f,f,f,f,f,f,t,f,f,f,f,f,f,f,f,f,f,t,f,f,f,f,f,f,f,f,f,f,f,f,f,f,f,f,f,f,f,f,f,f,f,f,f,f,f,f,f,f,f,f,,,,,,,,,,,https://www.usaspending.gov/award/CONT_AWD_W9124P18C0070_9700_-NONE-_-NONE-/,2025-12-31 09:44:17+00
CONT_AWD_W9126G10C0075_9700_-NONE-_-NONE-,W9126G10C0075,,,,,,,,,521069.47,,521069.47,521069.47,2010-07-23,2010,2023-07-14,2023,2010-07-23,2013-03-31,2013-03-31 00:00:00,,,097,Department of Defense,2100,Department of the Army,W9126G,W076 ENDIST FT WORTH,096,Corps of Engineers - Civil Works,96CE,U.S. Army Corps of Engineers - Civil Program Financing Only,960102,ARMY CORPS OF ENGINEERS CIVIL WORKS,,,,,X,NOT APPLICABLE,,,PJL2EDKR1LW1,,"PENNA GROUP, L L C, THE","PENNA GROUP, L L C, THE",,4SL63,PJL2EDKR1LW1,,"PENNA GROUP, L L C, THE",THE PENNA GROUP L L C,USA,UNITED STATES,111 N HOUSTON ST STE 220,,FORT WORTH,48439,TARRANT,48,TX,TEXAS,761022000,TX-12,TX-12,8884743068,8884759028,USA,UNITED STATES,PILOT POINT,48121,DENTON,48,TX,TEXAS,762581000,TX-26,TX-26,AWARD,D,DEFINITIVE CONTRACT,,,,,,,J,FIRM FIXED PRICE,RECOVERYPROJECT#::74787::RP# THE CONTRACTOR SHALL REPLACE THE 48-INCH LOW-FLOW BUTTERFLY GATE AT RAY ROBERTS DAM.  THE NEW GATE WILL BE MOTORIZED AND CAN BE CONTROLLED AT THE VAULT OR IN THE OUTLET WORKS TOWER.  NEW CONCRETE EQUIPMENT PADS WILL BE CONSTRUCTED FOR PLACEMENT OF CONTROLS AS WELL AS A SUNSHIELD TO PROTECT THE EQUIPMENT.,W9126G10R0079,1,,,Z211,MAINT-REP-ALT/DAMS,D,NOT A BUNDLED REQUIREMENT,C2,CONSTRUCTION,237990,OTHER HEAVY AND CIVIL ENGINEERING CONSTRUCTION,A,FAR 52.223-4 INCLUDED,A,U.S. OWNED BUSINESS,000,NONE,Z,NOT IT PRODUCTS OR SERVICES,A,MEETS REQUIREMENTS,USA,UNITED STATES,C,NOT A MANUFACTURED END PRODUCT,B,PLAN NOT REQUIRED,B,NOT AVAILABLE FOR COMPETITION,SSS,ONLY ONE SOURCE,8AN,8(A) SOLE SOURCE,NONE,NO PREFERENCE USED,,,,,OTH,AUTHORIZED BY STATUTE (FAR 6.302-5(A)(2)(I)),1,D,COMMERCIAL PRODUCTS/SERVICES PROCEDURES NOT USED,f,N,NO,N,NO,Y,YES,N,NO,0.00,N,NO,N,NO,N,NO,Y,YES,X,NOT APPLICABLE,,,,,,,,NONE,NONE,N,NO,X,NOT APPLICABLE EXEMPT FROM CAS,N,TRANSACTION DOES NOT USE GFE/GFP,N,NO,N,NO,Y,YES - SERVICE WHERE PBA IS USED.,N,NO,Z,NOT APPLICABLE,N,NO,X,NOT APPLICABLE,f,f,f,f,f,f,f,f,f,f,f,f,t,f,f,f,t,f,f,SMALL BUSINESS,S,t,f,f,f,f,f,f,f,f,f,f,f,f,f,f,f,f,OTHER,f,f,f,f,f,f,f,f,f,f,f,f,t,f,f,f,f,t,f,f,f,f,f,f,f,f,t,f,t,f,f,f,f,f,f,f,f,f,f,f,f,f,f,f,t,f,t,t,f,f,,,,,,,,,,,https://www.usaspending.gov/award/CONT_AWD_W9126G10C0075_9700_-NONE-_-NONE-/,2025-04-01 10:21:17+00
CONT_AWD_W9127821C0040_9700_-NONE-_-NONE-,W9127821C0040,,,,Q: Not Designated Nonemergency/Emergency/Disaster/Wildfire Suppression,,,,,3499523.28,1263627.56,3499523.28,3771328.28,2021-09-29,2021,2023-07-10,2023,2021-09-29,2022-10-18,2022-10-18 00:00:00,,2021-08-10,097,Department of Defense,2100,Department of the Army,W91278,W074 ENDIST MOBILE,096,Corps of Engineers - Civil Works,96CE,U.S. Army Corps of Engineers - Civil Program Financing Only,964105,ARMY CORPS OF ENGINEERS CIVIL WORKS,096-X-3122-000,096-3122,32.0: Land and structures,0801: DEPARTMENT OF HOMELAND SECURITY,X,NOT APPLICABLE,,,P9B9FM196LE6,,"SOUTHEASTERN INDUSTRIAL CONSTRUCTION, LLC","SOUTHEASTERN INDUSTRIAL CONSTRUCTION, LLC",,7JQ86,P9B9FM196LE6,,"SOUTHEASTERN INDUSTRIAL CONSTRUCTION, LLC",DESTIN GROUP LLC,USA,UNITED STATES,49 GARNETT BAYOU RD,,SANTA ROSA BEACH,12131,WALTON,12,FL,FLORIDA,324593498,FL-01,FL-01,8506870074,,USA,UNITED STATES,ANNISTON,01015,CALHOUN,01,AL,ALABAMA,362053600,AL-03,AL-03,AWARD,D,DEFINITIVE CONTRACT,,,,,,,J,FIRM FIXED PRICE,"THE PURPOSE OF THIS CONTRACT IS TO PERFORM DHS COBRATF UPGRADES IN ANNISTON, ALABAMA.",W9127821R0076,1,OT,OTHER FUNCTIONS,Y1JZ,CONSTRUCTION OF MISCELLANEOUS BUILDINGS,H,NOT BUNDLED,C2,CONSTRUCTION,236220,COMMERCIAL AND INSTITUTIONAL BUILDING CONSTRUCTION,L,FAR 52.223-4 & BIO-BASED & ENERGY EFFICIENT & ENVIRONMENTALLY PREFERABLE,A,U.S. OWNED BUSINESS,000,NONE,Z,NOT IT PRODUCTS OR SERVICES,A,MEETS REQUIREMENTS,USA,UNITED STATES,C,NOT A MANUFACTURED END PRODUCT,B,PLAN NOT REQUIRED,B,NOT AVAILABLE FOR COMPETITION,SSS,ONLY ONE SOURCE,8AN,8(A) SOLE SOURCE,NONE,NO PREFERENCE USED,,,,,OTH,AUTHORIZED BY STATUTE (FAR 6.302-5(A)(2)(I)),1,D,COMMERCIAL PRODUCTS/SERVICES PROCEDURES NOT USED,f,N,NO,N,NO,X,NOT APPLICABLE,N,NO,0.00,N,NO,N,NO,N,NO,Y,YES,X,NOT APPLICABLE,,,,,,,,NONE,NONE,N,NO,X,NOT APPLICABLE EXEMPT FROM CAS,N,TRANSACTION DOES NOT USE GFE/GFP,N,NO,D,NOT CONSOLIDATED,N,NO - SERVICE WHERE PBA IS NOT USED.,N,NO,Z,NOT APPLICABLE,N,NO,X,NOT APPLICABLE,f,f,f,f,f,f,f,f,f,f,f,f,t,f,f,f,t,f,f,SMALL BUSINESS,S,f,f,f,f,f,f,f,f,f,f,f,f,f,f,f,f,f,CORPORATE NOT TAX EXEMPT,t,f,f,f,f,f,f,f,f,f,f,f,f,f,f,f,f,t,f,f,f,f,f,f,f,f,t,f,t,f,f,f,f,f,f,f,f,f,f,f,f,f,f,f,f,t,f,t,f,f,,,,,,,,,,,https://www.usaspending.gov/award/CONT_AWD_W9127821C0040_9700_-NONE-_-NONE-/,2023-07-10 08:46:55+00
CONT_AWD_W9127822C0022_9700_-NONE-_-NONE-,W9127822C0022,,,,Z: Emergency P.L. 117-58,,,,2799766.84,2791477.42,0.00,2791477.42,2791477.42,2022-06-21,2022,2023-07-11,2023,2022-07-01,2023-08-21,2023-08-21 00:00:00,,2022-05-17,097,Department of Defense,2100,Department of the Army,W91278,W074 ENDIST MOBILE,097,Department of Defense,2100,Department of the Army,W91278,W074 ENDIST MOBILE,096-X-3123-000,096-3123,25.2: Other services from non-Federal sources,0005: MULTIPURPOSE AND OTHER PROGRAMS,X,NOT APPLICABLE,,,Q27FFN382KR5,,"PROMETHEAN GENERAL CONTRACTORS, LLC","K-BELLE CONSULTANTS, L.L.C.",,562Z7,Q27FFN382KR5,,"PROMETHEAN GENERAL CONTRACTORS, LLC",K-BELLE CONSULTANTS  LLC,USA,UNITED STATES,8603 OAK ST,,NEW ORLEANS,22071,ORLEANS,22,LA,LOUISIANA,701181221,LA-02,LA-02,5042919783,5042919783,USA,UNITED STATES,AMORY,28095,MONROE,28,MS,MISSISSIPPI,388218604,MS-01,MS-01,AWARD,D,DEFINITIVE CONTRACT,,,,,,,J,FIRM FIXED PRICE,DREDGING OF THE TTWW,W9127822R0052,1,OT,OTHER FUNCTIONS,Z1KF,MAINTENANCE OF DREDGING FACILITIES,H,NOT BUNDLED,C2,CONSTRUCTION,237990,OTHER HEAVY AND CIVIL ENGINEERING CONSTRUCTION,C,NO CLAUSES INCLUDED AND NO SUSTAINABILITY INCLUDED,A,U.S. OWNED BUSINESS,000,NONE,Z,NOT IT PRODUCTS OR SERVICES,E,NOT REQUIRED,USA,UNITED STATES,C,NOT A MANUFACTURED END PRODUCT,B,PLAN NOT REQUIRED,B,NOT AVAILABLE FOR COMPETITION,SSS,ONLY ONE SOURCE,8AN,8(A) SOLE SOURCE,NONE,NO PREFERENCE USED,,,,,OTH,AUTHORIZED BY STATUTE (FAR 6.302-5(A)(2)(I)),1,D,COMMERCIAL PRODUCTS/SERVICES PROCEDURES NOT USED,f,N,NO,N,NO,Y,YES,N,NO,0.00,N,NO,Y,YES,X,NOT APPLICABLE,Y,YES,X,NOT APPLICABLE,,,,,,,,NONE,NONE,N,NO,X,NOT APPLICABLE EXEMPT FROM CAS,N,TRANSACTION DOES NOT USE GFE/GFP,U,UNKNOWN,D,NOT CONSOLIDATED,N,NO - SERVICE WHERE PBA IS NOT USED.,N,NO,A,FAR 52.232-16 PROGRESS PAYMENTS,N,NO,X,NOT APPLICABLE,f,f,f,f,f,f,f,t,t,t,f,f,t,f,f,f,f,f,t,SMALL BUSINESS,S,f,f,f,f,f,f,f,f,f,f,f,f,f,f,f,f,f,PARTNERSHIP,f,f,t,f,f,f,f,f,f,f,f,f,f,f,f,f,f,t,f,f,f,f,f,f,f,f,t,f,t,f,f,f,f,f,f,f,f,f,f,f,f,f,f,f,t,t,f,t,f,f,,,,,,,,,,,https://www.usaspending.gov/award/CONT_AWD_W9127822C0022_9700_-NONE-_-NONE-/,2023-07-11 15:28:24+00
CONT_AWD_W9127N22C0018_9700_-NONE-_-NONE-,W9127N22C0018,,,,Q: Not Designated Nonemergency/Emergency/Disaster/Wildfire Suppression,,,,,2508357.05,0.00,2508357.05,2508357.05,2022-09-23,2022,2023-07-05,2023,2022-09-19,2023-01-31,2023-01-31 00:00:00,,2022-08-08,097,Department of Defense,2100,Department of the Army,W9127N,W071 ENDIST PORTLAND,096,Corps of Engineers - Civil Works,96CE,U.S. Army Corps of Engineers - Civil Program Financing Only,960102,ARMY CORPS OF ENGINEERS CIVIL WORKS,096-X-3123-000,096-3123,32.0: Land and structures,0001: COMMERCIAL NAVIGATION,X,NOT APPLICABLE,,,EZKDRR3PTL87,,HME CONSTRUCTION INC,"HME CONSTRUCTION, INC.",,1KNC1,EZKDRR3PTL87,,HME CONSTRUCTION INC,HME CONSTRUCTION  INC.,USA,UNITED STATES,6801 N W OLD LOWER RIVER RD,,VANCOUVER,53011,CLARK,53,WA,WASHINGTON,986601062,WA-03,WA-03,3606954553,3606953295,USA,UNITED STATES,PORTLAND,41051,MULTNOMAH,41,OR,OREGON,972173077,OR-03,OR-03,AWARD,D,DEFINITIVE CONTRACT,,,,,,,J,FIRM FIXED PRICE,OR SLOUGH CLAMSHELL MAINTENANCE DREDGING 2022,W9127N22B0015,1,OT,OTHER FUNCTIONS,Y1KF,CONSTRUCTION OF DREDGING FACILITIES,H,NOT BUNDLED,S1,SERVICES,237990,OTHER HEAVY AND CIVIL ENGINEERING CONSTRUCTION,C,NO CLAUSES INCLUDED AND NO SUSTAINABILITY INCLUDED,A,U.S. OWNED BUSINESS,000,NONE,Z,NOT IT PRODUCTS OR SERVICES,E,NOT REQUIRED,USA,UNITED STATES,C,NOT A MANUFACTURED END PRODUCT,B,PLAN NOT REQUIRED,D,FULL AND OPEN COMPETITION AFTER EXCLUSION OF SOURCES,SB,SEALED BID,SBA,SMALL BUSINESS SET ASIDE - TOTAL,NONE,NO PREFERENCE USED,,,,,,,1,D,COMMERCIAL PRODUCTS/SERVICES PROCEDURES NOT USED,f,N,NO,N,NO,Y,YES,N,NO,0.00,N,NO,X,NOT APPLICABLE,X,NOT APPLICABLE,Y,YES,X,NOT APPLICABLE,,,,,,,,NONE,NONE,N,NO,X,NOT APPLICABLE EXEMPT FROM CAS,N,TRANSACTION DOES NOT USE GFE/GFP,U,UNKNOWN,D,NOT CONSOLIDATED,N,NO - SERVICE WHERE PBA IS NOT USED.,N,NO,Z,NOT APPLICABLE,N,NO,X,NOT APPLICABLE,f,f,f,f,f,f,f,f,f,f,f,f,f,f,f,f,f,f,f,SMALL BUSINESS,S,f,f,f,f,f,f,f,f,f,f,f,f,f,f,f,f,f,CORPORATE NOT TAX EXEMPT,t,f,f,f,f,f,f,f,f,f,f,f,f,f,f,f,f,t,f,f,f,f,f,f,f,f,f,f,t,f,f,f,f,f,f,f,f,f,f,f,f,f,f,f,f,f,f,f,f,f,,,,,,,,,,,https://www.usaspending.gov/award/CONT_AWD_W9127N22C0018_9700_-NONE-_-NONE-/,2023-07-05 15:46:54+00
CONT_AWD_W9127N23C0012_9700_-NONE-_-NONE-,W9127N23C0012,,,,Q: Not Designated Nonemergency/Emergency/Disaster/Wildfire Suppression,,,,,199534.00,71414.00,199534.00,199534.00,2023-07-06,2023,2023-07-06,2023,2023-07-06,2023-09-01,2023-09-29 00:00:00,,,097,Department of Defense,2100,Department of the Army,W9127N,W071 ENDIST PORTLAND,096,Corps of Engineers - Civil Works,96CE,U.S. Army Corps of Engineers - Civil Program Financing Only,960102,ARMY CORPS OF ENGINEERS CIVIL WORKS,096-X-3122-000,096-3122,25.2: Other services from non-Federal sources,0003: AQUATIC ECOSYSTEM RESTORATION,X,NOT APPLICABLE,,,VN5VL1LHYMY8,,US WEST CORP,US WEST CORP,,72XZ5,VN5VL1LHYMY8,,US WEST CORP,US WEST CORPORATION,USA,UNITED STATES,1390 N OLD PACIFIC HWY,,MYRTLE CREEK,41019,DOUGLAS,41,OR,OREGON,974579353,OR-02,OR-04,5418636969,5418607409,USA,UNITED STATES,FOSTER,41043,LINN,41,OR,OREGON,973459753,OR-05,OR-05,AWARD,D,DEFINITIVE CONTRACT,,,,,,,J,FIRM FIXED PRICE,GREEN PETER INJUNCTION DEEP DRAWDOWN TEMPORARY POWER SUPPLY,W9127N23B0007,1,OT,OTHER FUNCTIONS,N061,INSTALLATION OF EQUIPMENT- ELECTRIC WIRE AND POWER DISTRIBUTION EQUIPMENT,H,NOT BUNDLED,,,237990,OTHER HEAVY AND CIVIL ENGINEERING CONSTRUCTION,F,ENVIRONMENTALLY PREFERABLE,A,U.S. OWNED BUSINESS,000,NONE,Z,NOT IT PRODUCTS OR SERVICES,E,NOT REQUIRED,USA,UNITED STATES,C,NOT A MANUFACTURED END PRODUCT,B,PLAN NOT REQUIRED,D,FULL AND OPEN COMPETITION AFTER EXCLUSION OF SOURCES,SB,SEALED BID,SBA,SMALL BUSINESS SET ASIDE - TOTAL,NONE,NO PREFERENCE USED,,,,,,,1,D,COMMERCIAL PRODUCTS/SERVICES PROCEDURES NOT USED,f,N,NO,,,Y,YES,N,NO,0.00,N,NO,X,NOT APPLICABLE,X,NOT APPLICABLE,Y,YES,X,NOT APPLICABLE,,,,,,,,NONE,NONE,N,NO,X,NOT APPLICABLE EXEMPT FROM CAS,N,TRANSACTION DOES NOT USE GFE/GFP,,,D,NOT CONSOLIDATED,Y,YES - SERVICE WHERE PBA IS USED.,N,NO,A,FAR 52.232-16 PROGRESS PAYMENTS,N,NO,X,NOT APPLICABLE,f,t,f,f,f,f,f,f,f,f,f,f,t,f,f,f,f,t,f,SMALL BUSINESS,S,f,f,f,f,f,f,f,f,f,f,f,f,f,f,f,f,f,CORPORATE NOT TAX EXEMPT,t,f,f,f,f,f,f,f,f,f,f,f,f,f,f,f,f,t,f,f,f,f,f,f,f,t,f,f,t,f,f,f,f,f,f,f,f,f,f,f,f,f,f,f,t,t,f,f,f,f,,,,,,,,,,,https://www.usaspending.gov/award/CONT_AWD_W9127N23C0012_9700_-NONE-_-NONE-/,2024-09-25 15:50:23+00
CONT_AWD_W9128F21C0016_9700_-NONE-_-NONE-,W9128F21C0016,,,,Q: Not Designated Nonemergency/Emergency/Disaster/Wildfire Suppression,,,,,10342033.00,2425700.58,10342033.00,10342033.00,2021-03-11,2021,2023-07-11,2023,2021-03-05,2023-11-07,2023-11-07 00:00:00,,2020-10-29,097,Department of Defense,2100,Department of the Army,W9128F,W071 ENDIST OMAHA,097,Department of Defense,2100,Department of the Army,W9128F,W071 ENDIST OMAHA,096-X-8862-000,096-8862,25.4: Operation and maintenance of facilities,0005: MULTIPURPOSE AND OTHER PROGRAMS,X,NOT APPLICABLE,,,F8ESZW6XDMJ5,,"KOONTZ ELECTRIC COMPANY, INCORPORATED","KOONTZ ELECTRIC COMPANY, INCORPORATED",,0FY55,F8ESZW6XDMJ5,,"KOONTZ ELECTRIC COMPANY, INCORPORATED",KOONTZ ELECTRIC COMPANY  INCORPORATED,USA,UNITED STATES,1223 E BROADWAY ST,,MORRILTON,05029,CONWAY,05,AR,ARKANSAS,721103701,AR-02,AR-02,5012426110,5012511138,USA,UNITED STATES,PICKSTOWN,46023,CHARLES MIX,46,SD,SOUTH DAKOTA,573677701,SD-00,SD-00,AWARD,D,DEFINITIVE CONTRACT,,,,,,,J,FIRM FIXED PRICE,FR GSU TRANSFORMER INSTALLATION,W9128F21R0004,1,OT,OTHER FUNCTIONS,Y1MD,CONSTRUCTION OF EPG FACILITIES - HYDRO,H,NOT BUNDLED,C2,CONSTRUCTION,237130,POWER AND COMMUNICATION LINE AND RELATED STRUCTURES CONSTRUCTION,H,FAR 52.223-4 & BIO-BASED,A,U.S. OWNED BUSINESS,000,NONE,Z,NOT IT PRODUCTS OR SERVICES,A,MEETS REQUIREMENTS,USA,UNITED STATES,C,NOT A MANUFACTURED END PRODUCT,F,INDIVIDUAL SUBCONTRACT PLAN,A,FULL AND OPEN COMPETITION,NP,NEGOTIATED PROPOSAL/QUOTE,NONE,NO SET ASIDE USED.,NONE,NO PREFERENCE USED,,,,,,,4,D,COMMERCIAL PRODUCTS/SERVICES PROCEDURES NOT USED,f,N,NO,N,NO,Y,YES,N,NO,0.00,N,NO,X,NOT APPLICABLE,X,NOT APPLICABLE,Y,YES,X,NOT APPLICABLE,,,,,,,,NONE,NONE,N,NO,X,NOT APPLICABLE EXEMPT FROM CAS,N,TRANSACTION DOES NOT USE GFE/GFP,U,UNKNOWN,D,NOT CONSOLIDATED,N,NO - SERVICE WHERE PBA IS NOT USED.,N,NO,D,UNUSUAL PROGRESS PAYMENTS OR ADVANCE PAYMENTS,N,NO,X,NOT APPLICABLE,f,f,f,f,f,f,f,f,f,f,f,f,f,f,f,f,f,f,f,OTHER THAN SMALL BUSINESS,O,f,f,f,f,f,f,f,f,f,f,f,f,f,f,f,f,f,CORPORATE NOT TAX EXEMPT,t,f,f,f,f,f,f,f,f,f,f,f,f,f,f,f,f,t,f,f,f,f,f,f,f,f,f,f,t,f,f,f,f,f,f,f,f,f,f,f,f,f,f,f,f,f,f,f,f,f,,,,,,,,,,,https://www.usaspending.gov/award/CONT_AWD_W9128F21C0016_9700_-NONE-_-NONE-/,2023-07-11 17:42:20+00
CONT_AWD_W9128F21C0052_9700_-NONE-_-NONE-,W9128F21C0052,,,,Q: Not Designated Nonemergency/Emergency/Disaster/Wildfire Suppression,,,,,9513761.77,0.00,9513761.77,9513761.77,2021-09-14,2021,2023-07-06,2023,2021-09-14,2024-09-13,2024-09-13 00:00:00,,2021-09-08,097,Department of Defense,2100,Department of the Army,W9128F,W071 ENDIST OMAHA,097,Department of Defense,97AS,Defense Logistics Agency,SC0600,DLA ENERGY,021-2022/2026-2050-000,021-2050,32.0: Land and structures,0801: REIMBURSABLE,X,NOT APPLICABLE,,,FUVDL9N9K9D7,,HIKINA 2 KOMOHANA CONSULTING INC.,HIKINA 2 KOMOHANA CONSULTING INC.,,7PHT7,FUVDL9N9K9D7,,HIKINA 2 KOMOHANA CONSULTING INC.,GSI FEDERAL GROUP INC.,USA,UNITED STATES,17 CHURCH STREET,,FLEMINGTON,34019,HUNTERDON,34,NJ,NEW JERSEY,088221503,NJ-07,NJ-07,8083658945,8083560900,USA,UNITED STATES,FORT BELVOIR,51059,FAIRFAX,51,VA,VIRGINIA,220606242,VA-08,VA-08,AWARD,D,DEFINITIVE CONTRACT,,,,,,,J,FIRM FIXED PRICE,"DLA ECS AND A&AS SUPPORT, FORT BELVOIR, VA",W9128F21R0099,1,OT,OTHER FUNCTIONS,R499,SUPPORT- PROFESSIONAL: OTHER,H,NOT BUNDLED,S1,SERVICES,541620,ENVIRONMENTAL CONSULTING SERVICES,F,ENVIRONMENTALLY PREFERABLE,A,U.S. OWNED BUSINESS,000,NONE,Z,NOT IT PRODUCTS OR SERVICES,A,MEETS REQUIREMENTS,USA,UNITED STATES,C,NOT A MANUFACTURED END PRODUCT,B,PLAN NOT REQUIRED,B,NOT AVAILABLE FOR COMPETITION,SSS,ONLY ONE SOURCE,8AN,8(A) SOLE SOURCE,NONE,NO PREFERENCE USED,,,,,OTH,AUTHORIZED BY STATUTE (FAR 6.302-5(A)(2)(I)),1,D,COMMERCIAL PRODUCTS/SERVICES PROCEDURES NOT USED,f,N,NO,N,NO,X,NOT APPLICABLE,N,NO,0.00,N,NO,X,NOT APPLICABLE,Y,YES,X,NOT APPLICABLE,X,NOT APPLICABLE,,,,,,,,NONE,NONE,Y,YES,X,NOT APPLICABLE EXEMPT FROM CAS,N,TRANSACTION DOES NOT USE GFE/GFP,U,UNKNOWN,B,CONSOLIDATED REQUIREMENTS WITH WRITTEN DETERMINATION,Y,YES - SERVICE WHERE PBA IS USED.,N,NO,A,FAR 52.232-16 PROGRESS PAYMENTS,N,NO,X,NOT APPLICABLE,f,f,f,t,f,f,f,f,f,f,f,f,f,f,f,f,f,f,f,SMALL BUSINESS,S,f,f,f,f,f,f,f,f,f,f,f,f,f,f,f,f,f,CORPORATE NOT TAX EXEMPT,t,f,f,f,f,f,f,f,f,f,f,f,f,f,f,f,f,t,f,f,f,f,f,f,f,f,f,f,t,f,f,f,f,f,f,f,f,f,f,f,f,f,f,f,f,t,f,t,f,f,,,,,,,,,,,https://www.usaspending.gov/award/CONT_AWD_W9128F21C0052_9700_-NONE-_-NONE-/,2023-11-18 11:55:51+00
CONT_AWD_W912BU23C0023_9700_-NONE-_-NONE-,W912BU23C0023,,,,,,,,,38750.00,,38750.00,38750.00,2023-07-05,2023,2023-07-05,2023,2023-06-28,2023-07-28,2023-07-28 00:00:00,,2023-06-21,097,Department of Defense,2100,Department of the Army,W912BU,W2SD ENDIST PHILADELPHIA,097,Department of Defense,2100,Department of the Army,W912BU,W2SD ENDIST PHILADELPHIA,,,,,X,NOT APPLICABLE,,,T3F5VJNKMVK4,,"SCANLON ASSOCIATES INDUSTRIAL CONTRACTORS, LLC","SCANLON ASSOCIATES INDUSTRIAL CONTRACTORS, LLC",,75M30,T3F5VJNKMVK4,,"SCANLON ASSOCIATES INDUSTRIAL CONTRACTORS, LLC",SCANLON ASSOCIATES INDUSTRIAL CONTRACTORS  LLC,USA,UNITED STATES,3901 CHICHESTER AVE,,BOOTHWYN,42045,DELAWARE,42,PA,PENNSYLVANIA,190613142,PA-05,PA-05,6104979433,6104979469,USA,UNITED STATES,PHILADELPHIA,42101,PHILADELPHIA,42,PA,PENNSYLVANIA,191032004,PA-03,PA-03,AWARD,D,DEFINITIVE CONTRACT,,,,,,,J,FIRM FIXED PRICE,REPAIR STBD SWELL COMP,,1,OT,OTHER FUNCTIONS,J019,"MAINT/REPAIR/REBUILD OF EQUIPMENT- SHIPS, SMALL CRAFT, PONTOONS, AND FLOATING DOCKS",H,NOT BUNDLED,,,811310,COMMERCIAL AND INDUSTRIAL MACHINERY AND EQUIPMENT (EXCEPT AUTOMOTIVE AND ELECTRONIC) REPAIR AND MAINTENANCE,C,NO CLAUSES INCLUDED AND NO SUSTAINABILITY INCLUDED,A,U.S. OWNED BUSINESS,000,NONE,Z,NOT IT PRODUCTS OR SERVICES,E,NOT REQUIRED,USA,UNITED STATES,C,NOT A MANUFACTURED END PRODUCT,B,PLAN NOT REQUIRED,F,COMPETED UNDER SAP,SP1,SIMPLIFIED ACQUISITION,SBA,SMALL BUSINESS SET ASIDE - TOTAL,NONE,NO PREFERENCE USED,,,,,,,2,A,COMMERCIAL PRODUCTS/SERVICES,f,N,NO,,,N,NO,N,NO,0.00,N,NO,X,NOT APPLICABLE,X,NOT APPLICABLE,X,NOT APPLICABLE,X,NOT APPLICABLE,,,,,,,,NONE,NONE,N,NO,X,NOT APPLICABLE EXEMPT FROM CAS,N,TRANSACTION DOES NOT USE GFE/GFP,,,D,NOT CONSOLIDATED,Y,YES - SERVICE WHERE PBA IS USED.,N,NO,Z,NOT APPLICABLE,N,NO,X,NOT APPLICABLE,f,f,f,f,f,f,f,f,f,f,f,f,f,f,f,f,f,f,f,SMALL BUSINESS,S,f,f,f,f,f,f,f,f,f,f,f,f,f,f,f,f,f,SOLE PROPRIETORSHIP,f,f,f,t,f,f,f,f,f,f,f,f,f,f,f,f,f,t,f,f,f,f,f,f,f,f,t,f,t,f,f,f,f,f,f,f,f,f,f,f,f,f,f,f,f,f,f,f,f,f,,,,,,,,,,,https://www.usaspending.gov/award/CONT_AWD_W912BU23C0023_9700_-NONE-_-NONE-/,2024-04-24 16:01:00+00
CONT_AWD_W912BU23C0024_9700_-NONE-_-NONE-,W912BU23C0024,,,,Q: Not Designated Nonemergency/Emergency/Disaster/Wildfire Suppression,,,,,251730.34,0.00,251730.34,251730.34,2023-07-03,2023,2023-07-03,2023,2023-07-03,2024-06-30,2024-06-30 00:00:00,,2023-05-31,097,Department of Defense,2100,Department of the Army,W912BU,W2SD ENDIST PHILADELPHIA,097,Department of Defense,2100,Department of the Army,W912BU,W2SD ENDIST PHILADELPHIA,021-2023/2027-2050-000,021-2050,32.0: Land and structures,0801: REIMBURSABLE,X,NOT APPLICABLE,,,HSRQXQ7ZVKM4,,KOMAN GOVERNMENT SOLUTIONS LLC,KOMAN GOVERNMENT SOLUTIONS LLC,,3HXX0,DEZJJRF8KHH3,,"NATIVES OF KODIAK, INCORPORATED",KOMAN GOVERNMENT SOLUTIONS  LLC,USA,UNITED STATES,293 BOSTON POST RD W,STE 100,MARLBOROUGH,25017,MIDDLESEX,25,MA,MASSACHUSETTS,017524615,MA-03,MA-03,5083667442,,USA,UNITED STATES,PHILADELPHIA,42101,PHILADELPHIA,42,PA,PENNSYLVANIA,191037315,PA-03,PA-03,AWARD,D,DEFINITIVE CONTRACT,,,,,,,J,FIRM FIXED PRICE,STORMWATER SAMPLING,W912BU23R0040,1,OT,OTHER FUNCTIONS,R499,SUPPORT- PROFESSIONAL: OTHER,H,NOT BUNDLED,,,562910,REMEDIATION SERVICES,C,NO CLAUSES INCLUDED AND NO SUSTAINABILITY INCLUDED,A,U.S. OWNED BUSINESS,000,NONE,Z,NOT IT PRODUCTS OR SERVICES,E,NOT REQUIRED,USA,UNITED STATES,C,NOT A MANUFACTURED END PRODUCT,B,PLAN NOT REQUIRED,B,NOT AVAILABLE FOR COMPETITION,SSS,ONLY ONE SOURCE,8AN,8(A) SOLE SOURCE,NONE,NO PREFERENCE USED,,,,,OTH,AUTHORIZED BY STATUTE (FAR 6.302-5(A)(2)(I)),1,A,COMMERCIAL PRODUCTS/SERVICES,f,N,NO,,,Y,YES,N,NO,0.00,Y,YES,X,NOT APPLICABLE,Y,YES,X,NOT APPLICABLE,X,NOT APPLICABLE,,,,,,,,NONE,NONE,N,NO,X,NOT APPLICABLE EXEMPT FROM CAS,N,TRANSACTION DOES NOT USE GFE/GFP,,,D,NOT CONSOLIDATED,Y,YES - SERVICE WHERE PBA IS USED.,N,NO,Z,NOT APPLICABLE,N,NO,X,NOT APPLICABLE,t,f,f,f,f,f,f,f,f,f,f,f,t,f,f,f,f,t,f,SMALL BUSINESS,S,f,f,f,f,f,f,f,f,f,f,f,f,f,f,f,f,f,OTHER,f,f,f,f,f,f,f,f,f,f,f,f,f,f,f,f,f,t,f,f,f,f,f,f,f,f,t,f,t,f,f,f,f,f,f,f,f,f,f,f,f,f,f,f,t,t,f,t,f,f,MARK  APPLEBEE,271481.00,GREGORY  BIRCH,197720.00,BRIAN  MOSLEY,190904.00,PATRICK  SCHAUBLE,176509.00,WADE  MEDLOCK,154621.00,https://www.usaspending.gov/award/CONT_AWD_W912BU23C0024_9700_-NONE-_-NONE-/,2025-01-27 12:55:38+00
CONT_AWD_W912BU23C0025_9700_-NONE-_-NONE-,W912BU23C0025,,,,Q: Not Designated Nonemergency/Emergency/Disaster/Wildfire Suppression,,,,,1639183.69,0.00,1639183.69,1639183.69,2023-07-12,2023,2023-07-12,2023,2023-07-13,2024-01-29,2024-01-29 00:00:00,,2023-06-21,097,Department of Defense,2100,Department of the Army,W912BU,W2SD ENDIST PHILADELPHIA,097,Department of Defense,2100,Department of the Army,W912BU,W2SD ENDIST PHILADELPHIA,021-2023/2027-2050-000,021-2050,25.1: Advisory and assistance services,0801: REIMBURSABLE,X,NOT APPLICABLE,,,GQNPLL9NKHA5,,"TOGIAK MANAGEMENT SERVICES, LLC",TOGIAK MANAGEMENT SERVICES LLC,,7NXL3,GQNPLL9NKHA5,,"TOGIAK MANAGEMENT SERVICES, LLC",TOGIAK MANAGEMENT SERVICES  LLC,USA,UNITED STATES,4141 B ST,STE 306,ANCHORAGE,02020,ANCHORAGE,02,AK,ALASKA,995035942,AK-00,AK-00,9078307063,9074935554,USA,UNITED STATES,ANCHORAGE,02020,ANCHORAGE,02,AK,ALASKA,995035942,AK-00,AK-00,AWARD,D,DEFINITIVE CONTRACT,,,,,,,J,FIRM FIXED PRICE,FY 23-002 PROJECT ECHO EBOM,W912BU23R0046,1,,,6115,"GENERATORS AND GENERATOR SETS, ELECTRICAL",H,NOT BUNDLED,,,237130,POWER AND COMMUNICATION LINE AND RELATED STRUCTURES CONSTRUCTION,C,NO CLAUSES INCLUDED AND NO SUSTAINABILITY INCLUDED,A,U.S. OWNED BUSINESS,000,NONE,Z,NOT IT PRODUCTS OR SERVICES,A,MEETS REQUIREMENTS,ESP,SPAIN,L,MFG OUTSIDE U.S. - QUALIFYING COUNTRY (DOD ONLY),B,PLAN NOT REQUIRED,B,NOT AVAILABLE FOR COMPETITION,SSS,ONLY ONE SOURCE,8AN,8(A) SOLE SOURCE,NONE,NO PREFERENCE USED,,,,,OTH,AUTHORIZED BY STATUTE (FAR 6.302-5(A)(2)(I)),1,D,COMMERCIAL PRODUCTS/SERVICES PROCEDURES NOT USED,f,N,NO,,,Y,YES,N,NO,0.00,N,NO,Y,YES,X,NOT APPLICABLE,X,NOT APPLICABLE,X,NOT APPLICABLE,,,,,,,,NONE,NONE,N,NO,X,NOT APPLICABLE EXEMPT FROM CAS,N,TRANSACTION DOES NOT USE GFE/GFP,,,D,NOT CONSOLIDATED,X,NOT APPLICABLE,N,NO,A,FAR 52.232-16 PROGRESS PAYMENTS,N,NO,X,NOT APPLICABLE,t,f,f,f,f,f,f,f,f,f,f,f,t,f,f,f,f,t,f,SMALL BUSINESS,S,f,f,f,f,f,f,f,f,f,f,f,f,f,f,f,f,f,CORPORATE NOT TAX EXEMPT,t,f,f,f,f,f,f,f,f,f,f,f,f,f,f,f,f,t,f,f,f,f,f,f,f,f,t,f,t,f,f,f,f,f,f,f,f,f,f,f,f,f,f,f,f,t,f,t,f,f,DAVID  ROELS,48375.00,,,,,,,,,https://www.usaspending.gov/award/CONT_AWD_W912BU23C0025_9700_-NONE-_-NONE-/,2024-05-03 18:05:04+00
CONT_AWD_W912CG22C0023_9700_-NONE-_-NONE-,W912CG22C0023,,,,Q: Not Designated Nonemergency/Emergency/Disaster/Wildfire Suppression,,,,,1231540.00,21978.20,1231695.00,1231695.00,2022-07-08,2022,2023-07-07,2023,2022-07-08,2023-07-07,2024-01-07 00:00:00,,2020-06-03,097,Department of Defense,2100,Department of the Army,W912CG,W6QK ACC CCDC STTC,097,Department of Defense,97AD,Immediate Office of the Secretary of Defense,HQ0287,OUSD(AT & L),021-2022/2023-2040-000;097-2023/2024-0400-000,021-2040;097-0400,25.5: Research and development contracts,0008: SOFTWARE AND DIGITAL TECHNOLOGY PILOT PROGRAMS;009S: MISCELLANEOUS,X,NOT APPLICABLE,,,KMEUJLYBDQJ3,,UNKNOT.ID INC.,UNKNOT.ID INC.,,8AY87,KMEUJLYBDQJ3,,UNKNOT.ID INC.,UNKNOT.ID INC.,USA,UNITED STATES,3251 PROGRESS DR STE 124,,ORLANDO,12095,ORANGE,12,FL,FLORIDA,328262931,FL-10,FL-10,2629021285,,USA,UNITED STATES,ORLANDO,12095,ORANGE,12,FL,FLORIDA,328262931,FL-10,FL-10,AWARD,D,DEFINITIVE CONTRACT,,,,,,,J,FIRM FIXED PRICE,"STTR PHASE II EFFORT, CONTEXT-AWARE OPPORTUNISTIC SENSING , R&D, AND DEMONSTRATE AN INNOVATIVE, MULTI-MODAL, COST-EFFECTIVE, USER AND MOTION-DYNAMICS INVARIANT, AI-POWERED ROBUST HUMAN POSITIONING AND IDENTIFICATION PLATFORM",W912CG20R0001,1,OT,OTHER FUNCTIONS,AJ12,GENERAL SCIENCE AND TECHNOLOGY R&D SERVICES; GENERAL SCIENCE AND TECHNOLOGY; APPLIED RESEARCH,H,NOT BUNDLED,C9E,ALL OTHERS NOT IDENTIFIABLE TO ANY OTHER PROCUREMENT PROGRAM,541715,"RESEARCH AND DEVELOPMENT IN THE PHYSICAL, ENGINEERING, AND LIFE SCIENCES (EXCEPT NANOTECHNOLOGY AND BIOTECHNOLOGY)",C,NO CLAUSES INCLUDED AND NO SUSTAINABILITY INCLUDED,A,U.S. OWNED BUSINESS,000,NONE,Z,NOT IT PRODUCTS OR SERVICES,E,NOT REQUIRED,USA,UNITED STATES,C,NOT A MANUFACTURED END PRODUCT,B,PLAN NOT REQUIRED,D,FULL AND OPEN COMPETITION AFTER EXCLUSION OF SOURCES,NP,NEGOTIATED PROPOSAL/QUOTE,SBA,SMALL BUSINESS SET ASIDE - TOTAL,NONE,NO PREFERENCE USED,ST2,SMALL TECHNOLOGY TRANSFER RESEARCH PROGRAM PHASE II,,,,,1,D,COMMERCIAL PRODUCTS/SERVICES PROCEDURES NOT USED,f,N,NO,N,NO,Y,YES,N,NO,0.00,N,NO,X,NOT APPLICABLE,X,NOT APPLICABLE,X,NOT APPLICABLE,X,NOT APPLICABLE,,,,,,,,NONE,NONE,N,NO,X,NOT APPLICABLE EXEMPT FROM CAS,N,TRANSACTION DOES NOT USE GFE/GFP,U,UNKNOWN,D,NOT CONSOLIDATED,Y,YES - SERVICE WHERE PBA IS USED.,N,NO,Z,NOT APPLICABLE,N,NO,X,NOT APPLICABLE,f,f,f,f,f,f,f,t,t,f,f,f,f,f,f,f,f,f,f,SMALL BUSINESS,S,f,f,f,f,f,f,f,f,f,f,f,f,f,f,f,f,f,CORPORATE NOT TAX EXEMPT,t,f,f,f,f,f,f,f,f,f,f,f,f,f,f,f,f,t,f,f,f,f,f,f,f,f,f,f,t,f,f,f,f,f,f,f,f,f,f,f,f,f,f,f,f,f,f,f,f,f,,,,,,,,,,,https://www.usaspending.gov/award/CONT_AWD_W912CG22C0023_9700_-NONE-_-NONE-/,2023-07-07 12:40:14+00
CONT_AWD_W912CG22C0031_9700_-NONE-_-NONE-,W912CG22C0031,,,,Q: Not Designated Nonemergency/Emergency/Disaster/Wildfire Suppression,,,,,1499999.92,641666.63,1499999.92,1499999.92,2022-07-13,2022,2023-07-07,2023,2022-07-14,2024-08-13,2024-08-13 00:00:00,,2021-01-04,097,Department of Defense,2100,Department of the Army,W912CG,W6QK ACC CCDC STTC,097,Department of Defense,97AE,Defense Advanced Research Projects Agency,HR0011,DEF ADVANCED RESEARCH PROJECTS AGCY,097-2022/2023-0400-000;097-2023/2024-0400-000,097-0400,25.5: Research and development contracts,009S: MISCELLANEOUS,X,NOT APPLICABLE,,,JNPAQL1VTPJ8,,JULIA SEMANTICS LLC,JULIA SEMANTICS LLC,,720J0,JNPAQL1VTPJ8,,JULIA SEMANTICS LLC,WEISEL SIMULATION AND TRAINING LLC,USA,UNITED STATES,4211 MONARCH WAY STE 106,,NORFOLK,51710,NORFOLK (CITY),51,VA,VIRGINIA,235082540,VA-03,VA-03,7575317400,,USA,UNITED STATES,NORFOLK,51710,NORFOLK CITY,51,VA,VIRGINIA,235082540,VA-03,VA-03,AWARD,D,DEFINITIVE CONTRACT,,,,,,,J,FIRM FIXED PRICE,NEW DARPA SBIR PHASE II CONTRACT SOLICITATION HR001121S0007,W912CG22R9999,1,OT,OTHER FUNCTIONS,AJ11,GENERAL SCIENCE AND TECHNOLOGY R&D SERVICES; GENERAL SCIENCE AND TECHNOLOGY; BASIC RESEARCH,H,NOT BUNDLED,C9E,ALL OTHERS NOT IDENTIFIABLE TO ANY OTHER PROCUREMENT PROGRAM,541715,"RESEARCH AND DEVELOPMENT IN THE PHYSICAL, ENGINEERING, AND LIFE SCIENCES (EXCEPT NANOTECHNOLOGY AND BIOTECHNOLOGY)",C,NO CLAUSES INCLUDED AND NO SUSTAINABILITY INCLUDED,A,U.S. OWNED BUSINESS,000,NONE,Z,NOT IT PRODUCTS OR SERVICES,E,NOT REQUIRED,USA,UNITED STATES,C,NOT A MANUFACTURED END PRODUCT,B,PLAN NOT REQUIRED,D,FULL AND OPEN COMPETITION AFTER EXCLUSION OF SOURCES,NP,NEGOTIATED PROPOSAL/QUOTE,SBA,SMALL BUSINESS SET ASIDE - TOTAL,NONE,NO PREFERENCE USED,SR2,SMALL BUSINESS INNOVATION RESEARCH PROGRAM PHASE II ACTION,,,,,1,D,COMMERCIAL PRODUCTS/SERVICES PROCEDURES NOT USED,f,N,NO,N,NO,Y,YES,N,NO,0.00,N,NO,X,NOT APPLICABLE,X,NOT APPLICABLE,X,NOT APPLICABLE,X,NOT APPLICABLE,,,,,,,,NONE,NONE,N,NO,X,NOT APPLICABLE EXEMPT FROM CAS,N,TRANSACTION DOES NOT USE GFE/GFP,U,UNKNOWN,D,NOT CONSOLIDATED,N,NO - SERVICE WHERE PBA IS NOT USED.,N,NO,Z,NOT APPLICABLE,N,NO,X,NOT APPLICABLE,f,f,f,f,f,t,f,f,f,f,f,f,f,f,f,f,f,f,f,SMALL BUSINESS,S,f,f,f,f,f,f,f,f,f,f,f,f,f,f,f,f,f,SOLE PROPRIETORSHIP,f,f,f,t,f,f,f,f,f,f,f,f,f,f,f,f,f,t,f,f,f,f,f,f,f,f,t,f,t,f,f,f,f,f,f,f,f,f,f,f,f,f,f,f,f,f,f,f,f,f,,,,,,,,,,,https://www.usaspending.gov/award/CONT_AWD_W912CG22C0031_9700_-NONE-_-NONE-/,2023-07-07 12:07:45+00
CONT_AWD_W912CM23C0002_9700_-NONE-_-NONE-,W912CM23C0002,,,,Q: Not Designated Nonemergency/Emergency/Disaster/Wildfire Suppression,,,,,361038.43,0.00,361038.43,361038.43,2023-07-06,2023,2023-07-12,2023,2023-07-06,2024-03-06,2024-03-06 00:00:00,,2023-05-23,097,Department of Defense,2100,Department of the Army,W912CM,0409 AQ HQ     CONTRACT =,097,Department of Defense,2100,Department of the Army,W582RS,W6E9 USAG WIESBADEN,021-2023/2025-2035-000,021-2035,31.0: Equipment,0004: SPARE AND REPAIR PARTS,X,NOT APPLICABLE,,,ZKU4AML8QDT1,,AEBI SCHMIDT DEUTSCHLAND GMBH,AEBI SCHMIDT DEUTSCHLAND GMBH,,D1941,WZZ1UNE6C8X8,,M-B COMPANIES  INC.,AEBI SCHMIDT DEUTSCHLAND GMBH,DEU,GERMANY,ALBTALSTR. 36,,ST. BLASIEN,,,,,,79837,,,,,DEU,GERMANY,,,,,,,,,,AWARD,D,DEFINITIVE CONTRACT,,,,,,,J,FIRM FIXED PRICE,TOWED AIRFIELD SWEEPER FOR ICE AND SNOW REMOVAL UNITED STATES ARMY GARRISON - WIESBADEN GERMANY DEPARTMENT OF PUBLIC WORKS,W912CM23Q0010,1,,,3825,"ROAD CLEARING, CLEANING, AND MARKING EQUIPMENT",H,NOT BUNDLED,,,333120,CONSTRUCTION MACHINERY MANUFACTURING,C,NO CLAUSES INCLUDED AND NO SUSTAINABILITY INCLUDED,D,FOREIGN-OWNED BUSINESS NOT INCORPORATED IN THE U.S.,000,NONE,Z,NOT IT PRODUCTS OR SERVICES,A,MEETS REQUIREMENTS,DEU,GERMANY,L,MFG OUTSIDE U.S. - QUALIFYING COUNTRY (DOD ONLY),B,PLAN NOT REQUIRED,F,COMPETED UNDER SAP,SP1,SIMPLIFIED ACQUISITION,NONE,NO SET ASIDE USED.,NONE,NO PREFERENCE USED,,,,,,,3,A,COMMERCIAL PRODUCTS/SERVICES,f,Y,YES,,,Y,YES,N,NO,0.00,N,NO,X,NOT APPLICABLE,X,NOT APPLICABLE,X,NOT APPLICABLE,X,NOT APPLICABLE,,,,,,,,NONE,NONE,N,NO,X,NOT APPLICABLE EXEMPT FROM CAS,N,TRANSACTION DOES NOT USE GFE/GFP,,,D,NOT CONSOLIDATED,X,NOT APPLICABLE,N,NO,Z,NOT APPLICABLE,N,NO,X,NOT APPLICABLE,f,f,f,f,f,f,f,f,f,f,f,f,f,f,f,f,f,f,f,OTHER THAN SMALL BUSINESS,O,f,f,f,f,f,f,f,f,f,f,f,f,f,f,f,f,f,INTERNATIONAL ORG,f,f,f,f,f,t,f,f,f,f,f,f,f,f,f,f,f,t,f,f,f,f,f,f,f,f,f,f,t,f,f,f,f,f,f,f,f,f,f,f,f,f,f,f,f,f,f,f,f,f,,,,,,,,,,,https://www.usaspending.gov/award/CONT_AWD_W912CM23C0002_9700_-NONE-_-NONE-/,2023-07-12 03:27:23+00
CONT_AWD_W912CN23C0006_9700_-NONE-_-NONE-,W912CN23C0006,,,,Q: Not Designated Nonemergency/Emergency/Disaster/Wildfire Suppression,,,,,2495000.00,0.00,2495000.00,2495000.00,2023-07-11,2023,2023-07-11,2023,2023-06-01,2024-05-31,2024-05-31 00:00:00,,2023-01-20,097,Department of Defense,2100,Department of the Army,W912CN,0413 AQ HQ     RCO-HI,097,Department of Defense,2100,Department of the Army,W5856Z,W6ZA USAG KWAJ-ATOLL,021-2023/2024-2040-000,021-2040,25.4: Operation and maintenance of facilities,0007: OPERATIONAL SYSTEM DEVELOPMENT,X,NOT APPLICABLE,,,HT5GWAPW7KN8,,CASCADE SORBENT PRODUCTS INC,CASCADE SORBENT PRODUCTS INC,,686W6,QHEBJC6KSY67,,HO'ONA'AUAO FOUNDATION,HO'ONA'AUAO FOUNDATION,USA,UNITED STATES,500 ALA MOANA BLVD,STE 7400,HONOLULU,15003,HONOLULU,15,HI,HAWAII,968134902,HI-01,HI-01,7024624144,,USA,UNITED STATES,,,,,MH,MARSHALL ISLANDS,,,MH-99,AWARD,D,DEFINITIVE CONTRACT,,,,,,,J,FIRM FIXED PRICE,"Y1NE, CONSTRUCTION OF WATER SUPPLY FACIL REPAIR WATER TANK FN947, KWAJALEIN ATOLL",W912CN23R0006,1,OT,OTHER FUNCTIONS,Y1NE,CONSTRUCTION OF WATER SUPPLY FACILITIES,H,NOT BUNDLED,,,236220,COMMERCIAL AND INSTITUTIONAL BUILDING CONSTRUCTION,C,NO CLAUSES INCLUDED AND NO SUSTAINABILITY INCLUDED,A,U.S. OWNED BUSINESS,000,NONE,Z,NOT IT PRODUCTS OR SERVICES,A,MEETS REQUIREMENTS,MHL,MARSHALL ISLANDS,C,NOT A MANUFACTURED END PRODUCT,B,PLAN NOT REQUIRED,B,NOT AVAILABLE FOR COMPETITION,SSS,ONLY ONE SOURCE,8AN,8(A) SOLE SOURCE,NONE,NO PREFERENCE USED,,,,,OTH,AUTHORIZED BY STATUTE (FAR 6.302-5(A)(2)(I)),1,D,COMMERCIAL PRODUCTS/SERVICES PROCEDURES NOT USED,f,N,NO,,,X,NOT APPLICABLE,N,NO,0.00,N,NO,X,NOT APPLICABLE,X,NOT APPLICABLE,X,NOT APPLICABLE,X,NOT APPLICABLE,,,,,,,,NONE,NONE,N,NO,X,NOT APPLICABLE EXEMPT FROM CAS,N,TRANSACTION DOES NOT USE GFE/GFP,,,D,NOT CONSOLIDATED,N,NO - SERVICE WHERE PBA IS NOT USED.,N,NO,C,PERCENTAGE OF COMPLETION PROGRESS PAYMENTS,N,NO,X,NOT APPLICABLE,f,f,f,t,f,f,f,f,f,f,f,f,t,f,f,f,f,t,f,SMALL BUSINESS,S,f,f,f,f,f,f,f,f,f,f,f,f,f,f,f,f,f,CORPORATE NOT TAX EXEMPT,t,f,f,f,f,f,f,f,f,f,f,f,f,f,f,f,f,t,f,f,f,f,f,f,f,f,f,f,t,f,f,f,f,f,f,f,f,f,f,f,f,f,f,f,f,t,f,t,t,f,,,,,,,,,,,https://www.usaspending.gov/award/CONT_AWD_W912CN23C0006_9700_-NONE-_-NONE-/,2025-05-09 18:45:29+00
CONT_AWD_W912DQ22C1014_9700_-NONE-_-NONE-,W912DQ22C1014,,,,Q: Not Designated Nonemergency/Emergency/Disaster/Wildfire Suppression,,,,,215856.07,159480.31,215856.07,215856.07,2022-05-11,2022,2023-07-12,2023,2022-05-11,2023-09-15,2023-09-15 00:00:00,,2022-03-29,097,Department of Defense,2100,Department of the Army,W912DQ,W071 ENDIST KANSAS CITY,097,Department of Defense,2100,Department of the Army,W912DQ,W071 ENDIST KANSAS CITY,096-X-4902-000,096-4902,25.2: Other services from non-Federal sources,0803: INTRA-CORPS,X,NOT APPLICABLE,,,NEGGVKRG8JQ4,,FREEDOM INTERIOR SOLUTIONS LLC,FREEDOM INTERIOR SOLUTIONS LLC,,69U74,G4YQU2Y12VF4,,FREEDOM INTERIOR SOLUTIONS LLC,FREEDOM INTERIOR SOLUTIONS LLC,USA,UNITED STATES,4000 WASHINGTON ST,,KANSAS CITY,29095,JACKSON,29,MO,MISSOURI,641112607,MO-05,MO-05,8162651110,8168171590,USA,UNITED STATES,KANSAS CITY,29095,JACKSON,29,MO,MISSOURI,641062800,MO-05,MO-05,AWARD,D,DEFINITIVE CONTRACT,,,,,,,J,FIRM FIXED PRICE,FF&E AND AV PROCURE & INSTALL,W912DQ22R4010,1,,,7110,OFFICE FURNITURE,H,NOT BUNDLED,C9E,ALL OTHERS NOT IDENTIFIABLE TO ANY OTHER PROCUREMENT PROGRAM,337214,OFFICE FURNITURE (EXCEPT WOOD) MANUFACTURING,B,FAR 52.223-4 AND FAR 52.223-9 INCLUDED,A,U.S. OWNED BUSINESS,000,NONE,Z,NOT IT PRODUCTS OR SERVICES,A,MEETS REQUIREMENTS,USA,UNITED STATES,D,MFG IN U.S.,B,PLAN NOT REQUIRED,G,NOT COMPETED UNDER SAP,SP1,SIMPLIFIED ACQUISITION,8AN,8(A) SOLE SOURCE,NONE,NO PREFERENCE USED,,,,,OTH,AUTHORIZED BY STATUTE (FAR 6.302-5(A)(2)(I)),1,A,COMMERCIAL PRODUCTS/SERVICES,f,N,NO,N,NO,X,NOT APPLICABLE,N,NO,0.00,N,NO,X,NOT APPLICABLE,X,NOT APPLICABLE,X,NOT APPLICABLE,X,NOT APPLICABLE,,,,,,,,NONE,NONE,N,NO,X,NOT APPLICABLE EXEMPT FROM CAS,N,TRANSACTION DOES NOT USE GFE/GFP,U,UNKNOWN,D,NOT CONSOLIDATED,X,NOT APPLICABLE,N,NO,Z,NOT APPLICABLE,N,NO,X,NOT APPLICABLE,f,f,f,f,f,f,f,t,t,t,f,f,t,f,f,f,t,f,f,SMALL BUSINESS,S,f,f,f,f,f,f,f,f,f,f,f,f,f,f,f,f,f,CORPORATE NOT TAX EXEMPT,t,f,f,f,f,f,f,f,f,f,f,f,f,f,f,f,f,t,f,f,f,f,f,f,f,f,t,f,t,f,f,f,f,f,f,f,f,f,f,f,f,f,f,f,f,t,f,t,f,f,,,,,,,,,,,https://www.usaspending.gov/award/CONT_AWD_W912DQ22C1014_9700_-NONE-_-NONE-/,2023-07-12 10:59:47+00
CONT_AWD_W912DS20C0013_9700_-NONE-_-NONE-,W912DS20C0013,,,,Q: Not Designated Nonemergency/Emergency/Disaster/Wildfire Suppression,,,,,48018601.00,5555525.49,48018601.00,48018601.00,2020-06-05,2020,2023-07-12,2023,2020-06-03,2023-06-30,2023-06-30 00:00:00,,2019-12-18,097,Department of Defense,2100,Department of the Army,W912DS,W2SD ENDIST NEW YORK,097,Department of Defense,2100,Department of the Army,W912DS,W2SD ENDIST NEW YORK,096-X-3122-000,096-3122,32.0: Land and structures,0807: NON-FEDERAL AGENCIES,X,NOT APPLICABLE,,,MPA8C3LM3NA5,,SKANSKA KOCH INC,SKANSKA KOCH INC.,,3LAC2,JG8RJDLBC4W5,,SKANSKA AB,SKANSKA KOCH INC.,USA,UNITED STATES,400 ROOSEVELT AVE,,CARTERET,34023,MIDDLESEX,34,NJ,NEW JERSEY,070083511,NJ-06,NJ-06,7323667132,7323667001,USA,UNITED STATES,NEW YORK,36061,NEW YORK,36,NY,NEW YORK,102780090,NY-10,NY-10,AWARD,D,DEFINITIVE CONTRACT,,,,,,,J,FIRM FIXED PRICE,BRIDGE WORK.,W912DS20R0003,1,OT,OTHER FUNCTIONS,Y1LB,"CONSTRUCTION OF HIGHWAYS, ROADS, STREETS, BRIDGES, AND RAILWAYS",H,NOT BUNDLED,C2,CONSTRUCTION,237310,"HIGHWAY, STREET, AND BRIDGE CONSTRUCTION",E,BIO-BASED,A,U.S. OWNED BUSINESS,000,NONE,Z,NOT IT PRODUCTS OR SERVICES,A,MEETS REQUIREMENTS,USA,UNITED STATES,C,NOT A MANUFACTURED END PRODUCT,F,INDIVIDUAL SUBCONTRACT PLAN,A,FULL AND OPEN COMPETITION,NP,NEGOTIATED PROPOSAL/QUOTE,NONE,NO SET ASIDE USED.,NONE,NO PREFERENCE USED,,,,,,,2,D,COMMERCIAL PRODUCTS/SERVICES PROCEDURES NOT USED,f,N,NO,N,NO,Y,YES,N,NO,0.00,N,NO,X,NOT APPLICABLE,X,NOT APPLICABLE,Y,YES,X,NOT APPLICABLE,,,,,,,,NONE,NONE,N,NO,X,NOT APPLICABLE EXEMPT FROM CAS,N,TRANSACTION DOES NOT USE GFE/GFP,U,UNKNOWN,D,NOT CONSOLIDATED,N,NO - SERVICE WHERE PBA IS NOT USED.,N,NO,A,FAR 52.232-16 PROGRESS PAYMENTS,N,NO,X,NOT APPLICABLE,f,f,f,f,f,f,f,f,f,f,f,f,f,f,f,f,f,f,f,OTHER THAN SMALL BUSINESS,O,f,f,f,f,f,f,f,f,f,f,f,f,f,f,f,f,f,CORPORATE NOT TAX EXEMPT,t,f,f,f,f,f,f,f,f,f,f,f,f,f,f,f,f,t,f,f,f,f,f,f,f,f,f,f,t,f,f,f,f,f,f,f,f,f,f,f,f,f,f,f,f,f,f,f,f,f,,,,,,,,,,,https://www.usaspending.gov/award/CONT_AWD_W912DS20C0013_9700_-NONE-_-NONE-/,2023-07-12 07:23:53+00
CONT_AWD_W912DY18C0065_9700_-NONE-_-NONE-,W912DY18C0065,,,,Q: Not Designated Nonemergency/Emergency/Disaster/Wildfire Suppression,,,,,1774157.84,1264936.72,1774157.84,1774157.84,2018-09-30,2018,2023-07-11,2023,2018-09-29,2023-08-15,2023-08-15 00:00:00,,2018-09-18,097,Department of Defense,2100,Department of the Army,W912DY,W2V6 USA ENG SPT CTR HUNTSVIL,097,Department of Defense,2100,Department of the Army,W912DY,W2V6 USA ENG SPT CTR HUNTSVIL,021-2018/2018-2020-000,021-2020,25.4: Operation and maintenance of facilities,0801: REIMBURSABLE;OPTN: FIELD IS OPTIONAL PRIOR TO FY21,X,NOT APPLICABLE,,,QL1MMCEDMMY5,,BARON COMMUNICATIONS INCORPORATED,BARON COMMUNICATIONS INC,,6BWZ4,QL1MMCEDMMY5,,BARON COMMUNICATIONS INCORPORATED,BARON COMMUNICATIONS INCORPORATED,USA,UNITED STATES,840 JUNIPER CRESCENT ST STE 112,,CHESAPEAKE,51550,CHESAPEAKE (CITY),51,VA,VIRGINIA,233202628,VA-03,VA-03,7573922226,7574874188,USA,UNITED STATES,FORT A P HILL,51033,CAROLINE,51,VA,VIRGINIA,224273100,VA-07,VA-07,AWARD,D,DEFINITIVE CONTRACT,,,,,,,J,FIRM FIXED PRICE,CONSTRUCTION FIRE STATION APPARATUS BAY  IGF::OT::IGF,W912DY18R0147,1,OT,OTHER FUNCTIONS,Y1JZ,CONSTRUCTION OF MISCELLANEOUS BUILDINGS,H,NOT BUNDLED,C2,CONSTRUCTION,236220,COMMERCIAL AND INSTITUTIONAL BUILDING CONSTRUCTION,C,NO CLAUSES INCLUDED AND NO SUSTAINABILITY INCLUDED,A,U.S. OWNED BUSINESS,000,NONE,Z,NOT IT PRODUCTS OR SERVICES,E,NOT REQUIRED,USA,UNITED STATES,C,NOT A MANUFACTURED END PRODUCT,B,PLAN NOT REQUIRED,B,NOT AVAILABLE FOR COMPETITION,SSS,ONLY ONE SOURCE,8AN,8(A) SOLE SOURCE,NONE,NO PREFERENCE USED,,,,,OTH,AUTHORIZED BY STATUTE (FAR 6.302-5(A)(2)(I)),1,D,COMMERCIAL PRODUCTS/SERVICES PROCEDURES NOT USED,f,N,NO,N,NO,Y,YES,N,NO,0.00,N,NO,N,NO,X,NOT APPLICABLE,Y,YES,X,NOT APPLICABLE,,,,,,,,NONE,NONE,N,NO,X,NOT APPLICABLE EXEMPT FROM CAS,N,TRANSACTION DOES NOT USE GFE/GFP,U,UNKNOWN,D,NOT CONSOLIDATED,N,NO - SERVICE WHERE PBA IS NOT USED.,N,NO,Z,NOT APPLICABLE,N,NO,X,NOT APPLICABLE,f,f,f,f,f,f,f,f,f,f,f,f,t,f,f,t,f,f,f,SMALL BUSINESS,S,f,f,f,f,f,f,f,f,f,f,f,f,f,f,f,f,f,CORPORATE NOT TAX EXEMPT,t,f,f,f,f,f,f,f,f,f,f,f,f,f,f,f,f,t,f,f,f,f,f,f,f,f,f,f,t,f,f,f,f,f,f,f,f,f,f,f,f,f,f,f,t,f,f,t,f,f,,,,,,,,,,,https://www.usaspending.gov/award/CONT_AWD_W912DY18C0065_9700_-NONE-_-NONE-/,2025-04-22 16:50:17+00
CONT_AWD_W912DY20C0011_9700_-NONE-_-NONE-,W912DY20C0011,,,,N: Emergency P.L. 116-136;Q: Not Designated Nonemergency/Emergency/Disaster/Wildfire Suppression,207995.20,-778036.80,,,8531793.36,207995.20,8824137.36,8824137.36,2020-05-29,2020,2023-07-12,2023,2020-06-01,2023-03-31,2023-03-31 00:00:00,,2020-05-01,097,Department of Defense,2100,Department of the Army,W912DY,W2V6 USA ENG SPT CTR HUNTSVIL,097,Department of Defense,2100,Department of the Army,W912DY,W2V6 USA ENG SPT CTR HUNTSVIL,021-2020/2020-2020-000;021-2021/2021-2020-000;021-2022/2022-2020-000,021-2020,25.4: Operation and maintenance of facilities,0001: OPERATING FORCES;0801: REIMBURSABLE;OPTN: FIELD IS OPTIONAL PRIOR TO FY21,X,NOT APPLICABLE,,,UM22ZL79EQ53,,"VISTA DEFENSE TECHNOLOGIES, LLC","VISTA DEFENSE TECHNOLOGIES, LLC",,6W7L0,UM22ZL79EQ53,,"VISTA DEFENSE TECHNOLOGIES, LLC",VISTA DEFENSE TECHNOLOGIES  LLC,USA,UNITED STATES,1479 GILLESPIE ST STE 308,,ROCK ISLAND,17161,ROCK ISLAND,17,IL,ILLINOIS,612019103,IL-17,IL-17,2108991019,5633267006,USA,UNITED STATES,ROCK ISLAND,17161,ROCK ISLAND,17,IL,ILLINOIS,612019103,IL-17,IL-17,AWARD,D,DEFINITIVE CONTRACT,,,,,,,J,FIRM FIXED PRICE,WBAMC TECHNOLOGY SUPPORT BASE + 2 (12 MONTH) OPTIONS,,1,OT,OTHER FUNCTIONS,D309,IT AND TELECOM- INFORMATION AND DATA BROADCASTING OR DATA DISTRIBUTION,H,NOT BUNDLED,S1,SERVICES,541519,OTHER COMPUTER RELATED SERVICES,C,NO CLAUSES INCLUDED AND NO SUSTAINABILITY INCLUDED,A,U.S. OWNED BUSINESS,000,NONE,E,COMMERCIAL SERVICE,E,NOT REQUIRED,USA,UNITED STATES,C,NOT A MANUFACTURED END PRODUCT,B,PLAN NOT REQUIRED,B,NOT AVAILABLE FOR COMPETITION,SSS,ONLY ONE SOURCE,8AN,8(A) SOLE SOURCE,NONE,NO PREFERENCE USED,,,,,OTH,AUTHORIZED BY STATUTE (FAR 6.302-5(A)(2)(I)),1,A,COMMERCIAL PRODUCTS/SERVICES,f,N,NO,N,NO,N,NO,N,NO,0.00,Y,YES,X,NOT APPLICABLE,X,NOT APPLICABLE,X,NOT APPLICABLE,X,NOT APPLICABLE,,,,,,,,NONE,NONE,N,NO,X,NOT APPLICABLE EXEMPT FROM CAS,N,TRANSACTION DOES NOT USE GFE/GFP,U,UNKNOWN,D,NOT CONSOLIDATED,Y,YES - SERVICE WHERE PBA IS USED.,N,NO,Z,NOT APPLICABLE,N,NO,X,NOT APPLICABLE,t,f,f,f,f,f,f,f,f,f,f,f,t,f,f,f,f,t,f,SMALL BUSINESS,S,f,f,f,f,f,f,f,f,f,f,f,f,f,f,f,f,f,CORPORATE NOT TAX EXEMPT,t,f,f,f,f,f,f,f,f,f,f,f,f,f,f,f,f,t,f,f,f,f,f,f,f,f,t,f,t,f,f,f,f,f,f,f,f,f,f,f,f,f,f,f,f,t,f,t,f,f,KEN  CHANDLER,382048.00,,,,,,,,,https://www.usaspending.gov/award/CONT_AWD_W912DY20C0011_9700_-NONE-_-NONE-/,2023-07-12 13:32:19+00
CONT_AWD_W912DY22C0040_9700_-NONE-_-NONE-,W912DY22C0040,,,,Q: Not Designated Nonemergency/Emergency/Disaster/Wildfire Suppression,,,,,240137.74,0.00,240137.74,240137.74,2022-09-21,2022,2023-07-11,2023,2022-09-21,2024-09-21,2024-09-21 00:00:00,,2022-08-03,097,Department of Defense,2100,Department of the Army,W912DY,W2V6 USA ENG SPT CTR HUNTSVIL,097,Department of Defense,2100,Department of the Army,W912DY,W2V6 USA ENG SPT CTR HUNTSVIL,021-2022/2022-2020-000;021-2023/2023-2020-000,021-2020,25.4: Operation and maintenance of facilities,0801: REIMBURSABLE,X,NOT APPLICABLE,,,SNH5RQKM6LL6,,SLC-PKS JV LLC,"SLC-PKS JV, LLC",,8V8P9,SNH5RQKM6LL6,,SLC-PKS JV LLC,SLC-PKS JV  LLC,USA,UNITED STATES,3215 W STATE ST STE E,,MILWAUKEE,55079,MILWAUKEE,55,WI,WISCONSIN,532083364,WI-04,WI-04,7037059124,,USA,UNITED STATES,FORT RUCKER,01045,DALE,01,AL,ALABAMA,363620001,AL-02,AL-01,AWARD,D,DEFINITIVE CONTRACT,,,,,,,J,FIRM FIXED PRICE,"QA SERVICES, FT RUCKER",W912DY22R0050,1,OT,OTHER FUNCTIONS,R408,SUPPORT- PROFESSIONAL: PROGRAM MANAGEMENT/SUPPORT,H,NOT BUNDLED,S1,SERVICES,561210,FACILITIES SUPPORT SERVICES,F,ENVIRONMENTALLY PREFERABLE,A,U.S. OWNED BUSINESS,000,NONE,Z,NOT IT PRODUCTS OR SERVICES,E,NOT REQUIRED,USA,UNITED STATES,C,NOT A MANUFACTURED END PRODUCT,B,PLAN NOT REQUIRED,B,NOT AVAILABLE FOR COMPETITION,SSS,ONLY ONE SOURCE,8AN,8(A) SOLE SOURCE,NONE,NO PREFERENCE USED,,,,,OTH,AUTHORIZED BY STATUTE (FAR 6.302-5(A)(2)(I)),1,A,COMMERCIAL PRODUCTS/SERVICES,f,N,NO,N,NO,Y,YES,N,NO,0.00,Y,YES,N,NO,Y,YES,N,NO,X,NOT APPLICABLE,,,,,,,,NONE,NONE,N,NO,X,NOT APPLICABLE EXEMPT FROM CAS,N,TRANSACTION DOES NOT USE GFE/GFP,N,NO,D,NOT CONSOLIDATED,Y,YES - SERVICE WHERE PBA IS USED.,N,NO,A,FAR 52.232-16 PROGRESS PAYMENTS,N,NO,X,NOT APPLICABLE,f,f,f,f,t,f,f,f,f,f,f,f,t,f,f,f,f,t,f,SMALL BUSINESS,S,f,f,f,f,f,f,f,f,f,f,f,f,f,f,f,f,f,CORPORATE TAX EXEMPT,f,t,f,f,f,f,f,f,f,f,f,f,f,f,f,f,f,t,f,f,f,f,f,f,f,f,t,f,t,f,f,f,f,f,f,f,f,f,f,f,f,f,f,f,f,t,f,f,f,t,,,,,,,,,,,https://www.usaspending.gov/award/CONT_AWD_W912DY22C0040_9700_-NONE-_-NONE-/,2023-07-11 09:43:39+00
CONT_AWD_W912ES22C0004_9700_-NONE-_-NONE-,W912ES22C0004,,,,Q: Not Designated Nonemergency/Emergency/Disaster/Wildfire Suppression;Z: Emergency P.L. 117-58,,,1882228.42,4167414.12,4186023.06,1882228.42,4186023.06,4186023.06,2022-04-28,2022,2023-07-14,2023,2022-03-24,2023-04-30,2023-04-30 00:00:00,,2022-01-27,097,Department of Defense,2100,Department of the Army,W912ES,W07V ENDIST ST PAUL,096,Corps of Engineers - Civil Works,96CE,U.S. Army Corps of Engineers - Civil Program Financing Only,966323,ARMY CORPS OF ENGINEERS CIVIL WORKS,096-X-3122-000,096-3122,32.0: Land and structures,0002: FLOOD RISK MANAGEMENT,X,NOT APPLICABLE,,,U86XNJFLNSF2,,"HSG PARK JOINT VENTURE, LLC","HSG PARK JOINT VENTURE, LLC",,8NPU9,U86XNJFLNSF2,,"HSG PARK JOINT VENTURE, LLC",HSG PARK JOINT VENTURE  LLC,USA,UNITED STATES,2972 25TH ST NE,,HARVEY,38103,WELLS,38,ND,NORTH DAKOTA,583419301,ND-00,ND-00,7013244671,7013244672,USA,UNITED STATES,HORACE,38017,CASS,38,ND,NORTH DAKOTA,580474502,ND-00,ND-00,AWARD,D,DEFINITIVE CONTRACT,,,,,,,J,FIRM FIXED PRICE,FARGO MOORHEAD METROPOLITAN AREA FLOOD RISK MANAGEMENT PROJECT - DRAIN 27 WETLAND RESTORATION.,W912ES21B0012,1,CL,CLOSELY ASSOCIATED,Y1KZ,CONSTRUCTION OF OTHER CONSERVATION AND DEVELOPMENT FACILITIES,H,NOT BUNDLED,C2,CONSTRUCTION,237990,OTHER HEAVY AND CIVIL ENGINEERING CONSTRUCTION,E,BIO-BASED,A,U.S. OWNED BUSINESS,000,NONE,Z,NOT IT PRODUCTS OR SERVICES,A,MEETS REQUIREMENTS,USA,UNITED STATES,C,NOT A MANUFACTURED END PRODUCT,B,PLAN NOT REQUIRED,D,FULL AND OPEN COMPETITION AFTER EXCLUSION OF SOURCES,SB,SEALED BID,SBA,SMALL BUSINESS SET ASIDE - TOTAL,NONE,NO PREFERENCE USED,,,,,,,6,D,COMMERCIAL PRODUCTS/SERVICES PROCEDURES NOT USED,f,N,NO,N,NO,Y,YES,N,NO,0.00,N,NO,X,NOT APPLICABLE,X,NOT APPLICABLE,Y,YES,X,NOT APPLICABLE,,,,,,,,NONE,NONE,N,NO,X,NOT APPLICABLE EXEMPT FROM CAS,N,TRANSACTION DOES NOT USE GFE/GFP,U,UNKNOWN,D,NOT CONSOLIDATED,N,NO - SERVICE WHERE PBA IS NOT USED.,N,NO,Z,NOT APPLICABLE,N,NO,X,NOT APPLICABLE,f,f,f,f,f,f,f,f,f,f,f,f,f,f,f,f,f,f,f,SMALL BUSINESS,S,f,f,f,f,f,f,f,f,f,f,f,f,f,f,f,f,f,CORPORATE NOT TAX EXEMPT,t,f,f,f,f,f,f,f,f,f,f,f,f,f,f,f,f,t,f,f,f,f,f,f,f,f,t,f,t,f,f,f,f,f,f,f,f,f,f,f,f,f,f,f,f,f,f,f,f,f,,,,,,,,,,,https://www.usaspending.gov/award/CONT_AWD_W912ES22C0004_9700_-NONE-_-NONE-/,2023-07-17 09:55:10+00
CONT_AWD_W912GB16C0006_9700_-NONE-_-NONE-,W912GB16C0006,,,,Q: Not Designated Nonemergency/Emergency/Disaster/Wildfire Suppression,,,,,3041409.27,0.00,3043388.50,3043388.50,2016-09-24,2016,2023-07-11,2023,2015-12-17,2023-12-30,2023-12-30 00:00:00,,,097,Department of Defense,2100,Department of the Army,W912GB,W2SD ENDIST EUROPE,097,Department of Defense,2100,Department of the Army,W912GB,W2SD ENDIST EUROPE,021-2015/2019-2050-000;021-2016/2020-2050-000;021-2017/2021-2050-000;021-2019/2023-2050-000;021-2021/2025-2050-000,021-2050,25.4: Operation and maintenance of facilities;32.0: Land and structures,0001: MAJOR CONSTRUCTION;0002: MINOR CONSTRUCTION;OPTN: FIELD IS OPTIONAL PRIOR TO FY21,X,NOT APPLICABLE,6,AWARDS TO FOREIGN ENTITIES FOR WORK PERFORMED OUTSIDE THE UNITED STATES,WWFNFCV65M13,,BUNDESAMT FÜR BAUWESEN UND RAUMORDNUNG,BUNDESAMT FÜR BAUWESEN UND RAUMORDNUNG,,,UNMJCM3T87L5,,BUNDESREPUBLIK DEUTSCHLAND,BUNDESREPUBLIK DEUTSCHLAND,ABW,ARUBA,DEICHMANNS AUE 31-37,,BONN,,,,,,53179,,,,,DEU,GERMANY,,,,,,,,,,AWARD,D,DEFINITIVE CONTRACT,,,,,,,J,FIRM FIXED PRICE,"IGF::OT::IGF CHILD DEVELOPMENT CENTER ADDITION, GRAFENWOEHR GERMANY",,1,OT,OTHER FUNCTIONS,Y1AA,CONSTRUCTION OF OFFICE BUILDINGS,D,NOT A BUNDLED REQUIREMENT,C2,CONSTRUCTION,238990,ALL OTHER SPECIALTY TRADE CONTRACTORS,C,NO CLAUSES INCLUDED AND NO SUSTAINABILITY INCLUDED,D,FOREIGN-OWNED BUSINESS NOT INCORPORATED IN THE U.S.,000,NONE,Z,NOT IT PRODUCTS OR SERVICES,E,NOT REQUIRED,DEU,GERMANY,C,NOT A MANUFACTURED END PRODUCT,B,PLAN NOT REQUIRED,A,FULL AND OPEN COMPETITION,NP,NEGOTIATED PROPOSAL/QUOTE,NONE,NO SET ASIDE USED.,NONE,NO PREFERENCE USED,,,,,,,2,D,COMMERCIAL PRODUCTS/SERVICES PROCEDURES NOT USED,f,N,NO,N,NO,N,NO,N,NO,0.00,N,NO,X,NOT APPLICABLE,X,NOT APPLICABLE,X,NOT APPLICABLE,X,NOT APPLICABLE,,,,,,,,NONE,NONE,N,NO,N,NO - CAS WAIVER APPROVED,N,TRANSACTION DOES NOT USE GFE/GFP,U,UNKNOWN,N,NO,N,NO - SERVICE WHERE PBA IS NOT USED.,N,NO,Z,NOT APPLICABLE,N,NO,X,NOT APPLICABLE,f,f,f,f,f,f,f,f,f,f,f,f,f,f,f,f,f,f,f,OTHER THAN SMALL BUSINESS,O,f,f,f,f,f,f,f,f,f,f,f,f,f,f,f,f,f,,f,f,f,f,f,f,f,f,f,f,f,f,f,f,f,f,f,f,f,f,f,f,f,f,f,f,f,f,f,f,f,f,f,f,f,f,f,f,f,f,f,f,f,f,f,f,f,f,f,f,,,,,,,,,,,https://www.usaspending.gov/award/CONT_AWD_W912GB16C0006_9700_-NONE-_-NONE-/,2023-07-11 09:08:43+00
CONT_AWD_W912GB16C0014_9700_-NONE-_-NONE-,W912GB16C0014,,,,Q: Not Designated Nonemergency/Emergency/Disaster/Wildfire Suppression,,,,,5745443.58,0.00,5745443.58,5745443.58,2016-09-24,2016,2023-07-12,2023,2016-04-11,2028-12-29,2028-12-29 00:00:00,,,097,Department of Defense,2100,Department of the Army,W912GB,W2SD ENDIST EUROPE,097,Department of Defense,2100,Department of the Army,W74RDV,W0JV HQ USACE MIL PROGRAMS,097-2013/2017-0500-000;097-2014/2018-0500-000;097-2015/2019-0500-000;097-2016/2020-0500-000;097-2017/2021-0500-000,097-0500,32.0: Land and structures,0001: MAJOR CONSTRUCTION,X,NOT APPLICABLE,6,AWARDS TO FOREIGN ENTITIES FOR WORK PERFORMED OUTSIDE THE UNITED STATES,WWFNFCV65M13,,BUNDESAMT FÜR BAUWESEN UND RAUMORDNUNG,BUNDESAMT FÜR BAUWESEN UND RAUMORDNUNG,,,UNMJCM3T87L5,,BUNDESREPUBLIK DEUTSCHLAND,BUNDESREPUBLIK DEUTSCHLAND,DEU,GERMANY,DEICHMANNS AUE 31-37,,BONN,,,,,,53179,,,,,DEU,GERMANY,,,,,,,,,,AWARD,D,DEFINITIVE CONTRACT,,,,,,,J,FIRM FIXED PRICE,"IGF::OT::IGF ELEMENTARY SCHOOL, SPANGDAHLEM, GERMANY",,1,OT,OTHER FUNCTIONS,Y1CA,CONSTRUCTION OF SCHOOLS,D,NOT A BUNDLED REQUIREMENT,C2,CONSTRUCTION,238990,ALL OTHER SPECIALTY TRADE CONTRACTORS,C,NO CLAUSES INCLUDED AND NO SUSTAINABILITY INCLUDED,O,OTHER FOREIGN ENTITY (E.G. FOREIGN GOVERNMENT),000,NONE,Z,NOT IT PRODUCTS OR SERVICES,E,NOT REQUIRED,DEU,GERMANY,C,NOT A MANUFACTURED END PRODUCT,B,PLAN NOT REQUIRED,A,FULL AND OPEN COMPETITION,NP,NEGOTIATED PROPOSAL/QUOTE,NONE,NO SET ASIDE USED.,NONE,NO PREFERENCE USED,,,,,,,2,D,COMMERCIAL PRODUCTS/SERVICES PROCEDURES NOT USED,f,N,NO,N,NO,N,NO,N,NO,0.00,N,NO,X,NOT APPLICABLE,X,NOT APPLICABLE,X,NOT APPLICABLE,X,NOT APPLICABLE,,,,,,,,NONE,NONE,N,NO,X,NOT APPLICABLE EXEMPT FROM CAS,N,TRANSACTION DOES NOT USE GFE/GFP,N,NO,N,NO,N,NO - SERVICE WHERE PBA IS NOT USED.,N,NO,Z,NOT APPLICABLE,N,NO,X,NOT APPLICABLE,f,f,f,f,f,f,f,f,f,f,f,f,f,f,f,f,f,f,f,OTHER THAN SMALL BUSINESS,O,f,f,f,f,f,f,f,f,f,f,f,f,f,f,f,f,f,,f,f,f,f,f,f,f,f,f,f,f,f,f,f,f,f,f,f,f,f,f,f,f,f,f,f,f,f,f,f,f,f,f,f,f,f,f,f,f,f,f,f,f,f,f,f,f,f,f,f,,,,,,,,,,,https://www.usaspending.gov/award/CONT_AWD_W912GB16C0014_9700_-NONE-_-NONE-/,2023-07-12 07:04:59+00
CONT_AWD_W912GB19C0024_9700_-NONE-_-NONE-,W912GB19C0024,,,,Q: Not Designated Nonemergency/Emergency/Disaster/Wildfire Suppression,,,,,0.00,0.00,0.00,0.00,2019-07-30,2019,2023-07-12,2023,2019-07-09,2026-12-31,2026-12-31 00:00:00,,,097,Department of Defense,2100,Department of the Army,W912GB,W2SD ENDIST EUROPE,097,Department of Defense,2100,Department of the Army,W507MB,W6E6 SITE BHR,021-2019/2023-2050-000,021-2050,32.0: Land and structures,0003: PLANNING AND DESIGN,X,NOT APPLICABLE,6,AWARDS TO FOREIGN ENTITIES FOR WORK PERFORMED OUTSIDE THE UNITED STATES,WWFNFCV65M13,,BUNDESAMT FÜR BAUWESEN UND RAUMORDNUNG,BUNDESAMT FÜR BAUWESEN UND RAUMORDNUNG,BBR,,UNMJCM3T87L5,,BUNDESREPUBLIK DEUTSCHLAND,BUNDESREPUBLIK DEUTSCHLAND,DEU,GERMANY,DEICHMANNS AUE 31-37,,BONN,,,,,,53179,,,0228 994010,,DEU,GERMANY,,,,,,,,,,AWARD,D,DEFINITIVE CONTRACT,,,,,,,J,FIRM FIXED PRICE,SOFA ABG-X 100M BAFFLE FLAT RANGE,,1,OT,OTHER FUNCTIONS,Y1EA,CONSTRUCTION OF AMMUNITION FACILITIES,H,NOT BUNDLED,C2,CONSTRUCTION,238990,ALL OTHER SPECIALTY TRADE CONTRACTORS,C,NO CLAUSES INCLUDED AND NO SUSTAINABILITY INCLUDED,D,FOREIGN-OWNED BUSINESS NOT INCORPORATED IN THE U.S.,ZSF,STATUS OF FORCES AGREEMENT,Z,NOT IT PRODUCTS OR SERVICES,E,NOT REQUIRED,DEU,GERMANY,C,NOT A MANUFACTURED END PRODUCT,B,PLAN NOT REQUIRED,A,FULL AND OPEN COMPETITION,SB,SEALED BID,NONE,NO SET ASIDE USED.,NONE,NO PREFERENCE USED,,,,,,,2,D,COMMERCIAL PRODUCTS/SERVICES PROCEDURES NOT USED,f,N,NO,N,NO,X,NOT APPLICABLE,N,NO,0.00,N,NO,X,NOT APPLICABLE,X,NOT APPLICABLE,X,NOT APPLICABLE,X,NOT APPLICABLE,,,,,,,,NONE,NONE,N,NO,X,NOT APPLICABLE EXEMPT FROM CAS,N,TRANSACTION DOES NOT USE GFE/GFP,N,NO,D,NOT CONSOLIDATED,N,NO - SERVICE WHERE PBA IS NOT USED.,N,NO,Z,NOT APPLICABLE,N,NO,X,NOT APPLICABLE,f,f,f,f,f,f,f,f,f,f,f,f,f,f,f,f,f,f,f,OTHER THAN SMALL BUSINESS,O,f,f,f,f,f,f,f,f,f,f,f,f,f,f,f,f,f,,f,f,f,f,f,f,f,f,f,f,f,f,f,f,f,f,f,f,f,f,f,f,f,f,f,f,f,f,f,f,f,f,f,f,f,f,f,f,f,f,f,f,f,f,f,f,f,f,f,f,,,,,,,,,,,https://www.usaspending.gov/award/CONT_AWD_W912GB19C0024_9700_-NONE-_-NONE-/,2023-07-12 07:15:30+00
CONT_AWD_W912GB23C0016_9700_-NONE-_-NONE-,W912GB23C0016,,,,Q: Not Designated Nonemergency/Emergency/Disaster/Wildfire Suppression,,,,,332869.79,0.00,332869.79,332869.79,2023-07-12,2023,2023-07-12,2023,2023-07-12,2030-12-31,2030-12-31 00:00:00,,2023-06-22,097,Department of Defense,2100,Department of the Army,W912GB,W2SD ENDIST EUROPE,097,Department of Defense,2100,Department of the Army,W912GB,W2SD ENDIST EUROPE,021-2023/2027-2050-000,021-2050,32.0: Land and structures,0801: REIMBURSABLE,X,NOT APPLICABLE,,,LN9PU5M2YZN5,,MISCELLANEOUS FOREIGN AWARDEES,MISCELLANEOUS FOREIGN AWARDEES,,35KC0,LN9PU5M2YZN5,,MISCELLANEOUS FOREIGN AWARDEES,MISCELLANEOUS FOREIGN CONTRACTORS,USA,UNITED STATES,1800 F ST NW,,WASHINGTON,11001,DISTRICT OF COLUMBIA,11,DC,DISTRICT OF COLUMBIA,204050001,DC-98,DC-98,2026942989,,DEU,GERMANY,,,,,,,,,,AWARD,D,DEFINITIVE CONTRACT,,,,,,,J,FIRM FIXED PRICE,ABGX SOFA REPAIR BLDG. 242 SOUTH CAMP VILSECK GERMANY,,1,OT,OTHER FUNCTIONS,Y1JZ,CONSTRUCTION OF MISCELLANEOUS BUILDINGS,H,NOT BUNDLED,,,238990,ALL OTHER SPECIALTY TRADE CONTRACTORS,C,NO CLAUSES INCLUDED AND NO SUSTAINABILITY INCLUDED,D,FOREIGN-OWNED BUSINESS NOT INCORPORATED IN THE U.S.,000,NONE,Z,NOT IT PRODUCTS OR SERVICES,E,NOT REQUIRED,DEU,GERMANY,C,NOT A MANUFACTURED END PRODUCT,B,PLAN NOT REQUIRED,A,FULL AND OPEN COMPETITION,NP,NEGOTIATED PROPOSAL/QUOTE,NONE,NO SET ASIDE USED.,NONE,NO PREFERENCE USED,,,,,,,2,D,COMMERCIAL PRODUCTS/SERVICES PROCEDURES NOT USED,f,N,NO,,,X,NOT APPLICABLE,N,NO,0.00,N,NO,X,NOT APPLICABLE,X,NOT APPLICABLE,X,NOT APPLICABLE,X,NOT APPLICABLE,,,,,,,,NONE,NONE,N,NO,X,NOT APPLICABLE EXEMPT FROM CAS,N,TRANSACTION DOES NOT USE GFE/GFP,,,D,NOT CONSOLIDATED,N,NO - SERVICE WHERE PBA IS NOT USED.,N,NO,Z,NOT APPLICABLE,N,NO,X,NOT APPLICABLE,f,f,f,f,f,f,f,f,f,f,f,f,f,f,f,f,f,f,f,OTHER THAN SMALL BUSINESS,O,f,f,f,f,f,f,f,f,f,f,f,f,f,f,f,f,f,OTHER,f,f,f,f,f,f,f,f,f,f,f,f,f,f,f,f,f,t,f,f,f,f,f,f,f,f,f,f,t,f,f,f,f,f,f,f,f,f,f,f,f,f,f,f,f,f,f,f,f,f,,,,,,,,,,,https://www.usaspending.gov/award/CONT_AWD_W912GB23C0016_9700_-NONE-_-NONE-/,2023-07-12 06:48:03+00
CONT_AWD_W912HN18C4004_9700_-NONE-_-NONE-,W912HN18C4004,,,,Q: Not Designated Nonemergency/Emergency/Disaster/Wildfire Suppression,,,,,8937879.54,1854223.08,8937879.54,8937879.54,2018-09-29,2018,2023-07-10,2023,2018-09-29,2023-08-11,2023-08-11 00:00:00,,2018-07-01,097,Department of Defense,2100,Department of the Army,W912HN,W074 ENDIST SAVANNAH,097,Department of Defense,2100,Department of the Army,W912HN,W074 ENDIST SAVANNAH,021-2018/2022-2050-000;021-2023/2027-2050-000,021-2050,32.0: Land and structures,0001: MAJOR CONSTRUCTION;0801: REIMBURSABLE;OPTN: FIELD IS OPTIONAL PRIOR TO FY21,X,NOT APPLICABLE,,,W4A9LWN5MCG4,,SES ENERGY SERVICES LLC,SES ENERGY SERVICES LLC,,7EFA2,W4A9LWN5MCG4,,SES ENERGY SERVICES LLC,SES ENERGY SERVICES LLC,USA,UNITED STATES,1006 FLOYD CULLER CT STE 8,,OAK RIDGE,47001,ANDERSON,47,TN,TENNESSEE,378308022,TN-03,TN-03,8654817837,8654810290,USA,UNITED STATES,AUGUSTA,13245,RICHMOND,13,GA,GEORGIA,309050002,GA-12,GA-12,AWARD,D,DEFINITIVE CONTRACT,,,,,,,J,FIRM FIXED PRICE,12TH STREET TRAFFIC MITIGATION,W912HN18R4003,1,OT,OTHER FUNCTIONS,Z2LB,REPAIR OR ALTERATION OF HIGHWAYS/ROADS/STREETS/BRIDGES/RAILWAYS,H,NOT BUNDLED,C2,CONSTRUCTION,237310,"HIGHWAY, STREET, AND BRIDGE CONSTRUCTION",C,NO CLAUSES INCLUDED AND NO SUSTAINABILITY INCLUDED,A,U.S. OWNED BUSINESS,000,NONE,Z,NOT IT PRODUCTS OR SERVICES,E,NOT REQUIRED,USA,UNITED STATES,C,NOT A MANUFACTURED END PRODUCT,B,PLAN NOT REQUIRED,B,NOT AVAILABLE FOR COMPETITION,SSS,ONLY ONE SOURCE,8AN,8(A) SOLE SOURCE,NONE,NO PREFERENCE USED,,,,,OTH,AUTHORIZED BY STATUTE (FAR 6.302-5(A)(2)(I)),1,D,COMMERCIAL PRODUCTS/SERVICES PROCEDURES NOT USED,f,N,NO,N,NO,Y,YES,N,NO,0.00,N,NO,X,NOT APPLICABLE,X,NOT APPLICABLE,Y,YES,X,NOT APPLICABLE,,,,,,,,NONE,NONE,N,NO,X,NOT APPLICABLE EXEMPT FROM CAS,N,TRANSACTION DOES NOT USE GFE/GFP,N,NO,D,NOT CONSOLIDATED,Y,YES - SERVICE WHERE PBA IS USED.,N,NO,A,FAR 52.232-16 PROGRESS PAYMENTS,N,NO,X,NOT APPLICABLE,t,f,f,f,f,f,f,f,f,f,f,f,t,f,f,f,f,t,f,SMALL BUSINESS,S,f,f,f,f,f,f,f,f,f,f,f,f,f,f,f,f,f,CORPORATE NOT TAX EXEMPT,t,f,f,f,f,f,f,f,f,f,f,f,f,f,f,f,f,t,f,f,f,f,f,f,f,f,t,f,t,f,f,f,f,f,f,f,f,f,f,f,f,f,f,f,f,t,f,t,f,f,,,,,,,,,,,https://www.usaspending.gov/award/CONT_AWD_W912HN18C4004_9700_-NONE-_-NONE-/,2023-07-10 16:21:24+00
CONT_AWD_W912HP22C0004_9700_-NONE-_-NONE-,W912HP22C0004,,,,Q: Not Designated Nonemergency/Emergency/Disaster/Wildfire Suppression,,,,,7531697.76,0.00,7531697.76,9047697.76,2022-07-20,2022,2023-07-05,2023,2022-07-25,2023-07-31,2023-07-31 00:00:00,,2022-06-13,097,Department of Defense,2100,Department of the Army,W912HP,W074 ENDIST CHARLESTON,097,Department of Defense,2100,Department of the Army,W912HP,W074 ENDIST CHARLESTON,021-2022/2026-2050-000;096-X-3123-000,021-2050;096-3123,32.0: Land and structures,0001: COMMERCIAL NAVIGATION;0801: REIMBURSABLE,X,NOT APPLICABLE,,,JXVMX8LB9W17,,SOUTHERN DREDGING CO INC,"SOUTHERN DREDGING CO., INC.",,0C011,JXVMX8LB9W17,,SOUTHERN DREDGING CO INC,SOUTHERN DREDGING CO.  INC.,USA,UNITED STATES,925 WAPPOO RD STE C,,CHARLESTON,45019,CHARLESTON,45,SC,SOUTH CAROLINA,294075969,SC-01,SC-06,8435597500,8436373862,USA,UNITED STATES,CHARLESTON,45019,CHARLESTON,45,SC,SOUTH CAROLINA,294035477,SC-06,SC-06,AWARD,D,DEFINITIVE CONTRACT,,,,,,,J,FIRM FIXED PRICE,JOINT BASE CHARLESTON DREDGING,W912HP22B0004,1,OT,OTHER FUNCTIONS,Z1KF,MAINTENANCE OF DREDGING FACILITIES,H,NOT BUNDLED,C2,CONSTRUCTION,237990,OTHER HEAVY AND CIVIL ENGINEERING CONSTRUCTION,F,ENVIRONMENTALLY PREFERABLE,A,U.S. OWNED BUSINESS,000,NONE,Z,NOT IT PRODUCTS OR SERVICES,E,NOT REQUIRED,USA,UNITED STATES,C,NOT A MANUFACTURED END PRODUCT,B,PLAN NOT REQUIRED,D,FULL AND OPEN COMPETITION AFTER EXCLUSION OF SOURCES,SB,SEALED BID,SBA,SMALL BUSINESS SET ASIDE - TOTAL,NONE,NO PREFERENCE USED,,,,,,,2,D,COMMERCIAL PRODUCTS/SERVICES PROCEDURES NOT USED,f,N,NO,N,NO,Y,YES,N,NO,0.00,N,NO,N,NO,N,NO,Y,YES,X,NOT APPLICABLE,,,,,,,,NONE,NONE,N,NO,X,NOT APPLICABLE EXEMPT FROM CAS,N,TRANSACTION DOES NOT USE GFE/GFP,U,UNKNOWN,D,NOT CONSOLIDATED,N,NO - SERVICE WHERE PBA IS NOT USED.,N,NO,Z,NOT APPLICABLE,N,NO,X,NOT APPLICABLE,f,f,f,f,f,f,f,f,f,f,f,f,f,f,f,f,f,f,f,SMALL BUSINESS,S,f,f,f,f,f,f,f,f,f,f,f,f,f,f,f,f,f,CORPORATE NOT TAX EXEMPT,t,f,f,f,f,f,f,f,f,f,f,f,f,f,f,f,f,t,f,f,f,f,f,f,f,t,f,f,t,f,f,f,f,f,f,f,f,f,f,f,f,f,f,f,f,f,f,f,f,f,,,,,,,,,,,https://www.usaspending.gov/award/CONT_AWD_W912HP22C0004_9700_-NONE-_-NONE-/,2023-07-05 12:15:53+00
CONT_AWD_W912HQ18C0081_9700_-NONE-_-NONE-,W912HQ18C0081,,,,Q: Not Designated Nonemergency/Emergency/Disaster/Wildfire Suppression,,,,,957510.00,0.00,957510.00,957510.00,2018-07-30,2018,2023-07-13,2023,2018-07-30,2024-12-31,2024-12-31 00:00:00,,,097,Department of Defense,2100,Department of the Army,W912HQ,W4LD USA HECSA,097,Department of Defense,2100,Department of the Army,W74RDV,W0JV HQ USACE MIL PROGRAMS,097-2020/2021-0400-000;097-2021/2022-0400-000;097-2022/2023-0400-000,097-0400,25.5: Research and development contracts,009S: MISCELLANEOUS;00CA: N/A,X,NOT APPLICABLE,,,J7H1MTJZVMW5,,"HALEY & ALDRICH, INC","HALEY & ALDRICH, INC.",,2R148,J7H1MTJZVMW5,,"HALEY & ALDRICH, INC",HALEY & ALDRICH  INC.,USA,UNITED STATES,70 BLANCHARD RD STE 204,,BURLINGTON,25017,MIDDLESEX,25,MA,MASSACHUSETTS,018035100,MA-06,MA-06,6178867400,6178867600,USA,UNITED STATES,PHOENIX,04013,MARICOPA,04,AZ,ARIZONA,850042272,AZ-03,AZ-03,AWARD,D,DEFINITIVE CONTRACT,,,,,,,J,FIRM FIXED PRICE,IGF::OT::IGF ESTCP PROJECT ER18-5168,W912HQ17S0003,1,OT,OTHER FUNCTIONS,AH91,R&D- ENVIRONMENTAL PROTECTION: OTHER (BASIC RESEARCH),H,NOT BUNDLED,S1,SERVICES,541715,"RESEARCH AND DEVELOPMENT IN THE PHYSICAL, ENGINEERING, AND LIFE SCIENCES (EXCEPT NANOTECHNOLOGY AND BIOTECHNOLOGY)",D,ENERGY EFFICIENT,A,U.S. OWNED BUSINESS,000,NONE,Z,NOT IT PRODUCTS OR SERVICES,E,NOT REQUIRED,USA,UNITED STATES,C,NOT A MANUFACTURED END PRODUCT,F,INDIVIDUAL SUBCONTRACT PLAN,A,FULL AND OPEN COMPETITION,BR,BASIC RESEARCH,NONE,NO SET ASIDE USED.,NONE,NO PREFERENCE USED,,,,,,,25,D,COMMERCIAL PRODUCTS/SERVICES PROCEDURES NOT USED,f,N,NO,N,NO,Y,YES,N,NO,0.00,N,NO,X,NOT APPLICABLE,X,NOT APPLICABLE,X,NOT APPLICABLE,X,NOT APPLICABLE,,,,,,,,NONE,NONE,N,NO,X,NOT APPLICABLE EXEMPT FROM CAS,N,TRANSACTION DOES NOT USE GFE/GFP,N,NO,D,NOT CONSOLIDATED,N,NO - SERVICE WHERE PBA IS NOT USED.,N,NO,Z,NOT APPLICABLE,N,NO,X,NOT APPLICABLE,f,f,f,f,f,f,f,f,f,f,f,f,f,f,f,f,f,f,f,OTHER THAN SMALL BUSINESS,O,f,f,f,f,f,f,f,f,f,f,f,f,f,f,f,f,f,CORPORATE NOT TAX EXEMPT,t,f,f,f,f,f,f,f,f,f,f,f,f,f,f,f,f,t,f,f,f,f,f,f,f,f,f,f,t,f,f,f,f,f,f,f,f,f,f,f,f,f,f,f,f,f,f,f,f,f,,,,,,,,,,,https://www.usaspending.gov/award/CONT_AWD_W912HQ18C0081_9700_-NONE-_-NONE-/,2023-07-13 17:22:16+00
CONT_AWD_W912HQ19C0014_9700_-NONE-_-NONE-,W912HQ19C0014,,,,Q: Not Designated Nonemergency/Emergency/Disaster/Wildfire Suppression,,,,,987540.00,0.00,987540.00,987540.00,2019-07-10,2019,2023-07-13,2023,2019-07-10,2024-07-10,2024-07-10 00:00:00,,2018-01-05,097,Department of Defense,2100,Department of the Army,W912HQ,W4LD USA HECSA,097,Department of Defense,2100,Department of the Army,W74RDV,W0JV HQ USACE MIL PROGRAMS,021-2023/2023-2020-000;097-2022/2023-0400-000,021-2020;097-0400,25.1: Advisory and assistance services;25.5: Research and development contracts,009S: MISCELLANEOUS;0801: REIMBURSABLE,X,NOT APPLICABLE,,,JT9NZ8J1KQF5,,"APTIM FEDERAL SERVICES, LLC","APTIM FEDERAL SERVICES, LLC",,1YQ36,WN2ZWD26AXP9,,APTIM FEDERAL SERVICES LLC,APTIM FEDERAL SERVICES LLC,USA,UNITED STATES,1725 DUKE ST STE 400,,ALEXANDRIA,51510,ALEXANDRIA (CITY),51,VA,VIRGINIA,223143470,VA-02,VA-08,6095886475,,USA,UNITED STATES,LAWRENCE TOWNSHIP,34021,MERCER,34,NJ,NEW JERSEY,086482301,NJ-03,NJ-03,AWARD,D,DEFINITIVE CONTRACT,,,,,,,U,COST PLUS FIXED FEE,PROJECT ER19-1106,W912HQ18S0001,1,OT,OTHER FUNCTIONS,AG91,R&D- ENERGY: OTHER (BASIC RESEARCH),H,NOT BUNDLED,S1,SERVICES,541715,"RESEARCH AND DEVELOPMENT IN THE PHYSICAL, ENGINEERING, AND LIFE SCIENCES (EXCEPT NANOTECHNOLOGY AND BIOTECHNOLOGY)",D,ENERGY EFFICIENT,A,U.S. OWNED BUSINESS,000,NONE,Z,NOT IT PRODUCTS OR SERVICES,E,NOT REQUIRED,USA,UNITED STATES,C,NOT A MANUFACTURED END PRODUCT,F,INDIVIDUAL SUBCONTRACT PLAN,A,FULL AND OPEN COMPETITION,BR,BASIC RESEARCH,NONE,NO SET ASIDE USED.,NONE,NO PREFERENCE USED,,,,,,,137,D,COMMERCIAL PRODUCTS/SERVICES PROCEDURES NOT USED,f,N,NO,N,NO,Y,YES,N,NO,0.00,N,NO,X,NOT APPLICABLE,X,NOT APPLICABLE,X,NOT APPLICABLE,X,NOT APPLICABLE,,,,,,,,NONE,NONE,N,NO,X,NOT APPLICABLE EXEMPT FROM CAS,N,TRANSACTION DOES NOT USE GFE/GFP,N,NO,D,NOT CONSOLIDATED,N,NO - SERVICE WHERE PBA IS NOT USED.,N,NO,Z,NOT APPLICABLE,N,NO,X,NOT APPLICABLE,f,f,f,f,f,f,f,f,f,f,f,f,f,f,f,f,f,f,f,OTHER THAN SMALL BUSINESS,O,f,f,f,f,f,f,f,f,f,f,f,f,f,f,f,f,f,CORPORATE NOT TAX EXEMPT,t,f,f,f,f,f,f,f,f,f,f,f,f,f,f,f,f,t,f,f,f,f,f,f,f,f,t,f,t,f,f,f,f,f,f,f,f,f,f,f,f,f,f,f,f,f,f,f,f,f,STEPHEN  MORAN,386264.00,DAVID  LOWE,400303.00,PRASHANT  KHANNA,379736.00,MARK  MATEN,393385.00,STEPHEN  SCHOENI,376589.00,https://www.usaspending.gov/award/CONT_AWD_W912HQ19C0014_9700_-NONE-_-NONE-/,2023-07-13 16:08:55+00
CONT_AWD_W912HQ19C0030_9700_-NONE-_-NONE-,W912HQ19C0030,,,,Q: Not Designated Nonemergency/Emergency/Disaster/Wildfire Suppression,,,,,1215389.00,0.00,1215389.00,1215389.00,2019-09-30,2019,2023-07-07,2023,2019-09-30,2024-09-30,2024-09-30 00:00:00,,2018-01-15,097,Department of Defense,2100,Department of the Army,W912HQ,W4LD USA HECSA,097,Department of Defense,2100,Department of the Army,W74RDV,W0JV HQ USACE MIL PROGRAMS,021-2023/2023-2020-000;097-2019/2020-0400-000;097-2021/2022-0400-000,021-2020;097-0400,25.1: Advisory and assistance services;25.5: Research and development contracts,0099: N/A;00CA: N/A;0801: REIMBURSABLE,X,NOT APPLICABLE,,,VJ62F6V2LE48,,THE ROYAL INSTITUTION FOR THE ADVANCEMENT OF LEARNING,ROYAL INSTITUTION FOR THE ADVANCEMENT OF LEARNING / MCGILL,,L0932,VJ62F6V2LE48,,THE ROYAL INSTITUTION FOR THE ADVANCEMENT OF LEARNING,ROYAL INSTITUTION FOR THE ADVANCEMENT OF LEARNING  THE,CAN,CANADA,845 RUE SHERBROOKE O,,MONTREAL,,,,,PQ,H3A 0G4,,,,,USA,UNITED STATES,ALEXANDRIA,51059,FAIRFAX,51,VA,VIRGINIA,223153876,VA-08,VA-08,AWARD,D,DEFINITIVE CONTRACT,,,,,,,S,COST NO FEE,PROJECT ER19-1157,W912HQ18S0001,1,OT,OTHER FUNCTIONS,AH91,R&D- ENVIRONMENTAL PROTECTION: OTHER (BASIC RESEARCH),H,NOT BUNDLED,C9E,ALL OTHERS NOT IDENTIFIABLE TO ANY OTHER PROCUREMENT PROGRAM,541715,"RESEARCH AND DEVELOPMENT IN THE PHYSICAL, ENGINEERING, AND LIFE SCIENCES (EXCEPT NANOTECHNOLOGY AND BIOTECHNOLOGY)",C,NO CLAUSES INCLUDED AND NO SUSTAINABILITY INCLUDED,O,OTHER FOREIGN ENTITY (E.G. FOREIGN GOVERNMENT),000,NONE,Z,NOT IT PRODUCTS OR SERVICES,E,NOT REQUIRED,CAN,CANADA,C,NOT A MANUFACTURED END PRODUCT,B,PLAN NOT REQUIRED,A,FULL AND OPEN COMPETITION,BR,BASIC RESEARCH,NONE,NO SET ASIDE USED.,NONE,NO PREFERENCE USED,,,,,,,89,D,COMMERCIAL PRODUCTS/SERVICES PROCEDURES NOT USED,f,N,NO,N,NO,Y,YES,N,NO,0.00,N,NO,X,NOT APPLICABLE,X,NOT APPLICABLE,X,NOT APPLICABLE,X,NOT APPLICABLE,,,,,,,,NONE,NONE,N,NO,X,NOT APPLICABLE EXEMPT FROM CAS,N,TRANSACTION DOES NOT USE GFE/GFP,N,NO,D,NOT CONSOLIDATED,N,NO - SERVICE WHERE PBA IS NOT USED.,N,NO,Z,NOT APPLICABLE,N,NO,X,NOT APPLICABLE,f,f,f,f,f,f,f,f,f,f,f,f,f,f,f,f,f,f,f,OTHER THAN SMALL BUSINESS,O,f,f,f,f,f,f,f,f,f,f,f,f,f,f,f,f,f,CORPORATE TAX EXEMPT,f,t,f,f,f,f,f,f,f,t,f,f,f,f,f,f,f,t,f,f,f,f,f,f,f,f,f,f,f,t,f,f,t,f,f,f,f,f,f,f,f,f,f,f,f,f,f,f,f,f,,,,,,,,,,,https://www.usaspending.gov/award/CONT_AWD_W912HQ19C0030_9700_-NONE-_-NONE-/,2023-07-07 14:55:23+00
CONT_AWD_W912HQ19C0040_9700_-NONE-_-NONE-,W912HQ19C0040,,,,Q: Not Designated Nonemergency/Emergency/Disaster/Wildfire Suppression,,,,,972866.00,0.00,972866.00,972866.00,2019-09-03,2019,2023-07-06,2023,2019-09-03,2024-09-03,2024-09-03 00:00:00,,2017-10-26,097,Department of Defense,2100,Department of the Army,W912HQ,W4LD USA HECSA,097,Department of Defense,2100,Department of the Army,W74RDV,W0JV HQ USACE MIL PROGRAMS,097-2020/2021-0400-000,097-0400,25.5: Research and development contracts,00CA: N/A,X,NOT APPLICABLE,,,GFKFBWG2TV98,,WOODS HOLE OCEANOGRAPHIC INSTITUTION,WOODS HOLE OCEANOGRAPHIC INSTITUTION,,88846,GFKFBWG2TV98,,WOODS HOLE OCEANOGRAPHIC INSTITUTION,WOODS HOLE OCEANOGRAPHIC INSTITUTION,USA,UNITED STATES,266 WOODS HOLE RD,,WOODS HOLE,25001,BARNSTABLE,25,MA,MASSACHUSETTS,025431536,MA-09,MA-09,5082893542,5084572189,USA,UNITED STATES,WOODS HOLE,25001,BARNSTABLE,25,MA,MASSACHUSETTS,025431536,MA-09,MA-09,AWARD,D,DEFINITIVE CONTRACT,,,,,,,U,COST PLUS FIXED FEE,MR19-5079,,1,OT,OTHER FUNCTIONS,AH91,R&D- ENVIRONMENTAL PROTECTION: OTHER (BASIC RESEARCH),H,NOT BUNDLED,S1,SERVICES,541715,"RESEARCH AND DEVELOPMENT IN THE PHYSICAL, ENGINEERING, AND LIFE SCIENCES (EXCEPT NANOTECHNOLOGY AND BIOTECHNOLOGY)",D,ENERGY EFFICIENT,B,OTHER U.S. ENTITY (E.G. GOVERNMENT),000,NONE,Z,NOT IT PRODUCTS OR SERVICES,E,NOT REQUIRED,USA,UNITED STATES,C,NOT A MANUFACTURED END PRODUCT,F,INDIVIDUAL SUBCONTRACT PLAN,A,FULL AND OPEN COMPETITION,BR,BASIC RESEARCH,NONE,NO SET ASIDE USED.,NONE,NO PREFERENCE USED,,,,,,,147,D,COMMERCIAL PRODUCTS/SERVICES PROCEDURES NOT USED,f,N,NO,N,NO,N,NO,N,NO,0.00,N,NO,X,NOT APPLICABLE,X,NOT APPLICABLE,X,NOT APPLICABLE,X,NOT APPLICABLE,,,,,,,,NONE,NONE,N,NO,X,NOT APPLICABLE EXEMPT FROM CAS,N,TRANSACTION DOES NOT USE GFE/GFP,U,UNKNOWN,D,NOT CONSOLIDATED,N,NO - SERVICE WHERE PBA IS NOT USED.,N,NO,Z,NOT APPLICABLE,N,NO,X,NOT APPLICABLE,f,f,f,f,f,f,f,f,f,f,f,f,f,f,f,f,f,f,f,OTHER THAN SMALL BUSINESS,O,f,f,f,f,f,f,f,f,f,f,f,f,f,f,f,f,f,CORPORATE TAX EXEMPT,f,t,f,f,f,f,f,f,f,f,f,f,f,f,f,f,f,t,f,f,f,f,f,f,f,f,f,f,f,t,f,f,f,f,f,f,f,f,f,f,f,f,f,f,f,f,f,f,f,f,,,,,,,,,,,https://www.usaspending.gov/award/CONT_AWD_W912HQ19C0040_9700_-NONE-_-NONE-/,2023-07-06 14:25:32+00
CONT_AWD_W912HQ19C0049_9700_-NONE-_-NONE-,W912HQ19C0049,,,,Q: Not Designated Nonemergency/Emergency/Disaster/Wildfire Suppression,,,,,1801343.00,0.00,1801343.00,1801343.00,2019-09-26,2019,2023-07-12,2023,2019-09-26,2024-09-26,2024-09-26 00:00:00,,2017-10-26,097,Department of Defense,2100,Department of the Army,W912HQ,W4LD USA HECSA,097,Department of Defense,2100,Department of the Army,W74RDV,W0JV HQ USACE MIL PROGRAMS,021-2023/2023-2020-000;097-2021/2022-0400-000;097-2022/2023-0400-000,021-2020;097-0400,25.1: Advisory and assistance services;25.5: Research and development contracts,009S: MISCELLANEOUS;00CA: N/A;0801: REIMBURSABLE,X,NOT APPLICABLE,,,LT9CXX8L19G1,,COLORADO STATE UNIVERSITY,COLORADO STATE UNIVERSITY,,4B575,Q7VRM266G891,,COLORADO STATE UNIVERSITY SYSTEM,COLORADO STATE UNIVERSITY,USA,UNITED STATES,601 S HOWES ST,,FORT COLLINS,08069,LARIMER,08,CO,COLORADO,805212807,CO-02,CO-02,9704916787,9704916147,USA,UNITED STATES,FORT COLLINS,08069,LARIMER,08,CO,COLORADO,805212807,CO-02,CO-02,AWARD,D,DEFINITIVE CONTRACT,,,,,,,S,COST NO FEE,RC19-1119,W912HQ18S0001,1,OT,OTHER FUNCTIONS,AH91,R&D- ENVIRONMENTAL PROTECTION: OTHER (BASIC RESEARCH),H,NOT BUNDLED,S1,SERVICES,541715,"RESEARCH AND DEVELOPMENT IN THE PHYSICAL, ENGINEERING, AND LIFE SCIENCES (EXCEPT NANOTECHNOLOGY AND BIOTECHNOLOGY)",C,NO CLAUSES INCLUDED AND NO SUSTAINABILITY INCLUDED,B,OTHER U.S. ENTITY (E.G. GOVERNMENT),000,NONE,Z,NOT IT PRODUCTS OR SERVICES,A,MEETS REQUIREMENTS,USA,UNITED STATES,C,NOT A MANUFACTURED END PRODUCT,F,INDIVIDUAL SUBCONTRACT PLAN,A,FULL AND OPEN COMPETITION,NP,NEGOTIATED PROPOSAL/QUOTE,NONE,NO SET ASIDE USED.,NONE,NO PREFERENCE USED,,,,,,,42,D,COMMERCIAL PRODUCTS/SERVICES PROCEDURES NOT USED,f,N,NO,N,NO,Y,YES,N,NO,0.00,N,NO,N,NO,N,NO,X,NOT APPLICABLE,X,NOT APPLICABLE,,,,,,,,NONE,NONE,N,NO,X,NOT APPLICABLE EXEMPT FROM CAS,Y,TRANSACTION USES GFE/GFP,U,UNKNOWN,D,NOT CONSOLIDATED,N,NO - SERVICE WHERE PBA IS NOT USED.,N,NO,Z,NOT APPLICABLE,N,NO,X,NOT APPLICABLE,f,f,f,f,f,f,f,f,f,f,f,f,f,f,f,f,f,f,f,OTHER THAN SMALL BUSINESS,O,f,f,f,f,f,f,t,f,f,f,f,f,f,f,f,f,f,US GOVERNMENT ENTITY,f,f,f,f,f,f,t,f,f,t,f,f,f,f,f,f,f,t,f,f,f,f,f,f,f,f,f,f,f,f,f,f,f,t,t,f,f,f,f,f,f,f,f,t,f,f,f,f,f,f,,,,,,,,,,,https://www.usaspending.gov/award/CONT_AWD_W912HQ19C0049_9700_-NONE-_-NONE-/,2023-07-12 08:30:24+00
CONT_AWD_W912HQ19C0064_9700_-NONE-_-NONE-,W912HQ19C0064,,,,Q: Not Designated Nonemergency/Emergency/Disaster/Wildfire Suppression,,,,,1737933.00,0.00,1737933.00,1737933.00,2019-09-20,2019,2023-07-07,2023,2019-09-20,2024-09-20,2024-09-20 00:00:00,,2017-10-26,097,Department of Defense,2100,Department of the Army,W912HQ,W4LD USA HECSA,097,Department of Defense,2100,Department of the Army,W74RDV,W0JV HQ USACE MIL PROGRAMS,021-2023/2023-2020-000;097-2021/2022-0400-000;097-2022/2023-0400-000,021-2020;097-0400,25.1: Advisory and assistance services;25.5: Research and development contracts,009S: MISCELLANEOUS;00CA: N/A;0801: REIMBURSABLE,X,NOT APPLICABLE,,,G56PUALJ3KT5,,CORNELL UNIVERSITY,"CORNELL UNIVERSITY, INC",,4B578,EQA8NBEN9WD5,,CORNELL UNIVERSITY,CORNELL UNIVERSITY,USA,UNITED STATES,373 PINE TREE RD,,ITHACA,36109,TOMPKINS,36,NY,NEW YORK,148502820,NY-19,NY-19,6072555014,6072555058,USA,UNITED STATES,ALEXANDRIA,51510,ALEXANDRIA CITY,51,VA,VIRGINIA,223503605,VA-08,VA-08,AWARD,D,DEFINITIVE CONTRACT,,,,,,,S,COST NO FEE,"CORNELL UNIVERSITY, SERDP RC19-1004",W912HQ18S0001,1,OT,OTHER FUNCTIONS,AH91,R&D- ENVIRONMENTAL PROTECTION: OTHER (BASIC RESEARCH),H,NOT BUNDLED,S1,SERVICES,541715,"RESEARCH AND DEVELOPMENT IN THE PHYSICAL, ENGINEERING, AND LIFE SCIENCES (EXCEPT NANOTECHNOLOGY AND BIOTECHNOLOGY)",D,ENERGY EFFICIENT,A,U.S. OWNED BUSINESS,000,NONE,Z,NOT IT PRODUCTS OR SERVICES,E,NOT REQUIRED,USA,UNITED STATES,C,NOT A MANUFACTURED END PRODUCT,F,INDIVIDUAL SUBCONTRACT PLAN,A,FULL AND OPEN COMPETITION,BR,BASIC RESEARCH,NONE,NO SET ASIDE USED.,NONE,NO PREFERENCE USED,,,,,,,95,D,COMMERCIAL PRODUCTS/SERVICES PROCEDURES NOT USED,f,N,NO,N,NO,Y,YES,N,NO,0.00,N,NO,X,NOT APPLICABLE,X,NOT APPLICABLE,X,NOT APPLICABLE,X,NOT APPLICABLE,,,,,,,,NONE,NONE,N,NO,X,NOT APPLICABLE EXEMPT FROM CAS,N,TRANSACTION DOES NOT USE GFE/GFP,N,NO,D,NOT CONSOLIDATED,N,NO - SERVICE WHERE PBA IS NOT USED.,N,NO,Z,NOT APPLICABLE,N,NO,X,NOT APPLICABLE,f,f,f,f,f,f,f,f,f,f,f,f,f,f,f,f,f,f,f,OTHER THAN SMALL BUSINESS,O,f,f,f,f,f,f,f,f,f,f,f,f,f,f,f,f,f,CORPORATE TAX EXEMPT,f,t,f,f,f,f,f,f,f,t,f,f,f,f,f,f,f,t,f,f,f,f,f,f,f,f,f,f,f,t,f,f,t,f,t,f,f,f,f,f,f,f,f,t,f,f,f,f,f,f,,,,,,,,,,,https://www.usaspending.gov/award/CONT_AWD_W912HQ19C0064_9700_-NONE-_-NONE-/,2023-07-07 08:37:15+00
CONT_AWD_W912HQ22C0019_9700_-NONE-_-NONE-,W912HQ22C0019,,,,Q: Not Designated Nonemergency/Emergency/Disaster/Wildfire Suppression,,,,,299691.00,0.00,299691.00,477098.00,2021-12-28,2022,2023-07-13,2023,2021-12-28,2025-12-28,2025-12-28 00:00:00,,2020-01-07,097,Department of Defense,2100,Department of the Army,W912HQ,W4LD USA HECSA,097,Department of Defense,2100,Department of the Army,W74RDV,W0JV HQ USACE MIL PROGRAMS,021-2023/2027-2050-000;097-2021/2022-0400-000;097-2022/2023-0400-000,021-2050;097-0400,25.1: Advisory and assistance services;25.5: Research and development contracts,009S: MISCELLANEOUS;00CA: N/A;0801: REIMBURSABLE,X,NOT APPLICABLE,,,J8M1UGKAFL69,,GSI ENVIRONMENTAL INC.,GSI ENVIRONMENTAL INC.,,0X4P1,J8M1UGKAFL69,,GSI ENVIRONMENTAL INC.,GSI ENVIRONMENTAL INC.,USA,UNITED STATES,2211 NORFOLK STE 1000,,HOUSTON,48201,HARRIS,48,TX,TEXAS,770984054,TX-07,TX-02,5123464474,5123464476,USA,UNITED STATES,HOUSTON,48201,HARRIS,48,TX,TEXAS,770984054,TX-07,TX-02,AWARD,D,DEFINITIVE CONTRACT,,,,,,,U,COST PLUS FIXED FEE,ESTCP PROJECT ER21-5198,W912HQ20S0006,1,OT,OTHER FUNCTIONS,AJ11,GENERAL SCIENCE AND TECHNOLOGY R&D SERVICES; GENERAL SCIENCE AND TECHNOLOGY; BASIC RESEARCH,H,NOT BUNDLED,S1,SERVICES,541715,"RESEARCH AND DEVELOPMENT IN THE PHYSICAL, ENGINEERING, AND LIFE SCIENCES (EXCEPT NANOTECHNOLOGY AND BIOTECHNOLOGY)",D,ENERGY EFFICIENT,A,U.S. OWNED BUSINESS,000,NONE,Z,NOT IT PRODUCTS OR SERVICES,E,NOT REQUIRED,USA,UNITED STATES,C,NOT A MANUFACTURED END PRODUCT,B,PLAN NOT REQUIRED,A,FULL AND OPEN COMPETITION,BR,BASIC RESEARCH,NONE,NO SET ASIDE USED.,NONE,NO PREFERENCE USED,,,,,,,128,D,COMMERCIAL PRODUCTS/SERVICES PROCEDURES NOT USED,f,N,NO,N,NO,Y,YES,N,NO,0.00,N,NO,N,NO,N,NO,N,NO,X,NOT APPLICABLE,,,,,,,,NONE,NONE,N,NO,X,NOT APPLICABLE EXEMPT FROM CAS,N,TRANSACTION DOES NOT USE GFE/GFP,U,UNKNOWN,D,NOT CONSOLIDATED,Y,YES - SERVICE WHERE PBA IS USED.,N,NO,Z,NOT APPLICABLE,N,NO,X,NOT APPLICABLE,f,f,f,f,f,f,f,f,f,f,f,f,f,f,f,f,f,f,f,SMALL BUSINESS,S,f,f,f,f,f,f,f,f,f,f,f,f,f,f,f,f,f,CORPORATE NOT TAX EXEMPT,t,f,f,f,f,f,f,f,f,f,f,f,f,f,f,f,f,t,f,f,f,f,f,f,f,t,f,f,t,f,f,f,f,f,f,f,f,f,f,f,f,f,f,f,f,f,f,f,f,f,,,,,,,,,,,https://www.usaspending.gov/award/CONT_AWD_W912HQ22C0019_9700_-NONE-_-NONE-/,2023-07-13 16:54:17+00
CONT_AWD_W912HQ22C0070_9700_-NONE-_-NONE-,W912HQ22C0070,,,,Q: Not Designated Nonemergency/Emergency/Disaster/Wildfire Suppression,,,,,463715.00,0.00,463715.00,463715.00,2022-08-15,2022,2023-07-14,2023,2022-08-15,2026-08-15,2026-08-15 00:00:00,,2021-01-07,097,Department of Defense,2100,Department of the Army,W912HQ,W4LD USA HECSA,097,Department of Defense,2100,Department of the Army,W74RDV,W0JV HQ USACE MIL PROGRAMS,097-2022/2023-0400-000,097-0400,25.5: Research and development contracts,009S: MISCELLANEOUS,X,NOT APPLICABLE,,,J8M1UGKAFL69,,GSI ENVIRONMENTAL INC.,GSI ENVIRONMENTAL INC.,,0X4P1,J8M1UGKAFL69,,GSI ENVIRONMENTAL INC.,GSI ENVIRONMENTAL INC.,USA,UNITED STATES,2211 NORFOLK STE 1000,,HOUSTON,48201,HARRIS,48,TX,TEXAS,770984054,TX-07,TX-02,5123464474,5123464476,USA,UNITED STATES,HOUSTON,48201,HARRIS,48,TX,TEXAS,770984037,TX-07,TX-02,AWARD,D,DEFINITIVE CONTRACT,,,,,,,U,COST PLUS FIXED FEE,ER22-7422   GSI ENVIRONMENTAL. TITLE BUILDING THE NEXT GENERATION LONG-TERM MONITORING OPTIMIZATION TOOLBOX REVITALIZING THE MAROS PLATFORM ON THE WEB,W912HQ21S0003,1,OT,OTHER FUNCTIONS,AH51,NATURAL RESOURCES AND ENVIRONMENT R&D SERVICES; OTHER NATURAL RESOURCES; BASIC RESEARCH,H,NOT BUNDLED,S1,SERVICES,541714,RESEARCH AND DEVELOPMENT IN BIOTECHNOLOGY (EXCEPT NANOBIOTECHNOLOGY),D,ENERGY EFFICIENT,A,U.S. OWNED BUSINESS,000,NONE,Z,NOT IT PRODUCTS OR SERVICES,E,NOT REQUIRED,USA,UNITED STATES,C,NOT A MANUFACTURED END PRODUCT,B,PLAN NOT REQUIRED,A,FULL AND OPEN COMPETITION,NP,NEGOTIATED PROPOSAL/QUOTE,NONE,NO SET ASIDE USED.,NONE,NO PREFERENCE USED,,,,,,,60,D,COMMERCIAL PRODUCTS/SERVICES PROCEDURES NOT USED,f,N,NO,N,NO,X,NOT APPLICABLE,N,NO,0.00,N,NO,X,NOT APPLICABLE,X,NOT APPLICABLE,X,NOT APPLICABLE,X,NOT APPLICABLE,,,,,,,,NONE,NONE,N,NO,X,NOT APPLICABLE EXEMPT FROM CAS,N,TRANSACTION DOES NOT USE GFE/GFP,U,UNKNOWN,D,NOT CONSOLIDATED,Y,YES - SERVICE WHERE PBA IS USED.,N,NO,Z,NOT APPLICABLE,N,NO,X,NOT APPLICABLE,f,f,f,f,f,f,f,f,f,f,f,f,f,f,f,f,f,f,f,SMALL BUSINESS,S,f,f,f,f,f,f,f,f,f,f,f,f,f,f,f,f,f,CORPORATE NOT TAX EXEMPT,t,f,f,f,f,f,f,f,f,f,f,f,f,f,f,f,f,t,f,f,f,f,f,f,f,t,f,f,t,f,f,f,f,f,f,f,f,f,f,f,f,f,f,f,f,f,f,f,f,f,,,,,,,,,,,https://www.usaspending.gov/award/CONT_AWD_W912HQ22C0070_9700_-NONE-_-NONE-/,2023-07-14 08:18:58+00
CONT_AWD_W912HQ22C0076_9700_-NONE-_-NONE-,W912HQ22C0076,,,,Q: Not Designated Nonemergency/Emergency/Disaster/Wildfire Suppression,,,,,617596.00,0.00,617596.00,617596.00,2022-09-24,2022,2023-07-13,2023,2022-09-23,2026-09-01,2026-09-01 00:00:00,,2021-01-07,097,Department of Defense,2100,Department of the Army,W912HQ,W4LD USA HECSA,097,Department of Defense,2100,Department of the Army,W74RDV,W0JV HQ USACE MIL PROGRAMS,021-2023/2027-2050-000;097-2022/2023-0400-000,021-2050;097-0400,25.1: Advisory and assistance services;25.5: Research and development contracts,009S: MISCELLANEOUS;0801: REIMBURSABLE,X,NOT APPLICABLE,,,JW2NGMP4NMA3,,TRUSTEES OF THE COLORADO SCHOOL OF MINES,TRUSTEES OF THE COLORADO SCHOOL OF MINES,,4B476,JW2NGMP4NMA3,,TRUSTEES OF THE COLORADO SCHOOL OF MINES,TRUSTEES OF THE COLORADO SCHOOL OF MINES,USA,UNITED STATES,1500 ILLINOIS ST,,GOLDEN,08059,JEFFERSON,08,CO,COLORADO,804011887,CO-07,CO-07,3033842589,3033842173,USA,UNITED STATES,GOLDEN,08059,JEFFERSON,08,CO,COLORADO,804012370,CO-07,CO-07,AWARD,D,DEFINITIVE CONTRACT,,,,,,,S,COST NO FEE,ESTCP PROJECT ER22-7482,W912HQ21S0003,1,OT,OTHER FUNCTIONS,AH15,NATURAL RESOURCES & ENVIRONMENT R&D SVCS; WATER RESOURCES; R&D FACILITIES & MAJ EQUIP,H,NOT BUNDLED,S1,SERVICES,541715,"RESEARCH AND DEVELOPMENT IN THE PHYSICAL, ENGINEERING, AND LIFE SCIENCES (EXCEPT NANOTECHNOLOGY AND BIOTECHNOLOGY)",C,NO CLAUSES INCLUDED AND NO SUSTAINABILITY INCLUDED,A,U.S. OWNED BUSINESS,000,NONE,Z,NOT IT PRODUCTS OR SERVICES,E,NOT REQUIRED,USA,UNITED STATES,C,NOT A MANUFACTURED END PRODUCT,B,PLAN NOT REQUIRED,A,FULL AND OPEN COMPETITION,BR,BASIC RESEARCH,NONE,NO SET ASIDE USED.,NONE,NO PREFERENCE USED,,,,,,,36,D,COMMERCIAL PRODUCTS/SERVICES PROCEDURES NOT USED,f,N,NO,N,NO,Y,YES,N,NO,0.00,N,NO,X,NOT APPLICABLE,X,NOT APPLICABLE,X,NOT APPLICABLE,X,NOT APPLICABLE,,,,,,,,NONE,NONE,N,NO,X,NOT APPLICABLE EXEMPT FROM CAS,N,TRANSACTION DOES NOT USE GFE/GFP,U,UNKNOWN,D,NOT CONSOLIDATED,N,NO - SERVICE WHERE PBA IS NOT USED.,N,NO,Z,NOT APPLICABLE,N,NO,X,NOT APPLICABLE,f,f,f,f,f,f,f,f,f,f,f,f,f,f,f,f,f,f,f,OTHER THAN SMALL BUSINESS,O,f,f,f,f,f,f,f,f,f,f,f,f,f,f,f,f,f,OTHER,f,f,f,f,f,f,f,f,f,t,f,f,f,f,f,f,f,t,f,f,f,f,f,f,f,f,f,f,f,f,t,f,f,t,f,f,f,f,f,f,f,f,f,f,f,f,f,f,f,f,,,,,,,,,,,https://www.usaspending.gov/award/CONT_AWD_W912HQ22C0076_9700_-NONE-_-NONE-/,2023-07-13 16:13:04+00
CONT_AWD_W912L921C0006_9700_-NONE-_-NONE-,W912L921C0006,,,,Q: Not Designated Nonemergency/Emergency/Disaster/Wildfire Suppression,,,,,1497811.68,73239.81,1497811.68,1497811.68,2021-08-19,2021,2023-07-05,2023,2021-08-19,2024-08-19,2024-08-19 00:00:00,,2021-06-10,097,Department of Defense,2100,Department of the Army,W912L9,W7M7 USPFO ACTIVITY IN ARNG,097,Department of Defense,2100,Department of the Army,W56PEF,"W8AV INARNG ELEMENT, JFHQ",021-2022/2022-2065-000;021-2023/2023-2065-000,021-2065,12.1: Civilian personnel benefits,0004: ADMINISTRATION AND SERVICE-WIDE ACTIVITIES,X,NOT APPLICABLE,,,MTVGCLUCNJV9,,VERGENCE LLC,VERGENCE LLC,,6QRF8,MTVGCLUCNJV9,,VERGENCE LLC,VERGENCE LLC,USA,UNITED STATES,5670 CAITO DR STE 130,,INDIANAPOLIS,18097,MARION,18,IN,INDIANA,462261398,IN-07,IN-07,3175474417,,USA,UNITED STATES,EDINBURGH,18081,JOHNSON,18,IN,INDIANA,461241024,IN-06,IN-06,AWARD,D,DEFINITIVE CONTRACT,,,,,,,J,FIRM FIXED PRICE,"NON CLINICALCASE MANAGER - THE INDIANA ARMY NATIONAL GUARD HAS A REQUIREMENT TO ENSURE MEDICAL READINESS FOR 11,500 SERVICE MEMBERS BY PROVIDING SERVICES DIRECTLY PROMOTING COMPREHENSIVE MEDICAL READINESS, ENSURING GLOBAL DEPLOYABILITY.",W912L921R0016,1,OT,OTHER FUNCTIONS,Q201,MEDICAL- GENERAL HEALTH CARE,H,NOT BUNDLED,S1,SERVICES,621112,"OFFICES OF PHYSICIANS, MENTAL HEALTH SPECIALISTS",C,NO CLAUSES INCLUDED AND NO SUSTAINABILITY INCLUDED,A,U.S. OWNED BUSINESS,000,NONE,Z,NOT IT PRODUCTS OR SERVICES,E,NOT REQUIRED,USA,UNITED STATES,C,NOT A MANUFACTURED END PRODUCT,B,PLAN NOT REQUIRED,G,NOT COMPETED UNDER SAP,SP1,SIMPLIFIED ACQUISITION,8AN,8(A) SOLE SOURCE,NONE,NO PREFERENCE USED,,,,,OTH,AUTHORIZED BY STATUTE (FAR 6.302-5(A)(2)(I)),1,A,COMMERCIAL PRODUCTS/SERVICES,f,N,NO,N,NO,X,NOT APPLICABLE,N,NO,0.00,N,NO,X,NOT APPLICABLE,Y,YES,X,NOT APPLICABLE,X,NOT APPLICABLE,,,,,,,,NONE,NONE,N,NO,X,NOT APPLICABLE EXEMPT FROM CAS,Y,TRANSACTION USES GFE/GFP,U,UNKNOWN,D,NOT CONSOLIDATED,Y,YES - SERVICE WHERE PBA IS USED.,N,NO,Z,NOT APPLICABLE,N,NO,X,NOT APPLICABLE,f,f,f,f,f,f,f,f,f,f,f,f,t,f,f,f,t,f,f,SMALL BUSINESS,S,f,f,f,f,f,f,f,f,f,f,f,f,f,f,f,f,f,PARTNERSHIP,f,f,t,f,f,f,f,f,f,f,f,f,f,f,f,f,f,t,f,f,f,f,f,f,f,f,t,f,t,f,f,f,f,f,f,f,f,f,f,f,f,f,f,f,f,t,f,t,f,f,,,,,,,,,,,https://www.usaspending.gov/award/CONT_AWD_W912L921C0006_9700_-NONE-_-NONE-/,2023-07-05 14:33:54+00
CONT_AWD_W912LM22C0004_9700_-NONE-_-NONE-,W912LM22C0004,,,,Q: Not Designated Nonemergency/Emergency/Disaster/Wildfire Suppression,,,,,242500.00,242500.00,242500.00,242500.00,2022-09-22,2022,2023-07-11,2023,2022-11-01,2023-09-29,2023-09-29 00:00:00,,2022-08-02,097,Department of Defense,2100,Department of the Army,W912LM,W7NG USPFO ACTIVITY MN ARNG,097,Department of Defense,5700,Department of the Air Force,F6P8CE,148 FW CES,057-2022/2022-3840-000,057-3840,32.0: Land and structures,0001: OPERATING FORCES,X,NOT APPLICABLE,,,X63BAU9946P7,,"ELEVATION COATING, LLC",ELEVATION COATING LLC,,8E5J1,X63BAU9946P7,,"ELEVATION COATING, LLC",ELEVATION COATING LLC,USA,UNITED STATES,7391 43RD AVE SE,,SAINT CLOUD,27141,SHERBURNE,27,MN,MINNESOTA,563048530,MN-06,MN-06,7637422067,,USA,UNITED STATES,DULUTH,27137,SAINT LOUIS,27,MN,MINNESOTA,558116036,MN-08,MN-08,AWARD,D,DEFINITIVE CONTRACT,,,,,,,J,FIRM FIXED PRICE,PAINT REMOVAL & REPAINTING THE INSIDE OF B500,W912LM22R1007,1,OT,OTHER FUNCTIONS,Y1EB,CONSTRUCTION OF MAINTENANCE BUILDINGS,H,NOT BUNDLED,C2,CONSTRUCTION,236220,COMMERCIAL AND INSTITUTIONAL BUILDING CONSTRUCTION,C,NO CLAUSES INCLUDED AND NO SUSTAINABILITY INCLUDED,A,U.S. OWNED BUSINESS,000,NONE,Z,NOT IT PRODUCTS OR SERVICES,E,NOT REQUIRED,USA,UNITED STATES,C,NOT A MANUFACTURED END PRODUCT,B,PLAN NOT REQUIRED,D,FULL AND OPEN COMPETITION AFTER EXCLUSION OF SOURCES,NP,NEGOTIATED PROPOSAL/QUOTE,SBA,SMALL BUSINESS SET ASIDE - TOTAL,NONE,NO PREFERENCE USED,,,,,,,2,D,COMMERCIAL PRODUCTS/SERVICES PROCEDURES NOT USED,f,N,NO,N,NO,Y,YES,N,NO,0.00,N,NO,N,NO,Y,YES,Y,YES,X,NOT APPLICABLE,,,,,,,,NONE,NONE,N,NO,N,NO - CAS WAIVER APPROVED,N,TRANSACTION DOES NOT USE GFE/GFP,U,UNKNOWN,D,NOT CONSOLIDATED,N,NO - SERVICE WHERE PBA IS NOT USED.,N,NO,Z,NOT APPLICABLE,N,NO,X,NOT APPLICABLE,f,f,f,f,f,t,t,f,f,f,f,f,f,f,f,f,f,f,f,SMALL BUSINESS,S,f,f,f,f,f,f,f,f,f,f,f,f,f,f,f,f,f,CORPORATE NOT TAX EXEMPT,t,f,f,f,f,f,f,f,f,f,f,f,f,f,f,f,f,t,f,f,f,f,f,f,f,f,t,f,t,f,f,f,f,f,f,f,f,f,f,f,f,f,f,f,f,t,f,f,f,f,,,,,,,,,,,https://www.usaspending.gov/award/CONT_AWD_W912LM22C0004_9700_-NONE-_-NONE-/,2024-09-27 11:04:22+00
CONT_AWD_W912NR23C0005_9700_-NONE-_-NONE-,W912NR23C0005,,,,Q: Not Designated Nonemergency/Emergency/Disaster/Wildfire Suppression,,,,,306330.00,0.00,306330.00,306330.00,2023-07-14,2023,2023-07-14,2023,2023-07-13,2023-11-15,2023-11-15 00:00:00,,2023-06-30,097,Department of Defense,2100,Department of the Army,W912NR,W7NB USPFO ACTIVITY LA ARNG,097,Department of Defense,2100,Department of the Army,W81GRJ,W8US LA ARNG CSMS 1,021-2023/2023-2065-000,021-2065,26.0: Supplies and materials,0004: ADMINISTRATION AND SERVICE-WIDE ACTIVITIES,B,FOREIGN FUNDS NON-FMS,,,ML2YNFKLFGW3,,"MTP DRIVETRAIN SERVICES, L.L.C.","MTP DRIVETRAIN SERVICES, L.L.C.",,3WXD8,HGPNJKUQH5K7,,JOE GEAR HOLDINGS  L.L.C.,MTP DRIVETRAIN SERVICES  L.L.C.,USA,UNITED STATES,205 MCDONALD DR,,MANY,22085,SABINE,22,LA,LOUISIANA,714493823,LA-04,LA-04,3182562083,3182563526,USA,UNITED STATES,MANY,22085,SABINE,22,LA,LOUISIANA,714493823,LA-04,LA-04,AWARD,D,DEFINITIVE CONTRACT,,,,,,,J,FIRM FIXED PRICE,"(10) ENGINES 6.5 TURBO , ENGINES-NON-TURBO, TRANSMISSION TURBO AND TRANSMISSION NON-TURBO.",W912NR23Q0003,1,,,2895,MISCELLANEOUS ENGINES AND COMPONENTS,H,NOT BUNDLED,,,336350,MOTOR VEHICLE TRANSMISSION AND POWER TRAIN PARTS MANUFACTURING,C,NO CLAUSES INCLUDED AND NO SUSTAINABILITY INCLUDED,A,U.S. OWNED BUSINESS,000,NONE,Z,NOT IT PRODUCTS OR SERVICES,A,MEETS REQUIREMENTS,USA,UNITED STATES,D,MFG IN U.S.,B,PLAN NOT REQUIRED,D,FULL AND OPEN COMPETITION AFTER EXCLUSION OF SOURCES,NP,NEGOTIATED PROPOSAL/QUOTE,HZC,HUBZONE SET-ASIDE,NONE,NO PREFERENCE USED,,,,,,,3,A,COMMERCIAL PRODUCTS/SERVICES,f,N,NO,,,Y,YES,N,NO,0.00,N,NO,N,NO,N,NO,X,NOT APPLICABLE,X,NOT APPLICABLE,,,,,,,,NONE,NONE,N,NO,X,NOT APPLICABLE EXEMPT FROM CAS,N,TRANSACTION DOES NOT USE GFE/GFP,,,D,NOT CONSOLIDATED,X,NOT APPLICABLE,N,NO,Z,NOT APPLICABLE,N,NO,X,NOT APPLICABLE,f,f,f,f,f,f,f,f,f,f,f,f,f,f,f,f,f,f,f,SMALL BUSINESS,S,f,f,f,f,f,f,f,f,f,f,f,f,f,f,f,f,f,PARTNERSHIP,f,f,t,f,f,f,f,f,f,f,f,f,f,f,f,f,f,t,f,f,f,f,f,f,f,f,f,f,t,f,f,f,f,f,f,f,f,f,f,f,f,f,f,f,f,f,f,f,t,f,,,,,,,,,,,https://www.usaspending.gov/award/CONT_AWD_W912NR23C0005_9700_-NONE-_-NONE-/,2024-09-27 11:04:22+00
CONT_AWD_W912P423C0013_9700_-NONE-_-NONE-,W912P423C0013,,,,Q: Not Designated Nonemergency/Emergency/Disaster/Wildfire Suppression,,,,,123200.00,122800.00,123200.00,238437.14,2023-06-08,2023,2023-07-05,2023,2023-06-14,2023-11-07,2023-11-07 00:00:00,,,097,Department of Defense,2100,Department of the Army,W912P4,W072 ENDIST BUFFALO,096,Corps of Engineers - Civil Works,96CE,U.S. Army Corps of Engineers - Civil Program Financing Only,960102,ARMY CORPS OF ENGINEERS CIVIL WORKS,096-X-4902-000,096-4902,25.4: Operation and maintenance of facilities,0803: INTRA-CORPS,X,NOT APPLICABLE,,,NNMLW4MA4SN7,,R. L. HUESTON & SAF JV LLC,R. L. HUESTON & SAF JV LLC,,8AK89,NNMLW4MA4SN7,,R. L. HUESTON & SAF JV LLC,R. L. HUESTON & SAF JV LLC,USA,UNITED STATES,228 S CRISSEY RD,,HOLLAND,39095,LUCAS,39,OH,OHIO,435288957,OH-05,OH-09,4192437396,,USA,UNITED STATES,BUFFALO,36029,ERIE,36,NY,NEW YORK,142073199,NY-26,NY-26,AWARD,D,DEFINITIVE CONTRACT,,,,,,,J,FIRM FIXED PRICE,FURNISH AND INSTALL 240/480V 150KVA TRAN,W912P423R0021,1,OT,OTHER FUNCTIONS,Z2PZ,REPAIR OR ALTERATION OF OTHER NON-BUILDING FACILITIES,H,NOT BUNDLED,,,237990,OTHER HEAVY AND CIVIL ENGINEERING CONSTRUCTION,C,NO CLAUSES INCLUDED AND NO SUSTAINABILITY INCLUDED,A,U.S. OWNED BUSINESS,000,NONE,Z,NOT IT PRODUCTS OR SERVICES,E,NOT REQUIRED,USA,UNITED STATES,C,NOT A MANUFACTURED END PRODUCT,B,PLAN NOT REQUIRED,C,NOT COMPETED,SSS,ONLY ONE SOURCE,NONE,NO SET ASIDE USED.,NONE,NO PREFERENCE USED,,,,,ONE,ONLY ONE SOURCE-OTHER (FAR 6.302-1 OTHER),1,D,COMMERCIAL PRODUCTS/SERVICES PROCEDURES NOT USED,f,N,NO,,,Y,YES,N,NO,0.00,N,NO,N,NO,X,NOT APPLICABLE,Y,YES,X,NOT APPLICABLE,,,,,,,,NONE,NONE,N,NO,X,NOT APPLICABLE EXEMPT FROM CAS,N,TRANSACTION DOES NOT USE GFE/GFP,,,D,NOT CONSOLIDATED,Y,YES - SERVICE WHERE PBA IS USED.,N,NO,Z,NOT APPLICABLE,N,NO,X,NOT APPLICABLE,f,f,f,f,f,f,f,f,f,f,f,f,t,f,f,t,f,f,f,SMALL BUSINESS,S,f,f,f,f,f,f,f,f,f,f,f,f,f,f,f,f,f,CORPORATE NOT TAX EXEMPT,t,f,f,f,f,f,f,f,f,f,f,f,f,f,f,f,f,t,f,f,f,f,f,f,f,f,t,f,t,f,f,f,f,f,f,f,f,f,f,f,f,f,f,f,f,t,f,f,f,f,,,,,,,,,,,https://www.usaspending.gov/award/CONT_AWD_W912P423C0013_9700_-NONE-_-NONE-/,2023-07-05 13:29:00+00
CONT_AWD_W912P522C0002_9700_-NONE-_-NONE-,W912P522C0002,,,,Q: Not Designated Nonemergency/Emergency/Disaster/Wildfire Suppression,,,,,226381.00,150399.50,226381.00,258381.00,2022-03-30,2022,2023-07-13,2023,2022-04-11,2022-12-16,2022-12-16 00:00:00,,,097,Department of Defense,2100,Department of the Army,W912P5,W072 ENDIST NASHVILLE,097,Department of Defense,2100,Department of the Army,W38XDD,W2SM ENDIST NASHVILLE CW,096-X-4902-000,096-4902,25.2: Other services from non-Federal sources;25.4: Operation and maintenance of facilities,0803: INTRA-CORPS,X,NOT APPLICABLE,,,P1JLNNA46KP3,,MICHAEL MELTON CONTRACTING LLC,"MELTON, MICHAEL C",,7UPZ9,P1JLNNA46KP3,,MICHAEL MELTON CONTRACTING LLC,MELTON  MICHAEL C,USA,UNITED STATES,112 CONCORD,,COLUMBIA,47119,MAURY,47,TN,TENNESSEE,384017200,TN-04,TN-05,6158910637,,USA,UNITED STATES,NASHVILLE,47037,DAVIDSON,47,TN,TENNESSEE,372142660,TN-06,TN-05,AWARD,D,DEFINITIVE CONTRACT,,,,,,,J,FIRM FIXED PRICE,JPP SURVEY TRAILER UTILITY HOOKUP,W912P522Q0012,1,OT,OTHER FUNCTIONS,Z2NZ,REPAIR OR ALTERATION OF OTHER UTILITIES,H,NOT BUNDLED,C9E,ALL OTHERS NOT IDENTIFIABLE TO ANY OTHER PROCUREMENT PROGRAM,237110,WATER AND SEWER LINE AND RELATED STRUCTURES CONSTRUCTION,C,NO CLAUSES INCLUDED AND NO SUSTAINABILITY INCLUDED,A,U.S. OWNED BUSINESS,000,NONE,Z,NOT IT PRODUCTS OR SERVICES,E,NOT REQUIRED,USA,UNITED STATES,C,NOT A MANUFACTURED END PRODUCT,B,PLAN NOT REQUIRED,F,COMPETED UNDER SAP,SP1,SIMPLIFIED ACQUISITION,SBA,SMALL BUSINESS SET ASIDE - TOTAL,NONE,NO PREFERENCE USED,,,,,,,6,D,COMMERCIAL PRODUCTS/SERVICES PROCEDURES NOT USED,f,N,NO,N,NO,Y,YES,N,NO,0.00,N,NO,X,NOT APPLICABLE,X,NOT APPLICABLE,Y,YES,X,NOT APPLICABLE,,,,,,,,NONE,NONE,N,NO,X,NOT APPLICABLE EXEMPT FROM CAS,N,TRANSACTION DOES NOT USE GFE/GFP,U,UNKNOWN,D,NOT CONSOLIDATED,Y,YES - SERVICE WHERE PBA IS USED.,N,NO,Z,NOT APPLICABLE,N,NO,X,NOT APPLICABLE,f,f,f,f,f,f,f,f,f,f,f,f,f,f,f,f,f,f,f,SMALL BUSINESS,S,f,f,f,f,f,f,f,f,f,f,f,f,f,f,f,f,f,SOLE PROPRIETORSHIP,f,f,f,t,f,f,f,f,f,f,f,f,f,f,f,f,f,t,f,f,f,f,f,f,f,f,f,f,t,f,f,f,f,f,f,f,f,f,f,f,f,f,f,f,f,f,f,f,f,f,,,,,,,,,,,https://www.usaspending.gov/award/CONT_AWD_W912P522C0002_9700_-NONE-_-NONE-/,2025-07-23 14:12:34+00
CONT_AWD_W912P720C0011_9700_-NONE-_-NONE-,W912P720C0011,,,,N: Emergency P.L. 116-136;Q: Not Designated Nonemergency/Emergency/Disaster/Wildfire Suppression,0,1723010.56,,,914653.77,0.00,914653.77,914653.77,2020-07-30,2020,2023-07-03,2023,2020-07-30,2022-07-31,2022-07-31 00:00:00,,2020-06-26,097,Department of Defense,2100,Department of the Army,W912P7,W075 ENDIST SAN FRAN,096,Corps of Engineers - Civil Works,96CE,U.S. Army Corps of Engineers - Civil Program Financing Only,960102,ARMY CORPS OF ENGINEERS CIVIL WORKS,021-2020/2020-2020-000;021-2021/2021-2020-000,021-2020,32.0: Land and structures,0001: OPERATING FORCES;0004: ADMINISTRATION AND SERVICE-WIDE ACTIVITIES;0004: ADMINISTRATION & SERVICEWIDE ACTIVITIES;OPTN: FIELD IS OPTIONAL PRIOR TO FY21,X,NOT APPLICABLE,,,RJFQNDLJR1X8,,MANAGEMENT SOLUTIONS-ACCURA JV LLC,MANAGEMENT SOLUTIONS/ACCURA JV LLC,,8M8W6,RJFQNDLJR1X8,,MANAGEMENT SOLUTIONS-ACCURA JV LLC,MANAGEMENT SOLUTIONS/ACCURA JV LLC,USA,UNITED STATES,2202 AWARD WINNING WAY STE 201,,KNOXVILLE,47093,KNOX,47,TN,TENNESSEE,379321992,TN-02,TN-02,8659630400,8659630400,USA,UNITED STATES,PIMA,04009,GRAHAM,04,AZ,ARIZONA,855430003,AZ-06,AZ-06,AWARD,D,DEFINITIVE CONTRACT,,,,,,,J,FIRM FIXED PRICE,QAR FOR TUCSON PACKAGE 3,,1,CL,CLOSELY ASSOCIATED,R425,SUPPORT- PROFESSIONAL: ENGINEERING/TECHNICAL,H,NOT BUNDLED,S1,SERVICES,541990,"ALL OTHER PROFESSIONAL, SCIENTIFIC, AND TECHNICAL SERVICES",C,NO CLAUSES INCLUDED AND NO SUSTAINABILITY INCLUDED,A,U.S. OWNED BUSINESS,000,NONE,Z,NOT IT PRODUCTS OR SERVICES,E,NOT REQUIRED,USA,UNITED STATES,C,NOT A MANUFACTURED END PRODUCT,B,PLAN NOT REQUIRED,B,NOT AVAILABLE FOR COMPETITION,SSS,ONLY ONE SOURCE,8AN,8(A) SOLE SOURCE,NONE,NO PREFERENCE USED,,,,,OTH,AUTHORIZED BY STATUTE (FAR 6.302-5(A)(2)(I)),1,A,COMMERCIAL PRODUCTS/SERVICES,f,N,NO,N,NO,X,NOT APPLICABLE,N,NO,0.00,N,NO,X,NOT APPLICABLE,Y,YES,N,NO,X,NOT APPLICABLE,,,,,,,,NONE,NONE,N,NO,Y,YES - CAS CLAUSE INCLUDED,N,TRANSACTION DOES NOT USE GFE/GFP,N,NO,D,NOT CONSOLIDATED,Y,YES - SERVICE WHERE PBA IS USED.,N,NO,Z,NOT APPLICABLE,N,NO,X,NOT APPLICABLE,f,f,f,f,f,f,f,f,f,f,t,t,f,f,f,f,f,f,f,SMALL BUSINESS,S,f,f,f,f,f,f,f,f,f,f,f,f,f,f,f,f,f,PARTNERSHIP,f,f,t,f,f,f,f,f,f,f,f,f,f,f,f,f,f,t,f,f,f,f,f,f,f,f,t,f,t,f,f,f,f,f,f,f,f,f,f,f,f,f,f,f,f,t,f,f,f,t,,,,,,,,,,,https://www.usaspending.gov/award/CONT_AWD_W912P720C0011_9700_-NONE-_-NONE-/,2025-04-22 16:50:17+00
CONT_AWD_W912P720C0012_9700_-NONE-_-NONE-,W912P720C0012,,,,Q: Not Designated Nonemergency/Emergency/Disaster/Wildfire Suppression,,,,,994101.43,0.00,994101.43,994101.43,2020-07-27,2020,2023-07-10,2023,2020-08-07,2023-07-10,2023-07-10 00:00:00,,2020-06-13,097,Department of Defense,2100,Department of the Army,W912P7,W075 ENDIST SAN FRAN,096,Corps of Engineers - Civil Works,96CE,U.S. Army Corps of Engineers - Civil Program Financing Only,960102,ARMY CORPS OF ENGINEERS CIVIL WORKS,096-X-3123-000,096-3123,32.0: Land and structures,0001: COMMERCIAL NAVIGATION;OPTN: FIELD IS OPTIONAL PRIOR TO FY21,X,NOT APPLICABLE,,,WHNNMZEVE3S7,,"CAMENZIND DREDGING, INC.","CAMENZIND DREDGING, INC.",,0SAK2,WHNNMZEVE3S7,,"CAMENZIND DREDGING, INC.",CAMENZIND DREDGING  INC.,USA,UNITED STATES,792 MONTROSE AVE,,PALO ALTO,06085,SANTA CLARA,06,CA,CALIFORNIA,943034720,CA-18,CA-16,7076482378,7076428021,USA,UNITED STATES,CRESCENT CITY,06015,DEL NORTE,06,CA,CALIFORNIA,955310001,CA-02,CA-02,AWARD,D,DEFINITIVE CONTRACT,,,,,,,J,FIRM FIXED PRICE,CRESCENT CITY FY20 O&M DREDGING,W912P720B0011,1,OT,OTHER FUNCTIONS,Z1KF,MAINTENANCE OF DREDGING FACILITIES,H,NOT BUNDLED,C2,CONSTRUCTION,237990,OTHER HEAVY AND CIVIL ENGINEERING CONSTRUCTION,B,FAR 52.223-4 AND FAR 52.223-9 INCLUDED,A,U.S. OWNED BUSINESS,000,NONE,Z,NOT IT PRODUCTS OR SERVICES,A,MEETS REQUIREMENTS,USA,UNITED STATES,C,NOT A MANUFACTURED END PRODUCT,B,PLAN NOT REQUIRED,D,FULL AND OPEN COMPETITION AFTER EXCLUSION OF SOURCES,SB,SEALED BID,SBA,SMALL BUSINESS SET ASIDE - TOTAL,NONE,NO PREFERENCE USED,,,,,,,3,D,COMMERCIAL PRODUCTS/SERVICES PROCEDURES NOT USED,f,N,NO,N,NO,X,NOT APPLICABLE,N,NO,0.00,N,NO,X,NOT APPLICABLE,X,NOT APPLICABLE,Y,YES,X,NOT APPLICABLE,,,,,,,,NONE,NONE,N,NO,X,NOT APPLICABLE EXEMPT FROM CAS,N,TRANSACTION DOES NOT USE GFE/GFP,U,UNKNOWN,D,NOT CONSOLIDATED,Y,YES - SERVICE WHERE PBA IS USED.,N,NO,Z,NOT APPLICABLE,N,NO,X,NOT APPLICABLE,f,f,f,f,f,f,f,f,f,f,f,f,f,f,f,f,f,f,f,SMALL BUSINESS,S,f,f,f,f,f,f,f,f,f,f,f,f,f,f,f,f,f,CORPORATE NOT TAX EXEMPT,t,f,f,f,f,f,f,f,f,f,f,f,f,f,f,f,f,t,f,f,f,f,f,f,f,f,f,f,t,f,f,f,f,f,f,f,f,f,f,f,f,f,f,f,f,f,f,f,f,f,,,,,,,,,,,https://www.usaspending.gov/award/CONT_AWD_W912P720C0012_9700_-NONE-_-NONE-/,2023-07-10 19:35:32+00
CONT_AWD_W912P722C0011_9700_-NONE-_-NONE-,W912P722C0011,,,,Q: Not Designated Nonemergency/Emergency/Disaster/Wildfire Suppression,,,,,15043401.50,3253447.14,15043401.50,15043401.50,2022-07-14,2022,2023-07-10,2023,2022-07-20,2023-07-10,2023-07-10 00:00:00,,2022-05-27,097,Department of Defense,2100,Department of the Army,W912P7,W075 ENDIST SAN FRAN,096,Corps of Engineers - Civil Works,96CE,U.S. Army Corps of Engineers - Civil Program Financing Only,960102,ARMY CORPS OF ENGINEERS CIVIL WORKS,096-X-3123-000,096-3123,32.0: Land and structures,0001: COMMERCIAL NAVIGATION,X,NOT APPLICABLE,,,UJGKNVYG6UZ3,,MANSON CONSTRUCTION CO,MANSON CONSTRUCTION CO.,,0FCP9,ZJVJWMLGAZP5,,MANSON CONSTRUCTION CO.,MANSON CONSTRUCTION CO.,USA,UNITED STATES,5209 E MARGINAL WAY S,,SEATTLE,53033,KING,53,WA,WASHINGTON,981342409,WA-07,WA-07,2067620850,2067648595,USA,UNITED STATES,OAKLAND,06001,ALAMEDA,06,CA,CALIFORNIA,946011972,CA-12,CA-12,AWARD,D,DEFINITIVE CONTRACT,,,,,,,J,FIRM FIXED PRICE,DREDGING OAKLAND INNER HARBOR,W912P722B0007,1,OT,OTHER FUNCTIONS,Z1KF,MAINTENANCE OF DREDGING FACILITIES,H,NOT BUNDLED,S1,SERVICES,237990,OTHER HEAVY AND CIVIL ENGINEERING CONSTRUCTION,F,ENVIRONMENTALLY PREFERABLE,A,U.S. OWNED BUSINESS,000,NONE,Z,NOT IT PRODUCTS OR SERVICES,E,NOT REQUIRED,USA,UNITED STATES,C,NOT A MANUFACTURED END PRODUCT,F,INDIVIDUAL SUBCONTRACT PLAN,A,FULL AND OPEN COMPETITION,SB,SEALED BID,NONE,NO SET ASIDE USED.,NONE,NO PREFERENCE USED,,,,,,,2,D,COMMERCIAL PRODUCTS/SERVICES PROCEDURES NOT USED,f,N,NO,N,NO,Y,YES,N,NO,0.00,Y,YES,X,NOT APPLICABLE,X,NOT APPLICABLE,Y,YES,X,NOT APPLICABLE,,,,,,,,NONE,NONE,N,NO,X,NOT APPLICABLE EXEMPT FROM CAS,N,TRANSACTION DOES NOT USE GFE/GFP,U,UNKNOWN,D,NOT CONSOLIDATED,Y,YES - SERVICE WHERE PBA IS USED.,N,NO,Z,NOT APPLICABLE,N,NO,X,NOT APPLICABLE,f,f,f,f,f,f,f,f,f,f,f,f,f,f,f,f,f,f,f,OTHER THAN SMALL BUSINESS,O,f,f,f,f,f,f,f,f,f,f,f,f,f,f,f,f,f,CORPORATE NOT TAX EXEMPT,t,f,f,f,f,f,f,f,f,f,f,f,f,f,f,f,f,t,f,f,f,f,f,f,f,t,f,f,t,f,f,f,f,f,f,f,f,f,f,f,f,f,f,f,f,f,f,f,f,f,,,,,,,,,,,https://www.usaspending.gov/award/CONT_AWD_W912P722C0011_9700_-NONE-_-NONE-/,2023-07-10 19:02:01+00
CONT_AWD_W912P723C0010_9700_-NONE-_-NONE-,W912P723C0010,,,,Q: Not Designated Nonemergency/Emergency/Disaster/Wildfire Suppression,,,,,54395.82,0.00,54395.82,54395.82,2023-07-14,2023,2023-07-14,2023,2023-07-16,2024-07-16,2024-07-16 00:00:00,,2023-06-15,097,Department of Defense,2100,Department of the Army,W912P7,W075 ENDIST SAN FRAN,096,Corps of Engineers - Civil Works,96CE,U.S. Army Corps of Engineers - Civil Program Financing Only,960102,ARMY CORPS OF ENGINEERS CIVIL WORKS,096-X-3123-000,096-3123,32.0: Land and structures,0005: MULTIPURPOSE AND OTHER PROGRAMS,X,NOT APPLICABLE,,,HX63C5ZLMA18,,MIJA CONSTRUCTION SERVICES LLC,MIJA CONSTRUCTION SERVICES LLC,,97JN5,HX63C5ZLMA18,,MIJA CONSTRUCTION SERVICES LLC,MIJA CONSTRUCTION SERVICES LLC,USA,UNITED STATES,"1802 EASTMAN AVE, STE 110",,VENTURA,06111,VENTURA,06,CA,CALIFORNIA,930035759,CA-24,CA-24,8052171574,,USA,UNITED STATES,GEYSERVILLE,06097,SONOMA,06,CA,CALIFORNIA,954419465,CA-02,CA-02,AWARD,D,DEFINITIVE CONTRACT,,,,,,,J,FIRM FIXED PRICE,CONDUCT THE TESTING AND DIAGNOSTICS,W912P723R0014,1,OT,OTHER FUNCTIONS,J059,MAINT/REPAIR/REBUILD OF EQUIPMENT- ELECTRICAL AND ELECTRONIC EQUIPMENT COMPONENTS,H,NOT BUNDLED,,,238210,ELECTRICAL CONTRACTORS AND OTHER WIRING INSTALLATION CONTRACTORS,F,ENVIRONMENTALLY PREFERABLE,A,U.S. OWNED BUSINESS,000,NONE,Z,NOT IT PRODUCTS OR SERVICES,E,NOT REQUIRED,USA,UNITED STATES,C,NOT A MANUFACTURED END PRODUCT,B,PLAN NOT REQUIRED,C,NOT COMPETED,SSS,ONLY ONE SOURCE,NONE,NO SET ASIDE USED.,NONE,NO PREFERENCE USED,,,,,ONE,ONLY ONE SOURCE-OTHER (FAR 6.302-1 OTHER),1,D,COMMERCIAL PRODUCTS/SERVICES PROCEDURES NOT USED,f,N,NO,,,Y,YES,N,NO,0.00,N,NO,X,NOT APPLICABLE,X,NOT APPLICABLE,Y,YES,X,NOT APPLICABLE,,,,,,,,NONE,NONE,N,NO,X,NOT APPLICABLE EXEMPT FROM CAS,N,TRANSACTION DOES NOT USE GFE/GFP,,,D,NOT CONSOLIDATED,Y,YES - SERVICE WHERE PBA IS USED.,N,NO,Z,NOT APPLICABLE,N,NO,X,NOT APPLICABLE,f,f,f,f,f,f,f,t,t,t,t,t,t,f,f,f,t,f,f,SMALL BUSINESS,S,f,f,f,f,f,f,f,f,f,f,f,f,f,f,f,f,f,PARTNERSHIP,f,f,t,f,f,f,f,f,f,f,f,f,f,f,f,f,f,t,f,f,f,f,f,f,f,f,f,f,t,f,f,f,f,f,f,f,f,f,f,f,f,f,f,f,f,t,f,f,t,t,,,,,,,,,,,https://www.usaspending.gov/award/CONT_AWD_W912P723C0010_9700_-NONE-_-NONE-/,2025-04-16 12:57:33+00
CONT_AWD_W912P823C0004_9700_-NONE-_-NONE-,W912P823C0004,,,,X: Emergency P.L. 117-43,,,,,583867.58,0.00,583867.58,583867.58,2022-12-05,2023,2023-07-12,2023,2022-12-06,2023-02-12,2023-02-12 00:00:00,,2022-09-30,097,Department of Defense,2100,Department of the Army,W912P8,W07V ENDIST NEW ORLEANS,096,Corps of Engineers - Civil Works,96CE,U.S. Army Corps of Engineers - Civil Program Financing Only,960102,ARMY CORPS OF ENGINEERS CIVIL WORKS,096-X-3123-000,096-3123,32.0: Land and structures,0001: COMMERCIAL NAVIGATION,X,NOT APPLICABLE,,,ESTXCGSHP8W5,,"NEXT GENERATION LOGISTICS, LLC","NEXT GENERATION LOGISTICS, LLC",,7H2N9,ESTXCGSHP8W5,,"NEXT GENERATION LOGISTICS, LLC",NEXT GENERATION LOGISTICS  LLC,USA,UNITED STATES,6620 RIVERSIDE DR STE 103,,METAIRIE,22051,JEFFERSON,22,LA,LOUISIANA,700037107,LA-01,LA-01,5042513788,,USA,UNITED STATES,CHARENTON,22101,SAINT MARY,22,LA,LOUISIANA,705230002,LA-03,LA-03,AWARD,D,DEFINITIVE CONTRACT,,,,,,,J,FIRM FIXED PRICE,BAYOU TECH DREDGING OF E&W FLOODGATE APPROACH CHNL,W912P822B0061,1,OT,OTHER FUNCTIONS,Y1PZ,CONSTRUCTION OF OTHER NON-BUILDING FACILITIES,H,NOT BUNDLED,,,237990,OTHER HEAVY AND CIVIL ENGINEERING CONSTRUCTION,C,NO CLAUSES INCLUDED AND NO SUSTAINABILITY INCLUDED,A,U.S. OWNED BUSINESS,000,NONE,Z,NOT IT PRODUCTS OR SERVICES,E,NOT REQUIRED,USA,UNITED STATES,C,NOT A MANUFACTURED END PRODUCT,B,PLAN NOT REQUIRED,D,FULL AND OPEN COMPETITION AFTER EXCLUSION OF SOURCES,SB,SEALED BID,SBA,SMALL BUSINESS SET ASIDE - TOTAL,NONE,NO PREFERENCE USED,,,,,,,7,D,COMMERCIAL PRODUCTS/SERVICES PROCEDURES NOT USED,f,N,NO,,,Y,YES,N,NO,0.00,N,NO,X,NOT APPLICABLE,Y,YES,Y,YES,X,NOT APPLICABLE,,,,,,,,NONE,NONE,N,NO,X,NOT APPLICABLE EXEMPT FROM CAS,N,TRANSACTION DOES NOT USE GFE/GFP,U,UNKNOWN,D,NOT CONSOLIDATED,N,NO - SERVICE WHERE PBA IS NOT USED.,N,NO,Z,NOT APPLICABLE,N,NO,X,NOT APPLICABLE,f,f,f,f,f,f,f,f,f,f,f,f,t,f,f,t,f,f,f,SMALL BUSINESS,S,f,f,f,f,f,f,f,f,f,f,f,f,f,f,f,f,f,OTHER,f,f,f,f,f,f,f,f,f,f,f,f,f,f,f,f,f,t,f,f,f,f,f,f,f,f,t,f,t,f,f,f,f,f,f,f,f,f,f,f,f,f,f,f,t,t,f,t,f,f,,,,,,,,,,,https://www.usaspending.gov/award/CONT_AWD_W912P823C0004_9700_-NONE-_-NONE-/,2023-07-12 17:29:12+00
CONT_AWD_W912PM22C0009_9700_-NONE-_-NONE-,W912PM22C0009,,,,Q: Not Designated Nonemergency/Emergency/Disaster/Wildfire Suppression,,,,,6737794.60,0.00,6737794.60,6737794.60,2022-08-01,2022,2023-07-05,2023,2022-10-01,2023-06-30,2023-06-30 00:00:00,,2022-06-02,097,Department of Defense,2100,Department of the Army,W912PM,W074 ENDIST WILMINGTON,096,Corps of Engineers - Civil Works,96CE,U.S. Army Corps of Engineers - Civil Program Financing Only,960505,ARMY CORPS OF ENGINEERS CIVIL WORKS,021-2022/2026-2050-000,021-2050,32.0: Land and structures,0801: REIMBURSABLE,X,NOT APPLICABLE,,,M9LFLA6K8HE4,,"GREAT LAKES DREDGE & DOCK CO, LLC","GREAT LAKES DREDGE & DOCK COMPANY, LLC",,1BSU5,Y1TKNHJ8TK71,,GREAT LAKES DREDGE & DOCK CORPORATION,GREAT LAKES DREDGE & DOCK CORPORATION,USA,UNITED STATES,9811 KATY FWY STE 1200,,HOUSTON,48201,HARRIS,48,TX,TEXAS,770241273,TX-07,TX-38,6305743469,6305742909,USA,UNITED STATES,SOUTHPORT,37019,BRUNSWICK,37,NC,NORTH CAROLINA,284618281,NC-07,NC-07,AWARD,D,DEFINITIVE CONTRACT,,,,,,,J,FIRM FIXED PRICE,"MAINTENANCE DREDGING, MILITARY OCEAN TERMINAL, SUNNY POINT, BRUNSWICK COUNTY, NORTH CAROLINA",W912PM22B0017,1,OT,OTHER FUNCTIONS,Z1KF,MAINTENANCE OF DREDGING FACILITIES,H,NOT BUNDLED,C9E,ALL OTHERS NOT IDENTIFIABLE TO ANY OTHER PROCUREMENT PROGRAM,237990,OTHER HEAVY AND CIVIL ENGINEERING CONSTRUCTION,D,ENERGY EFFICIENT,A,U.S. OWNED BUSINESS,000,NONE,Z,NOT IT PRODUCTS OR SERVICES,E,NOT REQUIRED,USA,UNITED STATES,C,NOT A MANUFACTURED END PRODUCT,F,INDIVIDUAL SUBCONTRACT PLAN,A,FULL AND OPEN COMPETITION,SB,SEALED BID,NONE,NO SET ASIDE USED.,NONE,NO PREFERENCE USED,,,,,,,5,D,COMMERCIAL PRODUCTS/SERVICES PROCEDURES NOT USED,f,N,NO,N,NO,Y,YES,N,NO,0.00,N,NO,X,NOT APPLICABLE,X,NOT APPLICABLE,Y,YES,X,NOT APPLICABLE,,,,,,,,NONE,NONE,N,NO,X,NOT APPLICABLE EXEMPT FROM CAS,N,TRANSACTION DOES NOT USE GFE/GFP,U,UNKNOWN,D,NOT CONSOLIDATED,Y,YES - SERVICE WHERE PBA IS USED.,N,NO,A,FAR 52.232-16 PROGRESS PAYMENTS,N,NO,X,NOT APPLICABLE,f,f,f,f,f,f,f,f,f,f,f,f,f,f,f,f,f,f,f,OTHER THAN SMALL BUSINESS,O,f,f,f,f,f,f,f,f,f,f,f,f,f,f,f,f,f,CORPORATE NOT TAX EXEMPT,t,f,f,f,f,f,f,f,f,f,f,f,f,f,f,f,f,t,f,f,f,f,f,f,f,f,t,f,t,f,f,f,f,f,f,f,f,f,f,f,f,f,f,f,f,f,f,f,f,f,,,,,,,,,,,https://www.usaspending.gov/award/CONT_AWD_W912PM22C0009_9700_-NONE-_-NONE-/,2023-07-05 13:49:01+00
CONT_AWD_W912QR20C0055_9700_-NONE-_-NONE-,W912QR20C0055,,,,Q: Not Designated Nonemergency/Emergency/Disaster/Wildfire Suppression,,,,,17765924.00,0.00,17765924.00,17793724.00,2020-09-28,2020,2023-07-10,2023,2020-09-28,2023-07-05,2023-07-05 00:00:00,,2020-03-23,097,Department of Defense,2100,Department of the Army,W912QR,W072 ENDIST LOUISVILLE,097,Department of Defense,2100,Department of the Army,W912QR,W072 ENDIST LOUISVILLE,021-2020/2024-2050-000;021-2022/2022-2080-000,021-2050;021-2080,32.0: Land and structures,0001: MAJOR CONSTRUCTION;0001: OPERATING FORCES;0801: REIMBURSABLE;OPTN: FIELD IS OPTIONAL PRIOR TO FY21,X,NOT APPLICABLE,,,N3LGEC9N9ZA5,,HEFFLER CONTRACTING GROUP,HEFFLER CONTRACTING GROUP,,5A1E1,N3LGEC9N9ZA5,,HEFFLER CONTRACTING GROUP,HEFFLER CONTRACTING GROUP,USA,UNITED STATES,535 BROADWAY #203,,EL CAJON,06073,SAN DIEGO,06,CA,CALIFORNIA,920215464,CA-51,CA-51,6195200045,6197495746,USA,UNITED STATES,JOLON,06053,MONTEREY,06,CA,CALIFORNIA,939280101,CA-18,CA-18,AWARD,D,DEFINITIVE CONTRACT,,,,,,,J,FIRM FIXED PRICE,BASE AND OPTION 1 BEING FUNDED AT TIME OF AWARD. PERIOD OF PERFORMANCE IS 720 CALENDAR DAYS FROM NTP.,W912QR20R0043,1,OT,OTHER FUNCTIONS,Y1JZ,CONSTRUCTION OF MISCELLANEOUS BUILDINGS,H,NOT BUNDLED,C2,CONSTRUCTION,236220,COMMERCIAL AND INSTITUTIONAL BUILDING CONSTRUCTION,E,BIO-BASED,A,U.S. OWNED BUSINESS,000,NONE,Z,NOT IT PRODUCTS OR SERVICES,A,MEETS REQUIREMENTS,USA,UNITED STATES,C,NOT A MANUFACTURED END PRODUCT,B,PLAN NOT REQUIRED,A,FULL AND OPEN COMPETITION,NP,NEGOTIATED PROPOSAL/QUOTE,NONE,NO SET ASIDE USED.,HZE,HUBZONE PRICE EVALUATION,,,,,,,8,D,COMMERCIAL PRODUCTS/SERVICES PROCEDURES NOT USED,f,N,NO,N,NO,Y,YES,N,NO,0.00,N,NO,X,NOT APPLICABLE,X,NOT APPLICABLE,Y,YES,X,NOT APPLICABLE,,,,,,,,NONE,NONE,N,NO,X,NOT APPLICABLE EXEMPT FROM CAS,N,TRANSACTION DOES NOT USE GFE/GFP,N,NO,D,NOT CONSOLIDATED,N,NO - SERVICE WHERE PBA IS NOT USED.,N,NO,Z,NOT APPLICABLE,N,NO,X,NOT APPLICABLE,f,f,f,f,f,f,f,f,f,f,f,f,t,f,f,f,t,f,f,SMALL BUSINESS,S,f,f,f,f,f,f,f,f,f,f,f,f,f,f,f,f,f,CORPORATE NOT TAX EXEMPT,t,f,f,f,f,f,f,f,f,f,f,f,f,f,f,f,f,t,f,f,f,f,f,f,f,t,f,f,t,f,f,f,f,f,f,f,f,f,f,f,f,f,f,f,t,t,f,t,t,f,,,,,,,,,,,https://www.usaspending.gov/award/CONT_AWD_W912QR20C0055_9700_-NONE-_-NONE-/,2023-07-10 15:25:44+00
CONT_AWD_W912QR23C0010_9700_-NONE-_-NONE-,W912QR23C0010,,,,Z: Emergency P.L. 117-58,,,,599497.08,599497.08,0.00,599497.08,599497.08,2023-05-11,2023,2023-07-10,2023,2023-05-11,2023-08-29,2023-08-29 00:00:00,,2023-03-02,097,Department of Defense,2100,Department of the Army,W912QR,W072 ENDIST LOUISVILLE,096,Corps of Engineers - Civil Works,96CE,U.S. Army Corps of Engineers - Civil Program Financing Only,964847,"CORPS OF ENGINEERS, LOUISVILLE DIST",096-X-3123-000,096-3123,25.4: Operation and maintenance of facilities,0005: MULTIPURPOSE AND OTHER PROGRAMS,X,NOT APPLICABLE,,,LE55MMVHJXF6,,KONECRANES INC,KONECRANES INC,CRANE PRO SERVICES,1CHX5,GFAAKEUJCD61,,KONECRANES ABP,KONECRANES INC,USA,UNITED STATES,4401 GATEWAY BLVD,,SPRINGFIELD,39023,CLARK,39,OH,OHIO,455029339,OH-08,OH-10,9375613379,9373222832,USA,UNITED STATES,LOUISVILLE,21111,JEFFERSON,21,KY,KENTUCKY,402121502,KY-03,KY-03,AWARD,D,DEFINITIVE CONTRACT,,,,,,,J,FIRM FIXED PRICE,MCALPINE BULKHEAD CRANE REPAIRS,W912QR23R0025,1,OT,OTHER FUNCTIONS,J039,MAINT/REPAIR/REBUILD OF EQUIPMENT- MATERIALS HANDLING EQUIPMENT,H,NOT BUNDLED,,,811310,COMMERCIAL AND INDUSTRIAL MACHINERY AND EQUIPMENT (EXCEPT AUTOMOTIVE AND ELECTRONIC) REPAIR AND MAINTENANCE,C,NO CLAUSES INCLUDED AND NO SUSTAINABILITY INCLUDED,A,U.S. OWNED BUSINESS,000,NONE,Z,NOT IT PRODUCTS OR SERVICES,E,NOT REQUIRED,USA,UNITED STATES,C,NOT A MANUFACTURED END PRODUCT,B,PLAN NOT REQUIRED,G,NOT COMPETED UNDER SAP,SP1,SIMPLIFIED ACQUISITION,NONE,NO SET ASIDE USED.,NONE,NO PREFERENCE USED,,,,,SP2,SAP NON-COMPETITION (FAR 13),1,A,COMMERCIAL PRODUCTS/SERVICES,f,N,NO,,,X,NOT APPLICABLE,N,NO,0.00,N,NO,X,NOT APPLICABLE,Y,YES,X,NOT APPLICABLE,X,NOT APPLICABLE,,,,,,,,NONE,NONE,N,NO,X,NOT APPLICABLE EXEMPT FROM CAS,N,TRANSACTION DOES NOT USE GFE/GFP,,,D,NOT CONSOLIDATED,Y,YES - SERVICE WHERE PBA IS USED.,N,NO,Z,NOT APPLICABLE,N,NO,X,NOT APPLICABLE,f,f,f,f,f,f,f,f,f,f,f,f,f,f,f,f,f,f,f,OTHER THAN SMALL BUSINESS,O,f,f,f,f,f,f,f,f,f,f,f,f,f,f,f,f,f,CORPORATE NOT TAX EXEMPT,t,f,f,f,f,f,f,f,f,f,f,f,f,f,f,f,f,t,f,f,f,f,f,f,f,f,f,f,t,f,f,f,f,f,f,f,f,f,f,f,f,f,f,f,f,f,f,f,f,f,,,,,,,,,,,https://www.usaspending.gov/award/CONT_AWD_W912QR23C0010_9700_-NONE-_-NONE-/,2025-09-30 14:18:36+00
CONT_AWD_W912WJ21C0024_9700_-NONE-_-NONE-,W912WJ21C0024,,,,Q: Not Designated Nonemergency/Emergency/Disaster/Wildfire Suppression,,,,,3590761.12,164192.00,3590761.12,3590761.12,2021-09-28,2021,2023-07-11,2023,2021-09-20,2022-05-02,2022-05-02 00:00:00,,2021-06-23,097,Department of Defense,2100,Department of the Army,W912WJ,W2SD ENDIST NEW ENGLAND,097,Department of Defense,2100,Department of the Army,W912WJ,W2SD ENDIST NEW ENGLAND,096-X-3123-000,096-3123,32.0: Land and structures,0001: COMMERCIAL NAVIGATION;0002: FLOOD RISK MANAGEMENT,X,NOT APPLICABLE,,,EJ39GFN7VVD7,,ACK MARINE & GENERAL CONTRACTING LLC,"ACK MARINE & GENERAL CONTRACTING, LLC",,7L6S2,EJ39GFN7VVD7,,ACK MARINE & GENERAL CONTRACTING LLC,ACK MARINE & GENERAL CONTRACTING  LLC,USA,UNITED STATES,299 WATER ST,,QUINCY,25021,NORFOLK,25,MA,MASSACHUSETTS,021696529,MA-08,MA-08,6174815566,6174815651,USA,UNITED STATES,NEW BEDFORD,25005,BRISTOL,25,MA,MASSACHUSETTS,027401000,MA-09,MA-09,AWARD,D,DEFINITIVE CONTRACT,,,,,,,J,FIRM FIXED PRICE,"DEWATERING AND WHEEL REPLACEMENT AT THE NEW BEDFORD HURRICANE BARRIER IN THE TOWN OF NEW BEDFORD, MA",W912WJ21B0007,1,OT,OTHER FUNCTIONS,Y1QA,CONSTRUCTION OF RESTORATION OF REAL PROPERTY (PUBLIC OR PRIVATE),H,NOT BUNDLED,C2,CONSTRUCTION,237990,OTHER HEAVY AND CIVIL ENGINEERING CONSTRUCTION,L,FAR 52.223-4 & BIO-BASED & ENERGY EFFICIENT & ENVIRONMENTALLY PREFERABLE,A,U.S. OWNED BUSINESS,000,NONE,Z,NOT IT PRODUCTS OR SERVICES,A,MEETS REQUIREMENTS,USA,UNITED STATES,C,NOT A MANUFACTURED END PRODUCT,B,PLAN NOT REQUIRED,D,FULL AND OPEN COMPETITION AFTER EXCLUSION OF SOURCES,SB,SEALED BID,SBA,SMALL BUSINESS SET ASIDE - TOTAL,NONE,NO PREFERENCE USED,,,,,,,3,D,COMMERCIAL PRODUCTS/SERVICES PROCEDURES NOT USED,f,N,NO,N,NO,Y,YES,N,NO,0.00,N,NO,X,NOT APPLICABLE,X,NOT APPLICABLE,Y,YES,X,NOT APPLICABLE,,,,,,,,NONE,NONE,N,NO,X,NOT APPLICABLE EXEMPT FROM CAS,N,TRANSACTION DOES NOT USE GFE/GFP,N,NO,D,NOT CONSOLIDATED,N,NO - SERVICE WHERE PBA IS NOT USED.,N,NO,Z,NOT APPLICABLE,N,NO,X,NOT APPLICABLE,f,f,f,f,f,f,f,t,t,f,f,f,f,f,f,f,f,f,f,SMALL BUSINESS,S,f,f,f,f,f,f,f,f,f,f,f,f,f,f,f,f,f,CORPORATE NOT TAX EXEMPT,t,f,f,f,f,f,f,f,f,f,f,f,f,f,f,f,f,t,f,f,f,f,f,f,f,f,t,f,t,f,f,f,f,f,f,f,f,f,f,f,f,f,f,f,f,f,f,f,f,f,,,,,,,,,,,https://www.usaspending.gov/award/CONT_AWD_W912WJ21C0024_9700_-NONE-_-NONE-/,2023-07-11 08:42:12+00
CONT_AWD_W912WJ22C0006_9700_-NONE-_-NONE-,W912WJ22C0006,,,,Q: Not Designated Nonemergency/Emergency/Disaster/Wildfire Suppression,,,,,1014591.36,29170.56,1014591.36,1014591.36,2022-04-08,2022,2023-07-11,2023,2022-04-08,2023-11-07,2023-11-07 00:00:00,,2021-11-30,097,Department of Defense,2100,Department of the Army,W912WJ,W2SD ENDIST NEW ENGLAND,097,Department of Defense,2100,Department of the Army,W912WJ,W2SD ENDIST NEW ENGLAND,096-X-3123-000,096-3123,32.0: Land and structures,0001: COMMERCIAL NAVIGATION,X,NOT APPLICABLE,,,CA7GMN33QT96,,R. ZOPPO CORP.,R. ZOPPO CORP.,,1KFU1,CA7GMN33QT96,,R. ZOPPO CORP.,R. ZOPPO CORP.,USA,UNITED STATES,160 OLD MAPLE ST,,STOUGHTON,25021,NORFOLK,25,MA,MASSACHUSETTS,020721934,MA-08,MA-08,7813448822,7813447382,USA,UNITED STATES,BUZZARDS BAY,25001,BARNSTABLE,25,MA,MASSACHUSETTS,025320001,MA-09,MA-09,AWARD,D,DEFINITIVE CONTRACT,,,,,,,J,FIRM FIXED PRICE,"REPAIRS TO THE VERTICAL LIFT RAILROAD BRIDGE, CAPE COD CANAL, BUZZARDS BAY, MASSACHUSETTS",W912WJ22B0008,1,OT,OTHER FUNCTIONS,Y1QA,CONSTRUCTION OF RESTORATION OF REAL PROPERTY (PUBLIC OR PRIVATE),H,NOT BUNDLED,C2,CONSTRUCTION,237310,"HIGHWAY, STREET, AND BRIDGE CONSTRUCTION",L,FAR 52.223-4 & BIO-BASED & ENERGY EFFICIENT & ENVIRONMENTALLY PREFERABLE,A,U.S. OWNED BUSINESS,000,NONE,Z,NOT IT PRODUCTS OR SERVICES,A,MEETS REQUIREMENTS,USA,UNITED STATES,C,NOT A MANUFACTURED END PRODUCT,B,PLAN NOT REQUIRED,D,FULL AND OPEN COMPETITION AFTER EXCLUSION OF SOURCES,SB,SEALED BID,SBA,SMALL BUSINESS SET ASIDE - TOTAL,NONE,NO PREFERENCE USED,,,,,,,2,D,COMMERCIAL PRODUCTS/SERVICES PROCEDURES NOT USED,f,N,NO,N,NO,Y,YES,N,NO,0.00,N,NO,X,NOT APPLICABLE,X,NOT APPLICABLE,Y,YES,X,NOT APPLICABLE,,,,,,,,NONE,NONE,N,NO,X,NOT APPLICABLE EXEMPT FROM CAS,N,TRANSACTION DOES NOT USE GFE/GFP,U,UNKNOWN,D,NOT CONSOLIDATED,N,NO - SERVICE WHERE PBA IS NOT USED.,N,NO,Z,NOT APPLICABLE,N,NO,X,NOT APPLICABLE,f,f,f,f,f,f,f,f,f,f,f,f,f,f,f,f,f,f,f,SMALL BUSINESS,S,f,f,f,f,f,f,f,f,f,f,f,f,f,f,f,f,f,CORPORATE NOT TAX EXEMPT,t,f,f,f,f,f,f,f,f,f,f,f,f,f,f,f,f,t,f,f,f,f,f,f,f,t,f,f,t,f,f,f,f,f,f,f,f,f,f,f,f,f,f,f,f,f,f,f,f,f,,,,,,,,,,,https://www.usaspending.gov/award/CONT_AWD_W912WJ22C0006_9700_-NONE-_-NONE-/,2023-07-11 11:27:13+00
CONT_AWD_W9132T20C0022_9700_-NONE-_-NONE-,W9132T20C0022,,,,Q: Not Designated Nonemergency/Emergency/Disaster/Wildfire Suppression,,,,,524948.59,0.00,524948.59,524948.59,2020-09-30,2020,2023-07-12,2023,2020-09-30,2024-03-31,2024-03-31 00:00:00,,2020-07-01,097,Department of Defense,2100,Department of the Army,W9132T,W2R2 CONST ENGRG LAB,097,Department of Defense,1700,Department of the Navy,N00014,OFFICE OF NAVAL RESEARCH,017-2019/2020-1319-000,017-1319,25.5: Research and development contracts,0001: BASIC RESEARCH,X,NOT APPLICABLE,,,WDXDF4Q38GL6,,MSW POWER CORP,MSW POWER CORPORATION,,6LPQ6,M3C6CZH31MX8,,MSW POWER CORP,MSW POWER CORP,USA,UNITED STATES,42 NAGOG PARK,,ACTON,25017,MIDDLESEX,25,MA,MASSACHUSETTS,017203445,MA-03,MA-03,5085171546,8663375814,USA,UNITED STATES,ACTON,25017,MIDDLESEX,25,MA,MASSACHUSETTS,017203445,MA-03,MA-03,AWARD,D,DEFINITIVE CONTRACT,,,,,,,J,FIRM FIXED PRICE,WASTE TO ENERGY (WTE) RESEARCH  U435CFE,W9132T20R0007,1,OT,OTHER FUNCTIONS,AZ15,R&D- OTHER RESEARCH AND DEVELOPMENT (OPERATIONAL SYSTEMS DEVELOPMENT),H,NOT BUNDLED,S1,SERVICES,541715,"RESEARCH AND DEVELOPMENT IN THE PHYSICAL, ENGINEERING, AND LIFE SCIENCES (EXCEPT NANOTECHNOLOGY AND BIOTECHNOLOGY)",E,BIO-BASED,A,U.S. OWNED BUSINESS,000,NONE,Z,NOT IT PRODUCTS OR SERVICES,A,MEETS REQUIREMENTS,USA,UNITED STATES,C,NOT A MANUFACTURED END PRODUCT,B,PLAN NOT REQUIRED,A,FULL AND OPEN COMPETITION,NP,NEGOTIATED PROPOSAL/QUOTE,NONE,NO SET ASIDE USED.,NONE,NO PREFERENCE USED,,,,,,,12,D,COMMERCIAL PRODUCTS/SERVICES PROCEDURES NOT USED,f,N,NO,N,NO,Y,YES,N,NO,0.00,N,NO,N,NO,X,NOT APPLICABLE,X,NOT APPLICABLE,X,NOT APPLICABLE,,,,,,,,NONE,NONE,N,NO,X,NOT APPLICABLE EXEMPT FROM CAS,N,TRANSACTION DOES NOT USE GFE/GFP,N,NO,D,NOT CONSOLIDATED,Y,YES - SERVICE WHERE PBA IS USED.,N,NO,Z,NOT APPLICABLE,N,NO,X,NOT APPLICABLE,f,f,f,f,f,f,f,f,f,f,f,f,f,f,f,f,f,f,f,SMALL BUSINESS,S,f,f,f,f,f,f,f,f,f,f,f,f,f,f,f,f,f,CORPORATE NOT TAX EXEMPT,t,f,f,f,f,f,f,f,f,f,f,f,f,f,f,f,f,t,f,f,f,f,f,f,f,f,f,f,t,f,f,f,f,f,f,f,f,f,f,f,f,f,f,f,f,f,f,f,f,f,,,,,,,,,,,https://www.usaspending.gov/award/CONT_AWD_W9132T20C0022_9700_-NONE-_-NONE-/,2023-07-12 11:10:17+00
CONT_AWD_W9133L19C0012_9700_-NONE-_-NONE-,W9133L19C0012,,,,Q: Not Designated Nonemergency/Emergency/Disaster/Wildfire Suppression,,,,,124975.00,24995.00,124975.00,124975.00,2019-09-16,2019,2023-07-12,2023,2019-09-22,2023-09-21,2024-09-21 00:00:00,,,097,Department of Defense,2100,Department of the Army,W9133L,W39L USA NG READINESS CENTER,097,Department of Defense,2100,Department of the Army,W81MNB,W00Q NATIONAL GUARD BUREAU,057-2019/2019-3840-000;057-2020/2020-3840-000;057-2021/2021-3840-000;057-2023/2023-3840-000,057-3840,25.2: Other services from non-Federal sources,0001: OPERATING FORCES;0020: UNDISTRIBUTED,X,NOT APPLICABLE,,,MMU5BLMCGA95,,EXPERT CHOICE LLC,"EXPERT CHOICE, INC.",,0MZY6,MMU5BLMCGA95,,EXPERT CHOICE LLC,EXPERT CHOICE INC,USA,UNITED STATES,2111 WILSON BLVD STE 700,,ARLINGTON,51013,ARLINGTON,51,VA,VIRGINIA,222013052,VA-08,VA-08,7037959799,7032435587,USA,UNITED STATES,ARLINGTON,51013,ARLINGTON,51,VA,VIRGINIA,222041373,VA-08,VA-08,AWARD,D,DEFINITIVE CONTRACT,,,,,,,J,FIRM FIXED PRICE,NATIONAL GUARD BUREAU THREAT BASED RESOURCE MODELING STATISTICAL DATA ANALYSIS SERVICES,W9133L19R0013,1,OT,OTHER FUNCTIONS,R412,SUPPORT- PROFESSIONAL: SIMULATION,H,NOT BUNDLED,S1,SERVICES,511210,SOFTWARE PUBLISHERS,C,NO CLAUSES INCLUDED AND NO SUSTAINABILITY INCLUDED,A,U.S. OWNED BUSINESS,000,NONE,Z,NOT IT PRODUCTS OR SERVICES,E,NOT REQUIRED,USA,UNITED STATES,C,NOT A MANUFACTURED END PRODUCT,B,PLAN NOT REQUIRED,C,NOT COMPETED,SSS,ONLY ONE SOURCE,NONE,NO SET ASIDE USED.,NONE,NO PREFERENCE USED,,,,,ONE,ONLY ONE SOURCE-OTHER (FAR 6.302-1 OTHER),1,A,COMMERCIAL PRODUCTS/SERVICES,f,N,NO,N,NO,X,NOT APPLICABLE,N,NO,0.00,N,NO,N,NO,N,NO,N,NO,X,NOT APPLICABLE,,,,,,,,NONE,NONE,N,NO,X,NOT APPLICABLE EXEMPT FROM CAS,N,TRANSACTION DOES NOT USE GFE/GFP,U,UNKNOWN,D,NOT CONSOLIDATED,Y,YES - SERVICE WHERE PBA IS USED.,N,NO,Z,NOT APPLICABLE,N,NO,X,NOT APPLICABLE,f,f,f,f,f,t,f,f,f,f,f,f,f,f,f,f,f,f,f,OTHER THAN SMALL BUSINESS,O,f,f,f,f,f,f,f,f,f,f,f,f,f,f,f,f,f,CORPORATE NOT TAX EXEMPT,t,f,f,f,f,f,f,f,f,f,f,f,f,f,f,f,f,t,f,f,f,f,f,f,f,f,f,f,t,f,f,f,f,f,f,f,f,f,f,f,f,f,f,f,f,f,f,f,f,f,,,,,,,,,,,https://www.usaspending.gov/award/CONT_AWD_W9133L19C0012_9700_-NONE-_-NONE-/,2025-04-22 16:50:17+00
CONT_AWD_W91CRB20C0036_9700_-NONE-_-NONE-,W91CRB20C0036,,,,Q: Not Designated Nonemergency/Emergency/Disaster/Wildfire Suppression,,,,,1099997.63,0.00,1099997.63,1099997.63,2020-09-09,2020,2023-07-03,2023,2020-09-08,2023-05-31,2023-05-31 00:00:00,,2019-08-01,097,Department of Defense,2100,Department of the Army,W91CRB,W6QK ACC-APG,097,Department of Defense,2100,Department of the Army,W81C5M,W4QU USA ABERDEEN TEST CENTER,021-2019/2020-2040-000,021-2040,25.2: Other services from non-Federal sources,OPTN: FIELD IS OPTIONAL PRIOR TO FY21,X,NOT APPLICABLE,,,M6JVSYRQRYM9,,LUNA LABS USA LLC,"LUNA LABS USA, LLC",,8JML8,SJHFCDGKJJC5,,LUNA INNOVATIONS INCORPORATED,LUNA INNOVATIONS INCORPORATED,USA,UNITED STATES,706 FOREST ST STE A,,CHARLOTTESVILLE,51540,CHARLOTTESVILLE (CITY),51,VA,VIRGINIA,229035231,VA-05,VA-05,4342209449,,USA,UNITED STATES,ABERDEEN PROVING GROUND,24025,HARFORD,24,MD,MARYLAND,210051780,MD-01,MD-01,AWARD,D,DEFINITIVE CONTRACT,,,,,,,U,COST PLUS FIXED FEE,SBIR PHASE II CONTRACT,,1,OT,OTHER FUNCTIONS,AN11,HEALTH R&D SERVICES; HEALTH CARE SERVICES; BASIC RESEARCH,H,NOT BUNDLED,S1,SERVICES,541713,RESEARCH AND DEVELOPMENT IN NANOTECHNOLOGY,C,NO CLAUSES INCLUDED AND NO SUSTAINABILITY INCLUDED,A,U.S. OWNED BUSINESS,000,NONE,Z,NOT IT PRODUCTS OR SERVICES,E,NOT REQUIRED,USA,UNITED STATES,C,NOT A MANUFACTURED END PRODUCT,B,PLAN NOT REQUIRED,D,FULL AND OPEN COMPETITION AFTER EXCLUSION OF SOURCES,NP,NEGOTIATED PROPOSAL/QUOTE,SBA,SMALL BUSINESS SET ASIDE - TOTAL,NONE,NO PREFERENCE USED,SR2,SMALL BUSINESS INNOVATION RESEARCH PROGRAM PHASE II ACTION,,,,,1,D,COMMERCIAL PRODUCTS/SERVICES PROCEDURES NOT USED,f,N,NO,N,NO,N,NO,N,NO,0.00,N,NO,N,NO,N,NO,X,NOT APPLICABLE,X,NOT APPLICABLE,,,,,,,,NONE,NONE,N,NO,X,NOT APPLICABLE EXEMPT FROM CAS,N,TRANSACTION DOES NOT USE GFE/GFP,U,UNKNOWN,D,NOT CONSOLIDATED,Y,YES - SERVICE WHERE PBA IS USED.,N,NO,Z,NOT APPLICABLE,N,NO,X,NOT APPLICABLE,f,f,f,f,f,f,f,f,f,f,f,f,f,f,f,f,f,f,f,SMALL BUSINESS,S,f,f,f,f,f,f,f,f,f,f,f,f,f,f,f,f,f,CORPORATE NOT TAX EXEMPT,t,f,f,f,f,f,f,f,f,f,f,f,t,f,f,f,f,t,f,f,f,f,f,f,f,f,t,f,t,f,f,f,f,f,f,f,f,f,f,f,f,f,f,f,f,f,f,f,f,f,,,,,,,,,,,https://www.usaspending.gov/award/CONT_AWD_W91CRB20C0036_9700_-NONE-_-NONE-/,2023-07-03 08:02:47+00
CONT_AWD_W91CRB20C0045_9700_-NONE-_-NONE-,W91CRB20C0045,,,,Q: Not Designated Nonemergency/Emergency/Disaster/Wildfire Suppression,,,,,581198.50,0.00,581198.50,698701.35,2020-09-16,2020,2023-07-14,2023,2020-09-16,2024-02-15,2024-02-15 00:00:00,,2020-06-23,097,Department of Defense,2100,Department of the Army,W91CRB,W6QK ACC-APG,097,Department of Defense,2100,Department of the Army,W91N5Y,W3Q2 US ARMY TEST AND EVAL CMD,021-2022/2023-2040-000,021-2040,"23.3: Communications, utilities, and miscellaneous charges",0008: SOFTWARE AND DIGITAL TECHNOLOGY PILOT PROGRAMS,X,NOT APPLICABLE,,,ZK7FKADLN8H8,,LINK SOLUTIONS INC,"LINK SOLUTIONS, INC.",,4MXL8,ZK7FKADLN8H8,,LINK SOLUTIONS INC,LINK SOLUTIONS INC,USA,UNITED STATES,8251 GREENSBORO DR # 8,,MC LEAN,51059,FAIRFAX,51,VA,VIRGINIA,221024900,VA-11,VA-11,7037076256,7038476432,USA,UNITED STATES,ABERDEEN PROVING GROUND,24025,HARFORD,24,MD,MARYLAND,210050008,MD-01,MD-01,AWARD,D,DEFINITIVE CONTRACT,,,,,,,J,FIRM FIXED PRICE,WEBSITE DEVELOPMENT SERVICES (BASE 5MNT),,1,OT,OTHER FUNCTIONS,D399,IT AND TELECOM- OTHER IT AND TELECOMMUNICATIONS,H,NOT BUNDLED,S1,SERVICES,541511,CUSTOM COMPUTER PROGRAMMING SERVICES,C,NO CLAUSES INCLUDED AND NO SUSTAINABILITY INCLUDED,A,U.S. OWNED BUSINESS,000,NONE,E,COMMERCIAL SERVICE,E,NOT REQUIRED,USA,UNITED STATES,C,NOT A MANUFACTURED END PRODUCT,B,PLAN NOT REQUIRED,C,NOT COMPETED,SSS,ONLY ONE SOURCE,NONE,NO SET ASIDE USED.,NONE,NO PREFERENCE USED,,,,,ONE,ONLY ONE SOURCE-OTHER (FAR 6.302-1 OTHER),1,A,COMMERCIAL PRODUCTS/SERVICES,f,N,NO,N,NO,X,NOT APPLICABLE,N,NO,0.00,N,NO,X,NOT APPLICABLE,X,NOT APPLICABLE,X,NOT APPLICABLE,X,NOT APPLICABLE,,,,,,,,NONE,NONE,N,NO,X,NOT APPLICABLE EXEMPT FROM CAS,N,TRANSACTION DOES NOT USE GFE/GFP,U,UNKNOWN,D,NOT CONSOLIDATED,Y,YES - SERVICE WHERE PBA IS USED.,N,NO,Z,NOT APPLICABLE,N,NO,X,NOT APPLICABLE,f,f,f,f,f,f,f,f,f,f,f,f,t,t,f,f,f,f,f,SMALL BUSINESS,S,f,f,f,f,f,f,f,f,f,f,f,f,f,f,f,f,f,CORPORATE NOT TAX EXEMPT,t,f,f,f,f,f,f,f,f,f,f,f,f,f,f,f,f,t,f,f,f,f,f,f,f,t,f,f,t,f,f,f,f,f,f,f,f,f,f,f,f,f,f,f,f,f,f,f,f,f,,,,,,,,,,,https://www.usaspending.gov/award/CONT_AWD_W91CRB20C0045_9700_-NONE-_-NONE-/,2023-07-14 12:24:53+00
CONT_AWD_W91QF023C0002_9700_-NONE-_-NONE-,W91QF023C0002,,,,Q: Not Designated Nonemergency/Emergency/Disaster/Wildfire Suppression,,,,,0.00,0.00,0.00,0.00,2023-05-30,2023,2023-07-14,2023,2023-05-31,2023-11-30,2023-11-30 00:00:00,,2023-04-11,097,Department of Defense,2100,Department of the Army,W91QF0,W6QM MICC-CARLISLE BARRACKS,097,Department of Defense,2100,Department of the Army,W25BDX,W2H6 SCH USA WAR COLLEGE,021-2023/2023-2020-000,021-2020,22.0: Transportation of things,0020: UNDISTRIBUTED,X,NOT APPLICABLE,,,FLNGGFBLNM93,,GENERGI LLC,GENERGI LLC,,8R2B9,CRC5D9QVLPL6,,GENERGI LLC,GENERGI LLC,USA,UNITED STATES,7526 CONNELLEY DR,STE C,HANOVER,24003,ANNE ARUNDEL,24,MD,MARYLAND,210761600,MD-03,MD-03,8082203249,,USA,UNITED STATES,CARLISLE,42041,CUMBERLAND,42,PA,PENNSYLVANIA,170135039,PA-10,PA-10,AWARD,D,DEFINITIVE CONTRACT,,,,,,,J,FIRM FIXED PRICE,MOVEMENT OF THE USAWC TO BLDG 651,W91QF023Q1002,1,OT,OTHER FUNCTIONS,V301,TRANSPORTATION/TRAVEL/RELOCATION- RELOCATION: RELOCATION,H,NOT BUNDLED,,,484210,USED HOUSEHOLD AND OFFICE GOODS MOVING,C,NO CLAUSES INCLUDED AND NO SUSTAINABILITY INCLUDED,A,U.S. OWNED BUSINESS,000,NONE,Z,NOT IT PRODUCTS OR SERVICES,E,NOT REQUIRED,USA,UNITED STATES,C,NOT A MANUFACTURED END PRODUCT,B,PLAN NOT REQUIRED,F,COMPETED UNDER SAP,SP1,SIMPLIFIED ACQUISITION,SBA,SMALL BUSINESS SET ASIDE - TOTAL,NONE,NO PREFERENCE USED,,,,,,,8,A,COMMERCIAL PRODUCTS/SERVICES,f,Y,YES,,,Y,YES,N,NO,0.00,N,NO,X,NOT APPLICABLE,Y,YES,X,NOT APPLICABLE,X,NOT APPLICABLE,,,,,,,,NONE,NONE,N,NO,X,NOT APPLICABLE EXEMPT FROM CAS,N,TRANSACTION DOES NOT USE GFE/GFP,,,D,NOT CONSOLIDATED,Y,YES - SERVICE WHERE PBA IS USED.,N,NO,Z,NOT APPLICABLE,N,NO,X,NOT APPLICABLE,f,f,f,f,f,t,t,t,t,t,f,f,t,f,f,t,f,f,f,SMALL BUSINESS,S,f,f,f,f,f,f,f,f,f,f,f,f,f,f,f,f,f,PARTNERSHIP,f,f,t,f,f,f,f,f,f,f,f,f,f,f,f,f,f,t,f,f,f,f,f,f,f,f,t,f,t,f,f,f,f,f,f,f,f,f,f,f,f,f,f,f,f,t,f,f,f,f,,,,,,,,,,,https://www.usaspending.gov/award/CONT_AWD_W91QF023C0002_9700_-NONE-_-NONE-/,2023-07-14 09:06:46+00
CONT_AWD_W91QF521C0007_9700_-NONE-_-NONE-,W91QF521C0007,,,,Q: Not Designated Nonemergency/Emergency/Disaster/Wildfire Suppression,,,,,933069.96,0.00,933069.96,933069.96,2021-08-24,2021,2023-07-14,2023,2021-09-30,2024-09-29,2024-09-29 00:00:00,,2021-07-02,097,Department of Defense,2100,Department of the Army,W91QF5,W6QM MICC FT LEE,097,Department of Defense,2100,Department of the Army,W26XLE,W1ET SCH USA TJAG,021-2023/2023-2020-000,021-2020,25.2: Other services from non-Federal sources,0020: UNDISTRIBUTED,X,NOT APPLICABLE,,,V1B6KVFQEW69,,"THE GEMINI 3 GROUP, INC.","GEMINI 3 GROUP, INC., THE",,64L96,V1B6KVFQEW69,,"THE GEMINI 3 GROUP, INC.",GEMINI 3 GROUP  INC.  THE,USA,UNITED STATES,292 GARRISONVILLE RD STE 201,,STAFFORD,51179,STAFFORD,51,VA,VIRGINIA,225541574,VA-07,VA-07,5406027900,7039355858,USA,UNITED STATES,CHARLOTTESVILLE,51003,ALBEMARLE,51,VA,VIRGINIA,229011781,VA-05,VA-05,AWARD,D,DEFINITIVE CONTRACT,,,,,,,J,FIRM FIXED PRICE,ADMINISTRATIVE SUPPORT SERVICES BASE PERIOD OF PERFORMANCE  30 SEPTEMBER 2021 - 29 SEPTEMBER 2022,,1,OT,OTHER FUNCTIONS,R699,SUPPORT- ADMINISTRATIVE: OTHER,H,NOT BUNDLED,S1,SERVICES,561110,OFFICE ADMINISTRATIVE SERVICES,C,NO CLAUSES INCLUDED AND NO SUSTAINABILITY INCLUDED,A,U.S. OWNED BUSINESS,000,NONE,Z,NOT IT PRODUCTS OR SERVICES,E,NOT REQUIRED,USA,UNITED STATES,C,NOT A MANUFACTURED END PRODUCT,B,PLAN NOT REQUIRED,B,NOT AVAILABLE FOR COMPETITION,SSS,ONLY ONE SOURCE,8AN,8(A) SOLE SOURCE,NONE,NO PREFERENCE USED,,,,,OTH,AUTHORIZED BY STATUTE (FAR 6.302-5(A)(2)(I)),1,A,COMMERCIAL PRODUCTS/SERVICES,f,N,NO,N,NO,X,NOT APPLICABLE,N,NO,0.00,N,NO,X,NOT APPLICABLE,X,NOT APPLICABLE,X,NOT APPLICABLE,X,NOT APPLICABLE,,,,,,,,NONE,NONE,N,NO,X,NOT APPLICABLE EXEMPT FROM CAS,N,TRANSACTION DOES NOT USE GFE/GFP,U,UNKNOWN,B,CONSOLIDATED REQUIREMENTS WITH WRITTEN DETERMINATION,Y,YES - SERVICE WHERE PBA IS USED.,N,NO,Z,NOT APPLICABLE,N,NO,X,NOT APPLICABLE,f,f,f,f,f,f,f,t,t,t,f,f,f,f,f,f,f,f,f,SMALL BUSINESS,S,f,f,f,f,f,f,f,f,f,f,f,f,f,f,f,f,f,CORPORATE NOT TAX EXEMPT,t,f,f,f,f,f,f,f,f,f,f,f,f,f,f,f,f,t,f,f,f,f,f,f,f,t,f,f,t,f,f,f,f,f,f,f,f,f,f,f,f,f,f,f,f,t,f,t,f,f,,,,,,,,,,,https://www.usaspending.gov/award/CONT_AWD_W91QF521C0007_9700_-NONE-_-NONE-/,2025-02-28 09:50:27+00
CONT_AWD_W91QF521C0009_9700_-NONE-_-NONE-,W91QF521C0009,,,,Q: Not Designated Nonemergency/Emergency/Disaster/Wildfire Suppression,,,,,554947.80,0.00,554947.80,554947.80,2021-09-22,2021,2023-07-14,2023,2021-09-28,2024-09-27,2024-09-27 00:00:00,,2021-08-26,097,Department of Defense,2100,Department of the Army,W91QF5,W6QM MICC FT LEE,097,Department of Defense,2100,Department of the Army,W56V7L,W1E1 ARMY LOG UNIV,021-2022/2022-2020-000;021-2023/2023-2020-000,021-2020,25.1: Advisory and assistance services,0020: UNDISTRIBUTED,X,NOT APPLICABLE,,,V1B6KVFQEW69,,"THE GEMINI 3 GROUP, INC.","GEMINI 3 GROUP, INC., THE",,64L96,V1B6KVFQEW69,,"THE GEMINI 3 GROUP, INC.",GEMINI 3 GROUP  INC.  THE,USA,UNITED STATES,292 GARRISONVILLE RD STE 201,,STAFFORD,51179,STAFFORD,51,VA,VIRGINIA,225541574,VA-07,VA-07,5406027900,7039355858,USA,UNITED STATES,FORT LEE,51149,PRINCE GEORGE,51,VA,VIRGINIA,238011205,VA-04,VA-04,AWARD,D,DEFINITIVE CONTRACT,,,,,,,J,FIRM FIXED PRICE,ARMY SUSTAINMENT PLANNERS HANDBOOK FOR STRATEGIC TO TACTICAL FORMATIONS SUPPORT SERVICES,,1,OT,OTHER FUNCTIONS,R799,SUPPORT- MANAGEMENT: OTHER,H,NOT BUNDLED,S1,SERVICES,541990,"ALL OTHER PROFESSIONAL, SCIENTIFIC, AND TECHNICAL SERVICES",C,NO CLAUSES INCLUDED AND NO SUSTAINABILITY INCLUDED,A,U.S. OWNED BUSINESS,000,NONE,Z,NOT IT PRODUCTS OR SERVICES,E,NOT REQUIRED,USA,UNITED STATES,C,NOT A MANUFACTURED END PRODUCT,B,PLAN NOT REQUIRED,B,NOT AVAILABLE FOR COMPETITION,SSS,ONLY ONE SOURCE,8AN,8(A) SOLE SOURCE,NONE,NO PREFERENCE USED,,,,,OTH,AUTHORIZED BY STATUTE (FAR 6.302-5(A)(2)(I)),1,D,COMMERCIAL PRODUCTS/SERVICES PROCEDURES NOT USED,f,N,NO,N,NO,X,NOT APPLICABLE,N,NO,0.00,N,NO,N,NO,Y,YES,N,NO,X,NOT APPLICABLE,,,,,,,,NONE,NONE,N,NO,X,NOT APPLICABLE EXEMPT FROM CAS,N,TRANSACTION DOES NOT USE GFE/GFP,U,UNKNOWN,D,NOT CONSOLIDATED,Y,YES - SERVICE WHERE PBA IS USED.,N,NO,Z,NOT APPLICABLE,N,NO,X,NOT APPLICABLE,f,f,f,f,f,f,f,t,t,t,f,f,f,f,f,f,f,f,f,SMALL BUSINESS,S,f,f,f,f,f,f,f,f,f,f,f,f,f,f,f,f,f,CORPORATE NOT TAX EXEMPT,t,f,f,f,f,f,f,f,f,f,f,f,f,f,f,f,f,t,f,f,f,f,f,f,f,t,f,f,t,f,f,f,f,f,f,f,f,f,f,f,f,f,f,f,f,t,f,t,f,f,,,,,,,,,,,https://www.usaspending.gov/award/CONT_AWD_W91QF521C0009_9700_-NONE-_-NONE-/,2025-02-28 09:50:27+00
CONT_AWD_W91QV115C0125_9700_-NONE-_-NONE-,W91QV115C0125,,,,N: Emergency P.L. 116-136,0,19123.40,,,209143.60,0.00,209316.99,209316.99,2015-09-28,2015,2023-07-14,2023,2015-09-30,2021-03-29,2021-03-29 00:00:00,,,097,Department of Defense,2100,Department of the Army,W91QV1,W6QM MICC-FT BELVOIR,097,Department of Defense,2100,Department of the Army,W80HUJ,W0UC USA JBM-HH,021-2019/2019-2020-000;021-2020/2020-2020-000,021-2020,25.4: Operation and maintenance of facilities,OPTN: FIELD IS OPTIONAL PRIOR TO FY21,X,NOT APPLICABLE,,,HMR6NKWXQ886,,AIR FLO CLEANING SYSTEMS LLC,"MOZHAM, CAMILLE J",,4KXQ5,HMR6NKWXQ886,,AIR FLO CLEANING SYSTEMS LLC,MOZHAM  CAMILLE J,USA,UNITED STATES,6650 W LAFAYETTE,,DETROIT,26163,WAYNE,26,MI,MICHIGAN,482092207,MI-07,MI-13,3139623377,7346769838,USA,UNITED STATES,FORT MYER,51013,ARLINGTON,51,VA,VIRGINIA,222110001,VA-08,VA-08,AWARD,D,DEFINITIVE CONTRACT,,,,,,,J,FIRM FIXED PRICE,KITCHEN EXHAUST HOODS 1/4 CLEAN IGF::OT::IGF,W91QV115R9066,1,OT,OTHER FUNCTIONS,S201,HOUSEKEEPING- CUSTODIAL JANITORIAL,D,NOT A BUNDLED REQUIREMENT,S1,SERVICES,561790,OTHER SERVICES TO BUILDINGS AND DWELLINGS,C,NO CLAUSES INCLUDED AND NO SUSTAINABILITY INCLUDED,A,U.S. OWNED BUSINESS,000,NONE,Z,NOT IT PRODUCTS OR SERVICES,E,NOT REQUIRED,USA,UNITED STATES,C,NOT A MANUFACTURED END PRODUCT,B,PLAN NOT REQUIRED,A,FULL AND OPEN COMPETITION,SB,SEALED BID,NONE,NO SET ASIDE USED.,NONE,NO PREFERENCE USED,,,,,,,3,A,COMMERCIAL PRODUCTS/SERVICES,f,N,NO,N,NO,Y,YES,N,NO,0.00,N,NO,X,NOT APPLICABLE,Y,YES,X,NOT APPLICABLE,X,NOT APPLICABLE,,,,,,,,NONE,NONE,N,NO,X,NOT APPLICABLE EXEMPT FROM CAS,N,TRANSACTION DOES NOT USE GFE/GFP,U,UNKNOWN,N,NO,Y,YES - SERVICE WHERE PBA IS USED.,N,NO,Z,NOT APPLICABLE,N,NO,X,NOT APPLICABLE,f,f,f,f,f,f,f,t,t,f,f,f,f,f,f,f,f,f,f,SMALL BUSINESS,S,f,f,f,f,f,f,f,f,f,f,f,f,f,f,f,f,f,SOLE PROPRIETORSHIP,f,f,f,t,f,f,f,f,f,f,f,f,f,f,f,f,f,t,f,f,f,f,f,f,f,f,f,f,t,f,f,f,f,f,f,f,f,f,f,f,f,f,f,f,f,t,f,f,f,f,,,,,,,,,,,https://www.usaspending.gov/award/CONT_AWD_W91QV115C0125_9700_-NONE-_-NONE-/,2023-07-14 09:05:55+00
CONT_AWD_W91QV122C0052_9700_-NONE-_-NONE-,W91QV122C0052,,,,,,,,,430103.78,,430103.78,430103.78,2022-08-29,2022,2023-07-11,2023,2022-08-30,2023-11-30,2023-11-30 00:00:00,,2022-08-20,097,Department of Defense,2100,Department of the Army,W91QV1,W6QM MICC-FT BELVOIR,097,Department of Defense,2100,Department of the Army,W23QEP,W3HV USA GARRISON FT DETRICK,,,,,X,NOT APPLICABLE,,,FGJMA26WK8H9,,DOLIVEIRA SYSTEMS LLC,DOLIVEIRA SYSTEMS LLC,,7JLD7,FGJMA26WK8H9,,DOLIVEIRA SYSTEMS LLC,DOLIVEIRA SYSTEMS LLC,USA,UNITED STATES,1237 PENN AVE STE 200,,HOLLSOPPLE,42111,SOMERSET,42,PA,PENNSYLVANIA,159357348,PA-14,PA-14,8003116072,8003116072,USA,UNITED STATES,FREDERICK,24021,FREDERICK,24,MD,MARYLAND,217025011,MD-06,MD-06,AWARD,D,DEFINITIVE CONTRACT,,,,,,,J,FIRM FIXED PRICE,REPLACE ROOFTOP PACKAGE UNIT,W91QV122R0092,1,OT,OTHER FUNCTIONS,J041,"MAINT/REPAIR/REBUILD OF EQUIPMENT- REFRIGERATION, AIR CONDITIONING, AND AIR CIRCULATING EQUIPMENT",H,NOT BUNDLED,C2,CONSTRUCTION,238220,"PLUMBING, HEATING, AND AIR-CONDITIONING CONTRACTORS",C,NO CLAUSES INCLUDED AND NO SUSTAINABILITY INCLUDED,A,U.S. OWNED BUSINESS,000,NONE,Z,NOT IT PRODUCTS OR SERVICES,E,NOT REQUIRED,USA,UNITED STATES,C,NOT A MANUFACTURED END PRODUCT,B,PLAN NOT REQUIRED,C,NOT COMPETED,SSS,ONLY ONE SOURCE,NONE,NO SET ASIDE USED.,NONE,NO PREFERENCE USED,,,,,ONE,ONLY ONE SOURCE-OTHER (FAR 6.302-1 OTHER),1,D,COMMERCIAL PRODUCTS/SERVICES PROCEDURES NOT USED,f,N,NO,N,NO,Y,YES,N,NO,0.00,N,NO,X,NOT APPLICABLE,X,NOT APPLICABLE,Y,YES,X,NOT APPLICABLE,,,,,,,,NONE,NONE,N,NO,X,NOT APPLICABLE EXEMPT FROM CAS,N,TRANSACTION DOES NOT USE GFE/GFP,U,UNKNOWN,D,NOT CONSOLIDATED,Y,YES - SERVICE WHERE PBA IS USED.,N,NO,A,FAR 52.232-16 PROGRESS PAYMENTS,N,NO,X,NOT APPLICABLE,f,f,f,f,f,f,f,t,t,t,f,f,t,f,f,f,t,f,f,SMALL BUSINESS,S,f,f,f,f,f,f,f,f,f,f,f,f,f,f,f,f,f,CORPORATE NOT TAX EXEMPT,t,f,f,f,f,f,f,f,f,f,f,f,f,f,f,f,f,t,f,f,f,f,f,f,f,f,t,f,t,f,f,f,f,f,f,f,f,f,f,f,f,f,f,f,t,t,f,t,t,f,,,,,,,,,,,https://www.usaspending.gov/award/CONT_AWD_W91QV122C0052_9700_-NONE-_-NONE-/,2023-07-11 22:56:08+00
CONT_AWD_W91QV122C0062_9700_-NONE-_-NONE-,W91QV122C0062,,,,,,,,,1297520.46,,1297520.46,1297520.46,2022-09-23,2022,2023-07-03,2023,2022-09-16,2023-07-03,2023-07-03 00:00:00,,2022-08-18,097,Department of Defense,2100,Department of the Army,W91QV1,W6QM MICC-FT BELVOIR,097,Department of Defense,2100,Department of the Army,W81XLC,W1C9 ARLINGTON NATL CEM,,,,,X,NOT APPLICABLE,,,ELBDSKXPGLB8,,"TRIUNE SOLUTIONS, LLC","TRIUNE SOLUTIONS, LLC",,6D3F9,ELBDSKXPGLB8,,"TRIUNE SOLUTIONS, LLC",TRIUNE SOLUTIONS  LLC,USA,UNITED STATES,105 WAYNE PLACE SE UNIT 4,,WASHINGTON,11001,DISTRICT OF COLUMBIA,11,DC,DISTRICT OF COLUMBIA,200326105,DC-98,DC-98,2022621467,,USA,UNITED STATES,FORT MYER,51013,ARLINGTON,51,VA,VIRGINIA,222115003,VA-08,VA-08,AWARD,D,DEFINITIVE CONTRACT,,,,,,,J,FIRM FIXED PRICE,ANC NORTHEAST FENCE INSTALLATION,W91QV122R0035,1,OT,OTHER FUNCTIONS,Z1AZ,MAINTENANCE OF OTHER ADMINISTRATIVE FACILITIES AND SERVICE BUILDINGS,H,NOT BUNDLED,C2,CONSTRUCTION,238990,ALL OTHER SPECIALTY TRADE CONTRACTORS,C,NO CLAUSES INCLUDED AND NO SUSTAINABILITY INCLUDED,A,U.S. OWNED BUSINESS,000,NONE,Z,NOT IT PRODUCTS OR SERVICES,E,NOT REQUIRED,USA,UNITED STATES,C,NOT A MANUFACTURED END PRODUCT,B,PLAN NOT REQUIRED,B,NOT AVAILABLE FOR COMPETITION,SSS,ONLY ONE SOURCE,8AN,8(A) SOLE SOURCE,NONE,NO PREFERENCE USED,,,,,OTH,AUTHORIZED BY STATUTE (FAR 6.302-5(A)(2)(I)),1,D,COMMERCIAL PRODUCTS/SERVICES PROCEDURES NOT USED,f,N,NO,N,NO,N,NO,N,NO,0.00,N,NO,X,NOT APPLICABLE,X,NOT APPLICABLE,Y,YES,X,NOT APPLICABLE,,,,,,,,NONE,NONE,N,NO,X,NOT APPLICABLE EXEMPT FROM CAS,N,TRANSACTION DOES NOT USE GFE/GFP,U,UNKNOWN,D,NOT CONSOLIDATED,Y,YES - SERVICE WHERE PBA IS USED.,N,NO,A,FAR 52.232-16 PROGRESS PAYMENTS,N,NO,X,NOT APPLICABLE,f,f,f,f,f,f,f,t,t,t,f,f,t,f,f,t,f,f,f,SMALL BUSINESS,S,f,f,f,f,f,f,f,f,f,f,f,f,f,f,f,f,f,CORPORATE NOT TAX EXEMPT,t,f,f,f,f,f,f,f,f,f,f,f,f,f,f,f,f,t,f,f,f,f,f,f,f,f,t,f,t,f,f,f,f,f,f,f,f,f,f,f,f,f,f,f,f,t,f,t,t,f,,,,,,,,,,,https://www.usaspending.gov/award/CONT_AWD_W91QV122C0062_9700_-NONE-_-NONE-/,2023-07-03 14:19:06+00
CONT_AWD_W91QV122C0073_9700_-NONE-_-NONE-,W91QV122C0073,,,,,,,,,1456106.58,,1456106.58,1456106.58,2022-09-27,2022,2023-07-03,2023,2022-09-30,2023-07-03,2023-07-03 00:00:00,,2022-09-12,097,Department of Defense,2100,Department of the Army,W91QV1,W6QM MICC-FT BELVOIR,097,Department of Defense,2100,Department of the Army,W81XLC,W1C9 ARLINGTON NATL CEM,,,,,X,NOT APPLICABLE,,,ELBDSKXPGLB8,,"TRIUNE SOLUTIONS, LLC","TRIUNE SOLUTIONS, LLC",,6D3F9,ELBDSKXPGLB8,,"TRIUNE SOLUTIONS, LLC",TRIUNE SOLUTIONS  LLC,USA,UNITED STATES,105 WAYNE PLACE SE UNIT 4,,WASHINGTON,11001,DISTRICT OF COLUMBIA,11,DC,DISTRICT OF COLUMBIA,200326105,DC-98,DC-98,2022621467,,USA,UNITED STATES,FORT MYER,51013,ARLINGTON,51,VA,VIRGINIA,222115003,VA-08,VA-08,AWARD,D,DEFINITIVE CONTRACT,,,,,,,J,FIRM FIXED PRICE,BOUNDARY WALL REPAIRS PHASE II,W91QV122R0087,1,OT,OTHER FUNCTIONS,Z2PZ,REPAIR OR ALTERATION OF OTHER NON-BUILDING FACILITIES,H,NOT BUNDLED,C2,CONSTRUCTION,238140,MASONRY CONTRACTORS,C,NO CLAUSES INCLUDED AND NO SUSTAINABILITY INCLUDED,A,U.S. OWNED BUSINESS,000,NONE,Z,NOT IT PRODUCTS OR SERVICES,E,NOT REQUIRED,USA,UNITED STATES,C,NOT A MANUFACTURED END PRODUCT,B,PLAN NOT REQUIRED,B,NOT AVAILABLE FOR COMPETITION,SSS,ONLY ONE SOURCE,8AN,8(A) SOLE SOURCE,NONE,NO PREFERENCE USED,,,,,OTH,AUTHORIZED BY STATUTE (FAR 6.302-5(A)(2)(I)),1,D,COMMERCIAL PRODUCTS/SERVICES PROCEDURES NOT USED,f,N,NO,N,NO,N,NO,N,NO,0.00,N,NO,X,NOT APPLICABLE,X,NOT APPLICABLE,Y,YES,X,NOT APPLICABLE,,,,,,,,NONE,NONE,N,NO,X,NOT APPLICABLE EXEMPT FROM CAS,N,TRANSACTION DOES NOT USE GFE/GFP,N,NO,D,NOT CONSOLIDATED,Y,YES - SERVICE WHERE PBA IS USED.,N,NO,A,FAR 52.232-16 PROGRESS PAYMENTS,N,NO,X,NOT APPLICABLE,f,f,f,f,f,f,f,t,t,t,f,f,t,f,f,t,f,f,f,SMALL BUSINESS,S,f,f,f,f,f,f,f,f,f,f,f,f,f,f,f,f,f,CORPORATE NOT TAX EXEMPT,t,f,f,f,f,f,f,f,f,f,f,f,f,f,f,f,f,t,f,f,f,f,f,f,f,f,t,f,t,f,f,f,f,f,f,f,f,f,f,f,f,f,f,f,f,t,f,t,t,f,,,,,,,,,,,https://www.usaspending.gov/award/CONT_AWD_W91QV122C0073_9700_-NONE-_-NONE-/,2023-07-03 14:20:57+00
CONT_AWD_W91QV123C0005_9700_-NONE-_-NONE-,W91QV123C0005,,,,,,,,,14560.00,,748441.04,748441.04,2022-12-15,2023,2023-07-14,2023,2022-12-12,2023-04-30,2023-04-30 00:00:00,,,097,Department of Defense,2100,Department of the Army,W91QV1,W6QM MICC-FT BELVOIR,097,Department of Defense,2100,Department of the Army,W80HUJ,W0UC USA JBM-HH,,,,,X,NOT APPLICABLE,,,LJPJZAEM9U43,,ARBOR CORPORATION INC,ARBOR CORPORATION INC,,81J99,LJPJZAEM9U43,,ARBOR CORPORATION INC,ARBOR CORPORATION INC,USA,UNITED STATES,3112 SPRING HOLLOW CT,,ANN ARBOR,26161,WASHTENAW,26,MI,MICHIGAN,481059217,MI-06,MI-06,7348343373,,USA,UNITED STATES,FORT MYER,51013,ARLINGTON,51,VA,VIRGINIA,222111199,VA-08,VA-08,AWARD,D,DEFINITIVE CONTRACT,,,,,,,J,FIRM FIXED PRICE,"CLIN 0002 PLOW 1"" TO 3""",,1,OT,OTHER FUNCTIONS,S218,HOUSEKEEPING- SNOW REMOVAL/SALT,H,NOT BUNDLED,,,488490,OTHER SUPPORT ACTIVITIES FOR ROAD TRANSPORTATION,C,NO CLAUSES INCLUDED AND NO SUSTAINABILITY INCLUDED,A,U.S. OWNED BUSINESS,000,NONE,Z,NOT IT PRODUCTS OR SERVICES,E,NOT REQUIRED,USA,UNITED STATES,C,NOT A MANUFACTURED END PRODUCT,B,PLAN NOT REQUIRED,G,NOT COMPETED UNDER SAP,SP1,SIMPLIFIED ACQUISITION,8AN,8(A) SOLE SOURCE,NONE,NO PREFERENCE USED,,,,,OTH,AUTHORIZED BY STATUTE (FAR 6.302-5(A)(2)(I)),1,A,COMMERCIAL PRODUCTS/SERVICES,f,N,NO,,,N,NO,N,NO,0.00,N,NO,N,NO,N,NO,N,NO,X,NOT APPLICABLE,,,,,,,,NONE,NONE,N,NO,X,NOT APPLICABLE EXEMPT FROM CAS,N,TRANSACTION DOES NOT USE GFE/GFP,U,UNKNOWN,D,NOT CONSOLIDATED,Y,YES - SERVICE WHERE PBA IS USED.,N,NO,E,COMMERCIAL FINANCING,N,NO,X,NOT APPLICABLE,f,f,f,f,f,f,f,t,t,t,f,f,t,t,f,f,f,f,f,SMALL BUSINESS,S,f,f,f,f,f,f,f,f,f,f,f,f,f,f,f,f,f,CORPORATE NOT TAX EXEMPT,t,f,f,f,f,f,f,f,f,f,f,f,f,f,f,f,f,t,f,f,f,f,f,f,f,t,f,f,t,f,f,f,f,f,f,f,f,f,f,f,f,f,f,f,f,t,f,t,t,f,,,,,,,,,,,https://www.usaspending.gov/award/CONT_AWD_W91QV123C0005_9700_-NONE-_-NONE-/,2025-09-26 11:24:32+00
CONT_AWD_W91QV123C0030_9700_-NONE-_-NONE-,W91QV123C0030,,,,,,,,,52071.00,,52071.00,52071.00,2023-07-11,2023,2023-07-11,2023,2023-07-06,2023-09-15,2023-09-15 00:00:00,,,097,Department of Defense,2100,Department of the Army,W91QV1,W6QM MICC-FT BELVOIR,097,Department of Defense,2100,Department of the Army,W80HUJ,W0UC USA JBM-HH,,,,,X,NOT APPLICABLE,,,HMCJNVLLBJ43,,"OMNIFICS, INC.",OMNIFICS INC,,0AK27,WGBFW9MQC1B5,,OMNIFICS INC,OMNIFICS INC,USA,UNITED STATES,42461 SPRING SPLENDOR DR,,BRAMBLETON,51107,LOUDOUN,51,VA,VIRGINIA,201485695,VA-10,VA-10,7038227783,7038368159,USA,UNITED STATES,FORT MYER,51013,ARLINGTON,51,VA,VIRGINIA,222119500,VA-08,VA-08,AWARD,D,DEFINITIVE CONTRACT,,,,,,,J,FIRM FIXED PRICE,REPLACE FIRE INSULATION B29 4TH FLOOR AND ADJACENT MECHANICAL ROOM,W91QV123R0050,1,OT,OTHER FUNCTIONS,Z2JZ,REPAIR OR ALTERATION OF MISCELLANEOUS BUILDINGS,H,NOT BUNDLED,,,236220,COMMERCIAL AND INSTITUTIONAL BUILDING CONSTRUCTION,A,FAR 52.223-4 INCLUDED,A,U.S. OWNED BUSINESS,000,NONE,Z,NOT IT PRODUCTS OR SERVICES,D,JUSTIFICATION - PERFORMANCE,USA,UNITED STATES,C,NOT A MANUFACTURED END PRODUCT,B,PLAN NOT REQUIRED,G,NOT COMPETED UNDER SAP,SP1,SIMPLIFIED ACQUISITION,8AN,8(A) SOLE SOURCE,NONE,NO PREFERENCE USED,,,,,OTH,AUTHORIZED BY STATUTE (FAR 6.302-5(A)(2)(I)),1,D,COMMERCIAL PRODUCTS/SERVICES PROCEDURES NOT USED,f,N,NO,,,N,NO,N,NO,0.00,N,NO,N,NO,N,NO,Y,YES,X,NOT APPLICABLE,,,,,,,,NONE,NONE,N,NO,X,NOT APPLICABLE EXEMPT FROM CAS,N,TRANSACTION DOES NOT USE GFE/GFP,,,D,NOT CONSOLIDATED,Y,YES - SERVICE WHERE PBA IS USED.,N,NO,Z,NOT APPLICABLE,N,NO,X,NOT APPLICABLE,f,f,f,f,f,f,f,f,f,f,f,f,t,f,t,f,f,f,f,SMALL BUSINESS,S,f,f,f,f,f,f,f,f,f,f,f,f,f,f,f,f,f,CORPORATE NOT TAX EXEMPT,t,f,f,f,f,f,f,f,f,f,f,f,f,f,f,f,f,t,f,f,f,f,f,f,f,f,f,f,t,f,f,f,f,f,f,f,f,f,f,f,f,f,f,f,t,f,f,t,f,f,,,,,,,,,,,https://www.usaspending.gov/award/CONT_AWD_W91QV123C0030_9700_-NONE-_-NONE-/,2023-11-08 19:25:14+00
CONT_AWD_W91QV123C0032_9700_-NONE-_-NONE-,W91QV123C0032,,,,,,,,,1116221.00,,1116221.00,1116221.00,2023-07-12,2023,2023-07-12,2023,2023-06-30,2023-11-25,2023-11-25 00:00:00,,2023-06-15,097,Department of Defense,2100,Department of the Army,W91QV1,W6QM MICC-FT BELVOIR,097,Department of Defense,2100,Department of the Army,W23UJ5,W0US USAG FT MEADE,,,,,X,NOT APPLICABLE,,,NMGZRKQN54V3,,WASHINGTON OFFICE INTERIORS LLC,WASHINGTON OFFICE INTERIORS LLC,,39TN3,PHSRX77PE2L9,,WASHINGTON OFFICE INTERIORS LLC,WASHINGTON OFFICE INTERIORS LLC,USA,UNITED STATES,1010 WAYNE AVE,STE 320,SILVER SPRING,24031,MONTGOMERY,24,MD,MARYLAND,209105657,MD-08,MD-08,3019060528,3015767675,USA,UNITED STATES,FORT GEORGE G MEADE,24003,ANNE ARUNDEL,24,MD,MARYLAND,207555115,MD-05,MD-05,AWARD,D,DEFINITIVE CONTRACT,,,,,,,J,FIRM FIXED PRICE,ARGONNE HILLS AND KIMBROUGH PAVING,W91QV123R0057,1,OT,OTHER FUNCTIONS,Z2LB,REPAIR OR ALTERATION OF HIGHWAYS/ROADS/STREETS/BRIDGES/RAILWAYS,H,NOT BUNDLED,,,237310,"HIGHWAY, STREET, AND BRIDGE CONSTRUCTION",C,NO CLAUSES INCLUDED AND NO SUSTAINABILITY INCLUDED,A,U.S. OWNED BUSINESS,000,NONE,Z,NOT IT PRODUCTS OR SERVICES,E,NOT REQUIRED,USA,UNITED STATES,C,NOT A MANUFACTURED END PRODUCT,B,PLAN NOT REQUIRED,C,NOT COMPETED,SSS,ONLY ONE SOURCE,NONE,NO SET ASIDE USED.,NONE,NO PREFERENCE USED,,,,,ONE,ONLY ONE SOURCE-OTHER (FAR 6.302-1 OTHER),1,D,COMMERCIAL PRODUCTS/SERVICES PROCEDURES NOT USED,f,N,NO,,,Y,YES,N,NO,0.00,N,NO,X,NOT APPLICABLE,X,NOT APPLICABLE,Y,YES,X,NOT APPLICABLE,,,,,,,,NONE,NONE,N,NO,X,NOT APPLICABLE EXEMPT FROM CAS,N,TRANSACTION DOES NOT USE GFE/GFP,,,D,NOT CONSOLIDATED,Y,YES - SERVICE WHERE PBA IS USED.,N,NO,A,FAR 52.232-16 PROGRESS PAYMENTS,N,NO,X,NOT APPLICABLE,f,f,f,f,f,f,f,t,t,t,f,f,f,f,f,f,f,f,f,SMALL BUSINESS,S,f,f,f,f,f,f,f,f,f,f,f,f,f,f,f,f,f,CORPORATE NOT TAX EXEMPT,t,f,f,f,f,f,f,f,f,f,f,f,f,f,f,f,f,t,f,f,f,f,f,f,f,f,t,f,t,f,f,f,f,f,f,f,f,f,f,f,f,f,f,f,t,t,f,t,t,f,,,,,,,,,,,https://www.usaspending.gov/award/CONT_AWD_W91QV123C0032_9700_-NONE-_-NONE-/,2025-01-07 11:08:15+00
CONT_AWD_W91QV123C0037_9700_-NONE-_-NONE-,W91QV123C0037,,,,,,,,,450971.72,,450971.72,450971.72,2023-07-03,2023,2023-07-03,2023,2023-07-01,2023-07-31,2023-07-31 00:00:00,,2023-06-28,097,Department of Defense,2100,Department of the Army,W91QV1,W6QM MICC-FT BELVOIR,097,Department of Defense,2100,Department of the Army,W90JWY,W6WZ USALRCTR FT MEADE,,,,,X,NOT APPLICABLE,,,M1TCVLSF65Z9,,SKOOKUM EDUCATIONAL PROGRAMS,SKOOKUM EDUCATIONAL PROGRAMS,,1CQA5,M1TCVLSF65Z9,,SKOOKUM EDUCATIONAL PROGRAMS,SKOOKUM EDUCATIONAL PROGRAMS INC,USA,UNITED STATES,4525 AUTO CENTER WAY,,BREMERTON,53035,KITSAP,53,WA,WASHINGTON,983124312,WA-06,WA-06,3604750756,3604750756,USA,UNITED STATES,FORT GEORGE G MEADE,24003,ANNE ARUNDEL,24,MD,MARYLAND,207555371,MD-05,MD-05,AWARD,D,DEFINITIVE CONTRACT,,,,,,,J,FIRM FIXED PRICE,MAINTENANCE SERVICES,W91QV123R0102,1,CT,CRITICAL FUNCTIONS,R706,SUPPORT- MANAGEMENT: LOGISTICS SUPPORT,H,NOT BUNDLED,,,561210,FACILITIES SUPPORT SERVICES,C,NO CLAUSES INCLUDED AND NO SUSTAINABILITY INCLUDED,A,U.S. OWNED BUSINESS,000,NONE,Z,NOT IT PRODUCTS OR SERVICES,E,NOT REQUIRED,USA,UNITED STATES,C,NOT A MANUFACTURED END PRODUCT,B,PLAN NOT REQUIRED,B,NOT AVAILABLE FOR COMPETITION,SSS,ONLY ONE SOURCE,NONE,NO SET ASIDE USED.,NONE,NO PREFERENCE USED,,,,,OTH,AUTHORIZED BY STATUTE (FAR 6.302-5(A)(2)(I)),1,A,COMMERCIAL PRODUCTS/SERVICES,f,N,NO,,,X,NOT APPLICABLE,N,NO,0.00,N,NO,X,NOT APPLICABLE,Y,YES,X,NOT APPLICABLE,X,NOT APPLICABLE,,,,,,,,NONE,NONE,N,NO,X,NOT APPLICABLE EXEMPT FROM CAS,N,TRANSACTION DOES NOT USE GFE/GFP,,,D,NOT CONSOLIDATED,Y,YES - SERVICE WHERE PBA IS USED.,N,NO,D,UNUSUAL PROGRESS PAYMENTS OR ADVANCE PAYMENTS,N,NO,X,NOT APPLICABLE,f,f,f,f,f,f,f,f,f,f,f,f,f,f,f,f,f,f,f,OTHER THAN SMALL BUSINESS,O,f,f,f,f,f,f,f,f,f,f,f,f,f,f,f,f,f,CORPORATE TAX EXEMPT,f,t,f,f,f,f,f,f,f,f,f,f,f,f,f,f,f,t,f,f,f,f,f,f,f,f,f,f,f,t,f,t,f,f,f,f,f,f,f,f,f,f,f,f,f,f,f,f,f,f,,,,,,,,,,,https://www.usaspending.gov/award/CONT_AWD_W91QV123C0037_9700_-NONE-_-NONE-/,2024-09-27 11:04:22+00
CONT_AWD_W91QV123C0039_9700_-NONE-_-NONE-,W91QV123C0039,,,,,,,,,49340.78,,49340.78,49340.78,2023-07-07,2023,2023-07-07,2023,2023-07-07,2023-10-14,2023-10-14 00:00:00,,,097,Department of Defense,2100,Department of the Army,W91QV1,W6QM MICC-FT BELVOIR,097,Department of Defense,2100,Department of the Army,W23QEP,W3HV USA GARRISON FT DETRICK,,,,,X,NOT APPLICABLE,,,KZGHL8AVR8Z1,,"EMMATY, INC",EMMATY INC,,8AZR0,HTAZSY3DWLH4,,EMMATY INC,EMMATY INC,USA,UNITED STATES,31 GRANITE ST,,MILFORD,25027,WORCESTER,25,MA,MASSACHUSETTS,017571695,MA-04,MA-04,5083204243,,USA,UNITED STATES,FREDERICK,24021,FREDERICK,24,MD,MARYLAND,217021020,MD-06,MD-06,AWARD,D,DEFINITIVE CONTRACT,,,,,,,J,FIRM FIXED PRICE,SUBSTATION TESTING,W91QV123R0089,1,OT,OTHER FUNCTIONS,J061,MAINT/REPAIR/REBUILD OF EQUIPMENT- ELECTRIC WIRE AND POWER DISTRIBUTION EQUIPMENT,H,NOT BUNDLED,,,237130,POWER AND COMMUNICATION LINE AND RELATED STRUCTURES CONSTRUCTION,C,NO CLAUSES INCLUDED AND NO SUSTAINABILITY INCLUDED,A,U.S. OWNED BUSINESS,000,NONE,Z,NOT IT PRODUCTS OR SERVICES,E,NOT REQUIRED,USA,UNITED STATES,C,NOT A MANUFACTURED END PRODUCT,B,PLAN NOT REQUIRED,B,NOT AVAILABLE FOR COMPETITION,SSS,ONLY ONE SOURCE,8AN,8(A) SOLE SOURCE,NONE,NO PREFERENCE USED,,,,,OTH,AUTHORIZED BY STATUTE (FAR 6.302-5(A)(2)(I)),1,A,COMMERCIAL PRODUCTS/SERVICES,f,N,NO,,,Y,YES,N,NO,0.00,N,NO,X,NOT APPLICABLE,Y,YES,N,NO,X,NOT APPLICABLE,,,,,,,,NONE,NONE,N,NO,X,NOT APPLICABLE EXEMPT FROM CAS,N,TRANSACTION DOES NOT USE GFE/GFP,,,D,NOT CONSOLIDATED,Y,YES - SERVICE WHERE PBA IS USED.,N,NO,Z,NOT APPLICABLE,N,NO,X,NOT APPLICABLE,f,f,f,f,f,f,f,t,t,t,f,f,f,f,f,f,t,f,f,SMALL BUSINESS,S,f,f,f,f,f,f,f,f,f,f,f,f,f,f,f,f,f,CORPORATE NOT TAX EXEMPT,t,f,f,f,f,f,f,f,f,f,f,f,f,f,f,f,f,t,f,f,f,f,f,f,f,f,f,f,t,f,f,f,f,f,f,f,f,f,f,f,f,f,f,f,f,t,f,t,t,f,,,,,,,,,,,https://www.usaspending.gov/award/CONT_AWD_W91QV123C0039_9700_-NONE-_-NONE-/,2023-12-19 19:26:57+00
CONT_AWD_W91QVN18C0011_9700_-NONE-_-NONE-,W91QVN18C0011,,,,Q: Not Designated Nonemergency/Emergency/Disaster/Wildfire Suppression,,,,,77650.90,0.00,77650.90,77650.90,2018-08-29,2018,2023-07-12,2023,2018-08-01,2020-12-31,2020-12-31 00:00:00,,,097,Department of Defense,2100,Department of the Army,W91QVN,0411 AQ HQ     CONTRACT AUG,097,Department of Defense,2100,Department of the Army,W81HME,W43F USAE SP OPERATIONS CMD,097-2018/2018-0100-000,097-0100,25.7: Operation and maintenance of equipment,0004: ADMINISTRATION AND SERVICEWIDE ACTIVITIES,X,NOT APPLICABLE,,,G4J1RJ94JBU1,,EVERFOX LLC,FORCEPOINT FEDERAL LLC,,029J2,PPLZG8J3N9D4,,RTX CORP,FORCEPOINT FEDERAL LLC,USA,UNITED STATES,12950 WORLDGATE DR STE 600,,HERNDON,51059,FAIRFAX,51,VA,VIRGINIA,201706024,VA-11,VA-11,3106479438,3106473536,KOR,"KOREA, SOUTH",,,,,,,,,,AWARD,D,DEFINITIVE CONTRACT,,,,,,,J,FIRM FIXED PRICE,TTC UPGRADE FOR G6,W91QVN18R0151,1,OT,OTHER FUNCTIONS,D319,IT AND TELECOM- ANNUAL SOFTWARE MAINTENANCE SERVICE PLANS,H,NOT BUNDLED,S1,SERVICES,511210,SOFTWARE PUBLISHERS,C,NO CLAUSES INCLUDED AND NO SUSTAINABILITY INCLUDED,A,U.S. OWNED BUSINESS,000,NONE,E,COMMERCIAL SERVICE,E,NOT REQUIRED,KOR,"KOREA, SOUTH",C,NOT A MANUFACTURED END PRODUCT,B,PLAN NOT REQUIRED,G,NOT COMPETED UNDER SAP,SP1,SIMPLIFIED ACQUISITION,NONE,NO SET ASIDE USED.,NONE,NO PREFERENCE USED,,,,,SP2,SAP NON-COMPETITION (FAR 13),1,A,COMMERCIAL PRODUCTS/SERVICES,f,N,NO,N,NO,Y,YES,N,NO,0.00,N,NO,X,NOT APPLICABLE,X,NOT APPLICABLE,X,NOT APPLICABLE,X,NOT APPLICABLE,,,,,,,,NONE,NONE,N,NO,X,NOT APPLICABLE EXEMPT FROM CAS,N,TRANSACTION DOES NOT USE GFE/GFP,U,UNKNOWN,D,NOT CONSOLIDATED,Y,YES - SERVICE WHERE PBA IS USED.,N,NO,Z,NOT APPLICABLE,N,NO,X,NOT APPLICABLE,f,f,f,f,f,f,f,f,f,f,f,f,f,f,f,f,f,f,f,OTHER THAN SMALL BUSINESS,O,f,f,f,f,f,f,f,f,f,f,f,f,f,f,f,f,f,CORPORATE NOT TAX EXEMPT,t,f,f,f,f,f,f,f,f,f,f,f,f,f,f,f,f,t,f,f,f,f,f,f,f,f,f,f,t,f,f,f,f,f,f,f,f,f,f,f,f,f,f,f,f,f,f,f,f,f,MATTHEW  SANTANGELO,1678758.00,SEAN  BERG,1609031.00,MANNY  RIVELO,1395125.00,JOHN  DILULLO,936153.00,SAMIR  SHAH,852850.00,https://www.usaspending.gov/award/CONT_AWD_W91QVN18C0011_9700_-NONE-_-NONE-/,2023-07-12 17:41:41+00
CONT_AWD_W91QVN21C0013_9700_-NONE-_-NONE-,W91QVN21C0013,,,,Q: Not Designated Nonemergency/Emergency/Disaster/Wildfire Suppression,,,,,769572.11,217511.60,769572.11,1333596.09,2021-06-22,2021,2023-07-07,2023,2021-07-09,2024-07-08,2026-07-08 00:00:00,,,097,Department of Defense,2100,Department of the Army,W90VN6,0906 AQ CO     CONTRACTING BAT,097,Department of Defense,5700,Department of the Air Force,F3J4MD,F3J4MD 51 MDG,097-2021/2021-0130-000;097-2022/2022-0130-000,097-0130,25.6: Medical care,0001: OPERATION AND MAINTENANCE,X,NOT APPLICABLE,,,K8QPJXS2XEH8,,ESJ MEDICAL SERVICE,ESJ MEDICAL SERVICE,,714JF,K8QPJXS2XEH8,,ESJ MEDICAL SERVICE,ESJ MEDICAL SERVICE,KOR,"KOREA, SOUTH",12 BYEORYANG-RO,,GWACHEON,,,,,GYEONGGI,13835,,,,,KOR,"KOREA, SOUTH",,,,,,,962782039,,,AWARD,D,DEFINITIVE CONTRACT,,,,,,,J,FIRM FIXED PRICE,MEDICAL CODING SERVICES.,W91QVN21R0051,1,OT,OTHER FUNCTIONS,Q601,MEDICAL CODING AND AUDITING,H,NOT BUNDLED,S1,SERVICES,518210,"COMPUTING INFRASTRUCTURE PROVIDERS, DATA PROCESSING, WEB HOSTING, AND RELATED SERVICES",C,NO CLAUSES INCLUDED AND NO SUSTAINABILITY INCLUDED,D,FOREIGN-OWNED BUSINESS NOT INCORPORATED IN THE U.S.,000,NONE,Z,NOT IT PRODUCTS OR SERVICES,E,NOT REQUIRED,KOR,"KOREA, SOUTH",C,NOT A MANUFACTURED END PRODUCT,B,PLAN NOT REQUIRED,F,COMPETED UNDER SAP,SP1,SIMPLIFIED ACQUISITION,NONE,NO SET ASIDE USED.,NONE,NO PREFERENCE USED,,,,,,,6,A,COMMERCIAL PRODUCTS/SERVICES,f,Y,YES,N,NO,Y,YES,N,NO,0.00,N,NO,X,NOT APPLICABLE,X,NOT APPLICABLE,X,NOT APPLICABLE,X,NOT APPLICABLE,,,,,,,,NONE,NONE,N,NO,X,NOT APPLICABLE EXEMPT FROM CAS,N,TRANSACTION DOES NOT USE GFE/GFP,U,UNKNOWN,D,NOT CONSOLIDATED,Y,YES - SERVICE WHERE PBA IS USED.,N,NO,Z,NOT APPLICABLE,N,NO,X,NOT APPLICABLE,f,f,f,f,f,f,f,f,f,f,f,f,f,f,f,f,f,f,f,OTHER THAN SMALL BUSINESS,O,f,f,f,f,f,f,f,f,f,f,f,f,f,f,f,f,f,CORPORATE NOT TAX EXEMPT,t,f,f,f,f,f,f,f,f,f,f,f,f,f,f,f,f,t,f,f,f,f,f,f,f,f,f,f,t,f,f,f,f,f,f,f,f,f,f,f,f,f,f,f,f,f,f,f,f,f,,,,,,,,,,,https://www.usaspending.gov/award/CONT_AWD_W91QVN21C0013_9700_-NONE-_-NONE-/,2023-07-07 00:22:26+00
CONT_AWD_W91RUS22C0015_9700_-NONE-_-NONE-,W91RUS22C0015,,,,,,,,,365052.96,,365052.96,365052.96,2022-07-01,2022,2023-07-14,2023,2022-07-01,2024-06-30,2024-06-30 00:00:00,,2022-02-28,097,Department of Defense,2100,Department of the Army,W91RUS,W6QK ACC-APG CONT CT SW SECTOR,097,Department of Defense,2100,Department of the Army,W5K9FE,W6T3 SIG USANEC MOORE,,,,,X,NOT APPLICABLE,,,YE1WP3DS5E37,,"BELLSOUTH TELECOMMUNICATIONS, LLC","BELLSOUTH TELECOMMUNICATIONS, LLC",,0N0N7,FYZWKUHGU8W4,,AT&T INC.,BELLSOUTH TELECOMMUNICATIONS  LLC,USA,UNITED STATES,2180 LAKE BLVD,,ATLANTA,13089,DEKALB,13,GA,GEORGIA,303196004,GA-06,GA-05,5712054271,,USA,UNITED STATES,FORT BENNING,13053,CHATTAHOOCHEE,13,GA,GEORGIA,319055000,GA-02,GA-02,AWARD,D,DEFINITIVE CONTRACT,,,,,,,J,FIRM FIXED PRICE,"LOCAL EXCHANGE SERVICES FOR FORT BENNING, GA.",W91RUS22Q0004,1,OT,OTHER FUNCTIONS,DG11,IT AND TELECOM - NETWORK: SATELLITE COMMUNICATIONS AND TELECOM ACCESS SERVICES,H,NOT BUNDLED,S1,SERVICES,517311,WIRED TELECOMMUNICATIONS CARRIERS,C,NO CLAUSES INCLUDED AND NO SUSTAINABILITY INCLUDED,A,U.S. OWNED BUSINESS,000,NONE,E,COMMERCIAL SERVICE,E,NOT REQUIRED,USA,UNITED STATES,C,NOT A MANUFACTURED END PRODUCT,B,PLAN NOT REQUIRED,F,COMPETED UNDER SAP,SP1,SIMPLIFIED ACQUISITION,NONE,NO SET ASIDE USED.,NONE,NO PREFERENCE USED,,,,,,,1,A,COMMERCIAL PRODUCTS/SERVICES,f,Y,YES,N,NO,Y,YES,N,NO,0.00,Y,YES,X,NOT APPLICABLE,X,NOT APPLICABLE,X,NOT APPLICABLE,X,NOT APPLICABLE,,,,,,,,NONE,NONE,N,NO,X,NOT APPLICABLE EXEMPT FROM CAS,N,TRANSACTION DOES NOT USE GFE/GFP,N,NO,D,NOT CONSOLIDATED,Y,YES - SERVICE WHERE PBA IS USED.,N,NO,Z,NOT APPLICABLE,N,NO,X,NOT APPLICABLE,f,f,f,f,f,f,f,f,f,f,f,f,f,f,f,f,f,f,f,OTHER THAN SMALL BUSINESS,O,f,f,f,f,f,f,f,f,f,f,f,f,f,f,f,f,f,CORPORATE NOT TAX EXEMPT,t,f,f,f,f,f,f,f,f,f,f,f,f,f,f,f,f,t,f,f,f,f,f,f,f,f,f,f,t,f,f,f,f,f,f,f,f,f,f,f,f,f,f,f,f,f,f,f,f,f,,,,,,,,,,,https://www.usaspending.gov/award/CONT_AWD_W91RUS22C0015_9700_-NONE-_-NONE-/,2023-07-14 16:16:57+00
CONT_AWD_W91RUS23C0003_9700_-NONE-_-NONE-,W91RUS23C0003,,,,,,,,,248529.55,,257890.38,257890.38,2022-11-21,2023,2023-07-13,2023,2022-11-21,2023-07-31,2023-07-31 00:00:00,,2022-11-14,097,Department of Defense,2100,Department of the Army,W91RUS,W6QK ACC-APG CONT CT SW SECTOR,097,Department of Defense,2100,Department of the Army,W5K9F8,W6SY SIG USANEC BLISS,,,,,X,NOT APPLICABLE,,,XJF3KGSUK9F7,,"GC&E FEDERAL, LLC","GC&E FEDERAL, LLC",,8MN76,XJF3KGSUK9F7,,"GC&E FEDERAL, LLC",GC&E FEDERAL  LLC,USA,UNITED STATES,5835 PEACHTREE CORS E STE A1,,PEACHTREE CORNERS,13135,GWINNETT,13,GA,GEORGIA,300923458,GA-07,GA-04,4044298033,,USA,UNITED STATES,FORT BLISS,48141,EL PASO,48,TX,TEXAS,799167011,TX-16,TX-16,AWARD,D,DEFINITIVE CONTRACT,,,,,,,J,FIRM FIXED PRICE,FORT BLISS CABLE LOCATES,,1,OT,OTHER FUNCTIONS,DG01,IT AND TELECOM - NETWORK SUPPORT SERVICES (LABOR),H,NOT BUNDLED,,,561990,ALL OTHER SUPPORT SERVICES,C,NO CLAUSES INCLUDED AND NO SUSTAINABILITY INCLUDED,A,U.S. OWNED BUSINESS,000,NONE,E,COMMERCIAL SERVICE,E,NOT REQUIRED,USA,UNITED STATES,C,NOT A MANUFACTURED END PRODUCT,B,PLAN NOT REQUIRED,G,NOT COMPETED UNDER SAP,SP1,SIMPLIFIED ACQUISITION,8AN,8(A) SOLE SOURCE,NONE,NO PREFERENCE USED,,,,,OTH,AUTHORIZED BY STATUTE (FAR 6.302-5(A)(2)(I)),1,A,COMMERCIAL PRODUCTS/SERVICES,f,N,NO,,,X,NOT APPLICABLE,N,NO,0.00,Y,YES,X,NOT APPLICABLE,X,NOT APPLICABLE,X,NOT APPLICABLE,X,NOT APPLICABLE,,,,,,,,NONE,NONE,N,NO,X,NOT APPLICABLE EXEMPT FROM CAS,N,TRANSACTION DOES NOT USE GFE/GFP,N,NO,D,NOT CONSOLIDATED,Y,YES - SERVICE WHERE PBA IS USED.,N,NO,Z,NOT APPLICABLE,N,NO,X,NOT APPLICABLE,t,f,f,f,f,f,f,f,f,f,f,f,t,f,f,f,f,t,f,SMALL BUSINESS,S,f,f,f,f,f,f,f,f,f,f,f,f,f,f,f,f,f,CORPORATE NOT TAX EXEMPT,t,f,f,f,f,f,f,f,f,f,f,f,f,f,f,f,f,t,f,f,f,f,f,f,f,f,t,f,t,f,f,f,f,f,f,f,f,f,f,f,f,f,f,f,f,t,f,t,f,f,,,,,,,,,,,https://www.usaspending.gov/award/CONT_AWD_W91RUS23C0003_9700_-NONE-_-NONE-/,2023-07-13 19:22:30+00
CONT_AWD_W91YTZ17C0007_9700_-NONE-_-NONE-,W91YTZ17C0007,,,,Q: Not Designated Nonemergency/Emergency/Disaster/Wildfire Suppression,,,,,5732327.25,481320.28,5732327.25,5732327.25,2017-08-24,2017,2023-07-11,2023,2017-10-01,2023-03-31,2023-03-31 00:00:00,,,097,Department of Defense,2100,Department of the Army,W91YTZ,W40M MRCO EAST,097,Department of Defense,97DH,Defense Health Agency,HT0806,ACH BENNING - MM,097-2018/2018-0130-000;097-2019/2019-0130-000;097-2020/2020-0130-000;097-2021/2021-0130-000;097-2022/2022-0130-000;097-2023/2023-0130-000,097-0130,25.6: Medical care,0001: OPERATION AND MAINTENANCE;0020: UNDISTRIBUTED;0801: REIMBURSABLE,X,NOT APPLICABLE,,,WNRJMTM3AA66,,WJM PROFESSIONAL SERVICES LLC,WJM PROFESSIONAL SERVICES L.L.C.,,5FEA2,WNRJMTM3AA66,,WJM PROFESSIONAL SERVICES LLC,WJM PROFESSIONAL SERVICES L.L.C.,USA,UNITED STATES,501 HUNGERFORD DR UNIT P 87,,ROCKVILLE,24031,MONTGOMERY,24,MD,MARYLAND,208501761,MD-08,MD-08,3017892964,3015602367,USA,UNITED STATES,FORT BENNING,13215,MUSCOGEE,13,GA,GEORGIA,319059598,GA-02,GA-02,AWARD,D,DEFINITIVE CONTRACT,,,,,,,J,FIRM FIXED PRICE,IGF::CT::IGF EM PHYS SVC,W91YTZ17R0002,1,OT,OTHER FUNCTIONS,Q509,MEDICAL- INTERNAL MEDICINE,H,NOT BUNDLED,S1,SERVICES,621111,OFFICES OF PHYSICIANS (EXCEPT MENTAL HEALTH SPECIALISTS),C,NO CLAUSES INCLUDED AND NO SUSTAINABILITY INCLUDED,A,U.S. OWNED BUSINESS,000,NONE,Z,NOT IT PRODUCTS OR SERVICES,E,NOT REQUIRED,USA,UNITED STATES,C,NOT A MANUFACTURED END PRODUCT,B,PLAN NOT REQUIRED,D,FULL AND OPEN COMPETITION AFTER EXCLUSION OF SOURCES,NP,NEGOTIATED PROPOSAL/QUOTE,8A,8A COMPETED,NONE,NO PREFERENCE USED,,,,,,,15,A,COMMERCIAL PRODUCTS/SERVICES,f,N,NO,N,NO,Y,YES,N,NO,0.00,N,NO,X,NOT APPLICABLE,Y,YES,X,NOT APPLICABLE,X,NOT APPLICABLE,,,,,,,,NONE,NONE,N,NO,X,NOT APPLICABLE EXEMPT FROM CAS,N,TRANSACTION DOES NOT USE GFE/GFP,U,UNKNOWN,D,NOT CONSOLIDATED,N,NO - SERVICE WHERE PBA IS NOT USED.,N,NO,Z,NOT APPLICABLE,N,NO,X,NOT APPLICABLE,f,f,f,f,f,t,t,t,t,f,f,f,t,f,f,t,f,f,f,SMALL BUSINESS,S,f,f,f,f,f,f,f,f,f,f,f,f,f,f,f,f,f,OTHER,f,f,f,f,f,f,f,f,f,f,f,f,f,f,f,f,f,t,f,f,f,f,f,f,f,f,t,f,t,f,f,f,f,f,f,f,f,f,f,f,f,f,f,f,t,f,f,t,f,f,,,,,,,,,,,https://www.usaspending.gov/award/CONT_AWD_W91YTZ17C0007_9700_-NONE-_-NONE-/,2023-07-11 14:21:25+00
